{"type":"FeatureCollection","features":[{"type":"Feature","id":120355,"geometry":{"type":"Polygon","coordinates":[[[-87.655844536744013,40.372107190924545],[-87.654738024522231,40.372124048907999],[-87.654100599893127,40.372133757786948],[-87.654520957236571,40.37928479947098],[-87.654526293402768,40.379375332085971],[-87.656859123340283,40.379342255226277],[-87.656854787309328,40.379251728561975],[-87.656549525864222,40.372904507666625],[-87.655844536744013,40.372107190924545]]]},"properties":{"OBJECTID":120355}},{"type":"Feature","id":120361,"geometry":{"type":"Polygon","coordinates":[[[-87.675396694128366,40.371794187302271],[-87.677020782416903,40.371866192084511],[-87.677100493504128,40.371869746912964],[-87.677222179099346,40.371875131150041],[-87.677859409518021,40.371903394323013],[-87.680241990247907,40.372008967792176],[-87.680109150778094,40.368665076903888],[-87.680104185298774,40.368539987737279],[-87.68010135651015,40.368468712820281],[-87.675210398167692,40.368274090274141],[-87.675396694128366,40.371794187302271]]]},"properties":{"OBJECTID":120361}},{"type":"Feature","id":120967,"geometry":{"type":"Polygon","coordinates":[[[-87.669945459647877,40.384260932526175],[-87.669964575240613,40.38467239950922],[-87.670323217287674,40.384661171095956],[-87.670304099522767,40.384249703253552],[-87.669945459647877,40.384260932526175]]]},"properties":{"OBJECTID":120967}},{"type":"Feature","id":120968,"geometry":{"type":"Polygon","coordinates":[[[-87.669847773943218,40.38250983302617],[-87.669848505329682,40.382771732868747],[-87.670468217090772,40.382605264953362],[-87.670355843086497,40.382373358084969],[-87.669847773943218,40.38250983302617]]]},"properties":{"OBJECTID":120968}},{"type":"Feature","id":120969,"geometry":{"type":"Polygon","coordinates":[[[-87.669480753728664,40.382454228101551],[-87.66951010529344,40.3830878209288],[-87.669725292480976,40.383081095845448],[-87.669693633410574,40.38239706493777],[-87.669480753728664,40.382454228101551]]]},"properties":{"OBJECTID":120969}},{"type":"Feature","id":120970,"geometry":{"type":"Polygon","coordinates":[[[-87.669267907576369,40.382511418081762],[-87.669294917794431,40.383094573527529],[-87.66951010529344,40.3830878209288],[-87.669480753728664,40.382454228101551],[-87.669267907576369,40.382511418081762]]]},"properties":{"OBJECTID":120970}},{"type":"Feature","id":120971,"geometry":{"type":"Polygon","coordinates":[[[-87.666609771308046,40.382358134493806],[-87.666617689065149,40.382508960375731],[-87.666993417799205,40.382496495318108],[-87.666985393763099,40.382345613912371],[-87.666981397834803,40.382270214726923],[-87.666605812578609,40.382282707593191],[-87.666609771308046,40.382358134493806]]]},"properties":{"OBJECTID":120971}},{"type":"Feature","id":120972,"geometry":{"type":"Polygon","coordinates":[[[-87.666583595244987,40.381860324215104],[-87.666591547961715,40.382011177330163],[-87.66725581980856,40.381989092327146],[-87.667247756998947,40.381838266537549],[-87.666915657788451,40.38184930880599],[-87.666583595244987,40.381860324215104]]]},"properties":{"OBJECTID":120972}},{"type":"Feature","id":120973,"geometry":{"type":"Polygon","coordinates":[[[-87.666567760576442,40.381558616578793],[-87.666575677628984,40.381709497414697],[-87.666907667857586,40.381698455492995],[-87.666899679135383,40.381547602182629],[-87.666567760576442,40.381558616578793]]]},"properties":{"OBJECTID":120973}},{"type":"Feature","id":120974,"geometry":{"type":"Polygon","coordinates":[[[-87.668129157038692,40.381177304067542],[-87.668186407464091,40.381316227093215],[-87.668905049089986,40.381111741517373],[-87.668839519143887,40.380975160484915],[-87.66877395530986,40.380838579217986],[-87.668524150213599,40.380909664735029],[-87.66807190827943,40.381038354903723],[-87.668129157038692,40.381177304067542]]]},"properties":{"OBJECTID":120974}},{"type":"Feature","id":120975,"geometry":{"type":"Polygon","coordinates":[[[-87.667257172374946,40.380900617878545],[-87.667265269092312,40.381051581674505],[-87.667821487477667,40.381033400858222],[-87.667760067593235,40.380884352820289],[-87.667257172374946,40.380900617878545]]]},"properties":{"OBJECTID":120975}},{"type":"Feature","id":121001,"geometry":{"type":"Polygon","coordinates":[[[-87.672438435284121,40.386149101885898],[-87.674063834013921,40.386171109646227],[-87.67405920292434,40.386583386988612],[-87.675093521239489,40.386599155865063],[-87.676038915280714,40.386613619362976],[-87.676156825100932,40.386615418837373],[-87.67767587728585,40.386638586971259],[-87.677471616780949,40.386217231329113],[-87.677313284438284,40.385890616755539],[-87.677154953598219,40.385564002859368],[-87.676101289489679,40.385549757229938],[-87.676118208806201,40.385874454933273],[-87.67473313917894,40.385855693064244],[-87.672280162559659,40.385822508728729],[-87.672438435284121,40.386149101885898]]]},"properties":{"OBJECTID":121001}},{"type":"Feature","id":121002,"geometry":{"type":"Polygon","coordinates":[[[-87.668644463103718,40.380409759162156],[-87.668709992122075,40.380546340310957],[-87.669378267622363,40.380356138944343],[-87.66931216207702,40.380219746678918],[-87.669246057060334,40.380083327358911],[-87.669146284800647,40.379877431718228],[-87.668480065015245,40.380067013186292],[-87.668578972028499,40.380273178191743],[-87.668644463103718,40.380409759162156]]]},"properties":{"OBJECTID":121002}},{"type":"Feature","id":121003,"geometry":{"type":"Polygon","coordinates":[[[-87.6688208366092,40.379504773425069],[-87.668966934906024,40.379507314947674],[-87.668886441871479,40.379341194685502],[-87.668822454735704,40.379340085840383],[-87.6688208366092,40.379504773425069]]]},"properties":{"OBJECTID":121003}},{"type":"Feature","id":121004,"geometry":{"type":"Polygon","coordinates":[[[-87.668268706046206,40.379605056354777],[-87.668357599242086,40.379606584303623],[-87.668360226446538,40.379332076694581],[-87.668271333876973,40.379330521734886],[-87.668268706046206,40.379605056354777]]]},"properties":{"OBJECTID":121004}},{"type":"Feature","id":121005,"geometry":{"type":"Polygon","coordinates":[[[-87.671112197762355,40.379201369657864],[-87.671327770214489,40.379205376802496],[-87.671317762853263,40.378933376894992],[-87.671102156207397,40.378929342520379],[-87.671112197762355,40.379201369657864]]]},"properties":{"OBJECTID":121005}},{"type":"Feature","id":121006,"geometry":{"type":"Polygon","coordinates":[[[-87.669821439797644,40.379790147878182],[-87.669821329348181,40.379949405557092],[-87.670180273492448,40.379956096164953],[-87.670180336457591,40.379845430455305],[-87.670180346522329,40.379796845474026],[-87.670094217782989,40.379795225811634],[-87.670094272304667,40.379679911290431],[-87.669969025613057,40.379677599776201],[-87.669821494519297,40.379674860376419],[-87.669821439797644,40.379790147878182]]]},"properties":{"OBJECTID":121006}},{"type":"Feature","id":121007,"geometry":{"type":"Polygon","coordinates":[[[-87.666728338370078,40.384320305311391],[-87.666752126646799,40.384772837907818],[-87.667207504750309,40.384758608677693],[-87.666817315797616,40.38431749688386],[-87.666728338370078,40.384320305311391]]]},"properties":{"OBJECTID":121007}},{"type":"Feature","id":121008,"geometry":{"type":"Polygon","coordinates":[[[-87.668304681400144,40.3837724313154],[-87.668311551287488,40.383920752838421],[-87.668318540746114,40.384071408429051],[-87.66832568098738,40.384225056585208],[-87.668326750408241,40.384247681520428],[-87.668546656033286,40.384239723171952],[-87.668545683176063,40.384218169574751],[-87.668538540549463,40.384064713239134],[-87.668531550609856,40.383914056757234],[-87.668524646797565,40.383765543228989],[-87.668304681400144,40.3837724313154]]]},"properties":{"OBJECTID":121008}},{"type":"Feature","id":121009,"geometry":{"type":"Polygon","coordinates":[[[-87.670692467583208,40.372214504060281],[-87.670703244615467,40.37242071005231],[-87.671628147892449,40.3724115759914],[-87.671617893111303,40.372205860278179],[-87.670692467583208,40.372214504060281]]]},"properties":{"OBJECTID":121009}},{"type":"Feature","id":121010,"geometry":{"type":"Polygon","coordinates":[[[-87.670460028488463,40.379189206492875],[-87.670474418427503,40.379189481700124],[-87.670447112641341,40.378448845607835],[-87.67043278651208,40.378449284918226],[-87.670217613044031,40.378456121305163],[-87.670244456152474,40.379185198631916],[-87.670460028488463,40.379189206492875]]]},"properties":{"OBJECTID":121010}},{"type":"Feature","id":121011,"geometry":{"type":"Polygon","coordinates":[[[-87.672198269606156,40.375719322601412],[-87.671773450173305,40.375726842665699],[-87.671798831042963,40.37615196158734],[-87.672523629961574,40.376139133295297],[-87.672498244608377,40.375714007291542],[-87.672198269606156,40.375719322601412]]]},"properties":{"OBJECTID":121011}},{"type":"Feature","id":121012,"geometry":{"type":"Polygon","coordinates":[[[-87.670932273986224,40.378013119182611],[-87.67095019170921,40.378375199332062],[-87.671059949857323,40.378371710539682],[-87.67118687038446,40.378367715628542],[-87.67116895165978,40.378005608489559],[-87.670932273986224,40.378013119182611]]]},"properties":{"OBJECTID":121012}},{"type":"Feature","id":121013,"geometry":{"type":"Polygon","coordinates":[[[-87.668364034296957,40.378838912096761],[-87.668645389007764,40.378843796001192],[-87.668622769602678,40.378797083817112],[-87.668099788144318,40.378788011156303],[-87.667867059647378,40.378784009142251],[-87.66788802817085,40.378830657038314],[-87.6681211860963,40.378834715515126],[-87.668209432998566,40.378836238957504],[-87.668283539424323,40.378837515306472],[-87.668364034296957,40.378838912096761]]]},"properties":{"OBJECTID":121013}},{"type":"Feature","id":121014,"geometry":{"type":"Polygon","coordinates":[[[-87.667799835060165,40.379141152674343],[-87.667968073600079,40.379144069633078],[-87.667731902478721,40.378618286736895],[-87.667637582370276,40.378621257855301],[-87.667799835060165,40.379141152674343]]]},"properties":{"OBJECTID":121014}},{"type":"Feature","id":121015,"geometry":{"type":"Polygon","coordinates":[[[-87.669159717656726,40.378447470106657],[-87.669296002041079,40.378444132634634],[-87.669286928908363,40.378260367104936],[-87.669277312253868,40.378065638465436],[-87.669141063729313,40.378069958649249],[-87.668543716823578,40.378088888373256],[-87.668556824751974,40.378115937709516],[-87.668545529387387,40.378116296946864],[-87.66862550454033,40.378281323003968],[-87.668645556767402,40.378322750278471],[-87.669152952086051,40.378310320707911],[-87.669159717656726,40.378447470106657]]]},"properties":{"OBJECTID":121015}},{"type":"Feature","id":121016,"geometry":{"type":"Polygon","coordinates":[[[-87.666454084678762,40.372559506910619],[-87.666474389857413,40.37294633337752],[-87.666965660694387,40.372930911467101],[-87.666909684696336,40.372550741904071],[-87.666454084678762,40.372559506910619]]]},"properties":{"OBJECTID":121016}},{"type":"Feature","id":121017,"geometry":{"type":"Polygon","coordinates":[[[-87.666095262737556,40.372566413201227],[-87.666115809745222,40.372957523352724],[-87.666474389857413,40.37294633337752],[-87.666454084678762,40.372559506910619],[-87.666095262737556,40.372566413201227]]]},"properties":{"OBJECTID":121017}},{"type":"Feature","id":121018,"geometry":{"type":"Polygon","coordinates":[[[-87.666065286841487,40.371995865872677],[-87.666085742115555,40.372385382421292],[-87.666895862035489,40.372369799866654],[-87.666889680465019,40.372320535236902],[-87.666904066109993,40.372320259709113],[-87.666861431026419,40.371980555933121],[-87.666065286841487,40.371995865872677]]]},"properties":{"OBJECTID":121018}},{"type":"Feature","id":121019,"geometry":{"type":"Polygon","coordinates":[[[-87.675640318449666,40.376718149346658],[-87.675011910718041,40.376727145723699],[-87.674827054258202,40.376729792799452],[-87.673760961125183,40.376745044612868],[-87.673369427247508,40.376933239005716],[-87.673282414159146,40.376975063070752],[-87.672746107180686,40.376985107713388],[-87.672744491268134,40.376985138108026],[-87.671830529601891,40.377002246978762],[-87.671833302156983,40.377058056097276],[-87.671879057146185,40.377983100934607],[-87.671896944872756,40.37834515376165],[-87.67193032056062,40.378345700382518],[-87.672109863291908,40.378348621029176],[-87.672423985303155,40.378353711007804],[-87.674827028742371,40.378392701591892],[-87.675012605835079,40.379158638921169],[-87.675768986874886,40.379172682967379],[-87.675747394967672,40.378758284541341],[-87.675734800403688,40.378516560145144],[-87.675641099276262,40.376718138477656],[-87.675640318449666,40.376718149346658]]]},"properties":{"OBJECTID":121019}},{"type":"Feature","id":121020,"geometry":{"type":"Polygon","coordinates":[[[-87.664065355197053,40.384403494903317],[-87.664089126575817,40.384856054920732],[-87.664325827967659,40.384848640388242],[-87.664302054462397,40.384396135338015],[-87.664065355197053,40.384403494903317]]]},"properties":{"OBJECTID":121020}},{"type":"Feature","id":121021,"geometry":{"type":"Polygon","coordinates":[[[-87.665755330704229,40.38385211305706],[-87.66577911352212,40.384304645843471],[-87.666015813747052,40.384297255756906],[-87.665992066118974,40.383844696200995],[-87.665755330704229,40.38385211305706]]]},"properties":{"OBJECTID":121021}},{"type":"Feature","id":121022,"geometry":{"type":"Polygon","coordinates":[[[-87.665222759993213,40.383868746336873],[-87.665246503921026,40.384321278998875],[-87.665483239576147,40.384313890207522],[-87.665459458736819,40.38386135737683],[-87.665222759993213,40.383868746336873]]]},"properties":{"OBJECTID":121022}},{"type":"Feature","id":121042,"geometry":{"type":"Polygon","coordinates":[[[-87.663164286550398,40.372051639386022],[-87.663184726561724,40.372441130201544],[-87.663421536160669,40.372436600772872],[-87.663401095053871,40.372047082972294],[-87.663164286550398,40.372051639386022]]]},"properties":{"OBJECTID":121042}},{"type":"Feature","id":121043,"geometry":{"type":"Polygon","coordinates":[[[-87.661496399846541,40.376701605985602],[-87.661511993232779,40.376999990895868],[-87.661632340813682,40.376996242956288],[-87.661704972999999,40.376993974798914],[-87.66168930838198,40.376695562481522],[-87.661496399846541,40.376701605985602]]]},"properties":{"OBJECTID":121043}},{"type":"Feature","id":121044,"geometry":{"type":"Polygon","coordinates":[[[-87.660638281508056,40.376145543809884],[-87.660968024659567,40.376518411384865],[-87.661205487473268,40.376510980574473],[-87.66119362869118,40.376284728050301],[-87.661181738472422,40.37605844651528],[-87.660685585194642,40.376073980195734],[-87.660745864933418,40.376142193539359],[-87.660638281508056,40.376145543809884]]]},"properties":{"OBJECTID":121044}},{"type":"Feature","id":121045,"geometry":{"type":"Polygon","coordinates":[[[-87.661458067544842,40.374916558496672],[-87.661359048891001,40.374919689931254],[-87.66128017241266,40.374922168346444],[-87.661295292117728,40.375210147190899],[-87.661374171286525,40.375207668781925],[-87.661610839117444,40.375200259524782],[-87.661595753393755,40.374912280915495],[-87.661458067544842,40.374916558496672]]]},"properties":{"OBJECTID":121045}},{"type":"Feature","id":121046,"geometry":{"type":"Polygon","coordinates":[[[-87.659609931421599,40.374339824374317],[-87.659373266439985,40.374347229560065],[-87.659349274135295,40.374347980400962],[-87.659386811771213,40.374800083771817],[-87.659397002893627,40.374799764021333],[-87.659633670634804,40.374792358807248],[-87.659870337144426,40.374784954002031],[-87.659846596358065,40.374332418703808],[-87.659609931421599,40.374339824374317]]]},"properties":{"OBJECTID":121046}},{"type":"Feature","id":121047,"geometry":{"type":"Polygon","coordinates":[[[-87.661068600555865,40.374928788925622],[-87.661092349416023,40.375381350109308],[-87.661146131518876,40.375379631940596],[-87.661303922955696,40.375374702482937],[-87.661295292117728,40.375210147190899],[-87.66128017241266,40.374922168346444],[-87.661122345529463,40.374927097568417],[-87.661068600555865,40.374928788925622]]]},"properties":{"OBJECTID":121047}},{"type":"Feature","id":121048,"geometry":{"type":"Polygon","coordinates":[[[-87.660675178820938,40.375439697751411],[-87.660698888946797,40.375892231728301],[-87.660935558951451,40.375884851790211],[-87.660911812187933,40.375432290627472],[-87.660675178820938,40.375439697751411]]]},"properties":{"OBJECTID":121048}},{"type":"Feature","id":121049,"geometry":{"type":"Polygon","coordinates":[[[-87.659192176267524,40.374352899532873],[-87.659136600235797,40.374354634254153],[-87.659018231204627,40.37435833620998],[-87.658860577377965,40.374363267859863],[-87.659028457200563,40.374553314267807],[-87.659154477159674,40.374695970455029],[-87.659250221179832,40.374804355200929],[-87.659386811771213,40.374800083771817],[-87.659349274135295,40.374347980400962],[-87.659192176267524,40.374352899532873]]]},"properties":{"OBJECTID":121049}},{"type":"Feature","id":121050,"geometry":{"type":"Polygon","coordinates":[[[-87.660119543407689,40.377628694992048],[-87.660223603729278,40.377743298934085],[-87.660327666135203,40.377857846957568],[-87.660431726250536,40.377972423691013],[-87.660535788181221,40.378086971521498],[-87.660639886679334,40.378201548288018],[-87.660743949312348,40.378316095932377],[-87.660848012009936,40.378430672300389],[-87.660952111839407,40.378545220871388],[-87.661003278486334,40.378601568249088],[-87.66111024805538,40.378719373623042],[-87.661405015046824,40.378562757818244],[-87.661298002527488,40.378444981282009],[-87.661519122867674,40.378327492151939],[-87.660651273866321,40.377346224584677],[-87.660414307601229,40.377472108678987],[-87.660260967305774,40.377303307954406],[-87.66025482526679,40.377296547622834],[-87.660494661953464,40.377169140570885],[-87.65867000064074,40.37516045644341],[-87.658584631016311,40.375206008309867],[-87.658527708710196,40.375236271364884],[-87.65843040003756,40.375287945794511],[-87.658312511383841,40.375350602290197],[-87.658135638303065,40.375444552350231],[-87.658239692477537,40.375559103134393],[-87.65832484067046,40.375652862694892],[-87.658343746733479,40.375673680841174],[-87.658362691242331,40.375694541535694],[-87.658447801340586,40.375788258454904],[-87.658551856568309,40.375902808959957],[-87.658655911877645,40.376017386387602],[-87.658759967807555,40.376131936706585],[-87.658864060321051,40.376246514161053],[-87.658968116953204,40.376361064293931],[-87.659127557239898,40.376536627795808],[-87.659231686318648,40.376651205127366],[-87.659335707419714,40.37676578173442],[-87.65943976564327,40.37688033144557],[-87.659543825117296,40.376994908986653],[-87.659647882874509,40.377109457604327],[-87.659751941882305,40.37722403405197],[-87.659856002687775,40.377338583397758],[-87.659959028045776,40.377452021615376],[-87.6599600623979,40.377453159659261],[-87.659962680885329,40.37745604143204],[-87.660119543407689,40.377628694992048]]]},"properties":{"OBJECTID":121050}},{"type":"Feature","id":121051,"geometry":{"type":"Polygon","coordinates":[[[-87.660389985923587,40.378484526038299],[-87.660440861862682,40.379200787801999],[-87.66103297005715,40.379192373799832],[-87.660389985923587,40.378484526038299]]]},"properties":{"OBJECTID":121051}},{"type":"Feature","id":121052,"geometry":{"type":"Polygon","coordinates":[[[-87.660994110203845,40.377197525348812],[-87.661760512079994,40.378064377795013],[-87.661813041682663,40.378123791082501],[-87.662001018532393,40.378117913855441],[-87.662094081170409,40.378114994969678],[-87.661995016195462,40.378002974835489],[-87.661742581463628,40.377717570865862],[-87.661601955554701,40.377558562944927],[-87.661574766880435,40.37752782603463],[-87.66127487981457,40.377188728747591],[-87.660994110203845,40.377197525348812]]]},"properties":{"OBJECTID":121052}},{"type":"Feature","id":121053,"geometry":{"type":"Polygon","coordinates":[[[-87.661977470366864,40.378321377002479],[-87.662008631010309,40.378391080371635],[-87.662016153993974,40.378406328425733],[-87.662060073262211,40.378486416510746],[-87.662103151509413,40.378553841236325],[-87.662150848841335,40.378619436672679],[-87.662203032835052,40.378683020129863],[-87.662259555722201,40.378744412430756],[-87.66230409200746,40.378788354983612],[-87.662313479821691,40.378797134212903],[-87.662347666391014,40.378828129487601],[-87.662431570855389,40.378901879743736],[-87.66244379487442,40.378837121984766],[-87.662398015402559,40.378785415634233],[-87.662359010742378,40.378741300782963],[-87.662265258389525,40.37863526540503],[-87.662013202105882,40.378350179446024],[-87.661969029833926,40.378300220359677],[-87.661977470366864,40.378321377002479]]]},"properties":{"OBJECTID":121053}},{"type":"Feature","id":121054,"geometry":{"type":"Polygon","coordinates":[[[-87.656933011532089,40.38072556689319],[-87.656956292501462,40.381200744471208],[-87.657283706134791,40.381191514462579],[-87.657258949471057,40.380716355334279],[-87.656933011532089,40.38072556689319]]]},"properties":{"OBJECTID":121054}},{"type":"Feature","id":121055,"geometry":{"type":"Polygon","coordinates":[[[-87.659501026374514,40.38065310544301],[-87.659527124998604,40.381128244033548],[-87.659877192631427,40.381118369587469],[-87.659851558409287,40.380643178839279],[-87.659702161217595,40.380647441927536],[-87.659501026374514,40.38065310544301]]]},"properties":{"OBJECTID":121055}},{"type":"Feature","id":121056,"geometry":{"type":"MultiPolygon","coordinates":[[[[-87.665818971561848,40.370999474216561],[-87.665846450549907,40.370998572846453],[-87.66582150988603,40.370525263314093],[-87.665833911186212,40.370524864793609],[-87.665813375373787,40.370250266369105],[-87.665792788525422,40.369974531108326],[-87.665754051927607,40.369456894797999],[-87.6657106800794,40.368877359464818],[-87.665669018054345,40.368320181702529],[-87.661029276818539,40.368390952523441],[-87.661157412635049,40.370888867854589],[-87.661623608122937,40.370881803565815],[-87.661860438375342,40.370878211336759],[-87.662294221426407,40.370871670300048],[-87.662721291029925,40.370865199476683],[-87.663148362937136,40.370858726188608],[-87.663575432420572,40.370852252209566],[-87.663812299929873,40.370848683215385],[-87.66432189070143,40.370840954192751],[-87.664788443620779,40.370833880111135],[-87.665398432114927,40.370824613044142],[-87.665805473120585,40.370818453728297],[-87.665818971561848,40.370999474216561]]],[[[-87.661213363639945,40.371979736546592],[-87.661215711370687,40.372025261620379],[-87.66144407518442,40.37202175793503],[-87.661442106559221,40.371977881318152],[-87.661213363639945,40.371979736546592]]]]},"properties":{"OBJECTID":121056}},{"type":"Feature","id":121057,"geometry":{"type":"Polygon","coordinates":[[[-87.664823031429677,40.371492211012324],[-87.664848101831851,40.371969703684918],[-87.665450884870239,40.371960449650018],[-87.665310314321758,40.371552532994507],[-87.665276784216459,40.371558072362753],[-87.665242523746031,40.371559472063268],[-87.665208408143258,40.371556694824974],[-87.66517531038734,40.371549812334251],[-87.665144072998814,40.371538999668573],[-87.665115496273742,40.371524534327747],[-87.665088921118468,40.371510917179478],[-87.665059983348243,40.37150046269916],[-87.665029327101749,40.371493402452778],[-87.664997632576629,40.371489893467661],[-87.664965605460353,40.371490015469682],[-87.664823031429677,40.371492211012324]]]},"properties":{"OBJECTID":121057}},{"type":"Feature","id":121058,"geometry":{"type":"Polygon","coordinates":[[[-87.66432189070143,40.370840954192751],[-87.66434695810598,40.371318255178984],[-87.664813515493975,40.371311181030038],[-87.664788443620779,40.370833880111135],[-87.66432189070143,40.370840954192751]]]},"properties":{"OBJECTID":121058}},{"type":"Feature","id":121059,"geometry":{"type":"Polygon","coordinates":[[[-87.661874278381958,40.371150810970626],[-87.661874347559518,40.371219528814187],[-87.661867675260908,40.371288059820507],[-87.661854297089931,40.371356017848576],[-87.662319274527022,40.371348971608157],[-87.662294221426407,40.370871670300048],[-87.661860438375342,40.370878211336759],[-87.661874278381958,40.371150810970626]]]},"properties":{"OBJECTID":121059}},{"type":"Feature","id":121060,"geometry":{"type":"Polygon","coordinates":[[[-87.661185103408158,40.371428631457484],[-87.661195073424494,40.371623067602066],[-87.661531082065139,40.371613907820205],[-87.661592658345725,40.371418071749325],[-87.661185103408158,40.371428631457484]]]},"properties":{"OBJECTID":121060}},{"type":"Feature","id":121061,"geometry":{"type":"Polygon","coordinates":[[[-87.661195073424494,40.371623067602066],[-87.661213363639945,40.371979736546592],[-87.661442106559221,40.371977881318152],[-87.661444989743003,40.371922324521137],[-87.661453834363655,40.371867133769875],[-87.661468582561525,40.371812679763487],[-87.661531082065139,40.371613907820205],[-87.661195073424494,40.371623067602066]]]},"properties":{"OBJECTID":121061}},{"type":"Feature","id":121063,"geometry":{"type":"Polygon","coordinates":[[[-87.665792788525422,40.369974531108326],[-87.665813375373787,40.370250266369105],[-87.666579645689069,40.370223531397727],[-87.666545345672617,40.369950299147945],[-87.665792788525422,40.369974531108326]]]},"properties":{"OBJECTID":121063}},{"type":"Feature","id":121064,"geometry":{"type":"Polygon","coordinates":[[[-87.665903054716352,40.371449330073354],[-87.665907663709305,40.371510993803085],[-87.666737818025666,40.371483736728216],[-87.666730084644939,40.371422173896065],[-87.665903054716352,40.371449330073354]]]},"properties":{"OBJECTID":121064}},{"type":"Feature","id":121090,"geometry":{"type":"Polygon","coordinates":[[[-87.663565798947403,40.383920482999251],[-87.663589566846923,40.38437304402931],[-87.663826267765543,40.384365630512491],[-87.664062967185004,40.384358244420049],[-87.664039195843259,40.383905711376904],[-87.66380249800666,40.383913097433947],[-87.663565798947403,40.383920482999251]]]},"properties":{"OBJECTID":121090}},{"type":"Feature","id":121091,"geometry":{"type":"Polygon","coordinates":[[[-87.663033191969205,40.383937105981175],[-87.66305695513816,40.384389666183459],[-87.663293690933855,40.384382309794844],[-87.663269889952275,40.38392972150023],[-87.663033191969205,40.383937105981175]]]},"properties":{"OBJECTID":121091}},{"type":"Feature","id":121092,"geometry":{"type":"Polygon","coordinates":[[[-87.661607807012444,40.379365407520247],[-87.661636325718106,40.3799091006561],[-87.661872979014646,40.379901252241858],[-87.661844700130786,40.379362034600099],[-87.661607807012444,40.379365407520247]]]},"properties":{"OBJECTID":121092}},{"type":"Feature","id":121093,"geometry":{"type":"Polygon","coordinates":[[[-87.66173130693042,40.381719316997419],[-87.661755062521905,40.382171823539274],[-87.661991723730068,40.382163974948746],[-87.661968038933836,40.381711413927405],[-87.66173130693042,40.381719316997419]]]},"properties":{"OBJECTID":121093}},{"type":"Feature","id":121094,"geometry":{"type":"Polygon","coordinates":[[[-87.661494647524648,40.381727138052241],[-87.661518400087871,40.382179671638134],[-87.661755062521905,40.382171823539274],[-87.66173130693042,40.381719316997419],[-87.661494647524648,40.381727138052241]]]},"properties":{"OBJECTID":121094}},{"type":"Feature","id":121095,"geometry":{"type":"Polygon","coordinates":[[[-87.660988034240134,40.381109296821741],[-87.661011784429292,40.381561830537642],[-87.661248480071777,40.381553983663132],[-87.661485139438582,40.381546108175442],[-87.66146138608454,40.381093574530048],[-87.661224728568556,40.381101422966879],[-87.660988034240134,40.381109296821741]]]},"properties":{"OBJECTID":121095}},{"type":"Feature","id":121096,"geometry":{"type":"Polygon","coordinates":[[[-87.661298121408009,40.382500457259269],[-87.661310013769778,40.382726764665435],[-87.661546856738724,40.3827225140341],[-87.661783736189975,40.382718263129426],[-87.662020614449474,40.382714010831869],[-87.662008718264445,40.382487730487988],[-87.661771876134011,40.382491982072324],[-87.661534998643859,40.382496233866625],[-87.661298121408009,40.382500457259269]]]},"properties":{"OBJECTID":121096}},{"type":"Feature","id":121097,"geometry":{"type":"Polygon","coordinates":[[[-87.660584017491004,40.379379961235095],[-87.660613556056731,40.379943066987977],[-87.660867156551333,40.379934632982426],[-87.660837855163592,40.379376359343105],[-87.660584017491004,40.379379961235095]]]},"properties":{"OBJECTID":121097}},{"type":"Feature","id":121098,"geometry":{"type":"Polygon","coordinates":[[[-87.659905907069785,40.38001188200807],[-87.659929649730643,40.380464415970152],[-87.660166341634294,40.380456570378662],[-87.660142597659899,40.380004009436171],[-87.659905907069785,40.38001188200807]]]},"properties":{"OBJECTID":121098}},{"type":"Feature","id":121099,"geometry":{"type":"Polygon","coordinates":[[[-87.657283706134791,40.381191514462579],[-87.65730849635132,40.381666645826158],[-87.657635659936176,40.381657440382064],[-87.657610329265736,40.381182306825217],[-87.657283706134791,40.381191514462579]]]},"properties":{"OBJECTID":121099}},{"type":"Feature","id":121100,"geometry":{"type":"Polygon","coordinates":[[[-87.657610329265736,40.381182306825217],[-87.657635659936176,40.381657440382064],[-87.657962861387929,40.381648208116601],[-87.657936952329493,40.381173097363984],[-87.657610329265736,40.381182306825217]]]},"properties":{"OBJECTID":121100}},{"type":"Feature","id":121101,"geometry":{"type":"Polygon","coordinates":[[[-87.667842915931061,40.380482639904855],[-87.667900162860519,40.380621561264853],[-87.668577368736663,40.380428862798915],[-87.668511841275375,40.380292281582044],[-87.667842915931061,40.380482639904855]]]},"properties":{"OBJECTID":121101}},{"type":"Feature","id":121102,"geometry":{"type":"Polygon","coordinates":[[[-87.667734906396291,40.380220506191328],[-87.667788892950284,40.380351558547943],[-87.668450006410751,40.380163434967336],[-87.668388171787754,40.380034587418116],[-87.667734906396291,40.380220506191328]]]},"properties":{"OBJECTID":121102}},{"type":"Feature","id":121103,"geometry":{"type":"Polygon","coordinates":[[[-87.667192586537453,40.37991425857021],[-87.667208848038371,40.380223818067108],[-87.667484662149349,40.380215991017891],[-87.667300093133633,40.379768022201993],[-87.667185089701917,40.37977164200867],[-87.667192586537453,40.37991425857021]]]},"properties":{"OBJECTID":121103}},{"type":"Feature","id":121104,"geometry":{"type":"Polygon","coordinates":[[[-87.666973818192034,40.379921150151951],[-87.666990049851719,40.380230051185976],[-87.667208848038371,40.380223818067108],[-87.667192586537453,40.37991425857021],[-87.666973818192034,40.379921150151951]]]},"properties":{"OBJECTID":121104}},{"type":"Feature","id":121105,"geometry":{"type":"Polygon","coordinates":[[[-87.666955901223616,40.379921705226216],[-87.666972134511454,40.380230552237499],[-87.666990049851719,40.380230051185976],[-87.666973818192034,40.379921150151951],[-87.667192586537453,40.37991425857021],[-87.667185089701917,40.37977164200867],[-87.666948404877942,40.379779089554013],[-87.666955901223616,40.379921705226216]]]},"properties":{"OBJECTID":121105}},{"type":"Feature","id":121106,"geometry":{"type":"Polygon","coordinates":[[[-87.666475000944658,40.379793982993171],[-87.666498668761022,40.380243990082697],[-87.666735383537542,40.380237257789574],[-87.66671172118599,40.379786536621282],[-87.666475000944658,40.379793982993171]]]},"properties":{"OBJECTID":121106}},{"type":"Feature","id":121107,"geometry":{"type":"Polygon","coordinates":[[[-87.666524088241459,40.380727413097738],[-87.666532001874884,40.380878623547723],[-87.666856517244312,40.380868169061863],[-87.666848420107186,40.38071734211934],[-87.666524088241459,40.380727413097738]]]},"properties":{"OBJECTID":121107}},{"type":"Feature","id":121108,"geometry":{"type":"Polygon","coordinates":[[[-87.669725292480976,40.383081095845448],[-87.66951010529344,40.3830878209288],[-87.669294917794431,40.383094573527529],[-87.669236929326289,40.383096378482627],[-87.66925852578288,40.383561278282677],[-87.669898353772382,40.38354126397634],[-87.669879474125821,40.383167869980021],[-87.669874843205065,40.383076437055827],[-87.669725292480976,40.383081095845448]]]},"properties":{"OBJECTID":121108}},{"type":"Feature","id":121109,"geometry":{"type":"Polygon","coordinates":[[[-87.666653594969475,40.383192331191282],[-87.666677233051047,40.383641980289042],[-87.667004989959153,40.383631736831006],[-87.667007970397847,40.383631644134923],[-87.667338742984754,40.383621307237469],[-87.66731639379114,40.383171637769145],[-87.666984976622956,40.383181998811807],[-87.666982031532143,40.383182091711056],[-87.666653594969475,40.383192331191282]]]},"properties":{"OBJECTID":121109}},{"type":"Feature","id":121110,"geometry":{"type":"Polygon","coordinates":[[[-87.666635010049575,40.382838289893073],[-87.666653594969475,40.383192331191282],[-87.666982031532143,40.383182091711056],[-87.666984976622956,40.383181998811807],[-87.66731639379114,40.383171637769145],[-87.667300461846665,40.382850276529524],[-87.666967736633993,40.382844270185316],[-87.666635010049575,40.382838289893073]]]},"properties":{"OBJECTID":121110}},{"type":"Feature","id":121111,"geometry":{"type":"Polygon","coordinates":[[[-87.670799194585129,40.373908464967215],[-87.670424575539542,40.373911880995166],[-87.670436628996015,40.374364707548736],[-87.670831950775678,40.374361103895744],[-87.67106826770123,40.37435894702471],[-87.671056208838451,40.373906120496144],[-87.670799194585129,40.373908464967215]]]},"properties":{"OBJECTID":121111}},{"type":"Feature","id":121112,"geometry":{"type":"Polygon","coordinates":[[[-87.670776364028427,40.373592989922365],[-87.670416172427537,40.373596275148444],[-87.670424575539542,40.373911880995166],[-87.670799194585129,40.373908464967215],[-87.671056208838451,40.373906120496144],[-87.671047802779128,40.373590514671605],[-87.670776364028427,40.373592989922365]]]},"properties":{"OBJECTID":121112}},{"type":"Feature","id":121113,"geometry":{"type":"Polygon","coordinates":[[[-87.670797341030891,40.37307123438211],[-87.670738645949484,40.373071768956017],[-87.670402978284457,40.373074829923375],[-87.670416159487331,40.373595793266944],[-87.670416172427537,40.373596275148444],[-87.670776364028427,40.373592989922365],[-87.671047802779128,40.373590514671605],[-87.671035983341667,40.373146688894522],[-87.67103391730835,40.373069067349157],[-87.670797341030891,40.37307123438211]]]},"properties":{"OBJECTID":121113}},{"type":"Feature","id":121114,"geometry":{"type":"Polygon","coordinates":[[[-87.669777575358225,40.373080511850631],[-87.669798898439652,40.373601881299386],[-87.670416172427537,40.373596275148444],[-87.670416159487331,40.373595793266944],[-87.670402978284457,40.373074829923375],[-87.669777575358225,40.373080511850631]]]},"properties":{"OBJECTID":121114}},{"type":"Feature","id":121115,"geometry":{"type":"Polygon","coordinates":[[[-87.669291895547858,40.374375140176184],[-87.669292233299345,40.374381997287138],[-87.669349117453251,40.374443949306226],[-87.669345725837942,40.374374649552863],[-87.669525195467415,40.37437301326311],[-87.669513145740439,40.373920188451315],[-87.669417300906687,40.373921060252151],[-87.668903970591813,40.373925734541409],[-87.668845490265525,40.373926266684727],[-87.668465689600509,40.373929724041822],[-87.668418560294427,40.373930152820968],[-87.66843110432238,40.374382976969407],[-87.66843293434593,40.374382960473966],[-87.668555977036476,40.374381840581471],[-87.668555703700633,40.374371551750258],[-87.66874600624665,40.374369820441004],[-87.668857260919125,40.374368807194941],[-87.669291391284446,40.374364853622708],[-87.669291895547858,40.374375140176184]]]},"properties":{"OBJECTID":121115}},{"type":"Feature","id":121116,"geometry":{"type":"Polygon","coordinates":[[[-87.67091270281766,40.376324612899197],[-87.67094014347947,40.37687963533822],[-87.671160195380381,40.376872660722661],[-87.671132752274474,40.376317583382232],[-87.671035849568156,40.376320679379901],[-87.67091270281766,40.376324612899197]]]},"properties":{"OBJECTID":121116}},{"type":"Feature","id":121117,"geometry":{"type":"Polygon","coordinates":[[[-87.670032502873667,40.376352781701343],[-87.670059938472676,40.376907584561422],[-87.670279990806208,40.376900583706117],[-87.670252552490879,40.376345753860761],[-87.670032502873667,40.376352781701343]]]},"properties":{"OBJECTID":121117}},{"type":"Feature","id":121118,"geometry":{"type":"Polygon","coordinates":[[[-87.670027799294601,40.376352946544898],[-87.669922494530411,40.376356296009291],[-87.669949895354179,40.376911070775883],[-87.670059938472676,40.376907584561422],[-87.670032502873667,40.376352781701343],[-87.670027799294601,40.376352946544898]]]},"properties":{"OBJECTID":121118}},{"type":"Feature","id":121119,"geometry":{"type":"Polygon","coordinates":[[[-87.669812451773922,40.376359836131741],[-87.669839887550637,40.376914557088178],[-87.669949895354179,40.376911070775883],[-87.669922494530411,40.376356296009291],[-87.669812451773922,40.376359836131741]]]},"properties":{"OBJECTID":121119}},{"type":"Feature","id":121120,"geometry":{"type":"Polygon","coordinates":[[[-87.667761729478073,40.376473524049494],[-87.667798251360793,40.376563633133379],[-87.667837524855074,40.376653068199857],[-87.668400328519667,40.376640495152245],[-87.668324530488647,40.376460950451282],[-87.667761729478073,40.376473524049494]]]},"properties":{"OBJECTID":121120}},{"type":"Feature","id":121121,"geometry":{"type":"Polygon","coordinates":[[[-87.667697745820661,40.37629369030526],[-87.667722088024689,40.376365858319907],[-87.667739239212196,40.376413828845557],[-87.667761729478073,40.376473524049494],[-87.668324530488647,40.376460950451282],[-87.668604871824783,40.376454711921816],[-87.668601501747219,40.376414204546023],[-87.668589888621071,40.376273787840496],[-87.667697745820661,40.37629369030526]]]},"properties":{"OBJECTID":121121}},{"type":"Feature","id":121122,"geometry":{"type":"Polygon","coordinates":[[[-87.671683747268517,40.37572843050809],[-87.671709128743217,40.376153550352093],[-87.671798831042963,40.37615196158734],[-87.671773450173305,40.375726842665699],[-87.671683747268517,40.37572843050809]]]},"properties":{"OBJECTID":121122}},{"type":"Feature","id":121123,"geometry":{"type":"Polygon","coordinates":[[[-87.670885302498462,40.37706271137651],[-87.670903184735565,40.377424763469939],[-87.671139895676887,40.377417253021591],[-87.67112197684871,40.377055200751961],[-87.670885302498462,40.37706271137651]]]},"properties":{"OBJECTID":121123}},{"type":"Feature","id":121124,"geometry":{"type":"Polygon","coordinates":[[[-87.67066875621785,40.377477551156147],[-87.670686636197274,40.377839603242109],[-87.670923350964173,40.377832093262818],[-87.670905433215893,40.377470040993806],[-87.67066875621785,40.377477551156147]]]},"properties":{"OBJECTID":121124}},{"type":"Feature","id":121125,"geometry":{"type":"Polygon","coordinates":[[[-87.670372910670025,40.377486890226102],[-87.670390789706005,40.377848997283294],[-87.670627466850078,40.377841487694191],[-87.67060958745185,40.377479408586034],[-87.670372910670025,40.377486890226102]]]},"properties":{"OBJECTID":121125}},{"type":"Feature","id":121126,"geometry":{"type":"Polygon","coordinates":[[[-87.669662844806552,40.377509443706217],[-87.669680755642958,40.377871523128078],[-87.669917434102445,40.377864015000235],[-87.669899557333906,40.37750193490664],[-87.669662844806552,40.377509443706217]]]},"properties":{"OBJECTID":121126}},{"type":"Feature","id":121241,"geometry":{"type":"Polygon","coordinates":[[[-87.656292863765927,40.368484621242992],[-87.656510917000915,40.372097052923515],[-87.661171378571666,40.372025938751555],[-87.66120724064001,40.372025377194404],[-87.661215711370687,40.372025261620379],[-87.661213363639945,40.371979736546592],[-87.661195073424494,40.371623067602066],[-87.661185103408158,40.371428631457484],[-87.661157412635049,40.370888867854589],[-87.661029276818539,40.368390952523441],[-87.656292863765927,40.368484621242992]]]},"properties":{"OBJECTID":121241}},{"type":"Feature","id":121244,"geometry":{"type":"Polygon","coordinates":[[[-87.666699592755833,40.368306730279215],[-87.66715465403388,40.371932616553927],[-87.669416961586975,40.371894679158977],[-87.668994513095299,40.368290429736334],[-87.666699592755833,40.368306730279215]]]},"properties":{"OBJECTID":121244}},{"type":"Feature","id":121343,"geometry":{"type":"Polygon","coordinates":[[[-87.66866094079397,40.382874738822771],[-87.668853880038498,40.382878208946899],[-87.668841772074146,40.382616380626246],[-87.668717569702736,40.382620497533857],[-87.668649920473655,40.38262274378782],[-87.668648699946388,40.382622791707277],[-87.66866094079397,40.382874738822771]]]},"properties":{"OBJECTID":121343}},{"type":"Feature","id":121344,"geometry":{"type":"Polygon","coordinates":[[[-87.66769276473525,40.382857284092573],[-87.66802538384637,40.382863315658042],[-87.6680151940446,40.382643853141388],[-87.667350987784616,40.382665942868464],[-87.667360146058229,40.382851334425609],[-87.66769276473525,40.382857284092573]]]},"properties":{"OBJECTID":121344}},{"type":"Feature","id":121345,"geometry":{"type":"Polygon","coordinates":[[[-87.669781664488568,40.38237341403304],[-87.669847773943218,40.38250983302617],[-87.670355843086497,40.382373358084969],[-87.670289734175057,40.382236912363048],[-87.669781664488568,40.38237341403304]]]},"properties":{"OBJECTID":121345}},{"type":"Feature","id":121346,"geometry":{"type":"Polygon","coordinates":[[[-87.667333976093929,40.382334034180005],[-87.667342037678509,40.382484888762647],[-87.668006781489368,40.382462803075718],[-87.667999758499505,40.382311927493944],[-87.667333976093929,40.382334034180005]]]},"properties":{"OBJECTID":121346}},{"type":"Feature","id":121347,"geometry":{"type":"Polygon","coordinates":[[[-87.666985393763099,40.382345613912371],[-87.666993417799205,40.382496495318108],[-87.667282433292385,40.382486878856675],[-87.667274370388114,40.382336052180392],[-87.667270339085235,40.382260624882569],[-87.666981397834803,40.382270214726923],[-87.666985393763099,40.382345613912371]]]},"properties":{"OBJECTID":121347}},{"type":"Feature","id":121348,"geometry":{"type":"Polygon","coordinates":[[[-87.667329907944463,40.382258634589668],[-87.667333976093929,40.382334034180005],[-87.667999758499505,40.382311927493944],[-87.667996264811293,40.382236476295333],[-87.667329907944463,40.382258634589668]]]},"properties":{"OBJECTID":121348}},{"type":"Feature","id":121349,"geometry":{"type":"Polygon","coordinates":[[[-87.667273365300218,40.381202600398126],[-87.66728142647861,40.381353591898382],[-87.667944327789655,40.381331522946354],[-87.667882870858321,40.381182475667465],[-87.667273365300218,40.381202600398126]]]},"properties":{"OBJECTID":121349}},{"type":"Feature","id":121350,"geometry":{"type":"Polygon","coordinates":[[[-87.667265269092312,40.381051581674505],[-87.667273365300218,40.381202600398126],[-87.667882870858321,40.381182475667465],[-87.667821487477667,40.381033400858222],[-87.667265269092312,40.381051581674505]]]},"properties":{"OBJECTID":121350}},{"type":"Feature","id":121351,"geometry":{"type":"Polygon","coordinates":[[[-87.667788892950284,40.380351558547943],[-87.667842915931061,40.380482639904855],[-87.668511841275375,40.380292281582044],[-87.668450006410751,40.380163434967336],[-87.667788892950284,40.380351558547943]]]},"properties":{"OBJECTID":121351}},{"type":"Feature","id":121352,"geometry":{"type":"Polygon","coordinates":[[[-87.666516139036801,40.380576230356006],[-87.666524088241459,40.380727413097738],[-87.666848420107186,40.38071734211934],[-87.666854021296871,40.380717182579218],[-87.666855636539665,40.380717109936349],[-87.666847646034412,40.380566338539438],[-87.666516139036801,40.380576230356006]]]},"properties":{"OBJECTID":121352}},{"type":"Feature","id":121353,"geometry":{"type":"Polygon","coordinates":[[[-87.666923587603179,40.379307171241976],[-87.666946015693085,40.379733894018734],[-87.667281618325077,40.379723227540957],[-87.667111527778303,40.379310449738661],[-87.666923587603179,40.379307171241976]]]},"properties":{"OBJECTID":121353}},{"type":"Feature","id":121354,"geometry":{"type":"Polygon","coordinates":[[[-87.666449048905619,40.379298946627543],[-87.666472644333396,40.379748979458917],[-87.666709329898737,40.379741450939349],[-87.66668629998928,40.379303058622561],[-87.666449048905619,40.379298946627543]]]},"properties":{"OBJECTID":121354}},{"type":"Feature","id":121355,"geometry":{"type":"Polygon","coordinates":[[[-87.666954196625852,40.381213113877735],[-87.666962219780046,40.381364187131425],[-87.66722192934516,40.38135555466377],[-87.667213868565582,40.381204536144836],[-87.667205736897358,40.381053544230333],[-87.667197712694076,40.380902525012715],[-87.666938149508724,40.380910939434791],[-87.666946174044199,40.381061985688007],[-87.666950202405857,40.381137549881764],[-87.666954196625852,40.381213113877735]]]},"properties":{"OBJECTID":121355}},{"type":"Feature","id":121356,"geometry":{"type":"Polygon","coordinates":[[[-87.666591547961715,40.382011177330163],[-87.666593901100086,40.382056427581908],[-87.666601855025604,40.382207281598838],[-87.666605812578609,40.382282707593191],[-87.666981397834803,40.382270214726923],[-87.667270339085235,40.382260624882569],[-87.667266308958887,40.382185198491015],[-87.667258246392336,40.382034343890162],[-87.66725581980856,40.381989092327146],[-87.666591547961715,40.382011177330163]]]},"properties":{"OBJECTID":121356}},{"type":"Feature","id":121357,"geometry":{"type":"Polygon","coordinates":[[[-87.669874843205065,40.383076437055827],[-87.669879474125821,40.383167869980021],[-87.670641674783027,40.382963130096869],[-87.670615848560445,40.382909895113173],[-87.670555545175446,40.382785395604508],[-87.670125066457189,40.38290106920919],[-87.669878246211056,40.382967371975646],[-87.669874843205065,40.383076437055827]]]},"properties":{"OBJECTID":121357}},{"type":"Feature","id":121358,"geometry":{"type":"Polygon","coordinates":[[[-87.669079767028919,40.383101298919478],[-87.668878280156548,40.383107601705468],[-87.668883947139733,40.383229609666586],[-87.668899872997926,40.383572498843627],[-87.66925852578288,40.383561278282677],[-87.669236929326289,40.383096378482627],[-87.669079767028919,40.383101298919478]]]},"properties":{"OBJECTID":121358}},{"type":"Feature","id":121359,"geometry":{"type":"Polygon","coordinates":[[[-87.668279455321908,40.383229284930934],[-87.668284533069354,40.383339010216424],[-87.66865144511118,40.383327529238024],[-87.668647239110953,40.383237005590146],[-87.668646349104705,40.383217803862152],[-87.668279455321908,40.383229284930934]]]},"properties":{"OBJECTID":121359}},{"type":"Feature","id":121360,"geometry":{"type":"Polygon","coordinates":[[[-87.667379085300013,40.383235434275321],[-87.667398060853685,40.38361945325471],[-87.667728798017095,40.383609114136576],[-87.667731778445201,40.383609022322325],[-87.668059535083401,40.38359877497215],[-87.668041704205692,40.383214735659962],[-87.667713374490958,40.383225006682935],[-87.667710394070895,40.383225099397379],[-87.667379085300013,40.383235434275321]]]},"properties":{"OBJECTID":121360}},{"type":"Feature","id":121361,"geometry":{"type":"Polygon","coordinates":[[[-87.667370978539935,40.383070855623657],[-87.667379085300013,40.383235434275321],[-87.667710394070895,40.383225099397379],[-87.667713374490958,40.383225006682935],[-87.668041704205692,40.383214735659962],[-87.668034062429896,40.38305013270854],[-87.667705554518463,40.383060402686198],[-87.667702502280846,40.383060494086465],[-87.667370978539935,40.383070855623657]]]},"properties":{"OBJECTID":121361}},{"type":"Feature","id":121362,"geometry":{"type":"Polygon","coordinates":[[[-87.671132752274474,40.376317583382232],[-87.671160195380381,40.376872660722661],[-87.671380246064103,40.376865685681295],[-87.671452411843177,40.376863381713008],[-87.671419797294433,40.376308383805139],[-87.671369497537299,40.376310017715248],[-87.671352801955649,40.376310526430387],[-87.671190915882903,40.376315692909479],[-87.671132752274474,40.376317583382232]]]},"properties":{"OBJECTID":121362}},{"type":"Feature","id":121363,"geometry":{"type":"Polygon","coordinates":[[[-87.670620523140869,40.376333973614415],[-87.670647963387225,40.376888914161938],[-87.670720092442878,40.376886637457609],[-87.67094014347947,40.37687963533822],[-87.67091270281766,40.376324612899197],[-87.670702202419733,40.376331367103468],[-87.670692616545253,40.376331669704165],[-87.670620523140869,40.376333973614415]]]},"properties":{"OBJECTID":121363}},{"type":"Feature","id":121364,"geometry":{"type":"Polygon","coordinates":[[[-87.669591355515195,40.376367434395256],[-87.66961962110733,40.376921527959098],[-87.669839887550637,40.376914557088178],[-87.669812451773922,40.376359836131741],[-87.669643204685741,40.376365233783758],[-87.669591355515195,40.376367434395256]]]},"properties":{"OBJECTID":121364}},{"type":"Feature","id":121365,"geometry":{"type":"Polygon","coordinates":[[[-87.669242951702216,40.376382232585591],[-87.669262382220481,40.376932900141284],[-87.669276240842592,40.376932430372726],[-87.669439458167716,40.376927246303232],[-87.669412179591319,40.376375079290085],[-87.669258929478787,40.376381556148743],[-87.669242951702216,40.376382232585591]]]},"properties":{"OBJECTID":121365}},{"type":"Feature","id":121366,"geometry":{"type":"Polygon","coordinates":[[[-87.667645177331551,40.376113648457242],[-87.667670112773791,40.376203897121002],[-87.667697745820661,40.37629369030526],[-87.668589888621071,40.376273787840496],[-87.668574905216587,40.376092891668414],[-87.667645177331551,40.376113648457242]]]},"properties":{"OBJECTID":121366}},{"type":"Feature","id":121367,"geometry":{"type":"Polygon","coordinates":[[[-87.667587076046686,40.37584301840927],[-87.667596765642415,40.375897376102429],[-87.667607423061227,40.375951627694633],[-87.667625217755329,40.376032783593551],[-87.667645177331551,40.376113648457242],[-87.668574905216587,40.376092891668414],[-87.668552641305652,40.375823675766462],[-87.667587076046686,40.37584301840927]]]},"properties":{"OBJECTID":121367}},{"type":"Feature","id":121368,"geometry":{"type":"Polygon","coordinates":[[[-87.672730907354932,40.376745161101915],[-87.672744491268134,40.376985138108026],[-87.672746107180686,40.376985107713388],[-87.673282414159146,40.376975063070752],[-87.673369427247508,40.376933239005716],[-87.673760961125183,40.376745044612868],[-87.674827054258202,40.376729792799452],[-87.675011910718041,40.376727145723699],[-87.675640318449666,40.376718149346658],[-87.675641099276262,40.376718138477656],[-87.67558940741975,40.37567642677476],[-87.6754723012521,40.375677499661265],[-87.675347957272066,40.375678639316803],[-87.67358582132529,40.375694764117767],[-87.673205096894193,40.375701504435852],[-87.673230486890816,40.376126609608505],[-87.672604459085562,40.376137697632274],[-87.672523629961574,40.376139133295297],[-87.671798831042963,40.37615196158734],[-87.671709128743217,40.376153550352093],[-87.671716467103863,40.376276114540509],[-87.672703175464434,40.376258001041911],[-87.672730907354932,40.376745161101915]]]},"properties":{"OBJECTID":121368}},{"type":"Feature","id":121369,"geometry":{"type":"Polygon","coordinates":[[[-87.671378785905304,40.37745501830738],[-87.671396669673967,40.377817071215638],[-87.671633383125382,40.377809559774839],[-87.671615496904167,40.377447507786464],[-87.671378785905304,40.37745501830738]]]},"properties":{"OBJECTID":121369}},{"type":"Feature","id":121370,"geometry":{"type":"Polygon","coordinates":[[[-87.67114210871712,40.377462558256141],[-87.671160028004749,40.377824582582733],[-87.671396669673967,40.377817071215638],[-87.671378785905304,40.37745501830738],[-87.67114210871712,40.377462558256141]]]},"properties":{"OBJECTID":121370}},{"type":"Feature","id":121371,"geometry":{"type":"Polygon","coordinates":[[[-87.670905433215893,40.377470040993806],[-87.670923350964173,40.377832093262818],[-87.671160028004749,40.377824582582733],[-87.67114210871712,40.377462558256141],[-87.670905433215893,40.377470040993806]]]},"properties":{"OBJECTID":121371}},{"type":"Feature","id":121372,"geometry":{"type":"Polygon","coordinates":[[[-87.670136233303808,40.377494426313248],[-87.670154111338462,40.377856506380809],[-87.670390789706005,40.377848997283294],[-87.670372910670025,40.377486890226102],[-87.670136233303808,40.377494426313248]]]},"properties":{"OBJECTID":121372}},{"type":"Feature","id":121373,"geometry":{"type":"Polygon","coordinates":[[[-87.670116071881665,40.377087097298485],[-87.6701339500041,40.377449149476611],[-87.670370661998689,40.377441668527275],[-87.670352784061194,40.377079588465698],[-87.670116071881665,40.377087097298485]]]},"properties":{"OBJECTID":121373}},{"type":"Feature","id":121374,"geometry":{"type":"Polygon","coordinates":[[[-87.666676781500627,40.379121699397324],[-87.666914067299999,40.37912581202449],[-87.666888800291019,40.378644723222621],[-87.666652084328831,40.37865214297495],[-87.666676781500627,40.379121699397324]]]},"properties":{"OBJECTID":121374}},{"type":"Feature","id":121375,"geometry":{"type":"Polygon","coordinates":[[[-87.666592635841937,40.377520796809101],[-87.666597414897993,40.377611297800662],[-87.666834091886088,40.37760387882674],[-87.666829347847582,40.377513377145398],[-87.666592635841937,40.377520796809101]]]},"properties":{"OBJECTID":121375}},{"type":"Feature","id":121376,"geometry":{"type":"Polygon","coordinates":[[[-87.66718199079753,40.376369116354859],[-87.667205781219224,40.376821649486587],[-87.667207863842066,40.37682157863015],[-87.667465109041203,40.376813535660325],[-87.667411230765936,40.376361927122105],[-87.66718199079753,40.376369116354859]]]},"properties":{"OBJECTID":121376}},{"type":"Feature","id":121377,"geometry":{"type":"Polygon","coordinates":[[[-87.667082318938142,40.375873627235606],[-87.667106108563758,40.376326160419772],[-87.667405862052192,40.376316742329806],[-87.667351947755549,40.375865160537124],[-87.667351732277439,40.375865159296183],[-87.667082318938142,40.375873627235606]]]},"properties":{"OBJECTID":121377}},{"type":"Feature","id":121378,"geometry":{"type":"Polygon","coordinates":[[[-87.666210903964938,40.374767711149175],[-87.666234687203811,40.375220271564743],[-87.666471354673831,40.375212853256713],[-87.666708058599951,40.375205434674307],[-87.666700796647106,40.375068281305857],[-87.666684273382771,40.374752873435931],[-87.666447569861646,40.374760291976074],[-87.666210903964938,40.374767711149175]]]},"properties":{"OBJECTID":121378}},{"type":"Feature","id":121379,"geometry":{"type":"Polygon","coordinates":[[[-87.666414336352133,40.374126730088499],[-87.666438085462389,40.374579290317605],[-87.666674750672101,40.374571871574346],[-87.666650964390087,40.374119338192692],[-87.666414336352133,40.374126730088499]]]},"properties":{"OBJECTID":121379}},{"type":"Feature","id":121380,"geometry":{"type":"Polygon","coordinates":[[[-87.668772420043936,40.375134764181247],[-87.668796989190568,40.375637571624942],[-87.669406904738437,40.375625347224762],[-87.669382628281411,40.375129208530623],[-87.668772420043936,40.375134764181247]]]},"properties":{"OBJECTID":121380}},{"type":"Feature","id":121381,"geometry":{"type":"Polygon","coordinates":[[[-87.668427655985028,40.374988710384244],[-87.668459722952363,40.375644308287725],[-87.668796989190568,40.375637571624942],[-87.668772420043936,40.375134764181247],[-87.668765999734987,40.375003446985964],[-87.668764954535703,40.374981947875959],[-87.668427655985028,40.374988710384244]]]},"properties":{"OBJECTID":121381}},{"type":"Feature","id":121382,"geometry":{"type":"Polygon","coordinates":[[[-87.668171001704252,40.37384958760974],[-87.667342651698107,40.373918522255487],[-87.667345333053504,40.37393991372906],[-87.667413582911649,40.374483645725213],[-87.668434756021838,40.374474358522463],[-87.66843110432238,40.374382976969407],[-87.668418560294427,40.373930152820968],[-87.668465689600509,40.373929724041822],[-87.668454146129108,40.373838232267687],[-87.668171001704252,40.37384958760974]]]},"properties":{"OBJECTID":121382}},{"type":"Feature","id":121383,"geometry":{"type":"Polygon","coordinates":[[[-87.669317909767827,40.373084716003383],[-87.669417300906687,40.373921060252151],[-87.669513145740439,40.373920188451315],[-87.669807297299585,40.373917506972504],[-87.669798898439652,40.373601881299386],[-87.669777575358225,40.373080511850631],[-87.669317909767827,40.373084716003383]]]},"properties":{"OBJECTID":121383}},{"type":"Feature","id":121384,"geometry":{"type":"Polygon","coordinates":[[[-87.668365728365288,40.373093397338295],[-87.668454146129108,40.373838232267687],[-87.668465689600509,40.373929724041822],[-87.668845490265525,40.373926266684727],[-87.668903970591813,40.373925734541409],[-87.66885715869067,40.373188993833899],[-87.66885080289839,40.373088985442386],[-87.668365728365288,40.373093397338295]]]},"properties":{"OBJECTID":121384}},{"type":"Feature","id":121385,"geometry":{"type":"Polygon","coordinates":[[[-87.666636700873966,40.373847806665133],[-87.666648576102546,40.374074086777973],[-87.667122334134049,40.374059221581085],[-87.667087990740526,40.373785571546009],[-87.666806091060479,40.373794405506658],[-87.666796720959766,40.37361617647241],[-87.666624825714507,40.373621526542884],[-87.666636700873966,40.373847806665133]]]},"properties":{"OBJECTID":121385}},{"type":"Feature","id":121386,"geometry":{"type":"Polygon","coordinates":[[[-87.666118198291528,40.373002828822187],[-87.66614194421706,40.373455362158168],[-87.66661530328085,40.373440524643684],[-87.66703843684536,40.373427261814513],[-87.666978784017815,40.372975839295151],[-87.666591518868358,40.372987991174746],[-87.666118198291528,40.373002828822187]]]},"properties":{"OBJECTID":121386}},{"type":"Feature","id":121387,"geometry":{"type":"Polygon","coordinates":[[[-87.665309267460486,40.383327557899577],[-87.665327999321647,40.383684152438022],[-87.666232024247776,40.383655882471729],[-87.665924634033729,40.383308382476535],[-87.665309267460486,40.383327557899577]]]},"properties":{"OBJECTID":121387}},{"type":"Feature","id":121388,"geometry":{"type":"Polygon","coordinates":[[[-87.664458527618677,40.382861048889737],[-87.664484383444687,40.38335336778627],[-87.664771313180239,40.383344403866715],[-87.664745656164925,40.38285713659095],[-87.664458527618677,40.382861048889737]]]},"properties":{"OBJECTID":121388}},{"type":"Feature","id":121389,"geometry":{"type":"Polygon","coordinates":[[[-87.662740847547028,40.382884560646552],[-87.662766119898393,40.383365814779005],[-87.663002817080084,40.383358430835003],[-87.66323951330682,40.383351019383603],[-87.663214694785125,40.382878057748457],[-87.662977752783007,40.382881323292594],[-87.662740847547028,40.382884560646552]]]},"properties":{"OBJECTID":121389}},{"type":"Feature","id":121390,"geometry":{"type":"Polygon","coordinates":[[[-87.662267001681258,40.382891035493913],[-87.662292690062827,40.383380581907723],[-87.662529387334587,40.383373198933668],[-87.662766119898393,40.383365814779005],[-87.662740847547028,40.382884560646552],[-87.662503906958179,40.382887798210547],[-87.662267001681258,40.382891035493913]]]},"properties":{"OBJECTID":121390}},{"type":"Feature","id":121391,"geometry":{"type":"Polygon","coordinates":[[[-87.666094407544819,40.381574360662789],[-87.666118190596308,40.382026920577673],[-87.666354850913052,40.382019063049157],[-87.666331066288038,40.381566502269159],[-87.666094407544819,40.381574360662789]]]},"properties":{"OBJECTID":121391}},{"type":"Feature","id":121392,"geometry":{"type":"Polygon","coordinates":[[[-87.665384357766229,40.38159795772777],[-87.665408137238643,40.382050518656143],[-87.665644834481313,40.382042634876811],[-87.665621053150602,40.381590101900009],[-87.665384357766229,40.38159795772777]]]},"properties":{"OBJECTID":121392}},{"type":"Feature","id":121393,"geometry":{"type":"Polygon","coordinates":[[[-87.666073011420039,40.381167078189243],[-87.666084885711768,40.381393358069801],[-87.666321580326823,40.381385499900922],[-87.666309669916728,40.381159219834281],[-87.666073011420039,40.381167078189243]]]},"properties":{"OBJECTID":121393}},{"type":"Feature","id":121394,"geometry":{"type":"Polygon","coordinates":[[[-87.665351096420409,40.380964395229377],[-87.665374875505449,40.381416956210437],[-87.665611534027747,40.38140907226979],[-87.665587753084679,40.380956539240309],[-87.665351096420409,40.380964395229377]]]},"properties":{"OBJECTID":121394}},{"type":"Feature","id":121395,"geometry":{"type":"Polygon","coordinates":[[[-87.665055266416715,40.380974242174005],[-87.66507900729485,40.381426775072157],[-87.665315700929099,40.381418919857843],[-87.6652919234173,40.380966358874751],[-87.665055266416715,40.380974242174005]]]},"properties":{"OBJECTID":121395}},{"type":"Feature","id":121396,"geometry":{"type":"Polygon","coordinates":[[[-87.663887347918703,40.381013025306224],[-87.663911045384609,40.38146558609013],[-87.664147740711414,40.381457705359402],[-87.664138923633146,40.381289554268101],[-87.663894098984898,40.381012817631316],[-87.663887347918703,40.381013025306224]]]},"properties":{"OBJECTID":121396}},{"type":"Feature","id":121397,"geometry":{"type":"Polygon","coordinates":[[[-87.663177269294522,40.381036609565065],[-87.663201032943505,40.381489142947785],[-87.663437729325523,40.381481290694211],[-87.663413961729987,40.381028758233668],[-87.663177269294522,40.381036609565065]]]},"properties":{"OBJECTID":121397}},{"type":"Feature","id":121398,"geometry":{"type":"Polygon","coordinates":[[[-87.665824445027496,40.380948682970342],[-87.665836318467726,40.381174961977457],[-87.666073011420039,40.381167078189243],[-87.666309669916728,40.381159219834281],[-87.666297794902889,40.380932939961973],[-87.666061101603916,40.380940825111104],[-87.665824445027496,40.380948682970342]]]},"properties":{"OBJECTID":121398}},{"type":"Feature","id":121399,"geometry":{"type":"Polygon","coordinates":[[[-87.665028619410563,40.380467013237471],[-87.665052877831585,40.380928991680101],[-87.665289534673946,40.380921108384399],[-87.66526533507313,40.380460283961334],[-87.665028619410563,40.380467013237471]]]},"properties":{"OBJECTID":121399}},{"type":"Feature","id":121400,"geometry":{"type":"Polygon","coordinates":[[[-87.664555152895574,40.380480444015483],[-87.664579528039994,40.380944701674188],[-87.66481618471218,40.380936846363781],[-87.66479186864791,40.380473714808794],[-87.664555152895574,40.380480444015483]]]},"properties":{"OBJECTID":121400}},{"type":"Feature","id":121401,"geometry":{"type":"Polygon","coordinates":[[[-87.665948625279512,40.380440896441392],[-87.66595960343443,40.38064886253612],[-87.6660456314318,40.380646230391015],[-87.666282352800934,40.38063897673463],[-87.666271438450337,40.380431724290048],[-87.666034722950812,40.380438456527934],[-87.665948625279512,40.380440896441392]]]},"properties":{"OBJECTID":121401}},{"type":"Feature","id":121402,"geometry":{"type":"Polygon","coordinates":[[[-87.665291244283239,40.379825059369686],[-87.665315022680389,40.380277619544955],[-87.665551736757379,40.38027086175375],[-87.66552795651053,40.379818328629639],[-87.665291244283239,40.379825059369686]]]},"properties":{"OBJECTID":121402}},{"type":"Feature","id":121403,"geometry":{"type":"Polygon","coordinates":[[[-87.664531226253274,40.380025164022776],[-87.664545635565148,40.380299414280259],[-87.664782350408274,40.380292713003939],[-87.664767976908166,40.380018435963343],[-87.664531226253274,40.380025164022776]]]},"properties":{"OBJECTID":121403}},{"type":"Feature","id":121404,"geometry":{"type":"Polygon","coordinates":[[[-87.664294512320268,40.380031865693184],[-87.664308920414499,40.380306142087271],[-87.664545635565148,40.380299414280259],[-87.664531226253274,40.380025164022776],[-87.664294512320268,40.380031865693184]]]},"properties":{"OBJECTID":121404}},{"type":"Feature","id":121405,"geometry":{"type":"Polygon","coordinates":[[[-87.665774073851267,40.379989881466727],[-87.665788487942066,40.380264157726486],[-87.666003696957844,40.380258043957454],[-87.665989281994854,40.379983767717277],[-87.665979949015053,40.379805511104955],[-87.665764706103175,40.379811625538359],[-87.665774073851267,40.379989881466727]]]},"properties":{"OBJECTID":121405}},{"type":"Feature","id":121406,"geometry":{"type":"Polygon","coordinates":[[[-87.665953532447404,40.379303498816249],[-87.665977524524124,40.379760259512011],[-87.665999066743055,40.379759643557577],[-87.666235779859321,40.379752912273432],[-87.666211965526855,40.3792998026764],[-87.665975071544182,40.379303184540014],[-87.665953532447404,40.379303498816249]]]},"properties":{"OBJECTID":121406}},{"type":"Feature","id":121407,"geometry":{"type":"Polygon","coordinates":[[[-87.665501247032964,40.379309945699461],[-87.665525604151938,40.379773077444554],[-87.665762317349106,40.379766347130364],[-87.665738177553322,40.379306565017622],[-87.665501247032964,40.379309945699461]]]},"properties":{"OBJECTID":121407}},{"type":"Feature","id":121408,"geometry":{"type":"Polygon","coordinates":[[[-87.66600141942709,40.379804893835136],[-87.665979949015053,40.379805511104955],[-87.665989281994854,40.379983767717277],[-87.666003696957844,40.380258043957454],[-87.666025202840004,40.380257426888299],[-87.666261953935077,40.380250722791388],[-87.666247537934268,40.37997644567416],[-87.666238204540733,40.379798162061348],[-87.66600141942709,40.379804893835136]]]},"properties":{"OBJECTID":121408}},{"type":"Feature","id":121409,"geometry":{"type":"Polygon","coordinates":[[[-87.663650619967697,40.381020906219604],[-87.663413961729987,40.381028758233668],[-87.663437729325523,40.381481290694211],[-87.663674386790433,40.381473438631168],[-87.663911045384609,40.38146558609013],[-87.663887347918703,40.381013025306224],[-87.663650619967697,40.381020906219604]]]},"properties":{"OBJECTID":121409}},{"type":"Feature","id":121410,"geometry":{"type":"Polygon","coordinates":[[[-87.662944478656598,40.382247595411258],[-87.662968241149684,40.38270023860872],[-87.663205181072044,40.382697000087695],[-87.663181418170723,40.382244356932773],[-87.662944478656598,40.382247595411258]]]},"properties":{"OBJECTID":121410}},{"type":"Feature","id":121411,"geometry":{"type":"Polygon","coordinates":[[[-87.662707575631615,40.382250833615799],[-87.662731336539096,40.382703476848917],[-87.662968241149684,40.38270023860872],[-87.662944478656598,40.382247595411258],[-87.662707575631615,40.382250833615799]]]},"properties":{"OBJECTID":121411}},{"type":"Feature","id":121412,"geometry":{"type":"Polygon","coordinates":[[[-87.662914713744385,40.381679986252763],[-87.662938440198189,40.382132547338337],[-87.663175137946567,40.382124668619028],[-87.663151373128542,40.381672135273284],[-87.662914713744385,40.381679986252763]]]},"properties":{"OBJECTID":121412}},{"type":"Feature","id":121435,"geometry":{"type":"Polygon","coordinates":[[[-87.653555642448396,40.384619486185578],[-87.652446841093806,40.385439769036303],[-87.652498666336498,40.38669920891104],[-87.657243902878207,40.386623044083564],[-87.657170299249728,40.385249617625263],[-87.6570634164799,40.383255884466308],[-87.657048866484729,40.382984323570284],[-87.657039154666464,40.382803293102413],[-87.65703110973466,40.382653069260101],[-87.65702306337721,40.382502873322849],[-87.657015018498655,40.382352650372738],[-87.65701259684559,40.382307590463412],[-87.65700455082991,40.382157367501009],[-87.656996469247773,40.382007171343432],[-87.656988423294408,40.3818569483727],[-87.65697957257413,40.381675922001421],[-87.656956292501462,40.381200744471208],[-87.656933011532089,40.38072556689319],[-87.656923372104444,40.380544535869923],[-87.656915023572921,40.380388683406721],[-87.656906985713846,40.380237801217483],[-87.656898910204475,40.380086918803649],[-87.656896523526612,40.380042025685377],[-87.656888450142787,40.379891170295487],[-87.65688041003169,40.379740288078665],[-87.656872336980712,40.379589405664767],[-87.656863961020306,40.379432783923029],[-87.656859123340283,40.379342255226277],[-87.654526293402768,40.379375332085971],[-87.653809255956091,40.379385476915246],[-87.653450378475924,40.379390559511897],[-87.65301209443264,40.379396765180935],[-87.65219856050048,40.37940828112604],[-87.652202279162452,40.379498804312036],[-87.652255917405867,40.380801983545595],[-87.652374509156985,40.383682492413968],[-87.653531219026391,40.383678263446768],[-87.653555642448396,40.384619486185578]]]},"properties":{"OBJECTID":121435}},{"type":"Feature","id":121497,"geometry":{"type":"Polygon","coordinates":[[[-87.670648626924745,40.377070221509491],[-87.670666507895859,40.37743227362899],[-87.670903184735565,40.377424763469939],[-87.670885302498462,40.37706271137651],[-87.670648626924745,40.377070221509491]]]},"properties":{"OBJECTID":121497}},{"type":"Feature","id":121498,"geometry":{"type":"Polygon","coordinates":[[[-87.670352784061194,40.377079588465698],[-87.670370661998689,40.377441668527275],[-87.670607338904745,40.377434158073733],[-87.670589458788356,40.377072051015773],[-87.670352784061194,40.377079588465698]]]},"properties":{"OBJECTID":121498}},{"type":"Feature","id":121499,"geometry":{"type":"Polygon","coordinates":[[[-87.667182310708995,40.378136895921848],[-87.66720610249557,40.378589456843656],[-87.667253747352476,40.378587947245236],[-87.667449208686151,40.378581825995518],[-87.667425416176812,40.378129293033126],[-87.667229991475409,40.37813541445702],[-87.667182310708995,40.378136895921848]]]},"properties":{"OBJECTID":121499}},{"type":"Feature","id":121500,"geometry":{"type":"Polygon","coordinates":[[[-87.667840002457496,40.377572340497089],[-87.66785901683285,40.377934371591124],[-87.66806762911888,40.377927838659069],[-87.668065016271058,40.37792243099242],[-87.668178088049189,40.377918889249116],[-87.668008148068111,40.377567069738674],[-87.667840002457496,40.377572340497089]]]},"properties":{"OBJECTID":121500}},{"type":"Feature","id":121501,"geometry":{"type":"Polygon","coordinates":[[[-87.666360702530554,40.377618716986504],[-87.666379744585527,40.377980721445695],[-87.666616422893583,40.377973302027769],[-87.666597414897993,40.377611297800662],[-87.666360702530554,40.377618716986504]]]},"properties":{"OBJECTID":121501}},{"type":"Feature","id":121502,"geometry":{"type":"Polygon","coordinates":[[[-87.666888517889319,40.377511522558159],[-87.666893225513121,40.37760202312684],[-87.667129937769744,40.377594603750474],[-87.667125193326811,40.377504102978484],[-87.666888517889319,40.377511522558159]]]},"properties":{"OBJECTID":121502}},{"type":"Feature","id":121503,"geometry":{"type":"Polygon","coordinates":[[[-87.666566496348707,40.37702301334695],[-87.666590282545499,40.377475574439394],[-87.666826958431699,40.377468099636943],[-87.666803171288691,40.377015593518614],[-87.666566496348707,40.37702301334695]]]},"properties":{"OBJECTID":121503}},{"type":"Feature","id":121504,"geometry":{"type":"Polygon","coordinates":[[[-87.666329786580249,40.377030377554838],[-87.666353570936849,40.377482964797913],[-87.666590282545499,40.377475574439394],[-87.666566496348707,40.37702301334695],[-87.666329786580249,40.377030377554838]]]},"properties":{"OBJECTID":121504}},{"type":"Feature","id":121505,"geometry":{"type":"Polygon","coordinates":[[[-87.666700796647106,40.375068281305857],[-87.666708058599951,40.375205434674307],[-87.666944727165699,40.375198014502899],[-87.667264006225807,40.375187996026135],[-87.667246833365226,40.37505117105087],[-87.666937500048334,40.375060862249406],[-87.666700796647106,40.375068281305857]]]},"properties":{"OBJECTID":121505}},{"type":"Feature","id":121506,"geometry":{"type":"Polygon","coordinates":[[[-87.667200158397975,40.374736705387647],[-87.66692093918887,40.374745453293194],[-87.666684273382771,40.374752873435931],[-87.666700796647106,40.375068281305857],[-87.666937500048334,40.375060862249406],[-87.667246833365226,40.37505117105087],[-87.667212481962864,40.374777520150253],[-87.667205309811024,40.374777744507071],[-87.667200158397975,40.374736705387647]]]},"properties":{"OBJECTID":121506}},{"type":"Feature","id":121507,"geometry":{"type":"Polygon","coordinates":[[[-87.667420461424129,40.37453848437476],[-87.667458872853189,40.374844753985663],[-87.668177180230501,40.374838222248748],[-87.66813865956064,40.374531954041636],[-87.667420461424129,40.37453848437476]]]},"properties":{"OBJECTID":121507}},{"type":"Feature","id":121508,"geometry":{"type":"Polygon","coordinates":[[[-87.667240348977302,40.373103641812889],[-87.667342651698107,40.373918522255487],[-87.668171001704252,40.37384958760974],[-87.668035874356136,40.373096402009622],[-87.667240348977302,40.373103641812889]]]},"properties":{"OBJECTID":121508}},{"type":"Feature","id":121509,"geometry":{"type":"Polygon","coordinates":[[[-87.666717638588665,40.375387809318973],[-87.666724829059461,40.375524933448595],[-87.666961498733372,40.375517514152712],[-87.667304043884599,40.375506778590569],[-87.667286870879721,40.375369952726935],[-87.666954307783186,40.375380390033818],[-87.666717638588665,40.375387809318973]]]},"properties":{"OBJECTID":121509}},{"type":"Feature","id":121510,"geometry":{"type":"Polygon","coordinates":[[[-87.666151464207672,40.373636364078983],[-87.666163374285546,40.373862644447179],[-87.666636700873966,40.373847806665133],[-87.666624825714507,40.373621526542884],[-87.666151464207672,40.373636364078983]]]},"properties":{"OBJECTID":121510}},{"type":"Feature","id":121511,"geometry":{"type":"Polygon","coordinates":[[[-87.670014646411175,40.375757929362408],[-87.670027799294601,40.376352946544898],[-87.670032502873667,40.376352781701343],[-87.670252552490879,40.376345753860761],[-87.670368555443716,40.376342026847823],[-87.670348352058184,40.375752047613382],[-87.670014646411175,40.375757929362408]]]},"properties":{"OBJECTID":121511}},{"type":"Feature","id":121512,"geometry":{"type":"Polygon","coordinates":[[[-87.668589888621071,40.376273787840496],[-87.668601501747219,40.376414204546023],[-87.668788981286596,40.376401474452841],[-87.668805570460705,40.376400773674277],[-87.669242951702216,40.376382232585591],[-87.669258929478787,40.376381556148743],[-87.669249433343893,40.375809727163954],[-87.668552641305652,40.375823675766462],[-87.668574905216587,40.376092891668414],[-87.668589888621071,40.376273787840496]]]},"properties":{"OBJECTID":121512}},{"type":"Feature","id":121513,"geometry":{"type":"Polygon","coordinates":[[[-87.666796720959766,40.37361617647241],[-87.666806091060479,40.373794405506658],[-87.667087990740526,40.373785571546009],[-87.667065659968145,40.373607734360149],[-87.666796720959766,40.37361617647241]]]},"properties":{"OBJECTID":121513}},{"type":"Feature","id":121514,"geometry":{"type":"Polygon","coordinates":[[[-87.663770031567765,40.383294746436455],[-87.663793018841034,40.38373206796755],[-87.664029717489456,40.383724654915746],[-87.664006790832673,40.383288431576808],[-87.663770031567765,40.383294746436455]]]},"properties":{"OBJECTID":121514}},{"type":"Feature","id":121515,"geometry":{"type":"Polygon","coordinates":[[[-87.665944289776363,40.382840700551377],[-87.666443129123692,40.383404619125791],[-87.666413396647414,40.382839063506104],[-87.665944289776363,40.382840700551377]]]},"properties":{"OBJECTID":121515}},{"type":"Feature","id":121516,"geometry":{"type":"Polygon","coordinates":[[[-87.665670486462531,40.38253116460897],[-87.665678472593271,40.382540186728527],[-87.66590766611256,40.382532560783645],[-87.66589575784954,40.382306307750987],[-87.665659095300114,40.382314165224763],[-87.665483690860583,40.382319987694359],[-87.665670486462531,40.38253116460897]]]},"properties":{"OBJECTID":121516}},{"type":"Feature","id":121517,"geometry":{"type":"Polygon","coordinates":[[[-87.663714494030614,40.382237069486095],[-87.663738261677409,40.382689712567512],[-87.663975166219885,40.382686472263622],[-87.663951396987486,40.38223382921791],[-87.663714494030614,40.382237069486095]]]},"properties":{"OBJECTID":121517}},{"type":"Feature","id":121518,"geometry":{"type":"Polygon","coordinates":[[[-87.665621053150602,40.381590101900009],[-87.665644834481313,40.382042634876811],[-87.665881494903701,40.382034777417452],[-87.665857711990668,40.38158224447605],[-87.665621053150602,40.381590101900009]]]},"properties":{"OBJECTID":121518}},{"type":"Feature","id":121519,"geometry":{"type":"Polygon","coordinates":[[[-87.665324504662919,40.380458621100189],[-87.665348707637506,40.380919144739927],[-87.665585399470459,40.380911288958366],[-87.665561256779185,40.380451891428621],[-87.665324504662919,40.380458621100189]]]},"properties":{"OBJECTID":121519}},{"type":"Feature","id":121520,"geometry":{"type":"Polygon","coordinates":[[[-87.664285149655797,40.379853608783783],[-87.664294512320268,40.380031865693184],[-87.664531226253274,40.380025164022776],[-87.664767976908166,40.380018435963343],[-87.664758611819025,40.379840179075067],[-87.664521826719678,40.37984688080109],[-87.664285149655797,40.379853608783783]]]},"properties":{"OBJECTID":121520}},{"type":"Feature","id":121521,"geometry":{"type":"Polygon","coordinates":[[[-87.665264352999145,40.379313326106555],[-87.665288855579078,40.379779807970216],[-87.665525604151938,40.379773077444554],[-87.665501247032964,40.379309945699461],[-87.665264352999145,40.379313326106555]]]},"properties":{"OBJECTID":121521}},{"type":"Feature","id":121522,"geometry":{"type":"Polygon","coordinates":[[[-87.662677982202936,40.381687864247006],[-87.662701779183294,40.382140397868227],[-87.662938440198189,40.382132547338337],[-87.662914713744385,40.381679986252763],[-87.662677982202936,40.381687864247006]]]},"properties":{"OBJECTID":121522}},{"type":"Feature","id":121523,"geometry":{"type":"Polygon","coordinates":[[[-87.66244135804935,40.381695714461699],[-87.662465081614968,40.382148247701558],[-87.662701779183294,40.382140397868227],[-87.662677982202936,40.381687864247006],[-87.66244135804935,40.381695714461699]]]},"properties":{"OBJECTID":121523}},{"type":"Feature","id":121554,"geometry":{"type":"Polygon","coordinates":[[[-87.664199882383144,40.378230327142852],[-87.664223651615089,40.378682914612597],[-87.66446033228145,40.378675527546307],[-87.664436595614887,40.378222940309456],[-87.664199882383144,40.378230327142852]]]},"properties":{"OBJECTID":121554}},{"type":"Feature","id":121562,"geometry":{"type":"Polygon","coordinates":[[[-87.665679230402006,40.378184033548699],[-87.665702939407751,40.378636566357997],[-87.665939655392918,40.378629148549003],[-87.665927746620383,40.378402868349674],[-87.665915872976072,40.378176615360459],[-87.665679230402006,40.378184033548699]]]},"properties":{"OBJECTID":121562}},{"type":"Feature","id":121563,"geometry":{"type":"Polygon","coordinates":[[[-87.664673274929555,40.378215524877461],[-87.664697047861083,40.378668058245083],[-87.66473647161618,40.378666831759531],[-87.664712732569058,40.378214298595211],[-87.664673274929555,40.378215524877461]]]},"properties":{"OBJECTID":121563}},{"type":"Feature","id":121564,"geometry":{"type":"Polygon","coordinates":[[[-87.66346842996019,40.377845312838836],[-87.663480331605953,40.37807159325309],[-87.663717009291204,40.378064179767854],[-87.663953723434133,40.378056766009102],[-87.66394185670859,40.377830485841571],[-87.663705143365931,40.377837898682188],[-87.66346842996019,40.377845312838836]]]},"properties":{"OBJECTID":121564}},{"type":"Feature","id":121565,"geometry":{"type":"Polygon","coordinates":[[[-87.665882536064672,40.377543052200508],[-87.665887349496515,40.377633553417319],[-87.66612402662048,40.377626135897991],[-87.666119283531387,40.377535634195453],[-87.665882536064672,40.377543052200508]]]},"properties":{"OBJECTID":121565}},{"type":"Feature","id":121566,"geometry":{"type":"Polygon","coordinates":[[[-87.665645895705609,40.377550470339081],[-87.665650673495833,40.377640971359178],[-87.665887349496515,40.377633553417319],[-87.665882536064672,40.377543052200508],[-87.665645895705609,40.377550470339081]]]},"properties":{"OBJECTID":121566}},{"type":"Feature","id":121567,"geometry":{"type":"Polygon","coordinates":[[[-87.665409218807483,40.377557886881611],[-87.665413960956101,40.377648387704824],[-87.665650673495833,40.377640971359178],[-87.665645895705609,40.377550470339081],[-87.665409218807483,40.377557886881611]]]},"properties":{"OBJECTID":121567}},{"type":"Feature","id":121568,"geometry":{"type":"Polygon","coordinates":[[[-87.664639984707108,40.377581988676667],[-87.664644724640823,40.377672490416508],[-87.664881437336589,40.377665074746346],[-87.664876660574862,40.377574573703107],[-87.664639984707108,40.377581988676667]]]},"properties":{"OBJECTID":121568}},{"type":"Feature","id":121569,"geometry":{"type":"Polygon","coordinates":[[[-87.665146377756272,40.377067492023883],[-87.665170154458195,40.377520053328894],[-87.665406831252255,40.377512636374263],[-87.665525169043562,40.377508927711702],[-87.665501425284035,40.377056367564293],[-87.665383051781546,40.377060075998337],[-87.665146377756272,40.377067492023883]]]},"properties":{"OBJECTID":121569}},{"type":"Feature","id":121570,"geometry":{"type":"Polygon","coordinates":[[[-87.664872040574991,40.377076090254498],[-87.664895815442705,40.377528651600585],[-87.665110984373925,40.377521907036467],[-87.665087209236205,40.377069346629924],[-87.664872040574991,40.377076090254498]]]},"properties":{"OBJECTID":121570}},{"type":"Feature","id":121571,"geometry":{"type":"Polygon","coordinates":[[[-87.665113118833631,40.376433956907626],[-87.665136895424126,40.37688649034915],[-87.665373570002927,40.376879073443988],[-87.665349791830153,40.376426540037876],[-87.665113118833631,40.376433956907626]]]},"properties":{"OBJECTID":121571}},{"type":"Feature","id":121572,"geometry":{"type":"Polygon","coordinates":[[[-87.665560332091474,40.375921312840049],[-87.665584075959842,40.376373872163285],[-87.665820782845756,40.376366455425121],[-87.666057455548213,40.376359037104393],[-87.666033673199607,40.375906476747517],[-87.665797003256912,40.375913895039567],[-87.665560332091474,40.375921312840049]]]},"properties":{"OBJECTID":121572}},{"type":"Feature","id":121573,"geometry":{"type":"Polygon","coordinates":[[[-87.663160496916774,40.376495124038442],[-87.663184261630633,40.376947657778622],[-87.663420935405256,40.376940244866574],[-87.663397170286629,40.376487711168565],[-87.663160496916774,40.376495124038442]]]},"properties":{"OBJECTID":121573}},{"type":"Feature","id":121574,"geometry":{"type":"Polygon","coordinates":[[[-87.662923789354593,40.376502536225566],[-87.662947551308477,40.376955069994231],[-87.663184261630633,40.376947657778622],[-87.663160496916774,40.376495124038442],[-87.662923789354593,40.376502536225566]]]},"properties":{"OBJECTID":121574}},{"type":"Feature","id":121575,"geometry":{"type":"Polygon","coordinates":[[[-87.661891788481483,40.376036219666126],[-87.661915542229295,40.376488753619448],[-87.662152215678191,40.376481343298479],[-87.662388887895474,40.376473933386386],[-87.662625561253975,40.376466522095775],[-87.662601838083788,40.376013988453259],[-87.662365130983204,40.376021399503664],[-87.662128459170688,40.376028809373622],[-87.661891788481483,40.376036219666126]]]},"properties":{"OBJECTID":121575}},{"type":"Feature","id":121576,"geometry":{"type":"Polygon","coordinates":[[[-87.665763703341668,40.375280358835795],[-87.665787483987032,40.375732892265134],[-87.666024153296888,40.375725473987245],[-87.666000406393337,40.375272940797174],[-87.665763703341668,40.375280358835795]]]},"properties":{"OBJECTID":121576}},{"type":"Feature","id":121577,"geometry":{"type":"Polygon","coordinates":[[[-87.664757826150819,40.375311879382359],[-87.664781598894265,40.375764412955363],[-87.665018269565138,40.37575699764529],[-87.664994530572372,40.37530446341129],[-87.664757826150819,40.375311879382359]]]},"properties":{"OBJECTID":121577}},{"type":"Feature","id":121578,"geometry":{"type":"Polygon","coordinates":[[[-87.665737570858226,40.374782548034247],[-87.665761349755201,40.375235108513856],[-87.665998018502151,40.375227690281669],[-87.6659742368455,40.374775129830709],[-87.665737570858226,40.374782548034247]]]},"properties":{"OBJECTID":121578}},{"type":"Feature","id":121579,"geometry":{"type":"Polygon","coordinates":[[[-87.664731701073322,40.37481406751499],[-87.664755473512656,40.375266601129368],[-87.66499214244304,40.375259185858162],[-87.664968330742951,40.37480665206143],[-87.664731701073322,40.37481406751499]]]},"properties":{"OBJECTID":121579}},{"type":"Feature","id":121580,"geometry":{"type":"Polygon","coordinates":[[[-87.664021663415539,40.374836311910286],[-87.66404543228569,40.37528884563762],[-87.66428210136074,40.375281430920346],[-87.664518769204179,40.375274016612032],[-87.664495033670917,40.374821483166528],[-87.664258330899543,40.374828898128904],[-87.664021663415539,40.374836311910286]]]},"properties":{"OBJECTID":121580}},{"type":"Feature","id":121581,"geometry":{"type":"Polygon","coordinates":[[[-87.665230941884985,40.374163845638215],[-87.665254718674376,40.374616379232421],[-87.665491385287964,40.374608962919936],[-87.665467606916508,40.37415642936115],[-87.665230941884985,40.374163845638215]]]},"properties":{"OBJECTID":121581}},{"type":"Feature","id":121582,"geometry":{"type":"Polygon","coordinates":[[[-87.664520912631104,40.374186065248097],[-87.664544684398024,40.374638626864723],[-87.664722183583422,40.374633065536379],[-87.664958850307769,40.37462564941422],[-87.664935075496231,40.374173115775768],[-87.66469841179844,40.374180504853655],[-87.664520912631104,40.374186065248097]]]},"properties":{"OBJECTID":121582}},{"type":"Feature","id":121583,"geometry":{"type":"Polygon","coordinates":[[[-87.66357441079893,40.375348923767412],[-87.663598211865235,40.375801484744336],[-87.663834882771241,40.375794070957831],[-87.663811114902927,40.375341565152688],[-87.66357441079893,40.375348923767412]]]},"properties":{"OBJECTID":121583}},{"type":"Feature","id":121584,"geometry":{"type":"Polygon","coordinates":[[[-87.662095230359057,40.375395245598412],[-87.662118949701295,40.375847807280209],[-87.662355656205207,40.375840397629347],[-87.662331898779001,40.375387835770994],[-87.662095230359057,40.375395245598412]]]},"properties":{"OBJECTID":121584}},{"type":"Feature","id":121585,"geometry":{"type":"Polygon","coordinates":[[[-87.663548329471453,40.374851139826539],[-87.663572059862318,40.375303672519479],[-87.663808764342889,40.375296259876912],[-87.663784997054847,40.374843726114221],[-87.663548329471453,40.374851139826539]]]},"properties":{"OBJECTID":121585}},{"type":"Feature","id":121586,"geometry":{"type":"Polygon","coordinates":[[[-87.662305755940892,40.374890051216795],[-87.6623295121626,40.375342585193508],[-87.662566181565538,40.375335173991139],[-87.662802886238282,40.375327763409345],[-87.662779125674575,40.374875229496446],[-87.662542459085387,40.374882640254654],[-87.662305755940892,40.374890051216795]]]},"properties":{"OBJECTID":121586}},{"type":"Feature","id":121587,"geometry":{"type":"Polygon","coordinates":[[[-87.662035823728559,40.374263897780338],[-87.661799158041319,40.374271307027833],[-87.661822911612376,40.374723869050811],[-87.662059577713279,40.374716458860654],[-87.662296280270084,40.37470904839752],[-87.662272524702928,40.374256487352532],[-87.662035823728559,40.374263897780338]]]},"properties":{"OBJECTID":121587}},{"type":"Feature","id":121588,"geometry":{"type":"Polygon","coordinates":[[[-87.664448578794349,40.373936982145146],[-87.664459358609406,40.374142669001166],[-87.664696022461172,40.374135253395899],[-87.66467228721406,40.373682719898532],[-87.664435587266297,40.373690135250534],[-87.664448578794349,40.373936982145146]]]},"properties":{"OBJECTID":121588}},{"type":"Feature","id":121589,"geometry":{"type":"Polygon","coordinates":[[[-87.663252236392381,40.37372720470271],[-87.663275999833971,40.374179737729619],[-87.663749365881458,40.374164884985241],[-87.663725599017056,40.373712378144198],[-87.663252236392381,40.37372720470271]]]},"properties":{"OBJECTID":121589}},{"type":"Feature","id":121691,"geometry":{"type":"Polygon","coordinates":[[[-87.669961211467594,40.381037790014894],[-87.670043539226654,40.381207624973086],[-87.670708921469895,40.381001588883215],[-87.670626630506277,40.38083169876495],[-87.669961211467594,40.381037790014894]]]},"properties":{"OBJECTID":121691}},{"type":"Feature","id":121692,"geometry":{"type":"Polygon","coordinates":[[[-87.675074176660317,40.382975059488786],[-87.675967781946781,40.382987789537189],[-87.67606332835534,40.38298913055295],[-87.676840389724717,40.38300016202983],[-87.676862622192246,40.38300047826457],[-87.676862922463386,40.38300048177031],[-87.676829484270357,40.382358961314438],[-87.675934351260196,40.382346249970404],[-87.675040745795712,40.382333562907434],[-87.675074176660317,40.382975059488786]]]},"properties":{"OBJECTID":121692}},{"type":"Feature","id":121693,"geometry":{"type":"Polygon","coordinates":[[[-87.668819794080292,40.379614593271512],[-87.669020620003252,40.379618052582479],[-87.668966934906024,40.379507314947674],[-87.6688208366092,40.379504773425069],[-87.668819794080292,40.379614593271512]]]},"properties":{"OBJECTID":121693}},{"type":"Feature","id":121694,"geometry":{"type":"Polygon","coordinates":[[[-87.668713099758278,40.379612744531926],[-87.668819794080292,40.379614593271512],[-87.6688208366092,40.379504773425069],[-87.668822454735704,40.379340085840383],[-87.668715762024092,40.379338237113373],[-87.668713099758278,40.379612744531926]]]},"properties":{"OBJECTID":121694}},{"type":"Feature","id":121695,"geometry":{"type":"Polygon","coordinates":[[[-87.667517709591536,40.379692315957755],[-87.66757491048881,40.379693303603759],[-87.6674045844034,40.379315514852166],[-87.667361698698457,40.379314773468373],[-87.667517709591536,40.379692315957755]]]},"properties":{"OBJECTID":121695}},{"type":"Feature","id":121696,"geometry":{"type":"Polygon","coordinates":[[[-87.669674528453797,40.38044617860529],[-87.66973249489341,40.380565800307238],[-87.669752794976461,40.380607667378094],[-87.670248080292026,40.380466700362646],[-87.670226087665839,40.380425317185974],[-87.670180060227608,40.380338615309896],[-87.669674528453797,40.38044617860529]]]},"properties":{"OBJECTID":121696}},{"type":"Feature","id":121697,"geometry":{"type":"Polygon","coordinates":[[[-87.669352395845081,40.379781416448189],[-87.669821439797644,40.379790147878182],[-87.669821494519297,40.379674860376419],[-87.669753525034949,40.379673564391339],[-87.66950579657157,40.379668958162142],[-87.669296000723762,40.379665008706532],[-87.669352395845081,40.379781416448189]]]},"properties":{"OBJECTID":121697}},{"type":"Feature","id":121698,"geometry":{"type":"Polygon","coordinates":[[[-87.669558585327991,40.380206961166046],[-87.669564744116073,40.380219695502845],[-87.670180129455858,40.380201371019915],[-87.670180224299813,40.380037014209293],[-87.669473014383286,40.38003029618384],[-87.669558585327991,40.380206961166046]]]},"properties":{"OBJECTID":121698}},{"type":"Feature","id":121699,"geometry":{"type":"Polygon","coordinates":[[[-87.669221337034656,40.379510879968116],[-87.669281053651076,40.379634152981602],[-87.669532942842437,40.379638840311557],[-87.669753142517948,40.379642938194529],[-87.669749594496466,40.379357158651572],[-87.669505024949203,40.379352611075689],[-87.669141312022603,40.379345842357523],[-87.669221337034656,40.379510879968116]]]},"properties":{"OBJECTID":121699}},{"type":"Feature","id":121700,"geometry":{"type":"Polygon","coordinates":[[[-87.669045843187519,40.384225190086795],[-87.669046895202811,40.384247813114733],[-87.66905380288668,40.384396052850327],[-87.66906079403438,40.384546708397295],[-87.669067935184501,40.384700439356934],[-87.669727875200962,40.384679797678103],[-87.669720727160467,40.384526616065195],[-87.669713734543308,40.38437596054591],[-87.669706830795747,40.38422717241977],[-87.669705760913175,40.384204547493589],[-87.669265792346692,40.384218299600214],[-87.669045843187519,40.384225190086795]]]},"properties":{"OBJECTID":121700}},{"type":"Feature","id":121701,"geometry":{"type":"Polygon","coordinates":[[[-87.669243752071367,40.383743049722398],[-87.6692506515367,40.383892166570604],[-87.669257679592548,40.384042822331509],[-87.669264757940468,40.384195674873972],[-87.669265792346692,40.384218299600214],[-87.669705760913175,40.384204547493589],[-87.669704726359853,40.384181922770033],[-87.669697643235438,40.384029455669697],[-87.669690615651575,40.383878772017965],[-87.669683682219215,40.383729297471113],[-87.669243752071367,40.383743049722398]]]},"properties":{"OBJECTID":121701}},{"type":"Feature","id":121702,"geometry":{"type":"Polygon","coordinates":[[[-87.668524646797565,40.383765543228989],[-87.668531550609856,40.383914056757234],[-87.668538540549463,40.384064713239134],[-87.668545683176063,40.384218169574751],[-87.668985616522178,40.384204420006192],[-87.668978504722858,40.38405132049914],[-87.668971549123228,40.383900665139151],[-87.668964577200811,40.383751793715952],[-87.668524646797565,40.383765543228989]]]},"properties":{"OBJECTID":121702}},{"type":"Feature","id":121703,"geometry":{"type":"Polygon","coordinates":[[[-87.67028133065196,40.384843799427898],[-87.670302117915256,40.385282699241934],[-87.670592647234315,40.385273604647772],[-87.670571533972662,40.384834730029887],[-87.67028133065196,40.384843799427898]]]},"properties":{"OBJECTID":121703}},{"type":"Feature","id":121704,"geometry":{"type":"Polygon","coordinates":[[[-87.674543870630103,40.373874251818236],[-87.674554124666642,40.374258470998797],[-87.67456136654458,40.374529896761381],[-87.674568036354202,40.374779904493813],[-87.675544458022117,40.374770964200529],[-87.675499484929446,40.37386550223691],[-87.674543870630103,40.373874251818236]]]},"properties":{"OBJECTID":121704}},{"type":"Feature","id":121705,"geometry":{"type":"Polygon","coordinates":[[[-87.670692467583208,40.372214504060281],[-87.669428848281044,40.372226295761394],[-87.669465515931648,40.372946115780664],[-87.670298081942903,40.372938520984761],[-87.670271915640484,40.372424965995833],[-87.670703244615467,40.37242071005231],[-87.670692467583208,40.372214504060281]]]},"properties":{"OBJECTID":121705}},{"type":"Feature","id":121706,"geometry":{"type":"Polygon","coordinates":[[[-87.67212316554631,40.379220193068321],[-87.672437319426123,40.379226051390489],[-87.672436626659888,40.379179328372146],[-87.672433154944486,40.378951582268492],[-87.67211897761166,40.378945723803447],[-87.67212316554631,40.379220193068321]]]},"properties":{"OBJECTID":121706}},{"type":"Feature","id":121707,"geometry":{"type":"Polygon","coordinates":[[[-87.668696328146893,40.377425935559096],[-87.668629097981707,40.377440948055551],[-87.668258412279329,40.377523773312838],[-87.668335652364661,40.377683224612433],[-87.668779823678648,40.377581627500874],[-87.668766400178527,40.377410281035509],[-87.668696328146893,40.377425935559096]]]},"properties":{"OBJECTID":121707}},{"type":"Feature","id":121708,"geometry":{"type":"Polygon","coordinates":[[[-87.668335652364661,40.377683224612433],[-87.668432770427955,40.377883631168821],[-87.668447831638986,40.377883153104769],[-87.668460940641125,40.377910205160596],[-87.668847520020734,40.377897937784844],[-87.668831302742888,40.377569851129188],[-87.668779823678648,40.377581627500874],[-87.668335652364661,40.377683224612433]]]},"properties":{"OBJECTID":121708}},{"type":"Feature","id":121709,"geometry":{"type":"Polygon","coordinates":[[[-87.671405665790317,40.377998097520596],[-87.671423550729003,40.378360176515002],[-87.67166022957673,40.378352664826089],[-87.671731211548959,40.378350435866672],[-87.671778570015505,40.378348923665207],[-87.671760683186406,40.37798684380941],[-87.671642343098767,40.377990613774017],[-87.671405665790317,40.377998097520596]]]},"properties":{"OBJECTID":121709}},{"type":"Feature","id":121710,"geometry":{"type":"Polygon","coordinates":[[[-87.670695595089128,40.37802062938411],[-87.670713511545983,40.378382709559688],[-87.67095019170921,40.378375199332062],[-87.670932273986224,40.378013119182611],[-87.670695595089128,40.37802062938411]]]},"properties":{"OBJECTID":121710}},{"type":"Feature","id":121711,"geometry":{"type":"Polygon","coordinates":[[[-87.669713153920043,40.378666676087001],[-87.66971800777705,40.378782869835796],[-87.66985258025133,40.378781967843508],[-87.669848409626866,40.378669208304878],[-87.669713153920043,40.378666676087001]]]},"properties":{"OBJECTID":121711}},{"type":"Feature","id":121712,"geometry":{"type":"Polygon","coordinates":[[[-87.668947417153191,40.378497966031794],[-87.668733012676867,40.378503211859112],[-87.668767945219216,40.378575302705727],[-87.66877062050429,40.378580835894624],[-87.668797883819195,40.378637071286853],[-87.66882606297888,40.378695261676818],[-87.668852904665343,40.3787506724087],[-87.668887170597301,40.378821359895049],[-87.66891401266578,40.378876741795608],[-87.668947574177579,40.378946025724197],[-87.668998585028916,40.379051313053111],[-87.66902975593635,40.379115586840513],[-87.669052691905819,40.379162959081029],[-87.66921457760813,40.379165975521097],[-87.669499805906398,40.379171318174386],[-87.669658963849614,40.37917426339876],[-87.66965434262012,40.37906353296934],[-87.669649984455347,40.378959117068383],[-87.66964710340055,40.378890421889565],[-87.669644771820415,40.378835454605465],[-87.669641870093628,40.378765386832264],[-87.669639574758861,40.378710446772118],[-87.669637683977143,40.378665282058499],[-87.669637197117453,40.378652734273366],[-87.669634837124633,40.378596943699456],[-87.669634603687598,40.378591451562095],[-87.669630014814985,40.378481270656465],[-87.668947417153191,40.378497966031794]]]},"properties":{"OBJECTID":121712}},{"type":"Feature","id":121713,"geometry":{"type":"Polygon","coordinates":[[[-87.668510543893561,40.379153585448904],[-87.66879796432498,40.379158613726489],[-87.668767463102967,40.379095716200162],[-87.668513991591752,40.379091322503982],[-87.668510543893561,40.379153585448904]]]},"properties":{"OBJECTID":121713}},{"type":"Feature","id":121714,"geometry":{"type":"Polygon","coordinates":[[[-87.668513991591752,40.379091322503982],[-87.668767463102967,40.379095716200162],[-87.668721727997635,40.379001356031807],[-87.668519145236829,40.378997831170544],[-87.668513991591752,40.379091322503982]]]},"properties":{"OBJECTID":121714}},{"type":"Feature","id":121715,"geometry":{"type":"Polygon","coordinates":[[[-87.668205754703564,40.379148236819262],[-87.668279861196524,40.379149541089411],[-87.668283539424323,40.378837515306472],[-87.668209432998566,40.378836238957504],[-87.668205754703564,40.379148236819262]]]},"properties":{"OBJECTID":121715}},{"type":"Feature","id":121716,"geometry":{"type":"Polygon","coordinates":[[[-87.668906543063713,40.380956083311318],[-87.668972035436738,40.381092664991193],[-87.669307400520594,40.380997226627628],[-87.669241582905101,40.380860727019737],[-87.669175765286766,40.380724254388916],[-87.669510478972981,40.380628977389961],[-87.669444374343499,40.38049255819336],[-87.669378267622363,40.380356138944343],[-87.668709992122075,40.380546340310957],[-87.66877552022433,40.380682921414703],[-87.668841012986832,40.380819530193428],[-87.668906543063713,40.380956083311318]]]},"properties":{"OBJECTID":121716}},{"type":"Feature","id":121717,"geometry":{"type":"Polygon","coordinates":[[[-87.669967060098145,40.379519370342805],[-87.670180516258057,40.379523366587655],[-87.670180595109684,40.379365202010028],[-87.669965094066256,40.37936119403598],[-87.669967060098145,40.379519370342805]]]},"properties":{"OBJECTID":121717}},{"type":"Feature","id":121718,"geometry":{"type":"Polygon","coordinates":[[[-87.669867178493519,40.379178148186028],[-87.669885121695174,40.379178497887061],[-87.669874349642186,40.378886126106167],[-87.669856401942084,40.378886242874948],[-87.669867178493519,40.379178148186028]]]},"properties":{"OBJECTID":121718}},{"type":"Feature","id":121719,"geometry":{"type":"Polygon","coordinates":[[[-87.669700059839357,40.37878301359622],[-87.669704420868342,40.378887264710059],[-87.669856401942084,40.378886242874948],[-87.66985258025133,40.378781967843508],[-87.66971800777705,40.378782869835796],[-87.669700059839357,40.37878301359622]]]},"properties":{"OBJECTID":121719}},{"type":"Feature","id":121720,"geometry":{"type":"Polygon","coordinates":[[[-87.672310390635886,40.386556681490838],[-87.672383896933653,40.386557815812054],[-87.672173315570859,40.386123362750517],[-87.671357952290379,40.386289083608894],[-87.671205575355202,40.386320052751238],[-87.67131288307155,40.386541450592283],[-87.67136707989863,40.386542282288751],[-87.672310390635886,40.386556681490838]]]},"properties":{"OBJECTID":121720}},{"type":"Feature","id":121721,"geometry":{"type":"Polygon","coordinates":[[[-87.6742893851914,40.372970683639821],[-87.674292808769579,40.3730392720041],[-87.67356096391849,40.373045979782255],[-87.671665542809023,40.373063295353404],[-87.671687843254077,40.373900356553037],[-87.671698077542871,40.374284574935615],[-87.673126101265254,40.374271531336341],[-87.674554124666642,40.374258470998797],[-87.674543870630103,40.373874251818236],[-87.675499484929446,40.37386550223691],[-87.675494802802618,40.37377012546942],[-87.675454552152814,40.372959997119892],[-87.6742893851914,40.372970683639821]]]},"properties":{"OBJECTID":121721}},{"type":"Feature","id":121722,"geometry":{"type":"Polygon","coordinates":[[[-87.669547365832486,40.374825749337298],[-87.669586290801305,40.375621765128059],[-87.669587064715031,40.375637937577068],[-87.669588920234617,40.375675526482894],[-87.67092513507427,40.375648766327529],[-87.672193573574404,40.375623305352754],[-87.675388644565217,40.375559179084917],[-87.675532847728704,40.37555632058114],[-87.675583392952305,40.375555290539793],[-87.675576818227938,40.375423110974822],[-87.675572139934644,40.375328410588537],[-87.675569197219332,40.375269323378596],[-87.675544458022117,40.374770964200529],[-87.674568036354202,40.374779904493813],[-87.67456136654458,40.374529896761381],[-87.674554124666642,40.374258470998797],[-87.673126101265254,40.374271531336341],[-87.671698077542871,40.374284574935615],[-87.671699905168268,40.37435318304302],[-87.671341764475699,40.374356452257238],[-87.67106826770123,40.37435894702471],[-87.670831950775678,40.374361103895744],[-87.670838500182839,40.374451631125396],[-87.66952966224963,40.374463561029032],[-87.669547365832486,40.374825749337298]]]},"properties":{"OBJECTID":121722}},{"type":"Feature","id":121723,"geometry":{"type":"Polygon","coordinates":[[[-87.668074342175089,40.378324268387416],[-87.668396353387863,40.378329854171149],[-87.668342776118777,40.378219253733924],[-87.668286103273104,40.378102294528396],[-87.668063033346229,40.378109301236037],[-87.668068567227294,40.378214492159415],[-87.668074342175089,40.378324268387416]]]},"properties":{"OBJECTID":121723}},{"type":"Feature","id":121724,"geometry":{"type":"Polygon","coordinates":[[[-87.668360321123188,40.379150936781514],[-87.668510543893561,40.379153585448904],[-87.668513991591752,40.379091322503982],[-87.668519145236829,40.378997831170544],[-87.668362176100956,40.378995088786652],[-87.668360321123188,40.379150936781514]]]},"properties":{"OBJECTID":121724}},{"type":"Feature","id":121725,"geometry":{"type":"Polygon","coordinates":[[[-87.657170299249728,40.385249617625263],[-87.657243902878207,40.386623044083564],[-87.661858051810484,40.386548778173406],[-87.666695255781519,40.386470755631635],[-87.666616655552545,40.384958384489394],[-87.66238243981735,40.385090630781725],[-87.662145737428617,40.385098040426733],[-87.661851117450482,40.38510703600781],[-87.657170299249728,40.385249617625263]]]},"properties":{"OBJECTID":121725}},{"type":"Feature","id":121726,"geometry":{"type":"Polygon","coordinates":[[[-87.66359191803609,40.384418294308304],[-87.663615687693849,40.384870827387644],[-87.663852388908538,40.384863440840768],[-87.663828583516775,40.384410907599069],[-87.66359191803609,40.384418294308304]]]},"properties":{"OBJECTID":121726}},{"type":"Feature","id":121727,"geometry":{"type":"Polygon","coordinates":[[[-87.665992066118974,40.383844696200995],[-87.666015813747052,40.384297255756906],[-87.666252549530924,40.384289837473034],[-87.666228763813635,40.383837277741861],[-87.665992066118974,40.383844696200995]]]},"properties":{"OBJECTID":121727}},{"type":"Feature","id":121728,"geometry":{"type":"Polygon","coordinates":[[[-87.665518668523077,40.383859502834092],[-87.665542414429694,40.384312035451899],[-87.66577911352212,40.384304645843471],[-87.665755330704229,40.38385211305706],[-87.665518668523077,40.383859502834092]]]},"properties":{"OBJECTID":121728}},{"type":"Feature","id":121758,"geometry":{"type":"Polygon","coordinates":[[[-87.663874748226306,40.372037995015667],[-87.663895191149521,40.372427485732544],[-87.664132000949309,40.372422926931996],[-87.664111520163374,40.372033436034521],[-87.663874748226306,40.372037995015667]]]},"properties":{"OBJECTID":121758}},{"type":"Feature","id":121759,"geometry":{"type":"Polygon","coordinates":[[[-87.661684171231357,40.372080054513951],[-87.661704636868308,40.372469545718843],[-87.661941447801553,40.372465019329553],[-87.66192101584673,40.37207555627657],[-87.661684171231357,40.372080054513951]]]},"properties":{"OBJECTID":121759}},{"type":"Feature","id":121760,"geometry":{"type":"Polygon","coordinates":[[[-87.661374171286525,40.375207668781925],[-87.661295292117728,40.375210147190899],[-87.661303922955696,40.375374702482937],[-87.661382799692987,40.375372251071653],[-87.661495965544475,40.375368681276562],[-87.66161946982227,40.37536478687673],[-87.661610839117444,40.375200259524782],[-87.661374171286525,40.375207668781925]]]},"properties":{"OBJECTID":121760}},{"type":"Feature","id":121761,"geometry":{"type":"Polygon","coordinates":[[[-87.660649046979174,40.3749419138191],[-87.660672756801617,40.375394447837294],[-87.660895100726094,40.375387505178089],[-87.660871354362101,40.374934943971901],[-87.660649046979174,40.3749419138191]]]},"properties":{"OBJECTID":121761}},{"type":"Feature","id":121762,"geometry":{"type":"Polygon","coordinates":[[[-87.661089163036621,40.374293534576928],[-87.661112875646339,40.374746067676867],[-87.661349578383806,40.37473865915323],[-87.661325827699827,40.37428612497586],[-87.661089163036621,40.374293534576928]]]},"properties":{"OBJECTID":121762}},{"type":"Feature","id":121763,"geometry":{"type":"Polygon","coordinates":[[[-87.660615795932173,40.374308348503433],[-87.660639541860661,40.374760883687109],[-87.660876208187346,40.374753475920969],[-87.660852461845266,40.374300941679913],[-87.660615795932173,40.374308348503433]]]},"properties":{"OBJECTID":121763}},{"type":"Feature","id":121764,"geometry":{"type":"Polygon","coordinates":[[[-87.659846596358065,40.374332418703808],[-87.659870337144426,40.374784954002031],[-87.659927709682222,40.374783174455246],[-87.659903968503357,40.374330640066077],[-87.659846596358065,40.374332418703808]]]},"properties":{"OBJECTID":121764}},{"type":"Feature","id":121765,"geometry":{"type":"Polygon","coordinates":[[[-87.661552793551067,40.376046849939577],[-87.661418409297198,40.376051037677279],[-87.661181738472422,40.37605844651528],[-87.66119362869118,40.376284728050301],[-87.661205487473268,40.376510980574473],[-87.661442161057749,40.376503571708007],[-87.661590655579488,40.376498917459877],[-87.661678833410619,40.376496163250422],[-87.661666975410256,40.376269909874651],[-87.661655116569634,40.376043629466999],[-87.661552793551067,40.376046849939577]]]},"properties":{"OBJECTID":121765}},{"type":"Feature","id":121766,"geometry":{"type":"Polygon","coordinates":[[[-87.659972179233279,40.377707028944535],[-87.660076239968831,40.37782157808477],[-87.660180300786593,40.377936154147612],[-87.660284362224388,40.378050703101728],[-87.660388423744493,40.378165278978443],[-87.660492485615791,40.378279854762084],[-87.660596548107023,40.378394403437035],[-87.660700610680678,40.378508979034578],[-87.66080467360554,40.378623554539047],[-87.660855867297002,40.378679899436641],[-87.661003278486334,40.378601568249088],[-87.660952111839407,40.378545220871388],[-87.660848012009936,40.378430672300389],[-87.660743949312348,40.378316095932377],[-87.660639886679334,40.378201548288018],[-87.660535788181221,40.378086971521498],[-87.660431726250536,40.377972423691013],[-87.660327666135203,40.377857846957568],[-87.660223603729278,40.377743298934085],[-87.660119543407689,40.377628694992048],[-87.659962680885329,40.37745604143204],[-87.6599600623979,40.377453159659261],[-87.659959028045776,40.377452021615376],[-87.659856002687775,40.377338583397758],[-87.659751941882305,40.37722403405197],[-87.659647882874509,40.377109457604327],[-87.659543825117296,40.376994908986653],[-87.65943976564327,40.37688033144557],[-87.659335707419714,40.37676578173442],[-87.659231686318648,40.376651205127366],[-87.659127557239898,40.376536627795808],[-87.658968116953204,40.376361064293931],[-87.658864060321051,40.376246514161053],[-87.658759967807555,40.376131936706585],[-87.658655911877645,40.376017386387602],[-87.658551856568309,40.375902808959957],[-87.658447801340586,40.375788258454904],[-87.658362691242331,40.375694541535694],[-87.658343746733479,40.375673680841174],[-87.65832484067046,40.375652862694892],[-87.658239692477537,40.375559103134393],[-87.658135638303065,40.375444552350231],[-87.658312511383841,40.375350602290197],[-87.65843040003756,40.375287945794511],[-87.658527708710196,40.375236271364884],[-87.658584631016311,40.375206008309867],[-87.65867000064074,40.37516045644341],[-87.658681770356907,40.375154168856916],[-87.657452322876424,40.373763810068141],[-87.657490708043881,40.373968914993348],[-87.657800248893082,40.375622743530272],[-87.657802749689111,40.375636096536695],[-87.657945702488618,40.376399852522958],[-87.658155819653942,40.376633234753221],[-87.658249849535324,40.376737679282314],[-87.658408380478917,40.376913759885987],[-87.658966234333832,40.377533365985506],[-87.659047015033664,40.37762308926753],[-87.659127785484117,40.377712798923817],[-87.659238985816472,40.377836307917164],[-87.659478553190326,40.37770901399508],[-87.659610376172679,40.377638970869128],[-87.65981269870484,40.377531465496304],[-87.659972179233279,40.377707028944535]]]},"properties":{"OBJECTID":121766}},{"type":"Feature","id":121767,"geometry":{"type":"Polygon","coordinates":[[[-87.65904436824195,40.374992112626771],[-87.65973583031186,40.375774266930762],[-87.659933540188462,40.375671996484115],[-87.659324540872575,40.374983363186324],[-87.65904436824195,40.374992112626771]]]},"properties":{"OBJECTID":121767}},{"type":"Feature","id":121768,"geometry":{"type":"Polygon","coordinates":[[[-87.658498467575697,40.374374599122646],[-87.658888396416685,40.374815683936788],[-87.659041966471307,40.374810869830426],[-87.659160299792646,40.374807167644185],[-87.65921591268804,40.374805434027977],[-87.659250221179832,40.374804355200929],[-87.659154477159674,40.374695970455029],[-87.659028457200563,40.374553314267807],[-87.658860577377965,40.374363267859863],[-87.658498467575697,40.374374599122646]]]},"properties":{"OBJECTID":121768}},{"type":"Feature","id":121769,"geometry":{"type":"Polygon","coordinates":[[[-87.660552659971557,40.380623433431737],[-87.660577329980399,40.381098618427714],[-87.660686731145546,40.381095521962564],[-87.660927684667342,40.381088743370988],[-87.660902761647264,40.380613529955014],[-87.660552659971557,40.380623433431737]]]},"properties":{"OBJECTID":121769}},{"type":"Feature","id":121770,"geometry":{"type":"Polygon","coordinates":[[[-87.660202090977663,40.380633307011315],[-87.660227261345241,40.381108494988162],[-87.660577329980399,40.381098618427714],[-87.660552659971557,40.380623433431737],[-87.660202090977663,40.380633307011315]]]},"properties":{"OBJECTID":121770}},{"type":"Feature","id":121771,"geometry":{"type":"Polygon","coordinates":[[[-87.659877192631427,40.381118369587469],[-87.659902828614364,40.381593533285219],[-87.660252432020556,40.381583682923505],[-87.660227261345241,40.381108494988162],[-87.659877192631427,40.381118369587469]]]},"properties":{"OBJECTID":121771}},{"type":"Feature","id":121809,"geometry":{"type":"Polygon","coordinates":[[[-87.666967736633993,40.382844270185316],[-87.667300461846665,40.382850276529524],[-87.667291382345283,40.382667904142274],[-87.666627212174788,40.382689989918354],[-87.666635010049575,40.382838289893073],[-87.666967736633993,40.382844270185316]]]},"properties":{"OBJECTID":121809}},{"type":"Feature","id":121810,"geometry":{"type":"Polygon","coordinates":[[[-87.670304099522767,40.384249703253552],[-87.670323217287674,40.384661171095956],[-87.671447580603754,40.384625998516206],[-87.670993129958774,40.383688328959863],[-87.669920343605412,40.383721899162389],[-87.669945459647877,40.384260932526175],[-87.670304099522767,40.384249703253552]]]},"properties":{"OBJECTID":121810}},{"type":"Feature","id":121811,"geometry":{"type":"Polygon","coordinates":[[[-87.66905506277709,40.38256855364223],[-87.669079767028919,40.383101298919478],[-87.669236929326289,40.383096378482627],[-87.669294917794431,40.383094573527529],[-87.669267907576369,40.382511418081762],[-87.66905506277709,40.38256855364223]]]},"properties":{"OBJECTID":121811}},{"type":"Feature","id":121812,"geometry":{"type":"Polygon","coordinates":[[[-87.667316600876518,40.382009755733606],[-87.667317814777476,40.382032381517995],[-87.667325877760618,40.382183207299121],[-87.667329907944463,40.382258634589668],[-87.667996264811293,40.382236476295333],[-87.667992772041544,40.382161052118114],[-87.6679857491051,40.382010176528183],[-87.667984680089333,40.381987524566647],[-87.667316600876518,40.382009755733606]]]},"properties":{"OBJECTID":121812}},{"type":"Feature","id":121813,"geometry":{"type":"Polygon","coordinates":[[[-87.667572132560423,40.381525232890823],[-87.667579154263294,40.381676136426918],[-87.667969600350389,40.381663149529764],[-87.66796261400701,40.381512274136334],[-87.667572132560423,40.381525232890823]]]},"properties":{"OBJECTID":121813}},{"type":"Feature","id":121814,"geometry":{"type":"Polygon","coordinates":[[[-87.667957412093273,40.380760511425365],[-87.66798601763702,40.380829958916713],[-87.668425552534202,40.380704900972916],[-87.66867567952535,40.380633707645167],[-87.668642897911383,40.38056541606813],[-87.668577368736663,40.380428862798915],[-87.667900162860519,40.380621561264853],[-87.667957412093273,40.380760511425365]]]},"properties":{"OBJECTID":121814}},{"type":"Feature","id":121815,"geometry":{"type":"Polygon","coordinates":[[[-87.667246715566648,40.380704952237849],[-87.667254782592721,40.380855339501593],[-87.667741626961501,40.380839614272219],[-87.667680592989655,40.380691474385834],[-87.667246715566648,40.380704952237849]]]},"properties":{"OBJECTID":121815}},{"type":"Feature","id":121816,"geometry":{"type":"Polygon","coordinates":[[[-87.667238648676275,40.380554673939912],[-87.667246715566648,40.380704952237849],[-87.667680592989655,40.380691474385834],[-87.667619523945646,40.380543335162734],[-87.667238648676275,40.380554673939912]]]},"properties":{"OBJECTID":121816}},{"type":"Feature","id":121817,"geometry":{"type":"Polygon","coordinates":[[[-87.667230614884218,40.380404505698209],[-87.667238648676275,40.380554673939912],[-87.667619523945646,40.380543335162734],[-87.667558490500696,40.380395195208621],[-87.667230614884218,40.380404505698209]]]},"properties":{"OBJECTID":121817}},{"type":"Feature","id":121818,"geometry":{"type":"Polygon","coordinates":[[[-87.666508190138345,40.380425019693902],[-87.666516139036801,40.380576230356006],[-87.666847646034412,40.380566338539438],[-87.666839656471495,40.380415594160809],[-87.666508190138345,40.380425019693902]]]},"properties":{"OBJECTID":121818}},{"type":"Feature","id":121819,"geometry":{"type":"Polygon","coordinates":[[[-87.667680883828012,40.380089424781403],[-87.667734906396291,40.380220506191328],[-87.668388171787754,40.380034587418116],[-87.668326337379753,40.379905741635845],[-87.668314167558208,40.379880389853405],[-87.66758959785659,40.379867821125217],[-87.667680883828012,40.380089424781403]]]},"properties":{"OBJECTID":121819}},{"type":"Feature","id":121820,"geometry":{"type":"Polygon","coordinates":[[[-87.666542339366075,40.381075194531327],[-87.66654633258581,40.381150813470335],[-87.666950202405857,40.381137549881764],[-87.666946174044199,40.381061985688007],[-87.666938149508724,40.380910939434791],[-87.666534355038692,40.380923983679388],[-87.666542339366075,40.381075194531327]]]},"properties":{"OBJECTID":121820}},{"type":"Feature","id":121821,"geometry":{"type":"Polygon","coordinates":[[[-87.667291129334146,40.381534594543261],[-87.667299228434629,40.381685449365179],[-87.667579154263294,40.381676136426918],[-87.667572132560423,40.381525232890823],[-87.667291129334146,40.381534594543261]]]},"properties":{"OBJECTID":121821}},{"type":"Feature","id":121822,"geometry":{"type":"Polygon","coordinates":[[[-87.668647239110953,40.383237005590146],[-87.66865144511118,40.383327529238024],[-87.668663164902981,40.383579899299185],[-87.668899872997926,40.383572498843627],[-87.668883947139733,40.383229609666586],[-87.668647239110953,40.383237005590146]]]},"properties":{"OBJECTID":121822}},{"type":"Feature","id":121823,"geometry":{"type":"Polygon","coordinates":[[[-87.668647239110953,40.383237005590146],[-87.668883947139733,40.383229609666586],[-87.668878280156548,40.383107601705468],[-87.668864507895478,40.383108022387745],[-87.668860904556738,40.383029966136235],[-87.668271049586096,40.383048422259279],[-87.668279455321908,40.383229284930934],[-87.668646349104705,40.383217803862152],[-87.668647239110953,40.383237005590146]]]},"properties":{"OBJECTID":121823}},{"type":"Feature","id":121824,"geometry":{"type":"Polygon","coordinates":[[[-87.668271049586096,40.383048422259279],[-87.668860904556738,40.383029966136235],[-87.668853880038498,40.382878208946899],[-87.66866094079397,40.382874738822771],[-87.66855657560113,40.382872876298606],[-87.668262645039661,40.382867562290066],[-87.668271049586096,40.383048422259279]]]},"properties":{"OBJECTID":121824}},{"type":"Feature","id":121825,"geometry":{"type":"Polygon","coordinates":[[[-87.671328533236235,40.373903636152619],[-87.671056208838451,40.373906120496144],[-87.67106826770123,40.37435894702471],[-87.671341764475699,40.374356452257238],[-87.671699905168268,40.37435318304302],[-87.671698077542871,40.374284574935615],[-87.671687843254077,40.373900356553037],[-87.671328533236235,40.373903636152619]]]},"properties":{"OBJECTID":121825}},{"type":"Feature","id":121826,"geometry":{"type":"Polygon","coordinates":[[[-87.669798898439652,40.373601881299386],[-87.669807297299585,40.373917506972504],[-87.669513145740439,40.373920188451315],[-87.669525195467415,40.37437301326311],[-87.670268111288408,40.374366244143864],[-87.670278720485499,40.37436614737242],[-87.670436628996015,40.374364707548736],[-87.670424575539542,40.373911880995166],[-87.670416172427537,40.373596275148444],[-87.669798898439652,40.373601881299386]]]},"properties":{"OBJECTID":121826}},{"type":"Feature","id":121827,"geometry":{"type":"Polygon","coordinates":[[[-87.669490722762689,40.377659891759151],[-87.669239593263384,40.377666133575381],[-87.669250424193606,40.3778851738886],[-87.669501452379109,40.377877219478599],[-87.669558826714493,40.37787538023467],[-87.669548092866123,40.3776584649586],[-87.669490722762689,40.377659891759151]]]},"properties":{"OBJECTID":121827}},{"type":"Feature","id":121828,"geometry":{"type":"Polygon","coordinates":[[[-87.668847520020734,40.377897937784844],[-87.669250424193606,40.3778851738886],[-87.669239593263384,40.377666133575381],[-87.669230577651135,40.377483848891004],[-87.669230318515488,40.377478579046034],[-87.669132920122351,40.377481010477254],[-87.669129278273971,40.377420655616852],[-87.669123846966983,40.377330397730404],[-87.668766400178527,40.377410281035509],[-87.668779823678648,40.377581627500874],[-87.668831302742888,40.377569851129188],[-87.668847520020734,40.377897937784844]]]},"properties":{"OBJECTID":121828}},{"type":"Feature","id":121829,"geometry":{"type":"Polygon","coordinates":[[[-87.670252552490879,40.376345753860761],[-87.670279990806208,40.376900583706117],[-87.670500006315109,40.376893611039222],[-87.670472602332751,40.376338698585371],[-87.670368555443716,40.376342026847823],[-87.670252552490879,40.376345753860761]]]},"properties":{"OBJECTID":121829}},{"type":"Feature","id":121830,"geometry":{"type":"Polygon","coordinates":[[[-87.667871663170786,40.376725622163072],[-87.668102289889646,40.377201578509904],[-87.668424132218689,40.377088800813389],[-87.668522018081248,40.377056607012982],[-87.668621783742466,40.377027956885676],[-87.668723208386965,40.377002913998957],[-87.668826066587812,40.376981531988243],[-87.668805570460705,40.376400773674277],[-87.668788981286596,40.376401474452841],[-87.668601501747219,40.376414204546023],[-87.668604871824783,40.376454711921816],[-87.668324530488647,40.376460950451282],[-87.668400328519667,40.376640495152245],[-87.667837524855074,40.376653068199857],[-87.667871663170786,40.376725622163072]]]},"properties":{"OBJECTID":121830}},{"type":"Feature","id":121831,"geometry":{"type":"Polygon","coordinates":[[[-87.672498244608377,40.375714007291542],[-87.672523629961574,40.376139133295297],[-87.672604459085562,40.376137697632274],[-87.673230486890816,40.376126609608505],[-87.673205096894193,40.375701504435852],[-87.672498244608377,40.375714007291542]]]},"properties":{"OBJECTID":121831}},{"type":"Feature","id":121832,"geometry":{"type":"Polygon","coordinates":[[[-87.669230577651135,40.377483848891004],[-87.669239593263384,40.377666133575381],[-87.669490722762689,40.377659891759151],[-87.669548092866123,40.3776584649586],[-87.669538819123233,40.377470960889731],[-87.669535857775003,40.37741058293016],[-87.669478487881719,40.37741200972637],[-87.669129278273971,40.377420655616852],[-87.669132920122351,40.377481010477254],[-87.669230318515488,40.377478579046034],[-87.669230577651135,40.377483848891004]]]},"properties":{"OBJECTID":121832}},{"type":"Feature","id":121833,"geometry":{"type":"Polygon","coordinates":[[[-87.67135865233044,40.377047689649324],[-87.671376572424634,40.377409741892791],[-87.671613249126366,40.377402230279181],[-87.67159532776617,40.377040178061868],[-87.67135865233044,40.377047689649324]]]},"properties":{"OBJECTID":121833}},{"type":"Feature","id":121834,"geometry":{"type":"Polygon","coordinates":[[[-87.669899557333906,40.37750193490664],[-87.669917434102445,40.377864015000235],[-87.670154111338462,40.377856506380809],[-87.670136233303808,40.377494426313248],[-87.669899557333906,40.37750193490664]]]},"properties":{"OBJECTID":121834}},{"type":"Feature","id":121835,"geometry":{"type":"Polygon","coordinates":[[[-87.669879397336103,40.377094605862467],[-87.669897309243822,40.377456686185539],[-87.6701339500041,40.377449149476611],[-87.670116071881665,40.377087097298485],[-87.669879397336103,40.377094605862467]]]},"properties":{"OBJECTID":121835}},{"type":"Feature","id":121836,"geometry":{"type":"Polygon","coordinates":[[[-87.666439460401961,40.379117586980286],[-87.666676781500627,40.379121699397324],[-87.666652084328831,40.37865214297495],[-87.666415404824562,40.378659562452775],[-87.666439460401961,40.379117586980286]]]},"properties":{"OBJECTID":121836}},{"type":"Feature","id":121837,"geometry":{"type":"Polygon","coordinates":[[[-87.667442829877118,40.378128734086367],[-87.667425416176812,40.378129293033126],[-87.667449208686151,40.378581825995518],[-87.66746662132536,40.378581267039372],[-87.667727142180368,40.378573104577406],[-87.667707976046415,40.378208244827647],[-87.66770334898149,40.378120572564001],[-87.667442829877118,40.378128734086367]]]},"properties":{"OBJECTID":121837}},{"type":"Feature","id":121838,"geometry":{"type":"Polygon","coordinates":[[[-87.667603326830672,40.377579762438906],[-87.667622338762655,40.37794179355452],[-87.66785901683285,40.377934371591124],[-87.667840002457496,40.377572340497089],[-87.667603326830672,40.377579762438906]]]},"properties":{"OBJECTID":121838}},{"type":"Feature","id":121839,"geometry":{"type":"Polygon","coordinates":[[[-87.666893225513121,40.37760202312684],[-87.666912270141054,40.377964055438326],[-87.667149018997989,40.377956635336524],[-87.667129937769744,40.377594603750474],[-87.666893225513121,40.37760202312684]]]},"properties":{"OBJECTID":121839}},{"type":"Feature","id":121840,"geometry":{"type":"Polygon","coordinates":[[[-87.667835221740077,40.377481839543016],[-87.667840002457496,40.377572340497089],[-87.668008148068111,40.377567069738674],[-87.667965012406427,40.377477771922393],[-87.667835221740077,40.377481839543016]]]},"properties":{"OBJECTID":121840}},{"type":"Feature","id":121841,"geometry":{"type":"Polygon","coordinates":[[[-87.667598545261043,40.377489260570393],[-87.667603326830672,40.377579762438906],[-87.667840002457496,40.377572340497089],[-87.667835221740077,40.377481839543016],[-87.667598545261043,40.377489260570393]]]},"properties":{"OBJECTID":121841}},{"type":"Feature","id":121842,"geometry":{"type":"Polygon","coordinates":[[[-87.667292676319164,40.377000242970716],[-87.667316502980015,40.377452775341084],[-87.667540541327142,40.377445748626513],[-87.667486697426668,40.376994140367955],[-87.667292676319164,40.377000242970716]]]},"properties":{"OBJECTID":121842}},{"type":"Feature","id":121843,"geometry":{"type":"Polygon","coordinates":[[[-87.666829029419219,40.376380203073204],[-87.666852817747468,40.376832709242144],[-87.667089491988961,40.37682528972249],[-87.667065737403121,40.376372783792526],[-87.666829029419219,40.376380203073204]]]},"properties":{"OBJECTID":121843}},{"type":"Feature","id":121844,"geometry":{"type":"Polygon","coordinates":[[[-87.666802887866396,40.375882365518102],[-87.666826675357726,40.376334925759807],[-87.667063347867654,40.37632750537859],[-87.667106108563758,40.376326160419772],[-87.667082318938142,40.375873627235606],[-87.667039558794031,40.375874945172356],[-87.666802887866396,40.375882365518102]]]},"properties":{"OBJECTID":121844}},{"type":"Feature","id":121845,"geometry":{"type":"Polygon","coordinates":[[[-87.666507050619458,40.375891639826762],[-87.666530800808374,40.376344199909127],[-87.666767508699465,40.376336780337567],[-87.666743720426226,40.375884220080238],[-87.666507050619458,40.375891639826762]]]},"properties":{"OBJECTID":121845}},{"type":"Feature","id":121846,"geometry":{"type":"Polygon","coordinates":[[[-87.666177635636672,40.374134203032952],[-87.66620141902105,40.374586709469781],[-87.666438085462389,40.374579290317605],[-87.666414336352133,40.374126730088499],[-87.666177635636672,40.374134203032952]]]},"properties":{"OBJECTID":121846}},{"type":"Feature","id":121847,"geometry":{"type":"Polygon","coordinates":[[[-87.666303860267178,40.376536740567417],[-87.66632030199473,40.376849402973136],[-87.666556975169584,40.376841983637036],[-87.666793649476602,40.376834563822861],[-87.666777240887285,40.376521901669797],[-87.666540532348833,40.376529321255838],[-87.666303860267178,40.376536740567417]]]},"properties":{"OBJECTID":121847}},{"type":"Feature","id":121848,"geometry":{"type":"Polygon","coordinates":[[[-87.668196758555297,40.3749933389836],[-87.668199218859499,40.375013172070027],[-87.668232203121818,40.375275386527164],[-87.668279081077017,40.375647935448818],[-87.668459722952363,40.375644308287725],[-87.668427655985028,40.374988710384244],[-87.668196758555297,40.3749933389836]]]},"properties":{"OBJECTID":121848}},{"type":"Feature","id":121849,"geometry":{"type":"Polygon","coordinates":[[[-87.668748711737123,40.374471500017819],[-87.668749515513539,40.374501750423661],[-87.668750171888135,40.374526389404636],[-87.668750975700902,40.374556636208112],[-87.668758323066015,40.374832934080764],[-87.668869579677747,40.374831920835753],[-87.669367886777167,40.374827383803421],[-87.669349117453251,40.374443949306226],[-87.669292233299345,40.374381997287138],[-87.669291895547858,40.374375140176184],[-87.668857536673414,40.3743790942383],[-87.668857260919125,40.374368807194941],[-87.66874600624665,40.374369820441004],[-87.668748711737123,40.374471500017819]]]},"properties":{"OBJECTID":121849}},{"type":"Feature","id":121850,"geometry":{"type":"Polygon","coordinates":[[[-87.66885080289839,40.373088985442386],[-87.66885715869067,40.373188993833899],[-87.668903970591813,40.373925734541409],[-87.669417300906687,40.373921060252151],[-87.669317909767827,40.373084716003383],[-87.66885080289839,40.373088985442386]]]},"properties":{"OBJECTID":121850}},{"type":"Feature","id":121851,"geometry":{"type":"Polygon","coordinates":[[[-87.667458872853189,40.374844753985663],[-87.667479368798496,40.37500768500022],[-87.667513748402598,40.375281581832567],[-87.668232203121818,40.375275386527164],[-87.668199218859499,40.375013172070027],[-87.668196758555297,40.3749933389836],[-87.668177180230501,40.374838222248748],[-87.667458872853189,40.374844753985663]]]},"properties":{"OBJECTID":121851}},{"type":"Feature","id":121852,"geometry":{"type":"Polygon","coordinates":[[[-87.666710411650683,40.375250684074985],[-87.666717638588665,40.375387809318973],[-87.666954307783186,40.375380390033818],[-87.667286870879721,40.375369952726935],[-87.667269698834275,40.37523315568162],[-87.666947116867206,40.375243265010944],[-87.666710411650683,40.375250684074985]]]},"properties":{"OBJECTID":121852}},{"type":"Feature","id":121853,"geometry":{"type":"Polygon","coordinates":[[[-87.666921792388464,40.378145085092875],[-87.666945581530669,40.378597618130755],[-87.66720610249557,40.378589456843656],[-87.667182310708995,40.378136895921848],[-87.666921792388464,40.378145085092875]]]},"properties":{"OBJECTID":121853}},{"type":"Feature","id":121854,"geometry":{"type":"Polygon","coordinates":[[[-87.668458406108087,40.380773164204996],[-87.668524150213599,40.380909664735029],[-87.66877395530986,40.380838579217986],[-87.668708425895574,40.380701997208547],[-87.66867567952535,40.380633707645167],[-87.668425552534202,40.380704900972916],[-87.668458406108087,40.380773164204996]]]},"properties":{"OBJECTID":121854}},{"type":"Feature","id":121855,"geometry":{"type":"Polygon","coordinates":[[[-87.664484383444687,40.38335336778627],[-87.66450311268018,40.38370990749695],[-87.664969325878531,40.383695310252399],[-87.664950631603162,40.38333879783012],[-87.664771313180239,40.383344403866715],[-87.664484383444687,40.38335336778627]]]},"properties":{"OBJECTID":121855}},{"type":"Feature","id":121856,"geometry":{"type":"Polygon","coordinates":[[[-87.663984680816796,40.382867529871113],[-87.664006790832673,40.383288431576808],[-87.664243547981016,40.383282088302259],[-87.664221621305373,40.382864289271787],[-87.663984680816796,40.382867529871113]]]},"properties":{"OBJECTID":121856}},{"type":"Feature","id":121857,"geometry":{"type":"Polygon","coordinates":[[[-87.663510835128349,40.382874008916829],[-87.66353327434399,40.383301088740801],[-87.663770031567765,40.383294746436455],[-87.663747775649014,40.382870769288793],[-87.663510835128349,40.382874008916829]]]},"properties":{"OBJECTID":121857}},{"type":"Feature","id":121858,"geometry":{"type":"Polygon","coordinates":[[[-87.662292690062827,40.383380581907723],[-87.662313584581128,40.383778254657436],[-87.662550281798218,40.383770898661069],[-87.662786980692786,40.383763487254853],[-87.662766119898393,40.383365814779005],[-87.662529387334587,40.383373198933668],[-87.662292690062827,40.383380581907723]]]},"properties":{"OBJECTID":121858}},{"type":"Feature","id":121859,"geometry":{"type":"Polygon","coordinates":[[[-87.664843838428069,40.382674588925639],[-87.664848579817587,40.382765116704661],[-87.665436946618087,40.382757070157879],[-87.665357783803401,40.382667566962766],[-87.664961903943265,40.382219993044423],[-87.664662176408072,40.382224106809204],[-87.664425238171759,40.382227348329799],[-87.664439950921363,40.382507226131338],[-87.664676854801598,40.382503985284885],[-87.664834778942847,40.382501823782405],[-87.664843838428069,40.382674588925639]]]},"properties":{"OBJECTID":121859}},{"type":"Feature","id":121860,"geometry":{"type":"Polygon","coordinates":[[[-87.664676854801598,40.382503985284885],[-87.664439950921363,40.382507226131338],[-87.664449010575566,40.382679991304059],[-87.664453786755516,40.382770520199834],[-87.664848579817587,40.382765116704661],[-87.664843838428069,40.382674588925639],[-87.664834778942847,40.382501823782405],[-87.664676854801598,40.382503985284885]]]},"properties":{"OBJECTID":121860}},{"type":"Feature","id":121861,"geometry":{"type":"Polygon","coordinates":[[[-87.665418444947221,40.382246210562663],[-87.665483690860583,40.382319987694359],[-87.665659095300114,40.382314165224763],[-87.66589575784954,40.382306307750987],[-87.666132454491759,40.382298450889962],[-87.666369116024399,40.382290566324571],[-87.66635724039827,40.382064313514981],[-87.666120544595785,40.382072170843202],[-87.66588388289486,40.38208002788361],[-87.665647186986718,40.382087885142518],[-87.665410526099805,40.3820957682357],[-87.665418444947221,40.382246210562663]]]},"properties":{"OBJECTID":121861}},{"type":"Feature","id":121862,"geometry":{"type":"Polygon","coordinates":[[[-87.664393915049516,40.38163088155234],[-87.664417652847902,40.38208341450823],[-87.664654385353799,40.382075559978162],[-87.664643024781171,40.381859494555492],[-87.66443944481604,40.381629360884098],[-87.664393915049516,40.38163088155234]]]},"properties":{"OBJECTID":121862}},{"type":"Feature","id":121863,"geometry":{"type":"Polygon","coordinates":[[[-87.665561256779185,40.380451891428621],[-87.665585399470459,40.380911288958366],[-87.6658220571057,40.380903432494797],[-87.665797972359641,40.380445160160733],[-87.665561256779185,40.380451891428621]]]},"properties":{"OBJECTID":121863}},{"type":"Feature","id":121864,"geometry":{"type":"Polygon","coordinates":[[[-87.664318400607456,40.380487171625504],[-87.664342836001438,40.38095255539492],[-87.664579528039994,40.380944701674188],[-87.664555152895574,40.380480444015483],[-87.664318400607456,40.380487171625504]]]},"properties":{"OBJECTID":121864}},{"type":"Feature","id":121865,"geometry":{"type":"Polygon","coordinates":[[[-87.665738177553322,40.379306565017622],[-87.665762317349106,40.379766347130364],[-87.665977524524124,40.379760259512011],[-87.665953532447404,40.379303498816249],[-87.665738177553322,40.379306565017622]]]},"properties":{"OBJECTID":121865}},{"type":"Feature","id":121866,"geometry":{"type":"Polygon","coordinates":[[[-87.6647313337714,40.379320923674364],[-87.664756223729185,40.379794901552444],[-87.664992937968336,40.379788199836931],[-87.664968227567613,40.379317572275859],[-87.6647313337714,40.379320923674364]]]},"properties":{"OBJECTID":121866}},{"type":"Feature","id":121867,"geometry":{"type":"Polygon","coordinates":[[[-87.664494403169783,40.379324303192952],[-87.66451947502496,40.379801630501689],[-87.664756223729185,40.379794901552444],[-87.6647313337714,40.379320923674364],[-87.664494403169783,40.379324303192952]]]},"properties":{"OBJECTID":121867}},{"type":"Feature","id":121868,"geometry":{"type":"Polygon","coordinates":[[[-87.662470637263056,40.382254071129843],[-87.662494431912521,40.382706714603579],[-87.662731336539096,40.382703476848917],[-87.662707575631615,40.382250833615799],[-87.662470637263056,40.382254071129843]]]},"properties":{"OBJECTID":121868}},{"type":"Feature","id":121869,"geometry":{"type":"Polygon","coordinates":[[[-87.662204662006388,40.381703564675369],[-87.662228420494529,40.382156098162291],[-87.662465081614968,40.382148247701558],[-87.66244135804935,40.381695714461699],[-87.662204662006388,40.381703564675369]]]},"properties":{"OBJECTID":121869}},{"type":"Feature","id":121870,"geometry":{"type":"Polygon","coordinates":[[[-87.662881439011485,40.381046423027037],[-87.662905201583314,40.381498984376883],[-87.663141860611248,40.381491105495392],[-87.663118095002787,40.381038572090176],[-87.662881439011485,40.381046423027037]]]},"properties":{"OBJECTID":121870}},{"type":"Feature","id":121871,"geometry":{"type":"Polygon","coordinates":[[[-87.662408088015383,40.381062124121478],[-87.662431847431122,40.381514684641395],[-87.66266850627899,40.381506834645734],[-87.662644781517443,40.381054301388438],[-87.662408088015383,40.381062124121478]]]},"properties":{"OBJECTID":121871}},{"type":"Feature","id":121897,"geometry":{"type":"Polygon","coordinates":[[[-87.676797861715912,40.384827399442116],[-87.676814918671482,40.384862541176219],[-87.676900355433489,40.385038755890626],[-87.676996624269464,40.385237388740016],[-87.677154953598219,40.385564002859368],[-87.677313284438284,40.385890616755539],[-87.677471616780949,40.386217231329113],[-87.67767587728585,40.386638586971259],[-87.680595945169685,40.386683022802934],[-87.680764421966273,40.386685592916841],[-87.680840937332832,40.386686762258087],[-87.680837292005577,40.38659537858365],[-87.680744830499762,40.384277492648422],[-87.680742645502363,40.384222740782114],[-87.680652036872843,40.384217209612324],[-87.680444063119182,40.384220605994088],[-87.680332298844291,40.384226870610462],[-87.680291639067761,40.384239438143865],[-87.680232362981272,40.384266451983251],[-87.680223061860218,40.384270691583353],[-87.680212884641477,40.384279431801701],[-87.680186525446558,40.384289932199508],[-87.680121542090632,40.384334633421695],[-87.680070396550889,40.384399446028375],[-87.680032522473411,40.384446447308292],[-87.679968711465747,40.384488140848077],[-87.679957252527828,40.384327375143826],[-87.679952541048422,40.384261267171873],[-87.679867130557312,40.383063033031533],[-87.677663964348042,40.383013398162149],[-87.677557785508583,40.383011003040593],[-87.677557505265312,40.38301099874964],[-87.677435608053713,40.383008608937743],[-87.677357618321153,40.383007503735598],[-87.676862922463386,40.38300048177031],[-87.676862622192246,40.38300047826457],[-87.676840389724717,40.38300016202983],[-87.67606332835534,40.38298913055295],[-87.675967781946781,40.382987789537189],[-87.675984684842092,40.383025241397839],[-87.676070491473453,40.383215411453136],[-87.676190076968538,40.3834804408176],[-87.676345730544725,40.383825400002223],[-87.676388362113997,40.383919884468831],[-87.676430162609279,40.384012524326721],[-87.676797861715912,40.384827399442116]]]},"properties":{"OBJECTID":121897}},{"type":"Feature","id":121898,"geometry":{"type":"Polygon","coordinates":[[[-87.676020068841069,40.374570715060209],[-87.675980414160549,40.374651465712269],[-87.675956449263708,40.374731674236095],[-87.675915061412866,40.374839289052396],[-87.675892513574084,40.374932516214294],[-87.675848082439671,40.375050461300894],[-87.675817700934587,40.37513708412272],[-87.675772290319244,40.375197077950446],[-87.675688063648934,40.375269888641036],[-87.675572139934644,40.375328410588537],[-87.675576818227938,40.375423110974822],[-87.675583392952305,40.375555290539793],[-87.67558940741975,40.37567642677476],[-87.675641099276262,40.376718138477656],[-87.675734800403688,40.378516560145144],[-87.675747394967672,40.378758284541341],[-87.675768986874886,40.379172682967379],[-87.67616773295596,40.379180086520009],[-87.676251276689911,40.379181659951762],[-87.676417324958791,40.379184743994806],[-87.677090527642108,40.379197240582009],[-87.678398467512224,40.379276462755747],[-87.680263372420612,40.379311053139844],[-87.680176203494256,40.377283119264717],[-87.680059466327819,40.37456716597945],[-87.680957926088666,40.374584043515434],[-87.680848374849802,40.372035856041542],[-87.680241990247907,40.372008967792176],[-87.677859409518021,40.371903394323013],[-87.677841767019956,40.37378345222654],[-87.676681061136946,40.373776867348717],[-87.676592882509155,40.373776367521081],[-87.676538610034797,40.373928568903473],[-87.676491161536774,40.374035846029116],[-87.676429810907749,40.374122294026421],[-87.676305184183391,40.37421612204443],[-87.676205366203675,40.374301828128488],[-87.676148953973453,40.37437477109993],[-87.676097048868783,40.374449440843129],[-87.676020068841069,40.374570715060209]]]},"properties":{"OBJECTID":121898}},{"type":"Feature","id":122418,"geometry":{"type":"Polygon","coordinates":[[[-87.651475532476809,40.364947301332911],[-87.651410929900308,40.364948128097694],[-87.653938834403263,40.369265178728817],[-87.656443614144692,40.37209805850226],[-87.656485496196865,40.372097431880427],[-87.656510917000915,40.372097052923515],[-87.656292863765927,40.368484621242992],[-87.656079352715082,40.364946946917321],[-87.656075720414037,40.364887206693041],[-87.651475532476809,40.364947301332911]]]},"properties":{"OBJECTID":122418}},{"type":"Feature","id":122419,"geometry":{"type":"Polygon","coordinates":[[[-87.670471969621914,40.36828658224821],[-87.670441875412735,40.368286660113043],[-87.668994513095299,40.368290429736334],[-87.669416961586975,40.371894679158977],[-87.670674650387511,40.371873556057807],[-87.673066549815516,40.371833390798251],[-87.674231603989156,40.371813793917362],[-87.675396694128366,40.371794187302271],[-87.675210398167692,40.368274090274141],[-87.670471969621914,40.36828658224821]]]},"properties":{"OBJECTID":122419}},{"type":"Feature","id":122459,"geometry":{"type":"Polygon","coordinates":[[[-87.676565715402901,40.373776212336736],[-87.676499644424965,40.373775837989264],[-87.675494802802618,40.37377012546942],[-87.675499484929446,40.37386550223691],[-87.675544458022117,40.374770964200529],[-87.675569197219332,40.375269323378596],[-87.675572139934644,40.375328410588537],[-87.675688063648934,40.375269888641036],[-87.675772290319244,40.375197077950446],[-87.675817700934587,40.37513708412272],[-87.675848082439671,40.375050461300894],[-87.675892513574084,40.374932516214294],[-87.675915061412866,40.374839289052396],[-87.675956449263708,40.374731674236095],[-87.675980414160549,40.374651465712269],[-87.676020068841069,40.374570715060209],[-87.676097048868783,40.374449440843129],[-87.676148953973453,40.37437477109993],[-87.676205366203675,40.374301828128488],[-87.676305184183391,40.37421612204443],[-87.676429810907749,40.374122294026421],[-87.676491161536774,40.374035846029116],[-87.676538610034797,40.373928568903473],[-87.676592882509155,40.373776367521081],[-87.676565715402901,40.373776212336736]]]},"properties":{"OBJECTID":122459}},{"type":"Feature","id":122460,"geometry":{"type":"Polygon","coordinates":[[[-87.675411190420462,40.372086168599054],[-87.675425590142453,40.372376830888818],[-87.675454552152814,40.372959997119892],[-87.675494802802618,40.37377012546942],[-87.676499644424965,40.373775837989264],[-87.676565715402901,40.373776212336736],[-87.676592882509155,40.373776367521081],[-87.676681061136946,40.373776867348717],[-87.677841767019956,40.37378345222654],[-87.677859409518021,40.371903394323013],[-87.677222179099346,40.371875131150041],[-87.677100493504128,40.371869746912964],[-87.677020782416903,40.371866192084511],[-87.675396694128366,40.371794187302271],[-87.675411190420462,40.372086168599054]]]},"properties":{"OBJECTID":122460}},{"type":"Feature","id":122558,"geometry":{"type":"Polygon","coordinates":[[[-87.672121856544749,40.385495861115338],[-87.674574820666336,40.385529102747995],[-87.676101289489679,40.385549757229938],[-87.677154953598219,40.385564002859368],[-87.676996624269464,40.385237388740016],[-87.676900355433489,40.385038755890626],[-87.676814918671482,40.384862541176219],[-87.676797861715912,40.384827399442116],[-87.676479356966681,40.384823108706073],[-87.676274306487514,40.384820332655458],[-87.676063128017034,40.384817480884898],[-87.675972892794178,40.384816261914523],[-87.674217757178553,40.384792491582083],[-87.672587826069559,40.384770434939831],[-87.672495140523409,40.384769182143742],[-87.672500241627304,40.385176562868892],[-87.671963552690073,40.385169267317053],[-87.672121856544749,40.385495861115338]]]},"properties":{"OBJECTID":122558}},{"type":"Feature","id":122559,"geometry":{"type":"Polygon","coordinates":[[[-87.671450921494866,40.379869097504098],[-87.671989300976065,40.379879122047143],[-87.671989520031403,40.379445585385106],[-87.671989545599956,40.379398894392423],[-87.67145117112706,40.379388868986261],[-87.671451054914371,40.379609754703097],[-87.67145103798434,40.379648184781438],[-87.671450921494866,40.379869097504098]]]},"properties":{"OBJECTID":122559}},{"type":"Feature","id":122560,"geometry":{"type":"Polygon","coordinates":[[[-87.672280162559659,40.385822508728729],[-87.67473313917894,40.385855693064244],[-87.676118208806201,40.385874454933273],[-87.676101289489679,40.385549757229938],[-87.674574820666336,40.385529102747995],[-87.672121856544749,40.385495861115338],[-87.672280162559659,40.385822508728729]]]},"properties":{"OBJECTID":122560}},{"type":"Feature","id":122561,"geometry":{"type":"Polygon","coordinates":[[[-87.672428243377468,40.382937442443207],[-87.67507263858991,40.382975063341512],[-87.675074176660317,40.382975059488786],[-87.675040745795712,40.382333562907434],[-87.675039217414849,40.382333540698291],[-87.673382807165225,40.382309998287148],[-87.671213902758296,40.382279127496901],[-87.670558301112223,40.382269772072753],[-87.670871119564652,40.382915282468474],[-87.671236733610115,40.382920505882545],[-87.672428243377468,40.382937442443207]]]},"properties":{"OBJECTID":122561}},{"type":"Feature","id":122562,"geometry":{"type":"MultiPolygon","coordinates":[[[[-87.670592647234315,40.385273604647772],[-87.670302117915256,40.385282699241934],[-87.669993384891455,40.385292374920148],[-87.669756681505262,40.385299773123208],[-87.669454518745326,40.385309210390417],[-87.669170166857853,40.38531811876522],[-87.668885778672447,40.385326998314191],[-87.668743584422543,40.385331451334018],[-87.668601390156283,40.385335904178817],[-87.668317073676533,40.38534478274088],[-87.668136385890264,40.385350441042895],[-87.668313795163257,40.385577187255365],[-87.668486242199634,40.385806142582204],[-87.668653680469916,40.386037244638302],[-87.668816063451359,40.386270430137706],[-87.668973344636683,40.386505633992932],[-87.67131288307155,40.386541450592283],[-87.671205575355202,40.386320052751238],[-87.670696815412441,40.385270357965837],[-87.670592647234315,40.385273604647772]]],[[[-87.666616655552545,40.384958384489394],[-87.666695255781519,40.386470755631635],[-87.668566833895426,40.386499427113087],[-87.668409609754988,40.386269585944717],[-87.668247403937428,40.386041760203291],[-87.66808026295611,40.385816014076468],[-87.667908232179983,40.385592408142564],[-87.667731359331228,40.385371002993104],[-87.667549690916701,40.385151862814652],[-87.667363280577732,40.384935044629856],[-87.666616655552545,40.384958384489394]]]]},"properties":{"OBJECTID":122562}},{"type":"Feature","id":122563,"geometry":{"type":"Polygon","coordinates":[[[-87.672587826069559,40.384770434939831],[-87.674217757178553,40.384792491582083],[-87.675972892794178,40.384816261914523],[-87.676063128017034,40.384817480884898],[-87.676274306487514,40.384820332655458],[-87.676479356966681,40.384823108706073],[-87.676797861715912,40.384827399442116],[-87.676430162609279,40.384012524326721],[-87.676388362113997,40.383919884468831],[-87.676345730544725,40.383825400002223],[-87.676311945034811,40.383824933373418],[-87.676184328326372,40.383823194178525],[-87.676011194026785,40.383820870108835],[-87.675936309219551,40.383819856342996],[-87.674808734555455,40.38380460872736],[-87.674842191266393,40.384450415500098],[-87.674846460997273,40.38453283322864],[-87.672456978195697,40.384500489786291],[-87.672587826069559,40.384770434939831]]]},"properties":{"OBJECTID":122563}},{"type":"Feature","id":122564,"geometry":{"type":"Polygon","coordinates":[[[-87.669693633410574,40.38239706493777],[-87.669725292480976,40.383081095845448],[-87.669874843205065,40.383076437055827],[-87.669878246211056,40.382967371975646],[-87.669848505329682,40.382771732868747],[-87.669847773943218,40.38250983302617],[-87.669781664488568,40.38237341403304],[-87.669693633410574,40.38239706493777]]]},"properties":{"OBJECTID":122564}},{"type":"Feature","id":122565,"geometry":{"type":"Polygon","coordinates":[[[-87.668284925459275,40.379660241314212],[-87.668480065015245,40.380067013186292],[-87.669146284800647,40.379877431718228],[-87.669047427153615,40.379673435145435],[-87.668284925459275,40.379660241314212]]]},"properties":{"OBJECTID":122565}},{"type":"Feature","id":122566,"geometry":{"type":"Polygon","coordinates":[[[-87.668624243303029,40.379611190950889],[-87.668713099758278,40.379612744531926],[-87.668715762024092,40.379338237113373],[-87.66862690475179,40.37933668353044],[-87.668624243303029,40.379611190950889]]]},"properties":{"OBJECTID":122566}},{"type":"Feature","id":122567,"geometry":{"type":"Polygon","coordinates":[[[-87.668446492460603,40.379608110383138],[-87.668490921860155,40.379608887257206],[-87.668493548523699,40.379334379640923],[-87.668449119029972,40.379333630685458],[-87.668360226446538,40.379332076694581],[-87.668357599242086,40.379606584303623],[-87.668446492460603,40.379608110383138]]]},"properties":{"OBJECTID":122567}},{"type":"Feature","id":122568,"geometry":{"type":"Polygon","coordinates":[[[-87.667571666268486,40.37982320885223],[-87.66763420617103,40.379824835093558],[-87.66757491048881,40.379693303603759],[-87.667517709591536,40.379692315957755],[-87.667571666268486,40.37982320885223]]]},"properties":{"OBJECTID":122568}},{"type":"Feature","id":122569,"geometry":{"type":"Polygon","coordinates":[[[-87.670094217782989,40.379795225811634],[-87.670180346522329,40.379796845474026],[-87.67018040090602,40.37968153005113],[-87.670094272304667,40.379679911290431],[-87.670094217782989,40.379795225811634]]]},"properties":{"OBJECTID":122569}},{"type":"Feature","id":122570,"geometry":{"type":"Polygon","coordinates":[[[-87.667599424521029,40.379462081108983],[-87.667694704832556,40.379695371090008],[-87.667793258714696,40.379697072154833],[-87.668011519832348,40.379700839792491],[-87.667833831050828,40.379322953472332],[-87.667619226097358,40.379319220958578],[-87.667569769142418,40.379318382384994],[-87.667599424521029,40.379462081108983]]]},"properties":{"OBJECTID":122570}},{"type":"Feature","id":122571,"geometry":{"type":"Polygon","coordinates":[[[-87.66763420617103,40.379824835093558],[-87.667854694046923,40.379830569190354],[-87.668075217283445,40.379836303970784],[-87.668011519832348,40.379700839792491],[-87.667793258714696,40.379697072154833],[-87.667694704832556,40.379695371090008],[-87.66757491048881,40.379693303603759],[-87.66763420617103,40.379824835093558]]]},"properties":{"OBJECTID":122571}},{"type":"Feature","id":122572,"geometry":{"type":"Polygon","coordinates":[[[-87.66757491048881,40.379693303603759],[-87.667694704832556,40.379695371090008],[-87.667599424521029,40.379462081108983],[-87.667569769142418,40.379318382384994],[-87.6674045844034,40.379315514852166],[-87.66757491048881,40.379693303603759]]]},"properties":{"OBJECTID":122572}},{"type":"Feature","id":122573,"geometry":{"type":"Polygon","coordinates":[[[-87.667605343511283,40.384718462044162],[-87.667629164121593,40.384745445248299],[-87.668112118146283,40.384730327437097],[-87.668091084833208,40.38427767315811],[-87.667239010148577,40.384304335972502],[-87.667605343511283,40.384718462044162]]]},"properties":{"OBJECTID":122573}},{"type":"Feature","id":122574,"geometry":{"type":"Polygon","coordinates":[[[-87.666809807885642,40.383819162214252],[-87.667199994223921,40.384260247032273],[-87.668088981203184,40.384232451404166],[-87.668067947879749,40.383779825000801],[-87.666809807885642,40.383819162214252]]]},"properties":{"OBJECTID":122574}},{"type":"Feature","id":122575,"geometry":{"type":"Polygon","coordinates":[[[-87.668994164930652,40.383750865902364],[-87.668964577200811,40.383751793715952],[-87.668971549123228,40.383900665139151],[-87.668978504722858,40.38405132049914],[-87.668985616522178,40.384204420006192],[-87.668545683176063,40.384218169574751],[-87.668546656033286,40.384239723171952],[-87.668547786845707,40.38426341833857],[-87.668554625921288,40.384411218227243],[-87.66856165218951,40.384561901921224],[-87.668568786990875,40.384716043533381],[-87.669008760071861,40.384702295014158],[-87.669038347039745,40.384701367185947],[-87.669067935184501,40.384700439356934],[-87.66906079403438,40.384546708397295],[-87.66905380288668,40.384396052850327],[-87.669046895202811,40.384247813114733],[-87.669045843187519,40.384225190086795],[-87.669044791199411,40.384202564357189],[-87.669037678726525,40.38404951978449],[-87.669030688844288,40.383898864230815],[-87.669023751482172,40.383749938074423],[-87.668994164930652,40.383750865902364]]]},"properties":{"OBJECTID":122575}},{"type":"Feature","id":122577,"geometry":{"type":"Polygon","coordinates":[[[-87.674231603989156,40.371813793917362],[-87.674244399230275,40.372069806602354],[-87.674260253987001,40.372387544093748],[-87.675425590142453,40.372376830888818],[-87.675411190420462,40.372086168599054],[-87.675396694128366,40.371794187302271],[-87.674231603989156,40.371813793917362]]]},"properties":{"OBJECTID":122577}},{"type":"Feature","id":122578,"geometry":{"type":"Polygon","coordinates":[[[-87.669713153920043,40.378666676087001],[-87.669848409626866,40.378669208304878],[-87.669841015062246,40.378468070480288],[-87.669705045968442,40.378472396532118],[-87.669687094075002,40.378472951830204],[-87.669695174087025,40.378666353166544],[-87.669713153920043,40.378666676087001]]]},"properties":{"OBJECTID":122578}},{"type":"Feature","id":122579,"geometry":{"type":"Polygon","coordinates":[[[-87.671222233598769,40.372551316552304],[-87.671241105043606,40.372929935203949],[-87.671653799923845,40.372926153509525],[-87.671634923367819,40.372547460142918],[-87.671222233598769,40.372551316552304]]]},"properties":{"OBJECTID":122579}},{"type":"Feature","id":122580,"geometry":{"type":"Polygon","coordinates":[[[-87.670692467583208,40.372214504060281],[-87.671617893111303,40.372205860278179],[-87.671628147892449,40.3724115759914],[-87.673094953752567,40.372398162905931],[-87.673077610196259,40.372053406729059],[-87.673066549815516,40.371833390798251],[-87.670674650387511,40.371873556057807],[-87.670692467583208,40.372214504060281]]]},"properties":{"OBJECTID":122580}},{"type":"Feature","id":122581,"geometry":{"type":"Polygon","coordinates":[[[-87.670055799059298,40.379181673458078],[-87.670244456152474,40.379185198631916],[-87.670217613044031,40.378456121305163],[-87.670029295811673,40.378462096391765],[-87.669858966953456,40.378467515158292],[-87.669841015062246,40.378468070480288],[-87.669848409626866,40.378669208304878],[-87.66985258025133,40.378781967843508],[-87.669856401942084,40.378886242874948],[-87.669874349642186,40.378886126106167],[-87.669885121695174,40.379178497887061],[-87.670055799059298,40.379181673458078]]]},"properties":{"OBJECTID":122581}},{"type":"Feature","id":122582,"geometry":{"type":"Polygon","coordinates":[[[-87.67116895165978,40.378005608489559],[-87.67118687038446,40.378367715628542],[-87.67129677361072,40.378364200424777],[-87.671423550729003,40.378360176515002],[-87.671405665790317,40.377998097520596],[-87.67116895165978,40.378005608489559]]]},"properties":{"OBJECTID":122582}},{"type":"Feature","id":122583,"geometry":{"type":"Polygon","coordinates":[[[-87.670163068806033,40.378037532552213],[-87.670180945910886,40.378399612577248],[-87.67021548582747,40.378398520120697],[-87.67041762617761,40.378392103440611],[-87.670399746629101,40.378030023434881],[-87.670163068806033,40.378037532552213]]]},"properties":{"OBJECTID":122583}},{"type":"Feature","id":122584,"geometry":{"type":"Polygon","coordinates":[[[-87.669926426262421,40.378045041387352],[-87.669944302101328,40.378407121438428],[-87.670027204081052,40.378404495407757],[-87.670180945910886,40.378399612577248],[-87.670163068806033,40.378037532552213],[-87.669926426262421,40.378045041387352]]]},"properties":{"OBJECTID":122584}},{"type":"Feature","id":122585,"geometry":{"type":"Polygon","coordinates":[[[-87.668279861196524,40.379149541089411],[-87.668360321123188,40.379150936781514],[-87.668362176100956,40.378995088786652],[-87.668362794654115,40.378943076115078],[-87.66836341402032,40.378890980594925],[-87.668364034296957,40.378838912096761],[-87.668283539424323,40.378837515306472],[-87.668279861196524,40.379149541089411]]]},"properties":{"OBJECTID":122585}},{"type":"Feature","id":122586,"geometry":{"type":"Polygon","coordinates":[[[-87.66836341402032,40.378890980594925],[-87.668670860026779,40.378896316159292],[-87.668645389007764,40.378843796001192],[-87.668364034296957,40.378838912096761],[-87.66836341402032,40.378890980594925]]]},"properties":{"OBJECTID":122586}},{"type":"Feature","id":122587,"geometry":{"type":"Polygon","coordinates":[[[-87.66722456374174,40.37913119693318],[-87.667260665191023,40.379131817339513],[-87.667204757183555,40.378634822693172],[-87.667168853270795,40.378635933409711],[-87.666947971321761,40.378642868613227],[-87.666973389335269,40.37912684100916],[-87.66722456374174,40.37913119693318]]]},"properties":{"OBJECTID":122587}},{"type":"Feature","id":122588,"geometry":{"type":"Polygon","coordinates":[[[-87.667721924255261,40.379139798281862],[-87.667799835060165,40.379141152674343],[-87.667637582370276,40.378621257855301],[-87.667560855340142,40.37862364304749],[-87.667389771408679,40.378629025910335],[-87.667475738179192,40.379135553212421],[-87.667721924255261,40.379139798281862]]]},"properties":{"OBJECTID":122588}},{"type":"Feature","id":122589,"geometry":{"type":"Polygon","coordinates":[[[-87.671419797294433,40.376308383805139],[-87.671452411843177,40.376863381713008],[-87.671750911148138,40.376853917267837],[-87.671717828397021,40.376298862724717],[-87.671419797294433,40.376308383805139]]]},"properties":{"OBJECTID":122589}},{"type":"Feature","id":122590,"geometry":{"type":"Polygon","coordinates":[[[-87.6742893851914,40.372970683639821],[-87.675454552152814,40.372959997119892],[-87.675425590142453,40.372376830888818],[-87.674260253987001,40.372387544093748],[-87.673094953752567,40.372398162905931],[-87.671628147892449,40.3724115759914],[-87.671634923367819,40.372547460142918],[-87.671653799923845,40.372926153509525],[-87.673120832402773,40.372912742318924],[-87.674285998119416,40.372902095482701],[-87.6742893851914,40.372970683639821]]]},"properties":{"OBJECTID":122590}},{"type":"Feature","id":122591,"geometry":{"type":"Polygon","coordinates":[[[-87.663355218368139,40.384425679434308],[-87.663378984087728,40.384878212535391],[-87.663615687693849,40.384870827387644],[-87.66359191803609,40.384418294308304],[-87.663355218368139,40.384425679434308]]]},"properties":{"OBJECTID":122591}},{"type":"Feature","id":122601,"geometry":{"type":"Polygon","coordinates":[[[-87.663401095053871,40.372047082972294],[-87.663421536160669,40.372436600772872],[-87.66365838133342,40.372432043147349],[-87.66363790354103,40.372042525172802],[-87.663401095053871,40.372047082972294]]]},"properties":{"OBJECTID":122601}},{"type":"Feature","id":122602,"geometry":{"type":"Polygon","coordinates":[[[-87.66292747945792,40.372056169206267],[-87.662947915483628,40.372445687054366],[-87.663184726561724,40.372441130201544],[-87.663164286550398,40.372051639386022],[-87.66292747945792,40.372056169206267]]]},"properties":{"OBJECTID":122602}},{"type":"Feature","id":122603,"geometry":{"type":"Polygon","coordinates":[[[-87.66192101584673,40.37207555627657],[-87.661941447801553,40.372465019329553],[-87.66217825780933,40.372460464532033],[-87.662157823582177,40.372070974487123],[-87.66192101584673,40.37207555627657]]]},"properties":{"OBJECTID":122603}},{"type":"Feature","id":122604,"geometry":{"type":"Polygon","coordinates":[[[-87.661594478810457,40.376544121452568],[-87.661444547110506,40.376548822290282],[-87.661007030649657,40.376562529426629],[-87.661139917778385,40.376712765647916],[-87.661452634154443,40.376702970947832],[-87.661496399846541,40.376701605985602],[-87.66168930838198,40.376695562481522],[-87.661681183119498,40.376541413617176],[-87.661594478810457,40.376544121452568]]]},"properties":{"OBJECTID":122604}},{"type":"Feature","id":122605,"geometry":{"type":"Polygon","coordinates":[[[-87.660577959441639,40.376077334667059],[-87.660638281508056,40.376145543809884],[-87.660745864933418,40.376142193539359],[-87.660685585194642,40.376073980195734],[-87.660577959441639,40.376077334667059]]]},"properties":{"OBJECTID":122605}},{"type":"Feature","id":122606,"geometry":{"type":"Polygon","coordinates":[[[-87.661385187122335,40.375417474654512],[-87.661408937050666,40.375870035746708],[-87.661537649499962,40.3758660068927],[-87.661645644867647,40.375862627557304],[-87.661621855686803,40.375410065381026],[-87.661499752157198,40.375413885068099],[-87.661385187122335,40.375417474654512]]]},"properties":{"OBJECTID":122606}},{"type":"Feature","id":122607,"geometry":{"type":"Polygon","coordinates":[[[-87.660031877014049,40.375459835513233],[-87.660421935139937,40.375900914062449],[-87.660639721364731,40.37589408406636],[-87.660615975132941,40.37544154986837],[-87.660031877014049,40.375459835513233]]]},"properties":{"OBJECTID":122607}},{"type":"Feature","id":122608,"geometry":{"type":"Polygon","coordinates":[[[-87.659602818568345,40.374974636248965],[-87.659992836066962,40.375415689015711],[-87.660140251253523,40.375411112291928],[-87.660116509667176,40.37495857798892],[-87.659602818568345,40.374974636248965]]]},"properties":{"OBJECTID":122608}},{"type":"Feature","id":122609,"geometry":{"type":"Polygon","coordinates":[[[-87.661325827699827,40.37428612497586],[-87.661349578383806,40.37473865915323],[-87.661442888625999,40.374735716101576],[-87.661586244566038,40.374731250833172],[-87.661562493477405,40.374278716697951],[-87.661404991909436,40.374283648199416],[-87.661325827699827,40.37428612497586]]]},"properties":{"OBJECTID":122609}},{"type":"Feature","id":122610,"geometry":{"type":"Polygon","coordinates":[[[-87.660320000265827,40.374317607240656],[-87.660343707715811,40.374770142255997],[-87.660580375276396,40.374762735102664],[-87.660556629734486,40.374310200810704],[-87.660320000265827,40.374317607240656]]]},"properties":{"OBJECTID":122610}},{"type":"Feature","id":122611,"geometry":{"type":"Polygon","coordinates":[[[-87.660911812187933,40.375432290627472],[-87.660935558951451,40.375884851790211],[-87.661172230357053,40.375877444358473],[-87.661148517344202,40.375424882535846],[-87.660911812187933,40.375432290627472]]]},"properties":{"OBJECTID":122611}},{"type":"Feature","id":122612,"geometry":{"type":"Polygon","coordinates":[[[-87.659851558409287,40.380643178839279],[-87.659877192631427,40.381118369587469],[-87.660227261345241,40.381108494988162],[-87.660202090977663,40.380633307011315],[-87.659851558409287,40.380643178839279]]]},"properties":{"OBJECTID":122612}},{"type":"Feature","id":122613,"geometry":{"type":"Polygon","coordinates":[[[-87.658826952983603,40.381147987729904],[-87.658854016434333,40.381623104131798],[-87.659203655420612,40.381613258049967],[-87.659177020782622,40.381138116305699],[-87.658826952983603,40.381147987729904]]]},"properties":{"OBJECTID":122613}},{"type":"Feature","id":122614,"geometry":{"type":"Polygon","coordinates":[[[-87.659177020782622,40.381138116305699],[-87.659203655420612,40.381613258049967],[-87.659553225129898,40.381603381688635],[-87.659527124998604,40.381128244033548],[-87.659177020782622,40.381138116305699]]]},"properties":{"OBJECTID":122614}},{"type":"Feature","id":122615,"geometry":{"type":"Polygon","coordinates":[[[-87.659527124998604,40.381128244033548],[-87.659553225129898,40.381603381688635],[-87.659902828614364,40.381593533285219],[-87.659877192631427,40.381118369587469],[-87.659527124998604,40.381128244033548]]]},"properties":{"OBJECTID":122615}},{"type":"Feature","id":122616,"geometry":{"type":"Polygon","coordinates":[[[-87.660227261345241,40.381108494988162],[-87.660252432020556,40.381583682923505],[-87.660602035608179,40.381573804488347],[-87.660577329980399,40.381098618427714],[-87.660227261345241,40.381108494988162]]]},"properties":{"OBJECTID":122616}},{"type":"Feature","id":122617,"geometry":{"type":"Polygon","coordinates":[[[-87.663100376072478,40.37151830900865],[-87.663125430695345,40.371996048691223],[-87.663635068369501,40.371988268053315],[-87.663609972203858,40.371510555249088],[-87.663100376072478,40.37151830900865]]]},"properties":{"OBJECTID":122617}},{"type":"Feature","id":122618,"geometry":{"type":"Polygon","coordinates":[[[-87.664356472793358,40.371499285189451],[-87.664381538182269,40.371976832861264],[-87.664848101831851,40.371969703684918],[-87.664823031429677,40.371492211012324],[-87.664356472793358,40.371499285189451]]]},"properties":{"OBJECTID":122618}},{"type":"Feature","id":122619,"geometry":{"type":"Polygon","coordinates":[[[-87.663148362937136,40.370858726188608],[-87.663173421786638,40.371336055277418],[-87.663600495469296,40.371329580336877],[-87.663575432420572,40.370852252209566],[-87.663148362937136,40.370858726188608]]]},"properties":{"OBJECTID":122619}},{"type":"Feature","id":122620,"geometry":{"type":"Polygon","coordinates":[[[-87.662294221426407,40.370871670300048],[-87.662319274527022,40.371348971608157],[-87.662746348052849,40.371342527739571],[-87.662721291029925,40.370865199476683],[-87.662294221426407,40.370871670300048]]]},"properties":{"OBJECTID":122620}},{"type":"Feature","id":122621,"geometry":{"type":"Polygon","coordinates":[[[-87.661157412635049,40.370888867854589],[-87.661185103408158,40.371428631457484],[-87.661592658345725,40.371418071749325],[-87.661611707489485,40.371357462959963],[-87.661624885316769,40.371308165502548],[-87.661633609749984,40.371258296428742],[-87.661637840788515,40.371208090557161],[-87.66163755611089,40.37115778100749],[-87.661623608122937,40.370881803565815],[-87.661157412635049,40.370888867854589]]]},"properties":{"OBJECTID":122621}},{"type":"Feature","id":122622,"geometry":{"type":"Polygon","coordinates":[[[-87.666188758685493,40.370987716682862],[-87.665869278003797,40.370997849053552],[-87.665874854580451,40.371072186758049],[-87.665903054716352,40.371449330073354],[-87.666730084644939,40.371422173896065],[-87.66667361777904,40.370972340039579],[-87.666188758685493,40.370987716682862]]]},"properties":{"OBJECTID":122622}},{"type":"Feature","id":122645,"geometry":{"type":"Polygon","coordinates":[[[-87.664749328487005,40.383883495588989],[-87.66477310258972,40.384336110466563],[-87.665009803282473,40.384328694524939],[-87.664986025876075,40.383876134607739],[-87.664749328487005,40.383883495588989]]]},"properties":{"OBJECTID":122645}},{"type":"Feature","id":122646,"geometry":{"type":"Polygon","coordinates":[[[-87.664039195843259,40.383905711376904],[-87.664062967185004,40.384358244420049],[-87.664299667745908,40.38435085694897],[-87.664275930140832,40.383898325046133],[-87.664039195843259,40.383905711376904]]]},"properties":{"OBJECTID":122646}},{"type":"Feature","id":122647,"geometry":{"type":"Polygon","coordinates":[[[-87.663329064246952,40.383927894890554],[-87.663352830830959,40.384380428940347],[-87.663589566846923,40.38437304402931],[-87.663565798947403,40.383920482999251],[-87.663329064246952,40.383927894890554]]]},"properties":{"OBJECTID":122647}},{"type":"Feature","id":122648,"geometry":{"type":"Polygon","coordinates":[[[-87.66578150268171,40.384349896300918],[-87.665805285804296,40.384802429045934],[-87.666041986592759,40.384795038913573],[-87.666278688789134,40.384787620386874],[-87.66625490222539,40.384335115628936],[-87.666018201887297,40.384342506203986],[-87.66578150268171,40.384349896300918]]]},"properties":{"OBJECTID":122648}},{"type":"Feature","id":122649,"geometry":{"type":"MultiPolygon","coordinates":[[[[-87.663059342468586,40.384434917582389],[-87.66282260592503,40.384442328421237],[-87.662585906387463,40.384449684054992],[-87.662349205064501,40.384457095929747],[-87.66237296524308,40.38490962828736],[-87.662609666685483,40.384902245187071],[-87.662846369528367,40.384894834593062],[-87.663083070889513,40.384887449622362],[-87.663319810148622,40.384880038269941],[-87.663296043379418,40.384427532168822],[-87.663059342468586,40.384434917582389]]],[[[-87.662323095117557,40.383959284416875],[-87.662346782880235,40.384411844315146],[-87.662583519355749,40.384404434449976],[-87.662559793235829,40.383951901390745],[-87.662323095117557,40.383959284416875]]]]},"properties":{"OBJECTID":122649}},{"type":"Feature","id":122650,"geometry":{"type":"Polygon","coordinates":[[[-87.663387809591384,40.38053094641014],[-87.663151153946842,40.380538825823535],[-87.663174917300779,40.380991358347138],[-87.663411575428611,40.380983506821373],[-87.663855158681244,40.380968755902281],[-87.663465617090722,40.380528377529146],[-87.663387809591384,40.38053094641014]]]},"properties":{"OBJECTID":122650}},{"type":"Feature","id":122651,"geometry":{"type":"Polygon","coordinates":[[[-87.661370876195974,40.379368779735955],[-87.661399636769616,40.379916976296499],[-87.661636325718106,40.3799091006561],[-87.661607807012444,40.379365407520247],[-87.661370876195974,40.379368779735955]]]},"properties":{"OBJECTID":122651}},{"type":"Feature","id":122652,"geometry":{"type":"Polygon","coordinates":[[[-87.661049385084482,40.382278426956056],[-87.661073135449939,40.382731014606037],[-87.661310013769778,40.382726764665435],[-87.661298121408009,40.382500457259269],[-87.661286261828309,40.38227417615046],[-87.661049385084482,40.382278426956056]]]},"properties":{"OBJECTID":122652}},{"type":"Feature","id":122653,"geometry":{"type":"Polygon","coordinates":[[[-87.66146138608454,40.381093574530048],[-87.661485139438582,40.381546108175442],[-87.661721833806865,40.381538260324284],[-87.661698080047842,40.381085726721018],[-87.66146138608454,40.381093574530048]]]},"properties":{"OBJECTID":122653}},{"type":"Feature","id":122654,"geometry":{"type":"Polygon","coordinates":[[[-87.661435282178687,40.380595790500699],[-87.661459036406583,40.381048324194282],[-87.661695692529605,40.381040476169844],[-87.661671938165284,40.38058791550273],[-87.661435282178687,40.380595790500699]]]},"properties":{"OBJECTID":122654}},{"type":"Feature","id":122655,"geometry":{"type":"Polygon","coordinates":[[[-87.660110228711204,40.379386700508348],[-87.66014021238864,40.379958758860035],[-87.660376901316738,40.379950913716044],[-87.660347121936482,40.379383330657355],[-87.660110228711204,40.379386700508348]]]},"properties":{"OBJECTID":122655}},{"type":"Feature","id":122725,"geometry":{"type":"Polygon","coordinates":[[[-87.66855657560113,40.382872876298606],[-87.66866094079397,40.382874738822771],[-87.668648699946388,40.382622791707277],[-87.668251856354033,40.382635991746774],[-87.668262645039661,40.382867562290066],[-87.66855657560113,40.382872876298606]]]},"properties":{"OBJECTID":122725}},{"type":"Feature","id":122726,"geometry":{"type":"Polygon","coordinates":[[[-87.667307254556746,40.381836303762398],[-87.667315388153867,40.38198712995591],[-87.667316600876518,40.382009755733606],[-87.667984680089333,40.381987524566647],[-87.667983646135852,40.381964899823934],[-87.667976623234182,40.381814024228646],[-87.667307254556746,40.381836303762398]]]},"properties":{"OBJECTID":122726}},{"type":"Feature","id":122727,"geometry":{"type":"Polygon","coordinates":[[[-87.667299228434629,40.381685449365179],[-87.667307254556746,40.381836303762398],[-87.667976623234182,40.381814024228646],[-87.667969600350389,40.381663149529764],[-87.667579154263294,40.381676136426918],[-87.667299228434629,40.381685449365179]]]},"properties":{"OBJECTID":122727}},{"type":"Feature","id":122728,"geometry":{"type":"Polygon","coordinates":[[[-87.666907667857586,40.381698455492995],[-87.666915657788451,40.38184930880599],[-87.667247756998947,40.381838266537549],[-87.667239660354824,40.381687411730326],[-87.667231597616933,40.38153658503181],[-87.666899679135383,40.381547602182629],[-87.666907667857586,40.381698455492995]]]},"properties":{"OBJECTID":122728}},{"type":"Feature","id":122729,"geometry":{"type":"Polygon","coordinates":[[[-87.666575677628984,40.381709497414697],[-87.666583595244987,40.381860324215104],[-87.666915657788451,40.38184930880599],[-87.666907667857586,40.381698455492995],[-87.666575677628984,40.381709497414697]]]},"properties":{"OBJECTID":122729}},{"type":"Feature","id":122730,"geometry":{"type":"Polygon","coordinates":[[[-87.666550289850264,40.381226377265982],[-87.666558238646232,40.381377614921483],[-87.666962219780046,40.381364187131425],[-87.666954196625852,40.381213113877735],[-87.666950202405857,40.381137549881764],[-87.66654633258581,40.381150813470335],[-87.666550289850264,40.381226377265982]]]},"properties":{"OBJECTID":122730}},{"type":"Feature","id":122731,"geometry":{"type":"Polygon","coordinates":[[[-87.668014659486161,40.380899432725784],[-87.66807190827943,40.381038354903723],[-87.668524150213599,40.380909664735029],[-87.668458406108087,40.380773164204996],[-87.668425552534202,40.380704900972916],[-87.66798601763702,40.380829958916713],[-87.668014659486161,40.380899432725784]]]},"properties":{"OBJECTID":122731}},{"type":"Feature","id":122732,"geometry":{"type":"Polygon","coordinates":[[[-87.666847646034412,40.380566338539438],[-87.666855636539665,40.380717109936349],[-87.667187256589884,40.380706805336771],[-87.66717919063872,40.380556445088246],[-87.667171157785774,40.380406194895976],[-87.666839656471495,40.380415594160809],[-87.666847646034412,40.380566338539438]]]},"properties":{"OBJECTID":122732}},{"type":"Feature","id":122733,"geometry":{"type":"Polygon","coordinates":[[[-87.66671172118599,40.379786536621282],[-87.666735383537542,40.380237257789574],[-87.666972134511454,40.380230552237499],[-87.666955901223616,40.379921705226216],[-87.666948404877942,40.379779089554013],[-87.66671172118599,40.379786536621282]]]},"properties":{"OBJECTID":122733}},{"type":"Feature","id":122734,"geometry":{"type":"Polygon","coordinates":[[[-87.66668629998928,40.379303058622561],[-87.666709329898737,40.379741450939349],[-87.666946015693085,40.379733894018734],[-87.666923587603179,40.379307171241976],[-87.66668629998928,40.379303058622561]]]},"properties":{"OBJECTID":122734}},{"type":"Feature","id":122735,"geometry":{"type":"Polygon","coordinates":[[[-87.666848420107186,40.38071734211934],[-87.666856517244312,40.380868169061863],[-87.667195286438286,40.38085724732511],[-87.667187256589884,40.380706805336771],[-87.666855636539665,40.380717109936349],[-87.666854021296871,40.380717182579218],[-87.666848420107186,40.38071734211934]]]},"properties":{"OBJECTID":122735}},{"type":"Feature","id":122736,"geometry":{"type":"Polygon","coordinates":[[[-87.669879474125821,40.383167869980021],[-87.669898353772382,40.38354126397634],[-87.670906576130648,40.383509713357967],[-87.670641674783027,40.382963130096869],[-87.669879474125821,40.383167869980021]]]},"properties":{"OBJECTID":122736}},{"type":"Feature","id":122737,"geometry":{"type":"Polygon","coordinates":[[[-87.668284533069354,40.383339010216424],[-87.668296267979201,40.38359138039818],[-87.668663164902981,40.383579899299185],[-87.66865144511118,40.383327529238024],[-87.668284533069354,40.383339010216424]]]},"properties":{"OBJECTID":122737}},{"type":"Feature","id":122738,"geometry":{"type":"Polygon","coordinates":[[[-87.667360146058229,40.382851334425609],[-87.667370978539935,40.383070855623657],[-87.667702502280846,40.383060494086465],[-87.667705554518463,40.383060402686198],[-87.668034062429896,40.38305013270854],[-87.66802538384637,40.382863315658042],[-87.66769276473525,40.382857284092573],[-87.667360146058229,40.382851334425609]]]},"properties":{"OBJECTID":122738}},{"type":"Feature","id":122739,"geometry":{"type":"Polygon","coordinates":[[[-87.67103391730835,40.373069067349157],[-87.671035983341667,40.373146688894522],[-87.671047802779128,40.373590514671605],[-87.671056208838451,40.373906120496144],[-87.671328533236235,40.373903636152619],[-87.671687843254077,40.373900356553037],[-87.671665542809023,40.373063295353404],[-87.67103391730835,40.373069067349157]]]},"properties":{"OBJECTID":122739}},{"type":"Feature","id":122740,"geometry":{"type":"Polygon","coordinates":[[[-87.668857260919125,40.374368807194941],[-87.668857536673414,40.3743790942383],[-87.669291895547858,40.374375140176184],[-87.669291391284446,40.374364853622708],[-87.668857260919125,40.374368807194941]]]},"properties":{"OBJECTID":122740}},{"type":"Feature","id":122741,"geometry":{"type":"Polygon","coordinates":[[[-87.669470573442283,40.377252922050353],[-87.669123846966983,40.377330397730404],[-87.669129278273971,40.377420655616852],[-87.669478487881719,40.37741200972637],[-87.669535857775003,40.37741058293016],[-87.669527443977159,40.377240210001943],[-87.669470573442283,40.377252922050353]]]},"properties":{"OBJECTID":122741}},{"type":"Feature","id":122742,"geometry":{"type":"Polygon","coordinates":[[[-87.670472602332751,40.376338698585371],[-87.670500006315109,40.376893611039222],[-87.670647963387225,40.376888914161938],[-87.670620523140869,40.376333973614415],[-87.670472602332751,40.376338698585371]]]},"properties":{"OBJECTID":122742}},{"type":"Feature","id":122743,"geometry":{"type":"Polygon","coordinates":[[[-87.668805570460705,40.376400773674277],[-87.668826066587812,40.376981531988243],[-87.668933847726706,40.376963305862709],[-87.6690426655761,40.376949103952462],[-87.669152264293544,40.376938959907612],[-87.669262382220481,40.376932900141284],[-87.669242951702216,40.376382232585591],[-87.668805570460705,40.376400773674277]]]},"properties":{"OBJECTID":122743}},{"type":"Feature","id":122744,"geometry":{"type":"Polygon","coordinates":[[[-87.669635745787659,40.375764622458313],[-87.669643204685741,40.376365233783758],[-87.669812451773922,40.376359836131741],[-87.669922494530411,40.376356296009291],[-87.670027799294601,40.376352946544898],[-87.670014646411175,40.375757929362408],[-87.669635745787659,40.375764622458313]]]},"properties":{"OBJECTID":122744}},{"type":"Feature","id":122745,"geometry":{"type":"Polygon","coordinates":[[[-87.671750911148138,40.376853917267837],[-87.671823076640976,40.37685164008375],[-87.671825855210344,40.376907194375782],[-87.671827503527425,40.376942138870476],[-87.671830529601891,40.377002246978762],[-87.672744491268134,40.376985138108026],[-87.672730907354932,40.376745161101915],[-87.672703175464434,40.376258001041911],[-87.671716467103863,40.376276114540509],[-87.671717828397021,40.376298862724717],[-87.671750911148138,40.376853917267837]]]},"properties":{"OBJECTID":122745}},{"type":"Feature","id":122746,"geometry":{"type":"Polygon","coordinates":[[[-87.67112197684871,40.377055200751961],[-87.671139895676887,40.377417253021591],[-87.671376572424634,40.377409741892791],[-87.67135865233044,40.377047689649324],[-87.67112197684871,40.377055200751961]]]},"properties":{"OBJECTID":122746}},{"type":"Feature","id":122747,"geometry":{"type":"Polygon","coordinates":[[[-87.669642721567058,40.377102113934853],[-87.669660632217514,40.377464193383496],[-87.669897309243822,40.377456686185539],[-87.669879397336103,40.377094605862467],[-87.669642721567058,40.377102113934853]]]},"properties":{"OBJECTID":122747}},{"type":"Feature","id":122748,"geometry":{"type":"Polygon","coordinates":[[[-87.669463420350297,40.377107809342853],[-87.669286056887302,40.377113434548185],[-87.669178127277803,40.377119063821809],[-87.669070745800639,40.377129070230453],[-87.669123846966983,40.377330397730404],[-87.669470573442283,40.377252922050353],[-87.669527443977159,40.377240210001943],[-87.669520793759489,40.37710599802859],[-87.669463420350297,40.377107809342853]]]},"properties":{"OBJECTID":122748}},{"type":"Feature","id":122749,"geometry":{"type":"Polygon","coordinates":[[[-87.668997094139087,40.37713851022901],[-87.668888109826355,40.377156439514536],[-87.6687805834855,40.377178902459192],[-87.668674838412542,40.377205831580881],[-87.668606732756359,40.377225835417121],[-87.668542135987167,40.377246820296904],[-87.668629097981707,40.377440948055551],[-87.668696328146893,40.377425935559096],[-87.668766400178527,40.377410281035509],[-87.669123846966983,40.377330397730404],[-87.669070745800639,40.377129070230453],[-87.668997094139087,40.37713851022901]]]},"properties":{"OBJECTID":122749}},{"type":"Feature","id":122750,"geometry":{"type":"Polygon","coordinates":[[[-87.667366613487204,40.377587182778385],[-87.667385660647099,40.37794921503307],[-87.667622338762655,40.37794179355452],[-87.667603326830672,40.377579762438906],[-87.667366613487204,40.377587182778385]]]},"properties":{"OBJECTID":122750}},{"type":"Feature","id":122751,"geometry":{"type":"Polygon","coordinates":[[[-87.667129937769744,40.377594603750474],[-87.667149018997989,40.377956635336524],[-87.667385660647099,40.37794921503307],[-87.667366613487204,40.377587182778385],[-87.667129937769744,40.377594603750474]]]},"properties":{"OBJECTID":122751}},{"type":"Feature","id":122752,"geometry":{"type":"Polygon","coordinates":[[[-87.666597414897993,40.377611297800662],[-87.666616422893583,40.377973302027769],[-87.666853064369477,40.377965910731355],[-87.666834091886088,40.37760387882674],[-87.666597414897993,40.377611297800662]]]},"properties":{"OBJECTID":122752}},{"type":"Feature","id":122753,"geometry":{"type":"Polygon","coordinates":[[[-87.667361869905363,40.377496682020258],[-87.667366613487204,40.377587182778385],[-87.667603326830672,40.377579762438906],[-87.667598545261043,40.377489260570393],[-87.667361869905363,40.377496682020258]]]},"properties":{"OBJECTID":122753}},{"type":"Feature","id":122754,"geometry":{"type":"Polygon","coordinates":[[[-87.667125193326811,40.377504102978484],[-87.667129937769744,40.377594603750474],[-87.667366613487204,40.377587182778385],[-87.667361869905363,40.377496682020258],[-87.667125193326811,40.377504102978484]]]},"properties":{"OBJECTID":122754}},{"type":"Feature","id":122755,"geometry":{"type":"Polygon","coordinates":[[[-87.666355960302496,40.377528215297815],[-87.666360702530554,40.377618716986504],[-87.666597414897993,40.377611297800662],[-87.666592635841937,40.377520796809101],[-87.666355960302496,40.377528215297815]]]},"properties":{"OBJECTID":122755}},{"type":"Feature","id":122756,"geometry":{"type":"Polygon","coordinates":[[[-87.667099013423666,40.377006318493173],[-87.667122803455811,40.377458851589644],[-87.667316502980015,40.377452775341084],[-87.667292676319164,40.377000242970716],[-87.667099013423666,40.377006318493173]]]},"properties":{"OBJECTID":122756}},{"type":"Feature","id":122757,"geometry":{"type":"Polygon","coordinates":[[[-87.66686233971781,40.377013738934316],[-87.666886128167675,40.377466272066279],[-87.667122803455811,40.377458851589644],[-87.667099013423666,40.377006318493173],[-87.66686233971781,40.377013738934316]]]},"properties":{"OBJECTID":122757}},{"type":"Feature","id":122758,"geometry":{"type":"Polygon","coordinates":[[[-87.66627038077624,40.375899058187983],[-87.666294092880861,40.376351618095157],[-87.666530800808374,40.376344199909127],[-87.666507050619458,40.375891639826762],[-87.66627038077624,40.375899058187983]]]},"properties":{"OBJECTID":122758}},{"type":"Feature","id":122759,"geometry":{"type":"Polygon","coordinates":[[[-87.666237075244325,40.375265522977202],[-87.666260859054219,40.375718056335643],[-87.666497529450965,40.37571063709489],[-87.666734198624923,40.375703217362528],[-87.666724829059461,40.375524933448595],[-87.666717638588665,40.375387809318973],[-87.666710411650683,40.375250684074985],[-87.666473744050009,40.375258104672398],[-87.666237075244325,40.375265522977202]]]},"properties":{"OBJECTID":122759}},{"type":"Feature","id":122760,"geometry":{"type":"Polygon","coordinates":[[[-87.666296517492768,40.376396869708756],[-87.666303860267178,40.376536740567417],[-87.666540532348833,40.376529321255838],[-87.666777240887285,40.376521901669797],[-87.666769861801257,40.376382031529886],[-87.666533189085342,40.376389450408062],[-87.666296517492768,40.376396869708756]]]},"properties":{"OBJECTID":122760}},{"type":"Feature","id":122761,"geometry":{"type":"Polygon","coordinates":[[[-87.666887629158751,40.374111918106415],[-87.666650964390087,40.374119338192692],[-87.666674750672101,40.374571871574346],[-87.66691141702286,40.374564451452599],[-87.667177495224266,40.37455609436887],[-87.667175090952981,40.374536940615627],[-87.667182261901885,40.374536716253658],[-87.667127991230942,40.374104381947852],[-87.666887629158751,40.374111918106415]]]},"properties":{"OBJECTID":122761}},{"type":"Feature","id":122762,"geometry":{"type":"Polygon","coordinates":[[[-87.667513748402598,40.375281581832567],[-87.667561541645966,40.375662308114627],[-87.668279081077017,40.375647935448818],[-87.668232203121818,40.375275386527164],[-87.667513748402598,40.375281581832567]]]},"properties":{"OBJECTID":122762}},{"type":"Feature","id":122763,"geometry":{"type":"Polygon","coordinates":[[[-87.668869579677747,40.374831920835753],[-87.668758323066015,40.374832934080764],[-87.668759368773252,40.374861212716922],[-87.668760294971278,40.374886314340941],[-87.668764954535703,40.374981947875959],[-87.668765999734987,40.375003446985964],[-87.668772420043936,40.375134764181247],[-87.669382628281411,40.375129208530623],[-87.669370283522426,40.374876999391539],[-87.669367886777167,40.374827383803421],[-87.668869579677747,40.374831920835753]]]},"properties":{"OBJECTID":122763}},{"type":"Feature","id":122764,"geometry":{"type":"Polygon","coordinates":[[[-87.668177180230501,40.374838222248748],[-87.668196758555297,40.3749933389836],[-87.668427655985028,40.374988710384244],[-87.668764954535703,40.374981947875959],[-87.668760294971278,40.374886314340941],[-87.668759368773252,40.374861212716922],[-87.668758323066015,40.374832934080764],[-87.668750975700902,40.374556636208112],[-87.668750171888135,40.374526389404636],[-87.668749515513539,40.374501750423661],[-87.668748711737123,40.374471500017819],[-87.66874600624665,40.374369820441004],[-87.668555703700633,40.374371551750258],[-87.668555977036476,40.374381840581471],[-87.66843293434593,40.374382960473966],[-87.66843110432238,40.374382976969407],[-87.668434756021838,40.374474358522463],[-87.667413582911649,40.374483645725213],[-87.667420461424129,40.37453848437476],[-87.66813865956064,40.374531954041636],[-87.668177180230501,40.374838222248748]]]},"properties":{"OBJECTID":122764}},{"type":"Feature","id":122765,"geometry":{"type":"Polygon","coordinates":[[[-87.668035874356136,40.373096402009622],[-87.668171001704252,40.37384958760974],[-87.668454146129108,40.373838232267687],[-87.668365728365288,40.373093397338295],[-87.668035874356136,40.373096402009622]]]},"properties":{"OBJECTID":122765}},{"type":"Feature","id":122766,"geometry":{"type":"Polygon","coordinates":[[[-87.666724829059461,40.375524933448595],[-87.666734198624923,40.375703217362528],[-87.666970868922178,40.375695798052696],[-87.667326376754545,40.375684642704684],[-87.667304043884599,40.375506778590569],[-87.666961498733372,40.375517514152712],[-87.666724829059461,40.375524933448595]]]},"properties":{"OBJECTID":122766}},{"type":"Feature","id":122767,"geometry":{"type":"Polygon","coordinates":[[[-87.666163374285546,40.373862644447179],[-87.666175247020973,40.374088897572904],[-87.666648576102546,40.374074086777973],[-87.666636700873966,40.373847806665133],[-87.666163374285546,40.373862644447179]]]},"properties":{"OBJECTID":122767}},{"type":"Feature","id":122768,"geometry":{"type":"Polygon","coordinates":[[[-87.670682093249155,40.375746138087592],[-87.670702202419733,40.376331367103468],[-87.67091270281766,40.376324612899197],[-87.671035849568156,40.376320679379901],[-87.671132752274474,40.376317583382232],[-87.671190915882903,40.376315692909479],[-87.671182652438588,40.375737283398834],[-87.67101579907947,40.375740226495317],[-87.670682093249155,40.375746138087592]]]},"properties":{"OBJECTID":122768}},{"type":"Feature","id":122769,"geometry":{"type":"Polygon","coordinates":[[[-87.670348352058184,40.375752047613382],[-87.670368555443716,40.376342026847823],[-87.670472602332751,40.376338698585371],[-87.670620523140869,40.376333973614415],[-87.670692616545253,40.376331669704165],[-87.670702202419733,40.376331367103468],[-87.670682093249155,40.375746138087592],[-87.670348352058184,40.375752047613382]]]},"properties":{"OBJECTID":122769}},{"type":"Feature","id":122770,"geometry":{"type":"Polygon","coordinates":[[[-87.669249433343893,40.375809727163954],[-87.669258929478787,40.376381556148743],[-87.669412179591319,40.376375079290085],[-87.669591355515195,40.376367434395256],[-87.669643204685741,40.376365233783758],[-87.669635745787659,40.375764622458313],[-87.66959331494526,40.375765393879448],[-87.669523314656175,40.375766612221341],[-87.669524596447246,40.375804224851223],[-87.669249433343893,40.375809727163954]]]},"properties":{"OBJECTID":122770}},{"type":"Feature","id":122771,"geometry":{"type":"Polygon","coordinates":[[[-87.666389266319783,40.378161778154642],[-87.666413016567063,40.378614311969081],[-87.66664976656449,40.37860689290212],[-87.66688641171703,40.378599472746032],[-87.666862622961517,40.378146940599819],[-87.666625945252079,40.378154359623053],[-87.666389266319783,40.378161778154642]]]},"properties":{"OBJECTID":122771}},{"type":"Feature","id":122772,"geometry":{"type":"Polygon","coordinates":[[[-87.664950631603162,40.38333879783012],[-87.664969325878531,40.383695310252399],[-87.665327999321647,40.383684152438022],[-87.665309267460486,40.383327557899577],[-87.664950631603162,40.38333879783012]]]},"properties":{"OBJECTID":122772}},{"type":"Feature","id":122773,"geometry":{"type":"Polygon","coordinates":[[[-87.664006790832673,40.383288431576808],[-87.664029717489456,40.383724654915746],[-87.664266414380393,40.383717295403471],[-87.664243547981016,40.383282088302259],[-87.664006790832673,40.383288431576808]]]},"properties":{"OBJECTID":122773}},{"type":"Feature","id":122774,"geometry":{"type":"Polygon","coordinates":[[[-87.663296517359058,40.383307402643823],[-87.663319587516483,40.383746866303305],[-87.663556284819023,40.383739480329751],[-87.663793018841034,40.38373206796755],[-87.663770031567765,40.383294746436455],[-87.66353327434399,40.383301088740801],[-87.663296517359058,40.383307402643823]]]},"properties":{"OBJECTID":122774}},{"type":"Feature","id":122775,"geometry":{"type":"Polygon","coordinates":[[[-87.664745656164925,40.38285713659095],[-87.664771313180239,40.383344403866715],[-87.664950631603162,40.38333879783012],[-87.665309267460486,40.383327557899577],[-87.665924634033729,40.383308382476535],[-87.665516144960463,40.382846574403644],[-87.664745656164925,40.38285713659095]]]},"properties":{"OBJECTID":122775}},{"type":"Feature","id":122776,"geometry":{"type":"Polygon","coordinates":[[[-87.663747775649014,40.382870769288793],[-87.663770031567765,40.383294746436455],[-87.664006790832673,40.383288431576808],[-87.663984680816796,40.382867529871113],[-87.663747775649014,40.382870769288793]]]},"properties":{"OBJECTID":122776}},{"type":"Feature","id":122777,"geometry":{"type":"Polygon","coordinates":[[[-87.663273928741972,40.382877248257074],[-87.663296517359058,40.383307402643823],[-87.66353327434399,40.383301088740801],[-87.663510835128349,40.382874008916829],[-87.663273928741972,40.382877248257074]]]},"properties":{"OBJECTID":122777}},{"type":"Feature","id":122778,"geometry":{"type":"Polygon","coordinates":[[[-87.662766119898393,40.383365814779005],[-87.662786980692786,40.383763487254853],[-87.663023678087811,40.383756103273001],[-87.663260411943739,40.383748719017731],[-87.66323951330682,40.383351019383603],[-87.663002817080084,40.383358430835003],[-87.662766119898393,40.383365814779005]]]},"properties":{"OBJECTID":122778}},{"type":"Feature","id":122779,"geometry":{"type":"Polygon","coordinates":[[[-87.66589575784954,40.382306307750987],[-87.66590766611256,40.382532560783645],[-87.66614432821828,40.382524703701051],[-87.666381026780954,40.38251684634416],[-87.666369116024399,40.382290566324571],[-87.666132454491759,40.382298450889962],[-87.66589575784954,40.382306307750987]]]},"properties":{"OBJECTID":122779}},{"type":"Feature","id":122780,"geometry":{"type":"Polygon","coordinates":[[[-87.665857711990668,40.38158224447605],[-87.665881494903701,40.382034777417452],[-87.666118190596308,40.382026920577673],[-87.666094407544819,40.381574360662789],[-87.665857711990668,40.38158224447605]]]},"properties":{"OBJECTID":122780}},{"type":"Feature","id":122781,"geometry":{"type":"Polygon","coordinates":[[[-87.664643024781171,40.381859494555492],[-87.664654385353799,40.382075559978162],[-87.664828999045838,40.382069735094426],[-87.664643024781171,40.381859494555492]]]},"properties":{"OBJECTID":122781}},{"type":"Feature","id":122782,"geometry":{"type":"Polygon","coordinates":[[[-87.665836318467726,40.381174961977457],[-87.665848227561966,40.381401215063924],[-87.666084885711768,40.381393358069801],[-87.666073011420039,40.381167078189243],[-87.665836318467726,40.381174961977457]]]},"properties":{"OBJECTID":122782}},{"type":"Feature","id":122783,"geometry":{"type":"Polygon","coordinates":[[[-87.665587753084679,40.380956539240309],[-87.665611534027747,40.38140907226979],[-87.665848227561966,40.381401215063924],[-87.665836318467726,40.381174961977457],[-87.665824445027496,40.380948682970342],[-87.665587753084679,40.380956539240309]]]},"properties":{"OBJECTID":122783}},{"type":"Feature","id":122784,"geometry":{"type":"Polygon","coordinates":[[[-87.664818573130177,40.380982097761787],[-87.664842348939388,40.381434630005735],[-87.66507900729485,40.381426775072157],[-87.665055266416715,40.380974242174005],[-87.664818573130177,40.380982097761787]]]},"properties":{"OBJECTID":122784}},{"type":"Feature","id":122785,"geometry":{"type":"Polygon","coordinates":[[[-87.664599255719764,40.381320078273262],[-87.664704612817062,40.381439213720583],[-87.664842348939388,40.381434630005735],[-87.664818573130177,40.380982097761787],[-87.664581916308663,40.38098995217522],[-87.664345222934301,40.380997805892683],[-87.664347186689696,40.381035121693891],[-87.664599255719764,40.381320078273262]]]},"properties":{"OBJECTID":122785}},{"type":"Feature","id":122786,"geometry":{"type":"Polygon","coordinates":[[[-87.66510335982143,40.381890016577017],[-87.665249969475568,40.382055753192468],[-87.66534896328595,40.382052482322749],[-87.66532521953647,40.38159992158959],[-87.665088524993365,40.381607804734223],[-87.664860411386627,40.381615380371109],[-87.66510335982143,40.381890016577017]]]},"properties":{"OBJECTID":122786}},{"type":"Feature","id":122787,"geometry":{"type":"Polygon","coordinates":[[[-87.66595960343443,40.38064886253612],[-87.665972683032436,40.380898427419176],[-87.666058749117354,40.380895547827308],[-87.666295405487077,40.380887689486769],[-87.666282352800934,40.38063897673463],[-87.6660456314318,40.380646230391015],[-87.66595960343443,40.38064886253612]]]},"properties":{"OBJECTID":122787}},{"type":"Feature","id":122788,"geometry":{"type":"Polygon","coordinates":[[[-87.665797972359641,40.380445160160733],[-87.6658220571057,40.380903432494797],[-87.665972683032436,40.380898427419176],[-87.66595960343443,40.38064886253612],[-87.665948625279512,40.380440896441392],[-87.665797972359641,40.380445160160733]]]},"properties":{"OBJECTID":122788}},{"type":"Feature","id":122789,"geometry":{"type":"Polygon","coordinates":[[[-87.66479186864791,40.380473714808794],[-87.66481618471218,40.380936846363781],[-87.665052877831585,40.380928991680101],[-87.665028619410563,40.380467013237471],[-87.66479186864791,40.380473714808794]]]},"properties":{"OBJECTID":122789}},{"type":"Feature","id":122790,"geometry":{"type":"Polygon","coordinates":[[[-87.66552795651053,40.379818328629639],[-87.665551736757379,40.38027086175375],[-87.665788487942066,40.380264157726486],[-87.665774073851267,40.379989881466727],[-87.665764706103175,40.379811625538359],[-87.66552795651053,40.379818328629639]]]},"properties":{"OBJECTID":122790}},{"type":"Feature","id":122791,"geometry":{"type":"Polygon","coordinates":[[[-87.664995325305952,40.379833450333543],[-87.66501910199112,40.38028598353749],[-87.6652558167536,40.380279281291187],[-87.665232039938843,40.379826720213337],[-87.664995325305952,40.379833450333543]]]},"properties":{"OBJECTID":122791}},{"type":"Feature","id":122792,"geometry":{"type":"Polygon","coordinates":[[[-87.664767976908166,40.380018435963343],[-87.664782350408274,40.380292713003939],[-87.66501910199112,40.38028598353749],[-87.664995325305952,40.379833450333543],[-87.664758611819025,40.379840179075067],[-87.664767976908166,40.380018435963343]]]},"properties":{"OBJECTID":122792}},{"type":"Feature","id":122793,"geometry":{"type":"Polygon","coordinates":[[[-87.664968227567613,40.379317572275859],[-87.664992937968336,40.379788199836931],[-87.665229686591701,40.379781469917589],[-87.665205120721012,40.379314164552653],[-87.664968227567613,40.379317572275859]]]},"properties":{"OBJECTID":122793}},{"type":"Feature","id":122794,"geometry":{"type":"Polygon","coordinates":[[[-87.66425751025011,40.379327680642888],[-87.664282761615453,40.379808358269671],[-87.66451947502496,40.379801630501689],[-87.664494403169783,40.379324303192952],[-87.66425751025011,40.379327680642888]]]},"properties":{"OBJECTID":122794}},{"type":"Feature","id":122795,"geometry":{"type":"Polygon","coordinates":[[[-87.663951396987486,40.38223382921791],[-87.663975166219885,40.382686472263622],[-87.664212070746288,40.382683231474175],[-87.664188371752147,40.382230589780363],[-87.663951396987486,40.38223382921791]]]},"properties":{"OBJECTID":122795}},{"type":"Feature","id":122796,"geometry":{"type":"Polygon","coordinates":[[[-87.662233733037411,40.382257307455859],[-87.66225749140591,40.382710005698939],[-87.662494431912521,40.382706714603579],[-87.662470637263056,40.382254071129843],[-87.662233733037411,40.382257307455859]]]},"properties":{"OBJECTID":122796}},{"type":"Feature","id":122797,"geometry":{"type":"Polygon","coordinates":[[[-87.662644781517443,40.381054301388438],[-87.66266850627899,40.381506834645734],[-87.662905201583314,40.381498984376883],[-87.662881439011485,40.381046423027037],[-87.662644781517443,40.381054301388438]]]},"properties":{"OBJECTID":122797}},{"type":"Feature","id":122798,"geometry":{"type":"Polygon","coordinates":[[[-87.665942044511496,40.378674399046623],[-87.665965551986787,40.379122126946427],[-87.666202444157804,40.379118745090338],[-87.666178724097477,40.37866698143899],[-87.665942044511496,40.378674399046623]]]},"properties":{"OBJECTID":122798}},{"type":"Feature","id":122799,"geometry":{"type":"Polygon","coordinates":[[[-87.665820114251218,40.378678224281089],[-87.66584349666708,40.379123865753598],[-87.665965551986787,40.379122126946427],[-87.665942044511496,40.378674399046623],[-87.665820114251218,40.378678224281089]]]},"properties":{"OBJECTID":122799}},{"type":"Feature","id":122800,"geometry":{"type":"Polygon","coordinates":[[[-87.665468648691501,40.378689233497042],[-87.6654917652385,40.379128889188578],[-87.665728657452519,40.379125507402932],[-87.665705328368063,40.378681816859185],[-87.665468648691501,40.378689233497042]]]},"properties":{"OBJECTID":122800}},{"type":"Feature","id":122801,"geometry":{"type":"Polygon","coordinates":[[[-87.664699400547164,40.378713336473375],[-87.66472181662391,40.379139839883692],[-87.664958709803713,40.379136486698407],[-87.664936116883055,40.378705920721814],[-87.664699400547164,40.378713336473375]]]},"properties":{"OBJECTID":122801}},{"type":"Feature","id":122822,"geometry":{"type":"Polygon","coordinates":[[[-87.665915872976072,40.378176615360459],[-87.665927746620383,40.378402868349674],[-87.666164461768901,40.378395450073413],[-87.666152552007844,40.378169196898099],[-87.665915872976072,40.378176615360459]]]},"properties":{"OBJECTID":122822}},{"type":"Feature","id":122834,"geometry":{"type":"Polygon","coordinates":[[[-87.665413960956101,40.377648387704824],[-87.665432997672028,40.378010420193682],[-87.665669674983846,40.378003002708397],[-87.665650673495833,40.377640971359178],[-87.665413960956101,40.377648387704824]]]},"properties":{"OBJECTID":122834}},{"type":"Feature","id":122835,"geometry":{"type":"Polygon","coordinates":[[[-87.665177283687356,40.377655804670098],[-87.665196319137394,40.378017837187315],[-87.665432997672028,40.378010420193682],[-87.665413960956101,40.377648387704824],[-87.665177283687356,40.377655804670098]]]},"properties":{"OBJECTID":122835}},{"type":"Feature","id":122836,"geometry":{"type":"Polygon","coordinates":[[[-87.662474412103393,40.378103092679559],[-87.662711089971936,40.378095682155504],[-87.662947767804184,40.378088270246096],[-87.662928780883561,40.377726237671382],[-87.662924006732567,40.377635736569395],[-87.662687329305172,40.377643148436675],[-87.662450653010055,40.377650559825902],[-87.662233112339621,40.377657367626263],[-87.662281544770437,40.37774650287335],[-87.6624553900254,40.377741060730351],[-87.662474412103393,40.378103092679559]]]},"properties":{"OBJECTID":122836}},{"type":"Feature","id":122837,"geometry":{"type":"Polygon","coordinates":[[[-87.665172543308486,40.377565275930479],[-87.665177283687356,40.377655804670098],[-87.665413960956101,40.377648387704824],[-87.665409218807483,40.377557886881611],[-87.665172543308486,40.377565275930479]]]},"properties":{"OBJECTID":122837}},{"type":"Feature","id":122838,"geometry":{"type":"Polygon","coordinates":[[[-87.664876660574862,40.377574573703107],[-87.664881437336589,40.377665074746346],[-87.665118114661908,40.377657658387122],[-87.665113372908877,40.377567157555085],[-87.664876660574862,40.377574573703107]]]},"properties":{"OBJECTID":122838}},{"type":"Feature","id":122839,"geometry":{"type":"Polygon","coordinates":[[[-87.664403307607699,40.37758940405913],[-87.664408048402436,40.377679905812819],[-87.664644724640823,40.377672490416508],[-87.664639984707108,40.377581988676667],[-87.664403307607699,40.37758940405913]]]},"properties":{"OBJECTID":122839}},{"type":"Feature","id":122840,"geometry":{"type":"Polygon","coordinates":[[[-87.664613859840827,40.37708417787784],[-87.664637632991273,40.377536738361997],[-87.664874308700789,40.377529323391926],[-87.664895815442705,40.377528651600585],[-87.664872040574991,40.377076090254498],[-87.664850533976846,40.37707676204262],[-87.664613859840827,40.37708417787784]]]},"properties":{"OBJECTID":122840}},{"type":"Feature","id":122841,"geometry":{"type":"Polygon","coordinates":[[[-87.665866184584004,40.376410361995831],[-87.665889965031553,40.376862895317835],[-87.666083592281197,40.376856820713321],[-87.666059844686259,40.376404287617298],[-87.665866184584004,40.376410361995831]]]},"properties":{"OBJECTID":122841}},{"type":"Feature","id":122842,"geometry":{"type":"Polygon","coordinates":[[[-87.665586463595048,40.376419123577023],[-87.665610243350045,40.376871656947721],[-87.665846953163054,40.376864239276806],[-87.665889965031553,40.376862895317835],[-87.665866184584004,40.376410361995831],[-87.665823136501004,40.376411705737659],[-87.665586463595048,40.376419123577023]]]},"properties":{"OBJECTID":122842}},{"type":"Feature","id":122843,"geometry":{"type":"Polygon","coordinates":[[[-87.665349791830153,40.376426540037876],[-87.665373570002927,40.376879073443988],[-87.665610243350045,40.376871656947721],[-87.665586463595048,40.376419123577023],[-87.665349791830153,40.376426540037876]]]},"properties":{"OBJECTID":122843}},{"type":"Feature","id":122844,"geometry":{"type":"Polygon","coordinates":[[[-87.663649171882398,40.377114444540183],[-87.66367293912684,40.377566950236677],[-87.663690890816255,40.377566395870623],[-87.663927567893197,40.377558981946216],[-87.663903798312745,40.377106421349119],[-87.663667123995708,40.377113835244955],[-87.663649171882398,40.377114444540183]]]},"properties":{"OBJECTID":122844}},{"type":"Feature","id":122845,"geometry":{"type":"Polygon","coordinates":[[[-87.662957063111122,40.377136072004106],[-87.66298082427447,40.377588605713321],[-87.663217501478101,40.377581194144028],[-87.663454178377847,40.377573808205021],[-87.663430377815033,40.377121247339382],[-87.663193737554934,40.377128660463313],[-87.662957063111122,40.377136072004106]]]},"properties":{"OBJECTID":122845}},{"type":"Feature","id":122846,"geometry":{"type":"Polygon","coordinates":[[[-87.662661218799641,40.377145337317366],[-87.66268497917153,40.377597870177084],[-87.662921656431692,40.377590459213828],[-87.662897893317819,40.377137924581596],[-87.662661218799641,40.377145337317366]]]},"properties":{"OBJECTID":122846}},{"type":"Feature","id":122847,"geometry":{"type":"Polygon","coordinates":[[[-87.663397170286629,40.376487711168565],[-87.663420935405256,40.376940244866574],[-87.663657610303233,40.376932832377022],[-87.663894285155976,40.376925419402696],[-87.663870515704218,40.376472884868036],[-87.663633843602341,40.376480298714377],[-87.663397170286629,40.376487711168565]]]},"properties":{"OBJECTID":122847}},{"type":"Feature","id":122848,"geometry":{"type":"Polygon","coordinates":[[[-87.661917893273895,40.376534003989541],[-87.661941647057191,40.376986564917154],[-87.662178322237764,40.376979155457924],[-87.662154602196679,40.37652659477061],[-87.661917893273895,40.376534003989541]]]},"properties":{"OBJECTID":122848}},{"type":"Feature","id":122849,"geometry":{"type":"Polygon","coordinates":[[[-87.663607726467561,40.375982486756143],[-87.663631456362452,40.376435020248799],[-87.663868164799155,40.376427607517861],[-87.663844396820011,40.375975073849197],[-87.663607726467561,40.375982486756143]]]},"properties":{"OBJECTID":122849}},{"type":"Feature","id":122850,"geometry":{"type":"Polygon","coordinates":[[[-87.664521192331932,40.375319295277059],[-87.664544929346746,40.375771828687967],[-87.664781598894265,40.375764412955363],[-87.664757826150819,40.375311879382359],[-87.664521192331932,40.375319295277059]]]},"properties":{"OBJECTID":122850}},{"type":"Feature","id":122851,"geometry":{"type":"Polygon","coordinates":[[[-87.664284488096001,40.375326682362179],[-87.664308258585351,40.375779243028447],[-87.664544929346746,40.375771828687967],[-87.664521192331932,40.375319295277059],[-87.664284488096001,40.375326682362179]]]},"properties":{"OBJECTID":122851}},{"type":"Feature","id":122852,"geometry":{"type":"Polygon","coordinates":[[[-87.66550090365709,40.374789964845689],[-87.665524646816479,40.375242526064028],[-87.665761349755201,40.375235108513856],[-87.665737570858226,40.374782548034247],[-87.66550090365709,40.374789964845689]]]},"properties":{"OBJECTID":122852}},{"type":"Feature","id":122853,"geometry":{"type":"Polygon","coordinates":[[[-87.665264201078074,40.374797381868781],[-87.665288013578618,40.37524991561439],[-87.665524646816479,40.375242526064028],[-87.66550090365709,40.374789964845689],[-87.665264201078074,40.374797381868781]]]},"properties":{"OBJECTID":122853}},{"type":"Feature","id":122854,"geometry":{"type":"Polygon","coordinates":[[[-87.66499424265335,40.374171262133679],[-87.665018016682978,40.374623795756477],[-87.665254718674376,40.374616379232421],[-87.665230941884985,40.374163845638215],[-87.66499424265335,40.374171262133679]]]},"properties":{"OBJECTID":122854}},{"type":"Feature","id":122855,"geometry":{"type":"Polygon","coordinates":[[[-87.664225081387229,40.374195334672343],[-87.664248851185363,40.374647895432631],[-87.664485518000205,40.374640480280021],[-87.664544684398024,40.374638626864723],[-87.664520912631104,40.374186065248097],[-87.664461746619935,40.374187919555126],[-87.664225081387229,40.374195334672343]]]},"properties":{"OBJECTID":122855}},{"type":"Feature","id":122856,"geometry":{"type":"Polygon","coordinates":[[[-87.662331898779001,40.375387835770994],[-87.662355656205207,40.375840397629347],[-87.662592327348634,40.375832986388126],[-87.662568568340134,40.375380424565066],[-87.662331898779001,40.375387835770994]]]},"properties":{"OBJECTID":122856}},{"type":"Feature","id":122857,"geometry":{"type":"Polygon","coordinates":[[[-87.661858524197115,40.375402656523285],[-87.661882278476426,40.375855216651217],[-87.662118949701295,40.375847807280209],[-87.662095230359057,40.375395245598412],[-87.661858524197115,40.375402656523285]]]},"properties":{"OBJECTID":122857}},{"type":"Feature","id":122858,"geometry":{"type":"Polygon","coordinates":[[[-87.662069123398638,40.374897462104073],[-87.662092807390493,40.375349995706017],[-87.6623295121626,40.375342585193508],[-87.662305755940892,40.374890051216795],[-87.662069123398638,40.374897462104073]]]},"properties":{"OBJECTID":122858}},{"type":"Feature","id":122859,"geometry":{"type":"Polygon","coordinates":[[[-87.662509189131271,40.374249076228011],[-87.662532947449108,40.374701638145083],[-87.662769614591895,40.374694226507316],[-87.66274585468291,40.374241665526128],[-87.662509189131271,40.374249076228011]]]},"properties":{"OBJECTID":122859}},{"type":"Feature","id":122860,"geometry":{"type":"Polygon","coordinates":[[[-87.665453346960533,40.373884898621078],[-87.665465218509254,40.374111150906124],[-87.665938583452132,40.374096316208103],[-87.665926673829574,40.373870062847246],[-87.665453346960533,40.373884898621078]]]},"properties":{"OBJECTID":122860}},{"type":"Feature","id":122861,"geometry":{"type":"Polygon","coordinates":[[[-87.665441440442279,40.373658617305928],[-87.665453346960533,40.373884898621078],[-87.665926673829574,40.373870062847246],[-87.665914802220854,40.373643782678784],[-87.665441440442279,40.373658617305928]]]},"properties":{"OBJECTID":122861}},{"type":"Feature","id":123021,"geometry":{"type":"Polygon","coordinates":[[[-87.665231967783242,40.37869665054378],[-87.665254835335332,40.379132269370537],[-87.6654917652385,40.379128889188578],[-87.665468648691501,40.378689233497042],[-87.665231967783242,40.37869665054378]]]},"properties":{"OBJECTID":123021}},{"type":"Feature","id":123022,"geometry":{"type":"Polygon","coordinates":[[[-87.664936116883055,40.378705920721814],[-87.664958709803713,40.379136486698407],[-87.665195603224646,40.379133106912555],[-87.66517279667039,40.378698504274325],[-87.664936116883055,40.378705920721814]]]},"properties":{"OBJECTID":123022}},{"type":"Feature","id":123043,"geometry":{"type":"Polygon","coordinates":[[[-87.663431048486672,40.372617630805934],[-87.663194237977606,40.372622188165053],[-87.662957427452241,40.372626744138429],[-87.662979984720451,40.373055802248047],[-87.66321661074322,40.373048389441891],[-87.66345327085719,40.373040977249431],[-87.663689932112291,40.373033563678483],[-87.66366785897047,40.372613072961613],[-87.663431048486672,40.372617630805934]]]},"properties":{"OBJECTID":123043}},{"type":"Feature","id":123050,"geometry":{"type":"Polygon","coordinates":[[[-87.665927746620383,40.378402868349674],[-87.665939655392918,40.378629148549003],[-87.666176336007069,40.378621730051194],[-87.666164461768901,40.378395450073413],[-87.665927746620383,40.378402868349674]]]},"properties":{"OBJECTID":123050}},{"type":"Feature","id":123051,"geometry":{"type":"Polygon","coordinates":[[[-87.665442515963065,40.378191449936914],[-87.665466259889413,40.378643982992287],[-87.665702939407751,40.378636566357997],[-87.665679230402006,40.378184033548699],[-87.665442515963065,40.378191449936914]]]},"properties":{"OBJECTID":123051}},{"type":"Feature","id":123052,"geometry":{"type":"Polygon","coordinates":[[[-87.665205801736818,40.37819883972498],[-87.665229579139364,40.378651400035452],[-87.665466259889413,40.378643982992287],[-87.665442515963065,40.378191449936914],[-87.665205801736818,40.37819883972498]]]},"properties":{"OBJECTID":123052}},{"type":"Feature","id":123053,"geometry":{"type":"Polygon","coordinates":[[[-87.664909953021436,40.378208108953778],[-87.664933729890407,40.37866064229965],[-87.665170409243629,40.378653253771915],[-87.665146632236699,40.378200693452612],[-87.664909953021436,40.378208108953778]]]},"properties":{"OBJECTID":123053}},{"type":"Feature","id":123054,"geometry":{"type":"Polygon","coordinates":[[[-87.665887349496515,40.377633553417319],[-87.665906353419004,40.377995585645586],[-87.666143066876671,40.377988194416893],[-87.66612402662048,40.377626135897991],[-87.665887349496515,40.377633553417319]]]},"properties":{"OBJECTID":123054}},{"type":"Feature","id":123055,"geometry":{"type":"Polygon","coordinates":[[[-87.665650673495833,40.377640971359178],[-87.665669674983846,40.378003002708397],[-87.665906353419004,40.377995585645586],[-87.665887349496515,40.377633553417319],[-87.665650673495833,40.377640971359178]]]},"properties":{"OBJECTID":123055}},{"type":"Feature","id":123056,"geometry":{"type":"Polygon","coordinates":[[[-87.664408048402436,40.377679905812819],[-87.664427079747,40.378041937521651],[-87.664663757251262,40.378034522096982],[-87.664644724640823,40.377672490416508],[-87.664408048402436,40.377679905812819]]]},"properties":{"OBJECTID":123056}},{"type":"Feature","id":123057,"geometry":{"type":"Polygon","coordinates":[[[-87.663461304156598,40.37770956052362],[-87.66346842996019,40.377845312838836],[-87.663705143365931,40.377837898682188],[-87.66394185670859,40.377830485841571],[-87.663934693452774,40.377694733336277],[-87.663698017078659,40.377702147278086],[-87.663461304156598,40.37770956052362]]]},"properties":{"OBJECTID":123057}},{"type":"Feature","id":123058,"geometry":{"type":"Polygon","coordinates":[[[-87.663224627700927,40.377716972595167],[-87.663243652706882,40.378079005346123],[-87.663480331605953,40.37807159325309],[-87.66346842996019,40.377845312838836],[-87.663461304156598,40.37770956052362],[-87.663224627700927,40.377716972595167]]]},"properties":{"OBJECTID":123058}},{"type":"Feature","id":123059,"geometry":{"type":"Polygon","coordinates":[[[-87.662987950013601,40.377724385075581],[-87.663006903102826,40.378086417445289],[-87.663243652706882,40.378079005346123],[-87.663224627700927,40.377716972595167],[-87.662987950013601,40.377724385075581]]]},"properties":{"OBJECTID":123059}},{"type":"Feature","id":123060,"geometry":{"type":"Polygon","coordinates":[[[-87.665705328368063,40.378681816859185],[-87.665728657452519,40.379125507402932],[-87.66584349666708,40.379123865753598],[-87.665820114251218,40.378678224281089],[-87.665705328368063,40.378681816859185]]]},"properties":{"OBJECTID":123060}},{"type":"Feature","id":123061,"geometry":{"type":"Polygon","coordinates":[[[-87.664166631649437,40.377596818063054],[-87.664171370950228,40.377687319816957],[-87.664190402197491,40.378049352461453],[-87.664427079747,40.378041937521651],[-87.664408048402436,40.377679905812819],[-87.664403307607699,40.37758940405913],[-87.664166631649437,40.377596818063054]]]},"properties":{"OBJECTID":123061}},{"type":"Feature","id":123062,"geometry":{"type":"Polygon","coordinates":[[[-87.665738099250277,40.377048949910929],[-87.665761881085928,40.37750151113422],[-87.66588021884327,40.377497802108024],[-87.666116895501474,40.377490383698792],[-87.666093111016821,40.377037850444836],[-87.665856437118407,40.377045268825434],[-87.665738099250277,40.377048949910929]]]},"properties":{"OBJECTID":123062}},{"type":"Feature","id":123063,"geometry":{"type":"Polygon","coordinates":[[[-87.665501425284035,40.377056367564293],[-87.665525169043562,40.377508927711702],[-87.665643542148658,40.377505219131905],[-87.665761881085928,40.37750151113422],[-87.665738099250277,40.377048949910929],[-87.665619763450309,40.377052658805027],[-87.665501425284035,40.377056367564293]]]},"properties":{"OBJECTID":123063}},{"type":"Feature","id":123064,"geometry":{"type":"Polygon","coordinates":[[[-87.664580569409097,40.376450641538611],[-87.664604342439276,40.376903175059759],[-87.664841017111016,40.376895760146034],[-87.664817242498572,40.376443226660271],[-87.664580569409097,40.376450641538611]]]},"properties":{"OBJECTID":123064}},{"type":"Feature","id":123065,"geometry":{"type":"Polygon","coordinates":[[[-87.662424507751695,40.377152747555556],[-87.662448266532067,40.377605281351073],[-87.66268497917153,40.377597870177084],[-87.662661218799641,40.377145337317366],[-87.662424507751695,40.377152747555556]]]},"properties":{"OBJECTID":123065}},{"type":"Feature","id":123066,"geometry":{"type":"Polygon","coordinates":[[[-87.662154602196679,40.37652659477061],[-87.662178322237764,40.376979155457924],[-87.662415032706875,40.376971744818285],[-87.662391275481681,40.376519211877451],[-87.662154602196679,40.37652659477061]]]},"properties":{"OBJECTID":123066}},{"type":"Feature","id":123067,"geometry":{"type":"Polygon","coordinates":[[[-87.662897677432781,40.376004725051374],[-87.662921439091733,40.376457257960922],[-87.663158109984607,40.376449846466272],[-87.663134347929855,40.375997312698352],[-87.662897677432781,40.376004725051374]]]},"properties":{"OBJECTID":123067}},{"type":"Feature","id":123068,"geometry":{"type":"Polygon","coordinates":[[[-87.663430377815033,40.377121247339382],[-87.663454178377847,40.377573808205021],[-87.66367293912684,40.377566950236677],[-87.663649171882398,40.377114444540183],[-87.663430377815033,40.377121247339382]]]},"properties":{"OBJECTID":123068}},{"type":"Feature","id":123069,"geometry":{"type":"Polygon","coordinates":[[[-87.665290365395506,40.375295193852729],[-87.665314142885435,40.375747726452374],[-87.665550813463327,40.375740309150878],[-87.665527035568701,40.375287776593446],[-87.665290365395506,40.375295193852729]]]},"properties":{"OBJECTID":123069}},{"type":"Feature","id":123070,"geometry":{"type":"Polygon","coordinates":[[[-87.664047820683066,40.375334151127987],[-87.66407155244562,40.375786657580207],[-87.664308258585351,40.375779243028447],[-87.664284488096001,40.375326682362179],[-87.664047820683066,40.375334151127987]]]},"properties":{"OBJECTID":123070}},{"type":"Feature","id":123071,"geometry":{"type":"Polygon","coordinates":[[[-87.665027533777518,40.374804798611116],[-87.665051309380857,40.375257331287536],[-87.665288013578618,40.37524991561439],[-87.665264201078074,40.374797381868781],[-87.665027533777518,40.374804798611116]]]},"properties":{"OBJECTID":123071}},{"type":"Feature","id":123072,"geometry":{"type":"Polygon","coordinates":[[[-87.664495033670917,40.374821483166528],[-87.664518769204179,40.375274016612032],[-87.664755473512656,40.375266601129368],[-87.664731701073322,40.37481406751499],[-87.664495033670917,40.374821483166528]]]},"properties":{"OBJECTID":123072}},{"type":"Feature","id":123073,"geometry":{"type":"Polygon","coordinates":[[[-87.663988380794862,40.374202748199806],[-87.664012149001607,40.374655309895992],[-87.664248851185363,40.374647895432631],[-87.664225081387229,40.374195334672343],[-87.663988380794862,40.374202748199806]]]},"properties":{"OBJECTID":123073}},{"type":"Feature","id":123074,"geometry":{"type":"Polygon","coordinates":[[[-87.662568568340134,40.375380424565066],[-87.662592327348634,40.375832986388126],[-87.662828997260448,40.375825575555794],[-87.662805236669655,40.375373013768083],[-87.662568568340134,40.375380424565066]]]},"properties":{"OBJECTID":123074}},{"type":"Feature","id":123075,"geometry":{"type":"Polygon","coordinates":[[[-87.663311627705497,40.374858551955732],[-87.663335390651554,40.3753110857823],[-87.663572059862318,40.375303672519479],[-87.663548329471453,40.374851139826539],[-87.663311627705497,40.374858551955732]]]},"properties":{"OBJECTID":123075}},{"type":"Feature","id":123076,"geometry":{"type":"Polygon","coordinates":[[[-87.663041686271228,40.374232400789886],[-87.663065446980511,40.374684961720128],[-87.663302149345171,40.37467754919625],[-87.66343121764524,40.3746734941734],[-87.663407489546543,40.374220960518073],[-87.663278387053481,40.374224988301378],[-87.663041686271228,40.374232400789886]]]},"properties":{"OBJECTID":123076}},{"type":"Feature","id":123077,"geometry":{"type":"Polygon","coordinates":[[[-87.662272524702928,40.374256487352532],[-87.662296280270084,40.37470904839752],[-87.662532947449108,40.374701638145083],[-87.662509189131271,40.374249076228011],[-87.662272524702928,40.374256487352532]]]},"properties":{"OBJECTID":123077}},{"type":"Feature","id":123078,"geometry":{"type":"Polygon","coordinates":[[[-87.663337777940342,40.375356336344659],[-87.663101108535074,40.375363748225695],[-87.662864404920214,40.375371161225026],[-87.662880257333697,40.375672867949355],[-87.662888164738021,40.375823722096555],[-87.663124834602229,40.375816309757717],[-87.66336154210039,40.375808897152339],[-87.663598211865235,40.375801484744336],[-87.66357441079893,40.375348923767412],[-87.663337777940342,40.375356336344659]]]},"properties":{"OBJECTID":123078}},{"type":"Feature","id":123079,"geometry":{"type":"Polygon","coordinates":[[[-87.664968114983168,40.373673450204656],[-87.664991889886082,40.374125983875651],[-87.665465218509254,40.374111150906124],[-87.665453346960533,40.373884898621078],[-87.665441440442279,40.373658617305928],[-87.664968114983168,40.373673450204656]]]},"properties":{"OBJECTID":123079}},{"type":"Feature","id":123080,"geometry":{"type":"Polygon","coordinates":[[[-87.663962297923106,40.373704964239892],[-87.663973074777914,40.373910679046674],[-87.664209739034746,40.37390326443704],[-87.664198924951307,40.373697550335628],[-87.663962297923106,40.373704964239892]]]},"properties":{"OBJECTID":123080}},{"type":"Feature","id":123143,"geometry":{"type":"Polygon","coordinates":[[[-87.662246381447119,40.3737587026881],[-87.662270138155776,40.374211236765639],[-87.662506802425924,40.374203825644706],[-87.662483045303688,40.373751292509802],[-87.662246381447119,40.3737587026881]]]},"properties":{"OBJECTID":123143}},{"type":"Feature","id":123144,"geometry":{"type":"Polygon","coordinates":[[[-87.661773054766826,40.373773522497693],[-87.661796808311408,40.374226056645824],[-87.662033472663026,40.374218647394969],[-87.662009717545317,40.373766112381595],[-87.661773054766826,40.373773522497693]]]},"properties":{"OBJECTID":123144}},{"type":"Feature","id":123145,"geometry":{"type":"Polygon","coordinates":[[[-87.664402337683839,40.373056571718593],[-87.66442610836387,40.373509133438063],[-87.664662770000874,40.373501717882313],[-87.664638997738734,40.373049156198192],[-87.664402337683839,40.373056571718593]]]},"properties":{"OBJECTID":123145}},{"type":"Feature","id":123146,"geometry":{"type":"Polygon","coordinates":[[[-87.665147985194636,40.372584660449853],[-87.66516913190577,40.372987220521608],[-87.665405792832814,40.372979803436074],[-87.665384795771189,40.372580071171505],[-87.665147985194636,40.372584660449853]]]},"properties":{"OBJECTID":123146}},{"type":"Feature","id":123248,"geometry":{"type":"Polygon","coordinates":[[[-87.663920561413121,40.381646587912719],[-87.663683900999587,40.381654441361597],[-87.663447206120424,40.38166232114348],[-87.663210546796634,40.381670172728981],[-87.663234312019256,40.382122705165358],[-87.663240409473076,40.382239099922508],[-87.663240616236024,40.382243548149667],[-87.663264417225491,40.382696190613494],[-87.663501320613506,40.38269295217443],[-87.663738261677409,40.382689712567512],[-87.663714494030614,40.382237069486095],[-87.663951396987486,40.38223382921791],[-87.664188371752147,40.382230589780363],[-87.664181027462675,40.382091268272774],[-87.664157255919122,40.381638735077196],[-87.663920561413121,40.381646587912719]]]},"properties":{"OBJECTID":123248}},{"type":"Feature","id":123254,"geometry":{"type":"Polygon","coordinates":[[[-87.664462719500676,40.378720751043723],[-87.664484887575895,40.37914324550993],[-87.66472181662391,40.379139839883692],[-87.664699400547164,40.378713336473375],[-87.664462719500676,40.378720751043723]]]},"properties":{"OBJECTID":123254}},{"type":"Feature","id":123255,"geometry":{"type":"Polygon","coordinates":[[[-87.664226039586438,40.378728165136067],[-87.664247994103889,40.379146623839276],[-87.664484887575895,40.37914324550993],[-87.664462719500676,40.378720751043723],[-87.664226039586438,40.378728165136067]]]},"properties":{"OBJECTID":123255}},{"type":"Feature","id":123256,"geometry":{"type":"Polygon","coordinates":[[[-87.664712732569058,40.378214298595211],[-87.66473647161618,40.378666831759531],[-87.664933729890407,40.37866064229965],[-87.664909953021436,40.378208108953778],[-87.664712732569058,40.378214298595211]]]},"properties":{"OBJECTID":123256}},{"type":"Feature","id":123257,"geometry":{"type":"Polygon","coordinates":[[[-87.664436595614887,40.378222940309456],[-87.66446033228145,40.378675527546307],[-87.664697047861083,40.378668058245083],[-87.664673274929555,40.378215524877461],[-87.664436595614887,40.378222940309456]]]},"properties":{"OBJECTID":123257}},{"type":"Feature","id":123258,"geometry":{"type":"Polygon","coordinates":[[[-87.664881437336589,40.377665074746346],[-87.664900435878849,40.378027107094816],[-87.66513714979547,40.378019690911422],[-87.665118114661908,40.377657658387122],[-87.664881437336589,40.377665074746346]]]},"properties":{"OBJECTID":123258}},{"type":"Feature","id":123259,"geometry":{"type":"Polygon","coordinates":[[[-87.664644724640823,40.377672490416508],[-87.664663757251262,40.378034522096982],[-87.664900435878849,40.378027107094816],[-87.664881437336589,40.377665074746346],[-87.664644724640823,40.377672490416508]]]},"properties":{"OBJECTID":123259}},{"type":"Feature","id":123260,"geometry":{"type":"Polygon","coordinates":[[[-87.664377184490945,40.377091592320895],[-87.664400884222289,40.377544153325466],[-87.664637632991273,40.377536738361997],[-87.664613859840827,40.37708417787784],[-87.664377184490945,40.377091592320895]]]},"properties":{"OBJECTID":123260}},{"type":"Feature","id":123261,"geometry":{"type":"Polygon","coordinates":[[[-87.664140473753108,40.377099007875771],[-87.664164243747393,40.377551567530169],[-87.664400884222289,40.377544153325466],[-87.664377184490945,40.377091592320895],[-87.664140473753108,40.377099007875771]]]},"properties":{"OBJECTID":123261}},{"type":"Feature","id":123262,"geometry":{"type":"Polygon","coordinates":[[[-87.664817242498572,40.376443226660271],[-87.664841017111016,40.376895760146034],[-87.665077691737494,40.37688834474752],[-87.665053950876256,40.376435810600746],[-87.664817242498572,40.376443226660271]]]},"properties":{"OBJECTID":123262}},{"type":"Feature","id":123263,"geometry":{"type":"Polygon","coordinates":[[[-87.662391275481681,40.376519211877451],[-87.662415032706875,40.376971744818285],[-87.662651707797025,40.376964334389307],[-87.662888382850909,40.376956922575026],[-87.662864621292613,40.376504388797485],[-87.662627984323066,40.37651180078818],[-87.662391275481681,40.376519211877451]]]},"properties":{"OBJECTID":123263}},{"type":"Feature","id":123264,"geometry":{"type":"Polygon","coordinates":[[[-87.663371019559165,40.375989899867385],[-87.663394819698183,40.376442433811427],[-87.663631456362452,40.376435020248799],[-87.663607726467561,40.375982486756143],[-87.663371019559165,40.375989899867385]]]},"properties":{"OBJECTID":123264}},{"type":"Feature","id":123265,"geometry":{"type":"Polygon","coordinates":[[[-87.663134347929855,40.375997312698352],[-87.663158109984607,40.376449846466272],[-87.663394819698183,40.376442433811427],[-87.663371019559165,40.375989899867385],[-87.663134347929855,40.375997312698352]]]},"properties":{"OBJECTID":123265}},{"type":"Feature","id":123266,"geometry":{"type":"Polygon","coordinates":[[[-87.662601838083788,40.376013988453259],[-87.662625561253975,40.376466522095775],[-87.662862269891832,40.376459110525161],[-87.66283850862844,40.376006577606795],[-87.662601838083788,40.376013988453259]]]},"properties":{"OBJECTID":123266}},{"type":"Feature","id":123267,"geometry":{"type":"Polygon","coordinates":[[[-87.661966703669378,40.377167081783284],[-87.662208896314581,40.377612785586635],[-87.662211589181496,40.377612691344574],[-87.662448266532067,40.377605281351073],[-87.662424507751695,40.377152747555556],[-87.662187833152018,40.377160158421084],[-87.661966703669378,40.377167081783284]]]},"properties":{"OBJECTID":123267}},{"type":"Feature","id":123268,"geometry":{"type":"Polygon","coordinates":[[[-87.665527035568701,40.375287776593446],[-87.665550813463327,40.375740309150878],[-87.665787483987032,40.375732892265134],[-87.665763703341668,40.375280358835795],[-87.665527035568701,40.375287776593446]]]},"properties":{"OBJECTID":123268}},{"type":"Feature","id":123269,"geometry":{"type":"Polygon","coordinates":[[[-87.66505369754087,40.375302609740281],[-87.665077436938049,40.375755143064929],[-87.665314142885435,40.375747726452374],[-87.665290365395506,40.375295193852729],[-87.66505369754087,40.375302609740281]]]},"properties":{"OBJECTID":123269}},{"type":"Feature","id":123270,"geometry":{"type":"Polygon","coordinates":[[[-87.66570427191165,40.37414901169879],[-87.665728050687733,40.374601545215384],[-87.665964717219666,40.374594127032807],[-87.665940935408642,40.374141621461064],[-87.66570427191165,40.37414901169879]]]},"properties":{"OBJECTID":123270}},{"type":"Feature","id":123271,"geometry":{"type":"Polygon","coordinates":[[[-87.665467606916508,40.37415642936115],[-87.665491385287964,40.374608962919936],[-87.665728050687733,40.374601545215384],[-87.66570427191165,40.37414901169879],[-87.665467606916508,40.37415642936115]]]},"properties":{"OBJECTID":123271}},{"type":"Feature","id":123272,"geometry":{"type":"Polygon","coordinates":[[[-87.663074960040575,40.374865963797866],[-87.663098721395556,40.375318498560326],[-87.663335390651554,40.3753110857823],[-87.663311627705497,40.374858551955732],[-87.663074960040575,40.374865963797866]]]},"properties":{"OBJECTID":123272}},{"type":"Feature","id":123273,"geometry":{"type":"Polygon","coordinates":[[[-87.662838292312586,40.374873376956273],[-87.662862053280733,40.375325909959834],[-87.663098721395556,40.375318498560326],[-87.663074960040575,40.374865963797866],[-87.662838292312586,40.374873376956273]]]},"properties":{"OBJECTID":123273}},{"type":"Feature","id":123274,"geometry":{"type":"Polygon","coordinates":[[[-87.661832420172658,40.37490487119598],[-87.661856174675734,40.375357378234469],[-87.662092807390493,40.375349995706017],[-87.662069123398638,40.374897462104073],[-87.661832420172658,40.37490487119598]]]},"properties":{"OBJECTID":123274}},{"type":"Feature","id":123275,"geometry":{"type":"Polygon","coordinates":[[[-87.663407489546543,40.374220960518073],[-87.66343121764524,40.3746734941734],[-87.663538852833128,40.37467013709481],[-87.66377548328262,40.374662723185246],[-87.663751716649131,40.37421016235421],[-87.663515051280726,40.374217576017038],[-87.663407489546543,40.374220960518073]]]},"properties":{"OBJECTID":123275}},{"type":"Feature","id":123276,"geometry":{"type":"Polygon","coordinates":[[[-87.662805020776091,40.374239812097784],[-87.662828781348423,40.374692346054516],[-87.663065446980511,40.374684961720128],[-87.663041686271228,40.374232400789886],[-87.662805020776091,40.374239812097784]]]},"properties":{"OBJECTID":123276}},{"type":"Feature","id":123277,"geometry":{"type":"Polygon","coordinates":[[[-87.66467228721406,40.373682719898532],[-87.664696022461172,40.374135253395899],[-87.664932759260438,40.374127838628347],[-87.664908949429659,40.373675304744346],[-87.66467228721406,40.373682719898532]]]},"properties":{"OBJECTID":123277}},{"type":"Feature","id":123346,"geometry":{"type":"Polygon","coordinates":[[[-87.663015537359584,40.373734616251802],[-87.663039334533295,40.37418715041931],[-87.663275999833971,40.374179737729619],[-87.663252236392381,40.37372720470271],[-87.663015537359584,40.373734616251802]]]},"properties":{"OBJECTID":123346}},{"type":"Feature","id":123448,"geometry":{"type":"Polygon","coordinates":[[[-87.66277891009635,40.373742028633011],[-87.662802670373821,40.374194561730533],[-87.663039334533295,40.37418715041931],[-87.663015537359584,40.373734616251802],[-87.66277891009635,40.373742028633011]]]},"properties":{"OBJECTID":123448}},{"type":"Feature","id":123449,"geometry":{"type":"Polygon","coordinates":[[[-87.662483045303688,40.373751292509802],[-87.662506802425924,40.374203825644706],[-87.66274350314275,40.374196415151168],[-87.662719744447173,40.373743881151093],[-87.662483045303688,40.373751292509802]]]},"properties":{"OBJECTID":123449}},{"type":"Feature","id":123450,"geometry":{"type":"Polygon","coordinates":[[[-87.663928979760641,40.373071401087017],[-87.66395274728518,40.373523961976694],[-87.66442610836387,40.373509133438063],[-87.664402337683839,40.373056571718593],[-87.663928979760641,40.373071401087017]]]},"properties":{"OBJECTID":123450}},{"type":"Feature","id":123451,"geometry":{"type":"Polygon","coordinates":[[[-87.662745639526932,40.373108463642865],[-87.66276939939965,40.373560998594108],[-87.663124393222745,40.373549907191425],[-87.663100666558563,40.373097346382714],[-87.662745639526932,40.373108463642865]]]},"properties":{"OBJECTID":123451}},{"type":"Feature","id":123452,"geometry":{"type":"Polygon","coordinates":[[[-87.665644841308875,40.373017636403638],[-87.665668620295108,40.373470197937301],[-87.665905282871876,40.373462779843258],[-87.665881502294681,40.373010219245565],[-87.665644841308875,40.373017636403638]]]},"properties":{"OBJECTID":123452}},{"type":"Feature","id":123453,"geometry":{"type":"Polygon","coordinates":[[[-87.661739793593114,40.373139959098488],[-87.661763546759929,40.373592492398757],[-87.6620002088966,40.373585083197312],[-87.661976455334141,40.373132549038637],[-87.661739793593114,40.373139959098488]]]},"properties":{"OBJECTID":123453}},{"type":"Feature","id":123454,"geometry":{"type":"Polygon","coordinates":[[[-87.663218996716054,40.373093640016243],[-87.663100666558563,40.373097346382714],[-87.663124393222745,40.373549907191425],[-87.663242722984933,40.373546201700975],[-87.663479422525995,40.373538788787435],[-87.663455658165645,40.373086227827024],[-87.663218996716054,40.373093640016243]]]},"properties":{"OBJECTID":123454}},{"type":"Feature","id":123455,"geometry":{"type":"Polygon","coordinates":[[[-87.665621606037817,40.372575510224699],[-87.665642452261636,40.372972413775187],[-87.66587911363132,40.372964941688728],[-87.665858487835109,40.37257097622291],[-87.665621606037817,40.372575510224699]]]},"properties":{"OBJECTID":123455}},{"type":"Feature","id":123456,"geometry":{"type":"Polygon","coordinates":[[[-87.665384795771189,40.372580071171505],[-87.665405792832814,40.372979803436074],[-87.665642452261636,40.372972413775187],[-87.665621606037817,40.372575510224699],[-87.665384795771189,40.372580071171505]]]},"properties":{"OBJECTID":123456}},{"type":"Feature","id":123457,"geometry":{"type":"Polygon","coordinates":[[[-87.664615135690823,40.372594865753371],[-87.664636609630435,40.373003906538905],[-87.664873305982084,40.372996490748292],[-87.664851946048415,40.372590305482966],[-87.664615135690823,40.372594865753371]]]},"properties":{"OBJECTID":123457}},{"type":"Feature","id":123458,"geometry":{"type":"Polygon","coordinates":[[[-87.661714109001366,40.372650603566171],[-87.661737407440526,40.373094707594589],[-87.661974104337204,40.373087298643895],[-87.66221076587486,40.373079888102779],[-87.662187766809183,40.372641494639858],[-87.661950919390833,40.372646077155885],[-87.661714109001366,40.372650603566171]]]},"properties":{"OBJECTID":123458}},{"type":"Feature","id":123532,"geometry":{"type":"Polygon","coordinates":[[[-87.662009717545317,40.373766112381595],[-87.662033472663026,40.374218647394969],[-87.662270138155776,40.374211236765639],[-87.662246381447119,40.3737587026881],[-87.662009717545317,40.373766112381595]]]},"properties":{"OBJECTID":123532}},{"type":"Feature","id":123533,"geometry":{"type":"Polygon","coordinates":[[[-87.664638997738734,40.373049156198192],[-87.664662770000874,40.373501717882313],[-87.664899431592602,40.373494301841767],[-87.664875658916898,40.373041741100408],[-87.664638997738734,40.373049156198192]]]},"properties":{"OBJECTID":123533}},{"type":"Feature","id":123534,"geometry":{"type":"Polygon","coordinates":[[[-87.663455658165645,40.373086227827024],[-87.663479422525995,40.373538788787435],[-87.663716084343946,40.373531375170778],[-87.663692318401502,40.373078814245737],[-87.663455658165645,40.373086227827024]]]},"properties":{"OBJECTID":123534}},{"type":"Feature","id":123535,"geometry":{"type":"Polygon","coordinates":[[[-87.662213115852552,40.373125138487232],[-87.662236908674927,40.373577672829214],[-87.662473570730157,40.373570261757664],[-87.662449812817073,40.373117728563315],[-87.662213115852552,40.373125138487232]]]},"properties":{"OBJECTID":123535}},{"type":"Feature","id":123536,"geometry":{"type":"Polygon","coordinates":[[[-87.661976455334141,40.373132549038637],[-87.6620002088966,40.373585083197312],[-87.662236908674927,40.373577672829214],[-87.662213115852552,40.373125138487232],[-87.661976455334141,40.373132549038637]]]},"properties":{"OBJECTID":123536}},{"type":"Feature","id":123537,"geometry":{"type":"Polygon","coordinates":[[[-87.663975215901402,40.373951810757461],[-87.663985994545527,40.374157470629854],[-87.664459358609406,40.374142669001166],[-87.664448578794349,40.373936982145146],[-87.663975215901402,40.373951810757461]]]},"properties":{"OBJECTID":123537}},{"type":"Feature","id":123538,"geometry":{"type":"Polygon","coordinates":[[[-87.664911175144312,40.372589193410604],[-87.664932470942333,40.37299463622189],[-87.66516913190577,40.372987220521608],[-87.665147985194636,40.372584660449853],[-87.664911175144312,40.372589193410604]]]},"properties":{"OBJECTID":123538}},{"type":"Feature","id":123539,"geometry":{"type":"Polygon","coordinates":[[[-87.662720580660533,40.37263127329981],[-87.662743252684152,40.373063213955128],[-87.662979984720451,40.373055802248047],[-87.662957427452241,40.372626744138429],[-87.662720580660533,40.37263127329981]]]},"properties":{"OBJECTID":123539}},{"type":"Feature","id":123540,"geometry":{"type":"Polygon","coordinates":[[[-87.662424577148414,40.372636967259112],[-87.662447426189871,40.373072477070068],[-87.662684051127997,40.373065066248287],[-87.662661387739362,40.372632411476957],[-87.662424577148414,40.372636967259112]]]},"properties":{"OBJECTID":123540}},{"type":"Feature","id":123712,"geometry":{"type":"Polygon","coordinates":[[[-87.656923372104444,40.380544535869923],[-87.656933011532089,40.38072556689319],[-87.657258949471057,40.380716355334279],[-87.657584997736478,40.380707172319376],[-87.657911079185467,40.380697959760354],[-87.658237126130516,40.380688773997875],[-87.658563171822124,40.380679587308428],[-87.658681547196181,40.380676243412019],[-87.658671257791141,40.380495208730345],[-87.658430914749957,40.38050201320484],[-87.658190573114567,40.380508790170616],[-87.657950231159106,40.380515594552598],[-87.65770992359019,40.380522370718047],[-87.657469581830938,40.380529146184109],[-87.657160088074932,40.380537877225855],[-87.657151897752897,40.38038416726603],[-87.657143821683945,40.380233284868517],[-87.657135746544782,40.380082430389827],[-87.657133361366434,40.380037371579412],[-87.657125286547085,40.379886489179157],[-87.657117246815176,40.379735633996866],[-87.657109172058469,40.379584751588219],[-87.657100889793654,40.379429421832079],[-87.656863961020306,40.379432783923029],[-87.656872336980712,40.379589405664767],[-87.65688041003169,40.379740288078665],[-87.656888450142787,40.379891170295487],[-87.656896523526612,40.380042025685377],[-87.656898910204475,40.380086918803649],[-87.656906985713846,40.380237801217483],[-87.656915023572921,40.380388683406721],[-87.656923372104444,40.380544535869923]]]},"properties":{"OBJECTID":123712}},{"type":"Feature","id":123753,"geometry":{"type":"Polygon","coordinates":[[[-87.660142597659899,40.380004009436171],[-87.660166341634294,40.380456570378662],[-87.660402997245384,40.380448697974735],[-87.660639689052445,40.380440851413461],[-87.66089325580792,40.380432445077105],[-87.660869506982195,40.379979883342273],[-87.66061594045793,40.379988318450721],[-87.66037925141984,40.379996164083074],[-87.660142597659899,40.380004009436171]]]},"properties":{"OBJECTID":123753}},{"type":"Feature","id":124066,"geometry":{"type":"Polygon","coordinates":[[[-87.669204551638416,40.381952401736214],[-87.669191606332845,40.381925481304251],[-87.66912037805406,40.381776982856216],[-87.669049113862442,40.381628455336589],[-87.668895225493102,40.381307811912691],[-87.668199366666499,40.381505839866556],[-87.668206355698899,40.381656495522641],[-87.668213381262845,40.381807151384635],[-87.668220370614179,40.381957780016904],[-87.668229464854392,40.382153629519522],[-87.668236452814696,40.382304286051792],[-87.668243443174433,40.382454940792499],[-87.668631093450145,40.382442045463073],[-87.668559147823913,40.382293514642818],[-87.66848727354585,40.382145065236514],[-87.668645772909414,40.382102496721693],[-87.668925162442818,40.382027463527535],[-87.669204551638416,40.381952401736214]]]},"properties":{"OBJECTID":124066}},{"type":"Feature","id":124611,"geometry":{"type":"Polygon","coordinates":[[[-87.661698894840896,40.371855026133289],[-87.661685395339532,40.371894971061622],[-87.661677426186714,40.371935769431687],[-87.661675073032129,40.371976978659447],[-87.661678361531784,40.372018150408195],[-87.662192306052759,40.372010318290556],[-87.662167259385555,40.371532440680078],[-87.661798548533511,40.371538013652447],[-87.661698894840896,40.371855026133289]]]},"properties":{"OBJECTID":124611}},{"type":"Feature","id":124612,"geometry":{"type":"Polygon","coordinates":[[[-87.665310314321758,40.371552532994507],[-87.665450884870239,40.371960449650018],[-87.665940707020866,40.371952956870942],[-87.665920226119539,40.371678919004879],[-87.665438953571879,40.371471339920241],[-87.665420732954928,40.371493454566533],[-87.66539814015232,40.371513088991087],[-87.665371748781808,40.371529746685688],[-87.66534222474003,40.371543006422854],[-87.665310314321758,40.371552532994507]]]},"properties":{"OBJECTID":124612}},{"type":"Feature","id":124613,"geometry":{"type":"Polygon","coordinates":[[[-87.665294045351288,40.371233914772247],[-87.665326717028435,40.371241481906338],[-87.665357407999466,40.371252887547307],[-87.665385346316413,40.371267846258782],[-87.665409829216188,40.371285982046579],[-87.665430241861046,40.371306838372824],[-87.665874854580451,40.371072186758049],[-87.665869278003797,40.370997849053552],[-87.665846450549907,40.370998572846453],[-87.665818971561848,40.370999474216561],[-87.665805473120585,40.370818453728297],[-87.665398432114927,40.370824613044142],[-87.665294045351288,40.371233914772247]]]},"properties":{"OBJECTID":124613}},{"type":"Feature","id":124614,"geometry":{"type":"Polygon","coordinates":[[[-87.664788443620779,40.370833880111135],[-87.664813515493975,40.371311181030038],[-87.664960504010821,40.371308929059346],[-87.664992517579236,40.371308024380866],[-87.665023999341798,40.371303502614253],[-87.665054247711097,40.37129546417227],[-87.665082589779331,40.371284086183103],[-87.665108396607124,40.371269624379444],[-87.665135050628223,40.371254743294365],[-87.66516438499869,40.371243153979975],[-87.665195705833625,40.37123513160352],[-87.665228274185026,40.371230864617402],[-87.665261314274062,40.371230455707412],[-87.665294045351288,40.371233914772247],[-87.665398432114927,40.370824613044142],[-87.664788443620779,40.370833880111135]]]},"properties":{"OBJECTID":124614}},{"type":"Feature","id":124615,"geometry":{"type":"Polygon","coordinates":[[[-87.662721291029925,40.370865199476683],[-87.662746348052849,40.371342527739571],[-87.663173421786638,40.371336055277418],[-87.663148362937136,40.370858726188608],[-87.662721291029925,40.370865199476683]]]},"properties":{"OBJECTID":124615}},{"type":"Feature","id":124616,"geometry":{"type":"Polygon","coordinates":[[[-87.662167259385555,40.371532440680078],[-87.662192306052759,40.372010318290556],[-87.662658904178414,40.372003199049097],[-87.662633817171638,40.371525376232761],[-87.662167259385555,40.371532440680078]]]},"properties":{"OBJECTID":124616}},{"type":"Feature","id":124627,"geometry":{"type":"Polygon","coordinates":[[[-87.664512629341019,40.383890910109763],[-87.664536403572612,40.384343470998267],[-87.66477310258972,40.384336110466563],[-87.664749328487005,40.383883495588989],[-87.664512629341019,40.383890910109763]]]},"properties":{"OBJECTID":124627}},{"type":"Feature","id":124628,"geometry":{"type":"Polygon","coordinates":[[[-87.662796492486663,40.383944517886519],[-87.662820254349484,40.384397050207987],[-87.66305695513816,40.384389666183459],[-87.663033191969205,40.383937105981175],[-87.662796492486663,40.383944517886519]]]},"properties":{"OBJECTID":124628}},{"type":"Feature","id":124629,"geometry":{"type":"Polygon","coordinates":[[[-87.662559793235829,40.383951901390745],[-87.662583519355749,40.384404434449976],[-87.662820254349484,40.384397050207987],[-87.662796492486663,40.383944517886519],[-87.662559793235829,40.383951901390745]]]},"properties":{"OBJECTID":124629}},{"type":"Feature","id":124630,"geometry":{"type":"Polygon","coordinates":[[[-87.660928679218998,40.37997792195366],[-87.660952428449335,40.380430482779168],[-87.661189082731141,40.380422607857582],[-87.661165368153902,40.37997007429513],[-87.660928679218998,40.37997792195366]]]},"properties":{"OBJECTID":124630}},{"type":"Feature","id":124631,"geometry":{"type":"Polygon","coordinates":[[[-87.661257951288476,40.381734986326251],[-87.66128170317819,40.38218754696986],[-87.661518400087871,40.382179671638134],[-87.661494647524648,40.381727138052241],[-87.661257951288476,40.381734986326251]]]},"properties":{"OBJECTID":124631}},{"type":"Feature","id":124632,"geometry":{"type":"Polygon","coordinates":[[[-87.661021291517855,40.381742833427026],[-87.661045041825133,40.382195394105892],[-87.66128170317819,40.38218754696986],[-87.661257951288476,40.381734986326251],[-87.661021291517855,40.381742833427026]]]},"properties":{"OBJECTID":124632}},{"type":"Feature","id":124633,"geometry":{"type":"Polygon","coordinates":[[[-87.661698080047842,40.381085726721018],[-87.661721833806865,40.381538260324284],[-87.661958492808608,40.381530410882576],[-87.661934736280784,40.381077878208245],[-87.661698080047842,40.381085726721018]]]},"properties":{"OBJECTID":124633}},{"type":"Feature","id":124634,"geometry":{"type":"Polygon","coordinates":[[[-87.661198591076484,40.380603638693451],[-87.661222342553287,40.381056171514928],[-87.661459036406583,40.381048324194282],[-87.661435282178687,40.380595790500699],[-87.661198591076484,40.380603638693451]]]},"properties":{"OBJECTID":124634}},{"type":"Feature","id":124635,"geometry":{"type":"Polygon","coordinates":[[[-87.660347121936482,40.379383330657355],[-87.660376901316738,40.379950913716044],[-87.660613556056731,40.379943066987977],[-87.660584017491004,40.379379961235095],[-87.660347121936482,40.379383330657355]]]},"properties":{"OBJECTID":124635}},{"type":"Feature","id":124636,"geometry":{"type":"Polygon","coordinates":[[[-87.659873297778901,40.379390070554919],[-87.659903558738677,40.379966603724817],[-87.66014021238864,40.379958758860035],[-87.660110228711204,40.379386700508348],[-87.659873297778901,40.379390070554919]]]},"properties":{"OBJECTID":124636}},{"type":"Feature","id":124637,"geometry":{"type":"Polygon","coordinates":[[[-87.657936952329493,40.381173097363984],[-87.657962861387929,40.381648208116601],[-87.658290061324905,40.381639001032759],[-87.658263575317065,40.381163886979444],[-87.657936952329493,40.381173097363984]]]},"properties":{"OBJECTID":124637}},{"type":"Feature","id":124638,"geometry":{"type":"Polygon","coordinates":[[[-87.658263575317065,40.381163886979444],[-87.658290061324905,40.381639001032759],[-87.658617260277552,40.381629765999854],[-87.658590233546391,40.381154676778252],[-87.658263575317065,40.381163886979444]]]},"properties":{"OBJECTID":124638}},{"type":"Feature","id":124639,"geometry":{"type":"Polygon","coordinates":[[[-87.660127988821458,40.37621785146996],[-87.660838136438883,40.377021104724555],[-87.661118851158292,40.377012309081707],[-87.660325763487933,40.376115532108244],[-87.660127988821458,40.37621785146996]]]},"properties":{"OBJECTID":124639}},{"type":"Feature","id":124640,"geometry":{"type":"Polygon","coordinates":[[[-87.656854787309328,40.379251728561975],[-87.658327018817559,40.379230823298059],[-87.658546076568086,40.379227713256547],[-87.658564021045535,40.37922745773534],[-87.65880992469009,40.379223978803417],[-87.659315949203176,40.379216772627146],[-87.660440861862682,40.379200787801999],[-87.660389985923587,40.378484526038299],[-87.659777616921303,40.377810368710584],[-87.659683533246408,40.37770680227954],[-87.659478553190326,40.37770901399508],[-87.659238985816472,40.377836307917164],[-87.659127785484117,40.377712798923817],[-87.659047015033664,40.37762308926753],[-87.658966234333832,40.377533365985506],[-87.658408380478917,40.376913759885987],[-87.658249849535324,40.376737679282314],[-87.658155819653942,40.376633234753221],[-87.657945702488618,40.376399852522958],[-87.657802749689111,40.375636096536695],[-87.657800248893082,40.375622743530272],[-87.657490708043881,40.373968914993348],[-87.656549525864222,40.372904507666625],[-87.656854787309328,40.379251728561975]],[[-87.659466097372132,40.379132331865158],[-87.659394325492158,40.379133350926324],[-87.659390042849878,40.379073052399512],[-87.659461814674842,40.379072032439986],[-87.659466097372132,40.379132331865158]],[[-87.660320158799635,40.379018682010624],[-87.660417052249088,40.379017306039856],[-87.660421334627173,40.379077604529726],[-87.660324442277854,40.379078979609702],[-87.660320158799635,40.379018682010624]]]},"properties":{"OBJECTID":124640}},{"type":"Feature","id":124641,"geometry":{"type":"Polygon","coordinates":[[[-87.663489843773462,40.378252595190212],[-87.663513574376964,40.378705155552581],[-87.663750290771986,40.378697743129813],[-87.663986971804917,40.37869032911702],[-87.663963201265801,40.378237795629609],[-87.663726522992789,40.378245209613823],[-87.663489843773462,40.378252595190212]]]},"properties":{"OBJECTID":124641}},{"type":"Feature","id":125197,"geometry":{"type":"Polygon","coordinates":[[[-87.664585173175851,40.37202434606705],[-87.664605620197108,40.372413835791555],[-87.664842465243623,40.372409275739614],[-87.664821981536861,40.372019785841566],[-87.664585173175851,40.37202434606705]]]},"properties":{"OBJECTID":125197}},{"type":"Feature","id":125198,"geometry":{"type":"Polygon","coordinates":[[[-87.664111520163374,40.372033436034521],[-87.664132000949309,40.372422926931996],[-87.664368810447741,40.372418395562498],[-87.664348365065621,40.372028877891132],[-87.664111520163374,40.372033436034521]]]},"properties":{"OBJECTID":125198}},{"type":"Feature","id":125436,"geometry":{"type":"Polygon","coordinates":[[[-87.671963552690073,40.385169267317053],[-87.672500241627304,40.385176562868892],[-87.672495140523409,40.384769182143742],[-87.672413129583788,40.384768055125193],[-87.671802258339682,40.384836480051369],[-87.671963552690073,40.385169267317053]]]},"properties":{"OBJECTID":125436}},{"type":"Feature","id":125437,"geometry":{"type":"Polygon","coordinates":[[[-87.672696013280401,40.386562591072789],[-87.67405920292434,40.386583386988612],[-87.674063834013921,40.386171109646227],[-87.672438435284121,40.386149101885898],[-87.672638441492708,40.386561713699038],[-87.672696013280401,40.386562591072789]]]},"properties":{"OBJECTID":125437}},{"type":"Feature","id":125438,"geometry":{"type":"Polygon","coordinates":[[[-87.671802258339682,40.384836480051369],[-87.672413129583788,40.384768055125193],[-87.672495140523409,40.384769182143742],[-87.672587826069559,40.384770434939831],[-87.672456978195697,40.384500489786291],[-87.672277496809443,40.384498054504334],[-87.672227989471637,40.384395851850996],[-87.671665913012347,40.384555166152403],[-87.671764820966274,40.384759269606491],[-87.671802258339682,40.384836480051369]]]},"properties":{"OBJECTID":125438}},{"type":"Feature","id":125439,"geometry":{"type":"Polygon","coordinates":[[[-87.669175765286766,40.380724254388916],[-87.669241582905101,40.380860727019737],[-87.669307400520594,40.380997226627628],[-87.669635963616457,40.380903731311463],[-87.669627234020211,40.380885713871024],[-87.669633960593245,40.380883799133905],[-87.669576585034648,40.380765397454965],[-87.669510478972981,40.380628977389961],[-87.669175765286766,40.380724254388916]]]},"properties":{"OBJECTID":125439}},{"type":"Feature","id":125440,"geometry":{"type":"Polygon","coordinates":[[[-87.668535350074563,40.379609665007969],[-87.668624243303029,40.379611190950889],[-87.66862690475179,40.37933668353044],[-87.668538011883982,40.379335157592365],[-87.668493548523699,40.379334379640923],[-87.668490921860155,40.379608887257206],[-87.668535350074563,40.379609665007969]]]},"properties":{"OBJECTID":125440}},{"type":"Feature","id":125441,"geometry":{"type":"Polygon","coordinates":[[[-87.669752794976461,40.380607667378094],[-87.66980092257414,40.380707008408727],[-87.670300203494946,40.380564912266806],[-87.670248080292026,40.380466700362646],[-87.669752794976461,40.380607667378094]]]},"properties":{"OBJECTID":125441}},{"type":"Feature","id":125442,"geometry":{"type":"Polygon","coordinates":[[[-87.66825837093468,40.379604860028657],[-87.668268706046206,40.379605056354777],[-87.668271333876973,40.379330521734886],[-87.668125594883023,40.379328008418248],[-87.66825837093468,40.379604860028657]]]},"properties":{"OBJECTID":125442}},{"type":"Feature","id":125443,"geometry":{"type":"Polygon","coordinates":[[[-87.669473014383286,40.38003029618384],[-87.670180224299813,40.380037014209293],[-87.670180258324237,40.379981662458015],[-87.670180273492448,40.379956096164953],[-87.669821329348181,40.379949405557092],[-87.669821439797644,40.379790147878182],[-87.669352395845081,40.379781416448189],[-87.669473014383286,40.38003029618384]]]},"properties":{"OBJECTID":125443}},{"type":"Feature","id":125444,"geometry":{"type":"Polygon","coordinates":[[[-87.670675599404419,40.379193241861635],[-87.671112197762355,40.379201369657864],[-87.671102156207397,40.378929342520379],[-87.670665593764028,40.378921213995035],[-87.670675599404419,40.379193241861635]]]},"properties":{"OBJECTID":125444}},{"type":"Feature","id":125445,"geometry":{"type":"Polygon","coordinates":[[[-87.668326750408241,40.384247681520428],[-87.668327784501045,40.384270306252333],[-87.668334660320014,40.384417913641521],[-87.668341651044045,40.384568569225429],[-87.668348819681043,40.38472293168477],[-87.668568786990875,40.384716043533381],[-87.66856165218951,40.384561901921224],[-87.668554625921288,40.384411218227243],[-87.668547786845707,40.38426341833857],[-87.668546656033286,40.384239723171952],[-87.668326750408241,40.384247681520428]]]},"properties":{"OBJECTID":125445}},{"type":"Feature","id":125446,"geometry":{"type":"Polygon","coordinates":[[[-87.669023751482172,40.383749938074423],[-87.669030688844288,40.383898864230815],[-87.669037678726525,40.38404951978449],[-87.669044791199411,40.384202564357189],[-87.669045843187519,40.384225190086795],[-87.669265792346692,40.384218299600214],[-87.669264757940468,40.384195674873972],[-87.669257679592548,40.384042822331509],[-87.6692506515367,40.383892166570604],[-87.669243752071367,40.383743049722398],[-87.669023751482172,40.383749938074423]]]},"properties":{"OBJECTID":125446}},{"type":"Feature","id":125447,"geometry":{"type":"Polygon","coordinates":[[[-87.673066549815516,40.371833390798251],[-87.673077610196259,40.372053406729059],[-87.673094953752567,40.372398162905931],[-87.674260253987001,40.372387544093748],[-87.674244399230275,40.372069806602354],[-87.674231603989156,40.371813793917362],[-87.673066549815516,40.371833390798251]]]},"properties":{"OBJECTID":125447}},{"type":"Feature","id":125448,"geometry":{"type":"Polygon","coordinates":[[[-87.670271915640484,40.372424965995833],[-87.670298081942903,40.372938520984761],[-87.670730099934744,40.372934580497919],[-87.670703244615467,40.37242071005231],[-87.670271915640484,40.372424965995833]]]},"properties":{"OBJECTID":125448}},{"type":"Feature","id":125449,"geometry":{"type":"Polygon","coordinates":[[[-87.670703244615467,40.37242071005231],[-87.670730099934744,40.372934580497919],[-87.671241105043606,40.372929935203949],[-87.671222233598769,40.372551316552304],[-87.671634923367819,40.372547460142918],[-87.671628147892449,40.3724115759914],[-87.670703244615467,40.37242071005231]]]},"properties":{"OBJECTID":125449}},{"type":"Feature","id":125450,"geometry":{"type":"Polygon","coordinates":[[[-87.670692467583208,40.372214504060281],[-87.670674650387511,40.371873556057807],[-87.669416961586975,40.371894679158977],[-87.66715465403388,40.371932616553927],[-87.667093524837,40.371933635977577],[-87.667097982499556,40.371969291091432],[-87.66722314401791,40.372966541926502],[-87.669465515931648,40.372946115780664],[-87.669428848281044,40.372226295761394],[-87.670692467583208,40.372214504060281]]]},"properties":{"OBJECTID":125450}},{"type":"Feature","id":125451,"geometry":{"type":"Polygon","coordinates":[[[-87.671315438685681,40.378870174838795],[-87.671497356849258,40.378873572932854],[-87.671506103010515,40.379208703026876],[-87.67174434483303,40.379213140824241],[-87.671732083094497,40.378408085678302],[-87.671298901483354,40.378421828612744],[-87.671083678924063,40.378428644716941],[-87.671064735092557,40.378429244079967],[-87.671064519553212,40.37842924824902],[-87.670647959677339,40.378442475146244],[-87.670665593764028,40.378921213995035],[-87.671102156207397,40.378929342520379],[-87.671099830799392,40.378866167470377],[-87.671315438685681,40.378870174838795]]]},"properties":{"OBJECTID":125451}},{"type":"Feature","id":125452,"geometry":{"type":"Polygon","coordinates":[[[-87.671102156207397,40.378929342520379],[-87.671317762853263,40.378933376894992],[-87.671327770214489,40.379205376802496],[-87.671506103010515,40.379208703026876],[-87.671497356849258,40.378873572932854],[-87.671315438685681,40.378870174838795],[-87.671099830799392,40.378866167470377],[-87.671102156207397,40.378929342520379]]]},"properties":{"OBJECTID":125452}},{"type":"Feature","id":125453,"geometry":{"type":"Polygon","coordinates":[[[-87.670474418427503,40.379189481700124],[-87.670675599404419,40.379193241861635],[-87.670665593764028,40.378921213995035],[-87.670647959677339,40.378442475146244],[-87.670447112641341,40.378448845607835],[-87.670474418427503,40.379189481700124]]]},"properties":{"OBJECTID":125453}},{"type":"Feature","id":125454,"geometry":{"type":"Polygon","coordinates":[[[-87.67174434483303,40.379213140824241],[-87.671943624525383,40.379216860885279],[-87.67212316554631,40.379220193068321],[-87.67211897761166,40.378945723803447],[-87.672433154944486,40.378951582268492],[-87.672423985303155,40.378353711007804],[-87.672109863291908,40.378348621029176],[-87.67193032056062,40.378345700382518],[-87.671896944872756,40.37834515376165],[-87.67189975530556,40.378402758826681],[-87.671732083094497,40.378408085678302],[-87.67174434483303,40.379213140824241]]]},"properties":{"OBJECTID":125454}},{"type":"Feature","id":125455,"geometry":{"type":"Polygon","coordinates":[[[-87.670399746629101,40.378030023434881],[-87.67041762617761,40.378392103440611],[-87.670430659112341,40.37839168373619],[-87.670445020828652,40.378391216712224],[-87.670645832359128,40.378384846950937],[-87.670654341732813,40.378384593121041],[-87.67063642558368,40.378022513839461],[-87.670399746629101,40.378030023434881]]]},"properties":{"OBJECTID":125455}},{"type":"Feature","id":125456,"geometry":{"type":"Polygon","coordinates":[[[-87.669689712109573,40.378052522309886],[-87.669707586417033,40.378414629402712],[-87.669838888440125,40.378410441375323],[-87.669944302101328,40.378407121438428],[-87.669926426262421,40.378045041387352],[-87.669689712109573,40.378052522309886]]]},"properties":{"OBJECTID":125456}},{"type":"Feature","id":125457,"geometry":{"type":"Polygon","coordinates":[[[-87.668206691403583,40.377385422387619],[-87.668193607079417,40.377390008501244],[-87.668258412279329,40.377523773312838],[-87.668629097981707,40.377440948055551],[-87.668542135987167,40.377246820296904],[-87.668522795763735,40.377253515651539],[-87.668197939567918,40.377367355170826],[-87.668206691403583,40.377385422387619]]]},"properties":{"OBJECTID":125457}},{"type":"Feature","id":125458,"geometry":{"type":"Polygon","coordinates":[[[-87.668519145236829,40.378997831170544],[-87.668721727997635,40.379001356031807],[-87.668696294581451,40.378948836101806],[-87.668670860026779,40.378896316159292],[-87.66836341402032,40.378890980594925],[-87.668362794654115,40.378943076115078],[-87.668362176100956,40.378995088786652],[-87.668519145236829,40.378997831170544]]]},"properties":{"OBJECTID":125458}},{"type":"Feature","id":125459,"geometry":{"type":"Polygon","coordinates":[[[-87.667260665191023,40.379131817339513],[-87.667475738179192,40.379135553212421],[-87.667389771408679,40.378629025910335],[-87.667204757183555,40.378634822693172],[-87.667260665191023,40.379131817339513]]]},"properties":{"OBJECTID":125459}},{"type":"Feature","id":125460,"geometry":{"type":"Polygon","coordinates":[[[-87.668645556767402,40.378322750278471],[-87.668711307034513,40.378458426765398],[-87.669159717656726,40.378447470106657],[-87.669152952086051,40.378310320707911],[-87.668645556767402,40.378322750278471]]]},"properties":{"OBJECTID":125460}},{"type":"Feature","id":125461,"geometry":{"type":"Polygon","coordinates":[[[-87.669277312253868,40.378065638465436],[-87.669286928908363,40.378260367104936],[-87.669296002041079,40.378444132634634],[-87.669529180442666,40.378438419864686],[-87.66952001719244,40.378252973363857],[-87.669510406923578,40.378058245679242],[-87.669277312253868,40.378065638465436]]]},"properties":{"OBJECTID":125461}},{"type":"Feature","id":125462,"geometry":{"type":"Polygon","coordinates":[[[-87.671349504600158,40.375734340955276],[-87.671182652438588,40.375737283398834],[-87.671190915882903,40.376315692909479],[-87.671352801955649,40.376310526430387],[-87.671369497537299,40.376310017715248],[-87.671419797294433,40.376308383805139],[-87.671717828397021,40.376298862724717],[-87.671716467103863,40.376276114540509],[-87.671709128743217,40.376153550352093],[-87.671683747268517,40.37572843050809],[-87.671349504600158,40.375734340955276]]]},"properties":{"OBJECTID":125462}},{"type":"Feature","id":125463,"geometry":{"type":"Polygon","coordinates":[[[-87.670708921469895,40.381001588883215],[-87.670043539226654,40.381207624973086],[-87.67029864749027,40.381734032986934],[-87.670558301112223,40.382269772072753],[-87.671213902758296,40.382279127496901],[-87.673382807165225,40.382309998287148],[-87.675039217414849,40.382333540698291],[-87.675040745795712,40.382333562907434],[-87.675934351260196,40.382346249970404],[-87.676829484270357,40.382358961314438],[-87.676862922463386,40.38300048177031],[-87.677357618321153,40.383007503735598],[-87.677435608053713,40.383008608937743],[-87.677462683733026,40.382976075301229],[-87.677495733383594,40.382931915817757],[-87.677522107114598,40.382828585925033],[-87.67750250157863,40.382732389875244],[-87.677446823489035,40.382618432552576],[-87.677326178155866,40.382524821654698],[-87.677321657011206,40.382521312589219],[-87.677301373780679,40.382505573476436],[-87.677272510517554,40.38248736764362],[-87.677202270310474,40.382443059873637],[-87.677181043297708,40.382428224963697],[-87.677087163589775,40.382362612310487],[-87.677040006592208,40.38233920355605],[-87.676997010672991,40.382314055977616],[-87.676945349284537,40.382279598601535],[-87.676906659109562,40.382232959832486],[-87.676817992889397,40.382120940291713],[-87.676727267587097,40.382036418803672],[-87.676658448625233,40.381958741722315],[-87.676638950432647,40.381911430147035],[-87.676636759755496,40.381846696200995],[-87.676665997138656,40.381784608295924],[-87.676667258253417,40.381730290169344],[-87.676663169633954,40.381644771917685],[-87.676644995281364,40.381534145840611],[-87.67664097321925,40.381420432810465],[-87.676609212143333,40.381348897307227],[-87.676595105231129,40.381317123311398],[-87.676631774207436,40.381161076656539],[-87.676576603300774,40.381035312550353],[-87.676584797926111,40.380945751126688],[-87.67656617529002,40.38088410557274],[-87.676549265574067,40.38075849300072],[-87.676538244992841,40.380686742953834],[-87.676546607048024,40.380579820320911],[-87.67659349742118,40.3805022401488],[-87.676659944903733,40.380447172782496],[-87.67676986992106,40.380437245827991],[-87.676877583305085,40.38036678226517],[-87.676938414544964,40.380346638619493],[-87.676985110103303,40.380331174243246],[-87.677126270470751,40.380297663495178],[-87.677147965645787,40.380245365113353],[-87.677108024808973,40.380146160923019],[-87.677058649373933,40.380040489289868],[-87.677015047858617,40.379979117201991],[-87.676938894217827,40.379906402223291],[-87.676915588316263,40.379893879840573],[-87.676839486260306,40.379852994064144],[-87.676776766696761,40.379823872763879],[-87.676722988280261,40.379821852729521],[-87.676686525055814,40.379820482143892],[-87.676622753003983,40.37980286141363],[-87.676568420476059,40.379780778782546],[-87.676464816379664,40.37971496358162],[-87.67638163811084,40.379595927850353],[-87.675790467816455,40.379584952673987],[-87.675780780211753,40.379584772409451],[-87.674694623194611,40.379564564816626],[-87.673261533610003,40.379469268611736],[-87.671989520031403,40.379445585385106],[-87.671989300976065,40.379879122047143],[-87.671450921494866,40.379869097504098],[-87.671307337682521,40.379866436626173],[-87.671127865929918,40.379863075651883],[-87.670948430429476,40.379859742524481],[-87.670894598817668,40.379858720912722],[-87.670768958720032,40.379856380993438],[-87.670679240988633,40.379854714186202],[-87.670589486758658,40.379853047100205],[-87.67049976877324,40.379851407169461],[-87.670410050154004,40.379849712230538],[-87.67023057968683,40.379846349871087],[-87.670180336457591,40.379845430455305],[-87.670180273492448,40.379956096164953],[-87.670180258324237,40.379981662458015],[-87.670180224299813,40.380037014209293],[-87.670180129455858,40.380201371019915],[-87.670180060227608,40.380338615309896],[-87.670226087665839,40.380425317185974],[-87.670248080292026,40.380466700362646],[-87.670300203494946,40.380564912266806],[-87.66980092257414,40.380707008408727],[-87.669864707164507,40.380838611330191],[-87.669961211467594,40.381037790014894],[-87.670626630506277,40.38083169876495],[-87.670708921469895,40.381001588883215]]]},"properties":{"OBJECTID":125463}},{"type":"Feature","id":125464,"geometry":{"type":"Polygon","coordinates":[[[-87.669753142517948,40.379642938194529],[-87.669753525034949,40.379673564391339],[-87.669821494519297,40.379674860376419],[-87.669969025613057,40.379677599776201],[-87.670094272304667,40.379679911290431],[-87.67018040090602,40.37968153005113],[-87.670180516258057,40.379523366587655],[-87.669967060098145,40.379519370342805],[-87.669965094066256,40.37936119403598],[-87.669749594496466,40.379357158651572],[-87.669753142517948,40.379642938194529]]]},"properties":{"OBJECTID":125464}},{"type":"Feature","id":125465,"geometry":{"type":"Polygon","coordinates":[[[-87.669716454392542,40.379175334499635],[-87.669867178493519,40.379178148186028],[-87.669856401942084,40.378886242874948],[-87.669704420868342,40.378887264710059],[-87.669716454392542,40.379175334499635]]]},"properties":{"OBJECTID":125465}},{"type":"Feature","id":125466,"geometry":{"type":"Polygon","coordinates":[[[-87.672436626659888,40.379179328372146],[-87.673660654418185,40.379202128661504],[-87.675012605835079,40.379158638921169],[-87.674827028742371,40.378392701591892],[-87.672423985303155,40.378353711007804],[-87.672433154944486,40.378951582268492],[-87.672436626659888,40.379179328372146]]]},"properties":{"OBJECTID":125466}},{"type":"Feature","id":125467,"geometry":{"type":"Polygon","coordinates":[[[-87.667780345338883,40.378491886364053],[-87.667996060430028,40.378495625861198],[-87.667992767584281,40.378432691941541],[-87.667777052694092,40.378428952439855],[-87.667780345338883,40.378491886364053]]]},"properties":{"OBJECTID":125467}},{"type":"Feature","id":125468,"geometry":{"type":"Polygon","coordinates":[[[-87.663828583516775,40.384410907599069],[-87.663852388908538,40.384863440840768],[-87.664089126575817,40.384856054920732],[-87.664065355197053,40.384403494903317],[-87.663828583516775,40.384410907599069]]]},"properties":{"OBJECTID":125468}},{"type":"Feature","id":125469,"geometry":{"type":"Polygon","coordinates":[[[-87.666228763813635,40.383837277741861],[-87.666252549530924,40.384289837473034],[-87.666489284718892,40.384282474536384],[-87.666470477663637,40.383925467312594],[-87.666388082339907,40.383832322288583],[-87.666228763813635,40.383837277741861]]]},"properties":{"OBJECTID":125469}},{"type":"Feature","id":125482,"geometry":{"type":"Polygon","coordinates":[[[-87.662690634395474,40.372060725338478],[-87.662711106735145,40.372450243435672],[-87.662947915483628,40.372445687054366],[-87.66292747945792,40.372056169206267],[-87.662690634395474,40.372060725338478]]]},"properties":{"OBJECTID":125482}},{"type":"Feature","id":125483,"geometry":{"type":"Polygon","coordinates":[[[-87.662157823582177,40.372070974487123],[-87.66217825780933,40.372460464532033],[-87.662415066337601,40.372455937158691],[-87.662651877463517,40.372451382298124],[-87.662631440795991,40.37206186349762],[-87.66239463220171,40.372066419234933],[-87.662157823582177,40.372070974487123]]]},"properties":{"OBJECTID":125483}},{"type":"Feature","id":125484,"geometry":{"type":"Polygon","coordinates":[[[-87.661139917778385,40.376712765647916],[-87.661397137933619,40.377003605818018],[-87.66146829772012,40.377001384189022],[-87.661511993232779,40.376999990895868],[-87.661496399846541,40.376701605985602],[-87.661452634154443,40.376702970947832],[-87.661139917778385,40.376712765647916]]]},"properties":{"OBJECTID":125484}},{"type":"Feature","id":125485,"geometry":{"type":"Polygon","coordinates":[[[-87.661148517344202,40.375424882535846],[-87.661172230357053,40.375877444358473],[-87.661408937050666,40.375870035746708],[-87.661385187122335,40.375417474654512],[-87.661148517344202,40.375424882535846]]]},"properties":{"OBJECTID":125485}},{"type":"Feature","id":125486,"geometry":{"type":"Polygon","coordinates":[[[-87.660871354362101,40.374934943971901],[-87.660895100726094,40.375387505178089],[-87.660909461844838,40.375387040234088],[-87.661092349416023,40.375381350109308],[-87.661068600555865,40.374928788925622],[-87.660885713938768,40.374934506038798],[-87.660871354362101,40.374934943971901]]]},"properties":{"OBJECTID":125486}},{"type":"Feature","id":125487,"geometry":{"type":"Polygon","coordinates":[[[-87.660852461845266,40.374300941679913],[-87.660876208187346,40.374753475920969],[-87.661112875646339,40.374746067676867],[-87.661089163036621,40.374293534576928],[-87.660852461845266,40.374300941679913]]]},"properties":{"OBJECTID":125487}},{"type":"Feature","id":125488,"geometry":{"type":"Polygon","coordinates":[[[-87.659903968503357,40.374330640066077],[-87.659927709682222,40.374783174455246],[-87.660107004795336,40.37477754781834],[-87.660343707715811,40.374770142255997],[-87.660320000265827,40.374317607240656],[-87.660083262417899,40.374325013455909],[-87.659903968503357,40.374330640066077]]]},"properties":{"OBJECTID":125488}},{"type":"Feature","id":125489,"geometry":{"type":"Polygon","coordinates":[[[-87.660116509667176,40.37495857798892],[-87.660140251253523,40.375411112291928],[-87.660376921065378,40.375403706474621],[-87.660613589663569,40.375396299265148],[-87.660589880245652,40.374943764337623],[-87.660353176728393,40.374951171299507],[-87.660116509667176,40.37495857798892]]]},"properties":{"OBJECTID":125489}},{"type":"Feature","id":125490,"geometry":{"type":"Polygon","coordinates":[[[-87.65973583031186,40.375774266930762],[-87.660127988821458,40.37621785146996],[-87.660325763487933,40.376115532108244],[-87.659933540188462,40.375671996484115],[-87.65973583031186,40.375774266930762]]]},"properties":{"OBJECTID":125490}},{"type":"Feature","id":125491,"geometry":{"type":"Polygon","coordinates":[[[-87.657100889793654,40.379429421832079],[-87.657109172058469,40.379584751588219],[-87.657117246815176,40.379735633996866],[-87.657125286547085,40.379886489179157],[-87.657133361366434,40.380037371579412],[-87.657135746544782,40.380082430389827],[-87.657143821683945,40.380233284868517],[-87.657151897752897,40.38038416726603],[-87.657160088074932,40.380537877225855],[-87.657469581830938,40.380529146184109],[-87.65770992359019,40.380522370718047],[-87.657950231159106,40.380515594552598],[-87.658190573114567,40.380508790170616],[-87.658430914749957,40.38050201320484],[-87.658671257791141,40.380495208730345],[-87.658645725491951,40.380046671640223],[-87.658643163061129,40.380001337149452],[-87.658609382694621,40.379408010867593],[-87.658370083092208,40.379411418047603],[-87.658130783751233,40.379414796816064],[-87.657891520609027,40.379418204119006],[-87.657652220954972,40.379421609812852],[-87.657411700179296,40.379425007873948],[-87.657100889793654,40.379429421832079]]]},"properties":{"OBJECTID":125491}},{"type":"Feature","id":125492,"geometry":{"type":"Polygon","coordinates":[[[-87.66387369247748,40.380499778056297],[-87.664095121862772,40.380750191597372],[-87.664081685041552,40.380493872846515],[-87.66387369247748,40.380499778056297]]]},"properties":{"OBJECTID":125492}},{"type":"Feature","id":125493,"geometry":{"type":"Polygon","coordinates":[[[-87.659150458034489,40.380663001953806],[-87.659177020782622,40.381138116305699],[-87.659527124998604,40.381128244033548],[-87.659501026374514,40.38065310544301],[-87.659150458034489,40.380663001953806]]]},"properties":{"OBJECTID":125493}},{"type":"Feature","id":125494,"geometry":{"type":"Polygon","coordinates":[[[-87.658799923746727,40.380672898500691],[-87.658826952983603,40.381147987729904],[-87.659177020782622,40.381138116305699],[-87.659150458034489,40.380663001953806],[-87.658799923746727,40.380672898500691]]]},"properties":{"OBJECTID":125494}},{"type":"Feature","id":125495,"geometry":{"type":"Polygon","coordinates":[[[-87.662633817171638,40.371525376232761],[-87.662658904178414,40.372003199049097],[-87.663125430695345,40.371996048691223],[-87.663100376072478,40.37151830900865],[-87.662633817171638,40.371525376232761]]]},"properties":{"OBJECTID":125495}},{"type":"Feature","id":125496,"geometry":{"type":"Polygon","coordinates":[[[-87.663846841741531,40.371507014119288],[-87.66387193804465,40.37198464402411],[-87.664381538182269,40.371976832861264],[-87.664356472793358,40.371499285189451],[-87.663846841741531,40.371507014119288]]]},"properties":{"OBJECTID":125496}},{"type":"Feature","id":125497,"geometry":{"type":"Polygon","coordinates":[[[-87.665438953571879,40.371471339920241],[-87.665920226119539,40.371678919004879],[-87.665907663709305,40.371510993803085],[-87.665903054716352,40.371449330073354],[-87.665874854580451,40.371072186758049],[-87.665430241861046,40.371306838372824],[-87.66544745883256,40.371332351122696],[-87.66545862388918,40.371359748043886],[-87.665463401349967,40.371388204074279],[-87.665461647795098,40.37141686013873],[-87.665453416483317,40.371444852893454],[-87.665438953571879,40.371471339920241]]]},"properties":{"OBJECTID":125497}},{"type":"Feature","id":125498,"geometry":{"type":"Polygon","coordinates":[[[-87.663812299929873,40.370848683215385],[-87.663837363748513,40.371325983382064],[-87.66434695810598,40.371318255178984],[-87.66432189070143,40.370840954192751],[-87.663812299929873,40.370848683215385]]]},"properties":{"OBJECTID":125498}},{"type":"Feature","id":125499,"geometry":{"type":"Polygon","coordinates":[[[-87.665907663709305,40.371510993803085],[-87.665920226119539,40.371678919004879],[-87.665940707020866,40.371952956870942],[-87.666062931339141,40.371950917212651],[-87.666794910161045,40.371938668670225],[-87.666737818025666,40.371483736728216],[-87.665907663709305,40.371510993803085]]]},"properties":{"OBJECTID":125499}},{"type":"Feature","id":125500,"geometry":{"type":"Polygon","coordinates":[[[-87.666614305226446,40.370499736694164],[-87.665833911186212,40.370524864793609],[-87.66582150988603,40.370525263314093],[-87.665846450549907,40.370998572846453],[-87.665869278003797,40.370997849053552],[-87.666188758685493,40.370987716682862],[-87.66667361777904,40.370972340039579],[-87.666856724909422,40.370966531260414],[-87.666797401353946,40.370493839685835],[-87.666614305226446,40.370499736694164]]]},"properties":{"OBJECTID":125500}},{"type":"Feature","id":125501,"geometry":{"type":"Polygon","coordinates":[[[-87.665813375373787,40.370250266369105],[-87.665833911186212,40.370524864793609],[-87.666614305226446,40.370499736694164],[-87.666579645689069,40.370223531397727],[-87.665813375373787,40.370250266369105]]]},"properties":{"OBJECTID":125501}},{"type":"Feature","id":125527,"geometry":{"type":"Polygon","coordinates":[[[-87.664986025876075,40.383876134607739],[-87.665009803282473,40.384328694524939],[-87.665246503921026,40.384321278998875],[-87.665222759993213,40.383868746336873],[-87.664986025876075,40.383876134607739]]]},"properties":{"OBJECTID":125527}},{"type":"Feature","id":125528,"geometry":{"type":"Polygon","coordinates":[[[-87.663439845359292,40.37969491521114],[-87.663447029234234,40.379832068209801],[-87.663572585166676,40.379828485321781],[-87.663809298429854,40.379821786024351],[-87.664046083750307,40.379815059642063],[-87.664033782763937,40.379581914668456],[-87.663796978060972,40.379586993766843],[-87.66356013853796,40.379592018144052],[-87.663565365425626,40.379691360940896],[-87.663439845359292,40.37969491521114]]]},"properties":{"OBJECTID":125528}},{"type":"Feature","id":125529,"geometry":{"type":"Polygon","coordinates":[[[-87.660897087797082,40.37937549521876],[-87.660926258095841,40.379932671183894],[-87.661162982189978,40.379924824634813],[-87.661399636769616,40.379916976296499],[-87.661370876195974,40.379368779735955],[-87.661133981866215,40.379372151678183],[-87.660897087797082,40.37937549521876]]]},"properties":{"OBJECTID":125529}},{"type":"Feature","id":125530,"geometry":{"type":"Polygon","coordinates":[[[-87.661286261828309,40.38227417615046],[-87.661298121408009,40.382500457259269],[-87.661534998643859,40.382496233866625],[-87.661771876134011,40.382491982072324],[-87.662008718264445,40.382487730487988],[-87.661996858930905,40.382261422430439],[-87.661759981087727,40.382265673785049],[-87.661523139717673,40.382269925766757],[-87.661286261828309,40.38227417615046]]]},"properties":{"OBJECTID":125530}},{"type":"Feature","id":125531,"geometry":{"type":"Polygon","coordinates":[[[-87.661671938165284,40.38058791550273],[-87.661695692529605,40.381040476169844],[-87.661932350959432,40.38103262767428],[-87.661908630348393,40.380580066347036],[-87.661671938165284,40.38058791550273]]]},"properties":{"OBJECTID":125531}},{"type":"Feature","id":125532,"geometry":{"type":"Polygon","coordinates":[[[-87.660961935261696,40.380611485706147],[-87.660985684878668,40.381064046479025],[-87.661222342553287,40.381056171514928],[-87.661198591076484,40.380603638693451],[-87.660961935261696,40.380611485706147]]]},"properties":{"OBJECTID":125532}},{"type":"Feature","id":125533,"geometry":{"type":"Polygon","coordinates":[[[-87.659389673378016,40.379396942317662],[-87.65942254850323,40.379980875538344],[-87.659666868258512,40.379974475808311],[-87.659636404519787,40.379393439434857],[-87.659389673378016,40.379396942317662]]]},"properties":{"OBJECTID":125533}},{"type":"Feature","id":125534,"geometry":{"type":"Polygon","coordinates":[[[-87.658669549145202,40.379407154233562],[-87.658703228828728,40.379999765757255],[-87.658943025549448,40.379993478957871],[-87.658909567022704,40.379403750622735],[-87.658669549145202,40.379407154233562]]]},"properties":{"OBJECTID":125534}},{"type":"Feature","id":125535,"geometry":{"type":"Polygon","coordinates":[[[-87.659149620209007,40.379400346719457],[-87.659182785728561,40.379987191448059],[-87.65942254850323,40.379980875538344],[-87.659389673378016,40.379396942317662],[-87.659149620209007,40.379400346719457]]]},"properties":{"OBJECTID":125535}},{"type":"Feature","id":125536,"geometry":{"type":"Polygon","coordinates":[[[-87.657911079185467,40.380697959760354],[-87.657936952329493,40.381173097363984],[-87.658263575317065,40.381163886979444],[-87.658237126130516,40.380688773997875],[-87.657911079185467,40.380697959760354]]]},"properties":{"OBJECTID":125536}},{"type":"Feature","id":125537,"geometry":{"type":"Polygon","coordinates":[[[-87.657584997736478,40.380707172319376],[-87.657610329265736,40.381182306825217],[-87.657936952329493,40.381173097363984],[-87.657911079185467,40.380697959760354],[-87.657584997736478,40.380707172319376]]]},"properties":{"OBJECTID":125537}},{"type":"Feature","id":125538,"geometry":{"type":"Polygon","coordinates":[[[-87.659390042849878,40.379073052399512],[-87.659394325492158,40.379133350926324],[-87.659466097372132,40.379132331865158],[-87.659461814674842,40.379072032439986],[-87.659390042849878,40.379073052399512]]]},"properties":{"OBJECTID":125538}},{"type":"Feature","id":125539,"geometry":{"type":"Polygon","coordinates":[[[-87.665354827042819,40.372009523714944],[-87.665375278209524,40.372399042156609],[-87.665612123173958,40.372394480527468],[-87.665591633868701,40.372004989821946],[-87.665354827042819,40.372009523714944]]]},"properties":{"OBJECTID":125539}},{"type":"Feature","id":125540,"geometry":{"type":"Polygon","coordinates":[[[-87.665118018738653,40.372014085032177],[-87.665138468551163,40.372403602603939],[-87.665375278209524,40.372399042156609],[-87.665354827042819,40.372009523714944],[-87.665118018738653,40.372014085032177]]]},"properties":{"OBJECTID":125540}},{"type":"Feature","id":125615,"geometry":{"type":"Polygon","coordinates":[[[-87.661305776975595,40.37309991445931],[-87.657413272229206,40.373146998380363],[-87.658459465634991,40.374330482049437],[-87.661401205412943,40.374238444397001],[-87.661560106227427,40.374233466093564],[-87.661500504674734,40.373097586777256],[-87.661305776975595,40.37309991445931]]]},"properties":{"OBJECTID":125615}},{"type":"Feature","id":125616,"geometry":{"type":"Polygon","coordinates":[[[-87.656510917000915,40.372097052923515],[-87.656485496196865,40.372097431880427],[-87.65651238568951,40.372127850352058],[-87.657413272229206,40.373146998380363],[-87.661305776975595,40.37309991445931],[-87.661500504674734,40.373097586777256],[-87.661446424353741,40.372067035354554],[-87.661446366162323,40.37206566254104],[-87.661209567954913,40.372069282916513],[-87.661173668329397,40.372069829846865],[-87.661171378571666,40.372025938751555],[-87.656510917000915,40.372097052923515]]]},"properties":{"OBJECTID":125616}},{"type":"Feature","id":125617,"geometry":{"type":"Polygon","coordinates":[[[-87.660320158799635,40.379018682010624],[-87.660324442277854,40.379078979609702],[-87.660421334627173,40.379077604529726],[-87.660417052249088,40.379017306039856],[-87.660320158799635,40.379018682010624]]]},"properties":{"OBJECTID":125617}},{"type":"Feature","id":125618,"geometry":{"type":"Polygon","coordinates":[[[-87.663253128907058,40.378260007993227],[-87.663276894431078,40.37871256860241],[-87.663513574376964,40.378705155552581],[-87.663489843773462,40.378252595190212],[-87.663253128907058,40.378260007993227]]]},"properties":{"OBJECTID":125618}},{"type":"Feature","id":125619,"geometry":{"type":"Polygon","coordinates":[[[-87.663016450507342,40.378267419622311],[-87.66304021326242,40.378719981160529],[-87.663276894431078,40.37871256860241],[-87.663253128907058,40.378260007993227],[-87.663016450507342,40.378267419622311]]]},"properties":{"OBJECTID":125619}},{"type":"Feature","id":125620,"geometry":{"type":"Polygon","coordinates":[[[-87.664348365065621,40.372028877891132],[-87.664368810447741,40.372418395562498],[-87.664605620197108,40.372413835791555],[-87.664585173175851,40.37202434606705],[-87.664348365065621,40.372028877891132]]]},"properties":{"OBJECTID":125620}},{"type":"Feature","id":125820,"geometry":{"type":"Polygon","coordinates":[[[-87.664934823907799,40.37303988747361],[-87.664958598423382,40.373492421197263],[-87.665431994182384,40.373477614856817],[-87.665408181446352,40.373025053984307],[-87.664934823907799,40.37303988747361]]]},"properties":{"OBJECTID":125820}},{"type":"Feature","id":125821,"geometry":{"type":"Polygon","coordinates":[[[-87.662449812817073,40.373117728563315],[-87.662473570730157,40.373570261757664],[-87.662710233908655,40.37356285110868],[-87.662686474422529,40.373110317049147],[-87.662449812817073,40.373117728563315]]]},"properties":{"OBJECTID":125821}},{"type":"Feature","id":125822,"geometry":{"type":"Polygon","coordinates":[[[-87.665408181446352,40.373025053984307],[-87.665431994182384,40.373477614856817],[-87.665668620295108,40.373470197937301],[-87.665644841308875,40.373017636403638],[-87.665408181446352,40.373025053984307]]]},"properties":{"OBJECTID":125822}},{"type":"Feature","id":125823,"geometry":{"type":"Polygon","coordinates":[[[-87.663973074777914,40.373910679046674],[-87.663975215901402,40.373951810757461],[-87.664448578794349,40.373936982145146],[-87.664435587266297,40.373690135250534],[-87.664198924951307,40.373697550335628],[-87.664209739034746,40.37390326443704],[-87.663973074777914,40.373910679046674]]]},"properties":{"OBJECTID":125823}},{"type":"Feature","id":125824,"geometry":{"type":"Polygon","coordinates":[[[-87.664259901857051,40.37260170514358],[-87.664281583277088,40.373015028520697],[-87.664399949742602,40.373011321155204],[-87.664636609630435,40.373003906538905],[-87.664615135690823,40.372594865753371],[-87.664378325307965,40.372599425538532],[-87.664259901857051,40.37260170514358]]]},"properties":{"OBJECTID":125824}},{"type":"Feature","id":125825,"geometry":{"type":"Polygon","coordinates":[[[-87.663904704751587,40.372608514836585],[-87.663926628644916,40.373026149827268],[-87.664163288623214,40.373018736180462],[-87.664281583277088,40.373015028520697],[-87.664259901857051,40.37260170514358],[-87.664141514899825,40.37260398483852],[-87.663904704751587,40.372608514836585]]]},"properties":{"OBJECTID":125825}},{"type":"Feature","id":125826,"geometry":{"type":"Polygon","coordinates":[[[-87.662187766809183,40.372641494639858],[-87.66221076587486,40.373079888102779],[-87.662447426189871,40.373072477070068],[-87.662424577148414,40.372636967259112],[-87.662187766809183,40.372641494639858]]]},"properties":{"OBJECTID":125826}},{"type":"Feature","id":126245,"geometry":{"type":"Polygon","coordinates":[[[-87.658671257791141,40.380495208730345],[-87.658681547196181,40.380676243412019],[-87.658799923746727,40.380672898500691],[-87.659150458034489,40.380663001953806],[-87.659501026374514,40.38065310544301],[-87.659702161217595,40.380647441927536],[-87.659692693092381,40.380466440031618],[-87.659452351951785,40.380473191705875],[-87.659212009314302,40.38047997078948],[-87.658971667813077,40.380486749380005],[-87.658731361318729,40.380493555592821],[-87.658671257791141,40.380495208730345]]]},"properties":{"OBJECTID":126245}},{"type":"Feature","id":126612,"geometry":{"type":"Polygon","coordinates":[[[-87.658909567022704,40.379403750622735],[-87.658943025549448,40.379993478957871],[-87.659182785728561,40.379987191448059],[-87.659149620209007,40.379400346719457],[-87.658909567022704,40.379403750622735]]]},"properties":{"OBJECTID":126612}},{"type":"Feature","id":126613,"geometry":{"type":"Polygon","coordinates":[[[-87.658237126130516,40.380688773997875],[-87.658263575317065,40.381163886979444],[-87.658590233546391,40.381154676778252],[-87.658563171822124,40.380679587308428],[-87.658237126130516,40.380688773997875]]]},"properties":{"OBJECTID":126613}},{"type":"Feature","id":126614,"geometry":{"type":"Polygon","coordinates":[[[-87.657258949471057,40.380716355334279],[-87.657283706134791,40.381191514462579],[-87.657610329265736,40.381182306825217],[-87.657584997736478,40.380707172319376],[-87.657258949471057,40.380716355334279]]]},"properties":{"OBJECTID":126614}},{"type":"Feature","id":126615,"geometry":{"type":"Polygon","coordinates":[[[-87.656956292501462,40.381200744471208],[-87.65697957257413,40.381675922001421],[-87.656982482012097,40.381675856165479],[-87.65730849635132,40.381666645826158],[-87.657283706134791,40.381191514462579],[-87.656956292501462,40.381200744471208]]]},"properties":{"OBJECTID":126615}},{"type":"Feature","id":126616,"geometry":{"type":"Polygon","coordinates":[[[-87.661215711370687,40.372025261620379],[-87.66120724064001,40.372025377194404],[-87.661171378571666,40.372025938751555],[-87.661173668329397,40.372069829846865],[-87.661209567954913,40.372069282916513],[-87.661446366162323,40.37206566254104],[-87.66144407518442,40.37202175793503],[-87.661215711370687,40.372025261620379]]]},"properties":{"OBJECTID":126616}},{"type":"Feature","id":126617,"geometry":{"type":"MultiPolygon","coordinates":[[[[-87.661969029833926,40.378300220359677],[-87.662013202105882,40.378350179446024],[-87.662265258389525,40.37863526540503],[-87.662359010742378,40.378741300782963],[-87.662398015402559,40.378785415634233],[-87.66244379487442,40.378837121984766],[-87.66251731216839,40.378920341785175],[-87.662736403375703,40.379168136349108],[-87.662767365693995,40.379167693597786],[-87.663004259013221,40.37916434441798],[-87.662983429225108,40.378767084311072],[-87.662981043262036,40.378721833775749],[-87.66295728089365,40.378269273129227],[-87.662720601250982,40.378276685045975],[-87.66248392274953,40.378284095584164],[-87.662382199677793,40.378287277935335],[-87.662282397262373,40.378109103043869],[-87.662237733003195,40.378110503612476],[-87.662223083722438,40.378110994965411],[-87.662029320446564,40.377754398641862],[-87.661851737588805,40.377427596847539],[-87.661833479648507,40.377394002100303],[-87.661714481470995,40.377174977783525],[-87.661647485597797,40.37717705894395],[-87.66127487981457,40.377188728747591],[-87.661574766880435,40.37752782603463],[-87.661601955554701,40.377558562944927],[-87.661742581463628,40.377717570865862],[-87.661995016195462,40.378002974835489],[-87.662094081170409,40.378114994969678],[-87.662001018532393,40.378117913855441],[-87.661813041682663,40.378123791082501],[-87.661969029833926,40.378300220359677]]],[[[-87.662281544770437,40.37774650287335],[-87.662474412103393,40.378103092679559],[-87.6624553900254,40.377741060730351],[-87.662281544770437,40.37774650287335]]],[[[-87.663752641923594,40.378742993449031],[-87.663515961873628,40.378750406086738],[-87.663279280591965,40.37875781913327],[-87.663042600719265,40.378765203785612],[-87.663063491430719,40.379163480983223],[-87.663300384987579,40.37916010508139],[-87.663537313585877,40.379156755914359],[-87.663774207108887,40.379153379041483],[-87.664011100614871,40.379150001683129],[-87.663989358440517,40.378735579637237],[-87.663752641923594,40.378742993449031]]],[[[-87.66111024805538,40.378719373623042],[-87.661003278486334,40.378601568249088],[-87.660855867297002,40.378679899436641],[-87.660962846659899,40.378797653669338],[-87.661170974899235,40.379026777100528],[-87.66131775295112,40.379188319452304],[-87.661533465525451,40.379185263561354],[-87.661818392035414,40.379181208814934],[-87.661964963916404,40.379179123079446],[-87.661809415278881,40.379007922398237],[-87.661613144083233,40.378791880469123],[-87.661405015046824,40.378562757818244],[-87.66111024805538,40.378719373623042]]],[[[-87.663326195955875,40.379880776331902],[-87.6635910326047,40.380180220993111],[-87.663574935951772,40.379873763551345],[-87.663573748712281,40.379851191010417],[-87.663448213540931,40.379854694769399],[-87.663447029234234,40.379832068209801],[-87.663439845359292,40.37969491521114],[-87.663565365425626,40.379691360940896],[-87.66356013853796,40.379592018144052],[-87.663796978060972,40.379586993766843],[-87.664033782763937,40.379581914668456],[-87.664020614940526,40.379331059394751],[-87.663783757312942,40.379334436078253],[-87.663546791317231,40.379337813449972],[-87.663309897419666,40.3793411619354],[-87.663073002952046,40.37934456576766],[-87.663013807424022,40.379345374485766],[-87.662854669070583,40.379347691283705],[-87.663023947582687,40.37953906283358],[-87.663086917114697,40.379610302937593],[-87.663287113818072,40.379836631631413],[-87.663326195955875,40.379880776331902]]]]},"properties":{"OBJECTID":126617}},{"type":"Feature","id":126618,"geometry":{"type":"Polygon","coordinates":[[[-87.665943060367837,40.371998235131102],[-87.66582847861315,40.372000428645556],[-87.665591633868701,40.372004989821946],[-87.665612123173958,40.372394480527468],[-87.665848932790638,40.372389918209144],[-87.665963298560513,40.372387723429654],[-87.666085742115555,40.372385382421292],[-87.666065286841487,40.371995865872677],[-87.665943060367837,40.371998235131102]]]},"properties":{"OBJECTID":126618}},{"type":"Feature","id":126619,"geometry":{"type":"Polygon","coordinates":[[[-87.664881210409234,40.372018645864202],[-87.664901622625649,40.372408136239955],[-87.665138468551163,40.372403602603939],[-87.665118018738653,40.372014085032177],[-87.664881210409234,40.372018645864202]]]},"properties":{"OBJECTID":126619}},{"type":"Feature","id":156252,"geometry":{"type":"Polygon","coordinates":[[[-87.673189060892554,40.387581093159234],[-87.676203642885682,40.387608422032244],[-87.679066344965392,40.387634315060346],[-87.679658858349256,40.387639669753121],[-87.67974084251675,40.387640407844493],[-87.67979337877911,40.387571641666824],[-87.679902905762319,40.387456231757689],[-87.680010461476911,40.38730699230149],[-87.680124799733875,40.387150517128667],[-87.680254389561782,40.387009362962651],[-87.680441275069398,40.386878879737203],[-87.68062340721508,40.386742468822476],[-87.680764421966273,40.386685592916841],[-87.680595945169685,40.386683022802934],[-87.67767587728585,40.386638586971259],[-87.676156825100932,40.386615418837373],[-87.676038915280714,40.386613619362976],[-87.675093521239489,40.386599155865063],[-87.67405920292434,40.386583386988612],[-87.672696013280401,40.386562591072789],[-87.673189060892554,40.387581093159234]]]},"properties":{"OBJECTID":156252}},{"type":"Feature","id":157483,"geometry":{"type":"Polygon","coordinates":[[[-87.659380972638772,40.39374636106804],[-87.659384597385397,40.393814950770974],[-87.66228361588901,40.393771037867445],[-87.662279557131697,40.393702445729595],[-87.661858051810484,40.386548778173406],[-87.657243902878207,40.386623044083564],[-87.65756617138436,40.392719590210945],[-87.659325274573561,40.392692965316286],[-87.659380972638772,40.39374636106804]]]},"properties":{"OBJECTID":157483}},{"type":"Feature","id":157485,"geometry":{"type":"MultiPolygon","coordinates":[[[[-87.670835439270064,40.393744782895624],[-87.670832091093942,40.393676112256941],[-87.670801612604834,40.39304594469575],[-87.670784442238187,40.392761229701584],[-87.670760476672001,40.392476797259192],[-87.67072971976728,40.392192742847278],[-87.670692184815479,40.391909161096876],[-87.670647881591833,40.391626144816527],[-87.670596828106241,40.391343787761407],[-87.670539037656738,40.391062183658555],[-87.670474530606811,40.390781426274295],[-87.670403329700775,40.390501606685916],[-87.670325457637517,40.39022282047209],[-87.670240939531809,40.389945156920334],[-87.670149802817107,40.389668708932618],[-87.670052079644847,40.389393568536427],[-87.669947800995914,40.389119826850887],[-87.66983700256894,40.38884757412071],[-87.669719720060627,40.388576900589555],[-87.669595992707485,40.388307895619917],[-87.669465860921562,40.38804064858018],[-87.669329366307991,40.387775247043493],[-87.669186557517961,40.387511780423779],[-87.669037480871197,40.387250335419118],[-87.668882183880328,40.386990996932468],[-87.668720718739408,40.386733852594659],[-87.668719798614973,40.386732446916255],[-87.668616145679053,40.38657355031696],[-87.668566833895426,40.386499427113087],[-87.666695255781519,40.386470755631635],[-87.667067462769666,40.393629777435493],[-87.66707102229185,40.393698366540413],[-87.667412673336088,40.393693170560823],[-87.670835439270064,40.393744782895624]]],[[[-87.669129261811875,40.386748880909607],[-87.669131841939176,40.386752986129359],[-87.669292294814767,40.387015031301594],[-87.669446482030807,40.387279248473355],[-87.669594352549979,40.387545551822029],[-87.669735857714059,40.387813852836025],[-87.669870952386447,40.388084063923898],[-87.669999590285713,40.388356093884411],[-87.670121728616877,40.388629856038307],[-87.670237329328813,40.388905260130407],[-87.670346353216999,40.389182213196214],[-87.670448764572598,40.389460625892646],[-87.670544528880114,40.389740407081277],[-87.670633617537447,40.390021462954834],[-87.670715997194392,40.390303703280118],[-87.670791643973928,40.390587032473704],[-87.670860530420299,40.390871359433383],[-87.67092263616918,40.391156590394857],[-87.670977938508386,40.391442630678561],[-87.671026421782315,40.39172938654481],[-87.671068069156561,40.392016764246094],[-87.671102864991312,40.392304668239291],[-87.675042296075389,40.392199604433159],[-87.672310390635886,40.386556681490838],[-87.67136707989863,40.386542282288751],[-87.67131288307155,40.386541450592283],[-87.668973344636683,40.386505633992932],[-87.669129261811875,40.386748880909607]]]]},"properties":{"OBJECTID":157485}},{"type":"Feature","id":157633,"geometry":{"type":"Polygon","coordinates":[[[-87.661858051810484,40.386548778173406],[-87.662279557131697,40.393702445729595],[-87.66228361588901,40.393771037867445],[-87.66707102229185,40.393698366540413],[-87.667067462769666,40.393629777435493],[-87.666695255781519,40.386470755631635],[-87.661858051810484,40.386548778173406]]]},"properties":{"OBJECTID":157633}},{"type":"Feature","id":158474,"geometry":{"type":"Polygon","coordinates":[[[-87.66217139509763,40.381070001308188],[-87.662195188526027,40.381522535052795],[-87.662431847431122,40.381514684641395],[-87.662408088015383,40.381062124121478],[-87.66217139509763,40.381070001308188]]]},"properties":{"OBJECTID":158474}},{"type":"Feature","id":158475,"geometry":{"type":"Polygon","coordinates":[[[-87.662381978047648,40.380564368170106],[-87.662405700931998,40.381016900603427],[-87.662642394543838,40.381009050858317],[-87.66261863384959,40.380556490332303],[-87.662381978047648,40.380564368170106]]]},"properties":{"OBJECTID":158475}},{"type":"Feature","id":158476,"geometry":{"type":"Polygon","coordinates":[[[-87.664107225431536,40.376465471655486],[-87.6641309587949,40.376918005036167],[-87.664367668890861,40.376910590396008],[-87.664579246709494,40.376903963830337],[-87.664555473847102,40.376451430305416],[-87.664343897442947,40.376458056839446],[-87.664107225431536,40.376465471655486]]]},"properties":{"OBJECTID":158476}},{"type":"Feature","id":158477,"geometry":{"type":"Polygon","coordinates":[[[-87.663693241899182,40.377611646199227],[-87.663698017078659,40.377702147278086],[-87.663934693452774,40.377694733336277],[-87.663929919134361,40.377604232271345],[-87.663693241899182,40.377611646199227]]]},"properties":{"OBJECTID":158477}},{"type":"Feature","id":158830,"geometry":{"type":"Polygon","coordinates":[[[-87.652498666336498,40.38669920891104],[-87.652860636887496,40.393844872358024],[-87.652864146943514,40.3939134336566],[-87.657625465272503,40.393841549311148],[-87.657621842310576,40.393772959567862],[-87.65756617138436,40.392719590210945],[-87.657243902878207,40.386623044083564],[-87.652498666336498,40.38669920891104]]]},"properties":{"OBJECTID":158830}},{"type":"Feature","id":158925,"geometry":{"type":"Polygon","coordinates":[[[-87.66261863384959,40.380556490332303],[-87.662642394543838,40.381009050858317],[-87.662879051879642,40.381001172500461],[-87.662855289326274,40.380548639925912],[-87.66261863384959,40.380556490332303]]]},"properties":{"OBJECTID":158925}},{"type":"Feature","id":158926,"geometry":{"type":"Polygon","coordinates":[[[-87.664791116660851,40.37594541489635],[-87.664814889515739,40.376397976332917],[-87.665051562410639,40.376390560072714],[-87.665027786787078,40.375937999565302],[-87.664791116660851,40.37594541489635]]]},"properties":{"OBJECTID":158926}},{"type":"Feature","id":158927,"geometry":{"type":"Polygon","coordinates":[[[-87.664566313835692,40.376179110827984],[-87.664578182437424,40.376405391010252],[-87.664814889515739,40.376397976332917],[-87.664791116660851,40.37594541489635],[-87.664554446480494,40.375952830643143],[-87.664566313835692,40.376179110827984]]]},"properties":{"OBJECTID":158927}},{"type":"Feature","id":158928,"geometry":{"type":"Polygon","coordinates":[[[-87.664081068313621,40.375967659563699],[-87.664092970588314,40.376193939995112],[-87.664329642818913,40.376186526107624],[-87.664566313835692,40.376179110827984],[-87.664554446480494,40.375952830643143],[-87.664317738575591,40.375960245687111],[-87.664081068313621,40.375967659563699]]]},"properties":{"OBJECTID":158928}},{"type":"Feature","id":158929,"geometry":{"type":"Polygon","coordinates":[[[-87.664555473847102,40.376451430305416],[-87.664579246709494,40.376903963830337],[-87.664604342439276,40.376903175059759],[-87.664580569409097,40.376450641538611],[-87.664555473847102,40.376451430305416]]]},"properties":{"OBJECTID":158929}},{"type":"Feature","id":158930,"geometry":{"type":"Polygon","coordinates":[[[-87.66321988847956,40.377626471706783],[-87.663224627700927,40.377716972595167],[-87.663461304156598,40.37770956052362],[-87.663456564618784,40.377619059642271],[-87.66321988847956,40.377626471706783]]]},"properties":{"OBJECTID":158930}},{"type":"Feature","id":158991,"geometry":{"type":"Polygon","coordinates":[[[-87.669848505329682,40.382771732868747],[-87.669878246211056,40.382967371975646],[-87.670125066457189,40.38290106920919],[-87.670555545175446,40.382785395604508],[-87.670468217090772,40.382605264953362],[-87.669848505329682,40.382771732868747]]]},"properties":{"OBJECTID":158991}},{"type":"Feature","id":159219,"geometry":{"type":"Polygon","coordinates":[[[-87.662145285970027,40.380572217395056],[-87.662169043767435,40.381024750975989],[-87.662405700931998,40.381016900603427],[-87.662381978047648,40.380564368170106],[-87.662145285970027,40.380572217395056]]]},"properties":{"OBJECTID":159219}},{"type":"Feature","id":159220,"geometry":{"type":"Polygon","coordinates":[[[-87.664092970588314,40.376193939995112],[-87.664104836697518,40.376420193190199],[-87.664341509728104,40.37641277838452],[-87.664578182437424,40.376405391010252],[-87.664566313835692,40.376179110827984],[-87.664329642818913,40.376186526107624],[-87.664092970588314,40.376193939995112]]]},"properties":{"OBJECTID":159220}},{"type":"Feature","id":159221,"geometry":{"type":"Polygon","coordinates":[[[-87.663456564618784,40.377619059642271],[-87.663461304156598,40.37770956052362],[-87.663698017078659,40.377702147278086],[-87.663693241899182,40.377611646199227],[-87.663456564618784,40.377619059642271]]]},"properties":{"OBJECTID":159221}},{"type":"Feature","id":160419,"geometry":{"type":"Polygon","coordinates":[[[-87.669483939044241,40.381877339257208],[-87.669204551638416,40.381952401736214],[-87.668925162442818,40.382027463527535],[-87.668645772909414,40.382102496721693],[-87.66848727354585,40.382145065236514],[-87.668559147823913,40.382293514642818],[-87.668631093450145,40.382442045463073],[-87.668807467697533,40.382436168857183],[-87.668836803114132,40.382435212615249],[-87.669089848540622,40.382367246639603],[-87.669369238702586,40.382292211480205],[-87.669648628782809,40.382217121608477],[-87.670207369797353,40.382067021560381],[-87.670125041155899,40.381897130899986],[-87.670042714100717,40.381727240186031],[-87.669483939044241,40.381877339257208]]]},"properties":{"OBJECTID":160419}},{"type":"Feature","id":160886,"geometry":{"type":"Polygon","coordinates":[[[-87.668895225493102,40.381307811912691],[-87.669049113862442,40.381628455336589],[-87.66912037805406,40.381776982856216],[-87.669191606332845,40.381925481304251],[-87.669204551638416,40.381952401736214],[-87.669483939044241,40.381877339257208],[-87.670042714100717,40.381727240186031],[-87.669731254375137,40.381084547735078],[-87.669724527775898,40.381086463378146],[-87.669718288936593,40.381073595307292],[-87.668895225493102,40.381307811912691]]]},"properties":{"OBJECTID":160886}},{"type":"Feature","id":161782,"geometry":{"type":"Polygon","coordinates":[[[-87.672523493339952,40.383238937582433],[-87.671396862712726,40.383263436817479],[-87.67138221909866,40.383436001839328],[-87.67183801050993,40.383442194316039],[-87.671995184206466,40.383766475541776],[-87.674808734555455,40.38380460872736],[-87.675936309219551,40.383819856342996],[-87.676011194026785,40.383820870108835],[-87.676184328326372,40.383823194178525],[-87.676311945034811,40.383824933373418],[-87.676345730544725,40.383825400002223],[-87.676190076968538,40.3834804408176],[-87.676070491473453,40.383215411453136],[-87.675984684842092,40.383025241397839],[-87.675967781946781,40.382987789537189],[-87.675074176660317,40.382975059488786],[-87.67507263858991,40.382975063341512],[-87.672428243377468,40.382937442443207],[-87.672523493339952,40.383238937582433]]]},"properties":{"OBJECTID":161782}},{"type":"Feature","id":161783,"geometry":{"type":"Polygon","coordinates":[[[-87.671121773258207,40.383432467271383],[-87.671178336563798,40.383433230650851],[-87.671255035366073,40.383434274093375],[-87.67138221909866,40.383436001839328],[-87.671396862712726,40.383263436817479],[-87.672523493339952,40.383238937582433],[-87.672428243377468,40.382937442443207],[-87.671236733610115,40.382920505882545],[-87.670871119564652,40.382915282468474],[-87.671121773258207,40.383432467271383]]]},"properties":{"OBJECTID":161783}},{"type":"Feature","id":161784,"geometry":{"type":"Polygon","coordinates":[[[-87.669564744116073,40.380219695502845],[-87.669674528453797,40.38044617860529],[-87.670180060227608,40.380338615309896],[-87.670180129455858,40.380201371019915],[-87.669564744116073,40.380219695502845]]]},"properties":{"OBJECTID":161784}},{"type":"Feature","id":161785,"geometry":{"type":"Polygon","coordinates":[[[-87.671127865929918,40.379863075651883],[-87.671307337682521,40.379866436626173],[-87.671450921494866,40.379869097504098],[-87.67145103798434,40.379648184781438],[-87.671451054914371,40.379609754703097],[-87.67145117112706,40.379388868986261],[-87.671307622747108,40.379386181296326],[-87.67112815317283,40.379382848255304],[-87.671128035905397,40.379603733963641],[-87.671128018536137,40.379642190155685],[-87.671127865929918,40.379863075651883]]]},"properties":{"OBJECTID":161785}},{"type":"Feature","id":161786,"geometry":{"type":"Polygon","coordinates":[[[-87.670679240988633,40.379854714186202],[-87.670768958720032,40.379856380993438],[-87.670894598817668,40.379858720912722],[-87.670894717132711,40.379637807304128],[-87.67089473410536,40.379599405144546],[-87.670894817081887,40.379378491323727],[-87.670769212015955,40.379376152507781],[-87.670679494921458,40.379374485705675],[-87.670679375915526,40.379595399318454],[-87.670679358555915,40.379633828492764],[-87.670679240988633,40.379854714186202]]]},"properties":{"OBJECTID":161786}},{"type":"Feature","id":161787,"geometry":{"type":"Polygon","coordinates":[[[-87.667789014803489,40.378610352683253],[-87.668538583716227,40.378623338526602],[-87.668509666692486,40.378563689398078],[-87.667783458976558,40.378551112496311],[-87.667786239452724,40.378604106542241],[-87.667789014803489,40.378610352683253]]]},"properties":{"OBJECTID":161787}},{"type":"Feature","id":161788,"geometry":{"type":"Polygon","coordinates":[[[-87.667783458976558,40.378551112496311],[-87.668509666692486,40.378563689398078],[-87.668480748816009,40.378504012339157],[-87.667996060430028,40.378495625861198],[-87.667780345338883,40.378491886364053],[-87.667783458976558,40.378551112496311]]]},"properties":{"OBJECTID":161788}},{"type":"Feature","id":161789,"geometry":{"type":"Polygon","coordinates":[[[-87.668042542786111,40.378433554678125],[-87.668080116686951,40.378434210316101],[-87.668077032893507,40.378375395923932],[-87.668074342175089,40.378324268387416],[-87.668068567227294,40.378214492159415],[-87.668063033346229,40.378109301236037],[-87.667760722116753,40.378118761223213],[-87.667765502758968,40.378209263070524],[-87.667777052694092,40.378428952439855],[-87.667992767584281,40.378432691941541],[-87.668042542786111,40.378433554678125]]]},"properties":{"OBJECTID":161789}},{"type":"Feature","id":161790,"geometry":{"type":"Polygon","coordinates":[[[-87.668080116686951,40.378434210316101],[-87.668450037816399,40.378440592085184],[-87.668421331200932,40.378381356605551],[-87.668077032893507,40.378375395923932],[-87.668080116686951,40.378434210316101]]]},"properties":{"OBJECTID":161790}},{"type":"Feature","id":161791,"geometry":{"type":"Polygon","coordinates":[[[-87.665834277401629,40.382716351180441],[-87.665944289776363,40.382840700551377],[-87.666413396647414,40.382839063506104],[-87.666405953445363,40.382697360458636],[-87.665834277401629,40.382716351180441]]]},"properties":{"OBJECTID":161791}},{"type":"Feature","id":161792,"geometry":{"type":"Polygon","coordinates":[[[-87.658504110880727,40.381814252726635],[-87.658262362989092,40.381821049540939],[-87.658020507626503,40.381827872239249],[-87.657778689904589,40.381834694651424],[-87.65753837881168,40.381841470427567],[-87.656992050155239,40.381856859715363],[-87.656988423294408,40.3818569483727],[-87.656996469247773,40.382007171343432],[-87.65700455082991,40.382157367501009],[-87.65701259684559,40.382307590463412],[-87.657015018498655,40.382352650372738],[-87.65702306337721,40.382502873322849],[-87.65703110973466,40.382653069260101],[-87.657039154666464,40.382803293102413],[-87.657048866484729,40.382984323570284],[-87.6570634164799,40.383255884466308],[-87.658826558882396,40.383224321722899],[-87.658811104200879,40.382952783671975],[-87.65880081300925,40.382771749060382],[-87.658775128330674,40.382320273612443],[-87.65877161618279,40.382258684567297],[-87.658745964703755,40.381807456925316],[-87.658504110880727,40.381814252726635]]]},"properties":{"OBJECTID":161792}},{"type":"Feature","id":161793,"geometry":{"type":"MultiPolygon","coordinates":[[[[-87.660721160241181,40.381751738289012],[-87.660480202886049,40.381758544339526],[-87.660239209262301,40.381765321758905],[-87.659998253010656,40.381772125910665],[-87.659761532917159,40.381778790330621],[-87.659522549572287,40.38178555004756],[-87.659283602951632,40.381792283367908],[-87.65904462214948,40.381799015094472],[-87.658805675456279,40.381805746525963],[-87.658745964703755,40.381807456925316],[-87.65877161618279,40.382258684567297],[-87.658775128330674,40.382320273612443],[-87.658834761954509,40.382319139115872],[-87.659073255921598,40.382314766291046],[-87.659311858211581,40.382310392705065],[-87.659550387736331,40.382305991185454],[-87.659788953750933,40.382301588485689],[-87.660025796376786,40.382297231094689],[-87.660266875858738,40.382292787108362],[-87.660507990634571,40.382288343725214],[-87.660749070058046,40.382283899633585],[-87.660990184784367,40.382279455244522],[-87.660985798538803,40.382197081361682],[-87.660962116368211,40.381744932629672],[-87.660721160241181,40.381751738289012]]],[[[-87.660686731145546,40.381095521962564],[-87.660577329980399,40.381098618427714],[-87.660602035608179,40.381573804488347],[-87.660711652777792,40.381570735374829],[-87.660952609437885,40.381563929736743],[-87.660927684667342,40.381088743370988],[-87.660686731145546,40.381095521962564]]]]},"properties":{"OBJECTID":161793}},{"type":"Feature","id":161837,"geometry":{"type":"Polygon","coordinates":[[[-87.662855289326274,40.380548639925912],[-87.662879051879642,40.381001172500461],[-87.663115744217251,40.38099332177871],[-87.663103573352629,40.380761851679495],[-87.663091980081361,40.380540789239483],[-87.662855289326274,40.380548639925912]]]},"properties":{"OBJECTID":161837}},{"type":"Feature","id":161838,"geometry":{"type":"Polygon","coordinates":[[[-87.665323590241044,40.375928728847079],[-87.665347403166805,40.376381289514299],[-87.665584075959842,40.376373872163285],[-87.665560332091474,40.375921312840049],[-87.665323590241044,40.375928728847079]]]},"properties":{"OBJECTID":161838}},{"type":"Feature","id":161839,"geometry":{"type":"Polygon","coordinates":[[[-87.665086954309317,40.375936145881916],[-87.665110730328493,40.376388706380475],[-87.665347403166805,40.376381289514299],[-87.665323590241044,40.375928728847079],[-87.665086954309317,40.375936145881916]]]},"properties":{"OBJECTID":161839}},{"type":"Feature","id":161840,"geometry":{"type":"Polygon","coordinates":[[[-87.662983211108681,40.37763388418017],[-87.662987950013601,40.377724385075581],[-87.663224627700927,40.377716972595167],[-87.66321988847956,40.377626471706783],[-87.662983211108681,40.37763388418017]]]},"properties":{"OBJECTID":161840}},{"type":"Feature","id":162207,"geometry":{"type":"Polygon","coordinates":[[[-87.67127894320258,40.383756778260476],[-87.671995184206466,40.383766475541776],[-87.67183801050993,40.383442194316039],[-87.67138221909866,40.383436001839328],[-87.671255035366073,40.383434274093375],[-87.671178336563798,40.383433230650851],[-87.671121773258207,40.383432467271383],[-87.67127894320258,40.383756778260476]]]},"properties":{"OBJECTID":162207}},{"type":"Feature","id":162208,"geometry":{"type":"Polygon","coordinates":[[[-87.669433233856608,40.384870335498988],[-87.669454518745326,40.385309210390417],[-87.669756681505262,40.385299773123208],[-87.669736292552258,40.38486084848882],[-87.669433233856608,40.384870335498988]]]},"properties":{"OBJECTID":162208}},{"type":"Feature","id":162209,"geometry":{"type":"Polygon","coordinates":[[[-87.668862772886342,40.384888167473449],[-87.668885778672447,40.385326998314191],[-87.669170166857853,40.38531811876522],[-87.669454518745326,40.385309210390417],[-87.669433233856608,40.384870335498988],[-87.669148021511688,40.384879266801754],[-87.668862772886342,40.384888167473449]]]},"properties":{"OBJECTID":162209}},{"type":"Feature","id":162210,"geometry":{"type":"Polygon","coordinates":[[[-87.668577596925488,40.384897096677271],[-87.668601390156283,40.385335904178817],[-87.668743584422543,40.385331451334018],[-87.668720184776959,40.384892646121436],[-87.668577596925488,40.384897096677271]]]},"properties":{"OBJECTID":162210}},{"type":"Feature","id":162676,"geometry":{"type":"Polygon","coordinates":[[[-87.671665913012347,40.384555166152403],[-87.672227989471637,40.384395851850996],[-87.672277496809443,40.384498054504334],[-87.672456978195697,40.384500489786291],[-87.674846460997273,40.38453283322864],[-87.674842191266393,40.384450415500098],[-87.672416792979462,40.384417587532084],[-87.672274573218019,40.384124182981679],[-87.672095126965388,40.384121750321277],[-87.671533051593514,40.384281035176521],[-87.671665913012347,40.384555166152403]]]},"properties":{"OBJECTID":162676}},{"type":"Feature","id":162677,"geometry":{"type":"Polygon","coordinates":[[[-87.672274573218019,40.384124182981679],[-87.672416792979462,40.384417587532084],[-87.674842191266393,40.384450415500098],[-87.674808734555455,40.38380460872736],[-87.671995184206466,40.383766475541776],[-87.67127894320258,40.383756778260476],[-87.671533051593514,40.384281035176521],[-87.672095126965388,40.384121750321277],[-87.672274573218019,40.384124182981679]]]},"properties":{"OBJECTID":162677}},{"type":"Feature","id":162678,"geometry":{"type":"Polygon","coordinates":[[[-87.67049976877324,40.379851407169461],[-87.670589486758658,40.379853047100205],[-87.670679240988633,40.379854714186202],[-87.670679358555915,40.379633828492764],[-87.670679375915526,40.379595399318454],[-87.670679494921458,40.379374485705675],[-87.670589777832348,40.379372818833986],[-87.670500025422442,40.379371151690258],[-87.670499904926459,40.379592037375367],[-87.670499887200137,40.379630493564513],[-87.67049976877324,40.379851407169461]]]},"properties":{"OBJECTID":162678}},{"type":"Feature","id":162679,"geometry":{"type":"Polygon","coordinates":[[[-87.670894598817668,40.379858720912722],[-87.670948430429476,40.379859742524481],[-87.671127865929918,40.379863075651883],[-87.671128018536137,40.379642190155685],[-87.671128035905397,40.379603733963641],[-87.67112815317283,40.379382848255304],[-87.670948682451325,40.379379514028571],[-87.670894817081887,40.379378491323727],[-87.67089473410536,40.379599405144546],[-87.670894717132711,40.379637807304128],[-87.670894598817668,40.379858720912722]]]},"properties":{"OBJECTID":162679}},{"type":"Feature","id":162680,"geometry":{"type":"Polygon","coordinates":[[[-87.670230717511146,40.379587035023924],[-87.670230698710299,40.379625465089944],[-87.67023057968683,40.379846349871087],[-87.670410050154004,40.379849712230538],[-87.67049976877324,40.379851407169461],[-87.670499887200137,40.379630493564513],[-87.670499904926459,40.379592037375367],[-87.670500025422442,40.379371151690258],[-87.670410307175331,40.379369483772145],[-87.670230837973406,40.379366122323454],[-87.670230717511146,40.379587035023924]]]},"properties":{"OBJECTID":162680}},{"type":"Feature","id":162681,"geometry":{"type":"Polygon","coordinates":[[[-87.669972993225301,40.384853450307986],[-87.669993384891455,40.385292374920148],[-87.670302117915256,40.385282699241934],[-87.67028133065196,40.384843799427898],[-87.669972993225301,40.384853450307986]]]},"properties":{"OBJECTID":162681}},{"type":"Feature","id":162682,"geometry":{"type":"Polygon","coordinates":[[[-87.667782390634628,40.384921948815332],[-87.668136385890264,40.385350441042895],[-87.668317073676533,40.38534478274088],[-87.668292347885625,40.384906024757285],[-87.667782390634628,40.384921948815332]]]},"properties":{"OBJECTID":162682}},{"type":"Feature","id":162683,"geometry":{"type":"Polygon","coordinates":[[[-87.668099788144318,40.378788011156303],[-87.668622769602678,40.378797083817112],[-87.66860162633391,40.378753427654544],[-87.668101074400212,40.378744757702165],[-87.668099788144318,40.378788011156303]]]},"properties":{"OBJECTID":162683}},{"type":"Feature","id":162684,"geometry":{"type":"Polygon","coordinates":[[[-87.668103004904921,40.378679823042063],[-87.668569858182778,40.378687914728765],[-87.668538583716227,40.378623338526602],[-87.667789014803489,40.378610352683253],[-87.667818026511327,40.378674916965146],[-87.668103004904921,40.378679823042063]]]},"properties":{"OBJECTID":162684}},{"type":"Feature","id":162685,"geometry":{"type":"Polygon","coordinates":[[[-87.668077032893507,40.378375395923932],[-87.668421331200932,40.378381356605551],[-87.668396353387863,40.378329854171149],[-87.668074342175089,40.378324268387416],[-87.668077032893507,40.378375395923932]]]},"properties":{"OBJECTID":162685}},{"type":"Feature","id":162686,"geometry":{"type":"Polygon","coordinates":[[[-87.667867059647378,40.378784009142251],[-87.668099788144318,40.378788011156303],[-87.668101074400212,40.378744757702165],[-87.667847460617949,40.378740360828644],[-87.667867059647378,40.378784009142251]]]},"properties":{"OBJECTID":162686}},{"type":"Feature","id":162687,"geometry":{"type":"Polygon","coordinates":[[[-87.668101074400212,40.378744757702165],[-87.66860162633391,40.378753427654544],[-87.668569858182778,40.378687914728765],[-87.668103004904921,40.378679823042063],[-87.668101074400212,40.378744757702165]]]},"properties":{"OBJECTID":162687}},{"type":"Feature","id":162688,"geometry":{"type":"Polygon","coordinates":[[[-87.6570634164799,40.383255884466308],[-87.657170299249728,40.385249617625263],[-87.661851117450482,40.38510703600781],[-87.662145737428617,40.385098040426733],[-87.66238243981735,40.385090630781725],[-87.662377702529156,40.385000129085022],[-87.66237296524308,40.38490962828736],[-87.662349205064501,40.384457095929747],[-87.662346782880235,40.384411844315146],[-87.662323095117557,40.383959284416875],[-87.662086360179998,40.383966693761764],[-87.662044371153797,40.383166626218184],[-87.661841812444976,40.3831702547295],[-87.661398460499655,40.383178246735568],[-87.658826558882396,40.383224321722899],[-87.6570634164799,40.383255884466308]]]},"properties":{"OBJECTID":162688}},{"type":"Feature","id":162689,"geometry":{"type":"Polygon","coordinates":[[[-87.658645725491951,40.380046671640223],[-87.658671257791141,40.380495208730345],[-87.658731361318729,40.380493555592821],[-87.658971667813077,40.380486749380005],[-87.659212009314302,40.38047997078948],[-87.659452351951785,40.380473191705875],[-87.659692693092381,40.380466440031618],[-87.659669253213309,40.380019726391545],[-87.659427804700414,40.380026087923717],[-87.659186319645102,40.380032448738547],[-87.658944834551335,40.380038809048713],[-87.658705827803743,40.380045100460009],[-87.658645725491951,40.380046671640223]]]},"properties":{"OBJECTID":162689}},{"type":"Feature","id":162690,"geometry":{"type":"Polygon","coordinates":[[[-87.661384180702186,40.382906660895046],[-87.661398460499655,40.383178246735568],[-87.661841812444976,40.3831702547295],[-87.662044371153797,40.383166626218184],[-87.662030123813665,40.382895068557239],[-87.661384180702186,40.382906660895046]]]},"properties":{"OBJECTID":162690}},{"type":"Feature","id":162789,"geometry":{"type":"Polygon","coordinates":[[[-87.665544766924683,40.384357285702087],[-87.665568548464137,40.384809818482559],[-87.665805285804296,40.384802429045934],[-87.66578150268171,40.384349896300918],[-87.665544766924683,40.384357285702087]]]},"properties":{"OBJECTID":162789}},{"type":"Feature","id":162790,"geometry":{"type":"Polygon","coordinates":[[[-87.6616387117123,40.379954379126012],[-87.661662429454239,40.380406912618092],[-87.661899120995443,40.380399064377023],[-87.661875365444303,40.379946502792045],[-87.6616387117123,40.379954379126012]]]},"properties":{"OBJECTID":162790}},{"type":"Feature","id":162791,"geometry":{"type":"Polygon","coordinates":[[[-87.661402022882825,40.379962226853799],[-87.661425774368908,40.380414760586305],[-87.661662429454239,40.380406912618092],[-87.6616387117123,40.379954379126012],[-87.661402022882825,40.379962226853799]]]},"properties":{"OBJECTID":162791}},{"type":"Feature","id":162961,"geometry":{"type":"Polygon","coordinates":[[[-87.668292347885625,40.384906024757285],[-87.668317073676533,40.38534478274088],[-87.668601390156283,40.385335904178817],[-87.668577596925488,40.384897096677271],[-87.668292347885625,40.384906024757285]]]},"properties":{"OBJECTID":162961}},{"type":"Feature","id":162962,"geometry":{"type":"Polygon","coordinates":[[[-87.668720184776959,40.384892646121436],[-87.668743584422543,40.385331451334018],[-87.668885778672447,40.385326998314191],[-87.668862772886342,40.384888167473449],[-87.668720184776959,40.384892646121436]]]},"properties":{"OBJECTID":162962}},{"type":"Feature","id":162963,"geometry":{"type":"Polygon","coordinates":[[[-87.670571533972662,40.384834730029887],[-87.670592647234315,40.385273604647772],[-87.670696815412441,40.385270357965837],[-87.670883210372068,40.385264536534336],[-87.67117373982812,40.385255412562707],[-87.671320529113743,40.385250845972728],[-87.671743986484515,40.385237595884796],[-87.671534137255293,40.384804613701483],[-87.671304690254303,40.384811781932072],[-87.671151940665851,40.384816562931825],[-87.670861737216541,40.384825660803401],[-87.670571533972662,40.384834730029887]]]},"properties":{"OBJECTID":162963}},{"type":"Feature","id":162964,"geometry":{"type":"Polygon","coordinates":[[[-87.670696815412441,40.385270357965837],[-87.671205575355202,40.386320052751238],[-87.671357952290379,40.386289083608894],[-87.672173315570859,40.386123362750517],[-87.671743986484515,40.385237595884796],[-87.671320529113743,40.385250845972728],[-87.67117373982812,40.385255412562707],[-87.670883210372068,40.385264536534336],[-87.670696815412441,40.385270357965837]]]},"properties":{"OBJECTID":162964}},{"type":"Feature","id":162965,"geometry":{"type":"Polygon","coordinates":[[[-87.667996060430028,40.378495625861198],[-87.668480748816009,40.378504012339157],[-87.668450037816399,40.378440592085184],[-87.668080116686951,40.378434210316101],[-87.668042542786111,40.378433554678125],[-87.667992767584281,40.378432691941541],[-87.667996060430028,40.378495625861198]]]},"properties":{"OBJECTID":162965}},{"type":"Feature","id":162966,"geometry":{"type":"Polygon","coordinates":[[[-87.667847460617949,40.378740360828644],[-87.668101074400212,40.378744757702165],[-87.668103004904921,40.378679823042063],[-87.667818026511327,40.378674916965146],[-87.667847460617949,40.378740360828644]]]},"properties":{"OBJECTID":162966}},{"type":"Feature","id":162967,"geometry":{"type":"Polygon","coordinates":[[[-87.668117507669024,40.3791466854547],[-87.668205754703564,40.379148236819262],[-87.668209432998566,40.378836238957504],[-87.6681211860963,40.378834715515126],[-87.66788802817085,40.378830657038314],[-87.668029298045852,40.379145162155808],[-87.668117507669024,40.3791466854547]]]},"properties":{"OBJECTID":162967}},{"type":"Feature","id":163024,"geometry":{"type":"Polygon","coordinates":[[[-87.658811104200879,40.382952783671975],[-87.658826558882396,40.383224321722899],[-87.661398460499655,40.383178246735568],[-87.661384180702186,40.382906660895046],[-87.661023404640176,40.382913128393163],[-87.661018396199793,40.382817519688103],[-87.661013933298548,40.382732070812679],[-87.660991124237952,40.382296780523333],[-87.660990184784367,40.382279455244522],[-87.660749070058046,40.382283899633585],[-87.660507990634571,40.382288343725214],[-87.660266875858738,40.382292787108362],[-87.660025796376786,40.382297231094689],[-87.659788953750933,40.382301588485689],[-87.659550387736331,40.382305991185454],[-87.659311858211581,40.382310392705065],[-87.659073255921598,40.382314766291046],[-87.658834761954509,40.382319139115872],[-87.658775128330674,40.382320273612443],[-87.65880081300925,40.382771749060382],[-87.658811104200879,40.382952783671975]]]},"properties":{"OBJECTID":163024}},{"type":"Feature","id":163025,"geometry":{"type":"Polygon","coordinates":[[[-87.665248892724478,40.384366529464337],[-87.665272671116597,40.384819061381762],[-87.665509373175325,40.384811673247917],[-87.665485592031587,40.384359140458614],[-87.665248892724478,40.384366529464337]]]},"properties":{"OBJECTID":163025}},{"type":"Feature","id":163026,"geometry":{"type":"Polygon","coordinates":[[[-87.664775491343732,40.384381333923535],[-87.664799232685837,40.384833838698718],[-87.665035969896721,40.384826478754654],[-87.665012192194652,40.38437391797833],[-87.664775491343732,40.384381333923535]]]},"properties":{"OBJECTID":163026}},{"type":"Feature","id":163027,"geometry":{"type":"Polygon","coordinates":[[[-87.662822050896438,40.379915075872859],[-87.662845777727512,40.380367609195751],[-87.663082467849534,40.380359758523454],[-87.663067704558443,40.380078452758468],[-87.66292032543636,40.379911830821733],[-87.662822050896438,40.379915075872859]]]},"properties":{"OBJECTID":163027}},{"type":"Feature","id":163028,"geometry":{"type":"Polygon","coordinates":[[[-87.661165368153902,40.37997007429513],[-87.661189082731141,40.380422607857582],[-87.661425774368908,40.380414760586305],[-87.661402022882825,40.379962226853799],[-87.661165368153902,40.37997007429513]]]},"properties":{"OBJECTID":163028}},{"type":"Feature","id":163245,"geometry":{"type":"Polygon","coordinates":[[[-87.662585362299623,40.379922926925531],[-87.662609122606909,40.380375487504196],[-87.662845777727512,40.380367609195751],[-87.662822050896438,40.379915075872859],[-87.662585362299623,40.379922926925531]]]},"properties":{"OBJECTID":163245}},{"type":"Feature","id":163246,"geometry":{"type":"Polygon","coordinates":[[[-87.662348708712869,40.379930804713894],[-87.66237246770585,40.380383338312193],[-87.662609122606909,40.380375487504196],[-87.662585362299623,40.379922926925531],[-87.662348708712869,40.379930804713894]]]},"properties":{"OBJECTID":163246}},{"type":"Feature","id":163512,"geometry":{"type":"Polygon","coordinates":[[[-87.66625490222539,40.384335115628936],[-87.666278688789134,40.384787620386874],[-87.666515389211938,40.384780257200745],[-87.666491638122338,40.38432769685646],[-87.66625490222539,40.384335115628936]]]},"properties":{"OBJECTID":163512}},{"type":"Feature","id":163513,"geometry":{"type":"Polygon","coordinates":[[[-87.665012192194652,40.38437391797833],[-87.665035969896721,40.384826478754654],[-87.665272671116597,40.384819061381762],[-87.665248892724478,40.384366529464337],[-87.665012192194652,40.38437391797833]]]},"properties":{"OBJECTID":163513}},{"type":"Feature","id":163514,"geometry":{"type":"Polygon","coordinates":[[[-87.664538755394901,40.384388721263306],[-87.664562530215747,40.384841253293786],[-87.664799232685837,40.384833838698718],[-87.664775491343732,40.384381333923535],[-87.664538755394901,40.384388721263306]]]},"properties":{"OBJECTID":163514}},{"type":"Feature","id":163515,"geometry":{"type":"Polygon","coordinates":[[[-87.662112018850749,40.379938653889454],[-87.662135776261294,40.380391187523017],[-87.66237246770585,40.380383338312193],[-87.662348708712869,40.379930804713894],[-87.662112018850749,40.379938653889454]]]},"properties":{"OBJECTID":163515}},{"type":"Feature","id":164880,"geometry":{"type":"Polygon","coordinates":[[[-87.65586602661763,40.372106863828336],[-87.655844536744013,40.372107190924545],[-87.656549525864222,40.372904507666625],[-87.657490708043881,40.373968914993348],[-87.657452322876424,40.373763810068141],[-87.656541268379343,40.37273347272977],[-87.65598561520062,40.372105049929722],[-87.65586602661763,40.372106863828336]]]},"properties":{"OBJECTID":164880}},{"type":"Feature","id":164977,"geometry":{"type":"Polygon","coordinates":[[[-87.6635910326047,40.380180220993111],[-87.663717258167011,40.380322920136074],[-87.663835453746216,40.380319569919948],[-87.664072169887874,40.380312870105385],[-87.664048399811065,40.379860308843483],[-87.663811686153593,40.379867036545591],[-87.663574935951772,40.379873763551345],[-87.6635910326047,40.380180220993111]]]},"properties":{"OBJECTID":164977}},{"type":"Feature","id":164978,"geometry":{"type":"Polygon","coordinates":[[[-87.668882201562283,40.382615020724508],[-87.668841772074146,40.382616380626246],[-87.668853880038498,40.382878208946899],[-87.668860904556738,40.383029966136235],[-87.668864507895478,40.383108022387745],[-87.668878280156548,40.383107601705468],[-87.669079767028919,40.383101298919478],[-87.66905506277709,40.38256855364223],[-87.668882201562283,40.382615020724508]]]},"properties":{"OBJECTID":164978}},{"type":"Feature","id":164979,"geometry":{"type":"Polygon","coordinates":[[[-87.666470477663637,40.383925467312594],[-87.666568742610636,40.384036518010859],[-87.666548142415238,40.383640371457702],[-87.666541677091615,40.383516029014778],[-87.666443129123692,40.383404619125791],[-87.665944289776363,40.382840700551377],[-87.665834277401629,40.382716351180441],[-87.665678472593271,40.382540186728527],[-87.665670486462531,40.38253116460897],[-87.665483690860583,40.382319987694359],[-87.665418444947221,40.382246210562663],[-87.665355398692583,40.382174971306306],[-87.66528891039998,40.382099787433404],[-87.665249969475568,40.382055753192468],[-87.66510335982143,40.381890016577017],[-87.664860411386627,40.381615380371109],[-87.664704612817062,40.381439213720583],[-87.664599255719764,40.381320078273262],[-87.664347186689696,40.381035121693891],[-87.664095121862772,40.380750191597372],[-87.66387369247748,40.380499778056297],[-87.663717258167011,40.380322920136074],[-87.6635910326047,40.380180220993111],[-87.663326195955875,40.379880776331902],[-87.663287113818072,40.379836631631413],[-87.663086917114697,40.379610302937593],[-87.663023947582687,40.37953906283358],[-87.662854669070583,40.379347691283705],[-87.662775513626755,40.379258186327796],[-87.662195825671475,40.379266434578355],[-87.662426723353533,40.379353745824808],[-87.662881351078369,40.37986776766131],[-87.662900837800635,40.379889785281662],[-87.66292032543636,40.379911830821733],[-87.663067704558443,40.380078452758468],[-87.663465617090722,40.380528377529146],[-87.663855158681244,40.380968755902281],[-87.663894098984898,40.381012817631316],[-87.664138923633146,40.381289554268101],[-87.664283646141627,40.38145319366857],[-87.66443944481604,40.381629360884098],[-87.664643024781171,40.381859494555492],[-87.664828999045838,40.382069735094426],[-87.664961903943265,40.382219993044423],[-87.665357783803401,40.382667566962766],[-87.665436946618087,40.382757070157879],[-87.665516144960463,40.382846574403644],[-87.665924634033729,40.383308382476535],[-87.666232024247776,40.383655882471729],[-87.666388082339907,40.383832322288583],[-87.666470477663637,40.383925467312594]]]},"properties":{"OBJECTID":164979}},{"type":"Feature","id":164980,"geometry":{"type":"Polygon","coordinates":[[[-87.668591563669864,40.38653645942356],[-87.668605514209617,40.38655750854592],[-87.668616145679053,40.38657355031696],[-87.668719798614973,40.386732446916255],[-87.668720718739408,40.386733852594659],[-87.668882183880328,40.386990996932468],[-87.669037480871197,40.387250335419118],[-87.669186557517961,40.387511780423779],[-87.669329366307991,40.387775247043493],[-87.669465860921562,40.38804064858018],[-87.669595992707485,40.388307895619917],[-87.669719720060627,40.388576900589555],[-87.66983700256894,40.38884757412071],[-87.669947800995914,40.389119826850887],[-87.670052079644847,40.389393568536427],[-87.670149802817107,40.389668708932618],[-87.670240939531809,40.389945156920334],[-87.670325457637517,40.39022282047209],[-87.670403329700775,40.390501606685916],[-87.670474530606811,40.390781426274295],[-87.670539037656738,40.391062183658555],[-87.670596828106241,40.391343787761407],[-87.670647881591833,40.391626144816527],[-87.670692184815479,40.391909161096876],[-87.67072971976728,40.392192742847278],[-87.670760476672001,40.392476797259192],[-87.670784442238187,40.392761229701584],[-87.670801612604834,40.39304594469575],[-87.670832091093942,40.393676112256941],[-87.670835439270064,40.393744782895624],[-87.671194935758706,40.393750190350843],[-87.671191622806475,40.393681493806987],[-87.671160360345922,40.393035785185162],[-87.671146092683017,40.392791865642174],[-87.6711269269355,40.392548142279459],[-87.671102864991312,40.392304668239291],[-87.671068067978794,40.392016764239344],[-87.671026420604548,40.391729386538067],[-87.670977938508386,40.391442630678561],[-87.670922634991427,40.391156590388093],[-87.67086052924256,40.39087135942664],[-87.67079164160964,40.390587033360738],[-87.670715994838943,40.390303703266611],[-87.670633615173173,40.39002146384184],[-87.670544528880114,40.389740407081277],[-87.670448762208324,40.389460626779652],[-87.670346352039317,40.389182213189464],[-87.670237328151117,40.38890526012365],[-87.670121727430342,40.38862985693207],[-87.669999587921495,40.388356094771439],[-87.669870950031054,40.388084063910391],[-87.669735857714059,40.387813852836025],[-87.669594352549979,40.387545551822029],[-87.669446480844314,40.387279249367126],[-87.669292294814767,40.387015031301594],[-87.669131841939176,40.386752986129359],[-87.669129261811875,40.386748880909607],[-87.668973344636683,40.386505633992932],[-87.668566833895426,40.386499427113087],[-87.668591563669864,40.38653645942356]]]},"properties":{"OBJECTID":164980}},{"type":"Feature","id":164985,"geometry":{"type":"Polygon","coordinates":[[[-87.669695174087025,40.378666353166544],[-87.669700059839357,40.37878301359622],[-87.66971800777705,40.378782869835796],[-87.669713153920043,40.378666676087001],[-87.669695174087025,40.378666353166544]]]},"properties":{"OBJECTID":164985}},{"type":"Feature","id":164986,"geometry":{"type":"Polygon","coordinates":[[[-87.661809415278881,40.379007922398237],[-87.661964963916404,40.379179123079446],[-87.662058581487912,40.379214526843413],[-87.662195825671475,40.379266434578355],[-87.662775513626755,40.379258186327796],[-87.662815520037142,40.379257617693035],[-87.662736403375703,40.379168136349108],[-87.66251731216839,40.378920341785175],[-87.66244379487442,40.378837121984766],[-87.662431570855389,40.378901879743736],[-87.662347666391014,40.378828129487601],[-87.662313479821691,40.378797134212903],[-87.66230409200746,40.378788354983612],[-87.662259555722201,40.378744412430756],[-87.662203032835052,40.378683020129863],[-87.662150848841335,40.378619436672679],[-87.662103151509413,40.378553841236325],[-87.662060073262211,40.378486416510746],[-87.662016153993974,40.378406328425733],[-87.662008631010309,40.378391080371635],[-87.661977470366864,40.378321377002479],[-87.661969029833926,40.378300220359677],[-87.661813041682663,40.378123791082501],[-87.661760512079994,40.378064377795013],[-87.660994110203845,40.377197525348812],[-87.660838136438883,40.377021104724555],[-87.660127988821458,40.37621785146996],[-87.65973583031186,40.375774266930762],[-87.65904436824195,40.374992112626771],[-87.658888396416685,40.374815683936788],[-87.658498467575697,40.374374599122646],[-87.658459465634991,40.374330482049437],[-87.657413272229206,40.373146998380363],[-87.65651238568951,40.372127850352058],[-87.656541268379343,40.37273347272977],[-87.657452322876424,40.373763810068141],[-87.658681770356907,40.375154168856916],[-87.65867000064074,40.37516045644341],[-87.660494661953464,40.377169140570885],[-87.66025482526679,40.377296547622834],[-87.660260967305774,40.377303307954406],[-87.660414307601229,40.377472108678987],[-87.660651273866321,40.377346224584677],[-87.661519122867674,40.378327492151939],[-87.661298002527488,40.378444981282009],[-87.661405015046824,40.378562757818244],[-87.661613144083233,40.378791880469123],[-87.661809415278881,40.379007922398237]]]},"properties":{"OBJECTID":164986}},{"type":"Feature","id":164987,"geometry":{"type":"Polygon","coordinates":[[[-87.668011519832348,40.379700839792491],[-87.668075217283445,40.379836303970784],[-87.668295707609545,40.379842036340321],[-87.668048473971453,40.379326659689653],[-87.667833831050828,40.379322953472332],[-87.668011519832348,40.379700839792491]]]},"properties":{"OBJECTID":164987}},{"type":"Feature","id":164988,"geometry":{"type":"Polygon","coordinates":[[[-87.662081594409742,40.379358661201316],[-87.662109668766789,40.379893403554682],[-87.662346321966766,40.379885554170812],[-87.662881351078369,40.37986776766131],[-87.662426723353533,40.379353745824808],[-87.662318488671744,40.379355287317019],[-87.662081594409742,40.379358661201316]]]},"properties":{"OBJECTID":164988}},{"type":"Feature","id":164993,"geometry":{"type":"Polygon","coordinates":[[[-87.66528891039998,40.382099787433404],[-87.665355398692583,40.382174971306306],[-87.665351352098668,40.382097732803679],[-87.66528891039998,40.382099787433404]]]},"properties":{"OBJECTID":164993}},{"type":"Feature","id":164994,"geometry":{"type":"Polygon","coordinates":[[[-87.668566833895426,40.386499427113087],[-87.668973344636683,40.386505633992932],[-87.668816063451359,40.386270430137706],[-87.668653680469916,40.386037244638302],[-87.668486242199634,40.385806142582204],[-87.668313795163257,40.385577187255365],[-87.668136385890264,40.385350441042895],[-87.667782390634628,40.384921948815332],[-87.667705759618514,40.384833696505126],[-87.667629164121593,40.384745445248299],[-87.667605343511283,40.384718462044162],[-87.667239010148577,40.384304335972502],[-87.667199994223921,40.384260247032273],[-87.666809807885642,40.383819162214252],[-87.666541677091615,40.383516029014778],[-87.666548142415238,40.383640371457702],[-87.666568742610636,40.384036518010859],[-87.666817315797616,40.38431749688386],[-87.667207504750309,40.384758608677693],[-87.667285535516555,40.384846840561572],[-87.66730804308888,40.38487225107302],[-87.667363280577732,40.384935044629856],[-87.667549690916701,40.385151862814652],[-87.667731359331228,40.385371002993104],[-87.667908232179983,40.385592408142564],[-87.66808026295611,40.385816014076468],[-87.668247403937428,40.386041760203291],[-87.668409609754988,40.386269585944717],[-87.668566833895426,40.386499427113087]]]},"properties":{"OBJECTID":164994}},{"type":"Feature","id":165018,"geometry":{"type":"Polygon","coordinates":[[[-87.668711307034513,40.378458426765398],[-87.668733012676867,40.378503211859112],[-87.668947417153191,40.378497966031794],[-87.669630014814985,40.378481270656465],[-87.669629719235076,40.378474791133598],[-87.669628088618907,40.378435995867697],[-87.669586587444201,40.37843702027569],[-87.669529180442666,40.378438419864686],[-87.669296002041079,40.378444132634634],[-87.669159717656726,40.378447470106657],[-87.668711307034513,40.378458426765398]]]},"properties":{"OBJECTID":165018}},{"type":"Feature","id":165024,"geometry":{"type":"Polygon","coordinates":[[[-87.667351947755549,40.375865160537124],[-87.667405862052192,40.376316742329806],[-87.667460685408699,40.376315054238894],[-87.66742751611784,40.376203463147768],[-87.667398322770836,40.376091229416772],[-87.667373126922769,40.375978434224628],[-87.667351947755549,40.375865160537124]]]},"properties":{"OBJECTID":165024}},{"type":"Feature","id":165025,"geometry":{"type":"Polygon","coordinates":[[[-87.667411230765936,40.376361927122105],[-87.667465109041203,40.376813535660325],[-87.667658663039546,40.376807457995788],[-87.667649517901779,40.376788575254004],[-87.667584774521004,40.376647286149534],[-87.667526646754666,40.376504337513374],[-87.667475210523492,40.376359908106053],[-87.667411230765936,40.376361927122105]]]},"properties":{"OBJECTID":165025}},{"type":"Feature","id":165026,"geometry":{"type":"Polygon","coordinates":[[[-87.667065737403121,40.376372783792526],[-87.667089491988961,40.37682528972249],[-87.667205781219224,40.376821649486587],[-87.66718199079753,40.376369116354859],[-87.667065737403121,40.376372783792526]]]},"properties":{"OBJECTID":165026}},{"type":"Feature","id":165027,"geometry":{"type":"Polygon","coordinates":[[[-87.669412179591319,40.376375079290085],[-87.669439458167716,40.376927246303232],[-87.66961962110733,40.376921527959098],[-87.669591355515195,40.376367434395256],[-87.669412179591319,40.376375079290085]]]},"properties":{"OBJECTID":165027}},{"type":"Feature","id":165028,"geometry":{"type":"Polygon","coordinates":[[[-87.667486697426668,40.376994140367955],[-87.667540541327142,40.377445748626513],[-87.667961580680043,40.377432553279611],[-87.667745201363559,40.376986049089183],[-87.667486697426668,40.376994140367955]]]},"properties":{"OBJECTID":165028}},{"type":"Feature","id":165029,"geometry":{"type":"Polygon","coordinates":[[[-87.671760683186406,40.37798684380941],[-87.671778570015505,40.378348923665207],[-87.671896944872756,40.37834515376165],[-87.671879057146185,40.377983100934607],[-87.671760683186406,40.37798684380941]]]},"properties":{"OBJECTID":165029}},{"type":"Feature","id":165033,"geometry":{"type":"Polygon","coordinates":[[[-87.64969138102667,40.364970531003749],[-87.652525946047561,40.368157130327774],[-87.652528812688558,40.368332330603927],[-87.65586602661763,40.372106863828336],[-87.65598561520062,40.372105049929722],[-87.656443614144692,40.37209805850226],[-87.653938834403263,40.369265178728817],[-87.650136961452844,40.364964737423669],[-87.64969138102667,40.364970531003749]]]},"properties":{"OBJECTID":165033}},{"type":"Feature","id":165034,"geometry":{"type":"Polygon","coordinates":[[[-87.656443614144692,40.37209805850226],[-87.65598561520062,40.372105049929722],[-87.656541268379343,40.37273347272977],[-87.65651238568951,40.372127850352058],[-87.656485496196865,40.372097431880427],[-87.656443614144692,40.37209805850226]]]},"properties":{"OBJECTID":165034}}]}