{"type":"FeatureCollection","features":[{"type":"Feature","id":4952,"geometry":{"type":"LineString","coordinates":[[-87.664884524673155,40.355277507163059],[-87.666070548419796,40.364730457742134]]},"properties":{"OBJECTID":4952,"LeftFrom":"34000","LeftTo":"34598","RightFrom":"34001","RightTo":"34599","LeftCity":8,"RightCity":8,"LeftZip":"60963","RightZip":"60963","LabelName":"IL Route 1","PrefixType":null,"PrefixDirection":null,"StreetName":"IL Route 1","SuffixType":null,"SuffixDirection":null,"AltName1":null,"AltName2":null,"AltName3":null,"RoadMaintenance":null,"SpeedLimit":55,"Oneway":null,"TruckRoute":"N","Sweeping":null,"EmergencySnowRoute":null,"RoadType":"STP","LaneCount":null,"ObjectIDcopy":5124,"State":"IL","StreetClass":3,"TravelTimeSeconds":null,"StreetSurfaceType":null,"FunctionalClass":30,"TruckRouteClass":null,"SHAPE.STLength()":3459.6687835113094}},{"type":"Feature","id":4953,"geometry":{"type":"LineString","coordinates":[[-87.666070548419796,40.364730457742134],[-87.656075720414037,40.364887206693041]]},"properties":{"OBJECTID":4953,"LeftFrom":"15001","LeftTo":"15499","RightFrom":"15000","RightTo":"15498","LeftCity":8,"RightCity":8,"LeftZip":"60963","RightZip":"60963","LabelName":"E 3450 North Rd","PrefixType":null,"PrefixDirection":"E","StreetName":"3450 North","SuffixType":"Rd","SuffixDirection":null,"AltName1":null,"AltName2":null,"AltName3":null,"RoadMaintenance":null,"SpeedLimit":-1,"Oneway":null,"TruckRoute":"N","Sweeping":null,"EmergencySnowRoute":null,"RoadType":"CVS","LaneCount":null,"ObjectIDcopy":5125,"State":"IL","StreetClass":null,"TravelTimeSeconds":null,"StreetSurfaceType":null,"FunctionalClass":60,"TruckRouteClass":null,"SHAPE.STLength()":2785.8497405713479}},{"type":"Feature","id":4960,"geometry":{"type":"LineString","coordinates":[[-87.663723660688177,40.371418307604763],[-87.665248236629154,40.371395190723419]]},"properties":{"OBJECTID":4960,"LeftFrom":"200","LeftTo":"202","RightFrom":null,"RightTo":null,"LeftCity":8,"RightCity":8,"LeftZip":"60963","RightZip":"60963","LabelName":"Earl Ct","PrefixType":null,"PrefixDirection":null,"StreetName":"Earl","SuffixType":"Ct","SuffixDirection":null,"AltName1":null,"AltName2":null,"AltName3":null,"RoadMaintenance":null,"SpeedLimit":-1,"Oneway":null,"TruckRoute":"N","Sweeping":null,"EmergencySnowRoute":null,"RoadType":"CVS","LaneCount":null,"ObjectIDcopy":5132,"State":"IL","StreetClass":null,"TravelTimeSeconds":null,"StreetSurfaceType":null,"FunctionalClass":60,"TruckRouteClass":null,"SHAPE.STLength()":424.89631086180162}},{"type":"Feature","id":4961,"geometry":{"type":"LineString","coordinates":[[-87.663723660688177,40.371418307604763],[-87.663693847927988,40.370850467667488]]},"properties":{"OBJECTID":4961,"LeftFrom":null,"LeftTo":null,"RightFrom":null,"RightTo":null,"LeftCity":8,"RightCity":8,"LeftZip":"60963","RightZip":"60963","LabelName":"S Summit St","PrefixType":null,"PrefixDirection":"S","StreetName":"Summit","SuffixType":"St","SuffixDirection":null,"AltName1":null,"AltName2":null,"AltName3":null,"RoadMaintenance":null,"SpeedLimit":-1,"Oneway":null,"TruckRoute":"N","Sweeping":null,"EmergencySnowRoute":null,"RoadType":"CVS","LaneCount":null,"ObjectIDcopy":5133,"State":"IL","StreetClass":null,"TravelTimeSeconds":null,"StreetSurfaceType":null,"FunctionalClass":60,"TruckRouteClass":null,"SHAPE.STLength()":207.0392597317134}},{"type":"Feature","id":4962,"geometry":{"type":"LineString","coordinates":[[-87.663723660688177,40.371418307604763],[-87.661704757921527,40.371448889380694]]},"properties":{"OBJECTID":4962,"LeftFrom":null,"LeftTo":null,"RightFrom":null,"RightTo":null,"LeftCity":8,"RightCity":8,"LeftZip":"60963","RightZip":"60963","LabelName":"Earl Ct","PrefixType":null,"PrefixDirection":null,"StreetName":"Earl","SuffixType":"Ct","SuffixDirection":null,"AltName1":null,"AltName2":null,"AltName3":null,"RoadMaintenance":null,"SpeedLimit":-1,"Oneway":null,"TruckRoute":"N","Sweeping":null,"EmergencySnowRoute":null,"RoadType":"CVS","LaneCount":null,"ObjectIDcopy":5134,"State":"IL","StreetClass":null,"TravelTimeSeconds":null,"StreetSurfaceType":null,"FunctionalClass":60,"TruckRouteClass":null,"SHAPE.STLength()":562.66389836804694}},{"type":"Feature","id":4964,"geometry":{"type":"LineString","coordinates":[[-87.666070548419796,40.364730457742134],[-87.666790923080981,40.370470649469617]]},"properties":{"OBJECTID":4964,"LeftFrom":"34600","LeftTo":"34998","RightFrom":"34601","RightTo":"34999","LeftCity":8,"RightCity":8,"LeftZip":"60963","RightZip":"60963","LabelName":"IL Route 1","PrefixType":null,"PrefixDirection":null,"StreetName":"IL Route 1","SuffixType":null,"SuffixDirection":null,"AltName1":null,"AltName2":null,"AltName3":null,"RoadMaintenance":null,"SpeedLimit":-1,"Oneway":null,"TruckRoute":"N","Sweeping":null,"EmergencySnowRoute":null,"RoadType":"STP","LaneCount":null,"ObjectIDcopy":5136,"State":"IL","StreetClass":3,"TravelTimeSeconds":null,"StreetSurfaceType":null,"FunctionalClass":30,"TruckRouteClass":null,"SHAPE.STLength()":2100.847707322011}},{"type":"Feature","id":4965,"geometry":{"type":"LineString","coordinates":[[-87.667040307781804,40.372457616876048],[-87.665972097014574,40.372478165766758]]},"properties":{"OBJECTID":4965,"LeftFrom":"102","LeftTo":"102","RightFrom":"101","RightTo":"101","LeftCity":8,"RightCity":8,"LeftZip":"60963","RightZip":"60963","LabelName":"Thompson Ave","PrefixType":null,"PrefixDirection":null,"StreetName":"Thompson","SuffixType":"Ave","SuffixDirection":null,"AltName1":null,"AltName2":null,"AltName3":null,"RoadMaintenance":null,"SpeedLimit":-1,"Oneway":null,"TruckRoute":"N","Sweeping":null,"EmergencySnowRoute":null,"RoadType":"CVS","LaneCount":null,"ObjectIDcopy":5137,"State":"IL","StreetClass":null,"TravelTimeSeconds":null,"StreetSurfaceType":null,"FunctionalClass":60,"TruckRouteClass":null,"SHAPE.STLength()":297.73914122365943}},{"type":"Feature","id":4966,"geometry":{"type":"LineString","coordinates":[[-87.665972097014574,40.372478165766758],[-87.66378151932004,40.372520280271388]]},"properties":{"OBJECTID":4966,"LeftFrom":"200","LeftTo":"218","RightFrom":"199","RightTo":"217","LeftCity":8,"RightCity":8,"LeftZip":"60963","RightZip":"60963","LabelName":"Thompson Ave","PrefixType":null,"PrefixDirection":null,"StreetName":"Thompson","SuffixType":"Ave","SuffixDirection":null,"AltName1":null,"AltName2":null,"AltName3":null,"RoadMaintenance":null,"SpeedLimit":-1,"Oneway":null,"TruckRoute":"N","Sweeping":null,"EmergencySnowRoute":null,"RoadType":"CVS","LaneCount":null,"ObjectIDcopy":5138,"State":"IL","StreetClass":null,"TravelTimeSeconds":null,"StreetSurfaceType":null,"FunctionalClass":60,"TruckRouteClass":null,"SHAPE.STLength()":610.5726701493312}},{"type":"Feature","id":4967,"geometry":{"type":"LineString","coordinates":[[-87.66378151932004,40.372520280271388],[-87.663723660688177,40.371418307604763]]},"properties":{"OBJECTID":4967,"LeftFrom":null,"LeftTo":null,"RightFrom":null,"RightTo":null,"LeftCity":8,"RightCity":8,"LeftZip":"60963","RightZip":"60963","LabelName":"S Summit St","PrefixType":null,"PrefixDirection":"S","StreetName":"Summit","SuffixType":"St","SuffixDirection":null,"AltName1":null,"AltName2":null,"AltName3":null,"RoadMaintenance":null,"SpeedLimit":-1,"Oneway":null,"TruckRoute":"N","Sweeping":null,"EmergencySnowRoute":null,"RoadType":"CVS","LaneCount":null,"ObjectIDcopy":5139,"State":"IL","StreetClass":null,"TravelTimeSeconds":null,"StreetSurfaceType":null,"FunctionalClass":60,"TruckRouteClass":null,"SHAPE.STLength()":401.7886644445918}},{"type":"Feature","id":4968,"geometry":{"type":"LineString","coordinates":[[-87.66378151932004,40.372520280271388],[-87.661590950083792,40.372562351518404]]},"properties":{"OBJECTID":4968,"LeftFrom":"300","LeftTo":"316","RightFrom":"299","RightTo":"317","LeftCity":8,"RightCity":8,"LeftZip":"60963","RightZip":"60963","LabelName":"Thompson Ave","PrefixType":null,"PrefixDirection":null,"StreetName":"Thompson","SuffixType":"Ave","SuffixDirection":null,"AltName1":null,"AltName2":null,"AltName3":null,"RoadMaintenance":null,"SpeedLimit":-1,"Oneway":null,"TruckRoute":"N","Sweeping":null,"EmergencySnowRoute":null,"RoadType":"CVS","LaneCount":null,"ObjectIDcopy":5140,"State":"IL","StreetClass":null,"TravelTimeSeconds":null,"StreetSurfaceType":null,"FunctionalClass":60,"TruckRouteClass":null,"SHAPE.STLength()":610.56969753155113}},{"type":"Feature","id":4969,"geometry":{"type":"LineString","coordinates":[[-87.667112920814958,40.373036177917172],[-87.669756737130385,40.373012101716171]]},"properties":{"OBJECTID":4969,"LeftFrom":"13","LeftTo":"13","RightFrom":"2","RightTo":"8","LeftCity":8,"RightCity":8,"LeftZip":"60963","RightZip":"60963","LabelName":"W Greenwood Dr","PrefixType":null,"PrefixDirection":"W","StreetName":"Greenwood","SuffixType":"Dr","SuffixDirection":null,"AltName1":null,"AltName2":null,"AltName3":null,"RoadMaintenance":null,"SpeedLimit":-1,"Oneway":null,"TruckRoute":"N","Sweeping":null,"EmergencySnowRoute":null,"RoadType":"CVS","LaneCount":null,"ObjectIDcopy":5141,"State":"IL","StreetClass":null,"TravelTimeSeconds":null,"StreetSurfaceType":null,"FunctionalClass":60,"TruckRouteClass":null,"SHAPE.STLength()":736.71590575623225}},{"type":"Feature","id":4970,"geometry":{"type":"LineString","coordinates":[[-87.667112920814958,40.373036177917172],[-87.667040307781804,40.372457616876048]]},"properties":{"OBJECTID":4970,"LeftFrom":null,"LeftTo":null,"RightFrom":null,"RightTo":null,"LeftCity":8,"RightCity":8,"LeftZip":"60963","RightZip":"60963","LabelName":"S Chicago St","PrefixType":null,"PrefixDirection":"S","StreetName":"Chicago","SuffixType":"St","SuffixDirection":null,"AltName1":"IL Route 1","AltName2":null,"AltName3":null,"RoadMaintenance":null,"SpeedLimit":-1,"Oneway":null,"TruckRoute":"N","Sweeping":null,"EmergencySnowRoute":null,"RoadType":"STP","LaneCount":null,"ObjectIDcopy":5142,"State":"IL","StreetClass":3,"TravelTimeSeconds":null,"StreetSurfaceType":null,"FunctionalClass":30,"TruckRouteClass":null,"SHAPE.STLength()":211.74721643596564}},{"type":"Feature","id":4972,"geometry":{"type":"LineString","coordinates":[[-87.667172856800022,40.373513706044626],[-87.667112920814958,40.373036177917172]]},"properties":{"OBJECTID":4972,"LeftFrom":null,"LeftTo":null,"RightFrom":null,"RightTo":null,"LeftCity":8,"RightCity":8,"LeftZip":"60963","RightZip":"60963","LabelName":"S Chicago St","PrefixType":null,"PrefixDirection":"S","StreetName":"Chicago","SuffixType":"St","SuffixDirection":null,"AltName1":"IL Route 1","AltName2":null,"AltName3":null,"RoadMaintenance":null,"SpeedLimit":-1,"Oneway":null,"TruckRoute":"N","Sweeping":null,"EmergencySnowRoute":null,"RoadType":"STP","LaneCount":null,"ObjectIDcopy":5145,"State":"IL","StreetClass":3,"TravelTimeSeconds":null,"StreetSurfaceType":null,"FunctionalClass":30,"TruckRouteClass":null,"SHAPE.STLength()":174.77032709413788}},{"type":"Feature","id":4973,"geometry":{"type":"LineString","coordinates":[[-87.667172856800022,40.373513706044626],[-87.66602838447406,40.373549581546051]]},"properties":{"OBJECTID":4973,"LeftFrom":null,"LeftTo":null,"RightFrom":null,"RightTo":null,"LeftCity":8,"RightCity":8,"LeftZip":"60963","RightZip":"60963","LabelName":"Dale Ave","PrefixType":null,"PrefixDirection":null,"StreetName":"Dale","SuffixType":"Ave","SuffixDirection":null,"AltName1":null,"AltName2":null,"AltName3":null,"RoadMaintenance":null,"SpeedLimit":-1,"Oneway":null,"TruckRoute":"N","Sweeping":null,"EmergencySnowRoute":null,"RoadType":"CVS","LaneCount":null,"ObjectIDcopy":5146,"State":"IL","StreetClass":null,"TravelTimeSeconds":null,"StreetSurfaceType":null,"FunctionalClass":60,"TruckRouteClass":null,"SHAPE.STLength()":319.15715438746099}},{"type":"Feature","id":4974,"geometry":{"type":"LineString","coordinates":[[-87.66602838447406,40.373549581546051],[-87.665972097014574,40.372478165766758]]},"properties":{"OBJECTID":4974,"LeftFrom":null,"LeftTo":null,"RightFrom":null,"RightTo":null,"LeftCity":8,"RightCity":8,"LeftZip":"60963","RightZip":"60963","LabelName":"S Church St","PrefixType":null,"PrefixDirection":"S","StreetName":"Church","SuffixType":"St","SuffixDirection":null,"AltName1":null,"AltName2":null,"AltName3":null,"RoadMaintenance":null,"SpeedLimit":-1,"Oneway":null,"TruckRoute":"N","Sweeping":null,"EmergencySnowRoute":null,"RoadType":"CVS","LaneCount":null,"ObjectIDcopy":5147,"State":"IL","StreetClass":null,"TravelTimeSeconds":null,"StreetSurfaceType":null,"FunctionalClass":60,"TruckRouteClass":null,"SHAPE.STLength()":390.64768947856726}},{"type":"Feature","id":4975,"geometry":{"type":"LineString","coordinates":[[-87.66602838447406,40.373549581546051],[-87.663839164434094,40.373618174569756]]},"properties":{"OBJECTID":4975,"LeftFrom":"200","LeftTo":"216","RightFrom":"199","RightTo":"217","LeftCity":8,"RightCity":8,"LeftZip":"60963","RightZip":"60963","LabelName":"Dale Ave","PrefixType":null,"PrefixDirection":null,"StreetName":"Dale","SuffixType":"Ave","SuffixDirection":null,"AltName1":null,"AltName2":null,"AltName3":null,"RoadMaintenance":null,"SpeedLimit":-1,"Oneway":null,"TruckRoute":"N","Sweeping":null,"EmergencySnowRoute":null,"RoadType":"CVS","LaneCount":null,"ObjectIDcopy":5148,"State":"IL","StreetClass":null,"TravelTimeSeconds":null,"StreetSurfaceType":null,"FunctionalClass":60,"TruckRouteClass":null,"SHAPE.STLength()":610.50344043723828}},{"type":"Feature","id":4976,"geometry":{"type":"LineString","coordinates":[[-87.663839164434094,40.373618174569756],[-87.66378151932004,40.372520280271388]]},"properties":{"OBJECTID":4976,"LeftFrom":null,"LeftTo":null,"RightFrom":"599","RightTo":"609","LeftCity":8,"RightCity":8,"LeftZip":"60963","RightZip":"60963","LabelName":"S Summit St","PrefixType":null,"PrefixDirection":"S","StreetName":"Summit","SuffixType":"St","SuffixDirection":null,"AltName1":null,"AltName2":null,"AltName3":null,"RoadMaintenance":null,"SpeedLimit":-1,"Oneway":null,"TruckRoute":"N","Sweeping":null,"EmergencySnowRoute":null,"RoadType":"CVS","LaneCount":null,"ObjectIDcopy":5149,"State":"IL","StreetClass":null,"TravelTimeSeconds":null,"StreetSurfaceType":null,"FunctionalClass":60,"TruckRouteClass":null,"SHAPE.STLength()":400.30172587070899}},{"type":"Feature","id":4977,"geometry":{"type":"LineString","coordinates":[[-87.663839164434094,40.373618174569756],[-87.661649951121035,40.37368672617378]]},"properties":{"OBJECTID":4977,"LeftFrom":"300","LeftTo":"318","RightFrom":"299","RightTo":"317","LeftCity":8,"RightCity":8,"LeftZip":"60963","RightZip":"60963","LabelName":"Dale Ave","PrefixType":null,"PrefixDirection":null,"StreetName":"Dale","SuffixType":"Ave","SuffixDirection":null,"AltName1":null,"AltName2":null,"AltName3":null,"RoadMaintenance":null,"SpeedLimit":-1,"Oneway":null,"TruckRoute":"N","Sweeping":null,"EmergencySnowRoute":null,"RoadType":"CVS","LaneCount":null,"ObjectIDcopy":5150,"State":"IL","StreetClass":null,"TravelTimeSeconds":null,"StreetSurfaceType":null,"FunctionalClass":60,"TruckRouteClass":null,"SHAPE.STLength()":610.50049115950799}},{"type":"Feature","id":4978,"geometry":{"type":"LineString","coordinates":[[-87.661649951121035,40.37368672617378],[-87.661590950083792,40.372562351518404]]},"properties":{"OBJECTID":4978,"LeftFrom":null,"LeftTo":null,"RightFrom":null,"RightTo":null,"LeftCity":8,"RightCity":8,"LeftZip":"60963","RightZip":"60963","LabelName":"S Grove St","PrefixType":null,"PrefixDirection":"S","StreetName":"Grove","SuffixType":"St","SuffixDirection":null,"AltName1":null,"AltName2":null,"AltName3":null,"RoadMaintenance":null,"SpeedLimit":-1,"Oneway":null,"TruckRoute":"N","Sweeping":null,"EmergencySnowRoute":null,"RoadType":"CVS","LaneCount":null,"ObjectIDcopy":5151,"State":"IL","StreetClass":null,"TravelTimeSeconds":null,"StreetSurfaceType":null,"FunctionalClass":60,"TruckRouteClass":null,"SHAPE.STLength()":409.95641768382706}},{"type":"Feature","id":4979,"geometry":{"type":"LineString","coordinates":[[-87.667314528726479,40.374642479630971],[-87.667172856800022,40.373513706044626]]},"properties":{"OBJECTID":4979,"LeftFrom":"507","LeftTo":"507","RightFrom":"500","RightTo":"510","LeftCity":8,"RightCity":8,"LeftZip":"60963","RightZip":"60963","LabelName":"S Chicago St","PrefixType":null,"PrefixDirection":"S","StreetName":"Chicago","SuffixType":"St","SuffixDirection":null,"AltName1":"IL Route 1","AltName2":null,"AltName3":null,"RoadMaintenance":null,"SpeedLimit":-1,"Oneway":null,"TruckRoute":"N","Sweeping":null,"EmergencySnowRoute":null,"RoadType":"STP","LaneCount":null,"ObjectIDcopy":5152,"State":"IL","StreetClass":3,"TravelTimeSeconds":null,"StreetSurfaceType":null,"FunctionalClass":30,"TruckRouteClass":null,"SHAPE.STLength()":413.11929543686398}},{"type":"Feature","id":4980,"geometry":{"type":"LineString","coordinates":[[-87.667314528726479,40.374642479630971],[-87.666087823266324,40.374680931387701]]},"properties":{"OBJECTID":4980,"LeftFrom":"106","LeftTo":"106","RightFrom":"99","RightTo":"107","LeftCity":8,"RightCity":8,"LeftZip":"60963","RightZip":"60963","LabelName":"E McKidden St","PrefixType":null,"PrefixDirection":"E","StreetName":"McKidden","SuffixType":"St","SuffixDirection":null,"AltName1":null,"AltName2":null,"AltName3":null,"RoadMaintenance":null,"SpeedLimit":-1,"Oneway":null,"TruckRoute":"N","Sweeping":null,"EmergencySnowRoute":null,"RoadType":"CVS","LaneCount":null,"ObjectIDcopy":5153,"State":"IL","StreetClass":null,"TravelTimeSeconds":null,"StreetSurfaceType":null,"FunctionalClass":60,"TruckRouteClass":null,"SHAPE.STLength()":342.08364447383616}},{"type":"Feature","id":4981,"geometry":{"type":"LineString","coordinates":[[-87.666087823266324,40.374680931387701],[-87.66602838447406,40.373549581546051]]},"properties":{"OBJECTID":4981,"LeftFrom":"505","LeftTo":"505","RightFrom":"498","RightTo":"510","LeftCity":8,"RightCity":8,"LeftZip":"60963","RightZip":"60963","LabelName":"S Church St","PrefixType":null,"PrefixDirection":"S","StreetName":"Church","SuffixType":"St","SuffixDirection":null,"AltName1":null,"AltName2":null,"AltName3":null,"RoadMaintenance":null,"SpeedLimit":-1,"Oneway":null,"TruckRoute":"N","Sweeping":null,"EmergencySnowRoute":null,"RoadType":"CVS","LaneCount":null,"ObjectIDcopy":5154,"State":"IL","StreetClass":null,"TravelTimeSeconds":null,"StreetSurfaceType":null,"FunctionalClass":60,"TruckRouteClass":null,"SHAPE.STLength()":412.5002740979254}},{"type":"Feature","id":4982,"geometry":{"type":"LineString","coordinates":[[-87.666087823266324,40.374680931387701],[-87.663898567843432,40.374749522534849]]},"properties":{"OBJECTID":4982,"LeftFrom":"200","LeftTo":"218","RightFrom":"199","RightTo":"217","LeftCity":8,"RightCity":8,"LeftZip":"60963","RightZip":"60963","LabelName":"E McKidden St","PrefixType":null,"PrefixDirection":"E","StreetName":"McKidden","SuffixType":"St","SuffixDirection":null,"AltName1":null,"AltName2":null,"AltName3":null,"RoadMaintenance":null,"SpeedLimit":-1,"Oneway":null,"TruckRoute":"N","Sweeping":null,"EmergencySnowRoute":null,"RoadType":"CVS","LaneCount":null,"ObjectIDcopy":5155,"State":"IL","StreetClass":null,"TravelTimeSeconds":null,"StreetSurfaceType":null,"FunctionalClass":60,"TruckRouteClass":null,"SHAPE.STLength()":610.50306502216813}},{"type":"Feature","id":4983,"geometry":{"type":"LineString","coordinates":[[-87.663898567843432,40.374749522534849],[-87.663839164434094,40.373618174569756]]},"properties":{"OBJECTID":4983,"LeftFrom":null,"LeftTo":null,"RightFrom":"492","RightTo":"520","LeftCity":8,"RightCity":8,"LeftZip":"60963","RightZip":"60963","LabelName":"S Summit St","PrefixType":null,"PrefixDirection":"S","StreetName":"Summit","SuffixType":"St","SuffixDirection":null,"AltName1":null,"AltName2":null,"AltName3":null,"RoadMaintenance":null,"SpeedLimit":-1,"Oneway":null,"TruckRoute":"N","Sweeping":null,"EmergencySnowRoute":null,"RoadType":"CVS","LaneCount":null,"ObjectIDcopy":5156,"State":"IL","StreetClass":null,"TravelTimeSeconds":null,"StreetSurfaceType":null,"FunctionalClass":60,"TruckRouteClass":null,"SHAPE.STLength()":412.4993066128535}},{"type":"Feature","id":4984,"geometry":{"type":"LineString","coordinates":[[-87.663898567843432,40.374749522534849],[-87.661709325043674,40.374818071394451]]},"properties":{"OBJECTID":4984,"LeftFrom":"300","LeftTo":"318","RightFrom":"301","RightTo":"317","LeftCity":8,"RightCity":8,"LeftZip":"60963","RightZip":"60963","LabelName":"E McKidden St","PrefixType":null,"PrefixDirection":"E","StreetName":"McKidden","SuffixType":"St","SuffixDirection":null,"AltName1":null,"AltName2":null,"AltName3":null,"RoadMaintenance":null,"SpeedLimit":-1,"Oneway":null,"TruckRoute":"N","Sweeping":null,"EmergencySnowRoute":null,"RoadType":"CVS","LaneCount":null,"ObjectIDcopy":5157,"State":"IL","StreetClass":null,"TravelTimeSeconds":null,"StreetSurfaceType":null,"FunctionalClass":60,"TruckRouteClass":null,"SHAPE.STLength()":610.49846135085625}},{"type":"Feature","id":4985,"geometry":{"type":"LineString","coordinates":[[-87.661709325043674,40.374818071394451],[-87.661649951121035,40.37368672617378]]},"properties":{"OBJECTID":4985,"LeftFrom":null,"LeftTo":null,"RightFrom":"316","RightTo":"316","LeftCity":8,"RightCity":8,"LeftZip":"60963","RightZip":"60963","LabelName":"S Grove St","PrefixType":null,"PrefixDirection":"S","StreetName":"Grove","SuffixType":"St","SuffixDirection":null,"AltName1":null,"AltName2":null,"AltName3":null,"RoadMaintenance":null,"SpeedLimit":-1,"Oneway":null,"TruckRoute":"N","Sweeping":null,"EmergencySnowRoute":null,"RoadType":"CVS","LaneCount":null,"ObjectIDcopy":5158,"State":"IL","StreetClass":null,"TravelTimeSeconds":null,"StreetSurfaceType":null,"FunctionalClass":60,"TruckRouteClass":null,"SHAPE.STLength()":412.49808964956105}},{"type":"Feature","id":4986,"geometry":{"type":"LineString","coordinates":[[-87.661709325043674,40.374818071394451],[-87.659385652654905,40.374890775618404]]},"properties":{"OBJECTID":4986,"LeftFrom":"400","LeftTo":"416","RightFrom":"399","RightTo":"417","LeftCity":8,"RightCity":8,"LeftZip":"60963","RightZip":"60963","LabelName":"E McKidden St","PrefixType":null,"PrefixDirection":"E","StreetName":"McKidden","SuffixType":"St","SuffixDirection":null,"AltName1":null,"AltName2":null,"AltName3":null,"RoadMaintenance":null,"SpeedLimit":-1,"Oneway":null,"TruckRoute":"N","Sweeping":null,"EmergencySnowRoute":null,"RoadType":"CVS","LaneCount":null,"ObjectIDcopy":5159,"State":"IL","StreetClass":null,"TravelTimeSeconds":null,"StreetSurfaceType":null,"FunctionalClass":60,"TruckRouteClass":null,"SHAPE.STLength()":647.98457473592794}},{"type":"Feature","id":4987,"geometry":{"type":"LineString","coordinates":[[-87.659385652654905,40.374890775618404],[-87.658925816173749,40.374905167953045]]},"properties":{"OBJECTID":4987,"LeftFrom":null,"LeftTo":null,"RightFrom":null,"RightTo":null,"LeftCity":8,"RightCity":8,"LeftZip":"60963","RightZip":"60963","LabelName":"E McKidden St","PrefixType":null,"PrefixDirection":"E","StreetName":"McKidden","SuffixType":"St","SuffixDirection":null,"AltName1":null,"AltName2":null,"AltName3":null,"RoadMaintenance":null,"SpeedLimit":-1,"Oneway":null,"TruckRoute":"N","Sweeping":null,"EmergencySnowRoute":null,"RoadType":"CVS","LaneCount":null,"ObjectIDcopy":5160,"State":"IL","StreetClass":null,"TravelTimeSeconds":null,"StreetSurfaceType":null,"FunctionalClass":60,"TruckRouteClass":null,"SHAPE.STLength()":128.23105797861123}},{"type":"Feature","id":4988,"geometry":{"type":"LineString","coordinates":[[-87.669501003554515,40.375714082445299],[-87.672195903205974,40.375671327380815],[-87.67325544841627,40.375651316463177]]},"properties":{"OBJECTID":4988,"LeftFrom":null,"LeftTo":null,"RightFrom":"202","RightTo":"224","LeftCity":8,"RightCity":8,"LeftZip":"60963","RightZip":"60963","LabelName":"W Stufflebeam Dr","PrefixType":null,"PrefixDirection":"W","StreetName":"Stufflebeam","SuffixType":"Dr","SuffixDirection":null,"AltName1":null,"AltName2":null,"AltName3":null,"RoadMaintenance":null,"SpeedLimit":-1,"Oneway":null,"TruckRoute":"N","Sweeping":null,"EmergencySnowRoute":null,"RoadType":"CVS","LaneCount":null,"ObjectIDcopy":5161,"State":"IL","StreetClass":null,"TravelTimeSeconds":null,"StreetSurfaceType":null,"FunctionalClass":60,"TruckRouteClass":null,"SHAPE.STLength()":1046.3353731955158}},{"type":"Feature","id":4989,"geometry":{"type":"LineString","coordinates":[[-87.669501003554515,40.375714082445299],[-87.669439872817208,40.374464173117126],[-87.670800313658944,40.374414682434434]]},"properties":{"OBJECTID":4989,"LeftFrom":"1","LeftTo":"3","RightFrom":"2","RightTo":"2","LeftCity":8,"RightCity":8,"LeftZip":"60963","RightZip":"60963","LabelName":"S Watson St","PrefixType":null,"PrefixDirection":"S","StreetName":"Watson","SuffixType":"St","SuffixDirection":null,"AltName1":null,"AltName2":null,"AltName3":null,"RoadMaintenance":null,"SpeedLimit":-1,"Oneway":null,"TruckRoute":"N","Sweeping":null,"EmergencySnowRoute":null,"RoadType":"CVS","LaneCount":null,"ObjectIDcopy":5162,"State":"IL","StreetClass":null,"TravelTimeSeconds":null,"StreetSurfaceType":null,"FunctionalClass":60,"TruckRouteClass":null,"SHAPE.STLength()":835.16801822506784}},{"type":"Feature","id":4990,"geometry":{"type":"LineString","coordinates":[[-87.667454399129568,40.375755069053994],[-87.669501003554515,40.375714082445299]]},"properties":{"OBJECTID":4990,"LeftFrom":"2","LeftTo":"100","RightFrom":null,"RightTo":null,"LeftCity":8,"RightCity":8,"LeftZip":"60963","RightZip":"60963","LabelName":"W Stufflebeam Dr","PrefixType":null,"PrefixDirection":"W","StreetName":"Stufflebeam","SuffixType":"Dr","SuffixDirection":null,"AltName1":null,"AltName2":null,"AltName3":null,"RoadMaintenance":null,"SpeedLimit":-1,"Oneway":null,"TruckRoute":"N","Sweeping":null,"EmergencySnowRoute":null,"RoadType":"CVS","LaneCount":null,"ObjectIDcopy":5163,"State":"IL","StreetClass":null,"TravelTimeSeconds":null,"StreetSurfaceType":null,"FunctionalClass":60,"TruckRouteClass":null,"SHAPE.STLength()":570.43128220449842}},{"type":"Feature","id":4991,"geometry":{"type":"LineString","coordinates":[[-87.667454399129568,40.375755069053994],[-87.667449783339862,40.375719884966287],[-87.667314528726479,40.374642479630971]]},"properties":{"OBJECTID":4991,"LeftFrom":"399","LeftTo":"411","RightFrom":"400","RightTo":"412","LeftCity":8,"RightCity":8,"LeftZip":"60963","RightZip":"60963","LabelName":"S Chicago St","PrefixType":null,"PrefixDirection":"S","StreetName":"Chicago","SuffixType":"St","SuffixDirection":null,"AltName1":"IL Route 1","AltName2":null,"AltName3":null,"RoadMaintenance":null,"SpeedLimit":-1,"Oneway":null,"TruckRoute":"N","Sweeping":null,"EmergencySnowRoute":null,"RoadType":"STP","LaneCount":null,"ObjectIDcopy":5164,"State":"IL","StreetClass":3,"TravelTimeSeconds":null,"StreetSurfaceType":null,"FunctionalClass":30,"TruckRouteClass":null,"SHAPE.STLength()":407.20230666001015}},{"type":"Feature","id":4992,"geometry":{"type":"LineString","coordinates":[[-87.666147262708435,40.375812271081635],[-87.666087823266324,40.374680931387701]]},"properties":{"OBJECTID":4992,"LeftFrom":null,"LeftTo":null,"RightFrom":"402","RightTo":"402","LeftCity":8,"RightCity":8,"LeftZip":"60963","RightZip":"60963","LabelName":"S Church St","PrefixType":null,"PrefixDirection":"S","StreetName":"Church","SuffixType":"St","SuffixDirection":null,"AltName1":null,"AltName2":null,"AltName3":null,"RoadMaintenance":null,"SpeedLimit":-1,"Oneway":null,"TruckRoute":"N","Sweeping":null,"EmergencySnowRoute":null,"RoadType":"CVS","LaneCount":null,"ObjectIDcopy":5165,"State":"IL","StreetClass":null,"TravelTimeSeconds":null,"StreetSurfaceType":null,"FunctionalClass":60,"TruckRouteClass":null,"SHAPE.STLength()":412.4966536418691}},{"type":"Feature","id":4993,"geometry":{"type":"LineString","coordinates":[[-87.666147262708435,40.375812271081635],[-87.663957973042756,40.375880863961235]]},"properties":{"OBJECTID":4993,"LeftFrom":"200","LeftTo":"218","RightFrom":"199","RightTo":"217","LeftCity":8,"RightCity":8,"LeftZip":"60963","RightZip":"60963","LabelName":"Stewart St","PrefixType":null,"PrefixDirection":null,"StreetName":"Stewart","SuffixType":"St","SuffixDirection":null,"AltName1":null,"AltName2":null,"AltName3":null,"RoadMaintenance":null,"SpeedLimit":-1,"Oneway":null,"TruckRoute":"N","Sweeping":null,"EmergencySnowRoute":null,"RoadType":"CVS","LaneCount":null,"ObjectIDcopy":5166,"State":"IL","StreetClass":null,"TravelTimeSeconds":null,"StreetSurfaceType":null,"FunctionalClass":60,"TruckRouteClass":null,"SHAPE.STLength()":610.50242553275245}},{"type":"Feature","id":4994,"geometry":{"type":"LineString","coordinates":[[-87.663957973042756,40.375880863961235],[-87.663898567843432,40.374749522534849]]},"properties":{"OBJECTID":4994,"LeftFrom":null,"LeftTo":null,"RightFrom":null,"RightTo":null,"LeftCity":8,"RightCity":8,"LeftZip":"60963","RightZip":"60963","LabelName":"S Summit St","PrefixType":null,"PrefixDirection":"S","StreetName":"Summit","SuffixType":"St","SuffixDirection":null,"AltName1":null,"AltName2":null,"AltName3":null,"RoadMaintenance":null,"SpeedLimit":-1,"Oneway":null,"TruckRoute":"N","Sweeping":null,"EmergencySnowRoute":null,"RoadType":"CVS","LaneCount":null,"ObjectIDcopy":5167,"State":"IL","StreetClass":null,"TravelTimeSeconds":null,"StreetSurfaceType":null,"FunctionalClass":60,"TruckRouteClass":null,"SHAPE.STLength()":412.49701264230367}},{"type":"Feature","id":4995,"geometry":{"type":"LineString","coordinates":[[-87.663957973042756,40.375880863961235],[-87.661768696009005,40.375949413651171]]},"properties":{"OBJECTID":4995,"LeftFrom":"300","LeftTo":"318","RightFrom":"299","RightTo":"317","LeftCity":8,"RightCity":8,"LeftZip":"60963","RightZip":"60963","LabelName":"Stewart St","PrefixType":null,"PrefixDirection":null,"StreetName":"Stewart","SuffixType":"St","SuffixDirection":null,"AltName1":null,"AltName2":null,"AltName3":null,"RoadMaintenance":null,"SpeedLimit":-1,"Oneway":null,"TruckRoute":"N","Sweeping":null,"EmergencySnowRoute":null,"RoadType":"CVS","LaneCount":null,"ObjectIDcopy":5168,"State":"IL","StreetClass":null,"TravelTimeSeconds":null,"StreetSurfaceType":null,"FunctionalClass":60,"TruckRouteClass":null,"SHAPE.STLength()":610.49780595574634}},{"type":"Feature","id":4996,"geometry":{"type":"LineString","coordinates":[[-87.661768696009005,40.375949413651171],[-87.661709325043674,40.374818071394451]]},"properties":{"OBJECTID":4996,"LeftFrom":"401","LeftTo":"409","RightFrom":"398","RightTo":"404","LeftCity":8,"RightCity":8,"LeftZip":"60963","RightZip":"60963","LabelName":"S Grove St","PrefixType":null,"PrefixDirection":"S","StreetName":"Grove","SuffixType":"St","SuffixDirection":null,"AltName1":null,"AltName2":null,"AltName3":null,"RoadMaintenance":null,"SpeedLimit":-1,"Oneway":null,"TruckRoute":"N","Sweeping":null,"EmergencySnowRoute":null,"RoadType":"CVS","LaneCount":null,"ObjectIDcopy":5169,"State":"IL","StreetClass":null,"TravelTimeSeconds":null,"StreetSurfaceType":null,"FunctionalClass":60,"TruckRouteClass":null,"SHAPE.STLength()":412.49704393367864}},{"type":"Feature","id":4997,"geometry":{"type":"LineString","coordinates":[[-87.661768696009005,40.375949413651171],[-87.660360824105595,40.375993475150345]]},"properties":{"OBJECTID":4997,"LeftFrom":"400","LeftTo":"406","RightFrom":"399","RightTo":"411","LeftCity":8,"RightCity":8,"LeftZip":"60963","RightZip":"60963","LabelName":"Stewart St","PrefixType":null,"PrefixDirection":null,"StreetName":"Stewart","SuffixType":"St","SuffixDirection":null,"AltName1":null,"AltName2":null,"AltName3":null,"RoadMaintenance":null,"SpeedLimit":-1,"Oneway":null,"TruckRoute":"N","Sweeping":null,"EmergencySnowRoute":null,"RoadType":"CVS","LaneCount":null,"ObjectIDcopy":5170,"State":"IL","StreetClass":null,"TravelTimeSeconds":null,"StreetSurfaceType":null,"FunctionalClass":60,"TruckRouteClass":null,"SHAPE.STLength()":392.59603700158613}},{"type":"Feature","id":4998,"geometry":{"type":"LineString","coordinates":[[-87.660360824105595,40.375993475150345],[-87.659385652654905,40.374890775618404]]},"properties":{"OBJECTID":4998,"LeftFrom":null,"LeftTo":null,"RightFrom":null,"RightTo":null,"LeftCity":8,"RightCity":8,"LeftZip":"60963","RightZip":"60963","LabelName":"Railroad Ave","PrefixType":null,"PrefixDirection":null,"StreetName":"Railroad","SuffixType":"Ave","SuffixDirection":null,"AltName1":null,"AltName2":null,"AltName3":null,"RoadMaintenance":null,"SpeedLimit":-1,"Oneway":null,"TruckRoute":"N","Sweeping":null,"EmergencySnowRoute":null,"RoadType":"CVS","LaneCount":null,"ObjectIDcopy":5171,"State":"IL","StreetClass":null,"TravelTimeSeconds":null,"StreetSurfaceType":null,"FunctionalClass":60,"TruckRouteClass":null,"SHAPE.STLength()":484.98761356578757}},{"type":"Feature","id":4999,"geometry":{"type":"LineString","coordinates":[[-87.66782637269597,40.376892858367249],[-87.66620670486239,40.376943630358696]]},"properties":{"OBJECTID":4999,"LeftFrom":"98","LeftTo":"112","RightFrom":"97","RightTo":"111","LeftCity":8,"RightCity":8,"LeftZip":"60963","RightZip":"60963","LabelName":"Gilbert St","PrefixType":null,"PrefixDirection":null,"StreetName":"Gilbert","SuffixType":"St","SuffixDirection":null,"AltName1":null,"AltName2":null,"AltName3":null,"RoadMaintenance":null,"SpeedLimit":-1,"Oneway":null,"TruckRoute":"N","Sweeping":null,"EmergencySnowRoute":null,"RoadType":"CVS","LaneCount":null,"ObjectIDcopy":5172,"State":"IL","StreetClass":null,"TravelTimeSeconds":null,"StreetSurfaceType":null,"FunctionalClass":60,"TruckRouteClass":null,"SHAPE.STLength()":451.65157211732532}},{"type":"Feature","id":5000,"geometry":{"type":"LineString","coordinates":[[-87.66620670486239,40.376943630358696],[-87.666147262708435,40.375812271081635]]},"properties":{"OBJECTID":5000,"LeftFrom":"301","LeftTo":"301","RightFrom":"304","RightTo":"304","LeftCity":8,"RightCity":8,"LeftZip":"60963","RightZip":"60963","LabelName":"S Church St","PrefixType":null,"PrefixDirection":"S","StreetName":"Church","SuffixType":"St","SuffixDirection":null,"AltName1":null,"AltName2":null,"AltName3":null,"RoadMaintenance":null,"SpeedLimit":-1,"Oneway":null,"TruckRoute":"N","Sweeping":null,"EmergencySnowRoute":null,"RoadType":"CVS","LaneCount":null,"ObjectIDcopy":5173,"State":"IL","StreetClass":null,"TravelTimeSeconds":null,"StreetSurfaceType":null,"FunctionalClass":60,"TruckRouteClass":null,"SHAPE.STLength()":412.50387890900441}},{"type":"Feature","id":5001,"geometry":{"type":"LineString","coordinates":[[-87.66620670486239,40.376943630358696],[-87.664017380969128,40.377012223169814]]},"properties":{"OBJECTID":5001,"LeftFrom":"200","LeftTo":"218","RightFrom":"299","RightTo":"217","LeftCity":8,"RightCity":8,"LeftZip":"60963","RightZip":"60963","LabelName":"Gilbert St","PrefixType":null,"PrefixDirection":null,"StreetName":"Gilbert","SuffixType":"St","SuffixDirection":null,"AltName1":null,"AltName2":null,"AltName3":null,"RoadMaintenance":null,"SpeedLimit":-1,"Oneway":null,"TruckRoute":"N","Sweeping":null,"EmergencySnowRoute":null,"RoadType":"CVS","LaneCount":null,"ObjectIDcopy":5174,"State":"IL","StreetClass":null,"TravelTimeSeconds":null,"StreetSurfaceType":null,"FunctionalClass":60,"TruckRouteClass":null,"SHAPE.STLength()":610.50175423196083}},{"type":"Feature","id":5002,"geometry":{"type":"LineString","coordinates":[[-87.664017380969128,40.377012223169814],[-87.663957973042756,40.375880863961235]]},"properties":{"OBJECTID":5002,"LeftFrom":null,"LeftTo":null,"RightFrom":"305","RightTo":"305","LeftCity":8,"RightCity":8,"LeftZip":"60963","RightZip":"60963","LabelName":"S Summit St","PrefixType":null,"PrefixDirection":"S","StreetName":"Summit","SuffixType":"St","SuffixDirection":null,"AltName1":null,"AltName2":null,"AltName3":null,"RoadMaintenance":null,"SpeedLimit":-1,"Oneway":null,"TruckRoute":"N","Sweeping":null,"EmergencySnowRoute":null,"RoadType":"CVS","LaneCount":null,"ObjectIDcopy":5175,"State":"IL","StreetClass":null,"TravelTimeSeconds":null,"StreetSurfaceType":null,"FunctionalClass":60,"TruckRouteClass":null,"SHAPE.STLength()":412.50358248926051}},{"type":"Feature","id":5003,"geometry":{"type":"LineString","coordinates":[[-87.664017380969128,40.377012223169814],[-87.661828069689875,40.377080774590759]]},"properties":{"OBJECTID":5003,"LeftFrom":"300","LeftTo":"316","RightFrom":"299","RightTo":"317","LeftCity":8,"RightCity":8,"LeftZip":"60963","RightZip":"60963","LabelName":"Gilbert St","PrefixType":null,"PrefixDirection":null,"StreetName":"Gilbert","SuffixType":"St","SuffixDirection":null,"AltName1":null,"AltName2":null,"AltName3":null,"RoadMaintenance":null,"SpeedLimit":-1,"Oneway":null,"TruckRoute":"N","Sweeping":null,"EmergencySnowRoute":null,"RoadType":"CVS","LaneCount":null,"ObjectIDcopy":5176,"State":"IL","StreetClass":null,"TravelTimeSeconds":null,"StreetSurfaceType":null,"FunctionalClass":60,"TruckRouteClass":null,"SHAPE.STLength()":610.49716646628747}},{"type":"Feature","id":5004,"geometry":{"type":"LineString","coordinates":[[-87.661828069689875,40.377080774590759],[-87.661768696009005,40.375949413651171]]},"properties":{"OBJECTID":5004,"LeftFrom":"303","LeftTo":"303","RightFrom":null,"RightTo":null,"LeftCity":8,"RightCity":8,"LeftZip":"60963","RightZip":"60963","LabelName":"S Grove St","PrefixType":null,"PrefixDirection":"S","StreetName":"Grove","SuffixType":"St","SuffixDirection":null,"AltName1":null,"AltName2":null,"AltName3":null,"RoadMaintenance":null,"SpeedLimit":-1,"Oneway":null,"TruckRoute":"N","Sweeping":null,"EmergencySnowRoute":null,"RoadType":"CVS","LaneCount":null,"ObjectIDcopy":5177,"State":"IL","StreetClass":null,"TravelTimeSeconds":null,"StreetSurfaceType":null,"FunctionalClass":60,"TruckRouteClass":null,"SHAPE.STLength()":412.5039414907103}},{"type":"Feature","id":5005,"geometry":{"type":"LineString","coordinates":[[-87.661828069689875,40.377080774590759],[-87.661335990707215,40.377096167194331]]},"properties":{"OBJECTID":5005,"LeftFrom":"402","LeftTo":"402","RightFrom":"399","RightTo":"405","LeftCity":8,"RightCity":8,"LeftZip":"60963","RightZip":"60963","LabelName":"Gilbert St","PrefixType":null,"PrefixDirection":null,"StreetName":"Gilbert","SuffixType":"St","SuffixDirection":null,"AltName1":null,"AltName2":null,"AltName3":null,"RoadMaintenance":null,"SpeedLimit":-1,"Oneway":null,"TruckRoute":"N","Sweeping":null,"EmergencySnowRoute":null,"RoadType":"CVS","LaneCount":null,"ObjectIDcopy":5178,"State":"IL","StreetClass":null,"TravelTimeSeconds":null,"StreetSurfaceType":null,"FunctionalClass":60,"TruckRouteClass":null,"SHAPE.STLength()":137.21766752743483}},{"type":"Feature","id":5006,"geometry":{"type":"LineString","coordinates":[[-87.661335990707215,40.377096167194331],[-87.660360824105595,40.375993475150345]]},"properties":{"OBJECTID":5006,"LeftFrom":null,"LeftTo":null,"RightFrom":null,"RightTo":null,"LeftCity":8,"RightCity":8,"LeftZip":"60963","RightZip":"60963","LabelName":"Railroad Ave","PrefixType":null,"PrefixDirection":null,"StreetName":"Railroad","SuffixType":"Ave","SuffixDirection":null,"AltName1":null,"AltName2":null,"AltName3":null,"RoadMaintenance":null,"SpeedLimit":-1,"Oneway":null,"TruckRoute":"N","Sweeping":null,"EmergencySnowRoute":null,"RoadType":"CVS","LaneCount":null,"ObjectIDcopy":5179,"State":"IL","StreetClass":null,"TravelTimeSeconds":null,"StreetSurfaceType":null,"FunctionalClass":60,"TruckRouteClass":null,"SHAPE.STLength()":484.98212205682194}},{"type":"Feature","id":5007,"geometry":{"type":"LineString","coordinates":[[-87.661335990707215,40.377096167194331],[-87.660876140702399,40.377110568068645]]},"properties":{"OBJECTID":5007,"LeftFrom":null,"LeftTo":null,"RightFrom":null,"RightTo":null,"LeftCity":8,"RightCity":8,"LeftZip":"60963","RightZip":"60963","LabelName":"Gilbert St","PrefixType":null,"PrefixDirection":null,"StreetName":"Gilbert","SuffixType":"St","SuffixDirection":null,"AltName1":null,"AltName2":null,"AltName3":null,"RoadMaintenance":null,"SpeedLimit":-1,"Oneway":null,"TruckRoute":"N","Sweeping":null,"EmergencySnowRoute":null,"RoadType":"CVS","LaneCount":null,"ObjectIDcopy":5180,"State":"IL","StreetClass":null,"TravelTimeSeconds":null,"StreetSurfaceType":null,"FunctionalClass":60,"TruckRouteClass":null,"SHAPE.STLength()":128.23074619547714}},{"type":"Feature","id":5008,"geometry":{"type":"LineString","coordinates":[[-87.668035576717003,40.377324580541668],[-87.66782637269597,40.376892858367249]]},"properties":{"OBJECTID":5008,"LeftFrom":null,"LeftTo":null,"RightFrom":null,"RightTo":null,"LeftCity":8,"RightCity":8,"LeftZip":"60963","RightZip":"60963","LabelName":"S Chicago St","PrefixType":null,"PrefixDirection":"S","StreetName":"Chicago","SuffixType":"St","SuffixDirection":null,"AltName1":"IL Route 1","AltName2":null,"AltName3":null,"RoadMaintenance":null,"SpeedLimit":-1,"Oneway":null,"TruckRoute":"N","Sweeping":null,"EmergencySnowRoute":null,"RoadType":"STP","LaneCount":null,"ObjectIDcopy":5181,"State":"IL","StreetClass":3,"TravelTimeSeconds":null,"StreetSurfaceType":null,"FunctionalClass":30,"TruckRouteClass":null,"SHAPE.STLength()":167.73622479621739}},{"type":"Feature","id":5009,"geometry":{"type":"LineString","coordinates":[[-87.669577298584429,40.377013543440881],[-87.669624258662978,40.37796395798388]]},"properties":{"OBJECTID":5009,"LeftFrom":null,"LeftTo":null,"RightFrom":"205","RightTo":"205","LeftCity":8,"RightCity":8,"LeftZip":"60963","RightZip":"60963","LabelName":"S Ann St","PrefixType":null,"PrefixDirection":"S","StreetName":"Ann","SuffixType":"St","SuffixDirection":null,"AltName1":null,"AltName2":null,"AltName3":null,"RoadMaintenance":null,"SpeedLimit":-1,"Oneway":null,"TruckRoute":"N","Sweeping":null,"EmergencySnowRoute":null,"RoadType":"CVS","LaneCount":null,"ObjectIDcopy":5182,"State":"IL","StreetClass":null,"TravelTimeSeconds":null,"StreetSurfaceType":null,"FunctionalClass":60,"TruckRouteClass":null,"SHAPE.STLength()":346.49740970996811}},{"type":"Feature","id":5010,"geometry":{"type":"LineString","coordinates":[[-87.668364742758484,40.378003901582623],[-87.669624258662978,40.37796395798388]]},"properties":{"OBJECTID":5010,"LeftFrom":"101","LeftTo":"109","RightFrom":null,"RightTo":null,"LeftCity":8,"RightCity":8,"LeftZip":"60963","RightZip":"60963","LabelName":"Park Pl","PrefixType":null,"PrefixDirection":null,"StreetName":"Park","SuffixType":"Pl","SuffixDirection":null,"AltName1":null,"AltName2":null,"AltName3":null,"RoadMaintenance":null,"SpeedLimit":-1,"Oneway":null,"TruckRoute":"N","Sweeping":null,"EmergencySnowRoute":null,"RoadType":"CVS","LaneCount":null,"ObjectIDcopy":5183,"State":"IL","StreetClass":null,"TravelTimeSeconds":null,"StreetSurfaceType":null,"FunctionalClass":60,"TruckRouteClass":null,"SHAPE.STLength()":351.22292344262752}},{"type":"Feature","id":5011,"geometry":{"type":"LineString","coordinates":[[-87.668364742758484,40.378003901582623],[-87.668035576717003,40.377324580541668]]},"properties":{"OBJECTID":5011,"LeftFrom":null,"LeftTo":null,"RightFrom":"200","RightTo":"208","LeftCity":8,"RightCity":8,"LeftZip":"60963","RightZip":"60963","LabelName":"S Chicago St","PrefixType":null,"PrefixDirection":"S","StreetName":"Chicago","SuffixType":"St","SuffixDirection":null,"AltName1":"IL Route 1","AltName2":null,"AltName3":null,"RoadMaintenance":null,"SpeedLimit":-1,"Oneway":null,"TruckRoute":"N","Sweeping":null,"EmergencySnowRoute":null,"RoadType":"STP","LaneCount":null,"ObjectIDcopy":5184,"State":"IL","StreetClass":3,"TravelTimeSeconds":null,"StreetSurfaceType":null,"FunctionalClass":30,"TruckRouteClass":null,"SHAPE.STLength()":263.93322351955391}},{"type":"Feature","id":5014,"geometry":{"type":"LineString","coordinates":[[-87.666266148897307,40.378074974091732],[-87.66620670486239,40.376943630358696]]},"properties":{"OBJECTID":5014,"LeftFrom":null,"LeftTo":null,"RightFrom":null,"RightTo":null,"LeftCity":8,"RightCity":8,"LeftZip":"60963","RightZip":"60963","LabelName":"S Church St","PrefixType":null,"PrefixDirection":"S","StreetName":"Church","SuffixType":"St","SuffixDirection":null,"AltName1":null,"AltName2":null,"AltName3":null,"RoadMaintenance":null,"SpeedLimit":-1,"Oneway":null,"TruckRoute":"N","Sweeping":null,"EmergencySnowRoute":null,"RoadType":"CVS","LaneCount":null,"ObjectIDcopy":5187,"State":"IL","StreetClass":null,"TravelTimeSeconds":null,"StreetSurfaceType":null,"FunctionalClass":60,"TruckRouteClass":null,"SHAPE.STLength()":412.49830783736701}},{"type":"Feature","id":5015,"geometry":{"type":"LineString","coordinates":[[-87.666266148897307,40.378074974091732],[-87.664076789561776,40.378143570429721]]},"properties":{"OBJECTID":5015,"LeftFrom":"200","LeftTo":"218","RightFrom":"199","RightTo":"217","LeftCity":8,"RightCity":8,"LeftZip":"60963","RightZip":"60963","LabelName":"Maple St","PrefixType":null,"PrefixDirection":null,"StreetName":"Maple","SuffixType":"St","SuffixDirection":null,"AltName1":null,"AltName2":null,"AltName3":null,"RoadMaintenance":null,"SpeedLimit":-1,"Oneway":null,"TruckRoute":"N","Sweeping":null,"EmergencySnowRoute":null,"RoadType":"CVS","LaneCount":null,"ObjectIDcopy":5188,"State":"IL","StreetClass":null,"TravelTimeSeconds":null,"StreetSurfaceType":null,"FunctionalClass":60,"TruckRouteClass":null,"SHAPE.STLength()":610.50147425208104}},{"type":"Feature","id":5016,"geometry":{"type":"LineString","coordinates":[[-87.664076789561776,40.378143570429721],[-87.664017380969128,40.377012223169814]]},"properties":{"OBJECTID":5016,"LeftFrom":"201","LeftTo":"213","RightFrom":null,"RightTo":null,"LeftCity":8,"RightCity":8,"LeftZip":"60963","RightZip":"60963","LabelName":"S Summit St","PrefixType":null,"PrefixDirection":"S","StreetName":"Summit","SuffixType":"St","SuffixDirection":null,"AltName1":null,"AltName2":null,"AltName3":null,"RoadMaintenance":null,"SpeedLimit":-1,"Oneway":null,"TruckRoute":"N","Sweeping":null,"EmergencySnowRoute":null,"RoadType":"CVS","LaneCount":null,"ObjectIDcopy":5189,"State":"IL","StreetClass":null,"TravelTimeSeconds":null,"StreetSurfaceType":null,"FunctionalClass":60,"TruckRouteClass":null,"SHAPE.STLength()":412.4993066128535}},{"type":"Feature","id":5017,"geometry":{"type":"LineString","coordinates":[[-87.664076789561776,40.378143570429721],[-87.66239764693529,40.378196140364373]]},"properties":{"OBJECTID":5017,"LeftFrom":"300","LeftTo":"314","RightFrom":"299","RightTo":"311","LeftCity":8,"RightCity":8,"LeftZip":"60963","RightZip":"60963","LabelName":"Maple St","PrefixType":null,"PrefixDirection":null,"StreetName":"Maple","SuffixType":"St","SuffixDirection":null,"AltName1":null,"AltName2":null,"AltName3":null,"RoadMaintenance":null,"SpeedLimit":-1,"Oneway":null,"TruckRoute":"N","Sweeping":null,"EmergencySnowRoute":null,"RoadType":"CVS","LaneCount":null,"ObjectIDcopy":5190,"State":"IL","StreetClass":null,"TravelTimeSeconds":null,"StreetSurfaceType":null,"FunctionalClass":60,"TruckRouteClass":null,"SHAPE.STLength()":468.22695154437463}},{"type":"Feature","id":5018,"geometry":{"type":"LineString","coordinates":[[-87.661828069689875,40.377080774590759],[-87.661831974100437,40.377155182845236],[-87.66239764693529,40.378196140364373]]},"properties":{"OBJECTID":5018,"LeftFrom":null,"LeftTo":null,"RightFrom":null,"RightTo":null,"LeftCity":8,"RightCity":8,"LeftZip":"60963","RightZip":"60963","LabelName":"S Grove St","PrefixType":null,"PrefixDirection":"S","StreetName":"Grove","SuffixType":"St","SuffixDirection":null,"AltName1":null,"AltName2":null,"AltName3":null,"RoadMaintenance":null,"SpeedLimit":-1,"Oneway":null,"TruckRoute":"N","Sweeping":null,"EmergencySnowRoute":null,"RoadType":"CVS","LaneCount":null,"ObjectIDcopy":5191,"State":"IL","StreetClass":null,"TravelTimeSeconds":null,"StreetSurfaceType":null,"FunctionalClass":60,"TruckRouteClass":null,"SHAPE.STLength()":437.81264114897033}},{"type":"Feature","id":5019,"geometry":{"type":"LineString","coordinates":[[-87.669624258662978,40.37796395798388],[-87.66964662146512,40.37841655798217]]},"properties":{"OBJECTID":5019,"LeftFrom":null,"LeftTo":null,"RightFrom":null,"RightTo":null,"LeftCity":8,"RightCity":8,"LeftZip":"60963","RightZip":"60963","LabelName":"S Ann St","PrefixType":null,"PrefixDirection":"S","StreetName":"Ann","SuffixType":"St","SuffixDirection":null,"AltName1":null,"AltName2":null,"AltName3":null,"RoadMaintenance":null,"SpeedLimit":-1,"Oneway":null,"TruckRoute":"N","Sweeping":null,"EmergencySnowRoute":null,"RoadType":"CVS","LaneCount":null,"ObjectIDcopy":5193,"State":"IL","StreetClass":null,"TravelTimeSeconds":null,"StreetSurfaceType":null,"FunctionalClass":60,"TruckRouteClass":null,"SHAPE.STLength()":165.00667215908314}},{"type":"Feature","id":5021,"geometry":{"type":"LineString","coordinates":[[-87.666325651534422,40.379207595831382],[-87.666266148897307,40.378074974091732]]},"properties":{"OBJECTID":5021,"LeftFrom":"117","LeftTo":"117","RightFrom":null,"RightTo":null,"LeftCity":8,"RightCity":8,"LeftZip":"60963","RightZip":"60963","LabelName":"S Church St","PrefixType":null,"PrefixDirection":"S","StreetName":"Church","SuffixType":"St","SuffixDirection":null,"AltName1":null,"AltName2":null,"AltName3":null,"RoadMaintenance":null,"SpeedLimit":-1,"Oneway":null,"TruckRoute":"N","Sweeping":null,"EmergencySnowRoute":null,"RoadType":"CVS","LaneCount":null,"ObjectIDcopy":5195,"State":"IL","StreetClass":null,"TravelTimeSeconds":null,"StreetSurfaceType":null,"FunctionalClass":60,"TruckRouteClass":null,"SHAPE.STLength()":412.96425152873422}},{"type":"Feature","id":5022,"geometry":{"type":"LineString","coordinates":[[-87.667199397439475,40.37922228456722],[-87.666325651534422,40.379207595831382]]},"properties":{"OBJECTID":5022,"LeftFrom":"126","LeftTo":"134","RightFrom":"131","RightTo":"139","LeftCity":8,"RightCity":8,"LeftZip":"60963","RightZip":"60963","LabelName":null,"PrefixType":null,"PrefixDirection":"E","StreetName":"Attica","SuffixType":null,"SuffixDirection":null,"AltName1":null,"AltName2":null,"AltName3":null,"RoadMaintenance":null,"SpeedLimit":-1,"Oneway":null,"TruckRoute":"N","Sweeping":null,"EmergencySnowRoute":null,"RoadType":"CVS","LaneCount":null,"ObjectIDcopy":5196,"State":"IL","StreetClass":null,"TravelTimeSeconds":null,"StreetSurfaceType":null,"FunctionalClass":50,"TruckRouteClass":null,"SHAPE.STLength()":243.49406535390315}},{"type":"Feature","id":5023,"geometry":{"type":"LineString","coordinates":[[-87.668969549875172,40.379252021881349],[-87.668364742758484,40.378003901582623]]},"properties":{"OBJECTID":5023,"LeftFrom":"99","LeftTo":"139","RightFrom":"90","RightTo":"136","LeftCity":8,"RightCity":8,"LeftZip":"60963","RightZip":"60963","LabelName":"S Chicago St","PrefixType":null,"PrefixDirection":"S","StreetName":"Chicago","SuffixType":"St","SuffixDirection":null,"AltName1":"IL Route 1","AltName2":null,"AltName3":null,"RoadMaintenance":null,"SpeedLimit":-1,"Oneway":null,"TruckRoute":"N","Sweeping":null,"EmergencySnowRoute":null,"RoadType":"STP","LaneCount":null,"ObjectIDcopy":5197,"State":"IL","StreetClass":3,"TravelTimeSeconds":null,"StreetSurfaceType":null,"FunctionalClass":30,"TruckRouteClass":null,"SHAPE.STLength()":484.92794062460501}},{"type":"Feature","id":5024,"geometry":{"type":"LineString","coordinates":[[-87.668969549875172,40.379252021881349],[-87.667199397439475,40.37922228456722]]},"properties":{"OBJECTID":5024,"LeftFrom":"98","LeftTo":"124","RightFrom":"99","RightTo":"127","LeftCity":8,"RightCity":8,"LeftZip":"60963","RightZip":"60963","LabelName":null,"PrefixType":null,"PrefixDirection":"E","StreetName":"Attica","SuffixType":null,"SuffixDirection":null,"AltName1":null,"AltName2":null,"AltName3":null,"RoadMaintenance":null,"SpeedLimit":-1,"Oneway":null,"TruckRoute":"N","Sweeping":null,"EmergencySnowRoute":null,"RoadType":"CVS","LaneCount":null,"ObjectIDcopy":5198,"State":"IL","StreetClass":null,"TravelTimeSeconds":null,"StreetSurfaceType":null,"FunctionalClass":50,"TruckRouteClass":null,"SHAPE.STLength()":493.30274844346025}},{"type":"Feature","id":5025,"geometry":{"type":"LineString","coordinates":[[-87.666325651534422,40.379207595831382],[-87.664134305404218,40.379238827720201]]},"properties":{"OBJECTID":5025,"LeftFrom":"200","LeftTo":"218","RightFrom":"199","RightTo":"217","LeftCity":8,"RightCity":8,"LeftZip":"60963","RightZip":"60963","LabelName":null,"PrefixType":null,"PrefixDirection":"E","StreetName":"Attica","SuffixType":null,"SuffixDirection":null,"AltName1":null,"AltName2":null,"AltName3":null,"RoadMaintenance":null,"SpeedLimit":-1,"Oneway":null,"TruckRoute":"N","Sweeping":null,"EmergencySnowRoute":null,"RoadType":"CVS","LaneCount":null,"ObjectIDcopy":5199,"State":"IL","StreetClass":null,"TravelTimeSeconds":null,"StreetSurfaceType":null,"FunctionalClass":50,"TruckRouteClass":null,"SHAPE.STLength()":610.6392751384484}},{"type":"Feature","id":5026,"geometry":{"type":"LineString","coordinates":[[-87.664134305404218,40.379238827720201],[-87.664076789561776,40.378143570429721]]},"properties":{"OBJECTID":5026,"LeftFrom":null,"LeftTo":null,"RightFrom":null,"RightTo":null,"LeftCity":8,"RightCity":8,"LeftZip":"60963","RightZip":"60963","LabelName":"S Summit St","PrefixType":null,"PrefixDirection":"S","StreetName":"Summit","SuffixType":"St","SuffixDirection":null,"AltName1":null,"AltName2":null,"AltName3":null,"RoadMaintenance":null,"SpeedLimit":-1,"Oneway":null,"TruckRoute":"N","Sweeping":null,"EmergencySnowRoute":null,"RoadType":"CVS","LaneCount":null,"ObjectIDcopy":5200,"State":"IL","StreetClass":null,"TravelTimeSeconds":null,"StreetSurfaceType":null,"FunctionalClass":60,"TruckRouteClass":null,"SHAPE.STLength()":399.34067147257207}},{"type":"Feature","id":5027,"geometry":{"type":"LineString","coordinates":[[-87.664134305404218,40.379238827720201],[-87.66195839358511,40.379269805089642]]},"properties":{"OBJECTID":5027,"LeftFrom":"300","LeftTo":"318","RightFrom":"299","RightTo":"217","LeftCity":8,"RightCity":8,"LeftZip":"60963","RightZip":"60963","LabelName":null,"PrefixType":null,"PrefixDirection":"E","StreetName":"Attica","SuffixType":null,"SuffixDirection":null,"AltName1":null,"AltName2":null,"AltName3":null,"RoadMaintenance":null,"SpeedLimit":-1,"Oneway":null,"TruckRoute":"N","Sweeping":null,"EmergencySnowRoute":null,"RoadType":"CVS","LaneCount":null,"ObjectIDcopy":5201,"State":"IL","StreetClass":null,"TravelTimeSeconds":null,"StreetSurfaceType":null,"FunctionalClass":50,"TruckRouteClass":null,"SHAPE.STLength()":606.33800281037907}},{"type":"Feature","id":5028,"geometry":{"type":"LineString","coordinates":[[-87.66195839358511,40.379269805089642],[-87.661256614240173,40.379279810015163]]},"properties":{"OBJECTID":5028,"LeftFrom":"400","LeftTo":"406","RightFrom":null,"RightTo":null,"LeftCity":8,"RightCity":8,"LeftZip":"60963","RightZip":"60963","LabelName":null,"PrefixType":null,"PrefixDirection":"E","StreetName":"Attica","SuffixType":null,"SuffixDirection":null,"AltName1":null,"AltName2":null,"AltName3":null,"RoadMaintenance":null,"SpeedLimit":-1,"Oneway":null,"TruckRoute":"N","Sweeping":null,"EmergencySnowRoute":null,"RoadType":"CVS","LaneCount":null,"ObjectIDcopy":5202,"State":"IL","StreetClass":null,"TravelTimeSeconds":null,"StreetSurfaceType":null,"FunctionalClass":50,"TruckRouteClass":null,"SHAPE.STLength()":195.55739072473972}},{"type":"Feature","id":5029,"geometry":{"type":"LineString","coordinates":[[-87.661256614240173,40.379279810015163],[-87.659874897558069,40.377758699316146]]},"properties":{"OBJECTID":5029,"LeftFrom":null,"LeftTo":null,"RightFrom":null,"RightTo":null,"LeftCity":8,"RightCity":8,"LeftZip":"60963","RightZip":"60963","LabelName":"Creative Ave","PrefixType":null,"PrefixDirection":null,"StreetName":"Creative","SuffixType":"Ave","SuffixDirection":null,"AltName1":null,"AltName2":null,"AltName3":null,"RoadMaintenance":null,"SpeedLimit":-1,"Oneway":null,"TruckRoute":"N","Sweeping":null,"EmergencySnowRoute":null,"RoadType":"CVS","LaneCount":null,"ObjectIDcopy":5203,"State":"IL","StreetClass":null,"TravelTimeSeconds":null,"StreetSurfaceType":null,"FunctionalClass":60,"TruckRouteClass":null,"SHAPE.STLength()":674.75667011555561}},{"type":"Feature","id":5030,"geometry":{"type":"LineString","coordinates":[[-87.661256614240173,40.379279810015163],[-87.659750099831527,40.379301212113994]]},"properties":{"OBJECTID":5030,"LeftFrom":"408","LeftTo":"418","RightFrom":"409","RightTo":"409","LeftCity":8,"RightCity":8,"LeftZip":"60963","RightZip":"60963","LabelName":null,"PrefixType":null,"PrefixDirection":"E","StreetName":"Attica","SuffixType":null,"SuffixDirection":null,"AltName1":null,"AltName2":null,"AltName3":null,"RoadMaintenance":null,"SpeedLimit":-1,"Oneway":null,"TruckRoute":"N","Sweeping":null,"EmergencySnowRoute":null,"RoadType":"CVS","LaneCount":null,"ObjectIDcopy":5204,"State":"IL","StreetClass":null,"TravelTimeSeconds":null,"StreetSurfaceType":null,"FunctionalClass":50,"TruckRouteClass":null,"SHAPE.STLength()":419.80380306932392}},{"type":"Feature","id":5031,"geometry":{"type":"LineString","coordinates":[[-87.667644332081622,40.380302113518653],[-87.666385050721928,40.380337867132987]]},"properties":{"OBJECTID":5031,"LeftFrom":"104","LeftTo":"104","RightFrom":"99","RightTo":"109","LeftCity":8,"RightCity":8,"LeftZip":"60963","RightZip":"60963","LabelName":"Holmes St","PrefixType":null,"PrefixDirection":null,"StreetName":"Holmes","SuffixType":"St","SuffixDirection":null,"AltName1":null,"AltName2":null,"AltName3":null,"RoadMaintenance":null,"SpeedLimit":-1,"Oneway":null,"TruckRoute":"N","Sweeping":null,"EmergencySnowRoute":null,"RoadType":"CVS","LaneCount":null,"ObjectIDcopy":5206,"State":"IL","StreetClass":null,"TravelTimeSeconds":null,"StreetSurfaceType":null,"FunctionalClass":60,"TruckRouteClass":null,"SHAPE.STLength()":351.08565845865775}},{"type":"Feature","id":5032,"geometry":{"type":"LineString","coordinates":[[-87.666325651534422,40.379207595831382],[-87.666365600482237,40.3799677643105]]},"properties":{"OBJECTID":5032,"LeftFrom":null,"LeftTo":null,"RightFrom":"115","RightTo":"117","LeftCity":8,"RightCity":8,"LeftZip":"60963","RightZip":"60963","LabelName":"N Church St","PrefixType":null,"PrefixDirection":"N","StreetName":"Church","SuffixType":"St","SuffixDirection":null,"AltName1":null,"AltName2":null,"AltName3":null,"RoadMaintenance":null,"SpeedLimit":-1,"Oneway":null,"TruckRoute":"N","Sweeping":null,"EmergencySnowRoute":null,"RoadType":"CVS","LaneCount":null,"ObjectIDcopy":5207,"State":"IL","StreetClass":null,"TravelTimeSeconds":null,"StreetSurfaceType":null,"FunctionalClass":60,"TruckRouteClass":null,"SHAPE.STLength()":277.16456977146407}},{"type":"Feature","id":5033,"geometry":{"type":"LineString","coordinates":[[-87.666385050721928,40.380337867132987],[-87.664195295824968,40.380400007033629]]},"properties":{"OBJECTID":5033,"LeftFrom":"198","LeftTo":"218","RightFrom":"199","RightTo":"217","LeftCity":8,"RightCity":8,"LeftZip":"60963","RightZip":"60963","LabelName":"Holmes St","PrefixType":null,"PrefixDirection":null,"StreetName":"Holmes","SuffixType":"St","SuffixDirection":null,"AltName1":null,"AltName2":null,"AltName3":null,"RoadMaintenance":null,"SpeedLimit":-1,"Oneway":null,"TruckRoute":"N","Sweeping":null,"EmergencySnowRoute":null,"RoadType":"CVS","LaneCount":null,"ObjectIDcopy":5208,"State":"IL","StreetClass":null,"TravelTimeSeconds":null,"StreetSurfaceType":null,"FunctionalClass":60,"TruckRouteClass":null,"SHAPE.STLength()":610.49946803810121}},{"type":"Feature","id":5034,"geometry":{"type":"LineString","coordinates":[[-87.664134305404218,40.379238827720201],[-87.664195295824968,40.380400007033629]]},"properties":{"OBJECTID":5034,"LeftFrom":"102","LeftTo":"112","RightFrom":"107","RightTo":"107","LeftCity":8,"RightCity":8,"LeftZip":"60963","RightZip":"60963","LabelName":"N Summit St","PrefixType":null,"PrefixDirection":"N","StreetName":"Summit","SuffixType":"St","SuffixDirection":null,"AltName1":null,"AltName2":null,"AltName3":null,"RoadMaintenance":null,"SpeedLimit":-1,"Oneway":null,"TruckRoute":"N","Sweeping":null,"EmergencySnowRoute":null,"RoadType":"CVS","LaneCount":null,"ObjectIDcopy":5209,"State":"IL","StreetClass":null,"TravelTimeSeconds":null,"StreetSurfaceType":null,"FunctionalClass":60,"TruckRouteClass":null,"SHAPE.STLength()":423.37664539165382}},{"type":"Feature","id":5035,"geometry":{"type":"LineString","coordinates":[[-87.664195295824968,40.380400007033629],[-87.663795457557072,40.380411349020214]]},"properties":{"OBJECTID":5035,"LeftFrom":null,"LeftTo":null,"RightFrom":null,"RightTo":null,"LeftCity":8,"RightCity":8,"LeftZip":"60963","RightZip":"60963","LabelName":"Holmes St","PrefixType":null,"PrefixDirection":null,"StreetName":"Holmes","SuffixType":"St","SuffixDirection":null,"AltName1":null,"AltName2":null,"AltName3":null,"RoadMaintenance":null,"SpeedLimit":-1,"Oneway":null,"TruckRoute":"N","Sweeping":null,"EmergencySnowRoute":null,"RoadType":"CVS","LaneCount":null,"ObjectIDcopy":5210,"State":"IL","StreetClass":null,"TravelTimeSeconds":null,"StreetSurfaceType":null,"FunctionalClass":60,"TruckRouteClass":null,"SHAPE.STLength()":111.4740392687242}},{"type":"Feature","id":5036,"geometry":{"type":"LineString","coordinates":[[-87.663387738564381,40.38044027989303],[-87.662022205283549,40.380485621599981]]},"properties":{"OBJECTID":5036,"LeftFrom":"306","LeftTo":"318","RightFrom":"315","RightTo":"315","LeftCity":8,"RightCity":8,"LeftZip":"60963","RightZip":"60963","LabelName":"Holmes St","PrefixType":null,"PrefixDirection":null,"StreetName":"Holmes","SuffixType":"St","SuffixDirection":null,"AltName1":null,"AltName2":null,"AltName3":null,"RoadMaintenance":null,"SpeedLimit":-1,"Oneway":null,"TruckRoute":"N","Sweeping":null,"EmergencySnowRoute":null,"RoadType":"CVS","LaneCount":null,"ObjectIDcopy":5211,"State":"IL","StreetClass":null,"TravelTimeSeconds":null,"StreetSurfaceType":null,"FunctionalClass":60,"TruckRouteClass":null,"SHAPE.STLength()":380.80425457809793}},{"type":"Feature","id":5037,"geometry":{"type":"LineString","coordinates":[[-87.66195839358511,40.379269805089642],[-87.662022205283549,40.380485621599981]]},"properties":{"OBJECTID":5037,"LeftFrom":null,"LeftTo":null,"RightFrom":null,"RightTo":null,"LeftCity":8,"RightCity":8,"LeftZip":"60963","RightZip":"60963","LabelName":"N Grove St","PrefixType":null,"PrefixDirection":"N","StreetName":"Grove","SuffixType":"St","SuffixDirection":null,"AltName1":null,"AltName2":null,"AltName3":null,"RoadMaintenance":null,"SpeedLimit":-1,"Oneway":null,"TruckRoute":"N","Sweeping":null,"EmergencySnowRoute":null,"RoadType":"CVS","LaneCount":null,"ObjectIDcopy":5212,"State":"IL","StreetClass":null,"TravelTimeSeconds":null,"StreetSurfaceType":null,"FunctionalClass":60,"TruckRouteClass":null,"SHAPE.STLength()":443.29744551193608}},{"type":"Feature","id":5038,"geometry":{"type":"LineString","coordinates":[[-87.664195295824968,40.380400007033629],[-87.664221171817857,40.380892642407794],[-87.664740031187947,40.381528702218809]]},"properties":{"OBJECTID":5038,"LeftFrom":"208","LeftTo":"208","RightFrom":null,"RightTo":null,"LeftCity":8,"RightCity":8,"LeftZip":"60963","RightZip":"60963","LabelName":"N Summit St","PrefixType":null,"PrefixDirection":"N","StreetName":"Summit","SuffixType":"St","SuffixDirection":null,"AltName1":null,"AltName2":null,"AltName3":null,"RoadMaintenance":null,"SpeedLimit":-1,"Oneway":null,"TruckRoute":"N","Sweeping":null,"EmergencySnowRoute":null,"RoadType":"CVS","LaneCount":null,"ObjectIDcopy":5213,"State":"IL","StreetClass":null,"TravelTimeSeconds":null,"StreetSurfaceType":null,"FunctionalClass":60,"TruckRouteClass":null,"SHAPE.STLength()":452.73750904816143}},{"type":"Feature","id":5039,"geometry":{"type":"LineString","coordinates":[[-87.666385050721928,40.380337867132987],[-87.666444649664214,40.381472060437204]]},"properties":{"OBJECTID":5039,"LeftFrom":"200","LeftTo":"214","RightFrom":"201","RightTo":"215","LeftCity":8,"RightCity":8,"LeftZip":"60963","RightZip":"60963","LabelName":"N Church St","PrefixType":null,"PrefixDirection":"N","StreetName":"Church","SuffixType":"St","SuffixDirection":null,"AltName1":null,"AltName2":null,"AltName3":null,"RoadMaintenance":null,"SpeedLimit":-1,"Oneway":null,"TruckRoute":"N","Sweeping":null,"EmergencySnowRoute":null,"RoadType":"CVS","LaneCount":null,"ObjectIDcopy":5214,"State":"IL","StreetClass":null,"TravelTimeSeconds":null,"StreetSurfaceType":null,"FunctionalClass":60,"TruckRouteClass":null,"SHAPE.STLength()":413.53754497883665}},{"type":"Feature","id":5040,"geometry":{"type":"LineString","coordinates":[[-87.666444649664214,40.381472060437204],[-87.664740031187947,40.381528702218809]]},"properties":{"OBJECTID":5040,"LeftFrom":"200","LeftTo":"214","RightFrom":"199","RightTo":"215","LeftCity":8,"RightCity":8,"LeftZip":"60963","RightZip":"60963","LabelName":"Benton St","PrefixType":null,"PrefixDirection":null,"StreetName":"Benton","SuffixType":"St","SuffixDirection":null,"AltName1":null,"AltName2":null,"AltName3":null,"RoadMaintenance":null,"SpeedLimit":-1,"Oneway":null,"TruckRoute":"N","Sweeping":null,"EmergencySnowRoute":null,"RoadType":"CVS","LaneCount":null,"ObjectIDcopy":5215,"State":"IL","StreetClass":null,"TravelTimeSeconds":null,"StreetSurfaceType":null,"FunctionalClass":60,"TruckRouteClass":null,"SHAPE.STLength()":475.35764953248531}},{"type":"Feature","id":5041,"geometry":{"type":"LineString","coordinates":[[-87.664270833075278,40.381544288148305],[-87.662081577838563,40.381616987847259]]},"properties":{"OBJECTID":5041,"LeftFrom":"300","LeftTo":"318","RightFrom":"301","RightTo":"317","LeftCity":8,"RightCity":8,"LeftZip":"60963","RightZip":"60963","LabelName":"Benton St","PrefixType":null,"PrefixDirection":null,"StreetName":"Benton","SuffixType":"St","SuffixDirection":null,"AltName1":null,"AltName2":null,"AltName3":null,"RoadMaintenance":null,"SpeedLimit":-1,"Oneway":null,"TruckRoute":"N","Sweeping":null,"EmergencySnowRoute":null,"RoadType":"CVS","LaneCount":null,"ObjectIDcopy":5217,"State":"IL","StreetClass":null,"TravelTimeSeconds":null,"StreetSurfaceType":null,"FunctionalClass":60,"TruckRouteClass":null,"SHAPE.STLength()":610.50438531149291}},{"type":"Feature","id":5042,"geometry":{"type":"LineString","coordinates":[[-87.662022205283549,40.380485621599981],[-87.662081577838563,40.381616987847259]]},"properties":{"OBJECTID":5042,"LeftFrom":null,"LeftTo":null,"RightFrom":null,"RightTo":null,"LeftCity":8,"RightCity":8,"LeftZip":"60963","RightZip":"60963","LabelName":"N Grove St","PrefixType":null,"PrefixDirection":"N","StreetName":"Grove","SuffixType":"St","SuffixDirection":null,"AltName1":null,"AltName2":null,"AltName3":null,"RoadMaintenance":null,"SpeedLimit":-1,"Oneway":null,"TruckRoute":"N","Sweeping":null,"EmergencySnowRoute":null,"RoadType":"CVS","LaneCount":null,"ObjectIDcopy":5218,"State":"IL","StreetClass":null,"TravelTimeSeconds":null,"StreetSurfaceType":null,"FunctionalClass":60,"TruckRouteClass":null,"SHAPE.STLength()":412.50612594644377}},{"type":"Feature","id":5043,"geometry":{"type":"LineString","coordinates":[[-87.670360316927244,40.382121946421513],[-87.668859502441549,40.382525103164738],[-87.66812932126156,40.38254938308075]]},"properties":{"OBJECTID":5043,"LeftFrom":"96","LeftTo":"118","RightFrom":null,"RightTo":null,"LeftCity":8,"RightCity":8,"LeftZip":"60963","RightZip":"60963","LabelName":"Green St","PrefixType":null,"PrefixDirection":null,"StreetName":"Green","SuffixType":"St","SuffixDirection":null,"AltName1":null,"AltName2":null,"AltName3":null,"RoadMaintenance":null,"SpeedLimit":-1,"Oneway":null,"TruckRoute":"N","Sweeping":null,"EmergencySnowRoute":null,"RoadType":"CVS","LaneCount":null,"ObjectIDcopy":5219,"State":"IL","StreetClass":null,"TravelTimeSeconds":null,"StreetSurfaceType":null,"FunctionalClass":60,"TruckRouteClass":null,"SHAPE.STLength()":646.78956551244232}},{"type":"Feature","id":5044,"geometry":{"type":"LineString","coordinates":[[-87.66812932126156,40.38254938308075],[-87.666504099403184,40.382603407724716]]},"properties":{"OBJECTID":5044,"LeftFrom":null,"LeftTo":null,"RightFrom":"201","RightTo":"211","LeftCity":8,"RightCity":8,"LeftZip":"60963","RightZip":"60963","LabelName":"Green St","PrefixType":null,"PrefixDirection":null,"StreetName":"Green","SuffixType":"St","SuffixDirection":null,"AltName1":null,"AltName2":null,"AltName3":null,"RoadMaintenance":null,"SpeedLimit":-1,"Oneway":null,"TruckRoute":"N","Sweeping":null,"EmergencySnowRoute":null,"RoadType":"CVS","LaneCount":null,"ObjectIDcopy":5220,"State":"IL","StreetClass":null,"TravelTimeSeconds":null,"StreetSurfaceType":null,"FunctionalClass":60,"TruckRouteClass":null,"SHAPE.STLength()":453.20979144449967}},{"type":"Feature","id":5045,"geometry":{"type":"LineString","coordinates":[[-87.666444649664214,40.381472060437204],[-87.666504099403184,40.382603407724716]]},"properties":{"OBJECTID":5045,"LeftFrom":"298","LeftTo":"310","RightFrom":"307","RightTo":"317","LeftCity":8,"RightCity":8,"LeftZip":"60963","RightZip":"60963","LabelName":"N Church St","PrefixType":null,"PrefixDirection":"N","StreetName":"Church","SuffixType":"St","SuffixDirection":null,"AltName1":null,"AltName2":null,"AltName3":null,"RoadMaintenance":null,"SpeedLimit":-1,"Oneway":null,"TruckRoute":"N","Sweeping":null,"EmergencySnowRoute":null,"RoadType":"CVS","LaneCount":null,"ObjectIDcopy":5221,"State":"IL","StreetClass":null,"TravelTimeSeconds":null,"StreetSurfaceType":null,"FunctionalClass":60,"TruckRouteClass":null,"SHAPE.STLength()":412.49993074290609}},{"type":"Feature","id":5046,"geometry":{"type":"LineString","coordinates":[[-87.666504099403184,40.382603407724716],[-87.665756393286884,40.382628255127869],[-87.665436946618087,40.382757070157879],[-87.664335308343126,40.382772150207231]]},"properties":{"OBJECTID":5046,"LeftFrom":"211","LeftTo":"211","RightFrom":"213","RightTo":"213","LeftCity":8,"RightCity":8,"LeftZip":"60963","RightZip":"60963","LabelName":"Green St","PrefixType":null,"PrefixDirection":null,"StreetName":"Green","SuffixType":"St","SuffixDirection":null,"AltName1":null,"AltName2":null,"AltName3":null,"RoadMaintenance":null,"SpeedLimit":-1,"Oneway":null,"TruckRoute":"N","Sweeping":null,"EmergencySnowRoute":null,"RoadType":"CVS","LaneCount":null,"ObjectIDcopy":5222,"State":"IL","StreetClass":null,"TravelTimeSeconds":null,"StreetSurfaceType":null,"FunctionalClass":60,"TruckRouteClass":null,"SHAPE.STLength()":616.07910888725621}},{"type":"Feature","id":5047,"geometry":{"type":"LineString","coordinates":[[-87.664270833075278,40.381544288148305],[-87.664334831622568,40.382763079581174],[-87.664335308343126,40.382772150207231]]},"properties":{"OBJECTID":5047,"LeftFrom":"300","LeftTo":"302","RightFrom":"301","RightTo":"309","LeftCity":8,"RightCity":8,"LeftZip":"60963","RightZip":"60963","LabelName":"N Summit St","PrefixType":null,"PrefixDirection":"N","StreetName":"Summit","SuffixType":"St","SuffixDirection":null,"AltName1":null,"AltName2":null,"AltName3":null,"RoadMaintenance":null,"SpeedLimit":-1,"Oneway":null,"TruckRoute":"N","Sweeping":null,"EmergencySnowRoute":null,"RoadType":"CVS","LaneCount":null,"ObjectIDcopy":5223,"State":"IL","StreetClass":null,"TravelTimeSeconds":null,"StreetSurfaceType":null,"FunctionalClass":60,"TruckRouteClass":null,"SHAPE.STLength()":447.68973770261618}},{"type":"Feature","id":5048,"geometry":{"type":"LineString","coordinates":[[-87.664335308343126,40.382772150207231],[-87.662143790127175,40.382802119217814]]},"properties":{"OBJECTID":5048,"LeftFrom":"300","LeftTo":"316","RightFrom":"305","RightTo":"317","LeftCity":8,"RightCity":8,"LeftZip":"60963","RightZip":"60963","LabelName":"Green St","PrefixType":null,"PrefixDirection":null,"StreetName":"Green","SuffixType":"St","SuffixDirection":null,"AltName1":null,"AltName2":null,"AltName3":null,"RoadMaintenance":null,"SpeedLimit":-1,"Oneway":null,"TruckRoute":"N","Sweeping":null,"EmergencySnowRoute":null,"RoadType":"CVS","LaneCount":null,"ObjectIDcopy":5224,"State":"IL","StreetClass":null,"TravelTimeSeconds":null,"StreetSurfaceType":null,"FunctionalClass":60,"TruckRouteClass":null,"SHAPE.STLength()":610.6467851007435}},{"type":"Feature","id":5049,"geometry":{"type":"LineString","coordinates":[[-87.662081577838563,40.381616987847259],[-87.662143790127175,40.382802119217814]]},"properties":{"OBJECTID":5049,"LeftFrom":"307","LeftTo":"307","RightFrom":null,"RightTo":null,"LeftCity":8,"RightCity":8,"LeftZip":"60963","RightZip":"60963","LabelName":"N Grove St","PrefixType":null,"PrefixDirection":"N","StreetName":"Grove","SuffixType":"St","SuffixDirection":null,"AltName1":null,"AltName2":null,"AltName3":null,"RoadMaintenance":null,"SpeedLimit":-1,"Oneway":null,"TruckRoute":"N","Sweeping":null,"EmergencySnowRoute":null,"RoadType":"CVS","LaneCount":null,"ObjectIDcopy":5225,"State":"IL","StreetClass":null,"TravelTimeSeconds":null,"StreetSurfaceType":null,"FunctionalClass":60,"TruckRouteClass":null,"SHAPE.STLength()":432.10963930321947}},{"type":"Feature","id":5050,"geometry":{"type":"LineString","coordinates":[[-87.662143790127175,40.382802119217814],[-87.661018396468393,40.382817492672466]]},"properties":{"OBJECTID":5050,"LeftFrom":null,"LeftTo":null,"RightFrom":"399","RightTo":"411","LeftCity":8,"RightCity":8,"LeftZip":"60963","RightZip":"60963","LabelName":"Green St","PrefixType":null,"PrefixDirection":null,"StreetName":"Green","SuffixType":"St","SuffixDirection":null,"AltName1":null,"AltName2":null,"AltName3":null,"RoadMaintenance":null,"SpeedLimit":-1,"Oneway":null,"TruckRoute":"N","Sweeping":null,"EmergencySnowRoute":null,"RoadType":"CVS","LaneCount":null,"ObjectIDcopy":5226,"State":"IL","StreetClass":null,"TravelTimeSeconds":null,"StreetSurfaceType":null,"FunctionalClass":60,"TruckRouteClass":null,"SHAPE.STLength()":313.58064352508353}},{"type":"Feature","id":5051,"geometry":{"type":"LineString","coordinates":[[-87.671074282677765,40.38359513236383],[-87.669797847793191,40.383635070956004]]},"properties":{"OBJECTID":5051,"LeftFrom":null,"LeftTo":null,"RightFrom":null,"RightTo":null,"LeftCity":8,"RightCity":8,"LeftZip":"60963","RightZip":"60963","LabelName":"Henderson St","PrefixType":null,"PrefixDirection":null,"StreetName":"Henderson","SuffixType":"St","SuffixDirection":null,"AltName1":null,"AltName2":null,"AltName3":null,"RoadMaintenance":null,"SpeedLimit":-1,"Oneway":null,"TruckRoute":"N","Sweeping":null,"EmergencySnowRoute":null,"RoadType":"CVS","LaneCount":null,"ObjectIDcopy":5227,"State":"IL","StreetClass":null,"TravelTimeSeconds":null,"StreetSurfaceType":null,"FunctionalClass":60,"TruckRouteClass":null,"SHAPE.STLength()":355.90310655519465}},{"type":"Feature","id":5052,"geometry":{"type":"LineString","coordinates":[[-87.669797847793191,40.383635070956004],[-87.668182105162359,40.38368560093987]]},"properties":{"OBJECTID":5052,"LeftFrom":"102","LeftTo":"116","RightFrom":"105","RightTo":"115","LeftCity":8,"RightCity":8,"LeftZip":"60963","RightZip":"60963","LabelName":"Henderson St","PrefixType":null,"PrefixDirection":null,"StreetName":"Henderson","SuffixType":"St","SuffixDirection":null,"AltName1":null,"AltName2":null,"AltName3":null,"RoadMaintenance":null,"SpeedLimit":-1,"Oneway":null,"TruckRoute":"N","Sweeping":null,"EmergencySnowRoute":null,"RoadType":"CVS","LaneCount":null,"ObjectIDcopy":5228,"State":"IL","StreetClass":null,"TravelTimeSeconds":null,"StreetSurfaceType":null,"FunctionalClass":60,"TruckRouteClass":null,"SHAPE.STLength()":450.51029417517299}},{"type":"Feature","id":5053,"geometry":{"type":"LineString","coordinates":[[-87.66812932126156,40.38254938308075],[-87.668182105162359,40.38368560093987]]},"properties":{"OBJECTID":5053,"LeftFrom":"400","LeftTo":"412","RightFrom":"399","RightTo":"411","LeftCity":8,"RightCity":8,"LeftZip":"60963","RightZip":"60963","LabelName":"Harrison St","PrefixType":null,"PrefixDirection":null,"StreetName":"Harrison","SuffixType":"St","SuffixDirection":null,"AltName1":null,"AltName2":null,"AltName3":null,"RoadMaintenance":null,"SpeedLimit":-1,"Oneway":null,"TruckRoute":"N","Sweeping":null,"EmergencySnowRoute":null,"RoadType":"CVS","LaneCount":null,"ObjectIDcopy":5229,"State":"IL","StreetClass":null,"TravelTimeSeconds":null,"StreetSurfaceType":null,"FunctionalClass":60,"TruckRouteClass":null,"SHAPE.STLength()":414.20282633714714}},{"type":"Feature","id":5054,"geometry":{"type":"LineString","coordinates":[[-87.668182105162359,40.38368560093987],[-87.666563627395234,40.383736190731284]]},"properties":{"OBJECTID":5054,"LeftFrom":"202","LeftTo":"202","RightFrom":null,"RightTo":null,"LeftCity":8,"RightCity":8,"LeftZip":"60963","RightZip":"60963","LabelName":"Henderson St","PrefixType":null,"PrefixDirection":null,"StreetName":"Henderson","SuffixType":"St","SuffixDirection":null,"AltName1":null,"AltName2":null,"AltName3":null,"RoadMaintenance":null,"SpeedLimit":-1,"Oneway":null,"TruckRoute":"N","Sweeping":null,"EmergencySnowRoute":null,"RoadType":"CVS","LaneCount":null,"ObjectIDcopy":5230,"State":"IL","StreetClass":null,"TravelTimeSeconds":null,"StreetSurfaceType":null,"FunctionalClass":60,"TruckRouteClass":null,"SHAPE.STLength()":451.27228633610997}},{"type":"Feature","id":5055,"geometry":{"type":"LineString","coordinates":[[-87.666504099403184,40.382603407724716],[-87.666563627395234,40.383736190731284]]},"properties":{"OBJECTID":5055,"LeftFrom":"400","LeftTo":"412","RightFrom":"399","RightTo":"409","LeftCity":8,"RightCity":8,"LeftZip":"60963","RightZip":"60963","LabelName":"N Church St","PrefixType":null,"PrefixDirection":"N","StreetName":"Church","SuffixType":"St","SuffixDirection":null,"AltName1":null,"AltName2":null,"AltName3":null,"RoadMaintenance":null,"SpeedLimit":-1,"Oneway":null,"TruckRoute":"N","Sweeping":null,"EmergencySnowRoute":null,"RoadType":"CVS","LaneCount":null,"ObjectIDcopy":5231,"State":"IL","StreetClass":null,"TravelTimeSeconds":null,"StreetSurfaceType":null,"FunctionalClass":60,"TruckRouteClass":null,"SHAPE.STLength()":413.02350530222668}},{"type":"Feature","id":5056,"geometry":{"type":"LineString","coordinates":[[-87.666563627395234,40.383736190731284],[-87.664389503855702,40.383804121180049]]},"properties":{"OBJECTID":5056,"LeftFrom":"200","LeftTo":"218","RightFrom":"207","RightTo":"217","LeftCity":8,"RightCity":8,"LeftZip":"60963","RightZip":"60963","LabelName":"Henderson St","PrefixType":null,"PrefixDirection":null,"StreetName":"Henderson","SuffixType":"St","SuffixDirection":null,"AltName1":null,"AltName2":null,"AltName3":null,"RoadMaintenance":null,"SpeedLimit":-1,"Oneway":null,"TruckRoute":"N","Sweeping":null,"EmergencySnowRoute":null,"RoadType":"CVS","LaneCount":null,"ObjectIDcopy":5232,"State":"IL","StreetClass":null,"TravelTimeSeconds":null,"StreetSurfaceType":null,"FunctionalClass":60,"TruckRouteClass":null,"SHAPE.STLength()":606.19949167833352}},{"type":"Feature","id":5057,"geometry":{"type":"LineString","coordinates":[[-87.664335308343126,40.382772150207231],[-87.664389503855702,40.383804121180049]]},"properties":{"OBJECTID":5057,"LeftFrom":"400","LeftTo":"410","RightFrom":"407","RightTo":"407","LeftCity":8,"RightCity":8,"LeftZip":"60963","RightZip":"60963","LabelName":"N Summit St","PrefixType":null,"PrefixDirection":"N","StreetName":"Summit","SuffixType":"St","SuffixDirection":null,"AltName1":null,"AltName2":null,"AltName3":null,"RoadMaintenance":null,"SpeedLimit":-1,"Oneway":null,"TruckRoute":"N","Sweeping":null,"EmergencySnowRoute":null,"RoadType":"CVS","LaneCount":null,"ObjectIDcopy":5233,"State":"IL","StreetClass":null,"TravelTimeSeconds":null,"StreetSurfaceType":null,"FunctionalClass":60,"TruckRouteClass":null,"SHAPE.STLength()":376.26618919260233}},{"type":"Feature","id":5058,"geometry":{"type":"LineString","coordinates":[[-87.671615314111818,40.384711420485267],[-87.669850430438785,40.384766632592068]]},"properties":{"OBJECTID":5058,"LeftFrom":"100","LeftTo":"112","RightFrom":null,"RightTo":null,"LeftCity":8,"RightCity":8,"LeftZip":"60963","RightZip":"60963","LabelName":"York St","PrefixType":null,"PrefixDirection":null,"StreetName":"York","SuffixType":"St","SuffixDirection":null,"AltName1":null,"AltName2":null,"AltName3":null,"RoadMaintenance":null,"SpeedLimit":-1,"Oneway":null,"TruckRoute":"N","Sweeping":null,"EmergencySnowRoute":null,"RoadType":"CVS","LaneCount":null,"ObjectIDcopy":5234,"State":"IL","StreetClass":null,"TravelTimeSeconds":null,"StreetSurfaceType":null,"FunctionalClass":60,"TruckRouteClass":null,"SHAPE.STLength()":492.08695365898944}},{"type":"Feature","id":5059,"geometry":{"type":"LineString","coordinates":[[-87.669797847793191,40.383635070956004],[-87.669850430438785,40.384766632592068]]},"properties":{"OBJECTID":5059,"LeftFrom":"106","LeftTo":"106","RightFrom":"107","RightTo":"107","LeftCity":8,"RightCity":8,"LeftZip":"60963","RightZip":"60963","LabelName":"Smith Dr","PrefixType":null,"PrefixDirection":null,"StreetName":"Smith","SuffixType":"Dr","SuffixDirection":null,"AltName1":null,"AltName2":null,"AltName3":null,"RoadMaintenance":null,"SpeedLimit":-1,"Oneway":null,"TruckRoute":"N","Sweeping":null,"EmergencySnowRoute":null,"RoadType":"CVS","LaneCount":null,"ObjectIDcopy":5235,"State":"IL","StreetClass":null,"TravelTimeSeconds":null,"StreetSurfaceType":null,"FunctionalClass":60,"TruckRouteClass":null,"SHAPE.STLength()":412.50555868888267}},{"type":"Feature","id":5060,"geometry":{"type":"LineString","coordinates":[[-87.669850430438785,40.384766632592068],[-87.669875033929785,40.385296060127587]]},"properties":{"OBJECTID":5060,"LeftFrom":"110","LeftTo":"110","RightFrom":"111","RightTo":"111","LeftCity":8,"RightCity":8,"LeftZip":"60963","RightZip":"60963","LabelName":"Smith Dr","PrefixType":null,"PrefixDirection":null,"StreetName":"Smith","SuffixType":"Dr","SuffixDirection":null,"AltName1":null,"AltName2":null,"AltName3":null,"RoadMaintenance":null,"SpeedLimit":-1,"Oneway":null,"TruckRoute":"N","Sweeping":null,"EmergencySnowRoute":null,"RoadType":"CVS","LaneCount":null,"ObjectIDcopy":5241,"State":"IL","StreetClass":null,"TravelTimeSeconds":null,"StreetSurfaceType":null,"FunctionalClass":60,"TruckRouteClass":null,"SHAPE.STLength()":193.00039669264146}},{"type":"Feature","id":5073,"geometry":{"type":"LineString","coordinates":[[-87.688103518261897,40.397251927883381],[-87.684248344842459,40.397284097323059],[-87.682379271096224,40.39737002066969],[-87.677742597044926,40.397377010909906]]},"properties":{"OBJECTID":5073,"LeftFrom":"13801","LeftTo":"14499","RightFrom":"13800","RightTo":"14498","LeftCity":10,"RightCity":10,"LeftZip":"60942","RightZip":"60942","LabelName":"E 3680 North Rd","PrefixType":null,"PrefixDirection":"E","StreetName":"3680 North","SuffixType":"Rd","SuffixDirection":null,"AltName1":null,"AltName2":null,"AltName3":null,"RoadMaintenance":null,"SpeedLimit":-1,"Oneway":null,"TruckRoute":"N","Sweeping":null,"EmergencySnowRoute":null,"RoadType":"CVS","LaneCount":null,"ObjectIDcopy":5254,"State":"IL","StreetClass":null,"TravelTimeSeconds":null,"StreetSurfaceType":null,"FunctionalClass":60,"TruckRouteClass":null,"SHAPE.STLength()":2886.8951293165983}},{"type":"Feature","id":5085,"geometry":{"type":"LineString","coordinates":[[-87.668969549875172,40.379252021881349],[-87.669432822767206,40.380208038568028]]},"properties":{"OBJECTID":5085,"LeftFrom":"102","LeftTo":"112","RightFrom":"99","RightTo":"115","LeftCity":8,"RightCity":8,"LeftZip":"60963","RightZip":"60963","LabelName":"N Chicago St","PrefixType":null,"PrefixDirection":"N","StreetName":"Chicago","SuffixType":"St","SuffixDirection":null,"AltName1":"IL Route 1","AltName2":null,"AltName3":null,"RoadMaintenance":null,"SpeedLimit":-1,"Oneway":null,"TruckRoute":"N","Sweeping":null,"EmergencySnowRoute":null,"RoadType":"STP","LaneCount":null,"ObjectIDcopy":5272,"State":"IL","StreetClass":3,"TravelTimeSeconds":null,"StreetSurfaceType":null,"FunctionalClass":30,"TruckRouteClass":null,"SHAPE.STLength()":371.43835693744097}},{"type":"Feature","id":5086,"geometry":{"type":"LineString","coordinates":[[-87.669794872604896,40.380955150987923],[-87.670360316927244,40.382121946421513]]},"properties":{"OBJECTID":5086,"LeftFrom":"300","LeftTo":"312","RightFrom":null,"RightTo":null,"LeftCity":8,"RightCity":8,"LeftZip":"60963","RightZip":"60963","LabelName":"N Chicago St","PrefixType":null,"PrefixDirection":"N","StreetName":"Chicago","SuffixType":"St","SuffixDirection":null,"AltName1":"IL Route 1","AltName2":null,"AltName3":null,"RoadMaintenance":null,"SpeedLimit":-1,"Oneway":null,"TruckRoute":"N","Sweeping":null,"EmergencySnowRoute":null,"RoadType":"STP","LaneCount":null,"ObjectIDcopy":5273,"State":"IL","StreetClass":3,"TravelTimeSeconds":null,"StreetSurfaceType":null,"FunctionalClass":30,"TruckRouteClass":null,"SHAPE.STLength()":453.33320692027667}},{"type":"Feature","id":5087,"geometry":{"type":"LineString","coordinates":[[-87.670360316927244,40.382121946421513],[-87.671074282677765,40.38359513236383]]},"properties":{"OBJECTID":5087,"LeftFrom":"402","LeftTo":"414","RightFrom":"399","RightTo":"415","LeftCity":8,"RightCity":8,"LeftZip":"60963","RightZip":"60963","LabelName":"N Chicago St","PrefixType":null,"PrefixDirection":"N","StreetName":"Chicago","SuffixType":"St","SuffixDirection":null,"AltName1":"IL Route 1","AltName2":null,"AltName3":null,"RoadMaintenance":null,"SpeedLimit":-1,"Oneway":null,"TruckRoute":"N","Sweeping":null,"EmergencySnowRoute":null,"RoadType":"STP","LaneCount":null,"ObjectIDcopy":5274,"State":"IL","StreetClass":3,"TravelTimeSeconds":null,"StreetSurfaceType":null,"FunctionalClass":30,"TruckRouteClass":null,"SHAPE.STLength()":572.37728368892931}},{"type":"Feature","id":5088,"geometry":{"type":"LineString","coordinates":[[-87.671074282677765,40.38359513236383],[-87.671615314111818,40.384711420485267]]},"properties":{"OBJECTID":5088,"LeftFrom":"502","LeftTo":"512","RightFrom":"509","RightTo":"509","LeftCity":8,"RightCity":8,"LeftZip":"60963","RightZip":"60963","LabelName":"N Chicago St","PrefixType":null,"PrefixDirection":"N","StreetName":"Chicago","SuffixType":"St","SuffixDirection":null,"AltName1":"IL Route 1","AltName2":null,"AltName3":null,"RoadMaintenance":null,"SpeedLimit":-1,"Oneway":null,"TruckRoute":"N","Sweeping":null,"EmergencySnowRoute":null,"RoadType":"STP","LaneCount":null,"ObjectIDcopy":5275,"State":"IL","StreetClass":3,"TravelTimeSeconds":null,"StreetSurfaceType":null,"FunctionalClass":30,"TruckRouteClass":null,"SHAPE.STLength()":433.71392072443143}},{"type":"Feature","id":5089,"geometry":{"type":"LineString","coordinates":[[-87.664389503855702,40.383804121180049],[-87.662199972404949,40.383872487775257]]},"properties":{"OBJECTID":5089,"LeftFrom":"300","LeftTo":"322","RightFrom":"299","RightTo":"311","LeftCity":8,"RightCity":8,"LeftZip":"60963","RightZip":"60963","LabelName":"Henderson St","PrefixType":null,"PrefixDirection":null,"StreetName":"Henderson","SuffixType":"St","SuffixDirection":null,"AltName1":null,"AltName2":null,"AltName3":null,"RoadMaintenance":null,"SpeedLimit":-1,"Oneway":null,"TruckRoute":"N","Sweeping":null,"EmergencySnowRoute":null,"RoadType":"CVS","LaneCount":null,"ObjectIDcopy":5276,"State":"IL","StreetClass":null,"TravelTimeSeconds":null,"StreetSurfaceType":null,"FunctionalClass":60,"TruckRouteClass":null,"SHAPE.STLength()":610.49446966998437}},{"type":"Feature","id":5090,"geometry":{"type":"LineString","coordinates":[[-87.662143790127175,40.382802119217814],[-87.662199972404949,40.383872487775257]]},"properties":{"OBJECTID":5090,"LeftFrom":"405","LeftTo":"405","RightFrom":"402","RightTo":"402","LeftCity":8,"RightCity":8,"LeftZip":"60963","RightZip":"60963","LabelName":"N Grove St","PrefixType":null,"PrefixDirection":"N","StreetName":"Grove","SuffixType":"St","SuffixDirection":null,"AltName1":null,"AltName2":null,"AltName3":null,"RoadMaintenance":null,"SpeedLimit":-1,"Oneway":null,"TruckRoute":"N","Sweeping":null,"EmergencySnowRoute":null,"RoadType":"CVS","LaneCount":null,"ObjectIDcopy":5277,"State":"IL","StreetClass":null,"TravelTimeSeconds":null,"StreetSurfaceType":null,"FunctionalClass":60,"TruckRouteClass":null,"SHAPE.STLength()":390.26607680707792}},{"type":"Feature","id":5091,"geometry":{"type":"LineString","coordinates":[[-87.662022205283549,40.380485621599981],[-87.659816074480972,40.380558839741752]]},"properties":{"OBJECTID":5091,"LeftFrom":"400","LeftTo":"418","RightFrom":"399","RightTo":"419","LeftCity":8,"RightCity":8,"LeftZip":"60963","RightZip":"60963","LabelName":"Holmes St","PrefixType":null,"PrefixDirection":null,"StreetName":"Holmes","SuffixType":"St","SuffixDirection":null,"AltName1":null,"AltName2":null,"AltName3":null,"RoadMaintenance":null,"SpeedLimit":-1,"Oneway":null,"TruckRoute":"N","Sweeping":null,"EmergencySnowRoute":null,"RoadType":"CVS","LaneCount":null,"ObjectIDcopy":5278,"State":"IL","StreetClass":null,"TravelTimeSeconds":null,"StreetSurfaceType":null,"FunctionalClass":60,"TruckRouteClass":null,"SHAPE.STLength()":615.21948539545099}},{"type":"Feature","id":5092,"geometry":{"type":"LineString","coordinates":[[-87.659750099831527,40.379301212113994],[-87.659816074480972,40.380558839741752]]},"properties":{"OBJECTID":5092,"LeftFrom":null,"LeftTo":null,"RightFrom":null,"RightTo":null,"LeftCity":8,"RightCity":8,"LeftZip":"60963","RightZip":"60963","LabelName":"Goodwine St","PrefixType":null,"PrefixDirection":null,"StreetName":"Goodwine","SuffixType":"St","SuffixDirection":null,"AltName1":null,"AltName2":null,"AltName3":null,"RoadMaintenance":null,"SpeedLimit":-1,"Oneway":null,"TruckRoute":"N","Sweeping":null,"EmergencySnowRoute":null,"RoadType":"CVS","LaneCount":null,"ObjectIDcopy":5279,"State":"IL","StreetClass":null,"TravelTimeSeconds":null,"StreetSurfaceType":null,"FunctionalClass":60,"TruckRouteClass":null,"SHAPE.STLength()":458.54192102303409}},{"type":"Feature","id":5093,"geometry":{"type":"LineString","coordinates":[[-87.662081577838563,40.381616987847259],[-87.660986967962515,40.381653395197823],[-87.658740768326524,40.381716850597392]]},"properties":{"OBJECTID":5093,"LeftFrom":"400","LeftTo":"422","RightFrom":"399","RightTo":"421","LeftCity":8,"RightCity":8,"LeftZip":"60963","RightZip":"60963","LabelName":"Benton St","PrefixType":null,"PrefixDirection":null,"StreetName":"Benton","SuffixType":"St","SuffixDirection":null,"AltName1":null,"AltName2":null,"AltName3":null,"RoadMaintenance":null,"SpeedLimit":-1,"Oneway":null,"TruckRoute":"N","Sweeping":null,"EmergencySnowRoute":null,"RoadType":"CVS","LaneCount":null,"ObjectIDcopy":5280,"State":"IL","StreetClass":null,"TravelTimeSeconds":null,"StreetSurfaceType":null,"FunctionalClass":60,"TruckRouteClass":null,"SHAPE.STLength()":931.4685052878342}},{"type":"Feature","id":5094,"geometry":{"type":"LineString","coordinates":[[-87.658740768326524,40.381716850597392],[-87.656983980714742,40.381766449046012]]},"properties":{"OBJECTID":5094,"LeftFrom":null,"LeftTo":null,"RightFrom":null,"RightTo":null,"LeftCity":8,"RightCity":8,"LeftZip":"60963","RightZip":"60963","LabelName":"Benton St","PrefixType":null,"PrefixDirection":null,"StreetName":"Benton","SuffixType":"St","SuffixDirection":null,"AltName1":null,"AltName2":null,"AltName3":null,"RoadMaintenance":null,"SpeedLimit":-1,"Oneway":null,"TruckRoute":"N","Sweeping":null,"EmergencySnowRoute":null,"RoadType":"CVS","LaneCount":null,"ObjectIDcopy":5281,"State":"IL","StreetClass":null,"TravelTimeSeconds":null,"StreetSurfaceType":null,"FunctionalClass":60,"TruckRouteClass":null,"SHAPE.STLength()":489.77608947609485}},{"type":"Feature","id":5149,"geometry":{"type":"LineString","coordinates":[[-87.67300401496793,40.387578991052365],[-87.676023509729717,40.393822808321417]]},"properties":{"OBJECTID":5149,"LeftFrom":"36000","LeftTo":"36498","RightFrom":"36001","RightTo":"36499","LeftCity":8,"RightCity":8,"LeftZip":"60963","RightZip":"60963","LabelName":"IL Route 1","PrefixType":null,"PrefixDirection":null,"StreetName":"IL Route 1","SuffixType":null,"SuffixDirection":null,"AltName1":null,"AltName2":null,"AltName3":null,"RoadMaintenance":null,"SpeedLimit":55,"Oneway":null,"TruckRoute":"N","Sweeping":null,"EmergencySnowRoute":null,"RoadType":"STP","LaneCount":null,"ObjectIDcopy":5336,"State":"IL","StreetClass":3,"TravelTimeSeconds":null,"StreetSurfaceType":null,"FunctionalClass":30,"TruckRouteClass":null,"SHAPE.STLength()":2425.2498338195542}},{"type":"Feature","id":5150,"geometry":{"type":"LineString","coordinates":[[-87.676023509729717,40.393822808321417],[-87.677742597044926,40.397377010909906]]},"properties":{"OBJECTID":5150,"LeftFrom":"36500","LeftTo":"36748","RightFrom":"36501","RightTo":"36749","LeftCity":8,"RightCity":8,"LeftZip":"60963","RightZip":"60963","LabelName":"IL Route 1","PrefixType":null,"PrefixDirection":null,"StreetName":"IL Route 1","SuffixType":null,"SuffixDirection":null,"AltName1":null,"AltName2":null,"AltName3":null,"RoadMaintenance":null,"SpeedLimit":55,"Oneway":null,"TruckRoute":"N","Sweeping":null,"EmergencySnowRoute":null,"RoadType":"STP","LaneCount":null,"ObjectIDcopy":5337,"State":"IL","StreetClass":3,"TravelTimeSeconds":null,"StreetSurfaceType":null,"FunctionalClass":30,"TruckRouteClass":null,"SHAPE.STLength()":1380.5543680752085}},{"type":"Feature","id":5151,"geometry":{"type":"LineString","coordinates":[[-87.669850430438785,40.384766632592068],[-87.668234700905842,40.384817155211046]]},"properties":{"OBJECTID":5151,"LeftFrom":"196","LeftTo":"210","RightFrom":null,"RightTo":null,"LeftCity":8,"RightCity":8,"LeftZip":"60963","RightZip":"60963","LabelName":"York St","PrefixType":null,"PrefixDirection":null,"StreetName":"York","SuffixType":"St","SuffixDirection":null,"AltName1":null,"AltName2":null,"AltName3":null,"RoadMaintenance":null,"SpeedLimit":-1,"Oneway":null,"TruckRoute":"N","Sweeping":null,"EmergencySnowRoute":null,"RoadType":"CVS","LaneCount":null,"ObjectIDcopy":5338,"State":"IL","StreetClass":null,"TravelTimeSeconds":null,"StreetSurfaceType":null,"FunctionalClass":60,"TruckRouteClass":null,"SHAPE.STLength()":450.49900958707792}},{"type":"Feature","id":5982,"geometry":{"type":"LineString","coordinates":[[-87.669624258662978,40.37796395798388],[-87.671756184784826,40.377896316709418]]},"properties":{"OBJECTID":5982,"LeftFrom":"199","LeftTo":"217","RightFrom":"200","RightTo":"218","LeftCity":8,"RightCity":8,"LeftZip":"60963","RightZip":"60963","LabelName":"Park Pl","PrefixType":null,"PrefixDirection":null,"StreetName":"Park","SuffixType":"Pl","SuffixDirection":null,"AltName1":null,"AltName2":null,"AltName3":null,"RoadMaintenance":null,"SpeedLimit":-1,"Oneway":null,"TruckRoute":"N","Sweeping":null,"EmergencySnowRoute":null,"RoadType":"CVS","LaneCount":null,"ObjectIDcopy":6272,"State":"IL","StreetClass":null,"TravelTimeSeconds":null,"StreetSurfaceType":null,"FunctionalClass":60,"TruckRouteClass":null,"SHAPE.STLength()":594.50011553310685}},{"type":"Feature","id":5983,"geometry":{"type":"LineString","coordinates":[[-87.669577298584429,40.377013543440881],[-87.67170920177368,40.376945909127521]]},"properties":{"OBJECTID":5983,"LeftFrom":"201","LeftTo":"219","RightFrom":"200","RightTo":"218","LeftCity":8,"RightCity":8,"LeftZip":"60963","RightZip":"60963","LabelName":"Perry St","PrefixType":null,"PrefixDirection":null,"StreetName":"Perry","SuffixType":"St","SuffixDirection":null,"AltName1":null,"AltName2":null,"AltName3":null,"RoadMaintenance":null,"SpeedLimit":-1,"Oneway":null,"TruckRoute":"N","Sweeping":null,"EmergencySnowRoute":null,"RoadType":"CVS","LaneCount":null,"ObjectIDcopy":6273,"State":"IL","StreetClass":null,"TravelTimeSeconds":null,"StreetSurfaceType":null,"FunctionalClass":60,"TruckRouteClass":null,"SHAPE.STLength()":594.50196929386618}},{"type":"Feature","id":5984,"geometry":{"type":"LineString","coordinates":[[-87.67170920177368,40.376945909127521],[-87.671756184784826,40.377896316709418]]},"properties":{"OBJECTID":5984,"LeftFrom":null,"LeftTo":null,"RightFrom":null,"RightTo":null,"LeftCity":8,"RightCity":8,"LeftZip":"60963","RightZip":"60963","LabelName":"Abner St","PrefixType":null,"PrefixDirection":null,"StreetName":"Abner","SuffixType":"St","SuffixDirection":null,"AltName1":null,"AltName2":null,"AltName3":null,"RoadMaintenance":null,"SpeedLimit":-1,"Oneway":null,"TruckRoute":"N","Sweeping":null,"EmergencySnowRoute":null,"RoadType":"CVS","LaneCount":null,"ObjectIDcopy":6274,"State":"IL","StreetClass":null,"TravelTimeSeconds":null,"StreetSurfaceType":null,"FunctionalClass":60,"TruckRouteClass":null,"SHAPE.STLength()":346.49502639302142}},{"type":"Feature","id":5985,"geometry":{"type":"LineString","coordinates":[[-87.69566966149236,40.397188411960357],[-87.688103518261897,40.397251927883381]]},"properties":{"OBJECTID":5985,"LeftFrom":"13501","LeftTo":"13799","RightFrom":"13500","RightTo":"13798","LeftCity":10,"RightCity":10,"LeftZip":"60942","RightZip":"60942","LabelName":"E 3680 North Rd","PrefixType":null,"PrefixDirection":"E","StreetName":"3680 North","SuffixType":"Rd","SuffixDirection":null,"AltName1":null,"AltName2":null,"AltName3":null,"RoadMaintenance":null,"SpeedLimit":-1,"Oneway":null,"TruckRoute":"N","Sweeping":null,"EmergencySnowRoute":null,"RoadType":"CVS","LaneCount":null,"ObjectIDcopy":6275,"State":"IL","StreetClass":null,"TravelTimeSeconds":null,"StreetSurfaceType":null,"FunctionalClass":60,"TruckRouteClass":null,"SHAPE.STLength()":2107.5705962757957}},{"type":"Feature","id":5986,"geometry":{"type":"LineString","coordinates":[[-87.69566966149236,40.397188411960357],[-87.695838460318726,40.40065401514974]]},"properties":{"OBJECTID":5986,"LeftFrom":"36000","LeftTo":"36998","RightFrom":"36801","RightTo":"36999","LeftCity":8,"RightCity":8,"LeftZip":"60963","RightZip":"60963","LabelName":"N 1350 East Rd","PrefixType":null,"PrefixDirection":"N","StreetName":"1350 East","SuffixType":"Rd","SuffixDirection":null,"AltName1":null,"AltName2":null,"AltName3":null,"RoadMaintenance":null,"SpeedLimit":-1,"Oneway":null,"TruckRoute":"N","Sweeping":null,"EmergencySnowRoute":null,"RoadType":"CVS","LaneCount":null,"ObjectIDcopy":6276,"State":"IL","StreetClass":null,"TravelTimeSeconds":null,"StreetSurfaceType":null,"FunctionalClass":60,"TruckRouteClass":null,"SHAPE.STLength()":1263.447218936594}},{"type":"Feature","id":6015,"geometry":{"type":"LineString","coordinates":[[-87.668182105162359,40.38368560093987],[-87.668234700905842,40.384817155211046]]},"properties":{"OBJECTID":6015,"LeftFrom":"500","LeftTo":"512","RightFrom":null,"RightTo":null,"LeftCity":8,"RightCity":8,"LeftZip":"60963","RightZip":"60963","LabelName":"Harrison St","PrefixType":null,"PrefixDirection":null,"StreetName":"Harrison","SuffixType":"St","SuffixDirection":null,"AltName1":null,"AltName2":null,"AltName3":null,"RoadMaintenance":null,"SpeedLimit":-1,"Oneway":null,"TruckRoute":"N","Sweeping":null,"EmergencySnowRoute":null,"RoadType":"CVS","LaneCount":null,"ObjectIDcopy":6311,"State":"IL","StreetClass":null,"TravelTimeSeconds":null,"StreetSurfaceType":null,"FunctionalClass":60,"TruckRouteClass":null,"SHAPE.STLength()":412.50308859183036}},{"type":"Feature","id":6016,"geometry":{"type":"LineString","coordinates":[[-87.667644332081622,40.380302113518653],[-87.668103673754644,40.381416905369967]]},"properties":{"OBJECTID":6016,"LeftFrom":"204","LeftTo":"220","RightFrom":"205","RightTo":"221","LeftCity":8,"RightCity":8,"LeftZip":"60963","RightZip":"60963","LabelName":"Harrison St","PrefixType":null,"PrefixDirection":null,"StreetName":"Harrison","SuffixType":"St","SuffixDirection":null,"AltName1":null,"AltName2":null,"AltName3":null,"RoadMaintenance":null,"SpeedLimit":-1,"Oneway":null,"TruckRoute":"N","Sweeping":null,"EmergencySnowRoute":null,"RoadType":"CVS","LaneCount":null,"ObjectIDcopy":6312,"State":"IL","StreetClass":null,"TravelTimeSeconds":null,"StreetSurfaceType":null,"FunctionalClass":60,"TruckRouteClass":null,"SHAPE.STLength()":425.82122511013699}},{"type":"Feature","id":6017,"geometry":{"type":"LineString","coordinates":[[-87.668103673754644,40.381416905369967],[-87.668076753531707,40.381417800573722],[-87.666444649664214,40.381472060437204]]},"properties":{"OBJECTID":6017,"LeftFrom":"103","LeftTo":"115","RightFrom":"110","RightTo":"110","LeftCity":8,"RightCity":8,"LeftZip":"60963","RightZip":"60963","LabelName":"Benton St","PrefixType":null,"PrefixDirection":null,"StreetName":"Benton","SuffixType":"St","SuffixDirection":null,"AltName1":null,"AltName2":null,"AltName3":null,"RoadMaintenance":null,"SpeedLimit":-1,"Oneway":null,"TruckRoute":"N","Sweeping":null,"EmergencySnowRoute":null,"RoadType":"CVS","LaneCount":null,"ObjectIDcopy":6313,"State":"IL","StreetClass":null,"TravelTimeSeconds":null,"StreetSurfaceType":null,"FunctionalClass":60,"TruckRouteClass":null,"SHAPE.STLength()":462.64372957692404}},{"type":"Feature","id":6018,"geometry":{"type":"LineString","coordinates":[[-87.668076753531707,40.381417800573722],[-87.668076754452358,40.381417826695625],[-87.66812932126156,40.38254938308075]]},"properties":{"OBJECTID":6018,"LeftFrom":null,"LeftTo":null,"RightFrom":"299","RightTo":"311","LeftCity":8,"RightCity":8,"LeftZip":"60963","RightZip":"60963","LabelName":"Harrison St","PrefixType":null,"PrefixDirection":null,"StreetName":"Harrison","SuffixType":"St","SuffixDirection":null,"AltName1":null,"AltName2":null,"AltName3":null,"RoadMaintenance":null,"SpeedLimit":-1,"Oneway":null,"TruckRoute":"N","Sweeping":null,"EmergencySnowRoute":null,"RoadType":"CVS","LaneCount":null,"ObjectIDcopy":6314,"State":"IL","StreetClass":null,"TravelTimeSeconds":null,"StreetSurfaceType":null,"FunctionalClass":60,"TruckRouteClass":null,"SHAPE.STLength()":412.5129536513889}},{"type":"Feature","id":6019,"geometry":{"type":"LineString","coordinates":[[-87.658681548373735,40.380676243418897],[-87.658740768326524,40.381716850597392]]},"properties":{"OBJECTID":6019,"LeftFrom":null,"LeftTo":null,"RightFrom":null,"RightTo":null,"LeftCity":8,"RightCity":8,"LeftZip":"60963","RightZip":"60963","LabelName":"Green St","PrefixType":null,"PrefixDirection":null,"StreetName":"Green","SuffixType":"St","SuffixDirection":null,"AltName1":null,"AltName2":null,"AltName3":null,"RoadMaintenance":null,"SpeedLimit":-1,"Oneway":null,"TruckRoute":"N","Sweeping":null,"EmergencySnowRoute":null,"RoadType":"CVS","LaneCount":null,"ObjectIDcopy":6315,"State":"IL","StreetClass":null,"TravelTimeSeconds":null,"StreetSurfaceType":null,"FunctionalClass":60,"TruckRouteClass":null,"SHAPE.STLength()":379.46840369702426}},{"type":"Feature","id":6020,"geometry":{"type":"LineString","coordinates":[[-87.669794872604896,40.380955150987923],[-87.668181278444493,40.381414329449605],[-87.668103673754644,40.381416905369967]]},"properties":{"OBJECTID":6020,"LeftFrom":null,"LeftTo":null,"RightFrom":null,"RightTo":null,"LeftCity":8,"RightCity":8,"LeftZip":"60963","RightZip":"60963","LabelName":"Benton St","PrefixType":null,"PrefixDirection":null,"StreetName":"Benton","SuffixType":"St","SuffixDirection":null,"AltName1":null,"AltName2":null,"AltName3":null,"RoadMaintenance":null,"SpeedLimit":-1,"Oneway":null,"TruckRoute":"N","Sweeping":null,"EmergencySnowRoute":null,"RoadType":"CVS","LaneCount":null,"ObjectIDcopy":6316,"State":"IL","StreetClass":null,"TravelTimeSeconds":null,"StreetSurfaceType":null,"FunctionalClass":60,"TruckRouteClass":null,"SHAPE.STLength()":501.30924150658018}},{"type":"Feature","id":6021,"geometry":{"type":"LineString","coordinates":[[-87.668364742758484,40.378003901582623],[-87.666266148897307,40.378074974091732]]},"properties":{"OBJECTID":6021,"LeftFrom":"100","LeftTo":"116","RightFrom":"99","RightTo":"115","LeftCity":8,"RightCity":8,"LeftZip":"60963","RightZip":"60963","LabelName":"Maple St","PrefixType":null,"PrefixDirection":null,"StreetName":"Maple","SuffixType":"St","SuffixDirection":null,"AltName1":null,"AltName2":null,"AltName3":null,"RoadMaintenance":null,"SpeedLimit":-1,"Oneway":null,"TruckRoute":"N","Sweeping":null,"EmergencySnowRoute":null,"RoadType":"CVS","LaneCount":null,"ObjectIDcopy":6317,"State":"IL","StreetClass":null,"TravelTimeSeconds":null,"StreetSurfaceType":null,"FunctionalClass":60,"TruckRouteClass":null,"SHAPE.STLength()":585.27457513306672}},{"type":"Feature","id":6022,"geometry":{"type":"LineString","coordinates":[[-87.667199397439475,40.37922228456722],[-87.667644332081622,40.380302113518653]]},"properties":{"OBJECTID":6022,"LeftFrom":"200","LeftTo":"202","RightFrom":null,"RightTo":null,"LeftCity":8,"RightCity":8,"LeftZip":"60963","RightZip":"60963","LabelName":"Harrison St","PrefixType":null,"PrefixDirection":null,"StreetName":"Harrison","SuffixType":"St","SuffixDirection":null,"AltName1":null,"AltName2":null,"AltName3":null,"RoadMaintenance":null,"SpeedLimit":-1,"Oneway":null,"TruckRoute":"N","Sweeping":null,"EmergencySnowRoute":null,"RoadType":"CVS","LaneCount":null,"ObjectIDcopy":6318,"State":"IL","StreetClass":null,"TravelTimeSeconds":null,"StreetSurfaceType":null,"FunctionalClass":60,"TruckRouteClass":null,"SHAPE.STLength()":412.46680128160261}},{"type":"Feature","id":6023,"geometry":{"type":"LineString","coordinates":[[-87.667456641075475,40.375771226553837],[-87.666147262708435,40.375812271081635]]},"properties":{"OBJECTID":6023,"LeftFrom":"100","LeftTo":"110","RightFrom":null,"RightTo":null,"LeftCity":8,"RightCity":8,"LeftZip":"60963","RightZip":"60963","LabelName":"Stewart St","PrefixType":null,"PrefixDirection":null,"StreetName":"Stewart","SuffixType":"St","SuffixDirection":null,"AltName1":null,"AltName2":null,"AltName3":null,"RoadMaintenance":null,"SpeedLimit":-1,"Oneway":null,"TruckRoute":"N","Sweeping":null,"EmergencySnowRoute":null,"RoadType":"CVS","LaneCount":null,"ObjectIDcopy":6319,"State":"IL","StreetClass":null,"TravelTimeSeconds":null,"StreetSurfaceType":null,"FunctionalClass":60,"TruckRouteClass":null,"SHAPE.STLength()":365.13204437014946}},{"type":"Feature","id":6605,"geometry":{"type":"LineString","coordinates":[[-87.661704757921527,40.371448889380694],[-87.661726845196299,40.371378636853137],[-87.661741582467883,40.37132374639333],[-87.661751379290365,40.371267762716954],[-87.661756158011116,40.371211129567833],[-87.661755880752523,40.371154295837712],[-87.661742023697101,40.370880021923739]]},"properties":{"OBJECTID":6605,"LeftFrom":null,"LeftTo":null,"RightFrom":null,"RightTo":null,"LeftCity":8,"RightCity":8,"LeftZip":"60963","RightZip":"60963","LabelName":"S Grove St","PrefixType":null,"PrefixDirection":"S","StreetName":"Grove","SuffixType":"St","SuffixDirection":null,"AltName1":null,"AltName2":null,"AltName3":null,"RoadMaintenance":null,"SpeedLimit":-1,"Oneway":null,"TruckRoute":"N","Sweeping":null,"EmergencySnowRoute":null,"RoadType":"CVS","LaneCount":null,"ObjectIDcopy":6934,"State":"IL","StreetClass":null,"TravelTimeSeconds":null,"StreetSurfaceType":null,"FunctionalClass":60,"TruckRouteClass":null,"SHAPE.STLength()":208.68042561176469}},{"type":"Feature","id":6606,"geometry":{"type":"LineString","coordinates":[[-87.661590950083792,40.372562351518404],[-87.661562493042808,40.372019947676527],[-87.661560535043662,40.371972846703194],[-87.661563455768373,40.371925795615894],[-87.661571223931745,40.371879298399982],[-87.66158375632547,40.371833853108072],[-87.661704757921527,40.371448889380694]]},"properties":{"OBJECTID":6606,"LeftFrom":null,"LeftTo":null,"RightFrom":null,"RightTo":null,"LeftCity":8,"RightCity":8,"LeftZip":"60963","RightZip":"60963","LabelName":"S Grove St","PrefixType":null,"PrefixDirection":"S","StreetName":"Grove","SuffixType":"St","SuffixDirection":null,"AltName1":null,"AltName2":null,"AltName3":null,"RoadMaintenance":null,"SpeedLimit":-1,"Oneway":null,"TruckRoute":"N","Sweeping":null,"EmergencySnowRoute":null,"RoadType":"CVS","LaneCount":null,"ObjectIDcopy":6935,"State":"IL","StreetClass":null,"TravelTimeSeconds":null,"StreetSurfaceType":null,"FunctionalClass":60,"TruckRouteClass":null,"SHAPE.STLength()":410.32131526534386}},{"type":"Feature","id":6607,"geometry":{"type":"LineString","coordinates":[[-87.66782637269597,40.376892858367249],[-87.667760590003027,40.37675709830873],[-87.667698613999704,40.376622741314875],[-87.667642660116897,40.376485766901993],[-87.667592838552963,40.376346444834283],[-87.667549247428965,40.376205049499518],[-87.66751197259542,40.376061859368676],[-87.667481087463216,40.375917156447514],[-87.667456652859087,40.375771225721117]]},"properties":{"OBJECTID":6607,"LeftFrom":null,"LeftTo":null,"RightFrom":"306","RightTo":"316","LeftCity":8,"RightCity":8,"LeftZip":"60963","RightZip":"60963","LabelName":"S Chicago St","PrefixType":null,"PrefixDirection":"S","StreetName":"Chicago","SuffixType":"St","SuffixDirection":null,"AltName1":"IL Route 1","AltName2":null,"AltName3":null,"RoadMaintenance":null,"SpeedLimit":-1,"Oneway":null,"TruckRoute":"N","Sweeping":null,"EmergencySnowRoute":null,"RoadType":"STP","LaneCount":null,"ObjectIDcopy":6936,"State":"IL","StreetClass":3,"TravelTimeSeconds":null,"StreetSurfaceType":null,"FunctionalClass":30,"TruckRouteClass":null,"SHAPE.STLength()":422.67362794528441}},{"type":"Feature","id":6608,"geometry":{"type":"LineString","coordinates":[[-87.668035576717003,40.377324580541668],[-87.668473464520446,40.377171158246469],[-87.66860437040711,40.377129484467048],[-87.668737219458436,40.377094496117351],[-87.668871670483895,40.377066283056458],[-87.669007378178677,40.377044917742758],[-87.669143994010525,40.377030455047894],[-87.669281167114832,40.377022932115764],[-87.669577298584429,40.377013543440881]]},"properties":{"OBJECTID":6608,"LeftFrom":"100","LeftTo":"112","RightFrom":"109","RightTo":"109","LeftCity":8,"RightCity":8,"LeftZip":"60963","RightZip":"60963","LabelName":"Perry St","PrefixType":null,"PrefixDirection":null,"StreetName":"Perry","SuffixType":"St","SuffixDirection":null,"AltName1":null,"AltName2":null,"AltName3":null,"RoadMaintenance":null,"SpeedLimit":-1,"Oneway":null,"TruckRoute":"N","Sweeping":null,"EmergencySnowRoute":null,"RoadType":"CVS","LaneCount":null,"ObjectIDcopy":6937,"State":"IL","StreetClass":null,"TravelTimeSeconds":null,"StreetSurfaceType":null,"FunctionalClass":60,"TruckRouteClass":null,"SHAPE.STLength()":449.62580478268626}},{"type":"Feature","id":6610,"geometry":{"type":"LineString","coordinates":[[-87.688563532889063,40.39398984536566],[-87.68851703655632,40.395390333554516],[-87.688510273266928,40.395455943629443],[-87.688497191800835,40.395520591129475],[-87.688477914979259,40.395583669082562],[-87.688452623791292,40.395644585253045],[-87.688421555694589,40.395702767702133],[-87.6883850023859,40.395757670157813],[-87.688343307062368,40.395808777143749],[-87.688296861199248,40.395855608819076],[-87.688249322831609,40.395903043193499],[-87.688206506843073,40.395954780099103],[-87.688168800698378,40.396010351341019],[-87.688136545620551,40.396069254025413],[-87.688110033502994,40.396130955110479],[-87.688089504268021,40.396194896230163],[-87.688075143695613,40.396260498747154],[-87.688067081742261,40.396327168989266],[-87.688065391364887,40.396394303621904],[-87.688103518261897,40.397251927883381]]},"properties":{"OBJECTID":6610,"LeftFrom":"36500","LeftTo":"36998","RightFrom":"36501","RightTo":"36999","LeftCity":10,"RightCity":10,"LeftZip":"60942","RightZip":"60942","LabelName":"N 1394 East Rd","PrefixType":null,"PrefixDirection":"N","StreetName":"1394 East","SuffixType":"Rd","SuffixDirection":null,"AltName1":null,"AltName2":null,"AltName3":null,"RoadMaintenance":null,"SpeedLimit":-1,"Oneway":null,"TruckRoute":"N","Sweeping":null,"EmergencySnowRoute":null,"RoadType":"CVS","LaneCount":null,"ObjectIDcopy":6940,"State":"IL","StreetClass":null,"TravelTimeSeconds":null,"StreetSurfaceType":null,"FunctionalClass":60,"TruckRouteClass":null,"SHAPE.STLength()":1217.1746260307227}},{"type":"Feature","id":6611,"geometry":{"type":"LineString","coordinates":[[-87.677742597044926,40.397377010909906],[-87.679423650139611,40.400852215289333],[-87.679848039759705,40.401766182791356],[-87.680162488767664,40.402473080888221],[-87.68230489689428,40.408016305402448],[-87.682446264377162,40.408382095804463],[-87.682651891123129,40.409014879069751],[-87.682851283187745,40.409649654482045],[-87.683044421275767,40.410286360613973],[-87.683231286697193,40.410924935851327],[-87.683411861369009,40.411565318399013]]},"properties":{"OBJECTID":6611,"LeftFrom":"36750","LeftTo":"37748","RightFrom":"36751","RightTo":"37749","LeftCity":10,"RightCity":10,"LeftZip":"60942","RightZip":"60942","LabelName":"IL Route 1","PrefixType":null,"PrefixDirection":null,"StreetName":"IL Route 1","SuffixType":null,"SuffixDirection":null,"AltName1":null,"AltName2":null,"AltName3":null,"RoadMaintenance":null,"SpeedLimit":55,"Oneway":null,"TruckRoute":"N","Sweeping":null,"EmergencySnowRoute":null,"RoadType":"STP","LaneCount":null,"ObjectIDcopy":6942,"State":"IL","StreetClass":3,"TravelTimeSeconds":null,"StreetSurfaceType":null,"FunctionalClass":30,"TruckRouteClass":null,"SHAPE.STLength()":5410.5120093934274}},{"type":"Feature","id":6918,"geometry":{"type":"LineString","coordinates":[[-87.676023497916788,40.393822811856538],[-87.667412672158306,40.393693170554052],[-87.6490525168863,40.393970845937552],[-87.648839629747641,40.393970839137161],[-87.648626840634805,40.393964379469175],[-87.648414345097081,40.393951472869908],[-87.648202338414009,40.393932131200302],[-87.648144277469456,40.393925940662264],[-87.647736738388517,40.393882460796178],[-87.647537566974989,40.393863640169037],[-87.647337995760438,40.393849683152872],[-87.647138143492697,40.393840598052307],[-87.646938129086806,40.393836390273115],[-87.646738071554253,40.39383706231898],[-87.638857658293745,40.394022245087115]]},"properties":{"OBJECTID":6918,"LeftFrom":"14501","LeftTo":"16499","RightFrom":"14500","RightTo":"16498","LeftCity":8,"RightCity":8,"LeftZip":"60963","RightZip":"60963","LabelName":"E 3650 North Rd","PrefixType":null,"PrefixDirection":"E","StreetName":"3650 North","SuffixType":"Rd","SuffixDirection":null,"AltName1":null,"AltName2":null,"AltName3":null,"RoadMaintenance":null,"SpeedLimit":-1,"Oneway":null,"TruckRoute":"N","Sweeping":null,"EmergencySnowRoute":null,"RoadType":"CVS","LaneCount":null,"ObjectIDcopy":7263,"State":"IL","StreetClass":null,"TravelTimeSeconds":null,"StreetSurfaceType":null,"FunctionalClass":60,"TruckRouteClass":null,"SHAPE.STLength()":10357.769725433016}},{"type":"Feature","id":8137,"geometry":{"type":"LineString","coordinates":[[-87.664389503855702,40.383804121180049],[-87.664419097600472,40.384367615877196]]},"properties":{"OBJECTID":8137,"LeftFrom":null,"LeftTo":null,"RightFrom":null,"RightTo":null,"LeftCity":8,"RightCity":8,"LeftZip":"60963","RightZip":"60963","LabelName":"N Summit St","PrefixType":null,"PrefixDirection":"N","StreetName":"Summit","SuffixType":"St","SuffixDirection":null,"AltName1":null,"AltName2":null,"AltName3":null,"RoadMaintenance":null,"SpeedLimit":-1,"Oneway":null,"TruckRoute":"N","Sweeping":null,"EmergencySnowRoute":null,"RoadType":"CVS","LaneCount":null,"ObjectIDcopy":11846,"State":"IL","StreetClass":null,"TravelTimeSeconds":null,"StreetSurfaceType":null,"FunctionalClass":60,"TruckRouteClass":null,"SHAPE.STLength()":205.45542764964441}},{"type":"Feature","id":8138,"geometry":{"type":"LineString","coordinates":[[-87.664740031187947,40.381528702218809],[-87.664270833075278,40.381544288148305]]},"properties":{"OBJECTID":8138,"LeftFrom":null,"LeftTo":null,"RightFrom":null,"RightTo":null,"LeftCity":8,"RightCity":8,"LeftZip":"60963","RightZip":"60963","LabelName":"Benton St","PrefixType":null,"PrefixDirection":null,"StreetName":"Benton","SuffixType":"St","SuffixDirection":null,"AltName1":null,"AltName2":null,"AltName3":null,"RoadMaintenance":null,"SpeedLimit":-1,"Oneway":null,"TruckRoute":"N","Sweeping":null,"EmergencySnowRoute":null,"RoadType":"CVS","LaneCount":null,"ObjectIDcopy":11847,"State":"IL","StreetClass":null,"TravelTimeSeconds":null,"StreetSurfaceType":null,"FunctionalClass":60,"TruckRouteClass":null,"SHAPE.STLength()":130.84258797544624}},{"type":"Feature","id":8503,"geometry":{"type":"LineString","coordinates":[[-87.666365600482237,40.3799677643105],[-87.666385050721928,40.380337867132987]]},"properties":{"OBJECTID":8503,"LeftFrom":"200","LeftTo":"200","RightFrom":"201","RightTo":"201","LeftCity":8,"RightCity":8,"LeftZip":"60963","RightZip":"60963","LabelName":"N Church St","PrefixType":null,"PrefixDirection":"N","StreetName":"Church","SuffixType":"St","SuffixDirection":null,"AltName1":null,"AltName2":null,"AltName3":null,"RoadMaintenance":null,"SpeedLimit":-1,"Oneway":null,"TruckRoute":"N","Sweeping":null,"EmergencySnowRoute":null,"RoadType":"CVS","LaneCount":null,"ObjectIDcopy":16030,"State":"IL","StreetClass":null,"TravelTimeSeconds":null,"StreetSurfaceType":null,"FunctionalClass":60,"TruckRouteClass":null,"SHAPE.STLength()":134.94298080747862}},{"type":"Feature","id":8504,"geometry":{"type":"LineString","coordinates":[[-87.658563319555284,40.379318069319837],[-87.649478203894276,40.379446713333472],[-87.647431108668272,40.379413234181484],[-87.646967277880705,40.379407761417575],[-87.646503415928606,40.379408781241779],[-87.646039613689183,40.379416293454284],[-87.645575962027891,40.379430296583351],[-87.638188446405536,40.379622491289439],[-87.637910703010633,40.37962645886364],[-87.637632945173408,40.379623680569594]]},"properties":{"OBJECTID":8504,"LeftFrom":"500","LeftTo":null,"RightFrom":null,"RightTo":null,"LeftCity":8,"RightCity":8,"LeftZip":"60963","RightZip":"60963","LabelName":"Attica Rd","PrefixType":null,"PrefixDirection":null,"StreetName":"Attica","SuffixType":"Rd","SuffixDirection":null,"AltName1":null,"AltName2":null,"AltName3":null,"RoadMaintenance":null,"SpeedLimit":-1,"Oneway":null,"TruckRoute":"N","Sweeping":null,"EmergencySnowRoute":null,"RoadType":"CTH","LaneCount":null,"ObjectIDcopy":16031,"State":"IL","StreetClass":3,"TravelTimeSeconds":null,"StreetSurfaceType":null,"FunctionalClass":50,"TruckRouteClass":null,"SHAPE.STLength()":5833.3470357542192}},{"type":"Feature","id":8505,"geometry":{"type":"LineString","coordinates":[[-87.659750099831527,40.379301212113994],[-87.658631746775427,40.379317097903218],[-87.658563319555284,40.379318069319837]]},"properties":{"OBJECTID":8505,"LeftFrom":"500","LeftTo":"510","RightFrom":"505","RightTo":"505","LeftCity":8,"RightCity":8,"LeftZip":"60963","RightZip":"60963","LabelName":"Attica Rd","PrefixType":null,"PrefixDirection":null,"StreetName":"Attica","SuffixType":"Rd","SuffixDirection":null,"AltName1":null,"AltName2":null,"AltName3":null,"RoadMaintenance":null,"SpeedLimit":-1,"Oneway":null,"TruckRoute":"N","Sweeping":null,"EmergencySnowRoute":null,"RoadType":"CTH","LaneCount":null,"ObjectIDcopy":16032,"State":"IL","StreetClass":3,"TravelTimeSeconds":null,"StreetSurfaceType":null,"FunctionalClass":50,"TruckRouteClass":null,"SHAPE.STLength()":330.70695042507646}},{"type":"Feature","id":8506,"geometry":{"type":"LineString","coordinates":[[-87.67171555064445,40.37299422461367],[-87.6742893851914,40.372970683639821]]},"properties":{"OBJECTID":8506,"LeftFrom":null,"LeftTo":null,"RightFrom":null,"RightTo":null,"LeftCity":8,"RightCity":8,"LeftZip":"60963","RightZip":"60963","LabelName":"W Greenwood Dr","PrefixType":null,"PrefixDirection":"W","StreetName":"Greenwood","SuffixType":"Dr","SuffixDirection":null,"AltName1":null,"AltName2":null,"AltName3":null,"RoadMaintenance":null,"SpeedLimit":-1,"Oneway":null,"TruckRoute":"N","Sweeping":null,"EmergencySnowRoute":null,"RoadType":"CVS","LaneCount":null,"ObjectIDcopy":16033,"State":"IL","StreetClass":null,"TravelTimeSeconds":null,"StreetSurfaceType":null,"FunctionalClass":60,"TruckRouteClass":null,"SHAPE.STLength()":717.21554981981524}},{"type":"Feature","id":8507,"geometry":{"type":"LineString","coordinates":[[-87.669756737130385,40.373012101716171],[-87.67171555064445,40.37299422461367]]},"properties":{"OBJECTID":8507,"LeftFrom":"10","LeftTo":"14","RightFrom":"9","RightTo":"11","LeftCity":8,"RightCity":8,"LeftZip":"60963","RightZip":"60963","LabelName":"W Greenwood Dr","PrefixType":null,"PrefixDirection":"W","StreetName":"Greenwood","SuffixType":"Dr","SuffixDirection":null,"AltName1":null,"AltName2":null,"AltName3":null,"RoadMaintenance":null,"SpeedLimit":-1,"Oneway":null,"TruckRoute":"N","Sweeping":null,"EmergencySnowRoute":null,"RoadType":"CVS","LaneCount":null,"ObjectIDcopy":16034,"State":"IL","StreetClass":null,"TravelTimeSeconds":null,"StreetSurfaceType":null,"FunctionalClass":60,"TruckRouteClass":null,"SHAPE.STLength()":545.83579320383365}},{"type":"Feature","id":8508,"geometry":{"type":"LineString","coordinates":[[-87.667456652859087,40.375771225721117],[-87.667454399129568,40.375755069053994]]},"properties":{"OBJECTID":8508,"LeftFrom":null,"LeftTo":null,"RightFrom":null,"RightTo":null,"LeftCity":8,"RightCity":8,"LeftZip":"60963","RightZip":"60963","LabelName":"S Chicago St","PrefixType":null,"PrefixDirection":"S","StreetName":"Chicago","SuffixType":"St","SuffixDirection":null,"AltName1":"IL Route 1","AltName2":null,"AltName3":null,"RoadMaintenance":null,"SpeedLimit":-1,"Oneway":null,"TruckRoute":"N","Sweeping":null,"EmergencySnowRoute":null,"RoadType":"STP","LaneCount":null,"ObjectIDcopy":16036,"State":"IL","StreetClass":3,"TravelTimeSeconds":null,"StreetSurfaceType":null,"FunctionalClass":60,"TruckRouteClass":null,"SHAPE.STLength()":5.9195169201383511}},{"type":"Feature","id":8509,"geometry":{"type":"LineString","coordinates":[[-87.667040307781804,40.372457616876048],[-87.666790923080981,40.370470649469617]]},"properties":{"OBJECTID":8509,"LeftFrom":"699","LeftTo":"709","RightFrom":null,"RightTo":null,"LeftCity":8,"RightCity":8,"LeftZip":"60963","RightZip":"60963","LabelName":"S Chicago St","PrefixType":null,"PrefixDirection":"S","StreetName":"Chicago","SuffixType":"St","SuffixDirection":null,"AltName1":"IL Route 1","AltName2":null,"AltName3":null,"RoadMaintenance":null,"SpeedLimit":-1,"Oneway":null,"TruckRoute":"N","Sweeping":null,"EmergencySnowRoute":null,"RoadType":"STP","LaneCount":null,"ObjectIDcopy":16037,"State":"IL","StreetClass":3,"TravelTimeSeconds":null,"StreetSurfaceType":null,"FunctionalClass":30,"TruckRouteClass":null,"SHAPE.STLength()":727.20922634101566}},{"type":"Feature","id":8510,"geometry":{"type":"LineString","coordinates":[[-87.668969549875172,40.379252021881349],[-87.67243004939823,40.37931650308299]]},"properties":{"OBJECTID":8510,"LeftFrom":"101","LeftTo":"127","RightFrom":"102","RightTo":"126","LeftCity":8,"RightCity":8,"LeftZip":"60963","RightZip":"60963","LabelName":"W Attica","PrefixType":null,"PrefixDirection":"W","StreetName":"Attica","SuffixType":null,"SuffixDirection":null,"AltName1":null,"AltName2":null,"AltName3":null,"RoadMaintenance":null,"SpeedLimit":-1,"Oneway":null,"TruckRoute":"N","Sweeping":null,"EmergencySnowRoute":null,"RoadType":"CTH","LaneCount":null,"ObjectIDcopy":16038,"State":"IL","StreetClass":3,"TravelTimeSeconds":null,"StreetSurfaceType":null,"FunctionalClass":50,"TruckRouteClass":null,"SHAPE.STLength()":964.41807915793322}},{"type":"Feature","id":8511,"geometry":{"type":"LineString","coordinates":[[-87.669432822767206,40.380208038568028],[-87.669794872604896,40.380955150987923]]},"properties":{"OBJECTID":8511,"LeftFrom":"200","LeftTo":"210","RightFrom":null,"RightTo":null,"LeftCity":8,"RightCity":8,"LeftZip":"60963","RightZip":"60963","LabelName":"N Chicago St","PrefixType":null,"PrefixDirection":"N","StreetName":"Chicago","SuffixType":"St","SuffixDirection":null,"AltName1":"IL Route 1","AltName2":null,"AltName3":null,"RoadMaintenance":null,"SpeedLimit":-1,"Oneway":null,"TruckRoute":"N","Sweeping":null,"EmergencySnowRoute":null,"RoadType":"STP","LaneCount":null,"ObjectIDcopy":16039,"State":"IL","StreetClass":3,"TravelTimeSeconds":null,"StreetSurfaceType":null,"FunctionalClass":30,"TruckRouteClass":null,"SHAPE.STLength()":290.27386395507114}},{"type":"Feature","id":8512,"geometry":{"type":"LineString","coordinates":[[-87.671615314111818,40.384711420485267],[-87.672511169344972,40.386559750867463],[-87.67300401496793,40.387578991052365]]},"properties":{"OBJECTID":8512,"LeftFrom":"598","LeftTo":"622","RightFrom":null,"RightTo":null,"LeftCity":8,"RightCity":8,"LeftZip":"60963","RightZip":"60963","LabelName":"N Chicago St","PrefixType":null,"PrefixDirection":"N","StreetName":"Chicago","SuffixType":"St","SuffixDirection":null,"AltName1":null,"AltName2":null,"AltName3":null,"RoadMaintenance":null,"SpeedLimit":55,"Oneway":null,"TruckRoute":"N","Sweeping":null,"EmergencySnowRoute":null,"RoadType":"STP","LaneCount":null,"ObjectIDcopy":16040,"State":"IL","StreetClass":3,"TravelTimeSeconds":null,"StreetSurfaceType":null,"FunctionalClass":30,"TruckRouteClass":null,"SHAPE.STLength()":1114.0310805175986}},{"type":"Feature","id":8669,"geometry":{"type":"LineString","coordinates":[[-87.704172155685214,40.379412423700252],[-87.690047746511198,40.379520117679881],[-87.685332731795825,40.379555684058616],[-87.68532598999586,40.379555560725905],[-87.683401352961823,40.379520250684088],[-87.681162727702556,40.37947876147792],[-87.67243004939823,40.37931650308299]]},"properties":{"OBJECTID":8669,"LeftFrom":"13001","LeftTo":"14749","RightFrom":"13000","RightTo":"14748","LeftCity":8,"RightCity":8,"LeftZip":"60963","RightZip":"60963","LabelName":"E 3550 North Rd","PrefixType":null,"PrefixDirection":"E","StreetName":"3550 North","SuffixType":"Rd","SuffixDirection":null,"AltName1":null,"AltName2":null,"AltName3":null,"RoadMaintenance":null,"SpeedLimit":-1,"Oneway":null,"TruckRoute":"N","Sweeping":null,"EmergencySnowRoute":null,"RoadType":"CTH","LaneCount":null,"ObjectIDcopy":5205,"State":"IL","StreetClass":3,"TravelTimeSeconds":null,"StreetSurfaceType":null,"FunctionalClass":50,"TruckRouteClass":null,"SHAPE.STLength()":8844.9618814312253}}]}