mtllib DesktopPC1991.mtl
o DesktopPC1991
usemtl beige_plastic
v 0.21000 0.11500 0.20000
v 0.21000 0.11500 -0.20000
v 0.21000 -0.00000 0.20000
v 0.21000 -0.00000 -0.20000
v -0.21000 0.11500 -0.20000
v -0.21000 0.11500 0.20000
v -0.21000 -0.00000 -0.20000
v -0.21000 -0.00000 0.20000
v -0.21000 0.11500 -0.20000
v 0.21000 0.11500 -0.20000
v -0.21000 0.11500 0.20000
v 0.21000 0.11500 0.20000
v -0.21000 -0.00000 0.20000
v 0.21000 -0.00000 0.20000
v -0.21000 -0.00000 -0.20000
v 0.21000 -0.00000 -0.20000
v -0.21000 0.11500 0.20000
v 0.21000 0.11500 0.20000
v -0.21000 -0.00000 0.20000
v 0.21000 -0.00000 0.20000
v 0.21000 0.11500 -0.20000
v -0.21000 0.11500 -0.20000
v 0.21000 -0.00000 -0.20000
v -0.21000 -0.00000 -0.20000
f 1 3 2
f 3 4 2
f 5 7 6
f 7 8 6
f 9 11 10
f 11 12 10
f 13 15 14
f 15 16 14
f 17 19 18
f 19 20 18
f 21 23 22
f 23 24 22
v 0.17300 0.09300 0.21550
v 0.17300 0.09300 0.21150
v 0.17300 0.05900 0.21550
v 0.17300 0.05900 0.21150
v 0.02700 0.09300 0.21150
v 0.02700 0.09300 0.21550
v 0.02700 0.05900 0.21150
v 0.02700 0.05900 0.21550
v 0.02700 0.09300 0.21150
v 0.17300 0.09300 0.21150
v 0.02700 0.09300 0.21550
v 0.17300 0.09300 0.21550
v 0.02700 0.05900 0.21550
v 0.17300 0.05900 0.21550
v 0.02700 0.05900 0.21150
v 0.17300 0.05900 0.21150
v 0.02700 0.09300 0.21550
v 0.17300 0.09300 0.21550
v 0.02700 0.05900 0.21550
v 0.17300 0.05900 0.21550
v 0.17300 0.09300 0.21150
v 0.02700 0.09300 0.21150
v 0.17300 0.05900 0.21150
v 0.02700 0.05900 0.21150
f 25 27 26
f 27 28 26
f 29 31 30
f 31 32 30
f 33 35 34
f 35 36 34
f 37 39 38
f 39 40 38
f 41 43 42
f 43 44 42
f 45 47 46
f 47 48 46
v 0.00000 0.13500 0.08800
v 0.01533 0.13500 0.08679
v 0.03028 0.13500 0.08320
v 0.04449 0.13500 0.07732
v 0.05760 0.13500 0.06928
v 0.06930 0.13500 0.05930
v 0.07928 0.13500 0.04760
v 0.08732 0.13500 0.03449
v 0.09320 0.13500 0.02028
v 0.09679 0.13500 0.00533
v 0.09800 0.13500 -0.01000
v 0.09679 0.13500 -0.02533
v 0.09320 0.13500 -0.04028
v 0.08732 0.13500 -0.05449
v 0.07928 0.13500 -0.06760
v 0.06930 0.13500 -0.07930
v 0.05760 0.13500 -0.08928
v 0.04449 0.13500 -0.09732
v 0.03028 0.13500 -0.10320
v 0.01533 0.13500 -0.10679
v 0.00000 0.13500 -0.10800
v -0.01533 0.13500 -0.10679
v -0.03028 0.13500 -0.10320
v -0.04449 0.13500 -0.09732
v -0.05760 0.13500 -0.08928
v -0.06930 0.13500 -0.07930
v -0.07928 0.13500 -0.06760
v -0.08732 0.13500 -0.05449
v -0.09320 0.13500 -0.04028
v -0.09679 0.13500 -0.02533
v -0.09800 0.13500 -0.01000
v -0.09679 0.13500 0.00533
v -0.09320 0.13500 0.02028
v -0.08732 0.13500 0.03449
v -0.07928 0.13500 0.04760
v -0.06930 0.13500 0.05930
v -0.05760 0.13500 0.06928
v -0.04449 0.13500 0.07732
v -0.03028 0.13500 0.08320
v -0.01533 0.13500 0.08679
v -0.00000 0.13500 0.08800
v 0.00000 0.11500 0.09400
v 0.01627 0.11500 0.09272
v 0.03214 0.11500 0.08891
v 0.04722 0.11500 0.08266
v 0.06113 0.11500 0.07414
v 0.07354 0.11500 0.06354
v 0.08414 0.11500 0.05113
v 0.09266 0.11500 0.03722
v 0.09891 0.11500 0.02214
v 0.10272 0.11500 0.00627
v 0.10400 0.11500 -0.01000
v 0.10272 0.11500 -0.02627
v 0.09891 0.11500 -0.04214
v 0.09266 0.11500 -0.05722
v 0.08414 0.11500 -0.07113
v 0.07354 0.11500 -0.08354
v 0.06113 0.11500 -0.09414
v 0.04722 0.11500 -0.10266
v 0.03214 0.11500 -0.10891
v 0.01627 0.11500 -0.11272
v 0.00000 0.11500 -0.11400
v -0.01627 0.11500 -0.11272
v -0.03214 0.11500 -0.10891
v -0.04722 0.11500 -0.10266
v -0.06113 0.11500 -0.09414
v -0.07354 0.11500 -0.08354
v -0.08414 0.11500 -0.07113
v -0.09266 0.11500 -0.05722
v -0.09891 0.11500 -0.04214
v -0.10272 0.11500 -0.02627
v -0.10400 0.11500 -0.01000
v -0.10272 0.11500 0.00627
v -0.09891 0.11500 0.02214
v -0.09266 0.11500 0.03722
v -0.08414 0.11500 0.05113
v -0.07354 0.11500 0.06354
v -0.06113 0.11500 0.07414
v -0.04722 0.11500 0.08266
v -0.03214 0.11500 0.08891
v -0.01627 0.11500 0.09272
v -0.00000 0.11500 0.09400
v 0.00000 0.13500 -0.01000
v 0.00000 0.13500 -0.01000
v 0.00000 0.13500 -0.01000
v 0.00000 0.13500 -0.01000
v 0.00000 0.13500 -0.01000
v 0.00000 0.13500 -0.01000
v 0.00000 0.13500 -0.01000
v 0.00000 0.13500 -0.01000
v 0.00000 0.13500 -0.01000
v 0.00000 0.13500 -0.01000
v 0.00000 0.13500 -0.01000
v 0.00000 0.13500 -0.01000
v 0.00000 0.13500 -0.01000
v 0.00000 0.13500 -0.01000
v 0.00000 0.13500 -0.01000
v 0.00000 0.13500 -0.01000
v 0.00000 0.13500 -0.01000
v 0.00000 0.13500 -0.01000
v 0.00000 0.13500 -0.01000
v 0.00000 0.13500 -0.01000
v 0.00000 0.13500 -0.01000
v 0.00000 0.13500 -0.01000
v 0.00000 0.13500 -0.01000
v 0.00000 0.13500 -0.01000
v 0.00000 0.13500 -0.01000
v 0.00000 0.13500 -0.01000
v 0.00000 0.13500 -0.01000
v 0.00000 0.13500 -0.01000
v 0.00000 0.13500 -0.01000
v 0.00000 0.13500 -0.01000
v 0.00000 0.13500 -0.01000
v 0.00000 0.13500 -0.01000
v 0.00000 0.13500 -0.01000
v 0.00000 0.13500 -0.01000
v 0.00000 0.13500 -0.01000
v 0.00000 0.13500 -0.01000
v 0.00000 0.13500 -0.01000
v 0.00000 0.13500 -0.01000
v 0.00000 0.13500 -0.01000
v 0.00000 0.13500 -0.01000
v 0.00000 0.13500 0.08800
v 0.01533 0.13500 0.08679
v 0.03028 0.13500 0.08320
v 0.04449 0.13500 0.07732
v 0.05760 0.13500 0.06928
v 0.06930 0.13500 0.05930
v 0.07928 0.13500 0.04760
v 0.08732 0.13500 0.03449
v 0.09320 0.13500 0.02028
v 0.09679 0.13500 0.00533
v 0.09800 0.13500 -0.01000
v 0.09679 0.13500 -0.02533
v 0.09320 0.13500 -0.04028
v 0.08732 0.13500 -0.05449
v 0.07928 0.13500 -0.06760
v 0.06930 0.13500 -0.07930
v 0.05760 0.13500 -0.08928
v 0.04449 0.13500 -0.09732
v 0.03028 0.13500 -0.10320
v 0.01533 0.13500 -0.10679
v 0.00000 0.13500 -0.10800
v -0.01533 0.13500 -0.10679
v -0.03028 0.13500 -0.10320
v -0.04449 0.13500 -0.09732
v -0.05760 0.13500 -0.08928
v -0.06930 0.13500 -0.07930
v -0.07928 0.13500 -0.06760
v -0.08732 0.13500 -0.05449
v -0.09320 0.13500 -0.04028
v -0.09679 0.13500 -0.02533
v -0.09800 0.13500 -0.01000
v -0.09679 0.13500 0.00533
v -0.09320 0.13500 0.02028
v -0.08732 0.13500 0.03449
v -0.07928 0.13500 0.04760
v -0.06930 0.13500 0.05930
v -0.05760 0.13500 0.06928
v -0.04449 0.13500 0.07732
v -0.03028 0.13500 0.08320
v -0.01533 0.13500 0.08679
v -0.00000 0.13500 0.08800
v 0.00000 0.11500 -0.01000
v 0.00000 0.11500 -0.01000
v 0.00000 0.11500 -0.01000
v 0.00000 0.11500 -0.01000
v 0.00000 0.11500 -0.01000
v 0.00000 0.11500 -0.01000
v 0.00000 0.11500 -0.01000
v 0.00000 0.11500 -0.01000
v 0.00000 0.11500 -0.01000
v 0.00000 0.11500 -0.01000
v 0.00000 0.11500 -0.01000
v 0.00000 0.11500 -0.01000
v 0.00000 0.11500 -0.01000
v 0.00000 0.11500 -0.01000
v 0.00000 0.11500 -0.01000
v 0.00000 0.11500 -0.01000
v 0.00000 0.11500 -0.01000
v 0.00000 0.11500 -0.01000
v 0.00000 0.11500 -0.01000
v 0.00000 0.11500 -0.01000
v 0.00000 0.11500 -0.01000
v 0.00000 0.11500 -0.01000
v 0.00000 0.11500 -0.01000
v 0.00000 0.11500 -0.01000
v 0.00000 0.11500 -0.01000
v 0.00000 0.11500 -0.01000
v 0.00000 0.11500 -0.01000
v 0.00000 0.11500 -0.01000
v 0.00000 0.11500 -0.01000
v 0.00000 0.11500 -0.01000
v 0.00000 0.11500 -0.01000
v 0.00000 0.11500 -0.01000
v 0.00000 0.11500 -0.01000
v 0.00000 0.11500 -0.01000
v 0.00000 0.11500 -0.01000
v 0.00000 0.11500 -0.01000
v 0.00000 0.11500 -0.01000
v 0.00000 0.11500 -0.01000
v 0.00000 0.11500 -0.01000
v 0.00000 0.11500 -0.01000
v 0.00000 0.11500 0.09400
v 0.01627 0.11500 0.09272
v 0.03214 0.11500 0.08891
v 0.04722 0.11500 0.08266
v 0.06113 0.11500 0.07414
v 0.07354 0.11500 0.06354
v 0.08414 0.11500 0.05113
v 0.09266 0.11500 0.03722
v 0.09891 0.11500 0.02214
v 0.10272 0.11500 0.00627
v 0.10400 0.11500 -0.01000
v 0.10272 0.11500 -0.02627
v 0.09891 0.11500 -0.04214
v 0.09266 0.11500 -0.05722
v 0.08414 0.11500 -0.07113
v 0.07354 0.11500 -0.08354
v 0.06113 0.11500 -0.09414
v 0.04722 0.11500 -0.10266
v 0.03214 0.11500 -0.10891
v 0.01627 0.11500 -0.11272
v 0.00000 0.11500 -0.11400
v -0.01627 0.11500 -0.11272
v -0.03214 0.11500 -0.10891
v -0.04722 0.11500 -0.10266
v -0.06113 0.11500 -0.09414
v -0.07354 0.11500 -0.08354
v -0.08414 0.11500 -0.07113
v -0.09266 0.11500 -0.05722
v -0.09891 0.11500 -0.04214
v -0.10272 0.11500 -0.02627
v -0.10400 0.11500 -0.01000
v -0.10272 0.11500 0.00627
v -0.09891 0.11500 0.02214
v -0.09266 0.11500 0.03722
v -0.08414 0.11500 0.05113
v -0.07354 0.11500 0.06354
v -0.06113 0.11500 0.07414
v -0.04722 0.11500 0.08266
v -0.03214 0.11500 0.08891
v -0.01627 0.11500 0.09272
v -0.00000 0.11500 0.09400
f 49 90 50
f 90 91 50
f 50 91 51
f 91 92 51
f 51 92 52
f 92 93 52
f 52 93 53
f 93 94 53
f 53 94 54
f 94 95 54
f 54 95 55
f 95 96 55
f 55 96 56
f 96 97 56
f 56 97 57
f 97 98 57
f 57 98 58
f 98 99 58
f 58 99 59
f 99 100 59
f 59 100 60
f 100 101 60
f 60 101 61
f 101 102 61
f 61 102 62
f 102 103 62
f 62 103 63
f 103 104 63
f 63 104 64
f 104 105 64
f 64 105 65
f 105 106 65
f 65 106 66
f 106 107 66
f 66 107 67
f 107 108 67
f 67 108 68
f 108 109 68
f 68 109 69
f 109 110 69
f 69 110 70
f 110 111 70
f 70 111 71
f 111 112 71
f 71 112 72
f 112 113 72
f 72 113 73
f 113 114 73
f 73 114 74
f 114 115 74
f 74 115 75
f 115 116 75
f 75 116 76
f 116 117 76
f 76 117 77
f 117 118 77
f 77 118 78
f 118 119 78
f 78 119 79
f 119 120 79
f 79 120 80
f 120 121 80
f 80 121 81
f 121 122 81
f 81 122 82
f 122 123 82
f 82 123 83
f 123 124 83
f 83 124 84
f 124 125 84
f 84 125 85
f 125 126 85
f 85 126 86
f 126 127 86
f 86 127 87
f 127 128 87
f 87 128 88
f 128 129 88
f 88 129 89
f 129 130 89
f 171 172 131
f 172 173 132
f 173 174 133
f 174 175 134
f 175 176 135
f 176 177 136
f 177 178 137
f 178 179 138
f 179 180 139
f 180 181 140
f 181 182 141
f 182 183 142
f 183 184 143
f 184 185 144
f 185 186 145
f 186 187 146
f 187 188 147
f 188 189 148
f 189 190 149
f 190 191 150
f 191 192 151
f 192 193 152
f 193 194 153
f 194 195 154
f 195 196 155
f 196 197 156
f 197 198 157
f 198 199 158
f 199 200 159
f 200 201 160
f 201 202 161
f 202 203 162
f 203 204 163
f 204 205 164
f 205 206 165
f 206 207 166
f 207 208 167
f 208 209 168
f 209 210 169
f 210 211 170
f 253 252 212
f 254 253 213
f 255 254 214
f 256 255 215
f 257 256 216
f 258 257 217
f 259 258 218
f 260 259 219
f 261 260 220
f 262 261 221
f 263 262 222
f 264 263 223
f 265 264 224
f 266 265 225
f 267 266 226
f 268 267 227
f 269 268 228
f 270 269 229
f 271 270 230
f 272 271 231
f 273 272 232
f 274 273 233
f 275 274 234
f 276 275 235
f 277 276 236
f 278 277 237
f 279 278 238
f 280 279 239
f 281 280 240
f 282 281 241
f 283 282 242
f 284 283 243
f 285 284 244
f 286 285 245
f 287 286 246
f 288 287 247
f 289 288 248
f 290 289 249
f 291 290 250
f 292 291 251
v 0.00000 0.14900 0.04800
v 0.01132 0.14900 0.04689
v 0.02220 0.14900 0.04359
v 0.03222 0.14900 0.03823
v 0.04101 0.14900 0.03101
v 0.04823 0.14900 0.02222
v 0.05359 0.14900 0.01220
v 0.05689 0.14900 0.00132
v 0.05800 0.14900 -0.01000
v 0.05689 0.14900 -0.02132
v 0.05359 0.14900 -0.03220
v 0.04823 0.14900 -0.04222
v 0.04101 0.14900 -0.05101
v 0.03222 0.14900 -0.05823
v 0.02220 0.14900 -0.06359
v 0.01132 0.14900 -0.06689
v 0.00000 0.14900 -0.06800
v -0.01132 0.14900 -0.06689
v -0.02220 0.14900 -0.06359
v -0.03222 0.14900 -0.05823
v -0.04101 0.14900 -0.05101
v -0.04823 0.14900 -0.04222
v -0.05359 0.14900 -0.03220
v -0.05689 0.14900 -0.02132
v -0.05800 0.14900 -0.01000
v -0.05689 0.14900 0.00132
v -0.05359 0.14900 0.01220
v -0.04823 0.14900 0.02222
v -0.04101 0.14900 0.03101
v -0.03222 0.14900 0.03823
v -0.02220 0.14900 0.04359
v -0.01132 0.14900 0.04689
v -0.00000 0.14900 0.04800
v 0.00000 0.13300 0.06000
v 0.01366 0.13300 0.05865
v 0.02679 0.13300 0.05467
v 0.03889 0.13300 0.04820
v 0.04950 0.13300 0.03950
v 0.05820 0.13300 0.02889
v 0.06467 0.13300 0.01679
v 0.06865 0.13300 0.00366
v 0.07000 0.13300 -0.01000
v 0.06865 0.13300 -0.02366
v 0.06467 0.13300 -0.03679
v 0.05820 0.13300 -0.04889
v 0.04950 0.13300 -0.05950
v 0.03889 0.13300 -0.06820
v 0.02679 0.13300 -0.07467
v 0.01366 0.13300 -0.07865
v 0.00000 0.13300 -0.08000
v -0.01366 0.13300 -0.07865
v -0.02679 0.13300 -0.07467
v -0.03889 0.13300 -0.06820
v -0.04950 0.13300 -0.05950
v -0.05820 0.13300 -0.04889
v -0.06467 0.13300 -0.03679
v -0.06865 0.13300 -0.02366
v -0.07000 0.13300 -0.01000
v -0.06865 0.13300 0.00366
v -0.06467 0.13300 0.01679
v -0.05820 0.13300 0.02889
v -0.04950 0.13300 0.03950
v -0.03889 0.13300 0.04820
v -0.02679 0.13300 0.05467
v -0.01366 0.13300 0.05865
v -0.00000 0.13300 0.06000
v 0.00000 0.14900 -0.01000
v 0.00000 0.14900 -0.01000
v 0.00000 0.14900 -0.01000
v 0.00000 0.14900 -0.01000
v 0.00000 0.14900 -0.01000
v 0.00000 0.14900 -0.01000
v 0.00000 0.14900 -0.01000
v 0.00000 0.14900 -0.01000
v 0.00000 0.14900 -0.01000
v 0.00000 0.14900 -0.01000
v 0.00000 0.14900 -0.01000
v 0.00000 0.14900 -0.01000
v 0.00000 0.14900 -0.01000
v 0.00000 0.14900 -0.01000
v 0.00000 0.14900 -0.01000
v 0.00000 0.14900 -0.01000
v 0.00000 0.14900 -0.01000
v 0.00000 0.14900 -0.01000
v 0.00000 0.14900 -0.01000
v 0.00000 0.14900 -0.01000
v 0.00000 0.14900 -0.01000
v 0.00000 0.14900 -0.01000
v 0.00000 0.14900 -0.01000
v 0.00000 0.14900 -0.01000
v 0.00000 0.14900 -0.01000
v 0.00000 0.14900 -0.01000
v 0.00000 0.14900 -0.01000
v 0.00000 0.14900 -0.01000
v 0.00000 0.14900 -0.01000
v 0.00000 0.14900 -0.01000
v 0.00000 0.14900 -0.01000
v 0.00000 0.14900 -0.01000
v 0.00000 0.14900 0.04800
v 0.01132 0.14900 0.04689
v 0.02220 0.14900 0.04359
v 0.03222 0.14900 0.03823
v 0.04101 0.14900 0.03101
v 0.04823 0.14900 0.02222
v 0.05359 0.14900 0.01220
v 0.05689 0.14900 0.00132
v 0.05800 0.14900 -0.01000
v 0.05689 0.14900 -0.02132
v 0.05359 0.14900 -0.03220
v 0.04823 0.14900 -0.04222
v 0.04101 0.14900 -0.05101
v 0.03222 0.14900 -0.05823
v 0.02220 0.14900 -0.06359
v 0.01132 0.14900 -0.06689
v 0.00000 0.14900 -0.06800
v -0.01132 0.14900 -0.06689
v -0.02220 0.14900 -0.06359
v -0.03222 0.14900 -0.05823
v -0.04101 0.14900 -0.05101
v -0.04823 0.14900 -0.04222
v -0.05359 0.14900 -0.03220
v -0.05689 0.14900 -0.02132
v -0.05800 0.14900 -0.01000
v -0.05689 0.14900 0.00132
v -0.05359 0.14900 0.01220
v -0.04823 0.14900 0.02222
v -0.04101 0.14900 0.03101
v -0.03222 0.14900 0.03823
v -0.02220 0.14900 0.04359
v -0.01132 0.14900 0.04689
v -0.00000 0.14900 0.04800
v 0.00000 0.13300 -0.01000
v 0.00000 0.13300 -0.01000
v 0.00000 0.13300 -0.01000
v 0.00000 0.13300 -0.01000
v 0.00000 0.13300 -0.01000
v 0.00000 0.13300 -0.01000
v 0.00000 0.13300 -0.01000
v 0.00000 0.13300 -0.01000
v 0.00000 0.13300 -0.01000
v 0.00000 0.13300 -0.01000
v 0.00000 0.13300 -0.01000
v 0.00000 0.13300 -0.01000
v 0.00000 0.13300 -0.01000
v 0.00000 0.13300 -0.01000
v 0.00000 0.13300 -0.01000
v 0.00000 0.13300 -0.01000
v 0.00000 0.13300 -0.01000
v 0.00000 0.13300 -0.01000
v 0.00000 0.13300 -0.01000
v 0.00000 0.13300 -0.01000
v 0.00000 0.13300 -0.01000
v 0.00000 0.13300 -0.01000
v 0.00000 0.13300 -0.01000
v 0.00000 0.13300 -0.01000
v 0.00000 0.13300 -0.01000
v 0.00000 0.13300 -0.01000
v 0.00000 0.13300 -0.01000
v 0.00000 0.13300 -0.01000
v 0.00000 0.13300 -0.01000
v 0.00000 0.13300 -0.01000
v 0.00000 0.13300 -0.01000
v 0.00000 0.13300 -0.01000
v 0.00000 0.13300 0.06000
v 0.01366 0.13300 0.05865
v 0.02679 0.13300 0.05467
v 0.03889 0.13300 0.04820
v 0.04950 0.13300 0.03950
v 0.05820 0.13300 0.02889
v 0.06467 0.13300 0.01679
v 0.06865 0.13300 0.00366
v 0.07000 0.13300 -0.01000
v 0.06865 0.13300 -0.02366
v 0.06467 0.13300 -0.03679
v 0.05820 0.13300 -0.04889
v 0.04950 0.13300 -0.05950
v 0.03889 0.13300 -0.06820
v 0.02679 0.13300 -0.07467
v 0.01366 0.13300 -0.07865
v 0.00000 0.13300 -0.08000
v -0.01366 0.13300 -0.07865
v -0.02679 0.13300 -0.07467
v -0.03889 0.13300 -0.06820
v -0.04950 0.13300 -0.05950
v -0.05820 0.13300 -0.04889
v -0.06467 0.13300 -0.03679
v -0.06865 0.13300 -0.02366
v -0.07000 0.13300 -0.01000
v -0.06865 0.13300 0.00366
v -0.06467 0.13300 0.01679
v -0.05820 0.13300 0.02889
v -0.04950 0.13300 0.03950
v -0.03889 0.13300 0.04820
v -0.02679 0.13300 0.05467
v -0.01366 0.13300 0.05865
v -0.00000 0.13300 0.06000
f 293 326 294
f 326 327 294
f 294 327 295
f 327 328 295
f 295 328 296
f 328 329 296
f 296 329 297
f 329 330 297
f 297 330 298
f 330 331 298
f 298 331 299
f 331 332 299
f 299 332 300
f 332 333 300
f 300 333 301
f 333 334 301
f 301 334 302
f 334 335 302
f 302 335 303
f 335 336 303
f 303 336 304
f 336 337 304
f 304 337 305
f 337 338 305
f 305 338 306
f 338 339 306
f 306 339 307
f 339 340 307
f 307 340 308
f 340 341 308
f 308 341 309
f 341 342 309
f 309 342 310
f 342 343 310
f 310 343 311
f 343 344 311
f 311 344 312
f 344 345 312
f 312 345 313
f 345 346 313
f 313 346 314
f 346 347 314
f 314 347 315
f 347 348 315
f 315 348 316
f 348 349 316
f 316 349 317
f 349 350 317
f 317 350 318
f 350 351 318
f 318 351 319
f 351 352 319
f 319 352 320
f 352 353 320
f 320 353 321
f 353 354 321
f 321 354 322
f 354 355 322
f 322 355 323
f 355 356 323
f 323 356 324
f 356 357 324
f 324 357 325
f 357 358 325
f 391 392 359
f 392 393 360
f 393 394 361
f 394 395 362
f 395 396 363
f 396 397 364
f 397 398 365
f 398 399 366
f 399 400 367
f 400 401 368
f 401 402 369
f 402 403 370
f 403 404 371
f 404 405 372
f 405 406 373
f 406 407 374
f 407 408 375
f 408 409 376
f 409 410 377
f 410 411 378
f 411 412 379
f 412 413 380
f 413 414 381
f 414 415 382
f 415 416 383
f 416 417 384
f 417 418 385
f 418 419 386
f 419 420 387
f 420 421 388
f 421 422 389
f 422 423 390
f 457 456 424
f 458 457 425
f 459 458 426
f 460 459 427
f 461 460 428
f 462 461 429
f 463 462 430
f 464 463 431
f 465 464 432
f 466 465 433
f 467 466 434
f 468 467 435
f 469 468 436
f 470 469 437
f 471 470 438
f 472 471 439
f 473 472 440
f 474 473 441
f 475 474 442
f 476 475 443
f 477 476 444
f 478 477 445
f 479 478 446
f 480 479 447
f 481 480 448
f 482 481 449
f 483 482 450
f 484 483 451
f 485 484 452
f 486 485 453
f 487 486 454
f 488 487 455
v 0.17250 0.47070 0.13167
v 0.17250 0.46854 0.08372
v 0.17250 0.40676 0.13455
v 0.17250 0.40460 0.08660
v -0.17250 0.46854 0.08372
v -0.17250 0.47070 0.13167
v -0.17250 0.40460 0.08660
v -0.17250 0.40676 0.13455
v -0.17250 0.46854 0.08372
v 0.17250 0.46854 0.08372
v -0.17250 0.47070 0.13167
v 0.17250 0.47070 0.13167
v -0.17250 0.40676 0.13455
v 0.17250 0.40676 0.13455
v -0.17250 0.40460 0.08660
v 0.17250 0.40460 0.08660
v -0.17250 0.47070 0.13167
v 0.17250 0.47070 0.13167
v -0.17250 0.40676 0.13455
v 0.17250 0.40676 0.13455
v 0.17250 0.46854 0.08372
v -0.17250 0.46854 0.08372
v 0.17250 0.40460 0.08660
v -0.17250 0.40460 0.08660
f 489 491 490
f 491 492 490
f 493 495 494
f 495 496 494
f 497 499 498
f 499 500 498
f 501 503 502
f 503 504 502
f 505 507 506
f 507 508 506
f 509 511 510
f 511 512 510
v 0.17250 0.21296 0.14328
v 0.17250 0.21080 0.09533
v 0.17250 0.15102 0.14607
v 0.17250 0.14886 0.09812
v -0.17250 0.21080 0.09533
v -0.17250 0.21296 0.14328
v -0.17250 0.14886 0.09812
v -0.17250 0.15102 0.14607
v -0.17250 0.21080 0.09533
v 0.17250 0.21080 0.09533
v -0.17250 0.21296 0.14328
v 0.17250 0.21296 0.14328
v -0.17250 0.15102 0.14607
v 0.17250 0.15102 0.14607
v -0.17250 0.14886 0.09812
v 0.17250 0.14886 0.09812
v -0.17250 0.21296 0.14328
v 0.17250 0.21296 0.14328
v -0.17250 0.15102 0.14607
v 0.17250 0.15102 0.14607
v 0.17250 0.21080 0.09533
v -0.17250 0.21080 0.09533
v 0.17250 0.14886 0.09812
v -0.17250 0.14886 0.09812
f 513 515 514
f 515 516 514
f 517 519 518
f 519 520 518
f 521 523 522
f 523 524 522
f 525 527 526
f 527 528 526
f 529 531 530
f 531 532 530
f 533 535 534
f 535 536 534
v -0.13650 0.42524 0.13372
v -0.13650 0.42309 0.08577
v -0.13650 0.23044 0.14249
v -0.13650 0.22828 0.09454
v -0.17250 0.42309 0.08577
v -0.17250 0.42524 0.13372
v -0.17250 0.22828 0.09454
v -0.17250 0.23044 0.14249
v -0.17250 0.42309 0.08577
v -0.13650 0.42309 0.08577
v -0.17250 0.42524 0.13372
v -0.13650 0.42524 0.13372
v -0.17250 0.23044 0.14249
v -0.13650 0.23044 0.14249
v -0.17250 0.22828 0.09454
v -0.13650 0.22828 0.09454
v -0.17250 0.42524 0.13372
v -0.13650 0.42524 0.13372
v -0.17250 0.23044 0.14249
v -0.13650 0.23044 0.14249
v -0.13650 0.42309 0.08577
v -0.17250 0.42309 0.08577
v -0.13650 0.22828 0.09454
v -0.17250 0.22828 0.09454
f 537 539 538
f 539 540 538
f 541 543 542
f 543 544 542
f 545 547 546
f 547 548 546
f 549 551 550
f 551 552 550
f 553 555 554
f 555 556 554
f 557 559 558
f 559 560 558
v 0.17250 0.42524 0.13372
v 0.17250 0.42309 0.08577
v 0.17250 0.23044 0.14249
v 0.17250 0.22828 0.09454
v 0.13650 0.42309 0.08577
v 0.13650 0.42524 0.13372
v 0.13650 0.22828 0.09454
v 0.13650 0.23044 0.14249
v 0.13650 0.42309 0.08577
v 0.17250 0.42309 0.08577
v 0.13650 0.42524 0.13372
v 0.17250 0.42524 0.13372
v 0.13650 0.23044 0.14249
v 0.17250 0.23044 0.14249
v 0.13650 0.22828 0.09454
v 0.17250 0.22828 0.09454
v 0.13650 0.42524 0.13372
v 0.17250 0.42524 0.13372
v 0.13650 0.23044 0.14249
v 0.17250 0.23044 0.14249
v 0.17250 0.42309 0.08577
v 0.13650 0.42309 0.08577
v 0.17250 0.22828 0.09454
v 0.13650 0.22828 0.09454
f 561 563 562
f 563 564 562
f 565 567 566
f 567 568 566
f 569 571 570
f 571 572 570
f 573 575 574
f 575 576 574
f 577 579 578
f 579 580 578
f 581 583 582
f 583 584 582
v 0.17250 0.14886 0.09812
v 0.17250 0.46854 0.08372
v -0.17250 0.46854 0.08372
v -0.17250 0.14886 0.09812
v 0.17250 0.14886 0.09812
v 0.12500 0.18208 -0.14362
v 0.12500 0.41373 -0.15405
v -0.12500 0.41373 -0.15405
v -0.12500 0.18208 -0.14362
v 0.12500 0.18208 -0.14362
v 0.00000 0.30870 0.09092
v 0.00000 0.30870 0.09092
v 0.00000 0.30870 0.09092
v 0.00000 0.30870 0.09092
v 0.17250 0.14886 0.09812
v 0.17250 0.46854 0.08372
v -0.17250 0.46854 0.08372
v -0.17250 0.14886 0.09812
v 0.17250 0.14886 0.09812
v 0.00000 0.29791 -0.14884
v 0.00000 0.29791 -0.14884
v 0.00000 0.29791 -0.14884
v 0.00000 0.29791 -0.14884
v 0.12500 0.18208 -0.14362
v 0.12500 0.41373 -0.15405
v -0.12500 0.41373 -0.15405
v -0.12500 0.18208 -0.14362
v 0.12500 0.18208 -0.14362
f 585 590 586
f 590 591 586
f 586 591 587
f 591 592 587
f 587 592 588
f 592 593 588
f 588 593 589
f 593 594 589
f 599 600 595
f 600 601 596
f 601 602 597
f 602 603 598
f 609 608 604
f 610 609 605
f 611 610 606
f 612 611 607
v 0.12500 0.41404 -0.14706
v 0.12500 0.41359 -0.15705
v 0.12500 0.18240 -0.13663
v 0.12500 0.18195 -0.14662
v -0.12500 0.41359 -0.15705
v -0.12500 0.41404 -0.14706
v -0.12500 0.18195 -0.14662
v -0.12500 0.18240 -0.13663
v -0.12500 0.41359 -0.15705
v 0.12500 0.41359 -0.15705
v -0.12500 0.41404 -0.14706
v 0.12500 0.41404 -0.14706
v -0.12500 0.18240 -0.13663
v 0.12500 0.18240 -0.13663
v -0.12500 0.18195 -0.14662
v 0.12500 0.18195 -0.14662
v -0.12500 0.41404 -0.14706
v 0.12500 0.41404 -0.14706
v -0.12500 0.18240 -0.13663
v 0.12500 0.18240 -0.13663
v 0.12500 0.41359 -0.15705
v -0.12500 0.41359 -0.15705
v 0.12500 0.18195 -0.14662
v -0.12500 0.18195 -0.14662
f 613 615 614
f 615 616 614
f 617 619 618
f 619 620 618
f 621 623 622
f 623 624 622
f 625 627 626
f 627 628 626
f 629 631 630
f 631 632 630
f 633 635 634
f 635 636 634
v 0.22500 0.02566 0.41932
v 0.22500 0.01631 0.24958
v 0.22500 0.00569 0.42042
v 0.22500 -0.00366 0.25068
v -0.24500 0.01631 0.24958
v -0.24500 0.02566 0.41932
v -0.24500 -0.00366 0.25068
v -0.24500 0.00569 0.42042
v -0.24500 0.01631 0.24958
v 0.22500 0.01631 0.24958
v -0.24500 0.02566 0.41932
v 0.22500 0.02566 0.41932
v -0.24500 0.00569 0.42042
v 0.22500 0.00569 0.42042
v -0.24500 -0.00366 0.25068
v 0.22500 -0.00366 0.25068
v -0.24500 0.02566 0.41932
v 0.22500 0.02566 0.41932
v -0.24500 0.00569 0.42042
v 0.22500 0.00569 0.42042
v 0.22500 0.01631 0.24958
v -0.24500 0.01631 0.24958
v 0.22500 -0.00366 0.25068
v -0.24500 -0.00366 0.25068
f 637 639 638
f 639 640 638
f 641 643 642
f 643 644 642
f 645 647 646
f 647 648 646
f 649 651 650
f 651 652 650
f 653 655 654
f 655 656 654
f 657 659 658
f 659 660 658
v 0.33476 0.02600 0.38340
v 0.35230 0.02600 0.28698
v 0.33476 -0.00000 0.38340
v 0.35230 -0.00000 0.28698
v 0.29524 0.02600 0.27660
v 0.27770 0.02600 0.37302
v 0.29524 -0.00000 0.27660
v 0.27770 -0.00000 0.37302
v 0.29524 0.02600 0.27660
v 0.35230 0.02600 0.28698
v 0.27770 0.02600 0.37302
v 0.33476 0.02600 0.38340
v 0.27770 -0.00000 0.37302
v 0.33476 -0.00000 0.38340
v 0.29524 -0.00000 0.27660
v 0.35230 -0.00000 0.28698
v 0.27770 0.02600 0.37302
v 0.33476 0.02600 0.38340
v 0.27770 -0.00000 0.37302
v 0.33476 -0.00000 0.38340
v 0.35230 0.02600 0.28698
v 0.29524 0.02600 0.27660
v 0.35230 -0.00000 0.28698
v 0.29524 -0.00000 0.27660
f 661 663 662
f 663 664 662
f 665 667 666
f 667 668 666
f 669 671 670
f 671 672 670
f 673 675 674
f 675 676 674
f 677 679 678
f 679 680 678
f 681 683 682
f 683 684 682
usemtl beige_plastic_dark
v 0.20800 0.11300 0.21000
v 0.20800 0.11300 0.19800
v 0.20800 0.00200 0.21000
v 0.20800 0.00200 0.19800
v -0.20800 0.11300 0.19800
v -0.20800 0.11300 0.21000
v -0.20800 0.00200 0.19800
v -0.20800 0.00200 0.21000
v -0.20800 0.11300 0.19800
v 0.20800 0.11300 0.19800
v -0.20800 0.11300 0.21000
v 0.20800 0.11300 0.21000
v -0.20800 0.00200 0.21000
v 0.20800 0.00200 0.21000
v -0.20800 0.00200 0.19800
v 0.20800 0.00200 0.19800
v -0.20800 0.11300 0.21000
v 0.20800 0.11300 0.21000
v -0.20800 0.00200 0.21000
v 0.20800 0.00200 0.21000
v 0.20800 0.11300 0.19800
v -0.20800 0.11300 0.19800
v 0.20800 0.00200 0.19800
v -0.20800 0.00200 0.19800
f 685 687 686
f 687 688 686
f 689 691 690
f 691 692 690
f 693 695 694
f 695 696 694
f 697 699 698
f 699 700 698
f 701 703 702
f 703 704 702
f 705 707 706
f 707 708 706
v 0.17400 0.03800 0.21550
v 0.17400 0.03800 0.20950
v 0.17400 0.03000 0.21550
v 0.17400 0.03000 0.20950
v 0.15800 0.03800 0.20950
v 0.15800 0.03800 0.21550
v 0.15800 0.03000 0.20950
v 0.15800 0.03000 0.21550
v 0.15800 0.03800 0.20950
v 0.17400 0.03800 0.20950
v 0.15800 0.03800 0.21550
v 0.17400 0.03800 0.21550
v 0.15800 0.03000 0.21550
v 0.17400 0.03000 0.21550
v 0.15800 0.03000 0.20950
v 0.17400 0.03000 0.20950
v 0.15800 0.03800 0.21550
v 0.17400 0.03800 0.21550
v 0.15800 0.03000 0.21550
v 0.17400 0.03000 0.21550
v 0.17400 0.03800 0.20950
v 0.15800 0.03800 0.20950
v 0.17400 0.03000 0.20950
v 0.15800 0.03000 0.20950
f 709 711 710
f 711 712 710
f 713 715 714
f 715 716 714
f 717 719 718
f 719 720 718
f 721 723 722
f 723 724 722
f 725 727 726
f 727 728 726
f 729 731 730
f 731 732 730
v -0.15100 0.06800 0.21750
v -0.15100 0.06800 0.20750
v -0.15100 0.04800 0.21750
v -0.15100 0.04800 0.20750
v -0.18100 0.06800 0.20750
v -0.18100 0.06800 0.21750
v -0.18100 0.04800 0.20750
v -0.18100 0.04800 0.21750
v -0.18100 0.06800 0.20750
v -0.15100 0.06800 0.20750
v -0.18100 0.06800 0.21750
v -0.15100 0.06800 0.21750
v -0.18100 0.04800 0.21750
v -0.15100 0.04800 0.21750
v -0.18100 0.04800 0.20750
v -0.15100 0.04800 0.20750
v -0.18100 0.06800 0.21750
v -0.15100 0.06800 0.21750
v -0.18100 0.04800 0.21750
v -0.15100 0.04800 0.21750
v -0.15100 0.06800 0.20750
v -0.18100 0.06800 0.20750
v -0.15100 0.04800 0.20750
v -0.18100 0.04800 0.20750
f 733 735 734
f 735 736 734
f 737 739 738
f 739 740 738
f 741 743 742
f 743 744 742
f 745 747 746
f 747 748 746
f 749 751 750
f 751 752 750
f 753 755 754
f 755 756 754
v -0.11800 0.05200 0.21650
v -0.11615 0.05229 0.21650
v -0.11447 0.05315 0.21650
v -0.11315 0.05447 0.21650
v -0.11229 0.05615 0.21650
v -0.11200 0.05800 0.21650
v -0.11229 0.05985 0.21650
v -0.11315 0.06153 0.21650
v -0.11447 0.06285 0.21650
v -0.11615 0.06371 0.21650
v -0.11800 0.06400 0.21650
v -0.11985 0.06371 0.21650
v -0.12153 0.06285 0.21650
v -0.12285 0.06153 0.21650
v -0.12371 0.05985 0.21650
v -0.12400 0.05800 0.21650
v -0.12371 0.05615 0.21650
v -0.12285 0.05447 0.21650
v -0.12153 0.05315 0.21650
v -0.11985 0.05229 0.21650
v -0.11800 0.05200 0.21650
v -0.11800 0.05200 0.20850
v -0.11615 0.05229 0.20850
v -0.11447 0.05315 0.20850
v -0.11315 0.05447 0.20850
v -0.11229 0.05615 0.20850
v -0.11200 0.05800 0.20850
v -0.11229 0.05985 0.20850
v -0.11315 0.06153 0.20850
v -0.11447 0.06285 0.20850
v -0.11615 0.06371 0.20850
v -0.11800 0.06400 0.20850
v -0.11985 0.06371 0.20850
v -0.12153 0.06285 0.20850
v -0.12285 0.06153 0.20850
v -0.12371 0.05985 0.20850
v -0.12400 0.05800 0.20850
v -0.12371 0.05615 0.20850
v -0.12285 0.05447 0.20850
v -0.12153 0.05315 0.20850
v -0.11985 0.05229 0.20850
v -0.11800 0.05200 0.20850
v -0.11800 0.05800 0.21650
v -0.11800 0.05800 0.21650
v -0.11800 0.05800 0.21650
v -0.11800 0.05800 0.21650
v -0.11800 0.05800 0.21650
v -0.11800 0.05800 0.21650
v -0.11800 0.05800 0.21650
v -0.11800 0.05800 0.21650
v -0.11800 0.05800 0.21650
v -0.11800 0.05800 0.21650
v -0.11800 0.05800 0.21650
v -0.11800 0.05800 0.21650
v -0.11800 0.05800 0.21650
v -0.11800 0.05800 0.21650
v -0.11800 0.05800 0.21650
v -0.11800 0.05800 0.21650
v -0.11800 0.05800 0.21650
v -0.11800 0.05800 0.21650
v -0.11800 0.05800 0.21650
v -0.11800 0.05800 0.21650
v -0.11800 0.05200 0.21650
v -0.11615 0.05229 0.21650
v -0.11447 0.05315 0.21650
v -0.11315 0.05447 0.21650
v -0.11229 0.05615 0.21650
v -0.11200 0.05800 0.21650
v -0.11229 0.05985 0.21650
v -0.11315 0.06153 0.21650
v -0.11447 0.06285 0.21650
v -0.11615 0.06371 0.21650
v -0.11800 0.06400 0.21650
v -0.11985 0.06371 0.21650
v -0.12153 0.06285 0.21650
v -0.12285 0.06153 0.21650
v -0.12371 0.05985 0.21650
v -0.12400 0.05800 0.21650
v -0.12371 0.05615 0.21650
v -0.12285 0.05447 0.21650
v -0.12153 0.05315 0.21650
v -0.11985 0.05229 0.21650
v -0.11800 0.05200 0.21650
v -0.11800 0.05800 0.20850
v -0.11800 0.05800 0.20850
v -0.11800 0.05800 0.20850
v -0.11800 0.05800 0.20850
v -0.11800 0.05800 0.20850
v -0.11800 0.05800 0.20850
v -0.11800 0.05800 0.20850
v -0.11800 0.05800 0.20850
v -0.11800 0.05800 0.20850
v -0.11800 0.05800 0.20850
v -0.11800 0.05800 0.20850
v -0.11800 0.05800 0.20850
v -0.11800 0.05800 0.20850
v -0.11800 0.05800 0.20850
v -0.11800 0.05800 0.20850
v -0.11800 0.05800 0.20850
v -0.11800 0.05800 0.20850
v -0.11800 0.05800 0.20850
v -0.11800 0.05800 0.20850
v -0.11800 0.05800 0.20850
v -0.11800 0.05200 0.20850
v -0.11615 0.05229 0.20850
v -0.11447 0.05315 0.20850
v -0.11315 0.05447 0.20850
v -0.11229 0.05615 0.20850
v -0.11200 0.05800 0.20850
v -0.11229 0.05985 0.20850
v -0.11315 0.06153 0.20850
v -0.11447 0.06285 0.20850
v -0.11615 0.06371 0.20850
v -0.11800 0.06400 0.20850
v -0.11985 0.06371 0.20850
v -0.12153 0.06285 0.20850
v -0.12285 0.06153 0.20850
v -0.12371 0.05985 0.20850
v -0.12400 0.05800 0.20850
v -0.12371 0.05615 0.20850
v -0.12285 0.05447 0.20850
v -0.12153 0.05315 0.20850
v -0.11985 0.05229 0.20850
v -0.11800 0.05200 0.20850
f 757 778 758
f 778 779 758
f 758 779 759
f 779 780 759
f 759 780 760
f 780 781 760
f 760 781 761
f 781 782 761
f 761 782 762
f 782 783 762
f 762 783 763
f 783 784 763
f 763 784 764
f 784 785 764
f 764 785 765
f 785 786 765
f 765 786 766
f 786 787 766
f 766 787 767
f 787 788 767
f 767 788 768
f 788 789 768
f 768 789 769
f 789 790 769
f 769 790 770
f 790 791 770
f 770 791 771
f 791 792 771
f 771 792 772
f 792 793 772
f 772 793 773
f 793 794 773
f 773 794 774
f 794 795 774
f 774 795 775
f 795 796 775
f 775 796 776
f 796 797 776
f 776 797 777
f 797 798 777
f 819 820 799
f 820 821 800
f 821 822 801
f 822 823 802
f 823 824 803
f 824 825 804
f 825 826 805
f 826 827 806
f 827 828 807
f 828 829 808
f 829 830 809
f 830 831 810
f 831 832 811
f 832 833 812
f 833 834 813
f 834 835 814
f 835 836 815
f 836 837 816
f 837 838 817
f 838 839 818
f 861 860 840
f 862 861 841
f 863 862 842
f 864 863 843
f 865 864 844
f 866 865 845
f 867 866 846
f 868 867 847
f 869 868 848
f 870 869 849
f 871 870 850
f 872 871 851
f 873 872 852
f 874 873 853
f 875 874 854
f 876 875 855
f 877 876 856
f 878 877 857
f 879 878 858
f 880 879 859
v 0.03000 0.16895 0.15527
v 0.03220 0.16924 0.15526
v 0.03425 0.17009 0.15522
v 0.03601 0.17144 0.15516
v 0.03736 0.17320 0.15508
v 0.03821 0.17525 0.15499
v 0.03850 0.17745 0.15489
v 0.03821 0.17964 0.15479
v 0.03736 0.18169 0.15470
v 0.03601 0.18345 0.15462
v 0.03425 0.18480 0.15456
v 0.03220 0.18565 0.15452
v 0.03000 0.18594 0.15450
v 0.02780 0.18565 0.15452
v 0.02575 0.18480 0.15456
v 0.02399 0.18345 0.15462
v 0.02264 0.18169 0.15470
v 0.02179 0.17964 0.15479
v 0.02150 0.17745 0.15489
v 0.02179 0.17525 0.15499
v 0.02264 0.17320 0.15508
v 0.02399 0.17144 0.15516
v 0.02575 0.17009 0.15522
v 0.02780 0.16924 0.15526
v 0.03000 0.16895 0.15527
v 0.03000 0.16842 0.14328
v 0.03220 0.16870 0.14327
v 0.03425 0.16955 0.14323
v 0.03601 0.17090 0.14317
v 0.03736 0.17266 0.14309
v 0.03821 0.17471 0.14300
v 0.03850 0.17691 0.14290
v 0.03821 0.17910 0.14280
v 0.03736 0.18115 0.14271
v 0.03601 0.18291 0.14263
v 0.03425 0.18426 0.14257
v 0.03220 0.18511 0.14253
v 0.03000 0.18540 0.14252
v 0.02780 0.18511 0.14253
v 0.02575 0.18426 0.14257
v 0.02399 0.18291 0.14263
v 0.02264 0.18115 0.14271
v 0.02179 0.17910 0.14280
v 0.02150 0.17691 0.14290
v 0.02179 0.17471 0.14300
v 0.02264 0.17266 0.14309
v 0.02399 0.17090 0.14317
v 0.02575 0.16955 0.14323
v 0.02780 0.16870 0.14327
v 0.03000 0.16842 0.14328
v 0.03000 0.17745 0.15489
v 0.03000 0.17745 0.15489
v 0.03000 0.17745 0.15489
v 0.03000 0.17745 0.15489
v 0.03000 0.17745 0.15489
v 0.03000 0.17745 0.15489
v 0.03000 0.17745 0.15489
v 0.03000 0.17745 0.15489
v 0.03000 0.17745 0.15489
v 0.03000 0.17745 0.15489
v 0.03000 0.17745 0.15489
v 0.03000 0.17745 0.15489
v 0.03000 0.17745 0.15489
v 0.03000 0.17745 0.15489
v 0.03000 0.17745 0.15489
v 0.03000 0.17745 0.15489
v 0.03000 0.17745 0.15489
v 0.03000 0.17745 0.15489
v 0.03000 0.17745 0.15489
v 0.03000 0.17745 0.15489
v 0.03000 0.17745 0.15489
v 0.03000 0.17745 0.15489
v 0.03000 0.17745 0.15489
v 0.03000 0.17745 0.15489
v 0.03000 0.16895 0.15527
v 0.03220 0.16924 0.15526
v 0.03425 0.17009 0.15522
v 0.03601 0.17144 0.15516
v 0.03736 0.17320 0.15508
v 0.03821 0.17525 0.15499
v 0.03850 0.17745 0.15489
v 0.03821 0.17964 0.15479
v 0.03736 0.18169 0.15470
v 0.03601 0.18345 0.15462
v 0.03425 0.18480 0.15456
v 0.03220 0.18565 0.15452
v 0.03000 0.18594 0.15450
v 0.02780 0.18565 0.15452
v 0.02575 0.18480 0.15456
v 0.02399 0.18345 0.15462
v 0.02264 0.18169 0.15470
v 0.02179 0.17964 0.15479
v 0.02150 0.17745 0.15489
v 0.02179 0.17525 0.15499
v 0.02264 0.17320 0.15508
v 0.02399 0.17144 0.15516
v 0.02575 0.17009 0.15522
v 0.02780 0.16924 0.15526
v 0.03000 0.16895 0.15527
v 0.03000 0.17691 0.14290
v 0.03000 0.17691 0.14290
v 0.03000 0.17691 0.14290
v 0.03000 0.17691 0.14290
v 0.03000 0.17691 0.14290
v 0.03000 0.17691 0.14290
v 0.03000 0.17691 0.14290
v 0.03000 0.17691 0.14290
v 0.03000 0.17691 0.14290
v 0.03000 0.17691 0.14290
v 0.03000 0.17691 0.14290
v 0.03000 0.17691 0.14290
v 0.03000 0.17691 0.14290
v 0.03000 0.17691 0.14290
v 0.03000 0.17691 0.14290
v 0.03000 0.17691 0.14290
v 0.03000 0.17691 0.14290
v 0.03000 0.17691 0.14290
v 0.03000 0.17691 0.14290
v 0.03000 0.17691 0.14290
v 0.03000 0.17691 0.14290
v 0.03000 0.17691 0.14290
v 0.03000 0.17691 0.14290
v 0.03000 0.17691 0.14290
v 0.03000 0.16842 0.14328
v 0.03220 0.16870 0.14327
v 0.03425 0.16955 0.14323
v 0.03601 0.17090 0.14317
v 0.03736 0.17266 0.14309
v 0.03821 0.17471 0.14300
v 0.03850 0.17691 0.14290
v 0.03821 0.17910 0.14280
v 0.03736 0.18115 0.14271
v 0.03601 0.18291 0.14263
v 0.03425 0.18426 0.14257
v 0.03220 0.18511 0.14253
v 0.03000 0.18540 0.14252
v 0.02780 0.18511 0.14253
v 0.02575 0.18426 0.14257
v 0.02399 0.18291 0.14263
v 0.02264 0.18115 0.14271
v 0.02179 0.17910 0.14280
v 0.02150 0.17691 0.14290
v 0.02179 0.17471 0.14300
v 0.02264 0.17266 0.14309
v 0.02399 0.17090 0.14317
v 0.02575 0.16955 0.14323
v 0.02780 0.16870 0.14327
v 0.03000 0.16842 0.14328
f 881 906 882
f 906 907 882
f 882 907 883
f 907 908 883
f 883 908 884
f 908 909 884
f 884 909 885
f 909 910 885
f 885 910 886
f 910 911 886
f 886 911 887
f 911 912 887
f 887 912 888
f 912 913 888
f 888 913 889
f 913 914 889
f 889 914 890
f 914 915 890
f 890 915 891
f 915 916 891
f 891 916 892
f 916 917 892
f 892 917 893
f 917 918 893
f 893 918 894
f 918 919 894
f 894 919 895
f 919 920 895
f 895 920 896
f 920 921 896
f 896 921 897
f 921 922 897
f 897 922 898
f 922 923 898
f 898 923 899
f 923 924 899
f 899 924 900
f 924 925 900
f 900 925 901
f 925 926 901
f 901 926 902
f 926 927 902
f 902 927 903
f 927 928 903
f 903 928 904
f 928 929 904
f 904 929 905
f 929 930 905
f 955 956 931
f 956 957 932
f 957 958 933
f 958 959 934
f 959 960 935
f 960 961 936
f 961 962 937
f 962 963 938
f 963 964 939
f 964 965 940
f 965 966 941
f 966 967 942
f 967 968 943
f 968 969 944
f 969 970 945
f 970 971 946
f 971 972 947
f 972 973 948
f 973 974 949
f 974 975 950
f 975 976 951
f 976 977 952
f 977 978 953
f 978 979 954
f 1005 1004 980
f 1006 1005 981
f 1007 1006 982
f 1008 1007 983
f 1009 1008 984
f 1010 1009 985
f 1011 1010 986
f 1012 1011 987
f 1013 1012 988
f 1014 1013 989
f 1015 1014 990
f 1016 1015 991
f 1017 1016 992
f 1018 1017 993
f 1019 1018 994
f 1020 1019 995
f 1021 1020 996
f 1022 1021 997
f 1023 1022 998
f 1024 1023 999
f 1025 1024 1000
f 1026 1025 1001
f 1027 1026 1002
f 1028 1027 1003
v 0.07500 0.16895 0.15527
v 0.07720 0.16924 0.15526
v 0.07925 0.17009 0.15522
v 0.08101 0.17144 0.15516
v 0.08236 0.17320 0.15508
v 0.08321 0.17525 0.15499
v 0.08350 0.17745 0.15489
v 0.08321 0.17964 0.15479
v 0.08236 0.18169 0.15470
v 0.08101 0.18345 0.15462
v 0.07925 0.18480 0.15456
v 0.07720 0.18565 0.15452
v 0.07500 0.18594 0.15450
v 0.07280 0.18565 0.15452
v 0.07075 0.18480 0.15456
v 0.06899 0.18345 0.15462
v 0.06764 0.18169 0.15470
v 0.06679 0.17964 0.15479
v 0.06650 0.17745 0.15489
v 0.06679 0.17525 0.15499
v 0.06764 0.17320 0.15508
v 0.06899 0.17144 0.15516
v 0.07075 0.17009 0.15522
v 0.07280 0.16924 0.15526
v 0.07500 0.16895 0.15527
v 0.07500 0.16842 0.14328
v 0.07720 0.16870 0.14327
v 0.07925 0.16955 0.14323
v 0.08101 0.17090 0.14317
v 0.08236 0.17266 0.14309
v 0.08321 0.17471 0.14300
v 0.08350 0.17691 0.14290
v 0.08321 0.17910 0.14280
v 0.08236 0.18115 0.14271
v 0.08101 0.18291 0.14263
v 0.07925 0.18426 0.14257
v 0.07720 0.18511 0.14253
v 0.07500 0.18540 0.14252
v 0.07280 0.18511 0.14253
v 0.07075 0.18426 0.14257
v 0.06899 0.18291 0.14263
v 0.06764 0.18115 0.14271
v 0.06679 0.17910 0.14280
v 0.06650 0.17691 0.14290
v 0.06679 0.17471 0.14300
v 0.06764 0.17266 0.14309
v 0.06899 0.17090 0.14317
v 0.07075 0.16955 0.14323
v 0.07280 0.16870 0.14327
v 0.07500 0.16842 0.14328
v 0.07500 0.17745 0.15489
v 0.07500 0.17745 0.15489
v 0.07500 0.17745 0.15489
v 0.07500 0.17745 0.15489
v 0.07500 0.17745 0.15489
v 0.07500 0.17745 0.15489
v 0.07500 0.17745 0.15489
v 0.07500 0.17745 0.15489
v 0.07500 0.17745 0.15489
v 0.07500 0.17745 0.15489
v 0.07500 0.17745 0.15489
v 0.07500 0.17745 0.15489
v 0.07500 0.17745 0.15489
v 0.07500 0.17745 0.15489
v 0.07500 0.17745 0.15489
v 0.07500 0.17745 0.15489
v 0.07500 0.17745 0.15489
v 0.07500 0.17745 0.15489
v 0.07500 0.17745 0.15489
v 0.07500 0.17745 0.15489
v 0.07500 0.17745 0.15489
v 0.07500 0.17745 0.15489
v 0.07500 0.17745 0.15489
v 0.07500 0.17745 0.15489
v 0.07500 0.16895 0.15527
v 0.07720 0.16924 0.15526
v 0.07925 0.17009 0.15522
v 0.08101 0.17144 0.15516
v 0.08236 0.17320 0.15508
v 0.08321 0.17525 0.15499
v 0.08350 0.17745 0.15489
v 0.08321 0.17964 0.15479
v 0.08236 0.18169 0.15470
v 0.08101 0.18345 0.15462
v 0.07925 0.18480 0.15456
v 0.07720 0.18565 0.15452
v 0.07500 0.18594 0.15450
v 0.07280 0.18565 0.15452
v 0.07075 0.18480 0.15456
v 0.06899 0.18345 0.15462
v 0.06764 0.18169 0.15470
v 0.06679 0.17964 0.15479
v 0.06650 0.17745 0.15489
v 0.06679 0.17525 0.15499
v 0.06764 0.17320 0.15508
v 0.06899 0.17144 0.15516
v 0.07075 0.17009 0.15522
v 0.07280 0.16924 0.15526
v 0.07500 0.16895 0.15527
v 0.07500 0.17691 0.14290
v 0.07500 0.17691 0.14290
v 0.07500 0.17691 0.14290
v 0.07500 0.17691 0.14290
v 0.07500 0.17691 0.14290
v 0.07500 0.17691 0.14290
v 0.07500 0.17691 0.14290
v 0.07500 0.17691 0.14290
v 0.07500 0.17691 0.14290
v 0.07500 0.17691 0.14290
v 0.07500 0.17691 0.14290
v 0.07500 0.17691 0.14290
v 0.07500 0.17691 0.14290
v 0.07500 0.17691 0.14290
v 0.07500 0.17691 0.14290
v 0.07500 0.17691 0.14290
v 0.07500 0.17691 0.14290
v 0.07500 0.17691 0.14290
v 0.07500 0.17691 0.14290
v 0.07500 0.17691 0.14290
v 0.07500 0.17691 0.14290
v 0.07500 0.17691 0.14290
v 0.07500 0.17691 0.14290
v 0.07500 0.17691 0.14290
v 0.07500 0.16842 0.14328
v 0.07720 0.16870 0.14327
v 0.07925 0.16955 0.14323
v 0.08101 0.17090 0.14317
v 0.08236 0.17266 0.14309
v 0.08321 0.17471 0.14300
v 0.08350 0.17691 0.14290
v 0.08321 0.17910 0.14280
v 0.08236 0.18115 0.14271
v 0.08101 0.18291 0.14263
v 0.07925 0.18426 0.14257
v 0.07720 0.18511 0.14253
v 0.07500 0.18540 0.14252
v 0.07280 0.18511 0.14253
v 0.07075 0.18426 0.14257
v 0.06899 0.18291 0.14263
v 0.06764 0.18115 0.14271
v 0.06679 0.17910 0.14280
v 0.06650 0.17691 0.14290
v 0.06679 0.17471 0.14300
v 0.06764 0.17266 0.14309
v 0.06899 0.17090 0.14317
v 0.07075 0.16955 0.14323
v 0.07280 0.16870 0.14327
v 0.07500 0.16842 0.14328
f 1029 1054 1030
f 1054 1055 1030
f 1030 1055 1031
f 1055 1056 1031
f 1031 1056 1032
f 1056 1057 1032
f 1032 1057 1033
f 1057 1058 1033
f 1033 1058 1034
f 1058 1059 1034
f 1034 1059 1035
f 1059 1060 1035
f 1035 1060 1036
f 1060 1061 1036
f 1036 1061 1037
f 1061 1062 1037
f 1037 1062 1038
f 1062 1063 1038
f 1038 1063 1039
f 1063 1064 1039
f 1039 1064 1040
f 1064 1065 1040
f 1040 1065 1041
f 1065 1066 1041
f 1041 1066 1042
f 1066 1067 1042
f 1042 1067 1043
f 1067 1068 1043
f 1043 1068 1044
f 1068 1069 1044
f 1044 1069 1045
f 1069 1070 1045
f 1045 1070 1046
f 1070 1071 1046
f 1046 1071 1047
f 1071 1072 1047
f 1047 1072 1048
f 1072 1073 1048
f 1048 1073 1049
f 1073 1074 1049
f 1049 1074 1050
f 1074 1075 1050
f 1050 1075 1051
f 1075 1076 1051
f 1051 1076 1052
f 1076 1077 1052
f 1052 1077 1053
f 1077 1078 1053
f 1103 1104 1079
f 1104 1105 1080
f 1105 1106 1081
f 1106 1107 1082
f 1107 1108 1083
f 1108 1109 1084
f 1109 1110 1085
f 1110 1111 1086
f 1111 1112 1087
f 1112 1113 1088
f 1113 1114 1089
f 1114 1115 1090
f 1115 1116 1091
f 1116 1117 1092
f 1117 1118 1093
f 1118 1119 1094
f 1119 1120 1095
f 1120 1121 1096
f 1121 1122 1097
f 1122 1123 1098
f 1123 1124 1099
f 1124 1125 1100
f 1125 1126 1101
f 1126 1127 1102
f 1153 1152 1128
f 1154 1153 1129
f 1155 1154 1130
f 1156 1155 1131
f 1157 1156 1132
f 1158 1157 1133
f 1159 1158 1134
f 1160 1159 1135
f 1161 1160 1136
f 1162 1161 1137
f 1163 1162 1138
f 1164 1163 1139
f 1165 1164 1140
f 1166 1165 1141
f 1167 1166 1142
f 1168 1167 1143
f 1169 1168 1144
f 1170 1169 1145
f 1171 1170 1146
f 1172 1171 1147
f 1173 1172 1148
f 1174 1173 1149
f 1175 1174 1150
f 1176 1175 1151
v 0.12000 0.16895 0.15527
v 0.12220 0.16924 0.15526
v 0.12425 0.17009 0.15522
v 0.12601 0.17144 0.15516
v 0.12736 0.17320 0.15508
v 0.12821 0.17525 0.15499
v 0.12850 0.17745 0.15489
v 0.12821 0.17964 0.15479
v 0.12736 0.18169 0.15470
v 0.12601 0.18345 0.15462
v 0.12425 0.18480 0.15456
v 0.12220 0.18565 0.15452
v 0.12000 0.18594 0.15450
v 0.11780 0.18565 0.15452
v 0.11575 0.18480 0.15456
v 0.11399 0.18345 0.15462
v 0.11264 0.18169 0.15470
v 0.11179 0.17964 0.15479
v 0.11150 0.17745 0.15489
v 0.11179 0.17525 0.15499
v 0.11264 0.17320 0.15508
v 0.11399 0.17144 0.15516
v 0.11575 0.17009 0.15522
v 0.11780 0.16924 0.15526
v 0.12000 0.16895 0.15527
v 0.12000 0.16842 0.14328
v 0.12220 0.16870 0.14327
v 0.12425 0.16955 0.14323
v 0.12601 0.17090 0.14317
v 0.12736 0.17266 0.14309
v 0.12821 0.17471 0.14300
v 0.12850 0.17691 0.14290
v 0.12821 0.17910 0.14280
v 0.12736 0.18115 0.14271
v 0.12601 0.18291 0.14263
v 0.12425 0.18426 0.14257
v 0.12220 0.18511 0.14253
v 0.12000 0.18540 0.14252
v 0.11780 0.18511 0.14253
v 0.11575 0.18426 0.14257
v 0.11399 0.18291 0.14263
v 0.11264 0.18115 0.14271
v 0.11179 0.17910 0.14280
v 0.11150 0.17691 0.14290
v 0.11179 0.17471 0.14300
v 0.11264 0.17266 0.14309
v 0.11399 0.17090 0.14317
v 0.11575 0.16955 0.14323
v 0.11780 0.16870 0.14327
v 0.12000 0.16842 0.14328
v 0.12000 0.17745 0.15489
v 0.12000 0.17745 0.15489
v 0.12000 0.17745 0.15489
v 0.12000 0.17745 0.15489
v 0.12000 0.17745 0.15489
v 0.12000 0.17745 0.15489
v 0.12000 0.17745 0.15489
v 0.12000 0.17745 0.15489
v 0.12000 0.17745 0.15489
v 0.12000 0.17745 0.15489
v 0.12000 0.17745 0.15489
v 0.12000 0.17745 0.15489
v 0.12000 0.17745 0.15489
v 0.12000 0.17745 0.15489
v 0.12000 0.17745 0.15489
v 0.12000 0.17745 0.15489
v 0.12000 0.17745 0.15489
v 0.12000 0.17745 0.15489
v 0.12000 0.17745 0.15489
v 0.12000 0.17745 0.15489
v 0.12000 0.17745 0.15489
v 0.12000 0.17745 0.15489
v 0.12000 0.17745 0.15489
v 0.12000 0.17745 0.15489
v 0.12000 0.16895 0.15527
v 0.12220 0.16924 0.15526
v 0.12425 0.17009 0.15522
v 0.12601 0.17144 0.15516
v 0.12736 0.17320 0.15508
v 0.12821 0.17525 0.15499
v 0.12850 0.17745 0.15489
v 0.12821 0.17964 0.15479
v 0.12736 0.18169 0.15470
v 0.12601 0.18345 0.15462
v 0.12425 0.18480 0.15456
v 0.12220 0.18565 0.15452
v 0.12000 0.18594 0.15450
v 0.11780 0.18565 0.15452
v 0.11575 0.18480 0.15456
v 0.11399 0.18345 0.15462
v 0.11264 0.18169 0.15470
v 0.11179 0.17964 0.15479
v 0.11150 0.17745 0.15489
v 0.11179 0.17525 0.15499
v 0.11264 0.17320 0.15508
v 0.11399 0.17144 0.15516
v 0.11575 0.17009 0.15522
v 0.11780 0.16924 0.15526
v 0.12000 0.16895 0.15527
v 0.12000 0.17691 0.14290
v 0.12000 0.17691 0.14290
v 0.12000 0.17691 0.14290
v 0.12000 0.17691 0.14290
v 0.12000 0.17691 0.14290
v 0.12000 0.17691 0.14290
v 0.12000 0.17691 0.14290
v 0.12000 0.17691 0.14290
v 0.12000 0.17691 0.14290
v 0.12000 0.17691 0.14290
v 0.12000 0.17691 0.14290
v 0.12000 0.17691 0.14290
v 0.12000 0.17691 0.14290
v 0.12000 0.17691 0.14290
v 0.12000 0.17691 0.14290
v 0.12000 0.17691 0.14290
v 0.12000 0.17691 0.14290
v 0.12000 0.17691 0.14290
v 0.12000 0.17691 0.14290
v 0.12000 0.17691 0.14290
v 0.12000 0.17691 0.14290
v 0.12000 0.17691 0.14290
v 0.12000 0.17691 0.14290
v 0.12000 0.17691 0.14290
v 0.12000 0.16842 0.14328
v 0.12220 0.16870 0.14327
v 0.12425 0.16955 0.14323
v 0.12601 0.17090 0.14317
v 0.12736 0.17266 0.14309
v 0.12821 0.17471 0.14300
v 0.12850 0.17691 0.14290
v 0.12821 0.17910 0.14280
v 0.12736 0.18115 0.14271
v 0.12601 0.18291 0.14263
v 0.12425 0.18426 0.14257
v 0.12220 0.18511 0.14253
v 0.12000 0.18540 0.14252
v 0.11780 0.18511 0.14253
v 0.11575 0.18426 0.14257
v 0.11399 0.18291 0.14263
v 0.11264 0.18115 0.14271
v 0.11179 0.17910 0.14280
v 0.11150 0.17691 0.14290
v 0.11179 0.17471 0.14300
v 0.11264 0.17266 0.14309
v 0.11399 0.17090 0.14317
v 0.11575 0.16955 0.14323
v 0.11780 0.16870 0.14327
v 0.12000 0.16842 0.14328
f 1177 1202 1178
f 1202 1203 1178
f 1178 1203 1179
f 1203 1204 1179
f 1179 1204 1180
f 1204 1205 1180
f 1180 1205 1181
f 1205 1206 1181
f 1181 1206 1182
f 1206 1207 1182
f 1182 1207 1183
f 1207 1208 1183
f 1183 1208 1184
f 1208 1209 1184
f 1184 1209 1185
f 1209 1210 1185
f 1185 1210 1186
f 1210 1211 1186
f 1186 1211 1187
f 1211 1212 1187
f 1187 1212 1188
f 1212 1213 1188
f 1188 1213 1189
f 1213 1214 1189
f 1189 1214 1190
f 1214 1215 1190
f 1190 1215 1191
f 1215 1216 1191
f 1191 1216 1192
f 1216 1217 1192
f 1192 1217 1193
f 1217 1218 1193
f 1193 1218 1194
f 1218 1219 1194
f 1194 1219 1195
f 1219 1220 1195
f 1195 1220 1196
f 1220 1221 1196
f 1196 1221 1197
f 1221 1222 1197
f 1197 1222 1198
f 1222 1223 1198
f 1198 1223 1199
f 1223 1224 1199
f 1199 1224 1200
f 1224 1225 1200
f 1200 1225 1201
f 1225 1226 1201
f 1251 1252 1227
f 1252 1253 1228
f 1253 1254 1229
f 1254 1255 1230
f 1255 1256 1231
f 1256 1257 1232
f 1257 1258 1233
f 1258 1259 1234
f 1259 1260 1235
f 1260 1261 1236
f 1261 1262 1237
f 1262 1263 1238
f 1263 1264 1239
f 1264 1265 1240
f 1265 1266 1241
f 1266 1267 1242
f 1267 1268 1243
f 1268 1269 1244
f 1269 1270 1245
f 1270 1271 1246
f 1271 1272 1247
f 1272 1273 1248
f 1273 1274 1249
f 1274 1275 1250
f 1301 1300 1276
f 1302 1301 1277
f 1303 1302 1278
f 1304 1303 1279
f 1305 1304 1280
f 1306 1305 1281
f 1307 1306 1282
f 1308 1307 1283
f 1309 1308 1284
f 1310 1309 1285
f 1311 1310 1286
f 1312 1311 1287
f 1313 1312 1288
f 1314 1313 1289
f 1315 1314 1290
f 1316 1315 1291
f 1317 1316 1292
f 1318 1317 1293
f 1319 1318 1294
f 1320 1319 1295
f 1321 1320 1296
f 1322 1321 1297
f 1323 1322 1298
f 1324 1323 1299
v -0.12800 0.16732 0.15234
v -0.12541 0.16766 0.15232
v -0.12300 0.16866 0.15228
v -0.12093 0.17025 0.15221
v -0.11934 0.17232 0.15212
v -0.11834 0.17473 0.15201
v -0.11800 0.17731 0.15189
v -0.11834 0.17990 0.15177
v -0.11934 0.18231 0.15167
v -0.12093 0.18438 0.15157
v -0.12300 0.18596 0.15150
v -0.12541 0.18696 0.15146
v -0.12800 0.18730 0.15144
v -0.13059 0.18696 0.15146
v -0.13300 0.18596 0.15150
v -0.13507 0.18438 0.15157
v -0.13666 0.18231 0.15167
v -0.13766 0.17990 0.15177
v -0.13800 0.17731 0.15189
v -0.13766 0.17473 0.15201
v -0.13666 0.17232 0.15212
v -0.13507 0.17025 0.15221
v -0.13300 0.16866 0.15228
v -0.13059 0.16766 0.15232
v -0.12800 0.16732 0.15234
v -0.12800 0.16687 0.14235
v -0.12541 0.16721 0.14233
v -0.12300 0.16821 0.14229
v -0.12093 0.16980 0.14222
v -0.11934 0.17187 0.14213
v -0.11834 0.17428 0.14202
v -0.11800 0.17686 0.14190
v -0.11834 0.17945 0.14178
v -0.11934 0.18186 0.14168
v -0.12093 0.18393 0.14158
v -0.12300 0.18551 0.14151
v -0.12541 0.18651 0.14147
v -0.12800 0.18685 0.14145
v -0.13059 0.18651 0.14147
v -0.13300 0.18551 0.14151
v -0.13507 0.18393 0.14158
v -0.13666 0.18186 0.14168
v -0.13766 0.17945 0.14178
v -0.13800 0.17686 0.14190
v -0.13766 0.17428 0.14202
v -0.13666 0.17187 0.14213
v -0.13507 0.16980 0.14222
v -0.13300 0.16821 0.14229
v -0.13059 0.16721 0.14233
v -0.12800 0.16687 0.14235
v -0.12800 0.17731 0.15189
v -0.12800 0.17731 0.15189
v -0.12800 0.17731 0.15189
v -0.12800 0.17731 0.15189
v -0.12800 0.17731 0.15189
v -0.12800 0.17731 0.15189
v -0.12800 0.17731 0.15189
v -0.12800 0.17731 0.15189
v -0.12800 0.17731 0.15189
v -0.12800 0.17731 0.15189
v -0.12800 0.17731 0.15189
v -0.12800 0.17731 0.15189
v -0.12800 0.17731 0.15189
v -0.12800 0.17731 0.15189
v -0.12800 0.17731 0.15189
v -0.12800 0.17731 0.15189
v -0.12800 0.17731 0.15189
v -0.12800 0.17731 0.15189
v -0.12800 0.17731 0.15189
v -0.12800 0.17731 0.15189
v -0.12800 0.17731 0.15189
v -0.12800 0.17731 0.15189
v -0.12800 0.17731 0.15189
v -0.12800 0.17731 0.15189
v -0.12800 0.16732 0.15234
v -0.12541 0.16766 0.15232
v -0.12300 0.16866 0.15228
v -0.12093 0.17025 0.15221
v -0.11934 0.17232 0.15212
v -0.11834 0.17473 0.15201
v -0.11800 0.17731 0.15189
v -0.11834 0.17990 0.15177
v -0.11934 0.18231 0.15167
v -0.12093 0.18438 0.15157
v -0.12300 0.18596 0.15150
v -0.12541 0.18696 0.15146
v -0.12800 0.18730 0.15144
v -0.13059 0.18696 0.15146
v -0.13300 0.18596 0.15150
v -0.13507 0.18438 0.15157
v -0.13666 0.18231 0.15167
v -0.13766 0.17990 0.15177
v -0.13800 0.17731 0.15189
v -0.13766 0.17473 0.15201
v -0.13666 0.17232 0.15212
v -0.13507 0.17025 0.15221
v -0.13300 0.16866 0.15228
v -0.13059 0.16766 0.15232
v -0.12800 0.16732 0.15234
v -0.12800 0.17686 0.14190
v -0.12800 0.17686 0.14190
v -0.12800 0.17686 0.14190
v -0.12800 0.17686 0.14190
v -0.12800 0.17686 0.14190
v -0.12800 0.17686 0.14190
v -0.12800 0.17686 0.14190
v -0.12800 0.17686 0.14190
v -0.12800 0.17686 0.14190
v -0.12800 0.17686 0.14190
v -0.12800 0.17686 0.14190
v -0.12800 0.17686 0.14190
v -0.12800 0.17686 0.14190
v -0.12800 0.17686 0.14190
v -0.12800 0.17686 0.14190
v -0.12800 0.17686 0.14190
v -0.12800 0.17686 0.14190
v -0.12800 0.17686 0.14190
v -0.12800 0.17686 0.14190
v -0.12800 0.17686 0.14190
v -0.12800 0.17686 0.14190
v -0.12800 0.17686 0.14190
v -0.12800 0.17686 0.14190
v -0.12800 0.17686 0.14190
v -0.12800 0.16687 0.14235
v -0.12541 0.16721 0.14233
v -0.12300 0.16821 0.14229
v -0.12093 0.16980 0.14222
v -0.11934 0.17187 0.14213
v -0.11834 0.17428 0.14202
v -0.11800 0.17686 0.14190
v -0.11834 0.17945 0.14178
v -0.11934 0.18186 0.14168
v -0.12093 0.18393 0.14158
v -0.12300 0.18551 0.14151
v -0.12541 0.18651 0.14147
v -0.12800 0.18685 0.14145
v -0.13059 0.18651 0.14147
v -0.13300 0.18551 0.14151
v -0.13507 0.18393 0.14158
v -0.13666 0.18186 0.14168
v -0.13766 0.17945 0.14178
v -0.13800 0.17686 0.14190
v -0.13766 0.17428 0.14202
v -0.13666 0.17187 0.14213
v -0.13507 0.16980 0.14222
v -0.13300 0.16821 0.14229
v -0.13059 0.16721 0.14233
v -0.12800 0.16687 0.14235
f 1325 1350 1326
f 1350 1351 1326
f 1326 1351 1327
f 1351 1352 1327
f 1327 1352 1328
f 1352 1353 1328
f 1328 1353 1329
f 1353 1354 1329
f 1329 1354 1330
f 1354 1355 1330
f 1330 1355 1331
f 1355 1356 1331
f 1331 1356 1332
f 1356 1357 1332
f 1332 1357 1333
f 1357 1358 1333
f 1333 1358 1334
f 1358 1359 1334
f 1334 1359 1335
f 1359 1360 1335
f 1335 1360 1336
f 1360 1361 1336
f 1336 1361 1337
f 1361 1362 1337
f 1337 1362 1338
f 1362 1363 1338
f 1338 1363 1339
f 1363 1364 1339
f 1339 1364 1340
f 1364 1365 1340
f 1340 1365 1341
f 1365 1366 1341
f 1341 1366 1342
f 1366 1367 1342
f 1342 1367 1343
f 1367 1368 1343
f 1343 1368 1344
f 1368 1369 1344
f 1344 1369 1345
f 1369 1370 1345
f 1345 1370 1346
f 1370 1371 1346
f 1346 1371 1347
f 1371 1372 1347
f 1347 1372 1348
f 1372 1373 1348
f 1348 1373 1349
f 1373 1374 1349
f 1399 1400 1375
f 1400 1401 1376
f 1401 1402 1377
f 1402 1403 1378
f 1403 1404 1379
f 1404 1405 1380
f 1405 1406 1381
f 1406 1407 1382
f 1407 1408 1383
f 1408 1409 1384
f 1409 1410 1385
f 1410 1411 1386
f 1411 1412 1387
f 1412 1413 1388
f 1413 1414 1389
f 1414 1415 1390
f 1415 1416 1391
f 1416 1417 1392
f 1417 1418 1393
f 1418 1419 1394
f 1419 1420 1395
f 1420 1421 1396
f 1421 1422 1397
f 1422 1423 1398
f 1449 1448 1424
f 1450 1449 1425
f 1451 1450 1426
f 1452 1451 1427
f 1453 1452 1428
f 1454 1453 1429
f 1455 1454 1430
f 1456 1455 1431
f 1457 1456 1432
f 1458 1457 1433
f 1459 1458 1434
f 1460 1459 1435
f 1461 1460 1436
f 1462 1461 1437
f 1463 1462 1438
f 1464 1463 1439
f 1465 1464 1440
f 1466 1465 1441
f 1467 1466 1442
f 1468 1467 1443
f 1469 1468 1444
f 1470 1469 1445
f 1471 1470 1446
f 1472 1471 1447
v 0.21500 0.02721 0.41122
v 0.21500 0.01919 0.26544
v 0.21500 0.02322 0.41144
v 0.21500 0.01519 0.26566
v -0.23500 0.01919 0.26544
v -0.23500 0.02721 0.41122
v -0.23500 0.01519 0.26566
v -0.23500 0.02322 0.41144
v -0.23500 0.01919 0.26544
v 0.21500 0.01919 0.26544
v -0.23500 0.02721 0.41122
v 0.21500 0.02721 0.41122
v -0.23500 0.02322 0.41144
v 0.21500 0.02322 0.41144
v -0.23500 0.01519 0.26566
v 0.21500 0.01519 0.26566
v -0.23500 0.02721 0.41122
v 0.21500 0.02721 0.41122
v -0.23500 0.02322 0.41144
v 0.21500 0.02322 0.41144
v 0.21500 0.01919 0.26544
v -0.23500 0.01919 0.26544
v 0.21500 0.01519 0.26566
v -0.23500 0.01519 0.26566
f 1473 1475 1474
f 1475 1476 1474
f 1477 1479 1478
f 1479 1480 1478
f 1481 1483 1482
f 1483 1484 1482
f 1485 1487 1486
f 1487 1488 1486
f 1489 1491 1490
f 1491 1492 1490
f 1493 1495 1494
f 1495 1496 1494
v -0.20550 0.02457 0.29044
v -0.20550 0.02366 0.27396
v -0.20550 0.01858 0.29077
v -0.20550 0.01767 0.27429
v -0.22200 0.02366 0.27396
v -0.22200 0.02457 0.29044
v -0.22200 0.01767 0.27429
v -0.22200 0.01858 0.29077
v -0.22200 0.02366 0.27396
v -0.20550 0.02366 0.27396
v -0.22200 0.02457 0.29044
v -0.20550 0.02457 0.29044
v -0.22200 0.01858 0.29077
v -0.20550 0.01858 0.29077
v -0.22200 0.01767 0.27429
v -0.20550 0.01767 0.27429
v -0.22200 0.02457 0.29044
v -0.20550 0.02457 0.29044
v -0.22200 0.01858 0.29077
v -0.20550 0.01858 0.29077
v -0.20550 0.02366 0.27396
v -0.22200 0.02366 0.27396
v -0.20550 0.01767 0.27429
v -0.22200 0.01767 0.27429
f 1497 1499 1498
f 1499 1500 1498
f 1501 1503 1502
f 1503 1504 1502
f 1505 1507 1506
f 1507 1508 1506
f 1509 1511 1510
f 1511 1512 1510
f 1513 1515 1514
f 1515 1516 1514
f 1517 1519 1518
f 1519 1520 1518
v -0.18550 0.02457 0.29044
v -0.18550 0.02366 0.27396
v -0.18550 0.01858 0.29077
v -0.18550 0.01767 0.27429
v -0.20200 0.02366 0.27396
v -0.20200 0.02457 0.29044
v -0.20200 0.01767 0.27429
v -0.20200 0.01858 0.29077
v -0.20200 0.02366 0.27396
v -0.18550 0.02366 0.27396
v -0.20200 0.02457 0.29044
v -0.18550 0.02457 0.29044
v -0.20200 0.01858 0.29077
v -0.18550 0.01858 0.29077
v -0.20200 0.01767 0.27429
v -0.18550 0.01767 0.27429
v -0.20200 0.02457 0.29044
v -0.18550 0.02457 0.29044
v -0.20200 0.01858 0.29077
v -0.18550 0.01858 0.29077
v -0.18550 0.02366 0.27396
v -0.20200 0.02366 0.27396
v -0.18550 0.01767 0.27429
v -0.20200 0.01767 0.27429
f 1521 1523 1522
f 1523 1524 1522
f 1525 1527 1526
f 1527 1528 1526
f 1529 1531 1530
f 1531 1532 1530
f 1533 1535 1534
f 1535 1536 1534
f 1537 1539 1538
f 1539 1540 1538
f 1541 1543 1542
f 1543 1544 1542
v -0.16550 0.02457 0.29044
v -0.16550 0.02366 0.27396
v -0.16550 0.01858 0.29077
v -0.16550 0.01767 0.27429
v -0.18200 0.02366 0.27396
v -0.18200 0.02457 0.29044
v -0.18200 0.01767 0.27429
v -0.18200 0.01858 0.29077
v -0.18200 0.02366 0.27396
v -0.16550 0.02366 0.27396
v -0.18200 0.02457 0.29044
v -0.16550 0.02457 0.29044
v -0.18200 0.01858 0.29077
v -0.16550 0.01858 0.29077
v -0.18200 0.01767 0.27429
v -0.16550 0.01767 0.27429
v -0.18200 0.02457 0.29044
v -0.16550 0.02457 0.29044
v -0.18200 0.01858 0.29077
v -0.16550 0.01858 0.29077
v -0.16550 0.02366 0.27396
v -0.18200 0.02366 0.27396
v -0.16550 0.01767 0.27429
v -0.18200 0.01767 0.27429
f 1545 1547 1546
f 1547 1548 1546
f 1549 1551 1550
f 1551 1552 1550
f 1553 1555 1554
f 1555 1556 1554
f 1557 1559 1558
f 1559 1560 1558
f 1561 1563 1562
f 1563 1564 1562
f 1565 1567 1566
f 1567 1568 1566
v -0.14550 0.02457 0.29044
v -0.14550 0.02366 0.27396
v -0.14550 0.01858 0.29077
v -0.14550 0.01767 0.27429
v -0.16200 0.02366 0.27396
v -0.16200 0.02457 0.29044
v -0.16200 0.01767 0.27429
v -0.16200 0.01858 0.29077
v -0.16200 0.02366 0.27396
v -0.14550 0.02366 0.27396
v -0.16200 0.02457 0.29044
v -0.14550 0.02457 0.29044
v -0.16200 0.01858 0.29077
v -0.14550 0.01858 0.29077
v -0.16200 0.01767 0.27429
v -0.14550 0.01767 0.27429
v -0.16200 0.02457 0.29044
v -0.14550 0.02457 0.29044
v -0.16200 0.01858 0.29077
v -0.14550 0.01858 0.29077
v -0.14550 0.02366 0.27396
v -0.16200 0.02366 0.27396
v -0.14550 0.01767 0.27429
v -0.16200 0.01767 0.27429
f 1569 1571 1570
f 1571 1572 1570
f 1573 1575 1574
f 1575 1576 1574
f 1577 1579 1578
f 1579 1580 1578
f 1581 1583 1582
f 1583 1584 1582
f 1585 1587 1586
f 1587 1588 1586
f 1589 1591 1590
f 1591 1592 1590
v -0.12550 0.02457 0.29044
v -0.12550 0.02366 0.27396
v -0.12550 0.01858 0.29077
v -0.12550 0.01767 0.27429
v -0.14200 0.02366 0.27396
v -0.14200 0.02457 0.29044
v -0.14200 0.01767 0.27429
v -0.14200 0.01858 0.29077
v -0.14200 0.02366 0.27396
v -0.12550 0.02366 0.27396
v -0.14200 0.02457 0.29044
v -0.12550 0.02457 0.29044
v -0.14200 0.01858 0.29077
v -0.12550 0.01858 0.29077
v -0.14200 0.01767 0.27429
v -0.12550 0.01767 0.27429
v -0.14200 0.02457 0.29044
v -0.12550 0.02457 0.29044
v -0.14200 0.01858 0.29077
v -0.12550 0.01858 0.29077
v -0.12550 0.02366 0.27396
v -0.14200 0.02366 0.27396
v -0.12550 0.01767 0.27429
v -0.14200 0.01767 0.27429
f 1593 1595 1594
f 1595 1596 1594
f 1597 1599 1598
f 1599 1600 1598
f 1601 1603 1602
f 1603 1604 1602
f 1605 1607 1606
f 1607 1608 1606
f 1609 1611 1610
f 1611 1612 1610
f 1613 1615 1614
f 1615 1616 1614
v -0.09550 0.02457 0.29044
v -0.09550 0.02366 0.27396
v -0.09550 0.01858 0.29077
v -0.09550 0.01767 0.27429
v -0.11200 0.02366 0.27396
v -0.11200 0.02457 0.29044
v -0.11200 0.01767 0.27429
v -0.11200 0.01858 0.29077
v -0.11200 0.02366 0.27396
v -0.09550 0.02366 0.27396
v -0.11200 0.02457 0.29044
v -0.09550 0.02457 0.29044
v -0.11200 0.01858 0.29077
v -0.09550 0.01858 0.29077
v -0.11200 0.01767 0.27429
v -0.09550 0.01767 0.27429
v -0.11200 0.02457 0.29044
v -0.09550 0.02457 0.29044
v -0.11200 0.01858 0.29077
v -0.09550 0.01858 0.29077
v -0.09550 0.02366 0.27396
v -0.11200 0.02366 0.27396
v -0.09550 0.01767 0.27429
v -0.11200 0.01767 0.27429
f 1617 1619 1618
f 1619 1620 1618
f 1621 1623 1622
f 1623 1624 1622
f 1625 1627 1626
f 1627 1628 1626
f 1629 1631 1630
f 1631 1632 1630
f 1633 1635 1634
f 1635 1636 1634
f 1637 1639 1638
f 1639 1640 1638
v -0.07550 0.02457 0.29044
v -0.07550 0.02366 0.27396
v -0.07550 0.01858 0.29077
v -0.07550 0.01767 0.27429
v -0.09200 0.02366 0.27396
v -0.09200 0.02457 0.29044
v -0.09200 0.01767 0.27429
v -0.09200 0.01858 0.29077
v -0.09200 0.02366 0.27396
v -0.07550 0.02366 0.27396
v -0.09200 0.02457 0.29044
v -0.07550 0.02457 0.29044
v -0.09200 0.01858 0.29077
v -0.07550 0.01858 0.29077
v -0.09200 0.01767 0.27429
v -0.07550 0.01767 0.27429
v -0.09200 0.02457 0.29044
v -0.07550 0.02457 0.29044
v -0.09200 0.01858 0.29077
v -0.07550 0.01858 0.29077
v -0.07550 0.02366 0.27396
v -0.09200 0.02366 0.27396
v -0.07550 0.01767 0.27429
v -0.09200 0.01767 0.27429
f 1641 1643 1642
f 1643 1644 1642
f 1645 1647 1646
f 1647 1648 1646
f 1649 1651 1650
f 1651 1652 1650
f 1653 1655 1654
f 1655 1656 1654
f 1657 1659 1658
f 1659 1660 1658
f 1661 1663 1662
f 1663 1664 1662
v -0.05550 0.02457 0.29044
v -0.05550 0.02366 0.27396
v -0.05550 0.01858 0.29077
v -0.05550 0.01767 0.27429
v -0.07200 0.02366 0.27396
v -0.07200 0.02457 0.29044
v -0.07200 0.01767 0.27429
v -0.07200 0.01858 0.29077
v -0.07200 0.02366 0.27396
v -0.05550 0.02366 0.27396
v -0.07200 0.02457 0.29044
v -0.05550 0.02457 0.29044
v -0.07200 0.01858 0.29077
v -0.05550 0.01858 0.29077
v -0.07200 0.01767 0.27429
v -0.05550 0.01767 0.27429
v -0.07200 0.02457 0.29044
v -0.05550 0.02457 0.29044
v -0.07200 0.01858 0.29077
v -0.05550 0.01858 0.29077
v -0.05550 0.02366 0.27396
v -0.07200 0.02366 0.27396
v -0.05550 0.01767 0.27429
v -0.07200 0.01767 0.27429
f 1665 1667 1666
f 1667 1668 1666
f 1669 1671 1670
f 1671 1672 1670
f 1673 1675 1674
f 1675 1676 1674
f 1677 1679 1678
f 1679 1680 1678
f 1681 1683 1682
f 1683 1684 1682
f 1685 1687 1686
f 1687 1688 1686
v -0.03550 0.02457 0.29044
v -0.03550 0.02366 0.27396
v -0.03550 0.01858 0.29077
v -0.03550 0.01767 0.27429
v -0.05200 0.02366 0.27396
v -0.05200 0.02457 0.29044
v -0.05200 0.01767 0.27429
v -0.05200 0.01858 0.29077
v -0.05200 0.02366 0.27396
v -0.03550 0.02366 0.27396
v -0.05200 0.02457 0.29044
v -0.03550 0.02457 0.29044
v -0.05200 0.01858 0.29077
v -0.03550 0.01858 0.29077
v -0.05200 0.01767 0.27429
v -0.03550 0.01767 0.27429
v -0.05200 0.02457 0.29044
v -0.03550 0.02457 0.29044
v -0.05200 0.01858 0.29077
v -0.03550 0.01858 0.29077
v -0.03550 0.02366 0.27396
v -0.05200 0.02366 0.27396
v -0.03550 0.01767 0.27429
v -0.05200 0.01767 0.27429
f 1689 1691 1690
f 1691 1692 1690
f 1693 1695 1694
f 1695 1696 1694
f 1697 1699 1698
f 1699 1700 1698
f 1701 1703 1702
f 1703 1704 1702
f 1705 1707 1706
f 1707 1708 1706
f 1709 1711 1710
f 1711 1712 1710
v -0.00550 0.02457 0.29044
v -0.00550 0.02366 0.27396
v -0.00550 0.01858 0.29077
v -0.00550 0.01767 0.27429
v -0.02200 0.02366 0.27396
v -0.02200 0.02457 0.29044
v -0.02200 0.01767 0.27429
v -0.02200 0.01858 0.29077
v -0.02200 0.02366 0.27396
v -0.00550 0.02366 0.27396
v -0.02200 0.02457 0.29044
v -0.00550 0.02457 0.29044
v -0.02200 0.01858 0.29077
v -0.00550 0.01858 0.29077
v -0.02200 0.01767 0.27429
v -0.00550 0.01767 0.27429
v -0.02200 0.02457 0.29044
v -0.00550 0.02457 0.29044
v -0.02200 0.01858 0.29077
v -0.00550 0.01858 0.29077
v -0.00550 0.02366 0.27396
v -0.02200 0.02366 0.27396
v -0.00550 0.01767 0.27429
v -0.02200 0.01767 0.27429
f 1713 1715 1714
f 1715 1716 1714
f 1717 1719 1718
f 1719 1720 1718
f 1721 1723 1722
f 1723 1724 1722
f 1725 1727 1726
f 1727 1728 1726
f 1729 1731 1730
f 1731 1732 1730
f 1733 1735 1734
f 1735 1736 1734
v 0.01450 0.02457 0.29044
v 0.01450 0.02366 0.27396
v 0.01450 0.01858 0.29077
v 0.01450 0.01767 0.27429
v -0.00200 0.02366 0.27396
v -0.00200 0.02457 0.29044
v -0.00200 0.01767 0.27429
v -0.00200 0.01858 0.29077
v -0.00200 0.02366 0.27396
v 0.01450 0.02366 0.27396
v -0.00200 0.02457 0.29044
v 0.01450 0.02457 0.29044
v -0.00200 0.01858 0.29077
v 0.01450 0.01858 0.29077
v -0.00200 0.01767 0.27429
v 0.01450 0.01767 0.27429
v -0.00200 0.02457 0.29044
v 0.01450 0.02457 0.29044
v -0.00200 0.01858 0.29077
v 0.01450 0.01858 0.29077
v 0.01450 0.02366 0.27396
v -0.00200 0.02366 0.27396
v 0.01450 0.01767 0.27429
v -0.00200 0.01767 0.27429
f 1737 1739 1738
f 1739 1740 1738
f 1741 1743 1742
f 1743 1744 1742
f 1745 1747 1746
f 1747 1748 1746
f 1749 1751 1750
f 1751 1752 1750
f 1753 1755 1754
f 1755 1756 1754
f 1757 1759 1758
f 1759 1760 1758
v 0.03450 0.02457 0.29044
v 0.03450 0.02366 0.27396
v 0.03450 0.01858 0.29077
v 0.03450 0.01767 0.27429
v 0.01800 0.02366 0.27396
v 0.01800 0.02457 0.29044
v 0.01800 0.01767 0.27429
v 0.01800 0.01858 0.29077
v 0.01800 0.02366 0.27396
v 0.03450 0.02366 0.27396
v 0.01800 0.02457 0.29044
v 0.03450 0.02457 0.29044
v 0.01800 0.01858 0.29077
v 0.03450 0.01858 0.29077
v 0.01800 0.01767 0.27429
v 0.03450 0.01767 0.27429
v 0.01800 0.02457 0.29044
v 0.03450 0.02457 0.29044
v 0.01800 0.01858 0.29077
v 0.03450 0.01858 0.29077
v 0.03450 0.02366 0.27396
v 0.01800 0.02366 0.27396
v 0.03450 0.01767 0.27429
v 0.01800 0.01767 0.27429
f 1761 1763 1762
f 1763 1764 1762
f 1765 1767 1766
f 1767 1768 1766
f 1769 1771 1770
f 1771 1772 1770
f 1773 1775 1774
f 1775 1776 1774
f 1777 1779 1778
f 1779 1780 1778
f 1781 1783 1782
f 1783 1784 1782
v 0.05450 0.02457 0.29044
v 0.05450 0.02366 0.27396
v 0.05450 0.01858 0.29077
v 0.05450 0.01767 0.27429
v 0.03800 0.02366 0.27396
v 0.03800 0.02457 0.29044
v 0.03800 0.01767 0.27429
v 0.03800 0.01858 0.29077
v 0.03800 0.02366 0.27396
v 0.05450 0.02366 0.27396
v 0.03800 0.02457 0.29044
v 0.05450 0.02457 0.29044
v 0.03800 0.01858 0.29077
v 0.05450 0.01858 0.29077
v 0.03800 0.01767 0.27429
v 0.05450 0.01767 0.27429
v 0.03800 0.02457 0.29044
v 0.05450 0.02457 0.29044
v 0.03800 0.01858 0.29077
v 0.05450 0.01858 0.29077
v 0.05450 0.02366 0.27396
v 0.03800 0.02366 0.27396
v 0.05450 0.01767 0.27429
v 0.03800 0.01767 0.27429
f 1785 1787 1786
f 1787 1788 1786
f 1789 1791 1790
f 1791 1792 1790
f 1793 1795 1794
f 1795 1796 1794
f 1797 1799 1798
f 1799 1800 1798
f 1801 1803 1802
f 1803 1804 1802
f 1805 1807 1806
f 1807 1808 1806
v -0.20550 0.02833 0.32228
v -0.20550 0.02742 0.30580
v -0.20550 0.02034 0.32272
v -0.20550 0.01943 0.30624
v -0.22200 0.02742 0.30580
v -0.22200 0.02833 0.32228
v -0.22200 0.01943 0.30624
v -0.22200 0.02034 0.32272
v -0.22200 0.02742 0.30580
v -0.20550 0.02742 0.30580
v -0.22200 0.02833 0.32228
v -0.20550 0.02833 0.32228
v -0.22200 0.02034 0.32272
v -0.20550 0.02034 0.32272
v -0.22200 0.01943 0.30624
v -0.20550 0.01943 0.30624
v -0.22200 0.02833 0.32228
v -0.20550 0.02833 0.32228
v -0.22200 0.02034 0.32272
v -0.20550 0.02034 0.32272
v -0.20550 0.02742 0.30580
v -0.22200 0.02742 0.30580
v -0.20550 0.01943 0.30624
v -0.22200 0.01943 0.30624
f 1809 1811 1810
f 1811 1812 1810
f 1813 1815 1814
f 1815 1816 1814
f 1817 1819 1818
f 1819 1820 1818
f 1821 1823 1822
f 1823 1824 1822
f 1825 1827 1826
f 1827 1828 1826
f 1829 1831 1830
f 1831 1832 1830
v -0.18550 0.02833 0.32228
v -0.18550 0.02742 0.30580
v -0.18550 0.02034 0.32272
v -0.18550 0.01943 0.30624
v -0.20200 0.02742 0.30580
v -0.20200 0.02833 0.32228
v -0.20200 0.01943 0.30624
v -0.20200 0.02034 0.32272
v -0.20200 0.02742 0.30580
v -0.18550 0.02742 0.30580
v -0.20200 0.02833 0.32228
v -0.18550 0.02833 0.32228
v -0.20200 0.02034 0.32272
v -0.18550 0.02034 0.32272
v -0.20200 0.01943 0.30624
v -0.18550 0.01943 0.30624
v -0.20200 0.02833 0.32228
v -0.18550 0.02833 0.32228
v -0.20200 0.02034 0.32272
v -0.18550 0.02034 0.32272
v -0.18550 0.02742 0.30580
v -0.20200 0.02742 0.30580
v -0.18550 0.01943 0.30624
v -0.20200 0.01943 0.30624
f 1833 1835 1834
f 1835 1836 1834
f 1837 1839 1838
f 1839 1840 1838
f 1841 1843 1842
f 1843 1844 1842
f 1845 1847 1846
f 1847 1848 1846
f 1849 1851 1850
f 1851 1852 1850
f 1853 1855 1854
f 1855 1856 1854
v -0.16550 0.02833 0.32228
v -0.16550 0.02742 0.30580
v -0.16550 0.02034 0.32272
v -0.16550 0.01943 0.30624
v -0.18200 0.02742 0.30580
v -0.18200 0.02833 0.32228
v -0.18200 0.01943 0.30624
v -0.18200 0.02034 0.32272
v -0.18200 0.02742 0.30580
v -0.16550 0.02742 0.30580
v -0.18200 0.02833 0.32228
v -0.16550 0.02833 0.32228
v -0.18200 0.02034 0.32272
v -0.16550 0.02034 0.32272
v -0.18200 0.01943 0.30624
v -0.16550 0.01943 0.30624
v -0.18200 0.02833 0.32228
v -0.16550 0.02833 0.32228
v -0.18200 0.02034 0.32272
v -0.16550 0.02034 0.32272
v -0.16550 0.02742 0.30580
v -0.18200 0.02742 0.30580
v -0.16550 0.01943 0.30624
v -0.18200 0.01943 0.30624
f 1857 1859 1858
f 1859 1860 1858
f 1861 1863 1862
f 1863 1864 1862
f 1865 1867 1866
f 1867 1868 1866
f 1869 1871 1870
f 1871 1872 1870
f 1873 1875 1874
f 1875 1876 1874
f 1877 1879 1878
f 1879 1880 1878
v -0.14550 0.02833 0.32228
v -0.14550 0.02742 0.30580
v -0.14550 0.02034 0.32272
v -0.14550 0.01943 0.30624
v -0.16200 0.02742 0.30580
v -0.16200 0.02833 0.32228
v -0.16200 0.01943 0.30624
v -0.16200 0.02034 0.32272
v -0.16200 0.02742 0.30580
v -0.14550 0.02742 0.30580
v -0.16200 0.02833 0.32228
v -0.14550 0.02833 0.32228
v -0.16200 0.02034 0.32272
v -0.14550 0.02034 0.32272
v -0.16200 0.01943 0.30624
v -0.14550 0.01943 0.30624
v -0.16200 0.02833 0.32228
v -0.14550 0.02833 0.32228
v -0.16200 0.02034 0.32272
v -0.14550 0.02034 0.32272
v -0.14550 0.02742 0.30580
v -0.16200 0.02742 0.30580
v -0.14550 0.01943 0.30624
v -0.16200 0.01943 0.30624
f 1881 1883 1882
f 1883 1884 1882
f 1885 1887 1886
f 1887 1888 1886
f 1889 1891 1890
f 1891 1892 1890
f 1893 1895 1894
f 1895 1896 1894
f 1897 1899 1898
f 1899 1900 1898
f 1901 1903 1902
f 1903 1904 1902
v -0.12550 0.02833 0.32228
v -0.12550 0.02742 0.30580
v -0.12550 0.02034 0.32272
v -0.12550 0.01943 0.30624
v -0.14200 0.02742 0.30580
v -0.14200 0.02833 0.32228
v -0.14200 0.01943 0.30624
v -0.14200 0.02034 0.32272
v -0.14200 0.02742 0.30580
v -0.12550 0.02742 0.30580
v -0.14200 0.02833 0.32228
v -0.12550 0.02833 0.32228
v -0.14200 0.02034 0.32272
v -0.12550 0.02034 0.32272
v -0.14200 0.01943 0.30624
v -0.12550 0.01943 0.30624
v -0.14200 0.02833 0.32228
v -0.12550 0.02833 0.32228
v -0.14200 0.02034 0.32272
v -0.12550 0.02034 0.32272
v -0.12550 0.02742 0.30580
v -0.14200 0.02742 0.30580
v -0.12550 0.01943 0.30624
v -0.14200 0.01943 0.30624
f 1905 1907 1906
f 1907 1908 1906
f 1909 1911 1910
f 1911 1912 1910
f 1913 1915 1914
f 1915 1916 1914
f 1917 1919 1918
f 1919 1920 1918
f 1921 1923 1922
f 1923 1924 1922
f 1925 1927 1926
f 1927 1928 1926
v -0.10550 0.02833 0.32228
v -0.10550 0.02742 0.30580
v -0.10550 0.02034 0.32272
v -0.10550 0.01943 0.30624
v -0.12200 0.02742 0.30580
v -0.12200 0.02833 0.32228
v -0.12200 0.01943 0.30624
v -0.12200 0.02034 0.32272
v -0.12200 0.02742 0.30580
v -0.10550 0.02742 0.30580
v -0.12200 0.02833 0.32228
v -0.10550 0.02833 0.32228
v -0.12200 0.02034 0.32272
v -0.10550 0.02034 0.32272
v -0.12200 0.01943 0.30624
v -0.10550 0.01943 0.30624
v -0.12200 0.02833 0.32228
v -0.10550 0.02833 0.32228
v -0.12200 0.02034 0.32272
v -0.10550 0.02034 0.32272
v -0.10550 0.02742 0.30580
v -0.12200 0.02742 0.30580
v -0.10550 0.01943 0.30624
v -0.12200 0.01943 0.30624
f 1929 1931 1930
f 1931 1932 1930
f 1933 1935 1934
f 1935 1936 1934
f 1937 1939 1938
f 1939 1940 1938
f 1941 1943 1942
f 1943 1944 1942
f 1945 1947 1946
f 1947 1948 1946
f 1949 1951 1950
f 1951 1952 1950
v -0.08550 0.02833 0.32228
v -0.08550 0.02742 0.30580
v -0.08550 0.02034 0.32272
v -0.08550 0.01943 0.30624
v -0.10200 0.02742 0.30580
v -0.10200 0.02833 0.32228
v -0.10200 0.01943 0.30624
v -0.10200 0.02034 0.32272
v -0.10200 0.02742 0.30580
v -0.08550 0.02742 0.30580
v -0.10200 0.02833 0.32228
v -0.08550 0.02833 0.32228
v -0.10200 0.02034 0.32272
v -0.08550 0.02034 0.32272
v -0.10200 0.01943 0.30624
v -0.08550 0.01943 0.30624
v -0.10200 0.02833 0.32228
v -0.08550 0.02833 0.32228
v -0.10200 0.02034 0.32272
v -0.08550 0.02034 0.32272
v -0.08550 0.02742 0.30580
v -0.10200 0.02742 0.30580
v -0.08550 0.01943 0.30624
v -0.10200 0.01943 0.30624
f 1953 1955 1954
f 1955 1956 1954
f 1957 1959 1958
f 1959 1960 1958
f 1961 1963 1962
f 1963 1964 1962
f 1965 1967 1966
f 1967 1968 1966
f 1969 1971 1970
f 1971 1972 1970
f 1973 1975 1974
f 1975 1976 1974
v -0.06550 0.02833 0.32228
v -0.06550 0.02742 0.30580
v -0.06550 0.02034 0.32272
v -0.06550 0.01943 0.30624
v -0.08200 0.02742 0.30580
v -0.08200 0.02833 0.32228
v -0.08200 0.01943 0.30624
v -0.08200 0.02034 0.32272
v -0.08200 0.02742 0.30580
v -0.06550 0.02742 0.30580
v -0.08200 0.02833 0.32228
v -0.06550 0.02833 0.32228
v -0.08200 0.02034 0.32272
v -0.06550 0.02034 0.32272
v -0.08200 0.01943 0.30624
v -0.06550 0.01943 0.30624
v -0.08200 0.02833 0.32228
v -0.06550 0.02833 0.32228
v -0.08200 0.02034 0.32272
v -0.06550 0.02034 0.32272
v -0.06550 0.02742 0.30580
v -0.08200 0.02742 0.30580
v -0.06550 0.01943 0.30624
v -0.08200 0.01943 0.30624
f 1977 1979 1978
f 1979 1980 1978
f 1981 1983 1982
f 1983 1984 1982
f 1985 1987 1986
f 1987 1988 1986
f 1989 1991 1990
f 1991 1992 1990
f 1993 1995 1994
f 1995 1996 1994
f 1997 1999 1998
f 1999 2000 1998
v -0.04550 0.02833 0.32228
v -0.04550 0.02742 0.30580
v -0.04550 0.02034 0.32272
v -0.04550 0.01943 0.30624
v -0.06200 0.02742 0.30580
v -0.06200 0.02833 0.32228
v -0.06200 0.01943 0.30624
v -0.06200 0.02034 0.32272
v -0.06200 0.02742 0.30580
v -0.04550 0.02742 0.30580
v -0.06200 0.02833 0.32228
v -0.04550 0.02833 0.32228
v -0.06200 0.02034 0.32272
v -0.04550 0.02034 0.32272
v -0.06200 0.01943 0.30624
v -0.04550 0.01943 0.30624
v -0.06200 0.02833 0.32228
v -0.04550 0.02833 0.32228
v -0.06200 0.02034 0.32272
v -0.04550 0.02034 0.32272
v -0.04550 0.02742 0.30580
v -0.06200 0.02742 0.30580
v -0.04550 0.01943 0.30624
v -0.06200 0.01943 0.30624
f 2001 2003 2002
f 2003 2004 2002
f 2005 2007 2006
f 2007 2008 2006
f 2009 2011 2010
f 2011 2012 2010
f 2013 2015 2014
f 2015 2016 2014
f 2017 2019 2018
f 2019 2020 2018
f 2021 2023 2022
f 2023 2024 2022
v -0.02550 0.02833 0.32228
v -0.02550 0.02742 0.30580
v -0.02550 0.02034 0.32272
v -0.02550 0.01943 0.30624
v -0.04200 0.02742 0.30580
v -0.04200 0.02833 0.32228
v -0.04200 0.01943 0.30624
v -0.04200 0.02034 0.32272
v -0.04200 0.02742 0.30580
v -0.02550 0.02742 0.30580
v -0.04200 0.02833 0.32228
v -0.02550 0.02833 0.32228
v -0.04200 0.02034 0.32272
v -0.02550 0.02034 0.32272
v -0.04200 0.01943 0.30624
v -0.02550 0.01943 0.30624
v -0.04200 0.02833 0.32228
v -0.02550 0.02833 0.32228
v -0.04200 0.02034 0.32272
v -0.02550 0.02034 0.32272
v -0.02550 0.02742 0.30580
v -0.04200 0.02742 0.30580
v -0.02550 0.01943 0.30624
v -0.04200 0.01943 0.30624
f 2025 2027 2026
f 2027 2028 2026
f 2029 2031 2030
f 2031 2032 2030
f 2033 2035 2034
f 2035 2036 2034
f 2037 2039 2038
f 2039 2040 2038
f 2041 2043 2042
f 2043 2044 2042
f 2045 2047 2046
f 2047 2048 2046
v -0.00550 0.02833 0.32228
v -0.00550 0.02742 0.30580
v -0.00550 0.02034 0.32272
v -0.00550 0.01943 0.30624
v -0.02200 0.02742 0.30580
v -0.02200 0.02833 0.32228
v -0.02200 0.01943 0.30624
v -0.02200 0.02034 0.32272
v -0.02200 0.02742 0.30580
v -0.00550 0.02742 0.30580
v -0.02200 0.02833 0.32228
v -0.00550 0.02833 0.32228
v -0.02200 0.02034 0.32272
v -0.00550 0.02034 0.32272
v -0.02200 0.01943 0.30624
v -0.00550 0.01943 0.30624
v -0.02200 0.02833 0.32228
v -0.00550 0.02833 0.32228
v -0.02200 0.02034 0.32272
v -0.00550 0.02034 0.32272
v -0.00550 0.02742 0.30580
v -0.02200 0.02742 0.30580
v -0.00550 0.01943 0.30624
v -0.02200 0.01943 0.30624
f 2049 2051 2050
f 2051 2052 2050
f 2053 2055 2054
f 2055 2056 2054
f 2057 2059 2058
f 2059 2060 2058
f 2061 2063 2062
f 2063 2064 2062
f 2065 2067 2066
f 2067 2068 2066
f 2069 2071 2070
f 2071 2072 2070
v 0.01450 0.02833 0.32228
v 0.01450 0.02742 0.30580
v 0.01450 0.02034 0.32272
v 0.01450 0.01943 0.30624
v -0.00200 0.02742 0.30580
v -0.00200 0.02833 0.32228
v -0.00200 0.01943 0.30624
v -0.00200 0.02034 0.32272
v -0.00200 0.02742 0.30580
v 0.01450 0.02742 0.30580
v -0.00200 0.02833 0.32228
v 0.01450 0.02833 0.32228
v -0.00200 0.02034 0.32272
v 0.01450 0.02034 0.32272
v -0.00200 0.01943 0.30624
v 0.01450 0.01943 0.30624
v -0.00200 0.02833 0.32228
v 0.01450 0.02833 0.32228
v -0.00200 0.02034 0.32272
v 0.01450 0.02034 0.32272
v 0.01450 0.02742 0.30580
v -0.00200 0.02742 0.30580
v 0.01450 0.01943 0.30624
v -0.00200 0.01943 0.30624
f 2073 2075 2074
f 2075 2076 2074
f 2077 2079 2078
f 2079 2080 2078
f 2081 2083 2082
f 2083 2084 2082
f 2085 2087 2086
f 2087 2088 2086
f 2089 2091 2090
f 2091 2092 2090
f 2093 2095 2094
f 2095 2096 2094
v 0.03450 0.02833 0.32228
v 0.03450 0.02742 0.30580
v 0.03450 0.02034 0.32272
v 0.03450 0.01943 0.30624
v 0.01800 0.02742 0.30580
v 0.01800 0.02833 0.32228
v 0.01800 0.01943 0.30624
v 0.01800 0.02034 0.32272
v 0.01800 0.02742 0.30580
v 0.03450 0.02742 0.30580
v 0.01800 0.02833 0.32228
v 0.03450 0.02833 0.32228
v 0.01800 0.02034 0.32272
v 0.03450 0.02034 0.32272
v 0.01800 0.01943 0.30624
v 0.03450 0.01943 0.30624
v 0.01800 0.02833 0.32228
v 0.03450 0.02833 0.32228
v 0.01800 0.02034 0.32272
v 0.03450 0.02034 0.32272
v 0.03450 0.02742 0.30580
v 0.01800 0.02742 0.30580
v 0.03450 0.01943 0.30624
v 0.01800 0.01943 0.30624
f 2097 2099 2098
f 2099 2100 2098
f 2101 2103 2102
f 2103 2104 2102
f 2105 2107 2106
f 2107 2108 2106
f 2109 2111 2110
f 2111 2112 2110
f 2113 2115 2114
f 2115 2116 2114
f 2117 2119 2118
f 2119 2120 2118
v 0.06770 0.02833 0.32228
v 0.06770 0.02742 0.30580
v 0.06770 0.02034 0.32272
v 0.06770 0.01943 0.30624
v 0.03800 0.02742 0.30580
v 0.03800 0.02833 0.32228
v 0.03800 0.01943 0.30624
v 0.03800 0.02034 0.32272
v 0.03800 0.02742 0.30580
v 0.06770 0.02742 0.30580
v 0.03800 0.02833 0.32228
v 0.06770 0.02833 0.32228
v 0.03800 0.02034 0.32272
v 0.06770 0.02034 0.32272
v 0.03800 0.01943 0.30624
v 0.06770 0.01943 0.30624
v 0.03800 0.02833 0.32228
v 0.06770 0.02833 0.32228
v 0.03800 0.02034 0.32272
v 0.06770 0.02034 0.32272
v 0.06770 0.02742 0.30580
v 0.03800 0.02742 0.30580
v 0.06770 0.01943 0.30624
v 0.03800 0.01943 0.30624
f 2121 2123 2122
f 2123 2124 2122
f 2125 2127 2126
f 2127 2128 2126
f 2129 2131 2130
f 2131 2132 2130
f 2133 2135 2134
f 2135 2136 2134
f 2137 2139 2138
f 2139 2140 2138
f 2141 2143 2142
f 2143 2144 2142
v -0.20150 0.02943 0.34225
v -0.20150 0.02852 0.32577
v -0.20150 0.02144 0.34269
v -0.20150 0.02053 0.32621
v -0.21800 0.02852 0.32577
v -0.21800 0.02943 0.34225
v -0.21800 0.02053 0.32621
v -0.21800 0.02144 0.34269
v -0.21800 0.02852 0.32577
v -0.20150 0.02852 0.32577
v -0.21800 0.02943 0.34225
v -0.20150 0.02943 0.34225
v -0.21800 0.02144 0.34269
v -0.20150 0.02144 0.34269
v -0.21800 0.02053 0.32621
v -0.20150 0.02053 0.32621
v -0.21800 0.02943 0.34225
v -0.20150 0.02943 0.34225
v -0.21800 0.02144 0.34269
v -0.20150 0.02144 0.34269
v -0.20150 0.02852 0.32577
v -0.21800 0.02852 0.32577
v -0.20150 0.02053 0.32621
v -0.21800 0.02053 0.32621
f 2145 2147 2146
f 2147 2148 2146
f 2149 2151 2150
f 2151 2152 2150
f 2153 2155 2154
f 2155 2156 2154
f 2157 2159 2158
f 2159 2160 2158
f 2161 2163 2162
f 2163 2164 2162
f 2165 2167 2166
f 2167 2168 2166
v -0.18150 0.02943 0.34225
v -0.18150 0.02852 0.32577
v -0.18150 0.02144 0.34269
v -0.18150 0.02053 0.32621
v -0.19800 0.02852 0.32577
v -0.19800 0.02943 0.34225
v -0.19800 0.02053 0.32621
v -0.19800 0.02144 0.34269
v -0.19800 0.02852 0.32577
v -0.18150 0.02852 0.32577
v -0.19800 0.02943 0.34225
v -0.18150 0.02943 0.34225
v -0.19800 0.02144 0.34269
v -0.18150 0.02144 0.34269
v -0.19800 0.02053 0.32621
v -0.18150 0.02053 0.32621
v -0.19800 0.02943 0.34225
v -0.18150 0.02943 0.34225
v -0.19800 0.02144 0.34269
v -0.18150 0.02144 0.34269
v -0.18150 0.02852 0.32577
v -0.19800 0.02852 0.32577
v -0.18150 0.02053 0.32621
v -0.19800 0.02053 0.32621
f 2169 2171 2170
f 2171 2172 2170
f 2173 2175 2174
f 2175 2176 2174
f 2177 2179 2178
f 2179 2180 2178
f 2181 2183 2182
f 2183 2184 2182
f 2185 2187 2186
f 2187 2188 2186
f 2189 2191 2190
f 2191 2192 2190
v -0.16150 0.02943 0.34225
v -0.16150 0.02852 0.32577
v -0.16150 0.02144 0.34269
v -0.16150 0.02053 0.32621
v -0.17800 0.02852 0.32577
v -0.17800 0.02943 0.34225
v -0.17800 0.02053 0.32621
v -0.17800 0.02144 0.34269
v -0.17800 0.02852 0.32577
v -0.16150 0.02852 0.32577
v -0.17800 0.02943 0.34225
v -0.16150 0.02943 0.34225
v -0.17800 0.02144 0.34269
v -0.16150 0.02144 0.34269
v -0.17800 0.02053 0.32621
v -0.16150 0.02053 0.32621
v -0.17800 0.02943 0.34225
v -0.16150 0.02943 0.34225
v -0.17800 0.02144 0.34269
v -0.16150 0.02144 0.34269
v -0.16150 0.02852 0.32577
v -0.17800 0.02852 0.32577
v -0.16150 0.02053 0.32621
v -0.17800 0.02053 0.32621
f 2193 2195 2194
f 2195 2196 2194
f 2197 2199 2198
f 2199 2200 2198
f 2201 2203 2202
f 2203 2204 2202
f 2205 2207 2206
f 2207 2208 2206
f 2209 2211 2210
f 2211 2212 2210
f 2213 2215 2214
f 2215 2216 2214
v -0.14150 0.02943 0.34225
v -0.14150 0.02852 0.32577
v -0.14150 0.02144 0.34269
v -0.14150 0.02053 0.32621
v -0.15800 0.02852 0.32577
v -0.15800 0.02943 0.34225
v -0.15800 0.02053 0.32621
v -0.15800 0.02144 0.34269
v -0.15800 0.02852 0.32577
v -0.14150 0.02852 0.32577
v -0.15800 0.02943 0.34225
v -0.14150 0.02943 0.34225
v -0.15800 0.02144 0.34269
v -0.14150 0.02144 0.34269
v -0.15800 0.02053 0.32621
v -0.14150 0.02053 0.32621
v -0.15800 0.02943 0.34225
v -0.14150 0.02943 0.34225
v -0.15800 0.02144 0.34269
v -0.14150 0.02144 0.34269
v -0.14150 0.02852 0.32577
v -0.15800 0.02852 0.32577
v -0.14150 0.02053 0.32621
v -0.15800 0.02053 0.32621
f 2217 2219 2218
f 2219 2220 2218
f 2221 2223 2222
f 2223 2224 2222
f 2225 2227 2226
f 2227 2228 2226
f 2229 2231 2230
f 2231 2232 2230
f 2233 2235 2234
f 2235 2236 2234
f 2237 2239 2238
f 2239 2240 2238
v -0.12150 0.02943 0.34225
v -0.12150 0.02852 0.32577
v -0.12150 0.02144 0.34269
v -0.12150 0.02053 0.32621
v -0.13800 0.02852 0.32577
v -0.13800 0.02943 0.34225
v -0.13800 0.02053 0.32621
v -0.13800 0.02144 0.34269
v -0.13800 0.02852 0.32577
v -0.12150 0.02852 0.32577
v -0.13800 0.02943 0.34225
v -0.12150 0.02943 0.34225
v -0.13800 0.02144 0.34269
v -0.12150 0.02144 0.34269
v -0.13800 0.02053 0.32621
v -0.12150 0.02053 0.32621
v -0.13800 0.02943 0.34225
v -0.12150 0.02943 0.34225
v -0.13800 0.02144 0.34269
v -0.12150 0.02144 0.34269
v -0.12150 0.02852 0.32577
v -0.13800 0.02852 0.32577
v -0.12150 0.02053 0.32621
v -0.13800 0.02053 0.32621
f 2241 2243 2242
f 2243 2244 2242
f 2245 2247 2246
f 2247 2248 2246
f 2249 2251 2250
f 2251 2252 2250
f 2253 2255 2254
f 2255 2256 2254
f 2257 2259 2258
f 2259 2260 2258
f 2261 2263 2262
f 2263 2264 2262
v -0.10150 0.02943 0.34225
v -0.10150 0.02852 0.32577
v -0.10150 0.02144 0.34269
v -0.10150 0.02053 0.32621
v -0.11800 0.02852 0.32577
v -0.11800 0.02943 0.34225
v -0.11800 0.02053 0.32621
v -0.11800 0.02144 0.34269
v -0.11800 0.02852 0.32577
v -0.10150 0.02852 0.32577
v -0.11800 0.02943 0.34225
v -0.10150 0.02943 0.34225
v -0.11800 0.02144 0.34269
v -0.10150 0.02144 0.34269
v -0.11800 0.02053 0.32621
v -0.10150 0.02053 0.32621
v -0.11800 0.02943 0.34225
v -0.10150 0.02943 0.34225
v -0.11800 0.02144 0.34269
v -0.10150 0.02144 0.34269
v -0.10150 0.02852 0.32577
v -0.11800 0.02852 0.32577
v -0.10150 0.02053 0.32621
v -0.11800 0.02053 0.32621
f 2265 2267 2266
f 2267 2268 2266
f 2269 2271 2270
f 2271 2272 2270
f 2273 2275 2274
f 2275 2276 2274
f 2277 2279 2278
f 2279 2280 2278
f 2281 2283 2282
f 2283 2284 2282
f 2285 2287 2286
f 2287 2288 2286
v -0.08150 0.02943 0.34225
v -0.08150 0.02852 0.32577
v -0.08150 0.02144 0.34269
v -0.08150 0.02053 0.32621
v -0.09800 0.02852 0.32577
v -0.09800 0.02943 0.34225
v -0.09800 0.02053 0.32621
v -0.09800 0.02144 0.34269
v -0.09800 0.02852 0.32577
v -0.08150 0.02852 0.32577
v -0.09800 0.02943 0.34225
v -0.08150 0.02943 0.34225
v -0.09800 0.02144 0.34269
v -0.08150 0.02144 0.34269
v -0.09800 0.02053 0.32621
v -0.08150 0.02053 0.32621
v -0.09800 0.02943 0.34225
v -0.08150 0.02943 0.34225
v -0.09800 0.02144 0.34269
v -0.08150 0.02144 0.34269
v -0.08150 0.02852 0.32577
v -0.09800 0.02852 0.32577
v -0.08150 0.02053 0.32621
v -0.09800 0.02053 0.32621
f 2289 2291 2290
f 2291 2292 2290
f 2293 2295 2294
f 2295 2296 2294
f 2297 2299 2298
f 2299 2300 2298
f 2301 2303 2302
f 2303 2304 2302
f 2305 2307 2306
f 2307 2308 2306
f 2309 2311 2310
f 2311 2312 2310
v -0.06150 0.02943 0.34225
v -0.06150 0.02852 0.32577
v -0.06150 0.02144 0.34269
v -0.06150 0.02053 0.32621
v -0.07800 0.02852 0.32577
v -0.07800 0.02943 0.34225
v -0.07800 0.02053 0.32621
v -0.07800 0.02144 0.34269
v -0.07800 0.02852 0.32577
v -0.06150 0.02852 0.32577
v -0.07800 0.02943 0.34225
v -0.06150 0.02943 0.34225
v -0.07800 0.02144 0.34269
v -0.06150 0.02144 0.34269
v -0.07800 0.02053 0.32621
v -0.06150 0.02053 0.32621
v -0.07800 0.02943 0.34225
v -0.06150 0.02943 0.34225
v -0.07800 0.02144 0.34269
v -0.06150 0.02144 0.34269
v -0.06150 0.02852 0.32577
v -0.07800 0.02852 0.32577
v -0.06150 0.02053 0.32621
v -0.07800 0.02053 0.32621
f 2313 2315 2314
f 2315 2316 2314
f 2317 2319 2318
f 2319 2320 2318
f 2321 2323 2322
f 2323 2324 2322
f 2325 2327 2326
f 2327 2328 2326
f 2329 2331 2330
f 2331 2332 2330
f 2333 2335 2334
f 2335 2336 2334
v -0.04150 0.02943 0.34225
v -0.04150 0.02852 0.32577
v -0.04150 0.02144 0.34269
v -0.04150 0.02053 0.32621
v -0.05800 0.02852 0.32577
v -0.05800 0.02943 0.34225
v -0.05800 0.02053 0.32621
v -0.05800 0.02144 0.34269
v -0.05800 0.02852 0.32577
v -0.04150 0.02852 0.32577
v -0.05800 0.02943 0.34225
v -0.04150 0.02943 0.34225
v -0.05800 0.02144 0.34269
v -0.04150 0.02144 0.34269
v -0.05800 0.02053 0.32621
v -0.04150 0.02053 0.32621
v -0.05800 0.02943 0.34225
v -0.04150 0.02943 0.34225
v -0.05800 0.02144 0.34269
v -0.04150 0.02144 0.34269
v -0.04150 0.02852 0.32577
v -0.05800 0.02852 0.32577
v -0.04150 0.02053 0.32621
v -0.05800 0.02053 0.32621
f 2337 2339 2338
f 2339 2340 2338
f 2341 2343 2342
f 2343 2344 2342
f 2345 2347 2346
f 2347 2348 2346
f 2349 2351 2350
f 2351 2352 2350
f 2353 2355 2354
f 2355 2356 2354
f 2357 2359 2358
f 2359 2360 2358
v -0.02150 0.02943 0.34225
v -0.02150 0.02852 0.32577
v -0.02150 0.02144 0.34269
v -0.02150 0.02053 0.32621
v -0.03800 0.02852 0.32577
v -0.03800 0.02943 0.34225
v -0.03800 0.02053 0.32621
v -0.03800 0.02144 0.34269
v -0.03800 0.02852 0.32577
v -0.02150 0.02852 0.32577
v -0.03800 0.02943 0.34225
v -0.02150 0.02943 0.34225
v -0.03800 0.02144 0.34269
v -0.02150 0.02144 0.34269
v -0.03800 0.02053 0.32621
v -0.02150 0.02053 0.32621
v -0.03800 0.02943 0.34225
v -0.02150 0.02943 0.34225
v -0.03800 0.02144 0.34269
v -0.02150 0.02144 0.34269
v -0.02150 0.02852 0.32577
v -0.03800 0.02852 0.32577
v -0.02150 0.02053 0.32621
v -0.03800 0.02053 0.32621
f 2361 2363 2362
f 2363 2364 2362
f 2365 2367 2366
f 2367 2368 2366
f 2369 2371 2370
f 2371 2372 2370
f 2373 2375 2374
f 2375 2376 2374
f 2377 2379 2378
f 2379 2380 2378
f 2381 2383 2382
f 2383 2384 2382
v -0.00150 0.02943 0.34225
v -0.00150 0.02852 0.32577
v -0.00150 0.02144 0.34269
v -0.00150 0.02053 0.32621
v -0.01800 0.02852 0.32577
v -0.01800 0.02943 0.34225
v -0.01800 0.02053 0.32621
v -0.01800 0.02144 0.34269
v -0.01800 0.02852 0.32577
v -0.00150 0.02852 0.32577
v -0.01800 0.02943 0.34225
v -0.00150 0.02943 0.34225
v -0.01800 0.02144 0.34269
v -0.00150 0.02144 0.34269
v -0.01800 0.02053 0.32621
v -0.00150 0.02053 0.32621
v -0.01800 0.02943 0.34225
v -0.00150 0.02943 0.34225
v -0.01800 0.02144 0.34269
v -0.00150 0.02144 0.34269
v -0.00150 0.02852 0.32577
v -0.01800 0.02852 0.32577
v -0.00150 0.02053 0.32621
v -0.01800 0.02053 0.32621
f 2385 2387 2386
f 2387 2388 2386
f 2389 2391 2390
f 2391 2392 2390
f 2393 2395 2394
f 2395 2396 2394
f 2397 2399 2398
f 2399 2400 2398
f 2401 2403 2402
f 2403 2404 2402
f 2405 2407 2406
f 2407 2408 2406
v 0.01850 0.02943 0.34225
v 0.01850 0.02852 0.32577
v 0.01850 0.02144 0.34269
v 0.01850 0.02053 0.32621
v 0.00200 0.02852 0.32577
v 0.00200 0.02943 0.34225
v 0.00200 0.02053 0.32621
v 0.00200 0.02144 0.34269
v 0.00200 0.02852 0.32577
v 0.01850 0.02852 0.32577
v 0.00200 0.02943 0.34225
v 0.01850 0.02943 0.34225
v 0.00200 0.02144 0.34269
v 0.01850 0.02144 0.34269
v 0.00200 0.02053 0.32621
v 0.01850 0.02053 0.32621
v 0.00200 0.02943 0.34225
v 0.01850 0.02943 0.34225
v 0.00200 0.02144 0.34269
v 0.01850 0.02144 0.34269
v 0.01850 0.02852 0.32577
v 0.00200 0.02852 0.32577
v 0.01850 0.02053 0.32621
v 0.00200 0.02053 0.32621
f 2409 2411 2410
f 2411 2412 2410
f 2413 2415 2414
f 2415 2416 2414
f 2417 2419 2418
f 2419 2420 2418
f 2421 2423 2422
f 2423 2424 2422
f 2425 2427 2426
f 2427 2428 2426
f 2429 2431 2430
f 2431 2432 2430
v 0.03850 0.02943 0.34225
v 0.03850 0.02852 0.32577
v 0.03850 0.02144 0.34269
v 0.03850 0.02053 0.32621
v 0.02200 0.02852 0.32577
v 0.02200 0.02943 0.34225
v 0.02200 0.02053 0.32621
v 0.02200 0.02144 0.34269
v 0.02200 0.02852 0.32577
v 0.03850 0.02852 0.32577
v 0.02200 0.02943 0.34225
v 0.03850 0.02943 0.34225
v 0.02200 0.02144 0.34269
v 0.03850 0.02144 0.34269
v 0.02200 0.02053 0.32621
v 0.03850 0.02053 0.32621
v 0.02200 0.02943 0.34225
v 0.03850 0.02943 0.34225
v 0.02200 0.02144 0.34269
v 0.03850 0.02144 0.34269
v 0.03850 0.02852 0.32577
v 0.02200 0.02852 0.32577
v 0.03850 0.02053 0.32621
v 0.02200 0.02053 0.32621
f 2433 2435 2434
f 2435 2436 2434
f 2437 2439 2438
f 2439 2440 2438
f 2441 2443 2442
f 2443 2444 2442
f 2445 2447 2446
f 2447 2448 2446
f 2449 2451 2450
f 2451 2452 2450
f 2453 2455 2454
f 2455 2456 2454
v 0.07170 0.02943 0.34225
v 0.07170 0.02852 0.32577
v 0.07170 0.02144 0.34269
v 0.07170 0.02053 0.32621
v 0.04200 0.02852 0.32577
v 0.04200 0.02943 0.34225
v 0.04200 0.02053 0.32621
v 0.04200 0.02144 0.34269
v 0.04200 0.02852 0.32577
v 0.07170 0.02852 0.32577
v 0.04200 0.02943 0.34225
v 0.07170 0.02943 0.34225
v 0.04200 0.02144 0.34269
v 0.07170 0.02144 0.34269
v 0.04200 0.02053 0.32621
v 0.07170 0.02053 0.32621
v 0.04200 0.02943 0.34225
v 0.07170 0.02943 0.34225
v 0.04200 0.02144 0.34269
v 0.07170 0.02144 0.34269
v 0.07170 0.02852 0.32577
v 0.04200 0.02852 0.32577
v 0.07170 0.02053 0.32621
v 0.04200 0.02053 0.32621
f 2457 2459 2458
f 2459 2460 2458
f 2461 2463 2462
f 2463 2464 2462
f 2465 2467 2466
f 2467 2468 2466
f 2469 2471 2470
f 2471 2472 2470
f 2473 2475 2474
f 2475 2476 2474
f 2477 2479 2478
f 2479 2480 2478
v -0.19750 0.03053 0.36222
v -0.19750 0.02962 0.34574
v -0.19750 0.02254 0.36266
v -0.19750 0.02163 0.34618
v -0.21400 0.02962 0.34574
v -0.21400 0.03053 0.36222
v -0.21400 0.02163 0.34618
v -0.21400 0.02254 0.36266
v -0.21400 0.02962 0.34574
v -0.19750 0.02962 0.34574
v -0.21400 0.03053 0.36222
v -0.19750 0.03053 0.36222
v -0.21400 0.02254 0.36266
v -0.19750 0.02254 0.36266
v -0.21400 0.02163 0.34618
v -0.19750 0.02163 0.34618
v -0.21400 0.03053 0.36222
v -0.19750 0.03053 0.36222
v -0.21400 0.02254 0.36266
v -0.19750 0.02254 0.36266
v -0.19750 0.02962 0.34574
v -0.21400 0.02962 0.34574
v -0.19750 0.02163 0.34618
v -0.21400 0.02163 0.34618
f 2481 2483 2482
f 2483 2484 2482
f 2485 2487 2486
f 2487 2488 2486
f 2489 2491 2490
f 2491 2492 2490
f 2493 2495 2494
f 2495 2496 2494
f 2497 2499 2498
f 2499 2500 2498
f 2501 2503 2502
f 2503 2504 2502
v -0.17750 0.03053 0.36222
v -0.17750 0.02962 0.34574
v -0.17750 0.02254 0.36266
v -0.17750 0.02163 0.34618
v -0.19400 0.02962 0.34574
v -0.19400 0.03053 0.36222
v -0.19400 0.02163 0.34618
v -0.19400 0.02254 0.36266
v -0.19400 0.02962 0.34574
v -0.17750 0.02962 0.34574
v -0.19400 0.03053 0.36222
v -0.17750 0.03053 0.36222
v -0.19400 0.02254 0.36266
v -0.17750 0.02254 0.36266
v -0.19400 0.02163 0.34618
v -0.17750 0.02163 0.34618
v -0.19400 0.03053 0.36222
v -0.17750 0.03053 0.36222
v -0.19400 0.02254 0.36266
v -0.17750 0.02254 0.36266
v -0.17750 0.02962 0.34574
v -0.19400 0.02962 0.34574
v -0.17750 0.02163 0.34618
v -0.19400 0.02163 0.34618
f 2505 2507 2506
f 2507 2508 2506
f 2509 2511 2510
f 2511 2512 2510
f 2513 2515 2514
f 2515 2516 2514
f 2517 2519 2518
f 2519 2520 2518
f 2521 2523 2522
f 2523 2524 2522
f 2525 2527 2526
f 2527 2528 2526
v -0.15750 0.03053 0.36222
v -0.15750 0.02962 0.34574
v -0.15750 0.02254 0.36266
v -0.15750 0.02163 0.34618
v -0.17400 0.02962 0.34574
v -0.17400 0.03053 0.36222
v -0.17400 0.02163 0.34618
v -0.17400 0.02254 0.36266
v -0.17400 0.02962 0.34574
v -0.15750 0.02962 0.34574
v -0.17400 0.03053 0.36222
v -0.15750 0.03053 0.36222
v -0.17400 0.02254 0.36266
v -0.15750 0.02254 0.36266
v -0.17400 0.02163 0.34618
v -0.15750 0.02163 0.34618
v -0.17400 0.03053 0.36222
v -0.15750 0.03053 0.36222
v -0.17400 0.02254 0.36266
v -0.15750 0.02254 0.36266
v -0.15750 0.02962 0.34574
v -0.17400 0.02962 0.34574
v -0.15750 0.02163 0.34618
v -0.17400 0.02163 0.34618
f 2529 2531 2530
f 2531 2532 2530
f 2533 2535 2534
f 2535 2536 2534
f 2537 2539 2538
f 2539 2540 2538
f 2541 2543 2542
f 2543 2544 2542
f 2545 2547 2546
f 2547 2548 2546
f 2549 2551 2550
f 2551 2552 2550
v -0.13750 0.03053 0.36222
v -0.13750 0.02962 0.34574
v -0.13750 0.02254 0.36266
v -0.13750 0.02163 0.34618
v -0.15400 0.02962 0.34574
v -0.15400 0.03053 0.36222
v -0.15400 0.02163 0.34618
v -0.15400 0.02254 0.36266
v -0.15400 0.02962 0.34574
v -0.13750 0.02962 0.34574
v -0.15400 0.03053 0.36222
v -0.13750 0.03053 0.36222
v -0.15400 0.02254 0.36266
v -0.13750 0.02254 0.36266
v -0.15400 0.02163 0.34618
v -0.13750 0.02163 0.34618
v -0.15400 0.03053 0.36222
v -0.13750 0.03053 0.36222
v -0.15400 0.02254 0.36266
v -0.13750 0.02254 0.36266
v -0.13750 0.02962 0.34574
v -0.15400 0.02962 0.34574
v -0.13750 0.02163 0.34618
v -0.15400 0.02163 0.34618
f 2553 2555 2554
f 2555 2556 2554
f 2557 2559 2558
f 2559 2560 2558
f 2561 2563 2562
f 2563 2564 2562
f 2565 2567 2566
f 2567 2568 2566
f 2569 2571 2570
f 2571 2572 2570
f 2573 2575 2574
f 2575 2576 2574
v -0.11750 0.03053 0.36222
v -0.11750 0.02962 0.34574
v -0.11750 0.02254 0.36266
v -0.11750 0.02163 0.34618
v -0.13400 0.02962 0.34574
v -0.13400 0.03053 0.36222
v -0.13400 0.02163 0.34618
v -0.13400 0.02254 0.36266
v -0.13400 0.02962 0.34574
v -0.11750 0.02962 0.34574
v -0.13400 0.03053 0.36222
v -0.11750 0.03053 0.36222
v -0.13400 0.02254 0.36266
v -0.11750 0.02254 0.36266
v -0.13400 0.02163 0.34618
v -0.11750 0.02163 0.34618
v -0.13400 0.03053 0.36222
v -0.11750 0.03053 0.36222
v -0.13400 0.02254 0.36266
v -0.11750 0.02254 0.36266
v -0.11750 0.02962 0.34574
v -0.13400 0.02962 0.34574
v -0.11750 0.02163 0.34618
v -0.13400 0.02163 0.34618
f 2577 2579 2578
f 2579 2580 2578
f 2581 2583 2582
f 2583 2584 2582
f 2585 2587 2586
f 2587 2588 2586
f 2589 2591 2590
f 2591 2592 2590
f 2593 2595 2594
f 2595 2596 2594
f 2597 2599 2598
f 2599 2600 2598
v -0.09750 0.03053 0.36222
v -0.09750 0.02962 0.34574
v -0.09750 0.02254 0.36266
v -0.09750 0.02163 0.34618
v -0.11400 0.02962 0.34574
v -0.11400 0.03053 0.36222
v -0.11400 0.02163 0.34618
v -0.11400 0.02254 0.36266
v -0.11400 0.02962 0.34574
v -0.09750 0.02962 0.34574
v -0.11400 0.03053 0.36222
v -0.09750 0.03053 0.36222
v -0.11400 0.02254 0.36266
v -0.09750 0.02254 0.36266
v -0.11400 0.02163 0.34618
v -0.09750 0.02163 0.34618
v -0.11400 0.03053 0.36222
v -0.09750 0.03053 0.36222
v -0.11400 0.02254 0.36266
v -0.09750 0.02254 0.36266
v -0.09750 0.02962 0.34574
v -0.11400 0.02962 0.34574
v -0.09750 0.02163 0.34618
v -0.11400 0.02163 0.34618
f 2601 2603 2602
f 2603 2604 2602
f 2605 2607 2606
f 2607 2608 2606
f 2609 2611 2610
f 2611 2612 2610
f 2613 2615 2614
f 2615 2616 2614
f 2617 2619 2618
f 2619 2620 2618
f 2621 2623 2622
f 2623 2624 2622
v -0.07750 0.03053 0.36222
v -0.07750 0.02962 0.34574
v -0.07750 0.02254 0.36266
v -0.07750 0.02163 0.34618
v -0.09400 0.02962 0.34574
v -0.09400 0.03053 0.36222
v -0.09400 0.02163 0.34618
v -0.09400 0.02254 0.36266
v -0.09400 0.02962 0.34574
v -0.07750 0.02962 0.34574
v -0.09400 0.03053 0.36222
v -0.07750 0.03053 0.36222
v -0.09400 0.02254 0.36266
v -0.07750 0.02254 0.36266
v -0.09400 0.02163 0.34618
v -0.07750 0.02163 0.34618
v -0.09400 0.03053 0.36222
v -0.07750 0.03053 0.36222
v -0.09400 0.02254 0.36266
v -0.07750 0.02254 0.36266
v -0.07750 0.02962 0.34574
v -0.09400 0.02962 0.34574
v -0.07750 0.02163 0.34618
v -0.09400 0.02163 0.34618
f 2625 2627 2626
f 2627 2628 2626
f 2629 2631 2630
f 2631 2632 2630
f 2633 2635 2634
f 2635 2636 2634
f 2637 2639 2638
f 2639 2640 2638
f 2641 2643 2642
f 2643 2644 2642
f 2645 2647 2646
f 2647 2648 2646
v -0.05750 0.03053 0.36222
v -0.05750 0.02962 0.34574
v -0.05750 0.02254 0.36266
v -0.05750 0.02163 0.34618
v -0.07400 0.02962 0.34574
v -0.07400 0.03053 0.36222
v -0.07400 0.02163 0.34618
v -0.07400 0.02254 0.36266
v -0.07400 0.02962 0.34574
v -0.05750 0.02962 0.34574
v -0.07400 0.03053 0.36222
v -0.05750 0.03053 0.36222
v -0.07400 0.02254 0.36266
v -0.05750 0.02254 0.36266
v -0.07400 0.02163 0.34618
v -0.05750 0.02163 0.34618
v -0.07400 0.03053 0.36222
v -0.05750 0.03053 0.36222
v -0.07400 0.02254 0.36266
v -0.05750 0.02254 0.36266
v -0.05750 0.02962 0.34574
v -0.07400 0.02962 0.34574
v -0.05750 0.02163 0.34618
v -0.07400 0.02163 0.34618
f 2649 2651 2650
f 2651 2652 2650
f 2653 2655 2654
f 2655 2656 2654
f 2657 2659 2658
f 2659 2660 2658
f 2661 2663 2662
f 2663 2664 2662
f 2665 2667 2666
f 2667 2668 2666
f 2669 2671 2670
f 2671 2672 2670
v -0.03750 0.03053 0.36222
v -0.03750 0.02962 0.34574
v -0.03750 0.02254 0.36266
v -0.03750 0.02163 0.34618
v -0.05400 0.02962 0.34574
v -0.05400 0.03053 0.36222
v -0.05400 0.02163 0.34618
v -0.05400 0.02254 0.36266
v -0.05400 0.02962 0.34574
v -0.03750 0.02962 0.34574
v -0.05400 0.03053 0.36222
v -0.03750 0.03053 0.36222
v -0.05400 0.02254 0.36266
v -0.03750 0.02254 0.36266
v -0.05400 0.02163 0.34618
v -0.03750 0.02163 0.34618
v -0.05400 0.03053 0.36222
v -0.03750 0.03053 0.36222
v -0.05400 0.02254 0.36266
v -0.03750 0.02254 0.36266
v -0.03750 0.02962 0.34574
v -0.05400 0.02962 0.34574
v -0.03750 0.02163 0.34618
v -0.05400 0.02163 0.34618
f 2673 2675 2674
f 2675 2676 2674
f 2677 2679 2678
f 2679 2680 2678
f 2681 2683 2682
f 2683 2684 2682
f 2685 2687 2686
f 2687 2688 2686
f 2689 2691 2690
f 2691 2692 2690
f 2693 2695 2694
f 2695 2696 2694
v -0.01750 0.03053 0.36222
v -0.01750 0.02962 0.34574
v -0.01750 0.02254 0.36266
v -0.01750 0.02163 0.34618
v -0.03400 0.02962 0.34574
v -0.03400 0.03053 0.36222
v -0.03400 0.02163 0.34618
v -0.03400 0.02254 0.36266
v -0.03400 0.02962 0.34574
v -0.01750 0.02962 0.34574
v -0.03400 0.03053 0.36222
v -0.01750 0.03053 0.36222
v -0.03400 0.02254 0.36266
v -0.01750 0.02254 0.36266
v -0.03400 0.02163 0.34618
v -0.01750 0.02163 0.34618
v -0.03400 0.03053 0.36222
v -0.01750 0.03053 0.36222
v -0.03400 0.02254 0.36266
v -0.01750 0.02254 0.36266
v -0.01750 0.02962 0.34574
v -0.03400 0.02962 0.34574
v -0.01750 0.02163 0.34618
v -0.03400 0.02163 0.34618
f 2697 2699 2698
f 2699 2700 2698
f 2701 2703 2702
f 2703 2704 2702
f 2705 2707 2706
f 2707 2708 2706
f 2709 2711 2710
f 2711 2712 2710
f 2713 2715 2714
f 2715 2716 2714
f 2717 2719 2718
f 2719 2720 2718
v 0.00250 0.03053 0.36222
v 0.00250 0.02962 0.34574
v 0.00250 0.02254 0.36266
v 0.00250 0.02163 0.34618
v -0.01400 0.02962 0.34574
v -0.01400 0.03053 0.36222
v -0.01400 0.02163 0.34618
v -0.01400 0.02254 0.36266
v -0.01400 0.02962 0.34574
v 0.00250 0.02962 0.34574
v -0.01400 0.03053 0.36222
v 0.00250 0.03053 0.36222
v -0.01400 0.02254 0.36266
v 0.00250 0.02254 0.36266
v -0.01400 0.02163 0.34618
v 0.00250 0.02163 0.34618
v -0.01400 0.03053 0.36222
v 0.00250 0.03053 0.36222
v -0.01400 0.02254 0.36266
v 0.00250 0.02254 0.36266
v 0.00250 0.02962 0.34574
v -0.01400 0.02962 0.34574
v 0.00250 0.02163 0.34618
v -0.01400 0.02163 0.34618
f 2721 2723 2722
f 2723 2724 2722
f 2725 2727 2726
f 2727 2728 2726
f 2729 2731 2730
f 2731 2732 2730
f 2733 2735 2734
f 2735 2736 2734
f 2737 2739 2738
f 2739 2740 2738
f 2741 2743 2742
f 2743 2744 2742
v 0.02250 0.03053 0.36222
v 0.02250 0.02962 0.34574
v 0.02250 0.02254 0.36266
v 0.02250 0.02163 0.34618
v 0.00600 0.02962 0.34574
v 0.00600 0.03053 0.36222
v 0.00600 0.02163 0.34618
v 0.00600 0.02254 0.36266
v 0.00600 0.02962 0.34574
v 0.02250 0.02962 0.34574
v 0.00600 0.03053 0.36222
v 0.02250 0.03053 0.36222
v 0.00600 0.02254 0.36266
v 0.02250 0.02254 0.36266
v 0.00600 0.02163 0.34618
v 0.02250 0.02163 0.34618
v 0.00600 0.03053 0.36222
v 0.02250 0.03053 0.36222
v 0.00600 0.02254 0.36266
v 0.02250 0.02254 0.36266
v 0.02250 0.02962 0.34574
v 0.00600 0.02962 0.34574
v 0.02250 0.02163 0.34618
v 0.00600 0.02163 0.34618
f 2745 2747 2746
f 2747 2748 2746
f 2749 2751 2750
f 2751 2752 2750
f 2753 2755 2754
f 2755 2756 2754
f 2757 2759 2758
f 2759 2760 2758
f 2761 2763 2762
f 2763 2764 2762
f 2765 2767 2766
f 2767 2768 2766
v 0.05570 0.03053 0.36222
v 0.05570 0.02962 0.34574
v 0.05570 0.02254 0.36266
v 0.05570 0.02163 0.34618
v 0.02600 0.02962 0.34574
v 0.02600 0.03053 0.36222
v 0.02600 0.02163 0.34618
v 0.02600 0.02254 0.36266
v 0.02600 0.02962 0.34574
v 0.05570 0.02962 0.34574
v 0.02600 0.03053 0.36222
v 0.05570 0.03053 0.36222
v 0.02600 0.02254 0.36266
v 0.05570 0.02254 0.36266
v 0.02600 0.02163 0.34618
v 0.05570 0.02163 0.34618
v 0.02600 0.03053 0.36222
v 0.05570 0.03053 0.36222
v 0.02600 0.02254 0.36266
v 0.05570 0.02254 0.36266
v 0.05570 0.02962 0.34574
v 0.02600 0.02962 0.34574
v 0.05570 0.02163 0.34618
v 0.02600 0.02163 0.34618
f 2769 2771 2770
f 2771 2772 2770
f 2773 2775 2774
f 2775 2776 2774
f 2777 2779 2778
f 2779 2780 2778
f 2781 2783 2782
f 2783 2784 2782
f 2785 2787 2786
f 2787 2788 2786
f 2789 2791 2790
f 2791 2792 2790
v -0.19350 0.03163 0.38219
v -0.19350 0.03072 0.36571
v -0.19350 0.02364 0.38263
v -0.19350 0.02273 0.36615
v -0.21000 0.03072 0.36571
v -0.21000 0.03163 0.38219
v -0.21000 0.02273 0.36615
v -0.21000 0.02364 0.38263
v -0.21000 0.03072 0.36571
v -0.19350 0.03072 0.36571
v -0.21000 0.03163 0.38219
v -0.19350 0.03163 0.38219
v -0.21000 0.02364 0.38263
v -0.19350 0.02364 0.38263
v -0.21000 0.02273 0.36615
v -0.19350 0.02273 0.36615
v -0.21000 0.03163 0.38219
v -0.19350 0.03163 0.38219
v -0.21000 0.02364 0.38263
v -0.19350 0.02364 0.38263
v -0.19350 0.03072 0.36571
v -0.21000 0.03072 0.36571
v -0.19350 0.02273 0.36615
v -0.21000 0.02273 0.36615
f 2793 2795 2794
f 2795 2796 2794
f 2797 2799 2798
f 2799 2800 2798
f 2801 2803 2802
f 2803 2804 2802
f 2805 2807 2806
f 2807 2808 2806
f 2809 2811 2810
f 2811 2812 2810
f 2813 2815 2814
f 2815 2816 2814
v -0.17350 0.03163 0.38219
v -0.17350 0.03072 0.36571
v -0.17350 0.02364 0.38263
v -0.17350 0.02273 0.36615
v -0.19000 0.03072 0.36571
v -0.19000 0.03163 0.38219
v -0.19000 0.02273 0.36615
v -0.19000 0.02364 0.38263
v -0.19000 0.03072 0.36571
v -0.17350 0.03072 0.36571
v -0.19000 0.03163 0.38219
v -0.17350 0.03163 0.38219
v -0.19000 0.02364 0.38263
v -0.17350 0.02364 0.38263
v -0.19000 0.02273 0.36615
v -0.17350 0.02273 0.36615
v -0.19000 0.03163 0.38219
v -0.17350 0.03163 0.38219
v -0.19000 0.02364 0.38263
v -0.17350 0.02364 0.38263
v -0.17350 0.03072 0.36571
v -0.19000 0.03072 0.36571
v -0.17350 0.02273 0.36615
v -0.19000 0.02273 0.36615
f 2817 2819 2818
f 2819 2820 2818
f 2821 2823 2822
f 2823 2824 2822
f 2825 2827 2826
f 2827 2828 2826
f 2829 2831 2830
f 2831 2832 2830
f 2833 2835 2834
f 2835 2836 2834
f 2837 2839 2838
f 2839 2840 2838
v -0.15350 0.03163 0.38219
v -0.15350 0.03072 0.36571
v -0.15350 0.02364 0.38263
v -0.15350 0.02273 0.36615
v -0.17000 0.03072 0.36571
v -0.17000 0.03163 0.38219
v -0.17000 0.02273 0.36615
v -0.17000 0.02364 0.38263
v -0.17000 0.03072 0.36571
v -0.15350 0.03072 0.36571
v -0.17000 0.03163 0.38219
v -0.15350 0.03163 0.38219
v -0.17000 0.02364 0.38263
v -0.15350 0.02364 0.38263
v -0.17000 0.02273 0.36615
v -0.15350 0.02273 0.36615
v -0.17000 0.03163 0.38219
v -0.15350 0.03163 0.38219
v -0.17000 0.02364 0.38263
v -0.15350 0.02364 0.38263
v -0.15350 0.03072 0.36571
v -0.17000 0.03072 0.36571
v -0.15350 0.02273 0.36615
v -0.17000 0.02273 0.36615
f 2841 2843 2842
f 2843 2844 2842
f 2845 2847 2846
f 2847 2848 2846
f 2849 2851 2850
f 2851 2852 2850
f 2853 2855 2854
f 2855 2856 2854
f 2857 2859 2858
f 2859 2860 2858
f 2861 2863 2862
f 2863 2864 2862
v -0.13350 0.03163 0.38219
v -0.13350 0.03072 0.36571
v -0.13350 0.02364 0.38263
v -0.13350 0.02273 0.36615
v -0.15000 0.03072 0.36571
v -0.15000 0.03163 0.38219
v -0.15000 0.02273 0.36615
v -0.15000 0.02364 0.38263
v -0.15000 0.03072 0.36571
v -0.13350 0.03072 0.36571
v -0.15000 0.03163 0.38219
v -0.13350 0.03163 0.38219
v -0.15000 0.02364 0.38263
v -0.13350 0.02364 0.38263
v -0.15000 0.02273 0.36615
v -0.13350 0.02273 0.36615
v -0.15000 0.03163 0.38219
v -0.13350 0.03163 0.38219
v -0.15000 0.02364 0.38263
v -0.13350 0.02364 0.38263
v -0.13350 0.03072 0.36571
v -0.15000 0.03072 0.36571
v -0.13350 0.02273 0.36615
v -0.15000 0.02273 0.36615
f 2865 2867 2866
f 2867 2868 2866
f 2869 2871 2870
f 2871 2872 2870
f 2873 2875 2874
f 2875 2876 2874
f 2877 2879 2878
f 2879 2880 2878
f 2881 2883 2882
f 2883 2884 2882
f 2885 2887 2886
f 2887 2888 2886
v -0.11350 0.03163 0.38219
v -0.11350 0.03072 0.36571
v -0.11350 0.02364 0.38263
v -0.11350 0.02273 0.36615
v -0.13000 0.03072 0.36571
v -0.13000 0.03163 0.38219
v -0.13000 0.02273 0.36615
v -0.13000 0.02364 0.38263
v -0.13000 0.03072 0.36571
v -0.11350 0.03072 0.36571
v -0.13000 0.03163 0.38219
v -0.11350 0.03163 0.38219
v -0.13000 0.02364 0.38263
v -0.11350 0.02364 0.38263
v -0.13000 0.02273 0.36615
v -0.11350 0.02273 0.36615
v -0.13000 0.03163 0.38219
v -0.11350 0.03163 0.38219
v -0.13000 0.02364 0.38263
v -0.11350 0.02364 0.38263
v -0.11350 0.03072 0.36571
v -0.13000 0.03072 0.36571
v -0.11350 0.02273 0.36615
v -0.13000 0.02273 0.36615
f 2889 2891 2890
f 2891 2892 2890
f 2893 2895 2894
f 2895 2896 2894
f 2897 2899 2898
f 2899 2900 2898
f 2901 2903 2902
f 2903 2904 2902
f 2905 2907 2906
f 2907 2908 2906
f 2909 2911 2910
f 2911 2912 2910
v -0.09350 0.03163 0.38219
v -0.09350 0.03072 0.36571
v -0.09350 0.02364 0.38263
v -0.09350 0.02273 0.36615
v -0.11000 0.03072 0.36571
v -0.11000 0.03163 0.38219
v -0.11000 0.02273 0.36615
v -0.11000 0.02364 0.38263
v -0.11000 0.03072 0.36571
v -0.09350 0.03072 0.36571
v -0.11000 0.03163 0.38219
v -0.09350 0.03163 0.38219
v -0.11000 0.02364 0.38263
v -0.09350 0.02364 0.38263
v -0.11000 0.02273 0.36615
v -0.09350 0.02273 0.36615
v -0.11000 0.03163 0.38219
v -0.09350 0.03163 0.38219
v -0.11000 0.02364 0.38263
v -0.09350 0.02364 0.38263
v -0.09350 0.03072 0.36571
v -0.11000 0.03072 0.36571
v -0.09350 0.02273 0.36615
v -0.11000 0.02273 0.36615
f 2913 2915 2914
f 2915 2916 2914
f 2917 2919 2918
f 2919 2920 2918
f 2921 2923 2922
f 2923 2924 2922
f 2925 2927 2926
f 2927 2928 2926
f 2929 2931 2930
f 2931 2932 2930
f 2933 2935 2934
f 2935 2936 2934
v -0.07350 0.03163 0.38219
v -0.07350 0.03072 0.36571
v -0.07350 0.02364 0.38263
v -0.07350 0.02273 0.36615
v -0.09000 0.03072 0.36571
v -0.09000 0.03163 0.38219
v -0.09000 0.02273 0.36615
v -0.09000 0.02364 0.38263
v -0.09000 0.03072 0.36571
v -0.07350 0.03072 0.36571
v -0.09000 0.03163 0.38219
v -0.07350 0.03163 0.38219
v -0.09000 0.02364 0.38263
v -0.07350 0.02364 0.38263
v -0.09000 0.02273 0.36615
v -0.07350 0.02273 0.36615
v -0.09000 0.03163 0.38219
v -0.07350 0.03163 0.38219
v -0.09000 0.02364 0.38263
v -0.07350 0.02364 0.38263
v -0.07350 0.03072 0.36571
v -0.09000 0.03072 0.36571
v -0.07350 0.02273 0.36615
v -0.09000 0.02273 0.36615
f 2937 2939 2938
f 2939 2940 2938
f 2941 2943 2942
f 2943 2944 2942
f 2945 2947 2946
f 2947 2948 2946
f 2949 2951 2950
f 2951 2952 2950
f 2953 2955 2954
f 2955 2956 2954
f 2957 2959 2958
f 2959 2960 2958
v -0.05350 0.03163 0.38219
v -0.05350 0.03072 0.36571
v -0.05350 0.02364 0.38263
v -0.05350 0.02273 0.36615
v -0.07000 0.03072 0.36571
v -0.07000 0.03163 0.38219
v -0.07000 0.02273 0.36615
v -0.07000 0.02364 0.38263
v -0.07000 0.03072 0.36571
v -0.05350 0.03072 0.36571
v -0.07000 0.03163 0.38219
v -0.05350 0.03163 0.38219
v -0.07000 0.02364 0.38263
v -0.05350 0.02364 0.38263
v -0.07000 0.02273 0.36615
v -0.05350 0.02273 0.36615
v -0.07000 0.03163 0.38219
v -0.05350 0.03163 0.38219
v -0.07000 0.02364 0.38263
v -0.05350 0.02364 0.38263
v -0.05350 0.03072 0.36571
v -0.07000 0.03072 0.36571
v -0.05350 0.02273 0.36615
v -0.07000 0.02273 0.36615
f 2961 2963 2962
f 2963 2964 2962
f 2965 2967 2966
f 2967 2968 2966
f 2969 2971 2970
f 2971 2972 2970
f 2973 2975 2974
f 2975 2976 2974
f 2977 2979 2978
f 2979 2980 2978
f 2981 2983 2982
f 2983 2984 2982
v -0.03350 0.03163 0.38219
v -0.03350 0.03072 0.36571
v -0.03350 0.02364 0.38263
v -0.03350 0.02273 0.36615
v -0.05000 0.03072 0.36571
v -0.05000 0.03163 0.38219
v -0.05000 0.02273 0.36615
v -0.05000 0.02364 0.38263
v -0.05000 0.03072 0.36571
v -0.03350 0.03072 0.36571
v -0.05000 0.03163 0.38219
v -0.03350 0.03163 0.38219
v -0.05000 0.02364 0.38263
v -0.03350 0.02364 0.38263
v -0.05000 0.02273 0.36615
v -0.03350 0.02273 0.36615
v -0.05000 0.03163 0.38219
v -0.03350 0.03163 0.38219
v -0.05000 0.02364 0.38263
v -0.03350 0.02364 0.38263
v -0.03350 0.03072 0.36571
v -0.05000 0.03072 0.36571
v -0.03350 0.02273 0.36615
v -0.05000 0.02273 0.36615
f 2985 2987 2986
f 2987 2988 2986
f 2989 2991 2990
f 2991 2992 2990
f 2993 2995 2994
f 2995 2996 2994
f 2997 2999 2998
f 2999 3000 2998
f 3001 3003 3002
f 3003 3004 3002
f 3005 3007 3006
f 3007 3008 3006
v -0.01350 0.03163 0.38219
v -0.01350 0.03072 0.36571
v -0.01350 0.02364 0.38263
v -0.01350 0.02273 0.36615
v -0.03000 0.03072 0.36571
v -0.03000 0.03163 0.38219
v -0.03000 0.02273 0.36615
v -0.03000 0.02364 0.38263
v -0.03000 0.03072 0.36571
v -0.01350 0.03072 0.36571
v -0.03000 0.03163 0.38219
v -0.01350 0.03163 0.38219
v -0.03000 0.02364 0.38263
v -0.01350 0.02364 0.38263
v -0.03000 0.02273 0.36615
v -0.01350 0.02273 0.36615
v -0.03000 0.03163 0.38219
v -0.01350 0.03163 0.38219
v -0.03000 0.02364 0.38263
v -0.01350 0.02364 0.38263
v -0.01350 0.03072 0.36571
v -0.03000 0.03072 0.36571
v -0.01350 0.02273 0.36615
v -0.03000 0.02273 0.36615
f 3009 3011 3010
f 3011 3012 3010
f 3013 3015 3014
f 3015 3016 3014
f 3017 3019 3018
f 3019 3020 3018
f 3021 3023 3022
f 3023 3024 3022
f 3025 3027 3026
f 3027 3028 3026
f 3029 3031 3030
f 3031 3032 3030
v 0.00650 0.03163 0.38219
v 0.00650 0.03072 0.36571
v 0.00650 0.02364 0.38263
v 0.00650 0.02273 0.36615
v -0.01000 0.03072 0.36571
v -0.01000 0.03163 0.38219
v -0.01000 0.02273 0.36615
v -0.01000 0.02364 0.38263
v -0.01000 0.03072 0.36571
v 0.00650 0.03072 0.36571
v -0.01000 0.03163 0.38219
v 0.00650 0.03163 0.38219
v -0.01000 0.02364 0.38263
v 0.00650 0.02364 0.38263
v -0.01000 0.02273 0.36615
v 0.00650 0.02273 0.36615
v -0.01000 0.03163 0.38219
v 0.00650 0.03163 0.38219
v -0.01000 0.02364 0.38263
v 0.00650 0.02364 0.38263
v 0.00650 0.03072 0.36571
v -0.01000 0.03072 0.36571
v 0.00650 0.02273 0.36615
v -0.01000 0.02273 0.36615
f 3033 3035 3034
f 3035 3036 3034
f 3037 3039 3038
f 3039 3040 3038
f 3041 3043 3042
f 3043 3044 3042
f 3045 3047 3046
f 3047 3048 3046
f 3049 3051 3050
f 3051 3052 3050
f 3053 3055 3054
f 3055 3056 3054
v 0.03970 0.03163 0.38219
v 0.03970 0.03072 0.36571
v 0.03970 0.02364 0.38263
v 0.03970 0.02273 0.36615
v 0.01000 0.03072 0.36571
v 0.01000 0.03163 0.38219
v 0.01000 0.02273 0.36615
v 0.01000 0.02364 0.38263
v 0.01000 0.03072 0.36571
v 0.03970 0.03072 0.36571
v 0.01000 0.03163 0.38219
v 0.03970 0.03163 0.38219
v 0.01000 0.02364 0.38263
v 0.03970 0.02364 0.38263
v 0.01000 0.02273 0.36615
v 0.03970 0.02273 0.36615
v 0.01000 0.03163 0.38219
v 0.03970 0.03163 0.38219
v 0.01000 0.02364 0.38263
v 0.03970 0.02364 0.38263
v 0.03970 0.03072 0.36571
v 0.01000 0.03072 0.36571
v 0.03970 0.02273 0.36615
v 0.01000 0.02273 0.36615
f 3057 3059 3058
f 3059 3060 3058
f 3061 3063 3062
f 3063 3064 3062
f 3065 3067 3066
f 3067 3068 3066
f 3069 3071 3070
f 3071 3072 3070
f 3073 3075 3074
f 3075 3076 3074
f 3077 3079 3078
f 3079 3080 3078
v -0.18950 0.03272 0.40216
v -0.18950 0.03182 0.38568
v -0.18950 0.02474 0.40260
v -0.18950 0.02383 0.38612
v -0.20600 0.03182 0.38568
v -0.20600 0.03272 0.40216
v -0.20600 0.02383 0.38612
v -0.20600 0.02474 0.40260
v -0.20600 0.03182 0.38568
v -0.18950 0.03182 0.38568
v -0.20600 0.03272 0.40216
v -0.18950 0.03272 0.40216
v -0.20600 0.02474 0.40260
v -0.18950 0.02474 0.40260
v -0.20600 0.02383 0.38612
v -0.18950 0.02383 0.38612
v -0.20600 0.03272 0.40216
v -0.18950 0.03272 0.40216
v -0.20600 0.02474 0.40260
v -0.18950 0.02474 0.40260
v -0.18950 0.03182 0.38568
v -0.20600 0.03182 0.38568
v -0.18950 0.02383 0.38612
v -0.20600 0.02383 0.38612
f 3081 3083 3082
f 3083 3084 3082
f 3085 3087 3086
f 3087 3088 3086
f 3089 3091 3090
f 3091 3092 3090
f 3093 3095 3094
f 3095 3096 3094
f 3097 3099 3098
f 3099 3100 3098
f 3101 3103 3102
f 3103 3104 3102
v -0.16950 0.03272 0.40216
v -0.16950 0.03182 0.38568
v -0.16950 0.02474 0.40260
v -0.16950 0.02383 0.38612
v -0.18600 0.03182 0.38568
v -0.18600 0.03272 0.40216
v -0.18600 0.02383 0.38612
v -0.18600 0.02474 0.40260
v -0.18600 0.03182 0.38568
v -0.16950 0.03182 0.38568
v -0.18600 0.03272 0.40216
v -0.16950 0.03272 0.40216
v -0.18600 0.02474 0.40260
v -0.16950 0.02474 0.40260
v -0.18600 0.02383 0.38612
v -0.16950 0.02383 0.38612
v -0.18600 0.03272 0.40216
v -0.16950 0.03272 0.40216
v -0.18600 0.02474 0.40260
v -0.16950 0.02474 0.40260
v -0.16950 0.03182 0.38568
v -0.18600 0.03182 0.38568
v -0.16950 0.02383 0.38612
v -0.18600 0.02383 0.38612
f 3105 3107 3106
f 3107 3108 3106
f 3109 3111 3110
f 3111 3112 3110
f 3113 3115 3114
f 3115 3116 3114
f 3117 3119 3118
f 3119 3120 3118
f 3121 3123 3122
f 3123 3124 3122
f 3125 3127 3126
f 3127 3128 3126
v -0.14950 0.03272 0.40216
v -0.14950 0.03182 0.38568
v -0.14950 0.02474 0.40260
v -0.14950 0.02383 0.38612
v -0.16600 0.03182 0.38568
v -0.16600 0.03272 0.40216
v -0.16600 0.02383 0.38612
v -0.16600 0.02474 0.40260
v -0.16600 0.03182 0.38568
v -0.14950 0.03182 0.38568
v -0.16600 0.03272 0.40216
v -0.14950 0.03272 0.40216
v -0.16600 0.02474 0.40260
v -0.14950 0.02474 0.40260
v -0.16600 0.02383 0.38612
v -0.14950 0.02383 0.38612
v -0.16600 0.03272 0.40216
v -0.14950 0.03272 0.40216
v -0.16600 0.02474 0.40260
v -0.14950 0.02474 0.40260
v -0.14950 0.03182 0.38568
v -0.16600 0.03182 0.38568
v -0.14950 0.02383 0.38612
v -0.16600 0.02383 0.38612
f 3129 3131 3130
f 3131 3132 3130
f 3133 3135 3134
f 3135 3136 3134
f 3137 3139 3138
f 3139 3140 3138
f 3141 3143 3142
f 3143 3144 3142
f 3145 3147 3146
f 3147 3148 3146
f 3149 3151 3150
f 3151 3152 3150
v -0.12950 0.03272 0.40216
v -0.12950 0.03182 0.38568
v -0.12950 0.02474 0.40260
v -0.12950 0.02383 0.38612
v -0.14600 0.03182 0.38568
v -0.14600 0.03272 0.40216
v -0.14600 0.02383 0.38612
v -0.14600 0.02474 0.40260
v -0.14600 0.03182 0.38568
v -0.12950 0.03182 0.38568
v -0.14600 0.03272 0.40216
v -0.12950 0.03272 0.40216
v -0.14600 0.02474 0.40260
v -0.12950 0.02474 0.40260
v -0.14600 0.02383 0.38612
v -0.12950 0.02383 0.38612
v -0.14600 0.03272 0.40216
v -0.12950 0.03272 0.40216
v -0.14600 0.02474 0.40260
v -0.12950 0.02474 0.40260
v -0.12950 0.03182 0.38568
v -0.14600 0.03182 0.38568
v -0.12950 0.02383 0.38612
v -0.14600 0.02383 0.38612
f 3153 3155 3154
f 3155 3156 3154
f 3157 3159 3158
f 3159 3160 3158
f 3161 3163 3162
f 3163 3164 3162
f 3165 3167 3166
f 3167 3168 3166
f 3169 3171 3170
f 3171 3172 3170
f 3173 3175 3174
f 3175 3176 3174
v -0.04350 0.03272 0.40216
v -0.04350 0.03182 0.38568
v -0.04350 0.02474 0.40260
v -0.04350 0.02383 0.38612
v -0.12600 0.03182 0.38568
v -0.12600 0.03272 0.40216
v -0.12600 0.02383 0.38612
v -0.12600 0.02474 0.40260
v -0.12600 0.03182 0.38568
v -0.04350 0.03182 0.38568
v -0.12600 0.03272 0.40216
v -0.04350 0.03272 0.40216
v -0.12600 0.02474 0.40260
v -0.04350 0.02474 0.40260
v -0.12600 0.02383 0.38612
v -0.04350 0.02383 0.38612
v -0.12600 0.03272 0.40216
v -0.04350 0.03272 0.40216
v -0.12600 0.02474 0.40260
v -0.04350 0.02474 0.40260
v -0.04350 0.03182 0.38568
v -0.12600 0.03182 0.38568
v -0.04350 0.02383 0.38612
v -0.12600 0.02383 0.38612
f 3177 3179 3178
f 3179 3180 3178
f 3181 3183 3182
f 3183 3184 3182
f 3185 3187 3186
f 3187 3188 3186
f 3189 3191 3190
f 3191 3192 3190
f 3193 3195 3194
f 3195 3196 3194
f 3197 3199 3198
f 3199 3200 3198
v -0.02350 0.03272 0.40216
v -0.02350 0.03182 0.38568
v -0.02350 0.02474 0.40260
v -0.02350 0.02383 0.38612
v -0.04000 0.03182 0.38568
v -0.04000 0.03272 0.40216
v -0.04000 0.02383 0.38612
v -0.04000 0.02474 0.40260
v -0.04000 0.03182 0.38568
v -0.02350 0.03182 0.38568
v -0.04000 0.03272 0.40216
v -0.02350 0.03272 0.40216
v -0.04000 0.02474 0.40260
v -0.02350 0.02474 0.40260
v -0.04000 0.02383 0.38612
v -0.02350 0.02383 0.38612
v -0.04000 0.03272 0.40216
v -0.02350 0.03272 0.40216
v -0.04000 0.02474 0.40260
v -0.02350 0.02474 0.40260
v -0.02350 0.03182 0.38568
v -0.04000 0.03182 0.38568
v -0.02350 0.02383 0.38612
v -0.04000 0.02383 0.38612
f 3201 3203 3202
f 3203 3204 3202
f 3205 3207 3206
f 3207 3208 3206
f 3209 3211 3210
f 3211 3212 3210
f 3213 3215 3214
f 3215 3216 3214
f 3217 3219 3218
f 3219 3220 3218
f 3221 3223 3222
f 3223 3224 3222
v -0.00350 0.03272 0.40216
v -0.00350 0.03182 0.38568
v -0.00350 0.02474 0.40260
v -0.00350 0.02383 0.38612
v -0.02000 0.03182 0.38568
v -0.02000 0.03272 0.40216
v -0.02000 0.02383 0.38612
v -0.02000 0.02474 0.40260
v -0.02000 0.03182 0.38568
v -0.00350 0.03182 0.38568
v -0.02000 0.03272 0.40216
v -0.00350 0.03272 0.40216
v -0.02000 0.02474 0.40260
v -0.00350 0.02474 0.40260
v -0.02000 0.02383 0.38612
v -0.00350 0.02383 0.38612
v -0.02000 0.03272 0.40216
v -0.00350 0.03272 0.40216
v -0.02000 0.02474 0.40260
v -0.00350 0.02474 0.40260
v -0.00350 0.03182 0.38568
v -0.02000 0.03182 0.38568
v -0.00350 0.02383 0.38612
v -0.02000 0.02383 0.38612
f 3225 3227 3226
f 3227 3228 3226
f 3229 3231 3230
f 3231 3232 3230
f 3233 3235 3234
f 3235 3236 3234
f 3237 3239 3238
f 3239 3240 3238
f 3241 3243 3242
f 3243 3244 3242
f 3245 3247 3246
f 3247 3248 3246
v 0.02970 0.03272 0.40216
v 0.02970 0.03182 0.38568
v 0.02970 0.02474 0.40260
v 0.02970 0.02383 0.38612
v 0.00000 0.03182 0.38568
v 0.00000 0.03272 0.40216
v 0.00000 0.02383 0.38612
v 0.00000 0.02474 0.40260
v 0.00000 0.03182 0.38568
v 0.02970 0.03182 0.38568
v 0.00000 0.03272 0.40216
v 0.02970 0.03272 0.40216
v 0.00000 0.02474 0.40260
v 0.02970 0.02474 0.40260
v 0.00000 0.02383 0.38612
v 0.02970 0.02383 0.38612
v 0.00000 0.03272 0.40216
v 0.02970 0.03272 0.40216
v 0.00000 0.02474 0.40260
v 0.02970 0.02474 0.40260
v 0.02970 0.03182 0.38568
v 0.00000 0.03182 0.38568
v 0.02970 0.02383 0.38612
v 0.00000 0.02383 0.38612
f 3249 3251 3250
f 3251 3252 3250
f 3253 3255 3254
f 3255 3256 3254
f 3257 3259 3258
f 3259 3260 3258
f 3261 3263 3262
f 3263 3264 3262
f 3265 3267 3266
f 3267 3268 3266
f 3269 3271 3270
f 3271 3272 3270
v 0.14825 0.02833 0.32228
v 0.14825 0.02742 0.30580
v 0.14825 0.02034 0.32272
v 0.14825 0.01943 0.30624
v 0.13175 0.02742 0.30580
v 0.13175 0.02833 0.32228
v 0.13175 0.01943 0.30624
v 0.13175 0.02034 0.32272
v 0.13175 0.02742 0.30580
v 0.14825 0.02742 0.30580
v 0.13175 0.02833 0.32228
v 0.14825 0.02833 0.32228
v 0.13175 0.02034 0.32272
v 0.14825 0.02034 0.32272
v 0.13175 0.01943 0.30624
v 0.14825 0.01943 0.30624
v 0.13175 0.02833 0.32228
v 0.14825 0.02833 0.32228
v 0.13175 0.02034 0.32272
v 0.14825 0.02034 0.32272
v 0.14825 0.02742 0.30580
v 0.13175 0.02742 0.30580
v 0.14825 0.01943 0.30624
v 0.13175 0.01943 0.30624
f 3273 3275 3274
f 3275 3276 3274
f 3277 3279 3278
f 3279 3280 3278
f 3281 3283 3282
f 3283 3284 3282
f 3285 3287 3286
f 3287 3288 3286
f 3289 3291 3290
f 3291 3292 3290
f 3293 3295 3294
f 3295 3296 3294
v 0.14825 0.02943 0.34225
v 0.14825 0.02852 0.32577
v 0.14825 0.02144 0.34269
v 0.14825 0.02053 0.32621
v 0.13175 0.02852 0.32577
v 0.13175 0.02943 0.34225
v 0.13175 0.02053 0.32621
v 0.13175 0.02144 0.34269
v 0.13175 0.02852 0.32577
v 0.14825 0.02852 0.32577
v 0.13175 0.02943 0.34225
v 0.14825 0.02943 0.34225
v 0.13175 0.02144 0.34269
v 0.14825 0.02144 0.34269
v 0.13175 0.02053 0.32621
v 0.14825 0.02053 0.32621
v 0.13175 0.02943 0.34225
v 0.14825 0.02943 0.34225
v 0.13175 0.02144 0.34269
v 0.14825 0.02144 0.34269
v 0.14825 0.02852 0.32577
v 0.13175 0.02852 0.32577
v 0.14825 0.02053 0.32621
v 0.13175 0.02053 0.32621
f 3297 3299 3298
f 3299 3300 3298
f 3301 3303 3302
f 3303 3304 3302
f 3305 3307 3306
f 3307 3308 3306
f 3309 3311 3310
f 3311 3312 3310
f 3313 3315 3314
f 3315 3316 3314
f 3317 3319 3318
f 3319 3320 3318
v 0.14825 0.03053 0.36222
v 0.14825 0.02962 0.34574
v 0.14825 0.02254 0.36266
v 0.14825 0.02163 0.34618
v 0.13175 0.02962 0.34574
v 0.13175 0.03053 0.36222
v 0.13175 0.02163 0.34618
v 0.13175 0.02254 0.36266
v 0.13175 0.02962 0.34574
v 0.14825 0.02962 0.34574
v 0.13175 0.03053 0.36222
v 0.14825 0.03053 0.36222
v 0.13175 0.02254 0.36266
v 0.14825 0.02254 0.36266
v 0.13175 0.02163 0.34618
v 0.14825 0.02163 0.34618
v 0.13175 0.03053 0.36222
v 0.14825 0.03053 0.36222
v 0.13175 0.02254 0.36266
v 0.14825 0.02254 0.36266
v 0.14825 0.02962 0.34574
v 0.13175 0.02962 0.34574
v 0.14825 0.02163 0.34618
v 0.13175 0.02163 0.34618
f 3321 3323 3322
f 3323 3324 3322
f 3325 3327 3326
f 3327 3328 3326
f 3329 3331 3330
f 3331 3332 3330
f 3333 3335 3334
f 3335 3336 3334
f 3337 3339 3338
f 3339 3340 3338
f 3341 3343 3342
f 3343 3344 3342
v 0.14825 0.03163 0.38219
v 0.14825 0.03072 0.36571
v 0.14825 0.02364 0.38263
v 0.14825 0.02273 0.36615
v 0.13175 0.03072 0.36571
v 0.13175 0.03163 0.38219
v 0.13175 0.02273 0.36615
v 0.13175 0.02364 0.38263
v 0.13175 0.03072 0.36571
v 0.14825 0.03072 0.36571
v 0.13175 0.03163 0.38219
v 0.14825 0.03163 0.38219
v 0.13175 0.02364 0.38263
v 0.14825 0.02364 0.38263
v 0.13175 0.02273 0.36615
v 0.14825 0.02273 0.36615
v 0.13175 0.03163 0.38219
v 0.14825 0.03163 0.38219
v 0.13175 0.02364 0.38263
v 0.14825 0.02364 0.38263
v 0.14825 0.03072 0.36571
v 0.13175 0.03072 0.36571
v 0.14825 0.02273 0.36615
v 0.13175 0.02273 0.36615
f 3345 3347 3346
f 3347 3348 3346
f 3349 3351 3350
f 3351 3352 3350
f 3353 3355 3354
f 3355 3356 3354
f 3357 3359 3358
f 3359 3360 3358
f 3361 3363 3362
f 3363 3364 3362
f 3365 3367 3366
f 3367 3368 3366
v 0.14825 0.03272 0.40216
v 0.14825 0.03182 0.38568
v 0.14825 0.02474 0.40260
v 0.14825 0.02383 0.38612
v 0.13175 0.03182 0.38568
v 0.13175 0.03272 0.40216
v 0.13175 0.02383 0.38612
v 0.13175 0.02474 0.40260
v 0.13175 0.03182 0.38568
v 0.14825 0.03182 0.38568
v 0.13175 0.03272 0.40216
v 0.14825 0.03272 0.40216
v 0.13175 0.02474 0.40260
v 0.14825 0.02474 0.40260
v 0.13175 0.02383 0.38612
v 0.14825 0.02383 0.38612
v 0.13175 0.03272 0.40216
v 0.14825 0.03272 0.40216
v 0.13175 0.02474 0.40260
v 0.14825 0.02474 0.40260
v 0.14825 0.03182 0.38568
v 0.13175 0.03182 0.38568
v 0.14825 0.02383 0.38612
v 0.13175 0.02383 0.38612
f 3369 3371 3370
f 3371 3372 3370
f 3373 3375 3374
f 3375 3376 3374
f 3377 3379 3378
f 3379 3380 3378
f 3381 3383 3382
f 3383 3384 3382
f 3385 3387 3386
f 3387 3388 3386
f 3389 3391 3390
f 3391 3392 3390
v 0.16825 0.02833 0.32228
v 0.16825 0.02742 0.30580
v 0.16825 0.02034 0.32272
v 0.16825 0.01943 0.30624
v 0.15175 0.02742 0.30580
v 0.15175 0.02833 0.32228
v 0.15175 0.01943 0.30624
v 0.15175 0.02034 0.32272
v 0.15175 0.02742 0.30580
v 0.16825 0.02742 0.30580
v 0.15175 0.02833 0.32228
v 0.16825 0.02833 0.32228
v 0.15175 0.02034 0.32272
v 0.16825 0.02034 0.32272
v 0.15175 0.01943 0.30624
v 0.16825 0.01943 0.30624
v 0.15175 0.02833 0.32228
v 0.16825 0.02833 0.32228
v 0.15175 0.02034 0.32272
v 0.16825 0.02034 0.32272
v 0.16825 0.02742 0.30580
v 0.15175 0.02742 0.30580
v 0.16825 0.01943 0.30624
v 0.15175 0.01943 0.30624
f 3393 3395 3394
f 3395 3396 3394
f 3397 3399 3398
f 3399 3400 3398
f 3401 3403 3402
f 3403 3404 3402
f 3405 3407 3406
f 3407 3408 3406
f 3409 3411 3410
f 3411 3412 3410
f 3413 3415 3414
f 3415 3416 3414
v 0.16825 0.02943 0.34225
v 0.16825 0.02852 0.32577
v 0.16825 0.02144 0.34269
v 0.16825 0.02053 0.32621
v 0.15175 0.02852 0.32577
v 0.15175 0.02943 0.34225
v 0.15175 0.02053 0.32621
v 0.15175 0.02144 0.34269
v 0.15175 0.02852 0.32577
v 0.16825 0.02852 0.32577
v 0.15175 0.02943 0.34225
v 0.16825 0.02943 0.34225
v 0.15175 0.02144 0.34269
v 0.16825 0.02144 0.34269
v 0.15175 0.02053 0.32621
v 0.16825 0.02053 0.32621
v 0.15175 0.02943 0.34225
v 0.16825 0.02943 0.34225
v 0.15175 0.02144 0.34269
v 0.16825 0.02144 0.34269
v 0.16825 0.02852 0.32577
v 0.15175 0.02852 0.32577
v 0.16825 0.02053 0.32621
v 0.15175 0.02053 0.32621
f 3417 3419 3418
f 3419 3420 3418
f 3421 3423 3422
f 3423 3424 3422
f 3425 3427 3426
f 3427 3428 3426
f 3429 3431 3430
f 3431 3432 3430
f 3433 3435 3434
f 3435 3436 3434
f 3437 3439 3438
f 3439 3440 3438
v 0.16825 0.03053 0.36222
v 0.16825 0.02962 0.34574
v 0.16825 0.02254 0.36266
v 0.16825 0.02163 0.34618
v 0.15175 0.02962 0.34574
v 0.15175 0.03053 0.36222
v 0.15175 0.02163 0.34618
v 0.15175 0.02254 0.36266
v 0.15175 0.02962 0.34574
v 0.16825 0.02962 0.34574
v 0.15175 0.03053 0.36222
v 0.16825 0.03053 0.36222
v 0.15175 0.02254 0.36266
v 0.16825 0.02254 0.36266
v 0.15175 0.02163 0.34618
v 0.16825 0.02163 0.34618
v 0.15175 0.03053 0.36222
v 0.16825 0.03053 0.36222
v 0.15175 0.02254 0.36266
v 0.16825 0.02254 0.36266
v 0.16825 0.02962 0.34574
v 0.15175 0.02962 0.34574
v 0.16825 0.02163 0.34618
v 0.15175 0.02163 0.34618
f 3441 3443 3442
f 3443 3444 3442
f 3445 3447 3446
f 3447 3448 3446
f 3449 3451 3450
f 3451 3452 3450
f 3453 3455 3454
f 3455 3456 3454
f 3457 3459 3458
f 3459 3460 3458
f 3461 3463 3462
f 3463 3464 3462
v 0.16825 0.03163 0.38219
v 0.16825 0.03072 0.36571
v 0.16825 0.02364 0.38263
v 0.16825 0.02273 0.36615
v 0.15175 0.03072 0.36571
v 0.15175 0.03163 0.38219
v 0.15175 0.02273 0.36615
v 0.15175 0.02364 0.38263
v 0.15175 0.03072 0.36571
v 0.16825 0.03072 0.36571
v 0.15175 0.03163 0.38219
v 0.16825 0.03163 0.38219
v 0.15175 0.02364 0.38263
v 0.16825 0.02364 0.38263
v 0.15175 0.02273 0.36615
v 0.16825 0.02273 0.36615
v 0.15175 0.03163 0.38219
v 0.16825 0.03163 0.38219
v 0.15175 0.02364 0.38263
v 0.16825 0.02364 0.38263
v 0.16825 0.03072 0.36571
v 0.15175 0.03072 0.36571
v 0.16825 0.02273 0.36615
v 0.15175 0.02273 0.36615
f 3465 3467 3466
f 3467 3468 3466
f 3469 3471 3470
f 3471 3472 3470
f 3473 3475 3474
f 3475 3476 3474
f 3477 3479 3478
f 3479 3480 3478
f 3481 3483 3482
f 3483 3484 3482
f 3485 3487 3486
f 3487 3488 3486
v 0.16825 0.03272 0.40216
v 0.16825 0.03182 0.38568
v 0.16825 0.02474 0.40260
v 0.16825 0.02383 0.38612
v 0.15175 0.03182 0.38568
v 0.15175 0.03272 0.40216
v 0.15175 0.02383 0.38612
v 0.15175 0.02474 0.40260
v 0.15175 0.03182 0.38568
v 0.16825 0.03182 0.38568
v 0.15175 0.03272 0.40216
v 0.16825 0.03272 0.40216
v 0.15175 0.02474 0.40260
v 0.16825 0.02474 0.40260
v 0.15175 0.02383 0.38612
v 0.16825 0.02383 0.38612
v 0.15175 0.03272 0.40216
v 0.16825 0.03272 0.40216
v 0.15175 0.02474 0.40260
v 0.16825 0.02474 0.40260
v 0.16825 0.03182 0.38568
v 0.15175 0.03182 0.38568
v 0.16825 0.02383 0.38612
v 0.15175 0.02383 0.38612
f 3489 3491 3490
f 3491 3492 3490
f 3493 3495 3494
f 3495 3496 3494
f 3497 3499 3498
f 3499 3500 3498
f 3501 3503 3502
f 3503 3504 3502
f 3505 3507 3506
f 3507 3508 3506
f 3509 3511 3510
f 3511 3512 3510
v 0.18825 0.02833 0.32228
v 0.18825 0.02742 0.30580
v 0.18825 0.02034 0.32272
v 0.18825 0.01943 0.30624
v 0.17175 0.02742 0.30580
v 0.17175 0.02833 0.32228
v 0.17175 0.01943 0.30624
v 0.17175 0.02034 0.32272
v 0.17175 0.02742 0.30580
v 0.18825 0.02742 0.30580
v 0.17175 0.02833 0.32228
v 0.18825 0.02833 0.32228
v 0.17175 0.02034 0.32272
v 0.18825 0.02034 0.32272
v 0.17175 0.01943 0.30624
v 0.18825 0.01943 0.30624
v 0.17175 0.02833 0.32228
v 0.18825 0.02833 0.32228
v 0.17175 0.02034 0.32272
v 0.18825 0.02034 0.32272
v 0.18825 0.02742 0.30580
v 0.17175 0.02742 0.30580
v 0.18825 0.01943 0.30624
v 0.17175 0.01943 0.30624
f 3513 3515 3514
f 3515 3516 3514
f 3517 3519 3518
f 3519 3520 3518
f 3521 3523 3522
f 3523 3524 3522
f 3525 3527 3526
f 3527 3528 3526
f 3529 3531 3530
f 3531 3532 3530
f 3533 3535 3534
f 3535 3536 3534
v 0.18825 0.02943 0.34225
v 0.18825 0.02852 0.32577
v 0.18825 0.02144 0.34269
v 0.18825 0.02053 0.32621
v 0.17175 0.02852 0.32577
v 0.17175 0.02943 0.34225
v 0.17175 0.02053 0.32621
v 0.17175 0.02144 0.34269
v 0.17175 0.02852 0.32577
v 0.18825 0.02852 0.32577
v 0.17175 0.02943 0.34225
v 0.18825 0.02943 0.34225
v 0.17175 0.02144 0.34269
v 0.18825 0.02144 0.34269
v 0.17175 0.02053 0.32621
v 0.18825 0.02053 0.32621
v 0.17175 0.02943 0.34225
v 0.18825 0.02943 0.34225
v 0.17175 0.02144 0.34269
v 0.18825 0.02144 0.34269
v 0.18825 0.02852 0.32577
v 0.17175 0.02852 0.32577
v 0.18825 0.02053 0.32621
v 0.17175 0.02053 0.32621
f 3537 3539 3538
f 3539 3540 3538
f 3541 3543 3542
f 3543 3544 3542
f 3545 3547 3546
f 3547 3548 3546
f 3549 3551 3550
f 3551 3552 3550
f 3553 3555 3554
f 3555 3556 3554
f 3557 3559 3558
f 3559 3560 3558
v 0.18825 0.03053 0.36222
v 0.18825 0.02962 0.34574
v 0.18825 0.02254 0.36266
v 0.18825 0.02163 0.34618
v 0.17175 0.02962 0.34574
v 0.17175 0.03053 0.36222
v 0.17175 0.02163 0.34618
v 0.17175 0.02254 0.36266
v 0.17175 0.02962 0.34574
v 0.18825 0.02962 0.34574
v 0.17175 0.03053 0.36222
v 0.18825 0.03053 0.36222
v 0.17175 0.02254 0.36266
v 0.18825 0.02254 0.36266
v 0.17175 0.02163 0.34618
v 0.18825 0.02163 0.34618
v 0.17175 0.03053 0.36222
v 0.18825 0.03053 0.36222
v 0.17175 0.02254 0.36266
v 0.18825 0.02254 0.36266
v 0.18825 0.02962 0.34574
v 0.17175 0.02962 0.34574
v 0.18825 0.02163 0.34618
v 0.17175 0.02163 0.34618
f 3561 3563 3562
f 3563 3564 3562
f 3565 3567 3566
f 3567 3568 3566
f 3569 3571 3570
f 3571 3572 3570
f 3573 3575 3574
f 3575 3576 3574
f 3577 3579 3578
f 3579 3580 3578
f 3581 3583 3582
f 3583 3584 3582
v 0.18825 0.03163 0.38219
v 0.18825 0.03072 0.36571
v 0.18825 0.02364 0.38263
v 0.18825 0.02273 0.36615
v 0.17175 0.03072 0.36571
v 0.17175 0.03163 0.38219
v 0.17175 0.02273 0.36615
v 0.17175 0.02364 0.38263
v 0.17175 0.03072 0.36571
v 0.18825 0.03072 0.36571
v 0.17175 0.03163 0.38219
v 0.18825 0.03163 0.38219
v 0.17175 0.02364 0.38263
v 0.18825 0.02364 0.38263
v 0.17175 0.02273 0.36615
v 0.18825 0.02273 0.36615
v 0.17175 0.03163 0.38219
v 0.18825 0.03163 0.38219
v 0.17175 0.02364 0.38263
v 0.18825 0.02364 0.38263
v 0.18825 0.03072 0.36571
v 0.17175 0.03072 0.36571
v 0.18825 0.02273 0.36615
v 0.17175 0.02273 0.36615
f 3585 3587 3586
f 3587 3588 3586
f 3589 3591 3590
f 3591 3592 3590
f 3593 3595 3594
f 3595 3596 3594
f 3597 3599 3598
f 3599 3600 3598
f 3601 3603 3602
f 3603 3604 3602
f 3605 3607 3606
f 3607 3608 3606
v 0.18825 0.03272 0.40216
v 0.18825 0.03182 0.38568
v 0.18825 0.02474 0.40260
v 0.18825 0.02383 0.38612
v 0.17175 0.03182 0.38568
v 0.17175 0.03272 0.40216
v 0.17175 0.02383 0.38612
v 0.17175 0.02474 0.40260
v 0.17175 0.03182 0.38568
v 0.18825 0.03182 0.38568
v 0.17175 0.03272 0.40216
v 0.18825 0.03272 0.40216
v 0.17175 0.02474 0.40260
v 0.18825 0.02474 0.40260
v 0.17175 0.02383 0.38612
v 0.18825 0.02383 0.38612
v 0.17175 0.03272 0.40216
v 0.18825 0.03272 0.40216
v 0.17175 0.02474 0.40260
v 0.18825 0.02474 0.40260
v 0.18825 0.03182 0.38568
v 0.17175 0.03182 0.38568
v 0.18825 0.02383 0.38612
v 0.17175 0.02383 0.38612
f 3609 3611 3610
f 3611 3612 3610
f 3613 3615 3614
f 3615 3616 3614
f 3617 3619 3618
f 3619 3620 3618
f 3621 3623 3622
f 3623 3624 3622
f 3625 3627 3626
f 3627 3628 3626
f 3629 3631 3630
f 3631 3632 3630
v 0.20825 0.02833 0.32228
v 0.20825 0.02742 0.30580
v 0.20825 0.02034 0.32272
v 0.20825 0.01943 0.30624
v 0.19175 0.02742 0.30580
v 0.19175 0.02833 0.32228
v 0.19175 0.01943 0.30624
v 0.19175 0.02034 0.32272
v 0.19175 0.02742 0.30580
v 0.20825 0.02742 0.30580
v 0.19175 0.02833 0.32228
v 0.20825 0.02833 0.32228
v 0.19175 0.02034 0.32272
v 0.20825 0.02034 0.32272
v 0.19175 0.01943 0.30624
v 0.20825 0.01943 0.30624
v 0.19175 0.02833 0.32228
v 0.20825 0.02833 0.32228
v 0.19175 0.02034 0.32272
v 0.20825 0.02034 0.32272
v 0.20825 0.02742 0.30580
v 0.19175 0.02742 0.30580
v 0.20825 0.01943 0.30624
v 0.19175 0.01943 0.30624
f 3633 3635 3634
f 3635 3636 3634
f 3637 3639 3638
f 3639 3640 3638
f 3641 3643 3642
f 3643 3644 3642
f 3645 3647 3646
f 3647 3648 3646
f 3649 3651 3650
f 3651 3652 3650
f 3653 3655 3654
f 3655 3656 3654
v 0.20825 0.02943 0.34225
v 0.20825 0.02852 0.32577
v 0.20825 0.02144 0.34269
v 0.20825 0.02053 0.32621
v 0.19175 0.02852 0.32577
v 0.19175 0.02943 0.34225
v 0.19175 0.02053 0.32621
v 0.19175 0.02144 0.34269
v 0.19175 0.02852 0.32577
v 0.20825 0.02852 0.32577
v 0.19175 0.02943 0.34225
v 0.20825 0.02943 0.34225
v 0.19175 0.02144 0.34269
v 0.20825 0.02144 0.34269
v 0.19175 0.02053 0.32621
v 0.20825 0.02053 0.32621
v 0.19175 0.02943 0.34225
v 0.20825 0.02943 0.34225
v 0.19175 0.02144 0.34269
v 0.20825 0.02144 0.34269
v 0.20825 0.02852 0.32577
v 0.19175 0.02852 0.32577
v 0.20825 0.02053 0.32621
v 0.19175 0.02053 0.32621
f 3657 3659 3658
f 3659 3660 3658
f 3661 3663 3662
f 3663 3664 3662
f 3665 3667 3666
f 3667 3668 3666
f 3669 3671 3670
f 3671 3672 3670
f 3673 3675 3674
f 3675 3676 3674
f 3677 3679 3678
f 3679 3680 3678
v 0.20825 0.03053 0.36222
v 0.20825 0.02962 0.34574
v 0.20825 0.02254 0.36266
v 0.20825 0.02163 0.34618
v 0.19175 0.02962 0.34574
v 0.19175 0.03053 0.36222
v 0.19175 0.02163 0.34618
v 0.19175 0.02254 0.36266
v 0.19175 0.02962 0.34574
v 0.20825 0.02962 0.34574
v 0.19175 0.03053 0.36222
v 0.20825 0.03053 0.36222
v 0.19175 0.02254 0.36266
v 0.20825 0.02254 0.36266
v 0.19175 0.02163 0.34618
v 0.20825 0.02163 0.34618
v 0.19175 0.03053 0.36222
v 0.20825 0.03053 0.36222
v 0.19175 0.02254 0.36266
v 0.20825 0.02254 0.36266
v 0.20825 0.02962 0.34574
v 0.19175 0.02962 0.34574
v 0.20825 0.02163 0.34618
v 0.19175 0.02163 0.34618
f 3681 3683 3682
f 3683 3684 3682
f 3685 3687 3686
f 3687 3688 3686
f 3689 3691 3690
f 3691 3692 3690
f 3693 3695 3694
f 3695 3696 3694
f 3697 3699 3698
f 3699 3700 3698
f 3701 3703 3702
f 3703 3704 3702
v 0.20825 0.03163 0.38219
v 0.20825 0.03072 0.36571
v 0.20825 0.02364 0.38263
v 0.20825 0.02273 0.36615
v 0.19175 0.03072 0.36571
v 0.19175 0.03163 0.38219
v 0.19175 0.02273 0.36615
v 0.19175 0.02364 0.38263
v 0.19175 0.03072 0.36571
v 0.20825 0.03072 0.36571
v 0.19175 0.03163 0.38219
v 0.20825 0.03163 0.38219
v 0.19175 0.02364 0.38263
v 0.20825 0.02364 0.38263
v 0.19175 0.02273 0.36615
v 0.20825 0.02273 0.36615
v 0.19175 0.03163 0.38219
v 0.20825 0.03163 0.38219
v 0.19175 0.02364 0.38263
v 0.20825 0.02364 0.38263
v 0.20825 0.03072 0.36571
v 0.19175 0.03072 0.36571
v 0.20825 0.02273 0.36615
v 0.19175 0.02273 0.36615
f 3705 3707 3706
f 3707 3708 3706
f 3709 3711 3710
f 3711 3712 3710
f 3713 3715 3714
f 3715 3716 3714
f 3717 3719 3718
f 3719 3720 3718
f 3721 3723 3722
f 3723 3724 3722
f 3725 3727 3726
f 3727 3728 3726
v 0.20825 0.03272 0.40216
v 0.20825 0.03182 0.38568
v 0.20825 0.02474 0.40260
v 0.20825 0.02383 0.38612
v 0.19175 0.03182 0.38568
v 0.19175 0.03272 0.40216
v 0.19175 0.02383 0.38612
v 0.19175 0.02474 0.40260
v 0.19175 0.03182 0.38568
v 0.20825 0.03182 0.38568
v 0.19175 0.03272 0.40216
v 0.20825 0.03272 0.40216
v 0.19175 0.02474 0.40260
v 0.20825 0.02474 0.40260
v 0.19175 0.02383 0.38612
v 0.20825 0.02383 0.38612
v 0.19175 0.03272 0.40216
v 0.20825 0.03272 0.40216
v 0.19175 0.02474 0.40260
v 0.20825 0.02474 0.40260
v 0.20825 0.03182 0.38568
v 0.19175 0.03182 0.38568
v 0.20825 0.02383 0.38612
v 0.19175 0.02383 0.38612
f 3729 3731 3730
f 3731 3732 3730
f 3733 3735 3734
f 3735 3736 3734
f 3737 3739 3738
f 3739 3740 3738
f 3741 3743 3742
f 3743 3744 3742
f 3745 3747 3746
f 3747 3748 3746
f 3749 3751 3750
f 3751 3752 3750
v 0.31411 0.03100 0.32374
v 0.32127 0.03100 0.28439
v 0.31411 0.02500 0.32374
v 0.32127 0.02500 0.28439
v 0.29569 0.03100 0.27973
v 0.28853 0.03100 0.31908
v 0.29569 0.02500 0.27973
v 0.28853 0.02500 0.31908
v 0.29569 0.03100 0.27973
v 0.32127 0.03100 0.28439
v 0.28853 0.03100 0.31908
v 0.31411 0.03100 0.32374
v 0.28853 0.02500 0.31908
v 0.31411 0.02500 0.32374
v 0.29569 0.02500 0.27973
v 0.32127 0.02500 0.28439
v 0.28853 0.03100 0.31908
v 0.31411 0.03100 0.32374
v 0.28853 0.02500 0.31908
v 0.31411 0.02500 0.32374
v 0.32127 0.03100 0.28439
v 0.29569 0.03100 0.27973
v 0.32127 0.02500 0.28439
v 0.29569 0.02500 0.27973
f 3753 3755 3754
f 3755 3756 3754
f 3757 3759 3758
f 3759 3760 3758
f 3761 3763 3762
f 3763 3764 3762
f 3765 3767 3766
f 3767 3768 3766
f 3769 3771 3770
f 3771 3772 3770
f 3773 3775 3774
f 3775 3776 3774
v 0.34362 0.03100 0.32911
v 0.35078 0.03100 0.28976
v 0.34362 0.02500 0.32911
v 0.35078 0.02500 0.28976
v 0.32520 0.03100 0.28510
v 0.31804 0.03100 0.32445
v 0.32520 0.02500 0.28510
v 0.31804 0.02500 0.32445
v 0.32520 0.03100 0.28510
v 0.35078 0.03100 0.28976
v 0.31804 0.03100 0.32445
v 0.34362 0.03100 0.32911
v 0.31804 0.02500 0.32445
v 0.34362 0.02500 0.32911
v 0.32520 0.02500 0.28510
v 0.35078 0.02500 0.28976
v 0.31804 0.03100 0.32445
v 0.34362 0.03100 0.32911
v 0.31804 0.02500 0.32445
v 0.34362 0.02500 0.32911
v 0.35078 0.03100 0.28976
v 0.32520 0.03100 0.28510
v 0.35078 0.02500 0.28976
v 0.32520 0.02500 0.28510
f 3777 3779 3778
f 3779 3780 3778
f 3781 3783 3782
f 3783 3784 3782
f 3785 3787 3786
f 3787 3788 3786
f 3789 3791 3790
f 3791 3792 3790
f 3793 3795 3794
f 3795 3796 3794
f 3797 3799 3798
f 3799 3800 3798
usemtl dark_plastic
v 0.17600 0.09650 0.21350
v 0.17600 0.09650 0.20750
v 0.17600 0.05550 0.21350
v 0.17600 0.05550 0.20750
v 0.02400 0.09650 0.20750
v 0.02400 0.09650 0.21350
v 0.02400 0.05550 0.20750
v 0.02400 0.05550 0.21350
v 0.02400 0.09650 0.20750
v 0.17600 0.09650 0.20750
v 0.02400 0.09650 0.21350
v 0.17600 0.09650 0.21350
v 0.02400 0.05550 0.21350
v 0.17600 0.05550 0.21350
v 0.02400 0.05550 0.20750
v 0.17600 0.05550 0.20750
v 0.02400 0.09650 0.21350
v 0.17600 0.09650 0.21350
v 0.02400 0.05550 0.21350
v 0.17600 0.05550 0.21350
v 0.17600 0.09650 0.20750
v 0.02400 0.09650 0.20750
v 0.17600 0.05550 0.20750
v 0.02400 0.05550 0.20750
f 3801 3803 3802
f 3803 3804 3802
f 3805 3807 3806
f 3807 3808 3806
f 3809 3811 3810
f 3811 3812 3810
f 3813 3815 3814
f 3815 3816 3814
f 3817 3819 3818
f 3819 3820 3818
f 3821 3823 3822
f 3823 3824 3822
v 0.15200 0.04100 0.21350
v 0.15200 0.04100 0.20750
v 0.15200 0.02700 0.21350
v 0.15200 0.02700 0.20750
v 0.04800 0.04100 0.20750
v 0.04800 0.04100 0.21350
v 0.04800 0.02700 0.20750
v 0.04800 0.02700 0.21350
v 0.04800 0.04100 0.20750
v 0.15200 0.04100 0.20750
v 0.04800 0.04100 0.21350
v 0.15200 0.04100 0.21350
v 0.04800 0.02700 0.21350
v 0.15200 0.02700 0.21350
v 0.04800 0.02700 0.20750
v 0.15200 0.02700 0.20750
v 0.04800 0.04100 0.21350
v 0.15200 0.04100 0.21350
v 0.04800 0.02700 0.21350
v 0.15200 0.02700 0.21350
v 0.15200 0.04100 0.20750
v 0.04800 0.04100 0.20750
v 0.15200 0.02700 0.20750
v 0.04800 0.02700 0.20750
f 3825 3827 3826
f 3827 3828 3826
f 3829 3831 3830
f 3831 3832 3830
f 3833 3835 3834
f 3835 3836 3834
f 3837 3839 3838
f 3839 3840 3838
f 3841 3843 3842
f 3843 3844 3842
f 3845 3847 3846
f 3847 3848 3846
v -0.04600 0.03800 0.21400
v -0.04600 0.03800 0.20900
v -0.04600 0.02200 0.21400
v -0.04600 0.02200 0.20900
v -0.09400 0.03800 0.20900
v -0.09400 0.03800 0.21400
v -0.09400 0.02200 0.20900
v -0.09400 0.02200 0.21400
v -0.09400 0.03800 0.20900
v -0.04600 0.03800 0.20900
v -0.09400 0.03800 0.21400
v -0.04600 0.03800 0.21400
v -0.09400 0.02200 0.21400
v -0.04600 0.02200 0.21400
v -0.09400 0.02200 0.20900
v -0.04600 0.02200 0.20900
v -0.09400 0.03800 0.21400
v -0.04600 0.03800 0.21400
v -0.09400 0.02200 0.21400
v -0.04600 0.02200 0.21400
v -0.04600 0.03800 0.20900
v -0.09400 0.03800 0.20900
v -0.04600 0.02200 0.20900
v -0.09400 0.02200 0.20900
f 3849 3851 3850
f 3851 3852 3850
f 3853 3855 3854
f 3855 3856 3854
f 3857 3859 3858
f 3859 3860 3858
f 3861 3863 3862
f 3863 3864 3862
f 3865 3867 3866
f 3867 3868 3866
f 3869 3871 3870
f 3871 3872 3870
v 0.21100 0.08250 -0.09700
v 0.21100 0.08250 -0.10300
v 0.21100 0.04050 -0.09700
v 0.21100 0.04050 -0.10300
v 0.20500 0.08250 -0.10300
v 0.20500 0.08250 -0.09700
v 0.20500 0.04050 -0.10300
v 0.20500 0.04050 -0.09700
v 0.20500 0.08250 -0.10300
v 0.21100 0.08250 -0.10300
v 0.20500 0.08250 -0.09700
v 0.21100 0.08250 -0.09700
v 0.20500 0.04050 -0.09700
v 0.21100 0.04050 -0.09700
v 0.20500 0.04050 -0.10300
v 0.21100 0.04050 -0.10300
v 0.20500 0.08250 -0.09700
v 0.21100 0.08250 -0.09700
v 0.20500 0.04050 -0.09700
v 0.21100 0.04050 -0.09700
v 0.21100 0.08250 -0.10300
v 0.20500 0.08250 -0.10300
v 0.21100 0.04050 -0.10300
v 0.20500 0.04050 -0.10300
f 3873 3875 3874
f 3875 3876 3874
f 3877 3879 3878
f 3879 3880 3878
f 3881 3883 3882
f 3883 3884 3882
f 3885 3887 3886
f 3887 3888 3886
f 3889 3891 3890
f 3891 3892 3890
f 3893 3895 3894
f 3895 3896 3894
v 0.21100 0.08250 -0.07700
v 0.21100 0.08250 -0.08300
v 0.21100 0.04050 -0.07700
v 0.21100 0.04050 -0.08300
v 0.20500 0.08250 -0.08300
v 0.20500 0.08250 -0.07700
v 0.20500 0.04050 -0.08300
v 0.20500 0.04050 -0.07700
v 0.20500 0.08250 -0.08300
v 0.21100 0.08250 -0.08300
v 0.20500 0.08250 -0.07700
v 0.21100 0.08250 -0.07700
v 0.20500 0.04050 -0.07700
v 0.21100 0.04050 -0.07700
v 0.20500 0.04050 -0.08300
v 0.21100 0.04050 -0.08300
v 0.20500 0.08250 -0.07700
v 0.21100 0.08250 -0.07700
v 0.20500 0.04050 -0.07700
v 0.21100 0.04050 -0.07700
v 0.21100 0.08250 -0.08300
v 0.20500 0.08250 -0.08300
v 0.21100 0.04050 -0.08300
v 0.20500 0.04050 -0.08300
f 3897 3899 3898
f 3899 3900 3898
f 3901 3903 3902
f 3903 3904 3902
f 3905 3907 3906
f 3907 3908 3906
f 3909 3911 3910
f 3911 3912 3910
f 3913 3915 3914
f 3915 3916 3914
f 3917 3919 3918
f 3919 3920 3918
v 0.21100 0.08250 -0.05700
v 0.21100 0.08250 -0.06300
v 0.21100 0.04050 -0.05700
v 0.21100 0.04050 -0.06300
v 0.20500 0.08250 -0.06300
v 0.20500 0.08250 -0.05700
v 0.20500 0.04050 -0.06300
v 0.20500 0.04050 -0.05700
v 0.20500 0.08250 -0.06300
v 0.21100 0.08250 -0.06300
v 0.20500 0.08250 -0.05700
v 0.21100 0.08250 -0.05700
v 0.20500 0.04050 -0.05700
v 0.21100 0.04050 -0.05700
v 0.20500 0.04050 -0.06300
v 0.21100 0.04050 -0.06300
v 0.20500 0.08250 -0.05700
v 0.21100 0.08250 -0.05700
v 0.20500 0.04050 -0.05700
v 0.21100 0.04050 -0.05700
v 0.21100 0.08250 -0.06300
v 0.20500 0.08250 -0.06300
v 0.21100 0.04050 -0.06300
v 0.20500 0.04050 -0.06300
f 3921 3923 3922
f 3923 3924 3922
f 3925 3927 3926
f 3927 3928 3926
f 3929 3931 3930
f 3931 3932 3930
f 3933 3935 3934
f 3935 3936 3934
f 3937 3939 3938
f 3939 3940 3938
f 3941 3943 3942
f 3943 3944 3942
v 0.21100 0.08250 -0.03700
v 0.21100 0.08250 -0.04300
v 0.21100 0.04050 -0.03700
v 0.21100 0.04050 -0.04300
v 0.20500 0.08250 -0.04300
v 0.20500 0.08250 -0.03700
v 0.20500 0.04050 -0.04300
v 0.20500 0.04050 -0.03700
v 0.20500 0.08250 -0.04300
v 0.21100 0.08250 -0.04300
v 0.20500 0.08250 -0.03700
v 0.21100 0.08250 -0.03700
v 0.20500 0.04050 -0.03700
v 0.21100 0.04050 -0.03700
v 0.20500 0.04050 -0.04300
v 0.21100 0.04050 -0.04300
v 0.20500 0.08250 -0.03700
v 0.21100 0.08250 -0.03700
v 0.20500 0.04050 -0.03700
v 0.21100 0.04050 -0.03700
v 0.21100 0.08250 -0.04300
v 0.20500 0.08250 -0.04300
v 0.21100 0.04050 -0.04300
v 0.20500 0.04050 -0.04300
f 3945 3947 3946
f 3947 3948 3946
f 3949 3951 3950
f 3951 3952 3950
f 3953 3955 3954
f 3955 3956 3954
f 3957 3959 3958
f 3959 3960 3958
f 3961 3963 3962
f 3963 3964 3962
f 3965 3967 3966
f 3967 3968 3966
v 0.21100 0.08250 -0.01700
v 0.21100 0.08250 -0.02300
v 0.21100 0.04050 -0.01700
v 0.21100 0.04050 -0.02300
v 0.20500 0.08250 -0.02300
v 0.20500 0.08250 -0.01700
v 0.20500 0.04050 -0.02300
v 0.20500 0.04050 -0.01700
v 0.20500 0.08250 -0.02300
v 0.21100 0.08250 -0.02300
v 0.20500 0.08250 -0.01700
v 0.21100 0.08250 -0.01700
v 0.20500 0.04050 -0.01700
v 0.21100 0.04050 -0.01700
v 0.20500 0.04050 -0.02300
v 0.21100 0.04050 -0.02300
v 0.20500 0.08250 -0.01700
v 0.21100 0.08250 -0.01700
v 0.20500 0.04050 -0.01700
v 0.21100 0.04050 -0.01700
v 0.21100 0.08250 -0.02300
v 0.20500 0.08250 -0.02300
v 0.21100 0.04050 -0.02300
v 0.20500 0.04050 -0.02300
f 3969 3971 3970
f 3971 3972 3970
f 3973 3975 3974
f 3975 3976 3974
f 3977 3979 3978
f 3979 3980 3978
f 3981 3983 3982
f 3983 3984 3982
f 3985 3987 3986
f 3987 3988 3986
f 3989 3991 3990
f 3991 3992 3990
v 0.21100 0.08250 0.00300
v 0.21100 0.08250 -0.00300
v 0.21100 0.04050 0.00300
v 0.21100 0.04050 -0.00300
v 0.20500 0.08250 -0.00300
v 0.20500 0.08250 0.00300
v 0.20500 0.04050 -0.00300
v 0.20500 0.04050 0.00300
v 0.20500 0.08250 -0.00300
v 0.21100 0.08250 -0.00300
v 0.20500 0.08250 0.00300
v 0.21100 0.08250 0.00300
v 0.20500 0.04050 0.00300
v 0.21100 0.04050 0.00300
v 0.20500 0.04050 -0.00300
v 0.21100 0.04050 -0.00300
v 0.20500 0.08250 0.00300
v 0.21100 0.08250 0.00300
v 0.20500 0.04050 0.00300
v 0.21100 0.04050 0.00300
v 0.21100 0.08250 -0.00300
v 0.20500 0.08250 -0.00300
v 0.21100 0.04050 -0.00300
v 0.20500 0.04050 -0.00300
f 3993 3995 3994
f 3995 3996 3994
f 3997 3999 3998
f 3999 4000 3998
f 4001 4003 4002
f 4003 4004 4002
f 4005 4007 4006
f 4007 4008 4006
f 4009 4011 4010
f 4011 4012 4010
f 4013 4015 4014
f 4015 4016 4014
v 0.21100 0.08250 0.02300
v 0.21100 0.08250 0.01700
v 0.21100 0.04050 0.02300
v 0.21100 0.04050 0.01700
v 0.20500 0.08250 0.01700
v 0.20500 0.08250 0.02300
v 0.20500 0.04050 0.01700
v 0.20500 0.04050 0.02300
v 0.20500 0.08250 0.01700
v 0.21100 0.08250 0.01700
v 0.20500 0.08250 0.02300
v 0.21100 0.08250 0.02300
v 0.20500 0.04050 0.02300
v 0.21100 0.04050 0.02300
v 0.20500 0.04050 0.01700
v 0.21100 0.04050 0.01700
v 0.20500 0.08250 0.02300
v 0.21100 0.08250 0.02300
v 0.20500 0.04050 0.02300
v 0.21100 0.04050 0.02300
v 0.21100 0.08250 0.01700
v 0.20500 0.08250 0.01700
v 0.21100 0.04050 0.01700
v 0.20500 0.04050 0.01700
f 4017 4019 4018
f 4019 4020 4018
f 4021 4023 4022
f 4023 4024 4022
f 4025 4027 4026
f 4027 4028 4026
f 4029 4031 4030
f 4031 4032 4030
f 4033 4035 4034
f 4035 4036 4034
f 4037 4039 4038
f 4039 4040 4038
v 0.21100 0.08250 0.04300
v 0.21100 0.08250 0.03700
v 0.21100 0.04050 0.04300
v 0.21100 0.04050 0.03700
v 0.20500 0.08250 0.03700
v 0.20500 0.08250 0.04300
v 0.20500 0.04050 0.03700
v 0.20500 0.04050 0.04300
v 0.20500 0.08250 0.03700
v 0.21100 0.08250 0.03700
v 0.20500 0.08250 0.04300
v 0.21100 0.08250 0.04300
v 0.20500 0.04050 0.04300
v 0.21100 0.04050 0.04300
v 0.20500 0.04050 0.03700
v 0.21100 0.04050 0.03700
v 0.20500 0.08250 0.04300
v 0.21100 0.08250 0.04300
v 0.20500 0.04050 0.04300
v 0.21100 0.04050 0.04300
v 0.21100 0.08250 0.03700
v 0.20500 0.08250 0.03700
v 0.21100 0.04050 0.03700
v 0.20500 0.04050 0.03700
f 4041 4043 4042
f 4043 4044 4042
f 4045 4047 4046
f 4047 4048 4046
f 4049 4051 4050
f 4051 4052 4050
f 4053 4055 4054
f 4055 4056 4054
f 4057 4059 4058
f 4059 4060 4058
f 4061 4063 4062
f 4063 4064 4062
v -0.17500 0.00500 -0.14800
v -0.17041 0.00500 -0.14891
v -0.16651 0.00500 -0.15151
v -0.16391 0.00500 -0.15541
v -0.16300 0.00500 -0.16000
v -0.16391 0.00500 -0.16459
v -0.16651 0.00500 -0.16849
v -0.17041 0.00500 -0.17109
v -0.17500 0.00500 -0.17200
v -0.17959 0.00500 -0.17109
v -0.18349 0.00500 -0.16849
v -0.18609 0.00500 -0.16459
v -0.18700 0.00500 -0.16000
v -0.18609 0.00500 -0.15541
v -0.18349 0.00500 -0.15151
v -0.17959 0.00500 -0.14891
v -0.17500 0.00500 -0.14800
v -0.17500 -0.00100 -0.14800
v -0.17041 -0.00100 -0.14891
v -0.16651 -0.00100 -0.15151
v -0.16391 -0.00100 -0.15541
v -0.16300 -0.00100 -0.16000
v -0.16391 -0.00100 -0.16459
v -0.16651 -0.00100 -0.16849
v -0.17041 -0.00100 -0.17109
v -0.17500 -0.00100 -0.17200
v -0.17959 -0.00100 -0.17109
v -0.18349 -0.00100 -0.16849
v -0.18609 -0.00100 -0.16459
v -0.18700 -0.00100 -0.16000
v -0.18609 -0.00100 -0.15541
v -0.18349 -0.00100 -0.15151
v -0.17959 -0.00100 -0.14891
v -0.17500 -0.00100 -0.14800
v -0.17500 0.00500 -0.16000
v -0.17500 0.00500 -0.16000
v -0.17500 0.00500 -0.16000
v -0.17500 0.00500 -0.16000
v -0.17500 0.00500 -0.16000
v -0.17500 0.00500 -0.16000
v -0.17500 0.00500 -0.16000
v -0.17500 0.00500 -0.16000
v -0.17500 0.00500 -0.16000
v -0.17500 0.00500 -0.16000
v -0.17500 0.00500 -0.16000
v -0.17500 0.00500 -0.16000
v -0.17500 0.00500 -0.16000
v -0.17500 0.00500 -0.16000
v -0.17500 0.00500 -0.16000
v -0.17500 0.00500 -0.16000
v -0.17500 0.00500 -0.14800
v -0.17041 0.00500 -0.14891
v -0.16651 0.00500 -0.15151
v -0.16391 0.00500 -0.15541
v -0.16300 0.00500 -0.16000
v -0.16391 0.00500 -0.16459
v -0.16651 0.00500 -0.16849
v -0.17041 0.00500 -0.17109
v -0.17500 0.00500 -0.17200
v -0.17959 0.00500 -0.17109
v -0.18349 0.00500 -0.16849
v -0.18609 0.00500 -0.16459
v -0.18700 0.00500 -0.16000
v -0.18609 0.00500 -0.15541
v -0.18349 0.00500 -0.15151
v -0.17959 0.00500 -0.14891
v -0.17500 0.00500 -0.14800
v -0.17500 -0.00100 -0.16000
v -0.17500 -0.00100 -0.16000
v -0.17500 -0.00100 -0.16000
v -0.17500 -0.00100 -0.16000
v -0.17500 -0.00100 -0.16000
v -0.17500 -0.00100 -0.16000
v -0.17500 -0.00100 -0.16000
v -0.17500 -0.00100 -0.16000
v -0.17500 -0.00100 -0.16000
v -0.17500 -0.00100 -0.16000
v -0.17500 -0.00100 -0.16000
v -0.17500 -0.00100 -0.16000
v -0.17500 -0.00100 -0.16000
v -0.17500 -0.00100 -0.16000
v -0.17500 -0.00100 -0.16000
v -0.17500 -0.00100 -0.16000
v -0.17500 -0.00100 -0.14800
v -0.17041 -0.00100 -0.14891
v -0.16651 -0.00100 -0.15151
v -0.16391 -0.00100 -0.15541
v -0.16300 -0.00100 -0.16000
v -0.16391 -0.00100 -0.16459
v -0.16651 -0.00100 -0.16849
v -0.17041 -0.00100 -0.17109
v -0.17500 -0.00100 -0.17200
v -0.17959 -0.00100 -0.17109
v -0.18349 -0.00100 -0.16849
v -0.18609 -0.00100 -0.16459
v -0.18700 -0.00100 -0.16000
v -0.18609 -0.00100 -0.15541
v -0.18349 -0.00100 -0.15151
v -0.17959 -0.00100 -0.14891
v -0.17500 -0.00100 -0.14800
f 4065 4082 4066
f 4082 4083 4066
f 4066 4083 4067
f 4083 4084 4067
f 4067 4084 4068
f 4084 4085 4068
f 4068 4085 4069
f 4085 4086 4069
f 4069 4086 4070
f 4086 4087 4070
f 4070 4087 4071
f 4087 4088 4071
f 4071 4088 4072
f 4088 4089 4072
f 4072 4089 4073
f 4089 4090 4073
f 4073 4090 4074
f 4090 4091 4074
f 4074 4091 4075
f 4091 4092 4075
f 4075 4092 4076
f 4092 4093 4076
f 4076 4093 4077
f 4093 4094 4077
f 4077 4094 4078
f 4094 4095 4078
f 4078 4095 4079
f 4095 4096 4079
f 4079 4096 4080
f 4096 4097 4080
f 4080 4097 4081
f 4097 4098 4081
f 4115 4116 4099
f 4116 4117 4100
f 4117 4118 4101
f 4118 4119 4102
f 4119 4120 4103
f 4120 4121 4104
f 4121 4122 4105
f 4122 4123 4106
f 4123 4124 4107
f 4124 4125 4108
f 4125 4126 4109
f 4126 4127 4110
f 4127 4128 4111
f 4128 4129 4112
f 4129 4130 4113
f 4130 4131 4114
f 4149 4148 4132
f 4150 4149 4133
f 4151 4150 4134
f 4152 4151 4135
f 4153 4152 4136
f 4154 4153 4137
f 4155 4154 4138
f 4156 4155 4139
f 4157 4156 4140
f 4158 4157 4141
f 4159 4158 4142
f 4160 4159 4143
f 4161 4160 4144
f 4162 4161 4145
f 4163 4162 4146
f 4164 4163 4147
v 0.17500 0.00500 -0.14800
v 0.17959 0.00500 -0.14891
v 0.18349 0.00500 -0.15151
v 0.18609 0.00500 -0.15541
v 0.18700 0.00500 -0.16000
v 0.18609 0.00500 -0.16459
v 0.18349 0.00500 -0.16849
v 0.17959 0.00500 -0.17109
v 0.17500 0.00500 -0.17200
v 0.17041 0.00500 -0.17109
v 0.16651 0.00500 -0.16849
v 0.16391 0.00500 -0.16459
v 0.16300 0.00500 -0.16000
v 0.16391 0.00500 -0.15541
v 0.16651 0.00500 -0.15151
v 0.17041 0.00500 -0.14891
v 0.17500 0.00500 -0.14800
v 0.17500 -0.00100 -0.14800
v 0.17959 -0.00100 -0.14891
v 0.18349 -0.00100 -0.15151
v 0.18609 -0.00100 -0.15541
v 0.18700 -0.00100 -0.16000
v 0.18609 -0.00100 -0.16459
v 0.18349 -0.00100 -0.16849
v 0.17959 -0.00100 -0.17109
v 0.17500 -0.00100 -0.17200
v 0.17041 -0.00100 -0.17109
v 0.16651 -0.00100 -0.16849
v 0.16391 -0.00100 -0.16459
v 0.16300 -0.00100 -0.16000
v 0.16391 -0.00100 -0.15541
v 0.16651 -0.00100 -0.15151
v 0.17041 -0.00100 -0.14891
v 0.17500 -0.00100 -0.14800
v 0.17500 0.00500 -0.16000
v 0.17500 0.00500 -0.16000
v 0.17500 0.00500 -0.16000
v 0.17500 0.00500 -0.16000
v 0.17500 0.00500 -0.16000
v 0.17500 0.00500 -0.16000
v 0.17500 0.00500 -0.16000
v 0.17500 0.00500 -0.16000
v 0.17500 0.00500 -0.16000
v 0.17500 0.00500 -0.16000
v 0.17500 0.00500 -0.16000
v 0.17500 0.00500 -0.16000
v 0.17500 0.00500 -0.16000
v 0.17500 0.00500 -0.16000
v 0.17500 0.00500 -0.16000
v 0.17500 0.00500 -0.16000
v 0.17500 0.00500 -0.14800
v 0.17959 0.00500 -0.14891
v 0.18349 0.00500 -0.15151
v 0.18609 0.00500 -0.15541
v 0.18700 0.00500 -0.16000
v 0.18609 0.00500 -0.16459
v 0.18349 0.00500 -0.16849
v 0.17959 0.00500 -0.17109
v 0.17500 0.00500 -0.17200
v 0.17041 0.00500 -0.17109
v 0.16651 0.00500 -0.16849
v 0.16391 0.00500 -0.16459
v 0.16300 0.00500 -0.16000
v 0.16391 0.00500 -0.15541
v 0.16651 0.00500 -0.15151
v 0.17041 0.00500 -0.14891
v 0.17500 0.00500 -0.14800
v 0.17500 -0.00100 -0.16000
v 0.17500 -0.00100 -0.16000
v 0.17500 -0.00100 -0.16000
v 0.17500 -0.00100 -0.16000
v 0.17500 -0.00100 -0.16000
v 0.17500 -0.00100 -0.16000
v 0.17500 -0.00100 -0.16000
v 0.17500 -0.00100 -0.16000
v 0.17500 -0.00100 -0.16000
v 0.17500 -0.00100 -0.16000
v 0.17500 -0.00100 -0.16000
v 0.17500 -0.00100 -0.16000
v 0.17500 -0.00100 -0.16000
v 0.17500 -0.00100 -0.16000
v 0.17500 -0.00100 -0.16000
v 0.17500 -0.00100 -0.16000
v 0.17500 -0.00100 -0.14800
v 0.17959 -0.00100 -0.14891
v 0.18349 -0.00100 -0.15151
v 0.18609 -0.00100 -0.15541
v 0.18700 -0.00100 -0.16000
v 0.18609 -0.00100 -0.16459
v 0.18349 -0.00100 -0.16849
v 0.17959 -0.00100 -0.17109
v 0.17500 -0.00100 -0.17200
v 0.17041 -0.00100 -0.17109
v 0.16651 -0.00100 -0.16849
v 0.16391 -0.00100 -0.16459
v 0.16300 -0.00100 -0.16000
v 0.16391 -0.00100 -0.15541
v 0.16651 -0.00100 -0.15151
v 0.17041 -0.00100 -0.14891
v 0.17500 -0.00100 -0.14800
f 4165 4182 4166
f 4182 4183 4166
f 4166 4183 4167
f 4183 4184 4167
f 4167 4184 4168
f 4184 4185 4168
f 4168 4185 4169
f 4185 4186 4169
f 4169 4186 4170
f 4186 4187 4170
f 4170 4187 4171
f 4187 4188 4171
f 4171 4188 4172
f 4188 4189 4172
f 4172 4189 4173
f 4189 4190 4173
f 4173 4190 4174
f 4190 4191 4174
f 4174 4191 4175
f 4191 4192 4175
f 4175 4192 4176
f 4192 4193 4176
f 4176 4193 4177
f 4193 4194 4177
f 4177 4194 4178
f 4194 4195 4178
f 4178 4195 4179
f 4195 4196 4179
f 4179 4196 4180
f 4196 4197 4180
f 4180 4197 4181
f 4197 4198 4181
f 4215 4216 4199
f 4216 4217 4200
f 4217 4218 4201
f 4218 4219 4202
f 4219 4220 4203
f 4220 4221 4204
f 4221 4222 4205
f 4222 4223 4206
f 4223 4224 4207
f 4224 4225 4208
f 4225 4226 4209
f 4226 4227 4210
f 4227 4228 4211
f 4228 4229 4212
f 4229 4230 4213
f 4230 4231 4214
f 4249 4248 4232
f 4250 4249 4233
f 4251 4250 4234
f 4252 4251 4235
f 4253 4252 4236
f 4254 4253 4237
f 4255 4254 4238
f 4256 4255 4239
f 4257 4256 4240
f 4258 4257 4241
f 4259 4258 4242
f 4260 4259 4243
f 4261 4260 4244
f 4262 4261 4245
f 4263 4262 4246
f 4264 4263 4247
v -0.17500 0.00500 0.17200
v -0.17041 0.00500 0.17109
v -0.16651 0.00500 0.16849
v -0.16391 0.00500 0.16459
v -0.16300 0.00500 0.16000
v -0.16391 0.00500 0.15541
v -0.16651 0.00500 0.15151
v -0.17041 0.00500 0.14891
v -0.17500 0.00500 0.14800
v -0.17959 0.00500 0.14891
v -0.18349 0.00500 0.15151
v -0.18609 0.00500 0.15541
v -0.18700 0.00500 0.16000
v -0.18609 0.00500 0.16459
v -0.18349 0.00500 0.16849
v -0.17959 0.00500 0.17109
v -0.17500 0.00500 0.17200
v -0.17500 -0.00100 0.17200
v -0.17041 -0.00100 0.17109
v -0.16651 -0.00100 0.16849
v -0.16391 -0.00100 0.16459
v -0.16300 -0.00100 0.16000
v -0.16391 -0.00100 0.15541
v -0.16651 -0.00100 0.15151
v -0.17041 -0.00100 0.14891
v -0.17500 -0.00100 0.14800
v -0.17959 -0.00100 0.14891
v -0.18349 -0.00100 0.15151
v -0.18609 -0.00100 0.15541
v -0.18700 -0.00100 0.16000
v -0.18609 -0.00100 0.16459
v -0.18349 -0.00100 0.16849
v -0.17959 -0.00100 0.17109
v -0.17500 -0.00100 0.17200
v -0.17500 0.00500 0.16000
v -0.17500 0.00500 0.16000
v -0.17500 0.00500 0.16000
v -0.17500 0.00500 0.16000
v -0.17500 0.00500 0.16000
v -0.17500 0.00500 0.16000
v -0.17500 0.00500 0.16000
v -0.17500 0.00500 0.16000
v -0.17500 0.00500 0.16000
v -0.17500 0.00500 0.16000
v -0.17500 0.00500 0.16000
v -0.17500 0.00500 0.16000
v -0.17500 0.00500 0.16000
v -0.17500 0.00500 0.16000
v -0.17500 0.00500 0.16000
v -0.17500 0.00500 0.16000
v -0.17500 0.00500 0.17200
v -0.17041 0.00500 0.17109
v -0.16651 0.00500 0.16849
v -0.16391 0.00500 0.16459
v -0.16300 0.00500 0.16000
v -0.16391 0.00500 0.15541
v -0.16651 0.00500 0.15151
v -0.17041 0.00500 0.14891
v -0.17500 0.00500 0.14800
v -0.17959 0.00500 0.14891
v -0.18349 0.00500 0.15151
v -0.18609 0.00500 0.15541
v -0.18700 0.00500 0.16000
v -0.18609 0.00500 0.16459
v -0.18349 0.00500 0.16849
v -0.17959 0.00500 0.17109
v -0.17500 0.00500 0.17200
v -0.17500 -0.00100 0.16000
v -0.17500 -0.00100 0.16000
v -0.17500 -0.00100 0.16000
v -0.17500 -0.00100 0.16000
v -0.17500 -0.00100 0.16000
v -0.17500 -0.00100 0.16000
v -0.17500 -0.00100 0.16000
v -0.17500 -0.00100 0.16000
v -0.17500 -0.00100 0.16000
v -0.17500 -0.00100 0.16000
v -0.17500 -0.00100 0.16000
v -0.17500 -0.00100 0.16000
v -0.17500 -0.00100 0.16000
v -0.17500 -0.00100 0.16000
v -0.17500 -0.00100 0.16000
v -0.17500 -0.00100 0.16000
v -0.17500 -0.00100 0.17200
v -0.17041 -0.00100 0.17109
v -0.16651 -0.00100 0.16849
v -0.16391 -0.00100 0.16459
v -0.16300 -0.00100 0.16000
v -0.16391 -0.00100 0.15541
v -0.16651 -0.00100 0.15151
v -0.17041 -0.00100 0.14891
v -0.17500 -0.00100 0.14800
v -0.17959 -0.00100 0.14891
v -0.18349 -0.00100 0.15151
v -0.18609 -0.00100 0.15541
v -0.18700 -0.00100 0.16000
v -0.18609 -0.00100 0.16459
v -0.18349 -0.00100 0.16849
v -0.17959 -0.00100 0.17109
v -0.17500 -0.00100 0.17200
f 4265 4282 4266
f 4282 4283 4266
f 4266 4283 4267
f 4283 4284 4267
f 4267 4284 4268
f 4284 4285 4268
f 4268 4285 4269
f 4285 4286 4269
f 4269 4286 4270
f 4286 4287 4270
f 4270 4287 4271
f 4287 4288 4271
f 4271 4288 4272
f 4288 4289 4272
f 4272 4289 4273
f 4289 4290 4273
f 4273 4290 4274
f 4290 4291 4274
f 4274 4291 4275
f 4291 4292 4275
f 4275 4292 4276
f 4292 4293 4276
f 4276 4293 4277
f 4293 4294 4277
f 4277 4294 4278
f 4294 4295 4278
f 4278 4295 4279
f 4295 4296 4279
f 4279 4296 4280
f 4296 4297 4280
f 4280 4297 4281
f 4297 4298 4281
f 4315 4316 4299
f 4316 4317 4300
f 4317 4318 4301
f 4318 4319 4302
f 4319 4320 4303
f 4320 4321 4304
f 4321 4322 4305
f 4322 4323 4306
f 4323 4324 4307
f 4324 4325 4308
f 4325 4326 4309
f 4326 4327 4310
f 4327 4328 4311
f 4328 4329 4312
f 4329 4330 4313
f 4330 4331 4314
f 4349 4348 4332
f 4350 4349 4333
f 4351 4350 4334
f 4352 4351 4335
f 4353 4352 4336
f 4354 4353 4337
f 4355 4354 4338
f 4356 4355 4339
f 4357 4356 4340
f 4358 4357 4341
f 4359 4358 4342
f 4360 4359 4343
f 4361 4360 4344
f 4362 4361 4345
f 4363 4362 4346
f 4364 4363 4347
v 0.17500 0.00500 0.17200
v 0.17959 0.00500 0.17109
v 0.18349 0.00500 0.16849
v 0.18609 0.00500 0.16459
v 0.18700 0.00500 0.16000
v 0.18609 0.00500 0.15541
v 0.18349 0.00500 0.15151
v 0.17959 0.00500 0.14891
v 0.17500 0.00500 0.14800
v 0.17041 0.00500 0.14891
v 0.16651 0.00500 0.15151
v 0.16391 0.00500 0.15541
v 0.16300 0.00500 0.16000
v 0.16391 0.00500 0.16459
v 0.16651 0.00500 0.16849
v 0.17041 0.00500 0.17109
v 0.17500 0.00500 0.17200
v 0.17500 -0.00100 0.17200
v 0.17959 -0.00100 0.17109
v 0.18349 -0.00100 0.16849
v 0.18609 -0.00100 0.16459
v 0.18700 -0.00100 0.16000
v 0.18609 -0.00100 0.15541
v 0.18349 -0.00100 0.15151
v 0.17959 -0.00100 0.14891
v 0.17500 -0.00100 0.14800
v 0.17041 -0.00100 0.14891
v 0.16651 -0.00100 0.15151
v 0.16391 -0.00100 0.15541
v 0.16300 -0.00100 0.16000
v 0.16391 -0.00100 0.16459
v 0.16651 -0.00100 0.16849
v 0.17041 -0.00100 0.17109
v 0.17500 -0.00100 0.17200
v 0.17500 0.00500 0.16000
v 0.17500 0.00500 0.16000
v 0.17500 0.00500 0.16000
v 0.17500 0.00500 0.16000
v 0.17500 0.00500 0.16000
v 0.17500 0.00500 0.16000
v 0.17500 0.00500 0.16000
v 0.17500 0.00500 0.16000
v 0.17500 0.00500 0.16000
v 0.17500 0.00500 0.16000
v 0.17500 0.00500 0.16000
v 0.17500 0.00500 0.16000
v 0.17500 0.00500 0.16000
v 0.17500 0.00500 0.16000
v 0.17500 0.00500 0.16000
v 0.17500 0.00500 0.16000
v 0.17500 0.00500 0.17200
v 0.17959 0.00500 0.17109
v 0.18349 0.00500 0.16849
v 0.18609 0.00500 0.16459
v 0.18700 0.00500 0.16000
v 0.18609 0.00500 0.15541
v 0.18349 0.00500 0.15151
v 0.17959 0.00500 0.14891
v 0.17500 0.00500 0.14800
v 0.17041 0.00500 0.14891
v 0.16651 0.00500 0.15151
v 0.16391 0.00500 0.15541
v 0.16300 0.00500 0.16000
v 0.16391 0.00500 0.16459
v 0.16651 0.00500 0.16849
v 0.17041 0.00500 0.17109
v 0.17500 0.00500 0.17200
v 0.17500 -0.00100 0.16000
v 0.17500 -0.00100 0.16000
v 0.17500 -0.00100 0.16000
v 0.17500 -0.00100 0.16000
v 0.17500 -0.00100 0.16000
v 0.17500 -0.00100 0.16000
v 0.17500 -0.00100 0.16000
v 0.17500 -0.00100 0.16000
v 0.17500 -0.00100 0.16000
v 0.17500 -0.00100 0.16000
v 0.17500 -0.00100 0.16000
v 0.17500 -0.00100 0.16000
v 0.17500 -0.00100 0.16000
v 0.17500 -0.00100 0.16000
v 0.17500 -0.00100 0.16000
v 0.17500 -0.00100 0.16000
v 0.17500 -0.00100 0.17200
v 0.17959 -0.00100 0.17109
v 0.18349 -0.00100 0.16849
v 0.18609 -0.00100 0.16459
v 0.18700 -0.00100 0.16000
v 0.18609 -0.00100 0.15541
v 0.18349 -0.00100 0.15151
v 0.17959 -0.00100 0.14891
v 0.17500 -0.00100 0.14800
v 0.17041 -0.00100 0.14891
v 0.16651 -0.00100 0.15151
v 0.16391 -0.00100 0.15541
v 0.16300 -0.00100 0.16000
v 0.16391 -0.00100 0.16459
v 0.16651 -0.00100 0.16849
v 0.17041 -0.00100 0.17109
v 0.17500 -0.00100 0.17200
f 4365 4382 4366
f 4382 4383 4366
f 4366 4383 4367
f 4383 4384 4367
f 4367 4384 4368
f 4384 4385 4368
f 4368 4385 4369
f 4385 4386 4369
f 4369 4386 4370
f 4386 4387 4370
f 4370 4387 4371
f 4387 4388 4371
f 4371 4388 4372
f 4388 4389 4372
f 4372 4389 4373
f 4389 4390 4373
f 4373 4390 4374
f 4390 4391 4374
f 4374 4391 4375
f 4391 4392 4375
f 4375 4392 4376
f 4392 4393 4376
f 4376 4393 4377
f 4393 4394 4377
f 4377 4394 4378
f 4394 4395 4378
f 4378 4395 4379
f 4395 4396 4379
f 4379 4396 4380
f 4396 4397 4380
f 4380 4397 4381
f 4397 4398 4381
f 4415 4416 4399
f 4416 4417 4400
f 4417 4418 4401
f 4418 4419 4402
f 4419 4420 4403
f 4420 4421 4404
f 4421 4422 4405
f 4422 4423 4406
f 4423 4424 4407
f 4424 4425 4408
f 4425 4426 4409
f 4426 4427 4410
f 4427 4428 4411
f 4428 4429 4412
f 4429 4430 4413
f 4430 4431 4414
f 4449 4448 4432
f 4450 4449 4433
f 4451 4450 4434
f 4452 4451 4435
f 4453 4452 4436
f 4454 4453 4437
f 4455 4454 4438
f 4456 4455 4439
f 4457 4456 4440
f 4458 4457 4441
f 4459 4458 4442
f 4460 4459 4443
f 4461 4460 4444
f 4462 4461 4445
f 4463 4462 4446
f 4464 4463 4447
v 0.14350 0.44266 0.08689
v 0.14350 0.44239 0.08089
v 0.14350 0.20889 0.09741
v 0.14350 0.20862 0.09142
v -0.14350 0.44239 0.08089
v -0.14350 0.44266 0.08689
v -0.14350 0.20862 0.09142
v -0.14350 0.20889 0.09741
v -0.14350 0.44239 0.08089
v 0.14350 0.44239 0.08089
v -0.14350 0.44266 0.08689
v 0.14350 0.44266 0.08689
v -0.14350 0.20889 0.09741
v 0.14350 0.20889 0.09741
v -0.14350 0.20862 0.09142
v 0.14350 0.20862 0.09142
v -0.14350 0.44266 0.08689
v 0.14350 0.44266 0.08689
v -0.14350 0.20889 0.09741
v 0.14350 0.20889 0.09741
v 0.14350 0.44239 0.08089
v -0.14350 0.44239 0.08089
v 0.14350 0.20862 0.09142
v -0.14350 0.20862 0.09142
f 4465 4467 4466
f 4467 4468 4466
f 4469 4471 4470
f 4471 4472 4470
f 4473 4475 4474
f 4475 4476 4474
f 4477 4479 4478
f 4479 4480 4478
f 4481 4483 4482
f 4483 4484 4482
f 4485 4487 4486
f 4487 4488 4486
v 0.15000 0.18712 0.14744
v 0.15000 0.18676 0.13945
v 0.15000 0.16714 0.14834
v 0.15000 0.16678 0.14035
v -0.00000 0.18676 0.13945
v -0.00000 0.18712 0.14744
v -0.00000 0.16678 0.14035
v -0.00000 0.16714 0.14834
v -0.00000 0.18676 0.13945
v 0.15000 0.18676 0.13945
v -0.00000 0.18712 0.14744
v 0.15000 0.18712 0.14744
v -0.00000 0.16714 0.14834
v 0.15000 0.16714 0.14834
v -0.00000 0.16678 0.14035
v 0.15000 0.16678 0.14035
v -0.00000 0.18712 0.14744
v 0.15000 0.18712 0.14744
v -0.00000 0.16714 0.14834
v 0.15000 0.16714 0.14834
v 0.15000 0.18676 0.13945
v -0.00000 0.18676 0.13945
v 0.15000 0.16678 0.14035
v -0.00000 0.16678 0.14035
f 4489 4491 4490
f 4491 4492 4490
f 4493 4495 4494
f 4495 4496 4494
f 4497 4499 4498
f 4499 4500 4498
f 4501 4503 4502
f 4503 4504 4502
f 4505 4507 4506
f 4507 4508 4506
f 4509 4511 4510
f 4511 4512 4510
v 0.04500 0.43037 -0.08123
v 0.04500 0.43006 -0.08822
v 0.04500 0.42538 -0.08100
v 0.04500 0.42506 -0.08800
v -0.04500 0.43006 -0.08822
v -0.04500 0.43037 -0.08123
v -0.04500 0.42506 -0.08800
v -0.04500 0.42538 -0.08100
v -0.04500 0.43006 -0.08822
v 0.04500 0.43006 -0.08822
v -0.04500 0.43037 -0.08123
v 0.04500 0.43037 -0.08123
v -0.04500 0.42538 -0.08100
v 0.04500 0.42538 -0.08100
v -0.04500 0.42506 -0.08800
v 0.04500 0.42506 -0.08800
v -0.04500 0.43037 -0.08123
v 0.04500 0.43037 -0.08123
v -0.04500 0.42538 -0.08100
v 0.04500 0.42538 -0.08100
v 0.04500 0.43006 -0.08822
v -0.04500 0.43006 -0.08822
v 0.04500 0.42506 -0.08800
v -0.04500 0.42506 -0.08800
f 4513 4515 4514
f 4515 4516 4514
f 4517 4519 4518
f 4519 4520 4518
f 4521 4523 4522
f 4523 4524 4522
f 4525 4527 4526
f 4527 4528 4526
f 4529 4531 4530
f 4531 4532 4530
f 4533 4535 4534
f 4535 4536 4534
v 0.04500 0.43494 -0.06142
v 0.04500 0.43463 -0.06841
v 0.04500 0.42995 -0.06119
v 0.04500 0.42963 -0.06818
v -0.04500 0.43463 -0.06841
v -0.04500 0.43494 -0.06142
v -0.04500 0.42963 -0.06818
v -0.04500 0.42995 -0.06119
v -0.04500 0.43463 -0.06841
v 0.04500 0.43463 -0.06841
v -0.04500 0.43494 -0.06142
v 0.04500 0.43494 -0.06142
v -0.04500 0.42995 -0.06119
v 0.04500 0.42995 -0.06119
v -0.04500 0.42963 -0.06818
v 0.04500 0.42963 -0.06818
v -0.04500 0.43494 -0.06142
v 0.04500 0.43494 -0.06142
v -0.04500 0.42995 -0.06119
v 0.04500 0.42995 -0.06119
v 0.04500 0.43463 -0.06841
v -0.04500 0.43463 -0.06841
v 0.04500 0.42963 -0.06818
v -0.04500 0.42963 -0.06818
f 4537 4539 4538
f 4539 4540 4538
f 4541 4543 4542
f 4543 4544 4542
f 4545 4547 4546
f 4547 4548 4546
f 4549 4551 4550
f 4551 4552 4550
f 4553 4555 4554
f 4555 4556 4554
f 4557 4559 4558
f 4559 4560 4558
v 0.04500 0.43951 -0.04160
v 0.04500 0.43919 -0.04859
v 0.04500 0.43451 -0.04138
v 0.04500 0.43420 -0.04837
v -0.04500 0.43919 -0.04859
v -0.04500 0.43951 -0.04160
v -0.04500 0.43420 -0.04837
v -0.04500 0.43451 -0.04138
v -0.04500 0.43919 -0.04859
v 0.04500 0.43919 -0.04859
v -0.04500 0.43951 -0.04160
v 0.04500 0.43951 -0.04160
v -0.04500 0.43451 -0.04138
v 0.04500 0.43451 -0.04138
v -0.04500 0.43420 -0.04837
v 0.04500 0.43420 -0.04837
v -0.04500 0.43951 -0.04160
v 0.04500 0.43951 -0.04160
v -0.04500 0.43451 -0.04138
v 0.04500 0.43451 -0.04138
v 0.04500 0.43919 -0.04859
v -0.04500 0.43919 -0.04859
v 0.04500 0.43420 -0.04837
v -0.04500 0.43420 -0.04837
f 4561 4563 4562
f 4563 4564 4562
f 4565 4567 4566
f 4567 4568 4566
f 4569 4571 4570
f 4571 4572 4570
f 4573 4575 4574
f 4575 4576 4574
f 4577 4579 4578
f 4579 4580 4578
f 4581 4583 4582
f 4583 4584 4582
v 0.04500 0.44408 -0.02179
v 0.04500 0.44376 -0.02878
v 0.04500 0.43908 -0.02156
v 0.04500 0.43877 -0.02855
v -0.04500 0.44376 -0.02878
v -0.04500 0.44408 -0.02179
v -0.04500 0.43877 -0.02855
v -0.04500 0.43908 -0.02156
v -0.04500 0.44376 -0.02878
v 0.04500 0.44376 -0.02878
v -0.04500 0.44408 -0.02179
v 0.04500 0.44408 -0.02179
v -0.04500 0.43908 -0.02156
v 0.04500 0.43908 -0.02156
v -0.04500 0.43877 -0.02855
v 0.04500 0.43877 -0.02855
v -0.04500 0.44408 -0.02179
v 0.04500 0.44408 -0.02179
v -0.04500 0.43908 -0.02156
v 0.04500 0.43908 -0.02156
v 0.04500 0.44376 -0.02878
v -0.04500 0.44376 -0.02878
v 0.04500 0.43877 -0.02855
v -0.04500 0.43877 -0.02855
f 4585 4587 4586
f 4587 4588 4586
f 4589 4591 4590
f 4591 4592 4590
f 4593 4595 4594
f 4595 4596 4594
f 4597 4599 4598
f 4599 4600 4598
f 4601 4603 4602
f 4603 4604 4602
f 4605 4607 4606
f 4607 4608 4606
v 0.04500 0.44864 -0.00197
v 0.04500 0.44833 -0.00896
v 0.04500 0.44365 -0.00175
v 0.04500 0.44333 -0.00874
v -0.04500 0.44833 -0.00896
v -0.04500 0.44864 -0.00197
v -0.04500 0.44333 -0.00874
v -0.04500 0.44365 -0.00175
v -0.04500 0.44833 -0.00896
v 0.04500 0.44833 -0.00896
v -0.04500 0.44864 -0.00197
v 0.04500 0.44864 -0.00197
v -0.04500 0.44365 -0.00175
v 0.04500 0.44365 -0.00175
v -0.04500 0.44333 -0.00874
v 0.04500 0.44333 -0.00874
v -0.04500 0.44864 -0.00197
v 0.04500 0.44864 -0.00197
v -0.04500 0.44365 -0.00175
v 0.04500 0.44365 -0.00175
v 0.04500 0.44833 -0.00896
v -0.04500 0.44833 -0.00896
v 0.04500 0.44333 -0.00874
v -0.04500 0.44333 -0.00874
f 4609 4611 4610
f 4611 4612 4610
f 4613 4615 4614
f 4615 4616 4614
f 4617 4619 4618
f 4619 4620 4618
f 4621 4623 4622
f 4623 4624 4622
f 4625 4627 4626
f 4627 4628 4626
f 4629 4631 4630
f 4631 4632 4630
v 0.04500 0.45321 0.01784
v 0.04500 0.45290 0.01085
v 0.04500 0.44822 0.01807
v 0.04500 0.44790 0.01108
v -0.04500 0.45290 0.01085
v -0.04500 0.45321 0.01784
v -0.04500 0.44790 0.01108
v -0.04500 0.44822 0.01807
v -0.04500 0.45290 0.01085
v 0.04500 0.45290 0.01085
v -0.04500 0.45321 0.01784
v 0.04500 0.45321 0.01784
v -0.04500 0.44822 0.01807
v 0.04500 0.44822 0.01807
v -0.04500 0.44790 0.01108
v 0.04500 0.44790 0.01108
v -0.04500 0.45321 0.01784
v 0.04500 0.45321 0.01784
v -0.04500 0.44822 0.01807
v 0.04500 0.44822 0.01807
v 0.04500 0.45290 0.01085
v -0.04500 0.45290 0.01085
v 0.04500 0.44790 0.01108
v -0.04500 0.44790 0.01108
f 4633 4635 4634
f 4635 4636 4634
f 4637 4639 4638
f 4639 4640 4638
f 4641 4643 4642
f 4643 4644 4642
f 4645 4647 4646
f 4647 4648 4646
f 4649 4651 4650
f 4651 4652 4650
f 4653 4655 4654
f 4655 4656 4654
v -0.18000 -0.00223 0.27664
v -0.18000 -0.00289 0.26466
v -0.18000 -0.01022 0.27708
v -0.18000 -0.01088 0.26510
v -0.21000 -0.00289 0.26466
v -0.21000 -0.00223 0.27664
v -0.21000 -0.01088 0.26510
v -0.21000 -0.01022 0.27708
v -0.21000 -0.00289 0.26466
v -0.18000 -0.00289 0.26466
v -0.21000 -0.00223 0.27664
v -0.18000 -0.00223 0.27664
v -0.21000 -0.01022 0.27708
v -0.18000 -0.01022 0.27708
v -0.21000 -0.01088 0.26510
v -0.18000 -0.01088 0.26510
v -0.21000 -0.00223 0.27664
v -0.18000 -0.00223 0.27664
v -0.21000 -0.01022 0.27708
v -0.18000 -0.01022 0.27708
v -0.18000 -0.00289 0.26466
v -0.21000 -0.00289 0.26466
v -0.18000 -0.01088 0.26510
v -0.21000 -0.01088 0.26510
f 4657 4659 4658
f 4659 4660 4658
f 4661 4663 4662
f 4663 4664 4662
f 4665 4667 4666
f 4667 4668 4666
f 4669 4671 4670
f 4671 4672 4670
f 4673 4675 4674
f 4675 4676 4674
f 4677 4679 4678
f 4679 4680 4678
v 0.19000 -0.00223 0.27664
v 0.19000 -0.00289 0.26466
v 0.19000 -0.01022 0.27708
v 0.19000 -0.01088 0.26510
v 0.16000 -0.00289 0.26466
v 0.16000 -0.00223 0.27664
v 0.16000 -0.01088 0.26510
v 0.16000 -0.01022 0.27708
v 0.16000 -0.00289 0.26466
v 0.19000 -0.00289 0.26466
v 0.16000 -0.00223 0.27664
v 0.19000 -0.00223 0.27664
v 0.16000 -0.01022 0.27708
v 0.19000 -0.01022 0.27708
v 0.16000 -0.01088 0.26510
v 0.19000 -0.01088 0.26510
v 0.16000 -0.00223 0.27664
v 0.19000 -0.00223 0.27664
v 0.16000 -0.01022 0.27708
v 0.19000 -0.01022 0.27708
v 0.19000 -0.00289 0.26466
v 0.16000 -0.00289 0.26466
v 0.19000 -0.01088 0.26510
v 0.16000 -0.01088 0.26510
f 4681 4683 4682
f 4683 4684 4682
f 4685 4687 4686
f 4687 4688 4686
f 4689 4691 4690
f 4691 4692 4690
f 4693 4695 4694
f 4695 4696 4694
f 4697 4699 4698
f 4699 4700 4698
f 4701 4703 4702
f 4703 4704 4702
usemtl led_green
v -0.16600 0.02650 0.21450
v -0.16466 0.02677 0.21450
v -0.16353 0.02753 0.21450
v -0.16277 0.02866 0.21450
v -0.16250 0.03000 0.21450
v -0.16277 0.03134 0.21450
v -0.16353 0.03247 0.21450
v -0.16466 0.03323 0.21450
v -0.16600 0.03350 0.21450
v -0.16734 0.03323 0.21450
v -0.16847 0.03247 0.21450
v -0.16923 0.03134 0.21450
v -0.16950 0.03000 0.21450
v -0.16923 0.02866 0.21450
v -0.16847 0.02753 0.21450
v -0.16734 0.02677 0.21450
v -0.16600 0.02650 0.21450
v -0.16600 0.02650 0.20850
v -0.16466 0.02677 0.20850
v -0.16353 0.02753 0.20850
v -0.16277 0.02866 0.20850
v -0.16250 0.03000 0.20850
v -0.16277 0.03134 0.20850
v -0.16353 0.03247 0.20850
v -0.16466 0.03323 0.20850
v -0.16600 0.03350 0.20850
v -0.16734 0.03323 0.20850
v -0.16847 0.03247 0.20850
v -0.16923 0.03134 0.20850
v -0.16950 0.03000 0.20850
v -0.16923 0.02866 0.20850
v -0.16847 0.02753 0.20850
v -0.16734 0.02677 0.20850
v -0.16600 0.02650 0.20850
v -0.16600 0.03000 0.21450
v -0.16600 0.03000 0.21450
v -0.16600 0.03000 0.21450
v -0.16600 0.03000 0.21450
v -0.16600 0.03000 0.21450
v -0.16600 0.03000 0.21450
v -0.16600 0.03000 0.21450
v -0.16600 0.03000 0.21450
v -0.16600 0.03000 0.21450
v -0.16600 0.03000 0.21450
v -0.16600 0.03000 0.21450
v -0.16600 0.03000 0.21450
v -0.16600 0.03000 0.21450
v -0.16600 0.03000 0.21450
v -0.16600 0.03000 0.21450
v -0.16600 0.03000 0.21450
v -0.16600 0.02650 0.21450
v -0.16466 0.02677 0.21450
v -0.16353 0.02753 0.21450
v -0.16277 0.02866 0.21450
v -0.16250 0.03000 0.21450
v -0.16277 0.03134 0.21450
v -0.16353 0.03247 0.21450
v -0.16466 0.03323 0.21450
v -0.16600 0.03350 0.21450
v -0.16734 0.03323 0.21450
v -0.16847 0.03247 0.21450
v -0.16923 0.03134 0.21450
v -0.16950 0.03000 0.21450
v -0.16923 0.02866 0.21450
v -0.16847 0.02753 0.21450
v -0.16734 0.02677 0.21450
v -0.16600 0.02650 0.21450
v -0.16600 0.03000 0.20850
v -0.16600 0.03000 0.20850
v -0.16600 0.03000 0.20850
v -0.16600 0.03000 0.20850
v -0.16600 0.03000 0.20850
v -0.16600 0.03000 0.20850
v -0.16600 0.03000 0.20850
v -0.16600 0.03000 0.20850
v -0.16600 0.03000 0.20850
v -0.16600 0.03000 0.20850
v -0.16600 0.03000 0.20850
v -0.16600 0.03000 0.20850
v -0.16600 0.03000 0.20850
v -0.16600 0.03000 0.20850
v -0.16600 0.03000 0.20850
v -0.16600 0.03000 0.20850
v -0.16600 0.02650 0.20850
v -0.16466 0.02677 0.20850
v -0.16353 0.02753 0.20850
v -0.16277 0.02866 0.20850
v -0.16250 0.03000 0.20850
v -0.16277 0.03134 0.20850
v -0.16353 0.03247 0.20850
v -0.16466 0.03323 0.20850
v -0.16600 0.03350 0.20850
v -0.16734 0.03323 0.20850
v -0.16847 0.03247 0.20850
v -0.16923 0.03134 0.20850
v -0.16950 0.03000 0.20850
v -0.16923 0.02866 0.20850
v -0.16847 0.02753 0.20850
v -0.16734 0.02677 0.20850
v -0.16600 0.02650 0.20850
f 4705 4722 4706
f 4722 4723 4706
f 4706 4723 4707
f 4723 4724 4707
f 4707 4724 4708
f 4724 4725 4708
f 4708 4725 4709
f 4725 4726 4709
f 4709 4726 4710
f 4726 4727 4710
f 4710 4727 4711
f 4727 4728 4711
f 4711 4728 4712
f 4728 4729 4712
f 4712 4729 4713
f 4729 4730 4713
f 4713 4730 4714
f 4730 4731 4714
f 4714 4731 4715
f 4731 4732 4715
f 4715 4732 4716
f 4732 4733 4716
f 4716 4733 4717
f 4733 4734 4717
f 4717 4734 4718
f 4734 4735 4718
f 4718 4735 4719
f 4735 4736 4719
f 4719 4736 4720
f 4736 4737 4720
f 4720 4737 4721
f 4737 4738 4721
f 4755 4756 4739
f 4756 4757 4740
f 4757 4758 4741
f 4758 4759 4742
f 4759 4760 4743
f 4760 4761 4744
f 4761 4762 4745
f 4762 4763 4746
f 4763 4764 4747
f 4764 4765 4748
f 4765 4766 4749
f 4766 4767 4750
f 4767 4768 4751
f 4768 4769 4752
f 4769 4770 4753
f 4770 4771 4754
f 4789 4788 4772
f 4790 4789 4773
f 4791 4790 4774
f 4792 4791 4775
f 4793 4792 4776
f 4794 4793 4777
f 4795 4794 4778
f 4796 4795 4779
f 4797 4796 4780
f 4798 4797 4781
f 4799 4798 4782
f 4800 4799 4783
f 4801 4800 4784
f 4802 4801 4785
f 4803 4802 4786
f 4804 4803 4787
v -0.10000 0.17368 0.14905
v -0.09866 0.17395 0.14904
v -0.09753 0.17470 0.14900
v -0.09677 0.17584 0.14895
v -0.09650 0.17718 0.14889
v -0.09677 0.17851 0.14883
v -0.09753 0.17965 0.14878
v -0.09866 0.18041 0.14875
v -0.10000 0.18067 0.14874
v -0.10134 0.18041 0.14875
v -0.10247 0.17965 0.14878
v -0.10323 0.17851 0.14883
v -0.10350 0.17718 0.14889
v -0.10323 0.17584 0.14895
v -0.10247 0.17470 0.14900
v -0.10134 0.17395 0.14904
v -0.10000 0.17368 0.14905
v -0.10000 0.17341 0.14306
v -0.09866 0.17368 0.14304
v -0.09753 0.17443 0.14301
v -0.09677 0.17557 0.14296
v -0.09650 0.17691 0.14290
v -0.09677 0.17824 0.14284
v -0.09753 0.17938 0.14279
v -0.09866 0.18014 0.14275
v -0.10000 0.18040 0.14274
v -0.10134 0.18014 0.14275
v -0.10247 0.17938 0.14279
v -0.10323 0.17824 0.14284
v -0.10350 0.17691 0.14290
v -0.10323 0.17557 0.14296
v -0.10247 0.17443 0.14301
v -0.10134 0.17368 0.14304
v -0.10000 0.17341 0.14306
v -0.10000 0.17718 0.14889
v -0.10000 0.17718 0.14889
v -0.10000 0.17718 0.14889
v -0.10000 0.17718 0.14889
v -0.10000 0.17718 0.14889
v -0.10000 0.17718 0.14889
v -0.10000 0.17718 0.14889
v -0.10000 0.17718 0.14889
v -0.10000 0.17718 0.14889
v -0.10000 0.17718 0.14889
v -0.10000 0.17718 0.14889
v -0.10000 0.17718 0.14889
v -0.10000 0.17718 0.14889
v -0.10000 0.17718 0.14889
v -0.10000 0.17718 0.14889
v -0.10000 0.17718 0.14889
v -0.10000 0.17368 0.14905
v -0.09866 0.17395 0.14904
v -0.09753 0.17470 0.14900
v -0.09677 0.17584 0.14895
v -0.09650 0.17718 0.14889
v -0.09677 0.17851 0.14883
v -0.09753 0.17965 0.14878
v -0.09866 0.18041 0.14875
v -0.10000 0.18067 0.14874
v -0.10134 0.18041 0.14875
v -0.10247 0.17965 0.14878
v -0.10323 0.17851 0.14883
v -0.10350 0.17718 0.14889
v -0.10323 0.17584 0.14895
v -0.10247 0.17470 0.14900
v -0.10134 0.17395 0.14904
v -0.10000 0.17368 0.14905
v -0.10000 0.17691 0.14290
v -0.10000 0.17691 0.14290
v -0.10000 0.17691 0.14290
v -0.10000 0.17691 0.14290
v -0.10000 0.17691 0.14290
v -0.10000 0.17691 0.14290
v -0.10000 0.17691 0.14290
v -0.10000 0.17691 0.14290
v -0.10000 0.17691 0.14290
v -0.10000 0.17691 0.14290
v -0.10000 0.17691 0.14290
v -0.10000 0.17691 0.14290
v -0.10000 0.17691 0.14290
v -0.10000 0.17691 0.14290
v -0.10000 0.17691 0.14290
v -0.10000 0.17691 0.14290
v -0.10000 0.17341 0.14306
v -0.09866 0.17368 0.14304
v -0.09753 0.17443 0.14301
v -0.09677 0.17557 0.14296
v -0.09650 0.17691 0.14290
v -0.09677 0.17824 0.14284
v -0.09753 0.17938 0.14279
v -0.09866 0.18014 0.14275
v -0.10000 0.18040 0.14274
v -0.10134 0.18014 0.14275
v -0.10247 0.17938 0.14279
v -0.10323 0.17824 0.14284
v -0.10350 0.17691 0.14290
v -0.10323 0.17557 0.14296
v -0.10247 0.17443 0.14301
v -0.10134 0.17368 0.14304
v -0.10000 0.17341 0.14306
f 4805 4822 4806
f 4822 4823 4806
f 4806 4823 4807
f 4823 4824 4807
f 4807 4824 4808
f 4824 4825 4808
f 4808 4825 4809
f 4825 4826 4809
f 4809 4826 4810
f 4826 4827 4810
f 4810 4827 4811
f 4827 4828 4811
f 4811 4828 4812
f 4828 4829 4812
f 4812 4829 4813
f 4829 4830 4813
f 4813 4830 4814
f 4830 4831 4814
f 4814 4831 4815
f 4831 4832 4815
f 4815 4832 4816
f 4832 4833 4816
f 4816 4833 4817
f 4833 4834 4817
f 4817 4834 4818
f 4834 4835 4818
f 4818 4835 4819
f 4835 4836 4819
f 4819 4836 4820
f 4836 4837 4820
f 4820 4837 4821
f 4837 4838 4821
f 4855 4856 4839
f 4856 4857 4840
f 4857 4858 4841
f 4858 4859 4842
f 4859 4860 4843
f 4860 4861 4844
f 4861 4862 4845
f 4862 4863 4846
f 4863 4864 4847
f 4864 4865 4848
f 4865 4866 4849
f 4866 4867 4850
f 4867 4868 4851
f 4868 4869 4852
f 4869 4870 4853
f 4870 4871 4854
f 4889 4888 4872
f 4890 4889 4873
f 4891 4890 4874
f 4892 4891 4875
f 4893 4892 4876
f 4894 4893 4877
f 4895 4894 4878
f 4896 4895 4879
f 4897 4896 4880
f 4898 4897 4881
f 4899 4898 4882
f 4900 4899 4883
f 4901 4900 4884
f 4902 4901 4885
f 4903 4902 4886
f 4904 4903 4887
usemtl crt_glass
v 0.00000 0.31041 0.12888
v 0.00000 0.31041 0.12888
v 0.00000 0.31041 0.12888
v 0.00000 0.31041 0.12888
v 0.00000 0.31041 0.12888
v 0.00000 0.31041 0.12888
v 0.00000 0.31041 0.12888
v 0.00000 0.31041 0.12888
v 0.00000 0.31041 0.12888
v 0.00000 0.31041 0.12888
v 0.00000 0.31041 0.12888
v 0.00000 0.31041 0.12888
v 0.00000 0.31041 0.12888
v 0.00000 0.31041 0.12888
v 0.00000 0.31041 0.12888
v 0.00000 0.31041 0.12888
v 0.00000 0.31041 0.12888
v 0.00000 0.31041 0.12888
v 0.00000 0.31041 0.12888
v 0.00000 0.31041 0.12888
v 0.00000 0.31041 0.12888
v 0.00000 0.31041 0.12888
v 0.00000 0.31041 0.12888
v 0.00000 0.31041 0.12888
v 0.00000 0.31041 0.12888
v 0.00000 0.31041 0.12888
v 0.00000 0.31041 0.12888
v 0.00000 0.31041 0.12888
v 0.00000 0.31041 0.12888
v 0.00000 0.31041 0.12888
v 0.00000 0.31041 0.12888
v 0.00000 0.31041 0.12888
v 0.00000 0.31041 0.12888
v 0.00000 0.31041 0.12888
v 0.00000 0.31041 0.12888
v 0.00000 0.31041 0.12888
v 0.00000 0.31041 0.12888
v 0.00000 0.31041 0.12888
v 0.00000 0.31041 0.12888
v 0.00000 0.31041 0.12888
v 0.00000 0.31041 0.12888
v 0.00000 0.31041 0.12888
v 0.00000 0.31041 0.12888
v 0.00000 0.31041 0.12888
v 0.00000 0.31041 0.12888
v 0.00000 0.31041 0.12888
v 0.00000 0.31041 0.12888
v 0.00000 0.31041 0.12888
v 0.00000 0.31041 0.12888
v 0.00000 0.31041 0.12888
v 0.00000 0.31041 0.12888
v 0.00000 0.31041 0.12888
v 0.00000 0.31041 0.12888
v 0.00000 0.31041 0.12888
v 0.00000 0.31041 0.12888
v 0.00000 0.31041 0.12888
v 0.00000 0.31041 0.12888
v 0.00000 0.31041 0.12888
v 0.00000 0.31041 0.12888
v 0.00000 0.31041 0.12888
v 0.00000 0.31041 0.12888
v 0.00000 0.31041 0.12888
v 0.00000 0.31041 0.12888
v 0.00000 0.31041 0.12888
v 0.00000 0.31041 0.12888
v -0.00333 0.31041 0.12887
v -0.00332 0.31008 0.12889
v -0.00327 0.30976 0.12890
v -0.00319 0.30944 0.12891
v -0.00308 0.30914 0.12893
v -0.00294 0.30884 0.12894
v -0.00277 0.30856 0.12895
v -0.00258 0.30830 0.12897
v -0.00236 0.30806 0.12898
v -0.00211 0.30784 0.12899
v -0.00185 0.30764 0.12900
v -0.00157 0.30747 0.12900
v -0.00128 0.30733 0.12901
v -0.00097 0.30722 0.12901
v -0.00065 0.30715 0.12902
v -0.00033 0.30710 0.12902
v -0.00000 0.30708 0.12902
v 0.00033 0.30710 0.12902
v 0.00065 0.30715 0.12902
v 0.00097 0.30722 0.12901
v 0.00128 0.30733 0.12901
v 0.00157 0.30747 0.12900
v 0.00185 0.30764 0.12900
v 0.00211 0.30784 0.12899
v 0.00236 0.30806 0.12898
v 0.00258 0.30830 0.12897
v 0.00277 0.30856 0.12895
v 0.00294 0.30884 0.12894
v 0.00308 0.30914 0.12893
v 0.00319 0.30944 0.12891
v 0.00327 0.30976 0.12890
v 0.00332 0.31008 0.12889
v 0.00333 0.31041 0.12887
v 0.00332 0.31074 0.12886
v 0.00327 0.31106 0.12884
v 0.00319 0.31138 0.12883
v 0.00308 0.31168 0.12881
v 0.00294 0.31198 0.12880
v 0.00277 0.31226 0.12879
v 0.00258 0.31252 0.12878
v 0.00236 0.31276 0.12876
v 0.00211 0.31298 0.12875
v 0.00185 0.31318 0.12875
v 0.00157 0.31335 0.12874
v 0.00128 0.31349 0.12873
v 0.00097 0.31360 0.12873
v 0.00065 0.31368 0.12872
v 0.00033 0.31372 0.12872
v 0.00000 0.31374 0.12872
v -0.00033 0.31372 0.12872
v -0.00065 0.31368 0.12872
v -0.00097 0.31360 0.12873
v -0.00128 0.31349 0.12873
v -0.00157 0.31335 0.12874
v -0.00185 0.31318 0.12875
v -0.00211 0.31298 0.12875
v -0.00236 0.31276 0.12876
v -0.00258 0.31252 0.12878
v -0.00277 0.31226 0.12879
v -0.00294 0.31198 0.12880
v -0.00308 0.31168 0.12881
v -0.00319 0.31138 0.12883
v -0.00327 0.31106 0.12884
v -0.00332 0.31074 0.12886
v -0.00333 0.31041 0.12887
v -0.00666 0.31041 0.12884
v -0.00663 0.30976 0.12887
v -0.00654 0.30911 0.12890
v -0.00638 0.30848 0.12893
v -0.00616 0.30786 0.12896
v -0.00588 0.30727 0.12899
v -0.00554 0.30671 0.12901
v -0.00515 0.30619 0.12903
v -0.00471 0.30570 0.12906
v -0.00423 0.30526 0.12908
v -0.00370 0.30487 0.12909
v -0.00314 0.30454 0.12911
v -0.00255 0.30426 0.12912
v -0.00193 0.30404 0.12913
v -0.00130 0.30388 0.12914
v -0.00065 0.30378 0.12914
v -0.00000 0.30375 0.12914
v 0.00065 0.30378 0.12914
v 0.00130 0.30388 0.12914
v 0.00193 0.30404 0.12913
v 0.00255 0.30426 0.12912
v 0.00314 0.30454 0.12911
v 0.00370 0.30487 0.12909
v 0.00423 0.30526 0.12908
v 0.00471 0.30570 0.12906
v 0.00515 0.30619 0.12903
v 0.00554 0.30671 0.12901
v 0.00588 0.30727 0.12899
v 0.00616 0.30786 0.12896
v 0.00638 0.30848 0.12893
v 0.00654 0.30911 0.12890
v 0.00663 0.30976 0.12887
v 0.00666 0.31041 0.12884
v 0.00663 0.31106 0.12881
v 0.00654 0.31171 0.12879
v 0.00638 0.31234 0.12876
v 0.00616 0.31296 0.12873
v 0.00588 0.31355 0.12870
v 0.00554 0.31411 0.12868
v 0.00515 0.31463 0.12865
v 0.00471 0.31512 0.12863
v 0.00423 0.31556 0.12861
v 0.00370 0.31595 0.12859
v 0.00314 0.31628 0.12858
v 0.00255 0.31656 0.12857
v 0.00193 0.31678 0.12856
v 0.00130 0.31694 0.12855
v 0.00065 0.31704 0.12855
v 0.00000 0.31707 0.12854
v -0.00065 0.31704 0.12855
v -0.00130 0.31694 0.12855
v -0.00193 0.31678 0.12856
v -0.00255 0.31656 0.12857
v -0.00314 0.31628 0.12858
v -0.00370 0.31595 0.12859
v -0.00423 0.31556 0.12861
v -0.00471 0.31512 0.12863
v -0.00515 0.31463 0.12865
v -0.00554 0.31411 0.12868
v -0.00588 0.31355 0.12870
v -0.00616 0.31296 0.12873
v -0.00638 0.31234 0.12876
v -0.00654 0.31171 0.12879
v -0.00663 0.31106 0.12881
v -0.00666 0.31041 0.12884
v -0.01000 0.31041 0.12880
v -0.00995 0.30943 0.12884
v -0.00980 0.30846 0.12889
v -0.00957 0.30751 0.12893
v -0.00924 0.30659 0.12897
v -0.00882 0.30570 0.12901
v -0.00831 0.30486 0.12905
v -0.00773 0.30407 0.12908
v -0.00707 0.30335 0.12912
v -0.00634 0.30269 0.12915
v -0.00555 0.30210 0.12917
v -0.00471 0.30160 0.12920
v -0.00383 0.30118 0.12921
v -0.00290 0.30085 0.12923
v -0.00195 0.30061 0.12924
v -0.00098 0.30047 0.12925
v -0.00000 0.30042 0.12925
v 0.00098 0.30047 0.12925
v 0.00195 0.30061 0.12924
v 0.00290 0.30085 0.12923
v 0.00383 0.30118 0.12921
v 0.00471 0.30160 0.12920
v 0.00555 0.30210 0.12917
v 0.00634 0.30269 0.12915
v 0.00707 0.30335 0.12912
v 0.00773 0.30407 0.12908
v 0.00831 0.30486 0.12905
v 0.00882 0.30570 0.12901
v 0.00924 0.30659 0.12897
v 0.00957 0.30751 0.12893
v 0.00980 0.30846 0.12889
v 0.00995 0.30943 0.12884
v 0.01000 0.31041 0.12880
v 0.00995 0.31139 0.12875
v 0.00980 0.31236 0.12871
v 0.00957 0.31331 0.12867
v 0.00924 0.31423 0.12863
v 0.00882 0.31512 0.12859
v 0.00831 0.31596 0.12855
v 0.00773 0.31674 0.12851
v 0.00707 0.31747 0.12848
v 0.00634 0.31813 0.12845
v 0.00555 0.31871 0.12843
v 0.00471 0.31921 0.12840
v 0.00383 0.31963 0.12838
v 0.00290 0.31996 0.12837
v 0.00195 0.32020 0.12836
v 0.00098 0.32035 0.12835
v 0.00000 0.32039 0.12835
v -0.00098 0.32035 0.12835
v -0.00195 0.32020 0.12836
v -0.00290 0.31996 0.12837
v -0.00383 0.31963 0.12838
v -0.00471 0.31921 0.12840
v -0.00555 0.31871 0.12843
v -0.00634 0.31813 0.12845
v -0.00707 0.31747 0.12848
v -0.00773 0.31674 0.12851
v -0.00831 0.31596 0.12855
v -0.00882 0.31512 0.12859
v -0.00924 0.31423 0.12863
v -0.00957 0.31331 0.12867
v -0.00980 0.31236 0.12871
v -0.00995 0.31139 0.12875
v -0.01000 0.31041 0.12880
v -0.01333 0.31040 0.12874
v -0.01326 0.30910 0.12880
v -0.01307 0.30781 0.12885
v -0.01276 0.30654 0.12891
v -0.01231 0.30531 0.12897
v -0.01176 0.30413 0.12902
v -0.01108 0.30301 0.12907
v -0.01030 0.30196 0.12912
v -0.00943 0.30099 0.12916
v -0.00846 0.30011 0.12920
v -0.00741 0.29933 0.12923
v -0.00628 0.29866 0.12927
v -0.00510 0.29810 0.12929
v -0.00387 0.29766 0.12931
v -0.00260 0.29734 0.12932
v -0.00131 0.29715 0.12933
v -0.00000 0.29709 0.12934
v 0.00131 0.29715 0.12933
v 0.00260 0.29734 0.12932
v 0.00387 0.29766 0.12931
v 0.00510 0.29810 0.12929
v 0.00628 0.29866 0.12927
v 0.00741 0.29933 0.12923
v 0.00846 0.30011 0.12920
v 0.00943 0.30099 0.12916
v 0.01030 0.30196 0.12912
v 0.01108 0.30301 0.12907
v 0.01176 0.30413 0.12902
v 0.01231 0.30531 0.12897
v 0.01276 0.30654 0.12891
v 0.01307 0.30781 0.12885
v 0.01326 0.30910 0.12880
v 0.01333 0.31040 0.12874
v 0.01326 0.31171 0.12868
v 0.01307 0.31300 0.12862
v 0.01276 0.31427 0.12856
v 0.01231 0.31550 0.12851
v 0.01176 0.31668 0.12845
v 0.01108 0.31780 0.12840
v 0.01030 0.31885 0.12836
v 0.00943 0.31982 0.12831
v 0.00846 0.32070 0.12827
v 0.00741 0.32148 0.12824
v 0.00628 0.32215 0.12821
v 0.00510 0.32271 0.12818
v 0.00387 0.32315 0.12816
v 0.00260 0.32346 0.12815
v 0.00131 0.32366 0.12814
v 0.00000 0.32372 0.12814
v -0.00131 0.32366 0.12814
v -0.00260 0.32346 0.12815
v -0.00387 0.32315 0.12816
v -0.00510 0.32271 0.12818
v -0.00628 0.32215 0.12821
v -0.00741 0.32148 0.12824
v -0.00846 0.32070 0.12827
v -0.00943 0.31982 0.12831
v -0.01030 0.31885 0.12836
v -0.01108 0.31780 0.12840
v -0.01176 0.31668 0.12845
v -0.01231 0.31550 0.12851
v -0.01276 0.31427 0.12856
v -0.01307 0.31300 0.12862
v -0.01326 0.31171 0.12868
v -0.01333 0.31040 0.12874
v -0.01666 0.31040 0.12866
v -0.01658 0.30877 0.12873
v -0.01634 0.30715 0.12880
v -0.01594 0.30557 0.12887
v -0.01539 0.30403 0.12894
v -0.01469 0.30256 0.12901
v -0.01385 0.30115 0.12907
v -0.01288 0.29984 0.12913
v -0.01178 0.29863 0.12919
v -0.01057 0.29754 0.12924
v -0.00926 0.29656 0.12928
v -0.00785 0.29572 0.12932
v -0.00638 0.29502 0.12935
v -0.00484 0.29447 0.12937
v -0.00325 0.29408 0.12939
v -0.00163 0.29384 0.12940
v -0.00000 0.29376 0.12941
v 0.00163 0.29384 0.12940
v 0.00325 0.29408 0.12939
v 0.00484 0.29447 0.12937
v 0.00638 0.29502 0.12935
v 0.00785 0.29572 0.12932
v 0.00926 0.29656 0.12928
v 0.01057 0.29754 0.12924
v 0.01178 0.29863 0.12919
v 0.01288 0.29984 0.12913
v 0.01385 0.30115 0.12907
v 0.01469 0.30256 0.12901
v 0.01539 0.30403 0.12894
v 0.01594 0.30557 0.12887
v 0.01634 0.30715 0.12880
v 0.01658 0.30877 0.12873
v 0.01666 0.31040 0.12866
v 0.01658 0.31203 0.12858
v 0.01634 0.31365 0.12851
v 0.01594 0.31523 0.12844
v 0.01539 0.31677 0.12837
v 0.01469 0.31825 0.12830
v 0.01385 0.31965 0.12824
v 0.01288 0.32096 0.12818
v 0.01178 0.32217 0.12813
v 0.01057 0.32327 0.12808
v 0.00926 0.32424 0.12803
v 0.00785 0.32508 0.12799
v 0.00638 0.32578 0.12796
v 0.00484 0.32633 0.12794
v 0.00325 0.32672 0.12792
v 0.00163 0.32696 0.12791
v 0.00000 0.32704 0.12791
v -0.00163 0.32696 0.12791
v -0.00325 0.32672 0.12792
v -0.00484 0.32633 0.12794
v -0.00638 0.32578 0.12796
v -0.00785 0.32508 0.12799
v -0.00926 0.32424 0.12803
v -0.01057 0.32327 0.12808
v -0.01178 0.32217 0.12813
v -0.01288 0.32096 0.12818
v -0.01385 0.31965 0.12824
v -0.01469 0.31825 0.12830
v -0.01539 0.31677 0.12837
v -0.01594 0.31523 0.12844
v -0.01634 0.31365 0.12851
v -0.01658 0.31203 0.12858
v -0.01666 0.31040 0.12866
v -0.01999 0.31040 0.12856
v -0.01990 0.30844 0.12865
v -0.01961 0.30650 0.12873
v -0.01913 0.30460 0.12882
v -0.01847 0.30275 0.12890
v -0.01763 0.30098 0.12898
v -0.01662 0.29930 0.12906
v -0.01545 0.29773 0.12913
v -0.01414 0.29627 0.12919
v -0.01268 0.29496 0.12925
v -0.01111 0.29379 0.12931
v -0.00942 0.29278 0.12935
v -0.00765 0.29195 0.12939
v -0.00580 0.29129 0.12942
v -0.00390 0.29081 0.12944
v -0.00196 0.29052 0.12945
v -0.00000 0.29043 0.12946
v 0.00196 0.29052 0.12945
v 0.00390 0.29081 0.12944
v 0.00580 0.29129 0.12942
v 0.00765 0.29195 0.12939
v 0.00942 0.29278 0.12935
v 0.01111 0.29379 0.12931
v 0.01268 0.29496 0.12925
v 0.01414 0.29627 0.12919
v 0.01545 0.29773 0.12913
v 0.01662 0.29930 0.12906
v 0.01763 0.30098 0.12898
v 0.01847 0.30275 0.12890
v 0.01913 0.30460 0.12882
v 0.01961 0.30650 0.12873
v 0.01990 0.30844 0.12865
v 0.01999 0.31040 0.12856
v 0.01990 0.31235 0.12847
v 0.01961 0.31429 0.12838
v 0.01913 0.31619 0.12830
v 0.01847 0.31804 0.12821
v 0.01763 0.31981 0.12813
v 0.01662 0.32149 0.12806
v 0.01545 0.32307 0.12799
v 0.01414 0.32452 0.12792
v 0.01268 0.32583 0.12786
v 0.01111 0.32700 0.12781
v 0.00942 0.32801 0.12776
v 0.00765 0.32885 0.12773
v 0.00580 0.32951 0.12770
v 0.00390 0.32998 0.12768
v 0.00196 0.33027 0.12766
v 0.00000 0.33037 0.12766
v -0.00196 0.33027 0.12766
v -0.00390 0.32998 0.12768
v -0.00580 0.32951 0.12770
v -0.00765 0.32885 0.12773
v -0.00942 0.32801 0.12776
v -0.01111 0.32700 0.12781
v -0.01268 0.32583 0.12786
v -0.01414 0.32452 0.12792
v -0.01545 0.32307 0.12799
v -0.01662 0.32149 0.12806
v -0.01763 0.31981 0.12813
v -0.01847 0.31804 0.12821
v -0.01913 0.31619 0.12830
v -0.01961 0.31429 0.12838
v -0.01990 0.31235 0.12847
v -0.01999 0.31040 0.12856
v -0.02332 0.31039 0.12844
v -0.02321 0.30811 0.12854
v -0.02287 0.30585 0.12865
v -0.02232 0.30363 0.12875
v -0.02155 0.30148 0.12884
v -0.02057 0.29941 0.12894
v -0.01939 0.29745 0.12902
v -0.01803 0.29561 0.12911
v -0.01649 0.29392 0.12918
v -0.01480 0.29238 0.12925
v -0.01296 0.29102 0.12931
v -0.01099 0.28984 0.12937
v -0.00892 0.28887 0.12941
v -0.00677 0.28810 0.12945
v -0.00455 0.28754 0.12947
v -0.00229 0.28720 0.12949
v -0.00000 0.28709 0.12949
v 0.00229 0.28720 0.12949
v 0.00455 0.28754 0.12947
v 0.00677 0.28810 0.12945
v 0.00892 0.28887 0.12941
v 0.01099 0.28984 0.12937
v 0.01296 0.29102 0.12931
v 0.01480 0.29238 0.12925
v 0.01649 0.29392 0.12918
v 0.01803 0.29561 0.12911
v 0.01939 0.29745 0.12902
v 0.02057 0.29941 0.12894
v 0.02155 0.30148 0.12884
v 0.02232 0.30363 0.12875
v 0.02287 0.30585 0.12865
v 0.02321 0.30811 0.12854
v 0.02332 0.31039 0.12844
v 0.02321 0.31267 0.12834
v 0.02287 0.31494 0.12824
v 0.02232 0.31715 0.12814
v 0.02155 0.31931 0.12804
v 0.02057 0.32137 0.12795
v 0.01939 0.32334 0.12786
v 0.01803 0.32517 0.12778
v 0.01649 0.32687 0.12770
v 0.01480 0.32840 0.12763
v 0.01296 0.32976 0.12757
v 0.01099 0.33094 0.12752
v 0.00892 0.33192 0.12747
v 0.00677 0.33269 0.12744
v 0.00455 0.33324 0.12741
v 0.00229 0.33358 0.12740
v 0.00000 0.33369 0.12739
v -0.00229 0.33358 0.12740
v -0.00455 0.33324 0.12741
v -0.00677 0.33269 0.12744
v -0.00892 0.33192 0.12747
v -0.01099 0.33094 0.12752
v -0.01296 0.32976 0.12757
v -0.01480 0.32840 0.12763
v -0.01649 0.32687 0.12770
v -0.01803 0.32517 0.12778
v -0.01939 0.32334 0.12786
v -0.02057 0.32137 0.12795
v -0.02155 0.31931 0.12804
v -0.02232 0.31715 0.12814
v -0.02287 0.31494 0.12824
v -0.02321 0.31267 0.12834
v -0.02332 0.31039 0.12844
v -0.02665 0.31039 0.12831
v -0.02652 0.30778 0.12842
v -0.02614 0.30519 0.12854
v -0.02550 0.30266 0.12866
v -0.02462 0.30020 0.12877
v -0.02350 0.29783 0.12887
v -0.02216 0.29559 0.12897
v -0.02060 0.29349 0.12907
v -0.01885 0.29156 0.12915
v -0.01691 0.28980 0.12923
v -0.01481 0.28825 0.12930
v -0.01256 0.28690 0.12936
v -0.01020 0.28579 0.12941
v -0.00774 0.28491 0.12945
v -0.00520 0.28427 0.12948
v -0.00261 0.28389 0.12950
v -0.00000 0.28376 0.12951
v 0.00261 0.28389 0.12950
v 0.00520 0.28427 0.12948
v 0.00774 0.28491 0.12945
v 0.01020 0.28579 0.12941
v 0.01256 0.28690 0.12936
v 0.01481 0.28825 0.12930
v 0.01691 0.28980 0.12923
v 0.01885 0.29156 0.12915
v 0.02060 0.29349 0.12907
v 0.02216 0.29559 0.12897
v 0.02350 0.29783 0.12887
v 0.02462 0.30020 0.12877
v 0.02550 0.30266 0.12866
v 0.02614 0.30519 0.12854
v 0.02652 0.30778 0.12842
v 0.02665 0.31039 0.12831
v 0.02652 0.31299 0.12819
v 0.02614 0.31558 0.12807
v 0.02550 0.31811 0.12796
v 0.02462 0.32057 0.12785
v 0.02350 0.32294 0.12774
v 0.02216 0.32518 0.12764
v 0.02060 0.32728 0.12755
v 0.01885 0.32921 0.12746
v 0.01691 0.33097 0.12738
v 0.01481 0.33252 0.12731
v 0.01256 0.33387 0.12725
v 0.01020 0.33498 0.12720
v 0.00774 0.33586 0.12716
v 0.00520 0.33650 0.12713
v 0.00261 0.33688 0.12711
v 0.00000 0.33701 0.12711
v -0.00261 0.33688 0.12711
v -0.00520 0.33650 0.12713
v -0.00774 0.33586 0.12716
v -0.01020 0.33498 0.12720
v -0.01256 0.33387 0.12725
v -0.01481 0.33252 0.12731
v -0.01691 0.33097 0.12738
v -0.01885 0.32921 0.12746
v -0.02060 0.32728 0.12755
v -0.02216 0.32518 0.12764
v -0.02350 0.32294 0.12774
v -0.02462 0.32057 0.12785
v -0.02550 0.31811 0.12796
v -0.02614 0.31558 0.12807
v -0.02652 0.31299 0.12819
v -0.02665 0.31039 0.12831
v -0.02998 0.31038 0.12815
v -0.02984 0.30744 0.12829
v -0.02940 0.30454 0.12842
v -0.02869 0.30168 0.12855
v -0.02770 0.29892 0.12867
v -0.02644 0.29626 0.12879
v -0.02493 0.29374 0.12890
v -0.02318 0.29138 0.12901
v -0.02120 0.28920 0.12911
v -0.01902 0.28723 0.12920
v -0.01666 0.28548 0.12928
v -0.01413 0.28396 0.12934
v -0.01147 0.28271 0.12940
v -0.00870 0.28172 0.12945
v -0.00585 0.28100 0.12948
v -0.00294 0.28057 0.12950
v -0.00000 0.28043 0.12950
v 0.00294 0.28057 0.12950
v 0.00585 0.28100 0.12948
v 0.00870 0.28172 0.12945
v 0.01147 0.28271 0.12940
v 0.01413 0.28396 0.12934
v 0.01666 0.28548 0.12928
v 0.01902 0.28723 0.12920
v 0.02120 0.28920 0.12911
v 0.02318 0.29138 0.12901
v 0.02493 0.29374 0.12890
v 0.02644 0.29626 0.12879
v 0.02770 0.29892 0.12867
v 0.02869 0.30168 0.12855
v 0.02940 0.30454 0.12842
v 0.02984 0.30744 0.12829
v 0.02998 0.31038 0.12815
v 0.02984 0.31331 0.12802
v 0.02940 0.31622 0.12789
v 0.02869 0.31907 0.12776
v 0.02770 0.32184 0.12764
v 0.02644 0.32450 0.12752
v 0.02493 0.32702 0.12741
v 0.02318 0.32938 0.12730
v 0.02120 0.33156 0.12720
v 0.01902 0.33353 0.12711
v 0.01666 0.33528 0.12703
v 0.01413 0.33679 0.12697
v 0.01147 0.33805 0.12691
v 0.00870 0.33904 0.12686
v 0.00585 0.33975 0.12683
v 0.00294 0.34018 0.12681
v 0.00000 0.34033 0.12681
v -0.00294 0.34018 0.12681
v -0.00585 0.33975 0.12683
v -0.00870 0.33904 0.12686
v -0.01147 0.33805 0.12691
v -0.01413 0.33679 0.12697
v -0.01666 0.33528 0.12703
v -0.01902 0.33353 0.12711
v -0.02120 0.33156 0.12720
v -0.02318 0.32938 0.12730
v -0.02493 0.32702 0.12741
v -0.02644 0.32450 0.12752
v -0.02770 0.32184 0.12764
v -0.02869 0.31907 0.12776
v -0.02940 0.31622 0.12789
v -0.02984 0.31331 0.12802
v -0.02998 0.31038 0.12815
v -0.03331 0.31037 0.12799
v -0.03315 0.30711 0.12813
v -0.03267 0.30388 0.12828
v -0.03187 0.30071 0.12842
v -0.03077 0.29764 0.12856
v -0.02938 0.29468 0.12869
v -0.02770 0.29188 0.12882
v -0.02575 0.28926 0.12894
v -0.02355 0.28684 0.12904
v -0.02113 0.28465 0.12914
v -0.01851 0.28270 0.12923
v -0.01570 0.28102 0.12931
v -0.01275 0.27963 0.12937
v -0.00967 0.27853 0.12942
v -0.00650 0.27773 0.12945
v -0.00326 0.27726 0.12948
v -0.00000 0.27710 0.12948
v 0.00326 0.27726 0.12948
v 0.00650 0.27773 0.12945
v 0.00967 0.27853 0.12942
v 0.01275 0.27963 0.12937
v 0.01570 0.28102 0.12931
v 0.01851 0.28270 0.12923
v 0.02113 0.28465 0.12914
v 0.02355 0.28684 0.12904
v 0.02575 0.28926 0.12894
v 0.02770 0.29188 0.12882
v 0.02938 0.29468 0.12869
v 0.03077 0.29764 0.12856
v 0.03187 0.30071 0.12842
v 0.03267 0.30388 0.12828
v 0.03315 0.30711 0.12813
v 0.03331 0.31037 0.12799
v 0.03315 0.31363 0.12784
v 0.03267 0.31686 0.12769
v 0.03187 0.32003 0.12755
v 0.03077 0.32310 0.12741
v 0.02938 0.32606 0.12728
v 0.02770 0.32886 0.12715
v 0.02575 0.33148 0.12703
v 0.02355 0.33390 0.12693
v 0.02113 0.33609 0.12683
v 0.01851 0.33804 0.12674
v 0.01570 0.33972 0.12666
v 0.01275 0.34111 0.12660
v 0.00967 0.34221 0.12655
v 0.00650 0.34301 0.12652
v 0.00326 0.34349 0.12649
v 0.00000 0.34365 0.12649
v -0.00326 0.34349 0.12649
v -0.00650 0.34301 0.12652
v -0.00967 0.34221 0.12655
v -0.01275 0.34111 0.12660
v -0.01570 0.33972 0.12666
v -0.01851 0.33804 0.12674
v -0.02113 0.33609 0.12683
v -0.02355 0.33390 0.12693
v -0.02575 0.33148 0.12703
v -0.02770 0.32886 0.12715
v -0.02938 0.32606 0.12728
v -0.03077 0.32310 0.12741
v -0.03187 0.32003 0.12755
v -0.03267 0.31686 0.12769
v -0.03315 0.31363 0.12784
v -0.03331 0.31037 0.12799
v -0.03664 0.31036 0.12780
v -0.03646 0.30677 0.12796
v -0.03593 0.30322 0.12812
v -0.03506 0.29974 0.12828
v -0.03385 0.29636 0.12843
v -0.03231 0.29311 0.12857
v -0.03046 0.29003 0.12871
v -0.02832 0.28714 0.12884
v -0.02591 0.28448 0.12896
v -0.02324 0.28207 0.12907
v -0.02035 0.27993 0.12917
v -0.01727 0.27808 0.12925
v -0.01402 0.27655 0.12932
v -0.01063 0.27534 0.12937
v -0.00715 0.27447 0.12941
v -0.00359 0.27394 0.12944
v -0.00000 0.27376 0.12945
v 0.00359 0.27394 0.12944
v 0.00715 0.27447 0.12941
v 0.01063 0.27534 0.12937
v 0.01402 0.27655 0.12932
v 0.01727 0.27808 0.12925
v 0.02035 0.27993 0.12917
v 0.02324 0.28207 0.12907
v 0.02591 0.28448 0.12896
v 0.02832 0.28714 0.12884
v 0.03046 0.29003 0.12871
v 0.03231 0.29311 0.12857
v 0.03385 0.29636 0.12843
v 0.03506 0.29974 0.12828
v 0.03593 0.30322 0.12812
v 0.03646 0.30677 0.12796
v 0.03664 0.31036 0.12780
v 0.03646 0.31395 0.12764
v 0.03593 0.31750 0.12748
v 0.03506 0.32099 0.12732
v 0.03385 0.32437 0.12717
v 0.03231 0.32761 0.12702
v 0.03046 0.33070 0.12688
v 0.02832 0.33358 0.12675
v 0.02591 0.33624 0.12663
v 0.02324 0.33865 0.12652
v 0.02035 0.34079 0.12643
v 0.01727 0.34264 0.12634
v 0.01402 0.34418 0.12627
v 0.01063 0.34539 0.12622
v 0.00715 0.34626 0.12618
v 0.00359 0.34678 0.12616
v 0.00000 0.34696 0.12615
v -0.00359 0.34678 0.12616
v -0.00715 0.34626 0.12618
v -0.01063 0.34539 0.12622
v -0.01402 0.34418 0.12627
v -0.01727 0.34264 0.12634
v -0.02035 0.34079 0.12643
v -0.02324 0.33865 0.12652
v -0.02591 0.33624 0.12663
v -0.02832 0.33358 0.12675
v -0.03046 0.33070 0.12688
v -0.03231 0.32761 0.12702
v -0.03385 0.32437 0.12717
v -0.03506 0.32099 0.12732
v -0.03593 0.31750 0.12748
v -0.03646 0.31395 0.12764
v -0.03664 0.31036 0.12780
v -0.03996 0.31035 0.12759
v -0.03977 0.30644 0.12777
v -0.03919 0.30256 0.12794
v -0.03824 0.29876 0.12811
v -0.03692 0.29508 0.12828
v -0.03524 0.29153 0.12844
v -0.03323 0.28817 0.12859
v -0.03089 0.28503 0.12873
v -0.02826 0.28212 0.12886
v -0.02535 0.27949 0.12898
v -0.02220 0.27716 0.12909
v -0.01884 0.27514 0.12918
v -0.01529 0.27347 0.12925
v -0.01160 0.27215 0.12931
v -0.00780 0.27120 0.12935
v -0.00392 0.27062 0.12938
v -0.00000 0.27043 0.12939
v 0.00392 0.27062 0.12938
v 0.00780 0.27120 0.12935
v 0.01160 0.27215 0.12931
v 0.01529 0.27347 0.12925
v 0.01884 0.27514 0.12918
v 0.02220 0.27716 0.12909
v 0.02535 0.27949 0.12898
v 0.02826 0.28212 0.12886
v 0.03089 0.28503 0.12873
v 0.03323 0.28817 0.12859
v 0.03524 0.29153 0.12844
v 0.03692 0.29508 0.12828
v 0.03824 0.29876 0.12811
v 0.03919 0.30256 0.12794
v 0.03977 0.30644 0.12777
v 0.03996 0.31035 0.12759
v 0.03977 0.31427 0.12742
v 0.03919 0.31814 0.12724
v 0.03824 0.32194 0.12707
v 0.03692 0.32563 0.12690
v 0.03524 0.32917 0.12674
v 0.03323 0.33253 0.12659
v 0.03089 0.33568 0.12645
v 0.02826 0.33858 0.12632
v 0.02535 0.34121 0.12620
v 0.02220 0.34355 0.12610
v 0.01884 0.34556 0.12601
v 0.01529 0.34724 0.12593
v 0.01160 0.34856 0.12587
v 0.00780 0.34951 0.12583
v 0.00392 0.35008 0.12580
v 0.00000 0.35027 0.12579
v -0.00392 0.35008 0.12580
v -0.00780 0.34951 0.12583
v -0.01160 0.34856 0.12587
v -0.01529 0.34724 0.12593
v -0.01884 0.34556 0.12601
v -0.02220 0.34355 0.12610
v -0.02535 0.34121 0.12620
v -0.02826 0.33858 0.12632
v -0.03089 0.33568 0.12645
v -0.03323 0.33253 0.12659
v -0.03524 0.32917 0.12674
v -0.03692 0.32563 0.12690
v -0.03824 0.32194 0.12707
v -0.03919 0.31814 0.12724
v -0.03977 0.31427 0.12742
v -0.03996 0.31035 0.12759
v -0.04329 0.31034 0.12737
v -0.04308 0.30610 0.12756
v -0.04246 0.30191 0.12775
v -0.04142 0.29779 0.12793
v -0.03999 0.29379 0.12811
v -0.03818 0.28996 0.12829
v -0.03599 0.28632 0.12845
v -0.03346 0.28291 0.12860
v -0.03061 0.27977 0.12875
v -0.02746 0.27692 0.12887
v -0.02405 0.27439 0.12899
v -0.02041 0.27221 0.12909
v -0.01657 0.27039 0.12917
v -0.01257 0.26896 0.12923
v -0.00844 0.26793 0.12928
v -0.00424 0.26731 0.12931
v -0.00000 0.26710 0.12932
v 0.00424 0.26731 0.12931
v 0.00844 0.26793 0.12928
v 0.01257 0.26896 0.12923
v 0.01657 0.27039 0.12917
v 0.02041 0.27221 0.12909
v 0.02405 0.27439 0.12899
v 0.02746 0.27692 0.12887
v 0.03061 0.27977 0.12875
v 0.03346 0.28291 0.12860
v 0.03599 0.28632 0.12845
v 0.03818 0.28996 0.12829
v 0.03999 0.29379 0.12811
v 0.04142 0.29779 0.12793
v 0.04246 0.30191 0.12775
v 0.04308 0.30610 0.12756
v 0.04329 0.31034 0.12737
v 0.04308 0.31458 0.12718
v 0.04246 0.31878 0.12699
v 0.04142 0.32290 0.12680
v 0.03999 0.32689 0.12662
v 0.03818 0.33073 0.12645
v 0.03599 0.33437 0.12629
v 0.03346 0.33778 0.12613
v 0.03061 0.34092 0.12599
v 0.02746 0.34377 0.12586
v 0.02405 0.34630 0.12575
v 0.02041 0.34848 0.12565
v 0.01657 0.35029 0.12557
v 0.01257 0.35172 0.12550
v 0.00844 0.35276 0.12546
v 0.00424 0.35338 0.12543
v 0.00000 0.35359 0.12542
v -0.00424 0.35338 0.12543
v -0.00844 0.35276 0.12546
v -0.01257 0.35172 0.12550
v -0.01657 0.35029 0.12557
v -0.02041 0.34848 0.12565
v -0.02405 0.34630 0.12575
v -0.02746 0.34377 0.12586
v -0.03061 0.34092 0.12599
v -0.03346 0.33778 0.12613
v -0.03599 0.33437 0.12629
v -0.03818 0.33073 0.12645
v -0.03999 0.32689 0.12662
v -0.04142 0.32290 0.12680
v -0.04246 0.31878 0.12699
v -0.04308 0.31458 0.12718
v -0.04329 0.31034 0.12737
v -0.04661 0.31033 0.12713
v -0.04639 0.30577 0.12733
v -0.04572 0.30125 0.12754
v -0.04460 0.29682 0.12774
v -0.04306 0.29251 0.12793
v -0.04111 0.28838 0.12812
v -0.03876 0.28446 0.12829
v -0.03603 0.28079 0.12846
v -0.03296 0.27741 0.12861
v -0.02957 0.27434 0.12875
v -0.02590 0.27162 0.12887
v -0.02197 0.26927 0.12898
v -0.01784 0.26731 0.12906
v -0.01353 0.26577 0.12913
v -0.00909 0.26466 0.12918
v -0.00457 0.26399 0.12921
v -0.00000 0.26377 0.12922
v 0.00457 0.26399 0.12921
v 0.00909 0.26466 0.12918
v 0.01353 0.26577 0.12913
v 0.01784 0.26731 0.12906
v 0.02197 0.26927 0.12898
v 0.02590 0.27162 0.12887
v 0.02957 0.27434 0.12875
v 0.03296 0.27741 0.12861
v 0.03603 0.28079 0.12846
v 0.03876 0.28446 0.12829
v 0.04111 0.28838 0.12812
v 0.04306 0.29251 0.12793
v 0.04460 0.29682 0.12774
v 0.04572 0.30125 0.12754
v 0.04639 0.30577 0.12733
v 0.04661 0.31033 0.12713
v 0.04639 0.31490 0.12692
v 0.04572 0.31942 0.12672
v 0.04460 0.32385 0.12652
v 0.04306 0.32815 0.12632
v 0.04111 0.33228 0.12614
v 0.03876 0.33620 0.12596
v 0.03603 0.33987 0.12580
v 0.03296 0.34326 0.12564
v 0.02957 0.34633 0.12551
v 0.02590 0.34905 0.12538
v 0.02197 0.35140 0.12528
v 0.01784 0.35335 0.12519
v 0.01353 0.35489 0.12512
v 0.00909 0.35600 0.12507
v 0.00457 0.35667 0.12504
v 0.00000 0.35690 0.12503
v -0.00457 0.35667 0.12504
v -0.00909 0.35600 0.12507
v -0.01353 0.35489 0.12512
v -0.01784 0.35335 0.12519
v -0.02197 0.35140 0.12528
v -0.02590 0.34905 0.12538
v -0.02957 0.34633 0.12551
v -0.03296 0.34326 0.12564
v -0.03603 0.33987 0.12580
v -0.03876 0.33620 0.12596
v -0.04111 0.33228 0.12614
v -0.04306 0.32815 0.12632
v -0.04460 0.32385 0.12652
v -0.04572 0.31942 0.12672
v -0.04639 0.31490 0.12692
v -0.04661 0.31033 0.12713
v -0.04993 0.31032 0.12687
v -0.04969 0.30543 0.12709
v -0.04897 0.30059 0.12731
v -0.04778 0.29584 0.12752
v -0.04613 0.29123 0.12773
v -0.04404 0.28681 0.12793
v -0.04152 0.28261 0.12812
v -0.03860 0.27867 0.12829
v -0.03531 0.27505 0.12846
v -0.03168 0.27176 0.12860
v -0.02774 0.26884 0.12874
v -0.02354 0.26633 0.12885
v -0.01911 0.26423 0.12894
v -0.01449 0.26259 0.12902
v -0.00974 0.26140 0.12907
v -0.00489 0.26068 0.12910
v -0.00000 0.26044 0.12911
v 0.00489 0.26068 0.12910
v 0.00974 0.26140 0.12907
v 0.01449 0.26259 0.12902
v 0.01911 0.26423 0.12894
v 0.02354 0.26633 0.12885
v 0.02774 0.26884 0.12874
v 0.03168 0.27176 0.12860
v 0.03531 0.27505 0.12846
v 0.03860 0.27867 0.12829
v 0.04152 0.28261 0.12812
v 0.04404 0.28681 0.12793
v 0.04613 0.29123 0.12773
v 0.04778 0.29584 0.12752
v 0.04897 0.30059 0.12731
v 0.04969 0.30543 0.12709
v 0.04993 0.31032 0.12687
v 0.04969 0.31521 0.12665
v 0.04897 0.32005 0.12643
v 0.04778 0.32480 0.12622
v 0.04613 0.32941 0.12601
v 0.04404 0.33383 0.12581
v 0.04152 0.33803 0.12562
v 0.03860 0.34197 0.12544
v 0.03531 0.34559 0.12528
v 0.03168 0.34888 0.12513
v 0.02774 0.35180 0.12500
v 0.02354 0.35431 0.12489
v 0.01911 0.35641 0.12479
v 0.01449 0.35806 0.12472
v 0.00974 0.35924 0.12466
v 0.00489 0.35996 0.12463
v 0.00000 0.36020 0.12462
v -0.00489 0.35996 0.12463
v -0.00974 0.35924 0.12466
v -0.01449 0.35806 0.12472
v -0.01911 0.35641 0.12479
v -0.02354 0.35431 0.12489
v -0.02774 0.35180 0.12500
v -0.03168 0.34888 0.12513
v -0.03531 0.34559 0.12528
v -0.03860 0.34197 0.12544
v -0.04152 0.33803 0.12562
v -0.04404 0.33383 0.12581
v -0.04613 0.32941 0.12601
v -0.04778 0.32480 0.12622
v -0.04897 0.32005 0.12643
v -0.04969 0.31521 0.12665
v -0.04993 0.31032 0.12687
v -0.05325 0.31031 0.12659
v -0.05300 0.30509 0.12683
v -0.05223 0.29993 0.12706
v -0.05096 0.29486 0.12729
v -0.04920 0.28995 0.12751
v -0.04697 0.28523 0.12772
v -0.04428 0.28075 0.12792
v -0.04117 0.27656 0.12811
v -0.03766 0.27269 0.12828
v -0.03378 0.26918 0.12844
v -0.02959 0.26607 0.12858
v -0.02510 0.26339 0.12870
v -0.02038 0.26116 0.12880
v -0.01546 0.25940 0.12888
v -0.01039 0.25813 0.12894
v -0.00522 0.25736 0.12897
v -0.00000 0.25711 0.12899
v 0.00522 0.25736 0.12897
v 0.01039 0.25813 0.12894
v 0.01546 0.25940 0.12888
v 0.02038 0.26116 0.12880
v 0.02510 0.26339 0.12870
v 0.02959 0.26607 0.12858
v 0.03378 0.26918 0.12844
v 0.03766 0.27269 0.12828
v 0.04117 0.27656 0.12811
v 0.04428 0.28075 0.12792
v 0.04697 0.28523 0.12772
v 0.04920 0.28995 0.12751
v 0.05096 0.29486 0.12729
v 0.05223 0.29993 0.12706
v 0.05300 0.30509 0.12683
v 0.05325 0.31031 0.12659
v 0.05300 0.31552 0.12636
v 0.05223 0.32069 0.12612
v 0.05096 0.32575 0.12590
v 0.04920 0.33067 0.12567
v 0.04697 0.33539 0.12546
v 0.04428 0.33986 0.12526
v 0.04117 0.34406 0.12507
v 0.03766 0.34793 0.12490
v 0.03378 0.35143 0.12474
v 0.02959 0.35454 0.12460
v 0.02510 0.35723 0.12448
v 0.02038 0.35946 0.12438
v 0.01546 0.36122 0.12430
v 0.01039 0.36249 0.12424
v 0.00522 0.36325 0.12421
v 0.00000 0.36351 0.12419
v -0.00522 0.36325 0.12421
v -0.01039 0.36249 0.12424
v -0.01546 0.36122 0.12430
v -0.02038 0.35946 0.12438
v -0.02510 0.35723 0.12448
v -0.02959 0.35454 0.12460
v -0.03378 0.35143 0.12474
v -0.03766 0.34793 0.12490
v -0.04117 0.34406 0.12507
v -0.04428 0.33986 0.12526
v -0.04697 0.33539 0.12546
v -0.04920 0.33067 0.12567
v -0.05096 0.32575 0.12590
v -0.05223 0.32069 0.12612
v -0.05300 0.31552 0.12636
v -0.05325 0.31031 0.12659
v -0.05657 0.31029 0.12630
v -0.05630 0.30475 0.12655
v -0.05549 0.29927 0.12679
v -0.05414 0.29389 0.12703
v -0.05227 0.28867 0.12727
v -0.04989 0.28365 0.12750
v -0.04704 0.27890 0.12771
v -0.04373 0.27444 0.12791
v -0.04000 0.27033 0.12810
v -0.03589 0.26661 0.12826
v -0.03143 0.26330 0.12841
v -0.02667 0.26045 0.12854
v -0.02165 0.25808 0.12865
v -0.01642 0.25621 0.12873
v -0.01104 0.25486 0.12879
v -0.00555 0.25405 0.12883
v -0.00000 0.25378 0.12884
v 0.00555 0.25405 0.12883
v 0.01104 0.25486 0.12879
v 0.01642 0.25621 0.12873
v 0.02165 0.25808 0.12865
v 0.02667 0.26045 0.12854
v 0.03143 0.26330 0.12841
v 0.03589 0.26661 0.12826
v 0.04000 0.27033 0.12810
v 0.04373 0.27444 0.12791
v 0.04704 0.27890 0.12771
v 0.04989 0.28365 0.12750
v 0.05227 0.28867 0.12727
v 0.05414 0.29389 0.12703
v 0.05549 0.29927 0.12679
v 0.05630 0.30475 0.12655
v 0.05657 0.31029 0.12630
v 0.05630 0.31583 0.12605
v 0.05549 0.32132 0.12580
v 0.05414 0.32670 0.12556
v 0.05227 0.33192 0.12532
v 0.04989 0.33694 0.12510
v 0.04704 0.34169 0.12488
v 0.04373 0.34615 0.12468
v 0.04000 0.35026 0.12450
v 0.03589 0.35398 0.12433
v 0.03143 0.35729 0.12418
v 0.02667 0.36014 0.12405
v 0.02165 0.36251 0.12394
v 0.01642 0.36438 0.12386
v 0.01104 0.36572 0.12380
v 0.00555 0.36654 0.12376
v 0.00000 0.36681 0.12375
v -0.00555 0.36654 0.12376
v -0.01104 0.36572 0.12380
v -0.01642 0.36438 0.12386
v -0.02165 0.36251 0.12394
v -0.02667 0.36014 0.12405
v -0.03143 0.35729 0.12418
v -0.03589 0.35398 0.12433
v -0.04000 0.35026 0.12450
v -0.04373 0.34615 0.12468
v -0.04704 0.34169 0.12488
v -0.04989 0.33694 0.12510
v -0.05227 0.33192 0.12532
v -0.05414 0.32670 0.12556
v -0.05549 0.32132 0.12580
v -0.05630 0.31583 0.12605
v -0.05657 0.31029 0.12630
v -0.05989 0.31028 0.12598
v -0.05960 0.30442 0.12625
v -0.05874 0.29861 0.12651
v -0.05731 0.29291 0.12677
v -0.05533 0.28738 0.12701
v -0.05282 0.28208 0.12725
v -0.04980 0.27704 0.12748
v -0.04630 0.27232 0.12769
v -0.04235 0.26797 0.12789
v -0.03799 0.26403 0.12807
v -0.03327 0.26053 0.12822
v -0.02823 0.25751 0.12836
v -0.02292 0.25500 0.12847
v -0.01739 0.25303 0.12856
v -0.01168 0.25160 0.12863
v -0.00587 0.25074 0.12866
v -0.00000 0.25045 0.12868
v 0.00587 0.25074 0.12866
v 0.01168 0.25160 0.12863
v 0.01739 0.25303 0.12856
v 0.02292 0.25500 0.12847
v 0.02823 0.25751 0.12836
v 0.03327 0.26053 0.12822
v 0.03799 0.26403 0.12807
v 0.04235 0.26797 0.12789
v 0.04630 0.27232 0.12769
v 0.04980 0.27704 0.12748
v 0.05282 0.28208 0.12725
v 0.05533 0.28738 0.12701
v 0.05731 0.29291 0.12677
v 0.05874 0.29861 0.12651
v 0.05960 0.30442 0.12625
v 0.05989 0.31028 0.12598
v 0.05960 0.31614 0.12572
v 0.05874 0.32195 0.12546
v 0.05731 0.32765 0.12520
v 0.05533 0.33318 0.12495
v 0.05282 0.33848 0.12471
v 0.04980 0.34352 0.12449
v 0.04630 0.34824 0.12427
v 0.04235 0.35259 0.12408
v 0.03799 0.35653 0.12390
v 0.03327 0.36003 0.12374
v 0.02823 0.36305 0.12361
v 0.02292 0.36556 0.12349
v 0.01739 0.36753 0.12340
v 0.01168 0.36896 0.12334
v 0.00587 0.36982 0.12330
v 0.00000 0.37011 0.12329
v -0.00587 0.36982 0.12330
v -0.01168 0.36896 0.12334
v -0.01739 0.36753 0.12340
v -0.02292 0.36556 0.12349
v -0.02823 0.36305 0.12361
v -0.03327 0.36003 0.12374
v -0.03799 0.35653 0.12390
v -0.04235 0.35259 0.12408
v -0.04630 0.34824 0.12427
v -0.04980 0.34352 0.12449
v -0.05282 0.33848 0.12471
v -0.05533 0.33318 0.12495
v -0.05731 0.32765 0.12520
v -0.05874 0.32195 0.12546
v -0.05960 0.31614 0.12572
v -0.05989 0.31028 0.12598
v -0.06321 0.31027 0.12565
v -0.06290 0.30408 0.12593
v -0.06199 0.29795 0.12621
v -0.06049 0.29194 0.12648
v -0.05840 0.28610 0.12674
v -0.05574 0.28050 0.12699
v -0.05256 0.27518 0.12723
v -0.04886 0.27021 0.12746
v -0.04469 0.26562 0.12766
v -0.04010 0.26145 0.12785
v -0.03512 0.25776 0.12802
v -0.02980 0.25458 0.12816
v -0.02419 0.25193 0.12828
v -0.01835 0.24984 0.12837
v -0.01233 0.24834 0.12844
v -0.00620 0.24743 0.12848
v -0.00000 0.24712 0.12850
v 0.00620 0.24743 0.12848
v 0.01233 0.24834 0.12844
v 0.01835 0.24984 0.12837
v 0.02419 0.25193 0.12828
v 0.02980 0.25458 0.12816
v 0.03512 0.25776 0.12802
v 0.04010 0.26145 0.12785
v 0.04469 0.26562 0.12766
v 0.04886 0.27021 0.12746
v 0.05256 0.27518 0.12723
v 0.05574 0.28050 0.12699
v 0.05840 0.28610 0.12674
v 0.06049 0.29194 0.12648
v 0.06199 0.29795 0.12621
v 0.06290 0.30408 0.12593
v 0.06321 0.31027 0.12565
v 0.06290 0.31645 0.12537
v 0.06199 0.32258 0.12510
v 0.06049 0.32860 0.12483
v 0.05840 0.33443 0.12456
v 0.05574 0.34003 0.12431
v 0.05256 0.34535 0.12407
v 0.04886 0.35032 0.12385
v 0.04469 0.35491 0.12364
v 0.04010 0.35908 0.12345
v 0.03512 0.36277 0.12329
v 0.02980 0.36595 0.12314
v 0.02419 0.36860 0.12303
v 0.01835 0.37069 0.12293
v 0.01233 0.37220 0.12286
v 0.00620 0.37311 0.12282
v 0.00000 0.37341 0.12281
v -0.00620 0.37311 0.12282
v -0.01233 0.37220 0.12286
v -0.01835 0.37069 0.12293
v -0.02419 0.36860 0.12303
v -0.02980 0.36595 0.12314
v -0.03512 0.36277 0.12329
v -0.04010 0.35908 0.12345
v -0.04469 0.35491 0.12364
v -0.04886 0.35032 0.12385
v -0.05256 0.34535 0.12407
v -0.05574 0.34003 0.12431
v -0.05840 0.33443 0.12456
v -0.06049 0.32860 0.12483
v -0.06199 0.32258 0.12510
v -0.06290 0.31645 0.12537
v -0.06321 0.31027 0.12565
v -0.06652 0.31025 0.12530
v -0.06620 0.30374 0.12560
v -0.06524 0.29729 0.12589
v -0.06366 0.29096 0.12617
v -0.06146 0.28482 0.12645
v -0.05867 0.27892 0.12671
v -0.05531 0.27333 0.12697
v -0.05142 0.26809 0.12720
v -0.04704 0.26326 0.12742
v -0.04220 0.25888 0.12762
v -0.03696 0.25500 0.12779
v -0.03136 0.25164 0.12794
v -0.02546 0.24885 0.12807
v -0.01931 0.24666 0.12817
v -0.01298 0.24507 0.12824
v -0.00652 0.24412 0.12828
v -0.00000 0.24380 0.12830
v 0.00652 0.24412 0.12828
v 0.01298 0.24507 0.12824
v 0.01931 0.24666 0.12817
v 0.02546 0.24885 0.12807
v 0.03136 0.25164 0.12794
v 0.03696 0.25500 0.12779
v 0.04220 0.25888 0.12762
v 0.04704 0.26326 0.12742
v 0.05142 0.26809 0.12720
v 0.05531 0.27333 0.12697
v 0.05867 0.27892 0.12671
v 0.06146 0.28482 0.12645
v 0.06366 0.29096 0.12617
v 0.06524 0.29729 0.12589
v 0.06620 0.30374 0.12560
v 0.06652 0.31025 0.12530
v 0.06620 0.31676 0.12501
v 0.06524 0.32321 0.12472
v 0.06366 0.32954 0.12444
v 0.06146 0.33568 0.12416
v 0.05867 0.34158 0.12389
v 0.05531 0.34717 0.12364
v 0.05142 0.35241 0.12341
v 0.04704 0.35724 0.12319
v 0.04220 0.36162 0.12299
v 0.03696 0.36550 0.12282
v 0.03136 0.36886 0.12267
v 0.02546 0.37165 0.12254
v 0.01931 0.37384 0.12244
v 0.01298 0.37543 0.12237
v 0.00652 0.37638 0.12233
v 0.00000 0.37670 0.12231
v -0.00652 0.37638 0.12233
v -0.01298 0.37543 0.12237
v -0.01931 0.37384 0.12244
v -0.02546 0.37165 0.12254
v -0.03136 0.36886 0.12267
v -0.03696 0.36550 0.12282
v -0.04220 0.36162 0.12299
v -0.04704 0.35724 0.12319
v -0.05142 0.35241 0.12341
v -0.05531 0.34717 0.12364
v -0.05867 0.34158 0.12389
v -0.06146 0.33568 0.12416
v -0.06366 0.32954 0.12444
v -0.06524 0.32321 0.12472
v -0.06620 0.31676 0.12501
v -0.06652 0.31025 0.12530
v -0.06983 0.31023 0.12494
v -0.06950 0.30340 0.12525
v -0.06849 0.29662 0.12555
v -0.06683 0.28998 0.12585
v -0.06452 0.28354 0.12614
v -0.06159 0.27735 0.12642
v -0.05806 0.27147 0.12668
v -0.05398 0.26598 0.12693
v -0.04938 0.26090 0.12716
v -0.04430 0.25631 0.12737
v -0.03880 0.25223 0.12755
v -0.03292 0.24871 0.12771
v -0.02672 0.24578 0.12784
v -0.02027 0.24347 0.12794
v -0.01362 0.24181 0.12802
v -0.00684 0.24081 0.12806
v -0.00000 0.24047 0.12808
v 0.00684 0.24081 0.12806
v 0.01362 0.24181 0.12802
v 0.02027 0.24347 0.12794
v 0.02672 0.24578 0.12784
v 0.03292 0.24871 0.12771
v 0.03880 0.25223 0.12755
v 0.04430 0.25631 0.12737
v 0.04938 0.26090 0.12716
v 0.05398 0.26598 0.12693
v 0.05806 0.27147 0.12668
v 0.06159 0.27735 0.12642
v 0.06452 0.28354 0.12614
v 0.06683 0.28998 0.12585
v 0.06849 0.29662 0.12555
v 0.06950 0.30340 0.12525
v 0.06983 0.31023 0.12494
v 0.06950 0.31707 0.12463
v 0.06849 0.32384 0.12433
v 0.06683 0.33048 0.12403
v 0.06452 0.33693 0.12374
v 0.06159 0.34312 0.12346
v 0.05806 0.34899 0.12319
v 0.05398 0.35449 0.12295
v 0.04938 0.35956 0.12272
v 0.04430 0.36416 0.12251
v 0.03880 0.36824 0.12233
v 0.03292 0.37176 0.12217
v 0.02672 0.37469 0.12204
v 0.02027 0.37699 0.12193
v 0.01362 0.37866 0.12186
v 0.00684 0.37966 0.12181
v 0.00000 0.38000 0.12180
v -0.00684 0.37966 0.12181
v -0.01362 0.37866 0.12186
v -0.02027 0.37699 0.12193
v -0.02672 0.37469 0.12204
v -0.03292 0.37176 0.12217
v -0.03880 0.36824 0.12233
v -0.04430 0.36416 0.12251
v -0.04938 0.35956 0.12272
v -0.05398 0.35449 0.12295
v -0.05806 0.34899 0.12319
v -0.06159 0.34312 0.12346
v -0.06452 0.33693 0.12374
v -0.06683 0.33048 0.12403
v -0.06849 0.32384 0.12433
v -0.06950 0.31707 0.12463
v -0.06983 0.31023 0.12494
v -0.07314 0.31022 0.12455
v -0.07279 0.30305 0.12488
v -0.07174 0.29596 0.12520
v -0.06999 0.28900 0.12551
v -0.06758 0.28225 0.12581
v -0.06451 0.27577 0.12611
v -0.06082 0.26962 0.12638
v -0.05654 0.26386 0.12664
v -0.05172 0.25855 0.12688
v -0.04640 0.25373 0.12710
v -0.04064 0.24946 0.12729
v -0.03448 0.24577 0.12746
v -0.02799 0.24271 0.12759
v -0.02123 0.24029 0.12770
v -0.01427 0.23855 0.12778
v -0.00717 0.23750 0.12783
v -0.00000 0.23715 0.12784
v 0.00717 0.23750 0.12783
v 0.01427 0.23855 0.12778
v 0.02123 0.24029 0.12770
v 0.02799 0.24271 0.12759
v 0.03448 0.24577 0.12746
v 0.04064 0.24946 0.12729
v 0.04640 0.25373 0.12710
v 0.05172 0.25855 0.12688
v 0.05654 0.26386 0.12664
v 0.06082 0.26962 0.12638
v 0.06451 0.27577 0.12611
v 0.06758 0.28225 0.12581
v 0.06999 0.28900 0.12551
v 0.07174 0.29596 0.12520
v 0.07279 0.30305 0.12488
v 0.07314 0.31022 0.12455
v 0.07279 0.31738 0.12423
v 0.07174 0.32447 0.12391
v 0.06999 0.33143 0.12360
v 0.06758 0.33818 0.12330
v 0.06451 0.34466 0.12300
v 0.06082 0.35081 0.12273
v 0.05654 0.35657 0.12247
v 0.05172 0.36188 0.12223
v 0.04640 0.36670 0.12201
v 0.04064 0.37097 0.12182
v 0.03448 0.37466 0.12165
v 0.02799 0.37772 0.12151
v 0.02123 0.38014 0.12141
v 0.01427 0.38188 0.12133
v 0.00717 0.38293 0.12128
v 0.00000 0.38329 0.12126
v -0.00717 0.38293 0.12128
v -0.01427 0.38188 0.12133
v -0.02123 0.38014 0.12141
v -0.02799 0.37772 0.12151
v -0.03448 0.37466 0.12165
v -0.04064 0.37097 0.12182
v -0.04640 0.36670 0.12201
v -0.05172 0.36188 0.12223
v -0.05654 0.35657 0.12247
v -0.06082 0.35081 0.12273
v -0.06451 0.34466 0.12300
v -0.06758 0.33818 0.12330
v -0.06999 0.33143 0.12360
v -0.07174 0.32447 0.12391
v -0.07279 0.31738 0.12423
v -0.07314 0.31022 0.12455
v -0.07645 0.31020 0.12415
v -0.07608 0.30271 0.12449
v -0.07498 0.29530 0.12482
v -0.07316 0.28803 0.12515
v -0.07063 0.28097 0.12547
v -0.06743 0.27420 0.12577
v -0.06357 0.26777 0.12606
v -0.05910 0.26175 0.12633
v -0.05406 0.25619 0.12658
v -0.04850 0.25116 0.12681
v -0.04247 0.24669 0.12701
v -0.03604 0.24284 0.12719
v -0.02926 0.23964 0.12733
v -0.02219 0.23711 0.12744
v -0.01492 0.23529 0.12753
v -0.00749 0.23419 0.12758
v -0.00000 0.23382 0.12759
v 0.00749 0.23419 0.12758
v 0.01492 0.23529 0.12753
v 0.02219 0.23711 0.12744
v 0.02926 0.23964 0.12733
v 0.03604 0.24284 0.12719
v 0.04247 0.24669 0.12701
v 0.04850 0.25116 0.12681
v 0.05406 0.25619 0.12658
v 0.05910 0.26175 0.12633
v 0.06357 0.26777 0.12606
v 0.06743 0.27420 0.12577
v 0.07063 0.28097 0.12547
v 0.07316 0.28803 0.12515
v 0.07498 0.29530 0.12482
v 0.07608 0.30271 0.12449
v 0.07645 0.31020 0.12415
v 0.07608 0.31768 0.12382
v 0.07498 0.32510 0.12348
v 0.07316 0.33237 0.12315
v 0.07063 0.33943 0.12284
v 0.06743 0.34620 0.12253
v 0.06357 0.35263 0.12224
v 0.05910 0.35865 0.12197
v 0.05406 0.36420 0.12172
v 0.04850 0.36924 0.12149
v 0.04247 0.37370 0.12129
v 0.03604 0.37755 0.12112
v 0.02926 0.38076 0.12098
v 0.02219 0.38328 0.12086
v 0.01492 0.38511 0.12078
v 0.00749 0.38621 0.12073
v 0.00000 0.38657 0.12071
v -0.00749 0.38621 0.12073
v -0.01492 0.38511 0.12078
v -0.02219 0.38328 0.12086
v -0.02926 0.38076 0.12098
v -0.03604 0.37755 0.12112
v -0.04247 0.37370 0.12129
v -0.04850 0.36924 0.12149
v -0.05406 0.36420 0.12172
v -0.05910 0.35865 0.12197
v -0.06357 0.35263 0.12224
v -0.06743 0.34620 0.12253
v -0.07063 0.33943 0.12284
v -0.07316 0.33237 0.12315
v -0.07498 0.32510 0.12348
v -0.07608 0.31768 0.12382
v -0.07645 0.31020 0.12415
v -0.07976 0.31018 0.12373
v -0.07937 0.30237 0.12408
v -0.07823 0.29463 0.12443
v -0.07632 0.28705 0.12477
v -0.07369 0.27969 0.12511
v -0.07034 0.27262 0.12542
v -0.06632 0.26591 0.12573
v -0.06165 0.25963 0.12601
v -0.05640 0.25384 0.12627
v -0.05060 0.24859 0.12651
v -0.04431 0.24393 0.12672
v -0.03760 0.23991 0.12690
v -0.03052 0.23657 0.12705
v -0.02315 0.23393 0.12717
v -0.01556 0.23203 0.12725
v -0.00782 0.23089 0.12730
v -0.00000 0.23050 0.12732
v 0.00782 0.23089 0.12730
v 0.01556 0.23203 0.12725
v 0.02315 0.23393 0.12717
v 0.03052 0.23657 0.12705
v 0.03760 0.23991 0.12690
v 0.04431 0.24393 0.12672
v 0.05060 0.24859 0.12651
v 0.05640 0.25384 0.12627
v 0.06165 0.25963 0.12601
v 0.06632 0.26591 0.12573
v 0.07034 0.27262 0.12542
v 0.07369 0.27969 0.12511
v 0.07632 0.28705 0.12477
v 0.07823 0.29463 0.12443
v 0.07937 0.30237 0.12408
v 0.07976 0.31018 0.12373
v 0.07937 0.31799 0.12338
v 0.07823 0.32572 0.12303
v 0.07632 0.33331 0.12269
v 0.07369 0.34067 0.12236
v 0.07034 0.34774 0.12204
v 0.06632 0.35445 0.12174
v 0.06165 0.36073 0.12146
v 0.05640 0.36652 0.12120
v 0.05060 0.37177 0.12096
v 0.04431 0.37643 0.12075
v 0.03760 0.38045 0.12057
v 0.03052 0.38379 0.12042
v 0.02315 0.38643 0.12030
v 0.01556 0.38833 0.12021
v 0.00782 0.38947 0.12016
v 0.00000 0.38986 0.12015
v -0.00782 0.38947 0.12016
v -0.01556 0.38833 0.12021
v -0.02315 0.38643 0.12030
v -0.03052 0.38379 0.12042
v -0.03760 0.38045 0.12057
v -0.04431 0.37643 0.12075
v -0.05060 0.37177 0.12096
v -0.05640 0.36652 0.12120
v -0.06165 0.36073 0.12146
v -0.06632 0.35445 0.12174
v -0.07034 0.34774 0.12204
v -0.07369 0.34067 0.12236
v -0.07632 0.33331 0.12269
v -0.07823 0.32572 0.12303
v -0.07937 0.31799 0.12338
v -0.07976 0.31018 0.12373
v -0.08306 0.31016 0.12330
v -0.08266 0.30203 0.12366
v -0.08147 0.29397 0.12403
v -0.07949 0.28607 0.12438
v -0.07674 0.27841 0.12473
v -0.07325 0.27104 0.12506
v -0.06906 0.26406 0.12537
v -0.06421 0.25752 0.12567
v -0.05873 0.25149 0.12594
v -0.05269 0.24602 0.12618
v -0.04615 0.24117 0.12640
v -0.03916 0.23698 0.12659
v -0.03179 0.23350 0.12675
v -0.02411 0.23075 0.12687
v -0.01620 0.22878 0.12696
v -0.00814 0.22758 0.12701
v -0.00000 0.22718 0.12703
v 0.00814 0.22758 0.12701
v 0.01620 0.22878 0.12696
v 0.02411 0.23075 0.12687
v 0.03179 0.23350 0.12675
v 0.03916 0.23698 0.12659
v 0.04615 0.24117 0.12640
v 0.05269 0.24602 0.12618
v 0.05873 0.25149 0.12594
v 0.06421 0.25752 0.12567
v 0.06906 0.26406 0.12537
v 0.07325 0.27104 0.12506
v 0.07674 0.27841 0.12473
v 0.07949 0.28607 0.12438
v 0.08147 0.29397 0.12403
v 0.08266 0.30203 0.12366
v 0.08306 0.31016 0.12330
v 0.08266 0.31829 0.12293
v 0.08147 0.32635 0.12257
v 0.07949 0.33425 0.12221
v 0.07674 0.34191 0.12187
v 0.07325 0.34927 0.12153
v 0.06906 0.35626 0.12122
v 0.06421 0.36280 0.12093
v 0.05873 0.36883 0.12065
v 0.05269 0.37430 0.12041
v 0.04615 0.37915 0.12019
v 0.03916 0.38334 0.12000
v 0.03179 0.38682 0.11984
v 0.02411 0.38956 0.11972
v 0.01620 0.39154 0.11963
v 0.00814 0.39274 0.11958
v 0.00000 0.39314 0.11956
v -0.00814 0.39274 0.11958
v -0.01620 0.39154 0.11963
v -0.02411 0.38956 0.11972
v -0.03179 0.38682 0.11984
v -0.03916 0.38334 0.12000
v -0.04615 0.37915 0.12019
v -0.05269 0.37430 0.12041
v -0.05873 0.36883 0.12065
v -0.06421 0.36280 0.12093
v -0.06906 0.35626 0.12122
v -0.07325 0.34927 0.12153
v -0.07674 0.34191 0.12187
v -0.07949 0.33425 0.12221
v -0.08147 0.32635 0.12257
v -0.08266 0.31829 0.12293
v -0.08306 0.31016 0.12330
v -0.08636 0.31014 0.12284
v -0.08595 0.30168 0.12322
v -0.08470 0.29331 0.12360
v -0.08264 0.28509 0.12397
v -0.07979 0.27712 0.12433
v -0.07617 0.26947 0.12467
v -0.07181 0.26221 0.12500
v -0.06676 0.25541 0.12531
v -0.06107 0.24913 0.12559
v -0.05479 0.24345 0.12584
v -0.04798 0.23840 0.12607
v -0.04071 0.23405 0.12627
v -0.03305 0.23043 0.12643
v -0.02507 0.22758 0.12656
v -0.01685 0.22552 0.12665
v -0.00847 0.22428 0.12671
v -0.00000 0.22386 0.12673
v 0.00847 0.22428 0.12671
v 0.01685 0.22552 0.12665
v 0.02507 0.22758 0.12656
v 0.03305 0.23043 0.12643
v 0.04071 0.23405 0.12627
v 0.04798 0.23840 0.12607
v 0.05479 0.24345 0.12584
v 0.06107 0.24913 0.12559
v 0.06676 0.25541 0.12531
v 0.07181 0.26221 0.12500
v 0.07617 0.26947 0.12467
v 0.07979 0.27712 0.12433
v 0.08264 0.28509 0.12397
v 0.08470 0.29331 0.12360
v 0.08595 0.30168 0.12322
v 0.08636 0.31014 0.12284
v 0.08595 0.31860 0.12246
v 0.08470 0.32697 0.12208
v 0.08264 0.33518 0.12171
v 0.07979 0.34316 0.12135
v 0.07617 0.35081 0.12101
v 0.07181 0.35807 0.12068
v 0.06676 0.36487 0.12038
v 0.06107 0.37115 0.12009
v 0.05479 0.37683 0.11984
v 0.04798 0.38187 0.11961
v 0.04071 0.38623 0.11941
v 0.03305 0.38985 0.11925
v 0.02507 0.39270 0.11912
v 0.01685 0.39476 0.11903
v 0.00847 0.39600 0.11897
v 0.00000 0.39641 0.11896
v -0.00847 0.39600 0.11897
v -0.01685 0.39476 0.11903
v -0.02507 0.39270 0.11912
v -0.03305 0.38985 0.11925
v -0.04071 0.38623 0.11941
v -0.04798 0.38187 0.11961
v -0.05479 0.37683 0.11984
v -0.06107 0.37115 0.12009
v -0.06676 0.36487 0.12038
v -0.07181 0.35807 0.12068
v -0.07617 0.35081 0.12101
v -0.07979 0.34316 0.12135
v -0.08264 0.33518 0.12171
v -0.08470 0.32697 0.12208
v -0.08595 0.31860 0.12246
v -0.08636 0.31014 0.12284
v -0.08966 0.31012 0.12237
v -0.08923 0.30134 0.12276
v -0.08794 0.29264 0.12316
v -0.08580 0.28412 0.12354
v -0.08284 0.27584 0.12391
v -0.07907 0.26789 0.12427
v -0.07455 0.26035 0.12461
v -0.06931 0.25329 0.12493
v -0.06340 0.24678 0.12522
v -0.05688 0.24088 0.12549
v -0.04981 0.23564 0.12572
v -0.04227 0.23112 0.12593
v -0.03431 0.22736 0.12610
v -0.02603 0.22440 0.12623
v -0.01749 0.22227 0.12632
v -0.00879 0.22098 0.12638
v -0.00000 0.22055 0.12640
v 0.00879 0.22098 0.12638
v 0.01749 0.22227 0.12632
v 0.02603 0.22440 0.12623
v 0.03431 0.22736 0.12610
v 0.04227 0.23112 0.12593
v 0.04981 0.23564 0.12572
v 0.05688 0.24088 0.12549
v 0.06340 0.24678 0.12522
v 0.06931 0.25329 0.12493
v 0.07455 0.26035 0.12461
v 0.07907 0.26789 0.12427
v 0.08284 0.27584 0.12391
v 0.08580 0.28412 0.12354
v 0.08794 0.29264 0.12316
v 0.08923 0.30134 0.12276
v 0.08966 0.31012 0.12237
v 0.08923 0.31890 0.12197
v 0.08794 0.32759 0.12158
v 0.08580 0.33612 0.12120
v 0.08284 0.34440 0.12083
v 0.07907 0.35234 0.12047
v 0.07455 0.35988 0.12013
v 0.06931 0.36694 0.11981
v 0.06340 0.37345 0.11952
v 0.05688 0.37936 0.11925
v 0.04981 0.38459 0.11901
v 0.04227 0.38911 0.11881
v 0.03431 0.39287 0.11864
v 0.02603 0.39583 0.11851
v 0.01749 0.39797 0.11841
v 0.00879 0.39926 0.11835
v 0.00000 0.39969 0.11834
v -0.00879 0.39926 0.11835
v -0.01749 0.39797 0.11841
v -0.02603 0.39583 0.11851
v -0.03431 0.39287 0.11864
v -0.04227 0.38911 0.11881
v -0.04981 0.38459 0.11901
v -0.05688 0.37936 0.11925
v -0.06340 0.37345 0.11952
v -0.06931 0.36694 0.11981
v -0.07455 0.35988 0.12013
v -0.07907 0.35234 0.12047
v -0.08284 0.34440 0.12083
v -0.08580 0.33612 0.12120
v -0.08794 0.32759 0.12158
v -0.08923 0.31890 0.12197
v -0.08966 0.31012 0.12237
v -0.09296 0.31010 0.12188
v -0.09251 0.30099 0.12229
v -0.09117 0.29198 0.12269
v -0.08896 0.28314 0.12309
v -0.08588 0.27456 0.12348
v -0.08198 0.26632 0.12385
v -0.07729 0.25850 0.12420
v -0.07186 0.25118 0.12453
v -0.06573 0.24443 0.12484
v -0.05897 0.23831 0.12511
v -0.05164 0.23288 0.12536
v -0.04382 0.22820 0.12557
v -0.03557 0.22430 0.12574
v -0.02698 0.22123 0.12588
v -0.01814 0.21902 0.12598
v -0.00911 0.21768 0.12604
v -0.00000 0.21723 0.12606
v 0.00911 0.21768 0.12604
v 0.01814 0.21902 0.12598
v 0.02698 0.22123 0.12588
v 0.03557 0.22430 0.12574
v 0.04382 0.22820 0.12557
v 0.05164 0.23288 0.12536
v 0.05897 0.23831 0.12511
v 0.06573 0.24443 0.12484
v 0.07186 0.25118 0.12453
v 0.07729 0.25850 0.12420
v 0.08198 0.26632 0.12385
v 0.08588 0.27456 0.12348
v 0.08896 0.28314 0.12309
v 0.09117 0.29198 0.12269
v 0.09251 0.30099 0.12229
v 0.09296 0.31010 0.12188
v 0.09251 0.31920 0.12147
v 0.09117 0.32821 0.12106
v 0.08896 0.33705 0.12066
v 0.08588 0.34563 0.12028
v 0.08198 0.35387 0.11991
v 0.07729 0.36169 0.11956
v 0.07186 0.36901 0.11923
v 0.06573 0.37576 0.11892
v 0.05897 0.38188 0.11865
v 0.05164 0.38731 0.11840
v 0.04382 0.39199 0.11819
v 0.03557 0.39589 0.11801
v 0.02698 0.39896 0.11788
v 0.01814 0.40118 0.11778
v 0.00911 0.40251 0.11772
v 0.00000 0.40296 0.11770
v -0.00911 0.40251 0.11772
v -0.01814 0.40118 0.11778
v -0.02698 0.39896 0.11788
v -0.03557 0.39589 0.11801
v -0.04382 0.39199 0.11819
v -0.05164 0.38731 0.11840
v -0.05897 0.38188 0.11865
v -0.06573 0.37576 0.11892
v -0.07186 0.36901 0.11923
v -0.07729 0.36169 0.11956
v -0.08198 0.35387 0.11991
v -0.08588 0.34563 0.12028
v -0.08896 0.33705 0.12066
v -0.09117 0.32821 0.12106
v -0.09251 0.31920 0.12147
v -0.09296 0.31010 0.12188
v -0.09625 0.31007 0.12137
v -0.09579 0.30065 0.12179
v -0.09440 0.29131 0.12222
v -0.09211 0.28216 0.12263
v -0.08892 0.27328 0.12303
v -0.08489 0.26475 0.12341
v -0.08003 0.25665 0.12378
v -0.07440 0.24907 0.12412
v -0.06806 0.24208 0.12443
v -0.06106 0.23574 0.12472
v -0.05347 0.23012 0.12497
v -0.04537 0.22527 0.12519
v -0.03683 0.22124 0.12537
v -0.02794 0.21806 0.12551
v -0.01878 0.21577 0.12562
v -0.00943 0.21438 0.12568
v -0.00000 0.21392 0.12570
v 0.00943 0.21438 0.12568
v 0.01878 0.21577 0.12562
v 0.02794 0.21806 0.12551
v 0.03683 0.22124 0.12537
v 0.04537 0.22527 0.12519
v 0.05347 0.23012 0.12497
v 0.06106 0.23574 0.12472
v 0.06806 0.24208 0.12443
v 0.07440 0.24907 0.12412
v 0.08003 0.25665 0.12378
v 0.08489 0.26475 0.12341
v 0.08892 0.27328 0.12303
v 0.09211 0.28216 0.12263
v 0.09440 0.29131 0.12222
v 0.09579 0.30065 0.12179
v 0.09625 0.31007 0.12137
v 0.09579 0.31950 0.12095
v 0.09440 0.32883 0.12053
v 0.09211 0.33798 0.12011
v 0.08892 0.34687 0.11971
v 0.08489 0.35540 0.11933
v 0.08003 0.36349 0.11896
v 0.07440 0.37107 0.11862
v 0.06806 0.37806 0.11831
v 0.06106 0.38440 0.11802
v 0.05347 0.39002 0.11777
v 0.04537 0.39487 0.11755
v 0.03683 0.39891 0.11737
v 0.02794 0.40209 0.11723
v 0.01878 0.40438 0.11712
v 0.00943 0.40576 0.11706
v 0.00000 0.40623 0.11704
v -0.00943 0.40576 0.11706
v -0.01878 0.40438 0.11712
v -0.02794 0.40209 0.11723
v -0.03683 0.39891 0.11737
v -0.04537 0.39487 0.11755
v -0.05347 0.39002 0.11777
v -0.06106 0.38440 0.11802
v -0.06806 0.37806 0.11831
v -0.07440 0.37107 0.11862
v -0.08003 0.36349 0.11896
v -0.08489 0.35540 0.11933
v -0.08892 0.34687 0.11971
v -0.09211 0.33798 0.12011
v -0.09440 0.32883 0.12053
v -0.09579 0.31950 0.12095
v -0.09625 0.31007 0.12137
v -0.09954 0.31005 0.12084
v -0.09906 0.30030 0.12128
v -0.09763 0.29065 0.12172
v -0.09526 0.28118 0.12214
v -0.09197 0.27199 0.12256
v -0.08779 0.26317 0.12296
v -0.08277 0.25480 0.12333
v -0.07695 0.24696 0.12369
v -0.07039 0.23973 0.12401
v -0.06315 0.23318 0.12431
v -0.05530 0.22737 0.12457
v -0.04692 0.22235 0.12479
v -0.03809 0.21818 0.12498
v -0.02890 0.21489 0.12513
v -0.01942 0.21252 0.12524
v -0.00976 0.21109 0.12530
v -0.00000 0.21061 0.12532
v 0.00976 0.21109 0.12530
v 0.01942 0.21252 0.12524
v 0.02890 0.21489 0.12513
v 0.03809 0.21818 0.12498
v 0.04692 0.22235 0.12479
v 0.05530 0.22737 0.12457
v 0.06315 0.23318 0.12431
v 0.07039 0.23973 0.12401
v 0.07695 0.24696 0.12369
v 0.08277 0.25480 0.12333
v 0.08779 0.26317 0.12296
v 0.09197 0.27199 0.12256
v 0.09526 0.28118 0.12214
v 0.09763 0.29065 0.12172
v 0.09906 0.30030 0.12128
v 0.09954 0.31005 0.12084
v 0.09906 0.31980 0.12041
v 0.09763 0.32945 0.11997
v 0.09526 0.33892 0.11954
v 0.09197 0.34810 0.11913
v 0.08779 0.35693 0.11873
v 0.08277 0.36530 0.11836
v 0.07695 0.37313 0.11800
v 0.07039 0.38036 0.11768
v 0.06315 0.38692 0.11738
v 0.05530 0.39273 0.11712
v 0.04692 0.39775 0.11690
v 0.03809 0.40192 0.11671
v 0.02890 0.40521 0.11656
v 0.01942 0.40758 0.11645
v 0.00976 0.40901 0.11639
v 0.00000 0.40949 0.11637
v -0.00976 0.40901 0.11639
v -0.01942 0.40758 0.11645
v -0.02890 0.40521 0.11656
v -0.03809 0.40192 0.11671
v -0.04692 0.39775 0.11690
v -0.05530 0.39273 0.11712
v -0.06315 0.38692 0.11738
v -0.07039 0.38036 0.11768
v -0.07695 0.37313 0.11800
v -0.08277 0.36530 0.11836
v -0.08779 0.35693 0.11873
v -0.09197 0.34810 0.11913
v -0.09526 0.33892 0.11954
v -0.09763 0.32945 0.11997
v -0.09906 0.31980 0.12041
v -0.09954 0.31005 0.12084
v -0.10283 0.31002 0.12030
v -0.10233 0.29996 0.12075
v -0.10085 0.28998 0.12120
v -0.09840 0.28020 0.12164
v -0.09500 0.27071 0.12207
v -0.09069 0.26160 0.12248
v -0.08550 0.25295 0.12287
v -0.07949 0.24486 0.12324
v -0.07271 0.23739 0.12357
v -0.06523 0.23062 0.12388
v -0.05713 0.22461 0.12415
v -0.04847 0.21943 0.12438
v -0.03935 0.21512 0.12457
v -0.02985 0.21172 0.12473
v -0.02006 0.20927 0.12484
v -0.01008 0.20779 0.12490
v -0.00000 0.20730 0.12493
v 0.01008 0.20779 0.12490
v 0.02006 0.20927 0.12484
v 0.02985 0.21172 0.12473
v 0.03935 0.21512 0.12457
v 0.04847 0.21943 0.12438
v 0.05713 0.22461 0.12415
v 0.06523 0.23062 0.12388
v 0.07271 0.23739 0.12357
v 0.07949 0.24486 0.12324
v 0.08550 0.25295 0.12287
v 0.09069 0.26160 0.12248
v 0.09500 0.27071 0.12207
v 0.09840 0.28020 0.12164
v 0.10085 0.28998 0.12120
v 0.10233 0.29996 0.12075
v 0.10283 0.31002 0.12030
v 0.10233 0.32009 0.11985
v 0.10085 0.33007 0.11940
v 0.09840 0.33984 0.11896
v 0.09500 0.34934 0.11853
v 0.09069 0.35845 0.11812
v 0.08550 0.36710 0.11773
v 0.07949 0.37519 0.11737
v 0.07271 0.38266 0.11703
v 0.06523 0.38943 0.11673
v 0.05713 0.39544 0.11646
v 0.04847 0.40062 0.11622
v 0.03935 0.40493 0.11603
v 0.02985 0.40833 0.11587
v 0.02006 0.41078 0.11576
v 0.01008 0.41226 0.11570
v 0.00000 0.41275 0.11568
v -0.01008 0.41226 0.11570
v -0.02006 0.41078 0.11576
v -0.02985 0.40833 0.11587
v -0.03935 0.40493 0.11603
v -0.04847 0.40062 0.11622
v -0.05713 0.39544 0.11646
v -0.06523 0.38943 0.11673
v -0.07271 0.38266 0.11703
v -0.07949 0.37519 0.11737
v -0.08550 0.36710 0.11773
v -0.09069 0.35845 0.11812
v -0.09500 0.34934 0.11853
v -0.09840 0.33984 0.11896
v -0.10085 0.33007 0.11940
v -0.10233 0.32009 0.11985
v -0.10283 0.31002 0.12030
v -0.10611 0.31000 0.11974
v -0.10560 0.29961 0.12021
v -0.10408 0.28932 0.12067
v -0.10155 0.27923 0.12113
v -0.09804 0.26943 0.12157
v -0.09359 0.26003 0.12199
v -0.08823 0.25110 0.12239
v -0.08203 0.24275 0.12277
v -0.07503 0.23504 0.12312
v -0.06732 0.22805 0.12343
v -0.05895 0.22186 0.12371
v -0.05002 0.21651 0.12395
v -0.04061 0.21206 0.12415
v -0.03080 0.20856 0.12431
v -0.02070 0.20603 0.12442
v -0.01040 0.20450 0.12449
v -0.00000 0.20399 0.12451
v 0.01040 0.20450 0.12449
v 0.02070 0.20603 0.12442
v 0.03080 0.20856 0.12431
v 0.04061 0.21206 0.12415
v 0.05002 0.21651 0.12395
v 0.05895 0.22186 0.12371
v 0.06732 0.22805 0.12343
v 0.07503 0.23504 0.12312
v 0.08203 0.24275 0.12277
v 0.08823 0.25110 0.12239
v 0.09359 0.26003 0.12199
v 0.09804 0.26943 0.12157
v 0.10155 0.27923 0.12113
v 0.10408 0.28932 0.12067
v 0.10560 0.29961 0.12021
v 0.10611 0.31000 0.11974
v 0.10560 0.32039 0.11927
v 0.10408 0.33068 0.11881
v 0.10155 0.34077 0.11835
v 0.09804 0.35057 0.11791
v 0.09359 0.35997 0.11749
v 0.08823 0.36889 0.11709
v 0.08203 0.37725 0.11671
v 0.07503 0.38496 0.11636
v 0.06732 0.39194 0.11605
v 0.05895 0.39814 0.11577
v 0.05002 0.40349 0.11553
v 0.04061 0.40794 0.11533
v 0.03080 0.41144 0.11517
v 0.02070 0.41397 0.11506
v 0.01040 0.41550 0.11499
v 0.00000 0.41601 0.11497
v -0.01040 0.41550 0.11499
v -0.02070 0.41397 0.11506
v -0.03080 0.41144 0.11517
v -0.04061 0.40794 0.11533
v -0.05002 0.40349 0.11553
v -0.05895 0.39814 0.11577
v -0.06732 0.39194 0.11605
v -0.07503 0.38496 0.11636
v -0.08203 0.37725 0.11671
v -0.08823 0.36889 0.11709
v -0.09359 0.35997 0.11749
v -0.09804 0.35057 0.11791
v -0.10155 0.34077 0.11835
v -0.10408 0.33068 0.11881
v -0.10560 0.32039 0.11927
v -0.10611 0.31000 0.11974
v -0.10940 0.30997 0.11916
v -0.10887 0.29926 0.11964
v -0.10729 0.28865 0.12012
v -0.10469 0.27825 0.12059
v -0.10107 0.26815 0.12105
v -0.09648 0.25846 0.12148
v -0.09096 0.24926 0.12190
v -0.08456 0.24064 0.12228
v -0.07736 0.23270 0.12264
v -0.06940 0.22549 0.12297
v -0.06078 0.21911 0.12325
v -0.05157 0.21359 0.12350
v -0.04186 0.20901 0.12371
v -0.03176 0.20539 0.12387
v -0.02134 0.20279 0.12399
v -0.01072 0.20121 0.12406
v -0.00000 0.20069 0.12408
v 0.01072 0.20121 0.12406
v 0.02134 0.20279 0.12399
v 0.03176 0.20539 0.12387
v 0.04186 0.20901 0.12371
v 0.05157 0.21359 0.12350
v 0.06078 0.21911 0.12325
v 0.06940 0.22549 0.12297
v 0.07736 0.23270 0.12264
v 0.08456 0.24064 0.12228
v 0.09096 0.24926 0.12190
v 0.09648 0.25846 0.12148
v 0.10107 0.26815 0.12105
v 0.10469 0.27825 0.12059
v 0.10729 0.28865 0.12012
v 0.10887 0.29926 0.11964
v 0.10940 0.30997 0.11916
v 0.10887 0.32069 0.11868
v 0.10729 0.33129 0.11820
v 0.10469 0.34170 0.11773
v 0.10107 0.35180 0.11728
v 0.09648 0.36149 0.11684
v 0.09096 0.37069 0.11643
v 0.08456 0.37930 0.11604
v 0.07736 0.38725 0.11568
v 0.06940 0.39445 0.11536
v 0.06078 0.40084 0.11507
v 0.05157 0.40635 0.11482
v 0.04186 0.41094 0.11462
v 0.03176 0.41455 0.11445
v 0.02134 0.41716 0.11434
v 0.01072 0.41873 0.11426
v 0.00000 0.41926 0.11424
v -0.01072 0.41873 0.11426
v -0.02134 0.41716 0.11434
v -0.03176 0.41455 0.11445
v -0.04186 0.41094 0.11462
v -0.05157 0.40635 0.11482
v -0.06078 0.40084 0.11507
v -0.06940 0.39445 0.11536
v -0.07736 0.38725 0.11568
v -0.08456 0.37930 0.11604
v -0.09096 0.37069 0.11643
v -0.09648 0.36149 0.11684
v -0.10107 0.35180 0.11728
v -0.10469 0.34170 0.11773
v -0.10729 0.33129 0.11820
v -0.10887 0.32069 0.11868
v -0.10940 0.30997 0.11916
v -0.11268 0.30995 0.11857
v -0.11213 0.29891 0.11906
v -0.11051 0.28799 0.11955
v -0.10782 0.27727 0.12004
v -0.10410 0.26687 0.12051
v -0.09937 0.25689 0.12095
v -0.09369 0.24741 0.12138
v -0.08710 0.23854 0.12178
v -0.07967 0.23035 0.12215
v -0.07148 0.22294 0.12248
v -0.06260 0.21636 0.12278
v -0.05311 0.21068 0.12304
v -0.04312 0.20595 0.12325
v -0.03271 0.20223 0.12342
v -0.02198 0.19955 0.12354
v -0.01104 0.19793 0.12361
v -0.00000 0.19739 0.12363
v 0.01104 0.19793 0.12361
v 0.02198 0.19955 0.12354
v 0.03271 0.20223 0.12342
v 0.04312 0.20595 0.12325
v 0.05311 0.21068 0.12304
v 0.06260 0.21636 0.12278
v 0.07148 0.22294 0.12248
v 0.07967 0.23035 0.12215
v 0.08710 0.23854 0.12178
v 0.09369 0.24741 0.12138
v 0.09937 0.25689 0.12095
v 0.10410 0.26687 0.12051
v 0.10782 0.27727 0.12004
v 0.11051 0.28799 0.11955
v 0.11213 0.29891 0.11906
v 0.11268 0.30995 0.11857
v 0.11213 0.32098 0.11807
v 0.11051 0.33191 0.11758
v 0.10782 0.34262 0.11709
v 0.10410 0.35302 0.11663
v 0.09937 0.36301 0.11618
v 0.09369 0.37248 0.11575
v 0.08710 0.38135 0.11535
v 0.07967 0.38954 0.11498
v 0.07148 0.39696 0.11465
v 0.06260 0.40354 0.11435
v 0.05311 0.40922 0.11410
v 0.04312 0.41394 0.11388
v 0.03271 0.41766 0.11372
v 0.02198 0.42034 0.11359
v 0.01104 0.42197 0.11352
v 0.00000 0.42251 0.11350
v -0.01104 0.42197 0.11352
v -0.02198 0.42034 0.11359
v -0.03271 0.41766 0.11372
v -0.04312 0.41394 0.11388
v -0.05311 0.40922 0.11410
v -0.06260 0.40354 0.11435
v -0.07148 0.39696 0.11465
v -0.07967 0.38954 0.11498
v -0.08710 0.38135 0.11535
v -0.09369 0.37248 0.11575
v -0.09937 0.36301 0.11618
v -0.10410 0.35302 0.11663
v -0.10782 0.34262 0.11709
v -0.11051 0.33191 0.11758
v -0.11213 0.32098 0.11807
v -0.11268 0.30995 0.11857
v -0.11595 0.30992 0.11795
v -0.11539 0.29857 0.11846
v -0.11372 0.28732 0.11897
v -0.11096 0.27629 0.11947
v -0.10712 0.26559 0.11995
v -0.10226 0.25532 0.12041
v -0.09641 0.24557 0.12085
v -0.08963 0.23643 0.12126
v -0.08199 0.22801 0.12164
v -0.07356 0.22038 0.12198
v -0.06442 0.21361 0.12229
v -0.05466 0.20776 0.12255
v -0.04437 0.20290 0.12277
v -0.03366 0.19907 0.12294
v -0.02262 0.19631 0.12307
v -0.01137 0.19464 0.12314
v -0.00000 0.19409 0.12317
v 0.01137 0.19464 0.12314
v 0.02262 0.19631 0.12307
v 0.03366 0.19907 0.12294
v 0.04437 0.20290 0.12277
v 0.05466 0.20776 0.12255
v 0.06442 0.21361 0.12229
v 0.07356 0.22038 0.12198
v 0.08199 0.22801 0.12164
v 0.08963 0.23643 0.12126
v 0.09641 0.24557 0.12085
v 0.10226 0.25532 0.12041
v 0.10712 0.26559 0.11995
v 0.11096 0.27629 0.11947
v 0.11372 0.28732 0.11897
v 0.11539 0.29857 0.11846
v 0.11595 0.30992 0.11795
v 0.11539 0.32127 0.11744
v 0.11372 0.33252 0.11693
v 0.11096 0.34354 0.11644
v 0.10712 0.35425 0.11596
v 0.10226 0.36452 0.11549
v 0.09641 0.37427 0.11505
v 0.08963 0.38340 0.11464
v 0.08199 0.39183 0.11426
v 0.07356 0.39946 0.11392
v 0.06442 0.40623 0.11361
v 0.05466 0.41207 0.11335
v 0.04437 0.41693 0.11313
v 0.03366 0.42076 0.11296
v 0.02262 0.42353 0.11284
v 0.01137 0.42519 0.11276
v 0.00000 0.42575 0.11274
v -0.01137 0.42519 0.11276
v -0.02262 0.42353 0.11284
v -0.03366 0.42076 0.11296
v -0.04437 0.41693 0.11313
v -0.05466 0.41207 0.11335
v -0.06442 0.40623 0.11361
v -0.07356 0.39946 0.11392
v -0.08199 0.39183 0.11426
v -0.08963 0.38340 0.11464
v -0.09641 0.37427 0.11505
v -0.10226 0.36452 0.11549
v -0.10712 0.35425 0.11596
v -0.11096 0.34354 0.11644
v -0.11372 0.33252 0.11693
v -0.11539 0.32127 0.11744
v -0.11595 0.30992 0.11795
v -0.11922 0.30989 0.11732
v -0.11865 0.29822 0.11785
v -0.11693 0.28665 0.11837
v -0.11409 0.27532 0.11888
v -0.11015 0.26431 0.11937
v -0.10515 0.25375 0.11985
v -0.09913 0.24372 0.12030
v -0.09216 0.23433 0.12072
v -0.08430 0.22567 0.12111
v -0.07563 0.21782 0.12147
v -0.06624 0.21086 0.12178
v -0.05620 0.20485 0.12205
v -0.04562 0.19985 0.12228
v -0.03461 0.19592 0.12245
v -0.02326 0.19308 0.12258
v -0.01169 0.19136 0.12266
v -0.00000 0.19079 0.12268
v 0.01169 0.19136 0.12266
v 0.02326 0.19308 0.12258
v 0.03461 0.19592 0.12245
v 0.04562 0.19985 0.12228
v 0.05620 0.20485 0.12205
v 0.06624 0.21086 0.12178
v 0.07563 0.21782 0.12147
v 0.08430 0.22567 0.12111
v 0.09216 0.23433 0.12072
v 0.09913 0.24372 0.12030
v 0.10515 0.25375 0.11985
v 0.11015 0.26431 0.11937
v 0.11409 0.27532 0.11888
v 0.11693 0.28665 0.11837
v 0.11865 0.29822 0.11785
v 0.11922 0.30989 0.11732
v 0.11865 0.32156 0.11679
v 0.11693 0.33313 0.11627
v 0.11409 0.34446 0.11576
v 0.11015 0.35547 0.11527
v 0.10515 0.36603 0.11479
v 0.09913 0.37606 0.11434
v 0.09216 0.38545 0.11392
v 0.08430 0.39411 0.11353
v 0.07563 0.40196 0.11317
v 0.06624 0.40892 0.11286
v 0.05620 0.41493 0.11259
v 0.04562 0.41993 0.11237
v 0.03461 0.42386 0.11219
v 0.02326 0.42670 0.11206
v 0.01169 0.42842 0.11198
v 0.00000 0.42899 0.11196
v -0.01169 0.42842 0.11198
v -0.02326 0.42670 0.11206
v -0.03461 0.42386 0.11219
v -0.04562 0.41993 0.11237
v -0.05620 0.41493 0.11259
v -0.06624 0.40892 0.11286
v -0.07563 0.40196 0.11317
v -0.08430 0.39411 0.11353
v -0.09216 0.38545 0.11392
v -0.09913 0.37606 0.11434
v -0.10515 0.36603 0.11479
v -0.11015 0.35547 0.11527
v -0.11409 0.34446 0.11576
v -0.11693 0.33313 0.11627
v -0.11865 0.32156 0.11679
v -0.11922 0.30989 0.11732
v -0.12249 0.30986 0.11667
v -0.12190 0.29787 0.11721
v -0.12014 0.28599 0.11775
v -0.11722 0.27434 0.11827
v -0.11317 0.26303 0.11878
v -0.10803 0.25218 0.11927
v -0.10185 0.24188 0.11973
v -0.09469 0.23223 0.12017
v -0.08661 0.22333 0.12057
v -0.07771 0.21527 0.12093
v -0.06805 0.20812 0.12125
v -0.05774 0.20194 0.12153
v -0.04688 0.19681 0.12176
v -0.03556 0.19276 0.12194
v -0.02390 0.18985 0.12208
v -0.01201 0.18808 0.12216
v -0.00000 0.18749 0.12218
v 0.01201 0.18808 0.12216
v 0.02390 0.18985 0.12208
v 0.03556 0.19276 0.12194
v 0.04688 0.19681 0.12176
v 0.05774 0.20194 0.12153
v 0.06805 0.20812 0.12125
v 0.07771 0.21527 0.12093
v 0.08661 0.22333 0.12057
v 0.09469 0.23223 0.12017
v 0.10185 0.24188 0.11973
v 0.10803 0.25218 0.11927
v 0.11317 0.26303 0.11878
v 0.11722 0.27434 0.11827
v 0.12014 0.28599 0.11775
v 0.12190 0.29787 0.11721
v 0.12249 0.30986 0.11667
v 0.12190 0.32186 0.11613
v 0.12014 0.33373 0.11560
v 0.11722 0.34538 0.11507
v 0.11317 0.35669 0.11456
v 0.10803 0.36754 0.11407
v 0.10185 0.37784 0.11361
v 0.09469 0.38749 0.11318
v 0.08661 0.39639 0.11278
v 0.07771 0.40445 0.11241
v 0.06805 0.41161 0.11209
v 0.05774 0.41778 0.11181
v 0.04688 0.42291 0.11158
v 0.03556 0.42696 0.11140
v 0.02390 0.42988 0.11127
v 0.01201 0.43164 0.11119
v 0.00000 0.43223 0.11116
v -0.01201 0.43164 0.11119
v -0.02390 0.42988 0.11127
v -0.03556 0.42696 0.11140
v -0.04688 0.42291 0.11158
v -0.05774 0.41778 0.11181
v -0.06805 0.41161 0.11209
v -0.07771 0.40445 0.11241
v -0.08661 0.39639 0.11278
v -0.09469 0.38749 0.11318
v -0.10185 0.37784 0.11361
v -0.10803 0.36754 0.11407
v -0.11317 0.35669 0.11456
v -0.11722 0.34538 0.11507
v -0.12014 0.33373 0.11560
v -0.12190 0.32186 0.11613
v -0.12249 0.30986 0.11667
v -0.12576 0.30983 0.11600
v -0.12515 0.29752 0.11656
v -0.12334 0.28532 0.11711
v -0.12034 0.27336 0.11765
v -0.11618 0.26175 0.11817
v -0.11091 0.25061 0.11867
v -0.10456 0.24004 0.11915
v -0.09721 0.23013 0.11959
v -0.08892 0.22100 0.12001
v -0.07978 0.21272 0.12038
v -0.06987 0.20537 0.12071
v -0.05928 0.19904 0.12099
v -0.04812 0.19377 0.12123
v -0.03651 0.18961 0.12142
v -0.02453 0.18662 0.12155
v -0.01233 0.18481 0.12163
v -0.00000 0.18420 0.12166
v 0.01233 0.18481 0.12163
v 0.02453 0.18662 0.12155
v 0.03651 0.18961 0.12142
v 0.04812 0.19377 0.12123
v 0.05928 0.19904 0.12099
v 0.06987 0.20537 0.12071
v 0.07978 0.21272 0.12038
v 0.08892 0.22100 0.12001
v 0.09721 0.23013 0.11959
v 0.10456 0.24004 0.11915
v 0.11091 0.25061 0.11867
v 0.11618 0.26175 0.11817
v 0.12034 0.27336 0.11765
v 0.12334 0.28532 0.11711
v 0.12515 0.29752 0.11656
v 0.12576 0.30983 0.11600
v 0.12515 0.32214 0.11545
v 0.12334 0.33434 0.11490
v 0.12034 0.34630 0.11436
v 0.11618 0.35791 0.11384
v 0.11091 0.36905 0.11334
v 0.10456 0.37963 0.11286
v 0.09721 0.38953 0.11242
v 0.08892 0.39866 0.11200
v 0.07978 0.40694 0.11163
v 0.06987 0.41429 0.11130
v 0.05928 0.42063 0.11102
v 0.04812 0.42590 0.11078
v 0.03651 0.43005 0.11059
v 0.02453 0.43305 0.11046
v 0.01233 0.43486 0.11038
v 0.00000 0.43546 0.11035
v -0.01233 0.43486 0.11038
v -0.02453 0.43305 0.11046
v -0.03651 0.43005 0.11059
v -0.04812 0.42590 0.11078
v -0.05928 0.42063 0.11102
v -0.06987 0.41429 0.11130
v -0.07978 0.40694 0.11163
v -0.08892 0.39866 0.11200
v -0.09721 0.38953 0.11242
v -0.10456 0.37963 0.11286
v -0.11091 0.36905 0.11334
v -0.11618 0.35791 0.11384
v -0.12034 0.34630 0.11436
v -0.12334 0.33434 0.11490
v -0.12515 0.32214 0.11545
v -0.12576 0.30983 0.11600
v -0.12902 0.30980 0.11532
v -0.12840 0.29717 0.11589
v -0.12654 0.28466 0.11645
v -0.12346 0.27239 0.11701
v -0.11920 0.26048 0.11754
v -0.11378 0.24904 0.11806
v -0.10727 0.23819 0.11855
v -0.09973 0.22804 0.11900
v -0.09123 0.21866 0.11942
v -0.08185 0.21017 0.11981
v -0.07168 0.20263 0.12015
v -0.06082 0.19613 0.12044
v -0.04937 0.19072 0.12068
v -0.03745 0.18646 0.12087
v -0.02517 0.18339 0.12101
v -0.01265 0.18153 0.12110
v -0.00000 0.18091 0.12112
v 0.01265 0.18153 0.12110
v 0.02517 0.18339 0.12101
v 0.03745 0.18646 0.12087
v 0.04937 0.19072 0.12068
v 0.06082 0.19613 0.12044
v 0.07168 0.20263 0.12015
v 0.08185 0.21017 0.11981
v 0.09123 0.21866 0.11942
v 0.09973 0.22804 0.11900
v 0.10727 0.23819 0.11855
v 0.11378 0.24904 0.11806
v 0.11920 0.26048 0.11754
v 0.12346 0.27239 0.11701
v 0.12654 0.28466 0.11645
v 0.12840 0.29717 0.11589
v 0.12902 0.30980 0.11532
v 0.12840 0.32243 0.11475
v 0.12654 0.33494 0.11419
v 0.12346 0.34721 0.11364
v 0.11920 0.35912 0.11310
v 0.11378 0.37056 0.11258
v 0.10727 0.38141 0.11210
v 0.09973 0.39157 0.11164
v 0.09123 0.40094 0.11122
v 0.08185 0.40943 0.11083
v 0.07168 0.41697 0.11050
v 0.06082 0.42347 0.11020
v 0.04937 0.42888 0.10996
v 0.03745 0.43314 0.10977
v 0.02517 0.43621 0.10963
v 0.01265 0.43807 0.10955
v 0.00000 0.43869 0.10952
v -0.01265 0.43807 0.10955
v -0.02517 0.43621 0.10963
v -0.03745 0.43314 0.10977
v -0.04937 0.42888 0.10996
v -0.06082 0.42347 0.11020
v -0.07168 0.41697 0.11050
v -0.08185 0.40943 0.11083
v -0.09123 0.40094 0.11122
v -0.09973 0.39157 0.11164
v -0.10727 0.38141 0.11210
v -0.11378 0.37056 0.11258
v -0.11920 0.35912 0.11310
v -0.12346 0.34721 0.11364
v -0.12654 0.33494 0.11419
v -0.12840 0.32243 0.11475
v -0.12902 0.30980 0.11532
v -0.13228 0.30977 0.11462
v -0.13164 0.29682 0.11520
v -0.12973 0.28399 0.11578
v -0.12658 0.27141 0.11635
v -0.12221 0.25920 0.11690
v -0.11666 0.24748 0.11742
v -0.10998 0.23635 0.11793
v -0.10225 0.22594 0.11839
v -0.09353 0.21633 0.11883
v -0.08391 0.20762 0.11922
v -0.07349 0.19990 0.11957
v -0.06235 0.19323 0.11987
v -0.05062 0.18769 0.12012
v -0.03840 0.18332 0.12031
v -0.02581 0.18017 0.12046
v -0.01297 0.17826 0.12054
v -0.00000 0.17763 0.12057
v 0.01297 0.17826 0.12054
v 0.02581 0.18017 0.12046
v 0.03840 0.18332 0.12031
v 0.05062 0.18769 0.12012
v 0.06235 0.19323 0.11987
v 0.07349 0.19990 0.11957
v 0.08391 0.20762 0.11922
v 0.09353 0.21633 0.11883
v 0.10225 0.22594 0.11839
v 0.10998 0.23635 0.11793
v 0.11666 0.24748 0.11742
v 0.12221 0.25920 0.11690
v 0.12658 0.27141 0.11635
v 0.12973 0.28399 0.11578
v 0.13164 0.29682 0.11520
v 0.13228 0.30977 0.11462
v 0.13164 0.32272 0.11404
v 0.12973 0.33555 0.11346
v 0.12658 0.34813 0.11289
v 0.12221 0.36034 0.11234
v 0.11666 0.37206 0.11181
v 0.10998 0.38318 0.11131
v 0.10225 0.39360 0.11084
v 0.09353 0.40321 0.11041
v 0.08391 0.41192 0.11002
v 0.07349 0.41964 0.10967
v 0.06235 0.42631 0.10937
v 0.05062 0.43185 0.10912
v 0.03840 0.43622 0.10893
v 0.02581 0.43937 0.10878
v 0.01297 0.44127 0.10870
v 0.00000 0.44191 0.10867
v -0.01297 0.44127 0.10870
v -0.02581 0.43937 0.10878
v -0.03840 0.43622 0.10893
v -0.05062 0.43185 0.10912
v -0.06235 0.42631 0.10937
v -0.07349 0.41964 0.10967
v -0.08391 0.41192 0.11002
v -0.09353 0.40321 0.11041
v -0.10225 0.39360 0.11084
v -0.10998 0.38318 0.11131
v -0.11666 0.37206 0.11181
v -0.12221 0.36034 0.11234
v -0.12658 0.34813 0.11289
v -0.12973 0.33555 0.11346
v -0.13164 0.32272 0.11404
v -0.13228 0.30977 0.11462
f 4905 4970 4971
f 4906 4971 4972
f 4907 4972 4973
f 4908 4973 4974
f 4909 4974 4975
f 4910 4975 4976
f 4911 4976 4977
f 4912 4977 4978
f 4913 4978 4979
f 4914 4979 4980
f 4915 4980 4981
f 4916 4981 4982
f 4917 4982 4983
f 4918 4983 4984
f 4919 4984 4985
f 4920 4985 4986
f 4921 4986 4987
f 4922 4987 4988
f 4923 4988 4989
f 4924 4989 4990
f 4925 4990 4991
f 4926 4991 4992
f 4927 4992 4993
f 4928 4993 4994
f 4929 4994 4995
f 4930 4995 4996
f 4931 4996 4997
f 4932 4997 4998
f 4933 4998 4999
f 4934 4999 5000
f 4935 5000 5001
f 4936 5001 5002
f 4937 5002 5003
f 4938 5003 5004
f 4939 5004 5005
f 4940 5005 5006
f 4941 5006 5007
f 4942 5007 5008
f 4943 5008 5009
f 4944 5009 5010
f 4945 5010 5011
f 4946 5011 5012
f 4947 5012 5013
f 4948 5013 5014
f 4949 5014 5015
f 4950 5015 5016
f 4951 5016 5017
f 4952 5017 5018
f 4953 5018 5019
f 4954 5019 5020
f 4955 5020 5021
f 4956 5021 5022
f 4957 5022 5023
f 4958 5023 5024
f 4959 5024 5025
f 4960 5025 5026
f 4961 5026 5027
f 4962 5027 5028
f 4963 5028 5029
f 4964 5029 5030
f 4965 5030 5031
f 4966 5031 5032
f 4967 5032 5033
f 4968 5033 5034
f 4971 4970 5036
f 4970 5035 5036
f 4972 4971 5037
f 4971 5036 5037
f 4973 4972 5038
f 4972 5037 5038
f 4974 4973 5039
f 4973 5038 5039
f 4975 4974 5040
f 4974 5039 5040
f 4976 4975 5041
f 4975 5040 5041
f 4977 4976 5042
f 4976 5041 5042
f 4978 4977 5043
f 4977 5042 5043
f 4979 4978 5044
f 4978 5043 5044
f 4980 4979 5045
f 4979 5044 5045
f 4981 4980 5046
f 4980 5045 5046
f 4982 4981 5047
f 4981 5046 5047
f 4983 4982 5048
f 4982 5047 5048
f 4984 4983 5049
f 4983 5048 5049
f 4985 4984 5050
f 4984 5049 5050
f 4986 4985 5051
f 4985 5050 5051
f 4987 4986 5052
f 4986 5051 5052
f 4988 4987 5053
f 4987 5052 5053
f 4989 4988 5054
f 4988 5053 5054
f 4990 4989 5055
f 4989 5054 5055
f 4991 4990 5056
f 4990 5055 5056
f 4992 4991 5057
f 4991 5056 5057
f 4993 4992 5058
f 4992 5057 5058
f 4994 4993 5059
f 4993 5058 5059
f 4995 4994 5060
f 4994 5059 5060
f 4996 4995 5061
f 4995 5060 5061
f 4997 4996 5062
f 4996 5061 5062
f 4998 4997 5063
f 4997 5062 5063
f 4999 4998 5064
f 4998 5063 5064
f 5000 4999 5065
f 4999 5064 5065
f 5001 5000 5066
f 5000 5065 5066
f 5002 5001 5067
f 5001 5066 5067
f 5003 5002 5068
f 5002 5067 5068
f 5004 5003 5069
f 5003 5068 5069
f 5005 5004 5070
f 5004 5069 5070
f 5006 5005 5071
f 5005 5070 5071
f 5007 5006 5072
f 5006 5071 5072
f 5008 5007 5073
f 5007 5072 5073
f 5009 5008 5074
f 5008 5073 5074
f 5010 5009 5075
f 5009 5074 5075
f 5011 5010 5076
f 5010 5075 5076
f 5012 5011 5077
f 5011 5076 5077
f 5013 5012 5078
f 5012 5077 5078
f 5014 5013 5079
f 5013 5078 5079
f 5015 5014 5080
f 5014 5079 5080
f 5016 5015 5081
f 5015 5080 5081
f 5017 5016 5082
f 5016 5081 5082
f 5018 5017 5083
f 5017 5082 5083
f 5019 5018 5084
f 5018 5083 5084
f 5020 5019 5085
f 5019 5084 5085
f 5021 5020 5086
f 5020 5085 5086
f 5022 5021 5087
f 5021 5086 5087
f 5023 5022 5088
f 5022 5087 5088
f 5024 5023 5089
f 5023 5088 5089
f 5025 5024 5090
f 5024 5089 5090
f 5026 5025 5091
f 5025 5090 5091
f 5027 5026 5092
f 5026 5091 5092
f 5028 5027 5093
f 5027 5092 5093
f 5029 5028 5094
f 5028 5093 5094
f 5030 5029 5095
f 5029 5094 5095
f 5031 5030 5096
f 5030 5095 5096
f 5032 5031 5097
f 5031 5096 5097
f 5033 5032 5098
f 5032 5097 5098
f 5034 5033 5099
f 5033 5098 5099
f 5036 5035 5101
f 5035 5100 5101
f 5037 5036 5102
f 5036 5101 5102
f 5038 5037 5103
f 5037 5102 5103
f 5039 5038 5104
f 5038 5103 5104
f 5040 5039 5105
f 5039 5104 5105
f 5041 5040 5106
f 5040 5105 5106
f 5042 5041 5107
f 5041 5106 5107
f 5043 5042 5108
f 5042 5107 5108
f 5044 5043 5109
f 5043 5108 5109
f 5045 5044 5110
f 5044 5109 5110
f 5046 5045 5111
f 5045 5110 5111
f 5047 5046 5112
f 5046 5111 5112
f 5048 5047 5113
f 5047 5112 5113
f 5049 5048 5114
f 5048 5113 5114
f 5050 5049 5115
f 5049 5114 5115
f 5051 5050 5116
f 5050 5115 5116
f 5052 5051 5117
f 5051 5116 5117
f 5053 5052 5118
f 5052 5117 5118
f 5054 5053 5119
f 5053 5118 5119
f 5055 5054 5120
f 5054 5119 5120
f 5056 5055 5121
f 5055 5120 5121
f 5057 5056 5122
f 5056 5121 5122
f 5058 5057 5123
f 5057 5122 5123
f 5059 5058 5124
f 5058 5123 5124
f 5060 5059 5125
f 5059 5124 5125
f 5061 5060 5126
f 5060 5125 5126
f 5062 5061 5127
f 5061 5126 5127
f 5063 5062 5128
f 5062 5127 5128
f 5064 5063 5129
f 5063 5128 5129
f 5065 5064 5130
f 5064 5129 5130
f 5066 5065 5131
f 5065 5130 5131
f 5067 5066 5132
f 5066 5131 5132
f 5068 5067 5133
f 5067 5132 5133
f 5069 5068 5134
f 5068 5133 5134
f 5070 5069 5135
f 5069 5134 5135
f 5071 5070 5136
f 5070 5135 5136
f 5072 5071 5137
f 5071 5136 5137
f 5073 5072 5138
f 5072 5137 5138
f 5074 5073 5139
f 5073 5138 5139
f 5075 5074 5140
f 5074 5139 5140
f 5076 5075 5141
f 5075 5140 5141
f 5077 5076 5142
f 5076 5141 5142
f 5078 5077 5143
f 5077 5142 5143
f 5079 5078 5144
f 5078 5143 5144
f 5080 5079 5145
f 5079 5144 5145
f 5081 5080 5146
f 5080 5145 5146
f 5082 5081 5147
f 5081 5146 5147
f 5083 5082 5148
f 5082 5147 5148
f 5084 5083 5149
f 5083 5148 5149
f 5085 5084 5150
f 5084 5149 5150
f 5086 5085 5151
f 5085 5150 5151
f 5087 5086 5152
f 5086 5151 5152
f 5088 5087 5153
f 5087 5152 5153
f 5089 5088 5154
f 5088 5153 5154
f 5090 5089 5155
f 5089 5154 5155
f 5091 5090 5156
f 5090 5155 5156
f 5092 5091 5157
f 5091 5156 5157
f 5093 5092 5158
f 5092 5157 5158
f 5094 5093 5159
f 5093 5158 5159
f 5095 5094 5160
f 5094 5159 5160
f 5096 5095 5161
f 5095 5160 5161
f 5097 5096 5162
f 5096 5161 5162
f 5098 5097 5163
f 5097 5162 5163
f 5099 5098 5164
f 5098 5163 5164
f 5101 5100 5166
f 5100 5165 5166
f 5102 5101 5167
f 5101 5166 5167
f 5103 5102 5168
f 5102 5167 5168
f 5104 5103 5169
f 5103 5168 5169
f 5105 5104 5170
f 5104 5169 5170
f 5106 5105 5171
f 5105 5170 5171
f 5107 5106 5172
f 5106 5171 5172
f 5108 5107 5173
f 5107 5172 5173
f 5109 5108 5174
f 5108 5173 5174
f 5110 5109 5175
f 5109 5174 5175
f 5111 5110 5176
f 5110 5175 5176
f 5112 5111 5177
f 5111 5176 5177
f 5113 5112 5178
f 5112 5177 5178
f 5114 5113 5179
f 5113 5178 5179
f 5115 5114 5180
f 5114 5179 5180
f 5116 5115 5181
f 5115 5180 5181
f 5117 5116 5182
f 5116 5181 5182
f 5118 5117 5183
f 5117 5182 5183
f 5119 5118 5184
f 5118 5183 5184
f 5120 5119 5185
f 5119 5184 5185
f 5121 5120 5186
f 5120 5185 5186
f 5122 5121 5187
f 5121 5186 5187
f 5123 5122 5188
f 5122 5187 5188
f 5124 5123 5189
f 5123 5188 5189
f 5125 5124 5190
f 5124 5189 5190
f 5126 5125 5191
f 5125 5190 5191
f 5127 5126 5192
f 5126 5191 5192
f 5128 5127 5193
f 5127 5192 5193
f 5129 5128 5194
f 5128 5193 5194
f 5130 5129 5195
f 5129 5194 5195
f 5131 5130 5196
f 5130 5195 5196
f 5132 5131 5197
f 5131 5196 5197
f 5133 5132 5198
f 5132 5197 5198
f 5134 5133 5199
f 5133 5198 5199
f 5135 5134 5200
f 5134 5199 5200
f 5136 5135 5201
f 5135 5200 5201
f 5137 5136 5202
f 5136 5201 5202
f 5138 5137 5203
f 5137 5202 5203
f 5139 5138 5204
f 5138 5203 5204
f 5140 5139 5205
f 5139 5204 5205
f 5141 5140 5206
f 5140 5205 5206
f 5142 5141 5207
f 5141 5206 5207
f 5143 5142 5208
f 5142 5207 5208
f 5144 5143 5209
f 5143 5208 5209
f 5145 5144 5210
f 5144 5209 5210
f 5146 5145 5211
f 5145 5210 5211
f 5147 5146 5212
f 5146 5211 5212
f 5148 5147 5213
f 5147 5212 5213
f 5149 5148 5214
f 5148 5213 5214
f 5150 5149 5215
f 5149 5214 5215
f 5151 5150 5216
f 5150 5215 5216
f 5152 5151 5217
f 5151 5216 5217
f 5153 5152 5218
f 5152 5217 5218
f 5154 5153 5219
f 5153 5218 5219
f 5155 5154 5220
f 5154 5219 5220
f 5156 5155 5221
f 5155 5220 5221
f 5157 5156 5222
f 5156 5221 5222
f 5158 5157 5223
f 5157 5222 5223
f 5159 5158 5224
f 5158 5223 5224
f 5160 5159 5225
f 5159 5224 5225
f 5161 5160 5226
f 5160 5225 5226
f 5162 5161 5227
f 5161 5226 5227
f 5163 5162 5228
f 5162 5227 5228
f 5164 5163 5229
f 5163 5228 5229
f 5166 5165 5231
f 5165 5230 5231
f 5167 5166 5232
f 5166 5231 5232
f 5168 5167 5233
f 5167 5232 5233
f 5169 5168 5234
f 5168 5233 5234
f 5170 5169 5235
f 5169 5234 5235
f 5171 5170 5236
f 5170 5235 5236
f 5172 5171 5237
f 5171 5236 5237
f 5173 5172 5238
f 5172 5237 5238
f 5174 5173 5239
f 5173 5238 5239
f 5175 5174 5240
f 5174 5239 5240
f 5176 5175 5241
f 5175 5240 5241
f 5177 5176 5242
f 5176 5241 5242
f 5178 5177 5243
f 5177 5242 5243
f 5179 5178 5244
f 5178 5243 5244
f 5180 5179 5245
f 5179 5244 5245
f 5181 5180 5246
f 5180 5245 5246
f 5182 5181 5247
f 5181 5246 5247
f 5183 5182 5248
f 5182 5247 5248
f 5184 5183 5249
f 5183 5248 5249
f 5185 5184 5250
f 5184 5249 5250
f 5186 5185 5251
f 5185 5250 5251
f 5187 5186 5252
f 5186 5251 5252
f 5188 5187 5253
f 5187 5252 5253
f 5189 5188 5254
f 5188 5253 5254
f 5190 5189 5255
f 5189 5254 5255
f 5191 5190 5256
f 5190 5255 5256
f 5192 5191 5257
f 5191 5256 5257
f 5193 5192 5258
f 5192 5257 5258
f 5194 5193 5259
f 5193 5258 5259
f 5195 5194 5260
f 5194 5259 5260
f 5196 5195 5261
f 5195 5260 5261
f 5197 5196 5262
f 5196 5261 5262
f 5198 5197 5263
f 5197 5262 5263
f 5199 5198 5264
f 5198 5263 5264
f 5200 5199 5265
f 5199 5264 5265
f 5201 5200 5266
f 5200 5265 5266
f 5202 5201 5267
f 5201 5266 5267
f 5203 5202 5268
f 5202 5267 5268
f 5204 5203 5269
f 5203 5268 5269
f 5205 5204 5270
f 5204 5269 5270
f 5206 5205 5271
f 5205 5270 5271
f 5207 5206 5272
f 5206 5271 5272
f 5208 5207 5273
f 5207 5272 5273
f 5209 5208 5274
f 5208 5273 5274
f 5210 5209 5275
f 5209 5274 5275
f 5211 5210 5276
f 5210 5275 5276
f 5212 5211 5277
f 5211 5276 5277
f 5213 5212 5278
f 5212 5277 5278
f 5214 5213 5279
f 5213 5278 5279
f 5215 5214 5280
f 5214 5279 5280
f 5216 5215 5281
f 5215 5280 5281
f 5217 5216 5282
f 5216 5281 5282
f 5218 5217 5283
f 5217 5282 5283
f 5219 5218 5284
f 5218 5283 5284
f 5220 5219 5285
f 5219 5284 5285
f 5221 5220 5286
f 5220 5285 5286
f 5222 5221 5287
f 5221 5286 5287
f 5223 5222 5288
f 5222 5287 5288
f 5224 5223 5289
f 5223 5288 5289
f 5225 5224 5290
f 5224 5289 5290
f 5226 5225 5291
f 5225 5290 5291
f 5227 5226 5292
f 5226 5291 5292
f 5228 5227 5293
f 5227 5292 5293
f 5229 5228 5294
f 5228 5293 5294
f 5231 5230 5296
f 5230 5295 5296
f 5232 5231 5297
f 5231 5296 5297
f 5233 5232 5298
f 5232 5297 5298
f 5234 5233 5299
f 5233 5298 5299
f 5235 5234 5300
f 5234 5299 5300
f 5236 5235 5301
f 5235 5300 5301
f 5237 5236 5302
f 5236 5301 5302
f 5238 5237 5303
f 5237 5302 5303
f 5239 5238 5304
f 5238 5303 5304
f 5240 5239 5305
f 5239 5304 5305
f 5241 5240 5306
f 5240 5305 5306
f 5242 5241 5307
f 5241 5306 5307
f 5243 5242 5308
f 5242 5307 5308
f 5244 5243 5309
f 5243 5308 5309
f 5245 5244 5310
f 5244 5309 5310
f 5246 5245 5311
f 5245 5310 5311
f 5247 5246 5312
f 5246 5311 5312
f 5248 5247 5313
f 5247 5312 5313
f 5249 5248 5314
f 5248 5313 5314
f 5250 5249 5315
f 5249 5314 5315
f 5251 5250 5316
f 5250 5315 5316
f 5252 5251 5317
f 5251 5316 5317
f 5253 5252 5318
f 5252 5317 5318
f 5254 5253 5319
f 5253 5318 5319
f 5255 5254 5320
f 5254 5319 5320
f 5256 5255 5321
f 5255 5320 5321
f 5257 5256 5322
f 5256 5321 5322
f 5258 5257 5323
f 5257 5322 5323
f 5259 5258 5324
f 5258 5323 5324
f 5260 5259 5325
f 5259 5324 5325
f 5261 5260 5326
f 5260 5325 5326
f 5262 5261 5327
f 5261 5326 5327
f 5263 5262 5328
f 5262 5327 5328
f 5264 5263 5329
f 5263 5328 5329
f 5265 5264 5330
f 5264 5329 5330
f 5266 5265 5331
f 5265 5330 5331
f 5267 5266 5332
f 5266 5331 5332
f 5268 5267 5333
f 5267 5332 5333
f 5269 5268 5334
f 5268 5333 5334
f 5270 5269 5335
f 5269 5334 5335
f 5271 5270 5336
f 5270 5335 5336
f 5272 5271 5337
f 5271 5336 5337
f 5273 5272 5338
f 5272 5337 5338
f 5274 5273 5339
f 5273 5338 5339
f 5275 5274 5340
f 5274 5339 5340
f 5276 5275 5341
f 5275 5340 5341
f 5277 5276 5342
f 5276 5341 5342
f 5278 5277 5343
f 5277 5342 5343
f 5279 5278 5344
f 5278 5343 5344
f 5280 5279 5345
f 5279 5344 5345
f 5281 5280 5346
f 5280 5345 5346
f 5282 5281 5347
f 5281 5346 5347
f 5283 5282 5348
f 5282 5347 5348
f 5284 5283 5349
f 5283 5348 5349
f 5285 5284 5350
f 5284 5349 5350
f 5286 5285 5351
f 5285 5350 5351
f 5287 5286 5352
f 5286 5351 5352
f 5288 5287 5353
f 5287 5352 5353
f 5289 5288 5354
f 5288 5353 5354
f 5290 5289 5355
f 5289 5354 5355
f 5291 5290 5356
f 5290 5355 5356
f 5292 5291 5357
f 5291 5356 5357
f 5293 5292 5358
f 5292 5357 5358
f 5294 5293 5359
f 5293 5358 5359
f 5296 5295 5361
f 5295 5360 5361
f 5297 5296 5362
f 5296 5361 5362
f 5298 5297 5363
f 5297 5362 5363
f 5299 5298 5364
f 5298 5363 5364
f 5300 5299 5365
f 5299 5364 5365
f 5301 5300 5366
f 5300 5365 5366
f 5302 5301 5367
f 5301 5366 5367
f 5303 5302 5368
f 5302 5367 5368
f 5304 5303 5369
f 5303 5368 5369
f 5305 5304 5370
f 5304 5369 5370
f 5306 5305 5371
f 5305 5370 5371
f 5307 5306 5372
f 5306 5371 5372
f 5308 5307 5373
f 5307 5372 5373
f 5309 5308 5374
f 5308 5373 5374
f 5310 5309 5375
f 5309 5374 5375
f 5311 5310 5376
f 5310 5375 5376
f 5312 5311 5377
f 5311 5376 5377
f 5313 5312 5378
f 5312 5377 5378
f 5314 5313 5379
f 5313 5378 5379
f 5315 5314 5380
f 5314 5379 5380
f 5316 5315 5381
f 5315 5380 5381
f 5317 5316 5382
f 5316 5381 5382
f 5318 5317 5383
f 5317 5382 5383
f 5319 5318 5384
f 5318 5383 5384
f 5320 5319 5385
f 5319 5384 5385
f 5321 5320 5386
f 5320 5385 5386
f 5322 5321 5387
f 5321 5386 5387
f 5323 5322 5388
f 5322 5387 5388
f 5324 5323 5389
f 5323 5388 5389
f 5325 5324 5390
f 5324 5389 5390
f 5326 5325 5391
f 5325 5390 5391
f 5327 5326 5392
f 5326 5391 5392
f 5328 5327 5393
f 5327 5392 5393
f 5329 5328 5394
f 5328 5393 5394
f 5330 5329 5395
f 5329 5394 5395
f 5331 5330 5396
f 5330 5395 5396
f 5332 5331 5397
f 5331 5396 5397
f 5333 5332 5398
f 5332 5397 5398
f 5334 5333 5399
f 5333 5398 5399
f 5335 5334 5400
f 5334 5399 5400
f 5336 5335 5401
f 5335 5400 5401
f 5337 5336 5402
f 5336 5401 5402
f 5338 5337 5403
f 5337 5402 5403
f 5339 5338 5404
f 5338 5403 5404
f 5340 5339 5405
f 5339 5404 5405
f 5341 5340 5406
f 5340 5405 5406
f 5342 5341 5407
f 5341 5406 5407
f 5343 5342 5408
f 5342 5407 5408
f 5344 5343 5409
f 5343 5408 5409
f 5345 5344 5410
f 5344 5409 5410
f 5346 5345 5411
f 5345 5410 5411
f 5347 5346 5412
f 5346 5411 5412
f 5348 5347 5413
f 5347 5412 5413
f 5349 5348 5414
f 5348 5413 5414
f 5350 5349 5415
f 5349 5414 5415
f 5351 5350 5416
f 5350 5415 5416
f 5352 5351 5417
f 5351 5416 5417
f 5353 5352 5418
f 5352 5417 5418
f 5354 5353 5419
f 5353 5418 5419
f 5355 5354 5420
f 5354 5419 5420
f 5356 5355 5421
f 5355 5420 5421
f 5357 5356 5422
f 5356 5421 5422
f 5358 5357 5423
f 5357 5422 5423
f 5359 5358 5424
f 5358 5423 5424
f 5361 5360 5426
f 5360 5425 5426
f 5362 5361 5427
f 5361 5426 5427
f 5363 5362 5428
f 5362 5427 5428
f 5364 5363 5429
f 5363 5428 5429
f 5365 5364 5430
f 5364 5429 5430
f 5366 5365 5431
f 5365 5430 5431
f 5367 5366 5432
f 5366 5431 5432
f 5368 5367 5433
f 5367 5432 5433
f 5369 5368 5434
f 5368 5433 5434
f 5370 5369 5435
f 5369 5434 5435
f 5371 5370 5436
f 5370 5435 5436
f 5372 5371 5437
f 5371 5436 5437
f 5373 5372 5438
f 5372 5437 5438
f 5374 5373 5439
f 5373 5438 5439
f 5375 5374 5440
f 5374 5439 5440
f 5376 5375 5441
f 5375 5440 5441
f 5377 5376 5442
f 5376 5441 5442
f 5378 5377 5443
f 5377 5442 5443
f 5379 5378 5444
f 5378 5443 5444
f 5380 5379 5445
f 5379 5444 5445
f 5381 5380 5446
f 5380 5445 5446
f 5382 5381 5447
f 5381 5446 5447
f 5383 5382 5448
f 5382 5447 5448
f 5384 5383 5449
f 5383 5448 5449
f 5385 5384 5450
f 5384 5449 5450
f 5386 5385 5451
f 5385 5450 5451
f 5387 5386 5452
f 5386 5451 5452
f 5388 5387 5453
f 5387 5452 5453
f 5389 5388 5454
f 5388 5453 5454
f 5390 5389 5455
f 5389 5454 5455
f 5391 5390 5456
f 5390 5455 5456
f 5392 5391 5457
f 5391 5456 5457
f 5393 5392 5458
f 5392 5457 5458
f 5394 5393 5459
f 5393 5458 5459
f 5395 5394 5460
f 5394 5459 5460
f 5396 5395 5461
f 5395 5460 5461
f 5397 5396 5462
f 5396 5461 5462
f 5398 5397 5463
f 5397 5462 5463
f 5399 5398 5464
f 5398 5463 5464
f 5400 5399 5465
f 5399 5464 5465
f 5401 5400 5466
f 5400 5465 5466
f 5402 5401 5467
f 5401 5466 5467
f 5403 5402 5468
f 5402 5467 5468
f 5404 5403 5469
f 5403 5468 5469
f 5405 5404 5470
f 5404 5469 5470
f 5406 5405 5471
f 5405 5470 5471
f 5407 5406 5472
f 5406 5471 5472
f 5408 5407 5473
f 5407 5472 5473
f 5409 5408 5474
f 5408 5473 5474
f 5410 5409 5475
f 5409 5474 5475
f 5411 5410 5476
f 5410 5475 5476
f 5412 5411 5477
f 5411 5476 5477
f 5413 5412 5478
f 5412 5477 5478
f 5414 5413 5479
f 5413 5478 5479
f 5415 5414 5480
f 5414 5479 5480
f 5416 5415 5481
f 5415 5480 5481
f 5417 5416 5482
f 5416 5481 5482
f 5418 5417 5483
f 5417 5482 5483
f 5419 5418 5484
f 5418 5483 5484
f 5420 5419 5485
f 5419 5484 5485
f 5421 5420 5486
f 5420 5485 5486
f 5422 5421 5487
f 5421 5486 5487
f 5423 5422 5488
f 5422 5487 5488
f 5424 5423 5489
f 5423 5488 5489
f 5426 5425 5491
f 5425 5490 5491
f 5427 5426 5492
f 5426 5491 5492
f 5428 5427 5493
f 5427 5492 5493
f 5429 5428 5494
f 5428 5493 5494
f 5430 5429 5495
f 5429 5494 5495
f 5431 5430 5496
f 5430 5495 5496
f 5432 5431 5497
f 5431 5496 5497
f 5433 5432 5498
f 5432 5497 5498
f 5434 5433 5499
f 5433 5498 5499
f 5435 5434 5500
f 5434 5499 5500
f 5436 5435 5501
f 5435 5500 5501
f 5437 5436 5502
f 5436 5501 5502
f 5438 5437 5503
f 5437 5502 5503
f 5439 5438 5504
f 5438 5503 5504
f 5440 5439 5505
f 5439 5504 5505
f 5441 5440 5506
f 5440 5505 5506
f 5442 5441 5507
f 5441 5506 5507
f 5443 5442 5508
f 5442 5507 5508
f 5444 5443 5509
f 5443 5508 5509
f 5445 5444 5510
f 5444 5509 5510
f 5446 5445 5511
f 5445 5510 5511
f 5447 5446 5512
f 5446 5511 5512
f 5448 5447 5513
f 5447 5512 5513
f 5449 5448 5514
f 5448 5513 5514
f 5450 5449 5515
f 5449 5514 5515
f 5451 5450 5516
f 5450 5515 5516
f 5452 5451 5517
f 5451 5516 5517
f 5453 5452 5518
f 5452 5517 5518
f 5454 5453 5519
f 5453 5518 5519
f 5455 5454 5520
f 5454 5519 5520
f 5456 5455 5521
f 5455 5520 5521
f 5457 5456 5522
f 5456 5521 5522
f 5458 5457 5523
f 5457 5522 5523
f 5459 5458 5524
f 5458 5523 5524
f 5460 5459 5525
f 5459 5524 5525
f 5461 5460 5526
f 5460 5525 5526
f 5462 5461 5527
f 5461 5526 5527
f 5463 5462 5528
f 5462 5527 5528
f 5464 5463 5529
f 5463 5528 5529
f 5465 5464 5530
f 5464 5529 5530
f 5466 5465 5531
f 5465 5530 5531
f 5467 5466 5532
f 5466 5531 5532
f 5468 5467 5533
f 5467 5532 5533
f 5469 5468 5534
f 5468 5533 5534
f 5470 5469 5535
f 5469 5534 5535
f 5471 5470 5536
f 5470 5535 5536
f 5472 5471 5537
f 5471 5536 5537
f 5473 5472 5538
f 5472 5537 5538
f 5474 5473 5539
f 5473 5538 5539
f 5475 5474 5540
f 5474 5539 5540
f 5476 5475 5541
f 5475 5540 5541
f 5477 5476 5542
f 5476 5541 5542
f 5478 5477 5543
f 5477 5542 5543
f 5479 5478 5544
f 5478 5543 5544
f 5480 5479 5545
f 5479 5544 5545
f 5481 5480 5546
f 5480 5545 5546
f 5482 5481 5547
f 5481 5546 5547
f 5483 5482 5548
f 5482 5547 5548
f 5484 5483 5549
f 5483 5548 5549
f 5485 5484 5550
f 5484 5549 5550
f 5486 5485 5551
f 5485 5550 5551
f 5487 5486 5552
f 5486 5551 5552
f 5488 5487 5553
f 5487 5552 5553
f 5489 5488 5554
f 5488 5553 5554
f 5491 5490 5556
f 5490 5555 5556
f 5492 5491 5557
f 5491 5556 5557
f 5493 5492 5558
f 5492 5557 5558
f 5494 5493 5559
f 5493 5558 5559
f 5495 5494 5560
f 5494 5559 5560
f 5496 5495 5561
f 5495 5560 5561
f 5497 5496 5562
f 5496 5561 5562
f 5498 5497 5563
f 5497 5562 5563
f 5499 5498 5564
f 5498 5563 5564
f 5500 5499 5565
f 5499 5564 5565
f 5501 5500 5566
f 5500 5565 5566
f 5502 5501 5567
f 5501 5566 5567
f 5503 5502 5568
f 5502 5567 5568
f 5504 5503 5569
f 5503 5568 5569
f 5505 5504 5570
f 5504 5569 5570
f 5506 5505 5571
f 5505 5570 5571
f 5507 5506 5572
f 5506 5571 5572
f 5508 5507 5573
f 5507 5572 5573
f 5509 5508 5574
f 5508 5573 5574
f 5510 5509 5575
f 5509 5574 5575
f 5511 5510 5576
f 5510 5575 5576
f 5512 5511 5577
f 5511 5576 5577
f 5513 5512 5578
f 5512 5577 5578
f 5514 5513 5579
f 5513 5578 5579
f 5515 5514 5580
f 5514 5579 5580
f 5516 5515 5581
f 5515 5580 5581
f 5517 5516 5582
f 5516 5581 5582
f 5518 5517 5583
f 5517 5582 5583
f 5519 5518 5584
f 5518 5583 5584
f 5520 5519 5585
f 5519 5584 5585
f 5521 5520 5586
f 5520 5585 5586
f 5522 5521 5587
f 5521 5586 5587
f 5523 5522 5588
f 5522 5587 5588
f 5524 5523 5589
f 5523 5588 5589
f 5525 5524 5590
f 5524 5589 5590
f 5526 5525 5591
f 5525 5590 5591
f 5527 5526 5592
f 5526 5591 5592
f 5528 5527 5593
f 5527 5592 5593
f 5529 5528 5594
f 5528 5593 5594
f 5530 5529 5595
f 5529 5594 5595
f 5531 5530 5596
f 5530 5595 5596
f 5532 5531 5597
f 5531 5596 5597
f 5533 5532 5598
f 5532 5597 5598
f 5534 5533 5599
f 5533 5598 5599
f 5535 5534 5600
f 5534 5599 5600
f 5536 5535 5601
f 5535 5600 5601
f 5537 5536 5602
f 5536 5601 5602
f 5538 5537 5603
f 5537 5602 5603
f 5539 5538 5604
f 5538 5603 5604
f 5540 5539 5605
f 5539 5604 5605
f 5541 5540 5606
f 5540 5605 5606
f 5542 5541 5607
f 5541 5606 5607
f 5543 5542 5608
f 5542 5607 5608
f 5544 5543 5609
f 5543 5608 5609
f 5545 5544 5610
f 5544 5609 5610
f 5546 5545 5611
f 5545 5610 5611
f 5547 5546 5612
f 5546 5611 5612
f 5548 5547 5613
f 5547 5612 5613
f 5549 5548 5614
f 5548 5613 5614
f 5550 5549 5615
f 5549 5614 5615
f 5551 5550 5616
f 5550 5615 5616
f 5552 5551 5617
f 5551 5616 5617
f 5553 5552 5618
f 5552 5617 5618
f 5554 5553 5619
f 5553 5618 5619
f 5556 5555 5621
f 5555 5620 5621
f 5557 5556 5622
f 5556 5621 5622
f 5558 5557 5623
f 5557 5622 5623
f 5559 5558 5624
f 5558 5623 5624
f 5560 5559 5625
f 5559 5624 5625
f 5561 5560 5626
f 5560 5625 5626
f 5562 5561 5627
f 5561 5626 5627
f 5563 5562 5628
f 5562 5627 5628
f 5564 5563 5629
f 5563 5628 5629
f 5565 5564 5630
f 5564 5629 5630
f 5566 5565 5631
f 5565 5630 5631
f 5567 5566 5632
f 5566 5631 5632
f 5568 5567 5633
f 5567 5632 5633
f 5569 5568 5634
f 5568 5633 5634
f 5570 5569 5635
f 5569 5634 5635
f 5571 5570 5636
f 5570 5635 5636
f 5572 5571 5637
f 5571 5636 5637
f 5573 5572 5638
f 5572 5637 5638
f 5574 5573 5639
f 5573 5638 5639
f 5575 5574 5640
f 5574 5639 5640
f 5576 5575 5641
f 5575 5640 5641
f 5577 5576 5642
f 5576 5641 5642
f 5578 5577 5643
f 5577 5642 5643
f 5579 5578 5644
f 5578 5643 5644
f 5580 5579 5645
f 5579 5644 5645
f 5581 5580 5646
f 5580 5645 5646
f 5582 5581 5647
f 5581 5646 5647
f 5583 5582 5648
f 5582 5647 5648
f 5584 5583 5649
f 5583 5648 5649
f 5585 5584 5650
f 5584 5649 5650
f 5586 5585 5651
f 5585 5650 5651
f 5587 5586 5652
f 5586 5651 5652
f 5588 5587 5653
f 5587 5652 5653
f 5589 5588 5654
f 5588 5653 5654
f 5590 5589 5655
f 5589 5654 5655
f 5591 5590 5656
f 5590 5655 5656
f 5592 5591 5657
f 5591 5656 5657
f 5593 5592 5658
f 5592 5657 5658
f 5594 5593 5659
f 5593 5658 5659
f 5595 5594 5660
f 5594 5659 5660
f 5596 5595 5661
f 5595 5660 5661
f 5597 5596 5662
f 5596 5661 5662
f 5598 5597 5663
f 5597 5662 5663
f 5599 5598 5664
f 5598 5663 5664
f 5600 5599 5665
f 5599 5664 5665
f 5601 5600 5666
f 5600 5665 5666
f 5602 5601 5667
f 5601 5666 5667
f 5603 5602 5668
f 5602 5667 5668
f 5604 5603 5669
f 5603 5668 5669
f 5605 5604 5670
f 5604 5669 5670
f 5606 5605 5671
f 5605 5670 5671
f 5607 5606 5672
f 5606 5671 5672
f 5608 5607 5673
f 5607 5672 5673
f 5609 5608 5674
f 5608 5673 5674
f 5610 5609 5675
f 5609 5674 5675
f 5611 5610 5676
f 5610 5675 5676
f 5612 5611 5677
f 5611 5676 5677
f 5613 5612 5678
f 5612 5677 5678
f 5614 5613 5679
f 5613 5678 5679
f 5615 5614 5680
f 5614 5679 5680
f 5616 5615 5681
f 5615 5680 5681
f 5617 5616 5682
f 5616 5681 5682
f 5618 5617 5683
f 5617 5682 5683
f 5619 5618 5684
f 5618 5683 5684
f 5621 5620 5686
f 5620 5685 5686
f 5622 5621 5687
f 5621 5686 5687
f 5623 5622 5688
f 5622 5687 5688
f 5624 5623 5689
f 5623 5688 5689
f 5625 5624 5690
f 5624 5689 5690
f 5626 5625 5691
f 5625 5690 5691
f 5627 5626 5692
f 5626 5691 5692
f 5628 5627 5693
f 5627 5692 5693
f 5629 5628 5694
f 5628 5693 5694
f 5630 5629 5695
f 5629 5694 5695
f 5631 5630 5696
f 5630 5695 5696
f 5632 5631 5697
f 5631 5696 5697
f 5633 5632 5698
f 5632 5697 5698
f 5634 5633 5699
f 5633 5698 5699
f 5635 5634 5700
f 5634 5699 5700
f 5636 5635 5701
f 5635 5700 5701
f 5637 5636 5702
f 5636 5701 5702
f 5638 5637 5703
f 5637 5702 5703
f 5639 5638 5704
f 5638 5703 5704
f 5640 5639 5705
f 5639 5704 5705
f 5641 5640 5706
f 5640 5705 5706
f 5642 5641 5707
f 5641 5706 5707
f 5643 5642 5708
f 5642 5707 5708
f 5644 5643 5709
f 5643 5708 5709
f 5645 5644 5710
f 5644 5709 5710
f 5646 5645 5711
f 5645 5710 5711
f 5647 5646 5712
f 5646 5711 5712
f 5648 5647 5713
f 5647 5712 5713
f 5649 5648 5714
f 5648 5713 5714
f 5650 5649 5715
f 5649 5714 5715
f 5651 5650 5716
f 5650 5715 5716
f 5652 5651 5717
f 5651 5716 5717
f 5653 5652 5718
f 5652 5717 5718
f 5654 5653 5719
f 5653 5718 5719
f 5655 5654 5720
f 5654 5719 5720
f 5656 5655 5721
f 5655 5720 5721
f 5657 5656 5722
f 5656 5721 5722
f 5658 5657 5723
f 5657 5722 5723
f 5659 5658 5724
f 5658 5723 5724
f 5660 5659 5725
f 5659 5724 5725
f 5661 5660 5726
f 5660 5725 5726
f 5662 5661 5727
f 5661 5726 5727
f 5663 5662 5728
f 5662 5727 5728
f 5664 5663 5729
f 5663 5728 5729
f 5665 5664 5730
f 5664 5729 5730
f 5666 5665 5731
f 5665 5730 5731
f 5667 5666 5732
f 5666 5731 5732
f 5668 5667 5733
f 5667 5732 5733
f 5669 5668 5734
f 5668 5733 5734
f 5670 5669 5735
f 5669 5734 5735
f 5671 5670 5736
f 5670 5735 5736
f 5672 5671 5737
f 5671 5736 5737
f 5673 5672 5738
f 5672 5737 5738
f 5674 5673 5739
f 5673 5738 5739
f 5675 5674 5740
f 5674 5739 5740
f 5676 5675 5741
f 5675 5740 5741
f 5677 5676 5742
f 5676 5741 5742
f 5678 5677 5743
f 5677 5742 5743
f 5679 5678 5744
f 5678 5743 5744
f 5680 5679 5745
f 5679 5744 5745
f 5681 5680 5746
f 5680 5745 5746
f 5682 5681 5747
f 5681 5746 5747
f 5683 5682 5748
f 5682 5747 5748
f 5684 5683 5749
f 5683 5748 5749
f 5686 5685 5751
f 5685 5750 5751
f 5687 5686 5752
f 5686 5751 5752
f 5688 5687 5753
f 5687 5752 5753
f 5689 5688 5754
f 5688 5753 5754
f 5690 5689 5755
f 5689 5754 5755
f 5691 5690 5756
f 5690 5755 5756
f 5692 5691 5757
f 5691 5756 5757
f 5693 5692 5758
f 5692 5757 5758
f 5694 5693 5759
f 5693 5758 5759
f 5695 5694 5760
f 5694 5759 5760
f 5696 5695 5761
f 5695 5760 5761
f 5697 5696 5762
f 5696 5761 5762
f 5698 5697 5763
f 5697 5762 5763
f 5699 5698 5764
f 5698 5763 5764
f 5700 5699 5765
f 5699 5764 5765
f 5701 5700 5766
f 5700 5765 5766
f 5702 5701 5767
f 5701 5766 5767
f 5703 5702 5768
f 5702 5767 5768
f 5704 5703 5769
f 5703 5768 5769
f 5705 5704 5770
f 5704 5769 5770
f 5706 5705 5771
f 5705 5770 5771
f 5707 5706 5772
f 5706 5771 5772
f 5708 5707 5773
f 5707 5772 5773
f 5709 5708 5774
f 5708 5773 5774
f 5710 5709 5775
f 5709 5774 5775
f 5711 5710 5776
f 5710 5775 5776
f 5712 5711 5777
f 5711 5776 5777
f 5713 5712 5778
f 5712 5777 5778
f 5714 5713 5779
f 5713 5778 5779
f 5715 5714 5780
f 5714 5779 5780
f 5716 5715 5781
f 5715 5780 5781
f 5717 5716 5782
f 5716 5781 5782
f 5718 5717 5783
f 5717 5782 5783
f 5719 5718 5784
f 5718 5783 5784
f 5720 5719 5785
f 5719 5784 5785
f 5721 5720 5786
f 5720 5785 5786
f 5722 5721 5787
f 5721 5786 5787
f 5723 5722 5788
f 5722 5787 5788
f 5724 5723 5789
f 5723 5788 5789
f 5725 5724 5790
f 5724 5789 5790
f 5726 5725 5791
f 5725 5790 5791
f 5727 5726 5792
f 5726 5791 5792
f 5728 5727 5793
f 5727 5792 5793
f 5729 5728 5794
f 5728 5793 5794
f 5730 5729 5795
f 5729 5794 5795
f 5731 5730 5796
f 5730 5795 5796
f 5732 5731 5797
f 5731 5796 5797
f 5733 5732 5798
f 5732 5797 5798
f 5734 5733 5799
f 5733 5798 5799
f 5735 5734 5800
f 5734 5799 5800
f 5736 5735 5801
f 5735 5800 5801
f 5737 5736 5802
f 5736 5801 5802
f 5738 5737 5803
f 5737 5802 5803
f 5739 5738 5804
f 5738 5803 5804
f 5740 5739 5805
f 5739 5804 5805
f 5741 5740 5806
f 5740 5805 5806
f 5742 5741 5807
f 5741 5806 5807
f 5743 5742 5808
f 5742 5807 5808
f 5744 5743 5809
f 5743 5808 5809
f 5745 5744 5810
f 5744 5809 5810
f 5746 5745 5811
f 5745 5810 5811
f 5747 5746 5812
f 5746 5811 5812
f 5748 5747 5813
f 5747 5812 5813
f 5749 5748 5814
f 5748 5813 5814
f 5751 5750 5816
f 5750 5815 5816
f 5752 5751 5817
f 5751 5816 5817
f 5753 5752 5818
f 5752 5817 5818
f 5754 5753 5819
f 5753 5818 5819
f 5755 5754 5820
f 5754 5819 5820
f 5756 5755 5821
f 5755 5820 5821
f 5757 5756 5822
f 5756 5821 5822
f 5758 5757 5823
f 5757 5822 5823
f 5759 5758 5824
f 5758 5823 5824
f 5760 5759 5825
f 5759 5824 5825
f 5761 5760 5826
f 5760 5825 5826
f 5762 5761 5827
f 5761 5826 5827
f 5763 5762 5828
f 5762 5827 5828
f 5764 5763 5829
f 5763 5828 5829
f 5765 5764 5830
f 5764 5829 5830
f 5766 5765 5831
f 5765 5830 5831
f 5767 5766 5832
f 5766 5831 5832
f 5768 5767 5833
f 5767 5832 5833
f 5769 5768 5834
f 5768 5833 5834
f 5770 5769 5835
f 5769 5834 5835
f 5771 5770 5836
f 5770 5835 5836
f 5772 5771 5837
f 5771 5836 5837
f 5773 5772 5838
f 5772 5837 5838
f 5774 5773 5839
f 5773 5838 5839
f 5775 5774 5840
f 5774 5839 5840
f 5776 5775 5841
f 5775 5840 5841
f 5777 5776 5842
f 5776 5841 5842
f 5778 5777 5843
f 5777 5842 5843
f 5779 5778 5844
f 5778 5843 5844
f 5780 5779 5845
f 5779 5844 5845
f 5781 5780 5846
f 5780 5845 5846
f 5782 5781 5847
f 5781 5846 5847
f 5783 5782 5848
f 5782 5847 5848
f 5784 5783 5849
f 5783 5848 5849
f 5785 5784 5850
f 5784 5849 5850
f 5786 5785 5851
f 5785 5850 5851
f 5787 5786 5852
f 5786 5851 5852
f 5788 5787 5853
f 5787 5852 5853
f 5789 5788 5854
f 5788 5853 5854
f 5790 5789 5855
f 5789 5854 5855
f 5791 5790 5856
f 5790 5855 5856
f 5792 5791 5857
f 5791 5856 5857
f 5793 5792 5858
f 5792 5857 5858
f 5794 5793 5859
f 5793 5858 5859
f 5795 5794 5860
f 5794 5859 5860
f 5796 5795 5861
f 5795 5860 5861
f 5797 5796 5862
f 5796 5861 5862
f 5798 5797 5863
f 5797 5862 5863
f 5799 5798 5864
f 5798 5863 5864
f 5800 5799 5865
f 5799 5864 5865
f 5801 5800 5866
f 5800 5865 5866
f 5802 5801 5867
f 5801 5866 5867
f 5803 5802 5868
f 5802 5867 5868
f 5804 5803 5869
f 5803 5868 5869
f 5805 5804 5870
f 5804 5869 5870
f 5806 5805 5871
f 5805 5870 5871
f 5807 5806 5872
f 5806 5871 5872
f 5808 5807 5873
f 5807 5872 5873
f 5809 5808 5874
f 5808 5873 5874
f 5810 5809 5875
f 5809 5874 5875
f 5811 5810 5876
f 5810 5875 5876
f 5812 5811 5877
f 5811 5876 5877
f 5813 5812 5878
f 5812 5877 5878
f 5814 5813 5879
f 5813 5878 5879
f 5816 5815 5881
f 5815 5880 5881
f 5817 5816 5882
f 5816 5881 5882
f 5818 5817 5883
f 5817 5882 5883
f 5819 5818 5884
f 5818 5883 5884
f 5820 5819 5885
f 5819 5884 5885
f 5821 5820 5886
f 5820 5885 5886
f 5822 5821 5887
f 5821 5886 5887
f 5823 5822 5888
f 5822 5887 5888
f 5824 5823 5889
f 5823 5888 5889
f 5825 5824 5890
f 5824 5889 5890
f 5826 5825 5891
f 5825 5890 5891
f 5827 5826 5892
f 5826 5891 5892
f 5828 5827 5893
f 5827 5892 5893
f 5829 5828 5894
f 5828 5893 5894
f 5830 5829 5895
f 5829 5894 5895
f 5831 5830 5896
f 5830 5895 5896
f 5832 5831 5897
f 5831 5896 5897
f 5833 5832 5898
f 5832 5897 5898
f 5834 5833 5899
f 5833 5898 5899
f 5835 5834 5900
f 5834 5899 5900
f 5836 5835 5901
f 5835 5900 5901
f 5837 5836 5902
f 5836 5901 5902
f 5838 5837 5903
f 5837 5902 5903
f 5839 5838 5904
f 5838 5903 5904
f 5840 5839 5905
f 5839 5904 5905
f 5841 5840 5906
f 5840 5905 5906
f 5842 5841 5907
f 5841 5906 5907
f 5843 5842 5908
f 5842 5907 5908
f 5844 5843 5909
f 5843 5908 5909
f 5845 5844 5910
f 5844 5909 5910
f 5846 5845 5911
f 5845 5910 5911
f 5847 5846 5912
f 5846 5911 5912
f 5848 5847 5913
f 5847 5912 5913
f 5849 5848 5914
f 5848 5913 5914
f 5850 5849 5915
f 5849 5914 5915
f 5851 5850 5916
f 5850 5915 5916
f 5852 5851 5917
f 5851 5916 5917
f 5853 5852 5918
f 5852 5917 5918
f 5854 5853 5919
f 5853 5918 5919
f 5855 5854 5920
f 5854 5919 5920
f 5856 5855 5921
f 5855 5920 5921
f 5857 5856 5922
f 5856 5921 5922
f 5858 5857 5923
f 5857 5922 5923
f 5859 5858 5924
f 5858 5923 5924
f 5860 5859 5925
f 5859 5924 5925
f 5861 5860 5926
f 5860 5925 5926
f 5862 5861 5927
f 5861 5926 5927
f 5863 5862 5928
f 5862 5927 5928
f 5864 5863 5929
f 5863 5928 5929
f 5865 5864 5930
f 5864 5929 5930
f 5866 5865 5931
f 5865 5930 5931
f 5867 5866 5932
f 5866 5931 5932
f 5868 5867 5933
f 5867 5932 5933
f 5869 5868 5934
f 5868 5933 5934
f 5870 5869 5935
f 5869 5934 5935
f 5871 5870 5936
f 5870 5935 5936
f 5872 5871 5937
f 5871 5936 5937
f 5873 5872 5938
f 5872 5937 5938
f 5874 5873 5939
f 5873 5938 5939
f 5875 5874 5940
f 5874 5939 5940
f 5876 5875 5941
f 5875 5940 5941
f 5877 5876 5942
f 5876 5941 5942
f 5878 5877 5943
f 5877 5942 5943
f 5879 5878 5944
f 5878 5943 5944
f 5881 5880 5946
f 5880 5945 5946
f 5882 5881 5947
f 5881 5946 5947
f 5883 5882 5948
f 5882 5947 5948
f 5884 5883 5949
f 5883 5948 5949
f 5885 5884 5950
f 5884 5949 5950
f 5886 5885 5951
f 5885 5950 5951
f 5887 5886 5952
f 5886 5951 5952
f 5888 5887 5953
f 5887 5952 5953
f 5889 5888 5954
f 5888 5953 5954
f 5890 5889 5955
f 5889 5954 5955
f 5891 5890 5956
f 5890 5955 5956
f 5892 5891 5957
f 5891 5956 5957
f 5893 5892 5958
f 5892 5957 5958
f 5894 5893 5959
f 5893 5958 5959
f 5895 5894 5960
f 5894 5959 5960
f 5896 5895 5961
f 5895 5960 5961
f 5897 5896 5962
f 5896 5961 5962
f 5898 5897 5963
f 5897 5962 5963
f 5899 5898 5964
f 5898 5963 5964
f 5900 5899 5965
f 5899 5964 5965
f 5901 5900 5966
f 5900 5965 5966
f 5902 5901 5967
f 5901 5966 5967
f 5903 5902 5968
f 5902 5967 5968
f 5904 5903 5969
f 5903 5968 5969
f 5905 5904 5970
f 5904 5969 5970
f 5906 5905 5971
f 5905 5970 5971
f 5907 5906 5972
f 5906 5971 5972
f 5908 5907 5973
f 5907 5972 5973
f 5909 5908 5974
f 5908 5973 5974
f 5910 5909 5975
f 5909 5974 5975
f 5911 5910 5976
f 5910 5975 5976
f 5912 5911 5977
f 5911 5976 5977
f 5913 5912 5978
f 5912 5977 5978
f 5914 5913 5979
f 5913 5978 5979
f 5915 5914 5980
f 5914 5979 5980
f 5916 5915 5981
f 5915 5980 5981
f 5917 5916 5982
f 5916 5981 5982
f 5918 5917 5983
f 5917 5982 5983
f 5919 5918 5984
f 5918 5983 5984
f 5920 5919 5985
f 5919 5984 5985
f 5921 5920 5986
f 5920 5985 5986
f 5922 5921 5987
f 5921 5986 5987
f 5923 5922 5988
f 5922 5987 5988
f 5924 5923 5989
f 5923 5988 5989
f 5925 5924 5990
f 5924 5989 5990
f 5926 5925 5991
f 5925 5990 5991
f 5927 5926 5992
f 5926 5991 5992
f 5928 5927 5993
f 5927 5992 5993
f 5929 5928 5994
f 5928 5993 5994
f 5930 5929 5995
f 5929 5994 5995
f 5931 5930 5996
f 5930 5995 5996
f 5932 5931 5997
f 5931 5996 5997
f 5933 5932 5998
f 5932 5997 5998
f 5934 5933 5999
f 5933 5998 5999
f 5935 5934 6000
f 5934 5999 6000
f 5936 5935 6001
f 5935 6000 6001
f 5937 5936 6002
f 5936 6001 6002
f 5938 5937 6003
f 5937 6002 6003
f 5939 5938 6004
f 5938 6003 6004
f 5940 5939 6005
f 5939 6004 6005
f 5941 5940 6006
f 5940 6005 6006
f 5942 5941 6007
f 5941 6006 6007
f 5943 5942 6008
f 5942 6007 6008
f 5944 5943 6009
f 5943 6008 6009
f 5946 5945 6011
f 5945 6010 6011
f 5947 5946 6012
f 5946 6011 6012
f 5948 5947 6013
f 5947 6012 6013
f 5949 5948 6014
f 5948 6013 6014
f 5950 5949 6015
f 5949 6014 6015
f 5951 5950 6016
f 5950 6015 6016
f 5952 5951 6017
f 5951 6016 6017
f 5953 5952 6018
f 5952 6017 6018
f 5954 5953 6019
f 5953 6018 6019
f 5955 5954 6020
f 5954 6019 6020
f 5956 5955 6021
f 5955 6020 6021
f 5957 5956 6022
f 5956 6021 6022
f 5958 5957 6023
f 5957 6022 6023
f 5959 5958 6024
f 5958 6023 6024
f 5960 5959 6025
f 5959 6024 6025
f 5961 5960 6026
f 5960 6025 6026
f 5962 5961 6027
f 5961 6026 6027
f 5963 5962 6028
f 5962 6027 6028
f 5964 5963 6029
f 5963 6028 6029
f 5965 5964 6030
f 5964 6029 6030
f 5966 5965 6031
f 5965 6030 6031
f 5967 5966 6032
f 5966 6031 6032
f 5968 5967 6033
f 5967 6032 6033
f 5969 5968 6034
f 5968 6033 6034
f 5970 5969 6035
f 5969 6034 6035
f 5971 5970 6036
f 5970 6035 6036
f 5972 5971 6037
f 5971 6036 6037
f 5973 5972 6038
f 5972 6037 6038
f 5974 5973 6039
f 5973 6038 6039
f 5975 5974 6040
f 5974 6039 6040
f 5976 5975 6041
f 5975 6040 6041
f 5977 5976 6042
f 5976 6041 6042
f 5978 5977 6043
f 5977 6042 6043
f 5979 5978 6044
f 5978 6043 6044
f 5980 5979 6045
f 5979 6044 6045
f 5981 5980 6046
f 5980 6045 6046
f 5982 5981 6047
f 5981 6046 6047
f 5983 5982 6048
f 5982 6047 6048
f 5984 5983 6049
f 5983 6048 6049
f 5985 5984 6050
f 5984 6049 6050
f 5986 5985 6051
f 5985 6050 6051
f 5987 5986 6052
f 5986 6051 6052
f 5988 5987 6053
f 5987 6052 6053
f 5989 5988 6054
f 5988 6053 6054
f 5990 5989 6055
f 5989 6054 6055
f 5991 5990 6056
f 5990 6055 6056
f 5992 5991 6057
f 5991 6056 6057
f 5993 5992 6058
f 5992 6057 6058
f 5994 5993 6059
f 5993 6058 6059
f 5995 5994 6060
f 5994 6059 6060
f 5996 5995 6061
f 5995 6060 6061
f 5997 5996 6062
f 5996 6061 6062
f 5998 5997 6063
f 5997 6062 6063
f 5999 5998 6064
f 5998 6063 6064
f 6000 5999 6065
f 5999 6064 6065
f 6001 6000 6066
f 6000 6065 6066
f 6002 6001 6067
f 6001 6066 6067
f 6003 6002 6068
f 6002 6067 6068
f 6004 6003 6069
f 6003 6068 6069
f 6005 6004 6070
f 6004 6069 6070
f 6006 6005 6071
f 6005 6070 6071
f 6007 6006 6072
f 6006 6071 6072
f 6008 6007 6073
f 6007 6072 6073
f 6009 6008 6074
f 6008 6073 6074
f 6011 6010 6076
f 6010 6075 6076
f 6012 6011 6077
f 6011 6076 6077
f 6013 6012 6078
f 6012 6077 6078
f 6014 6013 6079
f 6013 6078 6079
f 6015 6014 6080
f 6014 6079 6080
f 6016 6015 6081
f 6015 6080 6081
f 6017 6016 6082
f 6016 6081 6082
f 6018 6017 6083
f 6017 6082 6083
f 6019 6018 6084
f 6018 6083 6084
f 6020 6019 6085
f 6019 6084 6085
f 6021 6020 6086
f 6020 6085 6086
f 6022 6021 6087
f 6021 6086 6087
f 6023 6022 6088
f 6022 6087 6088
f 6024 6023 6089
f 6023 6088 6089
f 6025 6024 6090
f 6024 6089 6090
f 6026 6025 6091
f 6025 6090 6091
f 6027 6026 6092
f 6026 6091 6092
f 6028 6027 6093
f 6027 6092 6093
f 6029 6028 6094
f 6028 6093 6094
f 6030 6029 6095
f 6029 6094 6095
f 6031 6030 6096
f 6030 6095 6096
f 6032 6031 6097
f 6031 6096 6097
f 6033 6032 6098
f 6032 6097 6098
f 6034 6033 6099
f 6033 6098 6099
f 6035 6034 6100
f 6034 6099 6100
f 6036 6035 6101
f 6035 6100 6101
f 6037 6036 6102
f 6036 6101 6102
f 6038 6037 6103
f 6037 6102 6103
f 6039 6038 6104
f 6038 6103 6104
f 6040 6039 6105
f 6039 6104 6105
f 6041 6040 6106
f 6040 6105 6106
f 6042 6041 6107
f 6041 6106 6107
f 6043 6042 6108
f 6042 6107 6108
f 6044 6043 6109
f 6043 6108 6109
f 6045 6044 6110
f 6044 6109 6110
f 6046 6045 6111
f 6045 6110 6111
f 6047 6046 6112
f 6046 6111 6112
f 6048 6047 6113
f 6047 6112 6113
f 6049 6048 6114
f 6048 6113 6114
f 6050 6049 6115
f 6049 6114 6115
f 6051 6050 6116
f 6050 6115 6116
f 6052 6051 6117
f 6051 6116 6117
f 6053 6052 6118
f 6052 6117 6118
f 6054 6053 6119
f 6053 6118 6119
f 6055 6054 6120
f 6054 6119 6120
f 6056 6055 6121
f 6055 6120 6121
f 6057 6056 6122
f 6056 6121 6122
f 6058 6057 6123
f 6057 6122 6123
f 6059 6058 6124
f 6058 6123 6124
f 6060 6059 6125
f 6059 6124 6125
f 6061 6060 6126
f 6060 6125 6126
f 6062 6061 6127
f 6061 6126 6127
f 6063 6062 6128
f 6062 6127 6128
f 6064 6063 6129
f 6063 6128 6129
f 6065 6064 6130
f 6064 6129 6130
f 6066 6065 6131
f 6065 6130 6131
f 6067 6066 6132
f 6066 6131 6132
f 6068 6067 6133
f 6067 6132 6133
f 6069 6068 6134
f 6068 6133 6134
f 6070 6069 6135
f 6069 6134 6135
f 6071 6070 6136
f 6070 6135 6136
f 6072 6071 6137
f 6071 6136 6137
f 6073 6072 6138
f 6072 6137 6138
f 6074 6073 6139
f 6073 6138 6139
f 6076 6075 6141
f 6075 6140 6141
f 6077 6076 6142
f 6076 6141 6142
f 6078 6077 6143
f 6077 6142 6143
f 6079 6078 6144
f 6078 6143 6144
f 6080 6079 6145
f 6079 6144 6145
f 6081 6080 6146
f 6080 6145 6146
f 6082 6081 6147
f 6081 6146 6147
f 6083 6082 6148
f 6082 6147 6148
f 6084 6083 6149
f 6083 6148 6149
f 6085 6084 6150
f 6084 6149 6150
f 6086 6085 6151
f 6085 6150 6151
f 6087 6086 6152
f 6086 6151 6152
f 6088 6087 6153
f 6087 6152 6153
f 6089 6088 6154
f 6088 6153 6154
f 6090 6089 6155
f 6089 6154 6155
f 6091 6090 6156
f 6090 6155 6156
f 6092 6091 6157
f 6091 6156 6157
f 6093 6092 6158
f 6092 6157 6158
f 6094 6093 6159
f 6093 6158 6159
f 6095 6094 6160
f 6094 6159 6160
f 6096 6095 6161
f 6095 6160 6161
f 6097 6096 6162
f 6096 6161 6162
f 6098 6097 6163
f 6097 6162 6163
f 6099 6098 6164
f 6098 6163 6164
f 6100 6099 6165
f 6099 6164 6165
f 6101 6100 6166
f 6100 6165 6166
f 6102 6101 6167
f 6101 6166 6167
f 6103 6102 6168
f 6102 6167 6168
f 6104 6103 6169
f 6103 6168 6169
f 6105 6104 6170
f 6104 6169 6170
f 6106 6105 6171
f 6105 6170 6171
f 6107 6106 6172
f 6106 6171 6172
f 6108 6107 6173
f 6107 6172 6173
f 6109 6108 6174
f 6108 6173 6174
f 6110 6109 6175
f 6109 6174 6175
f 6111 6110 6176
f 6110 6175 6176
f 6112 6111 6177
f 6111 6176 6177
f 6113 6112 6178
f 6112 6177 6178
f 6114 6113 6179
f 6113 6178 6179
f 6115 6114 6180
f 6114 6179 6180
f 6116 6115 6181
f 6115 6180 6181
f 6117 6116 6182
f 6116 6181 6182
f 6118 6117 6183
f 6117 6182 6183
f 6119 6118 6184
f 6118 6183 6184
f 6120 6119 6185
f 6119 6184 6185
f 6121 6120 6186
f 6120 6185 6186
f 6122 6121 6187
f 6121 6186 6187
f 6123 6122 6188
f 6122 6187 6188
f 6124 6123 6189
f 6123 6188 6189
f 6125 6124 6190
f 6124 6189 6190
f 6126 6125 6191
f 6125 6190 6191
f 6127 6126 6192
f 6126 6191 6192
f 6128 6127 6193
f 6127 6192 6193
f 6129 6128 6194
f 6128 6193 6194
f 6130 6129 6195
f 6129 6194 6195
f 6131 6130 6196
f 6130 6195 6196
f 6132 6131 6197
f 6131 6196 6197
f 6133 6132 6198
f 6132 6197 6198
f 6134 6133 6199
f 6133 6198 6199
f 6135 6134 6200
f 6134 6199 6200
f 6136 6135 6201
f 6135 6200 6201
f 6137 6136 6202
f 6136 6201 6202
f 6138 6137 6203
f 6137 6202 6203
f 6139 6138 6204
f 6138 6203 6204
f 6141 6140 6206
f 6140 6205 6206
f 6142 6141 6207
f 6141 6206 6207
f 6143 6142 6208
f 6142 6207 6208
f 6144 6143 6209
f 6143 6208 6209
f 6145 6144 6210
f 6144 6209 6210
f 6146 6145 6211
f 6145 6210 6211
f 6147 6146 6212
f 6146 6211 6212
f 6148 6147 6213
f 6147 6212 6213
f 6149 6148 6214
f 6148 6213 6214
f 6150 6149 6215
f 6149 6214 6215
f 6151 6150 6216
f 6150 6215 6216
f 6152 6151 6217
f 6151 6216 6217
f 6153 6152 6218
f 6152 6217 6218
f 6154 6153 6219
f 6153 6218 6219
f 6155 6154 6220
f 6154 6219 6220
f 6156 6155 6221
f 6155 6220 6221
f 6157 6156 6222
f 6156 6221 6222
f 6158 6157 6223
f 6157 6222 6223
f 6159 6158 6224
f 6158 6223 6224
f 6160 6159 6225
f 6159 6224 6225
f 6161 6160 6226
f 6160 6225 6226
f 6162 6161 6227
f 6161 6226 6227
f 6163 6162 6228
f 6162 6227 6228
f 6164 6163 6229
f 6163 6228 6229
f 6165 6164 6230
f 6164 6229 6230
f 6166 6165 6231
f 6165 6230 6231
f 6167 6166 6232
f 6166 6231 6232
f 6168 6167 6233
f 6167 6232 6233
f 6169 6168 6234
f 6168 6233 6234
f 6170 6169 6235
f 6169 6234 6235
f 6171 6170 6236
f 6170 6235 6236
f 6172 6171 6237
f 6171 6236 6237
f 6173 6172 6238
f 6172 6237 6238
f 6174 6173 6239
f 6173 6238 6239
f 6175 6174 6240
f 6174 6239 6240
f 6176 6175 6241
f 6175 6240 6241
f 6177 6176 6242
f 6176 6241 6242
f 6178 6177 6243
f 6177 6242 6243
f 6179 6178 6244
f 6178 6243 6244
f 6180 6179 6245
f 6179 6244 6245
f 6181 6180 6246
f 6180 6245 6246
f 6182 6181 6247
f 6181 6246 6247
f 6183 6182 6248
f 6182 6247 6248
f 6184 6183 6249
f 6183 6248 6249
f 6185 6184 6250
f 6184 6249 6250
f 6186 6185 6251
f 6185 6250 6251
f 6187 6186 6252
f 6186 6251 6252
f 6188 6187 6253
f 6187 6252 6253
f 6189 6188 6254
f 6188 6253 6254
f 6190 6189 6255
f 6189 6254 6255
f 6191 6190 6256
f 6190 6255 6256
f 6192 6191 6257
f 6191 6256 6257
f 6193 6192 6258
f 6192 6257 6258
f 6194 6193 6259
f 6193 6258 6259
f 6195 6194 6260
f 6194 6259 6260
f 6196 6195 6261
f 6195 6260 6261
f 6197 6196 6262
f 6196 6261 6262
f 6198 6197 6263
f 6197 6262 6263
f 6199 6198 6264
f 6198 6263 6264
f 6200 6199 6265
f 6199 6264 6265
f 6201 6200 6266
f 6200 6265 6266
f 6202 6201 6267
f 6201 6266 6267
f 6203 6202 6268
f 6202 6267 6268
f 6204 6203 6269
f 6203 6268 6269
f 6206 6205 6271
f 6205 6270 6271
f 6207 6206 6272
f 6206 6271 6272
f 6208 6207 6273
f 6207 6272 6273
f 6209 6208 6274
f 6208 6273 6274
f 6210 6209 6275
f 6209 6274 6275
f 6211 6210 6276
f 6210 6275 6276
f 6212 6211 6277
f 6211 6276 6277
f 6213 6212 6278
f 6212 6277 6278
f 6214 6213 6279
f 6213 6278 6279
f 6215 6214 6280
f 6214 6279 6280
f 6216 6215 6281
f 6215 6280 6281
f 6217 6216 6282
f 6216 6281 6282
f 6218 6217 6283
f 6217 6282 6283
f 6219 6218 6284
f 6218 6283 6284
f 6220 6219 6285
f 6219 6284 6285
f 6221 6220 6286
f 6220 6285 6286
f 6222 6221 6287
f 6221 6286 6287
f 6223 6222 6288
f 6222 6287 6288
f 6224 6223 6289
f 6223 6288 6289
f 6225 6224 6290
f 6224 6289 6290
f 6226 6225 6291
f 6225 6290 6291
f 6227 6226 6292
f 6226 6291 6292
f 6228 6227 6293
f 6227 6292 6293
f 6229 6228 6294
f 6228 6293 6294
f 6230 6229 6295
f 6229 6294 6295
f 6231 6230 6296
f 6230 6295 6296
f 6232 6231 6297
f 6231 6296 6297
f 6233 6232 6298
f 6232 6297 6298
f 6234 6233 6299
f 6233 6298 6299
f 6235 6234 6300
f 6234 6299 6300
f 6236 6235 6301
f 6235 6300 6301
f 6237 6236 6302
f 6236 6301 6302
f 6238 6237 6303
f 6237 6302 6303
f 6239 6238 6304
f 6238 6303 6304
f 6240 6239 6305
f 6239 6304 6305
f 6241 6240 6306
f 6240 6305 6306
f 6242 6241 6307
f 6241 6306 6307
f 6243 6242 6308
f 6242 6307 6308
f 6244 6243 6309
f 6243 6308 6309
f 6245 6244 6310
f 6244 6309 6310
f 6246 6245 6311
f 6245 6310 6311
f 6247 6246 6312
f 6246 6311 6312
f 6248 6247 6313
f 6247 6312 6313
f 6249 6248 6314
f 6248 6313 6314
f 6250 6249 6315
f 6249 6314 6315
f 6251 6250 6316
f 6250 6315 6316
f 6252 6251 6317
f 6251 6316 6317
f 6253 6252 6318
f 6252 6317 6318
f 6254 6253 6319
f 6253 6318 6319
f 6255 6254 6320
f 6254 6319 6320
f 6256 6255 6321
f 6255 6320 6321
f 6257 6256 6322
f 6256 6321 6322
f 6258 6257 6323
f 6257 6322 6323
f 6259 6258 6324
f 6258 6323 6324
f 6260 6259 6325
f 6259 6324 6325
f 6261 6260 6326
f 6260 6325 6326
f 6262 6261 6327
f 6261 6326 6327
f 6263 6262 6328
f 6262 6327 6328
f 6264 6263 6329
f 6263 6328 6329
f 6265 6264 6330
f 6264 6329 6330
f 6266 6265 6331
f 6265 6330 6331
f 6267 6266 6332
f 6266 6331 6332
f 6268 6267 6333
f 6267 6332 6333
f 6269 6268 6334
f 6268 6333 6334
f 6271 6270 6336
f 6270 6335 6336
f 6272 6271 6337
f 6271 6336 6337
f 6273 6272 6338
f 6272 6337 6338
f 6274 6273 6339
f 6273 6338 6339
f 6275 6274 6340
f 6274 6339 6340
f 6276 6275 6341
f 6275 6340 6341
f 6277 6276 6342
f 6276 6341 6342
f 6278 6277 6343
f 6277 6342 6343
f 6279 6278 6344
f 6278 6343 6344
f 6280 6279 6345
f 6279 6344 6345
f 6281 6280 6346
f 6280 6345 6346
f 6282 6281 6347
f 6281 6346 6347
f 6283 6282 6348
f 6282 6347 6348
f 6284 6283 6349
f 6283 6348 6349
f 6285 6284 6350
f 6284 6349 6350
f 6286 6285 6351
f 6285 6350 6351
f 6287 6286 6352
f 6286 6351 6352
f 6288 6287 6353
f 6287 6352 6353
f 6289 6288 6354
f 6288 6353 6354
f 6290 6289 6355
f 6289 6354 6355
f 6291 6290 6356
f 6290 6355 6356
f 6292 6291 6357
f 6291 6356 6357
f 6293 6292 6358
f 6292 6357 6358
f 6294 6293 6359
f 6293 6358 6359
f 6295 6294 6360
f 6294 6359 6360
f 6296 6295 6361
f 6295 6360 6361
f 6297 6296 6362
f 6296 6361 6362
f 6298 6297 6363
f 6297 6362 6363
f 6299 6298 6364
f 6298 6363 6364
f 6300 6299 6365
f 6299 6364 6365
f 6301 6300 6366
f 6300 6365 6366
f 6302 6301 6367
f 6301 6366 6367
f 6303 6302 6368
f 6302 6367 6368
f 6304 6303 6369
f 6303 6368 6369
f 6305 6304 6370
f 6304 6369 6370
f 6306 6305 6371
f 6305 6370 6371
f 6307 6306 6372
f 6306 6371 6372
f 6308 6307 6373
f 6307 6372 6373
f 6309 6308 6374
f 6308 6373 6374
f 6310 6309 6375
f 6309 6374 6375
f 6311 6310 6376
f 6310 6375 6376
f 6312 6311 6377
f 6311 6376 6377
f 6313 6312 6378
f 6312 6377 6378
f 6314 6313 6379
f 6313 6378 6379
f 6315 6314 6380
f 6314 6379 6380
f 6316 6315 6381
f 6315 6380 6381
f 6317 6316 6382
f 6316 6381 6382
f 6318 6317 6383
f 6317 6382 6383
f 6319 6318 6384
f 6318 6383 6384
f 6320 6319 6385
f 6319 6384 6385
f 6321 6320 6386
f 6320 6385 6386
f 6322 6321 6387
f 6321 6386 6387
f 6323 6322 6388
f 6322 6387 6388
f 6324 6323 6389
f 6323 6388 6389
f 6325 6324 6390
f 6324 6389 6390
f 6326 6325 6391
f 6325 6390 6391
f 6327 6326 6392
f 6326 6391 6392
f 6328 6327 6393
f 6327 6392 6393
f 6329 6328 6394
f 6328 6393 6394
f 6330 6329 6395
f 6329 6394 6395
f 6331 6330 6396
f 6330 6395 6396
f 6332 6331 6397
f 6331 6396 6397
f 6333 6332 6398
f 6332 6397 6398
f 6334 6333 6399
f 6333 6398 6399
f 6336 6335 6401
f 6335 6400 6401
f 6337 6336 6402
f 6336 6401 6402
f 6338 6337 6403
f 6337 6402 6403
f 6339 6338 6404
f 6338 6403 6404
f 6340 6339 6405
f 6339 6404 6405
f 6341 6340 6406
f 6340 6405 6406
f 6342 6341 6407
f 6341 6406 6407
f 6343 6342 6408
f 6342 6407 6408
f 6344 6343 6409
f 6343 6408 6409
f 6345 6344 6410
f 6344 6409 6410
f 6346 6345 6411
f 6345 6410 6411
f 6347 6346 6412
f 6346 6411 6412
f 6348 6347 6413
f 6347 6412 6413
f 6349 6348 6414
f 6348 6413 6414
f 6350 6349 6415
f 6349 6414 6415
f 6351 6350 6416
f 6350 6415 6416
f 6352 6351 6417
f 6351 6416 6417
f 6353 6352 6418
f 6352 6417 6418
f 6354 6353 6419
f 6353 6418 6419
f 6355 6354 6420
f 6354 6419 6420
f 6356 6355 6421
f 6355 6420 6421
f 6357 6356 6422
f 6356 6421 6422
f 6358 6357 6423
f 6357 6422 6423
f 6359 6358 6424
f 6358 6423 6424
f 6360 6359 6425
f 6359 6424 6425
f 6361 6360 6426
f 6360 6425 6426
f 6362 6361 6427
f 6361 6426 6427
f 6363 6362 6428
f 6362 6427 6428
f 6364 6363 6429
f 6363 6428 6429
f 6365 6364 6430
f 6364 6429 6430
f 6366 6365 6431
f 6365 6430 6431
f 6367 6366 6432
f 6366 6431 6432
f 6368 6367 6433
f 6367 6432 6433
f 6369 6368 6434
f 6368 6433 6434
f 6370 6369 6435
f 6369 6434 6435
f 6371 6370 6436
f 6370 6435 6436
f 6372 6371 6437
f 6371 6436 6437
f 6373 6372 6438
f 6372 6437 6438
f 6374 6373 6439
f 6373 6438 6439
f 6375 6374 6440
f 6374 6439 6440
f 6376 6375 6441
f 6375 6440 6441
f 6377 6376 6442
f 6376 6441 6442
f 6378 6377 6443
f 6377 6442 6443
f 6379 6378 6444
f 6378 6443 6444
f 6380 6379 6445
f 6379 6444 6445
f 6381 6380 6446
f 6380 6445 6446
f 6382 6381 6447
f 6381 6446 6447
f 6383 6382 6448
f 6382 6447 6448
f 6384 6383 6449
f 6383 6448 6449
f 6385 6384 6450
f 6384 6449 6450
f 6386 6385 6451
f 6385 6450 6451
f 6387 6386 6452
f 6386 6451 6452
f 6388 6387 6453
f 6387 6452 6453
f 6389 6388 6454
f 6388 6453 6454
f 6390 6389 6455
f 6389 6454 6455
f 6391 6390 6456
f 6390 6455 6456
f 6392 6391 6457
f 6391 6456 6457
f 6393 6392 6458
f 6392 6457 6458
f 6394 6393 6459
f 6393 6458 6459
f 6395 6394 6460
f 6394 6459 6460
f 6396 6395 6461
f 6395 6460 6461
f 6397 6396 6462
f 6396 6461 6462
f 6398 6397 6463
f 6397 6462 6463
f 6399 6398 6464
f 6398 6463 6464
f 6401 6400 6466
f 6400 6465 6466
f 6402 6401 6467
f 6401 6466 6467
f 6403 6402 6468
f 6402 6467 6468
f 6404 6403 6469
f 6403 6468 6469
f 6405 6404 6470
f 6404 6469 6470
f 6406 6405 6471
f 6405 6470 6471
f 6407 6406 6472
f 6406 6471 6472
f 6408 6407 6473
f 6407 6472 6473
f 6409 6408 6474
f 6408 6473 6474
f 6410 6409 6475
f 6409 6474 6475
f 6411 6410 6476
f 6410 6475 6476
f 6412 6411 6477
f 6411 6476 6477
f 6413 6412 6478
f 6412 6477 6478
f 6414 6413 6479
f 6413 6478 6479
f 6415 6414 6480
f 6414 6479 6480
f 6416 6415 6481
f 6415 6480 6481
f 6417 6416 6482
f 6416 6481 6482
f 6418 6417 6483
f 6417 6482 6483
f 6419 6418 6484
f 6418 6483 6484
f 6420 6419 6485
f 6419 6484 6485
f 6421 6420 6486
f 6420 6485 6486
f 6422 6421 6487
f 6421 6486 6487
f 6423 6422 6488
f 6422 6487 6488
f 6424 6423 6489
f 6423 6488 6489
f 6425 6424 6490
f 6424 6489 6490
f 6426 6425 6491
f 6425 6490 6491
f 6427 6426 6492
f 6426 6491 6492
f 6428 6427 6493
f 6427 6492 6493
f 6429 6428 6494
f 6428 6493 6494
f 6430 6429 6495
f 6429 6494 6495
f 6431 6430 6496
f 6430 6495 6496
f 6432 6431 6497
f 6431 6496 6497
f 6433 6432 6498
f 6432 6497 6498
f 6434 6433 6499
f 6433 6498 6499
f 6435 6434 6500
f 6434 6499 6500
f 6436 6435 6501
f 6435 6500 6501
f 6437 6436 6502
f 6436 6501 6502
f 6438 6437 6503
f 6437 6502 6503
f 6439 6438 6504
f 6438 6503 6504
f 6440 6439 6505
f 6439 6504 6505
f 6441 6440 6506
f 6440 6505 6506
f 6442 6441 6507
f 6441 6506 6507
f 6443 6442 6508
f 6442 6507 6508
f 6444 6443 6509
f 6443 6508 6509
f 6445 6444 6510
f 6444 6509 6510
f 6446 6445 6511
f 6445 6510 6511
f 6447 6446 6512
f 6446 6511 6512
f 6448 6447 6513
f 6447 6512 6513
f 6449 6448 6514
f 6448 6513 6514
f 6450 6449 6515
f 6449 6514 6515
f 6451 6450 6516
f 6450 6515 6516
f 6452 6451 6517
f 6451 6516 6517
f 6453 6452 6518
f 6452 6517 6518
f 6454 6453 6519
f 6453 6518 6519
f 6455 6454 6520
f 6454 6519 6520
f 6456 6455 6521
f 6455 6520 6521
f 6457 6456 6522
f 6456 6521 6522
f 6458 6457 6523
f 6457 6522 6523
f 6459 6458 6524
f 6458 6523 6524
f 6460 6459 6525
f 6459 6524 6525
f 6461 6460 6526
f 6460 6525 6526
f 6462 6461 6527
f 6461 6526 6527
f 6463 6462 6528
f 6462 6527 6528
f 6464 6463 6529
f 6463 6528 6529
f 6466 6465 6531
f 6465 6530 6531
f 6467 6466 6532
f 6466 6531 6532
f 6468 6467 6533
f 6467 6532 6533
f 6469 6468 6534
f 6468 6533 6534
f 6470 6469 6535
f 6469 6534 6535
f 6471 6470 6536
f 6470 6535 6536
f 6472 6471 6537
f 6471 6536 6537
f 6473 6472 6538
f 6472 6537 6538
f 6474 6473 6539
f 6473 6538 6539
f 6475 6474 6540
f 6474 6539 6540
f 6476 6475 6541
f 6475 6540 6541
f 6477 6476 6542
f 6476 6541 6542
f 6478 6477 6543
f 6477 6542 6543
f 6479 6478 6544
f 6478 6543 6544
f 6480 6479 6545
f 6479 6544 6545
f 6481 6480 6546
f 6480 6545 6546
f 6482 6481 6547
f 6481 6546 6547
f 6483 6482 6548
f 6482 6547 6548
f 6484 6483 6549
f 6483 6548 6549
f 6485 6484 6550
f 6484 6549 6550
f 6486 6485 6551
f 6485 6550 6551
f 6487 6486 6552
f 6486 6551 6552
f 6488 6487 6553
f 6487 6552 6553
f 6489 6488 6554
f 6488 6553 6554
f 6490 6489 6555
f 6489 6554 6555
f 6491 6490 6556
f 6490 6555 6556
f 6492 6491 6557
f 6491 6556 6557
f 6493 6492 6558
f 6492 6557 6558
f 6494 6493 6559
f 6493 6558 6559
f 6495 6494 6560
f 6494 6559 6560
f 6496 6495 6561
f 6495 6560 6561
f 6497 6496 6562
f 6496 6561 6562
f 6498 6497 6563
f 6497 6562 6563
f 6499 6498 6564
f 6498 6563 6564
f 6500 6499 6565
f 6499 6564 6565
f 6501 6500 6566
f 6500 6565 6566
f 6502 6501 6567
f 6501 6566 6567
f 6503 6502 6568
f 6502 6567 6568
f 6504 6503 6569
f 6503 6568 6569
f 6505 6504 6570
f 6504 6569 6570
f 6506 6505 6571
f 6505 6570 6571
f 6507 6506 6572
f 6506 6571 6572
f 6508 6507 6573
f 6507 6572 6573
f 6509 6508 6574
f 6508 6573 6574
f 6510 6509 6575
f 6509 6574 6575
f 6511 6510 6576
f 6510 6575 6576
f 6512 6511 6577
f 6511 6576 6577
f 6513 6512 6578
f 6512 6577 6578
f 6514 6513 6579
f 6513 6578 6579
f 6515 6514 6580
f 6514 6579 6580
f 6516 6515 6581
f 6515 6580 6581
f 6517 6516 6582
f 6516 6581 6582
f 6518 6517 6583
f 6517 6582 6583
f 6519 6518 6584
f 6518 6583 6584
f 6520 6519 6585
f 6519 6584 6585
f 6521 6520 6586
f 6520 6585 6586
f 6522 6521 6587
f 6521 6586 6587
f 6523 6522 6588
f 6522 6587 6588
f 6524 6523 6589
f 6523 6588 6589
f 6525 6524 6590
f 6524 6589 6590
f 6526 6525 6591
f 6525 6590 6591
f 6527 6526 6592
f 6526 6591 6592
f 6528 6527 6593
f 6527 6592 6593
f 6529 6528 6594
f 6528 6593 6594
f 6531 6530 6596
f 6530 6595 6596
f 6532 6531 6597
f 6531 6596 6597
f 6533 6532 6598
f 6532 6597 6598
f 6534 6533 6599
f 6533 6598 6599
f 6535 6534 6600
f 6534 6599 6600
f 6536 6535 6601
f 6535 6600 6601
f 6537 6536 6602
f 6536 6601 6602
f 6538 6537 6603
f 6537 6602 6603
f 6539 6538 6604
f 6538 6603 6604
f 6540 6539 6605
f 6539 6604 6605
f 6541 6540 6606
f 6540 6605 6606
f 6542 6541 6607
f 6541 6606 6607
f 6543 6542 6608
f 6542 6607 6608
f 6544 6543 6609
f 6543 6608 6609
f 6545 6544 6610
f 6544 6609 6610
f 6546 6545 6611
f 6545 6610 6611
f 6547 6546 6612
f 6546 6611 6612
f 6548 6547 6613
f 6547 6612 6613
f 6549 6548 6614
f 6548 6613 6614
f 6550 6549 6615
f 6549 6614 6615
f 6551 6550 6616
f 6550 6615 6616
f 6552 6551 6617
f 6551 6616 6617
f 6553 6552 6618
f 6552 6617 6618
f 6554 6553 6619
f 6553 6618 6619
f 6555 6554 6620
f 6554 6619 6620
f 6556 6555 6621
f 6555 6620 6621
f 6557 6556 6622
f 6556 6621 6622
f 6558 6557 6623
f 6557 6622 6623
f 6559 6558 6624
f 6558 6623 6624
f 6560 6559 6625
f 6559 6624 6625
f 6561 6560 6626
f 6560 6625 6626
f 6562 6561 6627
f 6561 6626 6627
f 6563 6562 6628
f 6562 6627 6628
f 6564 6563 6629
f 6563 6628 6629
f 6565 6564 6630
f 6564 6629 6630
f 6566 6565 6631
f 6565 6630 6631
f 6567 6566 6632
f 6566 6631 6632
f 6568 6567 6633
f 6567 6632 6633
f 6569 6568 6634
f 6568 6633 6634
f 6570 6569 6635
f 6569 6634 6635
f 6571 6570 6636
f 6570 6635 6636
f 6572 6571 6637
f 6571 6636 6637
f 6573 6572 6638
f 6572 6637 6638
f 6574 6573 6639
f 6573 6638 6639
f 6575 6574 6640
f 6574 6639 6640
f 6576 6575 6641
f 6575 6640 6641
f 6577 6576 6642
f 6576 6641 6642
f 6578 6577 6643
f 6577 6642 6643
f 6579 6578 6644
f 6578 6643 6644
f 6580 6579 6645
f 6579 6644 6645
f 6581 6580 6646
f 6580 6645 6646
f 6582 6581 6647
f 6581 6646 6647
f 6583 6582 6648
f 6582 6647 6648
f 6584 6583 6649
f 6583 6648 6649
f 6585 6584 6650
f 6584 6649 6650
f 6586 6585 6651
f 6585 6650 6651
f 6587 6586 6652
f 6586 6651 6652
f 6588 6587 6653
f 6587 6652 6653
f 6589 6588 6654
f 6588 6653 6654
f 6590 6589 6655
f 6589 6654 6655
f 6591 6590 6656
f 6590 6655 6656
f 6592 6591 6657
f 6591 6656 6657
f 6593 6592 6658
f 6592 6657 6658
f 6594 6593 6659
f 6593 6658 6659
f 6596 6595 6661
f 6595 6660 6661
f 6597 6596 6662
f 6596 6661 6662
f 6598 6597 6663
f 6597 6662 6663
f 6599 6598 6664
f 6598 6663 6664
f 6600 6599 6665
f 6599 6664 6665
f 6601 6600 6666
f 6600 6665 6666
f 6602 6601 6667
f 6601 6666 6667
f 6603 6602 6668
f 6602 6667 6668
f 6604 6603 6669
f 6603 6668 6669
f 6605 6604 6670
f 6604 6669 6670
f 6606 6605 6671
f 6605 6670 6671
f 6607 6606 6672
f 6606 6671 6672
f 6608 6607 6673
f 6607 6672 6673
f 6609 6608 6674
f 6608 6673 6674
f 6610 6609 6675
f 6609 6674 6675
f 6611 6610 6676
f 6610 6675 6676
f 6612 6611 6677
f 6611 6676 6677
f 6613 6612 6678
f 6612 6677 6678
f 6614 6613 6679
f 6613 6678 6679
f 6615 6614 6680
f 6614 6679 6680
f 6616 6615 6681
f 6615 6680 6681
f 6617 6616 6682
f 6616 6681 6682
f 6618 6617 6683
f 6617 6682 6683
f 6619 6618 6684
f 6618 6683 6684
f 6620 6619 6685
f 6619 6684 6685
f 6621 6620 6686
f 6620 6685 6686
f 6622 6621 6687
f 6621 6686 6687
f 6623 6622 6688
f 6622 6687 6688
f 6624 6623 6689
f 6623 6688 6689
f 6625 6624 6690
f 6624 6689 6690
f 6626 6625 6691
f 6625 6690 6691
f 6627 6626 6692
f 6626 6691 6692
f 6628 6627 6693
f 6627 6692 6693
f 6629 6628 6694
f 6628 6693 6694
f 6630 6629 6695
f 6629 6694 6695
f 6631 6630 6696
f 6630 6695 6696
f 6632 6631 6697
f 6631 6696 6697
f 6633 6632 6698
f 6632 6697 6698
f 6634 6633 6699
f 6633 6698 6699
f 6635 6634 6700
f 6634 6699 6700
f 6636 6635 6701
f 6635 6700 6701
f 6637 6636 6702
f 6636 6701 6702
f 6638 6637 6703
f 6637 6702 6703
f 6639 6638 6704
f 6638 6703 6704
f 6640 6639 6705
f 6639 6704 6705
f 6641 6640 6706
f 6640 6705 6706
f 6642 6641 6707
f 6641 6706 6707
f 6643 6642 6708
f 6642 6707 6708
f 6644 6643 6709
f 6643 6708 6709
f 6645 6644 6710
f 6644 6709 6710
f 6646 6645 6711
f 6645 6710 6711
f 6647 6646 6712
f 6646 6711 6712
f 6648 6647 6713
f 6647 6712 6713
f 6649 6648 6714
f 6648 6713 6714
f 6650 6649 6715
f 6649 6714 6715
f 6651 6650 6716
f 6650 6715 6716
f 6652 6651 6717
f 6651 6716 6717
f 6653 6652 6718
f 6652 6717 6718
f 6654 6653 6719
f 6653 6718 6719
f 6655 6654 6720
f 6654 6719 6720
f 6656 6655 6721
f 6655 6720 6721
f 6657 6656 6722
f 6656 6721 6722
f 6658 6657 6723
f 6657 6722 6723
f 6659 6658 6724
f 6658 6723 6724
f 6661 6660 6726
f 6660 6725 6726
f 6662 6661 6727
f 6661 6726 6727
f 6663 6662 6728
f 6662 6727 6728
f 6664 6663 6729
f 6663 6728 6729
f 6665 6664 6730
f 6664 6729 6730
f 6666 6665 6731
f 6665 6730 6731
f 6667 6666 6732
f 6666 6731 6732
f 6668 6667 6733
f 6667 6732 6733
f 6669 6668 6734
f 6668 6733 6734
f 6670 6669 6735
f 6669 6734 6735
f 6671 6670 6736
f 6670 6735 6736
f 6672 6671 6737
f 6671 6736 6737
f 6673 6672 6738
f 6672 6737 6738
f 6674 6673 6739
f 6673 6738 6739
f 6675 6674 6740
f 6674 6739 6740
f 6676 6675 6741
f 6675 6740 6741
f 6677 6676 6742
f 6676 6741 6742
f 6678 6677 6743
f 6677 6742 6743
f 6679 6678 6744
f 6678 6743 6744
f 6680 6679 6745
f 6679 6744 6745
f 6681 6680 6746
f 6680 6745 6746
f 6682 6681 6747
f 6681 6746 6747
f 6683 6682 6748
f 6682 6747 6748
f 6684 6683 6749
f 6683 6748 6749
f 6685 6684 6750
f 6684 6749 6750
f 6686 6685 6751
f 6685 6750 6751
f 6687 6686 6752
f 6686 6751 6752
f 6688 6687 6753
f 6687 6752 6753
f 6689 6688 6754
f 6688 6753 6754
f 6690 6689 6755
f 6689 6754 6755
f 6691 6690 6756
f 6690 6755 6756
f 6692 6691 6757
f 6691 6756 6757
f 6693 6692 6758
f 6692 6757 6758
f 6694 6693 6759
f 6693 6758 6759
f 6695 6694 6760
f 6694 6759 6760
f 6696 6695 6761
f 6695 6760 6761
f 6697 6696 6762
f 6696 6761 6762
f 6698 6697 6763
f 6697 6762 6763
f 6699 6698 6764
f 6698 6763 6764
f 6700 6699 6765
f 6699 6764 6765
f 6701 6700 6766
f 6700 6765 6766
f 6702 6701 6767
f 6701 6766 6767
f 6703 6702 6768
f 6702 6767 6768
f 6704 6703 6769
f 6703 6768 6769
f 6705 6704 6770
f 6704 6769 6770
f 6706 6705 6771
f 6705 6770 6771
f 6707 6706 6772
f 6706 6771 6772
f 6708 6707 6773
f 6707 6772 6773
f 6709 6708 6774
f 6708 6773 6774
f 6710 6709 6775
f 6709 6774 6775
f 6711 6710 6776
f 6710 6775 6776
f 6712 6711 6777
f 6711 6776 6777
f 6713 6712 6778
f 6712 6777 6778
f 6714 6713 6779
f 6713 6778 6779
f 6715 6714 6780
f 6714 6779 6780
f 6716 6715 6781
f 6715 6780 6781
f 6717 6716 6782
f 6716 6781 6782
f 6718 6717 6783
f 6717 6782 6783
f 6719 6718 6784
f 6718 6783 6784
f 6720 6719 6785
f 6719 6784 6785
f 6721 6720 6786
f 6720 6785 6786
f 6722 6721 6787
f 6721 6786 6787
f 6723 6722 6788
f 6722 6787 6788
f 6724 6723 6789
f 6723 6788 6789
f 6726 6725 6791
f 6725 6790 6791
f 6727 6726 6792
f 6726 6791 6792
f 6728 6727 6793
f 6727 6792 6793
f 6729 6728 6794
f 6728 6793 6794
f 6730 6729 6795
f 6729 6794 6795
f 6731 6730 6796
f 6730 6795 6796
f 6732 6731 6797
f 6731 6796 6797
f 6733 6732 6798
f 6732 6797 6798
f 6734 6733 6799
f 6733 6798 6799
f 6735 6734 6800
f 6734 6799 6800
f 6736 6735 6801
f 6735 6800 6801
f 6737 6736 6802
f 6736 6801 6802
f 6738 6737 6803
f 6737 6802 6803
f 6739 6738 6804
f 6738 6803 6804
f 6740 6739 6805
f 6739 6804 6805
f 6741 6740 6806
f 6740 6805 6806
f 6742 6741 6807
f 6741 6806 6807
f 6743 6742 6808
f 6742 6807 6808
f 6744 6743 6809
f 6743 6808 6809
f 6745 6744 6810
f 6744 6809 6810
f 6746 6745 6811
f 6745 6810 6811
f 6747 6746 6812
f 6746 6811 6812
f 6748 6747 6813
f 6747 6812 6813
f 6749 6748 6814
f 6748 6813 6814
f 6750 6749 6815
f 6749 6814 6815
f 6751 6750 6816
f 6750 6815 6816
f 6752 6751 6817
f 6751 6816 6817
f 6753 6752 6818
f 6752 6817 6818
f 6754 6753 6819
f 6753 6818 6819
f 6755 6754 6820
f 6754 6819 6820
f 6756 6755 6821
f 6755 6820 6821
f 6757 6756 6822
f 6756 6821 6822
f 6758 6757 6823
f 6757 6822 6823
f 6759 6758 6824
f 6758 6823 6824
f 6760 6759 6825
f 6759 6824 6825
f 6761 6760 6826
f 6760 6825 6826
f 6762 6761 6827
f 6761 6826 6827
f 6763 6762 6828
f 6762 6827 6828
f 6764 6763 6829
f 6763 6828 6829
f 6765 6764 6830
f 6764 6829 6830
f 6766 6765 6831
f 6765 6830 6831
f 6767 6766 6832
f 6766 6831 6832
f 6768 6767 6833
f 6767 6832 6833
f 6769 6768 6834
f 6768 6833 6834
f 6770 6769 6835
f 6769 6834 6835
f 6771 6770 6836
f 6770 6835 6836
f 6772 6771 6837
f 6771 6836 6837
f 6773 6772 6838
f 6772 6837 6838
f 6774 6773 6839
f 6773 6838 6839
f 6775 6774 6840
f 6774 6839 6840
f 6776 6775 6841
f 6775 6840 6841
f 6777 6776 6842
f 6776 6841 6842
f 6778 6777 6843
f 6777 6842 6843
f 6779 6778 6844
f 6778 6843 6844
f 6780 6779 6845
f 6779 6844 6845
f 6781 6780 6846
f 6780 6845 6846
f 6782 6781 6847
f 6781 6846 6847
f 6783 6782 6848
f 6782 6847 6848
f 6784 6783 6849
f 6783 6848 6849
f 6785 6784 6850
f 6784 6849 6850
f 6786 6785 6851
f 6785 6850 6851
f 6787 6786 6852
f 6786 6851 6852
f 6788 6787 6853
f 6787 6852 6853
f 6789 6788 6854
f 6788 6853 6854
f 6791 6790 6856
f 6790 6855 6856
f 6792 6791 6857
f 6791 6856 6857
f 6793 6792 6858
f 6792 6857 6858
f 6794 6793 6859
f 6793 6858 6859
f 6795 6794 6860
f 6794 6859 6860
f 6796 6795 6861
f 6795 6860 6861
f 6797 6796 6862
f 6796 6861 6862
f 6798 6797 6863
f 6797 6862 6863
f 6799 6798 6864
f 6798 6863 6864
f 6800 6799 6865
f 6799 6864 6865
f 6801 6800 6866
f 6800 6865 6866
f 6802 6801 6867
f 6801 6866 6867
f 6803 6802 6868
f 6802 6867 6868
f 6804 6803 6869
f 6803 6868 6869
f 6805 6804 6870
f 6804 6869 6870
f 6806 6805 6871
f 6805 6870 6871
f 6807 6806 6872
f 6806 6871 6872
f 6808 6807 6873
f 6807 6872 6873
f 6809 6808 6874
f 6808 6873 6874
f 6810 6809 6875
f 6809 6874 6875
f 6811 6810 6876
f 6810 6875 6876
f 6812 6811 6877
f 6811 6876 6877
f 6813 6812 6878
f 6812 6877 6878
f 6814 6813 6879
f 6813 6878 6879
f 6815 6814 6880
f 6814 6879 6880
f 6816 6815 6881
f 6815 6880 6881
f 6817 6816 6882
f 6816 6881 6882
f 6818 6817 6883
f 6817 6882 6883
f 6819 6818 6884
f 6818 6883 6884
f 6820 6819 6885
f 6819 6884 6885
f 6821 6820 6886
f 6820 6885 6886
f 6822 6821 6887
f 6821 6886 6887
f 6823 6822 6888
f 6822 6887 6888
f 6824 6823 6889
f 6823 6888 6889
f 6825 6824 6890
f 6824 6889 6890
f 6826 6825 6891
f 6825 6890 6891
f 6827 6826 6892
f 6826 6891 6892
f 6828 6827 6893
f 6827 6892 6893
f 6829 6828 6894
f 6828 6893 6894
f 6830 6829 6895
f 6829 6894 6895
f 6831 6830 6896
f 6830 6895 6896
f 6832 6831 6897
f 6831 6896 6897
f 6833 6832 6898
f 6832 6897 6898
f 6834 6833 6899
f 6833 6898 6899
f 6835 6834 6900
f 6834 6899 6900
f 6836 6835 6901
f 6835 6900 6901
f 6837 6836 6902
f 6836 6901 6902
f 6838 6837 6903
f 6837 6902 6903
f 6839 6838 6904
f 6838 6903 6904
f 6840 6839 6905
f 6839 6904 6905
f 6841 6840 6906
f 6840 6905 6906
f 6842 6841 6907
f 6841 6906 6907
f 6843 6842 6908
f 6842 6907 6908
f 6844 6843 6909
f 6843 6908 6909
f 6845 6844 6910
f 6844 6909 6910
f 6846 6845 6911
f 6845 6910 6911
f 6847 6846 6912
f 6846 6911 6912
f 6848 6847 6913
f 6847 6912 6913
f 6849 6848 6914
f 6848 6913 6914
f 6850 6849 6915
f 6849 6914 6915
f 6851 6850 6916
f 6850 6915 6916
f 6852 6851 6917
f 6851 6916 6917
f 6853 6852 6918
f 6852 6917 6918
f 6854 6853 6919
f 6853 6918 6919
f 6856 6855 6921
f 6855 6920 6921
f 6857 6856 6922
f 6856 6921 6922
f 6858 6857 6923
f 6857 6922 6923
f 6859 6858 6924
f 6858 6923 6924
f 6860 6859 6925
f 6859 6924 6925
f 6861 6860 6926
f 6860 6925 6926
f 6862 6861 6927
f 6861 6926 6927
f 6863 6862 6928
f 6862 6927 6928
f 6864 6863 6929
f 6863 6928 6929
f 6865 6864 6930
f 6864 6929 6930
f 6866 6865 6931
f 6865 6930 6931
f 6867 6866 6932
f 6866 6931 6932
f 6868 6867 6933
f 6867 6932 6933
f 6869 6868 6934
f 6868 6933 6934
f 6870 6869 6935
f 6869 6934 6935
f 6871 6870 6936
f 6870 6935 6936
f 6872 6871 6937
f 6871 6936 6937
f 6873 6872 6938
f 6872 6937 6938
f 6874 6873 6939
f 6873 6938 6939
f 6875 6874 6940
f 6874 6939 6940
f 6876 6875 6941
f 6875 6940 6941
f 6877 6876 6942
f 6876 6941 6942
f 6878 6877 6943
f 6877 6942 6943
f 6879 6878 6944
f 6878 6943 6944
f 6880 6879 6945
f 6879 6944 6945
f 6881 6880 6946
f 6880 6945 6946
f 6882 6881 6947
f 6881 6946 6947
f 6883 6882 6948
f 6882 6947 6948
f 6884 6883 6949
f 6883 6948 6949
f 6885 6884 6950
f 6884 6949 6950
f 6886 6885 6951
f 6885 6950 6951
f 6887 6886 6952
f 6886 6951 6952
f 6888 6887 6953
f 6887 6952 6953
f 6889 6888 6954
f 6888 6953 6954
f 6890 6889 6955
f 6889 6954 6955
f 6891 6890 6956
f 6890 6955 6956
f 6892 6891 6957
f 6891 6956 6957
f 6893 6892 6958
f 6892 6957 6958
f 6894 6893 6959
f 6893 6958 6959
f 6895 6894 6960
f 6894 6959 6960
f 6896 6895 6961
f 6895 6960 6961
f 6897 6896 6962
f 6896 6961 6962
f 6898 6897 6963
f 6897 6962 6963
f 6899 6898 6964
f 6898 6963 6964
f 6900 6899 6965
f 6899 6964 6965
f 6901 6900 6966
f 6900 6965 6966
f 6902 6901 6967
f 6901 6966 6967
f 6903 6902 6968
f 6902 6967 6968
f 6904 6903 6969
f 6903 6968 6969
f 6905 6904 6970
f 6904 6969 6970
f 6906 6905 6971
f 6905 6970 6971
f 6907 6906 6972
f 6906 6971 6972
f 6908 6907 6973
f 6907 6972 6973
f 6909 6908 6974
f 6908 6973 6974
f 6910 6909 6975
f 6909 6974 6975
f 6911 6910 6976
f 6910 6975 6976
f 6912 6911 6977
f 6911 6976 6977
f 6913 6912 6978
f 6912 6977 6978
f 6914 6913 6979
f 6913 6978 6979
f 6915 6914 6980
f 6914 6979 6980
f 6916 6915 6981
f 6915 6980 6981
f 6917 6916 6982
f 6916 6981 6982
f 6918 6917 6983
f 6917 6982 6983
f 6919 6918 6984
f 6918 6983 6984
f 6921 6920 6986
f 6920 6985 6986
f 6922 6921 6987
f 6921 6986 6987
f 6923 6922 6988
f 6922 6987 6988
f 6924 6923 6989
f 6923 6988 6989
f 6925 6924 6990
f 6924 6989 6990
f 6926 6925 6991
f 6925 6990 6991
f 6927 6926 6992
f 6926 6991 6992
f 6928 6927 6993
f 6927 6992 6993
f 6929 6928 6994
f 6928 6993 6994
f 6930 6929 6995
f 6929 6994 6995
f 6931 6930 6996
f 6930 6995 6996
f 6932 6931 6997
f 6931 6996 6997
f 6933 6932 6998
f 6932 6997 6998
f 6934 6933 6999
f 6933 6998 6999
f 6935 6934 7000
f 6934 6999 7000
f 6936 6935 7001
f 6935 7000 7001
f 6937 6936 7002
f 6936 7001 7002
f 6938 6937 7003
f 6937 7002 7003
f 6939 6938 7004
f 6938 7003 7004
f 6940 6939 7005
f 6939 7004 7005
f 6941 6940 7006
f 6940 7005 7006
f 6942 6941 7007
f 6941 7006 7007
f 6943 6942 7008
f 6942 7007 7008
f 6944 6943 7009
f 6943 7008 7009
f 6945 6944 7010
f 6944 7009 7010
f 6946 6945 7011
f 6945 7010 7011
f 6947 6946 7012
f 6946 7011 7012
f 6948 6947 7013
f 6947 7012 7013
f 6949 6948 7014
f 6948 7013 7014
f 6950 6949 7015
f 6949 7014 7015
f 6951 6950 7016
f 6950 7015 7016
f 6952 6951 7017
f 6951 7016 7017
f 6953 6952 7018
f 6952 7017 7018
f 6954 6953 7019
f 6953 7018 7019
f 6955 6954 7020
f 6954 7019 7020
f 6956 6955 7021
f 6955 7020 7021
f 6957 6956 7022
f 6956 7021 7022
f 6958 6957 7023
f 6957 7022 7023
f 6959 6958 7024
f 6958 7023 7024
f 6960 6959 7025
f 6959 7024 7025
f 6961 6960 7026
f 6960 7025 7026
f 6962 6961 7027
f 6961 7026 7027
f 6963 6962 7028
f 6962 7027 7028
f 6964 6963 7029
f 6963 7028 7029
f 6965 6964 7030
f 6964 7029 7030
f 6966 6965 7031
f 6965 7030 7031
f 6967 6966 7032
f 6966 7031 7032
f 6968 6967 7033
f 6967 7032 7033
f 6969 6968 7034
f 6968 7033 7034
f 6970 6969 7035
f 6969 7034 7035
f 6971 6970 7036
f 6970 7035 7036
f 6972 6971 7037
f 6971 7036 7037
f 6973 6972 7038
f 6972 7037 7038
f 6974 6973 7039
f 6973 7038 7039
f 6975 6974 7040
f 6974 7039 7040
f 6976 6975 7041
f 6975 7040 7041
f 6977 6976 7042
f 6976 7041 7042
f 6978 6977 7043
f 6977 7042 7043
f 6979 6978 7044
f 6978 7043 7044
f 6980 6979 7045
f 6979 7044 7045
f 6981 6980 7046
f 6980 7045 7046
f 6982 6981 7047
f 6981 7046 7047
f 6983 6982 7048
f 6982 7047 7048
f 6984 6983 7049
f 6983 7048 7049
f 6986 6985 7051
f 6985 7050 7051
f 6987 6986 7052
f 6986 7051 7052
f 6988 6987 7053
f 6987 7052 7053
f 6989 6988 7054
f 6988 7053 7054
f 6990 6989 7055
f 6989 7054 7055
f 6991 6990 7056
f 6990 7055 7056
f 6992 6991 7057
f 6991 7056 7057
f 6993 6992 7058
f 6992 7057 7058
f 6994 6993 7059
f 6993 7058 7059
f 6995 6994 7060
f 6994 7059 7060
f 6996 6995 7061
f 6995 7060 7061
f 6997 6996 7062
f 6996 7061 7062
f 6998 6997 7063
f 6997 7062 7063
f 6999 6998 7064
f 6998 7063 7064
f 7000 6999 7065
f 6999 7064 7065
f 7001 7000 7066
f 7000 7065 7066
f 7002 7001 7067
f 7001 7066 7067
f 7003 7002 7068
f 7002 7067 7068
f 7004 7003 7069
f 7003 7068 7069
f 7005 7004 7070
f 7004 7069 7070
f 7006 7005 7071
f 7005 7070 7071
f 7007 7006 7072
f 7006 7071 7072
f 7008 7007 7073
f 7007 7072 7073
f 7009 7008 7074
f 7008 7073 7074
f 7010 7009 7075
f 7009 7074 7075
f 7011 7010 7076
f 7010 7075 7076
f 7012 7011 7077
f 7011 7076 7077
f 7013 7012 7078
f 7012 7077 7078
f 7014 7013 7079
f 7013 7078 7079
f 7015 7014 7080
f 7014 7079 7080
f 7016 7015 7081
f 7015 7080 7081
f 7017 7016 7082
f 7016 7081 7082
f 7018 7017 7083
f 7017 7082 7083
f 7019 7018 7084
f 7018 7083 7084
f 7020 7019 7085
f 7019 7084 7085
f 7021 7020 7086
f 7020 7085 7086
f 7022 7021 7087
f 7021 7086 7087
f 7023 7022 7088
f 7022 7087 7088
f 7024 7023 7089
f 7023 7088 7089
f 7025 7024 7090
f 7024 7089 7090
f 7026 7025 7091
f 7025 7090 7091
f 7027 7026 7092
f 7026 7091 7092
f 7028 7027 7093
f 7027 7092 7093
f 7029 7028 7094
f 7028 7093 7094
f 7030 7029 7095
f 7029 7094 7095
f 7031 7030 7096
f 7030 7095 7096
f 7032 7031 7097
f 7031 7096 7097
f 7033 7032 7098
f 7032 7097 7098
f 7034 7033 7099
f 7033 7098 7099
f 7035 7034 7100
f 7034 7099 7100
f 7036 7035 7101
f 7035 7100 7101
f 7037 7036 7102
f 7036 7101 7102
f 7038 7037 7103
f 7037 7102 7103
f 7039 7038 7104
f 7038 7103 7104
f 7040 7039 7105
f 7039 7104 7105
f 7041 7040 7106
f 7040 7105 7106
f 7042 7041 7107
f 7041 7106 7107
f 7043 7042 7108
f 7042 7107 7108
f 7044 7043 7109
f 7043 7108 7109
f 7045 7044 7110
f 7044 7109 7110
f 7046 7045 7111
f 7045 7110 7111
f 7047 7046 7112
f 7046 7111 7112
f 7048 7047 7113
f 7047 7112 7113
f 7049 7048 7114
f 7048 7113 7114
f 7051 7050 7116
f 7050 7115 7116
f 7052 7051 7117
f 7051 7116 7117
f 7053 7052 7118
f 7052 7117 7118
f 7054 7053 7119
f 7053 7118 7119
f 7055 7054 7120
f 7054 7119 7120
f 7056 7055 7121
f 7055 7120 7121
f 7057 7056 7122
f 7056 7121 7122
f 7058 7057 7123
f 7057 7122 7123
f 7059 7058 7124
f 7058 7123 7124
f 7060 7059 7125
f 7059 7124 7125
f 7061 7060 7126
f 7060 7125 7126
f 7062 7061 7127
f 7061 7126 7127
f 7063 7062 7128
f 7062 7127 7128
f 7064 7063 7129
f 7063 7128 7129
f 7065 7064 7130
f 7064 7129 7130
f 7066 7065 7131
f 7065 7130 7131
f 7067 7066 7132
f 7066 7131 7132
f 7068 7067 7133
f 7067 7132 7133
f 7069 7068 7134
f 7068 7133 7134
f 7070 7069 7135
f 7069 7134 7135
f 7071 7070 7136
f 7070 7135 7136
f 7072 7071 7137
f 7071 7136 7137
f 7073 7072 7138
f 7072 7137 7138
f 7074 7073 7139
f 7073 7138 7139
f 7075 7074 7140
f 7074 7139 7140
f 7076 7075 7141
f 7075 7140 7141
f 7077 7076 7142
f 7076 7141 7142
f 7078 7077 7143
f 7077 7142 7143
f 7079 7078 7144
f 7078 7143 7144
f 7080 7079 7145
f 7079 7144 7145
f 7081 7080 7146
f 7080 7145 7146
f 7082 7081 7147
f 7081 7146 7147
f 7083 7082 7148
f 7082 7147 7148
f 7084 7083 7149
f 7083 7148 7149
f 7085 7084 7150
f 7084 7149 7150
f 7086 7085 7151
f 7085 7150 7151
f 7087 7086 7152
f 7086 7151 7152
f 7088 7087 7153
f 7087 7152 7153
f 7089 7088 7154
f 7088 7153 7154
f 7090 7089 7155
f 7089 7154 7155
f 7091 7090 7156
f 7090 7155 7156
f 7092 7091 7157
f 7091 7156 7157
f 7093 7092 7158
f 7092 7157 7158
f 7094 7093 7159
f 7093 7158 7159
f 7095 7094 7160
f 7094 7159 7160
f 7096 7095 7161
f 7095 7160 7161
f 7097 7096 7162
f 7096 7161 7162
f 7098 7097 7163
f 7097 7162 7163
f 7099 7098 7164
f 7098 7163 7164
f 7100 7099 7165
f 7099 7164 7165
f 7101 7100 7166
f 7100 7165 7166
f 7102 7101 7167
f 7101 7166 7167
f 7103 7102 7168
f 7102 7167 7168
f 7104 7103 7169
f 7103 7168 7169
f 7105 7104 7170
f 7104 7169 7170
f 7106 7105 7171
f 7105 7170 7171
f 7107 7106 7172
f 7106 7171 7172
f 7108 7107 7173
f 7107 7172 7173
f 7109 7108 7174
f 7108 7173 7174
f 7110 7109 7175
f 7109 7174 7175
f 7111 7110 7176
f 7110 7175 7176
f 7112 7111 7177
f 7111 7176 7177
f 7113 7112 7178
f 7112 7177 7178
f 7114 7113 7179
f 7113 7178 7179
f 7116 7115 7181
f 7115 7180 7181
f 7117 7116 7182
f 7116 7181 7182
f 7118 7117 7183
f 7117 7182 7183
f 7119 7118 7184
f 7118 7183 7184
f 7120 7119 7185
f 7119 7184 7185
f 7121 7120 7186
f 7120 7185 7186
f 7122 7121 7187
f 7121 7186 7187
f 7123 7122 7188
f 7122 7187 7188
f 7124 7123 7189
f 7123 7188 7189
f 7125 7124 7190
f 7124 7189 7190
f 7126 7125 7191
f 7125 7190 7191
f 7127 7126 7192
f 7126 7191 7192
f 7128 7127 7193
f 7127 7192 7193
f 7129 7128 7194
f 7128 7193 7194
f 7130 7129 7195
f 7129 7194 7195
f 7131 7130 7196
f 7130 7195 7196
f 7132 7131 7197
f 7131 7196 7197
f 7133 7132 7198
f 7132 7197 7198
f 7134 7133 7199
f 7133 7198 7199
f 7135 7134 7200
f 7134 7199 7200
f 7136 7135 7201
f 7135 7200 7201
f 7137 7136 7202
f 7136 7201 7202
f 7138 7137 7203
f 7137 7202 7203
f 7139 7138 7204
f 7138 7203 7204
f 7140 7139 7205
f 7139 7204 7205
f 7141 7140 7206
f 7140 7205 7206
f 7142 7141 7207
f 7141 7206 7207
f 7143 7142 7208
f 7142 7207 7208
f 7144 7143 7209
f 7143 7208 7209
f 7145 7144 7210
f 7144 7209 7210
f 7146 7145 7211
f 7145 7210 7211
f 7147 7146 7212
f 7146 7211 7212
f 7148 7147 7213
f 7147 7212 7213
f 7149 7148 7214
f 7148 7213 7214
f 7150 7149 7215
f 7149 7214 7215
f 7151 7150 7216
f 7150 7215 7216
f 7152 7151 7217
f 7151 7216 7217
f 7153 7152 7218
f 7152 7217 7218
f 7154 7153 7219
f 7153 7218 7219
f 7155 7154 7220
f 7154 7219 7220
f 7156 7155 7221
f 7155 7220 7221
f 7157 7156 7222
f 7156 7221 7222
f 7158 7157 7223
f 7157 7222 7223
f 7159 7158 7224
f 7158 7223 7224
f 7160 7159 7225
f 7159 7224 7225
f 7161 7160 7226
f 7160 7225 7226
f 7162 7161 7227
f 7161 7226 7227
f 7163 7162 7228
f 7162 7227 7228
f 7164 7163 7229
f 7163 7228 7229
f 7165 7164 7230
f 7164 7229 7230
f 7166 7165 7231
f 7165 7230 7231
f 7167 7166 7232
f 7166 7231 7232
f 7168 7167 7233
f 7167 7232 7233
f 7169 7168 7234
f 7168 7233 7234
f 7170 7169 7235
f 7169 7234 7235
f 7171 7170 7236
f 7170 7235 7236
f 7172 7171 7237
f 7171 7236 7237
f 7173 7172 7238
f 7172 7237 7238
f 7174 7173 7239
f 7173 7238 7239
f 7175 7174 7240
f 7174 7239 7240
f 7176 7175 7241
f 7175 7240 7241
f 7177 7176 7242
f 7176 7241 7242
f 7178 7177 7243
f 7177 7242 7243
f 7179 7178 7244
f 7178 7243 7244
f 7181 7180 7246
f 7180 7245 7246
f 7182 7181 7247
f 7181 7246 7247
f 7183 7182 7248
f 7182 7247 7248
f 7184 7183 7249
f 7183 7248 7249
f 7185 7184 7250
f 7184 7249 7250
f 7186 7185 7251
f 7185 7250 7251
f 7187 7186 7252
f 7186 7251 7252
f 7188 7187 7253
f 7187 7252 7253
f 7189 7188 7254
f 7188 7253 7254
f 7190 7189 7255
f 7189 7254 7255
f 7191 7190 7256
f 7190 7255 7256
f 7192 7191 7257
f 7191 7256 7257
f 7193 7192 7258
f 7192 7257 7258
f 7194 7193 7259
f 7193 7258 7259
f 7195 7194 7260
f 7194 7259 7260
f 7196 7195 7261
f 7195 7260 7261
f 7197 7196 7262
f 7196 7261 7262
f 7198 7197 7263
f 7197 7262 7263
f 7199 7198 7264
f 7198 7263 7264
f 7200 7199 7265
f 7199 7264 7265
f 7201 7200 7266
f 7200 7265 7266
f 7202 7201 7267
f 7201 7266 7267
f 7203 7202 7268
f 7202 7267 7268
f 7204 7203 7269
f 7203 7268 7269
f 7205 7204 7270
f 7204 7269 7270
f 7206 7205 7271
f 7205 7270 7271
f 7207 7206 7272
f 7206 7271 7272
f 7208 7207 7273
f 7207 7272 7273
f 7209 7208 7274
f 7208 7273 7274
f 7210 7209 7275
f 7209 7274 7275
f 7211 7210 7276
f 7210 7275 7276
f 7212 7211 7277
f 7211 7276 7277
f 7213 7212 7278
f 7212 7277 7278
f 7214 7213 7279
f 7213 7278 7279
f 7215 7214 7280
f 7214 7279 7280
f 7216 7215 7281
f 7215 7280 7281
f 7217 7216 7282
f 7216 7281 7282
f 7218 7217 7283
f 7217 7282 7283
f 7219 7218 7284
f 7218 7283 7284
f 7220 7219 7285
f 7219 7284 7285
f 7221 7220 7286
f 7220 7285 7286
f 7222 7221 7287
f 7221 7286 7287
f 7223 7222 7288
f 7222 7287 7288
f 7224 7223 7289
f 7223 7288 7289
f 7225 7224 7290
f 7224 7289 7290
f 7226 7225 7291
f 7225 7290 7291
f 7227 7226 7292
f 7226 7291 7292
f 7228 7227 7293
f 7227 7292 7293
f 7229 7228 7294
f 7228 7293 7294
f 7230 7229 7295
f 7229 7294 7295
f 7231 7230 7296
f 7230 7295 7296
f 7232 7231 7297
f 7231 7296 7297
f 7233 7232 7298
f 7232 7297 7298
f 7234 7233 7299
f 7233 7298 7299
f 7235 7234 7300
f 7234 7299 7300
f 7236 7235 7301
f 7235 7300 7301
f 7237 7236 7302
f 7236 7301 7302
f 7238 7237 7303
f 7237 7302 7303
f 7239 7238 7304
f 7238 7303 7304
f 7240 7239 7305
f 7239 7304 7305
f 7241 7240 7306
f 7240 7305 7306
f 7242 7241 7307
f 7241 7306 7307
f 7243 7242 7308
f 7242 7307 7308
f 7244 7243 7309
f 7243 7308 7309
f 7246 7245 7311
f 7245 7310 7311
f 7247 7246 7312
f 7246 7311 7312
f 7248 7247 7313
f 7247 7312 7313
f 7249 7248 7314
f 7248 7313 7314
f 7250 7249 7315
f 7249 7314 7315
f 7251 7250 7316
f 7250 7315 7316
f 7252 7251 7317
f 7251 7316 7317
f 7253 7252 7318
f 7252 7317 7318
f 7254 7253 7319
f 7253 7318 7319
f 7255 7254 7320
f 7254 7319 7320
f 7256 7255 7321
f 7255 7320 7321
f 7257 7256 7322
f 7256 7321 7322
f 7258 7257 7323
f 7257 7322 7323
f 7259 7258 7324
f 7258 7323 7324
f 7260 7259 7325
f 7259 7324 7325
f 7261 7260 7326
f 7260 7325 7326
f 7262 7261 7327
f 7261 7326 7327
f 7263 7262 7328
f 7262 7327 7328
f 7264 7263 7329
f 7263 7328 7329
f 7265 7264 7330
f 7264 7329 7330
f 7266 7265 7331
f 7265 7330 7331
f 7267 7266 7332
f 7266 7331 7332
f 7268 7267 7333
f 7267 7332 7333
f 7269 7268 7334
f 7268 7333 7334
f 7270 7269 7335
f 7269 7334 7335
f 7271 7270 7336
f 7270 7335 7336
f 7272 7271 7337
f 7271 7336 7337
f 7273 7272 7338
f 7272 7337 7338
f 7274 7273 7339
f 7273 7338 7339
f 7275 7274 7340
f 7274 7339 7340
f 7276 7275 7341
f 7275 7340 7341
f 7277 7276 7342
f 7276 7341 7342
f 7278 7277 7343
f 7277 7342 7343
f 7279 7278 7344
f 7278 7343 7344
f 7280 7279 7345
f 7279 7344 7345
f 7281 7280 7346
f 7280 7345 7346
f 7282 7281 7347
f 7281 7346 7347
f 7283 7282 7348
f 7282 7347 7348
f 7284 7283 7349
f 7283 7348 7349
f 7285 7284 7350
f 7284 7349 7350
f 7286 7285 7351
f 7285 7350 7351
f 7287 7286 7352
f 7286 7351 7352
f 7288 7287 7353
f 7287 7352 7353
f 7289 7288 7354
f 7288 7353 7354
f 7290 7289 7355
f 7289 7354 7355
f 7291 7290 7356
f 7290 7355 7356
f 7292 7291 7357
f 7291 7356 7357
f 7293 7292 7358
f 7292 7357 7358
f 7294 7293 7359
f 7293 7358 7359
f 7295 7294 7360
f 7294 7359 7360
f 7296 7295 7361
f 7295 7360 7361
f 7297 7296 7362
f 7296 7361 7362
f 7298 7297 7363
f 7297 7362 7363
f 7299 7298 7364
f 7298 7363 7364
f 7300 7299 7365
f 7299 7364 7365
f 7301 7300 7366
f 7300 7365 7366
f 7302 7301 7367
f 7301 7366 7367
f 7303 7302 7368
f 7302 7367 7368
f 7304 7303 7369
f 7303 7368 7369
f 7305 7304 7370
f 7304 7369 7370
f 7306 7305 7371
f 7305 7370 7371
f 7307 7306 7372
f 7306 7371 7372
f 7308 7307 7373
f 7307 7372 7373
f 7309 7308 7374
f 7308 7373 7374
f 7311 7310 7376
f 7310 7375 7376
f 7312 7311 7377
f 7311 7376 7377
f 7313 7312 7378
f 7312 7377 7378
f 7314 7313 7379
f 7313 7378 7379
f 7315 7314 7380
f 7314 7379 7380
f 7316 7315 7381
f 7315 7380 7381
f 7317 7316 7382
f 7316 7381 7382
f 7318 7317 7383
f 7317 7382 7383
f 7319 7318 7384
f 7318 7383 7384
f 7320 7319 7385
f 7319 7384 7385
f 7321 7320 7386
f 7320 7385 7386
f 7322 7321 7387
f 7321 7386 7387
f 7323 7322 7388
f 7322 7387 7388
f 7324 7323 7389
f 7323 7388 7389
f 7325 7324 7390
f 7324 7389 7390
f 7326 7325 7391
f 7325 7390 7391
f 7327 7326 7392
f 7326 7391 7392
f 7328 7327 7393
f 7327 7392 7393
f 7329 7328 7394
f 7328 7393 7394
f 7330 7329 7395
f 7329 7394 7395
f 7331 7330 7396
f 7330 7395 7396
f 7332 7331 7397
f 7331 7396 7397
f 7333 7332 7398
f 7332 7397 7398
f 7334 7333 7399
f 7333 7398 7399
f 7335 7334 7400
f 7334 7399 7400
f 7336 7335 7401
f 7335 7400 7401
f 7337 7336 7402
f 7336 7401 7402
f 7338 7337 7403
f 7337 7402 7403
f 7339 7338 7404
f 7338 7403 7404
f 7340 7339 7405
f 7339 7404 7405
f 7341 7340 7406
f 7340 7405 7406
f 7342 7341 7407
f 7341 7406 7407
f 7343 7342 7408
f 7342 7407 7408
f 7344 7343 7409
f 7343 7408 7409
f 7345 7344 7410
f 7344 7409 7410
f 7346 7345 7411
f 7345 7410 7411
f 7347 7346 7412
f 7346 7411 7412
f 7348 7347 7413
f 7347 7412 7413
f 7349 7348 7414
f 7348 7413 7414
f 7350 7349 7415
f 7349 7414 7415
f 7351 7350 7416
f 7350 7415 7416
f 7352 7351 7417
f 7351 7416 7417
f 7353 7352 7418
f 7352 7417 7418
f 7354 7353 7419
f 7353 7418 7419
f 7355 7354 7420
f 7354 7419 7420
f 7356 7355 7421
f 7355 7420 7421
f 7357 7356 7422
f 7356 7421 7422
f 7358 7357 7423
f 7357 7422 7423
f 7359 7358 7424
f 7358 7423 7424
f 7360 7359 7425
f 7359 7424 7425
f 7361 7360 7426
f 7360 7425 7426
f 7362 7361 7427
f 7361 7426 7427
f 7363 7362 7428
f 7362 7427 7428
f 7364 7363 7429
f 7363 7428 7429
f 7365 7364 7430
f 7364 7429 7430
f 7366 7365 7431
f 7365 7430 7431
f 7367 7366 7432
f 7366 7431 7432
f 7368 7367 7433
f 7367 7432 7433
f 7369 7368 7434
f 7368 7433 7434
f 7370 7369 7435
f 7369 7434 7435
f 7371 7370 7436
f 7370 7435 7436
f 7372 7371 7437
f 7371 7436 7437
f 7373 7372 7438
f 7372 7437 7438
f 7374 7373 7439
f 7373 7438 7439
f 7376 7375 7441
f 7375 7440 7441
f 7377 7376 7442
f 7376 7441 7442
f 7378 7377 7443
f 7377 7442 7443
f 7379 7378 7444
f 7378 7443 7444
f 7380 7379 7445
f 7379 7444 7445
f 7381 7380 7446
f 7380 7445 7446
f 7382 7381 7447
f 7381 7446 7447
f 7383 7382 7448
f 7382 7447 7448
f 7384 7383 7449
f 7383 7448 7449
f 7385 7384 7450
f 7384 7449 7450
f 7386 7385 7451
f 7385 7450 7451
f 7387 7386 7452
f 7386 7451 7452
f 7388 7387 7453
f 7387 7452 7453
f 7389 7388 7454
f 7388 7453 7454
f 7390 7389 7455
f 7389 7454 7455
f 7391 7390 7456
f 7390 7455 7456
f 7392 7391 7457
f 7391 7456 7457
f 7393 7392 7458
f 7392 7457 7458
f 7394 7393 7459
f 7393 7458 7459
f 7395 7394 7460
f 7394 7459 7460
f 7396 7395 7461
f 7395 7460 7461
f 7397 7396 7462
f 7396 7461 7462
f 7398 7397 7463
f 7397 7462 7463
f 7399 7398 7464
f 7398 7463 7464
f 7400 7399 7465
f 7399 7464 7465
f 7401 7400 7466
f 7400 7465 7466
f 7402 7401 7467
f 7401 7466 7467
f 7403 7402 7468
f 7402 7467 7468
f 7404 7403 7469
f 7403 7468 7469
f 7405 7404 7470
f 7404 7469 7470
f 7406 7405 7471
f 7405 7470 7471
f 7407 7406 7472
f 7406 7471 7472
f 7408 7407 7473
f 7407 7472 7473
f 7409 7408 7474
f 7408 7473 7474
f 7410 7409 7475
f 7409 7474 7475
f 7411 7410 7476
f 7410 7475 7476
f 7412 7411 7477
f 7411 7476 7477
f 7413 7412 7478
f 7412 7477 7478
f 7414 7413 7479
f 7413 7478 7479
f 7415 7414 7480
f 7414 7479 7480
f 7416 7415 7481
f 7415 7480 7481
f 7417 7416 7482
f 7416 7481 7482
f 7418 7417 7483
f 7417 7482 7483
f 7419 7418 7484
f 7418 7483 7484
f 7420 7419 7485
f 7419 7484 7485
f 7421 7420 7486
f 7420 7485 7486
f 7422 7421 7487
f 7421 7486 7487
f 7423 7422 7488
f 7422 7487 7488
f 7424 7423 7489
f 7423 7488 7489
f 7425 7424 7490
f 7424 7489 7490
f 7426 7425 7491
f 7425 7490 7491
f 7427 7426 7492
f 7426 7491 7492
f 7428 7427 7493
f 7427 7492 7493
f 7429 7428 7494
f 7428 7493 7494
f 7430 7429 7495
f 7429 7494 7495
f 7431 7430 7496
f 7430 7495 7496
f 7432 7431 7497
f 7431 7496 7497
f 7433 7432 7498
f 7432 7497 7498
f 7434 7433 7499
f 7433 7498 7499
f 7435 7434 7500
f 7434 7499 7500
f 7436 7435 7501
f 7435 7500 7501
f 7437 7436 7502
f 7436 7501 7502
f 7438 7437 7503
f 7437 7502 7503
f 7439 7438 7504
f 7438 7503 7504
f 7441 7440 7506
f 7440 7505 7506
f 7442 7441 7507
f 7441 7506 7507
f 7443 7442 7508
f 7442 7507 7508
f 7444 7443 7509
f 7443 7508 7509
f 7445 7444 7510
f 7444 7509 7510
f 7446 7445 7511
f 7445 7510 7511
f 7447 7446 7512
f 7446 7511 7512
f 7448 7447 7513
f 7447 7512 7513
f 7449 7448 7514
f 7448 7513 7514
f 7450 7449 7515
f 7449 7514 7515
f 7451 7450 7516
f 7450 7515 7516
f 7452 7451 7517
f 7451 7516 7517
f 7453 7452 7518
f 7452 7517 7518
f 7454 7453 7519
f 7453 7518 7519
f 7455 7454 7520
f 7454 7519 7520
f 7456 7455 7521
f 7455 7520 7521
f 7457 7456 7522
f 7456 7521 7522
f 7458 7457 7523
f 7457 7522 7523
f 7459 7458 7524
f 7458 7523 7524
f 7460 7459 7525
f 7459 7524 7525
f 7461 7460 7526
f 7460 7525 7526
f 7462 7461 7527
f 7461 7526 7527
f 7463 7462 7528
f 7462 7527 7528
f 7464 7463 7529
f 7463 7528 7529
f 7465 7464 7530
f 7464 7529 7530
f 7466 7465 7531
f 7465 7530 7531
f 7467 7466 7532
f 7466 7531 7532
f 7468 7467 7533
f 7467 7532 7533
f 7469 7468 7534
f 7468 7533 7534
f 7470 7469 7535
f 7469 7534 7535
f 7471 7470 7536
f 7470 7535 7536
f 7472 7471 7537
f 7471 7536 7537
f 7473 7472 7538
f 7472 7537 7538
f 7474 7473 7539
f 7473 7538 7539
f 7475 7474 7540
f 7474 7539 7540
f 7476 7475 7541
f 7475 7540 7541
f 7477 7476 7542
f 7476 7541 7542
f 7478 7477 7543
f 7477 7542 7543
f 7479 7478 7544
f 7478 7543 7544
f 7480 7479 7545
f 7479 7544 7545
f 7481 7480 7546
f 7480 7545 7546
f 7482 7481 7547
f 7481 7546 7547
f 7483 7482 7548
f 7482 7547 7548
f 7484 7483 7549
f 7483 7548 7549
f 7485 7484 7550
f 7484 7549 7550
f 7486 7485 7551
f 7485 7550 7551
f 7487 7486 7552
f 7486 7551 7552
f 7488 7487 7553
f 7487 7552 7553
f 7489 7488 7554
f 7488 7553 7554
f 7490 7489 7555
f 7489 7554 7555
f 7491 7490 7556
f 7490 7555 7556
f 7492 7491 7557
f 7491 7556 7557
f 7493 7492 7558
f 7492 7557 7558
f 7494 7493 7559
f 7493 7558 7559
f 7495 7494 7560
f 7494 7559 7560
f 7496 7495 7561
f 7495 7560 7561
f 7497 7496 7562
f 7496 7561 7562
f 7498 7497 7563
f 7497 7562 7563
f 7499 7498 7564
f 7498 7563 7564
f 7500 7499 7565
f 7499 7564 7565
f 7501 7500 7566
f 7500 7565 7566
f 7502 7501 7567
f 7501 7566 7567
f 7503 7502 7568
f 7502 7567 7568
f 7504 7503 7569
f 7503 7568 7569
usemtl cable
v -0.06006 0.01550 0.24990
v -0.06155 0.01503 0.25081
v -0.06263 0.01375 0.25151
v -0.06300 0.01200 0.25180
v -0.06257 0.01025 0.25161
v -0.06145 0.00897 0.25099
v -0.05994 0.00850 0.25010
v -0.05845 0.00897 0.24919
v -0.05737 0.01025 0.24849
v -0.05700 0.01200 0.24820
v -0.05743 0.01375 0.24839
v -0.05855 0.01503 0.24901
v -0.06006 0.01550 0.24990
v -0.06218 0.01536 0.24657
v -0.06363 0.01490 0.24756
v -0.06467 0.01362 0.24831
v -0.06503 0.01187 0.24862
v -0.06461 0.01012 0.24841
v -0.06352 0.00884 0.24773
v -0.06206 0.00837 0.24677
v -0.06062 0.00883 0.24578
v -0.05958 0.01011 0.24503
v -0.05922 0.01186 0.24472
v -0.05963 0.01361 0.24493
v -0.06072 0.01489 0.24561
v -0.06218 0.01536 0.24657
v -0.06444 0.01524 0.24334
v -0.06585 0.01477 0.24438
v -0.06687 0.01350 0.24517
v -0.06722 0.01175 0.24549
v -0.06681 0.01000 0.24527
v -0.06575 0.00871 0.24455
v -0.06433 0.00824 0.24354
v -0.06292 0.00870 0.24249
v -0.06190 0.00998 0.24171
v -0.06155 0.01173 0.24138
v -0.06196 0.01348 0.24161
v -0.06302 0.01476 0.24233
v -0.06444 0.01524 0.24334
v -0.06681 0.01511 0.24018
v -0.06819 0.01465 0.24126
v -0.06918 0.01337 0.24207
v -0.06953 0.01162 0.24240
v -0.06913 0.00987 0.24216
v -0.06809 0.00859 0.24142
v -0.06669 0.00811 0.24037
v -0.06531 0.00857 0.23929
v -0.06431 0.00985 0.23848
v -0.06397 0.01160 0.23815
v -0.06437 0.01335 0.23839
v -0.06541 0.01463 0.23913
v -0.06681 0.01511 0.24018
v -0.06923 0.01498 0.23706
v -0.07060 0.01452 0.23816
v -0.07158 0.01325 0.23899
v -0.07192 0.01150 0.23933
v -0.07153 0.00975 0.23909
v -0.07050 0.00846 0.23833
v -0.06912 0.00799 0.23726
v -0.06775 0.00845 0.23616
v -0.06677 0.00972 0.23533
v -0.06643 0.01147 0.23499
v -0.06682 0.01322 0.23523
v -0.06785 0.01451 0.23599
v -0.06923 0.01498 0.23706
v -0.07169 0.01486 0.23398
v -0.07305 0.01440 0.23508
v -0.07403 0.01313 0.23592
v -0.07437 0.01138 0.23626
v -0.07397 0.00963 0.23601
v -0.07295 0.00834 0.23525
v -0.07158 0.00786 0.23417
v -0.07022 0.00833 0.23306
v -0.06924 0.00960 0.23223
v -0.06890 0.01135 0.23188
v -0.06929 0.01310 0.23213
v -0.07031 0.01438 0.23290
v -0.07169 0.01486 0.23398
v -0.07415 0.01474 0.23089
v -0.07552 0.01428 0.23199
v -0.07650 0.01300 0.23283
v -0.07684 0.01125 0.23317
v -0.07644 0.00950 0.23292
v -0.07542 0.00822 0.23216
v -0.07404 0.00774 0.23108
v -0.07268 0.00820 0.22998
v -0.07170 0.00948 0.22915
v -0.07136 0.01122 0.22881
v -0.07175 0.01298 0.22905
v -0.07278 0.01426 0.22981
v -0.07415 0.01474 0.23089
v -0.07660 0.01461 0.22779
v -0.07797 0.01415 0.22888
v -0.07896 0.01288 0.22970
v -0.07930 0.01113 0.23004
v -0.07891 0.00938 0.22979
v -0.07787 0.00809 0.22904
v -0.07649 0.00762 0.22798
v -0.07511 0.00808 0.22689
v -0.07412 0.00935 0.22607
v -0.07378 0.01110 0.22574
v -0.07418 0.01285 0.22598
v -0.07521 0.01414 0.22673
v -0.07660 0.01461 0.22779
v -0.07900 0.01449 0.22465
v -0.08039 0.01403 0.22571
v -0.08140 0.01275 0.22651
v -0.08174 0.01100 0.22684
v -0.08134 0.00925 0.22661
v -0.08029 0.00797 0.22588
v -0.07888 0.00749 0.22484
v -0.07749 0.00795 0.22378
v -0.07648 0.00923 0.22298
v -0.07613 0.01098 0.22265
v -0.07654 0.01273 0.22289
v -0.07759 0.01401 0.22362
v -0.07900 0.01449 0.22465
v -0.08131 0.01436 0.22145
v -0.08274 0.01390 0.22247
v -0.08377 0.01262 0.22324
v -0.08412 0.01087 0.22356
v -0.08371 0.00912 0.22334
v -0.08264 0.00784 0.22264
v -0.08120 0.00736 0.22165
v -0.07977 0.00783 0.22063
v -0.07874 0.00911 0.21986
v -0.07839 0.01085 0.21954
v -0.07880 0.01260 0.21976
v -0.07987 0.01389 0.22046
v -0.08131 0.01436 0.22145
v -0.08351 0.01423 0.21817
v -0.08498 0.01376 0.21912
v -0.08604 0.01248 0.21985
v -0.08640 0.01073 0.22015
v -0.08598 0.00898 0.21995
v -0.08488 0.00770 0.21930
v -0.08339 0.00723 0.21837
v -0.08192 0.00770 0.21742
v -0.08086 0.00898 0.21669
v -0.08050 0.01073 0.21639
v -0.08093 0.01248 0.21659
v -0.08203 0.01376 0.21724
v -0.08351 0.01423 0.21817
v -0.08554 0.01409 0.21478
v -0.08706 0.01362 0.21564
v -0.08816 0.01234 0.21630
v -0.08854 0.01059 0.21658
v -0.08809 0.00884 0.21641
v -0.08695 0.00756 0.21582
v -0.08541 0.00710 0.21499
v -0.08389 0.00757 0.21412
v -0.08279 0.00885 0.21346
v -0.08242 0.01060 0.21318
v -0.08286 0.01235 0.21336
v -0.08400 0.01363 0.21394
v -0.08554 0.01409 0.21478
v -0.08732 0.01395 0.21125
v -0.08891 0.01348 0.21199
v -0.09005 0.01219 0.21255
v -0.09044 0.01044 0.21280
v -0.08998 0.00869 0.21266
v -0.08879 0.00742 0.21218
v -0.08719 0.00696 0.21147
v -0.08560 0.00743 0.21073
v -0.08446 0.00872 0.21016
v -0.08407 0.01047 0.20992
v -0.08453 0.01222 0.21005
v -0.08572 0.01349 0.21054
v -0.08732 0.01395 0.21125
v -0.08876 0.01380 0.20757
v -0.09041 0.01332 0.20813
v -0.09161 0.01203 0.20857
v -0.09202 0.01028 0.20877
v -0.09154 0.00853 0.20868
v -0.09030 0.00726 0.20833
v -0.08862 0.00681 0.20780
v -0.08697 0.00729 0.20724
v -0.08578 0.00858 0.20680
v -0.08536 0.01034 0.20660
v -0.08584 0.01208 0.20668
v -0.08709 0.01335 0.20704
v -0.08876 0.01380 0.20757
v -0.08973 0.01365 0.20373
v -0.09144 0.01316 0.20405
v -0.09268 0.01186 0.20432
v -0.09310 0.01011 0.20446
v -0.09261 0.00836 0.20445
v -0.09132 0.00710 0.20427
v -0.08959 0.00666 0.20399
v -0.08787 0.00715 0.20367
v -0.08664 0.00845 0.20340
v -0.08621 0.01020 0.20326
v -0.08671 0.01194 0.20327
v -0.08799 0.01321 0.20345
v -0.08973 0.01365 0.20373
v -0.09007 0.01349 0.19980
v -0.09181 0.01299 0.19981
v -0.09307 0.01168 0.19986
v -0.09350 0.00993 0.19993
v -0.09299 0.00819 0.20000
v -0.09169 0.00693 0.20005
v -0.08993 0.00650 0.20008
v -0.08819 0.00701 0.20006
v -0.08693 0.00831 0.20001
v -0.08650 0.01007 0.19994
v -0.08701 0.01181 0.19987
v -0.08831 0.01306 0.19982
v -0.09007 0.01349 0.19980
v -0.08977 0.01335 0.19587
v -0.09149 0.01283 0.19564
v -0.09273 0.01152 0.19551
v -0.09316 0.00976 0.19551
v -0.09266 0.00802 0.19565
v -0.09136 0.00678 0.19588
v -0.08962 0.00635 0.19614
v -0.08790 0.00687 0.19637
v -0.08666 0.00818 0.19650
v -0.08623 0.00994 0.19649
v -0.08673 0.01168 0.19636
v -0.08802 0.01292 0.19613
v -0.08977 0.01335 0.19587
v -0.08902 0.01321 0.19199
v -0.09072 0.01269 0.19161
v -0.09194 0.01138 0.19137
v -0.09236 0.00962 0.19133
v -0.09186 0.00788 0.19150
v -0.09059 0.00664 0.19184
v -0.08888 0.00622 0.19226
v -0.08718 0.00674 0.19264
v -0.08596 0.00806 0.19289
v -0.08554 0.00982 0.19293
v -0.08604 0.01155 0.19275
v -0.08731 0.01280 0.19241
v -0.08902 0.01321 0.19199
v -0.08798 0.01309 0.18819
v -0.08964 0.01257 0.18769
v -0.09084 0.01125 0.18736
v -0.09125 0.00949 0.18729
v -0.09077 0.00775 0.18750
v -0.08952 0.00651 0.18792
v -0.08784 0.00610 0.18845
v -0.08617 0.00662 0.18895
v -0.08498 0.00794 0.18928
v -0.08456 0.00970 0.18935
v -0.08505 0.01144 0.18914
v -0.08630 0.01268 0.18872
v -0.08798 0.01309 0.18819
v -0.08672 0.01297 0.18444
v -0.08835 0.01245 0.18386
v -0.08952 0.01113 0.18347
v -0.08993 0.00936 0.18338
v -0.08945 0.00763 0.18360
v -0.08822 0.00639 0.18409
v -0.08657 0.00598 0.18471
v -0.08494 0.00651 0.18530
v -0.08376 0.00783 0.18569
v -0.08336 0.00959 0.18578
v -0.08383 0.01132 0.18555
v -0.08506 0.01256 0.18506
v -0.08672 0.01297 0.18444
v -0.08527 0.01286 0.18077
v -0.08687 0.01233 0.18011
v -0.08803 0.01101 0.17967
v -0.08842 0.00925 0.17955
v -0.08795 0.00751 0.17980
v -0.08675 0.00628 0.18035
v -0.08512 0.00587 0.18104
v -0.08352 0.00639 0.18170
v -0.08237 0.00772 0.18215
v -0.08197 0.00948 0.18226
v -0.08244 0.01121 0.18201
v -0.08364 0.01245 0.18146
v -0.08527 0.01286 0.18077
v -0.08366 0.01275 0.17716
v -0.08523 0.01222 0.17644
v -0.08637 0.01090 0.17594
v -0.08676 0.00913 0.17582
v -0.08630 0.00740 0.17608
v -0.08511 0.00616 0.17668
v -0.08352 0.00576 0.17744
v -0.08195 0.00629 0.17816
v -0.08081 0.00761 0.17865
v -0.08042 0.00938 0.17878
v -0.08088 0.01111 0.17851
v -0.08207 0.01234 0.17792
v -0.08366 0.01275 0.17716
v -0.08191 0.01264 0.17361
v -0.08345 0.01211 0.17283
v -0.08457 0.01078 0.17230
v -0.08495 0.00902 0.17215
v -0.08450 0.00729 0.17244
v -0.08334 0.00605 0.17308
v -0.08177 0.00565 0.17390
v -0.08023 0.00618 0.17469
v -0.07912 0.00751 0.17522
v -0.07874 0.00927 0.17536
v -0.07919 0.01100 0.17508
v -0.08035 0.01224 0.17444
v -0.08191 0.01264 0.17361
v -0.08002 0.01253 0.17014
v -0.08154 0.01200 0.16930
v -0.08262 0.01067 0.16872
v -0.08300 0.00890 0.16856
v -0.08256 0.00717 0.16887
v -0.08142 0.00594 0.16955
v -0.07989 0.00554 0.17044
v -0.07838 0.00607 0.17128
v -0.07729 0.00740 0.17186
v -0.07692 0.00917 0.17201
v -0.07736 0.01090 0.17171
v -0.07849 0.01213 0.17102
v -0.08002 0.01253 0.17014
v -0.07800 0.01242 0.16674
v -0.07947 0.01188 0.16584
v -0.08054 0.01056 0.16522
v -0.08091 0.00879 0.16505
v -0.08048 0.00706 0.16537
v -0.07937 0.00583 0.16611
v -0.07788 0.00543 0.16705
v -0.07640 0.00596 0.16796
v -0.07533 0.00729 0.16858
v -0.07497 0.00906 0.16875
v -0.07540 0.01079 0.16842
v -0.07651 0.01202 0.16769
v -0.07800 0.01242 0.16674
v -0.07583 0.01231 0.16343
v -0.07726 0.01177 0.16246
v -0.07830 0.01044 0.16180
v -0.07866 0.00867 0.16161
v -0.07824 0.00694 0.16196
v -0.07717 0.00571 0.16275
v -0.07572 0.00531 0.16376
v -0.07428 0.00585 0.16473
v -0.07325 0.00718 0.16539
v -0.07289 0.00895 0.16558
v -0.07331 0.01068 0.16523
v -0.07438 0.01191 0.16444
v -0.07583 0.01231 0.16343
v -0.07350 0.01219 0.16023
v -0.07488 0.01165 0.15919
v -0.07588 0.01032 0.15847
v -0.07622 0.00855 0.15827
v -0.07583 0.00682 0.15864
v -0.07479 0.00559 0.15949
v -0.07340 0.00520 0.16058
v -0.07202 0.00574 0.16162
v -0.07102 0.00707 0.16233
v -0.07068 0.00884 0.16253
v -0.07107 0.01057 0.16216
v -0.07211 0.01179 0.16132
v -0.07350 0.01219 0.16023
v -0.07098 0.01206 0.15717
v -0.07229 0.01152 0.15604
v -0.07323 0.01018 0.15526
v -0.07356 0.00842 0.15504
v -0.07319 0.00669 0.15545
v -0.07222 0.00546 0.15636
v -0.07090 0.00507 0.15754
v -0.06960 0.00562 0.15867
v -0.06865 0.00695 0.15945
v -0.06832 0.00872 0.15967
v -0.06869 0.01045 0.15926
v -0.06966 0.01167 0.15835
v -0.07098 0.01206 0.15717
v -0.06822 0.01192 0.15431
v -0.06941 0.01138 0.15306
v -0.07028 0.01004 0.15220
v -0.07059 0.00827 0.15197
v -0.07026 0.00654 0.15241
v -0.06938 0.00532 0.15342
v -0.06818 0.00494 0.15472
v -0.06699 0.00549 0.15597
v -0.06612 0.00683 0.15683
v -0.06581 0.00859 0.15707
v -0.06614 0.01032 0.15662
v -0.06702 0.01154 0.15561
v -0.06822 0.01192 0.15431
v -0.06512 0.01177 0.15179
v -0.06611 0.01121 0.15038
v -0.06684 0.00986 0.14941
v -0.06711 0.00809 0.14915
v -0.06686 0.00637 0.14965
v -0.06614 0.00516 0.15079
v -0.06516 0.00478 0.15227
v -0.06417 0.00534 0.15368
v -0.06344 0.00669 0.15465
v -0.06316 0.00846 0.15492
v -0.06342 0.01018 0.15441
v -0.06414 0.01139 0.15327
v -0.06512 0.01177 0.15179
v -0.06151 0.01158 0.15000
v -0.06202 0.01099 0.14836
v -0.06242 0.00963 0.14724
v -0.06261 0.00785 0.14693
v -0.06253 0.00614 0.14752
v -0.06221 0.00495 0.14885
v -0.06173 0.00460 0.15056
v -0.06122 0.00519 0.15220
v -0.06082 0.00655 0.15332
v -0.06063 0.00833 0.15363
v -0.06071 0.01004 0.15304
v -0.06103 0.01123 0.15171
v -0.06151 0.01158 0.15000
v -0.05746 0.01135 0.15004
v -0.05698 0.01071 0.14842
v -0.05670 0.00931 0.14730
v -0.05670 0.00752 0.14700
v -0.05698 0.00583 0.14758
v -0.05747 0.00469 0.14890
v -0.05802 0.00439 0.15060
v -0.05850 0.00503 0.15222
v -0.05878 0.00644 0.15334
v -0.05878 0.00822 0.15365
v -0.05850 0.00991 0.15306
v -0.05801 0.01106 0.15174
v -0.05746 0.01135 0.15004
v -0.05394 0.01116 0.15198
v -0.05294 0.01049 0.15062
v -0.05230 0.00907 0.14969
v -0.05221 0.00728 0.14944
v -0.05267 0.00560 0.14993
v -0.05357 0.00447 0.15103
v -0.05466 0.00421 0.15245
v -0.05566 0.00488 0.15380
v -0.05630 0.00630 0.15473
v -0.05639 0.00809 0.15499
v -0.05593 0.00977 0.15450
v -0.05503 0.01090 0.15340
v -0.05394 0.01116 0.15198
v -0.05100 0.01100 0.15467
v -0.04979 0.01032 0.15350
v -0.04902 0.00890 0.15270
v -0.04888 0.00710 0.15248
v -0.04941 0.00542 0.15290
v -0.05048 0.00431 0.15385
v -0.05179 0.00406 0.15508
v -0.05299 0.00474 0.15625
v -0.05377 0.00617 0.15706
v -0.05391 0.00796 0.15727
v -0.05337 0.00964 0.15685
v -0.05231 0.01075 0.15590
v -0.05100 0.01100 0.15467
v -0.04841 0.01087 0.15769
v -0.04711 0.01019 0.15663
v -0.04626 0.00875 0.15591
v -0.04610 0.00696 0.15571
v -0.04667 0.00528 0.15610
v -0.04782 0.00417 0.15695
v -0.04923 0.00393 0.15806
v -0.05054 0.00461 0.15912
v -0.05138 0.00605 0.15984
v -0.05154 0.00784 0.16004
v -0.05097 0.00952 0.15965
v -0.04982 0.01063 0.15879
v -0.04841 0.01087 0.15769
v -0.04605 0.01075 0.16087
v -0.04469 0.01006 0.15989
v -0.04381 0.00863 0.15922
v -0.04364 0.00684 0.15904
v -0.04423 0.00516 0.15939
v -0.04542 0.00405 0.16019
v -0.04689 0.00381 0.16122
v -0.04825 0.00450 0.16220
v -0.04913 0.00593 0.16287
v -0.04930 0.00773 0.16305
v -0.04871 0.00940 0.16269
v -0.04752 0.01051 0.16190
v -0.04605 0.01075 0.16087
v -0.04384 0.01064 0.16415
v -0.04244 0.00995 0.16322
v -0.04153 0.00852 0.16259
v -0.04136 0.00672 0.16242
v -0.04196 0.00505 0.16276
v -0.04318 0.00394 0.16351
v -0.04469 0.00370 0.16448
v -0.04609 0.00439 0.16541
v -0.04699 0.00583 0.16605
v -0.04717 0.00762 0.16622
v -0.04657 0.00930 0.16588
v -0.04535 0.01040 0.16512
v -0.04384 0.01064 0.16415
v -0.04173 0.01054 0.16750
v -0.04031 0.00985 0.16661
v -0.03939 0.00841 0.16600
v -0.03921 0.00662 0.16584
v -0.03982 0.00494 0.16616
v -0.04106 0.00384 0.16689
v -0.04259 0.00360 0.16782
v -0.04401 0.00429 0.16871
v -0.04493 0.00573 0.16932
v -0.04511 0.00752 0.16948
v -0.04450 0.00920 0.16916
v -0.04326 0.01030 0.16843
v -0.04173 0.01054 0.16750
v -0.03969 0.01044 0.17089
v -0.03826 0.00975 0.17002
v -0.03733 0.00831 0.16943
v -0.03714 0.00652 0.16927
v -0.03776 0.00485 0.16959
v -0.03901 0.00374 0.17030
v -0.04056 0.00350 0.17120
v -0.04199 0.00419 0.17207
v -0.04293 0.00563 0.17266
v -0.04311 0.00742 0.17282
v -0.04250 0.00910 0.17250
v -0.04124 0.01020 0.17180
v -0.03969 0.01044 0.17089
v -0.03771 0.01035 0.17431
v -0.03627 0.00965 0.17346
v -0.03532 0.00822 0.17288
v -0.03514 0.00642 0.17273
v -0.03576 0.00475 0.17304
v -0.03702 0.00365 0.17373
v -0.03858 0.00341 0.17461
v -0.04002 0.00410 0.17546
v -0.04096 0.00553 0.17604
v -0.04115 0.00733 0.17620
v -0.04053 0.00900 0.17589
v -0.03927 0.01011 0.17520
v -0.03771 0.01035 0.17431
v -0.03576 0.01025 0.17774
v -0.03431 0.00956 0.17691
v -0.03336 0.00812 0.17634
v -0.03318 0.00633 0.17618
v -0.03380 0.00466 0.17649
v -0.03506 0.00355 0.17717
v -0.03663 0.00331 0.17805
v -0.03808 0.00401 0.17888
v -0.03903 0.00544 0.17946
v -0.03921 0.00724 0.17961
v -0.03859 0.00891 0.17930
v -0.03733 0.01001 0.17862
v -0.03576 0.01025 0.17774
v -0.03383 0.01016 0.18119
v -0.03237 0.00947 0.18036
v -0.03142 0.00803 0.17979
v -0.03124 0.00624 0.17964
v -0.03186 0.00456 0.17994
v -0.03313 0.00346 0.18062
v -0.03470 0.00322 0.18149
v -0.03615 0.00391 0.18232
v -0.03710 0.00535 0.18289
v -0.03728 0.00715 0.18304
v -0.03666 0.00882 0.18274
v -0.03540 0.00992 0.18206
v -0.03383 0.01016 0.18119
v -0.03190 0.01007 0.18463
v -0.03044 0.00938 0.18380
v -0.02950 0.00794 0.18323
v -0.02931 0.00614 0.18308
v -0.02993 0.00447 0.18338
v -0.03120 0.00337 0.18406
v -0.03277 0.00313 0.18494
v -0.03422 0.00382 0.18577
v -0.03517 0.00526 0.18634
v -0.03535 0.00705 0.18649
v -0.03473 0.00873 0.18619
v -0.03347 0.00983 0.18551
v -0.03190 0.01007 0.18463
v -0.02996 0.00998 0.18807
v -0.02851 0.00928 0.18723
v -0.02757 0.00785 0.18666
v -0.02738 0.00605 0.18651
v -0.02800 0.00438 0.18681
v -0.02927 0.00327 0.18750
v -0.03083 0.00304 0.18838
v -0.03228 0.00373 0.18922
v -0.03322 0.00516 0.18979
v -0.03341 0.00696 0.18995
v -0.03279 0.00863 0.18964
v -0.03153 0.00974 0.18895
v -0.02996 0.00998 0.18807
v -0.02800 0.00988 0.19150
v -0.02656 0.00919 0.19065
v -0.02562 0.00775 0.19007
v -0.02544 0.00596 0.18991
v -0.02605 0.00428 0.19022
v -0.02731 0.00318 0.19092
v -0.02887 0.00294 0.19181
v -0.03031 0.00363 0.19266
v -0.03125 0.00507 0.19324
v -0.03143 0.00687 0.19340
v -0.03082 0.00854 0.19309
v -0.02956 0.00964 0.19239
v -0.02800 0.00988 0.19150
v -0.02601 0.00979 0.19490
v -0.02458 0.00909 0.19403
v -0.02364 0.00766 0.19344
v -0.02346 0.00586 0.19328
v -0.02408 0.00419 0.19359
v -0.02532 0.00309 0.19431
v -0.02687 0.00285 0.19522
v -0.02830 0.00354 0.19609
v -0.02923 0.00497 0.19669
v -0.02941 0.00677 0.19685
v -0.02880 0.00844 0.19653
v -0.02755 0.00955 0.19582
v -0.02601 0.00979 0.19490
v -0.02395 0.00969 0.19827
v -0.02254 0.00900 0.19737
v -0.02162 0.00756 0.19675
v -0.02144 0.00577 0.19659
v -0.02205 0.00409 0.19692
v -0.02329 0.00299 0.19765
v -0.02481 0.00275 0.19860
v -0.02623 0.00344 0.19950
v -0.02714 0.00487 0.20012
v -0.02732 0.00667 0.20028
v -0.02671 0.00834 0.19995
v -0.02548 0.00945 0.19922
v -0.02395 0.00969 0.19827
v -0.02182 0.00958 0.20159
v -0.02044 0.00889 0.20064
v -0.01954 0.00746 0.20000
v -0.01936 0.00566 0.19983
v -0.01996 0.00399 0.20017
v -0.02117 0.00288 0.20094
v -0.02267 0.00264 0.20193
v -0.02406 0.00333 0.20287
v -0.02496 0.00476 0.20351
v -0.02513 0.00656 0.20369
v -0.02453 0.00823 0.20335
v -0.02332 0.00934 0.20258
v -0.02182 0.00958 0.20159
v -0.01958 0.00947 0.20482
v -0.01824 0.00878 0.20382
v -0.01737 0.00735 0.20313
v -0.01720 0.00556 0.20295
v -0.01778 0.00388 0.20331
v -0.01896 0.00277 0.20413
v -0.02042 0.00253 0.20518
v -0.02176 0.00322 0.20618
v -0.02263 0.00465 0.20687
v -0.02280 0.00644 0.20705
v -0.02222 0.00812 0.20669
v -0.02104 0.00923 0.20587
v -0.01958 0.00947 0.20482
f 7570 7583 7571
f 7583 7584 7571
f 7571 7584 7572
f 7584 7585 7572
f 7572 7585 7573
f 7585 7586 7573
f 7573 7586 7574
f 7586 7587 7574
f 7574 7587 7575
f 7587 7588 7575
f 7575 7588 7576
f 7588 7589 7576
f 7576 7589 7577
f 7589 7590 7577
f 7577 7590 7578
f 7590 7591 7578
f 7578 7591 7579
f 7591 7592 7579
f 7579 7592 7580
f 7592 7593 7580
f 7580 7593 7581
f 7593 7594 7581
f 7581 7594 7582
f 7594 7595 7582
f 7583 7596 7584
f 7596 7597 7584
f 7584 7597 7585
f 7597 7598 7585
f 7585 7598 7586
f 7598 7599 7586
f 7586 7599 7587
f 7599 7600 7587
f 7587 7600 7588
f 7600 7601 7588
f 7588 7601 7589
f 7601 7602 7589
f 7589 7602 7590
f 7602 7603 7590
f 7590 7603 7591
f 7603 7604 7591
f 7591 7604 7592
f 7604 7605 7592
f 7592 7605 7593
f 7605 7606 7593
f 7593 7606 7594
f 7606 7607 7594
f 7594 7607 7595
f 7607 7608 7595
f 7596 7609 7597
f 7609 7610 7597
f 7597 7610 7598
f 7610 7611 7598
f 7598 7611 7599
f 7611 7612 7599
f 7599 7612 7600
f 7612 7613 7600
f 7600 7613 7601
f 7613 7614 7601
f 7601 7614 7602
f 7614 7615 7602
f 7602 7615 7603
f 7615 7616 7603
f 7603 7616 7604
f 7616 7617 7604
f 7604 7617 7605
f 7617 7618 7605
f 7605 7618 7606
f 7618 7619 7606
f 7606 7619 7607
f 7619 7620 7607
f 7607 7620 7608
f 7620 7621 7608
f 7609 7622 7610
f 7622 7623 7610
f 7610 7623 7611
f 7623 7624 7611
f 7611 7624 7612
f 7624 7625 7612
f 7612 7625 7613
f 7625 7626 7613
f 7613 7626 7614
f 7626 7627 7614
f 7614 7627 7615
f 7627 7628 7615
f 7615 7628 7616
f 7628 7629 7616
f 7616 7629 7617
f 7629 7630 7617
f 7617 7630 7618
f 7630 7631 7618
f 7618 7631 7619
f 7631 7632 7619
f 7619 7632 7620
f 7632 7633 7620
f 7620 7633 7621
f 7633 7634 7621
f 7622 7635 7623
f 7635 7636 7623
f 7623 7636 7624
f 7636 7637 7624
f 7624 7637 7625
f 7637 7638 7625
f 7625 7638 7626
f 7638 7639 7626
f 7626 7639 7627
f 7639 7640 7627
f 7627 7640 7628
f 7640 7641 7628
f 7628 7641 7629
f 7641 7642 7629
f 7629 7642 7630
f 7642 7643 7630
f 7630 7643 7631
f 7643 7644 7631
f 7631 7644 7632
f 7644 7645 7632
f 7632 7645 7633
f 7645 7646 7633
f 7633 7646 7634
f 7646 7647 7634
f 7635 7648 7636
f 7648 7649 7636
f 7636 7649 7637
f 7649 7650 7637
f 7637 7650 7638
f 7650 7651 7638
f 7638 7651 7639
f 7651 7652 7639
f 7639 7652 7640
f 7652 7653 7640
f 7640 7653 7641
f 7653 7654 7641
f 7641 7654 7642
f 7654 7655 7642
f 7642 7655 7643
f 7655 7656 7643
f 7643 7656 7644
f 7656 7657 7644
f 7644 7657 7645
f 7657 7658 7645
f 7645 7658 7646
f 7658 7659 7646
f 7646 7659 7647
f 7659 7660 7647
f 7648 7661 7649
f 7661 7662 7649
f 7649 7662 7650
f 7662 7663 7650
f 7650 7663 7651
f 7663 7664 7651
f 7651 7664 7652
f 7664 7665 7652
f 7652 7665 7653
f 7665 7666 7653
f 7653 7666 7654
f 7666 7667 7654
f 7654 7667 7655
f 7667 7668 7655
f 7655 7668 7656
f 7668 7669 7656
f 7656 7669 7657
f 7669 7670 7657
f 7657 7670 7658
f 7670 7671 7658
f 7658 7671 7659
f 7671 7672 7659
f 7659 7672 7660
f 7672 7673 7660
f 7661 7674 7662
f 7674 7675 7662
f 7662 7675 7663
f 7675 7676 7663
f 7663 7676 7664
f 7676 7677 7664
f 7664 7677 7665
f 7677 7678 7665
f 7665 7678 7666
f 7678 7679 7666
f 7666 7679 7667
f 7679 7680 7667
f 7667 7680 7668
f 7680 7681 7668
f 7668 7681 7669
f 7681 7682 7669
f 7669 7682 7670
f 7682 7683 7670
f 7670 7683 7671
f 7683 7684 7671
f 7671 7684 7672
f 7684 7685 7672
f 7672 7685 7673
f 7685 7686 7673
f 7674 7687 7675
f 7687 7688 7675
f 7675 7688 7676
f 7688 7689 7676
f 7676 7689 7677
f 7689 7690 7677
f 7677 7690 7678
f 7690 7691 7678
f 7678 7691 7679
f 7691 7692 7679
f 7679 7692 7680
f 7692 7693 7680
f 7680 7693 7681
f 7693 7694 7681
f 7681 7694 7682
f 7694 7695 7682
f 7682 7695 7683
f 7695 7696 7683
f 7683 7696 7684
f 7696 7697 7684
f 7684 7697 7685
f 7697 7698 7685
f 7685 7698 7686
f 7698 7699 7686
f 7687 7700 7688
f 7700 7701 7688
f 7688 7701 7689
f 7701 7702 7689
f 7689 7702 7690
f 7702 7703 7690
f 7690 7703 7691
f 7703 7704 7691
f 7691 7704 7692
f 7704 7705 7692
f 7692 7705 7693
f 7705 7706 7693
f 7693 7706 7694
f 7706 7707 7694
f 7694 7707 7695
f 7707 7708 7695
f 7695 7708 7696
f 7708 7709 7696
f 7696 7709 7697
f 7709 7710 7697
f 7697 7710 7698
f 7710 7711 7698
f 7698 7711 7699
f 7711 7712 7699
f 7700 7713 7701
f 7713 7714 7701
f 7701 7714 7702
f 7714 7715 7702
f 7702 7715 7703
f 7715 7716 7703
f 7703 7716 7704
f 7716 7717 7704
f 7704 7717 7705
f 7717 7718 7705
f 7705 7718 7706
f 7718 7719 7706
f 7706 7719 7707
f 7719 7720 7707
f 7707 7720 7708
f 7720 7721 7708
f 7708 7721 7709
f 7721 7722 7709
f 7709 7722 7710
f 7722 7723 7710
f 7710 7723 7711
f 7723 7724 7711
f 7711 7724 7712
f 7724 7725 7712
f 7713 7726 7714
f 7726 7727 7714
f 7714 7727 7715
f 7727 7728 7715
f 7715 7728 7716
f 7728 7729 7716
f 7716 7729 7717
f 7729 7730 7717
f 7717 7730 7718
f 7730 7731 7718
f 7718 7731 7719
f 7731 7732 7719
f 7719 7732 7720
f 7732 7733 7720
f 7720 7733 7721
f 7733 7734 7721
f 7721 7734 7722
f 7734 7735 7722
f 7722 7735 7723
f 7735 7736 7723
f 7723 7736 7724
f 7736 7737 7724
f 7724 7737 7725
f 7737 7738 7725
f 7726 7739 7727
f 7739 7740 7727
f 7727 7740 7728
f 7740 7741 7728
f 7728 7741 7729
f 7741 7742 7729
f 7729 7742 7730
f 7742 7743 7730
f 7730 7743 7731
f 7743 7744 7731
f 7731 7744 7732
f 7744 7745 7732
f 7732 7745 7733
f 7745 7746 7733
f 7733 7746 7734
f 7746 7747 7734
f 7734 7747 7735
f 7747 7748 7735
f 7735 7748 7736
f 7748 7749 7736
f 7736 7749 7737
f 7749 7750 7737
f 7737 7750 7738
f 7750 7751 7738
f 7739 7752 7740
f 7752 7753 7740
f 7740 7753 7741
f 7753 7754 7741
f 7741 7754 7742
f 7754 7755 7742
f 7742 7755 7743
f 7755 7756 7743
f 7743 7756 7744
f 7756 7757 7744
f 7744 7757 7745
f 7757 7758 7745
f 7745 7758 7746
f 7758 7759 7746
f 7746 7759 7747
f 7759 7760 7747
f 7747 7760 7748
f 7760 7761 7748
f 7748 7761 7749
f 7761 7762 7749
f 7749 7762 7750
f 7762 7763 7750
f 7750 7763 7751
f 7763 7764 7751
f 7752 7765 7753
f 7765 7766 7753
f 7753 7766 7754
f 7766 7767 7754
f 7754 7767 7755
f 7767 7768 7755
f 7755 7768 7756
f 7768 7769 7756
f 7756 7769 7757
f 7769 7770 7757
f 7757 7770 7758
f 7770 7771 7758
f 7758 7771 7759
f 7771 7772 7759
f 7759 7772 7760
f 7772 7773 7760
f 7760 7773 7761
f 7773 7774 7761
f 7761 7774 7762
f 7774 7775 7762
f 7762 7775 7763
f 7775 7776 7763
f 7763 7776 7764
f 7776 7777 7764
f 7765 7778 7766
f 7778 7779 7766
f 7766 7779 7767
f 7779 7780 7767
f 7767 7780 7768
f 7780 7781 7768
f 7768 7781 7769
f 7781 7782 7769
f 7769 7782 7770
f 7782 7783 7770
f 7770 7783 7771
f 7783 7784 7771
f 7771 7784 7772
f 7784 7785 7772
f 7772 7785 7773
f 7785 7786 7773
f 7773 7786 7774
f 7786 7787 7774
f 7774 7787 7775
f 7787 7788 7775
f 7775 7788 7776
f 7788 7789 7776
f 7776 7789 7777
f 7789 7790 7777
f 7778 7791 7779
f 7791 7792 7779
f 7779 7792 7780
f 7792 7793 7780
f 7780 7793 7781
f 7793 7794 7781
f 7781 7794 7782
f 7794 7795 7782
f 7782 7795 7783
f 7795 7796 7783
f 7783 7796 7784
f 7796 7797 7784
f 7784 7797 7785
f 7797 7798 7785
f 7785 7798 7786
f 7798 7799 7786
f 7786 7799 7787
f 7799 7800 7787
f 7787 7800 7788
f 7800 7801 7788
f 7788 7801 7789
f 7801 7802 7789
f 7789 7802 7790
f 7802 7803 7790
f 7791 7804 7792
f 7804 7805 7792
f 7792 7805 7793
f 7805 7806 7793
f 7793 7806 7794
f 7806 7807 7794
f 7794 7807 7795
f 7807 7808 7795
f 7795 7808 7796
f 7808 7809 7796
f 7796 7809 7797
f 7809 7810 7797
f 7797 7810 7798
f 7810 7811 7798
f 7798 7811 7799
f 7811 7812 7799
f 7799 7812 7800
f 7812 7813 7800
f 7800 7813 7801
f 7813 7814 7801
f 7801 7814 7802
f 7814 7815 7802
f 7802 7815 7803
f 7815 7816 7803
f 7804 7817 7805
f 7817 7818 7805
f 7805 7818 7806
f 7818 7819 7806
f 7806 7819 7807
f 7819 7820 7807
f 7807 7820 7808
f 7820 7821 7808
f 7808 7821 7809
f 7821 7822 7809
f 7809 7822 7810
f 7822 7823 7810
f 7810 7823 7811
f 7823 7824 7811
f 7811 7824 7812
f 7824 7825 7812
f 7812 7825 7813
f 7825 7826 7813
f 7813 7826 7814
f 7826 7827 7814
f 7814 7827 7815
f 7827 7828 7815
f 7815 7828 7816
f 7828 7829 7816
f 7817 7830 7818
f 7830 7831 7818
f 7818 7831 7819
f 7831 7832 7819
f 7819 7832 7820
f 7832 7833 7820
f 7820 7833 7821
f 7833 7834 7821
f 7821 7834 7822
f 7834 7835 7822
f 7822 7835 7823
f 7835 7836 7823
f 7823 7836 7824
f 7836 7837 7824
f 7824 7837 7825
f 7837 7838 7825
f 7825 7838 7826
f 7838 7839 7826
f 7826 7839 7827
f 7839 7840 7827
f 7827 7840 7828
f 7840 7841 7828
f 7828 7841 7829
f 7841 7842 7829
f 7830 7843 7831
f 7843 7844 7831
f 7831 7844 7832
f 7844 7845 7832
f 7832 7845 7833
f 7845 7846 7833
f 7833 7846 7834
f 7846 7847 7834
f 7834 7847 7835
f 7847 7848 7835
f 7835 7848 7836
f 7848 7849 7836
f 7836 7849 7837
f 7849 7850 7837
f 7837 7850 7838
f 7850 7851 7838
f 7838 7851 7839
f 7851 7852 7839
f 7839 7852 7840
f 7852 7853 7840
f 7840 7853 7841
f 7853 7854 7841
f 7841 7854 7842
f 7854 7855 7842
f 7843 7856 7844
f 7856 7857 7844
f 7844 7857 7845
f 7857 7858 7845
f 7845 7858 7846
f 7858 7859 7846
f 7846 7859 7847
f 7859 7860 7847
f 7847 7860 7848
f 7860 7861 7848
f 7848 7861 7849
f 7861 7862 7849
f 7849 7862 7850
f 7862 7863 7850
f 7850 7863 7851
f 7863 7864 7851
f 7851 7864 7852
f 7864 7865 7852
f 7852 7865 7853
f 7865 7866 7853
f 7853 7866 7854
f 7866 7867 7854
f 7854 7867 7855
f 7867 7868 7855
f 7856 7869 7857
f 7869 7870 7857
f 7857 7870 7858
f 7870 7871 7858
f 7858 7871 7859
f 7871 7872 7859
f 7859 7872 7860
f 7872 7873 7860
f 7860 7873 7861
f 7873 7874 7861
f 7861 7874 7862
f 7874 7875 7862
f 7862 7875 7863
f 7875 7876 7863
f 7863 7876 7864
f 7876 7877 7864
f 7864 7877 7865
f 7877 7878 7865
f 7865 7878 7866
f 7878 7879 7866
f 7866 7879 7867
f 7879 7880 7867
f 7867 7880 7868
f 7880 7881 7868
f 7869 7882 7870
f 7882 7883 7870
f 7870 7883 7871
f 7883 7884 7871
f 7871 7884 7872
f 7884 7885 7872
f 7872 7885 7873
f 7885 7886 7873
f 7873 7886 7874
f 7886 7887 7874
f 7874 7887 7875
f 7887 7888 7875
f 7875 7888 7876
f 7888 7889 7876
f 7876 7889 7877
f 7889 7890 7877
f 7877 7890 7878
f 7890 7891 7878
f 7878 7891 7879
f 7891 7892 7879
f 7879 7892 7880
f 7892 7893 7880
f 7880 7893 7881
f 7893 7894 7881
f 7882 7895 7883
f 7895 7896 7883
f 7883 7896 7884
f 7896 7897 7884
f 7884 7897 7885
f 7897 7898 7885
f 7885 7898 7886
f 7898 7899 7886
f 7886 7899 7887
f 7899 7900 7887
f 7887 7900 7888
f 7900 7901 7888
f 7888 7901 7889
f 7901 7902 7889
f 7889 7902 7890
f 7902 7903 7890
f 7890 7903 7891
f 7903 7904 7891
f 7891 7904 7892
f 7904 7905 7892
f 7892 7905 7893
f 7905 7906 7893
f 7893 7906 7894
f 7906 7907 7894
f 7895 7908 7896
f 7908 7909 7896
f 7896 7909 7897
f 7909 7910 7897
f 7897 7910 7898
f 7910 7911 7898
f 7898 7911 7899
f 7911 7912 7899
f 7899 7912 7900
f 7912 7913 7900
f 7900 7913 7901
f 7913 7914 7901
f 7901 7914 7902
f 7914 7915 7902
f 7902 7915 7903
f 7915 7916 7903
f 7903 7916 7904
f 7916 7917 7904
f 7904 7917 7905
f 7917 7918 7905
f 7905 7918 7906
f 7918 7919 7906
f 7906 7919 7907
f 7919 7920 7907
f 7908 7921 7909
f 7921 7922 7909
f 7909 7922 7910
f 7922 7923 7910
f 7910 7923 7911
f 7923 7924 7911
f 7911 7924 7912
f 7924 7925 7912
f 7912 7925 7913
f 7925 7926 7913
f 7913 7926 7914
f 7926 7927 7914
f 7914 7927 7915
f 7927 7928 7915
f 7915 7928 7916
f 7928 7929 7916
f 7916 7929 7917
f 7929 7930 7917
f 7917 7930 7918
f 7930 7931 7918
f 7918 7931 7919
f 7931 7932 7919
f 7919 7932 7920
f 7932 7933 7920
f 7921 7934 7922
f 7934 7935 7922
f 7922 7935 7923
f 7935 7936 7923
f 7923 7936 7924
f 7936 7937 7924
f 7924 7937 7925
f 7937 7938 7925
f 7925 7938 7926
f 7938 7939 7926
f 7926 7939 7927
f 7939 7940 7927
f 7927 7940 7928
f 7940 7941 7928
f 7928 7941 7929
f 7941 7942 7929
f 7929 7942 7930
f 7942 7943 7930
f 7930 7943 7931
f 7943 7944 7931
f 7931 7944 7932
f 7944 7945 7932
f 7932 7945 7933
f 7945 7946 7933
f 7934 7947 7935
f 7947 7948 7935
f 7935 7948 7936
f 7948 7949 7936
f 7936 7949 7937
f 7949 7950 7937
f 7937 7950 7938
f 7950 7951 7938
f 7938 7951 7939
f 7951 7952 7939
f 7939 7952 7940
f 7952 7953 7940
f 7940 7953 7941
f 7953 7954 7941
f 7941 7954 7942
f 7954 7955 7942
f 7942 7955 7943
f 7955 7956 7943
f 7943 7956 7944
f 7956 7957 7944
f 7944 7957 7945
f 7957 7958 7945
f 7945 7958 7946
f 7958 7959 7946
f 7947 7960 7948
f 7960 7961 7948
f 7948 7961 7949
f 7961 7962 7949
f 7949 7962 7950
f 7962 7963 7950
f 7950 7963 7951
f 7963 7964 7951
f 7951 7964 7952
f 7964 7965 7952
f 7952 7965 7953
f 7965 7966 7953
f 7953 7966 7954
f 7966 7967 7954
f 7954 7967 7955
f 7967 7968 7955
f 7955 7968 7956
f 7968 7969 7956
f 7956 7969 7957
f 7969 7970 7957
f 7957 7970 7958
f 7970 7971 7958
f 7958 7971 7959
f 7971 7972 7959
f 7960 7973 7961
f 7973 7974 7961
f 7961 7974 7962
f 7974 7975 7962
f 7962 7975 7963
f 7975 7976 7963
f 7963 7976 7964
f 7976 7977 7964
f 7964 7977 7965
f 7977 7978 7965
f 7965 7978 7966
f 7978 7979 7966
f 7966 7979 7967
f 7979 7980 7967
f 7967 7980 7968
f 7980 7981 7968
f 7968 7981 7969
f 7981 7982 7969
f 7969 7982 7970
f 7982 7983 7970
f 7970 7983 7971
f 7983 7984 7971
f 7971 7984 7972
f 7984 7985 7972
f 7973 7986 7974
f 7986 7987 7974
f 7974 7987 7975
f 7987 7988 7975
f 7975 7988 7976
f 7988 7989 7976
f 7976 7989 7977
f 7989 7990 7977
f 7977 7990 7978
f 7990 7991 7978
f 7978 7991 7979
f 7991 7992 7979
f 7979 7992 7980
f 7992 7993 7980
f 7980 7993 7981
f 7993 7994 7981
f 7981 7994 7982
f 7994 7995 7982
f 7982 7995 7983
f 7995 7996 7983
f 7983 7996 7984
f 7996 7997 7984
f 7984 7997 7985
f 7997 7998 7985
f 7986 7999 7987
f 7999 8000 7987
f 7987 8000 7988
f 8000 8001 7988
f 7988 8001 7989
f 8001 8002 7989
f 7989 8002 7990
f 8002 8003 7990
f 7990 8003 7991
f 8003 8004 7991
f 7991 8004 7992
f 8004 8005 7992
f 7992 8005 7993
f 8005 8006 7993
f 7993 8006 7994
f 8006 8007 7994
f 7994 8007 7995
f 8007 8008 7995
f 7995 8008 7996
f 8008 8009 7996
f 7996 8009 7997
f 8009 8010 7997
f 7997 8010 7998
f 8010 8011 7998
f 7999 8012 8000
f 8012 8013 8000
f 8000 8013 8001
f 8013 8014 8001
f 8001 8014 8002
f 8014 8015 8002
f 8002 8015 8003
f 8015 8016 8003
f 8003 8016 8004
f 8016 8017 8004
f 8004 8017 8005
f 8017 8018 8005
f 8005 8018 8006
f 8018 8019 8006
f 8006 8019 8007
f 8019 8020 8007
f 8007 8020 8008
f 8020 8021 8008
f 8008 8021 8009
f 8021 8022 8009
f 8009 8022 8010
f 8022 8023 8010
f 8010 8023 8011
f 8023 8024 8011
f 8012 8025 8013
f 8025 8026 8013
f 8013 8026 8014
f 8026 8027 8014
f 8014 8027 8015
f 8027 8028 8015
f 8015 8028 8016
f 8028 8029 8016
f 8016 8029 8017
f 8029 8030 8017
f 8017 8030 8018
f 8030 8031 8018
f 8018 8031 8019
f 8031 8032 8019
f 8019 8032 8020
f 8032 8033 8020
f 8020 8033 8021
f 8033 8034 8021
f 8021 8034 8022
f 8034 8035 8022
f 8022 8035 8023
f 8035 8036 8023
f 8023 8036 8024
f 8036 8037 8024
f 8025 8038 8026
f 8038 8039 8026
f 8026 8039 8027
f 8039 8040 8027
f 8027 8040 8028
f 8040 8041 8028
f 8028 8041 8029
f 8041 8042 8029
f 8029 8042 8030
f 8042 8043 8030
f 8030 8043 8031
f 8043 8044 8031
f 8031 8044 8032
f 8044 8045 8032
f 8032 8045 8033
f 8045 8046 8033
f 8033 8046 8034
f 8046 8047 8034
f 8034 8047 8035
f 8047 8048 8035
f 8035 8048 8036
f 8048 8049 8036
f 8036 8049 8037
f 8049 8050 8037
f 8038 8051 8039
f 8051 8052 8039
f 8039 8052 8040
f 8052 8053 8040
f 8040 8053 8041
f 8053 8054 8041
f 8041 8054 8042
f 8054 8055 8042
f 8042 8055 8043
f 8055 8056 8043
f 8043 8056 8044
f 8056 8057 8044
f 8044 8057 8045
f 8057 8058 8045
f 8045 8058 8046
f 8058 8059 8046
f 8046 8059 8047
f 8059 8060 8047
f 8047 8060 8048
f 8060 8061 8048
f 8048 8061 8049
f 8061 8062 8049
f 8049 8062 8050
f 8062 8063 8050
f 8051 8064 8052
f 8064 8065 8052
f 8052 8065 8053
f 8065 8066 8053
f 8053 8066 8054
f 8066 8067 8054
f 8054 8067 8055
f 8067 8068 8055
f 8055 8068 8056
f 8068 8069 8056
f 8056 8069 8057
f 8069 8070 8057
f 8057 8070 8058
f 8070 8071 8058
f 8058 8071 8059
f 8071 8072 8059
f 8059 8072 8060
f 8072 8073 8060
f 8060 8073 8061
f 8073 8074 8061
f 8061 8074 8062
f 8074 8075 8062
f 8062 8075 8063
f 8075 8076 8063
f 8064 8077 8065
f 8077 8078 8065
f 8065 8078 8066
f 8078 8079 8066
f 8066 8079 8067
f 8079 8080 8067
f 8067 8080 8068
f 8080 8081 8068
f 8068 8081 8069
f 8081 8082 8069
f 8069 8082 8070
f 8082 8083 8070
f 8070 8083 8071
f 8083 8084 8071
f 8071 8084 8072
f 8084 8085 8072
f 8072 8085 8073
f 8085 8086 8073
f 8073 8086 8074
f 8086 8087 8074
f 8074 8087 8075
f 8087 8088 8075
f 8075 8088 8076
f 8088 8089 8076
f 8077 8090 8078
f 8090 8091 8078
f 8078 8091 8079
f 8091 8092 8079
f 8079 8092 8080
f 8092 8093 8080
f 8080 8093 8081
f 8093 8094 8081
f 8081 8094 8082
f 8094 8095 8082
f 8082 8095 8083
f 8095 8096 8083
f 8083 8096 8084
f 8096 8097 8084
f 8084 8097 8085
f 8097 8098 8085
f 8085 8098 8086
f 8098 8099 8086
f 8086 8099 8087
f 8099 8100 8087
f 8087 8100 8088
f 8100 8101 8088
f 8088 8101 8089
f 8101 8102 8089
f 8090 8103 8091
f 8103 8104 8091
f 8091 8104 8092
f 8104 8105 8092
f 8092 8105 8093
f 8105 8106 8093
f 8093 8106 8094
f 8106 8107 8094
f 8094 8107 8095
f 8107 8108 8095
f 8095 8108 8096
f 8108 8109 8096
f 8096 8109 8097
f 8109 8110 8097
f 8097 8110 8098
f 8110 8111 8098
f 8098 8111 8099
f 8111 8112 8099
f 8099 8112 8100
f 8112 8113 8100
f 8100 8113 8101
f 8113 8114 8101
f 8101 8114 8102
f 8114 8115 8102
f 8103 8116 8104
f 8116 8117 8104
f 8104 8117 8105
f 8117 8118 8105
f 8105 8118 8106
f 8118 8119 8106
f 8106 8119 8107
f 8119 8120 8107
f 8107 8120 8108
f 8120 8121 8108
f 8108 8121 8109
f 8121 8122 8109
f 8109 8122 8110
f 8122 8123 8110
f 8110 8123 8111
f 8123 8124 8111
f 8111 8124 8112
f 8124 8125 8112
f 8112 8125 8113
f 8125 8126 8113
f 8113 8126 8114
f 8126 8127 8114
f 8114 8127 8115
f 8127 8128 8115
f 8116 8129 8117
f 8129 8130 8117
f 8117 8130 8118
f 8130 8131 8118
f 8118 8131 8119
f 8131 8132 8119
f 8119 8132 8120
f 8132 8133 8120
f 8120 8133 8121
f 8133 8134 8121
f 8121 8134 8122
f 8134 8135 8122
f 8122 8135 8123
f 8135 8136 8123
f 8123 8136 8124
f 8136 8137 8124
f 8124 8137 8125
f 8137 8138 8125
f 8125 8138 8126
f 8138 8139 8126
f 8126 8139 8127
f 8139 8140 8127
f 8127 8140 8128
f 8140 8141 8128
f 8129 8142 8130
f 8142 8143 8130
f 8130 8143 8131
f 8143 8144 8131
f 8131 8144 8132
f 8144 8145 8132
f 8132 8145 8133
f 8145 8146 8133
f 8133 8146 8134
f 8146 8147 8134
f 8134 8147 8135
f 8147 8148 8135
f 8135 8148 8136
f 8148 8149 8136
f 8136 8149 8137
f 8149 8150 8137
f 8137 8150 8138
f 8150 8151 8138
f 8138 8151 8139
f 8151 8152 8139
f 8139 8152 8140
f 8152 8153 8140
f 8140 8153 8141
f 8153 8154 8141
f 8142 8155 8143
f 8155 8156 8143
f 8143 8156 8144
f 8156 8157 8144
f 8144 8157 8145
f 8157 8158 8145
f 8145 8158 8146
f 8158 8159 8146
f 8146 8159 8147
f 8159 8160 8147
f 8147 8160 8148
f 8160 8161 8148
f 8148 8161 8149
f 8161 8162 8149
f 8149 8162 8150
f 8162 8163 8150
f 8150 8163 8151
f 8163 8164 8151
f 8151 8164 8152
f 8164 8165 8152
f 8152 8165 8153
f 8165 8166 8153
f 8153 8166 8154
f 8166 8167 8154
f 8155 8168 8156
f 8168 8169 8156
f 8156 8169 8157
f 8169 8170 8157
f 8157 8170 8158
f 8170 8171 8158
f 8158 8171 8159
f 8171 8172 8159
f 8159 8172 8160
f 8172 8173 8160
f 8160 8173 8161
f 8173 8174 8161
f 8161 8174 8162
f 8174 8175 8162
f 8162 8175 8163
f 8175 8176 8163
f 8163 8176 8164
f 8176 8177 8164
f 8164 8177 8165
f 8177 8178 8165
f 8165 8178 8166
f 8178 8179 8166
f 8166 8179 8167
f 8179 8180 8167
f 8168 8181 8169
f 8181 8182 8169
f 8169 8182 8170
f 8182 8183 8170
f 8170 8183 8171
f 8183 8184 8171
f 8171 8184 8172
f 8184 8185 8172
f 8172 8185 8173
f 8185 8186 8173
f 8173 8186 8174
f 8186 8187 8174
f 8174 8187 8175
f 8187 8188 8175
f 8175 8188 8176
f 8188 8189 8176
f 8176 8189 8177
f 8189 8190 8177
f 8177 8190 8178
f 8190 8191 8178
f 8178 8191 8179
f 8191 8192 8179
f 8179 8192 8180
f 8192 8193 8180
f 8181 8194 8182
f 8194 8195 8182
f 8182 8195 8183
f 8195 8196 8183
f 8183 8196 8184
f 8196 8197 8184
f 8184 8197 8185
f 8197 8198 8185
f 8185 8198 8186
f 8198 8199 8186
f 8186 8199 8187
f 8199 8200 8187
f 8187 8200 8188
f 8200 8201 8188
f 8188 8201 8189
f 8201 8202 8189
f 8189 8202 8190
f 8202 8203 8190
f 8190 8203 8191
f 8203 8204 8191
f 8191 8204 8192
f 8204 8205 8192
f 8192 8205 8193
f 8205 8206 8193
v 0.31494 0.01699 0.28078
v 0.31351 0.01659 0.28124
v 0.31248 0.01550 0.28162
v 0.31212 0.01400 0.28185
v 0.31254 0.01250 0.28184
v 0.31362 0.01141 0.28161
v 0.31506 0.01101 0.28122
v 0.31649 0.01141 0.28076
v 0.31752 0.01250 0.28038
v 0.31788 0.01400 0.28015
v 0.31746 0.01550 0.28016
v 0.31638 0.01659 0.28039
v 0.31494 0.01699 0.28078
v 0.31415 0.01677 0.27791
v 0.31271 0.01636 0.27831
v 0.31167 0.01526 0.27866
v 0.31131 0.01377 0.27887
v 0.31173 0.01227 0.27887
v 0.31282 0.01118 0.27868
v 0.31428 0.01078 0.27834
v 0.31572 0.01119 0.27794
v 0.31677 0.01229 0.27760
v 0.31712 0.01378 0.27739
v 0.31670 0.01528 0.27738
v 0.31561 0.01637 0.27757
v 0.31415 0.01677 0.27791
v 0.31346 0.01654 0.27501
v 0.31201 0.01614 0.27537
v 0.31096 0.01504 0.27569
v 0.31060 0.01354 0.27588
v 0.31102 0.01204 0.27590
v 0.31212 0.01095 0.27574
v 0.31359 0.01056 0.27544
v 0.31504 0.01097 0.27509
v 0.31609 0.01207 0.27477
v 0.31645 0.01357 0.27457
v 0.31603 0.01506 0.27455
v 0.31493 0.01615 0.27471
v 0.31346 0.01654 0.27501
v 0.31285 0.01632 0.27210
v 0.31138 0.01591 0.27242
v 0.31033 0.01481 0.27272
v 0.30997 0.01331 0.27291
v 0.31039 0.01182 0.27294
v 0.31149 0.01073 0.27280
v 0.31297 0.01034 0.27253
v 0.31443 0.01075 0.27220
v 0.31549 0.01185 0.27191
v 0.31585 0.01335 0.27172
v 0.31542 0.01484 0.27169
v 0.31432 0.01593 0.27183
v 0.31285 0.01632 0.27210
v 0.31228 0.01610 0.26917
v 0.31082 0.01569 0.26948
v 0.30976 0.01458 0.26976
v 0.30940 0.01308 0.26994
v 0.30982 0.01159 0.26997
v 0.31092 0.01050 0.26985
v 0.31241 0.01012 0.26961
v 0.31387 0.01053 0.26930
v 0.31493 0.01163 0.26902
v 0.31529 0.01313 0.26884
v 0.31487 0.01462 0.26881
v 0.31376 0.01571 0.26893
v 0.31228 0.01610 0.26917
v 0.31175 0.01588 0.26624
v 0.31028 0.01546 0.26653
v 0.30923 0.01436 0.26680
v 0.30886 0.01286 0.26698
v 0.30929 0.01137 0.26702
v 0.31039 0.01028 0.26691
v 0.31188 0.00989 0.26667
v 0.31335 0.01031 0.26638
v 0.31441 0.01141 0.26611
v 0.31477 0.01291 0.26594
v 0.31434 0.01440 0.26590
v 0.31324 0.01549 0.26601
v 0.31175 0.01588 0.26624
v 0.31124 0.01565 0.26331
v 0.30977 0.01524 0.26359
v 0.30872 0.01414 0.26386
v 0.30835 0.01264 0.26403
v 0.30878 0.01114 0.26407
v 0.30988 0.01006 0.26396
v 0.31137 0.00967 0.26374
v 0.31284 0.01008 0.26345
v 0.31390 0.01119 0.26319
v 0.31426 0.01269 0.26301
v 0.31384 0.01418 0.26297
v 0.31273 0.01527 0.26308
v 0.31124 0.01565 0.26331
v 0.31074 0.01543 0.26037
v 0.30927 0.01502 0.26066
v 0.30821 0.01391 0.26092
v 0.30785 0.01242 0.26110
v 0.30827 0.01092 0.26114
v 0.30938 0.00984 0.26103
v 0.31087 0.00945 0.26080
v 0.31233 0.00986 0.26052
v 0.31339 0.01097 0.26025
v 0.31376 0.01247 0.26007
v 0.31333 0.01396 0.26004
v 0.31223 0.01504 0.26014
v 0.31074 0.01543 0.26037
v 0.31022 0.01521 0.25744
v 0.30876 0.01480 0.25773
v 0.30770 0.01369 0.25801
v 0.30733 0.01219 0.25818
v 0.30776 0.01070 0.25822
v 0.30887 0.00962 0.25811
v 0.31035 0.00923 0.25787
v 0.31182 0.00964 0.25757
v 0.31288 0.01074 0.25730
v 0.31324 0.01224 0.25712
v 0.31281 0.01374 0.25709
v 0.31171 0.01482 0.25720
v 0.31022 0.01521 0.25744
v 0.30968 0.01499 0.25451
v 0.30822 0.01458 0.25482
v 0.30716 0.01347 0.25511
v 0.30680 0.01197 0.25529
v 0.30723 0.01048 0.25532
v 0.30833 0.00939 0.25519
v 0.30981 0.00900 0.25494
v 0.31127 0.00942 0.25463
v 0.31233 0.01052 0.25434
v 0.31269 0.01202 0.25416
v 0.31227 0.01351 0.25413
v 0.31116 0.01460 0.25425
v 0.30968 0.01499 0.25451
v 0.30910 0.01477 0.25159
v 0.30764 0.01436 0.25192
v 0.30659 0.01325 0.25223
v 0.30623 0.01176 0.25242
v 0.30665 0.01026 0.25244
v 0.30775 0.00917 0.25230
v 0.30922 0.00878 0.25202
v 0.31068 0.00919 0.25168
v 0.31174 0.01029 0.25138
v 0.31210 0.01179 0.25119
v 0.31167 0.01328 0.25116
v 0.31057 0.01437 0.25131
v 0.30910 0.01477 0.25159
v 0.30845 0.01454 0.24868
v 0.30700 0.01414 0.24905
v 0.30596 0.01304 0.24938
v 0.30560 0.01154 0.24958
v 0.30602 0.01004 0.24960
v 0.30711 0.00895 0.24942
v 0.30858 0.00856 0.24911
v 0.31003 0.00897 0.24874
v 0.31108 0.01007 0.24841
v 0.31144 0.01156 0.24821
v 0.31101 0.01306 0.24819
v 0.30992 0.01415 0.24836
v 0.30845 0.01454 0.24868
v 0.30773 0.01432 0.24579
v 0.30629 0.01391 0.24621
v 0.30525 0.01282 0.24657
v 0.30489 0.01132 0.24679
v 0.30531 0.00983 0.24679
v 0.30640 0.00873 0.24658
v 0.30785 0.00834 0.24622
v 0.30929 0.00874 0.24580
v 0.31033 0.00984 0.24544
v 0.31069 0.01133 0.24523
v 0.31027 0.01283 0.24522
v 0.30918 0.01392 0.24543
v 0.30773 0.01432 0.24579
v 0.30690 0.01409 0.24293
v 0.30547 0.01370 0.24341
v 0.30445 0.01260 0.24382
v 0.30410 0.01111 0.24405
v 0.30451 0.00961 0.24403
v 0.30558 0.00851 0.24378
v 0.30702 0.00811 0.24336
v 0.30845 0.00851 0.24288
v 0.30947 0.00960 0.24248
v 0.30982 0.01110 0.24225
v 0.30941 0.01259 0.24226
v 0.30834 0.01369 0.24251
v 0.30690 0.01409 0.24293
v 0.30593 0.01387 0.24011
v 0.30453 0.01348 0.24067
v 0.30353 0.01239 0.24113
v 0.30318 0.01089 0.24138
v 0.30359 0.00940 0.24134
v 0.30464 0.00830 0.24104
v 0.30606 0.00789 0.24054
v 0.30746 0.00828 0.23999
v 0.30846 0.00937 0.23953
v 0.30881 0.01086 0.23928
v 0.30840 0.01236 0.23931
v 0.30734 0.01346 0.23962
v 0.30593 0.01387 0.24011
v 0.30480 0.01365 0.23736
v 0.30344 0.01326 0.23800
v 0.30246 0.01218 0.23853
v 0.30213 0.01069 0.23881
v 0.30253 0.00919 0.23875
v 0.30355 0.00808 0.23838
v 0.30493 0.00766 0.23779
v 0.30628 0.00805 0.23714
v 0.30726 0.00913 0.23661
v 0.30760 0.01062 0.23634
v 0.30720 0.01212 0.23640
v 0.30617 0.01323 0.23677
v 0.30480 0.01365 0.23736
v 0.30346 0.01342 0.23470
v 0.30216 0.01305 0.23546
v 0.30122 0.01197 0.23607
v 0.30090 0.01048 0.23638
v 0.30129 0.00898 0.23629
v 0.30227 0.00787 0.23583
v 0.30359 0.00744 0.23513
v 0.30489 0.00782 0.23437
v 0.30582 0.00889 0.23376
v 0.30614 0.01038 0.23345
v 0.30576 0.01189 0.23354
v 0.30478 0.01300 0.23399
v 0.30346 0.01342 0.23470
v 0.30187 0.01321 0.23217
v 0.30066 0.01284 0.23307
v 0.29978 0.01178 0.23378
v 0.29949 0.01029 0.23412
v 0.29985 0.00878 0.23400
v 0.30077 0.00766 0.23345
v 0.30200 0.00722 0.23261
v 0.30322 0.00759 0.23172
v 0.30409 0.00866 0.23100
v 0.30439 0.01014 0.23066
v 0.30403 0.01165 0.23079
v 0.30311 0.01277 0.23134
v 0.30187 0.01321 0.23217
v 0.30000 0.01300 0.22985
v 0.29890 0.01265 0.23089
v 0.29812 0.01159 0.23171
v 0.29785 0.01011 0.23209
v 0.29818 0.00860 0.23193
v 0.29901 0.00747 0.23127
v 0.30013 0.00701 0.23028
v 0.30122 0.00737 0.22924
v 0.30201 0.00842 0.22842
v 0.30227 0.00991 0.22804
v 0.30194 0.01141 0.22820
v 0.30111 0.01255 0.22886
v 0.30000 0.01300 0.22985
v 0.29785 0.01280 0.22780
v 0.29689 0.01246 0.22897
v 0.29620 0.01141 0.22989
v 0.29597 0.00993 0.23030
v 0.29627 0.00842 0.23010
v 0.29700 0.00728 0.22935
v 0.29798 0.00682 0.22823
v 0.29894 0.00716 0.22706
v 0.29963 0.00821 0.22615
v 0.29986 0.00969 0.22573
v 0.29956 0.01120 0.22593
v 0.29883 0.01234 0.22669
v 0.29785 0.01280 0.22780
v 0.29547 0.01262 0.22601
v 0.29464 0.01229 0.22728
v 0.29405 0.01125 0.22827
v 0.29386 0.00977 0.22871
v 0.29411 0.00826 0.22848
v 0.29475 0.00711 0.22765
v 0.29560 0.00664 0.22644
v 0.29643 0.00697 0.22517
v 0.29702 0.00801 0.22418
v 0.29721 0.00948 0.22374
v 0.29696 0.01100 0.22397
v 0.29632 0.01215 0.22479
v 0.29547 0.01262 0.22601
v 0.29292 0.01245 0.22446
v 0.29221 0.01213 0.22581
v 0.29170 0.01110 0.22685
v 0.29154 0.00962 0.22731
v 0.29177 0.00810 0.22707
v 0.29232 0.00695 0.22619
v 0.29305 0.00647 0.22490
v 0.29376 0.00679 0.22356
v 0.29426 0.00783 0.22252
v 0.29442 0.00930 0.22206
v 0.29420 0.01082 0.22230
v 0.29365 0.01197 0.22318
v 0.29292 0.01245 0.22446
v 0.29024 0.01230 0.22314
v 0.28964 0.01198 0.22454
v 0.28921 0.01095 0.22562
v 0.28908 0.00948 0.22609
v 0.28927 0.00796 0.22584
v 0.28975 0.00680 0.22492
v 0.29037 0.00632 0.22358
v 0.29098 0.00663 0.22219
v 0.29141 0.00766 0.22111
v 0.29154 0.00913 0.22063
v 0.29134 0.01065 0.22089
v 0.29087 0.01181 0.22181
v 0.29024 0.01230 0.22314
v 0.28748 0.01216 0.22201
v 0.28696 0.01185 0.22344
v 0.28660 0.01082 0.22455
v 0.28649 0.00935 0.22503
v 0.28666 0.00783 0.22476
v 0.28707 0.00666 0.22382
v 0.28761 0.00617 0.22245
v 0.28814 0.00648 0.22102
v 0.28850 0.00751 0.21991
v 0.28861 0.00898 0.21943
v 0.28844 0.01050 0.21970
v 0.28802 0.01166 0.22064
v 0.28748 0.01216 0.22201
v 0.28467 0.01202 0.22103
v 0.28421 0.01172 0.22248
v 0.28390 0.01069 0.22361
v 0.28380 0.00922 0.22410
v 0.28396 0.00770 0.22382
v 0.28432 0.00654 0.22286
v 0.28480 0.00604 0.22147
v 0.28525 0.00635 0.22001
v 0.28557 0.00737 0.21889
v 0.28566 0.00884 0.21840
v 0.28550 0.01037 0.21867
v 0.28514 0.01153 0.21964
v 0.28467 0.01202 0.22103
v 0.28181 0.01190 0.22017
v 0.28140 0.01159 0.22164
v 0.28113 0.01057 0.22277
v 0.28105 0.00910 0.22327
v 0.28119 0.00758 0.22299
v 0.28152 0.00641 0.22202
v 0.28194 0.00591 0.22061
v 0.28234 0.00622 0.21914
v 0.28262 0.00724 0.21800
v 0.28270 0.00871 0.21751
v 0.28255 0.01024 0.21778
v 0.28223 0.01140 0.21876
v 0.28181 0.01190 0.22017
v 0.27892 0.01178 0.21940
v 0.27856 0.01147 0.22088
v 0.27831 0.01045 0.22202
v 0.27824 0.00898 0.22251
v 0.27838 0.00746 0.22224
v 0.27867 0.00629 0.22125
v 0.27906 0.00579 0.21983
v 0.27942 0.00610 0.21835
v 0.27967 0.00712 0.21721
v 0.27974 0.00859 0.21672
v 0.27960 0.01011 0.21699
v 0.27931 0.01128 0.21798
v 0.27892 0.01178 0.21940
v 0.27602 0.01166 0.21869
v 0.27568 0.01136 0.22017
v 0.27545 0.01034 0.22132
v 0.27539 0.00887 0.22182
v 0.27552 0.00734 0.22154
v 0.27580 0.00618 0.22055
v 0.27616 0.00568 0.21912
v 0.27650 0.00598 0.21764
v 0.27673 0.00700 0.21649
v 0.27679 0.00847 0.21599
v 0.27666 0.00999 0.21627
v 0.27638 0.01116 0.21726
v 0.27602 0.01166 0.21869
v 0.27311 0.01154 0.21801
v 0.27279 0.01124 0.21950
v 0.27257 0.01022 0.22065
v 0.27251 0.00875 0.22115
v 0.27264 0.00723 0.22087
v 0.27291 0.00606 0.21988
v 0.27325 0.00556 0.21845
v 0.27358 0.00586 0.21696
v 0.27380 0.00689 0.21582
v 0.27385 0.00836 0.21532
v 0.27373 0.00988 0.21560
v 0.27346 0.01104 0.21659
v 0.27311 0.01154 0.21801
v 0.27020 0.01143 0.21736
v 0.26988 0.01113 0.21885
v 0.26966 0.01011 0.21999
v 0.26960 0.00864 0.22049
v 0.26973 0.00711 0.22021
v 0.27000 0.00595 0.21923
v 0.27034 0.00545 0.21780
v 0.27066 0.00575 0.21631
v 0.27088 0.00677 0.21516
v 0.27094 0.00824 0.21466
v 0.27081 0.00976 0.21494
v 0.27054 0.01093 0.21593
v 0.27020 0.01143 0.21736
v 0.26729 0.01131 0.21669
v 0.26696 0.01101 0.21818
v 0.26673 0.00999 0.21932
v 0.26667 0.00852 0.21982
v 0.26680 0.00700 0.21954
v 0.26708 0.00583 0.21856
v 0.26743 0.00533 0.21713
v 0.26777 0.00563 0.21564
v 0.26799 0.00665 0.21450
v 0.26805 0.00812 0.21400
v 0.26792 0.00965 0.21428
v 0.26764 0.01081 0.21526
v 0.26729 0.01131 0.21669
v 0.26439 0.01119 0.21599
v 0.26403 0.01089 0.21747
v 0.26379 0.00986 0.21861
v 0.26372 0.00840 0.21911
v 0.26386 0.00687 0.21883
v 0.26416 0.00571 0.21785
v 0.26453 0.00521 0.21643
v 0.26489 0.00551 0.21495
v 0.26513 0.00653 0.21381
v 0.26519 0.00800 0.21331
v 0.26506 0.00953 0.21359
v 0.26476 0.01069 0.21457
v 0.26439 0.01119 0.21599
v 0.26150 0.01106 0.21523
v 0.26111 0.01076 0.21670
v 0.26084 0.00973 0.21784
v 0.26077 0.00827 0.21833
v 0.26091 0.00674 0.21806
v 0.26123 0.00558 0.21708
v 0.26165 0.00508 0.21567
v 0.26204 0.00539 0.21420
v 0.26231 0.00641 0.21307
v 0.26238 0.00788 0.21257
v 0.26224 0.00940 0.21284
v 0.26191 0.01057 0.21382
v 0.26150 0.01106 0.21523
v 0.25863 0.01093 0.21440
v 0.25822 0.01062 0.21587
v 0.25794 0.00960 0.21700
v 0.25787 0.00813 0.21750
v 0.25802 0.00661 0.21722
v 0.25835 0.00544 0.21625
v 0.25878 0.00495 0.21484
v 0.25919 0.00525 0.21338
v 0.25947 0.00628 0.21224
v 0.25954 0.00775 0.21175
v 0.25939 0.00927 0.21202
v 0.25906 0.01043 0.21299
v 0.25863 0.01093 0.21440
v 0.25575 0.01080 0.21360
v 0.25537 0.01049 0.21507
v 0.25511 0.00947 0.21621
v 0.25504 0.00800 0.21671
v 0.25519 0.00648 0.21643
v 0.25551 0.00531 0.21546
v 0.25591 0.00481 0.21404
v 0.25629 0.00512 0.21257
v 0.25655 0.00614 0.21143
v 0.25662 0.00761 0.21093
v 0.25648 0.00913 0.21121
v 0.25616 0.01030 0.21218
v 0.25575 0.01080 0.21360
v 0.25287 0.01066 0.21284
v 0.25250 0.01036 0.21432
v 0.25226 0.00934 0.21547
v 0.25220 0.00787 0.21596
v 0.25234 0.00635 0.21569
v 0.25264 0.00518 0.21471
v 0.25303 0.00468 0.21329
v 0.25339 0.00499 0.21181
v 0.25363 0.00601 0.21067
v 0.25369 0.00748 0.21017
v 0.25355 0.00900 0.21044
v 0.25325 0.01017 0.21142
v 0.25287 0.01066 0.21284
v 0.24997 0.01053 0.21213
v 0.24962 0.01023 0.21361
v 0.24939 0.00921 0.21476
v 0.24934 0.00774 0.21526
v 0.24948 0.00622 0.21498
v 0.24976 0.00505 0.21400
v 0.25013 0.00455 0.21257
v 0.25047 0.00485 0.21109
v 0.25070 0.00588 0.20994
v 0.25076 0.00734 0.20944
v 0.25062 0.00887 0.20972
v 0.25033 0.01003 0.21070
v 0.24997 0.01053 0.21213
v 0.24706 0.01040 0.21145
v 0.24673 0.01010 0.21293
v 0.24652 0.00908 0.21408
v 0.24647 0.00761 0.21459
v 0.24660 0.00609 0.21431
v 0.24688 0.00492 0.21332
v 0.24723 0.00442 0.21189
v 0.24755 0.00472 0.21040
v 0.24777 0.00574 0.20926
v 0.24782 0.00721 0.20875
v 0.24769 0.00873 0.20903
v 0.24741 0.00990 0.21002
v 0.24706 0.01040 0.21145
v 0.24415 0.01027 0.21080
v 0.24383 0.00997 0.21229
v 0.24363 0.00895 0.21344
v 0.24358 0.00748 0.21394
v 0.24371 0.00596 0.21366
v 0.24398 0.00479 0.21267
v 0.24431 0.00429 0.21124
v 0.24463 0.00459 0.20975
v 0.24483 0.00561 0.20860
v 0.24488 0.00708 0.20810
v 0.24475 0.00860 0.20838
v 0.24448 0.00977 0.20936
v 0.24415 0.01027 0.21080
v 0.24123 0.01014 0.21017
v 0.24093 0.00984 0.21166
v 0.24073 0.00882 0.21281
v 0.24069 0.00735 0.21332
v 0.24081 0.00583 0.21304
v 0.24107 0.00466 0.21205
v 0.24140 0.00416 0.21061
v 0.24170 0.00446 0.20912
v 0.24190 0.00548 0.20797
v 0.24194 0.00695 0.20746
v 0.24181 0.00847 0.20774
v 0.24155 0.00964 0.20873
v 0.24123 0.01014 0.21017
v 0.23831 0.01001 0.20956
v 0.23801 0.00971 0.21105
v 0.23782 0.00869 0.21221
v 0.23778 0.00723 0.21271
v 0.23790 0.00570 0.21243
v 0.23816 0.00454 0.21144
v 0.23848 0.00403 0.21001
v 0.23877 0.00433 0.20851
v 0.23896 0.00535 0.20736
v 0.23900 0.00682 0.20685
v 0.23888 0.00835 0.20713
v 0.23862 0.00951 0.20812
v 0.23831 0.01001 0.20956
v 0.23538 0.00989 0.20896
v 0.23509 0.00959 0.21046
v 0.23490 0.00857 0.21162
v 0.23487 0.00710 0.21212
v 0.23499 0.00558 0.21184
v 0.23524 0.00441 0.21085
v 0.23555 0.00391 0.20941
v 0.23584 0.00421 0.20791
v 0.23603 0.00523 0.20676
v 0.23607 0.00669 0.20625
v 0.23594 0.00822 0.20654
v 0.23569 0.00939 0.20753
v 0.23538 0.00989 0.20896
v 0.23245 0.00976 0.20838
v 0.23217 0.00946 0.20988
v 0.23198 0.00844 0.21103
v 0.23195 0.00697 0.21154
v 0.23207 0.00545 0.21125
v 0.23232 0.00428 0.21026
v 0.23263 0.00378 0.20883
v 0.23291 0.00408 0.20733
v 0.23310 0.00510 0.20617
v 0.23313 0.00657 0.20567
v 0.23301 0.00809 0.20595
v 0.23276 0.00926 0.20694
v 0.23245 0.00976 0.20838
v 0.22953 0.00963 0.20780
v 0.22924 0.00933 0.20929
v 0.22906 0.00831 0.21045
v 0.22902 0.00684 0.21095
v 0.22914 0.00532 0.21067
v 0.22939 0.00415 0.20968
v 0.22970 0.00365 0.20824
v 0.22998 0.00395 0.20675
v 0.23017 0.00497 0.20559
v 0.23020 0.00644 0.20509
v 0.23008 0.00796 0.20537
v 0.22983 0.00913 0.20636
v 0.22953 0.00963 0.20780
v 0.22660 0.00950 0.20721
v 0.22631 0.00920 0.20871
v 0.22613 0.00818 0.20987
v 0.22609 0.00672 0.21037
v 0.22621 0.00519 0.21009
v 0.22646 0.00402 0.20910
v 0.22677 0.00352 0.20766
v 0.22706 0.00382 0.20616
v 0.22724 0.00484 0.20501
v 0.22728 0.00631 0.20450
v 0.22716 0.00783 0.20479
v 0.22691 0.00900 0.20578
v 0.22660 0.00950 0.20721
v 0.22367 0.00938 0.20663
v 0.22338 0.00908 0.20812
v 0.22319 0.00806 0.20928
v 0.22316 0.00659 0.20978
v 0.22328 0.00507 0.20950
v 0.22353 0.00390 0.20851
v 0.22385 0.00340 0.20707
v 0.22414 0.00370 0.20558
v 0.22433 0.00472 0.20442
v 0.22436 0.00618 0.20392
v 0.22424 0.00771 0.20420
v 0.22399 0.00887 0.20519
v 0.22367 0.00938 0.20663
v 0.22075 0.00925 0.20603
v 0.22045 0.00895 0.20752
v 0.22026 0.00793 0.20868
v 0.22022 0.00646 0.20918
v 0.22035 0.00494 0.20890
v 0.22060 0.00377 0.20791
v 0.22092 0.00327 0.20647
v 0.22122 0.00357 0.20498
v 0.22141 0.00459 0.20382
v 0.22145 0.00606 0.20332
v 0.22133 0.00758 0.20360
v 0.22107 0.00875 0.20459
v 0.22075 0.00925 0.20603
v 0.21783 0.00912 0.20541
v 0.21753 0.00882 0.20690
v 0.21732 0.00780 0.20806
v 0.21728 0.00633 0.20856
v 0.21741 0.00481 0.20828
v 0.21767 0.00364 0.20729
v 0.21800 0.00314 0.20586
v 0.21831 0.00344 0.20437
v 0.21851 0.00446 0.20321
v 0.21855 0.00593 0.20271
v 0.21842 0.00745 0.20299
v 0.21816 0.00862 0.20398
v 0.21783 0.00912 0.20541
v 0.21492 0.00899 0.20478
v 0.21460 0.00869 0.20627
v 0.21439 0.00767 0.20742
v 0.21434 0.00620 0.20792
v 0.21447 0.00468 0.20764
v 0.21474 0.00351 0.20665
v 0.21508 0.00301 0.20522
v 0.21540 0.00331 0.20373
v 0.21561 0.00433 0.20258
v 0.21566 0.00580 0.20208
v 0.21553 0.00732 0.20236
v 0.21526 0.00849 0.20335
v 0.21492 0.00899 0.20478
f 8207 8220 8208
f 8220 8221 8208
f 8208 8221 8209
f 8221 8222 8209
f 8209 8222 8210
f 8222 8223 8210
f 8210 8223 8211
f 8223 8224 8211
f 8211 8224 8212
f 8224 8225 8212
f 8212 8225 8213
f 8225 8226 8213
f 8213 8226 8214
f 8226 8227 8214
f 8214 8227 8215
f 8227 8228 8215
f 8215 8228 8216
f 8228 8229 8216
f 8216 8229 8217
f 8229 8230 8217
f 8217 8230 8218
f 8230 8231 8218
f 8218 8231 8219
f 8231 8232 8219
f 8220 8233 8221
f 8233 8234 8221
f 8221 8234 8222
f 8234 8235 8222
f 8222 8235 8223
f 8235 8236 8223
f 8223 8236 8224
f 8236 8237 8224
f 8224 8237 8225
f 8237 8238 8225
f 8225 8238 8226
f 8238 8239 8226
f 8226 8239 8227
f 8239 8240 8227
f 8227 8240 8228
f 8240 8241 8228
f 8228 8241 8229
f 8241 8242 8229
f 8229 8242 8230
f 8242 8243 8230
f 8230 8243 8231
f 8243 8244 8231
f 8231 8244 8232
f 8244 8245 8232
f 8233 8246 8234
f 8246 8247 8234
f 8234 8247 8235
f 8247 8248 8235
f 8235 8248 8236
f 8248 8249 8236
f 8236 8249 8237
f 8249 8250 8237
f 8237 8250 8238
f 8250 8251 8238
f 8238 8251 8239
f 8251 8252 8239
f 8239 8252 8240
f 8252 8253 8240
f 8240 8253 8241
f 8253 8254 8241
f 8241 8254 8242
f 8254 8255 8242
f 8242 8255 8243
f 8255 8256 8243
f 8243 8256 8244
f 8256 8257 8244
f 8244 8257 8245
f 8257 8258 8245
f 8246 8259 8247
f 8259 8260 8247
f 8247 8260 8248
f 8260 8261 8248
f 8248 8261 8249
f 8261 8262 8249
f 8249 8262 8250
f 8262 8263 8250
f 8250 8263 8251
f 8263 8264 8251
f 8251 8264 8252
f 8264 8265 8252
f 8252 8265 8253
f 8265 8266 8253
f 8253 8266 8254
f 8266 8267 8254
f 8254 8267 8255
f 8267 8268 8255
f 8255 8268 8256
f 8268 8269 8256
f 8256 8269 8257
f 8269 8270 8257
f 8257 8270 8258
f 8270 8271 8258
f 8259 8272 8260
f 8272 8273 8260
f 8260 8273 8261
f 8273 8274 8261
f 8261 8274 8262
f 8274 8275 8262
f 8262 8275 8263
f 8275 8276 8263
f 8263 8276 8264
f 8276 8277 8264
f 8264 8277 8265
f 8277 8278 8265
f 8265 8278 8266
f 8278 8279 8266
f 8266 8279 8267
f 8279 8280 8267
f 8267 8280 8268
f 8280 8281 8268
f 8268 8281 8269
f 8281 8282 8269
f 8269 8282 8270
f 8282 8283 8270
f 8270 8283 8271
f 8283 8284 8271
f 8272 8285 8273
f 8285 8286 8273
f 8273 8286 8274
f 8286 8287 8274
f 8274 8287 8275
f 8287 8288 8275
f 8275 8288 8276
f 8288 8289 8276
f 8276 8289 8277
f 8289 8290 8277
f 8277 8290 8278
f 8290 8291 8278
f 8278 8291 8279
f 8291 8292 8279
f 8279 8292 8280
f 8292 8293 8280
f 8280 8293 8281
f 8293 8294 8281
f 8281 8294 8282
f 8294 8295 8282
f 8282 8295 8283
f 8295 8296 8283
f 8283 8296 8284
f 8296 8297 8284
f 8285 8298 8286
f 8298 8299 8286
f 8286 8299 8287
f 8299 8300 8287
f 8287 8300 8288
f 8300 8301 8288
f 8288 8301 8289
f 8301 8302 8289
f 8289 8302 8290
f 8302 8303 8290
f 8290 8303 8291
f 8303 8304 8291
f 8291 8304 8292
f 8304 8305 8292
f 8292 8305 8293
f 8305 8306 8293
f 8293 8306 8294
f 8306 8307 8294
f 8294 8307 8295
f 8307 8308 8295
f 8295 8308 8296
f 8308 8309 8296
f 8296 8309 8297
f 8309 8310 8297
f 8298 8311 8299
f 8311 8312 8299
f 8299 8312 8300
f 8312 8313 8300
f 8300 8313 8301
f 8313 8314 8301
f 8301 8314 8302
f 8314 8315 8302
f 8302 8315 8303
f 8315 8316 8303
f 8303 8316 8304
f 8316 8317 8304
f 8304 8317 8305
f 8317 8318 8305
f 8305 8318 8306
f 8318 8319 8306
f 8306 8319 8307
f 8319 8320 8307
f 8307 8320 8308
f 8320 8321 8308
f 8308 8321 8309
f 8321 8322 8309
f 8309 8322 8310
f 8322 8323 8310
f 8311 8324 8312
f 8324 8325 8312
f 8312 8325 8313
f 8325 8326 8313
f 8313 8326 8314
f 8326 8327 8314
f 8314 8327 8315
f 8327 8328 8315
f 8315 8328 8316
f 8328 8329 8316
f 8316 8329 8317
f 8329 8330 8317
f 8317 8330 8318
f 8330 8331 8318
f 8318 8331 8319
f 8331 8332 8319
f 8319 8332 8320
f 8332 8333 8320
f 8320 8333 8321
f 8333 8334 8321
f 8321 8334 8322
f 8334 8335 8322
f 8322 8335 8323
f 8335 8336 8323
f 8324 8337 8325
f 8337 8338 8325
f 8325 8338 8326
f 8338 8339 8326
f 8326 8339 8327
f 8339 8340 8327
f 8327 8340 8328
f 8340 8341 8328
f 8328 8341 8329
f 8341 8342 8329
f 8329 8342 8330
f 8342 8343 8330
f 8330 8343 8331
f 8343 8344 8331
f 8331 8344 8332
f 8344 8345 8332
f 8332 8345 8333
f 8345 8346 8333
f 8333 8346 8334
f 8346 8347 8334
f 8334 8347 8335
f 8347 8348 8335
f 8335 8348 8336
f 8348 8349 8336
f 8337 8350 8338
f 8350 8351 8338
f 8338 8351 8339
f 8351 8352 8339
f 8339 8352 8340
f 8352 8353 8340
f 8340 8353 8341
f 8353 8354 8341
f 8341 8354 8342
f 8354 8355 8342
f 8342 8355 8343
f 8355 8356 8343
f 8343 8356 8344
f 8356 8357 8344
f 8344 8357 8345
f 8357 8358 8345
f 8345 8358 8346
f 8358 8359 8346
f 8346 8359 8347
f 8359 8360 8347
f 8347 8360 8348
f 8360 8361 8348
f 8348 8361 8349
f 8361 8362 8349
f 8350 8363 8351
f 8363 8364 8351
f 8351 8364 8352
f 8364 8365 8352
f 8352 8365 8353
f 8365 8366 8353
f 8353 8366 8354
f 8366 8367 8354
f 8354 8367 8355
f 8367 8368 8355
f 8355 8368 8356
f 8368 8369 8356
f 8356 8369 8357
f 8369 8370 8357
f 8357 8370 8358
f 8370 8371 8358
f 8358 8371 8359
f 8371 8372 8359
f 8359 8372 8360
f 8372 8373 8360
f 8360 8373 8361
f 8373 8374 8361
f 8361 8374 8362
f 8374 8375 8362
f 8363 8376 8364
f 8376 8377 8364
f 8364 8377 8365
f 8377 8378 8365
f 8365 8378 8366
f 8378 8379 8366
f 8366 8379 8367
f 8379 8380 8367
f 8367 8380 8368
f 8380 8381 8368
f 8368 8381 8369
f 8381 8382 8369
f 8369 8382 8370
f 8382 8383 8370
f 8370 8383 8371
f 8383 8384 8371
f 8371 8384 8372
f 8384 8385 8372
f 8372 8385 8373
f 8385 8386 8373
f 8373 8386 8374
f 8386 8387 8374
f 8374 8387 8375
f 8387 8388 8375
f 8376 8389 8377
f 8389 8390 8377
f 8377 8390 8378
f 8390 8391 8378
f 8378 8391 8379
f 8391 8392 8379
f 8379 8392 8380
f 8392 8393 8380
f 8380 8393 8381
f 8393 8394 8381
f 8381 8394 8382
f 8394 8395 8382
f 8382 8395 8383
f 8395 8396 8383
f 8383 8396 8384
f 8396 8397 8384
f 8384 8397 8385
f 8397 8398 8385
f 8385 8398 8386
f 8398 8399 8386
f 8386 8399 8387
f 8399 8400 8387
f 8387 8400 8388
f 8400 8401 8388
f 8389 8402 8390
f 8402 8403 8390
f 8390 8403 8391
f 8403 8404 8391
f 8391 8404 8392
f 8404 8405 8392
f 8392 8405 8393
f 8405 8406 8393
f 8393 8406 8394
f 8406 8407 8394
f 8394 8407 8395
f 8407 8408 8395
f 8395 8408 8396
f 8408 8409 8396
f 8396 8409 8397
f 8409 8410 8397
f 8397 8410 8398
f 8410 8411 8398
f 8398 8411 8399
f 8411 8412 8399
f 8399 8412 8400
f 8412 8413 8400
f 8400 8413 8401
f 8413 8414 8401
f 8402 8415 8403
f 8415 8416 8403
f 8403 8416 8404
f 8416 8417 8404
f 8404 8417 8405
f 8417 8418 8405
f 8405 8418 8406
f 8418 8419 8406
f 8406 8419 8407
f 8419 8420 8407
f 8407 8420 8408
f 8420 8421 8408
f 8408 8421 8409
f 8421 8422 8409
f 8409 8422 8410
f 8422 8423 8410
f 8410 8423 8411
f 8423 8424 8411
f 8411 8424 8412
f 8424 8425 8412
f 8412 8425 8413
f 8425 8426 8413
f 8413 8426 8414
f 8426 8427 8414
f 8415 8428 8416
f 8428 8429 8416
f 8416 8429 8417
f 8429 8430 8417
f 8417 8430 8418
f 8430 8431 8418
f 8418 8431 8419
f 8431 8432 8419
f 8419 8432 8420
f 8432 8433 8420
f 8420 8433 8421
f 8433 8434 8421
f 8421 8434 8422
f 8434 8435 8422
f 8422 8435 8423
f 8435 8436 8423
f 8423 8436 8424
f 8436 8437 8424
f 8424 8437 8425
f 8437 8438 8425
f 8425 8438 8426
f 8438 8439 8426
f 8426 8439 8427
f 8439 8440 8427
f 8428 8441 8429
f 8441 8442 8429
f 8429 8442 8430
f 8442 8443 8430
f 8430 8443 8431
f 8443 8444 8431
f 8431 8444 8432
f 8444 8445 8432
f 8432 8445 8433
f 8445 8446 8433
f 8433 8446 8434
f 8446 8447 8434
f 8434 8447 8435
f 8447 8448 8435
f 8435 8448 8436
f 8448 8449 8436
f 8436 8449 8437
f 8449 8450 8437
f 8437 8450 8438
f 8450 8451 8438
f 8438 8451 8439
f 8451 8452 8439
f 8439 8452 8440
f 8452 8453 8440
f 8441 8454 8442
f 8454 8455 8442
f 8442 8455 8443
f 8455 8456 8443
f 8443 8456 8444
f 8456 8457 8444
f 8444 8457 8445
f 8457 8458 8445
f 8445 8458 8446
f 8458 8459 8446
f 8446 8459 8447
f 8459 8460 8447
f 8447 8460 8448
f 8460 8461 8448
f 8448 8461 8449
f 8461 8462 8449
f 8449 8462 8450
f 8462 8463 8450
f 8450 8463 8451
f 8463 8464 8451
f 8451 8464 8452
f 8464 8465 8452
f 8452 8465 8453
f 8465 8466 8453
f 8454 8467 8455
f 8467 8468 8455
f 8455 8468 8456
f 8468 8469 8456
f 8456 8469 8457
f 8469 8470 8457
f 8457 8470 8458
f 8470 8471 8458
f 8458 8471 8459
f 8471 8472 8459
f 8459 8472 8460
f 8472 8473 8460
f 8460 8473 8461
f 8473 8474 8461
f 8461 8474 8462
f 8474 8475 8462
f 8462 8475 8463
f 8475 8476 8463
f 8463 8476 8464
f 8476 8477 8464
f 8464 8477 8465
f 8477 8478 8465
f 8465 8478 8466
f 8478 8479 8466
f 8467 8480 8468
f 8480 8481 8468
f 8468 8481 8469
f 8481 8482 8469
f 8469 8482 8470
f 8482 8483 8470
f 8470 8483 8471
f 8483 8484 8471
f 8471 8484 8472
f 8484 8485 8472
f 8472 8485 8473
f 8485 8486 8473
f 8473 8486 8474
f 8486 8487 8474
f 8474 8487 8475
f 8487 8488 8475
f 8475 8488 8476
f 8488 8489 8476
f 8476 8489 8477
f 8489 8490 8477
f 8477 8490 8478
f 8490 8491 8478
f 8478 8491 8479
f 8491 8492 8479
f 8480 8493 8481
f 8493 8494 8481
f 8481 8494 8482
f 8494 8495 8482
f 8482 8495 8483
f 8495 8496 8483
f 8483 8496 8484
f 8496 8497 8484
f 8484 8497 8485
f 8497 8498 8485
f 8485 8498 8486
f 8498 8499 8486
f 8486 8499 8487
f 8499 8500 8487
f 8487 8500 8488
f 8500 8501 8488
f 8488 8501 8489
f 8501 8502 8489
f 8489 8502 8490
f 8502 8503 8490
f 8490 8503 8491
f 8503 8504 8491
f 8491 8504 8492
f 8504 8505 8492
f 8493 8506 8494
f 8506 8507 8494
f 8494 8507 8495
f 8507 8508 8495
f 8495 8508 8496
f 8508 8509 8496
f 8496 8509 8497
f 8509 8510 8497
f 8497 8510 8498
f 8510 8511 8498
f 8498 8511 8499
f 8511 8512 8499
f 8499 8512 8500
f 8512 8513 8500
f 8500 8513 8501
f 8513 8514 8501
f 8501 8514 8502
f 8514 8515 8502
f 8502 8515 8503
f 8515 8516 8503
f 8503 8516 8504
f 8516 8517 8504
f 8504 8517 8505
f 8517 8518 8505
f 8506 8519 8507
f 8519 8520 8507
f 8507 8520 8508
f 8520 8521 8508
f 8508 8521 8509
f 8521 8522 8509
f 8509 8522 8510
f 8522 8523 8510
f 8510 8523 8511
f 8523 8524 8511
f 8511 8524 8512
f 8524 8525 8512
f 8512 8525 8513
f 8525 8526 8513
f 8513 8526 8514
f 8526 8527 8514
f 8514 8527 8515
f 8527 8528 8515
f 8515 8528 8516
f 8528 8529 8516
f 8516 8529 8517
f 8529 8530 8517
f 8517 8530 8518
f 8530 8531 8518
f 8519 8532 8520
f 8532 8533 8520
f 8520 8533 8521
f 8533 8534 8521
f 8521 8534 8522
f 8534 8535 8522
f 8522 8535 8523
f 8535 8536 8523
f 8523 8536 8524
f 8536 8537 8524
f 8524 8537 8525
f 8537 8538 8525
f 8525 8538 8526
f 8538 8539 8526
f 8526 8539 8527
f 8539 8540 8527
f 8527 8540 8528
f 8540 8541 8528
f 8528 8541 8529
f 8541 8542 8529
f 8529 8542 8530
f 8542 8543 8530
f 8530 8543 8531
f 8543 8544 8531
f 8532 8545 8533
f 8545 8546 8533
f 8533 8546 8534
f 8546 8547 8534
f 8534 8547 8535
f 8547 8548 8535
f 8535 8548 8536
f 8548 8549 8536
f 8536 8549 8537
f 8549 8550 8537
f 8537 8550 8538
f 8550 8551 8538
f 8538 8551 8539
f 8551 8552 8539
f 8539 8552 8540
f 8552 8553 8540
f 8540 8553 8541
f 8553 8554 8541
f 8541 8554 8542
f 8554 8555 8542
f 8542 8555 8543
f 8555 8556 8543
f 8543 8556 8544
f 8556 8557 8544
f 8545 8558 8546
f 8558 8559 8546
f 8546 8559 8547
f 8559 8560 8547
f 8547 8560 8548
f 8560 8561 8548
f 8548 8561 8549
f 8561 8562 8549
f 8549 8562 8550
f 8562 8563 8550
f 8550 8563 8551
f 8563 8564 8551
f 8551 8564 8552
f 8564 8565 8552
f 8552 8565 8553
f 8565 8566 8553
f 8553 8566 8554
f 8566 8567 8554
f 8554 8567 8555
f 8567 8568 8555
f 8555 8568 8556
f 8568 8569 8556
f 8556 8569 8557
f 8569 8570 8557
f 8558 8571 8559
f 8571 8572 8559
f 8559 8572 8560
f 8572 8573 8560
f 8560 8573 8561
f 8573 8574 8561
f 8561 8574 8562
f 8574 8575 8562
f 8562 8575 8563
f 8575 8576 8563
f 8563 8576 8564
f 8576 8577 8564
f 8564 8577 8565
f 8577 8578 8565
f 8565 8578 8566
f 8578 8579 8566
f 8566 8579 8567
f 8579 8580 8567
f 8567 8580 8568
f 8580 8581 8568
f 8568 8581 8569
f 8581 8582 8569
f 8569 8582 8570
f 8582 8583 8570
f 8571 8584 8572
f 8584 8585 8572
f 8572 8585 8573
f 8585 8586 8573
f 8573 8586 8574
f 8586 8587 8574
f 8574 8587 8575
f 8587 8588 8575
f 8575 8588 8576
f 8588 8589 8576
f 8576 8589 8577
f 8589 8590 8577
f 8577 8590 8578
f 8590 8591 8578
f 8578 8591 8579
f 8591 8592 8579
f 8579 8592 8580
f 8592 8593 8580
f 8580 8593 8581
f 8593 8594 8581
f 8581 8594 8582
f 8594 8595 8582
f 8582 8595 8583
f 8595 8596 8583
f 8584 8597 8585
f 8597 8598 8585
f 8585 8598 8586
f 8598 8599 8586
f 8586 8599 8587
f 8599 8600 8587
f 8587 8600 8588
f 8600 8601 8588
f 8588 8601 8589
f 8601 8602 8589
f 8589 8602 8590
f 8602 8603 8590
f 8590 8603 8591
f 8603 8604 8591
f 8591 8604 8592
f 8604 8605 8592
f 8592 8605 8593
f 8605 8606 8593
f 8593 8606 8594
f 8606 8607 8594
f 8594 8607 8595
f 8607 8608 8595
f 8595 8608 8596
f 8608 8609 8596
f 8597 8610 8598
f 8610 8611 8598
f 8598 8611 8599
f 8611 8612 8599
f 8599 8612 8600
f 8612 8613 8600
f 8600 8613 8601
f 8613 8614 8601
f 8601 8614 8602
f 8614 8615 8602
f 8602 8615 8603
f 8615 8616 8603
f 8603 8616 8604
f 8616 8617 8604
f 8604 8617 8605
f 8617 8618 8605
f 8605 8618 8606
f 8618 8619 8606
f 8606 8619 8607
f 8619 8620 8607
f 8607 8620 8608
f 8620 8621 8608
f 8608 8621 8609
f 8621 8622 8609
f 8610 8623 8611
f 8623 8624 8611
f 8611 8624 8612
f 8624 8625 8612
f 8612 8625 8613
f 8625 8626 8613
f 8613 8626 8614
f 8626 8627 8614
f 8614 8627 8615
f 8627 8628 8615
f 8615 8628 8616
f 8628 8629 8616
f 8616 8629 8617
f 8629 8630 8617
f 8617 8630 8618
f 8630 8631 8618
f 8618 8631 8619
f 8631 8632 8619
f 8619 8632 8620
f 8632 8633 8620
f 8620 8633 8621
f 8633 8634 8621
f 8621 8634 8622
f 8634 8635 8622
f 8623 8636 8624
f 8636 8637 8624
f 8624 8637 8625
f 8637 8638 8625
f 8625 8638 8626
f 8638 8639 8626
f 8626 8639 8627
f 8639 8640 8627
f 8627 8640 8628
f 8640 8641 8628
f 8628 8641 8629
f 8641 8642 8629
f 8629 8642 8630
f 8642 8643 8630
f 8630 8643 8631
f 8643 8644 8631
f 8631 8644 8632
f 8644 8645 8632
f 8632 8645 8633
f 8645 8646 8633
f 8633 8646 8634
f 8646 8647 8634
f 8634 8647 8635
f 8647 8648 8635
f 8636 8649 8637
f 8649 8650 8637
f 8637 8650 8638
f 8650 8651 8638
f 8638 8651 8639
f 8651 8652 8639
f 8639 8652 8640
f 8652 8653 8640
f 8640 8653 8641
f 8653 8654 8641
f 8641 8654 8642
f 8654 8655 8642
f 8642 8655 8643
f 8655 8656 8643
f 8643 8656 8644
f 8656 8657 8644
f 8644 8657 8645
f 8657 8658 8645
f 8645 8658 8646
f 8658 8659 8646
f 8646 8659 8647
f 8659 8660 8647
f 8647 8660 8648
f 8660 8661 8648
f 8649 8662 8650
f 8662 8663 8650
f 8650 8663 8651
f 8663 8664 8651
f 8651 8664 8652
f 8664 8665 8652
f 8652 8665 8653
f 8665 8666 8653
f 8653 8666 8654
f 8666 8667 8654
f 8654 8667 8655
f 8667 8668 8655
f 8655 8668 8656
f 8668 8669 8656
f 8656 8669 8657
f 8669 8670 8657
f 8657 8670 8658
f 8670 8671 8658
f 8658 8671 8659
f 8671 8672 8659
f 8659 8672 8660
f 8672 8673 8660
f 8660 8673 8661
f 8673 8674 8661
f 8662 8675 8663
f 8675 8676 8663
f 8663 8676 8664
f 8676 8677 8664
f 8664 8677 8665
f 8677 8678 8665
f 8665 8678 8666
f 8678 8679 8666
f 8666 8679 8667
f 8679 8680 8667
f 8667 8680 8668
f 8680 8681 8668
f 8668 8681 8669
f 8681 8682 8669
f 8669 8682 8670
f 8682 8683 8670
f 8670 8683 8671
f 8683 8684 8671
f 8671 8684 8672
f 8684 8685 8672
f 8672 8685 8673
f 8685 8686 8673
f 8673 8686 8674
f 8686 8687 8674
f 8675 8688 8676
f 8688 8689 8676
f 8676 8689 8677
f 8689 8690 8677
f 8677 8690 8678
f 8690 8691 8678
f 8678 8691 8679
f 8691 8692 8679
f 8679 8692 8680
f 8692 8693 8680
f 8680 8693 8681
f 8693 8694 8681
f 8681 8694 8682
f 8694 8695 8682
f 8682 8695 8683
f 8695 8696 8683
f 8683 8696 8684
f 8696 8697 8684
f 8684 8697 8685
f 8697 8698 8685
f 8685 8698 8686
f 8698 8699 8686
f 8686 8699 8687
f 8699 8700 8687
f 8688 8701 8689
f 8701 8702 8689
f 8689 8702 8690
f 8702 8703 8690
f 8690 8703 8691
f 8703 8704 8691
f 8691 8704 8692
f 8704 8705 8692
f 8692 8705 8693
f 8705 8706 8693
f 8693 8706 8694
f 8706 8707 8694
f 8694 8707 8695
f 8707 8708 8695
f 8695 8708 8696
f 8708 8709 8696
f 8696 8709 8697
f 8709 8710 8697
f 8697 8710 8698
f 8710 8711 8698
f 8698 8711 8699
f 8711 8712 8699
f 8699 8712 8700
f 8712 8713 8700
f 8701 8714 8702
f 8714 8715 8702
f 8702 8715 8703
f 8715 8716 8703
f 8703 8716 8704
f 8716 8717 8704
f 8704 8717 8705
f 8717 8718 8705
f 8705 8718 8706
f 8718 8719 8706
f 8706 8719 8707
f 8719 8720 8707
f 8707 8720 8708
f 8720 8721 8708
f 8708 8721 8709
f 8721 8722 8709
f 8709 8722 8710
f 8722 8723 8710
f 8710 8723 8711
f 8723 8724 8711
f 8711 8724 8712
f 8724 8725 8712
f 8712 8725 8713
f 8725 8726 8713
f 8714 8727 8715
f 8727 8728 8715
f 8715 8728 8716
f 8728 8729 8716
f 8716 8729 8717
f 8729 8730 8717
f 8717 8730 8718
f 8730 8731 8718
f 8718 8731 8719
f 8731 8732 8719
f 8719 8732 8720
f 8732 8733 8720
f 8720 8733 8721
f 8733 8734 8721
f 8721 8734 8722
f 8734 8735 8722
f 8722 8735 8723
f 8735 8736 8723
f 8723 8736 8724
f 8736 8737 8724
f 8724 8737 8725
f 8737 8738 8725
f 8725 8738 8726
f 8738 8739 8726
f 8727 8740 8728
f 8740 8741 8728
f 8728 8741 8729
f 8741 8742 8729
f 8729 8742 8730
f 8742 8743 8730
f 8730 8743 8731
f 8743 8744 8731
f 8731 8744 8732
f 8744 8745 8732
f 8732 8745 8733
f 8745 8746 8733
f 8733 8746 8734
f 8746 8747 8734
f 8734 8747 8735
f 8747 8748 8735
f 8735 8748 8736
f 8748 8749 8736
f 8736 8749 8737
f 8749 8750 8737
f 8737 8750 8738
f 8750 8751 8738
f 8738 8751 8739
f 8751 8752 8739
f 8740 8753 8741
f 8753 8754 8741
f 8741 8754 8742
f 8754 8755 8742
f 8742 8755 8743
f 8755 8756 8743
f 8743 8756 8744
f 8756 8757 8744
f 8744 8757 8745
f 8757 8758 8745
f 8745 8758 8746
f 8758 8759 8746
f 8746 8759 8747
f 8759 8760 8747
f 8747 8760 8748
f 8760 8761 8748
f 8748 8761 8749
f 8761 8762 8749
f 8749 8762 8750
f 8762 8763 8750
f 8750 8763 8751
f 8763 8764 8751
f 8751 8764 8752
f 8764 8765 8752
f 8753 8766 8754
f 8766 8767 8754
f 8754 8767 8755
f 8767 8768 8755
f 8755 8768 8756
f 8768 8769 8756
f 8756 8769 8757
f 8769 8770 8757
f 8757 8770 8758
f 8770 8771 8758
f 8758 8771 8759
f 8771 8772 8759
f 8759 8772 8760
f 8772 8773 8760
f 8760 8773 8761
f 8773 8774 8761
f 8761 8774 8762
f 8774 8775 8762
f 8762 8775 8763
f 8775 8776 8763
f 8763 8776 8764
f 8776 8777 8764
f 8764 8777 8765
f 8777 8778 8765
f 8766 8779 8767
f 8779 8780 8767
f 8767 8780 8768
f 8780 8781 8768
f 8768 8781 8769
f 8781 8782 8769
f 8769 8782 8770
f 8782 8783 8770
f 8770 8783 8771
f 8783 8784 8771
f 8771 8784 8772
f 8784 8785 8772
f 8772 8785 8773
f 8785 8786 8773
f 8773 8786 8774
f 8786 8787 8774
f 8774 8787 8775
f 8787 8788 8775
f 8775 8788 8776
f 8788 8789 8776
f 8776 8789 8777
f 8789 8790 8777
f 8777 8790 8778
f 8790 8791 8778
f 8779 8792 8780
f 8792 8793 8780
f 8780 8793 8781
f 8793 8794 8781
f 8781 8794 8782
f 8794 8795 8782
f 8782 8795 8783
f 8795 8796 8783
f 8783 8796 8784
f 8796 8797 8784
f 8784 8797 8785
f 8797 8798 8785
f 8785 8798 8786
f 8798 8799 8786
f 8786 8799 8787
f 8799 8800 8787
f 8787 8800 8788
f 8800 8801 8788
f 8788 8801 8789
f 8801 8802 8789
f 8789 8802 8790
f 8802 8803 8790
f 8790 8803 8791
f 8803 8804 8791
f 8792 8805 8793
f 8805 8806 8793
f 8793 8806 8794
f 8806 8807 8794
f 8794 8807 8795
f 8807 8808 8795
f 8795 8808 8796
f 8808 8809 8796
f 8796 8809 8797
f 8809 8810 8797
f 8797 8810 8798
f 8810 8811 8798
f 8798 8811 8799
f 8811 8812 8799
f 8799 8812 8800
f 8812 8813 8800
f 8800 8813 8801
f 8813 8814 8801
f 8801 8814 8802
f 8814 8815 8802
f 8802 8815 8803
f 8815 8816 8803
f 8803 8816 8804
f 8816 8817 8804
f 8805 8818 8806
f 8818 8819 8806
f 8806 8819 8807
f 8819 8820 8807
f 8807 8820 8808
f 8820 8821 8808
f 8808 8821 8809
f 8821 8822 8809
f 8809 8822 8810
f 8822 8823 8810
f 8810 8823 8811
f 8823 8824 8811
f 8811 8824 8812
f 8824 8825 8812
f 8812 8825 8813
f 8825 8826 8813
f 8813 8826 8814
f 8826 8827 8814
f 8814 8827 8815
f 8827 8828 8815
f 8815 8828 8816
f 8828 8829 8816
f 8816 8829 8817
f 8829 8830 8817
f 8818 8831 8819
f 8831 8832 8819
f 8819 8832 8820
f 8832 8833 8820
f 8820 8833 8821
f 8833 8834 8821
f 8821 8834 8822
f 8834 8835 8822
f 8822 8835 8823
f 8835 8836 8823
f 8823 8836 8824
f 8836 8837 8824
f 8824 8837 8825
f 8837 8838 8825
f 8825 8838 8826
f 8838 8839 8826
f 8826 8839 8827
f 8839 8840 8827
f 8827 8840 8828
f 8840 8841 8828
f 8828 8841 8829
f 8841 8842 8829
f 8829 8842 8830
f 8842 8843 8830
