mtllib PoliceCruiser1991.mtl
o PoliceCruiser1991
usemtl paint_white
v 0.96800 0.30000 -1.66000
v 0.96800 0.30000 -2.72000
v 0.96800 0.46000 -2.72000
v 0.96800 0.30000 1.29000
v 0.96800 0.30000 -0.74000
v 0.96800 0.32579 -0.74072
v 0.96800 0.30000 2.68000
v 0.96800 0.30000 2.21000
v 0.96800 0.32579 2.20928
v 0.96800 0.60000 2.79000
v 0.96800 0.40000 2.79000
v 0.96800 0.30000 2.68000
v 0.96800 0.93000 1.40000
v 0.96800 0.80000 2.72000
v 0.96800 0.60000 2.79000
v 0.96800 1.04000 -1.58000
v 0.96800 1.00000 1.02000
v 0.96800 0.93000 1.40000
v 0.96800 0.90000 -2.70000
v 0.96800 1.00000 -2.50000
v 0.96800 1.04000 -1.58000
v 0.96800 0.46000 -2.72000
v 0.96800 0.60000 -2.72000
v 0.96800 0.90000 -2.70000
v 0.96800 0.32579 -1.65928
v 0.96800 0.30000 -1.66000
v 0.96800 0.46000 -2.72000
v 0.96800 0.30000 1.29000
v 0.96800 0.32579 -0.74072
v 0.96800 0.35150 -0.74289
v 0.96800 0.30000 2.68000
v 0.96800 0.32579 2.20928
v 0.96800 0.35150 2.20711
v 0.96800 0.90000 -2.70000
v 0.96800 1.04000 -1.58000
v 0.96800 0.93000 1.40000
v 0.96800 0.32579 -1.65928
v 0.96800 0.46000 -2.72000
v 0.96800 0.90000 -2.70000
v 0.96800 0.30000 1.29000
v 0.96800 0.35150 -0.74289
v 0.96800 0.37705 -0.74650
v 0.96800 0.30000 2.68000
v 0.96800 0.35150 2.20711
v 0.96800 0.37705 2.20350
v 0.96800 0.35150 -1.65711
v 0.96800 0.32579 -1.65928
v 0.96800 0.90000 -2.70000
v 0.96800 0.30000 1.29000
v 0.96800 0.37705 -0.74650
v 0.96800 0.40236 -0.75153
v 0.96800 0.30000 2.68000
v 0.96800 0.37705 2.20350
v 0.96800 0.40236 2.19847
v 0.96800 0.37705 -1.65350
v 0.96800 0.35150 -1.65711
v 0.96800 0.90000 -2.70000
v 0.96800 0.30000 1.29000
v 0.96800 0.40236 -0.75153
v 0.96800 0.42734 -0.75798
v 0.96800 0.30000 2.68000
v 0.96800 0.40236 2.19847
v 0.96800 0.42734 2.19202
v 0.96800 0.40236 -1.64847
v 0.96800 0.37705 -1.65350
v 0.96800 0.90000 -2.70000
v 0.96800 0.30000 1.29000
v 0.96800 0.42734 -0.75798
v 0.96800 0.45193 -0.76581
v 0.96800 0.30000 2.68000
v 0.96800 0.42734 2.19202
v 0.96800 0.45193 2.18419
v 0.96800 0.42734 -1.64202
v 0.96800 0.40236 -1.64847
v 0.96800 0.90000 -2.70000
v 0.96800 0.30000 1.29000
v 0.96800 0.45193 -0.76581
v 0.96800 0.47603 -0.77502
v 0.96800 0.30000 2.68000
v 0.96800 0.45193 2.18419
v 0.96800 0.47603 2.17498
v 0.96800 0.45193 -1.63419
v 0.96800 0.42734 -1.64202
v 0.96800 0.90000 -2.70000
v 0.96800 0.30000 1.29000
v 0.96800 0.47603 -0.77502
v 0.96800 0.49959 -0.78555
v 0.96800 0.30000 2.68000
v 0.96800 0.47603 2.17498
v 0.96800 0.49959 2.16445
v 0.96800 0.47603 -1.62498
v 0.96800 0.45193 -1.63419
v 0.96800 0.90000 -2.70000
v 0.96800 0.30000 1.29000
v 0.96800 0.49959 -0.78555
v 0.96800 0.52251 -0.79740
v 0.96800 0.30000 2.68000
v 0.96800 0.49959 2.16445
v 0.96800 0.52251 2.15260
v 0.96800 0.49959 -1.61445
v 0.96800 0.47603 -1.62498
v 0.96800 0.90000 -2.70000
v 0.96800 0.30000 1.29000
v 0.96800 0.52251 -0.79740
v 0.96800 0.54473 -0.81051
v 0.96800 0.30000 2.68000
v 0.96800 0.52251 2.15260
v 0.96800 0.54473 2.13949
v 0.96800 0.52251 -1.60260
v 0.96800 0.49959 -1.61445
v 0.96800 0.90000 -2.70000
v 0.96800 0.30000 1.29000
v 0.96800 0.54473 -0.81051
v 0.96800 0.56619 -0.82484
v 0.96800 0.30000 2.68000
v 0.96800 0.54473 2.13949
v 0.96800 0.56619 2.12516
v 0.96800 0.54473 -1.58949
v 0.96800 0.52251 -1.60260
v 0.96800 0.90000 -2.70000
v 0.96800 0.30000 1.29000
v 0.96800 0.56619 -0.82484
v 0.96800 0.58681 -0.84036
v 0.96800 0.30000 2.68000
v 0.96800 0.56619 2.12516
v 0.96800 0.58681 2.10964
v 0.96800 0.56619 -1.57516
v 0.96800 0.54473 -1.58949
v 0.96800 0.90000 -2.70000
v 0.96800 0.30000 1.29000
v 0.96800 0.58681 -0.84036
v 0.96800 0.60652 -0.85700
v 0.96800 0.30000 2.68000
v 0.96800 0.58681 2.10964
v 0.96800 0.60652 2.09300
v 0.96800 0.58681 -1.55964
v 0.96800 0.56619 -1.57516
v 0.96800 0.90000 -2.70000
v 0.96800 0.30000 1.29000
v 0.96800 0.60652 -0.85700
v 0.96800 0.62527 -0.87473
v 0.96800 0.30000 2.68000
v 0.96800 0.60652 2.09300
v 0.96800 0.62527 2.07527
v 0.96800 0.60652 -1.54300
v 0.96800 0.58681 -1.55964
v 0.96800 0.90000 -2.70000
v 0.96800 0.30000 1.29000
v 0.96800 0.62527 -0.87473
v 0.96800 0.64300 -0.89348
v 0.96800 0.30000 2.68000
v 0.96800 0.62527 2.07527
v 0.96800 0.64300 2.05652
v 0.96800 0.62527 -1.52527
v 0.96800 0.60652 -1.54300
v 0.96800 0.90000 -2.70000
v 0.96800 0.30000 1.29000
v 0.96800 0.64300 -0.89348
v 0.96800 0.65964 -0.91319
v 0.96800 0.30000 2.68000
v 0.96800 0.64300 2.05652
v 0.96800 0.65964 2.03681
v 0.96800 0.64300 -1.50652
v 0.96800 0.62527 -1.52527
v 0.96800 0.90000 -2.70000
v 0.96800 0.30000 1.29000
v 0.96800 0.65964 -0.91319
v 0.96800 0.67516 -0.93381
v 0.96800 0.30000 2.68000
v 0.96800 0.65964 2.03681
v 0.96800 0.67516 2.01619
v 0.96800 0.65964 -1.48681
v 0.96800 0.64300 -1.50652
v 0.96800 0.90000 -2.70000
v 0.96800 0.30000 1.29000
v 0.96800 0.67516 -0.93381
v 0.96800 0.68949 -0.95527
v 0.96800 0.30000 2.68000
v 0.96800 0.67516 2.01619
v 0.96800 0.68949 1.99473
v 0.96800 0.67516 -1.46619
v 0.96800 0.65964 -1.48681
v 0.96800 0.90000 -2.70000
v 0.96800 0.30000 1.29000
v 0.96800 0.68949 -0.95527
v 0.96800 0.70260 -0.97749
v 0.96800 0.30000 2.68000
v 0.96800 0.68949 1.99473
v 0.96800 0.70260 1.97251
v 0.96800 0.68949 -1.44473
v 0.96800 0.67516 -1.46619
v 0.96800 0.90000 -2.70000
v 0.96800 0.30000 1.29000
v 0.96800 0.70260 -0.97749
v 0.96800 0.71445 -1.00041
v 0.96800 0.60000 2.79000
v 0.96800 0.30000 2.68000
v 0.96800 0.70260 1.97251
v 0.96800 0.70260 -1.42251
v 0.96800 0.68949 -1.44473
v 0.96800 0.90000 -2.70000
v 0.96800 0.30000 1.29000
v 0.96800 0.71445 -1.00041
v 0.96800 0.72498 -1.02397
v 0.96800 0.60000 2.79000
v 0.96800 0.70260 1.97251
v 0.96800 0.71445 1.94959
v 0.96800 0.71445 -1.39959
v 0.96800 0.70260 -1.42251
v 0.96800 0.90000 -2.70000
v 0.96800 0.30000 1.29000
v 0.96800 0.72498 -1.02397
v 0.96800 0.73419 -1.04807
v 0.96800 0.60000 2.79000
v 0.96800 0.71445 1.94959
v 0.96800 0.72498 1.92603
v 0.96800 0.72498 -1.37603
v 0.96800 0.71445 -1.39959
v 0.96800 0.90000 -2.70000
v 0.96800 0.30000 1.29000
v 0.96800 0.73419 -1.04807
v 0.96800 0.74202 -1.07266
v 0.96800 0.60000 2.79000
v 0.96800 0.72498 1.92603
v 0.96800 0.73419 1.90193
v 0.96800 0.73419 -1.35193
v 0.96800 0.72498 -1.37603
v 0.96800 0.90000 -2.70000
v 0.96800 0.30000 1.29000
v 0.96800 0.74202 -1.07266
v 0.96800 0.74847 -1.09764
v 0.96800 0.60000 2.79000
v 0.96800 0.73419 1.90193
v 0.96800 0.74202 1.87734
v 0.96800 0.74202 -1.32734
v 0.96800 0.73419 -1.35193
v 0.96800 0.90000 -2.70000
v 0.96800 0.30000 1.29000
v 0.96800 0.74847 -1.09764
v 0.96800 0.75350 -1.12295
v 0.96800 0.60000 2.79000
v 0.96800 0.74202 1.87734
v 0.96800 0.74847 1.85236
v 0.96800 0.74847 -1.30236
v 0.96800 0.74202 -1.32734
v 0.96800 0.90000 -2.70000
v 0.96800 0.32579 1.29072
v 0.96800 0.30000 1.29000
v 0.96800 0.75350 -1.12295
v 0.96800 0.60000 2.79000
v 0.96800 0.74847 1.85236
v 0.96800 0.75350 1.82705
v 0.96800 0.75350 -1.27705
v 0.96800 0.74847 -1.30236
v 0.96800 0.90000 -2.70000
v 0.96800 0.35150 1.29289
v 0.96800 0.32579 1.29072
v 0.96800 0.75350 -1.12295
v 0.96800 0.93000 1.40000
v 0.96800 0.60000 2.79000
v 0.96800 0.75350 1.82705
v 0.96800 0.75711 -1.25150
v 0.96800 0.75350 -1.27705
v 0.96800 0.90000 -2.70000
v 0.96800 0.37705 1.29650
v 0.96800 0.35150 1.29289
v 0.96800 0.75350 -1.12295
v 0.96800 0.93000 1.40000
v 0.96800 0.75350 1.82705
v 0.96800 0.75711 1.80150
v 0.96800 0.75928 -1.22579
v 0.96800 0.75711 -1.25150
v 0.96800 0.90000 -2.70000
v 0.96800 0.40236 1.30153
v 0.96800 0.37705 1.29650
v 0.96800 0.75350 -1.12295
v 0.96800 0.93000 1.40000
v 0.96800 0.75711 1.80150
v 0.96800 0.75928 1.77579
v 0.96800 0.75928 -1.22579
v 0.96800 0.90000 -2.70000
v 0.96800 0.93000 1.40000
v 0.96800 0.42734 1.30798
v 0.96800 0.40236 1.30153
v 0.96800 0.75350 -1.12295
v 0.96800 0.93000 1.40000
v 0.96800 0.75928 1.77579
v 0.96800 0.76000 1.75000
v 0.96800 0.76000 -1.20000
v 0.96800 0.75928 -1.22579
v 0.96800 0.93000 1.40000
v 0.96800 0.42734 1.30798
v 0.96800 0.75350 -1.12295
v 0.96800 0.75711 -1.14850
v 0.96800 0.93000 1.40000
v 0.96800 0.76000 1.75000
v 0.96800 0.75928 1.72421
v 0.96800 0.75928 -1.17421
v 0.96800 0.76000 -1.20000
v 0.96800 0.93000 1.40000
v 0.96800 0.45193 1.31581
v 0.96800 0.42734 1.30798
v 0.96800 0.75711 -1.14850
v 0.96800 0.93000 1.40000
v 0.96800 0.75928 1.72421
v 0.96800 0.75711 1.69850
v 0.96800 0.75711 -1.14850
v 0.96800 0.75928 -1.17421
v 0.96800 0.93000 1.40000
v 0.96800 0.47603 1.32502
v 0.96800 0.45193 1.31581
v 0.96800 0.75711 -1.14850
v 0.96800 0.93000 1.40000
v 0.96800 0.75711 1.69850
v 0.96800 0.75350 1.67295
v 0.96800 0.47603 1.32502
v 0.96800 0.75711 -1.14850
v 0.96800 0.93000 1.40000
v 0.96800 0.93000 1.40000
v 0.96800 0.75350 1.67295
v 0.96800 0.74847 1.64764
v 0.96800 0.49959 1.33555
v 0.96800 0.47603 1.32502
v 0.96800 0.93000 1.40000
v 0.96800 0.93000 1.40000
v 0.96800 0.74847 1.64764
v 0.96800 0.74202 1.62266
v 0.96800 0.52251 1.34740
v 0.96800 0.49959 1.33555
v 0.96800 0.93000 1.40000
v 0.96800 0.93000 1.40000
v 0.96800 0.74202 1.62266
v 0.96800 0.73419 1.59807
v 0.96800 0.54473 1.36051
v 0.96800 0.52251 1.34740
v 0.96800 0.93000 1.40000
v 0.96800 0.93000 1.40000
v 0.96800 0.73419 1.59807
v 0.96800 0.72498 1.57397
v 0.96800 0.56619 1.37484
v 0.96800 0.54473 1.36051
v 0.96800 0.93000 1.40000
v 0.96800 0.93000 1.40000
v 0.96800 0.72498 1.57397
v 0.96800 0.71445 1.55041
v 0.96800 0.58681 1.39036
v 0.96800 0.56619 1.37484
v 0.96800 0.93000 1.40000
v 0.96800 0.93000 1.40000
v 0.96800 0.71445 1.55041
v 0.96800 0.70260 1.52749
v 0.96800 0.60652 1.40700
v 0.96800 0.58681 1.39036
v 0.96800 0.93000 1.40000
v 0.96800 0.93000 1.40000
v 0.96800 0.70260 1.52749
v 0.96800 0.68949 1.50527
v 0.96800 0.62527 1.42473
v 0.96800 0.60652 1.40700
v 0.96800 0.93000 1.40000
v 0.96800 0.93000 1.40000
v 0.96800 0.68949 1.50527
v 0.96800 0.67516 1.48381
v 0.96800 0.64300 1.44348
v 0.96800 0.62527 1.42473
v 0.96800 0.93000 1.40000
v 0.96800 0.93000 1.40000
v 0.96800 0.67516 1.48381
v 0.96800 0.65964 1.46319
v 0.96800 0.65964 1.46319
v 0.96800 0.64300 1.44348
v 0.96800 0.93000 1.40000
v -0.96800 0.46000 -2.72000
v -0.96800 0.30000 -2.72000
v -0.96800 0.30000 -1.66000
v -0.96800 0.32579 -0.74072
v -0.96800 0.30000 -0.74000
v -0.96800 0.30000 1.29000
v -0.96800 0.32579 2.20928
v -0.96800 0.30000 2.21000
v -0.96800 0.30000 2.68000
v -0.96800 0.30000 2.68000
v -0.96800 0.40000 2.79000
v -0.96800 0.60000 2.79000
v -0.96800 0.60000 2.79000
v -0.96800 0.80000 2.72000
v -0.96800 0.93000 1.40000
v -0.96800 0.93000 1.40000
v -0.96800 1.00000 1.02000
v -0.96800 1.04000 -1.58000
v -0.96800 1.04000 -1.58000
v -0.96800 1.00000 -2.50000
v -0.96800 0.90000 -2.70000
v -0.96800 0.90000 -2.70000
v -0.96800 0.60000 -2.72000
v -0.96800 0.46000 -2.72000
v -0.96800 0.46000 -2.72000
v -0.96800 0.30000 -1.66000
v -0.96800 0.32579 -1.65928
v -0.96800 0.35150 -0.74289
v -0.96800 0.32579 -0.74072
v -0.96800 0.30000 1.29000
v -0.96800 0.35150 2.20711
v -0.96800 0.32579 2.20928
v -0.96800 0.30000 2.68000
v -0.96800 0.93000 1.40000
v -0.96800 1.04000 -1.58000
v -0.96800 0.90000 -2.70000
v -0.96800 0.90000 -2.70000
v -0.96800 0.46000 -2.72000
v -0.96800 0.32579 -1.65928
v -0.96800 0.37705 -0.74650
v -0.96800 0.35150 -0.74289
v -0.96800 0.30000 1.29000
v -0.96800 0.37705 2.20350
v -0.96800 0.35150 2.20711
v -0.96800 0.30000 2.68000
v -0.96800 0.90000 -2.70000
v -0.96800 0.32579 -1.65928
v -0.96800 0.35150 -1.65711
v -0.96800 0.40236 -0.75153
v -0.96800 0.37705 -0.74650
v -0.96800 0.30000 1.29000
v -0.96800 0.40236 2.19847
v -0.96800 0.37705 2.20350
v -0.96800 0.30000 2.68000
v -0.96800 0.90000 -2.70000
v -0.96800 0.35150 -1.65711
v -0.96800 0.37705 -1.65350
v -0.96800 0.42734 -0.75798
v -0.96800 0.40236 -0.75153
v -0.96800 0.30000 1.29000
v -0.96800 0.42734 2.19202
v -0.96800 0.40236 2.19847
v -0.96800 0.30000 2.68000
v -0.96800 0.90000 -2.70000
v -0.96800 0.37705 -1.65350
v -0.96800 0.40236 -1.64847
v -0.96800 0.45193 -0.76581
v -0.96800 0.42734 -0.75798
v -0.96800 0.30000 1.29000
v -0.96800 0.45193 2.18419
v -0.96800 0.42734 2.19202
v -0.96800 0.30000 2.68000
v -0.96800 0.90000 -2.70000
v -0.96800 0.40236 -1.64847
v -0.96800 0.42734 -1.64202
v -0.96800 0.47603 -0.77502
v -0.96800 0.45193 -0.76581
v -0.96800 0.30000 1.29000
v -0.96800 0.47603 2.17498
v -0.96800 0.45193 2.18419
v -0.96800 0.30000 2.68000
v -0.96800 0.90000 -2.70000
v -0.96800 0.42734 -1.64202
v -0.96800 0.45193 -1.63419
v -0.96800 0.49959 -0.78555
v -0.96800 0.47603 -0.77502
v -0.96800 0.30000 1.29000
v -0.96800 0.49959 2.16445
v -0.96800 0.47603 2.17498
v -0.96800 0.30000 2.68000
v -0.96800 0.90000 -2.70000
v -0.96800 0.45193 -1.63419
v -0.96800 0.47603 -1.62498
v -0.96800 0.52251 -0.79740
v -0.96800 0.49959 -0.78555
v -0.96800 0.30000 1.29000
v -0.96800 0.52251 2.15260
v -0.96800 0.49959 2.16445
v -0.96800 0.30000 2.68000
v -0.96800 0.90000 -2.70000
v -0.96800 0.47603 -1.62498
v -0.96800 0.49959 -1.61445
v -0.96800 0.54473 -0.81051
v -0.96800 0.52251 -0.79740
v -0.96800 0.30000 1.29000
v -0.96800 0.54473 2.13949
v -0.96800 0.52251 2.15260
v -0.96800 0.30000 2.68000
v -0.96800 0.90000 -2.70000
v -0.96800 0.49959 -1.61445
v -0.96800 0.52251 -1.60260
v -0.96800 0.56619 -0.82484
v -0.96800 0.54473 -0.81051
v -0.96800 0.30000 1.29000
v -0.96800 0.56619 2.12516
v -0.96800 0.54473 2.13949
v -0.96800 0.30000 2.68000
v -0.96800 0.90000 -2.70000
v -0.96800 0.52251 -1.60260
v -0.96800 0.54473 -1.58949
v -0.96800 0.58681 -0.84036
v -0.96800 0.56619 -0.82484
v -0.96800 0.30000 1.29000
v -0.96800 0.58681 2.10964
v -0.96800 0.56619 2.12516
v -0.96800 0.30000 2.68000
v -0.96800 0.90000 -2.70000
v -0.96800 0.54473 -1.58949
v -0.96800 0.56619 -1.57516
v -0.96800 0.60652 -0.85700
v -0.96800 0.58681 -0.84036
v -0.96800 0.30000 1.29000
v -0.96800 0.60652 2.09300
v -0.96800 0.58681 2.10964
v -0.96800 0.30000 2.68000
v -0.96800 0.90000 -2.70000
v -0.96800 0.56619 -1.57516
v -0.96800 0.58681 -1.55964
v -0.96800 0.62527 -0.87473
v -0.96800 0.60652 -0.85700
v -0.96800 0.30000 1.29000
v -0.96800 0.62527 2.07527
v -0.96800 0.60652 2.09300
v -0.96800 0.30000 2.68000
v -0.96800 0.90000 -2.70000
v -0.96800 0.58681 -1.55964
v -0.96800 0.60652 -1.54300
v -0.96800 0.64300 -0.89348
v -0.96800 0.62527 -0.87473
v -0.96800 0.30000 1.29000
v -0.96800 0.64300 2.05652
v -0.96800 0.62527 2.07527
v -0.96800 0.30000 2.68000
v -0.96800 0.90000 -2.70000
v -0.96800 0.60652 -1.54300
v -0.96800 0.62527 -1.52527
v -0.96800 0.65964 -0.91319
v -0.96800 0.64300 -0.89348
v -0.96800 0.30000 1.29000
v -0.96800 0.65964 2.03681
v -0.96800 0.64300 2.05652
v -0.96800 0.30000 2.68000
v -0.96800 0.90000 -2.70000
v -0.96800 0.62527 -1.52527
v -0.96800 0.64300 -1.50652
v -0.96800 0.67516 -0.93381
v -0.96800 0.65964 -0.91319
v -0.96800 0.30000 1.29000
v -0.96800 0.67516 2.01619
v -0.96800 0.65964 2.03681
v -0.96800 0.30000 2.68000
v -0.96800 0.90000 -2.70000
v -0.96800 0.64300 -1.50652
v -0.96800 0.65964 -1.48681
v -0.96800 0.68949 -0.95527
v -0.96800 0.67516 -0.93381
v -0.96800 0.30000 1.29000
v -0.96800 0.68949 1.99473
v -0.96800 0.67516 2.01619
v -0.96800 0.30000 2.68000
v -0.96800 0.90000 -2.70000
v -0.96800 0.65964 -1.48681
v -0.96800 0.67516 -1.46619
v -0.96800 0.70260 -0.97749
v -0.96800 0.68949 -0.95527
v -0.96800 0.30000 1.29000
v -0.96800 0.70260 1.97251
v -0.96800 0.68949 1.99473
v -0.96800 0.30000 2.68000
v -0.96800 0.90000 -2.70000
v -0.96800 0.67516 -1.46619
v -0.96800 0.68949 -1.44473
v -0.96800 0.71445 -1.00041
v -0.96800 0.70260 -0.97749
v -0.96800 0.30000 1.29000
v -0.96800 0.70260 1.97251
v -0.96800 0.30000 2.68000
v -0.96800 0.60000 2.79000
v -0.96800 0.90000 -2.70000
v -0.96800 0.68949 -1.44473
v -0.96800 0.70260 -1.42251
v -0.96800 0.72498 -1.02397
v -0.96800 0.71445 -1.00041
v -0.96800 0.30000 1.29000
v -0.96800 0.71445 1.94959
v -0.96800 0.70260 1.97251
v -0.96800 0.60000 2.79000
v -0.96800 0.90000 -2.70000
v -0.96800 0.70260 -1.42251
v -0.96800 0.71445 -1.39959
v -0.96800 0.73419 -1.04807
v -0.96800 0.72498 -1.02397
v -0.96800 0.30000 1.29000
v -0.96800 0.72498 1.92603
v -0.96800 0.71445 1.94959
v -0.96800 0.60000 2.79000
v -0.96800 0.90000 -2.70000
v -0.96800 0.71445 -1.39959
v -0.96800 0.72498 -1.37603
v -0.96800 0.74202 -1.07266
v -0.96800 0.73419 -1.04807
v -0.96800 0.30000 1.29000
v -0.96800 0.73419 1.90193
v -0.96800 0.72498 1.92603
v -0.96800 0.60000 2.79000
v -0.96800 0.90000 -2.70000
v -0.96800 0.72498 -1.37603
v -0.96800 0.73419 -1.35193
v -0.96800 0.74847 -1.09764
v -0.96800 0.74202 -1.07266
v -0.96800 0.30000 1.29000
v -0.96800 0.74202 1.87734
v -0.96800 0.73419 1.90193
v -0.96800 0.60000 2.79000
v -0.96800 0.90000 -2.70000
v -0.96800 0.73419 -1.35193
v -0.96800 0.74202 -1.32734
v -0.96800 0.75350 -1.12295
v -0.96800 0.74847 -1.09764
v -0.96800 0.30000 1.29000
v -0.96800 0.74847 1.85236
v -0.96800 0.74202 1.87734
v -0.96800 0.60000 2.79000
v -0.96800 0.90000 -2.70000
v -0.96800 0.74202 -1.32734
v -0.96800 0.74847 -1.30236
v -0.96800 0.75350 -1.12295
v -0.96800 0.30000 1.29000
v -0.96800 0.32579 1.29072
v -0.96800 0.75350 1.82705
v -0.96800 0.74847 1.85236
v -0.96800 0.60000 2.79000
v -0.96800 0.90000 -2.70000
v -0.96800 0.74847 -1.30236
v -0.96800 0.75350 -1.27705
v -0.96800 0.75350 -1.12295
v -0.96800 0.32579 1.29072
v -0.96800 0.35150 1.29289
v -0.96800 0.75350 1.82705
v -0.96800 0.60000 2.79000
v -0.96800 0.93000 1.40000
v -0.96800 0.90000 -2.70000
v -0.96800 0.75350 -1.27705
v -0.96800 0.75711 -1.25150
v -0.96800 0.75350 -1.12295
v -0.96800 0.35150 1.29289
v -0.96800 0.37705 1.29650
v -0.96800 0.75711 1.80150
v -0.96800 0.75350 1.82705
v -0.96800 0.93000 1.40000
v -0.96800 0.90000 -2.70000
v -0.96800 0.75711 -1.25150
v -0.96800 0.75928 -1.22579
v -0.96800 0.75350 -1.12295
v -0.96800 0.37705 1.29650
v -0.96800 0.40236 1.30153
v -0.96800 0.75928 1.77579
v -0.96800 0.75711 1.80150
v -0.96800 0.93000 1.40000
v -0.96800 0.93000 1.40000
v -0.96800 0.90000 -2.70000
v -0.96800 0.75928 -1.22579
v -0.96800 0.75350 -1.12295
v -0.96800 0.40236 1.30153
v -0.96800 0.42734 1.30798
v -0.96800 0.76000 1.75000
v -0.96800 0.75928 1.77579
v -0.96800 0.93000 1.40000
v -0.96800 0.93000 1.40000
v -0.96800 0.75928 -1.22579
v -0.96800 0.76000 -1.20000
v -0.96800 0.75711 -1.14850
v -0.96800 0.75350 -1.12295
v -0.96800 0.42734 1.30798
v -0.96800 0.75928 1.72421
v -0.96800 0.76000 1.75000
v -0.96800 0.93000 1.40000
v -0.96800 0.93000 1.40000
v -0.96800 0.76000 -1.20000
v -0.96800 0.75928 -1.17421
v -0.96800 0.75711 -1.14850
v -0.96800 0.42734 1.30798
v -0.96800 0.45193 1.31581
v -0.96800 0.75711 1.69850
v -0.96800 0.75928 1.72421
v -0.96800 0.93000 1.40000
v -0.96800 0.93000 1.40000
v -0.96800 0.75928 -1.17421
v -0.96800 0.75711 -1.14850
v -0.96800 0.75711 -1.14850
v -0.96800 0.45193 1.31581
v -0.96800 0.47603 1.32502
v -0.96800 0.75350 1.67295
v -0.96800 0.75711 1.69850
v -0.96800 0.93000 1.40000
v -0.96800 0.93000 1.40000
v -0.96800 0.75711 -1.14850
v -0.96800 0.47603 1.32502
v -0.96800 0.74847 1.64764
v -0.96800 0.75350 1.67295
v -0.96800 0.93000 1.40000
v -0.96800 0.93000 1.40000
v -0.96800 0.47603 1.32502
v -0.96800 0.49959 1.33555
v -0.96800 0.74202 1.62266
v -0.96800 0.74847 1.64764
v -0.96800 0.93000 1.40000
v -0.96800 0.93000 1.40000
v -0.96800 0.49959 1.33555
v -0.96800 0.52251 1.34740
v -0.96800 0.73419 1.59807
v -0.96800 0.74202 1.62266
v -0.96800 0.93000 1.40000
v -0.96800 0.93000 1.40000
v -0.96800 0.52251 1.34740
v -0.96800 0.54473 1.36051
v -0.96800 0.72498 1.57397
v -0.96800 0.73419 1.59807
v -0.96800 0.93000 1.40000
v -0.96800 0.93000 1.40000
v -0.96800 0.54473 1.36051
v -0.96800 0.56619 1.37484
v -0.96800 0.71445 1.55041
v -0.96800 0.72498 1.57397
v -0.96800 0.93000 1.40000
v -0.96800 0.93000 1.40000
v -0.96800 0.56619 1.37484
v -0.96800 0.58681 1.39036
v -0.96800 0.70260 1.52749
v -0.96800 0.71445 1.55041
v -0.96800 0.93000 1.40000
v -0.96800 0.93000 1.40000
v -0.96800 0.58681 1.39036
v -0.96800 0.60652 1.40700
v -0.96800 0.68949 1.50527
v -0.96800 0.70260 1.52749
v -0.96800 0.93000 1.40000
v -0.96800 0.93000 1.40000
v -0.96800 0.60652 1.40700
v -0.96800 0.62527 1.42473
v -0.96800 0.67516 1.48381
v -0.96800 0.68949 1.50527
v -0.96800 0.93000 1.40000
v -0.96800 0.93000 1.40000
v -0.96800 0.62527 1.42473
v -0.96800 0.64300 1.44348
v -0.96800 0.65964 1.46319
v -0.96800 0.67516 1.48381
v -0.96800 0.93000 1.40000
v -0.96800 0.93000 1.40000
v -0.96800 0.64300 1.44348
v -0.96800 0.65964 1.46319
v 0.96800 0.30000 -2.72000
v 0.96800 0.30000 -1.66000
v 0.96559 0.29000 -2.73000
v 0.96800 0.30000 -1.66000
v 0.96559 0.29000 -1.65028
v 0.96559 0.29000 -2.73000
v 0.96559 0.29000 -2.73000
v 0.96559 0.29000 -1.65028
v 0.95900 0.28268 -2.73732
v 0.96559 0.29000 -1.65028
v 0.95900 0.28268 -1.64316
v 0.95900 0.28268 -2.73732
v 0.95900 0.28268 -2.73732
v 0.95900 0.28268 -1.64316
v 0.95000 0.28000 -2.74000
v 0.95900 0.28268 -1.64316
v 0.95000 0.28000 -1.64055
v 0.95000 0.28000 -2.74000
v 0.95000 0.28000 -2.74000
v 0.95000 0.28000 -1.64055
v -0.95000 0.28000 -2.74000
v 0.95000 0.28000 -1.64055
v -0.95000 0.28000 -1.64055
v -0.95000 0.28000 -2.74000
v -0.95000 0.28000 -2.74000
v -0.95000 0.28000 -1.64055
v -0.95900 0.28268 -2.73732
v -0.95000 0.28000 -1.64055
v -0.95900 0.28268 -1.64316
v -0.95900 0.28268 -2.73732
v -0.95900 0.28268 -2.73732
v -0.95900 0.28268 -1.64316
v -0.96559 0.29000 -2.73000
v -0.95900 0.28268 -1.64316
v -0.96559 0.29000 -1.65028
v -0.96559 0.29000 -2.73000
v -0.96559 0.29000 -2.73000
v -0.96559 0.29000 -1.65028
v -0.96800 0.30000 -2.72000
v -0.96559 0.29000 -1.65028
v -0.96800 0.30000 -1.66000
v -0.96800 0.30000 -2.72000
v 0.96800 0.30000 -1.66000
v 0.96800 0.32579 -1.65928
v 0.96559 0.29000 -1.65028
v 0.96800 0.32579 -1.65928
v 0.96559 0.32523 -1.64929
v 0.96559 0.29000 -1.65028
v 0.96559 0.29000 -1.65028
v 0.96559 0.32523 -1.64929
v 0.95900 0.28268 -1.64316
v 0.96559 0.32523 -1.64929
v 0.95900 0.32482 -1.64198
v 0.95900 0.28268 -1.64316
v 0.95900 0.28268 -1.64316
v 0.95900 0.32482 -1.64198
v 0.95000 0.28000 -1.64055
v 0.95900 0.32482 -1.64198
v 0.95000 0.32467 -1.63930
v 0.95000 0.28000 -1.64055
v 0.95000 0.28000 -1.64055
v 0.95000 0.32467 -1.63930
v -0.95000 0.28000 -1.64055
v 0.95000 0.32467 -1.63930
v -0.95000 0.32467 -1.63930
v -0.95000 0.28000 -1.64055
v -0.95000 0.28000 -1.64055
v -0.95000 0.32467 -1.63930
v -0.95900 0.28268 -1.64316
v -0.95000 0.32467 -1.63930
v -0.95900 0.32482 -1.64198
v -0.95900 0.28268 -1.64316
v -0.95900 0.28268 -1.64316
v -0.95900 0.32482 -1.64198
v -0.96559 0.29000 -1.65028
v -0.95900 0.32482 -1.64198
v -0.96559 0.32523 -1.64929
v -0.96559 0.29000 -1.65028
v -0.96559 0.29000 -1.65028
v -0.96559 0.32523 -1.64929
v -0.96800 0.30000 -1.66000
v -0.96559 0.32523 -1.64929
v -0.96800 0.32579 -1.65928
v -0.96800 0.30000 -1.66000
v 0.96800 0.32579 -1.65928
v 0.96800 0.35150 -1.65711
v 0.96559 0.32523 -1.64929
v 0.96800 0.35150 -1.65711
v 0.96559 0.35038 -1.64717
v 0.96559 0.32523 -1.64929
v 0.96559 0.32523 -1.64929
v 0.96559 0.35038 -1.64717
v 0.95900 0.32482 -1.64198
v 0.96559 0.35038 -1.64717
v 0.95900 0.34956 -1.63989
v 0.95900 0.32482 -1.64198
v 0.95900 0.32482 -1.64198
v 0.95900 0.34956 -1.63989
v 0.95000 0.32467 -1.63930
v 0.95900 0.34956 -1.63989
v 0.95000 0.34926 -1.63723
v 0.95000 0.32467 -1.63930
v 0.95000 0.32467 -1.63930
v 0.95000 0.34926 -1.63723
v -0.95000 0.32467 -1.63930
v 0.95000 0.34926 -1.63723
v -0.95000 0.34926 -1.63723
v -0.95000 0.32467 -1.63930
v -0.95000 0.32467 -1.63930
v -0.95000 0.34926 -1.63723
v -0.95900 0.32482 -1.64198
v -0.95000 0.34926 -1.63723
v -0.95900 0.34956 -1.63989
v -0.95900 0.32482 -1.64198
v -0.95900 0.32482 -1.64198
v -0.95900 0.34956 -1.63989
v -0.96559 0.32523 -1.64929
v -0.95900 0.34956 -1.63989
v -0.96559 0.35038 -1.64717
v -0.96559 0.32523 -1.64929
v -0.96559 0.32523 -1.64929
v -0.96559 0.35038 -1.64717
v -0.96800 0.32579 -1.65928
v -0.96559 0.35038 -1.64717
v -0.96800 0.35150 -1.65711
v -0.96800 0.32579 -1.65928
v 0.96800 0.35150 -1.65711
v 0.96800 0.37705 -1.65350
v 0.96559 0.35038 -1.64717
v 0.96800 0.37705 -1.65350
v 0.96559 0.37538 -1.64364
v 0.96559 0.35038 -1.64717
v 0.96559 0.35038 -1.64717
v 0.96559 0.37538 -1.64364
v 0.95900 0.34956 -1.63989
v 0.96559 0.37538 -1.64364
v 0.95900 0.37415 -1.63642
v 0.95900 0.34956 -1.63989
v 0.95900 0.34956 -1.63989
v 0.95900 0.37415 -1.63642
v 0.95000 0.34926 -1.63723
v 0.95900 0.37415 -1.63642
v 0.95000 0.37370 -1.63378
v 0.95000 0.34926 -1.63723
v 0.95000 0.34926 -1.63723
v 0.95000 0.37370 -1.63378
v -0.95000 0.34926 -1.63723
v 0.95000 0.37370 -1.63378
v -0.95000 0.37370 -1.63378
v -0.95000 0.34926 -1.63723
v -0.95000 0.34926 -1.63723
v -0.95000 0.37370 -1.63378
v -0.95900 0.34956 -1.63989
v -0.95000 0.37370 -1.63378
v -0.95900 0.37415 -1.63642
v -0.95900 0.34956 -1.63989
v -0.95900 0.34956 -1.63989
v -0.95900 0.37415 -1.63642
v -0.96559 0.35038 -1.64717
v -0.95900 0.37415 -1.63642
v -0.96559 0.37538 -1.64364
v -0.96559 0.35038 -1.64717
v -0.96559 0.35038 -1.64717
v -0.96559 0.37538 -1.64364
v -0.96800 0.35150 -1.65711
v -0.96559 0.37538 -1.64364
v -0.96800 0.37705 -1.65350
v -0.96800 0.35150 -1.65711
v 0.96800 0.37705 -1.65350
v 0.96800 0.40236 -1.64847
v 0.96559 0.37538 -1.64364
v 0.96800 0.40236 -1.64847
v 0.96559 0.40013 -1.63871
v 0.96559 0.37538 -1.64364
v 0.96559 0.37538 -1.64364
v 0.96559 0.40013 -1.63871
v 0.95900 0.37415 -1.63642
v 0.96559 0.40013 -1.63871
v 0.95900 0.39850 -1.63157
v 0.95900 0.37415 -1.63642
v 0.95900 0.37415 -1.63642
v 0.95900 0.39850 -1.63157
v 0.95000 0.37370 -1.63378
v 0.95900 0.39850 -1.63157
v 0.95000 0.39791 -1.62896
v 0.95000 0.37370 -1.63378
v 0.95000 0.37370 -1.63378
v 0.95000 0.39791 -1.62896
v -0.95000 0.37370 -1.63378
v 0.95000 0.39791 -1.62896
v -0.95000 0.39791 -1.62896
v -0.95000 0.37370 -1.63378
v -0.95000 0.37370 -1.63378
v -0.95000 0.39791 -1.62896
v -0.95900 0.37415 -1.63642
v -0.95000 0.39791 -1.62896
v -0.95900 0.39850 -1.63157
v -0.95900 0.37415 -1.63642
v -0.95900 0.37415 -1.63642
v -0.95900 0.39850 -1.63157
v -0.96559 0.37538 -1.64364
v -0.95900 0.39850 -1.63157
v -0.96559 0.40013 -1.63871
v -0.96559 0.37538 -1.64364
v -0.96559 0.37538 -1.64364
v -0.96559 0.40013 -1.63871
v -0.96800 0.37705 -1.65350
v -0.96559 0.40013 -1.63871
v -0.96800 0.40236 -1.64847
v -0.96800 0.37705 -1.65350
v 0.96800 0.40236 -1.64847
v 0.96800 0.42734 -1.64202
v 0.96559 0.40013 -1.63871
v 0.96800 0.42734 -1.64202
v 0.96559 0.42457 -1.63241
v 0.96559 0.40013 -1.63871
v 0.96559 0.40013 -1.63871
v 0.96559 0.42457 -1.63241
v 0.95900 0.39850 -1.63157
v 0.96559 0.42457 -1.63241
v 0.95900 0.42255 -1.62537
v 0.95900 0.39850 -1.63157
v 0.95900 0.39850 -1.63157
v 0.95900 0.42255 -1.62537
v 0.95000 0.39791 -1.62896
v 0.95900 0.42255 -1.62537
v 0.95000 0.42181 -1.62280
v 0.95000 0.39791 -1.62896
v 0.95000 0.39791 -1.62896
v 0.95000 0.42181 -1.62280
v -0.95000 0.39791 -1.62896
v 0.95000 0.42181 -1.62280
v -0.95000 0.42181 -1.62280
v -0.95000 0.39791 -1.62896
v -0.95000 0.39791 -1.62896
v -0.95000 0.42181 -1.62280
v -0.95900 0.39850 -1.63157
v -0.95000 0.42181 -1.62280
v -0.95900 0.42255 -1.62537
v -0.95900 0.39850 -1.63157
v -0.95900 0.39850 -1.63157
v -0.95900 0.42255 -1.62537
v -0.96559 0.40013 -1.63871
v -0.95900 0.42255 -1.62537
v -0.96559 0.42457 -1.63241
v -0.96559 0.40013 -1.63871
v -0.96559 0.40013 -1.63871
v -0.96559 0.42457 -1.63241
v -0.96800 0.40236 -1.64847
v -0.96559 0.42457 -1.63241
v -0.96800 0.42734 -1.64202
v -0.96800 0.40236 -1.64847
v 0.96800 0.42734 -1.64202
v 0.96800 0.45193 -1.63419
v 0.96559 0.42457 -1.63241
v 0.96800 0.45193 -1.63419
v 0.96559 0.44862 -1.62474
v 0.96559 0.42457 -1.63241
v 0.96559 0.42457 -1.63241
v 0.96559 0.44862 -1.62474
v 0.95900 0.42255 -1.62537
v 0.96559 0.44862 -1.62474
v 0.95900 0.44621 -1.61783
v 0.95900 0.42255 -1.62537
v 0.95900 0.42255 -1.62537
v 0.95900 0.44621 -1.61783
v 0.95000 0.42181 -1.62280
v 0.95900 0.44621 -1.61783
v 0.95000 0.44532 -1.61530
v 0.95000 0.42181 -1.62280
v 0.95000 0.42181 -1.62280
v 0.95000 0.44532 -1.61530
v -0.95000 0.42181 -1.62280
v 0.95000 0.44532 -1.61530
v -0.95000 0.44532 -1.61530
v -0.95000 0.42181 -1.62280
v -0.95000 0.42181 -1.62280
v -0.95000 0.44532 -1.61530
v -0.95900 0.42255 -1.62537
v -0.95000 0.44532 -1.61530
v -0.95900 0.44621 -1.61783
v -0.95900 0.42255 -1.62537
v -0.95900 0.42255 -1.62537
v -0.95900 0.44621 -1.61783
v -0.96559 0.42457 -1.63241
v -0.95900 0.44621 -1.61783
v -0.96559 0.44862 -1.62474
v -0.96559 0.42457 -1.63241
v -0.96559 0.42457 -1.63241
v -0.96559 0.44862 -1.62474
v -0.96800 0.42734 -1.64202
v -0.96559 0.44862 -1.62474
v -0.96800 0.45193 -1.63419
v -0.96800 0.42734 -1.64202
v 0.96800 0.45193 -1.63419
v 0.96800 0.47603 -1.62498
v 0.96559 0.44862 -1.62474
v 0.96800 0.47603 -1.62498
v 0.96559 0.47221 -1.61574
v 0.96559 0.44862 -1.62474
v 0.96559 0.44862 -1.62474
v 0.96559 0.47221 -1.61574
v 0.95900 0.44621 -1.61783
v 0.96559 0.47221 -1.61574
v 0.95900 0.46940 -1.60898
v 0.95900 0.44621 -1.61783
v 0.95900 0.44621 -1.61783
v 0.95900 0.46940 -1.60898
v 0.95000 0.44532 -1.61530
v 0.95900 0.46940 -1.60898
v 0.95000 0.46838 -1.60650
v 0.95000 0.44532 -1.61530
v 0.95000 0.44532 -1.61530
v 0.95000 0.46838 -1.60650
v -0.95000 0.44532 -1.61530
v 0.95000 0.46838 -1.60650
v -0.95000 0.46838 -1.60650
v -0.95000 0.44532 -1.61530
v -0.95000 0.44532 -1.61530
v -0.95000 0.46838 -1.60650
v -0.95900 0.44621 -1.61783
v -0.95000 0.46838 -1.60650
v -0.95900 0.46940 -1.60898
v -0.95900 0.44621 -1.61783
v -0.95900 0.44621 -1.61783
v -0.95900 0.46940 -1.60898
v -0.96559 0.44862 -1.62474
v -0.95900 0.46940 -1.60898
v -0.96559 0.47221 -1.61574
v -0.96559 0.44862 -1.62474
v -0.96559 0.44862 -1.62474
v -0.96559 0.47221 -1.61574
v -0.96800 0.45193 -1.63419
v -0.96559 0.47221 -1.61574
v -0.96800 0.47603 -1.62498
v -0.96800 0.45193 -1.63419
v 0.96800 0.47603 -1.62498
v 0.96800 0.49959 -1.61445
v 0.96559 0.47221 -1.61574
v 0.96800 0.49959 -1.61445
v 0.96559 0.49525 -1.60543
v 0.96559 0.47221 -1.61574
v 0.96559 0.47221 -1.61574
v 0.96559 0.49525 -1.60543
v 0.95900 0.46940 -1.60898
v 0.96559 0.49525 -1.60543
v 0.95900 0.49207 -1.59883
v 0.95900 0.46940 -1.60898
v 0.95900 0.46940 -1.60898
v 0.95900 0.49207 -1.59883
v 0.95000 0.46838 -1.60650
v 0.95900 0.49207 -1.59883
v 0.95000 0.49091 -1.59642
v 0.95000 0.46838 -1.60650
v 0.95000 0.46838 -1.60650
v 0.95000 0.49091 -1.59642
v -0.95000 0.46838 -1.60650
v 0.95000 0.49091 -1.59642
v -0.95000 0.49091 -1.59642
v -0.95000 0.46838 -1.60650
v -0.95000 0.46838 -1.60650
v -0.95000 0.49091 -1.59642
v -0.95900 0.46940 -1.60898
v -0.95000 0.49091 -1.59642
v -0.95900 0.49207 -1.59883
v -0.95900 0.46940 -1.60898
v -0.95900 0.46940 -1.60898
v -0.95900 0.49207 -1.59883
v -0.96559 0.47221 -1.61574
v -0.95900 0.49207 -1.59883
v -0.96559 0.49525 -1.60543
v -0.96559 0.47221 -1.61574
v -0.96559 0.47221 -1.61574
v -0.96559 0.49525 -1.60543
v -0.96800 0.47603 -1.62498
v -0.96559 0.49525 -1.60543
v -0.96800 0.49959 -1.61445
v -0.96800 0.47603 -1.62498
v 0.96800 0.49959 -1.61445
v 0.96800 0.52251 -1.60260
v 0.96559 0.49525 -1.60543
v 0.96800 0.52251 -1.60260
v 0.96559 0.51767 -1.59385
v 0.96559 0.49525 -1.60543
v 0.96559 0.49525 -1.60543
v 0.96559 0.51767 -1.59385
v 0.95900 0.49207 -1.59883
v 0.96559 0.51767 -1.59385
v 0.95900 0.51413 -1.58744
v 0.95900 0.49207 -1.59883
v 0.95900 0.49207 -1.59883
v 0.95900 0.51413 -1.58744
v 0.95000 0.49091 -1.59642
v 0.95900 0.51413 -1.58744
v 0.95000 0.51283 -1.58509
v 0.95000 0.49091 -1.59642
v 0.95000 0.49091 -1.59642
v 0.95000 0.51283 -1.58509
v -0.95000 0.49091 -1.59642
v 0.95000 0.51283 -1.58509
v -0.95000 0.51283 -1.58509
v -0.95000 0.49091 -1.59642
v -0.95000 0.49091 -1.59642
v -0.95000 0.51283 -1.58509
v -0.95900 0.49207 -1.59883
v -0.95000 0.51283 -1.58509
v -0.95900 0.51413 -1.58744
v -0.95900 0.49207 -1.59883
v -0.95900 0.49207 -1.59883
v -0.95900 0.51413 -1.58744
v -0.96559 0.49525 -1.60543
v -0.95900 0.51413 -1.58744
v -0.96559 0.51767 -1.59385
v -0.96559 0.49525 -1.60543
v -0.96559 0.49525 -1.60543
v -0.96559 0.51767 -1.59385
v -0.96800 0.49959 -1.61445
v -0.96559 0.51767 -1.59385
v -0.96800 0.52251 -1.60260
v -0.96800 0.49959 -1.61445
v 0.96800 0.52251 -1.60260
v 0.96800 0.54473 -1.58949
v 0.96559 0.51767 -1.59385
v 0.96800 0.54473 -1.58949
v 0.96559 0.53941 -1.58102
v 0.96559 0.51767 -1.59385
v 0.96559 0.51767 -1.59385
v 0.96559 0.53941 -1.58102
v 0.95900 0.51413 -1.58744
v 0.96559 0.53941 -1.58102
v 0.95900 0.53552 -1.57482
v 0.95900 0.51413 -1.58744
v 0.95900 0.51413 -1.58744
v 0.95900 0.53552 -1.57482
v 0.95000 0.51283 -1.58509
v 0.95900 0.53552 -1.57482
v 0.95000 0.53409 -1.57255
v 0.95000 0.51283 -1.58509
v 0.95000 0.51283 -1.58509
v 0.95000 0.53409 -1.57255
v -0.95000 0.51283 -1.58509
v 0.95000 0.53409 -1.57255
v -0.95000 0.53409 -1.57255
v -0.95000 0.51283 -1.58509
v -0.95000 0.51283 -1.58509
v -0.95000 0.53409 -1.57255
v -0.95900 0.51413 -1.58744
v -0.95000 0.53409 -1.57255
v -0.95900 0.53552 -1.57482
v -0.95900 0.51413 -1.58744
v -0.95900 0.51413 -1.58744
v -0.95900 0.53552 -1.57482
v -0.96559 0.51767 -1.59385
v -0.95900 0.53552 -1.57482
v -0.96559 0.53941 -1.58102
v -0.96559 0.51767 -1.59385
v -0.96559 0.51767 -1.59385
v -0.96559 0.53941 -1.58102
v -0.96800 0.52251 -1.60260
v -0.96559 0.53941 -1.58102
v -0.96800 0.54473 -1.58949
v -0.96800 0.52251 -1.60260
v 0.96800 0.54473 -1.58949
v 0.96800 0.56619 -1.57516
v 0.96559 0.53941 -1.58102
v 0.96800 0.56619 -1.57516
v 0.96559 0.56040 -1.56700
v 0.96559 0.53941 -1.58102
v 0.96559 0.53941 -1.58102
v 0.96559 0.56040 -1.56700
v 0.95900 0.53552 -1.57482
v 0.96559 0.56040 -1.56700
v 0.95900 0.55616 -1.56103
v 0.95900 0.53552 -1.57482
v 0.95900 0.53552 -1.57482
v 0.95900 0.55616 -1.56103
v 0.95000 0.53409 -1.57255
v 0.95900 0.55616 -1.56103
v 0.95000 0.55461 -1.55884
v 0.95000 0.53409 -1.57255
v 0.95000 0.53409 -1.57255
v 0.95000 0.55461 -1.55884
v -0.95000 0.53409 -1.57255
v 0.95000 0.55461 -1.55884
v -0.95000 0.55461 -1.55884
v -0.95000 0.53409 -1.57255
v -0.95000 0.53409 -1.57255
v -0.95000 0.55461 -1.55884
v -0.95900 0.53552 -1.57482
v -0.95000 0.55461 -1.55884
v -0.95900 0.55616 -1.56103
v -0.95900 0.53552 -1.57482
v -0.95900 0.53552 -1.57482
v -0.95900 0.55616 -1.56103
v -0.96559 0.53941 -1.58102
v -0.95900 0.55616 -1.56103
v -0.96559 0.56040 -1.56700
v -0.96559 0.53941 -1.58102
v -0.96559 0.53941 -1.58102
v -0.96559 0.56040 -1.56700
v -0.96800 0.54473 -1.58949
v -0.96559 0.56040 -1.56700
v -0.96800 0.56619 -1.57516
v -0.96800 0.54473 -1.58949
v 0.96800 0.56619 -1.57516
v 0.96800 0.58681 -1.55964
v 0.96559 0.56040 -1.56700
v 0.96800 0.58681 -1.55964
v 0.96559 0.58057 -1.55182
v 0.96559 0.56040 -1.56700
v 0.96559 0.56040 -1.56700
v 0.96559 0.58057 -1.55182
v 0.95900 0.55616 -1.56103
v 0.96559 0.58057 -1.55182
v 0.95900 0.57600 -1.54610
v 0.95900 0.55616 -1.56103
v 0.95900 0.55616 -1.56103
v 0.95900 0.57600 -1.54610
v 0.95000 0.55461 -1.55884
v 0.95900 0.57600 -1.54610
v 0.95000 0.57433 -1.54400
v 0.95000 0.55461 -1.55884
v 0.95000 0.55461 -1.55884
v 0.95000 0.57433 -1.54400
v -0.95000 0.55461 -1.55884
v 0.95000 0.57433 -1.54400
v -0.95000 0.57433 -1.54400
v -0.95000 0.55461 -1.55884
v -0.95000 0.55461 -1.55884
v -0.95000 0.57433 -1.54400
v -0.95900 0.55616 -1.56103
v -0.95000 0.57433 -1.54400
v -0.95900 0.57600 -1.54610
v -0.95900 0.55616 -1.56103
v -0.95900 0.55616 -1.56103
v -0.95900 0.57600 -1.54610
v -0.96559 0.56040 -1.56700
v -0.95900 0.57600 -1.54610
v -0.96559 0.58057 -1.55182
v -0.96559 0.56040 -1.56700
v -0.96559 0.56040 -1.56700
v -0.96559 0.58057 -1.55182
v -0.96800 0.56619 -1.57516
v -0.96559 0.58057 -1.55182
v -0.96800 0.58681 -1.55964
v -0.96800 0.56619 -1.57516
v 0.96800 0.58681 -1.55964
v 0.96800 0.60652 -1.54300
v 0.96559 0.58057 -1.55182
v 0.96800 0.60652 -1.54300
v 0.96559 0.59985 -1.53554
v 0.96559 0.58057 -1.55182
v 0.96559 0.58057 -1.55182
v 0.96559 0.59985 -1.53554
v 0.95900 0.57600 -1.54610
v 0.96559 0.59985 -1.53554
v 0.95900 0.59497 -1.53008
v 0.95900 0.57600 -1.54610
v 0.95900 0.57600 -1.54610
v 0.95900 0.59497 -1.53008
v 0.95000 0.57433 -1.54400
v 0.95900 0.59497 -1.53008
v 0.95000 0.59319 -1.52808
v 0.95000 0.57433 -1.54400
v 0.95000 0.57433 -1.54400
v 0.95000 0.59319 -1.52808
v -0.95000 0.57433 -1.54400
v 0.95000 0.59319 -1.52808
v -0.95000 0.59319 -1.52808
v -0.95000 0.57433 -1.54400
v -0.95000 0.57433 -1.54400
v -0.95000 0.59319 -1.52808
v -0.95900 0.57600 -1.54610
v -0.95000 0.59319 -1.52808
v -0.95900 0.59497 -1.53008
v -0.95900 0.57600 -1.54610
v -0.95900 0.57600 -1.54610
v -0.95900 0.59497 -1.53008
v -0.96559 0.58057 -1.55182
v -0.95900 0.59497 -1.53008
v -0.96559 0.59985 -1.53554
v -0.96559 0.58057 -1.55182
v -0.96559 0.58057 -1.55182
v -0.96559 0.59985 -1.53554
v -0.96800 0.58681 -1.55964
v -0.96559 0.59985 -1.53554
v -0.96800 0.60652 -1.54300
v -0.96800 0.58681 -1.55964
v 0.96800 0.60652 -1.54300
v 0.96800 0.62527 -1.52527
v 0.96559 0.59985 -1.53554
v 0.96800 0.62527 -1.52527
v 0.96559 0.61820 -1.51820
v 0.96559 0.59985 -1.53554
v 0.96559 0.59985 -1.53554
v 0.96559 0.61820 -1.51820
v 0.95900 0.59497 -1.53008
v 0.96559 0.61820 -1.51820
v 0.95900 0.61302 -1.51302
v 0.95900 0.59497 -1.53008
v 0.95900 0.59497 -1.53008
v 0.95900 0.61302 -1.51302
v 0.95000 0.59319 -1.52808
v 0.95900 0.61302 -1.51302
v 0.95000 0.61112 -1.51112
v 0.95000 0.59319 -1.52808
v 0.95000 0.59319 -1.52808
v 0.95000 0.61112 -1.51112
v -0.95000 0.59319 -1.52808
v 0.95000 0.61112 -1.51112
v -0.95000 0.61112 -1.51112
v -0.95000 0.59319 -1.52808
v -0.95000 0.59319 -1.52808
v -0.95000 0.61112 -1.51112
v -0.95900 0.59497 -1.53008
v -0.95000 0.61112 -1.51112
v -0.95900 0.61302 -1.51302
v -0.95900 0.59497 -1.53008
v -0.95900 0.59497 -1.53008
v -0.95900 0.61302 -1.51302
v -0.96559 0.59985 -1.53554
v -0.95900 0.61302 -1.51302
v -0.96559 0.61820 -1.51820
v -0.96559 0.59985 -1.53554
v -0.96559 0.59985 -1.53554
v -0.96559 0.61820 -1.51820
v -0.96800 0.60652 -1.54300
v -0.96559 0.61820 -1.51820
v -0.96800 0.62527 -1.52527
v -0.96800 0.60652 -1.54300
v 0.96800 0.62527 -1.52527
v 0.96800 0.64300 -1.50652
v 0.96559 0.61820 -1.51820
v 0.96800 0.64300 -1.50652
v 0.96559 0.63554 -1.49985
v 0.96559 0.61820 -1.51820
v 0.96559 0.61820 -1.51820
v 0.96559 0.63554 -1.49985
v 0.95900 0.61302 -1.51302
v 0.96559 0.63554 -1.49985
v 0.95900 0.63008 -1.49497
v 0.95900 0.61302 -1.51302
v 0.95900 0.61302 -1.51302
v 0.95900 0.63008 -1.49497
v 0.95000 0.61112 -1.51112
v 0.95900 0.63008 -1.49497
v 0.95000 0.62808 -1.49319
v 0.95000 0.61112 -1.51112
v 0.95000 0.61112 -1.51112
v 0.95000 0.62808 -1.49319
v -0.95000 0.61112 -1.51112
v 0.95000 0.62808 -1.49319
v -0.95000 0.62808 -1.49319
v -0.95000 0.61112 -1.51112
v -0.95000 0.61112 -1.51112
v -0.95000 0.62808 -1.49319
v -0.95900 0.61302 -1.51302
v -0.95000 0.62808 -1.49319
v -0.95900 0.63008 -1.49497
v -0.95900 0.61302 -1.51302
v -0.95900 0.61302 -1.51302
v -0.95900 0.63008 -1.49497
v -0.96559 0.61820 -1.51820
v -0.95900 0.63008 -1.49497
v -0.96559 0.63554 -1.49985
v -0.96559 0.61820 -1.51820
v -0.96559 0.61820 -1.51820
v -0.96559 0.63554 -1.49985
v -0.96800 0.62527 -1.52527
v -0.96559 0.63554 -1.49985
v -0.96800 0.64300 -1.50652
v -0.96800 0.62527 -1.52527
v 0.96800 0.64300 -1.50652
v 0.96800 0.65964 -1.48681
v 0.96559 0.63554 -1.49985
v 0.96800 0.65964 -1.48681
v 0.96559 0.65182 -1.48057
v 0.96559 0.63554 -1.49985
v 0.96559 0.63554 -1.49985
v 0.96559 0.65182 -1.48057
v 0.95900 0.63008 -1.49497
v 0.96559 0.65182 -1.48057
v 0.95900 0.64610 -1.47600
v 0.95900 0.63008 -1.49497
v 0.95900 0.63008 -1.49497
v 0.95900 0.64610 -1.47600
v 0.95000 0.62808 -1.49319
v 0.95900 0.64610 -1.47600
v 0.95000 0.64400 -1.47433
v 0.95000 0.62808 -1.49319
v 0.95000 0.62808 -1.49319
v 0.95000 0.64400 -1.47433
v -0.95000 0.62808 -1.49319
v 0.95000 0.64400 -1.47433
v -0.95000 0.64400 -1.47433
v -0.95000 0.62808 -1.49319
v -0.95000 0.62808 -1.49319
v -0.95000 0.64400 -1.47433
v -0.95900 0.63008 -1.49497
v -0.95000 0.64400 -1.47433
v -0.95900 0.64610 -1.47600
v -0.95900 0.63008 -1.49497
v -0.95900 0.63008 -1.49497
v -0.95900 0.64610 -1.47600
v -0.96559 0.63554 -1.49985
v -0.95900 0.64610 -1.47600
v -0.96559 0.65182 -1.48057
v -0.96559 0.63554 -1.49985
v -0.96559 0.63554 -1.49985
v -0.96559 0.65182 -1.48057
v -0.96800 0.64300 -1.50652
v -0.96559 0.65182 -1.48057
v -0.96800 0.65964 -1.48681
v -0.96800 0.64300 -1.50652
v 0.96800 0.65964 -1.48681
v 0.96800 0.67516 -1.46619
v 0.96559 0.65182 -1.48057
v 0.96800 0.67516 -1.46619
v 0.96559 0.66700 -1.46040
v 0.96559 0.65182 -1.48057
v 0.96559 0.65182 -1.48057
v 0.96559 0.66700 -1.46040
v 0.95900 0.64610 -1.47600
v 0.96559 0.66700 -1.46040
v 0.95900 0.66103 -1.45616
v 0.95900 0.64610 -1.47600
v 0.95900 0.64610 -1.47600
v 0.95900 0.66103 -1.45616
v 0.95000 0.64400 -1.47433
v 0.95900 0.66103 -1.45616
v 0.95000 0.65884 -1.45461
v 0.95000 0.64400 -1.47433
v 0.95000 0.64400 -1.47433
v 0.95000 0.65884 -1.45461
v -0.95000 0.64400 -1.47433
v 0.95000 0.65884 -1.45461
v -0.95000 0.65884 -1.45461
v -0.95000 0.64400 -1.47433
v -0.95000 0.64400 -1.47433
v -0.95000 0.65884 -1.45461
v -0.95900 0.64610 -1.47600
v -0.95000 0.65884 -1.45461
v -0.95900 0.66103 -1.45616
v -0.95900 0.64610 -1.47600
v -0.95900 0.64610 -1.47600
v -0.95900 0.66103 -1.45616
v -0.96559 0.65182 -1.48057
v -0.95900 0.66103 -1.45616
v -0.96559 0.66700 -1.46040
v -0.96559 0.65182 -1.48057
v -0.96559 0.65182 -1.48057
v -0.96559 0.66700 -1.46040
v -0.96800 0.65964 -1.48681
v -0.96559 0.66700 -1.46040
v -0.96800 0.67516 -1.46619
v -0.96800 0.65964 -1.48681
v 0.96800 0.67516 -1.46619
v 0.96800 0.68949 -1.44473
v 0.96559 0.66700 -1.46040
v 0.96800 0.68949 -1.44473
v 0.96559 0.68102 -1.43941
v 0.96559 0.66700 -1.46040
v 0.96559 0.66700 -1.46040
v 0.96559 0.68102 -1.43941
v 0.95900 0.66103 -1.45616
v 0.96559 0.68102 -1.43941
v 0.95900 0.67482 -1.43552
v 0.95900 0.66103 -1.45616
v 0.95900 0.66103 -1.45616
v 0.95900 0.67482 -1.43552
v 0.95000 0.65884 -1.45461
v 0.95900 0.67482 -1.43552
v 0.95000 0.67255 -1.43409
v 0.95000 0.65884 -1.45461
v 0.95000 0.65884 -1.45461
v 0.95000 0.67255 -1.43409
v -0.95000 0.65884 -1.45461
v 0.95000 0.67255 -1.43409
v -0.95000 0.67255 -1.43409
v -0.95000 0.65884 -1.45461
v -0.95000 0.65884 -1.45461
v -0.95000 0.67255 -1.43409
v -0.95900 0.66103 -1.45616
v -0.95000 0.67255 -1.43409
v -0.95900 0.67482 -1.43552
v -0.95900 0.66103 -1.45616
v -0.95900 0.66103 -1.45616
v -0.95900 0.67482 -1.43552
v -0.96559 0.66700 -1.46040
v -0.95900 0.67482 -1.43552
v -0.96559 0.68102 -1.43941
v -0.96559 0.66700 -1.46040
v -0.96559 0.66700 -1.46040
v -0.96559 0.68102 -1.43941
v -0.96800 0.67516 -1.46619
v -0.96559 0.68102 -1.43941
v -0.96800 0.68949 -1.44473
v -0.96800 0.67516 -1.46619
v 0.96800 0.68949 -1.44473
v 0.96800 0.70260 -1.42251
v 0.96559 0.68102 -1.43941
v 0.96800 0.70260 -1.42251
v 0.96559 0.69385 -1.41767
v 0.96559 0.68102 -1.43941
v 0.96559 0.68102 -1.43941
v 0.96559 0.69385 -1.41767
v 0.95900 0.67482 -1.43552
v 0.96559 0.69385 -1.41767
v 0.95900 0.68744 -1.41413
v 0.95900 0.67482 -1.43552
v 0.95900 0.67482 -1.43552
v 0.95900 0.68744 -1.41413
v 0.95000 0.67255 -1.43409
v 0.95900 0.68744 -1.41413
v 0.95000 0.68509 -1.41283
v 0.95000 0.67255 -1.43409
v 0.95000 0.67255 -1.43409
v 0.95000 0.68509 -1.41283
v -0.95000 0.67255 -1.43409
v 0.95000 0.68509 -1.41283
v -0.95000 0.68509 -1.41283
v -0.95000 0.67255 -1.43409
v -0.95000 0.67255 -1.43409
v -0.95000 0.68509 -1.41283
v -0.95900 0.67482 -1.43552
v -0.95000 0.68509 -1.41283
v -0.95900 0.68744 -1.41413
v -0.95900 0.67482 -1.43552
v -0.95900 0.67482 -1.43552
v -0.95900 0.68744 -1.41413
v -0.96559 0.68102 -1.43941
v -0.95900 0.68744 -1.41413
v -0.96559 0.69385 -1.41767
v -0.96559 0.68102 -1.43941
v -0.96559 0.68102 -1.43941
v -0.96559 0.69385 -1.41767
v -0.96800 0.68949 -1.44473
v -0.96559 0.69385 -1.41767
v -0.96800 0.70260 -1.42251
v -0.96800 0.68949 -1.44473
v 0.96800 0.70260 -1.42251
v 0.96800 0.71445 -1.39959
v 0.96559 0.69385 -1.41767
v 0.96800 0.71445 -1.39959
v 0.96559 0.70543 -1.39525
v 0.96559 0.69385 -1.41767
v 0.96559 0.69385 -1.41767
v 0.96559 0.70543 -1.39525
v 0.95900 0.68744 -1.41413
v 0.96559 0.70543 -1.39525
v 0.95900 0.69883 -1.39207
v 0.95900 0.68744 -1.41413
v 0.95900 0.68744 -1.41413
v 0.95900 0.69883 -1.39207
v 0.95000 0.68509 -1.41283
v 0.95900 0.69883 -1.39207
v 0.95000 0.69642 -1.39091
v 0.95000 0.68509 -1.41283
v 0.95000 0.68509 -1.41283
v 0.95000 0.69642 -1.39091
v -0.95000 0.68509 -1.41283
v 0.95000 0.69642 -1.39091
v -0.95000 0.69642 -1.39091
v -0.95000 0.68509 -1.41283
v -0.95000 0.68509 -1.41283
v -0.95000 0.69642 -1.39091
v -0.95900 0.68744 -1.41413
v -0.95000 0.69642 -1.39091
v -0.95900 0.69883 -1.39207
v -0.95900 0.68744 -1.41413
v -0.95900 0.68744 -1.41413
v -0.95900 0.69883 -1.39207
v -0.96559 0.69385 -1.41767
v -0.95900 0.69883 -1.39207
v -0.96559 0.70543 -1.39525
v -0.96559 0.69385 -1.41767
v -0.96559 0.69385 -1.41767
v -0.96559 0.70543 -1.39525
v -0.96800 0.70260 -1.42251
v -0.96559 0.70543 -1.39525
v -0.96800 0.71445 -1.39959
v -0.96800 0.70260 -1.42251
v 0.96800 0.71445 -1.39959
v 0.96800 0.72498 -1.37603
v 0.96559 0.70543 -1.39525
v 0.96800 0.72498 -1.37603
v 0.96559 0.71574 -1.37221
v 0.96559 0.70543 -1.39525
v 0.96559 0.70543 -1.39525
v 0.96559 0.71574 -1.37221
v 0.95900 0.69883 -1.39207
v 0.96559 0.71574 -1.37221
v 0.95900 0.70898 -1.36940
v 0.95900 0.69883 -1.39207
v 0.95900 0.69883 -1.39207
v 0.95900 0.70898 -1.36940
v 0.95000 0.69642 -1.39091
v 0.95900 0.70898 -1.36940
v 0.95000 0.70650 -1.36838
v 0.95000 0.69642 -1.39091
v 0.95000 0.69642 -1.39091
v 0.95000 0.70650 -1.36838
v -0.95000 0.69642 -1.39091
v 0.95000 0.70650 -1.36838
v -0.95000 0.70650 -1.36838
v -0.95000 0.69642 -1.39091
v -0.95000 0.69642 -1.39091
v -0.95000 0.70650 -1.36838
v -0.95900 0.69883 -1.39207
v -0.95000 0.70650 -1.36838
v -0.95900 0.70898 -1.36940
v -0.95900 0.69883 -1.39207
v -0.95900 0.69883 -1.39207
v -0.95900 0.70898 -1.36940
v -0.96559 0.70543 -1.39525
v -0.95900 0.70898 -1.36940
v -0.96559 0.71574 -1.37221
v -0.96559 0.70543 -1.39525
v -0.96559 0.70543 -1.39525
v -0.96559 0.71574 -1.37221
v -0.96800 0.71445 -1.39959
v -0.96559 0.71574 -1.37221
v -0.96800 0.72498 -1.37603
v -0.96800 0.71445 -1.39959
v 0.96800 0.72498 -1.37603
v 0.96800 0.73419 -1.35193
v 0.96559 0.71574 -1.37221
v 0.96800 0.73419 -1.35193
v 0.96559 0.72474 -1.34862
v 0.96559 0.71574 -1.37221
v 0.96559 0.71574 -1.37221
v 0.96559 0.72474 -1.34862
v 0.95900 0.70898 -1.36940
v 0.96559 0.72474 -1.34862
v 0.95900 0.71783 -1.34621
v 0.95900 0.70898 -1.36940
v 0.95900 0.70898 -1.36940
v 0.95900 0.71783 -1.34621
v 0.95000 0.70650 -1.36838
v 0.95900 0.71783 -1.34621
v 0.95000 0.71530 -1.34532
v 0.95000 0.70650 -1.36838
v 0.95000 0.70650 -1.36838
v 0.95000 0.71530 -1.34532
v -0.95000 0.70650 -1.36838
v 0.95000 0.71530 -1.34532
v -0.95000 0.71530 -1.34532
v -0.95000 0.70650 -1.36838
v -0.95000 0.70650 -1.36838
v -0.95000 0.71530 -1.34532
v -0.95900 0.70898 -1.36940
v -0.95000 0.71530 -1.34532
v -0.95900 0.71783 -1.34621
v -0.95900 0.70898 -1.36940
v -0.95900 0.70898 -1.36940
v -0.95900 0.71783 -1.34621
v -0.96559 0.71574 -1.37221
v -0.95900 0.71783 -1.34621
v -0.96559 0.72474 -1.34862
v -0.96559 0.71574 -1.37221
v -0.96559 0.71574 -1.37221
v -0.96559 0.72474 -1.34862
v -0.96800 0.72498 -1.37603
v -0.96559 0.72474 -1.34862
v -0.96800 0.73419 -1.35193
v -0.96800 0.72498 -1.37603
v 0.96800 0.73419 -1.35193
v 0.96800 0.74202 -1.32734
v 0.96559 0.72474 -1.34862
v 0.96800 0.74202 -1.32734
v 0.96559 0.73241 -1.32457
v 0.96559 0.72474 -1.34862
v 0.96559 0.72474 -1.34862
v 0.96559 0.73241 -1.32457
v 0.95900 0.71783 -1.34621
v 0.96559 0.73241 -1.32457
v 0.95900 0.72537 -1.32255
v 0.95900 0.71783 -1.34621
v 0.95900 0.71783 -1.34621
v 0.95900 0.72537 -1.32255
v 0.95000 0.71530 -1.34532
v 0.95900 0.72537 -1.32255
v 0.95000 0.72280 -1.32181
v 0.95000 0.71530 -1.34532
v 0.95000 0.71530 -1.34532
v 0.95000 0.72280 -1.32181
v -0.95000 0.71530 -1.34532
v 0.95000 0.72280 -1.32181
v -0.95000 0.72280 -1.32181
v -0.95000 0.71530 -1.34532
v -0.95000 0.71530 -1.34532
v -0.95000 0.72280 -1.32181
v -0.95900 0.71783 -1.34621
v -0.95000 0.72280 -1.32181
v -0.95900 0.72537 -1.32255
v -0.95900 0.71783 -1.34621
v -0.95900 0.71783 -1.34621
v -0.95900 0.72537 -1.32255
v -0.96559 0.72474 -1.34862
v -0.95900 0.72537 -1.32255
v -0.96559 0.73241 -1.32457
v -0.96559 0.72474 -1.34862
v -0.96559 0.72474 -1.34862
v -0.96559 0.73241 -1.32457
v -0.96800 0.73419 -1.35193
v -0.96559 0.73241 -1.32457
v -0.96800 0.74202 -1.32734
v -0.96800 0.73419 -1.35193
v 0.96800 0.74202 -1.32734
v 0.96800 0.74847 -1.30236
v 0.96559 0.73241 -1.32457
v 0.96800 0.74847 -1.30236
v 0.96559 0.73871 -1.30013
v 0.96559 0.73241 -1.32457
v 0.96559 0.73241 -1.32457
v 0.96559 0.73871 -1.30013
v 0.95900 0.72537 -1.32255
v 0.96559 0.73871 -1.30013
v 0.95900 0.73157 -1.29850
v 0.95900 0.72537 -1.32255
v 0.95900 0.72537 -1.32255
v 0.95900 0.73157 -1.29850
v 0.95000 0.72280 -1.32181
v 0.95900 0.73157 -1.29850
v 0.95000 0.72896 -1.29791
v 0.95000 0.72280 -1.32181
v 0.95000 0.72280 -1.32181
v 0.95000 0.72896 -1.29791
v -0.95000 0.72280 -1.32181
v 0.95000 0.72896 -1.29791
v -0.95000 0.72896 -1.29791
v -0.95000 0.72280 -1.32181
v -0.95000 0.72280 -1.32181
v -0.95000 0.72896 -1.29791
v -0.95900 0.72537 -1.32255
v -0.95000 0.72896 -1.29791
v -0.95900 0.73157 -1.29850
v -0.95900 0.72537 -1.32255
v -0.95900 0.72537 -1.32255
v -0.95900 0.73157 -1.29850
v -0.96559 0.73241 -1.32457
v -0.95900 0.73157 -1.29850
v -0.96559 0.73871 -1.30013
v -0.96559 0.73241 -1.32457
v -0.96559 0.73241 -1.32457
v -0.96559 0.73871 -1.30013
v -0.96800 0.74202 -1.32734
v -0.96559 0.73871 -1.30013
v -0.96800 0.74847 -1.30236
v -0.96800 0.74202 -1.32734
v 0.96800 0.74847 -1.30236
v 0.96800 0.75350 -1.27705
v 0.96559 0.73871 -1.30013
v 0.96800 0.75350 -1.27705
v 0.96559 0.74364 -1.27538
v 0.96559 0.73871 -1.30013
v 0.96559 0.73871 -1.30013
v 0.96559 0.74364 -1.27538
v 0.95900 0.73157 -1.29850
v 0.96559 0.74364 -1.27538
v 0.95900 0.73642 -1.27415
v 0.95900 0.73157 -1.29850
v 0.95900 0.73157 -1.29850
v 0.95900 0.73642 -1.27415
v 0.95000 0.72896 -1.29791
v 0.95900 0.73642 -1.27415
v 0.95000 0.73378 -1.27370
v 0.95000 0.72896 -1.29791
v 0.95000 0.72896 -1.29791
v 0.95000 0.73378 -1.27370
v -0.95000 0.72896 -1.29791
v 0.95000 0.73378 -1.27370
v -0.95000 0.73378 -1.27370
v -0.95000 0.72896 -1.29791
v -0.95000 0.72896 -1.29791
v -0.95000 0.73378 -1.27370
v -0.95900 0.73157 -1.29850
v -0.95000 0.73378 -1.27370
v -0.95900 0.73642 -1.27415
v -0.95900 0.73157 -1.29850
v -0.95900 0.73157 -1.29850
v -0.95900 0.73642 -1.27415
v -0.96559 0.73871 -1.30013
v -0.95900 0.73642 -1.27415
v -0.96559 0.74364 -1.27538
v -0.96559 0.73871 -1.30013
v -0.96559 0.73871 -1.30013
v -0.96559 0.74364 -1.27538
v -0.96800 0.74847 -1.30236
v -0.96559 0.74364 -1.27538
v -0.96800 0.75350 -1.27705
v -0.96800 0.74847 -1.30236
v 0.96800 0.75350 -1.27705
v 0.96800 0.75711 -1.25150
v 0.96559 0.74364 -1.27538
v 0.96800 0.75711 -1.25150
v 0.96559 0.74717 -1.25038
v 0.96559 0.74364 -1.27538
v 0.96559 0.74364 -1.27538
v 0.96559 0.74717 -1.25038
v 0.95900 0.73642 -1.27415
v 0.96559 0.74717 -1.25038
v 0.95900 0.73989 -1.24956
v 0.95900 0.73642 -1.27415
v 0.95900 0.73642 -1.27415
v 0.95900 0.73989 -1.24956
v 0.95000 0.73378 -1.27370
v 0.95900 0.73989 -1.24956
v 0.95000 0.73723 -1.24926
v 0.95000 0.73378 -1.27370
v 0.95000 0.73378 -1.27370
v 0.95000 0.73723 -1.24926
v -0.95000 0.73378 -1.27370
v 0.95000 0.73723 -1.24926
v -0.95000 0.73723 -1.24926
v -0.95000 0.73378 -1.27370
v -0.95000 0.73378 -1.27370
v -0.95000 0.73723 -1.24926
v -0.95900 0.73642 -1.27415
v -0.95000 0.73723 -1.24926
v -0.95900 0.73989 -1.24956
v -0.95900 0.73642 -1.27415
v -0.95900 0.73642 -1.27415
v -0.95900 0.73989 -1.24956
v -0.96559 0.74364 -1.27538
v -0.95900 0.73989 -1.24956
v -0.96559 0.74717 -1.25038
v -0.96559 0.74364 -1.27538
v -0.96559 0.74364 -1.27538
v -0.96559 0.74717 -1.25038
v -0.96800 0.75350 -1.27705
v -0.96559 0.74717 -1.25038
v -0.96800 0.75711 -1.25150
v -0.96800 0.75350 -1.27705
v 0.96800 0.75711 -1.25150
v 0.96800 0.75928 -1.22579
v 0.96559 0.74717 -1.25038
v 0.96800 0.75928 -1.22579
v 0.96559 0.74929 -1.22523
v 0.96559 0.74717 -1.25038
v 0.96559 0.74717 -1.25038
v 0.96559 0.74929 -1.22523
v 0.95900 0.73989 -1.24956
v 0.96559 0.74929 -1.22523
v 0.95900 0.74198 -1.22482
v 0.95900 0.73989 -1.24956
v 0.95900 0.73989 -1.24956
v 0.95900 0.74198 -1.22482
v 0.95000 0.73723 -1.24926
v 0.95900 0.74198 -1.22482
v 0.95000 0.73930 -1.22467
v 0.95000 0.73723 -1.24926
v 0.95000 0.73723 -1.24926
v 0.95000 0.73930 -1.22467
v -0.95000 0.73723 -1.24926
v 0.95000 0.73930 -1.22467
v -0.95000 0.73930 -1.22467
v -0.95000 0.73723 -1.24926
v -0.95000 0.73723 -1.24926
v -0.95000 0.73930 -1.22467
v -0.95900 0.73989 -1.24956
v -0.95000 0.73930 -1.22467
v -0.95900 0.74198 -1.22482
v -0.95900 0.73989 -1.24956
v -0.95900 0.73989 -1.24956
v -0.95900 0.74198 -1.22482
v -0.96559 0.74717 -1.25038
v -0.95900 0.74198 -1.22482
v -0.96559 0.74929 -1.22523
v -0.96559 0.74717 -1.25038
v -0.96559 0.74717 -1.25038
v -0.96559 0.74929 -1.22523
v -0.96800 0.75711 -1.25150
v -0.96559 0.74929 -1.22523
v -0.96800 0.75928 -1.22579
v -0.96800 0.75711 -1.25150
v 0.96800 0.75928 -1.22579
v 0.96800 0.76000 -1.20000
v 0.96559 0.74929 -1.22523
v 0.96800 0.76000 -1.20000
v 0.96559 0.75000 -1.20000
v 0.96559 0.74929 -1.22523
v 0.96559 0.74929 -1.22523
v 0.96559 0.75000 -1.20000
v 0.95900 0.74198 -1.22482
v 0.96559 0.75000 -1.20000
v 0.95900 0.74267 -1.20000
v 0.95900 0.74198 -1.22482
v 0.95900 0.74198 -1.22482
v 0.95900 0.74267 -1.20000
v 0.95000 0.73930 -1.22467
v 0.95900 0.74267 -1.20000
v 0.95000 0.73999 -1.20000
v 0.95000 0.73930 -1.22467
v 0.95000 0.73930 -1.22467
v 0.95000 0.73999 -1.20000
v -0.95000 0.73930 -1.22467
v 0.95000 0.73999 -1.20000
v -0.95000 0.73999 -1.20000
v -0.95000 0.73930 -1.22467
v -0.95000 0.73930 -1.22467
v -0.95000 0.73999 -1.20000
v -0.95900 0.74198 -1.22482
v -0.95000 0.73999 -1.20000
v -0.95900 0.74267 -1.20000
v -0.95900 0.74198 -1.22482
v -0.95900 0.74198 -1.22482
v -0.95900 0.74267 -1.20000
v -0.96559 0.74929 -1.22523
v -0.95900 0.74267 -1.20000
v -0.96559 0.75000 -1.20000
v -0.96559 0.74929 -1.22523
v -0.96559 0.74929 -1.22523
v -0.96559 0.75000 -1.20000
v -0.96800 0.75928 -1.22579
v -0.96559 0.75000 -1.20000
v -0.96800 0.76000 -1.20000
v -0.96800 0.75928 -1.22579
v 0.96800 0.76000 -1.20000
v 0.96800 0.75928 -1.17421
v 0.96559 0.75000 -1.20000
v 0.96800 0.75928 -1.17421
v 0.96559 0.74929 -1.17477
v 0.96559 0.75000 -1.20000
v 0.96559 0.75000 -1.20000
v 0.96559 0.74929 -1.17477
v 0.95900 0.74267 -1.20000
v 0.96559 0.74929 -1.17477
v 0.95900 0.74198 -1.17518
v 0.95900 0.74267 -1.20000
v 0.95900 0.74267 -1.20000
v 0.95900 0.74198 -1.17518
v 0.95000 0.73999 -1.20000
v 0.95900 0.74198 -1.17518
v 0.95000 0.73930 -1.17533
v 0.95000 0.73999 -1.20000
v 0.95000 0.73999 -1.20000
v 0.95000 0.73930 -1.17533
v -0.95000 0.73999 -1.20000
v 0.95000 0.73930 -1.17533
v -0.95000 0.73930 -1.17533
v -0.95000 0.73999 -1.20000
v -0.95000 0.73999 -1.20000
v -0.95000 0.73930 -1.17533
v -0.95900 0.74267 -1.20000
v -0.95000 0.73930 -1.17533
v -0.95900 0.74198 -1.17518
v -0.95900 0.74267 -1.20000
v -0.95900 0.74267 -1.20000
v -0.95900 0.74198 -1.17518
v -0.96559 0.75000 -1.20000
v -0.95900 0.74198 -1.17518
v -0.96559 0.74929 -1.17477
v -0.96559 0.75000 -1.20000
v -0.96559 0.75000 -1.20000
v -0.96559 0.74929 -1.17477
v -0.96800 0.76000 -1.20000
v -0.96559 0.74929 -1.17477
v -0.96800 0.75928 -1.17421
v -0.96800 0.76000 -1.20000
v 0.96800 0.75928 -1.17421
v 0.96800 0.75711 -1.14850
v 0.96559 0.74929 -1.17477
v 0.96800 0.75711 -1.14850
v 0.96559 0.74717 -1.14962
v 0.96559 0.74929 -1.17477
v 0.96559 0.74929 -1.17477
v 0.96559 0.74717 -1.14962
v 0.95900 0.74198 -1.17518
v 0.96559 0.74717 -1.14962
v 0.95900 0.73989 -1.15044
v 0.95900 0.74198 -1.17518
v 0.95900 0.74198 -1.17518
v 0.95900 0.73989 -1.15044
v 0.95000 0.73930 -1.17533
v 0.95900 0.73989 -1.15044
v 0.95000 0.73723 -1.15074
v 0.95000 0.73930 -1.17533
v 0.95000 0.73930 -1.17533
v 0.95000 0.73723 -1.15074
v -0.95000 0.73930 -1.17533
v 0.95000 0.73723 -1.15074
v -0.95000 0.73723 -1.15074
v -0.95000 0.73930 -1.17533
v -0.95000 0.73930 -1.17533
v -0.95000 0.73723 -1.15074
v -0.95900 0.74198 -1.17518
v -0.95000 0.73723 -1.15074
v -0.95900 0.73989 -1.15044
v -0.95900 0.74198 -1.17518
v -0.95900 0.74198 -1.17518
v -0.95900 0.73989 -1.15044
v -0.96559 0.74929 -1.17477
v -0.95900 0.73989 -1.15044
v -0.96559 0.74717 -1.14962
v -0.96559 0.74929 -1.17477
v -0.96559 0.74929 -1.17477
v -0.96559 0.74717 -1.14962
v -0.96800 0.75928 -1.17421
v -0.96559 0.74717 -1.14962
v -0.96800 0.75711 -1.14850
v -0.96800 0.75928 -1.17421
v 0.96800 0.75711 -1.14850
v 0.96800 0.75350 -1.12295
v 0.96559 0.74717 -1.14962
v 0.96800 0.75350 -1.12295
v 0.96559 0.74364 -1.12462
v 0.96559 0.74717 -1.14962
v 0.96559 0.74717 -1.14962
v 0.96559 0.74364 -1.12462
v 0.95900 0.73989 -1.15044
v 0.96559 0.74364 -1.12462
v 0.95900 0.73642 -1.12585
v 0.95900 0.73989 -1.15044
v 0.95900 0.73989 -1.15044
v 0.95900 0.73642 -1.12585
v 0.95000 0.73723 -1.15074
v 0.95900 0.73642 -1.12585
v 0.95000 0.73378 -1.12630
v 0.95000 0.73723 -1.15074
v 0.95000 0.73723 -1.15074
v 0.95000 0.73378 -1.12630
v -0.95000 0.73723 -1.15074
v 0.95000 0.73378 -1.12630
v -0.95000 0.73378 -1.12630
v -0.95000 0.73723 -1.15074
v -0.95000 0.73723 -1.15074
v -0.95000 0.73378 -1.12630
v -0.95900 0.73989 -1.15044
v -0.95000 0.73378 -1.12630
v -0.95900 0.73642 -1.12585
v -0.95900 0.73989 -1.15044
v -0.95900 0.73989 -1.15044
v -0.95900 0.73642 -1.12585
v -0.96559 0.74717 -1.14962
v -0.95900 0.73642 -1.12585
v -0.96559 0.74364 -1.12462
v -0.96559 0.74717 -1.14962
v -0.96559 0.74717 -1.14962
v -0.96559 0.74364 -1.12462
v -0.96800 0.75711 -1.14850
v -0.96559 0.74364 -1.12462
v -0.96800 0.75350 -1.12295
v -0.96800 0.75711 -1.14850
v 0.96800 0.75350 -1.12295
v 0.96800 0.74847 -1.09764
v 0.96559 0.74364 -1.12462
v 0.96800 0.74847 -1.09764
v 0.96559 0.73871 -1.09987
v 0.96559 0.74364 -1.12462
v 0.96559 0.74364 -1.12462
v 0.96559 0.73871 -1.09987
v 0.95900 0.73642 -1.12585
v 0.96559 0.73871 -1.09987
v 0.95900 0.73157 -1.10150
v 0.95900 0.73642 -1.12585
v 0.95900 0.73642 -1.12585
v 0.95900 0.73157 -1.10150
v 0.95000 0.73378 -1.12630
v 0.95900 0.73157 -1.10150
v 0.95000 0.72896 -1.10209
v 0.95000 0.73378 -1.12630
v 0.95000 0.73378 -1.12630
v 0.95000 0.72896 -1.10209
v -0.95000 0.73378 -1.12630
v 0.95000 0.72896 -1.10209
v -0.95000 0.72896 -1.10209
v -0.95000 0.73378 -1.12630
v -0.95000 0.73378 -1.12630
v -0.95000 0.72896 -1.10209
v -0.95900 0.73642 -1.12585
v -0.95000 0.72896 -1.10209
v -0.95900 0.73157 -1.10150
v -0.95900 0.73642 -1.12585
v -0.95900 0.73642 -1.12585
v -0.95900 0.73157 -1.10150
v -0.96559 0.74364 -1.12462
v -0.95900 0.73157 -1.10150
v -0.96559 0.73871 -1.09987
v -0.96559 0.74364 -1.12462
v -0.96559 0.74364 -1.12462
v -0.96559 0.73871 -1.09987
v -0.96800 0.75350 -1.12295
v -0.96559 0.73871 -1.09987
v -0.96800 0.74847 -1.09764
v -0.96800 0.75350 -1.12295
v 0.96800 0.74847 -1.09764
v 0.96800 0.74202 -1.07266
v 0.96559 0.73871 -1.09987
v 0.96800 0.74202 -1.07266
v 0.96559 0.73241 -1.07543
v 0.96559 0.73871 -1.09987
v 0.96559 0.73871 -1.09987
v 0.96559 0.73241 -1.07543
v 0.95900 0.73157 -1.10150
v 0.96559 0.73241 -1.07543
v 0.95900 0.72537 -1.07745
v 0.95900 0.73157 -1.10150
v 0.95900 0.73157 -1.10150
v 0.95900 0.72537 -1.07745
v 0.95000 0.72896 -1.10209
v 0.95900 0.72537 -1.07745
v 0.95000 0.72280 -1.07819
v 0.95000 0.72896 -1.10209
v 0.95000 0.72896 -1.10209
v 0.95000 0.72280 -1.07819
v -0.95000 0.72896 -1.10209
v 0.95000 0.72280 -1.07819
v -0.95000 0.72280 -1.07819
v -0.95000 0.72896 -1.10209
v -0.95000 0.72896 -1.10209
v -0.95000 0.72280 -1.07819
v -0.95900 0.73157 -1.10150
v -0.95000 0.72280 -1.07819
v -0.95900 0.72537 -1.07745
v -0.95900 0.73157 -1.10150
v -0.95900 0.73157 -1.10150
v -0.95900 0.72537 -1.07745
v -0.96559 0.73871 -1.09987
v -0.95900 0.72537 -1.07745
v -0.96559 0.73241 -1.07543
v -0.96559 0.73871 -1.09987
v -0.96559 0.73871 -1.09987
v -0.96559 0.73241 -1.07543
v -0.96800 0.74847 -1.09764
v -0.96559 0.73241 -1.07543
v -0.96800 0.74202 -1.07266
v -0.96800 0.74847 -1.09764
v 0.96800 0.74202 -1.07266
v 0.96800 0.73419 -1.04807
v 0.96559 0.73241 -1.07543
v 0.96800 0.73419 -1.04807
v 0.96559 0.72474 -1.05138
v 0.96559 0.73241 -1.07543
v 0.96559 0.73241 -1.07543
v 0.96559 0.72474 -1.05138
v 0.95900 0.72537 -1.07745
v 0.96559 0.72474 -1.05138
v 0.95900 0.71783 -1.05379
v 0.95900 0.72537 -1.07745
v 0.95900 0.72537 -1.07745
v 0.95900 0.71783 -1.05379
v 0.95000 0.72280 -1.07819
v 0.95900 0.71783 -1.05379
v 0.95000 0.71530 -1.05468
v 0.95000 0.72280 -1.07819
v 0.95000 0.72280 -1.07819
v 0.95000 0.71530 -1.05468
v -0.95000 0.72280 -1.07819
v 0.95000 0.71530 -1.05468
v -0.95000 0.71530 -1.05468
v -0.95000 0.72280 -1.07819
v -0.95000 0.72280 -1.07819
v -0.95000 0.71530 -1.05468
v -0.95900 0.72537 -1.07745
v -0.95000 0.71530 -1.05468
v -0.95900 0.71783 -1.05379
v -0.95900 0.72537 -1.07745
v -0.95900 0.72537 -1.07745
v -0.95900 0.71783 -1.05379
v -0.96559 0.73241 -1.07543
v -0.95900 0.71783 -1.05379
v -0.96559 0.72474 -1.05138
v -0.96559 0.73241 -1.07543
v -0.96559 0.73241 -1.07543
v -0.96559 0.72474 -1.05138
v -0.96800 0.74202 -1.07266
v -0.96559 0.72474 -1.05138
v -0.96800 0.73419 -1.04807
v -0.96800 0.74202 -1.07266
v 0.96800 0.73419 -1.04807
v 0.96800 0.72498 -1.02397
v 0.96559 0.72474 -1.05138
v 0.96800 0.72498 -1.02397
v 0.96559 0.71574 -1.02779
v 0.96559 0.72474 -1.05138
v 0.96559 0.72474 -1.05138
v 0.96559 0.71574 -1.02779
v 0.95900 0.71783 -1.05379
v 0.96559 0.71574 -1.02779
v 0.95900 0.70898 -1.03060
v 0.95900 0.71783 -1.05379
v 0.95900 0.71783 -1.05379
v 0.95900 0.70898 -1.03060
v 0.95000 0.71530 -1.05468
v 0.95900 0.70898 -1.03060
v 0.95000 0.70650 -1.03162
v 0.95000 0.71530 -1.05468
v 0.95000 0.71530 -1.05468
v 0.95000 0.70650 -1.03162
v -0.95000 0.71530 -1.05468
v 0.95000 0.70650 -1.03162
v -0.95000 0.70650 -1.03162
v -0.95000 0.71530 -1.05468
v -0.95000 0.71530 -1.05468
v -0.95000 0.70650 -1.03162
v -0.95900 0.71783 -1.05379
v -0.95000 0.70650 -1.03162
v -0.95900 0.70898 -1.03060
v -0.95900 0.71783 -1.05379
v -0.95900 0.71783 -1.05379
v -0.95900 0.70898 -1.03060
v -0.96559 0.72474 -1.05138
v -0.95900 0.70898 -1.03060
v -0.96559 0.71574 -1.02779
v -0.96559 0.72474 -1.05138
v -0.96559 0.72474 -1.05138
v -0.96559 0.71574 -1.02779
v -0.96800 0.73419 -1.04807
v -0.96559 0.71574 -1.02779
v -0.96800 0.72498 -1.02397
v -0.96800 0.73419 -1.04807
v 0.96800 0.72498 -1.02397
v 0.96800 0.71445 -1.00041
v 0.96559 0.71574 -1.02779
v 0.96800 0.71445 -1.00041
v 0.96559 0.70543 -1.00475
v 0.96559 0.71574 -1.02779
v 0.96559 0.71574 -1.02779
v 0.96559 0.70543 -1.00475
v 0.95900 0.70898 -1.03060
v 0.96559 0.70543 -1.00475
v 0.95900 0.69883 -1.00793
v 0.95900 0.70898 -1.03060
v 0.95900 0.70898 -1.03060
v 0.95900 0.69883 -1.00793
v 0.95000 0.70650 -1.03162
v 0.95900 0.69883 -1.00793
v 0.95000 0.69642 -1.00909
v 0.95000 0.70650 -1.03162
v 0.95000 0.70650 -1.03162
v 0.95000 0.69642 -1.00909
v -0.95000 0.70650 -1.03162
v 0.95000 0.69642 -1.00909
v -0.95000 0.69642 -1.00909
v -0.95000 0.70650 -1.03162
v -0.95000 0.70650 -1.03162
v -0.95000 0.69642 -1.00909
v -0.95900 0.70898 -1.03060
v -0.95000 0.69642 -1.00909
v -0.95900 0.69883 -1.00793
v -0.95900 0.70898 -1.03060
v -0.95900 0.70898 -1.03060
v -0.95900 0.69883 -1.00793
v -0.96559 0.71574 -1.02779
v -0.95900 0.69883 -1.00793
v -0.96559 0.70543 -1.00475
v -0.96559 0.71574 -1.02779
v -0.96559 0.71574 -1.02779
v -0.96559 0.70543 -1.00475
v -0.96800 0.72498 -1.02397
v -0.96559 0.70543 -1.00475
v -0.96800 0.71445 -1.00041
v -0.96800 0.72498 -1.02397
v 0.96800 0.71445 -1.00041
v 0.96800 0.70260 -0.97749
v 0.96559 0.70543 -1.00475
v 0.96800 0.70260 -0.97749
v 0.96559 0.69385 -0.98233
v 0.96559 0.70543 -1.00475
v 0.96559 0.70543 -1.00475
v 0.96559 0.69385 -0.98233
v 0.95900 0.69883 -1.00793
v 0.96559 0.69385 -0.98233
v 0.95900 0.68744 -0.98587
v 0.95900 0.69883 -1.00793
v 0.95900 0.69883 -1.00793
v 0.95900 0.68744 -0.98587
v 0.95000 0.69642 -1.00909
v 0.95900 0.68744 -0.98587
v 0.95000 0.68509 -0.98717
v 0.95000 0.69642 -1.00909
v 0.95000 0.69642 -1.00909
v 0.95000 0.68509 -0.98717
v -0.95000 0.69642 -1.00909
v 0.95000 0.68509 -0.98717
v -0.95000 0.68509 -0.98717
v -0.95000 0.69642 -1.00909
v -0.95000 0.69642 -1.00909
v -0.95000 0.68509 -0.98717
v -0.95900 0.69883 -1.00793
v -0.95000 0.68509 -0.98717
v -0.95900 0.68744 -0.98587
v -0.95900 0.69883 -1.00793
v -0.95900 0.69883 -1.00793
v -0.95900 0.68744 -0.98587
v -0.96559 0.70543 -1.00475
v -0.95900 0.68744 -0.98587
v -0.96559 0.69385 -0.98233
v -0.96559 0.70543 -1.00475
v -0.96559 0.70543 -1.00475
v -0.96559 0.69385 -0.98233
v -0.96800 0.71445 -1.00041
v -0.96559 0.69385 -0.98233
v -0.96800 0.70260 -0.97749
v -0.96800 0.71445 -1.00041
v 0.96800 0.70260 -0.97749
v 0.96800 0.68949 -0.95527
v 0.96559 0.69385 -0.98233
v 0.96800 0.68949 -0.95527
v 0.96559 0.68102 -0.96059
v 0.96559 0.69385 -0.98233
v 0.96559 0.69385 -0.98233
v 0.96559 0.68102 -0.96059
v 0.95900 0.68744 -0.98587
v 0.96559 0.68102 -0.96059
v 0.95900 0.67482 -0.96448
v 0.95900 0.68744 -0.98587
v 0.95900 0.68744 -0.98587
v 0.95900 0.67482 -0.96448
v 0.95000 0.68509 -0.98717
v 0.95900 0.67482 -0.96448
v 0.95000 0.67255 -0.96591
v 0.95000 0.68509 -0.98717
v 0.95000 0.68509 -0.98717
v 0.95000 0.67255 -0.96591
v -0.95000 0.68509 -0.98717
v 0.95000 0.67255 -0.96591
v -0.95000 0.67255 -0.96591
v -0.95000 0.68509 -0.98717
v -0.95000 0.68509 -0.98717
v -0.95000 0.67255 -0.96591
v -0.95900 0.68744 -0.98587
v -0.95000 0.67255 -0.96591
v -0.95900 0.67482 -0.96448
v -0.95900 0.68744 -0.98587
v -0.95900 0.68744 -0.98587
v -0.95900 0.67482 -0.96448
v -0.96559 0.69385 -0.98233
v -0.95900 0.67482 -0.96448
v -0.96559 0.68102 -0.96059
v -0.96559 0.69385 -0.98233
v -0.96559 0.69385 -0.98233
v -0.96559 0.68102 -0.96059
v -0.96800 0.70260 -0.97749
v -0.96559 0.68102 -0.96059
v -0.96800 0.68949 -0.95527
v -0.96800 0.70260 -0.97749
v 0.96800 0.68949 -0.95527
v 0.96800 0.67516 -0.93381
v 0.96559 0.68102 -0.96059
v 0.96800 0.67516 -0.93381
v 0.96559 0.66700 -0.93960
v 0.96559 0.68102 -0.96059
v 0.96559 0.68102 -0.96059
v 0.96559 0.66700 -0.93960
v 0.95900 0.67482 -0.96448
v 0.96559 0.66700 -0.93960
v 0.95900 0.66103 -0.94384
v 0.95900 0.67482 -0.96448
v 0.95900 0.67482 -0.96448
v 0.95900 0.66103 -0.94384
v 0.95000 0.67255 -0.96591
v 0.95900 0.66103 -0.94384
v 0.95000 0.65884 -0.94539
v 0.95000 0.67255 -0.96591
v 0.95000 0.67255 -0.96591
v 0.95000 0.65884 -0.94539
v -0.95000 0.67255 -0.96591
v 0.95000 0.65884 -0.94539
v -0.95000 0.65884 -0.94539
v -0.95000 0.67255 -0.96591
v -0.95000 0.67255 -0.96591
v -0.95000 0.65884 -0.94539
v -0.95900 0.67482 -0.96448
v -0.95000 0.65884 -0.94539
v -0.95900 0.66103 -0.94384
v -0.95900 0.67482 -0.96448
v -0.95900 0.67482 -0.96448
v -0.95900 0.66103 -0.94384
v -0.96559 0.68102 -0.96059
v -0.95900 0.66103 -0.94384
v -0.96559 0.66700 -0.93960
v -0.96559 0.68102 -0.96059
v -0.96559 0.68102 -0.96059
v -0.96559 0.66700 -0.93960
v -0.96800 0.68949 -0.95527
v -0.96559 0.66700 -0.93960
v -0.96800 0.67516 -0.93381
v -0.96800 0.68949 -0.95527
v 0.96800 0.67516 -0.93381
v 0.96800 0.65964 -0.91319
v 0.96559 0.66700 -0.93960
v 0.96800 0.65964 -0.91319
v 0.96559 0.65182 -0.91943
v 0.96559 0.66700 -0.93960
v 0.96559 0.66700 -0.93960
v 0.96559 0.65182 -0.91943
v 0.95900 0.66103 -0.94384
v 0.96559 0.65182 -0.91943
v 0.95900 0.64610 -0.92400
v 0.95900 0.66103 -0.94384
v 0.95900 0.66103 -0.94384
v 0.95900 0.64610 -0.92400
v 0.95000 0.65884 -0.94539
v 0.95900 0.64610 -0.92400
v 0.95000 0.64400 -0.92567
v 0.95000 0.65884 -0.94539
v 0.95000 0.65884 -0.94539
v 0.95000 0.64400 -0.92567
v -0.95000 0.65884 -0.94539
v 0.95000 0.64400 -0.92567
v -0.95000 0.64400 -0.92567
v -0.95000 0.65884 -0.94539
v -0.95000 0.65884 -0.94539
v -0.95000 0.64400 -0.92567
v -0.95900 0.66103 -0.94384
v -0.95000 0.64400 -0.92567
v -0.95900 0.64610 -0.92400
v -0.95900 0.66103 -0.94384
v -0.95900 0.66103 -0.94384
v -0.95900 0.64610 -0.92400
v -0.96559 0.66700 -0.93960
v -0.95900 0.64610 -0.92400
v -0.96559 0.65182 -0.91943
v -0.96559 0.66700 -0.93960
v -0.96559 0.66700 -0.93960
v -0.96559 0.65182 -0.91943
v -0.96800 0.67516 -0.93381
v -0.96559 0.65182 -0.91943
v -0.96800 0.65964 -0.91319
v -0.96800 0.67516 -0.93381
v 0.96800 0.65964 -0.91319
v 0.96800 0.64300 -0.89348
v 0.96559 0.65182 -0.91943
v 0.96800 0.64300 -0.89348
v 0.96559 0.63554 -0.90015
v 0.96559 0.65182 -0.91943
v 0.96559 0.65182 -0.91943
v 0.96559 0.63554 -0.90015
v 0.95900 0.64610 -0.92400
v 0.96559 0.63554 -0.90015
v 0.95900 0.63008 -0.90503
v 0.95900 0.64610 -0.92400
v 0.95900 0.64610 -0.92400
v 0.95900 0.63008 -0.90503
v 0.95000 0.64400 -0.92567
v 0.95900 0.63008 -0.90503
v 0.95000 0.62808 -0.90681
v 0.95000 0.64400 -0.92567
v 0.95000 0.64400 -0.92567
v 0.95000 0.62808 -0.90681
v -0.95000 0.64400 -0.92567
v 0.95000 0.62808 -0.90681
v -0.95000 0.62808 -0.90681
v -0.95000 0.64400 -0.92567
v -0.95000 0.64400 -0.92567
v -0.95000 0.62808 -0.90681
v -0.95900 0.64610 -0.92400
v -0.95000 0.62808 -0.90681
v -0.95900 0.63008 -0.90503
v -0.95900 0.64610 -0.92400
v -0.95900 0.64610 -0.92400
v -0.95900 0.63008 -0.90503
v -0.96559 0.65182 -0.91943
v -0.95900 0.63008 -0.90503
v -0.96559 0.63554 -0.90015
v -0.96559 0.65182 -0.91943
v -0.96559 0.65182 -0.91943
v -0.96559 0.63554 -0.90015
v -0.96800 0.65964 -0.91319
v -0.96559 0.63554 -0.90015
v -0.96800 0.64300 -0.89348
v -0.96800 0.65964 -0.91319
v 0.96800 0.64300 -0.89348
v 0.96800 0.62527 -0.87473
v 0.96559 0.63554 -0.90015
v 0.96800 0.62527 -0.87473
v 0.96559 0.61820 -0.88180
v 0.96559 0.63554 -0.90015
v 0.96559 0.63554 -0.90015
v 0.96559 0.61820 -0.88180
v 0.95900 0.63008 -0.90503
v 0.96559 0.61820 -0.88180
v 0.95900 0.61302 -0.88698
v 0.95900 0.63008 -0.90503
v 0.95900 0.63008 -0.90503
v 0.95900 0.61302 -0.88698
v 0.95000 0.62808 -0.90681
v 0.95900 0.61302 -0.88698
v 0.95000 0.61112 -0.88888
v 0.95000 0.62808 -0.90681
v 0.95000 0.62808 -0.90681
v 0.95000 0.61112 -0.88888
v -0.95000 0.62808 -0.90681
v 0.95000 0.61112 -0.88888
v -0.95000 0.61112 -0.88888
v -0.95000 0.62808 -0.90681
v -0.95000 0.62808 -0.90681
v -0.95000 0.61112 -0.88888
v -0.95900 0.63008 -0.90503
v -0.95000 0.61112 -0.88888
v -0.95900 0.61302 -0.88698
v -0.95900 0.63008 -0.90503
v -0.95900 0.63008 -0.90503
v -0.95900 0.61302 -0.88698
v -0.96559 0.63554 -0.90015
v -0.95900 0.61302 -0.88698
v -0.96559 0.61820 -0.88180
v -0.96559 0.63554 -0.90015
v -0.96559 0.63554 -0.90015
v -0.96559 0.61820 -0.88180
v -0.96800 0.64300 -0.89348
v -0.96559 0.61820 -0.88180
v -0.96800 0.62527 -0.87473
v -0.96800 0.64300 -0.89348
v 0.96800 0.62527 -0.87473
v 0.96800 0.60652 -0.85700
v 0.96559 0.61820 -0.88180
v 0.96800 0.60652 -0.85700
v 0.96559 0.59985 -0.86446
v 0.96559 0.61820 -0.88180
v 0.96559 0.61820 -0.88180
v 0.96559 0.59985 -0.86446
v 0.95900 0.61302 -0.88698
v 0.96559 0.59985 -0.86446
v 0.95900 0.59497 -0.86992
v 0.95900 0.61302 -0.88698
v 0.95900 0.61302 -0.88698
v 0.95900 0.59497 -0.86992
v 0.95000 0.61112 -0.88888
v 0.95900 0.59497 -0.86992
v 0.95000 0.59319 -0.87192
v 0.95000 0.61112 -0.88888
v 0.95000 0.61112 -0.88888
v 0.95000 0.59319 -0.87192
v -0.95000 0.61112 -0.88888
v 0.95000 0.59319 -0.87192
v -0.95000 0.59319 -0.87192
v -0.95000 0.61112 -0.88888
v -0.95000 0.61112 -0.88888
v -0.95000 0.59319 -0.87192
v -0.95900 0.61302 -0.88698
v -0.95000 0.59319 -0.87192
v -0.95900 0.59497 -0.86992
v -0.95900 0.61302 -0.88698
v -0.95900 0.61302 -0.88698
v -0.95900 0.59497 -0.86992
v -0.96559 0.61820 -0.88180
v -0.95900 0.59497 -0.86992
v -0.96559 0.59985 -0.86446
v -0.96559 0.61820 -0.88180
v -0.96559 0.61820 -0.88180
v -0.96559 0.59985 -0.86446
v -0.96800 0.62527 -0.87473
v -0.96559 0.59985 -0.86446
v -0.96800 0.60652 -0.85700
v -0.96800 0.62527 -0.87473
v 0.96800 0.60652 -0.85700
v 0.96800 0.58681 -0.84036
v 0.96559 0.59985 -0.86446
v 0.96800 0.58681 -0.84036
v 0.96559 0.58057 -0.84818
v 0.96559 0.59985 -0.86446
v 0.96559 0.59985 -0.86446
v 0.96559 0.58057 -0.84818
v 0.95900 0.59497 -0.86992
v 0.96559 0.58057 -0.84818
v 0.95900 0.57600 -0.85390
v 0.95900 0.59497 -0.86992
v 0.95900 0.59497 -0.86992
v 0.95900 0.57600 -0.85390
v 0.95000 0.59319 -0.87192
v 0.95900 0.57600 -0.85390
v 0.95000 0.57433 -0.85600
v 0.95000 0.59319 -0.87192
v 0.95000 0.59319 -0.87192
v 0.95000 0.57433 -0.85600
v -0.95000 0.59319 -0.87192
v 0.95000 0.57433 -0.85600
v -0.95000 0.57433 -0.85600
v -0.95000 0.59319 -0.87192
v -0.95000 0.59319 -0.87192
v -0.95000 0.57433 -0.85600
v -0.95900 0.59497 -0.86992
v -0.95000 0.57433 -0.85600
v -0.95900 0.57600 -0.85390
v -0.95900 0.59497 -0.86992
v -0.95900 0.59497 -0.86992
v -0.95900 0.57600 -0.85390
v -0.96559 0.59985 -0.86446
v -0.95900 0.57600 -0.85390
v -0.96559 0.58057 -0.84818
v -0.96559 0.59985 -0.86446
v -0.96559 0.59985 -0.86446
v -0.96559 0.58057 -0.84818
v -0.96800 0.60652 -0.85700
v -0.96559 0.58057 -0.84818
v -0.96800 0.58681 -0.84036
v -0.96800 0.60652 -0.85700
v 0.96800 0.58681 -0.84036
v 0.96800 0.56619 -0.82484
v 0.96559 0.58057 -0.84818
v 0.96800 0.56619 -0.82484
v 0.96559 0.56040 -0.83300
v 0.96559 0.58057 -0.84818
v 0.96559 0.58057 -0.84818
v 0.96559 0.56040 -0.83300
v 0.95900 0.57600 -0.85390
v 0.96559 0.56040 -0.83300
v 0.95900 0.55616 -0.83897
v 0.95900 0.57600 -0.85390
v 0.95900 0.57600 -0.85390
v 0.95900 0.55616 -0.83897
v 0.95000 0.57433 -0.85600
v 0.95900 0.55616 -0.83897
v 0.95000 0.55461 -0.84116
v 0.95000 0.57433 -0.85600
v 0.95000 0.57433 -0.85600
v 0.95000 0.55461 -0.84116
v -0.95000 0.57433 -0.85600
v 0.95000 0.55461 -0.84116
v -0.95000 0.55461 -0.84116
v -0.95000 0.57433 -0.85600
v -0.95000 0.57433 -0.85600
v -0.95000 0.55461 -0.84116
v -0.95900 0.57600 -0.85390
v -0.95000 0.55461 -0.84116
v -0.95900 0.55616 -0.83897
v -0.95900 0.57600 -0.85390
v -0.95900 0.57600 -0.85390
v -0.95900 0.55616 -0.83897
v -0.96559 0.58057 -0.84818
v -0.95900 0.55616 -0.83897
v -0.96559 0.56040 -0.83300
v -0.96559 0.58057 -0.84818
v -0.96559 0.58057 -0.84818
v -0.96559 0.56040 -0.83300
v -0.96800 0.58681 -0.84036
v -0.96559 0.56040 -0.83300
v -0.96800 0.56619 -0.82484
v -0.96800 0.58681 -0.84036
v 0.96800 0.56619 -0.82484
v 0.96800 0.54473 -0.81051
v 0.96559 0.56040 -0.83300
v 0.96800 0.54473 -0.81051
v 0.96559 0.53941 -0.81898
v 0.96559 0.56040 -0.83300
v 0.96559 0.56040 -0.83300
v 0.96559 0.53941 -0.81898
v 0.95900 0.55616 -0.83897
v 0.96559 0.53941 -0.81898
v 0.95900 0.53552 -0.82518
v 0.95900 0.55616 -0.83897
v 0.95900 0.55616 -0.83897
v 0.95900 0.53552 -0.82518
v 0.95000 0.55461 -0.84116
v 0.95900 0.53552 -0.82518
v 0.95000 0.53409 -0.82745
v 0.95000 0.55461 -0.84116
v 0.95000 0.55461 -0.84116
v 0.95000 0.53409 -0.82745
v -0.95000 0.55461 -0.84116
v 0.95000 0.53409 -0.82745
v -0.95000 0.53409 -0.82745
v -0.95000 0.55461 -0.84116
v -0.95000 0.55461 -0.84116
v -0.95000 0.53409 -0.82745
v -0.95900 0.55616 -0.83897
v -0.95000 0.53409 -0.82745
v -0.95900 0.53552 -0.82518
v -0.95900 0.55616 -0.83897
v -0.95900 0.55616 -0.83897
v -0.95900 0.53552 -0.82518
v -0.96559 0.56040 -0.83300
v -0.95900 0.53552 -0.82518
v -0.96559 0.53941 -0.81898
v -0.96559 0.56040 -0.83300
v -0.96559 0.56040 -0.83300
v -0.96559 0.53941 -0.81898
v -0.96800 0.56619 -0.82484
v -0.96559 0.53941 -0.81898
v -0.96800 0.54473 -0.81051
v -0.96800 0.56619 -0.82484
v 0.96800 0.54473 -0.81051
v 0.96800 0.52251 -0.79740
v 0.96559 0.53941 -0.81898
v 0.96800 0.52251 -0.79740
v 0.96559 0.51767 -0.80615
v 0.96559 0.53941 -0.81898
v 0.96559 0.53941 -0.81898
v 0.96559 0.51767 -0.80615
v 0.95900 0.53552 -0.82518
v 0.96559 0.51767 -0.80615
v 0.95900 0.51413 -0.81256
v 0.95900 0.53552 -0.82518
v 0.95900 0.53552 -0.82518
v 0.95900 0.51413 -0.81256
v 0.95000 0.53409 -0.82745
v 0.95900 0.51413 -0.81256
v 0.95000 0.51283 -0.81491
v 0.95000 0.53409 -0.82745
v 0.95000 0.53409 -0.82745
v 0.95000 0.51283 -0.81491
v -0.95000 0.53409 -0.82745
v 0.95000 0.51283 -0.81491
v -0.95000 0.51283 -0.81491
v -0.95000 0.53409 -0.82745
v -0.95000 0.53409 -0.82745
v -0.95000 0.51283 -0.81491
v -0.95900 0.53552 -0.82518
v -0.95000 0.51283 -0.81491
v -0.95900 0.51413 -0.81256
v -0.95900 0.53552 -0.82518
v -0.95900 0.53552 -0.82518
v -0.95900 0.51413 -0.81256
v -0.96559 0.53941 -0.81898
v -0.95900 0.51413 -0.81256
v -0.96559 0.51767 -0.80615
v -0.96559 0.53941 -0.81898
v -0.96559 0.53941 -0.81898
v -0.96559 0.51767 -0.80615
v -0.96800 0.54473 -0.81051
v -0.96559 0.51767 -0.80615
v -0.96800 0.52251 -0.79740
v -0.96800 0.54473 -0.81051
v 0.96800 0.52251 -0.79740
v 0.96800 0.49959 -0.78555
v 0.96559 0.51767 -0.80615
v 0.96800 0.49959 -0.78555
v 0.96559 0.49525 -0.79457
v 0.96559 0.51767 -0.80615
v 0.96559 0.51767 -0.80615
v 0.96559 0.49525 -0.79457
v 0.95900 0.51413 -0.81256
v 0.96559 0.49525 -0.79457
v 0.95900 0.49207 -0.80117
v 0.95900 0.51413 -0.81256
v 0.95900 0.51413 -0.81256
v 0.95900 0.49207 -0.80117
v 0.95000 0.51283 -0.81491
v 0.95900 0.49207 -0.80117
v 0.95000 0.49091 -0.80358
v 0.95000 0.51283 -0.81491
v 0.95000 0.51283 -0.81491
v 0.95000 0.49091 -0.80358
v -0.95000 0.51283 -0.81491
v 0.95000 0.49091 -0.80358
v -0.95000 0.49091 -0.80358
v -0.95000 0.51283 -0.81491
v -0.95000 0.51283 -0.81491
v -0.95000 0.49091 -0.80358
v -0.95900 0.51413 -0.81256
v -0.95000 0.49091 -0.80358
v -0.95900 0.49207 -0.80117
v -0.95900 0.51413 -0.81256
v -0.95900 0.51413 -0.81256
v -0.95900 0.49207 -0.80117
v -0.96559 0.51767 -0.80615
v -0.95900 0.49207 -0.80117
v -0.96559 0.49525 -0.79457
v -0.96559 0.51767 -0.80615
v -0.96559 0.51767 -0.80615
v -0.96559 0.49525 -0.79457
v -0.96800 0.52251 -0.79740
v -0.96559 0.49525 -0.79457
v -0.96800 0.49959 -0.78555
v -0.96800 0.52251 -0.79740
v 0.96800 0.49959 -0.78555
v 0.96800 0.47603 -0.77502
v 0.96559 0.49525 -0.79457
v 0.96800 0.47603 -0.77502
v 0.96559 0.47221 -0.78426
v 0.96559 0.49525 -0.79457
v 0.96559 0.49525 -0.79457
v 0.96559 0.47221 -0.78426
v 0.95900 0.49207 -0.80117
v 0.96559 0.47221 -0.78426
v 0.95900 0.46940 -0.79102
v 0.95900 0.49207 -0.80117
v 0.95900 0.49207 -0.80117
v 0.95900 0.46940 -0.79102
v 0.95000 0.49091 -0.80358
v 0.95900 0.46940 -0.79102
v 0.95000 0.46838 -0.79350
v 0.95000 0.49091 -0.80358
v 0.95000 0.49091 -0.80358
v 0.95000 0.46838 -0.79350
v -0.95000 0.49091 -0.80358
v 0.95000 0.46838 -0.79350
v -0.95000 0.46838 -0.79350
v -0.95000 0.49091 -0.80358
v -0.95000 0.49091 -0.80358
v -0.95000 0.46838 -0.79350
v -0.95900 0.49207 -0.80117
v -0.95000 0.46838 -0.79350
v -0.95900 0.46940 -0.79102
v -0.95900 0.49207 -0.80117
v -0.95900 0.49207 -0.80117
v -0.95900 0.46940 -0.79102
v -0.96559 0.49525 -0.79457
v -0.95900 0.46940 -0.79102
v -0.96559 0.47221 -0.78426
v -0.96559 0.49525 -0.79457
v -0.96559 0.49525 -0.79457
v -0.96559 0.47221 -0.78426
v -0.96800 0.49959 -0.78555
v -0.96559 0.47221 -0.78426
v -0.96800 0.47603 -0.77502
v -0.96800 0.49959 -0.78555
v 0.96800 0.47603 -0.77502
v 0.96800 0.45193 -0.76581
v 0.96559 0.47221 -0.78426
v 0.96800 0.45193 -0.76581
v 0.96559 0.44862 -0.77526
v 0.96559 0.47221 -0.78426
v 0.96559 0.47221 -0.78426
v 0.96559 0.44862 -0.77526
v 0.95900 0.46940 -0.79102
v 0.96559 0.44862 -0.77526
v 0.95900 0.44621 -0.78217
v 0.95900 0.46940 -0.79102
v 0.95900 0.46940 -0.79102
v 0.95900 0.44621 -0.78217
v 0.95000 0.46838 -0.79350
v 0.95900 0.44621 -0.78217
v 0.95000 0.44532 -0.78470
v 0.95000 0.46838 -0.79350
v 0.95000 0.46838 -0.79350
v 0.95000 0.44532 -0.78470
v -0.95000 0.46838 -0.79350
v 0.95000 0.44532 -0.78470
v -0.95000 0.44532 -0.78470
v -0.95000 0.46838 -0.79350
v -0.95000 0.46838 -0.79350
v -0.95000 0.44532 -0.78470
v -0.95900 0.46940 -0.79102
v -0.95000 0.44532 -0.78470
v -0.95900 0.44621 -0.78217
v -0.95900 0.46940 -0.79102
v -0.95900 0.46940 -0.79102
v -0.95900 0.44621 -0.78217
v -0.96559 0.47221 -0.78426
v -0.95900 0.44621 -0.78217
v -0.96559 0.44862 -0.77526
v -0.96559 0.47221 -0.78426
v -0.96559 0.47221 -0.78426
v -0.96559 0.44862 -0.77526
v -0.96800 0.47603 -0.77502
v -0.96559 0.44862 -0.77526
v -0.96800 0.45193 -0.76581
v -0.96800 0.47603 -0.77502
v 0.96800 0.45193 -0.76581
v 0.96800 0.42734 -0.75798
v 0.96559 0.44862 -0.77526
v 0.96800 0.42734 -0.75798
v 0.96559 0.42457 -0.76759
v 0.96559 0.44862 -0.77526
v 0.96559 0.44862 -0.77526
v 0.96559 0.42457 -0.76759
v 0.95900 0.44621 -0.78217
v 0.96559 0.42457 -0.76759
v 0.95900 0.42255 -0.77463
v 0.95900 0.44621 -0.78217
v 0.95900 0.44621 -0.78217
v 0.95900 0.42255 -0.77463
v 0.95000 0.44532 -0.78470
v 0.95900 0.42255 -0.77463
v 0.95000 0.42181 -0.77720
v 0.95000 0.44532 -0.78470
v 0.95000 0.44532 -0.78470
v 0.95000 0.42181 -0.77720
v -0.95000 0.44532 -0.78470
v 0.95000 0.42181 -0.77720
v -0.95000 0.42181 -0.77720
v -0.95000 0.44532 -0.78470
v -0.95000 0.44532 -0.78470
v -0.95000 0.42181 -0.77720
v -0.95900 0.44621 -0.78217
v -0.95000 0.42181 -0.77720
v -0.95900 0.42255 -0.77463
v -0.95900 0.44621 -0.78217
v -0.95900 0.44621 -0.78217
v -0.95900 0.42255 -0.77463
v -0.96559 0.44862 -0.77526
v -0.95900 0.42255 -0.77463
v -0.96559 0.42457 -0.76759
v -0.96559 0.44862 -0.77526
v -0.96559 0.44862 -0.77526
v -0.96559 0.42457 -0.76759
v -0.96800 0.45193 -0.76581
v -0.96559 0.42457 -0.76759
v -0.96800 0.42734 -0.75798
v -0.96800 0.45193 -0.76581
v 0.96800 0.42734 -0.75798
v 0.96800 0.40236 -0.75153
v 0.96559 0.42457 -0.76759
v 0.96800 0.40236 -0.75153
v 0.96559 0.40013 -0.76129
v 0.96559 0.42457 -0.76759
v 0.96559 0.42457 -0.76759
v 0.96559 0.40013 -0.76129
v 0.95900 0.42255 -0.77463
v 0.96559 0.40013 -0.76129
v 0.95900 0.39850 -0.76843
v 0.95900 0.42255 -0.77463
v 0.95900 0.42255 -0.77463
v 0.95900 0.39850 -0.76843
v 0.95000 0.42181 -0.77720
v 0.95900 0.39850 -0.76843
v 0.95000 0.39791 -0.77104
v 0.95000 0.42181 -0.77720
v 0.95000 0.42181 -0.77720
v 0.95000 0.39791 -0.77104
v -0.95000 0.42181 -0.77720
v 0.95000 0.39791 -0.77104
v -0.95000 0.39791 -0.77104
v -0.95000 0.42181 -0.77720
v -0.95000 0.42181 -0.77720
v -0.95000 0.39791 -0.77104
v -0.95900 0.42255 -0.77463
v -0.95000 0.39791 -0.77104
v -0.95900 0.39850 -0.76843
v -0.95900 0.42255 -0.77463
v -0.95900 0.42255 -0.77463
v -0.95900 0.39850 -0.76843
v -0.96559 0.42457 -0.76759
v -0.95900 0.39850 -0.76843
v -0.96559 0.40013 -0.76129
v -0.96559 0.42457 -0.76759
v -0.96559 0.42457 -0.76759
v -0.96559 0.40013 -0.76129
v -0.96800 0.42734 -0.75798
v -0.96559 0.40013 -0.76129
v -0.96800 0.40236 -0.75153
v -0.96800 0.42734 -0.75798
v 0.96800 0.40236 -0.75153
v 0.96800 0.37705 -0.74650
v 0.96559 0.40013 -0.76129
v 0.96800 0.37705 -0.74650
v 0.96559 0.37538 -0.75636
v 0.96559 0.40013 -0.76129
v 0.96559 0.40013 -0.76129
v 0.96559 0.37538 -0.75636
v 0.95900 0.39850 -0.76843
v 0.96559 0.37538 -0.75636
v 0.95900 0.37415 -0.76358
v 0.95900 0.39850 -0.76843
v 0.95900 0.39850 -0.76843
v 0.95900 0.37415 -0.76358
v 0.95000 0.39791 -0.77104
v 0.95900 0.37415 -0.76358
v 0.95000 0.37370 -0.76622
v 0.95000 0.39791 -0.77104
v 0.95000 0.39791 -0.77104
v 0.95000 0.37370 -0.76622
v -0.95000 0.39791 -0.77104
v 0.95000 0.37370 -0.76622
v -0.95000 0.37370 -0.76622
v -0.95000 0.39791 -0.77104
v -0.95000 0.39791 -0.77104
v -0.95000 0.37370 -0.76622
v -0.95900 0.39850 -0.76843
v -0.95000 0.37370 -0.76622
v -0.95900 0.37415 -0.76358
v -0.95900 0.39850 -0.76843
v -0.95900 0.39850 -0.76843
v -0.95900 0.37415 -0.76358
v -0.96559 0.40013 -0.76129
v -0.95900 0.37415 -0.76358
v -0.96559 0.37538 -0.75636
v -0.96559 0.40013 -0.76129
v -0.96559 0.40013 -0.76129
v -0.96559 0.37538 -0.75636
v -0.96800 0.40236 -0.75153
v -0.96559 0.37538 -0.75636
v -0.96800 0.37705 -0.74650
v -0.96800 0.40236 -0.75153
v 0.96800 0.37705 -0.74650
v 0.96800 0.35150 -0.74289
v 0.96559 0.37538 -0.75636
v 0.96800 0.35150 -0.74289
v 0.96559 0.35038 -0.75283
v 0.96559 0.37538 -0.75636
v 0.96559 0.37538 -0.75636
v 0.96559 0.35038 -0.75283
v 0.95900 0.37415 -0.76358
v 0.96559 0.35038 -0.75283
v 0.95900 0.34956 -0.76011
v 0.95900 0.37415 -0.76358
v 0.95900 0.37415 -0.76358
v 0.95900 0.34956 -0.76011
v 0.95000 0.37370 -0.76622
v 0.95900 0.34956 -0.76011
v 0.95000 0.34926 -0.76277
v 0.95000 0.37370 -0.76622
v 0.95000 0.37370 -0.76622
v 0.95000 0.34926 -0.76277
v -0.95000 0.37370 -0.76622
v 0.95000 0.34926 -0.76277
v -0.95000 0.34926 -0.76277
v -0.95000 0.37370 -0.76622
v -0.95000 0.37370 -0.76622
v -0.95000 0.34926 -0.76277
v -0.95900 0.37415 -0.76358
v -0.95000 0.34926 -0.76277
v -0.95900 0.34956 -0.76011
v -0.95900 0.37415 -0.76358
v -0.95900 0.37415 -0.76358
v -0.95900 0.34956 -0.76011
v -0.96559 0.37538 -0.75636
v -0.95900 0.34956 -0.76011
v -0.96559 0.35038 -0.75283
v -0.96559 0.37538 -0.75636
v -0.96559 0.37538 -0.75636
v -0.96559 0.35038 -0.75283
v -0.96800 0.37705 -0.74650
v -0.96559 0.35038 -0.75283
v -0.96800 0.35150 -0.74289
v -0.96800 0.37705 -0.74650
v 0.96800 0.35150 -0.74289
v 0.96800 0.32579 -0.74072
v 0.96559 0.35038 -0.75283
v 0.96800 0.32579 -0.74072
v 0.96559 0.32523 -0.75071
v 0.96559 0.35038 -0.75283
v 0.96559 0.35038 -0.75283
v 0.96559 0.32523 -0.75071
v 0.95900 0.34956 -0.76011
v 0.96559 0.32523 -0.75071
v 0.95900 0.32482 -0.75802
v 0.95900 0.34956 -0.76011
v 0.95900 0.34956 -0.76011
v 0.95900 0.32482 -0.75802
v 0.95000 0.34926 -0.76277
v 0.95900 0.32482 -0.75802
v 0.95000 0.32467 -0.76070
v 0.95000 0.34926 -0.76277
v 0.95000 0.34926 -0.76277
v 0.95000 0.32467 -0.76070
v -0.95000 0.34926 -0.76277
v 0.95000 0.32467 -0.76070
v -0.95000 0.32467 -0.76070
v -0.95000 0.34926 -0.76277
v -0.95000 0.34926 -0.76277
v -0.95000 0.32467 -0.76070
v -0.95900 0.34956 -0.76011
v -0.95000 0.32467 -0.76070
v -0.95900 0.32482 -0.75802
v -0.95900 0.34956 -0.76011
v -0.95900 0.34956 -0.76011
v -0.95900 0.32482 -0.75802
v -0.96559 0.35038 -0.75283
v -0.95900 0.32482 -0.75802
v -0.96559 0.32523 -0.75071
v -0.96559 0.35038 -0.75283
v -0.96559 0.35038 -0.75283
v -0.96559 0.32523 -0.75071
v -0.96800 0.35150 -0.74289
v -0.96559 0.32523 -0.75071
v -0.96800 0.32579 -0.74072
v -0.96800 0.35150 -0.74289
v 0.96800 0.32579 -0.74072
v 0.96800 0.30000 -0.74000
v 0.96559 0.32523 -0.75071
v 0.96800 0.30000 -0.74000
v 0.96559 0.29000 -0.74972
v 0.96559 0.32523 -0.75071
v 0.96559 0.32523 -0.75071
v 0.96559 0.29000 -0.74972
v 0.95900 0.32482 -0.75802
v 0.96559 0.29000 -0.74972
v 0.95900 0.28268 -0.75684
v 0.95900 0.32482 -0.75802
v 0.95900 0.32482 -0.75802
v 0.95900 0.28268 -0.75684
v 0.95000 0.32467 -0.76070
v 0.95900 0.28268 -0.75684
v 0.95000 0.28000 -0.75945
v 0.95000 0.32467 -0.76070
v 0.95000 0.32467 -0.76070
v 0.95000 0.28000 -0.75945
v -0.95000 0.32467 -0.76070
v 0.95000 0.28000 -0.75945
v -0.95000 0.28000 -0.75945
v -0.95000 0.32467 -0.76070
v -0.95000 0.32467 -0.76070
v -0.95000 0.28000 -0.75945
v -0.95900 0.32482 -0.75802
v -0.95000 0.28000 -0.75945
v -0.95900 0.28268 -0.75684
v -0.95900 0.32482 -0.75802
v -0.95900 0.32482 -0.75802
v -0.95900 0.28268 -0.75684
v -0.96559 0.32523 -0.75071
v -0.95900 0.28268 -0.75684
v -0.96559 0.29000 -0.74972
v -0.96559 0.32523 -0.75071
v -0.96559 0.32523 -0.75071
v -0.96559 0.29000 -0.74972
v -0.96800 0.32579 -0.74072
v -0.96559 0.29000 -0.74972
v -0.96800 0.30000 -0.74000
v -0.96800 0.32579 -0.74072
v 0.96800 0.30000 -0.74000
v 0.96800 0.30000 1.29000
v 0.96559 0.29000 -0.74972
v 0.96800 0.30000 1.29000
v 0.96559 0.29000 1.29972
v 0.96559 0.29000 -0.74972
v 0.96559 0.29000 -0.74972
v 0.96559 0.29000 1.29972
v 0.95900 0.28268 -0.75684
v 0.96559 0.29000 1.29972
v 0.95900 0.28268 1.30684
v 0.95900 0.28268 -0.75684
v 0.95900 0.28268 -0.75684
v 0.95900 0.28268 1.30684
v 0.95000 0.28000 -0.75945
v 0.95900 0.28268 1.30684
v 0.95000 0.28000 1.30945
v 0.95000 0.28000 -0.75945
v 0.95000 0.28000 -0.75945
v 0.95000 0.28000 1.30945
v -0.95000 0.28000 -0.75945
v 0.95000 0.28000 1.30945
v -0.95000 0.28000 1.30945
v -0.95000 0.28000 -0.75945
v -0.95000 0.28000 -0.75945
v -0.95000 0.28000 1.30945
v -0.95900 0.28268 -0.75684
v -0.95000 0.28000 1.30945
v -0.95900 0.28268 1.30684
v -0.95900 0.28268 -0.75684
v -0.95900 0.28268 -0.75684
v -0.95900 0.28268 1.30684
v -0.96559 0.29000 -0.74972
v -0.95900 0.28268 1.30684
v -0.96559 0.29000 1.29972
v -0.96559 0.29000 -0.74972
v -0.96559 0.29000 -0.74972
v -0.96559 0.29000 1.29972
v -0.96800 0.30000 -0.74000
v -0.96559 0.29000 1.29972
v -0.96800 0.30000 1.29000
v -0.96800 0.30000 -0.74000
v 0.96800 0.30000 1.29000
v 0.96800 0.32579 1.29072
v 0.96559 0.29000 1.29972
v 0.96800 0.32579 1.29072
v 0.96559 0.32523 1.30071
v 0.96559 0.29000 1.29972
v 0.96559 0.29000 1.29972
v 0.96559 0.32523 1.30071
v 0.95900 0.28268 1.30684
v 0.96559 0.32523 1.30071
v 0.95900 0.32482 1.30802
v 0.95900 0.28268 1.30684
v 0.95900 0.28268 1.30684
v 0.95900 0.32482 1.30802
v 0.95000 0.28000 1.30945
v 0.95900 0.32482 1.30802
v 0.95000 0.32467 1.31070
v 0.95000 0.28000 1.30945
v 0.95000 0.28000 1.30945
v 0.95000 0.32467 1.31070
v -0.95000 0.28000 1.30945
v 0.95000 0.32467 1.31070
v -0.95000 0.32467 1.31070
v -0.95000 0.28000 1.30945
v -0.95000 0.28000 1.30945
v -0.95000 0.32467 1.31070
v -0.95900 0.28268 1.30684
v -0.95000 0.32467 1.31070
v -0.95900 0.32482 1.30802
v -0.95900 0.28268 1.30684
v -0.95900 0.28268 1.30684
v -0.95900 0.32482 1.30802
v -0.96559 0.29000 1.29972
v -0.95900 0.32482 1.30802
v -0.96559 0.32523 1.30071
v -0.96559 0.29000 1.29972
v -0.96559 0.29000 1.29972
v -0.96559 0.32523 1.30071
v -0.96800 0.30000 1.29000
v -0.96559 0.32523 1.30071
v -0.96800 0.32579 1.29072
v -0.96800 0.30000 1.29000
v 0.96800 0.32579 1.29072
v 0.96800 0.35150 1.29289
v 0.96559 0.32523 1.30071
v 0.96800 0.35150 1.29289
v 0.96559 0.35038 1.30283
v 0.96559 0.32523 1.30071
v 0.96559 0.32523 1.30071
v 0.96559 0.35038 1.30283
v 0.95900 0.32482 1.30802
v 0.96559 0.35038 1.30283
v 0.95900 0.34956 1.31011
v 0.95900 0.32482 1.30802
v 0.95900 0.32482 1.30802
v 0.95900 0.34956 1.31011
v 0.95000 0.32467 1.31070
v 0.95900 0.34956 1.31011
v 0.95000 0.34926 1.31277
v 0.95000 0.32467 1.31070
v 0.95000 0.32467 1.31070
v 0.95000 0.34926 1.31277
v -0.95000 0.32467 1.31070
v 0.95000 0.34926 1.31277
v -0.95000 0.34926 1.31277
v -0.95000 0.32467 1.31070
v -0.95000 0.32467 1.31070
v -0.95000 0.34926 1.31277
v -0.95900 0.32482 1.30802
v -0.95000 0.34926 1.31277
v -0.95900 0.34956 1.31011
v -0.95900 0.32482 1.30802
v -0.95900 0.32482 1.30802
v -0.95900 0.34956 1.31011
v -0.96559 0.32523 1.30071
v -0.95900 0.34956 1.31011
v -0.96559 0.35038 1.30283
v -0.96559 0.32523 1.30071
v -0.96559 0.32523 1.30071
v -0.96559 0.35038 1.30283
v -0.96800 0.32579 1.29072
v -0.96559 0.35038 1.30283
v -0.96800 0.35150 1.29289
v -0.96800 0.32579 1.29072
v 0.96800 0.35150 1.29289
v 0.96800 0.37705 1.29650
v 0.96559 0.35038 1.30283
v 0.96800 0.37705 1.29650
v 0.96559 0.37538 1.30636
v 0.96559 0.35038 1.30283
v 0.96559 0.35038 1.30283
v 0.96559 0.37538 1.30636
v 0.95900 0.34956 1.31011
v 0.96559 0.37538 1.30636
v 0.95900 0.37415 1.31358
v 0.95900 0.34956 1.31011
v 0.95900 0.34956 1.31011
v 0.95900 0.37415 1.31358
v 0.95000 0.34926 1.31277
v 0.95900 0.37415 1.31358
v 0.95000 0.37370 1.31622
v 0.95000 0.34926 1.31277
v 0.95000 0.34926 1.31277
v 0.95000 0.37370 1.31622
v -0.95000 0.34926 1.31277
v 0.95000 0.37370 1.31622
v -0.95000 0.37370 1.31622
v -0.95000 0.34926 1.31277
v -0.95000 0.34926 1.31277
v -0.95000 0.37370 1.31622
v -0.95900 0.34956 1.31011
v -0.95000 0.37370 1.31622
v -0.95900 0.37415 1.31358
v -0.95900 0.34956 1.31011
v -0.95900 0.34956 1.31011
v -0.95900 0.37415 1.31358
v -0.96559 0.35038 1.30283
v -0.95900 0.37415 1.31358
v -0.96559 0.37538 1.30636
v -0.96559 0.35038 1.30283
v -0.96559 0.35038 1.30283
v -0.96559 0.37538 1.30636
v -0.96800 0.35150 1.29289
v -0.96559 0.37538 1.30636
v -0.96800 0.37705 1.29650
v -0.96800 0.35150 1.29289
v 0.96800 0.37705 1.29650
v 0.96800 0.40236 1.30153
v 0.96559 0.37538 1.30636
v 0.96800 0.40236 1.30153
v 0.96559 0.40013 1.31129
v 0.96559 0.37538 1.30636
v 0.96559 0.37538 1.30636
v 0.96559 0.40013 1.31129
v 0.95900 0.37415 1.31358
v 0.96559 0.40013 1.31129
v 0.95900 0.39850 1.31843
v 0.95900 0.37415 1.31358
v 0.95900 0.37415 1.31358
v 0.95900 0.39850 1.31843
v 0.95000 0.37370 1.31622
v 0.95900 0.39850 1.31843
v 0.95000 0.39791 1.32104
v 0.95000 0.37370 1.31622
v 0.95000 0.37370 1.31622
v 0.95000 0.39791 1.32104
v -0.95000 0.37370 1.31622
v 0.95000 0.39791 1.32104
v -0.95000 0.39791 1.32104
v -0.95000 0.37370 1.31622
v -0.95000 0.37370 1.31622
v -0.95000 0.39791 1.32104
v -0.95900 0.37415 1.31358
v -0.95000 0.39791 1.32104
v -0.95900 0.39850 1.31843
v -0.95900 0.37415 1.31358
v -0.95900 0.37415 1.31358
v -0.95900 0.39850 1.31843
v -0.96559 0.37538 1.30636
v -0.95900 0.39850 1.31843
v -0.96559 0.40013 1.31129
v -0.96559 0.37538 1.30636
v -0.96559 0.37538 1.30636
v -0.96559 0.40013 1.31129
v -0.96800 0.37705 1.29650
v -0.96559 0.40013 1.31129
v -0.96800 0.40236 1.30153
v -0.96800 0.37705 1.29650
v 0.96800 0.40236 1.30153
v 0.96800 0.42734 1.30798
v 0.96559 0.40013 1.31129
v 0.96800 0.42734 1.30798
v 0.96559 0.42457 1.31759
v 0.96559 0.40013 1.31129
v 0.96559 0.40013 1.31129
v 0.96559 0.42457 1.31759
v 0.95900 0.39850 1.31843
v 0.96559 0.42457 1.31759
v 0.95900 0.42255 1.32463
v 0.95900 0.39850 1.31843
v 0.95900 0.39850 1.31843
v 0.95900 0.42255 1.32463
v 0.95000 0.39791 1.32104
v 0.95900 0.42255 1.32463
v 0.95000 0.42181 1.32720
v 0.95000 0.39791 1.32104
v 0.95000 0.39791 1.32104
v 0.95000 0.42181 1.32720
v -0.95000 0.39791 1.32104
v 0.95000 0.42181 1.32720
v -0.95000 0.42181 1.32720
v -0.95000 0.39791 1.32104
v -0.95000 0.39791 1.32104
v -0.95000 0.42181 1.32720
v -0.95900 0.39850 1.31843
v -0.95000 0.42181 1.32720
v -0.95900 0.42255 1.32463
v -0.95900 0.39850 1.31843
v -0.95900 0.39850 1.31843
v -0.95900 0.42255 1.32463
v -0.96559 0.40013 1.31129
v -0.95900 0.42255 1.32463
v -0.96559 0.42457 1.31759
v -0.96559 0.40013 1.31129
v -0.96559 0.40013 1.31129
v -0.96559 0.42457 1.31759
v -0.96800 0.40236 1.30153
v -0.96559 0.42457 1.31759
v -0.96800 0.42734 1.30798
v -0.96800 0.40236 1.30153
v 0.96800 0.42734 1.30798
v 0.96800 0.45193 1.31581
v 0.96559 0.42457 1.31759
v 0.96800 0.45193 1.31581
v 0.96559 0.44862 1.32526
v 0.96559 0.42457 1.31759
v 0.96559 0.42457 1.31759
v 0.96559 0.44862 1.32526
v 0.95900 0.42255 1.32463
v 0.96559 0.44862 1.32526
v 0.95900 0.44621 1.33217
v 0.95900 0.42255 1.32463
v 0.95900 0.42255 1.32463
v 0.95900 0.44621 1.33217
v 0.95000 0.42181 1.32720
v 0.95900 0.44621 1.33217
v 0.95000 0.44532 1.33470
v 0.95000 0.42181 1.32720
v 0.95000 0.42181 1.32720
v 0.95000 0.44532 1.33470
v -0.95000 0.42181 1.32720
v 0.95000 0.44532 1.33470
v -0.95000 0.44532 1.33470
v -0.95000 0.42181 1.32720
v -0.95000 0.42181 1.32720
v -0.95000 0.44532 1.33470
v -0.95900 0.42255 1.32463
v -0.95000 0.44532 1.33470
v -0.95900 0.44621 1.33217
v -0.95900 0.42255 1.32463
v -0.95900 0.42255 1.32463
v -0.95900 0.44621 1.33217
v -0.96559 0.42457 1.31759
v -0.95900 0.44621 1.33217
v -0.96559 0.44862 1.32526
v -0.96559 0.42457 1.31759
v -0.96559 0.42457 1.31759
v -0.96559 0.44862 1.32526
v -0.96800 0.42734 1.30798
v -0.96559 0.44862 1.32526
v -0.96800 0.45193 1.31581
v -0.96800 0.42734 1.30798
v 0.96800 0.45193 1.31581
v 0.96800 0.47603 1.32502
v 0.96559 0.44862 1.32526
v 0.96800 0.47603 1.32502
v 0.96559 0.47221 1.33426
v 0.96559 0.44862 1.32526
v 0.96559 0.44862 1.32526
v 0.96559 0.47221 1.33426
v 0.95900 0.44621 1.33217
v 0.96559 0.47221 1.33426
v 0.95900 0.46940 1.34102
v 0.95900 0.44621 1.33217
v 0.95900 0.44621 1.33217
v 0.95900 0.46940 1.34102
v 0.95000 0.44532 1.33470
v 0.95900 0.46940 1.34102
v 0.95000 0.46838 1.34350
v 0.95000 0.44532 1.33470
v 0.95000 0.44532 1.33470
v 0.95000 0.46838 1.34350
v -0.95000 0.44532 1.33470
v 0.95000 0.46838 1.34350
v -0.95000 0.46838 1.34350
v -0.95000 0.44532 1.33470
v -0.95000 0.44532 1.33470
v -0.95000 0.46838 1.34350
v -0.95900 0.44621 1.33217
v -0.95000 0.46838 1.34350
v -0.95900 0.46940 1.34102
v -0.95900 0.44621 1.33217
v -0.95900 0.44621 1.33217
v -0.95900 0.46940 1.34102
v -0.96559 0.44862 1.32526
v -0.95900 0.46940 1.34102
v -0.96559 0.47221 1.33426
v -0.96559 0.44862 1.32526
v -0.96559 0.44862 1.32526
v -0.96559 0.47221 1.33426
v -0.96800 0.45193 1.31581
v -0.96559 0.47221 1.33426
v -0.96800 0.47603 1.32502
v -0.96800 0.45193 1.31581
v 0.96800 0.47603 1.32502
v 0.96800 0.49959 1.33555
v 0.96559 0.47221 1.33426
v 0.96800 0.49959 1.33555
v 0.96559 0.49525 1.34457
v 0.96559 0.47221 1.33426
v 0.96559 0.47221 1.33426
v 0.96559 0.49525 1.34457
v 0.95900 0.46940 1.34102
v 0.96559 0.49525 1.34457
v 0.95900 0.49207 1.35117
v 0.95900 0.46940 1.34102
v 0.95900 0.46940 1.34102
v 0.95900 0.49207 1.35117
v 0.95000 0.46838 1.34350
v 0.95900 0.49207 1.35117
v 0.95000 0.49091 1.35358
v 0.95000 0.46838 1.34350
v 0.95000 0.46838 1.34350
v 0.95000 0.49091 1.35358
v -0.95000 0.46838 1.34350
v 0.95000 0.49091 1.35358
v -0.95000 0.49091 1.35358
v -0.95000 0.46838 1.34350
v -0.95000 0.46838 1.34350
v -0.95000 0.49091 1.35358
v -0.95900 0.46940 1.34102
v -0.95000 0.49091 1.35358
v -0.95900 0.49207 1.35117
v -0.95900 0.46940 1.34102
v -0.95900 0.46940 1.34102
v -0.95900 0.49207 1.35117
v -0.96559 0.47221 1.33426
v -0.95900 0.49207 1.35117
v -0.96559 0.49525 1.34457
v -0.96559 0.47221 1.33426
v -0.96559 0.47221 1.33426
v -0.96559 0.49525 1.34457
v -0.96800 0.47603 1.32502
v -0.96559 0.49525 1.34457
v -0.96800 0.49959 1.33555
v -0.96800 0.47603 1.32502
v 0.96800 0.49959 1.33555
v 0.96800 0.52251 1.34740
v 0.96559 0.49525 1.34457
v 0.96800 0.52251 1.34740
v 0.96559 0.51767 1.35615
v 0.96559 0.49525 1.34457
v 0.96559 0.49525 1.34457
v 0.96559 0.51767 1.35615
v 0.95900 0.49207 1.35117
v 0.96559 0.51767 1.35615
v 0.95900 0.51413 1.36256
v 0.95900 0.49207 1.35117
v 0.95900 0.49207 1.35117
v 0.95900 0.51413 1.36256
v 0.95000 0.49091 1.35358
v 0.95900 0.51413 1.36256
v 0.95000 0.51283 1.36491
v 0.95000 0.49091 1.35358
v 0.95000 0.49091 1.35358
v 0.95000 0.51283 1.36491
v -0.95000 0.49091 1.35358
v 0.95000 0.51283 1.36491
v -0.95000 0.51283 1.36491
v -0.95000 0.49091 1.35358
v -0.95000 0.49091 1.35358
v -0.95000 0.51283 1.36491
v -0.95900 0.49207 1.35117
v -0.95000 0.51283 1.36491
v -0.95900 0.51413 1.36256
v -0.95900 0.49207 1.35117
v -0.95900 0.49207 1.35117
v -0.95900 0.51413 1.36256
v -0.96559 0.49525 1.34457
v -0.95900 0.51413 1.36256
v -0.96559 0.51767 1.35615
v -0.96559 0.49525 1.34457
v -0.96559 0.49525 1.34457
v -0.96559 0.51767 1.35615
v -0.96800 0.49959 1.33555
v -0.96559 0.51767 1.35615
v -0.96800 0.52251 1.34740
v -0.96800 0.49959 1.33555
v 0.96800 0.52251 1.34740
v 0.96800 0.54473 1.36051
v 0.96559 0.51767 1.35615
v 0.96800 0.54473 1.36051
v 0.96559 0.53941 1.36898
v 0.96559 0.51767 1.35615
v 0.96559 0.51767 1.35615
v 0.96559 0.53941 1.36898
v 0.95900 0.51413 1.36256
v 0.96559 0.53941 1.36898
v 0.95900 0.53552 1.37518
v 0.95900 0.51413 1.36256
v 0.95900 0.51413 1.36256
v 0.95900 0.53552 1.37518
v 0.95000 0.51283 1.36491
v 0.95900 0.53552 1.37518
v 0.95000 0.53409 1.37745
v 0.95000 0.51283 1.36491
v 0.95000 0.51283 1.36491
v 0.95000 0.53409 1.37745
v -0.95000 0.51283 1.36491
v 0.95000 0.53409 1.37745
v -0.95000 0.53409 1.37745
v -0.95000 0.51283 1.36491
v -0.95000 0.51283 1.36491
v -0.95000 0.53409 1.37745
v -0.95900 0.51413 1.36256
v -0.95000 0.53409 1.37745
v -0.95900 0.53552 1.37518
v -0.95900 0.51413 1.36256
v -0.95900 0.51413 1.36256
v -0.95900 0.53552 1.37518
v -0.96559 0.51767 1.35615
v -0.95900 0.53552 1.37518
v -0.96559 0.53941 1.36898
v -0.96559 0.51767 1.35615
v -0.96559 0.51767 1.35615
v -0.96559 0.53941 1.36898
v -0.96800 0.52251 1.34740
v -0.96559 0.53941 1.36898
v -0.96800 0.54473 1.36051
v -0.96800 0.52251 1.34740
v 0.96800 0.54473 1.36051
v 0.96800 0.56619 1.37484
v 0.96559 0.53941 1.36898
v 0.96800 0.56619 1.37484
v 0.96559 0.56040 1.38300
v 0.96559 0.53941 1.36898
v 0.96559 0.53941 1.36898
v 0.96559 0.56040 1.38300
v 0.95900 0.53552 1.37518
v 0.96559 0.56040 1.38300
v 0.95900 0.55616 1.38897
v 0.95900 0.53552 1.37518
v 0.95900 0.53552 1.37518
v 0.95900 0.55616 1.38897
v 0.95000 0.53409 1.37745
v 0.95900 0.55616 1.38897
v 0.95000 0.55461 1.39116
v 0.95000 0.53409 1.37745
v 0.95000 0.53409 1.37745
v 0.95000 0.55461 1.39116
v -0.95000 0.53409 1.37745
v 0.95000 0.55461 1.39116
v -0.95000 0.55461 1.39116
v -0.95000 0.53409 1.37745
v -0.95000 0.53409 1.37745
v -0.95000 0.55461 1.39116
v -0.95900 0.53552 1.37518
v -0.95000 0.55461 1.39116
v -0.95900 0.55616 1.38897
v -0.95900 0.53552 1.37518
v -0.95900 0.53552 1.37518
v -0.95900 0.55616 1.38897
v -0.96559 0.53941 1.36898
v -0.95900 0.55616 1.38897
v -0.96559 0.56040 1.38300
v -0.96559 0.53941 1.36898
v -0.96559 0.53941 1.36898
v -0.96559 0.56040 1.38300
v -0.96800 0.54473 1.36051
v -0.96559 0.56040 1.38300
v -0.96800 0.56619 1.37484
v -0.96800 0.54473 1.36051
v 0.96800 0.56619 1.37484
v 0.96800 0.58681 1.39036
v 0.96559 0.56040 1.38300
v 0.96800 0.58681 1.39036
v 0.96559 0.58057 1.39818
v 0.96559 0.56040 1.38300
v 0.96559 0.56040 1.38300
v 0.96559 0.58057 1.39818
v 0.95900 0.55616 1.38897
v 0.96559 0.58057 1.39818
v 0.95900 0.57600 1.40390
v 0.95900 0.55616 1.38897
v 0.95900 0.55616 1.38897
v 0.95900 0.57600 1.40390
v 0.95000 0.55461 1.39116
v 0.95900 0.57600 1.40390
v 0.95000 0.57433 1.40600
v 0.95000 0.55461 1.39116
v 0.95000 0.55461 1.39116
v 0.95000 0.57433 1.40600
v -0.95000 0.55461 1.39116
v 0.95000 0.57433 1.40600
v -0.95000 0.57433 1.40600
v -0.95000 0.55461 1.39116
v -0.95000 0.55461 1.39116
v -0.95000 0.57433 1.40600
v -0.95900 0.55616 1.38897
v -0.95000 0.57433 1.40600
v -0.95900 0.57600 1.40390
v -0.95900 0.55616 1.38897
v -0.95900 0.55616 1.38897
v -0.95900 0.57600 1.40390
v -0.96559 0.56040 1.38300
v -0.95900 0.57600 1.40390
v -0.96559 0.58057 1.39818
v -0.96559 0.56040 1.38300
v -0.96559 0.56040 1.38300
v -0.96559 0.58057 1.39818
v -0.96800 0.56619 1.37484
v -0.96559 0.58057 1.39818
v -0.96800 0.58681 1.39036
v -0.96800 0.56619 1.37484
v 0.96800 0.58681 1.39036
v 0.96800 0.60652 1.40700
v 0.96559 0.58057 1.39818
v 0.96800 0.60652 1.40700
v 0.96559 0.59985 1.41446
v 0.96559 0.58057 1.39818
v 0.96559 0.58057 1.39818
v 0.96559 0.59985 1.41446
v 0.95900 0.57600 1.40390
v 0.96559 0.59985 1.41446
v 0.95900 0.59497 1.41992
v 0.95900 0.57600 1.40390
v 0.95900 0.57600 1.40390
v 0.95900 0.59497 1.41992
v 0.95000 0.57433 1.40600
v 0.95900 0.59497 1.41992
v 0.95000 0.59319 1.42192
v 0.95000 0.57433 1.40600
v 0.95000 0.57433 1.40600
v 0.95000 0.59319 1.42192
v -0.95000 0.57433 1.40600
v 0.95000 0.59319 1.42192
v -0.95000 0.59319 1.42192
v -0.95000 0.57433 1.40600
v -0.95000 0.57433 1.40600
v -0.95000 0.59319 1.42192
v -0.95900 0.57600 1.40390
v -0.95000 0.59319 1.42192
v -0.95900 0.59497 1.41992
v -0.95900 0.57600 1.40390
v -0.95900 0.57600 1.40390
v -0.95900 0.59497 1.41992
v -0.96559 0.58057 1.39818
v -0.95900 0.59497 1.41992
v -0.96559 0.59985 1.41446
v -0.96559 0.58057 1.39818
v -0.96559 0.58057 1.39818
v -0.96559 0.59985 1.41446
v -0.96800 0.58681 1.39036
v -0.96559 0.59985 1.41446
v -0.96800 0.60652 1.40700
v -0.96800 0.58681 1.39036
v 0.96800 0.60652 1.40700
v 0.96800 0.62527 1.42473
v 0.96559 0.59985 1.41446
v 0.96800 0.62527 1.42473
v 0.96559 0.61820 1.43180
v 0.96559 0.59985 1.41446
v 0.96559 0.59985 1.41446
v 0.96559 0.61820 1.43180
v 0.95900 0.59497 1.41992
v 0.96559 0.61820 1.43180
v 0.95900 0.61302 1.43698
v 0.95900 0.59497 1.41992
v 0.95900 0.59497 1.41992
v 0.95900 0.61302 1.43698
v 0.95000 0.59319 1.42192
v 0.95900 0.61302 1.43698
v 0.95000 0.61112 1.43888
v 0.95000 0.59319 1.42192
v 0.95000 0.59319 1.42192
v 0.95000 0.61112 1.43888
v -0.95000 0.59319 1.42192
v 0.95000 0.61112 1.43888
v -0.95000 0.61112 1.43888
v -0.95000 0.59319 1.42192
v -0.95000 0.59319 1.42192
v -0.95000 0.61112 1.43888
v -0.95900 0.59497 1.41992
v -0.95000 0.61112 1.43888
v -0.95900 0.61302 1.43698
v -0.95900 0.59497 1.41992
v -0.95900 0.59497 1.41992
v -0.95900 0.61302 1.43698
v -0.96559 0.59985 1.41446
v -0.95900 0.61302 1.43698
v -0.96559 0.61820 1.43180
v -0.96559 0.59985 1.41446
v -0.96559 0.59985 1.41446
v -0.96559 0.61820 1.43180
v -0.96800 0.60652 1.40700
v -0.96559 0.61820 1.43180
v -0.96800 0.62527 1.42473
v -0.96800 0.60652 1.40700
v 0.96800 0.62527 1.42473
v 0.96800 0.64300 1.44348
v 0.96559 0.61820 1.43180
v 0.96800 0.64300 1.44348
v 0.96559 0.63554 1.45015
v 0.96559 0.61820 1.43180
v 0.96559 0.61820 1.43180
v 0.96559 0.63554 1.45015
v 0.95900 0.61302 1.43698
v 0.96559 0.63554 1.45015
v 0.95900 0.63008 1.45503
v 0.95900 0.61302 1.43698
v 0.95900 0.61302 1.43698
v 0.95900 0.63008 1.45503
v 0.95000 0.61112 1.43888
v 0.95900 0.63008 1.45503
v 0.95000 0.62808 1.45681
v 0.95000 0.61112 1.43888
v 0.95000 0.61112 1.43888
v 0.95000 0.62808 1.45681
v -0.95000 0.61112 1.43888
v 0.95000 0.62808 1.45681
v -0.95000 0.62808 1.45681
v -0.95000 0.61112 1.43888
v -0.95000 0.61112 1.43888
v -0.95000 0.62808 1.45681
v -0.95900 0.61302 1.43698
v -0.95000 0.62808 1.45681
v -0.95900 0.63008 1.45503
v -0.95900 0.61302 1.43698
v -0.95900 0.61302 1.43698
v -0.95900 0.63008 1.45503
v -0.96559 0.61820 1.43180
v -0.95900 0.63008 1.45503
v -0.96559 0.63554 1.45015
v -0.96559 0.61820 1.43180
v -0.96559 0.61820 1.43180
v -0.96559 0.63554 1.45015
v -0.96800 0.62527 1.42473
v -0.96559 0.63554 1.45015
v -0.96800 0.64300 1.44348
v -0.96800 0.62527 1.42473
v 0.96800 0.64300 1.44348
v 0.96800 0.65964 1.46319
v 0.96559 0.63554 1.45015
v 0.96800 0.65964 1.46319
v 0.96559 0.65182 1.46943
v 0.96559 0.63554 1.45015
v 0.96559 0.63554 1.45015
v 0.96559 0.65182 1.46943
v 0.95900 0.63008 1.45503
v 0.96559 0.65182 1.46943
v 0.95900 0.64610 1.47400
v 0.95900 0.63008 1.45503
v 0.95900 0.63008 1.45503
v 0.95900 0.64610 1.47400
v 0.95000 0.62808 1.45681
v 0.95900 0.64610 1.47400
v 0.95000 0.64400 1.47567
v 0.95000 0.62808 1.45681
v 0.95000 0.62808 1.45681
v 0.95000 0.64400 1.47567
v -0.95000 0.62808 1.45681
v 0.95000 0.64400 1.47567
v -0.95000 0.64400 1.47567
v -0.95000 0.62808 1.45681
v -0.95000 0.62808 1.45681
v -0.95000 0.64400 1.47567
v -0.95900 0.63008 1.45503
v -0.95000 0.64400 1.47567
v -0.95900 0.64610 1.47400
v -0.95900 0.63008 1.45503
v -0.95900 0.63008 1.45503
v -0.95900 0.64610 1.47400
v -0.96559 0.63554 1.45015
v -0.95900 0.64610 1.47400
v -0.96559 0.65182 1.46943
v -0.96559 0.63554 1.45015
v -0.96559 0.63554 1.45015
v -0.96559 0.65182 1.46943
v -0.96800 0.64300 1.44348
v -0.96559 0.65182 1.46943
v -0.96800 0.65964 1.46319
v -0.96800 0.64300 1.44348
v 0.96800 0.65964 1.46319
v 0.96800 0.67516 1.48381
v 0.96559 0.65182 1.46943
v 0.96800 0.67516 1.48381
v 0.96559 0.66700 1.48960
v 0.96559 0.65182 1.46943
v 0.96559 0.65182 1.46943
v 0.96559 0.66700 1.48960
v 0.95900 0.64610 1.47400
v 0.96559 0.66700 1.48960
v 0.95900 0.66103 1.49384
v 0.95900 0.64610 1.47400
v 0.95900 0.64610 1.47400
v 0.95900 0.66103 1.49384
v 0.95000 0.64400 1.47567
v 0.95900 0.66103 1.49384
v 0.95000 0.65884 1.49539
v 0.95000 0.64400 1.47567
v 0.95000 0.64400 1.47567
v 0.95000 0.65884 1.49539
v -0.95000 0.64400 1.47567
v 0.95000 0.65884 1.49539
v -0.95000 0.65884 1.49539
v -0.95000 0.64400 1.47567
v -0.95000 0.64400 1.47567
v -0.95000 0.65884 1.49539
v -0.95900 0.64610 1.47400
v -0.95000 0.65884 1.49539
v -0.95900 0.66103 1.49384
v -0.95900 0.64610 1.47400
v -0.95900 0.64610 1.47400
v -0.95900 0.66103 1.49384
v -0.96559 0.65182 1.46943
v -0.95900 0.66103 1.49384
v -0.96559 0.66700 1.48960
v -0.96559 0.65182 1.46943
v -0.96559 0.65182 1.46943
v -0.96559 0.66700 1.48960
v -0.96800 0.65964 1.46319
v -0.96559 0.66700 1.48960
v -0.96800 0.67516 1.48381
v -0.96800 0.65964 1.46319
v 0.96800 0.67516 1.48381
v 0.96800 0.68949 1.50527
v 0.96559 0.66700 1.48960
v 0.96800 0.68949 1.50527
v 0.96559 0.68102 1.51059
v 0.96559 0.66700 1.48960
v 0.96559 0.66700 1.48960
v 0.96559 0.68102 1.51059
v 0.95900 0.66103 1.49384
v 0.96559 0.68102 1.51059
v 0.95900 0.67482 1.51448
v 0.95900 0.66103 1.49384
v 0.95900 0.66103 1.49384
v 0.95900 0.67482 1.51448
v 0.95000 0.65884 1.49539
v 0.95900 0.67482 1.51448
v 0.95000 0.67255 1.51591
v 0.95000 0.65884 1.49539
v 0.95000 0.65884 1.49539
v 0.95000 0.67255 1.51591
v -0.95000 0.65884 1.49539
v 0.95000 0.67255 1.51591
v -0.95000 0.67255 1.51591
v -0.95000 0.65884 1.49539
v -0.95000 0.65884 1.49539
v -0.95000 0.67255 1.51591
v -0.95900 0.66103 1.49384
v -0.95000 0.67255 1.51591
v -0.95900 0.67482 1.51448
v -0.95900 0.66103 1.49384
v -0.95900 0.66103 1.49384
v -0.95900 0.67482 1.51448
v -0.96559 0.66700 1.48960
v -0.95900 0.67482 1.51448
v -0.96559 0.68102 1.51059
v -0.96559 0.66700 1.48960
v -0.96559 0.66700 1.48960
v -0.96559 0.68102 1.51059
v -0.96800 0.67516 1.48381
v -0.96559 0.68102 1.51059
v -0.96800 0.68949 1.50527
v -0.96800 0.67516 1.48381
v 0.96800 0.68949 1.50527
v 0.96800 0.70260 1.52749
v 0.96559 0.68102 1.51059
v 0.96800 0.70260 1.52749
v 0.96559 0.69385 1.53233
v 0.96559 0.68102 1.51059
v 0.96559 0.68102 1.51059
v 0.96559 0.69385 1.53233
v 0.95900 0.67482 1.51448
v 0.96559 0.69385 1.53233
v 0.95900 0.68744 1.53587
v 0.95900 0.67482 1.51448
v 0.95900 0.67482 1.51448
v 0.95900 0.68744 1.53587
v 0.95000 0.67255 1.51591
v 0.95900 0.68744 1.53587
v 0.95000 0.68509 1.53717
v 0.95000 0.67255 1.51591
v 0.95000 0.67255 1.51591
v 0.95000 0.68509 1.53717
v -0.95000 0.67255 1.51591
v 0.95000 0.68509 1.53717
v -0.95000 0.68509 1.53717
v -0.95000 0.67255 1.51591
v -0.95000 0.67255 1.51591
v -0.95000 0.68509 1.53717
v -0.95900 0.67482 1.51448
v -0.95000 0.68509 1.53717
v -0.95900 0.68744 1.53587
v -0.95900 0.67482 1.51448
v -0.95900 0.67482 1.51448
v -0.95900 0.68744 1.53587
v -0.96559 0.68102 1.51059
v -0.95900 0.68744 1.53587
v -0.96559 0.69385 1.53233
v -0.96559 0.68102 1.51059
v -0.96559 0.68102 1.51059
v -0.96559 0.69385 1.53233
v -0.96800 0.68949 1.50527
v -0.96559 0.69385 1.53233
v -0.96800 0.70260 1.52749
v -0.96800 0.68949 1.50527
v 0.96800 0.70260 1.52749
v 0.96800 0.71445 1.55041
v 0.96559 0.69385 1.53233
v 0.96800 0.71445 1.55041
v 0.96559 0.70543 1.55475
v 0.96559 0.69385 1.53233
v 0.96559 0.69385 1.53233
v 0.96559 0.70543 1.55475
v 0.95900 0.68744 1.53587
v 0.96559 0.70543 1.55475
v 0.95900 0.69883 1.55793
v 0.95900 0.68744 1.53587
v 0.95900 0.68744 1.53587
v 0.95900 0.69883 1.55793
v 0.95000 0.68509 1.53717
v 0.95900 0.69883 1.55793
v 0.95000 0.69642 1.55909
v 0.95000 0.68509 1.53717
v 0.95000 0.68509 1.53717
v 0.95000 0.69642 1.55909
v -0.95000 0.68509 1.53717
v 0.95000 0.69642 1.55909
v -0.95000 0.69642 1.55909
v -0.95000 0.68509 1.53717
v -0.95000 0.68509 1.53717
v -0.95000 0.69642 1.55909
v -0.95900 0.68744 1.53587
v -0.95000 0.69642 1.55909
v -0.95900 0.69883 1.55793
v -0.95900 0.68744 1.53587
v -0.95900 0.68744 1.53587
v -0.95900 0.69883 1.55793
v -0.96559 0.69385 1.53233
v -0.95900 0.69883 1.55793
v -0.96559 0.70543 1.55475
v -0.96559 0.69385 1.53233
v -0.96559 0.69385 1.53233
v -0.96559 0.70543 1.55475
v -0.96800 0.70260 1.52749
v -0.96559 0.70543 1.55475
v -0.96800 0.71445 1.55041
v -0.96800 0.70260 1.52749
v 0.96800 0.71445 1.55041
v 0.96800 0.72498 1.57397
v 0.96559 0.70543 1.55475
v 0.96800 0.72498 1.57397
v 0.96559 0.71574 1.57779
v 0.96559 0.70543 1.55475
v 0.96559 0.70543 1.55475
v 0.96559 0.71574 1.57779
v 0.95900 0.69883 1.55793
v 0.96559 0.71574 1.57779
v 0.95900 0.70898 1.58060
v 0.95900 0.69883 1.55793
v 0.95900 0.69883 1.55793
v 0.95900 0.70898 1.58060
v 0.95000 0.69642 1.55909
v 0.95900 0.70898 1.58060
v 0.95000 0.70650 1.58162
v 0.95000 0.69642 1.55909
v 0.95000 0.69642 1.55909
v 0.95000 0.70650 1.58162
v -0.95000 0.69642 1.55909
v 0.95000 0.70650 1.58162
v -0.95000 0.70650 1.58162
v -0.95000 0.69642 1.55909
v -0.95000 0.69642 1.55909
v -0.95000 0.70650 1.58162
v -0.95900 0.69883 1.55793
v -0.95000 0.70650 1.58162
v -0.95900 0.70898 1.58060
v -0.95900 0.69883 1.55793
v -0.95900 0.69883 1.55793
v -0.95900 0.70898 1.58060
v -0.96559 0.70543 1.55475
v -0.95900 0.70898 1.58060
v -0.96559 0.71574 1.57779
v -0.96559 0.70543 1.55475
v -0.96559 0.70543 1.55475
v -0.96559 0.71574 1.57779
v -0.96800 0.71445 1.55041
v -0.96559 0.71574 1.57779
v -0.96800 0.72498 1.57397
v -0.96800 0.71445 1.55041
v 0.96800 0.72498 1.57397
v 0.96800 0.73419 1.59807
v 0.96559 0.71574 1.57779
v 0.96800 0.73419 1.59807
v 0.96559 0.72474 1.60138
v 0.96559 0.71574 1.57779
v 0.96559 0.71574 1.57779
v 0.96559 0.72474 1.60138
v 0.95900 0.70898 1.58060
v 0.96559 0.72474 1.60138
v 0.95900 0.71783 1.60379
v 0.95900 0.70898 1.58060
v 0.95900 0.70898 1.58060
v 0.95900 0.71783 1.60379
v 0.95000 0.70650 1.58162
v 0.95900 0.71783 1.60379
v 0.95000 0.71530 1.60468
v 0.95000 0.70650 1.58162
v 0.95000 0.70650 1.58162
v 0.95000 0.71530 1.60468
v -0.95000 0.70650 1.58162
v 0.95000 0.71530 1.60468
v -0.95000 0.71530 1.60468
v -0.95000 0.70650 1.58162
v -0.95000 0.70650 1.58162
v -0.95000 0.71530 1.60468
v -0.95900 0.70898 1.58060
v -0.95000 0.71530 1.60468
v -0.95900 0.71783 1.60379
v -0.95900 0.70898 1.58060
v -0.95900 0.70898 1.58060
v -0.95900 0.71783 1.60379
v -0.96559 0.71574 1.57779
v -0.95900 0.71783 1.60379
v -0.96559 0.72474 1.60138
v -0.96559 0.71574 1.57779
v -0.96559 0.71574 1.57779
v -0.96559 0.72474 1.60138
v -0.96800 0.72498 1.57397
v -0.96559 0.72474 1.60138
v -0.96800 0.73419 1.59807
v -0.96800 0.72498 1.57397
v 0.96800 0.73419 1.59807
v 0.96800 0.74202 1.62266
v 0.96559 0.72474 1.60138
v 0.96800 0.74202 1.62266
v 0.96559 0.73241 1.62543
v 0.96559 0.72474 1.60138
v 0.96559 0.72474 1.60138
v 0.96559 0.73241 1.62543
v 0.95900 0.71783 1.60379
v 0.96559 0.73241 1.62543
v 0.95900 0.72537 1.62745
v 0.95900 0.71783 1.60379
v 0.95900 0.71783 1.60379
v 0.95900 0.72537 1.62745
v 0.95000 0.71530 1.60468
v 0.95900 0.72537 1.62745
v 0.95000 0.72280 1.62819
v 0.95000 0.71530 1.60468
v 0.95000 0.71530 1.60468
v 0.95000 0.72280 1.62819
v -0.95000 0.71530 1.60468
v 0.95000 0.72280 1.62819
v -0.95000 0.72280 1.62819
v -0.95000 0.71530 1.60468
v -0.95000 0.71530 1.60468
v -0.95000 0.72280 1.62819
v -0.95900 0.71783 1.60379
v -0.95000 0.72280 1.62819
v -0.95900 0.72537 1.62745
v -0.95900 0.71783 1.60379
v -0.95900 0.71783 1.60379
v -0.95900 0.72537 1.62745
v -0.96559 0.72474 1.60138
v -0.95900 0.72537 1.62745
v -0.96559 0.73241 1.62543
v -0.96559 0.72474 1.60138
v -0.96559 0.72474 1.60138
v -0.96559 0.73241 1.62543
v -0.96800 0.73419 1.59807
v -0.96559 0.73241 1.62543
v -0.96800 0.74202 1.62266
v -0.96800 0.73419 1.59807
v 0.96800 0.74202 1.62266
v 0.96800 0.74847 1.64764
v 0.96559 0.73241 1.62543
v 0.96800 0.74847 1.64764
v 0.96559 0.73871 1.64987
v 0.96559 0.73241 1.62543
v 0.96559 0.73241 1.62543
v 0.96559 0.73871 1.64987
v 0.95900 0.72537 1.62745
v 0.96559 0.73871 1.64987
v 0.95900 0.73157 1.65150
v 0.95900 0.72537 1.62745
v 0.95900 0.72537 1.62745
v 0.95900 0.73157 1.65150
v 0.95000 0.72280 1.62819
v 0.95900 0.73157 1.65150
v 0.95000 0.72896 1.65209
v 0.95000 0.72280 1.62819
v 0.95000 0.72280 1.62819
v 0.95000 0.72896 1.65209
v -0.95000 0.72280 1.62819
v 0.95000 0.72896 1.65209
v -0.95000 0.72896 1.65209
v -0.95000 0.72280 1.62819
v -0.95000 0.72280 1.62819
v -0.95000 0.72896 1.65209
v -0.95900 0.72537 1.62745
v -0.95000 0.72896 1.65209
v -0.95900 0.73157 1.65150
v -0.95900 0.72537 1.62745
v -0.95900 0.72537 1.62745
v -0.95900 0.73157 1.65150
v -0.96559 0.73241 1.62543
v -0.95900 0.73157 1.65150
v -0.96559 0.73871 1.64987
v -0.96559 0.73241 1.62543
v -0.96559 0.73241 1.62543
v -0.96559 0.73871 1.64987
v -0.96800 0.74202 1.62266
v -0.96559 0.73871 1.64987
v -0.96800 0.74847 1.64764
v -0.96800 0.74202 1.62266
v 0.96800 0.74847 1.64764
v 0.96800 0.75350 1.67295
v 0.96559 0.73871 1.64987
v 0.96800 0.75350 1.67295
v 0.96559 0.74364 1.67462
v 0.96559 0.73871 1.64987
v 0.96559 0.73871 1.64987
v 0.96559 0.74364 1.67462
v 0.95900 0.73157 1.65150
v 0.96559 0.74364 1.67462
v 0.95900 0.73642 1.67585
v 0.95900 0.73157 1.65150
v 0.95900 0.73157 1.65150
v 0.95900 0.73642 1.67585
v 0.95000 0.72896 1.65209
v 0.95900 0.73642 1.67585
v 0.95000 0.73378 1.67630
v 0.95000 0.72896 1.65209
v 0.95000 0.72896 1.65209
v 0.95000 0.73378 1.67630
v -0.95000 0.72896 1.65209
v 0.95000 0.73378 1.67630
v -0.95000 0.73378 1.67630
v -0.95000 0.72896 1.65209
v -0.95000 0.72896 1.65209
v -0.95000 0.73378 1.67630
v -0.95900 0.73157 1.65150
v -0.95000 0.73378 1.67630
v -0.95900 0.73642 1.67585
v -0.95900 0.73157 1.65150
v -0.95900 0.73157 1.65150
v -0.95900 0.73642 1.67585
v -0.96559 0.73871 1.64987
v -0.95900 0.73642 1.67585
v -0.96559 0.74364 1.67462
v -0.96559 0.73871 1.64987
v -0.96559 0.73871 1.64987
v -0.96559 0.74364 1.67462
v -0.96800 0.74847 1.64764
v -0.96559 0.74364 1.67462
v -0.96800 0.75350 1.67295
v -0.96800 0.74847 1.64764
v 0.96800 0.75350 1.67295
v 0.96800 0.75711 1.69850
v 0.96559 0.74364 1.67462
v 0.96800 0.75711 1.69850
v 0.96559 0.74717 1.69962
v 0.96559 0.74364 1.67462
v 0.96559 0.74364 1.67462
v 0.96559 0.74717 1.69962
v 0.95900 0.73642 1.67585
v 0.96559 0.74717 1.69962
v 0.95900 0.73989 1.70044
v 0.95900 0.73642 1.67585
v 0.95900 0.73642 1.67585
v 0.95900 0.73989 1.70044
v 0.95000 0.73378 1.67630
v 0.95900 0.73989 1.70044
v 0.95000 0.73723 1.70074
v 0.95000 0.73378 1.67630
v 0.95000 0.73378 1.67630
v 0.95000 0.73723 1.70074
v -0.95000 0.73378 1.67630
v 0.95000 0.73723 1.70074
v -0.95000 0.73723 1.70074
v -0.95000 0.73378 1.67630
v -0.95000 0.73378 1.67630
v -0.95000 0.73723 1.70074
v -0.95900 0.73642 1.67585
v -0.95000 0.73723 1.70074
v -0.95900 0.73989 1.70044
v -0.95900 0.73642 1.67585
v -0.95900 0.73642 1.67585
v -0.95900 0.73989 1.70044
v -0.96559 0.74364 1.67462
v -0.95900 0.73989 1.70044
v -0.96559 0.74717 1.69962
v -0.96559 0.74364 1.67462
v -0.96559 0.74364 1.67462
v -0.96559 0.74717 1.69962
v -0.96800 0.75350 1.67295
v -0.96559 0.74717 1.69962
v -0.96800 0.75711 1.69850
v -0.96800 0.75350 1.67295
v 0.96800 0.75711 1.69850
v 0.96800 0.75928 1.72421
v 0.96559 0.74717 1.69962
v 0.96800 0.75928 1.72421
v 0.96559 0.74929 1.72477
v 0.96559 0.74717 1.69962
v 0.96559 0.74717 1.69962
v 0.96559 0.74929 1.72477
v 0.95900 0.73989 1.70044
v 0.96559 0.74929 1.72477
v 0.95900 0.74198 1.72518
v 0.95900 0.73989 1.70044
v 0.95900 0.73989 1.70044
v 0.95900 0.74198 1.72518
v 0.95000 0.73723 1.70074
v 0.95900 0.74198 1.72518
v 0.95000 0.73930 1.72533
v 0.95000 0.73723 1.70074
v 0.95000 0.73723 1.70074
v 0.95000 0.73930 1.72533
v -0.95000 0.73723 1.70074
v 0.95000 0.73930 1.72533
v -0.95000 0.73930 1.72533
v -0.95000 0.73723 1.70074
v -0.95000 0.73723 1.70074
v -0.95000 0.73930 1.72533
v -0.95900 0.73989 1.70044
v -0.95000 0.73930 1.72533
v -0.95900 0.74198 1.72518
v -0.95900 0.73989 1.70044
v -0.95900 0.73989 1.70044
v -0.95900 0.74198 1.72518
v -0.96559 0.74717 1.69962
v -0.95900 0.74198 1.72518
v -0.96559 0.74929 1.72477
v -0.96559 0.74717 1.69962
v -0.96559 0.74717 1.69962
v -0.96559 0.74929 1.72477
v -0.96800 0.75711 1.69850
v -0.96559 0.74929 1.72477
v -0.96800 0.75928 1.72421
v -0.96800 0.75711 1.69850
v 0.96800 0.75928 1.72421
v 0.96800 0.76000 1.75000
v 0.96559 0.74929 1.72477
v 0.96800 0.76000 1.75000
v 0.96559 0.75000 1.75000
v 0.96559 0.74929 1.72477
v 0.96559 0.74929 1.72477
v 0.96559 0.75000 1.75000
v 0.95900 0.74198 1.72518
v 0.96559 0.75000 1.75000
v 0.95900 0.74267 1.75000
v 0.95900 0.74198 1.72518
v 0.95900 0.74198 1.72518
v 0.95900 0.74267 1.75000
v 0.95000 0.73930 1.72533
v 0.95900 0.74267 1.75000
v 0.95000 0.73999 1.75000
v 0.95000 0.73930 1.72533
v 0.95000 0.73930 1.72533
v 0.95000 0.73999 1.75000
v -0.95000 0.73930 1.72533
v 0.95000 0.73999 1.75000
v -0.95000 0.73999 1.75000
v -0.95000 0.73930 1.72533
v -0.95000 0.73930 1.72533
v -0.95000 0.73999 1.75000
v -0.95900 0.74198 1.72518
v -0.95000 0.73999 1.75000
v -0.95900 0.74267 1.75000
v -0.95900 0.74198 1.72518
v -0.95900 0.74198 1.72518
v -0.95900 0.74267 1.75000
v -0.96559 0.74929 1.72477
v -0.95900 0.74267 1.75000
v -0.96559 0.75000 1.75000
v -0.96559 0.74929 1.72477
v -0.96559 0.74929 1.72477
v -0.96559 0.75000 1.75000
v -0.96800 0.75928 1.72421
v -0.96559 0.75000 1.75000
v -0.96800 0.76000 1.75000
v -0.96800 0.75928 1.72421
v 0.96800 0.76000 1.75000
v 0.96800 0.75928 1.77579
v 0.96559 0.75000 1.75000
v 0.96800 0.75928 1.77579
v 0.96559 0.74929 1.77523
v 0.96559 0.75000 1.75000
v 0.96559 0.75000 1.75000
v 0.96559 0.74929 1.77523
v 0.95900 0.74267 1.75000
v 0.96559 0.74929 1.77523
v 0.95900 0.74198 1.77482
v 0.95900 0.74267 1.75000
v 0.95900 0.74267 1.75000
v 0.95900 0.74198 1.77482
v 0.95000 0.73999 1.75000
v 0.95900 0.74198 1.77482
v 0.95000 0.73930 1.77467
v 0.95000 0.73999 1.75000
v 0.95000 0.73999 1.75000
v 0.95000 0.73930 1.77467
v -0.95000 0.73999 1.75000
v 0.95000 0.73930 1.77467
v -0.95000 0.73930 1.77467
v -0.95000 0.73999 1.75000
v -0.95000 0.73999 1.75000
v -0.95000 0.73930 1.77467
v -0.95900 0.74267 1.75000
v -0.95000 0.73930 1.77467
v -0.95900 0.74198 1.77482
v -0.95900 0.74267 1.75000
v -0.95900 0.74267 1.75000
v -0.95900 0.74198 1.77482
v -0.96559 0.75000 1.75000
v -0.95900 0.74198 1.77482
v -0.96559 0.74929 1.77523
v -0.96559 0.75000 1.75000
v -0.96559 0.75000 1.75000
v -0.96559 0.74929 1.77523
v -0.96800 0.76000 1.75000
v -0.96559 0.74929 1.77523
v -0.96800 0.75928 1.77579
v -0.96800 0.76000 1.75000
v 0.96800 0.75928 1.77579
v 0.96800 0.75711 1.80150
v 0.96559 0.74929 1.77523
v 0.96800 0.75711 1.80150
v 0.96559 0.74717 1.80038
v 0.96559 0.74929 1.77523
v 0.96559 0.74929 1.77523
v 0.96559 0.74717 1.80038
v 0.95900 0.74198 1.77482
v 0.96559 0.74717 1.80038
v 0.95900 0.73989 1.79956
v 0.95900 0.74198 1.77482
v 0.95900 0.74198 1.77482
v 0.95900 0.73989 1.79956
v 0.95000 0.73930 1.77467
v 0.95900 0.73989 1.79956
v 0.95000 0.73723 1.79926
v 0.95000 0.73930 1.77467
v 0.95000 0.73930 1.77467
v 0.95000 0.73723 1.79926
v -0.95000 0.73930 1.77467
v 0.95000 0.73723 1.79926
v -0.95000 0.73723 1.79926
v -0.95000 0.73930 1.77467
v -0.95000 0.73930 1.77467
v -0.95000 0.73723 1.79926
v -0.95900 0.74198 1.77482
v -0.95000 0.73723 1.79926
v -0.95900 0.73989 1.79956
v -0.95900 0.74198 1.77482
v -0.95900 0.74198 1.77482
v -0.95900 0.73989 1.79956
v -0.96559 0.74929 1.77523
v -0.95900 0.73989 1.79956
v -0.96559 0.74717 1.80038
v -0.96559 0.74929 1.77523
v -0.96559 0.74929 1.77523
v -0.96559 0.74717 1.80038
v -0.96800 0.75928 1.77579
v -0.96559 0.74717 1.80038
v -0.96800 0.75711 1.80150
v -0.96800 0.75928 1.77579
v 0.96800 0.75711 1.80150
v 0.96800 0.75350 1.82705
v 0.96559 0.74717 1.80038
v 0.96800 0.75350 1.82705
v 0.96559 0.74364 1.82538
v 0.96559 0.74717 1.80038
v 0.96559 0.74717 1.80038
v 0.96559 0.74364 1.82538
v 0.95900 0.73989 1.79956
v 0.96559 0.74364 1.82538
v 0.95900 0.73642 1.82415
v 0.95900 0.73989 1.79956
v 0.95900 0.73989 1.79956
v 0.95900 0.73642 1.82415
v 0.95000 0.73723 1.79926
v 0.95900 0.73642 1.82415
v 0.95000 0.73378 1.82370
v 0.95000 0.73723 1.79926
v 0.95000 0.73723 1.79926
v 0.95000 0.73378 1.82370
v -0.95000 0.73723 1.79926
v 0.95000 0.73378 1.82370
v -0.95000 0.73378 1.82370
v -0.95000 0.73723 1.79926
v -0.95000 0.73723 1.79926
v -0.95000 0.73378 1.82370
v -0.95900 0.73989 1.79956
v -0.95000 0.73378 1.82370
v -0.95900 0.73642 1.82415
v -0.95900 0.73989 1.79956
v -0.95900 0.73989 1.79956
v -0.95900 0.73642 1.82415
v -0.96559 0.74717 1.80038
v -0.95900 0.73642 1.82415
v -0.96559 0.74364 1.82538
v -0.96559 0.74717 1.80038
v -0.96559 0.74717 1.80038
v -0.96559 0.74364 1.82538
v -0.96800 0.75711 1.80150
v -0.96559 0.74364 1.82538
v -0.96800 0.75350 1.82705
v -0.96800 0.75711 1.80150
v 0.96800 0.75350 1.82705
v 0.96800 0.74847 1.85236
v 0.96559 0.74364 1.82538
v 0.96800 0.74847 1.85236
v 0.96559 0.73871 1.85013
v 0.96559 0.74364 1.82538
v 0.96559 0.74364 1.82538
v 0.96559 0.73871 1.85013
v 0.95900 0.73642 1.82415
v 0.96559 0.73871 1.85013
v 0.95900 0.73157 1.84850
v 0.95900 0.73642 1.82415
v 0.95900 0.73642 1.82415
v 0.95900 0.73157 1.84850
v 0.95000 0.73378 1.82370
v 0.95900 0.73157 1.84850
v 0.95000 0.72896 1.84791
v 0.95000 0.73378 1.82370
v 0.95000 0.73378 1.82370
v 0.95000 0.72896 1.84791
v -0.95000 0.73378 1.82370
v 0.95000 0.72896 1.84791
v -0.95000 0.72896 1.84791
v -0.95000 0.73378 1.82370
v -0.95000 0.73378 1.82370
v -0.95000 0.72896 1.84791
v -0.95900 0.73642 1.82415
v -0.95000 0.72896 1.84791
v -0.95900 0.73157 1.84850
v -0.95900 0.73642 1.82415
v -0.95900 0.73642 1.82415
v -0.95900 0.73157 1.84850
v -0.96559 0.74364 1.82538
v -0.95900 0.73157 1.84850
v -0.96559 0.73871 1.85013
v -0.96559 0.74364 1.82538
v -0.96559 0.74364 1.82538
v -0.96559 0.73871 1.85013
v -0.96800 0.75350 1.82705
v -0.96559 0.73871 1.85013
v -0.96800 0.74847 1.85236
v -0.96800 0.75350 1.82705
v 0.96800 0.74847 1.85236
v 0.96800 0.74202 1.87734
v 0.96559 0.73871 1.85013
v 0.96800 0.74202 1.87734
v 0.96559 0.73241 1.87457
v 0.96559 0.73871 1.85013
v 0.96559 0.73871 1.85013
v 0.96559 0.73241 1.87457
v 0.95900 0.73157 1.84850
v 0.96559 0.73241 1.87457
v 0.95900 0.72537 1.87255
v 0.95900 0.73157 1.84850
v 0.95900 0.73157 1.84850
v 0.95900 0.72537 1.87255
v 0.95000 0.72896 1.84791
v 0.95900 0.72537 1.87255
v 0.95000 0.72280 1.87181
v 0.95000 0.72896 1.84791
v 0.95000 0.72896 1.84791
v 0.95000 0.72280 1.87181
v -0.95000 0.72896 1.84791
v 0.95000 0.72280 1.87181
v -0.95000 0.72280 1.87181
v -0.95000 0.72896 1.84791
v -0.95000 0.72896 1.84791
v -0.95000 0.72280 1.87181
v -0.95900 0.73157 1.84850
v -0.95000 0.72280 1.87181
v -0.95900 0.72537 1.87255
v -0.95900 0.73157 1.84850
v -0.95900 0.73157 1.84850
v -0.95900 0.72537 1.87255
v -0.96559 0.73871 1.85013
v -0.95900 0.72537 1.87255
v -0.96559 0.73241 1.87457
v -0.96559 0.73871 1.85013
v -0.96559 0.73871 1.85013
v -0.96559 0.73241 1.87457
v -0.96800 0.74847 1.85236
v -0.96559 0.73241 1.87457
v -0.96800 0.74202 1.87734
v -0.96800 0.74847 1.85236
v 0.96800 0.74202 1.87734
v 0.96800 0.73419 1.90193
v 0.96559 0.73241 1.87457
v 0.96800 0.73419 1.90193
v 0.96559 0.72474 1.89862
v 0.96559 0.73241 1.87457
v 0.96559 0.73241 1.87457
v 0.96559 0.72474 1.89862
v 0.95900 0.72537 1.87255
v 0.96559 0.72474 1.89862
v 0.95900 0.71783 1.89621
v 0.95900 0.72537 1.87255
v 0.95900 0.72537 1.87255
v 0.95900 0.71783 1.89621
v 0.95000 0.72280 1.87181
v 0.95900 0.71783 1.89621
v 0.95000 0.71530 1.89532
v 0.95000 0.72280 1.87181
v 0.95000 0.72280 1.87181
v 0.95000 0.71530 1.89532
v -0.95000 0.72280 1.87181
v 0.95000 0.71530 1.89532
v -0.95000 0.71530 1.89532
v -0.95000 0.72280 1.87181
v -0.95000 0.72280 1.87181
v -0.95000 0.71530 1.89532
v -0.95900 0.72537 1.87255
v -0.95000 0.71530 1.89532
v -0.95900 0.71783 1.89621
v -0.95900 0.72537 1.87255
v -0.95900 0.72537 1.87255
v -0.95900 0.71783 1.89621
v -0.96559 0.73241 1.87457
v -0.95900 0.71783 1.89621
v -0.96559 0.72474 1.89862
v -0.96559 0.73241 1.87457
v -0.96559 0.73241 1.87457
v -0.96559 0.72474 1.89862
v -0.96800 0.74202 1.87734
v -0.96559 0.72474 1.89862
v -0.96800 0.73419 1.90193
v -0.96800 0.74202 1.87734
v 0.96800 0.73419 1.90193
v 0.96800 0.72498 1.92603
v 0.96559 0.72474 1.89862
v 0.96800 0.72498 1.92603
v 0.96559 0.71574 1.92221
v 0.96559 0.72474 1.89862
v 0.96559 0.72474 1.89862
v 0.96559 0.71574 1.92221
v 0.95900 0.71783 1.89621
v 0.96559 0.71574 1.92221
v 0.95900 0.70898 1.91940
v 0.95900 0.71783 1.89621
v 0.95900 0.71783 1.89621
v 0.95900 0.70898 1.91940
v 0.95000 0.71530 1.89532
v 0.95900 0.70898 1.91940
v 0.95000 0.70650 1.91838
v 0.95000 0.71530 1.89532
v 0.95000 0.71530 1.89532
v 0.95000 0.70650 1.91838
v -0.95000 0.71530 1.89532
v 0.95000 0.70650 1.91838
v -0.95000 0.70650 1.91838
v -0.95000 0.71530 1.89532
v -0.95000 0.71530 1.89532
v -0.95000 0.70650 1.91838
v -0.95900 0.71783 1.89621
v -0.95000 0.70650 1.91838
v -0.95900 0.70898 1.91940
v -0.95900 0.71783 1.89621
v -0.95900 0.71783 1.89621
v -0.95900 0.70898 1.91940
v -0.96559 0.72474 1.89862
v -0.95900 0.70898 1.91940
v -0.96559 0.71574 1.92221
v -0.96559 0.72474 1.89862
v -0.96559 0.72474 1.89862
v -0.96559 0.71574 1.92221
v -0.96800 0.73419 1.90193
v -0.96559 0.71574 1.92221
v -0.96800 0.72498 1.92603
v -0.96800 0.73419 1.90193
v 0.96800 0.72498 1.92603
v 0.96800 0.71445 1.94959
v 0.96559 0.71574 1.92221
v 0.96800 0.71445 1.94959
v 0.96559 0.70543 1.94525
v 0.96559 0.71574 1.92221
v 0.96559 0.71574 1.92221
v 0.96559 0.70543 1.94525
v 0.95900 0.70898 1.91940
v 0.96559 0.70543 1.94525
v 0.95900 0.69883 1.94207
v 0.95900 0.70898 1.91940
v 0.95900 0.70898 1.91940
v 0.95900 0.69883 1.94207
v 0.95000 0.70650 1.91838
v 0.95900 0.69883 1.94207
v 0.95000 0.69642 1.94091
v 0.95000 0.70650 1.91838
v 0.95000 0.70650 1.91838
v 0.95000 0.69642 1.94091
v -0.95000 0.70650 1.91838
v 0.95000 0.69642 1.94091
v -0.95000 0.69642 1.94091
v -0.95000 0.70650 1.91838
v -0.95000 0.70650 1.91838
v -0.95000 0.69642 1.94091
v -0.95900 0.70898 1.91940
v -0.95000 0.69642 1.94091
v -0.95900 0.69883 1.94207
v -0.95900 0.70898 1.91940
v -0.95900 0.70898 1.91940
v -0.95900 0.69883 1.94207
v -0.96559 0.71574 1.92221
v -0.95900 0.69883 1.94207
v -0.96559 0.70543 1.94525
v -0.96559 0.71574 1.92221
v -0.96559 0.71574 1.92221
v -0.96559 0.70543 1.94525
v -0.96800 0.72498 1.92603
v -0.96559 0.70543 1.94525
v -0.96800 0.71445 1.94959
v -0.96800 0.72498 1.92603
v 0.96800 0.71445 1.94959
v 0.96800 0.70260 1.97251
v 0.96559 0.70543 1.94525
v 0.96800 0.70260 1.97251
v 0.96559 0.69385 1.96767
v 0.96559 0.70543 1.94525
v 0.96559 0.70543 1.94525
v 0.96559 0.69385 1.96767
v 0.95900 0.69883 1.94207
v 0.96559 0.69385 1.96767
v 0.95900 0.68744 1.96413
v 0.95900 0.69883 1.94207
v 0.95900 0.69883 1.94207
v 0.95900 0.68744 1.96413
v 0.95000 0.69642 1.94091
v 0.95900 0.68744 1.96413
v 0.95000 0.68509 1.96283
v 0.95000 0.69642 1.94091
v 0.95000 0.69642 1.94091
v 0.95000 0.68509 1.96283
v -0.95000 0.69642 1.94091
v 0.95000 0.68509 1.96283
v -0.95000 0.68509 1.96283
v -0.95000 0.69642 1.94091
v -0.95000 0.69642 1.94091
v -0.95000 0.68509 1.96283
v -0.95900 0.69883 1.94207
v -0.95000 0.68509 1.96283
v -0.95900 0.68744 1.96413
v -0.95900 0.69883 1.94207
v -0.95900 0.69883 1.94207
v -0.95900 0.68744 1.96413
v -0.96559 0.70543 1.94525
v -0.95900 0.68744 1.96413
v -0.96559 0.69385 1.96767
v -0.96559 0.70543 1.94525
v -0.96559 0.70543 1.94525
v -0.96559 0.69385 1.96767
v -0.96800 0.71445 1.94959
v -0.96559 0.69385 1.96767
v -0.96800 0.70260 1.97251
v -0.96800 0.71445 1.94959
v 0.96800 0.70260 1.97251
v 0.96800 0.68949 1.99473
v 0.96559 0.69385 1.96767
v 0.96800 0.68949 1.99473
v 0.96559 0.68102 1.98941
v 0.96559 0.69385 1.96767
v 0.96559 0.69385 1.96767
v 0.96559 0.68102 1.98941
v 0.95900 0.68744 1.96413
v 0.96559 0.68102 1.98941
v 0.95900 0.67482 1.98552
v 0.95900 0.68744 1.96413
v 0.95900 0.68744 1.96413
v 0.95900 0.67482 1.98552
v 0.95000 0.68509 1.96283
v 0.95900 0.67482 1.98552
v 0.95000 0.67255 1.98409
v 0.95000 0.68509 1.96283
v 0.95000 0.68509 1.96283
v 0.95000 0.67255 1.98409
v -0.95000 0.68509 1.96283
v 0.95000 0.67255 1.98409
v -0.95000 0.67255 1.98409
v -0.95000 0.68509 1.96283
v -0.95000 0.68509 1.96283
v -0.95000 0.67255 1.98409
v -0.95900 0.68744 1.96413
v -0.95000 0.67255 1.98409
v -0.95900 0.67482 1.98552
v -0.95900 0.68744 1.96413
v -0.95900 0.68744 1.96413
v -0.95900 0.67482 1.98552
v -0.96559 0.69385 1.96767
v -0.95900 0.67482 1.98552
v -0.96559 0.68102 1.98941
v -0.96559 0.69385 1.96767
v -0.96559 0.69385 1.96767
v -0.96559 0.68102 1.98941
v -0.96800 0.70260 1.97251
v -0.96559 0.68102 1.98941
v -0.96800 0.68949 1.99473
v -0.96800 0.70260 1.97251
v 0.96800 0.68949 1.99473
v 0.96800 0.67516 2.01619
v 0.96559 0.68102 1.98941
v 0.96800 0.67516 2.01619
v 0.96559 0.66700 2.01040
v 0.96559 0.68102 1.98941
v 0.96559 0.68102 1.98941
v 0.96559 0.66700 2.01040
v 0.95900 0.67482 1.98552
v 0.96559 0.66700 2.01040
v 0.95900 0.66103 2.00616
v 0.95900 0.67482 1.98552
v 0.95900 0.67482 1.98552
v 0.95900 0.66103 2.00616
v 0.95000 0.67255 1.98409
v 0.95900 0.66103 2.00616
v 0.95000 0.65884 2.00461
v 0.95000 0.67255 1.98409
v 0.95000 0.67255 1.98409
v 0.95000 0.65884 2.00461
v -0.95000 0.67255 1.98409
v 0.95000 0.65884 2.00461
v -0.95000 0.65884 2.00461
v -0.95000 0.67255 1.98409
v -0.95000 0.67255 1.98409
v -0.95000 0.65884 2.00461
v -0.95900 0.67482 1.98552
v -0.95000 0.65884 2.00461
v -0.95900 0.66103 2.00616
v -0.95900 0.67482 1.98552
v -0.95900 0.67482 1.98552
v -0.95900 0.66103 2.00616
v -0.96559 0.68102 1.98941
v -0.95900 0.66103 2.00616
v -0.96559 0.66700 2.01040
v -0.96559 0.68102 1.98941
v -0.96559 0.68102 1.98941
v -0.96559 0.66700 2.01040
v -0.96800 0.68949 1.99473
v -0.96559 0.66700 2.01040
v -0.96800 0.67516 2.01619
v -0.96800 0.68949 1.99473
v 0.96800 0.67516 2.01619
v 0.96800 0.65964 2.03681
v 0.96559 0.66700 2.01040
v 0.96800 0.65964 2.03681
v 0.96559 0.65182 2.03057
v 0.96559 0.66700 2.01040
v 0.96559 0.66700 2.01040
v 0.96559 0.65182 2.03057
v 0.95900 0.66103 2.00616
v 0.96559 0.65182 2.03057
v 0.95900 0.64610 2.02600
v 0.95900 0.66103 2.00616
v 0.95900 0.66103 2.00616
v 0.95900 0.64610 2.02600
v 0.95000 0.65884 2.00461
v 0.95900 0.64610 2.02600
v 0.95000 0.64400 2.02433
v 0.95000 0.65884 2.00461
v 0.95000 0.65884 2.00461
v 0.95000 0.64400 2.02433
v -0.95000 0.65884 2.00461
v 0.95000 0.64400 2.02433
v -0.95000 0.64400 2.02433
v -0.95000 0.65884 2.00461
v -0.95000 0.65884 2.00461
v -0.95000 0.64400 2.02433
v -0.95900 0.66103 2.00616
v -0.95000 0.64400 2.02433
v -0.95900 0.64610 2.02600
v -0.95900 0.66103 2.00616
v -0.95900 0.66103 2.00616
v -0.95900 0.64610 2.02600
v -0.96559 0.66700 2.01040
v -0.95900 0.64610 2.02600
v -0.96559 0.65182 2.03057
v -0.96559 0.66700 2.01040
v -0.96559 0.66700 2.01040
v -0.96559 0.65182 2.03057
v -0.96800 0.67516 2.01619
v -0.96559 0.65182 2.03057
v -0.96800 0.65964 2.03681
v -0.96800 0.67516 2.01619
v 0.96800 0.65964 2.03681
v 0.96800 0.64300 2.05652
v 0.96559 0.65182 2.03057
v 0.96800 0.64300 2.05652
v 0.96559 0.63554 2.04985
v 0.96559 0.65182 2.03057
v 0.96559 0.65182 2.03057
v 0.96559 0.63554 2.04985
v 0.95900 0.64610 2.02600
v 0.96559 0.63554 2.04985
v 0.95900 0.63008 2.04497
v 0.95900 0.64610 2.02600
v 0.95900 0.64610 2.02600
v 0.95900 0.63008 2.04497
v 0.95000 0.64400 2.02433
v 0.95900 0.63008 2.04497
v 0.95000 0.62808 2.04319
v 0.95000 0.64400 2.02433
v 0.95000 0.64400 2.02433
v 0.95000 0.62808 2.04319
v -0.95000 0.64400 2.02433
v 0.95000 0.62808 2.04319
v -0.95000 0.62808 2.04319
v -0.95000 0.64400 2.02433
v -0.95000 0.64400 2.02433
v -0.95000 0.62808 2.04319
v -0.95900 0.64610 2.02600
v -0.95000 0.62808 2.04319
v -0.95900 0.63008 2.04497
v -0.95900 0.64610 2.02600
v -0.95900 0.64610 2.02600
v -0.95900 0.63008 2.04497
v -0.96559 0.65182 2.03057
v -0.95900 0.63008 2.04497
v -0.96559 0.63554 2.04985
v -0.96559 0.65182 2.03057
v -0.96559 0.65182 2.03057
v -0.96559 0.63554 2.04985
v -0.96800 0.65964 2.03681
v -0.96559 0.63554 2.04985
v -0.96800 0.64300 2.05652
v -0.96800 0.65964 2.03681
v 0.96800 0.64300 2.05652
v 0.96800 0.62527 2.07527
v 0.96559 0.63554 2.04985
v 0.96800 0.62527 2.07527
v 0.96559 0.61820 2.06820
v 0.96559 0.63554 2.04985
v 0.96559 0.63554 2.04985
v 0.96559 0.61820 2.06820
v 0.95900 0.63008 2.04497
v 0.96559 0.61820 2.06820
v 0.95900 0.61302 2.06302
v 0.95900 0.63008 2.04497
v 0.95900 0.63008 2.04497
v 0.95900 0.61302 2.06302
v 0.95000 0.62808 2.04319
v 0.95900 0.61302 2.06302
v 0.95000 0.61112 2.06112
v 0.95000 0.62808 2.04319
v 0.95000 0.62808 2.04319
v 0.95000 0.61112 2.06112
v -0.95000 0.62808 2.04319
v 0.95000 0.61112 2.06112
v -0.95000 0.61112 2.06112
v -0.95000 0.62808 2.04319
v -0.95000 0.62808 2.04319
v -0.95000 0.61112 2.06112
v -0.95900 0.63008 2.04497
v -0.95000 0.61112 2.06112
v -0.95900 0.61302 2.06302
v -0.95900 0.63008 2.04497
v -0.95900 0.63008 2.04497
v -0.95900 0.61302 2.06302
v -0.96559 0.63554 2.04985
v -0.95900 0.61302 2.06302
v -0.96559 0.61820 2.06820
v -0.96559 0.63554 2.04985
v -0.96559 0.63554 2.04985
v -0.96559 0.61820 2.06820
v -0.96800 0.64300 2.05652
v -0.96559 0.61820 2.06820
v -0.96800 0.62527 2.07527
v -0.96800 0.64300 2.05652
v 0.96800 0.62527 2.07527
v 0.96800 0.60652 2.09300
v 0.96559 0.61820 2.06820
v 0.96800 0.60652 2.09300
v 0.96559 0.59985 2.08554
v 0.96559 0.61820 2.06820
v 0.96559 0.61820 2.06820
v 0.96559 0.59985 2.08554
v 0.95900 0.61302 2.06302
v 0.96559 0.59985 2.08554
v 0.95900 0.59497 2.08008
v 0.95900 0.61302 2.06302
v 0.95900 0.61302 2.06302
v 0.95900 0.59497 2.08008
v 0.95000 0.61112 2.06112
v 0.95900 0.59497 2.08008
v 0.95000 0.59319 2.07808
v 0.95000 0.61112 2.06112
v 0.95000 0.61112 2.06112
v 0.95000 0.59319 2.07808
v -0.95000 0.61112 2.06112
v 0.95000 0.59319 2.07808
v -0.95000 0.59319 2.07808
v -0.95000 0.61112 2.06112
v -0.95000 0.61112 2.06112
v -0.95000 0.59319 2.07808
v -0.95900 0.61302 2.06302
v -0.95000 0.59319 2.07808
v -0.95900 0.59497 2.08008
v -0.95900 0.61302 2.06302
v -0.95900 0.61302 2.06302
v -0.95900 0.59497 2.08008
v -0.96559 0.61820 2.06820
v -0.95900 0.59497 2.08008
v -0.96559 0.59985 2.08554
v -0.96559 0.61820 2.06820
v -0.96559 0.61820 2.06820
v -0.96559 0.59985 2.08554
v -0.96800 0.62527 2.07527
v -0.96559 0.59985 2.08554
v -0.96800 0.60652 2.09300
v -0.96800 0.62527 2.07527
v 0.96800 0.60652 2.09300
v 0.96800 0.58681 2.10964
v 0.96559 0.59985 2.08554
v 0.96800 0.58681 2.10964
v 0.96559 0.58057 2.10182
v 0.96559 0.59985 2.08554
v 0.96559 0.59985 2.08554
v 0.96559 0.58057 2.10182
v 0.95900 0.59497 2.08008
v 0.96559 0.58057 2.10182
v 0.95900 0.57600 2.09610
v 0.95900 0.59497 2.08008
v 0.95900 0.59497 2.08008
v 0.95900 0.57600 2.09610
v 0.95000 0.59319 2.07808
v 0.95900 0.57600 2.09610
v 0.95000 0.57433 2.09400
v 0.95000 0.59319 2.07808
v 0.95000 0.59319 2.07808
v 0.95000 0.57433 2.09400
v -0.95000 0.59319 2.07808
v 0.95000 0.57433 2.09400
v -0.95000 0.57433 2.09400
v -0.95000 0.59319 2.07808
v -0.95000 0.59319 2.07808
v -0.95000 0.57433 2.09400
v -0.95900 0.59497 2.08008
v -0.95000 0.57433 2.09400
v -0.95900 0.57600 2.09610
v -0.95900 0.59497 2.08008
v -0.95900 0.59497 2.08008
v -0.95900 0.57600 2.09610
v -0.96559 0.59985 2.08554
v -0.95900 0.57600 2.09610
v -0.96559 0.58057 2.10182
v -0.96559 0.59985 2.08554
v -0.96559 0.59985 2.08554
v -0.96559 0.58057 2.10182
v -0.96800 0.60652 2.09300
v -0.96559 0.58057 2.10182
v -0.96800 0.58681 2.10964
v -0.96800 0.60652 2.09300
v 0.96800 0.58681 2.10964
v 0.96800 0.56619 2.12516
v 0.96559 0.58057 2.10182
v 0.96800 0.56619 2.12516
v 0.96559 0.56040 2.11700
v 0.96559 0.58057 2.10182
v 0.96559 0.58057 2.10182
v 0.96559 0.56040 2.11700
v 0.95900 0.57600 2.09610
v 0.96559 0.56040 2.11700
v 0.95900 0.55616 2.11103
v 0.95900 0.57600 2.09610
v 0.95900 0.57600 2.09610
v 0.95900 0.55616 2.11103
v 0.95000 0.57433 2.09400
v 0.95900 0.55616 2.11103
v 0.95000 0.55461 2.10884
v 0.95000 0.57433 2.09400
v 0.95000 0.57433 2.09400
v 0.95000 0.55461 2.10884
v -0.95000 0.57433 2.09400
v 0.95000 0.55461 2.10884
v -0.95000 0.55461 2.10884
v -0.95000 0.57433 2.09400
v -0.95000 0.57433 2.09400
v -0.95000 0.55461 2.10884
v -0.95900 0.57600 2.09610
v -0.95000 0.55461 2.10884
v -0.95900 0.55616 2.11103
v -0.95900 0.57600 2.09610
v -0.95900 0.57600 2.09610
v -0.95900 0.55616 2.11103
v -0.96559 0.58057 2.10182
v -0.95900 0.55616 2.11103
v -0.96559 0.56040 2.11700
v -0.96559 0.58057 2.10182
v -0.96559 0.58057 2.10182
v -0.96559 0.56040 2.11700
v -0.96800 0.58681 2.10964
v -0.96559 0.56040 2.11700
v -0.96800 0.56619 2.12516
v -0.96800 0.58681 2.10964
v 0.96800 0.56619 2.12516
v 0.96800 0.54473 2.13949
v 0.96559 0.56040 2.11700
v 0.96800 0.54473 2.13949
v 0.96559 0.53941 2.13102
v 0.96559 0.56040 2.11700
v 0.96559 0.56040 2.11700
v 0.96559 0.53941 2.13102
v 0.95900 0.55616 2.11103
v 0.96559 0.53941 2.13102
v 0.95900 0.53552 2.12482
v 0.95900 0.55616 2.11103
v 0.95900 0.55616 2.11103
v 0.95900 0.53552 2.12482
v 0.95000 0.55461 2.10884
v 0.95900 0.53552 2.12482
v 0.95000 0.53409 2.12255
v 0.95000 0.55461 2.10884
v 0.95000 0.55461 2.10884
v 0.95000 0.53409 2.12255
v -0.95000 0.55461 2.10884
v 0.95000 0.53409 2.12255
v -0.95000 0.53409 2.12255
v -0.95000 0.55461 2.10884
v -0.95000 0.55461 2.10884
v -0.95000 0.53409 2.12255
v -0.95900 0.55616 2.11103
v -0.95000 0.53409 2.12255
v -0.95900 0.53552 2.12482
v -0.95900 0.55616 2.11103
v -0.95900 0.55616 2.11103
v -0.95900 0.53552 2.12482
v -0.96559 0.56040 2.11700
v -0.95900 0.53552 2.12482
v -0.96559 0.53941 2.13102
v -0.96559 0.56040 2.11700
v -0.96559 0.56040 2.11700
v -0.96559 0.53941 2.13102
v -0.96800 0.56619 2.12516
v -0.96559 0.53941 2.13102
v -0.96800 0.54473 2.13949
v -0.96800 0.56619 2.12516
v 0.96800 0.54473 2.13949
v 0.96800 0.52251 2.15260
v 0.96559 0.53941 2.13102
v 0.96800 0.52251 2.15260
v 0.96559 0.51767 2.14385
v 0.96559 0.53941 2.13102
v 0.96559 0.53941 2.13102
v 0.96559 0.51767 2.14385
v 0.95900 0.53552 2.12482
v 0.96559 0.51767 2.14385
v 0.95900 0.51413 2.13744
v 0.95900 0.53552 2.12482
v 0.95900 0.53552 2.12482
v 0.95900 0.51413 2.13744
v 0.95000 0.53409 2.12255
v 0.95900 0.51413 2.13744
v 0.95000 0.51283 2.13509
v 0.95000 0.53409 2.12255
v 0.95000 0.53409 2.12255
v 0.95000 0.51283 2.13509
v -0.95000 0.53409 2.12255
v 0.95000 0.51283 2.13509
v -0.95000 0.51283 2.13509
v -0.95000 0.53409 2.12255
v -0.95000 0.53409 2.12255
v -0.95000 0.51283 2.13509
v -0.95900 0.53552 2.12482
v -0.95000 0.51283 2.13509
v -0.95900 0.51413 2.13744
v -0.95900 0.53552 2.12482
v -0.95900 0.53552 2.12482
v -0.95900 0.51413 2.13744
v -0.96559 0.53941 2.13102
v -0.95900 0.51413 2.13744
v -0.96559 0.51767 2.14385
v -0.96559 0.53941 2.13102
v -0.96559 0.53941 2.13102
v -0.96559 0.51767 2.14385
v -0.96800 0.54473 2.13949
v -0.96559 0.51767 2.14385
v -0.96800 0.52251 2.15260
v -0.96800 0.54473 2.13949
v 0.96800 0.52251 2.15260
v 0.96800 0.49959 2.16445
v 0.96559 0.51767 2.14385
v 0.96800 0.49959 2.16445
v 0.96559 0.49525 2.15543
v 0.96559 0.51767 2.14385
v 0.96559 0.51767 2.14385
v 0.96559 0.49525 2.15543
v 0.95900 0.51413 2.13744
v 0.96559 0.49525 2.15543
v 0.95900 0.49207 2.14883
v 0.95900 0.51413 2.13744
v 0.95900 0.51413 2.13744
v 0.95900 0.49207 2.14883
v 0.95000 0.51283 2.13509
v 0.95900 0.49207 2.14883
v 0.95000 0.49091 2.14642
v 0.95000 0.51283 2.13509
v 0.95000 0.51283 2.13509
v 0.95000 0.49091 2.14642
v -0.95000 0.51283 2.13509
v 0.95000 0.49091 2.14642
v -0.95000 0.49091 2.14642
v -0.95000 0.51283 2.13509
v -0.95000 0.51283 2.13509
v -0.95000 0.49091 2.14642
v -0.95900 0.51413 2.13744
v -0.95000 0.49091 2.14642
v -0.95900 0.49207 2.14883
v -0.95900 0.51413 2.13744
v -0.95900 0.51413 2.13744
v -0.95900 0.49207 2.14883
v -0.96559 0.51767 2.14385
v -0.95900 0.49207 2.14883
v -0.96559 0.49525 2.15543
v -0.96559 0.51767 2.14385
v -0.96559 0.51767 2.14385
v -0.96559 0.49525 2.15543
v -0.96800 0.52251 2.15260
v -0.96559 0.49525 2.15543
v -0.96800 0.49959 2.16445
v -0.96800 0.52251 2.15260
v 0.96800 0.49959 2.16445
v 0.96800 0.47603 2.17498
v 0.96559 0.49525 2.15543
v 0.96800 0.47603 2.17498
v 0.96559 0.47221 2.16574
v 0.96559 0.49525 2.15543
v 0.96559 0.49525 2.15543
v 0.96559 0.47221 2.16574
v 0.95900 0.49207 2.14883
v 0.96559 0.47221 2.16574
v 0.95900 0.46940 2.15898
v 0.95900 0.49207 2.14883
v 0.95900 0.49207 2.14883
v 0.95900 0.46940 2.15898
v 0.95000 0.49091 2.14642
v 0.95900 0.46940 2.15898
v 0.95000 0.46838 2.15650
v 0.95000 0.49091 2.14642
v 0.95000 0.49091 2.14642
v 0.95000 0.46838 2.15650
v -0.95000 0.49091 2.14642
v 0.95000 0.46838 2.15650
v -0.95000 0.46838 2.15650
v -0.95000 0.49091 2.14642
v -0.95000 0.49091 2.14642
v -0.95000 0.46838 2.15650
v -0.95900 0.49207 2.14883
v -0.95000 0.46838 2.15650
v -0.95900 0.46940 2.15898
v -0.95900 0.49207 2.14883
v -0.95900 0.49207 2.14883
v -0.95900 0.46940 2.15898
v -0.96559 0.49525 2.15543
v -0.95900 0.46940 2.15898
v -0.96559 0.47221 2.16574
v -0.96559 0.49525 2.15543
v -0.96559 0.49525 2.15543
v -0.96559 0.47221 2.16574
v -0.96800 0.49959 2.16445
v -0.96559 0.47221 2.16574
v -0.96800 0.47603 2.17498
v -0.96800 0.49959 2.16445
v 0.96800 0.47603 2.17498
v 0.96800 0.45193 2.18419
v 0.96559 0.47221 2.16574
v 0.96800 0.45193 2.18419
v 0.96559 0.44862 2.17474
v 0.96559 0.47221 2.16574
v 0.96559 0.47221 2.16574
v 0.96559 0.44862 2.17474
v 0.95900 0.46940 2.15898
v 0.96559 0.44862 2.17474
v 0.95900 0.44621 2.16783
v 0.95900 0.46940 2.15898
v 0.95900 0.46940 2.15898
v 0.95900 0.44621 2.16783
v 0.95000 0.46838 2.15650
v 0.95900 0.44621 2.16783
v 0.95000 0.44532 2.16530
v 0.95000 0.46838 2.15650
v 0.95000 0.46838 2.15650
v 0.95000 0.44532 2.16530
v -0.95000 0.46838 2.15650
v 0.95000 0.44532 2.16530
v -0.95000 0.44532 2.16530
v -0.95000 0.46838 2.15650
v -0.95000 0.46838 2.15650
v -0.95000 0.44532 2.16530
v -0.95900 0.46940 2.15898
v -0.95000 0.44532 2.16530
v -0.95900 0.44621 2.16783
v -0.95900 0.46940 2.15898
v -0.95900 0.46940 2.15898
v -0.95900 0.44621 2.16783
v -0.96559 0.47221 2.16574
v -0.95900 0.44621 2.16783
v -0.96559 0.44862 2.17474
v -0.96559 0.47221 2.16574
v -0.96559 0.47221 2.16574
v -0.96559 0.44862 2.17474
v -0.96800 0.47603 2.17498
v -0.96559 0.44862 2.17474
v -0.96800 0.45193 2.18419
v -0.96800 0.47603 2.17498
v 0.96800 0.45193 2.18419
v 0.96800 0.42734 2.19202
v 0.96559 0.44862 2.17474
v 0.96800 0.42734 2.19202
v 0.96559 0.42457 2.18241
v 0.96559 0.44862 2.17474
v 0.96559 0.44862 2.17474
v 0.96559 0.42457 2.18241
v 0.95900 0.44621 2.16783
v 0.96559 0.42457 2.18241
v 0.95900 0.42255 2.17537
v 0.95900 0.44621 2.16783
v 0.95900 0.44621 2.16783
v 0.95900 0.42255 2.17537
v 0.95000 0.44532 2.16530
v 0.95900 0.42255 2.17537
v 0.95000 0.42181 2.17280
v 0.95000 0.44532 2.16530
v 0.95000 0.44532 2.16530
v 0.95000 0.42181 2.17280
v -0.95000 0.44532 2.16530
v 0.95000 0.42181 2.17280
v -0.95000 0.42181 2.17280
v -0.95000 0.44532 2.16530
v -0.95000 0.44532 2.16530
v -0.95000 0.42181 2.17280
v -0.95900 0.44621 2.16783
v -0.95000 0.42181 2.17280
v -0.95900 0.42255 2.17537
v -0.95900 0.44621 2.16783
v -0.95900 0.44621 2.16783
v -0.95900 0.42255 2.17537
v -0.96559 0.44862 2.17474
v -0.95900 0.42255 2.17537
v -0.96559 0.42457 2.18241
v -0.96559 0.44862 2.17474
v -0.96559 0.44862 2.17474
v -0.96559 0.42457 2.18241
v -0.96800 0.45193 2.18419
v -0.96559 0.42457 2.18241
v -0.96800 0.42734 2.19202
v -0.96800 0.45193 2.18419
v 0.96800 0.42734 2.19202
v 0.96800 0.40236 2.19847
v 0.96559 0.42457 2.18241
v 0.96800 0.40236 2.19847
v 0.96559 0.40013 2.18871
v 0.96559 0.42457 2.18241
v 0.96559 0.42457 2.18241
v 0.96559 0.40013 2.18871
v 0.95900 0.42255 2.17537
v 0.96559 0.40013 2.18871
v 0.95900 0.39850 2.18157
v 0.95900 0.42255 2.17537
v 0.95900 0.42255 2.17537
v 0.95900 0.39850 2.18157
v 0.95000 0.42181 2.17280
v 0.95900 0.39850 2.18157
v 0.95000 0.39791 2.17896
v 0.95000 0.42181 2.17280
v 0.95000 0.42181 2.17280
v 0.95000 0.39791 2.17896
v -0.95000 0.42181 2.17280
v 0.95000 0.39791 2.17896
v -0.95000 0.39791 2.17896
v -0.95000 0.42181 2.17280
v -0.95000 0.42181 2.17280
v -0.95000 0.39791 2.17896
v -0.95900 0.42255 2.17537
v -0.95000 0.39791 2.17896
v -0.95900 0.39850 2.18157
v -0.95900 0.42255 2.17537
v -0.95900 0.42255 2.17537
v -0.95900 0.39850 2.18157
v -0.96559 0.42457 2.18241
v -0.95900 0.39850 2.18157
v -0.96559 0.40013 2.18871
v -0.96559 0.42457 2.18241
v -0.96559 0.42457 2.18241
v -0.96559 0.40013 2.18871
v -0.96800 0.42734 2.19202
v -0.96559 0.40013 2.18871
v -0.96800 0.40236 2.19847
v -0.96800 0.42734 2.19202
v 0.96800 0.40236 2.19847
v 0.96800 0.37705 2.20350
v 0.96559 0.40013 2.18871
v 0.96800 0.37705 2.20350
v 0.96559 0.37538 2.19364
v 0.96559 0.40013 2.18871
v 0.96559 0.40013 2.18871
v 0.96559 0.37538 2.19364
v 0.95900 0.39850 2.18157
v 0.96559 0.37538 2.19364
v 0.95900 0.37415 2.18642
v 0.95900 0.39850 2.18157
v 0.95900 0.39850 2.18157
v 0.95900 0.37415 2.18642
v 0.95000 0.39791 2.17896
v 0.95900 0.37415 2.18642
v 0.95000 0.37370 2.18378
v 0.95000 0.39791 2.17896
v 0.95000 0.39791 2.17896
v 0.95000 0.37370 2.18378
v -0.95000 0.39791 2.17896
v 0.95000 0.37370 2.18378
v -0.95000 0.37370 2.18378
v -0.95000 0.39791 2.17896
v -0.95000 0.39791 2.17896
v -0.95000 0.37370 2.18378
v -0.95900 0.39850 2.18157
v -0.95000 0.37370 2.18378
v -0.95900 0.37415 2.18642
v -0.95900 0.39850 2.18157
v -0.95900 0.39850 2.18157
v -0.95900 0.37415 2.18642
v -0.96559 0.40013 2.18871
v -0.95900 0.37415 2.18642
v -0.96559 0.37538 2.19364
v -0.96559 0.40013 2.18871
v -0.96559 0.40013 2.18871
v -0.96559 0.37538 2.19364
v -0.96800 0.40236 2.19847
v -0.96559 0.37538 2.19364
v -0.96800 0.37705 2.20350
v -0.96800 0.40236 2.19847
v 0.96800 0.37705 2.20350
v 0.96800 0.35150 2.20711
v 0.96559 0.37538 2.19364
v 0.96800 0.35150 2.20711
v 0.96559 0.35038 2.19717
v 0.96559 0.37538 2.19364
v 0.96559 0.37538 2.19364
v 0.96559 0.35038 2.19717
v 0.95900 0.37415 2.18642
v 0.96559 0.35038 2.19717
v 0.95900 0.34956 2.18989
v 0.95900 0.37415 2.18642
v 0.95900 0.37415 2.18642
v 0.95900 0.34956 2.18989
v 0.95000 0.37370 2.18378
v 0.95900 0.34956 2.18989
v 0.95000 0.34926 2.18723
v 0.95000 0.37370 2.18378
v 0.95000 0.37370 2.18378
v 0.95000 0.34926 2.18723
v -0.95000 0.37370 2.18378
v 0.95000 0.34926 2.18723
v -0.95000 0.34926 2.18723
v -0.95000 0.37370 2.18378
v -0.95000 0.37370 2.18378
v -0.95000 0.34926 2.18723
v -0.95900 0.37415 2.18642
v -0.95000 0.34926 2.18723
v -0.95900 0.34956 2.18989
v -0.95900 0.37415 2.18642
v -0.95900 0.37415 2.18642
v -0.95900 0.34956 2.18989
v -0.96559 0.37538 2.19364
v -0.95900 0.34956 2.18989
v -0.96559 0.35038 2.19717
v -0.96559 0.37538 2.19364
v -0.96559 0.37538 2.19364
v -0.96559 0.35038 2.19717
v -0.96800 0.37705 2.20350
v -0.96559 0.35038 2.19717
v -0.96800 0.35150 2.20711
v -0.96800 0.37705 2.20350
v 0.96800 0.35150 2.20711
v 0.96800 0.32579 2.20928
v 0.96559 0.35038 2.19717
v 0.96800 0.32579 2.20928
v 0.96559 0.32523 2.19929
v 0.96559 0.35038 2.19717
v 0.96559 0.35038 2.19717
v 0.96559 0.32523 2.19929
v 0.95900 0.34956 2.18989
v 0.96559 0.32523 2.19929
v 0.95900 0.32482 2.19198
v 0.95900 0.34956 2.18989
v 0.95900 0.34956 2.18989
v 0.95900 0.32482 2.19198
v 0.95000 0.34926 2.18723
v 0.95900 0.32482 2.19198
v 0.95000 0.32467 2.18930
v 0.95000 0.34926 2.18723
v 0.95000 0.34926 2.18723
v 0.95000 0.32467 2.18930
v -0.95000 0.34926 2.18723
v 0.95000 0.32467 2.18930
v -0.95000 0.32467 2.18930
v -0.95000 0.34926 2.18723
v -0.95000 0.34926 2.18723
v -0.95000 0.32467 2.18930
v -0.95900 0.34956 2.18989
v -0.95000 0.32467 2.18930
v -0.95900 0.32482 2.19198
v -0.95900 0.34956 2.18989
v -0.95900 0.34956 2.18989
v -0.95900 0.32482 2.19198
v -0.96559 0.35038 2.19717
v -0.95900 0.32482 2.19198
v -0.96559 0.32523 2.19929
v -0.96559 0.35038 2.19717
v -0.96559 0.35038 2.19717
v -0.96559 0.32523 2.19929
v -0.96800 0.35150 2.20711
v -0.96559 0.32523 2.19929
v -0.96800 0.32579 2.20928
v -0.96800 0.35150 2.20711
v 0.96800 0.32579 2.20928
v 0.96800 0.30000 2.21000
v 0.96559 0.32523 2.19929
v 0.96800 0.30000 2.21000
v 0.96559 0.29000 2.20028
v 0.96559 0.32523 2.19929
v 0.96559 0.32523 2.19929
v 0.96559 0.29000 2.20028
v 0.95900 0.32482 2.19198
v 0.96559 0.29000 2.20028
v 0.95900 0.28268 2.19316
v 0.95900 0.32482 2.19198
v 0.95900 0.32482 2.19198
v 0.95900 0.28268 2.19316
v 0.95000 0.32467 2.18930
v 0.95900 0.28268 2.19316
v 0.95000 0.28000 2.19055
v 0.95000 0.32467 2.18930
v 0.95000 0.32467 2.18930
v 0.95000 0.28000 2.19055
v -0.95000 0.32467 2.18930
v 0.95000 0.28000 2.19055
v -0.95000 0.28000 2.19055
v -0.95000 0.32467 2.18930
v -0.95000 0.32467 2.18930
v -0.95000 0.28000 2.19055
v -0.95900 0.32482 2.19198
v -0.95000 0.28000 2.19055
v -0.95900 0.28268 2.19316
v -0.95900 0.32482 2.19198
v -0.95900 0.32482 2.19198
v -0.95900 0.28268 2.19316
v -0.96559 0.32523 2.19929
v -0.95900 0.28268 2.19316
v -0.96559 0.29000 2.20028
v -0.96559 0.32523 2.19929
v -0.96559 0.32523 2.19929
v -0.96559 0.29000 2.20028
v -0.96800 0.32579 2.20928
v -0.96559 0.29000 2.20028
v -0.96800 0.30000 2.21000
v -0.96800 0.32579 2.20928
v 0.96800 0.30000 2.21000
v 0.96800 0.30000 2.68000
v 0.96559 0.29000 2.20028
v 0.96800 0.30000 2.68000
v 0.96559 0.29000 2.68387
v 0.96559 0.29000 2.20028
v 0.96559 0.29000 2.20028
v 0.96559 0.29000 2.68387
v 0.95900 0.28268 2.19316
v 0.96559 0.29000 2.68387
v 0.95900 0.28268 2.68670
v 0.95900 0.28268 2.19316
v 0.95900 0.28268 2.19316
v 0.95900 0.28268 2.68670
v 0.95000 0.28000 2.19055
v 0.95900 0.28268 2.68670
v 0.95000 0.28000 2.68773
v 0.95000 0.28000 2.19055
v 0.95000 0.28000 2.19055
v 0.95000 0.28000 2.68773
v -0.95000 0.28000 2.19055
v 0.95000 0.28000 2.68773
v -0.95000 0.28000 2.68773
v -0.95000 0.28000 2.19055
v -0.95000 0.28000 2.19055
v -0.95000 0.28000 2.68773
v -0.95900 0.28268 2.19316
v -0.95000 0.28000 2.68773
v -0.95900 0.28268 2.68670
v -0.95900 0.28268 2.19316
v -0.95900 0.28268 2.19316
v -0.95900 0.28268 2.68670
v -0.96559 0.29000 2.20028
v -0.95900 0.28268 2.68670
v -0.96559 0.29000 2.68387
v -0.96559 0.29000 2.20028
v -0.96559 0.29000 2.20028
v -0.96559 0.29000 2.68387
v -0.96800 0.30000 2.21000
v -0.96559 0.29000 2.68387
v -0.96800 0.30000 2.68000
v -0.96800 0.30000 2.21000
v 0.96800 0.30000 2.68000
v 0.96800 0.40000 2.79000
v 0.96559 0.29000 2.68387
v 0.96800 0.40000 2.79000
v 0.96559 0.39558 2.80000
v 0.96559 0.29000 2.68387
v 0.96559 0.29000 2.68387
v 0.96559 0.39558 2.80000
v 0.95900 0.28268 2.68670
v 0.96559 0.39558 2.80000
v 0.95900 0.39234 2.80732
v 0.95900 0.28268 2.68670
v 0.95900 0.28268 2.68670
v 0.95900 0.39234 2.80732
v 0.95000 0.28000 2.68773
v 0.95900 0.39234 2.80732
v 0.95000 0.39115 2.81000
v 0.95000 0.28000 2.68773
v 0.95000 0.28000 2.68773
v 0.95000 0.39115 2.81000
v -0.95000 0.28000 2.68773
v 0.95000 0.39115 2.81000
v -0.95000 0.39115 2.81000
v -0.95000 0.28000 2.68773
v -0.95000 0.28000 2.68773
v -0.95000 0.39115 2.81000
v -0.95900 0.28268 2.68670
v -0.95000 0.39115 2.81000
v -0.95900 0.39234 2.80732
v -0.95900 0.28268 2.68670
v -0.95900 0.28268 2.68670
v -0.95900 0.39234 2.80732
v -0.96559 0.29000 2.68387
v -0.95900 0.39234 2.80732
v -0.96559 0.39558 2.80000
v -0.96559 0.29000 2.68387
v -0.96559 0.29000 2.68387
v -0.96559 0.39558 2.80000
v -0.96800 0.30000 2.68000
v -0.96559 0.39558 2.80000
v -0.96800 0.40000 2.79000
v -0.96800 0.30000 2.68000
v 0.96800 0.40000 2.79000
v 0.96800 0.60000 2.79000
v 0.96559 0.39558 2.80000
v 0.96800 0.60000 2.79000
v 0.96559 0.60170 2.80000
v 0.96559 0.39558 2.80000
v 0.96559 0.39558 2.80000
v 0.96559 0.60170 2.80000
v 0.95900 0.39234 2.80732
v 0.96559 0.60170 2.80000
v 0.95900 0.60294 2.80732
v 0.95900 0.39234 2.80732
v 0.95900 0.39234 2.80732
v 0.95900 0.60294 2.80732
v 0.95000 0.39115 2.81000
v 0.95900 0.60294 2.80732
v 0.95000 0.60340 2.81000
v 0.95000 0.39115 2.81000
v 0.95000 0.39115 2.81000
v 0.95000 0.60340 2.81000
v -0.95000 0.39115 2.81000
v 0.95000 0.60340 2.81000
v -0.95000 0.60340 2.81000
v -0.95000 0.39115 2.81000
v -0.95000 0.39115 2.81000
v -0.95000 0.60340 2.81000
v -0.95900 0.39234 2.80732
v -0.95000 0.60340 2.81000
v -0.95900 0.60294 2.80732
v -0.95900 0.39234 2.80732
v -0.95900 0.39234 2.80732
v -0.95900 0.60294 2.80732
v -0.96559 0.39558 2.80000
v -0.95900 0.60294 2.80732
v -0.96559 0.60170 2.80000
v -0.96559 0.39558 2.80000
v -0.96559 0.39558 2.80000
v -0.96559 0.60170 2.80000
v -0.96800 0.40000 2.79000
v -0.96559 0.60170 2.80000
v -0.96800 0.60000 2.79000
v -0.96800 0.40000 2.79000
v 0.96800 0.60000 2.79000
v 0.96800 0.80000 2.72000
v 0.96559 0.60170 2.80000
v 0.96800 0.80000 2.72000
v 0.96559 0.80933 2.72733
v 0.96559 0.60170 2.80000
v 0.96559 0.60170 2.80000
v 0.96559 0.80933 2.72733
v 0.95900 0.60294 2.80732
v 0.96559 0.80933 2.72733
v 0.95900 0.81615 2.73270
v 0.95900 0.60294 2.80732
v 0.95900 0.60294 2.80732
v 0.95900 0.81615 2.73270
v 0.95000 0.60340 2.81000
v 0.95900 0.81615 2.73270
v 0.95000 0.81865 2.73466
v 0.95000 0.60340 2.81000
v 0.95000 0.60340 2.81000
v 0.95000 0.81865 2.73466
v -0.95000 0.60340 2.81000
v 0.95000 0.81865 2.73466
v -0.95000 0.81865 2.73466
v -0.95000 0.60340 2.81000
v -0.95000 0.60340 2.81000
v -0.95000 0.81865 2.73466
v -0.95900 0.60294 2.80732
v -0.95000 0.81865 2.73466
v -0.95900 0.81615 2.73270
v -0.95900 0.60294 2.80732
v -0.95900 0.60294 2.80732
v -0.95900 0.81615 2.73270
v -0.96559 0.60170 2.80000
v -0.95900 0.81615 2.73270
v -0.96559 0.80933 2.72733
v -0.96559 0.60170 2.80000
v -0.96559 0.60170 2.80000
v -0.96559 0.80933 2.72733
v -0.96800 0.60000 2.79000
v -0.96559 0.80933 2.72733
v -0.96800 0.80000 2.72000
v -0.96800 0.60000 2.79000
v 0.96800 0.80000 2.72000
v 0.96800 0.93000 1.40000
v 0.96559 0.80933 2.72733
v 0.96800 0.93000 1.40000
v 0.96559 0.93991 1.40140
v 0.96559 0.80933 2.72733
v 0.96559 0.80933 2.72733
v 0.96559 0.93991 1.40140
v 0.95900 0.81615 2.73270
v 0.96559 0.93991 1.40140
v 0.95900 0.94717 1.40242
v 0.95900 0.81615 2.73270
v 0.95900 0.81615 2.73270
v 0.95900 0.94717 1.40242
v 0.95000 0.81865 2.73466
v 0.95900 0.94717 1.40242
v 0.95000 0.94982 1.40280
v 0.95000 0.81865 2.73466
v 0.95000 0.81865 2.73466
v 0.95000 0.94982 1.40280
v -0.95000 0.81865 2.73466
v 0.95000 0.94982 1.40280
v -0.95000 0.94982 1.40280
v -0.95000 0.81865 2.73466
v -0.95000 0.81865 2.73466
v -0.95000 0.94982 1.40280
v -0.95900 0.81615 2.73270
v -0.95000 0.94982 1.40280
v -0.95900 0.94717 1.40242
v -0.95900 0.81615 2.73270
v -0.95900 0.81615 2.73270
v -0.95900 0.94717 1.40242
v -0.96559 0.80933 2.72733
v -0.95900 0.94717 1.40242
v -0.96559 0.93991 1.40140
v -0.96559 0.80933 2.72733
v -0.96559 0.80933 2.72733
v -0.96559 0.93991 1.40140
v -0.96800 0.80000 2.72000
v -0.96559 0.93991 1.40140
v -0.96800 0.93000 1.40000
v -0.96800 0.80000 2.72000
v 0.96800 0.93000 1.40000
v 0.96800 1.00000 1.02000
v 0.96559 0.93991 1.40140
v 0.96800 1.00000 1.02000
v 0.96559 1.00999 1.02099
v 0.96559 0.93991 1.40140
v 0.96559 0.93991 1.40140
v 0.96559 1.00999 1.02099
v 0.95900 0.94717 1.40242
v 0.96559 1.00999 1.02099
v 0.95900 1.01730 1.02171
v 0.95900 0.94717 1.40242
v 0.95900 0.94717 1.40242
v 0.95900 1.01730 1.02171
v 0.95000 0.94982 1.40280
v 0.95900 1.01730 1.02171
v 0.95000 1.01997 1.02198
v 0.95000 0.94982 1.40280
v 0.95000 0.94982 1.40280
v 0.95000 1.01997 1.02198
v -0.95000 0.94982 1.40280
v 0.95000 1.01997 1.02198
v -0.95000 1.01997 1.02198
v -0.95000 0.94982 1.40280
v -0.95000 0.94982 1.40280
v -0.95000 1.01997 1.02198
v -0.95900 0.94717 1.40242
v -0.95000 1.01997 1.02198
v -0.95900 1.01730 1.02171
v -0.95900 0.94717 1.40242
v -0.95900 0.94717 1.40242
v -0.95900 1.01730 1.02171
v -0.96559 0.93991 1.40140
v -0.95900 1.01730 1.02171
v -0.96559 1.00999 1.02099
v -0.96559 0.93991 1.40140
v -0.96559 0.93991 1.40140
v -0.96559 1.00999 1.02099
v -0.96800 0.93000 1.40000
v -0.96559 1.00999 1.02099
v -0.96800 1.00000 1.02000
v -0.96800 0.93000 1.40000
v 0.96800 1.00000 1.02000
v 0.96800 1.04000 -1.58000
v 0.96559 1.00999 1.02099
v 0.96800 1.04000 -1.58000
v 0.96559 1.05000 -1.58014
v 0.96559 1.00999 1.02099
v 0.96559 1.00999 1.02099
v 0.96559 1.05000 -1.58014
v 0.95900 1.01730 1.02171
v 0.96559 1.05000 -1.58014
v 0.95900 1.05733 -1.58024
v 0.95900 1.01730 1.02171
v 0.95900 1.01730 1.02171
v 0.95900 1.05733 -1.58024
v 0.95000 1.01997 1.02198
v 0.95900 1.05733 -1.58024
v 0.95000 1.06001 -1.58028
v 0.95000 1.01997 1.02198
v 0.95000 1.01997 1.02198
v 0.95000 1.06001 -1.58028
v -0.95000 1.01997 1.02198
v 0.95000 1.06001 -1.58028
v -0.95000 1.06001 -1.58028
v -0.95000 1.01997 1.02198
v -0.95000 1.01997 1.02198
v -0.95000 1.06001 -1.58028
v -0.95900 1.01730 1.02171
v -0.95000 1.06001 -1.58028
v -0.95900 1.05733 -1.58024
v -0.95900 1.01730 1.02171
v -0.95900 1.01730 1.02171
v -0.95900 1.05733 -1.58024
v -0.96559 1.00999 1.02099
v -0.95900 1.05733 -1.58024
v -0.96559 1.05000 -1.58014
v -0.96559 1.00999 1.02099
v -0.96559 1.00999 1.02099
v -0.96559 1.05000 -1.58014
v -0.96800 1.00000 1.02000
v -0.96559 1.05000 -1.58014
v -0.96800 1.04000 -1.58000
v -0.96800 1.00000 1.02000
v 0.96800 1.04000 -1.58000
v 0.96800 1.00000 -2.50000
v 0.96559 1.05000 -1.58014
v 0.96800 1.00000 -2.50000
v 0.96559 1.00990 -2.50256
v 0.96559 1.05000 -1.58014
v 0.96559 1.05000 -1.58014
v 0.96559 1.00990 -2.50256
v 0.95900 1.05733 -1.58024
v 0.96559 1.00990 -2.50256
v 0.95900 1.01714 -2.50444
v 0.95900 1.05733 -1.58024
v 0.95900 1.05733 -1.58024
v 0.95900 1.01714 -2.50444
v 0.95000 1.06001 -1.58028
v 0.95900 1.01714 -2.50444
v 0.95000 1.01980 -2.50513
v 0.95000 1.06001 -1.58028
v 0.95000 1.06001 -1.58028
v 0.95000 1.01980 -2.50513
v -0.95000 1.06001 -1.58028
v 0.95000 1.01980 -2.50513
v -0.95000 1.01980 -2.50513
v -0.95000 1.06001 -1.58028
v -0.95000 1.06001 -1.58028
v -0.95000 1.01980 -2.50513
v -0.95900 1.05733 -1.58024
v -0.95000 1.01980 -2.50513
v -0.95900 1.01714 -2.50444
v -0.95900 1.05733 -1.58024
v -0.95900 1.05733 -1.58024
v -0.95900 1.01714 -2.50444
v -0.96559 1.05000 -1.58014
v -0.95900 1.01714 -2.50444
v -0.96559 1.00990 -2.50256
v -0.96559 1.05000 -1.58014
v -0.96559 1.05000 -1.58014
v -0.96559 1.00990 -2.50256
v -0.96800 1.04000 -1.58000
v -0.96559 1.00990 -2.50256
v -0.96800 1.00000 -2.50000
v -0.96800 1.04000 -1.58000
v 0.96800 1.00000 -2.50000
v 0.96800 0.90000 -2.70000
v 0.96559 1.00990 -2.50256
v 0.96800 0.90000 -2.70000
v 0.96559 0.90638 -2.70960
v 0.96559 1.00990 -2.50256
v 0.96559 1.00990 -2.50256
v 0.96559 0.90638 -2.70960
v 0.95900 1.01714 -2.50444
v 0.96559 0.90638 -2.70960
v 0.95900 0.91105 -2.71662
v 0.95900 1.01714 -2.50444
v 0.95900 1.01714 -2.50444
v 0.95900 0.91105 -2.71662
v 0.95000 1.01980 -2.50513
v 0.95900 0.91105 -2.71662
v 0.95000 0.91276 -2.71919
v 0.95000 1.01980 -2.50513
v 0.95000 1.01980 -2.50513
v 0.95000 0.91276 -2.71919
v -0.95000 1.01980 -2.50513
v 0.95000 0.91276 -2.71919
v -0.95000 0.91276 -2.71919
v -0.95000 1.01980 -2.50513
v -0.95000 1.01980 -2.50513
v -0.95000 0.91276 -2.71919
v -0.95900 1.01714 -2.50444
v -0.95000 0.91276 -2.71919
v -0.95900 0.91105 -2.71662
v -0.95900 1.01714 -2.50444
v -0.95900 1.01714 -2.50444
v -0.95900 0.91105 -2.71662
v -0.96559 1.00990 -2.50256
v -0.95900 0.91105 -2.71662
v -0.96559 0.90638 -2.70960
v -0.96559 1.00990 -2.50256
v -0.96559 1.00990 -2.50256
v -0.96559 0.90638 -2.70960
v -0.96800 1.00000 -2.50000
v -0.96559 0.90638 -2.70960
v -0.96800 0.90000 -2.70000
v -0.96800 1.00000 -2.50000
v 0.96800 0.90000 -2.70000
v 0.96800 0.60000 -2.72000
v 0.96559 0.90638 -2.70960
v 0.96800 0.60000 -2.72000
v 0.96559 0.60033 -2.73000
v 0.96559 0.90638 -2.70960
v 0.96559 0.90638 -2.70960
v 0.96559 0.60033 -2.73000
v 0.95900 0.91105 -2.71662
v 0.96559 0.60033 -2.73000
v 0.95900 0.60058 -2.73732
v 0.95900 0.91105 -2.71662
v 0.95900 0.91105 -2.71662
v 0.95900 0.60058 -2.73732
v 0.95000 0.91276 -2.71919
v 0.95900 0.60058 -2.73732
v 0.95000 0.60067 -2.74000
v 0.95000 0.91276 -2.71919
v 0.95000 0.91276 -2.71919
v 0.95000 0.60067 -2.74000
v -0.95000 0.91276 -2.71919
v 0.95000 0.60067 -2.74000
v -0.95000 0.60067 -2.74000
v -0.95000 0.91276 -2.71919
v -0.95000 0.91276 -2.71919
v -0.95000 0.60067 -2.74000
v -0.95900 0.91105 -2.71662
v -0.95000 0.60067 -2.74000
v -0.95900 0.60058 -2.73732
v -0.95900 0.91105 -2.71662
v -0.95900 0.91105 -2.71662
v -0.95900 0.60058 -2.73732
v -0.96559 0.90638 -2.70960
v -0.95900 0.60058 -2.73732
v -0.96559 0.60033 -2.73000
v -0.96559 0.90638 -2.70960
v -0.96559 0.90638 -2.70960
v -0.96559 0.60033 -2.73000
v -0.96800 0.90000 -2.70000
v -0.96559 0.60033 -2.73000
v -0.96800 0.60000 -2.72000
v -0.96800 0.90000 -2.70000
v 0.96800 0.60000 -2.72000
v 0.96800 0.46000 -2.72000
v 0.96559 0.60033 -2.73000
v 0.96800 0.46000 -2.72000
v 0.96559 0.46000 -2.73000
v 0.96559 0.60033 -2.73000
v 0.96559 0.60033 -2.73000
v 0.96559 0.46000 -2.73000
v 0.95900 0.60058 -2.73732
v 0.96559 0.46000 -2.73000
v 0.95900 0.46000 -2.73732
v 0.95900 0.60058 -2.73732
v 0.95900 0.60058 -2.73732
v 0.95900 0.46000 -2.73732
v 0.95000 0.60067 -2.74000
v 0.95900 0.46000 -2.73732
v 0.95000 0.46000 -2.74000
v 0.95000 0.60067 -2.74000
v 0.95000 0.60067 -2.74000
v 0.95000 0.46000 -2.74000
v -0.95000 0.60067 -2.74000
v 0.95000 0.46000 -2.74000
v -0.95000 0.46000 -2.74000
v -0.95000 0.60067 -2.74000
v -0.95000 0.60067 -2.74000
v -0.95000 0.46000 -2.74000
v -0.95900 0.60058 -2.73732
v -0.95000 0.46000 -2.74000
v -0.95900 0.46000 -2.73732
v -0.95900 0.60058 -2.73732
v -0.95900 0.60058 -2.73732
v -0.95900 0.46000 -2.73732
v -0.96559 0.60033 -2.73000
v -0.95900 0.46000 -2.73732
v -0.96559 0.46000 -2.73000
v -0.96559 0.60033 -2.73000
v -0.96559 0.60033 -2.73000
v -0.96559 0.46000 -2.73000
v -0.96800 0.60000 -2.72000
v -0.96559 0.46000 -2.73000
v -0.96800 0.46000 -2.72000
v -0.96800 0.60000 -2.72000
v 0.96800 0.46000 -2.72000
v 0.96800 0.30000 -2.72000
v 0.96559 0.46000 -2.73000
v 0.96800 0.30000 -2.72000
v 0.96559 0.29000 -2.73000
v 0.96559 0.46000 -2.73000
v 0.96559 0.46000 -2.73000
v 0.96559 0.29000 -2.73000
v 0.95900 0.46000 -2.73732
v 0.96559 0.29000 -2.73000
v 0.95900 0.28268 -2.73732
v 0.95900 0.46000 -2.73732
v 0.95900 0.46000 -2.73732
v 0.95900 0.28268 -2.73732
v 0.95000 0.46000 -2.74000
v 0.95900 0.28268 -2.73732
v 0.95000 0.28000 -2.74000
v 0.95000 0.46000 -2.74000
v 0.95000 0.46000 -2.74000
v 0.95000 0.28000 -2.74000
v -0.95000 0.46000 -2.74000
v 0.95000 0.28000 -2.74000
v -0.95000 0.28000 -2.74000
v -0.95000 0.46000 -2.74000
v -0.95000 0.46000 -2.74000
v -0.95000 0.28000 -2.74000
v -0.95900 0.46000 -2.73732
v -0.95000 0.28000 -2.74000
v -0.95900 0.28268 -2.73732
v -0.95900 0.46000 -2.73732
v -0.95900 0.46000 -2.73732
v -0.95900 0.28268 -2.73732
v -0.96559 0.46000 -2.73000
v -0.95900 0.28268 -2.73732
v -0.96559 0.29000 -2.73000
v -0.96559 0.46000 -2.73000
v -0.96559 0.46000 -2.73000
v -0.96559 0.29000 -2.73000
v -0.96800 0.46000 -2.72000
v -0.96559 0.29000 -2.73000
v -0.96800 0.30000 -2.72000
v -0.96800 0.46000 -2.72000
f 1 2 3
f 4 5 6
f 7 8 9
f 10 11 12
f 13 14 15
f 16 17 18
f 19 20 21
f 22 23 24
f 25 26 27
f 28 29 30
f 31 32 33
f 34 35 36
f 37 38 39
f 40 41 42
f 43 44 45
f 46 47 48
f 49 50 51
f 52 53 54
f 55 56 57
f 58 59 60
f 61 62 63
f 64 65 66
f 67 68 69
f 70 71 72
f 73 74 75
f 76 77 78
f 79 80 81
f 82 83 84
f 85 86 87
f 88 89 90
f 91 92 93
f 94 95 96
f 97 98 99
f 100 101 102
f 103 104 105
f 106 107 108
f 109 110 111
f 112 113 114
f 115 116 117
f 118 119 120
f 121 122 123
f 124 125 126
f 127 128 129
f 130 131 132
f 133 134 135
f 136 137 138
f 139 140 141
f 142 143 144
f 145 146 147
f 148 149 150
f 151 152 153
f 154 155 156
f 157 158 159
f 160 161 162
f 163 164 165
f 166 167 168
f 169 170 171
f 172 173 174
f 175 176 177
f 178 179 180
f 181 182 183
f 184 185 186
f 187 188 189
f 190 191 192
f 193 194 195
f 196 197 198
f 199 200 201
f 202 203 204
f 205 206 207
f 208 209 210
f 211 212 213
f 214 215 216
f 217 218 219
f 220 221 222
f 223 224 225
f 226 227 228
f 229 230 231
f 232 233 234
f 235 236 237
f 238 239 240
f 241 242 243
f 244 245 246
f 247 248 249
f 250 251 252
f 253 254 255
f 256 257 258
f 259 260 261
f 262 263 264
f 265 266 267
f 268 269 270
f 271 272 273
f 274 275 276
f 277 278 279
f 280 281 282
f 283 284 285
f 286 287 288
f 289 290 291
f 292 293 294
f 295 296 297
f 298 299 300
f 301 302 303
f 304 305 306
f 307 308 309
f 310 311 312
f 313 314 315
f 316 317 318
f 319 320 321
f 322 323 324
f 325 326 327
f 328 329 330
f 331 332 333
f 334 335 336
f 337 338 339
f 340 341 342
f 343 344 345
f 346 347 348
f 349 350 351
f 352 353 354
f 355 356 357
f 358 359 360
f 361 362 363
f 364 365 366
f 367 368 369
f 370 371 372
f 373 374 375
f 376 377 378
f 379 380 381
f 382 383 384
f 385 386 387
f 388 389 390
f 391 392 393
f 394 395 396
f 397 398 399
f 400 401 402
f 403 404 405
f 406 407 408
f 409 410 411
f 412 413 414
f 415 416 417
f 418 419 420
f 421 422 423
f 424 425 426
f 427 428 429
f 430 431 432
f 433 434 435
f 436 437 438
f 439 440 441
f 442 443 444
f 445 446 447
f 448 449 450
f 451 452 453
f 454 455 456
f 457 458 459
f 460 461 462
f 463 464 465
f 466 467 468
f 469 470 471
f 472 473 474
f 475 476 477
f 478 479 480
f 481 482 483
f 484 485 486
f 487 488 489
f 490 491 492
f 493 494 495
f 496 497 498
f 499 500 501
f 502 503 504
f 505 506 507
f 508 509 510
f 511 512 513
f 514 515 516
f 517 518 519
f 520 521 522
f 523 524 525
f 526 527 528
f 529 530 531
f 532 533 534
f 535 536 537
f 538 539 540
f 541 542 543
f 544 545 546
f 547 548 549
f 550 551 552
f 553 554 555
f 556 557 558
f 559 560 561
f 562 563 564
f 565 566 567
f 568 569 570
f 571 572 573
f 574 575 576
f 577 578 579
f 580 581 582
f 583 584 585
f 586 587 588
f 589 590 591
f 592 593 594
f 595 596 597
f 598 599 600
f 601 602 603
f 604 605 606
f 607 608 609
f 610 611 612
f 613 614 615
f 616 617 618
f 619 620 621
f 622 623 624
f 625 626 627
f 628 629 630
f 631 632 633
f 634 635 636
f 637 638 639
f 640 641 642
f 643 644 645
f 646 647 648
f 649 650 651
f 652 653 654
f 655 656 657
f 658 659 660
f 661 662 663
f 664 665 666
f 667 668 669
f 670 671 672
f 673 674 675
f 676 677 678
f 679 680 681
f 682 683 684
f 685 686 687
f 688 689 690
f 691 692 693
f 694 695 696
f 697 698 699
f 700 701 702
f 703 704 705
f 706 707 708
f 709 710 711
f 712 713 714
f 715 716 717
f 718 719 720
f 721 722 723
f 724 725 726
f 727 728 729
f 730 731 732
f 733 734 735
f 736 737 738
f 739 740 741
f 742 743 744
f 745 746 747
f 748 749 750
f 751 752 753
f 754 755 756
f 757 758 759
f 760 761 762
f 763 764 765
f 766 767 768
f 769 770 771
f 772 773 774
f 775 776 777
f 778 779 780
f 781 782 783
f 784 785 786
f 787 788 789
f 790 791 792
f 793 794 795
f 796 797 798
f 799 800 801
f 802 803 804
f 805 806 807
f 808 809 810
f 811 812 813
f 814 815 816
f 817 818 819
f 820 821 822
f 823 824 825
f 826 827 828
f 829 830 831
f 832 833 834
f 835 836 837
f 838 839 840
f 841 842 843
f 844 845 846
f 847 848 849
f 850 851 852
f 853 854 855
f 856 857 858
f 859 860 861
f 862 863 864
f 865 866 867
f 868 869 870
f 871 872 873
f 874 875 876
f 877 878 879
f 880 881 882
f 883 884 885
f 886 887 888
f 889 890 891
f 892 893 894
f 895 896 897
f 898 899 900
f 901 902 903
f 904 905 906
f 907 908 909
f 910 911 912
f 913 914 915
f 916 917 918
f 919 920 921
f 922 923 924
f 925 926 927
f 928 929 930
f 931 932 933
f 934 935 936
f 937 938 939
f 940 941 942
f 943 944 945
f 946 947 948
f 949 950 951
f 952 953 954
f 955 956 957
f 958 959 960
f 961 962 963
f 964 965 966
f 967 968 969
f 970 971 972
f 973 974 975
f 976 977 978
f 979 980 981
f 982 983 984
f 985 986 987
f 988 989 990
f 991 992 993
f 994 995 996
f 997 998 999
f 1000 1001 1002
f 1003 1004 1005
f 1006 1007 1008
f 1009 1010 1011
f 1012 1013 1014
f 1015 1016 1017
f 1018 1019 1020
f 1021 1022 1023
f 1024 1025 1026
f 1027 1028 1029
f 1030 1031 1032
f 1033 1034 1035
f 1036 1037 1038
f 1039 1040 1041
f 1042 1043 1044
f 1045 1046 1047
f 1048 1049 1050
f 1051 1052 1053
f 1054 1055 1056
f 1057 1058 1059
f 1060 1061 1062
f 1063 1064 1065
f 1066 1067 1068
f 1069 1070 1071
f 1072 1073 1074
f 1075 1076 1077
f 1078 1079 1080
f 1081 1082 1083
f 1084 1085 1086
f 1087 1088 1089
f 1090 1091 1092
f 1093 1094 1095
f 1096 1097 1098
f 1099 1100 1101
f 1102 1103 1104
f 1105 1106 1107
f 1108 1109 1110
f 1111 1112 1113
f 1114 1115 1116
f 1117 1118 1119
f 1120 1121 1122
f 1123 1124 1125
f 1126 1127 1128
f 1129 1130 1131
f 1132 1133 1134
f 1135 1136 1137
f 1138 1139 1140
f 1141 1142 1143
f 1144 1145 1146
f 1147 1148 1149
f 1150 1151 1152
f 1153 1154 1155
f 1156 1157 1158
f 1159 1160 1161
f 1162 1163 1164
f 1165 1166 1167
f 1168 1169 1170
f 1171 1172 1173
f 1174 1175 1176
f 1177 1178 1179
f 1180 1181 1182
f 1183 1184 1185
f 1186 1187 1188
f 1189 1190 1191
f 1192 1193 1194
f 1195 1196 1197
f 1198 1199 1200
f 1201 1202 1203
f 1204 1205 1206
f 1207 1208 1209
f 1210 1211 1212
f 1213 1214 1215
f 1216 1217 1218
f 1219 1220 1221
f 1222 1223 1224
f 1225 1226 1227
f 1228 1229 1230
f 1231 1232 1233
f 1234 1235 1236
f 1237 1238 1239
f 1240 1241 1242
f 1243 1244 1245
f 1246 1247 1248
f 1249 1250 1251
f 1252 1253 1254
f 1255 1256 1257
f 1258 1259 1260
f 1261 1262 1263
f 1264 1265 1266
f 1267 1268 1269
f 1270 1271 1272
f 1273 1274 1275
f 1276 1277 1278
f 1279 1280 1281
f 1282 1283 1284
f 1285 1286 1287
f 1288 1289 1290
f 1291 1292 1293
f 1294 1295 1296
f 1297 1298 1299
f 1300 1301 1302
f 1303 1304 1305
f 1306 1307 1308
f 1309 1310 1311
f 1312 1313 1314
f 1315 1316 1317
f 1318 1319 1320
f 1321 1322 1323
f 1324 1325 1326
f 1327 1328 1329
f 1330 1331 1332
f 1333 1334 1335
f 1336 1337 1338
f 1339 1340 1341
f 1342 1343 1344
f 1345 1346 1347
f 1348 1349 1350
f 1351 1352 1353
f 1354 1355 1356
f 1357 1358 1359
f 1360 1361 1362
f 1363 1364 1365
f 1366 1367 1368
f 1369 1370 1371
f 1372 1373 1374
f 1375 1376 1377
f 1378 1379 1380
f 1381 1382 1383
f 1384 1385 1386
f 1387 1388 1389
f 1390 1391 1392
f 1393 1394 1395
f 1396 1397 1398
f 1399 1400 1401
f 1402 1403 1404
f 1405 1406 1407
f 1408 1409 1410
f 1411 1412 1413
f 1414 1415 1416
f 1417 1418 1419
f 1420 1421 1422
f 1423 1424 1425
f 1426 1427 1428
f 1429 1430 1431
f 1432 1433 1434
f 1435 1436 1437
f 1438 1439 1440
f 1441 1442 1443
f 1444 1445 1446
f 1447 1448 1449
f 1450 1451 1452
f 1453 1454 1455
f 1456 1457 1458
f 1459 1460 1461
f 1462 1463 1464
f 1465 1466 1467
f 1468 1469 1470
f 1471 1472 1473
f 1474 1475 1476
f 1477 1478 1479
f 1480 1481 1482
f 1483 1484 1485
f 1486 1487 1488
f 1489 1490 1491
f 1492 1493 1494
f 1495 1496 1497
f 1498 1499 1500
f 1501 1502 1503
f 1504 1505 1506
f 1507 1508 1509
f 1510 1511 1512
f 1513 1514 1515
f 1516 1517 1518
f 1519 1520 1521
f 1522 1523 1524
f 1525 1526 1527
f 1528 1529 1530
f 1531 1532 1533
f 1534 1535 1536
f 1537 1538 1539
f 1540 1541 1542
f 1543 1544 1545
f 1546 1547 1548
f 1549 1550 1551
f 1552 1553 1554
f 1555 1556 1557
f 1558 1559 1560
f 1561 1562 1563
f 1564 1565 1566
f 1567 1568 1569
f 1570 1571 1572
f 1573 1574 1575
f 1576 1577 1578
f 1579 1580 1581
f 1582 1583 1584
f 1585 1586 1587
f 1588 1589 1590
f 1591 1592 1593
f 1594 1595 1596
f 1597 1598 1599
f 1600 1601 1602
f 1603 1604 1605
f 1606 1607 1608
f 1609 1610 1611
f 1612 1613 1614
f 1615 1616 1617
f 1618 1619 1620
f 1621 1622 1623
f 1624 1625 1626
f 1627 1628 1629
f 1630 1631 1632
f 1633 1634 1635
f 1636 1637 1638
f 1639 1640 1641
f 1642 1643 1644
f 1645 1646 1647
f 1648 1649 1650
f 1651 1652 1653
f 1654 1655 1656
f 1657 1658 1659
f 1660 1661 1662
f 1663 1664 1665
f 1666 1667 1668
f 1669 1670 1671
f 1672 1673 1674
f 1675 1676 1677
f 1678 1679 1680
f 1681 1682 1683
f 1684 1685 1686
f 1687 1688 1689
f 1690 1691 1692
f 1693 1694 1695
f 1696 1697 1698
f 1699 1700 1701
f 1702 1703 1704
f 1705 1706 1707
f 1708 1709 1710
f 1711 1712 1713
f 1714 1715 1716
f 1717 1718 1719
f 1720 1721 1722
f 1723 1724 1725
f 1726 1727 1728
f 1729 1730 1731
f 1732 1733 1734
f 1735 1736 1737
f 1738 1739 1740
f 1741 1742 1743
f 1744 1745 1746
f 1747 1748 1749
f 1750 1751 1752
f 1753 1754 1755
f 1756 1757 1758
f 1759 1760 1761
f 1762 1763 1764
f 1765 1766 1767
f 1768 1769 1770
f 1771 1772 1773
f 1774 1775 1776
f 1777 1778 1779
f 1780 1781 1782
f 1783 1784 1785
f 1786 1787 1788
f 1789 1790 1791
f 1792 1793 1794
f 1795 1796 1797
f 1798 1799 1800
f 1801 1802 1803
f 1804 1805 1806
f 1807 1808 1809
f 1810 1811 1812
f 1813 1814 1815
f 1816 1817 1818
f 1819 1820 1821
f 1822 1823 1824
f 1825 1826 1827
f 1828 1829 1830
f 1831 1832 1833
f 1834 1835 1836
f 1837 1838 1839
f 1840 1841 1842
f 1843 1844 1845
f 1846 1847 1848
f 1849 1850 1851
f 1852 1853 1854
f 1855 1856 1857
f 1858 1859 1860
f 1861 1862 1863
f 1864 1865 1866
f 1867 1868 1869
f 1870 1871 1872
f 1873 1874 1875
f 1876 1877 1878
f 1879 1880 1881
f 1882 1883 1884
f 1885 1886 1887
f 1888 1889 1890
f 1891 1892 1893
f 1894 1895 1896
f 1897 1898 1899
f 1900 1901 1902
f 1903 1904 1905
f 1906 1907 1908
f 1909 1910 1911
f 1912 1913 1914
f 1915 1916 1917
f 1918 1919 1920
f 1921 1922 1923
f 1924 1925 1926
f 1927 1928 1929
f 1930 1931 1932
f 1933 1934 1935
f 1936 1937 1938
f 1939 1940 1941
f 1942 1943 1944
f 1945 1946 1947
f 1948 1949 1950
f 1951 1952 1953
f 1954 1955 1956
f 1957 1958 1959
f 1960 1961 1962
f 1963 1964 1965
f 1966 1967 1968
f 1969 1970 1971
f 1972 1973 1974
f 1975 1976 1977
f 1978 1979 1980
f 1981 1982 1983
f 1984 1985 1986
f 1987 1988 1989
f 1990 1991 1992
f 1993 1994 1995
f 1996 1997 1998
f 1999 2000 2001
f 2002 2003 2004
f 2005 2006 2007
f 2008 2009 2010
f 2011 2012 2013
f 2014 2015 2016
f 2017 2018 2019
f 2020 2021 2022
f 2023 2024 2025
f 2026 2027 2028
f 2029 2030 2031
f 2032 2033 2034
f 2035 2036 2037
f 2038 2039 2040
f 2041 2042 2043
f 2044 2045 2046
f 2047 2048 2049
f 2050 2051 2052
f 2053 2054 2055
f 2056 2057 2058
f 2059 2060 2061
f 2062 2063 2064
f 2065 2066 2067
f 2068 2069 2070
f 2071 2072 2073
f 2074 2075 2076
f 2077 2078 2079
f 2080 2081 2082
f 2083 2084 2085
f 2086 2087 2088
f 2089 2090 2091
f 2092 2093 2094
f 2095 2096 2097
f 2098 2099 2100
f 2101 2102 2103
f 2104 2105 2106
f 2107 2108 2109
f 2110 2111 2112
f 2113 2114 2115
f 2116 2117 2118
f 2119 2120 2121
f 2122 2123 2124
f 2125 2126 2127
f 2128 2129 2130
f 2131 2132 2133
f 2134 2135 2136
f 2137 2138 2139
f 2140 2141 2142
f 2143 2144 2145
f 2146 2147 2148
f 2149 2150 2151
f 2152 2153 2154
f 2155 2156 2157
f 2158 2159 2160
f 2161 2162 2163
f 2164 2165 2166
f 2167 2168 2169
f 2170 2171 2172
f 2173 2174 2175
f 2176 2177 2178
f 2179 2180 2181
f 2182 2183 2184
f 2185 2186 2187
f 2188 2189 2190
f 2191 2192 2193
f 2194 2195 2196
f 2197 2198 2199
f 2200 2201 2202
f 2203 2204 2205
f 2206 2207 2208
f 2209 2210 2211
f 2212 2213 2214
f 2215 2216 2217
f 2218 2219 2220
f 2221 2222 2223
f 2224 2225 2226
f 2227 2228 2229
f 2230 2231 2232
f 2233 2234 2235
f 2236 2237 2238
f 2239 2240 2241
f 2242 2243 2244
f 2245 2246 2247
f 2248 2249 2250
f 2251 2252 2253
f 2254 2255 2256
f 2257 2258 2259
f 2260 2261 2262
f 2263 2264 2265
f 2266 2267 2268
f 2269 2270 2271
f 2272 2273 2274
f 2275 2276 2277
f 2278 2279 2280
f 2281 2282 2283
f 2284 2285 2286
f 2287 2288 2289
f 2290 2291 2292
f 2293 2294 2295
f 2296 2297 2298
f 2299 2300 2301
f 2302 2303 2304
f 2305 2306 2307
f 2308 2309 2310
f 2311 2312 2313
f 2314 2315 2316
f 2317 2318 2319
f 2320 2321 2322
f 2323 2324 2325
f 2326 2327 2328
f 2329 2330 2331
f 2332 2333 2334
f 2335 2336 2337
f 2338 2339 2340
f 2341 2342 2343
f 2344 2345 2346
f 2347 2348 2349
f 2350 2351 2352
f 2353 2354 2355
f 2356 2357 2358
f 2359 2360 2361
f 2362 2363 2364
f 2365 2366 2367
f 2368 2369 2370
f 2371 2372 2373
f 2374 2375 2376
f 2377 2378 2379
f 2380 2381 2382
f 2383 2384 2385
f 2386 2387 2388
f 2389 2390 2391
f 2392 2393 2394
f 2395 2396 2397
f 2398 2399 2400
f 2401 2402 2403
f 2404 2405 2406
f 2407 2408 2409
f 2410 2411 2412
f 2413 2414 2415
f 2416 2417 2418
f 2419 2420 2421
f 2422 2423 2424
f 2425 2426 2427
f 2428 2429 2430
f 2431 2432 2433
f 2434 2435 2436
f 2437 2438 2439
f 2440 2441 2442
f 2443 2444 2445
f 2446 2447 2448
f 2449 2450 2451
f 2452 2453 2454
f 2455 2456 2457
f 2458 2459 2460
f 2461 2462 2463
f 2464 2465 2466
f 2467 2468 2469
f 2470 2471 2472
f 2473 2474 2475
f 2476 2477 2478
f 2479 2480 2481
f 2482 2483 2484
f 2485 2486 2487
f 2488 2489 2490
f 2491 2492 2493
f 2494 2495 2496
f 2497 2498 2499
f 2500 2501 2502
f 2503 2504 2505
f 2506 2507 2508
f 2509 2510 2511
f 2512 2513 2514
f 2515 2516 2517
f 2518 2519 2520
f 2521 2522 2523
f 2524 2525 2526
f 2527 2528 2529
f 2530 2531 2532
f 2533 2534 2535
f 2536 2537 2538
f 2539 2540 2541
f 2542 2543 2544
f 2545 2546 2547
f 2548 2549 2550
f 2551 2552 2553
f 2554 2555 2556
f 2557 2558 2559
f 2560 2561 2562
f 2563 2564 2565
f 2566 2567 2568
f 2569 2570 2571
f 2572 2573 2574
f 2575 2576 2577
f 2578 2579 2580
f 2581 2582 2583
f 2584 2585 2586
f 2587 2588 2589
f 2590 2591 2592
f 2593 2594 2595
f 2596 2597 2598
f 2599 2600 2601
f 2602 2603 2604
f 2605 2606 2607
f 2608 2609 2610
f 2611 2612 2613
f 2614 2615 2616
f 2617 2618 2619
f 2620 2621 2622
f 2623 2624 2625
f 2626 2627 2628
f 2629 2630 2631
f 2632 2633 2634
f 2635 2636 2637
f 2638 2639 2640
f 2641 2642 2643
f 2644 2645 2646
f 2647 2648 2649
f 2650 2651 2652
f 2653 2654 2655
f 2656 2657 2658
f 2659 2660 2661
f 2662 2663 2664
f 2665 2666 2667
f 2668 2669 2670
f 2671 2672 2673
f 2674 2675 2676
f 2677 2678 2679
f 2680 2681 2682
f 2683 2684 2685
f 2686 2687 2688
f 2689 2690 2691
f 2692 2693 2694
f 2695 2696 2697
f 2698 2699 2700
f 2701 2702 2703
f 2704 2705 2706
f 2707 2708 2709
f 2710 2711 2712
f 2713 2714 2715
f 2716 2717 2718
f 2719 2720 2721
f 2722 2723 2724
f 2725 2726 2727
f 2728 2729 2730
f 2731 2732 2733
f 2734 2735 2736
f 2737 2738 2739
f 2740 2741 2742
f 2743 2744 2745
f 2746 2747 2748
f 2749 2750 2751
f 2752 2753 2754
f 2755 2756 2757
f 2758 2759 2760
f 2761 2762 2763
f 2764 2765 2766
f 2767 2768 2769
f 2770 2771 2772
f 2773 2774 2775
f 2776 2777 2778
f 2779 2780 2781
f 2782 2783 2784
f 2785 2786 2787
f 2788 2789 2790
f 2791 2792 2793
f 2794 2795 2796
f 2797 2798 2799
f 2800 2801 2802
f 2803 2804 2805
f 2806 2807 2808
f 2809 2810 2811
f 2812 2813 2814
f 2815 2816 2817
f 2818 2819 2820
f 2821 2822 2823
f 2824 2825 2826
f 2827 2828 2829
f 2830 2831 2832
f 2833 2834 2835
f 2836 2837 2838
f 2839 2840 2841
f 2842 2843 2844
f 2845 2846 2847
f 2848 2849 2850
f 2851 2852 2853
f 2854 2855 2856
f 2857 2858 2859
f 2860 2861 2862
f 2863 2864 2865
f 2866 2867 2868
f 2869 2870 2871
f 2872 2873 2874
f 2875 2876 2877
f 2878 2879 2880
f 2881 2882 2883
f 2884 2885 2886
f 2887 2888 2889
f 2890 2891 2892
f 2893 2894 2895
f 2896 2897 2898
f 2899 2900 2901
f 2902 2903 2904
f 2905 2906 2907
f 2908 2909 2910
f 2911 2912 2913
f 2914 2915 2916
f 2917 2918 2919
f 2920 2921 2922
f 2923 2924 2925
f 2926 2927 2928
f 2929 2930 2931
f 2932 2933 2934
f 2935 2936 2937
f 2938 2939 2940
f 2941 2942 2943
f 2944 2945 2946
f 2947 2948 2949
f 2950 2951 2952
f 2953 2954 2955
f 2956 2957 2958
f 2959 2960 2961
f 2962 2963 2964
f 2965 2966 2967
f 2968 2969 2970
f 2971 2972 2973
f 2974 2975 2976
f 2977 2978 2979
f 2980 2981 2982
f 2983 2984 2985
f 2986 2987 2988
f 2989 2990 2991
f 2992 2993 2994
f 2995 2996 2997
f 2998 2999 3000
f 3001 3002 3003
f 3004 3005 3006
f 3007 3008 3009
f 3010 3011 3012
f 3013 3014 3015
f 3016 3017 3018
f 3019 3020 3021
f 3022 3023 3024
f 3025 3026 3027
f 3028 3029 3030
f 3031 3032 3033
f 3034 3035 3036
f 3037 3038 3039
f 3040 3041 3042
f 3043 3044 3045
f 3046 3047 3048
f 3049 3050 3051
f 3052 3053 3054
f 3055 3056 3057
f 3058 3059 3060
f 3061 3062 3063
f 3064 3065 3066
f 3067 3068 3069
f 3070 3071 3072
f 3073 3074 3075
f 3076 3077 3078
f 3079 3080 3081
f 3082 3083 3084
f 3085 3086 3087
f 3088 3089 3090
f 3091 3092 3093
f 3094 3095 3096
f 3097 3098 3099
f 3100 3101 3102
f 3103 3104 3105
f 3106 3107 3108
f 3109 3110 3111
f 3112 3113 3114
f 3115 3116 3117
f 3118 3119 3120
f 3121 3122 3123
f 3124 3125 3126
f 3127 3128 3129
f 3130 3131 3132
f 3133 3134 3135
f 3136 3137 3138
f 3139 3140 3141
f 3142 3143 3144
f 3145 3146 3147
f 3148 3149 3150
f 3151 3152 3153
f 3154 3155 3156
f 3157 3158 3159
f 3160 3161 3162
f 3163 3164 3165
f 3166 3167 3168
f 3169 3170 3171
f 3172 3173 3174
f 3175 3176 3177
f 3178 3179 3180
f 3181 3182 3183
f 3184 3185 3186
f 3187 3188 3189
f 3190 3191 3192
f 3193 3194 3195
f 3196 3197 3198
f 3199 3200 3201
f 3202 3203 3204
f 3205 3206 3207
f 3208 3209 3210
f 3211 3212 3213
f 3214 3215 3216
f 3217 3218 3219
f 3220 3221 3222
f 3223 3224 3225
f 3226 3227 3228
f 3229 3230 3231
f 3232 3233 3234
f 3235 3236 3237
f 3238 3239 3240
f 3241 3242 3243
f 3244 3245 3246
f 3247 3248 3249
f 3250 3251 3252
f 3253 3254 3255
f 3256 3257 3258
f 3259 3260 3261
f 3262 3263 3264
f 3265 3266 3267
f 3268 3269 3270
f 3271 3272 3273
f 3274 3275 3276
f 3277 3278 3279
f 3280 3281 3282
f 3283 3284 3285
f 3286 3287 3288
f 3289 3290 3291
f 3292 3293 3294
f 3295 3296 3297
f 3298 3299 3300
f 3301 3302 3303
f 3304 3305 3306
f 3307 3308 3309
f 3310 3311 3312
f 3313 3314 3315
f 3316 3317 3318
f 3319 3320 3321
f 3322 3323 3324
f 3325 3326 3327
f 3328 3329 3330
f 3331 3332 3333
f 3334 3335 3336
f 3337 3338 3339
f 3340 3341 3342
f 3343 3344 3345
f 3346 3347 3348
f 3349 3350 3351
f 3352 3353 3354
f 3355 3356 3357
f 3358 3359 3360
f 3361 3362 3363
f 3364 3365 3366
f 3367 3368 3369
f 3370 3371 3372
f 3373 3374 3375
f 3376 3377 3378
f 3379 3380 3381
f 3382 3383 3384
f 3385 3386 3387
f 3388 3389 3390
f 3391 3392 3393
f 3394 3395 3396
f 3397 3398 3399
f 3400 3401 3402
f 3403 3404 3405
f 3406 3407 3408
f 3409 3410 3411
f 3412 3413 3414
f 3415 3416 3417
f 3418 3419 3420
f 3421 3422 3423
f 3424 3425 3426
f 3427 3428 3429
f 3430 3431 3432
f 3433 3434 3435
f 3436 3437 3438
f 3439 3440 3441
f 3442 3443 3444
f 3445 3446 3447
f 3448 3449 3450
f 3451 3452 3453
f 3454 3455 3456
f 3457 3458 3459
f 3460 3461 3462
f 3463 3464 3465
f 3466 3467 3468
f 3469 3470 3471
f 3472 3473 3474
f 3475 3476 3477
f 3478 3479 3480
f 3481 3482 3483
f 3484 3485 3486
f 3487 3488 3489
f 3490 3491 3492
f 3493 3494 3495
f 3496 3497 3498
f 3499 3500 3501
f 3502 3503 3504
f 3505 3506 3507
f 3508 3509 3510
f 3511 3512 3513
f 3514 3515 3516
f 3517 3518 3519
f 3520 3521 3522
f 3523 3524 3525
f 3526 3527 3528
f 3529 3530 3531
f 3532 3533 3534
f 3535 3536 3537
f 3538 3539 3540
f 3541 3542 3543
f 3544 3545 3546
f 3547 3548 3549
f 3550 3551 3552
f 3553 3554 3555
f 3556 3557 3558
f 3559 3560 3561
f 3562 3563 3564
f 3565 3566 3567
f 3568 3569 3570
f 3571 3572 3573
f 3574 3575 3576
f 3577 3578 3579
f 3580 3581 3582
f 3583 3584 3585
f 3586 3587 3588
f 3589 3590 3591
f 3592 3593 3594
f 3595 3596 3597
f 3598 3599 3600
f 3601 3602 3603
f 3604 3605 3606
f 3607 3608 3609
f 3610 3611 3612
f 3613 3614 3615
f 3616 3617 3618
f 3619 3620 3621
f 3622 3623 3624
f 3625 3626 3627
f 3628 3629 3630
f 3631 3632 3633
f 3634 3635 3636
f 3637 3638 3639
f 3640 3641 3642
f 3643 3644 3645
f 3646 3647 3648
f 3649 3650 3651
f 3652 3653 3654
f 3655 3656 3657
f 3658 3659 3660
f 3661 3662 3663
f 3664 3665 3666
f 3667 3668 3669
f 3670 3671 3672
f 3673 3674 3675
f 3676 3677 3678
f 3679 3680 3681
f 3682 3683 3684
f 3685 3686 3687
f 3688 3689 3690
f 3691 3692 3693
f 3694 3695 3696
f 3697 3698 3699
f 3700 3701 3702
f 3703 3704 3705
f 3706 3707 3708
f 3709 3710 3711
f 3712 3713 3714
f 3715 3716 3717
f 3718 3719 3720
f 3721 3722 3723
f 3724 3725 3726
f 3727 3728 3729
f 3730 3731 3732
f 3733 3734 3735
f 3736 3737 3738
f 3739 3740 3741
f 3742 3743 3744
f 3745 3746 3747
f 3748 3749 3750
f 3751 3752 3753
f 3754 3755 3756
f 3757 3758 3759
f 3760 3761 3762
f 3763 3764 3765
f 3766 3767 3768
f 3769 3770 3771
f 3772 3773 3774
f 3775 3776 3777
f 3778 3779 3780
f 3781 3782 3783
f 3784 3785 3786
f 3787 3788 3789
f 3790 3791 3792
f 3793 3794 3795
f 3796 3797 3798
f 3799 3800 3801
f 3802 3803 3804
f 3805 3806 3807
f 3808 3809 3810
f 3811 3812 3813
f 3814 3815 3816
f 3817 3818 3819
f 3820 3821 3822
f 3823 3824 3825
f 3826 3827 3828
f 3829 3830 3831
f 3832 3833 3834
f 3835 3836 3837
f 3838 3839 3840
f 3841 3842 3843
f 3844 3845 3846
f 3847 3848 3849
f 3850 3851 3852
f 3853 3854 3855
f 3856 3857 3858
f 3859 3860 3861
f 3862 3863 3864
f 3865 3866 3867
f 3868 3869 3870
f 3871 3872 3873
f 3874 3875 3876
f 3877 3878 3879
f 3880 3881 3882
f 3883 3884 3885
f 3886 3887 3888
f 3889 3890 3891
f 3892 3893 3894
f 3895 3896 3897
f 3898 3899 3900
f 3901 3902 3903
f 3904 3905 3906
f 3907 3908 3909
f 3910 3911 3912
f 3913 3914 3915
f 3916 3917 3918
f 3919 3920 3921
f 3922 3923 3924
f 3925 3926 3927
f 3928 3929 3930
f 3931 3932 3933
f 3934 3935 3936
f 3937 3938 3939
f 3940 3941 3942
f 3943 3944 3945
f 3946 3947 3948
f 3949 3950 3951
f 3952 3953 3954
f 3955 3956 3957
f 3958 3959 3960
f 3961 3962 3963
f 3964 3965 3966
f 3967 3968 3969
f 3970 3971 3972
f 3973 3974 3975
f 3976 3977 3978
f 3979 3980 3981
f 3982 3983 3984
f 3985 3986 3987
f 3988 3989 3990
f 3991 3992 3993
f 3994 3995 3996
f 3997 3998 3999
f 4000 4001 4002
f 4003 4004 4005
f 4006 4007 4008
f 4009 4010 4011
f 4012 4013 4014
f 4015 4016 4017
f 4018 4019 4020
f 4021 4022 4023
f 4024 4025 4026
f 4027 4028 4029
f 4030 4031 4032
f 4033 4034 4035
f 4036 4037 4038
f 4039 4040 4041
f 4042 4043 4044
f 4045 4046 4047
f 4048 4049 4050
f 4051 4052 4053
f 4054 4055 4056
f 4057 4058 4059
f 4060 4061 4062
f 4063 4064 4065
f 4066 4067 4068
f 4069 4070 4071
f 4072 4073 4074
f 4075 4076 4077
f 4078 4079 4080
f 4081 4082 4083
f 4084 4085 4086
f 4087 4088 4089
f 4090 4091 4092
f 4093 4094 4095
f 4096 4097 4098
f 4099 4100 4101
f 4102 4103 4104
f 4105 4106 4107
f 4108 4109 4110
f 4111 4112 4113
f 4114 4115 4116
f 4117 4118 4119
f 4120 4121 4122
f 4123 4124 4125
f 4126 4127 4128
f 4129 4130 4131
f 4132 4133 4134
f 4135 4136 4137
f 4138 4139 4140
f 4141 4142 4143
f 4144 4145 4146
f 4147 4148 4149
f 4150 4151 4152
f 4153 4154 4155
f 4156 4157 4158
f 4159 4160 4161
f 4162 4163 4164
f 4165 4166 4167
f 4168 4169 4170
f 4171 4172 4173
f 4174 4175 4176
f 4177 4178 4179
f 4180 4181 4182
f 4183 4184 4185
f 4186 4187 4188
f 4189 4190 4191
f 4192 4193 4194
f 4195 4196 4197
f 4198 4199 4200
f 4201 4202 4203
f 4204 4205 4206
f 4207 4208 4209
f 4210 4211 4212
f 4213 4214 4215
f 4216 4217 4218
f 4219 4220 4221
f 4222 4223 4224
f 4225 4226 4227
f 4228 4229 4230
f 4231 4232 4233
f 4234 4235 4236
f 4237 4238 4239
f 4240 4241 4242
f 4243 4244 4245
f 4246 4247 4248
f 4249 4250 4251
f 4252 4253 4254
f 4255 4256 4257
f 4258 4259 4260
f 4261 4262 4263
f 4264 4265 4266
f 4267 4268 4269
f 4270 4271 4272
f 4273 4274 4275
f 4276 4277 4278
f 4279 4280 4281
f 4282 4283 4284
f 4285 4286 4287
f 4288 4289 4290
f 4291 4292 4293
f 4294 4295 4296
f 4297 4298 4299
f 4300 4301 4302
f 4303 4304 4305
f 4306 4307 4308
f 4309 4310 4311
f 4312 4313 4314
f 4315 4316 4317
f 4318 4319 4320
f 4321 4322 4323
f 4324 4325 4326
f 4327 4328 4329
f 4330 4331 4332
f 4333 4334 4335
f 4336 4337 4338
f 4339 4340 4341
f 4342 4343 4344
f 4345 4346 4347
f 4348 4349 4350
f 4351 4352 4353
f 4354 4355 4356
f 4357 4358 4359
f 4360 4361 4362
f 4363 4364 4365
f 4366 4367 4368
f 4369 4370 4371
f 4372 4373 4374
f 4375 4376 4377
f 4378 4379 4380
f 4381 4382 4383
f 4384 4385 4386
f 4387 4388 4389
f 4390 4391 4392
f 4393 4394 4395
f 4396 4397 4398
f 4399 4400 4401
f 4402 4403 4404
f 4405 4406 4407
f 4408 4409 4410
f 4411 4412 4413
f 4414 4415 4416
f 4417 4418 4419
f 4420 4421 4422
f 4423 4424 4425
f 4426 4427 4428
f 4429 4430 4431
f 4432 4433 4434
f 4435 4436 4437
f 4438 4439 4440
f 4441 4442 4443
f 4444 4445 4446
f 4447 4448 4449
f 4450 4451 4452
f 4453 4454 4455
f 4456 4457 4458
f 4459 4460 4461
f 4462 4463 4464
f 4465 4466 4467
f 4468 4469 4470
f 4471 4472 4473
f 4474 4475 4476
f 4477 4478 4479
f 4480 4481 4482
f 4483 4484 4485
f 4486 4487 4488
f 4489 4490 4491
f 4492 4493 4494
f 4495 4496 4497
f 4498 4499 4500
f 4501 4502 4503
f 4504 4505 4506
f 4507 4508 4509
f 4510 4511 4512
f 4513 4514 4515
f 4516 4517 4518
f 4519 4520 4521
f 4522 4523 4524
f 4525 4526 4527
f 4528 4529 4530
f 4531 4532 4533
f 4534 4535 4536
f 4537 4538 4539
f 4540 4541 4542
f 4543 4544 4545
f 4546 4547 4548
f 4549 4550 4551
f 4552 4553 4554
f 4555 4556 4557
f 4558 4559 4560
f 4561 4562 4563
f 4564 4565 4566
f 4567 4568 4569
f 4570 4571 4572
f 4573 4574 4575
f 4576 4577 4578
f 4579 4580 4581
f 4582 4583 4584
f 4585 4586 4587
f 4588 4589 4590
f 4591 4592 4593
f 4594 4595 4596
f 4597 4598 4599
f 4600 4601 4602
f 4603 4604 4605
f 4606 4607 4608
f 4609 4610 4611
f 4612 4613 4614
f 4615 4616 4617
f 4618 4619 4620
f 4621 4622 4623
f 4624 4625 4626
f 4627 4628 4629
f 4630 4631 4632
f 4633 4634 4635
f 4636 4637 4638
f 4639 4640 4641
f 4642 4643 4644
f 4645 4646 4647
f 4648 4649 4650
f 4651 4652 4653
f 4654 4655 4656
f 4657 4658 4659
f 4660 4661 4662
f 4663 4664 4665
f 4666 4667 4668
f 4669 4670 4671
f 4672 4673 4674
f 4675 4676 4677
f 4678 4679 4680
f 4681 4682 4683
f 4684 4685 4686
f 4687 4688 4689
f 4690 4691 4692
f 4693 4694 4695
f 4696 4697 4698
f 4699 4700 4701
f 4702 4703 4704
f 4705 4706 4707
f 4708 4709 4710
f 4711 4712 4713
f 4714 4715 4716
f 4717 4718 4719
f 4720 4721 4722
f 4723 4724 4725
f 4726 4727 4728
f 4729 4730 4731
f 4732 4733 4734
f 4735 4736 4737
f 4738 4739 4740
f 4741 4742 4743
f 4744 4745 4746
f 4747 4748 4749
f 4750 4751 4752
f 4753 4754 4755
f 4756 4757 4758
f 4759 4760 4761
f 4762 4763 4764
f 4765 4766 4767
f 4768 4769 4770
f 4771 4772 4773
f 4774 4775 4776
f 4777 4778 4779
f 4780 4781 4782
f 4783 4784 4785
f 4786 4787 4788
f 4789 4790 4791
f 4792 4793 4794
f 4795 4796 4797
f 4798 4799 4800
f 4801 4802 4803
f 4804 4805 4806
f 4807 4808 4809
f 4810 4811 4812
f 4813 4814 4815
f 4816 4817 4818
f 4819 4820 4821
f 4822 4823 4824
f 4825 4826 4827
f 4828 4829 4830
f 4831 4832 4833
f 4834 4835 4836
f 4837 4838 4839
f 4840 4841 4842
f 4843 4844 4845
f 4846 4847 4848
f 4849 4850 4851
f 4852 4853 4854
f 4855 4856 4857
f 4858 4859 4860
f 4861 4862 4863
f 4864 4865 4866
f 4867 4868 4869
f 4870 4871 4872
f 4873 4874 4875
f 4876 4877 4878
f 4879 4880 4881
f 4882 4883 4884
f 4885 4886 4887
f 4888 4889 4890
f 4891 4892 4893
f 4894 4895 4896
f 4897 4898 4899
f 4900 4901 4902
f 4903 4904 4905
f 4906 4907 4908
f 4909 4910 4911
f 4912 4913 4914
f 4915 4916 4917
f 4918 4919 4920
f 4921 4922 4923
f 4924 4925 4926
f 4927 4928 4929
f 4930 4931 4932
f 4933 4934 4935
f 4936 4937 4938
f 4939 4940 4941
f 4942 4943 4944
f 4945 4946 4947
f 4948 4949 4950
f 4951 4952 4953
f 4954 4955 4956
f 4957 4958 4959
f 4960 4961 4962
f 4963 4964 4965
f 4966 4967 4968
f 4969 4970 4971
f 4972 4973 4974
f 4975 4976 4977
f 4978 4979 4980
f 4981 4982 4983
f 4984 4985 4986
f 4987 4988 4989
f 4990 4991 4992
f 4993 4994 4995
f 4996 4997 4998
f 4999 5000 5001
f 5002 5003 5004
f 5005 5006 5007
f 5008 5009 5010
f 5011 5012 5013
f 5014 5015 5016
f 5017 5018 5019
f 5020 5021 5022
f 5023 5024 5025
f 5026 5027 5028
f 5029 5030 5031
f 5032 5033 5034
f 5035 5036 5037
f 5038 5039 5040
f 5041 5042 5043
f 5044 5045 5046
f 5047 5048 5049
f 5050 5051 5052
f 5053 5054 5055
f 5056 5057 5058
f 5059 5060 5061
f 5062 5063 5064
f 5065 5066 5067
f 5068 5069 5070
f 5071 5072 5073
f 5074 5075 5076
f 5077 5078 5079
f 5080 5081 5082
f 5083 5084 5085
f 5086 5087 5088
f 5089 5090 5091
f 5092 5093 5094
f 5095 5096 5097
f 5098 5099 5100
f 5101 5102 5103
f 5104 5105 5106
f 5107 5108 5109
f 5110 5111 5112
f 5113 5114 5115
f 5116 5117 5118
f 5119 5120 5121
f 5122 5123 5124
f 5125 5126 5127
f 5128 5129 5130
f 5131 5132 5133
f 5134 5135 5136
f 5137 5138 5139
f 5140 5141 5142
f 5143 5144 5145
f 5146 5147 5148
f 5149 5150 5151
f 5152 5153 5154
f 5155 5156 5157
f 5158 5159 5160
f 5161 5162 5163
f 5164 5165 5166
f 5167 5168 5169
f 5170 5171 5172
f 5173 5174 5175
f 5176 5177 5178
f 5179 5180 5181
f 5182 5183 5184
f 5185 5186 5187
f 5188 5189 5190
f 5191 5192 5193
f 5194 5195 5196
f 5197 5198 5199
f 5200 5201 5202
f 5203 5204 5205
f 5206 5207 5208
f 5209 5210 5211
f 5212 5213 5214
f 5215 5216 5217
f 5218 5219 5220
f 5221 5222 5223
f 5224 5225 5226
f 5227 5228 5229
f 5230 5231 5232
f 5233 5234 5235
f 5236 5237 5238
f 5239 5240 5241
f 5242 5243 5244
f 5245 5246 5247
f 5248 5249 5250
f 5251 5252 5253
f 5254 5255 5256
f 5257 5258 5259
f 5260 5261 5262
f 5263 5264 5265
f 5266 5267 5268
f 5269 5270 5271
f 5272 5273 5274
f 5275 5276 5277
f 5278 5279 5280
f 5281 5282 5283
f 5284 5285 5286
f 5287 5288 5289
f 5290 5291 5292
f 5293 5294 5295
f 5296 5297 5298
f 5299 5300 5301
f 5302 5303 5304
f 5305 5306 5307
f 5308 5309 5310
f 5311 5312 5313
f 5314 5315 5316
f 5317 5318 5319
f 5320 5321 5322
f 5323 5324 5325
f 5326 5327 5328
f 5329 5330 5331
f 5332 5333 5334
f 5335 5336 5337
f 5338 5339 5340
f 5341 5342 5343
f 5344 5345 5346
f 5347 5348 5349
f 5350 5351 5352
f 5353 5354 5355
f 5356 5357 5358
f 5359 5360 5361
f 5362 5363 5364
f 5365 5366 5367
f 5368 5369 5370
f 5371 5372 5373
f 5374 5375 5376
f 5377 5378 5379
f 5380 5381 5382
f 5383 5384 5385
f 5386 5387 5388
f 5389 5390 5391
f 5392 5393 5394
f 5395 5396 5397
f 5398 5399 5400
f 5401 5402 5403
f 5404 5405 5406
f 5407 5408 5409
f 5410 5411 5412
f 5413 5414 5415
f 5416 5417 5418
f 5419 5420 5421
f 5422 5423 5424
f 5425 5426 5427
f 5428 5429 5430
f 5431 5432 5433
f 5434 5435 5436
f 5437 5438 5439
f 5440 5441 5442
f 5443 5444 5445
f 5446 5447 5448
f 5449 5450 5451
f 5452 5453 5454
f 5455 5456 5457
f 5458 5459 5460
f 5461 5462 5463
f 5464 5465 5466
f 5467 5468 5469
f 5470 5471 5472
f 5473 5474 5475
f 5476 5477 5478
f 5479 5480 5481
f 5482 5483 5484
f 5485 5486 5487
f 5488 5489 5490
f 5491 5492 5493
f 5494 5495 5496
f 5497 5498 5499
f 5500 5501 5502
f 5503 5504 5505
f 5506 5507 5508
f 5509 5510 5511
f 5512 5513 5514
f 5515 5516 5517
f 5518 5519 5520
f 5521 5522 5523
f 5524 5525 5526
f 5527 5528 5529
f 5530 5531 5532
f 5533 5534 5535
f 5536 5537 5538
f 5539 5540 5541
f 5542 5543 5544
f 5545 5546 5547
f 5548 5549 5550
f 5551 5552 5553
f 5554 5555 5556
f 5557 5558 5559
f 5560 5561 5562
f 5563 5564 5565
f 5566 5567 5568
f 5569 5570 5571
f 5572 5573 5574
f 5575 5576 5577
f 5578 5579 5580
f 5581 5582 5583
f 5584 5585 5586
f 5587 5588 5589
f 5590 5591 5592
f 5593 5594 5595
f 5596 5597 5598
f 5599 5600 5601
f 5602 5603 5604
f 5605 5606 5607
f 5608 5609 5610
f 5611 5612 5613
f 5614 5615 5616
f 5617 5618 5619
f 5620 5621 5622
f 5623 5624 5625
f 5626 5627 5628
f 5629 5630 5631
f 5632 5633 5634
f 5635 5636 5637
f 5638 5639 5640
f 5641 5642 5643
f 5644 5645 5646
f 5647 5648 5649
f 5650 5651 5652
f 5653 5654 5655
f 5656 5657 5658
f 5659 5660 5661
f 5662 5663 5664
f 5665 5666 5667
f 5668 5669 5670
f 5671 5672 5673
f 5674 5675 5676
f 5677 5678 5679
f 5680 5681 5682
f 5683 5684 5685
f 5686 5687 5688
f 5689 5690 5691
f 5692 5693 5694
f 5695 5696 5697
f 5698 5699 5700
f 5701 5702 5703
f 5704 5705 5706
f 5707 5708 5709
f 5710 5711 5712
f 5713 5714 5715
f 5716 5717 5718
f 5719 5720 5721
f 5722 5723 5724
f 5725 5726 5727
f 5728 5729 5730
f 5731 5732 5733
f 5734 5735 5736
f 5737 5738 5739
f 5740 5741 5742
f 5743 5744 5745
f 5746 5747 5748
f 5749 5750 5751
f 5752 5753 5754
f 5755 5756 5757
f 5758 5759 5760
f 5761 5762 5763
f 5764 5765 5766
f 5767 5768 5769
f 5770 5771 5772
f 5773 5774 5775
f 5776 5777 5778
f 5779 5780 5781
f 5782 5783 5784
f 5785 5786 5787
f 5788 5789 5790
f 5791 5792 5793
f 5794 5795 5796
f 5797 5798 5799
f 5800 5801 5802
f 5803 5804 5805
f 5806 5807 5808
f 5809 5810 5811
f 5812 5813 5814
f 5815 5816 5817
f 5818 5819 5820
f 5821 5822 5823
f 5824 5825 5826
f 5827 5828 5829
f 5830 5831 5832
f 5833 5834 5835
f 5836 5837 5838
f 5839 5840 5841
f 5842 5843 5844
f 5845 5846 5847
f 5848 5849 5850
f 5851 5852 5853
f 5854 5855 5856
f 5857 5858 5859
f 5860 5861 5862
f 5863 5864 5865
f 5866 5867 5868
f 5869 5870 5871
f 5872 5873 5874
f 5875 5876 5877
f 5878 5879 5880
f 5881 5882 5883
f 5884 5885 5886
f 5887 5888 5889
f 5890 5891 5892
f 5893 5894 5895
f 5896 5897 5898
f 5899 5900 5901
f 5902 5903 5904
f 5905 5906 5907
f 5908 5909 5910
f 5911 5912 5913
f 5914 5915 5916
f 5917 5918 5919
f 5920 5921 5922
f 5923 5924 5925
f 5926 5927 5928
f 5929 5930 5931
f 5932 5933 5934
f 5935 5936 5937
f 5938 5939 5940
f 5941 5942 5943
f 5944 5945 5946
f 5947 5948 5949
f 5950 5951 5952
f 5953 5954 5955
f 5956 5957 5958
f 5959 5960 5961
f 5962 5963 5964
f 5965 5966 5967
f 5968 5969 5970
f 5971 5972 5973
f 5974 5975 5976
f 5977 5978 5979
f 5980 5981 5982
f 5983 5984 5985
f 5986 5987 5988
f 5989 5990 5991
f 5992 5993 5994
f 5995 5996 5997
f 5998 5999 6000
f 6001 6002 6003
f 6004 6005 6006
f 6007 6008 6009
f 6010 6011 6012
f 6013 6014 6015
f 6016 6017 6018
f 6019 6020 6021
f 6022 6023 6024
f 6025 6026 6027
f 6028 6029 6030
f 6031 6032 6033
f 6034 6035 6036
v -0.68000 1.48000 0.48500
v -0.45333 1.48000 0.48500
v -0.22667 1.48000 0.48500
v 0.00000 1.48000 0.48500
v 0.22667 1.48000 0.48500
v 0.45333 1.48000 0.48500
v 0.68000 1.48000 0.48500
v -0.68000 1.41000 0.48500
v -0.45333 1.41000 0.48500
v -0.22667 1.41000 0.48500
v 0.00000 1.41000 0.48500
v 0.22667 1.41000 0.48500
v 0.45333 1.41000 0.48500
v 0.68000 1.41000 0.48500
v 0.68000 1.48000 -1.23500
v 0.45333 1.48000 -1.23500
v 0.22667 1.48000 -1.23500
v -0.00000 1.48000 -1.23500
v -0.22667 1.48000 -1.23500
v -0.45333 1.48000 -1.23500
v -0.68000 1.48000 -1.23500
v 0.68000 1.41000 -1.23500
v 0.45333 1.41000 -1.23500
v 0.22667 1.41000 -1.23500
v -0.00000 1.41000 -1.23500
v -0.22667 1.41000 -1.23500
v -0.45333 1.41000 -1.23500
v -0.68000 1.41000 -1.23500
v 0.68000 1.48000 -1.23500
v 0.68000 1.48733 -0.94833
v 0.80115 1.49467 -0.66167
v 0.85000 1.50200 -0.37500
v 0.80115 1.49467 -0.08833
v 0.68000 1.48733 0.19833
v 0.68000 1.48000 0.48500
v 0.45333 1.48000 -1.23500
v 0.45333 1.48733 -0.94833
v 0.53410 1.49467 -0.66167
v 0.56667 1.50200 -0.37500
v 0.53410 1.49467 -0.08833
v 0.45333 1.48733 0.19833
v 0.45333 1.48000 0.48500
v 0.22667 1.48000 -1.23500
v 0.22667 1.48733 -0.94833
v 0.26705 1.49467 -0.66167
v 0.28333 1.50200 -0.37500
v 0.26705 1.49467 -0.08833
v 0.22667 1.48733 0.19833
v 0.22667 1.48000 0.48500
v -0.00000 1.48000 -1.23500
v -0.00000 1.48733 -0.94833
v -0.00000 1.49467 -0.66167
v -0.00000 1.50200 -0.37500
v -0.00000 1.49467 -0.08833
v 0.00000 1.48733 0.19833
v 0.00000 1.48000 0.48500
v -0.22667 1.48000 -1.23500
v -0.22667 1.48733 -0.94833
v -0.26705 1.49467 -0.66167
v -0.28333 1.50200 -0.37500
v -0.26705 1.49467 -0.08833
v -0.22667 1.48733 0.19833
v -0.22667 1.48000 0.48500
v -0.45333 1.48000 -1.23500
v -0.45333 1.48733 -0.94833
v -0.53410 1.49467 -0.66167
v -0.56667 1.50200 -0.37500
v -0.53410 1.49467 -0.08833
v -0.45333 1.48733 0.19833
v -0.45333 1.48000 0.48500
v -0.68000 1.48000 -1.23500
v -0.68000 1.48733 -0.94833
v -0.80115 1.49467 -0.66167
v -0.85000 1.50200 -0.37500
v -0.80115 1.49467 -0.08833
v -0.68000 1.48733 0.19833
v -0.68000 1.48000 0.48500
v -0.68000 1.41000 -1.23500
v -0.68000 1.41000 -0.94833
v -0.80115 1.41000 -0.66167
v -0.85000 1.41000 -0.37500
v -0.80115 1.41000 -0.08833
v -0.68000 1.41000 0.19833
v -0.68000 1.41000 0.48500
v -0.45333 1.41000 -1.23500
v -0.45333 1.41000 -0.94833
v -0.53410 1.41000 -0.66167
v -0.56667 1.41000 -0.37500
v -0.53410 1.41000 -0.08833
v -0.45333 1.41000 0.19833
v -0.45333 1.41000 0.48500
v -0.22667 1.41000 -1.23500
v -0.22667 1.41000 -0.94833
v -0.26705 1.41000 -0.66167
v -0.28333 1.41000 -0.37500
v -0.26705 1.41000 -0.08833
v -0.22667 1.41000 0.19833
v -0.22667 1.41000 0.48500
v -0.00000 1.41000 -1.23500
v -0.00000 1.41000 -0.94833
v -0.00000 1.41000 -0.66167
v -0.00000 1.41000 -0.37500
v -0.00000 1.41000 -0.08833
v 0.00000 1.41000 0.19833
v 0.00000 1.41000 0.48500
v 0.22667 1.41000 -1.23500
v 0.22667 1.41000 -0.94833
v 0.26705 1.41000 -0.66167
v 0.28333 1.41000 -0.37500
v 0.26705 1.41000 -0.08833
v 0.22667 1.41000 0.19833
v 0.22667 1.41000 0.48500
v 0.45333 1.41000 -1.23500
v 0.45333 1.41000 -0.94833
v 0.53410 1.41000 -0.66167
v 0.56667 1.41000 -0.37500
v 0.53410 1.41000 -0.08833
v 0.45333 1.41000 0.19833
v 0.45333 1.41000 0.48500
v 0.68000 1.41000 -1.23500
v 0.68000 1.41000 -0.94833
v 0.80115 1.41000 -0.66167
v 0.85000 1.41000 -0.37500
v 0.80115 1.41000 -0.08833
v 0.68000 1.41000 0.19833
v 0.68000 1.41000 0.48500
v -0.68000 1.48000 -1.23500
v -0.68000 1.48733 -0.94833
v -0.80115 1.49467 -0.66167
v -0.85000 1.50200 -0.37500
v -0.80115 1.49467 -0.08833
v -0.68000 1.48733 0.19833
v -0.68000 1.48000 0.48500
v -0.68000 1.41000 -1.23500
v -0.68000 1.41000 -0.94833
v -0.80115 1.41000 -0.66167
v -0.85000 1.41000 -0.37500
v -0.80115 1.41000 -0.08833
v -0.68000 1.41000 0.19833
v -0.68000 1.41000 0.48500
v 0.68000 1.48000 0.48500
v 0.68000 1.48733 0.19833
v 0.80115 1.49467 -0.08833
v 0.85000 1.50200 -0.37500
v 0.80115 1.49467 -0.66167
v 0.68000 1.48733 -0.94833
v 0.68000 1.48000 -1.23500
v 0.68000 1.41000 0.48500
v 0.68000 1.41000 0.19833
v 0.80115 1.41000 -0.08833
v 0.85000 1.41000 -0.37500
v 0.80115 1.41000 -0.66167
v 0.68000 1.41000 -0.94833
v 0.68000 1.41000 -1.23500
f 6037 6044 6038
f 6044 6045 6038
f 6038 6045 6039
f 6045 6046 6039
f 6039 6046 6040
f 6046 6047 6040
f 6040 6047 6041
f 6047 6048 6041
f 6041 6048 6042
f 6048 6049 6042
f 6042 6049 6043
f 6049 6050 6043
f 6051 6058 6052
f 6058 6059 6052
f 6052 6059 6053
f 6059 6060 6053
f 6053 6060 6054
f 6060 6061 6054
f 6054 6061 6055
f 6061 6062 6055
f 6055 6062 6056
f 6062 6063 6056
f 6056 6063 6057
f 6063 6064 6057
f 6065 6072 6066
f 6072 6073 6066
f 6066 6073 6067
f 6073 6074 6067
f 6067 6074 6068
f 6074 6075 6068
f 6068 6075 6069
f 6075 6076 6069
f 6069 6076 6070
f 6076 6077 6070
f 6070 6077 6071
f 6077 6078 6071
f 6072 6079 6073
f 6079 6080 6073
f 6073 6080 6074
f 6080 6081 6074
f 6074 6081 6075
f 6081 6082 6075
f 6075 6082 6076
f 6082 6083 6076
f 6076 6083 6077
f 6083 6084 6077
f 6077 6084 6078
f 6084 6085 6078
f 6079 6086 6080
f 6086 6087 6080
f 6080 6087 6081
f 6087 6088 6081
f 6081 6088 6082
f 6088 6089 6082
f 6082 6089 6083
f 6089 6090 6083
f 6083 6090 6084
f 6090 6091 6084
f 6084 6091 6085
f 6091 6092 6085
f 6086 6093 6087
f 6093 6094 6087
f 6087 6094 6088
f 6094 6095 6088
f 6088 6095 6089
f 6095 6096 6089
f 6089 6096 6090
f 6096 6097 6090
f 6090 6097 6091
f 6097 6098 6091
f 6091 6098 6092
f 6098 6099 6092
f 6093 6100 6094
f 6100 6101 6094
f 6094 6101 6095
f 6101 6102 6095
f 6095 6102 6096
f 6102 6103 6096
f 6096 6103 6097
f 6103 6104 6097
f 6097 6104 6098
f 6104 6105 6098
f 6098 6105 6099
f 6105 6106 6099
f 6100 6107 6101
f 6107 6108 6101
f 6101 6108 6102
f 6108 6109 6102
f 6102 6109 6103
f 6109 6110 6103
f 6103 6110 6104
f 6110 6111 6104
f 6104 6111 6105
f 6111 6112 6105
f 6105 6112 6106
f 6112 6113 6106
f 6114 6121 6115
f 6121 6122 6115
f 6115 6122 6116
f 6122 6123 6116
f 6116 6123 6117
f 6123 6124 6117
f 6117 6124 6118
f 6124 6125 6118
f 6118 6125 6119
f 6125 6126 6119
f 6119 6126 6120
f 6126 6127 6120
f 6121 6128 6122
f 6128 6129 6122
f 6122 6129 6123
f 6129 6130 6123
f 6123 6130 6124
f 6130 6131 6124
f 6124 6131 6125
f 6131 6132 6125
f 6125 6132 6126
f 6132 6133 6126
f 6126 6133 6127
f 6133 6134 6127
f 6128 6135 6129
f 6135 6136 6129
f 6129 6136 6130
f 6136 6137 6130
f 6130 6137 6131
f 6137 6138 6131
f 6131 6138 6132
f 6138 6139 6132
f 6132 6139 6133
f 6139 6140 6133
f 6133 6140 6134
f 6140 6141 6134
f 6135 6142 6136
f 6142 6143 6136
f 6136 6143 6137
f 6143 6144 6137
f 6137 6144 6138
f 6144 6145 6138
f 6138 6145 6139
f 6145 6146 6139
f 6139 6146 6140
f 6146 6147 6140
f 6140 6147 6141
f 6147 6148 6141
f 6142 6149 6143
f 6149 6150 6143
f 6143 6150 6144
f 6150 6151 6144
f 6144 6151 6145
f 6151 6152 6145
f 6145 6152 6146
f 6152 6153 6146
f 6146 6153 6147
f 6153 6154 6147
f 6147 6154 6148
f 6154 6155 6148
f 6149 6156 6150
f 6156 6157 6150
f 6150 6157 6151
f 6157 6158 6151
f 6151 6158 6152
f 6158 6159 6152
f 6152 6159 6153
f 6159 6160 6153
f 6153 6160 6154
f 6160 6161 6154
f 6154 6161 6155
f 6161 6162 6155
f 6163 6170 6164
f 6170 6171 6164
f 6164 6171 6165
f 6171 6172 6165
f 6165 6172 6166
f 6172 6173 6166
f 6166 6173 6167
f 6173 6174 6167
f 6167 6174 6168
f 6174 6175 6168
f 6168 6175 6169
f 6175 6176 6169
f 6177 6184 6178
f 6184 6185 6178
f 6178 6185 6179
f 6185 6186 6179
f 6179 6186 6180
f 6186 6187 6180
f 6180 6187 6181
f 6187 6188 6181
f 6181 6188 6182
f 6188 6189 6182
f 6182 6189 6183
f 6189 6190 6183
v -0.85000 1.50928 0.48668
v -0.75000 1.50928 0.48668
v -0.85000 1.03779 1.05703
v -0.75000 1.03779 1.05703
v -0.75000 1.43221 0.42297
v -0.85000 1.43221 0.42297
v -0.75000 0.96072 0.99332
v -0.85000 0.96072 0.99332
v -0.75000 1.43221 0.42297
v -0.75000 1.50928 0.48668
v -0.85000 1.43221 0.42297
v -0.85000 1.50928 0.48668
v -0.85000 0.96072 0.99332
v -0.85000 1.03779 1.05703
v -0.75000 0.96072 0.99332
v -0.75000 1.03779 1.05703
v -0.85000 1.43221 0.42297
v -0.85000 1.50928 0.48668
v -0.85000 0.96072 0.99332
v -0.85000 1.03779 1.05703
v -0.75000 1.50928 0.48668
v -0.75000 1.43221 0.42297
v -0.75000 1.03779 1.05703
v -0.75000 0.96072 0.99332
f 6191 6193 6192
f 6193 6194 6192
f 6195 6197 6196
f 6197 6198 6196
f 6199 6201 6200
f 6201 6202 6200
f 6203 6205 6204
f 6205 6206 6204
f 6207 6209 6208
f 6209 6210 6208
f 6211 6213 6212
f 6213 6214 6212
v -0.84500 1.47500 -0.30500
v -0.75500 1.47500 -0.30500
v -0.84500 1.01500 -0.30500
v -0.75500 1.01500 -0.30500
v -0.75500 1.47500 -0.39500
v -0.84500 1.47500 -0.39500
v -0.75500 1.01500 -0.39500
v -0.84500 1.01500 -0.39500
v -0.75500 1.47500 -0.39500
v -0.75500 1.47500 -0.30500
v -0.84500 1.47500 -0.39500
v -0.84500 1.47500 -0.30500
v -0.84500 1.01500 -0.39500
v -0.84500 1.01500 -0.30500
v -0.75500 1.01500 -0.39500
v -0.75500 1.01500 -0.30500
v -0.84500 1.47500 -0.39500
v -0.84500 1.47500 -0.30500
v -0.84500 1.01500 -0.39500
v -0.84500 1.01500 -0.30500
v -0.75500 1.47500 -0.30500
v -0.75500 1.47500 -0.39500
v -0.75500 1.01500 -0.30500
v -0.75500 1.01500 -0.39500
f 6215 6217 6216
f 6217 6218 6216
f 6219 6221 6220
f 6221 6222 6220
f 6223 6225 6224
f 6225 6226 6224
f 6227 6229 6228
f 6229 6230 6228
f 6231 6233 6232
f 6233 6234 6232
f 6235 6237 6236
f 6237 6238 6236
v -0.86000 1.40937 -1.13654
v -0.74000 1.40937 -1.13654
v -0.86000 0.95357 -1.52672
v -0.74000 0.95357 -1.52672
v -0.74000 1.52643 -1.27328
v -0.86000 1.52643 -1.27328
v -0.74000 1.07063 -1.66346
v -0.86000 1.07063 -1.66346
v -0.74000 1.52643 -1.27328
v -0.74000 1.40937 -1.13654
v -0.86000 1.52643 -1.27328
v -0.86000 1.40937 -1.13654
v -0.86000 1.07063 -1.66346
v -0.86000 0.95357 -1.52672
v -0.74000 1.07063 -1.66346
v -0.74000 0.95357 -1.52672
v -0.86000 1.52643 -1.27328
v -0.86000 1.40937 -1.13654
v -0.86000 1.07063 -1.66346
v -0.86000 0.95357 -1.52672
v -0.74000 1.40937 -1.13654
v -0.74000 1.52643 -1.27328
v -0.74000 0.95357 -1.52672
v -0.74000 1.07063 -1.66346
f 6239 6241 6240
f 6241 6242 6240
f 6243 6245 6244
f 6245 6246 6244
f 6247 6249 6248
f 6249 6250 6248
f 6251 6253 6252
f 6253 6254 6252
f 6255 6257 6256
f 6257 6258 6256
f 6259 6261 6260
f 6261 6262 6260
v 0.75000 1.50928 0.48668
v 0.85000 1.50928 0.48668
v 0.75000 1.03779 1.05703
v 0.85000 1.03779 1.05703
v 0.85000 1.43221 0.42297
v 0.75000 1.43221 0.42297
v 0.85000 0.96072 0.99332
v 0.75000 0.96072 0.99332
v 0.85000 1.43221 0.42297
v 0.85000 1.50928 0.48668
v 0.75000 1.43221 0.42297
v 0.75000 1.50928 0.48668
v 0.75000 0.96072 0.99332
v 0.75000 1.03779 1.05703
v 0.85000 0.96072 0.99332
v 0.85000 1.03779 1.05703
v 0.75000 1.43221 0.42297
v 0.75000 1.50928 0.48668
v 0.75000 0.96072 0.99332
v 0.75000 1.03779 1.05703
v 0.85000 1.50928 0.48668
v 0.85000 1.43221 0.42297
v 0.85000 1.03779 1.05703
v 0.85000 0.96072 0.99332
f 6263 6265 6264
f 6265 6266 6264
f 6267 6269 6268
f 6269 6270 6268
f 6271 6273 6272
f 6273 6274 6272
f 6275 6277 6276
f 6277 6278 6276
f 6279 6281 6280
f 6281 6282 6280
f 6283 6285 6284
f 6285 6286 6284
v 0.75500 1.47500 -0.30500
v 0.84500 1.47500 -0.30500
v 0.75500 1.01500 -0.30500
v 0.84500 1.01500 -0.30500
v 0.84500 1.47500 -0.39500
v 0.75500 1.47500 -0.39500
v 0.84500 1.01500 -0.39500
v 0.75500 1.01500 -0.39500
v 0.84500 1.47500 -0.39500
v 0.84500 1.47500 -0.30500
v 0.75500 1.47500 -0.39500
v 0.75500 1.47500 -0.30500
v 0.75500 1.01500 -0.39500
v 0.75500 1.01500 -0.30500
v 0.84500 1.01500 -0.39500
v 0.84500 1.01500 -0.30500
v 0.75500 1.47500 -0.39500
v 0.75500 1.47500 -0.30500
v 0.75500 1.01500 -0.39500
v 0.75500 1.01500 -0.30500
v 0.84500 1.47500 -0.30500
v 0.84500 1.47500 -0.39500
v 0.84500 1.01500 -0.30500
v 0.84500 1.01500 -0.39500
f 6287 6289 6288
f 6289 6290 6288
f 6291 6293 6292
f 6293 6294 6292
f 6295 6297 6296
f 6297 6298 6296
f 6299 6301 6300
f 6301 6302 6300
f 6303 6305 6304
f 6305 6306 6304
f 6307 6309 6308
f 6309 6310 6308
v 0.74000 1.40937 -1.13654
v 0.86000 1.40937 -1.13654
v 0.74000 0.95357 -1.52672
v 0.86000 0.95357 -1.52672
v 0.86000 1.52643 -1.27328
v 0.74000 1.52643 -1.27328
v 0.86000 1.07063 -1.66346
v 0.74000 1.07063 -1.66346
v 0.86000 1.52643 -1.27328
v 0.86000 1.40937 -1.13654
v 0.74000 1.52643 -1.27328
v 0.74000 1.40937 -1.13654
v 0.74000 1.07063 -1.66346
v 0.74000 0.95357 -1.52672
v 0.86000 1.07063 -1.66346
v 0.86000 0.95357 -1.52672
v 0.74000 1.52643 -1.27328
v 0.74000 1.40937 -1.13654
v 0.74000 1.07063 -1.66346
v 0.74000 0.95357 -1.52672
v 0.86000 1.40937 -1.13654
v 0.86000 1.52643 -1.27328
v 0.86000 0.95357 -1.52672
v 0.86000 1.07063 -1.66346
f 6311 6313 6312
f 6313 6314 6312
f 6315 6317 6316
f 6317 6318 6316
f 6319 6321 6320
f 6321 6322 6320
f 6323 6325 6324
f 6325 6326 6324
f 6327 6329 6328
f 6329 6330 6328
f 6331 6333 6332
f 6333 6334 6332
v -0.99600 0.51200 0.30000
v -0.99600 0.51446 0.32497
v -0.99600 0.52174 0.34898
v -0.99600 0.53357 0.37111
v -0.99600 0.54949 0.39051
v -0.99600 0.56889 0.40643
v -0.99600 0.59102 0.41826
v -0.99600 0.61503 0.42554
v -0.99600 0.64000 0.42800
v -0.99600 0.66497 0.42554
v -0.99600 0.68898 0.41826
v -0.99600 0.71111 0.40643
v -0.99600 0.73051 0.39051
v -0.99600 0.74643 0.37111
v -0.99600 0.75826 0.34898
v -0.99600 0.76554 0.32497
v -0.99600 0.76800 0.30000
v -0.99600 0.76554 0.27503
v -0.99600 0.75826 0.25102
v -0.99600 0.74643 0.22889
v -0.99600 0.73051 0.20949
v -0.99600 0.71111 0.19357
v -0.99600 0.68898 0.18174
v -0.99600 0.66497 0.17446
v -0.99600 0.64000 0.17200
v -0.99600 0.61503 0.17446
v -0.99600 0.59102 0.18174
v -0.99600 0.56889 0.19357
v -0.99600 0.54949 0.20949
v -0.99600 0.53357 0.22889
v -0.99600 0.52174 0.25102
v -0.99600 0.51446 0.27503
v -0.99600 0.51200 0.30000
v -0.98200 0.51200 0.30000
v -0.98200 0.51446 0.32497
v -0.98200 0.52174 0.34898
v -0.98200 0.53357 0.37111
v -0.98200 0.54949 0.39051
v -0.98200 0.56889 0.40643
v -0.98200 0.59102 0.41826
v -0.98200 0.61503 0.42554
v -0.98200 0.64000 0.42800
v -0.98200 0.66497 0.42554
v -0.98200 0.68898 0.41826
v -0.98200 0.71111 0.40643
v -0.98200 0.73051 0.39051
v -0.98200 0.74643 0.37111
v -0.98200 0.75826 0.34898
v -0.98200 0.76554 0.32497
v -0.98200 0.76800 0.30000
v -0.98200 0.76554 0.27503
v -0.98200 0.75826 0.25102
v -0.98200 0.74643 0.22889
v -0.98200 0.73051 0.20949
v -0.98200 0.71111 0.19357
v -0.98200 0.68898 0.18174
v -0.98200 0.66497 0.17446
v -0.98200 0.64000 0.17200
v -0.98200 0.61503 0.17446
v -0.98200 0.59102 0.18174
v -0.98200 0.56889 0.19357
v -0.98200 0.54949 0.20949
v -0.98200 0.53357 0.22889
v -0.98200 0.52174 0.25102
v -0.98200 0.51446 0.27503
v -0.98200 0.51200 0.30000
v -0.99600 0.64000 0.30000
v -0.99600 0.64000 0.30000
v -0.99600 0.64000 0.30000
v -0.99600 0.64000 0.30000
v -0.99600 0.64000 0.30000
v -0.99600 0.64000 0.30000
v -0.99600 0.64000 0.30000
v -0.99600 0.64000 0.30000
v -0.99600 0.64000 0.30000
v -0.99600 0.64000 0.30000
v -0.99600 0.64000 0.30000
v -0.99600 0.64000 0.30000
v -0.99600 0.64000 0.30000
v -0.99600 0.64000 0.30000
v -0.99600 0.64000 0.30000
v -0.99600 0.64000 0.30000
v -0.99600 0.64000 0.30000
v -0.99600 0.64000 0.30000
v -0.99600 0.64000 0.30000
v -0.99600 0.64000 0.30000
v -0.99600 0.64000 0.30000
v -0.99600 0.64000 0.30000
v -0.99600 0.64000 0.30000
v -0.99600 0.64000 0.30000
v -0.99600 0.64000 0.30000
v -0.99600 0.64000 0.30000
v -0.99600 0.64000 0.30000
v -0.99600 0.64000 0.30000
v -0.99600 0.64000 0.30000
v -0.99600 0.64000 0.30000
v -0.99600 0.64000 0.30000
v -0.99600 0.64000 0.30000
v -0.99600 0.51200 0.30000
v -0.99600 0.51446 0.32497
v -0.99600 0.52174 0.34898
v -0.99600 0.53357 0.37111
v -0.99600 0.54949 0.39051
v -0.99600 0.56889 0.40643
v -0.99600 0.59102 0.41826
v -0.99600 0.61503 0.42554
v -0.99600 0.64000 0.42800
v -0.99600 0.66497 0.42554
v -0.99600 0.68898 0.41826
v -0.99600 0.71111 0.40643
v -0.99600 0.73051 0.39051
v -0.99600 0.74643 0.37111
v -0.99600 0.75826 0.34898
v -0.99600 0.76554 0.32497
v -0.99600 0.76800 0.30000
v -0.99600 0.76554 0.27503
v -0.99600 0.75826 0.25102
v -0.99600 0.74643 0.22889
v -0.99600 0.73051 0.20949
v -0.99600 0.71111 0.19357
v -0.99600 0.68898 0.18174
v -0.99600 0.66497 0.17446
v -0.99600 0.64000 0.17200
v -0.99600 0.61503 0.17446
v -0.99600 0.59102 0.18174
v -0.99600 0.56889 0.19357
v -0.99600 0.54949 0.20949
v -0.99600 0.53357 0.22889
v -0.99600 0.52174 0.25102
v -0.99600 0.51446 0.27503
v -0.99600 0.51200 0.30000
v -0.98200 0.64000 0.30000
v -0.98200 0.64000 0.30000
v -0.98200 0.64000 0.30000
v -0.98200 0.64000 0.30000
v -0.98200 0.64000 0.30000
v -0.98200 0.64000 0.30000
v -0.98200 0.64000 0.30000
v -0.98200 0.64000 0.30000
v -0.98200 0.64000 0.30000
v -0.98200 0.64000 0.30000
v -0.98200 0.64000 0.30000
v -0.98200 0.64000 0.30000
v -0.98200 0.64000 0.30000
v -0.98200 0.64000 0.30000
v -0.98200 0.64000 0.30000
v -0.98200 0.64000 0.30000
v -0.98200 0.64000 0.30000
v -0.98200 0.64000 0.30000
v -0.98200 0.64000 0.30000
v -0.98200 0.64000 0.30000
v -0.98200 0.64000 0.30000
v -0.98200 0.64000 0.30000
v -0.98200 0.64000 0.30000
v -0.98200 0.64000 0.30000
v -0.98200 0.64000 0.30000
v -0.98200 0.64000 0.30000
v -0.98200 0.64000 0.30000
v -0.98200 0.64000 0.30000
v -0.98200 0.64000 0.30000
v -0.98200 0.64000 0.30000
v -0.98200 0.64000 0.30000
v -0.98200 0.64000 0.30000
v -0.98200 0.51200 0.30000
v -0.98200 0.51446 0.32497
v -0.98200 0.52174 0.34898
v -0.98200 0.53357 0.37111
v -0.98200 0.54949 0.39051
v -0.98200 0.56889 0.40643
v -0.98200 0.59102 0.41826
v -0.98200 0.61503 0.42554
v -0.98200 0.64000 0.42800
v -0.98200 0.66497 0.42554
v -0.98200 0.68898 0.41826
v -0.98200 0.71111 0.40643
v -0.98200 0.73051 0.39051
v -0.98200 0.74643 0.37111
v -0.98200 0.75826 0.34898
v -0.98200 0.76554 0.32497
v -0.98200 0.76800 0.30000
v -0.98200 0.76554 0.27503
v -0.98200 0.75826 0.25102
v -0.98200 0.74643 0.22889
v -0.98200 0.73051 0.20949
v -0.98200 0.71111 0.19357
v -0.98200 0.68898 0.18174
v -0.98200 0.66497 0.17446
v -0.98200 0.64000 0.17200
v -0.98200 0.61503 0.17446
v -0.98200 0.59102 0.18174
v -0.98200 0.56889 0.19357
v -0.98200 0.54949 0.20949
v -0.98200 0.53357 0.22889
v -0.98200 0.52174 0.25102
v -0.98200 0.51446 0.27503
v -0.98200 0.51200 0.30000
f 6335 6368 6336
f 6368 6369 6336
f 6336 6369 6337
f 6369 6370 6337
f 6337 6370 6338
f 6370 6371 6338
f 6338 6371 6339
f 6371 6372 6339
f 6339 6372 6340
f 6372 6373 6340
f 6340 6373 6341
f 6373 6374 6341
f 6341 6374 6342
f 6374 6375 6342
f 6342 6375 6343
f 6375 6376 6343
f 6343 6376 6344
f 6376 6377 6344
f 6344 6377 6345
f 6377 6378 6345
f 6345 6378 6346
f 6378 6379 6346
f 6346 6379 6347
f 6379 6380 6347
f 6347 6380 6348
f 6380 6381 6348
f 6348 6381 6349
f 6381 6382 6349
f 6349 6382 6350
f 6382 6383 6350
f 6350 6383 6351
f 6383 6384 6351
f 6351 6384 6352
f 6384 6385 6352
f 6352 6385 6353
f 6385 6386 6353
f 6353 6386 6354
f 6386 6387 6354
f 6354 6387 6355
f 6387 6388 6355
f 6355 6388 6356
f 6388 6389 6356
f 6356 6389 6357
f 6389 6390 6357
f 6357 6390 6358
f 6390 6391 6358
f 6358 6391 6359
f 6391 6392 6359
f 6359 6392 6360
f 6392 6393 6360
f 6360 6393 6361
f 6393 6394 6361
f 6361 6394 6362
f 6394 6395 6362
f 6362 6395 6363
f 6395 6396 6363
f 6363 6396 6364
f 6396 6397 6364
f 6364 6397 6365
f 6397 6398 6365
f 6365 6398 6366
f 6398 6399 6366
f 6366 6399 6367
f 6399 6400 6367
f 6433 6434 6401
f 6434 6435 6402
f 6435 6436 6403
f 6436 6437 6404
f 6437 6438 6405
f 6438 6439 6406
f 6439 6440 6407
f 6440 6441 6408
f 6441 6442 6409
f 6442 6443 6410
f 6443 6444 6411
f 6444 6445 6412
f 6445 6446 6413
f 6446 6447 6414
f 6447 6448 6415
f 6448 6449 6416
f 6449 6450 6417
f 6450 6451 6418
f 6451 6452 6419
f 6452 6453 6420
f 6453 6454 6421
f 6454 6455 6422
f 6455 6456 6423
f 6456 6457 6424
f 6457 6458 6425
f 6458 6459 6426
f 6459 6460 6427
f 6460 6461 6428
f 6461 6462 6429
f 6462 6463 6430
f 6463 6464 6431
f 6464 6465 6432
f 6499 6498 6466
f 6500 6499 6467
f 6501 6500 6468
f 6502 6501 6469
f 6503 6502 6470
f 6504 6503 6471
f 6505 6504 6472
f 6506 6505 6473
f 6507 6506 6474
f 6508 6507 6475
f 6509 6508 6476
f 6510 6509 6477
f 6511 6510 6478
f 6512 6511 6479
f 6513 6512 6480
f 6514 6513 6481
f 6515 6514 6482
f 6516 6515 6483
f 6517 6516 6484
f 6518 6517 6485
f 6519 6518 6486
f 6520 6519 6487
f 6521 6520 6488
f 6522 6521 6489
f 6523 6522 6490
f 6524 6523 6491
f 6525 6524 6492
f 6526 6525 6493
f 6527 6526 6494
f 6528 6527 6495
f 6529 6528 6496
f 6530 6529 6497
v -1.06500 1.06000 0.92000
v -0.99500 1.06000 0.92000
v -1.06500 0.96000 0.92000
v -0.99500 0.96000 0.92000
v -0.99500 1.06000 0.80000
v -1.06500 1.06000 0.80000
v -0.99500 0.96000 0.80000
v -1.06500 0.96000 0.80000
v -0.99500 1.06000 0.80000
v -0.99500 1.06000 0.92000
v -1.06500 1.06000 0.80000
v -1.06500 1.06000 0.92000
v -1.06500 0.96000 0.80000
v -1.06500 0.96000 0.92000
v -0.99500 0.96000 0.80000
v -0.99500 0.96000 0.92000
v -1.06500 1.06000 0.80000
v -1.06500 1.06000 0.92000
v -1.06500 0.96000 0.80000
v -1.06500 0.96000 0.92000
v -0.99500 1.06000 0.92000
v -0.99500 1.06000 0.80000
v -0.99500 0.96000 0.92000
v -0.99500 0.96000 0.80000
f 6531 6533 6532
f 6533 6534 6532
f 6535 6537 6536
f 6537 6538 6536
f 6539 6541 6540
f 6541 6542 6540
f 6543 6545 6544
f 6545 6546 6544
f 6547 6549 6548
f 6549 6550 6548
f 6551 6553 6552
f 6553 6554 6552
v 0.98200 0.51200 0.30000
v 0.98200 0.51446 0.32497
v 0.98200 0.52174 0.34898
v 0.98200 0.53357 0.37111
v 0.98200 0.54949 0.39051
v 0.98200 0.56889 0.40643
v 0.98200 0.59102 0.41826
v 0.98200 0.61503 0.42554
v 0.98200 0.64000 0.42800
v 0.98200 0.66497 0.42554
v 0.98200 0.68898 0.41826
v 0.98200 0.71111 0.40643
v 0.98200 0.73051 0.39051
v 0.98200 0.74643 0.37111
v 0.98200 0.75826 0.34898
v 0.98200 0.76554 0.32497
v 0.98200 0.76800 0.30000
v 0.98200 0.76554 0.27503
v 0.98200 0.75826 0.25102
v 0.98200 0.74643 0.22889
v 0.98200 0.73051 0.20949
v 0.98200 0.71111 0.19357
v 0.98200 0.68898 0.18174
v 0.98200 0.66497 0.17446
v 0.98200 0.64000 0.17200
v 0.98200 0.61503 0.17446
v 0.98200 0.59102 0.18174
v 0.98200 0.56889 0.19357
v 0.98200 0.54949 0.20949
v 0.98200 0.53357 0.22889
v 0.98200 0.52174 0.25102
v 0.98200 0.51446 0.27503
v 0.98200 0.51200 0.30000
v 0.99600 0.51200 0.30000
v 0.99600 0.51446 0.32497
v 0.99600 0.52174 0.34898
v 0.99600 0.53357 0.37111
v 0.99600 0.54949 0.39051
v 0.99600 0.56889 0.40643
v 0.99600 0.59102 0.41826
v 0.99600 0.61503 0.42554
v 0.99600 0.64000 0.42800
v 0.99600 0.66497 0.42554
v 0.99600 0.68898 0.41826
v 0.99600 0.71111 0.40643
v 0.99600 0.73051 0.39051
v 0.99600 0.74643 0.37111
v 0.99600 0.75826 0.34898
v 0.99600 0.76554 0.32497
v 0.99600 0.76800 0.30000
v 0.99600 0.76554 0.27503
v 0.99600 0.75826 0.25102
v 0.99600 0.74643 0.22889
v 0.99600 0.73051 0.20949
v 0.99600 0.71111 0.19357
v 0.99600 0.68898 0.18174
v 0.99600 0.66497 0.17446
v 0.99600 0.64000 0.17200
v 0.99600 0.61503 0.17446
v 0.99600 0.59102 0.18174
v 0.99600 0.56889 0.19357
v 0.99600 0.54949 0.20949
v 0.99600 0.53357 0.22889
v 0.99600 0.52174 0.25102
v 0.99600 0.51446 0.27503
v 0.99600 0.51200 0.30000
v 0.98200 0.64000 0.30000
v 0.98200 0.64000 0.30000
v 0.98200 0.64000 0.30000
v 0.98200 0.64000 0.30000
v 0.98200 0.64000 0.30000
v 0.98200 0.64000 0.30000
v 0.98200 0.64000 0.30000
v 0.98200 0.64000 0.30000
v 0.98200 0.64000 0.30000
v 0.98200 0.64000 0.30000
v 0.98200 0.64000 0.30000
v 0.98200 0.64000 0.30000
v 0.98200 0.64000 0.30000
v 0.98200 0.64000 0.30000
v 0.98200 0.64000 0.30000
v 0.98200 0.64000 0.30000
v 0.98200 0.64000 0.30000
v 0.98200 0.64000 0.30000
v 0.98200 0.64000 0.30000
v 0.98200 0.64000 0.30000
v 0.98200 0.64000 0.30000
v 0.98200 0.64000 0.30000
v 0.98200 0.64000 0.30000
v 0.98200 0.64000 0.30000
v 0.98200 0.64000 0.30000
v 0.98200 0.64000 0.30000
v 0.98200 0.64000 0.30000
v 0.98200 0.64000 0.30000
v 0.98200 0.64000 0.30000
v 0.98200 0.64000 0.30000
v 0.98200 0.64000 0.30000
v 0.98200 0.64000 0.30000
v 0.98200 0.51200 0.30000
v 0.98200 0.51446 0.32497
v 0.98200 0.52174 0.34898
v 0.98200 0.53357 0.37111
v 0.98200 0.54949 0.39051
v 0.98200 0.56889 0.40643
v 0.98200 0.59102 0.41826
v 0.98200 0.61503 0.42554
v 0.98200 0.64000 0.42800
v 0.98200 0.66497 0.42554
v 0.98200 0.68898 0.41826
v 0.98200 0.71111 0.40643
v 0.98200 0.73051 0.39051
v 0.98200 0.74643 0.37111
v 0.98200 0.75826 0.34898
v 0.98200 0.76554 0.32497
v 0.98200 0.76800 0.30000
v 0.98200 0.76554 0.27503
v 0.98200 0.75826 0.25102
v 0.98200 0.74643 0.22889
v 0.98200 0.73051 0.20949
v 0.98200 0.71111 0.19357
v 0.98200 0.68898 0.18174
v 0.98200 0.66497 0.17446
v 0.98200 0.64000 0.17200
v 0.98200 0.61503 0.17446
v 0.98200 0.59102 0.18174
v 0.98200 0.56889 0.19357
v 0.98200 0.54949 0.20949
v 0.98200 0.53357 0.22889
v 0.98200 0.52174 0.25102
v 0.98200 0.51446 0.27503
v 0.98200 0.51200 0.30000
v 0.99600 0.64000 0.30000
v 0.99600 0.64000 0.30000
v 0.99600 0.64000 0.30000
v 0.99600 0.64000 0.30000
v 0.99600 0.64000 0.30000
v 0.99600 0.64000 0.30000
v 0.99600 0.64000 0.30000
v 0.99600 0.64000 0.30000
v 0.99600 0.64000 0.30000
v 0.99600 0.64000 0.30000
v 0.99600 0.64000 0.30000
v 0.99600 0.64000 0.30000
v 0.99600 0.64000 0.30000
v 0.99600 0.64000 0.30000
v 0.99600 0.64000 0.30000
v 0.99600 0.64000 0.30000
v 0.99600 0.64000 0.30000
v 0.99600 0.64000 0.30000
v 0.99600 0.64000 0.30000
v 0.99600 0.64000 0.30000
v 0.99600 0.64000 0.30000
v 0.99600 0.64000 0.30000
v 0.99600 0.64000 0.30000
v 0.99600 0.64000 0.30000
v 0.99600 0.64000 0.30000
v 0.99600 0.64000 0.30000
v 0.99600 0.64000 0.30000
v 0.99600 0.64000 0.30000
v 0.99600 0.64000 0.30000
v 0.99600 0.64000 0.30000
v 0.99600 0.64000 0.30000
v 0.99600 0.64000 0.30000
v 0.99600 0.51200 0.30000
v 0.99600 0.51446 0.32497
v 0.99600 0.52174 0.34898
v 0.99600 0.53357 0.37111
v 0.99600 0.54949 0.39051
v 0.99600 0.56889 0.40643
v 0.99600 0.59102 0.41826
v 0.99600 0.61503 0.42554
v 0.99600 0.64000 0.42800
v 0.99600 0.66497 0.42554
v 0.99600 0.68898 0.41826
v 0.99600 0.71111 0.40643
v 0.99600 0.73051 0.39051
v 0.99600 0.74643 0.37111
v 0.99600 0.75826 0.34898
v 0.99600 0.76554 0.32497
v 0.99600 0.76800 0.30000
v 0.99600 0.76554 0.27503
v 0.99600 0.75826 0.25102
v 0.99600 0.74643 0.22889
v 0.99600 0.73051 0.20949
v 0.99600 0.71111 0.19357
v 0.99600 0.68898 0.18174
v 0.99600 0.66497 0.17446
v 0.99600 0.64000 0.17200
v 0.99600 0.61503 0.17446
v 0.99600 0.59102 0.18174
v 0.99600 0.56889 0.19357
v 0.99600 0.54949 0.20949
v 0.99600 0.53357 0.22889
v 0.99600 0.52174 0.25102
v 0.99600 0.51446 0.27503
v 0.99600 0.51200 0.30000
f 6555 6588 6556
f 6588 6589 6556
f 6556 6589 6557
f 6589 6590 6557
f 6557 6590 6558
f 6590 6591 6558
f 6558 6591 6559
f 6591 6592 6559
f 6559 6592 6560
f 6592 6593 6560
f 6560 6593 6561
f 6593 6594 6561
f 6561 6594 6562
f 6594 6595 6562
f 6562 6595 6563
f 6595 6596 6563
f 6563 6596 6564
f 6596 6597 6564
f 6564 6597 6565
f 6597 6598 6565
f 6565 6598 6566
f 6598 6599 6566
f 6566 6599 6567
f 6599 6600 6567
f 6567 6600 6568
f 6600 6601 6568
f 6568 6601 6569
f 6601 6602 6569
f 6569 6602 6570
f 6602 6603 6570
f 6570 6603 6571
f 6603 6604 6571
f 6571 6604 6572
f 6604 6605 6572
f 6572 6605 6573
f 6605 6606 6573
f 6573 6606 6574
f 6606 6607 6574
f 6574 6607 6575
f 6607 6608 6575
f 6575 6608 6576
f 6608 6609 6576
f 6576 6609 6577
f 6609 6610 6577
f 6577 6610 6578
f 6610 6611 6578
f 6578 6611 6579
f 6611 6612 6579
f 6579 6612 6580
f 6612 6613 6580
f 6580 6613 6581
f 6613 6614 6581
f 6581 6614 6582
f 6614 6615 6582
f 6582 6615 6583
f 6615 6616 6583
f 6583 6616 6584
f 6616 6617 6584
f 6584 6617 6585
f 6617 6618 6585
f 6585 6618 6586
f 6618 6619 6586
f 6586 6619 6587
f 6619 6620 6587
f 6653 6654 6621
f 6654 6655 6622
f 6655 6656 6623
f 6656 6657 6624
f 6657 6658 6625
f 6658 6659 6626
f 6659 6660 6627
f 6660 6661 6628
f 6661 6662 6629
f 6662 6663 6630
f 6663 6664 6631
f 6664 6665 6632
f 6665 6666 6633
f 6666 6667 6634
f 6667 6668 6635
f 6668 6669 6636
f 6669 6670 6637
f 6670 6671 6638
f 6671 6672 6639
f 6672 6673 6640
f 6673 6674 6641
f 6674 6675 6642
f 6675 6676 6643
f 6676 6677 6644
f 6677 6678 6645
f 6678 6679 6646
f 6679 6680 6647
f 6680 6681 6648
f 6681 6682 6649
f 6682 6683 6650
f 6683 6684 6651
f 6684 6685 6652
f 6719 6718 6686
f 6720 6719 6687
f 6721 6720 6688
f 6722 6721 6689
f 6723 6722 6690
f 6724 6723 6691
f 6725 6724 6692
f 6726 6725 6693
f 6727 6726 6694
f 6728 6727 6695
f 6729 6728 6696
f 6730 6729 6697
f 6731 6730 6698
f 6732 6731 6699
f 6733 6732 6700
f 6734 6733 6701
f 6735 6734 6702
f 6736 6735 6703
f 6737 6736 6704
f 6738 6737 6705
f 6739 6738 6706
f 6740 6739 6707
f 6741 6740 6708
f 6742 6741 6709
f 6743 6742 6710
f 6744 6743 6711
f 6745 6744 6712
f 6746 6745 6713
f 6747 6746 6714
f 6748 6747 6715
f 6749 6748 6716
f 6750 6749 6717
v 0.99500 1.06000 0.92000
v 1.06500 1.06000 0.92000
v 0.99500 0.96000 0.92000
v 1.06500 0.96000 0.92000
v 1.06500 1.06000 0.80000
v 0.99500 1.06000 0.80000
v 1.06500 0.96000 0.80000
v 0.99500 0.96000 0.80000
v 1.06500 1.06000 0.80000
v 1.06500 1.06000 0.92000
v 0.99500 1.06000 0.80000
v 0.99500 1.06000 0.92000
v 0.99500 0.96000 0.80000
v 0.99500 0.96000 0.92000
v 1.06500 0.96000 0.80000
v 1.06500 0.96000 0.92000
v 0.99500 1.06000 0.80000
v 0.99500 1.06000 0.92000
v 0.99500 0.96000 0.80000
v 0.99500 0.96000 0.92000
v 1.06500 1.06000 0.92000
v 1.06500 1.06000 0.80000
v 1.06500 0.96000 0.92000
v 1.06500 0.96000 0.80000
f 6751 6753 6752
f 6753 6754 6752
f 6755 6757 6756
f 6757 6758 6756
f 6759 6761 6760
f 6761 6762 6760
f 6763 6765 6764
f 6765 6766 6764
f 6767 6769 6768
f 6769 6770 6768
f 6771 6773 6772
f 6773 6774 6772
v -0.71000 0.81500 2.74000
v -0.49000 0.81500 2.74000
v -0.71000 0.66500 2.74000
v -0.49000 0.66500 2.74000
v -0.49000 0.81500 2.72000
v -0.71000 0.81500 2.72000
v -0.49000 0.66500 2.72000
v -0.71000 0.66500 2.72000
v -0.49000 0.81500 2.72000
v -0.49000 0.81500 2.74000
v -0.71000 0.81500 2.72000
v -0.71000 0.81500 2.74000
v -0.71000 0.66500 2.72000
v -0.71000 0.66500 2.74000
v -0.49000 0.66500 2.72000
v -0.49000 0.66500 2.74000
v -0.71000 0.81500 2.72000
v -0.71000 0.81500 2.74000
v -0.71000 0.66500 2.72000
v -0.71000 0.66500 2.74000
v -0.49000 0.81500 2.74000
v -0.49000 0.81500 2.72000
v -0.49000 0.66500 2.74000
v -0.49000 0.66500 2.72000
f 6775 6777 6776
f 6777 6778 6776
f 6779 6781 6780
f 6781 6782 6780
f 6783 6785 6784
f 6785 6786 6784
f 6787 6789 6788
f 6789 6790 6788
f 6791 6793 6792
f 6793 6794 6792
f 6795 6797 6796
f 6797 6798 6796
v -0.98500 0.81500 2.74000
v -0.76500 0.81500 2.74000
v -0.98500 0.66500 2.74000
v -0.76500 0.66500 2.74000
v -0.76500 0.81500 2.72000
v -0.98500 0.81500 2.72000
v -0.76500 0.66500 2.72000
v -0.98500 0.66500 2.72000
v -0.76500 0.81500 2.72000
v -0.76500 0.81500 2.74000
v -0.98500 0.81500 2.72000
v -0.98500 0.81500 2.74000
v -0.98500 0.66500 2.72000
v -0.98500 0.66500 2.74000
v -0.76500 0.66500 2.72000
v -0.76500 0.66500 2.74000
v -0.98500 0.81500 2.72000
v -0.98500 0.81500 2.74000
v -0.98500 0.66500 2.72000
v -0.98500 0.66500 2.74000
v -0.76500 0.81500 2.74000
v -0.76500 0.81500 2.72000
v -0.76500 0.66500 2.74000
v -0.76500 0.66500 2.72000
f 6799 6801 6800
f 6801 6802 6800
f 6803 6805 6804
f 6805 6806 6804
f 6807 6809 6808
f 6809 6810 6808
f 6811 6813 6812
f 6813 6814 6812
f 6815 6817 6816
f 6817 6818 6816
f 6819 6821 6820
f 6821 6822 6820
v 0.49000 0.81500 2.74000
v 0.71000 0.81500 2.74000
v 0.49000 0.66500 2.74000
v 0.71000 0.66500 2.74000
v 0.71000 0.81500 2.72000
v 0.49000 0.81500 2.72000
v 0.71000 0.66500 2.72000
v 0.49000 0.66500 2.72000
v 0.71000 0.81500 2.72000
v 0.71000 0.81500 2.74000
v 0.49000 0.81500 2.72000
v 0.49000 0.81500 2.74000
v 0.49000 0.66500 2.72000
v 0.49000 0.66500 2.74000
v 0.71000 0.66500 2.72000
v 0.71000 0.66500 2.74000
v 0.49000 0.81500 2.72000
v 0.49000 0.81500 2.74000
v 0.49000 0.66500 2.72000
v 0.49000 0.66500 2.74000
v 0.71000 0.81500 2.74000
v 0.71000 0.81500 2.72000
v 0.71000 0.66500 2.74000
v 0.71000 0.66500 2.72000
f 6823 6825 6824
f 6825 6826 6824
f 6827 6829 6828
f 6829 6830 6828
f 6831 6833 6832
f 6833 6834 6832
f 6835 6837 6836
f 6837 6838 6836
f 6839 6841 6840
f 6841 6842 6840
f 6843 6845 6844
f 6845 6846 6844
v 0.76500 0.81500 2.74000
v 0.98500 0.81500 2.74000
v 0.76500 0.66500 2.74000
v 0.98500 0.66500 2.74000
v 0.98500 0.81500 2.72000
v 0.76500 0.81500 2.72000
v 0.98500 0.66500 2.72000
v 0.76500 0.66500 2.72000
v 0.98500 0.81500 2.72000
v 0.98500 0.81500 2.74000
v 0.76500 0.81500 2.72000
v 0.76500 0.81500 2.74000
v 0.76500 0.66500 2.72000
v 0.76500 0.66500 2.74000
v 0.98500 0.66500 2.72000
v 0.98500 0.66500 2.74000
v 0.76500 0.81500 2.72000
v 0.76500 0.81500 2.74000
v 0.76500 0.66500 2.72000
v 0.76500 0.66500 2.74000
v 0.98500 0.81500 2.74000
v 0.98500 0.81500 2.72000
v 0.98500 0.66500 2.74000
v 0.98500 0.66500 2.72000
f 6847 6849 6848
f 6849 6850 6848
f 6851 6853 6852
f 6853 6854 6852
f 6855 6857 6856
f 6857 6858 6856
f 6859 6861 6860
f 6861 6862 6860
f 6863 6865 6864
f 6865 6866 6864
f 6867 6869 6868
f 6869 6870 6868
v -0.16000 0.52500 -2.78500
v 0.16000 0.52500 -2.78500
v -0.16000 0.38500 -2.78500
v 0.16000 0.38500 -2.78500
v 0.16000 0.52500 -2.81500
v -0.16000 0.52500 -2.81500
v 0.16000 0.38500 -2.81500
v -0.16000 0.38500 -2.81500
v 0.16000 0.52500 -2.81500
v 0.16000 0.52500 -2.78500
v -0.16000 0.52500 -2.81500
v -0.16000 0.52500 -2.78500
v -0.16000 0.38500 -2.81500
v -0.16000 0.38500 -2.78500
v 0.16000 0.38500 -2.81500
v 0.16000 0.38500 -2.78500
v -0.16000 0.52500 -2.81500
v -0.16000 0.52500 -2.78500
v -0.16000 0.38500 -2.81500
v -0.16000 0.38500 -2.78500
v 0.16000 0.52500 -2.78500
v 0.16000 0.52500 -2.81500
v 0.16000 0.38500 -2.78500
v 0.16000 0.38500 -2.81500
f 6871 6873 6872
f 6873 6874 6872
f 6875 6877 6876
f 6877 6878 6876
f 6879 6881 6880
f 6881 6882 6880
f 6883 6885 6884
f 6885 6886 6884
f 6887 6889 6888
f 6889 6890 6888
f 6891 6893 6892
f 6893 6894 6892
usemtl chrome
v -0.88000 1.43550 0.42500
v -0.83000 1.43550 0.42500
v -0.88000 1.40050 0.42500
v -0.83000 1.40050 0.42500
v -0.83000 1.43550 -1.17500
v -0.88000 1.43550 -1.17500
v -0.83000 1.40050 -1.17500
v -0.88000 1.40050 -1.17500
v -0.83000 1.43550 -1.17500
v -0.83000 1.43550 0.42500
v -0.88000 1.43550 -1.17500
v -0.88000 1.43550 0.42500
v -0.88000 1.40050 -1.17500
v -0.88000 1.40050 0.42500
v -0.83000 1.40050 -1.17500
v -0.83000 1.40050 0.42500
v -0.88000 1.43550 -1.17500
v -0.88000 1.43550 0.42500
v -0.88000 1.40050 -1.17500
v -0.88000 1.40050 0.42500
v -0.83000 1.43550 0.42500
v -0.83000 1.43550 -1.17500
v -0.83000 1.40050 0.42500
v -0.83000 1.40050 -1.17500
f 6895 6897 6896
f 6897 6898 6896
f 6899 6901 6900
f 6901 6902 6900
f 6903 6905 6904
f 6905 6906 6904
f 6907 6909 6908
f 6909 6910 6908
f 6911 6913 6912
f 6913 6914 6912
f 6915 6917 6916
f 6917 6918 6916
v -0.87300 1.05250 0.65000
v -0.84300 1.05250 0.65000
v -0.87300 1.01750 0.65000
v -0.84300 1.01750 0.65000
v -0.84300 1.05250 -1.35000
v -0.87300 1.05250 -1.35000
v -0.84300 1.01750 -1.35000
v -0.87300 1.01750 -1.35000
v -0.84300 1.05250 -1.35000
v -0.84300 1.05250 0.65000
v -0.87300 1.05250 -1.35000
v -0.87300 1.05250 0.65000
v -0.87300 1.01750 -1.35000
v -0.87300 1.01750 0.65000
v -0.84300 1.01750 -1.35000
v -0.84300 1.01750 0.65000
v -0.87300 1.05250 -1.35000
v -0.87300 1.05250 0.65000
v -0.87300 1.01750 -1.35000
v -0.87300 1.01750 0.65000
v -0.84300 1.05250 0.65000
v -0.84300 1.05250 -1.35000
v -0.84300 1.01750 0.65000
v -0.84300 1.01750 -1.35000
f 6919 6921 6920
f 6921 6922 6920
f 6923 6925 6924
f 6925 6926 6924
f 6927 6929 6928
f 6929 6930 6928
f 6931 6933 6932
f 6933 6934 6932
f 6935 6937 6936
f 6937 6938 6936
f 6939 6941 6940
f 6941 6942 6940
v 0.83000 1.43550 0.42500
v 0.88000 1.43550 0.42500
v 0.83000 1.40050 0.42500
v 0.88000 1.40050 0.42500
v 0.88000 1.43550 -1.17500
v 0.83000 1.43550 -1.17500
v 0.88000 1.40050 -1.17500
v 0.83000 1.40050 -1.17500
v 0.88000 1.43550 -1.17500
v 0.88000 1.43550 0.42500
v 0.83000 1.43550 -1.17500
v 0.83000 1.43550 0.42500
v 0.83000 1.40050 -1.17500
v 0.83000 1.40050 0.42500
v 0.88000 1.40050 -1.17500
v 0.88000 1.40050 0.42500
v 0.83000 1.43550 -1.17500
v 0.83000 1.43550 0.42500
v 0.83000 1.40050 -1.17500
v 0.83000 1.40050 0.42500
v 0.88000 1.43550 0.42500
v 0.88000 1.43550 -1.17500
v 0.88000 1.40050 0.42500
v 0.88000 1.40050 -1.17500
f 6943 6945 6944
f 6945 6946 6944
f 6947 6949 6948
f 6949 6950 6948
f 6951 6953 6952
f 6953 6954 6952
f 6955 6957 6956
f 6957 6958 6956
f 6959 6961 6960
f 6961 6962 6960
f 6963 6965 6964
f 6965 6966 6964
v 0.84300 1.05250 0.65000
v 0.87300 1.05250 0.65000
v 0.84300 1.01750 0.65000
v 0.87300 1.01750 0.65000
v 0.87300 1.05250 -1.35000
v 0.84300 1.05250 -1.35000
v 0.87300 1.01750 -1.35000
v 0.84300 1.01750 -1.35000
v 0.87300 1.05250 -1.35000
v 0.87300 1.05250 0.65000
v 0.84300 1.05250 -1.35000
v 0.84300 1.05250 0.65000
v 0.84300 1.01750 -1.35000
v 0.84300 1.01750 0.65000
v 0.87300 1.01750 -1.35000
v 0.87300 1.01750 0.65000
v 0.84300 1.05250 -1.35000
v 0.84300 1.05250 0.65000
v 0.84300 1.01750 -1.35000
v 0.84300 1.01750 0.65000
v 0.87300 1.05250 0.65000
v 0.87300 1.05250 -1.35000
v 0.87300 1.01750 0.65000
v 0.87300 1.01750 -1.35000
f 6967 6969 6968
f 6969 6970 6968
f 6971 6973 6972
f 6973 6974 6972
f 6975 6977 6976
f 6977 6978 6976
f 6979 6981 6980
f 6981 6982 6980
f 6983 6985 6984
f 6985 6986 6984
f 6987 6989 6988
f 6989 6990 6988
v -0.72500 1.43000 -0.52500
v -0.67500 1.43000 -0.52500
v -0.72500 0.77000 -0.52500
v -0.67500 0.77000 -0.52500
v -0.67500 1.43000 -0.57500
v -0.72500 1.43000 -0.57500
v -0.67500 0.77000 -0.57500
v -0.72500 0.77000 -0.57500
v -0.67500 1.43000 -0.57500
v -0.67500 1.43000 -0.52500
v -0.72500 1.43000 -0.57500
v -0.72500 1.43000 -0.52500
v -0.72500 0.77000 -0.57500
v -0.72500 0.77000 -0.52500
v -0.67500 0.77000 -0.57500
v -0.67500 0.77000 -0.52500
v -0.72500 1.43000 -0.57500
v -0.72500 1.43000 -0.52500
v -0.72500 0.77000 -0.57500
v -0.72500 0.77000 -0.52500
v -0.67500 1.43000 -0.52500
v -0.67500 1.43000 -0.57500
v -0.67500 0.77000 -0.52500
v -0.67500 0.77000 -0.57500
f 6991 6993 6992
f 6993 6994 6992
f 6995 6997 6996
f 6997 6998 6996
f 6999 7001 7000
f 7001 7002 7000
f 7003 7005 7004
f 7005 7006 7004
f 7007 7009 7008
f 7009 7010 7008
f 7011 7013 7012
f 7013 7014 7012
v 0.67500 1.43000 -0.52500
v 0.72500 1.43000 -0.52500
v 0.67500 0.77000 -0.52500
v 0.72500 0.77000 -0.52500
v 0.72500 1.43000 -0.57500
v 0.67500 1.43000 -0.57500
v 0.72500 0.77000 -0.57500
v 0.67500 0.77000 -0.57500
v 0.72500 1.43000 -0.57500
v 0.72500 1.43000 -0.52500
v 0.67500 1.43000 -0.57500
v 0.67500 1.43000 -0.52500
v 0.67500 0.77000 -0.57500
v 0.67500 0.77000 -0.52500
v 0.72500 0.77000 -0.57500
v 0.72500 0.77000 -0.52500
v 0.67500 1.43000 -0.57500
v 0.67500 1.43000 -0.52500
v 0.67500 0.77000 -0.57500
v 0.67500 0.77000 -0.52500
v 0.72500 1.43000 -0.52500
v 0.72500 1.43000 -0.57500
v 0.72500 0.77000 -0.52500
v 0.72500 0.77000 -0.57500
f 7015 7017 7016
f 7017 7018 7016
f 7019 7021 7020
f 7021 7022 7020
f 7023 7025 7024
f 7025 7026 7024
f 7027 7029 7028
f 7029 7030 7028
f 7031 7033 7032
f 7033 7034 7032
f 7035 7037 7036
f 7037 7038 7036
v -0.72500 1.42500 -0.52500
v 0.72500 1.42500 -0.52500
v -0.72500 1.37500 -0.52500
v 0.72500 1.37500 -0.52500
v 0.72500 1.42500 -0.57500
v -0.72500 1.42500 -0.57500
v 0.72500 1.37500 -0.57500
v -0.72500 1.37500 -0.57500
v 0.72500 1.42500 -0.57500
v 0.72500 1.42500 -0.52500
v -0.72500 1.42500 -0.57500
v -0.72500 1.42500 -0.52500
v -0.72500 1.37500 -0.57500
v -0.72500 1.37500 -0.52500
v 0.72500 1.37500 -0.57500
v 0.72500 1.37500 -0.52500
v -0.72500 1.42500 -0.57500
v -0.72500 1.42500 -0.52500
v -0.72500 1.37500 -0.57500
v -0.72500 1.37500 -0.52500
v 0.72500 1.42500 -0.52500
v 0.72500 1.42500 -0.57500
v 0.72500 1.37500 -0.52500
v 0.72500 1.37500 -0.57500
f 7039 7041 7040
f 7041 7042 7040
f 7043 7045 7044
f 7045 7046 7044
f 7047 7049 7048
f 7049 7050 7048
f 7051 7053 7052
f 7053 7054 7052
f 7055 7057 7056
f 7057 7058 7056
f 7059 7061 7060
f 7061 7062 7060
v -0.72500 1.07000 -0.52500
v 0.72500 1.07000 -0.52500
v -0.72500 1.02000 -0.52500
v 0.72500 1.02000 -0.52500
v 0.72500 1.07000 -0.57500
v -0.72500 1.07000 -0.57500
v 0.72500 1.02000 -0.57500
v -0.72500 1.02000 -0.57500
v 0.72500 1.07000 -0.57500
v 0.72500 1.07000 -0.52500
v -0.72500 1.07000 -0.57500
v -0.72500 1.07000 -0.52500
v -0.72500 1.02000 -0.57500
v -0.72500 1.02000 -0.52500
v 0.72500 1.02000 -0.57500
v 0.72500 1.02000 -0.52500
v -0.72500 1.07000 -0.57500
v -0.72500 1.07000 -0.52500
v -0.72500 1.02000 -0.57500
v -0.72500 1.02000 -0.52500
v 0.72500 1.07000 -0.52500
v 0.72500 1.07000 -0.57500
v 0.72500 1.02000 -0.52500
v 0.72500 1.02000 -0.57500
f 7063 7065 7064
f 7065 7066 7064
f 7067 7069 7068
f 7069 7070 7068
f 7071 7073 7072
f 7073 7074 7072
f 7075 7077 7076
f 7077 7078 7076
f 7079 7081 7080
f 7081 7082 7080
f 7083 7085 7084
f 7085 7086 7084
v 0.61400 1.39000 -0.55000
v 0.61706 1.39000 -0.54060
v 0.62506 1.39000 -0.53478
v 0.63494 1.39000 -0.53478
v 0.64294 1.39000 -0.54060
v 0.64600 1.39000 -0.55000
v 0.64294 1.39000 -0.55940
v 0.63494 1.39000 -0.56522
v 0.62506 1.39000 -0.56522
v 0.61706 1.39000 -0.55940
v 0.61400 1.39000 -0.55000
v 0.61400 1.05000 -0.55000
v 0.61706 1.05000 -0.54060
v 0.62506 1.05000 -0.53478
v 0.63494 1.05000 -0.53478
v 0.64294 1.05000 -0.54060
v 0.64600 1.05000 -0.55000
v 0.64294 1.05000 -0.55940
v 0.63494 1.05000 -0.56522
v 0.62506 1.05000 -0.56522
v 0.61706 1.05000 -0.55940
v 0.61400 1.05000 -0.55000
v 0.63000 1.39000 -0.55000
v 0.63000 1.39000 -0.55000
v 0.63000 1.39000 -0.55000
v 0.63000 1.39000 -0.55000
v 0.63000 1.39000 -0.55000
v 0.63000 1.39000 -0.55000
v 0.63000 1.39000 -0.55000
v 0.63000 1.39000 -0.55000
v 0.63000 1.39000 -0.55000
v 0.63000 1.39000 -0.55000
v 0.61400 1.39000 -0.55000
v 0.61706 1.39000 -0.54060
v 0.62506 1.39000 -0.53478
v 0.63494 1.39000 -0.53478
v 0.64294 1.39000 -0.54060
v 0.64600 1.39000 -0.55000
v 0.64294 1.39000 -0.55940
v 0.63494 1.39000 -0.56522
v 0.62506 1.39000 -0.56522
v 0.61706 1.39000 -0.55940
v 0.61400 1.39000 -0.55000
v 0.63000 1.05000 -0.55000
v 0.63000 1.05000 -0.55000
v 0.63000 1.05000 -0.55000
v 0.63000 1.05000 -0.55000
v 0.63000 1.05000 -0.55000
v 0.63000 1.05000 -0.55000
v 0.63000 1.05000 -0.55000
v 0.63000 1.05000 -0.55000
v 0.63000 1.05000 -0.55000
v 0.63000 1.05000 -0.55000
v 0.61400 1.05000 -0.55000
v 0.61706 1.05000 -0.54060
v 0.62506 1.05000 -0.53478
v 0.63494 1.05000 -0.53478
v 0.64294 1.05000 -0.54060
v 0.64600 1.05000 -0.55000
v 0.64294 1.05000 -0.55940
v 0.63494 1.05000 -0.56522
v 0.62506 1.05000 -0.56522
v 0.61706 1.05000 -0.55940
v 0.61400 1.05000 -0.55000
f 7087 7098 7088
f 7098 7099 7088
f 7088 7099 7089
f 7099 7100 7089
f 7089 7100 7090
f 7100 7101 7090
f 7090 7101 7091
f 7101 7102 7091
f 7091 7102 7092
f 7102 7103 7092
f 7092 7103 7093
f 7103 7104 7093
f 7093 7104 7094
f 7104 7105 7094
f 7094 7105 7095
f 7105 7106 7095
f 7095 7106 7096
f 7106 7107 7096
f 7096 7107 7097
f 7107 7108 7097
f 7119 7120 7109
f 7120 7121 7110
f 7121 7122 7111
f 7122 7123 7112
f 7123 7124 7113
f 7124 7125 7114
f 7125 7126 7115
f 7126 7127 7116
f 7127 7128 7117
f 7128 7129 7118
f 7141 7140 7130
f 7142 7141 7131
f 7143 7142 7132
f 7144 7143 7133
f 7145 7144 7134
f 7146 7145 7135
f 7147 7146 7136
f 7148 7147 7137
f 7149 7148 7138
f 7150 7149 7139
v 0.40400 1.39000 -0.55000
v 0.40706 1.39000 -0.54060
v 0.41506 1.39000 -0.53478
v 0.42494 1.39000 -0.53478
v 0.43294 1.39000 -0.54060
v 0.43600 1.39000 -0.55000
v 0.43294 1.39000 -0.55940
v 0.42494 1.39000 -0.56522
v 0.41506 1.39000 -0.56522
v 0.40706 1.39000 -0.55940
v 0.40400 1.39000 -0.55000
v 0.40400 1.05000 -0.55000
v 0.40706 1.05000 -0.54060
v 0.41506 1.05000 -0.53478
v 0.42494 1.05000 -0.53478
v 0.43294 1.05000 -0.54060
v 0.43600 1.05000 -0.55000
v 0.43294 1.05000 -0.55940
v 0.42494 1.05000 -0.56522
v 0.41506 1.05000 -0.56522
v 0.40706 1.05000 -0.55940
v 0.40400 1.05000 -0.55000
v 0.42000 1.39000 -0.55000
v 0.42000 1.39000 -0.55000
v 0.42000 1.39000 -0.55000
v 0.42000 1.39000 -0.55000
v 0.42000 1.39000 -0.55000
v 0.42000 1.39000 -0.55000
v 0.42000 1.39000 -0.55000
v 0.42000 1.39000 -0.55000
v 0.42000 1.39000 -0.55000
v 0.42000 1.39000 -0.55000
v 0.40400 1.39000 -0.55000
v 0.40706 1.39000 -0.54060
v 0.41506 1.39000 -0.53478
v 0.42494 1.39000 -0.53478
v 0.43294 1.39000 -0.54060
v 0.43600 1.39000 -0.55000
v 0.43294 1.39000 -0.55940
v 0.42494 1.39000 -0.56522
v 0.41506 1.39000 -0.56522
v 0.40706 1.39000 -0.55940
v 0.40400 1.39000 -0.55000
v 0.42000 1.05000 -0.55000
v 0.42000 1.05000 -0.55000
v 0.42000 1.05000 -0.55000
v 0.42000 1.05000 -0.55000
v 0.42000 1.05000 -0.55000
v 0.42000 1.05000 -0.55000
v 0.42000 1.05000 -0.55000
v 0.42000 1.05000 -0.55000
v 0.42000 1.05000 -0.55000
v 0.42000 1.05000 -0.55000
v 0.40400 1.05000 -0.55000
v 0.40706 1.05000 -0.54060
v 0.41506 1.05000 -0.53478
v 0.42494 1.05000 -0.53478
v 0.43294 1.05000 -0.54060
v 0.43600 1.05000 -0.55000
v 0.43294 1.05000 -0.55940
v 0.42494 1.05000 -0.56522
v 0.41506 1.05000 -0.56522
v 0.40706 1.05000 -0.55940
v 0.40400 1.05000 -0.55000
f 7151 7162 7152
f 7162 7163 7152
f 7152 7163 7153
f 7163 7164 7153
f 7153 7164 7154
f 7164 7165 7154
f 7154 7165 7155
f 7165 7166 7155
f 7155 7166 7156
f 7166 7167 7156
f 7156 7167 7157
f 7167 7168 7157
f 7157 7168 7158
f 7168 7169 7158
f 7158 7169 7159
f 7169 7170 7159
f 7159 7170 7160
f 7170 7171 7160
f 7160 7171 7161
f 7171 7172 7161
f 7183 7184 7173
f 7184 7185 7174
f 7185 7186 7175
f 7186 7187 7176
f 7187 7188 7177
f 7188 7189 7178
f 7189 7190 7179
f 7190 7191 7180
f 7191 7192 7181
f 7192 7193 7182
f 7205 7204 7194
f 7206 7205 7195
f 7207 7206 7196
f 7208 7207 7197
f 7209 7208 7198
f 7210 7209 7199
f 7211 7210 7200
f 7212 7211 7201
f 7213 7212 7202
f 7214 7213 7203
v 0.19400 1.39000 -0.55000
v 0.19706 1.39000 -0.54060
v 0.20506 1.39000 -0.53478
v 0.21494 1.39000 -0.53478
v 0.22294 1.39000 -0.54060
v 0.22600 1.39000 -0.55000
v 0.22294 1.39000 -0.55940
v 0.21494 1.39000 -0.56522
v 0.20506 1.39000 -0.56522
v 0.19706 1.39000 -0.55940
v 0.19400 1.39000 -0.55000
v 0.19400 1.05000 -0.55000
v 0.19706 1.05000 -0.54060
v 0.20506 1.05000 -0.53478
v 0.21494 1.05000 -0.53478
v 0.22294 1.05000 -0.54060
v 0.22600 1.05000 -0.55000
v 0.22294 1.05000 -0.55940
v 0.21494 1.05000 -0.56522
v 0.20506 1.05000 -0.56522
v 0.19706 1.05000 -0.55940
v 0.19400 1.05000 -0.55000
v 0.21000 1.39000 -0.55000
v 0.21000 1.39000 -0.55000
v 0.21000 1.39000 -0.55000
v 0.21000 1.39000 -0.55000
v 0.21000 1.39000 -0.55000
v 0.21000 1.39000 -0.55000
v 0.21000 1.39000 -0.55000
v 0.21000 1.39000 -0.55000
v 0.21000 1.39000 -0.55000
v 0.21000 1.39000 -0.55000
v 0.19400 1.39000 -0.55000
v 0.19706 1.39000 -0.54060
v 0.20506 1.39000 -0.53478
v 0.21494 1.39000 -0.53478
v 0.22294 1.39000 -0.54060
v 0.22600 1.39000 -0.55000
v 0.22294 1.39000 -0.55940
v 0.21494 1.39000 -0.56522
v 0.20506 1.39000 -0.56522
v 0.19706 1.39000 -0.55940
v 0.19400 1.39000 -0.55000
v 0.21000 1.05000 -0.55000
v 0.21000 1.05000 -0.55000
v 0.21000 1.05000 -0.55000
v 0.21000 1.05000 -0.55000
v 0.21000 1.05000 -0.55000
v 0.21000 1.05000 -0.55000
v 0.21000 1.05000 -0.55000
v 0.21000 1.05000 -0.55000
v 0.21000 1.05000 -0.55000
v 0.21000 1.05000 -0.55000
v 0.19400 1.05000 -0.55000
v 0.19706 1.05000 -0.54060
v 0.20506 1.05000 -0.53478
v 0.21494 1.05000 -0.53478
v 0.22294 1.05000 -0.54060
v 0.22600 1.05000 -0.55000
v 0.22294 1.05000 -0.55940
v 0.21494 1.05000 -0.56522
v 0.20506 1.05000 -0.56522
v 0.19706 1.05000 -0.55940
v 0.19400 1.05000 -0.55000
f 7215 7226 7216
f 7226 7227 7216
f 7216 7227 7217
f 7227 7228 7217
f 7217 7228 7218
f 7228 7229 7218
f 7218 7229 7219
f 7229 7230 7219
f 7219 7230 7220
f 7230 7231 7220
f 7220 7231 7221
f 7231 7232 7221
f 7221 7232 7222
f 7232 7233 7222
f 7222 7233 7223
f 7233 7234 7223
f 7223 7234 7224
f 7234 7235 7224
f 7224 7235 7225
f 7235 7236 7225
f 7247 7248 7237
f 7248 7249 7238
f 7249 7250 7239
f 7250 7251 7240
f 7251 7252 7241
f 7252 7253 7242
f 7253 7254 7243
f 7254 7255 7244
f 7255 7256 7245
f 7256 7257 7246
f 7269 7268 7258
f 7270 7269 7259
f 7271 7270 7260
f 7272 7271 7261
f 7273 7272 7262
f 7274 7273 7263
f 7275 7274 7264
f 7276 7275 7265
f 7277 7276 7266
f 7278 7277 7267
v -0.01600 1.39000 -0.55000
v -0.01294 1.39000 -0.54060
v -0.00494 1.39000 -0.53478
v 0.00494 1.39000 -0.53478
v 0.01294 1.39000 -0.54060
v 0.01600 1.39000 -0.55000
v 0.01294 1.39000 -0.55940
v 0.00494 1.39000 -0.56522
v -0.00494 1.39000 -0.56522
v -0.01294 1.39000 -0.55940
v -0.01600 1.39000 -0.55000
v -0.01600 1.05000 -0.55000
v -0.01294 1.05000 -0.54060
v -0.00494 1.05000 -0.53478
v 0.00494 1.05000 -0.53478
v 0.01294 1.05000 -0.54060
v 0.01600 1.05000 -0.55000
v 0.01294 1.05000 -0.55940
v 0.00494 1.05000 -0.56522
v -0.00494 1.05000 -0.56522
v -0.01294 1.05000 -0.55940
v -0.01600 1.05000 -0.55000
v -0.00000 1.39000 -0.55000
v -0.00000 1.39000 -0.55000
v -0.00000 1.39000 -0.55000
v -0.00000 1.39000 -0.55000
v -0.00000 1.39000 -0.55000
v -0.00000 1.39000 -0.55000
v -0.00000 1.39000 -0.55000
v -0.00000 1.39000 -0.55000
v -0.00000 1.39000 -0.55000
v -0.00000 1.39000 -0.55000
v -0.01600 1.39000 -0.55000
v -0.01294 1.39000 -0.54060
v -0.00494 1.39000 -0.53478
v 0.00494 1.39000 -0.53478
v 0.01294 1.39000 -0.54060
v 0.01600 1.39000 -0.55000
v 0.01294 1.39000 -0.55940
v 0.00494 1.39000 -0.56522
v -0.00494 1.39000 -0.56522
v -0.01294 1.39000 -0.55940
v -0.01600 1.39000 -0.55000
v -0.00000 1.05000 -0.55000
v -0.00000 1.05000 -0.55000
v -0.00000 1.05000 -0.55000
v -0.00000 1.05000 -0.55000
v -0.00000 1.05000 -0.55000
v -0.00000 1.05000 -0.55000
v -0.00000 1.05000 -0.55000
v -0.00000 1.05000 -0.55000
v -0.00000 1.05000 -0.55000
v -0.00000 1.05000 -0.55000
v -0.01600 1.05000 -0.55000
v -0.01294 1.05000 -0.54060
v -0.00494 1.05000 -0.53478
v 0.00494 1.05000 -0.53478
v 0.01294 1.05000 -0.54060
v 0.01600 1.05000 -0.55000
v 0.01294 1.05000 -0.55940
v 0.00494 1.05000 -0.56522
v -0.00494 1.05000 -0.56522
v -0.01294 1.05000 -0.55940
v -0.01600 1.05000 -0.55000
f 7279 7290 7280
f 7290 7291 7280
f 7280 7291 7281
f 7291 7292 7281
f 7281 7292 7282
f 7292 7293 7282
f 7282 7293 7283
f 7293 7294 7283
f 7283 7294 7284
f 7294 7295 7284
f 7284 7295 7285
f 7295 7296 7285
f 7285 7296 7286
f 7296 7297 7286
f 7286 7297 7287
f 7297 7298 7287
f 7287 7298 7288
f 7298 7299 7288
f 7288 7299 7289
f 7299 7300 7289
f 7311 7312 7301
f 7312 7313 7302
f 7313 7314 7303
f 7314 7315 7304
f 7315 7316 7305
f 7316 7317 7306
f 7317 7318 7307
f 7318 7319 7308
f 7319 7320 7309
f 7320 7321 7310
f 7333 7332 7322
f 7334 7333 7323
f 7335 7334 7324
f 7336 7335 7325
f 7337 7336 7326
f 7338 7337 7327
f 7339 7338 7328
f 7340 7339 7329
f 7341 7340 7330
f 7342 7341 7331
v -0.22600 1.39000 -0.55000
v -0.22294 1.39000 -0.54060
v -0.21494 1.39000 -0.53478
v -0.20506 1.39000 -0.53478
v -0.19706 1.39000 -0.54060
v -0.19400 1.39000 -0.55000
v -0.19706 1.39000 -0.55940
v -0.20506 1.39000 -0.56522
v -0.21494 1.39000 -0.56522
v -0.22294 1.39000 -0.55940
v -0.22600 1.39000 -0.55000
v -0.22600 1.05000 -0.55000
v -0.22294 1.05000 -0.54060
v -0.21494 1.05000 -0.53478
v -0.20506 1.05000 -0.53478
v -0.19706 1.05000 -0.54060
v -0.19400 1.05000 -0.55000
v -0.19706 1.05000 -0.55940
v -0.20506 1.05000 -0.56522
v -0.21494 1.05000 -0.56522
v -0.22294 1.05000 -0.55940
v -0.22600 1.05000 -0.55000
v -0.21000 1.39000 -0.55000
v -0.21000 1.39000 -0.55000
v -0.21000 1.39000 -0.55000
v -0.21000 1.39000 -0.55000
v -0.21000 1.39000 -0.55000
v -0.21000 1.39000 -0.55000
v -0.21000 1.39000 -0.55000
v -0.21000 1.39000 -0.55000
v -0.21000 1.39000 -0.55000
v -0.21000 1.39000 -0.55000
v -0.22600 1.39000 -0.55000
v -0.22294 1.39000 -0.54060
v -0.21494 1.39000 -0.53478
v -0.20506 1.39000 -0.53478
v -0.19706 1.39000 -0.54060
v -0.19400 1.39000 -0.55000
v -0.19706 1.39000 -0.55940
v -0.20506 1.39000 -0.56522
v -0.21494 1.39000 -0.56522
v -0.22294 1.39000 -0.55940
v -0.22600 1.39000 -0.55000
v -0.21000 1.05000 -0.55000
v -0.21000 1.05000 -0.55000
v -0.21000 1.05000 -0.55000
v -0.21000 1.05000 -0.55000
v -0.21000 1.05000 -0.55000
v -0.21000 1.05000 -0.55000
v -0.21000 1.05000 -0.55000
v -0.21000 1.05000 -0.55000
v -0.21000 1.05000 -0.55000
v -0.21000 1.05000 -0.55000
v -0.22600 1.05000 -0.55000
v -0.22294 1.05000 -0.54060
v -0.21494 1.05000 -0.53478
v -0.20506 1.05000 -0.53478
v -0.19706 1.05000 -0.54060
v -0.19400 1.05000 -0.55000
v -0.19706 1.05000 -0.55940
v -0.20506 1.05000 -0.56522
v -0.21494 1.05000 -0.56522
v -0.22294 1.05000 -0.55940
v -0.22600 1.05000 -0.55000
f 7343 7354 7344
f 7354 7355 7344
f 7344 7355 7345
f 7355 7356 7345
f 7345 7356 7346
f 7356 7357 7346
f 7346 7357 7347
f 7357 7358 7347
f 7347 7358 7348
f 7358 7359 7348
f 7348 7359 7349
f 7359 7360 7349
f 7349 7360 7350
f 7360 7361 7350
f 7350 7361 7351
f 7361 7362 7351
f 7351 7362 7352
f 7362 7363 7352
f 7352 7363 7353
f 7363 7364 7353
f 7375 7376 7365
f 7376 7377 7366
f 7377 7378 7367
f 7378 7379 7368
f 7379 7380 7369
f 7380 7381 7370
f 7381 7382 7371
f 7382 7383 7372
f 7383 7384 7373
f 7384 7385 7374
f 7397 7396 7386
f 7398 7397 7387
f 7399 7398 7388
f 7400 7399 7389
f 7401 7400 7390
f 7402 7401 7391
f 7403 7402 7392
f 7404 7403 7393
f 7405 7404 7394
f 7406 7405 7395
v -0.43600 1.39000 -0.55000
v -0.43294 1.39000 -0.54060
v -0.42494 1.39000 -0.53478
v -0.41506 1.39000 -0.53478
v -0.40706 1.39000 -0.54060
v -0.40400 1.39000 -0.55000
v -0.40706 1.39000 -0.55940
v -0.41506 1.39000 -0.56522
v -0.42494 1.39000 -0.56522
v -0.43294 1.39000 -0.55940
v -0.43600 1.39000 -0.55000
v -0.43600 1.05000 -0.55000
v -0.43294 1.05000 -0.54060
v -0.42494 1.05000 -0.53478
v -0.41506 1.05000 -0.53478
v -0.40706 1.05000 -0.54060
v -0.40400 1.05000 -0.55000
v -0.40706 1.05000 -0.55940
v -0.41506 1.05000 -0.56522
v -0.42494 1.05000 -0.56522
v -0.43294 1.05000 -0.55940
v -0.43600 1.05000 -0.55000
v -0.42000 1.39000 -0.55000
v -0.42000 1.39000 -0.55000
v -0.42000 1.39000 -0.55000
v -0.42000 1.39000 -0.55000
v -0.42000 1.39000 -0.55000
v -0.42000 1.39000 -0.55000
v -0.42000 1.39000 -0.55000
v -0.42000 1.39000 -0.55000
v -0.42000 1.39000 -0.55000
v -0.42000 1.39000 -0.55000
v -0.43600 1.39000 -0.55000
v -0.43294 1.39000 -0.54060
v -0.42494 1.39000 -0.53478
v -0.41506 1.39000 -0.53478
v -0.40706 1.39000 -0.54060
v -0.40400 1.39000 -0.55000
v -0.40706 1.39000 -0.55940
v -0.41506 1.39000 -0.56522
v -0.42494 1.39000 -0.56522
v -0.43294 1.39000 -0.55940
v -0.43600 1.39000 -0.55000
v -0.42000 1.05000 -0.55000
v -0.42000 1.05000 -0.55000
v -0.42000 1.05000 -0.55000
v -0.42000 1.05000 -0.55000
v -0.42000 1.05000 -0.55000
v -0.42000 1.05000 -0.55000
v -0.42000 1.05000 -0.55000
v -0.42000 1.05000 -0.55000
v -0.42000 1.05000 -0.55000
v -0.42000 1.05000 -0.55000
v -0.43600 1.05000 -0.55000
v -0.43294 1.05000 -0.54060
v -0.42494 1.05000 -0.53478
v -0.41506 1.05000 -0.53478
v -0.40706 1.05000 -0.54060
v -0.40400 1.05000 -0.55000
v -0.40706 1.05000 -0.55940
v -0.41506 1.05000 -0.56522
v -0.42494 1.05000 -0.56522
v -0.43294 1.05000 -0.55940
v -0.43600 1.05000 -0.55000
f 7407 7418 7408
f 7418 7419 7408
f 7408 7419 7409
f 7419 7420 7409
f 7409 7420 7410
f 7420 7421 7410
f 7410 7421 7411
f 7421 7422 7411
f 7411 7422 7412
f 7422 7423 7412
f 7412 7423 7413
f 7423 7424 7413
f 7413 7424 7414
f 7424 7425 7414
f 7414 7425 7415
f 7425 7426 7415
f 7415 7426 7416
f 7426 7427 7416
f 7416 7427 7417
f 7427 7428 7417
f 7439 7440 7429
f 7440 7441 7430
f 7441 7442 7431
f 7442 7443 7432
f 7443 7444 7433
f 7444 7445 7434
f 7445 7446 7435
f 7446 7447 7436
f 7447 7448 7437
f 7448 7449 7438
f 7461 7460 7450
f 7462 7461 7451
f 7463 7462 7452
f 7464 7463 7453
f 7465 7464 7454
f 7466 7465 7455
f 7467 7466 7456
f 7468 7467 7457
f 7469 7468 7458
f 7470 7469 7459
v -0.64600 1.39000 -0.55000
v -0.64294 1.39000 -0.54060
v -0.63494 1.39000 -0.53478
v -0.62506 1.39000 -0.53478
v -0.61706 1.39000 -0.54060
v -0.61400 1.39000 -0.55000
v -0.61706 1.39000 -0.55940
v -0.62506 1.39000 -0.56522
v -0.63494 1.39000 -0.56522
v -0.64294 1.39000 -0.55940
v -0.64600 1.39000 -0.55000
v -0.64600 1.05000 -0.55000
v -0.64294 1.05000 -0.54060
v -0.63494 1.05000 -0.53478
v -0.62506 1.05000 -0.53478
v -0.61706 1.05000 -0.54060
v -0.61400 1.05000 -0.55000
v -0.61706 1.05000 -0.55940
v -0.62506 1.05000 -0.56522
v -0.63494 1.05000 -0.56522
v -0.64294 1.05000 -0.55940
v -0.64600 1.05000 -0.55000
v -0.63000 1.39000 -0.55000
v -0.63000 1.39000 -0.55000
v -0.63000 1.39000 -0.55000
v -0.63000 1.39000 -0.55000
v -0.63000 1.39000 -0.55000
v -0.63000 1.39000 -0.55000
v -0.63000 1.39000 -0.55000
v -0.63000 1.39000 -0.55000
v -0.63000 1.39000 -0.55000
v -0.63000 1.39000 -0.55000
v -0.64600 1.39000 -0.55000
v -0.64294 1.39000 -0.54060
v -0.63494 1.39000 -0.53478
v -0.62506 1.39000 -0.53478
v -0.61706 1.39000 -0.54060
v -0.61400 1.39000 -0.55000
v -0.61706 1.39000 -0.55940
v -0.62506 1.39000 -0.56522
v -0.63494 1.39000 -0.56522
v -0.64294 1.39000 -0.55940
v -0.64600 1.39000 -0.55000
v -0.63000 1.05000 -0.55000
v -0.63000 1.05000 -0.55000
v -0.63000 1.05000 -0.55000
v -0.63000 1.05000 -0.55000
v -0.63000 1.05000 -0.55000
v -0.63000 1.05000 -0.55000
v -0.63000 1.05000 -0.55000
v -0.63000 1.05000 -0.55000
v -0.63000 1.05000 -0.55000
v -0.63000 1.05000 -0.55000
v -0.64600 1.05000 -0.55000
v -0.64294 1.05000 -0.54060
v -0.63494 1.05000 -0.53478
v -0.62506 1.05000 -0.53478
v -0.61706 1.05000 -0.54060
v -0.61400 1.05000 -0.55000
v -0.61706 1.05000 -0.55940
v -0.62506 1.05000 -0.56522
v -0.63494 1.05000 -0.56522
v -0.64294 1.05000 -0.55940
v -0.64600 1.05000 -0.55000
f 7471 7482 7472
f 7482 7483 7472
f 7472 7483 7473
f 7483 7484 7473
f 7473 7484 7474
f 7484 7485 7474
f 7474 7485 7475
f 7485 7486 7475
f 7475 7486 7476
f 7486 7487 7476
f 7476 7487 7477
f 7487 7488 7477
f 7477 7488 7478
f 7488 7489 7478
f 7478 7489 7479
f 7489 7490 7479
f 7479 7490 7480
f 7490 7491 7480
f 7480 7491 7481
f 7491 7492 7481
f 7503 7504 7493
f 7504 7505 7494
f 7505 7506 7495
f 7506 7507 7496
f 7507 7508 7497
f 7508 7509 7498
f 7509 7510 7499
f 7510 7511 7500
f 7511 7512 7501
f 7512 7513 7502
f 7525 7524 7514
f 7526 7525 7515
f 7527 7526 7516
f 7528 7527 7517
f 7529 7528 7518
f 7530 7529 7519
f 7531 7530 7520
f 7532 7531 7521
f 7533 7532 7522
f 7534 7533 7523
v -1.01500 0.14500 1.75000
v -1.01500 0.14827 1.78733
v -1.01500 0.15797 1.82353
v -1.01500 0.17380 1.85750
v -1.01500 0.19530 1.88820
v -1.01500 0.22180 1.91470
v -1.01500 0.25250 1.93620
v -1.01500 0.28647 1.95203
v -1.01500 0.32267 1.96173
v -1.01500 0.36000 1.96500
v -1.01500 0.39733 1.96173
v -1.01500 0.43353 1.95203
v -1.01500 0.46750 1.93620
v -1.01500 0.49820 1.91470
v -1.01500 0.52470 1.88820
v -1.01500 0.54620 1.85750
v -1.01500 0.56203 1.82353
v -1.01500 0.57173 1.78733
v -1.01500 0.57500 1.75000
v -1.01500 0.57173 1.71267
v -1.01500 0.56203 1.67647
v -1.01500 0.54620 1.64250
v -1.01500 0.52470 1.61180
v -1.01500 0.49820 1.58530
v -1.01500 0.46750 1.56380
v -1.01500 0.43353 1.54797
v -1.01500 0.39733 1.53827
v -1.01500 0.36000 1.53500
v -1.01500 0.32267 1.53827
v -1.01500 0.28647 1.54797
v -1.01500 0.25250 1.56380
v -1.01500 0.22180 1.58530
v -1.01500 0.19530 1.61180
v -1.01500 0.17380 1.64250
v -1.01500 0.15797 1.67647
v -1.01500 0.14827 1.71267
v -1.01500 0.14500 1.75000
v -0.98500 0.14500 1.75000
v -0.98500 0.14827 1.78733
v -0.98500 0.15797 1.82353
v -0.98500 0.17380 1.85750
v -0.98500 0.19530 1.88820
v -0.98500 0.22180 1.91470
v -0.98500 0.25250 1.93620
v -0.98500 0.28647 1.95203
v -0.98500 0.32267 1.96173
v -0.98500 0.36000 1.96500
v -0.98500 0.39733 1.96173
v -0.98500 0.43353 1.95203
v -0.98500 0.46750 1.93620
v -0.98500 0.49820 1.91470
v -0.98500 0.52470 1.88820
v -0.98500 0.54620 1.85750
v -0.98500 0.56203 1.82353
v -0.98500 0.57173 1.78733
v -0.98500 0.57500 1.75000
v -0.98500 0.57173 1.71267
v -0.98500 0.56203 1.67647
v -0.98500 0.54620 1.64250
v -0.98500 0.52470 1.61180
v -0.98500 0.49820 1.58530
v -0.98500 0.46750 1.56380
v -0.98500 0.43353 1.54797
v -0.98500 0.39733 1.53827
v -0.98500 0.36000 1.53500
v -0.98500 0.32267 1.53827
v -0.98500 0.28647 1.54797
v -0.98500 0.25250 1.56380
v -0.98500 0.22180 1.58530
v -0.98500 0.19530 1.61180
v -0.98500 0.17380 1.64250
v -0.98500 0.15797 1.67647
v -0.98500 0.14827 1.71267
v -0.98500 0.14500 1.75000
v -1.01500 0.36000 1.75000
v -1.01500 0.36000 1.75000
v -1.01500 0.36000 1.75000
v -1.01500 0.36000 1.75000
v -1.01500 0.36000 1.75000
v -1.01500 0.36000 1.75000
v -1.01500 0.36000 1.75000
v -1.01500 0.36000 1.75000
v -1.01500 0.36000 1.75000
v -1.01500 0.36000 1.75000
v -1.01500 0.36000 1.75000
v -1.01500 0.36000 1.75000
v -1.01500 0.36000 1.75000
v -1.01500 0.36000 1.75000
v -1.01500 0.36000 1.75000
v -1.01500 0.36000 1.75000
v -1.01500 0.36000 1.75000
v -1.01500 0.36000 1.75000
v -1.01500 0.36000 1.75000
v -1.01500 0.36000 1.75000
v -1.01500 0.36000 1.75000
v -1.01500 0.36000 1.75000
v -1.01500 0.36000 1.75000
v -1.01500 0.36000 1.75000
v -1.01500 0.36000 1.75000
v -1.01500 0.36000 1.75000
v -1.01500 0.36000 1.75000
v -1.01500 0.36000 1.75000
v -1.01500 0.36000 1.75000
v -1.01500 0.36000 1.75000
v -1.01500 0.36000 1.75000
v -1.01500 0.36000 1.75000
v -1.01500 0.36000 1.75000
v -1.01500 0.36000 1.75000
v -1.01500 0.36000 1.75000
v -1.01500 0.36000 1.75000
v -1.01500 0.14500 1.75000
v -1.01500 0.14827 1.78733
v -1.01500 0.15797 1.82353
v -1.01500 0.17380 1.85750
v -1.01500 0.19530 1.88820
v -1.01500 0.22180 1.91470
v -1.01500 0.25250 1.93620
v -1.01500 0.28647 1.95203
v -1.01500 0.32267 1.96173
v -1.01500 0.36000 1.96500
v -1.01500 0.39733 1.96173
v -1.01500 0.43353 1.95203
v -1.01500 0.46750 1.93620
v -1.01500 0.49820 1.91470
v -1.01500 0.52470 1.88820
v -1.01500 0.54620 1.85750
v -1.01500 0.56203 1.82353
v -1.01500 0.57173 1.78733
v -1.01500 0.57500 1.75000
v -1.01500 0.57173 1.71267
v -1.01500 0.56203 1.67647
v -1.01500 0.54620 1.64250
v -1.01500 0.52470 1.61180
v -1.01500 0.49820 1.58530
v -1.01500 0.46750 1.56380
v -1.01500 0.43353 1.54797
v -1.01500 0.39733 1.53827
v -1.01500 0.36000 1.53500
v -1.01500 0.32267 1.53827
v -1.01500 0.28647 1.54797
v -1.01500 0.25250 1.56380
v -1.01500 0.22180 1.58530
v -1.01500 0.19530 1.61180
v -1.01500 0.17380 1.64250
v -1.01500 0.15797 1.67647
v -1.01500 0.14827 1.71267
v -1.01500 0.14500 1.75000
v -0.98500 0.36000 1.75000
v -0.98500 0.36000 1.75000
v -0.98500 0.36000 1.75000
v -0.98500 0.36000 1.75000
v -0.98500 0.36000 1.75000
v -0.98500 0.36000 1.75000
v -0.98500 0.36000 1.75000
v -0.98500 0.36000 1.75000
v -0.98500 0.36000 1.75000
v -0.98500 0.36000 1.75000
v -0.98500 0.36000 1.75000
v -0.98500 0.36000 1.75000
v -0.98500 0.36000 1.75000
v -0.98500 0.36000 1.75000
v -0.98500 0.36000 1.75000
v -0.98500 0.36000 1.75000
v -0.98500 0.36000 1.75000
v -0.98500 0.36000 1.75000
v -0.98500 0.36000 1.75000
v -0.98500 0.36000 1.75000
v -0.98500 0.36000 1.75000
v -0.98500 0.36000 1.75000
v -0.98500 0.36000 1.75000
v -0.98500 0.36000 1.75000
v -0.98500 0.36000 1.75000
v -0.98500 0.36000 1.75000
v -0.98500 0.36000 1.75000
v -0.98500 0.36000 1.75000
v -0.98500 0.36000 1.75000
v -0.98500 0.36000 1.75000
v -0.98500 0.36000 1.75000
v -0.98500 0.36000 1.75000
v -0.98500 0.36000 1.75000
v -0.98500 0.36000 1.75000
v -0.98500 0.36000 1.75000
v -0.98500 0.36000 1.75000
v -0.98500 0.14500 1.75000
v -0.98500 0.14827 1.78733
v -0.98500 0.15797 1.82353
v -0.98500 0.17380 1.85750
v -0.98500 0.19530 1.88820
v -0.98500 0.22180 1.91470
v -0.98500 0.25250 1.93620
v -0.98500 0.28647 1.95203
v -0.98500 0.32267 1.96173
v -0.98500 0.36000 1.96500
v -0.98500 0.39733 1.96173
v -0.98500 0.43353 1.95203
v -0.98500 0.46750 1.93620
v -0.98500 0.49820 1.91470
v -0.98500 0.52470 1.88820
v -0.98500 0.54620 1.85750
v -0.98500 0.56203 1.82353
v -0.98500 0.57173 1.78733
v -0.98500 0.57500 1.75000
v -0.98500 0.57173 1.71267
v -0.98500 0.56203 1.67647
v -0.98500 0.54620 1.64250
v -0.98500 0.52470 1.61180
v -0.98500 0.49820 1.58530
v -0.98500 0.46750 1.56380
v -0.98500 0.43353 1.54797
v -0.98500 0.39733 1.53827
v -0.98500 0.36000 1.53500
v -0.98500 0.32267 1.53827
v -0.98500 0.28647 1.54797
v -0.98500 0.25250 1.56380
v -0.98500 0.22180 1.58530
v -0.98500 0.19530 1.61180
v -0.98500 0.17380 1.64250
v -0.98500 0.15797 1.67647
v -0.98500 0.14827 1.71267
v -0.98500 0.14500 1.75000
f 7535 7572 7536
f 7572 7573 7536
f 7536 7573 7537
f 7573 7574 7537
f 7537 7574 7538
f 7574 7575 7538
f 7538 7575 7539
f 7575 7576 7539
f 7539 7576 7540
f 7576 7577 7540
f 7540 7577 7541
f 7577 7578 7541
f 7541 7578 7542
f 7578 7579 7542
f 7542 7579 7543
f 7579 7580 7543
f 7543 7580 7544
f 7580 7581 7544
f 7544 7581 7545
f 7581 7582 7545
f 7545 7582 7546
f 7582 7583 7546
f 7546 7583 7547
f 7583 7584 7547
f 7547 7584 7548
f 7584 7585 7548
f 7548 7585 7549
f 7585 7586 7549
f 7549 7586 7550
f 7586 7587 7550
f 7550 7587 7551
f 7587 7588 7551
f 7551 7588 7552
f 7588 7589 7552
f 7552 7589 7553
f 7589 7590 7553
f 7553 7590 7554
f 7590 7591 7554
f 7554 7591 7555
f 7591 7592 7555
f 7555 7592 7556
f 7592 7593 7556
f 7556 7593 7557
f 7593 7594 7557
f 7557 7594 7558
f 7594 7595 7558
f 7558 7595 7559
f 7595 7596 7559
f 7559 7596 7560
f 7596 7597 7560
f 7560 7597 7561
f 7597 7598 7561
f 7561 7598 7562
f 7598 7599 7562
f 7562 7599 7563
f 7599 7600 7563
f 7563 7600 7564
f 7600 7601 7564
f 7564 7601 7565
f 7601 7602 7565
f 7565 7602 7566
f 7602 7603 7566
f 7566 7603 7567
f 7603 7604 7567
f 7567 7604 7568
f 7604 7605 7568
f 7568 7605 7569
f 7605 7606 7569
f 7569 7606 7570
f 7606 7607 7570
f 7570 7607 7571
f 7607 7608 7571
f 7645 7646 7609
f 7646 7647 7610
f 7647 7648 7611
f 7648 7649 7612
f 7649 7650 7613
f 7650 7651 7614
f 7651 7652 7615
f 7652 7653 7616
f 7653 7654 7617
f 7654 7655 7618
f 7655 7656 7619
f 7656 7657 7620
f 7657 7658 7621
f 7658 7659 7622
f 7659 7660 7623
f 7660 7661 7624
f 7661 7662 7625
f 7662 7663 7626
f 7663 7664 7627
f 7664 7665 7628
f 7665 7666 7629
f 7666 7667 7630
f 7667 7668 7631
f 7668 7669 7632
f 7669 7670 7633
f 7670 7671 7634
f 7671 7672 7635
f 7672 7673 7636
f 7673 7674 7637
f 7674 7675 7638
f 7675 7676 7639
f 7676 7677 7640
f 7677 7678 7641
f 7678 7679 7642
f 7679 7680 7643
f 7680 7681 7644
f 7719 7718 7682
f 7720 7719 7683
f 7721 7720 7684
f 7722 7721 7685
f 7723 7722 7686
f 7724 7723 7687
f 7725 7724 7688
f 7726 7725 7689
f 7727 7726 7690
f 7728 7727 7691
f 7729 7728 7692
f 7730 7729 7693
f 7731 7730 7694
f 7732 7731 7695
f 7733 7732 7696
f 7734 7733 7697
f 7735 7734 7698
f 7736 7735 7699
f 7737 7736 7700
f 7738 7737 7701
f 7739 7738 7702
f 7740 7739 7703
f 7741 7740 7704
f 7742 7741 7705
f 7743 7742 7706
f 7744 7743 7707
f 7745 7744 7708
f 7746 7745 7709
f 7747 7746 7710
f 7748 7747 7711
f 7749 7748 7712
f 7750 7749 7713
f 7751 7750 7714
f 7752 7751 7715
f 7753 7752 7716
f 7754 7753 7717
v 0.98500 0.14500 1.75000
v 0.98500 0.14827 1.78733
v 0.98500 0.15797 1.82353
v 0.98500 0.17380 1.85750
v 0.98500 0.19530 1.88820
v 0.98500 0.22180 1.91470
v 0.98500 0.25250 1.93620
v 0.98500 0.28647 1.95203
v 0.98500 0.32267 1.96173
v 0.98500 0.36000 1.96500
v 0.98500 0.39733 1.96173
v 0.98500 0.43353 1.95203
v 0.98500 0.46750 1.93620
v 0.98500 0.49820 1.91470
v 0.98500 0.52470 1.88820
v 0.98500 0.54620 1.85750
v 0.98500 0.56203 1.82353
v 0.98500 0.57173 1.78733
v 0.98500 0.57500 1.75000
v 0.98500 0.57173 1.71267
v 0.98500 0.56203 1.67647
v 0.98500 0.54620 1.64250
v 0.98500 0.52470 1.61180
v 0.98500 0.49820 1.58530
v 0.98500 0.46750 1.56380
v 0.98500 0.43353 1.54797
v 0.98500 0.39733 1.53827
v 0.98500 0.36000 1.53500
v 0.98500 0.32267 1.53827
v 0.98500 0.28647 1.54797
v 0.98500 0.25250 1.56380
v 0.98500 0.22180 1.58530
v 0.98500 0.19530 1.61180
v 0.98500 0.17380 1.64250
v 0.98500 0.15797 1.67647
v 0.98500 0.14827 1.71267
v 0.98500 0.14500 1.75000
v 1.01500 0.14500 1.75000
v 1.01500 0.14827 1.78733
v 1.01500 0.15797 1.82353
v 1.01500 0.17380 1.85750
v 1.01500 0.19530 1.88820
v 1.01500 0.22180 1.91470
v 1.01500 0.25250 1.93620
v 1.01500 0.28647 1.95203
v 1.01500 0.32267 1.96173
v 1.01500 0.36000 1.96500
v 1.01500 0.39733 1.96173
v 1.01500 0.43353 1.95203
v 1.01500 0.46750 1.93620
v 1.01500 0.49820 1.91470
v 1.01500 0.52470 1.88820
v 1.01500 0.54620 1.85750
v 1.01500 0.56203 1.82353
v 1.01500 0.57173 1.78733
v 1.01500 0.57500 1.75000
v 1.01500 0.57173 1.71267
v 1.01500 0.56203 1.67647
v 1.01500 0.54620 1.64250
v 1.01500 0.52470 1.61180
v 1.01500 0.49820 1.58530
v 1.01500 0.46750 1.56380
v 1.01500 0.43353 1.54797
v 1.01500 0.39733 1.53827
v 1.01500 0.36000 1.53500
v 1.01500 0.32267 1.53827
v 1.01500 0.28647 1.54797
v 1.01500 0.25250 1.56380
v 1.01500 0.22180 1.58530
v 1.01500 0.19530 1.61180
v 1.01500 0.17380 1.64250
v 1.01500 0.15797 1.67647
v 1.01500 0.14827 1.71267
v 1.01500 0.14500 1.75000
v 0.98500 0.36000 1.75000
v 0.98500 0.36000 1.75000
v 0.98500 0.36000 1.75000
v 0.98500 0.36000 1.75000
v 0.98500 0.36000 1.75000
v 0.98500 0.36000 1.75000
v 0.98500 0.36000 1.75000
v 0.98500 0.36000 1.75000
v 0.98500 0.36000 1.75000
v 0.98500 0.36000 1.75000
v 0.98500 0.36000 1.75000
v 0.98500 0.36000 1.75000
v 0.98500 0.36000 1.75000
v 0.98500 0.36000 1.75000
v 0.98500 0.36000 1.75000
v 0.98500 0.36000 1.75000
v 0.98500 0.36000 1.75000
v 0.98500 0.36000 1.75000
v 0.98500 0.36000 1.75000
v 0.98500 0.36000 1.75000
v 0.98500 0.36000 1.75000
v 0.98500 0.36000 1.75000
v 0.98500 0.36000 1.75000
v 0.98500 0.36000 1.75000
v 0.98500 0.36000 1.75000
v 0.98500 0.36000 1.75000
v 0.98500 0.36000 1.75000
v 0.98500 0.36000 1.75000
v 0.98500 0.36000 1.75000
v 0.98500 0.36000 1.75000
v 0.98500 0.36000 1.75000
v 0.98500 0.36000 1.75000
v 0.98500 0.36000 1.75000
v 0.98500 0.36000 1.75000
v 0.98500 0.36000 1.75000
v 0.98500 0.36000 1.75000
v 0.98500 0.14500 1.75000
v 0.98500 0.14827 1.78733
v 0.98500 0.15797 1.82353
v 0.98500 0.17380 1.85750
v 0.98500 0.19530 1.88820
v 0.98500 0.22180 1.91470
v 0.98500 0.25250 1.93620
v 0.98500 0.28647 1.95203
v 0.98500 0.32267 1.96173
v 0.98500 0.36000 1.96500
v 0.98500 0.39733 1.96173
v 0.98500 0.43353 1.95203
v 0.98500 0.46750 1.93620
v 0.98500 0.49820 1.91470
v 0.98500 0.52470 1.88820
v 0.98500 0.54620 1.85750
v 0.98500 0.56203 1.82353
v 0.98500 0.57173 1.78733
v 0.98500 0.57500 1.75000
v 0.98500 0.57173 1.71267
v 0.98500 0.56203 1.67647
v 0.98500 0.54620 1.64250
v 0.98500 0.52470 1.61180
v 0.98500 0.49820 1.58530
v 0.98500 0.46750 1.56380
v 0.98500 0.43353 1.54797
v 0.98500 0.39733 1.53827
v 0.98500 0.36000 1.53500
v 0.98500 0.32267 1.53827
v 0.98500 0.28647 1.54797
v 0.98500 0.25250 1.56380
v 0.98500 0.22180 1.58530
v 0.98500 0.19530 1.61180
v 0.98500 0.17380 1.64250
v 0.98500 0.15797 1.67647
v 0.98500 0.14827 1.71267
v 0.98500 0.14500 1.75000
v 1.01500 0.36000 1.75000
v 1.01500 0.36000 1.75000
v 1.01500 0.36000 1.75000
v 1.01500 0.36000 1.75000
v 1.01500 0.36000 1.75000
v 1.01500 0.36000 1.75000
v 1.01500 0.36000 1.75000
v 1.01500 0.36000 1.75000
v 1.01500 0.36000 1.75000
v 1.01500 0.36000 1.75000
v 1.01500 0.36000 1.75000
v 1.01500 0.36000 1.75000
v 1.01500 0.36000 1.75000
v 1.01500 0.36000 1.75000
v 1.01500 0.36000 1.75000
v 1.01500 0.36000 1.75000
v 1.01500 0.36000 1.75000
v 1.01500 0.36000 1.75000
v 1.01500 0.36000 1.75000
v 1.01500 0.36000 1.75000
v 1.01500 0.36000 1.75000
v 1.01500 0.36000 1.75000
v 1.01500 0.36000 1.75000
v 1.01500 0.36000 1.75000
v 1.01500 0.36000 1.75000
v 1.01500 0.36000 1.75000
v 1.01500 0.36000 1.75000
v 1.01500 0.36000 1.75000
v 1.01500 0.36000 1.75000
v 1.01500 0.36000 1.75000
v 1.01500 0.36000 1.75000
v 1.01500 0.36000 1.75000
v 1.01500 0.36000 1.75000
v 1.01500 0.36000 1.75000
v 1.01500 0.36000 1.75000
v 1.01500 0.36000 1.75000
v 1.01500 0.14500 1.75000
v 1.01500 0.14827 1.78733
v 1.01500 0.15797 1.82353
v 1.01500 0.17380 1.85750
v 1.01500 0.19530 1.88820
v 1.01500 0.22180 1.91470
v 1.01500 0.25250 1.93620
v 1.01500 0.28647 1.95203
v 1.01500 0.32267 1.96173
v 1.01500 0.36000 1.96500
v 1.01500 0.39733 1.96173
v 1.01500 0.43353 1.95203
v 1.01500 0.46750 1.93620
v 1.01500 0.49820 1.91470
v 1.01500 0.52470 1.88820
v 1.01500 0.54620 1.85750
v 1.01500 0.56203 1.82353
v 1.01500 0.57173 1.78733
v 1.01500 0.57500 1.75000
v 1.01500 0.57173 1.71267
v 1.01500 0.56203 1.67647
v 1.01500 0.54620 1.64250
v 1.01500 0.52470 1.61180
v 1.01500 0.49820 1.58530
v 1.01500 0.46750 1.56380
v 1.01500 0.43353 1.54797
v 1.01500 0.39733 1.53827
v 1.01500 0.36000 1.53500
v 1.01500 0.32267 1.53827
v 1.01500 0.28647 1.54797
v 1.01500 0.25250 1.56380
v 1.01500 0.22180 1.58530
v 1.01500 0.19530 1.61180
v 1.01500 0.17380 1.64250
v 1.01500 0.15797 1.67647
v 1.01500 0.14827 1.71267
v 1.01500 0.14500 1.75000
f 7755 7792 7756
f 7792 7793 7756
f 7756 7793 7757
f 7793 7794 7757
f 7757 7794 7758
f 7794 7795 7758
f 7758 7795 7759
f 7795 7796 7759
f 7759 7796 7760
f 7796 7797 7760
f 7760 7797 7761
f 7797 7798 7761
f 7761 7798 7762
f 7798 7799 7762
f 7762 7799 7763
f 7799 7800 7763
f 7763 7800 7764
f 7800 7801 7764
f 7764 7801 7765
f 7801 7802 7765
f 7765 7802 7766
f 7802 7803 7766
f 7766 7803 7767
f 7803 7804 7767
f 7767 7804 7768
f 7804 7805 7768
f 7768 7805 7769
f 7805 7806 7769
f 7769 7806 7770
f 7806 7807 7770
f 7770 7807 7771
f 7807 7808 7771
f 7771 7808 7772
f 7808 7809 7772
f 7772 7809 7773
f 7809 7810 7773
f 7773 7810 7774
f 7810 7811 7774
f 7774 7811 7775
f 7811 7812 7775
f 7775 7812 7776
f 7812 7813 7776
f 7776 7813 7777
f 7813 7814 7777
f 7777 7814 7778
f 7814 7815 7778
f 7778 7815 7779
f 7815 7816 7779
f 7779 7816 7780
f 7816 7817 7780
f 7780 7817 7781
f 7817 7818 7781
f 7781 7818 7782
f 7818 7819 7782
f 7782 7819 7783
f 7819 7820 7783
f 7783 7820 7784
f 7820 7821 7784
f 7784 7821 7785
f 7821 7822 7785
f 7785 7822 7786
f 7822 7823 7786
f 7786 7823 7787
f 7823 7824 7787
f 7787 7824 7788
f 7824 7825 7788
f 7788 7825 7789
f 7825 7826 7789
f 7789 7826 7790
f 7826 7827 7790
f 7790 7827 7791
f 7827 7828 7791
f 7865 7866 7829
f 7866 7867 7830
f 7867 7868 7831
f 7868 7869 7832
f 7869 7870 7833
f 7870 7871 7834
f 7871 7872 7835
f 7872 7873 7836
f 7873 7874 7837
f 7874 7875 7838
f 7875 7876 7839
f 7876 7877 7840
f 7877 7878 7841
f 7878 7879 7842
f 7879 7880 7843
f 7880 7881 7844
f 7881 7882 7845
f 7882 7883 7846
f 7883 7884 7847
f 7884 7885 7848
f 7885 7886 7849
f 7886 7887 7850
f 7887 7888 7851
f 7888 7889 7852
f 7889 7890 7853
f 7890 7891 7854
f 7891 7892 7855
f 7892 7893 7856
f 7893 7894 7857
f 7894 7895 7858
f 7895 7896 7859
f 7896 7897 7860
f 7897 7898 7861
f 7898 7899 7862
f 7899 7900 7863
f 7900 7901 7864
f 7939 7938 7902
f 7940 7939 7903
f 7941 7940 7904
f 7942 7941 7905
f 7943 7942 7906
f 7944 7943 7907
f 7945 7944 7908
f 7946 7945 7909
f 7947 7946 7910
f 7948 7947 7911
f 7949 7948 7912
f 7950 7949 7913
f 7951 7950 7914
f 7952 7951 7915
f 7953 7952 7916
f 7954 7953 7917
f 7955 7954 7918
f 7956 7955 7919
f 7957 7956 7920
f 7958 7957 7921
f 7959 7958 7922
f 7960 7959 7923
f 7961 7960 7924
f 7962 7961 7925
f 7963 7962 7926
f 7964 7963 7927
f 7965 7964 7928
f 7966 7965 7929
f 7967 7966 7930
f 7968 7967 7931
f 7969 7968 7932
f 7970 7969 7933
f 7971 7970 7934
f 7972 7971 7935
f 7973 7972 7936
f 7974 7973 7937
v -1.01500 0.14500 -1.20000
v -1.01500 0.14827 -1.16267
v -1.01500 0.15797 -1.12647
v -1.01500 0.17380 -1.09250
v -1.01500 0.19530 -1.06180
v -1.01500 0.22180 -1.03530
v -1.01500 0.25250 -1.01380
v -1.01500 0.28647 -0.99797
v -1.01500 0.32267 -0.98827
v -1.01500 0.36000 -0.98500
v -1.01500 0.39733 -0.98827
v -1.01500 0.43353 -0.99797
v -1.01500 0.46750 -1.01380
v -1.01500 0.49820 -1.03530
v -1.01500 0.52470 -1.06180
v -1.01500 0.54620 -1.09250
v -1.01500 0.56203 -1.12647
v -1.01500 0.57173 -1.16267
v -1.01500 0.57500 -1.20000
v -1.01500 0.57173 -1.23733
v -1.01500 0.56203 -1.27353
v -1.01500 0.54620 -1.30750
v -1.01500 0.52470 -1.33820
v -1.01500 0.49820 -1.36470
v -1.01500 0.46750 -1.38620
v -1.01500 0.43353 -1.40203
v -1.01500 0.39733 -1.41173
v -1.01500 0.36000 -1.41500
v -1.01500 0.32267 -1.41173
v -1.01500 0.28647 -1.40203
v -1.01500 0.25250 -1.38620
v -1.01500 0.22180 -1.36470
v -1.01500 0.19530 -1.33820
v -1.01500 0.17380 -1.30750
v -1.01500 0.15797 -1.27353
v -1.01500 0.14827 -1.23733
v -1.01500 0.14500 -1.20000
v -0.98500 0.14500 -1.20000
v -0.98500 0.14827 -1.16267
v -0.98500 0.15797 -1.12647
v -0.98500 0.17380 -1.09250
v -0.98500 0.19530 -1.06180
v -0.98500 0.22180 -1.03530
v -0.98500 0.25250 -1.01380
v -0.98500 0.28647 -0.99797
v -0.98500 0.32267 -0.98827
v -0.98500 0.36000 -0.98500
v -0.98500 0.39733 -0.98827
v -0.98500 0.43353 -0.99797
v -0.98500 0.46750 -1.01380
v -0.98500 0.49820 -1.03530
v -0.98500 0.52470 -1.06180
v -0.98500 0.54620 -1.09250
v -0.98500 0.56203 -1.12647
v -0.98500 0.57173 -1.16267
v -0.98500 0.57500 -1.20000
v -0.98500 0.57173 -1.23733
v -0.98500 0.56203 -1.27353
v -0.98500 0.54620 -1.30750
v -0.98500 0.52470 -1.33820
v -0.98500 0.49820 -1.36470
v -0.98500 0.46750 -1.38620
v -0.98500 0.43353 -1.40203
v -0.98500 0.39733 -1.41173
v -0.98500 0.36000 -1.41500
v -0.98500 0.32267 -1.41173
v -0.98500 0.28647 -1.40203
v -0.98500 0.25250 -1.38620
v -0.98500 0.22180 -1.36470
v -0.98500 0.19530 -1.33820
v -0.98500 0.17380 -1.30750
v -0.98500 0.15797 -1.27353
v -0.98500 0.14827 -1.23733
v -0.98500 0.14500 -1.20000
v -1.01500 0.36000 -1.20000
v -1.01500 0.36000 -1.20000
v -1.01500 0.36000 -1.20000
v -1.01500 0.36000 -1.20000
v -1.01500 0.36000 -1.20000
v -1.01500 0.36000 -1.20000
v -1.01500 0.36000 -1.20000
v -1.01500 0.36000 -1.20000
v -1.01500 0.36000 -1.20000
v -1.01500 0.36000 -1.20000
v -1.01500 0.36000 -1.20000
v -1.01500 0.36000 -1.20000
v -1.01500 0.36000 -1.20000
v -1.01500 0.36000 -1.20000
v -1.01500 0.36000 -1.20000
v -1.01500 0.36000 -1.20000
v -1.01500 0.36000 -1.20000
v -1.01500 0.36000 -1.20000
v -1.01500 0.36000 -1.20000
v -1.01500 0.36000 -1.20000
v -1.01500 0.36000 -1.20000
v -1.01500 0.36000 -1.20000
v -1.01500 0.36000 -1.20000
v -1.01500 0.36000 -1.20000
v -1.01500 0.36000 -1.20000
v -1.01500 0.36000 -1.20000
v -1.01500 0.36000 -1.20000
v -1.01500 0.36000 -1.20000
v -1.01500 0.36000 -1.20000
v -1.01500 0.36000 -1.20000
v -1.01500 0.36000 -1.20000
v -1.01500 0.36000 -1.20000
v -1.01500 0.36000 -1.20000
v -1.01500 0.36000 -1.20000
v -1.01500 0.36000 -1.20000
v -1.01500 0.36000 -1.20000
v -1.01500 0.14500 -1.20000
v -1.01500 0.14827 -1.16267
v -1.01500 0.15797 -1.12647
v -1.01500 0.17380 -1.09250
v -1.01500 0.19530 -1.06180
v -1.01500 0.22180 -1.03530
v -1.01500 0.25250 -1.01380
v -1.01500 0.28647 -0.99797
v -1.01500 0.32267 -0.98827
v -1.01500 0.36000 -0.98500
v -1.01500 0.39733 -0.98827
v -1.01500 0.43353 -0.99797
v -1.01500 0.46750 -1.01380
v -1.01500 0.49820 -1.03530
v -1.01500 0.52470 -1.06180
v -1.01500 0.54620 -1.09250
v -1.01500 0.56203 -1.12647
v -1.01500 0.57173 -1.16267
v -1.01500 0.57500 -1.20000
v -1.01500 0.57173 -1.23733
v -1.01500 0.56203 -1.27353
v -1.01500 0.54620 -1.30750
v -1.01500 0.52470 -1.33820
v -1.01500 0.49820 -1.36470
v -1.01500 0.46750 -1.38620
v -1.01500 0.43353 -1.40203
v -1.01500 0.39733 -1.41173
v -1.01500 0.36000 -1.41500
v -1.01500 0.32267 -1.41173
v -1.01500 0.28647 -1.40203
v -1.01500 0.25250 -1.38620
v -1.01500 0.22180 -1.36470
v -1.01500 0.19530 -1.33820
v -1.01500 0.17380 -1.30750
v -1.01500 0.15797 -1.27353
v -1.01500 0.14827 -1.23733
v -1.01500 0.14500 -1.20000
v -0.98500 0.36000 -1.20000
v -0.98500 0.36000 -1.20000
v -0.98500 0.36000 -1.20000
v -0.98500 0.36000 -1.20000
v -0.98500 0.36000 -1.20000
v -0.98500 0.36000 -1.20000
v -0.98500 0.36000 -1.20000
v -0.98500 0.36000 -1.20000
v -0.98500 0.36000 -1.20000
v -0.98500 0.36000 -1.20000
v -0.98500 0.36000 -1.20000
v -0.98500 0.36000 -1.20000
v -0.98500 0.36000 -1.20000
v -0.98500 0.36000 -1.20000
v -0.98500 0.36000 -1.20000
v -0.98500 0.36000 -1.20000
v -0.98500 0.36000 -1.20000
v -0.98500 0.36000 -1.20000
v -0.98500 0.36000 -1.20000
v -0.98500 0.36000 -1.20000
v -0.98500 0.36000 -1.20000
v -0.98500 0.36000 -1.20000
v -0.98500 0.36000 -1.20000
v -0.98500 0.36000 -1.20000
v -0.98500 0.36000 -1.20000
v -0.98500 0.36000 -1.20000
v -0.98500 0.36000 -1.20000
v -0.98500 0.36000 -1.20000
v -0.98500 0.36000 -1.20000
v -0.98500 0.36000 -1.20000
v -0.98500 0.36000 -1.20000
v -0.98500 0.36000 -1.20000
v -0.98500 0.36000 -1.20000
v -0.98500 0.36000 -1.20000
v -0.98500 0.36000 -1.20000
v -0.98500 0.36000 -1.20000
v -0.98500 0.14500 -1.20000
v -0.98500 0.14827 -1.16267
v -0.98500 0.15797 -1.12647
v -0.98500 0.17380 -1.09250
v -0.98500 0.19530 -1.06180
v -0.98500 0.22180 -1.03530
v -0.98500 0.25250 -1.01380
v -0.98500 0.28647 -0.99797
v -0.98500 0.32267 -0.98827
v -0.98500 0.36000 -0.98500
v -0.98500 0.39733 -0.98827
v -0.98500 0.43353 -0.99797
v -0.98500 0.46750 -1.01380
v -0.98500 0.49820 -1.03530
v -0.98500 0.52470 -1.06180
v -0.98500 0.54620 -1.09250
v -0.98500 0.56203 -1.12647
v -0.98500 0.57173 -1.16267
v -0.98500 0.57500 -1.20000
v -0.98500 0.57173 -1.23733
v -0.98500 0.56203 -1.27353
v -0.98500 0.54620 -1.30750
v -0.98500 0.52470 -1.33820
v -0.98500 0.49820 -1.36470
v -0.98500 0.46750 -1.38620
v -0.98500 0.43353 -1.40203
v -0.98500 0.39733 -1.41173
v -0.98500 0.36000 -1.41500
v -0.98500 0.32267 -1.41173
v -0.98500 0.28647 -1.40203
v -0.98500 0.25250 -1.38620
v -0.98500 0.22180 -1.36470
v -0.98500 0.19530 -1.33820
v -0.98500 0.17380 -1.30750
v -0.98500 0.15797 -1.27353
v -0.98500 0.14827 -1.23733
v -0.98500 0.14500 -1.20000
f 7975 8012 7976
f 8012 8013 7976
f 7976 8013 7977
f 8013 8014 7977
f 7977 8014 7978
f 8014 8015 7978
f 7978 8015 7979
f 8015 8016 7979
f 7979 8016 7980
f 8016 8017 7980
f 7980 8017 7981
f 8017 8018 7981
f 7981 8018 7982
f 8018 8019 7982
f 7982 8019 7983
f 8019 8020 7983
f 7983 8020 7984
f 8020 8021 7984
f 7984 8021 7985
f 8021 8022 7985
f 7985 8022 7986
f 8022 8023 7986
f 7986 8023 7987
f 8023 8024 7987
f 7987 8024 7988
f 8024 8025 7988
f 7988 8025 7989
f 8025 8026 7989
f 7989 8026 7990
f 8026 8027 7990
f 7990 8027 7991
f 8027 8028 7991
f 7991 8028 7992
f 8028 8029 7992
f 7992 8029 7993
f 8029 8030 7993
f 7993 8030 7994
f 8030 8031 7994
f 7994 8031 7995
f 8031 8032 7995
f 7995 8032 7996
f 8032 8033 7996
f 7996 8033 7997
f 8033 8034 7997
f 7997 8034 7998
f 8034 8035 7998
f 7998 8035 7999
f 8035 8036 7999
f 7999 8036 8000
f 8036 8037 8000
f 8000 8037 8001
f 8037 8038 8001
f 8001 8038 8002
f 8038 8039 8002
f 8002 8039 8003
f 8039 8040 8003
f 8003 8040 8004
f 8040 8041 8004
f 8004 8041 8005
f 8041 8042 8005
f 8005 8042 8006
f 8042 8043 8006
f 8006 8043 8007
f 8043 8044 8007
f 8007 8044 8008
f 8044 8045 8008
f 8008 8045 8009
f 8045 8046 8009
f 8009 8046 8010
f 8046 8047 8010
f 8010 8047 8011
f 8047 8048 8011
f 8085 8086 8049
f 8086 8087 8050
f 8087 8088 8051
f 8088 8089 8052
f 8089 8090 8053
f 8090 8091 8054
f 8091 8092 8055
f 8092 8093 8056
f 8093 8094 8057
f 8094 8095 8058
f 8095 8096 8059
f 8096 8097 8060
f 8097 8098 8061
f 8098 8099 8062
f 8099 8100 8063
f 8100 8101 8064
f 8101 8102 8065
f 8102 8103 8066
f 8103 8104 8067
f 8104 8105 8068
f 8105 8106 8069
f 8106 8107 8070
f 8107 8108 8071
f 8108 8109 8072
f 8109 8110 8073
f 8110 8111 8074
f 8111 8112 8075
f 8112 8113 8076
f 8113 8114 8077
f 8114 8115 8078
f 8115 8116 8079
f 8116 8117 8080
f 8117 8118 8081
f 8118 8119 8082
f 8119 8120 8083
f 8120 8121 8084
f 8159 8158 8122
f 8160 8159 8123
f 8161 8160 8124
f 8162 8161 8125
f 8163 8162 8126
f 8164 8163 8127
f 8165 8164 8128
f 8166 8165 8129
f 8167 8166 8130
f 8168 8167 8131
f 8169 8168 8132
f 8170 8169 8133
f 8171 8170 8134
f 8172 8171 8135
f 8173 8172 8136
f 8174 8173 8137
f 8175 8174 8138
f 8176 8175 8139
f 8177 8176 8140
f 8178 8177 8141
f 8179 8178 8142
f 8180 8179 8143
f 8181 8180 8144
f 8182 8181 8145
f 8183 8182 8146
f 8184 8183 8147
f 8185 8184 8148
f 8186 8185 8149
f 8187 8186 8150
f 8188 8187 8151
f 8189 8188 8152
f 8190 8189 8153
f 8191 8190 8154
f 8192 8191 8155
f 8193 8192 8156
f 8194 8193 8157
v 0.98500 0.14500 -1.20000
v 0.98500 0.14827 -1.16267
v 0.98500 0.15797 -1.12647
v 0.98500 0.17380 -1.09250
v 0.98500 0.19530 -1.06180
v 0.98500 0.22180 -1.03530
v 0.98500 0.25250 -1.01380
v 0.98500 0.28647 -0.99797
v 0.98500 0.32267 -0.98827
v 0.98500 0.36000 -0.98500
v 0.98500 0.39733 -0.98827
v 0.98500 0.43353 -0.99797
v 0.98500 0.46750 -1.01380
v 0.98500 0.49820 -1.03530
v 0.98500 0.52470 -1.06180
v 0.98500 0.54620 -1.09250
v 0.98500 0.56203 -1.12647
v 0.98500 0.57173 -1.16267
v 0.98500 0.57500 -1.20000
v 0.98500 0.57173 -1.23733
v 0.98500 0.56203 -1.27353
v 0.98500 0.54620 -1.30750
v 0.98500 0.52470 -1.33820
v 0.98500 0.49820 -1.36470
v 0.98500 0.46750 -1.38620
v 0.98500 0.43353 -1.40203
v 0.98500 0.39733 -1.41173
v 0.98500 0.36000 -1.41500
v 0.98500 0.32267 -1.41173
v 0.98500 0.28647 -1.40203
v 0.98500 0.25250 -1.38620
v 0.98500 0.22180 -1.36470
v 0.98500 0.19530 -1.33820
v 0.98500 0.17380 -1.30750
v 0.98500 0.15797 -1.27353
v 0.98500 0.14827 -1.23733
v 0.98500 0.14500 -1.20000
v 1.01500 0.14500 -1.20000
v 1.01500 0.14827 -1.16267
v 1.01500 0.15797 -1.12647
v 1.01500 0.17380 -1.09250
v 1.01500 0.19530 -1.06180
v 1.01500 0.22180 -1.03530
v 1.01500 0.25250 -1.01380
v 1.01500 0.28647 -0.99797
v 1.01500 0.32267 -0.98827
v 1.01500 0.36000 -0.98500
v 1.01500 0.39733 -0.98827
v 1.01500 0.43353 -0.99797
v 1.01500 0.46750 -1.01380
v 1.01500 0.49820 -1.03530
v 1.01500 0.52470 -1.06180
v 1.01500 0.54620 -1.09250
v 1.01500 0.56203 -1.12647
v 1.01500 0.57173 -1.16267
v 1.01500 0.57500 -1.20000
v 1.01500 0.57173 -1.23733
v 1.01500 0.56203 -1.27353
v 1.01500 0.54620 -1.30750
v 1.01500 0.52470 -1.33820
v 1.01500 0.49820 -1.36470
v 1.01500 0.46750 -1.38620
v 1.01500 0.43353 -1.40203
v 1.01500 0.39733 -1.41173
v 1.01500 0.36000 -1.41500
v 1.01500 0.32267 -1.41173
v 1.01500 0.28647 -1.40203
v 1.01500 0.25250 -1.38620
v 1.01500 0.22180 -1.36470
v 1.01500 0.19530 -1.33820
v 1.01500 0.17380 -1.30750
v 1.01500 0.15797 -1.27353
v 1.01500 0.14827 -1.23733
v 1.01500 0.14500 -1.20000
v 0.98500 0.36000 -1.20000
v 0.98500 0.36000 -1.20000
v 0.98500 0.36000 -1.20000
v 0.98500 0.36000 -1.20000
v 0.98500 0.36000 -1.20000
v 0.98500 0.36000 -1.20000
v 0.98500 0.36000 -1.20000
v 0.98500 0.36000 -1.20000
v 0.98500 0.36000 -1.20000
v 0.98500 0.36000 -1.20000
v 0.98500 0.36000 -1.20000
v 0.98500 0.36000 -1.20000
v 0.98500 0.36000 -1.20000
v 0.98500 0.36000 -1.20000
v 0.98500 0.36000 -1.20000
v 0.98500 0.36000 -1.20000
v 0.98500 0.36000 -1.20000
v 0.98500 0.36000 -1.20000
v 0.98500 0.36000 -1.20000
v 0.98500 0.36000 -1.20000
v 0.98500 0.36000 -1.20000
v 0.98500 0.36000 -1.20000
v 0.98500 0.36000 -1.20000
v 0.98500 0.36000 -1.20000
v 0.98500 0.36000 -1.20000
v 0.98500 0.36000 -1.20000
v 0.98500 0.36000 -1.20000
v 0.98500 0.36000 -1.20000
v 0.98500 0.36000 -1.20000
v 0.98500 0.36000 -1.20000
v 0.98500 0.36000 -1.20000
v 0.98500 0.36000 -1.20000
v 0.98500 0.36000 -1.20000
v 0.98500 0.36000 -1.20000
v 0.98500 0.36000 -1.20000
v 0.98500 0.36000 -1.20000
v 0.98500 0.14500 -1.20000
v 0.98500 0.14827 -1.16267
v 0.98500 0.15797 -1.12647
v 0.98500 0.17380 -1.09250
v 0.98500 0.19530 -1.06180
v 0.98500 0.22180 -1.03530
v 0.98500 0.25250 -1.01380
v 0.98500 0.28647 -0.99797
v 0.98500 0.32267 -0.98827
v 0.98500 0.36000 -0.98500
v 0.98500 0.39733 -0.98827
v 0.98500 0.43353 -0.99797
v 0.98500 0.46750 -1.01380
v 0.98500 0.49820 -1.03530
v 0.98500 0.52470 -1.06180
v 0.98500 0.54620 -1.09250
v 0.98500 0.56203 -1.12647
v 0.98500 0.57173 -1.16267
v 0.98500 0.57500 -1.20000
v 0.98500 0.57173 -1.23733
v 0.98500 0.56203 -1.27353
v 0.98500 0.54620 -1.30750
v 0.98500 0.52470 -1.33820
v 0.98500 0.49820 -1.36470
v 0.98500 0.46750 -1.38620
v 0.98500 0.43353 -1.40203
v 0.98500 0.39733 -1.41173
v 0.98500 0.36000 -1.41500
v 0.98500 0.32267 -1.41173
v 0.98500 0.28647 -1.40203
v 0.98500 0.25250 -1.38620
v 0.98500 0.22180 -1.36470
v 0.98500 0.19530 -1.33820
v 0.98500 0.17380 -1.30750
v 0.98500 0.15797 -1.27353
v 0.98500 0.14827 -1.23733
v 0.98500 0.14500 -1.20000
v 1.01500 0.36000 -1.20000
v 1.01500 0.36000 -1.20000
v 1.01500 0.36000 -1.20000
v 1.01500 0.36000 -1.20000
v 1.01500 0.36000 -1.20000
v 1.01500 0.36000 -1.20000
v 1.01500 0.36000 -1.20000
v 1.01500 0.36000 -1.20000
v 1.01500 0.36000 -1.20000
v 1.01500 0.36000 -1.20000
v 1.01500 0.36000 -1.20000
v 1.01500 0.36000 -1.20000
v 1.01500 0.36000 -1.20000
v 1.01500 0.36000 -1.20000
v 1.01500 0.36000 -1.20000
v 1.01500 0.36000 -1.20000
v 1.01500 0.36000 -1.20000
v 1.01500 0.36000 -1.20000
v 1.01500 0.36000 -1.20000
v 1.01500 0.36000 -1.20000
v 1.01500 0.36000 -1.20000
v 1.01500 0.36000 -1.20000
v 1.01500 0.36000 -1.20000
v 1.01500 0.36000 -1.20000
v 1.01500 0.36000 -1.20000
v 1.01500 0.36000 -1.20000
v 1.01500 0.36000 -1.20000
v 1.01500 0.36000 -1.20000
v 1.01500 0.36000 -1.20000
v 1.01500 0.36000 -1.20000
v 1.01500 0.36000 -1.20000
v 1.01500 0.36000 -1.20000
v 1.01500 0.36000 -1.20000
v 1.01500 0.36000 -1.20000
v 1.01500 0.36000 -1.20000
v 1.01500 0.36000 -1.20000
v 1.01500 0.14500 -1.20000
v 1.01500 0.14827 -1.16267
v 1.01500 0.15797 -1.12647
v 1.01500 0.17380 -1.09250
v 1.01500 0.19530 -1.06180
v 1.01500 0.22180 -1.03530
v 1.01500 0.25250 -1.01380
v 1.01500 0.28647 -0.99797
v 1.01500 0.32267 -0.98827
v 1.01500 0.36000 -0.98500
v 1.01500 0.39733 -0.98827
v 1.01500 0.43353 -0.99797
v 1.01500 0.46750 -1.01380
v 1.01500 0.49820 -1.03530
v 1.01500 0.52470 -1.06180
v 1.01500 0.54620 -1.09250
v 1.01500 0.56203 -1.12647
v 1.01500 0.57173 -1.16267
v 1.01500 0.57500 -1.20000
v 1.01500 0.57173 -1.23733
v 1.01500 0.56203 -1.27353
v 1.01500 0.54620 -1.30750
v 1.01500 0.52470 -1.33820
v 1.01500 0.49820 -1.36470
v 1.01500 0.46750 -1.38620
v 1.01500 0.43353 -1.40203
v 1.01500 0.39733 -1.41173
v 1.01500 0.36000 -1.41500
v 1.01500 0.32267 -1.41173
v 1.01500 0.28647 -1.40203
v 1.01500 0.25250 -1.38620
v 1.01500 0.22180 -1.36470
v 1.01500 0.19530 -1.33820
v 1.01500 0.17380 -1.30750
v 1.01500 0.15797 -1.27353
v 1.01500 0.14827 -1.23733
v 1.01500 0.14500 -1.20000
f 8195 8232 8196
f 8232 8233 8196
f 8196 8233 8197
f 8233 8234 8197
f 8197 8234 8198
f 8234 8235 8198
f 8198 8235 8199
f 8235 8236 8199
f 8199 8236 8200
f 8236 8237 8200
f 8200 8237 8201
f 8237 8238 8201
f 8201 8238 8202
f 8238 8239 8202
f 8202 8239 8203
f 8239 8240 8203
f 8203 8240 8204
f 8240 8241 8204
f 8204 8241 8205
f 8241 8242 8205
f 8205 8242 8206
f 8242 8243 8206
f 8206 8243 8207
f 8243 8244 8207
f 8207 8244 8208
f 8244 8245 8208
f 8208 8245 8209
f 8245 8246 8209
f 8209 8246 8210
f 8246 8247 8210
f 8210 8247 8211
f 8247 8248 8211
f 8211 8248 8212
f 8248 8249 8212
f 8212 8249 8213
f 8249 8250 8213
f 8213 8250 8214
f 8250 8251 8214
f 8214 8251 8215
f 8251 8252 8215
f 8215 8252 8216
f 8252 8253 8216
f 8216 8253 8217
f 8253 8254 8217
f 8217 8254 8218
f 8254 8255 8218
f 8218 8255 8219
f 8255 8256 8219
f 8219 8256 8220
f 8256 8257 8220
f 8220 8257 8221
f 8257 8258 8221
f 8221 8258 8222
f 8258 8259 8222
f 8222 8259 8223
f 8259 8260 8223
f 8223 8260 8224
f 8260 8261 8224
f 8224 8261 8225
f 8261 8262 8225
f 8225 8262 8226
f 8262 8263 8226
f 8226 8263 8227
f 8263 8264 8227
f 8227 8264 8228
f 8264 8265 8228
f 8228 8265 8229
f 8265 8266 8229
f 8229 8266 8230
f 8266 8267 8230
f 8230 8267 8231
f 8267 8268 8231
f 8305 8306 8269
f 8306 8307 8270
f 8307 8308 8271
f 8308 8309 8272
f 8309 8310 8273
f 8310 8311 8274
f 8311 8312 8275
f 8312 8313 8276
f 8313 8314 8277
f 8314 8315 8278
f 8315 8316 8279
f 8316 8317 8280
f 8317 8318 8281
f 8318 8319 8282
f 8319 8320 8283
f 8320 8321 8284
f 8321 8322 8285
f 8322 8323 8286
f 8323 8324 8287
f 8324 8325 8288
f 8325 8326 8289
f 8326 8327 8290
f 8327 8328 8291
f 8328 8329 8292
f 8329 8330 8293
f 8330 8331 8294
f 8331 8332 8295
f 8332 8333 8296
f 8333 8334 8297
f 8334 8335 8298
f 8335 8336 8299
f 8336 8337 8300
f 8337 8338 8301
f 8338 8339 8302
f 8339 8340 8303
f 8340 8341 8304
f 8379 8378 8342
f 8380 8379 8343
f 8381 8380 8344
f 8382 8381 8345
f 8383 8382 8346
f 8384 8383 8347
f 8385 8384 8348
f 8386 8385 8349
f 8387 8386 8350
f 8388 8387 8351
f 8389 8388 8352
f 8390 8389 8353
f 8391 8390 8354
f 8392 8391 8355
f 8393 8392 8356
f 8394 8393 8357
f 8395 8394 8358
f 8396 8395 8359
f 8397 8396 8360
f 8398 8397 8361
f 8399 8398 8362
f 8400 8399 8363
f 8401 8400 8364
f 8402 8401 8365
f 8403 8402 8366
f 8404 8403 8367
f 8405 8404 8368
f 8406 8405 8369
f 8407 8406 8370
f 8408 8407 8371
f 8409 8408 8372
f 8410 8409 8373
f 8411 8410 8374
f 8412 8411 8375
f 8413 8412 8376
f 8414 8413 8377
v -1.01000 1.00750 0.10000
v -0.96000 1.00750 0.10000
v -1.01000 0.96250 0.10000
v -0.96000 0.96250 0.10000
v -0.96000 1.00750 -0.10000
v -1.01000 1.00750 -0.10000
v -0.96000 0.96250 -0.10000
v -1.01000 0.96250 -0.10000
v -0.96000 1.00750 -0.10000
v -0.96000 1.00750 0.10000
v -1.01000 1.00750 -0.10000
v -1.01000 1.00750 0.10000
v -1.01000 0.96250 -0.10000
v -1.01000 0.96250 0.10000
v -0.96000 0.96250 -0.10000
v -0.96000 0.96250 0.10000
v -1.01000 1.00750 -0.10000
v -1.01000 1.00750 0.10000
v -1.01000 0.96250 -0.10000
v -1.01000 0.96250 0.10000
v -0.96000 1.00750 0.10000
v -0.96000 1.00750 -0.10000
v -0.96000 0.96250 0.10000
v -0.96000 0.96250 -0.10000
f 8415 8417 8416
f 8417 8418 8416
f 8419 8421 8420
f 8421 8422 8420
f 8423 8425 8424
f 8425 8426 8424
f 8427 8429 8428
f 8429 8430 8428
f 8431 8433 8432
f 8433 8434 8432
f 8435 8437 8436
f 8437 8438 8436
v -1.01000 1.00750 -0.92000
v -0.96000 1.00750 -0.92000
v -1.01000 0.96250 -0.92000
v -0.96000 0.96250 -0.92000
v -0.96000 1.00750 -1.12000
v -1.01000 1.00750 -1.12000
v -0.96000 0.96250 -1.12000
v -1.01000 0.96250 -1.12000
v -0.96000 1.00750 -1.12000
v -0.96000 1.00750 -0.92000
v -1.01000 1.00750 -1.12000
v -1.01000 1.00750 -0.92000
v -1.01000 0.96250 -1.12000
v -1.01000 0.96250 -0.92000
v -0.96000 0.96250 -1.12000
v -0.96000 0.96250 -0.92000
v -1.01000 1.00750 -1.12000
v -1.01000 1.00750 -0.92000
v -1.01000 0.96250 -1.12000
v -1.01000 0.96250 -0.92000
v -0.96000 1.00750 -0.92000
v -0.96000 1.00750 -1.12000
v -0.96000 0.96250 -0.92000
v -0.96000 0.96250 -1.12000
f 8439 8441 8440
f 8441 8442 8440
f 8443 8445 8444
f 8445 8446 8444
f 8447 8449 8448
f 8449 8450 8448
f 8451 8453 8452
f 8453 8454 8452
f 8455 8457 8456
f 8457 8458 8456
f 8459 8461 8460
f 8461 8462 8460
v 0.96000 1.00750 0.10000
v 1.01000 1.00750 0.10000
v 0.96000 0.96250 0.10000
v 1.01000 0.96250 0.10000
v 1.01000 1.00750 -0.10000
v 0.96000 1.00750 -0.10000
v 1.01000 0.96250 -0.10000
v 0.96000 0.96250 -0.10000
v 1.01000 1.00750 -0.10000
v 1.01000 1.00750 0.10000
v 0.96000 1.00750 -0.10000
v 0.96000 1.00750 0.10000
v 0.96000 0.96250 -0.10000
v 0.96000 0.96250 0.10000
v 1.01000 0.96250 -0.10000
v 1.01000 0.96250 0.10000
v 0.96000 1.00750 -0.10000
v 0.96000 1.00750 0.10000
v 0.96000 0.96250 -0.10000
v 0.96000 0.96250 0.10000
v 1.01000 1.00750 0.10000
v 1.01000 1.00750 -0.10000
v 1.01000 0.96250 0.10000
v 1.01000 0.96250 -0.10000
f 8463 8465 8464
f 8465 8466 8464
f 8467 8469 8468
f 8469 8470 8468
f 8471 8473 8472
f 8473 8474 8472
f 8475 8477 8476
f 8477 8478 8476
f 8479 8481 8480
f 8481 8482 8480
f 8483 8485 8484
f 8485 8486 8484
v 0.96000 1.00750 -0.92000
v 1.01000 1.00750 -0.92000
v 0.96000 0.96250 -0.92000
v 1.01000 0.96250 -0.92000
v 1.01000 1.00750 -1.12000
v 0.96000 1.00750 -1.12000
v 1.01000 0.96250 -1.12000
v 0.96000 0.96250 -1.12000
v 1.01000 1.00750 -1.12000
v 1.01000 1.00750 -0.92000
v 0.96000 1.00750 -1.12000
v 0.96000 1.00750 -0.92000
v 0.96000 0.96250 -1.12000
v 0.96000 0.96250 -0.92000
v 1.01000 0.96250 -1.12000
v 1.01000 0.96250 -0.92000
v 0.96000 1.00750 -1.12000
v 0.96000 1.00750 -0.92000
v 0.96000 0.96250 -1.12000
v 0.96000 0.96250 -0.92000
v 1.01000 1.00750 -0.92000
v 1.01000 1.00750 -1.12000
v 1.01000 0.96250 -0.92000
v 1.01000 0.96250 -1.12000
f 8487 8489 8488
f 8489 8490 8488
f 8491 8493 8492
f 8493 8494 8492
f 8495 8497 8496
f 8497 8498 8496
f 8499 8501 8500
f 8501 8502 8500
f 8503 8505 8504
f 8505 8506 8504
f 8507 8509 8508
f 8509 8510 8508
v -0.99000 0.55500 2.80000
v 0.99000 0.55500 2.80000
v -0.99000 0.50500 2.80000
v 0.99000 0.50500 2.80000
v 0.99000 0.55500 2.74000
v -0.99000 0.55500 2.74000
v 0.99000 0.50500 2.74000
v -0.99000 0.50500 2.74000
v 0.99000 0.55500 2.74000
v 0.99000 0.55500 2.80000
v -0.99000 0.55500 2.74000
v -0.99000 0.55500 2.80000
v -0.99000 0.50500 2.74000
v -0.99000 0.50500 2.80000
v 0.99000 0.50500 2.74000
v 0.99000 0.50500 2.80000
v -0.99000 0.55500 2.74000
v -0.99000 0.55500 2.80000
v -0.99000 0.50500 2.74000
v -0.99000 0.50500 2.80000
v 0.99000 0.55500 2.80000
v 0.99000 0.55500 2.74000
v 0.99000 0.50500 2.80000
v 0.99000 0.50500 2.74000
f 8511 8513 8512
f 8513 8514 8512
f 8515 8517 8516
f 8517 8518 8516
f 8519 8521 8520
f 8521 8522 8520
f 8523 8525 8524
f 8525 8526 8524
f 8527 8529 8528
f 8529 8530 8528
f 8531 8533 8532
f 8533 8534 8532
v 0.38250 0.82000 2.74000
v 0.41750 0.82000 2.74000
v 0.38250 0.62000 2.74000
v 0.41750 0.62000 2.74000
v 0.41750 0.82000 2.71000
v 0.38250 0.82000 2.71000
v 0.41750 0.62000 2.71000
v 0.38250 0.62000 2.71000
v 0.41750 0.82000 2.71000
v 0.41750 0.82000 2.74000
v 0.38250 0.82000 2.71000
v 0.38250 0.82000 2.74000
v 0.38250 0.62000 2.71000
v 0.38250 0.62000 2.74000
v 0.41750 0.62000 2.71000
v 0.41750 0.62000 2.74000
v 0.38250 0.82000 2.71000
v 0.38250 0.82000 2.74000
v 0.38250 0.62000 2.71000
v 0.38250 0.62000 2.74000
v 0.41750 0.82000 2.74000
v 0.41750 0.82000 2.71000
v 0.41750 0.62000 2.74000
v 0.41750 0.62000 2.71000
f 8535 8537 8536
f 8537 8538 8536
f 8539 8541 8540
f 8541 8542 8540
f 8543 8545 8544
f 8545 8546 8544
f 8547 8549 8548
f 8549 8550 8548
f 8551 8553 8552
f 8553 8554 8552
f 8555 8557 8556
f 8557 8558 8556
v 0.24950 0.82000 2.74000
v 0.28450 0.82000 2.74000
v 0.24950 0.62000 2.74000
v 0.28450 0.62000 2.74000
v 0.28450 0.82000 2.71000
v 0.24950 0.82000 2.71000
v 0.28450 0.62000 2.71000
v 0.24950 0.62000 2.71000
v 0.28450 0.82000 2.71000
v 0.28450 0.82000 2.74000
v 0.24950 0.82000 2.71000
v 0.24950 0.82000 2.74000
v 0.24950 0.62000 2.71000
v 0.24950 0.62000 2.74000
v 0.28450 0.62000 2.71000
v 0.28450 0.62000 2.74000
v 0.24950 0.82000 2.71000
v 0.24950 0.82000 2.74000
v 0.24950 0.62000 2.71000
v 0.24950 0.62000 2.74000
v 0.28450 0.82000 2.74000
v 0.28450 0.82000 2.71000
v 0.28450 0.62000 2.74000
v 0.28450 0.62000 2.71000
f 8559 8561 8560
f 8561 8562 8560
f 8563 8565 8564
f 8565 8566 8564
f 8567 8569 8568
f 8569 8570 8568
f 8571 8573 8572
f 8573 8574 8572
f 8575 8577 8576
f 8577 8578 8576
f 8579 8581 8580
f 8581 8582 8580
v 0.11650 0.82000 2.74000
v 0.15150 0.82000 2.74000
v 0.11650 0.62000 2.74000
v 0.15150 0.62000 2.74000
v 0.15150 0.82000 2.71000
v 0.11650 0.82000 2.71000
v 0.15150 0.62000 2.71000
v 0.11650 0.62000 2.71000
v 0.15150 0.82000 2.71000
v 0.15150 0.82000 2.74000
v 0.11650 0.82000 2.71000
v 0.11650 0.82000 2.74000
v 0.11650 0.62000 2.71000
v 0.11650 0.62000 2.74000
v 0.15150 0.62000 2.71000
v 0.15150 0.62000 2.74000
v 0.11650 0.82000 2.71000
v 0.11650 0.82000 2.74000
v 0.11650 0.62000 2.71000
v 0.11650 0.62000 2.74000
v 0.15150 0.82000 2.74000
v 0.15150 0.82000 2.71000
v 0.15150 0.62000 2.74000
v 0.15150 0.62000 2.71000
f 8583 8585 8584
f 8585 8586 8584
f 8587 8589 8588
f 8589 8590 8588
f 8591 8593 8592
f 8593 8594 8592
f 8595 8597 8596
f 8597 8598 8596
f 8599 8601 8600
f 8601 8602 8600
f 8603 8605 8604
f 8605 8606 8604
v -0.01650 0.82000 2.74000
v 0.01850 0.82000 2.74000
v -0.01650 0.62000 2.74000
v 0.01850 0.62000 2.74000
v 0.01850 0.82000 2.71000
v -0.01650 0.82000 2.71000
v 0.01850 0.62000 2.71000
v -0.01650 0.62000 2.71000
v 0.01850 0.82000 2.71000
v 0.01850 0.82000 2.74000
v -0.01650 0.82000 2.71000
v -0.01650 0.82000 2.74000
v -0.01650 0.62000 2.71000
v -0.01650 0.62000 2.74000
v 0.01850 0.62000 2.71000
v 0.01850 0.62000 2.74000
v -0.01650 0.82000 2.71000
v -0.01650 0.82000 2.74000
v -0.01650 0.62000 2.71000
v -0.01650 0.62000 2.74000
v 0.01850 0.82000 2.74000
v 0.01850 0.82000 2.71000
v 0.01850 0.62000 2.74000
v 0.01850 0.62000 2.71000
f 8607 8609 8608
f 8609 8610 8608
f 8611 8613 8612
f 8613 8614 8612
f 8615 8617 8616
f 8617 8618 8616
f 8619 8621 8620
f 8621 8622 8620
f 8623 8625 8624
f 8625 8626 8624
f 8627 8629 8628
f 8629 8630 8628
v -0.14950 0.82000 2.74000
v -0.11450 0.82000 2.74000
v -0.14950 0.62000 2.74000
v -0.11450 0.62000 2.74000
v -0.11450 0.82000 2.71000
v -0.14950 0.82000 2.71000
v -0.11450 0.62000 2.71000
v -0.14950 0.62000 2.71000
v -0.11450 0.82000 2.71000
v -0.11450 0.82000 2.74000
v -0.14950 0.82000 2.71000
v -0.14950 0.82000 2.74000
v -0.14950 0.62000 2.71000
v -0.14950 0.62000 2.74000
v -0.11450 0.62000 2.71000
v -0.11450 0.62000 2.74000
v -0.14950 0.82000 2.71000
v -0.14950 0.82000 2.74000
v -0.14950 0.62000 2.71000
v -0.14950 0.62000 2.74000
v -0.11450 0.82000 2.74000
v -0.11450 0.82000 2.71000
v -0.11450 0.62000 2.74000
v -0.11450 0.62000 2.71000
f 8631 8633 8632
f 8633 8634 8632
f 8635 8637 8636
f 8637 8638 8636
f 8639 8641 8640
f 8641 8642 8640
f 8643 8645 8644
f 8645 8646 8644
f 8647 8649 8648
f 8649 8650 8648
f 8651 8653 8652
f 8653 8654 8652
v -0.28250 0.82000 2.74000
v -0.24750 0.82000 2.74000
v -0.28250 0.62000 2.74000
v -0.24750 0.62000 2.74000
v -0.24750 0.82000 2.71000
v -0.28250 0.82000 2.71000
v -0.24750 0.62000 2.71000
v -0.28250 0.62000 2.71000
v -0.24750 0.82000 2.71000
v -0.24750 0.82000 2.74000
v -0.28250 0.82000 2.71000
v -0.28250 0.82000 2.74000
v -0.28250 0.62000 2.71000
v -0.28250 0.62000 2.74000
v -0.24750 0.62000 2.71000
v -0.24750 0.62000 2.74000
v -0.28250 0.82000 2.71000
v -0.28250 0.82000 2.74000
v -0.28250 0.62000 2.71000
v -0.28250 0.62000 2.74000
v -0.24750 0.82000 2.74000
v -0.24750 0.82000 2.71000
v -0.24750 0.62000 2.74000
v -0.24750 0.62000 2.71000
f 8655 8657 8656
f 8657 8658 8656
f 8659 8661 8660
f 8661 8662 8660
f 8663 8665 8664
f 8665 8666 8664
f 8667 8669 8668
f 8669 8670 8668
f 8671 8673 8672
f 8673 8674 8672
f 8675 8677 8676
f 8677 8678 8676
v -0.41550 0.82000 2.74000
v -0.38050 0.82000 2.74000
v -0.41550 0.62000 2.74000
v -0.38050 0.62000 2.74000
v -0.38050 0.82000 2.71000
v -0.41550 0.82000 2.71000
v -0.38050 0.62000 2.71000
v -0.41550 0.62000 2.71000
v -0.38050 0.82000 2.71000
v -0.38050 0.82000 2.74000
v -0.41550 0.82000 2.71000
v -0.41550 0.82000 2.74000
v -0.41550 0.62000 2.71000
v -0.41550 0.62000 2.74000
v -0.38050 0.62000 2.71000
v -0.38050 0.62000 2.74000
v -0.41550 0.82000 2.71000
v -0.41550 0.82000 2.74000
v -0.41550 0.62000 2.71000
v -0.41550 0.62000 2.74000
v -0.38050 0.82000 2.74000
v -0.38050 0.82000 2.71000
v -0.38050 0.62000 2.74000
v -0.38050 0.62000 2.71000
f 8679 8681 8680
f 8681 8682 8680
f 8683 8685 8684
f 8685 8686 8684
f 8687 8689 8688
f 8689 8690 8688
f 8691 8693 8692
f 8693 8694 8692
f 8695 8697 8696
f 8697 8698 8696
f 8699 8701 8700
f 8701 8702 8700
v -0.73000 0.83500 2.72500
v -0.47000 0.83500 2.72500
v -0.73000 0.64500 2.72500
v -0.47000 0.64500 2.72500
v -0.47000 0.83500 2.67500
v -0.73000 0.83500 2.67500
v -0.47000 0.64500 2.67500
v -0.73000 0.64500 2.67500
v -0.47000 0.83500 2.67500
v -0.47000 0.83500 2.72500
v -0.73000 0.83500 2.67500
v -0.73000 0.83500 2.72500
v -0.73000 0.64500 2.67500
v -0.73000 0.64500 2.72500
v -0.47000 0.64500 2.67500
v -0.47000 0.64500 2.72500
v -0.73000 0.83500 2.67500
v -0.73000 0.83500 2.72500
v -0.73000 0.64500 2.67500
v -0.73000 0.64500 2.72500
v -0.47000 0.83500 2.72500
v -0.47000 0.83500 2.67500
v -0.47000 0.64500 2.72500
v -0.47000 0.64500 2.67500
f 8703 8705 8704
f 8705 8706 8704
f 8707 8709 8708
f 8709 8710 8708
f 8711 8713 8712
f 8713 8714 8712
f 8715 8717 8716
f 8717 8718 8716
f 8719 8721 8720
f 8721 8722 8720
f 8723 8725 8724
f 8725 8726 8724
v -1.00500 0.83500 2.72500
v -0.74500 0.83500 2.72500
v -1.00500 0.64500 2.72500
v -0.74500 0.64500 2.72500
v -0.74500 0.83500 2.67500
v -1.00500 0.83500 2.67500
v -0.74500 0.64500 2.67500
v -1.00500 0.64500 2.67500
v -0.74500 0.83500 2.67500
v -0.74500 0.83500 2.72500
v -1.00500 0.83500 2.67500
v -1.00500 0.83500 2.72500
v -1.00500 0.64500 2.67500
v -1.00500 0.64500 2.72500
v -0.74500 0.64500 2.67500
v -0.74500 0.64500 2.72500
v -1.00500 0.83500 2.67500
v -1.00500 0.83500 2.72500
v -1.00500 0.64500 2.67500
v -1.00500 0.64500 2.72500
v -0.74500 0.83500 2.72500
v -0.74500 0.83500 2.67500
v -0.74500 0.64500 2.72500
v -0.74500 0.64500 2.67500
f 8727 8729 8728
f 8729 8730 8728
f 8731 8733 8732
f 8733 8734 8732
f 8735 8737 8736
f 8737 8738 8736
f 8739 8741 8740
f 8741 8742 8740
f 8743 8745 8744
f 8745 8746 8744
f 8747 8749 8748
f 8749 8750 8748
v 0.47000 0.83500 2.72500
v 0.73000 0.83500 2.72500
v 0.47000 0.64500 2.72500
v 0.73000 0.64500 2.72500
v 0.73000 0.83500 2.67500
v 0.47000 0.83500 2.67500
v 0.73000 0.64500 2.67500
v 0.47000 0.64500 2.67500
v 0.73000 0.83500 2.67500
v 0.73000 0.83500 2.72500
v 0.47000 0.83500 2.67500
v 0.47000 0.83500 2.72500
v 0.47000 0.64500 2.67500
v 0.47000 0.64500 2.72500
v 0.73000 0.64500 2.67500
v 0.73000 0.64500 2.72500
v 0.47000 0.83500 2.67500
v 0.47000 0.83500 2.72500
v 0.47000 0.64500 2.67500
v 0.47000 0.64500 2.72500
v 0.73000 0.83500 2.72500
v 0.73000 0.83500 2.67500
v 0.73000 0.64500 2.72500
v 0.73000 0.64500 2.67500
f 8751 8753 8752
f 8753 8754 8752
f 8755 8757 8756
f 8757 8758 8756
f 8759 8761 8760
f 8761 8762 8760
f 8763 8765 8764
f 8765 8766 8764
f 8767 8769 8768
f 8769 8770 8768
f 8771 8773 8772
f 8773 8774 8772
v 0.74500 0.83500 2.72500
v 1.00500 0.83500 2.72500
v 0.74500 0.64500 2.72500
v 1.00500 0.64500 2.72500
v 1.00500 0.83500 2.67500
v 0.74500 0.83500 2.67500
v 1.00500 0.64500 2.67500
v 0.74500 0.64500 2.67500
v 1.00500 0.83500 2.67500
v 1.00500 0.83500 2.72500
v 0.74500 0.83500 2.67500
v 0.74500 0.83500 2.72500
v 0.74500 0.64500 2.67500
v 0.74500 0.64500 2.72500
v 1.00500 0.64500 2.67500
v 1.00500 0.64500 2.72500
v 0.74500 0.83500 2.67500
v 0.74500 0.83500 2.72500
v 0.74500 0.64500 2.67500
v 0.74500 0.64500 2.72500
v 1.00500 0.83500 2.72500
v 1.00500 0.83500 2.67500
v 1.00500 0.64500 2.72500
v 1.00500 0.64500 2.67500
f 8775 8777 8776
f 8777 8778 8776
f 8779 8781 8780
f 8781 8782 8780
f 8783 8785 8784
f 8785 8786 8784
f 8787 8789 8788
f 8789 8790 8788
f 8791 8793 8792
f 8793 8794 8792
f 8795 8797 8796
f 8797 8798 8796
v -0.15000 0.52000 2.81500
v 0.15000 0.52000 2.81500
v -0.15000 0.39000 2.81500
v 0.15000 0.39000 2.81500
v 0.15000 0.52000 2.78500
v -0.15000 0.52000 2.78500
v 0.15000 0.39000 2.78500
v -0.15000 0.39000 2.78500
v 0.15000 0.52000 2.78500
v 0.15000 0.52000 2.81500
v -0.15000 0.52000 2.78500
v -0.15000 0.52000 2.81500
v -0.15000 0.39000 2.78500
v -0.15000 0.39000 2.81500
v 0.15000 0.39000 2.78500
v 0.15000 0.39000 2.81500
v -0.15000 0.52000 2.78500
v -0.15000 0.52000 2.81500
v -0.15000 0.39000 2.78500
v -0.15000 0.39000 2.81500
v 0.15000 0.52000 2.81500
v 0.15000 0.52000 2.78500
v 0.15000 0.39000 2.81500
v 0.15000 0.39000 2.78500
f 8799 8801 8800
f 8801 8802 8800
f 8803 8805 8804
f 8805 8806 8804
f 8807 8809 8808
f 8809 8810 8808
f 8811 8813 8812
f 8813 8814 8812
f 8815 8817 8816
f 8817 8818 8816
f 8819 8821 8820
f 8821 8822 8820
v -0.99000 0.55500 -2.74000
v 0.99000 0.55500 -2.74000
v -0.99000 0.50500 -2.74000
v 0.99000 0.50500 -2.74000
v 0.99000 0.55500 -2.80000
v -0.99000 0.55500 -2.80000
v 0.99000 0.50500 -2.80000
v -0.99000 0.50500 -2.80000
v 0.99000 0.55500 -2.80000
v 0.99000 0.55500 -2.74000
v -0.99000 0.55500 -2.80000
v -0.99000 0.55500 -2.74000
v -0.99000 0.50500 -2.80000
v -0.99000 0.50500 -2.74000
v 0.99000 0.50500 -2.80000
v 0.99000 0.50500 -2.74000
v -0.99000 0.55500 -2.80000
v -0.99000 0.55500 -2.74000
v -0.99000 0.50500 -2.80000
v -0.99000 0.50500 -2.74000
v 0.99000 0.55500 -2.74000
v 0.99000 0.55500 -2.80000
v 0.99000 0.50500 -2.74000
v 0.99000 0.50500 -2.80000
f 8823 8825 8824
f 8825 8826 8824
f 8827 8829 8828
f 8829 8830 8828
f 8831 8833 8832
f 8833 8834 8832
f 8835 8837 8836
f 8837 8838 8836
f 8839 8841 8840
f 8841 8842 8840
f 8843 8845 8844
f 8845 8846 8844
v -0.58800 0.34000 -2.82000
v -0.58511 0.35454 -2.82000
v -0.57687 0.36687 -2.82000
v -0.56454 0.37511 -2.82000
v -0.55000 0.37800 -2.82000
v -0.53546 0.37511 -2.82000
v -0.52313 0.36687 -2.82000
v -0.51489 0.35454 -2.82000
v -0.51200 0.34000 -2.82000
v -0.51489 0.32546 -2.82000
v -0.52313 0.31313 -2.82000
v -0.53546 0.30489 -2.82000
v -0.55000 0.30200 -2.82000
v -0.56454 0.30489 -2.82000
v -0.57687 0.31313 -2.82000
v -0.58511 0.32546 -2.82000
v -0.58800 0.34000 -2.82000
v -0.58800 0.34000 -2.68000
v -0.58511 0.35454 -2.68000
v -0.57687 0.36687 -2.68000
v -0.56454 0.37511 -2.68000
v -0.55000 0.37800 -2.68000
v -0.53546 0.37511 -2.68000
v -0.52313 0.36687 -2.68000
v -0.51489 0.35454 -2.68000
v -0.51200 0.34000 -2.68000
v -0.51489 0.32546 -2.68000
v -0.52313 0.31313 -2.68000
v -0.53546 0.30489 -2.68000
v -0.55000 0.30200 -2.68000
v -0.56454 0.30489 -2.68000
v -0.57687 0.31313 -2.68000
v -0.58511 0.32546 -2.68000
v -0.58800 0.34000 -2.68000
v -0.55000 0.34000 -2.82000
v -0.55000 0.34000 -2.82000
v -0.55000 0.34000 -2.82000
v -0.55000 0.34000 -2.82000
v -0.55000 0.34000 -2.82000
v -0.55000 0.34000 -2.82000
v -0.55000 0.34000 -2.82000
v -0.55000 0.34000 -2.82000
v -0.55000 0.34000 -2.82000
v -0.55000 0.34000 -2.82000
v -0.55000 0.34000 -2.82000
v -0.55000 0.34000 -2.82000
v -0.55000 0.34000 -2.82000
v -0.55000 0.34000 -2.82000
v -0.55000 0.34000 -2.82000
v -0.55000 0.34000 -2.82000
v -0.58800 0.34000 -2.82000
v -0.58511 0.35454 -2.82000
v -0.57687 0.36687 -2.82000
v -0.56454 0.37511 -2.82000
v -0.55000 0.37800 -2.82000
v -0.53546 0.37511 -2.82000
v -0.52313 0.36687 -2.82000
v -0.51489 0.35454 -2.82000
v -0.51200 0.34000 -2.82000
v -0.51489 0.32546 -2.82000
v -0.52313 0.31313 -2.82000
v -0.53546 0.30489 -2.82000
v -0.55000 0.30200 -2.82000
v -0.56454 0.30489 -2.82000
v -0.57687 0.31313 -2.82000
v -0.58511 0.32546 -2.82000
v -0.58800 0.34000 -2.82000
v -0.55000 0.34000 -2.68000
v -0.55000 0.34000 -2.68000
v -0.55000 0.34000 -2.68000
v -0.55000 0.34000 -2.68000
v -0.55000 0.34000 -2.68000
v -0.55000 0.34000 -2.68000
v -0.55000 0.34000 -2.68000
v -0.55000 0.34000 -2.68000
v -0.55000 0.34000 -2.68000
v -0.55000 0.34000 -2.68000
v -0.55000 0.34000 -2.68000
v -0.55000 0.34000 -2.68000
v -0.55000 0.34000 -2.68000
v -0.55000 0.34000 -2.68000
v -0.55000 0.34000 -2.68000
v -0.55000 0.34000 -2.68000
v -0.58800 0.34000 -2.68000
v -0.58511 0.35454 -2.68000
v -0.57687 0.36687 -2.68000
v -0.56454 0.37511 -2.68000
v -0.55000 0.37800 -2.68000
v -0.53546 0.37511 -2.68000
v -0.52313 0.36687 -2.68000
v -0.51489 0.35454 -2.68000
v -0.51200 0.34000 -2.68000
v -0.51489 0.32546 -2.68000
v -0.52313 0.31313 -2.68000
v -0.53546 0.30489 -2.68000
v -0.55000 0.30200 -2.68000
v -0.56454 0.30489 -2.68000
v -0.57687 0.31313 -2.68000
v -0.58511 0.32546 -2.68000
v -0.58800 0.34000 -2.68000
f 8847 8864 8848
f 8864 8865 8848
f 8848 8865 8849
f 8865 8866 8849
f 8849 8866 8850
f 8866 8867 8850
f 8850 8867 8851
f 8867 8868 8851
f 8851 8868 8852
f 8868 8869 8852
f 8852 8869 8853
f 8869 8870 8853
f 8853 8870 8854
f 8870 8871 8854
f 8854 8871 8855
f 8871 8872 8855
f 8855 8872 8856
f 8872 8873 8856
f 8856 8873 8857
f 8873 8874 8857
f 8857 8874 8858
f 8874 8875 8858
f 8858 8875 8859
f 8875 8876 8859
f 8859 8876 8860
f 8876 8877 8860
f 8860 8877 8861
f 8877 8878 8861
f 8861 8878 8862
f 8878 8879 8862
f 8862 8879 8863
f 8879 8880 8863
f 8897 8898 8881
f 8898 8899 8882
f 8899 8900 8883
f 8900 8901 8884
f 8901 8902 8885
f 8902 8903 8886
f 8903 8904 8887
f 8904 8905 8888
f 8905 8906 8889
f 8906 8907 8890
f 8907 8908 8891
f 8908 8909 8892
f 8909 8910 8893
f 8910 8911 8894
f 8911 8912 8895
f 8912 8913 8896
f 8931 8930 8914
f 8932 8931 8915
f 8933 8932 8916
f 8934 8933 8917
f 8935 8934 8918
f 8936 8935 8919
f 8937 8936 8920
f 8938 8937 8921
f 8939 8938 8922
f 8940 8939 8923
f 8941 8940 8924
f 8942 8941 8925
f 8943 8942 8926
f 8944 8943 8927
f 8945 8944 8928
f 8946 8945 8929
v 0.51200 0.34000 -2.82000
v 0.51489 0.35454 -2.82000
v 0.52313 0.36687 -2.82000
v 0.53546 0.37511 -2.82000
v 0.55000 0.37800 -2.82000
v 0.56454 0.37511 -2.82000
v 0.57687 0.36687 -2.82000
v 0.58511 0.35454 -2.82000
v 0.58800 0.34000 -2.82000
v 0.58511 0.32546 -2.82000
v 0.57687 0.31313 -2.82000
v 0.56454 0.30489 -2.82000
v 0.55000 0.30200 -2.82000
v 0.53546 0.30489 -2.82000
v 0.52313 0.31313 -2.82000
v 0.51489 0.32546 -2.82000
v 0.51200 0.34000 -2.82000
v 0.51200 0.34000 -2.68000
v 0.51489 0.35454 -2.68000
v 0.52313 0.36687 -2.68000
v 0.53546 0.37511 -2.68000
v 0.55000 0.37800 -2.68000
v 0.56454 0.37511 -2.68000
v 0.57687 0.36687 -2.68000
v 0.58511 0.35454 -2.68000
v 0.58800 0.34000 -2.68000
v 0.58511 0.32546 -2.68000
v 0.57687 0.31313 -2.68000
v 0.56454 0.30489 -2.68000
v 0.55000 0.30200 -2.68000
v 0.53546 0.30489 -2.68000
v 0.52313 0.31313 -2.68000
v 0.51489 0.32546 -2.68000
v 0.51200 0.34000 -2.68000
v 0.55000 0.34000 -2.82000
v 0.55000 0.34000 -2.82000
v 0.55000 0.34000 -2.82000
v 0.55000 0.34000 -2.82000
v 0.55000 0.34000 -2.82000
v 0.55000 0.34000 -2.82000
v 0.55000 0.34000 -2.82000
v 0.55000 0.34000 -2.82000
v 0.55000 0.34000 -2.82000
v 0.55000 0.34000 -2.82000
v 0.55000 0.34000 -2.82000
v 0.55000 0.34000 -2.82000
v 0.55000 0.34000 -2.82000
v 0.55000 0.34000 -2.82000
v 0.55000 0.34000 -2.82000
v 0.55000 0.34000 -2.82000
v 0.51200 0.34000 -2.82000
v 0.51489 0.35454 -2.82000
v 0.52313 0.36687 -2.82000
v 0.53546 0.37511 -2.82000
v 0.55000 0.37800 -2.82000
v 0.56454 0.37511 -2.82000
v 0.57687 0.36687 -2.82000
v 0.58511 0.35454 -2.82000
v 0.58800 0.34000 -2.82000
v 0.58511 0.32546 -2.82000
v 0.57687 0.31313 -2.82000
v 0.56454 0.30489 -2.82000
v 0.55000 0.30200 -2.82000
v 0.53546 0.30489 -2.82000
v 0.52313 0.31313 -2.82000
v 0.51489 0.32546 -2.82000
v 0.51200 0.34000 -2.82000
v 0.55000 0.34000 -2.68000
v 0.55000 0.34000 -2.68000
v 0.55000 0.34000 -2.68000
v 0.55000 0.34000 -2.68000
v 0.55000 0.34000 -2.68000
v 0.55000 0.34000 -2.68000
v 0.55000 0.34000 -2.68000
v 0.55000 0.34000 -2.68000
v 0.55000 0.34000 -2.68000
v 0.55000 0.34000 -2.68000
v 0.55000 0.34000 -2.68000
v 0.55000 0.34000 -2.68000
v 0.55000 0.34000 -2.68000
v 0.55000 0.34000 -2.68000
v 0.55000 0.34000 -2.68000
v 0.55000 0.34000 -2.68000
v 0.51200 0.34000 -2.68000
v 0.51489 0.35454 -2.68000
v 0.52313 0.36687 -2.68000
v 0.53546 0.37511 -2.68000
v 0.55000 0.37800 -2.68000
v 0.56454 0.37511 -2.68000
v 0.57687 0.36687 -2.68000
v 0.58511 0.35454 -2.68000
v 0.58800 0.34000 -2.68000
v 0.58511 0.32546 -2.68000
v 0.57687 0.31313 -2.68000
v 0.56454 0.30489 -2.68000
v 0.55000 0.30200 -2.68000
v 0.53546 0.30489 -2.68000
v 0.52313 0.31313 -2.68000
v 0.51489 0.32546 -2.68000
v 0.51200 0.34000 -2.68000
f 8947 8964 8948
f 8964 8965 8948
f 8948 8965 8949
f 8965 8966 8949
f 8949 8966 8950
f 8966 8967 8950
f 8950 8967 8951
f 8967 8968 8951
f 8951 8968 8952
f 8968 8969 8952
f 8952 8969 8953
f 8969 8970 8953
f 8953 8970 8954
f 8970 8971 8954
f 8954 8971 8955
f 8971 8972 8955
f 8955 8972 8956
f 8972 8973 8956
f 8956 8973 8957
f 8973 8974 8957
f 8957 8974 8958
f 8974 8975 8958
f 8958 8975 8959
f 8975 8976 8959
f 8959 8976 8960
f 8976 8977 8960
f 8960 8977 8961
f 8977 8978 8961
f 8961 8978 8962
f 8978 8979 8962
f 8962 8979 8963
f 8979 8980 8963
f 8997 8998 8981
f 8998 8999 8982
f 8999 9000 8983
f 9000 9001 8984
f 9001 9002 8985
f 9002 9003 8986
f 9003 9004 8987
f 9004 9005 8988
f 9005 9006 8989
f 9006 9007 8990
f 9007 9008 8991
f 9008 9009 8992
f 9009 9010 8993
f 9010 9011 8994
f 9011 9012 8995
f 9012 9013 8996
f 9031 9030 9014
f 9032 9031 9015
f 9033 9032 9016
f 9034 9033 9017
f 9035 9034 9018
f 9036 9035 9019
f 9037 9036 9020
f 9038 9037 9021
f 9039 9038 9022
f 9040 9039 9023
f 9041 9040 9024
f 9042 9041 9025
f 9043 9042 9026
f 9044 9043 9027
f 9045 9044 9028
f 9046 9045 9029
v -0.17000 0.97500 -2.67000
v 0.17000 0.97500 -2.67000
v -0.17000 0.87500 -2.67000
v 0.17000 0.87500 -2.67000
v 0.17000 0.97500 -2.73000
v -0.17000 0.97500 -2.73000
v 0.17000 0.87500 -2.73000
v -0.17000 0.87500 -2.73000
v 0.17000 0.97500 -2.73000
v 0.17000 0.97500 -2.67000
v -0.17000 0.97500 -2.73000
v -0.17000 0.97500 -2.67000
v -0.17000 0.87500 -2.73000
v -0.17000 0.87500 -2.67000
v 0.17000 0.87500 -2.73000
v 0.17000 0.87500 -2.67000
v -0.17000 0.97500 -2.73000
v -0.17000 0.97500 -2.67000
v -0.17000 0.87500 -2.73000
v -0.17000 0.87500 -2.67000
v 0.17000 0.97500 -2.67000
v 0.17000 0.97500 -2.73000
v 0.17000 0.87500 -2.67000
v 0.17000 0.87500 -2.73000
f 9047 9049 9048
f 9049 9050 9048
f 9051 9053 9052
f 9053 9054 9052
f 9055 9057 9056
f 9057 9058 9056
f 9059 9061 9060
f 9061 9062 9060
f 9063 9065 9064
f 9065 9066 9064
f 9067 9069 9068
f 9069 9070 9068
v -0.71000 1.68250 -0.18000
v -0.66000 1.68250 -0.18000
v -0.71000 1.52750 -0.18000
v -0.66000 1.52750 -0.18000
v -0.66000 1.68250 -0.42000
v -0.71000 1.68250 -0.42000
v -0.66000 1.52750 -0.42000
v -0.71000 1.52750 -0.42000
v -0.66000 1.68250 -0.42000
v -0.66000 1.68250 -0.18000
v -0.71000 1.68250 -0.42000
v -0.71000 1.68250 -0.18000
v -0.71000 1.52750 -0.42000
v -0.71000 1.52750 -0.18000
v -0.66000 1.52750 -0.42000
v -0.66000 1.52750 -0.18000
v -0.71000 1.68250 -0.42000
v -0.71000 1.68250 -0.18000
v -0.71000 1.52750 -0.42000
v -0.71000 1.52750 -0.18000
v -0.66000 1.68250 -0.18000
v -0.66000 1.68250 -0.42000
v -0.66000 1.52750 -0.18000
v -0.66000 1.52750 -0.42000
f 9071 9073 9072
f 9073 9074 9072
f 9075 9077 9076
f 9077 9078 9076
f 9079 9081 9080
f 9081 9082 9080
f 9083 9085 9084
f 9085 9086 9084
f 9087 9089 9088
f 9089 9090 9088
f 9091 9093 9092
f 9093 9094 9092
v 0.66000 1.68250 -0.18000
v 0.71000 1.68250 -0.18000
v 0.66000 1.52750 -0.18000
v 0.71000 1.52750 -0.18000
v 0.71000 1.68250 -0.42000
v 0.66000 1.68250 -0.42000
v 0.71000 1.52750 -0.42000
v 0.66000 1.52750 -0.42000
v 0.71000 1.68250 -0.42000
v 0.71000 1.68250 -0.18000
v 0.66000 1.68250 -0.42000
v 0.66000 1.68250 -0.18000
v 0.66000 1.52750 -0.42000
v 0.66000 1.52750 -0.18000
v 0.71000 1.52750 -0.42000
v 0.71000 1.52750 -0.18000
v 0.66000 1.68250 -0.42000
v 0.66000 1.68250 -0.18000
v 0.66000 1.52750 -0.42000
v 0.66000 1.52750 -0.18000
v 0.71000 1.68250 -0.18000
v 0.71000 1.68250 -0.42000
v 0.71000 1.52750 -0.18000
v 0.71000 1.52750 -0.42000
f 9095 9097 9096
f 9097 9098 9096
f 9099 9101 9100
f 9101 9102 9100
f 9103 9105 9104
f 9105 9106 9104
f 9107 9109 9108
f 9109 9110 9108
f 9111 9113 9112
f 9113 9114 9112
f 9115 9117 9116
f 9117 9118 9116
v -0.40000 1.59500 0.29750
v -0.20000 1.59500 0.29750
v -0.40000 1.49500 0.29750
v -0.20000 1.49500 0.29750
v -0.20000 1.59500 0.28250
v -0.40000 1.59500 0.28250
v -0.20000 1.49500 0.28250
v -0.40000 1.49500 0.28250
v -0.20000 1.59500 0.28250
v -0.20000 1.59500 0.29750
v -0.40000 1.59500 0.28250
v -0.40000 1.59500 0.29750
v -0.40000 1.49500 0.28250
v -0.40000 1.49500 0.29750
v -0.20000 1.49500 0.28250
v -0.20000 1.49500 0.29750
v -0.40000 1.59500 0.28250
v -0.40000 1.59500 0.29750
v -0.40000 1.49500 0.28250
v -0.40000 1.49500 0.29750
v -0.20000 1.59500 0.29750
v -0.20000 1.59500 0.28250
v -0.20000 1.49500 0.29750
v -0.20000 1.49500 0.28250
f 9119 9121 9120
f 9121 9122 9120
f 9123 9125 9124
f 9125 9126 9124
f 9127 9129 9128
f 9129 9130 9128
f 9131 9133 9132
f 9133 9134 9132
f 9135 9137 9136
f 9137 9138 9136
f 9139 9141 9140
f 9141 9142 9140
v -0.40000 1.59500 0.25250
v -0.20000 1.59500 0.25250
v -0.40000 1.49500 0.25250
v -0.20000 1.49500 0.25250
v -0.20000 1.59500 0.23750
v -0.40000 1.59500 0.23750
v -0.20000 1.49500 0.23750
v -0.40000 1.49500 0.23750
v -0.20000 1.59500 0.23750
v -0.20000 1.59500 0.25250
v -0.40000 1.59500 0.23750
v -0.40000 1.59500 0.25250
v -0.40000 1.49500 0.23750
v -0.40000 1.49500 0.25250
v -0.20000 1.49500 0.23750
v -0.20000 1.49500 0.25250
v -0.40000 1.59500 0.23750
v -0.40000 1.59500 0.25250
v -0.40000 1.49500 0.23750
v -0.40000 1.49500 0.25250
v -0.20000 1.59500 0.25250
v -0.20000 1.59500 0.23750
v -0.20000 1.49500 0.25250
v -0.20000 1.49500 0.23750
f 9143 9145 9144
f 9145 9146 9144
f 9147 9149 9148
f 9149 9150 9148
f 9151 9153 9152
f 9153 9154 9152
f 9155 9157 9156
f 9157 9158 9156
f 9159 9161 9160
f 9161 9162 9160
f 9163 9165 9164
f 9165 9166 9164
v -0.40000 1.59500 0.20750
v -0.20000 1.59500 0.20750
v -0.40000 1.49500 0.20750
v -0.20000 1.49500 0.20750
v -0.20000 1.59500 0.19250
v -0.40000 1.59500 0.19250
v -0.20000 1.49500 0.19250
v -0.40000 1.49500 0.19250
v -0.20000 1.59500 0.19250
v -0.20000 1.59500 0.20750
v -0.40000 1.59500 0.19250
v -0.40000 1.59500 0.20750
v -0.40000 1.49500 0.19250
v -0.40000 1.49500 0.20750
v -0.20000 1.49500 0.19250
v -0.20000 1.49500 0.20750
v -0.40000 1.59500 0.19250
v -0.40000 1.59500 0.20750
v -0.40000 1.49500 0.19250
v -0.40000 1.49500 0.20750
v -0.20000 1.59500 0.20750
v -0.20000 1.59500 0.19250
v -0.20000 1.49500 0.20750
v -0.20000 1.49500 0.19250
f 9167 9169 9168
f 9169 9170 9168
f 9171 9173 9172
f 9173 9174 9172
f 9175 9177 9176
f 9177 9178 9176
f 9179 9181 9180
f 9181 9182 9180
f 9183 9185 9184
f 9185 9186 9184
f 9187 9189 9188
f 9189 9190 9188
v -0.40000 1.59500 0.16250
v -0.20000 1.59500 0.16250
v -0.40000 1.49500 0.16250
v -0.20000 1.49500 0.16250
v -0.20000 1.59500 0.14750
v -0.40000 1.59500 0.14750
v -0.20000 1.49500 0.14750
v -0.40000 1.49500 0.14750
v -0.20000 1.59500 0.14750
v -0.20000 1.59500 0.16250
v -0.40000 1.59500 0.14750
v -0.40000 1.59500 0.16250
v -0.40000 1.49500 0.14750
v -0.40000 1.49500 0.16250
v -0.20000 1.49500 0.14750
v -0.20000 1.49500 0.16250
v -0.40000 1.59500 0.14750
v -0.40000 1.59500 0.16250
v -0.40000 1.49500 0.14750
v -0.40000 1.49500 0.16250
v -0.20000 1.59500 0.16250
v -0.20000 1.59500 0.14750
v -0.20000 1.49500 0.16250
v -0.20000 1.49500 0.14750
f 9191 9193 9192
f 9193 9194 9192
f 9195 9197 9196
f 9197 9198 9196
f 9199 9201 9200
f 9201 9202 9200
f 9203 9205 9204
f 9205 9206 9204
f 9207 9209 9208
f 9209 9210 9208
f 9211 9213 9212
f 9213 9214 9212
v 0.76500 1.09500 1.05500
v 0.83500 1.09500 1.05500
v 0.76500 0.99500 1.05500
v 0.83500 0.99500 1.05500
v 0.83500 1.09500 0.98500
v 0.76500 1.09500 0.98500
v 0.83500 0.99500 0.98500
v 0.76500 0.99500 0.98500
v 0.83500 1.09500 0.98500
v 0.83500 1.09500 1.05500
v 0.76500 1.09500 0.98500
v 0.76500 1.09500 1.05500
v 0.76500 0.99500 0.98500
v 0.76500 0.99500 1.05500
v 0.83500 0.99500 0.98500
v 0.83500 0.99500 1.05500
v 0.76500 1.09500 0.98500
v 0.76500 1.09500 1.05500
v 0.76500 0.99500 0.98500
v 0.76500 0.99500 1.05500
v 0.83500 1.09500 1.05500
v 0.83500 1.09500 0.98500
v 0.83500 0.99500 1.05500
v 0.83500 0.99500 0.98500
f 9215 9217 9216
f 9217 9218 9216
f 9219 9221 9220
f 9221 9222 9220
f 9223 9225 9224
f 9225 9226 9224
f 9227 9229 9228
f 9229 9230 9228
f 9231 9233 9232
f 9233 9234 9232
f 9235 9237 9236
f 9237 9238 9236
v 0.72200 1.10500 1.03000
v 0.72396 1.12236 1.03000
v 0.72972 1.13884 1.03000
v 0.73902 1.15363 1.03000
v 0.75137 1.16598 1.03000
v 0.76616 1.17528 1.03000
v 0.78264 1.18104 1.03000
v 0.80000 1.18300 1.03000
v 0.81736 1.18104 1.03000
v 0.83384 1.17528 1.03000
v 0.84863 1.16598 1.03000
v 0.86098 1.15363 1.03000
v 0.87028 1.13884 1.03000
v 0.87604 1.12236 1.03000
v 0.87800 1.10500 1.03000
v 0.87604 1.08764 1.03000
v 0.87028 1.07116 1.03000
v 0.86098 1.05637 1.03000
v 0.84863 1.04402 1.03000
v 0.83384 1.03472 1.03000
v 0.81736 1.02896 1.03000
v 0.80000 1.02700 1.03000
v 0.78264 1.02896 1.03000
v 0.76616 1.03472 1.03000
v 0.75137 1.04402 1.03000
v 0.73902 1.05637 1.03000
v 0.72972 1.07116 1.03000
v 0.72396 1.08764 1.03000
v 0.72200 1.10500 1.03000
v 0.71400 1.10500 1.17000
v 0.71616 1.12414 1.17000
v 0.72252 1.14231 1.17000
v 0.73276 1.15862 1.17000
v 0.74638 1.17224 1.17000
v 0.76269 1.18248 1.17000
v 0.78086 1.18884 1.17000
v 0.80000 1.19100 1.17000
v 0.81914 1.18884 1.17000
v 0.83731 1.18248 1.17000
v 0.85362 1.17224 1.17000
v 0.86724 1.15862 1.17000
v 0.87748 1.14231 1.17000
v 0.88384 1.12414 1.17000
v 0.88600 1.10500 1.17000
v 0.88384 1.08586 1.17000
v 0.87748 1.06769 1.17000
v 0.86724 1.05138 1.17000
v 0.85362 1.03776 1.17000
v 0.83731 1.02752 1.17000
v 0.81914 1.02116 1.17000
v 0.80000 1.01900 1.17000
v 0.78086 1.02116 1.17000
v 0.76269 1.02752 1.17000
v 0.74638 1.03776 1.17000
v 0.73276 1.05138 1.17000
v 0.72252 1.06769 1.17000
v 0.71616 1.08586 1.17000
v 0.71400 1.10500 1.17000
v 0.80000 1.10500 1.03000
v 0.80000 1.10500 1.03000
v 0.80000 1.10500 1.03000
v 0.80000 1.10500 1.03000
v 0.80000 1.10500 1.03000
v 0.80000 1.10500 1.03000
v 0.80000 1.10500 1.03000
v 0.80000 1.10500 1.03000
v 0.80000 1.10500 1.03000
v 0.80000 1.10500 1.03000
v 0.80000 1.10500 1.03000
v 0.80000 1.10500 1.03000
v 0.80000 1.10500 1.03000
v 0.80000 1.10500 1.03000
v 0.80000 1.10500 1.03000
v 0.80000 1.10500 1.03000
v 0.80000 1.10500 1.03000
v 0.80000 1.10500 1.03000
v 0.80000 1.10500 1.03000
v 0.80000 1.10500 1.03000
v 0.80000 1.10500 1.03000
v 0.80000 1.10500 1.03000
v 0.80000 1.10500 1.03000
v 0.80000 1.10500 1.03000
v 0.80000 1.10500 1.03000
v 0.80000 1.10500 1.03000
v 0.80000 1.10500 1.03000
v 0.80000 1.10500 1.03000
v 0.72200 1.10500 1.03000
v 0.72396 1.12236 1.03000
v 0.72972 1.13884 1.03000
v 0.73902 1.15363 1.03000
v 0.75137 1.16598 1.03000
v 0.76616 1.17528 1.03000
v 0.78264 1.18104 1.03000
v 0.80000 1.18300 1.03000
v 0.81736 1.18104 1.03000
v 0.83384 1.17528 1.03000
v 0.84863 1.16598 1.03000
v 0.86098 1.15363 1.03000
v 0.87028 1.13884 1.03000
v 0.87604 1.12236 1.03000
v 0.87800 1.10500 1.03000
v 0.87604 1.08764 1.03000
v 0.87028 1.07116 1.03000
v 0.86098 1.05637 1.03000
v 0.84863 1.04402 1.03000
v 0.83384 1.03472 1.03000
v 0.81736 1.02896 1.03000
v 0.80000 1.02700 1.03000
v 0.78264 1.02896 1.03000
v 0.76616 1.03472 1.03000
v 0.75137 1.04402 1.03000
v 0.73902 1.05637 1.03000
v 0.72972 1.07116 1.03000
v 0.72396 1.08764 1.03000
v 0.72200 1.10500 1.03000
v 0.80000 1.10500 1.17000
v 0.80000 1.10500 1.17000
v 0.80000 1.10500 1.17000
v 0.80000 1.10500 1.17000
v 0.80000 1.10500 1.17000
v 0.80000 1.10500 1.17000
v 0.80000 1.10500 1.17000
v 0.80000 1.10500 1.17000
v 0.80000 1.10500 1.17000
v 0.80000 1.10500 1.17000
v 0.80000 1.10500 1.17000
v 0.80000 1.10500 1.17000
v 0.80000 1.10500 1.17000
v 0.80000 1.10500 1.17000
v 0.80000 1.10500 1.17000
v 0.80000 1.10500 1.17000
v 0.80000 1.10500 1.17000
v 0.80000 1.10500 1.17000
v 0.80000 1.10500 1.17000
v 0.80000 1.10500 1.17000
v 0.80000 1.10500 1.17000
v 0.80000 1.10500 1.17000
v 0.80000 1.10500 1.17000
v 0.80000 1.10500 1.17000
v 0.80000 1.10500 1.17000
v 0.80000 1.10500 1.17000
v 0.80000 1.10500 1.17000
v 0.80000 1.10500 1.17000
v 0.71400 1.10500 1.17000
v 0.71616 1.12414 1.17000
v 0.72252 1.14231 1.17000
v 0.73276 1.15862 1.17000
v 0.74638 1.17224 1.17000
v 0.76269 1.18248 1.17000
v 0.78086 1.18884 1.17000
v 0.80000 1.19100 1.17000
v 0.81914 1.18884 1.17000
v 0.83731 1.18248 1.17000
v 0.85362 1.17224 1.17000
v 0.86724 1.15862 1.17000
v 0.87748 1.14231 1.17000
v 0.88384 1.12414 1.17000
v 0.88600 1.10500 1.17000
v 0.88384 1.08586 1.17000
v 0.87748 1.06769 1.17000
v 0.86724 1.05138 1.17000
v 0.85362 1.03776 1.17000
v 0.83731 1.02752 1.17000
v 0.81914 1.02116 1.17000
v 0.80000 1.01900 1.17000
v 0.78086 1.02116 1.17000
v 0.76269 1.02752 1.17000
v 0.74638 1.03776 1.17000
v 0.73276 1.05138 1.17000
v 0.72252 1.06769 1.17000
v 0.71616 1.08586 1.17000
v 0.71400 1.10500 1.17000
f 9239 9268 9240
f 9268 9269 9240
f 9240 9269 9241
f 9269 9270 9241
f 9241 9270 9242
f 9270 9271 9242
f 9242 9271 9243
f 9271 9272 9243
f 9243 9272 9244
f 9272 9273 9244
f 9244 9273 9245
f 9273 9274 9245
f 9245 9274 9246
f 9274 9275 9246
f 9246 9275 9247
f 9275 9276 9247
f 9247 9276 9248
f 9276 9277 9248
f 9248 9277 9249
f 9277 9278 9249
f 9249 9278 9250
f 9278 9279 9250
f 9250 9279 9251
f 9279 9280 9251
f 9251 9280 9252
f 9280 9281 9252
f 9252 9281 9253
f 9281 9282 9253
f 9253 9282 9254
f 9282 9283 9254
f 9254 9283 9255
f 9283 9284 9255
f 9255 9284 9256
f 9284 9285 9256
f 9256 9285 9257
f 9285 9286 9257
f 9257 9286 9258
f 9286 9287 9258
f 9258 9287 9259
f 9287 9288 9259
f 9259 9288 9260
f 9288 9289 9260
f 9260 9289 9261
f 9289 9290 9261
f 9261 9290 9262
f 9290 9291 9262
f 9262 9291 9263
f 9291 9292 9263
f 9263 9292 9264
f 9292 9293 9264
f 9264 9293 9265
f 9293 9294 9265
f 9265 9294 9266
f 9294 9295 9266
f 9266 9295 9267
f 9295 9296 9267
f 9325 9326 9297
f 9326 9327 9298
f 9327 9328 9299
f 9328 9329 9300
f 9329 9330 9301
f 9330 9331 9302
f 9331 9332 9303
f 9332 9333 9304
f 9333 9334 9305
f 9334 9335 9306
f 9335 9336 9307
f 9336 9337 9308
f 9337 9338 9309
f 9338 9339 9310
f 9339 9340 9311
f 9340 9341 9312
f 9341 9342 9313
f 9342 9343 9314
f 9343 9344 9315
f 9344 9345 9316
f 9345 9346 9317
f 9346 9347 9318
f 9347 9348 9319
f 9348 9349 9320
f 9349 9350 9321
f 9350 9351 9322
f 9351 9352 9323
f 9352 9353 9324
f 9383 9382 9354
f 9384 9383 9355
f 9385 9384 9356
f 9386 9385 9357
f 9387 9386 9358
f 9388 9387 9359
f 9389 9388 9360
f 9390 9389 9361
f 9391 9390 9362
f 9392 9391 9363
f 9393 9392 9364
f 9394 9393 9365
f 9395 9394 9366
f 9396 9395 9367
f 9397 9396 9368
f 9398 9397 9369
f 9399 9398 9370
f 9400 9399 9371
f 9401 9400 9372
f 9402 9401 9373
f 9403 9402 9374
f 9404 9403 9375
f 9405 9404 9376
f 9406 9405 9377
f 9407 9406 9378
f 9408 9407 9379
f 9409 9408 9380
f 9410 9409 9381
usemtl glass
v -0.85500 1.42000 0.60000
v -0.83500 1.42000 0.60000
v -0.85500 1.04000 0.60000
v -0.83500 1.04000 0.60000
v -0.83500 1.42000 -0.30000
v -0.85500 1.42000 -0.30000
v -0.83500 1.04000 -0.30000
v -0.85500 1.04000 -0.30000
v -0.83500 1.42000 -0.30000
v -0.83500 1.42000 0.60000
v -0.85500 1.42000 -0.30000
v -0.85500 1.42000 0.60000
v -0.85500 1.04000 -0.30000
v -0.85500 1.04000 0.60000
v -0.83500 1.04000 -0.30000
v -0.83500 1.04000 0.60000
v -0.85500 1.42000 -0.30000
v -0.85500 1.42000 0.60000
v -0.85500 1.04000 -0.30000
v -0.85500 1.04000 0.60000
v -0.83500 1.42000 0.60000
v -0.83500 1.42000 -0.30000
v -0.83500 1.04000 0.60000
v -0.83500 1.04000 -0.30000
f 9411 9413 9412
f 9413 9414 9412
f 9415 9417 9416
f 9417 9418 9416
f 9419 9421 9420
f 9421 9422 9420
f 9423 9425 9424
f 9425 9426 9424
f 9427 9429 9428
f 9429 9430 9428
f 9431 9433 9432
f 9433 9434 9432
v -0.85500 1.42000 -0.40000
v -0.83500 1.42000 -0.40000
v -0.85500 1.04000 -0.40000
v -0.83500 1.04000 -0.40000
v -0.83500 1.42000 -1.30000
v -0.85500 1.42000 -1.30000
v -0.83500 1.04000 -1.30000
v -0.85500 1.04000 -1.30000
v -0.83500 1.42000 -1.30000
v -0.83500 1.42000 -0.40000
v -0.85500 1.42000 -1.30000
v -0.85500 1.42000 -0.40000
v -0.85500 1.04000 -1.30000
v -0.85500 1.04000 -0.40000
v -0.83500 1.04000 -1.30000
v -0.83500 1.04000 -0.40000
v -0.85500 1.42000 -1.30000
v -0.85500 1.42000 -0.40000
v -0.85500 1.04000 -1.30000
v -0.85500 1.04000 -0.40000
v -0.83500 1.42000 -0.40000
v -0.83500 1.42000 -1.30000
v -0.83500 1.04000 -0.40000
v -0.83500 1.04000 -1.30000
f 9435 9437 9436
f 9437 9438 9436
f 9439 9441 9440
f 9441 9442 9440
f 9443 9445 9444
f 9445 9446 9444
f 9447 9449 9448
f 9449 9450 9448
f 9451 9453 9452
f 9453 9454 9452
f 9455 9457 9456
f 9457 9458 9456
v 0.83500 1.42000 0.60000
v 0.85500 1.42000 0.60000
v 0.83500 1.04000 0.60000
v 0.85500 1.04000 0.60000
v 0.85500 1.42000 -0.30000
v 0.83500 1.42000 -0.30000
v 0.85500 1.04000 -0.30000
v 0.83500 1.04000 -0.30000
v 0.85500 1.42000 -0.30000
v 0.85500 1.42000 0.60000
v 0.83500 1.42000 -0.30000
v 0.83500 1.42000 0.60000
v 0.83500 1.04000 -0.30000
v 0.83500 1.04000 0.60000
v 0.85500 1.04000 -0.30000
v 0.85500 1.04000 0.60000
v 0.83500 1.42000 -0.30000
v 0.83500 1.42000 0.60000
v 0.83500 1.04000 -0.30000
v 0.83500 1.04000 0.60000
v 0.85500 1.42000 0.60000
v 0.85500 1.42000 -0.30000
v 0.85500 1.04000 0.60000
v 0.85500 1.04000 -0.30000
f 9459 9461 9460
f 9461 9462 9460
f 9463 9465 9464
f 9465 9466 9464
f 9467 9469 9468
f 9469 9470 9468
f 9471 9473 9472
f 9473 9474 9472
f 9475 9477 9476
f 9477 9478 9476
f 9479 9481 9480
f 9481 9482 9480
v 0.83500 1.42000 -0.40000
v 0.85500 1.42000 -0.40000
v 0.83500 1.04000 -0.40000
v 0.85500 1.04000 -0.40000
v 0.85500 1.42000 -1.30000
v 0.83500 1.42000 -1.30000
v 0.85500 1.04000 -1.30000
v 0.83500 1.04000 -1.30000
v 0.85500 1.42000 -1.30000
v 0.85500 1.42000 -0.40000
v 0.83500 1.42000 -1.30000
v 0.83500 1.42000 -0.40000
v 0.83500 1.04000 -1.30000
v 0.83500 1.04000 -0.40000
v 0.85500 1.04000 -1.30000
v 0.85500 1.04000 -0.40000
v 0.83500 1.42000 -1.30000
v 0.83500 1.42000 -0.40000
v 0.83500 1.04000 -1.30000
v 0.83500 1.04000 -0.40000
v 0.85500 1.42000 -0.40000
v 0.85500 1.42000 -1.30000
v 0.85500 1.04000 -0.40000
v 0.85500 1.04000 -1.30000
f 9483 9485 9484
f 9485 9486 9484
f 9487 9489 9488
f 9489 9490 9488
f 9491 9493 9492
f 9493 9494 9492
f 9495 9497 9496
f 9497 9498 9496
f 9499 9501 9500
f 9501 9502 9500
f 9503 9505 9504
f 9505 9506 9504
v -0.82000 1.46571 0.47661
v 0.82000 1.46571 0.47661
v -0.82000 1.01970 1.01613
v 0.82000 1.01970 1.01613
v 0.82000 1.45030 0.46387
v -0.82000 1.45030 0.46387
v 0.82000 1.00429 1.00339
v -0.82000 1.00429 1.00339
v 0.82000 1.45030 0.46387
v 0.82000 1.46571 0.47661
v -0.82000 1.45030 0.46387
v -0.82000 1.46571 0.47661
v -0.82000 1.00429 1.00339
v -0.82000 1.01970 1.01613
v 0.82000 1.00429 1.00339
v 0.82000 1.01970 1.01613
v -0.82000 1.45030 0.46387
v -0.82000 1.46571 0.47661
v -0.82000 1.00429 1.00339
v -0.82000 1.01970 1.01613
v 0.82000 1.46571 0.47661
v 0.82000 1.45030 0.46387
v 0.82000 1.01970 1.01613
v 0.82000 1.00429 1.00339
f 9507 9509 9508
f 9509 9510 9508
f 9511 9513 9512
f 9513 9514 9512
f 9515 9517 9516
f 9517 9518 9516
f 9519 9521 9520
f 9521 9522 9520
f 9523 9525 9524
f 9525 9526 9524
f 9527 9529 9528
f 9529 9530 9528
v -0.80000 1.44620 -1.21031
v 0.80000 1.44620 -1.21031
v -0.80000 1.02079 -1.57449
v 0.80000 1.02079 -1.57449
v 0.80000 1.45921 -1.22551
v -0.80000 1.45921 -1.22551
v 0.80000 1.03380 -1.58969
v -0.80000 1.03380 -1.58969
v 0.80000 1.45921 -1.22551
v 0.80000 1.44620 -1.21031
v -0.80000 1.45921 -1.22551
v -0.80000 1.44620 -1.21031
v -0.80000 1.03380 -1.58969
v -0.80000 1.02079 -1.57449
v 0.80000 1.03380 -1.58969
v 0.80000 1.02079 -1.57449
v -0.80000 1.45921 -1.22551
v -0.80000 1.44620 -1.21031
v -0.80000 1.03380 -1.58969
v -0.80000 1.02079 -1.57449
v 0.80000 1.44620 -1.21031
v 0.80000 1.45921 -1.22551
v 0.80000 1.02079 -1.57449
v 0.80000 1.03380 -1.58969
f 9531 9533 9532
f 9533 9534 9532
f 9535 9537 9536
f 9537 9538 9536
f 9539 9541 9540
f 9541 9542 9540
f 9543 9545 9544
f 9545 9546 9544
f 9547 9549 9548
f 9549 9550 9548
f 9551 9553 9552
f 9553 9554 9552
v 0.72800 1.10500 1.16450
v 0.72981 1.12102 1.16450
v 0.73513 1.13624 1.16450
v 0.74371 1.14989 1.16450
v 0.75511 1.16129 1.16450
v 0.76876 1.16987 1.16450
v 0.78398 1.17519 1.16450
v 0.80000 1.17700 1.16450
v 0.81602 1.17519 1.16450
v 0.83124 1.16987 1.16450
v 0.84489 1.16129 1.16450
v 0.85629 1.14989 1.16450
v 0.86487 1.13624 1.16450
v 0.87019 1.12102 1.16450
v 0.87200 1.10500 1.16450
v 0.87019 1.08898 1.16450
v 0.86487 1.07376 1.16450
v 0.85629 1.06011 1.16450
v 0.84489 1.04871 1.16450
v 0.83124 1.04013 1.16450
v 0.81602 1.03481 1.16450
v 0.80000 1.03300 1.16450
v 0.78398 1.03481 1.16450
v 0.76876 1.04013 1.16450
v 0.75511 1.04871 1.16450
v 0.74371 1.06011 1.16450
v 0.73513 1.07376 1.16450
v 0.72981 1.08898 1.16450
v 0.72800 1.10500 1.16450
v 0.72800 1.10500 1.17950
v 0.72981 1.12102 1.17950
v 0.73513 1.13624 1.17950
v 0.74371 1.14989 1.17950
v 0.75511 1.16129 1.17950
v 0.76876 1.16987 1.17950
v 0.78398 1.17519 1.17950
v 0.80000 1.17700 1.17950
v 0.81602 1.17519 1.17950
v 0.83124 1.16987 1.17950
v 0.84489 1.16129 1.17950
v 0.85629 1.14989 1.17950
v 0.86487 1.13624 1.17950
v 0.87019 1.12102 1.17950
v 0.87200 1.10500 1.17950
v 0.87019 1.08898 1.17950
v 0.86487 1.07376 1.17950
v 0.85629 1.06011 1.17950
v 0.84489 1.04871 1.17950
v 0.83124 1.04013 1.17950
v 0.81602 1.03481 1.17950
v 0.80000 1.03300 1.17950
v 0.78398 1.03481 1.17950
v 0.76876 1.04013 1.17950
v 0.75511 1.04871 1.17950
v 0.74371 1.06011 1.17950
v 0.73513 1.07376 1.17950
v 0.72981 1.08898 1.17950
v 0.72800 1.10500 1.17950
v 0.80000 1.10500 1.16450
v 0.80000 1.10500 1.16450
v 0.80000 1.10500 1.16450
v 0.80000 1.10500 1.16450
v 0.80000 1.10500 1.16450
v 0.80000 1.10500 1.16450
v 0.80000 1.10500 1.16450
v 0.80000 1.10500 1.16450
v 0.80000 1.10500 1.16450
v 0.80000 1.10500 1.16450
v 0.80000 1.10500 1.16450
v 0.80000 1.10500 1.16450
v 0.80000 1.10500 1.16450
v 0.80000 1.10500 1.16450
v 0.80000 1.10500 1.16450
v 0.80000 1.10500 1.16450
v 0.80000 1.10500 1.16450
v 0.80000 1.10500 1.16450
v 0.80000 1.10500 1.16450
v 0.80000 1.10500 1.16450
v 0.80000 1.10500 1.16450
v 0.80000 1.10500 1.16450
v 0.80000 1.10500 1.16450
v 0.80000 1.10500 1.16450
v 0.80000 1.10500 1.16450
v 0.80000 1.10500 1.16450
v 0.80000 1.10500 1.16450
v 0.80000 1.10500 1.16450
v 0.72800 1.10500 1.16450
v 0.72981 1.12102 1.16450
v 0.73513 1.13624 1.16450
v 0.74371 1.14989 1.16450
v 0.75511 1.16129 1.16450
v 0.76876 1.16987 1.16450
v 0.78398 1.17519 1.16450
v 0.80000 1.17700 1.16450
v 0.81602 1.17519 1.16450
v 0.83124 1.16987 1.16450
v 0.84489 1.16129 1.16450
v 0.85629 1.14989 1.16450
v 0.86487 1.13624 1.16450
v 0.87019 1.12102 1.16450
v 0.87200 1.10500 1.16450
v 0.87019 1.08898 1.16450
v 0.86487 1.07376 1.16450
v 0.85629 1.06011 1.16450
v 0.84489 1.04871 1.16450
v 0.83124 1.04013 1.16450
v 0.81602 1.03481 1.16450
v 0.80000 1.03300 1.16450
v 0.78398 1.03481 1.16450
v 0.76876 1.04013 1.16450
v 0.75511 1.04871 1.16450
v 0.74371 1.06011 1.16450
v 0.73513 1.07376 1.16450
v 0.72981 1.08898 1.16450
v 0.72800 1.10500 1.16450
v 0.80000 1.10500 1.17950
v 0.80000 1.10500 1.17950
v 0.80000 1.10500 1.17950
v 0.80000 1.10500 1.17950
v 0.80000 1.10500 1.17950
v 0.80000 1.10500 1.17950
v 0.80000 1.10500 1.17950
v 0.80000 1.10500 1.17950
v 0.80000 1.10500 1.17950
v 0.80000 1.10500 1.17950
v 0.80000 1.10500 1.17950
v 0.80000 1.10500 1.17950
v 0.80000 1.10500 1.17950
v 0.80000 1.10500 1.17950
v 0.80000 1.10500 1.17950
v 0.80000 1.10500 1.17950
v 0.80000 1.10500 1.17950
v 0.80000 1.10500 1.17950
v 0.80000 1.10500 1.17950
v 0.80000 1.10500 1.17950
v 0.80000 1.10500 1.17950
v 0.80000 1.10500 1.17950
v 0.80000 1.10500 1.17950
v 0.80000 1.10500 1.17950
v 0.80000 1.10500 1.17950
v 0.80000 1.10500 1.17950
v 0.80000 1.10500 1.17950
v 0.80000 1.10500 1.17950
v 0.72800 1.10500 1.17950
v 0.72981 1.12102 1.17950
v 0.73513 1.13624 1.17950
v 0.74371 1.14989 1.17950
v 0.75511 1.16129 1.17950
v 0.76876 1.16987 1.17950
v 0.78398 1.17519 1.17950
v 0.80000 1.17700 1.17950
v 0.81602 1.17519 1.17950
v 0.83124 1.16987 1.17950
v 0.84489 1.16129 1.17950
v 0.85629 1.14989 1.17950
v 0.86487 1.13624 1.17950
v 0.87019 1.12102 1.17950
v 0.87200 1.10500 1.17950
v 0.87019 1.08898 1.17950
v 0.86487 1.07376 1.17950
v 0.85629 1.06011 1.17950
v 0.84489 1.04871 1.17950
v 0.83124 1.04013 1.17950
v 0.81602 1.03481 1.17950
v 0.80000 1.03300 1.17950
v 0.78398 1.03481 1.17950
v 0.76876 1.04013 1.17950
v 0.75511 1.04871 1.17950
v 0.74371 1.06011 1.17950
v 0.73513 1.07376 1.17950
v 0.72981 1.08898 1.17950
v 0.72800 1.10500 1.17950
f 9555 9584 9556
f 9584 9585 9556
f 9556 9585 9557
f 9585 9586 9557
f 9557 9586 9558
f 9586 9587 9558
f 9558 9587 9559
f 9587 9588 9559
f 9559 9588 9560
f 9588 9589 9560
f 9560 9589 9561
f 9589 9590 9561
f 9561 9590 9562
f 9590 9591 9562
f 9562 9591 9563
f 9591 9592 9563
f 9563 9592 9564
f 9592 9593 9564
f 9564 9593 9565
f 9593 9594 9565
f 9565 9594 9566
f 9594 9595 9566
f 9566 9595 9567
f 9595 9596 9567
f 9567 9596 9568
f 9596 9597 9568
f 9568 9597 9569
f 9597 9598 9569
f 9569 9598 9570
f 9598 9599 9570
f 9570 9599 9571
f 9599 9600 9571
f 9571 9600 9572
f 9600 9601 9572
f 9572 9601 9573
f 9601 9602 9573
f 9573 9602 9574
f 9602 9603 9574
f 9574 9603 9575
f 9603 9604 9575
f 9575 9604 9576
f 9604 9605 9576
f 9576 9605 9577
f 9605 9606 9577
f 9577 9606 9578
f 9606 9607 9578
f 9578 9607 9579
f 9607 9608 9579
f 9579 9608 9580
f 9608 9609 9580
f 9580 9609 9581
f 9609 9610 9581
f 9581 9610 9582
f 9610 9611 9582
f 9582 9611 9583
f 9611 9612 9583
f 9641 9642 9613
f 9642 9643 9614
f 9643 9644 9615
f 9644 9645 9616
f 9645 9646 9617
f 9646 9647 9618
f 9647 9648 9619
f 9648 9649 9620
f 9649 9650 9621
f 9650 9651 9622
f 9651 9652 9623
f 9652 9653 9624
f 9653 9654 9625
f 9654 9655 9626
f 9655 9656 9627
f 9656 9657 9628
f 9657 9658 9629
f 9658 9659 9630
f 9659 9660 9631
f 9660 9661 9632
f 9661 9662 9633
f 9662 9663 9634
f 9663 9664 9635
f 9664 9665 9636
f 9665 9666 9637
f 9666 9667 9638
f 9667 9668 9639
f 9668 9669 9640
f 9699 9698 9670
f 9700 9699 9671
f 9701 9700 9672
f 9702 9701 9673
f 9703 9702 9674
f 9704 9703 9675
f 9705 9704 9676
f 9706 9705 9677
f 9707 9706 9678
f 9708 9707 9679
f 9709 9708 9680
f 9710 9709 9681
f 9711 9710 9682
f 9712 9711 9683
f 9713 9712 9684
f 9714 9713 9685
f 9715 9714 9686
f 9716 9715 9687
f 9717 9716 9688
f 9718 9717 9689
f 9719 9718 9690
f 9720 9719 9691
f 9721 9720 9692
f 9722 9721 9693
f 9723 9722 9694
f 9724 9723 9695
f 9725 9724 9696
f 9726 9725 9697
usemtl interior_grey
v -0.90000 0.64500 1.15000
v 0.90000 0.64500 1.15000
v -0.90000 0.58500 1.15000
v 0.90000 0.58500 1.15000
v 0.90000 0.64500 -1.95000
v -0.90000 0.64500 -1.95000
v 0.90000 0.58500 -1.95000
v -0.90000 0.58500 -1.95000
v 0.90000 0.64500 -1.95000
v 0.90000 0.64500 1.15000
v -0.90000 0.64500 -1.95000
v -0.90000 0.64500 1.15000
v -0.90000 0.58500 -1.95000
v -0.90000 0.58500 1.15000
v 0.90000 0.58500 -1.95000
v 0.90000 0.58500 1.15000
v -0.90000 0.64500 -1.95000
v -0.90000 0.64500 1.15000
v -0.90000 0.58500 -1.95000
v -0.90000 0.58500 1.15000
v 0.90000 0.64500 1.15000
v 0.90000 0.64500 -1.95000
v 0.90000 0.58500 1.15000
v 0.90000 0.58500 -1.95000
f 9727 9729 9728
f 9729 9730 9728
f 9731 9733 9732
f 9733 9734 9732
f 9735 9737 9736
f 9737 9738 9736
f 9739 9741 9740
f 9741 9742 9740
f 9743 9745 9744
f 9745 9746 9744
f 9747 9749 9748
f 9749 9750 9748
v -0.67000 0.77500 0.39000
v 0.67000 0.77500 0.39000
v -0.67000 0.63500 0.39000
v 0.67000 0.63500 0.39000
v 0.67000 0.77500 -0.19000
v -0.67000 0.77500 -0.19000
v 0.67000 0.63500 -0.19000
v -0.67000 0.63500 -0.19000
v 0.67000 0.77500 -0.19000
v 0.67000 0.77500 0.39000
v -0.67000 0.77500 -0.19000
v -0.67000 0.77500 0.39000
v -0.67000 0.63500 -0.19000
v -0.67000 0.63500 0.39000
v 0.67000 0.63500 -0.19000
v 0.67000 0.63500 0.39000
v -0.67000 0.77500 -0.19000
v -0.67000 0.77500 0.39000
v -0.67000 0.63500 -0.19000
v -0.67000 0.63500 0.39000
v 0.67000 0.77500 0.39000
v 0.67000 0.77500 -0.19000
v 0.67000 0.63500 0.39000
v 0.67000 0.63500 -0.19000
f 9751 9753 9752
f 9753 9754 9752
f 9755 9757 9756
f 9757 9758 9756
f 9759 9761 9760
f 9761 9762 9760
f 9763 9765 9764
f 9765 9766 9764
f 9767 9769 9768
f 9769 9770 9768
f 9771 9773 9772
f 9773 9774 9772
v -0.67000 1.26714 -0.18238
v 0.67000 1.26714 -0.18238
v -0.67000 0.72983 -0.12847
v 0.67000 0.72983 -0.12847
v 0.67000 1.25017 -0.35153
v -0.67000 1.25017 -0.35153
v 0.67000 0.71286 -0.29762
v -0.67000 0.71286 -0.29762
v 0.67000 1.25017 -0.35153
v 0.67000 1.26714 -0.18238
v -0.67000 1.25017 -0.35153
v -0.67000 1.26714 -0.18238
v -0.67000 0.71286 -0.29762
v -0.67000 0.72983 -0.12847
v 0.67000 0.71286 -0.29762
v 0.67000 0.72983 -0.12847
v -0.67000 1.25017 -0.35153
v -0.67000 1.26714 -0.18238
v -0.67000 0.71286 -0.29762
v -0.67000 0.72983 -0.12847
v 0.67000 1.26714 -0.18238
v 0.67000 1.25017 -0.35153
v 0.67000 0.72983 -0.12847
v 0.67000 0.71286 -0.29762
f 9775 9777 9776
f 9777 9778 9776
f 9779 9781 9780
f 9781 9782 9780
f 9783 9785 9784
f 9785 9786 9784
f 9787 9789 9788
f 9789 9790 9788
f 9791 9793 9792
f 9793 9794 9792
f 9795 9797 9796
f 9797 9798 9796
v -0.67000 0.77500 -0.69000
v 0.67000 0.77500 -0.69000
v -0.67000 0.63500 -0.69000
v 0.67000 0.63500 -0.69000
v 0.67000 0.77500 -1.21000
v -0.67000 0.77500 -1.21000
v 0.67000 0.63500 -1.21000
v -0.67000 0.63500 -1.21000
v 0.67000 0.77500 -1.21000
v 0.67000 0.77500 -0.69000
v -0.67000 0.77500 -1.21000
v -0.67000 0.77500 -0.69000
v -0.67000 0.63500 -1.21000
v -0.67000 0.63500 -0.69000
v 0.67000 0.63500 -1.21000
v 0.67000 0.63500 -0.69000
v -0.67000 0.77500 -1.21000
v -0.67000 0.77500 -0.69000
v -0.67000 0.63500 -1.21000
v -0.67000 0.63500 -0.69000
v 0.67000 0.77500 -0.69000
v 0.67000 0.77500 -1.21000
v 0.67000 0.63500 -0.69000
v 0.67000 0.63500 -1.21000
f 9799 9801 9800
f 9801 9802 9800
f 9803 9805 9804
f 9805 9806 9804
f 9807 9809 9808
f 9809 9810 9808
f 9811 9813 9812
f 9813 9814 9812
f 9815 9817 9816
f 9817 9818 9816
f 9819 9821 9820
f 9821 9822 9820
v -0.67000 1.24831 -1.20674
v 0.67000 1.24831 -1.20674
v -0.67000 0.73205 -1.14449
v 0.67000 0.73205 -1.14449
v 0.67000 1.22795 -1.37551
v -0.67000 1.22795 -1.37551
v 0.67000 0.71169 -1.31326
v -0.67000 0.71169 -1.31326
v 0.67000 1.22795 -1.37551
v 0.67000 1.24831 -1.20674
v -0.67000 1.22795 -1.37551
v -0.67000 1.24831 -1.20674
v -0.67000 0.71169 -1.31326
v -0.67000 0.73205 -1.14449
v 0.67000 0.71169 -1.31326
v 0.67000 0.73205 -1.14449
v -0.67000 1.22795 -1.37551
v -0.67000 1.24831 -1.20674
v -0.67000 0.71169 -1.31326
v -0.67000 0.73205 -1.14449
v 0.67000 1.24831 -1.20674
v 0.67000 1.22795 -1.37551
v 0.67000 0.73205 -1.14449
v 0.67000 0.71169 -1.31326
f 9823 9825 9824
f 9825 9826 9824
f 9827 9829 9828
f 9829 9830 9828
f 9831 9833 9832
f 9833 9834 9832
f 9835 9837 9836
f 9837 9838 9836
f 9839 9841 9840
f 9841 9842 9840
f 9843 9845 9844
f 9845 9846 9844
v -0.77000 1.15000 1.01000
v 0.77000 1.15000 1.01000
v -0.77000 0.89000 1.01000
v 0.77000 0.89000 1.01000
v 0.77000 1.15000 0.71000
v -0.77000 1.15000 0.71000
v 0.77000 0.89000 0.71000
v -0.77000 0.89000 0.71000
v 0.77000 1.15000 0.71000
v 0.77000 1.15000 1.01000
v -0.77000 1.15000 0.71000
v -0.77000 1.15000 1.01000
v -0.77000 0.89000 0.71000
v -0.77000 0.89000 1.01000
v 0.77000 0.89000 0.71000
v 0.77000 0.89000 1.01000
v -0.77000 1.15000 0.71000
v -0.77000 1.15000 1.01000
v -0.77000 0.89000 0.71000
v -0.77000 0.89000 1.01000
v 0.77000 1.15000 1.01000
v 0.77000 1.15000 0.71000
v 0.77000 0.89000 1.01000
v 0.77000 0.89000 0.71000
f 9847 9849 9848
f 9849 9850 9848
f 9851 9853 9852
f 9853 9854 9852
f 9855 9857 9856
f 9857 9858 9856
f 9859 9861 9860
f 9861 9862 9860
f 9863 9865 9864
f 9865 9866 9864
f 9867 9869 9868
f 9869 9870 9868
v -0.15000 0.90000 0.63000
v 0.15000 0.90000 0.63000
v -0.15000 0.68000 0.63000
v 0.15000 0.68000 0.63000
v 0.15000 0.90000 0.17000
v -0.15000 0.90000 0.17000
v 0.15000 0.68000 0.17000
v -0.15000 0.68000 0.17000
v 0.15000 0.90000 0.17000
v 0.15000 0.90000 0.63000
v -0.15000 0.90000 0.17000
v -0.15000 0.90000 0.63000
v -0.15000 0.68000 0.17000
v -0.15000 0.68000 0.63000
v 0.15000 0.68000 0.17000
v 0.15000 0.68000 0.63000
v -0.15000 0.90000 0.17000
v -0.15000 0.90000 0.63000
v -0.15000 0.68000 0.17000
v -0.15000 0.68000 0.63000
v 0.15000 0.90000 0.63000
v 0.15000 0.90000 0.17000
v 0.15000 0.68000 0.63000
v 0.15000 0.68000 0.17000
f 9871 9873 9872
f 9873 9874 9872
f 9875 9877 9876
f 9877 9878 9876
f 9879 9881 9880
f 9881 9882 9880
f 9883 9885 9884
f 9885 9886 9884
f 9887 9889 9888
f 9889 9890 9888
f 9891 9893 9892
f 9893 9894 9892
usemtl trim_black
v -0.75000 1.18500 1.00000
v 0.75000 1.18500 1.00000
v -0.75000 1.13500 1.00000
v 0.75000 1.13500 1.00000
v 0.75000 1.18500 0.72000
v -0.75000 1.18500 0.72000
v 0.75000 1.13500 0.72000
v -0.75000 1.13500 0.72000
v 0.75000 1.18500 0.72000
v 0.75000 1.18500 1.00000
v -0.75000 1.18500 0.72000
v -0.75000 1.18500 1.00000
v -0.75000 1.13500 0.72000
v -0.75000 1.13500 1.00000
v 0.75000 1.13500 0.72000
v 0.75000 1.13500 1.00000
v -0.75000 1.18500 0.72000
v -0.75000 1.18500 1.00000
v -0.75000 1.13500 0.72000
v -0.75000 1.13500 1.00000
v 0.75000 1.18500 1.00000
v 0.75000 1.18500 0.72000
v 0.75000 1.13500 1.00000
v 0.75000 1.13500 0.72000
f 9895 9897 9896
f 9897 9898 9896
f 9899 9901 9900
f 9901 9902 9900
f 9903 9905 9904
f 9905 9906 9904
f 9907 9909 9908
f 9909 9910 9908
f 9911 9913 9912
f 9913 9914 9912
f 9915 9917 9916
f 9917 9918 9916
v -0.12000 0.97500 0.28000
v 0.12000 0.97500 0.28000
v -0.12000 0.83500 0.28000
v 0.12000 0.83500 0.28000
v 0.12000 0.97500 0.12000
v -0.12000 0.97500 0.12000
v 0.12000 0.83500 0.12000
v -0.12000 0.83500 0.12000
v 0.12000 0.97500 0.12000
v 0.12000 0.97500 0.28000
v -0.12000 0.97500 0.12000
v -0.12000 0.97500 0.28000
v -0.12000 0.83500 0.12000
v -0.12000 0.83500 0.28000
v 0.12000 0.83500 0.12000
v 0.12000 0.83500 0.28000
v -0.12000 0.97500 0.12000
v -0.12000 0.97500 0.28000
v -0.12000 0.83500 0.12000
v -0.12000 0.83500 0.28000
v 0.12000 0.97500 0.28000
v 0.12000 0.97500 0.12000
v 0.12000 0.83500 0.28000
v 0.12000 0.83500 0.12000
f 9919 9921 9920
f 9921 9922 9920
f 9923 9925 9924
f 9925 9926 9924
f 9927 9929 9928
f 9929 9930 9928
f 9931 9933 9932
f 9933 9934 9932
f 9935 9937 9936
f 9937 9938 9936
f 9939 9941 9940
f 9941 9942 9940
v 0.41200 1.04711 0.59883
v 0.41575 1.06016 0.60391
v 0.42600 1.06971 0.60762
v 0.44000 1.07320 0.60898
v 0.45400 1.06971 0.60762
v 0.46425 1.06016 0.60391
v 0.46800 1.04711 0.59883
v 0.46425 1.03406 0.59376
v 0.45400 1.02451 0.59005
v 0.44000 1.02101 0.58869
v 0.42600 1.02451 0.59005
v 0.41575 1.03406 0.59376
v 0.41200 1.04711 0.59883
v 0.41200 0.95289 0.84117
v 0.41575 0.96594 0.84624
v 0.42600 0.97549 0.84995
v 0.44000 0.97899 0.85131
v 0.45400 0.97549 0.84995
v 0.46425 0.96594 0.84624
v 0.46800 0.95289 0.84117
v 0.46425 0.93984 0.83609
v 0.45400 0.93029 0.83238
v 0.44000 0.92680 0.83102
v 0.42600 0.93029 0.83238
v 0.41575 0.93984 0.83609
v 0.41200 0.95289 0.84117
v 0.44000 1.04711 0.59883
v 0.44000 1.04711 0.59883
v 0.44000 1.04711 0.59883
v 0.44000 1.04711 0.59883
v 0.44000 1.04711 0.59883
v 0.44000 1.04711 0.59883
v 0.44000 1.04711 0.59883
v 0.44000 1.04711 0.59883
v 0.44000 1.04711 0.59883
v 0.44000 1.04711 0.59883
v 0.44000 1.04711 0.59883
v 0.44000 1.04711 0.59883
v 0.41200 1.04711 0.59883
v 0.41575 1.06016 0.60391
v 0.42600 1.06971 0.60762
v 0.44000 1.07320 0.60898
v 0.45400 1.06971 0.60762
v 0.46425 1.06016 0.60391
v 0.46800 1.04711 0.59883
v 0.46425 1.03406 0.59376
v 0.45400 1.02451 0.59005
v 0.44000 1.02101 0.58869
v 0.42600 1.02451 0.59005
v 0.41575 1.03406 0.59376
v 0.41200 1.04711 0.59883
v 0.44000 0.95289 0.84117
v 0.44000 0.95289 0.84117
v 0.44000 0.95289 0.84117
v 0.44000 0.95289 0.84117
v 0.44000 0.95289 0.84117
v 0.44000 0.95289 0.84117
v 0.44000 0.95289 0.84117
v 0.44000 0.95289 0.84117
v 0.44000 0.95289 0.84117
v 0.44000 0.95289 0.84117
v 0.44000 0.95289 0.84117
v 0.44000 0.95289 0.84117
v 0.41200 0.95289 0.84117
v 0.41575 0.96594 0.84624
v 0.42600 0.97549 0.84995
v 0.44000 0.97899 0.85131
v 0.45400 0.97549 0.84995
v 0.46425 0.96594 0.84624
v 0.46800 0.95289 0.84117
v 0.46425 0.93984 0.83609
v 0.45400 0.93029 0.83238
v 0.44000 0.92680 0.83102
v 0.42600 0.93029 0.83238
v 0.41575 0.93984 0.83609
v 0.41200 0.95289 0.84117
f 9943 9956 9944
f 9956 9957 9944
f 9944 9957 9945
f 9957 9958 9945
f 9945 9958 9946
f 9958 9959 9946
f 9946 9959 9947
f 9959 9960 9947
f 9947 9960 9948
f 9960 9961 9948
f 9948 9961 9949
f 9961 9962 9949
f 9949 9962 9950
f 9962 9963 9950
f 9950 9963 9951
f 9963 9964 9951
f 9951 9964 9952
f 9964 9965 9952
f 9952 9965 9953
f 9965 9966 9953
f 9953 9966 9954
f 9966 9967 9954
f 9954 9967 9955
f 9967 9968 9955
f 9981 9982 9969
f 9982 9983 9970
f 9983 9984 9971
f 9984 9985 9972
f 9985 9986 9973
f 9986 9987 9974
f 9987 9988 9975
f 9988 9989 9976
f 9989 9990 9977
f 9990 9991 9978
f 9991 9992 9979
f 9992 9993 9980
f 10007 10006 9994
f 10008 10007 9995
f 10009 10008 9996
f 10010 10009 9997
f 10011 10010 9998
f 10012 10011 9999
f 10013 10012 10000
f 10014 10013 10001
f 10015 10014 10002
f 10016 10015 10003
f 10017 10016 10004
f 10018 10017 10005
v 0.60533 1.14035 0.63000
v 0.59234 1.16814 0.63000
v 0.57472 1.19326 0.63000
v 0.55300 1.21493 0.63000
v 0.52786 1.23250 0.63000
v 0.50004 1.24544 0.63000
v 0.47040 1.25335 0.63000
v 0.43984 1.25600 0.63000
v 0.40928 1.25330 0.63000
v 0.37965 1.24533 0.63000
v 0.35186 1.23234 0.63000
v 0.32674 1.21472 0.63000
v 0.30507 1.19300 0.63000
v 0.28750 1.16786 0.63000
v 0.27456 1.14004 0.63000
v 0.26665 1.11040 0.63000
v 0.26400 1.07984 0.63000
v 0.26670 1.04928 0.63000
v 0.27467 1.01965 0.63000
v 0.28766 0.99186 0.63000
v 0.30528 0.96674 0.63000
v 0.32700 0.94507 0.63000
v 0.35214 0.92750 0.63000
v 0.37996 0.91456 0.63000
v 0.40960 0.90665 0.63000
v 0.44016 0.90400 0.63000
v 0.47072 0.90670 0.63000
v 0.50035 0.91467 0.63000
v 0.52814 0.92766 0.63000
v 0.55326 0.94528 0.63000
v 0.57493 0.96700 0.63000
v 0.59250 0.99214 0.63000
v 0.60544 1.01996 0.63000
v 0.61335 1.04960 0.63000
v 0.61600 1.08016 0.63000
v 0.61330 1.11072 0.63000
v 0.60533 1.14035 0.63000
v 0.60269 1.13939 0.64050
v 0.58990 1.16673 0.64050
v 0.57256 1.19145 0.64050
v 0.55120 1.21277 0.64050
v 0.52645 1.23006 0.64050
v 0.49908 1.24280 0.64050
v 0.46991 1.25058 0.64050
v 0.43984 1.25319 0.64050
v 0.40977 1.25053 0.64050
v 0.38061 1.24269 0.64050
v 0.35327 1.22990 0.64050
v 0.32855 1.21256 0.64050
v 0.30723 1.19120 0.64050
v 0.28994 1.16645 0.64050
v 0.27720 1.13908 0.64050
v 0.26942 1.10991 0.64050
v 0.26681 1.07984 0.64050
v 0.26947 1.04977 0.64050
v 0.27731 1.02061 0.64050
v 0.29010 0.99327 0.64050
v 0.30744 0.96855 0.64050
v 0.32880 0.94723 0.64050
v 0.35355 0.92994 0.64050
v 0.38092 0.91720 0.64050
v 0.41009 0.90942 0.64050
v 0.44016 0.90681 0.64050
v 0.47023 0.90947 0.64050
v 0.49939 0.91731 0.64050
v 0.52673 0.93010 0.64050
v 0.55145 0.94744 0.64050
v 0.57277 0.96880 0.64050
v 0.59006 0.99355 0.64050
v 0.60280 1.02092 0.64050
v 0.61058 1.05009 0.64050
v 0.61319 1.08016 0.64050
v 0.61053 1.11023 0.64050
v 0.60269 1.13939 0.64050
v 0.59547 1.13675 0.64819
v 0.58325 1.16288 0.64819
v 0.56668 1.18650 0.64819
v 0.54626 1.20688 0.64819
v 0.52262 1.22340 0.64819
v 0.49646 1.23557 0.64819
v 0.46859 1.24301 0.64819
v 0.43985 1.24550 0.64819
v 0.41111 1.24296 0.64819
v 0.38325 1.23547 0.64819
v 0.35712 1.22325 0.64819
v 0.33350 1.20668 0.64819
v 0.31312 1.18626 0.64819
v 0.29660 1.16262 0.64819
v 0.28443 1.13646 0.64819
v 0.27699 1.10859 0.64819
v 0.27450 1.07985 0.64819
v 0.27704 1.05111 0.64819
v 0.28453 1.02325 0.64819
v 0.29675 0.99712 0.64819
v 0.31332 0.97350 0.64819
v 0.33374 0.95312 0.64819
v 0.35738 0.93660 0.64819
v 0.38354 0.92443 0.64819
v 0.41141 0.91699 0.64819
v 0.44015 0.91450 0.64819
v 0.46889 0.91704 0.64819
v 0.49675 0.92453 0.64819
v 0.52288 0.93675 0.64819
v 0.54650 0.95332 0.64819
v 0.56688 0.97374 0.64819
v 0.58340 0.99738 0.64819
v 0.59557 1.02354 0.64819
v 0.60301 1.05141 0.64819
v 0.60550 1.08015 0.64819
v 0.60296 1.10889 0.64819
v 0.59547 1.13675 0.64819
v 0.58560 1.13315 0.65100
v 0.57416 1.15763 0.65100
v 0.55864 1.17974 0.65100
v 0.53952 1.19883 0.65100
v 0.51737 1.21431 0.65100
v 0.49288 1.22570 0.65100
v 0.46677 1.23267 0.65100
v 0.43986 1.23500 0.65100
v 0.41294 1.23262 0.65100
v 0.38685 1.22560 0.65100
v 0.36237 1.21416 0.65100
v 0.34026 1.19864 0.65100
v 0.32117 1.17952 0.65100
v 0.30569 1.15737 0.65100
v 0.29430 1.13288 0.65100
v 0.28733 1.10677 0.65100
v 0.28500 1.07986 0.65100
v 0.28738 1.05294 0.65100
v 0.29440 1.02685 0.65100
v 0.30584 1.00237 0.65100
v 0.32136 0.98026 0.65100
v 0.34048 0.96117 0.65100
v 0.36263 0.94569 0.65100
v 0.38712 0.93430 0.65100
v 0.41323 0.92733 0.65100
v 0.44014 0.92500 0.65100
v 0.46706 0.92738 0.65100
v 0.49315 0.93440 0.65100
v 0.51763 0.94584 0.65100
v 0.53974 0.96136 0.65100
v 0.55883 0.98048 0.65100
v 0.57431 1.00263 0.65100
v 0.58570 1.02712 0.65100
v 0.59267 1.05323 0.65100
v 0.59500 1.08014 0.65100
v 0.59262 1.10706 0.65100
v 0.58560 1.13315 0.65100
v 0.57574 1.12955 0.64819
v 0.56507 1.15237 0.64819
v 0.55061 1.17299 0.64819
v 0.53278 1.19078 0.64819
v 0.51213 1.20521 0.64819
v 0.48930 1.21583 0.64819
v 0.46496 1.22233 0.64819
v 0.43987 1.22450 0.64819
v 0.41477 1.22228 0.64819
v 0.39045 1.21574 0.64819
v 0.36763 1.20507 0.64819
v 0.34701 1.19061 0.64819
v 0.32922 1.17278 0.64819
v 0.31479 1.15213 0.64819
v 0.30417 1.12930 0.64819
v 0.29767 1.10496 0.64819
v 0.29550 1.07987 0.64819
v 0.29772 1.05477 0.64819
v 0.30426 1.03045 0.64819
v 0.31493 1.00763 0.64819
v 0.32939 0.98701 0.64819
v 0.34722 0.96922 0.64819
v 0.36787 0.95479 0.64819
v 0.39070 0.94417 0.64819
v 0.41504 0.93767 0.64819
v 0.44013 0.93550 0.64819
v 0.46523 0.93772 0.64819
v 0.48955 0.94426 0.64819
v 0.51237 0.95493 0.64819
v 0.53299 0.96939 0.64819
v 0.55078 0.98722 0.64819
v 0.56521 1.00787 0.64819
v 0.57583 1.03070 0.64819
v 0.58233 1.05504 0.64819
v 0.58450 1.08013 0.64819
v 0.58228 1.10523 0.64819
v 0.57574 1.12955 0.64819
v 0.56852 1.12691 0.64050
v 0.55842 1.14852 0.64050
v 0.54472 1.16804 0.64050
v 0.52784 1.18489 0.64050
v 0.50830 1.19855 0.64050
v 0.48667 1.20861 0.64050
v 0.46363 1.21476 0.64050
v 0.43987 1.21681 0.64050
v 0.41612 1.21471 0.64050
v 0.39309 1.20852 0.64050
v 0.37148 1.19842 0.64050
v 0.35196 1.18472 0.64050
v 0.33511 1.16784 0.64050
v 0.32145 1.14830 0.64050
v 0.31139 1.12667 0.64050
v 0.30524 1.10363 0.64050
v 0.30319 1.07987 0.64050
v 0.30529 1.05612 0.64050
v 0.31148 1.03309 0.64050
v 0.32158 1.01148 0.64050
v 0.33528 0.99196 0.64050
v 0.35216 0.97511 0.64050
v 0.37170 0.96145 0.64050
v 0.39333 0.95139 0.64050
v 0.41637 0.94524 0.64050
v 0.44013 0.94319 0.64050
v 0.46388 0.94529 0.64050
v 0.48691 0.95148 0.64050
v 0.50852 0.96158 0.64050
v 0.52804 0.97528 0.64050
v 0.54489 0.99216 0.64050
v 0.55855 1.01170 0.64050
v 0.56861 1.03333 0.64050
v 0.57476 1.05637 0.64050
v 0.57681 1.08013 0.64050
v 0.57471 1.10388 0.64050
v 0.56852 1.12691 0.64050
v 0.56588 1.12595 0.63000
v 0.55598 1.14711 0.63000
v 0.54257 1.16623 0.63000
v 0.52604 1.18273 0.63000
v 0.50689 1.19611 0.63000
v 0.48571 1.20596 0.63000
v 0.46315 1.21199 0.63000
v 0.43987 1.21400 0.63000
v 0.41661 1.21194 0.63000
v 0.39405 1.20588 0.63000
v 0.37289 1.19598 0.63000
v 0.35377 1.18257 0.63000
v 0.33727 1.16604 0.63000
v 0.32389 1.14689 0.63000
v 0.31404 1.12571 0.63000
v 0.30801 1.10315 0.63000
v 0.30600 1.07987 0.63000
v 0.30806 1.05661 0.63000
v 0.31412 1.03405 0.63000
v 0.32402 1.01289 0.63000
v 0.33743 0.99377 0.63000
v 0.35396 0.97727 0.63000
v 0.37311 0.96389 0.63000
v 0.39429 0.95404 0.63000
v 0.41685 0.94801 0.63000
v 0.44013 0.94600 0.63000
v 0.46339 0.94806 0.63000
v 0.48595 0.95412 0.63000
v 0.50711 0.96402 0.63000
v 0.52623 0.97743 0.63000
v 0.54273 0.99396 0.63000
v 0.55611 1.01311 0.63000
v 0.56596 1.03429 0.63000
v 0.57199 1.05685 0.63000
v 0.57400 1.08013 0.63000
v 0.57194 1.10339 0.63000
v 0.56588 1.12595 0.63000
v 0.56852 1.12691 0.61950
v 0.55842 1.14852 0.61950
v 0.54472 1.16804 0.61950
v 0.52784 1.18489 0.61950
v 0.50830 1.19855 0.61950
v 0.48667 1.20861 0.61950
v 0.46363 1.21476 0.61950
v 0.43987 1.21681 0.61950
v 0.41612 1.21471 0.61950
v 0.39309 1.20852 0.61950
v 0.37148 1.19842 0.61950
v 0.35196 1.18472 0.61950
v 0.33511 1.16784 0.61950
v 0.32145 1.14830 0.61950
v 0.31139 1.12667 0.61950
v 0.30524 1.10363 0.61950
v 0.30319 1.07987 0.61950
v 0.30529 1.05612 0.61950
v 0.31148 1.03309 0.61950
v 0.32158 1.01148 0.61950
v 0.33528 0.99196 0.61950
v 0.35216 0.97511 0.61950
v 0.37170 0.96145 0.61950
v 0.39333 0.95139 0.61950
v 0.41637 0.94524 0.61950
v 0.44013 0.94319 0.61950
v 0.46388 0.94529 0.61950
v 0.48691 0.95148 0.61950
v 0.50852 0.96158 0.61950
v 0.52804 0.97528 0.61950
v 0.54489 0.99216 0.61950
v 0.55855 1.01170 0.61950
v 0.56861 1.03333 0.61950
v 0.57476 1.05637 0.61950
v 0.57681 1.08013 0.61950
v 0.57471 1.10388 0.61950
v 0.56852 1.12691 0.61950
v 0.57574 1.12955 0.61181
v 0.56507 1.15237 0.61181
v 0.55061 1.17299 0.61181
v 0.53278 1.19078 0.61181
v 0.51213 1.20521 0.61181
v 0.48930 1.21583 0.61181
v 0.46496 1.22233 0.61181
v 0.43987 1.22450 0.61181
v 0.41477 1.22228 0.61181
v 0.39045 1.21574 0.61181
v 0.36763 1.20507 0.61181
v 0.34701 1.19061 0.61181
v 0.32922 1.17278 0.61181
v 0.31479 1.15213 0.61181
v 0.30417 1.12930 0.61181
v 0.29767 1.10496 0.61181
v 0.29550 1.07987 0.61181
v 0.29772 1.05477 0.61181
v 0.30426 1.03045 0.61181
v 0.31493 1.00763 0.61181
v 0.32939 0.98701 0.61181
v 0.34722 0.96922 0.61181
v 0.36787 0.95479 0.61181
v 0.39070 0.94417 0.61181
v 0.41504 0.93767 0.61181
v 0.44013 0.93550 0.61181
v 0.46523 0.93772 0.61181
v 0.48955 0.94426 0.61181
v 0.51237 0.95493 0.61181
v 0.53299 0.96939 0.61181
v 0.55078 0.98722 0.61181
v 0.56521 1.00787 0.61181
v 0.57583 1.03070 0.61181
v 0.58233 1.05504 0.61181
v 0.58450 1.08013 0.61181
v 0.58228 1.10523 0.61181
v 0.57574 1.12955 0.61181
v 0.58560 1.13315 0.60900
v 0.57416 1.15763 0.60900
v 0.55864 1.17974 0.60900
v 0.53952 1.19883 0.60900
v 0.51737 1.21431 0.60900
v 0.49288 1.22570 0.60900
v 0.46677 1.23267 0.60900
v 0.43986 1.23500 0.60900
v 0.41294 1.23262 0.60900
v 0.38685 1.22560 0.60900
v 0.36237 1.21416 0.60900
v 0.34026 1.19864 0.60900
v 0.32117 1.17952 0.60900
v 0.30569 1.15737 0.60900
v 0.29430 1.13288 0.60900
v 0.28733 1.10677 0.60900
v 0.28500 1.07986 0.60900
v 0.28738 1.05294 0.60900
v 0.29440 1.02685 0.60900
v 0.30584 1.00237 0.60900
v 0.32136 0.98026 0.60900
v 0.34048 0.96117 0.60900
v 0.36263 0.94569 0.60900
v 0.38712 0.93430 0.60900
v 0.41323 0.92733 0.60900
v 0.44014 0.92500 0.60900
v 0.46706 0.92738 0.60900
v 0.49315 0.93440 0.60900
v 0.51763 0.94584 0.60900
v 0.53974 0.96136 0.60900
v 0.55883 0.98048 0.60900
v 0.57431 1.00263 0.60900
v 0.58570 1.02712 0.60900
v 0.59267 1.05323 0.60900
v 0.59500 1.08014 0.60900
v 0.59262 1.10706 0.60900
v 0.58560 1.13315 0.60900
v 0.59547 1.13675 0.61181
v 0.58325 1.16288 0.61181
v 0.56668 1.18650 0.61181
v 0.54626 1.20688 0.61181
v 0.52262 1.22340 0.61181
v 0.49646 1.23557 0.61181
v 0.46859 1.24301 0.61181
v 0.43985 1.24550 0.61181
v 0.41111 1.24296 0.61181
v 0.38325 1.23547 0.61181
v 0.35712 1.22325 0.61181
v 0.33350 1.20668 0.61181
v 0.31312 1.18626 0.61181
v 0.29660 1.16262 0.61181
v 0.28443 1.13646 0.61181
v 0.27699 1.10859 0.61181
v 0.27450 1.07985 0.61181
v 0.27704 1.05111 0.61181
v 0.28453 1.02325 0.61181
v 0.29675 0.99712 0.61181
v 0.31332 0.97350 0.61181
v 0.33374 0.95312 0.61181
v 0.35738 0.93660 0.61181
v 0.38354 0.92443 0.61181
v 0.41141 0.91699 0.61181
v 0.44015 0.91450 0.61181
v 0.46889 0.91704 0.61181
v 0.49675 0.92453 0.61181
v 0.52288 0.93675 0.61181
v 0.54650 0.95332 0.61181
v 0.56688 0.97374 0.61181
v 0.58340 0.99738 0.61181
v 0.59557 1.02354 0.61181
v 0.60301 1.05141 0.61181
v 0.60550 1.08015 0.61181
v 0.60296 1.10889 0.61181
v 0.59547 1.13675 0.61181
v 0.60269 1.13939 0.61950
v 0.58990 1.16673 0.61950
v 0.57256 1.19145 0.61950
v 0.55120 1.21277 0.61950
v 0.52645 1.23006 0.61950
v 0.49908 1.24280 0.61950
v 0.46991 1.25058 0.61950
v 0.43984 1.25319 0.61950
v 0.40977 1.25053 0.61950
v 0.38061 1.24269 0.61950
v 0.35327 1.22990 0.61950
v 0.32855 1.21256 0.61950
v 0.30723 1.19120 0.61950
v 0.28994 1.16645 0.61950
v 0.27720 1.13908 0.61950
v 0.26942 1.10991 0.61950
v 0.26681 1.07984 0.61950
v 0.26947 1.04977 0.61950
v 0.27731 1.02061 0.61950
v 0.29010 0.99327 0.61950
v 0.30744 0.96855 0.61950
v 0.32880 0.94723 0.61950
v 0.35355 0.92994 0.61950
v 0.38092 0.91720 0.61950
v 0.41009 0.90942 0.61950
v 0.44016 0.90681 0.61950
v 0.47023 0.90947 0.61950
v 0.49939 0.91731 0.61950
v 0.52673 0.93010 0.61950
v 0.55145 0.94744 0.61950
v 0.57277 0.96880 0.61950
v 0.59006 0.99355 0.61950
v 0.60280 1.02092 0.61950
v 0.61058 1.05009 0.61950
v 0.61319 1.08016 0.61950
v 0.61053 1.11023 0.61950
v 0.60269 1.13939 0.61950
v 0.60533 1.14035 0.63000
v 0.59234 1.16814 0.63000
v 0.57472 1.19326 0.63000
v 0.55300 1.21493 0.63000
v 0.52786 1.23250 0.63000
v 0.50004 1.24544 0.63000
v 0.47040 1.25335 0.63000
v 0.43984 1.25600 0.63000
v 0.40928 1.25330 0.63000
v 0.37965 1.24533 0.63000
v 0.35186 1.23234 0.63000
v 0.32674 1.21472 0.63000
v 0.30507 1.19300 0.63000
v 0.28750 1.16786 0.63000
v 0.27456 1.14004 0.63000
v 0.26665 1.11040 0.63000
v 0.26400 1.07984 0.63000
v 0.26670 1.04928 0.63000
v 0.27467 1.01965 0.63000
v 0.28766 0.99186 0.63000
v 0.30528 0.96674 0.63000
v 0.32700 0.94507 0.63000
v 0.35214 0.92750 0.63000
v 0.37996 0.91456 0.63000
v 0.40960 0.90665 0.63000
v 0.44016 0.90400 0.63000
v 0.47072 0.90670 0.63000
v 0.50035 0.91467 0.63000
v 0.52814 0.92766 0.63000
v 0.55326 0.94528 0.63000
v 0.57493 0.96700 0.63000
v 0.59250 0.99214 0.63000
v 0.60544 1.01996 0.63000
v 0.61335 1.04960 0.63000
v 0.61600 1.08016 0.63000
v 0.61330 1.11072 0.63000
v 0.60533 1.14035 0.63000
f 10056 10019 10057
f 10019 10020 10057
f 10057 10020 10058
f 10020 10021 10058
f 10058 10021 10059
f 10021 10022 10059
f 10059 10022 10060
f 10022 10023 10060
f 10060 10023 10061
f 10023 10024 10061
f 10061 10024 10062
f 10024 10025 10062
f 10062 10025 10063
f 10025 10026 10063
f 10063 10026 10064
f 10026 10027 10064
f 10064 10027 10065
f 10027 10028 10065
f 10065 10028 10066
f 10028 10029 10066
f 10066 10029 10067
f 10029 10030 10067
f 10067 10030 10068
f 10030 10031 10068
f 10068 10031 10069
f 10031 10032 10069
f 10069 10032 10070
f 10032 10033 10070
f 10070 10033 10071
f 10033 10034 10071
f 10071 10034 10072
f 10034 10035 10072
f 10072 10035 10073
f 10035 10036 10073
f 10073 10036 10074
f 10036 10037 10074
f 10074 10037 10075
f 10037 10038 10075
f 10075 10038 10076
f 10038 10039 10076
f 10076 10039 10077
f 10039 10040 10077
f 10077 10040 10078
f 10040 10041 10078
f 10078 10041 10079
f 10041 10042 10079
f 10079 10042 10080
f 10042 10043 10080
f 10080 10043 10081
f 10043 10044 10081
f 10081 10044 10082
f 10044 10045 10082
f 10082 10045 10083
f 10045 10046 10083
f 10083 10046 10084
f 10046 10047 10084
f 10084 10047 10085
f 10047 10048 10085
f 10085 10048 10086
f 10048 10049 10086
f 10086 10049 10087
f 10049 10050 10087
f 10087 10050 10088
f 10050 10051 10088
f 10088 10051 10089
f 10051 10052 10089
f 10089 10052 10090
f 10052 10053 10090
f 10090 10053 10091
f 10053 10054 10091
f 10091 10054 10092
f 10054 10055 10092
f 10093 10056 10094
f 10056 10057 10094
f 10094 10057 10095
f 10057 10058 10095
f 10095 10058 10096
f 10058 10059 10096
f 10096 10059 10097
f 10059 10060 10097
f 10097 10060 10098
f 10060 10061 10098
f 10098 10061 10099
f 10061 10062 10099
f 10099 10062 10100
f 10062 10063 10100
f 10100 10063 10101
f 10063 10064 10101
f 10101 10064 10102
f 10064 10065 10102
f 10102 10065 10103
f 10065 10066 10103
f 10103 10066 10104
f 10066 10067 10104
f 10104 10067 10105
f 10067 10068 10105
f 10105 10068 10106
f 10068 10069 10106
f 10106 10069 10107
f 10069 10070 10107
f 10107 10070 10108
f 10070 10071 10108
f 10108 10071 10109
f 10071 10072 10109
f 10109 10072 10110
f 10072 10073 10110
f 10110 10073 10111
f 10073 10074 10111
f 10111 10074 10112
f 10074 10075 10112
f 10112 10075 10113
f 10075 10076 10113
f 10113 10076 10114
f 10076 10077 10114
f 10114 10077 10115
f 10077 10078 10115
f 10115 10078 10116
f 10078 10079 10116
f 10116 10079 10117
f 10079 10080 10117
f 10117 10080 10118
f 10080 10081 10118
f 10118 10081 10119
f 10081 10082 10119
f 10119 10082 10120
f 10082 10083 10120
f 10120 10083 10121
f 10083 10084 10121
f 10121 10084 10122
f 10084 10085 10122
f 10122 10085 10123
f 10085 10086 10123
f 10123 10086 10124
f 10086 10087 10124
f 10124 10087 10125
f 10087 10088 10125
f 10125 10088 10126
f 10088 10089 10126
f 10126 10089 10127
f 10089 10090 10127
f 10127 10090 10128
f 10090 10091 10128
f 10128 10091 10129
f 10091 10092 10129
f 10130 10093 10131
f 10093 10094 10131
f 10131 10094 10132
f 10094 10095 10132
f 10132 10095 10133
f 10095 10096 10133
f 10133 10096 10134
f 10096 10097 10134
f 10134 10097 10135
f 10097 10098 10135
f 10135 10098 10136
f 10098 10099 10136
f 10136 10099 10137
f 10099 10100 10137
f 10137 10100 10138
f 10100 10101 10138
f 10138 10101 10139
f 10101 10102 10139
f 10139 10102 10140
f 10102 10103 10140
f 10140 10103 10141
f 10103 10104 10141
f 10141 10104 10142
f 10104 10105 10142
f 10142 10105 10143
f 10105 10106 10143
f 10143 10106 10144
f 10106 10107 10144
f 10144 10107 10145
f 10107 10108 10145
f 10145 10108 10146
f 10108 10109 10146
f 10146 10109 10147
f 10109 10110 10147
f 10147 10110 10148
f 10110 10111 10148
f 10148 10111 10149
f 10111 10112 10149
f 10149 10112 10150
f 10112 10113 10150
f 10150 10113 10151
f 10113 10114 10151
f 10151 10114 10152
f 10114 10115 10152
f 10152 10115 10153
f 10115 10116 10153
f 10153 10116 10154
f 10116 10117 10154
f 10154 10117 10155
f 10117 10118 10155
f 10155 10118 10156
f 10118 10119 10156
f 10156 10119 10157
f 10119 10120 10157
f 10157 10120 10158
f 10120 10121 10158
f 10158 10121 10159
f 10121 10122 10159
f 10159 10122 10160
f 10122 10123 10160
f 10160 10123 10161
f 10123 10124 10161
f 10161 10124 10162
f 10124 10125 10162
f 10162 10125 10163
f 10125 10126 10163
f 10163 10126 10164
f 10126 10127 10164
f 10164 10127 10165
f 10127 10128 10165
f 10165 10128 10166
f 10128 10129 10166
f 10167 10130 10168
f 10130 10131 10168
f 10168 10131 10169
f 10131 10132 10169
f 10169 10132 10170
f 10132 10133 10170
f 10170 10133 10171
f 10133 10134 10171
f 10171 10134 10172
f 10134 10135 10172
f 10172 10135 10173
f 10135 10136 10173
f 10173 10136 10174
f 10136 10137 10174
f 10174 10137 10175
f 10137 10138 10175
f 10175 10138 10176
f 10138 10139 10176
f 10176 10139 10177
f 10139 10140 10177
f 10177 10140 10178
f 10140 10141 10178
f 10178 10141 10179
f 10141 10142 10179
f 10179 10142 10180
f 10142 10143 10180
f 10180 10143 10181
f 10143 10144 10181
f 10181 10144 10182
f 10144 10145 10182
f 10182 10145 10183
f 10145 10146 10183
f 10183 10146 10184
f 10146 10147 10184
f 10184 10147 10185
f 10147 10148 10185
f 10185 10148 10186
f 10148 10149 10186
f 10186 10149 10187
f 10149 10150 10187
f 10187 10150 10188
f 10150 10151 10188
f 10188 10151 10189
f 10151 10152 10189
f 10189 10152 10190
f 10152 10153 10190
f 10190 10153 10191
f 10153 10154 10191
f 10191 10154 10192
f 10154 10155 10192
f 10192 10155 10193
f 10155 10156 10193
f 10193 10156 10194
f 10156 10157 10194
f 10194 10157 10195
f 10157 10158 10195
f 10195 10158 10196
f 10158 10159 10196
f 10196 10159 10197
f 10159 10160 10197
f 10197 10160 10198
f 10160 10161 10198
f 10198 10161 10199
f 10161 10162 10199
f 10199 10162 10200
f 10162 10163 10200
f 10200 10163 10201
f 10163 10164 10201
f 10201 10164 10202
f 10164 10165 10202
f 10202 10165 10203
f 10165 10166 10203
f 10204 10167 10205
f 10167 10168 10205
f 10205 10168 10206
f 10168 10169 10206
f 10206 10169 10207
f 10169 10170 10207
f 10207 10170 10208
f 10170 10171 10208
f 10208 10171 10209
f 10171 10172 10209
f 10209 10172 10210
f 10172 10173 10210
f 10210 10173 10211
f 10173 10174 10211
f 10211 10174 10212
f 10174 10175 10212
f 10212 10175 10213
f 10175 10176 10213
f 10213 10176 10214
f 10176 10177 10214
f 10214 10177 10215
f 10177 10178 10215
f 10215 10178 10216
f 10178 10179 10216
f 10216 10179 10217
f 10179 10180 10217
f 10217 10180 10218
f 10180 10181 10218
f 10218 10181 10219
f 10181 10182 10219
f 10219 10182 10220
f 10182 10183 10220
f 10220 10183 10221
f 10183 10184 10221
f 10221 10184 10222
f 10184 10185 10222
f 10222 10185 10223
f 10185 10186 10223
f 10223 10186 10224
f 10186 10187 10224
f 10224 10187 10225
f 10187 10188 10225
f 10225 10188 10226
f 10188 10189 10226
f 10226 10189 10227
f 10189 10190 10227
f 10227 10190 10228
f 10190 10191 10228
f 10228 10191 10229
f 10191 10192 10229
f 10229 10192 10230
f 10192 10193 10230
f 10230 10193 10231
f 10193 10194 10231
f 10231 10194 10232
f 10194 10195 10232
f 10232 10195 10233
f 10195 10196 10233
f 10233 10196 10234
f 10196 10197 10234
f 10234 10197 10235
f 10197 10198 10235
f 10235 10198 10236
f 10198 10199 10236
f 10236 10199 10237
f 10199 10200 10237
f 10237 10200 10238
f 10200 10201 10238
f 10238 10201 10239
f 10201 10202 10239
f 10239 10202 10240
f 10202 10203 10240
f 10241 10204 10242
f 10204 10205 10242
f 10242 10205 10243
f 10205 10206 10243
f 10243 10206 10244
f 10206 10207 10244
f 10244 10207 10245
f 10207 10208 10245
f 10245 10208 10246
f 10208 10209 10246
f 10246 10209 10247
f 10209 10210 10247
f 10247 10210 10248
f 10210 10211 10248
f 10248 10211 10249
f 10211 10212 10249
f 10249 10212 10250
f 10212 10213 10250
f 10250 10213 10251
f 10213 10214 10251
f 10251 10214 10252
f 10214 10215 10252
f 10252 10215 10253
f 10215 10216 10253
f 10253 10216 10254
f 10216 10217 10254
f 10254 10217 10255
f 10217 10218 10255
f 10255 10218 10256
f 10218 10219 10256
f 10256 10219 10257
f 10219 10220 10257
f 10257 10220 10258
f 10220 10221 10258
f 10258 10221 10259
f 10221 10222 10259
f 10259 10222 10260
f 10222 10223 10260
f 10260 10223 10261
f 10223 10224 10261
f 10261 10224 10262
f 10224 10225 10262
f 10262 10225 10263
f 10225 10226 10263
f 10263 10226 10264
f 10226 10227 10264
f 10264 10227 10265
f 10227 10228 10265
f 10265 10228 10266
f 10228 10229 10266
f 10266 10229 10267
f 10229 10230 10267
f 10267 10230 10268
f 10230 10231 10268
f 10268 10231 10269
f 10231 10232 10269
f 10269 10232 10270
f 10232 10233 10270
f 10270 10233 10271
f 10233 10234 10271
f 10271 10234 10272
f 10234 10235 10272
f 10272 10235 10273
f 10235 10236 10273
f 10273 10236 10274
f 10236 10237 10274
f 10274 10237 10275
f 10237 10238 10275
f 10275 10238 10276
f 10238 10239 10276
f 10276 10239 10277
f 10239 10240 10277
f 10278 10241 10279
f 10241 10242 10279
f 10279 10242 10280
f 10242 10243 10280
f 10280 10243 10281
f 10243 10244 10281
f 10281 10244 10282
f 10244 10245 10282
f 10282 10245 10283
f 10245 10246 10283
f 10283 10246 10284
f 10246 10247 10284
f 10284 10247 10285
f 10247 10248 10285
f 10285 10248 10286
f 10248 10249 10286
f 10286 10249 10287
f 10249 10250 10287
f 10287 10250 10288
f 10250 10251 10288
f 10288 10251 10289
f 10251 10252 10289
f 10289 10252 10290
f 10252 10253 10290
f 10290 10253 10291
f 10253 10254 10291
f 10291 10254 10292
f 10254 10255 10292
f 10292 10255 10293
f 10255 10256 10293
f 10293 10256 10294
f 10256 10257 10294
f 10294 10257 10295
f 10257 10258 10295
f 10295 10258 10296
f 10258 10259 10296
f 10296 10259 10297
f 10259 10260 10297
f 10297 10260 10298
f 10260 10261 10298
f 10298 10261 10299
f 10261 10262 10299
f 10299 10262 10300
f 10262 10263 10300
f 10300 10263 10301
f 10263 10264 10301
f 10301 10264 10302
f 10264 10265 10302
f 10302 10265 10303
f 10265 10266 10303
f 10303 10266 10304
f 10266 10267 10304
f 10304 10267 10305
f 10267 10268 10305
f 10305 10268 10306
f 10268 10269 10306
f 10306 10269 10307
f 10269 10270 10307
f 10307 10270 10308
f 10270 10271 10308
f 10308 10271 10309
f 10271 10272 10309
f 10309 10272 10310
f 10272 10273 10310
f 10310 10273 10311
f 10273 10274 10311
f 10311 10274 10312
f 10274 10275 10312
f 10312 10275 10313
f 10275 10276 10313
f 10313 10276 10314
f 10276 10277 10314
f 10315 10278 10316
f 10278 10279 10316
f 10316 10279 10317
f 10279 10280 10317
f 10317 10280 10318
f 10280 10281 10318
f 10318 10281 10319
f 10281 10282 10319
f 10319 10282 10320
f 10282 10283 10320
f 10320 10283 10321
f 10283 10284 10321
f 10321 10284 10322
f 10284 10285 10322
f 10322 10285 10323
f 10285 10286 10323
f 10323 10286 10324
f 10286 10287 10324
f 10324 10287 10325
f 10287 10288 10325
f 10325 10288 10326
f 10288 10289 10326
f 10326 10289 10327
f 10289 10290 10327
f 10327 10290 10328
f 10290 10291 10328
f 10328 10291 10329
f 10291 10292 10329
f 10329 10292 10330
f 10292 10293 10330
f 10330 10293 10331
f 10293 10294 10331
f 10331 10294 10332
f 10294 10295 10332
f 10332 10295 10333
f 10295 10296 10333
f 10333 10296 10334
f 10296 10297 10334
f 10334 10297 10335
f 10297 10298 10335
f 10335 10298 10336
f 10298 10299 10336
f 10336 10299 10337
f 10299 10300 10337
f 10337 10300 10338
f 10300 10301 10338
f 10338 10301 10339
f 10301 10302 10339
f 10339 10302 10340
f 10302 10303 10340
f 10340 10303 10341
f 10303 10304 10341
f 10341 10304 10342
f 10304 10305 10342
f 10342 10305 10343
f 10305 10306 10343
f 10343 10306 10344
f 10306 10307 10344
f 10344 10307 10345
f 10307 10308 10345
f 10345 10308 10346
f 10308 10309 10346
f 10346 10309 10347
f 10309 10310 10347
f 10347 10310 10348
f 10310 10311 10348
f 10348 10311 10349
f 10311 10312 10349
f 10349 10312 10350
f 10312 10313 10350
f 10350 10313 10351
f 10313 10314 10351
f 10352 10315 10353
f 10315 10316 10353
f 10353 10316 10354
f 10316 10317 10354
f 10354 10317 10355
f 10317 10318 10355
f 10355 10318 10356
f 10318 10319 10356
f 10356 10319 10357
f 10319 10320 10357
f 10357 10320 10358
f 10320 10321 10358
f 10358 10321 10359
f 10321 10322 10359
f 10359 10322 10360
f 10322 10323 10360
f 10360 10323 10361
f 10323 10324 10361
f 10361 10324 10362
f 10324 10325 10362
f 10362 10325 10363
f 10325 10326 10363
f 10363 10326 10364
f 10326 10327 10364
f 10364 10327 10365
f 10327 10328 10365
f 10365 10328 10366
f 10328 10329 10366
f 10366 10329 10367
f 10329 10330 10367
f 10367 10330 10368
f 10330 10331 10368
f 10368 10331 10369
f 10331 10332 10369
f 10369 10332 10370
f 10332 10333 10370
f 10370 10333 10371
f 10333 10334 10371
f 10371 10334 10372
f 10334 10335 10372
f 10372 10335 10373
f 10335 10336 10373
f 10373 10336 10374
f 10336 10337 10374
f 10374 10337 10375
f 10337 10338 10375
f 10375 10338 10376
f 10338 10339 10376
f 10376 10339 10377
f 10339 10340 10377
f 10377 10340 10378
f 10340 10341 10378
f 10378 10341 10379
f 10341 10342 10379
f 10379 10342 10380
f 10342 10343 10380
f 10380 10343 10381
f 10343 10344 10381
f 10381 10344 10382
f 10344 10345 10382
f 10382 10345 10383
f 10345 10346 10383
f 10383 10346 10384
f 10346 10347 10384
f 10384 10347 10385
f 10347 10348 10385
f 10385 10348 10386
f 10348 10349 10386
f 10386 10349 10387
f 10349 10350 10387
f 10387 10350 10388
f 10350 10351 10388
f 10389 10352 10390
f 10352 10353 10390
f 10390 10353 10391
f 10353 10354 10391
f 10391 10354 10392
f 10354 10355 10392
f 10392 10355 10393
f 10355 10356 10393
f 10393 10356 10394
f 10356 10357 10394
f 10394 10357 10395
f 10357 10358 10395
f 10395 10358 10396
f 10358 10359 10396
f 10396 10359 10397
f 10359 10360 10397
f 10397 10360 10398
f 10360 10361 10398
f 10398 10361 10399
f 10361 10362 10399
f 10399 10362 10400
f 10362 10363 10400
f 10400 10363 10401
f 10363 10364 10401
f 10401 10364 10402
f 10364 10365 10402
f 10402 10365 10403
f 10365 10366 10403
f 10403 10366 10404
f 10366 10367 10404
f 10404 10367 10405
f 10367 10368 10405
f 10405 10368 10406
f 10368 10369 10406
f 10406 10369 10407
f 10369 10370 10407
f 10407 10370 10408
f 10370 10371 10408
f 10408 10371 10409
f 10371 10372 10409
f 10409 10372 10410
f 10372 10373 10410
f 10410 10373 10411
f 10373 10374 10411
f 10411 10374 10412
f 10374 10375 10412
f 10412 10375 10413
f 10375 10376 10413
f 10413 10376 10414
f 10376 10377 10414
f 10414 10377 10415
f 10377 10378 10415
f 10415 10378 10416
f 10378 10379 10416
f 10416 10379 10417
f 10379 10380 10417
f 10417 10380 10418
f 10380 10381 10418
f 10418 10381 10419
f 10381 10382 10419
f 10419 10382 10420
f 10382 10383 10420
f 10420 10383 10421
f 10383 10384 10421
f 10421 10384 10422
f 10384 10385 10422
f 10422 10385 10423
f 10385 10386 10423
f 10423 10386 10424
f 10386 10387 10424
f 10424 10387 10425
f 10387 10388 10425
f 10426 10389 10427
f 10389 10390 10427
f 10427 10390 10428
f 10390 10391 10428
f 10428 10391 10429
f 10391 10392 10429
f 10429 10392 10430
f 10392 10393 10430
f 10430 10393 10431
f 10393 10394 10431
f 10431 10394 10432
f 10394 10395 10432
f 10432 10395 10433
f 10395 10396 10433
f 10433 10396 10434
f 10396 10397 10434
f 10434 10397 10435
f 10397 10398 10435
f 10435 10398 10436
f 10398 10399 10436
f 10436 10399 10437
f 10399 10400 10437
f 10437 10400 10438
f 10400 10401 10438
f 10438 10401 10439
f 10401 10402 10439
f 10439 10402 10440
f 10402 10403 10440
f 10440 10403 10441
f 10403 10404 10441
f 10441 10404 10442
f 10404 10405 10442
f 10442 10405 10443
f 10405 10406 10443
f 10443 10406 10444
f 10406 10407 10444
f 10444 10407 10445
f 10407 10408 10445
f 10445 10408 10446
f 10408 10409 10446
f 10446 10409 10447
f 10409 10410 10447
f 10447 10410 10448
f 10410 10411 10448
f 10448 10411 10449
f 10411 10412 10449
f 10449 10412 10450
f 10412 10413 10450
f 10450 10413 10451
f 10413 10414 10451
f 10451 10414 10452
f 10414 10415 10452
f 10452 10415 10453
f 10415 10416 10453
f 10453 10416 10454
f 10416 10417 10454
f 10454 10417 10455
f 10417 10418 10455
f 10455 10418 10456
f 10418 10419 10456
f 10456 10419 10457
f 10419 10420 10457
f 10457 10420 10458
f 10420 10421 10458
f 10458 10421 10459
f 10421 10422 10459
f 10459 10422 10460
f 10422 10423 10460
f 10460 10423 10461
f 10423 10424 10461
f 10461 10424 10462
f 10424 10425 10462
f 10463 10426 10464
f 10426 10427 10464
f 10464 10427 10465
f 10427 10428 10465
f 10465 10428 10466
f 10428 10429 10466
f 10466 10429 10467
f 10429 10430 10467
f 10467 10430 10468
f 10430 10431 10468
f 10468 10431 10469
f 10431 10432 10469
f 10469 10432 10470
f 10432 10433 10470
f 10470 10433 10471
f 10433 10434 10471
f 10471 10434 10472
f 10434 10435 10472
f 10472 10435 10473
f 10435 10436 10473
f 10473 10436 10474
f 10436 10437 10474
f 10474 10437 10475
f 10437 10438 10475
f 10475 10438 10476
f 10438 10439 10476
f 10476 10439 10477
f 10439 10440 10477
f 10477 10440 10478
f 10440 10441 10478
f 10478 10441 10479
f 10441 10442 10479
f 10479 10442 10480
f 10442 10443 10480
f 10480 10443 10481
f 10443 10444 10481
f 10481 10444 10482
f 10444 10445 10482
f 10482 10445 10483
f 10445 10446 10483
f 10483 10446 10484
f 10446 10447 10484
f 10484 10447 10485
f 10447 10448 10485
f 10485 10448 10486
f 10448 10449 10486
f 10486 10449 10487
f 10449 10450 10487
f 10487 10450 10488
f 10450 10451 10488
f 10488 10451 10489
f 10451 10452 10489
f 10489 10452 10490
f 10452 10453 10490
f 10490 10453 10491
f 10453 10454 10491
f 10491 10454 10492
f 10454 10455 10492
f 10492 10455 10493
f 10455 10456 10493
f 10493 10456 10494
f 10456 10457 10494
f 10494 10457 10495
f 10457 10458 10495
f 10495 10458 10496
f 10458 10459 10496
f 10496 10459 10497
f 10459 10460 10497
f 10497 10460 10498
f 10460 10461 10498
f 10498 10461 10499
f 10461 10462 10499
v -0.72500 1.05500 -0.53500
v 0.72500 1.05500 -0.53500
v -0.72500 0.63500 -0.53500
v 0.72500 0.63500 -0.53500
v 0.72500 1.05500 -0.56500
v -0.72500 1.05500 -0.56500
v 0.72500 0.63500 -0.56500
v -0.72500 0.63500 -0.56500
v 0.72500 1.05500 -0.56500
v 0.72500 1.05500 -0.53500
v -0.72500 1.05500 -0.56500
v -0.72500 1.05500 -0.53500
v -0.72500 0.63500 -0.56500
v -0.72500 0.63500 -0.53500
v 0.72500 0.63500 -0.56500
v 0.72500 0.63500 -0.53500
v -0.72500 1.05500 -0.56500
v -0.72500 1.05500 -0.53500
v -0.72500 0.63500 -0.56500
v -0.72500 0.63500 -0.53500
v 0.72500 1.05500 -0.53500
v 0.72500 1.05500 -0.56500
v 0.72500 0.63500 -0.53500
v 0.72500 0.63500 -0.56500
f 10500 10502 10501
f 10502 10503 10501
f 10504 10506 10505
f 10506 10507 10505
f 10508 10510 10509
f 10510 10511 10509
f 10512 10514 10513
f 10514 10515 10513
f 10516 10518 10517
f 10518 10519 10517
f 10520 10522 10521
f 10522 10523 10521
v -0.88500 0.30000 1.20000
v -0.82342 0.30000 1.20346
v -0.76261 0.30000 1.21379
v -0.70335 0.30000 1.23086
v -0.64636 0.30000 1.25447
v -0.59238 0.30000 1.28430
v -0.54208 0.30000 1.31999
v -0.49609 0.30000 1.36109
v -0.45499 0.30000 1.40708
v -0.41930 0.30000 1.45738
v -0.38947 0.30000 1.51136
v -0.36586 0.30000 1.56835
v -0.34879 0.30000 1.62761
v -0.33846 0.30000 1.68842
v -0.33500 0.30000 1.75000
v -0.33846 0.30000 1.81158
v -0.34879 0.30000 1.87239
v -0.36586 0.30000 1.93165
v -0.38947 0.30000 1.98864
v -0.41930 0.30000 2.04262
v -0.45499 0.30000 2.09292
v -0.49609 0.30000 2.13891
v -0.54208 0.30000 2.18001
v -0.59238 0.30000 2.21570
v -0.64636 0.30000 2.24553
v -0.70335 0.30000 2.26914
v -0.76261 0.30000 2.28621
v -0.82342 0.30000 2.29654
v -0.88500 0.30000 2.30000
v -0.88500 0.27061 1.20955
v -0.82449 0.27061 1.21295
v -0.76474 0.27061 1.22310
v -0.70650 0.27061 1.23988
v -0.65051 0.27061 1.26307
v -0.59746 0.27061 1.29239
v -0.54803 0.27061 1.32746
v -0.50284 0.27061 1.36784
v -0.46246 0.27061 1.41303
v -0.42739 0.27061 1.46246
v -0.39807 0.27061 1.51551
v -0.37488 0.27061 1.57150
v -0.35810 0.27061 1.62974
v -0.34795 0.27061 1.68949
v -0.34455 0.27061 1.75000
v -0.34795 0.27061 1.81051
v -0.35810 0.27061 1.87026
v -0.37488 0.27061 1.92850
v -0.39807 0.27061 1.98449
v -0.42739 0.27061 2.03754
v -0.46246 0.27061 2.08697
v -0.50284 0.27061 2.13216
v -0.54803 0.27061 2.17254
v -0.59746 0.27061 2.20761
v -0.65051 0.27061 2.23693
v -0.70650 0.27061 2.26012
v -0.76474 0.27061 2.27690
v -0.82449 0.27061 2.28705
v -0.88500 0.27061 2.29045
v -0.88500 0.25245 1.23455
v -0.82729 0.25245 1.23779
v -0.77030 0.25245 1.24747
v -0.71476 0.25245 1.26347
v -0.66135 0.25245 1.28559
v -0.61076 0.25245 1.31356
v -0.56362 0.25245 1.34700
v -0.52052 0.25245 1.38552
v -0.48200 0.25245 1.42862
v -0.44856 0.25245 1.47576
v -0.42059 0.25245 1.52635
v -0.39847 0.25245 1.57976
v -0.38247 0.25245 1.63530
v -0.37279 0.25245 1.69229
v -0.36955 0.25245 1.75000
v -0.37279 0.25245 1.80771
v -0.38247 0.25245 1.86470
v -0.39847 0.25245 1.92024
v -0.42059 0.25245 1.97365
v -0.44856 0.25245 2.02424
v -0.48200 0.25245 2.07138
v -0.52052 0.25245 2.11448
v -0.56362 0.25245 2.15300
v -0.61076 0.25245 2.18644
v -0.66135 0.25245 2.21441
v -0.71476 0.25245 2.23653
v -0.77030 0.25245 2.25253
v -0.82729 0.25245 2.26221
v -0.88500 0.25245 2.26545
v -0.88500 0.25245 1.26545
v -0.83075 0.25245 1.26850
v -0.77718 0.25245 1.27760
v -0.72496 0.25245 1.29264
v -0.67476 0.25245 1.31344
v -0.62720 0.25245 1.33972
v -0.58289 0.25245 1.37116
v -0.54237 0.25245 1.40737
v -0.50616 0.25245 1.44789
v -0.47472 0.25245 1.49220
v -0.44844 0.25245 1.53976
v -0.42764 0.25245 1.58996
v -0.41260 0.25245 1.64218
v -0.40350 0.25245 1.69575
v -0.40045 0.25245 1.75000
v -0.40350 0.25245 1.80425
v -0.41260 0.25245 1.85782
v -0.42764 0.25245 1.91004
v -0.44844 0.25245 1.96024
v -0.47472 0.25245 2.00780
v -0.50616 0.25245 2.05211
v -0.54237 0.25245 2.09263
v -0.58289 0.25245 2.12884
v -0.62720 0.25245 2.16028
v -0.67476 0.25245 2.18656
v -0.72496 0.25245 2.20736
v -0.77718 0.25245 2.22240
v -0.83075 0.25245 2.23150
v -0.88500 0.25245 2.23455
v -0.88500 0.27061 1.29045
v -0.83355 0.27061 1.29334
v -0.78274 0.27061 1.30197
v -0.73322 0.27061 1.31624
v -0.68561 0.27061 1.33596
v -0.64051 0.27061 1.36089
v -0.59848 0.27061 1.39071
v -0.56005 0.27061 1.42505
v -0.52571 0.27061 1.46348
v -0.49589 0.27061 1.50551
v -0.47096 0.27061 1.55061
v -0.45124 0.27061 1.59822
v -0.43697 0.27061 1.64774
v -0.42834 0.27061 1.69855
v -0.42545 0.27061 1.75000
v -0.42834 0.27061 1.80145
v -0.43697 0.27061 1.85226
v -0.45124 0.27061 1.90178
v -0.47096 0.27061 1.94939
v -0.49589 0.27061 1.99449
v -0.52571 0.27061 2.03652
v -0.56005 0.27061 2.07495
v -0.59848 0.27061 2.10929
v -0.64051 0.27061 2.13911
v -0.68561 0.27061 2.16404
v -0.73322 0.27061 2.18376
v -0.78274 0.27061 2.19803
v -0.83355 0.27061 2.20666
v -0.88500 0.27061 2.20955
v -0.88500 0.30000 1.30000
v -0.83462 0.30000 1.30283
v -0.78487 0.30000 1.31128
v -0.73637 0.30000 1.32525
v -0.68975 0.30000 1.34456
v -0.64559 0.30000 1.36897
v -0.60443 0.30000 1.39818
v -0.56680 0.30000 1.43180
v -0.53318 0.30000 1.46943
v -0.50397 0.30000 1.51059
v -0.47956 0.30000 1.55475
v -0.46025 0.30000 1.60137
v -0.44628 0.30000 1.64987
v -0.43783 0.30000 1.69962
v -0.43500 0.30000 1.75000
v -0.43783 0.30000 1.80038
v -0.44628 0.30000 1.85013
v -0.46025 0.30000 1.89863
v -0.47956 0.30000 1.94525
v -0.50397 0.30000 1.98941
v -0.53318 0.30000 2.03057
v -0.56680 0.30000 2.06820
v -0.60443 0.30000 2.10182
v -0.64559 0.30000 2.13103
v -0.68975 0.30000 2.15544
v -0.73637 0.30000 2.17475
v -0.78487 0.30000 2.18872
v -0.83462 0.30000 2.19717
v -0.88500 0.30000 2.20000
v -0.88500 0.32939 1.29045
v -0.83355 0.32939 1.29334
v -0.78274 0.32939 1.30197
v -0.73322 0.32939 1.31624
v -0.68561 0.32939 1.33596
v -0.64051 0.32939 1.36089
v -0.59848 0.32939 1.39071
v -0.56005 0.32939 1.42505
v -0.52571 0.32939 1.46348
v -0.49589 0.32939 1.50551
v -0.47096 0.32939 1.55061
v -0.45124 0.32939 1.59822
v -0.43697 0.32939 1.64774
v -0.42834 0.32939 1.69855
v -0.42545 0.32939 1.75000
v -0.42834 0.32939 1.80145
v -0.43697 0.32939 1.85226
v -0.45124 0.32939 1.90178
v -0.47096 0.32939 1.94939
v -0.49589 0.32939 1.99449
v -0.52571 0.32939 2.03652
v -0.56005 0.32939 2.07495
v -0.59848 0.32939 2.10929
v -0.64051 0.32939 2.13911
v -0.68561 0.32939 2.16404
v -0.73322 0.32939 2.18376
v -0.78274 0.32939 2.19803
v -0.83355 0.32939 2.20666
v -0.88500 0.32939 2.20955
v -0.88500 0.34755 1.26545
v -0.83075 0.34755 1.26850
v -0.77718 0.34755 1.27760
v -0.72496 0.34755 1.29264
v -0.67476 0.34755 1.31344
v -0.62720 0.34755 1.33972
v -0.58289 0.34755 1.37116
v -0.54237 0.34755 1.40737
v -0.50616 0.34755 1.44789
v -0.47472 0.34755 1.49220
v -0.44844 0.34755 1.53976
v -0.42764 0.34755 1.58996
v -0.41260 0.34755 1.64218
v -0.40350 0.34755 1.69575
v -0.40045 0.34755 1.75000
v -0.40350 0.34755 1.80425
v -0.41260 0.34755 1.85782
v -0.42764 0.34755 1.91004
v -0.44844 0.34755 1.96024
v -0.47472 0.34755 2.00780
v -0.50616 0.34755 2.05211
v -0.54237 0.34755 2.09263
v -0.58289 0.34755 2.12884
v -0.62720 0.34755 2.16028
v -0.67476 0.34755 2.18656
v -0.72496 0.34755 2.20736
v -0.77718 0.34755 2.22240
v -0.83075 0.34755 2.23150
v -0.88500 0.34755 2.23455
v -0.88500 0.34755 1.23455
v -0.82729 0.34755 1.23779
v -0.77030 0.34755 1.24747
v -0.71476 0.34755 1.26347
v -0.66135 0.34755 1.28559
v -0.61076 0.34755 1.31356
v -0.56362 0.34755 1.34700
v -0.52052 0.34755 1.38552
v -0.48200 0.34755 1.42862
v -0.44856 0.34755 1.47576
v -0.42059 0.34755 1.52635
v -0.39847 0.34755 1.57976
v -0.38247 0.34755 1.63530
v -0.37279 0.34755 1.69229
v -0.36955 0.34755 1.75000
v -0.37279 0.34755 1.80771
v -0.38247 0.34755 1.86470
v -0.39847 0.34755 1.92024
v -0.42059 0.34755 1.97365
v -0.44856 0.34755 2.02424
v -0.48200 0.34755 2.07138
v -0.52052 0.34755 2.11448
v -0.56362 0.34755 2.15300
v -0.61076 0.34755 2.18644
v -0.66135 0.34755 2.21441
v -0.71476 0.34755 2.23653
v -0.77030 0.34755 2.25253
v -0.82729 0.34755 2.26221
v -0.88500 0.34755 2.26545
v -0.88500 0.32939 1.20955
v -0.82449 0.32939 1.21295
v -0.76474 0.32939 1.22310
v -0.70650 0.32939 1.23988
v -0.65051 0.32939 1.26307
v -0.59746 0.32939 1.29239
v -0.54803 0.32939 1.32746
v -0.50284 0.32939 1.36784
v -0.46246 0.32939 1.41303
v -0.42739 0.32939 1.46246
v -0.39807 0.32939 1.51551
v -0.37488 0.32939 1.57150
v -0.35810 0.32939 1.62974
v -0.34795 0.32939 1.68949
v -0.34455 0.32939 1.75000
v -0.34795 0.32939 1.81051
v -0.35810 0.32939 1.87026
v -0.37488 0.32939 1.92850
v -0.39807 0.32939 1.98449
v -0.42739 0.32939 2.03754
v -0.46246 0.32939 2.08697
v -0.50284 0.32939 2.13216
v -0.54803 0.32939 2.17254
v -0.59746 0.32939 2.20761
v -0.65051 0.32939 2.23693
v -0.70650 0.32939 2.26012
v -0.76474 0.32939 2.27690
v -0.82449 0.32939 2.28705
v -0.88500 0.32939 2.29045
v -0.88500 0.30000 1.20000
v -0.82342 0.30000 1.20346
v -0.76261 0.30000 1.21379
v -0.70335 0.30000 1.23086
v -0.64636 0.30000 1.25447
v -0.59238 0.30000 1.28430
v -0.54208 0.30000 1.31999
v -0.49609 0.30000 1.36109
v -0.45499 0.30000 1.40708
v -0.41930 0.30000 1.45738
v -0.38947 0.30000 1.51136
v -0.36586 0.30000 1.56835
v -0.34879 0.30000 1.62761
v -0.33846 0.30000 1.68842
v -0.33500 0.30000 1.75000
v -0.33846 0.30000 1.81158
v -0.34879 0.30000 1.87239
v -0.36586 0.30000 1.93165
v -0.38947 0.30000 1.98864
v -0.41930 0.30000 2.04262
v -0.45499 0.30000 2.09292
v -0.49609 0.30000 2.13891
v -0.54208 0.30000 2.18001
v -0.59238 0.30000 2.21570
v -0.64636 0.30000 2.24553
v -0.70335 0.30000 2.26914
v -0.76261 0.30000 2.28621
v -0.82342 0.30000 2.29654
v -0.88500 0.30000 2.30000
f 10553 10524 10554
f 10524 10525 10554
f 10554 10525 10555
f 10525 10526 10555
f 10555 10526 10556
f 10526 10527 10556
f 10556 10527 10557
f 10527 10528 10557
f 10557 10528 10558
f 10528 10529 10558
f 10558 10529 10559
f 10529 10530 10559
f 10559 10530 10560
f 10530 10531 10560
f 10560 10531 10561
f 10531 10532 10561
f 10561 10532 10562
f 10532 10533 10562
f 10562 10533 10563
f 10533 10534 10563
f 10563 10534 10564
f 10534 10535 10564
f 10564 10535 10565
f 10535 10536 10565
f 10565 10536 10566
f 10536 10537 10566
f 10566 10537 10567
f 10537 10538 10567
f 10567 10538 10568
f 10538 10539 10568
f 10568 10539 10569
f 10539 10540 10569
f 10569 10540 10570
f 10540 10541 10570
f 10570 10541 10571
f 10541 10542 10571
f 10571 10542 10572
f 10542 10543 10572
f 10572 10543 10573
f 10543 10544 10573
f 10573 10544 10574
f 10544 10545 10574
f 10574 10545 10575
f 10545 10546 10575
f 10575 10546 10576
f 10546 10547 10576
f 10576 10547 10577
f 10547 10548 10577
f 10577 10548 10578
f 10548 10549 10578
f 10578 10549 10579
f 10549 10550 10579
f 10579 10550 10580
f 10550 10551 10580
f 10580 10551 10581
f 10551 10552 10581
f 10582 10553 10583
f 10553 10554 10583
f 10583 10554 10584
f 10554 10555 10584
f 10584 10555 10585
f 10555 10556 10585
f 10585 10556 10586
f 10556 10557 10586
f 10586 10557 10587
f 10557 10558 10587
f 10587 10558 10588
f 10558 10559 10588
f 10588 10559 10589
f 10559 10560 10589
f 10589 10560 10590
f 10560 10561 10590
f 10590 10561 10591
f 10561 10562 10591
f 10591 10562 10592
f 10562 10563 10592
f 10592 10563 10593
f 10563 10564 10593
f 10593 10564 10594
f 10564 10565 10594
f 10594 10565 10595
f 10565 10566 10595
f 10595 10566 10596
f 10566 10567 10596
f 10596 10567 10597
f 10567 10568 10597
f 10597 10568 10598
f 10568 10569 10598
f 10598 10569 10599
f 10569 10570 10599
f 10599 10570 10600
f 10570 10571 10600
f 10600 10571 10601
f 10571 10572 10601
f 10601 10572 10602
f 10572 10573 10602
f 10602 10573 10603
f 10573 10574 10603
f 10603 10574 10604
f 10574 10575 10604
f 10604 10575 10605
f 10575 10576 10605
f 10605 10576 10606
f 10576 10577 10606
f 10606 10577 10607
f 10577 10578 10607
f 10607 10578 10608
f 10578 10579 10608
f 10608 10579 10609
f 10579 10580 10609
f 10609 10580 10610
f 10580 10581 10610
f 10611 10582 10612
f 10582 10583 10612
f 10612 10583 10613
f 10583 10584 10613
f 10613 10584 10614
f 10584 10585 10614
f 10614 10585 10615
f 10585 10586 10615
f 10615 10586 10616
f 10586 10587 10616
f 10616 10587 10617
f 10587 10588 10617
f 10617 10588 10618
f 10588 10589 10618
f 10618 10589 10619
f 10589 10590 10619
f 10619 10590 10620
f 10590 10591 10620
f 10620 10591 10621
f 10591 10592 10621
f 10621 10592 10622
f 10592 10593 10622
f 10622 10593 10623
f 10593 10594 10623
f 10623 10594 10624
f 10594 10595 10624
f 10624 10595 10625
f 10595 10596 10625
f 10625 10596 10626
f 10596 10597 10626
f 10626 10597 10627
f 10597 10598 10627
f 10627 10598 10628
f 10598 10599 10628
f 10628 10599 10629
f 10599 10600 10629
f 10629 10600 10630
f 10600 10601 10630
f 10630 10601 10631
f 10601 10602 10631
f 10631 10602 10632
f 10602 10603 10632
f 10632 10603 10633
f 10603 10604 10633
f 10633 10604 10634
f 10604 10605 10634
f 10634 10605 10635
f 10605 10606 10635
f 10635 10606 10636
f 10606 10607 10636
f 10636 10607 10637
f 10607 10608 10637
f 10637 10608 10638
f 10608 10609 10638
f 10638 10609 10639
f 10609 10610 10639
f 10640 10611 10641
f 10611 10612 10641
f 10641 10612 10642
f 10612 10613 10642
f 10642 10613 10643
f 10613 10614 10643
f 10643 10614 10644
f 10614 10615 10644
f 10644 10615 10645
f 10615 10616 10645
f 10645 10616 10646
f 10616 10617 10646
f 10646 10617 10647
f 10617 10618 10647
f 10647 10618 10648
f 10618 10619 10648
f 10648 10619 10649
f 10619 10620 10649
f 10649 10620 10650
f 10620 10621 10650
f 10650 10621 10651
f 10621 10622 10651
f 10651 10622 10652
f 10622 10623 10652
f 10652 10623 10653
f 10623 10624 10653
f 10653 10624 10654
f 10624 10625 10654
f 10654 10625 10655
f 10625 10626 10655
f 10655 10626 10656
f 10626 10627 10656
f 10656 10627 10657
f 10627 10628 10657
f 10657 10628 10658
f 10628 10629 10658
f 10658 10629 10659
f 10629 10630 10659
f 10659 10630 10660
f 10630 10631 10660
f 10660 10631 10661
f 10631 10632 10661
f 10661 10632 10662
f 10632 10633 10662
f 10662 10633 10663
f 10633 10634 10663
f 10663 10634 10664
f 10634 10635 10664
f 10664 10635 10665
f 10635 10636 10665
f 10665 10636 10666
f 10636 10637 10666
f 10666 10637 10667
f 10637 10638 10667
f 10667 10638 10668
f 10638 10639 10668
f 10669 10640 10670
f 10640 10641 10670
f 10670 10641 10671
f 10641 10642 10671
f 10671 10642 10672
f 10642 10643 10672
f 10672 10643 10673
f 10643 10644 10673
f 10673 10644 10674
f 10644 10645 10674
f 10674 10645 10675
f 10645 10646 10675
f 10675 10646 10676
f 10646 10647 10676
f 10676 10647 10677
f 10647 10648 10677
f 10677 10648 10678
f 10648 10649 10678
f 10678 10649 10679
f 10649 10650 10679
f 10679 10650 10680
f 10650 10651 10680
f 10680 10651 10681
f 10651 10652 10681
f 10681 10652 10682
f 10652 10653 10682
f 10682 10653 10683
f 10653 10654 10683
f 10683 10654 10684
f 10654 10655 10684
f 10684 10655 10685
f 10655 10656 10685
f 10685 10656 10686
f 10656 10657 10686
f 10686 10657 10687
f 10657 10658 10687
f 10687 10658 10688
f 10658 10659 10688
f 10688 10659 10689
f 10659 10660 10689
f 10689 10660 10690
f 10660 10661 10690
f 10690 10661 10691
f 10661 10662 10691
f 10691 10662 10692
f 10662 10663 10692
f 10692 10663 10693
f 10663 10664 10693
f 10693 10664 10694
f 10664 10665 10694
f 10694 10665 10695
f 10665 10666 10695
f 10695 10666 10696
f 10666 10667 10696
f 10696 10667 10697
f 10667 10668 10697
f 10698 10669 10699
f 10669 10670 10699
f 10699 10670 10700
f 10670 10671 10700
f 10700 10671 10701
f 10671 10672 10701
f 10701 10672 10702
f 10672 10673 10702
f 10702 10673 10703
f 10673 10674 10703
f 10703 10674 10704
f 10674 10675 10704
f 10704 10675 10705
f 10675 10676 10705
f 10705 10676 10706
f 10676 10677 10706
f 10706 10677 10707
f 10677 10678 10707
f 10707 10678 10708
f 10678 10679 10708
f 10708 10679 10709
f 10679 10680 10709
f 10709 10680 10710
f 10680 10681 10710
f 10710 10681 10711
f 10681 10682 10711
f 10711 10682 10712
f 10682 10683 10712
f 10712 10683 10713
f 10683 10684 10713
f 10713 10684 10714
f 10684 10685 10714
f 10714 10685 10715
f 10685 10686 10715
f 10715 10686 10716
f 10686 10687 10716
f 10716 10687 10717
f 10687 10688 10717
f 10717 10688 10718
f 10688 10689 10718
f 10718 10689 10719
f 10689 10690 10719
f 10719 10690 10720
f 10690 10691 10720
f 10720 10691 10721
f 10691 10692 10721
f 10721 10692 10722
f 10692 10693 10722
f 10722 10693 10723
f 10693 10694 10723
f 10723 10694 10724
f 10694 10695 10724
f 10724 10695 10725
f 10695 10696 10725
f 10725 10696 10726
f 10696 10697 10726
f 10727 10698 10728
f 10698 10699 10728
f 10728 10699 10729
f 10699 10700 10729
f 10729 10700 10730
f 10700 10701 10730
f 10730 10701 10731
f 10701 10702 10731
f 10731 10702 10732
f 10702 10703 10732
f 10732 10703 10733
f 10703 10704 10733
f 10733 10704 10734
f 10704 10705 10734
f 10734 10705 10735
f 10705 10706 10735
f 10735 10706 10736
f 10706 10707 10736
f 10736 10707 10737
f 10707 10708 10737
f 10737 10708 10738
f 10708 10709 10738
f 10738 10709 10739
f 10709 10710 10739
f 10739 10710 10740
f 10710 10711 10740
f 10740 10711 10741
f 10711 10712 10741
f 10741 10712 10742
f 10712 10713 10742
f 10742 10713 10743
f 10713 10714 10743
f 10743 10714 10744
f 10714 10715 10744
f 10744 10715 10745
f 10715 10716 10745
f 10745 10716 10746
f 10716 10717 10746
f 10746 10717 10747
f 10717 10718 10747
f 10747 10718 10748
f 10718 10719 10748
f 10748 10719 10749
f 10719 10720 10749
f 10749 10720 10750
f 10720 10721 10750
f 10750 10721 10751
f 10721 10722 10751
f 10751 10722 10752
f 10722 10723 10752
f 10752 10723 10753
f 10723 10724 10753
f 10753 10724 10754
f 10724 10725 10754
f 10754 10725 10755
f 10725 10726 10755
f 10756 10727 10757
f 10727 10728 10757
f 10757 10728 10758
f 10728 10729 10758
f 10758 10729 10759
f 10729 10730 10759
f 10759 10730 10760
f 10730 10731 10760
f 10760 10731 10761
f 10731 10732 10761
f 10761 10732 10762
f 10732 10733 10762
f 10762 10733 10763
f 10733 10734 10763
f 10763 10734 10764
f 10734 10735 10764
f 10764 10735 10765
f 10735 10736 10765
f 10765 10736 10766
f 10736 10737 10766
f 10766 10737 10767
f 10737 10738 10767
f 10767 10738 10768
f 10738 10739 10768
f 10768 10739 10769
f 10739 10740 10769
f 10769 10740 10770
f 10740 10741 10770
f 10770 10741 10771
f 10741 10742 10771
f 10771 10742 10772
f 10742 10743 10772
f 10772 10743 10773
f 10743 10744 10773
f 10773 10744 10774
f 10744 10745 10774
f 10774 10745 10775
f 10745 10746 10775
f 10775 10746 10776
f 10746 10747 10776
f 10776 10747 10777
f 10747 10748 10777
f 10777 10748 10778
f 10748 10749 10778
f 10778 10749 10779
f 10749 10750 10779
f 10779 10750 10780
f 10750 10751 10780
f 10780 10751 10781
f 10751 10752 10781
f 10781 10752 10782
f 10752 10753 10782
f 10782 10753 10783
f 10753 10754 10783
f 10783 10754 10784
f 10754 10755 10784
f 10785 10756 10786
f 10756 10757 10786
f 10786 10757 10787
f 10757 10758 10787
f 10787 10758 10788
f 10758 10759 10788
f 10788 10759 10789
f 10759 10760 10789
f 10789 10760 10790
f 10760 10761 10790
f 10790 10761 10791
f 10761 10762 10791
f 10791 10762 10792
f 10762 10763 10792
f 10792 10763 10793
f 10763 10764 10793
f 10793 10764 10794
f 10764 10765 10794
f 10794 10765 10795
f 10765 10766 10795
f 10795 10766 10796
f 10766 10767 10796
f 10796 10767 10797
f 10767 10768 10797
f 10797 10768 10798
f 10768 10769 10798
f 10798 10769 10799
f 10769 10770 10799
f 10799 10770 10800
f 10770 10771 10800
f 10800 10771 10801
f 10771 10772 10801
f 10801 10772 10802
f 10772 10773 10802
f 10802 10773 10803
f 10773 10774 10803
f 10803 10774 10804
f 10774 10775 10804
f 10804 10775 10805
f 10775 10776 10805
f 10805 10776 10806
f 10776 10777 10806
f 10806 10777 10807
f 10777 10778 10807
f 10807 10778 10808
f 10778 10779 10808
f 10808 10779 10809
f 10779 10780 10809
f 10809 10780 10810
f 10780 10781 10810
f 10810 10781 10811
f 10781 10782 10811
f 10811 10782 10812
f 10782 10783 10812
f 10812 10783 10813
f 10783 10784 10813
f 10814 10785 10815
f 10785 10786 10815
f 10815 10786 10816
f 10786 10787 10816
f 10816 10787 10817
f 10787 10788 10817
f 10817 10788 10818
f 10788 10789 10818
f 10818 10789 10819
f 10789 10790 10819
f 10819 10790 10820
f 10790 10791 10820
f 10820 10791 10821
f 10791 10792 10821
f 10821 10792 10822
f 10792 10793 10822
f 10822 10793 10823
f 10793 10794 10823
f 10823 10794 10824
f 10794 10795 10824
f 10824 10795 10825
f 10795 10796 10825
f 10825 10796 10826
f 10796 10797 10826
f 10826 10797 10827
f 10797 10798 10827
f 10827 10798 10828
f 10798 10799 10828
f 10828 10799 10829
f 10799 10800 10829
f 10829 10800 10830
f 10800 10801 10830
f 10830 10801 10831
f 10801 10802 10831
f 10831 10802 10832
f 10802 10803 10832
f 10832 10803 10833
f 10803 10804 10833
f 10833 10804 10834
f 10804 10805 10834
f 10834 10805 10835
f 10805 10806 10835
f 10835 10806 10836
f 10806 10807 10836
f 10836 10807 10837
f 10807 10808 10837
f 10837 10808 10838
f 10808 10809 10838
f 10838 10809 10839
f 10809 10810 10839
f 10839 10810 10840
f 10810 10811 10840
f 10840 10811 10841
f 10811 10812 10841
f 10841 10812 10842
f 10812 10813 10842
v 0.88500 0.30000 2.30000
v 0.82342 0.30000 2.29654
v 0.76261 0.30000 2.28621
v 0.70335 0.30000 2.26914
v 0.64636 0.30000 2.24553
v 0.59238 0.30000 2.21570
v 0.54208 0.30000 2.18001
v 0.49609 0.30000 2.13891
v 0.45499 0.30000 2.09292
v 0.41930 0.30000 2.04262
v 0.38947 0.30000 1.98864
v 0.36586 0.30000 1.93165
v 0.34879 0.30000 1.87239
v 0.33846 0.30000 1.81158
v 0.33500 0.30000 1.75000
v 0.33846 0.30000 1.68842
v 0.34879 0.30000 1.62761
v 0.36586 0.30000 1.56835
v 0.38947 0.30000 1.51136
v 0.41930 0.30000 1.45738
v 0.45499 0.30000 1.40708
v 0.49609 0.30000 1.36109
v 0.54208 0.30000 1.31999
v 0.59238 0.30000 1.28430
v 0.64636 0.30000 1.25447
v 0.70335 0.30000 1.23086
v 0.76261 0.30000 1.21379
v 0.82342 0.30000 1.20346
v 0.88500 0.30000 1.20000
v 0.88500 0.27061 2.29045
v 0.82449 0.27061 2.28705
v 0.76474 0.27061 2.27690
v 0.70650 0.27061 2.26012
v 0.65051 0.27061 2.23693
v 0.59746 0.27061 2.20761
v 0.54803 0.27061 2.17254
v 0.50284 0.27061 2.13216
v 0.46246 0.27061 2.08697
v 0.42739 0.27061 2.03754
v 0.39807 0.27061 1.98449
v 0.37488 0.27061 1.92850
v 0.35810 0.27061 1.87026
v 0.34795 0.27061 1.81051
v 0.34455 0.27061 1.75000
v 0.34795 0.27061 1.68949
v 0.35810 0.27061 1.62974
v 0.37488 0.27061 1.57150
v 0.39807 0.27061 1.51551
v 0.42739 0.27061 1.46246
v 0.46246 0.27061 1.41303
v 0.50284 0.27061 1.36784
v 0.54803 0.27061 1.32746
v 0.59746 0.27061 1.29239
v 0.65051 0.27061 1.26307
v 0.70650 0.27061 1.23988
v 0.76474 0.27061 1.22310
v 0.82449 0.27061 1.21295
v 0.88500 0.27061 1.20955
v 0.88500 0.25245 2.26545
v 0.82729 0.25245 2.26221
v 0.77030 0.25245 2.25253
v 0.71476 0.25245 2.23653
v 0.66135 0.25245 2.21441
v 0.61076 0.25245 2.18644
v 0.56362 0.25245 2.15300
v 0.52052 0.25245 2.11448
v 0.48200 0.25245 2.07138
v 0.44856 0.25245 2.02424
v 0.42059 0.25245 1.97365
v 0.39847 0.25245 1.92024
v 0.38247 0.25245 1.86470
v 0.37279 0.25245 1.80771
v 0.36955 0.25245 1.75000
v 0.37279 0.25245 1.69229
v 0.38247 0.25245 1.63530
v 0.39847 0.25245 1.57976
v 0.42059 0.25245 1.52635
v 0.44856 0.25245 1.47576
v 0.48200 0.25245 1.42862
v 0.52052 0.25245 1.38552
v 0.56362 0.25245 1.34700
v 0.61076 0.25245 1.31356
v 0.66135 0.25245 1.28559
v 0.71476 0.25245 1.26347
v 0.77030 0.25245 1.24747
v 0.82729 0.25245 1.23779
v 0.88500 0.25245 1.23455
v 0.88500 0.25245 2.23455
v 0.83075 0.25245 2.23150
v 0.77718 0.25245 2.22240
v 0.72496 0.25245 2.20736
v 0.67476 0.25245 2.18656
v 0.62720 0.25245 2.16028
v 0.58289 0.25245 2.12884
v 0.54237 0.25245 2.09263
v 0.50616 0.25245 2.05211
v 0.47472 0.25245 2.00780
v 0.44844 0.25245 1.96024
v 0.42764 0.25245 1.91004
v 0.41260 0.25245 1.85782
v 0.40350 0.25245 1.80425
v 0.40045 0.25245 1.75000
v 0.40350 0.25245 1.69575
v 0.41260 0.25245 1.64218
v 0.42764 0.25245 1.58996
v 0.44844 0.25245 1.53976
v 0.47472 0.25245 1.49220
v 0.50616 0.25245 1.44789
v 0.54237 0.25245 1.40737
v 0.58289 0.25245 1.37116
v 0.62720 0.25245 1.33972
v 0.67476 0.25245 1.31344
v 0.72496 0.25245 1.29264
v 0.77718 0.25245 1.27760
v 0.83075 0.25245 1.26850
v 0.88500 0.25245 1.26545
v 0.88500 0.27061 2.20955
v 0.83355 0.27061 2.20666
v 0.78274 0.27061 2.19803
v 0.73322 0.27061 2.18376
v 0.68561 0.27061 2.16404
v 0.64051 0.27061 2.13911
v 0.59848 0.27061 2.10929
v 0.56005 0.27061 2.07495
v 0.52571 0.27061 2.03652
v 0.49589 0.27061 1.99449
v 0.47096 0.27061 1.94939
v 0.45124 0.27061 1.90178
v 0.43697 0.27061 1.85226
v 0.42834 0.27061 1.80145
v 0.42545 0.27061 1.75000
v 0.42834 0.27061 1.69855
v 0.43697 0.27061 1.64774
v 0.45124 0.27061 1.59822
v 0.47096 0.27061 1.55061
v 0.49589 0.27061 1.50551
v 0.52571 0.27061 1.46348
v 0.56005 0.27061 1.42505
v 0.59848 0.27061 1.39071
v 0.64051 0.27061 1.36089
v 0.68561 0.27061 1.33596
v 0.73322 0.27061 1.31624
v 0.78274 0.27061 1.30197
v 0.83355 0.27061 1.29334
v 0.88500 0.27061 1.29045
v 0.88500 0.30000 2.20000
v 0.83462 0.30000 2.19717
v 0.78487 0.30000 2.18872
v 0.73637 0.30000 2.17475
v 0.68975 0.30000 2.15544
v 0.64559 0.30000 2.13103
v 0.60443 0.30000 2.10182
v 0.56680 0.30000 2.06820
v 0.53318 0.30000 2.03057
v 0.50397 0.30000 1.98941
v 0.47956 0.30000 1.94525
v 0.46025 0.30000 1.89863
v 0.44628 0.30000 1.85013
v 0.43783 0.30000 1.80038
v 0.43500 0.30000 1.75000
v 0.43783 0.30000 1.69962
v 0.44628 0.30000 1.64987
v 0.46025 0.30000 1.60137
v 0.47956 0.30000 1.55475
v 0.50397 0.30000 1.51059
v 0.53318 0.30000 1.46943
v 0.56680 0.30000 1.43180
v 0.60443 0.30000 1.39818
v 0.64559 0.30000 1.36897
v 0.68975 0.30000 1.34456
v 0.73637 0.30000 1.32525
v 0.78487 0.30000 1.31128
v 0.83462 0.30000 1.30283
v 0.88500 0.30000 1.30000
v 0.88500 0.32939 2.20955
v 0.83355 0.32939 2.20666
v 0.78274 0.32939 2.19803
v 0.73322 0.32939 2.18376
v 0.68561 0.32939 2.16404
v 0.64051 0.32939 2.13911
v 0.59848 0.32939 2.10929
v 0.56005 0.32939 2.07495
v 0.52571 0.32939 2.03652
v 0.49589 0.32939 1.99449
v 0.47096 0.32939 1.94939
v 0.45124 0.32939 1.90178
v 0.43697 0.32939 1.85226
v 0.42834 0.32939 1.80145
v 0.42545 0.32939 1.75000
v 0.42834 0.32939 1.69855
v 0.43697 0.32939 1.64774
v 0.45124 0.32939 1.59822
v 0.47096 0.32939 1.55061
v 0.49589 0.32939 1.50551
v 0.52571 0.32939 1.46348
v 0.56005 0.32939 1.42505
v 0.59848 0.32939 1.39071
v 0.64051 0.32939 1.36089
v 0.68561 0.32939 1.33596
v 0.73322 0.32939 1.31624
v 0.78274 0.32939 1.30197
v 0.83355 0.32939 1.29334
v 0.88500 0.32939 1.29045
v 0.88500 0.34755 2.23455
v 0.83075 0.34755 2.23150
v 0.77718 0.34755 2.22240
v 0.72496 0.34755 2.20736
v 0.67476 0.34755 2.18656
v 0.62720 0.34755 2.16028
v 0.58289 0.34755 2.12884
v 0.54237 0.34755 2.09263
v 0.50616 0.34755 2.05211
v 0.47472 0.34755 2.00780
v 0.44844 0.34755 1.96024
v 0.42764 0.34755 1.91004
v 0.41260 0.34755 1.85782
v 0.40350 0.34755 1.80425
v 0.40045 0.34755 1.75000
v 0.40350 0.34755 1.69575
v 0.41260 0.34755 1.64218
v 0.42764 0.34755 1.58996
v 0.44844 0.34755 1.53976
v 0.47472 0.34755 1.49220
v 0.50616 0.34755 1.44789
v 0.54237 0.34755 1.40737
v 0.58289 0.34755 1.37116
v 0.62720 0.34755 1.33972
v 0.67476 0.34755 1.31344
v 0.72496 0.34755 1.29264
v 0.77718 0.34755 1.27760
v 0.83075 0.34755 1.26850
v 0.88500 0.34755 1.26545
v 0.88500 0.34755 2.26545
v 0.82729 0.34755 2.26221
v 0.77030 0.34755 2.25253
v 0.71476 0.34755 2.23653
v 0.66135 0.34755 2.21441
v 0.61076 0.34755 2.18644
v 0.56362 0.34755 2.15300
v 0.52052 0.34755 2.11448
v 0.48200 0.34755 2.07138
v 0.44856 0.34755 2.02424
v 0.42059 0.34755 1.97365
v 0.39847 0.34755 1.92024
v 0.38247 0.34755 1.86470
v 0.37279 0.34755 1.80771
v 0.36955 0.34755 1.75000
v 0.37279 0.34755 1.69229
v 0.38247 0.34755 1.63530
v 0.39847 0.34755 1.57976
v 0.42059 0.34755 1.52635
v 0.44856 0.34755 1.47576
v 0.48200 0.34755 1.42862
v 0.52052 0.34755 1.38552
v 0.56362 0.34755 1.34700
v 0.61076 0.34755 1.31356
v 0.66135 0.34755 1.28559
v 0.71476 0.34755 1.26347
v 0.77030 0.34755 1.24747
v 0.82729 0.34755 1.23779
v 0.88500 0.34755 1.23455
v 0.88500 0.32939 2.29045
v 0.82449 0.32939 2.28705
v 0.76474 0.32939 2.27690
v 0.70650 0.32939 2.26012
v 0.65051 0.32939 2.23693
v 0.59746 0.32939 2.20761
v 0.54803 0.32939 2.17254
v 0.50284 0.32939 2.13216
v 0.46246 0.32939 2.08697
v 0.42739 0.32939 2.03754
v 0.39807 0.32939 1.98449
v 0.37488 0.32939 1.92850
v 0.35810 0.32939 1.87026
v 0.34795 0.32939 1.81051
v 0.34455 0.32939 1.75000
v 0.34795 0.32939 1.68949
v 0.35810 0.32939 1.62974
v 0.37488 0.32939 1.57150
v 0.39807 0.32939 1.51551
v 0.42739 0.32939 1.46246
v 0.46246 0.32939 1.41303
v 0.50284 0.32939 1.36784
v 0.54803 0.32939 1.32746
v 0.59746 0.32939 1.29239
v 0.65051 0.32939 1.26307
v 0.70650 0.32939 1.23988
v 0.76474 0.32939 1.22310
v 0.82449 0.32939 1.21295
v 0.88500 0.32939 1.20955
v 0.88500 0.30000 2.30000
v 0.82342 0.30000 2.29654
v 0.76261 0.30000 2.28621
v 0.70335 0.30000 2.26914
v 0.64636 0.30000 2.24553
v 0.59238 0.30000 2.21570
v 0.54208 0.30000 2.18001
v 0.49609 0.30000 2.13891
v 0.45499 0.30000 2.09292
v 0.41930 0.30000 2.04262
v 0.38947 0.30000 1.98864
v 0.36586 0.30000 1.93165
v 0.34879 0.30000 1.87239
v 0.33846 0.30000 1.81158
v 0.33500 0.30000 1.75000
v 0.33846 0.30000 1.68842
v 0.34879 0.30000 1.62761
v 0.36586 0.30000 1.56835
v 0.38947 0.30000 1.51136
v 0.41930 0.30000 1.45738
v 0.45499 0.30000 1.40708
v 0.49609 0.30000 1.36109
v 0.54208 0.30000 1.31999
v 0.59238 0.30000 1.28430
v 0.64636 0.30000 1.25447
v 0.70335 0.30000 1.23086
v 0.76261 0.30000 1.21379
v 0.82342 0.30000 1.20346
v 0.88500 0.30000 1.20000
f 10872 10843 10873
f 10843 10844 10873
f 10873 10844 10874
f 10844 10845 10874
f 10874 10845 10875
f 10845 10846 10875
f 10875 10846 10876
f 10846 10847 10876
f 10876 10847 10877
f 10847 10848 10877
f 10877 10848 10878
f 10848 10849 10878
f 10878 10849 10879
f 10849 10850 10879
f 10879 10850 10880
f 10850 10851 10880
f 10880 10851 10881
f 10851 10852 10881
f 10881 10852 10882
f 10852 10853 10882
f 10882 10853 10883
f 10853 10854 10883
f 10883 10854 10884
f 10854 10855 10884
f 10884 10855 10885
f 10855 10856 10885
f 10885 10856 10886
f 10856 10857 10886
f 10886 10857 10887
f 10857 10858 10887
f 10887 10858 10888
f 10858 10859 10888
f 10888 10859 10889
f 10859 10860 10889
f 10889 10860 10890
f 10860 10861 10890
f 10890 10861 10891
f 10861 10862 10891
f 10891 10862 10892
f 10862 10863 10892
f 10892 10863 10893
f 10863 10864 10893
f 10893 10864 10894
f 10864 10865 10894
f 10894 10865 10895
f 10865 10866 10895
f 10895 10866 10896
f 10866 10867 10896
f 10896 10867 10897
f 10867 10868 10897
f 10897 10868 10898
f 10868 10869 10898
f 10898 10869 10899
f 10869 10870 10899
f 10899 10870 10900
f 10870 10871 10900
f 10901 10872 10902
f 10872 10873 10902
f 10902 10873 10903
f 10873 10874 10903
f 10903 10874 10904
f 10874 10875 10904
f 10904 10875 10905
f 10875 10876 10905
f 10905 10876 10906
f 10876 10877 10906
f 10906 10877 10907
f 10877 10878 10907
f 10907 10878 10908
f 10878 10879 10908
f 10908 10879 10909
f 10879 10880 10909
f 10909 10880 10910
f 10880 10881 10910
f 10910 10881 10911
f 10881 10882 10911
f 10911 10882 10912
f 10882 10883 10912
f 10912 10883 10913
f 10883 10884 10913
f 10913 10884 10914
f 10884 10885 10914
f 10914 10885 10915
f 10885 10886 10915
f 10915 10886 10916
f 10886 10887 10916
f 10916 10887 10917
f 10887 10888 10917
f 10917 10888 10918
f 10888 10889 10918
f 10918 10889 10919
f 10889 10890 10919
f 10919 10890 10920
f 10890 10891 10920
f 10920 10891 10921
f 10891 10892 10921
f 10921 10892 10922
f 10892 10893 10922
f 10922 10893 10923
f 10893 10894 10923
f 10923 10894 10924
f 10894 10895 10924
f 10924 10895 10925
f 10895 10896 10925
f 10925 10896 10926
f 10896 10897 10926
f 10926 10897 10927
f 10897 10898 10927
f 10927 10898 10928
f 10898 10899 10928
f 10928 10899 10929
f 10899 10900 10929
f 10930 10901 10931
f 10901 10902 10931
f 10931 10902 10932
f 10902 10903 10932
f 10932 10903 10933
f 10903 10904 10933
f 10933 10904 10934
f 10904 10905 10934
f 10934 10905 10935
f 10905 10906 10935
f 10935 10906 10936
f 10906 10907 10936
f 10936 10907 10937
f 10907 10908 10937
f 10937 10908 10938
f 10908 10909 10938
f 10938 10909 10939
f 10909 10910 10939
f 10939 10910 10940
f 10910 10911 10940
f 10940 10911 10941
f 10911 10912 10941
f 10941 10912 10942
f 10912 10913 10942
f 10942 10913 10943
f 10913 10914 10943
f 10943 10914 10944
f 10914 10915 10944
f 10944 10915 10945
f 10915 10916 10945
f 10945 10916 10946
f 10916 10917 10946
f 10946 10917 10947
f 10917 10918 10947
f 10947 10918 10948
f 10918 10919 10948
f 10948 10919 10949
f 10919 10920 10949
f 10949 10920 10950
f 10920 10921 10950
f 10950 10921 10951
f 10921 10922 10951
f 10951 10922 10952
f 10922 10923 10952
f 10952 10923 10953
f 10923 10924 10953
f 10953 10924 10954
f 10924 10925 10954
f 10954 10925 10955
f 10925 10926 10955
f 10955 10926 10956
f 10926 10927 10956
f 10956 10927 10957
f 10927 10928 10957
f 10957 10928 10958
f 10928 10929 10958
f 10959 10930 10960
f 10930 10931 10960
f 10960 10931 10961
f 10931 10932 10961
f 10961 10932 10962
f 10932 10933 10962
f 10962 10933 10963
f 10933 10934 10963
f 10963 10934 10964
f 10934 10935 10964
f 10964 10935 10965
f 10935 10936 10965
f 10965 10936 10966
f 10936 10937 10966
f 10966 10937 10967
f 10937 10938 10967
f 10967 10938 10968
f 10938 10939 10968
f 10968 10939 10969
f 10939 10940 10969
f 10969 10940 10970
f 10940 10941 10970
f 10970 10941 10971
f 10941 10942 10971
f 10971 10942 10972
f 10942 10943 10972
f 10972 10943 10973
f 10943 10944 10973
f 10973 10944 10974
f 10944 10945 10974
f 10974 10945 10975
f 10945 10946 10975
f 10975 10946 10976
f 10946 10947 10976
f 10976 10947 10977
f 10947 10948 10977
f 10977 10948 10978
f 10948 10949 10978
f 10978 10949 10979
f 10949 10950 10979
f 10979 10950 10980
f 10950 10951 10980
f 10980 10951 10981
f 10951 10952 10981
f 10981 10952 10982
f 10952 10953 10982
f 10982 10953 10983
f 10953 10954 10983
f 10983 10954 10984
f 10954 10955 10984
f 10984 10955 10985
f 10955 10956 10985
f 10985 10956 10986
f 10956 10957 10986
f 10986 10957 10987
f 10957 10958 10987
f 10988 10959 10989
f 10959 10960 10989
f 10989 10960 10990
f 10960 10961 10990
f 10990 10961 10991
f 10961 10962 10991
f 10991 10962 10992
f 10962 10963 10992
f 10992 10963 10993
f 10963 10964 10993
f 10993 10964 10994
f 10964 10965 10994
f 10994 10965 10995
f 10965 10966 10995
f 10995 10966 10996
f 10966 10967 10996
f 10996 10967 10997
f 10967 10968 10997
f 10997 10968 10998
f 10968 10969 10998
f 10998 10969 10999
f 10969 10970 10999
f 10999 10970 11000
f 10970 10971 11000
f 11000 10971 11001
f 10971 10972 11001
f 11001 10972 11002
f 10972 10973 11002
f 11002 10973 11003
f 10973 10974 11003
f 11003 10974 11004
f 10974 10975 11004
f 11004 10975 11005
f 10975 10976 11005
f 11005 10976 11006
f 10976 10977 11006
f 11006 10977 11007
f 10977 10978 11007
f 11007 10978 11008
f 10978 10979 11008
f 11008 10979 11009
f 10979 10980 11009
f 11009 10980 11010
f 10980 10981 11010
f 11010 10981 11011
f 10981 10982 11011
f 11011 10982 11012
f 10982 10983 11012
f 11012 10983 11013
f 10983 10984 11013
f 11013 10984 11014
f 10984 10985 11014
f 11014 10985 11015
f 10985 10986 11015
f 11015 10986 11016
f 10986 10987 11016
f 11017 10988 11018
f 10988 10989 11018
f 11018 10989 11019
f 10989 10990 11019
f 11019 10990 11020
f 10990 10991 11020
f 11020 10991 11021
f 10991 10992 11021
f 11021 10992 11022
f 10992 10993 11022
f 11022 10993 11023
f 10993 10994 11023
f 11023 10994 11024
f 10994 10995 11024
f 11024 10995 11025
f 10995 10996 11025
f 11025 10996 11026
f 10996 10997 11026
f 11026 10997 11027
f 10997 10998 11027
f 11027 10998 11028
f 10998 10999 11028
f 11028 10999 11029
f 10999 11000 11029
f 11029 11000 11030
f 11000 11001 11030
f 11030 11001 11031
f 11001 11002 11031
f 11031 11002 11032
f 11002 11003 11032
f 11032 11003 11033
f 11003 11004 11033
f 11033 11004 11034
f 11004 11005 11034
f 11034 11005 11035
f 11005 11006 11035
f 11035 11006 11036
f 11006 11007 11036
f 11036 11007 11037
f 11007 11008 11037
f 11037 11008 11038
f 11008 11009 11038
f 11038 11009 11039
f 11009 11010 11039
f 11039 11010 11040
f 11010 11011 11040
f 11040 11011 11041
f 11011 11012 11041
f 11041 11012 11042
f 11012 11013 11042
f 11042 11013 11043
f 11013 11014 11043
f 11043 11014 11044
f 11014 11015 11044
f 11044 11015 11045
f 11015 11016 11045
f 11046 11017 11047
f 11017 11018 11047
f 11047 11018 11048
f 11018 11019 11048
f 11048 11019 11049
f 11019 11020 11049
f 11049 11020 11050
f 11020 11021 11050
f 11050 11021 11051
f 11021 11022 11051
f 11051 11022 11052
f 11022 11023 11052
f 11052 11023 11053
f 11023 11024 11053
f 11053 11024 11054
f 11024 11025 11054
f 11054 11025 11055
f 11025 11026 11055
f 11055 11026 11056
f 11026 11027 11056
f 11056 11027 11057
f 11027 11028 11057
f 11057 11028 11058
f 11028 11029 11058
f 11058 11029 11059
f 11029 11030 11059
f 11059 11030 11060
f 11030 11031 11060
f 11060 11031 11061
f 11031 11032 11061
f 11061 11032 11062
f 11032 11033 11062
f 11062 11033 11063
f 11033 11034 11063
f 11063 11034 11064
f 11034 11035 11064
f 11064 11035 11065
f 11035 11036 11065
f 11065 11036 11066
f 11036 11037 11066
f 11066 11037 11067
f 11037 11038 11067
f 11067 11038 11068
f 11038 11039 11068
f 11068 11039 11069
f 11039 11040 11069
f 11069 11040 11070
f 11040 11041 11070
f 11070 11041 11071
f 11041 11042 11071
f 11071 11042 11072
f 11042 11043 11072
f 11072 11043 11073
f 11043 11044 11073
f 11073 11044 11074
f 11044 11045 11074
f 11075 11046 11076
f 11046 11047 11076
f 11076 11047 11077
f 11047 11048 11077
f 11077 11048 11078
f 11048 11049 11078
f 11078 11049 11079
f 11049 11050 11079
f 11079 11050 11080
f 11050 11051 11080
f 11080 11051 11081
f 11051 11052 11081
f 11081 11052 11082
f 11052 11053 11082
f 11082 11053 11083
f 11053 11054 11083
f 11083 11054 11084
f 11054 11055 11084
f 11084 11055 11085
f 11055 11056 11085
f 11085 11056 11086
f 11056 11057 11086
f 11086 11057 11087
f 11057 11058 11087
f 11087 11058 11088
f 11058 11059 11088
f 11088 11059 11089
f 11059 11060 11089
f 11089 11060 11090
f 11060 11061 11090
f 11090 11061 11091
f 11061 11062 11091
f 11091 11062 11092
f 11062 11063 11092
f 11092 11063 11093
f 11063 11064 11093
f 11093 11064 11094
f 11064 11065 11094
f 11094 11065 11095
f 11065 11066 11095
f 11095 11066 11096
f 11066 11067 11096
f 11096 11067 11097
f 11067 11068 11097
f 11097 11068 11098
f 11068 11069 11098
f 11098 11069 11099
f 11069 11070 11099
f 11099 11070 11100
f 11070 11071 11100
f 11100 11071 11101
f 11071 11072 11101
f 11101 11072 11102
f 11072 11073 11102
f 11102 11073 11103
f 11073 11074 11103
f 11104 11075 11105
f 11075 11076 11105
f 11105 11076 11106
f 11076 11077 11106
f 11106 11077 11107
f 11077 11078 11107
f 11107 11078 11108
f 11078 11079 11108
f 11108 11079 11109
f 11079 11080 11109
f 11109 11080 11110
f 11080 11081 11110
f 11110 11081 11111
f 11081 11082 11111
f 11111 11082 11112
f 11082 11083 11112
f 11112 11083 11113
f 11083 11084 11113
f 11113 11084 11114
f 11084 11085 11114
f 11114 11085 11115
f 11085 11086 11115
f 11115 11086 11116
f 11086 11087 11116
f 11116 11087 11117
f 11087 11088 11117
f 11117 11088 11118
f 11088 11089 11118
f 11118 11089 11119
f 11089 11090 11119
f 11119 11090 11120
f 11090 11091 11120
f 11120 11091 11121
f 11091 11092 11121
f 11121 11092 11122
f 11092 11093 11122
f 11122 11093 11123
f 11093 11094 11123
f 11123 11094 11124
f 11094 11095 11124
f 11124 11095 11125
f 11095 11096 11125
f 11125 11096 11126
f 11096 11097 11126
f 11126 11097 11127
f 11097 11098 11127
f 11127 11098 11128
f 11098 11099 11128
f 11128 11099 11129
f 11099 11100 11129
f 11129 11100 11130
f 11100 11101 11130
f 11130 11101 11131
f 11101 11102 11131
f 11131 11102 11132
f 11102 11103 11132
f 11133 11104 11134
f 11104 11105 11134
f 11134 11105 11135
f 11105 11106 11135
f 11135 11106 11136
f 11106 11107 11136
f 11136 11107 11137
f 11107 11108 11137
f 11137 11108 11138
f 11108 11109 11138
f 11138 11109 11139
f 11109 11110 11139
f 11139 11110 11140
f 11110 11111 11140
f 11140 11111 11141
f 11111 11112 11141
f 11141 11112 11142
f 11112 11113 11142
f 11142 11113 11143
f 11113 11114 11143
f 11143 11114 11144
f 11114 11115 11144
f 11144 11115 11145
f 11115 11116 11145
f 11145 11116 11146
f 11116 11117 11146
f 11146 11117 11147
f 11117 11118 11147
f 11147 11118 11148
f 11118 11119 11148
f 11148 11119 11149
f 11119 11120 11149
f 11149 11120 11150
f 11120 11121 11150
f 11150 11121 11151
f 11121 11122 11151
f 11151 11122 11152
f 11122 11123 11152
f 11152 11123 11153
f 11123 11124 11153
f 11153 11124 11154
f 11124 11125 11154
f 11154 11125 11155
f 11125 11126 11155
f 11155 11126 11156
f 11126 11127 11156
f 11156 11127 11157
f 11127 11128 11157
f 11157 11128 11158
f 11128 11129 11158
f 11158 11129 11159
f 11129 11130 11159
f 11159 11130 11160
f 11130 11131 11160
f 11160 11131 11161
f 11131 11132 11161
v -0.88500 0.30000 -1.75000
v -0.82342 0.30000 -1.74654
v -0.76261 0.30000 -1.73621
v -0.70335 0.30000 -1.71914
v -0.64636 0.30000 -1.69553
v -0.59238 0.30000 -1.66570
v -0.54208 0.30000 -1.63001
v -0.49609 0.30000 -1.58891
v -0.45499 0.30000 -1.54292
v -0.41930 0.30000 -1.49262
v -0.38947 0.30000 -1.43864
v -0.36586 0.30000 -1.38165
v -0.34879 0.30000 -1.32239
v -0.33846 0.30000 -1.26158
v -0.33500 0.30000 -1.20000
v -0.33846 0.30000 -1.13842
v -0.34879 0.30000 -1.07761
v -0.36586 0.30000 -1.01835
v -0.38947 0.30000 -0.96136
v -0.41930 0.30000 -0.90738
v -0.45499 0.30000 -0.85708
v -0.49609 0.30000 -0.81109
v -0.54208 0.30000 -0.76999
v -0.59238 0.30000 -0.73430
v -0.64636 0.30000 -0.70447
v -0.70335 0.30000 -0.68086
v -0.76261 0.30000 -0.66379
v -0.82342 0.30000 -0.65346
v -0.88500 0.30000 -0.65000
v -0.88500 0.27061 -1.74045
v -0.82449 0.27061 -1.73705
v -0.76474 0.27061 -1.72690
v -0.70650 0.27061 -1.71012
v -0.65051 0.27061 -1.68693
v -0.59746 0.27061 -1.65761
v -0.54803 0.27061 -1.62254
v -0.50284 0.27061 -1.58216
v -0.46246 0.27061 -1.53697
v -0.42739 0.27061 -1.48754
v -0.39807 0.27061 -1.43449
v -0.37488 0.27061 -1.37850
v -0.35810 0.27061 -1.32026
v -0.34795 0.27061 -1.26051
v -0.34455 0.27061 -1.20000
v -0.34795 0.27061 -1.13949
v -0.35810 0.27061 -1.07974
v -0.37488 0.27061 -1.02150
v -0.39807 0.27061 -0.96551
v -0.42739 0.27061 -0.91246
v -0.46246 0.27061 -0.86303
v -0.50284 0.27061 -0.81784
v -0.54803 0.27061 -0.77746
v -0.59746 0.27061 -0.74239
v -0.65051 0.27061 -0.71307
v -0.70650 0.27061 -0.68988
v -0.76474 0.27061 -0.67310
v -0.82449 0.27061 -0.66295
v -0.88500 0.27061 -0.65955
v -0.88500 0.25245 -1.71545
v -0.82729 0.25245 -1.71221
v -0.77030 0.25245 -1.70253
v -0.71476 0.25245 -1.68653
v -0.66135 0.25245 -1.66441
v -0.61076 0.25245 -1.63644
v -0.56362 0.25245 -1.60300
v -0.52052 0.25245 -1.56448
v -0.48200 0.25245 -1.52138
v -0.44856 0.25245 -1.47424
v -0.42059 0.25245 -1.42365
v -0.39847 0.25245 -1.37024
v -0.38247 0.25245 -1.31470
v -0.37279 0.25245 -1.25771
v -0.36955 0.25245 -1.20000
v -0.37279 0.25245 -1.14229
v -0.38247 0.25245 -1.08530
v -0.39847 0.25245 -1.02976
v -0.42059 0.25245 -0.97635
v -0.44856 0.25245 -0.92576
v -0.48200 0.25245 -0.87862
v -0.52052 0.25245 -0.83552
v -0.56362 0.25245 -0.79700
v -0.61076 0.25245 -0.76356
v -0.66135 0.25245 -0.73559
v -0.71476 0.25245 -0.71347
v -0.77030 0.25245 -0.69747
v -0.82729 0.25245 -0.68779
v -0.88500 0.25245 -0.68455
v -0.88500 0.25245 -1.68455
v -0.83075 0.25245 -1.68150
v -0.77718 0.25245 -1.67240
v -0.72496 0.25245 -1.65736
v -0.67476 0.25245 -1.63656
v -0.62720 0.25245 -1.61028
v -0.58289 0.25245 -1.57884
v -0.54237 0.25245 -1.54263
v -0.50616 0.25245 -1.50211
v -0.47472 0.25245 -1.45780
v -0.44844 0.25245 -1.41024
v -0.42764 0.25245 -1.36004
v -0.41260 0.25245 -1.30782
v -0.40350 0.25245 -1.25425
v -0.40045 0.25245 -1.20000
v -0.40350 0.25245 -1.14575
v -0.41260 0.25245 -1.09218
v -0.42764 0.25245 -1.03996
v -0.44844 0.25245 -0.98976
v -0.47472 0.25245 -0.94220
v -0.50616 0.25245 -0.89789
v -0.54237 0.25245 -0.85737
v -0.58289 0.25245 -0.82116
v -0.62720 0.25245 -0.78972
v -0.67476 0.25245 -0.76344
v -0.72496 0.25245 -0.74264
v -0.77718 0.25245 -0.72760
v -0.83075 0.25245 -0.71850
v -0.88500 0.25245 -0.71545
v -0.88500 0.27061 -1.65955
v -0.83355 0.27061 -1.65666
v -0.78274 0.27061 -1.64803
v -0.73322 0.27061 -1.63376
v -0.68561 0.27061 -1.61404
v -0.64051 0.27061 -1.58911
v -0.59848 0.27061 -1.55929
v -0.56005 0.27061 -1.52495
v -0.52571 0.27061 -1.48652
v -0.49589 0.27061 -1.44449
v -0.47096 0.27061 -1.39939
v -0.45124 0.27061 -1.35178
v -0.43697 0.27061 -1.30226
v -0.42834 0.27061 -1.25145
v -0.42545 0.27061 -1.20000
v -0.42834 0.27061 -1.14855
v -0.43697 0.27061 -1.09774
v -0.45124 0.27061 -1.04822
v -0.47096 0.27061 -1.00061
v -0.49589 0.27061 -0.95551
v -0.52571 0.27061 -0.91348
v -0.56005 0.27061 -0.87505
v -0.59848 0.27061 -0.84071
v -0.64051 0.27061 -0.81089
v -0.68561 0.27061 -0.78596
v -0.73322 0.27061 -0.76624
v -0.78274 0.27061 -0.75197
v -0.83355 0.27061 -0.74334
v -0.88500 0.27061 -0.74045
v -0.88500 0.30000 -1.65000
v -0.83462 0.30000 -1.64717
v -0.78487 0.30000 -1.63872
v -0.73637 0.30000 -1.62475
v -0.68975 0.30000 -1.60544
v -0.64559 0.30000 -1.58103
v -0.60443 0.30000 -1.55182
v -0.56680 0.30000 -1.51820
v -0.53318 0.30000 -1.48057
v -0.50397 0.30000 -1.43941
v -0.47956 0.30000 -1.39525
v -0.46025 0.30000 -1.34863
v -0.44628 0.30000 -1.30013
v -0.43783 0.30000 -1.25038
v -0.43500 0.30000 -1.20000
v -0.43783 0.30000 -1.14962
v -0.44628 0.30000 -1.09987
v -0.46025 0.30000 -1.05137
v -0.47956 0.30000 -1.00475
v -0.50397 0.30000 -0.96059
v -0.53318 0.30000 -0.91943
v -0.56680 0.30000 -0.88180
v -0.60443 0.30000 -0.84818
v -0.64559 0.30000 -0.81897
v -0.68975 0.30000 -0.79456
v -0.73637 0.30000 -0.77525
v -0.78487 0.30000 -0.76128
v -0.83462 0.30000 -0.75283
v -0.88500 0.30000 -0.75000
v -0.88500 0.32939 -1.65955
v -0.83355 0.32939 -1.65666
v -0.78274 0.32939 -1.64803
v -0.73322 0.32939 -1.63376
v -0.68561 0.32939 -1.61404
v -0.64051 0.32939 -1.58911
v -0.59848 0.32939 -1.55929
v -0.56005 0.32939 -1.52495
v -0.52571 0.32939 -1.48652
v -0.49589 0.32939 -1.44449
v -0.47096 0.32939 -1.39939
v -0.45124 0.32939 -1.35178
v -0.43697 0.32939 -1.30226
v -0.42834 0.32939 -1.25145
v -0.42545 0.32939 -1.20000
v -0.42834 0.32939 -1.14855
v -0.43697 0.32939 -1.09774
v -0.45124 0.32939 -1.04822
v -0.47096 0.32939 -1.00061
v -0.49589 0.32939 -0.95551
v -0.52571 0.32939 -0.91348
v -0.56005 0.32939 -0.87505
v -0.59848 0.32939 -0.84071
v -0.64051 0.32939 -0.81089
v -0.68561 0.32939 -0.78596
v -0.73322 0.32939 -0.76624
v -0.78274 0.32939 -0.75197
v -0.83355 0.32939 -0.74334
v -0.88500 0.32939 -0.74045
v -0.88500 0.34755 -1.68455
v -0.83075 0.34755 -1.68150
v -0.77718 0.34755 -1.67240
v -0.72496 0.34755 -1.65736
v -0.67476 0.34755 -1.63656
v -0.62720 0.34755 -1.61028
v -0.58289 0.34755 -1.57884
v -0.54237 0.34755 -1.54263
v -0.50616 0.34755 -1.50211
v -0.47472 0.34755 -1.45780
v -0.44844 0.34755 -1.41024
v -0.42764 0.34755 -1.36004
v -0.41260 0.34755 -1.30782
v -0.40350 0.34755 -1.25425
v -0.40045 0.34755 -1.20000
v -0.40350 0.34755 -1.14575
v -0.41260 0.34755 -1.09218
v -0.42764 0.34755 -1.03996
v -0.44844 0.34755 -0.98976
v -0.47472 0.34755 -0.94220
v -0.50616 0.34755 -0.89789
v -0.54237 0.34755 -0.85737
v -0.58289 0.34755 -0.82116
v -0.62720 0.34755 -0.78972
v -0.67476 0.34755 -0.76344
v -0.72496 0.34755 -0.74264
v -0.77718 0.34755 -0.72760
v -0.83075 0.34755 -0.71850
v -0.88500 0.34755 -0.71545
v -0.88500 0.34755 -1.71545
v -0.82729 0.34755 -1.71221
v -0.77030 0.34755 -1.70253
v -0.71476 0.34755 -1.68653
v -0.66135 0.34755 -1.66441
v -0.61076 0.34755 -1.63644
v -0.56362 0.34755 -1.60300
v -0.52052 0.34755 -1.56448
v -0.48200 0.34755 -1.52138
v -0.44856 0.34755 -1.47424
v -0.42059 0.34755 -1.42365
v -0.39847 0.34755 -1.37024
v -0.38247 0.34755 -1.31470
v -0.37279 0.34755 -1.25771
v -0.36955 0.34755 -1.20000
v -0.37279 0.34755 -1.14229
v -0.38247 0.34755 -1.08530
v -0.39847 0.34755 -1.02976
v -0.42059 0.34755 -0.97635
v -0.44856 0.34755 -0.92576
v -0.48200 0.34755 -0.87862
v -0.52052 0.34755 -0.83552
v -0.56362 0.34755 -0.79700
v -0.61076 0.34755 -0.76356
v -0.66135 0.34755 -0.73559
v -0.71476 0.34755 -0.71347
v -0.77030 0.34755 -0.69747
v -0.82729 0.34755 -0.68779
v -0.88500 0.34755 -0.68455
v -0.88500 0.32939 -1.74045
v -0.82449 0.32939 -1.73705
v -0.76474 0.32939 -1.72690
v -0.70650 0.32939 -1.71012
v -0.65051 0.32939 -1.68693
v -0.59746 0.32939 -1.65761
v -0.54803 0.32939 -1.62254
v -0.50284 0.32939 -1.58216
v -0.46246 0.32939 -1.53697
v -0.42739 0.32939 -1.48754
v -0.39807 0.32939 -1.43449
v -0.37488 0.32939 -1.37850
v -0.35810 0.32939 -1.32026
v -0.34795 0.32939 -1.26051
v -0.34455 0.32939 -1.20000
v -0.34795 0.32939 -1.13949
v -0.35810 0.32939 -1.07974
v -0.37488 0.32939 -1.02150
v -0.39807 0.32939 -0.96551
v -0.42739 0.32939 -0.91246
v -0.46246 0.32939 -0.86303
v -0.50284 0.32939 -0.81784
v -0.54803 0.32939 -0.77746
v -0.59746 0.32939 -0.74239
v -0.65051 0.32939 -0.71307
v -0.70650 0.32939 -0.68988
v -0.76474 0.32939 -0.67310
v -0.82449 0.32939 -0.66295
v -0.88500 0.32939 -0.65955
v -0.88500 0.30000 -1.75000
v -0.82342 0.30000 -1.74654
v -0.76261 0.30000 -1.73621
v -0.70335 0.30000 -1.71914
v -0.64636 0.30000 -1.69553
v -0.59238 0.30000 -1.66570
v -0.54208 0.30000 -1.63001
v -0.49609 0.30000 -1.58891
v -0.45499 0.30000 -1.54292
v -0.41930 0.30000 -1.49262
v -0.38947 0.30000 -1.43864
v -0.36586 0.30000 -1.38165
v -0.34879 0.30000 -1.32239
v -0.33846 0.30000 -1.26158
v -0.33500 0.30000 -1.20000
v -0.33846 0.30000 -1.13842
v -0.34879 0.30000 -1.07761
v -0.36586 0.30000 -1.01835
v -0.38947 0.30000 -0.96136
v -0.41930 0.30000 -0.90738
v -0.45499 0.30000 -0.85708
v -0.49609 0.30000 -0.81109
v -0.54208 0.30000 -0.76999
v -0.59238 0.30000 -0.73430
v -0.64636 0.30000 -0.70447
v -0.70335 0.30000 -0.68086
v -0.76261 0.30000 -0.66379
v -0.82342 0.30000 -0.65346
v -0.88500 0.30000 -0.65000
f 11191 11162 11192
f 11162 11163 11192
f 11192 11163 11193
f 11163 11164 11193
f 11193 11164 11194
f 11164 11165 11194
f 11194 11165 11195
f 11165 11166 11195
f 11195 11166 11196
f 11166 11167 11196
f 11196 11167 11197
f 11167 11168 11197
f 11197 11168 11198
f 11168 11169 11198
f 11198 11169 11199
f 11169 11170 11199
f 11199 11170 11200
f 11170 11171 11200
f 11200 11171 11201
f 11171 11172 11201
f 11201 11172 11202
f 11172 11173 11202
f 11202 11173 11203
f 11173 11174 11203
f 11203 11174 11204
f 11174 11175 11204
f 11204 11175 11205
f 11175 11176 11205
f 11205 11176 11206
f 11176 11177 11206
f 11206 11177 11207
f 11177 11178 11207
f 11207 11178 11208
f 11178 11179 11208
f 11208 11179 11209
f 11179 11180 11209
f 11209 11180 11210
f 11180 11181 11210
f 11210 11181 11211
f 11181 11182 11211
f 11211 11182 11212
f 11182 11183 11212
f 11212 11183 11213
f 11183 11184 11213
f 11213 11184 11214
f 11184 11185 11214
f 11214 11185 11215
f 11185 11186 11215
f 11215 11186 11216
f 11186 11187 11216
f 11216 11187 11217
f 11187 11188 11217
f 11217 11188 11218
f 11188 11189 11218
f 11218 11189 11219
f 11189 11190 11219
f 11220 11191 11221
f 11191 11192 11221
f 11221 11192 11222
f 11192 11193 11222
f 11222 11193 11223
f 11193 11194 11223
f 11223 11194 11224
f 11194 11195 11224
f 11224 11195 11225
f 11195 11196 11225
f 11225 11196 11226
f 11196 11197 11226
f 11226 11197 11227
f 11197 11198 11227
f 11227 11198 11228
f 11198 11199 11228
f 11228 11199 11229
f 11199 11200 11229
f 11229 11200 11230
f 11200 11201 11230
f 11230 11201 11231
f 11201 11202 11231
f 11231 11202 11232
f 11202 11203 11232
f 11232 11203 11233
f 11203 11204 11233
f 11233 11204 11234
f 11204 11205 11234
f 11234 11205 11235
f 11205 11206 11235
f 11235 11206 11236
f 11206 11207 11236
f 11236 11207 11237
f 11207 11208 11237
f 11237 11208 11238
f 11208 11209 11238
f 11238 11209 11239
f 11209 11210 11239
f 11239 11210 11240
f 11210 11211 11240
f 11240 11211 11241
f 11211 11212 11241
f 11241 11212 11242
f 11212 11213 11242
f 11242 11213 11243
f 11213 11214 11243
f 11243 11214 11244
f 11214 11215 11244
f 11244 11215 11245
f 11215 11216 11245
f 11245 11216 11246
f 11216 11217 11246
f 11246 11217 11247
f 11217 11218 11247
f 11247 11218 11248
f 11218 11219 11248
f 11249 11220 11250
f 11220 11221 11250
f 11250 11221 11251
f 11221 11222 11251
f 11251 11222 11252
f 11222 11223 11252
f 11252 11223 11253
f 11223 11224 11253
f 11253 11224 11254
f 11224 11225 11254
f 11254 11225 11255
f 11225 11226 11255
f 11255 11226 11256
f 11226 11227 11256
f 11256 11227 11257
f 11227 11228 11257
f 11257 11228 11258
f 11228 11229 11258
f 11258 11229 11259
f 11229 11230 11259
f 11259 11230 11260
f 11230 11231 11260
f 11260 11231 11261
f 11231 11232 11261
f 11261 11232 11262
f 11232 11233 11262
f 11262 11233 11263
f 11233 11234 11263
f 11263 11234 11264
f 11234 11235 11264
f 11264 11235 11265
f 11235 11236 11265
f 11265 11236 11266
f 11236 11237 11266
f 11266 11237 11267
f 11237 11238 11267
f 11267 11238 11268
f 11238 11239 11268
f 11268 11239 11269
f 11239 11240 11269
f 11269 11240 11270
f 11240 11241 11270
f 11270 11241 11271
f 11241 11242 11271
f 11271 11242 11272
f 11242 11243 11272
f 11272 11243 11273
f 11243 11244 11273
f 11273 11244 11274
f 11244 11245 11274
f 11274 11245 11275
f 11245 11246 11275
f 11275 11246 11276
f 11246 11247 11276
f 11276 11247 11277
f 11247 11248 11277
f 11278 11249 11279
f 11249 11250 11279
f 11279 11250 11280
f 11250 11251 11280
f 11280 11251 11281
f 11251 11252 11281
f 11281 11252 11282
f 11252 11253 11282
f 11282 11253 11283
f 11253 11254 11283
f 11283 11254 11284
f 11254 11255 11284
f 11284 11255 11285
f 11255 11256 11285
f 11285 11256 11286
f 11256 11257 11286
f 11286 11257 11287
f 11257 11258 11287
f 11287 11258 11288
f 11258 11259 11288
f 11288 11259 11289
f 11259 11260 11289
f 11289 11260 11290
f 11260 11261 11290
f 11290 11261 11291
f 11261 11262 11291
f 11291 11262 11292
f 11262 11263 11292
f 11292 11263 11293
f 11263 11264 11293
f 11293 11264 11294
f 11264 11265 11294
f 11294 11265 11295
f 11265 11266 11295
f 11295 11266 11296
f 11266 11267 11296
f 11296 11267 11297
f 11267 11268 11297
f 11297 11268 11298
f 11268 11269 11298
f 11298 11269 11299
f 11269 11270 11299
f 11299 11270 11300
f 11270 11271 11300
f 11300 11271 11301
f 11271 11272 11301
f 11301 11272 11302
f 11272 11273 11302
f 11302 11273 11303
f 11273 11274 11303
f 11303 11274 11304
f 11274 11275 11304
f 11304 11275 11305
f 11275 11276 11305
f 11305 11276 11306
f 11276 11277 11306
f 11307 11278 11308
f 11278 11279 11308
f 11308 11279 11309
f 11279 11280 11309
f 11309 11280 11310
f 11280 11281 11310
f 11310 11281 11311
f 11281 11282 11311
f 11311 11282 11312
f 11282 11283 11312
f 11312 11283 11313
f 11283 11284 11313
f 11313 11284 11314
f 11284 11285 11314
f 11314 11285 11315
f 11285 11286 11315
f 11315 11286 11316
f 11286 11287 11316
f 11316 11287 11317
f 11287 11288 11317
f 11317 11288 11318
f 11288 11289 11318
f 11318 11289 11319
f 11289 11290 11319
f 11319 11290 11320
f 11290 11291 11320
f 11320 11291 11321
f 11291 11292 11321
f 11321 11292 11322
f 11292 11293 11322
f 11322 11293 11323
f 11293 11294 11323
f 11323 11294 11324
f 11294 11295 11324
f 11324 11295 11325
f 11295 11296 11325
f 11325 11296 11326
f 11296 11297 11326
f 11326 11297 11327
f 11297 11298 11327
f 11327 11298 11328
f 11298 11299 11328
f 11328 11299 11329
f 11299 11300 11329
f 11329 11300 11330
f 11300 11301 11330
f 11330 11301 11331
f 11301 11302 11331
f 11331 11302 11332
f 11302 11303 11332
f 11332 11303 11333
f 11303 11304 11333
f 11333 11304 11334
f 11304 11305 11334
f 11334 11305 11335
f 11305 11306 11335
f 11336 11307 11337
f 11307 11308 11337
f 11337 11308 11338
f 11308 11309 11338
f 11338 11309 11339
f 11309 11310 11339
f 11339 11310 11340
f 11310 11311 11340
f 11340 11311 11341
f 11311 11312 11341
f 11341 11312 11342
f 11312 11313 11342
f 11342 11313 11343
f 11313 11314 11343
f 11343 11314 11344
f 11314 11315 11344
f 11344 11315 11345
f 11315 11316 11345
f 11345 11316 11346
f 11316 11317 11346
f 11346 11317 11347
f 11317 11318 11347
f 11347 11318 11348
f 11318 11319 11348
f 11348 11319 11349
f 11319 11320 11349
f 11349 11320 11350
f 11320 11321 11350
f 11350 11321 11351
f 11321 11322 11351
f 11351 11322 11352
f 11322 11323 11352
f 11352 11323 11353
f 11323 11324 11353
f 11353 11324 11354
f 11324 11325 11354
f 11354 11325 11355
f 11325 11326 11355
f 11355 11326 11356
f 11326 11327 11356
f 11356 11327 11357
f 11327 11328 11357
f 11357 11328 11358
f 11328 11329 11358
f 11358 11329 11359
f 11329 11330 11359
f 11359 11330 11360
f 11330 11331 11360
f 11360 11331 11361
f 11331 11332 11361
f 11361 11332 11362
f 11332 11333 11362
f 11362 11333 11363
f 11333 11334 11363
f 11363 11334 11364
f 11334 11335 11364
f 11365 11336 11366
f 11336 11337 11366
f 11366 11337 11367
f 11337 11338 11367
f 11367 11338 11368
f 11338 11339 11368
f 11368 11339 11369
f 11339 11340 11369
f 11369 11340 11370
f 11340 11341 11370
f 11370 11341 11371
f 11341 11342 11371
f 11371 11342 11372
f 11342 11343 11372
f 11372 11343 11373
f 11343 11344 11373
f 11373 11344 11374
f 11344 11345 11374
f 11374 11345 11375
f 11345 11346 11375
f 11375 11346 11376
f 11346 11347 11376
f 11376 11347 11377
f 11347 11348 11377
f 11377 11348 11378
f 11348 11349 11378
f 11378 11349 11379
f 11349 11350 11379
f 11379 11350 11380
f 11350 11351 11380
f 11380 11351 11381
f 11351 11352 11381
f 11381 11352 11382
f 11352 11353 11382
f 11382 11353 11383
f 11353 11354 11383
f 11383 11354 11384
f 11354 11355 11384
f 11384 11355 11385
f 11355 11356 11385
f 11385 11356 11386
f 11356 11357 11386
f 11386 11357 11387
f 11357 11358 11387
f 11387 11358 11388
f 11358 11359 11388
f 11388 11359 11389
f 11359 11360 11389
f 11389 11360 11390
f 11360 11361 11390
f 11390 11361 11391
f 11361 11362 11391
f 11391 11362 11392
f 11362 11363 11392
f 11392 11363 11393
f 11363 11364 11393
f 11394 11365 11395
f 11365 11366 11395
f 11395 11366 11396
f 11366 11367 11396
f 11396 11367 11397
f 11367 11368 11397
f 11397 11368 11398
f 11368 11369 11398
f 11398 11369 11399
f 11369 11370 11399
f 11399 11370 11400
f 11370 11371 11400
f 11400 11371 11401
f 11371 11372 11401
f 11401 11372 11402
f 11372 11373 11402
f 11402 11373 11403
f 11373 11374 11403
f 11403 11374 11404
f 11374 11375 11404
f 11404 11375 11405
f 11375 11376 11405
f 11405 11376 11406
f 11376 11377 11406
f 11406 11377 11407
f 11377 11378 11407
f 11407 11378 11408
f 11378 11379 11408
f 11408 11379 11409
f 11379 11380 11409
f 11409 11380 11410
f 11380 11381 11410
f 11410 11381 11411
f 11381 11382 11411
f 11411 11382 11412
f 11382 11383 11412
f 11412 11383 11413
f 11383 11384 11413
f 11413 11384 11414
f 11384 11385 11414
f 11414 11385 11415
f 11385 11386 11415
f 11415 11386 11416
f 11386 11387 11416
f 11416 11387 11417
f 11387 11388 11417
f 11417 11388 11418
f 11388 11389 11418
f 11418 11389 11419
f 11389 11390 11419
f 11419 11390 11420
f 11390 11391 11420
f 11420 11391 11421
f 11391 11392 11421
f 11421 11392 11422
f 11392 11393 11422
f 11423 11394 11424
f 11394 11395 11424
f 11424 11395 11425
f 11395 11396 11425
f 11425 11396 11426
f 11396 11397 11426
f 11426 11397 11427
f 11397 11398 11427
f 11427 11398 11428
f 11398 11399 11428
f 11428 11399 11429
f 11399 11400 11429
f 11429 11400 11430
f 11400 11401 11430
f 11430 11401 11431
f 11401 11402 11431
f 11431 11402 11432
f 11402 11403 11432
f 11432 11403 11433
f 11403 11404 11433
f 11433 11404 11434
f 11404 11405 11434
f 11434 11405 11435
f 11405 11406 11435
f 11435 11406 11436
f 11406 11407 11436
f 11436 11407 11437
f 11407 11408 11437
f 11437 11408 11438
f 11408 11409 11438
f 11438 11409 11439
f 11409 11410 11439
f 11439 11410 11440
f 11410 11411 11440
f 11440 11411 11441
f 11411 11412 11441
f 11441 11412 11442
f 11412 11413 11442
f 11442 11413 11443
f 11413 11414 11443
f 11443 11414 11444
f 11414 11415 11444
f 11444 11415 11445
f 11415 11416 11445
f 11445 11416 11446
f 11416 11417 11446
f 11446 11417 11447
f 11417 11418 11447
f 11447 11418 11448
f 11418 11419 11448
f 11448 11419 11449
f 11419 11420 11449
f 11449 11420 11450
f 11420 11421 11450
f 11450 11421 11451
f 11421 11422 11451
f 11452 11423 11453
f 11423 11424 11453
f 11453 11424 11454
f 11424 11425 11454
f 11454 11425 11455
f 11425 11426 11455
f 11455 11426 11456
f 11426 11427 11456
f 11456 11427 11457
f 11427 11428 11457
f 11457 11428 11458
f 11428 11429 11458
f 11458 11429 11459
f 11429 11430 11459
f 11459 11430 11460
f 11430 11431 11460
f 11460 11431 11461
f 11431 11432 11461
f 11461 11432 11462
f 11432 11433 11462
f 11462 11433 11463
f 11433 11434 11463
f 11463 11434 11464
f 11434 11435 11464
f 11464 11435 11465
f 11435 11436 11465
f 11465 11436 11466
f 11436 11437 11466
f 11466 11437 11467
f 11437 11438 11467
f 11467 11438 11468
f 11438 11439 11468
f 11468 11439 11469
f 11439 11440 11469
f 11469 11440 11470
f 11440 11441 11470
f 11470 11441 11471
f 11441 11442 11471
f 11471 11442 11472
f 11442 11443 11472
f 11472 11443 11473
f 11443 11444 11473
f 11473 11444 11474
f 11444 11445 11474
f 11474 11445 11475
f 11445 11446 11475
f 11475 11446 11476
f 11446 11447 11476
f 11476 11447 11477
f 11447 11448 11477
f 11477 11448 11478
f 11448 11449 11478
f 11478 11449 11479
f 11449 11450 11479
f 11479 11450 11480
f 11450 11451 11480
v 0.88500 0.30000 -0.65000
v 0.82342 0.30000 -0.65346
v 0.76261 0.30000 -0.66379
v 0.70335 0.30000 -0.68086
v 0.64636 0.30000 -0.70447
v 0.59238 0.30000 -0.73430
v 0.54208 0.30000 -0.76999
v 0.49609 0.30000 -0.81109
v 0.45499 0.30000 -0.85708
v 0.41930 0.30000 -0.90738
v 0.38947 0.30000 -0.96136
v 0.36586 0.30000 -1.01835
v 0.34879 0.30000 -1.07761
v 0.33846 0.30000 -1.13842
v 0.33500 0.30000 -1.20000
v 0.33846 0.30000 -1.26158
v 0.34879 0.30000 -1.32239
v 0.36586 0.30000 -1.38165
v 0.38947 0.30000 -1.43864
v 0.41930 0.30000 -1.49262
v 0.45499 0.30000 -1.54292
v 0.49609 0.30000 -1.58891
v 0.54208 0.30000 -1.63001
v 0.59238 0.30000 -1.66570
v 0.64636 0.30000 -1.69553
v 0.70335 0.30000 -1.71914
v 0.76261 0.30000 -1.73621
v 0.82342 0.30000 -1.74654
v 0.88500 0.30000 -1.75000
v 0.88500 0.27061 -0.65955
v 0.82449 0.27061 -0.66295
v 0.76474 0.27061 -0.67310
v 0.70650 0.27061 -0.68988
v 0.65051 0.27061 -0.71307
v 0.59746 0.27061 -0.74239
v 0.54803 0.27061 -0.77746
v 0.50284 0.27061 -0.81784
v 0.46246 0.27061 -0.86303
v 0.42739 0.27061 -0.91246
v 0.39807 0.27061 -0.96551
v 0.37488 0.27061 -1.02150
v 0.35810 0.27061 -1.07974
v 0.34795 0.27061 -1.13949
v 0.34455 0.27061 -1.20000
v 0.34795 0.27061 -1.26051
v 0.35810 0.27061 -1.32026
v 0.37488 0.27061 -1.37850
v 0.39807 0.27061 -1.43449
v 0.42739 0.27061 -1.48754
v 0.46246 0.27061 -1.53697
v 0.50284 0.27061 -1.58216
v 0.54803 0.27061 -1.62254
v 0.59746 0.27061 -1.65761
v 0.65051 0.27061 -1.68693
v 0.70650 0.27061 -1.71012
v 0.76474 0.27061 -1.72690
v 0.82449 0.27061 -1.73705
v 0.88500 0.27061 -1.74045
v 0.88500 0.25245 -0.68455
v 0.82729 0.25245 -0.68779
v 0.77030 0.25245 -0.69747
v 0.71476 0.25245 -0.71347
v 0.66135 0.25245 -0.73559
v 0.61076 0.25245 -0.76356
v 0.56362 0.25245 -0.79700
v 0.52052 0.25245 -0.83552
v 0.48200 0.25245 -0.87862
v 0.44856 0.25245 -0.92576
v 0.42059 0.25245 -0.97635
v 0.39847 0.25245 -1.02976
v 0.38247 0.25245 -1.08530
v 0.37279 0.25245 -1.14229
v 0.36955 0.25245 -1.20000
v 0.37279 0.25245 -1.25771
v 0.38247 0.25245 -1.31470
v 0.39847 0.25245 -1.37024
v 0.42059 0.25245 -1.42365
v 0.44856 0.25245 -1.47424
v 0.48200 0.25245 -1.52138
v 0.52052 0.25245 -1.56448
v 0.56362 0.25245 -1.60300
v 0.61076 0.25245 -1.63644
v 0.66135 0.25245 -1.66441
v 0.71476 0.25245 -1.68653
v 0.77030 0.25245 -1.70253
v 0.82729 0.25245 -1.71221
v 0.88500 0.25245 -1.71545
v 0.88500 0.25245 -0.71545
v 0.83075 0.25245 -0.71850
v 0.77718 0.25245 -0.72760
v 0.72496 0.25245 -0.74264
v 0.67476 0.25245 -0.76344
v 0.62720 0.25245 -0.78972
v 0.58289 0.25245 -0.82116
v 0.54237 0.25245 -0.85737
v 0.50616 0.25245 -0.89789
v 0.47472 0.25245 -0.94220
v 0.44844 0.25245 -0.98976
v 0.42764 0.25245 -1.03996
v 0.41260 0.25245 -1.09218
v 0.40350 0.25245 -1.14575
v 0.40045 0.25245 -1.20000
v 0.40350 0.25245 -1.25425
v 0.41260 0.25245 -1.30782
v 0.42764 0.25245 -1.36004
v 0.44844 0.25245 -1.41024
v 0.47472 0.25245 -1.45780
v 0.50616 0.25245 -1.50211
v 0.54237 0.25245 -1.54263
v 0.58289 0.25245 -1.57884
v 0.62720 0.25245 -1.61028
v 0.67476 0.25245 -1.63656
v 0.72496 0.25245 -1.65736
v 0.77718 0.25245 -1.67240
v 0.83075 0.25245 -1.68150
v 0.88500 0.25245 -1.68455
v 0.88500 0.27061 -0.74045
v 0.83355 0.27061 -0.74334
v 0.78274 0.27061 -0.75197
v 0.73322 0.27061 -0.76624
v 0.68561 0.27061 -0.78596
v 0.64051 0.27061 -0.81089
v 0.59848 0.27061 -0.84071
v 0.56005 0.27061 -0.87505
v 0.52571 0.27061 -0.91348
v 0.49589 0.27061 -0.95551
v 0.47096 0.27061 -1.00061
v 0.45124 0.27061 -1.04822
v 0.43697 0.27061 -1.09774
v 0.42834 0.27061 -1.14855
v 0.42545 0.27061 -1.20000
v 0.42834 0.27061 -1.25145
v 0.43697 0.27061 -1.30226
v 0.45124 0.27061 -1.35178
v 0.47096 0.27061 -1.39939
v 0.49589 0.27061 -1.44449
v 0.52571 0.27061 -1.48652
v 0.56005 0.27061 -1.52495
v 0.59848 0.27061 -1.55929
v 0.64051 0.27061 -1.58911
v 0.68561 0.27061 -1.61404
v 0.73322 0.27061 -1.63376
v 0.78274 0.27061 -1.64803
v 0.83355 0.27061 -1.65666
v 0.88500 0.27061 -1.65955
v 0.88500 0.30000 -0.75000
v 0.83462 0.30000 -0.75283
v 0.78487 0.30000 -0.76128
v 0.73637 0.30000 -0.77525
v 0.68975 0.30000 -0.79456
v 0.64559 0.30000 -0.81897
v 0.60443 0.30000 -0.84818
v 0.56680 0.30000 -0.88180
v 0.53318 0.30000 -0.91943
v 0.50397 0.30000 -0.96059
v 0.47956 0.30000 -1.00475
v 0.46025 0.30000 -1.05137
v 0.44628 0.30000 -1.09987
v 0.43783 0.30000 -1.14962
v 0.43500 0.30000 -1.20000
v 0.43783 0.30000 -1.25038
v 0.44628 0.30000 -1.30013
v 0.46025 0.30000 -1.34863
v 0.47956 0.30000 -1.39525
v 0.50397 0.30000 -1.43941
v 0.53318 0.30000 -1.48057
v 0.56680 0.30000 -1.51820
v 0.60443 0.30000 -1.55182
v 0.64559 0.30000 -1.58103
v 0.68975 0.30000 -1.60544
v 0.73637 0.30000 -1.62475
v 0.78487 0.30000 -1.63872
v 0.83462 0.30000 -1.64717
v 0.88500 0.30000 -1.65000
v 0.88500 0.32939 -0.74045
v 0.83355 0.32939 -0.74334
v 0.78274 0.32939 -0.75197
v 0.73322 0.32939 -0.76624
v 0.68561 0.32939 -0.78596
v 0.64051 0.32939 -0.81089
v 0.59848 0.32939 -0.84071
v 0.56005 0.32939 -0.87505
v 0.52571 0.32939 -0.91348
v 0.49589 0.32939 -0.95551
v 0.47096 0.32939 -1.00061
v 0.45124 0.32939 -1.04822
v 0.43697 0.32939 -1.09774
v 0.42834 0.32939 -1.14855
v 0.42545 0.32939 -1.20000
v 0.42834 0.32939 -1.25145
v 0.43697 0.32939 -1.30226
v 0.45124 0.32939 -1.35178
v 0.47096 0.32939 -1.39939
v 0.49589 0.32939 -1.44449
v 0.52571 0.32939 -1.48652
v 0.56005 0.32939 -1.52495
v 0.59848 0.32939 -1.55929
v 0.64051 0.32939 -1.58911
v 0.68561 0.32939 -1.61404
v 0.73322 0.32939 -1.63376
v 0.78274 0.32939 -1.64803
v 0.83355 0.32939 -1.65666
v 0.88500 0.32939 -1.65955
v 0.88500 0.34755 -0.71545
v 0.83075 0.34755 -0.71850
v 0.77718 0.34755 -0.72760
v 0.72496 0.34755 -0.74264
v 0.67476 0.34755 -0.76344
v 0.62720 0.34755 -0.78972
v 0.58289 0.34755 -0.82116
v 0.54237 0.34755 -0.85737
v 0.50616 0.34755 -0.89789
v 0.47472 0.34755 -0.94220
v 0.44844 0.34755 -0.98976
v 0.42764 0.34755 -1.03996
v 0.41260 0.34755 -1.09218
v 0.40350 0.34755 -1.14575
v 0.40045 0.34755 -1.20000
v 0.40350 0.34755 -1.25425
v 0.41260 0.34755 -1.30782
v 0.42764 0.34755 -1.36004
v 0.44844 0.34755 -1.41024
v 0.47472 0.34755 -1.45780
v 0.50616 0.34755 -1.50211
v 0.54237 0.34755 -1.54263
v 0.58289 0.34755 -1.57884
v 0.62720 0.34755 -1.61028
v 0.67476 0.34755 -1.63656
v 0.72496 0.34755 -1.65736
v 0.77718 0.34755 -1.67240
v 0.83075 0.34755 -1.68150
v 0.88500 0.34755 -1.68455
v 0.88500 0.34755 -0.68455
v 0.82729 0.34755 -0.68779
v 0.77030 0.34755 -0.69747
v 0.71476 0.34755 -0.71347
v 0.66135 0.34755 -0.73559
v 0.61076 0.34755 -0.76356
v 0.56362 0.34755 -0.79700
v 0.52052 0.34755 -0.83552
v 0.48200 0.34755 -0.87862
v 0.44856 0.34755 -0.92576
v 0.42059 0.34755 -0.97635
v 0.39847 0.34755 -1.02976
v 0.38247 0.34755 -1.08530
v 0.37279 0.34755 -1.14229
v 0.36955 0.34755 -1.20000
v 0.37279 0.34755 -1.25771
v 0.38247 0.34755 -1.31470
v 0.39847 0.34755 -1.37024
v 0.42059 0.34755 -1.42365
v 0.44856 0.34755 -1.47424
v 0.48200 0.34755 -1.52138
v 0.52052 0.34755 -1.56448
v 0.56362 0.34755 -1.60300
v 0.61076 0.34755 -1.63644
v 0.66135 0.34755 -1.66441
v 0.71476 0.34755 -1.68653
v 0.77030 0.34755 -1.70253
v 0.82729 0.34755 -1.71221
v 0.88500 0.34755 -1.71545
v 0.88500 0.32939 -0.65955
v 0.82449 0.32939 -0.66295
v 0.76474 0.32939 -0.67310
v 0.70650 0.32939 -0.68988
v 0.65051 0.32939 -0.71307
v 0.59746 0.32939 -0.74239
v 0.54803 0.32939 -0.77746
v 0.50284 0.32939 -0.81784
v 0.46246 0.32939 -0.86303
v 0.42739 0.32939 -0.91246
v 0.39807 0.32939 -0.96551
v 0.37488 0.32939 -1.02150
v 0.35810 0.32939 -1.07974
v 0.34795 0.32939 -1.13949
v 0.34455 0.32939 -1.20000
v 0.34795 0.32939 -1.26051
v 0.35810 0.32939 -1.32026
v 0.37488 0.32939 -1.37850
v 0.39807 0.32939 -1.43449
v 0.42739 0.32939 -1.48754
v 0.46246 0.32939 -1.53697
v 0.50284 0.32939 -1.58216
v 0.54803 0.32939 -1.62254
v 0.59746 0.32939 -1.65761
v 0.65051 0.32939 -1.68693
v 0.70650 0.32939 -1.71012
v 0.76474 0.32939 -1.72690
v 0.82449 0.32939 -1.73705
v 0.88500 0.32939 -1.74045
v 0.88500 0.30000 -0.65000
v 0.82342 0.30000 -0.65346
v 0.76261 0.30000 -0.66379
v 0.70335 0.30000 -0.68086
v 0.64636 0.30000 -0.70447
v 0.59238 0.30000 -0.73430
v 0.54208 0.30000 -0.76999
v 0.49609 0.30000 -0.81109
v 0.45499 0.30000 -0.85708
v 0.41930 0.30000 -0.90738
v 0.38947 0.30000 -0.96136
v 0.36586 0.30000 -1.01835
v 0.34879 0.30000 -1.07761
v 0.33846 0.30000 -1.13842
v 0.33500 0.30000 -1.20000
v 0.33846 0.30000 -1.26158
v 0.34879 0.30000 -1.32239
v 0.36586 0.30000 -1.38165
v 0.38947 0.30000 -1.43864
v 0.41930 0.30000 -1.49262
v 0.45499 0.30000 -1.54292
v 0.49609 0.30000 -1.58891
v 0.54208 0.30000 -1.63001
v 0.59238 0.30000 -1.66570
v 0.64636 0.30000 -1.69553
v 0.70335 0.30000 -1.71914
v 0.76261 0.30000 -1.73621
v 0.82342 0.30000 -1.74654
v 0.88500 0.30000 -1.75000
f 11510 11481 11511
f 11481 11482 11511
f 11511 11482 11512
f 11482 11483 11512
f 11512 11483 11513
f 11483 11484 11513
f 11513 11484 11514
f 11484 11485 11514
f 11514 11485 11515
f 11485 11486 11515
f 11515 11486 11516
f 11486 11487 11516
f 11516 11487 11517
f 11487 11488 11517
f 11517 11488 11518
f 11488 11489 11518
f 11518 11489 11519
f 11489 11490 11519
f 11519 11490 11520
f 11490 11491 11520
f 11520 11491 11521
f 11491 11492 11521
f 11521 11492 11522
f 11492 11493 11522
f 11522 11493 11523
f 11493 11494 11523
f 11523 11494 11524
f 11494 11495 11524
f 11524 11495 11525
f 11495 11496 11525
f 11525 11496 11526
f 11496 11497 11526
f 11526 11497 11527
f 11497 11498 11527
f 11527 11498 11528
f 11498 11499 11528
f 11528 11499 11529
f 11499 11500 11529
f 11529 11500 11530
f 11500 11501 11530
f 11530 11501 11531
f 11501 11502 11531
f 11531 11502 11532
f 11502 11503 11532
f 11532 11503 11533
f 11503 11504 11533
f 11533 11504 11534
f 11504 11505 11534
f 11534 11505 11535
f 11505 11506 11535
f 11535 11506 11536
f 11506 11507 11536
f 11536 11507 11537
f 11507 11508 11537
f 11537 11508 11538
f 11508 11509 11538
f 11539 11510 11540
f 11510 11511 11540
f 11540 11511 11541
f 11511 11512 11541
f 11541 11512 11542
f 11512 11513 11542
f 11542 11513 11543
f 11513 11514 11543
f 11543 11514 11544
f 11514 11515 11544
f 11544 11515 11545
f 11515 11516 11545
f 11545 11516 11546
f 11516 11517 11546
f 11546 11517 11547
f 11517 11518 11547
f 11547 11518 11548
f 11518 11519 11548
f 11548 11519 11549
f 11519 11520 11549
f 11549 11520 11550
f 11520 11521 11550
f 11550 11521 11551
f 11521 11522 11551
f 11551 11522 11552
f 11522 11523 11552
f 11552 11523 11553
f 11523 11524 11553
f 11553 11524 11554
f 11524 11525 11554
f 11554 11525 11555
f 11525 11526 11555
f 11555 11526 11556
f 11526 11527 11556
f 11556 11527 11557
f 11527 11528 11557
f 11557 11528 11558
f 11528 11529 11558
f 11558 11529 11559
f 11529 11530 11559
f 11559 11530 11560
f 11530 11531 11560
f 11560 11531 11561
f 11531 11532 11561
f 11561 11532 11562
f 11532 11533 11562
f 11562 11533 11563
f 11533 11534 11563
f 11563 11534 11564
f 11534 11535 11564
f 11564 11535 11565
f 11535 11536 11565
f 11565 11536 11566
f 11536 11537 11566
f 11566 11537 11567
f 11537 11538 11567
f 11568 11539 11569
f 11539 11540 11569
f 11569 11540 11570
f 11540 11541 11570
f 11570 11541 11571
f 11541 11542 11571
f 11571 11542 11572
f 11542 11543 11572
f 11572 11543 11573
f 11543 11544 11573
f 11573 11544 11574
f 11544 11545 11574
f 11574 11545 11575
f 11545 11546 11575
f 11575 11546 11576
f 11546 11547 11576
f 11576 11547 11577
f 11547 11548 11577
f 11577 11548 11578
f 11548 11549 11578
f 11578 11549 11579
f 11549 11550 11579
f 11579 11550 11580
f 11550 11551 11580
f 11580 11551 11581
f 11551 11552 11581
f 11581 11552 11582
f 11552 11553 11582
f 11582 11553 11583
f 11553 11554 11583
f 11583 11554 11584
f 11554 11555 11584
f 11584 11555 11585
f 11555 11556 11585
f 11585 11556 11586
f 11556 11557 11586
f 11586 11557 11587
f 11557 11558 11587
f 11587 11558 11588
f 11558 11559 11588
f 11588 11559 11589
f 11559 11560 11589
f 11589 11560 11590
f 11560 11561 11590
f 11590 11561 11591
f 11561 11562 11591
f 11591 11562 11592
f 11562 11563 11592
f 11592 11563 11593
f 11563 11564 11593
f 11593 11564 11594
f 11564 11565 11594
f 11594 11565 11595
f 11565 11566 11595
f 11595 11566 11596
f 11566 11567 11596
f 11597 11568 11598
f 11568 11569 11598
f 11598 11569 11599
f 11569 11570 11599
f 11599 11570 11600
f 11570 11571 11600
f 11600 11571 11601
f 11571 11572 11601
f 11601 11572 11602
f 11572 11573 11602
f 11602 11573 11603
f 11573 11574 11603
f 11603 11574 11604
f 11574 11575 11604
f 11604 11575 11605
f 11575 11576 11605
f 11605 11576 11606
f 11576 11577 11606
f 11606 11577 11607
f 11577 11578 11607
f 11607 11578 11608
f 11578 11579 11608
f 11608 11579 11609
f 11579 11580 11609
f 11609 11580 11610
f 11580 11581 11610
f 11610 11581 11611
f 11581 11582 11611
f 11611 11582 11612
f 11582 11583 11612
f 11612 11583 11613
f 11583 11584 11613
f 11613 11584 11614
f 11584 11585 11614
f 11614 11585 11615
f 11585 11586 11615
f 11615 11586 11616
f 11586 11587 11616
f 11616 11587 11617
f 11587 11588 11617
f 11617 11588 11618
f 11588 11589 11618
f 11618 11589 11619
f 11589 11590 11619
f 11619 11590 11620
f 11590 11591 11620
f 11620 11591 11621
f 11591 11592 11621
f 11621 11592 11622
f 11592 11593 11622
f 11622 11593 11623
f 11593 11594 11623
f 11623 11594 11624
f 11594 11595 11624
f 11624 11595 11625
f 11595 11596 11625
f 11626 11597 11627
f 11597 11598 11627
f 11627 11598 11628
f 11598 11599 11628
f 11628 11599 11629
f 11599 11600 11629
f 11629 11600 11630
f 11600 11601 11630
f 11630 11601 11631
f 11601 11602 11631
f 11631 11602 11632
f 11602 11603 11632
f 11632 11603 11633
f 11603 11604 11633
f 11633 11604 11634
f 11604 11605 11634
f 11634 11605 11635
f 11605 11606 11635
f 11635 11606 11636
f 11606 11607 11636
f 11636 11607 11637
f 11607 11608 11637
f 11637 11608 11638
f 11608 11609 11638
f 11638 11609 11639
f 11609 11610 11639
f 11639 11610 11640
f 11610 11611 11640
f 11640 11611 11641
f 11611 11612 11641
f 11641 11612 11642
f 11612 11613 11642
f 11642 11613 11643
f 11613 11614 11643
f 11643 11614 11644
f 11614 11615 11644
f 11644 11615 11645
f 11615 11616 11645
f 11645 11616 11646
f 11616 11617 11646
f 11646 11617 11647
f 11617 11618 11647
f 11647 11618 11648
f 11618 11619 11648
f 11648 11619 11649
f 11619 11620 11649
f 11649 11620 11650
f 11620 11621 11650
f 11650 11621 11651
f 11621 11622 11651
f 11651 11622 11652
f 11622 11623 11652
f 11652 11623 11653
f 11623 11624 11653
f 11653 11624 11654
f 11624 11625 11654
f 11655 11626 11656
f 11626 11627 11656
f 11656 11627 11657
f 11627 11628 11657
f 11657 11628 11658
f 11628 11629 11658
f 11658 11629 11659
f 11629 11630 11659
f 11659 11630 11660
f 11630 11631 11660
f 11660 11631 11661
f 11631 11632 11661
f 11661 11632 11662
f 11632 11633 11662
f 11662 11633 11663
f 11633 11634 11663
f 11663 11634 11664
f 11634 11635 11664
f 11664 11635 11665
f 11635 11636 11665
f 11665 11636 11666
f 11636 11637 11666
f 11666 11637 11667
f 11637 11638 11667
f 11667 11638 11668
f 11638 11639 11668
f 11668 11639 11669
f 11639 11640 11669
f 11669 11640 11670
f 11640 11641 11670
f 11670 11641 11671
f 11641 11642 11671
f 11671 11642 11672
f 11642 11643 11672
f 11672 11643 11673
f 11643 11644 11673
f 11673 11644 11674
f 11644 11645 11674
f 11674 11645 11675
f 11645 11646 11675
f 11675 11646 11676
f 11646 11647 11676
f 11676 11647 11677
f 11647 11648 11677
f 11677 11648 11678
f 11648 11649 11678
f 11678 11649 11679
f 11649 11650 11679
f 11679 11650 11680
f 11650 11651 11680
f 11680 11651 11681
f 11651 11652 11681
f 11681 11652 11682
f 11652 11653 11682
f 11682 11653 11683
f 11653 11654 11683
f 11684 11655 11685
f 11655 11656 11685
f 11685 11656 11686
f 11656 11657 11686
f 11686 11657 11687
f 11657 11658 11687
f 11687 11658 11688
f 11658 11659 11688
f 11688 11659 11689
f 11659 11660 11689
f 11689 11660 11690
f 11660 11661 11690
f 11690 11661 11691
f 11661 11662 11691
f 11691 11662 11692
f 11662 11663 11692
f 11692 11663 11693
f 11663 11664 11693
f 11693 11664 11694
f 11664 11665 11694
f 11694 11665 11695
f 11665 11666 11695
f 11695 11666 11696
f 11666 11667 11696
f 11696 11667 11697
f 11667 11668 11697
f 11697 11668 11698
f 11668 11669 11698
f 11698 11669 11699
f 11669 11670 11699
f 11699 11670 11700
f 11670 11671 11700
f 11700 11671 11701
f 11671 11672 11701
f 11701 11672 11702
f 11672 11673 11702
f 11702 11673 11703
f 11673 11674 11703
f 11703 11674 11704
f 11674 11675 11704
f 11704 11675 11705
f 11675 11676 11705
f 11705 11676 11706
f 11676 11677 11706
f 11706 11677 11707
f 11677 11678 11707
f 11707 11678 11708
f 11678 11679 11708
f 11708 11679 11709
f 11679 11680 11709
f 11709 11680 11710
f 11680 11681 11710
f 11710 11681 11711
f 11681 11682 11711
f 11711 11682 11712
f 11682 11683 11712
f 11713 11684 11714
f 11684 11685 11714
f 11714 11685 11715
f 11685 11686 11715
f 11715 11686 11716
f 11686 11687 11716
f 11716 11687 11717
f 11687 11688 11717
f 11717 11688 11718
f 11688 11689 11718
f 11718 11689 11719
f 11689 11690 11719
f 11719 11690 11720
f 11690 11691 11720
f 11720 11691 11721
f 11691 11692 11721
f 11721 11692 11722
f 11692 11693 11722
f 11722 11693 11723
f 11693 11694 11723
f 11723 11694 11724
f 11694 11695 11724
f 11724 11695 11725
f 11695 11696 11725
f 11725 11696 11726
f 11696 11697 11726
f 11726 11697 11727
f 11697 11698 11727
f 11727 11698 11728
f 11698 11699 11728
f 11728 11699 11729
f 11699 11700 11729
f 11729 11700 11730
f 11700 11701 11730
f 11730 11701 11731
f 11701 11702 11731
f 11731 11702 11732
f 11702 11703 11732
f 11732 11703 11733
f 11703 11704 11733
f 11733 11704 11734
f 11704 11705 11734
f 11734 11705 11735
f 11705 11706 11735
f 11735 11706 11736
f 11706 11707 11736
f 11736 11707 11737
f 11707 11708 11737
f 11737 11708 11738
f 11708 11709 11738
f 11738 11709 11739
f 11709 11710 11739
f 11739 11710 11740
f 11710 11711 11740
f 11740 11711 11741
f 11711 11712 11741
f 11742 11713 11743
f 11713 11714 11743
f 11743 11714 11744
f 11714 11715 11744
f 11744 11715 11745
f 11715 11716 11745
f 11745 11716 11746
f 11716 11717 11746
f 11746 11717 11747
f 11717 11718 11747
f 11747 11718 11748
f 11718 11719 11748
f 11748 11719 11749
f 11719 11720 11749
f 11749 11720 11750
f 11720 11721 11750
f 11750 11721 11751
f 11721 11722 11751
f 11751 11722 11752
f 11722 11723 11752
f 11752 11723 11753
f 11723 11724 11753
f 11753 11724 11754
f 11724 11725 11754
f 11754 11725 11755
f 11725 11726 11755
f 11755 11726 11756
f 11726 11727 11756
f 11756 11727 11757
f 11727 11728 11757
f 11757 11728 11758
f 11728 11729 11758
f 11758 11729 11759
f 11729 11730 11759
f 11759 11730 11760
f 11730 11731 11760
f 11760 11731 11761
f 11731 11732 11761
f 11761 11732 11762
f 11732 11733 11762
f 11762 11733 11763
f 11733 11734 11763
f 11763 11734 11764
f 11734 11735 11764
f 11764 11735 11765
f 11735 11736 11765
f 11765 11736 11766
f 11736 11737 11766
f 11766 11737 11767
f 11737 11738 11767
f 11767 11738 11768
f 11738 11739 11768
f 11768 11739 11769
f 11739 11740 11769
f 11769 11740 11770
f 11740 11741 11770
f 11771 11742 11772
f 11742 11743 11772
f 11772 11743 11773
f 11743 11744 11773
f 11773 11744 11774
f 11744 11745 11774
f 11774 11745 11775
f 11745 11746 11775
f 11775 11746 11776
f 11746 11747 11776
f 11776 11747 11777
f 11747 11748 11777
f 11777 11748 11778
f 11748 11749 11778
f 11778 11749 11779
f 11749 11750 11779
f 11779 11750 11780
f 11750 11751 11780
f 11780 11751 11781
f 11751 11752 11781
f 11781 11752 11782
f 11752 11753 11782
f 11782 11753 11783
f 11753 11754 11783
f 11783 11754 11784
f 11754 11755 11784
f 11784 11755 11785
f 11755 11756 11785
f 11785 11756 11786
f 11756 11757 11786
f 11786 11757 11787
f 11757 11758 11787
f 11787 11758 11788
f 11758 11759 11788
f 11788 11759 11789
f 11759 11760 11789
f 11789 11760 11790
f 11760 11761 11790
f 11790 11761 11791
f 11761 11762 11791
f 11791 11762 11792
f 11762 11763 11792
f 11792 11763 11793
f 11763 11764 11793
f 11793 11764 11794
f 11764 11765 11794
f 11794 11765 11795
f 11765 11766 11795
f 11795 11766 11796
f 11766 11767 11796
f 11796 11767 11797
f 11767 11768 11797
f 11797 11768 11798
f 11768 11769 11798
f 11798 11769 11799
f 11769 11770 11799
v -0.75000 0.44000 1.24000
v 0.75000 0.44000 1.24000
v -0.75000 0.28000 1.24000
v 0.75000 0.28000 1.24000
v 0.75000 0.44000 -0.70000
v -0.75000 0.44000 -0.70000
v 0.75000 0.28000 -0.70000
v -0.75000 0.28000 -0.70000
v 0.75000 0.44000 -0.70000
v 0.75000 0.44000 1.24000
v -0.75000 0.44000 -0.70000
v -0.75000 0.44000 1.24000
v -0.75000 0.28000 -0.70000
v -0.75000 0.28000 1.24000
v 0.75000 0.28000 -0.70000
v 0.75000 0.28000 1.24000
v -0.75000 0.44000 -0.70000
v -0.75000 0.44000 1.24000
v -0.75000 0.28000 -0.70000
v -0.75000 0.28000 1.24000
v 0.75000 0.44000 1.24000
v 0.75000 0.44000 -0.70000
v 0.75000 0.28000 1.24000
v 0.75000 0.28000 -0.70000
f 11800 11802 11801
f 11802 11803 11801
f 11804 11806 11805
f 11806 11807 11805
f 11808 11810 11809
f 11810 11811 11809
f 11812 11814 11813
f 11814 11815 11813
f 11816 11818 11817
f 11818 11819 11817
f 11820 11822 11821
f 11822 11823 11821
v -0.99250 0.11500 1.75000
v -0.99250 0.11872 1.79254
v -0.99250 0.12978 1.83379
v -0.99250 0.14782 1.87250
v -0.99250 0.17232 1.90748
v -0.99250 0.20252 1.93768
v -0.99250 0.23750 1.96218
v -0.99250 0.27621 1.98022
v -0.99250 0.31746 1.99128
v -0.99250 0.36000 1.99500
v -0.99250 0.40254 1.99128
v -0.99250 0.44379 1.98022
v -0.99250 0.48250 1.96218
v -0.99250 0.51748 1.93768
v -0.99250 0.54768 1.90748
v -0.99250 0.57218 1.87250
v -0.99250 0.59022 1.83379
v -0.99250 0.60128 1.79254
v -0.99250 0.60500 1.75000
v -0.99250 0.60128 1.70746
v -0.99250 0.59022 1.66621
v -0.99250 0.57218 1.62750
v -0.99250 0.54768 1.59252
v -0.99250 0.51748 1.56232
v -0.99250 0.48250 1.53782
v -0.99250 0.44379 1.51978
v -0.99250 0.40254 1.50872
v -0.99250 0.36000 1.50500
v -0.99250 0.31746 1.50872
v -0.99250 0.27621 1.51978
v -0.99250 0.23750 1.53782
v -0.99250 0.20252 1.56232
v -0.99250 0.17232 1.59252
v -0.99250 0.14782 1.62750
v -0.99250 0.12978 1.66621
v -0.99250 0.11872 1.70746
v -0.99250 0.11500 1.75000
v -0.72750 0.11500 1.75000
v -0.72750 0.11872 1.79254
v -0.72750 0.12978 1.83379
v -0.72750 0.14782 1.87250
v -0.72750 0.17232 1.90748
v -0.72750 0.20252 1.93768
v -0.72750 0.23750 1.96218
v -0.72750 0.27621 1.98022
v -0.72750 0.31746 1.99128
v -0.72750 0.36000 1.99500
v -0.72750 0.40254 1.99128
v -0.72750 0.44379 1.98022
v -0.72750 0.48250 1.96218
v -0.72750 0.51748 1.93768
v -0.72750 0.54768 1.90748
v -0.72750 0.57218 1.87250
v -0.72750 0.59022 1.83379
v -0.72750 0.60128 1.79254
v -0.72750 0.60500 1.75000
v -0.72750 0.60128 1.70746
v -0.72750 0.59022 1.66621
v -0.72750 0.57218 1.62750
v -0.72750 0.54768 1.59252
v -0.72750 0.51748 1.56232
v -0.72750 0.48250 1.53782
v -0.72750 0.44379 1.51978
v -0.72750 0.40254 1.50872
v -0.72750 0.36000 1.50500
v -0.72750 0.31746 1.50872
v -0.72750 0.27621 1.51978
v -0.72750 0.23750 1.53782
v -0.72750 0.20252 1.56232
v -0.72750 0.17232 1.59252
v -0.72750 0.14782 1.62750
v -0.72750 0.12978 1.66621
v -0.72750 0.11872 1.70746
v -0.72750 0.11500 1.75000
v -0.99250 0.36000 1.75000
v -0.99250 0.36000 1.75000
v -0.99250 0.36000 1.75000
v -0.99250 0.36000 1.75000
v -0.99250 0.36000 1.75000
v -0.99250 0.36000 1.75000
v -0.99250 0.36000 1.75000
v -0.99250 0.36000 1.75000
v -0.99250 0.36000 1.75000
v -0.99250 0.36000 1.75000
v -0.99250 0.36000 1.75000
v -0.99250 0.36000 1.75000
v -0.99250 0.36000 1.75000
v -0.99250 0.36000 1.75000
v -0.99250 0.36000 1.75000
v -0.99250 0.36000 1.75000
v -0.99250 0.36000 1.75000
v -0.99250 0.36000 1.75000
v -0.99250 0.36000 1.75000
v -0.99250 0.36000 1.75000
v -0.99250 0.36000 1.75000
v -0.99250 0.36000 1.75000
v -0.99250 0.36000 1.75000
v -0.99250 0.36000 1.75000
v -0.99250 0.36000 1.75000
v -0.99250 0.36000 1.75000
v -0.99250 0.36000 1.75000
v -0.99250 0.36000 1.75000
v -0.99250 0.36000 1.75000
v -0.99250 0.36000 1.75000
v -0.99250 0.36000 1.75000
v -0.99250 0.36000 1.75000
v -0.99250 0.36000 1.75000
v -0.99250 0.36000 1.75000
v -0.99250 0.36000 1.75000
v -0.99250 0.36000 1.75000
v -0.99250 0.11500 1.75000
v -0.99250 0.11872 1.79254
v -0.99250 0.12978 1.83379
v -0.99250 0.14782 1.87250
v -0.99250 0.17232 1.90748
v -0.99250 0.20252 1.93768
v -0.99250 0.23750 1.96218
v -0.99250 0.27621 1.98022
v -0.99250 0.31746 1.99128
v -0.99250 0.36000 1.99500
v -0.99250 0.40254 1.99128
v -0.99250 0.44379 1.98022
v -0.99250 0.48250 1.96218
v -0.99250 0.51748 1.93768
v -0.99250 0.54768 1.90748
v -0.99250 0.57218 1.87250
v -0.99250 0.59022 1.83379
v -0.99250 0.60128 1.79254
v -0.99250 0.60500 1.75000
v -0.99250 0.60128 1.70746
v -0.99250 0.59022 1.66621
v -0.99250 0.57218 1.62750
v -0.99250 0.54768 1.59252
v -0.99250 0.51748 1.56232
v -0.99250 0.48250 1.53782
v -0.99250 0.44379 1.51978
v -0.99250 0.40254 1.50872
v -0.99250 0.36000 1.50500
v -0.99250 0.31746 1.50872
v -0.99250 0.27621 1.51978
v -0.99250 0.23750 1.53782
v -0.99250 0.20252 1.56232
v -0.99250 0.17232 1.59252
v -0.99250 0.14782 1.62750
v -0.99250 0.12978 1.66621
v -0.99250 0.11872 1.70746
v -0.99250 0.11500 1.75000
v -0.72750 0.36000 1.75000
v -0.72750 0.36000 1.75000
v -0.72750 0.36000 1.75000
v -0.72750 0.36000 1.75000
v -0.72750 0.36000 1.75000
v -0.72750 0.36000 1.75000
v -0.72750 0.36000 1.75000
v -0.72750 0.36000 1.75000
v -0.72750 0.36000 1.75000
v -0.72750 0.36000 1.75000
v -0.72750 0.36000 1.75000
v -0.72750 0.36000 1.75000
v -0.72750 0.36000 1.75000
v -0.72750 0.36000 1.75000
v -0.72750 0.36000 1.75000
v -0.72750 0.36000 1.75000
v -0.72750 0.36000 1.75000
v -0.72750 0.36000 1.75000
v -0.72750 0.36000 1.75000
v -0.72750 0.36000 1.75000
v -0.72750 0.36000 1.75000
v -0.72750 0.36000 1.75000
v -0.72750 0.36000 1.75000
v -0.72750 0.36000 1.75000
v -0.72750 0.36000 1.75000
v -0.72750 0.36000 1.75000
v -0.72750 0.36000 1.75000
v -0.72750 0.36000 1.75000
v -0.72750 0.36000 1.75000
v -0.72750 0.36000 1.75000
v -0.72750 0.36000 1.75000
v -0.72750 0.36000 1.75000
v -0.72750 0.36000 1.75000
v -0.72750 0.36000 1.75000
v -0.72750 0.36000 1.75000
v -0.72750 0.36000 1.75000
v -0.72750 0.11500 1.75000
v -0.72750 0.11872 1.79254
v -0.72750 0.12978 1.83379
v -0.72750 0.14782 1.87250
v -0.72750 0.17232 1.90748
v -0.72750 0.20252 1.93768
v -0.72750 0.23750 1.96218
v -0.72750 0.27621 1.98022
v -0.72750 0.31746 1.99128
v -0.72750 0.36000 1.99500
v -0.72750 0.40254 1.99128
v -0.72750 0.44379 1.98022
v -0.72750 0.48250 1.96218
v -0.72750 0.51748 1.93768
v -0.72750 0.54768 1.90748
v -0.72750 0.57218 1.87250
v -0.72750 0.59022 1.83379
v -0.72750 0.60128 1.79254
v -0.72750 0.60500 1.75000
v -0.72750 0.60128 1.70746
v -0.72750 0.59022 1.66621
v -0.72750 0.57218 1.62750
v -0.72750 0.54768 1.59252
v -0.72750 0.51748 1.56232
v -0.72750 0.48250 1.53782
v -0.72750 0.44379 1.51978
v -0.72750 0.40254 1.50872
v -0.72750 0.36000 1.50500
v -0.72750 0.31746 1.50872
v -0.72750 0.27621 1.51978
v -0.72750 0.23750 1.53782
v -0.72750 0.20252 1.56232
v -0.72750 0.17232 1.59252
v -0.72750 0.14782 1.62750
v -0.72750 0.12978 1.66621
v -0.72750 0.11872 1.70746
v -0.72750 0.11500 1.75000
f 11824 11861 11825
f 11861 11862 11825
f 11825 11862 11826
f 11862 11863 11826
f 11826 11863 11827
f 11863 11864 11827
f 11827 11864 11828
f 11864 11865 11828
f 11828 11865 11829
f 11865 11866 11829
f 11829 11866 11830
f 11866 11867 11830
f 11830 11867 11831
f 11867 11868 11831
f 11831 11868 11832
f 11868 11869 11832
f 11832 11869 11833
f 11869 11870 11833
f 11833 11870 11834
f 11870 11871 11834
f 11834 11871 11835
f 11871 11872 11835
f 11835 11872 11836
f 11872 11873 11836
f 11836 11873 11837
f 11873 11874 11837
f 11837 11874 11838
f 11874 11875 11838
f 11838 11875 11839
f 11875 11876 11839
f 11839 11876 11840
f 11876 11877 11840
f 11840 11877 11841
f 11877 11878 11841
f 11841 11878 11842
f 11878 11879 11842
f 11842 11879 11843
f 11879 11880 11843
f 11843 11880 11844
f 11880 11881 11844
f 11844 11881 11845
f 11881 11882 11845
f 11845 11882 11846
f 11882 11883 11846
f 11846 11883 11847
f 11883 11884 11847
f 11847 11884 11848
f 11884 11885 11848
f 11848 11885 11849
f 11885 11886 11849
f 11849 11886 11850
f 11886 11887 11850
f 11850 11887 11851
f 11887 11888 11851
f 11851 11888 11852
f 11888 11889 11852
f 11852 11889 11853
f 11889 11890 11853
f 11853 11890 11854
f 11890 11891 11854
f 11854 11891 11855
f 11891 11892 11855
f 11855 11892 11856
f 11892 11893 11856
f 11856 11893 11857
f 11893 11894 11857
f 11857 11894 11858
f 11894 11895 11858
f 11858 11895 11859
f 11895 11896 11859
f 11859 11896 11860
f 11896 11897 11860
f 11934 11935 11898
f 11935 11936 11899
f 11936 11937 11900
f 11937 11938 11901
f 11938 11939 11902
f 11939 11940 11903
f 11940 11941 11904
f 11941 11942 11905
f 11942 11943 11906
f 11943 11944 11907
f 11944 11945 11908
f 11945 11946 11909
f 11946 11947 11910
f 11947 11948 11911
f 11948 11949 11912
f 11949 11950 11913
f 11950 11951 11914
f 11951 11952 11915
f 11952 11953 11916
f 11953 11954 11917
f 11954 11955 11918
f 11955 11956 11919
f 11956 11957 11920
f 11957 11958 11921
f 11958 11959 11922
f 11959 11960 11923
f 11960 11961 11924
f 11961 11962 11925
f 11962 11963 11926
f 11963 11964 11927
f 11964 11965 11928
f 11965 11966 11929
f 11966 11967 11930
f 11967 11968 11931
f 11968 11969 11932
f 11969 11970 11933
f 12008 12007 11971
f 12009 12008 11972
f 12010 12009 11973
f 12011 12010 11974
f 12012 12011 11975
f 12013 12012 11976
f 12014 12013 11977
f 12015 12014 11978
f 12016 12015 11979
f 12017 12016 11980
f 12018 12017 11981
f 12019 12018 11982
f 12020 12019 11983
f 12021 12020 11984
f 12022 12021 11985
f 12023 12022 11986
f 12024 12023 11987
f 12025 12024 11988
f 12026 12025 11989
f 12027 12026 11990
f 12028 12027 11991
f 12029 12028 11992
f 12030 12029 11993
f 12031 12030 11994
f 12032 12031 11995
f 12033 12032 11996
f 12034 12033 11997
f 12035 12034 11998
f 12036 12035 11999
f 12037 12036 12000
f 12038 12037 12001
f 12039 12038 12002
f 12040 12039 12003
f 12041 12040 12004
f 12042 12041 12005
f 12043 12042 12006
v 0.72750 0.11500 1.75000
v 0.72750 0.11872 1.79254
v 0.72750 0.12978 1.83379
v 0.72750 0.14782 1.87250
v 0.72750 0.17232 1.90748
v 0.72750 0.20252 1.93768
v 0.72750 0.23750 1.96218
v 0.72750 0.27621 1.98022
v 0.72750 0.31746 1.99128
v 0.72750 0.36000 1.99500
v 0.72750 0.40254 1.99128
v 0.72750 0.44379 1.98022
v 0.72750 0.48250 1.96218
v 0.72750 0.51748 1.93768
v 0.72750 0.54768 1.90748
v 0.72750 0.57218 1.87250
v 0.72750 0.59022 1.83379
v 0.72750 0.60128 1.79254
v 0.72750 0.60500 1.75000
v 0.72750 0.60128 1.70746
v 0.72750 0.59022 1.66621
v 0.72750 0.57218 1.62750
v 0.72750 0.54768 1.59252
v 0.72750 0.51748 1.56232
v 0.72750 0.48250 1.53782
v 0.72750 0.44379 1.51978
v 0.72750 0.40254 1.50872
v 0.72750 0.36000 1.50500
v 0.72750 0.31746 1.50872
v 0.72750 0.27621 1.51978
v 0.72750 0.23750 1.53782
v 0.72750 0.20252 1.56232
v 0.72750 0.17232 1.59252
v 0.72750 0.14782 1.62750
v 0.72750 0.12978 1.66621
v 0.72750 0.11872 1.70746
v 0.72750 0.11500 1.75000
v 0.99250 0.11500 1.75000
v 0.99250 0.11872 1.79254
v 0.99250 0.12978 1.83379
v 0.99250 0.14782 1.87250
v 0.99250 0.17232 1.90748
v 0.99250 0.20252 1.93768
v 0.99250 0.23750 1.96218
v 0.99250 0.27621 1.98022
v 0.99250 0.31746 1.99128
v 0.99250 0.36000 1.99500
v 0.99250 0.40254 1.99128
v 0.99250 0.44379 1.98022
v 0.99250 0.48250 1.96218
v 0.99250 0.51748 1.93768
v 0.99250 0.54768 1.90748
v 0.99250 0.57218 1.87250
v 0.99250 0.59022 1.83379
v 0.99250 0.60128 1.79254
v 0.99250 0.60500 1.75000
v 0.99250 0.60128 1.70746
v 0.99250 0.59022 1.66621
v 0.99250 0.57218 1.62750
v 0.99250 0.54768 1.59252
v 0.99250 0.51748 1.56232
v 0.99250 0.48250 1.53782
v 0.99250 0.44379 1.51978
v 0.99250 0.40254 1.50872
v 0.99250 0.36000 1.50500
v 0.99250 0.31746 1.50872
v 0.99250 0.27621 1.51978
v 0.99250 0.23750 1.53782
v 0.99250 0.20252 1.56232
v 0.99250 0.17232 1.59252
v 0.99250 0.14782 1.62750
v 0.99250 0.12978 1.66621
v 0.99250 0.11872 1.70746
v 0.99250 0.11500 1.75000
v 0.72750 0.36000 1.75000
v 0.72750 0.36000 1.75000
v 0.72750 0.36000 1.75000
v 0.72750 0.36000 1.75000
v 0.72750 0.36000 1.75000
v 0.72750 0.36000 1.75000
v 0.72750 0.36000 1.75000
v 0.72750 0.36000 1.75000
v 0.72750 0.36000 1.75000
v 0.72750 0.36000 1.75000
v 0.72750 0.36000 1.75000
v 0.72750 0.36000 1.75000
v 0.72750 0.36000 1.75000
v 0.72750 0.36000 1.75000
v 0.72750 0.36000 1.75000
v 0.72750 0.36000 1.75000
v 0.72750 0.36000 1.75000
v 0.72750 0.36000 1.75000
v 0.72750 0.36000 1.75000
v 0.72750 0.36000 1.75000
v 0.72750 0.36000 1.75000
v 0.72750 0.36000 1.75000
v 0.72750 0.36000 1.75000
v 0.72750 0.36000 1.75000
v 0.72750 0.36000 1.75000
v 0.72750 0.36000 1.75000
v 0.72750 0.36000 1.75000
v 0.72750 0.36000 1.75000
v 0.72750 0.36000 1.75000
v 0.72750 0.36000 1.75000
v 0.72750 0.36000 1.75000
v 0.72750 0.36000 1.75000
v 0.72750 0.36000 1.75000
v 0.72750 0.36000 1.75000
v 0.72750 0.36000 1.75000
v 0.72750 0.36000 1.75000
v 0.72750 0.11500 1.75000
v 0.72750 0.11872 1.79254
v 0.72750 0.12978 1.83379
v 0.72750 0.14782 1.87250
v 0.72750 0.17232 1.90748
v 0.72750 0.20252 1.93768
v 0.72750 0.23750 1.96218
v 0.72750 0.27621 1.98022
v 0.72750 0.31746 1.99128
v 0.72750 0.36000 1.99500
v 0.72750 0.40254 1.99128
v 0.72750 0.44379 1.98022
v 0.72750 0.48250 1.96218
v 0.72750 0.51748 1.93768
v 0.72750 0.54768 1.90748
v 0.72750 0.57218 1.87250
v 0.72750 0.59022 1.83379
v 0.72750 0.60128 1.79254
v 0.72750 0.60500 1.75000
v 0.72750 0.60128 1.70746
v 0.72750 0.59022 1.66621
v 0.72750 0.57218 1.62750
v 0.72750 0.54768 1.59252
v 0.72750 0.51748 1.56232
v 0.72750 0.48250 1.53782
v 0.72750 0.44379 1.51978
v 0.72750 0.40254 1.50872
v 0.72750 0.36000 1.50500
v 0.72750 0.31746 1.50872
v 0.72750 0.27621 1.51978
v 0.72750 0.23750 1.53782
v 0.72750 0.20252 1.56232
v 0.72750 0.17232 1.59252
v 0.72750 0.14782 1.62750
v 0.72750 0.12978 1.66621
v 0.72750 0.11872 1.70746
v 0.72750 0.11500 1.75000
v 0.99250 0.36000 1.75000
v 0.99250 0.36000 1.75000
v 0.99250 0.36000 1.75000
v 0.99250 0.36000 1.75000
v 0.99250 0.36000 1.75000
v 0.99250 0.36000 1.75000
v 0.99250 0.36000 1.75000
v 0.99250 0.36000 1.75000
v 0.99250 0.36000 1.75000
v 0.99250 0.36000 1.75000
v 0.99250 0.36000 1.75000
v 0.99250 0.36000 1.75000
v 0.99250 0.36000 1.75000
v 0.99250 0.36000 1.75000
v 0.99250 0.36000 1.75000
v 0.99250 0.36000 1.75000
v 0.99250 0.36000 1.75000
v 0.99250 0.36000 1.75000
v 0.99250 0.36000 1.75000
v 0.99250 0.36000 1.75000
v 0.99250 0.36000 1.75000
v 0.99250 0.36000 1.75000
v 0.99250 0.36000 1.75000
v 0.99250 0.36000 1.75000
v 0.99250 0.36000 1.75000
v 0.99250 0.36000 1.75000
v 0.99250 0.36000 1.75000
v 0.99250 0.36000 1.75000
v 0.99250 0.36000 1.75000
v 0.99250 0.36000 1.75000
v 0.99250 0.36000 1.75000
v 0.99250 0.36000 1.75000
v 0.99250 0.36000 1.75000
v 0.99250 0.36000 1.75000
v 0.99250 0.36000 1.75000
v 0.99250 0.36000 1.75000
v 0.99250 0.11500 1.75000
v 0.99250 0.11872 1.79254
v 0.99250 0.12978 1.83379
v 0.99250 0.14782 1.87250
v 0.99250 0.17232 1.90748
v 0.99250 0.20252 1.93768
v 0.99250 0.23750 1.96218
v 0.99250 0.27621 1.98022
v 0.99250 0.31746 1.99128
v 0.99250 0.36000 1.99500
v 0.99250 0.40254 1.99128
v 0.99250 0.44379 1.98022
v 0.99250 0.48250 1.96218
v 0.99250 0.51748 1.93768
v 0.99250 0.54768 1.90748
v 0.99250 0.57218 1.87250
v 0.99250 0.59022 1.83379
v 0.99250 0.60128 1.79254
v 0.99250 0.60500 1.75000
v 0.99250 0.60128 1.70746
v 0.99250 0.59022 1.66621
v 0.99250 0.57218 1.62750
v 0.99250 0.54768 1.59252
v 0.99250 0.51748 1.56232
v 0.99250 0.48250 1.53782
v 0.99250 0.44379 1.51978
v 0.99250 0.40254 1.50872
v 0.99250 0.36000 1.50500
v 0.99250 0.31746 1.50872
v 0.99250 0.27621 1.51978
v 0.99250 0.23750 1.53782
v 0.99250 0.20252 1.56232
v 0.99250 0.17232 1.59252
v 0.99250 0.14782 1.62750
v 0.99250 0.12978 1.66621
v 0.99250 0.11872 1.70746
v 0.99250 0.11500 1.75000
f 12044 12081 12045
f 12081 12082 12045
f 12045 12082 12046
f 12082 12083 12046
f 12046 12083 12047
f 12083 12084 12047
f 12047 12084 12048
f 12084 12085 12048
f 12048 12085 12049
f 12085 12086 12049
f 12049 12086 12050
f 12086 12087 12050
f 12050 12087 12051
f 12087 12088 12051
f 12051 12088 12052
f 12088 12089 12052
f 12052 12089 12053
f 12089 12090 12053
f 12053 12090 12054
f 12090 12091 12054
f 12054 12091 12055
f 12091 12092 12055
f 12055 12092 12056
f 12092 12093 12056
f 12056 12093 12057
f 12093 12094 12057
f 12057 12094 12058
f 12094 12095 12058
f 12058 12095 12059
f 12095 12096 12059
f 12059 12096 12060
f 12096 12097 12060
f 12060 12097 12061
f 12097 12098 12061
f 12061 12098 12062
f 12098 12099 12062
f 12062 12099 12063
f 12099 12100 12063
f 12063 12100 12064
f 12100 12101 12064
f 12064 12101 12065
f 12101 12102 12065
f 12065 12102 12066
f 12102 12103 12066
f 12066 12103 12067
f 12103 12104 12067
f 12067 12104 12068
f 12104 12105 12068
f 12068 12105 12069
f 12105 12106 12069
f 12069 12106 12070
f 12106 12107 12070
f 12070 12107 12071
f 12107 12108 12071
f 12071 12108 12072
f 12108 12109 12072
f 12072 12109 12073
f 12109 12110 12073
f 12073 12110 12074
f 12110 12111 12074
f 12074 12111 12075
f 12111 12112 12075
f 12075 12112 12076
f 12112 12113 12076
f 12076 12113 12077
f 12113 12114 12077
f 12077 12114 12078
f 12114 12115 12078
f 12078 12115 12079
f 12115 12116 12079
f 12079 12116 12080
f 12116 12117 12080
f 12154 12155 12118
f 12155 12156 12119
f 12156 12157 12120
f 12157 12158 12121
f 12158 12159 12122
f 12159 12160 12123
f 12160 12161 12124
f 12161 12162 12125
f 12162 12163 12126
f 12163 12164 12127
f 12164 12165 12128
f 12165 12166 12129
f 12166 12167 12130
f 12167 12168 12131
f 12168 12169 12132
f 12169 12170 12133
f 12170 12171 12134
f 12171 12172 12135
f 12172 12173 12136
f 12173 12174 12137
f 12174 12175 12138
f 12175 12176 12139
f 12176 12177 12140
f 12177 12178 12141
f 12178 12179 12142
f 12179 12180 12143
f 12180 12181 12144
f 12181 12182 12145
f 12182 12183 12146
f 12183 12184 12147
f 12184 12185 12148
f 12185 12186 12149
f 12186 12187 12150
f 12187 12188 12151
f 12188 12189 12152
f 12189 12190 12153
f 12228 12227 12191
f 12229 12228 12192
f 12230 12229 12193
f 12231 12230 12194
f 12232 12231 12195
f 12233 12232 12196
f 12234 12233 12197
f 12235 12234 12198
f 12236 12235 12199
f 12237 12236 12200
f 12238 12237 12201
f 12239 12238 12202
f 12240 12239 12203
f 12241 12240 12204
f 12242 12241 12205
f 12243 12242 12206
f 12244 12243 12207
f 12245 12244 12208
f 12246 12245 12209
f 12247 12246 12210
f 12248 12247 12211
f 12249 12248 12212
f 12250 12249 12213
f 12251 12250 12214
f 12252 12251 12215
f 12253 12252 12216
f 12254 12253 12217
f 12255 12254 12218
f 12256 12255 12219
f 12257 12256 12220
f 12258 12257 12221
f 12259 12258 12222
f 12260 12259 12223
f 12261 12260 12224
f 12262 12261 12225
f 12263 12262 12226
v -0.99250 0.11500 -1.20000
v -0.99250 0.11872 -1.15746
v -0.99250 0.12978 -1.11621
v -0.99250 0.14782 -1.07750
v -0.99250 0.17232 -1.04252
v -0.99250 0.20252 -1.01232
v -0.99250 0.23750 -0.98782
v -0.99250 0.27621 -0.96978
v -0.99250 0.31746 -0.95872
v -0.99250 0.36000 -0.95500
v -0.99250 0.40254 -0.95872
v -0.99250 0.44379 -0.96978
v -0.99250 0.48250 -0.98782
v -0.99250 0.51748 -1.01232
v -0.99250 0.54768 -1.04252
v -0.99250 0.57218 -1.07750
v -0.99250 0.59022 -1.11621
v -0.99250 0.60128 -1.15746
v -0.99250 0.60500 -1.20000
v -0.99250 0.60128 -1.24254
v -0.99250 0.59022 -1.28379
v -0.99250 0.57218 -1.32250
v -0.99250 0.54768 -1.35748
v -0.99250 0.51748 -1.38768
v -0.99250 0.48250 -1.41218
v -0.99250 0.44379 -1.43022
v -0.99250 0.40254 -1.44128
v -0.99250 0.36000 -1.44500
v -0.99250 0.31746 -1.44128
v -0.99250 0.27621 -1.43022
v -0.99250 0.23750 -1.41218
v -0.99250 0.20252 -1.38768
v -0.99250 0.17232 -1.35748
v -0.99250 0.14782 -1.32250
v -0.99250 0.12978 -1.28379
v -0.99250 0.11872 -1.24254
v -0.99250 0.11500 -1.20000
v -0.72750 0.11500 -1.20000
v -0.72750 0.11872 -1.15746
v -0.72750 0.12978 -1.11621
v -0.72750 0.14782 -1.07750
v -0.72750 0.17232 -1.04252
v -0.72750 0.20252 -1.01232
v -0.72750 0.23750 -0.98782
v -0.72750 0.27621 -0.96978
v -0.72750 0.31746 -0.95872
v -0.72750 0.36000 -0.95500
v -0.72750 0.40254 -0.95872
v -0.72750 0.44379 -0.96978
v -0.72750 0.48250 -0.98782
v -0.72750 0.51748 -1.01232
v -0.72750 0.54768 -1.04252
v -0.72750 0.57218 -1.07750
v -0.72750 0.59022 -1.11621
v -0.72750 0.60128 -1.15746
v -0.72750 0.60500 -1.20000
v -0.72750 0.60128 -1.24254
v -0.72750 0.59022 -1.28379
v -0.72750 0.57218 -1.32250
v -0.72750 0.54768 -1.35748
v -0.72750 0.51748 -1.38768
v -0.72750 0.48250 -1.41218
v -0.72750 0.44379 -1.43022
v -0.72750 0.40254 -1.44128
v -0.72750 0.36000 -1.44500
v -0.72750 0.31746 -1.44128
v -0.72750 0.27621 -1.43022
v -0.72750 0.23750 -1.41218
v -0.72750 0.20252 -1.38768
v -0.72750 0.17232 -1.35748
v -0.72750 0.14782 -1.32250
v -0.72750 0.12978 -1.28379
v -0.72750 0.11872 -1.24254
v -0.72750 0.11500 -1.20000
v -0.99250 0.36000 -1.20000
v -0.99250 0.36000 -1.20000
v -0.99250 0.36000 -1.20000
v -0.99250 0.36000 -1.20000
v -0.99250 0.36000 -1.20000
v -0.99250 0.36000 -1.20000
v -0.99250 0.36000 -1.20000
v -0.99250 0.36000 -1.20000
v -0.99250 0.36000 -1.20000
v -0.99250 0.36000 -1.20000
v -0.99250 0.36000 -1.20000
v -0.99250 0.36000 -1.20000
v -0.99250 0.36000 -1.20000
v -0.99250 0.36000 -1.20000
v -0.99250 0.36000 -1.20000
v -0.99250 0.36000 -1.20000
v -0.99250 0.36000 -1.20000
v -0.99250 0.36000 -1.20000
v -0.99250 0.36000 -1.20000
v -0.99250 0.36000 -1.20000
v -0.99250 0.36000 -1.20000
v -0.99250 0.36000 -1.20000
v -0.99250 0.36000 -1.20000
v -0.99250 0.36000 -1.20000
v -0.99250 0.36000 -1.20000
v -0.99250 0.36000 -1.20000
v -0.99250 0.36000 -1.20000
v -0.99250 0.36000 -1.20000
v -0.99250 0.36000 -1.20000
v -0.99250 0.36000 -1.20000
v -0.99250 0.36000 -1.20000
v -0.99250 0.36000 -1.20000
v -0.99250 0.36000 -1.20000
v -0.99250 0.36000 -1.20000
v -0.99250 0.36000 -1.20000
v -0.99250 0.36000 -1.20000
v -0.99250 0.11500 -1.20000
v -0.99250 0.11872 -1.15746
v -0.99250 0.12978 -1.11621
v -0.99250 0.14782 -1.07750
v -0.99250 0.17232 -1.04252
v -0.99250 0.20252 -1.01232
v -0.99250 0.23750 -0.98782
v -0.99250 0.27621 -0.96978
v -0.99250 0.31746 -0.95872
v -0.99250 0.36000 -0.95500
v -0.99250 0.40254 -0.95872
v -0.99250 0.44379 -0.96978
v -0.99250 0.48250 -0.98782
v -0.99250 0.51748 -1.01232
v -0.99250 0.54768 -1.04252
v -0.99250 0.57218 -1.07750
v -0.99250 0.59022 -1.11621
v -0.99250 0.60128 -1.15746
v -0.99250 0.60500 -1.20000
v -0.99250 0.60128 -1.24254
v -0.99250 0.59022 -1.28379
v -0.99250 0.57218 -1.32250
v -0.99250 0.54768 -1.35748
v -0.99250 0.51748 -1.38768
v -0.99250 0.48250 -1.41218
v -0.99250 0.44379 -1.43022
v -0.99250 0.40254 -1.44128
v -0.99250 0.36000 -1.44500
v -0.99250 0.31746 -1.44128
v -0.99250 0.27621 -1.43022
v -0.99250 0.23750 -1.41218
v -0.99250 0.20252 -1.38768
v -0.99250 0.17232 -1.35748
v -0.99250 0.14782 -1.32250
v -0.99250 0.12978 -1.28379
v -0.99250 0.11872 -1.24254
v -0.99250 0.11500 -1.20000
v -0.72750 0.36000 -1.20000
v -0.72750 0.36000 -1.20000
v -0.72750 0.36000 -1.20000
v -0.72750 0.36000 -1.20000
v -0.72750 0.36000 -1.20000
v -0.72750 0.36000 -1.20000
v -0.72750 0.36000 -1.20000
v -0.72750 0.36000 -1.20000
v -0.72750 0.36000 -1.20000
v -0.72750 0.36000 -1.20000
v -0.72750 0.36000 -1.20000
v -0.72750 0.36000 -1.20000
v -0.72750 0.36000 -1.20000
v -0.72750 0.36000 -1.20000
v -0.72750 0.36000 -1.20000
v -0.72750 0.36000 -1.20000
v -0.72750 0.36000 -1.20000
v -0.72750 0.36000 -1.20000
v -0.72750 0.36000 -1.20000
v -0.72750 0.36000 -1.20000
v -0.72750 0.36000 -1.20000
v -0.72750 0.36000 -1.20000
v -0.72750 0.36000 -1.20000
v -0.72750 0.36000 -1.20000
v -0.72750 0.36000 -1.20000
v -0.72750 0.36000 -1.20000
v -0.72750 0.36000 -1.20000
v -0.72750 0.36000 -1.20000
v -0.72750 0.36000 -1.20000
v -0.72750 0.36000 -1.20000
v -0.72750 0.36000 -1.20000
v -0.72750 0.36000 -1.20000
v -0.72750 0.36000 -1.20000
v -0.72750 0.36000 -1.20000
v -0.72750 0.36000 -1.20000
v -0.72750 0.36000 -1.20000
v -0.72750 0.11500 -1.20000
v -0.72750 0.11872 -1.15746
v -0.72750 0.12978 -1.11621
v -0.72750 0.14782 -1.07750
v -0.72750 0.17232 -1.04252
v -0.72750 0.20252 -1.01232
v -0.72750 0.23750 -0.98782
v -0.72750 0.27621 -0.96978
v -0.72750 0.31746 -0.95872
v -0.72750 0.36000 -0.95500
v -0.72750 0.40254 -0.95872
v -0.72750 0.44379 -0.96978
v -0.72750 0.48250 -0.98782
v -0.72750 0.51748 -1.01232
v -0.72750 0.54768 -1.04252
v -0.72750 0.57218 -1.07750
v -0.72750 0.59022 -1.11621
v -0.72750 0.60128 -1.15746
v -0.72750 0.60500 -1.20000
v -0.72750 0.60128 -1.24254
v -0.72750 0.59022 -1.28379
v -0.72750 0.57218 -1.32250
v -0.72750 0.54768 -1.35748
v -0.72750 0.51748 -1.38768
v -0.72750 0.48250 -1.41218
v -0.72750 0.44379 -1.43022
v -0.72750 0.40254 -1.44128
v -0.72750 0.36000 -1.44500
v -0.72750 0.31746 -1.44128
v -0.72750 0.27621 -1.43022
v -0.72750 0.23750 -1.41218
v -0.72750 0.20252 -1.38768
v -0.72750 0.17232 -1.35748
v -0.72750 0.14782 -1.32250
v -0.72750 0.12978 -1.28379
v -0.72750 0.11872 -1.24254
v -0.72750 0.11500 -1.20000
f 12264 12301 12265
f 12301 12302 12265
f 12265 12302 12266
f 12302 12303 12266
f 12266 12303 12267
f 12303 12304 12267
f 12267 12304 12268
f 12304 12305 12268
f 12268 12305 12269
f 12305 12306 12269
f 12269 12306 12270
f 12306 12307 12270
f 12270 12307 12271
f 12307 12308 12271
f 12271 12308 12272
f 12308 12309 12272
f 12272 12309 12273
f 12309 12310 12273
f 12273 12310 12274
f 12310 12311 12274
f 12274 12311 12275
f 12311 12312 12275
f 12275 12312 12276
f 12312 12313 12276
f 12276 12313 12277
f 12313 12314 12277
f 12277 12314 12278
f 12314 12315 12278
f 12278 12315 12279
f 12315 12316 12279
f 12279 12316 12280
f 12316 12317 12280
f 12280 12317 12281
f 12317 12318 12281
f 12281 12318 12282
f 12318 12319 12282
f 12282 12319 12283
f 12319 12320 12283
f 12283 12320 12284
f 12320 12321 12284
f 12284 12321 12285
f 12321 12322 12285
f 12285 12322 12286
f 12322 12323 12286
f 12286 12323 12287
f 12323 12324 12287
f 12287 12324 12288
f 12324 12325 12288
f 12288 12325 12289
f 12325 12326 12289
f 12289 12326 12290
f 12326 12327 12290
f 12290 12327 12291
f 12327 12328 12291
f 12291 12328 12292
f 12328 12329 12292
f 12292 12329 12293
f 12329 12330 12293
f 12293 12330 12294
f 12330 12331 12294
f 12294 12331 12295
f 12331 12332 12295
f 12295 12332 12296
f 12332 12333 12296
f 12296 12333 12297
f 12333 12334 12297
f 12297 12334 12298
f 12334 12335 12298
f 12298 12335 12299
f 12335 12336 12299
f 12299 12336 12300
f 12336 12337 12300
f 12374 12375 12338
f 12375 12376 12339
f 12376 12377 12340
f 12377 12378 12341
f 12378 12379 12342
f 12379 12380 12343
f 12380 12381 12344
f 12381 12382 12345
f 12382 12383 12346
f 12383 12384 12347
f 12384 12385 12348
f 12385 12386 12349
f 12386 12387 12350
f 12387 12388 12351
f 12388 12389 12352
f 12389 12390 12353
f 12390 12391 12354
f 12391 12392 12355
f 12392 12393 12356
f 12393 12394 12357
f 12394 12395 12358
f 12395 12396 12359
f 12396 12397 12360
f 12397 12398 12361
f 12398 12399 12362
f 12399 12400 12363
f 12400 12401 12364
f 12401 12402 12365
f 12402 12403 12366
f 12403 12404 12367
f 12404 12405 12368
f 12405 12406 12369
f 12406 12407 12370
f 12407 12408 12371
f 12408 12409 12372
f 12409 12410 12373
f 12448 12447 12411
f 12449 12448 12412
f 12450 12449 12413
f 12451 12450 12414
f 12452 12451 12415
f 12453 12452 12416
f 12454 12453 12417
f 12455 12454 12418
f 12456 12455 12419
f 12457 12456 12420
f 12458 12457 12421
f 12459 12458 12422
f 12460 12459 12423
f 12461 12460 12424
f 12462 12461 12425
f 12463 12462 12426
f 12464 12463 12427
f 12465 12464 12428
f 12466 12465 12429
f 12467 12466 12430
f 12468 12467 12431
f 12469 12468 12432
f 12470 12469 12433
f 12471 12470 12434
f 12472 12471 12435
f 12473 12472 12436
f 12474 12473 12437
f 12475 12474 12438
f 12476 12475 12439
f 12477 12476 12440
f 12478 12477 12441
f 12479 12478 12442
f 12480 12479 12443
f 12481 12480 12444
f 12482 12481 12445
f 12483 12482 12446
v 0.72750 0.11500 -1.20000
v 0.72750 0.11872 -1.15746
v 0.72750 0.12978 -1.11621
v 0.72750 0.14782 -1.07750
v 0.72750 0.17232 -1.04252
v 0.72750 0.20252 -1.01232
v 0.72750 0.23750 -0.98782
v 0.72750 0.27621 -0.96978
v 0.72750 0.31746 -0.95872
v 0.72750 0.36000 -0.95500
v 0.72750 0.40254 -0.95872
v 0.72750 0.44379 -0.96978
v 0.72750 0.48250 -0.98782
v 0.72750 0.51748 -1.01232
v 0.72750 0.54768 -1.04252
v 0.72750 0.57218 -1.07750
v 0.72750 0.59022 -1.11621
v 0.72750 0.60128 -1.15746
v 0.72750 0.60500 -1.20000
v 0.72750 0.60128 -1.24254
v 0.72750 0.59022 -1.28379
v 0.72750 0.57218 -1.32250
v 0.72750 0.54768 -1.35748
v 0.72750 0.51748 -1.38768
v 0.72750 0.48250 -1.41218
v 0.72750 0.44379 -1.43022
v 0.72750 0.40254 -1.44128
v 0.72750 0.36000 -1.44500
v 0.72750 0.31746 -1.44128
v 0.72750 0.27621 -1.43022
v 0.72750 0.23750 -1.41218
v 0.72750 0.20252 -1.38768
v 0.72750 0.17232 -1.35748
v 0.72750 0.14782 -1.32250
v 0.72750 0.12978 -1.28379
v 0.72750 0.11872 -1.24254
v 0.72750 0.11500 -1.20000
v 0.99250 0.11500 -1.20000
v 0.99250 0.11872 -1.15746
v 0.99250 0.12978 -1.11621
v 0.99250 0.14782 -1.07750
v 0.99250 0.17232 -1.04252
v 0.99250 0.20252 -1.01232
v 0.99250 0.23750 -0.98782
v 0.99250 0.27621 -0.96978
v 0.99250 0.31746 -0.95872
v 0.99250 0.36000 -0.95500
v 0.99250 0.40254 -0.95872
v 0.99250 0.44379 -0.96978
v 0.99250 0.48250 -0.98782
v 0.99250 0.51748 -1.01232
v 0.99250 0.54768 -1.04252
v 0.99250 0.57218 -1.07750
v 0.99250 0.59022 -1.11621
v 0.99250 0.60128 -1.15746
v 0.99250 0.60500 -1.20000
v 0.99250 0.60128 -1.24254
v 0.99250 0.59022 -1.28379
v 0.99250 0.57218 -1.32250
v 0.99250 0.54768 -1.35748
v 0.99250 0.51748 -1.38768
v 0.99250 0.48250 -1.41218
v 0.99250 0.44379 -1.43022
v 0.99250 0.40254 -1.44128
v 0.99250 0.36000 -1.44500
v 0.99250 0.31746 -1.44128
v 0.99250 0.27621 -1.43022
v 0.99250 0.23750 -1.41218
v 0.99250 0.20252 -1.38768
v 0.99250 0.17232 -1.35748
v 0.99250 0.14782 -1.32250
v 0.99250 0.12978 -1.28379
v 0.99250 0.11872 -1.24254
v 0.99250 0.11500 -1.20000
v 0.72750 0.36000 -1.20000
v 0.72750 0.36000 -1.20000
v 0.72750 0.36000 -1.20000
v 0.72750 0.36000 -1.20000
v 0.72750 0.36000 -1.20000
v 0.72750 0.36000 -1.20000
v 0.72750 0.36000 -1.20000
v 0.72750 0.36000 -1.20000
v 0.72750 0.36000 -1.20000
v 0.72750 0.36000 -1.20000
v 0.72750 0.36000 -1.20000
v 0.72750 0.36000 -1.20000
v 0.72750 0.36000 -1.20000
v 0.72750 0.36000 -1.20000
v 0.72750 0.36000 -1.20000
v 0.72750 0.36000 -1.20000
v 0.72750 0.36000 -1.20000
v 0.72750 0.36000 -1.20000
v 0.72750 0.36000 -1.20000
v 0.72750 0.36000 -1.20000
v 0.72750 0.36000 -1.20000
v 0.72750 0.36000 -1.20000
v 0.72750 0.36000 -1.20000
v 0.72750 0.36000 -1.20000
v 0.72750 0.36000 -1.20000
v 0.72750 0.36000 -1.20000
v 0.72750 0.36000 -1.20000
v 0.72750 0.36000 -1.20000
v 0.72750 0.36000 -1.20000
v 0.72750 0.36000 -1.20000
v 0.72750 0.36000 -1.20000
v 0.72750 0.36000 -1.20000
v 0.72750 0.36000 -1.20000
v 0.72750 0.36000 -1.20000
v 0.72750 0.36000 -1.20000
v 0.72750 0.36000 -1.20000
v 0.72750 0.11500 -1.20000
v 0.72750 0.11872 -1.15746
v 0.72750 0.12978 -1.11621
v 0.72750 0.14782 -1.07750
v 0.72750 0.17232 -1.04252
v 0.72750 0.20252 -1.01232
v 0.72750 0.23750 -0.98782
v 0.72750 0.27621 -0.96978
v 0.72750 0.31746 -0.95872
v 0.72750 0.36000 -0.95500
v 0.72750 0.40254 -0.95872
v 0.72750 0.44379 -0.96978
v 0.72750 0.48250 -0.98782
v 0.72750 0.51748 -1.01232
v 0.72750 0.54768 -1.04252
v 0.72750 0.57218 -1.07750
v 0.72750 0.59022 -1.11621
v 0.72750 0.60128 -1.15746
v 0.72750 0.60500 -1.20000
v 0.72750 0.60128 -1.24254
v 0.72750 0.59022 -1.28379
v 0.72750 0.57218 -1.32250
v 0.72750 0.54768 -1.35748
v 0.72750 0.51748 -1.38768
v 0.72750 0.48250 -1.41218
v 0.72750 0.44379 -1.43022
v 0.72750 0.40254 -1.44128
v 0.72750 0.36000 -1.44500
v 0.72750 0.31746 -1.44128
v 0.72750 0.27621 -1.43022
v 0.72750 0.23750 -1.41218
v 0.72750 0.20252 -1.38768
v 0.72750 0.17232 -1.35748
v 0.72750 0.14782 -1.32250
v 0.72750 0.12978 -1.28379
v 0.72750 0.11872 -1.24254
v 0.72750 0.11500 -1.20000
v 0.99250 0.36000 -1.20000
v 0.99250 0.36000 -1.20000
v 0.99250 0.36000 -1.20000
v 0.99250 0.36000 -1.20000
v 0.99250 0.36000 -1.20000
v 0.99250 0.36000 -1.20000
v 0.99250 0.36000 -1.20000
v 0.99250 0.36000 -1.20000
v 0.99250 0.36000 -1.20000
v 0.99250 0.36000 -1.20000
v 0.99250 0.36000 -1.20000
v 0.99250 0.36000 -1.20000
v 0.99250 0.36000 -1.20000
v 0.99250 0.36000 -1.20000
v 0.99250 0.36000 -1.20000
v 0.99250 0.36000 -1.20000
v 0.99250 0.36000 -1.20000
v 0.99250 0.36000 -1.20000
v 0.99250 0.36000 -1.20000
v 0.99250 0.36000 -1.20000
v 0.99250 0.36000 -1.20000
v 0.99250 0.36000 -1.20000
v 0.99250 0.36000 -1.20000
v 0.99250 0.36000 -1.20000
v 0.99250 0.36000 -1.20000
v 0.99250 0.36000 -1.20000
v 0.99250 0.36000 -1.20000
v 0.99250 0.36000 -1.20000
v 0.99250 0.36000 -1.20000
v 0.99250 0.36000 -1.20000
v 0.99250 0.36000 -1.20000
v 0.99250 0.36000 -1.20000
v 0.99250 0.36000 -1.20000
v 0.99250 0.36000 -1.20000
v 0.99250 0.36000 -1.20000
v 0.99250 0.36000 -1.20000
v 0.99250 0.11500 -1.20000
v 0.99250 0.11872 -1.15746
v 0.99250 0.12978 -1.11621
v 0.99250 0.14782 -1.07750
v 0.99250 0.17232 -1.04252
v 0.99250 0.20252 -1.01232
v 0.99250 0.23750 -0.98782
v 0.99250 0.27621 -0.96978
v 0.99250 0.31746 -0.95872
v 0.99250 0.36000 -0.95500
v 0.99250 0.40254 -0.95872
v 0.99250 0.44379 -0.96978
v 0.99250 0.48250 -0.98782
v 0.99250 0.51748 -1.01232
v 0.99250 0.54768 -1.04252
v 0.99250 0.57218 -1.07750
v 0.99250 0.59022 -1.11621
v 0.99250 0.60128 -1.15746
v 0.99250 0.60500 -1.20000
v 0.99250 0.60128 -1.24254
v 0.99250 0.59022 -1.28379
v 0.99250 0.57218 -1.32250
v 0.99250 0.54768 -1.35748
v 0.99250 0.51748 -1.38768
v 0.99250 0.48250 -1.41218
v 0.99250 0.44379 -1.43022
v 0.99250 0.40254 -1.44128
v 0.99250 0.36000 -1.44500
v 0.99250 0.31746 -1.44128
v 0.99250 0.27621 -1.43022
v 0.99250 0.23750 -1.41218
v 0.99250 0.20252 -1.38768
v 0.99250 0.17232 -1.35748
v 0.99250 0.14782 -1.32250
v 0.99250 0.12978 -1.28379
v 0.99250 0.11872 -1.24254
v 0.99250 0.11500 -1.20000
f 12484 12521 12485
f 12521 12522 12485
f 12485 12522 12486
f 12522 12523 12486
f 12486 12523 12487
f 12523 12524 12487
f 12487 12524 12488
f 12524 12525 12488
f 12488 12525 12489
f 12525 12526 12489
f 12489 12526 12490
f 12526 12527 12490
f 12490 12527 12491
f 12527 12528 12491
f 12491 12528 12492
f 12528 12529 12492
f 12492 12529 12493
f 12529 12530 12493
f 12493 12530 12494
f 12530 12531 12494
f 12494 12531 12495
f 12531 12532 12495
f 12495 12532 12496
f 12532 12533 12496
f 12496 12533 12497
f 12533 12534 12497
f 12497 12534 12498
f 12534 12535 12498
f 12498 12535 12499
f 12535 12536 12499
f 12499 12536 12500
f 12536 12537 12500
f 12500 12537 12501
f 12537 12538 12501
f 12501 12538 12502
f 12538 12539 12502
f 12502 12539 12503
f 12539 12540 12503
f 12503 12540 12504
f 12540 12541 12504
f 12504 12541 12505
f 12541 12542 12505
f 12505 12542 12506
f 12542 12543 12506
f 12506 12543 12507
f 12543 12544 12507
f 12507 12544 12508
f 12544 12545 12508
f 12508 12545 12509
f 12545 12546 12509
f 12509 12546 12510
f 12546 12547 12510
f 12510 12547 12511
f 12547 12548 12511
f 12511 12548 12512
f 12548 12549 12512
f 12512 12549 12513
f 12549 12550 12513
f 12513 12550 12514
f 12550 12551 12514
f 12514 12551 12515
f 12551 12552 12515
f 12515 12552 12516
f 12552 12553 12516
f 12516 12553 12517
f 12553 12554 12517
f 12517 12554 12518
f 12554 12555 12518
f 12518 12555 12519
f 12555 12556 12519
f 12519 12556 12520
f 12556 12557 12520
f 12594 12595 12558
f 12595 12596 12559
f 12596 12597 12560
f 12597 12598 12561
f 12598 12599 12562
f 12599 12600 12563
f 12600 12601 12564
f 12601 12602 12565
f 12602 12603 12566
f 12603 12604 12567
f 12604 12605 12568
f 12605 12606 12569
f 12606 12607 12570
f 12607 12608 12571
f 12608 12609 12572
f 12609 12610 12573
f 12610 12611 12574
f 12611 12612 12575
f 12612 12613 12576
f 12613 12614 12577
f 12614 12615 12578
f 12615 12616 12579
f 12616 12617 12580
f 12617 12618 12581
f 12618 12619 12582
f 12619 12620 12583
f 12620 12621 12584
f 12621 12622 12585
f 12622 12623 12586
f 12623 12624 12587
f 12624 12625 12588
f 12625 12626 12589
f 12626 12627 12590
f 12627 12628 12591
f 12628 12629 12592
f 12629 12630 12593
f 12668 12667 12631
f 12669 12668 12632
f 12670 12669 12633
f 12671 12670 12634
f 12672 12671 12635
f 12673 12672 12636
f 12674 12673 12637
f 12675 12674 12638
f 12676 12675 12639
f 12677 12676 12640
f 12678 12677 12641
f 12679 12678 12642
f 12680 12679 12643
f 12681 12680 12644
f 12682 12681 12645
f 12683 12682 12646
f 12684 12683 12647
f 12685 12684 12648
f 12686 12685 12649
f 12687 12686 12650
f 12688 12687 12651
f 12689 12688 12652
f 12690 12689 12653
f 12691 12690 12654
f 12692 12691 12655
f 12693 12692 12656
f 12694 12693 12657
f 12695 12694 12658
f 12696 12695 12659
f 12697 12696 12660
f 12698 12697 12661
f 12699 12698 12662
f 12700 12699 12663
f 12701 12700 12664
f 12702 12701 12665
f 12703 12702 12666
v -0.99100 0.97500 2.51000
v -0.96700 0.97500 2.51000
v -0.99100 0.95500 2.51000
v -0.96700 0.95500 2.51000
v -0.96700 0.97500 -2.55000
v -0.99100 0.97500 -2.55000
v -0.96700 0.95500 -2.55000
v -0.99100 0.95500 -2.55000
v -0.96700 0.97500 -2.55000
v -0.96700 0.97500 2.51000
v -0.99100 0.97500 -2.55000
v -0.99100 0.97500 2.51000
v -0.99100 0.95500 -2.55000
v -0.99100 0.95500 2.51000
v -0.96700 0.95500 -2.55000
v -0.96700 0.95500 2.51000
v -0.99100 0.97500 -2.55000
v -0.99100 0.97500 2.51000
v -0.99100 0.95500 -2.55000
v -0.99100 0.95500 2.51000
v -0.96700 0.97500 2.51000
v -0.96700 0.97500 -2.55000
v -0.96700 0.95500 2.51000
v -0.96700 0.95500 -2.55000
f 12704 12706 12705
f 12706 12707 12705
f 12708 12710 12709
f 12710 12711 12709
f 12712 12714 12713
f 12714 12715 12713
f 12716 12718 12717
f 12718 12719 12717
f 12720 12722 12721
f 12722 12723 12721
f 12724 12726 12725
f 12726 12727 12725
v -0.99100 0.83500 2.51000
v -0.96700 0.83500 2.51000
v -0.99100 0.81500 2.51000
v -0.96700 0.81500 2.51000
v -0.96700 0.83500 -2.55000
v -0.99100 0.83500 -2.55000
v -0.96700 0.81500 -2.55000
v -0.99100 0.81500 -2.55000
v -0.96700 0.83500 -2.55000
v -0.96700 0.83500 2.51000
v -0.99100 0.83500 -2.55000
v -0.99100 0.83500 2.51000
v -0.99100 0.81500 -2.55000
v -0.99100 0.81500 2.51000
v -0.96700 0.81500 -2.55000
v -0.96700 0.81500 2.51000
v -0.99100 0.83500 -2.55000
v -0.99100 0.83500 2.51000
v -0.99100 0.81500 -2.55000
v -0.99100 0.81500 2.51000
v -0.96700 0.83500 2.51000
v -0.96700 0.83500 -2.55000
v -0.96700 0.81500 2.51000
v -0.96700 0.81500 -2.55000
f 12728 12730 12729
f 12730 12731 12729
f 12732 12734 12733
f 12734 12735 12733
f 12736 12738 12737
f 12738 12739 12737
f 12740 12742 12741
f 12742 12743 12741
f 12744 12746 12745
f 12746 12747 12745
f 12748 12750 12749
f 12750 12751 12749
v -0.98700 1.02500 1.11000
v -0.96700 1.02500 1.11000
v -0.98700 0.30500 1.11000
v -0.96700 0.30500 1.11000
v -0.96700 1.02500 1.09000
v -0.98700 1.02500 1.09000
v -0.96700 0.30500 1.09000
v -0.98700 0.30500 1.09000
v -0.96700 1.02500 1.09000
v -0.96700 1.02500 1.11000
v -0.98700 1.02500 1.09000
v -0.98700 1.02500 1.11000
v -0.98700 0.30500 1.09000
v -0.98700 0.30500 1.11000
v -0.96700 0.30500 1.09000
v -0.96700 0.30500 1.11000
v -0.98700 1.02500 1.09000
v -0.98700 1.02500 1.11000
v -0.98700 0.30500 1.09000
v -0.98700 0.30500 1.11000
v -0.96700 1.02500 1.11000
v -0.96700 1.02500 1.09000
v -0.96700 0.30500 1.11000
v -0.96700 0.30500 1.09000
f 12752 12754 12753
f 12754 12755 12753
f 12756 12758 12757
f 12758 12759 12757
f 12760 12762 12761
f 12762 12763 12761
f 12764 12766 12765
f 12766 12767 12765
f 12768 12770 12769
f 12770 12771 12769
f 12772 12774 12773
f 12774 12775 12773
v -0.98700 1.02500 -0.29000
v -0.96700 1.02500 -0.29000
v -0.98700 0.30500 -0.29000
v -0.96700 0.30500 -0.29000
v -0.96700 1.02500 -0.31000
v -0.98700 1.02500 -0.31000
v -0.96700 0.30500 -0.31000
v -0.98700 0.30500 -0.31000
v -0.96700 1.02500 -0.31000
v -0.96700 1.02500 -0.29000
v -0.98700 1.02500 -0.31000
v -0.98700 1.02500 -0.29000
v -0.98700 0.30500 -0.31000
v -0.98700 0.30500 -0.29000
v -0.96700 0.30500 -0.31000
v -0.96700 0.30500 -0.29000
v -0.98700 1.02500 -0.31000
v -0.98700 1.02500 -0.29000
v -0.98700 0.30500 -0.31000
v -0.98700 0.30500 -0.29000
v -0.96700 1.02500 -0.29000
v -0.96700 1.02500 -0.31000
v -0.96700 0.30500 -0.29000
v -0.96700 0.30500 -0.31000
f 12776 12778 12777
f 12778 12779 12777
f 12780 12782 12781
f 12782 12783 12781
f 12784 12786 12785
f 12786 12787 12785
f 12788 12790 12789
f 12790 12791 12789
f 12792 12794 12793
f 12794 12795 12793
f 12796 12798 12797
f 12798 12799 12797
v -0.98700 1.02500 -1.57000
v -0.96700 1.02500 -1.57000
v -0.98700 0.30500 -1.57000
v -0.96700 0.30500 -1.57000
v -0.96700 1.02500 -1.59000
v -0.98700 1.02500 -1.59000
v -0.96700 0.30500 -1.59000
v -0.98700 0.30500 -1.59000
v -0.96700 1.02500 -1.59000
v -0.96700 1.02500 -1.57000
v -0.98700 1.02500 -1.59000
v -0.98700 1.02500 -1.57000
v -0.98700 0.30500 -1.59000
v -0.98700 0.30500 -1.57000
v -0.96700 0.30500 -1.59000
v -0.96700 0.30500 -1.57000
v -0.98700 1.02500 -1.59000
v -0.98700 1.02500 -1.57000
v -0.98700 0.30500 -1.59000
v -0.98700 0.30500 -1.57000
v -0.96700 1.02500 -1.57000
v -0.96700 1.02500 -1.59000
v -0.96700 0.30500 -1.57000
v -0.96700 0.30500 -1.59000
f 12800 12802 12801
f 12802 12803 12801
f 12804 12806 12805
f 12806 12807 12805
f 12808 12810 12809
f 12810 12811 12809
f 12812 12814 12813
f 12814 12815 12813
f 12816 12818 12817
f 12818 12819 12817
f 12820 12822 12821
f 12822 12823 12821
v -1.03500 1.03500 0.90500
v -0.93500 1.03500 0.90500
v -1.03500 0.98500 0.90500
v -0.93500 0.98500 0.90500
v -0.93500 1.03500 0.85500
v -1.03500 1.03500 0.85500
v -0.93500 0.98500 0.85500
v -1.03500 0.98500 0.85500
v -0.93500 1.03500 0.85500
v -0.93500 1.03500 0.90500
v -1.03500 1.03500 0.85500
v -1.03500 1.03500 0.90500
v -1.03500 0.98500 0.85500
v -1.03500 0.98500 0.90500
v -0.93500 0.98500 0.85500
v -0.93500 0.98500 0.90500
v -1.03500 1.03500 0.85500
v -1.03500 1.03500 0.90500
v -1.03500 0.98500 0.85500
v -1.03500 0.98500 0.90500
v -0.93500 1.03500 0.90500
v -0.93500 1.03500 0.85500
v -0.93500 0.98500 0.90500
v -0.93500 0.98500 0.85500
f 12824 12826 12825
f 12826 12827 12825
f 12828 12830 12829
f 12830 12831 12829
f 12832 12834 12833
f 12834 12835 12833
f 12836 12838 12837
f 12838 12839 12837
f 12840 12842 12841
f 12842 12843 12841
f 12844 12846 12845
f 12846 12847 12845
v -0.35750 1.02791 1.27780
v -0.32250 1.02791 1.27780
v -0.35750 1.00602 1.28000
v -0.32250 1.00602 1.28000
v -0.32250 0.98398 0.84000
v -0.35750 0.98398 0.84000
v -0.32250 0.96209 0.84220
v -0.35750 0.96209 0.84220
v -0.32250 0.98398 0.84000
v -0.32250 1.02791 1.27780
v -0.35750 0.98398 0.84000
v -0.35750 1.02791 1.27780
v -0.35750 0.96209 0.84220
v -0.35750 1.00602 1.28000
v -0.32250 0.96209 0.84220
v -0.32250 1.00602 1.28000
v -0.35750 0.98398 0.84000
v -0.35750 1.02791 1.27780
v -0.35750 0.96209 0.84220
v -0.35750 1.00602 1.28000
v -0.32250 1.02791 1.27780
v -0.32250 0.98398 0.84000
v -0.32250 1.00602 1.28000
v -0.32250 0.96209 0.84220
f 12848 12850 12849
f 12850 12851 12849
f 12852 12854 12853
f 12854 12855 12853
f 12856 12858 12857
f 12858 12859 12857
f 12860 12862 12861
f 12862 12863 12861
f 12864 12866 12865
f 12866 12867 12865
f 12868 12870 12869
f 12870 12871 12869
v -0.99400 0.62500 2.36000
v -0.96400 0.62500 2.36000
v -0.99400 0.46500 2.36000
v -0.96400 0.46500 2.36000
v -0.96400 0.62500 2.20000
v -0.99400 0.62500 2.20000
v -0.96400 0.46500 2.20000
v -0.99400 0.46500 2.20000
v -0.96400 0.62500 2.20000
v -0.96400 0.62500 2.36000
v -0.99400 0.62500 2.20000
v -0.99400 0.62500 2.36000
v -0.99400 0.46500 2.20000
v -0.99400 0.46500 2.36000
v -0.96400 0.46500 2.20000
v -0.96400 0.46500 2.36000
v -0.99400 0.62500 2.20000
v -0.99400 0.62500 2.36000
v -0.99400 0.46500 2.20000
v -0.99400 0.46500 2.36000
v -0.96400 0.62500 2.36000
v -0.96400 0.62500 2.20000
v -0.96400 0.46500 2.36000
v -0.96400 0.46500 2.20000
f 12872 12874 12873
f 12874 12875 12873
f 12876 12878 12877
f 12878 12879 12877
f 12880 12882 12881
f 12882 12883 12881
f 12884 12886 12885
f 12886 12887 12885
f 12888 12890 12889
f 12890 12891 12889
f 12892 12894 12893
f 12894 12895 12893
v -1.06500 0.73000 -1.92000
v -0.92500 0.73000 -1.92000
v -1.06500 0.67000 -1.92000
v -0.92500 0.67000 -1.92000
v -0.92500 0.73000 -1.98000
v -1.06500 0.73000 -1.98000
v -0.92500 0.67000 -1.98000
v -1.06500 0.67000 -1.98000
v -0.92500 0.73000 -1.98000
v -0.92500 0.73000 -1.92000
v -1.06500 0.73000 -1.98000
v -1.06500 0.73000 -1.92000
v -1.06500 0.67000 -1.98000
v -1.06500 0.67000 -1.92000
v -0.92500 0.67000 -1.98000
v -0.92500 0.67000 -1.92000
v -1.06500 0.73000 -1.98000
v -1.06500 0.73000 -1.92000
v -1.06500 0.67000 -1.98000
v -1.06500 0.67000 -1.92000
v -0.92500 0.73000 -1.92000
v -0.92500 0.73000 -1.98000
v -0.92500 0.67000 -1.92000
v -0.92500 0.67000 -1.98000
f 12896 12898 12897
f 12898 12899 12897
f 12900 12902 12901
f 12902 12903 12901
f 12904 12906 12905
f 12906 12907 12905
f 12908 12910 12909
f 12910 12911 12909
f 12912 12914 12913
f 12914 12915 12913
f 12916 12918 12917
f 12918 12919 12917
v 0.96700 0.97500 2.51000
v 0.99100 0.97500 2.51000
v 0.96700 0.95500 2.51000
v 0.99100 0.95500 2.51000
v 0.99100 0.97500 -2.55000
v 0.96700 0.97500 -2.55000
v 0.99100 0.95500 -2.55000
v 0.96700 0.95500 -2.55000
v 0.99100 0.97500 -2.55000
v 0.99100 0.97500 2.51000
v 0.96700 0.97500 -2.55000
v 0.96700 0.97500 2.51000
v 0.96700 0.95500 -2.55000
v 0.96700 0.95500 2.51000
v 0.99100 0.95500 -2.55000
v 0.99100 0.95500 2.51000
v 0.96700 0.97500 -2.55000
v 0.96700 0.97500 2.51000
v 0.96700 0.95500 -2.55000
v 0.96700 0.95500 2.51000
v 0.99100 0.97500 2.51000
v 0.99100 0.97500 -2.55000
v 0.99100 0.95500 2.51000
v 0.99100 0.95500 -2.55000
f 12920 12922 12921
f 12922 12923 12921
f 12924 12926 12925
f 12926 12927 12925
f 12928 12930 12929
f 12930 12931 12929
f 12932 12934 12933
f 12934 12935 12933
f 12936 12938 12937
f 12938 12939 12937
f 12940 12942 12941
f 12942 12943 12941
v 0.96700 0.83500 2.51000
v 0.99100 0.83500 2.51000
v 0.96700 0.81500 2.51000
v 0.99100 0.81500 2.51000
v 0.99100 0.83500 -2.55000
v 0.96700 0.83500 -2.55000
v 0.99100 0.81500 -2.55000
v 0.96700 0.81500 -2.55000
v 0.99100 0.83500 -2.55000
v 0.99100 0.83500 2.51000
v 0.96700 0.83500 -2.55000
v 0.96700 0.83500 2.51000
v 0.96700 0.81500 -2.55000
v 0.96700 0.81500 2.51000
v 0.99100 0.81500 -2.55000
v 0.99100 0.81500 2.51000
v 0.96700 0.83500 -2.55000
v 0.96700 0.83500 2.51000
v 0.96700 0.81500 -2.55000
v 0.96700 0.81500 2.51000
v 0.99100 0.83500 2.51000
v 0.99100 0.83500 -2.55000
v 0.99100 0.81500 2.51000
v 0.99100 0.81500 -2.55000
f 12944 12946 12945
f 12946 12947 12945
f 12948 12950 12949
f 12950 12951 12949
f 12952 12954 12953
f 12954 12955 12953
f 12956 12958 12957
f 12958 12959 12957
f 12960 12962 12961
f 12962 12963 12961
f 12964 12966 12965
f 12966 12967 12965
v 0.96700 1.02500 1.11000
v 0.98700 1.02500 1.11000
v 0.96700 0.30500 1.11000
v 0.98700 0.30500 1.11000
v 0.98700 1.02500 1.09000
v 0.96700 1.02500 1.09000
v 0.98700 0.30500 1.09000
v 0.96700 0.30500 1.09000
v 0.98700 1.02500 1.09000
v 0.98700 1.02500 1.11000
v 0.96700 1.02500 1.09000
v 0.96700 1.02500 1.11000
v 0.96700 0.30500 1.09000
v 0.96700 0.30500 1.11000
v 0.98700 0.30500 1.09000
v 0.98700 0.30500 1.11000
v 0.96700 1.02500 1.09000
v 0.96700 1.02500 1.11000
v 0.96700 0.30500 1.09000
v 0.96700 0.30500 1.11000
v 0.98700 1.02500 1.11000
v 0.98700 1.02500 1.09000
v 0.98700 0.30500 1.11000
v 0.98700 0.30500 1.09000
f 12968 12970 12969
f 12970 12971 12969
f 12972 12974 12973
f 12974 12975 12973
f 12976 12978 12977
f 12978 12979 12977
f 12980 12982 12981
f 12982 12983 12981
f 12984 12986 12985
f 12986 12987 12985
f 12988 12990 12989
f 12990 12991 12989
v 0.96700 1.02500 -0.29000
v 0.98700 1.02500 -0.29000
v 0.96700 0.30500 -0.29000
v 0.98700 0.30500 -0.29000
v 0.98700 1.02500 -0.31000
v 0.96700 1.02500 -0.31000
v 0.98700 0.30500 -0.31000
v 0.96700 0.30500 -0.31000
v 0.98700 1.02500 -0.31000
v 0.98700 1.02500 -0.29000
v 0.96700 1.02500 -0.31000
v 0.96700 1.02500 -0.29000
v 0.96700 0.30500 -0.31000
v 0.96700 0.30500 -0.29000
v 0.98700 0.30500 -0.31000
v 0.98700 0.30500 -0.29000
v 0.96700 1.02500 -0.31000
v 0.96700 1.02500 -0.29000
v 0.96700 0.30500 -0.31000
v 0.96700 0.30500 -0.29000
v 0.98700 1.02500 -0.29000
v 0.98700 1.02500 -0.31000
v 0.98700 0.30500 -0.29000
v 0.98700 0.30500 -0.31000
f 12992 12994 12993
f 12994 12995 12993
f 12996 12998 12997
f 12998 12999 12997
f 13000 13002 13001
f 13002 13003 13001
f 13004 13006 13005
f 13006 13007 13005
f 13008 13010 13009
f 13010 13011 13009
f 13012 13014 13013
f 13014 13015 13013
v 0.96700 1.02500 -1.57000
v 0.98700 1.02500 -1.57000
v 0.96700 0.30500 -1.57000
v 0.98700 0.30500 -1.57000
v 0.98700 1.02500 -1.59000
v 0.96700 1.02500 -1.59000
v 0.98700 0.30500 -1.59000
v 0.96700 0.30500 -1.59000
v 0.98700 1.02500 -1.59000
v 0.98700 1.02500 -1.57000
v 0.96700 1.02500 -1.59000
v 0.96700 1.02500 -1.57000
v 0.96700 0.30500 -1.59000
v 0.96700 0.30500 -1.57000
v 0.98700 0.30500 -1.59000
v 0.98700 0.30500 -1.57000
v 0.96700 1.02500 -1.59000
v 0.96700 1.02500 -1.57000
v 0.96700 0.30500 -1.59000
v 0.96700 0.30500 -1.57000
v 0.98700 1.02500 -1.57000
v 0.98700 1.02500 -1.59000
v 0.98700 0.30500 -1.57000
v 0.98700 0.30500 -1.59000
f 13016 13018 13017
f 13018 13019 13017
f 13020 13022 13021
f 13022 13023 13021
f 13024 13026 13025
f 13026 13027 13025
f 13028 13030 13029
f 13030 13031 13029
f 13032 13034 13033
f 13034 13035 13033
f 13036 13038 13037
f 13038 13039 13037
v 0.93500 1.03500 0.90500
v 1.03500 1.03500 0.90500
v 0.93500 0.98500 0.90500
v 1.03500 0.98500 0.90500
v 1.03500 1.03500 0.85500
v 0.93500 1.03500 0.85500
v 1.03500 0.98500 0.85500
v 0.93500 0.98500 0.85500
v 1.03500 1.03500 0.85500
v 1.03500 1.03500 0.90500
v 0.93500 1.03500 0.85500
v 0.93500 1.03500 0.90500
v 0.93500 0.98500 0.85500
v 0.93500 0.98500 0.90500
v 1.03500 0.98500 0.85500
v 1.03500 0.98500 0.90500
v 0.93500 1.03500 0.85500
v 0.93500 1.03500 0.90500
v 0.93500 0.98500 0.85500
v 0.93500 0.98500 0.90500
v 1.03500 1.03500 0.90500
v 1.03500 1.03500 0.85500
v 1.03500 0.98500 0.90500
v 1.03500 0.98500 0.85500
f 13040 13042 13041
f 13042 13043 13041
f 13044 13046 13045
f 13046 13047 13045
f 13048 13050 13049
f 13050 13051 13049
f 13052 13054 13053
f 13054 13055 13053
f 13056 13058 13057
f 13058 13059 13057
f 13060 13062 13061
f 13062 13063 13061
v 0.32250 1.02791 1.27780
v 0.35750 1.02791 1.27780
v 0.32250 1.00602 1.28000
v 0.35750 1.00602 1.28000
v 0.35750 0.98398 0.84000
v 0.32250 0.98398 0.84000
v 0.35750 0.96209 0.84220
v 0.32250 0.96209 0.84220
v 0.35750 0.98398 0.84000
v 0.35750 1.02791 1.27780
v 0.32250 0.98398 0.84000
v 0.32250 1.02791 1.27780
v 0.32250 0.96209 0.84220
v 0.32250 1.00602 1.28000
v 0.35750 0.96209 0.84220
v 0.35750 1.00602 1.28000
v 0.32250 0.98398 0.84000
v 0.32250 1.02791 1.27780
v 0.32250 0.96209 0.84220
v 0.32250 1.00602 1.28000
v 0.35750 1.02791 1.27780
v 0.35750 0.98398 0.84000
v 0.35750 1.00602 1.28000
v 0.35750 0.96209 0.84220
f 13064 13066 13065
f 13066 13067 13065
f 13068 13070 13069
f 13070 13071 13069
f 13072 13074 13073
f 13074 13075 13073
f 13076 13078 13077
f 13078 13079 13077
f 13080 13082 13081
f 13082 13083 13081
f 13084 13086 13085
f 13086 13087 13085
v 0.96400 0.62500 2.36000
v 0.99400 0.62500 2.36000
v 0.96400 0.46500 2.36000
v 0.99400 0.46500 2.36000
v 0.99400 0.62500 2.20000
v 0.96400 0.62500 2.20000
v 0.99400 0.46500 2.20000
v 0.96400 0.46500 2.20000
v 0.99400 0.62500 2.20000
v 0.99400 0.62500 2.36000
v 0.96400 0.62500 2.20000
v 0.96400 0.62500 2.36000
v 0.96400 0.46500 2.20000
v 0.96400 0.46500 2.36000
v 0.99400 0.46500 2.20000
v 0.99400 0.46500 2.36000
v 0.96400 0.62500 2.20000
v 0.96400 0.62500 2.36000
v 0.96400 0.46500 2.20000
v 0.96400 0.46500 2.36000
v 0.99400 0.62500 2.36000
v 0.99400 0.62500 2.20000
v 0.99400 0.46500 2.36000
v 0.99400 0.46500 2.20000
f 13088 13090 13089
f 13090 13091 13089
f 13092 13094 13093
f 13094 13095 13093
f 13096 13098 13097
f 13098 13099 13097
f 13100 13102 13101
f 13102 13103 13101
f 13104 13106 13105
f 13106 13107 13105
f 13108 13110 13109
f 13110 13111 13109
v 0.92500 0.73000 -1.92000
v 1.06500 0.73000 -1.92000
v 0.92500 0.67000 -1.92000
v 1.06500 0.67000 -1.92000
v 1.06500 0.73000 -1.98000
v 0.92500 0.73000 -1.98000
v 1.06500 0.67000 -1.98000
v 0.92500 0.67000 -1.98000
v 1.06500 0.73000 -1.98000
v 1.06500 0.73000 -1.92000
v 0.92500 0.73000 -1.98000
v 0.92500 0.73000 -1.92000
v 0.92500 0.67000 -1.98000
v 0.92500 0.67000 -1.92000
v 1.06500 0.67000 -1.98000
v 1.06500 0.67000 -1.92000
v 0.92500 0.73000 -1.98000
v 0.92500 0.73000 -1.92000
v 0.92500 0.67000 -1.98000
v 0.92500 0.67000 -1.92000
v 1.06500 0.73000 -1.92000
v 1.06500 0.73000 -1.98000
v 1.06500 0.67000 -1.92000
v 1.06500 0.67000 -1.98000
f 13112 13114 13113
f 13114 13115 13113
f 13116 13118 13117
f 13118 13119 13117
f 13120 13122 13121
f 13122 13123 13121
f 13124 13126 13125
f 13126 13127 13125
f 13128 13130 13129
f 13130 13131 13129
f 13132 13134 13133
f 13134 13135 13133
v -0.71100 0.87921 2.68949
v -0.68900 0.87921 2.68949
v -0.71100 0.86522 2.68876
v -0.68900 0.86522 2.68876
v -0.68900 0.94678 1.39124
v -0.71100 0.94678 1.39124
v -0.68900 0.93279 1.39051
v -0.71100 0.93279 1.39051
v -0.68900 0.94678 1.39124
v -0.68900 0.87921 2.68949
v -0.71100 0.94678 1.39124
v -0.71100 0.87921 2.68949
v -0.71100 0.93279 1.39051
v -0.71100 0.86522 2.68876
v -0.68900 0.93279 1.39051
v -0.68900 0.86522 2.68876
v -0.71100 0.94678 1.39124
v -0.71100 0.87921 2.68949
v -0.71100 0.93279 1.39051
v -0.71100 0.86522 2.68876
v -0.68900 0.87921 2.68949
v -0.68900 0.94678 1.39124
v -0.68900 0.86522 2.68876
v -0.68900 0.93279 1.39051
f 13136 13138 13137
f 13138 13139 13137
f 13140 13142 13141
f 13142 13143 13141
f 13144 13146 13145
f 13146 13147 13145
f 13148 13150 13149
f 13150 13151 13149
f 13152 13154 13153
f 13154 13155 13153
f 13156 13158 13157
f 13158 13159 13157
v -0.67100 1.01900 -1.59000
v -0.64900 1.01900 -1.59000
v -0.67100 1.00500 -1.59000
v -0.64900 1.00500 -1.59000
v -0.64900 1.01900 -2.53000
v -0.67100 1.01900 -2.53000
v -0.64900 1.00500 -2.53000
v -0.67100 1.00500 -2.53000
v -0.64900 1.01900 -2.53000
v -0.64900 1.01900 -1.59000
v -0.67100 1.01900 -2.53000
v -0.67100 1.01900 -1.59000
v -0.67100 1.00500 -2.53000
v -0.67100 1.00500 -1.59000
v -0.64900 1.00500 -2.53000
v -0.64900 1.00500 -1.59000
v -0.67100 1.01900 -2.53000
v -0.67100 1.01900 -1.59000
v -0.67100 1.00500 -2.53000
v -0.67100 1.00500 -1.59000
v -0.64900 1.01900 -1.59000
v -0.64900 1.01900 -2.53000
v -0.64900 1.00500 -1.59000
v -0.64900 1.00500 -2.53000
f 13160 13162 13161
f 13162 13163 13161
f 13164 13166 13165
f 13166 13167 13165
f 13168 13170 13169
f 13170 13171 13169
f 13172 13174 13173
f 13174 13175 13173
f 13176 13178 13177
f 13178 13179 13177
f 13180 13182 13181
f 13182 13183 13181
v 0.68900 0.87921 2.68949
v 0.71100 0.87921 2.68949
v 0.68900 0.86522 2.68876
v 0.71100 0.86522 2.68876
v 0.71100 0.94678 1.39124
v 0.68900 0.94678 1.39124
v 0.71100 0.93279 1.39051
v 0.68900 0.93279 1.39051
v 0.71100 0.94678 1.39124
v 0.71100 0.87921 2.68949
v 0.68900 0.94678 1.39124
v 0.68900 0.87921 2.68949
v 0.68900 0.93279 1.39051
v 0.68900 0.86522 2.68876
v 0.71100 0.93279 1.39051
v 0.71100 0.86522 2.68876
v 0.68900 0.94678 1.39124
v 0.68900 0.87921 2.68949
v 0.68900 0.93279 1.39051
v 0.68900 0.86522 2.68876
v 0.71100 0.87921 2.68949
v 0.71100 0.94678 1.39124
v 0.71100 0.86522 2.68876
v 0.71100 0.93279 1.39051
f 13184 13186 13185
f 13186 13187 13185
f 13188 13190 13189
f 13190 13191 13189
f 13192 13194 13193
f 13194 13195 13193
f 13196 13198 13197
f 13198 13199 13197
f 13200 13202 13201
f 13202 13203 13201
f 13204 13206 13205
f 13206 13207 13205
v 0.64900 1.01900 -1.59000
v 0.67100 1.01900 -1.59000
v 0.64900 1.00500 -1.59000
v 0.67100 1.00500 -1.59000
v 0.67100 1.01900 -2.53000
v 0.64900 1.01900 -2.53000
v 0.67100 1.00500 -2.53000
v 0.64900 1.00500 -2.53000
v 0.67100 1.01900 -2.53000
v 0.67100 1.01900 -1.59000
v 0.64900 1.01900 -2.53000
v 0.64900 1.01900 -1.59000
v 0.64900 1.00500 -2.53000
v 0.64900 1.00500 -1.59000
v 0.67100 1.00500 -2.53000
v 0.67100 1.00500 -1.59000
v 0.64900 1.01900 -2.53000
v 0.64900 1.01900 -1.59000
v 0.64900 1.00500 -2.53000
v 0.64900 1.00500 -1.59000
v 0.67100 1.01900 -1.59000
v 0.67100 1.01900 -2.53000
v 0.67100 1.00500 -1.59000
v 0.67100 1.00500 -2.53000
f 13208 13210 13209
f 13210 13211 13209
f 13212 13214 13213
f 13214 13215 13213
f 13216 13218 13217
f 13218 13219 13217
f 13220 13222 13221
f 13222 13223 13221
f 13224 13226 13225
f 13226 13227 13225
f 13228 13230 13229
f 13230 13231 13229
v -0.67000 1.03700 -1.58900
v 0.67000 1.03700 -1.58900
v -0.67000 1.02300 -1.58900
v 0.67000 1.02300 -1.58900
v 0.67000 1.03700 -1.61100
v -0.67000 1.03700 -1.61100
v 0.67000 1.02300 -1.61100
v -0.67000 1.02300 -1.61100
v 0.67000 1.03700 -1.61100
v 0.67000 1.03700 -1.58900
v -0.67000 1.03700 -1.61100
v -0.67000 1.03700 -1.58900
v -0.67000 1.02300 -1.61100
v -0.67000 1.02300 -1.58900
v 0.67000 1.02300 -1.61100
v 0.67000 1.02300 -1.58900
v -0.67000 1.03700 -1.61100
v -0.67000 1.03700 -1.58900
v -0.67000 1.02300 -1.61100
v -0.67000 1.02300 -1.58900
v 0.67000 1.03700 -1.58900
v 0.67000 1.03700 -1.61100
v 0.67000 1.02300 -1.58900
v 0.67000 1.02300 -1.61100
f 13232 13234 13233
f 13234 13235 13233
f 13236 13238 13237
f 13238 13239 13237
f 13240 13242 13241
f 13242 13243 13241
f 13244 13246 13245
f 13246 13247 13245
f 13248 13250 13249
f 13250 13251 13249
f 13252 13254 13253
f 13254 13255 13253
v -0.71000 0.94300 1.41100
v 0.71000 0.94300 1.41100
v -0.71000 0.92900 1.41100
v 0.71000 0.92900 1.41100
v 0.71000 0.94300 1.38900
v -0.71000 0.94300 1.38900
v 0.71000 0.92900 1.38900
v -0.71000 0.92900 1.38900
v 0.71000 0.94300 1.38900
v 0.71000 0.94300 1.41100
v -0.71000 0.94300 1.38900
v -0.71000 0.94300 1.41100
v -0.71000 0.92900 1.38900
v -0.71000 0.92900 1.41100
v 0.71000 0.92900 1.38900
v 0.71000 0.92900 1.41100
v -0.71000 0.94300 1.38900
v -0.71000 0.94300 1.41100
v -0.71000 0.92900 1.38900
v -0.71000 0.92900 1.41100
v 0.71000 0.94300 1.41100
v 0.71000 0.94300 1.38900
v 0.71000 0.92900 1.41100
v 0.71000 0.92900 1.38900
f 13256 13258 13257
f 13258 13259 13257
f 13260 13262 13261
f 13262 13263 13261
f 13264 13266 13265
f 13266 13267 13265
f 13268 13270 13269
f 13270 13271 13269
f 13272 13274 13273
f 13274 13275 13273
f 13276 13278 13277
f 13278 13279 13277
v -0.99000 0.55000 2.77000
v 0.99000 0.55000 2.77000
v -0.99000 0.33000 2.77000
v 0.99000 0.33000 2.77000
v 0.99000 0.55000 2.59000
v -0.99000 0.55000 2.59000
v 0.99000 0.33000 2.59000
v -0.99000 0.33000 2.59000
v 0.99000 0.55000 2.59000
v 0.99000 0.55000 2.77000
v -0.99000 0.55000 2.59000
v -0.99000 0.55000 2.77000
v -0.99000 0.33000 2.59000
v -0.99000 0.33000 2.77000
v 0.99000 0.33000 2.59000
v 0.99000 0.33000 2.77000
v -0.99000 0.55000 2.59000
v -0.99000 0.55000 2.77000
v -0.99000 0.33000 2.59000
v -0.99000 0.33000 2.77000
v 0.99000 0.55000 2.77000
v 0.99000 0.55000 2.59000
v 0.99000 0.33000 2.77000
v 0.99000 0.33000 2.59000
f 13280 13282 13281
f 13282 13283 13281
f 13284 13286 13285
f 13286 13287 13285
f 13288 13290 13289
f 13290 13291 13289
f 13292 13294 13293
f 13294 13295 13293
f 13296 13298 13297
f 13298 13299 13297
f 13300 13302 13301
f 13302 13303 13301
v -0.47000 0.82000 2.72500
v 0.47000 0.82000 2.72500
v -0.47000 0.62000 2.72500
v 0.47000 0.62000 2.72500
v 0.47000 0.82000 2.66500
v -0.47000 0.82000 2.66500
v 0.47000 0.62000 2.66500
v -0.47000 0.62000 2.66500
v 0.47000 0.82000 2.66500
v 0.47000 0.82000 2.72500
v -0.47000 0.82000 2.66500
v -0.47000 0.82000 2.72500
v -0.47000 0.62000 2.66500
v -0.47000 0.62000 2.72500
v 0.47000 0.62000 2.66500
v 0.47000 0.62000 2.72500
v -0.47000 0.82000 2.66500
v -0.47000 0.82000 2.72500
v -0.47000 0.62000 2.66500
v -0.47000 0.62000 2.72500
v 0.47000 0.82000 2.72500
v 0.47000 0.82000 2.66500
v 0.47000 0.62000 2.72500
v 0.47000 0.62000 2.66500
f 13304 13306 13305
f 13306 13307 13305
f 13308 13310 13309
f 13310 13311 13309
f 13312 13314 13313
f 13314 13315 13313
f 13316 13318 13317
f 13318 13319 13317
f 13320 13322 13321
f 13322 13323 13321
f 13324 13326 13325
f 13326 13327 13325
v -0.82000 0.59000 2.72700
v -0.62000 0.59000 2.72700
v -0.82000 0.50000 2.72700
v -0.62000 0.50000 2.72700
v -0.62000 0.59000 2.69700
v -0.82000 0.59000 2.69700
v -0.62000 0.50000 2.69700
v -0.82000 0.50000 2.69700
v -0.62000 0.59000 2.69700
v -0.62000 0.59000 2.72700
v -0.82000 0.59000 2.69700
v -0.82000 0.59000 2.72700
v -0.82000 0.50000 2.69700
v -0.82000 0.50000 2.72700
v -0.62000 0.50000 2.69700
v -0.62000 0.50000 2.72700
v -0.82000 0.59000 2.69700
v -0.82000 0.59000 2.72700
v -0.82000 0.50000 2.69700
v -0.82000 0.50000 2.72700
v -0.62000 0.59000 2.72700
v -0.62000 0.59000 2.69700
v -0.62000 0.50000 2.72700
v -0.62000 0.50000 2.69700
f 13328 13330 13329
f 13330 13331 13329
f 13332 13334 13333
f 13334 13335 13333
f 13336 13338 13337
f 13338 13339 13337
f 13340 13342 13341
f 13342 13343 13341
f 13344 13346 13345
f 13346 13347 13345
f 13348 13350 13349
f 13350 13351 13349
v 0.62000 0.59000 2.72700
v 0.82000 0.59000 2.72700
v 0.62000 0.50000 2.72700
v 0.82000 0.50000 2.72700
v 0.82000 0.59000 2.69700
v 0.62000 0.59000 2.69700
v 0.82000 0.50000 2.69700
v 0.62000 0.50000 2.69700
v 0.82000 0.59000 2.69700
v 0.82000 0.59000 2.72700
v 0.62000 0.59000 2.69700
v 0.62000 0.59000 2.72700
v 0.62000 0.50000 2.69700
v 0.62000 0.50000 2.72700
v 0.82000 0.50000 2.69700
v 0.82000 0.50000 2.72700
v 0.62000 0.59000 2.69700
v 0.62000 0.59000 2.72700
v 0.62000 0.50000 2.69700
v 0.62000 0.50000 2.72700
v 0.82000 0.59000 2.72700
v 0.82000 0.59000 2.69700
v 0.82000 0.50000 2.72700
v 0.82000 0.50000 2.69700
f 13352 13354 13353
f 13354 13355 13353
f 13356 13358 13357
f 13358 13359 13357
f 13360 13362 13361
f 13362 13363 13361
f 13364 13366 13365
f 13366 13367 13365
f 13368 13370 13369
f 13370 13371 13369
f 13372 13374 13373
f 13374 13375 13373
v -0.99000 0.55000 -2.59000
v 0.99000 0.55000 -2.59000
v -0.99000 0.33000 -2.59000
v 0.99000 0.33000 -2.59000
v 0.99000 0.55000 -2.77000
v -0.99000 0.55000 -2.77000
v 0.99000 0.33000 -2.77000
v -0.99000 0.33000 -2.77000
v 0.99000 0.55000 -2.77000
v 0.99000 0.55000 -2.59000
v -0.99000 0.55000 -2.77000
v -0.99000 0.55000 -2.59000
v -0.99000 0.33000 -2.77000
v -0.99000 0.33000 -2.59000
v 0.99000 0.33000 -2.77000
v 0.99000 0.33000 -2.59000
v -0.99000 0.55000 -2.77000
v -0.99000 0.55000 -2.59000
v -0.99000 0.33000 -2.77000
v -0.99000 0.33000 -2.59000
v 0.99000 0.55000 -2.59000
v 0.99000 0.55000 -2.77000
v 0.99000 0.33000 -2.59000
v 0.99000 0.33000 -2.77000
f 13376 13378 13377
f 13378 13379 13377
f 13380 13382 13381
f 13382 13383 13381
f 13384 13386 13385
f 13386 13387 13385
f 13388 13390 13389
f 13390 13391 13389
f 13392 13394 13393
f 13394 13395 13393
f 13396 13398 13397
f 13398 13399 13397
v -0.68000 1.54000 -0.17000
v 0.68000 1.54000 -0.17000
v -0.68000 1.48000 -0.17000
v 0.68000 1.48000 -0.17000
v 0.68000 1.54000 -0.43000
v -0.68000 1.54000 -0.43000
v 0.68000 1.48000 -0.43000
v -0.68000 1.48000 -0.43000
v 0.68000 1.54000 -0.43000
v 0.68000 1.54000 -0.17000
v -0.68000 1.54000 -0.43000
v -0.68000 1.54000 -0.17000
v -0.68000 1.48000 -0.43000
v -0.68000 1.48000 -0.17000
v 0.68000 1.48000 -0.43000
v 0.68000 1.48000 -0.17000
v -0.68000 1.54000 -0.43000
v -0.68000 1.54000 -0.17000
v -0.68000 1.48000 -0.43000
v -0.68000 1.48000 -0.17000
v 0.68000 1.54000 -0.17000
v 0.68000 1.54000 -0.43000
v 0.68000 1.48000 -0.17000
v 0.68000 1.48000 -0.43000
f 13400 13402 13401
f 13402 13403 13401
f 13404 13406 13405
f 13406 13407 13405
f 13408 13410 13409
f 13410 13411 13409
f 13412 13414 13413
f 13414 13415 13413
f 13416 13418 13417
f 13418 13419 13417
f 13420 13422 13421
f 13422 13423 13421
v -0.69000 1.71750 -0.16000
v 0.69000 1.71750 -0.16000
v -0.69000 1.68250 -0.16000
v 0.69000 1.68250 -0.16000
v 0.69000 1.71750 -0.44000
v -0.69000 1.71750 -0.44000
v 0.69000 1.68250 -0.44000
v -0.69000 1.68250 -0.44000
v 0.69000 1.71750 -0.44000
v 0.69000 1.71750 -0.16000
v -0.69000 1.71750 -0.44000
v -0.69000 1.71750 -0.16000
v -0.69000 1.68250 -0.44000
v -0.69000 1.68250 -0.16000
v 0.69000 1.68250 -0.44000
v 0.69000 1.68250 -0.16000
v -0.69000 1.71750 -0.44000
v -0.69000 1.71750 -0.16000
v -0.69000 1.68250 -0.44000
v -0.69000 1.68250 -0.16000
v 0.69000 1.71750 -0.16000
v 0.69000 1.71750 -0.44000
v 0.69000 1.68250 -0.16000
v 0.69000 1.68250 -0.44000
f 13424 13426 13425
f 13426 13427 13425
f 13428 13430 13429
f 13430 13431 13429
f 13432 13434 13433
f 13434 13435 13433
f 13436 13438 13437
f 13438 13439 13437
f 13440 13442 13441
f 13442 13443 13441
f 13444 13446 13445
f 13446 13447 13445
v -0.55000 1.49500 -0.25000
v -0.45000 1.49500 -0.25000
v -0.55000 1.44500 -0.25000
v -0.45000 1.44500 -0.25000
v -0.45000 1.49500 -0.35000
v -0.55000 1.49500 -0.35000
v -0.45000 1.44500 -0.35000
v -0.55000 1.44500 -0.35000
v -0.45000 1.49500 -0.35000
v -0.45000 1.49500 -0.25000
v -0.55000 1.49500 -0.35000
v -0.55000 1.49500 -0.25000
v -0.55000 1.44500 -0.35000
v -0.55000 1.44500 -0.25000
v -0.45000 1.44500 -0.35000
v -0.45000 1.44500 -0.25000
v -0.55000 1.49500 -0.35000
v -0.55000 1.49500 -0.25000
v -0.55000 1.44500 -0.35000
v -0.55000 1.44500 -0.25000
v -0.45000 1.49500 -0.25000
v -0.45000 1.49500 -0.35000
v -0.45000 1.44500 -0.25000
v -0.45000 1.44500 -0.35000
f 13448 13450 13449
f 13450 13451 13449
f 13452 13454 13453
f 13454 13455 13453
f 13456 13458 13457
f 13458 13459 13457
f 13460 13462 13461
f 13462 13463 13461
f 13464 13466 13465
f 13466 13467 13465
f 13468 13470 13469
f 13470 13471 13469
v 0.45000 1.49500 -0.25000
v 0.55000 1.49500 -0.25000
v 0.45000 1.44500 -0.25000
v 0.55000 1.44500 -0.25000
v 0.55000 1.49500 -0.35000
v 0.45000 1.49500 -0.35000
v 0.55000 1.44500 -0.35000
v 0.45000 1.44500 -0.35000
v 0.55000 1.49500 -0.35000
v 0.55000 1.49500 -0.25000
v 0.45000 1.49500 -0.35000
v 0.45000 1.49500 -0.25000
v 0.45000 1.44500 -0.35000
v 0.45000 1.44500 -0.25000
v 0.55000 1.44500 -0.35000
v 0.55000 1.44500 -0.25000
v 0.45000 1.49500 -0.35000
v 0.45000 1.49500 -0.25000
v 0.45000 1.44500 -0.35000
v 0.45000 1.44500 -0.25000
v 0.55000 1.49500 -0.25000
v 0.55000 1.49500 -0.35000
v 0.55000 1.44500 -0.25000
v 0.55000 1.44500 -0.35000
f 13472 13474 13473
f 13474 13475 13473
f 13476 13478 13477
f 13478 13479 13477
f 13480 13482 13481
f 13482 13483 13481
f 13484 13486 13485
f 13486 13487 13485
f 13488 13490 13489
f 13490 13491 13489
f 13492 13494 13493
f 13494 13495 13493
v -0.42000 1.61000 0.31000
v -0.18000 1.61000 0.31000
v -0.42000 1.48000 0.31000
v -0.18000 1.48000 0.31000
v -0.18000 1.61000 0.01000
v -0.42000 1.61000 0.01000
v -0.18000 1.48000 0.01000
v -0.42000 1.48000 0.01000
v -0.18000 1.61000 0.01000
v -0.18000 1.61000 0.31000
v -0.42000 1.61000 0.01000
v -0.42000 1.61000 0.31000
v -0.42000 1.48000 0.01000
v -0.42000 1.48000 0.31000
v -0.18000 1.48000 0.01000
v -0.18000 1.48000 0.31000
v -0.42000 1.61000 0.01000
v -0.42000 1.61000 0.31000
v -0.42000 1.48000 0.01000
v -0.42000 1.48000 0.31000
v -0.18000 1.61000 0.31000
v -0.18000 1.61000 0.01000
v -0.18000 1.48000 0.31000
v -0.18000 1.48000 0.01000
f 13496 13498 13497
f 13498 13499 13497
f 13500 13502 13501
f 13502 13503 13501
f 13504 13506 13505
f 13506 13507 13505
f 13508 13510 13509
f 13510 13511 13509
f 13512 13514 13513
f 13514 13515 13513
f 13516 13518 13517
f 13518 13519 13517
usemtl tire_rubber
v -0.99000 -0.00000 1.75000
v -0.99000 0.00366 1.80123
v -0.99000 0.01458 1.85142
v -0.99000 0.03253 1.89955
v -0.99000 0.05715 1.94463
v -0.99000 0.08793 1.98575
v -0.99000 0.12425 2.02207
v -0.99000 0.16537 2.05285
v -0.99000 0.21045 2.07747
v -0.99000 0.25858 2.09542
v -0.99000 0.30877 2.10634
v -0.99000 0.36000 2.11000
v -0.99000 0.41123 2.10634
v -0.99000 0.46142 2.09542
v -0.99000 0.50955 2.07747
v -0.99000 0.55463 2.05285
v -0.99000 0.59575 2.02207
v -0.99000 0.63207 1.98575
v -0.99000 0.66285 1.94463
v -0.99000 0.68747 1.89955
v -0.99000 0.70542 1.85142
v -0.99000 0.71634 1.80123
v -0.99000 0.72000 1.75000
v -0.99000 0.71634 1.69877
v -0.99000 0.70542 1.64858
v -0.99000 0.68747 1.60045
v -0.99000 0.66285 1.55537
v -0.99000 0.63207 1.51425
v -0.99000 0.59575 1.47793
v -0.99000 0.55463 1.44715
v -0.99000 0.50955 1.42253
v -0.99000 0.46142 1.40458
v -0.99000 0.41123 1.39366
v -0.99000 0.36000 1.39000
v -0.99000 0.30877 1.39366
v -0.99000 0.25858 1.40458
v -0.99000 0.21045 1.42253
v -0.99000 0.16537 1.44715
v -0.99000 0.12425 1.47793
v -0.99000 0.08793 1.51425
v -0.99000 0.05715 1.55537
v -0.99000 0.03253 1.60045
v -0.99000 0.01458 1.64858
v -0.99000 0.00366 1.69877
v -0.99000 -0.00000 1.75000
v -0.73000 -0.00000 1.75000
v -0.73000 0.00366 1.80123
v -0.73000 0.01458 1.85142
v -0.73000 0.03253 1.89955
v -0.73000 0.05715 1.94463
v -0.73000 0.08793 1.98575
v -0.73000 0.12425 2.02207
v -0.73000 0.16537 2.05285
v -0.73000 0.21045 2.07747
v -0.73000 0.25858 2.09542
v -0.73000 0.30877 2.10634
v -0.73000 0.36000 2.11000
v -0.73000 0.41123 2.10634
v -0.73000 0.46142 2.09542
v -0.73000 0.50955 2.07747
v -0.73000 0.55463 2.05285
v -0.73000 0.59575 2.02207
v -0.73000 0.63207 1.98575
v -0.73000 0.66285 1.94463
v -0.73000 0.68747 1.89955
v -0.73000 0.70542 1.85142
v -0.73000 0.71634 1.80123
v -0.73000 0.72000 1.75000
v -0.73000 0.71634 1.69877
v -0.73000 0.70542 1.64858
v -0.73000 0.68747 1.60045
v -0.73000 0.66285 1.55537
v -0.73000 0.63207 1.51425
v -0.73000 0.59575 1.47793
v -0.73000 0.55463 1.44715
v -0.73000 0.50955 1.42253
v -0.73000 0.46142 1.40458
v -0.73000 0.41123 1.39366
v -0.73000 0.36000 1.39000
v -0.73000 0.30877 1.39366
v -0.73000 0.25858 1.40458
v -0.73000 0.21045 1.42253
v -0.73000 0.16537 1.44715
v -0.73000 0.12425 1.47793
v -0.73000 0.08793 1.51425
v -0.73000 0.05715 1.55537
v -0.73000 0.03253 1.60045
v -0.73000 0.01458 1.64858
v -0.73000 0.00366 1.69877
v -0.73000 -0.00000 1.75000
v -0.99000 0.36000 1.75000
v -0.99000 0.36000 1.75000
v -0.99000 0.36000 1.75000
v -0.99000 0.36000 1.75000
v -0.99000 0.36000 1.75000
v -0.99000 0.36000 1.75000
v -0.99000 0.36000 1.75000
v -0.99000 0.36000 1.75000
v -0.99000 0.36000 1.75000
v -0.99000 0.36000 1.75000
v -0.99000 0.36000 1.75000
v -0.99000 0.36000 1.75000
v -0.99000 0.36000 1.75000
v -0.99000 0.36000 1.75000
v -0.99000 0.36000 1.75000
v -0.99000 0.36000 1.75000
v -0.99000 0.36000 1.75000
v -0.99000 0.36000 1.75000
v -0.99000 0.36000 1.75000
v -0.99000 0.36000 1.75000
v -0.99000 0.36000 1.75000
v -0.99000 0.36000 1.75000
v -0.99000 0.36000 1.75000
v -0.99000 0.36000 1.75000
v -0.99000 0.36000 1.75000
v -0.99000 0.36000 1.75000
v -0.99000 0.36000 1.75000
v -0.99000 0.36000 1.75000
v -0.99000 0.36000 1.75000
v -0.99000 0.36000 1.75000
v -0.99000 0.36000 1.75000
v -0.99000 0.36000 1.75000
v -0.99000 0.36000 1.75000
v -0.99000 0.36000 1.75000
v -0.99000 0.36000 1.75000
v -0.99000 0.36000 1.75000
v -0.99000 0.36000 1.75000
v -0.99000 0.36000 1.75000
v -0.99000 0.36000 1.75000
v -0.99000 0.36000 1.75000
v -0.99000 0.36000 1.75000
v -0.99000 0.36000 1.75000
v -0.99000 0.36000 1.75000
v -0.99000 0.36000 1.75000
v -0.99000 -0.00000 1.75000
v -0.99000 0.00366 1.80123
v -0.99000 0.01458 1.85142
v -0.99000 0.03253 1.89955
v -0.99000 0.05715 1.94463
v -0.99000 0.08793 1.98575
v -0.99000 0.12425 2.02207
v -0.99000 0.16537 2.05285
v -0.99000 0.21045 2.07747
v -0.99000 0.25858 2.09542
v -0.99000 0.30877 2.10634
v -0.99000 0.36000 2.11000
v -0.99000 0.41123 2.10634
v -0.99000 0.46142 2.09542
v -0.99000 0.50955 2.07747
v -0.99000 0.55463 2.05285
v -0.99000 0.59575 2.02207
v -0.99000 0.63207 1.98575
v -0.99000 0.66285 1.94463
v -0.99000 0.68747 1.89955
v -0.99000 0.70542 1.85142
v -0.99000 0.71634 1.80123
v -0.99000 0.72000 1.75000
v -0.99000 0.71634 1.69877
v -0.99000 0.70542 1.64858
v -0.99000 0.68747 1.60045
v -0.99000 0.66285 1.55537
v -0.99000 0.63207 1.51425
v -0.99000 0.59575 1.47793
v -0.99000 0.55463 1.44715
v -0.99000 0.50955 1.42253
v -0.99000 0.46142 1.40458
v -0.99000 0.41123 1.39366
v -0.99000 0.36000 1.39000
v -0.99000 0.30877 1.39366
v -0.99000 0.25858 1.40458
v -0.99000 0.21045 1.42253
v -0.99000 0.16537 1.44715
v -0.99000 0.12425 1.47793
v -0.99000 0.08793 1.51425
v -0.99000 0.05715 1.55537
v -0.99000 0.03253 1.60045
v -0.99000 0.01458 1.64858
v -0.99000 0.00366 1.69877
v -0.99000 -0.00000 1.75000
v -0.73000 0.36000 1.75000
v -0.73000 0.36000 1.75000
v -0.73000 0.36000 1.75000
v -0.73000 0.36000 1.75000
v -0.73000 0.36000 1.75000
v -0.73000 0.36000 1.75000
v -0.73000 0.36000 1.75000
v -0.73000 0.36000 1.75000
v -0.73000 0.36000 1.75000
v -0.73000 0.36000 1.75000
v -0.73000 0.36000 1.75000
v -0.73000 0.36000 1.75000
v -0.73000 0.36000 1.75000
v -0.73000 0.36000 1.75000
v -0.73000 0.36000 1.75000
v -0.73000 0.36000 1.75000
v -0.73000 0.36000 1.75000
v -0.73000 0.36000 1.75000
v -0.73000 0.36000 1.75000
v -0.73000 0.36000 1.75000
v -0.73000 0.36000 1.75000
v -0.73000 0.36000 1.75000
v -0.73000 0.36000 1.75000
v -0.73000 0.36000 1.75000
v -0.73000 0.36000 1.75000
v -0.73000 0.36000 1.75000
v -0.73000 0.36000 1.75000
v -0.73000 0.36000 1.75000
v -0.73000 0.36000 1.75000
v -0.73000 0.36000 1.75000
v -0.73000 0.36000 1.75000
v -0.73000 0.36000 1.75000
v -0.73000 0.36000 1.75000
v -0.73000 0.36000 1.75000
v -0.73000 0.36000 1.75000
v -0.73000 0.36000 1.75000
v -0.73000 0.36000 1.75000
v -0.73000 0.36000 1.75000
v -0.73000 0.36000 1.75000
v -0.73000 0.36000 1.75000
v -0.73000 0.36000 1.75000
v -0.73000 0.36000 1.75000
v -0.73000 0.36000 1.75000
v -0.73000 0.36000 1.75000
v -0.73000 -0.00000 1.75000
v -0.73000 0.00366 1.80123
v -0.73000 0.01458 1.85142
v -0.73000 0.03253 1.89955
v -0.73000 0.05715 1.94463
v -0.73000 0.08793 1.98575
v -0.73000 0.12425 2.02207
v -0.73000 0.16537 2.05285
v -0.73000 0.21045 2.07747
v -0.73000 0.25858 2.09542
v -0.73000 0.30877 2.10634
v -0.73000 0.36000 2.11000
v -0.73000 0.41123 2.10634
v -0.73000 0.46142 2.09542
v -0.73000 0.50955 2.07747
v -0.73000 0.55463 2.05285
v -0.73000 0.59575 2.02207
v -0.73000 0.63207 1.98575
v -0.73000 0.66285 1.94463
v -0.73000 0.68747 1.89955
v -0.73000 0.70542 1.85142
v -0.73000 0.71634 1.80123
v -0.73000 0.72000 1.75000
v -0.73000 0.71634 1.69877
v -0.73000 0.70542 1.64858
v -0.73000 0.68747 1.60045
v -0.73000 0.66285 1.55537
v -0.73000 0.63207 1.51425
v -0.73000 0.59575 1.47793
v -0.73000 0.55463 1.44715
v -0.73000 0.50955 1.42253
v -0.73000 0.46142 1.40458
v -0.73000 0.41123 1.39366
v -0.73000 0.36000 1.39000
v -0.73000 0.30877 1.39366
v -0.73000 0.25858 1.40458
v -0.73000 0.21045 1.42253
v -0.73000 0.16537 1.44715
v -0.73000 0.12425 1.47793
v -0.73000 0.08793 1.51425
v -0.73000 0.05715 1.55537
v -0.73000 0.03253 1.60045
v -0.73000 0.01458 1.64858
v -0.73000 0.00366 1.69877
v -0.73000 -0.00000 1.75000
f 13520 13565 13521
f 13565 13566 13521
f 13521 13566 13522
f 13566 13567 13522
f 13522 13567 13523
f 13567 13568 13523
f 13523 13568 13524
f 13568 13569 13524
f 13524 13569 13525
f 13569 13570 13525
f 13525 13570 13526
f 13570 13571 13526
f 13526 13571 13527
f 13571 13572 13527
f 13527 13572 13528
f 13572 13573 13528
f 13528 13573 13529
f 13573 13574 13529
f 13529 13574 13530
f 13574 13575 13530
f 13530 13575 13531
f 13575 13576 13531
f 13531 13576 13532
f 13576 13577 13532
f 13532 13577 13533
f 13577 13578 13533
f 13533 13578 13534
f 13578 13579 13534
f 13534 13579 13535
f 13579 13580 13535
f 13535 13580 13536
f 13580 13581 13536
f 13536 13581 13537
f 13581 13582 13537
f 13537 13582 13538
f 13582 13583 13538
f 13538 13583 13539
f 13583 13584 13539
f 13539 13584 13540
f 13584 13585 13540
f 13540 13585 13541
f 13585 13586 13541
f 13541 13586 13542
f 13586 13587 13542
f 13542 13587 13543
f 13587 13588 13543
f 13543 13588 13544
f 13588 13589 13544
f 13544 13589 13545
f 13589 13590 13545
f 13545 13590 13546
f 13590 13591 13546
f 13546 13591 13547
f 13591 13592 13547
f 13547 13592 13548
f 13592 13593 13548
f 13548 13593 13549
f 13593 13594 13549
f 13549 13594 13550
f 13594 13595 13550
f 13550 13595 13551
f 13595 13596 13551
f 13551 13596 13552
f 13596 13597 13552
f 13552 13597 13553
f 13597 13598 13553
f 13553 13598 13554
f 13598 13599 13554
f 13554 13599 13555
f 13599 13600 13555
f 13555 13600 13556
f 13600 13601 13556
f 13556 13601 13557
f 13601 13602 13557
f 13557 13602 13558
f 13602 13603 13558
f 13558 13603 13559
f 13603 13604 13559
f 13559 13604 13560
f 13604 13605 13560
f 13560 13605 13561
f 13605 13606 13561
f 13561 13606 13562
f 13606 13607 13562
f 13562 13607 13563
f 13607 13608 13563
f 13563 13608 13564
f 13608 13609 13564
f 13654 13655 13610
f 13655 13656 13611
f 13656 13657 13612
f 13657 13658 13613
f 13658 13659 13614
f 13659 13660 13615
f 13660 13661 13616
f 13661 13662 13617
f 13662 13663 13618
f 13663 13664 13619
f 13664 13665 13620
f 13665 13666 13621
f 13666 13667 13622
f 13667 13668 13623
f 13668 13669 13624
f 13669 13670 13625
f 13670 13671 13626
f 13671 13672 13627
f 13672 13673 13628
f 13673 13674 13629
f 13674 13675 13630
f 13675 13676 13631
f 13676 13677 13632
f 13677 13678 13633
f 13678 13679 13634
f 13679 13680 13635
f 13680 13681 13636
f 13681 13682 13637
f 13682 13683 13638
f 13683 13684 13639
f 13684 13685 13640
f 13685 13686 13641
f 13686 13687 13642
f 13687 13688 13643
f 13688 13689 13644
f 13689 13690 13645
f 13690 13691 13646
f 13691 13692 13647
f 13692 13693 13648
f 13693 13694 13649
f 13694 13695 13650
f 13695 13696 13651
f 13696 13697 13652
f 13697 13698 13653
f 13744 13743 13699
f 13745 13744 13700
f 13746 13745 13701
f 13747 13746 13702
f 13748 13747 13703
f 13749 13748 13704
f 13750 13749 13705
f 13751 13750 13706
f 13752 13751 13707
f 13753 13752 13708
f 13754 13753 13709
f 13755 13754 13710
f 13756 13755 13711
f 13757 13756 13712
f 13758 13757 13713
f 13759 13758 13714
f 13760 13759 13715
f 13761 13760 13716
f 13762 13761 13717
f 13763 13762 13718
f 13764 13763 13719
f 13765 13764 13720
f 13766 13765 13721
f 13767 13766 13722
f 13768 13767 13723
f 13769 13768 13724
f 13770 13769 13725
f 13771 13770 13726
f 13772 13771 13727
f 13773 13772 13728
f 13774 13773 13729
f 13775 13774 13730
f 13776 13775 13731
f 13777 13776 13732
f 13778 13777 13733
f 13779 13778 13734
f 13780 13779 13735
f 13781 13780 13736
f 13782 13781 13737
f 13783 13782 13738
f 13784 13783 13739
f 13785 13784 13740
f 13786 13785 13741
f 13787 13786 13742
v 0.73000 -0.00000 1.75000
v 0.73000 0.00366 1.80123
v 0.73000 0.01458 1.85142
v 0.73000 0.03253 1.89955
v 0.73000 0.05715 1.94463
v 0.73000 0.08793 1.98575
v 0.73000 0.12425 2.02207
v 0.73000 0.16537 2.05285
v 0.73000 0.21045 2.07747
v 0.73000 0.25858 2.09542
v 0.73000 0.30877 2.10634
v 0.73000 0.36000 2.11000
v 0.73000 0.41123 2.10634
v 0.73000 0.46142 2.09542
v 0.73000 0.50955 2.07747
v 0.73000 0.55463 2.05285
v 0.73000 0.59575 2.02207
v 0.73000 0.63207 1.98575
v 0.73000 0.66285 1.94463
v 0.73000 0.68747 1.89955
v 0.73000 0.70542 1.85142
v 0.73000 0.71634 1.80123
v 0.73000 0.72000 1.75000
v 0.73000 0.71634 1.69877
v 0.73000 0.70542 1.64858
v 0.73000 0.68747 1.60045
v 0.73000 0.66285 1.55537
v 0.73000 0.63207 1.51425
v 0.73000 0.59575 1.47793
v 0.73000 0.55463 1.44715
v 0.73000 0.50955 1.42253
v 0.73000 0.46142 1.40458
v 0.73000 0.41123 1.39366
v 0.73000 0.36000 1.39000
v 0.73000 0.30877 1.39366
v 0.73000 0.25858 1.40458
v 0.73000 0.21045 1.42253
v 0.73000 0.16537 1.44715
v 0.73000 0.12425 1.47793
v 0.73000 0.08793 1.51425
v 0.73000 0.05715 1.55537
v 0.73000 0.03253 1.60045
v 0.73000 0.01458 1.64858
v 0.73000 0.00366 1.69877
v 0.73000 -0.00000 1.75000
v 0.99000 -0.00000 1.75000
v 0.99000 0.00366 1.80123
v 0.99000 0.01458 1.85142
v 0.99000 0.03253 1.89955
v 0.99000 0.05715 1.94463
v 0.99000 0.08793 1.98575
v 0.99000 0.12425 2.02207
v 0.99000 0.16537 2.05285
v 0.99000 0.21045 2.07747
v 0.99000 0.25858 2.09542
v 0.99000 0.30877 2.10634
v 0.99000 0.36000 2.11000
v 0.99000 0.41123 2.10634
v 0.99000 0.46142 2.09542
v 0.99000 0.50955 2.07747
v 0.99000 0.55463 2.05285
v 0.99000 0.59575 2.02207
v 0.99000 0.63207 1.98575
v 0.99000 0.66285 1.94463
v 0.99000 0.68747 1.89955
v 0.99000 0.70542 1.85142
v 0.99000 0.71634 1.80123
v 0.99000 0.72000 1.75000
v 0.99000 0.71634 1.69877
v 0.99000 0.70542 1.64858
v 0.99000 0.68747 1.60045
v 0.99000 0.66285 1.55537
v 0.99000 0.63207 1.51425
v 0.99000 0.59575 1.47793
v 0.99000 0.55463 1.44715
v 0.99000 0.50955 1.42253
v 0.99000 0.46142 1.40458
v 0.99000 0.41123 1.39366
v 0.99000 0.36000 1.39000
v 0.99000 0.30877 1.39366
v 0.99000 0.25858 1.40458
v 0.99000 0.21045 1.42253
v 0.99000 0.16537 1.44715
v 0.99000 0.12425 1.47793
v 0.99000 0.08793 1.51425
v 0.99000 0.05715 1.55537
v 0.99000 0.03253 1.60045
v 0.99000 0.01458 1.64858
v 0.99000 0.00366 1.69877
v 0.99000 -0.00000 1.75000
v 0.73000 0.36000 1.75000
v 0.73000 0.36000 1.75000
v 0.73000 0.36000 1.75000
v 0.73000 0.36000 1.75000
v 0.73000 0.36000 1.75000
v 0.73000 0.36000 1.75000
v 0.73000 0.36000 1.75000
v 0.73000 0.36000 1.75000
v 0.73000 0.36000 1.75000
v 0.73000 0.36000 1.75000
v 0.73000 0.36000 1.75000
v 0.73000 0.36000 1.75000
v 0.73000 0.36000 1.75000
v 0.73000 0.36000 1.75000
v 0.73000 0.36000 1.75000
v 0.73000 0.36000 1.75000
v 0.73000 0.36000 1.75000
v 0.73000 0.36000 1.75000
v 0.73000 0.36000 1.75000
v 0.73000 0.36000 1.75000
v 0.73000 0.36000 1.75000
v 0.73000 0.36000 1.75000
v 0.73000 0.36000 1.75000
v 0.73000 0.36000 1.75000
v 0.73000 0.36000 1.75000
v 0.73000 0.36000 1.75000
v 0.73000 0.36000 1.75000
v 0.73000 0.36000 1.75000
v 0.73000 0.36000 1.75000
v 0.73000 0.36000 1.75000
v 0.73000 0.36000 1.75000
v 0.73000 0.36000 1.75000
v 0.73000 0.36000 1.75000
v 0.73000 0.36000 1.75000
v 0.73000 0.36000 1.75000
v 0.73000 0.36000 1.75000
v 0.73000 0.36000 1.75000
v 0.73000 0.36000 1.75000
v 0.73000 0.36000 1.75000
v 0.73000 0.36000 1.75000
v 0.73000 0.36000 1.75000
v 0.73000 0.36000 1.75000
v 0.73000 0.36000 1.75000
v 0.73000 0.36000 1.75000
v 0.73000 -0.00000 1.75000
v 0.73000 0.00366 1.80123
v 0.73000 0.01458 1.85142
v 0.73000 0.03253 1.89955
v 0.73000 0.05715 1.94463
v 0.73000 0.08793 1.98575
v 0.73000 0.12425 2.02207
v 0.73000 0.16537 2.05285
v 0.73000 0.21045 2.07747
v 0.73000 0.25858 2.09542
v 0.73000 0.30877 2.10634
v 0.73000 0.36000 2.11000
v 0.73000 0.41123 2.10634
v 0.73000 0.46142 2.09542
v 0.73000 0.50955 2.07747
v 0.73000 0.55463 2.05285
v 0.73000 0.59575 2.02207
v 0.73000 0.63207 1.98575
v 0.73000 0.66285 1.94463
v 0.73000 0.68747 1.89955
v 0.73000 0.70542 1.85142
v 0.73000 0.71634 1.80123
v 0.73000 0.72000 1.75000
v 0.73000 0.71634 1.69877
v 0.73000 0.70542 1.64858
v 0.73000 0.68747 1.60045
v 0.73000 0.66285 1.55537
v 0.73000 0.63207 1.51425
v 0.73000 0.59575 1.47793
v 0.73000 0.55463 1.44715
v 0.73000 0.50955 1.42253
v 0.73000 0.46142 1.40458
v 0.73000 0.41123 1.39366
v 0.73000 0.36000 1.39000
v 0.73000 0.30877 1.39366
v 0.73000 0.25858 1.40458
v 0.73000 0.21045 1.42253
v 0.73000 0.16537 1.44715
v 0.73000 0.12425 1.47793
v 0.73000 0.08793 1.51425
v 0.73000 0.05715 1.55537
v 0.73000 0.03253 1.60045
v 0.73000 0.01458 1.64858
v 0.73000 0.00366 1.69877
v 0.73000 -0.00000 1.75000
v 0.99000 0.36000 1.75000
v 0.99000 0.36000 1.75000
v 0.99000 0.36000 1.75000
v 0.99000 0.36000 1.75000
v 0.99000 0.36000 1.75000
v 0.99000 0.36000 1.75000
v 0.99000 0.36000 1.75000
v 0.99000 0.36000 1.75000
v 0.99000 0.36000 1.75000
v 0.99000 0.36000 1.75000
v 0.99000 0.36000 1.75000
v 0.99000 0.36000 1.75000
v 0.99000 0.36000 1.75000
v 0.99000 0.36000 1.75000
v 0.99000 0.36000 1.75000
v 0.99000 0.36000 1.75000
v 0.99000 0.36000 1.75000
v 0.99000 0.36000 1.75000
v 0.99000 0.36000 1.75000
v 0.99000 0.36000 1.75000
v 0.99000 0.36000 1.75000
v 0.99000 0.36000 1.75000
v 0.99000 0.36000 1.75000
v 0.99000 0.36000 1.75000
v 0.99000 0.36000 1.75000
v 0.99000 0.36000 1.75000
v 0.99000 0.36000 1.75000
v 0.99000 0.36000 1.75000
v 0.99000 0.36000 1.75000
v 0.99000 0.36000 1.75000
v 0.99000 0.36000 1.75000
v 0.99000 0.36000 1.75000
v 0.99000 0.36000 1.75000
v 0.99000 0.36000 1.75000
v 0.99000 0.36000 1.75000
v 0.99000 0.36000 1.75000
v 0.99000 0.36000 1.75000
v 0.99000 0.36000 1.75000
v 0.99000 0.36000 1.75000
v 0.99000 0.36000 1.75000
v 0.99000 0.36000 1.75000
v 0.99000 0.36000 1.75000
v 0.99000 0.36000 1.75000
v 0.99000 0.36000 1.75000
v 0.99000 -0.00000 1.75000
v 0.99000 0.00366 1.80123
v 0.99000 0.01458 1.85142
v 0.99000 0.03253 1.89955
v 0.99000 0.05715 1.94463
v 0.99000 0.08793 1.98575
v 0.99000 0.12425 2.02207
v 0.99000 0.16537 2.05285
v 0.99000 0.21045 2.07747
v 0.99000 0.25858 2.09542
v 0.99000 0.30877 2.10634
v 0.99000 0.36000 2.11000
v 0.99000 0.41123 2.10634
v 0.99000 0.46142 2.09542
v 0.99000 0.50955 2.07747
v 0.99000 0.55463 2.05285
v 0.99000 0.59575 2.02207
v 0.99000 0.63207 1.98575
v 0.99000 0.66285 1.94463
v 0.99000 0.68747 1.89955
v 0.99000 0.70542 1.85142
v 0.99000 0.71634 1.80123
v 0.99000 0.72000 1.75000
v 0.99000 0.71634 1.69877
v 0.99000 0.70542 1.64858
v 0.99000 0.68747 1.60045
v 0.99000 0.66285 1.55537
v 0.99000 0.63207 1.51425
v 0.99000 0.59575 1.47793
v 0.99000 0.55463 1.44715
v 0.99000 0.50955 1.42253
v 0.99000 0.46142 1.40458
v 0.99000 0.41123 1.39366
v 0.99000 0.36000 1.39000
v 0.99000 0.30877 1.39366
v 0.99000 0.25858 1.40458
v 0.99000 0.21045 1.42253
v 0.99000 0.16537 1.44715
v 0.99000 0.12425 1.47793
v 0.99000 0.08793 1.51425
v 0.99000 0.05715 1.55537
v 0.99000 0.03253 1.60045
v 0.99000 0.01458 1.64858
v 0.99000 0.00366 1.69877
v 0.99000 -0.00000 1.75000
f 13788 13833 13789
f 13833 13834 13789
f 13789 13834 13790
f 13834 13835 13790
f 13790 13835 13791
f 13835 13836 13791
f 13791 13836 13792
f 13836 13837 13792
f 13792 13837 13793
f 13837 13838 13793
f 13793 13838 13794
f 13838 13839 13794
f 13794 13839 13795
f 13839 13840 13795
f 13795 13840 13796
f 13840 13841 13796
f 13796 13841 13797
f 13841 13842 13797
f 13797 13842 13798
f 13842 13843 13798
f 13798 13843 13799
f 13843 13844 13799
f 13799 13844 13800
f 13844 13845 13800
f 13800 13845 13801
f 13845 13846 13801
f 13801 13846 13802
f 13846 13847 13802
f 13802 13847 13803
f 13847 13848 13803
f 13803 13848 13804
f 13848 13849 13804
f 13804 13849 13805
f 13849 13850 13805
f 13805 13850 13806
f 13850 13851 13806
f 13806 13851 13807
f 13851 13852 13807
f 13807 13852 13808
f 13852 13853 13808
f 13808 13853 13809
f 13853 13854 13809
f 13809 13854 13810
f 13854 13855 13810
f 13810 13855 13811
f 13855 13856 13811
f 13811 13856 13812
f 13856 13857 13812
f 13812 13857 13813
f 13857 13858 13813
f 13813 13858 13814
f 13858 13859 13814
f 13814 13859 13815
f 13859 13860 13815
f 13815 13860 13816
f 13860 13861 13816
f 13816 13861 13817
f 13861 13862 13817
f 13817 13862 13818
f 13862 13863 13818
f 13818 13863 13819
f 13863 13864 13819
f 13819 13864 13820
f 13864 13865 13820
f 13820 13865 13821
f 13865 13866 13821
f 13821 13866 13822
f 13866 13867 13822
f 13822 13867 13823
f 13867 13868 13823
f 13823 13868 13824
f 13868 13869 13824
f 13824 13869 13825
f 13869 13870 13825
f 13825 13870 13826
f 13870 13871 13826
f 13826 13871 13827
f 13871 13872 13827
f 13827 13872 13828
f 13872 13873 13828
f 13828 13873 13829
f 13873 13874 13829
f 13829 13874 13830
f 13874 13875 13830
f 13830 13875 13831
f 13875 13876 13831
f 13831 13876 13832
f 13876 13877 13832
f 13922 13923 13878
f 13923 13924 13879
f 13924 13925 13880
f 13925 13926 13881
f 13926 13927 13882
f 13927 13928 13883
f 13928 13929 13884
f 13929 13930 13885
f 13930 13931 13886
f 13931 13932 13887
f 13932 13933 13888
f 13933 13934 13889
f 13934 13935 13890
f 13935 13936 13891
f 13936 13937 13892
f 13937 13938 13893
f 13938 13939 13894
f 13939 13940 13895
f 13940 13941 13896
f 13941 13942 13897
f 13942 13943 13898
f 13943 13944 13899
f 13944 13945 13900
f 13945 13946 13901
f 13946 13947 13902
f 13947 13948 13903
f 13948 13949 13904
f 13949 13950 13905
f 13950 13951 13906
f 13951 13952 13907
f 13952 13953 13908
f 13953 13954 13909
f 13954 13955 13910
f 13955 13956 13911
f 13956 13957 13912
f 13957 13958 13913
f 13958 13959 13914
f 13959 13960 13915
f 13960 13961 13916
f 13961 13962 13917
f 13962 13963 13918
f 13963 13964 13919
f 13964 13965 13920
f 13965 13966 13921
f 14012 14011 13967
f 14013 14012 13968
f 14014 14013 13969
f 14015 14014 13970
f 14016 14015 13971
f 14017 14016 13972
f 14018 14017 13973
f 14019 14018 13974
f 14020 14019 13975
f 14021 14020 13976
f 14022 14021 13977
f 14023 14022 13978
f 14024 14023 13979
f 14025 14024 13980
f 14026 14025 13981
f 14027 14026 13982
f 14028 14027 13983
f 14029 14028 13984
f 14030 14029 13985
f 14031 14030 13986
f 14032 14031 13987
f 14033 14032 13988
f 14034 14033 13989
f 14035 14034 13990
f 14036 14035 13991
f 14037 14036 13992
f 14038 14037 13993
f 14039 14038 13994
f 14040 14039 13995
f 14041 14040 13996
f 14042 14041 13997
f 14043 14042 13998
f 14044 14043 13999
f 14045 14044 14000
f 14046 14045 14001
f 14047 14046 14002
f 14048 14047 14003
f 14049 14048 14004
f 14050 14049 14005
f 14051 14050 14006
f 14052 14051 14007
f 14053 14052 14008
f 14054 14053 14009
f 14055 14054 14010
v -0.99000 -0.00000 -1.20000
v -0.99000 0.00366 -1.14877
v -0.99000 0.01458 -1.09858
v -0.99000 0.03253 -1.05045
v -0.99000 0.05715 -1.00537
v -0.99000 0.08793 -0.96425
v -0.99000 0.12425 -0.92793
v -0.99000 0.16537 -0.89715
v -0.99000 0.21045 -0.87253
v -0.99000 0.25858 -0.85458
v -0.99000 0.30877 -0.84366
v -0.99000 0.36000 -0.84000
v -0.99000 0.41123 -0.84366
v -0.99000 0.46142 -0.85458
v -0.99000 0.50955 -0.87253
v -0.99000 0.55463 -0.89715
v -0.99000 0.59575 -0.92793
v -0.99000 0.63207 -0.96425
v -0.99000 0.66285 -1.00537
v -0.99000 0.68747 -1.05045
v -0.99000 0.70542 -1.09858
v -0.99000 0.71634 -1.14877
v -0.99000 0.72000 -1.20000
v -0.99000 0.71634 -1.25123
v -0.99000 0.70542 -1.30142
v -0.99000 0.68747 -1.34955
v -0.99000 0.66285 -1.39463
v -0.99000 0.63207 -1.43575
v -0.99000 0.59575 -1.47207
v -0.99000 0.55463 -1.50285
v -0.99000 0.50955 -1.52747
v -0.99000 0.46142 -1.54542
v -0.99000 0.41123 -1.55634
v -0.99000 0.36000 -1.56000
v -0.99000 0.30877 -1.55634
v -0.99000 0.25858 -1.54542
v -0.99000 0.21045 -1.52747
v -0.99000 0.16537 -1.50285
v -0.99000 0.12425 -1.47207
v -0.99000 0.08793 -1.43575
v -0.99000 0.05715 -1.39463
v -0.99000 0.03253 -1.34955
v -0.99000 0.01458 -1.30142
v -0.99000 0.00366 -1.25123
v -0.99000 -0.00000 -1.20000
v -0.73000 -0.00000 -1.20000
v -0.73000 0.00366 -1.14877
v -0.73000 0.01458 -1.09858
v -0.73000 0.03253 -1.05045
v -0.73000 0.05715 -1.00537
v -0.73000 0.08793 -0.96425
v -0.73000 0.12425 -0.92793
v -0.73000 0.16537 -0.89715
v -0.73000 0.21045 -0.87253
v -0.73000 0.25858 -0.85458
v -0.73000 0.30877 -0.84366
v -0.73000 0.36000 -0.84000
v -0.73000 0.41123 -0.84366
v -0.73000 0.46142 -0.85458
v -0.73000 0.50955 -0.87253
v -0.73000 0.55463 -0.89715
v -0.73000 0.59575 -0.92793
v -0.73000 0.63207 -0.96425
v -0.73000 0.66285 -1.00537
v -0.73000 0.68747 -1.05045
v -0.73000 0.70542 -1.09858
v -0.73000 0.71634 -1.14877
v -0.73000 0.72000 -1.20000
v -0.73000 0.71634 -1.25123
v -0.73000 0.70542 -1.30142
v -0.73000 0.68747 -1.34955
v -0.73000 0.66285 -1.39463
v -0.73000 0.63207 -1.43575
v -0.73000 0.59575 -1.47207
v -0.73000 0.55463 -1.50285
v -0.73000 0.50955 -1.52747
v -0.73000 0.46142 -1.54542
v -0.73000 0.41123 -1.55634
v -0.73000 0.36000 -1.56000
v -0.73000 0.30877 -1.55634
v -0.73000 0.25858 -1.54542
v -0.73000 0.21045 -1.52747
v -0.73000 0.16537 -1.50285
v -0.73000 0.12425 -1.47207
v -0.73000 0.08793 -1.43575
v -0.73000 0.05715 -1.39463
v -0.73000 0.03253 -1.34955
v -0.73000 0.01458 -1.30142
v -0.73000 0.00366 -1.25123
v -0.73000 -0.00000 -1.20000
v -0.99000 0.36000 -1.20000
v -0.99000 0.36000 -1.20000
v -0.99000 0.36000 -1.20000
v -0.99000 0.36000 -1.20000
v -0.99000 0.36000 -1.20000
v -0.99000 0.36000 -1.20000
v -0.99000 0.36000 -1.20000
v -0.99000 0.36000 -1.20000
v -0.99000 0.36000 -1.20000
v -0.99000 0.36000 -1.20000
v -0.99000 0.36000 -1.20000
v -0.99000 0.36000 -1.20000
v -0.99000 0.36000 -1.20000
v -0.99000 0.36000 -1.20000
v -0.99000 0.36000 -1.20000
v -0.99000 0.36000 -1.20000
v -0.99000 0.36000 -1.20000
v -0.99000 0.36000 -1.20000
v -0.99000 0.36000 -1.20000
v -0.99000 0.36000 -1.20000
v -0.99000 0.36000 -1.20000
v -0.99000 0.36000 -1.20000
v -0.99000 0.36000 -1.20000
v -0.99000 0.36000 -1.20000
v -0.99000 0.36000 -1.20000
v -0.99000 0.36000 -1.20000
v -0.99000 0.36000 -1.20000
v -0.99000 0.36000 -1.20000
v -0.99000 0.36000 -1.20000
v -0.99000 0.36000 -1.20000
v -0.99000 0.36000 -1.20000
v -0.99000 0.36000 -1.20000
v -0.99000 0.36000 -1.20000
v -0.99000 0.36000 -1.20000
v -0.99000 0.36000 -1.20000
v -0.99000 0.36000 -1.20000
v -0.99000 0.36000 -1.20000
v -0.99000 0.36000 -1.20000
v -0.99000 0.36000 -1.20000
v -0.99000 0.36000 -1.20000
v -0.99000 0.36000 -1.20000
v -0.99000 0.36000 -1.20000
v -0.99000 0.36000 -1.20000
v -0.99000 0.36000 -1.20000
v -0.99000 -0.00000 -1.20000
v -0.99000 0.00366 -1.14877
v -0.99000 0.01458 -1.09858
v -0.99000 0.03253 -1.05045
v -0.99000 0.05715 -1.00537
v -0.99000 0.08793 -0.96425
v -0.99000 0.12425 -0.92793
v -0.99000 0.16537 -0.89715
v -0.99000 0.21045 -0.87253
v -0.99000 0.25858 -0.85458
v -0.99000 0.30877 -0.84366
v -0.99000 0.36000 -0.84000
v -0.99000 0.41123 -0.84366
v -0.99000 0.46142 -0.85458
v -0.99000 0.50955 -0.87253
v -0.99000 0.55463 -0.89715
v -0.99000 0.59575 -0.92793
v -0.99000 0.63207 -0.96425
v -0.99000 0.66285 -1.00537
v -0.99000 0.68747 -1.05045
v -0.99000 0.70542 -1.09858
v -0.99000 0.71634 -1.14877
v -0.99000 0.72000 -1.20000
v -0.99000 0.71634 -1.25123
v -0.99000 0.70542 -1.30142
v -0.99000 0.68747 -1.34955
v -0.99000 0.66285 -1.39463
v -0.99000 0.63207 -1.43575
v -0.99000 0.59575 -1.47207
v -0.99000 0.55463 -1.50285
v -0.99000 0.50955 -1.52747
v -0.99000 0.46142 -1.54542
v -0.99000 0.41123 -1.55634
v -0.99000 0.36000 -1.56000
v -0.99000 0.30877 -1.55634
v -0.99000 0.25858 -1.54542
v -0.99000 0.21045 -1.52747
v -0.99000 0.16537 -1.50285
v -0.99000 0.12425 -1.47207
v -0.99000 0.08793 -1.43575
v -0.99000 0.05715 -1.39463
v -0.99000 0.03253 -1.34955
v -0.99000 0.01458 -1.30142
v -0.99000 0.00366 -1.25123
v -0.99000 -0.00000 -1.20000
v -0.73000 0.36000 -1.20000
v -0.73000 0.36000 -1.20000
v -0.73000 0.36000 -1.20000
v -0.73000 0.36000 -1.20000
v -0.73000 0.36000 -1.20000
v -0.73000 0.36000 -1.20000
v -0.73000 0.36000 -1.20000
v -0.73000 0.36000 -1.20000
v -0.73000 0.36000 -1.20000
v -0.73000 0.36000 -1.20000
v -0.73000 0.36000 -1.20000
v -0.73000 0.36000 -1.20000
v -0.73000 0.36000 -1.20000
v -0.73000 0.36000 -1.20000
v -0.73000 0.36000 -1.20000
v -0.73000 0.36000 -1.20000
v -0.73000 0.36000 -1.20000
v -0.73000 0.36000 -1.20000
v -0.73000 0.36000 -1.20000
v -0.73000 0.36000 -1.20000
v -0.73000 0.36000 -1.20000
v -0.73000 0.36000 -1.20000
v -0.73000 0.36000 -1.20000
v -0.73000 0.36000 -1.20000
v -0.73000 0.36000 -1.20000
v -0.73000 0.36000 -1.20000
v -0.73000 0.36000 -1.20000
v -0.73000 0.36000 -1.20000
v -0.73000 0.36000 -1.20000
v -0.73000 0.36000 -1.20000
v -0.73000 0.36000 -1.20000
v -0.73000 0.36000 -1.20000
v -0.73000 0.36000 -1.20000
v -0.73000 0.36000 -1.20000
v -0.73000 0.36000 -1.20000
v -0.73000 0.36000 -1.20000
v -0.73000 0.36000 -1.20000
v -0.73000 0.36000 -1.20000
v -0.73000 0.36000 -1.20000
v -0.73000 0.36000 -1.20000
v -0.73000 0.36000 -1.20000
v -0.73000 0.36000 -1.20000
v -0.73000 0.36000 -1.20000
v -0.73000 0.36000 -1.20000
v -0.73000 -0.00000 -1.20000
v -0.73000 0.00366 -1.14877
v -0.73000 0.01458 -1.09858
v -0.73000 0.03253 -1.05045
v -0.73000 0.05715 -1.00537
v -0.73000 0.08793 -0.96425
v -0.73000 0.12425 -0.92793
v -0.73000 0.16537 -0.89715
v -0.73000 0.21045 -0.87253
v -0.73000 0.25858 -0.85458
v -0.73000 0.30877 -0.84366
v -0.73000 0.36000 -0.84000
v -0.73000 0.41123 -0.84366
v -0.73000 0.46142 -0.85458
v -0.73000 0.50955 -0.87253
v -0.73000 0.55463 -0.89715
v -0.73000 0.59575 -0.92793
v -0.73000 0.63207 -0.96425
v -0.73000 0.66285 -1.00537
v -0.73000 0.68747 -1.05045
v -0.73000 0.70542 -1.09858
v -0.73000 0.71634 -1.14877
v -0.73000 0.72000 -1.20000
v -0.73000 0.71634 -1.25123
v -0.73000 0.70542 -1.30142
v -0.73000 0.68747 -1.34955
v -0.73000 0.66285 -1.39463
v -0.73000 0.63207 -1.43575
v -0.73000 0.59575 -1.47207
v -0.73000 0.55463 -1.50285
v -0.73000 0.50955 -1.52747
v -0.73000 0.46142 -1.54542
v -0.73000 0.41123 -1.55634
v -0.73000 0.36000 -1.56000
v -0.73000 0.30877 -1.55634
v -0.73000 0.25858 -1.54542
v -0.73000 0.21045 -1.52747
v -0.73000 0.16537 -1.50285
v -0.73000 0.12425 -1.47207
v -0.73000 0.08793 -1.43575
v -0.73000 0.05715 -1.39463
v -0.73000 0.03253 -1.34955
v -0.73000 0.01458 -1.30142
v -0.73000 0.00366 -1.25123
v -0.73000 -0.00000 -1.20000
f 14056 14101 14057
f 14101 14102 14057
f 14057 14102 14058
f 14102 14103 14058
f 14058 14103 14059
f 14103 14104 14059
f 14059 14104 14060
f 14104 14105 14060
f 14060 14105 14061
f 14105 14106 14061
f 14061 14106 14062
f 14106 14107 14062
f 14062 14107 14063
f 14107 14108 14063
f 14063 14108 14064
f 14108 14109 14064
f 14064 14109 14065
f 14109 14110 14065
f 14065 14110 14066
f 14110 14111 14066
f 14066 14111 14067
f 14111 14112 14067
f 14067 14112 14068
f 14112 14113 14068
f 14068 14113 14069
f 14113 14114 14069
f 14069 14114 14070
f 14114 14115 14070
f 14070 14115 14071
f 14115 14116 14071
f 14071 14116 14072
f 14116 14117 14072
f 14072 14117 14073
f 14117 14118 14073
f 14073 14118 14074
f 14118 14119 14074
f 14074 14119 14075
f 14119 14120 14075
f 14075 14120 14076
f 14120 14121 14076
f 14076 14121 14077
f 14121 14122 14077
f 14077 14122 14078
f 14122 14123 14078
f 14078 14123 14079
f 14123 14124 14079
f 14079 14124 14080
f 14124 14125 14080
f 14080 14125 14081
f 14125 14126 14081
f 14081 14126 14082
f 14126 14127 14082
f 14082 14127 14083
f 14127 14128 14083
f 14083 14128 14084
f 14128 14129 14084
f 14084 14129 14085
f 14129 14130 14085
f 14085 14130 14086
f 14130 14131 14086
f 14086 14131 14087
f 14131 14132 14087
f 14087 14132 14088
f 14132 14133 14088
f 14088 14133 14089
f 14133 14134 14089
f 14089 14134 14090
f 14134 14135 14090
f 14090 14135 14091
f 14135 14136 14091
f 14091 14136 14092
f 14136 14137 14092
f 14092 14137 14093
f 14137 14138 14093
f 14093 14138 14094
f 14138 14139 14094
f 14094 14139 14095
f 14139 14140 14095
f 14095 14140 14096
f 14140 14141 14096
f 14096 14141 14097
f 14141 14142 14097
f 14097 14142 14098
f 14142 14143 14098
f 14098 14143 14099
f 14143 14144 14099
f 14099 14144 14100
f 14144 14145 14100
f 14190 14191 14146
f 14191 14192 14147
f 14192 14193 14148
f 14193 14194 14149
f 14194 14195 14150
f 14195 14196 14151
f 14196 14197 14152
f 14197 14198 14153
f 14198 14199 14154
f 14199 14200 14155
f 14200 14201 14156
f 14201 14202 14157
f 14202 14203 14158
f 14203 14204 14159
f 14204 14205 14160
f 14205 14206 14161
f 14206 14207 14162
f 14207 14208 14163
f 14208 14209 14164
f 14209 14210 14165
f 14210 14211 14166
f 14211 14212 14167
f 14212 14213 14168
f 14213 14214 14169
f 14214 14215 14170
f 14215 14216 14171
f 14216 14217 14172
f 14217 14218 14173
f 14218 14219 14174
f 14219 14220 14175
f 14220 14221 14176
f 14221 14222 14177
f 14222 14223 14178
f 14223 14224 14179
f 14224 14225 14180
f 14225 14226 14181
f 14226 14227 14182
f 14227 14228 14183
f 14228 14229 14184
f 14229 14230 14185
f 14230 14231 14186
f 14231 14232 14187
f 14232 14233 14188
f 14233 14234 14189
f 14280 14279 14235
f 14281 14280 14236
f 14282 14281 14237
f 14283 14282 14238
f 14284 14283 14239
f 14285 14284 14240
f 14286 14285 14241
f 14287 14286 14242
f 14288 14287 14243
f 14289 14288 14244
f 14290 14289 14245
f 14291 14290 14246
f 14292 14291 14247
f 14293 14292 14248
f 14294 14293 14249
f 14295 14294 14250
f 14296 14295 14251
f 14297 14296 14252
f 14298 14297 14253
f 14299 14298 14254
f 14300 14299 14255
f 14301 14300 14256
f 14302 14301 14257
f 14303 14302 14258
f 14304 14303 14259
f 14305 14304 14260
f 14306 14305 14261
f 14307 14306 14262
f 14308 14307 14263
f 14309 14308 14264
f 14310 14309 14265
f 14311 14310 14266
f 14312 14311 14267
f 14313 14312 14268
f 14314 14313 14269
f 14315 14314 14270
f 14316 14315 14271
f 14317 14316 14272
f 14318 14317 14273
f 14319 14318 14274
f 14320 14319 14275
f 14321 14320 14276
f 14322 14321 14277
f 14323 14322 14278
v 0.73000 -0.00000 -1.20000
v 0.73000 0.00366 -1.14877
v 0.73000 0.01458 -1.09858
v 0.73000 0.03253 -1.05045
v 0.73000 0.05715 -1.00537
v 0.73000 0.08793 -0.96425
v 0.73000 0.12425 -0.92793
v 0.73000 0.16537 -0.89715
v 0.73000 0.21045 -0.87253
v 0.73000 0.25858 -0.85458
v 0.73000 0.30877 -0.84366
v 0.73000 0.36000 -0.84000
v 0.73000 0.41123 -0.84366
v 0.73000 0.46142 -0.85458
v 0.73000 0.50955 -0.87253
v 0.73000 0.55463 -0.89715
v 0.73000 0.59575 -0.92793
v 0.73000 0.63207 -0.96425
v 0.73000 0.66285 -1.00537
v 0.73000 0.68747 -1.05045
v 0.73000 0.70542 -1.09858
v 0.73000 0.71634 -1.14877
v 0.73000 0.72000 -1.20000
v 0.73000 0.71634 -1.25123
v 0.73000 0.70542 -1.30142
v 0.73000 0.68747 -1.34955
v 0.73000 0.66285 -1.39463
v 0.73000 0.63207 -1.43575
v 0.73000 0.59575 -1.47207
v 0.73000 0.55463 -1.50285
v 0.73000 0.50955 -1.52747
v 0.73000 0.46142 -1.54542
v 0.73000 0.41123 -1.55634
v 0.73000 0.36000 -1.56000
v 0.73000 0.30877 -1.55634
v 0.73000 0.25858 -1.54542
v 0.73000 0.21045 -1.52747
v 0.73000 0.16537 -1.50285
v 0.73000 0.12425 -1.47207
v 0.73000 0.08793 -1.43575
v 0.73000 0.05715 -1.39463
v 0.73000 0.03253 -1.34955
v 0.73000 0.01458 -1.30142
v 0.73000 0.00366 -1.25123
v 0.73000 -0.00000 -1.20000
v 0.99000 -0.00000 -1.20000
v 0.99000 0.00366 -1.14877
v 0.99000 0.01458 -1.09858
v 0.99000 0.03253 -1.05045
v 0.99000 0.05715 -1.00537
v 0.99000 0.08793 -0.96425
v 0.99000 0.12425 -0.92793
v 0.99000 0.16537 -0.89715
v 0.99000 0.21045 -0.87253
v 0.99000 0.25858 -0.85458
v 0.99000 0.30877 -0.84366
v 0.99000 0.36000 -0.84000
v 0.99000 0.41123 -0.84366
v 0.99000 0.46142 -0.85458
v 0.99000 0.50955 -0.87253
v 0.99000 0.55463 -0.89715
v 0.99000 0.59575 -0.92793
v 0.99000 0.63207 -0.96425
v 0.99000 0.66285 -1.00537
v 0.99000 0.68747 -1.05045
v 0.99000 0.70542 -1.09858
v 0.99000 0.71634 -1.14877
v 0.99000 0.72000 -1.20000
v 0.99000 0.71634 -1.25123
v 0.99000 0.70542 -1.30142
v 0.99000 0.68747 -1.34955
v 0.99000 0.66285 -1.39463
v 0.99000 0.63207 -1.43575
v 0.99000 0.59575 -1.47207
v 0.99000 0.55463 -1.50285
v 0.99000 0.50955 -1.52747
v 0.99000 0.46142 -1.54542
v 0.99000 0.41123 -1.55634
v 0.99000 0.36000 -1.56000
v 0.99000 0.30877 -1.55634
v 0.99000 0.25858 -1.54542
v 0.99000 0.21045 -1.52747
v 0.99000 0.16537 -1.50285
v 0.99000 0.12425 -1.47207
v 0.99000 0.08793 -1.43575
v 0.99000 0.05715 -1.39463
v 0.99000 0.03253 -1.34955
v 0.99000 0.01458 -1.30142
v 0.99000 0.00366 -1.25123
v 0.99000 -0.00000 -1.20000
v 0.73000 0.36000 -1.20000
v 0.73000 0.36000 -1.20000
v 0.73000 0.36000 -1.20000
v 0.73000 0.36000 -1.20000
v 0.73000 0.36000 -1.20000
v 0.73000 0.36000 -1.20000
v 0.73000 0.36000 -1.20000
v 0.73000 0.36000 -1.20000
v 0.73000 0.36000 -1.20000
v 0.73000 0.36000 -1.20000
v 0.73000 0.36000 -1.20000
v 0.73000 0.36000 -1.20000
v 0.73000 0.36000 -1.20000
v 0.73000 0.36000 -1.20000
v 0.73000 0.36000 -1.20000
v 0.73000 0.36000 -1.20000
v 0.73000 0.36000 -1.20000
v 0.73000 0.36000 -1.20000
v 0.73000 0.36000 -1.20000
v 0.73000 0.36000 -1.20000
v 0.73000 0.36000 -1.20000
v 0.73000 0.36000 -1.20000
v 0.73000 0.36000 -1.20000
v 0.73000 0.36000 -1.20000
v 0.73000 0.36000 -1.20000
v 0.73000 0.36000 -1.20000
v 0.73000 0.36000 -1.20000
v 0.73000 0.36000 -1.20000
v 0.73000 0.36000 -1.20000
v 0.73000 0.36000 -1.20000
v 0.73000 0.36000 -1.20000
v 0.73000 0.36000 -1.20000
v 0.73000 0.36000 -1.20000
v 0.73000 0.36000 -1.20000
v 0.73000 0.36000 -1.20000
v 0.73000 0.36000 -1.20000
v 0.73000 0.36000 -1.20000
v 0.73000 0.36000 -1.20000
v 0.73000 0.36000 -1.20000
v 0.73000 0.36000 -1.20000
v 0.73000 0.36000 -1.20000
v 0.73000 0.36000 -1.20000
v 0.73000 0.36000 -1.20000
v 0.73000 0.36000 -1.20000
v 0.73000 -0.00000 -1.20000
v 0.73000 0.00366 -1.14877
v 0.73000 0.01458 -1.09858
v 0.73000 0.03253 -1.05045
v 0.73000 0.05715 -1.00537
v 0.73000 0.08793 -0.96425
v 0.73000 0.12425 -0.92793
v 0.73000 0.16537 -0.89715
v 0.73000 0.21045 -0.87253
v 0.73000 0.25858 -0.85458
v 0.73000 0.30877 -0.84366
v 0.73000 0.36000 -0.84000
v 0.73000 0.41123 -0.84366
v 0.73000 0.46142 -0.85458
v 0.73000 0.50955 -0.87253
v 0.73000 0.55463 -0.89715
v 0.73000 0.59575 -0.92793
v 0.73000 0.63207 -0.96425
v 0.73000 0.66285 -1.00537
v 0.73000 0.68747 -1.05045
v 0.73000 0.70542 -1.09858
v 0.73000 0.71634 -1.14877
v 0.73000 0.72000 -1.20000
v 0.73000 0.71634 -1.25123
v 0.73000 0.70542 -1.30142
v 0.73000 0.68747 -1.34955
v 0.73000 0.66285 -1.39463
v 0.73000 0.63207 -1.43575
v 0.73000 0.59575 -1.47207
v 0.73000 0.55463 -1.50285
v 0.73000 0.50955 -1.52747
v 0.73000 0.46142 -1.54542
v 0.73000 0.41123 -1.55634
v 0.73000 0.36000 -1.56000
v 0.73000 0.30877 -1.55634
v 0.73000 0.25858 -1.54542
v 0.73000 0.21045 -1.52747
v 0.73000 0.16537 -1.50285
v 0.73000 0.12425 -1.47207
v 0.73000 0.08793 -1.43575
v 0.73000 0.05715 -1.39463
v 0.73000 0.03253 -1.34955
v 0.73000 0.01458 -1.30142
v 0.73000 0.00366 -1.25123
v 0.73000 -0.00000 -1.20000
v 0.99000 0.36000 -1.20000
v 0.99000 0.36000 -1.20000
v 0.99000 0.36000 -1.20000
v 0.99000 0.36000 -1.20000
v 0.99000 0.36000 -1.20000
v 0.99000 0.36000 -1.20000
v 0.99000 0.36000 -1.20000
v 0.99000 0.36000 -1.20000
v 0.99000 0.36000 -1.20000
v 0.99000 0.36000 -1.20000
v 0.99000 0.36000 -1.20000
v 0.99000 0.36000 -1.20000
v 0.99000 0.36000 -1.20000
v 0.99000 0.36000 -1.20000
v 0.99000 0.36000 -1.20000
v 0.99000 0.36000 -1.20000
v 0.99000 0.36000 -1.20000
v 0.99000 0.36000 -1.20000
v 0.99000 0.36000 -1.20000
v 0.99000 0.36000 -1.20000
v 0.99000 0.36000 -1.20000
v 0.99000 0.36000 -1.20000
v 0.99000 0.36000 -1.20000
v 0.99000 0.36000 -1.20000
v 0.99000 0.36000 -1.20000
v 0.99000 0.36000 -1.20000
v 0.99000 0.36000 -1.20000
v 0.99000 0.36000 -1.20000
v 0.99000 0.36000 -1.20000
v 0.99000 0.36000 -1.20000
v 0.99000 0.36000 -1.20000
v 0.99000 0.36000 -1.20000
v 0.99000 0.36000 -1.20000
v 0.99000 0.36000 -1.20000
v 0.99000 0.36000 -1.20000
v 0.99000 0.36000 -1.20000
v 0.99000 0.36000 -1.20000
v 0.99000 0.36000 -1.20000
v 0.99000 0.36000 -1.20000
v 0.99000 0.36000 -1.20000
v 0.99000 0.36000 -1.20000
v 0.99000 0.36000 -1.20000
v 0.99000 0.36000 -1.20000
v 0.99000 0.36000 -1.20000
v 0.99000 -0.00000 -1.20000
v 0.99000 0.00366 -1.14877
v 0.99000 0.01458 -1.09858
v 0.99000 0.03253 -1.05045
v 0.99000 0.05715 -1.00537
v 0.99000 0.08793 -0.96425
v 0.99000 0.12425 -0.92793
v 0.99000 0.16537 -0.89715
v 0.99000 0.21045 -0.87253
v 0.99000 0.25858 -0.85458
v 0.99000 0.30877 -0.84366
v 0.99000 0.36000 -0.84000
v 0.99000 0.41123 -0.84366
v 0.99000 0.46142 -0.85458
v 0.99000 0.50955 -0.87253
v 0.99000 0.55463 -0.89715
v 0.99000 0.59575 -0.92793
v 0.99000 0.63207 -0.96425
v 0.99000 0.66285 -1.00537
v 0.99000 0.68747 -1.05045
v 0.99000 0.70542 -1.09858
v 0.99000 0.71634 -1.14877
v 0.99000 0.72000 -1.20000
v 0.99000 0.71634 -1.25123
v 0.99000 0.70542 -1.30142
v 0.99000 0.68747 -1.34955
v 0.99000 0.66285 -1.39463
v 0.99000 0.63207 -1.43575
v 0.99000 0.59575 -1.47207
v 0.99000 0.55463 -1.50285
v 0.99000 0.50955 -1.52747
v 0.99000 0.46142 -1.54542
v 0.99000 0.41123 -1.55634
v 0.99000 0.36000 -1.56000
v 0.99000 0.30877 -1.55634
v 0.99000 0.25858 -1.54542
v 0.99000 0.21045 -1.52747
v 0.99000 0.16537 -1.50285
v 0.99000 0.12425 -1.47207
v 0.99000 0.08793 -1.43575
v 0.99000 0.05715 -1.39463
v 0.99000 0.03253 -1.34955
v 0.99000 0.01458 -1.30142
v 0.99000 0.00366 -1.25123
v 0.99000 -0.00000 -1.20000
f 14324 14369 14325
f 14369 14370 14325
f 14325 14370 14326
f 14370 14371 14326
f 14326 14371 14327
f 14371 14372 14327
f 14327 14372 14328
f 14372 14373 14328
f 14328 14373 14329
f 14373 14374 14329
f 14329 14374 14330
f 14374 14375 14330
f 14330 14375 14331
f 14375 14376 14331
f 14331 14376 14332
f 14376 14377 14332
f 14332 14377 14333
f 14377 14378 14333
f 14333 14378 14334
f 14378 14379 14334
f 14334 14379 14335
f 14379 14380 14335
f 14335 14380 14336
f 14380 14381 14336
f 14336 14381 14337
f 14381 14382 14337
f 14337 14382 14338
f 14382 14383 14338
f 14338 14383 14339
f 14383 14384 14339
f 14339 14384 14340
f 14384 14385 14340
f 14340 14385 14341
f 14385 14386 14341
f 14341 14386 14342
f 14386 14387 14342
f 14342 14387 14343
f 14387 14388 14343
f 14343 14388 14344
f 14388 14389 14344
f 14344 14389 14345
f 14389 14390 14345
f 14345 14390 14346
f 14390 14391 14346
f 14346 14391 14347
f 14391 14392 14347
f 14347 14392 14348
f 14392 14393 14348
f 14348 14393 14349
f 14393 14394 14349
f 14349 14394 14350
f 14394 14395 14350
f 14350 14395 14351
f 14395 14396 14351
f 14351 14396 14352
f 14396 14397 14352
f 14352 14397 14353
f 14397 14398 14353
f 14353 14398 14354
f 14398 14399 14354
f 14354 14399 14355
f 14399 14400 14355
f 14355 14400 14356
f 14400 14401 14356
f 14356 14401 14357
f 14401 14402 14357
f 14357 14402 14358
f 14402 14403 14358
f 14358 14403 14359
f 14403 14404 14359
f 14359 14404 14360
f 14404 14405 14360
f 14360 14405 14361
f 14405 14406 14361
f 14361 14406 14362
f 14406 14407 14362
f 14362 14407 14363
f 14407 14408 14363
f 14363 14408 14364
f 14408 14409 14364
f 14364 14409 14365
f 14409 14410 14365
f 14365 14410 14366
f 14410 14411 14366
f 14366 14411 14367
f 14411 14412 14367
f 14367 14412 14368
f 14412 14413 14368
f 14458 14459 14414
f 14459 14460 14415
f 14460 14461 14416
f 14461 14462 14417
f 14462 14463 14418
f 14463 14464 14419
f 14464 14465 14420
f 14465 14466 14421
f 14466 14467 14422
f 14467 14468 14423
f 14468 14469 14424
f 14469 14470 14425
f 14470 14471 14426
f 14471 14472 14427
f 14472 14473 14428
f 14473 14474 14429
f 14474 14475 14430
f 14475 14476 14431
f 14476 14477 14432
f 14477 14478 14433
f 14478 14479 14434
f 14479 14480 14435
f 14480 14481 14436
f 14481 14482 14437
f 14482 14483 14438
f 14483 14484 14439
f 14484 14485 14440
f 14485 14486 14441
f 14486 14487 14442
f 14487 14488 14443
f 14488 14489 14444
f 14489 14490 14445
f 14490 14491 14446
f 14491 14492 14447
f 14492 14493 14448
f 14493 14494 14449
f 14494 14495 14450
f 14495 14496 14451
f 14496 14497 14452
f 14497 14498 14453
f 14498 14499 14454
f 14499 14500 14455
f 14500 14501 14456
f 14501 14502 14457
f 14548 14547 14503
f 14549 14548 14504
f 14550 14549 14505
f 14551 14550 14506
f 14552 14551 14507
f 14553 14552 14508
f 14554 14553 14509
f 14555 14554 14510
f 14556 14555 14511
f 14557 14556 14512
f 14558 14557 14513
f 14559 14558 14514
f 14560 14559 14515
f 14561 14560 14516
f 14562 14561 14517
f 14563 14562 14518
f 14564 14563 14519
f 14565 14564 14520
f 14566 14565 14521
f 14567 14566 14522
f 14568 14567 14523
f 14569 14568 14524
f 14570 14569 14525
f 14571 14570 14526
f 14572 14571 14527
f 14573 14572 14528
f 14574 14573 14529
f 14575 14574 14530
f 14576 14575 14531
f 14577 14576 14532
f 14578 14577 14533
f 14579 14578 14534
f 14580 14579 14535
f 14581 14580 14536
f 14582 14581 14537
f 14583 14582 14538
f 14584 14583 14539
f 14585 14584 14540
f 14586 14585 14541
f 14587 14586 14542
f 14588 14587 14543
f 14589 14588 14544
f 14590 14589 14545
f 14591 14590 14546
usemtl steel_blue
v -1.03550 0.30000 1.75000
v -1.03550 0.30294 1.76854
v -1.03550 0.31146 1.78527
v -1.03550 0.32473 1.79854
v -1.03550 0.34146 1.80706
v -1.03550 0.36000 1.81000
v -1.03550 0.37854 1.80706
v -1.03550 0.39527 1.79854
v -1.03550 0.40854 1.78527
v -1.03550 0.41706 1.76854
v -1.03550 0.42000 1.75000
v -1.03550 0.41706 1.73146
v -1.03550 0.40854 1.71473
v -1.03550 0.39527 1.70146
v -1.03550 0.37854 1.69294
v -1.03550 0.36000 1.69000
v -1.03550 0.34146 1.69294
v -1.03550 0.32473 1.70146
v -1.03550 0.31146 1.71473
v -1.03550 0.30294 1.73146
v -1.03550 0.30000 1.75000
v -1.00050 0.30000 1.75000
v -1.00050 0.30294 1.76854
v -1.00050 0.31146 1.78527
v -1.00050 0.32473 1.79854
v -1.00050 0.34146 1.80706
v -1.00050 0.36000 1.81000
v -1.00050 0.37854 1.80706
v -1.00050 0.39527 1.79854
v -1.00050 0.40854 1.78527
v -1.00050 0.41706 1.76854
v -1.00050 0.42000 1.75000
v -1.00050 0.41706 1.73146
v -1.00050 0.40854 1.71473
v -1.00050 0.39527 1.70146
v -1.00050 0.37854 1.69294
v -1.00050 0.36000 1.69000
v -1.00050 0.34146 1.69294
v -1.00050 0.32473 1.70146
v -1.00050 0.31146 1.71473
v -1.00050 0.30294 1.73146
v -1.00050 0.30000 1.75000
v -1.03550 0.36000 1.75000
v -1.03550 0.36000 1.75000
v -1.03550 0.36000 1.75000
v -1.03550 0.36000 1.75000
v -1.03550 0.36000 1.75000
v -1.03550 0.36000 1.75000
v -1.03550 0.36000 1.75000
v -1.03550 0.36000 1.75000
v -1.03550 0.36000 1.75000
v -1.03550 0.36000 1.75000
v -1.03550 0.36000 1.75000
v -1.03550 0.36000 1.75000
v -1.03550 0.36000 1.75000
v -1.03550 0.36000 1.75000
v -1.03550 0.36000 1.75000
v -1.03550 0.36000 1.75000
v -1.03550 0.36000 1.75000
v -1.03550 0.36000 1.75000
v -1.03550 0.36000 1.75000
v -1.03550 0.36000 1.75000
v -1.03550 0.30000 1.75000
v -1.03550 0.30294 1.76854
v -1.03550 0.31146 1.78527
v -1.03550 0.32473 1.79854
v -1.03550 0.34146 1.80706
v -1.03550 0.36000 1.81000
v -1.03550 0.37854 1.80706
v -1.03550 0.39527 1.79854
v -1.03550 0.40854 1.78527
v -1.03550 0.41706 1.76854
v -1.03550 0.42000 1.75000
v -1.03550 0.41706 1.73146
v -1.03550 0.40854 1.71473
v -1.03550 0.39527 1.70146
v -1.03550 0.37854 1.69294
v -1.03550 0.36000 1.69000
v -1.03550 0.34146 1.69294
v -1.03550 0.32473 1.70146
v -1.03550 0.31146 1.71473
v -1.03550 0.30294 1.73146
v -1.03550 0.30000 1.75000
v -1.00050 0.36000 1.75000
v -1.00050 0.36000 1.75000
v -1.00050 0.36000 1.75000
v -1.00050 0.36000 1.75000
v -1.00050 0.36000 1.75000
v -1.00050 0.36000 1.75000
v -1.00050 0.36000 1.75000
v -1.00050 0.36000 1.75000
v -1.00050 0.36000 1.75000
v -1.00050 0.36000 1.75000
v -1.00050 0.36000 1.75000
v -1.00050 0.36000 1.75000
v -1.00050 0.36000 1.75000
v -1.00050 0.36000 1.75000
v -1.00050 0.36000 1.75000
v -1.00050 0.36000 1.75000
v -1.00050 0.36000 1.75000
v -1.00050 0.36000 1.75000
v -1.00050 0.36000 1.75000
v -1.00050 0.36000 1.75000
v -1.00050 0.30000 1.75000
v -1.00050 0.30294 1.76854
v -1.00050 0.31146 1.78527
v -1.00050 0.32473 1.79854
v -1.00050 0.34146 1.80706
v -1.00050 0.36000 1.81000
v -1.00050 0.37854 1.80706
v -1.00050 0.39527 1.79854
v -1.00050 0.40854 1.78527
v -1.00050 0.41706 1.76854
v -1.00050 0.42000 1.75000
v -1.00050 0.41706 1.73146
v -1.00050 0.40854 1.71473
v -1.00050 0.39527 1.70146
v -1.00050 0.37854 1.69294
v -1.00050 0.36000 1.69000
v -1.00050 0.34146 1.69294
v -1.00050 0.32473 1.70146
v -1.00050 0.31146 1.71473
v -1.00050 0.30294 1.73146
v -1.00050 0.30000 1.75000
f 14592 14613 14593
f 14613 14614 14593
f 14593 14614 14594
f 14614 14615 14594
f 14594 14615 14595
f 14615 14616 14595
f 14595 14616 14596
f 14616 14617 14596
f 14596 14617 14597
f 14617 14618 14597
f 14597 14618 14598
f 14618 14619 14598
f 14598 14619 14599
f 14619 14620 14599
f 14599 14620 14600
f 14620 14621 14600
f 14600 14621 14601
f 14621 14622 14601
f 14601 14622 14602
f 14622 14623 14602
f 14602 14623 14603
f 14623 14624 14603
f 14603 14624 14604
f 14624 14625 14604
f 14604 14625 14605
f 14625 14626 14605
f 14605 14626 14606
f 14626 14627 14606
f 14606 14627 14607
f 14627 14628 14607
f 14607 14628 14608
f 14628 14629 14608
f 14608 14629 14609
f 14629 14630 14609
f 14609 14630 14610
f 14630 14631 14610
f 14610 14631 14611
f 14631 14632 14611
f 14611 14632 14612
f 14632 14633 14612
f 14654 14655 14634
f 14655 14656 14635
f 14656 14657 14636
f 14657 14658 14637
f 14658 14659 14638
f 14659 14660 14639
f 14660 14661 14640
f 14661 14662 14641
f 14662 14663 14642
f 14663 14664 14643
f 14664 14665 14644
f 14665 14666 14645
f 14666 14667 14646
f 14667 14668 14647
f 14668 14669 14648
f 14669 14670 14649
f 14670 14671 14650
f 14671 14672 14651
f 14672 14673 14652
f 14673 14674 14653
f 14696 14695 14675
f 14697 14696 14676
f 14698 14697 14677
f 14699 14698 14678
f 14700 14699 14679
f 14701 14700 14680
f 14702 14701 14681
f 14703 14702 14682
f 14704 14703 14683
f 14705 14704 14684
f 14706 14705 14685
f 14707 14706 14686
f 14708 14707 14687
f 14709 14708 14688
f 14710 14709 14689
f 14711 14710 14690
f 14712 14711 14691
f 14713 14712 14692
f 14714 14713 14693
f 14715 14714 14694
v 1.00050 0.30000 1.75000
v 1.00050 0.30294 1.76854
v 1.00050 0.31146 1.78527
v 1.00050 0.32473 1.79854
v 1.00050 0.34146 1.80706
v 1.00050 0.36000 1.81000
v 1.00050 0.37854 1.80706
v 1.00050 0.39527 1.79854
v 1.00050 0.40854 1.78527
v 1.00050 0.41706 1.76854
v 1.00050 0.42000 1.75000
v 1.00050 0.41706 1.73146
v 1.00050 0.40854 1.71473
v 1.00050 0.39527 1.70146
v 1.00050 0.37854 1.69294
v 1.00050 0.36000 1.69000
v 1.00050 0.34146 1.69294
v 1.00050 0.32473 1.70146
v 1.00050 0.31146 1.71473
v 1.00050 0.30294 1.73146
v 1.00050 0.30000 1.75000
v 1.03550 0.30000 1.75000
v 1.03550 0.30294 1.76854
v 1.03550 0.31146 1.78527
v 1.03550 0.32473 1.79854
v 1.03550 0.34146 1.80706
v 1.03550 0.36000 1.81000
v 1.03550 0.37854 1.80706
v 1.03550 0.39527 1.79854
v 1.03550 0.40854 1.78527
v 1.03550 0.41706 1.76854
v 1.03550 0.42000 1.75000
v 1.03550 0.41706 1.73146
v 1.03550 0.40854 1.71473
v 1.03550 0.39527 1.70146
v 1.03550 0.37854 1.69294
v 1.03550 0.36000 1.69000
v 1.03550 0.34146 1.69294
v 1.03550 0.32473 1.70146
v 1.03550 0.31146 1.71473
v 1.03550 0.30294 1.73146
v 1.03550 0.30000 1.75000
v 1.00050 0.36000 1.75000
v 1.00050 0.36000 1.75000
v 1.00050 0.36000 1.75000
v 1.00050 0.36000 1.75000
v 1.00050 0.36000 1.75000
v 1.00050 0.36000 1.75000
v 1.00050 0.36000 1.75000
v 1.00050 0.36000 1.75000
v 1.00050 0.36000 1.75000
v 1.00050 0.36000 1.75000
v 1.00050 0.36000 1.75000
v 1.00050 0.36000 1.75000
v 1.00050 0.36000 1.75000
v 1.00050 0.36000 1.75000
v 1.00050 0.36000 1.75000
v 1.00050 0.36000 1.75000
v 1.00050 0.36000 1.75000
v 1.00050 0.36000 1.75000
v 1.00050 0.36000 1.75000
v 1.00050 0.36000 1.75000
v 1.00050 0.30000 1.75000
v 1.00050 0.30294 1.76854
v 1.00050 0.31146 1.78527
v 1.00050 0.32473 1.79854
v 1.00050 0.34146 1.80706
v 1.00050 0.36000 1.81000
v 1.00050 0.37854 1.80706
v 1.00050 0.39527 1.79854
v 1.00050 0.40854 1.78527
v 1.00050 0.41706 1.76854
v 1.00050 0.42000 1.75000
v 1.00050 0.41706 1.73146
v 1.00050 0.40854 1.71473
v 1.00050 0.39527 1.70146
v 1.00050 0.37854 1.69294
v 1.00050 0.36000 1.69000
v 1.00050 0.34146 1.69294
v 1.00050 0.32473 1.70146
v 1.00050 0.31146 1.71473
v 1.00050 0.30294 1.73146
v 1.00050 0.30000 1.75000
v 1.03550 0.36000 1.75000
v 1.03550 0.36000 1.75000
v 1.03550 0.36000 1.75000
v 1.03550 0.36000 1.75000
v 1.03550 0.36000 1.75000
v 1.03550 0.36000 1.75000
v 1.03550 0.36000 1.75000
v 1.03550 0.36000 1.75000
v 1.03550 0.36000 1.75000
v 1.03550 0.36000 1.75000
v 1.03550 0.36000 1.75000
v 1.03550 0.36000 1.75000
v 1.03550 0.36000 1.75000
v 1.03550 0.36000 1.75000
v 1.03550 0.36000 1.75000
v 1.03550 0.36000 1.75000
v 1.03550 0.36000 1.75000
v 1.03550 0.36000 1.75000
v 1.03550 0.36000 1.75000
v 1.03550 0.36000 1.75000
v 1.03550 0.30000 1.75000
v 1.03550 0.30294 1.76854
v 1.03550 0.31146 1.78527
v 1.03550 0.32473 1.79854
v 1.03550 0.34146 1.80706
v 1.03550 0.36000 1.81000
v 1.03550 0.37854 1.80706
v 1.03550 0.39527 1.79854
v 1.03550 0.40854 1.78527
v 1.03550 0.41706 1.76854
v 1.03550 0.42000 1.75000
v 1.03550 0.41706 1.73146
v 1.03550 0.40854 1.71473
v 1.03550 0.39527 1.70146
v 1.03550 0.37854 1.69294
v 1.03550 0.36000 1.69000
v 1.03550 0.34146 1.69294
v 1.03550 0.32473 1.70146
v 1.03550 0.31146 1.71473
v 1.03550 0.30294 1.73146
v 1.03550 0.30000 1.75000
f 14716 14737 14717
f 14737 14738 14717
f 14717 14738 14718
f 14738 14739 14718
f 14718 14739 14719
f 14739 14740 14719
f 14719 14740 14720
f 14740 14741 14720
f 14720 14741 14721
f 14741 14742 14721
f 14721 14742 14722
f 14742 14743 14722
f 14722 14743 14723
f 14743 14744 14723
f 14723 14744 14724
f 14744 14745 14724
f 14724 14745 14725
f 14745 14746 14725
f 14725 14746 14726
f 14746 14747 14726
f 14726 14747 14727
f 14747 14748 14727
f 14727 14748 14728
f 14748 14749 14728
f 14728 14749 14729
f 14749 14750 14729
f 14729 14750 14730
f 14750 14751 14730
f 14730 14751 14731
f 14751 14752 14731
f 14731 14752 14732
f 14752 14753 14732
f 14732 14753 14733
f 14753 14754 14733
f 14733 14754 14734
f 14754 14755 14734
f 14734 14755 14735
f 14755 14756 14735
f 14735 14756 14736
f 14756 14757 14736
f 14778 14779 14758
f 14779 14780 14759
f 14780 14781 14760
f 14781 14782 14761
f 14782 14783 14762
f 14783 14784 14763
f 14784 14785 14764
f 14785 14786 14765
f 14786 14787 14766
f 14787 14788 14767
f 14788 14789 14768
f 14789 14790 14769
f 14790 14791 14770
f 14791 14792 14771
f 14792 14793 14772
f 14793 14794 14773
f 14794 14795 14774
f 14795 14796 14775
f 14796 14797 14776
f 14797 14798 14777
f 14820 14819 14799
f 14821 14820 14800
f 14822 14821 14801
f 14823 14822 14802
f 14824 14823 14803
f 14825 14824 14804
f 14826 14825 14805
f 14827 14826 14806
f 14828 14827 14807
f 14829 14828 14808
f 14830 14829 14809
f 14831 14830 14810
f 14832 14831 14811
f 14833 14832 14812
f 14834 14833 14813
f 14835 14834 14814
f 14836 14835 14815
f 14837 14836 14816
f 14838 14837 14817
f 14839 14838 14818
v -1.03550 0.30000 -1.20000
v -1.03550 0.30294 -1.18146
v -1.03550 0.31146 -1.16473
v -1.03550 0.32473 -1.15146
v -1.03550 0.34146 -1.14294
v -1.03550 0.36000 -1.14000
v -1.03550 0.37854 -1.14294
v -1.03550 0.39527 -1.15146
v -1.03550 0.40854 -1.16473
v -1.03550 0.41706 -1.18146
v -1.03550 0.42000 -1.20000
v -1.03550 0.41706 -1.21854
v -1.03550 0.40854 -1.23527
v -1.03550 0.39527 -1.24854
v -1.03550 0.37854 -1.25706
v -1.03550 0.36000 -1.26000
v -1.03550 0.34146 -1.25706
v -1.03550 0.32473 -1.24854
v -1.03550 0.31146 -1.23527
v -1.03550 0.30294 -1.21854
v -1.03550 0.30000 -1.20000
v -1.00050 0.30000 -1.20000
v -1.00050 0.30294 -1.18146
v -1.00050 0.31146 -1.16473
v -1.00050 0.32473 -1.15146
v -1.00050 0.34146 -1.14294
v -1.00050 0.36000 -1.14000
v -1.00050 0.37854 -1.14294
v -1.00050 0.39527 -1.15146
v -1.00050 0.40854 -1.16473
v -1.00050 0.41706 -1.18146
v -1.00050 0.42000 -1.20000
v -1.00050 0.41706 -1.21854
v -1.00050 0.40854 -1.23527
v -1.00050 0.39527 -1.24854
v -1.00050 0.37854 -1.25706
v -1.00050 0.36000 -1.26000
v -1.00050 0.34146 -1.25706
v -1.00050 0.32473 -1.24854
v -1.00050 0.31146 -1.23527
v -1.00050 0.30294 -1.21854
v -1.00050 0.30000 -1.20000
v -1.03550 0.36000 -1.20000
v -1.03550 0.36000 -1.20000
v -1.03550 0.36000 -1.20000
v -1.03550 0.36000 -1.20000
v -1.03550 0.36000 -1.20000
v -1.03550 0.36000 -1.20000
v -1.03550 0.36000 -1.20000
v -1.03550 0.36000 -1.20000
v -1.03550 0.36000 -1.20000
v -1.03550 0.36000 -1.20000
v -1.03550 0.36000 -1.20000
v -1.03550 0.36000 -1.20000
v -1.03550 0.36000 -1.20000
v -1.03550 0.36000 -1.20000
v -1.03550 0.36000 -1.20000
v -1.03550 0.36000 -1.20000
v -1.03550 0.36000 -1.20000
v -1.03550 0.36000 -1.20000
v -1.03550 0.36000 -1.20000
v -1.03550 0.36000 -1.20000
v -1.03550 0.30000 -1.20000
v -1.03550 0.30294 -1.18146
v -1.03550 0.31146 -1.16473
v -1.03550 0.32473 -1.15146
v -1.03550 0.34146 -1.14294
v -1.03550 0.36000 -1.14000
v -1.03550 0.37854 -1.14294
v -1.03550 0.39527 -1.15146
v -1.03550 0.40854 -1.16473
v -1.03550 0.41706 -1.18146
v -1.03550 0.42000 -1.20000
v -1.03550 0.41706 -1.21854
v -1.03550 0.40854 -1.23527
v -1.03550 0.39527 -1.24854
v -1.03550 0.37854 -1.25706
v -1.03550 0.36000 -1.26000
v -1.03550 0.34146 -1.25706
v -1.03550 0.32473 -1.24854
v -1.03550 0.31146 -1.23527
v -1.03550 0.30294 -1.21854
v -1.03550 0.30000 -1.20000
v -1.00050 0.36000 -1.20000
v -1.00050 0.36000 -1.20000
v -1.00050 0.36000 -1.20000
v -1.00050 0.36000 -1.20000
v -1.00050 0.36000 -1.20000
v -1.00050 0.36000 -1.20000
v -1.00050 0.36000 -1.20000
v -1.00050 0.36000 -1.20000
v -1.00050 0.36000 -1.20000
v -1.00050 0.36000 -1.20000
v -1.00050 0.36000 -1.20000
v -1.00050 0.36000 -1.20000
v -1.00050 0.36000 -1.20000
v -1.00050 0.36000 -1.20000
v -1.00050 0.36000 -1.20000
v -1.00050 0.36000 -1.20000
v -1.00050 0.36000 -1.20000
v -1.00050 0.36000 -1.20000
v -1.00050 0.36000 -1.20000
v -1.00050 0.36000 -1.20000
v -1.00050 0.30000 -1.20000
v -1.00050 0.30294 -1.18146
v -1.00050 0.31146 -1.16473
v -1.00050 0.32473 -1.15146
v -1.00050 0.34146 -1.14294
v -1.00050 0.36000 -1.14000
v -1.00050 0.37854 -1.14294
v -1.00050 0.39527 -1.15146
v -1.00050 0.40854 -1.16473
v -1.00050 0.41706 -1.18146
v -1.00050 0.42000 -1.20000
v -1.00050 0.41706 -1.21854
v -1.00050 0.40854 -1.23527
v -1.00050 0.39527 -1.24854
v -1.00050 0.37854 -1.25706
v -1.00050 0.36000 -1.26000
v -1.00050 0.34146 -1.25706
v -1.00050 0.32473 -1.24854
v -1.00050 0.31146 -1.23527
v -1.00050 0.30294 -1.21854
v -1.00050 0.30000 -1.20000
f 14840 14861 14841
f 14861 14862 14841
f 14841 14862 14842
f 14862 14863 14842
f 14842 14863 14843
f 14863 14864 14843
f 14843 14864 14844
f 14864 14865 14844
f 14844 14865 14845
f 14865 14866 14845
f 14845 14866 14846
f 14866 14867 14846
f 14846 14867 14847
f 14867 14868 14847
f 14847 14868 14848
f 14868 14869 14848
f 14848 14869 14849
f 14869 14870 14849
f 14849 14870 14850
f 14870 14871 14850
f 14850 14871 14851
f 14871 14872 14851
f 14851 14872 14852
f 14872 14873 14852
f 14852 14873 14853
f 14873 14874 14853
f 14853 14874 14854
f 14874 14875 14854
f 14854 14875 14855
f 14875 14876 14855
f 14855 14876 14856
f 14876 14877 14856
f 14856 14877 14857
f 14877 14878 14857
f 14857 14878 14858
f 14878 14879 14858
f 14858 14879 14859
f 14879 14880 14859
f 14859 14880 14860
f 14880 14881 14860
f 14902 14903 14882
f 14903 14904 14883
f 14904 14905 14884
f 14905 14906 14885
f 14906 14907 14886
f 14907 14908 14887
f 14908 14909 14888
f 14909 14910 14889
f 14910 14911 14890
f 14911 14912 14891
f 14912 14913 14892
f 14913 14914 14893
f 14914 14915 14894
f 14915 14916 14895
f 14916 14917 14896
f 14917 14918 14897
f 14918 14919 14898
f 14919 14920 14899
f 14920 14921 14900
f 14921 14922 14901
f 14944 14943 14923
f 14945 14944 14924
f 14946 14945 14925
f 14947 14946 14926
f 14948 14947 14927
f 14949 14948 14928
f 14950 14949 14929
f 14951 14950 14930
f 14952 14951 14931
f 14953 14952 14932
f 14954 14953 14933
f 14955 14954 14934
f 14956 14955 14935
f 14957 14956 14936
f 14958 14957 14937
f 14959 14958 14938
f 14960 14959 14939
f 14961 14960 14940
f 14962 14961 14941
f 14963 14962 14942
v 1.00050 0.30000 -1.20000
v 1.00050 0.30294 -1.18146
v 1.00050 0.31146 -1.16473
v 1.00050 0.32473 -1.15146
v 1.00050 0.34146 -1.14294
v 1.00050 0.36000 -1.14000
v 1.00050 0.37854 -1.14294
v 1.00050 0.39527 -1.15146
v 1.00050 0.40854 -1.16473
v 1.00050 0.41706 -1.18146
v 1.00050 0.42000 -1.20000
v 1.00050 0.41706 -1.21854
v 1.00050 0.40854 -1.23527
v 1.00050 0.39527 -1.24854
v 1.00050 0.37854 -1.25706
v 1.00050 0.36000 -1.26000
v 1.00050 0.34146 -1.25706
v 1.00050 0.32473 -1.24854
v 1.00050 0.31146 -1.23527
v 1.00050 0.30294 -1.21854
v 1.00050 0.30000 -1.20000
v 1.03550 0.30000 -1.20000
v 1.03550 0.30294 -1.18146
v 1.03550 0.31146 -1.16473
v 1.03550 0.32473 -1.15146
v 1.03550 0.34146 -1.14294
v 1.03550 0.36000 -1.14000
v 1.03550 0.37854 -1.14294
v 1.03550 0.39527 -1.15146
v 1.03550 0.40854 -1.16473
v 1.03550 0.41706 -1.18146
v 1.03550 0.42000 -1.20000
v 1.03550 0.41706 -1.21854
v 1.03550 0.40854 -1.23527
v 1.03550 0.39527 -1.24854
v 1.03550 0.37854 -1.25706
v 1.03550 0.36000 -1.26000
v 1.03550 0.34146 -1.25706
v 1.03550 0.32473 -1.24854
v 1.03550 0.31146 -1.23527
v 1.03550 0.30294 -1.21854
v 1.03550 0.30000 -1.20000
v 1.00050 0.36000 -1.20000
v 1.00050 0.36000 -1.20000
v 1.00050 0.36000 -1.20000
v 1.00050 0.36000 -1.20000
v 1.00050 0.36000 -1.20000
v 1.00050 0.36000 -1.20000
v 1.00050 0.36000 -1.20000
v 1.00050 0.36000 -1.20000
v 1.00050 0.36000 -1.20000
v 1.00050 0.36000 -1.20000
v 1.00050 0.36000 -1.20000
v 1.00050 0.36000 -1.20000
v 1.00050 0.36000 -1.20000
v 1.00050 0.36000 -1.20000
v 1.00050 0.36000 -1.20000
v 1.00050 0.36000 -1.20000
v 1.00050 0.36000 -1.20000
v 1.00050 0.36000 -1.20000
v 1.00050 0.36000 -1.20000
v 1.00050 0.36000 -1.20000
v 1.00050 0.30000 -1.20000
v 1.00050 0.30294 -1.18146
v 1.00050 0.31146 -1.16473
v 1.00050 0.32473 -1.15146
v 1.00050 0.34146 -1.14294
v 1.00050 0.36000 -1.14000
v 1.00050 0.37854 -1.14294
v 1.00050 0.39527 -1.15146
v 1.00050 0.40854 -1.16473
v 1.00050 0.41706 -1.18146
v 1.00050 0.42000 -1.20000
v 1.00050 0.41706 -1.21854
v 1.00050 0.40854 -1.23527
v 1.00050 0.39527 -1.24854
v 1.00050 0.37854 -1.25706
v 1.00050 0.36000 -1.26000
v 1.00050 0.34146 -1.25706
v 1.00050 0.32473 -1.24854
v 1.00050 0.31146 -1.23527
v 1.00050 0.30294 -1.21854
v 1.00050 0.30000 -1.20000
v 1.03550 0.36000 -1.20000
v 1.03550 0.36000 -1.20000
v 1.03550 0.36000 -1.20000
v 1.03550 0.36000 -1.20000
v 1.03550 0.36000 -1.20000
v 1.03550 0.36000 -1.20000
v 1.03550 0.36000 -1.20000
v 1.03550 0.36000 -1.20000
v 1.03550 0.36000 -1.20000
v 1.03550 0.36000 -1.20000
v 1.03550 0.36000 -1.20000
v 1.03550 0.36000 -1.20000
v 1.03550 0.36000 -1.20000
v 1.03550 0.36000 -1.20000
v 1.03550 0.36000 -1.20000
v 1.03550 0.36000 -1.20000
v 1.03550 0.36000 -1.20000
v 1.03550 0.36000 -1.20000
v 1.03550 0.36000 -1.20000
v 1.03550 0.36000 -1.20000
v 1.03550 0.30000 -1.20000
v 1.03550 0.30294 -1.18146
v 1.03550 0.31146 -1.16473
v 1.03550 0.32473 -1.15146
v 1.03550 0.34146 -1.14294
v 1.03550 0.36000 -1.14000
v 1.03550 0.37854 -1.14294
v 1.03550 0.39527 -1.15146
v 1.03550 0.40854 -1.16473
v 1.03550 0.41706 -1.18146
v 1.03550 0.42000 -1.20000
v 1.03550 0.41706 -1.21854
v 1.03550 0.40854 -1.23527
v 1.03550 0.39527 -1.24854
v 1.03550 0.37854 -1.25706
v 1.03550 0.36000 -1.26000
v 1.03550 0.34146 -1.25706
v 1.03550 0.32473 -1.24854
v 1.03550 0.31146 -1.23527
v 1.03550 0.30294 -1.21854
v 1.03550 0.30000 -1.20000
f 14964 14985 14965
f 14985 14986 14965
f 14965 14986 14966
f 14986 14987 14966
f 14966 14987 14967
f 14987 14988 14967
f 14967 14988 14968
f 14988 14989 14968
f 14968 14989 14969
f 14989 14990 14969
f 14969 14990 14970
f 14990 14991 14970
f 14970 14991 14971
f 14991 14992 14971
f 14971 14992 14972
f 14992 14993 14972
f 14972 14993 14973
f 14993 14994 14973
f 14973 14994 14974
f 14994 14995 14974
f 14974 14995 14975
f 14995 14996 14975
f 14975 14996 14976
f 14996 14997 14976
f 14976 14997 14977
f 14997 14998 14977
f 14977 14998 14978
f 14998 14999 14978
f 14978 14999 14979
f 14999 15000 14979
f 14979 15000 14980
f 15000 15001 14980
f 14980 15001 14981
f 15001 15002 14981
f 14981 15002 14982
f 15002 15003 14982
f 14982 15003 14983
f 15003 15004 14983
f 14983 15004 14984
f 15004 15005 14984
f 15026 15027 15006
f 15027 15028 15007
f 15028 15029 15008
f 15029 15030 15009
f 15030 15031 15010
f 15031 15032 15011
f 15032 15033 15012
f 15033 15034 15013
f 15034 15035 15014
f 15035 15036 15015
f 15036 15037 15016
f 15037 15038 15017
f 15038 15039 15018
f 15039 15040 15019
f 15040 15041 15020
f 15041 15042 15021
f 15042 15043 15022
f 15043 15044 15023
f 15044 15045 15024
f 15045 15046 15025
f 15068 15067 15047
f 15069 15068 15048
f 15070 15069 15049
f 15071 15070 15050
f 15072 15071 15051
f 15073 15072 15052
f 15074 15073 15053
f 15075 15074 15054
f 15076 15075 15055
f 15077 15076 15056
f 15078 15077 15057
f 15079 15078 15058
f 15080 15079 15059
f 15081 15080 15060
f 15082 15081 15061
f 15083 15082 15062
f 15084 15083 15063
f 15085 15084 15064
f 15086 15085 15065
f 15087 15086 15066
v -0.99000 0.97000 2.51000
v -0.97000 0.97000 2.51000
v -0.99000 0.82000 2.51000
v -0.97000 0.82000 2.51000
v -0.97000 0.97000 -2.55000
v -0.99000 0.97000 -2.55000
v -0.97000 0.82000 -2.55000
v -0.99000 0.82000 -2.55000
v -0.97000 0.97000 -2.55000
v -0.97000 0.97000 2.51000
v -0.99000 0.97000 -2.55000
v -0.99000 0.97000 2.51000
v -0.99000 0.82000 -2.55000
v -0.99000 0.82000 2.51000
v -0.97000 0.82000 -2.55000
v -0.97000 0.82000 2.51000
v -0.99000 0.97000 -2.55000
v -0.99000 0.97000 2.51000
v -0.99000 0.82000 -2.55000
v -0.99000 0.82000 2.51000
v -0.97000 0.97000 2.51000
v -0.97000 0.97000 -2.55000
v -0.97000 0.82000 2.51000
v -0.97000 0.82000 -2.55000
f 15088 15090 15089
f 15090 15091 15089
f 15092 15094 15093
f 15094 15095 15093
f 15096 15098 15097
f 15098 15099 15097
f 15100 15102 15101
f 15102 15103 15101
f 15104 15106 15105
f 15106 15107 15105
f 15108 15110 15109
f 15110 15111 15109
v -0.99100 0.46500 0.30000
v -0.99100 0.46836 0.33414
v -0.99100 0.47832 0.36697
v -0.99100 0.49449 0.39722
v -0.99100 0.51626 0.42374
v -0.99100 0.54278 0.44551
v -0.99100 0.57303 0.46168
v -0.99100 0.60586 0.47164
v -0.99100 0.64000 0.47500
v -0.99100 0.67414 0.47164
v -0.99100 0.70697 0.46168
v -0.99100 0.73722 0.44551
v -0.99100 0.76374 0.42374
v -0.99100 0.78551 0.39722
v -0.99100 0.80168 0.36697
v -0.99100 0.81164 0.33414
v -0.99100 0.81500 0.30000
v -0.99100 0.81164 0.26586
v -0.99100 0.80168 0.23303
v -0.99100 0.78551 0.20278
v -0.99100 0.76374 0.17626
v -0.99100 0.73722 0.15449
v -0.99100 0.70697 0.13832
v -0.99100 0.67414 0.12836
v -0.99100 0.64000 0.12500
v -0.99100 0.60586 0.12836
v -0.99100 0.57303 0.13832
v -0.99100 0.54278 0.15449
v -0.99100 0.51626 0.17626
v -0.99100 0.49449 0.20278
v -0.99100 0.47832 0.23303
v -0.99100 0.46836 0.26586
v -0.99100 0.46500 0.30000
v -0.97900 0.46500 0.30000
v -0.97900 0.46836 0.33414
v -0.97900 0.47832 0.36697
v -0.97900 0.49449 0.39722
v -0.97900 0.51626 0.42374
v -0.97900 0.54278 0.44551
v -0.97900 0.57303 0.46168
v -0.97900 0.60586 0.47164
v -0.97900 0.64000 0.47500
v -0.97900 0.67414 0.47164
v -0.97900 0.70697 0.46168
v -0.97900 0.73722 0.44551
v -0.97900 0.76374 0.42374
v -0.97900 0.78551 0.39722
v -0.97900 0.80168 0.36697
v -0.97900 0.81164 0.33414
v -0.97900 0.81500 0.30000
v -0.97900 0.81164 0.26586
v -0.97900 0.80168 0.23303
v -0.97900 0.78551 0.20278
v -0.97900 0.76374 0.17626
v -0.97900 0.73722 0.15449
v -0.97900 0.70697 0.13832
v -0.97900 0.67414 0.12836
v -0.97900 0.64000 0.12500
v -0.97900 0.60586 0.12836
v -0.97900 0.57303 0.13832
v -0.97900 0.54278 0.15449
v -0.97900 0.51626 0.17626
v -0.97900 0.49449 0.20278
v -0.97900 0.47832 0.23303
v -0.97900 0.46836 0.26586
v -0.97900 0.46500 0.30000
v -0.99100 0.64000 0.30000
v -0.99100 0.64000 0.30000
v -0.99100 0.64000 0.30000
v -0.99100 0.64000 0.30000
v -0.99100 0.64000 0.30000
v -0.99100 0.64000 0.30000
v -0.99100 0.64000 0.30000
v -0.99100 0.64000 0.30000
v -0.99100 0.64000 0.30000
v -0.99100 0.64000 0.30000
v -0.99100 0.64000 0.30000
v -0.99100 0.64000 0.30000
v -0.99100 0.64000 0.30000
v -0.99100 0.64000 0.30000
v -0.99100 0.64000 0.30000
v -0.99100 0.64000 0.30000
v -0.99100 0.64000 0.30000
v -0.99100 0.64000 0.30000
v -0.99100 0.64000 0.30000
v -0.99100 0.64000 0.30000
v -0.99100 0.64000 0.30000
v -0.99100 0.64000 0.30000
v -0.99100 0.64000 0.30000
v -0.99100 0.64000 0.30000
v -0.99100 0.64000 0.30000
v -0.99100 0.64000 0.30000
v -0.99100 0.64000 0.30000
v -0.99100 0.64000 0.30000
v -0.99100 0.64000 0.30000
v -0.99100 0.64000 0.30000
v -0.99100 0.64000 0.30000
v -0.99100 0.64000 0.30000
v -0.99100 0.46500 0.30000
v -0.99100 0.46836 0.33414
v -0.99100 0.47832 0.36697
v -0.99100 0.49449 0.39722
v -0.99100 0.51626 0.42374
v -0.99100 0.54278 0.44551
v -0.99100 0.57303 0.46168
v -0.99100 0.60586 0.47164
v -0.99100 0.64000 0.47500
v -0.99100 0.67414 0.47164
v -0.99100 0.70697 0.46168
v -0.99100 0.73722 0.44551
v -0.99100 0.76374 0.42374
v -0.99100 0.78551 0.39722
v -0.99100 0.80168 0.36697
v -0.99100 0.81164 0.33414
v -0.99100 0.81500 0.30000
v -0.99100 0.81164 0.26586
v -0.99100 0.80168 0.23303
v -0.99100 0.78551 0.20278
v -0.99100 0.76374 0.17626
v -0.99100 0.73722 0.15449
v -0.99100 0.70697 0.13832
v -0.99100 0.67414 0.12836
v -0.99100 0.64000 0.12500
v -0.99100 0.60586 0.12836
v -0.99100 0.57303 0.13832
v -0.99100 0.54278 0.15449
v -0.99100 0.51626 0.17626
v -0.99100 0.49449 0.20278
v -0.99100 0.47832 0.23303
v -0.99100 0.46836 0.26586
v -0.99100 0.46500 0.30000
v -0.97900 0.64000 0.30000
v -0.97900 0.64000 0.30000
v -0.97900 0.64000 0.30000
v -0.97900 0.64000 0.30000
v -0.97900 0.64000 0.30000
v -0.97900 0.64000 0.30000
v -0.97900 0.64000 0.30000
v -0.97900 0.64000 0.30000
v -0.97900 0.64000 0.30000
v -0.97900 0.64000 0.30000
v -0.97900 0.64000 0.30000
v -0.97900 0.64000 0.30000
v -0.97900 0.64000 0.30000
v -0.97900 0.64000 0.30000
v -0.97900 0.64000 0.30000
v -0.97900 0.64000 0.30000
v -0.97900 0.64000 0.30000
v -0.97900 0.64000 0.30000
v -0.97900 0.64000 0.30000
v -0.97900 0.64000 0.30000
v -0.97900 0.64000 0.30000
v -0.97900 0.64000 0.30000
v -0.97900 0.64000 0.30000
v -0.97900 0.64000 0.30000
v -0.97900 0.64000 0.30000
v -0.97900 0.64000 0.30000
v -0.97900 0.64000 0.30000
v -0.97900 0.64000 0.30000
v -0.97900 0.64000 0.30000
v -0.97900 0.64000 0.30000
v -0.97900 0.64000 0.30000
v -0.97900 0.64000 0.30000
v -0.97900 0.46500 0.30000
v -0.97900 0.46836 0.33414
v -0.97900 0.47832 0.36697
v -0.97900 0.49449 0.39722
v -0.97900 0.51626 0.42374
v -0.97900 0.54278 0.44551
v -0.97900 0.57303 0.46168
v -0.97900 0.60586 0.47164
v -0.97900 0.64000 0.47500
v -0.97900 0.67414 0.47164
v -0.97900 0.70697 0.46168
v -0.97900 0.73722 0.44551
v -0.97900 0.76374 0.42374
v -0.97900 0.78551 0.39722
v -0.97900 0.80168 0.36697
v -0.97900 0.81164 0.33414
v -0.97900 0.81500 0.30000
v -0.97900 0.81164 0.26586
v -0.97900 0.80168 0.23303
v -0.97900 0.78551 0.20278
v -0.97900 0.76374 0.17626
v -0.97900 0.73722 0.15449
v -0.97900 0.70697 0.13832
v -0.97900 0.67414 0.12836
v -0.97900 0.64000 0.12500
v -0.97900 0.60586 0.12836
v -0.97900 0.57303 0.13832
v -0.97900 0.54278 0.15449
v -0.97900 0.51626 0.17626
v -0.97900 0.49449 0.20278
v -0.97900 0.47832 0.23303
v -0.97900 0.46836 0.26586
v -0.97900 0.46500 0.30000
f 15112 15145 15113
f 15145 15146 15113
f 15113 15146 15114
f 15146 15147 15114
f 15114 15147 15115
f 15147 15148 15115
f 15115 15148 15116
f 15148 15149 15116
f 15116 15149 15117
f 15149 15150 15117
f 15117 15150 15118
f 15150 15151 15118
f 15118 15151 15119
f 15151 15152 15119
f 15119 15152 15120
f 15152 15153 15120
f 15120 15153 15121
f 15153 15154 15121
f 15121 15154 15122
f 15154 15155 15122
f 15122 15155 15123
f 15155 15156 15123
f 15123 15156 15124
f 15156 15157 15124
f 15124 15157 15125
f 15157 15158 15125
f 15125 15158 15126
f 15158 15159 15126
f 15126 15159 15127
f 15159 15160 15127
f 15127 15160 15128
f 15160 15161 15128
f 15128 15161 15129
f 15161 15162 15129
f 15129 15162 15130
f 15162 15163 15130
f 15130 15163 15131
f 15163 15164 15131
f 15131 15164 15132
f 15164 15165 15132
f 15132 15165 15133
f 15165 15166 15133
f 15133 15166 15134
f 15166 15167 15134
f 15134 15167 15135
f 15167 15168 15135
f 15135 15168 15136
f 15168 15169 15136
f 15136 15169 15137
f 15169 15170 15137
f 15137 15170 15138
f 15170 15171 15138
f 15138 15171 15139
f 15171 15172 15139
f 15139 15172 15140
f 15172 15173 15140
f 15140 15173 15141
f 15173 15174 15141
f 15141 15174 15142
f 15174 15175 15142
f 15142 15175 15143
f 15175 15176 15143
f 15143 15176 15144
f 15176 15177 15144
f 15210 15211 15178
f 15211 15212 15179
f 15212 15213 15180
f 15213 15214 15181
f 15214 15215 15182
f 15215 15216 15183
f 15216 15217 15184
f 15217 15218 15185
f 15218 15219 15186
f 15219 15220 15187
f 15220 15221 15188
f 15221 15222 15189
f 15222 15223 15190
f 15223 15224 15191
f 15224 15225 15192
f 15225 15226 15193
f 15226 15227 15194
f 15227 15228 15195
f 15228 15229 15196
f 15229 15230 15197
f 15230 15231 15198
f 15231 15232 15199
f 15232 15233 15200
f 15233 15234 15201
f 15234 15235 15202
f 15235 15236 15203
f 15236 15237 15204
f 15237 15238 15205
f 15238 15239 15206
f 15239 15240 15207
f 15240 15241 15208
f 15241 15242 15209
f 15276 15275 15243
f 15277 15276 15244
f 15278 15277 15245
f 15279 15278 15246
f 15280 15279 15247
f 15281 15280 15248
f 15282 15281 15249
f 15283 15282 15250
f 15284 15283 15251
f 15285 15284 15252
f 15286 15285 15253
f 15287 15286 15254
f 15288 15287 15255
f 15289 15288 15256
f 15290 15289 15257
f 15291 15290 15258
f 15292 15291 15259
f 15293 15292 15260
f 15294 15293 15261
f 15295 15294 15262
f 15296 15295 15263
f 15297 15296 15264
f 15298 15297 15265
f 15299 15298 15266
f 15300 15299 15267
f 15301 15300 15268
f 15302 15301 15269
f 15303 15302 15270
f 15304 15303 15271
f 15305 15304 15272
f 15306 15305 15273
f 15307 15306 15274
v -1.00000 0.58500 0.30000
v -1.00000 0.62300 0.35231
v -1.00000 0.68450 0.33233
v -1.00000 0.68450 0.26767
v -1.00000 0.62300 0.24769
v -1.00000 0.58500 0.30000
v -0.98600 0.58500 0.30000
v -0.98600 0.62300 0.35231
v -0.98600 0.68450 0.33233
v -0.98600 0.68450 0.26767
v -0.98600 0.62300 0.24769
v -0.98600 0.58500 0.30000
v -1.00000 0.64000 0.30000
v -1.00000 0.64000 0.30000
v -1.00000 0.64000 0.30000
v -1.00000 0.64000 0.30000
v -1.00000 0.64000 0.30000
v -1.00000 0.58500 0.30000
v -1.00000 0.62300 0.35231
v -1.00000 0.68450 0.33233
v -1.00000 0.68450 0.26767
v -1.00000 0.62300 0.24769
v -1.00000 0.58500 0.30000
v -0.98600 0.64000 0.30000
v -0.98600 0.64000 0.30000
v -0.98600 0.64000 0.30000
v -0.98600 0.64000 0.30000
v -0.98600 0.64000 0.30000
v -0.98600 0.58500 0.30000
v -0.98600 0.62300 0.35231
v -0.98600 0.68450 0.33233
v -0.98600 0.68450 0.26767
v -0.98600 0.62300 0.24769
v -0.98600 0.58500 0.30000
f 15308 15314 15309
f 15314 15315 15309
f 15309 15315 15310
f 15315 15316 15310
f 15310 15316 15311
f 15316 15317 15311
f 15311 15317 15312
f 15317 15318 15312
f 15312 15318 15313
f 15318 15319 15313
f 15325 15326 15320
f 15326 15327 15321
f 15327 15328 15322
f 15328 15329 15323
f 15329 15330 15324
f 15337 15336 15331
f 15338 15337 15332
f 15339 15338 15333
f 15340 15339 15334
f 15341 15340 15335
v 0.97000 0.97000 2.51000
v 0.99000 0.97000 2.51000
v 0.97000 0.82000 2.51000
v 0.99000 0.82000 2.51000
v 0.99000 0.97000 -2.55000
v 0.97000 0.97000 -2.55000
v 0.99000 0.82000 -2.55000
v 0.97000 0.82000 -2.55000
v 0.99000 0.97000 -2.55000
v 0.99000 0.97000 2.51000
v 0.97000 0.97000 -2.55000
v 0.97000 0.97000 2.51000
v 0.97000 0.82000 -2.55000
v 0.97000 0.82000 2.51000
v 0.99000 0.82000 -2.55000
v 0.99000 0.82000 2.51000
v 0.97000 0.97000 -2.55000
v 0.97000 0.97000 2.51000
v 0.97000 0.82000 -2.55000
v 0.97000 0.82000 2.51000
v 0.99000 0.97000 2.51000
v 0.99000 0.97000 -2.55000
v 0.99000 0.82000 2.51000
v 0.99000 0.82000 -2.55000
f 15342 15344 15343
f 15344 15345 15343
f 15346 15348 15347
f 15348 15349 15347
f 15350 15352 15351
f 15352 15353 15351
f 15354 15356 15355
f 15356 15357 15355
f 15358 15360 15359
f 15360 15361 15359
f 15362 15364 15363
f 15364 15365 15363
v 0.97900 0.46500 0.30000
v 0.97900 0.46836 0.33414
v 0.97900 0.47832 0.36697
v 0.97900 0.49449 0.39722
v 0.97900 0.51626 0.42374
v 0.97900 0.54278 0.44551
v 0.97900 0.57303 0.46168
v 0.97900 0.60586 0.47164
v 0.97900 0.64000 0.47500
v 0.97900 0.67414 0.47164
v 0.97900 0.70697 0.46168
v 0.97900 0.73722 0.44551
v 0.97900 0.76374 0.42374
v 0.97900 0.78551 0.39722
v 0.97900 0.80168 0.36697
v 0.97900 0.81164 0.33414
v 0.97900 0.81500 0.30000
v 0.97900 0.81164 0.26586
v 0.97900 0.80168 0.23303
v 0.97900 0.78551 0.20278
v 0.97900 0.76374 0.17626
v 0.97900 0.73722 0.15449
v 0.97900 0.70697 0.13832
v 0.97900 0.67414 0.12836
v 0.97900 0.64000 0.12500
v 0.97900 0.60586 0.12836
v 0.97900 0.57303 0.13832
v 0.97900 0.54278 0.15449
v 0.97900 0.51626 0.17626
v 0.97900 0.49449 0.20278
v 0.97900 0.47832 0.23303
v 0.97900 0.46836 0.26586
v 0.97900 0.46500 0.30000
v 0.99100 0.46500 0.30000
v 0.99100 0.46836 0.33414
v 0.99100 0.47832 0.36697
v 0.99100 0.49449 0.39722
v 0.99100 0.51626 0.42374
v 0.99100 0.54278 0.44551
v 0.99100 0.57303 0.46168
v 0.99100 0.60586 0.47164
v 0.99100 0.64000 0.47500
v 0.99100 0.67414 0.47164
v 0.99100 0.70697 0.46168
v 0.99100 0.73722 0.44551
v 0.99100 0.76374 0.42374
v 0.99100 0.78551 0.39722
v 0.99100 0.80168 0.36697
v 0.99100 0.81164 0.33414
v 0.99100 0.81500 0.30000
v 0.99100 0.81164 0.26586
v 0.99100 0.80168 0.23303
v 0.99100 0.78551 0.20278
v 0.99100 0.76374 0.17626
v 0.99100 0.73722 0.15449
v 0.99100 0.70697 0.13832
v 0.99100 0.67414 0.12836
v 0.99100 0.64000 0.12500
v 0.99100 0.60586 0.12836
v 0.99100 0.57303 0.13832
v 0.99100 0.54278 0.15449
v 0.99100 0.51626 0.17626
v 0.99100 0.49449 0.20278
v 0.99100 0.47832 0.23303
v 0.99100 0.46836 0.26586
v 0.99100 0.46500 0.30000
v 0.97900 0.64000 0.30000
v 0.97900 0.64000 0.30000
v 0.97900 0.64000 0.30000
v 0.97900 0.64000 0.30000
v 0.97900 0.64000 0.30000
v 0.97900 0.64000 0.30000
v 0.97900 0.64000 0.30000
v 0.97900 0.64000 0.30000
v 0.97900 0.64000 0.30000
v 0.97900 0.64000 0.30000
v 0.97900 0.64000 0.30000
v 0.97900 0.64000 0.30000
v 0.97900 0.64000 0.30000
v 0.97900 0.64000 0.30000
v 0.97900 0.64000 0.30000
v 0.97900 0.64000 0.30000
v 0.97900 0.64000 0.30000
v 0.97900 0.64000 0.30000
v 0.97900 0.64000 0.30000
v 0.97900 0.64000 0.30000
v 0.97900 0.64000 0.30000
v 0.97900 0.64000 0.30000
v 0.97900 0.64000 0.30000
v 0.97900 0.64000 0.30000
v 0.97900 0.64000 0.30000
v 0.97900 0.64000 0.30000
v 0.97900 0.64000 0.30000
v 0.97900 0.64000 0.30000
v 0.97900 0.64000 0.30000
v 0.97900 0.64000 0.30000
v 0.97900 0.64000 0.30000
v 0.97900 0.64000 0.30000
v 0.97900 0.46500 0.30000
v 0.97900 0.46836 0.33414
v 0.97900 0.47832 0.36697
v 0.97900 0.49449 0.39722
v 0.97900 0.51626 0.42374
v 0.97900 0.54278 0.44551
v 0.97900 0.57303 0.46168
v 0.97900 0.60586 0.47164
v 0.97900 0.64000 0.47500
v 0.97900 0.67414 0.47164
v 0.97900 0.70697 0.46168
v 0.97900 0.73722 0.44551
v 0.97900 0.76374 0.42374
v 0.97900 0.78551 0.39722
v 0.97900 0.80168 0.36697
v 0.97900 0.81164 0.33414
v 0.97900 0.81500 0.30000
v 0.97900 0.81164 0.26586
v 0.97900 0.80168 0.23303
v 0.97900 0.78551 0.20278
v 0.97900 0.76374 0.17626
v 0.97900 0.73722 0.15449
v 0.97900 0.70697 0.13832
v 0.97900 0.67414 0.12836
v 0.97900 0.64000 0.12500
v 0.97900 0.60586 0.12836
v 0.97900 0.57303 0.13832
v 0.97900 0.54278 0.15449
v 0.97900 0.51626 0.17626
v 0.97900 0.49449 0.20278
v 0.97900 0.47832 0.23303
v 0.97900 0.46836 0.26586
v 0.97900 0.46500 0.30000
v 0.99100 0.64000 0.30000
v 0.99100 0.64000 0.30000
v 0.99100 0.64000 0.30000
v 0.99100 0.64000 0.30000
v 0.99100 0.64000 0.30000
v 0.99100 0.64000 0.30000
v 0.99100 0.64000 0.30000
v 0.99100 0.64000 0.30000
v 0.99100 0.64000 0.30000
v 0.99100 0.64000 0.30000
v 0.99100 0.64000 0.30000
v 0.99100 0.64000 0.30000
v 0.99100 0.64000 0.30000
v 0.99100 0.64000 0.30000
v 0.99100 0.64000 0.30000
v 0.99100 0.64000 0.30000
v 0.99100 0.64000 0.30000
v 0.99100 0.64000 0.30000
v 0.99100 0.64000 0.30000
v 0.99100 0.64000 0.30000
v 0.99100 0.64000 0.30000
v 0.99100 0.64000 0.30000
v 0.99100 0.64000 0.30000
v 0.99100 0.64000 0.30000
v 0.99100 0.64000 0.30000
v 0.99100 0.64000 0.30000
v 0.99100 0.64000 0.30000
v 0.99100 0.64000 0.30000
v 0.99100 0.64000 0.30000
v 0.99100 0.64000 0.30000
v 0.99100 0.64000 0.30000
v 0.99100 0.64000 0.30000
v 0.99100 0.46500 0.30000
v 0.99100 0.46836 0.33414
v 0.99100 0.47832 0.36697
v 0.99100 0.49449 0.39722
v 0.99100 0.51626 0.42374
v 0.99100 0.54278 0.44551
v 0.99100 0.57303 0.46168
v 0.99100 0.60586 0.47164
v 0.99100 0.64000 0.47500
v 0.99100 0.67414 0.47164
v 0.99100 0.70697 0.46168
v 0.99100 0.73722 0.44551
v 0.99100 0.76374 0.42374
v 0.99100 0.78551 0.39722
v 0.99100 0.80168 0.36697
v 0.99100 0.81164 0.33414
v 0.99100 0.81500 0.30000
v 0.99100 0.81164 0.26586
v 0.99100 0.80168 0.23303
v 0.99100 0.78551 0.20278
v 0.99100 0.76374 0.17626
v 0.99100 0.73722 0.15449
v 0.99100 0.70697 0.13832
v 0.99100 0.67414 0.12836
v 0.99100 0.64000 0.12500
v 0.99100 0.60586 0.12836
v 0.99100 0.57303 0.13832
v 0.99100 0.54278 0.15449
v 0.99100 0.51626 0.17626
v 0.99100 0.49449 0.20278
v 0.99100 0.47832 0.23303
v 0.99100 0.46836 0.26586
v 0.99100 0.46500 0.30000
f 15366 15399 15367
f 15399 15400 15367
f 15367 15400 15368
f 15400 15401 15368
f 15368 15401 15369
f 15401 15402 15369
f 15369 15402 15370
f 15402 15403 15370
f 15370 15403 15371
f 15403 15404 15371
f 15371 15404 15372
f 15404 15405 15372
f 15372 15405 15373
f 15405 15406 15373
f 15373 15406 15374
f 15406 15407 15374
f 15374 15407 15375
f 15407 15408 15375
f 15375 15408 15376
f 15408 15409 15376
f 15376 15409 15377
f 15409 15410 15377
f 15377 15410 15378
f 15410 15411 15378
f 15378 15411 15379
f 15411 15412 15379
f 15379 15412 15380
f 15412 15413 15380
f 15380 15413 15381
f 15413 15414 15381
f 15381 15414 15382
f 15414 15415 15382
f 15382 15415 15383
f 15415 15416 15383
f 15383 15416 15384
f 15416 15417 15384
f 15384 15417 15385
f 15417 15418 15385
f 15385 15418 15386
f 15418 15419 15386
f 15386 15419 15387
f 15419 15420 15387
f 15387 15420 15388
f 15420 15421 15388
f 15388 15421 15389
f 15421 15422 15389
f 15389 15422 15390
f 15422 15423 15390
f 15390 15423 15391
f 15423 15424 15391
f 15391 15424 15392
f 15424 15425 15392
f 15392 15425 15393
f 15425 15426 15393
f 15393 15426 15394
f 15426 15427 15394
f 15394 15427 15395
f 15427 15428 15395
f 15395 15428 15396
f 15428 15429 15396
f 15396 15429 15397
f 15429 15430 15397
f 15397 15430 15398
f 15430 15431 15398
f 15464 15465 15432
f 15465 15466 15433
f 15466 15467 15434
f 15467 15468 15435
f 15468 15469 15436
f 15469 15470 15437
f 15470 15471 15438
f 15471 15472 15439
f 15472 15473 15440
f 15473 15474 15441
f 15474 15475 15442
f 15475 15476 15443
f 15476 15477 15444
f 15477 15478 15445
f 15478 15479 15446
f 15479 15480 15447
f 15480 15481 15448
f 15481 15482 15449
f 15482 15483 15450
f 15483 15484 15451
f 15484 15485 15452
f 15485 15486 15453
f 15486 15487 15454
f 15487 15488 15455
f 15488 15489 15456
f 15489 15490 15457
f 15490 15491 15458
f 15491 15492 15459
f 15492 15493 15460
f 15493 15494 15461
f 15494 15495 15462
f 15495 15496 15463
f 15530 15529 15497
f 15531 15530 15498
f 15532 15531 15499
f 15533 15532 15500
f 15534 15533 15501
f 15535 15534 15502
f 15536 15535 15503
f 15537 15536 15504
f 15538 15537 15505
f 15539 15538 15506
f 15540 15539 15507
f 15541 15540 15508
f 15542 15541 15509
f 15543 15542 15510
f 15544 15543 15511
f 15545 15544 15512
f 15546 15545 15513
f 15547 15546 15514
f 15548 15547 15515
f 15549 15548 15516
f 15550 15549 15517
f 15551 15550 15518
f 15552 15551 15519
f 15553 15552 15520
f 15554 15553 15521
f 15555 15554 15522
f 15556 15555 15523
f 15557 15556 15524
f 15558 15557 15525
f 15559 15558 15526
f 15560 15559 15527
f 15561 15560 15528
v 0.98600 0.58500 0.30000
v 0.98600 0.62300 0.35231
v 0.98600 0.68450 0.33233
v 0.98600 0.68450 0.26767
v 0.98600 0.62300 0.24769
v 0.98600 0.58500 0.30000
v 1.00000 0.58500 0.30000
v 1.00000 0.62300 0.35231
v 1.00000 0.68450 0.33233
v 1.00000 0.68450 0.26767
v 1.00000 0.62300 0.24769
v 1.00000 0.58500 0.30000
v 0.98600 0.64000 0.30000
v 0.98600 0.64000 0.30000
v 0.98600 0.64000 0.30000
v 0.98600 0.64000 0.30000
v 0.98600 0.64000 0.30000
v 0.98600 0.58500 0.30000
v 0.98600 0.62300 0.35231
v 0.98600 0.68450 0.33233
v 0.98600 0.68450 0.26767
v 0.98600 0.62300 0.24769
v 0.98600 0.58500 0.30000
v 1.00000 0.64000 0.30000
v 1.00000 0.64000 0.30000
v 1.00000 0.64000 0.30000
v 1.00000 0.64000 0.30000
v 1.00000 0.64000 0.30000
v 1.00000 0.58500 0.30000
v 1.00000 0.62300 0.35231
v 1.00000 0.68450 0.33233
v 1.00000 0.68450 0.26767
v 1.00000 0.62300 0.24769
v 1.00000 0.58500 0.30000
f 15562 15568 15563
f 15568 15569 15563
f 15563 15569 15564
f 15569 15570 15564
f 15564 15570 15565
f 15570 15571 15565
f 15565 15571 15566
f 15571 15572 15566
f 15566 15572 15567
f 15572 15573 15567
f 15579 15580 15574
f 15580 15581 15575
f 15581 15582 15576
f 15582 15583 15577
f 15583 15584 15578
f 15591 15590 15585
f 15592 15591 15586
f 15593 15592 15587
f 15594 15593 15588
f 15595 15594 15589
usemtl lens_red
v -0.91000 0.83000 -2.68000
v -0.29000 0.83000 -2.68000
v -0.91000 0.63000 -2.68000
v -0.29000 0.63000 -2.68000
v -0.29000 0.83000 -2.73000
v -0.91000 0.83000 -2.73000
v -0.29000 0.63000 -2.73000
v -0.91000 0.63000 -2.73000
v -0.29000 0.83000 -2.73000
v -0.29000 0.83000 -2.68000
v -0.91000 0.83000 -2.73000
v -0.91000 0.83000 -2.68000
v -0.91000 0.63000 -2.73000
v -0.91000 0.63000 -2.68000
v -0.29000 0.63000 -2.73000
v -0.29000 0.63000 -2.68000
v -0.91000 0.83000 -2.73000
v -0.91000 0.83000 -2.68000
v -0.91000 0.63000 -2.73000
v -0.91000 0.63000 -2.68000
v -0.29000 0.83000 -2.68000
v -0.29000 0.83000 -2.73000
v -0.29000 0.63000 -2.68000
v -0.29000 0.63000 -2.73000
f 15596 15598 15597
f 15598 15599 15597
f 15600 15602 15601
f 15602 15603 15601
f 15604 15606 15605
f 15606 15607 15605
f 15608 15610 15609
f 15610 15611 15609
f 15612 15614 15613
f 15614 15615 15613
f 15616 15618 15617
f 15618 15619 15617
v 0.29000 0.83000 -2.68000
v 0.91000 0.83000 -2.68000
v 0.29000 0.63000 -2.68000
v 0.91000 0.63000 -2.68000
v 0.91000 0.83000 -2.73000
v 0.29000 0.83000 -2.73000
v 0.91000 0.63000 -2.73000
v 0.29000 0.63000 -2.73000
v 0.91000 0.83000 -2.73000
v 0.91000 0.83000 -2.68000
v 0.29000 0.83000 -2.73000
v 0.29000 0.83000 -2.68000
v 0.29000 0.63000 -2.73000
v 0.29000 0.63000 -2.68000
v 0.91000 0.63000 -2.73000
v 0.91000 0.63000 -2.68000
v 0.29000 0.83000 -2.73000
v 0.29000 0.83000 -2.68000
v 0.29000 0.63000 -2.73000
v 0.29000 0.63000 -2.68000
v 0.91000 0.83000 -2.68000
v 0.91000 0.83000 -2.73000
v 0.91000 0.63000 -2.68000
v 0.91000 0.63000 -2.73000
f 15620 15622 15621
f 15622 15623 15621
f 15624 15626 15625
f 15626 15627 15625
f 15628 15630 15629
f 15630 15631 15629
f 15632 15634 15633
f 15634 15635 15633
f 15636 15638 15637
f 15638 15639 15637
f 15640 15642 15641
f 15642 15643 15641
v 0.42250 1.68250 -0.19000
v 0.61750 1.68250 -0.19000
v 0.42250 1.52750 -0.19000
v 0.61750 1.52750 -0.19000
v 0.61750 1.68250 -0.41000
v 0.42250 1.68250 -0.41000
v 0.61750 1.52750 -0.41000
v 0.42250 1.52750 -0.41000
v 0.61750 1.68250 -0.41000
v 0.61750 1.68250 -0.19000
v 0.42250 1.68250 -0.41000
v 0.42250 1.68250 -0.19000
v 0.42250 1.52750 -0.41000
v 0.42250 1.52750 -0.19000
v 0.61750 1.52750 -0.41000
v 0.61750 1.52750 -0.19000
v 0.42250 1.68250 -0.41000
v 0.42250 1.68250 -0.19000
v 0.42250 1.52750 -0.41000
v 0.42250 1.52750 -0.19000
v 0.61750 1.68250 -0.19000
v 0.61750 1.68250 -0.41000
v 0.61750 1.52750 -0.19000
v 0.61750 1.52750 -0.41000
f 15644 15646 15645
f 15646 15647 15645
f 15648 15650 15649
f 15650 15651 15649
f 15652 15654 15653
f 15654 15655 15653
f 15656 15658 15657
f 15658 15659 15657
f 15660 15662 15661
f 15662 15663 15661
f 15664 15666 15665
f 15666 15667 15665
v 0.00250 1.68250 -0.19000
v 0.19750 1.68250 -0.19000
v 0.00250 1.52750 -0.19000
v 0.19750 1.52750 -0.19000
v 0.19750 1.68250 -0.41000
v 0.00250 1.68250 -0.41000
v 0.19750 1.52750 -0.41000
v 0.00250 1.52750 -0.41000
v 0.19750 1.68250 -0.41000
v 0.19750 1.68250 -0.19000
v 0.00250 1.68250 -0.41000
v 0.00250 1.68250 -0.19000
v 0.00250 1.52750 -0.41000
v 0.00250 1.52750 -0.19000
v 0.19750 1.52750 -0.41000
v 0.19750 1.52750 -0.19000
v 0.00250 1.68250 -0.41000
v 0.00250 1.68250 -0.19000
v 0.00250 1.52750 -0.41000
v 0.00250 1.52750 -0.19000
v 0.19750 1.68250 -0.19000
v 0.19750 1.68250 -0.41000
v 0.19750 1.52750 -0.19000
v 0.19750 1.52750 -0.41000
f 15668 15670 15669
f 15670 15671 15669
f 15672 15674 15673
f 15674 15675 15673
f 15676 15678 15677
f 15678 15679 15677
f 15680 15682 15681
f 15682 15683 15681
f 15684 15686 15685
f 15686 15687 15685
f 15688 15690 15689
f 15690 15691 15689
v -0.41750 1.68250 -0.19000
v -0.22250 1.68250 -0.19000
v -0.41750 1.52750 -0.19000
v -0.22250 1.52750 -0.19000
v -0.22250 1.68250 -0.41000
v -0.41750 1.68250 -0.41000
v -0.22250 1.52750 -0.41000
v -0.41750 1.52750 -0.41000
v -0.22250 1.68250 -0.41000
v -0.22250 1.68250 -0.19000
v -0.41750 1.68250 -0.41000
v -0.41750 1.68250 -0.19000
v -0.41750 1.52750 -0.41000
v -0.41750 1.52750 -0.19000
v -0.22250 1.52750 -0.41000
v -0.22250 1.52750 -0.19000
v -0.41750 1.68250 -0.41000
v -0.41750 1.68250 -0.19000
v -0.41750 1.52750 -0.41000
v -0.41750 1.52750 -0.19000
v -0.22250 1.68250 -0.19000
v -0.22250 1.68250 -0.41000
v -0.22250 1.52750 -0.19000
v -0.22250 1.52750 -0.41000
f 15692 15694 15693
f 15694 15695 15693
f 15696 15698 15697
f 15698 15699 15697
f 15700 15702 15701
f 15702 15703 15701
f 15704 15706 15705
f 15706 15707 15705
f 15708 15710 15709
f 15710 15711 15709
f 15712 15714 15713
f 15714 15715 15713
usemtl lens_blue
v 0.21250 1.68250 -0.19000
v 0.40750 1.68250 -0.19000
v 0.21250 1.52750 -0.19000
v 0.40750 1.52750 -0.19000
v 0.40750 1.68250 -0.41000
v 0.21250 1.68250 -0.41000
v 0.40750 1.52750 -0.41000
v 0.21250 1.52750 -0.41000
v 0.40750 1.68250 -0.41000
v 0.40750 1.68250 -0.19000
v 0.21250 1.68250 -0.41000
v 0.21250 1.68250 -0.19000
v 0.21250 1.52750 -0.41000
v 0.21250 1.52750 -0.19000
v 0.40750 1.52750 -0.41000
v 0.40750 1.52750 -0.19000
v 0.21250 1.68250 -0.41000
v 0.21250 1.68250 -0.19000
v 0.21250 1.52750 -0.41000
v 0.21250 1.52750 -0.19000
v 0.40750 1.68250 -0.19000
v 0.40750 1.68250 -0.41000
v 0.40750 1.52750 -0.19000
v 0.40750 1.52750 -0.41000
f 15716 15718 15717
f 15718 15719 15717
f 15720 15722 15721
f 15722 15723 15721
f 15724 15726 15725
f 15726 15727 15725
f 15728 15730 15729
f 15730 15731 15729
f 15732 15734 15733
f 15734 15735 15733
f 15736 15738 15737
f 15738 15739 15737
v -0.20750 1.68250 -0.19000
v -0.01250 1.68250 -0.19000
v -0.20750 1.52750 -0.19000
v -0.01250 1.52750 -0.19000
v -0.01250 1.68250 -0.41000
v -0.20750 1.68250 -0.41000
v -0.01250 1.52750 -0.41000
v -0.20750 1.52750 -0.41000
v -0.01250 1.68250 -0.41000
v -0.01250 1.68250 -0.19000
v -0.20750 1.68250 -0.41000
v -0.20750 1.68250 -0.19000
v -0.20750 1.52750 -0.41000
v -0.20750 1.52750 -0.19000
v -0.01250 1.52750 -0.41000
v -0.01250 1.52750 -0.19000
v -0.20750 1.68250 -0.41000
v -0.20750 1.68250 -0.19000
v -0.20750 1.52750 -0.41000
v -0.20750 1.52750 -0.19000
v -0.01250 1.68250 -0.19000
v -0.01250 1.68250 -0.41000
v -0.01250 1.52750 -0.19000
v -0.01250 1.52750 -0.41000
f 15740 15742 15741
f 15742 15743 15741
f 15744 15746 15745
f 15746 15747 15745
f 15748 15750 15749
f 15750 15751 15749
f 15752 15754 15753
f 15754 15755 15753
f 15756 15758 15757
f 15758 15759 15757
f 15760 15762 15761
f 15762 15763 15761
v -0.62750 1.68250 -0.19000
v -0.43250 1.68250 -0.19000
v -0.62750 1.52750 -0.19000
v -0.43250 1.52750 -0.19000
v -0.43250 1.68250 -0.41000
v -0.62750 1.68250 -0.41000
v -0.43250 1.52750 -0.41000
v -0.62750 1.52750 -0.41000
v -0.43250 1.68250 -0.41000
v -0.43250 1.68250 -0.19000
v -0.62750 1.68250 -0.41000
v -0.62750 1.68250 -0.19000
v -0.62750 1.52750 -0.41000
v -0.62750 1.52750 -0.19000
v -0.43250 1.52750 -0.41000
v -0.43250 1.52750 -0.19000
v -0.62750 1.68250 -0.41000
v -0.62750 1.68250 -0.19000
v -0.62750 1.52750 -0.41000
v -0.62750 1.52750 -0.19000
v -0.43250 1.68250 -0.19000
v -0.43250 1.68250 -0.41000
v -0.43250 1.52750 -0.19000
v -0.43250 1.52750 -0.41000
f 15764 15766 15765
f 15766 15767 15765
f 15768 15770 15769
f 15770 15771 15769
f 15772 15774 15773
f 15774 15775 15773
f 15776 15778 15777
f 15778 15779 15777
f 15780 15782 15781
f 15782 15783 15781
f 15784 15786 15785
f 15786 15787 15785
