mtllib PortableSuctionUnit.mtl
o PortableSuctionUnit
usemtl suction_body_gray
v 0.17000 0.25200 0.08500
v 0.17000 0.25200 -0.08500
v 0.17000 0.01200 0.08500
v 0.17000 0.01200 -0.08500
v -0.17000 0.25200 -0.08500
v -0.17000 0.25200 0.08500
v -0.17000 0.01200 -0.08500
v -0.17000 0.01200 0.08500
v -0.17000 0.25200 -0.08500
v 0.17000 0.25200 -0.08500
v -0.17000 0.25200 0.08500
v 0.17000 0.25200 0.08500
v -0.17000 0.01200 0.08500
v 0.17000 0.01200 0.08500
v -0.17000 0.01200 -0.08500
v 0.17000 0.01200 -0.08500
v -0.17000 0.25200 0.08500
v 0.17000 0.25200 0.08500
v -0.17000 0.01200 0.08500
v 0.17000 0.01200 0.08500
v 0.17000 0.25200 -0.08500
v -0.17000 0.25200 -0.08500
v 0.17000 0.01200 -0.08500
v -0.17000 0.01200 -0.08500
vt 0.00000 0.00000
vt 1.00000 0.00000
vt 0.00000 1.00000
vt 1.00000 1.00000
vt 0.00000 0.00000
vt 1.00000 0.00000
vt 0.00000 1.00000
vt 1.00000 1.00000
vt 0.00000 0.00000
vt 1.00000 0.00000
vt 0.00000 1.00000
vt 1.00000 1.00000
vt 0.00000 0.00000
vt 1.00000 0.00000
vt 0.00000 1.00000
vt 1.00000 1.00000
vt 0.00000 0.00000
vt 1.00000 0.00000
vt 0.00000 1.00000
vt 1.00000 1.00000
vt 0.00000 0.00000
vt 1.00000 0.00000
vt 0.00000 1.00000
vt 1.00000 1.00000
f 1/1 3/3 2/2
f 3/3 4/4 2/2
f 5/5 7/7 6/6
f 7/7 8/8 6/6
f 9/9 11/11 10/10
f 11/11 12/12 10/10
f 13/13 15/15 14/14
f 15/15 16/16 14/14
f 17/17 19/19 18/18
f 19/19 20/20 18/18
f 21/21 23/23 22/22
f 23/23 24/24 22/22
v 0.00300 0.18800 0.11300
v 0.00300 0.18800 0.10500
v 0.00300 0.15200 0.11300
v 0.00300 0.15200 0.10500
v -0.00300 0.18800 0.10500
v -0.00300 0.18800 0.11300
v -0.00300 0.15200 0.10500
v -0.00300 0.15200 0.11300
v -0.00300 0.18800 0.10500
v 0.00300 0.18800 0.10500
v -0.00300 0.18800 0.11300
v 0.00300 0.18800 0.11300
v -0.00300 0.15200 0.11300
v 0.00300 0.15200 0.11300
v -0.00300 0.15200 0.10500
v 0.00300 0.15200 0.10500
v -0.00300 0.18800 0.11300
v 0.00300 0.18800 0.11300
v -0.00300 0.15200 0.11300
v 0.00300 0.15200 0.11300
v 0.00300 0.18800 0.10500
v -0.00300 0.18800 0.10500
v 0.00300 0.15200 0.10500
v -0.00300 0.15200 0.10500
vt 0.00000 0.00000
vt 1.00000 0.00000
vt 0.00000 1.00000
vt 1.00000 1.00000
vt 0.00000 0.00000
vt 1.00000 0.00000
vt 0.00000 1.00000
vt 1.00000 1.00000
vt 0.00000 0.00000
vt 1.00000 0.00000
vt 0.00000 1.00000
vt 1.00000 1.00000
vt 0.00000 0.00000
vt 1.00000 0.00000
vt 0.00000 1.00000
vt 1.00000 1.00000
vt 0.00000 0.00000
vt 1.00000 0.00000
vt 0.00000 1.00000
vt 1.00000 1.00000
vt 0.00000 0.00000
vt 1.00000 0.00000
vt 0.00000 1.00000
vt 1.00000 1.00000
f 25/25 27/27 26/26
f 27/27 28/28 26/26
f 29/29 31/31 30/30
f 31/31 32/32 30/30
f 33/33 35/35 34/34
f 35/35 36/36 34/34
f 37/37 39/39 38/38
f 39/39 40/40 38/38
f 41/41 43/43 42/42
f 43/43 44/44 42/42
f 45/45 47/47 46/46
f 47/47 48/48 46/46
usemtl handle_black
v -0.14000 0.01200 -0.04100
v -0.13177 0.01200 -0.04367
v -0.12669 0.01200 -0.05067
v -0.12669 0.01200 -0.05933
v -0.13177 0.01200 -0.06633
v -0.14000 0.01200 -0.06900
v -0.14823 0.01200 -0.06633
v -0.15331 0.01200 -0.05933
v -0.15331 0.01200 -0.05067
v -0.14823 0.01200 -0.04367
v -0.14000 0.01200 -0.04100
v -0.14000 -0.00000 -0.03900
v -0.13060 -0.00000 -0.04206
v -0.12478 -0.00000 -0.05006
v -0.12478 -0.00000 -0.05994
v -0.13060 -0.00000 -0.06794
v -0.14000 -0.00000 -0.07100
v -0.14940 -0.00000 -0.06794
v -0.15522 -0.00000 -0.05994
v -0.15522 -0.00000 -0.05006
v -0.14940 -0.00000 -0.04206
v -0.14000 -0.00000 -0.03900
v -0.14000 0.01200 -0.05500
v -0.14000 0.01200 -0.05500
v -0.14000 0.01200 -0.05500
v -0.14000 0.01200 -0.05500
v -0.14000 0.01200 -0.05500
v -0.14000 0.01200 -0.05500
v -0.14000 0.01200 -0.05500
v -0.14000 0.01200 -0.05500
v -0.14000 0.01200 -0.05500
v -0.14000 0.01200 -0.05500
v -0.14000 0.01200 -0.04100
v -0.13177 0.01200 -0.04367
v -0.12669 0.01200 -0.05067
v -0.12669 0.01200 -0.05933
v -0.13177 0.01200 -0.06633
v -0.14000 0.01200 -0.06900
v -0.14823 0.01200 -0.06633
v -0.15331 0.01200 -0.05933
v -0.15331 0.01200 -0.05067
v -0.14823 0.01200 -0.04367
v -0.14000 0.01200 -0.04100
v -0.14000 -0.00000 -0.05500
v -0.14000 -0.00000 -0.05500
v -0.14000 -0.00000 -0.05500
v -0.14000 -0.00000 -0.05500
v -0.14000 -0.00000 -0.05500
v -0.14000 -0.00000 -0.05500
v -0.14000 -0.00000 -0.05500
v -0.14000 -0.00000 -0.05500
v -0.14000 -0.00000 -0.05500
v -0.14000 -0.00000 -0.05500
v -0.14000 -0.00000 -0.03900
v -0.13060 -0.00000 -0.04206
v -0.12478 -0.00000 -0.05006
v -0.12478 -0.00000 -0.05994
v -0.13060 -0.00000 -0.06794
v -0.14000 -0.00000 -0.07100
v -0.14940 -0.00000 -0.06794
v -0.15522 -0.00000 -0.05994
v -0.15522 -0.00000 -0.05006
v -0.14940 -0.00000 -0.04206
v -0.14000 -0.00000 -0.03900
vt 0.00000 0.00000
vt 0.10000 0.00000
vt 0.20000 0.00000
vt 0.30000 0.00000
vt 0.40000 0.00000
vt 0.50000 0.00000
vt 0.60000 0.00000
vt 0.70000 0.00000
vt 0.80000 0.00000
vt 0.90000 0.00000
vt 1.00000 0.00000
vt 0.00000 1.00000
vt 0.10000 1.00000
vt 0.20000 1.00000
vt 0.30000 1.00000
vt 0.40000 1.00000
vt 0.50000 1.00000
vt 0.60000 1.00000
vt 0.70000 1.00000
vt 0.80000 1.00000
vt 0.90000 1.00000
vt 1.00000 1.00000
vt 0.50000 0.50000
vt 0.50000 0.50000
vt 0.50000 0.50000
vt 0.50000 0.50000
vt 0.50000 0.50000
vt 0.50000 0.50000
vt 0.50000 0.50000
vt 0.50000 0.50000
vt 0.50000 0.50000
vt 0.50000 0.50000
vt 1.00000 0.50000
vt 0.90451 0.20611
vt 0.65451 0.02447
vt 0.34549 0.02447
vt 0.09549 0.20611
vt 0.00000 0.50000
vt 0.09549 0.79389
vt 0.34549 0.97553
vt 0.65451 0.97553
vt 0.90451 0.79389
vt 1.00000 0.50000
vt 0.50000 0.50000
vt 0.50000 0.50000
vt 0.50000 0.50000
vt 0.50000 0.50000
vt 0.50000 0.50000
vt 0.50000 0.50000
vt 0.50000 0.50000
vt 0.50000 0.50000
vt 0.50000 0.50000
vt 0.50000 0.50000
vt 1.00000 0.50000
vt 0.90451 0.79389
vt 0.65451 0.97553
vt 0.34549 0.97553
vt 0.09549 0.79389
vt 0.00000 0.50000
vt 0.09549 0.20611
vt 0.34549 0.02447
vt 0.65451 0.02447
vt 0.90451 0.20611
vt 1.00000 0.50000
f 49/49 60/60 50/50
f 60/60 61/61 50/50
f 50/50 61/61 51/51
f 61/61 62/62 51/51
f 51/51 62/62 52/52
f 62/62 63/63 52/52
f 52/52 63/63 53/53
f 63/63 64/64 53/53
f 53/53 64/64 54/54
f 64/64 65/65 54/54
f 54/54 65/65 55/55
f 65/65 66/66 55/55
f 55/55 66/66 56/56
f 66/66 67/67 56/56
f 56/56 67/67 57/57
f 67/67 68/68 57/57
f 57/57 68/68 58/58
f 68/68 69/69 58/58
f 58/58 69/69 59/59
f 69/69 70/70 59/59
f 81/81 82/82 71/71
f 82/82 83/83 72/72
f 83/83 84/84 73/73
f 84/84 85/85 74/74
f 85/85 86/86 75/75
f 86/86 87/87 76/76
f 87/87 88/88 77/77
f 88/88 89/89 78/78
f 89/89 90/90 79/79
f 90/90 91/91 80/80
f 103/103 102/102 92/92
f 104/104 103/103 93/93
f 105/105 104/104 94/94
f 106/106 105/105 95/95
f 107/107 106/106 96/96
f 108/108 107/107 97/97
f 109/109 108/108 98/98
f 110/110 109/109 99/99
f 111/111 110/110 100/100
f 112/112 111/111 101/101
v -0.14000 0.01200 0.06900
v -0.13177 0.01200 0.06633
v -0.12669 0.01200 0.05933
v -0.12669 0.01200 0.05067
v -0.13177 0.01200 0.04367
v -0.14000 0.01200 0.04100
v -0.14823 0.01200 0.04367
v -0.15331 0.01200 0.05067
v -0.15331 0.01200 0.05933
v -0.14823 0.01200 0.06633
v -0.14000 0.01200 0.06900
v -0.14000 -0.00000 0.07100
v -0.13060 -0.00000 0.06794
v -0.12478 -0.00000 0.05994
v -0.12478 -0.00000 0.05006
v -0.13060 -0.00000 0.04206
v -0.14000 -0.00000 0.03900
v -0.14940 -0.00000 0.04206
v -0.15522 -0.00000 0.05006
v -0.15522 -0.00000 0.05994
v -0.14940 -0.00000 0.06794
v -0.14000 -0.00000 0.07100
v -0.14000 0.01200 0.05500
v -0.14000 0.01200 0.05500
v -0.14000 0.01200 0.05500
v -0.14000 0.01200 0.05500
v -0.14000 0.01200 0.05500
v -0.14000 0.01200 0.05500
v -0.14000 0.01200 0.05500
v -0.14000 0.01200 0.05500
v -0.14000 0.01200 0.05500
v -0.14000 0.01200 0.05500
v -0.14000 0.01200 0.06900
v -0.13177 0.01200 0.06633
v -0.12669 0.01200 0.05933
v -0.12669 0.01200 0.05067
v -0.13177 0.01200 0.04367
v -0.14000 0.01200 0.04100
v -0.14823 0.01200 0.04367
v -0.15331 0.01200 0.05067
v -0.15331 0.01200 0.05933
v -0.14823 0.01200 0.06633
v -0.14000 0.01200 0.06900
v -0.14000 -0.00000 0.05500
v -0.14000 -0.00000 0.05500
v -0.14000 -0.00000 0.05500
v -0.14000 -0.00000 0.05500
v -0.14000 -0.00000 0.05500
v -0.14000 -0.00000 0.05500
v -0.14000 -0.00000 0.05500
v -0.14000 -0.00000 0.05500
v -0.14000 -0.00000 0.05500
v -0.14000 -0.00000 0.05500
v -0.14000 -0.00000 0.07100
v -0.13060 -0.00000 0.06794
v -0.12478 -0.00000 0.05994
v -0.12478 -0.00000 0.05006
v -0.13060 -0.00000 0.04206
v -0.14000 -0.00000 0.03900
v -0.14940 -0.00000 0.04206
v -0.15522 -0.00000 0.05006
v -0.15522 -0.00000 0.05994
v -0.14940 -0.00000 0.06794
v -0.14000 -0.00000 0.07100
vt 0.00000 0.00000
vt 0.10000 0.00000
vt 0.20000 0.00000
vt 0.30000 0.00000
vt 0.40000 0.00000
vt 0.50000 0.00000
vt 0.60000 0.00000
vt 0.70000 0.00000
vt 0.80000 0.00000
vt 0.90000 0.00000
vt 1.00000 0.00000
vt 0.00000 1.00000
vt 0.10000 1.00000
vt 0.20000 1.00000
vt 0.30000 1.00000
vt 0.40000 1.00000
vt 0.50000 1.00000
vt 0.60000 1.00000
vt 0.70000 1.00000
vt 0.80000 1.00000
vt 0.90000 1.00000
vt 1.00000 1.00000
vt 0.50000 0.50000
vt 0.50000 0.50000
vt 0.50000 0.50000
vt 0.50000 0.50000
vt 0.50000 0.50000
vt 0.50000 0.50000
vt 0.50000 0.50000
vt 0.50000 0.50000
vt 0.50000 0.50000
vt 0.50000 0.50000
vt 1.00000 0.50000
vt 0.90451 0.20611
vt 0.65451 0.02447
vt 0.34549 0.02447
vt 0.09549 0.20611
vt 0.00000 0.50000
vt 0.09549 0.79389
vt 0.34549 0.97553
vt 0.65451 0.97553
vt 0.90451 0.79389
vt 1.00000 0.50000
vt 0.50000 0.50000
vt 0.50000 0.50000
vt 0.50000 0.50000
vt 0.50000 0.50000
vt 0.50000 0.50000
vt 0.50000 0.50000
vt 0.50000 0.50000
vt 0.50000 0.50000
vt 0.50000 0.50000
vt 0.50000 0.50000
vt 1.00000 0.50000
vt 0.90451 0.79389
vt 0.65451 0.97553
vt 0.34549 0.97553
vt 0.09549 0.79389
vt 0.00000 0.50000
vt 0.09549 0.20611
vt 0.34549 0.02447
vt 0.65451 0.02447
vt 0.90451 0.20611
vt 1.00000 0.50000
f 113/113 124/124 114/114
f 124/124 125/125 114/114
f 114/114 125/125 115/115
f 125/125 126/126 115/115
f 115/115 126/126 116/116
f 126/126 127/127 116/116
f 116/116 127/127 117/117
f 127/127 128/128 117/117
f 117/117 128/128 118/118
f 128/128 129/129 118/118
f 118/118 129/129 119/119
f 129/129 130/130 119/119
f 119/119 130/130 120/120
f 130/130 131/131 120/120
f 120/120 131/131 121/121
f 131/131 132/132 121/121
f 121/121 132/132 122/122
f 132/132 133/133 122/122
f 122/122 133/133 123/123
f 133/133 134/134 123/123
f 145/145 146/146 135/135
f 146/146 147/147 136/136
f 147/147 148/148 137/137
f 148/148 149/149 138/138
f 149/149 150/150 139/139
f 150/150 151/151 140/140
f 151/151 152/152 141/141
f 152/152 153/153 142/142
f 153/153 154/154 143/143
f 154/154 155/155 144/144
f 167/167 166/166 156/156
f 168/168 167/167 157/157
f 169/169 168/168 158/158
f 170/170 169/169 159/159
f 171/171 170/170 160/160
f 172/172 171/171 161/161
f 173/173 172/172 162/162
f 174/174 173/173 163/163
f 175/175 174/174 164/164
f 176/176 175/175 165/165
v 0.14000 0.01200 -0.04100
v 0.14823 0.01200 -0.04367
v 0.15331 0.01200 -0.05067
v 0.15331 0.01200 -0.05933
v 0.14823 0.01200 -0.06633
v 0.14000 0.01200 -0.06900
v 0.13177 0.01200 -0.06633
v 0.12669 0.01200 -0.05933
v 0.12669 0.01200 -0.05067
v 0.13177 0.01200 -0.04367
v 0.14000 0.01200 -0.04100
v 0.14000 -0.00000 -0.03900
v 0.14940 -0.00000 -0.04206
v 0.15522 -0.00000 -0.05006
v 0.15522 -0.00000 -0.05994
v 0.14940 -0.00000 -0.06794
v 0.14000 -0.00000 -0.07100
v 0.13060 -0.00000 -0.06794
v 0.12478 -0.00000 -0.05994
v 0.12478 -0.00000 -0.05006
v 0.13060 -0.00000 -0.04206
v 0.14000 -0.00000 -0.03900
v 0.14000 0.01200 -0.05500
v 0.14000 0.01200 -0.05500
v 0.14000 0.01200 -0.05500
v 0.14000 0.01200 -0.05500
v 0.14000 0.01200 -0.05500
v 0.14000 0.01200 -0.05500
v 0.14000 0.01200 -0.05500
v 0.14000 0.01200 -0.05500
v 0.14000 0.01200 -0.05500
v 0.14000 0.01200 -0.05500
v 0.14000 0.01200 -0.04100
v 0.14823 0.01200 -0.04367
v 0.15331 0.01200 -0.05067
v 0.15331 0.01200 -0.05933
v 0.14823 0.01200 -0.06633
v 0.14000 0.01200 -0.06900
v 0.13177 0.01200 -0.06633
v 0.12669 0.01200 -0.05933
v 0.12669 0.01200 -0.05067
v 0.13177 0.01200 -0.04367
v 0.14000 0.01200 -0.04100
v 0.14000 -0.00000 -0.05500
v 0.14000 -0.00000 -0.05500
v 0.14000 -0.00000 -0.05500
v 0.14000 -0.00000 -0.05500
v 0.14000 -0.00000 -0.05500
v 0.14000 -0.00000 -0.05500
v 0.14000 -0.00000 -0.05500
v 0.14000 -0.00000 -0.05500
v 0.14000 -0.00000 -0.05500
v 0.14000 -0.00000 -0.05500
v 0.14000 -0.00000 -0.03900
v 0.14940 -0.00000 -0.04206
v 0.15522 -0.00000 -0.05006
v 0.15522 -0.00000 -0.05994
v 0.14940 -0.00000 -0.06794
v 0.14000 -0.00000 -0.07100
v 0.13060 -0.00000 -0.06794
v 0.12478 -0.00000 -0.05994
v 0.12478 -0.00000 -0.05006
v 0.13060 -0.00000 -0.04206
v 0.14000 -0.00000 -0.03900
vt 0.00000 0.00000
vt 0.10000 0.00000
vt 0.20000 0.00000
vt 0.30000 0.00000
vt 0.40000 0.00000
vt 0.50000 0.00000
vt 0.60000 0.00000
vt 0.70000 0.00000
vt 0.80000 0.00000
vt 0.90000 0.00000
vt 1.00000 0.00000
vt 0.00000 1.00000
vt 0.10000 1.00000
vt 0.20000 1.00000
vt 0.30000 1.00000
vt 0.40000 1.00000
vt 0.50000 1.00000
vt 0.60000 1.00000
vt 0.70000 1.00000
vt 0.80000 1.00000
vt 0.90000 1.00000
vt 1.00000 1.00000
vt 0.50000 0.50000
vt 0.50000 0.50000
vt 0.50000 0.50000
vt 0.50000 0.50000
vt 0.50000 0.50000
vt 0.50000 0.50000
vt 0.50000 0.50000
vt 0.50000 0.50000
vt 0.50000 0.50000
vt 0.50000 0.50000
vt 1.00000 0.50000
vt 0.90451 0.20611
vt 0.65451 0.02447
vt 0.34549 0.02447
vt 0.09549 0.20611
vt 0.00000 0.50000
vt 0.09549 0.79389
vt 0.34549 0.97553
vt 0.65451 0.97553
vt 0.90451 0.79389
vt 1.00000 0.50000
vt 0.50000 0.50000
vt 0.50000 0.50000
vt 0.50000 0.50000
vt 0.50000 0.50000
vt 0.50000 0.50000
vt 0.50000 0.50000
vt 0.50000 0.50000
vt 0.50000 0.50000
vt 0.50000 0.50000
vt 0.50000 0.50000
vt 1.00000 0.50000
vt 0.90451 0.79389
vt 0.65451 0.97553
vt 0.34549 0.97553
vt 0.09549 0.79389
vt 0.00000 0.50000
vt 0.09549 0.20611
vt 0.34549 0.02447
vt 0.65451 0.02447
vt 0.90451 0.20611
vt 1.00000 0.50000
f 177/177 188/188 178/178
f 188/188 189/189 178/178
f 178/178 189/189 179/179
f 189/189 190/190 179/179
f 179/179 190/190 180/180
f 190/190 191/191 180/180
f 180/180 191/191 181/181
f 191/191 192/192 181/181
f 181/181 192/192 182/182
f 192/192 193/193 182/182
f 182/182 193/193 183/183
f 193/193 194/194 183/183
f 183/183 194/194 184/184
f 194/194 195/195 184/184
f 184/184 195/195 185/185
f 195/195 196/196 185/185
f 185/185 196/196 186/186
f 196/196 197/197 186/186
f 186/186 197/197 187/187
f 197/197 198/198 187/187
f 209/209 210/210 199/199
f 210/210 211/211 200/200
f 211/211 212/212 201/201
f 212/212 213/213 202/202
f 213/213 214/214 203/203
f 214/214 215/215 204/204
f 215/215 216/216 205/205
f 216/216 217/217 206/206
f 217/217 218/218 207/207
f 218/218 219/219 208/208
f 231/231 230/230 220/220
f 232/232 231/231 221/221
f 233/233 232/232 222/222
f 234/234 233/233 223/223
f 235/235 234/234 224/224
f 236/236 235/235 225/225
f 237/237 236/236 226/226
f 238/238 237/237 227/227
f 239/239 238/238 228/228
f 240/240 239/239 229/229
v 0.14000 0.01200 0.06900
v 0.14823 0.01200 0.06633
v 0.15331 0.01200 0.05933
v 0.15331 0.01200 0.05067
v 0.14823 0.01200 0.04367
v 0.14000 0.01200 0.04100
v 0.13177 0.01200 0.04367
v 0.12669 0.01200 0.05067
v 0.12669 0.01200 0.05933
v 0.13177 0.01200 0.06633
v 0.14000 0.01200 0.06900
v 0.14000 -0.00000 0.07100
v 0.14940 -0.00000 0.06794
v 0.15522 -0.00000 0.05994
v 0.15522 -0.00000 0.05006
v 0.14940 -0.00000 0.04206
v 0.14000 -0.00000 0.03900
v 0.13060 -0.00000 0.04206
v 0.12478 -0.00000 0.05006
v 0.12478 -0.00000 0.05994
v 0.13060 -0.00000 0.06794
v 0.14000 -0.00000 0.07100
v 0.14000 0.01200 0.05500
v 0.14000 0.01200 0.05500
v 0.14000 0.01200 0.05500
v 0.14000 0.01200 0.05500
v 0.14000 0.01200 0.05500
v 0.14000 0.01200 0.05500
v 0.14000 0.01200 0.05500
v 0.14000 0.01200 0.05500
v 0.14000 0.01200 0.05500
v 0.14000 0.01200 0.05500
v 0.14000 0.01200 0.06900
v 0.14823 0.01200 0.06633
v 0.15331 0.01200 0.05933
v 0.15331 0.01200 0.05067
v 0.14823 0.01200 0.04367
v 0.14000 0.01200 0.04100
v 0.13177 0.01200 0.04367
v 0.12669 0.01200 0.05067
v 0.12669 0.01200 0.05933
v 0.13177 0.01200 0.06633
v 0.14000 0.01200 0.06900
v 0.14000 -0.00000 0.05500
v 0.14000 -0.00000 0.05500
v 0.14000 -0.00000 0.05500
v 0.14000 -0.00000 0.05500
v 0.14000 -0.00000 0.05500
v 0.14000 -0.00000 0.05500
v 0.14000 -0.00000 0.05500
v 0.14000 -0.00000 0.05500
v 0.14000 -0.00000 0.05500
v 0.14000 -0.00000 0.05500
v 0.14000 -0.00000 0.07100
v 0.14940 -0.00000 0.06794
v 0.15522 -0.00000 0.05994
v 0.15522 -0.00000 0.05006
v 0.14940 -0.00000 0.04206
v 0.14000 -0.00000 0.03900
v 0.13060 -0.00000 0.04206
v 0.12478 -0.00000 0.05006
v 0.12478 -0.00000 0.05994
v 0.13060 -0.00000 0.06794
v 0.14000 -0.00000 0.07100
vt 0.00000 0.00000
vt 0.10000 0.00000
vt 0.20000 0.00000
vt 0.30000 0.00000
vt 0.40000 0.00000
vt 0.50000 0.00000
vt 0.60000 0.00000
vt 0.70000 0.00000
vt 0.80000 0.00000
vt 0.90000 0.00000
vt 1.00000 0.00000
vt 0.00000 1.00000
vt 0.10000 1.00000
vt 0.20000 1.00000
vt 0.30000 1.00000
vt 0.40000 1.00000
vt 0.50000 1.00000
vt 0.60000 1.00000
vt 0.70000 1.00000
vt 0.80000 1.00000
vt 0.90000 1.00000
vt 1.00000 1.00000
vt 0.50000 0.50000
vt 0.50000 0.50000
vt 0.50000 0.50000
vt 0.50000 0.50000
vt 0.50000 0.50000
vt 0.50000 0.50000
vt 0.50000 0.50000
vt 0.50000 0.50000
vt 0.50000 0.50000
vt 0.50000 0.50000
vt 1.00000 0.50000
vt 0.90451 0.20611
vt 0.65451 0.02447
vt 0.34549 0.02447
vt 0.09549 0.20611
vt 0.00000 0.50000
vt 0.09549 0.79389
vt 0.34549 0.97553
vt 0.65451 0.97553
vt 0.90451 0.79389
vt 1.00000 0.50000
vt 0.50000 0.50000
vt 0.50000 0.50000
vt 0.50000 0.50000
vt 0.50000 0.50000
vt 0.50000 0.50000
vt 0.50000 0.50000
vt 0.50000 0.50000
vt 0.50000 0.50000
vt 0.50000 0.50000
vt 0.50000 0.50000
vt 1.00000 0.50000
vt 0.90451 0.79389
vt 0.65451 0.97553
vt 0.34549 0.97553
vt 0.09549 0.79389
vt 0.00000 0.50000
vt 0.09549 0.20611
vt 0.34549 0.02447
vt 0.65451 0.02447
vt 0.90451 0.20611
vt 1.00000 0.50000
f 241/241 252/252 242/242
f 252/252 253/253 242/242
f 242/242 253/253 243/243
f 253/253 254/254 243/243
f 243/243 254/254 244/244
f 254/254 255/255 244/244
f 244/244 255/255 245/245
f 255/255 256/256 245/245
f 245/245 256/256 246/246
f 256/256 257/257 246/246
f 246/246 257/257 247/247
f 257/257 258/258 247/247
f 247/247 258/258 248/248
f 258/258 259/259 248/248
f 248/248 259/259 249/249
f 259/259 260/260 249/249
f 249/249 260/260 250/250
f 260/260 261/261 250/250
f 250/250 261/261 251/251
f 261/261 262/262 251/251
f 273/273 274/274 263/263
f 274/274 275/275 264/264
f 275/275 276/276 265/265
f 276/276 277/277 266/266
f 277/277 278/278 267/267
f 278/278 279/279 268/268
f 279/279 280/280 269/269
f 280/280 281/281 270/270
f 281/281 282/282 271/271
f 282/282 283/283 272/272
f 295/295 294/294 284/284
f 296/296 295/295 285/285
f 297/297 296/296 286/286
f 298/298 297/297 287/287
f 299/299 298/298 288/288
f 300/300 299/299 289/289
f 301/301 300/300 290/290
f 302/302 301/301 291/291
f 303/303 302/302 292/292
f 304/304 303/303 293/293
v -0.09000 0.13800 0.10400
v -0.07906 0.13993 0.10400
v -0.06943 0.14549 0.10400
v -0.06229 0.15400 0.10400
v -0.05849 0.16444 0.10400
v -0.05849 0.17556 0.10400
v -0.06229 0.18600 0.10400
v -0.06943 0.19451 0.10400
v -0.07906 0.20007 0.10400
v -0.09000 0.20200 0.10400
v -0.10094 0.20007 0.10400
v -0.11057 0.19451 0.10400
v -0.11771 0.18600 0.10400
v -0.12151 0.17556 0.10400
v -0.12151 0.16444 0.10400
v -0.11771 0.15400 0.10400
v -0.11057 0.14549 0.10400
v -0.10094 0.13993 0.10400
v -0.09000 0.13800 0.10400
v -0.09000 0.13800 0.09000
v -0.07906 0.13993 0.09000
v -0.06943 0.14549 0.09000
v -0.06229 0.15400 0.09000
v -0.05849 0.16444 0.09000
v -0.05849 0.17556 0.09000
v -0.06229 0.18600 0.09000
v -0.06943 0.19451 0.09000
v -0.07906 0.20007 0.09000
v -0.09000 0.20200 0.09000
v -0.10094 0.20007 0.09000
v -0.11057 0.19451 0.09000
v -0.11771 0.18600 0.09000
v -0.12151 0.17556 0.09000
v -0.12151 0.16444 0.09000
v -0.11771 0.15400 0.09000
v -0.11057 0.14549 0.09000
v -0.10094 0.13993 0.09000
v -0.09000 0.13800 0.09000
v -0.09000 0.17000 0.10400
v -0.09000 0.17000 0.10400
v -0.09000 0.17000 0.10400
v -0.09000 0.17000 0.10400
v -0.09000 0.17000 0.10400
v -0.09000 0.17000 0.10400
v -0.09000 0.17000 0.10400
v -0.09000 0.17000 0.10400
v -0.09000 0.17000 0.10400
v -0.09000 0.17000 0.10400
v -0.09000 0.17000 0.10400
v -0.09000 0.17000 0.10400
v -0.09000 0.17000 0.10400
v -0.09000 0.17000 0.10400
v -0.09000 0.17000 0.10400
v -0.09000 0.17000 0.10400
v -0.09000 0.17000 0.10400
v -0.09000 0.17000 0.10400
v -0.09000 0.13800 0.10400
v -0.07906 0.13993 0.10400
v -0.06943 0.14549 0.10400
v -0.06229 0.15400 0.10400
v -0.05849 0.16444 0.10400
v -0.05849 0.17556 0.10400
v -0.06229 0.18600 0.10400
v -0.06943 0.19451 0.10400
v -0.07906 0.20007 0.10400
v -0.09000 0.20200 0.10400
v -0.10094 0.20007 0.10400
v -0.11057 0.19451 0.10400
v -0.11771 0.18600 0.10400
v -0.12151 0.17556 0.10400
v -0.12151 0.16444 0.10400
v -0.11771 0.15400 0.10400
v -0.11057 0.14549 0.10400
v -0.10094 0.13993 0.10400
v -0.09000 0.13800 0.10400
v -0.09000 0.17000 0.09000
v -0.09000 0.17000 0.09000
v -0.09000 0.17000 0.09000
v -0.09000 0.17000 0.09000
v -0.09000 0.17000 0.09000
v -0.09000 0.17000 0.09000
v -0.09000 0.17000 0.09000
v -0.09000 0.17000 0.09000
v -0.09000 0.17000 0.09000
v -0.09000 0.17000 0.09000
v -0.09000 0.17000 0.09000
v -0.09000 0.17000 0.09000
v -0.09000 0.17000 0.09000
v -0.09000 0.17000 0.09000
v -0.09000 0.17000 0.09000
v -0.09000 0.17000 0.09000
v -0.09000 0.17000 0.09000
v -0.09000 0.17000 0.09000
v -0.09000 0.13800 0.09000
v -0.07906 0.13993 0.09000
v -0.06943 0.14549 0.09000
v -0.06229 0.15400 0.09000
v -0.05849 0.16444 0.09000
v -0.05849 0.17556 0.09000
v -0.06229 0.18600 0.09000
v -0.06943 0.19451 0.09000
v -0.07906 0.20007 0.09000
v -0.09000 0.20200 0.09000
v -0.10094 0.20007 0.09000
v -0.11057 0.19451 0.09000
v -0.11771 0.18600 0.09000
v -0.12151 0.17556 0.09000
v -0.12151 0.16444 0.09000
v -0.11771 0.15400 0.09000
v -0.11057 0.14549 0.09000
v -0.10094 0.13993 0.09000
v -0.09000 0.13800 0.09000
vt 0.00000 0.00000
vt 0.05556 0.00000
vt 0.11111 0.00000
vt 0.16667 0.00000
vt 0.22222 0.00000
vt 0.27778 0.00000
vt 0.33333 0.00000
vt 0.38889 0.00000
vt 0.44444 0.00000
vt 0.50000 0.00000
vt 0.55556 0.00000
vt 0.61111 0.00000
vt 0.66667 0.00000
vt 0.72222 0.00000
vt 0.77778 0.00000
vt 0.83333 0.00000
vt 0.88889 0.00000
vt 0.94444 0.00000
vt 1.00000 0.00000
vt 0.00000 1.00000
vt 0.05556 1.00000
vt 0.11111 1.00000
vt 0.16667 1.00000
vt 0.22222 1.00000
vt 0.27778 1.00000
vt 0.33333 1.00000
vt 0.38889 1.00000
vt 0.44444 1.00000
vt 0.50000 1.00000
vt 0.55556 1.00000
vt 0.61111 1.00000
vt 0.66667 1.00000
vt 0.72222 1.00000
vt 0.77778 1.00000
vt 0.83333 1.00000
vt 0.88889 1.00000
vt 0.94444 1.00000
vt 1.00000 1.00000
vt 0.50000 0.50000
vt 0.50000 0.50000
vt 0.50000 0.50000
vt 0.50000 0.50000
vt 0.50000 0.50000
vt 0.50000 0.50000
vt 0.50000 0.50000
vt 0.50000 0.50000
vt 0.50000 0.50000
vt 0.50000 0.50000
vt 0.50000 0.50000
vt 0.50000 0.50000
vt 0.50000 0.50000
vt 0.50000 0.50000
vt 0.50000 0.50000
vt 0.50000 0.50000
vt 0.50000 0.50000
vt 0.50000 0.50000
vt 1.00000 0.50000
vt 0.96985 0.32899
vt 0.88302 0.17861
vt 0.75000 0.06699
vt 0.58682 0.00760
vt 0.41318 0.00760
vt 0.25000 0.06699
vt 0.11698 0.17861
vt 0.03015 0.32899
vt 0.00000 0.50000
vt 0.03015 0.67101
vt 0.11698 0.82139
vt 0.25000 0.93301
vt 0.41318 0.99240
vt 0.58682 0.99240
vt 0.75000 0.93301
vt 0.88302 0.82139
vt 0.96985 0.67101
vt 1.00000 0.50000
vt 0.50000 0.50000
vt 0.50000 0.50000
vt 0.50000 0.50000
vt 0.50000 0.50000
vt 0.50000 0.50000
vt 0.50000 0.50000
vt 0.50000 0.50000
vt 0.50000 0.50000
vt 0.50000 0.50000
vt 0.50000 0.50000
vt 0.50000 0.50000
vt 0.50000 0.50000
vt 0.50000 0.50000
vt 0.50000 0.50000
vt 0.50000 0.50000
vt 0.50000 0.50000
vt 0.50000 0.50000
vt 0.50000 0.50000
vt 1.00000 0.50000
vt 0.96985 0.67101
vt 0.88302 0.82139
vt 0.75000 0.93301
vt 0.58682 0.99240
vt 0.41318 0.99240
vt 0.25000 0.93301
vt 0.11698 0.82139
vt 0.03015 0.67101
vt 0.00000 0.50000
vt 0.03015 0.32899
vt 0.11698 0.17861
vt 0.25000 0.06699
vt 0.41318 0.00760
vt 0.58682 0.00760
vt 0.75000 0.06699
vt 0.88302 0.17861
vt 0.96985 0.32899
vt 1.00000 0.50000
f 305/305 324/324 306/306
f 324/324 325/325 306/306
f 306/306 325/325 307/307
f 325/325 326/326 307/307
f 307/307 326/326 308/308
f 326/326 327/327 308/308
f 308/308 327/327 309/309
f 327/327 328/328 309/309
f 309/309 328/328 310/310
f 328/328 329/329 310/310
f 310/310 329/329 311/311
f 329/329 330/330 311/311
f 311/311 330/330 312/312
f 330/330 331/331 312/312
f 312/312 331/331 313/313
f 331/331 332/332 313/313
f 313/313 332/332 314/314
f 332/332 333/333 314/314
f 314/314 333/333 315/315
f 333/333 334/334 315/315
f 315/315 334/334 316/316
f 334/334 335/335 316/316
f 316/316 335/335 317/317
f 335/335 336/336 317/317
f 317/317 336/336 318/318
f 336/336 337/337 318/318
f 318/318 337/337 319/319
f 337/337 338/338 319/319
f 319/319 338/338 320/320
f 338/338 339/339 320/320
f 320/320 339/339 321/321
f 339/339 340/340 321/321
f 321/321 340/340 322/322
f 340/340 341/341 322/322
f 322/322 341/341 323/323
f 341/341 342/342 323/323
f 361/361 362/362 343/343
f 362/362 363/363 344/344
f 363/363 364/364 345/345
f 364/364 365/365 346/346
f 365/365 366/366 347/347
f 366/366 367/367 348/348
f 367/367 368/368 349/349
f 368/368 369/369 350/350
f 369/369 370/370 351/351
f 370/370 371/371 352/352
f 371/371 372/372 353/353
f 372/372 373/373 354/354
f 373/373 374/374 355/355
f 374/374 375/375 356/356
f 375/375 376/376 357/357
f 376/376 377/377 358/358
f 377/377 378/378 359/359
f 378/378 379/379 360/360
f 399/399 398/398 380/380
f 400/400 399/399 381/381
f 401/401 400/400 382/382
f 402/402 401/401 383/383
f 403/403 402/402 384/384
f 404/404 403/403 385/385
f 405/405 404/404 386/386
f 406/406 405/405 387/387
f 407/407 406/406 388/388
f 408/408 407/407 389/389
f 409/409 408/408 390/390
f 410/410 409/409 391/391
f 411/411 410/410 392/392
f 412/412 411/411 393/393
f 413/413 412/412 394/394
f 414/414 413/413 395/395
f 415/415 414/414 396/396
f 416/416 415/415 397/397
v 0.00000 0.14800 0.10900
v 0.01100 0.15095 0.10900
v 0.01905 0.15900 0.10900
v 0.02200 0.17000 0.10900
v 0.01905 0.18100 0.10900
v 0.01100 0.18905 0.10900
v 0.00000 0.19200 0.10900
v -0.01100 0.18905 0.10900
v -0.01905 0.18100 0.10900
v -0.02200 0.17000 0.10900
v -0.01905 0.15900 0.10900
v -0.01100 0.15095 0.10900
v -0.00000 0.14800 0.10900
v 0.00000 0.14800 0.08900
v 0.01100 0.15095 0.08900
v 0.01905 0.15900 0.08900
v 0.02200 0.17000 0.08900
v 0.01905 0.18100 0.08900
v 0.01100 0.18905 0.08900
v 0.00000 0.19200 0.08900
v -0.01100 0.18905 0.08900
v -0.01905 0.18100 0.08900
v -0.02200 0.17000 0.08900
v -0.01905 0.15900 0.08900
v -0.01100 0.15095 0.08900
v -0.00000 0.14800 0.08900
v 0.00000 0.17000 0.10900
v 0.00000 0.17000 0.10900
v 0.00000 0.17000 0.10900
v 0.00000 0.17000 0.10900
v 0.00000 0.17000 0.10900
v 0.00000 0.17000 0.10900
v 0.00000 0.17000 0.10900
v 0.00000 0.17000 0.10900
v 0.00000 0.17000 0.10900
v 0.00000 0.17000 0.10900
v 0.00000 0.17000 0.10900
v 0.00000 0.17000 0.10900
v 0.00000 0.14800 0.10900
v 0.01100 0.15095 0.10900
v 0.01905 0.15900 0.10900
v 0.02200 0.17000 0.10900
v 0.01905 0.18100 0.10900
v 0.01100 0.18905 0.10900
v 0.00000 0.19200 0.10900
v -0.01100 0.18905 0.10900
v -0.01905 0.18100 0.10900
v -0.02200 0.17000 0.10900
v -0.01905 0.15900 0.10900
v -0.01100 0.15095 0.10900
v -0.00000 0.14800 0.10900
v 0.00000 0.17000 0.08900
v 0.00000 0.17000 0.08900
v 0.00000 0.17000 0.08900
v 0.00000 0.17000 0.08900
v 0.00000 0.17000 0.08900
v 0.00000 0.17000 0.08900
v 0.00000 0.17000 0.08900
v 0.00000 0.17000 0.08900
v 0.00000 0.17000 0.08900
v 0.00000 0.17000 0.08900
v 0.00000 0.17000 0.08900
v 0.00000 0.17000 0.08900
v 0.00000 0.14800 0.08900
v 0.01100 0.15095 0.08900
v 0.01905 0.15900 0.08900
v 0.02200 0.17000 0.08900
v 0.01905 0.18100 0.08900
v 0.01100 0.18905 0.08900
v 0.00000 0.19200 0.08900
v -0.01100 0.18905 0.08900
v -0.01905 0.18100 0.08900
v -0.02200 0.17000 0.08900
v -0.01905 0.15900 0.08900
v -0.01100 0.15095 0.08900
v -0.00000 0.14800 0.08900
vt 0.00000 0.00000
vt 0.08333 0.00000
vt 0.16667 0.00000
vt 0.25000 0.00000
vt 0.33333 0.00000
vt 0.41667 0.00000
vt 0.50000 0.00000
vt 0.58333 0.00000
vt 0.66667 0.00000
vt 0.75000 0.00000
vt 0.83333 0.00000
vt 0.91667 0.00000
vt 1.00000 0.00000
vt 0.00000 1.00000
vt 0.08333 1.00000
vt 0.16667 1.00000
vt 0.25000 1.00000
vt 0.33333 1.00000
vt 0.41667 1.00000
vt 0.50000 1.00000
vt 0.58333 1.00000
vt 0.66667 1.00000
vt 0.75000 1.00000
vt 0.83333 1.00000
vt 0.91667 1.00000
vt 1.00000 1.00000
vt 0.50000 0.50000
vt 0.50000 0.50000
vt 0.50000 0.50000
vt 0.50000 0.50000
vt 0.50000 0.50000
vt 0.50000 0.50000
vt 0.50000 0.50000
vt 0.50000 0.50000
vt 0.50000 0.50000
vt 0.50000 0.50000
vt 0.50000 0.50000
vt 0.50000 0.50000
vt 1.00000 0.50000
vt 0.93301 0.25000
vt 0.75000 0.06699
vt 0.50000 0.00000
vt 0.25000 0.06699
vt 0.06699 0.25000
vt 0.00000 0.50000
vt 0.06699 0.75000
vt 0.25000 0.93301
vt 0.50000 1.00000
vt 0.75000 0.93301
vt 0.93301 0.75000
vt 1.00000 0.50000
vt 0.50000 0.50000
vt 0.50000 0.50000
vt 0.50000 0.50000
vt 0.50000 0.50000
vt 0.50000 0.50000
vt 0.50000 0.50000
vt 0.50000 0.50000
vt 0.50000 0.50000
vt 0.50000 0.50000
vt 0.50000 0.50000
vt 0.50000 0.50000
vt 0.50000 0.50000
vt 1.00000 0.50000
vt 0.93301 0.75000
vt 0.75000 0.93301
vt 0.50000 1.00000
vt 0.25000 0.93301
vt 0.06699 0.75000
vt 0.00000 0.50000
vt 0.06699 0.25000
vt 0.25000 0.06699
vt 0.50000 0.00000
vt 0.75000 0.06699
vt 0.93301 0.25000
vt 1.00000 0.50000
f 417/417 430/430 418/418
f 430/430 431/431 418/418
f 418/418 431/431 419/419
f 431/431 432/432 419/419
f 419/419 432/432 420/420
f 432/432 433/433 420/420
f 420/420 433/433 421/421
f 433/433 434/434 421/421
f 421/421 434/434 422/422
f 434/434 435/435 422/422
f 422/422 435/435 423/423
f 435/435 436/436 423/423
f 423/423 436/436 424/424
f 436/436 437/437 424/424
f 424/424 437/437 425/425
f 437/437 438/438 425/425
f 425/425 438/438 426/426
f 438/438 439/439 426/426
f 426/426 439/439 427/427
f 439/439 440/440 427/427
f 427/427 440/440 428/428
f 440/440 441/441 428/428
f 428/428 441/441 429/429
f 441/441 442/442 429/429
f 455/455 456/456 443/443
f 456/456 457/457 444/444
f 457/457 458/458 445/445
f 458/458 459/459 446/446
f 459/459 460/460 447/447
f 460/460 461/461 448/448
f 461/461 462/462 449/449
f 462/462 463/463 450/450
f 463/463 464/464 451/451
f 464/464 465/465 452/452
f 465/465 466/466 453/453
f 466/466 467/467 454/454
f 481/481 480/480 468/468
f 482/482 481/481 469/469
f 483/483 482/482 470/470
f 484/484 483/483 471/471
f 485/485 484/484 472/472
f 486/486 485/485 473/473
f 487/487 486/486 474/474
f 488/488 487/487 475/475
f 489/489 488/488 476/476
f 490/490 489/489 477/477
f 491/491 490/490 478/478
f 492/492 491/491 479/479
v 0.10000 0.18300 0.09600
v 0.10000 0.18300 0.09000
v 0.10000 0.15700 0.09600
v 0.10000 0.15700 0.09000
v 0.06000 0.18300 0.09000
v 0.06000 0.18300 0.09600
v 0.06000 0.15700 0.09000
v 0.06000 0.15700 0.09600
v 0.06000 0.18300 0.09000
v 0.10000 0.18300 0.09000
v 0.06000 0.18300 0.09600
v 0.10000 0.18300 0.09600
v 0.06000 0.15700 0.09600
v 0.10000 0.15700 0.09600
v 0.06000 0.15700 0.09000
v 0.10000 0.15700 0.09000
v 0.06000 0.18300 0.09600
v 0.10000 0.18300 0.09600
v 0.06000 0.15700 0.09600
v 0.10000 0.15700 0.09600
v 0.10000 0.18300 0.09000
v 0.06000 0.18300 0.09000
v 0.10000 0.15700 0.09000
v 0.06000 0.15700 0.09000
vt 0.00000 0.00000
vt 1.00000 0.00000
vt 0.00000 1.00000
vt 1.00000 1.00000
vt 0.00000 0.00000
vt 1.00000 0.00000
vt 0.00000 1.00000
vt 1.00000 1.00000
vt 0.00000 0.00000
vt 1.00000 0.00000
vt 0.00000 1.00000
vt 1.00000 1.00000
vt 0.00000 0.00000
vt 1.00000 0.00000
vt 0.00000 1.00000
vt 1.00000 1.00000
vt 0.00000 0.00000
vt 1.00000 0.00000
vt 0.00000 1.00000
vt 1.00000 1.00000
vt 0.00000 0.00000
vt 1.00000 0.00000
vt 0.00000 1.00000
vt 1.00000 1.00000
f 493/493 495/495 494/494
f 495/495 496/496 494/494
f 497/497 499/499 498/498
f 499/499 500/500 498/498
f 501/501 503/503 502/502
f 503/503 504/504 502/502
f 505/505 507/507 506/506
f 507/507 508/508 506/506
f 509/509 511/511 510/510
f 511/511 512/512 510/510
f 513/513 515/515 514/514
f 515/515 516/516 514/514
v 0.07500 0.29800 0.01300
v 0.07500 0.29800 -0.01300
v 0.07500 0.28200 0.01300
v 0.07500 0.28200 -0.01300
v -0.07500 0.29800 -0.01300
v -0.07500 0.29800 0.01300
v -0.07500 0.28200 -0.01300
v -0.07500 0.28200 0.01300
v -0.07500 0.29800 -0.01300
v 0.07500 0.29800 -0.01300
v -0.07500 0.29800 0.01300
v 0.07500 0.29800 0.01300
v -0.07500 0.28200 0.01300
v 0.07500 0.28200 0.01300
v -0.07500 0.28200 -0.01300
v 0.07500 0.28200 -0.01300
v -0.07500 0.29800 0.01300
v 0.07500 0.29800 0.01300
v -0.07500 0.28200 0.01300
v 0.07500 0.28200 0.01300
v 0.07500 0.29800 -0.01300
v -0.07500 0.29800 -0.01300
v 0.07500 0.28200 -0.01300
v -0.07500 0.28200 -0.01300
vt 0.00000 0.00000
vt 1.00000 0.00000
vt 0.00000 1.00000
vt 1.00000 1.00000
vt 0.00000 0.00000
vt 1.00000 0.00000
vt 0.00000 1.00000
vt 1.00000 1.00000
vt 0.00000 0.00000
vt 1.00000 0.00000
vt 0.00000 1.00000
vt 1.00000 1.00000
vt 0.00000 0.00000
vt 1.00000 0.00000
vt 0.00000 1.00000
vt 1.00000 1.00000
vt 0.00000 0.00000
vt 1.00000 0.00000
vt 0.00000 1.00000
vt 1.00000 1.00000
vt 0.00000 0.00000
vt 1.00000 0.00000
vt 0.00000 1.00000
vt 1.00000 1.00000
f 517/517 519/519 518/518
f 519/519 520/520 518/518
f 521/521 523/523 522/522
f 523/523 524/524 522/522
f 525/525 527/527 526/526
f 527/527 528/528 526/526
f 529/529 531/531 530/530
f 531/531 532/532 530/530
f 533/533 535/535 534/534
f 535/535 536/536 534/534
f 537/537 539/539 538/538
f 539/539 540/540 538/538
v -0.06100 0.28600 0.01000
v -0.06100 0.28600 -0.01000
v -0.06100 0.24600 0.01000
v -0.06100 0.24600 -0.01000
v -0.07500 0.28600 -0.01000
v -0.07500 0.28600 0.01000
v -0.07500 0.24600 -0.01000
v -0.07500 0.24600 0.01000
v -0.07500 0.28600 -0.01000
v -0.06100 0.28600 -0.01000
v -0.07500 0.28600 0.01000
v -0.06100 0.28600 0.01000
v -0.07500 0.24600 0.01000
v -0.06100 0.24600 0.01000
v -0.07500 0.24600 -0.01000
v -0.06100 0.24600 -0.01000
v -0.07500 0.28600 0.01000
v -0.06100 0.28600 0.01000
v -0.07500 0.24600 0.01000
v -0.06100 0.24600 0.01000
v -0.06100 0.28600 -0.01000
v -0.07500 0.28600 -0.01000
v -0.06100 0.24600 -0.01000
v -0.07500 0.24600 -0.01000
vt 0.00000 0.00000
vt 1.00000 0.00000
vt 0.00000 1.00000
vt 1.00000 1.00000
vt 0.00000 0.00000
vt 1.00000 0.00000
vt 0.00000 1.00000
vt 1.00000 1.00000
vt 0.00000 0.00000
vt 1.00000 0.00000
vt 0.00000 1.00000
vt 1.00000 1.00000
vt 0.00000 0.00000
vt 1.00000 0.00000
vt 0.00000 1.00000
vt 1.00000 1.00000
vt 0.00000 0.00000
vt 1.00000 0.00000
vt 0.00000 1.00000
vt 1.00000 1.00000
vt 0.00000 0.00000
vt 1.00000 0.00000
vt 0.00000 1.00000
vt 1.00000 1.00000
f 541/541 543/543 542/542
f 543/543 544/544 542/542
f 545/545 547/547 546/546
f 547/547 548/548 546/546
f 549/549 551/551 550/550
f 551/551 552/552 550/550
f 553/553 555/555 554/554
f 555/555 556/556 554/554
f 557/557 559/559 558/558
f 559/559 560/560 558/558
f 561/561 563/563 562/562
f 563/563 564/564 562/562
v 0.07500 0.28600 0.01000
v 0.07500 0.28600 -0.01000
v 0.07500 0.24600 0.01000
v 0.07500 0.24600 -0.01000
v 0.06100 0.28600 -0.01000
v 0.06100 0.28600 0.01000
v 0.06100 0.24600 -0.01000
v 0.06100 0.24600 0.01000
v 0.06100 0.28600 -0.01000
v 0.07500 0.28600 -0.01000
v 0.06100 0.28600 0.01000
v 0.07500 0.28600 0.01000
v 0.06100 0.24600 0.01000
v 0.07500 0.24600 0.01000
v 0.06100 0.24600 -0.01000
v 0.07500 0.24600 -0.01000
v 0.06100 0.28600 0.01000
v 0.07500 0.28600 0.01000
v 0.06100 0.24600 0.01000
v 0.07500 0.24600 0.01000
v 0.07500 0.28600 -0.01000
v 0.06100 0.28600 -0.01000
v 0.07500 0.24600 -0.01000
v 0.06100 0.24600 -0.01000
vt 0.00000 0.00000
vt 1.00000 0.00000
vt 0.00000 1.00000
vt 1.00000 1.00000
vt 0.00000 0.00000
vt 1.00000 0.00000
vt 0.00000 1.00000
vt 1.00000 1.00000
vt 0.00000 0.00000
vt 1.00000 0.00000
vt 0.00000 1.00000
vt 1.00000 1.00000
vt 0.00000 0.00000
vt 1.00000 0.00000
vt 0.00000 1.00000
vt 1.00000 1.00000
vt 0.00000 0.00000
vt 1.00000 0.00000
vt 0.00000 1.00000
vt 1.00000 1.00000
vt 0.00000 0.00000
vt 1.00000 0.00000
vt 0.00000 1.00000
vt 1.00000 1.00000
f 565/565 567/567 566/566
f 567/567 568/568 566/566
f 569/569 571/571 570/570
f 571/571 572/572 570/570
f 573/573 575/575 574/574
f 575/575 576/576 574/574
f 577/577 579/579 578/578
f 579/579 580/580 578/578
f 581/581 583/583 582/582
f 583/583 584/584 582/582
f 585/585 587/587 586/586
f 587/587 588/588 586/586
usemtl suction_panel
v 0.14500 0.22200 0.09100
v 0.14500 0.22200 0.08300
v 0.14500 0.04200 0.09100
v 0.14500 0.04200 0.08300
v -0.14500 0.22200 0.08300
v -0.14500 0.22200 0.09100
v -0.14500 0.04200 0.08300
v -0.14500 0.04200 0.09100
v -0.14500 0.22200 0.08300
v 0.14500 0.22200 0.08300
v -0.14500 0.22200 0.09100
v 0.14500 0.22200 0.09100
v -0.14500 0.04200 0.09100
v 0.14500 0.04200 0.09100
v -0.14500 0.04200 0.08300
v 0.14500 0.04200 0.08300
v -0.14500 0.22200 0.09100
v 0.14500 0.22200 0.09100
v -0.14500 0.04200 0.09100
v 0.14500 0.04200 0.09100
v 0.14500 0.22200 0.08300
v -0.14500 0.22200 0.08300
v 0.14500 0.04200 0.08300
v -0.14500 0.04200 0.08300
vt 0.00000 0.00000
vt 1.00000 0.00000
vt 0.00000 1.00000
vt 1.00000 1.00000
vt 0.00000 0.00000
vt 1.00000 0.00000
vt 0.00000 1.00000
vt 1.00000 1.00000
vt 0.00000 0.00000
vt 1.00000 0.00000
vt 0.00000 1.00000
vt 1.00000 1.00000
vt 0.00000 0.00000
vt 1.00000 0.00000
vt 0.00000 1.00000
vt 1.00000 1.00000
vt 0.00000 0.00000
vt 1.00000 0.00000
vt 0.00000 1.00000
vt 1.00000 1.00000
vt 0.00000 0.00000
vt 1.00000 0.00000
vt 0.00000 1.00000
vt 1.00000 1.00000
f 589/589 591/591 590/590
f 591/591 592/592 590/590
f 593/593 595/595 594/594
f 595/595 596/596 594/594
f 597/597 599/599 598/598
f 599/599 600/600 598/598
f 601/601 603/603 602/602
f 603/603 604/604 602/602
f 605/605 607/607 606/606
f 607/607 608/608 606/606
f 609/609 611/611 610/610
f 611/611 612/612 610/610
v -0.17000 0.15700 -0.04400
v -0.17000 0.15700 -0.05600
v -0.17000 0.10700 -0.04400
v -0.17000 0.10700 -0.05600
v -0.17400 0.15700 -0.05600
v -0.17400 0.15700 -0.04400
v -0.17400 0.10700 -0.05600
v -0.17400 0.10700 -0.04400
v -0.17400 0.15700 -0.05600
v -0.17000 0.15700 -0.05600
v -0.17400 0.15700 -0.04400
v -0.17000 0.15700 -0.04400
v -0.17400 0.10700 -0.04400
v -0.17000 0.10700 -0.04400
v -0.17400 0.10700 -0.05600
v -0.17000 0.10700 -0.05600
v -0.17400 0.15700 -0.04400
v -0.17000 0.15700 -0.04400
v -0.17400 0.10700 -0.04400
v -0.17000 0.10700 -0.04400
v -0.17000 0.15700 -0.05600
v -0.17400 0.15700 -0.05600
v -0.17000 0.10700 -0.05600
v -0.17400 0.10700 -0.05600
vt 0.00000 0.00000
vt 1.00000 0.00000
vt 0.00000 1.00000
vt 1.00000 1.00000
vt 0.00000 0.00000
vt 1.00000 0.00000
vt 0.00000 1.00000
vt 1.00000 1.00000
vt 0.00000 0.00000
vt 1.00000 0.00000
vt 0.00000 1.00000
vt 1.00000 1.00000
vt 0.00000 0.00000
vt 1.00000 0.00000
vt 0.00000 1.00000
vt 1.00000 1.00000
vt 0.00000 0.00000
vt 1.00000 0.00000
vt 0.00000 1.00000
vt 1.00000 1.00000
vt 0.00000 0.00000
vt 1.00000 0.00000
vt 0.00000 1.00000
vt 1.00000 1.00000
f 613/613 615/615 614/614
f 615/615 616/616 614/614
f 617/617 619/619 618/618
f 619/619 620/620 618/618
f 621/621 623/623 622/622
f 623/623 624/624 622/622
f 625/625 627/627 626/626
f 627/627 628/628 626/626
f 629/629 631/631 630/630
f 631/631 632/632 630/630
f 633/633 635/635 634/634
f 635/635 636/636 634/634
v -0.17000 0.15700 -0.01800
v -0.17000 0.15700 -0.03000
v -0.17000 0.10700 -0.01800
v -0.17000 0.10700 -0.03000
v -0.17400 0.15700 -0.03000
v -0.17400 0.15700 -0.01800
v -0.17400 0.10700 -0.03000
v -0.17400 0.10700 -0.01800
v -0.17400 0.15700 -0.03000
v -0.17000 0.15700 -0.03000
v -0.17400 0.15700 -0.01800
v -0.17000 0.15700 -0.01800
v -0.17400 0.10700 -0.01800
v -0.17000 0.10700 -0.01800
v -0.17400 0.10700 -0.03000
v -0.17000 0.10700 -0.03000
v -0.17400 0.15700 -0.01800
v -0.17000 0.15700 -0.01800
v -0.17400 0.10700 -0.01800
v -0.17000 0.10700 -0.01800
v -0.17000 0.15700 -0.03000
v -0.17400 0.15700 -0.03000
v -0.17000 0.10700 -0.03000
v -0.17400 0.10700 -0.03000
vt 0.00000 0.00000
vt 1.00000 0.00000
vt 0.00000 1.00000
vt 1.00000 1.00000
vt 0.00000 0.00000
vt 1.00000 0.00000
vt 0.00000 1.00000
vt 1.00000 1.00000
vt 0.00000 0.00000
vt 1.00000 0.00000
vt 0.00000 1.00000
vt 1.00000 1.00000
vt 0.00000 0.00000
vt 1.00000 0.00000
vt 0.00000 1.00000
vt 1.00000 1.00000
vt 0.00000 0.00000
vt 1.00000 0.00000
vt 0.00000 1.00000
vt 1.00000 1.00000
vt 0.00000 0.00000
vt 1.00000 0.00000
vt 0.00000 1.00000
vt 1.00000 1.00000
f 637/637 639/639 638/638
f 639/639 640/640 638/638
f 641/641 643/643 642/642
f 643/643 644/644 642/642
f 645/645 647/647 646/646
f 647/647 648/648 646/646
f 649/649 651/651 650/650
f 651/651 652/652 650/650
f 653/653 655/655 654/654
f 655/655 656/656 654/654
f 657/657 659/659 658/658
f 659/659 660/660 658/658
v -0.17000 0.15700 0.00800
v -0.17000 0.15700 -0.00400
v -0.17000 0.10700 0.00800
v -0.17000 0.10700 -0.00400
v -0.17400 0.15700 -0.00400
v -0.17400 0.15700 0.00800
v -0.17400 0.10700 -0.00400
v -0.17400 0.10700 0.00800
v -0.17400 0.15700 -0.00400
v -0.17000 0.15700 -0.00400
v -0.17400 0.15700 0.00800
v -0.17000 0.15700 0.00800
v -0.17400 0.10700 0.00800
v -0.17000 0.10700 0.00800
v -0.17400 0.10700 -0.00400
v -0.17000 0.10700 -0.00400
v -0.17400 0.15700 0.00800
v -0.17000 0.15700 0.00800
v -0.17400 0.10700 0.00800
v -0.17000 0.10700 0.00800
v -0.17000 0.15700 -0.00400
v -0.17400 0.15700 -0.00400
v -0.17000 0.10700 -0.00400
v -0.17400 0.10700 -0.00400
vt 0.00000 0.00000
vt 1.00000 0.00000
vt 0.00000 1.00000
vt 1.00000 1.00000
vt 0.00000 0.00000
vt 1.00000 0.00000
vt 0.00000 1.00000
vt 1.00000 1.00000
vt 0.00000 0.00000
vt 1.00000 0.00000
vt 0.00000 1.00000
vt 1.00000 1.00000
vt 0.00000 0.00000
vt 1.00000 0.00000
vt 0.00000 1.00000
vt 1.00000 1.00000
vt 0.00000 0.00000
vt 1.00000 0.00000
vt 0.00000 1.00000
vt 1.00000 1.00000
vt 0.00000 0.00000
vt 1.00000 0.00000
vt 0.00000 1.00000
vt 1.00000 1.00000
f 661/661 663/663 662/662
f 663/663 664/664 662/662
f 665/665 667/667 666/666
f 667/667 668/668 666/666
f 669/669 671/671 670/670
f 671/671 672/672 670/670
f 673/673 675/675 674/674
f 675/675 676/676 674/674
f 677/677 679/679 678/678
f 679/679 680/680 678/678
f 681/681 683/683 682/682
f 683/683 684/684 682/682
v -0.17000 0.15700 0.03400
v -0.17000 0.15700 0.02200
v -0.17000 0.10700 0.03400
v -0.17000 0.10700 0.02200
v -0.17400 0.15700 0.02200
v -0.17400 0.15700 0.03400
v -0.17400 0.10700 0.02200
v -0.17400 0.10700 0.03400
v -0.17400 0.15700 0.02200
v -0.17000 0.15700 0.02200
v -0.17400 0.15700 0.03400
v -0.17000 0.15700 0.03400
v -0.17400 0.10700 0.03400
v -0.17000 0.10700 0.03400
v -0.17400 0.10700 0.02200
v -0.17000 0.10700 0.02200
v -0.17400 0.15700 0.03400
v -0.17000 0.15700 0.03400
v -0.17400 0.10700 0.03400
v -0.17000 0.10700 0.03400
v -0.17000 0.15700 0.02200
v -0.17400 0.15700 0.02200
v -0.17000 0.10700 0.02200
v -0.17400 0.10700 0.02200
vt 0.00000 0.00000
vt 1.00000 0.00000
vt 0.00000 1.00000
vt 1.00000 1.00000
vt 0.00000 0.00000
vt 1.00000 0.00000
vt 0.00000 1.00000
vt 1.00000 1.00000
vt 0.00000 0.00000
vt 1.00000 0.00000
vt 0.00000 1.00000
vt 1.00000 1.00000
vt 0.00000 0.00000
vt 1.00000 0.00000
vt 0.00000 1.00000
vt 1.00000 1.00000
vt 0.00000 0.00000
vt 1.00000 0.00000
vt 0.00000 1.00000
vt 1.00000 1.00000
vt 0.00000 0.00000
vt 1.00000 0.00000
vt 0.00000 1.00000
vt 1.00000 1.00000
f 685/685 687/687 686/686
f 687/687 688/688 686/686
f 689/689 691/691 690/690
f 691/691 692/692 690/690
f 693/693 695/695 694/694
f 695/695 696/696 694/694
f 697/697 699/699 698/698
f 699/699 700/700 698/698
f 701/701 703/703 702/702
f 703/703 704/704 702/702
f 705/705 707/707 706/706
f 707/707 708/708 706/706
v -0.17000 0.15700 0.06000
v -0.17000 0.15700 0.04800
v -0.17000 0.10700 0.06000
v -0.17000 0.10700 0.04800
v -0.17400 0.15700 0.04800
v -0.17400 0.15700 0.06000
v -0.17400 0.10700 0.04800
v -0.17400 0.10700 0.06000
v -0.17400 0.15700 0.04800
v -0.17000 0.15700 0.04800
v -0.17400 0.15700 0.06000
v -0.17000 0.15700 0.06000
v -0.17400 0.10700 0.06000
v -0.17000 0.10700 0.06000
v -0.17400 0.10700 0.04800
v -0.17000 0.10700 0.04800
v -0.17400 0.15700 0.06000
v -0.17000 0.15700 0.06000
v -0.17400 0.10700 0.06000
v -0.17000 0.10700 0.06000
v -0.17000 0.15700 0.04800
v -0.17400 0.15700 0.04800
v -0.17000 0.10700 0.04800
v -0.17400 0.10700 0.04800
vt 0.00000 0.00000
vt 1.00000 0.00000
vt 0.00000 1.00000
vt 1.00000 1.00000
vt 0.00000 0.00000
vt 1.00000 0.00000
vt 0.00000 1.00000
vt 1.00000 1.00000
vt 0.00000 0.00000
vt 1.00000 0.00000
vt 0.00000 1.00000
vt 1.00000 1.00000
vt 0.00000 0.00000
vt 1.00000 0.00000
vt 0.00000 1.00000
vt 1.00000 1.00000
vt 0.00000 0.00000
vt 1.00000 0.00000
vt 0.00000 1.00000
vt 1.00000 1.00000
vt 0.00000 0.00000
vt 1.00000 0.00000
vt 0.00000 1.00000
vt 1.00000 1.00000
f 709/709 711/711 710/710
f 711/711 712/712 710/710
f 713/713 715/715 714/714
f 715/715 716/716 714/714
f 717/717 719/719 718/718
f 719/719 720/720 718/718
f 721/721 723/723 722/722
f 723/723 724/724 722/722
f 725/725 727/727 726/726
f 727/727 728/728 726/726
f 729/729 731/731 730/730
f 731/731 732/732 730/730
v 0.18100 0.17000 0.03000
v 0.18100 0.17000 -0.03000
v 0.18100 0.09000 0.03000
v 0.18100 0.09000 -0.03000
v 0.16900 0.17000 -0.03000
v 0.16900 0.17000 0.03000
v 0.16900 0.09000 -0.03000
v 0.16900 0.09000 0.03000
v 0.16900 0.17000 -0.03000
v 0.18100 0.17000 -0.03000
v 0.16900 0.17000 0.03000
v 0.18100 0.17000 0.03000
v 0.16900 0.09000 0.03000
v 0.18100 0.09000 0.03000
v 0.16900 0.09000 -0.03000
v 0.18100 0.09000 -0.03000
v 0.16900 0.17000 0.03000
v 0.18100 0.17000 0.03000
v 0.16900 0.09000 0.03000
v 0.18100 0.09000 0.03000
v 0.18100 0.17000 -0.03000
v 0.16900 0.17000 -0.03000
v 0.18100 0.09000 -0.03000
v 0.16900 0.09000 -0.03000
vt 0.00000 0.00000
vt 1.00000 0.00000
vt 0.00000 1.00000
vt 1.00000 1.00000
vt 0.00000 0.00000
vt 1.00000 0.00000
vt 0.00000 1.00000
vt 1.00000 1.00000
vt 0.00000 0.00000
vt 1.00000 0.00000
vt 0.00000 1.00000
vt 1.00000 1.00000
vt 0.00000 0.00000
vt 1.00000 0.00000
vt 0.00000 1.00000
vt 1.00000 1.00000
vt 0.00000 0.00000
vt 1.00000 0.00000
vt 0.00000 1.00000
vt 1.00000 1.00000
vt 0.00000 0.00000
vt 1.00000 0.00000
vt 0.00000 1.00000
vt 1.00000 1.00000
f 733/733 735/735 734/734
f 735/735 736/736 734/734
f 737/737 739/739 738/738
f 739/739 740/740 738/738
f 741/741 743/743 742/742
f 743/743 744/744 742/742
f 745/745 747/747 746/746
f 747/747 748/748 746/746
f 749/749 751/751 750/750
f 751/751 752/752 750/750
f 753/753 755/755 754/754
f 755/755 756/756 754/754
usemtl gauge_face
v -0.09000 0.14400 0.10750
v -0.08111 0.14557 0.10750
v -0.07329 0.15008 0.10750
v -0.06748 0.15700 0.10750
v -0.06439 0.16549 0.10750
v -0.06439 0.17451 0.10750
v -0.06748 0.18300 0.10750
v -0.07329 0.18992 0.10750
v -0.08111 0.19443 0.10750
v -0.09000 0.19600 0.10750
v -0.09889 0.19443 0.10750
v -0.10671 0.18992 0.10750
v -0.11252 0.18300 0.10750
v -0.11561 0.17451 0.10750
v -0.11561 0.16549 0.10750
v -0.11252 0.15700 0.10750
v -0.10671 0.15008 0.10750
v -0.09889 0.14557 0.10750
v -0.09000 0.14400 0.10750
v -0.09000 0.14400 0.10450
v -0.08111 0.14557 0.10450
v -0.07329 0.15008 0.10450
v -0.06748 0.15700 0.10450
v -0.06439 0.16549 0.10450
v -0.06439 0.17451 0.10450
v -0.06748 0.18300 0.10450
v -0.07329 0.18992 0.10450
v -0.08111 0.19443 0.10450
v -0.09000 0.19600 0.10450
v -0.09889 0.19443 0.10450
v -0.10671 0.18992 0.10450
v -0.11252 0.18300 0.10450
v -0.11561 0.17451 0.10450
v -0.11561 0.16549 0.10450
v -0.11252 0.15700 0.10450
v -0.10671 0.15008 0.10450
v -0.09889 0.14557 0.10450
v -0.09000 0.14400 0.10450
v -0.09000 0.17000 0.10750
v -0.09000 0.17000 0.10750
v -0.09000 0.17000 0.10750
v -0.09000 0.17000 0.10750
v -0.09000 0.17000 0.10750
v -0.09000 0.17000 0.10750
v -0.09000 0.17000 0.10750
v -0.09000 0.17000 0.10750
v -0.09000 0.17000 0.10750
v -0.09000 0.17000 0.10750
v -0.09000 0.17000 0.10750
v -0.09000 0.17000 0.10750
v -0.09000 0.17000 0.10750
v -0.09000 0.17000 0.10750
v -0.09000 0.17000 0.10750
v -0.09000 0.17000 0.10750
v -0.09000 0.17000 0.10750
v -0.09000 0.17000 0.10750
v -0.09000 0.14400 0.10750
v -0.08111 0.14557 0.10750
v -0.07329 0.15008 0.10750
v -0.06748 0.15700 0.10750
v -0.06439 0.16549 0.10750
v -0.06439 0.17451 0.10750
v -0.06748 0.18300 0.10750
v -0.07329 0.18992 0.10750
v -0.08111 0.19443 0.10750
v -0.09000 0.19600 0.10750
v -0.09889 0.19443 0.10750
v -0.10671 0.18992 0.10750
v -0.11252 0.18300 0.10750
v -0.11561 0.17451 0.10750
v -0.11561 0.16549 0.10750
v -0.11252 0.15700 0.10750
v -0.10671 0.15008 0.10750
v -0.09889 0.14557 0.10750
v -0.09000 0.14400 0.10750
v -0.09000 0.17000 0.10450
v -0.09000 0.17000 0.10450
v -0.09000 0.17000 0.10450
v -0.09000 0.17000 0.10450
v -0.09000 0.17000 0.10450
v -0.09000 0.17000 0.10450
v -0.09000 0.17000 0.10450
v -0.09000 0.17000 0.10450
v -0.09000 0.17000 0.10450
v -0.09000 0.17000 0.10450
v -0.09000 0.17000 0.10450
v -0.09000 0.17000 0.10450
v -0.09000 0.17000 0.10450
v -0.09000 0.17000 0.10450
v -0.09000 0.17000 0.10450
v -0.09000 0.17000 0.10450
v -0.09000 0.17000 0.10450
v -0.09000 0.17000 0.10450
v -0.09000 0.14400 0.10450
v -0.08111 0.14557 0.10450
v -0.07329 0.15008 0.10450
v -0.06748 0.15700 0.10450
v -0.06439 0.16549 0.10450
v -0.06439 0.17451 0.10450
v -0.06748 0.18300 0.10450
v -0.07329 0.18992 0.10450
v -0.08111 0.19443 0.10450
v -0.09000 0.19600 0.10450
v -0.09889 0.19443 0.10450
v -0.10671 0.18992 0.10450
v -0.11252 0.18300 0.10450
v -0.11561 0.17451 0.10450
v -0.11561 0.16549 0.10450
v -0.11252 0.15700 0.10450
v -0.10671 0.15008 0.10450
v -0.09889 0.14557 0.10450
v -0.09000 0.14400 0.10450
vt 0.00000 0.00000
vt 0.05556 0.00000
vt 0.11111 0.00000
vt 0.16667 0.00000
vt 0.22222 0.00000
vt 0.27778 0.00000
vt 0.33333 0.00000
vt 0.38889 0.00000
vt 0.44444 0.00000
vt 0.50000 0.00000
vt 0.55556 0.00000
vt 0.61111 0.00000
vt 0.66667 0.00000
vt 0.72222 0.00000
vt 0.77778 0.00000
vt 0.83333 0.00000
vt 0.88889 0.00000
vt 0.94444 0.00000
vt 1.00000 0.00000
vt 0.00000 1.00000
vt 0.05556 1.00000
vt 0.11111 1.00000
vt 0.16667 1.00000
vt 0.22222 1.00000
vt 0.27778 1.00000
vt 0.33333 1.00000
vt 0.38889 1.00000
vt 0.44444 1.00000
vt 0.50000 1.00000
vt 0.55556 1.00000
vt 0.61111 1.00000
vt 0.66667 1.00000
vt 0.72222 1.00000
vt 0.77778 1.00000
vt 0.83333 1.00000
vt 0.88889 1.00000
vt 0.94444 1.00000
vt 1.00000 1.00000
vt 0.50000 0.50000
vt 0.50000 0.50000
vt 0.50000 0.50000
vt 0.50000 0.50000
vt 0.50000 0.50000
vt 0.50000 0.50000
vt 0.50000 0.50000
vt 0.50000 0.50000
vt 0.50000 0.50000
vt 0.50000 0.50000
vt 0.50000 0.50000
vt 0.50000 0.50000
vt 0.50000 0.50000
vt 0.50000 0.50000
vt 0.50000 0.50000
vt 0.50000 0.50000
vt 0.50000 0.50000
vt 0.50000 0.50000
vt 1.00000 0.50000
vt 0.96985 0.32899
vt 0.88302 0.17861
vt 0.75000 0.06699
vt 0.58682 0.00760
vt 0.41318 0.00760
vt 0.25000 0.06699
vt 0.11698 0.17861
vt 0.03015 0.32899
vt 0.00000 0.50000
vt 0.03015 0.67101
vt 0.11698 0.82139
vt 0.25000 0.93301
vt 0.41318 0.99240
vt 0.58682 0.99240
vt 0.75000 0.93301
vt 0.88302 0.82139
vt 0.96985 0.67101
vt 1.00000 0.50000
vt 0.50000 0.50000
vt 0.50000 0.50000
vt 0.50000 0.50000
vt 0.50000 0.50000
vt 0.50000 0.50000
vt 0.50000 0.50000
vt 0.50000 0.50000
vt 0.50000 0.50000
vt 0.50000 0.50000
vt 0.50000 0.50000
vt 0.50000 0.50000
vt 0.50000 0.50000
vt 0.50000 0.50000
vt 0.50000 0.50000
vt 0.50000 0.50000
vt 0.50000 0.50000
vt 0.50000 0.50000
vt 0.50000 0.50000
vt 1.00000 0.50000
vt 0.96985 0.67101
vt 0.88302 0.82139
vt 0.75000 0.93301
vt 0.58682 0.99240
vt 0.41318 0.99240
vt 0.25000 0.93301
vt 0.11698 0.82139
vt 0.03015 0.67101
vt 0.00000 0.50000
vt 0.03015 0.32899
vt 0.11698 0.17861
vt 0.25000 0.06699
vt 0.41318 0.00760
vt 0.58682 0.00760
vt 0.75000 0.06699
vt 0.88302 0.17861
vt 0.96985 0.32899
vt 1.00000 0.50000
f 757/757 776/776 758/758
f 776/776 777/777 758/758
f 758/758 777/777 759/759
f 777/777 778/778 759/759
f 759/759 778/778 760/760
f 778/778 779/779 760/760
f 760/760 779/779 761/761
f 779/779 780/780 761/761
f 761/761 780/780 762/762
f 780/780 781/781 762/762
f 762/762 781/781 763/763
f 781/781 782/782 763/763
f 763/763 782/782 764/764
f 782/782 783/783 764/764
f 764/764 783/783 765/765
f 783/783 784/784 765/765
f 765/765 784/784 766/766
f 784/784 785/785 766/766
f 766/766 785/785 767/767
f 785/785 786/786 767/767
f 767/767 786/786 768/768
f 786/786 787/787 768/768
f 768/768 787/787 769/769
f 787/787 788/788 769/769
f 769/769 788/788 770/770
f 788/788 789/789 770/770
f 770/770 789/789 771/771
f 789/789 790/790 771/771
f 771/771 790/790 772/772
f 790/790 791/791 772/772
f 772/772 791/791 773/773
f 791/791 792/792 773/773
f 773/773 792/792 774/774
f 792/792 793/793 774/774
f 774/774 793/793 775/775
f 793/793 794/794 775/775
f 813/813 814/814 795/795
f 814/814 815/815 796/796
f 815/815 816/816 797/797
f 816/816 817/817 798/798
f 817/817 818/818 799/799
f 818/818 819/819 800/800
f 819/819 820/820 801/801
f 820/820 821/821 802/802
f 821/821 822/822 803/803
f 822/822 823/823 804/804
f 823/823 824/824 805/805
f 824/824 825/825 806/806
f 825/825 826/826 807/807
f 826/826 827/827 808/808
f 827/827 828/828 809/809
f 828/828 829/829 810/810
f 829/829 830/830 811/811
f 830/830 831/831 812/812
f 851/851 850/850 832/832
f 852/852 851/851 833/833
f 853/853 852/852 834/834
f 854/854 853/853 835/835
f 855/855 854/854 836/836
f 856/856 855/855 837/837
f 857/857 856/856 838/838
f 858/858 857/857 839/839
f 859/859 858/858 840/840
f 860/860 859/859 841/841
f 861/861 860/860 842/842
f 862/862 861/861 843/843
f 863/863 862/862 844/844
f 864/864 863/863 845/845
f 865/865 864/864 846/846
f 866/866 865/865 847/847
f 867/867 866/866 848/848
f 868/868 867/867 849/849
usemtl switch_red
v -0.07853 0.18069 0.11000
v -0.07853 0.18069 0.10800
v -0.08982 0.16418 0.11000
v -0.08982 0.16418 0.10800
v -0.08018 0.18182 0.10800
v -0.08018 0.18182 0.11000
v -0.09147 0.16531 0.10800
v -0.09147 0.16531 0.11000
v -0.08018 0.18182 0.10800
v -0.07853 0.18069 0.10800
v -0.08018 0.18182 0.11000
v -0.07853 0.18069 0.11000
v -0.09147 0.16531 0.11000
v -0.08982 0.16418 0.11000
v -0.09147 0.16531 0.10800
v -0.08982 0.16418 0.10800
v -0.08018 0.18182 0.11000
v -0.07853 0.18069 0.11000
v -0.09147 0.16531 0.11000
v -0.08982 0.16418 0.11000
v -0.07853 0.18069 0.10800
v -0.08018 0.18182 0.10800
v -0.08982 0.16418 0.10800
v -0.09147 0.16531 0.10800
vt 0.00000 0.00000
vt 1.00000 0.00000
vt 0.00000 1.00000
vt 1.00000 1.00000
vt 0.00000 0.00000
vt 1.00000 0.00000
vt 0.00000 1.00000
vt 1.00000 1.00000
vt 0.00000 0.00000
vt 1.00000 0.00000
vt 0.00000 1.00000
vt 1.00000 1.00000
vt 0.00000 0.00000
vt 1.00000 0.00000
vt 0.00000 1.00000
vt 1.00000 1.00000
vt 0.00000 0.00000
vt 1.00000 0.00000
vt 0.00000 1.00000
vt 1.00000 1.00000
vt 0.00000 0.00000
vt 1.00000 0.00000
vt 0.00000 1.00000
vt 1.00000 1.00000
f 869/869 871/871 870/870
f 871/871 872/872 870/870
f 873/873 875/875 874/874
f 875/875 876/876 874/874
f 877/877 879/879 878/878
f 879/879 880/880 878/878
f 881/881 883/883 882/882
f 883/883 884/884 882/882
f 885/885 887/887 886/886
f 887/887 888/888 886/886
f 889/889 891/891 890/890
f 891/891 892/892 890/890
v 0.09500 0.17815 0.10329
v 0.09500 0.17965 0.09340
v 0.09500 0.16035 0.10060
v 0.09500 0.16185 0.09071
v 0.06500 0.17965 0.09340
v 0.06500 0.17815 0.10329
v 0.06500 0.16185 0.09071
v 0.06500 0.16035 0.10060
v 0.06500 0.17965 0.09340
v 0.09500 0.17965 0.09340
v 0.06500 0.17815 0.10329
v 0.09500 0.17815 0.10329
v 0.06500 0.16035 0.10060
v 0.09500 0.16035 0.10060
v 0.06500 0.16185 0.09071
v 0.09500 0.16185 0.09071
v 0.06500 0.17815 0.10329
v 0.09500 0.17815 0.10329
v 0.06500 0.16035 0.10060
v 0.09500 0.16035 0.10060
v 0.09500 0.17965 0.09340
v 0.06500 0.17965 0.09340
v 0.09500 0.16185 0.09071
v 0.06500 0.16185 0.09071
vt 0.00000 0.00000
vt 1.00000 0.00000
vt 0.00000 1.00000
vt 1.00000 1.00000
vt 0.00000 0.00000
vt 1.00000 0.00000
vt 0.00000 1.00000
vt 1.00000 1.00000
vt 0.00000 0.00000
vt 1.00000 0.00000
vt 0.00000 1.00000
vt 1.00000 1.00000
vt 0.00000 0.00000
vt 1.00000 0.00000
vt 0.00000 1.00000
vt 1.00000 1.00000
vt 0.00000 0.00000
vt 1.00000 0.00000
vt 0.00000 1.00000
vt 1.00000 1.00000
vt 0.00000 0.00000
vt 1.00000 0.00000
vt 0.00000 1.00000
vt 1.00000 1.00000
f 893/893 895/895 894/894
f 895/895 896/896 894/894
f 897/897 899/899 898/898
f 899/899 900/900 898/898
f 901/901 903/903 902/902
f 903/903 904/904 902/902
f 905/905 907/907 906/906
f 907/907 908/908 906/906
f 909/909 911/911 910/910
f 911/911 912/912 910/910
f 913/913 915/915 914/914
f 915/915 916/916 914/914
v 0.08000 0.13600 0.09900
v 0.08283 0.13717 0.09900
v 0.08400 0.14000 0.09900
v 0.08283 0.14283 0.09900
v 0.08000 0.14400 0.09900
v 0.07717 0.14283 0.09900
v 0.07600 0.14000 0.09900
v 0.07717 0.13717 0.09900
v 0.08000 0.13600 0.09900
v 0.08000 0.13600 0.09500
v 0.08283 0.13717 0.09500
v 0.08400 0.14000 0.09500
v 0.08283 0.14283 0.09500
v 0.08000 0.14400 0.09500
v 0.07717 0.14283 0.09500
v 0.07600 0.14000 0.09500
v 0.07717 0.13717 0.09500
v 0.08000 0.13600 0.09500
v 0.08000 0.14000 0.09900
v 0.08000 0.14000 0.09900
v 0.08000 0.14000 0.09900
v 0.08000 0.14000 0.09900
v 0.08000 0.14000 0.09900
v 0.08000 0.14000 0.09900
v 0.08000 0.14000 0.09900
v 0.08000 0.14000 0.09900
v 0.08000 0.13600 0.09900
v 0.08283 0.13717 0.09900
v 0.08400 0.14000 0.09900
v 0.08283 0.14283 0.09900
v 0.08000 0.14400 0.09900
v 0.07717 0.14283 0.09900
v 0.07600 0.14000 0.09900
v 0.07717 0.13717 0.09900
v 0.08000 0.13600 0.09900
v 0.08000 0.14000 0.09500
v 0.08000 0.14000 0.09500
v 0.08000 0.14000 0.09500
v 0.08000 0.14000 0.09500
v 0.08000 0.14000 0.09500
v 0.08000 0.14000 0.09500
v 0.08000 0.14000 0.09500
v 0.08000 0.14000 0.09500
v 0.08000 0.13600 0.09500
v 0.08283 0.13717 0.09500
v 0.08400 0.14000 0.09500
v 0.08283 0.14283 0.09500
v 0.08000 0.14400 0.09500
v 0.07717 0.14283 0.09500
v 0.07600 0.14000 0.09500
v 0.07717 0.13717 0.09500
v 0.08000 0.13600 0.09500
vt 0.00000 0.00000
vt 0.12500 0.00000
vt 0.25000 0.00000
vt 0.37500 0.00000
vt 0.50000 0.00000
vt 0.62500 0.00000
vt 0.75000 0.00000
vt 0.87500 0.00000
vt 1.00000 0.00000
vt 0.00000 1.00000
vt 0.12500 1.00000
vt 0.25000 1.00000
vt 0.37500 1.00000
vt 0.50000 1.00000
vt 0.62500 1.00000
vt 0.75000 1.00000
vt 0.87500 1.00000
vt 1.00000 1.00000
vt 0.50000 0.50000
vt 0.50000 0.50000
vt 0.50000 0.50000
vt 0.50000 0.50000
vt 0.50000 0.50000
vt 0.50000 0.50000
vt 0.50000 0.50000
vt 0.50000 0.50000
vt 1.00000 0.50000
vt 0.85355 0.14645
vt 0.50000 0.00000
vt 0.14645 0.14645
vt 0.00000 0.50000
vt 0.14645 0.85355
vt 0.50000 1.00000
vt 0.85355 0.85355
vt 1.00000 0.50000
vt 0.50000 0.50000
vt 0.50000 0.50000
vt 0.50000 0.50000
vt 0.50000 0.50000
vt 0.50000 0.50000
vt 0.50000 0.50000
vt 0.50000 0.50000
vt 0.50000 0.50000
vt 1.00000 0.50000
vt 0.85355 0.85355
vt 0.50000 1.00000
vt 0.14645 0.85355
vt 0.00000 0.50000
vt 0.14645 0.14645
vt 0.50000 0.00000
vt 0.85355 0.14645
vt 1.00000 0.50000
f 917/917 926/926 918/918
f 926/926 927/927 918/918
f 918/918 927/927 919/919
f 927/927 928/928 919/919
f 919/919 928/928 920/920
f 928/928 929/929 920/920
f 920/920 929/929 921/921
f 929/929 930/930 921/921
f 921/921 930/930 922/922
f 930/930 931/931 922/922
f 922/922 931/931 923/923
f 931/931 932/932 923/923
f 923/923 932/932 924/924
f 932/932 933/933 924/924
f 924/924 933/933 925/925
f 933/933 934/934 925/925
f 943/943 944/944 935/935
f 944/944 945/945 936/936
f 945/945 946/946 937/937
f 946/946 947/947 938/938
f 947/947 948/948 939/939
f 948/948 949/949 940/940
f 949/949 950/950 941/941
f 950/950 951/951 942/942
f 961/961 960/960 952/952
f 962/962 961/961 953/953
f 963/963 962/962 954/954
f 964/964 963/963 955/955
f 965/965 964/964 956/956
f 966/966 965/965 957/957
f 967/967 966/966 958/958
f 968/968 967/967 959/959
usemtl collection_canister
v 0.22700 0.20000 0.04500
v 0.24239 0.20000 0.04229
v 0.25593 0.20000 0.03447
v 0.26597 0.20000 0.02250
v 0.27132 0.20000 0.00781
v 0.27132 0.20000 -0.00781
v 0.26597 0.20000 -0.02250
v 0.25593 0.20000 -0.03447
v 0.24239 0.20000 -0.04229
v 0.22700 0.20000 -0.04500
v 0.21161 0.20000 -0.04229
v 0.19807 0.20000 -0.03447
v 0.18803 0.20000 -0.02250
v 0.18268 0.20000 -0.00781
v 0.18268 0.20000 0.00781
v 0.18803 0.20000 0.02250
v 0.19807 0.20000 0.03447
v 0.21161 0.20000 0.04229
v 0.22700 0.20000 0.04500
v 0.22700 0.05000 0.04500
v 0.24239 0.05000 0.04229
v 0.25593 0.05000 0.03447
v 0.26597 0.05000 0.02250
v 0.27132 0.05000 0.00781
v 0.27132 0.05000 -0.00781
v 0.26597 0.05000 -0.02250
v 0.25593 0.05000 -0.03447
v 0.24239 0.05000 -0.04229
v 0.22700 0.05000 -0.04500
v 0.21161 0.05000 -0.04229
v 0.19807 0.05000 -0.03447
v 0.18803 0.05000 -0.02250
v 0.18268 0.05000 -0.00781
v 0.18268 0.05000 0.00781
v 0.18803 0.05000 0.02250
v 0.19807 0.05000 0.03447
v 0.21161 0.05000 0.04229
v 0.22700 0.05000 0.04500
v 0.22700 0.20000 0.00000
v 0.22700 0.20000 0.00000
v 0.22700 0.20000 0.00000
v 0.22700 0.20000 0.00000
v 0.22700 0.20000 0.00000
v 0.22700 0.20000 0.00000
v 0.22700 0.20000 0.00000
v 0.22700 0.20000 0.00000
v 0.22700 0.20000 0.00000
v 0.22700 0.20000 0.00000
v 0.22700 0.20000 0.00000
v 0.22700 0.20000 0.00000
v 0.22700 0.20000 0.00000
v 0.22700 0.20000 0.00000
v 0.22700 0.20000 0.00000
v 0.22700 0.20000 0.00000
v 0.22700 0.20000 0.00000
v 0.22700 0.20000 0.00000
v 0.22700 0.20000 0.04500
v 0.24239 0.20000 0.04229
v 0.25593 0.20000 0.03447
v 0.26597 0.20000 0.02250
v 0.27132 0.20000 0.00781
v 0.27132 0.20000 -0.00781
v 0.26597 0.20000 -0.02250
v 0.25593 0.20000 -0.03447
v 0.24239 0.20000 -0.04229
v 0.22700 0.20000 -0.04500
v 0.21161 0.20000 -0.04229
v 0.19807 0.20000 -0.03447
v 0.18803 0.20000 -0.02250
v 0.18268 0.20000 -0.00781
v 0.18268 0.20000 0.00781
v 0.18803 0.20000 0.02250
v 0.19807 0.20000 0.03447
v 0.21161 0.20000 0.04229
v 0.22700 0.20000 0.04500
v 0.22700 0.05000 0.00000
v 0.22700 0.05000 0.00000
v 0.22700 0.05000 0.00000
v 0.22700 0.05000 0.00000
v 0.22700 0.05000 0.00000
v 0.22700 0.05000 0.00000
v 0.22700 0.05000 0.00000
v 0.22700 0.05000 0.00000
v 0.22700 0.05000 0.00000
v 0.22700 0.05000 0.00000
v 0.22700 0.05000 0.00000
v 0.22700 0.05000 0.00000
v 0.22700 0.05000 0.00000
v 0.22700 0.05000 0.00000
v 0.22700 0.05000 0.00000
v 0.22700 0.05000 0.00000
v 0.22700 0.05000 0.00000
v 0.22700 0.05000 0.00000
v 0.22700 0.05000 0.04500
v 0.24239 0.05000 0.04229
v 0.25593 0.05000 0.03447
v 0.26597 0.05000 0.02250
v 0.27132 0.05000 0.00781
v 0.27132 0.05000 -0.00781
v 0.26597 0.05000 -0.02250
v 0.25593 0.05000 -0.03447
v 0.24239 0.05000 -0.04229
v 0.22700 0.05000 -0.04500
v 0.21161 0.05000 -0.04229
v 0.19807 0.05000 -0.03447
v 0.18803 0.05000 -0.02250
v 0.18268 0.05000 -0.00781
v 0.18268 0.05000 0.00781
v 0.18803 0.05000 0.02250
v 0.19807 0.05000 0.03447
v 0.21161 0.05000 0.04229
v 0.22700 0.05000 0.04500
vt 0.00000 0.00000
vt 0.05556 0.00000
vt 0.11111 0.00000
vt 0.16667 0.00000
vt 0.22222 0.00000
vt 0.27778 0.00000
vt 0.33333 0.00000
vt 0.38889 0.00000
vt 0.44444 0.00000
vt 0.50000 0.00000
vt 0.55556 0.00000
vt 0.61111 0.00000
vt 0.66667 0.00000
vt 0.72222 0.00000
vt 0.77778 0.00000
vt 0.83333 0.00000
vt 0.88889 0.00000
vt 0.94444 0.00000
vt 1.00000 0.00000
vt 0.00000 1.00000
vt 0.05556 1.00000
vt 0.11111 1.00000
vt 0.16667 1.00000
vt 0.22222 1.00000
vt 0.27778 1.00000
vt 0.33333 1.00000
vt 0.38889 1.00000
vt 0.44444 1.00000
vt 0.50000 1.00000
vt 0.55556 1.00000
vt 0.61111 1.00000
vt 0.66667 1.00000
vt 0.72222 1.00000
vt 0.77778 1.00000
vt 0.83333 1.00000
vt 0.88889 1.00000
vt 0.94444 1.00000
vt 1.00000 1.00000
vt 0.50000 0.50000
vt 0.50000 0.50000
vt 0.50000 0.50000
vt 0.50000 0.50000
vt 0.50000 0.50000
vt 0.50000 0.50000
vt 0.50000 0.50000
vt 0.50000 0.50000
vt 0.50000 0.50000
vt 0.50000 0.50000
vt 0.50000 0.50000
vt 0.50000 0.50000
vt 0.50000 0.50000
vt 0.50000 0.50000
vt 0.50000 0.50000
vt 0.50000 0.50000
vt 0.50000 0.50000
vt 0.50000 0.50000
vt 1.00000 0.50000
vt 0.96985 0.32899
vt 0.88302 0.17861
vt 0.75000 0.06699
vt 0.58682 0.00760
vt 0.41318 0.00760
vt 0.25000 0.06699
vt 0.11698 0.17861
vt 0.03015 0.32899
vt 0.00000 0.50000
vt 0.03015 0.67101
vt 0.11698 0.82139
vt 0.25000 0.93301
vt 0.41318 0.99240
vt 0.58682 0.99240
vt 0.75000 0.93301
vt 0.88302 0.82139
vt 0.96985 0.67101
vt 1.00000 0.50000
vt 0.50000 0.50000
vt 0.50000 0.50000
vt 0.50000 0.50000
vt 0.50000 0.50000
vt 0.50000 0.50000
vt 0.50000 0.50000
vt 0.50000 0.50000
vt 0.50000 0.50000
vt 0.50000 0.50000
vt 0.50000 0.50000
vt 0.50000 0.50000
vt 0.50000 0.50000
vt 0.50000 0.50000
vt 0.50000 0.50000
vt 0.50000 0.50000
vt 0.50000 0.50000
vt 0.50000 0.50000
vt 0.50000 0.50000
vt 1.00000 0.50000
vt 0.96985 0.67101
vt 0.88302 0.82139
vt 0.75000 0.93301
vt 0.58682 0.99240
vt 0.41318 0.99240
vt 0.25000 0.93301
vt 0.11698 0.82139
vt 0.03015 0.67101
vt 0.00000 0.50000
vt 0.03015 0.32899
vt 0.11698 0.17861
vt 0.25000 0.06699
vt 0.41318 0.00760
vt 0.58682 0.00760
vt 0.75000 0.06699
vt 0.88302 0.17861
vt 0.96985 0.32899
vt 1.00000 0.50000
f 969/969 988/988 970/970
f 988/988 989/989 970/970
f 970/970 989/989 971/971
f 989/989 990/990 971/971
f 971/971 990/990 972/972
f 990/990 991/991 972/972
f 972/972 991/991 973/973
f 991/991 992/992 973/973
f 973/973 992/992 974/974
f 992/992 993/993 974/974
f 974/974 993/993 975/975
f 993/993 994/994 975/975
f 975/975 994/994 976/976
f 994/994 995/995 976/976
f 976/976 995/995 977/977
f 995/995 996/996 977/977
f 977/977 996/996 978/978
f 996/996 997/997 978/978
f 978/978 997/997 979/979
f 997/997 998/998 979/979
f 979/979 998/998 980/980
f 998/998 999/999 980/980
f 980/980 999/999 981/981
f 999/999 1000/1000 981/981
f 981/981 1000/1000 982/982
f 1000/1000 1001/1001 982/982
f 982/982 1001/1001 983/983
f 1001/1001 1002/1002 983/983
f 983/983 1002/1002 984/984
f 1002/1002 1003/1003 984/984
f 984/984 1003/1003 985/985
f 1003/1003 1004/1004 985/985
f 985/985 1004/1004 986/986
f 1004/1004 1005/1005 986/986
f 986/986 1005/1005 987/987
f 1005/1005 1006/1006 987/987
f 1025/1025 1026/1026 1007/1007
f 1026/1026 1027/1027 1008/1008
f 1027/1027 1028/1028 1009/1009
f 1028/1028 1029/1029 1010/1010
f 1029/1029 1030/1030 1011/1011
f 1030/1030 1031/1031 1012/1012
f 1031/1031 1032/1032 1013/1013
f 1032/1032 1033/1033 1014/1014
f 1033/1033 1034/1034 1015/1015
f 1034/1034 1035/1035 1016/1016
f 1035/1035 1036/1036 1017/1017
f 1036/1036 1037/1037 1018/1018
f 1037/1037 1038/1038 1019/1019
f 1038/1038 1039/1039 1020/1020
f 1039/1039 1040/1040 1021/1021
f 1040/1040 1041/1041 1022/1022
f 1041/1041 1042/1042 1023/1023
f 1042/1042 1043/1043 1024/1024
f 1063/1063 1062/1062 1044/1044
f 1064/1064 1063/1063 1045/1045
f 1065/1065 1064/1064 1046/1046
f 1066/1066 1065/1065 1047/1047
f 1067/1067 1066/1066 1048/1048
f 1068/1068 1067/1067 1049/1049
f 1069/1069 1068/1068 1050/1050
f 1070/1070 1069/1069 1051/1051
f 1071/1071 1070/1070 1052/1052
f 1072/1072 1071/1071 1053/1053
f 1073/1073 1072/1072 1054/1054
f 1074/1074 1073/1073 1055/1055
f 1075/1075 1074/1074 1056/1056
f 1076/1076 1075/1075 1057/1057
f 1077/1077 1076/1076 1058/1058
f 1078/1078 1077/1077 1059/1059
f 1079/1079 1078/1078 1060/1060
f 1080/1080 1079/1079 1061/1061
usemtl canister_lid
v 0.22700 0.21900 0.04900
v 0.24376 0.21900 0.04604
v 0.25850 0.21900 0.03754
v 0.26944 0.21900 0.02450
v 0.27526 0.21900 0.00851
v 0.27526 0.21900 -0.00851
v 0.26944 0.21900 -0.02450
v 0.25850 0.21900 -0.03754
v 0.24376 0.21900 -0.04604
v 0.22700 0.21900 -0.04900
v 0.21024 0.21900 -0.04604
v 0.19550 0.21900 -0.03754
v 0.18456 0.21900 -0.02450
v 0.17874 0.21900 -0.00851
v 0.17874 0.21900 0.00851
v 0.18456 0.21900 0.02450
v 0.19550 0.21900 0.03754
v 0.21024 0.21900 0.04604
v 0.22700 0.21900 0.04900
v 0.22700 0.20100 0.04900
v 0.24376 0.20100 0.04604
v 0.25850 0.20100 0.03754
v 0.26944 0.20100 0.02450
v 0.27526 0.20100 0.00851
v 0.27526 0.20100 -0.00851
v 0.26944 0.20100 -0.02450
v 0.25850 0.20100 -0.03754
v 0.24376 0.20100 -0.04604
v 0.22700 0.20100 -0.04900
v 0.21024 0.20100 -0.04604
v 0.19550 0.20100 -0.03754
v 0.18456 0.20100 -0.02450
v 0.17874 0.20100 -0.00851
v 0.17874 0.20100 0.00851
v 0.18456 0.20100 0.02450
v 0.19550 0.20100 0.03754
v 0.21024 0.20100 0.04604
v 0.22700 0.20100 0.04900
v 0.22700 0.21900 0.00000
v 0.22700 0.21900 0.00000
v 0.22700 0.21900 0.00000
v 0.22700 0.21900 0.00000
v 0.22700 0.21900 0.00000
v 0.22700 0.21900 0.00000
v 0.22700 0.21900 0.00000
v 0.22700 0.21900 0.00000
v 0.22700 0.21900 0.00000
v 0.22700 0.21900 0.00000
v 0.22700 0.21900 0.00000
v 0.22700 0.21900 0.00000
v 0.22700 0.21900 0.00000
v 0.22700 0.21900 0.00000
v 0.22700 0.21900 0.00000
v 0.22700 0.21900 0.00000
v 0.22700 0.21900 0.00000
v 0.22700 0.21900 0.00000
v 0.22700 0.21900 0.04900
v 0.24376 0.21900 0.04604
v 0.25850 0.21900 0.03754
v 0.26944 0.21900 0.02450
v 0.27526 0.21900 0.00851
v 0.27526 0.21900 -0.00851
v 0.26944 0.21900 -0.02450
v 0.25850 0.21900 -0.03754
v 0.24376 0.21900 -0.04604
v 0.22700 0.21900 -0.04900
v 0.21024 0.21900 -0.04604
v 0.19550 0.21900 -0.03754
v 0.18456 0.21900 -0.02450
v 0.17874 0.21900 -0.00851
v 0.17874 0.21900 0.00851
v 0.18456 0.21900 0.02450
v 0.19550 0.21900 0.03754
v 0.21024 0.21900 0.04604
v 0.22700 0.21900 0.04900
v 0.22700 0.20100 0.00000
v 0.22700 0.20100 0.00000
v 0.22700 0.20100 0.00000
v 0.22700 0.20100 0.00000
v 0.22700 0.20100 0.00000
v 0.22700 0.20100 0.00000
v 0.22700 0.20100 0.00000
v 0.22700 0.20100 0.00000
v 0.22700 0.20100 0.00000
v 0.22700 0.20100 0.00000
v 0.22700 0.20100 0.00000
v 0.22700 0.20100 0.00000
v 0.22700 0.20100 0.00000
v 0.22700 0.20100 0.00000
v 0.22700 0.20100 0.00000
v 0.22700 0.20100 0.00000
v 0.22700 0.20100 0.00000
v 0.22700 0.20100 0.00000
v 0.22700 0.20100 0.04900
v 0.24376 0.20100 0.04604
v 0.25850 0.20100 0.03754
v 0.26944 0.20100 0.02450
v 0.27526 0.20100 0.00851
v 0.27526 0.20100 -0.00851
v 0.26944 0.20100 -0.02450
v 0.25850 0.20100 -0.03754
v 0.24376 0.20100 -0.04604
v 0.22700 0.20100 -0.04900
v 0.21024 0.20100 -0.04604
v 0.19550 0.20100 -0.03754
v 0.18456 0.20100 -0.02450
v 0.17874 0.20100 -0.00851
v 0.17874 0.20100 0.00851
v 0.18456 0.20100 0.02450
v 0.19550 0.20100 0.03754
v 0.21024 0.20100 0.04604
v 0.22700 0.20100 0.04900
vt 0.00000 0.00000
vt 0.05556 0.00000
vt 0.11111 0.00000
vt 0.16667 0.00000
vt 0.22222 0.00000
vt 0.27778 0.00000
vt 0.33333 0.00000
vt 0.38889 0.00000
vt 0.44444 0.00000
vt 0.50000 0.00000
vt 0.55556 0.00000
vt 0.61111 0.00000
vt 0.66667 0.00000
vt 0.72222 0.00000
vt 0.77778 0.00000
vt 0.83333 0.00000
vt 0.88889 0.00000
vt 0.94444 0.00000
vt 1.00000 0.00000
vt 0.00000 1.00000
vt 0.05556 1.00000
vt 0.11111 1.00000
vt 0.16667 1.00000
vt 0.22222 1.00000
vt 0.27778 1.00000
vt 0.33333 1.00000
vt 0.38889 1.00000
vt 0.44444 1.00000
vt 0.50000 1.00000
vt 0.55556 1.00000
vt 0.61111 1.00000
vt 0.66667 1.00000
vt 0.72222 1.00000
vt 0.77778 1.00000
vt 0.83333 1.00000
vt 0.88889 1.00000
vt 0.94444 1.00000
vt 1.00000 1.00000
vt 0.50000 0.50000
vt 0.50000 0.50000
vt 0.50000 0.50000
vt 0.50000 0.50000
vt 0.50000 0.50000
vt 0.50000 0.50000
vt 0.50000 0.50000
vt 0.50000 0.50000
vt 0.50000 0.50000
vt 0.50000 0.50000
vt 0.50000 0.50000
vt 0.50000 0.50000
vt 0.50000 0.50000
vt 0.50000 0.50000
vt 0.50000 0.50000
vt 0.50000 0.50000
vt 0.50000 0.50000
vt 0.50000 0.50000
vt 1.00000 0.50000
vt 0.96985 0.32899
vt 0.88302 0.17861
vt 0.75000 0.06699
vt 0.58682 0.00760
vt 0.41318 0.00760
vt 0.25000 0.06699
vt 0.11698 0.17861
vt 0.03015 0.32899
vt 0.00000 0.50000
vt 0.03015 0.67101
vt 0.11698 0.82139
vt 0.25000 0.93301
vt 0.41318 0.99240
vt 0.58682 0.99240
vt 0.75000 0.93301
vt 0.88302 0.82139
vt 0.96985 0.67101
vt 1.00000 0.50000
vt 0.50000 0.50000
vt 0.50000 0.50000
vt 0.50000 0.50000
vt 0.50000 0.50000
vt 0.50000 0.50000
vt 0.50000 0.50000
vt 0.50000 0.50000
vt 0.50000 0.50000
vt 0.50000 0.50000
vt 0.50000 0.50000
vt 0.50000 0.50000
vt 0.50000 0.50000
vt 0.50000 0.50000
vt 0.50000 0.50000
vt 0.50000 0.50000
vt 0.50000 0.50000
vt 0.50000 0.50000
vt 0.50000 0.50000
vt 1.00000 0.50000
vt 0.96985 0.67101
vt 0.88302 0.82139
vt 0.75000 0.93301
vt 0.58682 0.99240
vt 0.41318 0.99240
vt 0.25000 0.93301
vt 0.11698 0.82139
vt 0.03015 0.67101
vt 0.00000 0.50000
vt 0.03015 0.32899
vt 0.11698 0.17861
vt 0.25000 0.06699
vt 0.41318 0.00760
vt 0.58682 0.00760
vt 0.75000 0.06699
vt 0.88302 0.17861
vt 0.96985 0.32899
vt 1.00000 0.50000
f 1081/1081 1100/1100 1082/1082
f 1100/1100 1101/1101 1082/1082
f 1082/1082 1101/1101 1083/1083
f 1101/1101 1102/1102 1083/1083
f 1083/1083 1102/1102 1084/1084
f 1102/1102 1103/1103 1084/1084
f 1084/1084 1103/1103 1085/1085
f 1103/1103 1104/1104 1085/1085
f 1085/1085 1104/1104 1086/1086
f 1104/1104 1105/1105 1086/1086
f 1086/1086 1105/1105 1087/1087
f 1105/1105 1106/1106 1087/1087
f 1087/1087 1106/1106 1088/1088
f 1106/1106 1107/1107 1088/1088
f 1088/1088 1107/1107 1089/1089
f 1107/1107 1108/1108 1089/1089
f 1089/1089 1108/1108 1090/1090
f 1108/1108 1109/1109 1090/1090
f 1090/1090 1109/1109 1091/1091
f 1109/1109 1110/1110 1091/1091
f 1091/1091 1110/1110 1092/1092
f 1110/1110 1111/1111 1092/1092
f 1092/1092 1111/1111 1093/1093
f 1111/1111 1112/1112 1093/1093
f 1093/1093 1112/1112 1094/1094
f 1112/1112 1113/1113 1094/1094
f 1094/1094 1113/1113 1095/1095
f 1113/1113 1114/1114 1095/1095
f 1095/1095 1114/1114 1096/1096
f 1114/1114 1115/1115 1096/1096
f 1096/1096 1115/1115 1097/1097
f 1115/1115 1116/1116 1097/1097
f 1097/1097 1116/1116 1098/1098
f 1116/1116 1117/1117 1098/1098
f 1098/1098 1117/1117 1099/1099
f 1117/1117 1118/1118 1099/1099
f 1137/1137 1138/1138 1119/1119
f 1138/1138 1139/1139 1120/1120
f 1139/1139 1140/1140 1121/1121
f 1140/1140 1141/1141 1122/1122
f 1141/1141 1142/1142 1123/1123
f 1142/1142 1143/1143 1124/1124
f 1143/1143 1144/1144 1125/1125
f 1144/1144 1145/1145 1126/1126
f 1145/1145 1146/1146 1127/1127
f 1146/1146 1147/1147 1128/1128
f 1147/1147 1148/1148 1129/1129
f 1148/1148 1149/1149 1130/1130
f 1149/1149 1150/1150 1131/1131
f 1150/1150 1151/1151 1132/1132
f 1151/1151 1152/1152 1133/1133
f 1152/1152 1153/1153 1134/1134
f 1153/1153 1154/1154 1135/1135
f 1154/1154 1155/1155 1136/1136
f 1175/1175 1174/1174 1156/1156
f 1176/1176 1175/1175 1157/1157
f 1177/1177 1176/1176 1158/1158
f 1178/1178 1177/1177 1159/1159
f 1179/1179 1178/1178 1160/1160
f 1180/1180 1179/1179 1161/1161
f 1181/1181 1180/1180 1162/1162
f 1182/1182 1181/1181 1163/1163
f 1183/1183 1182/1182 1164/1164
f 1184/1184 1183/1183 1165/1165
f 1185/1185 1184/1184 1166/1166
f 1186/1186 1185/1185 1167/1167
f 1187/1187 1186/1186 1168/1168
f 1188/1188 1187/1187 1169/1169
f 1189/1189 1188/1188 1170/1170
f 1190/1190 1189/1189 1171/1171
f 1191/1191 1190/1190 1172/1172
f 1192/1192 1191/1191 1173/1173
v 0.14000 0.27000 0.00700
v 0.14495 0.27000 0.00495
v 0.14700 0.27000 0.00000
v 0.14495 0.27000 -0.00495
v 0.14000 0.27000 -0.00700
v 0.13505 0.27000 -0.00495
v 0.13300 0.27000 -0.00000
v 0.13505 0.27000 0.00495
v 0.14000 0.27000 0.00700
v 0.14000 0.25000 0.00700
v 0.14495 0.25000 0.00495
v 0.14700 0.25000 0.00000
v 0.14495 0.25000 -0.00495
v 0.14000 0.25000 -0.00700
v 0.13505 0.25000 -0.00495
v 0.13300 0.25000 -0.00000
v 0.13505 0.25000 0.00495
v 0.14000 0.25000 0.00700
v 0.14000 0.27000 0.00000
v 0.14000 0.27000 0.00000
v 0.14000 0.27000 0.00000
v 0.14000 0.27000 0.00000
v 0.14000 0.27000 0.00000
v 0.14000 0.27000 0.00000
v 0.14000 0.27000 0.00000
v 0.14000 0.27000 0.00000
v 0.14000 0.27000 0.00700
v 0.14495 0.27000 0.00495
v 0.14700 0.27000 0.00000
v 0.14495 0.27000 -0.00495
v 0.14000 0.27000 -0.00700
v 0.13505 0.27000 -0.00495
v 0.13300 0.27000 -0.00000
v 0.13505 0.27000 0.00495
v 0.14000 0.27000 0.00700
v 0.14000 0.25000 0.00000
v 0.14000 0.25000 0.00000
v 0.14000 0.25000 0.00000
v 0.14000 0.25000 0.00000
v 0.14000 0.25000 0.00000
v 0.14000 0.25000 0.00000
v 0.14000 0.25000 0.00000
v 0.14000 0.25000 0.00000
v 0.14000 0.25000 0.00700
v 0.14495 0.25000 0.00495
v 0.14700 0.25000 0.00000
v 0.14495 0.25000 -0.00495
v 0.14000 0.25000 -0.00700
v 0.13505 0.25000 -0.00495
v 0.13300 0.25000 -0.00000
v 0.13505 0.25000 0.00495
v 0.14000 0.25000 0.00700
vt 0.00000 0.00000
vt 0.12500 0.00000
vt 0.25000 0.00000
vt 0.37500 0.00000
vt 0.50000 0.00000
vt 0.62500 0.00000
vt 0.75000 0.00000
vt 0.87500 0.00000
vt 1.00000 0.00000
vt 0.00000 1.00000
vt 0.12500 1.00000
vt 0.25000 1.00000
vt 0.37500 1.00000
vt 0.50000 1.00000
vt 0.62500 1.00000
vt 0.75000 1.00000
vt 0.87500 1.00000
vt 1.00000 1.00000
vt 0.50000 0.50000
vt 0.50000 0.50000
vt 0.50000 0.50000
vt 0.50000 0.50000
vt 0.50000 0.50000
vt 0.50000 0.50000
vt 0.50000 0.50000
vt 0.50000 0.50000
vt 1.00000 0.50000
vt 0.85355 0.14645
vt 0.50000 0.00000
vt 0.14645 0.14645
vt 0.00000 0.50000
vt 0.14645 0.85355
vt 0.50000 1.00000
vt 0.85355 0.85355
vt 1.00000 0.50000
vt 0.50000 0.50000
vt 0.50000 0.50000
vt 0.50000 0.50000
vt 0.50000 0.50000
vt 0.50000 0.50000
vt 0.50000 0.50000
vt 0.50000 0.50000
vt 0.50000 0.50000
vt 1.00000 0.50000
vt 0.85355 0.85355
vt 0.50000 1.00000
vt 0.14645 0.85355
vt 0.00000 0.50000
vt 0.14645 0.14645
vt 0.50000 0.00000
vt 0.85355 0.14645
vt 1.00000 0.50000
f 1193/1193 1202/1202 1194/1194
f 1202/1202 1203/1203 1194/1194
f 1194/1194 1203/1203 1195/1195
f 1203/1203 1204/1204 1195/1195
f 1195/1195 1204/1204 1196/1196
f 1204/1204 1205/1205 1196/1196
f 1196/1196 1205/1205 1197/1197
f 1205/1205 1206/1206 1197/1197
f 1197/1197 1206/1206 1198/1198
f 1206/1206 1207/1207 1198/1198
f 1198/1198 1207/1207 1199/1199
f 1207/1207 1208/1208 1199/1199
f 1199/1199 1208/1208 1200/1200
f 1208/1208 1209/1209 1200/1200
f 1200/1200 1209/1209 1201/1201
f 1209/1209 1210/1210 1201/1201
f 1219/1219 1220/1220 1211/1211
f 1220/1220 1221/1221 1212/1212
f 1221/1221 1222/1222 1213/1213
f 1222/1222 1223/1223 1214/1214
f 1223/1223 1224/1224 1215/1215
f 1224/1224 1225/1225 1216/1216
f 1225/1225 1226/1226 1217/1217
f 1226/1226 1227/1227 1218/1218
f 1237/1237 1236/1236 1228/1228
f 1238/1238 1237/1237 1229/1229
f 1239/1239 1238/1238 1230/1230
f 1240/1240 1239/1239 1231/1231
f 1241/1241 1240/1240 1232/1232
f 1242/1242 1241/1241 1233/1233
f 1243/1243 1242/1242 1234/1234
f 1244/1244 1243/1243 1235/1235
v 0.52297 0.01066 0.13964
v 0.52325 0.00792 0.13824
v 0.52373 0.00654 0.13552
v 0.52422 0.00704 0.13251
v 0.52454 0.00925 0.13036
v 0.52456 0.01230 0.12990
v 0.52429 0.01504 0.13130
v 0.52381 0.01642 0.13402
v 0.52332 0.01592 0.13703
v 0.52300 0.01372 0.13918
v 0.52297 0.01066 0.13964
v 0.43357 0.00852 0.12876
v 0.43407 0.00359 0.12625
v 0.43492 0.00110 0.12134
v 0.43581 0.00201 0.11593
v 0.43639 0.00598 0.11207
v 0.43643 0.01148 0.11124
v 0.43593 0.01641 0.11375
v 0.43508 0.01890 0.11866
v 0.43419 0.01799 0.12407
v 0.43361 0.01402 0.12793
v 0.43357 0.00852 0.12876
v 0.52377 0.01148 0.13477
v 0.52377 0.01148 0.13477
v 0.52377 0.01148 0.13477
v 0.52377 0.01148 0.13477
v 0.52377 0.01148 0.13477
v 0.52377 0.01148 0.13477
v 0.52377 0.01148 0.13477
v 0.52377 0.01148 0.13477
v 0.52377 0.01148 0.13477
v 0.52377 0.01148 0.13477
v 0.52297 0.01066 0.13964
v 0.52325 0.00792 0.13824
v 0.52373 0.00654 0.13552
v 0.52422 0.00704 0.13251
v 0.52454 0.00925 0.13036
v 0.52456 0.01230 0.12990
v 0.52429 0.01504 0.13130
v 0.52381 0.01642 0.13402
v 0.52332 0.01592 0.13703
v 0.52300 0.01372 0.13918
v 0.52297 0.01066 0.13964
v 0.43500 0.01000 0.12000
v 0.43500 0.01000 0.12000
v 0.43500 0.01000 0.12000
v 0.43500 0.01000 0.12000
v 0.43500 0.01000 0.12000
v 0.43500 0.01000 0.12000
v 0.43500 0.01000 0.12000
v 0.43500 0.01000 0.12000
v 0.43500 0.01000 0.12000
v 0.43500 0.01000 0.12000
v 0.43357 0.00852 0.12876
v 0.43407 0.00359 0.12625
v 0.43492 0.00110 0.12134
v 0.43581 0.00201 0.11593
v 0.43639 0.00598 0.11207
v 0.43643 0.01148 0.11124
v 0.43593 0.01641 0.11375
v 0.43508 0.01890 0.11866
v 0.43419 0.01799 0.12407
v 0.43361 0.01402 0.12793
v 0.43357 0.00852 0.12876
vt 0.00000 0.00000
vt 0.10000 0.00000
vt 0.20000 0.00000
vt 0.30000 0.00000
vt 0.40000 0.00000
vt 0.50000 0.00000
vt 0.60000 0.00000
vt 0.70000 0.00000
vt 0.80000 0.00000
vt 0.90000 0.00000
vt 1.00000 0.00000
vt 0.00000 1.00000
vt 0.10000 1.00000
vt 0.20000 1.00000
vt 0.30000 1.00000
vt 0.40000 1.00000
vt 0.50000 1.00000
vt 0.60000 1.00000
vt 0.70000 1.00000
vt 0.80000 1.00000
vt 0.90000 1.00000
vt 1.00000 1.00000
vt 0.50000 0.50000
vt 0.50000 0.50000
vt 0.50000 0.50000
vt 0.50000 0.50000
vt 0.50000 0.50000
vt 0.50000 0.50000
vt 0.50000 0.50000
vt 0.50000 0.50000
vt 0.50000 0.50000
vt 0.50000 0.50000
vt 1.00000 0.50000
vt 0.90451 0.20611
vt 0.65451 0.02447
vt 0.34549 0.02447
vt 0.09549 0.20611
vt 0.00000 0.50000
vt 0.09549 0.79389
vt 0.34549 0.97553
vt 0.65451 0.97553
vt 0.90451 0.79389
vt 1.00000 0.50000
vt 0.50000 0.50000
vt 0.50000 0.50000
vt 0.50000 0.50000
vt 0.50000 0.50000
vt 0.50000 0.50000
vt 0.50000 0.50000
vt 0.50000 0.50000
vt 0.50000 0.50000
vt 0.50000 0.50000
vt 0.50000 0.50000
vt 1.00000 0.50000
vt 0.90451 0.79389
vt 0.65451 0.97553
vt 0.34549 0.97553
vt 0.09549 0.79389
vt 0.00000 0.50000
vt 0.09549 0.20611
vt 0.34549 0.02447
vt 0.65451 0.02447
vt 0.90451 0.20611
vt 1.00000 0.50000
f 1245/1245 1256/1256 1246/1246
f 1256/1256 1257/1257 1246/1246
f 1246/1246 1257/1257 1247/1247
f 1257/1257 1258/1258 1247/1247
f 1247/1247 1258/1258 1248/1248
f 1258/1258 1259/1259 1248/1248
f 1248/1248 1259/1259 1249/1249
f 1259/1259 1260/1260 1249/1249
f 1249/1249 1260/1260 1250/1250
f 1260/1260 1261/1261 1250/1250
f 1250/1250 1261/1261 1251/1251
f 1261/1261 1262/1262 1251/1251
f 1251/1251 1262/1262 1252/1252
f 1262/1262 1263/1263 1252/1252
f 1252/1252 1263/1263 1253/1253
f 1263/1263 1264/1264 1253/1253
f 1253/1253 1264/1264 1254/1254
f 1264/1264 1265/1265 1254/1254
f 1254/1254 1265/1265 1255/1255
f 1265/1265 1266/1266 1255/1255
f 1277/1277 1278/1278 1267/1267
f 1278/1278 1279/1279 1268/1268
f 1279/1279 1280/1280 1269/1269
f 1280/1280 1281/1281 1270/1270
f 1281/1281 1282/1282 1271/1271
f 1282/1282 1283/1283 1272/1272
f 1283/1283 1284/1284 1273/1273
f 1284/1284 1285/1285 1274/1274
f 1285/1285 1286/1286 1275/1275
f 1286/1286 1287/1287 1276/1276
f 1299/1299 1298/1298 1288/1288
f 1300/1300 1299/1299 1289/1289
f 1301/1301 1300/1300 1290/1290
f 1302/1302 1301/1301 1291/1291
f 1303/1303 1302/1302 1292/1292
f 1304/1304 1303/1303 1293/1293
f 1305/1305 1304/1304 1294/1294
f 1306/1306 1305/1305 1295/1295
f 1307/1307 1306/1306 1296/1296
f 1308/1308 1307/1307 1297/1297
usemtl suction_hose
v 0.14000 0.27200 0.00600
v 0.13856 0.27599 0.00424
v 0.13797 0.27764 0.00000
v 0.13856 0.27599 -0.00424
v 0.14000 0.27200 -0.00600
v 0.14144 0.26801 -0.00424
v 0.14203 0.26636 -0.00000
v 0.14144 0.26801 0.00424
v 0.14000 0.27200 0.00600
v 0.14629 0.27465 0.00600
v 0.14448 0.27849 0.00424
v 0.14374 0.28008 0.00000
v 0.14448 0.27849 -0.00424
v 0.14629 0.27465 -0.00600
v 0.14809 0.27081 -0.00424
v 0.14884 0.26922 -0.00000
v 0.14809 0.27081 0.00424
v 0.14629 0.27465 0.00600
v 0.15239 0.27770 0.00600
v 0.15043 0.28146 0.00424
v 0.14961 0.28302 0.00000
v 0.15043 0.28146 -0.00424
v 0.15239 0.27770 -0.00600
v 0.15436 0.27394 -0.00424
v 0.15517 0.27238 -0.00000
v 0.15436 0.27394 0.00424
v 0.15239 0.27770 0.00600
v 0.15842 0.28091 0.00600
v 0.15641 0.28465 0.00424
v 0.15558 0.28619 0.00000
v 0.15641 0.28465 -0.00424
v 0.15842 0.28091 -0.00600
v 0.16042 0.27717 -0.00424
v 0.16126 0.27562 -0.00000
v 0.16042 0.27717 0.00424
v 0.15842 0.28091 0.00600
v 0.16445 0.28411 0.00600
v 0.16250 0.28787 0.00424
v 0.16169 0.28943 0.00000
v 0.16250 0.28787 -0.00424
v 0.16445 0.28411 -0.00600
v 0.16640 0.28034 -0.00424
v 0.16720 0.27878 -0.00000
v 0.16640 0.28034 0.00424
v 0.16445 0.28411 0.00600
v 0.17057 0.28711 0.00600
v 0.16881 0.29097 0.00424
v 0.16808 0.29257 0.00000
v 0.16881 0.29097 -0.00424
v 0.17057 0.28711 -0.00600
v 0.17234 0.28326 -0.00424
v 0.17307 0.28166 -0.00000
v 0.17234 0.28326 0.00424
v 0.17057 0.28711 0.00600
v 0.17690 0.28966 0.00600
v 0.17556 0.29369 0.00424
v 0.17500 0.29535 0.00000
v 0.17556 0.29369 -0.00424
v 0.17690 0.28966 -0.00600
v 0.17825 0.28564 -0.00424
v 0.17881 0.28397 -0.00000
v 0.17825 0.28564 0.00424
v 0.17690 0.28966 0.00600
v 0.18355 0.29114 0.00600
v 0.18322 0.29537 0.00424
v 0.18308 0.29712 0.00000
v 0.18322 0.29537 -0.00424
v 0.18355 0.29114 -0.00600
v 0.18388 0.28691 -0.00424
v 0.18402 0.28516 -0.00000
v 0.18388 0.28691 0.00424
v 0.18355 0.29114 0.00600
v 0.19016 0.28991 0.00600
v 0.19229 0.29358 0.00424
v 0.19317 0.29510 0.00000
v 0.19229 0.29358 -0.00424
v 0.19016 0.28991 -0.00600
v 0.18802 0.28624 -0.00424
v 0.18714 0.28472 -0.00000
v 0.18802 0.28624 0.00424
v 0.19016 0.28991 0.00600
v 0.19436 0.28467 0.00600
v 0.19821 0.28645 0.00424
v 0.19981 0.28718 0.00000
v 0.19821 0.28645 -0.00424
v 0.19436 0.28467 -0.00600
v 0.19051 0.28289 -0.00424
v 0.18891 0.28216 -0.00000
v 0.19051 0.28289 0.00424
v 0.19436 0.28467 0.00600
v 0.19650 0.27820 0.00600
v 0.20063 0.27920 0.00424
v 0.20233 0.27961 0.00000
v 0.20063 0.27920 -0.00424
v 0.19650 0.27820 -0.00600
v 0.19238 0.27720 -0.00424
v 0.19067 0.27679 -0.00000
v 0.19238 0.27720 0.00424
v 0.19650 0.27820 0.00600
v 0.19779 0.27150 0.00600
v 0.20198 0.27214 0.00424
v 0.20372 0.27241 0.00000
v 0.20198 0.27214 -0.00424
v 0.19779 0.27150 -0.00600
v 0.19360 0.27085 -0.00424
v 0.19186 0.27059 -0.00000
v 0.19360 0.27085 0.00424
v 0.19779 0.27150 0.00600
v 0.19866 0.26473 0.00600
v 0.20288 0.26519 0.00424
v 0.20463 0.26538 0.00000
v 0.20288 0.26519 -0.00424
v 0.19866 0.26473 -0.00600
v 0.19444 0.26427 -0.00424
v 0.19270 0.26408 -0.00000
v 0.19444 0.26427 0.00424
v 0.19866 0.26473 0.00600
v 0.19932 0.25793 0.00600
v 0.20355 0.25831 0.00424
v 0.20530 0.25846 0.00000
v 0.20355 0.25831 -0.00424
v 0.19932 0.25793 -0.00600
v 0.19510 0.25756 -0.00424
v 0.19335 0.25741 -0.00000
v 0.19510 0.25756 0.00424
v 0.19932 0.25793 0.00600
v 0.19990 0.25113 0.00600
v 0.20413 0.25149 0.00424
v 0.20588 0.25164 0.00000
v 0.20413 0.25149 -0.00424
v 0.19990 0.25113 -0.00600
v 0.19567 0.25077 -0.00424
v 0.19392 0.25063 -0.00000
v 0.19567 0.25077 0.00424
v 0.19990 0.25113 0.00600
v 0.20052 0.24433 0.00600
v 0.20474 0.24475 0.00424
v 0.20649 0.24493 0.00000
v 0.20474 0.24475 -0.00424
v 0.20052 0.24433 -0.00600
v 0.19630 0.24391 -0.00424
v 0.19455 0.24374 -0.00000
v 0.19630 0.24391 0.00424
v 0.20052 0.24433 0.00600
v 0.20131 0.23755 0.00600
v 0.20551 0.23815 0.00424
v 0.20725 0.23840 0.00000
v 0.20551 0.23815 -0.00424
v 0.20131 0.23755 -0.00600
v 0.19711 0.23696 -0.00424
v 0.19537 0.23671 -0.00000
v 0.19711 0.23696 0.00424
v 0.20131 0.23755 0.00600
v 0.20258 0.23085 0.00600
v 0.20669 0.23190 0.00424
v 0.20839 0.23234 0.00000
v 0.20669 0.23190 -0.00424
v 0.20258 0.23085 -0.00600
v 0.19847 0.22980 -0.00424
v 0.19677 0.22936 -0.00000
v 0.19847 0.22980 0.00424
v 0.20258 0.23085 0.00600
v 0.20528 0.22464 0.00600
v 0.20861 0.22727 0.00424
v 0.20999 0.22836 0.00000
v 0.20861 0.22727 -0.00424
v 0.20528 0.22464 -0.00600
v 0.20195 0.22201 -0.00424
v 0.20057 0.22092 -0.00000
v 0.20195 0.22201 0.00424
v 0.20528 0.22464 0.00600
v 0.21072 0.22065 0.00600
v 0.21238 0.22455 0.00424
v 0.21307 0.22617 0.00000
v 0.21238 0.22455 -0.00424
v 0.21072 0.22065 -0.00600
v 0.20906 0.21674 -0.00424
v 0.20837 0.21513 -0.00000
v 0.20906 0.21674 0.00424
v 0.21072 0.22065 0.00600
v 0.21700 0.21800 0.00600
v 0.21914 0.22167 0.00424
v 0.22002 0.22318 0.00000
v 0.21914 0.22167 -0.00424
v 0.21700 0.21800 -0.00600
v 0.21486 0.21433 -0.00424
v 0.21398 0.21282 -0.00000
v 0.21486 0.21433 0.00424
v 0.21700 0.21800 0.00600
vt 0.00000 1.00000
vt 0.00000 0.87500
vt 0.00000 0.75000
vt 0.00000 0.62500
vt 0.00000 0.50000
vt 0.00000 0.37500
vt 0.00000 0.25000
vt 0.00000 0.12500
vt 0.00000 0.00000
vt 0.05000 1.00000
vt 0.05000 0.87500
vt 0.05000 0.75000
vt 0.05000 0.62500
vt 0.05000 0.50000
vt 0.05000 0.37500
vt 0.05000 0.25000
vt 0.05000 0.12500
vt 0.05000 0.00000
vt 0.10000 1.00000
vt 0.10000 0.87500
vt 0.10000 0.75000
vt 0.10000 0.62500
vt 0.10000 0.50000
vt 0.10000 0.37500
vt 0.10000 0.25000
vt 0.10000 0.12500
vt 0.10000 0.00000
vt 0.15000 1.00000
vt 0.15000 0.87500
vt 0.15000 0.75000
vt 0.15000 0.62500
vt 0.15000 0.50000
vt 0.15000 0.37500
vt 0.15000 0.25000
vt 0.15000 0.12500
vt 0.15000 0.00000
vt 0.20000 1.00000
vt 0.20000 0.87500
vt 0.20000 0.75000
vt 0.20000 0.62500
vt 0.20000 0.50000
vt 0.20000 0.37500
vt 0.20000 0.25000
vt 0.20000 0.12500
vt 0.20000 0.00000
vt 0.25000 1.00000
vt 0.25000 0.87500
vt 0.25000 0.75000
vt 0.25000 0.62500
vt 0.25000 0.50000
vt 0.25000 0.37500
vt 0.25000 0.25000
vt 0.25000 0.12500
vt 0.25000 0.00000
vt 0.30000 1.00000
vt 0.30000 0.87500
vt 0.30000 0.75000
vt 0.30000 0.62500
vt 0.30000 0.50000
vt 0.30000 0.37500
vt 0.30000 0.25000
vt 0.30000 0.12500
vt 0.30000 0.00000
vt 0.35000 1.00000
vt 0.35000 0.87500
vt 0.35000 0.75000
vt 0.35000 0.62500
vt 0.35000 0.50000
vt 0.35000 0.37500
vt 0.35000 0.25000
vt 0.35000 0.12500
vt 0.35000 0.00000
vt 0.40000 1.00000
vt 0.40000 0.87500
vt 0.40000 0.75000
vt 0.40000 0.62500
vt 0.40000 0.50000
vt 0.40000 0.37500
vt 0.40000 0.25000
vt 0.40000 0.12500
vt 0.40000 0.00000
vt 0.45000 1.00000
vt 0.45000 0.87500
vt 0.45000 0.75000
vt 0.45000 0.62500
vt 0.45000 0.50000
vt 0.45000 0.37500
vt 0.45000 0.25000
vt 0.45000 0.12500
vt 0.45000 0.00000
vt 0.50000 1.00000
vt 0.50000 0.87500
vt 0.50000 0.75000
vt 0.50000 0.62500
vt 0.50000 0.50000
vt 0.50000 0.37500
vt 0.50000 0.25000
vt 0.50000 0.12500
vt 0.50000 0.00000
vt 0.55000 1.00000
vt 0.55000 0.87500
vt 0.55000 0.75000
vt 0.55000 0.62500
vt 0.55000 0.50000
vt 0.55000 0.37500
vt 0.55000 0.25000
vt 0.55000 0.12500
vt 0.55000 0.00000
vt 0.60000 1.00000
vt 0.60000 0.87500
vt 0.60000 0.75000
vt 0.60000 0.62500
vt 0.60000 0.50000
vt 0.60000 0.37500
vt 0.60000 0.25000
vt 0.60000 0.12500
vt 0.60000 0.00000
vt 0.65000 1.00000
vt 0.65000 0.87500
vt 0.65000 0.75000
vt 0.65000 0.62500
vt 0.65000 0.50000
vt 0.65000 0.37500
vt 0.65000 0.25000
vt 0.65000 0.12500
vt 0.65000 0.00000
vt 0.70000 1.00000
vt 0.70000 0.87500
vt 0.70000 0.75000
vt 0.70000 0.62500
vt 0.70000 0.50000
vt 0.70000 0.37500
vt 0.70000 0.25000
vt 0.70000 0.12500
vt 0.70000 0.00000
vt 0.75000 1.00000
vt 0.75000 0.87500
vt 0.75000 0.75000
vt 0.75000 0.62500
vt 0.75000 0.50000
vt 0.75000 0.37500
vt 0.75000 0.25000
vt 0.75000 0.12500
vt 0.75000 0.00000
vt 0.80000 1.00000
vt 0.80000 0.87500
vt 0.80000 0.75000
vt 0.80000 0.62500
vt 0.80000 0.50000
vt 0.80000 0.37500
vt 0.80000 0.25000
vt 0.80000 0.12500
vt 0.80000 0.00000
vt 0.85000 1.00000
vt 0.85000 0.87500
vt 0.85000 0.75000
vt 0.85000 0.62500
vt 0.85000 0.50000
vt 0.85000 0.37500
vt 0.85000 0.25000
vt 0.85000 0.12500
vt 0.85000 0.00000
vt 0.90000 1.00000
vt 0.90000 0.87500
vt 0.90000 0.75000
vt 0.90000 0.62500
vt 0.90000 0.50000
vt 0.90000 0.37500
vt 0.90000 0.25000
vt 0.90000 0.12500
vt 0.90000 0.00000
vt 0.95000 1.00000
vt 0.95000 0.87500
vt 0.95000 0.75000
vt 0.95000 0.62500
vt 0.95000 0.50000
vt 0.95000 0.37500
vt 0.95000 0.25000
vt 0.95000 0.12500
vt 0.95000 0.00000
vt 1.00000 1.00000
vt 1.00000 0.87500
vt 1.00000 0.75000
vt 1.00000 0.62500
vt 1.00000 0.50000
vt 1.00000 0.37500
vt 1.00000 0.25000
vt 1.00000 0.12500
vt 1.00000 0.00000
f 1309/1309 1318/1318 1310/1310
f 1318/1318 1319/1319 1310/1310
f 1310/1310 1319/1319 1311/1311
f 1319/1319 1320/1320 1311/1311
f 1311/1311 1320/1320 1312/1312
f 1320/1320 1321/1321 1312/1312
f 1312/1312 1321/1321 1313/1313
f 1321/1321 1322/1322 1313/1313
f 1313/1313 1322/1322 1314/1314
f 1322/1322 1323/1323 1314/1314
f 1314/1314 1323/1323 1315/1315
f 1323/1323 1324/1324 1315/1315
f 1315/1315 1324/1324 1316/1316
f 1324/1324 1325/1325 1316/1316
f 1316/1316 1325/1325 1317/1317
f 1325/1325 1326/1326 1317/1317
f 1318/1318 1327/1327 1319/1319
f 1327/1327 1328/1328 1319/1319
f 1319/1319 1328/1328 1320/1320
f 1328/1328 1329/1329 1320/1320
f 1320/1320 1329/1329 1321/1321
f 1329/1329 1330/1330 1321/1321
f 1321/1321 1330/1330 1322/1322
f 1330/1330 1331/1331 1322/1322
f 1322/1322 1331/1331 1323/1323
f 1331/1331 1332/1332 1323/1323
f 1323/1323 1332/1332 1324/1324
f 1332/1332 1333/1333 1324/1324
f 1324/1324 1333/1333 1325/1325
f 1333/1333 1334/1334 1325/1325
f 1325/1325 1334/1334 1326/1326
f 1334/1334 1335/1335 1326/1326
f 1327/1327 1336/1336 1328/1328
f 1336/1336 1337/1337 1328/1328
f 1328/1328 1337/1337 1329/1329
f 1337/1337 1338/1338 1329/1329
f 1329/1329 1338/1338 1330/1330
f 1338/1338 1339/1339 1330/1330
f 1330/1330 1339/1339 1331/1331
f 1339/1339 1340/1340 1331/1331
f 1331/1331 1340/1340 1332/1332
f 1340/1340 1341/1341 1332/1332
f 1332/1332 1341/1341 1333/1333
f 1341/1341 1342/1342 1333/1333
f 1333/1333 1342/1342 1334/1334
f 1342/1342 1343/1343 1334/1334
f 1334/1334 1343/1343 1335/1335
f 1343/1343 1344/1344 1335/1335
f 1336/1336 1345/1345 1337/1337
f 1345/1345 1346/1346 1337/1337
f 1337/1337 1346/1346 1338/1338
f 1346/1346 1347/1347 1338/1338
f 1338/1338 1347/1347 1339/1339
f 1347/1347 1348/1348 1339/1339
f 1339/1339 1348/1348 1340/1340
f 1348/1348 1349/1349 1340/1340
f 1340/1340 1349/1349 1341/1341
f 1349/1349 1350/1350 1341/1341
f 1341/1341 1350/1350 1342/1342
f 1350/1350 1351/1351 1342/1342
f 1342/1342 1351/1351 1343/1343
f 1351/1351 1352/1352 1343/1343
f 1343/1343 1352/1352 1344/1344
f 1352/1352 1353/1353 1344/1344
f 1345/1345 1354/1354 1346/1346
f 1354/1354 1355/1355 1346/1346
f 1346/1346 1355/1355 1347/1347
f 1355/1355 1356/1356 1347/1347
f 1347/1347 1356/1356 1348/1348
f 1356/1356 1357/1357 1348/1348
f 1348/1348 1357/1357 1349/1349
f 1357/1357 1358/1358 1349/1349
f 1349/1349 1358/1358 1350/1350
f 1358/1358 1359/1359 1350/1350
f 1350/1350 1359/1359 1351/1351
f 1359/1359 1360/1360 1351/1351
f 1351/1351 1360/1360 1352/1352
f 1360/1360 1361/1361 1352/1352
f 1352/1352 1361/1361 1353/1353
f 1361/1361 1362/1362 1353/1353
f 1354/1354 1363/1363 1355/1355
f 1363/1363 1364/1364 1355/1355
f 1355/1355 1364/1364 1356/1356
f 1364/1364 1365/1365 1356/1356
f 1356/1356 1365/1365 1357/1357
f 1365/1365 1366/1366 1357/1357
f 1357/1357 1366/1366 1358/1358
f 1366/1366 1367/1367 1358/1358
f 1358/1358 1367/1367 1359/1359
f 1367/1367 1368/1368 1359/1359
f 1359/1359 1368/1368 1360/1360
f 1368/1368 1369/1369 1360/1360
f 1360/1360 1369/1369 1361/1361
f 1369/1369 1370/1370 1361/1361
f 1361/1361 1370/1370 1362/1362
f 1370/1370 1371/1371 1362/1362
f 1363/1363 1372/1372 1364/1364
f 1372/1372 1373/1373 1364/1364
f 1364/1364 1373/1373 1365/1365
f 1373/1373 1374/1374 1365/1365
f 1365/1365 1374/1374 1366/1366
f 1374/1374 1375/1375 1366/1366
f 1366/1366 1375/1375 1367/1367
f 1375/1375 1376/1376 1367/1367
f 1367/1367 1376/1376 1368/1368
f 1376/1376 1377/1377 1368/1368
f 1368/1368 1377/1377 1369/1369
f 1377/1377 1378/1378 1369/1369
f 1369/1369 1378/1378 1370/1370
f 1378/1378 1379/1379 1370/1370
f 1370/1370 1379/1379 1371/1371
f 1379/1379 1380/1380 1371/1371
f 1372/1372 1381/1381 1373/1373
f 1381/1381 1382/1382 1373/1373
f 1373/1373 1382/1382 1374/1374
f 1382/1382 1383/1383 1374/1374
f 1374/1374 1383/1383 1375/1375
f 1383/1383 1384/1384 1375/1375
f 1375/1375 1384/1384 1376/1376
f 1384/1384 1385/1385 1376/1376
f 1376/1376 1385/1385 1377/1377
f 1385/1385 1386/1386 1377/1377
f 1377/1377 1386/1386 1378/1378
f 1386/1386 1387/1387 1378/1378
f 1378/1378 1387/1387 1379/1379
f 1387/1387 1388/1388 1379/1379
f 1379/1379 1388/1388 1380/1380
f 1388/1388 1389/1389 1380/1380
f 1381/1381 1390/1390 1382/1382
f 1390/1390 1391/1391 1382/1382
f 1382/1382 1391/1391 1383/1383
f 1391/1391 1392/1392 1383/1383
f 1383/1383 1392/1392 1384/1384
f 1392/1392 1393/1393 1384/1384
f 1384/1384 1393/1393 1385/1385
f 1393/1393 1394/1394 1385/1385
f 1385/1385 1394/1394 1386/1386
f 1394/1394 1395/1395 1386/1386
f 1386/1386 1395/1395 1387/1387
f 1395/1395 1396/1396 1387/1387
f 1387/1387 1396/1396 1388/1388
f 1396/1396 1397/1397 1388/1388
f 1388/1388 1397/1397 1389/1389
f 1397/1397 1398/1398 1389/1389
f 1390/1390 1399/1399 1391/1391
f 1399/1399 1400/1400 1391/1391
f 1391/1391 1400/1400 1392/1392
f 1400/1400 1401/1401 1392/1392
f 1392/1392 1401/1401 1393/1393
f 1401/1401 1402/1402 1393/1393
f 1393/1393 1402/1402 1394/1394
f 1402/1402 1403/1403 1394/1394
f 1394/1394 1403/1403 1395/1395
f 1403/1403 1404/1404 1395/1395
f 1395/1395 1404/1404 1396/1396
f 1404/1404 1405/1405 1396/1396
f 1396/1396 1405/1405 1397/1397
f 1405/1405 1406/1406 1397/1397
f 1397/1397 1406/1406 1398/1398
f 1406/1406 1407/1407 1398/1398
f 1399/1399 1408/1408 1400/1400
f 1408/1408 1409/1409 1400/1400
f 1400/1400 1409/1409 1401/1401
f 1409/1409 1410/1410 1401/1401
f 1401/1401 1410/1410 1402/1402
f 1410/1410 1411/1411 1402/1402
f 1402/1402 1411/1411 1403/1403
f 1411/1411 1412/1412 1403/1403
f 1403/1403 1412/1412 1404/1404
f 1412/1412 1413/1413 1404/1404
f 1404/1404 1413/1413 1405/1405
f 1413/1413 1414/1414 1405/1405
f 1405/1405 1414/1414 1406/1406
f 1414/1414 1415/1415 1406/1406
f 1406/1406 1415/1415 1407/1407
f 1415/1415 1416/1416 1407/1407
f 1408/1408 1417/1417 1409/1409
f 1417/1417 1418/1418 1409/1409
f 1409/1409 1418/1418 1410/1410
f 1418/1418 1419/1419 1410/1410
f 1410/1410 1419/1419 1411/1411
f 1419/1419 1420/1420 1411/1411
f 1411/1411 1420/1420 1412/1412
f 1420/1420 1421/1421 1412/1412
f 1412/1412 1421/1421 1413/1413
f 1421/1421 1422/1422 1413/1413
f 1413/1413 1422/1422 1414/1414
f 1422/1422 1423/1423 1414/1414
f 1414/1414 1423/1423 1415/1415
f 1423/1423 1424/1424 1415/1415
f 1415/1415 1424/1424 1416/1416
f 1424/1424 1425/1425 1416/1416
f 1417/1417 1426/1426 1418/1418
f 1426/1426 1427/1427 1418/1418
f 1418/1418 1427/1427 1419/1419
f 1427/1427 1428/1428 1419/1419
f 1419/1419 1428/1428 1420/1420
f 1428/1428 1429/1429 1420/1420
f 1420/1420 1429/1429 1421/1421
f 1429/1429 1430/1430 1421/1421
f 1421/1421 1430/1430 1422/1422
f 1430/1430 1431/1431 1422/1422
f 1422/1422 1431/1431 1423/1423
f 1431/1431 1432/1432 1423/1423
f 1423/1423 1432/1432 1424/1424
f 1432/1432 1433/1433 1424/1424
f 1424/1424 1433/1433 1425/1425
f 1433/1433 1434/1434 1425/1425
f 1426/1426 1435/1435 1427/1427
f 1435/1435 1436/1436 1427/1427
f 1427/1427 1436/1436 1428/1428
f 1436/1436 1437/1437 1428/1428
f 1428/1428 1437/1437 1429/1429
f 1437/1437 1438/1438 1429/1429
f 1429/1429 1438/1438 1430/1430
f 1438/1438 1439/1439 1430/1430
f 1430/1430 1439/1439 1431/1431
f 1439/1439 1440/1440 1431/1431
f 1431/1431 1440/1440 1432/1432
f 1440/1440 1441/1441 1432/1432
f 1432/1432 1441/1441 1433/1433
f 1441/1441 1442/1442 1433/1433
f 1433/1433 1442/1442 1434/1434
f 1442/1442 1443/1443 1434/1434
f 1435/1435 1444/1444 1436/1436
f 1444/1444 1445/1445 1436/1436
f 1436/1436 1445/1445 1437/1437
f 1445/1445 1446/1446 1437/1437
f 1437/1437 1446/1446 1438/1438
f 1446/1446 1447/1447 1438/1438
f 1438/1438 1447/1447 1439/1439
f 1447/1447 1448/1448 1439/1439
f 1439/1439 1448/1448 1440/1440
f 1448/1448 1449/1449 1440/1440
f 1440/1440 1449/1449 1441/1441
f 1449/1449 1450/1450 1441/1441
f 1441/1441 1450/1450 1442/1442
f 1450/1450 1451/1451 1442/1442
f 1442/1442 1451/1451 1443/1443
f 1451/1451 1452/1452 1443/1443
f 1444/1444 1453/1453 1445/1445
f 1453/1453 1454/1454 1445/1445
f 1445/1445 1454/1454 1446/1446
f 1454/1454 1455/1455 1446/1446
f 1446/1446 1455/1455 1447/1447
f 1455/1455 1456/1456 1447/1447
f 1447/1447 1456/1456 1448/1448
f 1456/1456 1457/1457 1448/1448
f 1448/1448 1457/1457 1449/1449
f 1457/1457 1458/1458 1449/1449
f 1449/1449 1458/1458 1450/1450
f 1458/1458 1459/1459 1450/1450
f 1450/1450 1459/1459 1451/1451
f 1459/1459 1460/1460 1451/1451
f 1451/1451 1460/1460 1452/1452
f 1460/1460 1461/1461 1452/1452
f 1453/1453 1462/1462 1454/1454
f 1462/1462 1463/1463 1454/1454
f 1454/1454 1463/1463 1455/1455
f 1463/1463 1464/1464 1455/1455
f 1455/1455 1464/1464 1456/1456
f 1464/1464 1465/1465 1456/1456
f 1456/1456 1465/1465 1457/1457
f 1465/1465 1466/1466 1457/1457
f 1457/1457 1466/1466 1458/1458
f 1466/1466 1467/1467 1458/1458
f 1458/1458 1467/1467 1459/1459
f 1467/1467 1468/1468 1459/1459
f 1459/1459 1468/1468 1460/1460
f 1468/1468 1469/1469 1460/1460
f 1460/1460 1469/1469 1461/1461
f 1469/1469 1470/1470 1461/1461
f 1462/1462 1471/1471 1463/1463
f 1471/1471 1472/1472 1463/1463
f 1463/1463 1472/1472 1464/1464
f 1472/1472 1473/1473 1464/1464
f 1464/1464 1473/1473 1465/1465
f 1473/1473 1474/1474 1465/1465
f 1465/1465 1474/1474 1466/1466
f 1474/1474 1475/1475 1466/1466
f 1466/1466 1475/1475 1467/1467
f 1475/1475 1476/1476 1467/1467
f 1467/1467 1476/1476 1468/1468
f 1476/1476 1477/1477 1468/1468
f 1468/1468 1477/1477 1469/1469
f 1477/1477 1478/1478 1469/1469
f 1469/1469 1478/1478 1470/1470
f 1478/1478 1479/1479 1470/1470
f 1471/1471 1480/1480 1472/1472
f 1480/1480 1481/1481 1472/1472
f 1472/1472 1481/1481 1473/1473
f 1481/1481 1482/1482 1473/1473
f 1473/1473 1482/1482 1474/1474
f 1482/1482 1483/1483 1474/1474
f 1474/1474 1483/1483 1475/1475
f 1483/1483 1484/1484 1475/1475
f 1475/1475 1484/1484 1476/1476
f 1484/1484 1485/1485 1476/1476
f 1476/1476 1485/1485 1477/1477
f 1485/1485 1486/1486 1477/1477
f 1477/1477 1486/1486 1478/1478
f 1486/1486 1487/1487 1478/1478
f 1478/1478 1487/1487 1479/1479
f 1487/1487 1488/1488 1479/1479
f 1480/1480 1489/1489 1481/1481
f 1489/1489 1490/1490 1481/1481
f 1481/1481 1490/1490 1482/1482
f 1490/1490 1491/1491 1482/1482
f 1482/1482 1491/1491 1483/1483
f 1491/1491 1492/1492 1483/1483
f 1483/1483 1492/1492 1484/1484
f 1492/1492 1493/1493 1484/1484
f 1484/1484 1493/1493 1485/1485
f 1493/1493 1494/1494 1485/1485
f 1485/1485 1494/1494 1486/1486
f 1494/1494 1495/1495 1486/1486
f 1486/1486 1495/1495 1487/1487
f 1495/1495 1496/1496 1487/1487
f 1487/1487 1496/1496 1488/1488
f 1496/1496 1497/1497 1488/1488
v 0.24210 0.21374 0.01925
v 0.24508 0.21744 0.01787
v 0.24802 0.21906 0.01424
v 0.24981 0.21799 0.00976
v 0.24976 0.21463 0.00613
v 0.24790 0.21026 0.00475
v 0.24493 0.20656 0.00613
v 0.24198 0.20494 0.00976
v 0.24019 0.20601 0.01424
v 0.24024 0.20937 0.01787
v 0.24210 0.21374 0.01925
v 0.25106 0.20877 0.02446
v 0.25390 0.21254 0.02300
v 0.25692 0.21413 0.01941
v 0.25895 0.21292 0.01507
v 0.25923 0.20938 0.01163
v 0.25764 0.20486 0.01041
v 0.25480 0.20109 0.01187
v 0.25178 0.19950 0.01545
v 0.24975 0.20071 0.01979
v 0.24947 0.20425 0.02323
v 0.25106 0.20877 0.02446
v 0.26022 0.20425 0.03025
v 0.26300 0.20805 0.02876
v 0.26605 0.20961 0.02519
v 0.26821 0.20835 0.02093
v 0.26864 0.20473 0.01759
v 0.26719 0.20014 0.01645
v 0.26440 0.19634 0.01794
v 0.26135 0.19477 0.02151
v 0.25920 0.19604 0.02577
v 0.25877 0.19966 0.02911
v 0.26022 0.20425 0.03025
v 0.26956 0.19983 0.03633
v 0.27234 0.20363 0.03483
v 0.27539 0.20520 0.03126
v 0.27755 0.20393 0.02700
v 0.27799 0.20030 0.02367
v 0.27655 0.19571 0.02253
v 0.27377 0.19191 0.02403
v 0.27072 0.19034 0.02760
v 0.26856 0.19162 0.03186
v 0.26811 0.19524 0.03519
v 0.26956 0.19983 0.03633
v 0.27908 0.19517 0.04239
v 0.28191 0.19895 0.04092
v 0.28494 0.20053 0.03734
v 0.28699 0.19931 0.03301
v 0.28730 0.19575 0.02959
v 0.28574 0.19122 0.02839
v 0.28290 0.18744 0.02985
v 0.27988 0.18586 0.03343
v 0.27782 0.18708 0.03776
v 0.27752 0.19064 0.04118
v 0.27908 0.19517 0.04239
v 0.28880 0.18988 0.04812
v 0.29175 0.19360 0.04673
v 0.29471 0.19521 0.04311
v 0.29654 0.19411 0.03865
v 0.29654 0.19072 0.03505
v 0.29472 0.18633 0.03369
v 0.29177 0.18262 0.03509
v 0.28882 0.18100 0.03871
v 0.28699 0.18210 0.04317
v 0.28698 0.18549 0.04676
v 0.28880 0.18988 0.04812
v 0.29867 0.18351 0.05310
v 0.30182 0.18710 0.05180
v 0.30466 0.18879 0.04813
v 0.30612 0.18793 0.04348
v 0.30564 0.18485 0.03964
v 0.30340 0.18074 0.03807
v 0.30026 0.17715 0.03937
v 0.29741 0.17546 0.04304
v 0.29595 0.17632 0.04769
v 0.29643 0.17939 0.05153
v 0.29867 0.18351 0.05310
v 0.30846 0.17563 0.05672
v 0.31187 0.17901 0.05552
v 0.31456 0.18082 0.05179
v 0.31552 0.18037 0.04696
v 0.31436 0.17784 0.04287
v 0.31155 0.17418 0.04109
v 0.30814 0.17081 0.04229
v 0.30544 0.16900 0.04602
v 0.30449 0.16945 0.05085
v 0.30564 0.17198 0.05494
v 0.30846 0.17563 0.05672
v 0.31750 0.16634 0.05836
v 0.32115 0.16946 0.05720
v 0.32371 0.17141 0.05345
v 0.32419 0.17144 0.04852
v 0.32242 0.16955 0.04432
v 0.31906 0.16645 0.04243
v 0.31540 0.16333 0.04359
v 0.31284 0.16138 0.04734
v 0.31236 0.16134 0.05227
v 0.31414 0.16324 0.05647
v 0.31750 0.16634 0.05836
v 0.32549 0.15663 0.05858
v 0.32927 0.15960 0.05743
v 0.33176 0.16162 0.05367
v 0.33201 0.16194 0.04874
v 0.32993 0.16042 0.04453
v 0.32630 0.15764 0.04263
v 0.32251 0.15467 0.04378
v 0.32002 0.15265 0.04754
v 0.31977 0.15233 0.05247
v 0.32186 0.15386 0.05669
v 0.32549 0.15663 0.05858
v 0.33288 0.14666 0.05798
v 0.33675 0.14952 0.05682
v 0.33920 0.15160 0.05307
v 0.33929 0.15213 0.04815
v 0.33700 0.15088 0.04395
v 0.33319 0.14835 0.04207
v 0.32932 0.14550 0.04323
v 0.32687 0.14341 0.04698
v 0.32678 0.14289 0.05190
v 0.32907 0.14413 0.05610
v 0.33288 0.14666 0.05798
v 0.33981 0.13652 0.05676
v 0.34375 0.13928 0.05559
v 0.34616 0.14142 0.05184
v 0.34613 0.14212 0.04695
v 0.34368 0.14111 0.04278
v 0.33973 0.13879 0.04092
v 0.33580 0.13602 0.04209
v 0.33339 0.13388 0.04584
v 0.33341 0.13319 0.05073
v 0.33587 0.13419 0.05490
v 0.33981 0.13652 0.05676
v 0.34636 0.12623 0.05500
v 0.35035 0.12891 0.05382
v 0.35273 0.13110 0.05008
v 0.35260 0.13196 0.04521
v 0.35000 0.13117 0.04108
v 0.34594 0.12903 0.03926
v 0.34195 0.12635 0.04044
v 0.33957 0.12416 0.04418
v 0.33970 0.12330 0.04904
v 0.34230 0.12409 0.05318
v 0.34636 0.12623 0.05500
v 0.35253 0.11582 0.05274
v 0.35657 0.11841 0.05154
v 0.35892 0.12065 0.04781
v 0.35869 0.12168 0.04298
v 0.35597 0.12111 0.03889
v 0.35179 0.11915 0.03711
v 0.34775 0.11656 0.03831
v 0.34540 0.11432 0.04204
v 0.34563 0.11329 0.04687
v 0.34836 0.11386 0.05096
v 0.35253 0.11582 0.05274
v 0.35832 0.10528 0.04995
v 0.36240 0.10778 0.04873
v 0.36472 0.11008 0.04502
v 0.36439 0.11129 0.04023
v 0.36154 0.11095 0.03621
v 0.35726 0.10919 0.03448
v 0.35317 0.10669 0.03570
v 0.35085 0.10439 0.03942
v 0.35118 0.10318 0.04420
v 0.35403 0.10352 0.04822
v 0.35832 0.10528 0.04995
v 0.36366 0.09463 0.04659
v 0.36780 0.09703 0.04533
v 0.37009 0.09939 0.04164
v 0.36966 0.10081 0.03692
v 0.36667 0.10074 0.03299
v 0.36227 0.09922 0.03133
v 0.35813 0.09681 0.03259
v 0.35585 0.09445 0.03628
v 0.35628 0.09303 0.04100
v 0.35926 0.09310 0.04494
v 0.36366 0.09463 0.04659
v 0.36849 0.08384 0.04253
v 0.37268 0.08612 0.04122
v 0.37493 0.08857 0.03756
v 0.37438 0.09024 0.03294
v 0.37124 0.09051 0.02913
v 0.36672 0.08927 0.02758
v 0.36253 0.08700 0.02889
v 0.36027 0.08455 0.03255
v 0.36082 0.08287 0.03717
v 0.36396 0.08260 0.04098
v 0.36849 0.08384 0.04253
v 0.37258 0.07296 0.03755
v 0.37683 0.07507 0.03617
v 0.37904 0.07763 0.03256
v 0.37836 0.07966 0.02811
v 0.37505 0.08039 0.02451
v 0.37038 0.07954 0.02314
v 0.36612 0.07743 0.02452
v 0.36392 0.07487 0.02813
v 0.36460 0.07283 0.03258
v 0.36791 0.07210 0.03618
v 0.37258 0.07296 0.03755
v 0.37555 0.06198 0.03123
v 0.37986 0.06383 0.02970
v 0.38203 0.06657 0.02619
v 0.38120 0.06914 0.02205
v 0.37771 0.07057 0.01885
v 0.37288 0.07030 0.01782
v 0.36856 0.06844 0.01935
v 0.36640 0.06571 0.02286
v 0.36722 0.06313 0.02700
v 0.37072 0.06171 0.03020
v 0.37555 0.06198 0.03123
v 0.37643 0.05125 0.02268
v 0.38078 0.05278 0.02088
v 0.38291 0.05584 0.01764
v 0.38202 0.05927 0.01420
v 0.37844 0.06176 0.01186
v 0.37354 0.06236 0.01153
v 0.36920 0.06083 0.01333
v 0.36706 0.05777 0.01657
v 0.36796 0.05433 0.02001
v 0.37153 0.05184 0.02235
v 0.37643 0.05125 0.02268
v 0.37475 0.04257 0.01242
v 0.37906 0.04390 0.01039
v 0.38124 0.04723 0.00747
v 0.38047 0.05129 0.00476
v 0.37703 0.05453 0.00330
v 0.37224 0.05571 0.00365
v 0.36793 0.05438 0.00567
v 0.36575 0.05105 0.00860
v 0.36652 0.04699 0.01131
v 0.36996 0.04375 0.01277
v 0.37475 0.04257 0.01242
v 0.37144 0.03589 0.00178
v 0.37569 0.03710 -0.00044
v 0.37793 0.04055 -0.00318
v 0.37731 0.04493 -0.00538
v 0.37407 0.04857 -0.00622
v 0.36943 0.05007 -0.00536
v 0.36519 0.04886 -0.00314
v 0.36294 0.04541 -0.00040
v 0.36356 0.04103 0.00181
v 0.36681 0.03739 0.00264
v 0.37144 0.03589 0.00178
v 0.36710 0.03055 -0.00881
v 0.37128 0.03167 -0.01121
v 0.37356 0.03517 -0.01385
v 0.37308 0.03972 -0.01572
v 0.37001 0.04358 -0.01612
v 0.36554 0.04527 -0.01488
v 0.36136 0.04415 -0.01249
v 0.35908 0.04065 -0.00985
v 0.35956 0.03610 -0.00797
v 0.36263 0.03224 -0.00758
v 0.36710 0.03055 -0.00881
v 0.36203 0.02610 -0.01923
v 0.36612 0.02714 -0.02180
v 0.36842 0.03066 -0.02440
v 0.36804 0.03530 -0.02606
v 0.36513 0.03930 -0.02613
v 0.36080 0.04112 -0.02459
v 0.35671 0.04008 -0.02203
v 0.35441 0.03656 -0.01942
v 0.35479 0.03192 -0.01776
v 0.35770 0.02792 -0.01769
v 0.36203 0.02610 -0.01923
v 0.35634 0.02225 -0.02940
v 0.36034 0.02323 -0.03214
v 0.36262 0.02674 -0.03477
v 0.36232 0.03143 -0.03628
v 0.35955 0.03552 -0.03611
v 0.35537 0.03745 -0.03431
v 0.35137 0.03647 -0.03157
v 0.34908 0.03296 -0.02894
v 0.34938 0.02826 -0.02742
v 0.35215 0.02417 -0.02760
v 0.35634 0.02225 -0.02940
v 0.35009 0.01881 -0.03923
v 0.35396 0.01972 -0.04217
v 0.35620 0.02320 -0.04487
v 0.35595 0.02792 -0.04632
v 0.35330 0.03208 -0.04594
v 0.34927 0.03409 -0.04390
v 0.34540 0.03318 -0.04096
v 0.34316 0.02970 -0.03826
v 0.34341 0.02498 -0.03682
v 0.34606 0.02082 -0.03719
v 0.35009 0.01881 -0.03923
v 0.34327 0.01562 -0.04860
v 0.34696 0.01645 -0.05178
v 0.34909 0.01988 -0.05463
v 0.34885 0.02461 -0.05606
v 0.34632 0.02882 -0.05553
v 0.34248 0.03092 -0.05323
v 0.33879 0.03009 -0.05005
v 0.33666 0.02666 -0.04719
v 0.33690 0.02193 -0.04576
v 0.33943 0.01772 -0.04630
v 0.34327 0.01562 -0.04860
v 0.33578 0.01251 -0.05727
v 0.33917 0.01321 -0.06080
v 0.34107 0.01654 -0.06392
v 0.34076 0.02124 -0.06542
v 0.33836 0.02551 -0.06475
v 0.33478 0.02771 -0.06215
v 0.33139 0.02701 -0.05862
v 0.32948 0.02368 -0.05550
v 0.32980 0.01898 -0.05400
v 0.33220 0.01471 -0.05467
v 0.33578 0.01251 -0.05727
v 0.32696 0.00977 -0.06585
v 0.33018 0.01042 -0.06954
v 0.33217 0.01378 -0.07257
v 0.33215 0.01858 -0.07379
v 0.33014 0.02297 -0.07273
v 0.32690 0.02528 -0.06980
v 0.32367 0.02463 -0.06611
v 0.32169 0.02127 -0.06307
v 0.32170 0.01648 -0.06185
v 0.32372 0.01209 -0.06291
v 0.32696 0.00977 -0.06585
v 0.31771 0.00802 -0.07389
v 0.32078 0.00864 -0.07772
v 0.32277 0.01201 -0.08074
v 0.32293 0.01683 -0.08181
v 0.32119 0.02127 -0.08052
v 0.31822 0.02364 -0.07735
v 0.31515 0.02302 -0.07352
v 0.31316 0.01966 -0.07049
v 0.31300 0.01483 -0.06943
v 0.31474 0.01039 -0.07072
v 0.31771 0.00802 -0.07389
v 0.30814 0.00685 -0.08136
v 0.31101 0.00745 -0.08534
v 0.31294 0.01080 -0.08842
v 0.31320 0.01564 -0.08941
v 0.31168 0.02011 -0.08794
v 0.30896 0.02251 -0.08458
v 0.30609 0.02191 -0.08059
v 0.30416 0.01856 -0.07752
v 0.30391 0.01372 -0.07653
v 0.30543 0.00925 -0.07799
v 0.30814 0.00685 -0.08136
v 0.29820 0.00605 -0.08817
v 0.30080 0.00662 -0.09234
v 0.30258 0.00997 -0.09551
v 0.30287 0.01481 -0.09648
v 0.30156 0.01929 -0.09487
v 0.29915 0.02171 -0.09130
v 0.29655 0.02114 -0.08713
v 0.29477 0.01780 -0.08396
v 0.29448 0.01296 -0.08299
v 0.29579 0.00847 -0.08460
v 0.29820 0.00605 -0.08817
v 0.28784 0.00548 -0.09402
v 0.28998 0.00602 -0.09845
v 0.29146 0.00935 -0.10179
v 0.29171 0.01419 -0.10278
v 0.29064 0.01869 -0.10104
v 0.28866 0.02113 -0.09722
v 0.28652 0.02059 -0.09280
v 0.28503 0.01726 -0.08946
v 0.28478 0.01242 -0.08847
v 0.28585 0.00792 -0.09021
v 0.28784 0.00548 -0.09402
v 0.27700 0.00498 -0.09818
v 0.27819 0.00548 -0.10296
v 0.27895 0.00877 -0.10657
v 0.27899 0.01360 -0.10763
v 0.27829 0.01812 -0.10575
v 0.27713 0.02060 -0.10164
v 0.27594 0.02010 -0.09686
v 0.27518 0.01681 -0.09325
v 0.27514 0.01198 -0.09219
v 0.27584 0.00746 -0.09407
v 0.27700 0.00498 -0.09818
v 0.26659 0.00432 -0.09842
v 0.26499 0.00461 -0.10309
v 0.26349 0.00774 -0.10661
v 0.26267 0.01251 -0.10765
v 0.26285 0.01709 -0.10580
v 0.26395 0.01974 -0.10177
v 0.26556 0.01944 -0.09710
v 0.26706 0.01631 -0.09358
v 0.26787 0.01155 -0.09255
v 0.26770 0.00696 -0.09439
v 0.26659 0.00432 -0.09842
v 0.25777 0.00359 -0.09174
v 0.25403 0.00370 -0.09497
v 0.25097 0.00670 -0.09744
v 0.24976 0.01143 -0.09821
v 0.25087 0.01609 -0.09699
v 0.25387 0.01890 -0.09424
v 0.25761 0.01878 -0.09101
v 0.26067 0.01579 -0.08854
v 0.26187 0.01106 -0.08777
v 0.26077 0.00639 -0.08899
v 0.25777 0.00359 -0.09174
v 0.25120 0.00321 -0.08211
v 0.24688 0.00330 -0.08452
v 0.24339 0.00627 -0.08639
v 0.24208 0.01099 -0.08700
v 0.24342 0.01567 -0.08612
v 0.24693 0.01851 -0.08409
v 0.25124 0.01842 -0.08168
v 0.25473 0.01545 -0.07981
v 0.25605 0.01073 -0.07920
v 0.25470 0.00605 -0.08008
v 0.25120 0.00321 -0.08211
v 0.24613 0.00300 -0.07149
v 0.24155 0.00307 -0.07336
v 0.23787 0.00603 -0.07482
v 0.23649 0.01075 -0.07530
v 0.23794 0.01543 -0.07464
v 0.24167 0.01828 -0.07307
v 0.24624 0.01821 -0.07120
v 0.24992 0.01525 -0.06974
v 0.25130 0.01052 -0.06925
v 0.24985 0.00584 -0.06992
v 0.24613 0.00300 -0.07149
v 0.24219 0.00285 -0.06036
v 0.23746 0.00292 -0.06179
v 0.23366 0.00588 -0.06290
v 0.23224 0.01060 -0.06328
v 0.23375 0.01528 -0.06277
v 0.23761 0.01813 -0.06158
v 0.24234 0.01807 -0.06015
v 0.24614 0.01511 -0.05903
v 0.24756 0.01039 -0.05866
v 0.24605 0.00571 -0.05916
v 0.24219 0.00285 -0.06036
v 0.23929 0.00274 -0.04893
v 0.23445 0.00280 -0.04993
v 0.23056 0.00576 -0.05070
v 0.22911 0.01048 -0.05096
v 0.23066 0.01516 -0.05060
v 0.23460 0.01802 -0.04975
v 0.23945 0.01796 -0.04875
v 0.24333 0.01500 -0.04798
v 0.24478 0.01028 -0.04773
v 0.24324 0.00560 -0.04809
v 0.23929 0.00274 -0.04893
v 0.23748 0.00263 -0.03733
v 0.23256 0.00268 -0.03783
v 0.22861 0.00563 -0.03821
v 0.22714 0.01035 -0.03831
v 0.22871 0.01504 -0.03810
v 0.23271 0.01790 -0.03765
v 0.23763 0.01784 -0.03714
v 0.24158 0.01489 -0.03677
v 0.24305 0.01017 -0.03667
v 0.24149 0.00549 -0.03688
v 0.23748 0.00263 -0.03733
v 0.23700 0.00247 -0.02571
v 0.23206 0.00252 -0.02556
v 0.22809 0.00546 -0.02539
v 0.22661 0.01018 -0.02527
v 0.22819 0.01487 -0.02524
v 0.23221 0.01773 -0.02532
v 0.23716 0.01769 -0.02547
v 0.24113 0.01474 -0.02564
v 0.24261 0.01003 -0.02576
v 0.24103 0.00534 -0.02579
v 0.23700 0.00247 -0.02571
v 0.23838 0.00224 -0.01429
v 0.23353 0.00227 -0.01329
v 0.22965 0.00521 -0.01243
v 0.22820 0.00992 -0.01203
v 0.22974 0.01461 -0.01225
v 0.23369 0.01749 -0.01300
v 0.23853 0.01746 -0.01400
v 0.24242 0.01453 -0.01487
v 0.24387 0.00982 -0.01527
v 0.24232 0.00512 -0.01505
v 0.23838 0.00224 -0.01429
v 0.24146 0.00201 -0.00298
v 0.23677 0.00203 -0.00142
v 0.23300 0.00495 -0.00011
v 0.23160 0.00965 0.00045
v 0.23309 0.01435 0.00005
v 0.23692 0.01724 -0.00115
v 0.24161 0.01722 -0.00271
v 0.24538 0.01430 -0.00402
v 0.24678 0.00959 -0.00459
v 0.24528 0.00490 -0.00419
v 0.24146 0.00201 -0.00298
v 0.24565 0.00178 0.00804
v 0.24110 0.00179 0.00998
v 0.23745 0.00470 0.01159
v 0.23609 0.00941 0.01227
v 0.23754 0.01411 0.01175
v 0.24125 0.01700 0.01023
v 0.24579 0.01699 0.00829
v 0.24945 0.01408 0.00668
v 0.25081 0.00937 0.00600
v 0.24936 0.00467 0.00652
v 0.24565 0.00178 0.00804
v 0.25065 0.00156 0.01879
v 0.24623 0.00157 0.02101
v 0.24269 0.00448 0.02285
v 0.24136 0.00918 0.02361
v 0.24277 0.01388 0.02300
v 0.24637 0.01678 0.02125
v 0.25079 0.01677 0.01902
v 0.25433 0.01386 0.01718
v 0.25566 0.00916 0.01642
v 0.25425 0.00446 0.01704
v 0.25065 0.00156 0.01879
v 0.25627 0.00135 0.02924
v 0.25198 0.00136 0.03170
v 0.24854 0.00426 0.03373
v 0.24725 0.00896 0.03456
v 0.24862 0.01367 0.03387
v 0.25211 0.01657 0.03192
v 0.25640 0.01657 0.02946
v 0.25985 0.01366 0.02743
v 0.26114 0.00896 0.02661
v 0.25977 0.00426 0.02730
v 0.25627 0.00135 0.02924
v 0.26243 0.00116 0.03941
v 0.25826 0.00116 0.04207
v 0.25491 0.00406 0.04426
v 0.25366 0.00876 0.04515
v 0.25499 0.01346 0.04439
v 0.25838 0.01637 0.04227
v 0.26255 0.01638 0.03961
v 0.26590 0.01347 0.03742
v 0.26715 0.00877 0.03654
v 0.26582 0.00407 0.03729
v 0.26243 0.00116 0.03941
v 0.26906 0.00098 0.04928
v 0.26502 0.00098 0.05213
v 0.26177 0.00388 0.05447
v 0.26056 0.00858 0.05541
v 0.26184 0.01328 0.05459
v 0.26513 0.01619 0.05232
v 0.26917 0.01620 0.04947
v 0.27242 0.01330 0.04713
v 0.27363 0.00860 0.04619
v 0.27235 0.00389 0.04701
v 0.26906 0.00098 0.04928
v 0.27614 0.00082 0.05884
v 0.27224 0.00081 0.06187
v 0.26910 0.00371 0.06436
v 0.26792 0.00841 0.06535
v 0.26916 0.01311 0.06447
v 0.27233 0.01602 0.06205
v 0.27624 0.01603 0.05901
v 0.27938 0.01314 0.05652
v 0.28055 0.00844 0.05553
v 0.27932 0.00373 0.05642
v 0.27614 0.00082 0.05884
v 0.28366 0.00067 0.06805
v 0.27991 0.00066 0.07127
v 0.27689 0.00356 0.07390
v 0.27576 0.00826 0.07495
v 0.27694 0.01296 0.07400
v 0.27999 0.01588 0.07142
v 0.28374 0.01589 0.06820
v 0.28676 0.01299 0.06556
v 0.28790 0.00830 0.06452
v 0.28671 0.00359 0.06547
v 0.28366 0.00067 0.06805
v 0.29164 0.00055 0.07684
v 0.28807 0.00054 0.08027
v 0.28519 0.00343 0.08306
v 0.28411 0.00813 0.08416
v 0.28523 0.01284 0.08314
v 0.28813 0.01575 0.08040
v 0.29170 0.01577 0.07698
v 0.29458 0.01288 0.07418
v 0.29566 0.00818 0.07308
v 0.29454 0.00347 0.07410
v 0.29164 0.00055 0.07684
v 0.30010 0.00046 0.08513
v 0.29676 0.00044 0.08878
v 0.29407 0.00334 0.09175
v 0.29305 0.00803 0.09291
v 0.29409 0.01274 0.09181
v 0.29680 0.01566 0.08888
v 0.30014 0.01568 0.08524
v 0.30283 0.01279 0.08227
v 0.30385 0.00809 0.08111
v 0.30281 0.00338 0.08220
v 0.30010 0.00046 0.08513
v 0.30914 0.00041 0.09277
v 0.30612 0.00039 0.09668
v 0.30367 0.00328 0.09986
v 0.30273 0.00797 0.10109
v 0.30367 0.01268 0.09990
v 0.30611 0.01560 0.09675
v 0.30913 0.01562 0.09284
v 0.31158 0.01273 0.08966
v 0.31252 0.00804 0.08843
v 0.31158 0.00333 0.08961
v 0.30914 0.00041 0.09277
v 0.31878 0.00041 0.09939
v 0.31627 0.00039 0.10365
v 0.31422 0.00328 0.10710
v 0.31343 0.00798 0.10843
v 0.31418 0.01268 0.10712
v 0.31620 0.01561 0.10368
v 0.31871 0.01562 0.09942
v 0.32076 0.01273 0.09597
v 0.32155 0.00804 0.09465
v 0.32080 0.00333 0.09595
v 0.31878 0.00041 0.09939
v 0.32925 0.00048 0.10450
v 0.32742 0.00046 0.10909
v 0.32591 0.00336 0.11281
v 0.32530 0.00805 0.11422
v 0.32582 0.01276 0.11280
v 0.32728 0.01568 0.10908
v 0.32911 0.01569 0.10449
v 0.33062 0.01280 0.10078
v 0.33123 0.00810 0.09936
v 0.33070 0.00340 0.10078
v 0.32925 0.00048 0.10450
v 0.34039 0.00061 0.10814
v 0.33913 0.00060 0.11292
v 0.33807 0.00350 0.11678
v 0.33762 0.00820 0.11825
v 0.33795 0.01290 0.11677
v 0.33893 0.01581 0.11289
v 0.34019 0.01582 0.10811
v 0.34124 0.01292 0.10425
v 0.34170 0.00822 0.10278
v 0.34137 0.00352 0.10426
v 0.34039 0.00061 0.10814
v 0.35192 0.00078 0.11059
v 0.35110 0.00078 0.11547
v 0.35038 0.00369 0.11941
v 0.35005 0.00839 0.12090
v 0.35023 0.01309 0.11938
v 0.35085 0.01600 0.11543
v 0.35167 0.01600 0.11056
v 0.35239 0.01309 0.10662
v 0.35272 0.00839 0.10512
v 0.35254 0.00369 0.10664
v 0.35192 0.00078 0.11059
v 0.36367 0.00099 0.11217
v 0.36315 0.00099 0.11709
v 0.36268 0.00390 0.12106
v 0.36243 0.00861 0.12257
v 0.36251 0.01331 0.12104
v 0.36287 0.01621 0.11705
v 0.36339 0.01620 0.11213
v 0.36386 0.01330 0.10816
v 0.36410 0.00859 0.10665
v 0.36403 0.00389 0.10819
v 0.36367 0.00099 0.11217
v 0.37553 0.00122 0.11316
v 0.37521 0.00123 0.11810
v 0.37489 0.00414 0.12208
v 0.37470 0.00884 0.12359
v 0.37471 0.01354 0.12205
v 0.37491 0.01644 0.11805
v 0.37523 0.01643 0.11312
v 0.37555 0.01352 0.10914
v 0.37574 0.00882 0.10762
v 0.37574 0.00412 0.10916
v 0.37553 0.00122 0.11316
v 0.38747 0.00146 0.11381
v 0.38724 0.00147 0.11875
v 0.38700 0.00438 0.12274
v 0.38683 0.00909 0.12425
v 0.38680 0.01378 0.12271
v 0.38693 0.01668 0.11871
v 0.38716 0.01667 0.11377
v 0.38741 0.01376 0.10978
v 0.38757 0.00906 0.10827
v 0.38760 0.00436 0.10981
v 0.38747 0.00146 0.11381
v 0.39945 0.00171 0.11435
v 0.39922 0.00171 0.11928
v 0.39898 0.00463 0.12327
v 0.39881 0.00933 0.12478
v 0.39879 0.01403 0.12325
v 0.39891 0.01693 0.11924
v 0.39914 0.01692 0.11430
v 0.39939 0.01401 0.11031
v 0.39955 0.00930 0.10880
v 0.39958 0.00460 0.11034
v 0.39945 0.00171 0.11435
v 0.41147 0.00195 0.11499
v 0.41115 0.00196 0.11993
v 0.41084 0.00487 0.12391
v 0.41064 0.00957 0.12542
v 0.41065 0.01427 0.12388
v 0.41085 0.01717 0.11988
v 0.41117 0.01716 0.11495
v 0.41149 0.01425 0.11097
v 0.41168 0.00955 0.10945
v 0.41167 0.00485 0.11099
v 0.41147 0.00195 0.11499
v 0.42351 0.00218 0.11598
v 0.42300 0.00218 0.12090
v 0.42253 0.00509 0.12487
v 0.42229 0.00980 0.12638
v 0.42236 0.01450 0.12485
v 0.42272 0.01740 0.12086
v 0.42323 0.01739 0.11594
v 0.42369 0.01449 0.11197
v 0.42394 0.00978 0.11046
v 0.42387 0.00508 0.11200
v 0.42351 0.00218 0.11598
v 0.43553 0.00239 0.11758
v 0.43472 0.00239 0.12246
v 0.43401 0.00530 0.12640
v 0.43369 0.01000 0.12789
v 0.43386 0.01470 0.12637
v 0.43447 0.01761 0.12242
v 0.43528 0.01761 0.11754
v 0.43599 0.01470 0.11360
v 0.43631 0.01000 0.11211
v 0.43614 0.00530 0.11363
v 0.43553 0.00239 0.11758
vt 0.00000 1.00000
vt 0.00000 0.90000
vt 0.00000 0.80000
vt 0.00000 0.70000
vt 0.00000 0.60000
vt 0.00000 0.50000
vt 0.00000 0.40000
vt 0.00000 0.30000
vt 0.00000 0.20000
vt 0.00000 0.10000
vt 0.00000 0.00000
vt 0.01562 1.00000
vt 0.01562 0.90000
vt 0.01562 0.80000
vt 0.01562 0.70000
vt 0.01562 0.60000
vt 0.01562 0.50000
vt 0.01562 0.40000
vt 0.01562 0.30000
vt 0.01562 0.20000
vt 0.01562 0.10000
vt 0.01562 0.00000
vt 0.03125 1.00000
vt 0.03125 0.90000
vt 0.03125 0.80000
vt 0.03125 0.70000
vt 0.03125 0.60000
vt 0.03125 0.50000
vt 0.03125 0.40000
vt 0.03125 0.30000
vt 0.03125 0.20000
vt 0.03125 0.10000
vt 0.03125 0.00000
vt 0.04688 1.00000
vt 0.04688 0.90000
vt 0.04688 0.80000
vt 0.04688 0.70000
vt 0.04688 0.60000
vt 0.04688 0.50000
vt 0.04688 0.40000
vt 0.04688 0.30000
vt 0.04688 0.20000
vt 0.04688 0.10000
vt 0.04688 0.00000
vt 0.06250 1.00000
vt 0.06250 0.90000
vt 0.06250 0.80000
vt 0.06250 0.70000
vt 0.06250 0.60000
vt 0.06250 0.50000
vt 0.06250 0.40000
vt 0.06250 0.30000
vt 0.06250 0.20000
vt 0.06250 0.10000
vt 0.06250 0.00000
vt 0.07812 1.00000
vt 0.07812 0.90000
vt 0.07812 0.80000
vt 0.07812 0.70000
vt 0.07812 0.60000
vt 0.07812 0.50000
vt 0.07812 0.40000
vt 0.07812 0.30000
vt 0.07812 0.20000
vt 0.07812 0.10000
vt 0.07812 0.00000
vt 0.09375 1.00000
vt 0.09375 0.90000
vt 0.09375 0.80000
vt 0.09375 0.70000
vt 0.09375 0.60000
vt 0.09375 0.50000
vt 0.09375 0.40000
vt 0.09375 0.30000
vt 0.09375 0.20000
vt 0.09375 0.10000
vt 0.09375 0.00000
vt 0.10938 1.00000
vt 0.10938 0.90000
vt 0.10938 0.80000
vt 0.10938 0.70000
vt 0.10938 0.60000
vt 0.10938 0.50000
vt 0.10938 0.40000
vt 0.10938 0.30000
vt 0.10938 0.20000
vt 0.10938 0.10000
vt 0.10938 0.00000
vt 0.12500 1.00000
vt 0.12500 0.90000
vt 0.12500 0.80000
vt 0.12500 0.70000
vt 0.12500 0.60000
vt 0.12500 0.50000
vt 0.12500 0.40000
vt 0.12500 0.30000
vt 0.12500 0.20000
vt 0.12500 0.10000
vt 0.12500 0.00000
vt 0.14062 1.00000
vt 0.14062 0.90000
vt 0.14062 0.80000
vt 0.14062 0.70000
vt 0.14062 0.60000
vt 0.14062 0.50000
vt 0.14062 0.40000
vt 0.14062 0.30000
vt 0.14062 0.20000
vt 0.14062 0.10000
vt 0.14062 0.00000
vt 0.15625 1.00000
vt 0.15625 0.90000
vt 0.15625 0.80000
vt 0.15625 0.70000
vt 0.15625 0.60000
vt 0.15625 0.50000
vt 0.15625 0.40000
vt 0.15625 0.30000
vt 0.15625 0.20000
vt 0.15625 0.10000
vt 0.15625 0.00000
vt 0.17188 1.00000
vt 0.17188 0.90000
vt 0.17188 0.80000
vt 0.17188 0.70000
vt 0.17188 0.60000
vt 0.17188 0.50000
vt 0.17188 0.40000
vt 0.17188 0.30000
vt 0.17188 0.20000
vt 0.17188 0.10000
vt 0.17188 0.00000
vt 0.18750 1.00000
vt 0.18750 0.90000
vt 0.18750 0.80000
vt 0.18750 0.70000
vt 0.18750 0.60000
vt 0.18750 0.50000
vt 0.18750 0.40000
vt 0.18750 0.30000
vt 0.18750 0.20000
vt 0.18750 0.10000
vt 0.18750 0.00000
vt 0.20312 1.00000
vt 0.20312 0.90000
vt 0.20312 0.80000
vt 0.20312 0.70000
vt 0.20312 0.60000
vt 0.20312 0.50000
vt 0.20312 0.40000
vt 0.20312 0.30000
vt 0.20312 0.20000
vt 0.20312 0.10000
vt 0.20312 0.00000
vt 0.21875 1.00000
vt 0.21875 0.90000
vt 0.21875 0.80000
vt 0.21875 0.70000
vt 0.21875 0.60000
vt 0.21875 0.50000
vt 0.21875 0.40000
vt 0.21875 0.30000
vt 0.21875 0.20000
vt 0.21875 0.10000
vt 0.21875 0.00000
vt 0.23438 1.00000
vt 0.23438 0.90000
vt 0.23438 0.80000
vt 0.23438 0.70000
vt 0.23438 0.60000
vt 0.23438 0.50000
vt 0.23438 0.40000
vt 0.23438 0.30000
vt 0.23438 0.20000
vt 0.23438 0.10000
vt 0.23438 0.00000
vt 0.25000 1.00000
vt 0.25000 0.90000
vt 0.25000 0.80000
vt 0.25000 0.70000
vt 0.25000 0.60000
vt 0.25000 0.50000
vt 0.25000 0.40000
vt 0.25000 0.30000
vt 0.25000 0.20000
vt 0.25000 0.10000
vt 0.25000 0.00000
vt 0.26562 1.00000
vt 0.26562 0.90000
vt 0.26562 0.80000
vt 0.26562 0.70000
vt 0.26562 0.60000
vt 0.26562 0.50000
vt 0.26562 0.40000
vt 0.26562 0.30000
vt 0.26562 0.20000
vt 0.26562 0.10000
vt 0.26562 0.00000
vt 0.28125 1.00000
vt 0.28125 0.90000
vt 0.28125 0.80000
vt 0.28125 0.70000
vt 0.28125 0.60000
vt 0.28125 0.50000
vt 0.28125 0.40000
vt 0.28125 0.30000
vt 0.28125 0.20000
vt 0.28125 0.10000
vt 0.28125 0.00000
vt 0.29688 1.00000
vt 0.29688 0.90000
vt 0.29688 0.80000
vt 0.29688 0.70000
vt 0.29688 0.60000
vt 0.29688 0.50000
vt 0.29688 0.40000
vt 0.29688 0.30000
vt 0.29688 0.20000
vt 0.29688 0.10000
vt 0.29688 0.00000
vt 0.31250 1.00000
vt 0.31250 0.90000
vt 0.31250 0.80000
vt 0.31250 0.70000
vt 0.31250 0.60000
vt 0.31250 0.50000
vt 0.31250 0.40000
vt 0.31250 0.30000
vt 0.31250 0.20000
vt 0.31250 0.10000
vt 0.31250 0.00000
vt 0.32812 1.00000
vt 0.32812 0.90000
vt 0.32812 0.80000
vt 0.32812 0.70000
vt 0.32812 0.60000
vt 0.32812 0.50000
vt 0.32812 0.40000
vt 0.32812 0.30000
vt 0.32812 0.20000
vt 0.32812 0.10000
vt 0.32812 0.00000
vt 0.34375 1.00000
vt 0.34375 0.90000
vt 0.34375 0.80000
vt 0.34375 0.70000
vt 0.34375 0.60000
vt 0.34375 0.50000
vt 0.34375 0.40000
vt 0.34375 0.30000
vt 0.34375 0.20000
vt 0.34375 0.10000
vt 0.34375 0.00000
vt 0.35938 1.00000
vt 0.35938 0.90000
vt 0.35938 0.80000
vt 0.35938 0.70000
vt 0.35938 0.60000
vt 0.35938 0.50000
vt 0.35938 0.40000
vt 0.35938 0.30000
vt 0.35938 0.20000
vt 0.35938 0.10000
vt 0.35938 0.00000
vt 0.37500 1.00000
vt 0.37500 0.90000
vt 0.37500 0.80000
vt 0.37500 0.70000
vt 0.37500 0.60000
vt 0.37500 0.50000
vt 0.37500 0.40000
vt 0.37500 0.30000
vt 0.37500 0.20000
vt 0.37500 0.10000
vt 0.37500 0.00000
vt 0.39062 1.00000
vt 0.39062 0.90000
vt 0.39062 0.80000
vt 0.39062 0.70000
vt 0.39062 0.60000
vt 0.39062 0.50000
vt 0.39062 0.40000
vt 0.39062 0.30000
vt 0.39062 0.20000
vt 0.39062 0.10000
vt 0.39062 0.00000
vt 0.40625 1.00000
vt 0.40625 0.90000
vt 0.40625 0.80000
vt 0.40625 0.70000
vt 0.40625 0.60000
vt 0.40625 0.50000
vt 0.40625 0.40000
vt 0.40625 0.30000
vt 0.40625 0.20000
vt 0.40625 0.10000
vt 0.40625 0.00000
vt 0.42188 1.00000
vt 0.42188 0.90000
vt 0.42188 0.80000
vt 0.42188 0.70000
vt 0.42188 0.60000
vt 0.42188 0.50000
vt 0.42188 0.40000
vt 0.42188 0.30000
vt 0.42188 0.20000
vt 0.42188 0.10000
vt 0.42188 0.00000
vt 0.43750 1.00000
vt 0.43750 0.90000
vt 0.43750 0.80000
vt 0.43750 0.70000
vt 0.43750 0.60000
vt 0.43750 0.50000
vt 0.43750 0.40000
vt 0.43750 0.30000
vt 0.43750 0.20000
vt 0.43750 0.10000
vt 0.43750 0.00000
vt 0.45312 1.00000
vt 0.45312 0.90000
vt 0.45312 0.80000
vt 0.45312 0.70000
vt 0.45312 0.60000
vt 0.45312 0.50000
vt 0.45312 0.40000
vt 0.45312 0.30000
vt 0.45312 0.20000
vt 0.45312 0.10000
vt 0.45312 0.00000
vt 0.46875 1.00000
vt 0.46875 0.90000
vt 0.46875 0.80000
vt 0.46875 0.70000
vt 0.46875 0.60000
vt 0.46875 0.50000
vt 0.46875 0.40000
vt 0.46875 0.30000
vt 0.46875 0.20000
vt 0.46875 0.10000
vt 0.46875 0.00000
vt 0.48438 1.00000
vt 0.48438 0.90000
vt 0.48438 0.80000
vt 0.48438 0.70000
vt 0.48438 0.60000
vt 0.48438 0.50000
vt 0.48438 0.40000
vt 0.48438 0.30000
vt 0.48438 0.20000
vt 0.48438 0.10000
vt 0.48438 0.00000
vt 0.50000 1.00000
vt 0.50000 0.90000
vt 0.50000 0.80000
vt 0.50000 0.70000
vt 0.50000 0.60000
vt 0.50000 0.50000
vt 0.50000 0.40000
vt 0.50000 0.30000
vt 0.50000 0.20000
vt 0.50000 0.10000
vt 0.50000 0.00000
vt 0.51562 1.00000
vt 0.51562 0.90000
vt 0.51562 0.80000
vt 0.51562 0.70000
vt 0.51562 0.60000
vt 0.51562 0.50000
vt 0.51562 0.40000
vt 0.51562 0.30000
vt 0.51562 0.20000
vt 0.51562 0.10000
vt 0.51562 0.00000
vt 0.53125 1.00000
vt 0.53125 0.90000
vt 0.53125 0.80000
vt 0.53125 0.70000
vt 0.53125 0.60000
vt 0.53125 0.50000
vt 0.53125 0.40000
vt 0.53125 0.30000
vt 0.53125 0.20000
vt 0.53125 0.10000
vt 0.53125 0.00000
vt 0.54688 1.00000
vt 0.54688 0.90000
vt 0.54688 0.80000
vt 0.54688 0.70000
vt 0.54688 0.60000
vt 0.54688 0.50000
vt 0.54688 0.40000
vt 0.54688 0.30000
vt 0.54688 0.20000
vt 0.54688 0.10000
vt 0.54688 0.00000
vt 0.56250 1.00000
vt 0.56250 0.90000
vt 0.56250 0.80000
vt 0.56250 0.70000
vt 0.56250 0.60000
vt 0.56250 0.50000
vt 0.56250 0.40000
vt 0.56250 0.30000
vt 0.56250 0.20000
vt 0.56250 0.10000
vt 0.56250 0.00000
vt 0.57812 1.00000
vt 0.57812 0.90000
vt 0.57812 0.80000
vt 0.57812 0.70000
vt 0.57812 0.60000
vt 0.57812 0.50000
vt 0.57812 0.40000
vt 0.57812 0.30000
vt 0.57812 0.20000
vt 0.57812 0.10000
vt 0.57812 0.00000
vt 0.59375 1.00000
vt 0.59375 0.90000
vt 0.59375 0.80000
vt 0.59375 0.70000
vt 0.59375 0.60000
vt 0.59375 0.50000
vt 0.59375 0.40000
vt 0.59375 0.30000
vt 0.59375 0.20000
vt 0.59375 0.10000
vt 0.59375 0.00000
vt 0.60938 1.00000
vt 0.60938 0.90000
vt 0.60938 0.80000
vt 0.60938 0.70000
vt 0.60938 0.60000
vt 0.60938 0.50000
vt 0.60938 0.40000
vt 0.60938 0.30000
vt 0.60938 0.20000
vt 0.60938 0.10000
vt 0.60938 0.00000
vt 0.62500 1.00000
vt 0.62500 0.90000
vt 0.62500 0.80000
vt 0.62500 0.70000
vt 0.62500 0.60000
vt 0.62500 0.50000
vt 0.62500 0.40000
vt 0.62500 0.30000
vt 0.62500 0.20000
vt 0.62500 0.10000
vt 0.62500 0.00000
vt 0.64062 1.00000
vt 0.64062 0.90000
vt 0.64062 0.80000
vt 0.64062 0.70000
vt 0.64062 0.60000
vt 0.64062 0.50000
vt 0.64062 0.40000
vt 0.64062 0.30000
vt 0.64062 0.20000
vt 0.64062 0.10000
vt 0.64062 0.00000
vt 0.65625 1.00000
vt 0.65625 0.90000
vt 0.65625 0.80000
vt 0.65625 0.70000
vt 0.65625 0.60000
vt 0.65625 0.50000
vt 0.65625 0.40000
vt 0.65625 0.30000
vt 0.65625 0.20000
vt 0.65625 0.10000
vt 0.65625 0.00000
vt 0.67188 1.00000
vt 0.67188 0.90000
vt 0.67188 0.80000
vt 0.67188 0.70000
vt 0.67188 0.60000
vt 0.67188 0.50000
vt 0.67188 0.40000
vt 0.67188 0.30000
vt 0.67188 0.20000
vt 0.67188 0.10000
vt 0.67188 0.00000
vt 0.68750 1.00000
vt 0.68750 0.90000
vt 0.68750 0.80000
vt 0.68750 0.70000
vt 0.68750 0.60000
vt 0.68750 0.50000
vt 0.68750 0.40000
vt 0.68750 0.30000
vt 0.68750 0.20000
vt 0.68750 0.10000
vt 0.68750 0.00000
vt 0.70312 1.00000
vt 0.70312 0.90000
vt 0.70312 0.80000
vt 0.70312 0.70000
vt 0.70312 0.60000
vt 0.70312 0.50000
vt 0.70312 0.40000
vt 0.70312 0.30000
vt 0.70312 0.20000
vt 0.70312 0.10000
vt 0.70312 0.00000
vt 0.71875 1.00000
vt 0.71875 0.90000
vt 0.71875 0.80000
vt 0.71875 0.70000
vt 0.71875 0.60000
vt 0.71875 0.50000
vt 0.71875 0.40000
vt 0.71875 0.30000
vt 0.71875 0.20000
vt 0.71875 0.10000
vt 0.71875 0.00000
vt 0.73438 1.00000
vt 0.73438 0.90000
vt 0.73438 0.80000
vt 0.73438 0.70000
vt 0.73438 0.60000
vt 0.73438 0.50000
vt 0.73438 0.40000
vt 0.73438 0.30000
vt 0.73438 0.20000
vt 0.73438 0.10000
vt 0.73438 0.00000
vt 0.75000 1.00000
vt 0.75000 0.90000
vt 0.75000 0.80000
vt 0.75000 0.70000
vt 0.75000 0.60000
vt 0.75000 0.50000
vt 0.75000 0.40000
vt 0.75000 0.30000
vt 0.75000 0.20000
vt 0.75000 0.10000
vt 0.75000 0.00000
vt 0.76562 1.00000
vt 0.76562 0.90000
vt 0.76562 0.80000
vt 0.76562 0.70000
vt 0.76562 0.60000
vt 0.76562 0.50000
vt 0.76562 0.40000
vt 0.76562 0.30000
vt 0.76562 0.20000
vt 0.76562 0.10000
vt 0.76562 0.00000
vt 0.78125 1.00000
vt 0.78125 0.90000
vt 0.78125 0.80000
vt 0.78125 0.70000
vt 0.78125 0.60000
vt 0.78125 0.50000
vt 0.78125 0.40000
vt 0.78125 0.30000
vt 0.78125 0.20000
vt 0.78125 0.10000
vt 0.78125 0.00000
vt 0.79688 1.00000
vt 0.79688 0.90000
vt 0.79688 0.80000
vt 0.79688 0.70000
vt 0.79688 0.60000
vt 0.79688 0.50000
vt 0.79688 0.40000
vt 0.79688 0.30000
vt 0.79688 0.20000
vt 0.79688 0.10000
vt 0.79688 0.00000
vt 0.81250 1.00000
vt 0.81250 0.90000
vt 0.81250 0.80000
vt 0.81250 0.70000
vt 0.81250 0.60000
vt 0.81250 0.50000
vt 0.81250 0.40000
vt 0.81250 0.30000
vt 0.81250 0.20000
vt 0.81250 0.10000
vt 0.81250 0.00000
vt 0.82812 1.00000
vt 0.82812 0.90000
vt 0.82812 0.80000
vt 0.82812 0.70000
vt 0.82812 0.60000
vt 0.82812 0.50000
vt 0.82812 0.40000
vt 0.82812 0.30000
vt 0.82812 0.20000
vt 0.82812 0.10000
vt 0.82812 0.00000
vt 0.84375 1.00000
vt 0.84375 0.90000
vt 0.84375 0.80000
vt 0.84375 0.70000
vt 0.84375 0.60000
vt 0.84375 0.50000
vt 0.84375 0.40000
vt 0.84375 0.30000
vt 0.84375 0.20000
vt 0.84375 0.10000
vt 0.84375 0.00000
vt 0.85938 1.00000
vt 0.85938 0.90000
vt 0.85938 0.80000
vt 0.85938 0.70000
vt 0.85938 0.60000
vt 0.85938 0.50000
vt 0.85938 0.40000
vt 0.85938 0.30000
vt 0.85938 0.20000
vt 0.85938 0.10000
vt 0.85938 0.00000
vt 0.87500 1.00000
vt 0.87500 0.90000
vt 0.87500 0.80000
vt 0.87500 0.70000
vt 0.87500 0.60000
vt 0.87500 0.50000
vt 0.87500 0.40000
vt 0.87500 0.30000
vt 0.87500 0.20000
vt 0.87500 0.10000
vt 0.87500 0.00000
vt 0.89062 1.00000
vt 0.89062 0.90000
vt 0.89062 0.80000
vt 0.89062 0.70000
vt 0.89062 0.60000
vt 0.89062 0.50000
vt 0.89062 0.40000
vt 0.89062 0.30000
vt 0.89062 0.20000
vt 0.89062 0.10000
vt 0.89062 0.00000
vt 0.90625 1.00000
vt 0.90625 0.90000
vt 0.90625 0.80000
vt 0.90625 0.70000
vt 0.90625 0.60000
vt 0.90625 0.50000
vt 0.90625 0.40000
vt 0.90625 0.30000
vt 0.90625 0.20000
vt 0.90625 0.10000
vt 0.90625 0.00000
vt 0.92188 1.00000
vt 0.92188 0.90000
vt 0.92188 0.80000
vt 0.92188 0.70000
vt 0.92188 0.60000
vt 0.92188 0.50000
vt 0.92188 0.40000
vt 0.92188 0.30000
vt 0.92188 0.20000
vt 0.92188 0.10000
vt 0.92188 0.00000
vt 0.93750 1.00000
vt 0.93750 0.90000
vt 0.93750 0.80000
vt 0.93750 0.70000
vt 0.93750 0.60000
vt 0.93750 0.50000
vt 0.93750 0.40000
vt 0.93750 0.30000
vt 0.93750 0.20000
vt 0.93750 0.10000
vt 0.93750 0.00000
vt 0.95312 1.00000
vt 0.95312 0.90000
vt 0.95312 0.80000
vt 0.95312 0.70000
vt 0.95312 0.60000
vt 0.95312 0.50000
vt 0.95312 0.40000
vt 0.95312 0.30000
vt 0.95312 0.20000
vt 0.95312 0.10000
vt 0.95312 0.00000
vt 0.96875 1.00000
vt 0.96875 0.90000
vt 0.96875 0.80000
vt 0.96875 0.70000
vt 0.96875 0.60000
vt 0.96875 0.50000
vt 0.96875 0.40000
vt 0.96875 0.30000
vt 0.96875 0.20000
vt 0.96875 0.10000
vt 0.96875 0.00000
vt 0.98438 1.00000
vt 0.98438 0.90000
vt 0.98438 0.80000
vt 0.98438 0.70000
vt 0.98438 0.60000
vt 0.98438 0.50000
vt 0.98438 0.40000
vt 0.98438 0.30000
vt 0.98438 0.20000
vt 0.98438 0.10000
vt 0.98438 0.00000
vt 1.00000 1.00000
vt 1.00000 0.90000
vt 1.00000 0.80000
vt 1.00000 0.70000
vt 1.00000 0.60000
vt 1.00000 0.50000
vt 1.00000 0.40000
vt 1.00000 0.30000
vt 1.00000 0.20000
vt 1.00000 0.10000
vt 1.00000 0.00000
f 1498/1498 1509/1509 1499/1499
f 1509/1509 1510/1510 1499/1499
f 1499/1499 1510/1510 1500/1500
f 1510/1510 1511/1511 1500/1500
f 1500/1500 1511/1511 1501/1501
f 1511/1511 1512/1512 1501/1501
f 1501/1501 1512/1512 1502/1502
f 1512/1512 1513/1513 1502/1502
f 1502/1502 1513/1513 1503/1503
f 1513/1513 1514/1514 1503/1503
f 1503/1503 1514/1514 1504/1504
f 1514/1514 1515/1515 1504/1504
f 1504/1504 1515/1515 1505/1505
f 1515/1515 1516/1516 1505/1505
f 1505/1505 1516/1516 1506/1506
f 1516/1516 1517/1517 1506/1506
f 1506/1506 1517/1517 1507/1507
f 1517/1517 1518/1518 1507/1507
f 1507/1507 1518/1518 1508/1508
f 1518/1518 1519/1519 1508/1508
f 1509/1509 1520/1520 1510/1510
f 1520/1520 1521/1521 1510/1510
f 1510/1510 1521/1521 1511/1511
f 1521/1521 1522/1522 1511/1511
f 1511/1511 1522/1522 1512/1512
f 1522/1522 1523/1523 1512/1512
f 1512/1512 1523/1523 1513/1513
f 1523/1523 1524/1524 1513/1513
f 1513/1513 1524/1524 1514/1514
f 1524/1524 1525/1525 1514/1514
f 1514/1514 1525/1525 1515/1515
f 1525/1525 1526/1526 1515/1515
f 1515/1515 1526/1526 1516/1516
f 1526/1526 1527/1527 1516/1516
f 1516/1516 1527/1527 1517/1517
f 1527/1527 1528/1528 1517/1517
f 1517/1517 1528/1528 1518/1518
f 1528/1528 1529/1529 1518/1518
f 1518/1518 1529/1529 1519/1519
f 1529/1529 1530/1530 1519/1519
f 1520/1520 1531/1531 1521/1521
f 1531/1531 1532/1532 1521/1521
f 1521/1521 1532/1532 1522/1522
f 1532/1532 1533/1533 1522/1522
f 1522/1522 1533/1533 1523/1523
f 1533/1533 1534/1534 1523/1523
f 1523/1523 1534/1534 1524/1524
f 1534/1534 1535/1535 1524/1524
f 1524/1524 1535/1535 1525/1525
f 1535/1535 1536/1536 1525/1525
f 1525/1525 1536/1536 1526/1526
f 1536/1536 1537/1537 1526/1526
f 1526/1526 1537/1537 1527/1527
f 1537/1537 1538/1538 1527/1527
f 1527/1527 1538/1538 1528/1528
f 1538/1538 1539/1539 1528/1528
f 1528/1528 1539/1539 1529/1529
f 1539/1539 1540/1540 1529/1529
f 1529/1529 1540/1540 1530/1530
f 1540/1540 1541/1541 1530/1530
f 1531/1531 1542/1542 1532/1532
f 1542/1542 1543/1543 1532/1532
f 1532/1532 1543/1543 1533/1533
f 1543/1543 1544/1544 1533/1533
f 1533/1533 1544/1544 1534/1534
f 1544/1544 1545/1545 1534/1534
f 1534/1534 1545/1545 1535/1535
f 1545/1545 1546/1546 1535/1535
f 1535/1535 1546/1546 1536/1536
f 1546/1546 1547/1547 1536/1536
f 1536/1536 1547/1547 1537/1537
f 1547/1547 1548/1548 1537/1537
f 1537/1537 1548/1548 1538/1538
f 1548/1548 1549/1549 1538/1538
f 1538/1538 1549/1549 1539/1539
f 1549/1549 1550/1550 1539/1539
f 1539/1539 1550/1550 1540/1540
f 1550/1550 1551/1551 1540/1540
f 1540/1540 1551/1551 1541/1541
f 1551/1551 1552/1552 1541/1541
f 1542/1542 1553/1553 1543/1543
f 1553/1553 1554/1554 1543/1543
f 1543/1543 1554/1554 1544/1544
f 1554/1554 1555/1555 1544/1544
f 1544/1544 1555/1555 1545/1545
f 1555/1555 1556/1556 1545/1545
f 1545/1545 1556/1556 1546/1546
f 1556/1556 1557/1557 1546/1546
f 1546/1546 1557/1557 1547/1547
f 1557/1557 1558/1558 1547/1547
f 1547/1547 1558/1558 1548/1548
f 1558/1558 1559/1559 1548/1548
f 1548/1548 1559/1559 1549/1549
f 1559/1559 1560/1560 1549/1549
f 1549/1549 1560/1560 1550/1550
f 1560/1560 1561/1561 1550/1550
f 1550/1550 1561/1561 1551/1551
f 1561/1561 1562/1562 1551/1551
f 1551/1551 1562/1562 1552/1552
f 1562/1562 1563/1563 1552/1552
f 1553/1553 1564/1564 1554/1554
f 1564/1564 1565/1565 1554/1554
f 1554/1554 1565/1565 1555/1555
f 1565/1565 1566/1566 1555/1555
f 1555/1555 1566/1566 1556/1556
f 1566/1566 1567/1567 1556/1556
f 1556/1556 1567/1567 1557/1557
f 1567/1567 1568/1568 1557/1557
f 1557/1557 1568/1568 1558/1558
f 1568/1568 1569/1569 1558/1558
f 1558/1558 1569/1569 1559/1559
f 1569/1569 1570/1570 1559/1559
f 1559/1559 1570/1570 1560/1560
f 1570/1570 1571/1571 1560/1560
f 1560/1560 1571/1571 1561/1561
f 1571/1571 1572/1572 1561/1561
f 1561/1561 1572/1572 1562/1562
f 1572/1572 1573/1573 1562/1562
f 1562/1562 1573/1573 1563/1563
f 1573/1573 1574/1574 1563/1563
f 1564/1564 1575/1575 1565/1565
f 1575/1575 1576/1576 1565/1565
f 1565/1565 1576/1576 1566/1566
f 1576/1576 1577/1577 1566/1566
f 1566/1566 1577/1577 1567/1567
f 1577/1577 1578/1578 1567/1567
f 1567/1567 1578/1578 1568/1568
f 1578/1578 1579/1579 1568/1568
f 1568/1568 1579/1579 1569/1569
f 1579/1579 1580/1580 1569/1569
f 1569/1569 1580/1580 1570/1570
f 1580/1580 1581/1581 1570/1570
f 1570/1570 1581/1581 1571/1571
f 1581/1581 1582/1582 1571/1571
f 1571/1571 1582/1582 1572/1572
f 1582/1582 1583/1583 1572/1572
f 1572/1572 1583/1583 1573/1573
f 1583/1583 1584/1584 1573/1573
f 1573/1573 1584/1584 1574/1574
f 1584/1584 1585/1585 1574/1574
f 1575/1575 1586/1586 1576/1576
f 1586/1586 1587/1587 1576/1576
f 1576/1576 1587/1587 1577/1577
f 1587/1587 1588/1588 1577/1577
f 1577/1577 1588/1588 1578/1578
f 1588/1588 1589/1589 1578/1578
f 1578/1578 1589/1589 1579/1579
f 1589/1589 1590/1590 1579/1579
f 1579/1579 1590/1590 1580/1580
f 1590/1590 1591/1591 1580/1580
f 1580/1580 1591/1591 1581/1581
f 1591/1591 1592/1592 1581/1581
f 1581/1581 1592/1592 1582/1582
f 1592/1592 1593/1593 1582/1582
f 1582/1582 1593/1593 1583/1583
f 1593/1593 1594/1594 1583/1583
f 1583/1583 1594/1594 1584/1584
f 1594/1594 1595/1595 1584/1584
f 1584/1584 1595/1595 1585/1585
f 1595/1595 1596/1596 1585/1585
f 1586/1586 1597/1597 1587/1587
f 1597/1597 1598/1598 1587/1587
f 1587/1587 1598/1598 1588/1588
f 1598/1598 1599/1599 1588/1588
f 1588/1588 1599/1599 1589/1589
f 1599/1599 1600/1600 1589/1589
f 1589/1589 1600/1600 1590/1590
f 1600/1600 1601/1601 1590/1590
f 1590/1590 1601/1601 1591/1591
f 1601/1601 1602/1602 1591/1591
f 1591/1591 1602/1602 1592/1592
f 1602/1602 1603/1603 1592/1592
f 1592/1592 1603/1603 1593/1593
f 1603/1603 1604/1604 1593/1593
f 1593/1593 1604/1604 1594/1594
f 1604/1604 1605/1605 1594/1594
f 1594/1594 1605/1605 1595/1595
f 1605/1605 1606/1606 1595/1595
f 1595/1595 1606/1606 1596/1596
f 1606/1606 1607/1607 1596/1596
f 1597/1597 1608/1608 1598/1598
f 1608/1608 1609/1609 1598/1598
f 1598/1598 1609/1609 1599/1599
f 1609/1609 1610/1610 1599/1599
f 1599/1599 1610/1610 1600/1600
f 1610/1610 1611/1611 1600/1600
f 1600/1600 1611/1611 1601/1601
f 1611/1611 1612/1612 1601/1601
f 1601/1601 1612/1612 1602/1602
f 1612/1612 1613/1613 1602/1602
f 1602/1602 1613/1613 1603/1603
f 1613/1613 1614/1614 1603/1603
f 1603/1603 1614/1614 1604/1604
f 1614/1614 1615/1615 1604/1604
f 1604/1604 1615/1615 1605/1605
f 1615/1615 1616/1616 1605/1605
f 1605/1605 1616/1616 1606/1606
f 1616/1616 1617/1617 1606/1606
f 1606/1606 1617/1617 1607/1607
f 1617/1617 1618/1618 1607/1607
f 1608/1608 1619/1619 1609/1609
f 1619/1619 1620/1620 1609/1609
f 1609/1609 1620/1620 1610/1610
f 1620/1620 1621/1621 1610/1610
f 1610/1610 1621/1621 1611/1611
f 1621/1621 1622/1622 1611/1611
f 1611/1611 1622/1622 1612/1612
f 1622/1622 1623/1623 1612/1612
f 1612/1612 1623/1623 1613/1613
f 1623/1623 1624/1624 1613/1613
f 1613/1613 1624/1624 1614/1614
f 1624/1624 1625/1625 1614/1614
f 1614/1614 1625/1625 1615/1615
f 1625/1625 1626/1626 1615/1615
f 1615/1615 1626/1626 1616/1616
f 1626/1626 1627/1627 1616/1616
f 1616/1616 1627/1627 1617/1617
f 1627/1627 1628/1628 1617/1617
f 1617/1617 1628/1628 1618/1618
f 1628/1628 1629/1629 1618/1618
f 1619/1619 1630/1630 1620/1620
f 1630/1630 1631/1631 1620/1620
f 1620/1620 1631/1631 1621/1621
f 1631/1631 1632/1632 1621/1621
f 1621/1621 1632/1632 1622/1622
f 1632/1632 1633/1633 1622/1622
f 1622/1622 1633/1633 1623/1623
f 1633/1633 1634/1634 1623/1623
f 1623/1623 1634/1634 1624/1624
f 1634/1634 1635/1635 1624/1624
f 1624/1624 1635/1635 1625/1625
f 1635/1635 1636/1636 1625/1625
f 1625/1625 1636/1636 1626/1626
f 1636/1636 1637/1637 1626/1626
f 1626/1626 1637/1637 1627/1627
f 1637/1637 1638/1638 1627/1627
f 1627/1627 1638/1638 1628/1628
f 1638/1638 1639/1639 1628/1628
f 1628/1628 1639/1639 1629/1629
f 1639/1639 1640/1640 1629/1629
f 1630/1630 1641/1641 1631/1631
f 1641/1641 1642/1642 1631/1631
f 1631/1631 1642/1642 1632/1632
f 1642/1642 1643/1643 1632/1632
f 1632/1632 1643/1643 1633/1633
f 1643/1643 1644/1644 1633/1633
f 1633/1633 1644/1644 1634/1634
f 1644/1644 1645/1645 1634/1634
f 1634/1634 1645/1645 1635/1635
f 1645/1645 1646/1646 1635/1635
f 1635/1635 1646/1646 1636/1636
f 1646/1646 1647/1647 1636/1636
f 1636/1636 1647/1647 1637/1637
f 1647/1647 1648/1648 1637/1637
f 1637/1637 1648/1648 1638/1638
f 1648/1648 1649/1649 1638/1638
f 1638/1638 1649/1649 1639/1639
f 1649/1649 1650/1650 1639/1639
f 1639/1639 1650/1650 1640/1640
f 1650/1650 1651/1651 1640/1640
f 1641/1641 1652/1652 1642/1642
f 1652/1652 1653/1653 1642/1642
f 1642/1642 1653/1653 1643/1643
f 1653/1653 1654/1654 1643/1643
f 1643/1643 1654/1654 1644/1644
f 1654/1654 1655/1655 1644/1644
f 1644/1644 1655/1655 1645/1645
f 1655/1655 1656/1656 1645/1645
f 1645/1645 1656/1656 1646/1646
f 1656/1656 1657/1657 1646/1646
f 1646/1646 1657/1657 1647/1647
f 1657/1657 1658/1658 1647/1647
f 1647/1647 1658/1658 1648/1648
f 1658/1658 1659/1659 1648/1648
f 1648/1648 1659/1659 1649/1649
f 1659/1659 1660/1660 1649/1649
f 1649/1649 1660/1660 1650/1650
f 1660/1660 1661/1661 1650/1650
f 1650/1650 1661/1661 1651/1651
f 1661/1661 1662/1662 1651/1651
f 1652/1652 1663/1663 1653/1653
f 1663/1663 1664/1664 1653/1653
f 1653/1653 1664/1664 1654/1654
f 1664/1664 1665/1665 1654/1654
f 1654/1654 1665/1665 1655/1655
f 1665/1665 1666/1666 1655/1655
f 1655/1655 1666/1666 1656/1656
f 1666/1666 1667/1667 1656/1656
f 1656/1656 1667/1667 1657/1657
f 1667/1667 1668/1668 1657/1657
f 1657/1657 1668/1668 1658/1658
f 1668/1668 1669/1669 1658/1658
f 1658/1658 1669/1669 1659/1659
f 1669/1669 1670/1670 1659/1659
f 1659/1659 1670/1670 1660/1660
f 1670/1670 1671/1671 1660/1660
f 1660/1660 1671/1671 1661/1661
f 1671/1671 1672/1672 1661/1661
f 1661/1661 1672/1672 1662/1662
f 1672/1672 1673/1673 1662/1662
f 1663/1663 1674/1674 1664/1664
f 1674/1674 1675/1675 1664/1664
f 1664/1664 1675/1675 1665/1665
f 1675/1675 1676/1676 1665/1665
f 1665/1665 1676/1676 1666/1666
f 1676/1676 1677/1677 1666/1666
f 1666/1666 1677/1677 1667/1667
f 1677/1677 1678/1678 1667/1667
f 1667/1667 1678/1678 1668/1668
f 1678/1678 1679/1679 1668/1668
f 1668/1668 1679/1679 1669/1669
f 1679/1679 1680/1680 1669/1669
f 1669/1669 1680/1680 1670/1670
f 1680/1680 1681/1681 1670/1670
f 1670/1670 1681/1681 1671/1671
f 1681/1681 1682/1682 1671/1671
f 1671/1671 1682/1682 1672/1672
f 1682/1682 1683/1683 1672/1672
f 1672/1672 1683/1683 1673/1673
f 1683/1683 1684/1684 1673/1673
f 1674/1674 1685/1685 1675/1675
f 1685/1685 1686/1686 1675/1675
f 1675/1675 1686/1686 1676/1676
f 1686/1686 1687/1687 1676/1676
f 1676/1676 1687/1687 1677/1677
f 1687/1687 1688/1688 1677/1677
f 1677/1677 1688/1688 1678/1678
f 1688/1688 1689/1689 1678/1678
f 1678/1678 1689/1689 1679/1679
f 1689/1689 1690/1690 1679/1679
f 1679/1679 1690/1690 1680/1680
f 1690/1690 1691/1691 1680/1680
f 1680/1680 1691/1691 1681/1681
f 1691/1691 1692/1692 1681/1681
f 1681/1681 1692/1692 1682/1682
f 1692/1692 1693/1693 1682/1682
f 1682/1682 1693/1693 1683/1683
f 1693/1693 1694/1694 1683/1683
f 1683/1683 1694/1694 1684/1684
f 1694/1694 1695/1695 1684/1684
f 1685/1685 1696/1696 1686/1686
f 1696/1696 1697/1697 1686/1686
f 1686/1686 1697/1697 1687/1687
f 1697/1697 1698/1698 1687/1687
f 1687/1687 1698/1698 1688/1688
f 1698/1698 1699/1699 1688/1688
f 1688/1688 1699/1699 1689/1689
f 1699/1699 1700/1700 1689/1689
f 1689/1689 1700/1700 1690/1690
f 1700/1700 1701/1701 1690/1690
f 1690/1690 1701/1701 1691/1691
f 1701/1701 1702/1702 1691/1691
f 1691/1691 1702/1702 1692/1692
f 1702/1702 1703/1703 1692/1692
f 1692/1692 1703/1703 1693/1693
f 1703/1703 1704/1704 1693/1693
f 1693/1693 1704/1704 1694/1694
f 1704/1704 1705/1705 1694/1694
f 1694/1694 1705/1705 1695/1695
f 1705/1705 1706/1706 1695/1695
f 1696/1696 1707/1707 1697/1697
f 1707/1707 1708/1708 1697/1697
f 1697/1697 1708/1708 1698/1698
f 1708/1708 1709/1709 1698/1698
f 1698/1698 1709/1709 1699/1699
f 1709/1709 1710/1710 1699/1699
f 1699/1699 1710/1710 1700/1700
f 1710/1710 1711/1711 1700/1700
f 1700/1700 1711/1711 1701/1701
f 1711/1711 1712/1712 1701/1701
f 1701/1701 1712/1712 1702/1702
f 1712/1712 1713/1713 1702/1702
f 1702/1702 1713/1713 1703/1703
f 1713/1713 1714/1714 1703/1703
f 1703/1703 1714/1714 1704/1704
f 1714/1714 1715/1715 1704/1704
f 1704/1704 1715/1715 1705/1705
f 1715/1715 1716/1716 1705/1705
f 1705/1705 1716/1716 1706/1706
f 1716/1716 1717/1717 1706/1706
f 1707/1707 1718/1718 1708/1708
f 1718/1718 1719/1719 1708/1708
f 1708/1708 1719/1719 1709/1709
f 1719/1719 1720/1720 1709/1709
f 1709/1709 1720/1720 1710/1710
f 1720/1720 1721/1721 1710/1710
f 1710/1710 1721/1721 1711/1711
f 1721/1721 1722/1722 1711/1711
f 1711/1711 1722/1722 1712/1712
f 1722/1722 1723/1723 1712/1712
f 1712/1712 1723/1723 1713/1713
f 1723/1723 1724/1724 1713/1713
f 1713/1713 1724/1724 1714/1714
f 1724/1724 1725/1725 1714/1714
f 1714/1714 1725/1725 1715/1715
f 1725/1725 1726/1726 1715/1715
f 1715/1715 1726/1726 1716/1716
f 1726/1726 1727/1727 1716/1716
f 1716/1716 1727/1727 1717/1717
f 1727/1727 1728/1728 1717/1717
f 1718/1718 1729/1729 1719/1719
f 1729/1729 1730/1730 1719/1719
f 1719/1719 1730/1730 1720/1720
f 1730/1730 1731/1731 1720/1720
f 1720/1720 1731/1731 1721/1721
f 1731/1731 1732/1732 1721/1721
f 1721/1721 1732/1732 1722/1722
f 1732/1732 1733/1733 1722/1722
f 1722/1722 1733/1733 1723/1723
f 1733/1733 1734/1734 1723/1723
f 1723/1723 1734/1734 1724/1724
f 1734/1734 1735/1735 1724/1724
f 1724/1724 1735/1735 1725/1725
f 1735/1735 1736/1736 1725/1725
f 1725/1725 1736/1736 1726/1726
f 1736/1736 1737/1737 1726/1726
f 1726/1726 1737/1737 1727/1727
f 1737/1737 1738/1738 1727/1727
f 1727/1727 1738/1738 1728/1728
f 1738/1738 1739/1739 1728/1728
f 1729/1729 1740/1740 1730/1730
f 1740/1740 1741/1741 1730/1730
f 1730/1730 1741/1741 1731/1731
f 1741/1741 1742/1742 1731/1731
f 1731/1731 1742/1742 1732/1732
f 1742/1742 1743/1743 1732/1732
f 1732/1732 1743/1743 1733/1733
f 1743/1743 1744/1744 1733/1733
f 1733/1733 1744/1744 1734/1734
f 1744/1744 1745/1745 1734/1734
f 1734/1734 1745/1745 1735/1735
f 1745/1745 1746/1746 1735/1735
f 1735/1735 1746/1746 1736/1736
f 1746/1746 1747/1747 1736/1736
f 1736/1736 1747/1747 1737/1737
f 1747/1747 1748/1748 1737/1737
f 1737/1737 1748/1748 1738/1738
f 1748/1748 1749/1749 1738/1738
f 1738/1738 1749/1749 1739/1739
f 1749/1749 1750/1750 1739/1739
f 1740/1740 1751/1751 1741/1741
f 1751/1751 1752/1752 1741/1741
f 1741/1741 1752/1752 1742/1742
f 1752/1752 1753/1753 1742/1742
f 1742/1742 1753/1753 1743/1743
f 1753/1753 1754/1754 1743/1743
f 1743/1743 1754/1754 1744/1744
f 1754/1754 1755/1755 1744/1744
f 1744/1744 1755/1755 1745/1745
f 1755/1755 1756/1756 1745/1745
f 1745/1745 1756/1756 1746/1746
f 1756/1756 1757/1757 1746/1746
f 1746/1746 1757/1757 1747/1747
f 1757/1757 1758/1758 1747/1747
f 1747/1747 1758/1758 1748/1748
f 1758/1758 1759/1759 1748/1748
f 1748/1748 1759/1759 1749/1749
f 1759/1759 1760/1760 1749/1749
f 1749/1749 1760/1760 1750/1750
f 1760/1760 1761/1761 1750/1750
f 1751/1751 1762/1762 1752/1752
f 1762/1762 1763/1763 1752/1752
f 1752/1752 1763/1763 1753/1753
f 1763/1763 1764/1764 1753/1753
f 1753/1753 1764/1764 1754/1754
f 1764/1764 1765/1765 1754/1754
f 1754/1754 1765/1765 1755/1755
f 1765/1765 1766/1766 1755/1755
f 1755/1755 1766/1766 1756/1756
f 1766/1766 1767/1767 1756/1756
f 1756/1756 1767/1767 1757/1757
f 1767/1767 1768/1768 1757/1757
f 1757/1757 1768/1768 1758/1758
f 1768/1768 1769/1769 1758/1758
f 1758/1758 1769/1769 1759/1759
f 1769/1769 1770/1770 1759/1759
f 1759/1759 1770/1770 1760/1760
f 1770/1770 1771/1771 1760/1760
f 1760/1760 1771/1771 1761/1761
f 1771/1771 1772/1772 1761/1761
f 1762/1762 1773/1773 1763/1763
f 1773/1773 1774/1774 1763/1763
f 1763/1763 1774/1774 1764/1764
f 1774/1774 1775/1775 1764/1764
f 1764/1764 1775/1775 1765/1765
f 1775/1775 1776/1776 1765/1765
f 1765/1765 1776/1776 1766/1766
f 1776/1776 1777/1777 1766/1766
f 1766/1766 1777/1777 1767/1767
f 1777/1777 1778/1778 1767/1767
f 1767/1767 1778/1778 1768/1768
f 1778/1778 1779/1779 1768/1768
f 1768/1768 1779/1779 1769/1769
f 1779/1779 1780/1780 1769/1769
f 1769/1769 1780/1780 1770/1770
f 1780/1780 1781/1781 1770/1770
f 1770/1770 1781/1781 1771/1771
f 1781/1781 1782/1782 1771/1771
f 1771/1771 1782/1782 1772/1772
f 1782/1782 1783/1783 1772/1772
f 1773/1773 1784/1784 1774/1774
f 1784/1784 1785/1785 1774/1774
f 1774/1774 1785/1785 1775/1775
f 1785/1785 1786/1786 1775/1775
f 1775/1775 1786/1786 1776/1776
f 1786/1786 1787/1787 1776/1776
f 1776/1776 1787/1787 1777/1777
f 1787/1787 1788/1788 1777/1777
f 1777/1777 1788/1788 1778/1778
f 1788/1788 1789/1789 1778/1778
f 1778/1778 1789/1789 1779/1779
f 1789/1789 1790/1790 1779/1779
f 1779/1779 1790/1790 1780/1780
f 1790/1790 1791/1791 1780/1780
f 1780/1780 1791/1791 1781/1781
f 1791/1791 1792/1792 1781/1781
f 1781/1781 1792/1792 1782/1782
f 1792/1792 1793/1793 1782/1782
f 1782/1782 1793/1793 1783/1783
f 1793/1793 1794/1794 1783/1783
f 1784/1784 1795/1795 1785/1785
f 1795/1795 1796/1796 1785/1785
f 1785/1785 1796/1796 1786/1786
f 1796/1796 1797/1797 1786/1786
f 1786/1786 1797/1797 1787/1787
f 1797/1797 1798/1798 1787/1787
f 1787/1787 1798/1798 1788/1788
f 1798/1798 1799/1799 1788/1788
f 1788/1788 1799/1799 1789/1789
f 1799/1799 1800/1800 1789/1789
f 1789/1789 1800/1800 1790/1790
f 1800/1800 1801/1801 1790/1790
f 1790/1790 1801/1801 1791/1791
f 1801/1801 1802/1802 1791/1791
f 1791/1791 1802/1802 1792/1792
f 1802/1802 1803/1803 1792/1792
f 1792/1792 1803/1803 1793/1793
f 1803/1803 1804/1804 1793/1793
f 1793/1793 1804/1804 1794/1794
f 1804/1804 1805/1805 1794/1794
f 1795/1795 1806/1806 1796/1796
f 1806/1806 1807/1807 1796/1796
f 1796/1796 1807/1807 1797/1797
f 1807/1807 1808/1808 1797/1797
f 1797/1797 1808/1808 1798/1798
f 1808/1808 1809/1809 1798/1798
f 1798/1798 1809/1809 1799/1799
f 1809/1809 1810/1810 1799/1799
f 1799/1799 1810/1810 1800/1800
f 1810/1810 1811/1811 1800/1800
f 1800/1800 1811/1811 1801/1801
f 1811/1811 1812/1812 1801/1801
f 1801/1801 1812/1812 1802/1802
f 1812/1812 1813/1813 1802/1802
f 1802/1802 1813/1813 1803/1803
f 1813/1813 1814/1814 1803/1803
f 1803/1803 1814/1814 1804/1804
f 1814/1814 1815/1815 1804/1804
f 1804/1804 1815/1815 1805/1805
f 1815/1815 1816/1816 1805/1805
f 1806/1806 1817/1817 1807/1807
f 1817/1817 1818/1818 1807/1807
f 1807/1807 1818/1818 1808/1808
f 1818/1818 1819/1819 1808/1808
f 1808/1808 1819/1819 1809/1809
f 1819/1819 1820/1820 1809/1809
f 1809/1809 1820/1820 1810/1810
f 1820/1820 1821/1821 1810/1810
f 1810/1810 1821/1821 1811/1811
f 1821/1821 1822/1822 1811/1811
f 1811/1811 1822/1822 1812/1812
f 1822/1822 1823/1823 1812/1812
f 1812/1812 1823/1823 1813/1813
f 1823/1823 1824/1824 1813/1813
f 1813/1813 1824/1824 1814/1814
f 1824/1824 1825/1825 1814/1814
f 1814/1814 1825/1825 1815/1815
f 1825/1825 1826/1826 1815/1815
f 1815/1815 1826/1826 1816/1816
f 1826/1826 1827/1827 1816/1816
f 1817/1817 1828/1828 1818/1818
f 1828/1828 1829/1829 1818/1818
f 1818/1818 1829/1829 1819/1819
f 1829/1829 1830/1830 1819/1819
f 1819/1819 1830/1830 1820/1820
f 1830/1830 1831/1831 1820/1820
f 1820/1820 1831/1831 1821/1821
f 1831/1831 1832/1832 1821/1821
f 1821/1821 1832/1832 1822/1822
f 1832/1832 1833/1833 1822/1822
f 1822/1822 1833/1833 1823/1823
f 1833/1833 1834/1834 1823/1823
f 1823/1823 1834/1834 1824/1824
f 1834/1834 1835/1835 1824/1824
f 1824/1824 1835/1835 1825/1825
f 1835/1835 1836/1836 1825/1825
f 1825/1825 1836/1836 1826/1826
f 1836/1836 1837/1837 1826/1826
f 1826/1826 1837/1837 1827/1827
f 1837/1837 1838/1838 1827/1827
f 1828/1828 1839/1839 1829/1829
f 1839/1839 1840/1840 1829/1829
f 1829/1829 1840/1840 1830/1830
f 1840/1840 1841/1841 1830/1830
f 1830/1830 1841/1841 1831/1831
f 1841/1841 1842/1842 1831/1831
f 1831/1831 1842/1842 1832/1832
f 1842/1842 1843/1843 1832/1832
f 1832/1832 1843/1843 1833/1833
f 1843/1843 1844/1844 1833/1833
f 1833/1833 1844/1844 1834/1834
f 1844/1844 1845/1845 1834/1834
f 1834/1834 1845/1845 1835/1835
f 1845/1845 1846/1846 1835/1835
f 1835/1835 1846/1846 1836/1836
f 1846/1846 1847/1847 1836/1836
f 1836/1836 1847/1847 1837/1837
f 1847/1847 1848/1848 1837/1837
f 1837/1837 1848/1848 1838/1838
f 1848/1848 1849/1849 1838/1838
f 1839/1839 1850/1850 1840/1840
f 1850/1850 1851/1851 1840/1840
f 1840/1840 1851/1851 1841/1841
f 1851/1851 1852/1852 1841/1841
f 1841/1841 1852/1852 1842/1842
f 1852/1852 1853/1853 1842/1842
f 1842/1842 1853/1853 1843/1843
f 1853/1853 1854/1854 1843/1843
f 1843/1843 1854/1854 1844/1844
f 1854/1854 1855/1855 1844/1844
f 1844/1844 1855/1855 1845/1845
f 1855/1855 1856/1856 1845/1845
f 1845/1845 1856/1856 1846/1846
f 1856/1856 1857/1857 1846/1846
f 1846/1846 1857/1857 1847/1847
f 1857/1857 1858/1858 1847/1847
f 1847/1847 1858/1858 1848/1848
f 1858/1858 1859/1859 1848/1848
f 1848/1848 1859/1859 1849/1849
f 1859/1859 1860/1860 1849/1849
f 1850/1850 1861/1861 1851/1851
f 1861/1861 1862/1862 1851/1851
f 1851/1851 1862/1862 1852/1852
f 1862/1862 1863/1863 1852/1852
f 1852/1852 1863/1863 1853/1853
f 1863/1863 1864/1864 1853/1853
f 1853/1853 1864/1864 1854/1854
f 1864/1864 1865/1865 1854/1854
f 1854/1854 1865/1865 1855/1855
f 1865/1865 1866/1866 1855/1855
f 1855/1855 1866/1866 1856/1856
f 1866/1866 1867/1867 1856/1856
f 1856/1856 1867/1867 1857/1857
f 1867/1867 1868/1868 1857/1857
f 1857/1857 1868/1868 1858/1858
f 1868/1868 1869/1869 1858/1858
f 1858/1858 1869/1869 1859/1859
f 1869/1869 1870/1870 1859/1859
f 1859/1859 1870/1870 1860/1860
f 1870/1870 1871/1871 1860/1860
f 1861/1861 1872/1872 1862/1862
f 1872/1872 1873/1873 1862/1862
f 1862/1862 1873/1873 1863/1863
f 1873/1873 1874/1874 1863/1863
f 1863/1863 1874/1874 1864/1864
f 1874/1874 1875/1875 1864/1864
f 1864/1864 1875/1875 1865/1865
f 1875/1875 1876/1876 1865/1865
f 1865/1865 1876/1876 1866/1866
f 1876/1876 1877/1877 1866/1866
f 1866/1866 1877/1877 1867/1867
f 1877/1877 1878/1878 1867/1867
f 1867/1867 1878/1878 1868/1868
f 1878/1878 1879/1879 1868/1868
f 1868/1868 1879/1879 1869/1869
f 1879/1879 1880/1880 1869/1869
f 1869/1869 1880/1880 1870/1870
f 1880/1880 1881/1881 1870/1870
f 1870/1870 1881/1881 1871/1871
f 1881/1881 1882/1882 1871/1871
f 1872/1872 1883/1883 1873/1873
f 1883/1883 1884/1884 1873/1873
f 1873/1873 1884/1884 1874/1874
f 1884/1884 1885/1885 1874/1874
f 1874/1874 1885/1885 1875/1875
f 1885/1885 1886/1886 1875/1875
f 1875/1875 1886/1886 1876/1876
f 1886/1886 1887/1887 1876/1876
f 1876/1876 1887/1887 1877/1877
f 1887/1887 1888/1888 1877/1877
f 1877/1877 1888/1888 1878/1878
f 1888/1888 1889/1889 1878/1878
f 1878/1878 1889/1889 1879/1879
f 1889/1889 1890/1890 1879/1879
f 1879/1879 1890/1890 1880/1880
f 1890/1890 1891/1891 1880/1880
f 1880/1880 1891/1891 1881/1881
f 1891/1891 1892/1892 1881/1881
f 1881/1881 1892/1892 1882/1882
f 1892/1892 1893/1893 1882/1882
f 1883/1883 1894/1894 1884/1884
f 1894/1894 1895/1895 1884/1884
f 1884/1884 1895/1895 1885/1885
f 1895/1895 1896/1896 1885/1885
f 1885/1885 1896/1896 1886/1886
f 1896/1896 1897/1897 1886/1886
f 1886/1886 1897/1897 1887/1887
f 1897/1897 1898/1898 1887/1887
f 1887/1887 1898/1898 1888/1888
f 1898/1898 1899/1899 1888/1888
f 1888/1888 1899/1899 1889/1889
f 1899/1899 1900/1900 1889/1889
f 1889/1889 1900/1900 1890/1890
f 1900/1900 1901/1901 1890/1890
f 1890/1890 1901/1901 1891/1891
f 1901/1901 1902/1902 1891/1891
f 1891/1891 1902/1902 1892/1892
f 1902/1902 1903/1903 1892/1892
f 1892/1892 1903/1903 1893/1893
f 1903/1903 1904/1904 1893/1893
f 1894/1894 1905/1905 1895/1895
f 1905/1905 1906/1906 1895/1895
f 1895/1895 1906/1906 1896/1896
f 1906/1906 1907/1907 1896/1896
f 1896/1896 1907/1907 1897/1897
f 1907/1907 1908/1908 1897/1897
f 1897/1897 1908/1908 1898/1898
f 1908/1908 1909/1909 1898/1898
f 1898/1898 1909/1909 1899/1899
f 1909/1909 1910/1910 1899/1899
f 1899/1899 1910/1910 1900/1900
f 1910/1910 1911/1911 1900/1900
f 1900/1900 1911/1911 1901/1901
f 1911/1911 1912/1912 1901/1901
f 1901/1901 1912/1912 1902/1902
f 1912/1912 1913/1913 1902/1902
f 1902/1902 1913/1913 1903/1903
f 1913/1913 1914/1914 1903/1903
f 1903/1903 1914/1914 1904/1904
f 1914/1914 1915/1915 1904/1904
f 1905/1905 1916/1916 1906/1906
f 1916/1916 1917/1917 1906/1906
f 1906/1906 1917/1917 1907/1907
f 1917/1917 1918/1918 1907/1907
f 1907/1907 1918/1918 1908/1908
f 1918/1918 1919/1919 1908/1908
f 1908/1908 1919/1919 1909/1909
f 1919/1919 1920/1920 1909/1909
f 1909/1909 1920/1920 1910/1910
f 1920/1920 1921/1921 1910/1910
f 1910/1910 1921/1921 1911/1911
f 1921/1921 1922/1922 1911/1911
f 1911/1911 1922/1922 1912/1912
f 1922/1922 1923/1923 1912/1912
f 1912/1912 1923/1923 1913/1913
f 1923/1923 1924/1924 1913/1913
f 1913/1913 1924/1924 1914/1914
f 1924/1924 1925/1925 1914/1914
f 1914/1914 1925/1925 1915/1915
f 1925/1925 1926/1926 1915/1915
f 1916/1916 1927/1927 1917/1917
f 1927/1927 1928/1928 1917/1917
f 1917/1917 1928/1928 1918/1918
f 1928/1928 1929/1929 1918/1918
f 1918/1918 1929/1929 1919/1919
f 1929/1929 1930/1930 1919/1919
f 1919/1919 1930/1930 1920/1920
f 1930/1930 1931/1931 1920/1920
f 1920/1920 1931/1931 1921/1921
f 1931/1931 1932/1932 1921/1921
f 1921/1921 1932/1932 1922/1922
f 1932/1932 1933/1933 1922/1922
f 1922/1922 1933/1933 1923/1923
f 1933/1933 1934/1934 1923/1923
f 1923/1923 1934/1934 1924/1924
f 1934/1934 1935/1935 1924/1924
f 1924/1924 1935/1935 1925/1925
f 1935/1935 1936/1936 1925/1925
f 1925/1925 1936/1936 1926/1926
f 1936/1936 1937/1937 1926/1926
f 1927/1927 1938/1938 1928/1928
f 1938/1938 1939/1939 1928/1928
f 1928/1928 1939/1939 1929/1929
f 1939/1939 1940/1940 1929/1929
f 1929/1929 1940/1940 1930/1930
f 1940/1940 1941/1941 1930/1930
f 1930/1930 1941/1941 1931/1931
f 1941/1941 1942/1942 1931/1931
f 1931/1931 1942/1942 1932/1932
f 1942/1942 1943/1943 1932/1932
f 1932/1932 1943/1943 1933/1933
f 1943/1943 1944/1944 1933/1933
f 1933/1933 1944/1944 1934/1934
f 1944/1944 1945/1945 1934/1934
f 1934/1934 1945/1945 1935/1935
f 1945/1945 1946/1946 1935/1935
f 1935/1935 1946/1946 1936/1936
f 1946/1946 1947/1947 1936/1936
f 1936/1936 1947/1947 1937/1937
f 1947/1947 1948/1948 1937/1937
f 1938/1938 1949/1949 1939/1939
f 1949/1949 1950/1950 1939/1939
f 1939/1939 1950/1950 1940/1940
f 1950/1950 1951/1951 1940/1940
f 1940/1940 1951/1951 1941/1941
f 1951/1951 1952/1952 1941/1941
f 1941/1941 1952/1952 1942/1942
f 1952/1952 1953/1953 1942/1942
f 1942/1942 1953/1953 1943/1943
f 1953/1953 1954/1954 1943/1943
f 1943/1943 1954/1954 1944/1944
f 1954/1954 1955/1955 1944/1944
f 1944/1944 1955/1955 1945/1945
f 1955/1955 1956/1956 1945/1945
f 1945/1945 1956/1956 1946/1946
f 1956/1956 1957/1957 1946/1946
f 1946/1946 1957/1957 1947/1947
f 1957/1957 1958/1958 1947/1947
f 1947/1947 1958/1958 1948/1948
f 1958/1958 1959/1959 1948/1948
f 1949/1949 1960/1960 1950/1950
f 1960/1960 1961/1961 1950/1950
f 1950/1950 1961/1961 1951/1951
f 1961/1961 1962/1962 1951/1951
f 1951/1951 1962/1962 1952/1952
f 1962/1962 1963/1963 1952/1952
f 1952/1952 1963/1963 1953/1953
f 1963/1963 1964/1964 1953/1953
f 1953/1953 1964/1964 1954/1954
f 1964/1964 1965/1965 1954/1954
f 1954/1954 1965/1965 1955/1955
f 1965/1965 1966/1966 1955/1955
f 1955/1955 1966/1966 1956/1956
f 1966/1966 1967/1967 1956/1956
f 1956/1956 1967/1967 1957/1957
f 1967/1967 1968/1968 1957/1957
f 1957/1957 1968/1968 1958/1958
f 1968/1968 1969/1969 1958/1958
f 1958/1958 1969/1969 1959/1959
f 1969/1969 1970/1970 1959/1959
f 1960/1960 1971/1971 1961/1961
f 1971/1971 1972/1972 1961/1961
f 1961/1961 1972/1972 1962/1962
f 1972/1972 1973/1973 1962/1962
f 1962/1962 1973/1973 1963/1963
f 1973/1973 1974/1974 1963/1963
f 1963/1963 1974/1974 1964/1964
f 1974/1974 1975/1975 1964/1964
f 1964/1964 1975/1975 1965/1965
f 1975/1975 1976/1976 1965/1965
f 1965/1965 1976/1976 1966/1966
f 1976/1976 1977/1977 1966/1966
f 1966/1966 1977/1977 1967/1967
f 1977/1977 1978/1978 1967/1967
f 1967/1967 1978/1978 1968/1968
f 1978/1978 1979/1979 1968/1968
f 1968/1968 1979/1979 1969/1969
f 1979/1979 1980/1980 1969/1969
f 1969/1969 1980/1980 1970/1970
f 1980/1980 1981/1981 1970/1970
f 1971/1971 1982/1982 1972/1972
f 1982/1982 1983/1983 1972/1972
f 1972/1972 1983/1983 1973/1973
f 1983/1983 1984/1984 1973/1973
f 1973/1973 1984/1984 1974/1974
f 1984/1984 1985/1985 1974/1974
f 1974/1974 1985/1985 1975/1975
f 1985/1985 1986/1986 1975/1975
f 1975/1975 1986/1986 1976/1976
f 1986/1986 1987/1987 1976/1976
f 1976/1976 1987/1987 1977/1977
f 1987/1987 1988/1988 1977/1977
f 1977/1977 1988/1988 1978/1978
f 1988/1988 1989/1989 1978/1978
f 1978/1978 1989/1989 1979/1979
f 1989/1989 1990/1990 1979/1979
f 1979/1979 1990/1990 1980/1980
f 1990/1990 1991/1991 1980/1980
f 1980/1980 1991/1991 1981/1981
f 1991/1991 1992/1992 1981/1981
f 1982/1982 1993/1993 1983/1983
f 1993/1993 1994/1994 1983/1983
f 1983/1983 1994/1994 1984/1984
f 1994/1994 1995/1995 1984/1984
f 1984/1984 1995/1995 1985/1985
f 1995/1995 1996/1996 1985/1985
f 1985/1985 1996/1996 1986/1986
f 1996/1996 1997/1997 1986/1986
f 1986/1986 1997/1997 1987/1987
f 1997/1997 1998/1998 1987/1987
f 1987/1987 1998/1998 1988/1988
f 1998/1998 1999/1999 1988/1988
f 1988/1988 1999/1999 1989/1989
f 1999/1999 2000/2000 1989/1989
f 1989/1989 2000/2000 1990/1990
f 2000/2000 2001/2001 1990/1990
f 1990/1990 2001/2001 1991/1991
f 2001/2001 2002/2002 1991/1991
f 1991/1991 2002/2002 1992/1992
f 2002/2002 2003/2003 1992/1992
f 1993/1993 2004/2004 1994/1994
f 2004/2004 2005/2005 1994/1994
f 1994/1994 2005/2005 1995/1995
f 2005/2005 2006/2006 1995/1995
f 1995/1995 2006/2006 1996/1996
f 2006/2006 2007/2007 1996/1996
f 1996/1996 2007/2007 1997/1997
f 2007/2007 2008/2008 1997/1997
f 1997/1997 2008/2008 1998/1998
f 2008/2008 2009/2009 1998/1998
f 1998/1998 2009/2009 1999/1999
f 2009/2009 2010/2010 1999/1999
f 1999/1999 2010/2010 2000/2000
f 2010/2010 2011/2011 2000/2000
f 2000/2000 2011/2011 2001/2001
f 2011/2011 2012/2012 2001/2001
f 2001/2001 2012/2012 2002/2002
f 2012/2012 2013/2013 2002/2002
f 2002/2002 2013/2013 2003/2003
f 2013/2013 2014/2014 2003/2003
f 2004/2004 2015/2015 2005/2005
f 2015/2015 2016/2016 2005/2005
f 2005/2005 2016/2016 2006/2006
f 2016/2016 2017/2017 2006/2006
f 2006/2006 2017/2017 2007/2007
f 2017/2017 2018/2018 2007/2007
f 2007/2007 2018/2018 2008/2008
f 2018/2018 2019/2019 2008/2008
f 2008/2008 2019/2019 2009/2009
f 2019/2019 2020/2020 2009/2009
f 2009/2009 2020/2020 2010/2010
f 2020/2020 2021/2021 2010/2010
f 2010/2010 2021/2021 2011/2011
f 2021/2021 2022/2022 2011/2011
f 2011/2011 2022/2022 2012/2012
f 2022/2022 2023/2023 2012/2012
f 2012/2012 2023/2023 2013/2013
f 2023/2023 2024/2024 2013/2013
f 2013/2013 2024/2024 2014/2014
f 2024/2024 2025/2025 2014/2014
f 2015/2015 2026/2026 2016/2016
f 2026/2026 2027/2027 2016/2016
f 2016/2016 2027/2027 2017/2017
f 2027/2027 2028/2028 2017/2017
f 2017/2017 2028/2028 2018/2018
f 2028/2028 2029/2029 2018/2018
f 2018/2018 2029/2029 2019/2019
f 2029/2029 2030/2030 2019/2019
f 2019/2019 2030/2030 2020/2020
f 2030/2030 2031/2031 2020/2020
f 2020/2020 2031/2031 2021/2021
f 2031/2031 2032/2032 2021/2021
f 2021/2021 2032/2032 2022/2022
f 2032/2032 2033/2033 2022/2022
f 2022/2022 2033/2033 2023/2023
f 2033/2033 2034/2034 2023/2023
f 2023/2023 2034/2034 2024/2024
f 2034/2034 2035/2035 2024/2024
f 2024/2024 2035/2035 2025/2025
f 2035/2035 2036/2036 2025/2025
f 2026/2026 2037/2037 2027/2027
f 2037/2037 2038/2038 2027/2027
f 2027/2027 2038/2038 2028/2028
f 2038/2038 2039/2039 2028/2028
f 2028/2028 2039/2039 2029/2029
f 2039/2039 2040/2040 2029/2029
f 2029/2029 2040/2040 2030/2030
f 2040/2040 2041/2041 2030/2030
f 2030/2030 2041/2041 2031/2031
f 2041/2041 2042/2042 2031/2031
f 2031/2031 2042/2042 2032/2032
f 2042/2042 2043/2043 2032/2032
f 2032/2032 2043/2043 2033/2033
f 2043/2043 2044/2044 2033/2033
f 2033/2033 2044/2044 2034/2034
f 2044/2044 2045/2045 2034/2034
f 2034/2034 2045/2045 2035/2035
f 2045/2045 2046/2046 2035/2035
f 2035/2035 2046/2046 2036/2036
f 2046/2046 2047/2047 2036/2036
f 2037/2037 2048/2048 2038/2038
f 2048/2048 2049/2049 2038/2038
f 2038/2038 2049/2049 2039/2039
f 2049/2049 2050/2050 2039/2039
f 2039/2039 2050/2050 2040/2040
f 2050/2050 2051/2051 2040/2040
f 2040/2040 2051/2051 2041/2041
f 2051/2051 2052/2052 2041/2041
f 2041/2041 2052/2052 2042/2042
f 2052/2052 2053/2053 2042/2042
f 2042/2042 2053/2053 2043/2043
f 2053/2053 2054/2054 2043/2043
f 2043/2043 2054/2054 2044/2044
f 2054/2054 2055/2055 2044/2044
f 2044/2044 2055/2055 2045/2045
f 2055/2055 2056/2056 2045/2045
f 2045/2045 2056/2056 2046/2046
f 2056/2056 2057/2057 2046/2046
f 2046/2046 2057/2057 2047/2047
f 2057/2057 2058/2058 2047/2047
f 2048/2048 2059/2059 2049/2049
f 2059/2059 2060/2060 2049/2049
f 2049/2049 2060/2060 2050/2050
f 2060/2060 2061/2061 2050/2050
f 2050/2050 2061/2061 2051/2051
f 2061/2061 2062/2062 2051/2051
f 2051/2051 2062/2062 2052/2052
f 2062/2062 2063/2063 2052/2052
f 2052/2052 2063/2063 2053/2053
f 2063/2063 2064/2064 2053/2053
f 2053/2053 2064/2064 2054/2054
f 2064/2064 2065/2065 2054/2054
f 2054/2054 2065/2065 2055/2055
f 2065/2065 2066/2066 2055/2055
f 2055/2055 2066/2066 2056/2056
f 2066/2066 2067/2067 2056/2056
f 2056/2056 2067/2067 2057/2057
f 2067/2067 2068/2068 2057/2057
f 2057/2057 2068/2068 2058/2058
f 2068/2068 2069/2069 2058/2058
f 2059/2059 2070/2070 2060/2060
f 2070/2070 2071/2071 2060/2060
f 2060/2060 2071/2071 2061/2061
f 2071/2071 2072/2072 2061/2061
f 2061/2061 2072/2072 2062/2062
f 2072/2072 2073/2073 2062/2062
f 2062/2062 2073/2073 2063/2063
f 2073/2073 2074/2074 2063/2063
f 2063/2063 2074/2074 2064/2064
f 2074/2074 2075/2075 2064/2064
f 2064/2064 2075/2075 2065/2065
f 2075/2075 2076/2076 2065/2065
f 2065/2065 2076/2076 2066/2066
f 2076/2076 2077/2077 2066/2066
f 2066/2066 2077/2077 2067/2067
f 2077/2077 2078/2078 2067/2067
f 2067/2067 2078/2078 2068/2068
f 2078/2078 2079/2079 2068/2068
f 2068/2068 2079/2079 2069/2069
f 2079/2079 2080/2080 2069/2069
f 2070/2070 2081/2081 2071/2071
f 2081/2081 2082/2082 2071/2071
f 2071/2071 2082/2082 2072/2072
f 2082/2082 2083/2083 2072/2072
f 2072/2072 2083/2083 2073/2073
f 2083/2083 2084/2084 2073/2073
f 2073/2073 2084/2084 2074/2074
f 2084/2084 2085/2085 2074/2074
f 2074/2074 2085/2085 2075/2075
f 2085/2085 2086/2086 2075/2075
f 2075/2075 2086/2086 2076/2076
f 2086/2086 2087/2087 2076/2076
f 2076/2076 2087/2087 2077/2077
f 2087/2087 2088/2088 2077/2077
f 2077/2077 2088/2088 2078/2078
f 2088/2088 2089/2089 2078/2078
f 2078/2078 2089/2089 2079/2079
f 2089/2089 2090/2090 2079/2079
f 2079/2079 2090/2090 2080/2080
f 2090/2090 2091/2091 2080/2080
f 2081/2081 2092/2092 2082/2082
f 2092/2092 2093/2093 2082/2082
f 2082/2082 2093/2093 2083/2083
f 2093/2093 2094/2094 2083/2083
f 2083/2083 2094/2094 2084/2084
f 2094/2094 2095/2095 2084/2084
f 2084/2084 2095/2095 2085/2085
f 2095/2095 2096/2096 2085/2085
f 2085/2085 2096/2096 2086/2086
f 2096/2096 2097/2097 2086/2086
f 2086/2086 2097/2097 2087/2087
f 2097/2097 2098/2098 2087/2087
f 2087/2087 2098/2098 2088/2088
f 2098/2098 2099/2099 2088/2088
f 2088/2088 2099/2099 2089/2089
f 2099/2099 2100/2100 2089/2089
f 2089/2089 2100/2100 2090/2090
f 2100/2100 2101/2101 2090/2090
f 2090/2090 2101/2101 2091/2091
f 2101/2101 2102/2102 2091/2091
f 2092/2092 2103/2103 2093/2093
f 2103/2103 2104/2104 2093/2093
f 2093/2093 2104/2104 2094/2094
f 2104/2104 2105/2105 2094/2094
f 2094/2094 2105/2105 2095/2095
f 2105/2105 2106/2106 2095/2095
f 2095/2095 2106/2106 2096/2096
f 2106/2106 2107/2107 2096/2096
f 2096/2096 2107/2107 2097/2097
f 2107/2107 2108/2108 2097/2097
f 2097/2097 2108/2108 2098/2098
f 2108/2108 2109/2109 2098/2098
f 2098/2098 2109/2109 2099/2099
f 2109/2109 2110/2110 2099/2099
f 2099/2099 2110/2110 2100/2100
f 2110/2110 2111/2111 2100/2100
f 2100/2100 2111/2111 2101/2101
f 2111/2111 2112/2112 2101/2101
f 2101/2101 2112/2112 2102/2102
f 2112/2112 2113/2113 2102/2102
f 2103/2103 2114/2114 2104/2104
f 2114/2114 2115/2115 2104/2104
f 2104/2104 2115/2115 2105/2105
f 2115/2115 2116/2116 2105/2105
f 2105/2105 2116/2116 2106/2106
f 2116/2116 2117/2117 2106/2106
f 2106/2106 2117/2117 2107/2107
f 2117/2117 2118/2118 2107/2107
f 2107/2107 2118/2118 2108/2108
f 2118/2118 2119/2119 2108/2108
f 2108/2108 2119/2119 2109/2109
f 2119/2119 2120/2120 2109/2109
f 2109/2109 2120/2120 2110/2110
f 2120/2120 2121/2121 2110/2110
f 2110/2110 2121/2121 2111/2111
f 2121/2121 2122/2122 2111/2111
f 2111/2111 2122/2122 2112/2112
f 2122/2122 2123/2123 2112/2112
f 2112/2112 2123/2123 2113/2113
f 2123/2123 2124/2124 2113/2113
f 2114/2114 2125/2125 2115/2115
f 2125/2125 2126/2126 2115/2115
f 2115/2115 2126/2126 2116/2116
f 2126/2126 2127/2127 2116/2116
f 2116/2116 2127/2127 2117/2117
f 2127/2127 2128/2128 2117/2117
f 2117/2117 2128/2128 2118/2118
f 2128/2128 2129/2129 2118/2118
f 2118/2118 2129/2129 2119/2119
f 2129/2129 2130/2130 2119/2119
f 2119/2119 2130/2130 2120/2120
f 2130/2130 2131/2131 2120/2120
f 2120/2120 2131/2131 2121/2121
f 2131/2131 2132/2132 2121/2121
f 2121/2121 2132/2132 2122/2122
f 2132/2132 2133/2133 2122/2122
f 2122/2122 2133/2133 2123/2123
f 2133/2133 2134/2134 2123/2123
f 2123/2123 2134/2134 2124/2124
f 2134/2134 2135/2135 2124/2124
f 2125/2125 2136/2136 2126/2126
f 2136/2136 2137/2137 2126/2126
f 2126/2126 2137/2137 2127/2127
f 2137/2137 2138/2138 2127/2127
f 2127/2127 2138/2138 2128/2128
f 2138/2138 2139/2139 2128/2128
f 2128/2128 2139/2139 2129/2129
f 2139/2139 2140/2140 2129/2129
f 2129/2129 2140/2140 2130/2130
f 2140/2140 2141/2141 2130/2130
f 2130/2130 2141/2141 2131/2131
f 2141/2141 2142/2142 2131/2131
f 2131/2131 2142/2142 2132/2132
f 2142/2142 2143/2143 2132/2132
f 2132/2132 2143/2143 2133/2133
f 2143/2143 2144/2144 2133/2133
f 2133/2133 2144/2144 2134/2134
f 2144/2144 2145/2145 2134/2134
f 2134/2134 2145/2145 2135/2135
f 2145/2145 2146/2146 2135/2135
f 2136/2136 2147/2147 2137/2137
f 2147/2147 2148/2148 2137/2137
f 2137/2137 2148/2148 2138/2138
f 2148/2148 2149/2149 2138/2138
f 2138/2138 2149/2149 2139/2139
f 2149/2149 2150/2150 2139/2139
f 2139/2139 2150/2150 2140/2140
f 2150/2150 2151/2151 2140/2140
f 2140/2140 2151/2151 2141/2141
f 2151/2151 2152/2152 2141/2141
f 2141/2141 2152/2152 2142/2142
f 2152/2152 2153/2153 2142/2142
f 2142/2142 2153/2153 2143/2143
f 2153/2153 2154/2154 2143/2143
f 2143/2143 2154/2154 2144/2144
f 2154/2154 2155/2155 2144/2144
f 2144/2144 2155/2155 2145/2145
f 2155/2155 2156/2156 2145/2145
f 2145/2145 2156/2156 2146/2146
f 2156/2156 2157/2157 2146/2146
f 2147/2147 2158/2158 2148/2148
f 2158/2158 2159/2159 2148/2148
f 2148/2148 2159/2159 2149/2149
f 2159/2159 2160/2160 2149/2149
f 2149/2149 2160/2160 2150/2150
f 2160/2160 2161/2161 2150/2150
f 2150/2150 2161/2161 2151/2151
f 2161/2161 2162/2162 2151/2151
f 2151/2151 2162/2162 2152/2152
f 2162/2162 2163/2163 2152/2152
f 2152/2152 2163/2163 2153/2153
f 2163/2163 2164/2164 2153/2153
f 2153/2153 2164/2164 2154/2154
f 2164/2164 2165/2165 2154/2154
f 2154/2154 2165/2165 2155/2155
f 2165/2165 2166/2166 2155/2155
f 2155/2155 2166/2166 2156/2156
f 2166/2166 2167/2167 2156/2156
f 2156/2156 2167/2167 2157/2157
f 2167/2167 2168/2168 2157/2157
f 2158/2158 2169/2169 2159/2159
f 2169/2169 2170/2170 2159/2159
f 2159/2159 2170/2170 2160/2160
f 2170/2170 2171/2171 2160/2160
f 2160/2160 2171/2171 2161/2161
f 2171/2171 2172/2172 2161/2161
f 2161/2161 2172/2172 2162/2162
f 2172/2172 2173/2173 2162/2162
f 2162/2162 2173/2173 2163/2163
f 2173/2173 2174/2174 2163/2163
f 2163/2163 2174/2174 2164/2164
f 2174/2174 2175/2175 2164/2164
f 2164/2164 2175/2175 2165/2165
f 2175/2175 2176/2176 2165/2165
f 2165/2165 2176/2176 2166/2166
f 2176/2176 2177/2177 2166/2166
f 2166/2166 2177/2177 2167/2167
f 2177/2177 2178/2178 2167/2167
f 2167/2167 2178/2178 2168/2168
f 2178/2178 2179/2179 2168/2168
f 2169/2169 2180/2180 2170/2170
f 2180/2180 2181/2181 2170/2170
f 2170/2170 2181/2181 2171/2171
f 2181/2181 2182/2182 2171/2171
f 2171/2171 2182/2182 2172/2172
f 2182/2182 2183/2183 2172/2172
f 2172/2172 2183/2183 2173/2173
f 2183/2183 2184/2184 2173/2173
f 2173/2173 2184/2184 2174/2174
f 2184/2184 2185/2185 2174/2174
f 2174/2174 2185/2185 2175/2175
f 2185/2185 2186/2186 2175/2175
f 2175/2175 2186/2186 2176/2176
f 2186/2186 2187/2187 2176/2176
f 2176/2176 2187/2187 2177/2177
f 2187/2187 2188/2188 2177/2177
f 2177/2177 2188/2188 2178/2178
f 2188/2188 2189/2189 2178/2178
f 2178/2178 2189/2189 2179/2179
f 2189/2189 2190/2190 2179/2179
f 2180/2180 2191/2191 2181/2181
f 2191/2191 2192/2192 2181/2181
f 2181/2181 2192/2192 2182/2182
f 2192/2192 2193/2193 2182/2182
f 2182/2182 2193/2193 2183/2183
f 2193/2193 2194/2194 2183/2183
f 2183/2183 2194/2194 2184/2184
f 2194/2194 2195/2195 2184/2184
f 2184/2184 2195/2195 2185/2185
f 2195/2195 2196/2196 2185/2185
f 2185/2185 2196/2196 2186/2186
f 2196/2196 2197/2197 2186/2186
f 2186/2186 2197/2197 2187/2187
f 2197/2197 2198/2198 2187/2187
f 2187/2187 2198/2198 2188/2188
f 2198/2198 2199/2199 2188/2188
f 2188/2188 2199/2199 2189/2189
f 2199/2199 2200/2200 2189/2189
f 2189/2189 2200/2200 2190/2190
f 2200/2200 2201/2201 2190/2190
f 2191/2191 2202/2202 2192/2192
f 2202/2202 2203/2203 2192/2192
f 2192/2192 2203/2203 2193/2193
f 2203/2203 2204/2204 2193/2193
f 2193/2193 2204/2204 2194/2194
f 2204/2204 2205/2205 2194/2194
f 2194/2194 2205/2205 2195/2195
f 2205/2205 2206/2206 2195/2195
f 2195/2195 2206/2206 2196/2196
f 2206/2206 2207/2207 2196/2196
f 2196/2196 2207/2207 2197/2197
f 2207/2207 2208/2208 2197/2197
f 2197/2197 2208/2208 2198/2198
f 2208/2208 2209/2209 2198/2198
f 2198/2198 2209/2209 2199/2199
f 2209/2209 2210/2210 2199/2199
f 2199/2199 2210/2210 2200/2200
f 2210/2210 2211/2211 2200/2200
f 2200/2200 2211/2211 2201/2201
f 2211/2211 2212/2212 2201/2201
