mtllib PortableOxygenTank.mtl
o PortableOxygenTank
usemtl tank_green_dark
v 0.00000 0.02500 0.05900
v 0.01313 0.02500 0.05752
v 0.02560 0.02500 0.05316
v 0.03679 0.02500 0.04613
v 0.04613 0.02500 0.03679
v 0.05316 0.02500 0.02560
v 0.05752 0.02500 0.01313
v 0.05900 0.02500 0.00000
v 0.05752 0.02500 -0.01313
v 0.05316 0.02500 -0.02560
v 0.04613 0.02500 -0.03679
v 0.03679 0.02500 -0.04613
v 0.02560 0.02500 -0.05316
v 0.01313 0.02500 -0.05752
v 0.00000 0.02500 -0.05900
v -0.01313 0.02500 -0.05752
v -0.02560 0.02500 -0.05316
v -0.03679 0.02500 -0.04613
v -0.04613 0.02500 -0.03679
v -0.05316 0.02500 -0.02560
v -0.05752 0.02500 -0.01313
v -0.05900 0.02500 -0.00000
v -0.05752 0.02500 0.01313
v -0.05316 0.02500 0.02560
v -0.04613 0.02500 0.03679
v -0.03679 0.02500 0.04613
v -0.02560 0.02500 0.05316
v -0.01313 0.02500 0.05752
v -0.00000 0.02500 0.05900
v 0.00000 -0.00000 0.06100
v 0.01357 -0.00000 0.05947
v 0.02647 -0.00000 0.05496
v 0.03803 -0.00000 0.04769
v 0.04769 -0.00000 0.03803
v 0.05496 -0.00000 0.02647
v 0.05947 -0.00000 0.01357
v 0.06100 -0.00000 0.00000
v 0.05947 -0.00000 -0.01357
v 0.05496 -0.00000 -0.02647
v 0.04769 -0.00000 -0.03803
v 0.03803 -0.00000 -0.04769
v 0.02647 -0.00000 -0.05496
v 0.01357 -0.00000 -0.05947
v 0.00000 -0.00000 -0.06100
v -0.01357 -0.00000 -0.05947
v -0.02647 -0.00000 -0.05496
v -0.03803 -0.00000 -0.04769
v -0.04769 -0.00000 -0.03803
v -0.05496 -0.00000 -0.02647
v -0.05947 -0.00000 -0.01357
v -0.06100 -0.00000 -0.00000
v -0.05947 -0.00000 0.01357
v -0.05496 -0.00000 0.02647
v -0.04769 -0.00000 0.03803
v -0.03803 -0.00000 0.04769
v -0.02647 -0.00000 0.05496
v -0.01357 -0.00000 0.05947
v -0.00000 -0.00000 0.06100
v 0.00000 0.02500 0.00000
v 0.00000 0.02500 0.00000
v 0.00000 0.02500 0.00000
v 0.00000 0.02500 0.00000
v 0.00000 0.02500 0.00000
v 0.00000 0.02500 0.00000
v 0.00000 0.02500 0.00000
v 0.00000 0.02500 0.00000
v 0.00000 0.02500 0.00000
v 0.00000 0.02500 0.00000
v 0.00000 0.02500 0.00000
v 0.00000 0.02500 0.00000
v 0.00000 0.02500 0.00000
v 0.00000 0.02500 0.00000
v 0.00000 0.02500 0.00000
v 0.00000 0.02500 0.00000
v 0.00000 0.02500 0.00000
v 0.00000 0.02500 0.00000
v 0.00000 0.02500 0.00000
v 0.00000 0.02500 0.00000
v 0.00000 0.02500 0.00000
v 0.00000 0.02500 0.00000
v 0.00000 0.02500 0.00000
v 0.00000 0.02500 0.00000
v 0.00000 0.02500 0.00000
v 0.00000 0.02500 0.00000
v 0.00000 0.02500 0.00000
v 0.00000 0.02500 0.00000
v 0.00000 0.02500 0.05900
v 0.01313 0.02500 0.05752
v 0.02560 0.02500 0.05316
v 0.03679 0.02500 0.04613
v 0.04613 0.02500 0.03679
v 0.05316 0.02500 0.02560
v 0.05752 0.02500 0.01313
v 0.05900 0.02500 0.00000
v 0.05752 0.02500 -0.01313
v 0.05316 0.02500 -0.02560
v 0.04613 0.02500 -0.03679
v 0.03679 0.02500 -0.04613
v 0.02560 0.02500 -0.05316
v 0.01313 0.02500 -0.05752
v 0.00000 0.02500 -0.05900
v -0.01313 0.02500 -0.05752
v -0.02560 0.02500 -0.05316
v -0.03679 0.02500 -0.04613
v -0.04613 0.02500 -0.03679
v -0.05316 0.02500 -0.02560
v -0.05752 0.02500 -0.01313
v -0.05900 0.02500 -0.00000
v -0.05752 0.02500 0.01313
v -0.05316 0.02500 0.02560
v -0.04613 0.02500 0.03679
v -0.03679 0.02500 0.04613
v -0.02560 0.02500 0.05316
v -0.01313 0.02500 0.05752
v -0.00000 0.02500 0.05900
v 0.00000 -0.00000 0.00000
v 0.00000 -0.00000 0.00000
v 0.00000 -0.00000 0.00000
v 0.00000 -0.00000 0.00000
v 0.00000 -0.00000 0.00000
v 0.00000 -0.00000 0.00000
v 0.00000 -0.00000 0.00000
v 0.00000 -0.00000 0.00000
v 0.00000 -0.00000 0.00000
v 0.00000 -0.00000 0.00000
v 0.00000 -0.00000 0.00000
v 0.00000 -0.00000 0.00000
v 0.00000 -0.00000 0.00000
v 0.00000 -0.00000 0.00000
v 0.00000 -0.00000 0.00000
v 0.00000 -0.00000 0.00000
v 0.00000 -0.00000 0.00000
v 0.00000 -0.00000 0.00000
v 0.00000 -0.00000 0.00000
v 0.00000 -0.00000 0.00000
v 0.00000 -0.00000 0.00000
v 0.00000 -0.00000 0.00000
v 0.00000 -0.00000 0.00000
v 0.00000 -0.00000 0.00000
v 0.00000 -0.00000 0.00000
v 0.00000 -0.00000 0.00000
v 0.00000 -0.00000 0.00000
v 0.00000 -0.00000 0.00000
v 0.00000 -0.00000 0.06100
v 0.01357 -0.00000 0.05947
v 0.02647 -0.00000 0.05496
v 0.03803 -0.00000 0.04769
v 0.04769 -0.00000 0.03803
v 0.05496 -0.00000 0.02647
v 0.05947 -0.00000 0.01357
v 0.06100 -0.00000 0.00000
v 0.05947 -0.00000 -0.01357
v 0.05496 -0.00000 -0.02647
v 0.04769 -0.00000 -0.03803
v 0.03803 -0.00000 -0.04769
v 0.02647 -0.00000 -0.05496
v 0.01357 -0.00000 -0.05947
v 0.00000 -0.00000 -0.06100
v -0.01357 -0.00000 -0.05947
v -0.02647 -0.00000 -0.05496
v -0.03803 -0.00000 -0.04769
v -0.04769 -0.00000 -0.03803
v -0.05496 -0.00000 -0.02647
v -0.05947 -0.00000 -0.01357
v -0.06100 -0.00000 -0.00000
v -0.05947 -0.00000 0.01357
v -0.05496 -0.00000 0.02647
v -0.04769 -0.00000 0.03803
v -0.03803 -0.00000 0.04769
v -0.02647 -0.00000 0.05496
v -0.01357 -0.00000 0.05947
v -0.00000 -0.00000 0.06100
vt 0.00000 0.00000
vt 0.03571 0.00000
vt 0.07143 0.00000
vt 0.10714 0.00000
vt 0.14286 0.00000
vt 0.17857 0.00000
vt 0.21429 0.00000
vt 0.25000 0.00000
vt 0.28571 0.00000
vt 0.32143 0.00000
vt 0.35714 0.00000
vt 0.39286 0.00000
vt 0.42857 0.00000
vt 0.46429 0.00000
vt 0.50000 0.00000
vt 0.53571 0.00000
vt 0.57143 0.00000
vt 0.60714 0.00000
vt 0.64286 0.00000
vt 0.67857 0.00000
vt 0.71429 0.00000
vt 0.75000 0.00000
vt 0.78571 0.00000
vt 0.82143 0.00000
vt 0.85714 0.00000
vt 0.89286 0.00000
vt 0.92857 0.00000
vt 0.96429 0.00000
vt 1.00000 0.00000
vt 0.00000 1.00000
vt 0.03571 1.00000
vt 0.07143 1.00000
vt 0.10714 1.00000
vt 0.14286 1.00000
vt 0.17857 1.00000
vt 0.21429 1.00000
vt 0.25000 1.00000
vt 0.28571 1.00000
vt 0.32143 1.00000
vt 0.35714 1.00000
vt 0.39286 1.00000
vt 0.42857 1.00000
vt 0.46429 1.00000
vt 0.50000 1.00000
vt 0.53571 1.00000
vt 0.57143 1.00000
vt 0.60714 1.00000
vt 0.64286 1.00000
vt 0.67857 1.00000
vt 0.71429 1.00000
vt 0.75000 1.00000
vt 0.78571 1.00000
vt 0.82143 1.00000
vt 0.85714 1.00000
vt 0.89286 1.00000
vt 0.92857 1.00000
vt 0.96429 1.00000
vt 1.00000 1.00000
vt 0.50000 0.50000
vt 0.50000 0.50000
vt 0.50000 0.50000
vt 0.50000 0.50000
vt 0.50000 0.50000
vt 0.50000 0.50000
vt 0.50000 0.50000
vt 0.50000 0.50000
vt 0.50000 0.50000
vt 0.50000 0.50000
vt 0.50000 0.50000
vt 0.50000 0.50000
vt 0.50000 0.50000
vt 0.50000 0.50000
vt 0.50000 0.50000
vt 0.50000 0.50000
vt 0.50000 0.50000
vt 0.50000 0.50000
vt 0.50000 0.50000
vt 0.50000 0.50000
vt 0.50000 0.50000
vt 0.50000 0.50000
vt 0.50000 0.50000
vt 0.50000 0.50000
vt 0.50000 0.50000
vt 0.50000 0.50000
vt 0.50000 0.50000
vt 0.50000 0.50000
vt 1.00000 0.50000
vt 0.98746 0.38874
vt 0.95048 0.28306
vt 0.89092 0.18826
vt 0.81174 0.10908
vt 0.71694 0.04952
vt 0.61126 0.01254
vt 0.50000 0.00000
vt 0.38874 0.01254
vt 0.28306 0.04952
vt 0.18826 0.10908
vt 0.10908 0.18826
vt 0.04952 0.28306
vt 0.01254 0.38874
vt 0.00000 0.50000
vt 0.01254 0.61126
vt 0.04952 0.71694
vt 0.10908 0.81174
vt 0.18826 0.89092
vt 0.28306 0.95048
vt 0.38874 0.98746
vt 0.50000 1.00000
vt 0.61126 0.98746
vt 0.71694 0.95048
vt 0.81174 0.89092
vt 0.89092 0.81174
vt 0.95048 0.71694
vt 0.98746 0.61126
vt 1.00000 0.50000
vt 0.50000 0.50000
vt 0.50000 0.50000
vt 0.50000 0.50000
vt 0.50000 0.50000
vt 0.50000 0.50000
vt 0.50000 0.50000
vt 0.50000 0.50000
vt 0.50000 0.50000
vt 0.50000 0.50000
vt 0.50000 0.50000
vt 0.50000 0.50000
vt 0.50000 0.50000
vt 0.50000 0.50000
vt 0.50000 0.50000
vt 0.50000 0.50000
vt 0.50000 0.50000
vt 0.50000 0.50000
vt 0.50000 0.50000
vt 0.50000 0.50000
vt 0.50000 0.50000
vt 0.50000 0.50000
vt 0.50000 0.50000
vt 0.50000 0.50000
vt 0.50000 0.50000
vt 0.50000 0.50000
vt 0.50000 0.50000
vt 0.50000 0.50000
vt 0.50000 0.50000
vt 1.00000 0.50000
vt 0.98746 0.61126
vt 0.95048 0.71694
vt 0.89092 0.81174
vt 0.81174 0.89092
vt 0.71694 0.95048
vt 0.61126 0.98746
vt 0.50000 1.00000
vt 0.38874 0.98746
vt 0.28306 0.95048
vt 0.18826 0.89092
vt 0.10908 0.81174
vt 0.04952 0.71694
vt 0.01254 0.61126
vt 0.00000 0.50000
vt 0.01254 0.38874
vt 0.04952 0.28306
vt 0.10908 0.18826
vt 0.18826 0.10908
vt 0.28306 0.04952
vt 0.38874 0.01254
vt 0.50000 0.00000
vt 0.61126 0.01254
vt 0.71694 0.04952
vt 0.81174 0.10908
vt 0.89092 0.18826
vt 0.95048 0.28306
vt 0.98746 0.38874
vt 1.00000 0.50000
f 1/1 30/30 2/2
f 30/30 31/31 2/2
f 2/2 31/31 3/3
f 31/31 32/32 3/3
f 3/3 32/32 4/4
f 32/32 33/33 4/4
f 4/4 33/33 5/5
f 33/33 34/34 5/5
f 5/5 34/34 6/6
f 34/34 35/35 6/6
f 6/6 35/35 7/7
f 35/35 36/36 7/7
f 7/7 36/36 8/8
f 36/36 37/37 8/8
f 8/8 37/37 9/9
f 37/37 38/38 9/9
f 9/9 38/38 10/10
f 38/38 39/39 10/10
f 10/10 39/39 11/11
f 39/39 40/40 11/11
f 11/11 40/40 12/12
f 40/40 41/41 12/12
f 12/12 41/41 13/13
f 41/41 42/42 13/13
f 13/13 42/42 14/14
f 42/42 43/43 14/14
f 14/14 43/43 15/15
f 43/43 44/44 15/15
f 15/15 44/44 16/16
f 44/44 45/45 16/16
f 16/16 45/45 17/17
f 45/45 46/46 17/17
f 17/17 46/46 18/18
f 46/46 47/47 18/18
f 18/18 47/47 19/19
f 47/47 48/48 19/19
f 19/19 48/48 20/20
f 48/48 49/49 20/20
f 20/20 49/49 21/21
f 49/49 50/50 21/21
f 21/21 50/50 22/22
f 50/50 51/51 22/22
f 22/22 51/51 23/23
f 51/51 52/52 23/23
f 23/23 52/52 24/24
f 52/52 53/53 24/24
f 24/24 53/53 25/25
f 53/53 54/54 25/25
f 25/25 54/54 26/26
f 54/54 55/55 26/26
f 26/26 55/55 27/27
f 55/55 56/56 27/27
f 27/27 56/56 28/28
f 56/56 57/57 28/28
f 28/28 57/57 29/29
f 57/57 58/58 29/29
f 87/87 88/88 59/59
f 88/88 89/89 60/60
f 89/89 90/90 61/61
f 90/90 91/91 62/62
f 91/91 92/92 63/63
f 92/92 93/93 64/64
f 93/93 94/94 65/65
f 94/94 95/95 66/66
f 95/95 96/96 67/67
f 96/96 97/97 68/68
f 97/97 98/98 69/69
f 98/98 99/99 70/70
f 99/99 100/100 71/71
f 100/100 101/101 72/72
f 101/101 102/102 73/73
f 102/102 103/103 74/74
f 103/103 104/104 75/75
f 104/104 105/105 76/76
f 105/105 106/106 77/77
f 106/106 107/107 78/78
f 107/107 108/108 79/79
f 108/108 109/109 80/80
f 109/109 110/110 81/81
f 110/110 111/111 82/82
f 111/111 112/112 83/83
f 112/112 113/113 84/84
f 113/113 114/114 85/85
f 114/114 115/115 86/86
f 145/145 144/144 116/116
f 146/146 145/145 117/117
f 147/147 146/146 118/118
f 148/148 147/147 119/119
f 149/149 148/148 120/120
f 150/150 149/149 121/121
f 151/151 150/150 122/122
f 152/152 151/151 123/123
f 153/153 152/152 124/124
f 154/154 153/153 125/125
f 155/155 154/154 126/126
f 156/156 155/155 127/127
f 157/157 156/156 128/128
f 158/158 157/157 129/129
f 159/159 158/158 130/130
f 160/160 159/159 131/131
f 161/161 160/160 132/132
f 162/162 161/161 133/133
f 163/163 162/162 134/134
f 164/164 163/163 135/135
f 165/165 164/164 136/136
f 166/166 165/165 137/137
f 167/167 166/166 138/138
f 168/168 167/167 139/139
f 169/169 168/168 140/140
f 170/170 169/169 141/141
f 171/171 170/170 142/142
f 172/172 171/171 143/143
v 0.00000 0.70750 0.02100
v 0.00804 0.70750 0.01940
v 0.01485 0.70750 0.01485
v 0.01940 0.70750 0.00804
v 0.02100 0.70750 0.00000
v 0.01940 0.70750 -0.00804
v 0.01485 0.70750 -0.01485
v 0.00804 0.70750 -0.01940
v 0.00000 0.70750 -0.02100
v -0.00804 0.70750 -0.01940
v -0.01485 0.70750 -0.01485
v -0.01940 0.70750 -0.00804
v -0.02100 0.70750 -0.00000
v -0.01940 0.70750 0.00804
v -0.01485 0.70750 0.01485
v -0.00804 0.70750 0.01940
v -0.00000 0.70750 0.02100
v 0.00000 0.66250 0.02400
v 0.00918 0.66250 0.02217
v 0.01697 0.66250 0.01697
v 0.02217 0.66250 0.00918
v 0.02400 0.66250 0.00000
v 0.02217 0.66250 -0.00918
v 0.01697 0.66250 -0.01697
v 0.00918 0.66250 -0.02217
v 0.00000 0.66250 -0.02400
v -0.00918 0.66250 -0.02217
v -0.01697 0.66250 -0.01697
v -0.02217 0.66250 -0.00918
v -0.02400 0.66250 -0.00000
v -0.02217 0.66250 0.00918
v -0.01697 0.66250 0.01697
v -0.00918 0.66250 0.02217
v -0.00000 0.66250 0.02400
v 0.00000 0.70750 0.00000
v 0.00000 0.70750 0.00000
v 0.00000 0.70750 0.00000
v 0.00000 0.70750 0.00000
v 0.00000 0.70750 0.00000
v 0.00000 0.70750 0.00000
v 0.00000 0.70750 0.00000
v 0.00000 0.70750 0.00000
v 0.00000 0.70750 0.00000
v 0.00000 0.70750 0.00000
v 0.00000 0.70750 0.00000
v 0.00000 0.70750 0.00000
v 0.00000 0.70750 0.00000
v 0.00000 0.70750 0.00000
v 0.00000 0.70750 0.00000
v 0.00000 0.70750 0.00000
v 0.00000 0.70750 0.02100
v 0.00804 0.70750 0.01940
v 0.01485 0.70750 0.01485
v 0.01940 0.70750 0.00804
v 0.02100 0.70750 0.00000
v 0.01940 0.70750 -0.00804
v 0.01485 0.70750 -0.01485
v 0.00804 0.70750 -0.01940
v 0.00000 0.70750 -0.02100
v -0.00804 0.70750 -0.01940
v -0.01485 0.70750 -0.01485
v -0.01940 0.70750 -0.00804
v -0.02100 0.70750 -0.00000
v -0.01940 0.70750 0.00804
v -0.01485 0.70750 0.01485
v -0.00804 0.70750 0.01940
v -0.00000 0.70750 0.02100
v 0.00000 0.66250 0.00000
v 0.00000 0.66250 0.00000
v 0.00000 0.66250 0.00000
v 0.00000 0.66250 0.00000
v 0.00000 0.66250 0.00000
v 0.00000 0.66250 0.00000
v 0.00000 0.66250 0.00000
v 0.00000 0.66250 0.00000
v 0.00000 0.66250 0.00000
v 0.00000 0.66250 0.00000
v 0.00000 0.66250 0.00000
v 0.00000 0.66250 0.00000
v 0.00000 0.66250 0.00000
v 0.00000 0.66250 0.00000
v 0.00000 0.66250 0.00000
v 0.00000 0.66250 0.00000
v 0.00000 0.66250 0.02400
v 0.00918 0.66250 0.02217
v 0.01697 0.66250 0.01697
v 0.02217 0.66250 0.00918
v 0.02400 0.66250 0.00000
v 0.02217 0.66250 -0.00918
v 0.01697 0.66250 -0.01697
v 0.00918 0.66250 -0.02217
v 0.00000 0.66250 -0.02400
v -0.00918 0.66250 -0.02217
v -0.01697 0.66250 -0.01697
v -0.02217 0.66250 -0.00918
v -0.02400 0.66250 -0.00000
v -0.02217 0.66250 0.00918
v -0.01697 0.66250 0.01697
v -0.00918 0.66250 0.02217
v -0.00000 0.66250 0.02400
vt 0.00000 0.00000
vt 0.06250 0.00000
vt 0.12500 0.00000
vt 0.18750 0.00000
vt 0.25000 0.00000
vt 0.31250 0.00000
vt 0.37500 0.00000
vt 0.43750 0.00000
vt 0.50000 0.00000
vt 0.56250 0.00000
vt 0.62500 0.00000
vt 0.68750 0.00000
vt 0.75000 0.00000
vt 0.81250 0.00000
vt 0.87500 0.00000
vt 0.93750 0.00000
vt 1.00000 0.00000
vt 0.00000 1.00000
vt 0.06250 1.00000
vt 0.12500 1.00000
vt 0.18750 1.00000
vt 0.25000 1.00000
vt 0.31250 1.00000
vt 0.37500 1.00000
vt 0.43750 1.00000
vt 0.50000 1.00000
vt 0.56250 1.00000
vt 0.62500 1.00000
vt 0.68750 1.00000
vt 0.75000 1.00000
vt 0.81250 1.00000
vt 0.87500 1.00000
vt 0.93750 1.00000
vt 1.00000 1.00000
vt 0.50000 0.50000
vt 0.50000 0.50000
vt 0.50000 0.50000
vt 0.50000 0.50000
vt 0.50000 0.50000
vt 0.50000 0.50000
vt 0.50000 0.50000
vt 0.50000 0.50000
vt 0.50000 0.50000
vt 0.50000 0.50000
vt 0.50000 0.50000
vt 0.50000 0.50000
vt 0.50000 0.50000
vt 0.50000 0.50000
vt 0.50000 0.50000
vt 0.50000 0.50000
vt 1.00000 0.50000
vt 0.96194 0.30866
vt 0.85355 0.14645
vt 0.69134 0.03806
vt 0.50000 0.00000
vt 0.30866 0.03806
vt 0.14645 0.14645
vt 0.03806 0.30866
vt 0.00000 0.50000
vt 0.03806 0.69134
vt 0.14645 0.85355
vt 0.30866 0.96194
vt 0.50000 1.00000
vt 0.69134 0.96194
vt 0.85355 0.85355
vt 0.96194 0.69134
vt 1.00000 0.50000
vt 0.50000 0.50000
vt 0.50000 0.50000
vt 0.50000 0.50000
vt 0.50000 0.50000
vt 0.50000 0.50000
vt 0.50000 0.50000
vt 0.50000 0.50000
vt 0.50000 0.50000
vt 0.50000 0.50000
vt 0.50000 0.50000
vt 0.50000 0.50000
vt 0.50000 0.50000
vt 0.50000 0.50000
vt 0.50000 0.50000
vt 0.50000 0.50000
vt 0.50000 0.50000
vt 1.00000 0.50000
vt 0.96194 0.69134
vt 0.85355 0.85355
vt 0.69134 0.96194
vt 0.50000 1.00000
vt 0.30866 0.96194
vt 0.14645 0.85355
vt 0.03806 0.69134
vt 0.00000 0.50000
vt 0.03806 0.30866
vt 0.14645 0.14645
vt 0.30866 0.03806
vt 0.50000 0.00000
vt 0.69134 0.03806
vt 0.85355 0.14645
vt 0.96194 0.30866
vt 1.00000 0.50000
f 173/173 190/190 174/174
f 190/190 191/191 174/174
f 174/174 191/191 175/175
f 191/191 192/192 175/175
f 175/175 192/192 176/176
f 192/192 193/193 176/176
f 176/176 193/193 177/177
f 193/193 194/194 177/177
f 177/177 194/194 178/178
f 194/194 195/195 178/178
f 178/178 195/195 179/179
f 195/195 196/196 179/179
f 179/179 196/196 180/180
f 196/196 197/197 180/180
f 180/180 197/197 181/181
f 197/197 198/198 181/181
f 181/181 198/198 182/182
f 198/198 199/199 182/182
f 182/182 199/199 183/183
f 199/199 200/200 183/183
f 183/183 200/200 184/184
f 200/200 201/201 184/184
f 184/184 201/201 185/185
f 201/201 202/202 185/185
f 185/185 202/202 186/186
f 202/202 203/203 186/186
f 186/186 203/203 187/187
f 203/203 204/204 187/187
f 187/187 204/204 188/188
f 204/204 205/205 188/188
f 188/188 205/205 189/189
f 205/205 206/206 189/189
f 223/223 224/224 207/207
f 224/224 225/225 208/208
f 225/225 226/226 209/209
f 226/226 227/227 210/210
f 227/227 228/228 211/211
f 228/228 229/229 212/212
f 229/229 230/230 213/213
f 230/230 231/231 214/214
f 231/231 232/232 215/215
f 232/232 233/233 216/216
f 233/233 234/234 217/217
f 234/234 235/235 218/218
f 235/235 236/236 219/219
f 236/236 237/237 220/220
f 237/237 238/238 221/221
f 238/238 239/239 222/222
f 257/257 256/256 240/240
f 258/258 257/257 241/241
f 259/259 258/258 242/242
f 260/260 259/259 243/243
f 261/261 260/260 244/244
f 262/262 261/261 245/245
f 263/263 262/262 246/246
f 264/264 263/263 247/247
f 265/265 264/264 248/248
f 266/266 265/265 249/249
f 267/267 266/266 250/250
f 268/268 267/267 251/251
f 269/269 268/268 252/252
f 270/270 269/269 253/253
f 271/271 270/270 254/254
f 272/272 271/271 255/255
usemtl tank_green
v 0.00000 0.62500 0.05500
v 0.01224 0.62500 0.05362
v 0.02386 0.62500 0.04955
v 0.03429 0.62500 0.04300
v 0.04300 0.62500 0.03429
v 0.04955 0.62500 0.02386
v 0.05362 0.62500 0.01224
v 0.05500 0.62500 0.00000
v 0.05362 0.62500 -0.01224
v 0.04955 0.62500 -0.02386
v 0.04300 0.62500 -0.03429
v 0.03429 0.62500 -0.04300
v 0.02386 0.62500 -0.04955
v 0.01224 0.62500 -0.05362
v 0.00000 0.62500 -0.05500
v -0.01224 0.62500 -0.05362
v -0.02386 0.62500 -0.04955
v -0.03429 0.62500 -0.04300
v -0.04300 0.62500 -0.03429
v -0.04955 0.62500 -0.02386
v -0.05362 0.62500 -0.01224
v -0.05500 0.62500 -0.00000
v -0.05362 0.62500 0.01224
v -0.04955 0.62500 0.02386
v -0.04300 0.62500 0.03429
v -0.03429 0.62500 0.04300
v -0.02386 0.62500 0.04955
v -0.01224 0.62500 0.05362
v -0.00000 0.62500 0.05500
v 0.00000 0.02500 0.05500
v 0.01224 0.02500 0.05362
v 0.02386 0.02500 0.04955
v 0.03429 0.02500 0.04300
v 0.04300 0.02500 0.03429
v 0.04955 0.02500 0.02386
v 0.05362 0.02500 0.01224
v 0.05500 0.02500 0.00000
v 0.05362 0.02500 -0.01224
v 0.04955 0.02500 -0.02386
v 0.04300 0.02500 -0.03429
v 0.03429 0.02500 -0.04300
v 0.02386 0.02500 -0.04955
v 0.01224 0.02500 -0.05362
v 0.00000 0.02500 -0.05500
v -0.01224 0.02500 -0.05362
v -0.02386 0.02500 -0.04955
v -0.03429 0.02500 -0.04300
v -0.04300 0.02500 -0.03429
v -0.04955 0.02500 -0.02386
v -0.05362 0.02500 -0.01224
v -0.05500 0.02500 -0.00000
v -0.05362 0.02500 0.01224
v -0.04955 0.02500 0.02386
v -0.04300 0.02500 0.03429
v -0.03429 0.02500 0.04300
v -0.02386 0.02500 0.04955
v -0.01224 0.02500 0.05362
v -0.00000 0.02500 0.05500
v 0.00000 0.62500 0.00000
v 0.00000 0.62500 0.00000
v 0.00000 0.62500 0.00000
v 0.00000 0.62500 0.00000
v 0.00000 0.62500 0.00000
v 0.00000 0.62500 0.00000
v 0.00000 0.62500 0.00000
v 0.00000 0.62500 0.00000
v 0.00000 0.62500 0.00000
v 0.00000 0.62500 0.00000
v 0.00000 0.62500 0.00000
v 0.00000 0.62500 0.00000
v 0.00000 0.62500 0.00000
v 0.00000 0.62500 0.00000
v 0.00000 0.62500 0.00000
v 0.00000 0.62500 0.00000
v 0.00000 0.62500 0.00000
v 0.00000 0.62500 0.00000
v 0.00000 0.62500 0.00000
v 0.00000 0.62500 0.00000
v 0.00000 0.62500 0.00000
v 0.00000 0.62500 0.00000
v 0.00000 0.62500 0.00000
v 0.00000 0.62500 0.00000
v 0.00000 0.62500 0.00000
v 0.00000 0.62500 0.00000
v 0.00000 0.62500 0.00000
v 0.00000 0.62500 0.00000
v 0.00000 0.62500 0.05500
v 0.01224 0.62500 0.05362
v 0.02386 0.62500 0.04955
v 0.03429 0.62500 0.04300
v 0.04300 0.62500 0.03429
v 0.04955 0.62500 0.02386
v 0.05362 0.62500 0.01224
v 0.05500 0.62500 0.00000
v 0.05362 0.62500 -0.01224
v 0.04955 0.62500 -0.02386
v 0.04300 0.62500 -0.03429
v 0.03429 0.62500 -0.04300
v 0.02386 0.62500 -0.04955
v 0.01224 0.62500 -0.05362
v 0.00000 0.62500 -0.05500
v -0.01224 0.62500 -0.05362
v -0.02386 0.62500 -0.04955
v -0.03429 0.62500 -0.04300
v -0.04300 0.62500 -0.03429
v -0.04955 0.62500 -0.02386
v -0.05362 0.62500 -0.01224
v -0.05500 0.62500 -0.00000
v -0.05362 0.62500 0.01224
v -0.04955 0.62500 0.02386
v -0.04300 0.62500 0.03429
v -0.03429 0.62500 0.04300
v -0.02386 0.62500 0.04955
v -0.01224 0.62500 0.05362
v -0.00000 0.62500 0.05500
v 0.00000 0.02500 0.00000
v 0.00000 0.02500 0.00000
v 0.00000 0.02500 0.00000
v 0.00000 0.02500 0.00000
v 0.00000 0.02500 0.00000
v 0.00000 0.02500 0.00000
v 0.00000 0.02500 0.00000
v 0.00000 0.02500 0.00000
v 0.00000 0.02500 0.00000
v 0.00000 0.02500 0.00000
v 0.00000 0.02500 0.00000
v 0.00000 0.02500 0.00000
v 0.00000 0.02500 0.00000
v 0.00000 0.02500 0.00000
v 0.00000 0.02500 0.00000
v 0.00000 0.02500 0.00000
v 0.00000 0.02500 0.00000
v 0.00000 0.02500 0.00000
v 0.00000 0.02500 0.00000
v 0.00000 0.02500 0.00000
v 0.00000 0.02500 0.00000
v 0.00000 0.02500 0.00000
v 0.00000 0.02500 0.00000
v 0.00000 0.02500 0.00000
v 0.00000 0.02500 0.00000
v 0.00000 0.02500 0.00000
v 0.00000 0.02500 0.00000
v 0.00000 0.02500 0.00000
v 0.00000 0.02500 0.05500
v 0.01224 0.02500 0.05362
v 0.02386 0.02500 0.04955
v 0.03429 0.02500 0.04300
v 0.04300 0.02500 0.03429
v 0.04955 0.02500 0.02386
v 0.05362 0.02500 0.01224
v 0.05500 0.02500 0.00000
v 0.05362 0.02500 -0.01224
v 0.04955 0.02500 -0.02386
v 0.04300 0.02500 -0.03429
v 0.03429 0.02500 -0.04300
v 0.02386 0.02500 -0.04955
v 0.01224 0.02500 -0.05362
v 0.00000 0.02500 -0.05500
v -0.01224 0.02500 -0.05362
v -0.02386 0.02500 -0.04955
v -0.03429 0.02500 -0.04300
v -0.04300 0.02500 -0.03429
v -0.04955 0.02500 -0.02386
v -0.05362 0.02500 -0.01224
v -0.05500 0.02500 -0.00000
v -0.05362 0.02500 0.01224
v -0.04955 0.02500 0.02386
v -0.04300 0.02500 0.03429
v -0.03429 0.02500 0.04300
v -0.02386 0.02500 0.04955
v -0.01224 0.02500 0.05362
v -0.00000 0.02500 0.05500
vt 0.00000 0.00000
vt 0.03571 0.00000
vt 0.07143 0.00000
vt 0.10714 0.00000
vt 0.14286 0.00000
vt 0.17857 0.00000
vt 0.21429 0.00000
vt 0.25000 0.00000
vt 0.28571 0.00000
vt 0.32143 0.00000
vt 0.35714 0.00000
vt 0.39286 0.00000
vt 0.42857 0.00000
vt 0.46429 0.00000
vt 0.50000 0.00000
vt 0.53571 0.00000
vt 0.57143 0.00000
vt 0.60714 0.00000
vt 0.64286 0.00000
vt 0.67857 0.00000
vt 0.71429 0.00000
vt 0.75000 0.00000
vt 0.78571 0.00000
vt 0.82143 0.00000
vt 0.85714 0.00000
vt 0.89286 0.00000
vt 0.92857 0.00000
vt 0.96429 0.00000
vt 1.00000 0.00000
vt 0.00000 1.00000
vt 0.03571 1.00000
vt 0.07143 1.00000
vt 0.10714 1.00000
vt 0.14286 1.00000
vt 0.17857 1.00000
vt 0.21429 1.00000
vt 0.25000 1.00000
vt 0.28571 1.00000
vt 0.32143 1.00000
vt 0.35714 1.00000
vt 0.39286 1.00000
vt 0.42857 1.00000
vt 0.46429 1.00000
vt 0.50000 1.00000
vt 0.53571 1.00000
vt 0.57143 1.00000
vt 0.60714 1.00000
vt 0.64286 1.00000
vt 0.67857 1.00000
vt 0.71429 1.00000
vt 0.75000 1.00000
vt 0.78571 1.00000
vt 0.82143 1.00000
vt 0.85714 1.00000
vt 0.89286 1.00000
vt 0.92857 1.00000
vt 0.96429 1.00000
vt 1.00000 1.00000
vt 0.50000 0.50000
vt 0.50000 0.50000
vt 0.50000 0.50000
vt 0.50000 0.50000
vt 0.50000 0.50000
vt 0.50000 0.50000
vt 0.50000 0.50000
vt 0.50000 0.50000
vt 0.50000 0.50000
vt 0.50000 0.50000
vt 0.50000 0.50000
vt 0.50000 0.50000
vt 0.50000 0.50000
vt 0.50000 0.50000
vt 0.50000 0.50000
vt 0.50000 0.50000
vt 0.50000 0.50000
vt 0.50000 0.50000
vt 0.50000 0.50000
vt 0.50000 0.50000
vt 0.50000 0.50000
vt 0.50000 0.50000
vt 0.50000 0.50000
vt 0.50000 0.50000
vt 0.50000 0.50000
vt 0.50000 0.50000
vt 0.50000 0.50000
vt 0.50000 0.50000
vt 1.00000 0.50000
vt 0.98746 0.38874
vt 0.95048 0.28306
vt 0.89092 0.18826
vt 0.81174 0.10908
vt 0.71694 0.04952
vt 0.61126 0.01254
vt 0.50000 0.00000
vt 0.38874 0.01254
vt 0.28306 0.04952
vt 0.18826 0.10908
vt 0.10908 0.18826
vt 0.04952 0.28306
vt 0.01254 0.38874
vt 0.00000 0.50000
vt 0.01254 0.61126
vt 0.04952 0.71694
vt 0.10908 0.81174
vt 0.18826 0.89092
vt 0.28306 0.95048
vt 0.38874 0.98746
vt 0.50000 1.00000
vt 0.61126 0.98746
vt 0.71694 0.95048
vt 0.81174 0.89092
vt 0.89092 0.81174
vt 0.95048 0.71694
vt 0.98746 0.61126
vt 1.00000 0.50000
vt 0.50000 0.50000
vt 0.50000 0.50000
vt 0.50000 0.50000
vt 0.50000 0.50000
vt 0.50000 0.50000
vt 0.50000 0.50000
vt 0.50000 0.50000
vt 0.50000 0.50000
vt 0.50000 0.50000
vt 0.50000 0.50000
vt 0.50000 0.50000
vt 0.50000 0.50000
vt 0.50000 0.50000
vt 0.50000 0.50000
vt 0.50000 0.50000
vt 0.50000 0.50000
vt 0.50000 0.50000
vt 0.50000 0.50000
vt 0.50000 0.50000
vt 0.50000 0.50000
vt 0.50000 0.50000
vt 0.50000 0.50000
vt 0.50000 0.50000
vt 0.50000 0.50000
vt 0.50000 0.50000
vt 0.50000 0.50000
vt 0.50000 0.50000
vt 0.50000 0.50000
vt 1.00000 0.50000
vt 0.98746 0.61126
vt 0.95048 0.71694
vt 0.89092 0.81174
vt 0.81174 0.89092
vt 0.71694 0.95048
vt 0.61126 0.98746
vt 0.50000 1.00000
vt 0.38874 0.98746
vt 0.28306 0.95048
vt 0.18826 0.89092
vt 0.10908 0.81174
vt 0.04952 0.71694
vt 0.01254 0.61126
vt 0.00000 0.50000
vt 0.01254 0.38874
vt 0.04952 0.28306
vt 0.10908 0.18826
vt 0.18826 0.10908
vt 0.28306 0.04952
vt 0.38874 0.01254
vt 0.50000 0.00000
vt 0.61126 0.01254
vt 0.71694 0.04952
vt 0.81174 0.10908
vt 0.89092 0.18826
vt 0.95048 0.28306
vt 0.98746 0.38874
vt 1.00000 0.50000
f 273/273 302/302 274/274
f 302/302 303/303 274/274
f 274/274 303/303 275/275
f 303/303 304/304 275/275
f 275/275 304/304 276/276
f 304/304 305/305 276/276
f 276/276 305/305 277/277
f 305/305 306/306 277/277
f 277/277 306/306 278/278
f 306/306 307/307 278/278
f 278/278 307/307 279/279
f 307/307 308/308 279/279
f 279/279 308/308 280/280
f 308/308 309/309 280/280
f 280/280 309/309 281/281
f 309/309 310/310 281/281
f 281/281 310/310 282/282
f 310/310 311/311 282/282
f 282/282 311/311 283/283
f 311/311 312/312 283/283
f 283/283 312/312 284/284
f 312/312 313/313 284/284
f 284/284 313/313 285/285
f 313/313 314/314 285/285
f 285/285 314/314 286/286
f 314/314 315/315 286/286
f 286/286 315/315 287/287
f 315/315 316/316 287/287
f 287/287 316/316 288/288
f 316/316 317/317 288/288
f 288/288 317/317 289/289
f 317/317 318/318 289/289
f 289/289 318/318 290/290
f 318/318 319/319 290/290
f 290/290 319/319 291/291
f 319/319 320/320 291/291
f 291/291 320/320 292/292
f 320/320 321/321 292/292
f 292/292 321/321 293/293
f 321/321 322/322 293/293
f 293/293 322/322 294/294
f 322/322 323/323 294/294
f 294/294 323/323 295/295
f 323/323 324/324 295/295
f 295/295 324/324 296/296
f 324/324 325/325 296/296
f 296/296 325/325 297/297
f 325/325 326/326 297/297
f 297/297 326/326 298/298
f 326/326 327/327 298/298
f 298/298 327/327 299/299
f 327/327 328/328 299/299
f 299/299 328/328 300/300
f 328/328 329/329 300/300
f 300/300 329/329 301/301
f 329/329 330/330 301/301
f 359/359 360/360 331/331
f 360/360 361/361 332/332
f 361/361 362/362 333/333
f 362/362 363/363 334/334
f 363/363 364/364 335/335
f 364/364 365/365 336/336
f 365/365 366/366 337/337
f 366/366 367/367 338/338
f 367/367 368/368 339/339
f 368/368 369/369 340/340
f 369/369 370/370 341/341
f 370/370 371/371 342/342
f 371/371 372/372 343/343
f 372/372 373/373 344/344
f 373/373 374/374 345/345
f 374/374 375/375 346/346
f 375/375 376/376 347/347
f 376/376 377/377 348/348
f 377/377 378/378 349/349
f 378/378 379/379 350/350
f 379/379 380/380 351/351
f 380/380 381/381 352/352
f 381/381 382/382 353/353
f 382/382 383/383 354/354
f 383/383 384/384 355/355
f 384/384 385/385 356/356
f 385/385 386/386 357/357
f 386/386 387/387 358/358
f 417/417 416/416 388/388
f 418/418 417/417 389/389
f 419/419 418/418 390/390
f 420/420 419/419 391/391
f 421/421 420/420 392/392
f 422/422 421/421 393/393
f 423/423 422/422 394/394
f 424/424 423/423 395/395
f 425/425 424/424 396/396
f 426/426 425/425 397/397
f 427/427 426/426 398/398
f 428/428 427/427 399/399
f 429/429 428/428 400/400
f 430/430 429/429 401/401
f 431/431 430/430 402/402
f 432/432 431/431 403/403
f 433/433 432/432 404/404
f 434/434 433/433 405/405
f 435/435 434/434 406/406
f 436/436 435/435 407/407
f 437/437 436/436 408/408
f 438/438 437/437 409/409
f 439/439 438/438 410/410
f 440/440 439/439 411/411
f 441/441 440/440 412/412
f 442/442 441/441 413/413
f 443/443 442/442 414/414
f 444/444 443/443 415/415
v 0.00000 0.66900 0.00000
v 0.00000 0.66900 0.00000
v 0.00000 0.66900 0.00000
v 0.00000 0.66900 0.00000
v 0.00000 0.66900 0.00000
v 0.00000 0.66900 0.00000
v 0.00000 0.66900 0.00000
v 0.00000 0.66900 0.00000
v 0.00000 0.66900 0.00000
v 0.00000 0.66900 0.00000
v 0.00000 0.66900 0.00000
v 0.00000 0.66900 0.00000
v 0.00000 0.66900 0.00000
v 0.00000 0.66900 0.00000
v 0.00000 0.66900 0.00000
v 0.00000 0.66900 0.00000
v 0.00000 0.66900 0.00000
v 0.00000 0.66900 0.00000
v 0.00000 0.66900 0.00000
v 0.00000 0.66900 0.00000
v 0.00000 0.66900 0.00000
v 0.00000 0.66900 0.00000
v 0.00000 0.66900 0.00000
v 0.00000 0.66900 0.00000
v 0.00000 0.66900 0.00000
v 0.00000 0.66900 0.00000
v 0.00000 0.66900 0.00000
v 0.00000 0.66900 0.00000
v 0.00000 0.66900 0.00000
v -0.00616 0.66872 0.00000
v -0.00600 0.66872 0.00137
v -0.00555 0.66872 0.00267
v -0.00481 0.66872 0.00384
v -0.00384 0.66872 0.00481
v -0.00267 0.66872 0.00555
v -0.00137 0.66872 0.00600
v -0.00000 0.66872 0.00616
v 0.00137 0.66872 0.00600
v 0.00267 0.66872 0.00555
v 0.00384 0.66872 0.00481
v 0.00481 0.66872 0.00384
v 0.00555 0.66872 0.00267
v 0.00600 0.66872 0.00137
v 0.00616 0.66872 0.00000
v 0.00600 0.66872 -0.00137
v 0.00555 0.66872 -0.00267
v 0.00481 0.66872 -0.00384
v 0.00384 0.66872 -0.00481
v 0.00267 0.66872 -0.00555
v 0.00137 0.66872 -0.00600
v 0.00000 0.66872 -0.00616
v -0.00137 0.66872 -0.00600
v -0.00267 0.66872 -0.00555
v -0.00384 0.66872 -0.00481
v -0.00481 0.66872 -0.00384
v -0.00555 0.66872 -0.00267
v -0.00600 0.66872 -0.00137
v -0.00616 0.66872 -0.00000
v -0.01224 0.66790 0.00000
v -0.01193 0.66790 0.00272
v -0.01103 0.66790 0.00531
v -0.00957 0.66790 0.00763
v -0.00763 0.66790 0.00957
v -0.00531 0.66790 0.01103
v -0.00272 0.66790 0.01193
v -0.00000 0.66790 0.01224
v 0.00272 0.66790 0.01193
v 0.00531 0.66790 0.01103
v 0.00763 0.66790 0.00957
v 0.00957 0.66790 0.00763
v 0.01103 0.66790 0.00531
v 0.01193 0.66790 0.00272
v 0.01224 0.66790 0.00000
v 0.01193 0.66790 -0.00272
v 0.01103 0.66790 -0.00531
v 0.00957 0.66790 -0.00763
v 0.00763 0.66790 -0.00957
v 0.00531 0.66790 -0.01103
v 0.00272 0.66790 -0.01193
v 0.00000 0.66790 -0.01224
v -0.00272 0.66790 -0.01193
v -0.00531 0.66790 -0.01103
v -0.00763 0.66790 -0.00957
v -0.00957 0.66790 -0.00763
v -0.01103 0.66790 -0.00531
v -0.01193 0.66790 -0.00272
v -0.01224 0.66790 -0.00000
v -0.01817 0.66653 0.00000
v -0.01771 0.66653 0.00404
v -0.01637 0.66653 0.00788
v -0.01420 0.66653 0.01133
v -0.01133 0.66653 0.01420
v -0.00788 0.66653 0.01637
v -0.00404 0.66653 0.01771
v -0.00000 0.66653 0.01817
v 0.00404 0.66653 0.01771
v 0.00788 0.66653 0.01637
v 0.01133 0.66653 0.01420
v 0.01420 0.66653 0.01133
v 0.01637 0.66653 0.00788
v 0.01771 0.66653 0.00404
v 0.01817 0.66653 0.00000
v 0.01771 0.66653 -0.00404
v 0.01637 0.66653 -0.00788
v 0.01420 0.66653 -0.01133
v 0.01133 0.66653 -0.01420
v 0.00788 0.66653 -0.01637
v 0.00404 0.66653 -0.01771
v 0.00000 0.66653 -0.01817
v -0.00404 0.66653 -0.01771
v -0.00788 0.66653 -0.01637
v -0.01133 0.66653 -0.01420
v -0.01420 0.66653 -0.01133
v -0.01637 0.66653 -0.00788
v -0.01771 0.66653 -0.00404
v -0.01817 0.66653 -0.00000
v -0.02386 0.66464 0.00000
v -0.02327 0.66464 0.00531
v -0.02150 0.66464 0.01035
v -0.01866 0.66464 0.01488
v -0.01488 0.66464 0.01866
v -0.01035 0.66464 0.02150
v -0.00531 0.66464 0.02327
v -0.00000 0.66464 0.02386
v 0.00531 0.66464 0.02327
v 0.01035 0.66464 0.02150
v 0.01488 0.66464 0.01866
v 0.01866 0.66464 0.01488
v 0.02150 0.66464 0.01035
v 0.02327 0.66464 0.00531
v 0.02386 0.66464 0.00000
v 0.02327 0.66464 -0.00531
v 0.02150 0.66464 -0.01035
v 0.01866 0.66464 -0.01488
v 0.01488 0.66464 -0.01866
v 0.01035 0.66464 -0.02150
v 0.00531 0.66464 -0.02327
v 0.00000 0.66464 -0.02386
v -0.00531 0.66464 -0.02327
v -0.01035 0.66464 -0.02150
v -0.01488 0.66464 -0.01866
v -0.01866 0.66464 -0.01488
v -0.02150 0.66464 -0.01035
v -0.02327 0.66464 -0.00531
v -0.02386 0.66464 -0.00000
v -0.02926 0.66226 0.00000
v -0.02853 0.66226 0.00651
v -0.02636 0.66226 0.01270
v -0.02288 0.66226 0.01824
v -0.01824 0.66226 0.02288
v -0.01270 0.66226 0.02636
v -0.00651 0.66226 0.02853
v -0.00000 0.66226 0.02926
v 0.00651 0.66226 0.02853
v 0.01270 0.66226 0.02636
v 0.01824 0.66226 0.02288
v 0.02288 0.66226 0.01824
v 0.02636 0.66226 0.01270
v 0.02853 0.66226 0.00651
v 0.02926 0.66226 0.00000
v 0.02853 0.66226 -0.00651
v 0.02636 0.66226 -0.01270
v 0.02288 0.66226 -0.01824
v 0.01824 0.66226 -0.02288
v 0.01270 0.66226 -0.02636
v 0.00651 0.66226 -0.02853
v 0.00000 0.66226 -0.02926
v -0.00651 0.66226 -0.02853
v -0.01270 0.66226 -0.02636
v -0.01824 0.66226 -0.02288
v -0.02288 0.66226 -0.01824
v -0.02636 0.66226 -0.01270
v -0.02853 0.66226 -0.00651
v -0.02926 0.66226 -0.00000
v -0.03429 0.65940 0.00000
v -0.03343 0.65940 0.00763
v -0.03090 0.65940 0.01488
v -0.02681 0.65940 0.02138
v -0.02138 0.65940 0.02681
v -0.01488 0.65940 0.03090
v -0.00763 0.65940 0.03343
v -0.00000 0.65940 0.03429
v 0.00763 0.65940 0.03343
v 0.01488 0.65940 0.03090
v 0.02138 0.65940 0.02681
v 0.02681 0.65940 0.02138
v 0.03090 0.65940 0.01488
v 0.03343 0.65940 0.00763
v 0.03429 0.65940 0.00000
v 0.03343 0.65940 -0.00763
v 0.03090 0.65940 -0.01488
v 0.02681 0.65940 -0.02138
v 0.02138 0.65940 -0.02681
v 0.01488 0.65940 -0.03090
v 0.00763 0.65940 -0.03343
v 0.00000 0.65940 -0.03429
v -0.00763 0.65940 -0.03343
v -0.01488 0.65940 -0.03090
v -0.02138 0.65940 -0.02681
v -0.02681 0.65940 -0.02138
v -0.03090 0.65940 -0.01488
v -0.03343 0.65940 -0.00763
v -0.03429 0.65940 -0.00000
v -0.03889 0.65611 0.00000
v -0.03792 0.65611 0.00865
v -0.03504 0.65611 0.01687
v -0.03041 0.65611 0.02425
v -0.02425 0.65611 0.03041
v -0.01687 0.65611 0.03504
v -0.00865 0.65611 0.03792
v -0.00000 0.65611 0.03889
v 0.00865 0.65611 0.03792
v 0.01687 0.65611 0.03504
v 0.02425 0.65611 0.03041
v 0.03041 0.65611 0.02425
v 0.03504 0.65611 0.01687
v 0.03792 0.65611 0.00865
v 0.03889 0.65611 0.00000
v 0.03792 0.65611 -0.00865
v 0.03504 0.65611 -0.01687
v 0.03041 0.65611 -0.02425
v 0.02425 0.65611 -0.03041
v 0.01687 0.65611 -0.03504
v 0.00865 0.65611 -0.03792
v 0.00000 0.65611 -0.03889
v -0.00865 0.65611 -0.03792
v -0.01687 0.65611 -0.03504
v -0.02425 0.65611 -0.03041
v -0.03041 0.65611 -0.02425
v -0.03504 0.65611 -0.01687
v -0.03792 0.65611 -0.00865
v -0.03889 0.65611 -0.00000
v -0.04300 0.65243 0.00000
v -0.04192 0.65243 0.00957
v -0.03874 0.65243 0.01866
v -0.03362 0.65243 0.02681
v -0.02681 0.65243 0.03362
v -0.01866 0.65243 0.03874
v -0.00957 0.65243 0.04192
v -0.00000 0.65243 0.04300
v 0.00957 0.65243 0.04192
v 0.01866 0.65243 0.03874
v 0.02681 0.65243 0.03362
v 0.03362 0.65243 0.02681
v 0.03874 0.65243 0.01866
v 0.04192 0.65243 0.00957
v 0.04300 0.65243 0.00000
v 0.04192 0.65243 -0.00957
v 0.03874 0.65243 -0.01866
v 0.03362 0.65243 -0.02681
v 0.02681 0.65243 -0.03362
v 0.01866 0.65243 -0.03874
v 0.00957 0.65243 -0.04192
v 0.00000 0.65243 -0.04300
v -0.00957 0.65243 -0.04192
v -0.01866 0.65243 -0.03874
v -0.02681 0.65243 -0.03362
v -0.03362 0.65243 -0.02681
v -0.03874 0.65243 -0.01866
v -0.04192 0.65243 -0.00957
v -0.04300 0.65243 -0.00000
v -0.04657 0.64841 0.00000
v -0.04540 0.64841 0.01036
v -0.04196 0.64841 0.02021
v -0.03641 0.64841 0.02904
v -0.02904 0.64841 0.03641
v -0.02021 0.64841 0.04196
v -0.01036 0.64841 0.04540
v -0.00000 0.64841 0.04657
v 0.01036 0.64841 0.04540
v 0.02021 0.64841 0.04196
v 0.02904 0.64841 0.03641
v 0.03641 0.64841 0.02904
v 0.04196 0.64841 0.02021
v 0.04540 0.64841 0.01036
v 0.04657 0.64841 0.00000
v 0.04540 0.64841 -0.01036
v 0.04196 0.64841 -0.02021
v 0.03641 0.64841 -0.02904
v 0.02904 0.64841 -0.03641
v 0.02021 0.64841 -0.04196
v 0.01036 0.64841 -0.04540
v 0.00000 0.64841 -0.04657
v -0.01036 0.64841 -0.04540
v -0.02021 0.64841 -0.04196
v -0.02904 0.64841 -0.03641
v -0.03641 0.64841 -0.02904
v -0.04196 0.64841 -0.02021
v -0.04540 0.64841 -0.01036
v -0.04657 0.64841 -0.00000
v -0.04955 0.64409 0.00000
v -0.04831 0.64409 0.01103
v -0.04465 0.64409 0.02150
v -0.03874 0.64409 0.03090
v -0.03090 0.64409 0.03874
v -0.02150 0.64409 0.04465
v -0.01103 0.64409 0.04831
v -0.00000 0.64409 0.04955
v 0.01103 0.64409 0.04831
v 0.02150 0.64409 0.04465
v 0.03090 0.64409 0.03874
v 0.03874 0.64409 0.03090
v 0.04465 0.64409 0.02150
v 0.04831 0.64409 0.01103
v 0.04955 0.64409 0.00000
v 0.04831 0.64409 -0.01103
v 0.04465 0.64409 -0.02150
v 0.03874 0.64409 -0.03090
v 0.03090 0.64409 -0.03874
v 0.02150 0.64409 -0.04465
v 0.01103 0.64409 -0.04831
v 0.00000 0.64409 -0.04955
v -0.01103 0.64409 -0.04831
v -0.02150 0.64409 -0.04465
v -0.03090 0.64409 -0.03874
v -0.03874 0.64409 -0.03090
v -0.04465 0.64409 -0.02150
v -0.04831 0.64409 -0.01103
v -0.04955 0.64409 -0.00000
v -0.05191 0.63953 0.00000
v -0.05061 0.63953 0.01155
v -0.04677 0.63953 0.02252
v -0.04059 0.63953 0.03237
v -0.03237 0.63953 0.04059
v -0.02252 0.63953 0.04677
v -0.01155 0.63953 0.05061
v -0.00000 0.63953 0.05191
v 0.01155 0.63953 0.05061
v 0.02252 0.63953 0.04677
v 0.03237 0.63953 0.04059
v 0.04059 0.63953 0.03237
v 0.04677 0.63953 0.02252
v 0.05061 0.63953 0.01155
v 0.05191 0.63953 0.00000
v 0.05061 0.63953 -0.01155
v 0.04677 0.63953 -0.02252
v 0.04059 0.63953 -0.03237
v 0.03237 0.63953 -0.04059
v 0.02252 0.63953 -0.04677
v 0.01155 0.63953 -0.05061
v 0.00000 0.63953 -0.05191
v -0.01155 0.63953 -0.05061
v -0.02252 0.63953 -0.04677
v -0.03237 0.63953 -0.04059
v -0.04059 0.63953 -0.03237
v -0.04677 0.63953 -0.02252
v -0.05061 0.63953 -0.01155
v -0.05191 0.63953 -0.00000
v -0.05362 0.63479 0.00000
v -0.05228 0.63479 0.01193
v -0.04831 0.63479 0.02327
v -0.04192 0.63479 0.03343
v -0.03343 0.63479 0.04192
v -0.02327 0.63479 0.04831
v -0.01193 0.63479 0.05228
v -0.00000 0.63479 0.05362
v 0.01193 0.63479 0.05228
v 0.02327 0.63479 0.04831
v 0.03343 0.63479 0.04192
v 0.04192 0.63479 0.03343
v 0.04831 0.63479 0.02327
v 0.05228 0.63479 0.01193
v 0.05362 0.63479 0.00000
v 0.05228 0.63479 -0.01193
v 0.04831 0.63479 -0.02327
v 0.04192 0.63479 -0.03343
v 0.03343 0.63479 -0.04192
v 0.02327 0.63479 -0.04831
v 0.01193 0.63479 -0.05228
v 0.00000 0.63479 -0.05362
v -0.01193 0.63479 -0.05228
v -0.02327 0.63479 -0.04831
v -0.03343 0.63479 -0.04192
v -0.04192 0.63479 -0.03343
v -0.04831 0.63479 -0.02327
v -0.05228 0.63479 -0.01193
v -0.05362 0.63479 -0.00000
v -0.05465 0.62993 0.00000
v -0.05328 0.62993 0.01216
v -0.04924 0.62993 0.02371
v -0.04273 0.62993 0.03408
v -0.03408 0.62993 0.04273
v -0.02371 0.62993 0.04924
v -0.01216 0.62993 0.05328
v -0.00000 0.62993 0.05465
v 0.01216 0.62993 0.05328
v 0.02371 0.62993 0.04924
v 0.03408 0.62993 0.04273
v 0.04273 0.62993 0.03408
v 0.04924 0.62993 0.02371
v 0.05328 0.62993 0.01216
v 0.05465 0.62993 0.00000
v 0.05328 0.62993 -0.01216
v 0.04924 0.62993 -0.02371
v 0.04273 0.62993 -0.03408
v 0.03408 0.62993 -0.04273
v 0.02371 0.62993 -0.04924
v 0.01216 0.62993 -0.05328
v 0.00000 0.62993 -0.05465
v -0.01216 0.62993 -0.05328
v -0.02371 0.62993 -0.04924
v -0.03408 0.62993 -0.04273
v -0.04273 0.62993 -0.03408
v -0.04924 0.62993 -0.02371
v -0.05328 0.62993 -0.01216
v -0.05465 0.62993 -0.00000
v -0.05500 0.62500 0.00000
v -0.05362 0.62500 0.01224
v -0.04955 0.62500 0.02386
v -0.04300 0.62500 0.03429
v -0.03429 0.62500 0.04300
v -0.02386 0.62500 0.04955
v -0.01224 0.62500 0.05362
v -0.00000 0.62500 0.05500
v 0.01224 0.62500 0.05362
v 0.02386 0.62500 0.04955
v 0.03429 0.62500 0.04300
v 0.04300 0.62500 0.03429
v 0.04955 0.62500 0.02386
v 0.05362 0.62500 0.01224
v 0.05500 0.62500 0.00000
v 0.05362 0.62500 -0.01224
v 0.04955 0.62500 -0.02386
v 0.04300 0.62500 -0.03429
v 0.03429 0.62500 -0.04300
v 0.02386 0.62500 -0.04955
v 0.01224 0.62500 -0.05362
v 0.00000 0.62500 -0.05500
v -0.01224 0.62500 -0.05362
v -0.02386 0.62500 -0.04955
v -0.03429 0.62500 -0.04300
v -0.04300 0.62500 -0.03429
v -0.04955 0.62500 -0.02386
v -0.05362 0.62500 -0.01224
v -0.05500 0.62500 -0.00000
vt 0.01786 0.00000
vt 0.05357 0.00000
vt 0.08929 0.00000
vt 0.12500 0.00000
vt 0.16071 0.00000
vt 0.19643 0.00000
vt 0.23214 0.00000
vt 0.26786 0.00000
vt 0.30357 0.00000
vt 0.33929 0.00000
vt 0.37500 0.00000
vt 0.41071 0.00000
vt 0.44643 0.00000
vt 0.48214 0.00000
vt 0.51786 0.00000
vt 0.55357 0.00000
vt 0.58929 0.00000
vt 0.62500 0.00000
vt 0.66071 0.00000
vt 0.69643 0.00000
vt 0.73214 0.00000
vt 0.76786 0.00000
vt 0.80357 0.00000
vt 0.83929 0.00000
vt 0.87500 0.00000
vt 0.91071 0.00000
vt 0.94643 0.00000
vt 0.98214 0.00000
vt 1.01786 0.00000
vt 0.00000 0.07143
vt 0.03571 0.07143
vt 0.07143 0.07143
vt 0.10714 0.07143
vt 0.14286 0.07143
vt 0.17857 0.07143
vt 0.21429 0.07143
vt 0.25000 0.07143
vt 0.28571 0.07143
vt 0.32143 0.07143
vt 0.35714 0.07143
vt 0.39286 0.07143
vt 0.42857 0.07143
vt 0.46429 0.07143
vt 0.50000 0.07143
vt 0.53571 0.07143
vt 0.57143 0.07143
vt 0.60714 0.07143
vt 0.64286 0.07143
vt 0.67857 0.07143
vt 0.71429 0.07143
vt 0.75000 0.07143
vt 0.78571 0.07143
vt 0.82143 0.07143
vt 0.85714 0.07143
vt 0.89286 0.07143
vt 0.92857 0.07143
vt 0.96429 0.07143
vt 1.00000 0.07143
vt 0.00000 0.14286
vt 0.03571 0.14286
vt 0.07143 0.14286
vt 0.10714 0.14286
vt 0.14286 0.14286
vt 0.17857 0.14286
vt 0.21429 0.14286
vt 0.25000 0.14286
vt 0.28571 0.14286
vt 0.32143 0.14286
vt 0.35714 0.14286
vt 0.39286 0.14286
vt 0.42857 0.14286
vt 0.46429 0.14286
vt 0.50000 0.14286
vt 0.53571 0.14286
vt 0.57143 0.14286
vt 0.60714 0.14286
vt 0.64286 0.14286
vt 0.67857 0.14286
vt 0.71429 0.14286
vt 0.75000 0.14286
vt 0.78571 0.14286
vt 0.82143 0.14286
vt 0.85714 0.14286
vt 0.89286 0.14286
vt 0.92857 0.14286
vt 0.96429 0.14286
vt 1.00000 0.14286
vt 0.00000 0.21429
vt 0.03571 0.21429
vt 0.07143 0.21429
vt 0.10714 0.21429
vt 0.14286 0.21429
vt 0.17857 0.21429
vt 0.21429 0.21429
vt 0.25000 0.21429
vt 0.28571 0.21429
vt 0.32143 0.21429
vt 0.35714 0.21429
vt 0.39286 0.21429
vt 0.42857 0.21429
vt 0.46429 0.21429
vt 0.50000 0.21429
vt 0.53571 0.21429
vt 0.57143 0.21429
vt 0.60714 0.21429
vt 0.64286 0.21429
vt 0.67857 0.21429
vt 0.71429 0.21429
vt 0.75000 0.21429
vt 0.78571 0.21429
vt 0.82143 0.21429
vt 0.85714 0.21429
vt 0.89286 0.21429
vt 0.92857 0.21429
vt 0.96429 0.21429
vt 1.00000 0.21429
vt 0.00000 0.28571
vt 0.03571 0.28571
vt 0.07143 0.28571
vt 0.10714 0.28571
vt 0.14286 0.28571
vt 0.17857 0.28571
vt 0.21429 0.28571
vt 0.25000 0.28571
vt 0.28571 0.28571
vt 0.32143 0.28571
vt 0.35714 0.28571
vt 0.39286 0.28571
vt 0.42857 0.28571
vt 0.46429 0.28571
vt 0.50000 0.28571
vt 0.53571 0.28571
vt 0.57143 0.28571
vt 0.60714 0.28571
vt 0.64286 0.28571
vt 0.67857 0.28571
vt 0.71429 0.28571
vt 0.75000 0.28571
vt 0.78571 0.28571
vt 0.82143 0.28571
vt 0.85714 0.28571
vt 0.89286 0.28571
vt 0.92857 0.28571
vt 0.96429 0.28571
vt 1.00000 0.28571
vt 0.00000 0.35714
vt 0.03571 0.35714
vt 0.07143 0.35714
vt 0.10714 0.35714
vt 0.14286 0.35714
vt 0.17857 0.35714
vt 0.21429 0.35714
vt 0.25000 0.35714
vt 0.28571 0.35714
vt 0.32143 0.35714
vt 0.35714 0.35714
vt 0.39286 0.35714
vt 0.42857 0.35714
vt 0.46429 0.35714
vt 0.50000 0.35714
vt 0.53571 0.35714
vt 0.57143 0.35714
vt 0.60714 0.35714
vt 0.64286 0.35714
vt 0.67857 0.35714
vt 0.71429 0.35714
vt 0.75000 0.35714
vt 0.78571 0.35714
vt 0.82143 0.35714
vt 0.85714 0.35714
vt 0.89286 0.35714
vt 0.92857 0.35714
vt 0.96429 0.35714
vt 1.00000 0.35714
vt 0.00000 0.42857
vt 0.03571 0.42857
vt 0.07143 0.42857
vt 0.10714 0.42857
vt 0.14286 0.42857
vt 0.17857 0.42857
vt 0.21429 0.42857
vt 0.25000 0.42857
vt 0.28571 0.42857
vt 0.32143 0.42857
vt 0.35714 0.42857
vt 0.39286 0.42857
vt 0.42857 0.42857
vt 0.46429 0.42857
vt 0.50000 0.42857
vt 0.53571 0.42857
vt 0.57143 0.42857
vt 0.60714 0.42857
vt 0.64286 0.42857
vt 0.67857 0.42857
vt 0.71429 0.42857
vt 0.75000 0.42857
vt 0.78571 0.42857
vt 0.82143 0.42857
vt 0.85714 0.42857
vt 0.89286 0.42857
vt 0.92857 0.42857
vt 0.96429 0.42857
vt 1.00000 0.42857
vt 0.00000 0.50000
vt 0.03571 0.50000
vt 0.07143 0.50000
vt 0.10714 0.50000
vt 0.14286 0.50000
vt 0.17857 0.50000
vt 0.21429 0.50000
vt 0.25000 0.50000
vt 0.28571 0.50000
vt 0.32143 0.50000
vt 0.35714 0.50000
vt 0.39286 0.50000
vt 0.42857 0.50000
vt 0.46429 0.50000
vt 0.50000 0.50000
vt 0.53571 0.50000
vt 0.57143 0.50000
vt 0.60714 0.50000
vt 0.64286 0.50000
vt 0.67857 0.50000
vt 0.71429 0.50000
vt 0.75000 0.50000
vt 0.78571 0.50000
vt 0.82143 0.50000
vt 0.85714 0.50000
vt 0.89286 0.50000
vt 0.92857 0.50000
vt 0.96429 0.50000
vt 1.00000 0.50000
vt 0.00000 0.57143
vt 0.03571 0.57143
vt 0.07143 0.57143
vt 0.10714 0.57143
vt 0.14286 0.57143
vt 0.17857 0.57143
vt 0.21429 0.57143
vt 0.25000 0.57143
vt 0.28571 0.57143
vt 0.32143 0.57143
vt 0.35714 0.57143
vt 0.39286 0.57143
vt 0.42857 0.57143
vt 0.46429 0.57143
vt 0.50000 0.57143
vt 0.53571 0.57143
vt 0.57143 0.57143
vt 0.60714 0.57143
vt 0.64286 0.57143
vt 0.67857 0.57143
vt 0.71429 0.57143
vt 0.75000 0.57143
vt 0.78571 0.57143
vt 0.82143 0.57143
vt 0.85714 0.57143
vt 0.89286 0.57143
vt 0.92857 0.57143
vt 0.96429 0.57143
vt 1.00000 0.57143
vt 0.00000 0.64286
vt 0.03571 0.64286
vt 0.07143 0.64286
vt 0.10714 0.64286
vt 0.14286 0.64286
vt 0.17857 0.64286
vt 0.21429 0.64286
vt 0.25000 0.64286
vt 0.28571 0.64286
vt 0.32143 0.64286
vt 0.35714 0.64286
vt 0.39286 0.64286
vt 0.42857 0.64286
vt 0.46429 0.64286
vt 0.50000 0.64286
vt 0.53571 0.64286
vt 0.57143 0.64286
vt 0.60714 0.64286
vt 0.64286 0.64286
vt 0.67857 0.64286
vt 0.71429 0.64286
vt 0.75000 0.64286
vt 0.78571 0.64286
vt 0.82143 0.64286
vt 0.85714 0.64286
vt 0.89286 0.64286
vt 0.92857 0.64286
vt 0.96429 0.64286
vt 1.00000 0.64286
vt 0.00000 0.71429
vt 0.03571 0.71429
vt 0.07143 0.71429
vt 0.10714 0.71429
vt 0.14286 0.71429
vt 0.17857 0.71429
vt 0.21429 0.71429
vt 0.25000 0.71429
vt 0.28571 0.71429
vt 0.32143 0.71429
vt 0.35714 0.71429
vt 0.39286 0.71429
vt 0.42857 0.71429
vt 0.46429 0.71429
vt 0.50000 0.71429
vt 0.53571 0.71429
vt 0.57143 0.71429
vt 0.60714 0.71429
vt 0.64286 0.71429
vt 0.67857 0.71429
vt 0.71429 0.71429
vt 0.75000 0.71429
vt 0.78571 0.71429
vt 0.82143 0.71429
vt 0.85714 0.71429
vt 0.89286 0.71429
vt 0.92857 0.71429
vt 0.96429 0.71429
vt 1.00000 0.71429
vt 0.00000 0.78571
vt 0.03571 0.78571
vt 0.07143 0.78571
vt 0.10714 0.78571
vt 0.14286 0.78571
vt 0.17857 0.78571
vt 0.21429 0.78571
vt 0.25000 0.78571
vt 0.28571 0.78571
vt 0.32143 0.78571
vt 0.35714 0.78571
vt 0.39286 0.78571
vt 0.42857 0.78571
vt 0.46429 0.78571
vt 0.50000 0.78571
vt 0.53571 0.78571
vt 0.57143 0.78571
vt 0.60714 0.78571
vt 0.64286 0.78571
vt 0.67857 0.78571
vt 0.71429 0.78571
vt 0.75000 0.78571
vt 0.78571 0.78571
vt 0.82143 0.78571
vt 0.85714 0.78571
vt 0.89286 0.78571
vt 0.92857 0.78571
vt 0.96429 0.78571
vt 1.00000 0.78571
vt 0.00000 0.85714
vt 0.03571 0.85714
vt 0.07143 0.85714
vt 0.10714 0.85714
vt 0.14286 0.85714
vt 0.17857 0.85714
vt 0.21429 0.85714
vt 0.25000 0.85714
vt 0.28571 0.85714
vt 0.32143 0.85714
vt 0.35714 0.85714
vt 0.39286 0.85714
vt 0.42857 0.85714
vt 0.46429 0.85714
vt 0.50000 0.85714
vt 0.53571 0.85714
vt 0.57143 0.85714
vt 0.60714 0.85714
vt 0.64286 0.85714
vt 0.67857 0.85714
vt 0.71429 0.85714
vt 0.75000 0.85714
vt 0.78571 0.85714
vt 0.82143 0.85714
vt 0.85714 0.85714
vt 0.89286 0.85714
vt 0.92857 0.85714
vt 0.96429 0.85714
vt 1.00000 0.85714
vt 0.00000 0.92857
vt 0.03571 0.92857
vt 0.07143 0.92857
vt 0.10714 0.92857
vt 0.14286 0.92857
vt 0.17857 0.92857
vt 0.21429 0.92857
vt 0.25000 0.92857
vt 0.28571 0.92857
vt 0.32143 0.92857
vt 0.35714 0.92857
vt 0.39286 0.92857
vt 0.42857 0.92857
vt 0.46429 0.92857
vt 0.50000 0.92857
vt 0.53571 0.92857
vt 0.57143 0.92857
vt 0.60714 0.92857
vt 0.64286 0.92857
vt 0.67857 0.92857
vt 0.71429 0.92857
vt 0.75000 0.92857
vt 0.78571 0.92857
vt 0.82143 0.92857
vt 0.85714 0.92857
vt 0.89286 0.92857
vt 0.92857 0.92857
vt 0.96429 0.92857
vt 1.00000 0.92857
vt 0.00000 1.00000
vt 0.03571 1.00000
vt 0.07143 1.00000
vt 0.10714 1.00000
vt 0.14286 1.00000
vt 0.17857 1.00000
vt 0.21429 1.00000
vt 0.25000 1.00000
vt 0.28571 1.00000
vt 0.32143 1.00000
vt 0.35714 1.00000
vt 0.39286 1.00000
vt 0.42857 1.00000
vt 0.46429 1.00000
vt 0.50000 1.00000
vt 0.53571 1.00000
vt 0.57143 1.00000
vt 0.60714 1.00000
vt 0.64286 1.00000
vt 0.67857 1.00000
vt 0.71429 1.00000
vt 0.75000 1.00000
vt 0.78571 1.00000
vt 0.82143 1.00000
vt 0.85714 1.00000
vt 0.89286 1.00000
vt 0.92857 1.00000
vt 0.96429 1.00000
vt 1.00000 1.00000
f 445/445 474/474 475/475
f 446/446 475/475 476/476
f 447/447 476/476 477/477
f 448/448 477/477 478/478
f 449/449 478/478 479/479
f 450/450 479/479 480/480
f 451/451 480/480 481/481
f 452/452 481/481 482/482
f 453/453 482/482 483/483
f 454/454 483/483 484/484
f 455/455 484/484 485/485
f 456/456 485/485 486/486
f 457/457 486/486 487/487
f 458/458 487/487 488/488
f 459/459 488/488 489/489
f 460/460 489/489 490/490
f 461/461 490/490 491/491
f 462/462 491/491 492/492
f 463/463 492/492 493/493
f 464/464 493/493 494/494
f 465/465 494/494 495/495
f 466/466 495/495 496/496
f 467/467 496/496 497/497
f 468/468 497/497 498/498
f 469/469 498/498 499/499
f 470/470 499/499 500/500
f 471/471 500/500 501/501
f 472/472 501/501 502/502
f 475/475 474/474 504/504
f 474/474 503/503 504/504
f 476/476 475/475 505/505
f 475/475 504/504 505/505
f 477/477 476/476 506/506
f 476/476 505/505 506/506
f 478/478 477/477 507/507
f 477/477 506/506 507/507
f 479/479 478/478 508/508
f 478/478 507/507 508/508
f 480/480 479/479 509/509
f 479/479 508/508 509/509
f 481/481 480/480 510/510
f 480/480 509/509 510/510
f 482/482 481/481 511/511
f 481/481 510/510 511/511
f 483/483 482/482 512/512
f 482/482 511/511 512/512
f 484/484 483/483 513/513
f 483/483 512/512 513/513
f 485/485 484/484 514/514
f 484/484 513/513 514/514
f 486/486 485/485 515/515
f 485/485 514/514 515/515
f 487/487 486/486 516/516
f 486/486 515/515 516/516
f 488/488 487/487 517/517
f 487/487 516/516 517/517
f 489/489 488/488 518/518
f 488/488 517/517 518/518
f 490/490 489/489 519/519
f 489/489 518/518 519/519
f 491/491 490/490 520/520
f 490/490 519/519 520/520
f 492/492 491/491 521/521
f 491/491 520/520 521/521
f 493/493 492/492 522/522
f 492/492 521/521 522/522
f 494/494 493/493 523/523
f 493/493 522/522 523/523
f 495/495 494/494 524/524
f 494/494 523/523 524/524
f 496/496 495/495 525/525
f 495/495 524/524 525/525
f 497/497 496/496 526/526
f 496/496 525/525 526/526
f 498/498 497/497 527/527
f 497/497 526/526 527/527
f 499/499 498/498 528/528
f 498/498 527/527 528/528
f 500/500 499/499 529/529
f 499/499 528/528 529/529
f 501/501 500/500 530/530
f 500/500 529/529 530/530
f 502/502 501/501 531/531
f 501/501 530/530 531/531
f 504/504 503/503 533/533
f 503/503 532/532 533/533
f 505/505 504/504 534/534
f 504/504 533/533 534/534
f 506/506 505/505 535/535
f 505/505 534/534 535/535
f 507/507 506/506 536/536
f 506/506 535/535 536/536
f 508/508 507/507 537/537
f 507/507 536/536 537/537
f 509/509 508/508 538/538
f 508/508 537/537 538/538
f 510/510 509/509 539/539
f 509/509 538/538 539/539
f 511/511 510/510 540/540
f 510/510 539/539 540/540
f 512/512 511/511 541/541
f 511/511 540/540 541/541
f 513/513 512/512 542/542
f 512/512 541/541 542/542
f 514/514 513/513 543/543
f 513/513 542/542 543/543
f 515/515 514/514 544/544
f 514/514 543/543 544/544
f 516/516 515/515 545/545
f 515/515 544/544 545/545
f 517/517 516/516 546/546
f 516/516 545/545 546/546
f 518/518 517/517 547/547
f 517/517 546/546 547/547
f 519/519 518/518 548/548
f 518/518 547/547 548/548
f 520/520 519/519 549/549
f 519/519 548/548 549/549
f 521/521 520/520 550/550
f 520/520 549/549 550/550
f 522/522 521/521 551/551
f 521/521 550/550 551/551
f 523/523 522/522 552/552
f 522/522 551/551 552/552
f 524/524 523/523 553/553
f 523/523 552/552 553/553
f 525/525 524/524 554/554
f 524/524 553/553 554/554
f 526/526 525/525 555/555
f 525/525 554/554 555/555
f 527/527 526/526 556/556
f 526/526 555/555 556/556
f 528/528 527/527 557/557
f 527/527 556/556 557/557
f 529/529 528/528 558/558
f 528/528 557/557 558/558
f 530/530 529/529 559/559
f 529/529 558/558 559/559
f 531/531 530/530 560/560
f 530/530 559/559 560/560
f 533/533 532/532 562/562
f 532/532 561/561 562/562
f 534/534 533/533 563/563
f 533/533 562/562 563/563
f 535/535 534/534 564/564
f 534/534 563/563 564/564
f 536/536 535/535 565/565
f 535/535 564/564 565/565
f 537/537 536/536 566/566
f 536/536 565/565 566/566
f 538/538 537/537 567/567
f 537/537 566/566 567/567
f 539/539 538/538 568/568
f 538/538 567/567 568/568
f 540/540 539/539 569/569
f 539/539 568/568 569/569
f 541/541 540/540 570/570
f 540/540 569/569 570/570
f 542/542 541/541 571/571
f 541/541 570/570 571/571
f 543/543 542/542 572/572
f 542/542 571/571 572/572
f 544/544 543/543 573/573
f 543/543 572/572 573/573
f 545/545 544/544 574/574
f 544/544 573/573 574/574
f 546/546 545/545 575/575
f 545/545 574/574 575/575
f 547/547 546/546 576/576
f 546/546 575/575 576/576
f 548/548 547/547 577/577
f 547/547 576/576 577/577
f 549/549 548/548 578/578
f 548/548 577/577 578/578
f 550/550 549/549 579/579
f 549/549 578/578 579/579
f 551/551 550/550 580/580
f 550/550 579/579 580/580
f 552/552 551/551 581/581
f 551/551 580/580 581/581
f 553/553 552/552 582/582
f 552/552 581/581 582/582
f 554/554 553/553 583/583
f 553/553 582/582 583/583
f 555/555 554/554 584/584
f 554/554 583/583 584/584
f 556/556 555/555 585/585
f 555/555 584/584 585/585
f 557/557 556/556 586/586
f 556/556 585/585 586/586
f 558/558 557/557 587/587
f 557/557 586/586 587/587
f 559/559 558/558 588/588
f 558/558 587/587 588/588
f 560/560 559/559 589/589
f 559/559 588/588 589/589
f 562/562 561/561 591/591
f 561/561 590/590 591/591
f 563/563 562/562 592/592
f 562/562 591/591 592/592
f 564/564 563/563 593/593
f 563/563 592/592 593/593
f 565/565 564/564 594/594
f 564/564 593/593 594/594
f 566/566 565/565 595/595
f 565/565 594/594 595/595
f 567/567 566/566 596/596
f 566/566 595/595 596/596
f 568/568 567/567 597/597
f 567/567 596/596 597/597
f 569/569 568/568 598/598
f 568/568 597/597 598/598
f 570/570 569/569 599/599
f 569/569 598/598 599/599
f 571/571 570/570 600/600
f 570/570 599/599 600/600
f 572/572 571/571 601/601
f 571/571 600/600 601/601
f 573/573 572/572 602/602
f 572/572 601/601 602/602
f 574/574 573/573 603/603
f 573/573 602/602 603/603
f 575/575 574/574 604/604
f 574/574 603/603 604/604
f 576/576 575/575 605/605
f 575/575 604/604 605/605
f 577/577 576/576 606/606
f 576/576 605/605 606/606
f 578/578 577/577 607/607
f 577/577 606/606 607/607
f 579/579 578/578 608/608
f 578/578 607/607 608/608
f 580/580 579/579 609/609
f 579/579 608/608 609/609
f 581/581 580/580 610/610
f 580/580 609/609 610/610
f 582/582 581/581 611/611
f 581/581 610/610 611/611
f 583/583 582/582 612/612
f 582/582 611/611 612/612
f 584/584 583/583 613/613
f 583/583 612/612 613/613
f 585/585 584/584 614/614
f 584/584 613/613 614/614
f 586/586 585/585 615/615
f 585/585 614/614 615/615
f 587/587 586/586 616/616
f 586/586 615/615 616/616
f 588/588 587/587 617/617
f 587/587 616/616 617/617
f 589/589 588/588 618/618
f 588/588 617/617 618/618
f 591/591 590/590 620/620
f 590/590 619/619 620/620
f 592/592 591/591 621/621
f 591/591 620/620 621/621
f 593/593 592/592 622/622
f 592/592 621/621 622/622
f 594/594 593/593 623/623
f 593/593 622/622 623/623
f 595/595 594/594 624/624
f 594/594 623/623 624/624
f 596/596 595/595 625/625
f 595/595 624/624 625/625
f 597/597 596/596 626/626
f 596/596 625/625 626/626
f 598/598 597/597 627/627
f 597/597 626/626 627/627
f 599/599 598/598 628/628
f 598/598 627/627 628/628
f 600/600 599/599 629/629
f 599/599 628/628 629/629
f 601/601 600/600 630/630
f 600/600 629/629 630/630
f 602/602 601/601 631/631
f 601/601 630/630 631/631
f 603/603 602/602 632/632
f 602/602 631/631 632/632
f 604/604 603/603 633/633
f 603/603 632/632 633/633
f 605/605 604/604 634/634
f 604/604 633/633 634/634
f 606/606 605/605 635/635
f 605/605 634/634 635/635
f 607/607 606/606 636/636
f 606/606 635/635 636/636
f 608/608 607/607 637/637
f 607/607 636/636 637/637
f 609/609 608/608 638/638
f 608/608 637/637 638/638
f 610/610 609/609 639/639
f 609/609 638/638 639/639
f 611/611 610/610 640/640
f 610/610 639/639 640/640
f 612/612 611/611 641/641
f 611/611 640/640 641/641
f 613/613 612/612 642/642
f 612/612 641/641 642/642
f 614/614 613/613 643/643
f 613/613 642/642 643/643
f 615/615 614/614 644/644
f 614/614 643/643 644/644
f 616/616 615/615 645/645
f 615/615 644/644 645/645
f 617/617 616/616 646/646
f 616/616 645/645 646/646
f 618/618 617/617 647/647
f 617/617 646/646 647/647
f 620/620 619/619 649/649
f 619/619 648/648 649/649
f 621/621 620/620 650/650
f 620/620 649/649 650/650
f 622/622 621/621 651/651
f 621/621 650/650 651/651
f 623/623 622/622 652/652
f 622/622 651/651 652/652
f 624/624 623/623 653/653
f 623/623 652/652 653/653
f 625/625 624/624 654/654
f 624/624 653/653 654/654
f 626/626 625/625 655/655
f 625/625 654/654 655/655
f 627/627 626/626 656/656
f 626/626 655/655 656/656
f 628/628 627/627 657/657
f 627/627 656/656 657/657
f 629/629 628/628 658/658
f 628/628 657/657 658/658
f 630/630 629/629 659/659
f 629/629 658/658 659/659
f 631/631 630/630 660/660
f 630/630 659/659 660/660
f 632/632 631/631 661/661
f 631/631 660/660 661/661
f 633/633 632/632 662/662
f 632/632 661/661 662/662
f 634/634 633/633 663/663
f 633/633 662/662 663/663
f 635/635 634/634 664/664
f 634/634 663/663 664/664
f 636/636 635/635 665/665
f 635/635 664/664 665/665
f 637/637 636/636 666/666
f 636/636 665/665 666/666
f 638/638 637/637 667/667
f 637/637 666/666 667/667
f 639/639 638/638 668/668
f 638/638 667/667 668/668
f 640/640 639/639 669/669
f 639/639 668/668 669/669
f 641/641 640/640 670/670
f 640/640 669/669 670/670
f 642/642 641/641 671/671
f 641/641 670/670 671/671
f 643/643 642/642 672/672
f 642/642 671/671 672/672
f 644/644 643/643 673/673
f 643/643 672/672 673/673
f 645/645 644/644 674/674
f 644/644 673/673 674/674
f 646/646 645/645 675/675
f 645/645 674/674 675/675
f 647/647 646/646 676/676
f 646/646 675/675 676/676
f 649/649 648/648 678/678
f 648/648 677/677 678/678
f 650/650 649/649 679/679
f 649/649 678/678 679/679
f 651/651 650/650 680/680
f 650/650 679/679 680/680
f 652/652 651/651 681/681
f 651/651 680/680 681/681
f 653/653 652/652 682/682
f 652/652 681/681 682/682
f 654/654 653/653 683/683
f 653/653 682/682 683/683
f 655/655 654/654 684/684
f 654/654 683/683 684/684
f 656/656 655/655 685/685
f 655/655 684/684 685/685
f 657/657 656/656 686/686
f 656/656 685/685 686/686
f 658/658 657/657 687/687
f 657/657 686/686 687/687
f 659/659 658/658 688/688
f 658/658 687/687 688/688
f 660/660 659/659 689/689
f 659/659 688/688 689/689
f 661/661 660/660 690/690
f 660/660 689/689 690/690
f 662/662 661/661 691/691
f 661/661 690/690 691/691
f 663/663 662/662 692/692
f 662/662 691/691 692/692
f 664/664 663/663 693/693
f 663/663 692/692 693/693
f 665/665 664/664 694/694
f 664/664 693/693 694/694
f 666/666 665/665 695/695
f 665/665 694/694 695/695
f 667/667 666/666 696/696
f 666/666 695/695 696/696
f 668/668 667/667 697/697
f 667/667 696/696 697/697
f 669/669 668/668 698/698
f 668/668 697/697 698/698
f 670/670 669/669 699/699
f 669/669 698/698 699/699
f 671/671 670/670 700/700
f 670/670 699/699 700/700
f 672/672 671/671 701/701
f 671/671 700/700 701/701
f 673/673 672/672 702/702
f 672/672 701/701 702/702
f 674/674 673/673 703/703
f 673/673 702/702 703/703
f 675/675 674/674 704/704
f 674/674 703/703 704/704
f 676/676 675/675 705/705
f 675/675 704/704 705/705
f 678/678 677/677 707/707
f 677/677 706/706 707/707
f 679/679 678/678 708/708
f 678/678 707/707 708/708
f 680/680 679/679 709/709
f 679/679 708/708 709/709
f 681/681 680/680 710/710
f 680/680 709/709 710/710
f 682/682 681/681 711/711
f 681/681 710/710 711/711
f 683/683 682/682 712/712
f 682/682 711/711 712/712
f 684/684 683/683 713/713
f 683/683 712/712 713/713
f 685/685 684/684 714/714
f 684/684 713/713 714/714
f 686/686 685/685 715/715
f 685/685 714/714 715/715
f 687/687 686/686 716/716
f 686/686 715/715 716/716
f 688/688 687/687 717/717
f 687/687 716/716 717/717
f 689/689 688/688 718/718
f 688/688 717/717 718/718
f 690/690 689/689 719/719
f 689/689 718/718 719/719
f 691/691 690/690 720/720
f 690/690 719/719 720/720
f 692/692 691/691 721/721
f 691/691 720/720 721/721
f 693/693 692/692 722/722
f 692/692 721/721 722/722
f 694/694 693/693 723/723
f 693/693 722/722 723/723
f 695/695 694/694 724/724
f 694/694 723/723 724/724
f 696/696 695/695 725/725
f 695/695 724/724 725/725
f 697/697 696/696 726/726
f 696/696 725/725 726/726
f 698/698 697/697 727/727
f 697/697 726/726 727/727
f 699/699 698/698 728/728
f 698/698 727/727 728/728
f 700/700 699/699 729/729
f 699/699 728/728 729/729
f 701/701 700/700 730/730
f 700/700 729/729 730/730
f 702/702 701/701 731/731
f 701/701 730/730 731/731
f 703/703 702/702 732/732
f 702/702 731/731 732/732
f 704/704 703/703 733/733
f 703/703 732/732 733/733
f 705/705 704/704 734/734
f 704/704 733/733 734/734
f 707/707 706/706 736/736
f 706/706 735/735 736/736
f 708/708 707/707 737/737
f 707/707 736/736 737/737
f 709/709 708/708 738/738
f 708/708 737/737 738/738
f 710/710 709/709 739/739
f 709/709 738/738 739/739
f 711/711 710/710 740/740
f 710/710 739/739 740/740
f 712/712 711/711 741/741
f 711/711 740/740 741/741
f 713/713 712/712 742/742
f 712/712 741/741 742/742
f 714/714 713/713 743/743
f 713/713 742/742 743/743
f 715/715 714/714 744/744
f 714/714 743/743 744/744
f 716/716 715/715 745/745
f 715/715 744/744 745/745
f 717/717 716/716 746/746
f 716/716 745/745 746/746
f 718/718 717/717 747/747
f 717/717 746/746 747/747
f 719/719 718/718 748/748
f 718/718 747/747 748/748
f 720/720 719/719 749/749
f 719/719 748/748 749/749
f 721/721 720/720 750/750
f 720/720 749/749 750/750
f 722/722 721/721 751/751
f 721/721 750/750 751/751
f 723/723 722/722 752/752
f 722/722 751/751 752/752
f 724/724 723/723 753/753
f 723/723 752/752 753/753
f 725/725 724/724 754/754
f 724/724 753/753 754/754
f 726/726 725/725 755/755
f 725/725 754/754 755/755
f 727/727 726/726 756/756
f 726/726 755/755 756/756
f 728/728 727/727 757/757
f 727/727 756/756 757/757
f 729/729 728/728 758/758
f 728/728 757/757 758/758
f 730/730 729/729 759/759
f 729/729 758/758 759/759
f 731/731 730/730 760/760
f 730/730 759/759 760/760
f 732/732 731/731 761/761
f 731/731 760/760 761/761
f 733/733 732/732 762/762
f 732/732 761/761 762/762
f 734/734 733/733 763/763
f 733/733 762/762 763/763
f 736/736 735/735 765/765
f 735/735 764/764 765/765
f 737/737 736/736 766/766
f 736/736 765/765 766/766
f 738/738 737/737 767/767
f 737/737 766/766 767/767
f 739/739 738/738 768/768
f 738/738 767/767 768/768
f 740/740 739/739 769/769
f 739/739 768/768 769/769
f 741/741 740/740 770/770
f 740/740 769/769 770/770
f 742/742 741/741 771/771
f 741/741 770/770 771/771
f 743/743 742/742 772/772
f 742/742 771/771 772/772
f 744/744 743/743 773/773
f 743/743 772/772 773/773
f 745/745 744/744 774/774
f 744/744 773/773 774/774
f 746/746 745/745 775/775
f 745/745 774/774 775/775
f 747/747 746/746 776/776
f 746/746 775/775 776/776
f 748/748 747/747 777/777
f 747/747 776/776 777/777
f 749/749 748/748 778/778
f 748/748 777/777 778/778
f 750/750 749/749 779/779
f 749/749 778/778 779/779
f 751/751 750/750 780/780
f 750/750 779/779 780/780
f 752/752 751/751 781/781
f 751/751 780/780 781/781
f 753/753 752/752 782/782
f 752/752 781/781 782/782
f 754/754 753/753 783/783
f 753/753 782/782 783/783
f 755/755 754/754 784/784
f 754/754 783/783 784/784
f 756/756 755/755 785/785
f 755/755 784/784 785/785
f 757/757 756/756 786/786
f 756/756 785/785 786/786
f 758/758 757/757 787/787
f 757/757 786/786 787/787
f 759/759 758/758 788/788
f 758/758 787/787 788/788
f 760/760 759/759 789/789
f 759/759 788/788 789/789
f 761/761 760/760 790/790
f 760/760 789/789 790/790
f 762/762 761/761 791/791
f 761/761 790/790 791/791
f 763/763 762/762 792/792
f 762/762 791/791 792/792
f 765/765 764/764 794/794
f 764/764 793/793 794/794
f 766/766 765/765 795/795
f 765/765 794/794 795/795
f 767/767 766/766 796/796
f 766/766 795/795 796/796
f 768/768 767/767 797/797
f 767/767 796/796 797/797
f 769/769 768/768 798/798
f 768/768 797/797 798/798
f 770/770 769/769 799/799
f 769/769 798/798 799/799
f 771/771 770/770 800/800
f 770/770 799/799 800/800
f 772/772 771/771 801/801
f 771/771 800/800 801/801
f 773/773 772/772 802/802
f 772/772 801/801 802/802
f 774/774 773/773 803/803
f 773/773 802/802 803/803
f 775/775 774/774 804/804
f 774/774 803/803 804/804
f 776/776 775/775 805/805
f 775/775 804/804 805/805
f 777/777 776/776 806/806
f 776/776 805/805 806/806
f 778/778 777/777 807/807
f 777/777 806/806 807/807
f 779/779 778/778 808/808
f 778/778 807/807 808/808
f 780/780 779/779 809/809
f 779/779 808/808 809/809
f 781/781 780/780 810/810
f 780/780 809/809 810/810
f 782/782 781/781 811/811
f 781/781 810/810 811/811
f 783/783 782/782 812/812
f 782/782 811/811 812/812
f 784/784 783/783 813/813
f 783/783 812/812 813/813
f 785/785 784/784 814/814
f 784/784 813/813 814/814
f 786/786 785/785 815/815
f 785/785 814/814 815/815
f 787/787 786/786 816/816
f 786/786 815/815 816/816
f 788/788 787/787 817/817
f 787/787 816/816 817/817
f 789/789 788/788 818/818
f 788/788 817/817 818/818
f 790/790 789/789 819/819
f 789/789 818/818 819/819
f 791/791 790/790 820/820
f 790/790 819/819 820/820
f 792/792 791/791 821/821
f 791/791 820/820 821/821
f 794/794 793/793 823/823
f 793/793 822/822 823/823
f 795/795 794/794 824/824
f 794/794 823/823 824/824
f 796/796 795/795 825/825
f 795/795 824/824 825/825
f 797/797 796/796 826/826
f 796/796 825/825 826/826
f 798/798 797/797 827/827
f 797/797 826/826 827/827
f 799/799 798/798 828/828
f 798/798 827/827 828/828
f 800/800 799/799 829/829
f 799/799 828/828 829/829
f 801/801 800/800 830/830
f 800/800 829/829 830/830
f 802/802 801/801 831/831
f 801/801 830/830 831/831
f 803/803 802/802 832/832
f 802/802 831/831 832/832
f 804/804 803/803 833/833
f 803/803 832/832 833/833
f 805/805 804/804 834/834
f 804/804 833/833 834/834
f 806/806 805/805 835/835
f 805/805 834/834 835/835
f 807/807 806/806 836/836
f 806/806 835/835 836/836
f 808/808 807/807 837/837
f 807/807 836/836 837/837
f 809/809 808/808 838/838
f 808/808 837/837 838/838
f 810/810 809/809 839/839
f 809/809 838/838 839/839
f 811/811 810/810 840/840
f 810/810 839/839 840/840
f 812/812 811/811 841/841
f 811/811 840/840 841/841
f 813/813 812/812 842/842
f 812/812 841/841 842/842
f 814/814 813/813 843/843
f 813/813 842/842 843/843
f 815/815 814/814 844/844
f 814/814 843/843 844/844
f 816/816 815/815 845/845
f 815/815 844/844 845/845
f 817/817 816/816 846/846
f 816/816 845/845 846/846
f 818/818 817/817 847/847
f 817/817 846/846 847/847
f 819/819 818/818 848/848
f 818/818 847/847 848/848
f 820/820 819/819 849/849
f 819/819 848/848 849/849
f 821/821 820/820 850/850
f 820/820 849/849 850/850
f 823/823 822/822 852/852
f 822/822 851/851 852/852
f 824/824 823/823 853/853
f 823/823 852/852 853/853
f 825/825 824/824 854/854
f 824/824 853/853 854/854
f 826/826 825/825 855/855
f 825/825 854/854 855/855
f 827/827 826/826 856/856
f 826/826 855/855 856/856
f 828/828 827/827 857/857
f 827/827 856/856 857/857
f 829/829 828/828 858/858
f 828/828 857/857 858/858
f 830/830 829/829 859/859
f 829/829 858/858 859/859
f 831/831 830/830 860/860
f 830/830 859/859 860/860
f 832/832 831/831 861/861
f 831/831 860/860 861/861
f 833/833 832/832 862/862
f 832/832 861/861 862/862
f 834/834 833/833 863/863
f 833/833 862/862 863/863
f 835/835 834/834 864/864
f 834/834 863/863 864/864
f 836/836 835/835 865/865
f 835/835 864/864 865/865
f 837/837 836/836 866/866
f 836/836 865/865 866/866
f 838/838 837/837 867/867
f 837/837 866/866 867/867
f 839/839 838/838 868/868
f 838/838 867/867 868/868
f 840/840 839/839 869/869
f 839/839 868/868 869/869
f 841/841 840/840 870/870
f 840/840 869/869 870/870
f 842/842 841/841 871/871
f 841/841 870/870 871/871
f 843/843 842/842 872/872
f 842/842 871/871 872/872
f 844/844 843/843 873/873
f 843/843 872/872 873/873
f 845/845 844/844 874/874
f 844/844 873/873 874/874
f 846/846 845/845 875/875
f 845/845 874/874 875/875
f 847/847 846/846 876/876
f 846/846 875/875 876/876
f 848/848 847/847 877/877
f 847/847 876/876 877/877
f 849/849 848/848 878/878
f 848/848 877/877 878/878
f 850/850 849/849 879/879
f 849/849 878/878 879/879
usemtl label_white
v 0.00000 0.52500 0.05650
v 0.01257 0.52500 0.05508
v 0.02451 0.52500 0.05090
v 0.03523 0.52500 0.04417
v 0.04417 0.52500 0.03523
v 0.05090 0.52500 0.02451
v 0.05508 0.52500 0.01257
v 0.05650 0.52500 0.00000
v 0.05508 0.52500 -0.01257
v 0.05090 0.52500 -0.02451
v 0.04417 0.52500 -0.03523
v 0.03523 0.52500 -0.04417
v 0.02451 0.52500 -0.05090
v 0.01257 0.52500 -0.05508
v 0.00000 0.52500 -0.05650
v -0.01257 0.52500 -0.05508
v -0.02451 0.52500 -0.05090
v -0.03523 0.52500 -0.04417
v -0.04417 0.52500 -0.03523
v -0.05090 0.52500 -0.02451
v -0.05508 0.52500 -0.01257
v -0.05650 0.52500 -0.00000
v -0.05508 0.52500 0.01257
v -0.05090 0.52500 0.02451
v -0.04417 0.52500 0.03523
v -0.03523 0.52500 0.04417
v -0.02451 0.52500 0.05090
v -0.01257 0.52500 0.05508
v -0.00000 0.52500 0.05650
v 0.00000 0.39500 0.05650
v 0.01257 0.39500 0.05508
v 0.02451 0.39500 0.05090
v 0.03523 0.39500 0.04417
v 0.04417 0.39500 0.03523
v 0.05090 0.39500 0.02451
v 0.05508 0.39500 0.01257
v 0.05650 0.39500 0.00000
v 0.05508 0.39500 -0.01257
v 0.05090 0.39500 -0.02451
v 0.04417 0.39500 -0.03523
v 0.03523 0.39500 -0.04417
v 0.02451 0.39500 -0.05090
v 0.01257 0.39500 -0.05508
v 0.00000 0.39500 -0.05650
v -0.01257 0.39500 -0.05508
v -0.02451 0.39500 -0.05090
v -0.03523 0.39500 -0.04417
v -0.04417 0.39500 -0.03523
v -0.05090 0.39500 -0.02451
v -0.05508 0.39500 -0.01257
v -0.05650 0.39500 -0.00000
v -0.05508 0.39500 0.01257
v -0.05090 0.39500 0.02451
v -0.04417 0.39500 0.03523
v -0.03523 0.39500 0.04417
v -0.02451 0.39500 0.05090
v -0.01257 0.39500 0.05508
v -0.00000 0.39500 0.05650
v 0.00000 0.52500 0.00000
v 0.00000 0.52500 0.00000
v 0.00000 0.52500 0.00000
v 0.00000 0.52500 0.00000
v 0.00000 0.52500 0.00000
v 0.00000 0.52500 0.00000
v 0.00000 0.52500 0.00000
v 0.00000 0.52500 0.00000
v 0.00000 0.52500 0.00000
v 0.00000 0.52500 0.00000
v 0.00000 0.52500 0.00000
v 0.00000 0.52500 0.00000
v 0.00000 0.52500 0.00000
v 0.00000 0.52500 0.00000
v 0.00000 0.52500 0.00000
v 0.00000 0.52500 0.00000
v 0.00000 0.52500 0.00000
v 0.00000 0.52500 0.00000
v 0.00000 0.52500 0.00000
v 0.00000 0.52500 0.00000
v 0.00000 0.52500 0.00000
v 0.00000 0.52500 0.00000
v 0.00000 0.52500 0.00000
v 0.00000 0.52500 0.00000
v 0.00000 0.52500 0.00000
v 0.00000 0.52500 0.00000
v 0.00000 0.52500 0.00000
v 0.00000 0.52500 0.00000
v 0.00000 0.52500 0.05650
v 0.01257 0.52500 0.05508
v 0.02451 0.52500 0.05090
v 0.03523 0.52500 0.04417
v 0.04417 0.52500 0.03523
v 0.05090 0.52500 0.02451
v 0.05508 0.52500 0.01257
v 0.05650 0.52500 0.00000
v 0.05508 0.52500 -0.01257
v 0.05090 0.52500 -0.02451
v 0.04417 0.52500 -0.03523
v 0.03523 0.52500 -0.04417
v 0.02451 0.52500 -0.05090
v 0.01257 0.52500 -0.05508
v 0.00000 0.52500 -0.05650
v -0.01257 0.52500 -0.05508
v -0.02451 0.52500 -0.05090
v -0.03523 0.52500 -0.04417
v -0.04417 0.52500 -0.03523
v -0.05090 0.52500 -0.02451
v -0.05508 0.52500 -0.01257
v -0.05650 0.52500 -0.00000
v -0.05508 0.52500 0.01257
v -0.05090 0.52500 0.02451
v -0.04417 0.52500 0.03523
v -0.03523 0.52500 0.04417
v -0.02451 0.52500 0.05090
v -0.01257 0.52500 0.05508
v -0.00000 0.52500 0.05650
v 0.00000 0.39500 0.00000
v 0.00000 0.39500 0.00000
v 0.00000 0.39500 0.00000
v 0.00000 0.39500 0.00000
v 0.00000 0.39500 0.00000
v 0.00000 0.39500 0.00000
v 0.00000 0.39500 0.00000
v 0.00000 0.39500 0.00000
v 0.00000 0.39500 0.00000
v 0.00000 0.39500 0.00000
v 0.00000 0.39500 0.00000
v 0.00000 0.39500 0.00000
v 0.00000 0.39500 0.00000
v 0.00000 0.39500 0.00000
v 0.00000 0.39500 0.00000
v 0.00000 0.39500 0.00000
v 0.00000 0.39500 0.00000
v 0.00000 0.39500 0.00000
v 0.00000 0.39500 0.00000
v 0.00000 0.39500 0.00000
v 0.00000 0.39500 0.00000
v 0.00000 0.39500 0.00000
v 0.00000 0.39500 0.00000
v 0.00000 0.39500 0.00000
v 0.00000 0.39500 0.00000
v 0.00000 0.39500 0.00000
v 0.00000 0.39500 0.00000
v 0.00000 0.39500 0.00000
v 0.00000 0.39500 0.05650
v 0.01257 0.39500 0.05508
v 0.02451 0.39500 0.05090
v 0.03523 0.39500 0.04417
v 0.04417 0.39500 0.03523
v 0.05090 0.39500 0.02451
v 0.05508 0.39500 0.01257
v 0.05650 0.39500 0.00000
v 0.05508 0.39500 -0.01257
v 0.05090 0.39500 -0.02451
v 0.04417 0.39500 -0.03523
v 0.03523 0.39500 -0.04417
v 0.02451 0.39500 -0.05090
v 0.01257 0.39500 -0.05508
v 0.00000 0.39500 -0.05650
v -0.01257 0.39500 -0.05508
v -0.02451 0.39500 -0.05090
v -0.03523 0.39500 -0.04417
v -0.04417 0.39500 -0.03523
v -0.05090 0.39500 -0.02451
v -0.05508 0.39500 -0.01257
v -0.05650 0.39500 -0.00000
v -0.05508 0.39500 0.01257
v -0.05090 0.39500 0.02451
v -0.04417 0.39500 0.03523
v -0.03523 0.39500 0.04417
v -0.02451 0.39500 0.05090
v -0.01257 0.39500 0.05508
v -0.00000 0.39500 0.05650
vt 0.00000 0.00000
vt 0.03571 0.00000
vt 0.07143 0.00000
vt 0.10714 0.00000
vt 0.14286 0.00000
vt 0.17857 0.00000
vt 0.21429 0.00000
vt 0.25000 0.00000
vt 0.28571 0.00000
vt 0.32143 0.00000
vt 0.35714 0.00000
vt 0.39286 0.00000
vt 0.42857 0.00000
vt 0.46429 0.00000
vt 0.50000 0.00000
vt 0.53571 0.00000
vt 0.57143 0.00000
vt 0.60714 0.00000
vt 0.64286 0.00000
vt 0.67857 0.00000
vt 0.71429 0.00000
vt 0.75000 0.00000
vt 0.78571 0.00000
vt 0.82143 0.00000
vt 0.85714 0.00000
vt 0.89286 0.00000
vt 0.92857 0.00000
vt 0.96429 0.00000
vt 1.00000 0.00000
vt 0.00000 1.00000
vt 0.03571 1.00000
vt 0.07143 1.00000
vt 0.10714 1.00000
vt 0.14286 1.00000
vt 0.17857 1.00000
vt 0.21429 1.00000
vt 0.25000 1.00000
vt 0.28571 1.00000
vt 0.32143 1.00000
vt 0.35714 1.00000
vt 0.39286 1.00000
vt 0.42857 1.00000
vt 0.46429 1.00000
vt 0.50000 1.00000
vt 0.53571 1.00000
vt 0.57143 1.00000
vt 0.60714 1.00000
vt 0.64286 1.00000
vt 0.67857 1.00000
vt 0.71429 1.00000
vt 0.75000 1.00000
vt 0.78571 1.00000
vt 0.82143 1.00000
vt 0.85714 1.00000
vt 0.89286 1.00000
vt 0.92857 1.00000
vt 0.96429 1.00000
vt 1.00000 1.00000
vt 0.50000 0.50000
vt 0.50000 0.50000
vt 0.50000 0.50000
vt 0.50000 0.50000
vt 0.50000 0.50000
vt 0.50000 0.50000
vt 0.50000 0.50000
vt 0.50000 0.50000
vt 0.50000 0.50000
vt 0.50000 0.50000
vt 0.50000 0.50000
vt 0.50000 0.50000
vt 0.50000 0.50000
vt 0.50000 0.50000
vt 0.50000 0.50000
vt 0.50000 0.50000
vt 0.50000 0.50000
vt 0.50000 0.50000
vt 0.50000 0.50000
vt 0.50000 0.50000
vt 0.50000 0.50000
vt 0.50000 0.50000
vt 0.50000 0.50000
vt 0.50000 0.50000
vt 0.50000 0.50000
vt 0.50000 0.50000
vt 0.50000 0.50000
vt 0.50000 0.50000
vt 1.00000 0.50000
vt 0.98746 0.38874
vt 0.95048 0.28306
vt 0.89092 0.18826
vt 0.81174 0.10908
vt 0.71694 0.04952
vt 0.61126 0.01254
vt 0.50000 0.00000
vt 0.38874 0.01254
vt 0.28306 0.04952
vt 0.18826 0.10908
vt 0.10908 0.18826
vt 0.04952 0.28306
vt 0.01254 0.38874
vt 0.00000 0.50000
vt 0.01254 0.61126
vt 0.04952 0.71694
vt 0.10908 0.81174
vt 0.18826 0.89092
vt 0.28306 0.95048
vt 0.38874 0.98746
vt 0.50000 1.00000
vt 0.61126 0.98746
vt 0.71694 0.95048
vt 0.81174 0.89092
vt 0.89092 0.81174
vt 0.95048 0.71694
vt 0.98746 0.61126
vt 1.00000 0.50000
vt 0.50000 0.50000
vt 0.50000 0.50000
vt 0.50000 0.50000
vt 0.50000 0.50000
vt 0.50000 0.50000
vt 0.50000 0.50000
vt 0.50000 0.50000
vt 0.50000 0.50000
vt 0.50000 0.50000
vt 0.50000 0.50000
vt 0.50000 0.50000
vt 0.50000 0.50000
vt 0.50000 0.50000
vt 0.50000 0.50000
vt 0.50000 0.50000
vt 0.50000 0.50000
vt 0.50000 0.50000
vt 0.50000 0.50000
vt 0.50000 0.50000
vt 0.50000 0.50000
vt 0.50000 0.50000
vt 0.50000 0.50000
vt 0.50000 0.50000
vt 0.50000 0.50000
vt 0.50000 0.50000
vt 0.50000 0.50000
vt 0.50000 0.50000
vt 0.50000 0.50000
vt 1.00000 0.50000
vt 0.98746 0.61126
vt 0.95048 0.71694
vt 0.89092 0.81174
vt 0.81174 0.89092
vt 0.71694 0.95048
vt 0.61126 0.98746
vt 0.50000 1.00000
vt 0.38874 0.98746
vt 0.28306 0.95048
vt 0.18826 0.89092
vt 0.10908 0.81174
vt 0.04952 0.71694
vt 0.01254 0.61126
vt 0.00000 0.50000
vt 0.01254 0.38874
vt 0.04952 0.28306
vt 0.10908 0.18826
vt 0.18826 0.10908
vt 0.28306 0.04952
vt 0.38874 0.01254
vt 0.50000 0.00000
vt 0.61126 0.01254
vt 0.71694 0.04952
vt 0.81174 0.10908
vt 0.89092 0.18826
vt 0.95048 0.28306
vt 0.98746 0.38874
vt 1.00000 0.50000
f 880/880 909/909 881/881
f 909/909 910/910 881/881
f 881/881 910/910 882/882
f 910/910 911/911 882/882
f 882/882 911/911 883/883
f 911/911 912/912 883/883
f 883/883 912/912 884/884
f 912/912 913/913 884/884
f 884/884 913/913 885/885
f 913/913 914/914 885/885
f 885/885 914/914 886/886
f 914/914 915/915 886/886
f 886/886 915/915 887/887
f 915/915 916/916 887/887
f 887/887 916/916 888/888
f 916/916 917/917 888/888
f 888/888 917/917 889/889
f 917/917 918/918 889/889
f 889/889 918/918 890/890
f 918/918 919/919 890/890
f 890/890 919/919 891/891
f 919/919 920/920 891/891
f 891/891 920/920 892/892
f 920/920 921/921 892/892
f 892/892 921/921 893/893
f 921/921 922/922 893/893
f 893/893 922/922 894/894
f 922/922 923/923 894/894
f 894/894 923/923 895/895
f 923/923 924/924 895/895
f 895/895 924/924 896/896
f 924/924 925/925 896/896
f 896/896 925/925 897/897
f 925/925 926/926 897/897
f 897/897 926/926 898/898
f 926/926 927/927 898/898
f 898/898 927/927 899/899
f 927/927 928/928 899/899
f 899/899 928/928 900/900
f 928/928 929/929 900/900
f 900/900 929/929 901/901
f 929/929 930/930 901/901
f 901/901 930/930 902/902
f 930/930 931/931 902/902
f 902/902 931/931 903/903
f 931/931 932/932 903/903
f 903/903 932/932 904/904
f 932/932 933/933 904/904
f 904/904 933/933 905/905
f 933/933 934/934 905/905
f 905/905 934/934 906/906
f 934/934 935/935 906/906
f 906/906 935/935 907/907
f 935/935 936/936 907/907
f 907/907 936/936 908/908
f 936/936 937/937 908/908
f 966/966 967/967 938/938
f 967/967 968/968 939/939
f 968/968 969/969 940/940
f 969/969 970/970 941/941
f 970/970 971/971 942/942
f 971/971 972/972 943/943
f 972/972 973/973 944/944
f 973/973 974/974 945/945
f 974/974 975/975 946/946
f 975/975 976/976 947/947
f 976/976 977/977 948/948
f 977/977 978/978 949/949
f 978/978 979/979 950/950
f 979/979 980/980 951/951
f 980/980 981/981 952/952
f 981/981 982/982 953/953
f 982/982 983/983 954/954
f 983/983 984/984 955/955
f 984/984 985/985 956/956
f 985/985 986/986 957/957
f 986/986 987/987 958/958
f 987/987 988/988 959/959
f 988/988 989/989 960/960
f 989/989 990/990 961/961
f 990/990 991/991 962/962
f 991/991 992/992 963/963
f 992/992 993/993 964/964
f 993/993 994/994 965/965
f 1024/1024 1023/1023 995/995
f 1025/1025 1024/1024 996/996
f 1026/1026 1025/1025 997/997
f 1027/1027 1026/1026 998/998
f 1028/1028 1027/1027 999/999
f 1029/1029 1028/1028 1000/1000
f 1030/1030 1029/1029 1001/1001
f 1031/1031 1030/1030 1002/1002
f 1032/1032 1031/1031 1003/1003
f 1033/1033 1032/1032 1004/1004
f 1034/1034 1033/1033 1005/1005
f 1035/1035 1034/1034 1006/1006
f 1036/1036 1035/1035 1007/1007
f 1037/1037 1036/1036 1008/1008
f 1038/1038 1037/1037 1009/1009
f 1039/1039 1038/1038 1010/1010
f 1040/1040 1039/1039 1011/1011
f 1041/1041 1040/1040 1012/1012
f 1042/1042 1041/1041 1013/1013
f 1043/1043 1042/1042 1014/1014
f 1044/1044 1043/1043 1015/1015
f 1045/1045 1044/1044 1016/1016
f 1046/1046 1045/1045 1017/1017
f 1047/1047 1046/1046 1018/1018
f 1048/1048 1047/1047 1019/1019
f 1049/1049 1048/1048 1020/1020
f 1050/1050 1049/1049 1021/1021
f 1051/1051 1050/1050 1022/1022
usemtl label_text_green
v -0.03315 0.49122 0.04941
v -0.03176 0.49122 0.04733
v -0.03315 0.48928 0.04941
v -0.03176 0.48928 0.04733
v -0.03334 0.49122 0.04623
v -0.03481 0.49122 0.04826
v -0.03334 0.48928 0.04623
v -0.03481 0.48928 0.04826
v -0.03334 0.49122 0.04623
v -0.03176 0.49122 0.04733
v -0.03481 0.49122 0.04826
v -0.03315 0.49122 0.04941
v -0.03481 0.48928 0.04826
v -0.03315 0.48928 0.04941
v -0.03334 0.48928 0.04623
v -0.03176 0.48928 0.04733
v -0.03481 0.49122 0.04826
v -0.03315 0.49122 0.04941
v -0.03481 0.48928 0.04826
v -0.03315 0.48928 0.04941
v -0.03176 0.49122 0.04733
v -0.03334 0.49122 0.04623
v -0.03176 0.48928 0.04733
v -0.03334 0.48928 0.04623
v -0.03131 0.49122 0.05060
v -0.02999 0.49122 0.04847
v -0.03131 0.48928 0.05060
v -0.02999 0.48928 0.04847
v -0.03162 0.49122 0.04743
v -0.03300 0.49122 0.04951
v -0.03162 0.48928 0.04743
v -0.03300 0.48928 0.04951
v -0.03162 0.49122 0.04743
v -0.02999 0.49122 0.04847
v -0.03300 0.49122 0.04951
v -0.03131 0.49122 0.05060
v -0.03300 0.48928 0.04951
v -0.03131 0.48928 0.05060
v -0.03162 0.48928 0.04743
v -0.02999 0.48928 0.04847
v -0.03300 0.49122 0.04951
v -0.03131 0.49122 0.05060
v -0.03300 0.48928 0.04951
v -0.03131 0.48928 0.05060
v -0.02999 0.49122 0.04847
v -0.03162 0.49122 0.04743
v -0.02999 0.48928 0.04847
v -0.03162 0.48928 0.04743
v -0.02942 0.49122 0.05172
v -0.02819 0.49122 0.04954
v -0.02942 0.48928 0.05172
v -0.02819 0.48928 0.04954
v -0.02985 0.49122 0.04856
v -0.03116 0.49122 0.05069
v -0.02985 0.48928 0.04856
v -0.03116 0.48928 0.05069
v -0.02985 0.49122 0.04856
v -0.02819 0.49122 0.04954
v -0.03116 0.49122 0.05069
v -0.02942 0.49122 0.05172
v -0.03116 0.48928 0.05069
v -0.02942 0.48928 0.05172
v -0.02985 0.48928 0.04856
v -0.02819 0.48928 0.04954
v -0.03116 0.49122 0.05069
v -0.02942 0.49122 0.05172
v -0.03116 0.48928 0.05069
v -0.02942 0.48928 0.05172
v -0.02819 0.49122 0.04954
v -0.02985 0.49122 0.04856
v -0.02819 0.48928 0.04954
v -0.02985 0.48928 0.04856
v -0.03495 0.48912 0.04816
v -0.03348 0.48912 0.04613
v -0.03495 0.48718 0.04816
v -0.03348 0.48718 0.04613
v -0.03502 0.48912 0.04497
v -0.03656 0.48912 0.04694
v -0.03502 0.48718 0.04497
v -0.03656 0.48718 0.04694
v -0.03502 0.48912 0.04497
v -0.03348 0.48912 0.04613
v -0.03656 0.48912 0.04694
v -0.03495 0.48912 0.04816
v -0.03656 0.48718 0.04694
v -0.03495 0.48718 0.04816
v -0.03502 0.48718 0.04497
v -0.03348 0.48718 0.04613
v -0.03656 0.48912 0.04694
v -0.03495 0.48912 0.04816
v -0.03656 0.48718 0.04694
v -0.03495 0.48718 0.04816
v -0.03348 0.48912 0.04613
v -0.03502 0.48912 0.04497
v -0.03348 0.48718 0.04613
v -0.03502 0.48718 0.04497
v -0.02750 0.48912 0.05276
v -0.02634 0.48912 0.05055
v -0.02750 0.48718 0.05276
v -0.02634 0.48718 0.05055
v -0.02804 0.48912 0.04963
v -0.02927 0.48912 0.05180
v -0.02804 0.48718 0.04963
v -0.02927 0.48718 0.05180
v -0.02804 0.48912 0.04963
v -0.02634 0.48912 0.05055
v -0.02927 0.48912 0.05180
v -0.02750 0.48912 0.05276
v -0.02927 0.48718 0.05180
v -0.02750 0.48718 0.05276
v -0.02804 0.48718 0.04963
v -0.02634 0.48718 0.05055
v -0.02927 0.48912 0.05180
v -0.02750 0.48912 0.05276
v -0.02927 0.48718 0.05180
v -0.02750 0.48718 0.05276
v -0.02634 0.48912 0.05055
v -0.02804 0.48912 0.04963
v -0.02634 0.48718 0.05055
v -0.02804 0.48718 0.04963
v -0.03495 0.48702 0.04816
v -0.03348 0.48702 0.04613
v -0.03495 0.48508 0.04816
v -0.03348 0.48508 0.04613
v -0.03502 0.48702 0.04497
v -0.03656 0.48702 0.04694
v -0.03502 0.48508 0.04497
v -0.03656 0.48508 0.04694
v -0.03502 0.48702 0.04497
v -0.03348 0.48702 0.04613
v -0.03656 0.48702 0.04694
v -0.03495 0.48702 0.04816
v -0.03656 0.48508 0.04694
v -0.03495 0.48508 0.04816
v -0.03502 0.48508 0.04497
v -0.03348 0.48508 0.04613
v -0.03656 0.48702 0.04694
v -0.03495 0.48702 0.04816
v -0.03656 0.48508 0.04694
v -0.03495 0.48508 0.04816
v -0.03348 0.48702 0.04613
v -0.03502 0.48702 0.04497
v -0.03348 0.48508 0.04613
v -0.03502 0.48508 0.04497
v -0.02750 0.48702 0.05276
v -0.02634 0.48702 0.05055
v -0.02750 0.48508 0.05276
v -0.02634 0.48508 0.05055
v -0.02804 0.48702 0.04963
v -0.02927 0.48702 0.05180
v -0.02804 0.48508 0.04963
v -0.02927 0.48508 0.05180
v -0.02804 0.48702 0.04963
v -0.02634 0.48702 0.05055
v -0.02927 0.48702 0.05180
v -0.02750 0.48702 0.05276
v -0.02927 0.48508 0.05180
v -0.02750 0.48508 0.05276
v -0.02804 0.48508 0.04963
v -0.02634 0.48508 0.05055
v -0.02927 0.48702 0.05180
v -0.02750 0.48702 0.05276
v -0.02927 0.48508 0.05180
v -0.02750 0.48508 0.05276
v -0.02634 0.48702 0.05055
v -0.02804 0.48702 0.04963
v -0.02634 0.48508 0.05055
v -0.02804 0.48508 0.04963
v -0.03495 0.48492 0.04816
v -0.03348 0.48492 0.04613
v -0.03495 0.48298 0.04816
v -0.03348 0.48298 0.04613
v -0.03502 0.48492 0.04497
v -0.03656 0.48492 0.04694
v -0.03502 0.48298 0.04497
v -0.03656 0.48298 0.04694
v -0.03502 0.48492 0.04497
v -0.03348 0.48492 0.04613
v -0.03656 0.48492 0.04694
v -0.03495 0.48492 0.04816
v -0.03656 0.48298 0.04694
v -0.03495 0.48298 0.04816
v -0.03502 0.48298 0.04497
v -0.03348 0.48298 0.04613
v -0.03656 0.48492 0.04694
v -0.03495 0.48492 0.04816
v -0.03656 0.48298 0.04694
v -0.03495 0.48298 0.04816
v -0.03348 0.48492 0.04613
v -0.03502 0.48492 0.04497
v -0.03348 0.48298 0.04613
v -0.03502 0.48298 0.04497
v -0.02750 0.48492 0.05276
v -0.02634 0.48492 0.05055
v -0.02750 0.48298 0.05276
v -0.02634 0.48298 0.05055
v -0.02804 0.48492 0.04963
v -0.02927 0.48492 0.05180
v -0.02804 0.48298 0.04963
v -0.02927 0.48298 0.05180
v -0.02804 0.48492 0.04963
v -0.02634 0.48492 0.05055
v -0.02927 0.48492 0.05180
v -0.02750 0.48492 0.05276
v -0.02927 0.48298 0.05180
v -0.02750 0.48298 0.05276
v -0.02804 0.48298 0.04963
v -0.02634 0.48298 0.05055
v -0.02927 0.48492 0.05180
v -0.02750 0.48492 0.05276
v -0.02927 0.48298 0.05180
v -0.02750 0.48298 0.05276
v -0.02634 0.48492 0.05055
v -0.02804 0.48492 0.04963
v -0.02634 0.48298 0.05055
v -0.02804 0.48298 0.04963
v -0.03495 0.48282 0.04816
v -0.03348 0.48282 0.04613
v -0.03495 0.48088 0.04816
v -0.03348 0.48088 0.04613
v -0.03502 0.48282 0.04497
v -0.03656 0.48282 0.04694
v -0.03502 0.48088 0.04497
v -0.03656 0.48088 0.04694
v -0.03502 0.48282 0.04497
v -0.03348 0.48282 0.04613
v -0.03656 0.48282 0.04694
v -0.03495 0.48282 0.04816
v -0.03656 0.48088 0.04694
v -0.03495 0.48088 0.04816
v -0.03502 0.48088 0.04497
v -0.03348 0.48088 0.04613
v -0.03656 0.48282 0.04694
v -0.03495 0.48282 0.04816
v -0.03656 0.48088 0.04694
v -0.03495 0.48088 0.04816
v -0.03348 0.48282 0.04613
v -0.03502 0.48282 0.04497
v -0.03348 0.48088 0.04613
v -0.03502 0.48088 0.04497
v -0.02750 0.48282 0.05276
v -0.02634 0.48282 0.05055
v -0.02750 0.48088 0.05276
v -0.02634 0.48088 0.05055
v -0.02804 0.48282 0.04963
v -0.02927 0.48282 0.05180
v -0.02804 0.48088 0.04963
v -0.02927 0.48088 0.05180
v -0.02804 0.48282 0.04963
v -0.02634 0.48282 0.05055
v -0.02927 0.48282 0.05180
v -0.02750 0.48282 0.05276
v -0.02927 0.48088 0.05180
v -0.02750 0.48088 0.05276
v -0.02804 0.48088 0.04963
v -0.02634 0.48088 0.05055
v -0.02927 0.48282 0.05180
v -0.02750 0.48282 0.05276
v -0.02927 0.48088 0.05180
v -0.02750 0.48088 0.05276
v -0.02634 0.48282 0.05055
v -0.02804 0.48282 0.04963
v -0.02634 0.48088 0.05055
v -0.02804 0.48088 0.04963
v -0.03495 0.48072 0.04816
v -0.03348 0.48072 0.04613
v -0.03495 0.47878 0.04816
v -0.03348 0.47878 0.04613
v -0.03502 0.48072 0.04497
v -0.03656 0.48072 0.04694
v -0.03502 0.47878 0.04497
v -0.03656 0.47878 0.04694
v -0.03502 0.48072 0.04497
v -0.03348 0.48072 0.04613
v -0.03656 0.48072 0.04694
v -0.03495 0.48072 0.04816
v -0.03656 0.47878 0.04694
v -0.03495 0.47878 0.04816
v -0.03502 0.47878 0.04497
v -0.03348 0.47878 0.04613
v -0.03656 0.48072 0.04694
v -0.03495 0.48072 0.04816
v -0.03656 0.47878 0.04694
v -0.03495 0.47878 0.04816
v -0.03348 0.48072 0.04613
v -0.03502 0.48072 0.04497
v -0.03348 0.47878 0.04613
v -0.03502 0.47878 0.04497
v -0.02750 0.48072 0.05276
v -0.02634 0.48072 0.05055
v -0.02750 0.47878 0.05276
v -0.02634 0.47878 0.05055
v -0.02804 0.48072 0.04963
v -0.02927 0.48072 0.05180
v -0.02804 0.47878 0.04963
v -0.02927 0.47878 0.05180
v -0.02804 0.48072 0.04963
v -0.02634 0.48072 0.05055
v -0.02927 0.48072 0.05180
v -0.02750 0.48072 0.05276
v -0.02927 0.47878 0.05180
v -0.02750 0.47878 0.05276
v -0.02804 0.47878 0.04963
v -0.02634 0.47878 0.05055
v -0.02927 0.48072 0.05180
v -0.02750 0.48072 0.05276
v -0.02927 0.47878 0.05180
v -0.02750 0.47878 0.05276
v -0.02634 0.48072 0.05055
v -0.02804 0.48072 0.04963
v -0.02634 0.47878 0.05055
v -0.02804 0.47878 0.04963
v -0.03315 0.47862 0.04941
v -0.03176 0.47862 0.04733
v -0.03315 0.47668 0.04941
v -0.03176 0.47668 0.04733
v -0.03334 0.47862 0.04623
v -0.03481 0.47862 0.04826
v -0.03334 0.47668 0.04623
v -0.03481 0.47668 0.04826
v -0.03334 0.47862 0.04623
v -0.03176 0.47862 0.04733
v -0.03481 0.47862 0.04826
v -0.03315 0.47862 0.04941
v -0.03481 0.47668 0.04826
v -0.03315 0.47668 0.04941
v -0.03334 0.47668 0.04623
v -0.03176 0.47668 0.04733
v -0.03481 0.47862 0.04826
v -0.03315 0.47862 0.04941
v -0.03481 0.47668 0.04826
v -0.03315 0.47668 0.04941
v -0.03176 0.47862 0.04733
v -0.03334 0.47862 0.04623
v -0.03176 0.47668 0.04733
v -0.03334 0.47668 0.04623
v -0.03131 0.47862 0.05060
v -0.02999 0.47862 0.04847
v -0.03131 0.47668 0.05060
v -0.02999 0.47668 0.04847
v -0.03162 0.47862 0.04743
v -0.03300 0.47862 0.04951
v -0.03162 0.47668 0.04743
v -0.03300 0.47668 0.04951
v -0.03162 0.47862 0.04743
v -0.02999 0.47862 0.04847
v -0.03300 0.47862 0.04951
v -0.03131 0.47862 0.05060
v -0.03300 0.47668 0.04951
v -0.03131 0.47668 0.05060
v -0.03162 0.47668 0.04743
v -0.02999 0.47668 0.04847
v -0.03300 0.47862 0.04951
v -0.03131 0.47862 0.05060
v -0.03300 0.47668 0.04951
v -0.03131 0.47668 0.05060
v -0.02999 0.47862 0.04847
v -0.03162 0.47862 0.04743
v -0.02999 0.47668 0.04847
v -0.03162 0.47668 0.04743
v -0.02942 0.47862 0.05172
v -0.02819 0.47862 0.04954
v -0.02942 0.47668 0.05172
v -0.02819 0.47668 0.04954
v -0.02985 0.47862 0.04856
v -0.03116 0.47862 0.05069
v -0.02985 0.47668 0.04856
v -0.03116 0.47668 0.05069
v -0.02985 0.47862 0.04856
v -0.02819 0.47862 0.04954
v -0.03116 0.47862 0.05069
v -0.02942 0.47862 0.05172
v -0.03116 0.47668 0.05069
v -0.02942 0.47668 0.05172
v -0.02985 0.47668 0.04856
v -0.02819 0.47668 0.04954
v -0.03116 0.47862 0.05069
v -0.02942 0.47862 0.05172
v -0.03116 0.47668 0.05069
v -0.02942 0.47668 0.05172
v -0.02819 0.47862 0.04954
v -0.02985 0.47862 0.04856
v -0.02819 0.47668 0.04954
v -0.02985 0.47668 0.04856
v -0.02354 0.49122 0.05465
v -0.02255 0.49122 0.05235
v -0.02354 0.48928 0.05465
v -0.02255 0.48928 0.05235
v -0.02431 0.49122 0.05156
v -0.02538 0.49122 0.05382
v -0.02431 0.48928 0.05156
v -0.02538 0.48928 0.05382
v -0.02431 0.49122 0.05156
v -0.02255 0.49122 0.05235
v -0.02538 0.49122 0.05382
v -0.02354 0.49122 0.05465
v -0.02538 0.48928 0.05382
v -0.02354 0.48928 0.05465
v -0.02431 0.48928 0.05156
v -0.02255 0.48928 0.05235
v -0.02538 0.49122 0.05382
v -0.02354 0.49122 0.05465
v -0.02538 0.48928 0.05382
v -0.02354 0.48928 0.05465
v -0.02255 0.49122 0.05235
v -0.02431 0.49122 0.05156
v -0.02255 0.48928 0.05235
v -0.02431 0.48928 0.05156
v -0.01526 0.49122 0.05751
v -0.01462 0.49122 0.05509
v -0.01526 0.48928 0.05751
v -0.01462 0.48928 0.05509
v -0.01648 0.49122 0.05457
v -0.01720 0.49122 0.05696
v -0.01648 0.48928 0.05457
v -0.01720 0.48928 0.05696
v -0.01648 0.49122 0.05457
v -0.01462 0.49122 0.05509
v -0.01720 0.49122 0.05696
v -0.01526 0.49122 0.05751
v -0.01720 0.48928 0.05696
v -0.01526 0.48928 0.05751
v -0.01648 0.48928 0.05457
v -0.01462 0.48928 0.05509
v -0.01720 0.49122 0.05696
v -0.01526 0.49122 0.05751
v -0.01720 0.48928 0.05696
v -0.01526 0.48928 0.05751
v -0.01462 0.49122 0.05509
v -0.01648 0.49122 0.05457
v -0.01462 0.48928 0.05509
v -0.01648 0.48928 0.05457
v -0.02354 0.48912 0.05465
v -0.02255 0.48912 0.05235
v -0.02354 0.48718 0.05465
v -0.02255 0.48718 0.05235
v -0.02431 0.48912 0.05156
v -0.02538 0.48912 0.05382
v -0.02431 0.48718 0.05156
v -0.02538 0.48718 0.05382
v -0.02431 0.48912 0.05156
v -0.02255 0.48912 0.05235
v -0.02538 0.48912 0.05382
v -0.02354 0.48912 0.05465
v -0.02538 0.48718 0.05382
v -0.02354 0.48718 0.05465
v -0.02431 0.48718 0.05156
v -0.02255 0.48718 0.05235
v -0.02538 0.48912 0.05382
v -0.02354 0.48912 0.05465
v -0.02538 0.48718 0.05382
v -0.02354 0.48718 0.05465
v -0.02255 0.48912 0.05235
v -0.02431 0.48912 0.05156
v -0.02255 0.48718 0.05235
v -0.02431 0.48718 0.05156
v -0.01526 0.48912 0.05751
v -0.01462 0.48912 0.05509
v -0.01526 0.48718 0.05751
v -0.01462 0.48718 0.05509
v -0.01648 0.48912 0.05457
v -0.01720 0.48912 0.05696
v -0.01648 0.48718 0.05457
v -0.01720 0.48718 0.05696
v -0.01648 0.48912 0.05457
v -0.01462 0.48912 0.05509
v -0.01720 0.48912 0.05696
v -0.01526 0.48912 0.05751
v -0.01720 0.48718 0.05696
v -0.01526 0.48718 0.05751
v -0.01648 0.48718 0.05457
v -0.01462 0.48718 0.05509
v -0.01720 0.48912 0.05696
v -0.01526 0.48912 0.05751
v -0.01720 0.48718 0.05696
v -0.01526 0.48718 0.05751
v -0.01462 0.48912 0.05509
v -0.01648 0.48912 0.05457
v -0.01462 0.48718 0.05509
v -0.01648 0.48718 0.05457
v -0.02151 0.48702 0.05548
v -0.02061 0.48702 0.05314
v -0.02151 0.48508 0.05548
v -0.02061 0.48508 0.05314
v -0.02240 0.48702 0.05242
v -0.02338 0.48702 0.05471
v -0.02240 0.48508 0.05242
v -0.02338 0.48508 0.05471
v -0.02240 0.48702 0.05242
v -0.02061 0.48702 0.05314
v -0.02338 0.48702 0.05471
v -0.02151 0.48702 0.05548
v -0.02338 0.48508 0.05471
v -0.02151 0.48508 0.05548
v -0.02240 0.48508 0.05242
v -0.02061 0.48508 0.05314
v -0.02338 0.48702 0.05471
v -0.02151 0.48702 0.05548
v -0.02338 0.48508 0.05471
v -0.02151 0.48508 0.05548
v -0.02061 0.48702 0.05314
v -0.02240 0.48702 0.05242
v -0.02061 0.48508 0.05314
v -0.02240 0.48508 0.05242
v -0.01737 0.48702 0.05691
v -0.01664 0.48702 0.05452
v -0.01737 0.48508 0.05691
v -0.01664 0.48508 0.05452
v -0.01848 0.48702 0.05392
v -0.01929 0.48702 0.05629
v -0.01848 0.48508 0.05392
v -0.01929 0.48508 0.05629
v -0.01848 0.48702 0.05392
v -0.01664 0.48702 0.05452
v -0.01929 0.48702 0.05629
v -0.01737 0.48702 0.05691
v -0.01929 0.48508 0.05629
v -0.01737 0.48508 0.05691
v -0.01848 0.48508 0.05392
v -0.01664 0.48508 0.05452
v -0.01929 0.48702 0.05629
v -0.01737 0.48702 0.05691
v -0.01929 0.48508 0.05629
v -0.01737 0.48508 0.05691
v -0.01664 0.48702 0.05452
v -0.01848 0.48702 0.05392
v -0.01664 0.48508 0.05452
v -0.01848 0.48508 0.05392
v -0.01945 0.48492 0.05623
v -0.01863 0.48492 0.05387
v -0.01945 0.48298 0.05623
v -0.01863 0.48298 0.05387
v -0.02045 0.48492 0.05321
v -0.02135 0.48492 0.05554
v -0.02045 0.48298 0.05321
v -0.02135 0.48298 0.05554
v -0.02045 0.48492 0.05321
v -0.01863 0.48492 0.05387
v -0.02135 0.48492 0.05554
v -0.01945 0.48492 0.05623
v -0.02135 0.48298 0.05554
v -0.01945 0.48298 0.05623
v -0.02045 0.48298 0.05321
v -0.01863 0.48298 0.05387
v -0.02135 0.48492 0.05554
v -0.01945 0.48492 0.05623
v -0.02135 0.48298 0.05554
v -0.01945 0.48298 0.05623
v -0.01863 0.48492 0.05387
v -0.02045 0.48492 0.05321
v -0.01863 0.48298 0.05387
v -0.02045 0.48298 0.05321
v -0.02151 0.48282 0.05548
v -0.02061 0.48282 0.05314
v -0.02151 0.48088 0.05548
v -0.02061 0.48088 0.05314
v -0.02240 0.48282 0.05242
v -0.02338 0.48282 0.05471
v -0.02240 0.48088 0.05242
v -0.02338 0.48088 0.05471
v -0.02240 0.48282 0.05242
v -0.02061 0.48282 0.05314
v -0.02338 0.48282 0.05471
v -0.02151 0.48282 0.05548
v -0.02338 0.48088 0.05471
v -0.02151 0.48088 0.05548
v -0.02240 0.48088 0.05242
v -0.02061 0.48088 0.05314
v -0.02338 0.48282 0.05471
v -0.02151 0.48282 0.05548
v -0.02338 0.48088 0.05471
v -0.02151 0.48088 0.05548
v -0.02061 0.48282 0.05314
v -0.02240 0.48282 0.05242
v -0.02061 0.48088 0.05314
v -0.02240 0.48088 0.05242
v -0.01737 0.48282 0.05691
v -0.01664 0.48282 0.05452
v -0.01737 0.48088 0.05691
v -0.01664 0.48088 0.05452
v -0.01848 0.48282 0.05392
v -0.01929 0.48282 0.05629
v -0.01848 0.48088 0.05392
v -0.01929 0.48088 0.05629
v -0.01848 0.48282 0.05392
v -0.01664 0.48282 0.05452
v -0.01929 0.48282 0.05629
v -0.01737 0.48282 0.05691
v -0.01929 0.48088 0.05629
v -0.01737 0.48088 0.05691
v -0.01848 0.48088 0.05392
v -0.01664 0.48088 0.05452
v -0.01929 0.48282 0.05629
v -0.01737 0.48282 0.05691
v -0.01929 0.48088 0.05629
v -0.01737 0.48088 0.05691
v -0.01664 0.48282 0.05452
v -0.01848 0.48282 0.05392
v -0.01664 0.48088 0.05452
v -0.01848 0.48088 0.05392
v -0.02354 0.48072 0.05465
v -0.02255 0.48072 0.05235
v -0.02354 0.47878 0.05465
v -0.02255 0.47878 0.05235
v -0.02431 0.48072 0.05156
v -0.02538 0.48072 0.05382
v -0.02431 0.47878 0.05156
v -0.02538 0.47878 0.05382
v -0.02431 0.48072 0.05156
v -0.02255 0.48072 0.05235
v -0.02538 0.48072 0.05382
v -0.02354 0.48072 0.05465
v -0.02538 0.47878 0.05382
v -0.02354 0.47878 0.05465
v -0.02431 0.47878 0.05156
v -0.02255 0.47878 0.05235
v -0.02538 0.48072 0.05382
v -0.02354 0.48072 0.05465
v -0.02538 0.47878 0.05382
v -0.02354 0.47878 0.05465
v -0.02255 0.48072 0.05235
v -0.02431 0.48072 0.05156
v -0.02255 0.47878 0.05235
v -0.02431 0.47878 0.05156
v -0.01526 0.48072 0.05751
v -0.01462 0.48072 0.05509
v -0.01526 0.47878 0.05751
v -0.01462 0.47878 0.05509
v -0.01648 0.48072 0.05457
v -0.01720 0.48072 0.05696
v -0.01648 0.47878 0.05457
v -0.01720 0.47878 0.05696
v -0.01648 0.48072 0.05457
v -0.01462 0.48072 0.05509
v -0.01720 0.48072 0.05696
v -0.01526 0.48072 0.05751
v -0.01720 0.47878 0.05696
v -0.01526 0.47878 0.05751
v -0.01648 0.47878 0.05457
v -0.01462 0.47878 0.05509
v -0.01720 0.48072 0.05696
v -0.01526 0.48072 0.05751
v -0.01720 0.47878 0.05696
v -0.01526 0.47878 0.05751
v -0.01462 0.48072 0.05509
v -0.01648 0.48072 0.05457
v -0.01462 0.47878 0.05509
v -0.01648 0.47878 0.05457
v -0.02354 0.47862 0.05465
v -0.02255 0.47862 0.05235
v -0.02354 0.47668 0.05465
v -0.02255 0.47668 0.05235
v -0.02431 0.47862 0.05156
v -0.02538 0.47862 0.05382
v -0.02431 0.47668 0.05156
v -0.02538 0.47668 0.05382
v -0.02431 0.47862 0.05156
v -0.02255 0.47862 0.05235
v -0.02538 0.47862 0.05382
v -0.02354 0.47862 0.05465
v -0.02538 0.47668 0.05382
v -0.02354 0.47668 0.05465
v -0.02431 0.47668 0.05156
v -0.02255 0.47668 0.05235
v -0.02538 0.47862 0.05382
v -0.02354 0.47862 0.05465
v -0.02538 0.47668 0.05382
v -0.02354 0.47668 0.05465
v -0.02255 0.47862 0.05235
v -0.02431 0.47862 0.05156
v -0.02255 0.47668 0.05235
v -0.02431 0.47668 0.05156
v -0.01526 0.47862 0.05751
v -0.01462 0.47862 0.05509
v -0.01526 0.47668 0.05751
v -0.01462 0.47668 0.05509
v -0.01648 0.47862 0.05457
v -0.01720 0.47862 0.05696
v -0.01648 0.47668 0.05457
v -0.01720 0.47668 0.05696
v -0.01648 0.47862 0.05457
v -0.01462 0.47862 0.05509
v -0.01720 0.47862 0.05696
v -0.01526 0.47862 0.05751
v -0.01720 0.47668 0.05696
v -0.01526 0.47668 0.05751
v -0.01648 0.47668 0.05457
v -0.01462 0.47668 0.05509
v -0.01720 0.47862 0.05696
v -0.01526 0.47862 0.05751
v -0.01720 0.47668 0.05696
v -0.01526 0.47668 0.05751
v -0.01462 0.47862 0.05509
v -0.01648 0.47862 0.05457
v -0.01462 0.47668 0.05509
v -0.01648 0.47668 0.05457
v -0.01098 0.49122 0.05848
v -0.01052 0.49122 0.05602
v -0.01098 0.48928 0.05848
v -0.01052 0.48928 0.05602
v -0.01242 0.49122 0.05563
v -0.01296 0.49122 0.05807
v -0.01242 0.48928 0.05563
v -0.01296 0.48928 0.05807
v -0.01242 0.49122 0.05563
v -0.01052 0.49122 0.05602
v -0.01296 0.49122 0.05807
v -0.01098 0.49122 0.05848
v -0.01296 0.48928 0.05807
v -0.01098 0.48928 0.05848
v -0.01242 0.48928 0.05563
v -0.01052 0.48928 0.05602
v -0.01296 0.49122 0.05807
v -0.01098 0.49122 0.05848
v -0.01296 0.48928 0.05807
v -0.01098 0.48928 0.05848
v -0.01052 0.49122 0.05602
v -0.01242 0.49122 0.05563
v -0.01052 0.48928 0.05602
v -0.01242 0.48928 0.05563
v -0.00228 0.49122 0.05946
v -0.00218 0.49122 0.05696
v -0.00228 0.48928 0.05946
v -0.00218 0.48928 0.05696
v -0.00411 0.49122 0.05685
v -0.00429 0.49122 0.05934
v -0.00411 0.48928 0.05685
v -0.00429 0.48928 0.05934
v -0.00411 0.49122 0.05685
v -0.00218 0.49122 0.05696
v -0.00429 0.49122 0.05934
v -0.00228 0.49122 0.05946
v -0.00429 0.48928 0.05934
v -0.00228 0.48928 0.05946
v -0.00411 0.48928 0.05685
v -0.00218 0.48928 0.05696
v -0.00429 0.49122 0.05934
v -0.00228 0.49122 0.05946
v -0.00429 0.48928 0.05934
v -0.00228 0.48928 0.05946
v -0.00218 0.49122 0.05696
v -0.00411 0.49122 0.05685
v -0.00218 0.48928 0.05696
v -0.00411 0.48928 0.05685
v -0.01098 0.48912 0.05848
v -0.01052 0.48912 0.05602
v -0.01098 0.48718 0.05848
v -0.01052 0.48718 0.05602
v -0.01242 0.48912 0.05563
v -0.01296 0.48912 0.05807
v -0.01242 0.48718 0.05563
v -0.01296 0.48718 0.05807
v -0.01242 0.48912 0.05563
v -0.01052 0.48912 0.05602
v -0.01296 0.48912 0.05807
v -0.01098 0.48912 0.05848
v -0.01296 0.48718 0.05807
v -0.01098 0.48718 0.05848
v -0.01242 0.48718 0.05563
v -0.01052 0.48718 0.05602
v -0.01296 0.48912 0.05807
v -0.01098 0.48912 0.05848
v -0.01296 0.48718 0.05807
v -0.01098 0.48718 0.05848
v -0.01052 0.48912 0.05602
v -0.01242 0.48912 0.05563
v -0.01052 0.48718 0.05602
v -0.01242 0.48718 0.05563
v -0.00228 0.48912 0.05946
v -0.00218 0.48912 0.05696
v -0.00228 0.48718 0.05946
v -0.00218 0.48718 0.05696
v -0.00411 0.48912 0.05685
v -0.00429 0.48912 0.05934
v -0.00411 0.48718 0.05685
v -0.00429 0.48718 0.05934
v -0.00411 0.48912 0.05685
v -0.00218 0.48912 0.05696
v -0.00429 0.48912 0.05934
v -0.00228 0.48912 0.05946
v -0.00429 0.48718 0.05934
v -0.00228 0.48718 0.05946
v -0.00411 0.48718 0.05685
v -0.00218 0.48718 0.05696
v -0.00429 0.48912 0.05934
v -0.00228 0.48912 0.05946
v -0.00429 0.48718 0.05934
v -0.00228 0.48718 0.05946
v -0.00218 0.48912 0.05696
v -0.00411 0.48912 0.05685
v -0.00218 0.48718 0.05696
v -0.00411 0.48718 0.05685
v -0.00882 0.48702 0.05884
v -0.00845 0.48702 0.05637
v -0.00882 0.48508 0.05884
v -0.00845 0.48508 0.05637
v -0.01036 0.48702 0.05605
v -0.01081 0.48702 0.05851
v -0.01036 0.48508 0.05605
v -0.01081 0.48508 0.05851
v -0.01036 0.48702 0.05605
v -0.00845 0.48702 0.05637
v -0.01081 0.48702 0.05851
v -0.00882 0.48702 0.05884
v -0.01081 0.48508 0.05851
v -0.00882 0.48508 0.05884
v -0.01036 0.48508 0.05605
v -0.00845 0.48508 0.05637
v -0.01081 0.48702 0.05851
v -0.00882 0.48702 0.05884
v -0.01081 0.48508 0.05851
v -0.00882 0.48508 0.05884
v -0.00845 0.48702 0.05637
v -0.01036 0.48702 0.05605
v -0.00845 0.48508 0.05637
v -0.01036 0.48508 0.05605
v -0.00447 0.48702 0.05933
v -0.00428 0.48702 0.05684
v -0.00447 0.48508 0.05933
v -0.00428 0.48508 0.05684
v -0.00620 0.48702 0.05666
v -0.00648 0.48702 0.05915
v -0.00620 0.48508 0.05666
v -0.00648 0.48508 0.05915
v -0.00620 0.48702 0.05666
v -0.00428 0.48702 0.05684
v -0.00648 0.48702 0.05915
v -0.00447 0.48702 0.05933
v -0.00648 0.48508 0.05915
v -0.00447 0.48508 0.05933
v -0.00620 0.48508 0.05666
v -0.00428 0.48508 0.05684
v -0.00648 0.48702 0.05915
v -0.00447 0.48702 0.05933
v -0.00648 0.48508 0.05915
v -0.00447 0.48508 0.05933
v -0.00428 0.48702 0.05684
v -0.00620 0.48702 0.05666
v -0.00428 0.48508 0.05684
v -0.00620 0.48508 0.05666
v -0.00665 0.48492 0.05913
v -0.00637 0.48492 0.05664
v -0.00665 0.48298 0.05913
v -0.00637 0.48298 0.05664
v -0.00829 0.48492 0.05639
v -0.00865 0.48492 0.05887
v -0.00829 0.48298 0.05639
v -0.00865 0.48298 0.05887
v -0.00829 0.48492 0.05639
v -0.00637 0.48492 0.05664
v -0.00865 0.48492 0.05887
v -0.00665 0.48492 0.05913
v -0.00865 0.48298 0.05887
v -0.00665 0.48298 0.05913
v -0.00829 0.48298 0.05639
v -0.00637 0.48298 0.05664
v -0.00865 0.48492 0.05887
v -0.00665 0.48492 0.05913
v -0.00865 0.48298 0.05887
v -0.00665 0.48298 0.05913
v -0.00637 0.48492 0.05664
v -0.00829 0.48492 0.05639
v -0.00637 0.48298 0.05664
v -0.00829 0.48298 0.05639
v -0.00665 0.48282 0.05913
v -0.00637 0.48282 0.05664
v -0.00665 0.48088 0.05913
v -0.00637 0.48088 0.05664
v -0.00829 0.48282 0.05639
v -0.00865 0.48282 0.05887
v -0.00829 0.48088 0.05639
v -0.00865 0.48088 0.05887
v -0.00829 0.48282 0.05639
v -0.00637 0.48282 0.05664
v -0.00865 0.48282 0.05887
v -0.00665 0.48282 0.05913
v -0.00865 0.48088 0.05887
v -0.00665 0.48088 0.05913
v -0.00829 0.48088 0.05639
v -0.00637 0.48088 0.05664
v -0.00865 0.48282 0.05887
v -0.00665 0.48282 0.05913
v -0.00865 0.48088 0.05887
v -0.00665 0.48088 0.05913
v -0.00637 0.48282 0.05664
v -0.00829 0.48282 0.05639
v -0.00637 0.48088 0.05664
v -0.00829 0.48088 0.05639
v -0.00665 0.48072 0.05913
v -0.00637 0.48072 0.05664
v -0.00665 0.47878 0.05913
v -0.00637 0.47878 0.05664
v -0.00829 0.48072 0.05639
v -0.00865 0.48072 0.05887
v -0.00829 0.47878 0.05639
v -0.00865 0.47878 0.05887
v -0.00829 0.48072 0.05639
v -0.00637 0.48072 0.05664
v -0.00865 0.48072 0.05887
v -0.00665 0.48072 0.05913
v -0.00865 0.47878 0.05887
v -0.00665 0.47878 0.05913
v -0.00829 0.47878 0.05639
v -0.00637 0.47878 0.05664
v -0.00865 0.48072 0.05887
v -0.00665 0.48072 0.05913
v -0.00865 0.47878 0.05887
v -0.00665 0.47878 0.05913
v -0.00637 0.48072 0.05664
v -0.00829 0.48072 0.05639
v -0.00637 0.47878 0.05664
v -0.00829 0.47878 0.05639
v -0.00665 0.47862 0.05913
v -0.00637 0.47862 0.05664
v -0.00665 0.47668 0.05913
v -0.00637 0.47668 0.05664
v -0.00829 0.47862 0.05639
v -0.00865 0.47862 0.05887
v -0.00829 0.47668 0.05639
v -0.00865 0.47668 0.05887
v -0.00829 0.47862 0.05639
v -0.00637 0.47862 0.05664
v -0.00865 0.47862 0.05887
v -0.00665 0.47862 0.05913
v -0.00865 0.47668 0.05887
v -0.00665 0.47668 0.05913
v -0.00829 0.47668 0.05639
v -0.00637 0.47668 0.05664
v -0.00865 0.47862 0.05887
v -0.00665 0.47862 0.05913
v -0.00865 0.47668 0.05887
v -0.00665 0.47668 0.05913
v -0.00637 0.47862 0.05664
v -0.00829 0.47862 0.05639
v -0.00637 0.47668 0.05664
v -0.00829 0.47668 0.05639
v 0.00429 0.49122 0.05934
v 0.00411 0.49122 0.05685
v 0.00429 0.48928 0.05934
v 0.00411 0.48928 0.05685
v 0.00218 0.49122 0.05696
v 0.00228 0.49122 0.05946
v 0.00218 0.48928 0.05696
v 0.00228 0.48928 0.05946
v 0.00218 0.49122 0.05696
v 0.00411 0.49122 0.05685
v 0.00228 0.49122 0.05946
v 0.00429 0.49122 0.05934
v 0.00228 0.48928 0.05946
v 0.00429 0.48928 0.05934
v 0.00218 0.48928 0.05696
v 0.00411 0.48928 0.05685
v 0.00228 0.49122 0.05946
v 0.00429 0.49122 0.05934
v 0.00228 0.48928 0.05946
v 0.00429 0.48928 0.05934
v 0.00411 0.49122 0.05685
v 0.00218 0.49122 0.05696
v 0.00411 0.48928 0.05685
v 0.00218 0.48928 0.05696
v 0.00648 0.49122 0.05915
v 0.00620 0.49122 0.05666
v 0.00648 0.48928 0.05915
v 0.00620 0.48928 0.05666
v 0.00428 0.49122 0.05684
v 0.00447 0.49122 0.05933
v 0.00428 0.48928 0.05684
v 0.00447 0.48928 0.05933
v 0.00428 0.49122 0.05684
v 0.00620 0.49122 0.05666
v 0.00447 0.49122 0.05933
v 0.00648 0.49122 0.05915
v 0.00447 0.48928 0.05933
v 0.00648 0.48928 0.05915
v 0.00428 0.48928 0.05684
v 0.00620 0.48928 0.05666
v 0.00447 0.49122 0.05933
v 0.00648 0.49122 0.05915
v 0.00447 0.48928 0.05933
v 0.00648 0.48928 0.05915
v 0.00620 0.49122 0.05666
v 0.00428 0.49122 0.05684
v 0.00620 0.48928 0.05666
v 0.00428 0.48928 0.05684
v 0.00865 0.49122 0.05887
v 0.00829 0.49122 0.05639
v 0.00865 0.48928 0.05887
v 0.00829 0.48928 0.05639
v 0.00637 0.49122 0.05664
v 0.00665 0.49122 0.05913
v 0.00637 0.48928 0.05664
v 0.00665 0.48928 0.05913
v 0.00637 0.49122 0.05664
v 0.00829 0.49122 0.05639
v 0.00665 0.49122 0.05913
v 0.00865 0.49122 0.05887
v 0.00665 0.48928 0.05913
v 0.00865 0.48928 0.05887
v 0.00637 0.48928 0.05664
v 0.00829 0.48928 0.05639
v 0.00665 0.49122 0.05913
v 0.00865 0.49122 0.05887
v 0.00665 0.48928 0.05913
v 0.00865 0.48928 0.05887
v 0.00829 0.49122 0.05639
v 0.00637 0.49122 0.05664
v 0.00829 0.48928 0.05639
v 0.00637 0.48928 0.05664
v 0.01081 0.49122 0.05851
v 0.01036 0.49122 0.05605
v 0.01081 0.48928 0.05851
v 0.01036 0.48928 0.05605
v 0.00845 0.49122 0.05637
v 0.00882 0.49122 0.05884
v 0.00845 0.48928 0.05637
v 0.00882 0.48928 0.05884
v 0.00845 0.49122 0.05637
v 0.01036 0.49122 0.05605
v 0.00882 0.49122 0.05884
v 0.01081 0.49122 0.05851
v 0.00882 0.48928 0.05884
v 0.01081 0.48928 0.05851
v 0.00845 0.48928 0.05637
v 0.01036 0.48928 0.05605
v 0.00882 0.49122 0.05884
v 0.01081 0.49122 0.05851
v 0.00882 0.48928 0.05884
v 0.01081 0.48928 0.05851
v 0.01036 0.49122 0.05605
v 0.00845 0.49122 0.05637
v 0.01036 0.48928 0.05605
v 0.00845 0.48928 0.05637
v 0.00210 0.48912 0.05946
v 0.00202 0.48912 0.05696
v 0.00210 0.48718 0.05946
v 0.00202 0.48718 0.05696
v 0.00008 0.48912 0.05700
v 0.00009 0.48912 0.05950
v 0.00008 0.48718 0.05700
v 0.00009 0.48718 0.05950
v 0.00008 0.48912 0.05700
v 0.00202 0.48912 0.05696
v 0.00009 0.48912 0.05950
v 0.00210 0.48912 0.05946
v 0.00009 0.48718 0.05950
v 0.00210 0.48718 0.05946
v 0.00008 0.48718 0.05700
v 0.00202 0.48718 0.05696
v 0.00009 0.48912 0.05950
v 0.00210 0.48912 0.05946
v 0.00009 0.48718 0.05950
v 0.00210 0.48718 0.05946
v 0.00202 0.48912 0.05696
v 0.00008 0.48912 0.05700
v 0.00202 0.48718 0.05696
v 0.00008 0.48718 0.05700
v 0.00210 0.48702 0.05946
v 0.00202 0.48702 0.05696
v 0.00210 0.48508 0.05946
v 0.00202 0.48508 0.05696
v 0.00008 0.48702 0.05700
v 0.00009 0.48702 0.05950
v 0.00008 0.48508 0.05700
v 0.00009 0.48508 0.05950
v 0.00008 0.48702 0.05700
v 0.00202 0.48702 0.05696
v 0.00009 0.48702 0.05950
v 0.00210 0.48702 0.05946
v 0.00009 0.48508 0.05950
v 0.00210 0.48508 0.05946
v 0.00008 0.48508 0.05700
v 0.00202 0.48508 0.05696
v 0.00009 0.48702 0.05950
v 0.00210 0.48702 0.05946
v 0.00009 0.48508 0.05950
v 0.00210 0.48508 0.05946
v 0.00202 0.48702 0.05696
v 0.00008 0.48702 0.05700
v 0.00202 0.48508 0.05696
v 0.00008 0.48508 0.05700
v 0.00210 0.48492 0.05946
v 0.00202 0.48492 0.05696
v 0.00210 0.48298 0.05946
v 0.00202 0.48298 0.05696
v 0.00008 0.48492 0.05700
v 0.00009 0.48492 0.05950
v 0.00008 0.48298 0.05700
v 0.00009 0.48298 0.05950
v 0.00008 0.48492 0.05700
v 0.00202 0.48492 0.05696
v 0.00009 0.48492 0.05950
v 0.00210 0.48492 0.05946
v 0.00009 0.48298 0.05950
v 0.00210 0.48298 0.05946
v 0.00008 0.48298 0.05700
v 0.00202 0.48298 0.05696
v 0.00009 0.48492 0.05950
v 0.00210 0.48492 0.05946
v 0.00009 0.48298 0.05950
v 0.00210 0.48298 0.05946
v 0.00202 0.48492 0.05696
v 0.00008 0.48492 0.05700
v 0.00202 0.48298 0.05696
v 0.00008 0.48298 0.05700
v 0.00648 0.48492 0.05915
v 0.00620 0.48492 0.05666
v 0.00648 0.48298 0.05915
v 0.00620 0.48298 0.05666
v 0.00428 0.48492 0.05684
v 0.00447 0.48492 0.05933
v 0.00428 0.48298 0.05684
v 0.00447 0.48298 0.05933
v 0.00428 0.48492 0.05684
v 0.00620 0.48492 0.05666
v 0.00447 0.48492 0.05933
v 0.00648 0.48492 0.05915
v 0.00447 0.48298 0.05933
v 0.00648 0.48298 0.05915
v 0.00428 0.48298 0.05684
v 0.00620 0.48298 0.05666
v 0.00447 0.48492 0.05933
v 0.00648 0.48492 0.05915
v 0.00447 0.48298 0.05933
v 0.00648 0.48298 0.05915
v 0.00620 0.48492 0.05666
v 0.00428 0.48492 0.05684
v 0.00620 0.48298 0.05666
v 0.00428 0.48298 0.05684
v 0.00865 0.48492 0.05887
v 0.00829 0.48492 0.05639
v 0.00865 0.48298 0.05887
v 0.00829 0.48298 0.05639
v 0.00637 0.48492 0.05664
v 0.00665 0.48492 0.05913
v 0.00637 0.48298 0.05664
v 0.00665 0.48298 0.05913
v 0.00637 0.48492 0.05664
v 0.00829 0.48492 0.05639
v 0.00665 0.48492 0.05913
v 0.00865 0.48492 0.05887
v 0.00665 0.48298 0.05913
v 0.00865 0.48298 0.05887
v 0.00637 0.48298 0.05664
v 0.00829 0.48298 0.05639
v 0.00665 0.48492 0.05913
v 0.00865 0.48492 0.05887
v 0.00665 0.48298 0.05913
v 0.00865 0.48298 0.05887
v 0.00829 0.48492 0.05639
v 0.00637 0.48492 0.05664
v 0.00829 0.48298 0.05639
v 0.00637 0.48298 0.05664
v 0.01081 0.48492 0.05851
v 0.01036 0.48492 0.05605
v 0.01081 0.48298 0.05851
v 0.01036 0.48298 0.05605
v 0.00845 0.48492 0.05637
v 0.00882 0.48492 0.05884
v 0.00845 0.48298 0.05637
v 0.00882 0.48298 0.05884
v 0.00845 0.48492 0.05637
v 0.01036 0.48492 0.05605
v 0.00882 0.48492 0.05884
v 0.01081 0.48492 0.05851
v 0.00882 0.48298 0.05884
v 0.01081 0.48298 0.05851
v 0.00845 0.48298 0.05637
v 0.01036 0.48298 0.05605
v 0.00882 0.48492 0.05884
v 0.01081 0.48492 0.05851
v 0.00882 0.48298 0.05884
v 0.01081 0.48298 0.05851
v 0.01036 0.48492 0.05605
v 0.00845 0.48492 0.05637
v 0.01036 0.48298 0.05605
v 0.00845 0.48298 0.05637
v 0.00210 0.48282 0.05946
v 0.00202 0.48282 0.05696
v 0.00210 0.48088 0.05946
v 0.00202 0.48088 0.05696
v 0.00008 0.48282 0.05700
v 0.00009 0.48282 0.05950
v 0.00008 0.48088 0.05700
v 0.00009 0.48088 0.05950
v 0.00008 0.48282 0.05700
v 0.00202 0.48282 0.05696
v 0.00009 0.48282 0.05950
v 0.00210 0.48282 0.05946
v 0.00009 0.48088 0.05950
v 0.00210 0.48088 0.05946
v 0.00008 0.48088 0.05700
v 0.00202 0.48088 0.05696
v 0.00009 0.48282 0.05950
v 0.00210 0.48282 0.05946
v 0.00009 0.48088 0.05950
v 0.00210 0.48088 0.05946
v 0.00202 0.48282 0.05696
v 0.00008 0.48282 0.05700
v 0.00202 0.48088 0.05696
v 0.00008 0.48088 0.05700
v 0.01081 0.48282 0.05851
v 0.01036 0.48282 0.05605
v 0.01081 0.48088 0.05851
v 0.01036 0.48088 0.05605
v 0.00845 0.48282 0.05637
v 0.00882 0.48282 0.05884
v 0.00845 0.48088 0.05637
v 0.00882 0.48088 0.05884
v 0.00845 0.48282 0.05637
v 0.01036 0.48282 0.05605
v 0.00882 0.48282 0.05884
v 0.01081 0.48282 0.05851
v 0.00882 0.48088 0.05884
v 0.01081 0.48088 0.05851
v 0.00845 0.48088 0.05637
v 0.01036 0.48088 0.05605
v 0.00882 0.48282 0.05884
v 0.01081 0.48282 0.05851
v 0.00882 0.48088 0.05884
v 0.01081 0.48088 0.05851
v 0.01036 0.48282 0.05605
v 0.00845 0.48282 0.05637
v 0.01036 0.48088 0.05605
v 0.00845 0.48088 0.05637
v 0.00210 0.48072 0.05946
v 0.00202 0.48072 0.05696
v 0.00210 0.47878 0.05946
v 0.00202 0.47878 0.05696
v 0.00008 0.48072 0.05700
v 0.00009 0.48072 0.05950
v 0.00008 0.47878 0.05700
v 0.00009 0.47878 0.05950
v 0.00008 0.48072 0.05700
v 0.00202 0.48072 0.05696
v 0.00009 0.48072 0.05950
v 0.00210 0.48072 0.05946
v 0.00009 0.47878 0.05950
v 0.00210 0.47878 0.05946
v 0.00008 0.47878 0.05700
v 0.00202 0.47878 0.05696
v 0.00009 0.48072 0.05950
v 0.00210 0.48072 0.05946
v 0.00009 0.47878 0.05950
v 0.00210 0.47878 0.05946
v 0.00202 0.48072 0.05696
v 0.00008 0.48072 0.05700
v 0.00202 0.47878 0.05696
v 0.00008 0.47878 0.05700
v 0.01081 0.48072 0.05851
v 0.01036 0.48072 0.05605
v 0.01081 0.47878 0.05851
v 0.01036 0.47878 0.05605
v 0.00845 0.48072 0.05637
v 0.00882 0.48072 0.05884
v 0.00845 0.47878 0.05637
v 0.00882 0.47878 0.05884
v 0.00845 0.48072 0.05637
v 0.01036 0.48072 0.05605
v 0.00882 0.48072 0.05884
v 0.01081 0.48072 0.05851
v 0.00882 0.47878 0.05884
v 0.01081 0.47878 0.05851
v 0.00845 0.47878 0.05637
v 0.01036 0.47878 0.05605
v 0.00882 0.48072 0.05884
v 0.01081 0.48072 0.05851
v 0.00882 0.47878 0.05884
v 0.01081 0.47878 0.05851
v 0.01036 0.48072 0.05605
v 0.00845 0.48072 0.05637
v 0.01036 0.47878 0.05605
v 0.00845 0.47878 0.05637
v 0.00429 0.47862 0.05934
v 0.00411 0.47862 0.05685
v 0.00429 0.47668 0.05934
v 0.00411 0.47668 0.05685
v 0.00218 0.47862 0.05696
v 0.00228 0.47862 0.05946
v 0.00218 0.47668 0.05696
v 0.00228 0.47668 0.05946
v 0.00218 0.47862 0.05696
v 0.00411 0.47862 0.05685
v 0.00228 0.47862 0.05946
v 0.00429 0.47862 0.05934
v 0.00228 0.47668 0.05946
v 0.00429 0.47668 0.05934
v 0.00218 0.47668 0.05696
v 0.00411 0.47668 0.05685
v 0.00228 0.47862 0.05946
v 0.00429 0.47862 0.05934
v 0.00228 0.47668 0.05946
v 0.00429 0.47668 0.05934
v 0.00411 0.47862 0.05685
v 0.00218 0.47862 0.05696
v 0.00411 0.47668 0.05685
v 0.00218 0.47668 0.05696
v 0.00648 0.47862 0.05915
v 0.00620 0.47862 0.05666
v 0.00648 0.47668 0.05915
v 0.00620 0.47668 0.05666
v 0.00428 0.47862 0.05684
v 0.00447 0.47862 0.05933
v 0.00428 0.47668 0.05684
v 0.00447 0.47668 0.05933
v 0.00428 0.47862 0.05684
v 0.00620 0.47862 0.05666
v 0.00447 0.47862 0.05933
v 0.00648 0.47862 0.05915
v 0.00447 0.47668 0.05933
v 0.00648 0.47668 0.05915
v 0.00428 0.47668 0.05684
v 0.00620 0.47668 0.05666
v 0.00447 0.47862 0.05933
v 0.00648 0.47862 0.05915
v 0.00447 0.47668 0.05933
v 0.00648 0.47668 0.05915
v 0.00620 0.47862 0.05666
v 0.00428 0.47862 0.05684
v 0.00620 0.47668 0.05666
v 0.00428 0.47668 0.05684
v 0.00865 0.47862 0.05887
v 0.00829 0.47862 0.05639
v 0.00865 0.47668 0.05887
v 0.00829 0.47668 0.05639
v 0.00637 0.47862 0.05664
v 0.00665 0.47862 0.05913
v 0.00637 0.47668 0.05664
v 0.00665 0.47668 0.05913
v 0.00637 0.47862 0.05664
v 0.00829 0.47862 0.05639
v 0.00665 0.47862 0.05913
v 0.00865 0.47862 0.05887
v 0.00665 0.47668 0.05913
v 0.00865 0.47668 0.05887
v 0.00637 0.47668 0.05664
v 0.00829 0.47668 0.05639
v 0.00665 0.47862 0.05913
v 0.00865 0.47862 0.05887
v 0.00665 0.47668 0.05913
v 0.00865 0.47668 0.05887
v 0.00829 0.47862 0.05639
v 0.00637 0.47862 0.05664
v 0.00829 0.47668 0.05639
v 0.00637 0.47668 0.05664
v 0.01081 0.47862 0.05851
v 0.01036 0.47862 0.05605
v 0.01081 0.47668 0.05851
v 0.01036 0.47668 0.05605
v 0.00845 0.47862 0.05637
v 0.00882 0.47862 0.05884
v 0.00845 0.47668 0.05637
v 0.00882 0.47668 0.05884
v 0.00845 0.47862 0.05637
v 0.01036 0.47862 0.05605
v 0.00882 0.47862 0.05884
v 0.01081 0.47862 0.05851
v 0.00882 0.47668 0.05884
v 0.01081 0.47668 0.05851
v 0.00845 0.47668 0.05637
v 0.01036 0.47668 0.05605
v 0.00882 0.47862 0.05884
v 0.01081 0.47862 0.05851
v 0.00882 0.47668 0.05884
v 0.01081 0.47668 0.05851
v 0.01036 0.47862 0.05605
v 0.00845 0.47862 0.05637
v 0.01036 0.47668 0.05605
v 0.00845 0.47668 0.05637
v 0.01509 0.49122 0.05755
v 0.01446 0.49122 0.05514
v 0.01509 0.48928 0.05755
v 0.01446 0.48928 0.05514
v 0.01258 0.49122 0.05559
v 0.01313 0.49122 0.05803
v 0.01258 0.48928 0.05559
v 0.01313 0.48928 0.05803
v 0.01258 0.49122 0.05559
v 0.01446 0.49122 0.05514
v 0.01313 0.49122 0.05803
v 0.01509 0.49122 0.05755
v 0.01313 0.48928 0.05803
v 0.01509 0.48928 0.05755
v 0.01258 0.48928 0.05559
v 0.01446 0.48928 0.05514
v 0.01313 0.49122 0.05803
v 0.01509 0.49122 0.05755
v 0.01313 0.48928 0.05803
v 0.01509 0.48928 0.05755
v 0.01446 0.49122 0.05514
v 0.01258 0.49122 0.05559
v 0.01446 0.48928 0.05514
v 0.01258 0.48928 0.05559
v 0.01720 0.49122 0.05696
v 0.01648 0.49122 0.05457
v 0.01720 0.48928 0.05696
v 0.01648 0.48928 0.05457
v 0.01462 0.49122 0.05509
v 0.01526 0.49122 0.05751
v 0.01462 0.48928 0.05509
v 0.01526 0.48928 0.05751
v 0.01462 0.49122 0.05509
v 0.01648 0.49122 0.05457
v 0.01526 0.49122 0.05751
v 0.01720 0.49122 0.05696
v 0.01526 0.48928 0.05751
v 0.01720 0.48928 0.05696
v 0.01462 0.48928 0.05509
v 0.01648 0.48928 0.05457
v 0.01526 0.49122 0.05751
v 0.01720 0.49122 0.05696
v 0.01526 0.48928 0.05751
v 0.01720 0.48928 0.05696
v 0.01648 0.49122 0.05457
v 0.01462 0.49122 0.05509
v 0.01648 0.48928 0.05457
v 0.01462 0.48928 0.05509
v 0.01929 0.49122 0.05629
v 0.01848 0.49122 0.05392
v 0.01929 0.48928 0.05629
v 0.01848 0.48928 0.05392
v 0.01664 0.49122 0.05452
v 0.01737 0.49122 0.05691
v 0.01664 0.48928 0.05452
v 0.01737 0.48928 0.05691
v 0.01664 0.49122 0.05452
v 0.01848 0.49122 0.05392
v 0.01737 0.49122 0.05691
v 0.01929 0.49122 0.05629
v 0.01737 0.48928 0.05691
v 0.01929 0.48928 0.05629
v 0.01664 0.48928 0.05452
v 0.01848 0.48928 0.05392
v 0.01737 0.49122 0.05691
v 0.01929 0.49122 0.05629
v 0.01737 0.48928 0.05691
v 0.01929 0.48928 0.05629
v 0.01848 0.49122 0.05392
v 0.01664 0.49122 0.05452
v 0.01848 0.48928 0.05392
v 0.01664 0.48928 0.05452
v 0.02135 0.49122 0.05554
v 0.02045 0.49122 0.05321
v 0.02135 0.48928 0.05554
v 0.02045 0.48928 0.05321
v 0.01863 0.49122 0.05387
v 0.01945 0.49122 0.05623
v 0.01863 0.48928 0.05387
v 0.01945 0.48928 0.05623
v 0.01863 0.49122 0.05387
v 0.02045 0.49122 0.05321
v 0.01945 0.49122 0.05623
v 0.02135 0.49122 0.05554
v 0.01945 0.48928 0.05623
v 0.02135 0.48928 0.05554
v 0.01863 0.48928 0.05387
v 0.02045 0.48928 0.05321
v 0.01945 0.49122 0.05623
v 0.02135 0.49122 0.05554
v 0.01945 0.48928 0.05623
v 0.02135 0.48928 0.05554
v 0.02045 0.49122 0.05321
v 0.01863 0.49122 0.05387
v 0.02045 0.48928 0.05321
v 0.01863 0.48928 0.05387
v 0.02338 0.49122 0.05471
v 0.02240 0.49122 0.05242
v 0.02338 0.48928 0.05471
v 0.02240 0.48928 0.05242
v 0.02061 0.49122 0.05314
v 0.02151 0.49122 0.05548
v 0.02061 0.48928 0.05314
v 0.02151 0.48928 0.05548
v 0.02061 0.49122 0.05314
v 0.02240 0.49122 0.05242
v 0.02151 0.49122 0.05548
v 0.02338 0.49122 0.05471
v 0.02151 0.48928 0.05548
v 0.02338 0.48928 0.05471
v 0.02061 0.48928 0.05314
v 0.02240 0.48928 0.05242
v 0.02151 0.49122 0.05548
v 0.02338 0.49122 0.05471
v 0.02151 0.48928 0.05548
v 0.02338 0.48928 0.05471
v 0.02240 0.49122 0.05242
v 0.02061 0.49122 0.05314
v 0.02240 0.48928 0.05242
v 0.02061 0.48928 0.05314
v 0.01509 0.48912 0.05755
v 0.01446 0.48912 0.05514
v 0.01509 0.48718 0.05755
v 0.01446 0.48718 0.05514
v 0.01258 0.48912 0.05559
v 0.01313 0.48912 0.05803
v 0.01258 0.48718 0.05559
v 0.01313 0.48718 0.05803
v 0.01258 0.48912 0.05559
v 0.01446 0.48912 0.05514
v 0.01313 0.48912 0.05803
v 0.01509 0.48912 0.05755
v 0.01313 0.48718 0.05803
v 0.01509 0.48718 0.05755
v 0.01258 0.48718 0.05559
v 0.01446 0.48718 0.05514
v 0.01313 0.48912 0.05803
v 0.01509 0.48912 0.05755
v 0.01313 0.48718 0.05803
v 0.01509 0.48718 0.05755
v 0.01446 0.48912 0.05514
v 0.01258 0.48912 0.05559
v 0.01446 0.48718 0.05514
v 0.01258 0.48718 0.05559
v 0.01509 0.48702 0.05755
v 0.01446 0.48702 0.05514
v 0.01509 0.48508 0.05755
v 0.01446 0.48508 0.05514
v 0.01258 0.48702 0.05559
v 0.01313 0.48702 0.05803
v 0.01258 0.48508 0.05559
v 0.01313 0.48508 0.05803
v 0.01258 0.48702 0.05559
v 0.01446 0.48702 0.05514
v 0.01313 0.48702 0.05803
v 0.01509 0.48702 0.05755
v 0.01313 0.48508 0.05803
v 0.01509 0.48508 0.05755
v 0.01258 0.48508 0.05559
v 0.01446 0.48508 0.05514
v 0.01313 0.48702 0.05803
v 0.01509 0.48702 0.05755
v 0.01313 0.48508 0.05803
v 0.01509 0.48508 0.05755
v 0.01446 0.48702 0.05514
v 0.01258 0.48702 0.05559
v 0.01446 0.48508 0.05514
v 0.01258 0.48508 0.05559
v 0.01509 0.48492 0.05755
v 0.01446 0.48492 0.05514
v 0.01509 0.48298 0.05755
v 0.01446 0.48298 0.05514
v 0.01258 0.48492 0.05559
v 0.01313 0.48492 0.05803
v 0.01258 0.48298 0.05559
v 0.01313 0.48298 0.05803
v 0.01258 0.48492 0.05559
v 0.01446 0.48492 0.05514
v 0.01313 0.48492 0.05803
v 0.01509 0.48492 0.05755
v 0.01313 0.48298 0.05803
v 0.01509 0.48298 0.05755
v 0.01258 0.48298 0.05559
v 0.01446 0.48298 0.05514
v 0.01313 0.48492 0.05803
v 0.01509 0.48492 0.05755
v 0.01313 0.48298 0.05803
v 0.01509 0.48298 0.05755
v 0.01446 0.48492 0.05514
v 0.01258 0.48492 0.05559
v 0.01446 0.48298 0.05514
v 0.01258 0.48298 0.05559
v 0.01720 0.48492 0.05696
v 0.01648 0.48492 0.05457
v 0.01720 0.48298 0.05696
v 0.01648 0.48298 0.05457
v 0.01462 0.48492 0.05509
v 0.01526 0.48492 0.05751
v 0.01462 0.48298 0.05509
v 0.01526 0.48298 0.05751
v 0.01462 0.48492 0.05509
v 0.01648 0.48492 0.05457
v 0.01526 0.48492 0.05751
v 0.01720 0.48492 0.05696
v 0.01526 0.48298 0.05751
v 0.01720 0.48298 0.05696
v 0.01462 0.48298 0.05509
v 0.01648 0.48298 0.05457
v 0.01526 0.48492 0.05751
v 0.01720 0.48492 0.05696
v 0.01526 0.48298 0.05751
v 0.01720 0.48298 0.05696
v 0.01648 0.48492 0.05457
v 0.01462 0.48492 0.05509
v 0.01648 0.48298 0.05457
v 0.01462 0.48298 0.05509
v 0.01929 0.48492 0.05629
v 0.01848 0.48492 0.05392
v 0.01929 0.48298 0.05629
v 0.01848 0.48298 0.05392
v 0.01664 0.48492 0.05452
v 0.01737 0.48492 0.05691
v 0.01664 0.48298 0.05452
v 0.01737 0.48298 0.05691
v 0.01664 0.48492 0.05452
v 0.01848 0.48492 0.05392
v 0.01737 0.48492 0.05691
v 0.01929 0.48492 0.05629
v 0.01737 0.48298 0.05691
v 0.01929 0.48298 0.05629
v 0.01664 0.48298 0.05452
v 0.01848 0.48298 0.05392
v 0.01737 0.48492 0.05691
v 0.01929 0.48492 0.05629
v 0.01737 0.48298 0.05691
v 0.01929 0.48298 0.05629
v 0.01848 0.48492 0.05392
v 0.01664 0.48492 0.05452
v 0.01848 0.48298 0.05392
v 0.01664 0.48298 0.05452
v 0.02135 0.48492 0.05554
v 0.02045 0.48492 0.05321
v 0.02135 0.48298 0.05554
v 0.02045 0.48298 0.05321
v 0.01863 0.48492 0.05387
v 0.01945 0.48492 0.05623
v 0.01863 0.48298 0.05387
v 0.01945 0.48298 0.05623
v 0.01863 0.48492 0.05387
v 0.02045 0.48492 0.05321
v 0.01945 0.48492 0.05623
v 0.02135 0.48492 0.05554
v 0.01945 0.48298 0.05623
v 0.02135 0.48298 0.05554
v 0.01863 0.48298 0.05387
v 0.02045 0.48298 0.05321
v 0.01945 0.48492 0.05623
v 0.02135 0.48492 0.05554
v 0.01945 0.48298 0.05623
v 0.02135 0.48298 0.05554
v 0.02045 0.48492 0.05321
v 0.01863 0.48492 0.05387
v 0.02045 0.48298 0.05321
v 0.01863 0.48298 0.05387
v 0.01509 0.48282 0.05755
v 0.01446 0.48282 0.05514
v 0.01509 0.48088 0.05755
v 0.01446 0.48088 0.05514
v 0.01258 0.48282 0.05559
v 0.01313 0.48282 0.05803
v 0.01258 0.48088 0.05559
v 0.01313 0.48088 0.05803
v 0.01258 0.48282 0.05559
v 0.01446 0.48282 0.05514
v 0.01313 0.48282 0.05803
v 0.01509 0.48282 0.05755
v 0.01313 0.48088 0.05803
v 0.01509 0.48088 0.05755
v 0.01258 0.48088 0.05559
v 0.01446 0.48088 0.05514
v 0.01313 0.48282 0.05803
v 0.01509 0.48282 0.05755
v 0.01313 0.48088 0.05803
v 0.01509 0.48088 0.05755
v 0.01446 0.48282 0.05514
v 0.01258 0.48282 0.05559
v 0.01446 0.48088 0.05514
v 0.01258 0.48088 0.05559
v 0.01509 0.48072 0.05755
v 0.01446 0.48072 0.05514
v 0.01509 0.47878 0.05755
v 0.01446 0.47878 0.05514
v 0.01258 0.48072 0.05559
v 0.01313 0.48072 0.05803
v 0.01258 0.47878 0.05559
v 0.01313 0.47878 0.05803
v 0.01258 0.48072 0.05559
v 0.01446 0.48072 0.05514
v 0.01313 0.48072 0.05803
v 0.01509 0.48072 0.05755
v 0.01313 0.47878 0.05803
v 0.01509 0.47878 0.05755
v 0.01258 0.47878 0.05559
v 0.01446 0.47878 0.05514
v 0.01313 0.48072 0.05803
v 0.01509 0.48072 0.05755
v 0.01313 0.47878 0.05803
v 0.01509 0.47878 0.05755
v 0.01446 0.48072 0.05514
v 0.01258 0.48072 0.05559
v 0.01446 0.47878 0.05514
v 0.01258 0.47878 0.05559
v 0.01509 0.47862 0.05755
v 0.01446 0.47862 0.05514
v 0.01509 0.47668 0.05755
v 0.01446 0.47668 0.05514
v 0.01258 0.47862 0.05559
v 0.01313 0.47862 0.05803
v 0.01258 0.47668 0.05559
v 0.01313 0.47668 0.05803
v 0.01258 0.47862 0.05559
v 0.01446 0.47862 0.05514
v 0.01313 0.47862 0.05803
v 0.01509 0.47862 0.05755
v 0.01313 0.47668 0.05803
v 0.01509 0.47668 0.05755
v 0.01258 0.47668 0.05559
v 0.01446 0.47668 0.05514
v 0.01313 0.47862 0.05803
v 0.01509 0.47862 0.05755
v 0.01313 0.47668 0.05803
v 0.01509 0.47668 0.05755
v 0.01446 0.47862 0.05514
v 0.01258 0.47862 0.05559
v 0.01446 0.47668 0.05514
v 0.01258 0.47668 0.05559
v 0.01720 0.47862 0.05696
v 0.01648 0.47862 0.05457
v 0.01720 0.47668 0.05696
v 0.01648 0.47668 0.05457
v 0.01462 0.47862 0.05509
v 0.01526 0.47862 0.05751
v 0.01462 0.47668 0.05509
v 0.01526 0.47668 0.05751
v 0.01462 0.47862 0.05509
v 0.01648 0.47862 0.05457
v 0.01526 0.47862 0.05751
v 0.01720 0.47862 0.05696
v 0.01526 0.47668 0.05751
v 0.01720 0.47668 0.05696
v 0.01462 0.47668 0.05509
v 0.01648 0.47668 0.05457
v 0.01526 0.47862 0.05751
v 0.01720 0.47862 0.05696
v 0.01526 0.47668 0.05751
v 0.01720 0.47668 0.05696
v 0.01648 0.47862 0.05457
v 0.01462 0.47862 0.05509
v 0.01648 0.47668 0.05457
v 0.01462 0.47668 0.05509
v 0.01929 0.47862 0.05629
v 0.01848 0.47862 0.05392
v 0.01929 0.47668 0.05629
v 0.01848 0.47668 0.05392
v 0.01664 0.47862 0.05452
v 0.01737 0.47862 0.05691
v 0.01664 0.47668 0.05452
v 0.01737 0.47668 0.05691
v 0.01664 0.47862 0.05452
v 0.01848 0.47862 0.05392
v 0.01737 0.47862 0.05691
v 0.01929 0.47862 0.05629
v 0.01737 0.47668 0.05691
v 0.01929 0.47668 0.05629
v 0.01664 0.47668 0.05452
v 0.01848 0.47668 0.05392
v 0.01737 0.47862 0.05691
v 0.01929 0.47862 0.05629
v 0.01737 0.47668 0.05691
v 0.01929 0.47668 0.05629
v 0.01848 0.47862 0.05392
v 0.01664 0.47862 0.05452
v 0.01848 0.47668 0.05392
v 0.01664 0.47668 0.05452
v 0.02135 0.47862 0.05554
v 0.02045 0.47862 0.05321
v 0.02135 0.47668 0.05554
v 0.02045 0.47668 0.05321
v 0.01863 0.47862 0.05387
v 0.01945 0.47862 0.05623
v 0.01863 0.47668 0.05387
v 0.01945 0.47668 0.05623
v 0.01863 0.47862 0.05387
v 0.02045 0.47862 0.05321
v 0.01945 0.47862 0.05623
v 0.02135 0.47862 0.05554
v 0.01945 0.47668 0.05623
v 0.02135 0.47668 0.05554
v 0.01863 0.47668 0.05387
v 0.02045 0.47668 0.05321
v 0.01945 0.47862 0.05623
v 0.02135 0.47862 0.05554
v 0.01945 0.47668 0.05623
v 0.02135 0.47668 0.05554
v 0.02045 0.47862 0.05321
v 0.01863 0.47862 0.05387
v 0.02045 0.47668 0.05321
v 0.01863 0.47668 0.05387
v 0.02338 0.47862 0.05471
v 0.02240 0.47862 0.05242
v 0.02338 0.47668 0.05471
v 0.02240 0.47668 0.05242
v 0.02061 0.47862 0.05314
v 0.02151 0.47862 0.05548
v 0.02061 0.47668 0.05314
v 0.02151 0.47668 0.05548
v 0.02061 0.47862 0.05314
v 0.02240 0.47862 0.05242
v 0.02151 0.47862 0.05548
v 0.02338 0.47862 0.05471
v 0.02151 0.47668 0.05548
v 0.02338 0.47668 0.05471
v 0.02061 0.47668 0.05314
v 0.02240 0.47668 0.05242
v 0.02151 0.47862 0.05548
v 0.02338 0.47862 0.05471
v 0.02151 0.47668 0.05548
v 0.02338 0.47668 0.05471
v 0.02240 0.47862 0.05242
v 0.02061 0.47862 0.05314
v 0.02240 0.47668 0.05242
v 0.02061 0.47668 0.05314
v 0.02734 0.49122 0.05285
v 0.02619 0.49122 0.05063
v 0.02734 0.48928 0.05285
v 0.02619 0.48928 0.05063
v 0.02446 0.49122 0.05148
v 0.02554 0.49122 0.05374
v 0.02446 0.48928 0.05148
v 0.02554 0.48928 0.05374
v 0.02446 0.49122 0.05148
v 0.02619 0.49122 0.05063
v 0.02554 0.49122 0.05374
v 0.02734 0.49122 0.05285
v 0.02554 0.48928 0.05374
v 0.02734 0.48928 0.05285
v 0.02446 0.48928 0.05148
v 0.02619 0.48928 0.05063
v 0.02554 0.49122 0.05374
v 0.02734 0.49122 0.05285
v 0.02554 0.48928 0.05374
v 0.02734 0.48928 0.05285
v 0.02619 0.49122 0.05063
v 0.02446 0.49122 0.05148
v 0.02619 0.48928 0.05063
v 0.02446 0.48928 0.05148
v 0.03481 0.49122 0.04826
v 0.03334 0.49122 0.04623
v 0.03481 0.48928 0.04826
v 0.03334 0.48928 0.04623
v 0.03176 0.49122 0.04733
v 0.03315 0.49122 0.04941
v 0.03176 0.48928 0.04733
v 0.03315 0.48928 0.04941
v 0.03176 0.49122 0.04733
v 0.03334 0.49122 0.04623
v 0.03315 0.49122 0.04941
v 0.03481 0.49122 0.04826
v 0.03315 0.48928 0.04941
v 0.03481 0.48928 0.04826
v 0.03176 0.48928 0.04733
v 0.03334 0.48928 0.04623
v 0.03315 0.49122 0.04941
v 0.03481 0.49122 0.04826
v 0.03315 0.48928 0.04941
v 0.03481 0.48928 0.04826
v 0.03334 0.49122 0.04623
v 0.03176 0.49122 0.04733
v 0.03334 0.48928 0.04623
v 0.03176 0.48928 0.04733
v 0.02734 0.48912 0.05285
v 0.02619 0.48912 0.05063
v 0.02734 0.48718 0.05285
v 0.02619 0.48718 0.05063
v 0.02446 0.48912 0.05148
v 0.02554 0.48912 0.05374
v 0.02446 0.48718 0.05148
v 0.02554 0.48718 0.05374
v 0.02446 0.48912 0.05148
v 0.02619 0.48912 0.05063
v 0.02554 0.48912 0.05374
v 0.02734 0.48912 0.05285
v 0.02554 0.48718 0.05374
v 0.02734 0.48718 0.05285
v 0.02446 0.48718 0.05148
v 0.02619 0.48718 0.05063
v 0.02554 0.48912 0.05374
v 0.02734 0.48912 0.05285
v 0.02554 0.48718 0.05374
v 0.02734 0.48718 0.05285
v 0.02619 0.48912 0.05063
v 0.02446 0.48912 0.05148
v 0.02619 0.48718 0.05063
v 0.02446 0.48718 0.05148
v 0.02927 0.48912 0.05180
v 0.02804 0.48912 0.04963
v 0.02927 0.48718 0.05180
v 0.02804 0.48718 0.04963
v 0.02634 0.48912 0.05055
v 0.02750 0.48912 0.05276
v 0.02634 0.48718 0.05055
v 0.02750 0.48718 0.05276
v 0.02634 0.48912 0.05055
v 0.02804 0.48912 0.04963
v 0.02750 0.48912 0.05276
v 0.02927 0.48912 0.05180
v 0.02750 0.48718 0.05276
v 0.02927 0.48718 0.05180
v 0.02634 0.48718 0.05055
v 0.02804 0.48718 0.04963
v 0.02750 0.48912 0.05276
v 0.02927 0.48912 0.05180
v 0.02750 0.48718 0.05276
v 0.02927 0.48718 0.05180
v 0.02804 0.48912 0.04963
v 0.02634 0.48912 0.05055
v 0.02804 0.48718 0.04963
v 0.02634 0.48718 0.05055
v 0.03481 0.48912 0.04826
v 0.03334 0.48912 0.04623
v 0.03481 0.48718 0.04826
v 0.03334 0.48718 0.04623
v 0.03176 0.48912 0.04733
v 0.03315 0.48912 0.04941
v 0.03176 0.48718 0.04733
v 0.03315 0.48718 0.04941
v 0.03176 0.48912 0.04733
v 0.03334 0.48912 0.04623
v 0.03315 0.48912 0.04941
v 0.03481 0.48912 0.04826
v 0.03315 0.48718 0.04941
v 0.03481 0.48718 0.04826
v 0.03176 0.48718 0.04733
v 0.03334 0.48718 0.04623
v 0.03315 0.48912 0.04941
v 0.03481 0.48912 0.04826
v 0.03315 0.48718 0.04941
v 0.03481 0.48718 0.04826
v 0.03334 0.48912 0.04623
v 0.03176 0.48912 0.04733
v 0.03334 0.48718 0.04623
v 0.03176 0.48718 0.04733
v 0.02734 0.48702 0.05285
v 0.02619 0.48702 0.05063
v 0.02734 0.48508 0.05285
v 0.02619 0.48508 0.05063
v 0.02446 0.48702 0.05148
v 0.02554 0.48702 0.05374
v 0.02446 0.48508 0.05148
v 0.02554 0.48508 0.05374
v 0.02446 0.48702 0.05148
v 0.02619 0.48702 0.05063
v 0.02554 0.48702 0.05374
v 0.02734 0.48702 0.05285
v 0.02554 0.48508 0.05374
v 0.02734 0.48508 0.05285
v 0.02446 0.48508 0.05148
v 0.02619 0.48508 0.05063
v 0.02554 0.48702 0.05374
v 0.02734 0.48702 0.05285
v 0.02554 0.48508 0.05374
v 0.02734 0.48508 0.05285
v 0.02619 0.48702 0.05063
v 0.02446 0.48702 0.05148
v 0.02619 0.48508 0.05063
v 0.02446 0.48508 0.05148
v 0.03116 0.48702 0.05069
v 0.02985 0.48702 0.04856
v 0.03116 0.48508 0.05069
v 0.02985 0.48508 0.04856
v 0.02819 0.48702 0.04954
v 0.02942 0.48702 0.05172
v 0.02819 0.48508 0.04954
v 0.02942 0.48508 0.05172
v 0.02819 0.48702 0.04954
v 0.02985 0.48702 0.04856
v 0.02942 0.48702 0.05172
v 0.03116 0.48702 0.05069
v 0.02942 0.48508 0.05172
v 0.03116 0.48508 0.05069
v 0.02819 0.48508 0.04954
v 0.02985 0.48508 0.04856
v 0.02942 0.48702 0.05172
v 0.03116 0.48702 0.05069
v 0.02942 0.48508 0.05172
v 0.03116 0.48508 0.05069
v 0.02985 0.48702 0.04856
v 0.02819 0.48702 0.04954
v 0.02985 0.48508 0.04856
v 0.02819 0.48508 0.04954
v 0.03481 0.48702 0.04826
v 0.03334 0.48702 0.04623
v 0.03481 0.48508 0.04826
v 0.03334 0.48508 0.04623
v 0.03176 0.48702 0.04733
v 0.03315 0.48702 0.04941
v 0.03176 0.48508 0.04733
v 0.03315 0.48508 0.04941
v 0.03176 0.48702 0.04733
v 0.03334 0.48702 0.04623
v 0.03315 0.48702 0.04941
v 0.03481 0.48702 0.04826
v 0.03315 0.48508 0.04941
v 0.03481 0.48508 0.04826
v 0.03176 0.48508 0.04733
v 0.03334 0.48508 0.04623
v 0.03315 0.48702 0.04941
v 0.03481 0.48702 0.04826
v 0.03315 0.48508 0.04941
v 0.03481 0.48508 0.04826
v 0.03334 0.48702 0.04623
v 0.03176 0.48702 0.04733
v 0.03334 0.48508 0.04623
v 0.03176 0.48508 0.04733
v 0.02734 0.48492 0.05285
v 0.02619 0.48492 0.05063
v 0.02734 0.48298 0.05285
v 0.02619 0.48298 0.05063
v 0.02446 0.48492 0.05148
v 0.02554 0.48492 0.05374
v 0.02446 0.48298 0.05148
v 0.02554 0.48298 0.05374
v 0.02446 0.48492 0.05148
v 0.02619 0.48492 0.05063
v 0.02554 0.48492 0.05374
v 0.02734 0.48492 0.05285
v 0.02554 0.48298 0.05374
v 0.02734 0.48298 0.05285
v 0.02446 0.48298 0.05148
v 0.02619 0.48298 0.05063
v 0.02554 0.48492 0.05374
v 0.02734 0.48492 0.05285
v 0.02554 0.48298 0.05374
v 0.02734 0.48298 0.05285
v 0.02619 0.48492 0.05063
v 0.02446 0.48492 0.05148
v 0.02619 0.48298 0.05063
v 0.02446 0.48298 0.05148
v 0.03116 0.48492 0.05069
v 0.02985 0.48492 0.04856
v 0.03116 0.48298 0.05069
v 0.02985 0.48298 0.04856
v 0.02819 0.48492 0.04954
v 0.02942 0.48492 0.05172
v 0.02819 0.48298 0.04954
v 0.02942 0.48298 0.05172
v 0.02819 0.48492 0.04954
v 0.02985 0.48492 0.04856
v 0.02942 0.48492 0.05172
v 0.03116 0.48492 0.05069
v 0.02942 0.48298 0.05172
v 0.03116 0.48298 0.05069
v 0.02819 0.48298 0.04954
v 0.02985 0.48298 0.04856
v 0.02942 0.48492 0.05172
v 0.03116 0.48492 0.05069
v 0.02942 0.48298 0.05172
v 0.03116 0.48298 0.05069
v 0.02985 0.48492 0.04856
v 0.02819 0.48492 0.04954
v 0.02985 0.48298 0.04856
v 0.02819 0.48298 0.04954
v 0.03481 0.48492 0.04826
v 0.03334 0.48492 0.04623
v 0.03481 0.48298 0.04826
v 0.03334 0.48298 0.04623
v 0.03176 0.48492 0.04733
v 0.03315 0.48492 0.04941
v 0.03176 0.48298 0.04733
v 0.03315 0.48298 0.04941
v 0.03176 0.48492 0.04733
v 0.03334 0.48492 0.04623
v 0.03315 0.48492 0.04941
v 0.03481 0.48492 0.04826
v 0.03315 0.48298 0.04941
v 0.03481 0.48298 0.04826
v 0.03176 0.48298 0.04733
v 0.03334 0.48298 0.04623
v 0.03315 0.48492 0.04941
v 0.03481 0.48492 0.04826
v 0.03315 0.48298 0.04941
v 0.03481 0.48298 0.04826
v 0.03334 0.48492 0.04623
v 0.03176 0.48492 0.04733
v 0.03334 0.48298 0.04623
v 0.03176 0.48298 0.04733
v 0.02734 0.48282 0.05285
v 0.02619 0.48282 0.05063
v 0.02734 0.48088 0.05285
v 0.02619 0.48088 0.05063
v 0.02446 0.48282 0.05148
v 0.02554 0.48282 0.05374
v 0.02446 0.48088 0.05148
v 0.02554 0.48088 0.05374
v 0.02446 0.48282 0.05148
v 0.02619 0.48282 0.05063
v 0.02554 0.48282 0.05374
v 0.02734 0.48282 0.05285
v 0.02554 0.48088 0.05374
v 0.02734 0.48088 0.05285
v 0.02446 0.48088 0.05148
v 0.02619 0.48088 0.05063
v 0.02554 0.48282 0.05374
v 0.02734 0.48282 0.05285
v 0.02554 0.48088 0.05374
v 0.02734 0.48088 0.05285
v 0.02619 0.48282 0.05063
v 0.02446 0.48282 0.05148
v 0.02619 0.48088 0.05063
v 0.02446 0.48088 0.05148
v 0.03300 0.48282 0.04951
v 0.03162 0.48282 0.04743
v 0.03300 0.48088 0.04951
v 0.03162 0.48088 0.04743
v 0.02999 0.48282 0.04847
v 0.03131 0.48282 0.05060
v 0.02999 0.48088 0.04847
v 0.03131 0.48088 0.05060
v 0.02999 0.48282 0.04847
v 0.03162 0.48282 0.04743
v 0.03131 0.48282 0.05060
v 0.03300 0.48282 0.04951
v 0.03131 0.48088 0.05060
v 0.03300 0.48088 0.04951
v 0.02999 0.48088 0.04847
v 0.03162 0.48088 0.04743
v 0.03131 0.48282 0.05060
v 0.03300 0.48282 0.04951
v 0.03131 0.48088 0.05060
v 0.03300 0.48088 0.04951
v 0.03162 0.48282 0.04743
v 0.02999 0.48282 0.04847
v 0.03162 0.48088 0.04743
v 0.02999 0.48088 0.04847
v 0.03481 0.48282 0.04826
v 0.03334 0.48282 0.04623
v 0.03481 0.48088 0.04826
v 0.03334 0.48088 0.04623
v 0.03176 0.48282 0.04733
v 0.03315 0.48282 0.04941
v 0.03176 0.48088 0.04733
v 0.03315 0.48088 0.04941
v 0.03176 0.48282 0.04733
v 0.03334 0.48282 0.04623
v 0.03315 0.48282 0.04941
v 0.03481 0.48282 0.04826
v 0.03315 0.48088 0.04941
v 0.03481 0.48088 0.04826
v 0.03176 0.48088 0.04733
v 0.03334 0.48088 0.04623
v 0.03315 0.48282 0.04941
v 0.03481 0.48282 0.04826
v 0.03315 0.48088 0.04941
v 0.03481 0.48088 0.04826
v 0.03334 0.48282 0.04623
v 0.03176 0.48282 0.04733
v 0.03334 0.48088 0.04623
v 0.03176 0.48088 0.04733
v 0.02734 0.48072 0.05285
v 0.02619 0.48072 0.05063
v 0.02734 0.47878 0.05285
v 0.02619 0.47878 0.05063
v 0.02446 0.48072 0.05148
v 0.02554 0.48072 0.05374
v 0.02446 0.47878 0.05148
v 0.02554 0.47878 0.05374
v 0.02446 0.48072 0.05148
v 0.02619 0.48072 0.05063
v 0.02554 0.48072 0.05374
v 0.02734 0.48072 0.05285
v 0.02554 0.47878 0.05374
v 0.02734 0.47878 0.05285
v 0.02446 0.47878 0.05148
v 0.02619 0.47878 0.05063
v 0.02554 0.48072 0.05374
v 0.02734 0.48072 0.05285
v 0.02554 0.47878 0.05374
v 0.02734 0.47878 0.05285
v 0.02619 0.48072 0.05063
v 0.02446 0.48072 0.05148
v 0.02619 0.47878 0.05063
v 0.02446 0.47878 0.05148
v 0.03481 0.48072 0.04826
v 0.03334 0.48072 0.04623
v 0.03481 0.47878 0.04826
v 0.03334 0.47878 0.04623
v 0.03176 0.48072 0.04733
v 0.03315 0.48072 0.04941
v 0.03176 0.47878 0.04733
v 0.03315 0.47878 0.04941
v 0.03176 0.48072 0.04733
v 0.03334 0.48072 0.04623
v 0.03315 0.48072 0.04941
v 0.03481 0.48072 0.04826
v 0.03315 0.47878 0.04941
v 0.03481 0.47878 0.04826
v 0.03176 0.47878 0.04733
v 0.03334 0.47878 0.04623
v 0.03315 0.48072 0.04941
v 0.03481 0.48072 0.04826
v 0.03315 0.47878 0.04941
v 0.03481 0.47878 0.04826
v 0.03334 0.48072 0.04623
v 0.03176 0.48072 0.04733
v 0.03334 0.47878 0.04623
v 0.03176 0.47878 0.04733
v 0.02734 0.47862 0.05285
v 0.02619 0.47862 0.05063
v 0.02734 0.47668 0.05285
v 0.02619 0.47668 0.05063
v 0.02446 0.47862 0.05148
v 0.02554 0.47862 0.05374
v 0.02446 0.47668 0.05148
v 0.02554 0.47668 0.05374
v 0.02446 0.47862 0.05148
v 0.02619 0.47862 0.05063
v 0.02554 0.47862 0.05374
v 0.02734 0.47862 0.05285
v 0.02554 0.47668 0.05374
v 0.02734 0.47668 0.05285
v 0.02446 0.47668 0.05148
v 0.02619 0.47668 0.05063
v 0.02554 0.47862 0.05374
v 0.02734 0.47862 0.05285
v 0.02554 0.47668 0.05374
v 0.02734 0.47668 0.05285
v 0.02619 0.47862 0.05063
v 0.02446 0.47862 0.05148
v 0.02619 0.47668 0.05063
v 0.02446 0.47668 0.05148
v 0.03481 0.47862 0.04826
v 0.03334 0.47862 0.04623
v 0.03481 0.47668 0.04826
v 0.03334 0.47668 0.04623
v 0.03176 0.47862 0.04733
v 0.03315 0.47862 0.04941
v 0.03176 0.47668 0.04733
v 0.03315 0.47668 0.04941
v 0.03176 0.47862 0.04733
v 0.03334 0.47862 0.04623
v 0.03315 0.47862 0.04941
v 0.03481 0.47862 0.04826
v 0.03315 0.47668 0.04941
v 0.03481 0.47668 0.04826
v 0.03176 0.47668 0.04733
v 0.03334 0.47668 0.04623
v 0.03315 0.47862 0.04941
v 0.03481 0.47862 0.04826
v 0.03315 0.47668 0.04941
v 0.03481 0.47668 0.04826
v 0.03334 0.47862 0.04623
v 0.03176 0.47862 0.04733
v 0.03334 0.47668 0.04623
v 0.03176 0.47668 0.04733
f 1052 1054 1053
f 1054 1055 1053
f 1056 1058 1057
f 1058 1059 1057
f 1060 1062 1061
f 1062 1063 1061
f 1064 1066 1065
f 1066 1067 1065
f 1068 1070 1069
f 1070 1071 1069
f 1072 1074 1073
f 1074 1075 1073
f 1076 1078 1077
f 1078 1079 1077
f 1080 1082 1081
f 1082 1083 1081
f 1084 1086 1085
f 1086 1087 1085
f 1088 1090 1089
f 1090 1091 1089
f 1092 1094 1093
f 1094 1095 1093
f 1096 1098 1097
f 1098 1099 1097
f 1100 1102 1101
f 1102 1103 1101
f 1104 1106 1105
f 1106 1107 1105
f 1108 1110 1109
f 1110 1111 1109
f 1112 1114 1113
f 1114 1115 1113
f 1116 1118 1117
f 1118 1119 1117
f 1120 1122 1121
f 1122 1123 1121
f 1124 1126 1125
f 1126 1127 1125
f 1128 1130 1129
f 1130 1131 1129
f 1132 1134 1133
f 1134 1135 1133
f 1136 1138 1137
f 1138 1139 1137
f 1140 1142 1141
f 1142 1143 1141
f 1144 1146 1145
f 1146 1147 1145
f 1148 1150 1149
f 1150 1151 1149
f 1152 1154 1153
f 1154 1155 1153
f 1156 1158 1157
f 1158 1159 1157
f 1160 1162 1161
f 1162 1163 1161
f 1164 1166 1165
f 1166 1167 1165
f 1168 1170 1169
f 1170 1171 1169
f 1172 1174 1173
f 1174 1175 1173
f 1176 1178 1177
f 1178 1179 1177
f 1180 1182 1181
f 1182 1183 1181
f 1184 1186 1185
f 1186 1187 1185
f 1188 1190 1189
f 1190 1191 1189
f 1192 1194 1193
f 1194 1195 1193
f 1196 1198 1197
f 1198 1199 1197
f 1200 1202 1201
f 1202 1203 1201
f 1204 1206 1205
f 1206 1207 1205
f 1208 1210 1209
f 1210 1211 1209
f 1212 1214 1213
f 1214 1215 1213
f 1216 1218 1217
f 1218 1219 1217
f 1220 1222 1221
f 1222 1223 1221
f 1224 1226 1225
f 1226 1227 1225
f 1228 1230 1229
f 1230 1231 1229
f 1232 1234 1233
f 1234 1235 1233
f 1236 1238 1237
f 1238 1239 1237
f 1240 1242 1241
f 1242 1243 1241
f 1244 1246 1245
f 1246 1247 1245
f 1248 1250 1249
f 1250 1251 1249
f 1252 1254 1253
f 1254 1255 1253
f 1256 1258 1257
f 1258 1259 1257
f 1260 1262 1261
f 1262 1263 1261
f 1264 1266 1265
f 1266 1267 1265
f 1268 1270 1269
f 1270 1271 1269
f 1272 1274 1273
f 1274 1275 1273
f 1276 1278 1277
f 1278 1279 1277
f 1280 1282 1281
f 1282 1283 1281
f 1284 1286 1285
f 1286 1287 1285
f 1288 1290 1289
f 1290 1291 1289
f 1292 1294 1293
f 1294 1295 1293
f 1296 1298 1297
f 1298 1299 1297
f 1300 1302 1301
f 1302 1303 1301
f 1304 1306 1305
f 1306 1307 1305
f 1308 1310 1309
f 1310 1311 1309
f 1312 1314 1313
f 1314 1315 1313
f 1316 1318 1317
f 1318 1319 1317
f 1320 1322 1321
f 1322 1323 1321
f 1324 1326 1325
f 1326 1327 1325
f 1328 1330 1329
f 1330 1331 1329
f 1332 1334 1333
f 1334 1335 1333
f 1336 1338 1337
f 1338 1339 1337
f 1340 1342 1341
f 1342 1343 1341
f 1344 1346 1345
f 1346 1347 1345
f 1348 1350 1349
f 1350 1351 1349
f 1352 1354 1353
f 1354 1355 1353
f 1356 1358 1357
f 1358 1359 1357
f 1360 1362 1361
f 1362 1363 1361
f 1364 1366 1365
f 1366 1367 1365
f 1368 1370 1369
f 1370 1371 1369
f 1372 1374 1373
f 1374 1375 1373
f 1376 1378 1377
f 1378 1379 1377
f 1380 1382 1381
f 1382 1383 1381
f 1384 1386 1385
f 1386 1387 1385
f 1388 1390 1389
f 1390 1391 1389
f 1392 1394 1393
f 1394 1395 1393
f 1396 1398 1397
f 1398 1399 1397
f 1400 1402 1401
f 1402 1403 1401
f 1404 1406 1405
f 1406 1407 1405
f 1408 1410 1409
f 1410 1411 1409
f 1412 1414 1413
f 1414 1415 1413
f 1416 1418 1417
f 1418 1419 1417
f 1420 1422 1421
f 1422 1423 1421
f 1424 1426 1425
f 1426 1427 1425
f 1428 1430 1429
f 1430 1431 1429
f 1432 1434 1433
f 1434 1435 1433
f 1436 1438 1437
f 1438 1439 1437
f 1440 1442 1441
f 1442 1443 1441
f 1444 1446 1445
f 1446 1447 1445
f 1448 1450 1449
f 1450 1451 1449
f 1452 1454 1453
f 1454 1455 1453
f 1456 1458 1457
f 1458 1459 1457
f 1460 1462 1461
f 1462 1463 1461
f 1464 1466 1465
f 1466 1467 1465
f 1468 1470 1469
f 1470 1471 1469
f 1472 1474 1473
f 1474 1475 1473
f 1476 1478 1477
f 1478 1479 1477
f 1480 1482 1481
f 1482 1483 1481
f 1484 1486 1485
f 1486 1487 1485
f 1488 1490 1489
f 1490 1491 1489
f 1492 1494 1493
f 1494 1495 1493
f 1496 1498 1497
f 1498 1499 1497
f 1500 1502 1501
f 1502 1503 1501
f 1504 1506 1505
f 1506 1507 1505
f 1508 1510 1509
f 1510 1511 1509
f 1512 1514 1513
f 1514 1515 1513
f 1516 1518 1517
f 1518 1519 1517
f 1520 1522 1521
f 1522 1523 1521
f 1524 1526 1525
f 1526 1527 1525
f 1528 1530 1529
f 1530 1531 1529
f 1532 1534 1533
f 1534 1535 1533
f 1536 1538 1537
f 1538 1539 1537
f 1540 1542 1541
f 1542 1543 1541
f 1544 1546 1545
f 1546 1547 1545
f 1548 1550 1549
f 1550 1551 1549
f 1552 1554 1553
f 1554 1555 1553
f 1556 1558 1557
f 1558 1559 1557
f 1560 1562 1561
f 1562 1563 1561
f 1564 1566 1565
f 1566 1567 1565
f 1568 1570 1569
f 1570 1571 1569
f 1572 1574 1573
f 1574 1575 1573
f 1576 1578 1577
f 1578 1579 1577
f 1580 1582 1581
f 1582 1583 1581
f 1584 1586 1585
f 1586 1587 1585
f 1588 1590 1589
f 1590 1591 1589
f 1592 1594 1593
f 1594 1595 1593
f 1596 1598 1597
f 1598 1599 1597
f 1600 1602 1601
f 1602 1603 1601
f 1604 1606 1605
f 1606 1607 1605
f 1608 1610 1609
f 1610 1611 1609
f 1612 1614 1613
f 1614 1615 1613
f 1616 1618 1617
f 1618 1619 1617
f 1620 1622 1621
f 1622 1623 1621
f 1624 1626 1625
f 1626 1627 1625
f 1628 1630 1629
f 1630 1631 1629
f 1632 1634 1633
f 1634 1635 1633
f 1636 1638 1637
f 1638 1639 1637
f 1640 1642 1641
f 1642 1643 1641
f 1644 1646 1645
f 1646 1647 1645
f 1648 1650 1649
f 1650 1651 1649
f 1652 1654 1653
f 1654 1655 1653
f 1656 1658 1657
f 1658 1659 1657
f 1660 1662 1661
f 1662 1663 1661
f 1664 1666 1665
f 1666 1667 1665
f 1668 1670 1669
f 1670 1671 1669
f 1672 1674 1673
f 1674 1675 1673
f 1676 1678 1677
f 1678 1679 1677
f 1680 1682 1681
f 1682 1683 1681
f 1684 1686 1685
f 1686 1687 1685
f 1688 1690 1689
f 1690 1691 1689
f 1692 1694 1693
f 1694 1695 1693
f 1696 1698 1697
f 1698 1699 1697
f 1700 1702 1701
f 1702 1703 1701
f 1704 1706 1705
f 1706 1707 1705
f 1708 1710 1709
f 1710 1711 1709
f 1712 1714 1713
f 1714 1715 1713
f 1716 1718 1717
f 1718 1719 1717
f 1720 1722 1721
f 1722 1723 1721
f 1724 1726 1725
f 1726 1727 1725
f 1728 1730 1729
f 1730 1731 1729
f 1732 1734 1733
f 1734 1735 1733
f 1736 1738 1737
f 1738 1739 1737
f 1740 1742 1741
f 1742 1743 1741
f 1744 1746 1745
f 1746 1747 1745
f 1748 1750 1749
f 1750 1751 1749
f 1752 1754 1753
f 1754 1755 1753
f 1756 1758 1757
f 1758 1759 1757
f 1760 1762 1761
f 1762 1763 1761
f 1764 1766 1765
f 1766 1767 1765
f 1768 1770 1769
f 1770 1771 1769
f 1772 1774 1773
f 1774 1775 1773
f 1776 1778 1777
f 1778 1779 1777
f 1780 1782 1781
f 1782 1783 1781
f 1784 1786 1785
f 1786 1787 1785
f 1788 1790 1789
f 1790 1791 1789
f 1792 1794 1793
f 1794 1795 1793
f 1796 1798 1797
f 1798 1799 1797
f 1800 1802 1801
f 1802 1803 1801
f 1804 1806 1805
f 1806 1807 1805
f 1808 1810 1809
f 1810 1811 1809
f 1812 1814 1813
f 1814 1815 1813
f 1816 1818 1817
f 1818 1819 1817
f 1820 1822 1821
f 1822 1823 1821
f 1824 1826 1825
f 1826 1827 1825
f 1828 1830 1829
f 1830 1831 1829
f 1832 1834 1833
f 1834 1835 1833
f 1836 1838 1837
f 1838 1839 1837
f 1840 1842 1841
f 1842 1843 1841
f 1844 1846 1845
f 1846 1847 1845
f 1848 1850 1849
f 1850 1851 1849
f 1852 1854 1853
f 1854 1855 1853
f 1856 1858 1857
f 1858 1859 1857
f 1860 1862 1861
f 1862 1863 1861
f 1864 1866 1865
f 1866 1867 1865
f 1868 1870 1869
f 1870 1871 1869
f 1872 1874 1873
f 1874 1875 1873
f 1876 1878 1877
f 1878 1879 1877
f 1880 1882 1881
f 1882 1883 1881
f 1884 1886 1885
f 1886 1887 1885
f 1888 1890 1889
f 1890 1891 1889
f 1892 1894 1893
f 1894 1895 1893
f 1896 1898 1897
f 1898 1899 1897
f 1900 1902 1901
f 1902 1903 1901
f 1904 1906 1905
f 1906 1907 1905
f 1908 1910 1909
f 1910 1911 1909
f 1912 1914 1913
f 1914 1915 1913
f 1916 1918 1917
f 1918 1919 1917
f 1920 1922 1921
f 1922 1923 1921
f 1924 1926 1925
f 1926 1927 1925
f 1928 1930 1929
f 1930 1931 1929
f 1932 1934 1933
f 1934 1935 1933
f 1936 1938 1937
f 1938 1939 1937
f 1940 1942 1941
f 1942 1943 1941
f 1944 1946 1945
f 1946 1947 1945
f 1948 1950 1949
f 1950 1951 1949
f 1952 1954 1953
f 1954 1955 1953
f 1956 1958 1957
f 1958 1959 1957
f 1960 1962 1961
f 1962 1963 1961
f 1964 1966 1965
f 1966 1967 1965
f 1968 1970 1969
f 1970 1971 1969
f 1972 1974 1973
f 1974 1975 1973
f 1976 1978 1977
f 1978 1979 1977
f 1980 1982 1981
f 1982 1983 1981
f 1984 1986 1985
f 1986 1987 1985
f 1988 1990 1989
f 1990 1991 1989
f 1992 1994 1993
f 1994 1995 1993
f 1996 1998 1997
f 1998 1999 1997
f 2000 2002 2001
f 2002 2003 2001
f 2004 2006 2005
f 2006 2007 2005
f 2008 2010 2009
f 2010 2011 2009
f 2012 2014 2013
f 2014 2015 2013
f 2016 2018 2017
f 2018 2019 2017
f 2020 2022 2021
f 2022 2023 2021
f 2024 2026 2025
f 2026 2027 2025
f 2028 2030 2029
f 2030 2031 2029
f 2032 2034 2033
f 2034 2035 2033
f 2036 2038 2037
f 2038 2039 2037
f 2040 2042 2041
f 2042 2043 2041
f 2044 2046 2045
f 2046 2047 2045
f 2048 2050 2049
f 2050 2051 2049
f 2052 2054 2053
f 2054 2055 2053
f 2056 2058 2057
f 2058 2059 2057
f 2060 2062 2061
f 2062 2063 2061
f 2064 2066 2065
f 2066 2067 2065
f 2068 2070 2069
f 2070 2071 2069
f 2072 2074 2073
f 2074 2075 2073
f 2076 2078 2077
f 2078 2079 2077
f 2080 2082 2081
f 2082 2083 2081
f 2084 2086 2085
f 2086 2087 2085
f 2088 2090 2089
f 2090 2091 2089
f 2092 2094 2093
f 2094 2095 2093
f 2096 2098 2097
f 2098 2099 2097
f 2100 2102 2101
f 2102 2103 2101
f 2104 2106 2105
f 2106 2107 2105
f 2108 2110 2109
f 2110 2111 2109
f 2112 2114 2113
f 2114 2115 2113
f 2116 2118 2117
f 2118 2119 2117
f 2120 2122 2121
f 2122 2123 2121
f 2124 2126 2125
f 2126 2127 2125
f 2128 2130 2129
f 2130 2131 2129
f 2132 2134 2133
f 2134 2135 2133
f 2136 2138 2137
f 2138 2139 2137
f 2140 2142 2141
f 2142 2143 2141
f 2144 2146 2145
f 2146 2147 2145
f 2148 2150 2149
f 2150 2151 2149
f 2152 2154 2153
f 2154 2155 2153
f 2156 2158 2157
f 2158 2159 2157
f 2160 2162 2161
f 2162 2163 2161
f 2164 2166 2165
f 2166 2167 2165
f 2168 2170 2169
f 2170 2171 2169
f 2172 2174 2173
f 2174 2175 2173
f 2176 2178 2177
f 2178 2179 2177
f 2180 2182 2181
f 2182 2183 2181
f 2184 2186 2185
f 2186 2187 2185
f 2188 2190 2189
f 2190 2191 2189
f 2192 2194 2193
f 2194 2195 2193
f 2196 2198 2197
f 2198 2199 2197
f 2200 2202 2201
f 2202 2203 2201
f 2204 2206 2205
f 2206 2207 2205
f 2208 2210 2209
f 2210 2211 2209
f 2212 2214 2213
f 2214 2215 2213
f 2216 2218 2217
f 2218 2219 2217
f 2220 2222 2221
f 2222 2223 2221
f 2224 2226 2225
f 2226 2227 2225
f 2228 2230 2229
f 2230 2231 2229
f 2232 2234 2233
f 2234 2235 2233
f 2236 2238 2237
f 2238 2239 2237
f 2240 2242 2241
f 2242 2243 2241
f 2244 2246 2245
f 2246 2247 2245
f 2248 2250 2249
f 2250 2251 2249
f 2252 2254 2253
f 2254 2255 2253
f 2256 2258 2257
f 2258 2259 2257
f 2260 2262 2261
f 2262 2263 2261
f 2264 2266 2265
f 2266 2267 2265
f 2268 2270 2269
f 2270 2271 2269
f 2272 2274 2273
f 2274 2275 2273
f 2276 2278 2277
f 2278 2279 2277
f 2280 2282 2281
f 2282 2283 2281
f 2284 2286 2285
f 2286 2287 2285
f 2288 2290 2289
f 2290 2291 2289
f 2292 2294 2293
f 2294 2295 2293
f 2296 2298 2297
f 2298 2299 2297
f 2300 2302 2301
f 2302 2303 2301
f 2304 2306 2305
f 2306 2307 2305
f 2308 2310 2309
f 2310 2311 2309
f 2312 2314 2313
f 2314 2315 2313
f 2316 2318 2317
f 2318 2319 2317
f 2320 2322 2321
f 2322 2323 2321
f 2324 2326 2325
f 2326 2327 2325
f 2328 2330 2329
f 2330 2331 2329
f 2332 2334 2333
f 2334 2335 2333
f 2336 2338 2337
f 2338 2339 2337
f 2340 2342 2341
f 2342 2343 2341
f 2344 2346 2345
f 2346 2347 2345
f 2348 2350 2349
f 2350 2351 2349
f 2352 2354 2353
f 2354 2355 2353
f 2356 2358 2357
f 2358 2359 2357
f 2360 2362 2361
f 2362 2363 2361
f 2364 2366 2365
f 2366 2367 2365
f 2368 2370 2369
f 2370 2371 2369
f 2372 2374 2373
f 2374 2375 2373
f 2376 2378 2377
f 2378 2379 2377
f 2380 2382 2381
f 2382 2383 2381
f 2384 2386 2385
f 2386 2387 2385
f 2388 2390 2389
f 2390 2391 2389
f 2392 2394 2393
f 2394 2395 2393
f 2396 2398 2397
f 2398 2399 2397
f 2400 2402 2401
f 2402 2403 2401
f 2404 2406 2405
f 2406 2407 2405
f 2408 2410 2409
f 2410 2411 2409
f 2412 2414 2413
f 2414 2415 2413
f 2416 2418 2417
f 2418 2419 2417
f 2420 2422 2421
f 2422 2423 2421
f 2424 2426 2425
f 2426 2427 2425
f 2428 2430 2429
f 2430 2431 2429
f 2432 2434 2433
f 2434 2435 2433
f 2436 2438 2437
f 2438 2439 2437
f 2440 2442 2441
f 2442 2443 2441
f 2444 2446 2445
f 2446 2447 2445
f 2448 2450 2449
f 2450 2451 2449
f 2452 2454 2453
f 2454 2455 2453
f 2456 2458 2457
f 2458 2459 2457
f 2460 2462 2461
f 2462 2463 2461
f 2464 2466 2465
f 2466 2467 2465
f 2468 2470 2469
f 2470 2471 2469
f 2472 2474 2473
f 2474 2475 2473
f 2476 2478 2477
f 2478 2479 2477
f 2480 2482 2481
f 2482 2483 2481
f 2484 2486 2485
f 2486 2487 2485
f 2488 2490 2489
f 2490 2491 2489
f 2492 2494 2493
f 2494 2495 2493
f 2496 2498 2497
f 2498 2499 2497
f 2500 2502 2501
f 2502 2503 2501
f 2504 2506 2505
f 2506 2507 2505
f 2508 2510 2509
f 2510 2511 2509
f 2512 2514 2513
f 2514 2515 2513
f 2516 2518 2517
f 2518 2519 2517
f 2520 2522 2521
f 2522 2523 2521
f 2524 2526 2525
f 2526 2527 2525
f 2528 2530 2529
f 2530 2531 2529
f 2532 2534 2533
f 2534 2535 2533
f 2536 2538 2537
f 2538 2539 2537
f 2540 2542 2541
f 2542 2543 2541
f 2544 2546 2545
f 2546 2547 2545
f 2548 2550 2549
f 2550 2551 2549
f 2552 2554 2553
f 2554 2555 2553
f 2556 2558 2557
f 2558 2559 2557
f 2560 2562 2561
f 2562 2563 2561
f 2564 2566 2565
f 2566 2567 2565
f 2568 2570 2569
f 2570 2571 2569
f 2572 2574 2573
f 2574 2575 2573
f 2576 2578 2577
f 2578 2579 2577
f 2580 2582 2581
f 2582 2583 2581
f 2584 2586 2585
f 2586 2587 2585
f 2588 2590 2589
f 2590 2591 2589
f 2592 2594 2593
f 2594 2595 2593
f 2596 2598 2597
f 2598 2599 2597
f 2600 2602 2601
f 2602 2603 2601
f 2604 2606 2605
f 2606 2607 2605
f 2608 2610 2609
f 2610 2611 2609
f 2612 2614 2613
f 2614 2615 2613
f 2616 2618 2617
f 2618 2619 2617
f 2620 2622 2621
f 2622 2623 2621
f 2624 2626 2625
f 2626 2627 2625
f 2628 2630 2629
f 2630 2631 2629
f 2632 2634 2633
f 2634 2635 2633
f 2636 2638 2637
f 2638 2639 2637
f 2640 2642 2641
f 2642 2643 2641
f 2644 2646 2645
f 2646 2647 2645
f 2648 2650 2649
f 2650 2651 2649
f 2652 2654 2653
f 2654 2655 2653
f 2656 2658 2657
f 2658 2659 2657
f 2660 2662 2661
f 2662 2663 2661
f 2664 2666 2665
f 2666 2667 2665
f 2668 2670 2669
f 2670 2671 2669
f 2672 2674 2673
f 2674 2675 2673
f 2676 2678 2677
f 2678 2679 2677
f 2680 2682 2681
f 2682 2683 2681
f 2684 2686 2685
f 2686 2687 2685
f 2688 2690 2689
f 2690 2691 2689
f 2692 2694 2693
f 2694 2695 2693
f 2696 2698 2697
f 2698 2699 2697
f 2700 2702 2701
f 2702 2703 2701
f 2704 2706 2705
f 2706 2707 2705
f 2708 2710 2709
f 2710 2711 2709
f 2712 2714 2713
f 2714 2715 2713
f 2716 2718 2717
f 2718 2719 2717
f 2720 2722 2721
f 2722 2723 2721
f 2724 2726 2725
f 2726 2727 2725
f 2728 2730 2729
f 2730 2731 2729
f 2732 2734 2733
f 2734 2735 2733
f 2736 2738 2737
f 2738 2739 2737
f 2740 2742 2741
f 2742 2743 2741
f 2744 2746 2745
f 2746 2747 2745
f 2748 2750 2749
f 2750 2751 2749
f 2752 2754 2753
f 2754 2755 2753
f 2756 2758 2757
f 2758 2759 2757
f 2760 2762 2761
f 2762 2763 2761
f 2764 2766 2765
f 2766 2767 2765
f 2768 2770 2769
f 2770 2771 2769
f 2772 2774 2773
f 2774 2775 2773
f 2776 2778 2777
f 2778 2779 2777
f 2780 2782 2781
f 2782 2783 2781
f 2784 2786 2785
f 2786 2787 2785
f 2788 2790 2789
f 2790 2791 2789
f 2792 2794 2793
f 2794 2795 2793
f 2796 2798 2797
f 2798 2799 2797
f 2800 2802 2801
f 2802 2803 2801
f 2804 2806 2805
f 2806 2807 2805
f 2808 2810 2809
f 2810 2811 2809
f 2812 2814 2813
f 2814 2815 2813
f 2816 2818 2817
f 2818 2819 2817
f 2820 2822 2821
f 2822 2823 2821
f 2824 2826 2825
f 2826 2827 2825
f 2828 2830 2829
f 2830 2831 2829
f 2832 2834 2833
f 2834 2835 2833
f 2836 2838 2837
f 2838 2839 2837
f 2840 2842 2841
f 2842 2843 2841
f 2844 2846 2845
f 2846 2847 2845
f 2848 2850 2849
f 2850 2851 2849
f 2852 2854 2853
f 2854 2855 2853
f 2856 2858 2857
f 2858 2859 2857
f 2860 2862 2861
f 2862 2863 2861
f 2864 2866 2865
f 2866 2867 2865
f 2868 2870 2869
f 2870 2871 2869
f 2872 2874 2873
f 2874 2875 2873
f 2876 2878 2877
f 2878 2879 2877
f 2880 2882 2881
f 2882 2883 2881
f 2884 2886 2885
f 2886 2887 2885
f 2888 2890 2889
f 2890 2891 2889
f 2892 2894 2893
f 2894 2895 2893
f 2896 2898 2897
f 2898 2899 2897
f 2900 2902 2901
f 2902 2903 2901
f 2904 2906 2905
f 2906 2907 2905
f 2908 2910 2909
f 2910 2911 2909
f 2912 2914 2913
f 2914 2915 2913
f 2916 2918 2917
f 2918 2919 2917
f 2920 2922 2921
f 2922 2923 2921
f 2924 2926 2925
f 2926 2927 2925
f 2928 2930 2929
f 2930 2931 2929
f 2932 2934 2933
f 2934 2935 2933
f 2936 2938 2937
f 2938 2939 2937
f 2940 2942 2941
f 2942 2943 2941
f 2944 2946 2945
f 2946 2947 2945
f 2948 2950 2949
f 2950 2951 2949
f 2952 2954 2953
f 2954 2955 2953
f 2956 2958 2957
f 2958 2959 2957
f 2960 2962 2961
f 2962 2963 2961
f 2964 2966 2965
f 2966 2967 2965
f 2968 2970 2969
f 2970 2971 2969
f 2972 2974 2973
f 2974 2975 2973
f 2976 2978 2977
f 2978 2979 2977
f 2980 2982 2981
f 2982 2983 2981
f 2984 2986 2985
f 2986 2987 2985
f 2988 2990 2989
f 2990 2991 2989
f 2992 2994 2993
f 2994 2995 2993
f 2996 2998 2997
f 2998 2999 2997
f 3000 3002 3001
f 3002 3003 3001
f 3004 3006 3005
f 3006 3007 3005
f 3008 3010 3009
f 3010 3011 3009
f 3012 3014 3013
f 3014 3015 3013
f 3016 3018 3017
f 3018 3019 3017
f 3020 3022 3021
f 3022 3023 3021
f 3024 3026 3025
f 3026 3027 3025
f 3028 3030 3029
f 3030 3031 3029
f 3032 3034 3033
f 3034 3035 3033
f 3036 3038 3037
f 3038 3039 3037
f 3040 3042 3041
f 3042 3043 3041
f 3044 3046 3045
f 3046 3047 3045
f 3048 3050 3049
f 3050 3051 3049
f 3052 3054 3053
f 3054 3055 3053
f 3056 3058 3057
f 3058 3059 3057
f 3060 3062 3061
f 3062 3063 3061
f 3064 3066 3065
f 3066 3067 3065
f 3068 3070 3069
f 3070 3071 3069
f 3072 3074 3073
f 3074 3075 3073
f 3076 3078 3077
f 3078 3079 3077
f 3080 3082 3081
f 3082 3083 3081
f 3084 3086 3085
f 3086 3087 3085
f 3088 3090 3089
f 3090 3091 3089
f 3092 3094 3093
f 3094 3095 3093
f 3096 3098 3097
f 3098 3099 3097
f 3100 3102 3101
f 3102 3103 3101
f 3104 3106 3105
f 3106 3107 3105
f 3108 3110 3109
f 3110 3111 3109
f 3112 3114 3113
f 3114 3115 3113
f 3116 3118 3117
f 3118 3119 3117
f 3120 3122 3121
f 3122 3123 3121
f 3124 3126 3125
f 3126 3127 3125
f 3128 3130 3129
f 3130 3131 3129
f 3132 3134 3133
f 3134 3135 3133
f 3136 3138 3137
f 3138 3139 3137
f 3140 3142 3141
f 3142 3143 3141
f 3144 3146 3145
f 3146 3147 3145
f 3148 3150 3149
f 3150 3151 3149
f 3152 3154 3153
f 3154 3155 3153
f 3156 3158 3157
f 3158 3159 3157
f 3160 3162 3161
f 3162 3163 3161
f 3164 3166 3165
f 3166 3167 3165
f 3168 3170 3169
f 3170 3171 3169
f 3172 3174 3173
f 3174 3175 3173
f 3176 3178 3177
f 3178 3179 3177
f 3180 3182 3181
f 3182 3183 3181
f 3184 3186 3185
f 3186 3187 3185
f 3188 3190 3189
f 3190 3191 3189
f 3192 3194 3193
f 3194 3195 3193
f 3196 3198 3197
f 3198 3199 3197
f 3200 3202 3201
f 3202 3203 3201
f 3204 3206 3205
f 3206 3207 3205
f 3208 3210 3209
f 3210 3211 3209
f 3212 3214 3213
f 3214 3215 3213
f 3216 3218 3217
f 3218 3219 3217
f 3220 3222 3221
f 3222 3223 3221
f 3224 3226 3225
f 3226 3227 3225
f 3228 3230 3229
f 3230 3231 3229
f 3232 3234 3233
f 3234 3235 3233
f 3236 3238 3237
f 3238 3239 3237
f 3240 3242 3241
f 3242 3243 3241
f 3244 3246 3245
f 3246 3247 3245
f 3248 3250 3249
f 3250 3251 3249
f 3252 3254 3253
f 3254 3255 3253
f 3256 3258 3257
f 3258 3259 3257
f 3260 3262 3261
f 3262 3263 3261
f 3264 3266 3265
f 3266 3267 3265
f 3268 3270 3269
f 3270 3271 3269
f 3272 3274 3273
f 3274 3275 3273
f 3276 3278 3277
f 3278 3279 3277
f 3280 3282 3281
f 3282 3283 3281
v -0.02285 0.44474 0.05494
v -0.02189 0.44474 0.05263
v -0.02285 0.44326 0.05494
v -0.02189 0.44326 0.05263
v -0.02324 0.44474 0.05205
v -0.02426 0.44474 0.05433
v -0.02324 0.44326 0.05205
v -0.02426 0.44326 0.05433
v -0.02324 0.44474 0.05205
v -0.02189 0.44474 0.05263
v -0.02426 0.44474 0.05433
v -0.02285 0.44474 0.05494
v -0.02426 0.44326 0.05433
v -0.02285 0.44326 0.05494
v -0.02324 0.44326 0.05205
v -0.02189 0.44326 0.05263
v -0.02426 0.44474 0.05433
v -0.02285 0.44474 0.05494
v -0.02426 0.44326 0.05433
v -0.02285 0.44326 0.05494
v -0.02189 0.44474 0.05263
v -0.02324 0.44474 0.05205
v -0.02189 0.44326 0.05263
v -0.02324 0.44326 0.05205
v -0.01655 0.44474 0.05715
v -0.01585 0.44474 0.05475
v -0.01655 0.44326 0.05715
v -0.01585 0.44326 0.05475
v -0.01726 0.44474 0.05432
v -0.01802 0.44474 0.05671
v -0.01726 0.44326 0.05432
v -0.01802 0.44326 0.05671
v -0.01726 0.44474 0.05432
v -0.01585 0.44474 0.05475
v -0.01802 0.44474 0.05671
v -0.01655 0.44474 0.05715
v -0.01802 0.44326 0.05671
v -0.01655 0.44326 0.05715
v -0.01726 0.44326 0.05432
v -0.01585 0.44326 0.05475
v -0.01802 0.44474 0.05671
v -0.01655 0.44474 0.05715
v -0.01802 0.44326 0.05671
v -0.01655 0.44326 0.05715
v -0.01585 0.44474 0.05475
v -0.01726 0.44474 0.05432
v -0.01585 0.44326 0.05475
v -0.01726 0.44326 0.05432
v -0.02285 0.44314 0.05494
v -0.02189 0.44314 0.05263
v -0.02285 0.44166 0.05494
v -0.02189 0.44166 0.05263
v -0.02324 0.44314 0.05205
v -0.02426 0.44314 0.05433
v -0.02324 0.44166 0.05205
v -0.02426 0.44166 0.05433
v -0.02324 0.44314 0.05205
v -0.02189 0.44314 0.05263
v -0.02426 0.44314 0.05433
v -0.02285 0.44314 0.05494
v -0.02426 0.44166 0.05433
v -0.02285 0.44166 0.05494
v -0.02324 0.44166 0.05205
v -0.02189 0.44166 0.05263
v -0.02426 0.44314 0.05433
v -0.02285 0.44314 0.05494
v -0.02426 0.44166 0.05433
v -0.02285 0.44166 0.05494
v -0.02189 0.44314 0.05263
v -0.02324 0.44314 0.05205
v -0.02189 0.44166 0.05263
v -0.02324 0.44166 0.05205
v -0.01655 0.44314 0.05715
v -0.01585 0.44314 0.05475
v -0.01655 0.44166 0.05715
v -0.01585 0.44166 0.05475
v -0.01726 0.44314 0.05432
v -0.01802 0.44314 0.05671
v -0.01726 0.44166 0.05432
v -0.01802 0.44166 0.05671
v -0.01726 0.44314 0.05432
v -0.01585 0.44314 0.05475
v -0.01802 0.44314 0.05671
v -0.01655 0.44314 0.05715
v -0.01802 0.44166 0.05671
v -0.01655 0.44166 0.05715
v -0.01726 0.44166 0.05432
v -0.01585 0.44166 0.05475
v -0.01802 0.44314 0.05671
v -0.01655 0.44314 0.05715
v -0.01802 0.44166 0.05671
v -0.01655 0.44166 0.05715
v -0.01585 0.44314 0.05475
v -0.01726 0.44314 0.05432
v -0.01585 0.44166 0.05475
v -0.01726 0.44166 0.05432
v -0.02285 0.44154 0.05494
v -0.02189 0.44154 0.05263
v -0.02285 0.44006 0.05494
v -0.02189 0.44006 0.05263
v -0.02324 0.44154 0.05205
v -0.02426 0.44154 0.05433
v -0.02324 0.44006 0.05205
v -0.02426 0.44006 0.05433
v -0.02324 0.44154 0.05205
v -0.02189 0.44154 0.05263
v -0.02426 0.44154 0.05433
v -0.02285 0.44154 0.05494
v -0.02426 0.44006 0.05433
v -0.02285 0.44006 0.05494
v -0.02324 0.44006 0.05205
v -0.02189 0.44006 0.05263
v -0.02426 0.44154 0.05433
v -0.02285 0.44154 0.05494
v -0.02426 0.44006 0.05433
v -0.02285 0.44006 0.05494
v -0.02189 0.44154 0.05263
v -0.02324 0.44154 0.05205
v -0.02189 0.44006 0.05263
v -0.02324 0.44006 0.05205
v -0.01655 0.44154 0.05715
v -0.01585 0.44154 0.05475
v -0.01655 0.44006 0.05715
v -0.01585 0.44006 0.05475
v -0.01726 0.44154 0.05432
v -0.01802 0.44154 0.05671
v -0.01726 0.44006 0.05432
v -0.01802 0.44006 0.05671
v -0.01726 0.44154 0.05432
v -0.01585 0.44154 0.05475
v -0.01802 0.44154 0.05671
v -0.01655 0.44154 0.05715
v -0.01802 0.44006 0.05671
v -0.01655 0.44006 0.05715
v -0.01726 0.44006 0.05432
v -0.01585 0.44006 0.05475
v -0.01802 0.44154 0.05671
v -0.01655 0.44154 0.05715
v -0.01802 0.44006 0.05671
v -0.01655 0.44006 0.05715
v -0.01585 0.44154 0.05475
v -0.01726 0.44154 0.05432
v -0.01585 0.44006 0.05475
v -0.01726 0.44006 0.05432
v -0.02285 0.43994 0.05494
v -0.02189 0.43994 0.05263
v -0.02285 0.43846 0.05494
v -0.02189 0.43846 0.05263
v -0.02324 0.43994 0.05205
v -0.02426 0.43994 0.05433
v -0.02324 0.43846 0.05205
v -0.02426 0.43846 0.05433
v -0.02324 0.43994 0.05205
v -0.02189 0.43994 0.05263
v -0.02426 0.43994 0.05433
v -0.02285 0.43994 0.05494
v -0.02426 0.43846 0.05433
v -0.02285 0.43846 0.05494
v -0.02324 0.43846 0.05205
v -0.02189 0.43846 0.05263
v -0.02426 0.43994 0.05433
v -0.02285 0.43994 0.05494
v -0.02426 0.43846 0.05433
v -0.02285 0.43846 0.05494
v -0.02189 0.43994 0.05263
v -0.02324 0.43994 0.05205
v -0.02189 0.43846 0.05263
v -0.02324 0.43846 0.05205
v -0.01655 0.43994 0.05715
v -0.01585 0.43994 0.05475
v -0.01655 0.43846 0.05715
v -0.01585 0.43846 0.05475
v -0.01726 0.43994 0.05432
v -0.01802 0.43994 0.05671
v -0.01726 0.43846 0.05432
v -0.01802 0.43846 0.05671
v -0.01726 0.43994 0.05432
v -0.01585 0.43994 0.05475
v -0.01802 0.43994 0.05671
v -0.01655 0.43994 0.05715
v -0.01802 0.43846 0.05671
v -0.01655 0.43846 0.05715
v -0.01726 0.43846 0.05432
v -0.01585 0.43846 0.05475
v -0.01802 0.43994 0.05671
v -0.01655 0.43994 0.05715
v -0.01802 0.43846 0.05671
v -0.01655 0.43846 0.05715
v -0.01585 0.43994 0.05475
v -0.01726 0.43994 0.05432
v -0.01585 0.43846 0.05475
v -0.01726 0.43846 0.05432
v -0.02285 0.43834 0.05494
v -0.02189 0.43834 0.05263
v -0.02285 0.43686 0.05494
v -0.02189 0.43686 0.05263
v -0.02324 0.43834 0.05205
v -0.02426 0.43834 0.05433
v -0.02324 0.43686 0.05205
v -0.02426 0.43686 0.05433
v -0.02324 0.43834 0.05205
v -0.02189 0.43834 0.05263
v -0.02426 0.43834 0.05433
v -0.02285 0.43834 0.05494
v -0.02426 0.43686 0.05433
v -0.02285 0.43686 0.05494
v -0.02324 0.43686 0.05205
v -0.02189 0.43686 0.05263
v -0.02426 0.43834 0.05433
v -0.02285 0.43834 0.05494
v -0.02426 0.43686 0.05433
v -0.02285 0.43686 0.05494
v -0.02189 0.43834 0.05263
v -0.02324 0.43834 0.05205
v -0.02189 0.43686 0.05263
v -0.02324 0.43686 0.05205
v -0.01655 0.43834 0.05715
v -0.01585 0.43834 0.05475
v -0.01655 0.43686 0.05715
v -0.01585 0.43686 0.05475
v -0.01726 0.43834 0.05432
v -0.01802 0.43834 0.05671
v -0.01726 0.43686 0.05432
v -0.01802 0.43686 0.05671
v -0.01726 0.43834 0.05432
v -0.01585 0.43834 0.05475
v -0.01802 0.43834 0.05671
v -0.01655 0.43834 0.05715
v -0.01802 0.43686 0.05671
v -0.01655 0.43686 0.05715
v -0.01726 0.43686 0.05432
v -0.01585 0.43686 0.05475
v -0.01802 0.43834 0.05671
v -0.01655 0.43834 0.05715
v -0.01802 0.43686 0.05671
v -0.01655 0.43686 0.05715
v -0.01585 0.43834 0.05475
v -0.01726 0.43834 0.05432
v -0.01585 0.43686 0.05475
v -0.01726 0.43686 0.05432
v -0.02285 0.43674 0.05494
v -0.02189 0.43674 0.05263
v -0.02285 0.43526 0.05494
v -0.02189 0.43526 0.05263
v -0.02324 0.43674 0.05205
v -0.02426 0.43674 0.05433
v -0.02324 0.43526 0.05205
v -0.02426 0.43526 0.05433
v -0.02324 0.43674 0.05205
v -0.02189 0.43674 0.05263
v -0.02426 0.43674 0.05433
v -0.02285 0.43674 0.05494
v -0.02426 0.43526 0.05433
v -0.02285 0.43526 0.05494
v -0.02324 0.43526 0.05205
v -0.02189 0.43526 0.05263
v -0.02426 0.43674 0.05433
v -0.02285 0.43674 0.05494
v -0.02426 0.43526 0.05433
v -0.02285 0.43526 0.05494
v -0.02189 0.43674 0.05263
v -0.02324 0.43674 0.05205
v -0.02189 0.43526 0.05263
v -0.02324 0.43526 0.05205
v -0.01655 0.43674 0.05715
v -0.01585 0.43674 0.05475
v -0.01655 0.43526 0.05715
v -0.01585 0.43526 0.05475
v -0.01726 0.43674 0.05432
v -0.01802 0.43674 0.05671
v -0.01726 0.43526 0.05432
v -0.01802 0.43526 0.05671
v -0.01726 0.43674 0.05432
v -0.01585 0.43674 0.05475
v -0.01802 0.43674 0.05671
v -0.01655 0.43674 0.05715
v -0.01802 0.43526 0.05671
v -0.01655 0.43526 0.05715
v -0.01726 0.43526 0.05432
v -0.01585 0.43526 0.05475
v -0.01802 0.43674 0.05671
v -0.01655 0.43674 0.05715
v -0.01802 0.43526 0.05671
v -0.01655 0.43526 0.05715
v -0.01585 0.43674 0.05475
v -0.01726 0.43674 0.05432
v -0.01585 0.43526 0.05475
v -0.01726 0.43526 0.05432
v -0.02130 0.43514 0.05556
v -0.02040 0.43514 0.05322
v -0.02130 0.43366 0.05556
v -0.02040 0.43366 0.05322
v -0.02177 0.43514 0.05268
v -0.02272 0.43514 0.05499
v -0.02177 0.43366 0.05268
v -0.02272 0.43366 0.05499
v -0.02177 0.43514 0.05268
v -0.02040 0.43514 0.05322
v -0.02272 0.43514 0.05499
v -0.02130 0.43514 0.05556
v -0.02272 0.43366 0.05499
v -0.02130 0.43366 0.05556
v -0.02177 0.43366 0.05268
v -0.02040 0.43366 0.05322
v -0.02272 0.43514 0.05499
v -0.02130 0.43514 0.05556
v -0.02272 0.43366 0.05499
v -0.02130 0.43366 0.05556
v -0.02040 0.43514 0.05322
v -0.02177 0.43514 0.05268
v -0.02040 0.43366 0.05322
v -0.02177 0.43366 0.05268
v -0.01973 0.43514 0.05613
v -0.01890 0.43514 0.05378
v -0.01973 0.43366 0.05613
v -0.01890 0.43366 0.05378
v -0.02028 0.43514 0.05327
v -0.02117 0.43514 0.05561
v -0.02028 0.43366 0.05327
v -0.02117 0.43366 0.05561
v -0.02028 0.43514 0.05327
v -0.01890 0.43514 0.05378
v -0.02117 0.43514 0.05561
v -0.01973 0.43514 0.05613
v -0.02117 0.43366 0.05561
v -0.01973 0.43366 0.05613
v -0.02028 0.43366 0.05327
v -0.01890 0.43366 0.05378
v -0.02117 0.43514 0.05561
v -0.01973 0.43514 0.05613
v -0.02117 0.43366 0.05561
v -0.01973 0.43366 0.05613
v -0.01890 0.43514 0.05378
v -0.02028 0.43514 0.05327
v -0.01890 0.43366 0.05378
v -0.02028 0.43366 0.05327
v -0.01815 0.43514 0.05667
v -0.01738 0.43514 0.05428
v -0.01815 0.43366 0.05667
v -0.01738 0.43366 0.05428
v -0.01878 0.43514 0.05382
v -0.01960 0.43514 0.05618
v -0.01878 0.43366 0.05382
v -0.01960 0.43366 0.05618
v -0.01878 0.43514 0.05382
v -0.01738 0.43514 0.05428
v -0.01960 0.43514 0.05618
v -0.01815 0.43514 0.05667
v -0.01960 0.43366 0.05618
v -0.01815 0.43366 0.05667
v -0.01878 0.43366 0.05382
v -0.01738 0.43366 0.05428
v -0.01960 0.43514 0.05618
v -0.01815 0.43514 0.05667
v -0.01960 0.43366 0.05618
v -0.01815 0.43366 0.05667
v -0.01738 0.43514 0.05428
v -0.01878 0.43514 0.05382
v -0.01738 0.43366 0.05428
v -0.01878 0.43366 0.05382
v -0.00174 0.44474 0.05947
v -0.00166 0.44474 0.05698
v -0.00174 0.44326 0.05947
v -0.00166 0.44326 0.05698
v -0.00313 0.44474 0.05691
v -0.00327 0.44474 0.05941
v -0.00313 0.44326 0.05691
v -0.00327 0.44326 0.05941
v -0.00313 0.44474 0.05691
v -0.00166 0.44474 0.05698
v -0.00327 0.44474 0.05941
v -0.00174 0.44474 0.05947
v -0.00327 0.44326 0.05941
v -0.00174 0.44326 0.05947
v -0.00313 0.44326 0.05691
v -0.00166 0.44326 0.05698
v -0.00327 0.44474 0.05941
v -0.00174 0.44474 0.05947
v -0.00327 0.44326 0.05941
v -0.00174 0.44326 0.05947
v -0.00166 0.44474 0.05698
v -0.00313 0.44474 0.05691
v -0.00166 0.44326 0.05698
v -0.00313 0.44326 0.05691
v -0.00007 0.44474 0.05950
v -0.00006 0.44474 0.05700
v -0.00007 0.44326 0.05950
v -0.00006 0.44326 0.05700
v -0.00154 0.44474 0.05698
v -0.00160 0.44474 0.05948
v -0.00154 0.44326 0.05698
v -0.00160 0.44326 0.05948
v -0.00154 0.44474 0.05698
v -0.00006 0.44474 0.05700
v -0.00160 0.44474 0.05948
v -0.00007 0.44474 0.05950
v -0.00160 0.44326 0.05948
v -0.00007 0.44326 0.05950
v -0.00154 0.44326 0.05698
v -0.00006 0.44326 0.05700
v -0.00160 0.44474 0.05948
v -0.00007 0.44474 0.05950
v -0.00160 0.44326 0.05948
v -0.00007 0.44326 0.05950
v -0.00006 0.44474 0.05700
v -0.00154 0.44474 0.05698
v -0.00006 0.44326 0.05700
v -0.00154 0.44326 0.05698
v 0.00160 0.44474 0.05948
v 0.00154 0.44474 0.05698
v 0.00160 0.44326 0.05948
v 0.00154 0.44326 0.05698
v 0.00006 0.44474 0.05700
v 0.00007 0.44474 0.05950
v 0.00006 0.44326 0.05700
v 0.00007 0.44326 0.05950
v 0.00006 0.44474 0.05700
v 0.00154 0.44474 0.05698
v 0.00007 0.44474 0.05950
v 0.00160 0.44474 0.05948
v 0.00007 0.44326 0.05950
v 0.00160 0.44326 0.05948
v 0.00006 0.44326 0.05700
v 0.00154 0.44326 0.05698
v 0.00007 0.44474 0.05950
v 0.00160 0.44474 0.05948
v 0.00007 0.44326 0.05950
v 0.00160 0.44326 0.05948
v 0.00154 0.44474 0.05698
v 0.00006 0.44474 0.05700
v 0.00154 0.44326 0.05698
v 0.00006 0.44326 0.05700
v 0.00327 0.44474 0.05941
v 0.00313 0.44474 0.05691
v 0.00327 0.44326 0.05941
v 0.00313 0.44326 0.05691
v 0.00166 0.44474 0.05698
v 0.00174 0.44474 0.05947
v 0.00166 0.44326 0.05698
v 0.00174 0.44326 0.05947
v 0.00166 0.44474 0.05698
v 0.00313 0.44474 0.05691
v 0.00174 0.44474 0.05947
v 0.00327 0.44474 0.05941
v 0.00174 0.44326 0.05947
v 0.00327 0.44326 0.05941
v 0.00166 0.44326 0.05698
v 0.00313 0.44326 0.05691
v 0.00174 0.44474 0.05947
v 0.00327 0.44474 0.05941
v 0.00174 0.44326 0.05947
v 0.00327 0.44326 0.05941
v 0.00313 0.44474 0.05691
v 0.00166 0.44474 0.05698
v 0.00313 0.44326 0.05691
v 0.00166 0.44326 0.05698
v -0.00341 0.44314 0.05940
v -0.00326 0.44314 0.05691
v -0.00341 0.44166 0.05940
v -0.00326 0.44166 0.05691
v -0.00473 0.44314 0.05680
v -0.00494 0.44314 0.05929
v -0.00473 0.44166 0.05680
v -0.00494 0.44166 0.05929
v -0.00473 0.44314 0.05680
v -0.00326 0.44314 0.05691
v -0.00494 0.44314 0.05929
v -0.00341 0.44314 0.05940
v -0.00494 0.44166 0.05929
v -0.00341 0.44166 0.05940
v -0.00473 0.44166 0.05680
v -0.00326 0.44166 0.05691
v -0.00494 0.44314 0.05929
v -0.00341 0.44314 0.05940
v -0.00494 0.44166 0.05929
v -0.00341 0.44166 0.05940
v -0.00326 0.44314 0.05691
v -0.00473 0.44314 0.05680
v -0.00326 0.44166 0.05691
v -0.00473 0.44166 0.05680
v -0.00341 0.44154 0.05940
v -0.00326 0.44154 0.05691
v -0.00341 0.44006 0.05940
v -0.00326 0.44006 0.05691
v -0.00473 0.44154 0.05680
v -0.00494 0.44154 0.05929
v -0.00473 0.44006 0.05680
v -0.00494 0.44006 0.05929
v -0.00473 0.44154 0.05680
v -0.00326 0.44154 0.05691
v -0.00494 0.44154 0.05929
v -0.00341 0.44154 0.05940
v -0.00494 0.44006 0.05929
v -0.00341 0.44006 0.05940
v -0.00473 0.44006 0.05680
v -0.00326 0.44006 0.05691
v -0.00494 0.44154 0.05929
v -0.00341 0.44154 0.05940
v -0.00494 0.44006 0.05929
v -0.00341 0.44006 0.05940
v -0.00326 0.44154 0.05691
v -0.00473 0.44154 0.05680
v -0.00326 0.44006 0.05691
v -0.00473 0.44006 0.05680
v -0.00174 0.43994 0.05947
v -0.00166 0.43994 0.05698
v -0.00174 0.43846 0.05947
v -0.00166 0.43846 0.05698
v -0.00313 0.43994 0.05691
v -0.00327 0.43994 0.05941
v -0.00313 0.43846 0.05691
v -0.00327 0.43846 0.05941
v -0.00313 0.43994 0.05691
v -0.00166 0.43994 0.05698
v -0.00327 0.43994 0.05941
v -0.00174 0.43994 0.05947
v -0.00327 0.43846 0.05941
v -0.00174 0.43846 0.05947
v -0.00313 0.43846 0.05691
v -0.00166 0.43846 0.05698
v -0.00327 0.43994 0.05941
v -0.00174 0.43994 0.05947
v -0.00327 0.43846 0.05941
v -0.00174 0.43846 0.05947
v -0.00166 0.43994 0.05698
v -0.00313 0.43994 0.05691
v -0.00166 0.43846 0.05698
v -0.00313 0.43846 0.05691
v -0.00007 0.43994 0.05950
v -0.00006 0.43994 0.05700
v -0.00007 0.43846 0.05950
v -0.00006 0.43846 0.05700
v -0.00154 0.43994 0.05698
v -0.00160 0.43994 0.05948
v -0.00154 0.43846 0.05698
v -0.00160 0.43846 0.05948
v -0.00154 0.43994 0.05698
v -0.00006 0.43994 0.05700
v -0.00160 0.43994 0.05948
v -0.00007 0.43994 0.05950
v -0.00160 0.43846 0.05948
v -0.00007 0.43846 0.05950
v -0.00154 0.43846 0.05698
v -0.00006 0.43846 0.05700
v -0.00160 0.43994 0.05948
v -0.00007 0.43994 0.05950
v -0.00160 0.43846 0.05948
v -0.00007 0.43846 0.05950
v -0.00006 0.43994 0.05700
v -0.00154 0.43994 0.05698
v -0.00006 0.43846 0.05700
v -0.00154 0.43846 0.05698
v 0.00160 0.43994 0.05948
v 0.00154 0.43994 0.05698
v 0.00160 0.43846 0.05948
v 0.00154 0.43846 0.05698
v 0.00006 0.43994 0.05700
v 0.00007 0.43994 0.05950
v 0.00006 0.43846 0.05700
v 0.00007 0.43846 0.05950
v 0.00006 0.43994 0.05700
v 0.00154 0.43994 0.05698
v 0.00007 0.43994 0.05950
v 0.00160 0.43994 0.05948
v 0.00007 0.43846 0.05950
v 0.00160 0.43846 0.05948
v 0.00006 0.43846 0.05700
v 0.00154 0.43846 0.05698
v 0.00007 0.43994 0.05950
v 0.00160 0.43994 0.05948
v 0.00007 0.43846 0.05950
v 0.00160 0.43846 0.05948
v 0.00154 0.43994 0.05698
v 0.00006 0.43994 0.05700
v 0.00154 0.43846 0.05698
v 0.00006 0.43846 0.05700
v 0.00327 0.43834 0.05941
v 0.00313 0.43834 0.05691
v 0.00327 0.43686 0.05941
v 0.00313 0.43686 0.05691
v 0.00166 0.43834 0.05698
v 0.00174 0.43834 0.05947
v 0.00166 0.43686 0.05698
v 0.00174 0.43686 0.05947
v 0.00166 0.43834 0.05698
v 0.00313 0.43834 0.05691
v 0.00174 0.43834 0.05947
v 0.00327 0.43834 0.05941
v 0.00174 0.43686 0.05947
v 0.00327 0.43686 0.05941
v 0.00166 0.43686 0.05698
v 0.00313 0.43686 0.05691
v 0.00174 0.43834 0.05947
v 0.00327 0.43834 0.05941
v 0.00174 0.43686 0.05947
v 0.00327 0.43686 0.05941
v 0.00313 0.43834 0.05691
v 0.00166 0.43834 0.05698
v 0.00313 0.43686 0.05691
v 0.00166 0.43686 0.05698
v 0.00327 0.43674 0.05941
v 0.00313 0.43674 0.05691
v 0.00327 0.43526 0.05941
v 0.00313 0.43526 0.05691
v 0.00166 0.43674 0.05698
v 0.00174 0.43674 0.05947
v 0.00166 0.43526 0.05698
v 0.00174 0.43526 0.05947
v 0.00166 0.43674 0.05698
v 0.00313 0.43674 0.05691
v 0.00174 0.43674 0.05947
v 0.00327 0.43674 0.05941
v 0.00174 0.43526 0.05947
v 0.00327 0.43526 0.05941
v 0.00166 0.43526 0.05698
v 0.00313 0.43526 0.05691
v 0.00174 0.43674 0.05947
v 0.00327 0.43674 0.05941
v 0.00174 0.43526 0.05947
v 0.00327 0.43526 0.05941
v 0.00313 0.43674 0.05691
v 0.00166 0.43674 0.05698
v 0.00313 0.43526 0.05691
v 0.00166 0.43526 0.05698
v -0.00341 0.43514 0.05940
v -0.00326 0.43514 0.05691
v -0.00341 0.43366 0.05940
v -0.00326 0.43366 0.05691
v -0.00473 0.43514 0.05680
v -0.00494 0.43514 0.05929
v -0.00473 0.43366 0.05680
v -0.00494 0.43366 0.05929
v -0.00473 0.43514 0.05680
v -0.00326 0.43514 0.05691
v -0.00494 0.43514 0.05929
v -0.00341 0.43514 0.05940
v -0.00494 0.43366 0.05929
v -0.00341 0.43366 0.05940
v -0.00473 0.43366 0.05680
v -0.00326 0.43366 0.05691
v -0.00494 0.43514 0.05929
v -0.00341 0.43514 0.05940
v -0.00494 0.43366 0.05929
v -0.00341 0.43366 0.05940
v -0.00326 0.43514 0.05691
v -0.00473 0.43514 0.05680
v -0.00326 0.43366 0.05691
v -0.00473 0.43366 0.05680
v -0.00174 0.43514 0.05947
v -0.00166 0.43514 0.05698
v -0.00174 0.43366 0.05947
v -0.00166 0.43366 0.05698
v -0.00313 0.43514 0.05691
v -0.00327 0.43514 0.05941
v -0.00313 0.43366 0.05691
v -0.00327 0.43366 0.05941
v -0.00313 0.43514 0.05691
v -0.00166 0.43514 0.05698
v -0.00327 0.43514 0.05941
v -0.00174 0.43514 0.05947
v -0.00327 0.43366 0.05941
v -0.00174 0.43366 0.05947
v -0.00313 0.43366 0.05691
v -0.00166 0.43366 0.05698
v -0.00327 0.43514 0.05941
v -0.00174 0.43514 0.05947
v -0.00327 0.43366 0.05941
v -0.00174 0.43366 0.05947
v -0.00166 0.43514 0.05698
v -0.00313 0.43514 0.05691
v -0.00166 0.43366 0.05698
v -0.00313 0.43366 0.05691
v -0.00007 0.43514 0.05950
v -0.00006 0.43514 0.05700
v -0.00007 0.43366 0.05950
v -0.00006 0.43366 0.05700
v -0.00154 0.43514 0.05698
v -0.00160 0.43514 0.05948
v -0.00154 0.43366 0.05698
v -0.00160 0.43366 0.05948
v -0.00154 0.43514 0.05698
v -0.00006 0.43514 0.05700
v -0.00160 0.43514 0.05948
v -0.00007 0.43514 0.05950
v -0.00160 0.43366 0.05948
v -0.00007 0.43366 0.05950
v -0.00154 0.43366 0.05698
v -0.00006 0.43366 0.05700
v -0.00160 0.43514 0.05948
v -0.00007 0.43514 0.05950
v -0.00160 0.43366 0.05948
v -0.00007 0.43366 0.05950
v -0.00006 0.43514 0.05700
v -0.00154 0.43514 0.05698
v -0.00006 0.43366 0.05700
v -0.00154 0.43366 0.05698
v 0.00160 0.43514 0.05948
v 0.00154 0.43514 0.05698
v 0.00160 0.43366 0.05948
v 0.00154 0.43366 0.05698
v 0.00006 0.43514 0.05700
v 0.00007 0.43514 0.05950
v 0.00006 0.43366 0.05700
v 0.00007 0.43366 0.05950
v 0.00006 0.43514 0.05700
v 0.00154 0.43514 0.05698
v 0.00007 0.43514 0.05950
v 0.00160 0.43514 0.05948
v 0.00007 0.43366 0.05950
v 0.00160 0.43366 0.05948
v 0.00006 0.43366 0.05700
v 0.00154 0.43366 0.05698
v 0.00007 0.43514 0.05950
v 0.00160 0.43514 0.05948
v 0.00007 0.43366 0.05950
v 0.00160 0.43366 0.05948
v 0.00154 0.43514 0.05698
v 0.00006 0.43514 0.05700
v 0.00154 0.43366 0.05698
v 0.00006 0.43366 0.05700
v 0.01642 0.44474 0.05719
v 0.01573 0.44474 0.05479
v 0.01642 0.44326 0.05719
v 0.01573 0.44326 0.05479
v 0.01431 0.44474 0.05517
v 0.01494 0.44474 0.05759
v 0.01431 0.44326 0.05517
v 0.01494 0.44326 0.05759
v 0.01431 0.44474 0.05517
v 0.01573 0.44474 0.05479
v 0.01494 0.44474 0.05759
v 0.01642 0.44474 0.05719
v 0.01494 0.44326 0.05759
v 0.01642 0.44326 0.05719
v 0.01431 0.44326 0.05517
v 0.01573 0.44326 0.05479
v 0.01494 0.44474 0.05759
v 0.01642 0.44474 0.05719
v 0.01494 0.44326 0.05759
v 0.01642 0.44326 0.05719
v 0.01573 0.44474 0.05479
v 0.01431 0.44474 0.05517
v 0.01573 0.44326 0.05479
v 0.01431 0.44326 0.05517
v 0.01802 0.44474 0.05671
v 0.01726 0.44474 0.05432
v 0.01802 0.44326 0.05671
v 0.01726 0.44326 0.05432
v 0.01585 0.44474 0.05475
v 0.01655 0.44474 0.05715
v 0.01585 0.44326 0.05475
v 0.01655 0.44326 0.05715
v 0.01585 0.44474 0.05475
v 0.01726 0.44474 0.05432
v 0.01655 0.44474 0.05715
v 0.01802 0.44474 0.05671
v 0.01655 0.44326 0.05715
v 0.01802 0.44326 0.05671
v 0.01585 0.44326 0.05475
v 0.01726 0.44326 0.05432
v 0.01655 0.44474 0.05715
v 0.01802 0.44474 0.05671
v 0.01655 0.44326 0.05715
v 0.01802 0.44326 0.05671
v 0.01726 0.44474 0.05432
v 0.01585 0.44474 0.05475
v 0.01726 0.44326 0.05432
v 0.01585 0.44326 0.05475
v 0.01960 0.44474 0.05618
v 0.01878 0.44474 0.05382
v 0.01960 0.44326 0.05618
v 0.01878 0.44326 0.05382
v 0.01738 0.44474 0.05428
v 0.01815 0.44474 0.05667
v 0.01738 0.44326 0.05428
v 0.01815 0.44326 0.05667
v 0.01738 0.44474 0.05428
v 0.01878 0.44474 0.05382
v 0.01815 0.44474 0.05667
v 0.01960 0.44474 0.05618
v 0.01815 0.44326 0.05667
v 0.01960 0.44326 0.05618
v 0.01738 0.44326 0.05428
v 0.01878 0.44326 0.05382
v 0.01815 0.44474 0.05667
v 0.01960 0.44474 0.05618
v 0.01815 0.44326 0.05667
v 0.01960 0.44326 0.05618
v 0.01878 0.44474 0.05382
v 0.01738 0.44474 0.05428
v 0.01878 0.44326 0.05382
v 0.01738 0.44326 0.05428
v 0.02117 0.44474 0.05561
v 0.02028 0.44474 0.05327
v 0.02117 0.44326 0.05561
v 0.02028 0.44326 0.05327
v 0.01890 0.44474 0.05378
v 0.01973 0.44474 0.05613
v 0.01890 0.44326 0.05378
v 0.01973 0.44326 0.05613
v 0.01890 0.44474 0.05378
v 0.02028 0.44474 0.05327
v 0.01973 0.44474 0.05613
v 0.02117 0.44474 0.05561
v 0.01973 0.44326 0.05613
v 0.02117 0.44326 0.05561
v 0.01890 0.44326 0.05378
v 0.02028 0.44326 0.05327
v 0.01973 0.44474 0.05613
v 0.02117 0.44474 0.05561
v 0.01973 0.44326 0.05613
v 0.02117 0.44326 0.05561
v 0.02028 0.44474 0.05327
v 0.01890 0.44474 0.05378
v 0.02028 0.44326 0.05327
v 0.01890 0.44326 0.05378
v 0.01642 0.44314 0.05719
v 0.01573 0.44314 0.05479
v 0.01642 0.44166 0.05719
v 0.01573 0.44166 0.05479
v 0.01431 0.44314 0.05517
v 0.01494 0.44314 0.05759
v 0.01431 0.44166 0.05517
v 0.01494 0.44166 0.05759
v 0.01431 0.44314 0.05517
v 0.01573 0.44314 0.05479
v 0.01494 0.44314 0.05759
v 0.01642 0.44314 0.05719
v 0.01494 0.44166 0.05759
v 0.01642 0.44166 0.05719
v 0.01431 0.44166 0.05517
v 0.01573 0.44166 0.05479
v 0.01494 0.44314 0.05759
v 0.01642 0.44314 0.05719
v 0.01494 0.44166 0.05759
v 0.01642 0.44166 0.05719
v 0.01573 0.44314 0.05479
v 0.01431 0.44314 0.05517
v 0.01573 0.44166 0.05479
v 0.01431 0.44166 0.05517
v 0.02272 0.44314 0.05499
v 0.02177 0.44314 0.05268
v 0.02272 0.44166 0.05499
v 0.02177 0.44166 0.05268
v 0.02040 0.44314 0.05322
v 0.02130 0.44314 0.05556
v 0.02040 0.44166 0.05322
v 0.02130 0.44166 0.05556
v 0.02040 0.44314 0.05322
v 0.02177 0.44314 0.05268
v 0.02130 0.44314 0.05556
v 0.02272 0.44314 0.05499
v 0.02130 0.44166 0.05556
v 0.02272 0.44166 0.05499
v 0.02040 0.44166 0.05322
v 0.02177 0.44166 0.05268
v 0.02130 0.44314 0.05556
v 0.02272 0.44314 0.05499
v 0.02130 0.44166 0.05556
v 0.02272 0.44166 0.05499
v 0.02177 0.44314 0.05268
v 0.02040 0.44314 0.05322
v 0.02177 0.44166 0.05268
v 0.02040 0.44166 0.05322
v 0.01642 0.44154 0.05719
v 0.01573 0.44154 0.05479
v 0.01642 0.44006 0.05719
v 0.01573 0.44006 0.05479
v 0.01431 0.44154 0.05517
v 0.01494 0.44154 0.05759
v 0.01431 0.44006 0.05517
v 0.01494 0.44006 0.05759
v 0.01431 0.44154 0.05517
v 0.01573 0.44154 0.05479
v 0.01494 0.44154 0.05759
v 0.01642 0.44154 0.05719
v 0.01494 0.44006 0.05759
v 0.01642 0.44006 0.05719
v 0.01431 0.44006 0.05517
v 0.01573 0.44006 0.05479
v 0.01494 0.44154 0.05759
v 0.01642 0.44154 0.05719
v 0.01494 0.44006 0.05759
v 0.01642 0.44006 0.05719
v 0.01573 0.44154 0.05479
v 0.01431 0.44154 0.05517
v 0.01573 0.44006 0.05479
v 0.01431 0.44006 0.05517
v 0.02272 0.44154 0.05499
v 0.02177 0.44154 0.05268
v 0.02272 0.44006 0.05499
v 0.02177 0.44006 0.05268
v 0.02040 0.44154 0.05322
v 0.02130 0.44154 0.05556
v 0.02040 0.44006 0.05322
v 0.02130 0.44006 0.05556
v 0.02040 0.44154 0.05322
v 0.02177 0.44154 0.05268
v 0.02130 0.44154 0.05556
v 0.02272 0.44154 0.05499
v 0.02130 0.44006 0.05556
v 0.02272 0.44006 0.05499
v 0.02040 0.44006 0.05322
v 0.02177 0.44006 0.05268
v 0.02130 0.44154 0.05556
v 0.02272 0.44154 0.05499
v 0.02130 0.44006 0.05556
v 0.02272 0.44006 0.05499
v 0.02177 0.44154 0.05268
v 0.02040 0.44154 0.05322
v 0.02177 0.44006 0.05268
v 0.02040 0.44006 0.05322
v 0.01642 0.43994 0.05719
v 0.01573 0.43994 0.05479
v 0.01642 0.43846 0.05719
v 0.01573 0.43846 0.05479
v 0.01431 0.43994 0.05517
v 0.01494 0.43994 0.05759
v 0.01431 0.43846 0.05517
v 0.01494 0.43846 0.05759
v 0.01431 0.43994 0.05517
v 0.01573 0.43994 0.05479
v 0.01494 0.43994 0.05759
v 0.01642 0.43994 0.05719
v 0.01494 0.43846 0.05759
v 0.01642 0.43846 0.05719
v 0.01431 0.43846 0.05517
v 0.01573 0.43846 0.05479
v 0.01494 0.43994 0.05759
v 0.01642 0.43994 0.05719
v 0.01494 0.43846 0.05759
v 0.01642 0.43846 0.05719
v 0.01573 0.43994 0.05479
v 0.01431 0.43994 0.05517
v 0.01573 0.43846 0.05479
v 0.01431 0.43846 0.05517
v 0.01802 0.43994 0.05671
v 0.01726 0.43994 0.05432
v 0.01802 0.43846 0.05671
v 0.01726 0.43846 0.05432
v 0.01585 0.43994 0.05475
v 0.01655 0.43994 0.05715
v 0.01585 0.43846 0.05475
v 0.01655 0.43846 0.05715
v 0.01585 0.43994 0.05475
v 0.01726 0.43994 0.05432
v 0.01655 0.43994 0.05715
v 0.01802 0.43994 0.05671
v 0.01655 0.43846 0.05715
v 0.01802 0.43846 0.05671
v 0.01585 0.43846 0.05475
v 0.01726 0.43846 0.05432
v 0.01655 0.43994 0.05715
v 0.01802 0.43994 0.05671
v 0.01655 0.43846 0.05715
v 0.01802 0.43846 0.05671
v 0.01726 0.43994 0.05432
v 0.01585 0.43994 0.05475
v 0.01726 0.43846 0.05432
v 0.01585 0.43846 0.05475
v 0.01960 0.43994 0.05618
v 0.01878 0.43994 0.05382
v 0.01960 0.43846 0.05618
v 0.01878 0.43846 0.05382
v 0.01738 0.43994 0.05428
v 0.01815 0.43994 0.05667
v 0.01738 0.43846 0.05428
v 0.01815 0.43846 0.05667
v 0.01738 0.43994 0.05428
v 0.01878 0.43994 0.05382
v 0.01815 0.43994 0.05667
v 0.01960 0.43994 0.05618
v 0.01815 0.43846 0.05667
v 0.01960 0.43846 0.05618
v 0.01738 0.43846 0.05428
v 0.01878 0.43846 0.05382
v 0.01815 0.43994 0.05667
v 0.01960 0.43994 0.05618
v 0.01815 0.43846 0.05667
v 0.01960 0.43846 0.05618
v 0.01878 0.43994 0.05382
v 0.01738 0.43994 0.05428
v 0.01878 0.43846 0.05382
v 0.01738 0.43846 0.05428
v 0.02117 0.43994 0.05561
v 0.02028 0.43994 0.05327
v 0.02117 0.43846 0.05561
v 0.02028 0.43846 0.05327
v 0.01890 0.43994 0.05378
v 0.01973 0.43994 0.05613
v 0.01890 0.43846 0.05378
v 0.01973 0.43846 0.05613
v 0.01890 0.43994 0.05378
v 0.02028 0.43994 0.05327
v 0.01973 0.43994 0.05613
v 0.02117 0.43994 0.05561
v 0.01973 0.43846 0.05613
v 0.02117 0.43846 0.05561
v 0.01890 0.43846 0.05378
v 0.02028 0.43846 0.05327
v 0.01973 0.43994 0.05613
v 0.02117 0.43994 0.05561
v 0.01973 0.43846 0.05613
v 0.02117 0.43846 0.05561
v 0.02028 0.43994 0.05327
v 0.01890 0.43994 0.05378
v 0.02028 0.43846 0.05327
v 0.01890 0.43846 0.05378
v 0.01642 0.43834 0.05719
v 0.01573 0.43834 0.05479
v 0.01642 0.43686 0.05719
v 0.01573 0.43686 0.05479
v 0.01431 0.43834 0.05517
v 0.01494 0.43834 0.05759
v 0.01431 0.43686 0.05517
v 0.01494 0.43686 0.05759
v 0.01431 0.43834 0.05517
v 0.01573 0.43834 0.05479
v 0.01494 0.43834 0.05759
v 0.01642 0.43834 0.05719
v 0.01494 0.43686 0.05759
v 0.01642 0.43686 0.05719
v 0.01431 0.43686 0.05517
v 0.01573 0.43686 0.05479
v 0.01494 0.43834 0.05759
v 0.01642 0.43834 0.05719
v 0.01494 0.43686 0.05759
v 0.01642 0.43686 0.05719
v 0.01573 0.43834 0.05479
v 0.01431 0.43834 0.05517
v 0.01573 0.43686 0.05479
v 0.01431 0.43686 0.05517
v 0.01642 0.43674 0.05719
v 0.01573 0.43674 0.05479
v 0.01642 0.43526 0.05719
v 0.01573 0.43526 0.05479
v 0.01431 0.43674 0.05517
v 0.01494 0.43674 0.05759
v 0.01431 0.43526 0.05517
v 0.01494 0.43526 0.05759
v 0.01431 0.43674 0.05517
v 0.01573 0.43674 0.05479
v 0.01494 0.43674 0.05759
v 0.01642 0.43674 0.05719
v 0.01494 0.43526 0.05759
v 0.01642 0.43526 0.05719
v 0.01431 0.43526 0.05517
v 0.01573 0.43526 0.05479
v 0.01494 0.43674 0.05759
v 0.01642 0.43674 0.05719
v 0.01494 0.43526 0.05759
v 0.01642 0.43526 0.05719
v 0.01573 0.43674 0.05479
v 0.01431 0.43674 0.05517
v 0.01573 0.43526 0.05479
v 0.01431 0.43526 0.05517
v 0.01642 0.43514 0.05719
v 0.01573 0.43514 0.05479
v 0.01642 0.43366 0.05719
v 0.01573 0.43366 0.05479
v 0.01431 0.43514 0.05517
v 0.01494 0.43514 0.05759
v 0.01431 0.43366 0.05517
v 0.01494 0.43366 0.05759
v 0.01431 0.43514 0.05517
v 0.01573 0.43514 0.05479
v 0.01494 0.43514 0.05759
v 0.01642 0.43514 0.05719
v 0.01494 0.43366 0.05759
v 0.01642 0.43366 0.05719
v 0.01431 0.43366 0.05517
v 0.01573 0.43366 0.05479
v 0.01494 0.43514 0.05759
v 0.01642 0.43514 0.05719
v 0.01494 0.43366 0.05759
v 0.01642 0.43366 0.05719
v 0.01573 0.43514 0.05479
v 0.01431 0.43514 0.05517
v 0.01573 0.43366 0.05479
v 0.01431 0.43366 0.05517
f 3284 3286 3285
f 3286 3287 3285
f 3288 3290 3289
f 3290 3291 3289
f 3292 3294 3293
f 3294 3295 3293
f 3296 3298 3297
f 3298 3299 3297
f 3300 3302 3301
f 3302 3303 3301
f 3304 3306 3305
f 3306 3307 3305
f 3308 3310 3309
f 3310 3311 3309
f 3312 3314 3313
f 3314 3315 3313
f 3316 3318 3317
f 3318 3319 3317
f 3320 3322 3321
f 3322 3323 3321
f 3324 3326 3325
f 3326 3327 3325
f 3328 3330 3329
f 3330 3331 3329
f 3332 3334 3333
f 3334 3335 3333
f 3336 3338 3337
f 3338 3339 3337
f 3340 3342 3341
f 3342 3343 3341
f 3344 3346 3345
f 3346 3347 3345
f 3348 3350 3349
f 3350 3351 3349
f 3352 3354 3353
f 3354 3355 3353
f 3356 3358 3357
f 3358 3359 3357
f 3360 3362 3361
f 3362 3363 3361
f 3364 3366 3365
f 3366 3367 3365
f 3368 3370 3369
f 3370 3371 3369
f 3372 3374 3373
f 3374 3375 3373
f 3376 3378 3377
f 3378 3379 3377
f 3380 3382 3381
f 3382 3383 3381
f 3384 3386 3385
f 3386 3387 3385
f 3388 3390 3389
f 3390 3391 3389
f 3392 3394 3393
f 3394 3395 3393
f 3396 3398 3397
f 3398 3399 3397
f 3400 3402 3401
f 3402 3403 3401
f 3404 3406 3405
f 3406 3407 3405
f 3408 3410 3409
f 3410 3411 3409
f 3412 3414 3413
f 3414 3415 3413
f 3416 3418 3417
f 3418 3419 3417
f 3420 3422 3421
f 3422 3423 3421
f 3424 3426 3425
f 3426 3427 3425
f 3428 3430 3429
f 3430 3431 3429
f 3432 3434 3433
f 3434 3435 3433
f 3436 3438 3437
f 3438 3439 3437
f 3440 3442 3441
f 3442 3443 3441
f 3444 3446 3445
f 3446 3447 3445
f 3448 3450 3449
f 3450 3451 3449
f 3452 3454 3453
f 3454 3455 3453
f 3456 3458 3457
f 3458 3459 3457
f 3460 3462 3461
f 3462 3463 3461
f 3464 3466 3465
f 3466 3467 3465
f 3468 3470 3469
f 3470 3471 3469
f 3472 3474 3473
f 3474 3475 3473
f 3476 3478 3477
f 3478 3479 3477
f 3480 3482 3481
f 3482 3483 3481
f 3484 3486 3485
f 3486 3487 3485
f 3488 3490 3489
f 3490 3491 3489
f 3492 3494 3493
f 3494 3495 3493
f 3496 3498 3497
f 3498 3499 3497
f 3500 3502 3501
f 3502 3503 3501
f 3504 3506 3505
f 3506 3507 3505
f 3508 3510 3509
f 3510 3511 3509
f 3512 3514 3513
f 3514 3515 3513
f 3516 3518 3517
f 3518 3519 3517
f 3520 3522 3521
f 3522 3523 3521
f 3524 3526 3525
f 3526 3527 3525
f 3528 3530 3529
f 3530 3531 3529
f 3532 3534 3533
f 3534 3535 3533
f 3536 3538 3537
f 3538 3539 3537
f 3540 3542 3541
f 3542 3543 3541
f 3544 3546 3545
f 3546 3547 3545
f 3548 3550 3549
f 3550 3551 3549
f 3552 3554 3553
f 3554 3555 3553
f 3556 3558 3557
f 3558 3559 3557
f 3560 3562 3561
f 3562 3563 3561
f 3564 3566 3565
f 3566 3567 3565
f 3568 3570 3569
f 3570 3571 3569
f 3572 3574 3573
f 3574 3575 3573
f 3576 3578 3577
f 3578 3579 3577
f 3580 3582 3581
f 3582 3583 3581
f 3584 3586 3585
f 3586 3587 3585
f 3588 3590 3589
f 3590 3591 3589
f 3592 3594 3593
f 3594 3595 3593
f 3596 3598 3597
f 3598 3599 3597
f 3600 3602 3601
f 3602 3603 3601
f 3604 3606 3605
f 3606 3607 3605
f 3608 3610 3609
f 3610 3611 3609
f 3612 3614 3613
f 3614 3615 3613
f 3616 3618 3617
f 3618 3619 3617
f 3620 3622 3621
f 3622 3623 3621
f 3624 3626 3625
f 3626 3627 3625
f 3628 3630 3629
f 3630 3631 3629
f 3632 3634 3633
f 3634 3635 3633
f 3636 3638 3637
f 3638 3639 3637
f 3640 3642 3641
f 3642 3643 3641
f 3644 3646 3645
f 3646 3647 3645
f 3648 3650 3649
f 3650 3651 3649
f 3652 3654 3653
f 3654 3655 3653
f 3656 3658 3657
f 3658 3659 3657
f 3660 3662 3661
f 3662 3663 3661
f 3664 3666 3665
f 3666 3667 3665
f 3668 3670 3669
f 3670 3671 3669
f 3672 3674 3673
f 3674 3675 3673
f 3676 3678 3677
f 3678 3679 3677
f 3680 3682 3681
f 3682 3683 3681
f 3684 3686 3685
f 3686 3687 3685
f 3688 3690 3689
f 3690 3691 3689
f 3692 3694 3693
f 3694 3695 3693
f 3696 3698 3697
f 3698 3699 3697
f 3700 3702 3701
f 3702 3703 3701
f 3704 3706 3705
f 3706 3707 3705
f 3708 3710 3709
f 3710 3711 3709
f 3712 3714 3713
f 3714 3715 3713
f 3716 3718 3717
f 3718 3719 3717
f 3720 3722 3721
f 3722 3723 3721
f 3724 3726 3725
f 3726 3727 3725
f 3728 3730 3729
f 3730 3731 3729
f 3732 3734 3733
f 3734 3735 3733
f 3736 3738 3737
f 3738 3739 3737
f 3740 3742 3741
f 3742 3743 3741
f 3744 3746 3745
f 3746 3747 3745
f 3748 3750 3749
f 3750 3751 3749
f 3752 3754 3753
f 3754 3755 3753
f 3756 3758 3757
f 3758 3759 3757
f 3760 3762 3761
f 3762 3763 3761
f 3764 3766 3765
f 3766 3767 3765
f 3768 3770 3769
f 3770 3771 3769
f 3772 3774 3773
f 3774 3775 3773
f 3776 3778 3777
f 3778 3779 3777
f 3780 3782 3781
f 3782 3783 3781
f 3784 3786 3785
f 3786 3787 3785
f 3788 3790 3789
f 3790 3791 3789
f 3792 3794 3793
f 3794 3795 3793
f 3796 3798 3797
f 3798 3799 3797
f 3800 3802 3801
f 3802 3803 3801
f 3804 3806 3805
f 3806 3807 3805
f 3808 3810 3809
f 3810 3811 3809
f 3812 3814 3813
f 3814 3815 3813
f 3816 3818 3817
f 3818 3819 3817
f 3820 3822 3821
f 3822 3823 3821
f 3824 3826 3825
f 3826 3827 3825
f 3828 3830 3829
f 3830 3831 3829
f 3832 3834 3833
f 3834 3835 3833
f 3836 3838 3837
f 3838 3839 3837
f 3840 3842 3841
f 3842 3843 3841
f 3844 3846 3845
f 3846 3847 3845
f 3848 3850 3849
f 3850 3851 3849
f 3852 3854 3853
f 3854 3855 3853
f 3856 3858 3857
f 3858 3859 3857
f 3860 3862 3861
f 3862 3863 3861
f 3864 3866 3865
f 3866 3867 3865
f 3868 3870 3869
f 3870 3871 3869
f 3872 3874 3873
f 3874 3875 3873
f 3876 3878 3877
f 3878 3879 3877
f 3880 3882 3881
f 3882 3883 3881
f 3884 3886 3885
f 3886 3887 3885
f 3888 3890 3889
f 3890 3891 3889
f 3892 3894 3893
f 3894 3895 3893
f 3896 3898 3897
f 3898 3899 3897
f 3900 3902 3901
f 3902 3903 3901
f 3904 3906 3905
f 3906 3907 3905
f 3908 3910 3909
f 3910 3911 3909
f 3912 3914 3913
f 3914 3915 3913
f 3916 3918 3917
f 3918 3919 3917
f 3920 3922 3921
f 3922 3923 3921
f 3924 3926 3925
f 3926 3927 3925
f 3928 3930 3929
f 3930 3931 3929
f 3932 3934 3933
f 3934 3935 3933
f 3936 3938 3937
f 3938 3939 3937
f 3940 3942 3941
f 3942 3943 3941
f 3944 3946 3945
f 3946 3947 3945
f 3948 3950 3949
f 3950 3951 3949
f 3952 3954 3953
f 3954 3955 3953
f 3956 3958 3957
f 3958 3959 3957
f 3960 3962 3961
f 3962 3963 3961
f 3964 3966 3965
f 3966 3967 3965
f 3968 3970 3969
f 3970 3971 3969
f 3972 3974 3973
f 3974 3975 3973
f 3976 3978 3977
f 3978 3979 3977
f 3980 3982 3981
f 3982 3983 3981
f 3984 3986 3985
f 3986 3987 3985
f 3988 3990 3989
f 3990 3991 3989
f 3992 3994 3993
f 3994 3995 3993
f 3996 3998 3997
f 3998 3999 3997
f 4000 4002 4001
f 4002 4003 4001
f 4004 4006 4005
f 4006 4007 4005
f 4008 4010 4009
f 4010 4011 4009
f 4012 4014 4013
f 4014 4015 4013
f 4016 4018 4017
f 4018 4019 4017
f 4020 4022 4021
f 4022 4023 4021
f 4024 4026 4025
f 4026 4027 4025
f 4028 4030 4029
f 4030 4031 4029
f 4032 4034 4033
f 4034 4035 4033
f 4036 4038 4037
f 4038 4039 4037
f 4040 4042 4041
f 4042 4043 4041
f 4044 4046 4045
f 4046 4047 4045
f 4048 4050 4049
f 4050 4051 4049
f 4052 4054 4053
f 4054 4055 4053
f 4056 4058 4057
f 4058 4059 4057
f 4060 4062 4061
f 4062 4063 4061
f 4064 4066 4065
f 4066 4067 4065
f 4068 4070 4069
f 4070 4071 4069
f 4072 4074 4073
f 4074 4075 4073
f 4076 4078 4077
f 4078 4079 4077
f 4080 4082 4081
f 4082 4083 4081
f 4084 4086 4085
f 4086 4087 4085
f 4088 4090 4089
f 4090 4091 4089
f 4092 4094 4093
f 4094 4095 4093
f 4096 4098 4097
f 4098 4099 4097
f 4100 4102 4101
f 4102 4103 4101
f 4104 4106 4105
f 4106 4107 4105
f 4108 4110 4109
f 4110 4111 4109
f 4112 4114 4113
f 4114 4115 4113
f 4116 4118 4117
f 4118 4119 4117
f 4120 4122 4121
f 4122 4123 4121
f 4124 4126 4125
f 4126 4127 4125
f 4128 4130 4129
f 4130 4131 4129
f 4132 4134 4133
f 4134 4135 4133
f 4136 4138 4137
f 4138 4139 4137
f 4140 4142 4141
f 4142 4143 4141
f 4144 4146 4145
f 4146 4147 4145
f 4148 4150 4149
f 4150 4151 4149
f 4152 4154 4153
f 4154 4155 4153
f 4156 4158 4157
f 4158 4159 4157
f 4160 4162 4161
f 4162 4163 4161
f 4164 4166 4165
f 4166 4167 4165
f 4168 4170 4169
f 4170 4171 4169
f 4172 4174 4173
f 4174 4175 4173
f 4176 4178 4177
f 4178 4179 4177
f 4180 4182 4181
f 4182 4183 4181
f 4184 4186 4185
f 4186 4187 4185
f 4188 4190 4189
f 4190 4191 4189
f 4192 4194 4193
f 4194 4195 4193
f 4196 4198 4197
f 4198 4199 4197
f 4200 4202 4201
f 4202 4203 4201
f 4204 4206 4205
f 4206 4207 4205
f 4208 4210 4209
f 4210 4211 4209
f 4212 4214 4213
f 4214 4215 4213
f 4216 4218 4217
f 4218 4219 4217
f 4220 4222 4221
f 4222 4223 4221
f 4224 4226 4225
f 4226 4227 4225
f 4228 4230 4229
f 4230 4231 4229
f 4232 4234 4233
f 4234 4235 4233
f 4236 4238 4237
f 4238 4239 4237
f 4240 4242 4241
f 4242 4243 4241
f 4244 4246 4245
f 4246 4247 4245
f 4248 4250 4249
f 4250 4251 4249
f 4252 4254 4253
f 4254 4255 4253
f 4256 4258 4257
f 4258 4259 4257
f 4260 4262 4261
f 4262 4263 4261
f 4264 4266 4265
f 4266 4267 4265
f 4268 4270 4269
f 4270 4271 4269
f 4272 4274 4273
f 4274 4275 4273
f 4276 4278 4277
f 4278 4279 4277
f 4280 4282 4281
f 4282 4283 4281
f 4284 4286 4285
f 4286 4287 4285
f 4288 4290 4289
f 4290 4291 4289
f 4292 4294 4293
f 4294 4295 4293
f 4296 4298 4297
f 4298 4299 4297
f 4300 4302 4301
f 4302 4303 4301
f 4304 4306 4305
f 4306 4307 4305
f 4308 4310 4309
f 4310 4311 4309
f 4312 4314 4313
f 4314 4315 4313
f 4316 4318 4317
f 4318 4319 4317
f 4320 4322 4321
f 4322 4323 4321
f 4324 4326 4325
f 4326 4327 4325
f 4328 4330 4329
f 4330 4331 4329
f 4332 4334 4333
f 4334 4335 4333
f 4336 4338 4337
f 4338 4339 4337
f 4340 4342 4341
f 4342 4343 4341
f 4344 4346 4345
f 4346 4347 4345
f 4348 4350 4349
f 4350 4351 4349
f 4352 4354 4353
f 4354 4355 4353
f 4356 4358 4357
f 4358 4359 4357
f 4360 4362 4361
f 4362 4363 4361
usemtl chrome_valve
v 0.01700 0.76250 0.01700
v 0.01700 0.76250 -0.01700
v 0.01700 0.70750 0.01700
v 0.01700 0.70750 -0.01700
v -0.01700 0.76250 -0.01700
v -0.01700 0.76250 0.01700
v -0.01700 0.70750 -0.01700
v -0.01700 0.70750 0.01700
v -0.01700 0.76250 -0.01700
v 0.01700 0.76250 -0.01700
v -0.01700 0.76250 0.01700
v 0.01700 0.76250 0.01700
v -0.01700 0.70750 0.01700
v 0.01700 0.70750 0.01700
v -0.01700 0.70750 -0.01700
v 0.01700 0.70750 -0.01700
v -0.01700 0.76250 0.01700
v 0.01700 0.76250 0.01700
v -0.01700 0.70750 0.01700
v 0.01700 0.70750 0.01700
v 0.01700 0.76250 -0.01700
v -0.01700 0.76250 -0.01700
v 0.01700 0.70750 -0.01700
v -0.01700 0.70750 -0.01700
vt 0.00000 0.00000
vt 1.00000 0.00000
vt 0.00000 1.00000
vt 1.00000 1.00000
vt 0.00000 0.00000
vt 1.00000 0.00000
vt 0.00000 1.00000
vt 1.00000 1.00000
vt 0.00000 0.00000
vt 1.00000 0.00000
vt 0.00000 1.00000
vt 1.00000 1.00000
vt 0.00000 0.00000
vt 1.00000 0.00000
vt 0.00000 1.00000
vt 1.00000 1.00000
vt 0.00000 0.00000
vt 1.00000 0.00000
vt 0.00000 1.00000
vt 1.00000 1.00000
vt 0.00000 0.00000
vt 1.00000 0.00000
vt 0.00000 1.00000
vt 1.00000 1.00000
f 4364/1052 4366/1054 4365/1053
f 4366/1054 4367/1055 4365/1053
f 4368/1056 4370/1058 4369/1057
f 4370/1058 4371/1059 4369/1057
f 4372/1060 4374/1062 4373/1061
f 4374/1062 4375/1063 4373/1061
f 4376/1064 4378/1066 4377/1065
f 4378/1066 4379/1067 4377/1065
f 4380/1068 4382/1070 4381/1069
f 4382/1070 4383/1071 4381/1069
f 4384/1072 4386/1074 4385/1073
f 4386/1074 4387/1075 4385/1073
v 0.02750 0.79750 0.03000
v 0.02750 0.79750 -0.03000
v 0.02750 0.75250 0.03000
v 0.02750 0.75250 -0.03000
v -0.02750 0.79750 -0.03000
v -0.02750 0.79750 0.03000
v -0.02750 0.75250 -0.03000
v -0.02750 0.75250 0.03000
v -0.02750 0.79750 -0.03000
v 0.02750 0.79750 -0.03000
v -0.02750 0.79750 0.03000
v 0.02750 0.79750 0.03000
v -0.02750 0.75250 0.03000
v 0.02750 0.75250 0.03000
v -0.02750 0.75250 -0.03000
v 0.02750 0.75250 -0.03000
v -0.02750 0.79750 0.03000
v 0.02750 0.79750 0.03000
v -0.02750 0.75250 0.03000
v 0.02750 0.75250 0.03000
v 0.02750 0.79750 -0.03000
v -0.02750 0.79750 -0.03000
v 0.02750 0.75250 -0.03000
v -0.02750 0.75250 -0.03000
vt 0.00000 0.00000
vt 1.00000 0.00000
vt 0.00000 1.00000
vt 1.00000 1.00000
vt 0.00000 0.00000
vt 1.00000 0.00000
vt 0.00000 1.00000
vt 1.00000 1.00000
vt 0.00000 0.00000
vt 1.00000 0.00000
vt 0.00000 1.00000
vt 1.00000 1.00000
vt 0.00000 0.00000
vt 1.00000 0.00000
vt 0.00000 1.00000
vt 1.00000 1.00000
vt 0.00000 0.00000
vt 1.00000 0.00000
vt 0.00000 1.00000
vt 1.00000 1.00000
vt 0.00000 0.00000
vt 1.00000 0.00000
vt 0.00000 1.00000
vt 1.00000 1.00000
f 4388/1076 4390/1078 4389/1077
f 4390/1078 4391/1079 4389/1077
f 4392/1080 4394/1082 4393/1081
f 4394/1082 4395/1083 4393/1081
f 4396/1084 4398/1086 4397/1085
f 4398/1086 4399/1087 4397/1085
f 4400/1088 4402/1090 4401/1089
f 4402/1090 4403/1091 4401/1089
f 4404/1092 4406/1094 4405/1093
f 4406/1094 4407/1095 4405/1093
f 4408/1096 4410/1098 4409/1097
f 4410/1098 4411/1099 4409/1097
v 0.00000 0.76900 -0.01250
v 0.00353 0.77015 -0.01250
v 0.00571 0.77315 -0.01250
v 0.00571 0.77685 -0.01250
v 0.00353 0.77985 -0.01250
v 0.00000 0.78100 -0.01250
v -0.00353 0.77985 -0.01250
v -0.00571 0.77685 -0.01250
v -0.00571 0.77315 -0.01250
v -0.00353 0.77015 -0.01250
v -0.00000 0.76900 -0.01250
v 0.00000 0.76900 -0.09750
v 0.00353 0.77015 -0.09750
v 0.00571 0.77315 -0.09750
v 0.00571 0.77685 -0.09750
v 0.00353 0.77985 -0.09750
v 0.00000 0.78100 -0.09750
v -0.00353 0.77985 -0.09750
v -0.00571 0.77685 -0.09750
v -0.00571 0.77315 -0.09750
v -0.00353 0.77015 -0.09750
v -0.00000 0.76900 -0.09750
v 0.00000 0.77500 -0.01250
v 0.00000 0.77500 -0.01250
v 0.00000 0.77500 -0.01250
v 0.00000 0.77500 -0.01250
v 0.00000 0.77500 -0.01250
v 0.00000 0.77500 -0.01250
v 0.00000 0.77500 -0.01250
v 0.00000 0.77500 -0.01250
v 0.00000 0.77500 -0.01250
v 0.00000 0.77500 -0.01250
v 0.00000 0.76900 -0.01250
v 0.00353 0.77015 -0.01250
v 0.00571 0.77315 -0.01250
v 0.00571 0.77685 -0.01250
v 0.00353 0.77985 -0.01250
v 0.00000 0.78100 -0.01250
v -0.00353 0.77985 -0.01250
v -0.00571 0.77685 -0.01250
v -0.00571 0.77315 -0.01250
v -0.00353 0.77015 -0.01250
v -0.00000 0.76900 -0.01250
v 0.00000 0.77500 -0.09750
v 0.00000 0.77500 -0.09750
v 0.00000 0.77500 -0.09750
v 0.00000 0.77500 -0.09750
v 0.00000 0.77500 -0.09750
v 0.00000 0.77500 -0.09750
v 0.00000 0.77500 -0.09750
v 0.00000 0.77500 -0.09750
v 0.00000 0.77500 -0.09750
v 0.00000 0.77500 -0.09750
v 0.00000 0.76900 -0.09750
v 0.00353 0.77015 -0.09750
v 0.00571 0.77315 -0.09750
v 0.00571 0.77685 -0.09750
v 0.00353 0.77985 -0.09750
v 0.00000 0.78100 -0.09750
v -0.00353 0.77985 -0.09750
v -0.00571 0.77685 -0.09750
v -0.00571 0.77315 -0.09750
v -0.00353 0.77015 -0.09750
v -0.00000 0.76900 -0.09750
vt 0.00000 0.00000
vt 0.10000 0.00000
vt 0.20000 0.00000
vt 0.30000 0.00000
vt 0.40000 0.00000
vt 0.50000 0.00000
vt 0.60000 0.00000
vt 0.70000 0.00000
vt 0.80000 0.00000
vt 0.90000 0.00000
vt 1.00000 0.00000
vt 0.00000 1.00000
vt 0.10000 1.00000
vt 0.20000 1.00000
vt 0.30000 1.00000
vt 0.40000 1.00000
vt 0.50000 1.00000
vt 0.60000 1.00000
vt 0.70000 1.00000
vt 0.80000 1.00000
vt 0.90000 1.00000
vt 1.00000 1.00000
vt 0.50000 0.50000
vt 0.50000 0.50000
vt 0.50000 0.50000
vt 0.50000 0.50000
vt 0.50000 0.50000
vt 0.50000 0.50000
vt 0.50000 0.50000
vt 0.50000 0.50000
vt 0.50000 0.50000
vt 0.50000 0.50000
vt 1.00000 0.50000
vt 0.90451 0.20611
vt 0.65451 0.02447
vt 0.34549 0.02447
vt 0.09549 0.20611
vt 0.00000 0.50000
vt 0.09549 0.79389
vt 0.34549 0.97553
vt 0.65451 0.97553
vt 0.90451 0.79389
vt 1.00000 0.50000
vt 0.50000 0.50000
vt 0.50000 0.50000
vt 0.50000 0.50000
vt 0.50000 0.50000
vt 0.50000 0.50000
vt 0.50000 0.50000
vt 0.50000 0.50000
vt 0.50000 0.50000
vt 0.50000 0.50000
vt 0.50000 0.50000
vt 1.00000 0.50000
vt 0.90451 0.79389
vt 0.65451 0.97553
vt 0.34549 0.97553
vt 0.09549 0.79389
vt 0.00000 0.50000
vt 0.09549 0.20611
vt 0.34549 0.02447
vt 0.65451 0.02447
vt 0.90451 0.20611
vt 1.00000 0.50000
f 4412/1100 4423/1111 4413/1101
f 4423/1111 4424/1112 4413/1101
f 4413/1101 4424/1112 4414/1102
f 4424/1112 4425/1113 4414/1102
f 4414/1102 4425/1113 4415/1103
f 4425/1113 4426/1114 4415/1103
f 4415/1103 4426/1114 4416/1104
f 4426/1114 4427/1115 4416/1104
f 4416/1104 4427/1115 4417/1105
f 4427/1115 4428/1116 4417/1105
f 4417/1105 4428/1116 4418/1106
f 4428/1116 4429/1117 4418/1106
f 4418/1106 4429/1117 4419/1107
f 4429/1117 4430/1118 4419/1107
f 4419/1107 4430/1118 4420/1108
f 4430/1118 4431/1119 4420/1108
f 4420/1108 4431/1119 4421/1109
f 4431/1119 4432/1120 4421/1109
f 4421/1109 4432/1120 4422/1110
f 4432/1120 4433/1121 4422/1110
f 4444/1132 4445/1133 4434/1122
f 4445/1133 4446/1134 4435/1123
f 4446/1134 4447/1135 4436/1124
f 4447/1135 4448/1136 4437/1125
f 4448/1136 4449/1137 4438/1126
f 4449/1137 4450/1138 4439/1127
f 4450/1138 4451/1139 4440/1128
f 4451/1139 4452/1140 4441/1129
f 4452/1140 4453/1141 4442/1130
f 4453/1141 4454/1142 4443/1131
f 4466/1154 4465/1153 4455/1143
f 4467/1155 4466/1154 4456/1144
f 4468/1156 4467/1155 4457/1145
f 4469/1157 4468/1156 4458/1146
f 4470/1158 4469/1157 4459/1147
f 4471/1159 4470/1158 4460/1148
f 4472/1160 4471/1159 4461/1149
f 4473/1161 4472/1160 4462/1150
f 4474/1162 4473/1161 4463/1151
f 4475/1163 4474/1162 4464/1152
v 0.00000 0.76700 -0.02550
v 0.00470 0.76853 -0.02550
v 0.00761 0.77253 -0.02550
v 0.00761 0.77747 -0.02550
v 0.00470 0.78147 -0.02550
v 0.00000 0.78300 -0.02550
v -0.00470 0.78147 -0.02550
v -0.00761 0.77747 -0.02550
v -0.00761 0.77253 -0.02550
v -0.00470 0.76853 -0.02550
v -0.00000 0.76700 -0.02550
v 0.00000 0.76700 -0.07050
v 0.00470 0.76853 -0.07050
v 0.00761 0.77253 -0.07050
v 0.00761 0.77747 -0.07050
v 0.00470 0.78147 -0.07050
v 0.00000 0.78300 -0.07050
v -0.00470 0.78147 -0.07050
v -0.00761 0.77747 -0.07050
v -0.00761 0.77253 -0.07050
v -0.00470 0.76853 -0.07050
v -0.00000 0.76700 -0.07050
v 0.00000 0.77500 -0.02550
v 0.00000 0.77500 -0.02550
v 0.00000 0.77500 -0.02550
v 0.00000 0.77500 -0.02550
v 0.00000 0.77500 -0.02550
v 0.00000 0.77500 -0.02550
v 0.00000 0.77500 -0.02550
v 0.00000 0.77500 -0.02550
v 0.00000 0.77500 -0.02550
v 0.00000 0.77500 -0.02550
v 0.00000 0.76700 -0.02550
v 0.00470 0.76853 -0.02550
v 0.00761 0.77253 -0.02550
v 0.00761 0.77747 -0.02550
v 0.00470 0.78147 -0.02550
v 0.00000 0.78300 -0.02550
v -0.00470 0.78147 -0.02550
v -0.00761 0.77747 -0.02550
v -0.00761 0.77253 -0.02550
v -0.00470 0.76853 -0.02550
v -0.00000 0.76700 -0.02550
v 0.00000 0.77500 -0.07050
v 0.00000 0.77500 -0.07050
v 0.00000 0.77500 -0.07050
v 0.00000 0.77500 -0.07050
v 0.00000 0.77500 -0.07050
v 0.00000 0.77500 -0.07050
v 0.00000 0.77500 -0.07050
v 0.00000 0.77500 -0.07050
v 0.00000 0.77500 -0.07050
v 0.00000 0.77500 -0.07050
v 0.00000 0.76700 -0.07050
v 0.00470 0.76853 -0.07050
v 0.00761 0.77253 -0.07050
v 0.00761 0.77747 -0.07050
v 0.00470 0.78147 -0.07050
v 0.00000 0.78300 -0.07050
v -0.00470 0.78147 -0.07050
v -0.00761 0.77747 -0.07050
v -0.00761 0.77253 -0.07050
v -0.00470 0.76853 -0.07050
v -0.00000 0.76700 -0.07050
vt 0.00000 0.00000
vt 0.10000 0.00000
vt 0.20000 0.00000
vt 0.30000 0.00000
vt 0.40000 0.00000
vt 0.50000 0.00000
vt 0.60000 0.00000
vt 0.70000 0.00000
vt 0.80000 0.00000
vt 0.90000 0.00000
vt 1.00000 0.00000
vt 0.00000 1.00000
vt 0.10000 1.00000
vt 0.20000 1.00000
vt 0.30000 1.00000
vt 0.40000 1.00000
vt 0.50000 1.00000
vt 0.60000 1.00000
vt 0.70000 1.00000
vt 0.80000 1.00000
vt 0.90000 1.00000
vt 1.00000 1.00000
vt 0.50000 0.50000
vt 0.50000 0.50000
vt 0.50000 0.50000
vt 0.50000 0.50000
vt 0.50000 0.50000
vt 0.50000 0.50000
vt 0.50000 0.50000
vt 0.50000 0.50000
vt 0.50000 0.50000
vt 0.50000 0.50000
vt 1.00000 0.50000
vt 0.90451 0.20611
vt 0.65451 0.02447
vt 0.34549 0.02447
vt 0.09549 0.20611
vt 0.00000 0.50000
vt 0.09549 0.79389
vt 0.34549 0.97553
vt 0.65451 0.97553
vt 0.90451 0.79389
vt 1.00000 0.50000
vt 0.50000 0.50000
vt 0.50000 0.50000
vt 0.50000 0.50000
vt 0.50000 0.50000
vt 0.50000 0.50000
vt 0.50000 0.50000
vt 0.50000 0.50000
vt 0.50000 0.50000
vt 0.50000 0.50000
vt 0.50000 0.50000
vt 1.00000 0.50000
vt 0.90451 0.79389
vt 0.65451 0.97553
vt 0.34549 0.97553
vt 0.09549 0.79389
vt 0.00000 0.50000
vt 0.09549 0.20611
vt 0.34549 0.02447
vt 0.65451 0.02447
vt 0.90451 0.20611
vt 1.00000 0.50000
f 4476/1164 4487/1175 4477/1165
f 4487/1175 4488/1176 4477/1165
f 4477/1165 4488/1176 4478/1166
f 4488/1176 4489/1177 4478/1166
f 4478/1166 4489/1177 4479/1167
f 4489/1177 4490/1178 4479/1167
f 4479/1167 4490/1178 4480/1168
f 4490/1178 4491/1179 4480/1168
f 4480/1168 4491/1179 4481/1169
f 4491/1179 4492/1180 4481/1169
f 4481/1169 4492/1180 4482/1170
f 4492/1180 4493/1181 4482/1170
f 4482/1170 4493/1181 4483/1171
f 4493/1181 4494/1182 4483/1171
f 4483/1171 4494/1182 4484/1172
f 4494/1182 4495/1183 4484/1172
f 4484/1172 4495/1183 4485/1173
f 4495/1183 4496/1184 4485/1173
f 4485/1173 4496/1184 4486/1174
f 4496/1184 4497/1185 4486/1174
f 4508/1196 4509/1197 4498/1186
f 4509/1197 4510/1198 4499/1187
f 4510/1198 4511/1199 4500/1188
f 4511/1199 4512/1200 4501/1189
f 4512/1200 4513/1201 4502/1190
f 4513/1201 4514/1202 4503/1191
f 4514/1202 4515/1203 4504/1192
f 4515/1203 4516/1204 4505/1193
f 4516/1204 4517/1205 4506/1194
f 4517/1205 4518/1206 4507/1195
f 4530/1218 4529/1217 4519/1207
f 4531/1219 4530/1218 4520/1208
f 4532/1220 4531/1219 4521/1209
f 4533/1221 4532/1220 4522/1210
f 4534/1222 4533/1221 4523/1211
f 4535/1223 4534/1222 4524/1212
f 4536/1224 4535/1223 4525/1213
f 4537/1225 4536/1224 4526/1214
f 4538/1226 4537/1225 4527/1215
f 4539/1227 4538/1226 4528/1216
v 0.01800 0.76400 0.05900
v 0.02603 0.76527 0.05900
v 0.03328 0.76897 0.05900
v 0.03903 0.77472 0.05900
v 0.04273 0.78197 0.05900
v 0.04400 0.79000 0.05900
v 0.04273 0.79803 0.05900
v 0.03903 0.80528 0.05900
v 0.03328 0.81103 0.05900
v 0.02603 0.81473 0.05900
v 0.01800 0.81600 0.05900
v 0.00997 0.81473 0.05900
v 0.00272 0.81103 0.05900
v -0.00303 0.80528 0.05900
v -0.00673 0.79803 0.05900
v -0.00800 0.79000 0.05900
v -0.00673 0.78197 0.05900
v -0.00303 0.77472 0.05900
v 0.00272 0.76897 0.05900
v 0.00997 0.76527 0.05900
v 0.01800 0.76400 0.05900
v 0.01800 0.76400 0.04500
v 0.02603 0.76527 0.04500
v 0.03328 0.76897 0.04500
v 0.03903 0.77472 0.04500
v 0.04273 0.78197 0.04500
v 0.04400 0.79000 0.04500
v 0.04273 0.79803 0.04500
v 0.03903 0.80528 0.04500
v 0.03328 0.81103 0.04500
v 0.02603 0.81473 0.04500
v 0.01800 0.81600 0.04500
v 0.00997 0.81473 0.04500
v 0.00272 0.81103 0.04500
v -0.00303 0.80528 0.04500
v -0.00673 0.79803 0.04500
v -0.00800 0.79000 0.04500
v -0.00673 0.78197 0.04500
v -0.00303 0.77472 0.04500
v 0.00272 0.76897 0.04500
v 0.00997 0.76527 0.04500
v 0.01800 0.76400 0.04500
v 0.01800 0.79000 0.05900
v 0.01800 0.79000 0.05900
v 0.01800 0.79000 0.05900
v 0.01800 0.79000 0.05900
v 0.01800 0.79000 0.05900
v 0.01800 0.79000 0.05900
v 0.01800 0.79000 0.05900
v 0.01800 0.79000 0.05900
v 0.01800 0.79000 0.05900
v 0.01800 0.79000 0.05900
v 0.01800 0.79000 0.05900
v 0.01800 0.79000 0.05900
v 0.01800 0.79000 0.05900
v 0.01800 0.79000 0.05900
v 0.01800 0.79000 0.05900
v 0.01800 0.79000 0.05900
v 0.01800 0.79000 0.05900
v 0.01800 0.79000 0.05900
v 0.01800 0.79000 0.05900
v 0.01800 0.79000 0.05900
v 0.01800 0.76400 0.05900
v 0.02603 0.76527 0.05900
v 0.03328 0.76897 0.05900
v 0.03903 0.77472 0.05900
v 0.04273 0.78197 0.05900
v 0.04400 0.79000 0.05900
v 0.04273 0.79803 0.05900
v 0.03903 0.80528 0.05900
v 0.03328 0.81103 0.05900
v 0.02603 0.81473 0.05900
v 0.01800 0.81600 0.05900
v 0.00997 0.81473 0.05900
v 0.00272 0.81103 0.05900
v -0.00303 0.80528 0.05900
v -0.00673 0.79803 0.05900
v -0.00800 0.79000 0.05900
v -0.00673 0.78197 0.05900
v -0.00303 0.77472 0.05900
v 0.00272 0.76897 0.05900
v 0.00997 0.76527 0.05900
v 0.01800 0.76400 0.05900
v 0.01800 0.79000 0.04500
v 0.01800 0.79000 0.04500
v 0.01800 0.79000 0.04500
v 0.01800 0.79000 0.04500
v 0.01800 0.79000 0.04500
v 0.01800 0.79000 0.04500
v 0.01800 0.79000 0.04500
v 0.01800 0.79000 0.04500
v 0.01800 0.79000 0.04500
v 0.01800 0.79000 0.04500
v 0.01800 0.79000 0.04500
v 0.01800 0.79000 0.04500
v 0.01800 0.79000 0.04500
v 0.01800 0.79000 0.04500
v 0.01800 0.79000 0.04500
v 0.01800 0.79000 0.04500
v 0.01800 0.79000 0.04500
v 0.01800 0.79000 0.04500
v 0.01800 0.79000 0.04500
v 0.01800 0.79000 0.04500
v 0.01800 0.76400 0.04500
v 0.02603 0.76527 0.04500
v 0.03328 0.76897 0.04500
v 0.03903 0.77472 0.04500
v 0.04273 0.78197 0.04500
v 0.04400 0.79000 0.04500
v 0.04273 0.79803 0.04500
v 0.03903 0.80528 0.04500
v 0.03328 0.81103 0.04500
v 0.02603 0.81473 0.04500
v 0.01800 0.81600 0.04500
v 0.00997 0.81473 0.04500
v 0.00272 0.81103 0.04500
v -0.00303 0.80528 0.04500
v -0.00673 0.79803 0.04500
v -0.00800 0.79000 0.04500
v -0.00673 0.78197 0.04500
v -0.00303 0.77472 0.04500
v 0.00272 0.76897 0.04500
v 0.00997 0.76527 0.04500
v 0.01800 0.76400 0.04500
vt 0.00000 0.00000
vt 0.05000 0.00000
vt 0.10000 0.00000
vt 0.15000 0.00000
vt 0.20000 0.00000
vt 0.25000 0.00000
vt 0.30000 0.00000
vt 0.35000 0.00000
vt 0.40000 0.00000
vt 0.45000 0.00000
vt 0.50000 0.00000
vt 0.55000 0.00000
vt 0.60000 0.00000
vt 0.65000 0.00000
vt 0.70000 0.00000
vt 0.75000 0.00000
vt 0.80000 0.00000
vt 0.85000 0.00000
vt 0.90000 0.00000
vt 0.95000 0.00000
vt 1.00000 0.00000
vt 0.00000 1.00000
vt 0.05000 1.00000
vt 0.10000 1.00000
vt 0.15000 1.00000
vt 0.20000 1.00000
vt 0.25000 1.00000
vt 0.30000 1.00000
vt 0.35000 1.00000
vt 0.40000 1.00000
vt 0.45000 1.00000
vt 0.50000 1.00000
vt 0.55000 1.00000
vt 0.60000 1.00000
vt 0.65000 1.00000
vt 0.70000 1.00000
vt 0.75000 1.00000
vt 0.80000 1.00000
vt 0.85000 1.00000
vt 0.90000 1.00000
vt 0.95000 1.00000
vt 1.00000 1.00000
vt 0.50000 0.50000
vt 0.50000 0.50000
vt 0.50000 0.50000
vt 0.50000 0.50000
vt 0.50000 0.50000
vt 0.50000 0.50000
vt 0.50000 0.50000
vt 0.50000 0.50000
vt 0.50000 0.50000
vt 0.50000 0.50000
vt 0.50000 0.50000
vt 0.50000 0.50000
vt 0.50000 0.50000
vt 0.50000 0.50000
vt 0.50000 0.50000
vt 0.50000 0.50000
vt 0.50000 0.50000
vt 0.50000 0.50000
vt 0.50000 0.50000
vt 0.50000 0.50000
vt 1.00000 0.50000
vt 0.97553 0.34549
vt 0.90451 0.20611
vt 0.79389 0.09549
vt 0.65451 0.02447
vt 0.50000 0.00000
vt 0.34549 0.02447
vt 0.20611 0.09549
vt 0.09549 0.20611
vt 0.02447 0.34549
vt 0.00000 0.50000
vt 0.02447 0.65451
vt 0.09549 0.79389
vt 0.20611 0.90451
vt 0.34549 0.97553
vt 0.50000 1.00000
vt 0.65451 0.97553
vt 0.79389 0.90451
vt 0.90451 0.79389
vt 0.97553 0.65451
vt 1.00000 0.50000
vt 0.50000 0.50000
vt 0.50000 0.50000
vt 0.50000 0.50000
vt 0.50000 0.50000
vt 0.50000 0.50000
vt 0.50000 0.50000
vt 0.50000 0.50000
vt 0.50000 0.50000
vt 0.50000 0.50000
vt 0.50000 0.50000
vt 0.50000 0.50000
vt 0.50000 0.50000
vt 0.50000 0.50000
vt 0.50000 0.50000
vt 0.50000 0.50000
vt 0.50000 0.50000
vt 0.50000 0.50000
vt 0.50000 0.50000
vt 0.50000 0.50000
vt 0.50000 0.50000
vt 1.00000 0.50000
vt 0.97553 0.65451
vt 0.90451 0.79389
vt 0.79389 0.90451
vt 0.65451 0.97553
vt 0.50000 1.00000
vt 0.34549 0.97553
vt 0.20611 0.90451
vt 0.09549 0.79389
vt 0.02447 0.65451
vt 0.00000 0.50000
vt 0.02447 0.34549
vt 0.09549 0.20611
vt 0.20611 0.09549
vt 0.34549 0.02447
vt 0.50000 0.00000
vt 0.65451 0.02447
vt 0.79389 0.09549
vt 0.90451 0.20611
vt 0.97553 0.34549
vt 1.00000 0.50000
f 4540/1228 4561/1249 4541/1229
f 4561/1249 4562/1250 4541/1229
f 4541/1229 4562/1250 4542/1230
f 4562/1250 4563/1251 4542/1230
f 4542/1230 4563/1251 4543/1231
f 4563/1251 4564/1252 4543/1231
f 4543/1231 4564/1252 4544/1232
f 4564/1252 4565/1253 4544/1232
f 4544/1232 4565/1253 4545/1233
f 4565/1253 4566/1254 4545/1233
f 4545/1233 4566/1254 4546/1234
f 4566/1254 4567/1255 4546/1234
f 4546/1234 4567/1255 4547/1235
f 4567/1255 4568/1256 4547/1235
f 4547/1235 4568/1256 4548/1236
f 4568/1256 4569/1257 4548/1236
f 4548/1236 4569/1257 4549/1237
f 4569/1257 4570/1258 4549/1237
f 4549/1237 4570/1258 4550/1238
f 4570/1258 4571/1259 4550/1238
f 4550/1238 4571/1259 4551/1239
f 4571/1259 4572/1260 4551/1239
f 4551/1239 4572/1260 4552/1240
f 4572/1260 4573/1261 4552/1240
f 4552/1240 4573/1261 4553/1241
f 4573/1261 4574/1262 4553/1241
f 4553/1241 4574/1262 4554/1242
f 4574/1262 4575/1263 4554/1242
f 4554/1242 4575/1263 4555/1243
f 4575/1263 4576/1264 4555/1243
f 4555/1243 4576/1264 4556/1244
f 4576/1264 4577/1265 4556/1244
f 4556/1244 4577/1265 4557/1245
f 4577/1265 4578/1266 4557/1245
f 4557/1245 4578/1266 4558/1246
f 4578/1266 4579/1267 4558/1246
f 4558/1246 4579/1267 4559/1247
f 4579/1267 4580/1268 4559/1247
f 4559/1247 4580/1268 4560/1248
f 4580/1268 4581/1269 4560/1248
f 4602/1290 4603/1291 4582/1270
f 4603/1291 4604/1292 4583/1271
f 4604/1292 4605/1293 4584/1272
f 4605/1293 4606/1294 4585/1273
f 4606/1294 4607/1295 4586/1274
f 4607/1295 4608/1296 4587/1275
f 4608/1296 4609/1297 4588/1276
f 4609/1297 4610/1298 4589/1277
f 4610/1298 4611/1299 4590/1278
f 4611/1299 4612/1300 4591/1279
f 4612/1300 4613/1301 4592/1280
f 4613/1301 4614/1302 4593/1281
f 4614/1302 4615/1303 4594/1282
f 4615/1303 4616/1304 4595/1283
f 4616/1304 4617/1305 4596/1284
f 4617/1305 4618/1306 4597/1285
f 4618/1306 4619/1307 4598/1286
f 4619/1307 4620/1308 4599/1287
f 4620/1308 4621/1309 4600/1288
f 4621/1309 4622/1310 4601/1289
f 4644/1332 4643/1331 4623/1311
f 4645/1333 4644/1332 4624/1312
f 4646/1334 4645/1333 4625/1313
f 4647/1335 4646/1334 4626/1314
f 4648/1336 4647/1335 4627/1315
f 4649/1337 4648/1336 4628/1316
f 4650/1338 4649/1337 4629/1317
f 4651/1339 4650/1338 4630/1318
f 4652/1340 4651/1339 4631/1319
f 4653/1341 4652/1340 4632/1320
f 4654/1342 4653/1341 4633/1321
f 4655/1343 4654/1342 4634/1322
f 4656/1344 4655/1343 4635/1323
f 4657/1345 4656/1344 4636/1324
f 4658/1346 4657/1345 4637/1325
f 4659/1347 4658/1346 4638/1326
f 4660/1348 4659/1347 4639/1327
f 4661/1349 4660/1348 4640/1328
f 4662/1350 4661/1349 4641/1329
f 4663/1351 4662/1350 4642/1330
usemtl brass_fitting
v 0.00000 0.72000 0.01400
v 0.00700 0.72000 0.01212
v 0.01212 0.72000 0.00700
v 0.01400 0.72000 0.00000
v 0.01212 0.72000 -0.00700
v 0.00700 0.72000 -0.01212
v 0.00000 0.72000 -0.01400
v -0.00700 0.72000 -0.01212
v -0.01212 0.72000 -0.00700
v -0.01400 0.72000 -0.00000
v -0.01212 0.72000 0.00700
v -0.00700 0.72000 0.01212
v -0.00000 0.72000 0.01400
v 0.00000 0.70000 0.01400
v 0.00700 0.70000 0.01212
v 0.01212 0.70000 0.00700
v 0.01400 0.70000 0.00000
v 0.01212 0.70000 -0.00700
v 0.00700 0.70000 -0.01212
v 0.00000 0.70000 -0.01400
v -0.00700 0.70000 -0.01212
v -0.01212 0.70000 -0.00700
v -0.01400 0.70000 -0.00000
v -0.01212 0.70000 0.00700
v -0.00700 0.70000 0.01212
v -0.00000 0.70000 0.01400
v 0.00000 0.72000 0.00000
v 0.00000 0.72000 0.00000
v 0.00000 0.72000 0.00000
v 0.00000 0.72000 0.00000
v 0.00000 0.72000 0.00000
v 0.00000 0.72000 0.00000
v 0.00000 0.72000 0.00000
v 0.00000 0.72000 0.00000
v 0.00000 0.72000 0.00000
v 0.00000 0.72000 0.00000
v 0.00000 0.72000 0.00000
v 0.00000 0.72000 0.00000
v 0.00000 0.72000 0.01400
v 0.00700 0.72000 0.01212
v 0.01212 0.72000 0.00700
v 0.01400 0.72000 0.00000
v 0.01212 0.72000 -0.00700
v 0.00700 0.72000 -0.01212
v 0.00000 0.72000 -0.01400
v -0.00700 0.72000 -0.01212
v -0.01212 0.72000 -0.00700
v -0.01400 0.72000 -0.00000
v -0.01212 0.72000 0.00700
v -0.00700 0.72000 0.01212
v -0.00000 0.72000 0.01400
v 0.00000 0.70000 0.00000
v 0.00000 0.70000 0.00000
v 0.00000 0.70000 0.00000
v 0.00000 0.70000 0.00000
v 0.00000 0.70000 0.00000
v 0.00000 0.70000 0.00000
v 0.00000 0.70000 0.00000
v 0.00000 0.70000 0.00000
v 0.00000 0.70000 0.00000
v 0.00000 0.70000 0.00000
v 0.00000 0.70000 0.00000
v 0.00000 0.70000 0.00000
v 0.00000 0.70000 0.01400
v 0.00700 0.70000 0.01212
v 0.01212 0.70000 0.00700
v 0.01400 0.70000 0.00000
v 0.01212 0.70000 -0.00700
v 0.00700 0.70000 -0.01212
v 0.00000 0.70000 -0.01400
v -0.00700 0.70000 -0.01212
v -0.01212 0.70000 -0.00700
v -0.01400 0.70000 -0.00000
v -0.01212 0.70000 0.00700
v -0.00700 0.70000 0.01212
v -0.00000 0.70000 0.01400
vt 0.00000 0.00000
vt 0.08333 0.00000
vt 0.16667 0.00000
vt 0.25000 0.00000
vt 0.33333 0.00000
vt 0.41667 0.00000
vt 0.50000 0.00000
vt 0.58333 0.00000
vt 0.66667 0.00000
vt 0.75000 0.00000
vt 0.83333 0.00000
vt 0.91667 0.00000
vt 1.00000 0.00000
vt 0.00000 1.00000
vt 0.08333 1.00000
vt 0.16667 1.00000
vt 0.25000 1.00000
vt 0.33333 1.00000
vt 0.41667 1.00000
vt 0.50000 1.00000
vt 0.58333 1.00000
vt 0.66667 1.00000
vt 0.75000 1.00000
vt 0.83333 1.00000
vt 0.91667 1.00000
vt 1.00000 1.00000
vt 0.50000 0.50000
vt 0.50000 0.50000
vt 0.50000 0.50000
vt 0.50000 0.50000
vt 0.50000 0.50000
vt 0.50000 0.50000
vt 0.50000 0.50000
vt 0.50000 0.50000
vt 0.50000 0.50000
vt 0.50000 0.50000
vt 0.50000 0.50000
vt 0.50000 0.50000
vt 1.00000 0.50000
vt 0.93301 0.25000
vt 0.75000 0.06699
vt 0.50000 0.00000
vt 0.25000 0.06699
vt 0.06699 0.25000
vt 0.00000 0.50000
vt 0.06699 0.75000
vt 0.25000 0.93301
vt 0.50000 1.00000
vt 0.75000 0.93301
vt 0.93301 0.75000
vt 1.00000 0.50000
vt 0.50000 0.50000
vt 0.50000 0.50000
vt 0.50000 0.50000
vt 0.50000 0.50000
vt 0.50000 0.50000
vt 0.50000 0.50000
vt 0.50000 0.50000
vt 0.50000 0.50000
vt 0.50000 0.50000
vt 0.50000 0.50000
vt 0.50000 0.50000
vt 0.50000 0.50000
vt 1.00000 0.50000
vt 0.93301 0.75000
vt 0.75000 0.93301
vt 0.50000 1.00000
vt 0.25000 0.93301
vt 0.06699 0.75000
vt 0.00000 0.50000
vt 0.06699 0.25000
vt 0.25000 0.06699
vt 0.50000 0.00000
vt 0.75000 0.06699
vt 0.93301 0.25000
vt 1.00000 0.50000
f 4664/1352 4677/1365 4665/1353
f 4677/1365 4678/1366 4665/1353
f 4665/1353 4678/1366 4666/1354
f 4678/1366 4679/1367 4666/1354
f 4666/1354 4679/1367 4667/1355
f 4679/1367 4680/1368 4667/1355
f 4667/1355 4680/1368 4668/1356
f 4680/1368 4681/1369 4668/1356
f 4668/1356 4681/1369 4669/1357
f 4681/1369 4682/1370 4669/1357
f 4669/1357 4682/1370 4670/1358
f 4682/1370 4683/1371 4670/1358
f 4670/1358 4683/1371 4671/1359
f 4683/1371 4684/1372 4671/1359
f 4671/1359 4684/1372 4672/1360
f 4684/1372 4685/1373 4672/1360
f 4672/1360 4685/1373 4673/1361
f 4685/1373 4686/1374 4673/1361
f 4673/1361 4686/1374 4674/1362
f 4686/1374 4687/1375 4674/1362
f 4674/1362 4687/1375 4675/1363
f 4687/1375 4688/1376 4675/1363
f 4675/1363 4688/1376 4676/1364
f 4688/1376 4689/1377 4676/1364
f 4702/1390 4703/1391 4690/1378
f 4703/1391 4704/1392 4691/1379
f 4704/1392 4705/1393 4692/1380
f 4705/1393 4706/1394 4693/1381
f 4706/1394 4707/1395 4694/1382
f 4707/1395 4708/1396 4695/1383
f 4708/1396 4709/1397 4696/1384
f 4709/1397 4710/1398 4697/1385
f 4710/1398 4711/1399 4698/1386
f 4711/1399 4712/1400 4699/1387
f 4712/1400 4713/1401 4700/1388
f 4713/1401 4714/1402 4701/1389
f 4728/1416 4727/1415 4715/1403
f 4729/1417 4728/1416 4716/1404
f 4730/1418 4729/1417 4717/1405
f 4731/1419 4730/1418 4718/1406
f 4732/1420 4731/1419 4719/1407
f 4733/1421 4732/1420 4720/1408
f 4734/1422 4733/1421 4721/1409
f 4735/1423 4734/1422 4722/1410
f 4736/1424 4735/1423 4723/1411
f 4737/1425 4736/1424 4724/1412
f 4738/1426 4737/1425 4725/1413
f 4739/1427 4738/1426 4726/1414
v 0.01800 0.78400 0.04600
v 0.02224 0.78576 0.04600
v 0.02400 0.79000 0.04600
v 0.02224 0.79424 0.04600
v 0.01800 0.79600 0.04600
v 0.01376 0.79424 0.04600
v 0.01200 0.79000 0.04600
v 0.01376 0.78576 0.04600
v 0.01800 0.78400 0.04600
v 0.01800 0.78400 0.02600
v 0.02224 0.78576 0.02600
v 0.02400 0.79000 0.02600
v 0.02224 0.79424 0.02600
v 0.01800 0.79600 0.02600
v 0.01376 0.79424 0.02600
v 0.01200 0.79000 0.02600
v 0.01376 0.78576 0.02600
v 0.01800 0.78400 0.02600
v 0.01800 0.79000 0.04600
v 0.01800 0.79000 0.04600
v 0.01800 0.79000 0.04600
v 0.01800 0.79000 0.04600
v 0.01800 0.79000 0.04600
v 0.01800 0.79000 0.04600
v 0.01800 0.79000 0.04600
v 0.01800 0.79000 0.04600
v 0.01800 0.78400 0.04600
v 0.02224 0.78576 0.04600
v 0.02400 0.79000 0.04600
v 0.02224 0.79424 0.04600
v 0.01800 0.79600 0.04600
v 0.01376 0.79424 0.04600
v 0.01200 0.79000 0.04600
v 0.01376 0.78576 0.04600
v 0.01800 0.78400 0.04600
v 0.01800 0.79000 0.02600
v 0.01800 0.79000 0.02600
v 0.01800 0.79000 0.02600
v 0.01800 0.79000 0.02600
v 0.01800 0.79000 0.02600
v 0.01800 0.79000 0.02600
v 0.01800 0.79000 0.02600
v 0.01800 0.79000 0.02600
v 0.01800 0.78400 0.02600
v 0.02224 0.78576 0.02600
v 0.02400 0.79000 0.02600
v 0.02224 0.79424 0.02600
v 0.01800 0.79600 0.02600
v 0.01376 0.79424 0.02600
v 0.01200 0.79000 0.02600
v 0.01376 0.78576 0.02600
v 0.01800 0.78400 0.02600
vt 0.00000 0.00000
vt 0.12500 0.00000
vt 0.25000 0.00000
vt 0.37500 0.00000
vt 0.50000 0.00000
vt 0.62500 0.00000
vt 0.75000 0.00000
vt 0.87500 0.00000
vt 1.00000 0.00000
vt 0.00000 1.00000
vt 0.12500 1.00000
vt 0.25000 1.00000
vt 0.37500 1.00000
vt 0.50000 1.00000
vt 0.62500 1.00000
vt 0.75000 1.00000
vt 0.87500 1.00000
vt 1.00000 1.00000
vt 0.50000 0.50000
vt 0.50000 0.50000
vt 0.50000 0.50000
vt 0.50000 0.50000
vt 0.50000 0.50000
vt 0.50000 0.50000
vt 0.50000 0.50000
vt 0.50000 0.50000
vt 1.00000 0.50000
vt 0.85355 0.14645
vt 0.50000 0.00000
vt 0.14645 0.14645
vt 0.00000 0.50000
vt 0.14645 0.85355
vt 0.50000 1.00000
vt 0.85355 0.85355
vt 1.00000 0.50000
vt 0.50000 0.50000
vt 0.50000 0.50000
vt 0.50000 0.50000
vt 0.50000 0.50000
vt 0.50000 0.50000
vt 0.50000 0.50000
vt 0.50000 0.50000
vt 0.50000 0.50000
vt 1.00000 0.50000
vt 0.85355 0.85355
vt 0.50000 1.00000
vt 0.14645 0.85355
vt 0.00000 0.50000
vt 0.14645 0.14645
vt 0.50000 0.00000
vt 0.85355 0.14645
vt 1.00000 0.50000
f 4740/1428 4749/1437 4741/1429
f 4749/1437 4750/1438 4741/1429
f 4741/1429 4750/1438 4742/1430
f 4750/1438 4751/1439 4742/1430
f 4742/1430 4751/1439 4743/1431
f 4751/1439 4752/1440 4743/1431
f 4743/1431 4752/1440 4744/1432
f 4752/1440 4753/1441 4744/1432
f 4744/1432 4753/1441 4745/1433
f 4753/1441 4754/1442 4745/1433
f 4745/1433 4754/1442 4746/1434
f 4754/1442 4755/1443 4746/1434
f 4746/1434 4755/1443 4747/1435
f 4755/1443 4756/1444 4747/1435
f 4747/1435 4756/1444 4748/1436
f 4756/1444 4757/1445 4748/1436
f 4766/1454 4767/1455 4758/1446
f 4767/1455 4768/1456 4759/1447
f 4768/1456 4769/1457 4760/1448
f 4769/1457 4770/1458 4761/1449
f 4770/1458 4771/1459 4762/1450
f 4771/1459 4772/1460 4763/1451
f 4772/1460 4773/1461 4764/1452
f 4773/1461 4774/1462 4765/1453
f 4784/1472 4783/1471 4775/1463
f 4785/1473 4784/1472 4776/1464
f 4786/1474 4785/1473 4777/1465
f 4787/1475 4786/1474 4778/1466
f 4788/1476 4787/1475 4779/1467
f 4789/1477 4788/1476 4780/1468
f 4790/1478 4789/1477 4781/1469
f 4791/1479 4790/1478 4782/1470
v -0.02601 0.77897 0.01400
v -0.02353 0.77761 0.01283
v -0.02250 0.77705 0.01000
v -0.02353 0.77761 0.00717
v -0.02601 0.77897 0.00600
v -0.02849 0.78033 0.00717
v -0.02952 0.78089 0.01000
v -0.02849 0.78033 0.01283
v -0.02601 0.77897 0.01400
v -0.03799 0.75703 0.01500
v -0.03489 0.75534 0.01354
v -0.03360 0.75463 0.01000
v -0.03489 0.75534 0.00646
v -0.03799 0.75703 0.00500
v -0.04110 0.75873 0.00646
v -0.04238 0.75943 0.01000
v -0.04110 0.75873 0.01354
v -0.03799 0.75703 0.01500
v -0.02601 0.77897 0.01000
v -0.02601 0.77897 0.01000
v -0.02601 0.77897 0.01000
v -0.02601 0.77897 0.01000
v -0.02601 0.77897 0.01000
v -0.02601 0.77897 0.01000
v -0.02601 0.77897 0.01000
v -0.02601 0.77897 0.01000
v -0.02601 0.77897 0.01400
v -0.02353 0.77761 0.01283
v -0.02250 0.77705 0.01000
v -0.02353 0.77761 0.00717
v -0.02601 0.77897 0.00600
v -0.02849 0.78033 0.00717
v -0.02952 0.78089 0.01000
v -0.02849 0.78033 0.01283
v -0.02601 0.77897 0.01400
v -0.03799 0.75703 0.01000
v -0.03799 0.75703 0.01000
v -0.03799 0.75703 0.01000
v -0.03799 0.75703 0.01000
v -0.03799 0.75703 0.01000
v -0.03799 0.75703 0.01000
v -0.03799 0.75703 0.01000
v -0.03799 0.75703 0.01000
v -0.03799 0.75703 0.01500
v -0.03489 0.75534 0.01354
v -0.03360 0.75463 0.01000
v -0.03489 0.75534 0.00646
v -0.03799 0.75703 0.00500
v -0.04110 0.75873 0.00646
v -0.04238 0.75943 0.01000
v -0.04110 0.75873 0.01354
v -0.03799 0.75703 0.01500
vt 0.00000 0.00000
vt 0.12500 0.00000
vt 0.25000 0.00000
vt 0.37500 0.00000
vt 0.50000 0.00000
vt 0.62500 0.00000
vt 0.75000 0.00000
vt 0.87500 0.00000
vt 1.00000 0.00000
vt 0.00000 1.00000
vt 0.12500 1.00000
vt 0.25000 1.00000
vt 0.37500 1.00000
vt 0.50000 1.00000
vt 0.62500 1.00000
vt 0.75000 1.00000
vt 0.87500 1.00000
vt 1.00000 1.00000
vt 0.50000 0.50000
vt 0.50000 0.50000
vt 0.50000 0.50000
vt 0.50000 0.50000
vt 0.50000 0.50000
vt 0.50000 0.50000
vt 0.50000 0.50000
vt 0.50000 0.50000
vt 1.00000 0.50000
vt 0.85355 0.14645
vt 0.50000 0.00000
vt 0.14645 0.14645
vt 0.00000 0.50000
vt 0.14645 0.85355
vt 0.50000 1.00000
vt 0.85355 0.85355
vt 1.00000 0.50000
vt 0.50000 0.50000
vt 0.50000 0.50000
vt 0.50000 0.50000
vt 0.50000 0.50000
vt 0.50000 0.50000
vt 0.50000 0.50000
vt 0.50000 0.50000
vt 0.50000 0.50000
vt 1.00000 0.50000
vt 0.85355 0.85355
vt 0.50000 1.00000
vt 0.14645 0.85355
vt 0.00000 0.50000
vt 0.14645 0.14645
vt 0.50000 0.00000
vt 0.85355 0.14645
vt 1.00000 0.50000
f 4792/1480 4801/1489 4793/1481
f 4801/1489 4802/1490 4793/1481
f 4793/1481 4802/1490 4794/1482
f 4802/1490 4803/1491 4794/1482
f 4794/1482 4803/1491 4795/1483
f 4803/1491 4804/1492 4795/1483
f 4795/1483 4804/1492 4796/1484
f 4804/1492 4805/1493 4796/1484
f 4796/1484 4805/1493 4797/1485
f 4805/1493 4806/1494 4797/1485
f 4797/1485 4806/1494 4798/1486
f 4806/1494 4807/1495 4798/1486
f 4798/1486 4807/1495 4799/1487
f 4807/1495 4808/1496 4799/1487
f 4799/1487 4808/1496 4800/1488
f 4808/1496 4809/1497 4800/1488
f 4818/1506 4819/1507 4810/1498
f 4819/1507 4820/1508 4811/1499
f 4820/1508 4821/1509 4812/1500
f 4821/1509 4822/1510 4813/1501
f 4822/1510 4823/1511 4814/1502
f 4823/1511 4824/1512 4815/1503
f 4824/1512 4825/1513 4816/1504
f 4825/1513 4826/1514 4817/1505
f 4836/1524 4835/1523 4827/1515
f 4837/1525 4836/1524 4828/1516
f 4838/1526 4837/1525 4829/1517
f 4839/1527 4838/1526 4830/1518
f 4840/1528 4839/1527 4831/1519
f 4841/1529 4840/1528 4832/1520
f 4842/1530 4841/1529 4833/1521
f 4843/1531 4842/1530 4834/1522
usemtl rubber_dark
v 0.00000 0.78400 -0.09750
v 0.00000 0.78400 -0.09750
v 0.00000 0.78400 -0.09750
v 0.00000 0.78400 -0.09750
v 0.00000 0.78400 -0.09750
v 0.00000 0.78400 -0.09750
v 0.00000 0.78400 -0.09750
v 0.00000 0.78400 -0.09750
v 0.00000 0.78400 -0.09750
v -0.00450 0.78279 -0.09750
v -0.00318 0.78279 -0.09432
v -0.00000 0.78279 -0.09300
v 0.00318 0.78279 -0.09432
v 0.00450 0.78279 -0.09750
v 0.00318 0.78279 -0.10068
v 0.00000 0.78279 -0.10200
v -0.00318 0.78279 -0.10068
v -0.00450 0.78279 -0.09750
v -0.00779 0.77950 -0.09750
v -0.00551 0.77950 -0.09199
v -0.00000 0.77950 -0.08971
v 0.00551 0.77950 -0.09199
v 0.00779 0.77950 -0.09750
v 0.00551 0.77950 -0.10301
v 0.00000 0.77950 -0.10529
v -0.00551 0.77950 -0.10301
v -0.00779 0.77950 -0.09750
v -0.00900 0.77500 -0.09750
v -0.00636 0.77500 -0.09114
v -0.00000 0.77500 -0.08850
v 0.00636 0.77500 -0.09114
v 0.00900 0.77500 -0.09750
v 0.00636 0.77500 -0.10386
v 0.00000 0.77500 -0.10650
v -0.00636 0.77500 -0.10386
v -0.00900 0.77500 -0.09750
v -0.00779 0.77050 -0.09750
v -0.00551 0.77050 -0.09199
v -0.00000 0.77050 -0.08971
v 0.00551 0.77050 -0.09199
v 0.00779 0.77050 -0.09750
v 0.00551 0.77050 -0.10301
v 0.00000 0.77050 -0.10529
v -0.00551 0.77050 -0.10301
v -0.00779 0.77050 -0.09750
v -0.00450 0.76721 -0.09750
v -0.00318 0.76721 -0.09432
v -0.00000 0.76721 -0.09300
v 0.00318 0.76721 -0.09432
v 0.00450 0.76721 -0.09750
v 0.00318 0.76721 -0.10068
v 0.00000 0.76721 -0.10200
v -0.00318 0.76721 -0.10068
v -0.00450 0.76721 -0.09750
v -0.00000 0.76600 -0.09750
v -0.00000 0.76600 -0.09750
v -0.00000 0.76600 -0.09750
v 0.00000 0.76600 -0.09750
v 0.00000 0.76600 -0.09750
v 0.00000 0.76600 -0.09750
v 0.00000 0.76600 -0.09750
v -0.00000 0.76600 -0.09750
v -0.00000 0.76600 -0.09750
vt 0.06250 0.00000
vt 0.18750 0.00000
vt 0.31250 0.00000
vt 0.43750 0.00000
vt 0.56250 0.00000
vt 0.68750 0.00000
vt 0.81250 0.00000
vt 0.93750 0.00000
vt 1.06250 0.00000
vt 0.00000 0.16667
vt 0.12500 0.16667
vt 0.25000 0.16667
vt 0.37500 0.16667
vt 0.50000 0.16667
vt 0.62500 0.16667
vt 0.75000 0.16667
vt 0.87500 0.16667
vt 1.00000 0.16667
vt 0.00000 0.33333
vt 0.12500 0.33333
vt 0.25000 0.33333
vt 0.37500 0.33333
vt 0.50000 0.33333
vt 0.62500 0.33333
vt 0.75000 0.33333
vt 0.87500 0.33333
vt 1.00000 0.33333
vt 0.00000 0.50000
vt 0.12500 0.50000
vt 0.25000 0.50000
vt 0.37500 0.50000
vt 0.50000 0.50000
vt 0.62500 0.50000
vt 0.75000 0.50000
vt 0.87500 0.50000
vt 1.00000 0.50000
vt 0.00000 0.66667
vt 0.12500 0.66667
vt 0.25000 0.66667
vt 0.37500 0.66667
vt 0.50000 0.66667
vt 0.62500 0.66667
vt 0.75000 0.66667
vt 0.87500 0.66667
vt 1.00000 0.66667
vt 0.00000 0.83333
vt 0.12500 0.83333
vt 0.25000 0.83333
vt 0.37500 0.83333
vt 0.50000 0.83333
vt 0.62500 0.83333
vt 0.75000 0.83333
vt 0.87500 0.83333
vt 1.00000 0.83333
vt -0.06250 1.00000
vt 0.06250 1.00000
vt 0.18750 1.00000
vt 0.31250 1.00000
vt 0.43750 1.00000
vt 0.56250 1.00000
vt 0.68750 1.00000
vt 0.81250 1.00000
vt 0.93750 1.00000
f 4844/1532 4853/1541 4854/1542
f 4845/1533 4854/1542 4855/1543
f 4846/1534 4855/1543 4856/1544
f 4847/1535 4856/1544 4857/1545
f 4848/1536 4857/1545 4858/1546
f 4849/1537 4858/1546 4859/1547
f 4850/1538 4859/1547 4860/1548
f 4851/1539 4860/1548 4861/1549
f 4854/1542 4853/1541 4863/1551
f 4853/1541 4862/1550 4863/1551
f 4855/1543 4854/1542 4864/1552
f 4854/1542 4863/1551 4864/1552
f 4856/1544 4855/1543 4865/1553
f 4855/1543 4864/1552 4865/1553
f 4857/1545 4856/1544 4866/1554
f 4856/1544 4865/1553 4866/1554
f 4858/1546 4857/1545 4867/1555
f 4857/1545 4866/1554 4867/1555
f 4859/1547 4858/1546 4868/1556
f 4858/1546 4867/1555 4868/1556
f 4860/1548 4859/1547 4869/1557
f 4859/1547 4868/1556 4869/1557
f 4861/1549 4860/1548 4870/1558
f 4860/1548 4869/1557 4870/1558
f 4863/1551 4862/1550 4872/1560
f 4862/1550 4871/1559 4872/1560
f 4864/1552 4863/1551 4873/1561
f 4863/1551 4872/1560 4873/1561
f 4865/1553 4864/1552 4874/1562
f 4864/1552 4873/1561 4874/1562
f 4866/1554 4865/1553 4875/1563
f 4865/1553 4874/1562 4875/1563
f 4867/1555 4866/1554 4876/1564
f 4866/1554 4875/1563 4876/1564
f 4868/1556 4867/1555 4877/1565
f 4867/1555 4876/1564 4877/1565
f 4869/1557 4868/1556 4878/1566
f 4868/1556 4877/1565 4878/1566
f 4870/1558 4869/1557 4879/1567
f 4869/1557 4878/1566 4879/1567
f 4872/1560 4871/1559 4881/1569
f 4871/1559 4880/1568 4881/1569
f 4873/1561 4872/1560 4882/1570
f 4872/1560 4881/1569 4882/1570
f 4874/1562 4873/1561 4883/1571
f 4873/1561 4882/1570 4883/1571
f 4875/1563 4874/1562 4884/1572
f 4874/1562 4883/1571 4884/1572
f 4876/1564 4875/1563 4885/1573
f 4875/1563 4884/1572 4885/1573
f 4877/1565 4876/1564 4886/1574
f 4876/1564 4885/1573 4886/1574
f 4878/1566 4877/1565 4887/1575
f 4877/1565 4886/1574 4887/1575
f 4879/1567 4878/1566 4888/1576
f 4878/1566 4887/1575 4888/1576
f 4881/1569 4880/1568 4890/1578
f 4880/1568 4889/1577 4890/1578
f 4882/1570 4881/1569 4891/1579
f 4881/1569 4890/1578 4891/1579
f 4883/1571 4882/1570 4892/1580
f 4882/1570 4891/1579 4892/1580
f 4884/1572 4883/1571 4893/1581
f 4883/1571 4892/1580 4893/1581
f 4885/1573 4884/1572 4894/1582
f 4884/1572 4893/1581 4894/1582
f 4886/1574 4885/1573 4895/1583
f 4885/1573 4894/1582 4895/1583
f 4887/1575 4886/1574 4896/1584
f 4886/1574 4895/1583 4896/1584
f 4888/1576 4887/1575 4897/1585
f 4887/1575 4896/1584 4897/1585
f 4890/1578 4889/1577 4899/1587
f 4891/1579 4890/1578 4900/1588
f 4892/1580 4891/1579 4901/1589
f 4893/1581 4892/1580 4902/1590
f 4894/1582 4893/1581 4903/1591
f 4895/1583 4894/1582 4904/1592
f 4896/1584 4895/1583 4905/1593
f 4897/1585 4896/1584 4906/1594
v 0.00000 0.78400 -0.01250
v 0.00000 0.78400 -0.01250
v 0.00000 0.78400 -0.01250
v 0.00000 0.78400 -0.01250
v 0.00000 0.78400 -0.01250
v 0.00000 0.78400 -0.01250
v 0.00000 0.78400 -0.01250
v 0.00000 0.78400 -0.01250
v 0.00000 0.78400 -0.01250
v -0.00450 0.78279 -0.01250
v -0.00318 0.78279 -0.00932
v -0.00000 0.78279 -0.00800
v 0.00318 0.78279 -0.00932
v 0.00450 0.78279 -0.01250
v 0.00318 0.78279 -0.01568
v 0.00000 0.78279 -0.01700
v -0.00318 0.78279 -0.01568
v -0.00450 0.78279 -0.01250
v -0.00779 0.77950 -0.01250
v -0.00551 0.77950 -0.00699
v -0.00000 0.77950 -0.00471
v 0.00551 0.77950 -0.00699
v 0.00779 0.77950 -0.01250
v 0.00551 0.77950 -0.01801
v 0.00000 0.77950 -0.02029
v -0.00551 0.77950 -0.01801
v -0.00779 0.77950 -0.01250
v -0.00900 0.77500 -0.01250
v -0.00636 0.77500 -0.00614
v -0.00000 0.77500 -0.00350
v 0.00636 0.77500 -0.00614
v 0.00900 0.77500 -0.01250
v 0.00636 0.77500 -0.01886
v 0.00000 0.77500 -0.02150
v -0.00636 0.77500 -0.01886
v -0.00900 0.77500 -0.01250
v -0.00779 0.77050 -0.01250
v -0.00551 0.77050 -0.00699
v -0.00000 0.77050 -0.00471
v 0.00551 0.77050 -0.00699
v 0.00779 0.77050 -0.01250
v 0.00551 0.77050 -0.01801
v 0.00000 0.77050 -0.02029
v -0.00551 0.77050 -0.01801
v -0.00779 0.77050 -0.01250
v -0.00450 0.76721 -0.01250
v -0.00318 0.76721 -0.00932
v -0.00000 0.76721 -0.00800
v 0.00318 0.76721 -0.00932
v 0.00450 0.76721 -0.01250
v 0.00318 0.76721 -0.01568
v 0.00000 0.76721 -0.01700
v -0.00318 0.76721 -0.01568
v -0.00450 0.76721 -0.01250
v -0.00000 0.76600 -0.01250
v -0.00000 0.76600 -0.01250
v -0.00000 0.76600 -0.01250
v 0.00000 0.76600 -0.01250
v 0.00000 0.76600 -0.01250
v 0.00000 0.76600 -0.01250
v 0.00000 0.76600 -0.01250
v -0.00000 0.76600 -0.01250
v -0.00000 0.76600 -0.01250
vt 0.06250 0.00000
vt 0.18750 0.00000
vt 0.31250 0.00000
vt 0.43750 0.00000
vt 0.56250 0.00000
vt 0.68750 0.00000
vt 0.81250 0.00000
vt 0.93750 0.00000
vt 1.06250 0.00000
vt 0.00000 0.16667
vt 0.12500 0.16667
vt 0.25000 0.16667
vt 0.37500 0.16667
vt 0.50000 0.16667
vt 0.62500 0.16667
vt 0.75000 0.16667
vt 0.87500 0.16667
vt 1.00000 0.16667
vt 0.00000 0.33333
vt 0.12500 0.33333
vt 0.25000 0.33333
vt 0.37500 0.33333
vt 0.50000 0.33333
vt 0.62500 0.33333
vt 0.75000 0.33333
vt 0.87500 0.33333
vt 1.00000 0.33333
vt 0.00000 0.50000
vt 0.12500 0.50000
vt 0.25000 0.50000
vt 0.37500 0.50000
vt 0.50000 0.50000
vt 0.62500 0.50000
vt 0.75000 0.50000
vt 0.87500 0.50000
vt 1.00000 0.50000
vt 0.00000 0.66667
vt 0.12500 0.66667
vt 0.25000 0.66667
vt 0.37500 0.66667
vt 0.50000 0.66667
vt 0.62500 0.66667
vt 0.75000 0.66667
vt 0.87500 0.66667
vt 1.00000 0.66667
vt 0.00000 0.83333
vt 0.12500 0.83333
vt 0.25000 0.83333
vt 0.37500 0.83333
vt 0.50000 0.83333
vt 0.62500 0.83333
vt 0.75000 0.83333
vt 0.87500 0.83333
vt 1.00000 0.83333
vt -0.06250 1.00000
vt 0.06250 1.00000
vt 0.18750 1.00000
vt 0.31250 1.00000
vt 0.43750 1.00000
vt 0.56250 1.00000
vt 0.68750 1.00000
vt 0.81250 1.00000
vt 0.93750 1.00000
f 4907/1595 4916/1604 4917/1605
f 4908/1596 4917/1605 4918/1606
f 4909/1597 4918/1606 4919/1607
f 4910/1598 4919/1607 4920/1608
f 4911/1599 4920/1608 4921/1609
f 4912/1600 4921/1609 4922/1610
f 4913/1601 4922/1610 4923/1611
f 4914/1602 4923/1611 4924/1612
f 4917/1605 4916/1604 4926/1614
f 4916/1604 4925/1613 4926/1614
f 4918/1606 4917/1605 4927/1615
f 4917/1605 4926/1614 4927/1615
f 4919/1607 4918/1606 4928/1616
f 4918/1606 4927/1615 4928/1616
f 4920/1608 4919/1607 4929/1617
f 4919/1607 4928/1616 4929/1617
f 4921/1609 4920/1608 4930/1618
f 4920/1608 4929/1617 4930/1618
f 4922/1610 4921/1609 4931/1619
f 4921/1609 4930/1618 4931/1619
f 4923/1611 4922/1610 4932/1620
f 4922/1610 4931/1619 4932/1620
f 4924/1612 4923/1611 4933/1621
f 4923/1611 4932/1620 4933/1621
f 4926/1614 4925/1613 4935/1623
f 4925/1613 4934/1622 4935/1623
f 4927/1615 4926/1614 4936/1624
f 4926/1614 4935/1623 4936/1624
f 4928/1616 4927/1615 4937/1625
f 4927/1615 4936/1624 4937/1625
f 4929/1617 4928/1616 4938/1626
f 4928/1616 4937/1625 4938/1626
f 4930/1618 4929/1617 4939/1627
f 4929/1617 4938/1626 4939/1627
f 4931/1619 4930/1618 4940/1628
f 4930/1618 4939/1627 4940/1628
f 4932/1620 4931/1619 4941/1629
f 4931/1619 4940/1628 4941/1629
f 4933/1621 4932/1620 4942/1630
f 4932/1620 4941/1629 4942/1630
f 4935/1623 4934/1622 4944/1632
f 4934/1622 4943/1631 4944/1632
f 4936/1624 4935/1623 4945/1633
f 4935/1623 4944/1632 4945/1633
f 4937/1625 4936/1624 4946/1634
f 4936/1624 4945/1633 4946/1634
f 4938/1626 4937/1625 4947/1635
f 4937/1625 4946/1634 4947/1635
f 4939/1627 4938/1626 4948/1636
f 4938/1626 4947/1635 4948/1636
f 4940/1628 4939/1627 4949/1637
f 4939/1627 4948/1636 4949/1637
f 4941/1629 4940/1628 4950/1638
f 4940/1628 4949/1637 4950/1638
f 4942/1630 4941/1629 4951/1639
f 4941/1629 4950/1638 4951/1639
f 4944/1632 4943/1631 4953/1641
f 4943/1631 4952/1640 4953/1641
f 4945/1633 4944/1632 4954/1642
f 4944/1632 4953/1641 4954/1642
f 4946/1634 4945/1633 4955/1643
f 4945/1633 4954/1642 4955/1643
f 4947/1635 4946/1634 4956/1644
f 4946/1634 4955/1643 4956/1644
f 4948/1636 4947/1635 4957/1645
f 4947/1635 4956/1644 4957/1645
f 4949/1637 4948/1636 4958/1646
f 4948/1636 4957/1645 4958/1646
f 4950/1638 4949/1637 4959/1647
f 4949/1637 4958/1646 4959/1647
f 4951/1639 4950/1638 4960/1648
f 4950/1638 4959/1647 4960/1648
f 4953/1641 4952/1640 4962/1650
f 4954/1642 4953/1641 4963/1651
f 4955/1643 4954/1642 4964/1652
f 4956/1644 4955/1643 4965/1653
f 4957/1645 4956/1644 4966/1654
f 4958/1646 4957/1645 4967/1655
f 4959/1647 4958/1646 4968/1656
f 4960/1648 4959/1647 4969/1657
usemtl gauge_face
v 0.01800 0.76800 0.06000
v 0.02480 0.76908 0.06000
v 0.03093 0.77220 0.06000
v 0.03580 0.77707 0.06000
v 0.03892 0.78320 0.06000
v 0.04000 0.79000 0.06000
v 0.03892 0.79680 0.06000
v 0.03580 0.80293 0.06000
v 0.03093 0.80780 0.06000
v 0.02480 0.81092 0.06000
v 0.01800 0.81200 0.06000
v 0.01120 0.81092 0.06000
v 0.00507 0.80780 0.06000
v 0.00020 0.80293 0.06000
v -0.00292 0.79680 0.06000
v -0.00400 0.79000 0.06000
v -0.00292 0.78320 0.06000
v 0.00020 0.77707 0.06000
v 0.00507 0.77220 0.06000
v 0.01120 0.76908 0.06000
v 0.01800 0.76800 0.06000
v 0.01800 0.76800 0.05600
v 0.02480 0.76908 0.05600
v 0.03093 0.77220 0.05600
v 0.03580 0.77707 0.05600
v 0.03892 0.78320 0.05600
v 0.04000 0.79000 0.05600
v 0.03892 0.79680 0.05600
v 0.03580 0.80293 0.05600
v 0.03093 0.80780 0.05600
v 0.02480 0.81092 0.05600
v 0.01800 0.81200 0.05600
v 0.01120 0.81092 0.05600
v 0.00507 0.80780 0.05600
v 0.00020 0.80293 0.05600
v -0.00292 0.79680 0.05600
v -0.00400 0.79000 0.05600
v -0.00292 0.78320 0.05600
v 0.00020 0.77707 0.05600
v 0.00507 0.77220 0.05600
v 0.01120 0.76908 0.05600
v 0.01800 0.76800 0.05600
v 0.01800 0.79000 0.06000
v 0.01800 0.79000 0.06000
v 0.01800 0.79000 0.06000
v 0.01800 0.79000 0.06000
v 0.01800 0.79000 0.06000
v 0.01800 0.79000 0.06000
v 0.01800 0.79000 0.06000
v 0.01800 0.79000 0.06000
v 0.01800 0.79000 0.06000
v 0.01800 0.79000 0.06000
v 0.01800 0.79000 0.06000
v 0.01800 0.79000 0.06000
v 0.01800 0.79000 0.06000
v 0.01800 0.79000 0.06000
v 0.01800 0.79000 0.06000
v 0.01800 0.79000 0.06000
v 0.01800 0.79000 0.06000
v 0.01800 0.79000 0.06000
v 0.01800 0.79000 0.06000
v 0.01800 0.79000 0.06000
v 0.01800 0.76800 0.06000
v 0.02480 0.76908 0.06000
v 0.03093 0.77220 0.06000
v 0.03580 0.77707 0.06000
v 0.03892 0.78320 0.06000
v 0.04000 0.79000 0.06000
v 0.03892 0.79680 0.06000
v 0.03580 0.80293 0.06000
v 0.03093 0.80780 0.06000
v 0.02480 0.81092 0.06000
v 0.01800 0.81200 0.06000
v 0.01120 0.81092 0.06000
v 0.00507 0.80780 0.06000
v 0.00020 0.80293 0.06000
v -0.00292 0.79680 0.06000
v -0.00400 0.79000 0.06000
v -0.00292 0.78320 0.06000
v 0.00020 0.77707 0.06000
v 0.00507 0.77220 0.06000
v 0.01120 0.76908 0.06000
v 0.01800 0.76800 0.06000
v 0.01800 0.79000 0.05600
v 0.01800 0.79000 0.05600
v 0.01800 0.79000 0.05600
v 0.01800 0.79000 0.05600
v 0.01800 0.79000 0.05600
v 0.01800 0.79000 0.05600
v 0.01800 0.79000 0.05600
v 0.01800 0.79000 0.05600
v 0.01800 0.79000 0.05600
v 0.01800 0.79000 0.05600
v 0.01800 0.79000 0.05600
v 0.01800 0.79000 0.05600
v 0.01800 0.79000 0.05600
v 0.01800 0.79000 0.05600
v 0.01800 0.79000 0.05600
v 0.01800 0.79000 0.05600
v 0.01800 0.79000 0.05600
v 0.01800 0.79000 0.05600
v 0.01800 0.79000 0.05600
v 0.01800 0.79000 0.05600
v 0.01800 0.76800 0.05600
v 0.02480 0.76908 0.05600
v 0.03093 0.77220 0.05600
v 0.03580 0.77707 0.05600
v 0.03892 0.78320 0.05600
v 0.04000 0.79000 0.05600
v 0.03892 0.79680 0.05600
v 0.03580 0.80293 0.05600
v 0.03093 0.80780 0.05600
v 0.02480 0.81092 0.05600
v 0.01800 0.81200 0.05600
v 0.01120 0.81092 0.05600
v 0.00507 0.80780 0.05600
v 0.00020 0.80293 0.05600
v -0.00292 0.79680 0.05600
v -0.00400 0.79000 0.05600
v -0.00292 0.78320 0.05600
v 0.00020 0.77707 0.05600
v 0.00507 0.77220 0.05600
v 0.01120 0.76908 0.05600
v 0.01800 0.76800 0.05600
vt 0.00000 0.00000
vt 0.05000 0.00000
vt 0.10000 0.00000
vt 0.15000 0.00000
vt 0.20000 0.00000
vt 0.25000 0.00000
vt 0.30000 0.00000
vt 0.35000 0.00000
vt 0.40000 0.00000
vt 0.45000 0.00000
vt 0.50000 0.00000
vt 0.55000 0.00000
vt 0.60000 0.00000
vt 0.65000 0.00000
vt 0.70000 0.00000
vt 0.75000 0.00000
vt 0.80000 0.00000
vt 0.85000 0.00000
vt 0.90000 0.00000
vt 0.95000 0.00000
vt 1.00000 0.00000
vt 0.00000 1.00000
vt 0.05000 1.00000
vt 0.10000 1.00000
vt 0.15000 1.00000
vt 0.20000 1.00000
vt 0.25000 1.00000
vt 0.30000 1.00000
vt 0.35000 1.00000
vt 0.40000 1.00000
vt 0.45000 1.00000
vt 0.50000 1.00000
vt 0.55000 1.00000
vt 0.60000 1.00000
vt 0.65000 1.00000
vt 0.70000 1.00000
vt 0.75000 1.00000
vt 0.80000 1.00000
vt 0.85000 1.00000
vt 0.90000 1.00000
vt 0.95000 1.00000
vt 1.00000 1.00000
vt 0.50000 0.50000
vt 0.50000 0.50000
vt 0.50000 0.50000
vt 0.50000 0.50000
vt 0.50000 0.50000
vt 0.50000 0.50000
vt 0.50000 0.50000
vt 0.50000 0.50000
vt 0.50000 0.50000
vt 0.50000 0.50000
vt 0.50000 0.50000
vt 0.50000 0.50000
vt 0.50000 0.50000
vt 0.50000 0.50000
vt 0.50000 0.50000
vt 0.50000 0.50000
vt 0.50000 0.50000
vt 0.50000 0.50000
vt 0.50000 0.50000
vt 0.50000 0.50000
vt 1.00000 0.50000
vt 0.97553 0.34549
vt 0.90451 0.20611
vt 0.79389 0.09549
vt 0.65451 0.02447
vt 0.50000 0.00000
vt 0.34549 0.02447
vt 0.20611 0.09549
vt 0.09549 0.20611
vt 0.02447 0.34549
vt 0.00000 0.50000
vt 0.02447 0.65451
vt 0.09549 0.79389
vt 0.20611 0.90451
vt 0.34549 0.97553
vt 0.50000 1.00000
vt 0.65451 0.97553
vt 0.79389 0.90451
vt 0.90451 0.79389
vt 0.97553 0.65451
vt 1.00000 0.50000
vt 0.50000 0.50000
vt 0.50000 0.50000
vt 0.50000 0.50000
vt 0.50000 0.50000
vt 0.50000 0.50000
vt 0.50000 0.50000
vt 0.50000 0.50000
vt 0.50000 0.50000
vt 0.50000 0.50000
vt 0.50000 0.50000
vt 0.50000 0.50000
vt 0.50000 0.50000
vt 0.50000 0.50000
vt 0.50000 0.50000
vt 0.50000 0.50000
vt 0.50000 0.50000
vt 0.50000 0.50000
vt 0.50000 0.50000
vt 0.50000 0.50000
vt 0.50000 0.50000
vt 1.00000 0.50000
vt 0.97553 0.65451
vt 0.90451 0.79389
vt 0.79389 0.90451
vt 0.65451 0.97553
vt 0.50000 1.00000
vt 0.34549 0.97553
vt 0.20611 0.90451
vt 0.09549 0.79389
vt 0.02447 0.65451
vt 0.00000 0.50000
vt 0.02447 0.34549
vt 0.09549 0.20611
vt 0.20611 0.09549
vt 0.34549 0.02447
vt 0.50000 0.00000
vt 0.65451 0.02447
vt 0.79389 0.09549
vt 0.90451 0.20611
vt 0.97553 0.34549
vt 1.00000 0.50000
f 4970/1658 4991/1679 4971/1659
f 4991/1679 4992/1680 4971/1659
f 4971/1659 4992/1680 4972/1660
f 4992/1680 4993/1681 4972/1660
f 4972/1660 4993/1681 4973/1661
f 4993/1681 4994/1682 4973/1661
f 4973/1661 4994/1682 4974/1662
f 4994/1682 4995/1683 4974/1662
f 4974/1662 4995/1683 4975/1663
f 4995/1683 4996/1684 4975/1663
f 4975/1663 4996/1684 4976/1664
f 4996/1684 4997/1685 4976/1664
f 4976/1664 4997/1685 4977/1665
f 4997/1685 4998/1686 4977/1665
f 4977/1665 4998/1686 4978/1666
f 4998/1686 4999/1687 4978/1666
f 4978/1666 4999/1687 4979/1667
f 4999/1687 5000/1688 4979/1667
f 4979/1667 5000/1688 4980/1668
f 5000/1688 5001/1689 4980/1668
f 4980/1668 5001/1689 4981/1669
f 5001/1689 5002/1690 4981/1669
f 4981/1669 5002/1690 4982/1670
f 5002/1690 5003/1691 4982/1670
f 4982/1670 5003/1691 4983/1671
f 5003/1691 5004/1692 4983/1671
f 4983/1671 5004/1692 4984/1672
f 5004/1692 5005/1693 4984/1672
f 4984/1672 5005/1693 4985/1673
f 5005/1693 5006/1694 4985/1673
f 4985/1673 5006/1694 4986/1674
f 5006/1694 5007/1695 4986/1674
f 4986/1674 5007/1695 4987/1675
f 5007/1695 5008/1696 4987/1675
f 4987/1675 5008/1696 4988/1676
f 5008/1696 5009/1697 4988/1676
f 4988/1676 5009/1697 4989/1677
f 5009/1697 5010/1698 4989/1677
f 4989/1677 5010/1698 4990/1678
f 5010/1698 5011/1699 4990/1678
f 5032/1720 5033/1721 5012/1700
f 5033/1721 5034/1722 5013/1701
f 5034/1722 5035/1723 5014/1702
f 5035/1723 5036/1724 5015/1703
f 5036/1724 5037/1725 5016/1704
f 5037/1725 5038/1726 5017/1705
f 5038/1726 5039/1727 5018/1706
f 5039/1727 5040/1728 5019/1707
f 5040/1728 5041/1729 5020/1708
f 5041/1729 5042/1730 5021/1709
f 5042/1730 5043/1731 5022/1710
f 5043/1731 5044/1732 5023/1711
f 5044/1732 5045/1733 5024/1712
f 5045/1733 5046/1734 5025/1713
f 5046/1734 5047/1735 5026/1714
f 5047/1735 5048/1736 5027/1715
f 5048/1736 5049/1737 5028/1716
f 5049/1737 5050/1738 5029/1717
f 5050/1738 5051/1739 5030/1718
f 5051/1739 5052/1740 5031/1719
f 5074/1762 5073/1761 5053/1741
f 5075/1763 5074/1762 5054/1742
f 5076/1764 5075/1763 5055/1743
f 5077/1765 5076/1764 5056/1744
f 5078/1766 5077/1765 5057/1745
f 5079/1767 5078/1766 5058/1746
f 5080/1768 5079/1767 5059/1747
f 5081/1769 5080/1768 5060/1748
f 5082/1770 5081/1769 5061/1749
f 5083/1771 5082/1770 5062/1750
f 5084/1772 5083/1771 5063/1751
f 5085/1773 5084/1772 5064/1752
f 5086/1774 5085/1773 5065/1753
f 5087/1775 5086/1774 5066/1754
f 5088/1776 5087/1775 5067/1755
f 5089/1777 5088/1776 5068/1756
f 5090/1778 5089/1777 5069/1757
f 5091/1779 5090/1778 5070/1758
f 5092/1780 5091/1779 5071/1759
f 5093/1781 5092/1780 5072/1760
usemtl gauge_needle
v 0.02911 0.80031 0.06200
v 0.02911 0.80031 0.06000
v 0.01880 0.78808 0.06200
v 0.01880 0.78808 0.06000
v 0.02720 0.80192 0.06000
v 0.02720 0.80192 0.06200
v 0.01689 0.78969 0.06000
v 0.01689 0.78969 0.06200
v 0.02720 0.80192 0.06000
v 0.02911 0.80031 0.06000
v 0.02720 0.80192 0.06200
v 0.02911 0.80031 0.06200
v 0.01689 0.78969 0.06200
v 0.01880 0.78808 0.06200
v 0.01689 0.78969 0.06000
v 0.01880 0.78808 0.06000
v 0.02720 0.80192 0.06200
v 0.02911 0.80031 0.06200
v 0.01689 0.78969 0.06200
v 0.01880 0.78808 0.06200
v 0.02911 0.80031 0.06000
v 0.02720 0.80192 0.06000
v 0.01880 0.78808 0.06000
v 0.01689 0.78969 0.06000
vt 0.00000 0.00000
vt 1.00000 0.00000
vt 0.00000 1.00000
vt 1.00000 1.00000
vt 0.00000 0.00000
vt 1.00000 0.00000
vt 0.00000 1.00000
vt 1.00000 1.00000
vt 0.00000 0.00000
vt 1.00000 0.00000
vt 0.00000 1.00000
vt 1.00000 1.00000
vt 0.00000 0.00000
vt 1.00000 0.00000
vt 0.00000 1.00000
vt 1.00000 1.00000
vt 0.00000 0.00000
vt 1.00000 0.00000
vt 0.00000 1.00000
vt 1.00000 1.00000
vt 0.00000 0.00000
vt 1.00000 0.00000
vt 0.00000 1.00000
vt 1.00000 1.00000
f 5094/1782 5096/1784 5095/1783
f 5096/1784 5097/1785 5095/1783
f 5098/1786 5100/1788 5099/1787
f 5100/1788 5101/1789 5099/1787
f 5102/1790 5104/1792 5103/1791
f 5104/1792 5105/1793 5103/1791
f 5106/1794 5108/1796 5107/1795
f 5108/1796 5109/1797 5107/1795
f 5110/1798 5112/1800 5111/1799
f 5112/1800 5113/1801 5111/1799
f 5114/1802 5116/1804 5115/1803
f 5116/1804 5117/1805 5115/1803
usemtl flow_knob_green
v 0.02700 0.77500 0.01700
v 0.02700 0.78350 0.01472
v 0.02700 0.78972 0.00850
v 0.02700 0.79200 0.00000
v 0.02700 0.78972 -0.00850
v 0.02700 0.78350 -0.01472
v 0.02700 0.77500 -0.01700
v 0.02700 0.76650 -0.01472
v 0.02700 0.76028 -0.00850
v 0.02700 0.75800 -0.00000
v 0.02700 0.76028 0.00850
v 0.02700 0.76650 0.01472
v 0.02700 0.77500 0.01700
v 0.04900 0.77500 0.01700
v 0.04900 0.78350 0.01472
v 0.04900 0.78972 0.00850
v 0.04900 0.79200 0.00000
v 0.04900 0.78972 -0.00850
v 0.04900 0.78350 -0.01472
v 0.04900 0.77500 -0.01700
v 0.04900 0.76650 -0.01472
v 0.04900 0.76028 -0.00850
v 0.04900 0.75800 -0.00000
v 0.04900 0.76028 0.00850
v 0.04900 0.76650 0.01472
v 0.04900 0.77500 0.01700
v 0.02700 0.77500 0.00000
v 0.02700 0.77500 0.00000
v 0.02700 0.77500 0.00000
v 0.02700 0.77500 0.00000
v 0.02700 0.77500 0.00000
v 0.02700 0.77500 0.00000
v 0.02700 0.77500 0.00000
v 0.02700 0.77500 0.00000
v 0.02700 0.77500 0.00000
v 0.02700 0.77500 0.00000
v 0.02700 0.77500 0.00000
v 0.02700 0.77500 0.00000
v 0.02700 0.77500 0.01700
v 0.02700 0.78350 0.01472
v 0.02700 0.78972 0.00850
v 0.02700 0.79200 0.00000
v 0.02700 0.78972 -0.00850
v 0.02700 0.78350 -0.01472
v 0.02700 0.77500 -0.01700
v 0.02700 0.76650 -0.01472
v 0.02700 0.76028 -0.00850
v 0.02700 0.75800 -0.00000
v 0.02700 0.76028 0.00850
v 0.02700 0.76650 0.01472
v 0.02700 0.77500 0.01700
v 0.04900 0.77500 0.00000
v 0.04900 0.77500 0.00000
v 0.04900 0.77500 0.00000
v 0.04900 0.77500 0.00000
v 0.04900 0.77500 0.00000
v 0.04900 0.77500 0.00000
v 0.04900 0.77500 0.00000
v 0.04900 0.77500 0.00000
v 0.04900 0.77500 0.00000
v 0.04900 0.77500 0.00000
v 0.04900 0.77500 0.00000
v 0.04900 0.77500 0.00000
v 0.04900 0.77500 0.01700
v 0.04900 0.78350 0.01472
v 0.04900 0.78972 0.00850
v 0.04900 0.79200 0.00000
v 0.04900 0.78972 -0.00850
v 0.04900 0.78350 -0.01472
v 0.04900 0.77500 -0.01700
v 0.04900 0.76650 -0.01472
v 0.04900 0.76028 -0.00850
v 0.04900 0.75800 -0.00000
v 0.04900 0.76028 0.00850
v 0.04900 0.76650 0.01472
v 0.04900 0.77500 0.01700
vt 0.00000 0.00000
vt 0.08333 0.00000
vt 0.16667 0.00000
vt 0.25000 0.00000
vt 0.33333 0.00000
vt 0.41667 0.00000
vt 0.50000 0.00000
vt 0.58333 0.00000
vt 0.66667 0.00000
vt 0.75000 0.00000
vt 0.83333 0.00000
vt 0.91667 0.00000
vt 1.00000 0.00000
vt 0.00000 1.00000
vt 0.08333 1.00000
vt 0.16667 1.00000
vt 0.25000 1.00000
vt 0.33333 1.00000
vt 0.41667 1.00000
vt 0.50000 1.00000
vt 0.58333 1.00000
vt 0.66667 1.00000
vt 0.75000 1.00000
vt 0.83333 1.00000
vt 0.91667 1.00000
vt 1.00000 1.00000
vt 0.50000 0.50000
vt 0.50000 0.50000
vt 0.50000 0.50000
vt 0.50000 0.50000
vt 0.50000 0.50000
vt 0.50000 0.50000
vt 0.50000 0.50000
vt 0.50000 0.50000
vt 0.50000 0.50000
vt 0.50000 0.50000
vt 0.50000 0.50000
vt 0.50000 0.50000
vt 1.00000 0.50000
vt 0.93301 0.25000
vt 0.75000 0.06699
vt 0.50000 0.00000
vt 0.25000 0.06699
vt 0.06699 0.25000
vt 0.00000 0.50000
vt 0.06699 0.75000
vt 0.25000 0.93301
vt 0.50000 1.00000
vt 0.75000 0.93301
vt 0.93301 0.75000
vt 1.00000 0.50000
vt 0.50000 0.50000
vt 0.50000 0.50000
vt 0.50000 0.50000
vt 0.50000 0.50000
vt 0.50000 0.50000
vt 0.50000 0.50000
vt 0.50000 0.50000
vt 0.50000 0.50000
vt 0.50000 0.50000
vt 0.50000 0.50000
vt 0.50000 0.50000
vt 0.50000 0.50000
vt 1.00000 0.50000
vt 0.93301 0.75000
vt 0.75000 0.93301
vt 0.50000 1.00000
vt 0.25000 0.93301
vt 0.06699 0.75000
vt 0.00000 0.50000
vt 0.06699 0.25000
vt 0.25000 0.06699
vt 0.50000 0.00000
vt 0.75000 0.06699
vt 0.93301 0.25000
vt 1.00000 0.50000
f 5118/1806 5131/1819 5119/1807
f 5131/1819 5132/1820 5119/1807
f 5119/1807 5132/1820 5120/1808
f 5132/1820 5133/1821 5120/1808
f 5120/1808 5133/1821 5121/1809
f 5133/1821 5134/1822 5121/1809
f 5121/1809 5134/1822 5122/1810
f 5134/1822 5135/1823 5122/1810
f 5122/1810 5135/1823 5123/1811
f 5135/1823 5136/1824 5123/1811
f 5123/1811 5136/1824 5124/1812
f 5136/1824 5137/1825 5124/1812
f 5124/1812 5137/1825 5125/1813
f 5137/1825 5138/1826 5125/1813
f 5125/1813 5138/1826 5126/1814
f 5138/1826 5139/1827 5126/1814
f 5126/1814 5139/1827 5127/1815
f 5139/1827 5140/1828 5127/1815
f 5127/1815 5140/1828 5128/1816
f 5140/1828 5141/1829 5128/1816
f 5128/1816 5141/1829 5129/1817
f 5141/1829 5142/1830 5129/1817
f 5129/1817 5142/1830 5130/1818
f 5142/1830 5143/1831 5130/1818
f 5156/1844 5157/1845 5144/1832
f 5157/1845 5158/1846 5145/1833
f 5158/1846 5159/1847 5146/1834
f 5159/1847 5160/1848 5147/1835
f 5160/1848 5161/1849 5148/1836
f 5161/1849 5162/1850 5149/1837
f 5162/1850 5163/1851 5150/1838
f 5163/1851 5164/1852 5151/1839
f 5164/1852 5165/1853 5152/1840
f 5165/1853 5166/1854 5153/1841
f 5166/1854 5167/1855 5154/1842
f 5167/1855 5168/1856 5155/1843
f 5182/1870 5181/1869 5169/1857
f 5183/1871 5182/1870 5170/1858
f 5184/1872 5183/1871 5171/1859
f 5185/1873 5184/1872 5172/1860
f 5186/1874 5185/1873 5173/1861
f 5187/1875 5186/1874 5174/1862
f 5188/1876 5187/1875 5175/1863
f 5189/1877 5188/1876 5176/1864
f 5190/1878 5189/1877 5177/1865
f 5191/1879 5190/1878 5178/1866
f 5192/1880 5191/1879 5179/1867
f 5193/1881 5192/1880 5180/1868
v 0.05100 0.77650 0.01800
v 0.05100 0.77650 -0.01800
v 0.05100 0.77350 0.01800
v 0.05100 0.77350 -0.01800
v 0.04700 0.77650 -0.01800
v 0.04700 0.77650 0.01800
v 0.04700 0.77350 -0.01800
v 0.04700 0.77350 0.01800
v 0.04700 0.77650 -0.01800
v 0.05100 0.77650 -0.01800
v 0.04700 0.77650 0.01800
v 0.05100 0.77650 0.01800
v 0.04700 0.77350 0.01800
v 0.05100 0.77350 0.01800
v 0.04700 0.77350 -0.01800
v 0.05100 0.77350 -0.01800
v 0.04700 0.77650 0.01800
v 0.05100 0.77650 0.01800
v 0.04700 0.77350 0.01800
v 0.05100 0.77350 0.01800
v 0.05100 0.77650 -0.01800
v 0.04700 0.77650 -0.01800
v 0.05100 0.77350 -0.01800
v 0.04700 0.77350 -0.01800
vt 0.00000 0.00000
vt 1.00000 0.00000
vt 0.00000 1.00000
vt 1.00000 1.00000
vt 0.00000 0.00000
vt 1.00000 0.00000
vt 0.00000 1.00000
vt 1.00000 1.00000
vt 0.00000 0.00000
vt 1.00000 0.00000
vt 0.00000 1.00000
vt 1.00000 1.00000
vt 0.00000 0.00000
vt 1.00000 0.00000
vt 0.00000 1.00000
vt 1.00000 1.00000
vt 0.00000 0.00000
vt 1.00000 0.00000
vt 0.00000 1.00000
vt 1.00000 1.00000
vt 0.00000 0.00000
vt 1.00000 0.00000
vt 0.00000 1.00000
vt 1.00000 1.00000
f 5194/1882 5196/1884 5195/1883
f 5196/1884 5197/1885 5195/1883
f 5198/1886 5200/1888 5199/1887
f 5200/1888 5201/1889 5199/1887
f 5202/1890 5204/1892 5203/1891
f 5204/1892 5205/1893 5203/1891
f 5206/1894 5208/1896 5207/1895
f 5208/1896 5209/1897 5207/1895
f 5210/1898 5212/1900 5211/1899
f 5212/1900 5213/1901 5211/1899
f 5214/1902 5216/1904 5215/1903
f 5216/1904 5217/1905 5215/1903
v 0.05100 0.76333 0.01379
v 0.05100 0.78879 -0.01167
v 0.05100 0.76121 0.01167
v 0.05100 0.78667 -0.01379
v 0.04700 0.78879 -0.01167
v 0.04700 0.76333 0.01379
v 0.04700 0.78667 -0.01379
v 0.04700 0.76121 0.01167
v 0.04700 0.78879 -0.01167
v 0.05100 0.78879 -0.01167
v 0.04700 0.76333 0.01379
v 0.05100 0.76333 0.01379
v 0.04700 0.76121 0.01167
v 0.05100 0.76121 0.01167
v 0.04700 0.78667 -0.01379
v 0.05100 0.78667 -0.01379
v 0.04700 0.76333 0.01379
v 0.05100 0.76333 0.01379
v 0.04700 0.76121 0.01167
v 0.05100 0.76121 0.01167
v 0.05100 0.78879 -0.01167
v 0.04700 0.78879 -0.01167
v 0.05100 0.78667 -0.01379
v 0.04700 0.78667 -0.01379
vt 0.00000 0.00000
vt 1.00000 0.00000
vt 0.00000 1.00000
vt 1.00000 1.00000
vt 0.00000 0.00000
vt 1.00000 0.00000
vt 0.00000 1.00000
vt 1.00000 1.00000
vt 0.00000 0.00000
vt 1.00000 0.00000
vt 0.00000 1.00000
vt 1.00000 1.00000
vt 0.00000 0.00000
vt 1.00000 0.00000
vt 0.00000 1.00000
vt 1.00000 1.00000
vt 0.00000 0.00000
vt 1.00000 0.00000
vt 0.00000 1.00000
vt 1.00000 1.00000
vt 0.00000 0.00000
vt 1.00000 0.00000
vt 0.00000 1.00000
vt 1.00000 1.00000
f 5218/1906 5220/1908 5219/1907
f 5220/1908 5221/1909 5219/1907
f 5222/1910 5224/1912 5223/1911
f 5224/1912 5225/1913 5223/1911
f 5226/1914 5228/1916 5227/1915
f 5228/1916 5229/1917 5227/1915
f 5230/1918 5232/1920 5231/1919
f 5232/1920 5233/1921 5231/1919
f 5234/1922 5236/1924 5235/1923
f 5236/1924 5237/1925 5235/1923
f 5238/1926 5240/1928 5239/1927
f 5240/1928 5241/1929 5239/1927
v 0.05100 0.75700 0.00150
v 0.05100 0.79300 0.00150
v 0.05100 0.75700 -0.00150
v 0.05100 0.79300 -0.00150
v 0.04700 0.79300 0.00150
v 0.04700 0.75700 0.00150
v 0.04700 0.79300 -0.00150
v 0.04700 0.75700 -0.00150
v 0.04700 0.79300 0.00150
v 0.05100 0.79300 0.00150
v 0.04700 0.75700 0.00150
v 0.05100 0.75700 0.00150
v 0.04700 0.75700 -0.00150
v 0.05100 0.75700 -0.00150
v 0.04700 0.79300 -0.00150
v 0.05100 0.79300 -0.00150
v 0.04700 0.75700 0.00150
v 0.05100 0.75700 0.00150
v 0.04700 0.75700 -0.00150
v 0.05100 0.75700 -0.00150
v 0.05100 0.79300 0.00150
v 0.04700 0.79300 0.00150
v 0.05100 0.79300 -0.00150
v 0.04700 0.79300 -0.00150
vt 0.00000 0.00000
vt 1.00000 0.00000
vt 0.00000 1.00000
vt 1.00000 1.00000
vt 0.00000 0.00000
vt 1.00000 0.00000
vt 0.00000 1.00000
vt 1.00000 1.00000
vt 0.00000 0.00000
vt 1.00000 0.00000
vt 0.00000 1.00000
vt 1.00000 1.00000
vt 0.00000 0.00000
vt 1.00000 0.00000
vt 0.00000 1.00000
vt 1.00000 1.00000
vt 0.00000 0.00000
vt 1.00000 0.00000
vt 0.00000 1.00000
vt 1.00000 1.00000
vt 0.00000 0.00000
vt 1.00000 0.00000
vt 0.00000 1.00000
vt 1.00000 1.00000
f 5242/1930 5244/1932 5243/1931
f 5244/1932 5245/1933 5243/1931
f 5246/1934 5248/1936 5247/1935
f 5248/1936 5249/1937 5247/1935
f 5250/1938 5252/1940 5251/1939
f 5252/1940 5253/1941 5251/1939
f 5254/1942 5256/1944 5255/1943
f 5256/1944 5257/1945 5255/1943
f 5258/1946 5260/1948 5259/1947
f 5260/1948 5261/1949 5259/1947
f 5262/1950 5264/1952 5263/1951
f 5264/1952 5265/1953 5263/1951
v 0.05100 0.76121 -0.01167
v 0.05100 0.78667 0.01379
v 0.05100 0.76333 -0.01379
v 0.05100 0.78879 0.01167
v 0.04700 0.78667 0.01379
v 0.04700 0.76121 -0.01167
v 0.04700 0.78879 0.01167
v 0.04700 0.76333 -0.01379
v 0.04700 0.78667 0.01379
v 0.05100 0.78667 0.01379
v 0.04700 0.76121 -0.01167
v 0.05100 0.76121 -0.01167
v 0.04700 0.76333 -0.01379
v 0.05100 0.76333 -0.01379
v 0.04700 0.78879 0.01167
v 0.05100 0.78879 0.01167
v 0.04700 0.76121 -0.01167
v 0.05100 0.76121 -0.01167
v 0.04700 0.76333 -0.01379
v 0.05100 0.76333 -0.01379
v 0.05100 0.78667 0.01379
v 0.04700 0.78667 0.01379
v 0.05100 0.78879 0.01167
v 0.04700 0.78879 0.01167
vt 0.00000 0.00000
vt 1.00000 0.00000
vt 0.00000 1.00000
vt 1.00000 1.00000
vt 0.00000 0.00000
vt 1.00000 0.00000
vt 0.00000 1.00000
vt 1.00000 1.00000
vt 0.00000 0.00000
vt 1.00000 0.00000
vt 0.00000 1.00000
vt 1.00000 1.00000
vt 0.00000 0.00000
vt 1.00000 0.00000
vt 0.00000 1.00000
vt 1.00000 1.00000
vt 0.00000 0.00000
vt 1.00000 0.00000
vt 0.00000 1.00000
vt 1.00000 1.00000
vt 0.00000 0.00000
vt 1.00000 0.00000
vt 0.00000 1.00000
vt 1.00000 1.00000
f 5266/1954 5268/1956 5267/1955
f 5268/1956 5269/1957 5267/1955
f 5270/1958 5272/1960 5271/1959
f 5272/1960 5273/1961 5271/1959
f 5274/1962 5276/1964 5275/1963
f 5276/1964 5277/1965 5275/1963
f 5278/1966 5280/1968 5279/1967
f 5280/1968 5281/1969 5279/1967
f 5282/1970 5284/1972 5283/1971
f 5284/1972 5285/1973 5283/1971
f 5286/1974 5288/1976 5287/1975
f 5288/1976 5289/1977 5287/1975
v -0.15800 0.01700 0.08600
v -0.15800 0.01700 0.06400
v -0.15800 0.00700 0.08600
v -0.15800 0.00700 0.06400
v -0.17200 0.01700 0.06400
v -0.17200 0.01700 0.08600
v -0.17200 0.00700 0.06400
v -0.17200 0.00700 0.08600
v -0.17200 0.01700 0.06400
v -0.15800 0.01700 0.06400
v -0.17200 0.01700 0.08600
v -0.15800 0.01700 0.08600
v -0.17200 0.00700 0.08600
v -0.15800 0.00700 0.08600
v -0.17200 0.00700 0.06400
v -0.15800 0.00700 0.06400
v -0.17200 0.01700 0.08600
v -0.15800 0.01700 0.08600
v -0.17200 0.00700 0.08600
v -0.15800 0.00700 0.08600
v -0.15800 0.01700 0.06400
v -0.17200 0.01700 0.06400
v -0.15800 0.00700 0.06400
v -0.17200 0.00700 0.06400
vt 0.00000 0.00000
vt 1.00000 0.00000
vt 0.00000 1.00000
vt 1.00000 1.00000
vt 0.00000 0.00000
vt 1.00000 0.00000
vt 0.00000 1.00000
vt 1.00000 1.00000
vt 0.00000 0.00000
vt 1.00000 0.00000
vt 0.00000 1.00000
vt 1.00000 1.00000
vt 0.00000 0.00000
vt 1.00000 0.00000
vt 0.00000 1.00000
vt 1.00000 1.00000
vt 0.00000 0.00000
vt 1.00000 0.00000
vt 0.00000 1.00000
vt 1.00000 1.00000
vt 0.00000 0.00000
vt 1.00000 0.00000
vt 0.00000 1.00000
vt 1.00000 1.00000
f 5290/1978 5292/1980 5291/1979
f 5292/1980 5293/1981 5291/1979
f 5294/1982 5296/1984 5295/1983
f 5296/1984 5297/1985 5295/1983
f 5298/1986 5300/1988 5299/1987
f 5300/1988 5301/1989 5299/1987
f 5302/1990 5304/1992 5303/1991
f 5304/1992 5305/1993 5303/1991
f 5306/1994 5308/1996 5307/1995
f 5308/1996 5309/1997 5307/1995
f 5310/1998 5312/2000 5311/1999
f 5312/2000 5313/2001 5311/1999
usemtl tubing_clear
v -0.04135 0.76336 0.01824
v -0.03867 0.76159 0.01700
v -0.03794 0.76006 0.01400
v -0.03959 0.75966 0.01100
v -0.04265 0.76064 0.00976
v -0.04533 0.76241 0.01100
v -0.04606 0.76394 0.01400
v -0.04441 0.76434 0.01700
v -0.04135 0.76336 0.01824
v -0.05103 0.74418 0.02583
v -0.04840 0.74231 0.02463
v -0.04769 0.74075 0.02164
v -0.04931 0.74041 0.01862
v -0.05232 0.74148 0.01734
v -0.05495 0.74335 0.01855
v -0.05567 0.74491 0.02153
v -0.05404 0.74525 0.02455
v -0.05103 0.74418 0.02583
v -0.06128 0.72527 0.03335
v -0.05867 0.72336 0.03217
v -0.05797 0.72178 0.02919
v -0.05958 0.72147 0.02616
v -0.06256 0.72260 0.02486
v -0.06517 0.72451 0.02604
v -0.06587 0.72608 0.02902
v -0.06426 0.72640 0.03205
v -0.06128 0.72527 0.03335
v -0.07169 0.70646 0.04085
v -0.06908 0.70455 0.03966
v -0.06837 0.70298 0.03668
v -0.06998 0.70266 0.03365
v -0.07297 0.70378 0.03235
v -0.07558 0.70569 0.03354
v -0.07628 0.70726 0.03652
v -0.07467 0.70758 0.03955
v -0.07169 0.70646 0.04085
v -0.08184 0.68753 0.04837
v -0.07921 0.68568 0.04716
v -0.07849 0.68412 0.04418
v -0.08012 0.68377 0.04116
v -0.08314 0.68483 0.03988
v -0.08578 0.68668 0.04110
v -0.08649 0.68824 0.04408
v -0.08486 0.68859 0.04710
v -0.08184 0.68753 0.04837
v -0.09136 0.66831 0.05597
v -0.08867 0.66656 0.05472
v -0.08794 0.66504 0.05172
v -0.08959 0.66463 0.04872
v -0.09266 0.66558 0.04749
v -0.09535 0.66733 0.04874
v -0.09609 0.66886 0.05175
v -0.09443 0.66926 0.05474
v -0.09136 0.66831 0.05597
v -0.09988 0.64868 0.06366
v -0.09712 0.64707 0.06236
v -0.09637 0.64559 0.05934
v -0.09806 0.64511 0.05638
v -0.10120 0.64591 0.05520
v -0.10395 0.64751 0.05651
v -0.10470 0.64899 0.05953
v -0.10302 0.64947 0.06249
v -0.09988 0.64868 0.06366
v -0.10712 0.62858 0.07146
v -0.10431 0.62714 0.07009
v -0.10354 0.62572 0.06705
v -0.10526 0.62515 0.06412
v -0.10847 0.62576 0.06302
v -0.11128 0.62719 0.06439
v -0.11205 0.62861 0.06744
v -0.11033 0.62919 0.07036
v -0.10712 0.62858 0.07146
v -0.11318 0.60815 0.07934
v -0.11034 0.60679 0.07794
v -0.10957 0.60539 0.07489
v -0.11131 0.60476 0.07198
v -0.11454 0.60528 0.07092
v -0.11738 0.60663 0.07232
v -0.11816 0.60804 0.07537
v -0.11642 0.60867 0.07828
v -0.11318 0.60815 0.07934
v -0.11892 0.58761 0.08734
v -0.11608 0.58629 0.08592
v -0.11530 0.58489 0.08287
v -0.11705 0.58423 0.07998
v -0.12029 0.58470 0.07893
v -0.12314 0.58603 0.08035
v -0.12392 0.58743 0.08340
v -0.12217 0.58809 0.08629
v -0.11892 0.58761 0.08734
v -0.12431 0.56702 0.09539
v -0.12145 0.56574 0.09396
v -0.12067 0.56435 0.09090
v -0.12243 0.56367 0.08802
v -0.12569 0.56408 0.08700
v -0.12855 0.56536 0.08843
v -0.12933 0.56675 0.09148
v -0.12757 0.56744 0.09437
v -0.12431 0.56702 0.09539
v -0.12926 0.54633 0.10348
v -0.12639 0.54511 0.10202
v -0.12560 0.54374 0.09896
v -0.12737 0.54302 0.09609
v -0.13064 0.54337 0.09510
v -0.13351 0.54459 0.09655
v -0.13430 0.54597 0.09961
v -0.13254 0.54669 0.10248
v -0.12926 0.54633 0.10348
v -0.13368 0.52552 0.11159
v -0.13080 0.52438 0.11010
v -0.13000 0.52303 0.10703
v -0.13178 0.52227 0.10417
v -0.13507 0.52254 0.10321
v -0.13796 0.52369 0.10469
v -0.13875 0.52504 0.10776
v -0.13698 0.52580 0.11062
v -0.13368 0.52552 0.11159
v -0.13748 0.50458 0.11968
v -0.13457 0.50352 0.11816
v -0.13378 0.50220 0.11507
v -0.13556 0.50140 0.11224
v -0.13887 0.50159 0.11130
v -0.14177 0.50265 0.11282
v -0.14257 0.50396 0.11590
v -0.14079 0.50476 0.11874
v -0.13748 0.50458 0.11968
v -0.14053 0.48350 0.12773
v -0.13761 0.48254 0.12617
v -0.13681 0.48127 0.12307
v -0.13859 0.48042 0.12025
v -0.14192 0.48050 0.11936
v -0.14484 0.48145 0.12091
v -0.14564 0.48273 0.12401
v -0.14385 0.48357 0.12683
v -0.14053 0.48350 0.12773
v -0.14269 0.46228 0.13570
v -0.13976 0.46145 0.13409
v -0.13895 0.46023 0.13098
v -0.14074 0.45932 0.12818
v -0.14408 0.45927 0.12733
v -0.14701 0.46010 0.12894
v -0.14782 0.46132 0.13206
v -0.14603 0.46223 0.13486
v -0.14269 0.46228 0.13570
v -0.14380 0.44094 0.14356
v -0.14086 0.44026 0.14190
v -0.14005 0.43910 0.13876
v -0.14184 0.43813 0.13598
v -0.14519 0.43793 0.13519
v -0.14813 0.43860 0.13686
v -0.14894 0.43976 0.14000
v -0.14714 0.44073 0.14277
v -0.14380 0.44094 0.14356
v -0.14363 0.41951 0.15124
v -0.14069 0.41902 0.14951
v -0.13988 0.41794 0.14635
v -0.14167 0.41689 0.14360
v -0.14502 0.41650 0.14288
v -0.14796 0.41699 0.14461
v -0.14877 0.41807 0.14777
v -0.14697 0.41912 0.15052
v -0.14363 0.41951 0.15124
v -0.14191 0.39804 0.15868
v -0.13899 0.39778 0.15687
v -0.13819 0.39680 0.15367
v -0.13997 0.39566 0.15095
v -0.14330 0.39504 0.15031
v -0.14622 0.39530 0.15212
v -0.14702 0.39628 0.15532
v -0.14524 0.39742 0.15804
v -0.14191 0.39804 0.15868
v -0.13833 0.37677 0.16574
v -0.13545 0.37676 0.16385
v -0.13467 0.37586 0.16061
v -0.13643 0.37460 0.15794
v -0.13971 0.37371 0.15739
v -0.14259 0.37371 0.15928
v -0.14337 0.37461 0.16251
v -0.14161 0.37588 0.16519
v -0.13833 0.37677 0.16574
v -0.13298 0.35590 0.17281
v -0.13014 0.35607 0.17086
v -0.12936 0.35518 0.16763
v -0.13108 0.35376 0.16500
v -0.13431 0.35265 0.16453
v -0.13714 0.35248 0.16648
v -0.13792 0.35337 0.16971
v -0.13620 0.35479 0.17234
v -0.13298 0.35590 0.17281
v -0.12620 0.33544 0.17997
v -0.12342 0.33575 0.17797
v -0.12264 0.33489 0.17472
v -0.12433 0.33336 0.17214
v -0.12750 0.33206 0.17173
v -0.13028 0.33175 0.17373
v -0.13106 0.33261 0.17698
v -0.12937 0.33414 0.17956
v -0.12620 0.33544 0.17997
v -0.11825 0.31535 0.18706
v -0.11552 0.31579 0.18501
v -0.11476 0.31497 0.18175
v -0.11641 0.31336 0.17919
v -0.11952 0.31191 0.17884
v -0.12225 0.31147 0.18089
v -0.12301 0.31229 0.18414
v -0.12135 0.31390 0.18670
v -0.11825 0.31535 0.18706
v -0.10927 0.29559 0.19395
v -0.10659 0.29616 0.19185
v -0.10585 0.29539 0.18858
v -0.10749 0.29373 0.18604
v -0.11053 0.29215 0.18573
v -0.11321 0.29158 0.18782
v -0.11394 0.29235 0.19110
v -0.11231 0.29402 0.19363
v -0.10927 0.29559 0.19395
v -0.09936 0.27615 0.20052
v -0.09675 0.27684 0.19839
v -0.09604 0.27613 0.19509
v -0.09765 0.27443 0.19257
v -0.10064 0.27274 0.19229
v -0.10325 0.27204 0.19443
v -0.10396 0.27276 0.19772
v -0.10235 0.27445 0.20025
v -0.09936 0.27615 0.20052
v -0.08860 0.25698 0.20666
v -0.08606 0.25780 0.20449
v -0.08539 0.25716 0.20117
v -0.08700 0.25544 0.19865
v -0.08993 0.25365 0.19841
v -0.09247 0.25283 0.20058
v -0.09313 0.25346 0.20390
v -0.09153 0.25518 0.20642
v -0.08860 0.25698 0.20666
v -0.07703 0.23807 0.21222
v -0.07457 0.23902 0.21001
v -0.07396 0.23848 0.20666
v -0.07556 0.23676 0.20415
v -0.07843 0.23487 0.20393
v -0.08089 0.23392 0.20615
v -0.08150 0.23446 0.20949
v -0.07990 0.23618 0.21201
v -0.07703 0.23807 0.21222
v -0.06466 0.21942 0.21704
v -0.06230 0.22052 0.21479
v -0.06176 0.22009 0.21141
v -0.06337 0.21838 0.20889
v -0.06618 0.21640 0.20870
v -0.06855 0.21530 0.21095
v -0.06908 0.21574 0.21433
v -0.06747 0.21744 0.21685
v -0.06466 0.21942 0.21704
v -0.05150 0.20105 0.22089
v -0.04925 0.20231 0.21860
v -0.04882 0.20202 0.21519
v -0.05045 0.20035 0.21267
v -0.05320 0.19828 0.21249
v -0.05544 0.19702 0.21478
v -0.05588 0.19731 0.21819
v -0.05424 0.19898 0.22071
v -0.05150 0.20105 0.22089
v -0.03753 0.18300 0.22346
v -0.03543 0.18446 0.22115
v -0.03514 0.18435 0.21772
v -0.03682 0.18273 0.21518
v -0.03949 0.18057 0.21502
v -0.04159 0.17911 0.21734
v -0.04188 0.17922 0.22077
v -0.04020 0.18084 0.22330
v -0.03753 0.18300 0.22346
v -0.02269 0.16534 0.22435
v -0.02079 0.16703 0.22202
v -0.02069 0.16715 0.21858
v -0.02245 0.16563 0.21604
v -0.02503 0.16336 0.21589
v -0.02693 0.16167 0.21821
v -0.02703 0.16155 0.22165
v -0.02527 0.16307 0.22419
v -0.02269 0.16534 0.22435
v -0.00693 0.14883 0.22338
v -0.00529 0.15079 0.22107
v -0.00534 0.15107 0.21764
v -0.00706 0.14950 0.21509
v -0.00943 0.14701 0.21493
v -0.01106 0.14505 0.21724
v -0.01101 0.14477 0.22067
v -0.00930 0.14634 0.22322
v -0.00693 0.14883 0.22338
v 0.01027 0.13396 0.22136
v 0.01167 0.13613 0.21908
v 0.01149 0.13651 0.21566
v 0.00984 0.13489 0.21311
v 0.00768 0.13222 0.21292
v 0.00627 0.13006 0.21521
v 0.00645 0.12967 0.21862
v 0.00811 0.13129 0.22117
v 0.01027 0.13396 0.22136
v 0.02843 0.12038 0.21832
v 0.02963 0.12270 0.21607
v 0.02931 0.12319 0.21268
v 0.02767 0.12156 0.21013
v 0.02567 0.11877 0.20991
v 0.02447 0.11645 0.21216
v 0.02478 0.11596 0.21555
v 0.02642 0.11759 0.21811
v 0.02843 0.12038 0.21832
v 0.04716 0.10783 0.21419
v 0.04818 0.11027 0.21199
v 0.04771 0.11085 0.20862
v 0.04605 0.10924 0.20608
v 0.04415 0.10638 0.20584
v 0.04314 0.10394 0.20805
v 0.04360 0.10335 0.21141
v 0.04526 0.10496 0.21395
v 0.04716 0.10783 0.21419
v 0.06616 0.09606 0.20885
v 0.06701 0.09860 0.20669
v 0.06638 0.09929 0.20338
v 0.06464 0.09773 0.20085
v 0.06281 0.09482 0.20059
v 0.06197 0.09227 0.20275
v 0.06260 0.09158 0.20607
v 0.06434 0.09315 0.20859
v 0.06616 0.09606 0.20885
v 0.08516 0.08489 0.20210
v 0.08584 0.08753 0.19999
v 0.08501 0.08834 0.19675
v 0.08315 0.08685 0.19427
v 0.08135 0.08392 0.19400
v 0.08067 0.08128 0.19610
v 0.08150 0.08047 0.19934
v 0.08336 0.08197 0.20183
v 0.08516 0.08489 0.20210
v 0.10382 0.07416 0.19360
v 0.10434 0.07690 0.19157
v 0.10327 0.07785 0.18844
v 0.10122 0.07646 0.18604
v 0.09941 0.07354 0.18578
v 0.09889 0.07081 0.18780
v 0.09996 0.06986 0.19093
v 0.10201 0.07124 0.19333
v 0.10382 0.07416 0.19360
v 0.12167 0.06372 0.18286
v 0.12203 0.06656 0.18094
v 0.12064 0.06769 0.17799
v 0.11833 0.06645 0.17576
v 0.11645 0.06358 0.17554
v 0.11610 0.06074 0.17746
v 0.11748 0.05961 0.18040
v 0.11979 0.06085 0.18264
v 0.12167 0.06372 0.18286
v 0.13785 0.05348 0.16921
v 0.13803 0.05643 0.16743
v 0.13626 0.05781 0.16482
v 0.13359 0.05681 0.16289
v 0.13157 0.05401 0.16278
v 0.13140 0.05107 0.16456
v 0.13317 0.04969 0.16717
v 0.13584 0.05069 0.16910
v 0.13785 0.05348 0.16921
v 0.15109 0.04402 0.15218
v 0.15102 0.04713 0.15072
v 0.14887 0.04877 0.14858
v 0.14591 0.04797 0.14702
v 0.14386 0.04520 0.14695
v 0.14394 0.04209 0.14841
v 0.14608 0.04045 0.15055
v 0.14905 0.04125 0.15211
v 0.15109 0.04402 0.15218
v 0.16194 0.03669 0.13289
v 0.16170 0.03992 0.13173
v 0.15933 0.04171 0.12999
v 0.15622 0.04101 0.12869
v 0.15419 0.03823 0.12858
v 0.15444 0.03499 0.12974
v 0.15681 0.03320 0.13149
v 0.15992 0.03391 0.13279
v 0.16194 0.03669 0.13289
v 0.17090 0.03091 0.11229
v 0.17056 0.03421 0.11135
v 0.16805 0.03609 0.10992
v 0.16484 0.03545 0.10885
v 0.16281 0.03267 0.10875
v 0.16315 0.02937 0.10969
v 0.16566 0.02749 0.11112
v 0.16887 0.02813 0.11219
v 0.17090 0.03091 0.11229
v 0.17816 0.02621 0.09082
v 0.17776 0.02954 0.09005
v 0.17516 0.03148 0.08890
v 0.17187 0.03090 0.08805
v 0.16983 0.02812 0.08799
v 0.17023 0.02479 0.08876
v 0.17283 0.02285 0.08990
v 0.17612 0.02344 0.09076
v 0.17816 0.02621 0.09082
v 0.18375 0.02228 0.06870
v 0.18332 0.02564 0.06807
v 0.18065 0.02763 0.06718
v 0.17730 0.02708 0.06657
v 0.17524 0.02432 0.06658
v 0.17568 0.02096 0.06721
v 0.17834 0.01897 0.06810
v 0.18169 0.01952 0.06872
v 0.18375 0.02228 0.06870
v 0.18755 0.01891 0.04611
v 0.18710 0.02229 0.04559
v 0.18439 0.02432 0.04497
v 0.18100 0.02381 0.04462
v 0.17892 0.02106 0.04474
v 0.17937 0.01769 0.04526
v 0.18209 0.01566 0.04588
v 0.18548 0.01617 0.04623
v 0.18755 0.01891 0.04611
v 0.18928 0.01594 0.02316
v 0.18882 0.01932 0.02273
v 0.18608 0.02139 0.02241
v 0.18267 0.02093 0.02239
v 0.18058 0.01820 0.02268
v 0.18104 0.01482 0.02311
v 0.18377 0.01275 0.02342
v 0.18719 0.01321 0.02344
v 0.18928 0.01594 0.02316
v 0.18833 0.01319 -0.00001
v 0.18787 0.01658 -0.00035
v 0.18515 0.01870 -0.00029
v 0.18176 0.01829 0.00014
v 0.17968 0.01560 0.00068
v 0.18014 0.01220 0.00103
v 0.18286 0.01009 0.00097
v 0.18625 0.01050 0.00054
v 0.18833 0.01319 -0.00001
v 0.18361 0.01049 -0.02292
v 0.18317 0.01390 -0.02318
v 0.18056 0.01607 -0.02260
v 0.17731 0.01574 -0.02153
v 0.17531 0.01309 -0.02059
v 0.17575 0.00968 -0.02034
v 0.17836 0.00751 -0.02092
v 0.18161 0.00785 -0.02199
v 0.18361 0.01049 -0.02292
v 0.17456 0.00866 -0.04457
v 0.17422 0.01208 -0.04459
v 0.17182 0.01430 -0.04350
v 0.16877 0.01401 -0.04193
v 0.16686 0.01138 -0.04080
v 0.16720 0.00795 -0.04077
v 0.16959 0.00573 -0.04186
v 0.17264 0.00603 -0.04344
v 0.17456 0.00866 -0.04457
v 0.16280 0.00786 -0.06466
v 0.16253 0.01130 -0.06456
v 0.16032 0.01353 -0.06316
v 0.15745 0.01325 -0.06127
v 0.15561 0.01062 -0.06000
v 0.15588 0.00719 -0.06010
v 0.15810 0.00496 -0.06151
v 0.16096 0.00524 -0.06340
v 0.16280 0.00786 -0.06466
v 0.14924 0.00770 -0.08344
v 0.14903 0.01113 -0.08326
v 0.14697 0.01336 -0.08164
v 0.14427 0.01309 -0.07951
v 0.14252 0.01047 -0.07814
v 0.14273 0.00703 -0.07832
v 0.14478 0.00480 -0.07994
v 0.14748 0.00508 -0.08207
v 0.14924 0.00770 -0.08344
v 0.13425 0.00794 -0.10104
v 0.13408 0.01137 -0.10081
v 0.13218 0.01360 -0.09901
v 0.12965 0.01332 -0.09669
v 0.12797 0.01070 -0.09522
v 0.12814 0.00727 -0.09545
v 0.13005 0.00504 -0.09725
v 0.13258 0.00532 -0.09957
v 0.13425 0.00794 -0.10104
v 0.11800 0.00844 -0.11747
v 0.11787 0.01187 -0.11720
v 0.11611 0.01410 -0.11524
v 0.11376 0.01382 -0.11274
v 0.11219 0.01119 -0.11116
v 0.11232 0.00776 -0.11143
v 0.11408 0.00553 -0.11339
v 0.11643 0.00582 -0.11589
v 0.11800 0.00844 -0.11747
v 0.10049 0.00910 -0.13259
v 0.10039 0.01253 -0.13229
v 0.09881 0.01475 -0.13019
v 0.09667 0.01446 -0.12750
v 0.09523 0.01183 -0.12581
v 0.09533 0.00840 -0.12611
v 0.09691 0.00618 -0.12821
v 0.09905 0.00647 -0.13090
v 0.10049 0.00910 -0.13259
v 0.08165 0.00981 -0.14609
v 0.08157 0.01324 -0.14578
v 0.08021 0.01545 -0.14352
v 0.07835 0.01514 -0.14063
v 0.07710 0.01251 -0.13881
v 0.07717 0.00908 -0.13912
v 0.07854 0.00687 -0.14138
v 0.08039 0.00717 -0.14426
v 0.08165 0.00981 -0.14609
v 0.06118 0.01042 -0.15731
v 0.06111 0.01385 -0.15699
v 0.06006 0.01605 -0.15456
v 0.05865 0.01573 -0.15143
v 0.05769 0.01309 -0.14945
v 0.05775 0.00966 -0.14977
v 0.05880 0.00746 -0.15220
v 0.06022 0.00777 -0.15532
v 0.06118 0.01042 -0.15731
v 0.03865 0.01068 -0.16466
v 0.03859 0.01411 -0.16434
v 0.03810 0.01630 -0.16173
v 0.03747 0.01598 -0.15836
v 0.03707 0.01332 -0.15620
v 0.03713 0.00989 -0.15652
v 0.03762 0.00770 -0.15913
v 0.03825 0.00802 -0.16250
v 0.03865 0.01068 -0.16466
v 0.01498 0.01068 -0.16617
v 0.01500 0.01411 -0.16584
v 0.01510 0.01630 -0.16319
v 0.01524 0.01598 -0.15976
v 0.01533 0.01332 -0.15757
v 0.01532 0.00989 -0.15789
v 0.01521 0.00770 -0.16055
v 0.01507 0.00802 -0.16397
v 0.01498 0.01068 -0.16617
v -0.00824 0.01068 -0.16339
v -0.00818 0.01411 -0.16307
v -0.00768 0.01630 -0.16047
v -0.00704 0.01598 -0.15710
v -0.00662 0.01332 -0.15494
v -0.00668 0.00989 -0.15526
v -0.00718 0.00770 -0.15787
v -0.00783 0.00802 -0.16123
v -0.00824 0.01068 -0.16339
v -0.03078 0.01068 -0.15772
v -0.03068 0.01411 -0.15741
v -0.02990 0.01630 -0.15487
v -0.02889 0.01598 -0.15160
v -0.02824 0.01332 -0.14950
v -0.02833 0.00989 -0.14981
v -0.02912 0.00770 -0.15235
v -0.03013 0.00802 -0.15562
v -0.03078 0.01068 -0.15772
v -0.05257 0.01068 -0.14980
v -0.05244 0.01411 -0.14950
v -0.05142 0.01630 -0.14705
v -0.05010 0.01598 -0.14389
v -0.04925 0.01332 -0.14186
v -0.04938 0.00989 -0.14216
v -0.05040 0.00770 -0.14461
v -0.05172 0.00802 -0.14777
v -0.05257 0.01068 -0.14980
v -0.07351 0.01068 -0.13989
v -0.07336 0.01411 -0.13961
v -0.07212 0.01630 -0.13726
v -0.07051 0.01598 -0.13424
v -0.06948 0.01332 -0.13230
v -0.06963 0.00989 -0.13258
v -0.07088 0.00770 -0.13493
v -0.07248 0.00802 -0.13796
v -0.07351 0.01068 -0.13989
v -0.09345 0.01068 -0.12802
v -0.09327 0.01411 -0.12775
v -0.09180 0.01630 -0.12554
v -0.08989 0.01598 -0.12269
v -0.08867 0.01332 -0.12087
v -0.08885 0.00989 -0.12113
v -0.09033 0.00770 -0.12334
v -0.09223 0.00802 -0.12619
v -0.09345 0.01068 -0.12802
v -0.11201 0.01068 -0.11388
v -0.11180 0.01411 -0.11364
v -0.11005 0.01630 -0.11164
v -0.10779 0.01598 -0.10906
v -0.10634 0.01332 -0.10741
v -0.10656 0.00989 -0.10766
v -0.10831 0.00770 -0.10965
v -0.11057 0.00802 -0.11223
v -0.11201 0.01068 -0.11388
v -0.12821 0.01068 -0.09663
v -0.12795 0.01411 -0.09644
v -0.12580 0.01630 -0.09489
v -0.12302 0.01598 -0.09288
v -0.12124 0.01332 -0.09159
v -0.12150 0.00989 -0.09178
v -0.12366 0.00770 -0.09334
v -0.12643 0.00802 -0.09535
v -0.12821 0.01068 -0.09663
v -0.13953 0.01068 -0.07574
v -0.13923 0.01411 -0.07562
v -0.13677 0.01630 -0.07463
v -0.13359 0.01598 -0.07334
v -0.13156 0.01332 -0.07252
v -0.13186 0.00989 -0.07264
v -0.13432 0.00770 -0.07363
v -0.13750 0.00802 -0.07492
v -0.13953 0.01068 -0.07574
v -0.14653 0.01068 -0.05343
v -0.14621 0.01411 -0.05336
v -0.14363 0.01630 -0.05274
v -0.14030 0.01598 -0.05193
v -0.13816 0.01332 -0.05142
v -0.13848 0.00989 -0.05149
v -0.14106 0.00770 -0.05212
v -0.14439 0.00802 -0.05292
v -0.14653 0.01068 -0.05343
v -0.15093 0.01068 -0.03073
v -0.15061 0.01411 -0.03068
v -0.14799 0.01630 -0.03027
v -0.14460 0.01598 -0.02974
v -0.14243 0.01332 -0.02940
v -0.14275 0.00989 -0.02945
v -0.14537 0.00770 -0.02986
v -0.14876 0.00802 -0.03039
v -0.15093 0.01068 -0.03073
v -0.15400 0.01068 -0.00801
v -0.15368 0.01411 -0.00797
v -0.15105 0.01630 -0.00766
v -0.14764 0.01598 -0.00725
v -0.14546 0.01332 -0.00698
v -0.14579 0.00989 -0.00702
v -0.14842 0.00770 -0.00734
v -0.15182 0.00802 -0.00775
v -0.15400 0.01068 -0.00801
v -0.15668 0.01068 0.01460
v -0.15636 0.01411 0.01464
v -0.15372 0.01630 0.01496
v -0.15032 0.01598 0.01538
v -0.14814 0.01332 0.01564
v -0.14846 0.00989 0.01560
v -0.15110 0.00770 0.01528
v -0.15450 0.00802 0.01487
v -0.15668 0.01068 0.01460
v -0.15977 0.01068 0.03700
v -0.15945 0.01411 0.03705
v -0.15683 0.01630 0.03748
v -0.15345 0.01598 0.03802
v -0.15128 0.01332 0.03837
v -0.15160 0.00989 0.03832
v -0.15422 0.00770 0.03790
v -0.15761 0.00802 0.03735
v -0.15977 0.01068 0.03700
v -0.16417 0.01068 0.05896
v -0.16386 0.01411 0.05904
v -0.16128 0.01630 0.05968
v -0.15796 0.01598 0.06051
v -0.15583 0.01332 0.06104
v -0.15614 0.00989 0.06096
v -0.15872 0.00770 0.06032
v -0.16204 0.00802 0.05949
v -0.16417 0.01068 0.05896
vt 0.00000 1.00000
vt 0.00000 0.87500
vt 0.00000 0.75000
vt 0.00000 0.62500
vt 0.00000 0.50000
vt 0.00000 0.37500
vt 0.00000 0.25000
vt 0.00000 0.12500
vt 0.00000 0.00000
vt 0.01389 1.00000
vt 0.01389 0.87500
vt 0.01389 0.75000
vt 0.01389 0.62500
vt 0.01389 0.50000
vt 0.01389 0.37500
vt 0.01389 0.25000
vt 0.01389 0.12500
vt 0.01389 0.00000
vt 0.02778 1.00000
vt 0.02778 0.87500
vt 0.02778 0.75000
vt 0.02778 0.62500
vt 0.02778 0.50000
vt 0.02778 0.37500
vt 0.02778 0.25000
vt 0.02778 0.12500
vt 0.02778 0.00000
vt 0.04167 1.00000
vt 0.04167 0.87500
vt 0.04167 0.75000
vt 0.04167 0.62500
vt 0.04167 0.50000
vt 0.04167 0.37500
vt 0.04167 0.25000
vt 0.04167 0.12500
vt 0.04167 0.00000
vt 0.05556 1.00000
vt 0.05556 0.87500
vt 0.05556 0.75000
vt 0.05556 0.62500
vt 0.05556 0.50000
vt 0.05556 0.37500
vt 0.05556 0.25000
vt 0.05556 0.12500
vt 0.05556 0.00000
vt 0.06944 1.00000
vt 0.06944 0.87500
vt 0.06944 0.75000
vt 0.06944 0.62500
vt 0.06944 0.50000
vt 0.06944 0.37500
vt 0.06944 0.25000
vt 0.06944 0.12500
vt 0.06944 0.00000
vt 0.08333 1.00000
vt 0.08333 0.87500
vt 0.08333 0.75000
vt 0.08333 0.62500
vt 0.08333 0.50000
vt 0.08333 0.37500
vt 0.08333 0.25000
vt 0.08333 0.12500
vt 0.08333 0.00000
vt 0.09722 1.00000
vt 0.09722 0.87500
vt 0.09722 0.75000
vt 0.09722 0.62500
vt 0.09722 0.50000
vt 0.09722 0.37500
vt 0.09722 0.25000
vt 0.09722 0.12500
vt 0.09722 0.00000
vt 0.11111 1.00000
vt 0.11111 0.87500
vt 0.11111 0.75000
vt 0.11111 0.62500
vt 0.11111 0.50000
vt 0.11111 0.37500
vt 0.11111 0.25000
vt 0.11111 0.12500
vt 0.11111 0.00000
vt 0.12500 1.00000
vt 0.12500 0.87500
vt 0.12500 0.75000
vt 0.12500 0.62500
vt 0.12500 0.50000
vt 0.12500 0.37500
vt 0.12500 0.25000
vt 0.12500 0.12500
vt 0.12500 0.00000
vt 0.13889 1.00000
vt 0.13889 0.87500
vt 0.13889 0.75000
vt 0.13889 0.62500
vt 0.13889 0.50000
vt 0.13889 0.37500
vt 0.13889 0.25000
vt 0.13889 0.12500
vt 0.13889 0.00000
vt 0.15278 1.00000
vt 0.15278 0.87500
vt 0.15278 0.75000
vt 0.15278 0.62500
vt 0.15278 0.50000
vt 0.15278 0.37500
vt 0.15278 0.25000
vt 0.15278 0.12500
vt 0.15278 0.00000
vt 0.16667 1.00000
vt 0.16667 0.87500
vt 0.16667 0.75000
vt 0.16667 0.62500
vt 0.16667 0.50000
vt 0.16667 0.37500
vt 0.16667 0.25000
vt 0.16667 0.12500
vt 0.16667 0.00000
vt 0.18056 1.00000
vt 0.18056 0.87500
vt 0.18056 0.75000
vt 0.18056 0.62500
vt 0.18056 0.50000
vt 0.18056 0.37500
vt 0.18056 0.25000
vt 0.18056 0.12500
vt 0.18056 0.00000
vt 0.19444 1.00000
vt 0.19444 0.87500
vt 0.19444 0.75000
vt 0.19444 0.62500
vt 0.19444 0.50000
vt 0.19444 0.37500
vt 0.19444 0.25000
vt 0.19444 0.12500
vt 0.19444 0.00000
vt 0.20833 1.00000
vt 0.20833 0.87500
vt 0.20833 0.75000
vt 0.20833 0.62500
vt 0.20833 0.50000
vt 0.20833 0.37500
vt 0.20833 0.25000
vt 0.20833 0.12500
vt 0.20833 0.00000
vt 0.22222 1.00000
vt 0.22222 0.87500
vt 0.22222 0.75000
vt 0.22222 0.62500
vt 0.22222 0.50000
vt 0.22222 0.37500
vt 0.22222 0.25000
vt 0.22222 0.12500
vt 0.22222 0.00000
vt 0.23611 1.00000
vt 0.23611 0.87500
vt 0.23611 0.75000
vt 0.23611 0.62500
vt 0.23611 0.50000
vt 0.23611 0.37500
vt 0.23611 0.25000
vt 0.23611 0.12500
vt 0.23611 0.00000
vt 0.25000 1.00000
vt 0.25000 0.87500
vt 0.25000 0.75000
vt 0.25000 0.62500
vt 0.25000 0.50000
vt 0.25000 0.37500
vt 0.25000 0.25000
vt 0.25000 0.12500
vt 0.25000 0.00000
vt 0.26389 1.00000
vt 0.26389 0.87500
vt 0.26389 0.75000
vt 0.26389 0.62500
vt 0.26389 0.50000
vt 0.26389 0.37500
vt 0.26389 0.25000
vt 0.26389 0.12500
vt 0.26389 0.00000
vt 0.27778 1.00000
vt 0.27778 0.87500
vt 0.27778 0.75000
vt 0.27778 0.62500
vt 0.27778 0.50000
vt 0.27778 0.37500
vt 0.27778 0.25000
vt 0.27778 0.12500
vt 0.27778 0.00000
vt 0.29167 1.00000
vt 0.29167 0.87500
vt 0.29167 0.75000
vt 0.29167 0.62500
vt 0.29167 0.50000
vt 0.29167 0.37500
vt 0.29167 0.25000
vt 0.29167 0.12500
vt 0.29167 0.00000
vt 0.30556 1.00000
vt 0.30556 0.87500
vt 0.30556 0.75000
vt 0.30556 0.62500
vt 0.30556 0.50000
vt 0.30556 0.37500
vt 0.30556 0.25000
vt 0.30556 0.12500
vt 0.30556 0.00000
vt 0.31944 1.00000
vt 0.31944 0.87500
vt 0.31944 0.75000
vt 0.31944 0.62500
vt 0.31944 0.50000
vt 0.31944 0.37500
vt 0.31944 0.25000
vt 0.31944 0.12500
vt 0.31944 0.00000
vt 0.33333 1.00000
vt 0.33333 0.87500
vt 0.33333 0.75000
vt 0.33333 0.62500
vt 0.33333 0.50000
vt 0.33333 0.37500
vt 0.33333 0.25000
vt 0.33333 0.12500
vt 0.33333 0.00000
vt 0.34722 1.00000
vt 0.34722 0.87500
vt 0.34722 0.75000
vt 0.34722 0.62500
vt 0.34722 0.50000
vt 0.34722 0.37500
vt 0.34722 0.25000
vt 0.34722 0.12500
vt 0.34722 0.00000
vt 0.36111 1.00000
vt 0.36111 0.87500
vt 0.36111 0.75000
vt 0.36111 0.62500
vt 0.36111 0.50000
vt 0.36111 0.37500
vt 0.36111 0.25000
vt 0.36111 0.12500
vt 0.36111 0.00000
vt 0.37500 1.00000
vt 0.37500 0.87500
vt 0.37500 0.75000
vt 0.37500 0.62500
vt 0.37500 0.50000
vt 0.37500 0.37500
vt 0.37500 0.25000
vt 0.37500 0.12500
vt 0.37500 0.00000
vt 0.38889 1.00000
vt 0.38889 0.87500
vt 0.38889 0.75000
vt 0.38889 0.62500
vt 0.38889 0.50000
vt 0.38889 0.37500
vt 0.38889 0.25000
vt 0.38889 0.12500
vt 0.38889 0.00000
vt 0.40278 1.00000
vt 0.40278 0.87500
vt 0.40278 0.75000
vt 0.40278 0.62500
vt 0.40278 0.50000
vt 0.40278 0.37500
vt 0.40278 0.25000
vt 0.40278 0.12500
vt 0.40278 0.00000
vt 0.41667 1.00000
vt 0.41667 0.87500
vt 0.41667 0.75000
vt 0.41667 0.62500
vt 0.41667 0.50000
vt 0.41667 0.37500
vt 0.41667 0.25000
vt 0.41667 0.12500
vt 0.41667 0.00000
vt 0.43056 1.00000
vt 0.43056 0.87500
vt 0.43056 0.75000
vt 0.43056 0.62500
vt 0.43056 0.50000
vt 0.43056 0.37500
vt 0.43056 0.25000
vt 0.43056 0.12500
vt 0.43056 0.00000
vt 0.44444 1.00000
vt 0.44444 0.87500
vt 0.44444 0.75000
vt 0.44444 0.62500
vt 0.44444 0.50000
vt 0.44444 0.37500
vt 0.44444 0.25000
vt 0.44444 0.12500
vt 0.44444 0.00000
vt 0.45833 1.00000
vt 0.45833 0.87500
vt 0.45833 0.75000
vt 0.45833 0.62500
vt 0.45833 0.50000
vt 0.45833 0.37500
vt 0.45833 0.25000
vt 0.45833 0.12500
vt 0.45833 0.00000
vt 0.47222 1.00000
vt 0.47222 0.87500
vt 0.47222 0.75000
vt 0.47222 0.62500
vt 0.47222 0.50000
vt 0.47222 0.37500
vt 0.47222 0.25000
vt 0.47222 0.12500
vt 0.47222 0.00000
vt 0.48611 1.00000
vt 0.48611 0.87500
vt 0.48611 0.75000
vt 0.48611 0.62500
vt 0.48611 0.50000
vt 0.48611 0.37500
vt 0.48611 0.25000
vt 0.48611 0.12500
vt 0.48611 0.00000
vt 0.50000 1.00000
vt 0.50000 0.87500
vt 0.50000 0.75000
vt 0.50000 0.62500
vt 0.50000 0.50000
vt 0.50000 0.37500
vt 0.50000 0.25000
vt 0.50000 0.12500
vt 0.50000 0.00000
vt 0.51389 1.00000
vt 0.51389 0.87500
vt 0.51389 0.75000
vt 0.51389 0.62500
vt 0.51389 0.50000
vt 0.51389 0.37500
vt 0.51389 0.25000
vt 0.51389 0.12500
vt 0.51389 0.00000
vt 0.52778 1.00000
vt 0.52778 0.87500
vt 0.52778 0.75000
vt 0.52778 0.62500
vt 0.52778 0.50000
vt 0.52778 0.37500
vt 0.52778 0.25000
vt 0.52778 0.12500
vt 0.52778 0.00000
vt 0.54167 1.00000
vt 0.54167 0.87500
vt 0.54167 0.75000
vt 0.54167 0.62500
vt 0.54167 0.50000
vt 0.54167 0.37500
vt 0.54167 0.25000
vt 0.54167 0.12500
vt 0.54167 0.00000
vt 0.55556 1.00000
vt 0.55556 0.87500
vt 0.55556 0.75000
vt 0.55556 0.62500
vt 0.55556 0.50000
vt 0.55556 0.37500
vt 0.55556 0.25000
vt 0.55556 0.12500
vt 0.55556 0.00000
vt 0.56944 1.00000
vt 0.56944 0.87500
vt 0.56944 0.75000
vt 0.56944 0.62500
vt 0.56944 0.50000
vt 0.56944 0.37500
vt 0.56944 0.25000
vt 0.56944 0.12500
vt 0.56944 0.00000
vt 0.58333 1.00000
vt 0.58333 0.87500
vt 0.58333 0.75000
vt 0.58333 0.62500
vt 0.58333 0.50000
vt 0.58333 0.37500
vt 0.58333 0.25000
vt 0.58333 0.12500
vt 0.58333 0.00000
vt 0.59722 1.00000
vt 0.59722 0.87500
vt 0.59722 0.75000
vt 0.59722 0.62500
vt 0.59722 0.50000
vt 0.59722 0.37500
vt 0.59722 0.25000
vt 0.59722 0.12500
vt 0.59722 0.00000
vt 0.61111 1.00000
vt 0.61111 0.87500
vt 0.61111 0.75000
vt 0.61111 0.62500
vt 0.61111 0.50000
vt 0.61111 0.37500
vt 0.61111 0.25000
vt 0.61111 0.12500
vt 0.61111 0.00000
vt 0.62500 1.00000
vt 0.62500 0.87500
vt 0.62500 0.75000
vt 0.62500 0.62500
vt 0.62500 0.50000
vt 0.62500 0.37500
vt 0.62500 0.25000
vt 0.62500 0.12500
vt 0.62500 0.00000
vt 0.63889 1.00000
vt 0.63889 0.87500
vt 0.63889 0.75000
vt 0.63889 0.62500
vt 0.63889 0.50000
vt 0.63889 0.37500
vt 0.63889 0.25000
vt 0.63889 0.12500
vt 0.63889 0.00000
vt 0.65278 1.00000
vt 0.65278 0.87500
vt 0.65278 0.75000
vt 0.65278 0.62500
vt 0.65278 0.50000
vt 0.65278 0.37500
vt 0.65278 0.25000
vt 0.65278 0.12500
vt 0.65278 0.00000
vt 0.66667 1.00000
vt 0.66667 0.87500
vt 0.66667 0.75000
vt 0.66667 0.62500
vt 0.66667 0.50000
vt 0.66667 0.37500
vt 0.66667 0.25000
vt 0.66667 0.12500
vt 0.66667 0.00000
vt 0.68056 1.00000
vt 0.68056 0.87500
vt 0.68056 0.75000
vt 0.68056 0.62500
vt 0.68056 0.50000
vt 0.68056 0.37500
vt 0.68056 0.25000
vt 0.68056 0.12500
vt 0.68056 0.00000
vt 0.69444 1.00000
vt 0.69444 0.87500
vt 0.69444 0.75000
vt 0.69444 0.62500
vt 0.69444 0.50000
vt 0.69444 0.37500
vt 0.69444 0.25000
vt 0.69444 0.12500
vt 0.69444 0.00000
vt 0.70833 1.00000
vt 0.70833 0.87500
vt 0.70833 0.75000
vt 0.70833 0.62500
vt 0.70833 0.50000
vt 0.70833 0.37500
vt 0.70833 0.25000
vt 0.70833 0.12500
vt 0.70833 0.00000
vt 0.72222 1.00000
vt 0.72222 0.87500
vt 0.72222 0.75000
vt 0.72222 0.62500
vt 0.72222 0.50000
vt 0.72222 0.37500
vt 0.72222 0.25000
vt 0.72222 0.12500
vt 0.72222 0.00000
vt 0.73611 1.00000
vt 0.73611 0.87500
vt 0.73611 0.75000
vt 0.73611 0.62500
vt 0.73611 0.50000
vt 0.73611 0.37500
vt 0.73611 0.25000
vt 0.73611 0.12500
vt 0.73611 0.00000
vt 0.75000 1.00000
vt 0.75000 0.87500
vt 0.75000 0.75000
vt 0.75000 0.62500
vt 0.75000 0.50000
vt 0.75000 0.37500
vt 0.75000 0.25000
vt 0.75000 0.12500
vt 0.75000 0.00000
vt 0.76389 1.00000
vt 0.76389 0.87500
vt 0.76389 0.75000
vt 0.76389 0.62500
vt 0.76389 0.50000
vt 0.76389 0.37500
vt 0.76389 0.25000
vt 0.76389 0.12500
vt 0.76389 0.00000
vt 0.77778 1.00000
vt 0.77778 0.87500
vt 0.77778 0.75000
vt 0.77778 0.62500
vt 0.77778 0.50000
vt 0.77778 0.37500
vt 0.77778 0.25000
vt 0.77778 0.12500
vt 0.77778 0.00000
vt 0.79167 1.00000
vt 0.79167 0.87500
vt 0.79167 0.75000
vt 0.79167 0.62500
vt 0.79167 0.50000
vt 0.79167 0.37500
vt 0.79167 0.25000
vt 0.79167 0.12500
vt 0.79167 0.00000
vt 0.80556 1.00000
vt 0.80556 0.87500
vt 0.80556 0.75000
vt 0.80556 0.62500
vt 0.80556 0.50000
vt 0.80556 0.37500
vt 0.80556 0.25000
vt 0.80556 0.12500
vt 0.80556 0.00000
vt 0.81944 1.00000
vt 0.81944 0.87500
vt 0.81944 0.75000
vt 0.81944 0.62500
vt 0.81944 0.50000
vt 0.81944 0.37500
vt 0.81944 0.25000
vt 0.81944 0.12500
vt 0.81944 0.00000
vt 0.83333 1.00000
vt 0.83333 0.87500
vt 0.83333 0.75000
vt 0.83333 0.62500
vt 0.83333 0.50000
vt 0.83333 0.37500
vt 0.83333 0.25000
vt 0.83333 0.12500
vt 0.83333 0.00000
vt 0.84722 1.00000
vt 0.84722 0.87500
vt 0.84722 0.75000
vt 0.84722 0.62500
vt 0.84722 0.50000
vt 0.84722 0.37500
vt 0.84722 0.25000
vt 0.84722 0.12500
vt 0.84722 0.00000
vt 0.86111 1.00000
vt 0.86111 0.87500
vt 0.86111 0.75000
vt 0.86111 0.62500
vt 0.86111 0.50000
vt 0.86111 0.37500
vt 0.86111 0.25000
vt 0.86111 0.12500
vt 0.86111 0.00000
vt 0.87500 1.00000
vt 0.87500 0.87500
vt 0.87500 0.75000
vt 0.87500 0.62500
vt 0.87500 0.50000
vt 0.87500 0.37500
vt 0.87500 0.25000
vt 0.87500 0.12500
vt 0.87500 0.00000
vt 0.88889 1.00000
vt 0.88889 0.87500
vt 0.88889 0.75000
vt 0.88889 0.62500
vt 0.88889 0.50000
vt 0.88889 0.37500
vt 0.88889 0.25000
vt 0.88889 0.12500
vt 0.88889 0.00000
vt 0.90278 1.00000
vt 0.90278 0.87500
vt 0.90278 0.75000
vt 0.90278 0.62500
vt 0.90278 0.50000
vt 0.90278 0.37500
vt 0.90278 0.25000
vt 0.90278 0.12500
vt 0.90278 0.00000
vt 0.91667 1.00000
vt 0.91667 0.87500
vt 0.91667 0.75000
vt 0.91667 0.62500
vt 0.91667 0.50000
vt 0.91667 0.37500
vt 0.91667 0.25000
vt 0.91667 0.12500
vt 0.91667 0.00000
vt 0.93056 1.00000
vt 0.93056 0.87500
vt 0.93056 0.75000
vt 0.93056 0.62500
vt 0.93056 0.50000
vt 0.93056 0.37500
vt 0.93056 0.25000
vt 0.93056 0.12500
vt 0.93056 0.00000
vt 0.94444 1.00000
vt 0.94444 0.87500
vt 0.94444 0.75000
vt 0.94444 0.62500
vt 0.94444 0.50000
vt 0.94444 0.37500
vt 0.94444 0.25000
vt 0.94444 0.12500
vt 0.94444 0.00000
vt 0.95833 1.00000
vt 0.95833 0.87500
vt 0.95833 0.75000
vt 0.95833 0.62500
vt 0.95833 0.50000
vt 0.95833 0.37500
vt 0.95833 0.25000
vt 0.95833 0.12500
vt 0.95833 0.00000
vt 0.97222 1.00000
vt 0.97222 0.87500
vt 0.97222 0.75000
vt 0.97222 0.62500
vt 0.97222 0.50000
vt 0.97222 0.37500
vt 0.97222 0.25000
vt 0.97222 0.12500
vt 0.97222 0.00000
vt 0.98611 1.00000
vt 0.98611 0.87500
vt 0.98611 0.75000
vt 0.98611 0.62500
vt 0.98611 0.50000
vt 0.98611 0.37500
vt 0.98611 0.25000
vt 0.98611 0.12500
vt 0.98611 0.00000
vt 1.00000 1.00000
vt 1.00000 0.87500
vt 1.00000 0.75000
vt 1.00000 0.62500
vt 1.00000 0.50000
vt 1.00000 0.37500
vt 1.00000 0.25000
vt 1.00000 0.12500
vt 1.00000 0.00000
f 5314/2002 5323/2011 5315/2003
f 5323/2011 5324/2012 5315/2003
f 5315/2003 5324/2012 5316/2004
f 5324/2012 5325/2013 5316/2004
f 5316/2004 5325/2013 5317/2005
f 5325/2013 5326/2014 5317/2005
f 5317/2005 5326/2014 5318/2006
f 5326/2014 5327/2015 5318/2006
f 5318/2006 5327/2015 5319/2007
f 5327/2015 5328/2016 5319/2007
f 5319/2007 5328/2016 5320/2008
f 5328/2016 5329/2017 5320/2008
f 5320/2008 5329/2017 5321/2009
f 5329/2017 5330/2018 5321/2009
f 5321/2009 5330/2018 5322/2010
f 5330/2018 5331/2019 5322/2010
f 5323/2011 5332/2020 5324/2012
f 5332/2020 5333/2021 5324/2012
f 5324/2012 5333/2021 5325/2013
f 5333/2021 5334/2022 5325/2013
f 5325/2013 5334/2022 5326/2014
f 5334/2022 5335/2023 5326/2014
f 5326/2014 5335/2023 5327/2015
f 5335/2023 5336/2024 5327/2015
f 5327/2015 5336/2024 5328/2016
f 5336/2024 5337/2025 5328/2016
f 5328/2016 5337/2025 5329/2017
f 5337/2025 5338/2026 5329/2017
f 5329/2017 5338/2026 5330/2018
f 5338/2026 5339/2027 5330/2018
f 5330/2018 5339/2027 5331/2019
f 5339/2027 5340/2028 5331/2019
f 5332/2020 5341/2029 5333/2021
f 5341/2029 5342/2030 5333/2021
f 5333/2021 5342/2030 5334/2022
f 5342/2030 5343/2031 5334/2022
f 5334/2022 5343/2031 5335/2023
f 5343/2031 5344/2032 5335/2023
f 5335/2023 5344/2032 5336/2024
f 5344/2032 5345/2033 5336/2024
f 5336/2024 5345/2033 5337/2025
f 5345/2033 5346/2034 5337/2025
f 5337/2025 5346/2034 5338/2026
f 5346/2034 5347/2035 5338/2026
f 5338/2026 5347/2035 5339/2027
f 5347/2035 5348/2036 5339/2027
f 5339/2027 5348/2036 5340/2028
f 5348/2036 5349/2037 5340/2028
f 5341/2029 5350/2038 5342/2030
f 5350/2038 5351/2039 5342/2030
f 5342/2030 5351/2039 5343/2031
f 5351/2039 5352/2040 5343/2031
f 5343/2031 5352/2040 5344/2032
f 5352/2040 5353/2041 5344/2032
f 5344/2032 5353/2041 5345/2033
f 5353/2041 5354/2042 5345/2033
f 5345/2033 5354/2042 5346/2034
f 5354/2042 5355/2043 5346/2034
f 5346/2034 5355/2043 5347/2035
f 5355/2043 5356/2044 5347/2035
f 5347/2035 5356/2044 5348/2036
f 5356/2044 5357/2045 5348/2036
f 5348/2036 5357/2045 5349/2037
f 5357/2045 5358/2046 5349/2037
f 5350/2038 5359/2047 5351/2039
f 5359/2047 5360/2048 5351/2039
f 5351/2039 5360/2048 5352/2040
f 5360/2048 5361/2049 5352/2040
f 5352/2040 5361/2049 5353/2041
f 5361/2049 5362/2050 5353/2041
f 5353/2041 5362/2050 5354/2042
f 5362/2050 5363/2051 5354/2042
f 5354/2042 5363/2051 5355/2043
f 5363/2051 5364/2052 5355/2043
f 5355/2043 5364/2052 5356/2044
f 5364/2052 5365/2053 5356/2044
f 5356/2044 5365/2053 5357/2045
f 5365/2053 5366/2054 5357/2045
f 5357/2045 5366/2054 5358/2046
f 5366/2054 5367/2055 5358/2046
f 5359/2047 5368/2056 5360/2048
f 5368/2056 5369/2057 5360/2048
f 5360/2048 5369/2057 5361/2049
f 5369/2057 5370/2058 5361/2049
f 5361/2049 5370/2058 5362/2050
f 5370/2058 5371/2059 5362/2050
f 5362/2050 5371/2059 5363/2051
f 5371/2059 5372/2060 5363/2051
f 5363/2051 5372/2060 5364/2052
f 5372/2060 5373/2061 5364/2052
f 5364/2052 5373/2061 5365/2053
f 5373/2061 5374/2062 5365/2053
f 5365/2053 5374/2062 5366/2054
f 5374/2062 5375/2063 5366/2054
f 5366/2054 5375/2063 5367/2055
f 5375/2063 5376/2064 5367/2055
f 5368/2056 5377/2065 5369/2057
f 5377/2065 5378/2066 5369/2057
f 5369/2057 5378/2066 5370/2058
f 5378/2066 5379/2067 5370/2058
f 5370/2058 5379/2067 5371/2059
f 5379/2067 5380/2068 5371/2059
f 5371/2059 5380/2068 5372/2060
f 5380/2068 5381/2069 5372/2060
f 5372/2060 5381/2069 5373/2061
f 5381/2069 5382/2070 5373/2061
f 5373/2061 5382/2070 5374/2062
f 5382/2070 5383/2071 5374/2062
f 5374/2062 5383/2071 5375/2063
f 5383/2071 5384/2072 5375/2063
f 5375/2063 5384/2072 5376/2064
f 5384/2072 5385/2073 5376/2064
f 5377/2065 5386/2074 5378/2066
f 5386/2074 5387/2075 5378/2066
f 5378/2066 5387/2075 5379/2067
f 5387/2075 5388/2076 5379/2067
f 5379/2067 5388/2076 5380/2068
f 5388/2076 5389/2077 5380/2068
f 5380/2068 5389/2077 5381/2069
f 5389/2077 5390/2078 5381/2069
f 5381/2069 5390/2078 5382/2070
f 5390/2078 5391/2079 5382/2070
f 5382/2070 5391/2079 5383/2071
f 5391/2079 5392/2080 5383/2071
f 5383/2071 5392/2080 5384/2072
f 5392/2080 5393/2081 5384/2072
f 5384/2072 5393/2081 5385/2073
f 5393/2081 5394/2082 5385/2073
f 5386/2074 5395/2083 5387/2075
f 5395/2083 5396/2084 5387/2075
f 5387/2075 5396/2084 5388/2076
f 5396/2084 5397/2085 5388/2076
f 5388/2076 5397/2085 5389/2077
f 5397/2085 5398/2086 5389/2077
f 5389/2077 5398/2086 5390/2078
f 5398/2086 5399/2087 5390/2078
f 5390/2078 5399/2087 5391/2079
f 5399/2087 5400/2088 5391/2079
f 5391/2079 5400/2088 5392/2080
f 5400/2088 5401/2089 5392/2080
f 5392/2080 5401/2089 5393/2081
f 5401/2089 5402/2090 5393/2081
f 5393/2081 5402/2090 5394/2082
f 5402/2090 5403/2091 5394/2082
f 5395/2083 5404/2092 5396/2084
f 5404/2092 5405/2093 5396/2084
f 5396/2084 5405/2093 5397/2085
f 5405/2093 5406/2094 5397/2085
f 5397/2085 5406/2094 5398/2086
f 5406/2094 5407/2095 5398/2086
f 5398/2086 5407/2095 5399/2087
f 5407/2095 5408/2096 5399/2087
f 5399/2087 5408/2096 5400/2088
f 5408/2096 5409/2097 5400/2088
f 5400/2088 5409/2097 5401/2089
f 5409/2097 5410/2098 5401/2089
f 5401/2089 5410/2098 5402/2090
f 5410/2098 5411/2099 5402/2090
f 5402/2090 5411/2099 5403/2091
f 5411/2099 5412/2100 5403/2091
f 5404/2092 5413/2101 5405/2093
f 5413/2101 5414/2102 5405/2093
f 5405/2093 5414/2102 5406/2094
f 5414/2102 5415/2103 5406/2094
f 5406/2094 5415/2103 5407/2095
f 5415/2103 5416/2104 5407/2095
f 5407/2095 5416/2104 5408/2096
f 5416/2104 5417/2105 5408/2096
f 5408/2096 5417/2105 5409/2097
f 5417/2105 5418/2106 5409/2097
f 5409/2097 5418/2106 5410/2098
f 5418/2106 5419/2107 5410/2098
f 5410/2098 5419/2107 5411/2099
f 5419/2107 5420/2108 5411/2099
f 5411/2099 5420/2108 5412/2100
f 5420/2108 5421/2109 5412/2100
f 5413/2101 5422/2110 5414/2102
f 5422/2110 5423/2111 5414/2102
f 5414/2102 5423/2111 5415/2103
f 5423/2111 5424/2112 5415/2103
f 5415/2103 5424/2112 5416/2104
f 5424/2112 5425/2113 5416/2104
f 5416/2104 5425/2113 5417/2105
f 5425/2113 5426/2114 5417/2105
f 5417/2105 5426/2114 5418/2106
f 5426/2114 5427/2115 5418/2106
f 5418/2106 5427/2115 5419/2107
f 5427/2115 5428/2116 5419/2107
f 5419/2107 5428/2116 5420/2108
f 5428/2116 5429/2117 5420/2108
f 5420/2108 5429/2117 5421/2109
f 5429/2117 5430/2118 5421/2109
f 5422/2110 5431/2119 5423/2111
f 5431/2119 5432/2120 5423/2111
f 5423/2111 5432/2120 5424/2112
f 5432/2120 5433/2121 5424/2112
f 5424/2112 5433/2121 5425/2113
f 5433/2121 5434/2122 5425/2113
f 5425/2113 5434/2122 5426/2114
f 5434/2122 5435/2123 5426/2114
f 5426/2114 5435/2123 5427/2115
f 5435/2123 5436/2124 5427/2115
f 5427/2115 5436/2124 5428/2116
f 5436/2124 5437/2125 5428/2116
f 5428/2116 5437/2125 5429/2117
f 5437/2125 5438/2126 5429/2117
f 5429/2117 5438/2126 5430/2118
f 5438/2126 5439/2127 5430/2118
f 5431/2119 5440/2128 5432/2120
f 5440/2128 5441/2129 5432/2120
f 5432/2120 5441/2129 5433/2121
f 5441/2129 5442/2130 5433/2121
f 5433/2121 5442/2130 5434/2122
f 5442/2130 5443/2131 5434/2122
f 5434/2122 5443/2131 5435/2123
f 5443/2131 5444/2132 5435/2123
f 5435/2123 5444/2132 5436/2124
f 5444/2132 5445/2133 5436/2124
f 5436/2124 5445/2133 5437/2125
f 5445/2133 5446/2134 5437/2125
f 5437/2125 5446/2134 5438/2126
f 5446/2134 5447/2135 5438/2126
f 5438/2126 5447/2135 5439/2127
f 5447/2135 5448/2136 5439/2127
f 5440/2128 5449/2137 5441/2129
f 5449/2137 5450/2138 5441/2129
f 5441/2129 5450/2138 5442/2130
f 5450/2138 5451/2139 5442/2130
f 5442/2130 5451/2139 5443/2131
f 5451/2139 5452/2140 5443/2131
f 5443/2131 5452/2140 5444/2132
f 5452/2140 5453/2141 5444/2132
f 5444/2132 5453/2141 5445/2133
f 5453/2141 5454/2142 5445/2133
f 5445/2133 5454/2142 5446/2134
f 5454/2142 5455/2143 5446/2134
f 5446/2134 5455/2143 5447/2135
f 5455/2143 5456/2144 5447/2135
f 5447/2135 5456/2144 5448/2136
f 5456/2144 5457/2145 5448/2136
f 5449/2137 5458/2146 5450/2138
f 5458/2146 5459/2147 5450/2138
f 5450/2138 5459/2147 5451/2139
f 5459/2147 5460/2148 5451/2139
f 5451/2139 5460/2148 5452/2140
f 5460/2148 5461/2149 5452/2140
f 5452/2140 5461/2149 5453/2141
f 5461/2149 5462/2150 5453/2141
f 5453/2141 5462/2150 5454/2142
f 5462/2150 5463/2151 5454/2142
f 5454/2142 5463/2151 5455/2143
f 5463/2151 5464/2152 5455/2143
f 5455/2143 5464/2152 5456/2144
f 5464/2152 5465/2153 5456/2144
f 5456/2144 5465/2153 5457/2145
f 5465/2153 5466/2154 5457/2145
f 5458/2146 5467/2155 5459/2147
f 5467/2155 5468/2156 5459/2147
f 5459/2147 5468/2156 5460/2148
f 5468/2156 5469/2157 5460/2148
f 5460/2148 5469/2157 5461/2149
f 5469/2157 5470/2158 5461/2149
f 5461/2149 5470/2158 5462/2150
f 5470/2158 5471/2159 5462/2150
f 5462/2150 5471/2159 5463/2151
f 5471/2159 5472/2160 5463/2151
f 5463/2151 5472/2160 5464/2152
f 5472/2160 5473/2161 5464/2152
f 5464/2152 5473/2161 5465/2153
f 5473/2161 5474/2162 5465/2153
f 5465/2153 5474/2162 5466/2154
f 5474/2162 5475/2163 5466/2154
f 5467/2155 5476/2164 5468/2156
f 5476/2164 5477/2165 5468/2156
f 5468/2156 5477/2165 5469/2157
f 5477/2165 5478/2166 5469/2157
f 5469/2157 5478/2166 5470/2158
f 5478/2166 5479/2167 5470/2158
f 5470/2158 5479/2167 5471/2159
f 5479/2167 5480/2168 5471/2159
f 5471/2159 5480/2168 5472/2160
f 5480/2168 5481/2169 5472/2160
f 5472/2160 5481/2169 5473/2161
f 5481/2169 5482/2170 5473/2161
f 5473/2161 5482/2170 5474/2162
f 5482/2170 5483/2171 5474/2162
f 5474/2162 5483/2171 5475/2163
f 5483/2171 5484/2172 5475/2163
f 5476/2164 5485/2173 5477/2165
f 5485/2173 5486/2174 5477/2165
f 5477/2165 5486/2174 5478/2166
f 5486/2174 5487/2175 5478/2166
f 5478/2166 5487/2175 5479/2167
f 5487/2175 5488/2176 5479/2167
f 5479/2167 5488/2176 5480/2168
f 5488/2176 5489/2177 5480/2168
f 5480/2168 5489/2177 5481/2169
f 5489/2177 5490/2178 5481/2169
f 5481/2169 5490/2178 5482/2170
f 5490/2178 5491/2179 5482/2170
f 5482/2170 5491/2179 5483/2171
f 5491/2179 5492/2180 5483/2171
f 5483/2171 5492/2180 5484/2172
f 5492/2180 5493/2181 5484/2172
f 5485/2173 5494/2182 5486/2174
f 5494/2182 5495/2183 5486/2174
f 5486/2174 5495/2183 5487/2175
f 5495/2183 5496/2184 5487/2175
f 5487/2175 5496/2184 5488/2176
f 5496/2184 5497/2185 5488/2176
f 5488/2176 5497/2185 5489/2177
f 5497/2185 5498/2186 5489/2177
f 5489/2177 5498/2186 5490/2178
f 5498/2186 5499/2187 5490/2178
f 5490/2178 5499/2187 5491/2179
f 5499/2187 5500/2188 5491/2179
f 5491/2179 5500/2188 5492/2180
f 5500/2188 5501/2189 5492/2180
f 5492/2180 5501/2189 5493/2181
f 5501/2189 5502/2190 5493/2181
f 5494/2182 5503/2191 5495/2183
f 5503/2191 5504/2192 5495/2183
f 5495/2183 5504/2192 5496/2184
f 5504/2192 5505/2193 5496/2184
f 5496/2184 5505/2193 5497/2185
f 5505/2193 5506/2194 5497/2185
f 5497/2185 5506/2194 5498/2186
f 5506/2194 5507/2195 5498/2186
f 5498/2186 5507/2195 5499/2187
f 5507/2195 5508/2196 5499/2187
f 5499/2187 5508/2196 5500/2188
f 5508/2196 5509/2197 5500/2188
f 5500/2188 5509/2197 5501/2189
f 5509/2197 5510/2198 5501/2189
f 5501/2189 5510/2198 5502/2190
f 5510/2198 5511/2199 5502/2190
f 5503/2191 5512/2200 5504/2192
f 5512/2200 5513/2201 5504/2192
f 5504/2192 5513/2201 5505/2193
f 5513/2201 5514/2202 5505/2193
f 5505/2193 5514/2202 5506/2194
f 5514/2202 5515/2203 5506/2194
f 5506/2194 5515/2203 5507/2195
f 5515/2203 5516/2204 5507/2195
f 5507/2195 5516/2204 5508/2196
f 5516/2204 5517/2205 5508/2196
f 5508/2196 5517/2205 5509/2197
f 5517/2205 5518/2206 5509/2197
f 5509/2197 5518/2206 5510/2198
f 5518/2206 5519/2207 5510/2198
f 5510/2198 5519/2207 5511/2199
f 5519/2207 5520/2208 5511/2199
f 5512/2200 5521/2209 5513/2201
f 5521/2209 5522/2210 5513/2201
f 5513/2201 5522/2210 5514/2202
f 5522/2210 5523/2211 5514/2202
f 5514/2202 5523/2211 5515/2203
f 5523/2211 5524/2212 5515/2203
f 5515/2203 5524/2212 5516/2204
f 5524/2212 5525/2213 5516/2204
f 5516/2204 5525/2213 5517/2205
f 5525/2213 5526/2214 5517/2205
f 5517/2205 5526/2214 5518/2206
f 5526/2214 5527/2215 5518/2206
f 5518/2206 5527/2215 5519/2207
f 5527/2215 5528/2216 5519/2207
f 5519/2207 5528/2216 5520/2208
f 5528/2216 5529/2217 5520/2208
f 5521/2209 5530/2218 5522/2210
f 5530/2218 5531/2219 5522/2210
f 5522/2210 5531/2219 5523/2211
f 5531/2219 5532/2220 5523/2211
f 5523/2211 5532/2220 5524/2212
f 5532/2220 5533/2221 5524/2212
f 5524/2212 5533/2221 5525/2213
f 5533/2221 5534/2222 5525/2213
f 5525/2213 5534/2222 5526/2214
f 5534/2222 5535/2223 5526/2214
f 5526/2214 5535/2223 5527/2215
f 5535/2223 5536/2224 5527/2215
f 5527/2215 5536/2224 5528/2216
f 5536/2224 5537/2225 5528/2216
f 5528/2216 5537/2225 5529/2217
f 5537/2225 5538/2226 5529/2217
f 5530/2218 5539/2227 5531/2219
f 5539/2227 5540/2228 5531/2219
f 5531/2219 5540/2228 5532/2220
f 5540/2228 5541/2229 5532/2220
f 5532/2220 5541/2229 5533/2221
f 5541/2229 5542/2230 5533/2221
f 5533/2221 5542/2230 5534/2222
f 5542/2230 5543/2231 5534/2222
f 5534/2222 5543/2231 5535/2223
f 5543/2231 5544/2232 5535/2223
f 5535/2223 5544/2232 5536/2224
f 5544/2232 5545/2233 5536/2224
f 5536/2224 5545/2233 5537/2225
f 5545/2233 5546/2234 5537/2225
f 5537/2225 5546/2234 5538/2226
f 5546/2234 5547/2235 5538/2226
f 5539/2227 5548/2236 5540/2228
f 5548/2236 5549/2237 5540/2228
f 5540/2228 5549/2237 5541/2229
f 5549/2237 5550/2238 5541/2229
f 5541/2229 5550/2238 5542/2230
f 5550/2238 5551/2239 5542/2230
f 5542/2230 5551/2239 5543/2231
f 5551/2239 5552/2240 5543/2231
f 5543/2231 5552/2240 5544/2232
f 5552/2240 5553/2241 5544/2232
f 5544/2232 5553/2241 5545/2233
f 5553/2241 5554/2242 5545/2233
f 5545/2233 5554/2242 5546/2234
f 5554/2242 5555/2243 5546/2234
f 5546/2234 5555/2243 5547/2235
f 5555/2243 5556/2244 5547/2235
f 5548/2236 5557/2245 5549/2237
f 5557/2245 5558/2246 5549/2237
f 5549/2237 5558/2246 5550/2238
f 5558/2246 5559/2247 5550/2238
f 5550/2238 5559/2247 5551/2239
f 5559/2247 5560/2248 5551/2239
f 5551/2239 5560/2248 5552/2240
f 5560/2248 5561/2249 5552/2240
f 5552/2240 5561/2249 5553/2241
f 5561/2249 5562/2250 5553/2241
f 5553/2241 5562/2250 5554/2242
f 5562/2250 5563/2251 5554/2242
f 5554/2242 5563/2251 5555/2243
f 5563/2251 5564/2252 5555/2243
f 5555/2243 5564/2252 5556/2244
f 5564/2252 5565/2253 5556/2244
f 5557/2245 5566/2254 5558/2246
f 5566/2254 5567/2255 5558/2246
f 5558/2246 5567/2255 5559/2247
f 5567/2255 5568/2256 5559/2247
f 5559/2247 5568/2256 5560/2248
f 5568/2256 5569/2257 5560/2248
f 5560/2248 5569/2257 5561/2249
f 5569/2257 5570/2258 5561/2249
f 5561/2249 5570/2258 5562/2250
f 5570/2258 5571/2259 5562/2250
f 5562/2250 5571/2259 5563/2251
f 5571/2259 5572/2260 5563/2251
f 5563/2251 5572/2260 5564/2252
f 5572/2260 5573/2261 5564/2252
f 5564/2252 5573/2261 5565/2253
f 5573/2261 5574/2262 5565/2253
f 5566/2254 5575/2263 5567/2255
f 5575/2263 5576/2264 5567/2255
f 5567/2255 5576/2264 5568/2256
f 5576/2264 5577/2265 5568/2256
f 5568/2256 5577/2265 5569/2257
f 5577/2265 5578/2266 5569/2257
f 5569/2257 5578/2266 5570/2258
f 5578/2266 5579/2267 5570/2258
f 5570/2258 5579/2267 5571/2259
f 5579/2267 5580/2268 5571/2259
f 5571/2259 5580/2268 5572/2260
f 5580/2268 5581/2269 5572/2260
f 5572/2260 5581/2269 5573/2261
f 5581/2269 5582/2270 5573/2261
f 5573/2261 5582/2270 5574/2262
f 5582/2270 5583/2271 5574/2262
f 5575/2263 5584/2272 5576/2264
f 5584/2272 5585/2273 5576/2264
f 5576/2264 5585/2273 5577/2265
f 5585/2273 5586/2274 5577/2265
f 5577/2265 5586/2274 5578/2266
f 5586/2274 5587/2275 5578/2266
f 5578/2266 5587/2275 5579/2267
f 5587/2275 5588/2276 5579/2267
f 5579/2267 5588/2276 5580/2268
f 5588/2276 5589/2277 5580/2268
f 5580/2268 5589/2277 5581/2269
f 5589/2277 5590/2278 5581/2269
f 5581/2269 5590/2278 5582/2270
f 5590/2278 5591/2279 5582/2270
f 5582/2270 5591/2279 5583/2271
f 5591/2279 5592/2280 5583/2271
f 5584/2272 5593/2281 5585/2273
f 5593/2281 5594/2282 5585/2273
f 5585/2273 5594/2282 5586/2274
f 5594/2282 5595/2283 5586/2274
f 5586/2274 5595/2283 5587/2275
f 5595/2283 5596/2284 5587/2275
f 5587/2275 5596/2284 5588/2276
f 5596/2284 5597/2285 5588/2276
f 5588/2276 5597/2285 5589/2277
f 5597/2285 5598/2286 5589/2277
f 5589/2277 5598/2286 5590/2278
f 5598/2286 5599/2287 5590/2278
f 5590/2278 5599/2287 5591/2279
f 5599/2287 5600/2288 5591/2279
f 5591/2279 5600/2288 5592/2280
f 5600/2288 5601/2289 5592/2280
f 5593/2281 5602/2290 5594/2282
f 5602/2290 5603/2291 5594/2282
f 5594/2282 5603/2291 5595/2283
f 5603/2291 5604/2292 5595/2283
f 5595/2283 5604/2292 5596/2284
f 5604/2292 5605/2293 5596/2284
f 5596/2284 5605/2293 5597/2285
f 5605/2293 5606/2294 5597/2285
f 5597/2285 5606/2294 5598/2286
f 5606/2294 5607/2295 5598/2286
f 5598/2286 5607/2295 5599/2287
f 5607/2295 5608/2296 5599/2287
f 5599/2287 5608/2296 5600/2288
f 5608/2296 5609/2297 5600/2288
f 5600/2288 5609/2297 5601/2289
f 5609/2297 5610/2298 5601/2289
f 5602/2290 5611/2299 5603/2291
f 5611/2299 5612/2300 5603/2291
f 5603/2291 5612/2300 5604/2292
f 5612/2300 5613/2301 5604/2292
f 5604/2292 5613/2301 5605/2293
f 5613/2301 5614/2302 5605/2293
f 5605/2293 5614/2302 5606/2294
f 5614/2302 5615/2303 5606/2294
f 5606/2294 5615/2303 5607/2295
f 5615/2303 5616/2304 5607/2295
f 5607/2295 5616/2304 5608/2296
f 5616/2304 5617/2305 5608/2296
f 5608/2296 5617/2305 5609/2297
f 5617/2305 5618/2306 5609/2297
f 5609/2297 5618/2306 5610/2298
f 5618/2306 5619/2307 5610/2298
f 5611/2299 5620/2308 5612/2300
f 5620/2308 5621/2309 5612/2300
f 5612/2300 5621/2309 5613/2301
f 5621/2309 5622/2310 5613/2301
f 5613/2301 5622/2310 5614/2302
f 5622/2310 5623/2311 5614/2302
f 5614/2302 5623/2311 5615/2303
f 5623/2311 5624/2312 5615/2303
f 5615/2303 5624/2312 5616/2304
f 5624/2312 5625/2313 5616/2304
f 5616/2304 5625/2313 5617/2305
f 5625/2313 5626/2314 5617/2305
f 5617/2305 5626/2314 5618/2306
f 5626/2314 5627/2315 5618/2306
f 5618/2306 5627/2315 5619/2307
f 5627/2315 5628/2316 5619/2307
f 5620/2308 5629/2317 5621/2309
f 5629/2317 5630/2318 5621/2309
f 5621/2309 5630/2318 5622/2310
f 5630/2318 5631/2319 5622/2310
f 5622/2310 5631/2319 5623/2311
f 5631/2319 5632/2320 5623/2311
f 5623/2311 5632/2320 5624/2312
f 5632/2320 5633/2321 5624/2312
f 5624/2312 5633/2321 5625/2313
f 5633/2321 5634/2322 5625/2313
f 5625/2313 5634/2322 5626/2314
f 5634/2322 5635/2323 5626/2314
f 5626/2314 5635/2323 5627/2315
f 5635/2323 5636/2324 5627/2315
f 5627/2315 5636/2324 5628/2316
f 5636/2324 5637/2325 5628/2316
f 5629/2317 5638/2326 5630/2318
f 5638/2326 5639/2327 5630/2318
f 5630/2318 5639/2327 5631/2319
f 5639/2327 5640/2328 5631/2319
f 5631/2319 5640/2328 5632/2320
f 5640/2328 5641/2329 5632/2320
f 5632/2320 5641/2329 5633/2321
f 5641/2329 5642/2330 5633/2321
f 5633/2321 5642/2330 5634/2322
f 5642/2330 5643/2331 5634/2322
f 5634/2322 5643/2331 5635/2323
f 5643/2331 5644/2332 5635/2323
f 5635/2323 5644/2332 5636/2324
f 5644/2332 5645/2333 5636/2324
f 5636/2324 5645/2333 5637/2325
f 5645/2333 5646/2334 5637/2325
f 5638/2326 5647/2335 5639/2327
f 5647/2335 5648/2336 5639/2327
f 5639/2327 5648/2336 5640/2328
f 5648/2336 5649/2337 5640/2328
f 5640/2328 5649/2337 5641/2329
f 5649/2337 5650/2338 5641/2329
f 5641/2329 5650/2338 5642/2330
f 5650/2338 5651/2339 5642/2330
f 5642/2330 5651/2339 5643/2331
f 5651/2339 5652/2340 5643/2331
f 5643/2331 5652/2340 5644/2332
f 5652/2340 5653/2341 5644/2332
f 5644/2332 5653/2341 5645/2333
f 5653/2341 5654/2342 5645/2333
f 5645/2333 5654/2342 5646/2334
f 5654/2342 5655/2343 5646/2334
f 5647/2335 5656/2344 5648/2336
f 5656/2344 5657/2345 5648/2336
f 5648/2336 5657/2345 5649/2337
f 5657/2345 5658/2346 5649/2337
f 5649/2337 5658/2346 5650/2338
f 5658/2346 5659/2347 5650/2338
f 5650/2338 5659/2347 5651/2339
f 5659/2347 5660/2348 5651/2339
f 5651/2339 5660/2348 5652/2340
f 5660/2348 5661/2349 5652/2340
f 5652/2340 5661/2349 5653/2341
f 5661/2349 5662/2350 5653/2341
f 5653/2341 5662/2350 5654/2342
f 5662/2350 5663/2351 5654/2342
f 5654/2342 5663/2351 5655/2343
f 5663/2351 5664/2352 5655/2343
f 5656/2344 5665/2353 5657/2345
f 5665/2353 5666/2354 5657/2345
f 5657/2345 5666/2354 5658/2346
f 5666/2354 5667/2355 5658/2346
f 5658/2346 5667/2355 5659/2347
f 5667/2355 5668/2356 5659/2347
f 5659/2347 5668/2356 5660/2348
f 5668/2356 5669/2357 5660/2348
f 5660/2348 5669/2357 5661/2349
f 5669/2357 5670/2358 5661/2349
f 5661/2349 5670/2358 5662/2350
f 5670/2358 5671/2359 5662/2350
f 5662/2350 5671/2359 5663/2351
f 5671/2359 5672/2360 5663/2351
f 5663/2351 5672/2360 5664/2352
f 5672/2360 5673/2361 5664/2352
f 5665/2353 5674/2362 5666/2354
f 5674/2362 5675/2363 5666/2354
f 5666/2354 5675/2363 5667/2355
f 5675/2363 5676/2364 5667/2355
f 5667/2355 5676/2364 5668/2356
f 5676/2364 5677/2365 5668/2356
f 5668/2356 5677/2365 5669/2357
f 5677/2365 5678/2366 5669/2357
f 5669/2357 5678/2366 5670/2358
f 5678/2366 5679/2367 5670/2358
f 5670/2358 5679/2367 5671/2359
f 5679/2367 5680/2368 5671/2359
f 5671/2359 5680/2368 5672/2360
f 5680/2368 5681/2369 5672/2360
f 5672/2360 5681/2369 5673/2361
f 5681/2369 5682/2370 5673/2361
f 5674/2362 5683/2371 5675/2363
f 5683/2371 5684/2372 5675/2363
f 5675/2363 5684/2372 5676/2364
f 5684/2372 5685/2373 5676/2364
f 5676/2364 5685/2373 5677/2365
f 5685/2373 5686/2374 5677/2365
f 5677/2365 5686/2374 5678/2366
f 5686/2374 5687/2375 5678/2366
f 5678/2366 5687/2375 5679/2367
f 5687/2375 5688/2376 5679/2367
f 5679/2367 5688/2376 5680/2368
f 5688/2376 5689/2377 5680/2368
f 5680/2368 5689/2377 5681/2369
f 5689/2377 5690/2378 5681/2369
f 5681/2369 5690/2378 5682/2370
f 5690/2378 5691/2379 5682/2370
f 5683/2371 5692/2380 5684/2372
f 5692/2380 5693/2381 5684/2372
f 5684/2372 5693/2381 5685/2373
f 5693/2381 5694/2382 5685/2373
f 5685/2373 5694/2382 5686/2374
f 5694/2382 5695/2383 5686/2374
f 5686/2374 5695/2383 5687/2375
f 5695/2383 5696/2384 5687/2375
f 5687/2375 5696/2384 5688/2376
f 5696/2384 5697/2385 5688/2376
f 5688/2376 5697/2385 5689/2377
f 5697/2385 5698/2386 5689/2377
f 5689/2377 5698/2386 5690/2378
f 5698/2386 5699/2387 5690/2378
f 5690/2378 5699/2387 5691/2379
f 5699/2387 5700/2388 5691/2379
f 5692/2380 5701/2389 5693/2381
f 5701/2389 5702/2390 5693/2381
f 5693/2381 5702/2390 5694/2382
f 5702/2390 5703/2391 5694/2382
f 5694/2382 5703/2391 5695/2383
f 5703/2391 5704/2392 5695/2383
f 5695/2383 5704/2392 5696/2384
f 5704/2392 5705/2393 5696/2384
f 5696/2384 5705/2393 5697/2385
f 5705/2393 5706/2394 5697/2385
f 5697/2385 5706/2394 5698/2386
f 5706/2394 5707/2395 5698/2386
f 5698/2386 5707/2395 5699/2387
f 5707/2395 5708/2396 5699/2387
f 5699/2387 5708/2396 5700/2388
f 5708/2396 5709/2397 5700/2388
f 5701/2389 5710/2398 5702/2390
f 5710/2398 5711/2399 5702/2390
f 5702/2390 5711/2399 5703/2391
f 5711/2399 5712/2400 5703/2391
f 5703/2391 5712/2400 5704/2392
f 5712/2400 5713/2401 5704/2392
f 5704/2392 5713/2401 5705/2393
f 5713/2401 5714/2402 5705/2393
f 5705/2393 5714/2402 5706/2394
f 5714/2402 5715/2403 5706/2394
f 5706/2394 5715/2403 5707/2395
f 5715/2403 5716/2404 5707/2395
f 5707/2395 5716/2404 5708/2396
f 5716/2404 5717/2405 5708/2396
f 5708/2396 5717/2405 5709/2397
f 5717/2405 5718/2406 5709/2397
f 5710/2398 5719/2407 5711/2399
f 5719/2407 5720/2408 5711/2399
f 5711/2399 5720/2408 5712/2400
f 5720/2408 5721/2409 5712/2400
f 5712/2400 5721/2409 5713/2401
f 5721/2409 5722/2410 5713/2401
f 5713/2401 5722/2410 5714/2402
f 5722/2410 5723/2411 5714/2402
f 5714/2402 5723/2411 5715/2403
f 5723/2411 5724/2412 5715/2403
f 5715/2403 5724/2412 5716/2404
f 5724/2412 5725/2413 5716/2404
f 5716/2404 5725/2413 5717/2405
f 5725/2413 5726/2414 5717/2405
f 5717/2405 5726/2414 5718/2406
f 5726/2414 5727/2415 5718/2406
f 5719/2407 5728/2416 5720/2408
f 5728/2416 5729/2417 5720/2408
f 5720/2408 5729/2417 5721/2409
f 5729/2417 5730/2418 5721/2409
f 5721/2409 5730/2418 5722/2410
f 5730/2418 5731/2419 5722/2410
f 5722/2410 5731/2419 5723/2411
f 5731/2419 5732/2420 5723/2411
f 5723/2411 5732/2420 5724/2412
f 5732/2420 5733/2421 5724/2412
f 5724/2412 5733/2421 5725/2413
f 5733/2421 5734/2422 5725/2413
f 5725/2413 5734/2422 5726/2414
f 5734/2422 5735/2423 5726/2414
f 5726/2414 5735/2423 5727/2415
f 5735/2423 5736/2424 5727/2415
f 5728/2416 5737/2425 5729/2417
f 5737/2425 5738/2426 5729/2417
f 5729/2417 5738/2426 5730/2418
f 5738/2426 5739/2427 5730/2418
f 5730/2418 5739/2427 5731/2419
f 5739/2427 5740/2428 5731/2419
f 5731/2419 5740/2428 5732/2420
f 5740/2428 5741/2429 5732/2420
f 5732/2420 5741/2429 5733/2421
f 5741/2429 5742/2430 5733/2421
f 5733/2421 5742/2430 5734/2422
f 5742/2430 5743/2431 5734/2422
f 5734/2422 5743/2431 5735/2423
f 5743/2431 5744/2432 5735/2423
f 5735/2423 5744/2432 5736/2424
f 5744/2432 5745/2433 5736/2424
f 5737/2425 5746/2434 5738/2426
f 5746/2434 5747/2435 5738/2426
f 5738/2426 5747/2435 5739/2427
f 5747/2435 5748/2436 5739/2427
f 5739/2427 5748/2436 5740/2428
f 5748/2436 5749/2437 5740/2428
f 5740/2428 5749/2437 5741/2429
f 5749/2437 5750/2438 5741/2429
f 5741/2429 5750/2438 5742/2430
f 5750/2438 5751/2439 5742/2430
f 5742/2430 5751/2439 5743/2431
f 5751/2439 5752/2440 5743/2431
f 5743/2431 5752/2440 5744/2432
f 5752/2440 5753/2441 5744/2432
f 5744/2432 5753/2441 5745/2433
f 5753/2441 5754/2442 5745/2433
f 5746/2434 5755/2443 5747/2435
f 5755/2443 5756/2444 5747/2435
f 5747/2435 5756/2444 5748/2436
f 5756/2444 5757/2445 5748/2436
f 5748/2436 5757/2445 5749/2437
f 5757/2445 5758/2446 5749/2437
f 5749/2437 5758/2446 5750/2438
f 5758/2446 5759/2447 5750/2438
f 5750/2438 5759/2447 5751/2439
f 5759/2447 5760/2448 5751/2439
f 5751/2439 5760/2448 5752/2440
f 5760/2448 5761/2449 5752/2440
f 5752/2440 5761/2449 5753/2441
f 5761/2449 5762/2450 5753/2441
f 5753/2441 5762/2450 5754/2442
f 5762/2450 5763/2451 5754/2442
f 5755/2443 5764/2452 5756/2444
f 5764/2452 5765/2453 5756/2444
f 5756/2444 5765/2453 5757/2445
f 5765/2453 5766/2454 5757/2445
f 5757/2445 5766/2454 5758/2446
f 5766/2454 5767/2455 5758/2446
f 5758/2446 5767/2455 5759/2447
f 5767/2455 5768/2456 5759/2447
f 5759/2447 5768/2456 5760/2448
f 5768/2456 5769/2457 5760/2448
f 5760/2448 5769/2457 5761/2449
f 5769/2457 5770/2458 5761/2449
f 5761/2449 5770/2458 5762/2450
f 5770/2458 5771/2459 5762/2450
f 5762/2450 5771/2459 5763/2451
f 5771/2459 5772/2460 5763/2451
f 5764/2452 5773/2461 5765/2453
f 5773/2461 5774/2462 5765/2453
f 5765/2453 5774/2462 5766/2454
f 5774/2462 5775/2463 5766/2454
f 5766/2454 5775/2463 5767/2455
f 5775/2463 5776/2464 5767/2455
f 5767/2455 5776/2464 5768/2456
f 5776/2464 5777/2465 5768/2456
f 5768/2456 5777/2465 5769/2457
f 5777/2465 5778/2466 5769/2457
f 5769/2457 5778/2466 5770/2458
f 5778/2466 5779/2467 5770/2458
f 5770/2458 5779/2467 5771/2459
f 5779/2467 5780/2468 5771/2459
f 5771/2459 5780/2468 5772/2460
f 5780/2468 5781/2469 5772/2460
f 5773/2461 5782/2470 5774/2462
f 5782/2470 5783/2471 5774/2462
f 5774/2462 5783/2471 5775/2463
f 5783/2471 5784/2472 5775/2463
f 5775/2463 5784/2472 5776/2464
f 5784/2472 5785/2473 5776/2464
f 5776/2464 5785/2473 5777/2465
f 5785/2473 5786/2474 5777/2465
f 5777/2465 5786/2474 5778/2466
f 5786/2474 5787/2475 5778/2466
f 5778/2466 5787/2475 5779/2467
f 5787/2475 5788/2476 5779/2467
f 5779/2467 5788/2476 5780/2468
f 5788/2476 5789/2477 5780/2468
f 5780/2468 5789/2477 5781/2469
f 5789/2477 5790/2478 5781/2469
f 5782/2470 5791/2479 5783/2471
f 5791/2479 5792/2480 5783/2471
f 5783/2471 5792/2480 5784/2472
f 5792/2480 5793/2481 5784/2472
f 5784/2472 5793/2481 5785/2473
f 5793/2481 5794/2482 5785/2473
f 5785/2473 5794/2482 5786/2474
f 5794/2482 5795/2483 5786/2474
f 5786/2474 5795/2483 5787/2475
f 5795/2483 5796/2484 5787/2475
f 5787/2475 5796/2484 5788/2476
f 5796/2484 5797/2485 5788/2476
f 5788/2476 5797/2485 5789/2477
f 5797/2485 5798/2486 5789/2477
f 5789/2477 5798/2486 5790/2478
f 5798/2486 5799/2487 5790/2478
f 5791/2479 5800/2488 5792/2480
f 5800/2488 5801/2489 5792/2480
f 5792/2480 5801/2489 5793/2481
f 5801/2489 5802/2490 5793/2481
f 5793/2481 5802/2490 5794/2482
f 5802/2490 5803/2491 5794/2482
f 5794/2482 5803/2491 5795/2483
f 5803/2491 5804/2492 5795/2483
f 5795/2483 5804/2492 5796/2484
f 5804/2492 5805/2493 5796/2484
f 5796/2484 5805/2493 5797/2485
f 5805/2493 5806/2494 5797/2485
f 5797/2485 5806/2494 5798/2486
f 5806/2494 5807/2495 5798/2486
f 5798/2486 5807/2495 5799/2487
f 5807/2495 5808/2496 5799/2487
f 5800/2488 5809/2497 5801/2489
f 5809/2497 5810/2498 5801/2489
f 5801/2489 5810/2498 5802/2490
f 5810/2498 5811/2499 5802/2490
f 5802/2490 5811/2499 5803/2491
f 5811/2499 5812/2500 5803/2491
f 5803/2491 5812/2500 5804/2492
f 5812/2500 5813/2501 5804/2492
f 5804/2492 5813/2501 5805/2493
f 5813/2501 5814/2502 5805/2493
f 5805/2493 5814/2502 5806/2494
f 5814/2502 5815/2503 5806/2494
f 5806/2494 5815/2503 5807/2495
f 5815/2503 5816/2504 5807/2495
f 5807/2495 5816/2504 5808/2496
f 5816/2504 5817/2505 5808/2496
f 5809/2497 5818/2506 5810/2498
f 5818/2506 5819/2507 5810/2498
f 5810/2498 5819/2507 5811/2499
f 5819/2507 5820/2508 5811/2499
f 5811/2499 5820/2508 5812/2500
f 5820/2508 5821/2509 5812/2500
f 5812/2500 5821/2509 5813/2501
f 5821/2509 5822/2510 5813/2501
f 5813/2501 5822/2510 5814/2502
f 5822/2510 5823/2511 5814/2502
f 5814/2502 5823/2511 5815/2503
f 5823/2511 5824/2512 5815/2503
f 5815/2503 5824/2512 5816/2504
f 5824/2512 5825/2513 5816/2504
f 5816/2504 5825/2513 5817/2505
f 5825/2513 5826/2514 5817/2505
f 5818/2506 5827/2515 5819/2507
f 5827/2515 5828/2516 5819/2507
f 5819/2507 5828/2516 5820/2508
f 5828/2516 5829/2517 5820/2508
f 5820/2508 5829/2517 5821/2509
f 5829/2517 5830/2518 5821/2509
f 5821/2509 5830/2518 5822/2510
f 5830/2518 5831/2519 5822/2510
f 5822/2510 5831/2519 5823/2511
f 5831/2519 5832/2520 5823/2511
f 5823/2511 5832/2520 5824/2512
f 5832/2520 5833/2521 5824/2512
f 5824/2512 5833/2521 5825/2513
f 5833/2521 5834/2522 5825/2513
f 5825/2513 5834/2522 5826/2514
f 5834/2522 5835/2523 5826/2514
f 5827/2515 5836/2524 5828/2516
f 5836/2524 5837/2525 5828/2516
f 5828/2516 5837/2525 5829/2517
f 5837/2525 5838/2526 5829/2517
f 5829/2517 5838/2526 5830/2518
f 5838/2526 5839/2527 5830/2518
f 5830/2518 5839/2527 5831/2519
f 5839/2527 5840/2528 5831/2519
f 5831/2519 5840/2528 5832/2520
f 5840/2528 5841/2529 5832/2520
f 5832/2520 5841/2529 5833/2521
f 5841/2529 5842/2530 5833/2521
f 5833/2521 5842/2530 5834/2522
f 5842/2530 5843/2531 5834/2522
f 5834/2522 5843/2531 5835/2523
f 5843/2531 5844/2532 5835/2523
f 5836/2524 5845/2533 5837/2525
f 5845/2533 5846/2534 5837/2525
f 5837/2525 5846/2534 5838/2526
f 5846/2534 5847/2535 5838/2526
f 5838/2526 5847/2535 5839/2527
f 5847/2535 5848/2536 5839/2527
f 5839/2527 5848/2536 5840/2528
f 5848/2536 5849/2537 5840/2528
f 5840/2528 5849/2537 5841/2529
f 5849/2537 5850/2538 5841/2529
f 5841/2529 5850/2538 5842/2530
f 5850/2538 5851/2539 5842/2530
f 5842/2530 5851/2539 5843/2531
f 5851/2539 5852/2540 5843/2531
f 5843/2531 5852/2540 5844/2532
f 5852/2540 5853/2541 5844/2532
f 5845/2533 5854/2542 5846/2534
f 5854/2542 5855/2543 5846/2534
f 5846/2534 5855/2543 5847/2535
f 5855/2543 5856/2544 5847/2535
f 5847/2535 5856/2544 5848/2536
f 5856/2544 5857/2545 5848/2536
f 5848/2536 5857/2545 5849/2537
f 5857/2545 5858/2546 5849/2537
f 5849/2537 5858/2546 5850/2538
f 5858/2546 5859/2547 5850/2538
f 5850/2538 5859/2547 5851/2539
f 5859/2547 5860/2548 5851/2539
f 5851/2539 5860/2548 5852/2540
f 5860/2548 5861/2549 5852/2540
f 5852/2540 5861/2549 5853/2541
f 5861/2549 5862/2550 5853/2541
f 5854/2542 5863/2551 5855/2543
f 5863/2551 5864/2552 5855/2543
f 5855/2543 5864/2552 5856/2544
f 5864/2552 5865/2553 5856/2544
f 5856/2544 5865/2553 5857/2545
f 5865/2553 5866/2554 5857/2545
f 5857/2545 5866/2554 5858/2546
f 5866/2554 5867/2555 5858/2546
f 5858/2546 5867/2555 5859/2547
f 5867/2555 5868/2556 5859/2547
f 5859/2547 5868/2556 5860/2548
f 5868/2556 5869/2557 5860/2548
f 5860/2548 5869/2557 5861/2549
f 5869/2557 5870/2558 5861/2549
f 5861/2549 5870/2558 5862/2550
f 5870/2558 5871/2559 5862/2550
f 5863/2551 5872/2560 5864/2552
f 5872/2560 5873/2561 5864/2552
f 5864/2552 5873/2561 5865/2553
f 5873/2561 5874/2562 5865/2553
f 5865/2553 5874/2562 5866/2554
f 5874/2562 5875/2563 5866/2554
f 5866/2554 5875/2563 5867/2555
f 5875/2563 5876/2564 5867/2555
f 5867/2555 5876/2564 5868/2556
f 5876/2564 5877/2565 5868/2556
f 5868/2556 5877/2565 5869/2557
f 5877/2565 5878/2566 5869/2557
f 5869/2557 5878/2566 5870/2558
f 5878/2566 5879/2567 5870/2558
f 5870/2558 5879/2567 5871/2559
f 5879/2567 5880/2568 5871/2559
f 5872/2560 5881/2569 5873/2561
f 5881/2569 5882/2570 5873/2561
f 5873/2561 5882/2570 5874/2562
f 5882/2570 5883/2571 5874/2562
f 5874/2562 5883/2571 5875/2563
f 5883/2571 5884/2572 5875/2563
f 5875/2563 5884/2572 5876/2564
f 5884/2572 5885/2573 5876/2564
f 5876/2564 5885/2573 5877/2565
f 5885/2573 5886/2574 5877/2565
f 5877/2565 5886/2574 5878/2566
f 5886/2574 5887/2575 5878/2566
f 5878/2566 5887/2575 5879/2567
f 5887/2575 5888/2576 5879/2567
f 5879/2567 5888/2576 5880/2568
f 5888/2576 5889/2577 5880/2568
f 5881/2569 5890/2578 5882/2570
f 5890/2578 5891/2579 5882/2570
f 5882/2570 5891/2579 5883/2571
f 5891/2579 5892/2580 5883/2571
f 5883/2571 5892/2580 5884/2572
f 5892/2580 5893/2581 5884/2572
f 5884/2572 5893/2581 5885/2573
f 5893/2581 5894/2582 5885/2573
f 5885/2573 5894/2582 5886/2574
f 5894/2582 5895/2583 5886/2574
f 5886/2574 5895/2583 5887/2575
f 5895/2583 5896/2584 5887/2575
f 5887/2575 5896/2584 5888/2576
f 5896/2584 5897/2585 5888/2576
f 5888/2576 5897/2585 5889/2577
f 5897/2585 5898/2586 5889/2577
f 5890/2578 5899/2587 5891/2579
f 5899/2587 5900/2588 5891/2579
f 5891/2579 5900/2588 5892/2580
f 5900/2588 5901/2589 5892/2580
f 5892/2580 5901/2589 5893/2581
f 5901/2589 5902/2590 5893/2581
f 5893/2581 5902/2590 5894/2582
f 5902/2590 5903/2591 5894/2582
f 5894/2582 5903/2591 5895/2583
f 5903/2591 5904/2592 5895/2583
f 5895/2583 5904/2592 5896/2584
f 5904/2592 5905/2593 5896/2584
f 5896/2584 5905/2593 5897/2585
f 5905/2593 5906/2594 5897/2585
f 5897/2585 5906/2594 5898/2586
f 5906/2594 5907/2595 5898/2586
f 5899/2587 5908/2596 5900/2588
f 5908/2596 5909/2597 5900/2588
f 5900/2588 5909/2597 5901/2589
f 5909/2597 5910/2598 5901/2589
f 5901/2589 5910/2598 5902/2590
f 5910/2598 5911/2599 5902/2590
f 5902/2590 5911/2599 5903/2591
f 5911/2599 5912/2600 5903/2591
f 5903/2591 5912/2600 5904/2592
f 5912/2600 5913/2601 5904/2592
f 5904/2592 5913/2601 5905/2593
f 5913/2601 5914/2602 5905/2593
f 5905/2593 5914/2602 5906/2594
f 5914/2602 5915/2603 5906/2594
f 5906/2594 5915/2603 5907/2595
f 5915/2603 5916/2604 5907/2595
f 5908/2596 5917/2605 5909/2597
f 5917/2605 5918/2606 5909/2597
f 5909/2597 5918/2606 5910/2598
f 5918/2606 5919/2607 5910/2598
f 5910/2598 5919/2607 5911/2599
f 5919/2607 5920/2608 5911/2599
f 5911/2599 5920/2608 5912/2600
f 5920/2608 5921/2609 5912/2600
f 5912/2600 5921/2609 5913/2601
f 5921/2609 5922/2610 5913/2601
f 5913/2601 5922/2610 5914/2602
f 5922/2610 5923/2611 5914/2602
f 5914/2602 5923/2611 5915/2603
f 5923/2611 5924/2612 5915/2603
f 5915/2603 5924/2612 5916/2604
f 5924/2612 5925/2613 5916/2604
f 5917/2605 5926/2614 5918/2606
f 5926/2614 5927/2615 5918/2606
f 5918/2606 5927/2615 5919/2607
f 5927/2615 5928/2616 5919/2607
f 5919/2607 5928/2616 5920/2608
f 5928/2616 5929/2617 5920/2608
f 5920/2608 5929/2617 5921/2609
f 5929/2617 5930/2618 5921/2609
f 5921/2609 5930/2618 5922/2610
f 5930/2618 5931/2619 5922/2610
f 5922/2610 5931/2619 5923/2611
f 5931/2619 5932/2620 5923/2611
f 5923/2611 5932/2620 5924/2612
f 5932/2620 5933/2621 5924/2612
f 5924/2612 5933/2621 5925/2613
f 5933/2621 5934/2622 5925/2613
f 5926/2614 5935/2623 5927/2615
f 5935/2623 5936/2624 5927/2615
f 5927/2615 5936/2624 5928/2616
f 5936/2624 5937/2625 5928/2616
f 5928/2616 5937/2625 5929/2617
f 5937/2625 5938/2626 5929/2617
f 5929/2617 5938/2626 5930/2618
f 5938/2626 5939/2627 5930/2618
f 5930/2618 5939/2627 5931/2619
f 5939/2627 5940/2628 5931/2619
f 5931/2619 5940/2628 5932/2620
f 5940/2628 5941/2629 5932/2620
f 5932/2620 5941/2629 5933/2621
f 5941/2629 5942/2630 5933/2621
f 5933/2621 5942/2630 5934/2622
f 5942/2630 5943/2631 5934/2622
f 5935/2623 5944/2632 5936/2624
f 5944/2632 5945/2633 5936/2624
f 5936/2624 5945/2633 5937/2625
f 5945/2633 5946/2634 5937/2625
f 5937/2625 5946/2634 5938/2626
f 5946/2634 5947/2635 5938/2626
f 5938/2626 5947/2635 5939/2627
f 5947/2635 5948/2636 5939/2627
f 5939/2627 5948/2636 5940/2628
f 5948/2636 5949/2637 5940/2628
f 5940/2628 5949/2637 5941/2629
f 5949/2637 5950/2638 5941/2629
f 5941/2629 5950/2638 5942/2630
f 5950/2638 5951/2639 5942/2630
f 5942/2630 5951/2639 5943/2631
f 5951/2639 5952/2640 5943/2631
f 5944/2632 5953/2641 5945/2633
f 5953/2641 5954/2642 5945/2633
f 5945/2633 5954/2642 5946/2634
f 5954/2642 5955/2643 5946/2634
f 5946/2634 5955/2643 5947/2635
f 5955/2643 5956/2644 5947/2635
f 5947/2635 5956/2644 5948/2636
f 5956/2644 5957/2645 5948/2636
f 5948/2636 5957/2645 5949/2637
f 5957/2645 5958/2646 5949/2637
f 5949/2637 5958/2646 5950/2638
f 5958/2646 5959/2647 5950/2638
f 5950/2638 5959/2647 5951/2639
f 5959/2647 5960/2648 5951/2639
f 5951/2639 5960/2648 5952/2640
f 5960/2648 5961/2649 5952/2640
f 5953/2641 5962/2650 5954/2642
f 5962/2650 5963/2651 5954/2642
f 5954/2642 5963/2651 5955/2643
f 5963/2651 5964/2652 5955/2643
f 5955/2643 5964/2652 5956/2644
f 5964/2652 5965/2653 5956/2644
f 5956/2644 5965/2653 5957/2645
f 5965/2653 5966/2654 5957/2645
f 5957/2645 5966/2654 5958/2646
f 5966/2654 5967/2655 5958/2646
f 5958/2646 5967/2655 5959/2647
f 5967/2655 5968/2656 5959/2647
f 5959/2647 5968/2656 5960/2648
f 5968/2656 5969/2657 5960/2648
f 5960/2648 5969/2657 5961/2649
f 5969/2657 5970/2658 5961/2649
