mtllib RossvilleFireStation.mtl
o RossvilleFireStation
usemtl grass
v 21.00000 -0.02500 15.00000
v 21.00000 -0.02500 -11.00000
v 21.00000 -0.07500 15.00000
v 21.00000 -0.07500 -11.00000
v -21.00000 -0.02500 -11.00000
v -21.00000 -0.02500 15.00000
v -21.00000 -0.07500 -11.00000
v -21.00000 -0.07500 15.00000
v -21.00000 -0.02500 -11.00000
v 21.00000 -0.02500 -11.00000
v -21.00000 -0.02500 15.00000
v 21.00000 -0.02500 15.00000
v -21.00000 -0.07500 15.00000
v 21.00000 -0.07500 15.00000
v -21.00000 -0.07500 -11.00000
v 21.00000 -0.07500 -11.00000
v -21.00000 -0.02500 15.00000
v 21.00000 -0.02500 15.00000
v -21.00000 -0.07500 15.00000
v 21.00000 -0.07500 15.00000
v 21.00000 -0.02500 -11.00000
v -21.00000 -0.02500 -11.00000
v 21.00000 -0.07500 -11.00000
v -21.00000 -0.07500 -11.00000
vt 0.00000 0.00000
vt 1.00000 0.00000
vt 0.00000 1.00000
vt 1.00000 1.00000
vt 0.00000 0.00000
vt 1.00000 0.00000
vt 0.00000 1.00000
vt 1.00000 1.00000
vt 0.00000 0.00000
vt 1.00000 0.00000
vt 0.00000 1.00000
vt 1.00000 1.00000
vt 0.00000 0.00000
vt 1.00000 0.00000
vt 0.00000 1.00000
vt 1.00000 1.00000
vt 0.00000 0.00000
vt 1.00000 0.00000
vt 0.00000 1.00000
vt 1.00000 1.00000
vt 0.00000 0.00000
vt 1.00000 0.00000
vt 0.00000 1.00000
vt 1.00000 1.00000
f 1/1 3/3 2/2
f 3/3 4/4 2/2
f 5/5 7/7 6/6
f 7/7 8/8 6/6
f 9/9 11/11 10/10
f 11/11 12/12 10/10
f 13/13 15/15 14/14
f 15/15 16/16 14/14
f 17/17 19/19 18/18
f 19/19 20/20 18/18
f 21/21 23/23 22/22
f 23/23 24/24 22/22
usemtl concrete_apron
v 12.50000 0.03000 11.00000
v 12.50000 0.03000 2.00000
v 12.50000 -0.03000 11.00000
v 12.50000 -0.03000 2.00000
v -14.50000 0.03000 2.00000
v -14.50000 0.03000 11.00000
v -14.50000 -0.03000 2.00000
v -14.50000 -0.03000 11.00000
v -14.50000 0.03000 2.00000
v 12.50000 0.03000 2.00000
v -14.50000 0.03000 11.00000
v 12.50000 0.03000 11.00000
v -14.50000 -0.03000 11.00000
v 12.50000 -0.03000 11.00000
v -14.50000 -0.03000 2.00000
v 12.50000 -0.03000 2.00000
v -14.50000 0.03000 11.00000
v 12.50000 0.03000 11.00000
v -14.50000 -0.03000 11.00000
v 12.50000 -0.03000 11.00000
v 12.50000 0.03000 2.00000
v -14.50000 0.03000 2.00000
v 12.50000 -0.03000 2.00000
v -14.50000 -0.03000 2.00000
vt 0.00000 0.00000
vt 1.00000 0.00000
vt 0.00000 1.00000
vt 1.00000 1.00000
vt 0.00000 0.00000
vt 1.00000 0.00000
vt 0.00000 1.00000
vt 1.00000 1.00000
vt 0.00000 0.00000
vt 1.00000 0.00000
vt 0.00000 1.00000
vt 1.00000 1.00000
vt 0.00000 0.00000
vt 1.00000 0.00000
vt 0.00000 1.00000
vt 1.00000 1.00000
vt 0.00000 0.00000
vt 1.00000 0.00000
vt 0.00000 1.00000
vt 1.00000 1.00000
vt 0.00000 0.00000
vt 1.00000 0.00000
vt 0.00000 1.00000
vt 1.00000 1.00000
f 25/25 27/27 26/26
f 27/27 28/28 26/26
f 29/29 31/31 30/30
f 31/31 32/32 30/30
f 33/33 35/35 34/34
f 35/35 36/36 34/34
f 37/37 39/39 38/38
f 39/39 40/40 38/38
f 41/41 43/43 42/42
f 43/43 44/44 42/42
f 45/45 47/47 46/46
f 47/47 48/48 46/46
usemtl metal_siding_cream
v 4.00000 5.20000 2.00000
v 4.00000 5.20000 1.85000
v 4.00000 0.00000 2.00000
v 4.00000 0.00000 1.85000
v -12.00000 5.20000 1.85000
v -12.00000 5.20000 2.00000
v -12.00000 0.00000 1.85000
v -12.00000 0.00000 2.00000
v -12.00000 5.20000 1.85000
v 4.00000 5.20000 1.85000
v -12.00000 5.20000 2.00000
v 4.00000 5.20000 2.00000
v -12.00000 0.00000 2.00000
v 4.00000 0.00000 2.00000
v -12.00000 0.00000 1.85000
v 4.00000 0.00000 1.85000
v -12.00000 5.20000 2.00000
v 4.00000 5.20000 2.00000
v -12.00000 0.00000 2.00000
v 4.00000 0.00000 2.00000
v 4.00000 5.20000 1.85000
v -12.00000 5.20000 1.85000
v 4.00000 0.00000 1.85000
v -12.00000 0.00000 1.85000
vt 0.00000 0.00000
vt 1.00000 0.00000
vt 0.00000 1.00000
vt 1.00000 1.00000
vt 0.00000 0.00000
vt 1.00000 0.00000
vt 0.00000 1.00000
vt 1.00000 1.00000
vt 0.00000 0.00000
vt 1.00000 0.00000
vt 0.00000 1.00000
vt 1.00000 1.00000
vt 0.00000 0.00000
vt 1.00000 0.00000
vt 0.00000 1.00000
vt 1.00000 1.00000
vt 0.00000 0.00000
vt 1.00000 0.00000
vt 0.00000 1.00000
vt 1.00000 1.00000
vt 0.00000 0.00000
vt 1.00000 0.00000
vt 0.00000 1.00000
vt 1.00000 1.00000
f 49/49 51/51 50/50
f 51/51 52/52 50/50
f 53/53 55/55 54/54
f 55/55 56/56 54/54
f 57/57 59/59 58/58
f 59/59 60/60 58/58
f 61/61 63/63 62/62
f 63/63 64/64 62/62
f 65/65 67/67 66/66
f 67/67 68/68 66/66
f 69/69 71/71 70/70
f 71/71 72/72 70/70
v 4.00000 5.20000 -9.85000
v 4.00000 5.20000 -10.00000
v 4.00000 0.00000 -9.85000
v 4.00000 0.00000 -10.00000
v -12.00000 5.20000 -10.00000
v -12.00000 5.20000 -9.85000
v -12.00000 0.00000 -10.00000
v -12.00000 0.00000 -9.85000
v -12.00000 5.20000 -10.00000
v 4.00000 5.20000 -10.00000
v -12.00000 5.20000 -9.85000
v 4.00000 5.20000 -9.85000
v -12.00000 0.00000 -9.85000
v 4.00000 0.00000 -9.85000
v -12.00000 0.00000 -10.00000
v 4.00000 0.00000 -10.00000
v -12.00000 5.20000 -9.85000
v 4.00000 5.20000 -9.85000
v -12.00000 0.00000 -9.85000
v 4.00000 0.00000 -9.85000
v 4.00000 5.20000 -10.00000
v -12.00000 5.20000 -10.00000
v 4.00000 0.00000 -10.00000
v -12.00000 0.00000 -10.00000
vt 0.00000 0.00000
vt 1.00000 0.00000
vt 0.00000 1.00000
vt 1.00000 1.00000
vt 0.00000 0.00000
vt 1.00000 0.00000
vt 0.00000 1.00000
vt 1.00000 1.00000
vt 0.00000 0.00000
vt 1.00000 0.00000
vt 0.00000 1.00000
vt 1.00000 1.00000
vt 0.00000 0.00000
vt 1.00000 0.00000
vt 0.00000 1.00000
vt 1.00000 1.00000
vt 0.00000 0.00000
vt 1.00000 0.00000
vt 0.00000 1.00000
vt 1.00000 1.00000
vt 0.00000 0.00000
vt 1.00000 0.00000
vt 0.00000 1.00000
vt 1.00000 1.00000
f 73/73 75/75 74/74
f 75/75 76/76 74/74
f 77/77 79/79 78/78
f 79/79 80/80 78/78
f 81/81 83/83 82/82
f 83/83 84/84 82/82
f 85/85 87/87 86/86
f 87/87 88/88 86/86
f 89/89 91/91 90/90
f 91/91 92/92 90/90
f 93/93 95/95 94/94
f 95/95 96/96 94/94
v -11.85000 5.20000 -10.00000
v -12.00000 5.20000 -10.00000
v -11.85000 0.00000 -10.00000
v -12.00000 0.00000 -10.00000
v -12.00000 5.20000 2.00000
v -11.85000 5.20000 2.00000
v -12.00000 0.00000 2.00000
v -11.85000 0.00000 2.00000
v -12.00000 5.20000 2.00000
v -12.00000 5.20000 -10.00000
v -11.85000 5.20000 2.00000
v -11.85000 5.20000 -10.00000
v -11.85000 0.00000 2.00000
v -11.85000 0.00000 -10.00000
v -12.00000 0.00000 2.00000
v -12.00000 0.00000 -10.00000
v -11.85000 5.20000 2.00000
v -11.85000 5.20000 -10.00000
v -11.85000 0.00000 2.00000
v -11.85000 0.00000 -10.00000
v -12.00000 5.20000 -10.00000
v -12.00000 5.20000 2.00000
v -12.00000 0.00000 -10.00000
v -12.00000 0.00000 2.00000
vt 0.00000 0.00000
vt 1.00000 0.00000
vt 0.00000 1.00000
vt 1.00000 1.00000
vt 0.00000 0.00000
vt 1.00000 0.00000
vt 0.00000 1.00000
vt 1.00000 1.00000
vt 0.00000 0.00000
vt 1.00000 0.00000
vt 0.00000 1.00000
vt 1.00000 1.00000
vt 0.00000 0.00000
vt 1.00000 0.00000
vt 0.00000 1.00000
vt 1.00000 1.00000
vt 0.00000 0.00000
vt 1.00000 0.00000
vt 0.00000 1.00000
vt 1.00000 1.00000
vt 0.00000 0.00000
vt 1.00000 0.00000
vt 0.00000 1.00000
vt 1.00000 1.00000
f 97/97 99/99 98/98
f 99/99 100/100 98/98
f 101/101 103/103 102/102
f 103/103 104/104 102/102
f 105/105 107/107 106/106
f 107/107 108/108 106/106
f 109/109 111/111 110/110
f 111/111 112/112 110/110
f 113/113 115/115 114/114
f 115/115 116/116 114/114
f 117/117 119/119 118/118
f 119/119 120/120 118/118
v -12.00000 5.20000 2.00000
v -12.00000 6.50000 -4.00000
v -12.00000 5.20000 -10.00000
v -11.85000 5.20000 -10.00000
v -11.85000 6.50000 -4.00000
v -11.85000 5.20000 2.00000
v -12.00000 5.20000 2.00000
v -12.00000 5.20000 -10.00000
v -11.85000 5.20000 2.00000
v -12.00000 5.20000 -10.00000
v -11.85000 5.20000 -10.00000
v -11.85000 5.20000 2.00000
v -12.00000 5.20000 -10.00000
v -12.00000 6.50000 -4.00000
v -11.85000 5.20000 -10.00000
v -12.00000 6.50000 -4.00000
v -11.85000 6.50000 -4.00000
v -11.85000 5.20000 -10.00000
v -12.00000 6.50000 -4.00000
v -12.00000 5.20000 2.00000
v -11.85000 6.50000 -4.00000
v -12.00000 5.20000 2.00000
v -11.85000 5.20000 2.00000
v -11.85000 6.50000 -4.00000
vt -6.00000 1.00000
vt 0.00000 -0.30000
vt 6.00000 1.00000
vt 6.00000 1.00000
vt 0.00000 -0.30000
vt -6.00000 1.00000
vt -6.00000 0.00000
vt 6.00000 0.00000
vt -6.00000 0.15000
vt 6.00000 0.00000
vt 6.00000 0.15000
vt -6.00000 0.15000
vt 6.00000 0.00000
vt 0.00000 0.00000
vt 6.00000 0.15000
vt 0.00000 0.00000
vt 0.00000 0.15000
vt 6.00000 0.15000
vt 0.00000 0.00000
vt -6.00000 0.00000
vt 0.00000 0.15000
vt -6.00000 0.00000
vt -6.00000 0.15000
vt 0.00000 0.15000
f 121/121 122/122 123/123
f 124/124 125/125 126/126
f 127/127 128/128 129/129
f 130/130 131/131 132/132
f 133/133 134/134 135/135
f 136/136 137/137 138/138
f 139/139 140/140 141/141
f 142/142 143/143 144/144
v 12.00000 3.40000 2.00000
v 12.00000 3.40000 1.85000
v 12.00000 -0.00000 2.00000
v 12.00000 -0.00000 1.85000
v 4.00000 3.40000 1.85000
v 4.00000 3.40000 2.00000
v 4.00000 -0.00000 1.85000
v 4.00000 -0.00000 2.00000
v 4.00000 3.40000 1.85000
v 12.00000 3.40000 1.85000
v 4.00000 3.40000 2.00000
v 12.00000 3.40000 2.00000
v 4.00000 -0.00000 2.00000
v 12.00000 -0.00000 2.00000
v 4.00000 -0.00000 1.85000
v 12.00000 -0.00000 1.85000
v 4.00000 3.40000 2.00000
v 12.00000 3.40000 2.00000
v 4.00000 -0.00000 2.00000
v 12.00000 -0.00000 2.00000
v 12.00000 3.40000 1.85000
v 4.00000 3.40000 1.85000
v 12.00000 -0.00000 1.85000
v 4.00000 -0.00000 1.85000
vt 0.00000 0.00000
vt 1.00000 0.00000
vt 0.00000 1.00000
vt 1.00000 1.00000
vt 0.00000 0.00000
vt 1.00000 0.00000
vt 0.00000 1.00000
vt 1.00000 1.00000
vt 0.00000 0.00000
vt 1.00000 0.00000
vt 0.00000 1.00000
vt 1.00000 1.00000
vt 0.00000 0.00000
vt 1.00000 0.00000
vt 0.00000 1.00000
vt 1.00000 1.00000
vt 0.00000 0.00000
vt 1.00000 0.00000
vt 0.00000 1.00000
vt 1.00000 1.00000
vt 0.00000 0.00000
vt 1.00000 0.00000
vt 0.00000 1.00000
vt 1.00000 1.00000
f 145/145 147/147 146/146
f 147/147 148/148 146/146
f 149/149 151/151 150/150
f 151/151 152/152 150/150
f 153/153 155/155 154/154
f 155/155 156/156 154/154
f 157/157 159/159 158/158
f 159/159 160/160 158/158
f 161/161 163/163 162/162
f 163/163 164/164 162/162
f 165/165 167/167 166/166
f 167/167 168/168 166/166
v 12.00000 3.40000 -7.00000
v 11.85000 3.40000 -7.00000
v 12.00000 -0.00000 -7.00000
v 11.85000 -0.00000 -7.00000
v 11.85000 3.40000 2.00000
v 12.00000 3.40000 2.00000
v 11.85000 -0.00000 2.00000
v 12.00000 -0.00000 2.00000
v 11.85000 3.40000 2.00000
v 11.85000 3.40000 -7.00000
v 12.00000 3.40000 2.00000
v 12.00000 3.40000 -7.00000
v 12.00000 -0.00000 2.00000
v 12.00000 -0.00000 -7.00000
v 11.85000 -0.00000 2.00000
v 11.85000 -0.00000 -7.00000
v 12.00000 3.40000 2.00000
v 12.00000 3.40000 -7.00000
v 12.00000 -0.00000 2.00000
v 12.00000 -0.00000 -7.00000
v 11.85000 3.40000 -7.00000
v 11.85000 3.40000 2.00000
v 11.85000 -0.00000 -7.00000
v 11.85000 -0.00000 2.00000
vt 0.00000 0.00000
vt 1.00000 0.00000
vt 0.00000 1.00000
vt 1.00000 1.00000
vt 0.00000 0.00000
vt 1.00000 0.00000
vt 0.00000 1.00000
vt 1.00000 1.00000
vt 0.00000 0.00000
vt 1.00000 0.00000
vt 0.00000 1.00000
vt 1.00000 1.00000
vt 0.00000 0.00000
vt 1.00000 0.00000
vt 0.00000 1.00000
vt 1.00000 1.00000
vt 0.00000 0.00000
vt 1.00000 0.00000
vt 0.00000 1.00000
vt 1.00000 1.00000
vt 0.00000 0.00000
vt 1.00000 0.00000
vt 0.00000 1.00000
vt 1.00000 1.00000
f 169/169 171/171 170/170
f 171/171 172/172 170/170
f 173/173 175/175 174/174
f 175/175 176/176 174/174
f 177/177 179/179 178/178
f 179/179 180/180 178/178
f 181/181 183/183 182/182
f 183/183 184/184 182/182
f 185/185 187/187 186/186
f 187/187 188/188 186/186
f 189/189 191/191 190/190
f 191/191 192/192 190/190
v 12.00000 3.40000 -6.85000
v 12.00000 3.40000 -7.00000
v 12.00000 -0.00000 -6.85000
v 12.00000 -0.00000 -7.00000
v 4.00000 3.40000 -7.00000
v 4.00000 3.40000 -6.85000
v 4.00000 -0.00000 -7.00000
v 4.00000 -0.00000 -6.85000
v 4.00000 3.40000 -7.00000
v 12.00000 3.40000 -7.00000
v 4.00000 3.40000 -6.85000
v 12.00000 3.40000 -6.85000
v 4.00000 -0.00000 -6.85000
v 12.00000 -0.00000 -6.85000
v 4.00000 -0.00000 -7.00000
v 12.00000 -0.00000 -7.00000
v 4.00000 3.40000 -6.85000
v 12.00000 3.40000 -6.85000
v 4.00000 -0.00000 -6.85000
v 12.00000 -0.00000 -6.85000
v 12.00000 3.40000 -7.00000
v 4.00000 3.40000 -7.00000
v 12.00000 -0.00000 -7.00000
v 4.00000 -0.00000 -7.00000
vt 0.00000 0.00000
vt 1.00000 0.00000
vt 0.00000 1.00000
vt 1.00000 1.00000
vt 0.00000 0.00000
vt 1.00000 0.00000
vt 0.00000 1.00000
vt 1.00000 1.00000
vt 0.00000 0.00000
vt 1.00000 0.00000
vt 0.00000 1.00000
vt 1.00000 1.00000
vt 0.00000 0.00000
vt 1.00000 0.00000
vt 0.00000 1.00000
vt 1.00000 1.00000
vt 0.00000 0.00000
vt 1.00000 0.00000
vt 0.00000 1.00000
vt 1.00000 1.00000
vt 0.00000 0.00000
vt 1.00000 0.00000
vt 0.00000 1.00000
vt 1.00000 1.00000
f 193/193 195/195 194/194
f 195/195 196/196 194/194
f 197/197 199/199 198/198
f 199/199 200/200 198/198
f 201/201 203/203 202/202
f 203/203 204/204 202/202
f 205/205 207/207 206/206
f 207/207 208/208 206/206
f 209/209 211/211 210/210
f 211/211 212/212 210/210
f 213/213 215/215 214/214
f 215/215 216/216 214/214
v 11.85000 3.40000 2.00000
v 11.85000 4.40000 -2.50000
v 11.85000 3.40000 -7.00000
v 12.00000 3.40000 -7.00000
v 12.00000 4.40000 -2.50000
v 12.00000 3.40000 2.00000
v 11.85000 3.40000 2.00000
v 11.85000 3.40000 -7.00000
v 12.00000 3.40000 2.00000
v 11.85000 3.40000 -7.00000
v 12.00000 3.40000 -7.00000
v 12.00000 3.40000 2.00000
v 11.85000 3.40000 -7.00000
v 11.85000 4.40000 -2.50000
v 12.00000 3.40000 -7.00000
v 11.85000 4.40000 -2.50000
v 12.00000 4.40000 -2.50000
v 12.00000 3.40000 -7.00000
v 11.85000 4.40000 -2.50000
v 11.85000 3.40000 2.00000
v 12.00000 4.40000 -2.50000
v 11.85000 3.40000 2.00000
v 12.00000 3.40000 2.00000
v 12.00000 4.40000 -2.50000
vt -4.50000 1.00000
vt 0.00000 0.00000
vt 4.50000 1.00000
vt 4.50000 1.00000
vt 0.00000 0.00000
vt -4.50000 1.00000
vt -4.50000 0.00000
vt 4.50000 0.00000
vt -4.50000 0.15000
vt 4.50000 0.00000
vt 4.50000 0.15000
vt -4.50000 0.15000
vt 4.50000 0.00000
vt 0.00000 0.00000
vt 4.50000 0.15000
vt 0.00000 0.00000
vt 0.00000 0.15000
vt 4.50000 0.15000
vt 0.00000 0.00000
vt -4.50000 0.00000
vt 0.00000 0.15000
vt -4.50000 0.00000
vt -4.50000 0.15000
vt 0.00000 0.15000
f 217/217 218/218 219/219
f 220/220 221/221 222/222
f 223/223 224/224 225/225
f 226/226 227/227 228/228
f 229/229 230/230 231/231
f 232/232 233/233 234/234
f 235/235 236/236 237/237
f 238/238 239/239 240/240
usemtl siding_shadowline
v 4.00000 0.35600 2.00225
v 4.00000 0.35600 1.91975
v 4.00000 0.34400 2.00225
v 4.00000 0.34400 1.91975
v -12.00000 0.35600 1.91975
v -12.00000 0.35600 2.00225
v -12.00000 0.34400 1.91975
v -12.00000 0.34400 2.00225
v -12.00000 0.35600 1.91975
v 4.00000 0.35600 1.91975
v -12.00000 0.35600 2.00225
v 4.00000 0.35600 2.00225
v -12.00000 0.34400 2.00225
v 4.00000 0.34400 2.00225
v -12.00000 0.34400 1.91975
v 4.00000 0.34400 1.91975
v -12.00000 0.35600 2.00225
v 4.00000 0.35600 2.00225
v -12.00000 0.34400 2.00225
v 4.00000 0.34400 2.00225
v 4.00000 0.35600 1.91975
v -12.00000 0.35600 1.91975
v 4.00000 0.34400 1.91975
v -12.00000 0.34400 1.91975
vt 0.00000 0.00000
vt 1.00000 0.00000
vt 0.00000 1.00000
vt 1.00000 1.00000
vt 0.00000 0.00000
vt 1.00000 0.00000
vt 0.00000 1.00000
vt 1.00000 1.00000
vt 0.00000 0.00000
vt 1.00000 0.00000
vt 0.00000 1.00000
vt 1.00000 1.00000
vt 0.00000 0.00000
vt 1.00000 0.00000
vt 0.00000 1.00000
vt 1.00000 1.00000
vt 0.00000 0.00000
vt 1.00000 0.00000
vt 0.00000 1.00000
vt 1.00000 1.00000
vt 0.00000 0.00000
vt 1.00000 0.00000
vt 0.00000 1.00000
vt 1.00000 1.00000
f 241/241 243/243 242/242
f 243/243 244/244 242/242
f 245/245 247/247 246/246
f 247/247 248/248 246/246
f 249/249 251/251 250/250
f 251/251 252/252 250/250
f 253/253 255/255 254/254
f 255/255 256/256 254/254
f 257/257 259/259 258/258
f 259/259 260/260 258/258
f 261/261 263/263 262/262
f 263/263 264/264 262/262
v 4.00000 0.70600 2.00225
v 4.00000 0.70600 1.91975
v 4.00000 0.69400 2.00225
v 4.00000 0.69400 1.91975
v -12.00000 0.70600 1.91975
v -12.00000 0.70600 2.00225
v -12.00000 0.69400 1.91975
v -12.00000 0.69400 2.00225
v -12.00000 0.70600 1.91975
v 4.00000 0.70600 1.91975
v -12.00000 0.70600 2.00225
v 4.00000 0.70600 2.00225
v -12.00000 0.69400 2.00225
v 4.00000 0.69400 2.00225
v -12.00000 0.69400 1.91975
v 4.00000 0.69400 1.91975
v -12.00000 0.70600 2.00225
v 4.00000 0.70600 2.00225
v -12.00000 0.69400 2.00225
v 4.00000 0.69400 2.00225
v 4.00000 0.70600 1.91975
v -12.00000 0.70600 1.91975
v 4.00000 0.69400 1.91975
v -12.00000 0.69400 1.91975
vt 0.00000 0.00000
vt 1.00000 0.00000
vt 0.00000 1.00000
vt 1.00000 1.00000
vt 0.00000 0.00000
vt 1.00000 0.00000
vt 0.00000 1.00000
vt 1.00000 1.00000
vt 0.00000 0.00000
vt 1.00000 0.00000
vt 0.00000 1.00000
vt 1.00000 1.00000
vt 0.00000 0.00000
vt 1.00000 0.00000
vt 0.00000 1.00000
vt 1.00000 1.00000
vt 0.00000 0.00000
vt 1.00000 0.00000
vt 0.00000 1.00000
vt 1.00000 1.00000
vt 0.00000 0.00000
vt 1.00000 0.00000
vt 0.00000 1.00000
vt 1.00000 1.00000
f 265/265 267/267 266/266
f 267/267 268/268 266/266
f 269/269 271/271 270/270
f 271/271 272/272 270/270
f 273/273 275/275 274/274
f 275/275 276/276 274/274
f 277/277 279/279 278/278
f 279/279 280/280 278/278
f 281/281 283/283 282/282
f 283/283 284/284 282/282
f 285/285 287/287 286/286
f 287/287 288/288 286/286
v 4.00000 1.05600 2.00225
v 4.00000 1.05600 1.91975
v 4.00000 1.04400 2.00225
v 4.00000 1.04400 1.91975
v -12.00000 1.05600 1.91975
v -12.00000 1.05600 2.00225
v -12.00000 1.04400 1.91975
v -12.00000 1.04400 2.00225
v -12.00000 1.05600 1.91975
v 4.00000 1.05600 1.91975
v -12.00000 1.05600 2.00225
v 4.00000 1.05600 2.00225
v -12.00000 1.04400 2.00225
v 4.00000 1.04400 2.00225
v -12.00000 1.04400 1.91975
v 4.00000 1.04400 1.91975
v -12.00000 1.05600 2.00225
v 4.00000 1.05600 2.00225
v -12.00000 1.04400 2.00225
v 4.00000 1.04400 2.00225
v 4.00000 1.05600 1.91975
v -12.00000 1.05600 1.91975
v 4.00000 1.04400 1.91975
v -12.00000 1.04400 1.91975
vt 0.00000 0.00000
vt 1.00000 0.00000
vt 0.00000 1.00000
vt 1.00000 1.00000
vt 0.00000 0.00000
vt 1.00000 0.00000
vt 0.00000 1.00000
vt 1.00000 1.00000
vt 0.00000 0.00000
vt 1.00000 0.00000
vt 0.00000 1.00000
vt 1.00000 1.00000
vt 0.00000 0.00000
vt 1.00000 0.00000
vt 0.00000 1.00000
vt 1.00000 1.00000
vt 0.00000 0.00000
vt 1.00000 0.00000
vt 0.00000 1.00000
vt 1.00000 1.00000
vt 0.00000 0.00000
vt 1.00000 0.00000
vt 0.00000 1.00000
vt 1.00000 1.00000
f 289/289 291/291 290/290
f 291/291 292/292 290/290
f 293/293 295/295 294/294
f 295/295 296/296 294/294
f 297/297 299/299 298/298
f 299/299 300/300 298/298
f 301/301 303/303 302/302
f 303/303 304/304 302/302
f 305/305 307/307 306/306
f 307/307 308/308 306/306
f 309/309 311/311 310/310
f 311/311 312/312 310/310
v 4.00000 1.40600 2.00225
v 4.00000 1.40600 1.91975
v 4.00000 1.39400 2.00225
v 4.00000 1.39400 1.91975
v -12.00000 1.40600 1.91975
v -12.00000 1.40600 2.00225
v -12.00000 1.39400 1.91975
v -12.00000 1.39400 2.00225
v -12.00000 1.40600 1.91975
v 4.00000 1.40600 1.91975
v -12.00000 1.40600 2.00225
v 4.00000 1.40600 2.00225
v -12.00000 1.39400 2.00225
v 4.00000 1.39400 2.00225
v -12.00000 1.39400 1.91975
v 4.00000 1.39400 1.91975
v -12.00000 1.40600 2.00225
v 4.00000 1.40600 2.00225
v -12.00000 1.39400 2.00225
v 4.00000 1.39400 2.00225
v 4.00000 1.40600 1.91975
v -12.00000 1.40600 1.91975
v 4.00000 1.39400 1.91975
v -12.00000 1.39400 1.91975
vt 0.00000 0.00000
vt 1.00000 0.00000
vt 0.00000 1.00000
vt 1.00000 1.00000
vt 0.00000 0.00000
vt 1.00000 0.00000
vt 0.00000 1.00000
vt 1.00000 1.00000
vt 0.00000 0.00000
vt 1.00000 0.00000
vt 0.00000 1.00000
vt 1.00000 1.00000
vt 0.00000 0.00000
vt 1.00000 0.00000
vt 0.00000 1.00000
vt 1.00000 1.00000
vt 0.00000 0.00000
vt 1.00000 0.00000
vt 0.00000 1.00000
vt 1.00000 1.00000
vt 0.00000 0.00000
vt 1.00000 0.00000
vt 0.00000 1.00000
vt 1.00000 1.00000
f 313/313 315/315 314/314
f 315/315 316/316 314/314
f 317/317 319/319 318/318
f 319/319 320/320 318/318
f 321/321 323/323 322/322
f 323/323 324/324 322/322
f 325/325 327/327 326/326
f 327/327 328/328 326/326
f 329/329 331/331 330/330
f 331/331 332/332 330/330
f 333/333 335/335 334/334
f 335/335 336/336 334/334
v 4.00000 1.75600 2.00225
v 4.00000 1.75600 1.91975
v 4.00000 1.74400 2.00225
v 4.00000 1.74400 1.91975
v -12.00000 1.75600 1.91975
v -12.00000 1.75600 2.00225
v -12.00000 1.74400 1.91975
v -12.00000 1.74400 2.00225
v -12.00000 1.75600 1.91975
v 4.00000 1.75600 1.91975
v -12.00000 1.75600 2.00225
v 4.00000 1.75600 2.00225
v -12.00000 1.74400 2.00225
v 4.00000 1.74400 2.00225
v -12.00000 1.74400 1.91975
v 4.00000 1.74400 1.91975
v -12.00000 1.75600 2.00225
v 4.00000 1.75600 2.00225
v -12.00000 1.74400 2.00225
v 4.00000 1.74400 2.00225
v 4.00000 1.75600 1.91975
v -12.00000 1.75600 1.91975
v 4.00000 1.74400 1.91975
v -12.00000 1.74400 1.91975
vt 0.00000 0.00000
vt 1.00000 0.00000
vt 0.00000 1.00000
vt 1.00000 1.00000
vt 0.00000 0.00000
vt 1.00000 0.00000
vt 0.00000 1.00000
vt 1.00000 1.00000
vt 0.00000 0.00000
vt 1.00000 0.00000
vt 0.00000 1.00000
vt 1.00000 1.00000
vt 0.00000 0.00000
vt 1.00000 0.00000
vt 0.00000 1.00000
vt 1.00000 1.00000
vt 0.00000 0.00000
vt 1.00000 0.00000
vt 0.00000 1.00000
vt 1.00000 1.00000
vt 0.00000 0.00000
vt 1.00000 0.00000
vt 0.00000 1.00000
vt 1.00000 1.00000
f 337/337 339/339 338/338
f 339/339 340/340 338/338
f 341/341 343/343 342/342
f 343/343 344/344 342/342
f 345/345 347/347 346/346
f 347/347 348/348 346/346
f 349/349 351/351 350/350
f 351/351 352/352 350/350
f 353/353 355/355 354/354
f 355/355 356/356 354/354
f 357/357 359/359 358/358
f 359/359 360/360 358/358
v 4.00000 2.10600 2.00225
v 4.00000 2.10600 1.91975
v 4.00000 2.09400 2.00225
v 4.00000 2.09400 1.91975
v -12.00000 2.10600 1.91975
v -12.00000 2.10600 2.00225
v -12.00000 2.09400 1.91975
v -12.00000 2.09400 2.00225
v -12.00000 2.10600 1.91975
v 4.00000 2.10600 1.91975
v -12.00000 2.10600 2.00225
v 4.00000 2.10600 2.00225
v -12.00000 2.09400 2.00225
v 4.00000 2.09400 2.00225
v -12.00000 2.09400 1.91975
v 4.00000 2.09400 1.91975
v -12.00000 2.10600 2.00225
v 4.00000 2.10600 2.00225
v -12.00000 2.09400 2.00225
v 4.00000 2.09400 2.00225
v 4.00000 2.10600 1.91975
v -12.00000 2.10600 1.91975
v 4.00000 2.09400 1.91975
v -12.00000 2.09400 1.91975
vt 0.00000 0.00000
vt 1.00000 0.00000
vt 0.00000 1.00000
vt 1.00000 1.00000
vt 0.00000 0.00000
vt 1.00000 0.00000
vt 0.00000 1.00000
vt 1.00000 1.00000
vt 0.00000 0.00000
vt 1.00000 0.00000
vt 0.00000 1.00000
vt 1.00000 1.00000
vt 0.00000 0.00000
vt 1.00000 0.00000
vt 0.00000 1.00000
vt 1.00000 1.00000
vt 0.00000 0.00000
vt 1.00000 0.00000
vt 0.00000 1.00000
vt 1.00000 1.00000
vt 0.00000 0.00000
vt 1.00000 0.00000
vt 0.00000 1.00000
vt 1.00000 1.00000
f 361/361 363/363 362/362
f 363/363 364/364 362/362
f 365/365 367/367 366/366
f 367/367 368/368 366/366
f 369/369 371/371 370/370
f 371/371 372/372 370/370
f 373/373 375/375 374/374
f 375/375 376/376 374/374
f 377/377 379/379 378/378
f 379/379 380/380 378/378
f 381/381 383/383 382/382
f 383/383 384/384 382/382
v 4.00000 2.45600 2.00225
v 4.00000 2.45600 1.91975
v 4.00000 2.44400 2.00225
v 4.00000 2.44400 1.91975
v -12.00000 2.45600 1.91975
v -12.00000 2.45600 2.00225
v -12.00000 2.44400 1.91975
v -12.00000 2.44400 2.00225
v -12.00000 2.45600 1.91975
v 4.00000 2.45600 1.91975
v -12.00000 2.45600 2.00225
v 4.00000 2.45600 2.00225
v -12.00000 2.44400 2.00225
v 4.00000 2.44400 2.00225
v -12.00000 2.44400 1.91975
v 4.00000 2.44400 1.91975
v -12.00000 2.45600 2.00225
v 4.00000 2.45600 2.00225
v -12.00000 2.44400 2.00225
v 4.00000 2.44400 2.00225
v 4.00000 2.45600 1.91975
v -12.00000 2.45600 1.91975
v 4.00000 2.44400 1.91975
v -12.00000 2.44400 1.91975
vt 0.00000 0.00000
vt 1.00000 0.00000
vt 0.00000 1.00000
vt 1.00000 1.00000
vt 0.00000 0.00000
vt 1.00000 0.00000
vt 0.00000 1.00000
vt 1.00000 1.00000
vt 0.00000 0.00000
vt 1.00000 0.00000
vt 0.00000 1.00000
vt 1.00000 1.00000
vt 0.00000 0.00000
vt 1.00000 0.00000
vt 0.00000 1.00000
vt 1.00000 1.00000
vt 0.00000 0.00000
vt 1.00000 0.00000
vt 0.00000 1.00000
vt 1.00000 1.00000
vt 0.00000 0.00000
vt 1.00000 0.00000
vt 0.00000 1.00000
vt 1.00000 1.00000
f 385/385 387/387 386/386
f 387/387 388/388 386/386
f 389/389 391/391 390/390
f 391/391 392/392 390/390
f 393/393 395/395 394/394
f 395/395 396/396 394/394
f 397/397 399/399 398/398
f 399/399 400/400 398/398
f 401/401 403/403 402/402
f 403/403 404/404 402/402
f 405/405 407/407 406/406
f 407/407 408/408 406/406
v 4.00000 2.80600 2.00225
v 4.00000 2.80600 1.91975
v 4.00000 2.79400 2.00225
v 4.00000 2.79400 1.91975
v -12.00000 2.80600 1.91975
v -12.00000 2.80600 2.00225
v -12.00000 2.79400 1.91975
v -12.00000 2.79400 2.00225
v -12.00000 2.80600 1.91975
v 4.00000 2.80600 1.91975
v -12.00000 2.80600 2.00225
v 4.00000 2.80600 2.00225
v -12.00000 2.79400 2.00225
v 4.00000 2.79400 2.00225
v -12.00000 2.79400 1.91975
v 4.00000 2.79400 1.91975
v -12.00000 2.80600 2.00225
v 4.00000 2.80600 2.00225
v -12.00000 2.79400 2.00225
v 4.00000 2.79400 2.00225
v 4.00000 2.80600 1.91975
v -12.00000 2.80600 1.91975
v 4.00000 2.79400 1.91975
v -12.00000 2.79400 1.91975
vt 0.00000 0.00000
vt 1.00000 0.00000
vt 0.00000 1.00000
vt 1.00000 1.00000
vt 0.00000 0.00000
vt 1.00000 0.00000
vt 0.00000 1.00000
vt 1.00000 1.00000
vt 0.00000 0.00000
vt 1.00000 0.00000
vt 0.00000 1.00000
vt 1.00000 1.00000
vt 0.00000 0.00000
vt 1.00000 0.00000
vt 0.00000 1.00000
vt 1.00000 1.00000
vt 0.00000 0.00000
vt 1.00000 0.00000
vt 0.00000 1.00000
vt 1.00000 1.00000
vt 0.00000 0.00000
vt 1.00000 0.00000
vt 0.00000 1.00000
vt 1.00000 1.00000
f 409/409 411/411 410/410
f 411/411 412/412 410/410
f 413/413 415/415 414/414
f 415/415 416/416 414/414
f 417/417 419/419 418/418
f 419/419 420/420 418/418
f 421/421 423/423 422/422
f 423/423 424/424 422/422
f 425/425 427/427 426/426
f 427/427 428/428 426/426
f 429/429 431/431 430/430
f 431/431 432/432 430/430
v 4.00000 3.15600 2.00225
v 4.00000 3.15600 1.91975
v 4.00000 3.14400 2.00225
v 4.00000 3.14400 1.91975
v -12.00000 3.15600 1.91975
v -12.00000 3.15600 2.00225
v -12.00000 3.14400 1.91975
v -12.00000 3.14400 2.00225
v -12.00000 3.15600 1.91975
v 4.00000 3.15600 1.91975
v -12.00000 3.15600 2.00225
v 4.00000 3.15600 2.00225
v -12.00000 3.14400 2.00225
v 4.00000 3.14400 2.00225
v -12.00000 3.14400 1.91975
v 4.00000 3.14400 1.91975
v -12.00000 3.15600 2.00225
v 4.00000 3.15600 2.00225
v -12.00000 3.14400 2.00225
v 4.00000 3.14400 2.00225
v 4.00000 3.15600 1.91975
v -12.00000 3.15600 1.91975
v 4.00000 3.14400 1.91975
v -12.00000 3.14400 1.91975
vt 0.00000 0.00000
vt 1.00000 0.00000
vt 0.00000 1.00000
vt 1.00000 1.00000
vt 0.00000 0.00000
vt 1.00000 0.00000
vt 0.00000 1.00000
vt 1.00000 1.00000
vt 0.00000 0.00000
vt 1.00000 0.00000
vt 0.00000 1.00000
vt 1.00000 1.00000
vt 0.00000 0.00000
vt 1.00000 0.00000
vt 0.00000 1.00000
vt 1.00000 1.00000
vt 0.00000 0.00000
vt 1.00000 0.00000
vt 0.00000 1.00000
vt 1.00000 1.00000
vt 0.00000 0.00000
vt 1.00000 0.00000
vt 0.00000 1.00000
vt 1.00000 1.00000
f 433/433 435/435 434/434
f 435/435 436/436 434/434
f 437/437 439/439 438/438
f 439/439 440/440 438/438
f 441/441 443/443 442/442
f 443/443 444/444 442/442
f 445/445 447/447 446/446
f 447/447 448/448 446/446
f 449/449 451/451 450/450
f 451/451 452/452 450/450
f 453/453 455/455 454/454
f 455/455 456/456 454/454
v 4.00000 3.50600 2.00225
v 4.00000 3.50600 1.91975
v 4.00000 3.49400 2.00225
v 4.00000 3.49400 1.91975
v -12.00000 3.50600 1.91975
v -12.00000 3.50600 2.00225
v -12.00000 3.49400 1.91975
v -12.00000 3.49400 2.00225
v -12.00000 3.50600 1.91975
v 4.00000 3.50600 1.91975
v -12.00000 3.50600 2.00225
v 4.00000 3.50600 2.00225
v -12.00000 3.49400 2.00225
v 4.00000 3.49400 2.00225
v -12.00000 3.49400 1.91975
v 4.00000 3.49400 1.91975
v -12.00000 3.50600 2.00225
v 4.00000 3.50600 2.00225
v -12.00000 3.49400 2.00225
v 4.00000 3.49400 2.00225
v 4.00000 3.50600 1.91975
v -12.00000 3.50600 1.91975
v 4.00000 3.49400 1.91975
v -12.00000 3.49400 1.91975
vt 0.00000 0.00000
vt 1.00000 0.00000
vt 0.00000 1.00000
vt 1.00000 1.00000
vt 0.00000 0.00000
vt 1.00000 0.00000
vt 0.00000 1.00000
vt 1.00000 1.00000
vt 0.00000 0.00000
vt 1.00000 0.00000
vt 0.00000 1.00000
vt 1.00000 1.00000
vt 0.00000 0.00000
vt 1.00000 0.00000
vt 0.00000 1.00000
vt 1.00000 1.00000
vt 0.00000 0.00000
vt 1.00000 0.00000
vt 0.00000 1.00000
vt 1.00000 1.00000
vt 0.00000 0.00000
vt 1.00000 0.00000
vt 0.00000 1.00000
vt 1.00000 1.00000
f 457/457 459/459 458/458
f 459/459 460/460 458/458
f 461/461 463/463 462/462
f 463/463 464/464 462/462
f 465/465 467/467 466/466
f 467/467 468/468 466/466
f 469/469 471/471 470/470
f 471/471 472/472 470/470
f 473/473 475/475 474/474
f 475/475 476/476 474/474
f 477/477 479/479 478/478
f 479/479 480/480 478/478
v 4.00000 3.85600 2.00225
v 4.00000 3.85600 1.91975
v 4.00000 3.84400 2.00225
v 4.00000 3.84400 1.91975
v -12.00000 3.85600 1.91975
v -12.00000 3.85600 2.00225
v -12.00000 3.84400 1.91975
v -12.00000 3.84400 2.00225
v -12.00000 3.85600 1.91975
v 4.00000 3.85600 1.91975
v -12.00000 3.85600 2.00225
v 4.00000 3.85600 2.00225
v -12.00000 3.84400 2.00225
v 4.00000 3.84400 2.00225
v -12.00000 3.84400 1.91975
v 4.00000 3.84400 1.91975
v -12.00000 3.85600 2.00225
v 4.00000 3.85600 2.00225
v -12.00000 3.84400 2.00225
v 4.00000 3.84400 2.00225
v 4.00000 3.85600 1.91975
v -12.00000 3.85600 1.91975
v 4.00000 3.84400 1.91975
v -12.00000 3.84400 1.91975
vt 0.00000 0.00000
vt 1.00000 0.00000
vt 0.00000 1.00000
vt 1.00000 1.00000
vt 0.00000 0.00000
vt 1.00000 0.00000
vt 0.00000 1.00000
vt 1.00000 1.00000
vt 0.00000 0.00000
vt 1.00000 0.00000
vt 0.00000 1.00000
vt 1.00000 1.00000
vt 0.00000 0.00000
vt 1.00000 0.00000
vt 0.00000 1.00000
vt 1.00000 1.00000
vt 0.00000 0.00000
vt 1.00000 0.00000
vt 0.00000 1.00000
vt 1.00000 1.00000
vt 0.00000 0.00000
vt 1.00000 0.00000
vt 0.00000 1.00000
vt 1.00000 1.00000
f 481/481 483/483 482/482
f 483/483 484/484 482/482
f 485/485 487/487 486/486
f 487/487 488/488 486/486
f 489/489 491/491 490/490
f 491/491 492/492 490/490
f 493/493 495/495 494/494
f 495/495 496/496 494/494
f 497/497 499/499 498/498
f 499/499 500/500 498/498
f 501/501 503/503 502/502
f 503/503 504/504 502/502
v 4.00000 4.20600 2.00225
v 4.00000 4.20600 1.91975
v 4.00000 4.19400 2.00225
v 4.00000 4.19400 1.91975
v -12.00000 4.20600 1.91975
v -12.00000 4.20600 2.00225
v -12.00000 4.19400 1.91975
v -12.00000 4.19400 2.00225
v -12.00000 4.20600 1.91975
v 4.00000 4.20600 1.91975
v -12.00000 4.20600 2.00225
v 4.00000 4.20600 2.00225
v -12.00000 4.19400 2.00225
v 4.00000 4.19400 2.00225
v -12.00000 4.19400 1.91975
v 4.00000 4.19400 1.91975
v -12.00000 4.20600 2.00225
v 4.00000 4.20600 2.00225
v -12.00000 4.19400 2.00225
v 4.00000 4.19400 2.00225
v 4.00000 4.20600 1.91975
v -12.00000 4.20600 1.91975
v 4.00000 4.19400 1.91975
v -12.00000 4.19400 1.91975
vt 0.00000 0.00000
vt 1.00000 0.00000
vt 0.00000 1.00000
vt 1.00000 1.00000
vt 0.00000 0.00000
vt 1.00000 0.00000
vt 0.00000 1.00000
vt 1.00000 1.00000
vt 0.00000 0.00000
vt 1.00000 0.00000
vt 0.00000 1.00000
vt 1.00000 1.00000
vt 0.00000 0.00000
vt 1.00000 0.00000
vt 0.00000 1.00000
vt 1.00000 1.00000
vt 0.00000 0.00000
vt 1.00000 0.00000
vt 0.00000 1.00000
vt 1.00000 1.00000
vt 0.00000 0.00000
vt 1.00000 0.00000
vt 0.00000 1.00000
vt 1.00000 1.00000
f 505/505 507/507 506/506
f 507/507 508/508 506/506
f 509/509 511/511 510/510
f 511/511 512/512 510/510
f 513/513 515/515 514/514
f 515/515 516/516 514/514
f 517/517 519/519 518/518
f 519/519 520/520 518/518
f 521/521 523/523 522/522
f 523/523 524/524 522/522
f 525/525 527/527 526/526
f 527/527 528/528 526/526
v 4.00000 4.55600 2.00225
v 4.00000 4.55600 1.91975
v 4.00000 4.54400 2.00225
v 4.00000 4.54400 1.91975
v -12.00000 4.55600 1.91975
v -12.00000 4.55600 2.00225
v -12.00000 4.54400 1.91975
v -12.00000 4.54400 2.00225
v -12.00000 4.55600 1.91975
v 4.00000 4.55600 1.91975
v -12.00000 4.55600 2.00225
v 4.00000 4.55600 2.00225
v -12.00000 4.54400 2.00225
v 4.00000 4.54400 2.00225
v -12.00000 4.54400 1.91975
v 4.00000 4.54400 1.91975
v -12.00000 4.55600 2.00225
v 4.00000 4.55600 2.00225
v -12.00000 4.54400 2.00225
v 4.00000 4.54400 2.00225
v 4.00000 4.55600 1.91975
v -12.00000 4.55600 1.91975
v 4.00000 4.54400 1.91975
v -12.00000 4.54400 1.91975
vt 0.00000 0.00000
vt 1.00000 0.00000
vt 0.00000 1.00000
vt 1.00000 1.00000
vt 0.00000 0.00000
vt 1.00000 0.00000
vt 0.00000 1.00000
vt 1.00000 1.00000
vt 0.00000 0.00000
vt 1.00000 0.00000
vt 0.00000 1.00000
vt 1.00000 1.00000
vt 0.00000 0.00000
vt 1.00000 0.00000
vt 0.00000 1.00000
vt 1.00000 1.00000
vt 0.00000 0.00000
vt 1.00000 0.00000
vt 0.00000 1.00000
vt 1.00000 1.00000
vt 0.00000 0.00000
vt 1.00000 0.00000
vt 0.00000 1.00000
vt 1.00000 1.00000
f 529/529 531/531 530/530
f 531/531 532/532 530/530
f 533/533 535/535 534/534
f 535/535 536/536 534/534
f 537/537 539/539 538/538
f 539/539 540/540 538/538
f 541/541 543/543 542/542
f 543/543 544/544 542/542
f 545/545 547/547 546/546
f 547/547 548/548 546/546
f 549/549 551/551 550/550
f 551/551 552/552 550/550
v 4.00000 0.35600 -9.84775
v 4.00000 0.35600 -9.93025
v 4.00000 0.34400 -9.84775
v 4.00000 0.34400 -9.93025
v -12.00000 0.35600 -9.93025
v -12.00000 0.35600 -9.84775
v -12.00000 0.34400 -9.93025
v -12.00000 0.34400 -9.84775
v -12.00000 0.35600 -9.93025
v 4.00000 0.35600 -9.93025
v -12.00000 0.35600 -9.84775
v 4.00000 0.35600 -9.84775
v -12.00000 0.34400 -9.84775
v 4.00000 0.34400 -9.84775
v -12.00000 0.34400 -9.93025
v 4.00000 0.34400 -9.93025
v -12.00000 0.35600 -9.84775
v 4.00000 0.35600 -9.84775
v -12.00000 0.34400 -9.84775
v 4.00000 0.34400 -9.84775
v 4.00000 0.35600 -9.93025
v -12.00000 0.35600 -9.93025
v 4.00000 0.34400 -9.93025
v -12.00000 0.34400 -9.93025
vt 0.00000 0.00000
vt 1.00000 0.00000
vt 0.00000 1.00000
vt 1.00000 1.00000
vt 0.00000 0.00000
vt 1.00000 0.00000
vt 0.00000 1.00000
vt 1.00000 1.00000
vt 0.00000 0.00000
vt 1.00000 0.00000
vt 0.00000 1.00000
vt 1.00000 1.00000
vt 0.00000 0.00000
vt 1.00000 0.00000
vt 0.00000 1.00000
vt 1.00000 1.00000
vt 0.00000 0.00000
vt 1.00000 0.00000
vt 0.00000 1.00000
vt 1.00000 1.00000
vt 0.00000 0.00000
vt 1.00000 0.00000
vt 0.00000 1.00000
vt 1.00000 1.00000
f 553/553 555/555 554/554
f 555/555 556/556 554/554
f 557/557 559/559 558/558
f 559/559 560/560 558/558
f 561/561 563/563 562/562
f 563/563 564/564 562/562
f 565/565 567/567 566/566
f 567/567 568/568 566/566
f 569/569 571/571 570/570
f 571/571 572/572 570/570
f 573/573 575/575 574/574
f 575/575 576/576 574/574
v 4.00000 0.70600 -9.84775
v 4.00000 0.70600 -9.93025
v 4.00000 0.69400 -9.84775
v 4.00000 0.69400 -9.93025
v -12.00000 0.70600 -9.93025
v -12.00000 0.70600 -9.84775
v -12.00000 0.69400 -9.93025
v -12.00000 0.69400 -9.84775
v -12.00000 0.70600 -9.93025
v 4.00000 0.70600 -9.93025
v -12.00000 0.70600 -9.84775
v 4.00000 0.70600 -9.84775
v -12.00000 0.69400 -9.84775
v 4.00000 0.69400 -9.84775
v -12.00000 0.69400 -9.93025
v 4.00000 0.69400 -9.93025
v -12.00000 0.70600 -9.84775
v 4.00000 0.70600 -9.84775
v -12.00000 0.69400 -9.84775
v 4.00000 0.69400 -9.84775
v 4.00000 0.70600 -9.93025
v -12.00000 0.70600 -9.93025
v 4.00000 0.69400 -9.93025
v -12.00000 0.69400 -9.93025
vt 0.00000 0.00000
vt 1.00000 0.00000
vt 0.00000 1.00000
vt 1.00000 1.00000
vt 0.00000 0.00000
vt 1.00000 0.00000
vt 0.00000 1.00000
vt 1.00000 1.00000
vt 0.00000 0.00000
vt 1.00000 0.00000
vt 0.00000 1.00000
vt 1.00000 1.00000
vt 0.00000 0.00000
vt 1.00000 0.00000
vt 0.00000 1.00000
vt 1.00000 1.00000
vt 0.00000 0.00000
vt 1.00000 0.00000
vt 0.00000 1.00000
vt 1.00000 1.00000
vt 0.00000 0.00000
vt 1.00000 0.00000
vt 0.00000 1.00000
vt 1.00000 1.00000
f 577/577 579/579 578/578
f 579/579 580/580 578/578
f 581/581 583/583 582/582
f 583/583 584/584 582/582
f 585/585 587/587 586/586
f 587/587 588/588 586/586
f 589/589 591/591 590/590
f 591/591 592/592 590/590
f 593/593 595/595 594/594
f 595/595 596/596 594/594
f 597/597 599/599 598/598
f 599/599 600/600 598/598
v 4.00000 1.05600 -9.84775
v 4.00000 1.05600 -9.93025
v 4.00000 1.04400 -9.84775
v 4.00000 1.04400 -9.93025
v -12.00000 1.05600 -9.93025
v -12.00000 1.05600 -9.84775
v -12.00000 1.04400 -9.93025
v -12.00000 1.04400 -9.84775
v -12.00000 1.05600 -9.93025
v 4.00000 1.05600 -9.93025
v -12.00000 1.05600 -9.84775
v 4.00000 1.05600 -9.84775
v -12.00000 1.04400 -9.84775
v 4.00000 1.04400 -9.84775
v -12.00000 1.04400 -9.93025
v 4.00000 1.04400 -9.93025
v -12.00000 1.05600 -9.84775
v 4.00000 1.05600 -9.84775
v -12.00000 1.04400 -9.84775
v 4.00000 1.04400 -9.84775
v 4.00000 1.05600 -9.93025
v -12.00000 1.05600 -9.93025
v 4.00000 1.04400 -9.93025
v -12.00000 1.04400 -9.93025
vt 0.00000 0.00000
vt 1.00000 0.00000
vt 0.00000 1.00000
vt 1.00000 1.00000
vt 0.00000 0.00000
vt 1.00000 0.00000
vt 0.00000 1.00000
vt 1.00000 1.00000
vt 0.00000 0.00000
vt 1.00000 0.00000
vt 0.00000 1.00000
vt 1.00000 1.00000
vt 0.00000 0.00000
vt 1.00000 0.00000
vt 0.00000 1.00000
vt 1.00000 1.00000
vt 0.00000 0.00000
vt 1.00000 0.00000
vt 0.00000 1.00000
vt 1.00000 1.00000
vt 0.00000 0.00000
vt 1.00000 0.00000
vt 0.00000 1.00000
vt 1.00000 1.00000
f 601/601 603/603 602/602
f 603/603 604/604 602/602
f 605/605 607/607 606/606
f 607/607 608/608 606/606
f 609/609 611/611 610/610
f 611/611 612/612 610/610
f 613/613 615/615 614/614
f 615/615 616/616 614/614
f 617/617 619/619 618/618
f 619/619 620/620 618/618
f 621/621 623/623 622/622
f 623/623 624/624 622/622
v 4.00000 1.40600 -9.84775
v 4.00000 1.40600 -9.93025
v 4.00000 1.39400 -9.84775
v 4.00000 1.39400 -9.93025
v -12.00000 1.40600 -9.93025
v -12.00000 1.40600 -9.84775
v -12.00000 1.39400 -9.93025
v -12.00000 1.39400 -9.84775
v -12.00000 1.40600 -9.93025
v 4.00000 1.40600 -9.93025
v -12.00000 1.40600 -9.84775
v 4.00000 1.40600 -9.84775
v -12.00000 1.39400 -9.84775
v 4.00000 1.39400 -9.84775
v -12.00000 1.39400 -9.93025
v 4.00000 1.39400 -9.93025
v -12.00000 1.40600 -9.84775
v 4.00000 1.40600 -9.84775
v -12.00000 1.39400 -9.84775
v 4.00000 1.39400 -9.84775
v 4.00000 1.40600 -9.93025
v -12.00000 1.40600 -9.93025
v 4.00000 1.39400 -9.93025
v -12.00000 1.39400 -9.93025
vt 0.00000 0.00000
vt 1.00000 0.00000
vt 0.00000 1.00000
vt 1.00000 1.00000
vt 0.00000 0.00000
vt 1.00000 0.00000
vt 0.00000 1.00000
vt 1.00000 1.00000
vt 0.00000 0.00000
vt 1.00000 0.00000
vt 0.00000 1.00000
vt 1.00000 1.00000
vt 0.00000 0.00000
vt 1.00000 0.00000
vt 0.00000 1.00000
vt 1.00000 1.00000
vt 0.00000 0.00000
vt 1.00000 0.00000
vt 0.00000 1.00000
vt 1.00000 1.00000
vt 0.00000 0.00000
vt 1.00000 0.00000
vt 0.00000 1.00000
vt 1.00000 1.00000
f 625/625 627/627 626/626
f 627/627 628/628 626/626
f 629/629 631/631 630/630
f 631/631 632/632 630/630
f 633/633 635/635 634/634
f 635/635 636/636 634/634
f 637/637 639/639 638/638
f 639/639 640/640 638/638
f 641/641 643/643 642/642
f 643/643 644/644 642/642
f 645/645 647/647 646/646
f 647/647 648/648 646/646
v 4.00000 1.75600 -9.84775
v 4.00000 1.75600 -9.93025
v 4.00000 1.74400 -9.84775
v 4.00000 1.74400 -9.93025
v -12.00000 1.75600 -9.93025
v -12.00000 1.75600 -9.84775
v -12.00000 1.74400 -9.93025
v -12.00000 1.74400 -9.84775
v -12.00000 1.75600 -9.93025
v 4.00000 1.75600 -9.93025
v -12.00000 1.75600 -9.84775
v 4.00000 1.75600 -9.84775
v -12.00000 1.74400 -9.84775
v 4.00000 1.74400 -9.84775
v -12.00000 1.74400 -9.93025
v 4.00000 1.74400 -9.93025
v -12.00000 1.75600 -9.84775
v 4.00000 1.75600 -9.84775
v -12.00000 1.74400 -9.84775
v 4.00000 1.74400 -9.84775
v 4.00000 1.75600 -9.93025
v -12.00000 1.75600 -9.93025
v 4.00000 1.74400 -9.93025
v -12.00000 1.74400 -9.93025
vt 0.00000 0.00000
vt 1.00000 0.00000
vt 0.00000 1.00000
vt 1.00000 1.00000
vt 0.00000 0.00000
vt 1.00000 0.00000
vt 0.00000 1.00000
vt 1.00000 1.00000
vt 0.00000 0.00000
vt 1.00000 0.00000
vt 0.00000 1.00000
vt 1.00000 1.00000
vt 0.00000 0.00000
vt 1.00000 0.00000
vt 0.00000 1.00000
vt 1.00000 1.00000
vt 0.00000 0.00000
vt 1.00000 0.00000
vt 0.00000 1.00000
vt 1.00000 1.00000
vt 0.00000 0.00000
vt 1.00000 0.00000
vt 0.00000 1.00000
vt 1.00000 1.00000
f 649/649 651/651 650/650
f 651/651 652/652 650/650
f 653/653 655/655 654/654
f 655/655 656/656 654/654
f 657/657 659/659 658/658
f 659/659 660/660 658/658
f 661/661 663/663 662/662
f 663/663 664/664 662/662
f 665/665 667/667 666/666
f 667/667 668/668 666/666
f 669/669 671/671 670/670
f 671/671 672/672 670/670
v 4.00000 2.10600 -9.84775
v 4.00000 2.10600 -9.93025
v 4.00000 2.09400 -9.84775
v 4.00000 2.09400 -9.93025
v -12.00000 2.10600 -9.93025
v -12.00000 2.10600 -9.84775
v -12.00000 2.09400 -9.93025
v -12.00000 2.09400 -9.84775
v -12.00000 2.10600 -9.93025
v 4.00000 2.10600 -9.93025
v -12.00000 2.10600 -9.84775
v 4.00000 2.10600 -9.84775
v -12.00000 2.09400 -9.84775
v 4.00000 2.09400 -9.84775
v -12.00000 2.09400 -9.93025
v 4.00000 2.09400 -9.93025
v -12.00000 2.10600 -9.84775
v 4.00000 2.10600 -9.84775
v -12.00000 2.09400 -9.84775
v 4.00000 2.09400 -9.84775
v 4.00000 2.10600 -9.93025
v -12.00000 2.10600 -9.93025
v 4.00000 2.09400 -9.93025
v -12.00000 2.09400 -9.93025
vt 0.00000 0.00000
vt 1.00000 0.00000
vt 0.00000 1.00000
vt 1.00000 1.00000
vt 0.00000 0.00000
vt 1.00000 0.00000
vt 0.00000 1.00000
vt 1.00000 1.00000
vt 0.00000 0.00000
vt 1.00000 0.00000
vt 0.00000 1.00000
vt 1.00000 1.00000
vt 0.00000 0.00000
vt 1.00000 0.00000
vt 0.00000 1.00000
vt 1.00000 1.00000
vt 0.00000 0.00000
vt 1.00000 0.00000
vt 0.00000 1.00000
vt 1.00000 1.00000
vt 0.00000 0.00000
vt 1.00000 0.00000
vt 0.00000 1.00000
vt 1.00000 1.00000
f 673/673 675/675 674/674
f 675/675 676/676 674/674
f 677/677 679/679 678/678
f 679/679 680/680 678/678
f 681/681 683/683 682/682
f 683/683 684/684 682/682
f 685/685 687/687 686/686
f 687/687 688/688 686/686
f 689/689 691/691 690/690
f 691/691 692/692 690/690
f 693/693 695/695 694/694
f 695/695 696/696 694/694
v 4.00000 2.45600 -9.84775
v 4.00000 2.45600 -9.93025
v 4.00000 2.44400 -9.84775
v 4.00000 2.44400 -9.93025
v -12.00000 2.45600 -9.93025
v -12.00000 2.45600 -9.84775
v -12.00000 2.44400 -9.93025
v -12.00000 2.44400 -9.84775
v -12.00000 2.45600 -9.93025
v 4.00000 2.45600 -9.93025
v -12.00000 2.45600 -9.84775
v 4.00000 2.45600 -9.84775
v -12.00000 2.44400 -9.84775
v 4.00000 2.44400 -9.84775
v -12.00000 2.44400 -9.93025
v 4.00000 2.44400 -9.93025
v -12.00000 2.45600 -9.84775
v 4.00000 2.45600 -9.84775
v -12.00000 2.44400 -9.84775
v 4.00000 2.44400 -9.84775
v 4.00000 2.45600 -9.93025
v -12.00000 2.45600 -9.93025
v 4.00000 2.44400 -9.93025
v -12.00000 2.44400 -9.93025
vt 0.00000 0.00000
vt 1.00000 0.00000
vt 0.00000 1.00000
vt 1.00000 1.00000
vt 0.00000 0.00000
vt 1.00000 0.00000
vt 0.00000 1.00000
vt 1.00000 1.00000
vt 0.00000 0.00000
vt 1.00000 0.00000
vt 0.00000 1.00000
vt 1.00000 1.00000
vt 0.00000 0.00000
vt 1.00000 0.00000
vt 0.00000 1.00000
vt 1.00000 1.00000
vt 0.00000 0.00000
vt 1.00000 0.00000
vt 0.00000 1.00000
vt 1.00000 1.00000
vt 0.00000 0.00000
vt 1.00000 0.00000
vt 0.00000 1.00000
vt 1.00000 1.00000
f 697/697 699/699 698/698
f 699/699 700/700 698/698
f 701/701 703/703 702/702
f 703/703 704/704 702/702
f 705/705 707/707 706/706
f 707/707 708/708 706/706
f 709/709 711/711 710/710
f 711/711 712/712 710/710
f 713/713 715/715 714/714
f 715/715 716/716 714/714
f 717/717 719/719 718/718
f 719/719 720/720 718/718
v 4.00000 2.80600 -9.84775
v 4.00000 2.80600 -9.93025
v 4.00000 2.79400 -9.84775
v 4.00000 2.79400 -9.93025
v -12.00000 2.80600 -9.93025
v -12.00000 2.80600 -9.84775
v -12.00000 2.79400 -9.93025
v -12.00000 2.79400 -9.84775
v -12.00000 2.80600 -9.93025
v 4.00000 2.80600 -9.93025
v -12.00000 2.80600 -9.84775
v 4.00000 2.80600 -9.84775
v -12.00000 2.79400 -9.84775
v 4.00000 2.79400 -9.84775
v -12.00000 2.79400 -9.93025
v 4.00000 2.79400 -9.93025
v -12.00000 2.80600 -9.84775
v 4.00000 2.80600 -9.84775
v -12.00000 2.79400 -9.84775
v 4.00000 2.79400 -9.84775
v 4.00000 2.80600 -9.93025
v -12.00000 2.80600 -9.93025
v 4.00000 2.79400 -9.93025
v -12.00000 2.79400 -9.93025
vt 0.00000 0.00000
vt 1.00000 0.00000
vt 0.00000 1.00000
vt 1.00000 1.00000
vt 0.00000 0.00000
vt 1.00000 0.00000
vt 0.00000 1.00000
vt 1.00000 1.00000
vt 0.00000 0.00000
vt 1.00000 0.00000
vt 0.00000 1.00000
vt 1.00000 1.00000
vt 0.00000 0.00000
vt 1.00000 0.00000
vt 0.00000 1.00000
vt 1.00000 1.00000
vt 0.00000 0.00000
vt 1.00000 0.00000
vt 0.00000 1.00000
vt 1.00000 1.00000
vt 0.00000 0.00000
vt 1.00000 0.00000
vt 0.00000 1.00000
vt 1.00000 1.00000
f 721/721 723/723 722/722
f 723/723 724/724 722/722
f 725/725 727/727 726/726
f 727/727 728/728 726/726
f 729/729 731/731 730/730
f 731/731 732/732 730/730
f 733/733 735/735 734/734
f 735/735 736/736 734/734
f 737/737 739/739 738/738
f 739/739 740/740 738/738
f 741/741 743/743 742/742
f 743/743 744/744 742/742
v 4.00000 3.15600 -9.84775
v 4.00000 3.15600 -9.93025
v 4.00000 3.14400 -9.84775
v 4.00000 3.14400 -9.93025
v -12.00000 3.15600 -9.93025
v -12.00000 3.15600 -9.84775
v -12.00000 3.14400 -9.93025
v -12.00000 3.14400 -9.84775
v -12.00000 3.15600 -9.93025
v 4.00000 3.15600 -9.93025
v -12.00000 3.15600 -9.84775
v 4.00000 3.15600 -9.84775
v -12.00000 3.14400 -9.84775
v 4.00000 3.14400 -9.84775
v -12.00000 3.14400 -9.93025
v 4.00000 3.14400 -9.93025
v -12.00000 3.15600 -9.84775
v 4.00000 3.15600 -9.84775
v -12.00000 3.14400 -9.84775
v 4.00000 3.14400 -9.84775
v 4.00000 3.15600 -9.93025
v -12.00000 3.15600 -9.93025
v 4.00000 3.14400 -9.93025
v -12.00000 3.14400 -9.93025
vt 0.00000 0.00000
vt 1.00000 0.00000
vt 0.00000 1.00000
vt 1.00000 1.00000
vt 0.00000 0.00000
vt 1.00000 0.00000
vt 0.00000 1.00000
vt 1.00000 1.00000
vt 0.00000 0.00000
vt 1.00000 0.00000
vt 0.00000 1.00000
vt 1.00000 1.00000
vt 0.00000 0.00000
vt 1.00000 0.00000
vt 0.00000 1.00000
vt 1.00000 1.00000
vt 0.00000 0.00000
vt 1.00000 0.00000
vt 0.00000 1.00000
vt 1.00000 1.00000
vt 0.00000 0.00000
vt 1.00000 0.00000
vt 0.00000 1.00000
vt 1.00000 1.00000
f 745/745 747/747 746/746
f 747/747 748/748 746/746
f 749/749 751/751 750/750
f 751/751 752/752 750/750
f 753/753 755/755 754/754
f 755/755 756/756 754/754
f 757/757 759/759 758/758
f 759/759 760/760 758/758
f 761/761 763/763 762/762
f 763/763 764/764 762/762
f 765/765 767/767 766/766
f 767/767 768/768 766/766
v 4.00000 3.50600 -9.84775
v 4.00000 3.50600 -9.93025
v 4.00000 3.49400 -9.84775
v 4.00000 3.49400 -9.93025
v -12.00000 3.50600 -9.93025
v -12.00000 3.50600 -9.84775
v -12.00000 3.49400 -9.93025
v -12.00000 3.49400 -9.84775
v -12.00000 3.50600 -9.93025
v 4.00000 3.50600 -9.93025
v -12.00000 3.50600 -9.84775
v 4.00000 3.50600 -9.84775
v -12.00000 3.49400 -9.84775
v 4.00000 3.49400 -9.84775
v -12.00000 3.49400 -9.93025
v 4.00000 3.49400 -9.93025
v -12.00000 3.50600 -9.84775
v 4.00000 3.50600 -9.84775
v -12.00000 3.49400 -9.84775
v 4.00000 3.49400 -9.84775
v 4.00000 3.50600 -9.93025
v -12.00000 3.50600 -9.93025
v 4.00000 3.49400 -9.93025
v -12.00000 3.49400 -9.93025
vt 0.00000 0.00000
vt 1.00000 0.00000
vt 0.00000 1.00000
vt 1.00000 1.00000
vt 0.00000 0.00000
vt 1.00000 0.00000
vt 0.00000 1.00000
vt 1.00000 1.00000
vt 0.00000 0.00000
vt 1.00000 0.00000
vt 0.00000 1.00000
vt 1.00000 1.00000
vt 0.00000 0.00000
vt 1.00000 0.00000
vt 0.00000 1.00000
vt 1.00000 1.00000
vt 0.00000 0.00000
vt 1.00000 0.00000
vt 0.00000 1.00000
vt 1.00000 1.00000
vt 0.00000 0.00000
vt 1.00000 0.00000
vt 0.00000 1.00000
vt 1.00000 1.00000
f 769/769 771/771 770/770
f 771/771 772/772 770/770
f 773/773 775/775 774/774
f 775/775 776/776 774/774
f 777/777 779/779 778/778
f 779/779 780/780 778/778
f 781/781 783/783 782/782
f 783/783 784/784 782/782
f 785/785 787/787 786/786
f 787/787 788/788 786/786
f 789/789 791/791 790/790
f 791/791 792/792 790/790
v 4.00000 3.85600 -9.84775
v 4.00000 3.85600 -9.93025
v 4.00000 3.84400 -9.84775
v 4.00000 3.84400 -9.93025
v -12.00000 3.85600 -9.93025
v -12.00000 3.85600 -9.84775
v -12.00000 3.84400 -9.93025
v -12.00000 3.84400 -9.84775
v -12.00000 3.85600 -9.93025
v 4.00000 3.85600 -9.93025
v -12.00000 3.85600 -9.84775
v 4.00000 3.85600 -9.84775
v -12.00000 3.84400 -9.84775
v 4.00000 3.84400 -9.84775
v -12.00000 3.84400 -9.93025
v 4.00000 3.84400 -9.93025
v -12.00000 3.85600 -9.84775
v 4.00000 3.85600 -9.84775
v -12.00000 3.84400 -9.84775
v 4.00000 3.84400 -9.84775
v 4.00000 3.85600 -9.93025
v -12.00000 3.85600 -9.93025
v 4.00000 3.84400 -9.93025
v -12.00000 3.84400 -9.93025
vt 0.00000 0.00000
vt 1.00000 0.00000
vt 0.00000 1.00000
vt 1.00000 1.00000
vt 0.00000 0.00000
vt 1.00000 0.00000
vt 0.00000 1.00000
vt 1.00000 1.00000
vt 0.00000 0.00000
vt 1.00000 0.00000
vt 0.00000 1.00000
vt 1.00000 1.00000
vt 0.00000 0.00000
vt 1.00000 0.00000
vt 0.00000 1.00000
vt 1.00000 1.00000
vt 0.00000 0.00000
vt 1.00000 0.00000
vt 0.00000 1.00000
vt 1.00000 1.00000
vt 0.00000 0.00000
vt 1.00000 0.00000
vt 0.00000 1.00000
vt 1.00000 1.00000
f 793/793 795/795 794/794
f 795/795 796/796 794/794
f 797/797 799/799 798/798
f 799/799 800/800 798/798
f 801/801 803/803 802/802
f 803/803 804/804 802/802
f 805/805 807/807 806/806
f 807/807 808/808 806/806
f 809/809 811/811 810/810
f 811/811 812/812 810/810
f 813/813 815/815 814/814
f 815/815 816/816 814/814
v 4.00000 4.20600 -9.84775
v 4.00000 4.20600 -9.93025
v 4.00000 4.19400 -9.84775
v 4.00000 4.19400 -9.93025
v -12.00000 4.20600 -9.93025
v -12.00000 4.20600 -9.84775
v -12.00000 4.19400 -9.93025
v -12.00000 4.19400 -9.84775
v -12.00000 4.20600 -9.93025
v 4.00000 4.20600 -9.93025
v -12.00000 4.20600 -9.84775
v 4.00000 4.20600 -9.84775
v -12.00000 4.19400 -9.84775
v 4.00000 4.19400 -9.84775
v -12.00000 4.19400 -9.93025
v 4.00000 4.19400 -9.93025
v -12.00000 4.20600 -9.84775
v 4.00000 4.20600 -9.84775
v -12.00000 4.19400 -9.84775
v 4.00000 4.19400 -9.84775
v 4.00000 4.20600 -9.93025
v -12.00000 4.20600 -9.93025
v 4.00000 4.19400 -9.93025
v -12.00000 4.19400 -9.93025
vt 0.00000 0.00000
vt 1.00000 0.00000
vt 0.00000 1.00000
vt 1.00000 1.00000
vt 0.00000 0.00000
vt 1.00000 0.00000
vt 0.00000 1.00000
vt 1.00000 1.00000
vt 0.00000 0.00000
vt 1.00000 0.00000
vt 0.00000 1.00000
vt 1.00000 1.00000
vt 0.00000 0.00000
vt 1.00000 0.00000
vt 0.00000 1.00000
vt 1.00000 1.00000
vt 0.00000 0.00000
vt 1.00000 0.00000
vt 0.00000 1.00000
vt 1.00000 1.00000
vt 0.00000 0.00000
vt 1.00000 0.00000
vt 0.00000 1.00000
vt 1.00000 1.00000
f 817/817 819/819 818/818
f 819/819 820/820 818/818
f 821/821 823/823 822/822
f 823/823 824/824 822/822
f 825/825 827/827 826/826
f 827/827 828/828 826/826
f 829/829 831/831 830/830
f 831/831 832/832 830/830
f 833/833 835/835 834/834
f 835/835 836/836 834/834
f 837/837 839/839 838/838
f 839/839 840/840 838/838
v 4.00000 4.55600 -9.84775
v 4.00000 4.55600 -9.93025
v 4.00000 4.54400 -9.84775
v 4.00000 4.54400 -9.93025
v -12.00000 4.55600 -9.93025
v -12.00000 4.55600 -9.84775
v -12.00000 4.54400 -9.93025
v -12.00000 4.54400 -9.84775
v -12.00000 4.55600 -9.93025
v 4.00000 4.55600 -9.93025
v -12.00000 4.55600 -9.84775
v 4.00000 4.55600 -9.84775
v -12.00000 4.54400 -9.84775
v 4.00000 4.54400 -9.84775
v -12.00000 4.54400 -9.93025
v 4.00000 4.54400 -9.93025
v -12.00000 4.55600 -9.84775
v 4.00000 4.55600 -9.84775
v -12.00000 4.54400 -9.84775
v 4.00000 4.54400 -9.84775
v 4.00000 4.55600 -9.93025
v -12.00000 4.55600 -9.93025
v 4.00000 4.54400 -9.93025
v -12.00000 4.54400 -9.93025
vt 0.00000 0.00000
vt 1.00000 0.00000
vt 0.00000 1.00000
vt 1.00000 1.00000
vt 0.00000 0.00000
vt 1.00000 0.00000
vt 0.00000 1.00000
vt 1.00000 1.00000
vt 0.00000 0.00000
vt 1.00000 0.00000
vt 0.00000 1.00000
vt 1.00000 1.00000
vt 0.00000 0.00000
vt 1.00000 0.00000
vt 0.00000 1.00000
vt 1.00000 1.00000
vt 0.00000 0.00000
vt 1.00000 0.00000
vt 0.00000 1.00000
vt 1.00000 1.00000
vt 0.00000 0.00000
vt 1.00000 0.00000
vt 0.00000 1.00000
vt 1.00000 1.00000
f 841/841 843/843 842/842
f 843/843 844/844 842/842
f 845/845 847/847 846/846
f 847/847 848/848 846/846
f 849/849 851/851 850/850
f 851/851 852/852 850/850
f 853/853 855/855 854/854
f 855/855 856/856 854/854
f 857/857 859/859 858/858
f 859/859 860/860 858/858
f 861/861 863/863 862/862
f 863/863 864/864 862/862
v -11.84775 0.35600 -10.00000
v -11.93025 0.35600 -10.00000
v -11.84775 0.34400 -10.00000
v -11.93025 0.34400 -10.00000
v -11.93025 0.35600 2.00000
v -11.84775 0.35600 2.00000
v -11.93025 0.34400 2.00000
v -11.84775 0.34400 2.00000
v -11.93025 0.35600 2.00000
v -11.93025 0.35600 -10.00000
v -11.84775 0.35600 2.00000
v -11.84775 0.35600 -10.00000
v -11.84775 0.34400 2.00000
v -11.84775 0.34400 -10.00000
v -11.93025 0.34400 2.00000
v -11.93025 0.34400 -10.00000
v -11.84775 0.35600 2.00000
v -11.84775 0.35600 -10.00000
v -11.84775 0.34400 2.00000
v -11.84775 0.34400 -10.00000
v -11.93025 0.35600 -10.00000
v -11.93025 0.35600 2.00000
v -11.93025 0.34400 -10.00000
v -11.93025 0.34400 2.00000
vt 0.00000 0.00000
vt 1.00000 0.00000
vt 0.00000 1.00000
vt 1.00000 1.00000
vt 0.00000 0.00000
vt 1.00000 0.00000
vt 0.00000 1.00000
vt 1.00000 1.00000
vt 0.00000 0.00000
vt 1.00000 0.00000
vt 0.00000 1.00000
vt 1.00000 1.00000
vt 0.00000 0.00000
vt 1.00000 0.00000
vt 0.00000 1.00000
vt 1.00000 1.00000
vt 0.00000 0.00000
vt 1.00000 0.00000
vt 0.00000 1.00000
vt 1.00000 1.00000
vt 0.00000 0.00000
vt 1.00000 0.00000
vt 0.00000 1.00000
vt 1.00000 1.00000
f 865/865 867/867 866/866
f 867/867 868/868 866/866
f 869/869 871/871 870/870
f 871/871 872/872 870/870
f 873/873 875/875 874/874
f 875/875 876/876 874/874
f 877/877 879/879 878/878
f 879/879 880/880 878/878
f 881/881 883/883 882/882
f 883/883 884/884 882/882
f 885/885 887/887 886/886
f 887/887 888/888 886/886
v -11.84775 0.70600 -10.00000
v -11.93025 0.70600 -10.00000
v -11.84775 0.69400 -10.00000
v -11.93025 0.69400 -10.00000
v -11.93025 0.70600 2.00000
v -11.84775 0.70600 2.00000
v -11.93025 0.69400 2.00000
v -11.84775 0.69400 2.00000
v -11.93025 0.70600 2.00000
v -11.93025 0.70600 -10.00000
v -11.84775 0.70600 2.00000
v -11.84775 0.70600 -10.00000
v -11.84775 0.69400 2.00000
v -11.84775 0.69400 -10.00000
v -11.93025 0.69400 2.00000
v -11.93025 0.69400 -10.00000
v -11.84775 0.70600 2.00000
v -11.84775 0.70600 -10.00000
v -11.84775 0.69400 2.00000
v -11.84775 0.69400 -10.00000
v -11.93025 0.70600 -10.00000
v -11.93025 0.70600 2.00000
v -11.93025 0.69400 -10.00000
v -11.93025 0.69400 2.00000
vt 0.00000 0.00000
vt 1.00000 0.00000
vt 0.00000 1.00000
vt 1.00000 1.00000
vt 0.00000 0.00000
vt 1.00000 0.00000
vt 0.00000 1.00000
vt 1.00000 1.00000
vt 0.00000 0.00000
vt 1.00000 0.00000
vt 0.00000 1.00000
vt 1.00000 1.00000
vt 0.00000 0.00000
vt 1.00000 0.00000
vt 0.00000 1.00000
vt 1.00000 1.00000
vt 0.00000 0.00000
vt 1.00000 0.00000
vt 0.00000 1.00000
vt 1.00000 1.00000
vt 0.00000 0.00000
vt 1.00000 0.00000
vt 0.00000 1.00000
vt 1.00000 1.00000
f 889/889 891/891 890/890
f 891/891 892/892 890/890
f 893/893 895/895 894/894
f 895/895 896/896 894/894
f 897/897 899/899 898/898
f 899/899 900/900 898/898
f 901/901 903/903 902/902
f 903/903 904/904 902/902
f 905/905 907/907 906/906
f 907/907 908/908 906/906
f 909/909 911/911 910/910
f 911/911 912/912 910/910
v -11.84775 1.05600 -10.00000
v -11.93025 1.05600 -10.00000
v -11.84775 1.04400 -10.00000
v -11.93025 1.04400 -10.00000
v -11.93025 1.05600 2.00000
v -11.84775 1.05600 2.00000
v -11.93025 1.04400 2.00000
v -11.84775 1.04400 2.00000
v -11.93025 1.05600 2.00000
v -11.93025 1.05600 -10.00000
v -11.84775 1.05600 2.00000
v -11.84775 1.05600 -10.00000
v -11.84775 1.04400 2.00000
v -11.84775 1.04400 -10.00000
v -11.93025 1.04400 2.00000
v -11.93025 1.04400 -10.00000
v -11.84775 1.05600 2.00000
v -11.84775 1.05600 -10.00000
v -11.84775 1.04400 2.00000
v -11.84775 1.04400 -10.00000
v -11.93025 1.05600 -10.00000
v -11.93025 1.05600 2.00000
v -11.93025 1.04400 -10.00000
v -11.93025 1.04400 2.00000
vt 0.00000 0.00000
vt 1.00000 0.00000
vt 0.00000 1.00000
vt 1.00000 1.00000
vt 0.00000 0.00000
vt 1.00000 0.00000
vt 0.00000 1.00000
vt 1.00000 1.00000
vt 0.00000 0.00000
vt 1.00000 0.00000
vt 0.00000 1.00000
vt 1.00000 1.00000
vt 0.00000 0.00000
vt 1.00000 0.00000
vt 0.00000 1.00000
vt 1.00000 1.00000
vt 0.00000 0.00000
vt 1.00000 0.00000
vt 0.00000 1.00000
vt 1.00000 1.00000
vt 0.00000 0.00000
vt 1.00000 0.00000
vt 0.00000 1.00000
vt 1.00000 1.00000
f 913/913 915/915 914/914
f 915/915 916/916 914/914
f 917/917 919/919 918/918
f 919/919 920/920 918/918
f 921/921 923/923 922/922
f 923/923 924/924 922/922
f 925/925 927/927 926/926
f 927/927 928/928 926/926
f 929/929 931/931 930/930
f 931/931 932/932 930/930
f 933/933 935/935 934/934
f 935/935 936/936 934/934
v -11.84775 1.40600 -10.00000
v -11.93025 1.40600 -10.00000
v -11.84775 1.39400 -10.00000
v -11.93025 1.39400 -10.00000
v -11.93025 1.40600 2.00000
v -11.84775 1.40600 2.00000
v -11.93025 1.39400 2.00000
v -11.84775 1.39400 2.00000
v -11.93025 1.40600 2.00000
v -11.93025 1.40600 -10.00000
v -11.84775 1.40600 2.00000
v -11.84775 1.40600 -10.00000
v -11.84775 1.39400 2.00000
v -11.84775 1.39400 -10.00000
v -11.93025 1.39400 2.00000
v -11.93025 1.39400 -10.00000
v -11.84775 1.40600 2.00000
v -11.84775 1.40600 -10.00000
v -11.84775 1.39400 2.00000
v -11.84775 1.39400 -10.00000
v -11.93025 1.40600 -10.00000
v -11.93025 1.40600 2.00000
v -11.93025 1.39400 -10.00000
v -11.93025 1.39400 2.00000
vt 0.00000 0.00000
vt 1.00000 0.00000
vt 0.00000 1.00000
vt 1.00000 1.00000
vt 0.00000 0.00000
vt 1.00000 0.00000
vt 0.00000 1.00000
vt 1.00000 1.00000
vt 0.00000 0.00000
vt 1.00000 0.00000
vt 0.00000 1.00000
vt 1.00000 1.00000
vt 0.00000 0.00000
vt 1.00000 0.00000
vt 0.00000 1.00000
vt 1.00000 1.00000
vt 0.00000 0.00000
vt 1.00000 0.00000
vt 0.00000 1.00000
vt 1.00000 1.00000
vt 0.00000 0.00000
vt 1.00000 0.00000
vt 0.00000 1.00000
vt 1.00000 1.00000
f 937/937 939/939 938/938
f 939/939 940/940 938/938
f 941/941 943/943 942/942
f 943/943 944/944 942/942
f 945/945 947/947 946/946
f 947/947 948/948 946/946
f 949/949 951/951 950/950
f 951/951 952/952 950/950
f 953/953 955/955 954/954
f 955/955 956/956 954/954
f 957/957 959/959 958/958
f 959/959 960/960 958/958
v -11.84775 1.75600 -10.00000
v -11.93025 1.75600 -10.00000
v -11.84775 1.74400 -10.00000
v -11.93025 1.74400 -10.00000
v -11.93025 1.75600 2.00000
v -11.84775 1.75600 2.00000
v -11.93025 1.74400 2.00000
v -11.84775 1.74400 2.00000
v -11.93025 1.75600 2.00000
v -11.93025 1.75600 -10.00000
v -11.84775 1.75600 2.00000
v -11.84775 1.75600 -10.00000
v -11.84775 1.74400 2.00000
v -11.84775 1.74400 -10.00000
v -11.93025 1.74400 2.00000
v -11.93025 1.74400 -10.00000
v -11.84775 1.75600 2.00000
v -11.84775 1.75600 -10.00000
v -11.84775 1.74400 2.00000
v -11.84775 1.74400 -10.00000
v -11.93025 1.75600 -10.00000
v -11.93025 1.75600 2.00000
v -11.93025 1.74400 -10.00000
v -11.93025 1.74400 2.00000
vt 0.00000 0.00000
vt 1.00000 0.00000
vt 0.00000 1.00000
vt 1.00000 1.00000
vt 0.00000 0.00000
vt 1.00000 0.00000
vt 0.00000 1.00000
vt 1.00000 1.00000
vt 0.00000 0.00000
vt 1.00000 0.00000
vt 0.00000 1.00000
vt 1.00000 1.00000
vt 0.00000 0.00000
vt 1.00000 0.00000
vt 0.00000 1.00000
vt 1.00000 1.00000
vt 0.00000 0.00000
vt 1.00000 0.00000
vt 0.00000 1.00000
vt 1.00000 1.00000
vt 0.00000 0.00000
vt 1.00000 0.00000
vt 0.00000 1.00000
vt 1.00000 1.00000
f 961/961 963/963 962/962
f 963/963 964/964 962/962
f 965/965 967/967 966/966
f 967/967 968/968 966/966
f 969/969 971/971 970/970
f 971/971 972/972 970/970
f 973/973 975/975 974/974
f 975/975 976/976 974/974
f 977/977 979/979 978/978
f 979/979 980/980 978/978
f 981/981 983/983 982/982
f 983/983 984/984 982/982
v -11.84775 2.10600 -10.00000
v -11.93025 2.10600 -10.00000
v -11.84775 2.09400 -10.00000
v -11.93025 2.09400 -10.00000
v -11.93025 2.10600 2.00000
v -11.84775 2.10600 2.00000
v -11.93025 2.09400 2.00000
v -11.84775 2.09400 2.00000
v -11.93025 2.10600 2.00000
v -11.93025 2.10600 -10.00000
v -11.84775 2.10600 2.00000
v -11.84775 2.10600 -10.00000
v -11.84775 2.09400 2.00000
v -11.84775 2.09400 -10.00000
v -11.93025 2.09400 2.00000
v -11.93025 2.09400 -10.00000
v -11.84775 2.10600 2.00000
v -11.84775 2.10600 -10.00000
v -11.84775 2.09400 2.00000
v -11.84775 2.09400 -10.00000
v -11.93025 2.10600 -10.00000
v -11.93025 2.10600 2.00000
v -11.93025 2.09400 -10.00000
v -11.93025 2.09400 2.00000
vt 0.00000 0.00000
vt 1.00000 0.00000
vt 0.00000 1.00000
vt 1.00000 1.00000
vt 0.00000 0.00000
vt 1.00000 0.00000
vt 0.00000 1.00000
vt 1.00000 1.00000
vt 0.00000 0.00000
vt 1.00000 0.00000
vt 0.00000 1.00000
vt 1.00000 1.00000
vt 0.00000 0.00000
vt 1.00000 0.00000
vt 0.00000 1.00000
vt 1.00000 1.00000
vt 0.00000 0.00000
vt 1.00000 0.00000
vt 0.00000 1.00000
vt 1.00000 1.00000
vt 0.00000 0.00000
vt 1.00000 0.00000
vt 0.00000 1.00000
vt 1.00000 1.00000
f 985/985 987/987 986/986
f 987/987 988/988 986/986
f 989/989 991/991 990/990
f 991/991 992/992 990/990
f 993/993 995/995 994/994
f 995/995 996/996 994/994
f 997/997 999/999 998/998
f 999/999 1000/1000 998/998
f 1001/1001 1003/1003 1002/1002
f 1003/1003 1004/1004 1002/1002
f 1005/1005 1007/1007 1006/1006
f 1007/1007 1008/1008 1006/1006
v -11.84775 2.45600 -10.00000
v -11.93025 2.45600 -10.00000
v -11.84775 2.44400 -10.00000
v -11.93025 2.44400 -10.00000
v -11.93025 2.45600 2.00000
v -11.84775 2.45600 2.00000
v -11.93025 2.44400 2.00000
v -11.84775 2.44400 2.00000
v -11.93025 2.45600 2.00000
v -11.93025 2.45600 -10.00000
v -11.84775 2.45600 2.00000
v -11.84775 2.45600 -10.00000
v -11.84775 2.44400 2.00000
v -11.84775 2.44400 -10.00000
v -11.93025 2.44400 2.00000
v -11.93025 2.44400 -10.00000
v -11.84775 2.45600 2.00000
v -11.84775 2.45600 -10.00000
v -11.84775 2.44400 2.00000
v -11.84775 2.44400 -10.00000
v -11.93025 2.45600 -10.00000
v -11.93025 2.45600 2.00000
v -11.93025 2.44400 -10.00000
v -11.93025 2.44400 2.00000
vt 0.00000 0.00000
vt 1.00000 0.00000
vt 0.00000 1.00000
vt 1.00000 1.00000
vt 0.00000 0.00000
vt 1.00000 0.00000
vt 0.00000 1.00000
vt 1.00000 1.00000
vt 0.00000 0.00000
vt 1.00000 0.00000
vt 0.00000 1.00000
vt 1.00000 1.00000
vt 0.00000 0.00000
vt 1.00000 0.00000
vt 0.00000 1.00000
vt 1.00000 1.00000
vt 0.00000 0.00000
vt 1.00000 0.00000
vt 0.00000 1.00000
vt 1.00000 1.00000
vt 0.00000 0.00000
vt 1.00000 0.00000
vt 0.00000 1.00000
vt 1.00000 1.00000
f 1009/1009 1011/1011 1010/1010
f 1011/1011 1012/1012 1010/1010
f 1013/1013 1015/1015 1014/1014
f 1015/1015 1016/1016 1014/1014
f 1017/1017 1019/1019 1018/1018
f 1019/1019 1020/1020 1018/1018
f 1021/1021 1023/1023 1022/1022
f 1023/1023 1024/1024 1022/1022
f 1025/1025 1027/1027 1026/1026
f 1027/1027 1028/1028 1026/1026
f 1029/1029 1031/1031 1030/1030
f 1031/1031 1032/1032 1030/1030
v -11.84775 2.80600 -10.00000
v -11.93025 2.80600 -10.00000
v -11.84775 2.79400 -10.00000
v -11.93025 2.79400 -10.00000
v -11.93025 2.80600 2.00000
v -11.84775 2.80600 2.00000
v -11.93025 2.79400 2.00000
v -11.84775 2.79400 2.00000
v -11.93025 2.80600 2.00000
v -11.93025 2.80600 -10.00000
v -11.84775 2.80600 2.00000
v -11.84775 2.80600 -10.00000
v -11.84775 2.79400 2.00000
v -11.84775 2.79400 -10.00000
v -11.93025 2.79400 2.00000
v -11.93025 2.79400 -10.00000
v -11.84775 2.80600 2.00000
v -11.84775 2.80600 -10.00000
v -11.84775 2.79400 2.00000
v -11.84775 2.79400 -10.00000
v -11.93025 2.80600 -10.00000
v -11.93025 2.80600 2.00000
v -11.93025 2.79400 -10.00000
v -11.93025 2.79400 2.00000
vt 0.00000 0.00000
vt 1.00000 0.00000
vt 0.00000 1.00000
vt 1.00000 1.00000
vt 0.00000 0.00000
vt 1.00000 0.00000
vt 0.00000 1.00000
vt 1.00000 1.00000
vt 0.00000 0.00000
vt 1.00000 0.00000
vt 0.00000 1.00000
vt 1.00000 1.00000
vt 0.00000 0.00000
vt 1.00000 0.00000
vt 0.00000 1.00000
vt 1.00000 1.00000
vt 0.00000 0.00000
vt 1.00000 0.00000
vt 0.00000 1.00000
vt 1.00000 1.00000
vt 0.00000 0.00000
vt 1.00000 0.00000
vt 0.00000 1.00000
vt 1.00000 1.00000
f 1033/1033 1035/1035 1034/1034
f 1035/1035 1036/1036 1034/1034
f 1037/1037 1039/1039 1038/1038
f 1039/1039 1040/1040 1038/1038
f 1041/1041 1043/1043 1042/1042
f 1043/1043 1044/1044 1042/1042
f 1045/1045 1047/1047 1046/1046
f 1047/1047 1048/1048 1046/1046
f 1049/1049 1051/1051 1050/1050
f 1051/1051 1052/1052 1050/1050
f 1053/1053 1055/1055 1054/1054
f 1055/1055 1056/1056 1054/1054
v -11.84775 3.15600 -10.00000
v -11.93025 3.15600 -10.00000
v -11.84775 3.14400 -10.00000
v -11.93025 3.14400 -10.00000
v -11.93025 3.15600 2.00000
v -11.84775 3.15600 2.00000
v -11.93025 3.14400 2.00000
v -11.84775 3.14400 2.00000
v -11.93025 3.15600 2.00000
v -11.93025 3.15600 -10.00000
v -11.84775 3.15600 2.00000
v -11.84775 3.15600 -10.00000
v -11.84775 3.14400 2.00000
v -11.84775 3.14400 -10.00000
v -11.93025 3.14400 2.00000
v -11.93025 3.14400 -10.00000
v -11.84775 3.15600 2.00000
v -11.84775 3.15600 -10.00000
v -11.84775 3.14400 2.00000
v -11.84775 3.14400 -10.00000
v -11.93025 3.15600 -10.00000
v -11.93025 3.15600 2.00000
v -11.93025 3.14400 -10.00000
v -11.93025 3.14400 2.00000
vt 0.00000 0.00000
vt 1.00000 0.00000
vt 0.00000 1.00000
vt 1.00000 1.00000
vt 0.00000 0.00000
vt 1.00000 0.00000
vt 0.00000 1.00000
vt 1.00000 1.00000
vt 0.00000 0.00000
vt 1.00000 0.00000
vt 0.00000 1.00000
vt 1.00000 1.00000
vt 0.00000 0.00000
vt 1.00000 0.00000
vt 0.00000 1.00000
vt 1.00000 1.00000
vt 0.00000 0.00000
vt 1.00000 0.00000
vt 0.00000 1.00000
vt 1.00000 1.00000
vt 0.00000 0.00000
vt 1.00000 0.00000
vt 0.00000 1.00000
vt 1.00000 1.00000
f 1057/1057 1059/1059 1058/1058
f 1059/1059 1060/1060 1058/1058
f 1061/1061 1063/1063 1062/1062
f 1063/1063 1064/1064 1062/1062
f 1065/1065 1067/1067 1066/1066
f 1067/1067 1068/1068 1066/1066
f 1069/1069 1071/1071 1070/1070
f 1071/1071 1072/1072 1070/1070
f 1073/1073 1075/1075 1074/1074
f 1075/1075 1076/1076 1074/1074
f 1077/1077 1079/1079 1078/1078
f 1079/1079 1080/1080 1078/1078
v -11.84775 3.50600 -10.00000
v -11.93025 3.50600 -10.00000
v -11.84775 3.49400 -10.00000
v -11.93025 3.49400 -10.00000
v -11.93025 3.50600 2.00000
v -11.84775 3.50600 2.00000
v -11.93025 3.49400 2.00000
v -11.84775 3.49400 2.00000
v -11.93025 3.50600 2.00000
v -11.93025 3.50600 -10.00000
v -11.84775 3.50600 2.00000
v -11.84775 3.50600 -10.00000
v -11.84775 3.49400 2.00000
v -11.84775 3.49400 -10.00000
v -11.93025 3.49400 2.00000
v -11.93025 3.49400 -10.00000
v -11.84775 3.50600 2.00000
v -11.84775 3.50600 -10.00000
v -11.84775 3.49400 2.00000
v -11.84775 3.49400 -10.00000
v -11.93025 3.50600 -10.00000
v -11.93025 3.50600 2.00000
v -11.93025 3.49400 -10.00000
v -11.93025 3.49400 2.00000
vt 0.00000 0.00000
vt 1.00000 0.00000
vt 0.00000 1.00000
vt 1.00000 1.00000
vt 0.00000 0.00000
vt 1.00000 0.00000
vt 0.00000 1.00000
vt 1.00000 1.00000
vt 0.00000 0.00000
vt 1.00000 0.00000
vt 0.00000 1.00000
vt 1.00000 1.00000
vt 0.00000 0.00000
vt 1.00000 0.00000
vt 0.00000 1.00000
vt 1.00000 1.00000
vt 0.00000 0.00000
vt 1.00000 0.00000
vt 0.00000 1.00000
vt 1.00000 1.00000
vt 0.00000 0.00000
vt 1.00000 0.00000
vt 0.00000 1.00000
vt 1.00000 1.00000
f 1081/1081 1083/1083 1082/1082
f 1083/1083 1084/1084 1082/1082
f 1085/1085 1087/1087 1086/1086
f 1087/1087 1088/1088 1086/1086
f 1089/1089 1091/1091 1090/1090
f 1091/1091 1092/1092 1090/1090
f 1093/1093 1095/1095 1094/1094
f 1095/1095 1096/1096 1094/1094
f 1097/1097 1099/1099 1098/1098
f 1099/1099 1100/1100 1098/1098
f 1101/1101 1103/1103 1102/1102
f 1103/1103 1104/1104 1102/1102
v -11.84775 3.85600 -10.00000
v -11.93025 3.85600 -10.00000
v -11.84775 3.84400 -10.00000
v -11.93025 3.84400 -10.00000
v -11.93025 3.85600 2.00000
v -11.84775 3.85600 2.00000
v -11.93025 3.84400 2.00000
v -11.84775 3.84400 2.00000
v -11.93025 3.85600 2.00000
v -11.93025 3.85600 -10.00000
v -11.84775 3.85600 2.00000
v -11.84775 3.85600 -10.00000
v -11.84775 3.84400 2.00000
v -11.84775 3.84400 -10.00000
v -11.93025 3.84400 2.00000
v -11.93025 3.84400 -10.00000
v -11.84775 3.85600 2.00000
v -11.84775 3.85600 -10.00000
v -11.84775 3.84400 2.00000
v -11.84775 3.84400 -10.00000
v -11.93025 3.85600 -10.00000
v -11.93025 3.85600 2.00000
v -11.93025 3.84400 -10.00000
v -11.93025 3.84400 2.00000
vt 0.00000 0.00000
vt 1.00000 0.00000
vt 0.00000 1.00000
vt 1.00000 1.00000
vt 0.00000 0.00000
vt 1.00000 0.00000
vt 0.00000 1.00000
vt 1.00000 1.00000
vt 0.00000 0.00000
vt 1.00000 0.00000
vt 0.00000 1.00000
vt 1.00000 1.00000
vt 0.00000 0.00000
vt 1.00000 0.00000
vt 0.00000 1.00000
vt 1.00000 1.00000
vt 0.00000 0.00000
vt 1.00000 0.00000
vt 0.00000 1.00000
vt 1.00000 1.00000
vt 0.00000 0.00000
vt 1.00000 0.00000
vt 0.00000 1.00000
vt 1.00000 1.00000
f 1105/1105 1107/1107 1106/1106
f 1107/1107 1108/1108 1106/1106
f 1109/1109 1111/1111 1110/1110
f 1111/1111 1112/1112 1110/1110
f 1113/1113 1115/1115 1114/1114
f 1115/1115 1116/1116 1114/1114
f 1117/1117 1119/1119 1118/1118
f 1119/1119 1120/1120 1118/1118
f 1121/1121 1123/1123 1122/1122
f 1123/1123 1124/1124 1122/1122
f 1125/1125 1127/1127 1126/1126
f 1127/1127 1128/1128 1126/1126
v -11.84775 4.20600 -10.00000
v -11.93025 4.20600 -10.00000
v -11.84775 4.19400 -10.00000
v -11.93025 4.19400 -10.00000
v -11.93025 4.20600 2.00000
v -11.84775 4.20600 2.00000
v -11.93025 4.19400 2.00000
v -11.84775 4.19400 2.00000
v -11.93025 4.20600 2.00000
v -11.93025 4.20600 -10.00000
v -11.84775 4.20600 2.00000
v -11.84775 4.20600 -10.00000
v -11.84775 4.19400 2.00000
v -11.84775 4.19400 -10.00000
v -11.93025 4.19400 2.00000
v -11.93025 4.19400 -10.00000
v -11.84775 4.20600 2.00000
v -11.84775 4.20600 -10.00000
v -11.84775 4.19400 2.00000
v -11.84775 4.19400 -10.00000
v -11.93025 4.20600 -10.00000
v -11.93025 4.20600 2.00000
v -11.93025 4.19400 -10.00000
v -11.93025 4.19400 2.00000
vt 0.00000 0.00000
vt 1.00000 0.00000
vt 0.00000 1.00000
vt 1.00000 1.00000
vt 0.00000 0.00000
vt 1.00000 0.00000
vt 0.00000 1.00000
vt 1.00000 1.00000
vt 0.00000 0.00000
vt 1.00000 0.00000
vt 0.00000 1.00000
vt 1.00000 1.00000
vt 0.00000 0.00000
vt 1.00000 0.00000
vt 0.00000 1.00000
vt 1.00000 1.00000
vt 0.00000 0.00000
vt 1.00000 0.00000
vt 0.00000 1.00000
vt 1.00000 1.00000
vt 0.00000 0.00000
vt 1.00000 0.00000
vt 0.00000 1.00000
vt 1.00000 1.00000
f 1129/1129 1131/1131 1130/1130
f 1131/1131 1132/1132 1130/1130
f 1133/1133 1135/1135 1134/1134
f 1135/1135 1136/1136 1134/1134
f 1137/1137 1139/1139 1138/1138
f 1139/1139 1140/1140 1138/1138
f 1141/1141 1143/1143 1142/1142
f 1143/1143 1144/1144 1142/1142
f 1145/1145 1147/1147 1146/1146
f 1147/1147 1148/1148 1146/1146
f 1149/1149 1151/1151 1150/1150
f 1151/1151 1152/1152 1150/1150
v -11.84775 4.55600 -10.00000
v -11.93025 4.55600 -10.00000
v -11.84775 4.54400 -10.00000
v -11.93025 4.54400 -10.00000
v -11.93025 4.55600 2.00000
v -11.84775 4.55600 2.00000
v -11.93025 4.54400 2.00000
v -11.84775 4.54400 2.00000
v -11.93025 4.55600 2.00000
v -11.93025 4.55600 -10.00000
v -11.84775 4.55600 2.00000
v -11.84775 4.55600 -10.00000
v -11.84775 4.54400 2.00000
v -11.84775 4.54400 -10.00000
v -11.93025 4.54400 2.00000
v -11.93025 4.54400 -10.00000
v -11.84775 4.55600 2.00000
v -11.84775 4.55600 -10.00000
v -11.84775 4.54400 2.00000
v -11.84775 4.54400 -10.00000
v -11.93025 4.55600 -10.00000
v -11.93025 4.55600 2.00000
v -11.93025 4.54400 -10.00000
v -11.93025 4.54400 2.00000
vt 0.00000 0.00000
vt 1.00000 0.00000
vt 0.00000 1.00000
vt 1.00000 1.00000
vt 0.00000 0.00000
vt 1.00000 0.00000
vt 0.00000 1.00000
vt 1.00000 1.00000
vt 0.00000 0.00000
vt 1.00000 0.00000
vt 0.00000 1.00000
vt 1.00000 1.00000
vt 0.00000 0.00000
vt 1.00000 0.00000
vt 0.00000 1.00000
vt 1.00000 1.00000
vt 0.00000 0.00000
vt 1.00000 0.00000
vt 0.00000 1.00000
vt 1.00000 1.00000
vt 0.00000 0.00000
vt 1.00000 0.00000
vt 0.00000 1.00000
vt 1.00000 1.00000
f 1153/1153 1155/1155 1154/1154
f 1155/1155 1156/1156 1154/1154
f 1157/1157 1159/1159 1158/1158
f 1159/1159 1160/1160 1158/1158
f 1161/1161 1163/1163 1162/1162
f 1163/1163 1164/1164 1162/1162
f 1165/1165 1167/1167 1166/1166
f 1167/1167 1168/1168 1166/1166
f 1169/1169 1171/1171 1170/1170
f 1171/1171 1172/1172 1170/1170
f 1173/1173 1175/1175 1174/1174
f 1175/1175 1176/1176 1174/1174
v 12.00000 0.35600 2.00225
v 12.00000 0.35600 1.91975
v 12.00000 0.34400 2.00225
v 12.00000 0.34400 1.91975
v 4.00000 0.35600 1.91975
v 4.00000 0.35600 2.00225
v 4.00000 0.34400 1.91975
v 4.00000 0.34400 2.00225
v 4.00000 0.35600 1.91975
v 12.00000 0.35600 1.91975
v 4.00000 0.35600 2.00225
v 12.00000 0.35600 2.00225
v 4.00000 0.34400 2.00225
v 12.00000 0.34400 2.00225
v 4.00000 0.34400 1.91975
v 12.00000 0.34400 1.91975
v 4.00000 0.35600 2.00225
v 12.00000 0.35600 2.00225
v 4.00000 0.34400 2.00225
v 12.00000 0.34400 2.00225
v 12.00000 0.35600 1.91975
v 4.00000 0.35600 1.91975
v 12.00000 0.34400 1.91975
v 4.00000 0.34400 1.91975
vt 0.00000 0.00000
vt 1.00000 0.00000
vt 0.00000 1.00000
vt 1.00000 1.00000
vt 0.00000 0.00000
vt 1.00000 0.00000
vt 0.00000 1.00000
vt 1.00000 1.00000
vt 0.00000 0.00000
vt 1.00000 0.00000
vt 0.00000 1.00000
vt 1.00000 1.00000
vt 0.00000 0.00000
vt 1.00000 0.00000
vt 0.00000 1.00000
vt 1.00000 1.00000
vt 0.00000 0.00000
vt 1.00000 0.00000
vt 0.00000 1.00000
vt 1.00000 1.00000
vt 0.00000 0.00000
vt 1.00000 0.00000
vt 0.00000 1.00000
vt 1.00000 1.00000
f 1177/1177 1179/1179 1178/1178
f 1179/1179 1180/1180 1178/1178
f 1181/1181 1183/1183 1182/1182
f 1183/1183 1184/1184 1182/1182
f 1185/1185 1187/1187 1186/1186
f 1187/1187 1188/1188 1186/1186
f 1189/1189 1191/1191 1190/1190
f 1191/1191 1192/1192 1190/1190
f 1193/1193 1195/1195 1194/1194
f 1195/1195 1196/1196 1194/1194
f 1197/1197 1199/1199 1198/1198
f 1199/1199 1200/1200 1198/1198
v 12.00000 0.70600 2.00225
v 12.00000 0.70600 1.91975
v 12.00000 0.69400 2.00225
v 12.00000 0.69400 1.91975
v 4.00000 0.70600 1.91975
v 4.00000 0.70600 2.00225
v 4.00000 0.69400 1.91975
v 4.00000 0.69400 2.00225
v 4.00000 0.70600 1.91975
v 12.00000 0.70600 1.91975
v 4.00000 0.70600 2.00225
v 12.00000 0.70600 2.00225
v 4.00000 0.69400 2.00225
v 12.00000 0.69400 2.00225
v 4.00000 0.69400 1.91975
v 12.00000 0.69400 1.91975
v 4.00000 0.70600 2.00225
v 12.00000 0.70600 2.00225
v 4.00000 0.69400 2.00225
v 12.00000 0.69400 2.00225
v 12.00000 0.70600 1.91975
v 4.00000 0.70600 1.91975
v 12.00000 0.69400 1.91975
v 4.00000 0.69400 1.91975
vt 0.00000 0.00000
vt 1.00000 0.00000
vt 0.00000 1.00000
vt 1.00000 1.00000
vt 0.00000 0.00000
vt 1.00000 0.00000
vt 0.00000 1.00000
vt 1.00000 1.00000
vt 0.00000 0.00000
vt 1.00000 0.00000
vt 0.00000 1.00000
vt 1.00000 1.00000
vt 0.00000 0.00000
vt 1.00000 0.00000
vt 0.00000 1.00000
vt 1.00000 1.00000
vt 0.00000 0.00000
vt 1.00000 0.00000
vt 0.00000 1.00000
vt 1.00000 1.00000
vt 0.00000 0.00000
vt 1.00000 0.00000
vt 0.00000 1.00000
vt 1.00000 1.00000
f 1201/1201 1203/1203 1202/1202
f 1203/1203 1204/1204 1202/1202
f 1205/1205 1207/1207 1206/1206
f 1207/1207 1208/1208 1206/1206
f 1209/1209 1211/1211 1210/1210
f 1211/1211 1212/1212 1210/1210
f 1213/1213 1215/1215 1214/1214
f 1215/1215 1216/1216 1214/1214
f 1217/1217 1219/1219 1218/1218
f 1219/1219 1220/1220 1218/1218
f 1221/1221 1223/1223 1222/1222
f 1223/1223 1224/1224 1222/1222
v 12.00000 1.05600 2.00225
v 12.00000 1.05600 1.91975
v 12.00000 1.04400 2.00225
v 12.00000 1.04400 1.91975
v 4.00000 1.05600 1.91975
v 4.00000 1.05600 2.00225
v 4.00000 1.04400 1.91975
v 4.00000 1.04400 2.00225
v 4.00000 1.05600 1.91975
v 12.00000 1.05600 1.91975
v 4.00000 1.05600 2.00225
v 12.00000 1.05600 2.00225
v 4.00000 1.04400 2.00225
v 12.00000 1.04400 2.00225
v 4.00000 1.04400 1.91975
v 12.00000 1.04400 1.91975
v 4.00000 1.05600 2.00225
v 12.00000 1.05600 2.00225
v 4.00000 1.04400 2.00225
v 12.00000 1.04400 2.00225
v 12.00000 1.05600 1.91975
v 4.00000 1.05600 1.91975
v 12.00000 1.04400 1.91975
v 4.00000 1.04400 1.91975
vt 0.00000 0.00000
vt 1.00000 0.00000
vt 0.00000 1.00000
vt 1.00000 1.00000
vt 0.00000 0.00000
vt 1.00000 0.00000
vt 0.00000 1.00000
vt 1.00000 1.00000
vt 0.00000 0.00000
vt 1.00000 0.00000
vt 0.00000 1.00000
vt 1.00000 1.00000
vt 0.00000 0.00000
vt 1.00000 0.00000
vt 0.00000 1.00000
vt 1.00000 1.00000
vt 0.00000 0.00000
vt 1.00000 0.00000
vt 0.00000 1.00000
vt 1.00000 1.00000
vt 0.00000 0.00000
vt 1.00000 0.00000
vt 0.00000 1.00000
vt 1.00000 1.00000
f 1225/1225 1227/1227 1226/1226
f 1227/1227 1228/1228 1226/1226
f 1229/1229 1231/1231 1230/1230
f 1231/1231 1232/1232 1230/1230
f 1233/1233 1235/1235 1234/1234
f 1235/1235 1236/1236 1234/1234
f 1237/1237 1239/1239 1238/1238
f 1239/1239 1240/1240 1238/1238
f 1241/1241 1243/1243 1242/1242
f 1243/1243 1244/1244 1242/1242
f 1245/1245 1247/1247 1246/1246
f 1247/1247 1248/1248 1246/1246
v 12.00000 1.40600 2.00225
v 12.00000 1.40600 1.91975
v 12.00000 1.39400 2.00225
v 12.00000 1.39400 1.91975
v 4.00000 1.40600 1.91975
v 4.00000 1.40600 2.00225
v 4.00000 1.39400 1.91975
v 4.00000 1.39400 2.00225
v 4.00000 1.40600 1.91975
v 12.00000 1.40600 1.91975
v 4.00000 1.40600 2.00225
v 12.00000 1.40600 2.00225
v 4.00000 1.39400 2.00225
v 12.00000 1.39400 2.00225
v 4.00000 1.39400 1.91975
v 12.00000 1.39400 1.91975
v 4.00000 1.40600 2.00225
v 12.00000 1.40600 2.00225
v 4.00000 1.39400 2.00225
v 12.00000 1.39400 2.00225
v 12.00000 1.40600 1.91975
v 4.00000 1.40600 1.91975
v 12.00000 1.39400 1.91975
v 4.00000 1.39400 1.91975
vt 0.00000 0.00000
vt 1.00000 0.00000
vt 0.00000 1.00000
vt 1.00000 1.00000
vt 0.00000 0.00000
vt 1.00000 0.00000
vt 0.00000 1.00000
vt 1.00000 1.00000
vt 0.00000 0.00000
vt 1.00000 0.00000
vt 0.00000 1.00000
vt 1.00000 1.00000
vt 0.00000 0.00000
vt 1.00000 0.00000
vt 0.00000 1.00000
vt 1.00000 1.00000
vt 0.00000 0.00000
vt 1.00000 0.00000
vt 0.00000 1.00000
vt 1.00000 1.00000
vt 0.00000 0.00000
vt 1.00000 0.00000
vt 0.00000 1.00000
vt 1.00000 1.00000
f 1249/1249 1251/1251 1250/1250
f 1251/1251 1252/1252 1250/1250
f 1253/1253 1255/1255 1254/1254
f 1255/1255 1256/1256 1254/1254
f 1257/1257 1259/1259 1258/1258
f 1259/1259 1260/1260 1258/1258
f 1261/1261 1263/1263 1262/1262
f 1263/1263 1264/1264 1262/1262
f 1265/1265 1267/1267 1266/1266
f 1267/1267 1268/1268 1266/1266
f 1269/1269 1271/1271 1270/1270
f 1271/1271 1272/1272 1270/1270
v 12.00000 1.75600 2.00225
v 12.00000 1.75600 1.91975
v 12.00000 1.74400 2.00225
v 12.00000 1.74400 1.91975
v 4.00000 1.75600 1.91975
v 4.00000 1.75600 2.00225
v 4.00000 1.74400 1.91975
v 4.00000 1.74400 2.00225
v 4.00000 1.75600 1.91975
v 12.00000 1.75600 1.91975
v 4.00000 1.75600 2.00225
v 12.00000 1.75600 2.00225
v 4.00000 1.74400 2.00225
v 12.00000 1.74400 2.00225
v 4.00000 1.74400 1.91975
v 12.00000 1.74400 1.91975
v 4.00000 1.75600 2.00225
v 12.00000 1.75600 2.00225
v 4.00000 1.74400 2.00225
v 12.00000 1.74400 2.00225
v 12.00000 1.75600 1.91975
v 4.00000 1.75600 1.91975
v 12.00000 1.74400 1.91975
v 4.00000 1.74400 1.91975
vt 0.00000 0.00000
vt 1.00000 0.00000
vt 0.00000 1.00000
vt 1.00000 1.00000
vt 0.00000 0.00000
vt 1.00000 0.00000
vt 0.00000 1.00000
vt 1.00000 1.00000
vt 0.00000 0.00000
vt 1.00000 0.00000
vt 0.00000 1.00000
vt 1.00000 1.00000
vt 0.00000 0.00000
vt 1.00000 0.00000
vt 0.00000 1.00000
vt 1.00000 1.00000
vt 0.00000 0.00000
vt 1.00000 0.00000
vt 0.00000 1.00000
vt 1.00000 1.00000
vt 0.00000 0.00000
vt 1.00000 0.00000
vt 0.00000 1.00000
vt 1.00000 1.00000
f 1273/1273 1275/1275 1274/1274
f 1275/1275 1276/1276 1274/1274
f 1277/1277 1279/1279 1278/1278
f 1279/1279 1280/1280 1278/1278
f 1281/1281 1283/1283 1282/1282
f 1283/1283 1284/1284 1282/1282
f 1285/1285 1287/1287 1286/1286
f 1287/1287 1288/1288 1286/1286
f 1289/1289 1291/1291 1290/1290
f 1291/1291 1292/1292 1290/1290
f 1293/1293 1295/1295 1294/1294
f 1295/1295 1296/1296 1294/1294
v 12.00000 2.10600 2.00225
v 12.00000 2.10600 1.91975
v 12.00000 2.09400 2.00225
v 12.00000 2.09400 1.91975
v 4.00000 2.10600 1.91975
v 4.00000 2.10600 2.00225
v 4.00000 2.09400 1.91975
v 4.00000 2.09400 2.00225
v 4.00000 2.10600 1.91975
v 12.00000 2.10600 1.91975
v 4.00000 2.10600 2.00225
v 12.00000 2.10600 2.00225
v 4.00000 2.09400 2.00225
v 12.00000 2.09400 2.00225
v 4.00000 2.09400 1.91975
v 12.00000 2.09400 1.91975
v 4.00000 2.10600 2.00225
v 12.00000 2.10600 2.00225
v 4.00000 2.09400 2.00225
v 12.00000 2.09400 2.00225
v 12.00000 2.10600 1.91975
v 4.00000 2.10600 1.91975
v 12.00000 2.09400 1.91975
v 4.00000 2.09400 1.91975
vt 0.00000 0.00000
vt 1.00000 0.00000
vt 0.00000 1.00000
vt 1.00000 1.00000
vt 0.00000 0.00000
vt 1.00000 0.00000
vt 0.00000 1.00000
vt 1.00000 1.00000
vt 0.00000 0.00000
vt 1.00000 0.00000
vt 0.00000 1.00000
vt 1.00000 1.00000
vt 0.00000 0.00000
vt 1.00000 0.00000
vt 0.00000 1.00000
vt 1.00000 1.00000
vt 0.00000 0.00000
vt 1.00000 0.00000
vt 0.00000 1.00000
vt 1.00000 1.00000
vt 0.00000 0.00000
vt 1.00000 0.00000
vt 0.00000 1.00000
vt 1.00000 1.00000
f 1297/1297 1299/1299 1298/1298
f 1299/1299 1300/1300 1298/1298
f 1301/1301 1303/1303 1302/1302
f 1303/1303 1304/1304 1302/1302
f 1305/1305 1307/1307 1306/1306
f 1307/1307 1308/1308 1306/1306
f 1309/1309 1311/1311 1310/1310
f 1311/1311 1312/1312 1310/1310
f 1313/1313 1315/1315 1314/1314
f 1315/1315 1316/1316 1314/1314
f 1317/1317 1319/1319 1318/1318
f 1319/1319 1320/1320 1318/1318
v 12.00000 2.45600 2.00225
v 12.00000 2.45600 1.91975
v 12.00000 2.44400 2.00225
v 12.00000 2.44400 1.91975
v 4.00000 2.45600 1.91975
v 4.00000 2.45600 2.00225
v 4.00000 2.44400 1.91975
v 4.00000 2.44400 2.00225
v 4.00000 2.45600 1.91975
v 12.00000 2.45600 1.91975
v 4.00000 2.45600 2.00225
v 12.00000 2.45600 2.00225
v 4.00000 2.44400 2.00225
v 12.00000 2.44400 2.00225
v 4.00000 2.44400 1.91975
v 12.00000 2.44400 1.91975
v 4.00000 2.45600 2.00225
v 12.00000 2.45600 2.00225
v 4.00000 2.44400 2.00225
v 12.00000 2.44400 2.00225
v 12.00000 2.45600 1.91975
v 4.00000 2.45600 1.91975
v 12.00000 2.44400 1.91975
v 4.00000 2.44400 1.91975
vt 0.00000 0.00000
vt 1.00000 0.00000
vt 0.00000 1.00000
vt 1.00000 1.00000
vt 0.00000 0.00000
vt 1.00000 0.00000
vt 0.00000 1.00000
vt 1.00000 1.00000
vt 0.00000 0.00000
vt 1.00000 0.00000
vt 0.00000 1.00000
vt 1.00000 1.00000
vt 0.00000 0.00000
vt 1.00000 0.00000
vt 0.00000 1.00000
vt 1.00000 1.00000
vt 0.00000 0.00000
vt 1.00000 0.00000
vt 0.00000 1.00000
vt 1.00000 1.00000
vt 0.00000 0.00000
vt 1.00000 0.00000
vt 0.00000 1.00000
vt 1.00000 1.00000
f 1321/1321 1323/1323 1322/1322
f 1323/1323 1324/1324 1322/1322
f 1325/1325 1327/1327 1326/1326
f 1327/1327 1328/1328 1326/1326
f 1329/1329 1331/1331 1330/1330
f 1331/1331 1332/1332 1330/1330
f 1333/1333 1335/1335 1334/1334
f 1335/1335 1336/1336 1334/1334
f 1337/1337 1339/1339 1338/1338
f 1339/1339 1340/1340 1338/1338
f 1341/1341 1343/1343 1342/1342
f 1343/1343 1344/1344 1342/1342
v 12.00000 2.80600 2.00225
v 12.00000 2.80600 1.91975
v 12.00000 2.79400 2.00225
v 12.00000 2.79400 1.91975
v 4.00000 2.80600 1.91975
v 4.00000 2.80600 2.00225
v 4.00000 2.79400 1.91975
v 4.00000 2.79400 2.00225
v 4.00000 2.80600 1.91975
v 12.00000 2.80600 1.91975
v 4.00000 2.80600 2.00225
v 12.00000 2.80600 2.00225
v 4.00000 2.79400 2.00225
v 12.00000 2.79400 2.00225
v 4.00000 2.79400 1.91975
v 12.00000 2.79400 1.91975
v 4.00000 2.80600 2.00225
v 12.00000 2.80600 2.00225
v 4.00000 2.79400 2.00225
v 12.00000 2.79400 2.00225
v 12.00000 2.80600 1.91975
v 4.00000 2.80600 1.91975
v 12.00000 2.79400 1.91975
v 4.00000 2.79400 1.91975
vt 0.00000 0.00000
vt 1.00000 0.00000
vt 0.00000 1.00000
vt 1.00000 1.00000
vt 0.00000 0.00000
vt 1.00000 0.00000
vt 0.00000 1.00000
vt 1.00000 1.00000
vt 0.00000 0.00000
vt 1.00000 0.00000
vt 0.00000 1.00000
vt 1.00000 1.00000
vt 0.00000 0.00000
vt 1.00000 0.00000
vt 0.00000 1.00000
vt 1.00000 1.00000
vt 0.00000 0.00000
vt 1.00000 0.00000
vt 0.00000 1.00000
vt 1.00000 1.00000
vt 0.00000 0.00000
vt 1.00000 0.00000
vt 0.00000 1.00000
vt 1.00000 1.00000
f 1345/1345 1347/1347 1346/1346
f 1347/1347 1348/1348 1346/1346
f 1349/1349 1351/1351 1350/1350
f 1351/1351 1352/1352 1350/1350
f 1353/1353 1355/1355 1354/1354
f 1355/1355 1356/1356 1354/1354
f 1357/1357 1359/1359 1358/1358
f 1359/1359 1360/1360 1358/1358
f 1361/1361 1363/1363 1362/1362
f 1363/1363 1364/1364 1362/1362
f 1365/1365 1367/1367 1366/1366
f 1367/1367 1368/1368 1366/1366
v 12.00225 0.35600 -7.00000
v 11.91975 0.35600 -7.00000
v 12.00225 0.34400 -7.00000
v 11.91975 0.34400 -7.00000
v 11.91975 0.35600 2.00000
v 12.00225 0.35600 2.00000
v 11.91975 0.34400 2.00000
v 12.00225 0.34400 2.00000
v 11.91975 0.35600 2.00000
v 11.91975 0.35600 -7.00000
v 12.00225 0.35600 2.00000
v 12.00225 0.35600 -7.00000
v 12.00225 0.34400 2.00000
v 12.00225 0.34400 -7.00000
v 11.91975 0.34400 2.00000
v 11.91975 0.34400 -7.00000
v 12.00225 0.35600 2.00000
v 12.00225 0.35600 -7.00000
v 12.00225 0.34400 2.00000
v 12.00225 0.34400 -7.00000
v 11.91975 0.35600 -7.00000
v 11.91975 0.35600 2.00000
v 11.91975 0.34400 -7.00000
v 11.91975 0.34400 2.00000
vt 0.00000 0.00000
vt 1.00000 0.00000
vt 0.00000 1.00000
vt 1.00000 1.00000
vt 0.00000 0.00000
vt 1.00000 0.00000
vt 0.00000 1.00000
vt 1.00000 1.00000
vt 0.00000 0.00000
vt 1.00000 0.00000
vt 0.00000 1.00000
vt 1.00000 1.00000
vt 0.00000 0.00000
vt 1.00000 0.00000
vt 0.00000 1.00000
vt 1.00000 1.00000
vt 0.00000 0.00000
vt 1.00000 0.00000
vt 0.00000 1.00000
vt 1.00000 1.00000
vt 0.00000 0.00000
vt 1.00000 0.00000
vt 0.00000 1.00000
vt 1.00000 1.00000
f 1369/1369 1371/1371 1370/1370
f 1371/1371 1372/1372 1370/1370
f 1373/1373 1375/1375 1374/1374
f 1375/1375 1376/1376 1374/1374
f 1377/1377 1379/1379 1378/1378
f 1379/1379 1380/1380 1378/1378
f 1381/1381 1383/1383 1382/1382
f 1383/1383 1384/1384 1382/1382
f 1385/1385 1387/1387 1386/1386
f 1387/1387 1388/1388 1386/1386
f 1389/1389 1391/1391 1390/1390
f 1391/1391 1392/1392 1390/1390
v 12.00225 0.70600 -7.00000
v 11.91975 0.70600 -7.00000
v 12.00225 0.69400 -7.00000
v 11.91975 0.69400 -7.00000
v 11.91975 0.70600 2.00000
v 12.00225 0.70600 2.00000
v 11.91975 0.69400 2.00000
v 12.00225 0.69400 2.00000
v 11.91975 0.70600 2.00000
v 11.91975 0.70600 -7.00000
v 12.00225 0.70600 2.00000
v 12.00225 0.70600 -7.00000
v 12.00225 0.69400 2.00000
v 12.00225 0.69400 -7.00000
v 11.91975 0.69400 2.00000
v 11.91975 0.69400 -7.00000
v 12.00225 0.70600 2.00000
v 12.00225 0.70600 -7.00000
v 12.00225 0.69400 2.00000
v 12.00225 0.69400 -7.00000
v 11.91975 0.70600 -7.00000
v 11.91975 0.70600 2.00000
v 11.91975 0.69400 -7.00000
v 11.91975 0.69400 2.00000
vt 0.00000 0.00000
vt 1.00000 0.00000
vt 0.00000 1.00000
vt 1.00000 1.00000
vt 0.00000 0.00000
vt 1.00000 0.00000
vt 0.00000 1.00000
vt 1.00000 1.00000
vt 0.00000 0.00000
vt 1.00000 0.00000
vt 0.00000 1.00000
vt 1.00000 1.00000
vt 0.00000 0.00000
vt 1.00000 0.00000
vt 0.00000 1.00000
vt 1.00000 1.00000
vt 0.00000 0.00000
vt 1.00000 0.00000
vt 0.00000 1.00000
vt 1.00000 1.00000
vt 0.00000 0.00000
vt 1.00000 0.00000
vt 0.00000 1.00000
vt 1.00000 1.00000
f 1393/1393 1395/1395 1394/1394
f 1395/1395 1396/1396 1394/1394
f 1397/1397 1399/1399 1398/1398
f 1399/1399 1400/1400 1398/1398
f 1401/1401 1403/1403 1402/1402
f 1403/1403 1404/1404 1402/1402
f 1405/1405 1407/1407 1406/1406
f 1407/1407 1408/1408 1406/1406
f 1409/1409 1411/1411 1410/1410
f 1411/1411 1412/1412 1410/1410
f 1413/1413 1415/1415 1414/1414
f 1415/1415 1416/1416 1414/1414
v 12.00225 1.05600 -7.00000
v 11.91975 1.05600 -7.00000
v 12.00225 1.04400 -7.00000
v 11.91975 1.04400 -7.00000
v 11.91975 1.05600 2.00000
v 12.00225 1.05600 2.00000
v 11.91975 1.04400 2.00000
v 12.00225 1.04400 2.00000
v 11.91975 1.05600 2.00000
v 11.91975 1.05600 -7.00000
v 12.00225 1.05600 2.00000
v 12.00225 1.05600 -7.00000
v 12.00225 1.04400 2.00000
v 12.00225 1.04400 -7.00000
v 11.91975 1.04400 2.00000
v 11.91975 1.04400 -7.00000
v 12.00225 1.05600 2.00000
v 12.00225 1.05600 -7.00000
v 12.00225 1.04400 2.00000
v 12.00225 1.04400 -7.00000
v 11.91975 1.05600 -7.00000
v 11.91975 1.05600 2.00000
v 11.91975 1.04400 -7.00000
v 11.91975 1.04400 2.00000
vt 0.00000 0.00000
vt 1.00000 0.00000
vt 0.00000 1.00000
vt 1.00000 1.00000
vt 0.00000 0.00000
vt 1.00000 0.00000
vt 0.00000 1.00000
vt 1.00000 1.00000
vt 0.00000 0.00000
vt 1.00000 0.00000
vt 0.00000 1.00000
vt 1.00000 1.00000
vt 0.00000 0.00000
vt 1.00000 0.00000
vt 0.00000 1.00000
vt 1.00000 1.00000
vt 0.00000 0.00000
vt 1.00000 0.00000
vt 0.00000 1.00000
vt 1.00000 1.00000
vt 0.00000 0.00000
vt 1.00000 0.00000
vt 0.00000 1.00000
vt 1.00000 1.00000
f 1417/1417 1419/1419 1418/1418
f 1419/1419 1420/1420 1418/1418
f 1421/1421 1423/1423 1422/1422
f 1423/1423 1424/1424 1422/1422
f 1425/1425 1427/1427 1426/1426
f 1427/1427 1428/1428 1426/1426
f 1429/1429 1431/1431 1430/1430
f 1431/1431 1432/1432 1430/1430
f 1433/1433 1435/1435 1434/1434
f 1435/1435 1436/1436 1434/1434
f 1437/1437 1439/1439 1438/1438
f 1439/1439 1440/1440 1438/1438
v 12.00225 1.40600 -7.00000
v 11.91975 1.40600 -7.00000
v 12.00225 1.39400 -7.00000
v 11.91975 1.39400 -7.00000
v 11.91975 1.40600 2.00000
v 12.00225 1.40600 2.00000
v 11.91975 1.39400 2.00000
v 12.00225 1.39400 2.00000
v 11.91975 1.40600 2.00000
v 11.91975 1.40600 -7.00000
v 12.00225 1.40600 2.00000
v 12.00225 1.40600 -7.00000
v 12.00225 1.39400 2.00000
v 12.00225 1.39400 -7.00000
v 11.91975 1.39400 2.00000
v 11.91975 1.39400 -7.00000
v 12.00225 1.40600 2.00000
v 12.00225 1.40600 -7.00000
v 12.00225 1.39400 2.00000
v 12.00225 1.39400 -7.00000
v 11.91975 1.40600 -7.00000
v 11.91975 1.40600 2.00000
v 11.91975 1.39400 -7.00000
v 11.91975 1.39400 2.00000
vt 0.00000 0.00000
vt 1.00000 0.00000
vt 0.00000 1.00000
vt 1.00000 1.00000
vt 0.00000 0.00000
vt 1.00000 0.00000
vt 0.00000 1.00000
vt 1.00000 1.00000
vt 0.00000 0.00000
vt 1.00000 0.00000
vt 0.00000 1.00000
vt 1.00000 1.00000
vt 0.00000 0.00000
vt 1.00000 0.00000
vt 0.00000 1.00000
vt 1.00000 1.00000
vt 0.00000 0.00000
vt 1.00000 0.00000
vt 0.00000 1.00000
vt 1.00000 1.00000
vt 0.00000 0.00000
vt 1.00000 0.00000
vt 0.00000 1.00000
vt 1.00000 1.00000
f 1441/1441 1443/1443 1442/1442
f 1443/1443 1444/1444 1442/1442
f 1445/1445 1447/1447 1446/1446
f 1447/1447 1448/1448 1446/1446
f 1449/1449 1451/1451 1450/1450
f 1451/1451 1452/1452 1450/1450
f 1453/1453 1455/1455 1454/1454
f 1455/1455 1456/1456 1454/1454
f 1457/1457 1459/1459 1458/1458
f 1459/1459 1460/1460 1458/1458
f 1461/1461 1463/1463 1462/1462
f 1463/1463 1464/1464 1462/1462
v 12.00225 1.75600 -7.00000
v 11.91975 1.75600 -7.00000
v 12.00225 1.74400 -7.00000
v 11.91975 1.74400 -7.00000
v 11.91975 1.75600 2.00000
v 12.00225 1.75600 2.00000
v 11.91975 1.74400 2.00000
v 12.00225 1.74400 2.00000
v 11.91975 1.75600 2.00000
v 11.91975 1.75600 -7.00000
v 12.00225 1.75600 2.00000
v 12.00225 1.75600 -7.00000
v 12.00225 1.74400 2.00000
v 12.00225 1.74400 -7.00000
v 11.91975 1.74400 2.00000
v 11.91975 1.74400 -7.00000
v 12.00225 1.75600 2.00000
v 12.00225 1.75600 -7.00000
v 12.00225 1.74400 2.00000
v 12.00225 1.74400 -7.00000
v 11.91975 1.75600 -7.00000
v 11.91975 1.75600 2.00000
v 11.91975 1.74400 -7.00000
v 11.91975 1.74400 2.00000
vt 0.00000 0.00000
vt 1.00000 0.00000
vt 0.00000 1.00000
vt 1.00000 1.00000
vt 0.00000 0.00000
vt 1.00000 0.00000
vt 0.00000 1.00000
vt 1.00000 1.00000
vt 0.00000 0.00000
vt 1.00000 0.00000
vt 0.00000 1.00000
vt 1.00000 1.00000
vt 0.00000 0.00000
vt 1.00000 0.00000
vt 0.00000 1.00000
vt 1.00000 1.00000
vt 0.00000 0.00000
vt 1.00000 0.00000
vt 0.00000 1.00000
vt 1.00000 1.00000
vt 0.00000 0.00000
vt 1.00000 0.00000
vt 0.00000 1.00000
vt 1.00000 1.00000
f 1465/1465 1467/1467 1466/1466
f 1467/1467 1468/1468 1466/1466
f 1469/1469 1471/1471 1470/1470
f 1471/1471 1472/1472 1470/1470
f 1473/1473 1475/1475 1474/1474
f 1475/1475 1476/1476 1474/1474
f 1477/1477 1479/1479 1478/1478
f 1479/1479 1480/1480 1478/1478
f 1481/1481 1483/1483 1482/1482
f 1483/1483 1484/1484 1482/1482
f 1485/1485 1487/1487 1486/1486
f 1487/1487 1488/1488 1486/1486
v 12.00225 2.10600 -7.00000
v 11.91975 2.10600 -7.00000
v 12.00225 2.09400 -7.00000
v 11.91975 2.09400 -7.00000
v 11.91975 2.10600 2.00000
v 12.00225 2.10600 2.00000
v 11.91975 2.09400 2.00000
v 12.00225 2.09400 2.00000
v 11.91975 2.10600 2.00000
v 11.91975 2.10600 -7.00000
v 12.00225 2.10600 2.00000
v 12.00225 2.10600 -7.00000
v 12.00225 2.09400 2.00000
v 12.00225 2.09400 -7.00000
v 11.91975 2.09400 2.00000
v 11.91975 2.09400 -7.00000
v 12.00225 2.10600 2.00000
v 12.00225 2.10600 -7.00000
v 12.00225 2.09400 2.00000
v 12.00225 2.09400 -7.00000
v 11.91975 2.10600 -7.00000
v 11.91975 2.10600 2.00000
v 11.91975 2.09400 -7.00000
v 11.91975 2.09400 2.00000
vt 0.00000 0.00000
vt 1.00000 0.00000
vt 0.00000 1.00000
vt 1.00000 1.00000
vt 0.00000 0.00000
vt 1.00000 0.00000
vt 0.00000 1.00000
vt 1.00000 1.00000
vt 0.00000 0.00000
vt 1.00000 0.00000
vt 0.00000 1.00000
vt 1.00000 1.00000
vt 0.00000 0.00000
vt 1.00000 0.00000
vt 0.00000 1.00000
vt 1.00000 1.00000
vt 0.00000 0.00000
vt 1.00000 0.00000
vt 0.00000 1.00000
vt 1.00000 1.00000
vt 0.00000 0.00000
vt 1.00000 0.00000
vt 0.00000 1.00000
vt 1.00000 1.00000
f 1489/1489 1491/1491 1490/1490
f 1491/1491 1492/1492 1490/1490
f 1493/1493 1495/1495 1494/1494
f 1495/1495 1496/1496 1494/1494
f 1497/1497 1499/1499 1498/1498
f 1499/1499 1500/1500 1498/1498
f 1501/1501 1503/1503 1502/1502
f 1503/1503 1504/1504 1502/1502
f 1505/1505 1507/1507 1506/1506
f 1507/1507 1508/1508 1506/1506
f 1509/1509 1511/1511 1510/1510
f 1511/1511 1512/1512 1510/1510
v 12.00225 2.45600 -7.00000
v 11.91975 2.45600 -7.00000
v 12.00225 2.44400 -7.00000
v 11.91975 2.44400 -7.00000
v 11.91975 2.45600 2.00000
v 12.00225 2.45600 2.00000
v 11.91975 2.44400 2.00000
v 12.00225 2.44400 2.00000
v 11.91975 2.45600 2.00000
v 11.91975 2.45600 -7.00000
v 12.00225 2.45600 2.00000
v 12.00225 2.45600 -7.00000
v 12.00225 2.44400 2.00000
v 12.00225 2.44400 -7.00000
v 11.91975 2.44400 2.00000
v 11.91975 2.44400 -7.00000
v 12.00225 2.45600 2.00000
v 12.00225 2.45600 -7.00000
v 12.00225 2.44400 2.00000
v 12.00225 2.44400 -7.00000
v 11.91975 2.45600 -7.00000
v 11.91975 2.45600 2.00000
v 11.91975 2.44400 -7.00000
v 11.91975 2.44400 2.00000
vt 0.00000 0.00000
vt 1.00000 0.00000
vt 0.00000 1.00000
vt 1.00000 1.00000
vt 0.00000 0.00000
vt 1.00000 0.00000
vt 0.00000 1.00000
vt 1.00000 1.00000
vt 0.00000 0.00000
vt 1.00000 0.00000
vt 0.00000 1.00000
vt 1.00000 1.00000
vt 0.00000 0.00000
vt 1.00000 0.00000
vt 0.00000 1.00000
vt 1.00000 1.00000
vt 0.00000 0.00000
vt 1.00000 0.00000
vt 0.00000 1.00000
vt 1.00000 1.00000
vt 0.00000 0.00000
vt 1.00000 0.00000
vt 0.00000 1.00000
vt 1.00000 1.00000
f 1513/1513 1515/1515 1514/1514
f 1515/1515 1516/1516 1514/1514
f 1517/1517 1519/1519 1518/1518
f 1519/1519 1520/1520 1518/1518
f 1521/1521 1523/1523 1522/1522
f 1523/1523 1524/1524 1522/1522
f 1525/1525 1527/1527 1526/1526
f 1527/1527 1528/1528 1526/1526
f 1529/1529 1531/1531 1530/1530
f 1531/1531 1532/1532 1530/1530
f 1533/1533 1535/1535 1534/1534
f 1535/1535 1536/1536 1534/1534
v 12.00225 2.80600 -7.00000
v 11.91975 2.80600 -7.00000
v 12.00225 2.79400 -7.00000
v 11.91975 2.79400 -7.00000
v 11.91975 2.80600 2.00000
v 12.00225 2.80600 2.00000
v 11.91975 2.79400 2.00000
v 12.00225 2.79400 2.00000
v 11.91975 2.80600 2.00000
v 11.91975 2.80600 -7.00000
v 12.00225 2.80600 2.00000
v 12.00225 2.80600 -7.00000
v 12.00225 2.79400 2.00000
v 12.00225 2.79400 -7.00000
v 11.91975 2.79400 2.00000
v 11.91975 2.79400 -7.00000
v 12.00225 2.80600 2.00000
v 12.00225 2.80600 -7.00000
v 12.00225 2.79400 2.00000
v 12.00225 2.79400 -7.00000
v 11.91975 2.80600 -7.00000
v 11.91975 2.80600 2.00000
v 11.91975 2.79400 -7.00000
v 11.91975 2.79400 2.00000
vt 0.00000 0.00000
vt 1.00000 0.00000
vt 0.00000 1.00000
vt 1.00000 1.00000
vt 0.00000 0.00000
vt 1.00000 0.00000
vt 0.00000 1.00000
vt 1.00000 1.00000
vt 0.00000 0.00000
vt 1.00000 0.00000
vt 0.00000 1.00000
vt 1.00000 1.00000
vt 0.00000 0.00000
vt 1.00000 0.00000
vt 0.00000 1.00000
vt 1.00000 1.00000
vt 0.00000 0.00000
vt 1.00000 0.00000
vt 0.00000 1.00000
vt 1.00000 1.00000
vt 0.00000 0.00000
vt 1.00000 0.00000
vt 0.00000 1.00000
vt 1.00000 1.00000
f 1537/1537 1539/1539 1538/1538
f 1539/1539 1540/1540 1538/1538
f 1541/1541 1543/1543 1542/1542
f 1543/1543 1544/1544 1542/1542
f 1545/1545 1547/1547 1546/1546
f 1547/1547 1548/1548 1546/1546
f 1549/1549 1551/1551 1550/1550
f 1551/1551 1552/1552 1550/1550
f 1553/1553 1555/1555 1554/1554
f 1555/1555 1556/1556 1554/1554
f 1557/1557 1559/1559 1558/1558
f 1559/1559 1560/1560 1558/1558
v 12.00000 0.35600 -6.84775
v 12.00000 0.35600 -6.93025
v 12.00000 0.34400 -6.84775
v 12.00000 0.34400 -6.93025
v 4.00000 0.35600 -6.93025
v 4.00000 0.35600 -6.84775
v 4.00000 0.34400 -6.93025
v 4.00000 0.34400 -6.84775
v 4.00000 0.35600 -6.93025
v 12.00000 0.35600 -6.93025
v 4.00000 0.35600 -6.84775
v 12.00000 0.35600 -6.84775
v 4.00000 0.34400 -6.84775
v 12.00000 0.34400 -6.84775
v 4.00000 0.34400 -6.93025
v 12.00000 0.34400 -6.93025
v 4.00000 0.35600 -6.84775
v 12.00000 0.35600 -6.84775
v 4.00000 0.34400 -6.84775
v 12.00000 0.34400 -6.84775
v 12.00000 0.35600 -6.93025
v 4.00000 0.35600 -6.93025
v 12.00000 0.34400 -6.93025
v 4.00000 0.34400 -6.93025
vt 0.00000 0.00000
vt 1.00000 0.00000
vt 0.00000 1.00000
vt 1.00000 1.00000
vt 0.00000 0.00000
vt 1.00000 0.00000
vt 0.00000 1.00000
vt 1.00000 1.00000
vt 0.00000 0.00000
vt 1.00000 0.00000
vt 0.00000 1.00000
vt 1.00000 1.00000
vt 0.00000 0.00000
vt 1.00000 0.00000
vt 0.00000 1.00000
vt 1.00000 1.00000
vt 0.00000 0.00000
vt 1.00000 0.00000
vt 0.00000 1.00000
vt 1.00000 1.00000
vt 0.00000 0.00000
vt 1.00000 0.00000
vt 0.00000 1.00000
vt 1.00000 1.00000
f 1561/1561 1563/1563 1562/1562
f 1563/1563 1564/1564 1562/1562
f 1565/1565 1567/1567 1566/1566
f 1567/1567 1568/1568 1566/1566
f 1569/1569 1571/1571 1570/1570
f 1571/1571 1572/1572 1570/1570
f 1573/1573 1575/1575 1574/1574
f 1575/1575 1576/1576 1574/1574
f 1577/1577 1579/1579 1578/1578
f 1579/1579 1580/1580 1578/1578
f 1581/1581 1583/1583 1582/1582
f 1583/1583 1584/1584 1582/1582
v 12.00000 0.70600 -6.84775
v 12.00000 0.70600 -6.93025
v 12.00000 0.69400 -6.84775
v 12.00000 0.69400 -6.93025
v 4.00000 0.70600 -6.93025
v 4.00000 0.70600 -6.84775
v 4.00000 0.69400 -6.93025
v 4.00000 0.69400 -6.84775
v 4.00000 0.70600 -6.93025
v 12.00000 0.70600 -6.93025
v 4.00000 0.70600 -6.84775
v 12.00000 0.70600 -6.84775
v 4.00000 0.69400 -6.84775
v 12.00000 0.69400 -6.84775
v 4.00000 0.69400 -6.93025
v 12.00000 0.69400 -6.93025
v 4.00000 0.70600 -6.84775
v 12.00000 0.70600 -6.84775
v 4.00000 0.69400 -6.84775
v 12.00000 0.69400 -6.84775
v 12.00000 0.70600 -6.93025
v 4.00000 0.70600 -6.93025
v 12.00000 0.69400 -6.93025
v 4.00000 0.69400 -6.93025
vt 0.00000 0.00000
vt 1.00000 0.00000
vt 0.00000 1.00000
vt 1.00000 1.00000
vt 0.00000 0.00000
vt 1.00000 0.00000
vt 0.00000 1.00000
vt 1.00000 1.00000
vt 0.00000 0.00000
vt 1.00000 0.00000
vt 0.00000 1.00000
vt 1.00000 1.00000
vt 0.00000 0.00000
vt 1.00000 0.00000
vt 0.00000 1.00000
vt 1.00000 1.00000
vt 0.00000 0.00000
vt 1.00000 0.00000
vt 0.00000 1.00000
vt 1.00000 1.00000
vt 0.00000 0.00000
vt 1.00000 0.00000
vt 0.00000 1.00000
vt 1.00000 1.00000
f 1585/1585 1587/1587 1586/1586
f 1587/1587 1588/1588 1586/1586
f 1589/1589 1591/1591 1590/1590
f 1591/1591 1592/1592 1590/1590
f 1593/1593 1595/1595 1594/1594
f 1595/1595 1596/1596 1594/1594
f 1597/1597 1599/1599 1598/1598
f 1599/1599 1600/1600 1598/1598
f 1601/1601 1603/1603 1602/1602
f 1603/1603 1604/1604 1602/1602
f 1605/1605 1607/1607 1606/1606
f 1607/1607 1608/1608 1606/1606
v 12.00000 1.05600 -6.84775
v 12.00000 1.05600 -6.93025
v 12.00000 1.04400 -6.84775
v 12.00000 1.04400 -6.93025
v 4.00000 1.05600 -6.93025
v 4.00000 1.05600 -6.84775
v 4.00000 1.04400 -6.93025
v 4.00000 1.04400 -6.84775
v 4.00000 1.05600 -6.93025
v 12.00000 1.05600 -6.93025
v 4.00000 1.05600 -6.84775
v 12.00000 1.05600 -6.84775
v 4.00000 1.04400 -6.84775
v 12.00000 1.04400 -6.84775
v 4.00000 1.04400 -6.93025
v 12.00000 1.04400 -6.93025
v 4.00000 1.05600 -6.84775
v 12.00000 1.05600 -6.84775
v 4.00000 1.04400 -6.84775
v 12.00000 1.04400 -6.84775
v 12.00000 1.05600 -6.93025
v 4.00000 1.05600 -6.93025
v 12.00000 1.04400 -6.93025
v 4.00000 1.04400 -6.93025
vt 0.00000 0.00000
vt 1.00000 0.00000
vt 0.00000 1.00000
vt 1.00000 1.00000
vt 0.00000 0.00000
vt 1.00000 0.00000
vt 0.00000 1.00000
vt 1.00000 1.00000
vt 0.00000 0.00000
vt 1.00000 0.00000
vt 0.00000 1.00000
vt 1.00000 1.00000
vt 0.00000 0.00000
vt 1.00000 0.00000
vt 0.00000 1.00000
vt 1.00000 1.00000
vt 0.00000 0.00000
vt 1.00000 0.00000
vt 0.00000 1.00000
vt 1.00000 1.00000
vt 0.00000 0.00000
vt 1.00000 0.00000
vt 0.00000 1.00000
vt 1.00000 1.00000
f 1609/1609 1611/1611 1610/1610
f 1611/1611 1612/1612 1610/1610
f 1613/1613 1615/1615 1614/1614
f 1615/1615 1616/1616 1614/1614
f 1617/1617 1619/1619 1618/1618
f 1619/1619 1620/1620 1618/1618
f 1621/1621 1623/1623 1622/1622
f 1623/1623 1624/1624 1622/1622
f 1625/1625 1627/1627 1626/1626
f 1627/1627 1628/1628 1626/1626
f 1629/1629 1631/1631 1630/1630
f 1631/1631 1632/1632 1630/1630
v 12.00000 1.40600 -6.84775
v 12.00000 1.40600 -6.93025
v 12.00000 1.39400 -6.84775
v 12.00000 1.39400 -6.93025
v 4.00000 1.40600 -6.93025
v 4.00000 1.40600 -6.84775
v 4.00000 1.39400 -6.93025
v 4.00000 1.39400 -6.84775
v 4.00000 1.40600 -6.93025
v 12.00000 1.40600 -6.93025
v 4.00000 1.40600 -6.84775
v 12.00000 1.40600 -6.84775
v 4.00000 1.39400 -6.84775
v 12.00000 1.39400 -6.84775
v 4.00000 1.39400 -6.93025
v 12.00000 1.39400 -6.93025
v 4.00000 1.40600 -6.84775
v 12.00000 1.40600 -6.84775
v 4.00000 1.39400 -6.84775
v 12.00000 1.39400 -6.84775
v 12.00000 1.40600 -6.93025
v 4.00000 1.40600 -6.93025
v 12.00000 1.39400 -6.93025
v 4.00000 1.39400 -6.93025
vt 0.00000 0.00000
vt 1.00000 0.00000
vt 0.00000 1.00000
vt 1.00000 1.00000
vt 0.00000 0.00000
vt 1.00000 0.00000
vt 0.00000 1.00000
vt 1.00000 1.00000
vt 0.00000 0.00000
vt 1.00000 0.00000
vt 0.00000 1.00000
vt 1.00000 1.00000
vt 0.00000 0.00000
vt 1.00000 0.00000
vt 0.00000 1.00000
vt 1.00000 1.00000
vt 0.00000 0.00000
vt 1.00000 0.00000
vt 0.00000 1.00000
vt 1.00000 1.00000
vt 0.00000 0.00000
vt 1.00000 0.00000
vt 0.00000 1.00000
vt 1.00000 1.00000
f 1633/1633 1635/1635 1634/1634
f 1635/1635 1636/1636 1634/1634
f 1637/1637 1639/1639 1638/1638
f 1639/1639 1640/1640 1638/1638
f 1641/1641 1643/1643 1642/1642
f 1643/1643 1644/1644 1642/1642
f 1645/1645 1647/1647 1646/1646
f 1647/1647 1648/1648 1646/1646
f 1649/1649 1651/1651 1650/1650
f 1651/1651 1652/1652 1650/1650
f 1653/1653 1655/1655 1654/1654
f 1655/1655 1656/1656 1654/1654
v 12.00000 1.75600 -6.84775
v 12.00000 1.75600 -6.93025
v 12.00000 1.74400 -6.84775
v 12.00000 1.74400 -6.93025
v 4.00000 1.75600 -6.93025
v 4.00000 1.75600 -6.84775
v 4.00000 1.74400 -6.93025
v 4.00000 1.74400 -6.84775
v 4.00000 1.75600 -6.93025
v 12.00000 1.75600 -6.93025
v 4.00000 1.75600 -6.84775
v 12.00000 1.75600 -6.84775
v 4.00000 1.74400 -6.84775
v 12.00000 1.74400 -6.84775
v 4.00000 1.74400 -6.93025
v 12.00000 1.74400 -6.93025
v 4.00000 1.75600 -6.84775
v 12.00000 1.75600 -6.84775
v 4.00000 1.74400 -6.84775
v 12.00000 1.74400 -6.84775
v 12.00000 1.75600 -6.93025
v 4.00000 1.75600 -6.93025
v 12.00000 1.74400 -6.93025
v 4.00000 1.74400 -6.93025
vt 0.00000 0.00000
vt 1.00000 0.00000
vt 0.00000 1.00000
vt 1.00000 1.00000
vt 0.00000 0.00000
vt 1.00000 0.00000
vt 0.00000 1.00000
vt 1.00000 1.00000
vt 0.00000 0.00000
vt 1.00000 0.00000
vt 0.00000 1.00000
vt 1.00000 1.00000
vt 0.00000 0.00000
vt 1.00000 0.00000
vt 0.00000 1.00000
vt 1.00000 1.00000
vt 0.00000 0.00000
vt 1.00000 0.00000
vt 0.00000 1.00000
vt 1.00000 1.00000
vt 0.00000 0.00000
vt 1.00000 0.00000
vt 0.00000 1.00000
vt 1.00000 1.00000
f 1657/1657 1659/1659 1658/1658
f 1659/1659 1660/1660 1658/1658
f 1661/1661 1663/1663 1662/1662
f 1663/1663 1664/1664 1662/1662
f 1665/1665 1667/1667 1666/1666
f 1667/1667 1668/1668 1666/1666
f 1669/1669 1671/1671 1670/1670
f 1671/1671 1672/1672 1670/1670
f 1673/1673 1675/1675 1674/1674
f 1675/1675 1676/1676 1674/1674
f 1677/1677 1679/1679 1678/1678
f 1679/1679 1680/1680 1678/1678
v 12.00000 2.10600 -6.84775
v 12.00000 2.10600 -6.93025
v 12.00000 2.09400 -6.84775
v 12.00000 2.09400 -6.93025
v 4.00000 2.10600 -6.93025
v 4.00000 2.10600 -6.84775
v 4.00000 2.09400 -6.93025
v 4.00000 2.09400 -6.84775
v 4.00000 2.10600 -6.93025
v 12.00000 2.10600 -6.93025
v 4.00000 2.10600 -6.84775
v 12.00000 2.10600 -6.84775
v 4.00000 2.09400 -6.84775
v 12.00000 2.09400 -6.84775
v 4.00000 2.09400 -6.93025
v 12.00000 2.09400 -6.93025
v 4.00000 2.10600 -6.84775
v 12.00000 2.10600 -6.84775
v 4.00000 2.09400 -6.84775
v 12.00000 2.09400 -6.84775
v 12.00000 2.10600 -6.93025
v 4.00000 2.10600 -6.93025
v 12.00000 2.09400 -6.93025
v 4.00000 2.09400 -6.93025
vt 0.00000 0.00000
vt 1.00000 0.00000
vt 0.00000 1.00000
vt 1.00000 1.00000
vt 0.00000 0.00000
vt 1.00000 0.00000
vt 0.00000 1.00000
vt 1.00000 1.00000
vt 0.00000 0.00000
vt 1.00000 0.00000
vt 0.00000 1.00000
vt 1.00000 1.00000
vt 0.00000 0.00000
vt 1.00000 0.00000
vt 0.00000 1.00000
vt 1.00000 1.00000
vt 0.00000 0.00000
vt 1.00000 0.00000
vt 0.00000 1.00000
vt 1.00000 1.00000
vt 0.00000 0.00000
vt 1.00000 0.00000
vt 0.00000 1.00000
vt 1.00000 1.00000
f 1681/1681 1683/1683 1682/1682
f 1683/1683 1684/1684 1682/1682
f 1685/1685 1687/1687 1686/1686
f 1687/1687 1688/1688 1686/1686
f 1689/1689 1691/1691 1690/1690
f 1691/1691 1692/1692 1690/1690
f 1693/1693 1695/1695 1694/1694
f 1695/1695 1696/1696 1694/1694
f 1697/1697 1699/1699 1698/1698
f 1699/1699 1700/1700 1698/1698
f 1701/1701 1703/1703 1702/1702
f 1703/1703 1704/1704 1702/1702
v 12.00000 2.45600 -6.84775
v 12.00000 2.45600 -6.93025
v 12.00000 2.44400 -6.84775
v 12.00000 2.44400 -6.93025
v 4.00000 2.45600 -6.93025
v 4.00000 2.45600 -6.84775
v 4.00000 2.44400 -6.93025
v 4.00000 2.44400 -6.84775
v 4.00000 2.45600 -6.93025
v 12.00000 2.45600 -6.93025
v 4.00000 2.45600 -6.84775
v 12.00000 2.45600 -6.84775
v 4.00000 2.44400 -6.84775
v 12.00000 2.44400 -6.84775
v 4.00000 2.44400 -6.93025
v 12.00000 2.44400 -6.93025
v 4.00000 2.45600 -6.84775
v 12.00000 2.45600 -6.84775
v 4.00000 2.44400 -6.84775
v 12.00000 2.44400 -6.84775
v 12.00000 2.45600 -6.93025
v 4.00000 2.45600 -6.93025
v 12.00000 2.44400 -6.93025
v 4.00000 2.44400 -6.93025
vt 0.00000 0.00000
vt 1.00000 0.00000
vt 0.00000 1.00000
vt 1.00000 1.00000
vt 0.00000 0.00000
vt 1.00000 0.00000
vt 0.00000 1.00000
vt 1.00000 1.00000
vt 0.00000 0.00000
vt 1.00000 0.00000
vt 0.00000 1.00000
vt 1.00000 1.00000
vt 0.00000 0.00000
vt 1.00000 0.00000
vt 0.00000 1.00000
vt 1.00000 1.00000
vt 0.00000 0.00000
vt 1.00000 0.00000
vt 0.00000 1.00000
vt 1.00000 1.00000
vt 0.00000 0.00000
vt 1.00000 0.00000
vt 0.00000 1.00000
vt 1.00000 1.00000
f 1705/1705 1707/1707 1706/1706
f 1707/1707 1708/1708 1706/1706
f 1709/1709 1711/1711 1710/1710
f 1711/1711 1712/1712 1710/1710
f 1713/1713 1715/1715 1714/1714
f 1715/1715 1716/1716 1714/1714
f 1717/1717 1719/1719 1718/1718
f 1719/1719 1720/1720 1718/1718
f 1721/1721 1723/1723 1722/1722
f 1723/1723 1724/1724 1722/1722
f 1725/1725 1727/1727 1726/1726
f 1727/1727 1728/1728 1726/1726
v 12.00000 2.80600 -6.84775
v 12.00000 2.80600 -6.93025
v 12.00000 2.79400 -6.84775
v 12.00000 2.79400 -6.93025
v 4.00000 2.80600 -6.93025
v 4.00000 2.80600 -6.84775
v 4.00000 2.79400 -6.93025
v 4.00000 2.79400 -6.84775
v 4.00000 2.80600 -6.93025
v 12.00000 2.80600 -6.93025
v 4.00000 2.80600 -6.84775
v 12.00000 2.80600 -6.84775
v 4.00000 2.79400 -6.84775
v 12.00000 2.79400 -6.84775
v 4.00000 2.79400 -6.93025
v 12.00000 2.79400 -6.93025
v 4.00000 2.80600 -6.84775
v 12.00000 2.80600 -6.84775
v 4.00000 2.79400 -6.84775
v 12.00000 2.79400 -6.84775
v 12.00000 2.80600 -6.93025
v 4.00000 2.80600 -6.93025
v 12.00000 2.79400 -6.93025
v 4.00000 2.79400 -6.93025
vt 0.00000 0.00000
vt 1.00000 0.00000
vt 0.00000 1.00000
vt 1.00000 1.00000
vt 0.00000 0.00000
vt 1.00000 0.00000
vt 0.00000 1.00000
vt 1.00000 1.00000
vt 0.00000 0.00000
vt 1.00000 0.00000
vt 0.00000 1.00000
vt 1.00000 1.00000
vt 0.00000 0.00000
vt 1.00000 0.00000
vt 0.00000 1.00000
vt 1.00000 1.00000
vt 0.00000 0.00000
vt 1.00000 0.00000
vt 0.00000 1.00000
vt 1.00000 1.00000
vt 0.00000 0.00000
vt 1.00000 0.00000
vt 0.00000 1.00000
vt 1.00000 1.00000
f 1729/1729 1731/1731 1730/1730
f 1731/1731 1732/1732 1730/1730
f 1733/1733 1735/1735 1734/1734
f 1735/1735 1736/1736 1734/1734
f 1737/1737 1739/1739 1738/1738
f 1739/1739 1740/1740 1738/1738
f 1741/1741 1743/1743 1742/1742
f 1743/1743 1744/1744 1742/1742
f 1745/1745 1747/1747 1746/1746
f 1747/1747 1748/1748 1746/1746
f 1749/1749 1751/1751 1750/1750
f 1751/1751 1752/1752 1750/1750
usemtl metal_roof_maroon
v 4.35000 5.14648 2.45953
v 4.35000 6.54398 -3.99047
v 4.35000 5.05852 2.44047
v 4.35000 6.45602 -4.00953
v -12.35000 6.54398 -3.99047
v -12.35000 5.14648 2.45953
v -12.35000 6.45602 -4.00953
v -12.35000 5.05852 2.44047
v -12.35000 6.54398 -3.99047
v 4.35000 6.54398 -3.99047
v -12.35000 5.14648 2.45953
v 4.35000 5.14648 2.45953
v -12.35000 5.05852 2.44047
v 4.35000 5.05852 2.44047
v -12.35000 6.45602 -4.00953
v 4.35000 6.45602 -4.00953
v -12.35000 5.14648 2.45953
v 4.35000 5.14648 2.45953
v -12.35000 5.05852 2.44047
v 4.35000 5.05852 2.44047
v 4.35000 6.54398 -3.99047
v -12.35000 6.54398 -3.99047
v 4.35000 6.45602 -4.00953
v -12.35000 6.45602 -4.00953
vt 0.00000 0.00000
vt 1.00000 0.00000
vt 0.00000 1.00000
vt 1.00000 1.00000
vt 0.00000 0.00000
vt 1.00000 0.00000
vt 0.00000 1.00000
vt 1.00000 1.00000
vt 0.00000 0.00000
vt 1.00000 0.00000
vt 0.00000 1.00000
vt 1.00000 1.00000
vt 0.00000 0.00000
vt 1.00000 0.00000
vt 0.00000 1.00000
vt 1.00000 1.00000
vt 0.00000 0.00000
vt 1.00000 0.00000
vt 0.00000 1.00000
vt 1.00000 1.00000
vt 0.00000 0.00000
vt 1.00000 0.00000
vt 0.00000 1.00000
vt 1.00000 1.00000
f 1753/1753 1755/1755 1754/1754
f 1755/1755 1756/1756 1754/1754
f 1757/1757 1759/1759 1758/1758
f 1759/1759 1760/1760 1758/1758
f 1761/1761 1763/1763 1762/1762
f 1763/1763 1764/1764 1762/1762
f 1765/1765 1767/1767 1766/1766
f 1767/1767 1768/1768 1766/1766
f 1769/1769 1771/1771 1770/1770
f 1771/1771 1772/1772 1770/1770
f 1773/1773 1775/1775 1774/1774
f 1775/1775 1776/1776 1774/1774
v 4.35000 5.05852 -10.44047
v 4.35000 6.45602 -3.99047
v 4.35000 5.14648 -10.45953
v 4.35000 6.54398 -4.00953
v -12.35000 6.45602 -3.99047
v -12.35000 5.05852 -10.44047
v -12.35000 6.54398 -4.00953
v -12.35000 5.14648 -10.45953
v -12.35000 6.45602 -3.99047
v 4.35000 6.45602 -3.99047
v -12.35000 5.05852 -10.44047
v 4.35000 5.05852 -10.44047
v -12.35000 5.14648 -10.45953
v 4.35000 5.14648 -10.45953
v -12.35000 6.54398 -4.00953
v 4.35000 6.54398 -4.00953
v -12.35000 5.05852 -10.44047
v 4.35000 5.05852 -10.44047
v -12.35000 5.14648 -10.45953
v 4.35000 5.14648 -10.45953
v 4.35000 6.45602 -3.99047
v -12.35000 6.45602 -3.99047
v 4.35000 6.54398 -4.00953
v -12.35000 6.54398 -4.00953
vt 0.00000 0.00000
vt 1.00000 0.00000
vt 0.00000 1.00000
vt 1.00000 1.00000
vt 0.00000 0.00000
vt 1.00000 0.00000
vt 0.00000 1.00000
vt 1.00000 1.00000
vt 0.00000 0.00000
vt 1.00000 0.00000
vt 0.00000 1.00000
vt 1.00000 1.00000
vt 0.00000 0.00000
vt 1.00000 0.00000
vt 0.00000 1.00000
vt 1.00000 1.00000
vt 0.00000 0.00000
vt 1.00000 0.00000
vt 0.00000 1.00000
vt 1.00000 1.00000
vt 0.00000 0.00000
vt 1.00000 0.00000
vt 0.00000 1.00000
vt 1.00000 1.00000
f 1777/1777 1779/1779 1778/1778
f 1779/1779 1780/1780 1778/1778
f 1781/1781 1783/1783 1782/1782
f 1783/1783 1784/1784 1782/1782
f 1785/1785 1787/1787 1786/1786
f 1787/1787 1788/1788 1786/1786
f 1789/1789 1791/1791 1790/1790
f 1791/1791 1792/1792 1790/1790
f 1793/1793 1795/1795 1794/1794
f 1795/1795 1796/1796 1794/1794
f 1797/1797 1799/1799 1798/1798
f 1799/1799 1800/1800 1798/1798
v 4.35000 6.59500 -3.87500
v 4.35000 6.59500 -4.12500
v 4.35000 6.50500 -3.87500
v 4.35000 6.50500 -4.12500
v -12.35000 6.59500 -4.12500
v -12.35000 6.59500 -3.87500
v -12.35000 6.50500 -4.12500
v -12.35000 6.50500 -3.87500
v -12.35000 6.59500 -4.12500
v 4.35000 6.59500 -4.12500
v -12.35000 6.59500 -3.87500
v 4.35000 6.59500 -3.87500
v -12.35000 6.50500 -3.87500
v 4.35000 6.50500 -3.87500
v -12.35000 6.50500 -4.12500
v 4.35000 6.50500 -4.12500
v -12.35000 6.59500 -3.87500
v 4.35000 6.59500 -3.87500
v -12.35000 6.50500 -3.87500
v 4.35000 6.50500 -3.87500
v 4.35000 6.59500 -4.12500
v -12.35000 6.59500 -4.12500
v 4.35000 6.50500 -4.12500
v -12.35000 6.50500 -4.12500
vt 0.00000 0.00000
vt 1.00000 0.00000
vt 0.00000 1.00000
vt 1.00000 1.00000
vt 0.00000 0.00000
vt 1.00000 0.00000
vt 0.00000 1.00000
vt 1.00000 1.00000
vt 0.00000 0.00000
vt 1.00000 0.00000
vt 0.00000 1.00000
vt 1.00000 1.00000
vt 0.00000 0.00000
vt 1.00000 0.00000
vt 0.00000 1.00000
vt 1.00000 1.00000
vt 0.00000 0.00000
vt 1.00000 0.00000
vt 0.00000 1.00000
vt 1.00000 1.00000
vt 0.00000 0.00000
vt 1.00000 0.00000
vt 0.00000 1.00000
vt 1.00000 1.00000
f 1801/1801 1803/1803 1802/1802
f 1803/1803 1804/1804 1802/1802
f 1805/1805 1807/1807 1806/1806
f 1807/1807 1808/1808 1806/1806
f 1809/1809 1811/1811 1810/1810
f 1811/1811 1812/1812 1810/1810
f 1813/1813 1815/1815 1814/1814
f 1815/1815 1816/1816 1814/1814
f 1817/1817 1819/1819 1818/1818
f 1819/1819 1820/1820 1818/1818
f 1821/1821 1823/1823 1822/1822
f 1823/1823 1824/1824 1822/1822
v 12.25000 3.35016 2.40868
v 12.25000 4.43905 -2.49132
v 12.25000 3.27206 2.39132
v 12.25000 4.36095 -2.50868
v 3.75000 4.43905 -2.49132
v 3.75000 3.35016 2.40868
v 3.75000 4.36095 -2.50868
v 3.75000 3.27206 2.39132
v 3.75000 4.43905 -2.49132
v 12.25000 4.43905 -2.49132
v 3.75000 3.35016 2.40868
v 12.25000 3.35016 2.40868
v 3.75000 3.27206 2.39132
v 12.25000 3.27206 2.39132
v 3.75000 4.36095 -2.50868
v 12.25000 4.36095 -2.50868
v 3.75000 3.35016 2.40868
v 12.25000 3.35016 2.40868
v 3.75000 3.27206 2.39132
v 12.25000 3.27206 2.39132
v 12.25000 4.43905 -2.49132
v 3.75000 4.43905 -2.49132
v 12.25000 4.36095 -2.50868
v 3.75000 4.36095 -2.50868
vt 0.00000 0.00000
vt 1.00000 0.00000
vt 0.00000 1.00000
vt 1.00000 1.00000
vt 0.00000 0.00000
vt 1.00000 0.00000
vt 0.00000 1.00000
vt 1.00000 1.00000
vt 0.00000 0.00000
vt 1.00000 0.00000
vt 0.00000 1.00000
vt 1.00000 1.00000
vt 0.00000 0.00000
vt 1.00000 0.00000
vt 0.00000 1.00000
vt 1.00000 1.00000
vt 0.00000 0.00000
vt 1.00000 0.00000
vt 0.00000 1.00000
vt 1.00000 1.00000
vt 0.00000 0.00000
vt 1.00000 0.00000
vt 0.00000 1.00000
vt 1.00000 1.00000
f 1825/1825 1827/1827 1826/1826
f 1827/1827 1828/1828 1826/1826
f 1829/1829 1831/1831 1830/1830
f 1831/1831 1832/1832 1830/1830
f 1833/1833 1835/1835 1834/1834
f 1835/1835 1836/1836 1834/1834
f 1837/1837 1839/1839 1838/1838
f 1839/1839 1840/1840 1838/1838
f 1841/1841 1843/1843 1842/1842
f 1843/1843 1844/1844 1842/1842
f 1845/1845 1847/1847 1846/1846
f 1847/1847 1848/1848 1846/1846
v 12.25000 3.27206 -7.39132
v 12.25000 4.36095 -2.49132
v 12.25000 3.35016 -7.40868
v 12.25000 4.43905 -2.50868
v 3.75000 4.36095 -2.49132
v 3.75000 3.27206 -7.39132
v 3.75000 4.43905 -2.50868
v 3.75000 3.35016 -7.40868
v 3.75000 4.36095 -2.49132
v 12.25000 4.36095 -2.49132
v 3.75000 3.27206 -7.39132
v 12.25000 3.27206 -7.39132
v 3.75000 3.35016 -7.40868
v 12.25000 3.35016 -7.40868
v 3.75000 4.43905 -2.50868
v 12.25000 4.43905 -2.50868
v 3.75000 3.27206 -7.39132
v 12.25000 3.27206 -7.39132
v 3.75000 3.35016 -7.40868
v 12.25000 3.35016 -7.40868
v 12.25000 4.36095 -2.49132
v 3.75000 4.36095 -2.49132
v 12.25000 4.43905 -2.50868
v 3.75000 4.43905 -2.50868
vt 0.00000 0.00000
vt 1.00000 0.00000
vt 0.00000 1.00000
vt 1.00000 1.00000
vt 0.00000 0.00000
vt 1.00000 0.00000
vt 0.00000 1.00000
vt 1.00000 1.00000
vt 0.00000 0.00000
vt 1.00000 0.00000
vt 0.00000 1.00000
vt 1.00000 1.00000
vt 0.00000 0.00000
vt 1.00000 0.00000
vt 0.00000 1.00000
vt 1.00000 1.00000
vt 0.00000 0.00000
vt 1.00000 0.00000
vt 0.00000 1.00000
vt 1.00000 1.00000
vt 0.00000 0.00000
vt 1.00000 0.00000
vt 0.00000 1.00000
vt 1.00000 1.00000
f 1849/1849 1851/1851 1850/1850
f 1851/1851 1852/1852 1850/1850
f 1853/1853 1855/1855 1854/1854
f 1855/1855 1856/1856 1854/1854
f 1857/1857 1859/1859 1858/1858
f 1859/1859 1860/1860 1858/1858
f 1861/1861 1863/1863 1862/1862
f 1863/1863 1864/1864 1862/1862
f 1865/1865 1867/1867 1866/1866
f 1867/1867 1868/1868 1866/1866
f 1869/1869 1871/1871 1870/1870
f 1871/1871 1872/1872 1870/1870
v 12.25000 4.48000 -2.39000
v 12.25000 4.48000 -2.61000
v 12.25000 4.40000 -2.39000
v 12.25000 4.40000 -2.61000
v 3.75000 4.48000 -2.61000
v 3.75000 4.48000 -2.39000
v 3.75000 4.40000 -2.61000
v 3.75000 4.40000 -2.39000
v 3.75000 4.48000 -2.61000
v 12.25000 4.48000 -2.61000
v 3.75000 4.48000 -2.39000
v 12.25000 4.48000 -2.39000
v 3.75000 4.40000 -2.39000
v 12.25000 4.40000 -2.39000
v 3.75000 4.40000 -2.61000
v 12.25000 4.40000 -2.61000
v 3.75000 4.48000 -2.39000
v 12.25000 4.48000 -2.39000
v 3.75000 4.40000 -2.39000
v 12.25000 4.40000 -2.39000
v 12.25000 4.48000 -2.61000
v 3.75000 4.48000 -2.61000
v 12.25000 4.40000 -2.61000
v 3.75000 4.40000 -2.61000
vt 0.00000 0.00000
vt 1.00000 0.00000
vt 0.00000 1.00000
vt 1.00000 1.00000
vt 0.00000 0.00000
vt 1.00000 0.00000
vt 0.00000 1.00000
vt 1.00000 1.00000
vt 0.00000 0.00000
vt 1.00000 0.00000
vt 0.00000 1.00000
vt 1.00000 1.00000
vt 0.00000 0.00000
vt 1.00000 0.00000
vt 0.00000 1.00000
vt 1.00000 1.00000
vt 0.00000 0.00000
vt 1.00000 0.00000
vt 0.00000 1.00000
vt 1.00000 1.00000
vt 0.00000 0.00000
vt 1.00000 0.00000
vt 0.00000 1.00000
vt 1.00000 1.00000
f 1873/1873 1875/1875 1874/1874
f 1875/1875 1876/1876 1874/1874
f 1877/1877 1879/1879 1878/1878
f 1879/1879 1880/1880 1878/1878
f 1881/1881 1883/1883 1882/1882
f 1883/1883 1884/1884 1882/1882
f 1885/1885 1887/1887 1886/1886
f 1887/1887 1888/1888 1886/1886
f 1889/1889 1891/1891 1890/1890
f 1891/1891 1892/1892 1890/1890
f 1893/1893 1895/1895 1894/1894
f 1895/1895 1896/1896 1894/1894
v 8.45000 2.80733 3.97186
v 8.45000 3.72733 2.82186
v 8.45000 2.75267 3.92814
v 8.45000 3.67267 2.77814
v 4.75000 3.72733 2.82186
v 4.75000 2.80733 3.97186
v 4.75000 3.67267 2.77814
v 4.75000 2.75267 3.92814
v 4.75000 3.72733 2.82186
v 8.45000 3.72733 2.82186
v 4.75000 2.80733 3.97186
v 8.45000 2.80733 3.97186
v 4.75000 2.75267 3.92814
v 8.45000 2.75267 3.92814
v 4.75000 3.67267 2.77814
v 8.45000 3.67267 2.77814
v 4.75000 2.80733 3.97186
v 8.45000 2.80733 3.97186
v 4.75000 2.75267 3.92814
v 8.45000 2.75267 3.92814
v 8.45000 3.72733 2.82186
v 4.75000 3.72733 2.82186
v 8.45000 3.67267 2.77814
v 4.75000 3.67267 2.77814
vt 0.00000 0.00000
vt 1.00000 0.00000
vt 0.00000 1.00000
vt 1.00000 1.00000
vt 0.00000 0.00000
vt 1.00000 0.00000
vt 0.00000 1.00000
vt 1.00000 1.00000
vt 0.00000 0.00000
vt 1.00000 0.00000
vt 0.00000 1.00000
vt 1.00000 1.00000
vt 0.00000 0.00000
vt 1.00000 0.00000
vt 0.00000 1.00000
vt 1.00000 1.00000
vt 0.00000 0.00000
vt 1.00000 0.00000
vt 0.00000 1.00000
vt 1.00000 1.00000
vt 0.00000 0.00000
vt 1.00000 0.00000
vt 0.00000 1.00000
vt 1.00000 1.00000
f 1897/1897 1899/1899 1898/1898
f 1899/1899 1900/1900 1898/1898
f 1901/1901 1903/1903 1902/1902
f 1903/1903 1904/1904 1902/1902
f 1905/1905 1907/1907 1906/1906
f 1907/1907 1908/1908 1906/1906
f 1909/1909 1911/1911 1910/1910
f 1911/1911 1912/1912 1910/1910
f 1913/1913 1915/1915 1914/1914
f 1915/1915 1916/1916 1914/1914
f 1917/1917 1919/1919 1918/1918
f 1919/1919 1920/1920 1918/1918
v 8.45000 2.75267 1.67186
v 8.45000 3.67267 2.82186
v 8.45000 2.80733 1.62814
v 8.45000 3.72733 2.77814
v 4.75000 3.67267 2.82186
v 4.75000 2.75267 1.67186
v 4.75000 3.72733 2.77814
v 4.75000 2.80733 1.62814
v 4.75000 3.67267 2.82186
v 8.45000 3.67267 2.82186
v 4.75000 2.75267 1.67186
v 8.45000 2.75267 1.67186
v 4.75000 2.80733 1.62814
v 8.45000 2.80733 1.62814
v 4.75000 3.72733 2.77814
v 8.45000 3.72733 2.77814
v 4.75000 2.75267 1.67186
v 8.45000 2.75267 1.67186
v 4.75000 2.80733 1.62814
v 8.45000 2.80733 1.62814
v 8.45000 3.67267 2.82186
v 4.75000 3.67267 2.82186
v 8.45000 3.72733 2.77814
v 4.75000 3.72733 2.77814
vt 0.00000 0.00000
vt 1.00000 0.00000
vt 0.00000 1.00000
vt 1.00000 1.00000
vt 0.00000 0.00000
vt 1.00000 0.00000
vt 0.00000 1.00000
vt 1.00000 1.00000
vt 0.00000 0.00000
vt 1.00000 0.00000
vt 0.00000 1.00000
vt 1.00000 1.00000
vt 0.00000 0.00000
vt 1.00000 0.00000
vt 0.00000 1.00000
vt 1.00000 1.00000
vt 0.00000 0.00000
vt 1.00000 0.00000
vt 0.00000 1.00000
vt 1.00000 1.00000
vt 0.00000 0.00000
vt 1.00000 0.00000
vt 0.00000 1.00000
vt 1.00000 1.00000
f 1921/1921 1923/1923 1922/1922
f 1923/1923 1924/1924 1922/1922
f 1925/1925 1927/1927 1926/1926
f 1927/1927 1928/1928 1926/1926
f 1929/1929 1931/1931 1930/1930
f 1931/1931 1932/1932 1930/1930
f 1933/1933 1935/1935 1934/1934
f 1935/1935 1936/1936 1934/1934
f 1937/1937 1939/1939 1938/1938
f 1939/1939 1940/1940 1938/1938
f 1941/1941 1943/1943 1942/1942
f 1943/1943 1944/1944 1942/1942
v 4.75000 2.90000 3.65000
v 6.60000 3.70000 3.65000
v 8.45000 2.90000 3.65000
v 8.45000 2.90000 3.75000
v 6.60000 3.70000 3.75000
v 4.75000 2.90000 3.75000
v 4.75000 2.90000 3.65000
v 8.45000 2.90000 3.65000
v 4.75000 2.90000 3.75000
v 8.45000 2.90000 3.65000
v 8.45000 2.90000 3.75000
v 4.75000 2.90000 3.75000
v 8.45000 2.90000 3.65000
v 6.60000 3.70000 3.65000
v 8.45000 2.90000 3.75000
v 6.60000 3.70000 3.65000
v 6.60000 3.70000 3.75000
v 8.45000 2.90000 3.75000
v 6.60000 3.70000 3.65000
v 4.75000 2.90000 3.65000
v 6.60000 3.70000 3.75000
v 4.75000 2.90000 3.65000
v 4.75000 2.90000 3.75000
v 6.60000 3.70000 3.75000
vt -1.85000 1.00000
vt 0.00000 0.20000
vt 1.85000 1.00000
vt 1.85000 1.00000
vt 0.00000 0.20000
vt -1.85000 1.00000
vt -1.85000 0.00000
vt 1.85000 0.00000
vt -1.85000 0.10000
vt 1.85000 0.00000
vt 1.85000 0.10000
vt -1.85000 0.10000
vt 1.85000 0.00000
vt 0.00000 0.00000
vt 1.85000 0.10000
vt 0.00000 0.00000
vt 0.00000 0.10000
vt 1.85000 0.10000
vt 0.00000 0.00000
vt -1.85000 0.00000
vt 0.00000 0.10000
vt -1.85000 0.00000
vt -1.85000 0.10000
vt 0.00000 0.10000
f 1945/1945 1946/1946 1947/1947
f 1948/1948 1949/1949 1950/1950
f 1951/1951 1952/1952 1953/1953
f 1954/1954 1955/1955 1956/1956
f 1957/1957 1958/1958 1959/1959
f 1960/1960 1961/1961 1962/1962
f 1963/1963 1964/1964 1965/1965
f 1966/1966 1967/1967 1968/1968
usemtl trim_white
v 4.35000 5.24000 2.40000
v 4.35000 5.24000 2.36000
v 4.35000 4.96000 2.40000
v 4.35000 4.96000 2.36000
v -12.35000 5.24000 2.36000
v -12.35000 5.24000 2.40000
v -12.35000 4.96000 2.36000
v -12.35000 4.96000 2.40000
v -12.35000 5.24000 2.36000
v 4.35000 5.24000 2.36000
v -12.35000 5.24000 2.40000
v 4.35000 5.24000 2.40000
v -12.35000 4.96000 2.40000
v 4.35000 4.96000 2.40000
v -12.35000 4.96000 2.36000
v 4.35000 4.96000 2.36000
v -12.35000 5.24000 2.40000
v 4.35000 5.24000 2.40000
v -12.35000 4.96000 2.40000
v 4.35000 4.96000 2.40000
v 4.35000 5.24000 2.36000
v -12.35000 5.24000 2.36000
v 4.35000 4.96000 2.36000
v -12.35000 4.96000 2.36000
vt 0.00000 0.00000
vt 1.00000 0.00000
vt 0.00000 1.00000
vt 1.00000 1.00000
vt 0.00000 0.00000
vt 1.00000 0.00000
vt 0.00000 1.00000
vt 1.00000 1.00000
vt 0.00000 0.00000
vt 1.00000 0.00000
vt 0.00000 1.00000
vt 1.00000 1.00000
vt 0.00000 0.00000
vt 1.00000 0.00000
vt 0.00000 1.00000
vt 1.00000 1.00000
vt 0.00000 0.00000
vt 1.00000 0.00000
vt 0.00000 1.00000
vt 1.00000 1.00000
vt 0.00000 0.00000
vt 1.00000 0.00000
vt 0.00000 1.00000
vt 1.00000 1.00000
f 1969/1969 1971/1971 1970/1970
f 1971/1971 1972/1972 1970/1970
f 1973/1973 1975/1975 1974/1974
f 1975/1975 1976/1976 1974/1974
f 1977/1977 1979/1979 1978/1978
f 1979/1979 1980/1980 1978/1978
f 1981/1981 1983/1983 1982/1982
f 1983/1983 1984/1984 1982/1982
f 1985/1985 1987/1987 1986/1986
f 1987/1987 1988/1988 1986/1986
f 1989/1989 1991/1991 1990/1990
f 1991/1991 1992/1992 1990/1990
v -8.23000 4.23000 2.05000
v -8.23000 4.23000 1.99000
v -8.23000 4.13000 2.05000
v -8.23000 4.13000 1.99000
v -11.57000 4.23000 1.99000
v -11.57000 4.23000 2.05000
v -11.57000 4.13000 1.99000
v -11.57000 4.13000 2.05000
v -11.57000 4.23000 1.99000
v -8.23000 4.23000 1.99000
v -11.57000 4.23000 2.05000
v -8.23000 4.23000 2.05000
v -11.57000 4.13000 2.05000
v -8.23000 4.13000 2.05000
v -11.57000 4.13000 1.99000
v -8.23000 4.13000 1.99000
v -11.57000 4.23000 2.05000
v -8.23000 4.23000 2.05000
v -11.57000 4.13000 2.05000
v -8.23000 4.13000 2.05000
v -8.23000 4.23000 1.99000
v -11.57000 4.23000 1.99000
v -8.23000 4.13000 1.99000
v -11.57000 4.13000 1.99000
vt 0.00000 0.00000
vt 1.00000 0.00000
vt 0.00000 1.00000
vt 1.00000 1.00000
vt 0.00000 0.00000
vt 1.00000 0.00000
vt 0.00000 1.00000
vt 1.00000 1.00000
vt 0.00000 0.00000
vt 1.00000 0.00000
vt 0.00000 1.00000
vt 1.00000 1.00000
vt 0.00000 0.00000
vt 1.00000 0.00000
vt 0.00000 1.00000
vt 1.00000 1.00000
vt 0.00000 0.00000
vt 1.00000 0.00000
vt 0.00000 1.00000
vt 1.00000 1.00000
vt 0.00000 0.00000
vt 1.00000 0.00000
vt 0.00000 1.00000
vt 1.00000 1.00000
f 1993/1993 1995/1995 1994/1994
f 1995/1995 1996/1996 1994/1994
f 1997/1997 1999/1999 1998/1998
f 1999/1999 2000/2000 1998/1998
f 2001/2001 2003/2003 2002/2002
f 2003/2003 2004/2004 2002/2002
f 2005/2005 2007/2007 2006/2006
f 2007/2007 2008/2008 2006/2006
f 2009/2009 2011/2011 2010/2010
f 2011/2011 2012/2012 2010/2010
f 2013/2013 2015/2015 2014/2014
f 2015/2015 2016/2016 2014/2014
v -4.43000 4.23000 2.05000
v -4.43000 4.23000 1.99000
v -4.43000 4.13000 2.05000
v -4.43000 4.13000 1.99000
v -7.77000 4.23000 1.99000
v -7.77000 4.23000 2.05000
v -7.77000 4.13000 1.99000
v -7.77000 4.13000 2.05000
v -7.77000 4.23000 1.99000
v -4.43000 4.23000 1.99000
v -7.77000 4.23000 2.05000
v -4.43000 4.23000 2.05000
v -7.77000 4.13000 2.05000
v -4.43000 4.13000 2.05000
v -7.77000 4.13000 1.99000
v -4.43000 4.13000 1.99000
v -7.77000 4.23000 2.05000
v -4.43000 4.23000 2.05000
v -7.77000 4.13000 2.05000
v -4.43000 4.13000 2.05000
v -4.43000 4.23000 1.99000
v -7.77000 4.23000 1.99000
v -4.43000 4.13000 1.99000
v -7.77000 4.13000 1.99000
vt 0.00000 0.00000
vt 1.00000 0.00000
vt 0.00000 1.00000
vt 1.00000 1.00000
vt 0.00000 0.00000
vt 1.00000 0.00000
vt 0.00000 1.00000
vt 1.00000 1.00000
vt 0.00000 0.00000
vt 1.00000 0.00000
vt 0.00000 1.00000
vt 1.00000 1.00000
vt 0.00000 0.00000
vt 1.00000 0.00000
vt 0.00000 1.00000
vt 1.00000 1.00000
vt 0.00000 0.00000
vt 1.00000 0.00000
vt 0.00000 1.00000
vt 1.00000 1.00000
vt 0.00000 0.00000
vt 1.00000 0.00000
vt 0.00000 1.00000
vt 1.00000 1.00000
f 2017/2017 2019/2019 2018/2018
f 2019/2019 2020/2020 2018/2018
f 2021/2021 2023/2023 2022/2022
f 2023/2023 2024/2024 2022/2022
f 2025/2025 2027/2027 2026/2026
f 2027/2027 2028/2028 2026/2026
f 2029/2029 2031/2031 2030/2030
f 2031/2031 2032/2032 2030/2030
f 2033/2033 2035/2035 2034/2034
f 2035/2035 2036/2036 2034/2034
f 2037/2037 2039/2039 2038/2038
f 2039/2039 2040/2040 2038/2038
v -0.63000 4.23000 2.05000
v -0.63000 4.23000 1.99000
v -0.63000 4.13000 2.05000
v -0.63000 4.13000 1.99000
v -3.97000 4.23000 1.99000
v -3.97000 4.23000 2.05000
v -3.97000 4.13000 1.99000
v -3.97000 4.13000 2.05000
v -3.97000 4.23000 1.99000
v -0.63000 4.23000 1.99000
v -3.97000 4.23000 2.05000
v -0.63000 4.23000 2.05000
v -3.97000 4.13000 2.05000
v -0.63000 4.13000 2.05000
v -3.97000 4.13000 1.99000
v -0.63000 4.13000 1.99000
v -3.97000 4.23000 2.05000
v -0.63000 4.23000 2.05000
v -3.97000 4.13000 2.05000
v -0.63000 4.13000 2.05000
v -0.63000 4.23000 1.99000
v -3.97000 4.23000 1.99000
v -0.63000 4.13000 1.99000
v -3.97000 4.13000 1.99000
vt 0.00000 0.00000
vt 1.00000 0.00000
vt 0.00000 1.00000
vt 1.00000 1.00000
vt 0.00000 0.00000
vt 1.00000 0.00000
vt 0.00000 1.00000
vt 1.00000 1.00000
vt 0.00000 0.00000
vt 1.00000 0.00000
vt 0.00000 1.00000
vt 1.00000 1.00000
vt 0.00000 0.00000
vt 1.00000 0.00000
vt 0.00000 1.00000
vt 1.00000 1.00000
vt 0.00000 0.00000
vt 1.00000 0.00000
vt 0.00000 1.00000
vt 1.00000 1.00000
vt 0.00000 0.00000
vt 1.00000 0.00000
vt 0.00000 1.00000
vt 1.00000 1.00000
f 2041/2041 2043/2043 2042/2042
f 2043/2043 2044/2044 2042/2042
f 2045/2045 2047/2047 2046/2046
f 2047/2047 2048/2048 2046/2046
f 2049/2049 2051/2051 2050/2050
f 2051/2051 2052/2052 2050/2050
f 2053/2053 2055/2055 2054/2054
f 2055/2055 2056/2056 2054/2054
f 2057/2057 2059/2059 2058/2058
f 2059/2059 2060/2060 2058/2058
f 2061/2061 2063/2063 2062/2062
f 2063/2063 2064/2064 2062/2062
v 3.17000 4.23000 2.05000
v 3.17000 4.23000 1.99000
v 3.17000 4.13000 2.05000
v 3.17000 4.13000 1.99000
v -0.17000 4.23000 1.99000
v -0.17000 4.23000 2.05000
v -0.17000 4.13000 1.99000
v -0.17000 4.13000 2.05000
v -0.17000 4.23000 1.99000
v 3.17000 4.23000 1.99000
v -0.17000 4.23000 2.05000
v 3.17000 4.23000 2.05000
v -0.17000 4.13000 2.05000
v 3.17000 4.13000 2.05000
v -0.17000 4.13000 1.99000
v 3.17000 4.13000 1.99000
v -0.17000 4.23000 2.05000
v 3.17000 4.23000 2.05000
v -0.17000 4.13000 2.05000
v 3.17000 4.13000 2.05000
v 3.17000 4.23000 1.99000
v -0.17000 4.23000 1.99000
v 3.17000 4.13000 1.99000
v -0.17000 4.13000 1.99000
vt 0.00000 0.00000
vt 1.00000 0.00000
vt 0.00000 1.00000
vt 1.00000 1.00000
vt 0.00000 0.00000
vt 1.00000 0.00000
vt 0.00000 1.00000
vt 1.00000 1.00000
vt 0.00000 0.00000
vt 1.00000 0.00000
vt 0.00000 1.00000
vt 1.00000 1.00000
vt 0.00000 0.00000
vt 1.00000 0.00000
vt 0.00000 1.00000
vt 1.00000 1.00000
vt 0.00000 0.00000
vt 1.00000 0.00000
vt 0.00000 1.00000
vt 1.00000 1.00000
vt 0.00000 0.00000
vt 1.00000 0.00000
vt 0.00000 1.00000
vt 1.00000 1.00000
f 2065/2065 2067/2067 2066/2066
f 2067/2067 2068/2068 2066/2066
f 2069/2069 2071/2071 2070/2070
f 2071/2071 2072/2072 2070/2070
f 2073/2073 2075/2075 2074/2074
f 2075/2075 2076/2076 2074/2074
f 2077/2077 2079/2079 2078/2078
f 2079/2079 2080/2080 2078/2078
f 2081/2081 2083/2083 2082/2082
f 2083/2083 2084/2084 2082/2082
f 2085/2085 2087/2087 2086/2086
f 2087/2087 2088/2088 2086/2086
v 9.19500 2.30000 2.03250
v 9.19500 2.30000 1.98750
v 9.19500 1.40000 2.03250
v 9.19500 1.40000 1.98750
v 9.15000 2.30000 1.98750
v 9.15000 2.30000 2.03250
v 9.15000 1.40000 1.98750
v 9.15000 1.40000 2.03250
v 9.15000 2.30000 1.98750
v 9.19500 2.30000 1.98750
v 9.15000 2.30000 2.03250
v 9.19500 2.30000 2.03250
v 9.15000 1.40000 2.03250
v 9.19500 1.40000 2.03250
v 9.15000 1.40000 1.98750
v 9.19500 1.40000 1.98750
v 9.15000 2.30000 2.03250
v 9.19500 2.30000 2.03250
v 9.15000 1.40000 2.03250
v 9.19500 1.40000 2.03250
v 9.19500 2.30000 1.98750
v 9.15000 2.30000 1.98750
v 9.19500 1.40000 1.98750
v 9.15000 1.40000 1.98750
vt 0.00000 0.00000
vt 1.00000 0.00000
vt 0.00000 1.00000
vt 1.00000 1.00000
vt 0.00000 0.00000
vt 1.00000 0.00000
vt 0.00000 1.00000
vt 1.00000 1.00000
vt 0.00000 0.00000
vt 1.00000 0.00000
vt 0.00000 1.00000
vt 1.00000 1.00000
vt 0.00000 0.00000
vt 1.00000 0.00000
vt 0.00000 1.00000
vt 1.00000 1.00000
vt 0.00000 0.00000
vt 1.00000 0.00000
vt 0.00000 1.00000
vt 1.00000 1.00000
vt 0.00000 0.00000
vt 1.00000 0.00000
vt 0.00000 1.00000
vt 1.00000 1.00000
f 2089/2089 2091/2091 2090/2090
f 2091/2091 2092/2092 2090/2090
f 2093/2093 2095/2095 2094/2094
f 2095/2095 2096/2096 2094/2094
f 2097/2097 2099/2099 2098/2098
f 2099/2099 2100/2100 2098/2098
f 2101/2101 2103/2103 2102/2102
f 2103/2103 2104/2104 2102/2102
f 2105/2105 2107/2107 2106/2106
f 2107/2107 2108/2108 2106/2106
f 2109/2109 2111/2111 2110/2110
f 2111/2111 2112/2112 2110/2110
v 10.05000 2.30000 2.03250
v 10.05000 2.30000 1.98750
v 10.05000 1.40000 2.03250
v 10.05000 1.40000 1.98750
v 10.00500 2.30000 1.98750
v 10.00500 2.30000 2.03250
v 10.00500 1.40000 1.98750
v 10.00500 1.40000 2.03250
v 10.00500 2.30000 1.98750
v 10.05000 2.30000 1.98750
v 10.00500 2.30000 2.03250
v 10.05000 2.30000 2.03250
v 10.00500 1.40000 2.03250
v 10.05000 1.40000 2.03250
v 10.00500 1.40000 1.98750
v 10.05000 1.40000 1.98750
v 10.00500 2.30000 2.03250
v 10.05000 2.30000 2.03250
v 10.00500 1.40000 2.03250
v 10.05000 1.40000 2.03250
v 10.05000 2.30000 1.98750
v 10.00500 2.30000 1.98750
v 10.05000 1.40000 1.98750
v 10.00500 1.40000 1.98750
vt 0.00000 0.00000
vt 1.00000 0.00000
vt 0.00000 1.00000
vt 1.00000 1.00000
vt 0.00000 0.00000
vt 1.00000 0.00000
vt 0.00000 1.00000
vt 1.00000 1.00000
vt 0.00000 0.00000
vt 1.00000 0.00000
vt 0.00000 1.00000
vt 1.00000 1.00000
vt 0.00000 0.00000
vt 1.00000 0.00000
vt 0.00000 1.00000
vt 1.00000 1.00000
vt 0.00000 0.00000
vt 1.00000 0.00000
vt 0.00000 1.00000
vt 1.00000 1.00000
vt 0.00000 0.00000
vt 1.00000 0.00000
vt 0.00000 1.00000
vt 1.00000 1.00000
f 2113/2113 2115/2115 2114/2114
f 2115/2115 2116/2116 2114/2114
f 2117/2117 2119/2119 2118/2118
f 2119/2119 2120/2120 2118/2118
f 2121/2121 2123/2123 2122/2122
f 2123/2123 2124/2124 2122/2122
f 2125/2125 2127/2127 2126/2126
f 2127/2127 2128/2128 2126/2126
f 2129/2129 2131/2131 2130/2130
f 2131/2131 2132/2132 2130/2130
f 2133/2133 2135/2135 2134/2134
f 2135/2135 2136/2136 2134/2134
v 10.05000 2.30000 2.03250
v 10.05000 2.30000 1.98750
v 10.05000 2.25500 2.03250
v 10.05000 2.25500 1.98750
v 9.15000 2.30000 1.98750
v 9.15000 2.30000 2.03250
v 9.15000 2.25500 1.98750
v 9.15000 2.25500 2.03250
v 9.15000 2.30000 1.98750
v 10.05000 2.30000 1.98750
v 9.15000 2.30000 2.03250
v 10.05000 2.30000 2.03250
v 9.15000 2.25500 2.03250
v 10.05000 2.25500 2.03250
v 9.15000 2.25500 1.98750
v 10.05000 2.25500 1.98750
v 9.15000 2.30000 2.03250
v 10.05000 2.30000 2.03250
v 9.15000 2.25500 2.03250
v 10.05000 2.25500 2.03250
v 10.05000 2.30000 1.98750
v 9.15000 2.30000 1.98750
v 10.05000 2.25500 1.98750
v 9.15000 2.25500 1.98750
vt 0.00000 0.00000
vt 1.00000 0.00000
vt 0.00000 1.00000
vt 1.00000 1.00000
vt 0.00000 0.00000
vt 1.00000 0.00000
vt 0.00000 1.00000
vt 1.00000 1.00000
vt 0.00000 0.00000
vt 1.00000 0.00000
vt 0.00000 1.00000
vt 1.00000 1.00000
vt 0.00000 0.00000
vt 1.00000 0.00000
vt 0.00000 1.00000
vt 1.00000 1.00000
vt 0.00000 0.00000
vt 1.00000 0.00000
vt 0.00000 1.00000
vt 1.00000 1.00000
vt 0.00000 0.00000
vt 1.00000 0.00000
vt 0.00000 1.00000
vt 1.00000 1.00000
f 2137/2137 2139/2139 2138/2138
f 2139/2139 2140/2140 2138/2138
f 2141/2141 2143/2143 2142/2142
f 2143/2143 2144/2144 2142/2142
f 2145/2145 2147/2147 2146/2146
f 2147/2147 2148/2148 2146/2146
f 2149/2149 2151/2151 2150/2150
f 2151/2151 2152/2152 2150/2150
f 2153/2153 2155/2155 2154/2154
f 2155/2155 2156/2156 2154/2154
f 2157/2157 2159/2159 2158/2158
f 2159/2159 2160/2160 2158/2158
v 10.05000 1.44500 2.03250
v 10.05000 1.44500 1.98750
v 10.05000 1.40000 2.03250
v 10.05000 1.40000 1.98750
v 9.15000 1.44500 1.98750
v 9.15000 1.44500 2.03250
v 9.15000 1.40000 1.98750
v 9.15000 1.40000 2.03250
v 9.15000 1.44500 1.98750
v 10.05000 1.44500 1.98750
v 9.15000 1.44500 2.03250
v 10.05000 1.44500 2.03250
v 9.15000 1.40000 2.03250
v 10.05000 1.40000 2.03250
v 9.15000 1.40000 1.98750
v 10.05000 1.40000 1.98750
v 9.15000 1.44500 2.03250
v 10.05000 1.44500 2.03250
v 9.15000 1.40000 2.03250
v 10.05000 1.40000 2.03250
v 10.05000 1.44500 1.98750
v 9.15000 1.44500 1.98750
v 10.05000 1.40000 1.98750
v 9.15000 1.40000 1.98750
vt 0.00000 0.00000
vt 1.00000 0.00000
vt 0.00000 1.00000
vt 1.00000 1.00000
vt 0.00000 0.00000
vt 1.00000 0.00000
vt 0.00000 1.00000
vt 1.00000 1.00000
vt 0.00000 0.00000
vt 1.00000 0.00000
vt 0.00000 1.00000
vt 1.00000 1.00000
vt 0.00000 0.00000
vt 1.00000 0.00000
vt 0.00000 1.00000
vt 1.00000 1.00000
vt 0.00000 0.00000
vt 1.00000 0.00000
vt 0.00000 1.00000
vt 1.00000 1.00000
vt 0.00000 0.00000
vt 1.00000 0.00000
vt 0.00000 1.00000
vt 1.00000 1.00000
f 2161/2161 2163/2163 2162/2162
f 2163/2163 2164/2164 2162/2162
f 2165/2165 2167/2167 2166/2166
f 2167/2167 2168/2168 2166/2166
f 2169/2169 2171/2171 2170/2170
f 2171/2171 2172/2172 2170/2170
f 2173/2173 2175/2175 2174/2174
f 2175/2175 2176/2176 2174/2174
f 2177/2177 2179/2179 2178/2178
f 2179/2179 2180/2180 2178/2178
f 2181/2181 2183/2183 2182/2182
f 2183/2183 2184/2184 2182/2182
v 9.61250 2.23700 2.02750
v 9.61250 2.23700 1.99250
v 9.61250 1.46300 2.02750
v 9.61250 1.46300 1.99250
v 9.58750 2.23700 1.99250
v 9.58750 2.23700 2.02750
v 9.58750 1.46300 1.99250
v 9.58750 1.46300 2.02750
v 9.58750 2.23700 1.99250
v 9.61250 2.23700 1.99250
v 9.58750 2.23700 2.02750
v 9.61250 2.23700 2.02750
v 9.58750 1.46300 2.02750
v 9.61250 1.46300 2.02750
v 9.58750 1.46300 1.99250
v 9.61250 1.46300 1.99250
v 9.58750 2.23700 2.02750
v 9.61250 2.23700 2.02750
v 9.58750 1.46300 2.02750
v 9.61250 1.46300 2.02750
v 9.61250 2.23700 1.99250
v 9.58750 2.23700 1.99250
v 9.61250 1.46300 1.99250
v 9.58750 1.46300 1.99250
vt 0.00000 0.00000
vt 1.00000 0.00000
vt 0.00000 1.00000
vt 1.00000 1.00000
vt 0.00000 0.00000
vt 1.00000 0.00000
vt 0.00000 1.00000
vt 1.00000 1.00000
vt 0.00000 0.00000
vt 1.00000 0.00000
vt 0.00000 1.00000
vt 1.00000 1.00000
vt 0.00000 0.00000
vt 1.00000 0.00000
vt 0.00000 1.00000
vt 1.00000 1.00000
vt 0.00000 0.00000
vt 1.00000 0.00000
vt 0.00000 1.00000
vt 1.00000 1.00000
vt 0.00000 0.00000
vt 1.00000 0.00000
vt 0.00000 1.00000
vt 1.00000 1.00000
f 2185/2185 2187/2187 2186/2186
f 2187/2187 2188/2188 2186/2186
f 2189/2189 2191/2191 2190/2190
f 2191/2191 2192/2192 2190/2190
f 2193/2193 2195/2195 2194/2194
f 2195/2195 2196/2196 2194/2194
f 2197/2197 2199/2199 2198/2198
f 2199/2199 2200/2200 2198/2198
f 2201/2201 2203/2203 2202/2202
f 2203/2203 2204/2204 2202/2202
f 2205/2205 2207/2207 2206/2206
f 2207/2207 2208/2208 2206/2206
v 10.59500 2.30000 2.03250
v 10.59500 2.30000 1.98750
v 10.59500 1.40000 2.03250
v 10.59500 1.40000 1.98750
v 10.55000 2.30000 1.98750
v 10.55000 2.30000 2.03250
v 10.55000 1.40000 1.98750
v 10.55000 1.40000 2.03250
v 10.55000 2.30000 1.98750
v 10.59500 2.30000 1.98750
v 10.55000 2.30000 2.03250
v 10.59500 2.30000 2.03250
v 10.55000 1.40000 2.03250
v 10.59500 1.40000 2.03250
v 10.55000 1.40000 1.98750
v 10.59500 1.40000 1.98750
v 10.55000 2.30000 2.03250
v 10.59500 2.30000 2.03250
v 10.55000 1.40000 2.03250
v 10.59500 1.40000 2.03250
v 10.59500 2.30000 1.98750
v 10.55000 2.30000 1.98750
v 10.59500 1.40000 1.98750
v 10.55000 1.40000 1.98750
vt 0.00000 0.00000
vt 1.00000 0.00000
vt 0.00000 1.00000
vt 1.00000 1.00000
vt 0.00000 0.00000
vt 1.00000 0.00000
vt 0.00000 1.00000
vt 1.00000 1.00000
vt 0.00000 0.00000
vt 1.00000 0.00000
vt 0.00000 1.00000
vt 1.00000 1.00000
vt 0.00000 0.00000
vt 1.00000 0.00000
vt 0.00000 1.00000
vt 1.00000 1.00000
vt 0.00000 0.00000
vt 1.00000 0.00000
vt 0.00000 1.00000
vt 1.00000 1.00000
vt 0.00000 0.00000
vt 1.00000 0.00000
vt 0.00000 1.00000
vt 1.00000 1.00000
f 2209/2209 2211/2211 2210/2210
f 2211/2211 2212/2212 2210/2210
f 2213/2213 2215/2215 2214/2214
f 2215/2215 2216/2216 2214/2214
f 2217/2217 2219/2219 2218/2218
f 2219/2219 2220/2220 2218/2218
f 2221/2221 2223/2223 2222/2222
f 2223/2223 2224/2224 2222/2222
f 2225/2225 2227/2227 2226/2226
f 2227/2227 2228/2228 2226/2226
f 2229/2229 2231/2231 2230/2230
f 2231/2231 2232/2232 2230/2230
v 11.45000 2.30000 2.03250
v 11.45000 2.30000 1.98750
v 11.45000 1.40000 2.03250
v 11.45000 1.40000 1.98750
v 11.40500 2.30000 1.98750
v 11.40500 2.30000 2.03250
v 11.40500 1.40000 1.98750
v 11.40500 1.40000 2.03250
v 11.40500 2.30000 1.98750
v 11.45000 2.30000 1.98750
v 11.40500 2.30000 2.03250
v 11.45000 2.30000 2.03250
v 11.40500 1.40000 2.03250
v 11.45000 1.40000 2.03250
v 11.40500 1.40000 1.98750
v 11.45000 1.40000 1.98750
v 11.40500 2.30000 2.03250
v 11.45000 2.30000 2.03250
v 11.40500 1.40000 2.03250
v 11.45000 1.40000 2.03250
v 11.45000 2.30000 1.98750
v 11.40500 2.30000 1.98750
v 11.45000 1.40000 1.98750
v 11.40500 1.40000 1.98750
vt 0.00000 0.00000
vt 1.00000 0.00000
vt 0.00000 1.00000
vt 1.00000 1.00000
vt 0.00000 0.00000
vt 1.00000 0.00000
vt 0.00000 1.00000
vt 1.00000 1.00000
vt 0.00000 0.00000
vt 1.00000 0.00000
vt 0.00000 1.00000
vt 1.00000 1.00000
vt 0.00000 0.00000
vt 1.00000 0.00000
vt 0.00000 1.00000
vt 1.00000 1.00000
vt 0.00000 0.00000
vt 1.00000 0.00000
vt 0.00000 1.00000
vt 1.00000 1.00000
vt 0.00000 0.00000
vt 1.00000 0.00000
vt 0.00000 1.00000
vt 1.00000 1.00000
f 2233/2233 2235/2235 2234/2234
f 2235/2235 2236/2236 2234/2234
f 2237/2237 2239/2239 2238/2238
f 2239/2239 2240/2240 2238/2238
f 2241/2241 2243/2243 2242/2242
f 2243/2243 2244/2244 2242/2242
f 2245/2245 2247/2247 2246/2246
f 2247/2247 2248/2248 2246/2246
f 2249/2249 2251/2251 2250/2250
f 2251/2251 2252/2252 2250/2250
f 2253/2253 2255/2255 2254/2254
f 2255/2255 2256/2256 2254/2254
v 11.45000 2.30000 2.03250
v 11.45000 2.30000 1.98750
v 11.45000 2.25500 2.03250
v 11.45000 2.25500 1.98750
v 10.55000 2.30000 1.98750
v 10.55000 2.30000 2.03250
v 10.55000 2.25500 1.98750
v 10.55000 2.25500 2.03250
v 10.55000 2.30000 1.98750
v 11.45000 2.30000 1.98750
v 10.55000 2.30000 2.03250
v 11.45000 2.30000 2.03250
v 10.55000 2.25500 2.03250
v 11.45000 2.25500 2.03250
v 10.55000 2.25500 1.98750
v 11.45000 2.25500 1.98750
v 10.55000 2.30000 2.03250
v 11.45000 2.30000 2.03250
v 10.55000 2.25500 2.03250
v 11.45000 2.25500 2.03250
v 11.45000 2.30000 1.98750
v 10.55000 2.30000 1.98750
v 11.45000 2.25500 1.98750
v 10.55000 2.25500 1.98750
vt 0.00000 0.00000
vt 1.00000 0.00000
vt 0.00000 1.00000
vt 1.00000 1.00000
vt 0.00000 0.00000
vt 1.00000 0.00000
vt 0.00000 1.00000
vt 1.00000 1.00000
vt 0.00000 0.00000
vt 1.00000 0.00000
vt 0.00000 1.00000
vt 1.00000 1.00000
vt 0.00000 0.00000
vt 1.00000 0.00000
vt 0.00000 1.00000
vt 1.00000 1.00000
vt 0.00000 0.00000
vt 1.00000 0.00000
vt 0.00000 1.00000
vt 1.00000 1.00000
vt 0.00000 0.00000
vt 1.00000 0.00000
vt 0.00000 1.00000
vt 1.00000 1.00000
f 2257/2257 2259/2259 2258/2258
f 2259/2259 2260/2260 2258/2258
f 2261/2261 2263/2263 2262/2262
f 2263/2263 2264/2264 2262/2262
f 2265/2265 2267/2267 2266/2266
f 2267/2267 2268/2268 2266/2266
f 2269/2269 2271/2271 2270/2270
f 2271/2271 2272/2272 2270/2270
f 2273/2273 2275/2275 2274/2274
f 2275/2275 2276/2276 2274/2274
f 2277/2277 2279/2279 2278/2278
f 2279/2279 2280/2280 2278/2278
v 11.45000 1.44500 2.03250
v 11.45000 1.44500 1.98750
v 11.45000 1.40000 2.03250
v 11.45000 1.40000 1.98750
v 10.55000 1.44500 1.98750
v 10.55000 1.44500 2.03250
v 10.55000 1.40000 1.98750
v 10.55000 1.40000 2.03250
v 10.55000 1.44500 1.98750
v 11.45000 1.44500 1.98750
v 10.55000 1.44500 2.03250
v 11.45000 1.44500 2.03250
v 10.55000 1.40000 2.03250
v 11.45000 1.40000 2.03250
v 10.55000 1.40000 1.98750
v 11.45000 1.40000 1.98750
v 10.55000 1.44500 2.03250
v 11.45000 1.44500 2.03250
v 10.55000 1.40000 2.03250
v 11.45000 1.40000 2.03250
v 11.45000 1.44500 1.98750
v 10.55000 1.44500 1.98750
v 11.45000 1.40000 1.98750
v 10.55000 1.40000 1.98750
vt 0.00000 0.00000
vt 1.00000 0.00000
vt 0.00000 1.00000
vt 1.00000 1.00000
vt 0.00000 0.00000
vt 1.00000 0.00000
vt 0.00000 1.00000
vt 1.00000 1.00000
vt 0.00000 0.00000
vt 1.00000 0.00000
vt 0.00000 1.00000
vt 1.00000 1.00000
vt 0.00000 0.00000
vt 1.00000 0.00000
vt 0.00000 1.00000
vt 1.00000 1.00000
vt 0.00000 0.00000
vt 1.00000 0.00000
vt 0.00000 1.00000
vt 1.00000 1.00000
vt 0.00000 0.00000
vt 1.00000 0.00000
vt 0.00000 1.00000
vt 1.00000 1.00000
f 2281/2281 2283/2283 2282/2282
f 2283/2283 2284/2284 2282/2282
f 2285/2285 2287/2287 2286/2286
f 2287/2287 2288/2288 2286/2286
f 2289/2289 2291/2291 2290/2290
f 2291/2291 2292/2292 2290/2290
f 2293/2293 2295/2295 2294/2294
f 2295/2295 2296/2296 2294/2294
f 2297/2297 2299/2299 2298/2298
f 2299/2299 2300/2300 2298/2298
f 2301/2301 2303/2303 2302/2302
f 2303/2303 2304/2304 2302/2302
v 11.01250 2.23700 2.02750
v 11.01250 2.23700 1.99250
v 11.01250 1.46300 2.02750
v 11.01250 1.46300 1.99250
v 10.98750 2.23700 1.99250
v 10.98750 2.23700 2.02750
v 10.98750 1.46300 1.99250
v 10.98750 1.46300 2.02750
v 10.98750 2.23700 1.99250
v 11.01250 2.23700 1.99250
v 10.98750 2.23700 2.02750
v 11.01250 2.23700 2.02750
v 10.98750 1.46300 2.02750
v 11.01250 1.46300 2.02750
v 10.98750 1.46300 1.99250
v 11.01250 1.46300 1.99250
v 10.98750 2.23700 2.02750
v 11.01250 2.23700 2.02750
v 10.98750 1.46300 2.02750
v 11.01250 1.46300 2.02750
v 11.01250 2.23700 1.99250
v 10.98750 2.23700 1.99250
v 11.01250 1.46300 1.99250
v 10.98750 1.46300 1.99250
vt 0.00000 0.00000
vt 1.00000 0.00000
vt 0.00000 1.00000
vt 1.00000 1.00000
vt 0.00000 0.00000
vt 1.00000 0.00000
vt 0.00000 1.00000
vt 1.00000 1.00000
vt 0.00000 0.00000
vt 1.00000 0.00000
vt 0.00000 1.00000
vt 1.00000 1.00000
vt 0.00000 0.00000
vt 1.00000 0.00000
vt 0.00000 1.00000
vt 1.00000 1.00000
vt 0.00000 0.00000
vt 1.00000 0.00000
vt 0.00000 1.00000
vt 1.00000 1.00000
vt 0.00000 0.00000
vt 1.00000 0.00000
vt 0.00000 1.00000
vt 1.00000 1.00000
f 2305/2305 2307/2307 2306/2306
f 2307/2307 2308/2308 2306/2306
f 2309/2309 2311/2311 2310/2310
f 2311/2311 2312/2312 2310/2310
f 2313/2313 2315/2315 2314/2314
f 2315/2315 2316/2316 2314/2314
f 2317/2317 2319/2319 2318/2318
f 2319/2319 2320/2320 2318/2318
f 2321/2321 2323/2323 2322/2322
f 2323/2323 2324/2324 2322/2322
f 2325/2325 2327/2327 2326/2326
f 2327/2327 2328/2328 2326/2326
v 8.45000 2.94000 3.74500
v 8.45000 2.94000 3.69500
v 8.45000 2.76000 3.74500
v 8.45000 2.76000 3.69500
v 4.75000 2.94000 3.69500
v 4.75000 2.94000 3.74500
v 4.75000 2.76000 3.69500
v 4.75000 2.76000 3.74500
v 4.75000 2.94000 3.69500
v 8.45000 2.94000 3.69500
v 4.75000 2.94000 3.74500
v 8.45000 2.94000 3.74500
v 4.75000 2.76000 3.74500
v 8.45000 2.76000 3.74500
v 4.75000 2.76000 3.69500
v 8.45000 2.76000 3.69500
v 4.75000 2.94000 3.74500
v 8.45000 2.94000 3.74500
v 4.75000 2.76000 3.74500
v 8.45000 2.76000 3.74500
v 8.45000 2.94000 3.69500
v 4.75000 2.94000 3.69500
v 8.45000 2.76000 3.69500
v 4.75000 2.76000 3.69500
vt 0.00000 0.00000
vt 1.00000 0.00000
vt 0.00000 1.00000
vt 1.00000 1.00000
vt 0.00000 0.00000
vt 1.00000 0.00000
vt 0.00000 1.00000
vt 1.00000 1.00000
vt 0.00000 0.00000
vt 1.00000 0.00000
vt 0.00000 1.00000
vt 1.00000 1.00000
vt 0.00000 0.00000
vt 1.00000 0.00000
vt 0.00000 1.00000
vt 1.00000 1.00000
vt 0.00000 0.00000
vt 1.00000 0.00000
vt 0.00000 1.00000
vt 1.00000 1.00000
vt 0.00000 0.00000
vt 1.00000 0.00000
vt 0.00000 1.00000
vt 1.00000 1.00000
f 2329/2329 2331/2331 2330/2330
f 2331/2331 2332/2332 2330/2330
f 2333/2333 2335/2335 2334/2334
f 2335/2335 2336/2336 2334/2334
f 2337/2337 2339/2339 2338/2338
f 2339/2339 2340/2340 2338/2338
f 2341/2341 2343/2343 2342/2342
f 2343/2343 2344/2344 2342/2342
f 2345/2345 2347/2347 2346/2346
f 2347/2347 2348/2348 2346/2346
f 2349/2349 2351/2351 2350/2350
f 2351/2351 2352/2352 2350/2350
v 5.17000 2.90000 3.57000
v 5.17000 2.90000 3.43000
v 5.17000 -0.00000 3.57000
v 5.17000 -0.00000 3.43000
v 5.03000 2.90000 3.43000
v 5.03000 2.90000 3.57000
v 5.03000 -0.00000 3.43000
v 5.03000 -0.00000 3.57000
v 5.03000 2.90000 3.43000
v 5.17000 2.90000 3.43000
v 5.03000 2.90000 3.57000
v 5.17000 2.90000 3.57000
v 5.03000 -0.00000 3.57000
v 5.17000 -0.00000 3.57000
v 5.03000 -0.00000 3.43000
v 5.17000 -0.00000 3.43000
v 5.03000 2.90000 3.57000
v 5.17000 2.90000 3.57000
v 5.03000 -0.00000 3.57000
v 5.17000 -0.00000 3.57000
v 5.17000 2.90000 3.43000
v 5.03000 2.90000 3.43000
v 5.17000 -0.00000 3.43000
v 5.03000 -0.00000 3.43000
vt 0.00000 0.00000
vt 1.00000 0.00000
vt 0.00000 1.00000
vt 1.00000 1.00000
vt 0.00000 0.00000
vt 1.00000 0.00000
vt 0.00000 1.00000
vt 1.00000 1.00000
vt 0.00000 0.00000
vt 1.00000 0.00000
vt 0.00000 1.00000
vt 1.00000 1.00000
vt 0.00000 0.00000
vt 1.00000 0.00000
vt 0.00000 1.00000
vt 1.00000 1.00000
vt 0.00000 0.00000
vt 1.00000 0.00000
vt 0.00000 1.00000
vt 1.00000 1.00000
vt 0.00000 0.00000
vt 1.00000 0.00000
vt 0.00000 1.00000
vt 1.00000 1.00000
f 2353/2353 2355/2355 2354/2354
f 2355/2355 2356/2356 2354/2354
f 2357/2357 2359/2359 2358/2358
f 2359/2359 2360/2360 2358/2358
f 2361/2361 2363/2363 2362/2362
f 2363/2363 2364/2364 2362/2362
f 2365/2365 2367/2367 2366/2366
f 2367/2367 2368/2368 2366/2366
f 2369/2369 2371/2371 2370/2370
f 2371/2371 2372/2372 2370/2370
f 2373/2373 2375/2375 2374/2374
f 2375/2375 2376/2376 2374/2374
v 8.17000 2.90000 3.57000
v 8.17000 2.90000 3.43000
v 8.17000 -0.00000 3.57000
v 8.17000 -0.00000 3.43000
v 8.03000 2.90000 3.43000
v 8.03000 2.90000 3.57000
v 8.03000 -0.00000 3.43000
v 8.03000 -0.00000 3.57000
v 8.03000 2.90000 3.43000
v 8.17000 2.90000 3.43000
v 8.03000 2.90000 3.57000
v 8.17000 2.90000 3.57000
v 8.03000 -0.00000 3.57000
v 8.17000 -0.00000 3.57000
v 8.03000 -0.00000 3.43000
v 8.17000 -0.00000 3.43000
v 8.03000 2.90000 3.57000
v 8.17000 2.90000 3.57000
v 8.03000 -0.00000 3.57000
v 8.17000 -0.00000 3.57000
v 8.17000 2.90000 3.43000
v 8.03000 2.90000 3.43000
v 8.17000 -0.00000 3.43000
v 8.03000 -0.00000 3.43000
vt 0.00000 0.00000
vt 1.00000 0.00000
vt 0.00000 1.00000
vt 1.00000 1.00000
vt 0.00000 0.00000
vt 1.00000 0.00000
vt 0.00000 1.00000
vt 1.00000 1.00000
vt 0.00000 0.00000
vt 1.00000 0.00000
vt 0.00000 1.00000
vt 1.00000 1.00000
vt 0.00000 0.00000
vt 1.00000 0.00000
vt 0.00000 1.00000
vt 1.00000 1.00000
vt 0.00000 0.00000
vt 1.00000 0.00000
vt 0.00000 1.00000
vt 1.00000 1.00000
vt 0.00000 0.00000
vt 1.00000 0.00000
vt 0.00000 1.00000
vt 1.00000 1.00000
f 2377/2377 2379/2379 2378/2378
f 2379/2379 2380/2380 2378/2378
f 2381/2381 2383/2383 2382/2382
f 2383/2383 2384/2384 2382/2382
f 2385/2385 2387/2387 2386/2386
f 2387/2387 2388/2388 2386/2386
f 2389/2389 2391/2391 2390/2390
f 2391/2391 2392/2392 2390/2390
f 2393/2393 2395/2395 2394/2394
f 2395/2395 2396/2396 2394/2394
f 2397/2397 2399/2399 2398/2398
f 2399/2399 2400/2400 2398/2398
usemtl bay_door_white
v -8.35000 4.10000 2.02000
v -8.35000 4.10000 1.94000
v -8.35000 0.00000 2.02000
v -8.35000 0.00000 1.94000
v -11.45000 4.10000 1.94000
v -11.45000 4.10000 2.02000
v -11.45000 0.00000 1.94000
v -11.45000 0.00000 2.02000
v -11.45000 4.10000 1.94000
v -8.35000 4.10000 1.94000
v -11.45000 4.10000 2.02000
v -8.35000 4.10000 2.02000
v -11.45000 0.00000 2.02000
v -8.35000 0.00000 2.02000
v -11.45000 0.00000 1.94000
v -8.35000 0.00000 1.94000
v -11.45000 4.10000 2.02000
v -8.35000 4.10000 2.02000
v -11.45000 0.00000 2.02000
v -8.35000 0.00000 2.02000
v -8.35000 4.10000 1.94000
v -11.45000 4.10000 1.94000
v -8.35000 0.00000 1.94000
v -11.45000 0.00000 1.94000
vt 0.00000 0.00000
vt 1.00000 0.00000
vt 0.00000 1.00000
vt 1.00000 1.00000
vt 0.00000 0.00000
vt 1.00000 0.00000
vt 0.00000 1.00000
vt 1.00000 1.00000
vt 0.00000 0.00000
vt 1.00000 0.00000
vt 0.00000 1.00000
vt 1.00000 1.00000
vt 0.00000 0.00000
vt 1.00000 0.00000
vt 0.00000 1.00000
vt 1.00000 1.00000
vt 0.00000 0.00000
vt 1.00000 0.00000
vt 0.00000 1.00000
vt 1.00000 1.00000
vt 0.00000 0.00000
vt 1.00000 0.00000
vt 0.00000 1.00000
vt 1.00000 1.00000
f 2401/2401 2403/2403 2402/2402
f 2403/2403 2404/2404 2402/2402
f 2405/2405 2407/2407 2406/2406
f 2407/2407 2408/2408 2406/2406
f 2409/2409 2411/2411 2410/2410
f 2411/2411 2412/2412 2410/2410
f 2413/2413 2415/2415 2414/2414
f 2415/2415 2416/2416 2414/2414
f 2417/2417 2419/2419 2418/2418
f 2419/2419 2420/2420 2418/2418
f 2421/2421 2423/2423 2422/2422
f 2423/2423 2424/2424 2422/2422
v -4.55000 4.10000 2.10000
v -4.55000 4.10000 1.98000
v -4.55000 3.60000 2.10000
v -4.55000 3.60000 1.98000
v -7.65000 4.10000 1.98000
v -7.65000 4.10000 2.10000
v -7.65000 3.60000 1.98000
v -7.65000 3.60000 2.10000
v -7.65000 4.10000 1.98000
v -4.55000 4.10000 1.98000
v -7.65000 4.10000 2.10000
v -4.55000 4.10000 2.10000
v -7.65000 3.60000 2.10000
v -4.55000 3.60000 2.10000
v -7.65000 3.60000 1.98000
v -4.55000 3.60000 1.98000
v -7.65000 4.10000 2.10000
v -4.55000 4.10000 2.10000
v -7.65000 3.60000 2.10000
v -4.55000 3.60000 2.10000
v -4.55000 4.10000 1.98000
v -7.65000 4.10000 1.98000
v -4.55000 3.60000 1.98000
v -7.65000 3.60000 1.98000
vt 0.00000 0.00000
vt 1.00000 0.00000
vt 0.00000 1.00000
vt 1.00000 1.00000
vt 0.00000 0.00000
vt 1.00000 0.00000
vt 0.00000 1.00000
vt 1.00000 1.00000
vt 0.00000 0.00000
vt 1.00000 0.00000
vt 0.00000 1.00000
vt 1.00000 1.00000
vt 0.00000 0.00000
vt 1.00000 0.00000
vt 0.00000 1.00000
vt 1.00000 1.00000
vt 0.00000 0.00000
vt 1.00000 0.00000
vt 0.00000 1.00000
vt 1.00000 1.00000
vt 0.00000 0.00000
vt 1.00000 0.00000
vt 0.00000 1.00000
vt 1.00000 1.00000
f 2425/2425 2427/2427 2426/2426
f 2427/2427 2428/2428 2426/2426
f 2429/2429 2431/2431 2430/2430
f 2431/2431 2432/2432 2430/2430
f 2433/2433 2435/2435 2434/2434
f 2435/2435 2436/2436 2434/2434
f 2437/2437 2439/2439 2438/2438
f 2439/2439 2440/2440 2438/2438
f 2441/2441 2443/2443 2442/2442
f 2443/2443 2444/2444 2442/2442
f 2445/2445 2447/2447 2446/2446
f 2447/2447 2448/2448 2446/2446
v -0.75000 4.10000 2.02000
v -0.75000 4.10000 1.94000
v -0.75000 0.00000 2.02000
v -0.75000 0.00000 1.94000
v -3.85000 4.10000 1.94000
v -3.85000 4.10000 2.02000
v -3.85000 0.00000 1.94000
v -3.85000 0.00000 2.02000
v -3.85000 4.10000 1.94000
v -0.75000 4.10000 1.94000
v -3.85000 4.10000 2.02000
v -0.75000 4.10000 2.02000
v -3.85000 0.00000 2.02000
v -0.75000 0.00000 2.02000
v -3.85000 0.00000 1.94000
v -0.75000 0.00000 1.94000
v -3.85000 4.10000 2.02000
v -0.75000 4.10000 2.02000
v -3.85000 0.00000 2.02000
v -0.75000 0.00000 2.02000
v -0.75000 4.10000 1.94000
v -3.85000 4.10000 1.94000
v -0.75000 0.00000 1.94000
v -3.85000 0.00000 1.94000
vt 0.00000 0.00000
vt 1.00000 0.00000
vt 0.00000 1.00000
vt 1.00000 1.00000
vt 0.00000 0.00000
vt 1.00000 0.00000
vt 0.00000 1.00000
vt 1.00000 1.00000
vt 0.00000 0.00000
vt 1.00000 0.00000
vt 0.00000 1.00000
vt 1.00000 1.00000
vt 0.00000 0.00000
vt 1.00000 0.00000
vt 0.00000 1.00000
vt 1.00000 1.00000
vt 0.00000 0.00000
vt 1.00000 0.00000
vt 0.00000 1.00000
vt 1.00000 1.00000
vt 0.00000 0.00000
vt 1.00000 0.00000
vt 0.00000 1.00000
vt 1.00000 1.00000
f 2449/2449 2451/2451 2450/2450
f 2451/2451 2452/2452 2450/2450
f 2453/2453 2455/2455 2454/2454
f 2455/2455 2456/2456 2454/2454
f 2457/2457 2459/2459 2458/2458
f 2459/2459 2460/2460 2458/2458
f 2461/2461 2463/2463 2462/2462
f 2463/2463 2464/2464 2462/2462
f 2465/2465 2467/2467 2466/2466
f 2467/2467 2468/2468 2466/2466
f 2469/2469 2471/2471 2470/2470
f 2471/2471 2472/2472 2470/2470
v 3.05000 4.10000 2.02000
v 3.05000 4.10000 1.94000
v 3.05000 0.00000 2.02000
v 3.05000 0.00000 1.94000
v -0.05000 4.10000 1.94000
v -0.05000 4.10000 2.02000
v -0.05000 0.00000 1.94000
v -0.05000 0.00000 2.02000
v -0.05000 4.10000 1.94000
v 3.05000 4.10000 1.94000
v -0.05000 4.10000 2.02000
v 3.05000 4.10000 2.02000
v -0.05000 0.00000 2.02000
v 3.05000 0.00000 2.02000
v -0.05000 0.00000 1.94000
v 3.05000 0.00000 1.94000
v -0.05000 4.10000 2.02000
v 3.05000 4.10000 2.02000
v -0.05000 0.00000 2.02000
v 3.05000 0.00000 2.02000
v 3.05000 4.10000 1.94000
v -0.05000 4.10000 1.94000
v 3.05000 0.00000 1.94000
v -0.05000 0.00000 1.94000
vt 0.00000 0.00000
vt 1.00000 0.00000
vt 0.00000 1.00000
vt 1.00000 1.00000
vt 0.00000 0.00000
vt 1.00000 0.00000
vt 0.00000 1.00000
vt 1.00000 1.00000
vt 0.00000 0.00000
vt 1.00000 0.00000
vt 0.00000 1.00000
vt 1.00000 1.00000
vt 0.00000 0.00000
vt 1.00000 0.00000
vt 0.00000 1.00000
vt 1.00000 1.00000
vt 0.00000 0.00000
vt 1.00000 0.00000
vt 0.00000 1.00000
vt 1.00000 1.00000
vt 0.00000 0.00000
vt 1.00000 0.00000
vt 0.00000 1.00000
vt 1.00000 1.00000
f 2473/2473 2475/2475 2474/2474
f 2475/2475 2476/2476 2474/2474
f 2477/2477 2479/2479 2478/2478
f 2479/2479 2480/2480 2478/2478
f 2481/2481 2483/2483 2482/2482
f 2483/2483 2484/2484 2482/2482
f 2485/2485 2487/2487 2486/2486
f 2487/2487 2488/2488 2486/2486
f 2489/2489 2491/2491 2490/2490
f 2491/2491 2492/2492 2490/2490
f 2493/2493 2495/2495 2494/2494
f 2495/2495 2496/2496 2494/2494
usemtl bay_door_seam
v -8.37500 0.83500 2.03500
v -8.37500 0.83500 2.01500
v -8.37500 0.80500 2.03500
v -8.37500 0.80500 2.01500
v -11.42500 0.83500 2.01500
v -11.42500 0.83500 2.03500
v -11.42500 0.80500 2.01500
v -11.42500 0.80500 2.03500
v -11.42500 0.83500 2.01500
v -8.37500 0.83500 2.01500
v -11.42500 0.83500 2.03500
v -8.37500 0.83500 2.03500
v -11.42500 0.80500 2.03500
v -8.37500 0.80500 2.03500
v -11.42500 0.80500 2.01500
v -8.37500 0.80500 2.01500
v -11.42500 0.83500 2.03500
v -8.37500 0.83500 2.03500
v -11.42500 0.80500 2.03500
v -8.37500 0.80500 2.03500
v -8.37500 0.83500 2.01500
v -11.42500 0.83500 2.01500
v -8.37500 0.80500 2.01500
v -11.42500 0.80500 2.01500
vt 0.00000 0.00000
vt 1.00000 0.00000
vt 0.00000 1.00000
vt 1.00000 1.00000
vt 0.00000 0.00000
vt 1.00000 0.00000
vt 0.00000 1.00000
vt 1.00000 1.00000
vt 0.00000 0.00000
vt 1.00000 0.00000
vt 0.00000 1.00000
vt 1.00000 1.00000
vt 0.00000 0.00000
vt 1.00000 0.00000
vt 0.00000 1.00000
vt 1.00000 1.00000
vt 0.00000 0.00000
vt 1.00000 0.00000
vt 0.00000 1.00000
vt 1.00000 1.00000
vt 0.00000 0.00000
vt 1.00000 0.00000
vt 0.00000 1.00000
vt 1.00000 1.00000
f 2497/2497 2499/2499 2498/2498
f 2499/2499 2500/2500 2498/2498
f 2501/2501 2503/2503 2502/2502
f 2503/2503 2504/2504 2502/2502
f 2505/2505 2507/2507 2506/2506
f 2507/2507 2508/2508 2506/2506
f 2509/2509 2511/2511 2510/2510
f 2511/2511 2512/2512 2510/2510
f 2513/2513 2515/2515 2514/2514
f 2515/2515 2516/2516 2514/2514
f 2517/2517 2519/2519 2518/2518
f 2519/2519 2520/2520 2518/2518
v -8.37500 1.65500 2.03500
v -8.37500 1.65500 2.01500
v -8.37500 1.62500 2.03500
v -8.37500 1.62500 2.01500
v -11.42500 1.65500 2.01500
v -11.42500 1.65500 2.03500
v -11.42500 1.62500 2.01500
v -11.42500 1.62500 2.03500
v -11.42500 1.65500 2.01500
v -8.37500 1.65500 2.01500
v -11.42500 1.65500 2.03500
v -8.37500 1.65500 2.03500
v -11.42500 1.62500 2.03500
v -8.37500 1.62500 2.03500
v -11.42500 1.62500 2.01500
v -8.37500 1.62500 2.01500
v -11.42500 1.65500 2.03500
v -8.37500 1.65500 2.03500
v -11.42500 1.62500 2.03500
v -8.37500 1.62500 2.03500
v -8.37500 1.65500 2.01500
v -11.42500 1.65500 2.01500
v -8.37500 1.62500 2.01500
v -11.42500 1.62500 2.01500
vt 0.00000 0.00000
vt 1.00000 0.00000
vt 0.00000 1.00000
vt 1.00000 1.00000
vt 0.00000 0.00000
vt 1.00000 0.00000
vt 0.00000 1.00000
vt 1.00000 1.00000
vt 0.00000 0.00000
vt 1.00000 0.00000
vt 0.00000 1.00000
vt 1.00000 1.00000
vt 0.00000 0.00000
vt 1.00000 0.00000
vt 0.00000 1.00000
vt 1.00000 1.00000
vt 0.00000 0.00000
vt 1.00000 0.00000
vt 0.00000 1.00000
vt 1.00000 1.00000
vt 0.00000 0.00000
vt 1.00000 0.00000
vt 0.00000 1.00000
vt 1.00000 1.00000
f 2521/2521 2523/2523 2522/2522
f 2523/2523 2524/2524 2522/2522
f 2525/2525 2527/2527 2526/2526
f 2527/2527 2528/2528 2526/2526
f 2529/2529 2531/2531 2530/2530
f 2531/2531 2532/2532 2530/2530
f 2533/2533 2535/2535 2534/2534
f 2535/2535 2536/2536 2534/2534
f 2537/2537 2539/2539 2538/2538
f 2539/2539 2540/2540 2538/2538
f 2541/2541 2543/2543 2542/2542
f 2543/2543 2544/2544 2542/2542
v -8.37500 2.47500 2.03500
v -8.37500 2.47500 2.01500
v -8.37500 2.44500 2.03500
v -8.37500 2.44500 2.01500
v -11.42500 2.47500 2.01500
v -11.42500 2.47500 2.03500
v -11.42500 2.44500 2.01500
v -11.42500 2.44500 2.03500
v -11.42500 2.47500 2.01500
v -8.37500 2.47500 2.01500
v -11.42500 2.47500 2.03500
v -8.37500 2.47500 2.03500
v -11.42500 2.44500 2.03500
v -8.37500 2.44500 2.03500
v -11.42500 2.44500 2.01500
v -8.37500 2.44500 2.01500
v -11.42500 2.47500 2.03500
v -8.37500 2.47500 2.03500
v -11.42500 2.44500 2.03500
v -8.37500 2.44500 2.03500
v -8.37500 2.47500 2.01500
v -11.42500 2.47500 2.01500
v -8.37500 2.44500 2.01500
v -11.42500 2.44500 2.01500
vt 0.00000 0.00000
vt 1.00000 0.00000
vt 0.00000 1.00000
vt 1.00000 1.00000
vt 0.00000 0.00000
vt 1.00000 0.00000
vt 0.00000 1.00000
vt 1.00000 1.00000
vt 0.00000 0.00000
vt 1.00000 0.00000
vt 0.00000 1.00000
vt 1.00000 1.00000
vt 0.00000 0.00000
vt 1.00000 0.00000
vt 0.00000 1.00000
vt 1.00000 1.00000
vt 0.00000 0.00000
vt 1.00000 0.00000
vt 0.00000 1.00000
vt 1.00000 1.00000
vt 0.00000 0.00000
vt 1.00000 0.00000
vt 0.00000 1.00000
vt 1.00000 1.00000
f 2545/2545 2547/2547 2546/2546
f 2547/2547 2548/2548 2546/2546
f 2549/2549 2551/2551 2550/2550
f 2551/2551 2552/2552 2550/2550
f 2553/2553 2555/2555 2554/2554
f 2555/2555 2556/2556 2554/2554
f 2557/2557 2559/2559 2558/2558
f 2559/2559 2560/2560 2558/2558
f 2561/2561 2563/2563 2562/2562
f 2563/2563 2564/2564 2562/2562
f 2565/2565 2567/2567 2566/2566
f 2567/2567 2568/2568 2566/2566
v -8.37500 3.29500 2.03500
v -8.37500 3.29500 2.01500
v -8.37500 3.26500 2.03500
v -8.37500 3.26500 2.01500
v -11.42500 3.29500 2.01500
v -11.42500 3.29500 2.03500
v -11.42500 3.26500 2.01500
v -11.42500 3.26500 2.03500
v -11.42500 3.29500 2.01500
v -8.37500 3.29500 2.01500
v -11.42500 3.29500 2.03500
v -8.37500 3.29500 2.03500
v -11.42500 3.26500 2.03500
v -8.37500 3.26500 2.03500
v -11.42500 3.26500 2.01500
v -8.37500 3.26500 2.01500
v -11.42500 3.29500 2.03500
v -8.37500 3.29500 2.03500
v -11.42500 3.26500 2.03500
v -8.37500 3.26500 2.03500
v -8.37500 3.29500 2.01500
v -11.42500 3.29500 2.01500
v -8.37500 3.26500 2.01500
v -11.42500 3.26500 2.01500
vt 0.00000 0.00000
vt 1.00000 0.00000
vt 0.00000 1.00000
vt 1.00000 1.00000
vt 0.00000 0.00000
vt 1.00000 0.00000
vt 0.00000 1.00000
vt 1.00000 1.00000
vt 0.00000 0.00000
vt 1.00000 0.00000
vt 0.00000 1.00000
vt 1.00000 1.00000
vt 0.00000 0.00000
vt 1.00000 0.00000
vt 0.00000 1.00000
vt 1.00000 1.00000
vt 0.00000 0.00000
vt 1.00000 0.00000
vt 0.00000 1.00000
vt 1.00000 1.00000
vt 0.00000 0.00000
vt 1.00000 0.00000
vt 0.00000 1.00000
vt 1.00000 1.00000
f 2569/2569 2571/2571 2570/2570
f 2571/2571 2572/2572 2570/2570
f 2573/2573 2575/2575 2574/2574
f 2575/2575 2576/2576 2574/2574
f 2577/2577 2579/2579 2578/2578
f 2579/2579 2580/2580 2578/2578
f 2581/2581 2583/2583 2582/2582
f 2583/2583 2584/2584 2582/2582
f 2585/2585 2587/2587 2586/2586
f 2587/2587 2588/2588 2586/2586
f 2589/2589 2591/2591 2590/2590
f 2591/2591 2592/2592 2590/2590
v -0.77500 0.83500 2.03500
v -0.77500 0.83500 2.01500
v -0.77500 0.80500 2.03500
v -0.77500 0.80500 2.01500
v -3.82500 0.83500 2.01500
v -3.82500 0.83500 2.03500
v -3.82500 0.80500 2.01500
v -3.82500 0.80500 2.03500
v -3.82500 0.83500 2.01500
v -0.77500 0.83500 2.01500
v -3.82500 0.83500 2.03500
v -0.77500 0.83500 2.03500
v -3.82500 0.80500 2.03500
v -0.77500 0.80500 2.03500
v -3.82500 0.80500 2.01500
v -0.77500 0.80500 2.01500
v -3.82500 0.83500 2.03500
v -0.77500 0.83500 2.03500
v -3.82500 0.80500 2.03500
v -0.77500 0.80500 2.03500
v -0.77500 0.83500 2.01500
v -3.82500 0.83500 2.01500
v -0.77500 0.80500 2.01500
v -3.82500 0.80500 2.01500
vt 0.00000 0.00000
vt 1.00000 0.00000
vt 0.00000 1.00000
vt 1.00000 1.00000
vt 0.00000 0.00000
vt 1.00000 0.00000
vt 0.00000 1.00000
vt 1.00000 1.00000
vt 0.00000 0.00000
vt 1.00000 0.00000
vt 0.00000 1.00000
vt 1.00000 1.00000
vt 0.00000 0.00000
vt 1.00000 0.00000
vt 0.00000 1.00000
vt 1.00000 1.00000
vt 0.00000 0.00000
vt 1.00000 0.00000
vt 0.00000 1.00000
vt 1.00000 1.00000
vt 0.00000 0.00000
vt 1.00000 0.00000
vt 0.00000 1.00000
vt 1.00000 1.00000
f 2593/2593 2595/2595 2594/2594
f 2595/2595 2596/2596 2594/2594
f 2597/2597 2599/2599 2598/2598
f 2599/2599 2600/2600 2598/2598
f 2601/2601 2603/2603 2602/2602
f 2603/2603 2604/2604 2602/2602
f 2605/2605 2607/2607 2606/2606
f 2607/2607 2608/2608 2606/2606
f 2609/2609 2611/2611 2610/2610
f 2611/2611 2612/2612 2610/2610
f 2613/2613 2615/2615 2614/2614
f 2615/2615 2616/2616 2614/2614
v -0.77500 1.65500 2.03500
v -0.77500 1.65500 2.01500
v -0.77500 1.62500 2.03500
v -0.77500 1.62500 2.01500
v -3.82500 1.65500 2.01500
v -3.82500 1.65500 2.03500
v -3.82500 1.62500 2.01500
v -3.82500 1.62500 2.03500
v -3.82500 1.65500 2.01500
v -0.77500 1.65500 2.01500
v -3.82500 1.65500 2.03500
v -0.77500 1.65500 2.03500
v -3.82500 1.62500 2.03500
v -0.77500 1.62500 2.03500
v -3.82500 1.62500 2.01500
v -0.77500 1.62500 2.01500
v -3.82500 1.65500 2.03500
v -0.77500 1.65500 2.03500
v -3.82500 1.62500 2.03500
v -0.77500 1.62500 2.03500
v -0.77500 1.65500 2.01500
v -3.82500 1.65500 2.01500
v -0.77500 1.62500 2.01500
v -3.82500 1.62500 2.01500
vt 0.00000 0.00000
vt 1.00000 0.00000
vt 0.00000 1.00000
vt 1.00000 1.00000
vt 0.00000 0.00000
vt 1.00000 0.00000
vt 0.00000 1.00000
vt 1.00000 1.00000
vt 0.00000 0.00000
vt 1.00000 0.00000
vt 0.00000 1.00000
vt 1.00000 1.00000
vt 0.00000 0.00000
vt 1.00000 0.00000
vt 0.00000 1.00000
vt 1.00000 1.00000
vt 0.00000 0.00000
vt 1.00000 0.00000
vt 0.00000 1.00000
vt 1.00000 1.00000
vt 0.00000 0.00000
vt 1.00000 0.00000
vt 0.00000 1.00000
vt 1.00000 1.00000
f 2617/2617 2619/2619 2618/2618
f 2619/2619 2620/2620 2618/2618
f 2621/2621 2623/2623 2622/2622
f 2623/2623 2624/2624 2622/2622
f 2625/2625 2627/2627 2626/2626
f 2627/2627 2628/2628 2626/2626
f 2629/2629 2631/2631 2630/2630
f 2631/2631 2632/2632 2630/2630
f 2633/2633 2635/2635 2634/2634
f 2635/2635 2636/2636 2634/2634
f 2637/2637 2639/2639 2638/2638
f 2639/2639 2640/2640 2638/2638
v -0.77500 2.47500 2.03500
v -0.77500 2.47500 2.01500
v -0.77500 2.44500 2.03500
v -0.77500 2.44500 2.01500
v -3.82500 2.47500 2.01500
v -3.82500 2.47500 2.03500
v -3.82500 2.44500 2.01500
v -3.82500 2.44500 2.03500
v -3.82500 2.47500 2.01500
v -0.77500 2.47500 2.01500
v -3.82500 2.47500 2.03500
v -0.77500 2.47500 2.03500
v -3.82500 2.44500 2.03500
v -0.77500 2.44500 2.03500
v -3.82500 2.44500 2.01500
v -0.77500 2.44500 2.01500
v -3.82500 2.47500 2.03500
v -0.77500 2.47500 2.03500
v -3.82500 2.44500 2.03500
v -0.77500 2.44500 2.03500
v -0.77500 2.47500 2.01500
v -3.82500 2.47500 2.01500
v -0.77500 2.44500 2.01500
v -3.82500 2.44500 2.01500
vt 0.00000 0.00000
vt 1.00000 0.00000
vt 0.00000 1.00000
vt 1.00000 1.00000
vt 0.00000 0.00000
vt 1.00000 0.00000
vt 0.00000 1.00000
vt 1.00000 1.00000
vt 0.00000 0.00000
vt 1.00000 0.00000
vt 0.00000 1.00000
vt 1.00000 1.00000
vt 0.00000 0.00000
vt 1.00000 0.00000
vt 0.00000 1.00000
vt 1.00000 1.00000
vt 0.00000 0.00000
vt 1.00000 0.00000
vt 0.00000 1.00000
vt 1.00000 1.00000
vt 0.00000 0.00000
vt 1.00000 0.00000
vt 0.00000 1.00000
vt 1.00000 1.00000
f 2641/2641 2643/2643 2642/2642
f 2643/2643 2644/2644 2642/2642
f 2645/2645 2647/2647 2646/2646
f 2647/2647 2648/2648 2646/2646
f 2649/2649 2651/2651 2650/2650
f 2651/2651 2652/2652 2650/2650
f 2653/2653 2655/2655 2654/2654
f 2655/2655 2656/2656 2654/2654
f 2657/2657 2659/2659 2658/2658
f 2659/2659 2660/2660 2658/2658
f 2661/2661 2663/2663 2662/2662
f 2663/2663 2664/2664 2662/2662
v -0.77500 3.29500 2.03500
v -0.77500 3.29500 2.01500
v -0.77500 3.26500 2.03500
v -0.77500 3.26500 2.01500
v -3.82500 3.29500 2.01500
v -3.82500 3.29500 2.03500
v -3.82500 3.26500 2.01500
v -3.82500 3.26500 2.03500
v -3.82500 3.29500 2.01500
v -0.77500 3.29500 2.01500
v -3.82500 3.29500 2.03500
v -0.77500 3.29500 2.03500
v -3.82500 3.26500 2.03500
v -0.77500 3.26500 2.03500
v -3.82500 3.26500 2.01500
v -0.77500 3.26500 2.01500
v -3.82500 3.29500 2.03500
v -0.77500 3.29500 2.03500
v -3.82500 3.26500 2.03500
v -0.77500 3.26500 2.03500
v -0.77500 3.29500 2.01500
v -3.82500 3.29500 2.01500
v -0.77500 3.26500 2.01500
v -3.82500 3.26500 2.01500
vt 0.00000 0.00000
vt 1.00000 0.00000
vt 0.00000 1.00000
vt 1.00000 1.00000
vt 0.00000 0.00000
vt 1.00000 0.00000
vt 0.00000 1.00000
vt 1.00000 1.00000
vt 0.00000 0.00000
vt 1.00000 0.00000
vt 0.00000 1.00000
vt 1.00000 1.00000
vt 0.00000 0.00000
vt 1.00000 0.00000
vt 0.00000 1.00000
vt 1.00000 1.00000
vt 0.00000 0.00000
vt 1.00000 0.00000
vt 0.00000 1.00000
vt 1.00000 1.00000
vt 0.00000 0.00000
vt 1.00000 0.00000
vt 0.00000 1.00000
vt 1.00000 1.00000
f 2665/2665 2667/2667 2666/2666
f 2667/2667 2668/2668 2666/2666
f 2669/2669 2671/2671 2670/2670
f 2671/2671 2672/2672 2670/2670
f 2673/2673 2675/2675 2674/2674
f 2675/2675 2676/2676 2674/2674
f 2677/2677 2679/2679 2678/2678
f 2679/2679 2680/2680 2678/2678
f 2681/2681 2683/2683 2682/2682
f 2683/2683 2684/2684 2682/2682
f 2685/2685 2687/2687 2686/2686
f 2687/2687 2688/2688 2686/2686
v 3.02500 0.83500 2.03500
v 3.02500 0.83500 2.01500
v 3.02500 0.80500 2.03500
v 3.02500 0.80500 2.01500
v -0.02500 0.83500 2.01500
v -0.02500 0.83500 2.03500
v -0.02500 0.80500 2.01500
v -0.02500 0.80500 2.03500
v -0.02500 0.83500 2.01500
v 3.02500 0.83500 2.01500
v -0.02500 0.83500 2.03500
v 3.02500 0.83500 2.03500
v -0.02500 0.80500 2.03500
v 3.02500 0.80500 2.03500
v -0.02500 0.80500 2.01500
v 3.02500 0.80500 2.01500
v -0.02500 0.83500 2.03500
v 3.02500 0.83500 2.03500
v -0.02500 0.80500 2.03500
v 3.02500 0.80500 2.03500
v 3.02500 0.83500 2.01500
v -0.02500 0.83500 2.01500
v 3.02500 0.80500 2.01500
v -0.02500 0.80500 2.01500
vt 0.00000 0.00000
vt 1.00000 0.00000
vt 0.00000 1.00000
vt 1.00000 1.00000
vt 0.00000 0.00000
vt 1.00000 0.00000
vt 0.00000 1.00000
vt 1.00000 1.00000
vt 0.00000 0.00000
vt 1.00000 0.00000
vt 0.00000 1.00000
vt 1.00000 1.00000
vt 0.00000 0.00000
vt 1.00000 0.00000
vt 0.00000 1.00000
vt 1.00000 1.00000
vt 0.00000 0.00000
vt 1.00000 0.00000
vt 0.00000 1.00000
vt 1.00000 1.00000
vt 0.00000 0.00000
vt 1.00000 0.00000
vt 0.00000 1.00000
vt 1.00000 1.00000
f 2689/2689 2691/2691 2690/2690
f 2691/2691 2692/2692 2690/2690
f 2693/2693 2695/2695 2694/2694
f 2695/2695 2696/2696 2694/2694
f 2697/2697 2699/2699 2698/2698
f 2699/2699 2700/2700 2698/2698
f 2701/2701 2703/2703 2702/2702
f 2703/2703 2704/2704 2702/2702
f 2705/2705 2707/2707 2706/2706
f 2707/2707 2708/2708 2706/2706
f 2709/2709 2711/2711 2710/2710
f 2711/2711 2712/2712 2710/2710
v 3.02500 1.65500 2.03500
v 3.02500 1.65500 2.01500
v 3.02500 1.62500 2.03500
v 3.02500 1.62500 2.01500
v -0.02500 1.65500 2.01500
v -0.02500 1.65500 2.03500
v -0.02500 1.62500 2.01500
v -0.02500 1.62500 2.03500
v -0.02500 1.65500 2.01500
v 3.02500 1.65500 2.01500
v -0.02500 1.65500 2.03500
v 3.02500 1.65500 2.03500
v -0.02500 1.62500 2.03500
v 3.02500 1.62500 2.03500
v -0.02500 1.62500 2.01500
v 3.02500 1.62500 2.01500
v -0.02500 1.65500 2.03500
v 3.02500 1.65500 2.03500
v -0.02500 1.62500 2.03500
v 3.02500 1.62500 2.03500
v 3.02500 1.65500 2.01500
v -0.02500 1.65500 2.01500
v 3.02500 1.62500 2.01500
v -0.02500 1.62500 2.01500
vt 0.00000 0.00000
vt 1.00000 0.00000
vt 0.00000 1.00000
vt 1.00000 1.00000
vt 0.00000 0.00000
vt 1.00000 0.00000
vt 0.00000 1.00000
vt 1.00000 1.00000
vt 0.00000 0.00000
vt 1.00000 0.00000
vt 0.00000 1.00000
vt 1.00000 1.00000
vt 0.00000 0.00000
vt 1.00000 0.00000
vt 0.00000 1.00000
vt 1.00000 1.00000
vt 0.00000 0.00000
vt 1.00000 0.00000
vt 0.00000 1.00000
vt 1.00000 1.00000
vt 0.00000 0.00000
vt 1.00000 0.00000
vt 0.00000 1.00000
vt 1.00000 1.00000
f 2713/2713 2715/2715 2714/2714
f 2715/2715 2716/2716 2714/2714
f 2717/2717 2719/2719 2718/2718
f 2719/2719 2720/2720 2718/2718
f 2721/2721 2723/2723 2722/2722
f 2723/2723 2724/2724 2722/2722
f 2725/2725 2727/2727 2726/2726
f 2727/2727 2728/2728 2726/2726
f 2729/2729 2731/2731 2730/2730
f 2731/2731 2732/2732 2730/2730
f 2733/2733 2735/2735 2734/2734
f 2735/2735 2736/2736 2734/2734
v 3.02500 2.47500 2.03500
v 3.02500 2.47500 2.01500
v 3.02500 2.44500 2.03500
v 3.02500 2.44500 2.01500
v -0.02500 2.47500 2.01500
v -0.02500 2.47500 2.03500
v -0.02500 2.44500 2.01500
v -0.02500 2.44500 2.03500
v -0.02500 2.47500 2.01500
v 3.02500 2.47500 2.01500
v -0.02500 2.47500 2.03500
v 3.02500 2.47500 2.03500
v -0.02500 2.44500 2.03500
v 3.02500 2.44500 2.03500
v -0.02500 2.44500 2.01500
v 3.02500 2.44500 2.01500
v -0.02500 2.47500 2.03500
v 3.02500 2.47500 2.03500
v -0.02500 2.44500 2.03500
v 3.02500 2.44500 2.03500
v 3.02500 2.47500 2.01500
v -0.02500 2.47500 2.01500
v 3.02500 2.44500 2.01500
v -0.02500 2.44500 2.01500
vt 0.00000 0.00000
vt 1.00000 0.00000
vt 0.00000 1.00000
vt 1.00000 1.00000
vt 0.00000 0.00000
vt 1.00000 0.00000
vt 0.00000 1.00000
vt 1.00000 1.00000
vt 0.00000 0.00000
vt 1.00000 0.00000
vt 0.00000 1.00000
vt 1.00000 1.00000
vt 0.00000 0.00000
vt 1.00000 0.00000
vt 0.00000 1.00000
vt 1.00000 1.00000
vt 0.00000 0.00000
vt 1.00000 0.00000
vt 0.00000 1.00000
vt 1.00000 1.00000
vt 0.00000 0.00000
vt 1.00000 0.00000
vt 0.00000 1.00000
vt 1.00000 1.00000
f 2737/2737 2739/2739 2738/2738
f 2739/2739 2740/2740 2738/2738
f 2741/2741 2743/2743 2742/2742
f 2743/2743 2744/2744 2742/2742
f 2745/2745 2747/2747 2746/2746
f 2747/2747 2748/2748 2746/2746
f 2749/2749 2751/2751 2750/2750
f 2751/2751 2752/2752 2750/2750
f 2753/2753 2755/2755 2754/2754
f 2755/2755 2756/2756 2754/2754
f 2757/2757 2759/2759 2758/2758
f 2759/2759 2760/2760 2758/2758
v 3.02500 3.29500 2.03500
v 3.02500 3.29500 2.01500
v 3.02500 3.26500 2.03500
v 3.02500 3.26500 2.01500
v -0.02500 3.29500 2.01500
v -0.02500 3.29500 2.03500
v -0.02500 3.26500 2.01500
v -0.02500 3.26500 2.03500
v -0.02500 3.29500 2.01500
v 3.02500 3.29500 2.01500
v -0.02500 3.29500 2.03500
v 3.02500 3.29500 2.03500
v -0.02500 3.26500 2.03500
v 3.02500 3.26500 2.03500
v -0.02500 3.26500 2.01500
v 3.02500 3.26500 2.01500
v -0.02500 3.29500 2.03500
v 3.02500 3.29500 2.03500
v -0.02500 3.26500 2.03500
v 3.02500 3.26500 2.03500
v 3.02500 3.29500 2.01500
v -0.02500 3.29500 2.01500
v 3.02500 3.26500 2.01500
v -0.02500 3.26500 2.01500
vt 0.00000 0.00000
vt 1.00000 0.00000
vt 0.00000 1.00000
vt 1.00000 1.00000
vt 0.00000 0.00000
vt 1.00000 0.00000
vt 0.00000 1.00000
vt 1.00000 1.00000
vt 0.00000 0.00000
vt 1.00000 0.00000
vt 0.00000 1.00000
vt 1.00000 1.00000
vt 0.00000 0.00000
vt 1.00000 0.00000
vt 0.00000 1.00000
vt 1.00000 1.00000
vt 0.00000 0.00000
vt 1.00000 0.00000
vt 0.00000 1.00000
vt 1.00000 1.00000
vt 0.00000 0.00000
vt 1.00000 0.00000
vt 0.00000 1.00000
vt 1.00000 1.00000
f 2761/2761 2763/2763 2762/2762
f 2763/2763 2764/2764 2762/2762
f 2765/2765 2767/2767 2766/2766
f 2767/2767 2768/2768 2766/2766
f 2769/2769 2771/2771 2770/2770
f 2771/2771 2772/2772 2770/2770
f 2773/2773 2775/2775 2774/2774
f 2775/2775 2776/2776 2774/2774
f 2777/2777 2779/2779 2778/2778
f 2779/2779 2780/2780 2778/2778
f 2781/2781 2783/2783 2782/2782
f 2783/2783 2784/2784 2782/2782
usemtl glass
v -8.50000 2.81700 2.03500
v -8.50000 2.81700 2.00500
v -8.50000 2.26700 2.03500
v -8.50000 2.26700 2.00500
v -11.30000 2.81700 2.00500
v -11.30000 2.81700 2.03500
v -11.30000 2.26700 2.00500
v -11.30000 2.26700 2.03500
v -11.30000 2.81700 2.00500
v -8.50000 2.81700 2.00500
v -11.30000 2.81700 2.03500
v -8.50000 2.81700 2.03500
v -11.30000 2.26700 2.03500
v -8.50000 2.26700 2.03500
v -11.30000 2.26700 2.00500
v -8.50000 2.26700 2.00500
v -11.30000 2.81700 2.03500
v -8.50000 2.81700 2.03500
v -11.30000 2.26700 2.03500
v -8.50000 2.26700 2.03500
v -8.50000 2.81700 2.00500
v -11.30000 2.81700 2.00500
v -8.50000 2.26700 2.00500
v -11.30000 2.26700 2.00500
vt 0.00000 0.00000
vt 1.00000 0.00000
vt 0.00000 1.00000
vt 1.00000 1.00000
vt 0.00000 0.00000
vt 1.00000 0.00000
vt 0.00000 1.00000
vt 1.00000 1.00000
vt 0.00000 0.00000
vt 1.00000 0.00000
vt 0.00000 1.00000
vt 1.00000 1.00000
vt 0.00000 0.00000
vt 1.00000 0.00000
vt 0.00000 1.00000
vt 1.00000 1.00000
vt 0.00000 0.00000
vt 1.00000 0.00000
vt 0.00000 1.00000
vt 1.00000 1.00000
vt 0.00000 0.00000
vt 1.00000 0.00000
vt 0.00000 1.00000
vt 1.00000 1.00000
f 2785/2785 2787/2787 2786/2786
f 2787/2787 2788/2788 2786/2786
f 2789/2789 2791/2791 2790/2790
f 2791/2791 2792/2792 2790/2790
f 2793/2793 2795/2795 2794/2794
f 2795/2795 2796/2796 2794/2794
f 2797/2797 2799/2799 2798/2798
f 2799/2799 2800/2800 2798/2798
f 2801/2801 2803/2803 2802/2802
f 2803/2803 2804/2804 2802/2802
f 2805/2805 2807/2807 2806/2806
f 2807/2807 2808/2808 2806/2806
v -0.90000 2.81700 2.03500
v -0.90000 2.81700 2.00500
v -0.90000 2.26700 2.03500
v -0.90000 2.26700 2.00500
v -3.70000 2.81700 2.00500
v -3.70000 2.81700 2.03500
v -3.70000 2.26700 2.00500
v -3.70000 2.26700 2.03500
v -3.70000 2.81700 2.00500
v -0.90000 2.81700 2.00500
v -3.70000 2.81700 2.03500
v -0.90000 2.81700 2.03500
v -3.70000 2.26700 2.03500
v -0.90000 2.26700 2.03500
v -3.70000 2.26700 2.00500
v -0.90000 2.26700 2.00500
v -3.70000 2.81700 2.03500
v -0.90000 2.81700 2.03500
v -3.70000 2.26700 2.03500
v -0.90000 2.26700 2.03500
v -0.90000 2.81700 2.00500
v -3.70000 2.81700 2.00500
v -0.90000 2.26700 2.00500
v -3.70000 2.26700 2.00500
vt 0.00000 0.00000
vt 1.00000 0.00000
vt 0.00000 1.00000
vt 1.00000 1.00000
vt 0.00000 0.00000
vt 1.00000 0.00000
vt 0.00000 1.00000
vt 1.00000 1.00000
vt 0.00000 0.00000
vt 1.00000 0.00000
vt 0.00000 1.00000
vt 1.00000 1.00000
vt 0.00000 0.00000
vt 1.00000 0.00000
vt 0.00000 1.00000
vt 1.00000 1.00000
vt 0.00000 0.00000
vt 1.00000 0.00000
vt 0.00000 1.00000
vt 1.00000 1.00000
vt 0.00000 0.00000
vt 1.00000 0.00000
vt 0.00000 1.00000
vt 1.00000 1.00000
f 2809/2809 2811/2811 2810/2810
f 2811/2811 2812/2812 2810/2810
f 2813/2813 2815/2815 2814/2814
f 2815/2815 2816/2816 2814/2814
f 2817/2817 2819/2819 2818/2818
f 2819/2819 2820/2820 2818/2818
f 2821/2821 2823/2823 2822/2822
f 2823/2823 2824/2824 2822/2822
f 2825/2825 2827/2827 2826/2826
f 2827/2827 2828/2828 2826/2826
f 2829/2829 2831/2831 2830/2830
f 2831/2831 2832/2832 2830/2830
v 2.90000 2.81700 2.03500
v 2.90000 2.81700 2.00500
v 2.90000 2.26700 2.03500
v 2.90000 2.26700 2.00500
v 0.10000 2.81700 2.00500
v 0.10000 2.81700 2.03500
v 0.10000 2.26700 2.00500
v 0.10000 2.26700 2.03500
v 0.10000 2.81700 2.00500
v 2.90000 2.81700 2.00500
v 0.10000 2.81700 2.03500
v 2.90000 2.81700 2.03500
v 0.10000 2.26700 2.03500
v 2.90000 2.26700 2.03500
v 0.10000 2.26700 2.00500
v 2.90000 2.26700 2.00500
v 0.10000 2.81700 2.03500
v 2.90000 2.81700 2.03500
v 0.10000 2.26700 2.03500
v 2.90000 2.26700 2.03500
v 2.90000 2.81700 2.00500
v 0.10000 2.81700 2.00500
v 2.90000 2.26700 2.00500
v 0.10000 2.26700 2.00500
vt 0.00000 0.00000
vt 1.00000 0.00000
vt 0.00000 1.00000
vt 1.00000 1.00000
vt 0.00000 0.00000
vt 1.00000 0.00000
vt 0.00000 1.00000
vt 1.00000 1.00000
vt 0.00000 0.00000
vt 1.00000 0.00000
vt 0.00000 1.00000
vt 1.00000 1.00000
vt 0.00000 0.00000
vt 1.00000 0.00000
vt 0.00000 1.00000
vt 1.00000 1.00000
vt 0.00000 0.00000
vt 1.00000 0.00000
vt 0.00000 1.00000
vt 1.00000 1.00000
vt 0.00000 0.00000
vt 1.00000 0.00000
vt 0.00000 1.00000
vt 1.00000 1.00000
f 2833/2833 2835/2835 2834/2834
f 2835/2835 2836/2836 2834/2834
f 2837/2837 2839/2839 2838/2838
f 2839/2839 2840/2840 2838/2838
f 2841/2841 2843/2843 2842/2842
f 2843/2843 2844/2844 2842/2842
f 2845/2845 2847/2847 2846/2846
f 2847/2847 2848/2848 2846/2846
f 2849/2849 2851/2851 2850/2850
f 2851/2851 2852/2852 2850/2850
f 2853/2853 2855/2855 2854/2854
f 2855/2855 2856/2856 2854/2854
v 9.99600 2.24600 2.01500
v 9.99600 2.24600 2.00500
v 9.99600 1.45400 2.01500
v 9.99600 1.45400 2.00500
v 9.20400 2.24600 2.00500
v 9.20400 2.24600 2.01500
v 9.20400 1.45400 2.00500
v 9.20400 1.45400 2.01500
v 9.20400 2.24600 2.00500
v 9.99600 2.24600 2.00500
v 9.20400 2.24600 2.01500
v 9.99600 2.24600 2.01500
v 9.20400 1.45400 2.01500
v 9.99600 1.45400 2.01500
v 9.20400 1.45400 2.00500
v 9.99600 1.45400 2.00500
v 9.20400 2.24600 2.01500
v 9.99600 2.24600 2.01500
v 9.20400 1.45400 2.01500
v 9.99600 1.45400 2.01500
v 9.99600 2.24600 2.00500
v 9.20400 2.24600 2.00500
v 9.99600 1.45400 2.00500
v 9.20400 1.45400 2.00500
vt 0.00000 0.00000
vt 1.00000 0.00000
vt 0.00000 1.00000
vt 1.00000 1.00000
vt 0.00000 0.00000
vt 1.00000 0.00000
vt 0.00000 1.00000
vt 1.00000 1.00000
vt 0.00000 0.00000
vt 1.00000 0.00000
vt 0.00000 1.00000
vt 1.00000 1.00000
vt 0.00000 0.00000
vt 1.00000 0.00000
vt 0.00000 1.00000
vt 1.00000 1.00000
vt 0.00000 0.00000
vt 1.00000 0.00000
vt 0.00000 1.00000
vt 1.00000 1.00000
vt 0.00000 0.00000
vt 1.00000 0.00000
vt 0.00000 1.00000
vt 1.00000 1.00000
f 2857/2857 2859/2859 2858/2858
f 2859/2859 2860/2860 2858/2858
f 2861/2861 2863/2863 2862/2862
f 2863/2863 2864/2864 2862/2862
f 2865/2865 2867/2867 2866/2866
f 2867/2867 2868/2868 2866/2866
f 2869/2869 2871/2871 2870/2870
f 2871/2871 2872/2872 2870/2870
f 2873/2873 2875/2875 2874/2874
f 2875/2875 2876/2876 2874/2874
f 2877/2877 2879/2879 2878/2878
f 2879/2879 2880/2880 2878/2878
v 11.39600 2.24600 2.01500
v 11.39600 2.24600 2.00500
v 11.39600 1.45400 2.01500
v 11.39600 1.45400 2.00500
v 10.60400 2.24600 2.00500
v 10.60400 2.24600 2.01500
v 10.60400 1.45400 2.00500
v 10.60400 1.45400 2.01500
v 10.60400 2.24600 2.00500
v 11.39600 2.24600 2.00500
v 10.60400 2.24600 2.01500
v 11.39600 2.24600 2.01500
v 10.60400 1.45400 2.01500
v 11.39600 1.45400 2.01500
v 10.60400 1.45400 2.00500
v 11.39600 1.45400 2.00500
v 10.60400 2.24600 2.01500
v 11.39600 2.24600 2.01500
v 10.60400 1.45400 2.01500
v 11.39600 1.45400 2.01500
v 11.39600 2.24600 2.00500
v 10.60400 2.24600 2.00500
v 11.39600 1.45400 2.00500
v 10.60400 1.45400 2.00500
vt 0.00000 0.00000
vt 1.00000 0.00000
vt 0.00000 1.00000
vt 1.00000 1.00000
vt 0.00000 0.00000
vt 1.00000 0.00000
vt 0.00000 1.00000
vt 1.00000 1.00000
vt 0.00000 0.00000
vt 1.00000 0.00000
vt 0.00000 1.00000
vt 1.00000 1.00000
vt 0.00000 0.00000
vt 1.00000 0.00000
vt 0.00000 1.00000
vt 1.00000 1.00000
vt 0.00000 0.00000
vt 1.00000 0.00000
vt 0.00000 1.00000
vt 1.00000 1.00000
vt 0.00000 0.00000
vt 1.00000 0.00000
vt 0.00000 1.00000
vt 1.00000 1.00000
f 2881/2881 2883/2883 2882/2882
f 2883/2883 2884/2884 2882/2882
f 2885/2885 2887/2887 2886/2886
f 2887/2887 2888/2888 2886/2886
f 2889/2889 2891/2891 2890/2890
f 2891/2891 2892/2892 2890/2890
f 2893/2893 2895/2895 2894/2894
f 2895/2895 2896/2896 2894/2894
f 2897/2897 2899/2899 2898/2898
f 2899/2899 2900/2900 2898/2898
f 2901/2901 2903/2903 2902/2902
f 2903/2903 2904/2904 2902/2902
v 7.70000 2.20000 2.02000
v 7.70000 2.20000 1.96000
v 7.70000 -0.00000 2.02000
v 7.70000 -0.00000 1.96000
v 5.50000 2.20000 1.96000
v 5.50000 2.20000 2.02000
v 5.50000 -0.00000 1.96000
v 5.50000 -0.00000 2.02000
v 5.50000 2.20000 1.96000
v 7.70000 2.20000 1.96000
v 5.50000 2.20000 2.02000
v 7.70000 2.20000 2.02000
v 5.50000 -0.00000 2.02000
v 7.70000 -0.00000 2.02000
v 5.50000 -0.00000 1.96000
v 7.70000 -0.00000 1.96000
v 5.50000 2.20000 2.02000
v 7.70000 2.20000 2.02000
v 5.50000 -0.00000 2.02000
v 7.70000 -0.00000 2.02000
v 7.70000 2.20000 1.96000
v 5.50000 2.20000 1.96000
v 7.70000 -0.00000 1.96000
v 5.50000 -0.00000 1.96000
vt 0.00000 0.00000
vt 1.00000 0.00000
vt 0.00000 1.00000
vt 1.00000 1.00000
vt 0.00000 0.00000
vt 1.00000 0.00000
vt 0.00000 1.00000
vt 1.00000 1.00000
vt 0.00000 0.00000
vt 1.00000 0.00000
vt 0.00000 1.00000
vt 1.00000 1.00000
vt 0.00000 0.00000
vt 1.00000 0.00000
vt 0.00000 1.00000
vt 1.00000 1.00000
vt 0.00000 0.00000
vt 1.00000 0.00000
vt 0.00000 1.00000
vt 1.00000 1.00000
vt 0.00000 0.00000
vt 1.00000 0.00000
vt 0.00000 1.00000
vt 1.00000 1.00000
f 2905/2905 2907/2907 2906/2906
f 2907/2907 2908/2908 2906/2906
f 2909/2909 2911/2911 2910/2910
f 2911/2911 2912/2912 2910/2910
f 2913/2913 2915/2915 2914/2914
f 2915/2915 2916/2916 2914/2914
f 2917/2917 2919/2919 2918/2918
f 2919/2919 2920/2920 2918/2918
f 2921/2921 2923/2923 2922/2922
f 2923/2923 2924/2924 2922/2922
f 2925/2925 2927/2927 2926/2926
f 2927/2927 2928/2928 2926/2926
usemtl steel_gray
v -9.79000 4.71000 2.13000
v -9.79000 4.71000 1.99000
v -9.79000 4.59000 2.13000
v -9.79000 4.59000 1.99000
v -10.01000 4.71000 1.99000
v -10.01000 4.71000 2.13000
v -10.01000 4.59000 1.99000
v -10.01000 4.59000 2.13000
v -10.01000 4.71000 1.99000
v -9.79000 4.71000 1.99000
v -10.01000 4.71000 2.13000
v -9.79000 4.71000 2.13000
v -10.01000 4.59000 2.13000
v -9.79000 4.59000 2.13000
v -10.01000 4.59000 1.99000
v -9.79000 4.59000 1.99000
v -10.01000 4.71000 2.13000
v -9.79000 4.71000 2.13000
v -10.01000 4.59000 2.13000
v -9.79000 4.59000 2.13000
v -9.79000 4.71000 1.99000
v -10.01000 4.71000 1.99000
v -9.79000 4.59000 1.99000
v -10.01000 4.59000 1.99000
vt 0.00000 0.00000
vt 1.00000 0.00000
vt 0.00000 1.00000
vt 1.00000 1.00000
vt 0.00000 0.00000
vt 1.00000 0.00000
vt 0.00000 1.00000
vt 1.00000 1.00000
vt 0.00000 0.00000
vt 1.00000 0.00000
vt 0.00000 1.00000
vt 1.00000 1.00000
vt 0.00000 0.00000
vt 1.00000 0.00000
vt 0.00000 1.00000
vt 1.00000 1.00000
vt 0.00000 0.00000
vt 1.00000 0.00000
vt 0.00000 1.00000
vt 1.00000 1.00000
vt 0.00000 0.00000
vt 1.00000 0.00000
vt 0.00000 1.00000
vt 1.00000 1.00000
f 2929/2929 2931/2931 2930/2930
f 2931/2931 2932/2932 2930/2930
f 2933/2933 2935/2935 2934/2934
f 2935/2935 2936/2936 2934/2934
f 2937/2937 2939/2939 2938/2938
f 2939/2939 2940/2940 2938/2938
f 2941/2941 2943/2943 2942/2942
f 2943/2943 2944/2944 2942/2942
f 2945/2945 2947/2947 2946/2946
f 2947/2947 2948/2948 2946/2946
f 2949/2949 2951/2951 2950/2950
f 2951/2951 2952/2952 2950/2950
v -5.99000 4.71000 2.13000
v -5.99000 4.71000 1.99000
v -5.99000 4.59000 2.13000
v -5.99000 4.59000 1.99000
v -6.21000 4.71000 1.99000
v -6.21000 4.71000 2.13000
v -6.21000 4.59000 1.99000
v -6.21000 4.59000 2.13000
v -6.21000 4.71000 1.99000
v -5.99000 4.71000 1.99000
v -6.21000 4.71000 2.13000
v -5.99000 4.71000 2.13000
v -6.21000 4.59000 2.13000
v -5.99000 4.59000 2.13000
v -6.21000 4.59000 1.99000
v -5.99000 4.59000 1.99000
v -6.21000 4.71000 2.13000
v -5.99000 4.71000 2.13000
v -6.21000 4.59000 2.13000
v -5.99000 4.59000 2.13000
v -5.99000 4.71000 1.99000
v -6.21000 4.71000 1.99000
v -5.99000 4.59000 1.99000
v -6.21000 4.59000 1.99000
vt 0.00000 0.00000
vt 1.00000 0.00000
vt 0.00000 1.00000
vt 1.00000 1.00000
vt 0.00000 0.00000
vt 1.00000 0.00000
vt 0.00000 1.00000
vt 1.00000 1.00000
vt 0.00000 0.00000
vt 1.00000 0.00000
vt 0.00000 1.00000
vt 1.00000 1.00000
vt 0.00000 0.00000
vt 1.00000 0.00000
vt 0.00000 1.00000
vt 1.00000 1.00000
vt 0.00000 0.00000
vt 1.00000 0.00000
vt 0.00000 1.00000
vt 1.00000 1.00000
vt 0.00000 0.00000
vt 1.00000 0.00000
vt 0.00000 1.00000
vt 1.00000 1.00000
f 2953/2953 2955/2955 2954/2954
f 2955/2955 2956/2956 2954/2954
f 2957/2957 2959/2959 2958/2958
f 2959/2959 2960/2960 2958/2958
f 2961/2961 2963/2963 2962/2962
f 2963/2963 2964/2964 2962/2962
f 2965/2965 2967/2967 2966/2966
f 2967/2967 2968/2968 2966/2966
f 2969/2969 2971/2971 2970/2970
f 2971/2971 2972/2972 2970/2970
f 2973/2973 2975/2975 2974/2974
f 2975/2975 2976/2976 2974/2974
v -2.19000 4.71000 2.13000
v -2.19000 4.71000 1.99000
v -2.19000 4.59000 2.13000
v -2.19000 4.59000 1.99000
v -2.41000 4.71000 1.99000
v -2.41000 4.71000 2.13000
v -2.41000 4.59000 1.99000
v -2.41000 4.59000 2.13000
v -2.41000 4.71000 1.99000
v -2.19000 4.71000 1.99000
v -2.41000 4.71000 2.13000
v -2.19000 4.71000 2.13000
v -2.41000 4.59000 2.13000
v -2.19000 4.59000 2.13000
v -2.41000 4.59000 1.99000
v -2.19000 4.59000 1.99000
v -2.41000 4.71000 2.13000
v -2.19000 4.71000 2.13000
v -2.41000 4.59000 2.13000
v -2.19000 4.59000 2.13000
v -2.19000 4.71000 1.99000
v -2.41000 4.71000 1.99000
v -2.19000 4.59000 1.99000
v -2.41000 4.59000 1.99000
vt 0.00000 0.00000
vt 1.00000 0.00000
vt 0.00000 1.00000
vt 1.00000 1.00000
vt 0.00000 0.00000
vt 1.00000 0.00000
vt 0.00000 1.00000
vt 1.00000 1.00000
vt 0.00000 0.00000
vt 1.00000 0.00000
vt 0.00000 1.00000
vt 1.00000 1.00000
vt 0.00000 0.00000
vt 1.00000 0.00000
vt 0.00000 1.00000
vt 1.00000 1.00000
vt 0.00000 0.00000
vt 1.00000 0.00000
vt 0.00000 1.00000
vt 1.00000 1.00000
vt 0.00000 0.00000
vt 1.00000 0.00000
vt 0.00000 1.00000
vt 1.00000 1.00000
f 2977/2977 2979/2979 2978/2978
f 2979/2979 2980/2980 2978/2978
f 2981/2981 2983/2983 2982/2982
f 2983/2983 2984/2984 2982/2982
f 2985/2985 2987/2987 2986/2986
f 2987/2987 2988/2988 2986/2986
f 2989/2989 2991/2991 2990/2990
f 2991/2991 2992/2992 2990/2990
f 2993/2993 2995/2995 2994/2994
f 2995/2995 2996/2996 2994/2994
f 2997/2997 2999/2999 2998/2998
f 2999/2999 3000/3000 2998/2998
v 1.61000 4.71000 2.13000
v 1.61000 4.71000 1.99000
v 1.61000 4.59000 2.13000
v 1.61000 4.59000 1.99000
v 1.39000 4.71000 1.99000
v 1.39000 4.71000 2.13000
v 1.39000 4.59000 1.99000
v 1.39000 4.59000 2.13000
v 1.39000 4.71000 1.99000
v 1.61000 4.71000 1.99000
v 1.39000 4.71000 2.13000
v 1.61000 4.71000 2.13000
v 1.39000 4.59000 2.13000
v 1.61000 4.59000 2.13000
v 1.39000 4.59000 1.99000
v 1.61000 4.59000 1.99000
v 1.39000 4.71000 2.13000
v 1.61000 4.71000 2.13000
v 1.39000 4.59000 2.13000
v 1.61000 4.59000 2.13000
v 1.61000 4.71000 1.99000
v 1.39000 4.71000 1.99000
v 1.61000 4.59000 1.99000
v 1.39000 4.59000 1.99000
vt 0.00000 0.00000
vt 1.00000 0.00000
vt 0.00000 1.00000
vt 1.00000 1.00000
vt 0.00000 0.00000
vt 1.00000 0.00000
vt 0.00000 1.00000
vt 1.00000 1.00000
vt 0.00000 0.00000
vt 1.00000 0.00000
vt 0.00000 1.00000
vt 1.00000 1.00000
vt 0.00000 0.00000
vt 1.00000 0.00000
vt 0.00000 1.00000
vt 1.00000 1.00000
vt 0.00000 0.00000
vt 1.00000 0.00000
vt 0.00000 1.00000
vt 1.00000 1.00000
vt 0.00000 0.00000
vt 1.00000 0.00000
vt 0.00000 1.00000
vt 1.00000 1.00000
f 3001/3001 3003/3003 3002/3002
f 3003/3003 3004/3004 3002/3002
f 3005/3005 3007/3007 3006/3006
f 3007/3007 3008/3008 3006/3006
f 3009/3009 3011/3011 3010/3010
f 3011/3011 3012/3012 3010/3010
f 3013/3013 3015/3015 3014/3014
f 3015/3015 3016/3016 3014/3014
f 3017/3017 3019/3019 3018/3018
f 3019/3019 3020/3020 3018/3018
f 3021/3021 3023/3023 3022/3022
f 3023/3023 3024/3024 3022/3022
v -2.99500 15.00000 -8.47500
v -2.99500 15.00000 -8.52500
v -2.99500 0.00000 -8.47500
v -2.99500 0.00000 -8.52500
v -3.04500 15.00000 -8.52500
v -3.04500 15.00000 -8.47500
v -3.04500 0.00000 -8.52500
v -3.04500 0.00000 -8.47500
v -3.04500 15.00000 -8.52500
v -2.99500 15.00000 -8.52500
v -3.04500 15.00000 -8.47500
v -2.99500 15.00000 -8.47500
v -3.04500 0.00000 -8.47500
v -2.99500 0.00000 -8.47500
v -3.04500 0.00000 -8.52500
v -2.99500 0.00000 -8.52500
v -3.04500 15.00000 -8.47500
v -2.99500 15.00000 -8.47500
v -3.04500 0.00000 -8.47500
v -2.99500 0.00000 -8.47500
v -2.99500 15.00000 -8.52500
v -3.04500 15.00000 -8.52500
v -2.99500 0.00000 -8.52500
v -3.04500 0.00000 -8.52500
vt 0.00000 0.00000
vt 1.00000 0.00000
vt 0.00000 1.00000
vt 1.00000 1.00000
vt 0.00000 0.00000
vt 1.00000 0.00000
vt 0.00000 1.00000
vt 1.00000 1.00000
vt 0.00000 0.00000
vt 1.00000 0.00000
vt 0.00000 1.00000
vt 1.00000 1.00000
vt 0.00000 0.00000
vt 1.00000 0.00000
vt 0.00000 1.00000
vt 1.00000 1.00000
vt 0.00000 0.00000
vt 1.00000 0.00000
vt 0.00000 1.00000
vt 1.00000 1.00000
vt 0.00000 0.00000
vt 1.00000 0.00000
vt 0.00000 1.00000
vt 1.00000 1.00000
f 3025/3025 3027/3027 3026/3026
f 3027/3027 3028/3028 3026/3026
f 3029/3029 3031/3031 3030/3030
f 3031/3031 3032/3032 3030/3030
f 3033/3033 3035/3035 3034/3034
f 3035/3035 3036/3036 3034/3034
f 3037/3037 3039/3039 3038/3038
f 3039/3039 3040/3040 3038/3038
f 3041/3041 3043/3043 3042/3042
f 3043/3043 3044/3044 3042/3042
f 3045/3045 3047/3047 3046/3046
f 3047/3047 3048/3048 3046/3046
v -2.55500 15.00000 -8.47500
v -2.55500 15.00000 -8.52500
v -2.55500 0.00000 -8.47500
v -2.55500 0.00000 -8.52500
v -2.60500 15.00000 -8.52500
v -2.60500 15.00000 -8.47500
v -2.60500 0.00000 -8.52500
v -2.60500 0.00000 -8.47500
v -2.60500 15.00000 -8.52500
v -2.55500 15.00000 -8.52500
v -2.60500 15.00000 -8.47500
v -2.55500 15.00000 -8.47500
v -2.60500 0.00000 -8.47500
v -2.55500 0.00000 -8.47500
v -2.60500 0.00000 -8.52500
v -2.55500 0.00000 -8.52500
v -2.60500 15.00000 -8.47500
v -2.55500 15.00000 -8.47500
v -2.60500 0.00000 -8.47500
v -2.55500 0.00000 -8.47500
v -2.55500 15.00000 -8.52500
v -2.60500 15.00000 -8.52500
v -2.55500 0.00000 -8.52500
v -2.60500 0.00000 -8.52500
vt 0.00000 0.00000
vt 1.00000 0.00000
vt 0.00000 1.00000
vt 1.00000 1.00000
vt 0.00000 0.00000
vt 1.00000 0.00000
vt 0.00000 1.00000
vt 1.00000 1.00000
vt 0.00000 0.00000
vt 1.00000 0.00000
vt 0.00000 1.00000
vt 1.00000 1.00000
vt 0.00000 0.00000
vt 1.00000 0.00000
vt 0.00000 1.00000
vt 1.00000 1.00000
vt 0.00000 0.00000
vt 1.00000 0.00000
vt 0.00000 1.00000
vt 1.00000 1.00000
vt 0.00000 0.00000
vt 1.00000 0.00000
vt 0.00000 1.00000
vt 1.00000 1.00000
f 3049/3049 3051/3051 3050/3050
f 3051/3051 3052/3052 3050/3050
f 3053/3053 3055/3055 3054/3054
f 3055/3055 3056/3056 3054/3054
f 3057/3057 3059/3059 3058/3058
f 3059/3059 3060/3060 3058/3058
f 3061/3061 3063/3063 3062/3062
f 3063/3063 3064/3064 3062/3062
f 3065/3065 3067/3067 3066/3066
f 3067/3067 3068/3068 3066/3066
f 3069/3069 3071/3071 3070/3070
f 3071/3071 3072/3072 3070/3070
v -2.77500 15.00000 -8.85500
v -2.77500 15.00000 -8.90500
v -2.77500 0.00000 -8.85500
v -2.77500 0.00000 -8.90500
v -2.82500 15.00000 -8.90500
v -2.82500 15.00000 -8.85500
v -2.82500 0.00000 -8.90500
v -2.82500 0.00000 -8.85500
v -2.82500 15.00000 -8.90500
v -2.77500 15.00000 -8.90500
v -2.82500 15.00000 -8.85500
v -2.77500 15.00000 -8.85500
v -2.82500 0.00000 -8.85500
v -2.77500 0.00000 -8.85500
v -2.82500 0.00000 -8.90500
v -2.77500 0.00000 -8.90500
v -2.82500 15.00000 -8.85500
v -2.77500 15.00000 -8.85500
v -2.82500 0.00000 -8.85500
v -2.77500 0.00000 -8.85500
v -2.77500 15.00000 -8.90500
v -2.82500 15.00000 -8.90500
v -2.77500 0.00000 -8.90500
v -2.82500 0.00000 -8.90500
vt 0.00000 0.00000
vt 1.00000 0.00000
vt 0.00000 1.00000
vt 1.00000 1.00000
vt 0.00000 0.00000
vt 1.00000 0.00000
vt 0.00000 1.00000
vt 1.00000 1.00000
vt 0.00000 0.00000
vt 1.00000 0.00000
vt 0.00000 1.00000
vt 1.00000 1.00000
vt 0.00000 0.00000
vt 1.00000 0.00000
vt 0.00000 1.00000
vt 1.00000 1.00000
vt 0.00000 0.00000
vt 1.00000 0.00000
vt 0.00000 1.00000
vt 1.00000 1.00000
vt 0.00000 0.00000
vt 1.00000 0.00000
vt 0.00000 1.00000
vt 1.00000 1.00000
f 3073/3073 3075/3075 3074/3074
f 3075/3075 3076/3076 3074/3074
f 3077/3077 3079/3079 3078/3078
f 3079/3079 3080/3080 3078/3078
f 3081/3081 3083/3083 3082/3082
f 3083/3083 3084/3084 3082/3082
f 3085/3085 3087/3087 3086/3086
f 3087/3087 3088/3088 3086/3086
f 3089/3089 3091/3091 3090/3090
f 3091/3091 3092/3092 3090/3090
f 3093/3093 3095/3095 3094/3094
f 3095/3095 3096/3096 3094/3094
v -2.55000 1.01500 -8.48500
v -2.55000 1.01500 -8.51500
v -2.55000 0.98500 -8.48500
v -2.55000 0.98500 -8.51500
v -3.05000 1.01500 -8.51500
v -3.05000 1.01500 -8.48500
v -3.05000 0.98500 -8.51500
v -3.05000 0.98500 -8.48500
v -3.05000 1.01500 -8.51500
v -2.55000 1.01500 -8.51500
v -3.05000 1.01500 -8.48500
v -2.55000 1.01500 -8.48500
v -3.05000 0.98500 -8.48500
v -2.55000 0.98500 -8.48500
v -3.05000 0.98500 -8.51500
v -2.55000 0.98500 -8.51500
v -3.05000 1.01500 -8.48500
v -2.55000 1.01500 -8.48500
v -3.05000 0.98500 -8.48500
v -2.55000 0.98500 -8.48500
v -2.55000 1.01500 -8.51500
v -3.05000 1.01500 -8.51500
v -2.55000 0.98500 -8.51500
v -3.05000 0.98500 -8.51500
vt 0.00000 0.00000
vt 1.00000 0.00000
vt 0.00000 1.00000
vt 1.00000 1.00000
vt 0.00000 0.00000
vt 1.00000 0.00000
vt 0.00000 1.00000
vt 1.00000 1.00000
vt 0.00000 0.00000
vt 1.00000 0.00000
vt 0.00000 1.00000
vt 1.00000 1.00000
vt 0.00000 0.00000
vt 1.00000 0.00000
vt 0.00000 1.00000
vt 1.00000 1.00000
vt 0.00000 0.00000
vt 1.00000 0.00000
vt 0.00000 1.00000
vt 1.00000 1.00000
vt 0.00000 0.00000
vt 1.00000 0.00000
vt 0.00000 1.00000
vt 1.00000 1.00000
f 3097/3097 3099/3099 3098/3098
f 3099/3099 3100/3100 3098/3098
f 3101/3101 3103/3103 3102/3102
f 3103/3103 3104/3104 3102/3102
f 3105/3105 3107/3107 3106/3106
f 3107/3107 3108/3108 3106/3106
f 3109/3109 3111/3111 3110/3110
f 3111/3111 3112/3112 3110/3110
f 3113/3113 3115/3115 3114/3114
f 3115/3115 3116/3116 3114/3114
f 3117/3117 3119/3119 3118/3118
f 3119/3119 3120/3120 3118/3118
v -2.55000 2.01500 -8.48500
v -2.55000 2.01500 -8.51500
v -2.55000 1.98500 -8.48500
v -2.55000 1.98500 -8.51500
v -3.05000 2.01500 -8.51500
v -3.05000 2.01500 -8.48500
v -3.05000 1.98500 -8.51500
v -3.05000 1.98500 -8.48500
v -3.05000 2.01500 -8.51500
v -2.55000 2.01500 -8.51500
v -3.05000 2.01500 -8.48500
v -2.55000 2.01500 -8.48500
v -3.05000 1.98500 -8.48500
v -2.55000 1.98500 -8.48500
v -3.05000 1.98500 -8.51500
v -2.55000 1.98500 -8.51500
v -3.05000 2.01500 -8.48500
v -2.55000 2.01500 -8.48500
v -3.05000 1.98500 -8.48500
v -2.55000 1.98500 -8.48500
v -2.55000 2.01500 -8.51500
v -3.05000 2.01500 -8.51500
v -2.55000 1.98500 -8.51500
v -3.05000 1.98500 -8.51500
vt 0.00000 0.00000
vt 1.00000 0.00000
vt 0.00000 1.00000
vt 1.00000 1.00000
vt 0.00000 0.00000
vt 1.00000 0.00000
vt 0.00000 1.00000
vt 1.00000 1.00000
vt 0.00000 0.00000
vt 1.00000 0.00000
vt 0.00000 1.00000
vt 1.00000 1.00000
vt 0.00000 0.00000
vt 1.00000 0.00000
vt 0.00000 1.00000
vt 1.00000 1.00000
vt 0.00000 0.00000
vt 1.00000 0.00000
vt 0.00000 1.00000
vt 1.00000 1.00000
vt 0.00000 0.00000
vt 1.00000 0.00000
vt 0.00000 1.00000
vt 1.00000 1.00000
f 3121/3121 3123/3123 3122/3122
f 3123/3123 3124/3124 3122/3122
f 3125/3125 3127/3127 3126/3126
f 3127/3127 3128/3128 3126/3126
f 3129/3129 3131/3131 3130/3130
f 3131/3131 3132/3132 3130/3130
f 3133/3133 3135/3135 3134/3134
f 3135/3135 3136/3136 3134/3134
f 3137/3137 3139/3139 3138/3138
f 3139/3139 3140/3140 3138/3138
f 3141/3141 3143/3143 3142/3142
f 3143/3143 3144/3144 3142/3142
v -2.55000 3.01500 -8.48500
v -2.55000 3.01500 -8.51500
v -2.55000 2.98500 -8.48500
v -2.55000 2.98500 -8.51500
v -3.05000 3.01500 -8.51500
v -3.05000 3.01500 -8.48500
v -3.05000 2.98500 -8.51500
v -3.05000 2.98500 -8.48500
v -3.05000 3.01500 -8.51500
v -2.55000 3.01500 -8.51500
v -3.05000 3.01500 -8.48500
v -2.55000 3.01500 -8.48500
v -3.05000 2.98500 -8.48500
v -2.55000 2.98500 -8.48500
v -3.05000 2.98500 -8.51500
v -2.55000 2.98500 -8.51500
v -3.05000 3.01500 -8.48500
v -2.55000 3.01500 -8.48500
v -3.05000 2.98500 -8.48500
v -2.55000 2.98500 -8.48500
v -2.55000 3.01500 -8.51500
v -3.05000 3.01500 -8.51500
v -2.55000 2.98500 -8.51500
v -3.05000 2.98500 -8.51500
vt 0.00000 0.00000
vt 1.00000 0.00000
vt 0.00000 1.00000
vt 1.00000 1.00000
vt 0.00000 0.00000
vt 1.00000 0.00000
vt 0.00000 1.00000
vt 1.00000 1.00000
vt 0.00000 0.00000
vt 1.00000 0.00000
vt 0.00000 1.00000
vt 1.00000 1.00000
vt 0.00000 0.00000
vt 1.00000 0.00000
vt 0.00000 1.00000
vt 1.00000 1.00000
vt 0.00000 0.00000
vt 1.00000 0.00000
vt 0.00000 1.00000
vt 1.00000 1.00000
vt 0.00000 0.00000
vt 1.00000 0.00000
vt 0.00000 1.00000
vt 1.00000 1.00000
f 3145/3145 3147/3147 3146/3146
f 3147/3147 3148/3148 3146/3146
f 3149/3149 3151/3151 3150/3150
f 3151/3151 3152/3152 3150/3150
f 3153/3153 3155/3155 3154/3154
f 3155/3155 3156/3156 3154/3154
f 3157/3157 3159/3159 3158/3158
f 3159/3159 3160/3160 3158/3158
f 3161/3161 3163/3163 3162/3162
f 3163/3163 3164/3164 3162/3162
f 3165/3165 3167/3167 3166/3166
f 3167/3167 3168/3168 3166/3166
v -2.55000 4.01500 -8.48500
v -2.55000 4.01500 -8.51500
v -2.55000 3.98500 -8.48500
v -2.55000 3.98500 -8.51500
v -3.05000 4.01500 -8.51500
v -3.05000 4.01500 -8.48500
v -3.05000 3.98500 -8.51500
v -3.05000 3.98500 -8.48500
v -3.05000 4.01500 -8.51500
v -2.55000 4.01500 -8.51500
v -3.05000 4.01500 -8.48500
v -2.55000 4.01500 -8.48500
v -3.05000 3.98500 -8.48500
v -2.55000 3.98500 -8.48500
v -3.05000 3.98500 -8.51500
v -2.55000 3.98500 -8.51500
v -3.05000 4.01500 -8.48500
v -2.55000 4.01500 -8.48500
v -3.05000 3.98500 -8.48500
v -2.55000 3.98500 -8.48500
v -2.55000 4.01500 -8.51500
v -3.05000 4.01500 -8.51500
v -2.55000 3.98500 -8.51500
v -3.05000 3.98500 -8.51500
vt 0.00000 0.00000
vt 1.00000 0.00000
vt 0.00000 1.00000
vt 1.00000 1.00000
vt 0.00000 0.00000
vt 1.00000 0.00000
vt 0.00000 1.00000
vt 1.00000 1.00000
vt 0.00000 0.00000
vt 1.00000 0.00000
vt 0.00000 1.00000
vt 1.00000 1.00000
vt 0.00000 0.00000
vt 1.00000 0.00000
vt 0.00000 1.00000
vt 1.00000 1.00000
vt 0.00000 0.00000
vt 1.00000 0.00000
vt 0.00000 1.00000
vt 1.00000 1.00000
vt 0.00000 0.00000
vt 1.00000 0.00000
vt 0.00000 1.00000
vt 1.00000 1.00000
f 3169/3169 3171/3171 3170/3170
f 3171/3171 3172/3172 3170/3170
f 3173/3173 3175/3175 3174/3174
f 3175/3175 3176/3176 3174/3174
f 3177/3177 3179/3179 3178/3178
f 3179/3179 3180/3180 3178/3178
f 3181/3181 3183/3183 3182/3182
f 3183/3183 3184/3184 3182/3182
f 3185/3185 3187/3187 3186/3186
f 3187/3187 3188/3188 3186/3186
f 3189/3189 3191/3191 3190/3190
f 3191/3191 3192/3192 3190/3190
v -2.55000 5.01500 -8.48500
v -2.55000 5.01500 -8.51500
v -2.55000 4.98500 -8.48500
v -2.55000 4.98500 -8.51500
v -3.05000 5.01500 -8.51500
v -3.05000 5.01500 -8.48500
v -3.05000 4.98500 -8.51500
v -3.05000 4.98500 -8.48500
v -3.05000 5.01500 -8.51500
v -2.55000 5.01500 -8.51500
v -3.05000 5.01500 -8.48500
v -2.55000 5.01500 -8.48500
v -3.05000 4.98500 -8.48500
v -2.55000 4.98500 -8.48500
v -3.05000 4.98500 -8.51500
v -2.55000 4.98500 -8.51500
v -3.05000 5.01500 -8.48500
v -2.55000 5.01500 -8.48500
v -3.05000 4.98500 -8.48500
v -2.55000 4.98500 -8.48500
v -2.55000 5.01500 -8.51500
v -3.05000 5.01500 -8.51500
v -2.55000 4.98500 -8.51500
v -3.05000 4.98500 -8.51500
vt 0.00000 0.00000
vt 1.00000 0.00000
vt 0.00000 1.00000
vt 1.00000 1.00000
vt 0.00000 0.00000
vt 1.00000 0.00000
vt 0.00000 1.00000
vt 1.00000 1.00000
vt 0.00000 0.00000
vt 1.00000 0.00000
vt 0.00000 1.00000
vt 1.00000 1.00000
vt 0.00000 0.00000
vt 1.00000 0.00000
vt 0.00000 1.00000
vt 1.00000 1.00000
vt 0.00000 0.00000
vt 1.00000 0.00000
vt 0.00000 1.00000
vt 1.00000 1.00000
vt 0.00000 0.00000
vt 1.00000 0.00000
vt 0.00000 1.00000
vt 1.00000 1.00000
f 3193/3193 3195/3195 3194/3194
f 3195/3195 3196/3196 3194/3194
f 3197/3197 3199/3199 3198/3198
f 3199/3199 3200/3200 3198/3198
f 3201/3201 3203/3203 3202/3202
f 3203/3203 3204/3204 3202/3202
f 3205/3205 3207/3207 3206/3206
f 3207/3207 3208/3208 3206/3206
f 3209/3209 3211/3211 3210/3210
f 3211/3211 3212/3212 3210/3210
f 3213/3213 3215/3215 3214/3214
f 3215/3215 3216/3216 3214/3214
v -2.55000 6.01500 -8.48500
v -2.55000 6.01500 -8.51500
v -2.55000 5.98500 -8.48500
v -2.55000 5.98500 -8.51500
v -3.05000 6.01500 -8.51500
v -3.05000 6.01500 -8.48500
v -3.05000 5.98500 -8.51500
v -3.05000 5.98500 -8.48500
v -3.05000 6.01500 -8.51500
v -2.55000 6.01500 -8.51500
v -3.05000 6.01500 -8.48500
v -2.55000 6.01500 -8.48500
v -3.05000 5.98500 -8.48500
v -2.55000 5.98500 -8.48500
v -3.05000 5.98500 -8.51500
v -2.55000 5.98500 -8.51500
v -3.05000 6.01500 -8.48500
v -2.55000 6.01500 -8.48500
v -3.05000 5.98500 -8.48500
v -2.55000 5.98500 -8.48500
v -2.55000 6.01500 -8.51500
v -3.05000 6.01500 -8.51500
v -2.55000 5.98500 -8.51500
v -3.05000 5.98500 -8.51500
vt 0.00000 0.00000
vt 1.00000 0.00000
vt 0.00000 1.00000
vt 1.00000 1.00000
vt 0.00000 0.00000
vt 1.00000 0.00000
vt 0.00000 1.00000
vt 1.00000 1.00000
vt 0.00000 0.00000
vt 1.00000 0.00000
vt 0.00000 1.00000
vt 1.00000 1.00000
vt 0.00000 0.00000
vt 1.00000 0.00000
vt 0.00000 1.00000
vt 1.00000 1.00000
vt 0.00000 0.00000
vt 1.00000 0.00000
vt 0.00000 1.00000
vt 1.00000 1.00000
vt 0.00000 0.00000
vt 1.00000 0.00000
vt 0.00000 1.00000
vt 1.00000 1.00000
f 3217/3217 3219/3219 3218/3218
f 3219/3219 3220/3220 3218/3218
f 3221/3221 3223/3223 3222/3222
f 3223/3223 3224/3224 3222/3222
f 3225/3225 3227/3227 3226/3226
f 3227/3227 3228/3228 3226/3226
f 3229/3229 3231/3231 3230/3230
f 3231/3231 3232/3232 3230/3230
f 3233/3233 3235/3235 3234/3234
f 3235/3235 3236/3236 3234/3234
f 3237/3237 3239/3239 3238/3238
f 3239/3239 3240/3240 3238/3238
v -2.55000 7.01500 -8.48500
v -2.55000 7.01500 -8.51500
v -2.55000 6.98500 -8.48500
v -2.55000 6.98500 -8.51500
v -3.05000 7.01500 -8.51500
v -3.05000 7.01500 -8.48500
v -3.05000 6.98500 -8.51500
v -3.05000 6.98500 -8.48500
v -3.05000 7.01500 -8.51500
v -2.55000 7.01500 -8.51500
v -3.05000 7.01500 -8.48500
v -2.55000 7.01500 -8.48500
v -3.05000 6.98500 -8.48500
v -2.55000 6.98500 -8.48500
v -3.05000 6.98500 -8.51500
v -2.55000 6.98500 -8.51500
v -3.05000 7.01500 -8.48500
v -2.55000 7.01500 -8.48500
v -3.05000 6.98500 -8.48500
v -2.55000 6.98500 -8.48500
v -2.55000 7.01500 -8.51500
v -3.05000 7.01500 -8.51500
v -2.55000 6.98500 -8.51500
v -3.05000 6.98500 -8.51500
vt 0.00000 0.00000
vt 1.00000 0.00000
vt 0.00000 1.00000
vt 1.00000 1.00000
vt 0.00000 0.00000
vt 1.00000 0.00000
vt 0.00000 1.00000
vt 1.00000 1.00000
vt 0.00000 0.00000
vt 1.00000 0.00000
vt 0.00000 1.00000
vt 1.00000 1.00000
vt 0.00000 0.00000
vt 1.00000 0.00000
vt 0.00000 1.00000
vt 1.00000 1.00000
vt 0.00000 0.00000
vt 1.00000 0.00000
vt 0.00000 1.00000
vt 1.00000 1.00000
vt 0.00000 0.00000
vt 1.00000 0.00000
vt 0.00000 1.00000
vt 1.00000 1.00000
f 3241/3241 3243/3243 3242/3242
f 3243/3243 3244/3244 3242/3242
f 3245/3245 3247/3247 3246/3246
f 3247/3247 3248/3248 3246/3246
f 3249/3249 3251/3251 3250/3250
f 3251/3251 3252/3252 3250/3250
f 3253/3253 3255/3255 3254/3254
f 3255/3255 3256/3256 3254/3254
f 3257/3257 3259/3259 3258/3258
f 3259/3259 3260/3260 3258/3258
f 3261/3261 3263/3263 3262/3262
f 3263/3263 3264/3264 3262/3262
v -2.55000 8.01500 -8.48500
v -2.55000 8.01500 -8.51500
v -2.55000 7.98500 -8.48500
v -2.55000 7.98500 -8.51500
v -3.05000 8.01500 -8.51500
v -3.05000 8.01500 -8.48500
v -3.05000 7.98500 -8.51500
v -3.05000 7.98500 -8.48500
v -3.05000 8.01500 -8.51500
v -2.55000 8.01500 -8.51500
v -3.05000 8.01500 -8.48500
v -2.55000 8.01500 -8.48500
v -3.05000 7.98500 -8.48500
v -2.55000 7.98500 -8.48500
v -3.05000 7.98500 -8.51500
v -2.55000 7.98500 -8.51500
v -3.05000 8.01500 -8.48500
v -2.55000 8.01500 -8.48500
v -3.05000 7.98500 -8.48500
v -2.55000 7.98500 -8.48500
v -2.55000 8.01500 -8.51500
v -3.05000 8.01500 -8.51500
v -2.55000 7.98500 -8.51500
v -3.05000 7.98500 -8.51500
vt 0.00000 0.00000
vt 1.00000 0.00000
vt 0.00000 1.00000
vt 1.00000 1.00000
vt 0.00000 0.00000
vt 1.00000 0.00000
vt 0.00000 1.00000
vt 1.00000 1.00000
vt 0.00000 0.00000
vt 1.00000 0.00000
vt 0.00000 1.00000
vt 1.00000 1.00000
vt 0.00000 0.00000
vt 1.00000 0.00000
vt 0.00000 1.00000
vt 1.00000 1.00000
vt 0.00000 0.00000
vt 1.00000 0.00000
vt 0.00000 1.00000
vt 1.00000 1.00000
vt 0.00000 0.00000
vt 1.00000 0.00000
vt 0.00000 1.00000
vt 1.00000 1.00000
f 3265/3265 3267/3267 3266/3266
f 3267/3267 3268/3268 3266/3266
f 3269/3269 3271/3271 3270/3270
f 3271/3271 3272/3272 3270/3270
f 3273/3273 3275/3275 3274/3274
f 3275/3275 3276/3276 3274/3274
f 3277/3277 3279/3279 3278/3278
f 3279/3279 3280/3280 3278/3278
f 3281/3281 3283/3283 3282/3282
f 3283/3283 3284/3284 3282/3282
f 3285/3285 3287/3287 3286/3286
f 3287/3287 3288/3288 3286/3286
v -2.55000 9.01500 -8.48500
v -2.55000 9.01500 -8.51500
v -2.55000 8.98500 -8.48500
v -2.55000 8.98500 -8.51500
v -3.05000 9.01500 -8.51500
v -3.05000 9.01500 -8.48500
v -3.05000 8.98500 -8.51500
v -3.05000 8.98500 -8.48500
v -3.05000 9.01500 -8.51500
v -2.55000 9.01500 -8.51500
v -3.05000 9.01500 -8.48500
v -2.55000 9.01500 -8.48500
v -3.05000 8.98500 -8.48500
v -2.55000 8.98500 -8.48500
v -3.05000 8.98500 -8.51500
v -2.55000 8.98500 -8.51500
v -3.05000 9.01500 -8.48500
v -2.55000 9.01500 -8.48500
v -3.05000 8.98500 -8.48500
v -2.55000 8.98500 -8.48500
v -2.55000 9.01500 -8.51500
v -3.05000 9.01500 -8.51500
v -2.55000 8.98500 -8.51500
v -3.05000 8.98500 -8.51500
vt 0.00000 0.00000
vt 1.00000 0.00000
vt 0.00000 1.00000
vt 1.00000 1.00000
vt 0.00000 0.00000
vt 1.00000 0.00000
vt 0.00000 1.00000
vt 1.00000 1.00000
vt 0.00000 0.00000
vt 1.00000 0.00000
vt 0.00000 1.00000
vt 1.00000 1.00000
vt 0.00000 0.00000
vt 1.00000 0.00000
vt 0.00000 1.00000
vt 1.00000 1.00000
vt 0.00000 0.00000
vt 1.00000 0.00000
vt 0.00000 1.00000
vt 1.00000 1.00000
vt 0.00000 0.00000
vt 1.00000 0.00000
vt 0.00000 1.00000
vt 1.00000 1.00000
f 3289/3289 3291/3291 3290/3290
f 3291/3291 3292/3292 3290/3290
f 3293/3293 3295/3295 3294/3294
f 3295/3295 3296/3296 3294/3294
f 3297/3297 3299/3299 3298/3298
f 3299/3299 3300/3300 3298/3298
f 3301/3301 3303/3303 3302/3302
f 3303/3303 3304/3304 3302/3302
f 3305/3305 3307/3307 3306/3306
f 3307/3307 3308/3308 3306/3306
f 3309/3309 3311/3311 3310/3310
f 3311/3311 3312/3312 3310/3310
v -2.55000 10.01500 -8.48500
v -2.55000 10.01500 -8.51500
v -2.55000 9.98500 -8.48500
v -2.55000 9.98500 -8.51500
v -3.05000 10.01500 -8.51500
v -3.05000 10.01500 -8.48500
v -3.05000 9.98500 -8.51500
v -3.05000 9.98500 -8.48500
v -3.05000 10.01500 -8.51500
v -2.55000 10.01500 -8.51500
v -3.05000 10.01500 -8.48500
v -2.55000 10.01500 -8.48500
v -3.05000 9.98500 -8.48500
v -2.55000 9.98500 -8.48500
v -3.05000 9.98500 -8.51500
v -2.55000 9.98500 -8.51500
v -3.05000 10.01500 -8.48500
v -2.55000 10.01500 -8.48500
v -3.05000 9.98500 -8.48500
v -2.55000 9.98500 -8.48500
v -2.55000 10.01500 -8.51500
v -3.05000 10.01500 -8.51500
v -2.55000 9.98500 -8.51500
v -3.05000 9.98500 -8.51500
vt 0.00000 0.00000
vt 1.00000 0.00000
vt 0.00000 1.00000
vt 1.00000 1.00000
vt 0.00000 0.00000
vt 1.00000 0.00000
vt 0.00000 1.00000
vt 1.00000 1.00000
vt 0.00000 0.00000
vt 1.00000 0.00000
vt 0.00000 1.00000
vt 1.00000 1.00000
vt 0.00000 0.00000
vt 1.00000 0.00000
vt 0.00000 1.00000
vt 1.00000 1.00000
vt 0.00000 0.00000
vt 1.00000 0.00000
vt 0.00000 1.00000
vt 1.00000 1.00000
vt 0.00000 0.00000
vt 1.00000 0.00000
vt 0.00000 1.00000
vt 1.00000 1.00000
f 3313/3313 3315/3315 3314/3314
f 3315/3315 3316/3316 3314/3314
f 3317/3317 3319/3319 3318/3318
f 3319/3319 3320/3320 3318/3318
f 3321/3321 3323/3323 3322/3322
f 3323/3323 3324/3324 3322/3322
f 3325/3325 3327/3327 3326/3326
f 3327/3327 3328/3328 3326/3326
f 3329/3329 3331/3331 3330/3330
f 3331/3331 3332/3332 3330/3330
f 3333/3333 3335/3335 3334/3334
f 3335/3335 3336/3336 3334/3334
v -2.55000 11.01500 -8.48500
v -2.55000 11.01500 -8.51500
v -2.55000 10.98500 -8.48500
v -2.55000 10.98500 -8.51500
v -3.05000 11.01500 -8.51500
v -3.05000 11.01500 -8.48500
v -3.05000 10.98500 -8.51500
v -3.05000 10.98500 -8.48500
v -3.05000 11.01500 -8.51500
v -2.55000 11.01500 -8.51500
v -3.05000 11.01500 -8.48500
v -2.55000 11.01500 -8.48500
v -3.05000 10.98500 -8.48500
v -2.55000 10.98500 -8.48500
v -3.05000 10.98500 -8.51500
v -2.55000 10.98500 -8.51500
v -3.05000 11.01500 -8.48500
v -2.55000 11.01500 -8.48500
v -3.05000 10.98500 -8.48500
v -2.55000 10.98500 -8.48500
v -2.55000 11.01500 -8.51500
v -3.05000 11.01500 -8.51500
v -2.55000 10.98500 -8.51500
v -3.05000 10.98500 -8.51500
vt 0.00000 0.00000
vt 1.00000 0.00000
vt 0.00000 1.00000
vt 1.00000 1.00000
vt 0.00000 0.00000
vt 1.00000 0.00000
vt 0.00000 1.00000
vt 1.00000 1.00000
vt 0.00000 0.00000
vt 1.00000 0.00000
vt 0.00000 1.00000
vt 1.00000 1.00000
vt 0.00000 0.00000
vt 1.00000 0.00000
vt 0.00000 1.00000
vt 1.00000 1.00000
vt 0.00000 0.00000
vt 1.00000 0.00000
vt 0.00000 1.00000
vt 1.00000 1.00000
vt 0.00000 0.00000
vt 1.00000 0.00000
vt 0.00000 1.00000
vt 1.00000 1.00000
f 3337/3337 3339/3339 3338/3338
f 3339/3339 3340/3340 3338/3338
f 3341/3341 3343/3343 3342/3342
f 3343/3343 3344/3344 3342/3342
f 3345/3345 3347/3347 3346/3346
f 3347/3347 3348/3348 3346/3346
f 3349/3349 3351/3351 3350/3350
f 3351/3351 3352/3352 3350/3350
f 3353/3353 3355/3355 3354/3354
f 3355/3355 3356/3356 3354/3354
f 3357/3357 3359/3359 3358/3358
f 3359/3359 3360/3360 3358/3358
v -2.55000 12.01500 -8.48500
v -2.55000 12.01500 -8.51500
v -2.55000 11.98500 -8.48500
v -2.55000 11.98500 -8.51500
v -3.05000 12.01500 -8.51500
v -3.05000 12.01500 -8.48500
v -3.05000 11.98500 -8.51500
v -3.05000 11.98500 -8.48500
v -3.05000 12.01500 -8.51500
v -2.55000 12.01500 -8.51500
v -3.05000 12.01500 -8.48500
v -2.55000 12.01500 -8.48500
v -3.05000 11.98500 -8.48500
v -2.55000 11.98500 -8.48500
v -3.05000 11.98500 -8.51500
v -2.55000 11.98500 -8.51500
v -3.05000 12.01500 -8.48500
v -2.55000 12.01500 -8.48500
v -3.05000 11.98500 -8.48500
v -2.55000 11.98500 -8.48500
v -2.55000 12.01500 -8.51500
v -3.05000 12.01500 -8.51500
v -2.55000 11.98500 -8.51500
v -3.05000 11.98500 -8.51500
vt 0.00000 0.00000
vt 1.00000 0.00000
vt 0.00000 1.00000
vt 1.00000 1.00000
vt 0.00000 0.00000
vt 1.00000 0.00000
vt 0.00000 1.00000
vt 1.00000 1.00000
vt 0.00000 0.00000
vt 1.00000 0.00000
vt 0.00000 1.00000
vt 1.00000 1.00000
vt 0.00000 0.00000
vt 1.00000 0.00000
vt 0.00000 1.00000
vt 1.00000 1.00000
vt 0.00000 0.00000
vt 1.00000 0.00000
vt 0.00000 1.00000
vt 1.00000 1.00000
vt 0.00000 0.00000
vt 1.00000 0.00000
vt 0.00000 1.00000
vt 1.00000 1.00000
f 3361/3361 3363/3363 3362/3362
f 3363/3363 3364/3364 3362/3362
f 3365/3365 3367/3367 3366/3366
f 3367/3367 3368/3368 3366/3366
f 3369/3369 3371/3371 3370/3370
f 3371/3371 3372/3372 3370/3370
f 3373/3373 3375/3375 3374/3374
f 3375/3375 3376/3376 3374/3374
f 3377/3377 3379/3379 3378/3378
f 3379/3379 3380/3380 3378/3378
f 3381/3381 3383/3383 3382/3382
f 3383/3383 3384/3384 3382/3382
v -2.55000 13.01500 -8.48500
v -2.55000 13.01500 -8.51500
v -2.55000 12.98500 -8.48500
v -2.55000 12.98500 -8.51500
v -3.05000 13.01500 -8.51500
v -3.05000 13.01500 -8.48500
v -3.05000 12.98500 -8.51500
v -3.05000 12.98500 -8.48500
v -3.05000 13.01500 -8.51500
v -2.55000 13.01500 -8.51500
v -3.05000 13.01500 -8.48500
v -2.55000 13.01500 -8.48500
v -3.05000 12.98500 -8.48500
v -2.55000 12.98500 -8.48500
v -3.05000 12.98500 -8.51500
v -2.55000 12.98500 -8.51500
v -3.05000 13.01500 -8.48500
v -2.55000 13.01500 -8.48500
v -3.05000 12.98500 -8.48500
v -2.55000 12.98500 -8.48500
v -2.55000 13.01500 -8.51500
v -3.05000 13.01500 -8.51500
v -2.55000 12.98500 -8.51500
v -3.05000 12.98500 -8.51500
vt 0.00000 0.00000
vt 1.00000 0.00000
vt 0.00000 1.00000
vt 1.00000 1.00000
vt 0.00000 0.00000
vt 1.00000 0.00000
vt 0.00000 1.00000
vt 1.00000 1.00000
vt 0.00000 0.00000
vt 1.00000 0.00000
vt 0.00000 1.00000
vt 1.00000 1.00000
vt 0.00000 0.00000
vt 1.00000 0.00000
vt 0.00000 1.00000
vt 1.00000 1.00000
vt 0.00000 0.00000
vt 1.00000 0.00000
vt 0.00000 1.00000
vt 1.00000 1.00000
vt 0.00000 0.00000
vt 1.00000 0.00000
vt 0.00000 1.00000
vt 1.00000 1.00000
f 3385/3385 3387/3387 3386/3386
f 3387/3387 3388/3388 3386/3386
f 3389/3389 3391/3391 3390/3390
f 3391/3391 3392/3392 3390/3390
f 3393/3393 3395/3395 3394/3394
f 3395/3395 3396/3396 3394/3394
f 3397/3397 3399/3399 3398/3398
f 3399/3399 3400/3400 3398/3398
f 3401/3401 3403/3403 3402/3402
f 3403/3403 3404/3404 3402/3402
f 3405/3405 3407/3407 3406/3406
f 3407/3407 3408/3408 3406/3406
v -2.55000 14.01500 -8.48500
v -2.55000 14.01500 -8.51500
v -2.55000 13.98500 -8.48500
v -2.55000 13.98500 -8.51500
v -3.05000 14.01500 -8.51500
v -3.05000 14.01500 -8.48500
v -3.05000 13.98500 -8.51500
v -3.05000 13.98500 -8.48500
v -3.05000 14.01500 -8.51500
v -2.55000 14.01500 -8.51500
v -3.05000 14.01500 -8.48500
v -2.55000 14.01500 -8.48500
v -3.05000 13.98500 -8.48500
v -2.55000 13.98500 -8.48500
v -3.05000 13.98500 -8.51500
v -2.55000 13.98500 -8.51500
v -3.05000 14.01500 -8.48500
v -2.55000 14.01500 -8.48500
v -3.05000 13.98500 -8.48500
v -2.55000 13.98500 -8.48500
v -2.55000 14.01500 -8.51500
v -3.05000 14.01500 -8.51500
v -2.55000 13.98500 -8.51500
v -3.05000 13.98500 -8.51500
vt 0.00000 0.00000
vt 1.00000 0.00000
vt 0.00000 1.00000
vt 1.00000 1.00000
vt 0.00000 0.00000
vt 1.00000 0.00000
vt 0.00000 1.00000
vt 1.00000 1.00000
vt 0.00000 0.00000
vt 1.00000 0.00000
vt 0.00000 1.00000
vt 1.00000 1.00000
vt 0.00000 0.00000
vt 1.00000 0.00000
vt 0.00000 1.00000
vt 1.00000 1.00000
vt 0.00000 0.00000
vt 1.00000 0.00000
vt 0.00000 1.00000
vt 1.00000 1.00000
vt 0.00000 0.00000
vt 1.00000 0.00000
vt 0.00000 1.00000
vt 1.00000 1.00000
f 3409/3409 3411/3411 3410/3410
f 3411/3411 3412/3412 3410/3410
f 3413/3413 3415/3415 3414/3414
f 3415/3415 3416/3416 3414/3414
f 3417/3417 3419/3419 3418/3418
f 3419/3419 3420/3420 3418/3418
f 3421/3421 3423/3423 3422/3422
f 3423/3423 3424/3424 3422/3422
f 3425/3425 3427/3427 3426/3426
f 3427/3427 3428/3428 3426/3426
f 3429/3429 3431/3431 3430/3430
f 3431/3431 3432/3432 3430/3430
v -2.78000 16.60000 -8.48000
v -2.78000 16.60000 -8.52000
v -2.78000 15.00000 -8.48000
v -2.78000 15.00000 -8.52000
v -2.82000 16.60000 -8.52000
v -2.82000 16.60000 -8.48000
v -2.82000 15.00000 -8.52000
v -2.82000 15.00000 -8.48000
v -2.82000 16.60000 -8.52000
v -2.78000 16.60000 -8.52000
v -2.82000 16.60000 -8.48000
v -2.78000 16.60000 -8.48000
v -2.82000 15.00000 -8.48000
v -2.78000 15.00000 -8.48000
v -2.82000 15.00000 -8.52000
v -2.78000 15.00000 -8.52000
v -2.82000 16.60000 -8.48000
v -2.78000 16.60000 -8.48000
v -2.82000 15.00000 -8.48000
v -2.78000 15.00000 -8.48000
v -2.78000 16.60000 -8.52000
v -2.82000 16.60000 -8.52000
v -2.78000 15.00000 -8.52000
v -2.82000 15.00000 -8.52000
vt 0.00000 0.00000
vt 1.00000 0.00000
vt 0.00000 1.00000
vt 1.00000 1.00000
vt 0.00000 0.00000
vt 1.00000 0.00000
vt 0.00000 1.00000
vt 1.00000 1.00000
vt 0.00000 0.00000
vt 1.00000 0.00000
vt 0.00000 1.00000
vt 1.00000 1.00000
vt 0.00000 0.00000
vt 1.00000 0.00000
vt 0.00000 1.00000
vt 1.00000 1.00000
vt 0.00000 0.00000
vt 1.00000 0.00000
vt 0.00000 1.00000
vt 1.00000 1.00000
vt 0.00000 0.00000
vt 1.00000 0.00000
vt 0.00000 1.00000
vt 1.00000 1.00000
f 3433/3433 3435/3435 3434/3434
f 3435/3435 3436/3436 3434/3434
f 3437/3437 3439/3439 3438/3438
f 3439/3439 3440/3440 3438/3438
f 3441/3441 3443/3443 3442/3442
f 3443/3443 3444/3444 3442/3442
f 3445/3445 3447/3447 3446/3446
f 3447/3447 3448/3448 3446/3446
f 3449/3449 3451/3451 3450/3450
f 3451/3451 3452/3452 3450/3450
f 3453/3453 3455/3455 3454/3454
f 3455/3455 3456/3456 3454/3454
v -11.46000 1.50000 9.64000
v -11.46000 1.50000 9.56000
v -11.46000 0.00000 9.64000
v -11.46000 0.00000 9.56000
v -11.54000 1.50000 9.56000
v -11.54000 1.50000 9.64000
v -11.54000 0.00000 9.56000
v -11.54000 0.00000 9.64000
v -11.54000 1.50000 9.56000
v -11.46000 1.50000 9.56000
v -11.54000 1.50000 9.64000
v -11.46000 1.50000 9.64000
v -11.54000 0.00000 9.64000
v -11.46000 0.00000 9.64000
v -11.54000 0.00000 9.56000
v -11.46000 0.00000 9.56000
v -11.54000 1.50000 9.64000
v -11.46000 1.50000 9.64000
v -11.54000 0.00000 9.64000
v -11.46000 0.00000 9.64000
v -11.46000 1.50000 9.56000
v -11.54000 1.50000 9.56000
v -11.46000 0.00000 9.56000
v -11.54000 0.00000 9.56000
vt 0.00000 0.00000
vt 1.00000 0.00000
vt 0.00000 1.00000
vt 1.00000 1.00000
vt 0.00000 0.00000
vt 1.00000 0.00000
vt 0.00000 1.00000
vt 1.00000 1.00000
vt 0.00000 0.00000
vt 1.00000 0.00000
vt 0.00000 1.00000
vt 1.00000 1.00000
vt 0.00000 0.00000
vt 1.00000 0.00000
vt 0.00000 1.00000
vt 1.00000 1.00000
vt 0.00000 0.00000
vt 1.00000 0.00000
vt 0.00000 1.00000
vt 1.00000 1.00000
vt 0.00000 0.00000
vt 1.00000 0.00000
vt 0.00000 1.00000
vt 1.00000 1.00000
f 3457/3457 3459/3459 3458/3458
f 3459/3459 3460/3460 3458/3458
f 3461/3461 3463/3463 3462/3462
f 3463/3463 3464/3464 3462/3462
f 3465/3465 3467/3467 3466/3466
f 3467/3467 3468/3468 3466/3466
f 3469/3469 3471/3471 3470/3470
f 3471/3471 3472/3472 3470/3470
f 3473/3473 3475/3475 3474/3474
f 3475/3475 3476/3476 3474/3474
f 3477/3477 3479/3479 3478/3478
f 3479/3479 3480/3480 3478/3478
v -9.26000 1.50000 9.64000
v -9.26000 1.50000 9.56000
v -9.26000 0.00000 9.64000
v -9.26000 0.00000 9.56000
v -9.34000 1.50000 9.56000
v -9.34000 1.50000 9.64000
v -9.34000 0.00000 9.56000
v -9.34000 0.00000 9.64000
v -9.34000 1.50000 9.56000
v -9.26000 1.50000 9.56000
v -9.34000 1.50000 9.64000
v -9.26000 1.50000 9.64000
v -9.34000 0.00000 9.64000
v -9.26000 0.00000 9.64000
v -9.34000 0.00000 9.56000
v -9.26000 0.00000 9.56000
v -9.34000 1.50000 9.64000
v -9.26000 1.50000 9.64000
v -9.34000 0.00000 9.64000
v -9.26000 0.00000 9.64000
v -9.26000 1.50000 9.56000
v -9.34000 1.50000 9.56000
v -9.26000 0.00000 9.56000
v -9.34000 0.00000 9.56000
vt 0.00000 0.00000
vt 1.00000 0.00000
vt 0.00000 1.00000
vt 1.00000 1.00000
vt 0.00000 0.00000
vt 1.00000 0.00000
vt 0.00000 1.00000
vt 1.00000 1.00000
vt 0.00000 0.00000
vt 1.00000 0.00000
vt 0.00000 1.00000
vt 1.00000 1.00000
vt 0.00000 0.00000
vt 1.00000 0.00000
vt 0.00000 1.00000
vt 1.00000 1.00000
vt 0.00000 0.00000
vt 1.00000 0.00000
vt 0.00000 1.00000
vt 1.00000 1.00000
vt 0.00000 0.00000
vt 1.00000 0.00000
vt 0.00000 1.00000
vt 1.00000 1.00000
f 3481/3481 3483/3483 3482/3482
f 3483/3483 3484/3484 3482/3482
f 3485/3485 3487/3487 3486/3486
f 3487/3487 3488/3488 3486/3486
f 3489/3489 3491/3491 3490/3490
f 3491/3491 3492/3492 3490/3490
f 3493/3493 3495/3495 3494/3494
f 3495/3495 3496/3496 3494/3494
f 3497/3497 3499/3499 3498/3498
f 3499/3499 3500/3500 3498/3498
f 3501/3501 3503/3503 3502/3502
f 3503/3503 3504/3504 3502/3502
usemtl bay_interior_dark
v -4.55000 4.10000 2.03000
v -4.55000 4.10000 1.93000
v -4.55000 0.00000 2.03000
v -4.55000 0.00000 1.93000
v -7.65000 4.10000 1.93000
v -7.65000 4.10000 2.03000
v -7.65000 0.00000 1.93000
v -7.65000 0.00000 2.03000
v -7.65000 4.10000 1.93000
v -4.55000 4.10000 1.93000
v -7.65000 4.10000 2.03000
v -4.55000 4.10000 2.03000
v -7.65000 0.00000 2.03000
v -4.55000 0.00000 2.03000
v -7.65000 0.00000 1.93000
v -4.55000 0.00000 1.93000
v -7.65000 4.10000 2.03000
v -4.55000 4.10000 2.03000
v -7.65000 0.00000 2.03000
v -4.55000 0.00000 2.03000
v -4.55000 4.10000 1.93000
v -7.65000 4.10000 1.93000
v -4.55000 0.00000 1.93000
v -7.65000 0.00000 1.93000
vt 0.00000 0.00000
vt 1.00000 0.00000
vt 0.00000 1.00000
vt 1.00000 1.00000
vt 0.00000 0.00000
vt 1.00000 0.00000
vt 0.00000 1.00000
vt 1.00000 1.00000
vt 0.00000 0.00000
vt 1.00000 0.00000
vt 0.00000 1.00000
vt 1.00000 1.00000
vt 0.00000 0.00000
vt 1.00000 0.00000
vt 0.00000 1.00000
vt 1.00000 1.00000
vt 0.00000 0.00000
vt 1.00000 0.00000
vt 0.00000 1.00000
vt 1.00000 1.00000
vt 0.00000 0.00000
vt 1.00000 0.00000
vt 0.00000 1.00000
vt 1.00000 1.00000
f 3505/3505 3507/3507 3506/3506
f 3507/3507 3508/3508 3506/3506
f 3509/3509 3511/3511 3510/3510
f 3511/3511 3512/3512 3510/3510
f 3513/3513 3515/3515 3514/3514
f 3515/3515 3516/3516 3514/3514
f 3517/3517 3519/3519 3518/3518
f 3519/3519 3520/3520 3518/3518
f 3521/3521 3523/3523 3522/3522
f 3523/3523 3524/3524 3522/3522
f 3525/3525 3527/3527 3526/3526
f 3527/3527 3528/3528 3526/3526
usemtl bollard_yellow
v -11.65000 0.84500 2.53000
v -11.60298 0.84500 2.51472
v -11.57392 0.84500 2.47472
v -11.57392 0.84500 2.42528
v -11.60298 0.84500 2.38528
v -11.65000 0.84500 2.37000
v -11.69702 0.84500 2.38528
v -11.72608 0.84500 2.42528
v -11.72608 0.84500 2.47472
v -11.69702 0.84500 2.51472
v -11.65000 0.84500 2.53000
v -11.65000 -0.00500 2.53000
v -11.60298 -0.00500 2.51472
v -11.57392 -0.00500 2.47472
v -11.57392 -0.00500 2.42528
v -11.60298 -0.00500 2.38528
v -11.65000 -0.00500 2.37000
v -11.69702 -0.00500 2.38528
v -11.72608 -0.00500 2.42528
v -11.72608 -0.00500 2.47472
v -11.69702 -0.00500 2.51472
v -11.65000 -0.00500 2.53000
v -11.65000 0.84500 2.45000
v -11.65000 0.84500 2.45000
v -11.65000 0.84500 2.45000
v -11.65000 0.84500 2.45000
v -11.65000 0.84500 2.45000
v -11.65000 0.84500 2.45000
v -11.65000 0.84500 2.45000
v -11.65000 0.84500 2.45000
v -11.65000 0.84500 2.45000
v -11.65000 0.84500 2.45000
v -11.65000 0.84500 2.53000
v -11.60298 0.84500 2.51472
v -11.57392 0.84500 2.47472
v -11.57392 0.84500 2.42528
v -11.60298 0.84500 2.38528
v -11.65000 0.84500 2.37000
v -11.69702 0.84500 2.38528
v -11.72608 0.84500 2.42528
v -11.72608 0.84500 2.47472
v -11.69702 0.84500 2.51472
v -11.65000 0.84500 2.53000
v -11.65000 -0.00500 2.45000
v -11.65000 -0.00500 2.45000
v -11.65000 -0.00500 2.45000
v -11.65000 -0.00500 2.45000
v -11.65000 -0.00500 2.45000
v -11.65000 -0.00500 2.45000
v -11.65000 -0.00500 2.45000
v -11.65000 -0.00500 2.45000
v -11.65000 -0.00500 2.45000
v -11.65000 -0.00500 2.45000
v -11.65000 -0.00500 2.53000
v -11.60298 -0.00500 2.51472
v -11.57392 -0.00500 2.47472
v -11.57392 -0.00500 2.42528
v -11.60298 -0.00500 2.38528
v -11.65000 -0.00500 2.37000
v -11.69702 -0.00500 2.38528
v -11.72608 -0.00500 2.42528
v -11.72608 -0.00500 2.47472
v -11.69702 -0.00500 2.51472
v -11.65000 -0.00500 2.53000
vt 0.00000 0.00000
vt 0.10000 0.00000
vt 0.20000 0.00000
vt 0.30000 0.00000
vt 0.40000 0.00000
vt 0.50000 0.00000
vt 0.60000 0.00000
vt 0.70000 0.00000
vt 0.80000 0.00000
vt 0.90000 0.00000
vt 1.00000 0.00000
vt 0.00000 1.00000
vt 0.10000 1.00000
vt 0.20000 1.00000
vt 0.30000 1.00000
vt 0.40000 1.00000
vt 0.50000 1.00000
vt 0.60000 1.00000
vt 0.70000 1.00000
vt 0.80000 1.00000
vt 0.90000 1.00000
vt 1.00000 1.00000
vt 0.50000 0.50000
vt 0.50000 0.50000
vt 0.50000 0.50000
vt 0.50000 0.50000
vt 0.50000 0.50000
vt 0.50000 0.50000
vt 0.50000 0.50000
vt 0.50000 0.50000
vt 0.50000 0.50000
vt 0.50000 0.50000
vt 1.00000 0.50000
vt 0.90451 0.20611
vt 0.65451 0.02447
vt 0.34549 0.02447
vt 0.09549 0.20611
vt 0.00000 0.50000
vt 0.09549 0.79389
vt 0.34549 0.97553
vt 0.65451 0.97553
vt 0.90451 0.79389
vt 1.00000 0.50000
vt 0.50000 0.50000
vt 0.50000 0.50000
vt 0.50000 0.50000
vt 0.50000 0.50000
vt 0.50000 0.50000
vt 0.50000 0.50000
vt 0.50000 0.50000
vt 0.50000 0.50000
vt 0.50000 0.50000
vt 0.50000 0.50000
vt 1.00000 0.50000
vt 0.90451 0.79389
vt 0.65451 0.97553
vt 0.34549 0.97553
vt 0.09549 0.79389
vt 0.00000 0.50000
vt 0.09549 0.20611
vt 0.34549 0.02447
vt 0.65451 0.02447
vt 0.90451 0.20611
vt 1.00000 0.50000
f 3529/3529 3540/3540 3530/3530
f 3540/3540 3541/3541 3530/3530
f 3530/3530 3541/3541 3531/3531
f 3541/3541 3542/3542 3531/3531
f 3531/3531 3542/3542 3532/3532
f 3542/3542 3543/3543 3532/3532
f 3532/3532 3543/3543 3533/3533
f 3543/3543 3544/3544 3533/3533
f 3533/3533 3544/3544 3534/3534
f 3544/3544 3545/3545 3534/3534
f 3534/3534 3545/3545 3535/3535
f 3545/3545 3546/3546 3535/3535
f 3535/3535 3546/3546 3536/3536
f 3546/3546 3547/3547 3536/3536
f 3536/3536 3547/3547 3537/3537
f 3547/3547 3548/3548 3537/3537
f 3537/3537 3548/3548 3538/3538
f 3548/3548 3549/3549 3538/3538
f 3538/3538 3549/3549 3539/3539
f 3549/3549 3550/3550 3539/3539
f 3561/3561 3562/3562 3551/3551
f 3562/3562 3563/3563 3552/3552
f 3563/3563 3564/3564 3553/3553
f 3564/3564 3565/3565 3554/3554
f 3565/3565 3566/3566 3555/3555
f 3566/3566 3567/3567 3556/3556
f 3567/3567 3568/3568 3557/3557
f 3568/3568 3569/3569 3558/3558
f 3569/3569 3570/3570 3559/3559
f 3570/3570 3571/3571 3560/3560
f 3583/3583 3582/3582 3572/3572
f 3584/3584 3583/3583 3573/3573
f 3585/3585 3584/3584 3574/3574
f 3586/3586 3585/3585 3575/3575
f 3587/3587 3586/3586 3576/3576
f 3588/3588 3587/3587 3577/3577
f 3589/3589 3588/3588 3578/3578
f 3590/3590 3589/3589 3579/3579
f 3591/3591 3590/3590 3580/3580
f 3592/3592 3591/3591 3581/3581
v -8.05000 0.84500 2.53000
v -8.00298 0.84500 2.51472
v -7.97392 0.84500 2.47472
v -7.97392 0.84500 2.42528
v -8.00298 0.84500 2.38528
v -8.05000 0.84500 2.37000
v -8.09702 0.84500 2.38528
v -8.12608 0.84500 2.42528
v -8.12608 0.84500 2.47472
v -8.09702 0.84500 2.51472
v -8.05000 0.84500 2.53000
v -8.05000 -0.00500 2.53000
v -8.00298 -0.00500 2.51472
v -7.97392 -0.00500 2.47472
v -7.97392 -0.00500 2.42528
v -8.00298 -0.00500 2.38528
v -8.05000 -0.00500 2.37000
v -8.09702 -0.00500 2.38528
v -8.12608 -0.00500 2.42528
v -8.12608 -0.00500 2.47472
v -8.09702 -0.00500 2.51472
v -8.05000 -0.00500 2.53000
v -8.05000 0.84500 2.45000
v -8.05000 0.84500 2.45000
v -8.05000 0.84500 2.45000
v -8.05000 0.84500 2.45000
v -8.05000 0.84500 2.45000
v -8.05000 0.84500 2.45000
v -8.05000 0.84500 2.45000
v -8.05000 0.84500 2.45000
v -8.05000 0.84500 2.45000
v -8.05000 0.84500 2.45000
v -8.05000 0.84500 2.53000
v -8.00298 0.84500 2.51472
v -7.97392 0.84500 2.47472
v -7.97392 0.84500 2.42528
v -8.00298 0.84500 2.38528
v -8.05000 0.84500 2.37000
v -8.09702 0.84500 2.38528
v -8.12608 0.84500 2.42528
v -8.12608 0.84500 2.47472
v -8.09702 0.84500 2.51472
v -8.05000 0.84500 2.53000
v -8.05000 -0.00500 2.45000
v -8.05000 -0.00500 2.45000
v -8.05000 -0.00500 2.45000
v -8.05000 -0.00500 2.45000
v -8.05000 -0.00500 2.45000
v -8.05000 -0.00500 2.45000
v -8.05000 -0.00500 2.45000
v -8.05000 -0.00500 2.45000
v -8.05000 -0.00500 2.45000
v -8.05000 -0.00500 2.45000
v -8.05000 -0.00500 2.53000
v -8.00298 -0.00500 2.51472
v -7.97392 -0.00500 2.47472
v -7.97392 -0.00500 2.42528
v -8.00298 -0.00500 2.38528
v -8.05000 -0.00500 2.37000
v -8.09702 -0.00500 2.38528
v -8.12608 -0.00500 2.42528
v -8.12608 -0.00500 2.47472
v -8.09702 -0.00500 2.51472
v -8.05000 -0.00500 2.53000
vt 0.00000 0.00000
vt 0.10000 0.00000
vt 0.20000 0.00000
vt 0.30000 0.00000
vt 0.40000 0.00000
vt 0.50000 0.00000
vt 0.60000 0.00000
vt 0.70000 0.00000
vt 0.80000 0.00000
vt 0.90000 0.00000
vt 1.00000 0.00000
vt 0.00000 1.00000
vt 0.10000 1.00000
vt 0.20000 1.00000
vt 0.30000 1.00000
vt 0.40000 1.00000
vt 0.50000 1.00000
vt 0.60000 1.00000
vt 0.70000 1.00000
vt 0.80000 1.00000
vt 0.90000 1.00000
vt 1.00000 1.00000
vt 0.50000 0.50000
vt 0.50000 0.50000
vt 0.50000 0.50000
vt 0.50000 0.50000
vt 0.50000 0.50000
vt 0.50000 0.50000
vt 0.50000 0.50000
vt 0.50000 0.50000
vt 0.50000 0.50000
vt 0.50000 0.50000
vt 1.00000 0.50000
vt 0.90451 0.20611
vt 0.65451 0.02447
vt 0.34549 0.02447
vt 0.09549 0.20611
vt 0.00000 0.50000
vt 0.09549 0.79389
vt 0.34549 0.97553
vt 0.65451 0.97553
vt 0.90451 0.79389
vt 1.00000 0.50000
vt 0.50000 0.50000
vt 0.50000 0.50000
vt 0.50000 0.50000
vt 0.50000 0.50000
vt 0.50000 0.50000
vt 0.50000 0.50000
vt 0.50000 0.50000
vt 0.50000 0.50000
vt 0.50000 0.50000
vt 0.50000 0.50000
vt 1.00000 0.50000
vt 0.90451 0.79389
vt 0.65451 0.97553
vt 0.34549 0.97553
vt 0.09549 0.79389
vt 0.00000 0.50000
vt 0.09549 0.20611
vt 0.34549 0.02447
vt 0.65451 0.02447
vt 0.90451 0.20611
vt 1.00000 0.50000
f 3593/3593 3604/3604 3594/3594
f 3604/3604 3605/3605 3594/3594
f 3594/3594 3605/3605 3595/3595
f 3605/3605 3606/3606 3595/3595
f 3595/3595 3606/3606 3596/3596
f 3606/3606 3607/3607 3596/3596
f 3596/3596 3607/3607 3597/3597
f 3607/3607 3608/3608 3597/3597
f 3597/3597 3608/3608 3598/3598
f 3608/3608 3609/3609 3598/3598
f 3598/3598 3609/3609 3599/3599
f 3609/3609 3610/3610 3599/3599
f 3599/3599 3610/3610 3600/3600
f 3610/3610 3611/3611 3600/3600
f 3600/3600 3611/3611 3601/3601
f 3611/3611 3612/3612 3601/3601
f 3601/3601 3612/3612 3602/3602
f 3612/3612 3613/3613 3602/3602
f 3602/3602 3613/3613 3603/3603
f 3613/3613 3614/3614 3603/3603
f 3625/3625 3626/3626 3615/3615
f 3626/3626 3627/3627 3616/3616
f 3627/3627 3628/3628 3617/3617
f 3628/3628 3629/3629 3618/3618
f 3629/3629 3630/3630 3619/3619
f 3630/3630 3631/3631 3620/3620
f 3631/3631 3632/3632 3621/3621
f 3632/3632 3633/3633 3622/3622
f 3633/3633 3634/3634 3623/3623
f 3634/3634 3635/3635 3624/3624
f 3647/3647 3646/3646 3636/3636
f 3648/3648 3647/3647 3637/3637
f 3649/3649 3648/3648 3638/3638
f 3650/3650 3649/3649 3639/3639
f 3651/3651 3650/3650 3640/3640
f 3652/3652 3651/3651 3641/3641
f 3653/3653 3652/3652 3642/3642
f 3654/3654 3653/3653 3643/3643
f 3655/3655 3654/3654 3644/3644
f 3656/3656 3655/3655 3645/3645
v -4.25000 0.84500 2.53000
v -4.20298 0.84500 2.51472
v -4.17392 0.84500 2.47472
v -4.17392 0.84500 2.42528
v -4.20298 0.84500 2.38528
v -4.25000 0.84500 2.37000
v -4.29702 0.84500 2.38528
v -4.32608 0.84500 2.42528
v -4.32608 0.84500 2.47472
v -4.29702 0.84500 2.51472
v -4.25000 0.84500 2.53000
v -4.25000 -0.00500 2.53000
v -4.20298 -0.00500 2.51472
v -4.17392 -0.00500 2.47472
v -4.17392 -0.00500 2.42528
v -4.20298 -0.00500 2.38528
v -4.25000 -0.00500 2.37000
v -4.29702 -0.00500 2.38528
v -4.32608 -0.00500 2.42528
v -4.32608 -0.00500 2.47472
v -4.29702 -0.00500 2.51472
v -4.25000 -0.00500 2.53000
v -4.25000 0.84500 2.45000
v -4.25000 0.84500 2.45000
v -4.25000 0.84500 2.45000
v -4.25000 0.84500 2.45000
v -4.25000 0.84500 2.45000
v -4.25000 0.84500 2.45000
v -4.25000 0.84500 2.45000
v -4.25000 0.84500 2.45000
v -4.25000 0.84500 2.45000
v -4.25000 0.84500 2.45000
v -4.25000 0.84500 2.53000
v -4.20298 0.84500 2.51472
v -4.17392 0.84500 2.47472
v -4.17392 0.84500 2.42528
v -4.20298 0.84500 2.38528
v -4.25000 0.84500 2.37000
v -4.29702 0.84500 2.38528
v -4.32608 0.84500 2.42528
v -4.32608 0.84500 2.47472
v -4.29702 0.84500 2.51472
v -4.25000 0.84500 2.53000
v -4.25000 -0.00500 2.45000
v -4.25000 -0.00500 2.45000
v -4.25000 -0.00500 2.45000
v -4.25000 -0.00500 2.45000
v -4.25000 -0.00500 2.45000
v -4.25000 -0.00500 2.45000
v -4.25000 -0.00500 2.45000
v -4.25000 -0.00500 2.45000
v -4.25000 -0.00500 2.45000
v -4.25000 -0.00500 2.45000
v -4.25000 -0.00500 2.53000
v -4.20298 -0.00500 2.51472
v -4.17392 -0.00500 2.47472
v -4.17392 -0.00500 2.42528
v -4.20298 -0.00500 2.38528
v -4.25000 -0.00500 2.37000
v -4.29702 -0.00500 2.38528
v -4.32608 -0.00500 2.42528
v -4.32608 -0.00500 2.47472
v -4.29702 -0.00500 2.51472
v -4.25000 -0.00500 2.53000
vt 0.00000 0.00000
vt 0.10000 0.00000
vt 0.20000 0.00000
vt 0.30000 0.00000
vt 0.40000 0.00000
vt 0.50000 0.00000
vt 0.60000 0.00000
vt 0.70000 0.00000
vt 0.80000 0.00000
vt 0.90000 0.00000
vt 1.00000 0.00000
vt 0.00000 1.00000
vt 0.10000 1.00000
vt 0.20000 1.00000
vt 0.30000 1.00000
vt 0.40000 1.00000
vt 0.50000 1.00000
vt 0.60000 1.00000
vt 0.70000 1.00000
vt 0.80000 1.00000
vt 0.90000 1.00000
vt 1.00000 1.00000
vt 0.50000 0.50000
vt 0.50000 0.50000
vt 0.50000 0.50000
vt 0.50000 0.50000
vt 0.50000 0.50000
vt 0.50000 0.50000
vt 0.50000 0.50000
vt 0.50000 0.50000
vt 0.50000 0.50000
vt 0.50000 0.50000
vt 1.00000 0.50000
vt 0.90451 0.20611
vt 0.65451 0.02447
vt 0.34549 0.02447
vt 0.09549 0.20611
vt 0.00000 0.50000
vt 0.09549 0.79389
vt 0.34549 0.97553
vt 0.65451 0.97553
vt 0.90451 0.79389
vt 1.00000 0.50000
vt 0.50000 0.50000
vt 0.50000 0.50000
vt 0.50000 0.50000
vt 0.50000 0.50000
vt 0.50000 0.50000
vt 0.50000 0.50000
vt 0.50000 0.50000
vt 0.50000 0.50000
vt 0.50000 0.50000
vt 0.50000 0.50000
vt 1.00000 0.50000
vt 0.90451 0.79389
vt 0.65451 0.97553
vt 0.34549 0.97553
vt 0.09549 0.79389
vt 0.00000 0.50000
vt 0.09549 0.20611
vt 0.34549 0.02447
vt 0.65451 0.02447
vt 0.90451 0.20611
vt 1.00000 0.50000
f 3657/3657 3668/3668 3658/3658
f 3668/3668 3669/3669 3658/3658
f 3658/3658 3669/3669 3659/3659
f 3669/3669 3670/3670 3659/3659
f 3659/3659 3670/3670 3660/3660
f 3670/3670 3671/3671 3660/3660
f 3660/3660 3671/3671 3661/3661
f 3671/3671 3672/3672 3661/3661
f 3661/3661 3672/3672 3662/3662
f 3672/3672 3673/3673 3662/3662
f 3662/3662 3673/3673 3663/3663
f 3673/3673 3674/3674 3663/3663
f 3663/3663 3674/3674 3664/3664
f 3674/3674 3675/3675 3664/3664
f 3664/3664 3675/3675 3665/3665
f 3675/3675 3676/3676 3665/3665
f 3665/3665 3676/3676 3666/3666
f 3676/3676 3677/3677 3666/3666
f 3666/3666 3677/3677 3667/3667
f 3677/3677 3678/3678 3667/3667
f 3689/3689 3690/3690 3679/3679
f 3690/3690 3691/3691 3680/3680
f 3691/3691 3692/3692 3681/3681
f 3692/3692 3693/3693 3682/3682
f 3693/3693 3694/3694 3683/3683
f 3694/3694 3695/3695 3684/3684
f 3695/3695 3696/3696 3685/3685
f 3696/3696 3697/3697 3686/3686
f 3697/3697 3698/3698 3687/3687
f 3698/3698 3699/3699 3688/3688
f 3711/3711 3710/3710 3700/3700
f 3712/3712 3711/3711 3701/3701
f 3713/3713 3712/3712 3702/3702
f 3714/3714 3713/3713 3703/3703
f 3715/3715 3714/3714 3704/3704
f 3716/3716 3715/3715 3705/3705
f 3717/3717 3716/3716 3706/3706
f 3718/3718 3717/3717 3707/3707
f 3719/3719 3718/3718 3708/3708
f 3720/3720 3719/3719 3709/3709
v -0.45000 0.84500 2.53000
v -0.40298 0.84500 2.51472
v -0.37392 0.84500 2.47472
v -0.37392 0.84500 2.42528
v -0.40298 0.84500 2.38528
v -0.45000 0.84500 2.37000
v -0.49702 0.84500 2.38528
v -0.52608 0.84500 2.42528
v -0.52608 0.84500 2.47472
v -0.49702 0.84500 2.51472
v -0.45000 0.84500 2.53000
v -0.45000 -0.00500 2.53000
v -0.40298 -0.00500 2.51472
v -0.37392 -0.00500 2.47472
v -0.37392 -0.00500 2.42528
v -0.40298 -0.00500 2.38528
v -0.45000 -0.00500 2.37000
v -0.49702 -0.00500 2.38528
v -0.52608 -0.00500 2.42528
v -0.52608 -0.00500 2.47472
v -0.49702 -0.00500 2.51472
v -0.45000 -0.00500 2.53000
v -0.45000 0.84500 2.45000
v -0.45000 0.84500 2.45000
v -0.45000 0.84500 2.45000
v -0.45000 0.84500 2.45000
v -0.45000 0.84500 2.45000
v -0.45000 0.84500 2.45000
v -0.45000 0.84500 2.45000
v -0.45000 0.84500 2.45000
v -0.45000 0.84500 2.45000
v -0.45000 0.84500 2.45000
v -0.45000 0.84500 2.53000
v -0.40298 0.84500 2.51472
v -0.37392 0.84500 2.47472
v -0.37392 0.84500 2.42528
v -0.40298 0.84500 2.38528
v -0.45000 0.84500 2.37000
v -0.49702 0.84500 2.38528
v -0.52608 0.84500 2.42528
v -0.52608 0.84500 2.47472
v -0.49702 0.84500 2.51472
v -0.45000 0.84500 2.53000
v -0.45000 -0.00500 2.45000
v -0.45000 -0.00500 2.45000
v -0.45000 -0.00500 2.45000
v -0.45000 -0.00500 2.45000
v -0.45000 -0.00500 2.45000
v -0.45000 -0.00500 2.45000
v -0.45000 -0.00500 2.45000
v -0.45000 -0.00500 2.45000
v -0.45000 -0.00500 2.45000
v -0.45000 -0.00500 2.45000
v -0.45000 -0.00500 2.53000
v -0.40298 -0.00500 2.51472
v -0.37392 -0.00500 2.47472
v -0.37392 -0.00500 2.42528
v -0.40298 -0.00500 2.38528
v -0.45000 -0.00500 2.37000
v -0.49702 -0.00500 2.38528
v -0.52608 -0.00500 2.42528
v -0.52608 -0.00500 2.47472
v -0.49702 -0.00500 2.51472
v -0.45000 -0.00500 2.53000
vt 0.00000 0.00000
vt 0.10000 0.00000
vt 0.20000 0.00000
vt 0.30000 0.00000
vt 0.40000 0.00000
vt 0.50000 0.00000
vt 0.60000 0.00000
vt 0.70000 0.00000
vt 0.80000 0.00000
vt 0.90000 0.00000
vt 1.00000 0.00000
vt 0.00000 1.00000
vt 0.10000 1.00000
vt 0.20000 1.00000
vt 0.30000 1.00000
vt 0.40000 1.00000
vt 0.50000 1.00000
vt 0.60000 1.00000
vt 0.70000 1.00000
vt 0.80000 1.00000
vt 0.90000 1.00000
vt 1.00000 1.00000
vt 0.50000 0.50000
vt 0.50000 0.50000
vt 0.50000 0.50000
vt 0.50000 0.50000
vt 0.50000 0.50000
vt 0.50000 0.50000
vt 0.50000 0.50000
vt 0.50000 0.50000
vt 0.50000 0.50000
vt 0.50000 0.50000
vt 1.00000 0.50000
vt 0.90451 0.20611
vt 0.65451 0.02447
vt 0.34549 0.02447
vt 0.09549 0.20611
vt 0.00000 0.50000
vt 0.09549 0.79389
vt 0.34549 0.97553
vt 0.65451 0.97553
vt 0.90451 0.79389
vt 1.00000 0.50000
vt 0.50000 0.50000
vt 0.50000 0.50000
vt 0.50000 0.50000
vt 0.50000 0.50000
vt 0.50000 0.50000
vt 0.50000 0.50000
vt 0.50000 0.50000
vt 0.50000 0.50000
vt 0.50000 0.50000
vt 0.50000 0.50000
vt 1.00000 0.50000
vt 0.90451 0.79389
vt 0.65451 0.97553
vt 0.34549 0.97553
vt 0.09549 0.79389
vt 0.00000 0.50000
vt 0.09549 0.20611
vt 0.34549 0.02447
vt 0.65451 0.02447
vt 0.90451 0.20611
vt 1.00000 0.50000
f 3721/3721 3732/3732 3722/3722
f 3732/3732 3733/3733 3722/3722
f 3722/3722 3733/3733 3723/3723
f 3733/3733 3734/3734 3723/3723
f 3723/3723 3734/3734 3724/3724
f 3734/3734 3735/3735 3724/3724
f 3724/3724 3735/3735 3725/3725
f 3735/3735 3736/3736 3725/3725
f 3725/3725 3736/3736 3726/3726
f 3736/3736 3737/3737 3726/3726
f 3726/3726 3737/3737 3727/3727
f 3737/3737 3738/3738 3727/3727
f 3727/3727 3738/3738 3728/3728
f 3738/3738 3739/3739 3728/3728
f 3728/3728 3739/3739 3729/3729
f 3739/3739 3740/3740 3729/3729
f 3729/3729 3740/3740 3730/3730
f 3740/3740 3741/3741 3730/3730
f 3730/3730 3741/3741 3731/3731
f 3741/3741 3742/3742 3731/3731
f 3753/3753 3754/3754 3743/3743
f 3754/3754 3755/3755 3744/3744
f 3755/3755 3756/3756 3745/3745
f 3756/3756 3757/3757 3746/3746
f 3757/3757 3758/3758 3747/3747
f 3758/3758 3759/3759 3748/3748
f 3759/3759 3760/3760 3749/3749
f 3760/3760 3761/3761 3750/3750
f 3761/3761 3762/3762 3751/3751
f 3762/3762 3763/3763 3752/3752
f 3775/3775 3774/3774 3764/3764
f 3776/3776 3775/3775 3765/3765
f 3777/3777 3776/3776 3766/3766
f 3778/3778 3777/3777 3767/3767
f 3779/3779 3778/3778 3768/3768
f 3780/3780 3779/3779 3769/3769
f 3781/3781 3780/3780 3770/3770
f 3782/3782 3781/3781 3771/3771
f 3783/3783 3782/3782 3772/3772
f 3784/3784 3783/3783 3773/3773
v 3.20000 0.84500 2.53000
v 3.24702 0.84500 2.51472
v 3.27608 0.84500 2.47472
v 3.27608 0.84500 2.42528
v 3.24702 0.84500 2.38528
v 3.20000 0.84500 2.37000
v 3.15298 0.84500 2.38528
v 3.12392 0.84500 2.42528
v 3.12392 0.84500 2.47472
v 3.15298 0.84500 2.51472
v 3.20000 0.84500 2.53000
v 3.20000 -0.00500 2.53000
v 3.24702 -0.00500 2.51472
v 3.27608 -0.00500 2.47472
v 3.27608 -0.00500 2.42528
v 3.24702 -0.00500 2.38528
v 3.20000 -0.00500 2.37000
v 3.15298 -0.00500 2.38528
v 3.12392 -0.00500 2.42528
v 3.12392 -0.00500 2.47472
v 3.15298 -0.00500 2.51472
v 3.20000 -0.00500 2.53000
v 3.20000 0.84500 2.45000
v 3.20000 0.84500 2.45000
v 3.20000 0.84500 2.45000
v 3.20000 0.84500 2.45000
v 3.20000 0.84500 2.45000
v 3.20000 0.84500 2.45000
v 3.20000 0.84500 2.45000
v 3.20000 0.84500 2.45000
v 3.20000 0.84500 2.45000
v 3.20000 0.84500 2.45000
v 3.20000 0.84500 2.53000
v 3.24702 0.84500 2.51472
v 3.27608 0.84500 2.47472
v 3.27608 0.84500 2.42528
v 3.24702 0.84500 2.38528
v 3.20000 0.84500 2.37000
v 3.15298 0.84500 2.38528
v 3.12392 0.84500 2.42528
v 3.12392 0.84500 2.47472
v 3.15298 0.84500 2.51472
v 3.20000 0.84500 2.53000
v 3.20000 -0.00500 2.45000
v 3.20000 -0.00500 2.45000
v 3.20000 -0.00500 2.45000
v 3.20000 -0.00500 2.45000
v 3.20000 -0.00500 2.45000
v 3.20000 -0.00500 2.45000
v 3.20000 -0.00500 2.45000
v 3.20000 -0.00500 2.45000
v 3.20000 -0.00500 2.45000
v 3.20000 -0.00500 2.45000
v 3.20000 -0.00500 2.53000
v 3.24702 -0.00500 2.51472
v 3.27608 -0.00500 2.47472
v 3.27608 -0.00500 2.42528
v 3.24702 -0.00500 2.38528
v 3.20000 -0.00500 2.37000
v 3.15298 -0.00500 2.38528
v 3.12392 -0.00500 2.42528
v 3.12392 -0.00500 2.47472
v 3.15298 -0.00500 2.51472
v 3.20000 -0.00500 2.53000
vt 0.00000 0.00000
vt 0.10000 0.00000
vt 0.20000 0.00000
vt 0.30000 0.00000
vt 0.40000 0.00000
vt 0.50000 0.00000
vt 0.60000 0.00000
vt 0.70000 0.00000
vt 0.80000 0.00000
vt 0.90000 0.00000
vt 1.00000 0.00000
vt 0.00000 1.00000
vt 0.10000 1.00000
vt 0.20000 1.00000
vt 0.30000 1.00000
vt 0.40000 1.00000
vt 0.50000 1.00000
vt 0.60000 1.00000
vt 0.70000 1.00000
vt 0.80000 1.00000
vt 0.90000 1.00000
vt 1.00000 1.00000
vt 0.50000 0.50000
vt 0.50000 0.50000
vt 0.50000 0.50000
vt 0.50000 0.50000
vt 0.50000 0.50000
vt 0.50000 0.50000
vt 0.50000 0.50000
vt 0.50000 0.50000
vt 0.50000 0.50000
vt 0.50000 0.50000
vt 1.00000 0.50000
vt 0.90451 0.20611
vt 0.65451 0.02447
vt 0.34549 0.02447
vt 0.09549 0.20611
vt 0.00000 0.50000
vt 0.09549 0.79389
vt 0.34549 0.97553
vt 0.65451 0.97553
vt 0.90451 0.79389
vt 1.00000 0.50000
vt 0.50000 0.50000
vt 0.50000 0.50000
vt 0.50000 0.50000
vt 0.50000 0.50000
vt 0.50000 0.50000
vt 0.50000 0.50000
vt 0.50000 0.50000
vt 0.50000 0.50000
vt 0.50000 0.50000
vt 0.50000 0.50000
vt 1.00000 0.50000
vt 0.90451 0.79389
vt 0.65451 0.97553
vt 0.34549 0.97553
vt 0.09549 0.79389
vt 0.00000 0.50000
vt 0.09549 0.20611
vt 0.34549 0.02447
vt 0.65451 0.02447
vt 0.90451 0.20611
vt 1.00000 0.50000
f 3785/3785 3796/3796 3786/3786
f 3796/3796 3797/3797 3786/3786
f 3786/3786 3797/3797 3787/3787
f 3797/3797 3798/3798 3787/3787
f 3787/3787 3798/3798 3788/3788
f 3798/3798 3799/3799 3788/3788
f 3788/3788 3799/3799 3789/3789
f 3799/3799 3800/3800 3789/3789
f 3789/3789 3800/3800 3790/3790
f 3800/3800 3801/3801 3790/3790
f 3790/3790 3801/3801 3791/3791
f 3801/3801 3802/3802 3791/3791
f 3791/3791 3802/3802 3792/3792
f 3802/3802 3803/3803 3792/3792
f 3792/3792 3803/3803 3793/3793
f 3803/3803 3804/3804 3793/3793
f 3793/3793 3804/3804 3794/3794
f 3804/3804 3805/3805 3794/3794
f 3794/3794 3805/3805 3795/3795
f 3805/3805 3806/3806 3795/3795
f 3817/3817 3818/3818 3807/3807
f 3818/3818 3819/3819 3808/3808
f 3819/3819 3820/3820 3809/3809
f 3820/3820 3821/3821 3810/3810
f 3821/3821 3822/3822 3811/3811
f 3822/3822 3823/3823 3812/3812
f 3823/3823 3824/3824 3813/3813
f 3824/3824 3825/3825 3814/3814
f 3825/3825 3826/3826 3815/3815
f 3826/3826 3827/3827 3816/3816
f 3839/3839 3838/3838 3828/3828
f 3840/3840 3839/3839 3829/3829
f 3841/3841 3840/3840 3830/3830
f 3842/3842 3841/3841 3831/3831
f 3843/3843 3842/3842 3832/3832
f 3844/3844 3843/3843 3833/3833
f 3845/3845 3844/3844 3834/3834
f 3846/3846 3845/3845 3835/3835
f 3847/3847 3846/3846 3836/3836
f 3848/3848 3847/3847 3837/3837
usemtl hydrant_red
v -11.20000 0.85000 2.18000
v -11.15757 0.85000 2.16243
v -11.14000 0.85000 2.12000
v -11.15757 0.85000 2.07757
v -11.20000 0.85000 2.06000
v -11.24243 0.85000 2.07757
v -11.26000 0.85000 2.12000
v -11.24243 0.85000 2.16243
v -11.20000 0.85000 2.18000
v -11.20000 0.35000 2.19000
v -11.15050 0.35000 2.16950
v -11.13000 0.35000 2.12000
v -11.15050 0.35000 2.07050
v -11.20000 0.35000 2.05000
v -11.24950 0.35000 2.07050
v -11.27000 0.35000 2.12000
v -11.24950 0.35000 2.16950
v -11.20000 0.35000 2.19000
v -11.20000 0.85000 2.12000
v -11.20000 0.85000 2.12000
v -11.20000 0.85000 2.12000
v -11.20000 0.85000 2.12000
v -11.20000 0.85000 2.12000
v -11.20000 0.85000 2.12000
v -11.20000 0.85000 2.12000
v -11.20000 0.85000 2.12000
v -11.20000 0.85000 2.18000
v -11.15757 0.85000 2.16243
v -11.14000 0.85000 2.12000
v -11.15757 0.85000 2.07757
v -11.20000 0.85000 2.06000
v -11.24243 0.85000 2.07757
v -11.26000 0.85000 2.12000
v -11.24243 0.85000 2.16243
v -11.20000 0.85000 2.18000
v -11.20000 0.35000 2.12000
v -11.20000 0.35000 2.12000
v -11.20000 0.35000 2.12000
v -11.20000 0.35000 2.12000
v -11.20000 0.35000 2.12000
v -11.20000 0.35000 2.12000
v -11.20000 0.35000 2.12000
v -11.20000 0.35000 2.12000
v -11.20000 0.35000 2.19000
v -11.15050 0.35000 2.16950
v -11.13000 0.35000 2.12000
v -11.15050 0.35000 2.07050
v -11.20000 0.35000 2.05000
v -11.24950 0.35000 2.07050
v -11.27000 0.35000 2.12000
v -11.24950 0.35000 2.16950
v -11.20000 0.35000 2.19000
vt 0.00000 0.00000
vt 0.12500 0.00000
vt 0.25000 0.00000
vt 0.37500 0.00000
vt 0.50000 0.00000
vt 0.62500 0.00000
vt 0.75000 0.00000
vt 0.87500 0.00000
vt 1.00000 0.00000
vt 0.00000 1.00000
vt 0.12500 1.00000
vt 0.25000 1.00000
vt 0.37500 1.00000
vt 0.50000 1.00000
vt 0.62500 1.00000
vt 0.75000 1.00000
vt 0.87500 1.00000
vt 1.00000 1.00000
vt 0.50000 0.50000
vt 0.50000 0.50000
vt 0.50000 0.50000
vt 0.50000 0.50000
vt 0.50000 0.50000
vt 0.50000 0.50000
vt 0.50000 0.50000
vt 0.50000 0.50000
vt 1.00000 0.50000
vt 0.85355 0.14645
vt 0.50000 0.00000
vt 0.14645 0.14645
vt 0.00000 0.50000
vt 0.14645 0.85355
vt 0.50000 1.00000
vt 0.85355 0.85355
vt 1.00000 0.50000
vt 0.50000 0.50000
vt 0.50000 0.50000
vt 0.50000 0.50000
vt 0.50000 0.50000
vt 0.50000 0.50000
vt 0.50000 0.50000
vt 0.50000 0.50000
vt 0.50000 0.50000
vt 1.00000 0.50000
vt 0.85355 0.85355
vt 0.50000 1.00000
vt 0.14645 0.85355
vt 0.00000 0.50000
vt 0.14645 0.14645
vt 0.50000 0.00000
vt 0.85355 0.14645
vt 1.00000 0.50000
f 3849/3849 3858/3858 3850/3850
f 3858/3858 3859/3859 3850/3850
f 3850/3850 3859/3859 3851/3851
f 3859/3859 3860/3860 3851/3851
f 3851/3851 3860/3860 3852/3852
f 3860/3860 3861/3861 3852/3852
f 3852/3852 3861/3861 3853/3853
f 3861/3861 3862/3862 3853/3853
f 3853/3853 3862/3862 3854/3854
f 3862/3862 3863/3863 3854/3854
f 3854/3854 3863/3863 3855/3855
f 3863/3863 3864/3864 3855/3855
f 3855/3855 3864/3864 3856/3856
f 3864/3864 3865/3865 3856/3856
f 3856/3856 3865/3865 3857/3857
f 3865/3865 3866/3866 3857/3857
f 3875/3875 3876/3876 3867/3867
f 3876/3876 3877/3877 3868/3868
f 3877/3877 3878/3878 3869/3869
f 3878/3878 3879/3879 3870/3870
f 3879/3879 3880/3880 3871/3871
f 3880/3880 3881/3881 3872/3872
f 3881/3881 3882/3882 3873/3873
f 3882/3882 3883/3883 3874/3874
f 3893/3893 3892/3892 3884/3884
f 3894/3894 3893/3893 3885/3885
f 3895/3895 3894/3894 3886/3886
f 3896/3896 3895/3895 3887/3887
f 3897/3897 3896/3896 3888/3888
f 3898/3898 3897/3897 3889/3889
f 3899/3899 3898/3898 3890/3890
f 3900/3900 3899/3899 3891/3891
v -7.60000 0.85000 2.18000
v -7.55757 0.85000 2.16243
v -7.54000 0.85000 2.12000
v -7.55757 0.85000 2.07757
v -7.60000 0.85000 2.06000
v -7.64243 0.85000 2.07757
v -7.66000 0.85000 2.12000
v -7.64243 0.85000 2.16243
v -7.60000 0.85000 2.18000
v -7.60000 0.35000 2.19000
v -7.55050 0.35000 2.16950
v -7.53000 0.35000 2.12000
v -7.55050 0.35000 2.07050
v -7.60000 0.35000 2.05000
v -7.64950 0.35000 2.07050
v -7.67000 0.35000 2.12000
v -7.64950 0.35000 2.16950
v -7.60000 0.35000 2.19000
v -7.60000 0.85000 2.12000
v -7.60000 0.85000 2.12000
v -7.60000 0.85000 2.12000
v -7.60000 0.85000 2.12000
v -7.60000 0.85000 2.12000
v -7.60000 0.85000 2.12000
v -7.60000 0.85000 2.12000
v -7.60000 0.85000 2.12000
v -7.60000 0.85000 2.18000
v -7.55757 0.85000 2.16243
v -7.54000 0.85000 2.12000
v -7.55757 0.85000 2.07757
v -7.60000 0.85000 2.06000
v -7.64243 0.85000 2.07757
v -7.66000 0.85000 2.12000
v -7.64243 0.85000 2.16243
v -7.60000 0.85000 2.18000
v -7.60000 0.35000 2.12000
v -7.60000 0.35000 2.12000
v -7.60000 0.35000 2.12000
v -7.60000 0.35000 2.12000
v -7.60000 0.35000 2.12000
v -7.60000 0.35000 2.12000
v -7.60000 0.35000 2.12000
v -7.60000 0.35000 2.12000
v -7.60000 0.35000 2.19000
v -7.55050 0.35000 2.16950
v -7.53000 0.35000 2.12000
v -7.55050 0.35000 2.07050
v -7.60000 0.35000 2.05000
v -7.64950 0.35000 2.07050
v -7.67000 0.35000 2.12000
v -7.64950 0.35000 2.16950
v -7.60000 0.35000 2.19000
vt 0.00000 0.00000
vt 0.12500 0.00000
vt 0.25000 0.00000
vt 0.37500 0.00000
vt 0.50000 0.00000
vt 0.62500 0.00000
vt 0.75000 0.00000
vt 0.87500 0.00000
vt 1.00000 0.00000
vt 0.00000 1.00000
vt 0.12500 1.00000
vt 0.25000 1.00000
vt 0.37500 1.00000
vt 0.50000 1.00000
vt 0.62500 1.00000
vt 0.75000 1.00000
vt 0.87500 1.00000
vt 1.00000 1.00000
vt 0.50000 0.50000
vt 0.50000 0.50000
vt 0.50000 0.50000
vt 0.50000 0.50000
vt 0.50000 0.50000
vt 0.50000 0.50000
vt 0.50000 0.50000
vt 0.50000 0.50000
vt 1.00000 0.50000
vt 0.85355 0.14645
vt 0.50000 0.00000
vt 0.14645 0.14645
vt 0.00000 0.50000
vt 0.14645 0.85355
vt 0.50000 1.00000
vt 0.85355 0.85355
vt 1.00000 0.50000
vt 0.50000 0.50000
vt 0.50000 0.50000
vt 0.50000 0.50000
vt 0.50000 0.50000
vt 0.50000 0.50000
vt 0.50000 0.50000
vt 0.50000 0.50000
vt 0.50000 0.50000
vt 1.00000 0.50000
vt 0.85355 0.85355
vt 0.50000 1.00000
vt 0.14645 0.85355
vt 0.00000 0.50000
vt 0.14645 0.14645
vt 0.50000 0.00000
vt 0.85355 0.14645
vt 1.00000 0.50000
f 3901/3901 3910/3910 3902/3902
f 3910/3910 3911/3911 3902/3902
f 3902/3902 3911/3911 3903/3903
f 3911/3911 3912/3912 3903/3903
f 3903/3903 3912/3912 3904/3904
f 3912/3912 3913/3913 3904/3904
f 3904/3904 3913/3913 3905/3905
f 3913/3913 3914/3914 3905/3905
f 3905/3905 3914/3914 3906/3906
f 3914/3914 3915/3915 3906/3906
f 3906/3906 3915/3915 3907/3907
f 3915/3915 3916/3916 3907/3907
f 3907/3907 3916/3916 3908/3908
f 3916/3916 3917/3917 3908/3908
f 3908/3908 3917/3917 3909/3909
f 3917/3917 3918/3918 3909/3909
f 3927/3927 3928/3928 3919/3919
f 3928/3928 3929/3929 3920/3920
f 3929/3929 3930/3930 3921/3921
f 3930/3930 3931/3931 3922/3922
f 3931/3931 3932/3932 3923/3923
f 3932/3932 3933/3933 3924/3924
f 3933/3933 3934/3934 3925/3925
f 3934/3934 3935/3935 3926/3926
f 3945/3945 3944/3944 3936/3936
f 3946/3946 3945/3945 3937/3937
f 3947/3947 3946/3946 3938/3938
f 3948/3948 3947/3947 3939/3939
f 3949/3949 3948/3948 3940/3940
f 3950/3950 3949/3949 3941/3941
f 3951/3951 3950/3950 3942/3942
f 3952/3952 3951/3951 3943/3943
usemtl splitface_block
v 12.00000 0.90000 2.04000
v 12.00000 0.90000 1.98000
v 12.00000 0.00000 2.04000
v 12.00000 0.00000 1.98000
v 4.00000 0.90000 1.98000
v 4.00000 0.90000 2.04000
v 4.00000 0.00000 1.98000
v 4.00000 0.00000 2.04000
v 4.00000 0.90000 1.98000
v 12.00000 0.90000 1.98000
v 4.00000 0.90000 2.04000
v 12.00000 0.90000 2.04000
v 4.00000 0.00000 2.04000
v 12.00000 0.00000 2.04000
v 4.00000 0.00000 1.98000
v 12.00000 0.00000 1.98000
v 4.00000 0.90000 2.04000
v 12.00000 0.90000 2.04000
v 4.00000 0.00000 2.04000
v 12.00000 0.00000 2.04000
v 12.00000 0.90000 1.98000
v 4.00000 0.90000 1.98000
v 12.00000 0.00000 1.98000
v 4.00000 0.00000 1.98000
vt 0.00000 0.00000
vt 1.00000 0.00000
vt 0.00000 1.00000
vt 1.00000 1.00000
vt 0.00000 0.00000
vt 1.00000 0.00000
vt 0.00000 1.00000
vt 1.00000 1.00000
vt 0.00000 0.00000
vt 1.00000 0.00000
vt 0.00000 1.00000
vt 1.00000 1.00000
vt 0.00000 0.00000
vt 1.00000 0.00000
vt 0.00000 1.00000
vt 1.00000 1.00000
vt 0.00000 0.00000
vt 1.00000 0.00000
vt 0.00000 1.00000
vt 1.00000 1.00000
vt 0.00000 0.00000
vt 1.00000 0.00000
vt 0.00000 1.00000
vt 1.00000 1.00000
f 3953/3953 3955/3955 3954/3954
f 3955/3955 3956/3956 3954/3954
f 3957/3957 3959/3959 3958/3958
f 3959/3959 3960/3960 3958/3958
f 3961/3961 3963/3963 3962/3962
f 3963/3963 3964/3964 3962/3962
f 3965/3965 3967/3967 3966/3966
f 3967/3967 3968/3968 3966/3966
f 3969/3969 3971/3971 3970/3970
f 3971/3971 3972/3972 3970/3970
f 3973/3973 3975/3975 3974/3974
f 3975/3975 3976/3976 3974/3974
v -14.12500 0.24000 11.37500
v -14.12500 0.24000 11.02500
v -14.12500 0.00000 11.37500
v -14.12500 0.00000 11.02500
v -14.67500 0.24000 11.02500
v -14.67500 0.24000 11.37500
v -14.67500 0.00000 11.02500
v -14.67500 0.00000 11.37500
v -14.67500 0.24000 11.02500
v -14.12500 0.24000 11.02500
v -14.67500 0.24000 11.37500
v -14.12500 0.24000 11.37500
v -14.67500 0.00000 11.37500
v -14.12500 0.00000 11.37500
v -14.67500 0.00000 11.02500
v -14.12500 0.00000 11.02500
v -14.67500 0.24000 11.37500
v -14.12500 0.24000 11.37500
v -14.67500 0.00000 11.37500
v -14.12500 0.00000 11.37500
v -14.12500 0.24000 11.02500
v -14.67500 0.24000 11.02500
v -14.12500 0.00000 11.02500
v -14.67500 0.00000 11.02500
vt 0.00000 0.00000
vt 1.00000 0.00000
vt 0.00000 1.00000
vt 1.00000 1.00000
vt 0.00000 0.00000
vt 1.00000 0.00000
vt 0.00000 1.00000
vt 1.00000 1.00000
vt 0.00000 0.00000
vt 1.00000 0.00000
vt 0.00000 1.00000
vt 1.00000 1.00000
vt 0.00000 0.00000
vt 1.00000 0.00000
vt 0.00000 1.00000
vt 1.00000 1.00000
vt 0.00000 0.00000
vt 1.00000 0.00000
vt 0.00000 1.00000
vt 1.00000 1.00000
vt 0.00000 0.00000
vt 1.00000 0.00000
vt 0.00000 1.00000
vt 1.00000 1.00000
f 3977/3977 3979/3979 3978/3978
f 3979/3979 3980/3980 3978/3978
f 3981/3981 3983/3983 3982/3982
f 3983/3983 3984/3984 3982/3982
f 3985/3985 3987/3987 3986/3986
f 3987/3987 3988/3988 3986/3986
f 3989/3989 3991/3991 3990/3990
f 3991/3991 3992/3992 3990/3990
f 3993/3993 3995/3995 3994/3994
f 3995/3995 3996/3996 3994/3994
f 3997/3997 3999/3999 3998/3998
f 3999/3999 4000/4000 3998/3998
v -13.55500 0.24000 11.37500
v -13.55500 0.24000 11.02500
v -13.55500 0.00000 11.37500
v -13.55500 0.00000 11.02500
v -14.10500 0.24000 11.02500
v -14.10500 0.24000 11.37500
v -14.10500 0.00000 11.02500
v -14.10500 0.00000 11.37500
v -14.10500 0.24000 11.02500
v -13.55500 0.24000 11.02500
v -14.10500 0.24000 11.37500
v -13.55500 0.24000 11.37500
v -14.10500 0.00000 11.37500
v -13.55500 0.00000 11.37500
v -14.10500 0.00000 11.02500
v -13.55500 0.00000 11.02500
v -14.10500 0.24000 11.37500
v -13.55500 0.24000 11.37500
v -14.10500 0.00000 11.37500
v -13.55500 0.00000 11.37500
v -13.55500 0.24000 11.02500
v -14.10500 0.24000 11.02500
v -13.55500 0.00000 11.02500
v -14.10500 0.00000 11.02500
vt 0.00000 0.00000
vt 1.00000 0.00000
vt 0.00000 1.00000
vt 1.00000 1.00000
vt 0.00000 0.00000
vt 1.00000 0.00000
vt 0.00000 1.00000
vt 1.00000 1.00000
vt 0.00000 0.00000
vt 1.00000 0.00000
vt 0.00000 1.00000
vt 1.00000 1.00000
vt 0.00000 0.00000
vt 1.00000 0.00000
vt 0.00000 1.00000
vt 1.00000 1.00000
vt 0.00000 0.00000
vt 1.00000 0.00000
vt 0.00000 1.00000
vt 1.00000 1.00000
vt 0.00000 0.00000
vt 1.00000 0.00000
vt 0.00000 1.00000
vt 1.00000 1.00000
f 4001/4001 4003/4003 4002/4002
f 4003/4003 4004/4004 4002/4002
f 4005/4005 4007/4007 4006/4006
f 4007/4007 4008/4008 4006/4006
f 4009/4009 4011/4011 4010/4010
f 4011/4011 4012/4012 4010/4010
f 4013/4013 4015/4015 4014/4014
f 4015/4015 4016/4016 4014/4014
f 4017/4017 4019/4019 4018/4018
f 4019/4019 4020/4020 4018/4018
f 4021/4021 4023/4023 4022/4022
f 4023/4023 4024/4024 4022/4022
v -12.98500 0.24000 11.37500
v -12.98500 0.24000 11.02500
v -12.98500 0.00000 11.37500
v -12.98500 0.00000 11.02500
v -13.53500 0.24000 11.02500
v -13.53500 0.24000 11.37500
v -13.53500 0.00000 11.02500
v -13.53500 0.00000 11.37500
v -13.53500 0.24000 11.02500
v -12.98500 0.24000 11.02500
v -13.53500 0.24000 11.37500
v -12.98500 0.24000 11.37500
v -13.53500 0.00000 11.37500
v -12.98500 0.00000 11.37500
v -13.53500 0.00000 11.02500
v -12.98500 0.00000 11.02500
v -13.53500 0.24000 11.37500
v -12.98500 0.24000 11.37500
v -13.53500 0.00000 11.37500
v -12.98500 0.00000 11.37500
v -12.98500 0.24000 11.02500
v -13.53500 0.24000 11.02500
v -12.98500 0.00000 11.02500
v -13.53500 0.00000 11.02500
vt 0.00000 0.00000
vt 1.00000 0.00000
vt 0.00000 1.00000
vt 1.00000 1.00000
vt 0.00000 0.00000
vt 1.00000 0.00000
vt 0.00000 1.00000
vt 1.00000 1.00000
vt 0.00000 0.00000
vt 1.00000 0.00000
vt 0.00000 1.00000
vt 1.00000 1.00000
vt 0.00000 0.00000
vt 1.00000 0.00000
vt 0.00000 1.00000
vt 1.00000 1.00000
vt 0.00000 0.00000
vt 1.00000 0.00000
vt 0.00000 1.00000
vt 1.00000 1.00000
vt 0.00000 0.00000
vt 1.00000 0.00000
vt 0.00000 1.00000
vt 1.00000 1.00000
f 4025/4025 4027/4027 4026/4026
f 4027/4027 4028/4028 4026/4026
f 4029/4029 4031/4031 4030/4030
f 4031/4031 4032/4032 4030/4030
f 4033/4033 4035/4035 4034/4034
f 4035/4035 4036/4036 4034/4034
f 4037/4037 4039/4039 4038/4038
f 4039/4039 4040/4040 4038/4038
f 4041/4041 4043/4043 4042/4042
f 4043/4043 4044/4044 4042/4042
f 4045/4045 4047/4047 4046/4046
f 4047/4047 4048/4048 4046/4046
v -12.41500 0.24000 11.37500
v -12.41500 0.24000 11.02500
v -12.41500 0.00000 11.37500
v -12.41500 0.00000 11.02500
v -12.96500 0.24000 11.02500
v -12.96500 0.24000 11.37500
v -12.96500 0.00000 11.02500
v -12.96500 0.00000 11.37500
v -12.96500 0.24000 11.02500
v -12.41500 0.24000 11.02500
v -12.96500 0.24000 11.37500
v -12.41500 0.24000 11.37500
v -12.96500 0.00000 11.37500
v -12.41500 0.00000 11.37500
v -12.96500 0.00000 11.02500
v -12.41500 0.00000 11.02500
v -12.96500 0.24000 11.37500
v -12.41500 0.24000 11.37500
v -12.96500 0.00000 11.37500
v -12.41500 0.00000 11.37500
v -12.41500 0.24000 11.02500
v -12.96500 0.24000 11.02500
v -12.41500 0.00000 11.02500
v -12.96500 0.00000 11.02500
vt 0.00000 0.00000
vt 1.00000 0.00000
vt 0.00000 1.00000
vt 1.00000 1.00000
vt 0.00000 0.00000
vt 1.00000 0.00000
vt 0.00000 1.00000
vt 1.00000 1.00000
vt 0.00000 0.00000
vt 1.00000 0.00000
vt 0.00000 1.00000
vt 1.00000 1.00000
vt 0.00000 0.00000
vt 1.00000 0.00000
vt 0.00000 1.00000
vt 1.00000 1.00000
vt 0.00000 0.00000
vt 1.00000 0.00000
vt 0.00000 1.00000
vt 1.00000 1.00000
vt 0.00000 0.00000
vt 1.00000 0.00000
vt 0.00000 1.00000
vt 1.00000 1.00000
f 4049/4049 4051/4051 4050/4050
f 4051/4051 4052/4052 4050/4050
f 4053/4053 4055/4055 4054/4054
f 4055/4055 4056/4056 4054/4054
f 4057/4057 4059/4059 4058/4058
f 4059/4059 4060/4060 4058/4058
f 4061/4061 4063/4063 4062/4062
f 4063/4063 4064/4064 4062/4062
f 4065/4065 4067/4067 4066/4066
f 4067/4067 4068/4068 4066/4066
f 4069/4069 4071/4071 4070/4070
f 4071/4071 4072/4072 4070/4070
v -11.84500 0.24000 11.37500
v -11.84500 0.24000 11.02500
v -11.84500 0.00000 11.37500
v -11.84500 0.00000 11.02500
v -12.39500 0.24000 11.02500
v -12.39500 0.24000 11.37500
v -12.39500 0.00000 11.02500
v -12.39500 0.00000 11.37500
v -12.39500 0.24000 11.02500
v -11.84500 0.24000 11.02500
v -12.39500 0.24000 11.37500
v -11.84500 0.24000 11.37500
v -12.39500 0.00000 11.37500
v -11.84500 0.00000 11.37500
v -12.39500 0.00000 11.02500
v -11.84500 0.00000 11.02500
v -12.39500 0.24000 11.37500
v -11.84500 0.24000 11.37500
v -12.39500 0.00000 11.37500
v -11.84500 0.00000 11.37500
v -11.84500 0.24000 11.02500
v -12.39500 0.24000 11.02500
v -11.84500 0.00000 11.02500
v -12.39500 0.00000 11.02500
vt 0.00000 0.00000
vt 1.00000 0.00000
vt 0.00000 1.00000
vt 1.00000 1.00000
vt 0.00000 0.00000
vt 1.00000 0.00000
vt 0.00000 1.00000
vt 1.00000 1.00000
vt 0.00000 0.00000
vt 1.00000 0.00000
vt 0.00000 1.00000
vt 1.00000 1.00000
vt 0.00000 0.00000
vt 1.00000 0.00000
vt 0.00000 1.00000
vt 1.00000 1.00000
vt 0.00000 0.00000
vt 1.00000 0.00000
vt 0.00000 1.00000
vt 1.00000 1.00000
vt 0.00000 0.00000
vt 1.00000 0.00000
vt 0.00000 1.00000
vt 1.00000 1.00000
f 4073/4073 4075/4075 4074/4074
f 4075/4075 4076/4076 4074/4074
f 4077/4077 4079/4079 4078/4078
f 4079/4079 4080/4080 4078/4078
f 4081/4081 4083/4083 4082/4082
f 4083/4083 4084/4084 4082/4082
f 4085/4085 4087/4087 4086/4086
f 4087/4087 4088/4088 4086/4086
f 4089/4089 4091/4091 4090/4090
f 4091/4091 4092/4092 4090/4090
f 4093/4093 4095/4095 4094/4094
f 4095/4095 4096/4096 4094/4094
v -11.27500 0.24000 11.37500
v -11.27500 0.24000 11.02500
v -11.27500 0.00000 11.37500
v -11.27500 0.00000 11.02500
v -11.82500 0.24000 11.02500
v -11.82500 0.24000 11.37500
v -11.82500 0.00000 11.02500
v -11.82500 0.00000 11.37500
v -11.82500 0.24000 11.02500
v -11.27500 0.24000 11.02500
v -11.82500 0.24000 11.37500
v -11.27500 0.24000 11.37500
v -11.82500 0.00000 11.37500
v -11.27500 0.00000 11.37500
v -11.82500 0.00000 11.02500
v -11.27500 0.00000 11.02500
v -11.82500 0.24000 11.37500
v -11.27500 0.24000 11.37500
v -11.82500 0.00000 11.37500
v -11.27500 0.00000 11.37500
v -11.27500 0.24000 11.02500
v -11.82500 0.24000 11.02500
v -11.27500 0.00000 11.02500
v -11.82500 0.00000 11.02500
vt 0.00000 0.00000
vt 1.00000 0.00000
vt 0.00000 1.00000
vt 1.00000 1.00000
vt 0.00000 0.00000
vt 1.00000 0.00000
vt 0.00000 1.00000
vt 1.00000 1.00000
vt 0.00000 0.00000
vt 1.00000 0.00000
vt 0.00000 1.00000
vt 1.00000 1.00000
vt 0.00000 0.00000
vt 1.00000 0.00000
vt 0.00000 1.00000
vt 1.00000 1.00000
vt 0.00000 0.00000
vt 1.00000 0.00000
vt 0.00000 1.00000
vt 1.00000 1.00000
vt 0.00000 0.00000
vt 1.00000 0.00000
vt 0.00000 1.00000
vt 1.00000 1.00000
f 4097/4097 4099/4099 4098/4098
f 4099/4099 4100/4100 4098/4098
f 4101/4101 4103/4103 4102/4102
f 4103/4103 4104/4104 4102/4102
f 4105/4105 4107/4107 4106/4106
f 4107/4107 4108/4108 4106/4106
f 4109/4109 4111/4111 4110/4110
f 4111/4111 4112/4112 4110/4110
f 4113/4113 4115/4115 4114/4114
f 4115/4115 4116/4116 4114/4114
f 4117/4117 4119/4119 4118/4118
f 4119/4119 4120/4120 4118/4118
usemtl block_shadow
v 12.00000 0.31000 2.05500
v 12.00000 0.31000 2.03500
v 12.00000 0.29000 2.05500
v 12.00000 0.29000 2.03500
v 4.00000 0.31000 2.03500
v 4.00000 0.31000 2.05500
v 4.00000 0.29000 2.03500
v 4.00000 0.29000 2.05500
v 4.00000 0.31000 2.03500
v 12.00000 0.31000 2.03500
v 4.00000 0.31000 2.05500
v 12.00000 0.31000 2.05500
v 4.00000 0.29000 2.05500
v 12.00000 0.29000 2.05500
v 4.00000 0.29000 2.03500
v 12.00000 0.29000 2.03500
v 4.00000 0.31000 2.05500
v 12.00000 0.31000 2.05500
v 4.00000 0.29000 2.05500
v 12.00000 0.29000 2.05500
v 12.00000 0.31000 2.03500
v 4.00000 0.31000 2.03500
v 12.00000 0.29000 2.03500
v 4.00000 0.29000 2.03500
vt 0.00000 0.00000
vt 1.00000 0.00000
vt 0.00000 1.00000
vt 1.00000 1.00000
vt 0.00000 0.00000
vt 1.00000 0.00000
vt 0.00000 1.00000
vt 1.00000 1.00000
vt 0.00000 0.00000
vt 1.00000 0.00000
vt 0.00000 1.00000
vt 1.00000 1.00000
vt 0.00000 0.00000
vt 1.00000 0.00000
vt 0.00000 1.00000
vt 1.00000 1.00000
vt 0.00000 0.00000
vt 1.00000 0.00000
vt 0.00000 1.00000
vt 1.00000 1.00000
vt 0.00000 0.00000
vt 1.00000 0.00000
vt 0.00000 1.00000
vt 1.00000 1.00000
f 4121/4121 4123/4123 4122/4122
f 4123/4123 4124/4124 4122/4122
f 4125/4125 4127/4127 4126/4126
f 4127/4127 4128/4128 4126/4126
f 4129/4129 4131/4131 4130/4130
f 4131/4131 4132/4132 4130/4130
f 4133/4133 4135/4135 4134/4134
f 4135/4135 4136/4136 4134/4134
f 4137/4137 4139/4139 4138/4138
f 4139/4139 4140/4140 4138/4138
f 4141/4141 4143/4143 4142/4142
f 4143/4143 4144/4144 4142/4142
v 12.00000 0.61000 2.05500
v 12.00000 0.61000 2.03500
v 12.00000 0.59000 2.05500
v 12.00000 0.59000 2.03500
v 4.00000 0.61000 2.03500
v 4.00000 0.61000 2.05500
v 4.00000 0.59000 2.03500
v 4.00000 0.59000 2.05500
v 4.00000 0.61000 2.03500
v 12.00000 0.61000 2.03500
v 4.00000 0.61000 2.05500
v 12.00000 0.61000 2.05500
v 4.00000 0.59000 2.05500
v 12.00000 0.59000 2.05500
v 4.00000 0.59000 2.03500
v 12.00000 0.59000 2.03500
v 4.00000 0.61000 2.05500
v 12.00000 0.61000 2.05500
v 4.00000 0.59000 2.05500
v 12.00000 0.59000 2.05500
v 12.00000 0.61000 2.03500
v 4.00000 0.61000 2.03500
v 12.00000 0.59000 2.03500
v 4.00000 0.59000 2.03500
vt 0.00000 0.00000
vt 1.00000 0.00000
vt 0.00000 1.00000
vt 1.00000 1.00000
vt 0.00000 0.00000
vt 1.00000 0.00000
vt 0.00000 1.00000
vt 1.00000 1.00000
vt 0.00000 0.00000
vt 1.00000 0.00000
vt 0.00000 1.00000
vt 1.00000 1.00000
vt 0.00000 0.00000
vt 1.00000 0.00000
vt 0.00000 1.00000
vt 1.00000 1.00000
vt 0.00000 0.00000
vt 1.00000 0.00000
vt 0.00000 1.00000
vt 1.00000 1.00000
vt 0.00000 0.00000
vt 1.00000 0.00000
vt 0.00000 1.00000
vt 1.00000 1.00000
f 4145/4145 4147/4147 4146/4146
f 4147/4147 4148/4148 4146/4146
f 4149/4149 4151/4151 4150/4150
f 4151/4151 4152/4152 4150/4150
f 4153/4153 4155/4155 4154/4154
f 4155/4155 4156/4156 4154/4154
f 4157/4157 4159/4159 4158/4158
f 4159/4159 4160/4160 4158/4158
f 4161/4161 4163/4163 4162/4162
f 4163/4163 4164/4164 4162/4162
f 4165/4165 4167/4167 4166/4166
f 4167/4167 4168/4168 4166/4166
v -13.82500 0.48000 11.37500
v -13.82500 0.48000 11.02500
v -13.82500 0.24000 11.37500
v -13.82500 0.24000 11.02500
v -14.37500 0.48000 11.02500
v -14.37500 0.48000 11.37500
v -14.37500 0.24000 11.02500
v -14.37500 0.24000 11.37500
v -14.37500 0.48000 11.02500
v -13.82500 0.48000 11.02500
v -14.37500 0.48000 11.37500
v -13.82500 0.48000 11.37500
v -14.37500 0.24000 11.37500
v -13.82500 0.24000 11.37500
v -14.37500 0.24000 11.02500
v -13.82500 0.24000 11.02500
v -14.37500 0.48000 11.37500
v -13.82500 0.48000 11.37500
v -14.37500 0.24000 11.37500
v -13.82500 0.24000 11.37500
v -13.82500 0.48000 11.02500
v -14.37500 0.48000 11.02500
v -13.82500 0.24000 11.02500
v -14.37500 0.24000 11.02500
vt 0.00000 0.00000
vt 1.00000 0.00000
vt 0.00000 1.00000
vt 1.00000 1.00000
vt 0.00000 0.00000
vt 1.00000 0.00000
vt 0.00000 1.00000
vt 1.00000 1.00000
vt 0.00000 0.00000
vt 1.00000 0.00000
vt 0.00000 1.00000
vt 1.00000 1.00000
vt 0.00000 0.00000
vt 1.00000 0.00000
vt 0.00000 1.00000
vt 1.00000 1.00000
vt 0.00000 0.00000
vt 1.00000 0.00000
vt 0.00000 1.00000
vt 1.00000 1.00000
vt 0.00000 0.00000
vt 1.00000 0.00000
vt 0.00000 1.00000
vt 1.00000 1.00000
f 4169/4169 4171/4171 4170/4170
f 4171/4171 4172/4172 4170/4170
f 4173/4173 4175/4175 4174/4174
f 4175/4175 4176/4176 4174/4174
f 4177/4177 4179/4179 4178/4178
f 4179/4179 4180/4180 4178/4178
f 4181/4181 4183/4183 4182/4182
f 4183/4183 4184/4184 4182/4182
f 4185/4185 4187/4187 4186/4186
f 4187/4187 4188/4188 4186/4186
f 4189/4189 4191/4191 4190/4190
f 4191/4191 4192/4192 4190/4190
v -13.25500 0.48000 11.37500
v -13.25500 0.48000 11.02500
v -13.25500 0.24000 11.37500
v -13.25500 0.24000 11.02500
v -13.80500 0.48000 11.02500
v -13.80500 0.48000 11.37500
v -13.80500 0.24000 11.02500
v -13.80500 0.24000 11.37500
v -13.80500 0.48000 11.02500
v -13.25500 0.48000 11.02500
v -13.80500 0.48000 11.37500
v -13.25500 0.48000 11.37500
v -13.80500 0.24000 11.37500
v -13.25500 0.24000 11.37500
v -13.80500 0.24000 11.02500
v -13.25500 0.24000 11.02500
v -13.80500 0.48000 11.37500
v -13.25500 0.48000 11.37500
v -13.80500 0.24000 11.37500
v -13.25500 0.24000 11.37500
v -13.25500 0.48000 11.02500
v -13.80500 0.48000 11.02500
v -13.25500 0.24000 11.02500
v -13.80500 0.24000 11.02500
vt 0.00000 0.00000
vt 1.00000 0.00000
vt 0.00000 1.00000
vt 1.00000 1.00000
vt 0.00000 0.00000
vt 1.00000 0.00000
vt 0.00000 1.00000
vt 1.00000 1.00000
vt 0.00000 0.00000
vt 1.00000 0.00000
vt 0.00000 1.00000
vt 1.00000 1.00000
vt 0.00000 0.00000
vt 1.00000 0.00000
vt 0.00000 1.00000
vt 1.00000 1.00000
vt 0.00000 0.00000
vt 1.00000 0.00000
vt 0.00000 1.00000
vt 1.00000 1.00000
vt 0.00000 0.00000
vt 1.00000 0.00000
vt 0.00000 1.00000
vt 1.00000 1.00000
f 4193/4193 4195/4195 4194/4194
f 4195/4195 4196/4196 4194/4194
f 4197/4197 4199/4199 4198/4198
f 4199/4199 4200/4200 4198/4198
f 4201/4201 4203/4203 4202/4202
f 4203/4203 4204/4204 4202/4202
f 4205/4205 4207/4207 4206/4206
f 4207/4207 4208/4208 4206/4206
f 4209/4209 4211/4211 4210/4210
f 4211/4211 4212/4212 4210/4210
f 4213/4213 4215/4215 4214/4214
f 4215/4215 4216/4216 4214/4214
v -12.68500 0.48000 11.37500
v -12.68500 0.48000 11.02500
v -12.68500 0.24000 11.37500
v -12.68500 0.24000 11.02500
v -13.23500 0.48000 11.02500
v -13.23500 0.48000 11.37500
v -13.23500 0.24000 11.02500
v -13.23500 0.24000 11.37500
v -13.23500 0.48000 11.02500
v -12.68500 0.48000 11.02500
v -13.23500 0.48000 11.37500
v -12.68500 0.48000 11.37500
v -13.23500 0.24000 11.37500
v -12.68500 0.24000 11.37500
v -13.23500 0.24000 11.02500
v -12.68500 0.24000 11.02500
v -13.23500 0.48000 11.37500
v -12.68500 0.48000 11.37500
v -13.23500 0.24000 11.37500
v -12.68500 0.24000 11.37500
v -12.68500 0.48000 11.02500
v -13.23500 0.48000 11.02500
v -12.68500 0.24000 11.02500
v -13.23500 0.24000 11.02500
vt 0.00000 0.00000
vt 1.00000 0.00000
vt 0.00000 1.00000
vt 1.00000 1.00000
vt 0.00000 0.00000
vt 1.00000 0.00000
vt 0.00000 1.00000
vt 1.00000 1.00000
vt 0.00000 0.00000
vt 1.00000 0.00000
vt 0.00000 1.00000
vt 1.00000 1.00000
vt 0.00000 0.00000
vt 1.00000 0.00000
vt 0.00000 1.00000
vt 1.00000 1.00000
vt 0.00000 0.00000
vt 1.00000 0.00000
vt 0.00000 1.00000
vt 1.00000 1.00000
vt 0.00000 0.00000
vt 1.00000 0.00000
vt 0.00000 1.00000
vt 1.00000 1.00000
f 4217/4217 4219/4219 4218/4218
f 4219/4219 4220/4220 4218/4218
f 4221/4221 4223/4223 4222/4222
f 4223/4223 4224/4224 4222/4222
f 4225/4225 4227/4227 4226/4226
f 4227/4227 4228/4228 4226/4226
f 4229/4229 4231/4231 4230/4230
f 4231/4231 4232/4232 4230/4230
f 4233/4233 4235/4235 4234/4234
f 4235/4235 4236/4236 4234/4234
f 4237/4237 4239/4239 4238/4238
f 4239/4239 4240/4240 4238/4238
v -12.11500 0.48000 11.37500
v -12.11500 0.48000 11.02500
v -12.11500 0.24000 11.37500
v -12.11500 0.24000 11.02500
v -12.66500 0.48000 11.02500
v -12.66500 0.48000 11.37500
v -12.66500 0.24000 11.02500
v -12.66500 0.24000 11.37500
v -12.66500 0.48000 11.02500
v -12.11500 0.48000 11.02500
v -12.66500 0.48000 11.37500
v -12.11500 0.48000 11.37500
v -12.66500 0.24000 11.37500
v -12.11500 0.24000 11.37500
v -12.66500 0.24000 11.02500
v -12.11500 0.24000 11.02500
v -12.66500 0.48000 11.37500
v -12.11500 0.48000 11.37500
v -12.66500 0.24000 11.37500
v -12.11500 0.24000 11.37500
v -12.11500 0.48000 11.02500
v -12.66500 0.48000 11.02500
v -12.11500 0.24000 11.02500
v -12.66500 0.24000 11.02500
vt 0.00000 0.00000
vt 1.00000 0.00000
vt 0.00000 1.00000
vt 1.00000 1.00000
vt 0.00000 0.00000
vt 1.00000 0.00000
vt 0.00000 1.00000
vt 1.00000 1.00000
vt 0.00000 0.00000
vt 1.00000 0.00000
vt 0.00000 1.00000
vt 1.00000 1.00000
vt 0.00000 0.00000
vt 1.00000 0.00000
vt 0.00000 1.00000
vt 1.00000 1.00000
vt 0.00000 0.00000
vt 1.00000 0.00000
vt 0.00000 1.00000
vt 1.00000 1.00000
vt 0.00000 0.00000
vt 1.00000 0.00000
vt 0.00000 1.00000
vt 1.00000 1.00000
f 4241/4241 4243/4243 4242/4242
f 4243/4243 4244/4244 4242/4242
f 4245/4245 4247/4247 4246/4246
f 4247/4247 4248/4248 4246/4246
f 4249/4249 4251/4251 4250/4250
f 4251/4251 4252/4252 4250/4250
f 4253/4253 4255/4255 4254/4254
f 4255/4255 4256/4256 4254/4254
f 4257/4257 4259/4259 4258/4258
f 4259/4259 4260/4260 4258/4258
f 4261/4261 4263/4263 4262/4262
f 4263/4263 4264/4264 4262/4262
usemtl entry_glass_frame
v 6.08000 2.20000 2.04000
v 6.08000 2.20000 1.96000
v 6.08000 -0.00000 2.04000
v 6.08000 -0.00000 1.96000
v 6.02000 2.20000 1.96000
v 6.02000 2.20000 2.04000
v 6.02000 -0.00000 1.96000
v 6.02000 -0.00000 2.04000
v 6.02000 2.20000 1.96000
v 6.08000 2.20000 1.96000
v 6.02000 2.20000 2.04000
v 6.08000 2.20000 2.04000
v 6.02000 -0.00000 2.04000
v 6.08000 -0.00000 2.04000
v 6.02000 -0.00000 1.96000
v 6.08000 -0.00000 1.96000
v 6.02000 2.20000 2.04000
v 6.08000 2.20000 2.04000
v 6.02000 -0.00000 2.04000
v 6.08000 -0.00000 2.04000
v 6.08000 2.20000 1.96000
v 6.02000 2.20000 1.96000
v 6.08000 -0.00000 1.96000
v 6.02000 -0.00000 1.96000
vt 0.00000 0.00000
vt 1.00000 0.00000
vt 0.00000 1.00000
vt 1.00000 1.00000
vt 0.00000 0.00000
vt 1.00000 0.00000
vt 0.00000 1.00000
vt 1.00000 1.00000
vt 0.00000 0.00000
vt 1.00000 0.00000
vt 0.00000 1.00000
vt 1.00000 1.00000
vt 0.00000 0.00000
vt 1.00000 0.00000
vt 0.00000 1.00000
vt 1.00000 1.00000
vt 0.00000 0.00000
vt 1.00000 0.00000
vt 0.00000 1.00000
vt 1.00000 1.00000
vt 0.00000 0.00000
vt 1.00000 0.00000
vt 0.00000 1.00000
vt 1.00000 1.00000
f 4265/4265 4267/4267 4266/4266
f 4267/4267 4268/4268 4266/4266
f 4269/4269 4271/4271 4270/4270
f 4271/4271 4272/4272 4270/4270
f 4273/4273 4275/4275 4274/4274
f 4275/4275 4276/4276 4274/4274
f 4277/4277 4279/4279 4278/4278
f 4279/4279 4280/4280 4278/4278
f 4281/4281 4283/4283 4282/4282
f 4283/4283 4284/4284 4282/4282
f 4285/4285 4287/4287 4286/4286
f 4287/4287 4288/4288 4286/4286
v 6.63000 2.20000 2.04000
v 6.63000 2.20000 1.96000
v 6.63000 -0.00000 2.04000
v 6.63000 -0.00000 1.96000
v 6.57000 2.20000 1.96000
v 6.57000 2.20000 2.04000
v 6.57000 -0.00000 1.96000
v 6.57000 -0.00000 2.04000
v 6.57000 2.20000 1.96000
v 6.63000 2.20000 1.96000
v 6.57000 2.20000 2.04000
v 6.63000 2.20000 2.04000
v 6.57000 -0.00000 2.04000
v 6.63000 -0.00000 2.04000
v 6.57000 -0.00000 1.96000
v 6.63000 -0.00000 1.96000
v 6.57000 2.20000 2.04000
v 6.63000 2.20000 2.04000
v 6.57000 -0.00000 2.04000
v 6.63000 -0.00000 2.04000
v 6.63000 2.20000 1.96000
v 6.57000 2.20000 1.96000
v 6.63000 -0.00000 1.96000
v 6.57000 -0.00000 1.96000
vt 0.00000 0.00000
vt 1.00000 0.00000
vt 0.00000 1.00000
vt 1.00000 1.00000
vt 0.00000 0.00000
vt 1.00000 0.00000
vt 0.00000 1.00000
vt 1.00000 1.00000
vt 0.00000 0.00000
vt 1.00000 0.00000
vt 0.00000 1.00000
vt 1.00000 1.00000
vt 0.00000 0.00000
vt 1.00000 0.00000
vt 0.00000 1.00000
vt 1.00000 1.00000
vt 0.00000 0.00000
vt 1.00000 0.00000
vt 0.00000 1.00000
vt 1.00000 1.00000
vt 0.00000 0.00000
vt 1.00000 0.00000
vt 0.00000 1.00000
vt 1.00000 1.00000
f 4289/4289 4291/4291 4290/4290
f 4291/4291 4292/4292 4290/4290
f 4293/4293 4295/4295 4294/4294
f 4295/4295 4296/4296 4294/4294
f 4297/4297 4299/4299 4298/4298
f 4299/4299 4300/4300 4298/4298
f 4301/4301 4303/4303 4302/4302
f 4303/4303 4304/4304 4302/4302
f 4305/4305 4307/4307 4306/4306
f 4307/4307 4308/4308 4306/4306
f 4309/4309 4311/4311 4310/4310
f 4311/4311 4312/4312 4310/4310
v 7.18000 2.20000 2.04000
v 7.18000 2.20000 1.96000
v 7.18000 -0.00000 2.04000
v 7.18000 -0.00000 1.96000
v 7.12000 2.20000 1.96000
v 7.12000 2.20000 2.04000
v 7.12000 -0.00000 1.96000
v 7.12000 -0.00000 2.04000
v 7.12000 2.20000 1.96000
v 7.18000 2.20000 1.96000
v 7.12000 2.20000 2.04000
v 7.18000 2.20000 2.04000
v 7.12000 -0.00000 2.04000
v 7.18000 -0.00000 2.04000
v 7.12000 -0.00000 1.96000
v 7.18000 -0.00000 1.96000
v 7.12000 2.20000 2.04000
v 7.18000 2.20000 2.04000
v 7.12000 -0.00000 2.04000
v 7.18000 -0.00000 2.04000
v 7.18000 2.20000 1.96000
v 7.12000 2.20000 1.96000
v 7.18000 -0.00000 1.96000
v 7.12000 -0.00000 1.96000
vt 0.00000 0.00000
vt 1.00000 0.00000
vt 0.00000 1.00000
vt 1.00000 1.00000
vt 0.00000 0.00000
vt 1.00000 0.00000
vt 0.00000 1.00000
vt 1.00000 1.00000
vt 0.00000 0.00000
vt 1.00000 0.00000
vt 0.00000 1.00000
vt 1.00000 1.00000
vt 0.00000 0.00000
vt 1.00000 0.00000
vt 0.00000 1.00000
vt 1.00000 1.00000
vt 0.00000 0.00000
vt 1.00000 0.00000
vt 0.00000 1.00000
vt 1.00000 1.00000
vt 0.00000 0.00000
vt 1.00000 0.00000
vt 0.00000 1.00000
vt 1.00000 1.00000
f 4313/4313 4315/4315 4314/4314
f 4315/4315 4316/4316 4314/4314
f 4317/4317 4319/4319 4318/4318
f 4319/4319 4320/4320 4318/4318
f 4321/4321 4323/4323 4322/4322
f 4323/4323 4324/4324 4322/4322
f 4325/4325 4327/4327 4326/4326
f 4327/4327 4328/4328 4326/4326
f 4329/4329 4331/4331 4330/4330
f 4331/4331 4332/4332 4330/4330
f 4333/4333 4335/4335 4334/4334
f 4335/4335 4336/4336 4334/4334
usemtl flagpole_metal
v -4.36500 7.40000 5.43500
v -4.36500 7.40000 5.36500
v -4.36500 -0.00000 5.43500
v -4.36500 -0.00000 5.36500
v -4.43500 7.40000 5.36500
v -4.43500 7.40000 5.43500
v -4.43500 -0.00000 5.36500
v -4.43500 -0.00000 5.43500
v -4.43500 7.40000 5.36500
v -4.36500 7.40000 5.36500
v -4.43500 7.40000 5.43500
v -4.36500 7.40000 5.43500
v -4.43500 -0.00000 5.43500
v -4.36500 -0.00000 5.43500
v -4.43500 -0.00000 5.36500
v -4.36500 -0.00000 5.36500
v -4.43500 7.40000 5.43500
v -4.36500 7.40000 5.43500
v -4.43500 -0.00000 5.43500
v -4.36500 -0.00000 5.43500
v -4.36500 7.40000 5.36500
v -4.43500 7.40000 5.36500
v -4.36500 -0.00000 5.36500
v -4.43500 -0.00000 5.36500
vt 0.00000 0.00000
vt 1.00000 0.00000
vt 0.00000 1.00000
vt 1.00000 1.00000
vt 0.00000 0.00000
vt 1.00000 0.00000
vt 0.00000 1.00000
vt 1.00000 1.00000
vt 0.00000 0.00000
vt 1.00000 0.00000
vt 0.00000 1.00000
vt 1.00000 1.00000
vt 0.00000 0.00000
vt 1.00000 0.00000
vt 0.00000 1.00000
vt 1.00000 1.00000
vt 0.00000 0.00000
vt 1.00000 0.00000
vt 0.00000 1.00000
vt 1.00000 1.00000
vt 0.00000 0.00000
vt 1.00000 0.00000
vt 0.00000 1.00000
vt 1.00000 1.00000
f 4337/4337 4339/4339 4338/4338
f 4339/4339 4340/4340 4338/4338
f 4341/4341 4343/4343 4342/4342
f 4343/4343 4344/4344 4342/4342
f 4345/4345 4347/4347 4346/4346
f 4347/4347 4348/4348 4346/4346
f 4349/4349 4351/4351 4350/4350
f 4351/4351 4352/4352 4350/4350
f 4353/4353 4355/4355 4354/4354
f 4355/4355 4356/4356 4354/4354
f 4357/4357 4359/4359 4358/4358
f 4359/4359 4360/4360 4358/4358
v -4.40000 7.50000 5.40000
v -4.40000 7.50000 5.40000
v -4.40000 7.50000 5.40000
v -4.40000 7.50000 5.40000
v -4.40000 7.50000 5.40000
v -4.40000 7.50000 5.40000
v -4.40000 7.50000 5.40000
v -4.40000 7.50000 5.40000
v -4.40000 7.50000 5.40000
v -4.40000 7.50000 5.40000
v -4.40000 7.50000 5.40000
v -4.41913 7.49619 5.40000
v -4.41548 7.49619 5.41125
v -4.40591 7.49619 5.41820
v -4.39409 7.49619 5.41820
v -4.38452 7.49619 5.41125
v -4.38087 7.49619 5.40000
v -4.38452 7.49619 5.38875
v -4.39409 7.49619 5.38180
v -4.40591 7.49619 5.38180
v -4.41548 7.49619 5.38875
v -4.41913 7.49619 5.40000
v -4.43536 7.48536 5.40000
v -4.42860 7.48536 5.42078
v -4.41093 7.48536 5.43362
v -4.38907 7.48536 5.43362
v -4.37140 7.48536 5.42078
v -4.36464 7.48536 5.40000
v -4.37140 7.48536 5.37922
v -4.38907 7.48536 5.36638
v -4.41093 7.48536 5.36638
v -4.42860 7.48536 5.37922
v -4.43536 7.48536 5.40000
v -4.44619 7.46913 5.40000
v -4.43737 7.46913 5.42715
v -4.41427 7.46913 5.44393
v -4.38573 7.46913 5.44393
v -4.36263 7.46913 5.42715
v -4.35381 7.46913 5.40000
v -4.36263 7.46913 5.37285
v -4.38573 7.46913 5.35607
v -4.41427 7.46913 5.35607
v -4.43737 7.46913 5.37285
v -4.44619 7.46913 5.40000
v -4.45000 7.45000 5.40000
v -4.44045 7.45000 5.42939
v -4.41545 7.45000 5.44755
v -4.38455 7.45000 5.44755
v -4.35955 7.45000 5.42939
v -4.35000 7.45000 5.40000
v -4.35955 7.45000 5.37061
v -4.38455 7.45000 5.35245
v -4.41545 7.45000 5.35245
v -4.44045 7.45000 5.37061
v -4.45000 7.45000 5.40000
v -4.44619 7.43087 5.40000
v -4.43737 7.43087 5.42715
v -4.41427 7.43087 5.44393
v -4.38573 7.43087 5.44393
v -4.36263 7.43087 5.42715
v -4.35381 7.43087 5.40000
v -4.36263 7.43087 5.37285
v -4.38573 7.43087 5.35607
v -4.41427 7.43087 5.35607
v -4.43737 7.43087 5.37285
v -4.44619 7.43087 5.40000
v -4.43536 7.41464 5.40000
v -4.42860 7.41464 5.42078
v -4.41093 7.41464 5.43362
v -4.38907 7.41464 5.43362
v -4.37140 7.41464 5.42078
v -4.36464 7.41464 5.40000
v -4.37140 7.41464 5.37922
v -4.38907 7.41464 5.36638
v -4.41093 7.41464 5.36638
v -4.42860 7.41464 5.37922
v -4.43536 7.41464 5.40000
v -4.41913 7.40381 5.40000
v -4.41548 7.40381 5.41125
v -4.40591 7.40381 5.41820
v -4.39409 7.40381 5.41820
v -4.38452 7.40381 5.41125
v -4.38087 7.40381 5.40000
v -4.38452 7.40381 5.38875
v -4.39409 7.40381 5.38180
v -4.40591 7.40381 5.38180
v -4.41548 7.40381 5.38875
v -4.41913 7.40381 5.40000
v -4.40000 7.40000 5.40000
v -4.40000 7.40000 5.40000
v -4.40000 7.40000 5.40000
v -4.40000 7.40000 5.40000
v -4.40000 7.40000 5.40000
v -4.40000 7.40000 5.40000
v -4.40000 7.40000 5.40000
v -4.40000 7.40000 5.40000
v -4.40000 7.40000 5.40000
v -4.40000 7.40000 5.40000
v -4.40000 7.40000 5.40000
vt 0.05000 0.00000
vt 0.15000 0.00000
vt 0.25000 0.00000
vt 0.35000 0.00000
vt 0.45000 0.00000
vt 0.55000 0.00000
vt 0.65000 0.00000
vt 0.75000 0.00000
vt 0.85000 0.00000
vt 0.95000 0.00000
vt 1.05000 0.00000
vt 0.00000 0.12500
vt 0.10000 0.12500
vt 0.20000 0.12500
vt 0.30000 0.12500
vt 0.40000 0.12500
vt 0.50000 0.12500
vt 0.60000 0.12500
vt 0.70000 0.12500
vt 0.80000 0.12500
vt 0.90000 0.12500
vt 1.00000 0.12500
vt 0.00000 0.25000
vt 0.10000 0.25000
vt 0.20000 0.25000
vt 0.30000 0.25000
vt 0.40000 0.25000
vt 0.50000 0.25000
vt 0.60000 0.25000
vt 0.70000 0.25000
vt 0.80000 0.25000
vt 0.90000 0.25000
vt 1.00000 0.25000
vt 0.00000 0.37500
vt 0.10000 0.37500
vt 0.20000 0.37500
vt 0.30000 0.37500
vt 0.40000 0.37500
vt 0.50000 0.37500
vt 0.60000 0.37500
vt 0.70000 0.37500
vt 0.80000 0.37500
vt 0.90000 0.37500
vt 1.00000 0.37500
vt 0.00000 0.50000
vt 0.10000 0.50000
vt 0.20000 0.50000
vt 0.30000 0.50000
vt 0.40000 0.50000
vt 0.50000 0.50000
vt 0.60000 0.50000
vt 0.70000 0.50000
vt 0.80000 0.50000
vt 0.90000 0.50000
vt 1.00000 0.50000
vt 0.00000 0.62500
vt 0.10000 0.62500
vt 0.20000 0.62500
vt 0.30000 0.62500
vt 0.40000 0.62500
vt 0.50000 0.62500
vt 0.60000 0.62500
vt 0.70000 0.62500
vt 0.80000 0.62500
vt 0.90000 0.62500
vt 1.00000 0.62500
vt 0.00000 0.75000
vt 0.10000 0.75000
vt 0.20000 0.75000
vt 0.30000 0.75000
vt 0.40000 0.75000
vt 0.50000 0.75000
vt 0.60000 0.75000
vt 0.70000 0.75000
vt 0.80000 0.75000
vt 0.90000 0.75000
vt 1.00000 0.75000
vt 0.00000 0.87500
vt 0.10000 0.87500
vt 0.20000 0.87500
vt 0.30000 0.87500
vt 0.40000 0.87500
vt 0.50000 0.87500
vt 0.60000 0.87500
vt 0.70000 0.87500
vt 0.80000 0.87500
vt 0.90000 0.87500
vt 1.00000 0.87500
vt -0.05000 1.00000
vt 0.05000 1.00000
vt 0.15000 1.00000
vt 0.25000 1.00000
vt 0.35000 1.00000
vt 0.45000 1.00000
vt 0.55000 1.00000
vt 0.65000 1.00000
vt 0.75000 1.00000
vt 0.85000 1.00000
vt 0.95000 1.00000
f 4361/4361 4372/4372 4373/4373
f 4362/4362 4373/4373 4374/4374
f 4363/4363 4374/4374 4375/4375
f 4364/4364 4375/4375 4376/4376
f 4365/4365 4376/4376 4377/4377
f 4366/4366 4377/4377 4378/4378
f 4367/4367 4378/4378 4379/4379
f 4368/4368 4379/4379 4380/4380
f 4369/4369 4380/4380 4381/4381
f 4370/4370 4381/4381 4382/4382
f 4373/4373 4372/4372 4384/4384
f 4372/4372 4383/4383 4384/4384
f 4374/4374 4373/4373 4385/4385
f 4373/4373 4384/4384 4385/4385
f 4375/4375 4374/4374 4386/4386
f 4374/4374 4385/4385 4386/4386
f 4376/4376 4375/4375 4387/4387
f 4375/4375 4386/4386 4387/4387
f 4377/4377 4376/4376 4388/4388
f 4376/4376 4387/4387 4388/4388
f 4378/4378 4377/4377 4389/4389
f 4377/4377 4388/4388 4389/4389
f 4379/4379 4378/4378 4390/4390
f 4378/4378 4389/4389 4390/4390
f 4380/4380 4379/4379 4391/4391
f 4379/4379 4390/4390 4391/4391
f 4381/4381 4380/4380 4392/4392
f 4380/4380 4391/4391 4392/4392
f 4382/4382 4381/4381 4393/4393
f 4381/4381 4392/4392 4393/4393
f 4384/4384 4383/4383 4395/4395
f 4383/4383 4394/4394 4395/4395
f 4385/4385 4384/4384 4396/4396
f 4384/4384 4395/4395 4396/4396
f 4386/4386 4385/4385 4397/4397
f 4385/4385 4396/4396 4397/4397
f 4387/4387 4386/4386 4398/4398
f 4386/4386 4397/4397 4398/4398
f 4388/4388 4387/4387 4399/4399
f 4387/4387 4398/4398 4399/4399
f 4389/4389 4388/4388 4400/4400
f 4388/4388 4399/4399 4400/4400
f 4390/4390 4389/4389 4401/4401
f 4389/4389 4400/4400 4401/4401
f 4391/4391 4390/4390 4402/4402
f 4390/4390 4401/4401 4402/4402
f 4392/4392 4391/4391 4403/4403
f 4391/4391 4402/4402 4403/4403
f 4393/4393 4392/4392 4404/4404
f 4392/4392 4403/4403 4404/4404
f 4395/4395 4394/4394 4406/4406
f 4394/4394 4405/4405 4406/4406
f 4396/4396 4395/4395 4407/4407
f 4395/4395 4406/4406 4407/4407
f 4397/4397 4396/4396 4408/4408
f 4396/4396 4407/4407 4408/4408
f 4398/4398 4397/4397 4409/4409
f 4397/4397 4408/4408 4409/4409
f 4399/4399 4398/4398 4410/4410
f 4398/4398 4409/4409 4410/4410
f 4400/4400 4399/4399 4411/4411
f 4399/4399 4410/4410 4411/4411
f 4401/4401 4400/4400 4412/4412
f 4400/4400 4411/4411 4412/4412
f 4402/4402 4401/4401 4413/4413
f 4401/4401 4412/4412 4413/4413
f 4403/4403 4402/4402 4414/4414
f 4402/4402 4413/4413 4414/4414
f 4404/4404 4403/4403 4415/4415
f 4403/4403 4414/4414 4415/4415
f 4406/4406 4405/4405 4417/4417
f 4405/4405 4416/4416 4417/4417
f 4407/4407 4406/4406 4418/4418
f 4406/4406 4417/4417 4418/4418
f 4408/4408 4407/4407 4419/4419
f 4407/4407 4418/4418 4419/4419
f 4409/4409 4408/4408 4420/4420
f 4408/4408 4419/4419 4420/4420
f 4410/4410 4409/4409 4421/4421
f 4409/4409 4420/4420 4421/4421
f 4411/4411 4410/4410 4422/4422
f 4410/4410 4421/4421 4422/4422
f 4412/4412 4411/4411 4423/4423
f 4411/4411 4422/4422 4423/4423
f 4413/4413 4412/4412 4424/4424
f 4412/4412 4423/4423 4424/4424
f 4414/4414 4413/4413 4425/4425
f 4413/4413 4424/4424 4425/4425
f 4415/4415 4414/4414 4426/4426
f 4414/4414 4425/4425 4426/4426
f 4417/4417 4416/4416 4428/4428
f 4416/4416 4427/4427 4428/4428
f 4418/4418 4417/4417 4429/4429
f 4417/4417 4428/4428 4429/4429
f 4419/4419 4418/4418 4430/4430
f 4418/4418 4429/4429 4430/4430
f 4420/4420 4419/4419 4431/4431
f 4419/4419 4430/4430 4431/4431
f 4421/4421 4420/4420 4432/4432
f 4420/4420 4431/4431 4432/4432
f 4422/4422 4421/4421 4433/4433
f 4421/4421 4432/4432 4433/4433
f 4423/4423 4422/4422 4434/4434
f 4422/4422 4433/4433 4434/4434
f 4424/4424 4423/4423 4435/4435
f 4423/4423 4434/4434 4435/4435
f 4425/4425 4424/4424 4436/4436
f 4424/4424 4435/4435 4436/4436
f 4426/4426 4425/4425 4437/4437
f 4425/4425 4436/4436 4437/4437
f 4428/4428 4427/4427 4439/4439
f 4427/4427 4438/4438 4439/4439
f 4429/4429 4428/4428 4440/4440
f 4428/4428 4439/4439 4440/4440
f 4430/4430 4429/4429 4441/4441
f 4429/4429 4440/4440 4441/4441
f 4431/4431 4430/4430 4442/4442
f 4430/4430 4441/4441 4442/4442
f 4432/4432 4431/4431 4443/4443
f 4431/4431 4442/4442 4443/4443
f 4433/4433 4432/4432 4444/4444
f 4432/4432 4443/4443 4444/4444
f 4434/4434 4433/4433 4445/4445
f 4433/4433 4444/4444 4445/4445
f 4435/4435 4434/4434 4446/4446
f 4434/4434 4445/4445 4446/4446
f 4436/4436 4435/4435 4447/4447
f 4435/4435 4446/4446 4447/4447
f 4437/4437 4436/4436 4448/4448
f 4436/4436 4447/4447 4448/4448
f 4439/4439 4438/4438 4450/4450
f 4440/4440 4439/4439 4451/4451
f 4441/4441 4440/4440 4452/4452
f 4442/4442 4441/4441 4453/4453
f 4443/4443 4442/4442 4454/4454
f 4444/4444 4443/4443 4455/4455
f 4445/4445 4444/4444 4456/4456
f 4446/4446 4445/4445 4457/4457
f 4447/4447 4446/4446 4458/4458
f 4448/4448 4447/4447 4459/4459
usemtl flag_red
v -3.15000 7.23000 5.28313
v -3.15000 7.23000 5.27313
v -3.15000 7.13571 5.28313
v -3.15000 7.13571 5.27313
v -3.90000 7.23000 5.41561
v -3.90000 7.23000 5.42561
v -3.90000 7.13571 5.41561
v -3.90000 7.13571 5.42561
v -3.90000 7.23000 5.41561
v -3.80625 7.23000 5.42125
v -3.71250 7.23000 5.42924
v -3.61875 7.23000 5.43340
v -3.52500 7.23000 5.42519
v -3.43125 7.23000 5.39894
v -3.33750 7.23000 5.35666
v -3.24375 7.23000 5.30931
v -3.15000 7.23000 5.27313
v -3.90000 7.23000 5.42561
v -3.80625 7.23000 5.43125
v -3.71250 7.23000 5.43924
v -3.61875 7.23000 5.44340
v -3.52500 7.23000 5.43519
v -3.43125 7.23000 5.40894
v -3.33750 7.23000 5.36666
v -3.24375 7.23000 5.31931
v -3.15000 7.23000 5.28313
v -3.90000 7.13571 5.42561
v -3.80625 7.13571 5.43125
v -3.71250 7.13571 5.43924
v -3.61875 7.13571 5.44340
v -3.52500 7.13571 5.43519
v -3.43125 7.13571 5.40894
v -3.33750 7.13571 5.36666
v -3.24375 7.13571 5.31931
v -3.15000 7.13571 5.28313
v -3.90000 7.13571 5.41561
v -3.80625 7.13571 5.42125
v -3.71250 7.13571 5.42924
v -3.61875 7.13571 5.43340
v -3.52500 7.13571 5.42519
v -3.43125 7.13571 5.39894
v -3.33750 7.13571 5.35666
v -3.24375 7.13571 5.30931
v -3.15000 7.13571 5.27313
v -3.90000 7.23000 5.42561
v -3.80625 7.23000 5.43125
v -3.71250 7.23000 5.43924
v -3.61875 7.23000 5.44340
v -3.52500 7.23000 5.43519
v -3.43125 7.23000 5.40894
v -3.33750 7.23000 5.36666
v -3.24375 7.23000 5.31931
v -3.15000 7.23000 5.28313
v -3.90000 7.13571 5.42561
v -3.80625 7.13571 5.43125
v -3.71250 7.13571 5.43924
v -3.61875 7.13571 5.44340
v -3.52500 7.13571 5.43519
v -3.43125 7.13571 5.40894
v -3.33750 7.13571 5.36666
v -3.24375 7.13571 5.31931
v -3.15000 7.13571 5.28313
v -3.15000 7.23000 5.27313
v -3.24375 7.23000 5.30931
v -3.33750 7.23000 5.35666
v -3.43125 7.23000 5.39894
v -3.52500 7.23000 5.42519
v -3.61875 7.23000 5.43340
v -3.71250 7.23000 5.42924
v -3.80625 7.23000 5.42125
v -3.90000 7.23000 5.41561
v -3.15000 7.13571 5.27313
v -3.24375 7.13571 5.30931
v -3.33750 7.13571 5.35666
v -3.43125 7.13571 5.39894
v -3.52500 7.13571 5.42519
v -3.61875 7.13571 5.43340
v -3.71250 7.13571 5.42924
v -3.80625 7.13571 5.42125
v -3.90000 7.13571 5.41561
vt 0.00000 0.00000
vt 1.00000 0.00000
vt 0.00000 1.00000
vt 1.00000 1.00000
vt 0.00000 0.00000
vt 1.00000 0.00000
vt 0.00000 1.00000
vt 1.00000 1.00000
vt 0.00000 0.00000
vt 0.12500 0.00000
vt 0.25000 0.00000
vt 0.37500 0.00000
vt 0.50000 0.00000
vt 0.62500 0.00000
vt 0.75000 0.00000
vt 0.87500 0.00000
vt 1.00000 0.00000
vt 0.00000 1.00000
vt 0.12500 1.00000
vt 0.25000 1.00000
vt 0.37500 1.00000
vt 0.50000 1.00000
vt 0.62500 1.00000
vt 0.75000 1.00000
vt 0.87500 1.00000
vt 1.00000 1.00000
vt 0.00000 0.00000
vt 0.12500 0.00000
vt 0.25000 0.00000
vt 0.37500 0.00000
vt 0.50000 0.00000
vt 0.62500 0.00000
vt 0.75000 0.00000
vt 0.87500 0.00000
vt 1.00000 0.00000
vt 0.00000 1.00000
vt 0.12500 1.00000
vt 0.25000 1.00000
vt 0.37500 1.00000
vt 0.50000 1.00000
vt 0.62500 1.00000
vt 0.75000 1.00000
vt 0.87500 1.00000
vt 1.00000 1.00000
vt 0.00000 0.00000
vt 0.12500 0.00000
vt 0.25000 0.00000
vt 0.37500 0.00000
vt 0.50000 0.00000
vt 0.62500 0.00000
vt 0.75000 0.00000
vt 0.87500 0.00000
vt 1.00000 0.00000
vt 0.00000 1.00000
vt 0.12500 1.00000
vt 0.25000 1.00000
vt 0.37500 1.00000
vt 0.50000 1.00000
vt 0.62500 1.00000
vt 0.75000 1.00000
vt 0.87500 1.00000
vt 1.00000 1.00000
vt 0.00000 0.00000
vt 0.12500 0.00000
vt 0.25000 0.00000
vt 0.37500 0.00000
vt 0.50000 0.00000
vt 0.62500 0.00000
vt 0.75000 0.00000
vt 0.87500 0.00000
vt 1.00000 0.00000
vt 0.00000 1.00000
vt 0.12500 1.00000
vt 0.25000 1.00000
vt 0.37500 1.00000
vt 0.50000 1.00000
vt 0.62500 1.00000
vt 0.75000 1.00000
vt 0.87500 1.00000
vt 1.00000 1.00000
f 4460/4460 4462/4462 4461/4461
f 4462/4462 4463/4463 4461/4461
f 4464/4464 4466/4466 4465/4465
f 4466/4466 4467/4467 4465/4465
f 4468/4468 4477/4477 4469/4469
f 4477/4477 4478/4478 4469/4469
f 4469/4469 4478/4478 4470/4470
f 4478/4478 4479/4479 4470/4470
f 4470/4470 4479/4479 4471/4471
f 4479/4479 4480/4480 4471/4471
f 4471/4471 4480/4480 4472/4472
f 4480/4480 4481/4481 4472/4472
f 4472/4472 4481/4481 4473/4473
f 4481/4481 4482/4482 4473/4473
f 4473/4473 4482/4482 4474/4474
f 4482/4482 4483/4483 4474/4474
f 4474/4474 4483/4483 4475/4475
f 4483/4483 4484/4484 4475/4475
f 4475/4475 4484/4484 4476/4476
f 4484/4484 4485/4485 4476/4476
f 4486/4486 4495/4495 4487/4487
f 4495/4495 4496/4496 4487/4487
f 4487/4487 4496/4496 4488/4488
f 4496/4496 4497/4497 4488/4488
f 4488/4488 4497/4497 4489/4489
f 4497/4497 4498/4498 4489/4489
f 4489/4489 4498/4498 4490/4490
f 4498/4498 4499/4499 4490/4490
f 4490/4490 4499/4499 4491/4491
f 4499/4499 4500/4500 4491/4491
f 4491/4491 4500/4500 4492/4492
f 4500/4500 4501/4501 4492/4492
f 4492/4492 4501/4501 4493/4493
f 4501/4501 4502/4502 4493/4493
f 4493/4493 4502/4502 4494/4494
f 4502/4502 4503/4503 4494/4494
f 4504/4504 4513/4513 4505/4505
f 4513/4513 4514/4514 4505/4505
f 4505/4505 4514/4514 4506/4506
f 4514/4514 4515/4515 4506/4506
f 4506/4506 4515/4515 4507/4507
f 4515/4515 4516/4516 4507/4507
f 4507/4507 4516/4516 4508/4508
f 4516/4516 4517/4517 4508/4508
f 4508/4508 4517/4517 4509/4509
f 4517/4517 4518/4518 4509/4509
f 4509/4509 4518/4518 4510/4510
f 4518/4518 4519/4519 4510/4510
f 4510/4510 4519/4519 4511/4511
f 4519/4519 4520/4520 4511/4511
f 4511/4511 4520/4520 4512/4512
f 4520/4520 4521/4521 4512/4512
f 4522/4522 4531/4531 4523/4523
f 4531/4531 4532/4532 4523/4523
f 4523/4523 4532/4532 4524/4524
f 4532/4532 4533/4533 4524/4524
f 4524/4524 4533/4533 4525/4525
f 4533/4533 4534/4534 4525/4525
f 4525/4525 4534/4534 4526/4526
f 4534/4534 4535/4535 4526/4526
f 4526/4526 4535/4535 4527/4527
f 4535/4535 4536/4536 4527/4527
f 4527/4527 4536/4536 4528/4528
f 4536/4536 4537/4537 4528/4528
f 4528/4528 4537/4537 4529/4529
f 4537/4537 4538/4538 4529/4529
f 4529/4529 4538/4538 4530/4530
f 4538/4538 4539/4539 4530/4530
v -3.15000 7.04143 5.28313
v -3.15000 7.04143 5.27313
v -3.15000 6.94714 5.28313
v -3.15000 6.94714 5.27313
v -3.90000 7.04143 5.41561
v -3.90000 7.04143 5.42561
v -3.90000 6.94714 5.41561
v -3.90000 6.94714 5.42561
v -3.90000 7.04143 5.41561
v -3.80625 7.04143 5.42125
v -3.71250 7.04143 5.42924
v -3.61875 7.04143 5.43340
v -3.52500 7.04143 5.42519
v -3.43125 7.04143 5.39894
v -3.33750 7.04143 5.35666
v -3.24375 7.04143 5.30931
v -3.15000 7.04143 5.27313
v -3.90000 7.04143 5.42561
v -3.80625 7.04143 5.43125
v -3.71250 7.04143 5.43924
v -3.61875 7.04143 5.44340
v -3.52500 7.04143 5.43519
v -3.43125 7.04143 5.40894
v -3.33750 7.04143 5.36666
v -3.24375 7.04143 5.31931
v -3.15000 7.04143 5.28313
v -3.90000 6.94714 5.42561
v -3.80625 6.94714 5.43125
v -3.71250 6.94714 5.43924
v -3.61875 6.94714 5.44340
v -3.52500 6.94714 5.43519
v -3.43125 6.94714 5.40894
v -3.33750 6.94714 5.36666
v -3.24375 6.94714 5.31931
v -3.15000 6.94714 5.28313
v -3.90000 6.94714 5.41561
v -3.80625 6.94714 5.42125
v -3.71250 6.94714 5.42924
v -3.61875 6.94714 5.43340
v -3.52500 6.94714 5.42519
v -3.43125 6.94714 5.39894
v -3.33750 6.94714 5.35666
v -3.24375 6.94714 5.30931
v -3.15000 6.94714 5.27313
v -3.90000 7.04143 5.42561
v -3.80625 7.04143 5.43125
v -3.71250 7.04143 5.43924
v -3.61875 7.04143 5.44340
v -3.52500 7.04143 5.43519
v -3.43125 7.04143 5.40894
v -3.33750 7.04143 5.36666
v -3.24375 7.04143 5.31931
v -3.15000 7.04143 5.28313
v -3.90000 6.94714 5.42561
v -3.80625 6.94714 5.43125
v -3.71250 6.94714 5.43924
v -3.61875 6.94714 5.44340
v -3.52500 6.94714 5.43519
v -3.43125 6.94714 5.40894
v -3.33750 6.94714 5.36666
v -3.24375 6.94714 5.31931
v -3.15000 6.94714 5.28313
v -3.15000 7.04143 5.27313
v -3.24375 7.04143 5.30931
v -3.33750 7.04143 5.35666
v -3.43125 7.04143 5.39894
v -3.52500 7.04143 5.42519
v -3.61875 7.04143 5.43340
v -3.71250 7.04143 5.42924
v -3.80625 7.04143 5.42125
v -3.90000 7.04143 5.41561
v -3.15000 6.94714 5.27313
v -3.24375 6.94714 5.30931
v -3.33750 6.94714 5.35666
v -3.43125 6.94714 5.39894
v -3.52500 6.94714 5.42519
v -3.61875 6.94714 5.43340
v -3.71250 6.94714 5.42924
v -3.80625 6.94714 5.42125
v -3.90000 6.94714 5.41561
vt 0.00000 0.00000
vt 1.00000 0.00000
vt 0.00000 1.00000
vt 1.00000 1.00000
vt 0.00000 0.00000
vt 1.00000 0.00000
vt 0.00000 1.00000
vt 1.00000 1.00000
vt 0.00000 0.00000
vt 0.12500 0.00000
vt 0.25000 0.00000
vt 0.37500 0.00000
vt 0.50000 0.00000
vt 0.62500 0.00000
vt 0.75000 0.00000
vt 0.87500 0.00000
vt 1.00000 0.00000
vt 0.00000 1.00000
vt 0.12500 1.00000
vt 0.25000 1.00000
vt 0.37500 1.00000
vt 0.50000 1.00000
vt 0.62500 1.00000
vt 0.75000 1.00000
vt 0.87500 1.00000
vt 1.00000 1.00000
vt 0.00000 0.00000
vt 0.12500 0.00000
vt 0.25000 0.00000
vt 0.37500 0.00000
vt 0.50000 0.00000
vt 0.62500 0.00000
vt 0.75000 0.00000
vt 0.87500 0.00000
vt 1.00000 0.00000
vt 0.00000 1.00000
vt 0.12500 1.00000
vt 0.25000 1.00000
vt 0.37500 1.00000
vt 0.50000 1.00000
vt 0.62500 1.00000
vt 0.75000 1.00000
vt 0.87500 1.00000
vt 1.00000 1.00000
vt 0.00000 0.00000
vt 0.12500 0.00000
vt 0.25000 0.00000
vt 0.37500 0.00000
vt 0.50000 0.00000
vt 0.62500 0.00000
vt 0.75000 0.00000
vt 0.87500 0.00000
vt 1.00000 0.00000
vt 0.00000 1.00000
vt 0.12500 1.00000
vt 0.25000 1.00000
vt 0.37500 1.00000
vt 0.50000 1.00000
vt 0.62500 1.00000
vt 0.75000 1.00000
vt 0.87500 1.00000
vt 1.00000 1.00000
vt 0.00000 0.00000
vt 0.12500 0.00000
vt 0.25000 0.00000
vt 0.37500 0.00000
vt 0.50000 0.00000
vt 0.62500 0.00000
vt 0.75000 0.00000
vt 0.87500 0.00000
vt 1.00000 0.00000
vt 0.00000 1.00000
vt 0.12500 1.00000
vt 0.25000 1.00000
vt 0.37500 1.00000
vt 0.50000 1.00000
vt 0.62500 1.00000
vt 0.75000 1.00000
vt 0.87500 1.00000
vt 1.00000 1.00000
f 4540/4540 4542/4542 4541/4541
f 4542/4542 4543/4543 4541/4541
f 4544/4544 4546/4546 4545/4545
f 4546/4546 4547/4547 4545/4545
f 4548/4548 4557/4557 4549/4549
f 4557/4557 4558/4558 4549/4549
f 4549/4549 4558/4558 4550/4550
f 4558/4558 4559/4559 4550/4550
f 4550/4550 4559/4559 4551/4551
f 4559/4559 4560/4560 4551/4551
f 4551/4551 4560/4560 4552/4552
f 4560/4560 4561/4561 4552/4552
f 4552/4552 4561/4561 4553/4553
f 4561/4561 4562/4562 4553/4553
f 4553/4553 4562/4562 4554/4554
f 4562/4562 4563/4563 4554/4554
f 4554/4554 4563/4563 4555/4555
f 4563/4563 4564/4564 4555/4555
f 4555/4555 4564/4564 4556/4556
f 4564/4564 4565/4565 4556/4556
f 4566/4566 4575/4575 4567/4567
f 4575/4575 4576/4576 4567/4567
f 4567/4567 4576/4576 4568/4568
f 4576/4576 4577/4577 4568/4568
f 4568/4568 4577/4577 4569/4569
f 4577/4577 4578/4578 4569/4569
f 4569/4569 4578/4578 4570/4570
f 4578/4578 4579/4579 4570/4570
f 4570/4570 4579/4579 4571/4571
f 4579/4579 4580/4580 4571/4571
f 4571/4571 4580/4580 4572/4572
f 4580/4580 4581/4581 4572/4572
f 4572/4572 4581/4581 4573/4573
f 4581/4581 4582/4582 4573/4573
f 4573/4573 4582/4582 4574/4574
f 4582/4582 4583/4583 4574/4574
f 4584/4584 4593/4593 4585/4585
f 4593/4593 4594/4594 4585/4585
f 4585/4585 4594/4594 4586/4586
f 4594/4594 4595/4595 4586/4586
f 4586/4586 4595/4595 4587/4587
f 4595/4595 4596/4596 4587/4587
f 4587/4587 4596/4596 4588/4588
f 4596/4596 4597/4597 4588/4588
f 4588/4588 4597/4597 4589/4589
f 4597/4597 4598/4598 4589/4589
f 4589/4589 4598/4598 4590/4590
f 4598/4598 4599/4599 4590/4590
f 4590/4590 4599/4599 4591/4591
f 4599/4599 4600/4600 4591/4591
f 4591/4591 4600/4600 4592/4592
f 4600/4600 4601/4601 4592/4592
f 4602/4602 4611/4611 4603/4603
f 4611/4611 4612/4612 4603/4603
f 4603/4603 4612/4612 4604/4604
f 4612/4612 4613/4613 4604/4604
f 4604/4604 4613/4613 4605/4605
f 4613/4613 4614/4614 4605/4605
f 4605/4605 4614/4614 4606/4606
f 4614/4614 4615/4615 4606/4606
f 4606/4606 4615/4615 4607/4607
f 4615/4615 4616/4616 4607/4607
f 4607/4607 4616/4616 4608/4608
f 4616/4616 4617/4617 4608/4608
f 4608/4608 4617/4617 4609/4609
f 4617/4617 4618/4618 4609/4609
f 4609/4609 4618/4618 4610/4610
f 4618/4618 4619/4619 4610/4610
v -3.15000 6.85286 5.28313
v -3.15000 6.85286 5.27313
v -3.15000 6.75857 5.28313
v -3.15000 6.75857 5.27313
v -4.40000 6.85286 5.39500
v -4.40000 6.85286 5.40500
v -4.40000 6.75857 5.39500
v -4.40000 6.75857 5.40500
v -4.40000 6.85286 5.39500
v -4.29583 6.85286 5.40072
v -4.19167 6.85286 5.40813
v -4.08750 6.85286 5.41234
v -3.98333 6.85286 5.41367
v -3.87917 6.85286 5.41652
v -3.77500 6.85286 5.42387
v -3.67083 6.85286 5.43207
v -3.56667 6.85286 5.43086
v -3.46250 6.85286 5.40976
v -3.35833 6.85286 5.36700
v -3.25417 6.85286 5.31433
v -3.15000 6.85286 5.27313
v -4.40000 6.85286 5.40500
v -4.29583 6.85286 5.41072
v -4.19167 6.85286 5.41813
v -4.08750 6.85286 5.42234
v -3.98333 6.85286 5.42367
v -3.87917 6.85286 5.42652
v -3.77500 6.85286 5.43387
v -3.67083 6.85286 5.44207
v -3.56667 6.85286 5.44086
v -3.46250 6.85286 5.41976
v -3.35833 6.85286 5.37700
v -3.25417 6.85286 5.32433
v -3.15000 6.85286 5.28313
v -4.40000 6.75857 5.40500
v -4.29583 6.75857 5.41072
v -4.19167 6.75857 5.41813
v -4.08750 6.75857 5.42234
v -3.98333 6.75857 5.42367
v -3.87917 6.75857 5.42652
v -3.77500 6.75857 5.43387
v -3.67083 6.75857 5.44207
v -3.56667 6.75857 5.44086
v -3.46250 6.75857 5.41976
v -3.35833 6.75857 5.37700
v -3.25417 6.75857 5.32433
v -3.15000 6.75857 5.28313
v -4.40000 6.75857 5.39500
v -4.29583 6.75857 5.40072
v -4.19167 6.75857 5.40813
v -4.08750 6.75857 5.41234
v -3.98333 6.75857 5.41367
v -3.87917 6.75857 5.41652
v -3.77500 6.75857 5.42387
v -3.67083 6.75857 5.43207
v -3.56667 6.75857 5.43086
v -3.46250 6.75857 5.40976
v -3.35833 6.75857 5.36700
v -3.25417 6.75857 5.31433
v -3.15000 6.75857 5.27313
v -4.40000 6.85286 5.40500
v -4.29583 6.85286 5.41072
v -4.19167 6.85286 5.41813
v -4.08750 6.85286 5.42234
v -3.98333 6.85286 5.42367
v -3.87917 6.85286 5.42652
v -3.77500 6.85286 5.43387
v -3.67083 6.85286 5.44207
v -3.56667 6.85286 5.44086
v -3.46250 6.85286 5.41976
v -3.35833 6.85286 5.37700
v -3.25417 6.85286 5.32433
v -3.15000 6.85286 5.28313
v -4.40000 6.75857 5.40500
v -4.29583 6.75857 5.41072
v -4.19167 6.75857 5.41813
v -4.08750 6.75857 5.42234
v -3.98333 6.75857 5.42367
v -3.87917 6.75857 5.42652
v -3.77500 6.75857 5.43387
v -3.67083 6.75857 5.44207
v -3.56667 6.75857 5.44086
v -3.46250 6.75857 5.41976
v -3.35833 6.75857 5.37700
v -3.25417 6.75857 5.32433
v -3.15000 6.75857 5.28313
v -3.15000 6.85286 5.27313
v -3.25417 6.85286 5.31433
v -3.35833 6.85286 5.36700
v -3.46250 6.85286 5.40976
v -3.56667 6.85286 5.43086
v -3.67083 6.85286 5.43207
v -3.77500 6.85286 5.42387
v -3.87917 6.85286 5.41652
v -3.98333 6.85286 5.41367
v -4.08750 6.85286 5.41234
v -4.19167 6.85286 5.40813
v -4.29583 6.85286 5.40072
v -4.40000 6.85286 5.39500
v -3.15000 6.75857 5.27313
v -3.25417 6.75857 5.31433
v -3.35833 6.75857 5.36700
v -3.46250 6.75857 5.40976
v -3.56667 6.75857 5.43086
v -3.67083 6.75857 5.43207
v -3.77500 6.75857 5.42387
v -3.87917 6.75857 5.41652
v -3.98333 6.75857 5.41367
v -4.08750 6.75857 5.41234
v -4.19167 6.75857 5.40813
v -4.29583 6.75857 5.40072
v -4.40000 6.75857 5.39500
vt 0.00000 0.00000
vt 1.00000 0.00000
vt 0.00000 1.00000
vt 1.00000 1.00000
vt 0.00000 0.00000
vt 1.00000 0.00000
vt 0.00000 1.00000
vt 1.00000 1.00000
vt 0.00000 0.00000
vt 0.08333 0.00000
vt 0.16667 0.00000
vt 0.25000 0.00000
vt 0.33333 0.00000
vt 0.41667 0.00000
vt 0.50000 0.00000
vt 0.58333 0.00000
vt 0.66667 0.00000
vt 0.75000 0.00000
vt 0.83333 0.00000
vt 0.91667 0.00000
vt 1.00000 0.00000
vt 0.00000 1.00000
vt 0.08333 1.00000
vt 0.16667 1.00000
vt 0.25000 1.00000
vt 0.33333 1.00000
vt 0.41667 1.00000
vt 0.50000 1.00000
vt 0.58333 1.00000
vt 0.66667 1.00000
vt 0.75000 1.00000
vt 0.83333 1.00000
vt 0.91667 1.00000
vt 1.00000 1.00000
vt 0.00000 0.00000
vt 0.08333 0.00000
vt 0.16667 0.00000
vt 0.25000 0.00000
vt 0.33333 0.00000
vt 0.41667 0.00000
vt 0.50000 0.00000
vt 0.58333 0.00000
vt 0.66667 0.00000
vt 0.75000 0.00000
vt 0.83333 0.00000
vt 0.91667 0.00000
vt 1.00000 0.00000
vt 0.00000 1.00000
vt 0.08333 1.00000
vt 0.16667 1.00000
vt 0.25000 1.00000
vt 0.33333 1.00000
vt 0.41667 1.00000
vt 0.50000 1.00000
vt 0.58333 1.00000
vt 0.66667 1.00000
vt 0.75000 1.00000
vt 0.83333 1.00000
vt 0.91667 1.00000
vt 1.00000 1.00000
vt 0.00000 0.00000
vt 0.08333 0.00000
vt 0.16667 0.00000
vt 0.25000 0.00000
vt 0.33333 0.00000
vt 0.41667 0.00000
vt 0.50000 0.00000
vt 0.58333 0.00000
vt 0.66667 0.00000
vt 0.75000 0.00000
vt 0.83333 0.00000
vt 0.91667 0.00000
vt 1.00000 0.00000
vt 0.00000 1.00000
vt 0.08333 1.00000
vt 0.16667 1.00000
vt 0.25000 1.00000
vt 0.33333 1.00000
vt 0.41667 1.00000
vt 0.50000 1.00000
vt 0.58333 1.00000
vt 0.66667 1.00000
vt 0.75000 1.00000
vt 0.83333 1.00000
vt 0.91667 1.00000
vt 1.00000 1.00000
vt 0.00000 0.00000
vt 0.08333 0.00000
vt 0.16667 0.00000
vt 0.25000 0.00000
vt 0.33333 0.00000
vt 0.41667 0.00000
vt 0.50000 0.00000
vt 0.58333 0.00000
vt 0.66667 0.00000
vt 0.75000 0.00000
vt 0.83333 0.00000
vt 0.91667 0.00000
vt 1.00000 0.00000
vt 0.00000 1.00000
vt 0.08333 1.00000
vt 0.16667 1.00000
vt 0.25000 1.00000
vt 0.33333 1.00000
vt 0.41667 1.00000
vt 0.50000 1.00000
vt 0.58333 1.00000
vt 0.66667 1.00000
vt 0.75000 1.00000
vt 0.83333 1.00000
vt 0.91667 1.00000
vt 1.00000 1.00000
f 4620/4620 4622/4622 4621/4621
f 4622/4622 4623/4623 4621/4621
f 4624/4624 4626/4626 4625/4625
f 4626/4626 4627/4627 4625/4625
f 4628/4628 4641/4641 4629/4629
f 4641/4641 4642/4642 4629/4629
f 4629/4629 4642/4642 4630/4630
f 4642/4642 4643/4643 4630/4630
f 4630/4630 4643/4643 4631/4631
f 4643/4643 4644/4644 4631/4631
f 4631/4631 4644/4644 4632/4632
f 4644/4644 4645/4645 4632/4632
f 4632/4632 4645/4645 4633/4633
f 4645/4645 4646/4646 4633/4633
f 4633/4633 4646/4646 4634/4634
f 4646/4646 4647/4647 4634/4634
f 4634/4634 4647/4647 4635/4635
f 4647/4647 4648/4648 4635/4635
f 4635/4635 4648/4648 4636/4636
f 4648/4648 4649/4649 4636/4636
f 4636/4636 4649/4649 4637/4637
f 4649/4649 4650/4650 4637/4637
f 4637/4637 4650/4650 4638/4638
f 4650/4650 4651/4651 4638/4638
f 4638/4638 4651/4651 4639/4639
f 4651/4651 4652/4652 4639/4639
f 4639/4639 4652/4652 4640/4640
f 4652/4652 4653/4653 4640/4640
f 4654/4654 4667/4667 4655/4655
f 4667/4667 4668/4668 4655/4655
f 4655/4655 4668/4668 4656/4656
f 4668/4668 4669/4669 4656/4656
f 4656/4656 4669/4669 4657/4657
f 4669/4669 4670/4670 4657/4657
f 4657/4657 4670/4670 4658/4658
f 4670/4670 4671/4671 4658/4658
f 4658/4658 4671/4671 4659/4659
f 4671/4671 4672/4672 4659/4659
f 4659/4659 4672/4672 4660/4660
f 4672/4672 4673/4673 4660/4660
f 4660/4660 4673/4673 4661/4661
f 4673/4673 4674/4674 4661/4661
f 4661/4661 4674/4674 4662/4662
f 4674/4674 4675/4675 4662/4662
f 4662/4662 4675/4675 4663/4663
f 4675/4675 4676/4676 4663/4663
f 4663/4663 4676/4676 4664/4664
f 4676/4676 4677/4677 4664/4664
f 4664/4664 4677/4677 4665/4665
f 4677/4677 4678/4678 4665/4665
f 4665/4665 4678/4678 4666/4666
f 4678/4678 4679/4679 4666/4666
f 4680/4680 4693/4693 4681/4681
f 4693/4693 4694/4694 4681/4681
f 4681/4681 4694/4694 4682/4682
f 4694/4694 4695/4695 4682/4682
f 4682/4682 4695/4695 4683/4683
f 4695/4695 4696/4696 4683/4683
f 4683/4683 4696/4696 4684/4684
f 4696/4696 4697/4697 4684/4684
f 4684/4684 4697/4697 4685/4685
f 4697/4697 4698/4698 4685/4685
f 4685/4685 4698/4698 4686/4686
f 4698/4698 4699/4699 4686/4686
f 4686/4686 4699/4699 4687/4687
f 4699/4699 4700/4700 4687/4687
f 4687/4687 4700/4700 4688/4688
f 4700/4700 4701/4701 4688/4688
f 4688/4688 4701/4701 4689/4689
f 4701/4701 4702/4702 4689/4689
f 4689/4689 4702/4702 4690/4690
f 4702/4702 4703/4703 4690/4690
f 4690/4690 4703/4703 4691/4691
f 4703/4703 4704/4704 4691/4691
f 4691/4691 4704/4704 4692/4692
f 4704/4704 4705/4705 4692/4692
f 4706/4706 4719/4719 4707/4707
f 4719/4719 4720/4720 4707/4707
f 4707/4707 4720/4720 4708/4708
f 4720/4720 4721/4721 4708/4708
f 4708/4708 4721/4721 4709/4709
f 4721/4721 4722/4722 4709/4709
f 4709/4709 4722/4722 4710/4710
f 4722/4722 4723/4723 4710/4710
f 4710/4710 4723/4723 4711/4711
f 4723/4723 4724/4724 4711/4711
f 4711/4711 4724/4724 4712/4712
f 4724/4724 4725/4725 4712/4712
f 4712/4712 4725/4725 4713/4713
f 4725/4725 4726/4726 4713/4713
f 4713/4713 4726/4726 4714/4714
f 4726/4726 4727/4727 4714/4714
f 4714/4714 4727/4727 4715/4715
f 4727/4727 4728/4728 4715/4715
f 4715/4715 4728/4728 4716/4716
f 4728/4728 4729/4729 4716/4716
f 4716/4716 4729/4729 4717/4717
f 4729/4729 4730/4730 4717/4717
f 4717/4717 4730/4730 4718/4718
f 4730/4730 4731/4731 4718/4718
v -3.15000 6.66429 5.28313
v -3.15000 6.66429 5.27313
v -3.15000 6.57000 5.28313
v -3.15000 6.57000 5.27313
v -4.40000 6.66429 5.39500
v -4.40000 6.66429 5.40500
v -4.40000 6.57000 5.39500
v -4.40000 6.57000 5.40500
v -4.40000 6.66429 5.39500
v -4.29583 6.66429 5.40072
v -4.19167 6.66429 5.40813
v -4.08750 6.66429 5.41234
v -3.98333 6.66429 5.41367
v -3.87917 6.66429 5.41652
v -3.77500 6.66429 5.42387
v -3.67083 6.66429 5.43207
v -3.56667 6.66429 5.43086
v -3.46250 6.66429 5.40976
v -3.35833 6.66429 5.36700
v -3.25417 6.66429 5.31433
v -3.15000 6.66429 5.27313
v -4.40000 6.66429 5.40500
v -4.29583 6.66429 5.41072
v -4.19167 6.66429 5.41813
v -4.08750 6.66429 5.42234
v -3.98333 6.66429 5.42367
v -3.87917 6.66429 5.42652
v -3.77500 6.66429 5.43387
v -3.67083 6.66429 5.44207
v -3.56667 6.66429 5.44086
v -3.46250 6.66429 5.41976
v -3.35833 6.66429 5.37700
v -3.25417 6.66429 5.32433
v -3.15000 6.66429 5.28313
v -4.40000 6.57000 5.40500
v -4.29583 6.57000 5.41072
v -4.19167 6.57000 5.41813
v -4.08750 6.57000 5.42234
v -3.98333 6.57000 5.42367
v -3.87917 6.57000 5.42652
v -3.77500 6.57000 5.43387
v -3.67083 6.57000 5.44207
v -3.56667 6.57000 5.44086
v -3.46250 6.57000 5.41976
v -3.35833 6.57000 5.37700
v -3.25417 6.57000 5.32433
v -3.15000 6.57000 5.28313
v -4.40000 6.57000 5.39500
v -4.29583 6.57000 5.40072
v -4.19167 6.57000 5.40813
v -4.08750 6.57000 5.41234
v -3.98333 6.57000 5.41367
v -3.87917 6.57000 5.41652
v -3.77500 6.57000 5.42387
v -3.67083 6.57000 5.43207
v -3.56667 6.57000 5.43086
v -3.46250 6.57000 5.40976
v -3.35833 6.57000 5.36700
v -3.25417 6.57000 5.31433
v -3.15000 6.57000 5.27313
v -4.40000 6.66429 5.40500
v -4.29583 6.66429 5.41072
v -4.19167 6.66429 5.41813
v -4.08750 6.66429 5.42234
v -3.98333 6.66429 5.42367
v -3.87917 6.66429 5.42652
v -3.77500 6.66429 5.43387
v -3.67083 6.66429 5.44207
v -3.56667 6.66429 5.44086
v -3.46250 6.66429 5.41976
v -3.35833 6.66429 5.37700
v -3.25417 6.66429 5.32433
v -3.15000 6.66429 5.28313
v -4.40000 6.57000 5.40500
v -4.29583 6.57000 5.41072
v -4.19167 6.57000 5.41813
v -4.08750 6.57000 5.42234
v -3.98333 6.57000 5.42367
v -3.87917 6.57000 5.42652
v -3.77500 6.57000 5.43387
v -3.67083 6.57000 5.44207
v -3.56667 6.57000 5.44086
v -3.46250 6.57000 5.41976
v -3.35833 6.57000 5.37700
v -3.25417 6.57000 5.32433
v -3.15000 6.57000 5.28313
v -3.15000 6.66429 5.27313
v -3.25417 6.66429 5.31433
v -3.35833 6.66429 5.36700
v -3.46250 6.66429 5.40976
v -3.56667 6.66429 5.43086
v -3.67083 6.66429 5.43207
v -3.77500 6.66429 5.42387
v -3.87917 6.66429 5.41652
v -3.98333 6.66429 5.41367
v -4.08750 6.66429 5.41234
v -4.19167 6.66429 5.40813
v -4.29583 6.66429 5.40072
v -4.40000 6.66429 5.39500
v -3.15000 6.57000 5.27313
v -3.25417 6.57000 5.31433
v -3.35833 6.57000 5.36700
v -3.46250 6.57000 5.40976
v -3.56667 6.57000 5.43086
v -3.67083 6.57000 5.43207
v -3.77500 6.57000 5.42387
v -3.87917 6.57000 5.41652
v -3.98333 6.57000 5.41367
v -4.08750 6.57000 5.41234
v -4.19167 6.57000 5.40813
v -4.29583 6.57000 5.40072
v -4.40000 6.57000 5.39500
vt 0.00000 0.00000
vt 1.00000 0.00000
vt 0.00000 1.00000
vt 1.00000 1.00000
vt 0.00000 0.00000
vt 1.00000 0.00000
vt 0.00000 1.00000
vt 1.00000 1.00000
vt 0.00000 0.00000
vt 0.08333 0.00000
vt 0.16667 0.00000
vt 0.25000 0.00000
vt 0.33333 0.00000
vt 0.41667 0.00000
vt 0.50000 0.00000
vt 0.58333 0.00000
vt 0.66667 0.00000
vt 0.75000 0.00000
vt 0.83333 0.00000
vt 0.91667 0.00000
vt 1.00000 0.00000
vt 0.00000 1.00000
vt 0.08333 1.00000
vt 0.16667 1.00000
vt 0.25000 1.00000
vt 0.33333 1.00000
vt 0.41667 1.00000
vt 0.50000 1.00000
vt 0.58333 1.00000
vt 0.66667 1.00000
vt 0.75000 1.00000
vt 0.83333 1.00000
vt 0.91667 1.00000
vt 1.00000 1.00000
vt 0.00000 0.00000
vt 0.08333 0.00000
vt 0.16667 0.00000
vt 0.25000 0.00000
vt 0.33333 0.00000
vt 0.41667 0.00000
vt 0.50000 0.00000
vt 0.58333 0.00000
vt 0.66667 0.00000
vt 0.75000 0.00000
vt 0.83333 0.00000
vt 0.91667 0.00000
vt 1.00000 0.00000
vt 0.00000 1.00000
vt 0.08333 1.00000
vt 0.16667 1.00000
vt 0.25000 1.00000
vt 0.33333 1.00000
vt 0.41667 1.00000
vt 0.50000 1.00000
vt 0.58333 1.00000
vt 0.66667 1.00000
vt 0.75000 1.00000
vt 0.83333 1.00000
vt 0.91667 1.00000
vt 1.00000 1.00000
vt 0.00000 0.00000
vt 0.08333 0.00000
vt 0.16667 0.00000
vt 0.25000 0.00000
vt 0.33333 0.00000
vt 0.41667 0.00000
vt 0.50000 0.00000
vt 0.58333 0.00000
vt 0.66667 0.00000
vt 0.75000 0.00000
vt 0.83333 0.00000
vt 0.91667 0.00000
vt 1.00000 0.00000
vt 0.00000 1.00000
vt 0.08333 1.00000
vt 0.16667 1.00000
vt 0.25000 1.00000
vt 0.33333 1.00000
vt 0.41667 1.00000
vt 0.50000 1.00000
vt 0.58333 1.00000
vt 0.66667 1.00000
vt 0.75000 1.00000
vt 0.83333 1.00000
vt 0.91667 1.00000
vt 1.00000 1.00000
vt 0.00000 0.00000
vt 0.08333 0.00000
vt 0.16667 0.00000
vt 0.25000 0.00000
vt 0.33333 0.00000
vt 0.41667 0.00000
vt 0.50000 0.00000
vt 0.58333 0.00000
vt 0.66667 0.00000
vt 0.75000 0.00000
vt 0.83333 0.00000
vt 0.91667 0.00000
vt 1.00000 0.00000
vt 0.00000 1.00000
vt 0.08333 1.00000
vt 0.16667 1.00000
vt 0.25000 1.00000
vt 0.33333 1.00000
vt 0.41667 1.00000
vt 0.50000 1.00000
vt 0.58333 1.00000
vt 0.66667 1.00000
vt 0.75000 1.00000
vt 0.83333 1.00000
vt 0.91667 1.00000
vt 1.00000 1.00000
f 4732/4732 4734/4734 4733/4733
f 4734/4734 4735/4735 4733/4733
f 4736/4736 4738/4738 4737/4737
f 4738/4738 4739/4739 4737/4737
f 4740/4740 4753/4753 4741/4741
f 4753/4753 4754/4754 4741/4741
f 4741/4741 4754/4754 4742/4742
f 4754/4754 4755/4755 4742/4742
f 4742/4742 4755/4755 4743/4743
f 4755/4755 4756/4756 4743/4743
f 4743/4743 4756/4756 4744/4744
f 4756/4756 4757/4757 4744/4744
f 4744/4744 4757/4757 4745/4745
f 4757/4757 4758/4758 4745/4745
f 4745/4745 4758/4758 4746/4746
f 4758/4758 4759/4759 4746/4746
f 4746/4746 4759/4759 4747/4747
f 4759/4759 4760/4760 4747/4747
f 4747/4747 4760/4760 4748/4748
f 4760/4760 4761/4761 4748/4748
f 4748/4748 4761/4761 4749/4749
f 4761/4761 4762/4762 4749/4749
f 4749/4749 4762/4762 4750/4750
f 4762/4762 4763/4763 4750/4750
f 4750/4750 4763/4763 4751/4751
f 4763/4763 4764/4764 4751/4751
f 4751/4751 4764/4764 4752/4752
f 4764/4764 4765/4765 4752/4752
f 4766/4766 4779/4779 4767/4767
f 4779/4779 4780/4780 4767/4767
f 4767/4767 4780/4780 4768/4768
f 4780/4780 4781/4781 4768/4768
f 4768/4768 4781/4781 4769/4769
f 4781/4781 4782/4782 4769/4769
f 4769/4769 4782/4782 4770/4770
f 4782/4782 4783/4783 4770/4770
f 4770/4770 4783/4783 4771/4771
f 4783/4783 4784/4784 4771/4771
f 4771/4771 4784/4784 4772/4772
f 4784/4784 4785/4785 4772/4772
f 4772/4772 4785/4785 4773/4773
f 4785/4785 4786/4786 4773/4773
f 4773/4773 4786/4786 4774/4774
f 4786/4786 4787/4787 4774/4774
f 4774/4774 4787/4787 4775/4775
f 4787/4787 4788/4788 4775/4775
f 4775/4775 4788/4788 4776/4776
f 4788/4788 4789/4789 4776/4776
f 4776/4776 4789/4789 4777/4777
f 4789/4789 4790/4790 4777/4777
f 4777/4777 4790/4790 4778/4778
f 4790/4790 4791/4791 4778/4778
f 4792/4792 4805/4805 4793/4793
f 4805/4805 4806/4806 4793/4793
f 4793/4793 4806/4806 4794/4794
f 4806/4806 4807/4807 4794/4794
f 4794/4794 4807/4807 4795/4795
f 4807/4807 4808/4808 4795/4795
f 4795/4795 4808/4808 4796/4796
f 4808/4808 4809/4809 4796/4796
f 4796/4796 4809/4809 4797/4797
f 4809/4809 4810/4810 4797/4797
f 4797/4797 4810/4810 4798/4798
f 4810/4810 4811/4811 4798/4798
f 4798/4798 4811/4811 4799/4799
f 4811/4811 4812/4812 4799/4799
f 4799/4799 4812/4812 4800/4800
f 4812/4812 4813/4813 4800/4800
f 4800/4800 4813/4813 4801/4801
f 4813/4813 4814/4814 4801/4801
f 4801/4801 4814/4814 4802/4802
f 4814/4814 4815/4815 4802/4802
f 4802/4802 4815/4815 4803/4803
f 4815/4815 4816/4816 4803/4803
f 4803/4803 4816/4816 4804/4804
f 4816/4816 4817/4817 4804/4804
f 4818/4818 4831/4831 4819/4819
f 4831/4831 4832/4832 4819/4819
f 4819/4819 4832/4832 4820/4820
f 4832/4832 4833/4833 4820/4820
f 4820/4820 4833/4833 4821/4821
f 4833/4833 4834/4834 4821/4821
f 4821/4821 4834/4834 4822/4822
f 4834/4834 4835/4835 4822/4822
f 4822/4822 4835/4835 4823/4823
f 4835/4835 4836/4836 4823/4823
f 4823/4823 4836/4836 4824/4824
f 4836/4836 4837/4837 4824/4824
f 4824/4824 4837/4837 4825/4825
f 4837/4837 4838/4838 4825/4825
f 4825/4825 4838/4838 4826/4826
f 4838/4838 4839/4839 4826/4826
f 4826/4826 4839/4839 4827/4827
f 4839/4839 4840/4840 4827/4827
f 4827/4827 4840/4840 4828/4828
f 4840/4840 4841/4841 4828/4828
f 4828/4828 4841/4841 4829/4829
f 4841/4841 4842/4842 4829/4829
f 4829/4829 4842/4842 4830/4830
f 4842/4842 4843/4843 4830/4830
usemtl flag_white
v -3.15000 7.13571 5.28313
v -3.15000 7.13571 5.27313
v -3.15000 7.04143 5.28313
v -3.15000 7.04143 5.27313
v -3.90000 7.13571 5.41561
v -3.90000 7.13571 5.42561
v -3.90000 7.04143 5.41561
v -3.90000 7.04143 5.42561
v -3.90000 7.13571 5.41561
v -3.80625 7.13571 5.42125
v -3.71250 7.13571 5.42924
v -3.61875 7.13571 5.43340
v -3.52500 7.13571 5.42519
v -3.43125 7.13571 5.39894
v -3.33750 7.13571 5.35666
v -3.24375 7.13571 5.30931
v -3.15000 7.13571 5.27313
v -3.90000 7.13571 5.42561
v -3.80625 7.13571 5.43125
v -3.71250 7.13571 5.43924
v -3.61875 7.13571 5.44340
v -3.52500 7.13571 5.43519
v -3.43125 7.13571 5.40894
v -3.33750 7.13571 5.36666
v -3.24375 7.13571 5.31931
v -3.15000 7.13571 5.28313
v -3.90000 7.04143 5.42561
v -3.80625 7.04143 5.43125
v -3.71250 7.04143 5.43924
v -3.61875 7.04143 5.44340
v -3.52500 7.04143 5.43519
v -3.43125 7.04143 5.40894
v -3.33750 7.04143 5.36666
v -3.24375 7.04143 5.31931
v -3.15000 7.04143 5.28313
v -3.90000 7.04143 5.41561
v -3.80625 7.04143 5.42125
v -3.71250 7.04143 5.42924
v -3.61875 7.04143 5.43340
v -3.52500 7.04143 5.42519
v -3.43125 7.04143 5.39894
v -3.33750 7.04143 5.35666
v -3.24375 7.04143 5.30931
v -3.15000 7.04143 5.27313
v -3.90000 7.13571 5.42561
v -3.80625 7.13571 5.43125
v -3.71250 7.13571 5.43924
v -3.61875 7.13571 5.44340
v -3.52500 7.13571 5.43519
v -3.43125 7.13571 5.40894
v -3.33750 7.13571 5.36666
v -3.24375 7.13571 5.31931
v -3.15000 7.13571 5.28313
v -3.90000 7.04143 5.42561
v -3.80625 7.04143 5.43125
v -3.71250 7.04143 5.43924
v -3.61875 7.04143 5.44340
v -3.52500 7.04143 5.43519
v -3.43125 7.04143 5.40894
v -3.33750 7.04143 5.36666
v -3.24375 7.04143 5.31931
v -3.15000 7.04143 5.28313
v -3.15000 7.13571 5.27313
v -3.24375 7.13571 5.30931
v -3.33750 7.13571 5.35666
v -3.43125 7.13571 5.39894
v -3.52500 7.13571 5.42519
v -3.61875 7.13571 5.43340
v -3.71250 7.13571 5.42924
v -3.80625 7.13571 5.42125
v -3.90000 7.13571 5.41561
v -3.15000 7.04143 5.27313
v -3.24375 7.04143 5.30931
v -3.33750 7.04143 5.35666
v -3.43125 7.04143 5.39894
v -3.52500 7.04143 5.42519
v -3.61875 7.04143 5.43340
v -3.71250 7.04143 5.42924
v -3.80625 7.04143 5.42125
v -3.90000 7.04143 5.41561
vt 0.00000 0.00000
vt 1.00000 0.00000
vt 0.00000 1.00000
vt 1.00000 1.00000
vt 0.00000 0.00000
vt 1.00000 0.00000
vt 0.00000 1.00000
vt 1.00000 1.00000
vt 0.00000 0.00000
vt 0.12500 0.00000
vt 0.25000 0.00000
vt 0.37500 0.00000
vt 0.50000 0.00000
vt 0.62500 0.00000
vt 0.75000 0.00000
vt 0.87500 0.00000
vt 1.00000 0.00000
vt 0.00000 1.00000
vt 0.12500 1.00000
vt 0.25000 1.00000
vt 0.37500 1.00000
vt 0.50000 1.00000
vt 0.62500 1.00000
vt 0.75000 1.00000
vt 0.87500 1.00000
vt 1.00000 1.00000
vt 0.00000 0.00000
vt 0.12500 0.00000
vt 0.25000 0.00000
vt 0.37500 0.00000
vt 0.50000 0.00000
vt 0.62500 0.00000
vt 0.75000 0.00000
vt 0.87500 0.00000
vt 1.00000 0.00000
vt 0.00000 1.00000
vt 0.12500 1.00000
vt 0.25000 1.00000
vt 0.37500 1.00000
vt 0.50000 1.00000
vt 0.62500 1.00000
vt 0.75000 1.00000
vt 0.87500 1.00000
vt 1.00000 1.00000
vt 0.00000 0.00000
vt 0.12500 0.00000
vt 0.25000 0.00000
vt 0.37500 0.00000
vt 0.50000 0.00000
vt 0.62500 0.00000
vt 0.75000 0.00000
vt 0.87500 0.00000
vt 1.00000 0.00000
vt 0.00000 1.00000
vt 0.12500 1.00000
vt 0.25000 1.00000
vt 0.37500 1.00000
vt 0.50000 1.00000
vt 0.62500 1.00000
vt 0.75000 1.00000
vt 0.87500 1.00000
vt 1.00000 1.00000
vt 0.00000 0.00000
vt 0.12500 0.00000
vt 0.25000 0.00000
vt 0.37500 0.00000
vt 0.50000 0.00000
vt 0.62500 0.00000
vt 0.75000 0.00000
vt 0.87500 0.00000
vt 1.00000 0.00000
vt 0.00000 1.00000
vt 0.12500 1.00000
vt 0.25000 1.00000
vt 0.37500 1.00000
vt 0.50000 1.00000
vt 0.62500 1.00000
vt 0.75000 1.00000
vt 0.87500 1.00000
vt 1.00000 1.00000
f 4844/4844 4846/4846 4845/4845
f 4846/4846 4847/4847 4845/4845
f 4848/4848 4850/4850 4849/4849
f 4850/4850 4851/4851 4849/4849
f 4852/4852 4861/4861 4853/4853
f 4861/4861 4862/4862 4853/4853
f 4853/4853 4862/4862 4854/4854
f 4862/4862 4863/4863 4854/4854
f 4854/4854 4863/4863 4855/4855
f 4863/4863 4864/4864 4855/4855
f 4855/4855 4864/4864 4856/4856
f 4864/4864 4865/4865 4856/4856
f 4856/4856 4865/4865 4857/4857
f 4865/4865 4866/4866 4857/4857
f 4857/4857 4866/4866 4858/4858
f 4866/4866 4867/4867 4858/4858
f 4858/4858 4867/4867 4859/4859
f 4867/4867 4868/4868 4859/4859
f 4859/4859 4868/4868 4860/4860
f 4868/4868 4869/4869 4860/4860
f 4870/4870 4879/4879 4871/4871
f 4879/4879 4880/4880 4871/4871
f 4871/4871 4880/4880 4872/4872
f 4880/4880 4881/4881 4872/4872
f 4872/4872 4881/4881 4873/4873
f 4881/4881 4882/4882 4873/4873
f 4873/4873 4882/4882 4874/4874
f 4882/4882 4883/4883 4874/4874
f 4874/4874 4883/4883 4875/4875
f 4883/4883 4884/4884 4875/4875
f 4875/4875 4884/4884 4876/4876
f 4884/4884 4885/4885 4876/4876
f 4876/4876 4885/4885 4877/4877
f 4885/4885 4886/4886 4877/4877
f 4877/4877 4886/4886 4878/4878
f 4886/4886 4887/4887 4878/4878
f 4888/4888 4897/4897 4889/4889
f 4897/4897 4898/4898 4889/4889
f 4889/4889 4898/4898 4890/4890
f 4898/4898 4899/4899 4890/4890
f 4890/4890 4899/4899 4891/4891
f 4899/4899 4900/4900 4891/4891
f 4891/4891 4900/4900 4892/4892
f 4900/4900 4901/4901 4892/4892
f 4892/4892 4901/4901 4893/4893
f 4901/4901 4902/4902 4893/4893
f 4893/4893 4902/4902 4894/4894
f 4902/4902 4903/4903 4894/4894
f 4894/4894 4903/4903 4895/4895
f 4903/4903 4904/4904 4895/4895
f 4895/4895 4904/4904 4896/4896
f 4904/4904 4905/4905 4896/4896
f 4906/4906 4915/4915 4907/4907
f 4915/4915 4916/4916 4907/4907
f 4907/4907 4916/4916 4908/4908
f 4916/4916 4917/4917 4908/4908
f 4908/4908 4917/4917 4909/4909
f 4917/4917 4918/4918 4909/4909
f 4909/4909 4918/4918 4910/4910
f 4918/4918 4919/4919 4910/4910
f 4910/4910 4919/4919 4911/4911
f 4919/4919 4920/4920 4911/4911
f 4911/4911 4920/4920 4912/4912
f 4920/4920 4921/4921 4912/4912
f 4912/4912 4921/4921 4913/4913
f 4921/4921 4922/4922 4913/4913
f 4913/4913 4922/4922 4914/4914
f 4922/4922 4923/4923 4914/4914
v -3.15000 6.94714 5.28313
v -3.15000 6.94714 5.27313
v -3.15000 6.85286 5.28313
v -3.15000 6.85286 5.27313
v -3.90000 6.94714 5.41561
v -3.90000 6.94714 5.42561
v -3.90000 6.85286 5.41561
v -3.90000 6.85286 5.42561
v -3.90000 6.94714 5.41561
v -3.80625 6.94714 5.42125
v -3.71250 6.94714 5.42924
v -3.61875 6.94714 5.43340
v -3.52500 6.94714 5.42519
v -3.43125 6.94714 5.39894
v -3.33750 6.94714 5.35666
v -3.24375 6.94714 5.30931
v -3.15000 6.94714 5.27313
v -3.90000 6.94714 5.42561
v -3.80625 6.94714 5.43125
v -3.71250 6.94714 5.43924
v -3.61875 6.94714 5.44340
v -3.52500 6.94714 5.43519
v -3.43125 6.94714 5.40894
v -3.33750 6.94714 5.36666
v -3.24375 6.94714 5.31931
v -3.15000 6.94714 5.28313
v -3.90000 6.85286 5.42561
v -3.80625 6.85286 5.43125
v -3.71250 6.85286 5.43924
v -3.61875 6.85286 5.44340
v -3.52500 6.85286 5.43519
v -3.43125 6.85286 5.40894
v -3.33750 6.85286 5.36666
v -3.24375 6.85286 5.31931
v -3.15000 6.85286 5.28313
v -3.90000 6.85286 5.41561
v -3.80625 6.85286 5.42125
v -3.71250 6.85286 5.42924
v -3.61875 6.85286 5.43340
v -3.52500 6.85286 5.42519
v -3.43125 6.85286 5.39894
v -3.33750 6.85286 5.35666
v -3.24375 6.85286 5.30931
v -3.15000 6.85286 5.27313
v -3.90000 6.94714 5.42561
v -3.80625 6.94714 5.43125
v -3.71250 6.94714 5.43924
v -3.61875 6.94714 5.44340
v -3.52500 6.94714 5.43519
v -3.43125 6.94714 5.40894
v -3.33750 6.94714 5.36666
v -3.24375 6.94714 5.31931
v -3.15000 6.94714 5.28313
v -3.90000 6.85286 5.42561
v -3.80625 6.85286 5.43125
v -3.71250 6.85286 5.43924
v -3.61875 6.85286 5.44340
v -3.52500 6.85286 5.43519
v -3.43125 6.85286 5.40894
v -3.33750 6.85286 5.36666
v -3.24375 6.85286 5.31931
v -3.15000 6.85286 5.28313
v -3.15000 6.94714 5.27313
v -3.24375 6.94714 5.30931
v -3.33750 6.94714 5.35666
v -3.43125 6.94714 5.39894
v -3.52500 6.94714 5.42519
v -3.61875 6.94714 5.43340
v -3.71250 6.94714 5.42924
v -3.80625 6.94714 5.42125
v -3.90000 6.94714 5.41561
v -3.15000 6.85286 5.27313
v -3.24375 6.85286 5.30931
v -3.33750 6.85286 5.35666
v -3.43125 6.85286 5.39894
v -3.52500 6.85286 5.42519
v -3.61875 6.85286 5.43340
v -3.71250 6.85286 5.42924
v -3.80625 6.85286 5.42125
v -3.90000 6.85286 5.41561
vt 0.00000 0.00000
vt 1.00000 0.00000
vt 0.00000 1.00000
vt 1.00000 1.00000
vt 0.00000 0.00000
vt 1.00000 0.00000
vt 0.00000 1.00000
vt 1.00000 1.00000
vt 0.00000 0.00000
vt 0.12500 0.00000
vt 0.25000 0.00000
vt 0.37500 0.00000
vt 0.50000 0.00000
vt 0.62500 0.00000
vt 0.75000 0.00000
vt 0.87500 0.00000
vt 1.00000 0.00000
vt 0.00000 1.00000
vt 0.12500 1.00000
vt 0.25000 1.00000
vt 0.37500 1.00000
vt 0.50000 1.00000
vt 0.62500 1.00000
vt 0.75000 1.00000
vt 0.87500 1.00000
vt 1.00000 1.00000
vt 0.00000 0.00000
vt 0.12500 0.00000
vt 0.25000 0.00000
vt 0.37500 0.00000
vt 0.50000 0.00000
vt 0.62500 0.00000
vt 0.75000 0.00000
vt 0.87500 0.00000
vt 1.00000 0.00000
vt 0.00000 1.00000
vt 0.12500 1.00000
vt 0.25000 1.00000
vt 0.37500 1.00000
vt 0.50000 1.00000
vt 0.62500 1.00000
vt 0.75000 1.00000
vt 0.87500 1.00000
vt 1.00000 1.00000
vt 0.00000 0.00000
vt 0.12500 0.00000
vt 0.25000 0.00000
vt 0.37500 0.00000
vt 0.50000 0.00000
vt 0.62500 0.00000
vt 0.75000 0.00000
vt 0.87500 0.00000
vt 1.00000 0.00000
vt 0.00000 1.00000
vt 0.12500 1.00000
vt 0.25000 1.00000
vt 0.37500 1.00000
vt 0.50000 1.00000
vt 0.62500 1.00000
vt 0.75000 1.00000
vt 0.87500 1.00000
vt 1.00000 1.00000
vt 0.00000 0.00000
vt 0.12500 0.00000
vt 0.25000 0.00000
vt 0.37500 0.00000
vt 0.50000 0.00000
vt 0.62500 0.00000
vt 0.75000 0.00000
vt 0.87500 0.00000
vt 1.00000 0.00000
vt 0.00000 1.00000
vt 0.12500 1.00000
vt 0.25000 1.00000
vt 0.37500 1.00000
vt 0.50000 1.00000
vt 0.62500 1.00000
vt 0.75000 1.00000
vt 0.87500 1.00000
vt 1.00000 1.00000
f 4924/4924 4926/4926 4925/4925
f 4926/4926 4927/4927 4925/4925
f 4928/4928 4930/4930 4929/4929
f 4930/4930 4931/4931 4929/4929
f 4932/4932 4941/4941 4933/4933
f 4941/4941 4942/4942 4933/4933
f 4933/4933 4942/4942 4934/4934
f 4942/4942 4943/4943 4934/4934
f 4934/4934 4943/4943 4935/4935
f 4943/4943 4944/4944 4935/4935
f 4935/4935 4944/4944 4936/4936
f 4944/4944 4945/4945 4936/4936
f 4936/4936 4945/4945 4937/4937
f 4945/4945 4946/4946 4937/4937
f 4937/4937 4946/4946 4938/4938
f 4946/4946 4947/4947 4938/4938
f 4938/4938 4947/4947 4939/4939
f 4947/4947 4948/4948 4939/4939
f 4939/4939 4948/4948 4940/4940
f 4948/4948 4949/4949 4940/4940
f 4950/4950 4959/4959 4951/4951
f 4959/4959 4960/4960 4951/4951
f 4951/4951 4960/4960 4952/4952
f 4960/4960 4961/4961 4952/4952
f 4952/4952 4961/4961 4953/4953
f 4961/4961 4962/4962 4953/4953
f 4953/4953 4962/4962 4954/4954
f 4962/4962 4963/4963 4954/4954
f 4954/4954 4963/4963 4955/4955
f 4963/4963 4964/4964 4955/4955
f 4955/4955 4964/4964 4956/4956
f 4964/4964 4965/4965 4956/4956
f 4956/4956 4965/4965 4957/4957
f 4965/4965 4966/4966 4957/4957
f 4957/4957 4966/4966 4958/4958
f 4966/4966 4967/4967 4958/4958
f 4968/4968 4977/4977 4969/4969
f 4977/4977 4978/4978 4969/4969
f 4969/4969 4978/4978 4970/4970
f 4978/4978 4979/4979 4970/4970
f 4970/4970 4979/4979 4971/4971
f 4979/4979 4980/4980 4971/4971
f 4971/4971 4980/4980 4972/4972
f 4980/4980 4981/4981 4972/4972
f 4972/4972 4981/4981 4973/4973
f 4981/4981 4982/4982 4973/4973
f 4973/4973 4982/4982 4974/4974
f 4982/4982 4983/4983 4974/4974
f 4974/4974 4983/4983 4975/4975
f 4983/4983 4984/4984 4975/4975
f 4975/4975 4984/4984 4976/4976
f 4984/4984 4985/4985 4976/4976
f 4986/4986 4995/4995 4987/4987
f 4995/4995 4996/4996 4987/4987
f 4987/4987 4996/4996 4988/4988
f 4996/4996 4997/4997 4988/4988
f 4988/4988 4997/4997 4989/4989
f 4997/4997 4998/4998 4989/4989
f 4989/4989 4998/4998 4990/4990
f 4998/4998 4999/4999 4990/4990
f 4990/4990 4999/4999 4991/4991
f 4999/4999 5000/5000 4991/4991
f 4991/4991 5000/5000 4992/4992
f 5000/5000 5001/5001 4992/4992
f 4992/4992 5001/5001 4993/4993
f 5001/5001 5002/5002 4993/4993
f 4993/4993 5002/5002 4994/4994
f 5002/5002 5003/5003 4994/4994
v -3.15000 6.75857 5.28313
v -3.15000 6.75857 5.27313
v -3.15000 6.66429 5.28313
v -3.15000 6.66429 5.27313
v -4.40000 6.75857 5.39500
v -4.40000 6.75857 5.40500
v -4.40000 6.66429 5.39500
v -4.40000 6.66429 5.40500
v -4.40000 6.75857 5.39500
v -4.29583 6.75857 5.40072
v -4.19167 6.75857 5.40813
v -4.08750 6.75857 5.41234
v -3.98333 6.75857 5.41367
v -3.87917 6.75857 5.41652
v -3.77500 6.75857 5.42387
v -3.67083 6.75857 5.43207
v -3.56667 6.75857 5.43086
v -3.46250 6.75857 5.40976
v -3.35833 6.75857 5.36700
v -3.25417 6.75857 5.31433
v -3.15000 6.75857 5.27313
v -4.40000 6.75857 5.40500
v -4.29583 6.75857 5.41072
v -4.19167 6.75857 5.41813
v -4.08750 6.75857 5.42234
v -3.98333 6.75857 5.42367
v -3.87917 6.75857 5.42652
v -3.77500 6.75857 5.43387
v -3.67083 6.75857 5.44207
v -3.56667 6.75857 5.44086
v -3.46250 6.75857 5.41976
v -3.35833 6.75857 5.37700
v -3.25417 6.75857 5.32433
v -3.15000 6.75857 5.28313
v -4.40000 6.66429 5.40500
v -4.29583 6.66429 5.41072
v -4.19167 6.66429 5.41813
v -4.08750 6.66429 5.42234
v -3.98333 6.66429 5.42367
v -3.87917 6.66429 5.42652
v -3.77500 6.66429 5.43387
v -3.67083 6.66429 5.44207
v -3.56667 6.66429 5.44086
v -3.46250 6.66429 5.41976
v -3.35833 6.66429 5.37700
v -3.25417 6.66429 5.32433
v -3.15000 6.66429 5.28313
v -4.40000 6.66429 5.39500
v -4.29583 6.66429 5.40072
v -4.19167 6.66429 5.40813
v -4.08750 6.66429 5.41234
v -3.98333 6.66429 5.41367
v -3.87917 6.66429 5.41652
v -3.77500 6.66429 5.42387
v -3.67083 6.66429 5.43207
v -3.56667 6.66429 5.43086
v -3.46250 6.66429 5.40976
v -3.35833 6.66429 5.36700
v -3.25417 6.66429 5.31433
v -3.15000 6.66429 5.27313
v -4.40000 6.75857 5.40500
v -4.29583 6.75857 5.41072
v -4.19167 6.75857 5.41813
v -4.08750 6.75857 5.42234
v -3.98333 6.75857 5.42367
v -3.87917 6.75857 5.42652
v -3.77500 6.75857 5.43387
v -3.67083 6.75857 5.44207
v -3.56667 6.75857 5.44086
v -3.46250 6.75857 5.41976
v -3.35833 6.75857 5.37700
v -3.25417 6.75857 5.32433
v -3.15000 6.75857 5.28313
v -4.40000 6.66429 5.40500
v -4.29583 6.66429 5.41072
v -4.19167 6.66429 5.41813
v -4.08750 6.66429 5.42234
v -3.98333 6.66429 5.42367
v -3.87917 6.66429 5.42652
v -3.77500 6.66429 5.43387
v -3.67083 6.66429 5.44207
v -3.56667 6.66429 5.44086
v -3.46250 6.66429 5.41976
v -3.35833 6.66429 5.37700
v -3.25417 6.66429 5.32433
v -3.15000 6.66429 5.28313
v -3.15000 6.75857 5.27313
v -3.25417 6.75857 5.31433
v -3.35833 6.75857 5.36700
v -3.46250 6.75857 5.40976
v -3.56667 6.75857 5.43086
v -3.67083 6.75857 5.43207
v -3.77500 6.75857 5.42387
v -3.87917 6.75857 5.41652
v -3.98333 6.75857 5.41367
v -4.08750 6.75857 5.41234
v -4.19167 6.75857 5.40813
v -4.29583 6.75857 5.40072
v -4.40000 6.75857 5.39500
v -3.15000 6.66429 5.27313
v -3.25417 6.66429 5.31433
v -3.35833 6.66429 5.36700
v -3.46250 6.66429 5.40976
v -3.56667 6.66429 5.43086
v -3.67083 6.66429 5.43207
v -3.77500 6.66429 5.42387
v -3.87917 6.66429 5.41652
v -3.98333 6.66429 5.41367
v -4.08750 6.66429 5.41234
v -4.19167 6.66429 5.40813
v -4.29583 6.66429 5.40072
v -4.40000 6.66429 5.39500
vt 0.00000 0.00000
vt 1.00000 0.00000
vt 0.00000 1.00000
vt 1.00000 1.00000
vt 0.00000 0.00000
vt 1.00000 0.00000
vt 0.00000 1.00000
vt 1.00000 1.00000
vt 0.00000 0.00000
vt 0.08333 0.00000
vt 0.16667 0.00000
vt 0.25000 0.00000
vt 0.33333 0.00000
vt 0.41667 0.00000
vt 0.50000 0.00000
vt 0.58333 0.00000
vt 0.66667 0.00000
vt 0.75000 0.00000
vt 0.83333 0.00000
vt 0.91667 0.00000
vt 1.00000 0.00000
vt 0.00000 1.00000
vt 0.08333 1.00000
vt 0.16667 1.00000
vt 0.25000 1.00000
vt 0.33333 1.00000
vt 0.41667 1.00000
vt 0.50000 1.00000
vt 0.58333 1.00000
vt 0.66667 1.00000
vt 0.75000 1.00000
vt 0.83333 1.00000
vt 0.91667 1.00000
vt 1.00000 1.00000
vt 0.00000 0.00000
vt 0.08333 0.00000
vt 0.16667 0.00000
vt 0.25000 0.00000
vt 0.33333 0.00000
vt 0.41667 0.00000
vt 0.50000 0.00000
vt 0.58333 0.00000
vt 0.66667 0.00000
vt 0.75000 0.00000
vt 0.83333 0.00000
vt 0.91667 0.00000
vt 1.00000 0.00000
vt 0.00000 1.00000
vt 0.08333 1.00000
vt 0.16667 1.00000
vt 0.25000 1.00000
vt 0.33333 1.00000
vt 0.41667 1.00000
vt 0.50000 1.00000
vt 0.58333 1.00000
vt 0.66667 1.00000
vt 0.75000 1.00000
vt 0.83333 1.00000
vt 0.91667 1.00000
vt 1.00000 1.00000
vt 0.00000 0.00000
vt 0.08333 0.00000
vt 0.16667 0.00000
vt 0.25000 0.00000
vt 0.33333 0.00000
vt 0.41667 0.00000
vt 0.50000 0.00000
vt 0.58333 0.00000
vt 0.66667 0.00000
vt 0.75000 0.00000
vt 0.83333 0.00000
vt 0.91667 0.00000
vt 1.00000 0.00000
vt 0.00000 1.00000
vt 0.08333 1.00000
vt 0.16667 1.00000
vt 0.25000 1.00000
vt 0.33333 1.00000
vt 0.41667 1.00000
vt 0.50000 1.00000
vt 0.58333 1.00000
vt 0.66667 1.00000
vt 0.75000 1.00000
vt 0.83333 1.00000
vt 0.91667 1.00000
vt 1.00000 1.00000
vt 0.00000 0.00000
vt 0.08333 0.00000
vt 0.16667 0.00000
vt 0.25000 0.00000
vt 0.33333 0.00000
vt 0.41667 0.00000
vt 0.50000 0.00000
vt 0.58333 0.00000
vt 0.66667 0.00000
vt 0.75000 0.00000
vt 0.83333 0.00000
vt 0.91667 0.00000
vt 1.00000 0.00000
vt 0.00000 1.00000
vt 0.08333 1.00000
vt 0.16667 1.00000
vt 0.25000 1.00000
vt 0.33333 1.00000
vt 0.41667 1.00000
vt 0.50000 1.00000
vt 0.58333 1.00000
vt 0.66667 1.00000
vt 0.75000 1.00000
vt 0.83333 1.00000
vt 0.91667 1.00000
vt 1.00000 1.00000
f 5004/5004 5006/5006 5005/5005
f 5006/5006 5007/5007 5005/5005
f 5008/5008 5010/5010 5009/5009
f 5010/5010 5011/5011 5009/5009
f 5012/5012 5025/5025 5013/5013
f 5025/5025 5026/5026 5013/5013
f 5013/5013 5026/5026 5014/5014
f 5026/5026 5027/5027 5014/5014
f 5014/5014 5027/5027 5015/5015
f 5027/5027 5028/5028 5015/5015
f 5015/5015 5028/5028 5016/5016
f 5028/5028 5029/5029 5016/5016
f 5016/5016 5029/5029 5017/5017
f 5029/5029 5030/5030 5017/5017
f 5017/5017 5030/5030 5018/5018
f 5030/5030 5031/5031 5018/5018
f 5018/5018 5031/5031 5019/5019
f 5031/5031 5032/5032 5019/5019
f 5019/5019 5032/5032 5020/5020
f 5032/5032 5033/5033 5020/5020
f 5020/5020 5033/5033 5021/5021
f 5033/5033 5034/5034 5021/5021
f 5021/5021 5034/5034 5022/5022
f 5034/5034 5035/5035 5022/5022
f 5022/5022 5035/5035 5023/5023
f 5035/5035 5036/5036 5023/5023
f 5023/5023 5036/5036 5024/5024
f 5036/5036 5037/5037 5024/5024
f 5038/5038 5051/5051 5039/5039
f 5051/5051 5052/5052 5039/5039
f 5039/5039 5052/5052 5040/5040
f 5052/5052 5053/5053 5040/5040
f 5040/5040 5053/5053 5041/5041
f 5053/5053 5054/5054 5041/5041
f 5041/5041 5054/5054 5042/5042
f 5054/5054 5055/5055 5042/5042
f 5042/5042 5055/5055 5043/5043
f 5055/5055 5056/5056 5043/5043
f 5043/5043 5056/5056 5044/5044
f 5056/5056 5057/5057 5044/5044
f 5044/5044 5057/5057 5045/5045
f 5057/5057 5058/5058 5045/5045
f 5045/5045 5058/5058 5046/5046
f 5058/5058 5059/5059 5046/5046
f 5046/5046 5059/5059 5047/5047
f 5059/5059 5060/5060 5047/5047
f 5047/5047 5060/5060 5048/5048
f 5060/5060 5061/5061 5048/5048
f 5048/5048 5061/5061 5049/5049
f 5061/5061 5062/5062 5049/5049
f 5049/5049 5062/5062 5050/5050
f 5062/5062 5063/5063 5050/5050
f 5064/5064 5077/5077 5065/5065
f 5077/5077 5078/5078 5065/5065
f 5065/5065 5078/5078 5066/5066
f 5078/5078 5079/5079 5066/5066
f 5066/5066 5079/5079 5067/5067
f 5079/5079 5080/5080 5067/5067
f 5067/5067 5080/5080 5068/5068
f 5080/5080 5081/5081 5068/5068
f 5068/5068 5081/5081 5069/5069
f 5081/5081 5082/5082 5069/5069
f 5069/5069 5082/5082 5070/5070
f 5082/5082 5083/5083 5070/5070
f 5070/5070 5083/5083 5071/5071
f 5083/5083 5084/5084 5071/5071
f 5071/5071 5084/5084 5072/5072
f 5084/5084 5085/5085 5072/5072
f 5072/5072 5085/5085 5073/5073
f 5085/5085 5086/5086 5073/5073
f 5073/5073 5086/5086 5074/5074
f 5086/5086 5087/5087 5074/5074
f 5074/5074 5087/5087 5075/5075
f 5087/5087 5088/5088 5075/5075
f 5075/5075 5088/5088 5076/5076
f 5088/5088 5089/5089 5076/5076
f 5090/5090 5103/5103 5091/5091
f 5103/5103 5104/5104 5091/5091
f 5091/5091 5104/5104 5092/5092
f 5104/5104 5105/5105 5092/5092
f 5092/5092 5105/5105 5093/5093
f 5105/5105 5106/5106 5093/5093
f 5093/5093 5106/5106 5094/5094
f 5106/5106 5107/5107 5094/5094
f 5094/5094 5107/5107 5095/5095
f 5107/5107 5108/5108 5095/5095
f 5095/5095 5108/5108 5096/5096
f 5108/5108 5109/5109 5096/5096
f 5096/5096 5109/5109 5097/5097
f 5109/5109 5110/5110 5097/5097
f 5097/5097 5110/5110 5098/5098
f 5110/5110 5111/5111 5098/5098
f 5098/5098 5111/5111 5099/5099
f 5111/5111 5112/5112 5099/5099
f 5099/5099 5112/5112 5100/5100
f 5112/5112 5113/5113 5100/5100
f 5100/5100 5113/5113 5101/5101
f 5113/5113 5114/5114 5101/5101
f 5101/5101 5114/5114 5102/5102
f 5114/5114 5115/5115 5102/5102
usemtl flag_blue
v -3.90000 7.23000 5.42661
v -3.90000 7.23000 5.41461
v -3.90000 6.85286 5.42661
v -3.90000 6.85286 5.41461
v -4.40000 7.23000 5.39400
v -4.40000 7.23000 5.40600
v -4.40000 6.85286 5.39400
v -4.40000 6.85286 5.40600
v -4.40000 7.23000 5.39400
v -4.30000 7.23000 5.39942
v -4.20000 7.23000 5.40662
v -4.10000 7.23000 5.41105
v -4.00000 7.23000 5.41249
v -3.90000 7.23000 5.41461
v -4.40000 7.23000 5.40600
v -4.30000 7.23000 5.41142
v -4.20000 7.23000 5.41862
v -4.10000 7.23000 5.42305
v -4.00000 7.23000 5.42449
v -3.90000 7.23000 5.42661
v -4.40000 6.85286 5.40600
v -4.30000 6.85286 5.41142
v -4.20000 6.85286 5.41862
v -4.10000 6.85286 5.42305
v -4.00000 6.85286 5.42449
v -3.90000 6.85286 5.42661
v -4.40000 6.85286 5.39400
v -4.30000 6.85286 5.39942
v -4.20000 6.85286 5.40662
v -4.10000 6.85286 5.41105
v -4.00000 6.85286 5.41249
v -3.90000 6.85286 5.41461
v -4.40000 7.23000 5.40600
v -4.30000 7.23000 5.41142
v -4.20000 7.23000 5.41862
v -4.10000 7.23000 5.42305
v -4.00000 7.23000 5.42449
v -3.90000 7.23000 5.42661
v -4.40000 6.85286 5.40600
v -4.30000 6.85286 5.41142
v -4.20000 6.85286 5.41862
v -4.10000 6.85286 5.42305
v -4.00000 6.85286 5.42449
v -3.90000 6.85286 5.42661
v -3.90000 7.23000 5.41461
v -4.00000 7.23000 5.41249
v -4.10000 7.23000 5.41105
v -4.20000 7.23000 5.40662
v -4.30000 7.23000 5.39942
v -4.40000 7.23000 5.39400
v -3.90000 6.85286 5.41461
v -4.00000 6.85286 5.41249
v -4.10000 6.85286 5.41105
v -4.20000 6.85286 5.40662
v -4.30000 6.85286 5.39942
v -4.40000 6.85286 5.39400
vt 0.00000 0.00000
vt 1.00000 0.00000
vt 0.00000 1.00000
vt 1.00000 1.00000
vt 0.00000 0.00000
vt 1.00000 0.00000
vt 0.00000 1.00000
vt 1.00000 1.00000
vt 0.00000 0.00000
vt 0.20000 0.00000
vt 0.40000 0.00000
vt 0.60000 0.00000
vt 0.80000 0.00000
vt 1.00000 0.00000
vt 0.00000 1.00000
vt 0.20000 1.00000
vt 0.40000 1.00000
vt 0.60000 1.00000
vt 0.80000 1.00000
vt 1.00000 1.00000
vt 0.00000 0.00000
vt 0.20000 0.00000
vt 0.40000 0.00000
vt 0.60000 0.00000
vt 0.80000 0.00000
vt 1.00000 0.00000
vt 0.00000 1.00000
vt 0.20000 1.00000
vt 0.40000 1.00000
vt 0.60000 1.00000
vt 0.80000 1.00000
vt 1.00000 1.00000
vt 0.00000 0.00000
vt 0.20000 0.00000
vt 0.40000 0.00000
vt 0.60000 0.00000
vt 0.80000 0.00000
vt 1.00000 0.00000
vt 0.00000 1.00000
vt 0.20000 1.00000
vt 0.40000 1.00000
vt 0.60000 1.00000
vt 0.80000 1.00000
vt 1.00000 1.00000
vt 0.00000 0.00000
vt 0.20000 0.00000
vt 0.40000 0.00000
vt 0.60000 0.00000
vt 0.80000 0.00000
vt 1.00000 0.00000
vt 0.00000 1.00000
vt 0.20000 1.00000
vt 0.40000 1.00000
vt 0.60000 1.00000
vt 0.80000 1.00000
vt 1.00000 1.00000
f 5116/5116 5118/5118 5117/5117
f 5118/5118 5119/5119 5117/5117
f 5120/5120 5122/5122 5121/5121
f 5122/5122 5123/5123 5121/5121
f 5124/5124 5130/5130 5125/5125
f 5130/5130 5131/5131 5125/5125
f 5125/5125 5131/5131 5126/5126
f 5131/5131 5132/5132 5126/5126
f 5126/5126 5132/5132 5127/5127
f 5132/5132 5133/5133 5127/5127
f 5127/5127 5133/5133 5128/5128
f 5133/5133 5134/5134 5128/5128
f 5128/5128 5134/5134 5129/5129
f 5134/5134 5135/5135 5129/5129
f 5136/5136 5142/5142 5137/5137
f 5142/5142 5143/5143 5137/5137
f 5137/5137 5143/5143 5138/5138
f 5143/5143 5144/5144 5138/5138
f 5138/5138 5144/5144 5139/5139
f 5144/5144 5145/5145 5139/5139
f 5139/5139 5145/5145 5140/5140
f 5145/5145 5146/5146 5140/5140
f 5140/5140 5146/5146 5141/5141
f 5146/5146 5147/5147 5141/5141
f 5148/5148 5154/5154 5149/5149
f 5154/5154 5155/5155 5149/5149
f 5149/5149 5155/5155 5150/5150
f 5155/5155 5156/5156 5150/5150
f 5150/5150 5156/5156 5151/5151
f 5156/5156 5157/5157 5151/5151
f 5151/5151 5157/5157 5152/5152
f 5157/5157 5158/5158 5152/5152
f 5152/5152 5158/5158 5153/5153
f 5158/5158 5159/5159 5153/5153
f 5160/5160 5166/5166 5161/5161
f 5166/5166 5167/5167 5161/5161
f 5161/5161 5167/5167 5162/5162
f 5167/5167 5168/5168 5162/5162
f 5162/5162 5168/5168 5163/5163
f 5168/5168 5169/5169 5163/5163
f 5163/5163 5169/5169 5164/5164
f 5169/5169 5170/5170 5164/5164
f 5164/5164 5170/5170 5165/5165
f 5170/5170 5171/5171 5165/5165
usemtl sign_panel_white
v -9.05000 2.02500 9.63000
v -9.05000 2.02500 9.57000
v -9.05000 0.97500 9.63000
v -9.05000 0.97500 9.57000
v -11.75000 2.02500 9.57000
v -11.75000 2.02500 9.63000
v -11.75000 0.97500 9.57000
v -11.75000 0.97500 9.63000
v -11.75000 2.02500 9.57000
v -9.05000 2.02500 9.57000
v -11.75000 2.02500 9.63000
v -9.05000 2.02500 9.63000
v -11.75000 0.97500 9.63000
v -9.05000 0.97500 9.63000
v -11.75000 0.97500 9.57000
v -9.05000 0.97500 9.57000
v -11.75000 2.02500 9.63000
v -9.05000 2.02500 9.63000
v -11.75000 0.97500 9.63000
v -9.05000 0.97500 9.63000
v -9.05000 2.02500 9.57000
v -11.75000 2.02500 9.57000
v -9.05000 0.97500 9.57000
v -11.75000 0.97500 9.57000
vt 0.00000 0.00000
vt 1.00000 0.00000
vt 0.00000 1.00000
vt 1.00000 1.00000
vt 0.00000 0.00000
vt 1.00000 0.00000
vt 0.00000 1.00000
vt 1.00000 1.00000
vt 0.00000 0.00000
vt 1.00000 0.00000
vt 0.00000 1.00000
vt 1.00000 1.00000
vt 0.00000 0.00000
vt 1.00000 0.00000
vt 0.00000 1.00000
vt 1.00000 1.00000
vt 0.00000 0.00000
vt 1.00000 0.00000
vt 0.00000 1.00000
vt 1.00000 1.00000
vt 0.00000 0.00000
vt 1.00000 0.00000
vt 0.00000 1.00000
vt 1.00000 1.00000
f 5172/5172 5174/5174 5173/5173
f 5174/5174 5175/5175 5173/5173
f 5176/5176 5178/5178 5177/5177
f 5178/5178 5179/5179 5177/5177
f 5180/5180 5182/5182 5181/5181
f 5182/5182 5183/5183 5181/5181
f 5184/5184 5186/5186 5185/5185
f 5186/5186 5187/5187 5185/5185
f 5188/5188 5190/5190 5189/5189
f 5190/5190 5191/5191 5189/5189
f 5192/5192 5194/5194 5193/5193
f 5194/5194 5195/5195 5193/5193
usemtl sign_text_red
v -11.30288 1.84512 9.64300
v -11.30288 1.84512 9.63500
v -11.30288 1.82488 9.64300
v -11.30288 1.82488 9.63500
v -11.32312 1.84512 9.63500
v -11.32312 1.84512 9.64300
v -11.32312 1.82488 9.63500
v -11.32312 1.82488 9.64300
v -11.32312 1.84512 9.63500
v -11.30288 1.84512 9.63500
v -11.32312 1.84512 9.64300
v -11.30288 1.84512 9.64300
v -11.32312 1.82488 9.64300
v -11.30288 1.82488 9.64300
v -11.32312 1.82488 9.63500
v -11.30288 1.82488 9.63500
v -11.32312 1.84512 9.64300
v -11.30288 1.84512 9.64300
v -11.32312 1.82488 9.64300
v -11.30288 1.82488 9.64300
v -11.30288 1.84512 9.63500
v -11.32312 1.84512 9.63500
v -11.30288 1.82488 9.63500
v -11.32312 1.82488 9.63500
v -11.28088 1.84512 9.64300
v -11.28088 1.84512 9.63500
v -11.28088 1.82488 9.64300
v -11.28088 1.82488 9.63500
v -11.30112 1.84512 9.63500
v -11.30112 1.84512 9.64300
v -11.30112 1.82488 9.63500
v -11.30112 1.82488 9.64300
v -11.30112 1.84512 9.63500
v -11.28088 1.84512 9.63500
v -11.30112 1.84512 9.64300
v -11.28088 1.84512 9.64300
v -11.30112 1.82488 9.64300
v -11.28088 1.82488 9.64300
v -11.30112 1.82488 9.63500
v -11.28088 1.82488 9.63500
v -11.30112 1.84512 9.64300
v -11.28088 1.84512 9.64300
v -11.30112 1.82488 9.64300
v -11.28088 1.82488 9.64300
v -11.28088 1.84512 9.63500
v -11.30112 1.84512 9.63500
v -11.28088 1.82488 9.63500
v -11.30112 1.82488 9.63500
v -11.25888 1.84512 9.64300
v -11.25888 1.84512 9.63500
v -11.25888 1.82488 9.64300
v -11.25888 1.82488 9.63500
v -11.27912 1.84512 9.63500
v -11.27912 1.84512 9.64300
v -11.27912 1.82488 9.63500
v -11.27912 1.82488 9.64300
v -11.27912 1.84512 9.63500
v -11.25888 1.84512 9.63500
v -11.27912 1.84512 9.64300
v -11.25888 1.84512 9.64300
v -11.27912 1.82488 9.64300
v -11.25888 1.82488 9.64300
v -11.27912 1.82488 9.63500
v -11.25888 1.82488 9.63500
v -11.27912 1.84512 9.64300
v -11.25888 1.84512 9.64300
v -11.27912 1.82488 9.64300
v -11.25888 1.82488 9.64300
v -11.25888 1.84512 9.63500
v -11.27912 1.84512 9.63500
v -11.25888 1.82488 9.63500
v -11.27912 1.82488 9.63500
v -11.23688 1.84512 9.64300
v -11.23688 1.84512 9.63500
v -11.23688 1.82488 9.64300
v -11.23688 1.82488 9.63500
v -11.25712 1.84512 9.63500
v -11.25712 1.84512 9.64300
v -11.25712 1.82488 9.63500
v -11.25712 1.82488 9.64300
v -11.25712 1.84512 9.63500
v -11.23688 1.84512 9.63500
v -11.25712 1.84512 9.64300
v -11.23688 1.84512 9.64300
v -11.25712 1.82488 9.64300
v -11.23688 1.82488 9.64300
v -11.25712 1.82488 9.63500
v -11.23688 1.82488 9.63500
v -11.25712 1.84512 9.64300
v -11.23688 1.84512 9.64300
v -11.25712 1.82488 9.64300
v -11.23688 1.82488 9.64300
v -11.23688 1.84512 9.63500
v -11.25712 1.84512 9.63500
v -11.23688 1.82488 9.63500
v -11.25712 1.82488 9.63500
v -11.30288 1.82312 9.64300
v -11.30288 1.82312 9.63500
v -11.30288 1.80288 9.64300
v -11.30288 1.80288 9.63500
v -11.32312 1.82312 9.63500
v -11.32312 1.82312 9.64300
v -11.32312 1.80288 9.63500
v -11.32312 1.80288 9.64300
v -11.32312 1.82312 9.63500
v -11.30288 1.82312 9.63500
v -11.32312 1.82312 9.64300
v -11.30288 1.82312 9.64300
v -11.32312 1.80288 9.64300
v -11.30288 1.80288 9.64300
v -11.32312 1.80288 9.63500
v -11.30288 1.80288 9.63500
v -11.32312 1.82312 9.64300
v -11.30288 1.82312 9.64300
v -11.32312 1.80288 9.64300
v -11.30288 1.80288 9.64300
v -11.30288 1.82312 9.63500
v -11.32312 1.82312 9.63500
v -11.30288 1.80288 9.63500
v -11.32312 1.80288 9.63500
v -11.21488 1.82312 9.64300
v -11.21488 1.82312 9.63500
v -11.21488 1.80288 9.64300
v -11.21488 1.80288 9.63500
v -11.23512 1.82312 9.63500
v -11.23512 1.82312 9.64300
v -11.23512 1.80288 9.63500
v -11.23512 1.80288 9.64300
v -11.23512 1.82312 9.63500
v -11.21488 1.82312 9.63500
v -11.23512 1.82312 9.64300
v -11.21488 1.82312 9.64300
v -11.23512 1.80288 9.64300
v -11.21488 1.80288 9.64300
v -11.23512 1.80288 9.63500
v -11.21488 1.80288 9.63500
v -11.23512 1.82312 9.64300
v -11.21488 1.82312 9.64300
v -11.23512 1.80288 9.64300
v -11.21488 1.80288 9.64300
v -11.21488 1.82312 9.63500
v -11.23512 1.82312 9.63500
v -11.21488 1.80288 9.63500
v -11.23512 1.80288 9.63500
v -11.30288 1.80112 9.64300
v -11.30288 1.80112 9.63500
v -11.30288 1.78088 9.64300
v -11.30288 1.78088 9.63500
v -11.32312 1.80112 9.63500
v -11.32312 1.80112 9.64300
v -11.32312 1.78088 9.63500
v -11.32312 1.78088 9.64300
v -11.32312 1.80112 9.63500
v -11.30288 1.80112 9.63500
v -11.32312 1.80112 9.64300
v -11.30288 1.80112 9.64300
v -11.32312 1.78088 9.64300
v -11.30288 1.78088 9.64300
v -11.32312 1.78088 9.63500
v -11.30288 1.78088 9.63500
v -11.32312 1.80112 9.64300
v -11.30288 1.80112 9.64300
v -11.32312 1.78088 9.64300
v -11.30288 1.78088 9.64300
v -11.30288 1.80112 9.63500
v -11.32312 1.80112 9.63500
v -11.30288 1.78088 9.63500
v -11.32312 1.78088 9.63500
v -11.21488 1.80112 9.64300
v -11.21488 1.80112 9.63500
v -11.21488 1.78088 9.64300
v -11.21488 1.78088 9.63500
v -11.23512 1.80112 9.63500
v -11.23512 1.80112 9.64300
v -11.23512 1.78088 9.63500
v -11.23512 1.78088 9.64300
v -11.23512 1.80112 9.63500
v -11.21488 1.80112 9.63500
v -11.23512 1.80112 9.64300
v -11.21488 1.80112 9.64300
v -11.23512 1.78088 9.64300
v -11.21488 1.78088 9.64300
v -11.23512 1.78088 9.63500
v -11.21488 1.78088 9.63500
v -11.23512 1.80112 9.64300
v -11.21488 1.80112 9.64300
v -11.23512 1.78088 9.64300
v -11.21488 1.78088 9.64300
v -11.21488 1.80112 9.63500
v -11.23512 1.80112 9.63500
v -11.21488 1.78088 9.63500
v -11.23512 1.78088 9.63500
v -11.30288 1.77912 9.64300
v -11.30288 1.77912 9.63500
v -11.30288 1.75888 9.64300
v -11.30288 1.75888 9.63500
v -11.32312 1.77912 9.63500
v -11.32312 1.77912 9.64300
v -11.32312 1.75888 9.63500
v -11.32312 1.75888 9.64300
v -11.32312 1.77912 9.63500
v -11.30288 1.77912 9.63500
v -11.32312 1.77912 9.64300
v -11.30288 1.77912 9.64300
v -11.32312 1.75888 9.64300
v -11.30288 1.75888 9.64300
v -11.32312 1.75888 9.63500
v -11.30288 1.75888 9.63500
v -11.32312 1.77912 9.64300
v -11.30288 1.77912 9.64300
v -11.32312 1.75888 9.64300
v -11.30288 1.75888 9.64300
v -11.30288 1.77912 9.63500
v -11.32312 1.77912 9.63500
v -11.30288 1.75888 9.63500
v -11.32312 1.75888 9.63500
v -11.28088 1.77912 9.64300
v -11.28088 1.77912 9.63500
v -11.28088 1.75888 9.64300
v -11.28088 1.75888 9.63500
v -11.30112 1.77912 9.63500
v -11.30112 1.77912 9.64300
v -11.30112 1.75888 9.63500
v -11.30112 1.75888 9.64300
v -11.30112 1.77912 9.63500
v -11.28088 1.77912 9.63500
v -11.30112 1.77912 9.64300
v -11.28088 1.77912 9.64300
v -11.30112 1.75888 9.64300
v -11.28088 1.75888 9.64300
v -11.30112 1.75888 9.63500
v -11.28088 1.75888 9.63500
v -11.30112 1.77912 9.64300
v -11.28088 1.77912 9.64300
v -11.30112 1.75888 9.64300
v -11.28088 1.75888 9.64300
v -11.28088 1.77912 9.63500
v -11.30112 1.77912 9.63500
v -11.28088 1.75888 9.63500
v -11.30112 1.75888 9.63500
v -11.25888 1.77912 9.64300
v -11.25888 1.77912 9.63500
v -11.25888 1.75888 9.64300
v -11.25888 1.75888 9.63500
v -11.27912 1.77912 9.63500
v -11.27912 1.77912 9.64300
v -11.27912 1.75888 9.63500
v -11.27912 1.75888 9.64300
v -11.27912 1.77912 9.63500
v -11.25888 1.77912 9.63500
v -11.27912 1.77912 9.64300
v -11.25888 1.77912 9.64300
v -11.27912 1.75888 9.64300
v -11.25888 1.75888 9.64300
v -11.27912 1.75888 9.63500
v -11.25888 1.75888 9.63500
v -11.27912 1.77912 9.64300
v -11.25888 1.77912 9.64300
v -11.27912 1.75888 9.64300
v -11.25888 1.75888 9.64300
v -11.25888 1.77912 9.63500
v -11.27912 1.77912 9.63500
v -11.25888 1.75888 9.63500
v -11.27912 1.75888 9.63500
v -11.23688 1.77912 9.64300
v -11.23688 1.77912 9.63500
v -11.23688 1.75888 9.64300
v -11.23688 1.75888 9.63500
v -11.25712 1.77912 9.63500
v -11.25712 1.77912 9.64300
v -11.25712 1.75888 9.63500
v -11.25712 1.75888 9.64300
v -11.25712 1.77912 9.63500
v -11.23688 1.77912 9.63500
v -11.25712 1.77912 9.64300
v -11.23688 1.77912 9.64300
v -11.25712 1.75888 9.64300
v -11.23688 1.75888 9.64300
v -11.25712 1.75888 9.63500
v -11.23688 1.75888 9.63500
v -11.25712 1.77912 9.64300
v -11.23688 1.77912 9.64300
v -11.25712 1.75888 9.64300
v -11.23688 1.75888 9.64300
v -11.23688 1.77912 9.63500
v -11.25712 1.77912 9.63500
v -11.23688 1.75888 9.63500
v -11.25712 1.75888 9.63500
v -11.30288 1.75712 9.64300
v -11.30288 1.75712 9.63500
v -11.30288 1.73688 9.64300
v -11.30288 1.73688 9.63500
v -11.32312 1.75712 9.63500
v -11.32312 1.75712 9.64300
v -11.32312 1.73688 9.63500
v -11.32312 1.73688 9.64300
v -11.32312 1.75712 9.63500
v -11.30288 1.75712 9.63500
v -11.32312 1.75712 9.64300
v -11.30288 1.75712 9.64300
v -11.32312 1.73688 9.64300
v -11.30288 1.73688 9.64300
v -11.32312 1.73688 9.63500
v -11.30288 1.73688 9.63500
v -11.32312 1.75712 9.64300
v -11.30288 1.75712 9.64300
v -11.32312 1.73688 9.64300
v -11.30288 1.73688 9.64300
v -11.30288 1.75712 9.63500
v -11.32312 1.75712 9.63500
v -11.30288 1.73688 9.63500
v -11.32312 1.73688 9.63500
v -11.25888 1.75712 9.64300
v -11.25888 1.75712 9.63500
v -11.25888 1.73688 9.64300
v -11.25888 1.73688 9.63500
v -11.27912 1.75712 9.63500
v -11.27912 1.75712 9.64300
v -11.27912 1.73688 9.63500
v -11.27912 1.73688 9.64300
v -11.27912 1.75712 9.63500
v -11.25888 1.75712 9.63500
v -11.27912 1.75712 9.64300
v -11.25888 1.75712 9.64300
v -11.27912 1.73688 9.64300
v -11.25888 1.73688 9.64300
v -11.27912 1.73688 9.63500
v -11.25888 1.73688 9.63500
v -11.27912 1.75712 9.64300
v -11.25888 1.75712 9.64300
v -11.27912 1.73688 9.64300
v -11.25888 1.73688 9.64300
v -11.25888 1.75712 9.63500
v -11.27912 1.75712 9.63500
v -11.25888 1.73688 9.63500
v -11.27912 1.73688 9.63500
v -11.30288 1.73512 9.64300
v -11.30288 1.73512 9.63500
v -11.30288 1.71488 9.64300
v -11.30288 1.71488 9.63500
v -11.32312 1.73512 9.63500
v -11.32312 1.73512 9.64300
v -11.32312 1.71488 9.63500
v -11.32312 1.71488 9.64300
v -11.32312 1.73512 9.63500
v -11.30288 1.73512 9.63500
v -11.32312 1.73512 9.64300
v -11.30288 1.73512 9.64300
v -11.32312 1.71488 9.64300
v -11.30288 1.71488 9.64300
v -11.32312 1.71488 9.63500
v -11.30288 1.71488 9.63500
v -11.32312 1.73512 9.64300
v -11.30288 1.73512 9.64300
v -11.32312 1.71488 9.64300
v -11.30288 1.71488 9.64300
v -11.30288 1.73512 9.63500
v -11.32312 1.73512 9.63500
v -11.30288 1.71488 9.63500
v -11.32312 1.71488 9.63500
v -11.23688 1.73512 9.64300
v -11.23688 1.73512 9.63500
v -11.23688 1.71488 9.64300
v -11.23688 1.71488 9.63500
v -11.25712 1.73512 9.63500
v -11.25712 1.73512 9.64300
v -11.25712 1.71488 9.63500
v -11.25712 1.71488 9.64300
v -11.25712 1.73512 9.63500
v -11.23688 1.73512 9.63500
v -11.25712 1.73512 9.64300
v -11.23688 1.73512 9.64300
v -11.25712 1.71488 9.64300
v -11.23688 1.71488 9.64300
v -11.25712 1.71488 9.63500
v -11.23688 1.71488 9.63500
v -11.25712 1.73512 9.64300
v -11.23688 1.73512 9.64300
v -11.25712 1.71488 9.64300
v -11.23688 1.71488 9.64300
v -11.23688 1.73512 9.63500
v -11.25712 1.73512 9.63500
v -11.23688 1.71488 9.63500
v -11.25712 1.71488 9.63500
v -11.30288 1.71312 9.64300
v -11.30288 1.71312 9.63500
v -11.30288 1.69288 9.64300
v -11.30288 1.69288 9.63500
v -11.32312 1.71312 9.63500
v -11.32312 1.71312 9.64300
v -11.32312 1.69288 9.63500
v -11.32312 1.69288 9.64300
v -11.32312 1.71312 9.63500
v -11.30288 1.71312 9.63500
v -11.32312 1.71312 9.64300
v -11.30288 1.71312 9.64300
v -11.32312 1.69288 9.64300
v -11.30288 1.69288 9.64300
v -11.32312 1.69288 9.63500
v -11.30288 1.69288 9.63500
v -11.32312 1.71312 9.64300
v -11.30288 1.71312 9.64300
v -11.32312 1.69288 9.64300
v -11.30288 1.69288 9.64300
v -11.30288 1.71312 9.63500
v -11.32312 1.71312 9.63500
v -11.30288 1.69288 9.63500
v -11.32312 1.69288 9.63500
v -11.21488 1.71312 9.64300
v -11.21488 1.71312 9.63500
v -11.21488 1.69288 9.64300
v -11.21488 1.69288 9.63500
v -11.23512 1.71312 9.63500
v -11.23512 1.71312 9.64300
v -11.23512 1.69288 9.63500
v -11.23512 1.69288 9.64300
v -11.23512 1.71312 9.63500
v -11.21488 1.71312 9.63500
v -11.23512 1.71312 9.64300
v -11.21488 1.71312 9.64300
v -11.23512 1.69288 9.64300
v -11.21488 1.69288 9.64300
v -11.23512 1.69288 9.63500
v -11.21488 1.69288 9.63500
v -11.23512 1.71312 9.64300
v -11.21488 1.71312 9.64300
v -11.23512 1.69288 9.64300
v -11.21488 1.69288 9.64300
v -11.21488 1.71312 9.63500
v -11.23512 1.71312 9.63500
v -11.21488 1.69288 9.63500
v -11.23512 1.69288 9.63500
v -11.14888 1.84512 9.64300
v -11.14888 1.84512 9.63500
v -11.14888 1.82488 9.64300
v -11.14888 1.82488 9.63500
v -11.16912 1.84512 9.63500
v -11.16912 1.84512 9.64300
v -11.16912 1.82488 9.63500
v -11.16912 1.82488 9.64300
v -11.16912 1.84512 9.63500
v -11.14888 1.84512 9.63500
v -11.16912 1.84512 9.64300
v -11.14888 1.84512 9.64300
v -11.16912 1.82488 9.64300
v -11.14888 1.82488 9.64300
v -11.16912 1.82488 9.63500
v -11.14888 1.82488 9.63500
v -11.16912 1.84512 9.64300
v -11.14888 1.84512 9.64300
v -11.16912 1.82488 9.64300
v -11.14888 1.82488 9.64300
v -11.14888 1.84512 9.63500
v -11.16912 1.84512 9.63500
v -11.14888 1.82488 9.63500
v -11.16912 1.82488 9.63500
v -11.12688 1.84512 9.64300
v -11.12688 1.84512 9.63500
v -11.12688 1.82488 9.64300
v -11.12688 1.82488 9.63500
v -11.14712 1.84512 9.63500
v -11.14712 1.84512 9.64300
v -11.14712 1.82488 9.63500
v -11.14712 1.82488 9.64300
v -11.14712 1.84512 9.63500
v -11.12688 1.84512 9.63500
v -11.14712 1.84512 9.64300
v -11.12688 1.84512 9.64300
v -11.14712 1.82488 9.64300
v -11.12688 1.82488 9.64300
v -11.14712 1.82488 9.63500
v -11.12688 1.82488 9.63500
v -11.14712 1.84512 9.64300
v -11.12688 1.84512 9.64300
v -11.14712 1.82488 9.64300
v -11.12688 1.82488 9.64300
v -11.12688 1.84512 9.63500
v -11.14712 1.84512 9.63500
v -11.12688 1.82488 9.63500
v -11.14712 1.82488 9.63500
v -11.10488 1.84512 9.64300
v -11.10488 1.84512 9.63500
v -11.10488 1.82488 9.64300
v -11.10488 1.82488 9.63500
v -11.12512 1.84512 9.63500
v -11.12512 1.84512 9.64300
v -11.12512 1.82488 9.63500
v -11.12512 1.82488 9.64300
v -11.12512 1.84512 9.63500
v -11.10488 1.84512 9.63500
v -11.12512 1.84512 9.64300
v -11.10488 1.84512 9.64300
v -11.12512 1.82488 9.64300
v -11.10488 1.82488 9.64300
v -11.12512 1.82488 9.63500
v -11.10488 1.82488 9.63500
v -11.12512 1.84512 9.64300
v -11.10488 1.84512 9.64300
v -11.12512 1.82488 9.64300
v -11.10488 1.82488 9.64300
v -11.10488 1.84512 9.63500
v -11.12512 1.84512 9.63500
v -11.10488 1.82488 9.63500
v -11.12512 1.82488 9.63500
v -11.17088 1.82312 9.64300
v -11.17088 1.82312 9.63500
v -11.17088 1.80288 9.64300
v -11.17088 1.80288 9.63500
v -11.19112 1.82312 9.63500
v -11.19112 1.82312 9.64300
v -11.19112 1.80288 9.63500
v -11.19112 1.80288 9.64300
v -11.19112 1.82312 9.63500
v -11.17088 1.82312 9.63500
v -11.19112 1.82312 9.64300
v -11.17088 1.82312 9.64300
v -11.19112 1.80288 9.64300
v -11.17088 1.80288 9.64300
v -11.19112 1.80288 9.63500
v -11.17088 1.80288 9.63500
v -11.19112 1.82312 9.64300
v -11.17088 1.82312 9.64300
v -11.19112 1.80288 9.64300
v -11.17088 1.80288 9.64300
v -11.17088 1.82312 9.63500
v -11.19112 1.82312 9.63500
v -11.17088 1.80288 9.63500
v -11.19112 1.80288 9.63500
v -11.08288 1.82312 9.64300
v -11.08288 1.82312 9.63500
v -11.08288 1.80288 9.64300
v -11.08288 1.80288 9.63500
v -11.10312 1.82312 9.63500
v -11.10312 1.82312 9.64300
v -11.10312 1.80288 9.63500
v -11.10312 1.80288 9.64300
v -11.10312 1.82312 9.63500
v -11.08288 1.82312 9.63500
v -11.10312 1.82312 9.64300
v -11.08288 1.82312 9.64300
v -11.10312 1.80288 9.64300
v -11.08288 1.80288 9.64300
v -11.10312 1.80288 9.63500
v -11.08288 1.80288 9.63500
v -11.10312 1.82312 9.64300
v -11.08288 1.82312 9.64300
v -11.10312 1.80288 9.64300
v -11.08288 1.80288 9.64300
v -11.08288 1.82312 9.63500
v -11.10312 1.82312 9.63500
v -11.08288 1.80288 9.63500
v -11.10312 1.80288 9.63500
v -11.17088 1.80112 9.64300
v -11.17088 1.80112 9.63500
v -11.17088 1.78088 9.64300
v -11.17088 1.78088 9.63500
v -11.19112 1.80112 9.63500
v -11.19112 1.80112 9.64300
v -11.19112 1.78088 9.63500
v -11.19112 1.78088 9.64300
v -11.19112 1.80112 9.63500
v -11.17088 1.80112 9.63500
v -11.19112 1.80112 9.64300
v -11.17088 1.80112 9.64300
v -11.19112 1.78088 9.64300
v -11.17088 1.78088 9.64300
v -11.19112 1.78088 9.63500
v -11.17088 1.78088 9.63500
v -11.19112 1.80112 9.64300
v -11.17088 1.80112 9.64300
v -11.19112 1.78088 9.64300
v -11.17088 1.78088 9.64300
v -11.17088 1.80112 9.63500
v -11.19112 1.80112 9.63500
v -11.17088 1.78088 9.63500
v -11.19112 1.78088 9.63500
v -11.08288 1.80112 9.64300
v -11.08288 1.80112 9.63500
v -11.08288 1.78088 9.64300
v -11.08288 1.78088 9.63500
v -11.10312 1.80112 9.63500
v -11.10312 1.80112 9.64300
v -11.10312 1.78088 9.63500
v -11.10312 1.78088 9.64300
v -11.10312 1.80112 9.63500
v -11.08288 1.80112 9.63500
v -11.10312 1.80112 9.64300
v -11.08288 1.80112 9.64300
v -11.10312 1.78088 9.64300
v -11.08288 1.78088 9.64300
v -11.10312 1.78088 9.63500
v -11.08288 1.78088 9.63500
v -11.10312 1.80112 9.64300
v -11.08288 1.80112 9.64300
v -11.10312 1.78088 9.64300
v -11.08288 1.78088 9.64300
v -11.08288 1.80112 9.63500
v -11.10312 1.80112 9.63500
v -11.08288 1.78088 9.63500
v -11.10312 1.78088 9.63500
v -11.17088 1.77912 9.64300
v -11.17088 1.77912 9.63500
v -11.17088 1.75888 9.64300
v -11.17088 1.75888 9.63500
v -11.19112 1.77912 9.63500
v -11.19112 1.77912 9.64300
v -11.19112 1.75888 9.63500
v -11.19112 1.75888 9.64300
v -11.19112 1.77912 9.63500
v -11.17088 1.77912 9.63500
v -11.19112 1.77912 9.64300
v -11.17088 1.77912 9.64300
v -11.19112 1.75888 9.64300
v -11.17088 1.75888 9.64300
v -11.19112 1.75888 9.63500
v -11.17088 1.75888 9.63500
v -11.19112 1.77912 9.64300
v -11.17088 1.77912 9.64300
v -11.19112 1.75888 9.64300
v -11.17088 1.75888 9.64300
v -11.17088 1.77912 9.63500
v -11.19112 1.77912 9.63500
v -11.17088 1.75888 9.63500
v -11.19112 1.75888 9.63500
v -11.08288 1.77912 9.64300
v -11.08288 1.77912 9.63500
v -11.08288 1.75888 9.64300
v -11.08288 1.75888 9.63500
v -11.10312 1.77912 9.63500
v -11.10312 1.77912 9.64300
v -11.10312 1.75888 9.63500
v -11.10312 1.75888 9.64300
v -11.10312 1.77912 9.63500
v -11.08288 1.77912 9.63500
v -11.10312 1.77912 9.64300
v -11.08288 1.77912 9.64300
v -11.10312 1.75888 9.64300
v -11.08288 1.75888 9.64300
v -11.10312 1.75888 9.63500
v -11.08288 1.75888 9.63500
v -11.10312 1.77912 9.64300
v -11.08288 1.77912 9.64300
v -11.10312 1.75888 9.64300
v -11.08288 1.75888 9.64300
v -11.08288 1.77912 9.63500
v -11.10312 1.77912 9.63500
v -11.08288 1.75888 9.63500
v -11.10312 1.75888 9.63500
v -11.17088 1.75712 9.64300
v -11.17088 1.75712 9.63500
v -11.17088 1.73688 9.64300
v -11.17088 1.73688 9.63500
v -11.19112 1.75712 9.63500
v -11.19112 1.75712 9.64300
v -11.19112 1.73688 9.63500
v -11.19112 1.73688 9.64300
v -11.19112 1.75712 9.63500
v -11.17088 1.75712 9.63500
v -11.19112 1.75712 9.64300
v -11.17088 1.75712 9.64300
v -11.19112 1.73688 9.64300
v -11.17088 1.73688 9.64300
v -11.19112 1.73688 9.63500
v -11.17088 1.73688 9.63500
v -11.19112 1.75712 9.64300
v -11.17088 1.75712 9.64300
v -11.19112 1.73688 9.64300
v -11.17088 1.73688 9.64300
v -11.17088 1.75712 9.63500
v -11.19112 1.75712 9.63500
v -11.17088 1.73688 9.63500
v -11.19112 1.73688 9.63500
v -11.08288 1.75712 9.64300
v -11.08288 1.75712 9.63500
v -11.08288 1.73688 9.64300
v -11.08288 1.73688 9.63500
v -11.10312 1.75712 9.63500
v -11.10312 1.75712 9.64300
v -11.10312 1.73688 9.63500
v -11.10312 1.73688 9.64300
v -11.10312 1.75712 9.63500
v -11.08288 1.75712 9.63500
v -11.10312 1.75712 9.64300
v -11.08288 1.75712 9.64300
v -11.10312 1.73688 9.64300
v -11.08288 1.73688 9.64300
v -11.10312 1.73688 9.63500
v -11.08288 1.73688 9.63500
v -11.10312 1.75712 9.64300
v -11.08288 1.75712 9.64300
v -11.10312 1.73688 9.64300
v -11.08288 1.73688 9.64300
v -11.08288 1.75712 9.63500
v -11.10312 1.75712 9.63500
v -11.08288 1.73688 9.63500
v -11.10312 1.73688 9.63500
v -11.17088 1.73512 9.64300
v -11.17088 1.73512 9.63500
v -11.17088 1.71488 9.64300
v -11.17088 1.71488 9.63500
v -11.19112 1.73512 9.63500
v -11.19112 1.73512 9.64300
v -11.19112 1.71488 9.63500
v -11.19112 1.71488 9.64300
v -11.19112 1.73512 9.63500
v -11.17088 1.73512 9.63500
v -11.19112 1.73512 9.64300
v -11.17088 1.73512 9.64300
v -11.19112 1.71488 9.64300
v -11.17088 1.71488 9.64300
v -11.19112 1.71488 9.63500
v -11.17088 1.71488 9.63500
v -11.19112 1.73512 9.64300
v -11.17088 1.73512 9.64300
v -11.19112 1.71488 9.64300
v -11.17088 1.71488 9.64300
v -11.17088 1.73512 9.63500
v -11.19112 1.73512 9.63500
v -11.17088 1.71488 9.63500
v -11.19112 1.71488 9.63500
v -11.08288 1.73512 9.64300
v -11.08288 1.73512 9.63500
v -11.08288 1.71488 9.64300
v -11.08288 1.71488 9.63500
v -11.10312 1.73512 9.63500
v -11.10312 1.73512 9.64300
v -11.10312 1.71488 9.63500
v -11.10312 1.71488 9.64300
v -11.10312 1.73512 9.63500
v -11.08288 1.73512 9.63500
v -11.10312 1.73512 9.64300
v -11.08288 1.73512 9.64300
v -11.10312 1.71488 9.64300
v -11.08288 1.71488 9.64300
v -11.10312 1.71488 9.63500
v -11.08288 1.71488 9.63500
v -11.10312 1.73512 9.64300
v -11.08288 1.73512 9.64300
v -11.10312 1.71488 9.64300
v -11.08288 1.71488 9.64300
v -11.08288 1.73512 9.63500
v -11.10312 1.73512 9.63500
v -11.08288 1.71488 9.63500
v -11.10312 1.71488 9.63500
v -11.14888 1.71312 9.64300
v -11.14888 1.71312 9.63500
v -11.14888 1.69288 9.64300
v -11.14888 1.69288 9.63500
v -11.16912 1.71312 9.63500
v -11.16912 1.71312 9.64300
v -11.16912 1.69288 9.63500
v -11.16912 1.69288 9.64300
v -11.16912 1.71312 9.63500
v -11.14888 1.71312 9.63500
v -11.16912 1.71312 9.64300
v -11.14888 1.71312 9.64300
v -11.16912 1.69288 9.64300
v -11.14888 1.69288 9.64300
v -11.16912 1.69288 9.63500
v -11.14888 1.69288 9.63500
v -11.16912 1.71312 9.64300
v -11.14888 1.71312 9.64300
v -11.16912 1.69288 9.64300
v -11.14888 1.69288 9.64300
v -11.14888 1.71312 9.63500
v -11.16912 1.71312 9.63500
v -11.14888 1.69288 9.63500
v -11.16912 1.69288 9.63500
v -11.12688 1.71312 9.64300
v -11.12688 1.71312 9.63500
v -11.12688 1.69288 9.64300
v -11.12688 1.69288 9.63500
v -11.14712 1.71312 9.63500
v -11.14712 1.71312 9.64300
v -11.14712 1.69288 9.63500
v -11.14712 1.69288 9.64300
v -11.14712 1.71312 9.63500
v -11.12688 1.71312 9.63500
v -11.14712 1.71312 9.64300
v -11.12688 1.71312 9.64300
v -11.14712 1.69288 9.64300
v -11.12688 1.69288 9.64300
v -11.14712 1.69288 9.63500
v -11.12688 1.69288 9.63500
v -11.14712 1.71312 9.64300
v -11.12688 1.71312 9.64300
v -11.14712 1.69288 9.64300
v -11.12688 1.69288 9.64300
v -11.12688 1.71312 9.63500
v -11.14712 1.71312 9.63500
v -11.12688 1.69288 9.63500
v -11.14712 1.69288 9.63500
v -11.10488 1.71312 9.64300
v -11.10488 1.71312 9.63500
v -11.10488 1.69288 9.64300
v -11.10488 1.69288 9.63500
v -11.12512 1.71312 9.63500
v -11.12512 1.71312 9.64300
v -11.12512 1.69288 9.63500
v -11.12512 1.69288 9.64300
v -11.12512 1.71312 9.63500
v -11.10488 1.71312 9.63500
v -11.12512 1.71312 9.64300
v -11.10488 1.71312 9.64300
v -11.12512 1.69288 9.64300
v -11.10488 1.69288 9.64300
v -11.12512 1.69288 9.63500
v -11.10488 1.69288 9.63500
v -11.12512 1.71312 9.64300
v -11.10488 1.71312 9.64300
v -11.12512 1.69288 9.64300
v -11.10488 1.69288 9.64300
v -11.10488 1.71312 9.63500
v -11.12512 1.71312 9.63500
v -11.10488 1.69288 9.63500
v -11.12512 1.69288 9.63500
v -11.01688 1.84512 9.64300
v -11.01688 1.84512 9.63500
v -11.01688 1.82488 9.64300
v -11.01688 1.82488 9.63500
v -11.03712 1.84512 9.63500
v -11.03712 1.84512 9.64300
v -11.03712 1.82488 9.63500
v -11.03712 1.82488 9.64300
v -11.03712 1.84512 9.63500
v -11.01688 1.84512 9.63500
v -11.03712 1.84512 9.64300
v -11.01688 1.84512 9.64300
v -11.03712 1.82488 9.64300
v -11.01688 1.82488 9.64300
v -11.03712 1.82488 9.63500
v -11.01688 1.82488 9.63500
v -11.03712 1.84512 9.64300
v -11.01688 1.84512 9.64300
v -11.03712 1.82488 9.64300
v -11.01688 1.82488 9.64300
v -11.01688 1.84512 9.63500
v -11.03712 1.84512 9.63500
v -11.01688 1.82488 9.63500
v -11.03712 1.82488 9.63500
v -10.99488 1.84512 9.64300
v -10.99488 1.84512 9.63500
v -10.99488 1.82488 9.64300
v -10.99488 1.82488 9.63500
v -11.01512 1.84512 9.63500
v -11.01512 1.84512 9.64300
v -11.01512 1.82488 9.63500
v -11.01512 1.82488 9.64300
v -11.01512 1.84512 9.63500
v -10.99488 1.84512 9.63500
v -11.01512 1.84512 9.64300
v -10.99488 1.84512 9.64300
v -11.01512 1.82488 9.64300
v -10.99488 1.82488 9.64300
v -11.01512 1.82488 9.63500
v -10.99488 1.82488 9.63500
v -11.01512 1.84512 9.64300
v -10.99488 1.84512 9.64300
v -11.01512 1.82488 9.64300
v -10.99488 1.82488 9.64300
v -10.99488 1.84512 9.63500
v -11.01512 1.84512 9.63500
v -10.99488 1.82488 9.63500
v -11.01512 1.82488 9.63500
v -10.97288 1.84512 9.64300
v -10.97288 1.84512 9.63500
v -10.97288 1.82488 9.64300
v -10.97288 1.82488 9.63500
v -10.99312 1.84512 9.63500
v -10.99312 1.84512 9.64300
v -10.99312 1.82488 9.63500
v -10.99312 1.82488 9.64300
v -10.99312 1.84512 9.63500
v -10.97288 1.84512 9.63500
v -10.99312 1.84512 9.64300
v -10.97288 1.84512 9.64300
v -10.99312 1.82488 9.64300
v -10.97288 1.82488 9.64300
v -10.99312 1.82488 9.63500
v -10.97288 1.82488 9.63500
v -10.99312 1.84512 9.64300
v -10.97288 1.84512 9.64300
v -10.99312 1.82488 9.64300
v -10.97288 1.82488 9.64300
v -10.97288 1.84512 9.63500
v -10.99312 1.84512 9.63500
v -10.97288 1.82488 9.63500
v -10.99312 1.82488 9.63500
v -10.95088 1.84512 9.64300
v -10.95088 1.84512 9.63500
v -10.95088 1.82488 9.64300
v -10.95088 1.82488 9.63500
v -10.97112 1.84512 9.63500
v -10.97112 1.84512 9.64300
v -10.97112 1.82488 9.63500
v -10.97112 1.82488 9.64300
v -10.97112 1.84512 9.63500
v -10.95088 1.84512 9.63500
v -10.97112 1.84512 9.64300
v -10.95088 1.84512 9.64300
v -10.97112 1.82488 9.64300
v -10.95088 1.82488 9.64300
v -10.97112 1.82488 9.63500
v -10.95088 1.82488 9.63500
v -10.97112 1.84512 9.64300
v -10.95088 1.84512 9.64300
v -10.97112 1.82488 9.64300
v -10.95088 1.82488 9.64300
v -10.95088 1.84512 9.63500
v -10.97112 1.84512 9.63500
v -10.95088 1.82488 9.63500
v -10.97112 1.82488 9.63500
v -11.03888 1.82312 9.64300
v -11.03888 1.82312 9.63500
v -11.03888 1.80288 9.64300
v -11.03888 1.80288 9.63500
v -11.05912 1.82312 9.63500
v -11.05912 1.82312 9.64300
v -11.05912 1.80288 9.63500
v -11.05912 1.80288 9.64300
v -11.05912 1.82312 9.63500
v -11.03888 1.82312 9.63500
v -11.05912 1.82312 9.64300
v -11.03888 1.82312 9.64300
v -11.05912 1.80288 9.64300
v -11.03888 1.80288 9.64300
v -11.05912 1.80288 9.63500
v -11.03888 1.80288 9.63500
v -11.05912 1.82312 9.64300
v -11.03888 1.82312 9.64300
v -11.05912 1.80288 9.64300
v -11.03888 1.80288 9.64300
v -11.03888 1.82312 9.63500
v -11.05912 1.82312 9.63500
v -11.03888 1.80288 9.63500
v -11.05912 1.80288 9.63500
v -11.03888 1.80112 9.64300
v -11.03888 1.80112 9.63500
v -11.03888 1.78088 9.64300
v -11.03888 1.78088 9.63500
v -11.05912 1.80112 9.63500
v -11.05912 1.80112 9.64300
v -11.05912 1.78088 9.63500
v -11.05912 1.78088 9.64300
v -11.05912 1.80112 9.63500
v -11.03888 1.80112 9.63500
v -11.05912 1.80112 9.64300
v -11.03888 1.80112 9.64300
v -11.05912 1.78088 9.64300
v -11.03888 1.78088 9.64300
v -11.05912 1.78088 9.63500
v -11.03888 1.78088 9.63500
v -11.05912 1.80112 9.64300
v -11.03888 1.80112 9.64300
v -11.05912 1.78088 9.64300
v -11.03888 1.78088 9.64300
v -11.03888 1.80112 9.63500
v -11.05912 1.80112 9.63500
v -11.03888 1.78088 9.63500
v -11.05912 1.78088 9.63500
v -11.01688 1.77912 9.64300
v -11.01688 1.77912 9.63500
v -11.01688 1.75888 9.64300
v -11.01688 1.75888 9.63500
v -11.03712 1.77912 9.63500
v -11.03712 1.77912 9.64300
v -11.03712 1.75888 9.63500
v -11.03712 1.75888 9.64300
v -11.03712 1.77912 9.63500
v -11.01688 1.77912 9.63500
v -11.03712 1.77912 9.64300
v -11.01688 1.77912 9.64300
v -11.03712 1.75888 9.64300
v -11.01688 1.75888 9.64300
v -11.03712 1.75888 9.63500
v -11.01688 1.75888 9.63500
v -11.03712 1.77912 9.64300
v -11.01688 1.77912 9.64300
v -11.03712 1.75888 9.64300
v -11.01688 1.75888 9.64300
v -11.01688 1.77912 9.63500
v -11.03712 1.77912 9.63500
v -11.01688 1.75888 9.63500
v -11.03712 1.75888 9.63500
v -10.99488 1.77912 9.64300
v -10.99488 1.77912 9.63500
v -10.99488 1.75888 9.64300
v -10.99488 1.75888 9.63500
v -11.01512 1.77912 9.63500
v -11.01512 1.77912 9.64300
v -11.01512 1.75888 9.63500
v -11.01512 1.75888 9.64300
v -11.01512 1.77912 9.63500
v -10.99488 1.77912 9.63500
v -11.01512 1.77912 9.64300
v -10.99488 1.77912 9.64300
v -11.01512 1.75888 9.64300
v -10.99488 1.75888 9.64300
v -11.01512 1.75888 9.63500
v -10.99488 1.75888 9.63500
v -11.01512 1.77912 9.64300
v -10.99488 1.77912 9.64300
v -11.01512 1.75888 9.64300
v -10.99488 1.75888 9.64300
v -10.99488 1.77912 9.63500
v -11.01512 1.77912 9.63500
v -10.99488 1.75888 9.63500
v -11.01512 1.75888 9.63500
v -10.97288 1.77912 9.64300
v -10.97288 1.77912 9.63500
v -10.97288 1.75888 9.64300
v -10.97288 1.75888 9.63500
v -10.99312 1.77912 9.63500
v -10.99312 1.77912 9.64300
v -10.99312 1.75888 9.63500
v -10.99312 1.75888 9.64300
v -10.99312 1.77912 9.63500
v -10.97288 1.77912 9.63500
v -10.99312 1.77912 9.64300
v -10.97288 1.77912 9.64300
v -10.99312 1.75888 9.64300
v -10.97288 1.75888 9.64300
v -10.99312 1.75888 9.63500
v -10.97288 1.75888 9.63500
v -10.99312 1.77912 9.64300
v -10.97288 1.77912 9.64300
v -10.99312 1.75888 9.64300
v -10.97288 1.75888 9.64300
v -10.97288 1.77912 9.63500
v -10.99312 1.77912 9.63500
v -10.97288 1.75888 9.63500
v -10.99312 1.75888 9.63500
v -10.95088 1.75712 9.64300
v -10.95088 1.75712 9.63500
v -10.95088 1.73688 9.64300
v -10.95088 1.73688 9.63500
v -10.97112 1.75712 9.63500
v -10.97112 1.75712 9.64300
v -10.97112 1.73688 9.63500
v -10.97112 1.73688 9.64300
v -10.97112 1.75712 9.63500
v -10.95088 1.75712 9.63500
v -10.97112 1.75712 9.64300
v -10.95088 1.75712 9.64300
v -10.97112 1.73688 9.64300
v -10.95088 1.73688 9.64300
v -10.97112 1.73688 9.63500
v -10.95088 1.73688 9.63500
v -10.97112 1.75712 9.64300
v -10.95088 1.75712 9.64300
v -10.97112 1.73688 9.64300
v -10.95088 1.73688 9.64300
v -10.95088 1.75712 9.63500
v -10.97112 1.75712 9.63500
v -10.95088 1.73688 9.63500
v -10.97112 1.73688 9.63500
v -10.95088 1.73512 9.64300
v -10.95088 1.73512 9.63500
v -10.95088 1.71488 9.64300
v -10.95088 1.71488 9.63500
v -10.97112 1.73512 9.63500
v -10.97112 1.73512 9.64300
v -10.97112 1.71488 9.63500
v -10.97112 1.71488 9.64300
v -10.97112 1.73512 9.63500
v -10.95088 1.73512 9.63500
v -10.97112 1.73512 9.64300
v -10.95088 1.73512 9.64300
v -10.97112 1.71488 9.64300
v -10.95088 1.71488 9.64300
v -10.97112 1.71488 9.63500
v -10.95088 1.71488 9.63500
v -10.97112 1.73512 9.64300
v -10.95088 1.73512 9.64300
v -10.97112 1.71488 9.64300
v -10.95088 1.71488 9.64300
v -10.95088 1.73512 9.63500
v -10.97112 1.73512 9.63500
v -10.95088 1.71488 9.63500
v -10.97112 1.71488 9.63500
v -11.03888 1.71312 9.64300
v -11.03888 1.71312 9.63500
v -11.03888 1.69288 9.64300
v -11.03888 1.69288 9.63500
v -11.05912 1.71312 9.63500
v -11.05912 1.71312 9.64300
v -11.05912 1.69288 9.63500
v -11.05912 1.69288 9.64300
v -11.05912 1.71312 9.63500
v -11.03888 1.71312 9.63500
v -11.05912 1.71312 9.64300
v -11.03888 1.71312 9.64300
v -11.05912 1.69288 9.64300
v -11.03888 1.69288 9.64300
v -11.05912 1.69288 9.63500
v -11.03888 1.69288 9.63500
v -11.05912 1.71312 9.64300
v -11.03888 1.71312 9.64300
v -11.05912 1.69288 9.64300
v -11.03888 1.69288 9.64300
v -11.03888 1.71312 9.63500
v -11.05912 1.71312 9.63500
v -11.03888 1.69288 9.63500
v -11.05912 1.69288 9.63500
v -11.01688 1.71312 9.64300
v -11.01688 1.71312 9.63500
v -11.01688 1.69288 9.64300
v -11.01688 1.69288 9.63500
v -11.03712 1.71312 9.63500
v -11.03712 1.71312 9.64300
v -11.03712 1.69288 9.63500
v -11.03712 1.69288 9.64300
v -11.03712 1.71312 9.63500
v -11.01688 1.71312 9.63500
v -11.03712 1.71312 9.64300
v -11.01688 1.71312 9.64300
v -11.03712 1.69288 9.64300
v -11.01688 1.69288 9.64300
v -11.03712 1.69288 9.63500
v -11.01688 1.69288 9.63500
v -11.03712 1.71312 9.64300
v -11.01688 1.71312 9.64300
v -11.03712 1.69288 9.64300
v -11.01688 1.69288 9.64300
v -11.01688 1.71312 9.63500
v -11.03712 1.71312 9.63500
v -11.01688 1.69288 9.63500
v -11.03712 1.69288 9.63500
v -10.99488 1.71312 9.64300
v -10.99488 1.71312 9.63500
v -10.99488 1.69288 9.64300
v -10.99488 1.69288 9.63500
v -11.01512 1.71312 9.63500
v -11.01512 1.71312 9.64300
v -11.01512 1.69288 9.63500
v -11.01512 1.69288 9.64300
v -11.01512 1.71312 9.63500
v -10.99488 1.71312 9.63500
v -11.01512 1.71312 9.64300
v -10.99488 1.71312 9.64300
v -11.01512 1.69288 9.64300
v -10.99488 1.69288 9.64300
v -11.01512 1.69288 9.63500
v -10.99488 1.69288 9.63500
v -11.01512 1.71312 9.64300
v -10.99488 1.71312 9.64300
v -11.01512 1.69288 9.64300
v -10.99488 1.69288 9.64300
v -10.99488 1.71312 9.63500
v -11.01512 1.71312 9.63500
v -10.99488 1.69288 9.63500
v -11.01512 1.69288 9.63500
v -10.97288 1.71312 9.64300
v -10.97288 1.71312 9.63500
v -10.97288 1.69288 9.64300
v -10.97288 1.69288 9.63500
v -10.99312 1.71312 9.63500
v -10.99312 1.71312 9.64300
v -10.99312 1.69288 9.63500
v -10.99312 1.69288 9.64300
v -10.99312 1.71312 9.63500
v -10.97288 1.71312 9.63500
v -10.99312 1.71312 9.64300
v -10.97288 1.71312 9.64300
v -10.99312 1.69288 9.64300
v -10.97288 1.69288 9.64300
v -10.99312 1.69288 9.63500
v -10.97288 1.69288 9.63500
v -10.99312 1.71312 9.64300
v -10.97288 1.71312 9.64300
v -10.99312 1.69288 9.64300
v -10.97288 1.69288 9.64300
v -10.97288 1.71312 9.63500
v -10.99312 1.71312 9.63500
v -10.97288 1.69288 9.63500
v -10.99312 1.69288 9.63500
v -10.88488 1.84512 9.64300
v -10.88488 1.84512 9.63500
v -10.88488 1.82488 9.64300
v -10.88488 1.82488 9.63500
v -10.90512 1.84512 9.63500
v -10.90512 1.84512 9.64300
v -10.90512 1.82488 9.63500
v -10.90512 1.82488 9.64300
v -10.90512 1.84512 9.63500
v -10.88488 1.84512 9.63500
v -10.90512 1.84512 9.64300
v -10.88488 1.84512 9.64300
v -10.90512 1.82488 9.64300
v -10.88488 1.82488 9.64300
v -10.90512 1.82488 9.63500
v -10.88488 1.82488 9.63500
v -10.90512 1.84512 9.64300
v -10.88488 1.84512 9.64300
v -10.90512 1.82488 9.64300
v -10.88488 1.82488 9.64300
v -10.88488 1.84512 9.63500
v -10.90512 1.84512 9.63500
v -10.88488 1.82488 9.63500
v -10.90512 1.82488 9.63500
v -10.86288 1.84512 9.64300
v -10.86288 1.84512 9.63500
v -10.86288 1.82488 9.64300
v -10.86288 1.82488 9.63500
v -10.88312 1.84512 9.63500
v -10.88312 1.84512 9.64300
v -10.88312 1.82488 9.63500
v -10.88312 1.82488 9.64300
v -10.88312 1.84512 9.63500
v -10.86288 1.84512 9.63500
v -10.88312 1.84512 9.64300
v -10.86288 1.84512 9.64300
v -10.88312 1.82488 9.64300
v -10.86288 1.82488 9.64300
v -10.88312 1.82488 9.63500
v -10.86288 1.82488 9.63500
v -10.88312 1.84512 9.64300
v -10.86288 1.84512 9.64300
v -10.88312 1.82488 9.64300
v -10.86288 1.82488 9.64300
v -10.86288 1.84512 9.63500
v -10.88312 1.84512 9.63500
v -10.86288 1.82488 9.63500
v -10.88312 1.82488 9.63500
v -10.84088 1.84512 9.64300
v -10.84088 1.84512 9.63500
v -10.84088 1.82488 9.64300
v -10.84088 1.82488 9.63500
v -10.86112 1.84512 9.63500
v -10.86112 1.84512 9.64300
v -10.86112 1.82488 9.63500
v -10.86112 1.82488 9.64300
v -10.86112 1.84512 9.63500
v -10.84088 1.84512 9.63500
v -10.86112 1.84512 9.64300
v -10.84088 1.84512 9.64300
v -10.86112 1.82488 9.64300
v -10.84088 1.82488 9.64300
v -10.86112 1.82488 9.63500
v -10.84088 1.82488 9.63500
v -10.86112 1.84512 9.64300
v -10.84088 1.84512 9.64300
v -10.86112 1.82488 9.64300
v -10.84088 1.82488 9.64300
v -10.84088 1.84512 9.63500
v -10.86112 1.84512 9.63500
v -10.84088 1.82488 9.63500
v -10.86112 1.82488 9.63500
v -10.81888 1.84512 9.64300
v -10.81888 1.84512 9.63500
v -10.81888 1.82488 9.64300
v -10.81888 1.82488 9.63500
v -10.83912 1.84512 9.63500
v -10.83912 1.84512 9.64300
v -10.83912 1.82488 9.63500
v -10.83912 1.82488 9.64300
v -10.83912 1.84512 9.63500
v -10.81888 1.84512 9.63500
v -10.83912 1.84512 9.64300
v -10.81888 1.84512 9.64300
v -10.83912 1.82488 9.64300
v -10.81888 1.82488 9.64300
v -10.83912 1.82488 9.63500
v -10.81888 1.82488 9.63500
v -10.83912 1.84512 9.64300
v -10.81888 1.84512 9.64300
v -10.83912 1.82488 9.64300
v -10.81888 1.82488 9.64300
v -10.81888 1.84512 9.63500
v -10.83912 1.84512 9.63500
v -10.81888 1.82488 9.63500
v -10.83912 1.82488 9.63500
v -10.90688 1.82312 9.64300
v -10.90688 1.82312 9.63500
v -10.90688 1.80288 9.64300
v -10.90688 1.80288 9.63500
v -10.92712 1.82312 9.63500
v -10.92712 1.82312 9.64300
v -10.92712 1.80288 9.63500
v -10.92712 1.80288 9.64300
v -10.92712 1.82312 9.63500
v -10.90688 1.82312 9.63500
v -10.92712 1.82312 9.64300
v -10.90688 1.82312 9.64300
v -10.92712 1.80288 9.64300
v -10.90688 1.80288 9.64300
v -10.92712 1.80288 9.63500
v -10.90688 1.80288 9.63500
v -10.92712 1.82312 9.64300
v -10.90688 1.82312 9.64300
v -10.92712 1.80288 9.64300
v -10.90688 1.80288 9.64300
v -10.90688 1.82312 9.63500
v -10.92712 1.82312 9.63500
v -10.90688 1.80288 9.63500
v -10.92712 1.80288 9.63500
v -10.90688 1.80112 9.64300
v -10.90688 1.80112 9.63500
v -10.90688 1.78088 9.64300
v -10.90688 1.78088 9.63500
v -10.92712 1.80112 9.63500
v -10.92712 1.80112 9.64300
v -10.92712 1.78088 9.63500
v -10.92712 1.78088 9.64300
v -10.92712 1.80112 9.63500
v -10.90688 1.80112 9.63500
v -10.92712 1.80112 9.64300
v -10.90688 1.80112 9.64300
v -10.92712 1.78088 9.64300
v -10.90688 1.78088 9.64300
v -10.92712 1.78088 9.63500
v -10.90688 1.78088 9.63500
v -10.92712 1.80112 9.64300
v -10.90688 1.80112 9.64300
v -10.92712 1.78088 9.64300
v -10.90688 1.78088 9.64300
v -10.90688 1.80112 9.63500
v -10.92712 1.80112 9.63500
v -10.90688 1.78088 9.63500
v -10.92712 1.78088 9.63500
v -10.88488 1.77912 9.64300
v -10.88488 1.77912 9.63500
v -10.88488 1.75888 9.64300
v -10.88488 1.75888 9.63500
v -10.90512 1.77912 9.63500
v -10.90512 1.77912 9.64300
v -10.90512 1.75888 9.63500
v -10.90512 1.75888 9.64300
v -10.90512 1.77912 9.63500
v -10.88488 1.77912 9.63500
v -10.90512 1.77912 9.64300
v -10.88488 1.77912 9.64300
v -10.90512 1.75888 9.64300
v -10.88488 1.75888 9.64300
v -10.90512 1.75888 9.63500
v -10.88488 1.75888 9.63500
v -10.90512 1.77912 9.64300
v -10.88488 1.77912 9.64300
v -10.90512 1.75888 9.64300
v -10.88488 1.75888 9.64300
v -10.88488 1.77912 9.63500
v -10.90512 1.77912 9.63500
v -10.88488 1.75888 9.63500
v -10.90512 1.75888 9.63500
v -10.86288 1.77912 9.64300
v -10.86288 1.77912 9.63500
v -10.86288 1.75888 9.64300
v -10.86288 1.75888 9.63500
v -10.88312 1.77912 9.63500
v -10.88312 1.77912 9.64300
v -10.88312 1.75888 9.63500
v -10.88312 1.75888 9.64300
v -10.88312 1.77912 9.63500
v -10.86288 1.77912 9.63500
v -10.88312 1.77912 9.64300
v -10.86288 1.77912 9.64300
v -10.88312 1.75888 9.64300
v -10.86288 1.75888 9.64300
v -10.88312 1.75888 9.63500
v -10.86288 1.75888 9.63500
v -10.88312 1.77912 9.64300
v -10.86288 1.77912 9.64300
v -10.88312 1.75888 9.64300
v -10.86288 1.75888 9.64300
v -10.86288 1.77912 9.63500
v -10.88312 1.77912 9.63500
v -10.86288 1.75888 9.63500
v -10.88312 1.75888 9.63500
v -10.84088 1.77912 9.64300
v -10.84088 1.77912 9.63500
v -10.84088 1.75888 9.64300
v -10.84088 1.75888 9.63500
v -10.86112 1.77912 9.63500
v -10.86112 1.77912 9.64300
v -10.86112 1.75888 9.63500
v -10.86112 1.75888 9.64300
v -10.86112 1.77912 9.63500
v -10.84088 1.77912 9.63500
v -10.86112 1.77912 9.64300
v -10.84088 1.77912 9.64300
v -10.86112 1.75888 9.64300
v -10.84088 1.75888 9.64300
v -10.86112 1.75888 9.63500
v -10.84088 1.75888 9.63500
v -10.86112 1.77912 9.64300
v -10.84088 1.77912 9.64300
v -10.86112 1.75888 9.64300
v -10.84088 1.75888 9.64300
v -10.84088 1.77912 9.63500
v -10.86112 1.77912 9.63500
v -10.84088 1.75888 9.63500
v -10.86112 1.75888 9.63500
v -10.81888 1.75712 9.64300
v -10.81888 1.75712 9.63500
v -10.81888 1.73688 9.64300
v -10.81888 1.73688 9.63500
v -10.83912 1.75712 9.63500
v -10.83912 1.75712 9.64300
v -10.83912 1.73688 9.63500
v -10.83912 1.73688 9.64300
v -10.83912 1.75712 9.63500
v -10.81888 1.75712 9.63500
v -10.83912 1.75712 9.64300
v -10.81888 1.75712 9.64300
v -10.83912 1.73688 9.64300
v -10.81888 1.73688 9.64300
v -10.83912 1.73688 9.63500
v -10.81888 1.73688 9.63500
v -10.83912 1.75712 9.64300
v -10.81888 1.75712 9.64300
v -10.83912 1.73688 9.64300
v -10.81888 1.73688 9.64300
v -10.81888 1.75712 9.63500
v -10.83912 1.75712 9.63500
v -10.81888 1.73688 9.63500
v -10.83912 1.73688 9.63500
v -10.81888 1.73512 9.64300
v -10.81888 1.73512 9.63500
v -10.81888 1.71488 9.64300
v -10.81888 1.71488 9.63500
v -10.83912 1.73512 9.63500
v -10.83912 1.73512 9.64300
v -10.83912 1.71488 9.63500
v -10.83912 1.71488 9.64300
v -10.83912 1.73512 9.63500
v -10.81888 1.73512 9.63500
v -10.83912 1.73512 9.64300
v -10.81888 1.73512 9.64300
v -10.83912 1.71488 9.64300
v -10.81888 1.71488 9.64300
v -10.83912 1.71488 9.63500
v -10.81888 1.71488 9.63500
v -10.83912 1.73512 9.64300
v -10.81888 1.73512 9.64300
v -10.83912 1.71488 9.64300
v -10.81888 1.71488 9.64300
v -10.81888 1.73512 9.63500
v -10.83912 1.73512 9.63500
v -10.81888 1.71488 9.63500
v -10.83912 1.71488 9.63500
v -10.90688 1.71312 9.64300
v -10.90688 1.71312 9.63500
v -10.90688 1.69288 9.64300
v -10.90688 1.69288 9.63500
v -10.92712 1.71312 9.63500
v -10.92712 1.71312 9.64300
v -10.92712 1.69288 9.63500
v -10.92712 1.69288 9.64300
v -10.92712 1.71312 9.63500
v -10.90688 1.71312 9.63500
v -10.92712 1.71312 9.64300
v -10.90688 1.71312 9.64300
v -10.92712 1.69288 9.64300
v -10.90688 1.69288 9.64300
v -10.92712 1.69288 9.63500
v -10.90688 1.69288 9.63500
v -10.92712 1.71312 9.64300
v -10.90688 1.71312 9.64300
v -10.92712 1.69288 9.64300
v -10.90688 1.69288 9.64300
v -10.90688 1.71312 9.63500
v -10.92712 1.71312 9.63500
v -10.90688 1.69288 9.63500
v -10.92712 1.69288 9.63500
v -10.88488 1.71312 9.64300
v -10.88488 1.71312 9.63500
v -10.88488 1.69288 9.64300
v -10.88488 1.69288 9.63500
v -10.90512 1.71312 9.63500
v -10.90512 1.71312 9.64300
v -10.90512 1.69288 9.63500
v -10.90512 1.69288 9.64300
v -10.90512 1.71312 9.63500
v -10.88488 1.71312 9.63500
v -10.90512 1.71312 9.64300
v -10.88488 1.71312 9.64300
v -10.90512 1.69288 9.64300
v -10.88488 1.69288 9.64300
v -10.90512 1.69288 9.63500
v -10.88488 1.69288 9.63500
v -10.90512 1.71312 9.64300
v -10.88488 1.71312 9.64300
v -10.90512 1.69288 9.64300
v -10.88488 1.69288 9.64300
v -10.88488 1.71312 9.63500
v -10.90512 1.71312 9.63500
v -10.88488 1.69288 9.63500
v -10.90512 1.69288 9.63500
v -10.86288 1.71312 9.64300
v -10.86288 1.71312 9.63500
v -10.86288 1.69288 9.64300
v -10.86288 1.69288 9.63500
v -10.88312 1.71312 9.63500
v -10.88312 1.71312 9.64300
v -10.88312 1.69288 9.63500
v -10.88312 1.69288 9.64300
v -10.88312 1.71312 9.63500
v -10.86288 1.71312 9.63500
v -10.88312 1.71312 9.64300
v -10.86288 1.71312 9.64300
v -10.88312 1.69288 9.64300
v -10.86288 1.69288 9.64300
v -10.88312 1.69288 9.63500
v -10.86288 1.69288 9.63500
v -10.88312 1.71312 9.64300
v -10.86288 1.71312 9.64300
v -10.88312 1.69288 9.64300
v -10.86288 1.69288 9.64300
v -10.86288 1.71312 9.63500
v -10.88312 1.71312 9.63500
v -10.86288 1.69288 9.63500
v -10.88312 1.69288 9.63500
v -10.84088 1.71312 9.64300
v -10.84088 1.71312 9.63500
v -10.84088 1.69288 9.64300
v -10.84088 1.69288 9.63500
v -10.86112 1.71312 9.63500
v -10.86112 1.71312 9.64300
v -10.86112 1.69288 9.63500
v -10.86112 1.69288 9.64300
v -10.86112 1.71312 9.63500
v -10.84088 1.71312 9.63500
v -10.86112 1.71312 9.64300
v -10.84088 1.71312 9.64300
v -10.86112 1.69288 9.64300
v -10.84088 1.69288 9.64300
v -10.86112 1.69288 9.63500
v -10.84088 1.69288 9.63500
v -10.86112 1.71312 9.64300
v -10.84088 1.71312 9.64300
v -10.86112 1.69288 9.64300
v -10.84088 1.69288 9.64300
v -10.84088 1.71312 9.63500
v -10.86112 1.71312 9.63500
v -10.84088 1.69288 9.63500
v -10.86112 1.69288 9.63500
v -10.77488 1.84512 9.64300
v -10.77488 1.84512 9.63500
v -10.77488 1.82488 9.64300
v -10.77488 1.82488 9.63500
v -10.79512 1.84512 9.63500
v -10.79512 1.84512 9.64300
v -10.79512 1.82488 9.63500
v -10.79512 1.82488 9.64300
v -10.79512 1.84512 9.63500
v -10.77488 1.84512 9.63500
v -10.79512 1.84512 9.64300
v -10.77488 1.84512 9.64300
v -10.79512 1.82488 9.64300
v -10.77488 1.82488 9.64300
v -10.79512 1.82488 9.63500
v -10.77488 1.82488 9.63500
v -10.79512 1.84512 9.64300
v -10.77488 1.84512 9.64300
v -10.79512 1.82488 9.64300
v -10.77488 1.82488 9.64300
v -10.77488 1.84512 9.63500
v -10.79512 1.84512 9.63500
v -10.77488 1.82488 9.63500
v -10.79512 1.82488 9.63500
v -10.68688 1.84512 9.64300
v -10.68688 1.84512 9.63500
v -10.68688 1.82488 9.64300
v -10.68688 1.82488 9.63500
v -10.70712 1.84512 9.63500
v -10.70712 1.84512 9.64300
v -10.70712 1.82488 9.63500
v -10.70712 1.82488 9.64300
v -10.70712 1.84512 9.63500
v -10.68688 1.84512 9.63500
v -10.70712 1.84512 9.64300
v -10.68688 1.84512 9.64300
v -10.70712 1.82488 9.64300
v -10.68688 1.82488 9.64300
v -10.70712 1.82488 9.63500
v -10.68688 1.82488 9.63500
v -10.70712 1.84512 9.64300
v -10.68688 1.84512 9.64300
v -10.70712 1.82488 9.64300
v -10.68688 1.82488 9.64300
v -10.68688 1.84512 9.63500
v -10.70712 1.84512 9.63500
v -10.68688 1.82488 9.63500
v -10.70712 1.82488 9.63500
v -10.77488 1.82312 9.64300
v -10.77488 1.82312 9.63500
v -10.77488 1.80288 9.64300
v -10.77488 1.80288 9.63500
v -10.79512 1.82312 9.63500
v -10.79512 1.82312 9.64300
v -10.79512 1.80288 9.63500
v -10.79512 1.80288 9.64300
v -10.79512 1.82312 9.63500
v -10.77488 1.82312 9.63500
v -10.79512 1.82312 9.64300
v -10.77488 1.82312 9.64300
v -10.79512 1.80288 9.64300
v -10.77488 1.80288 9.64300
v -10.79512 1.80288 9.63500
v -10.77488 1.80288 9.63500
v -10.79512 1.82312 9.64300
v -10.77488 1.82312 9.64300
v -10.79512 1.80288 9.64300
v -10.77488 1.80288 9.64300
v -10.77488 1.82312 9.63500
v -10.79512 1.82312 9.63500
v -10.77488 1.80288 9.63500
v -10.79512 1.80288 9.63500
v -10.68688 1.82312 9.64300
v -10.68688 1.82312 9.63500
v -10.68688 1.80288 9.64300
v -10.68688 1.80288 9.63500
v -10.70712 1.82312 9.63500
v -10.70712 1.82312 9.64300
v -10.70712 1.80288 9.63500
v -10.70712 1.80288 9.64300
v -10.70712 1.82312 9.63500
v -10.68688 1.82312 9.63500
v -10.70712 1.82312 9.64300
v -10.68688 1.82312 9.64300
v -10.70712 1.80288 9.64300
v -10.68688 1.80288 9.64300
v -10.70712 1.80288 9.63500
v -10.68688 1.80288 9.63500
v -10.70712 1.82312 9.64300
v -10.68688 1.82312 9.64300
v -10.70712 1.80288 9.64300
v -10.68688 1.80288 9.64300
v -10.68688 1.82312 9.63500
v -10.70712 1.82312 9.63500
v -10.68688 1.80288 9.63500
v -10.70712 1.80288 9.63500
v -10.77488 1.80112 9.64300
v -10.77488 1.80112 9.63500
v -10.77488 1.78088 9.64300
v -10.77488 1.78088 9.63500
v -10.79512 1.80112 9.63500
v -10.79512 1.80112 9.64300
v -10.79512 1.78088 9.63500
v -10.79512 1.78088 9.64300
v -10.79512 1.80112 9.63500
v -10.77488 1.80112 9.63500
v -10.79512 1.80112 9.64300
v -10.77488 1.80112 9.64300
v -10.79512 1.78088 9.64300
v -10.77488 1.78088 9.64300
v -10.79512 1.78088 9.63500
v -10.77488 1.78088 9.63500
v -10.79512 1.80112 9.64300
v -10.77488 1.80112 9.64300
v -10.79512 1.78088 9.64300
v -10.77488 1.78088 9.64300
v -10.77488 1.80112 9.63500
v -10.79512 1.80112 9.63500
v -10.77488 1.78088 9.63500
v -10.79512 1.78088 9.63500
v -10.68688 1.80112 9.64300
v -10.68688 1.80112 9.63500
v -10.68688 1.78088 9.64300
v -10.68688 1.78088 9.63500
v -10.70712 1.80112 9.63500
v -10.70712 1.80112 9.64300
v -10.70712 1.78088 9.63500
v -10.70712 1.78088 9.64300
v -10.70712 1.80112 9.63500
v -10.68688 1.80112 9.63500
v -10.70712 1.80112 9.64300
v -10.68688 1.80112 9.64300
v -10.70712 1.78088 9.64300
v -10.68688 1.78088 9.64300
v -10.70712 1.78088 9.63500
v -10.68688 1.78088 9.63500
v -10.70712 1.80112 9.64300
v -10.68688 1.80112 9.64300
v -10.70712 1.78088 9.64300
v -10.68688 1.78088 9.64300
v -10.68688 1.80112 9.63500
v -10.70712 1.80112 9.63500
v -10.68688 1.78088 9.63500
v -10.70712 1.78088 9.63500
v -10.77488 1.77912 9.64300
v -10.77488 1.77912 9.63500
v -10.77488 1.75888 9.64300
v -10.77488 1.75888 9.63500
v -10.79512 1.77912 9.63500
v -10.79512 1.77912 9.64300
v -10.79512 1.75888 9.63500
v -10.79512 1.75888 9.64300
v -10.79512 1.77912 9.63500
v -10.77488 1.77912 9.63500
v -10.79512 1.77912 9.64300
v -10.77488 1.77912 9.64300
v -10.79512 1.75888 9.64300
v -10.77488 1.75888 9.64300
v -10.79512 1.75888 9.63500
v -10.77488 1.75888 9.63500
v -10.79512 1.77912 9.64300
v -10.77488 1.77912 9.64300
v -10.79512 1.75888 9.64300
v -10.77488 1.75888 9.64300
v -10.77488 1.77912 9.63500
v -10.79512 1.77912 9.63500
v -10.77488 1.75888 9.63500
v -10.79512 1.75888 9.63500
v -10.68688 1.77912 9.64300
v -10.68688 1.77912 9.63500
v -10.68688 1.75888 9.64300
v -10.68688 1.75888 9.63500
v -10.70712 1.77912 9.63500
v -10.70712 1.77912 9.64300
v -10.70712 1.75888 9.63500
v -10.70712 1.75888 9.64300
v -10.70712 1.77912 9.63500
v -10.68688 1.77912 9.63500
v -10.70712 1.77912 9.64300
v -10.68688 1.77912 9.64300
v -10.70712 1.75888 9.64300
v -10.68688 1.75888 9.64300
v -10.70712 1.75888 9.63500
v -10.68688 1.75888 9.63500
v -10.70712 1.77912 9.64300
v -10.68688 1.77912 9.64300
v -10.70712 1.75888 9.64300
v -10.68688 1.75888 9.64300
v -10.68688 1.77912 9.63500
v -10.70712 1.77912 9.63500
v -10.68688 1.75888 9.63500
v -10.70712 1.75888 9.63500
v -10.77488 1.75712 9.64300
v -10.77488 1.75712 9.63500
v -10.77488 1.73688 9.64300
v -10.77488 1.73688 9.63500
v -10.79512 1.75712 9.63500
v -10.79512 1.75712 9.64300
v -10.79512 1.73688 9.63500
v -10.79512 1.73688 9.64300
v -10.79512 1.75712 9.63500
v -10.77488 1.75712 9.63500
v -10.79512 1.75712 9.64300
v -10.77488 1.75712 9.64300
v -10.79512 1.73688 9.64300
v -10.77488 1.73688 9.64300
v -10.79512 1.73688 9.63500
v -10.77488 1.73688 9.63500
v -10.79512 1.75712 9.64300
v -10.77488 1.75712 9.64300
v -10.79512 1.73688 9.64300
v -10.77488 1.73688 9.64300
v -10.77488 1.75712 9.63500
v -10.79512 1.75712 9.63500
v -10.77488 1.73688 9.63500
v -10.79512 1.73688 9.63500
v -10.68688 1.75712 9.64300
v -10.68688 1.75712 9.63500
v -10.68688 1.73688 9.64300
v -10.68688 1.73688 9.63500
v -10.70712 1.75712 9.63500
v -10.70712 1.75712 9.64300
v -10.70712 1.73688 9.63500
v -10.70712 1.73688 9.64300
v -10.70712 1.75712 9.63500
v -10.68688 1.75712 9.63500
v -10.70712 1.75712 9.64300
v -10.68688 1.75712 9.64300
v -10.70712 1.73688 9.64300
v -10.68688 1.73688 9.64300
v -10.70712 1.73688 9.63500
v -10.68688 1.73688 9.63500
v -10.70712 1.75712 9.64300
v -10.68688 1.75712 9.64300
v -10.70712 1.73688 9.64300
v -10.68688 1.73688 9.64300
v -10.68688 1.75712 9.63500
v -10.70712 1.75712 9.63500
v -10.68688 1.73688 9.63500
v -10.70712 1.73688 9.63500
v -10.75288 1.73512 9.64300
v -10.75288 1.73512 9.63500
v -10.75288 1.71488 9.64300
v -10.75288 1.71488 9.63500
v -10.77312 1.73512 9.63500
v -10.77312 1.73512 9.64300
v -10.77312 1.71488 9.63500
v -10.77312 1.71488 9.64300
v -10.77312 1.73512 9.63500
v -10.75288 1.73512 9.63500
v -10.77312 1.73512 9.64300
v -10.75288 1.73512 9.64300
v -10.77312 1.71488 9.64300
v -10.75288 1.71488 9.64300
v -10.77312 1.71488 9.63500
v -10.75288 1.71488 9.63500
v -10.77312 1.73512 9.64300
v -10.75288 1.73512 9.64300
v -10.77312 1.71488 9.64300
v -10.75288 1.71488 9.64300
v -10.75288 1.73512 9.63500
v -10.77312 1.73512 9.63500
v -10.75288 1.71488 9.63500
v -10.77312 1.71488 9.63500
v -10.70888 1.73512 9.64300
v -10.70888 1.73512 9.63500
v -10.70888 1.71488 9.64300
v -10.70888 1.71488 9.63500
v -10.72912 1.73512 9.63500
v -10.72912 1.73512 9.64300
v -10.72912 1.71488 9.63500
v -10.72912 1.71488 9.64300
v -10.72912 1.73512 9.63500
v -10.70888 1.73512 9.63500
v -10.72912 1.73512 9.64300
v -10.70888 1.73512 9.64300
v -10.72912 1.71488 9.64300
v -10.70888 1.71488 9.64300
v -10.72912 1.71488 9.63500
v -10.70888 1.71488 9.63500
v -10.72912 1.73512 9.64300
v -10.70888 1.73512 9.64300
v -10.72912 1.71488 9.64300
v -10.70888 1.71488 9.64300
v -10.70888 1.73512 9.63500
v -10.72912 1.73512 9.63500
v -10.70888 1.71488 9.63500
v -10.72912 1.71488 9.63500
v -10.73088 1.71312 9.64300
v -10.73088 1.71312 9.63500
v -10.73088 1.69288 9.64300
v -10.73088 1.69288 9.63500
v -10.75112 1.71312 9.63500
v -10.75112 1.71312 9.64300
v -10.75112 1.69288 9.63500
v -10.75112 1.69288 9.64300
v -10.75112 1.71312 9.63500
v -10.73088 1.71312 9.63500
v -10.75112 1.71312 9.64300
v -10.73088 1.71312 9.64300
v -10.75112 1.69288 9.64300
v -10.73088 1.69288 9.64300
v -10.75112 1.69288 9.63500
v -10.73088 1.69288 9.63500
v -10.75112 1.71312 9.64300
v -10.73088 1.71312 9.64300
v -10.75112 1.69288 9.64300
v -10.73088 1.69288 9.64300
v -10.73088 1.71312 9.63500
v -10.75112 1.71312 9.63500
v -10.73088 1.69288 9.63500
v -10.75112 1.69288 9.63500
v -10.64288 1.84512 9.64300
v -10.64288 1.84512 9.63500
v -10.64288 1.82488 9.64300
v -10.64288 1.82488 9.63500
v -10.66312 1.84512 9.63500
v -10.66312 1.84512 9.64300
v -10.66312 1.82488 9.63500
v -10.66312 1.82488 9.64300
v -10.66312 1.84512 9.63500
v -10.64288 1.84512 9.63500
v -10.66312 1.84512 9.64300
v -10.64288 1.84512 9.64300
v -10.66312 1.82488 9.64300
v -10.64288 1.82488 9.64300
v -10.66312 1.82488 9.63500
v -10.64288 1.82488 9.63500
v -10.66312 1.84512 9.64300
v -10.64288 1.84512 9.64300
v -10.66312 1.82488 9.64300
v -10.64288 1.82488 9.64300
v -10.64288 1.84512 9.63500
v -10.66312 1.84512 9.63500
v -10.64288 1.82488 9.63500
v -10.66312 1.82488 9.63500
v -10.62088 1.84512 9.64300
v -10.62088 1.84512 9.63500
v -10.62088 1.82488 9.64300
v -10.62088 1.82488 9.63500
v -10.64112 1.84512 9.63500
v -10.64112 1.84512 9.64300
v -10.64112 1.82488 9.63500
v -10.64112 1.82488 9.64300
v -10.64112 1.84512 9.63500
v -10.62088 1.84512 9.63500
v -10.64112 1.84512 9.64300
v -10.62088 1.84512 9.64300
v -10.64112 1.82488 9.64300
v -10.62088 1.82488 9.64300
v -10.64112 1.82488 9.63500
v -10.62088 1.82488 9.63500
v -10.64112 1.84512 9.64300
v -10.62088 1.84512 9.64300
v -10.64112 1.82488 9.64300
v -10.62088 1.82488 9.64300
v -10.62088 1.84512 9.63500
v -10.64112 1.84512 9.63500
v -10.62088 1.82488 9.63500
v -10.64112 1.82488 9.63500
v -10.59888 1.84512 9.64300
v -10.59888 1.84512 9.63500
v -10.59888 1.82488 9.64300
v -10.59888 1.82488 9.63500
v -10.61912 1.84512 9.63500
v -10.61912 1.84512 9.64300
v -10.61912 1.82488 9.63500
v -10.61912 1.82488 9.64300
v -10.61912 1.84512 9.63500
v -10.59888 1.84512 9.63500
v -10.61912 1.84512 9.64300
v -10.59888 1.84512 9.64300
v -10.61912 1.82488 9.64300
v -10.59888 1.82488 9.64300
v -10.61912 1.82488 9.63500
v -10.59888 1.82488 9.63500
v -10.61912 1.84512 9.64300
v -10.59888 1.84512 9.64300
v -10.61912 1.82488 9.64300
v -10.59888 1.82488 9.64300
v -10.59888 1.84512 9.63500
v -10.61912 1.84512 9.63500
v -10.59888 1.82488 9.63500
v -10.61912 1.82488 9.63500
v -10.57688 1.84512 9.64300
v -10.57688 1.84512 9.63500
v -10.57688 1.82488 9.64300
v -10.57688 1.82488 9.63500
v -10.59712 1.84512 9.63500
v -10.59712 1.84512 9.64300
v -10.59712 1.82488 9.63500
v -10.59712 1.82488 9.64300
v -10.59712 1.84512 9.63500
v -10.57688 1.84512 9.63500
v -10.59712 1.84512 9.64300
v -10.57688 1.84512 9.64300
v -10.59712 1.82488 9.64300
v -10.57688 1.82488 9.64300
v -10.59712 1.82488 9.63500
v -10.57688 1.82488 9.63500
v -10.59712 1.84512 9.64300
v -10.57688 1.84512 9.64300
v -10.59712 1.82488 9.64300
v -10.57688 1.82488 9.64300
v -10.57688 1.84512 9.63500
v -10.59712 1.84512 9.63500
v -10.57688 1.82488 9.63500
v -10.59712 1.82488 9.63500
v -10.55488 1.84512 9.64300
v -10.55488 1.84512 9.63500
v -10.55488 1.82488 9.64300
v -10.55488 1.82488 9.63500
v -10.57512 1.84512 9.63500
v -10.57512 1.84512 9.64300
v -10.57512 1.82488 9.63500
v -10.57512 1.82488 9.64300
v -10.57512 1.84512 9.63500
v -10.55488 1.84512 9.63500
v -10.57512 1.84512 9.64300
v -10.55488 1.84512 9.64300
v -10.57512 1.82488 9.64300
v -10.55488 1.82488 9.64300
v -10.57512 1.82488 9.63500
v -10.55488 1.82488 9.63500
v -10.57512 1.84512 9.64300
v -10.55488 1.84512 9.64300
v -10.57512 1.82488 9.64300
v -10.55488 1.82488 9.64300
v -10.55488 1.84512 9.63500
v -10.57512 1.84512 9.63500
v -10.55488 1.82488 9.63500
v -10.57512 1.82488 9.63500
v -10.59888 1.82312 9.64300
v -10.59888 1.82312 9.63500
v -10.59888 1.80288 9.64300
v -10.59888 1.80288 9.63500
v -10.61912 1.82312 9.63500
v -10.61912 1.82312 9.64300
v -10.61912 1.80288 9.63500
v -10.61912 1.80288 9.64300
v -10.61912 1.82312 9.63500
v -10.59888 1.82312 9.63500
v -10.61912 1.82312 9.64300
v -10.59888 1.82312 9.64300
v -10.61912 1.80288 9.64300
v -10.59888 1.80288 9.64300
v -10.61912 1.80288 9.63500
v -10.59888 1.80288 9.63500
v -10.61912 1.82312 9.64300
v -10.59888 1.82312 9.64300
v -10.61912 1.80288 9.64300
v -10.59888 1.80288 9.64300
v -10.59888 1.82312 9.63500
v -10.61912 1.82312 9.63500
v -10.59888 1.80288 9.63500
v -10.61912 1.80288 9.63500
v -10.59888 1.80112 9.64300
v -10.59888 1.80112 9.63500
v -10.59888 1.78088 9.64300
v -10.59888 1.78088 9.63500
v -10.61912 1.80112 9.63500
v -10.61912 1.80112 9.64300
v -10.61912 1.78088 9.63500
v -10.61912 1.78088 9.64300
v -10.61912 1.80112 9.63500
v -10.59888 1.80112 9.63500
v -10.61912 1.80112 9.64300
v -10.59888 1.80112 9.64300
v -10.61912 1.78088 9.64300
v -10.59888 1.78088 9.64300
v -10.61912 1.78088 9.63500
v -10.59888 1.78088 9.63500
v -10.61912 1.80112 9.64300
v -10.59888 1.80112 9.64300
v -10.61912 1.78088 9.64300
v -10.59888 1.78088 9.64300
v -10.59888 1.80112 9.63500
v -10.61912 1.80112 9.63500
v -10.59888 1.78088 9.63500
v -10.61912 1.78088 9.63500
v -10.59888 1.77912 9.64300
v -10.59888 1.77912 9.63500
v -10.59888 1.75888 9.64300
v -10.59888 1.75888 9.63500
v -10.61912 1.77912 9.63500
v -10.61912 1.77912 9.64300
v -10.61912 1.75888 9.63500
v -10.61912 1.75888 9.64300
v -10.61912 1.77912 9.63500
v -10.59888 1.77912 9.63500
v -10.61912 1.77912 9.64300
v -10.59888 1.77912 9.64300
v -10.61912 1.75888 9.64300
v -10.59888 1.75888 9.64300
v -10.61912 1.75888 9.63500
v -10.59888 1.75888 9.63500
v -10.61912 1.77912 9.64300
v -10.59888 1.77912 9.64300
v -10.61912 1.75888 9.64300
v -10.59888 1.75888 9.64300
v -10.59888 1.77912 9.63500
v -10.61912 1.77912 9.63500
v -10.59888 1.75888 9.63500
v -10.61912 1.75888 9.63500
v -10.59888 1.75712 9.64300
v -10.59888 1.75712 9.63500
v -10.59888 1.73688 9.64300
v -10.59888 1.73688 9.63500
v -10.61912 1.75712 9.63500
v -10.61912 1.75712 9.64300
v -10.61912 1.73688 9.63500
v -10.61912 1.73688 9.64300
v -10.61912 1.75712 9.63500
v -10.59888 1.75712 9.63500
v -10.61912 1.75712 9.64300
v -10.59888 1.75712 9.64300
v -10.61912 1.73688 9.64300
v -10.59888 1.73688 9.64300
v -10.61912 1.73688 9.63500
v -10.59888 1.73688 9.63500
v -10.61912 1.75712 9.64300
v -10.59888 1.75712 9.64300
v -10.61912 1.73688 9.64300
v -10.59888 1.73688 9.64300
v -10.59888 1.75712 9.63500
v -10.61912 1.75712 9.63500
v -10.59888 1.73688 9.63500
v -10.61912 1.73688 9.63500
v -10.59888 1.73512 9.64300
v -10.59888 1.73512 9.63500
v -10.59888 1.71488 9.64300
v -10.59888 1.71488 9.63500
v -10.61912 1.73512 9.63500
v -10.61912 1.73512 9.64300
v -10.61912 1.71488 9.63500
v -10.61912 1.71488 9.64300
v -10.61912 1.73512 9.63500
v -10.59888 1.73512 9.63500
v -10.61912 1.73512 9.64300
v -10.59888 1.73512 9.64300
v -10.61912 1.71488 9.64300
v -10.59888 1.71488 9.64300
v -10.61912 1.71488 9.63500
v -10.59888 1.71488 9.63500
v -10.61912 1.73512 9.64300
v -10.59888 1.73512 9.64300
v -10.61912 1.71488 9.64300
v -10.59888 1.71488 9.64300
v -10.59888 1.73512 9.63500
v -10.61912 1.73512 9.63500
v -10.59888 1.71488 9.63500
v -10.61912 1.71488 9.63500
v -10.64288 1.71312 9.64300
v -10.64288 1.71312 9.63500
v -10.64288 1.69288 9.64300
v -10.64288 1.69288 9.63500
v -10.66312 1.71312 9.63500
v -10.66312 1.71312 9.64300
v -10.66312 1.69288 9.63500
v -10.66312 1.69288 9.64300
v -10.66312 1.71312 9.63500
v -10.64288 1.71312 9.63500
v -10.66312 1.71312 9.64300
v -10.64288 1.71312 9.64300
v -10.66312 1.69288 9.64300
v -10.64288 1.69288 9.64300
v -10.66312 1.69288 9.63500
v -10.64288 1.69288 9.63500
v -10.66312 1.71312 9.64300
v -10.64288 1.71312 9.64300
v -10.66312 1.69288 9.64300
v -10.64288 1.69288 9.64300
v -10.64288 1.71312 9.63500
v -10.66312 1.71312 9.63500
v -10.64288 1.69288 9.63500
v -10.66312 1.69288 9.63500
v -10.62088 1.71312 9.64300
v -10.62088 1.71312 9.63500
v -10.62088 1.69288 9.64300
v -10.62088 1.69288 9.63500
v -10.64112 1.71312 9.63500
v -10.64112 1.71312 9.64300
v -10.64112 1.69288 9.63500
v -10.64112 1.69288 9.64300
v -10.64112 1.71312 9.63500
v -10.62088 1.71312 9.63500
v -10.64112 1.71312 9.64300
v -10.62088 1.71312 9.64300
v -10.64112 1.69288 9.64300
v -10.62088 1.69288 9.64300
v -10.64112 1.69288 9.63500
v -10.62088 1.69288 9.63500
v -10.64112 1.71312 9.64300
v -10.62088 1.71312 9.64300
v -10.64112 1.69288 9.64300
v -10.62088 1.69288 9.64300
v -10.62088 1.71312 9.63500
v -10.64112 1.71312 9.63500
v -10.62088 1.69288 9.63500
v -10.64112 1.69288 9.63500
v -10.59888 1.71312 9.64300
v -10.59888 1.71312 9.63500
v -10.59888 1.69288 9.64300
v -10.59888 1.69288 9.63500
v -10.61912 1.71312 9.63500
v -10.61912 1.71312 9.64300
v -10.61912 1.69288 9.63500
v -10.61912 1.69288 9.64300
v -10.61912 1.71312 9.63500
v -10.59888 1.71312 9.63500
v -10.61912 1.71312 9.64300
v -10.59888 1.71312 9.64300
v -10.61912 1.69288 9.64300
v -10.59888 1.69288 9.64300
v -10.61912 1.69288 9.63500
v -10.59888 1.69288 9.63500
v -10.61912 1.71312 9.64300
v -10.59888 1.71312 9.64300
v -10.61912 1.69288 9.64300
v -10.59888 1.69288 9.64300
v -10.59888 1.71312 9.63500
v -10.61912 1.71312 9.63500
v -10.59888 1.69288 9.63500
v -10.61912 1.69288 9.63500
v -10.57688 1.71312 9.64300
v -10.57688 1.71312 9.63500
v -10.57688 1.69288 9.64300
v -10.57688 1.69288 9.63500
v -10.59712 1.71312 9.63500
v -10.59712 1.71312 9.64300
v -10.59712 1.69288 9.63500
v -10.59712 1.69288 9.64300
v -10.59712 1.71312 9.63500
v -10.57688 1.71312 9.63500
v -10.59712 1.71312 9.64300
v -10.57688 1.71312 9.64300
v -10.59712 1.69288 9.64300
v -10.57688 1.69288 9.64300
v -10.59712 1.69288 9.63500
v -10.57688 1.69288 9.63500
v -10.59712 1.71312 9.64300
v -10.57688 1.71312 9.64300
v -10.59712 1.69288 9.64300
v -10.57688 1.69288 9.64300
v -10.57688 1.71312 9.63500
v -10.59712 1.71312 9.63500
v -10.57688 1.69288 9.63500
v -10.59712 1.69288 9.63500
v -10.55488 1.71312 9.64300
v -10.55488 1.71312 9.63500
v -10.55488 1.69288 9.64300
v -10.55488 1.69288 9.63500
v -10.57512 1.71312 9.63500
v -10.57512 1.71312 9.64300
v -10.57512 1.69288 9.63500
v -10.57512 1.69288 9.64300
v -10.57512 1.71312 9.63500
v -10.55488 1.71312 9.63500
v -10.57512 1.71312 9.64300
v -10.55488 1.71312 9.64300
v -10.57512 1.69288 9.64300
v -10.55488 1.69288 9.64300
v -10.57512 1.69288 9.63500
v -10.55488 1.69288 9.63500
v -10.57512 1.71312 9.64300
v -10.55488 1.71312 9.64300
v -10.57512 1.69288 9.64300
v -10.55488 1.69288 9.64300
v -10.55488 1.71312 9.63500
v -10.57512 1.71312 9.63500
v -10.55488 1.69288 9.63500
v -10.57512 1.69288 9.63500
v -10.51088 1.84512 9.64300
v -10.51088 1.84512 9.63500
v -10.51088 1.82488 9.64300
v -10.51088 1.82488 9.63500
v -10.53112 1.84512 9.63500
v -10.53112 1.84512 9.64300
v -10.53112 1.82488 9.63500
v -10.53112 1.82488 9.64300
v -10.53112 1.84512 9.63500
v -10.51088 1.84512 9.63500
v -10.53112 1.84512 9.64300
v -10.51088 1.84512 9.64300
v -10.53112 1.82488 9.64300
v -10.51088 1.82488 9.64300
v -10.53112 1.82488 9.63500
v -10.51088 1.82488 9.63500
v -10.53112 1.84512 9.64300
v -10.51088 1.84512 9.64300
v -10.53112 1.82488 9.64300
v -10.51088 1.82488 9.64300
v -10.51088 1.84512 9.63500
v -10.53112 1.84512 9.63500
v -10.51088 1.82488 9.63500
v -10.53112 1.82488 9.63500
v -10.51088 1.82312 9.64300
v -10.51088 1.82312 9.63500
v -10.51088 1.80288 9.64300
v -10.51088 1.80288 9.63500
v -10.53112 1.82312 9.63500
v -10.53112 1.82312 9.64300
v -10.53112 1.80288 9.63500
v -10.53112 1.80288 9.64300
v -10.53112 1.82312 9.63500
v -10.51088 1.82312 9.63500
v -10.53112 1.82312 9.64300
v -10.51088 1.82312 9.64300
v -10.53112 1.80288 9.64300
v -10.51088 1.80288 9.64300
v -10.53112 1.80288 9.63500
v -10.51088 1.80288 9.63500
v -10.53112 1.82312 9.64300
v -10.51088 1.82312 9.64300
v -10.53112 1.80288 9.64300
v -10.51088 1.80288 9.64300
v -10.51088 1.82312 9.63500
v -10.53112 1.82312 9.63500
v -10.51088 1.80288 9.63500
v -10.53112 1.80288 9.63500
v -10.51088 1.80112 9.64300
v -10.51088 1.80112 9.63500
v -10.51088 1.78088 9.64300
v -10.51088 1.78088 9.63500
v -10.53112 1.80112 9.63500
v -10.53112 1.80112 9.64300
v -10.53112 1.78088 9.63500
v -10.53112 1.78088 9.64300
v -10.53112 1.80112 9.63500
v -10.51088 1.80112 9.63500
v -10.53112 1.80112 9.64300
v -10.51088 1.80112 9.64300
v -10.53112 1.78088 9.64300
v -10.51088 1.78088 9.64300
v -10.53112 1.78088 9.63500
v -10.51088 1.78088 9.63500
v -10.53112 1.80112 9.64300
v -10.51088 1.80112 9.64300
v -10.53112 1.78088 9.64300
v -10.51088 1.78088 9.64300
v -10.51088 1.80112 9.63500
v -10.53112 1.80112 9.63500
v -10.51088 1.78088 9.63500
v -10.53112 1.78088 9.63500
v -10.51088 1.77912 9.64300
v -10.51088 1.77912 9.63500
v -10.51088 1.75888 9.64300
v -10.51088 1.75888 9.63500
v -10.53112 1.77912 9.63500
v -10.53112 1.77912 9.64300
v -10.53112 1.75888 9.63500
v -10.53112 1.75888 9.64300
v -10.53112 1.77912 9.63500
v -10.51088 1.77912 9.63500
v -10.53112 1.77912 9.64300
v -10.51088 1.77912 9.64300
v -10.53112 1.75888 9.64300
v -10.51088 1.75888 9.64300
v -10.53112 1.75888 9.63500
v -10.51088 1.75888 9.63500
v -10.53112 1.77912 9.64300
v -10.51088 1.77912 9.64300
v -10.53112 1.75888 9.64300
v -10.51088 1.75888 9.64300
v -10.51088 1.77912 9.63500
v -10.53112 1.77912 9.63500
v -10.51088 1.75888 9.63500
v -10.53112 1.75888 9.63500
v -10.51088 1.75712 9.64300
v -10.51088 1.75712 9.63500
v -10.51088 1.73688 9.64300
v -10.51088 1.73688 9.63500
v -10.53112 1.75712 9.63500
v -10.53112 1.75712 9.64300
v -10.53112 1.73688 9.63500
v -10.53112 1.73688 9.64300
v -10.53112 1.75712 9.63500
v -10.51088 1.75712 9.63500
v -10.53112 1.75712 9.64300
v -10.51088 1.75712 9.64300
v -10.53112 1.73688 9.64300
v -10.51088 1.73688 9.64300
v -10.53112 1.73688 9.63500
v -10.51088 1.73688 9.63500
v -10.53112 1.75712 9.64300
v -10.51088 1.75712 9.64300
v -10.53112 1.73688 9.64300
v -10.51088 1.73688 9.64300
v -10.51088 1.75712 9.63500
v -10.53112 1.75712 9.63500
v -10.51088 1.73688 9.63500
v -10.53112 1.73688 9.63500
v -10.51088 1.73512 9.64300
v -10.51088 1.73512 9.63500
v -10.51088 1.71488 9.64300
v -10.51088 1.71488 9.63500
v -10.53112 1.73512 9.63500
v -10.53112 1.73512 9.64300
v -10.53112 1.71488 9.63500
v -10.53112 1.71488 9.64300
v -10.53112 1.73512 9.63500
v -10.51088 1.73512 9.63500
v -10.53112 1.73512 9.64300
v -10.51088 1.73512 9.64300
v -10.53112 1.71488 9.64300
v -10.51088 1.71488 9.64300
v -10.53112 1.71488 9.63500
v -10.51088 1.71488 9.63500
v -10.53112 1.73512 9.64300
v -10.51088 1.73512 9.64300
v -10.53112 1.71488 9.64300
v -10.51088 1.71488 9.64300
v -10.51088 1.73512 9.63500
v -10.53112 1.73512 9.63500
v -10.51088 1.71488 9.63500
v -10.53112 1.71488 9.63500
v -10.51088 1.71312 9.64300
v -10.51088 1.71312 9.63500
v -10.51088 1.69288 9.64300
v -10.51088 1.69288 9.63500
v -10.53112 1.71312 9.63500
v -10.53112 1.71312 9.64300
v -10.53112 1.69288 9.63500
v -10.53112 1.69288 9.64300
v -10.53112 1.71312 9.63500
v -10.51088 1.71312 9.63500
v -10.53112 1.71312 9.64300
v -10.51088 1.71312 9.64300
v -10.53112 1.69288 9.64300
v -10.51088 1.69288 9.64300
v -10.53112 1.69288 9.63500
v -10.51088 1.69288 9.63500
v -10.53112 1.71312 9.64300
v -10.51088 1.71312 9.64300
v -10.53112 1.69288 9.64300
v -10.51088 1.69288 9.64300
v -10.51088 1.71312 9.63500
v -10.53112 1.71312 9.63500
v -10.51088 1.69288 9.63500
v -10.53112 1.69288 9.63500
v -10.48888 1.71312 9.64300
v -10.48888 1.71312 9.63500
v -10.48888 1.69288 9.64300
v -10.48888 1.69288 9.63500
v -10.50912 1.71312 9.63500
v -10.50912 1.71312 9.64300
v -10.50912 1.69288 9.63500
v -10.50912 1.69288 9.64300
v -10.50912 1.71312 9.63500
v -10.48888 1.71312 9.63500
v -10.50912 1.71312 9.64300
v -10.48888 1.71312 9.64300
v -10.50912 1.69288 9.64300
v -10.48888 1.69288 9.64300
v -10.50912 1.69288 9.63500
v -10.48888 1.69288 9.63500
v -10.50912 1.71312 9.64300
v -10.48888 1.71312 9.64300
v -10.50912 1.69288 9.64300
v -10.48888 1.69288 9.64300
v -10.48888 1.71312 9.63500
v -10.50912 1.71312 9.63500
v -10.48888 1.69288 9.63500
v -10.50912 1.69288 9.63500
v -10.46688 1.71312 9.64300
v -10.46688 1.71312 9.63500
v -10.46688 1.69288 9.64300
v -10.46688 1.69288 9.63500
v -10.48712 1.71312 9.63500
v -10.48712 1.71312 9.64300
v -10.48712 1.69288 9.63500
v -10.48712 1.69288 9.64300
v -10.48712 1.71312 9.63500
v -10.46688 1.71312 9.63500
v -10.48712 1.71312 9.64300
v -10.46688 1.71312 9.64300
v -10.48712 1.69288 9.64300
v -10.46688 1.69288 9.64300
v -10.48712 1.69288 9.63500
v -10.46688 1.69288 9.63500
v -10.48712 1.71312 9.64300
v -10.46688 1.71312 9.64300
v -10.48712 1.69288 9.64300
v -10.46688 1.69288 9.64300
v -10.46688 1.71312 9.63500
v -10.48712 1.71312 9.63500
v -10.46688 1.69288 9.63500
v -10.48712 1.69288 9.63500
v -10.44488 1.71312 9.64300
v -10.44488 1.71312 9.63500
v -10.44488 1.69288 9.64300
v -10.44488 1.69288 9.63500
v -10.46512 1.71312 9.63500
v -10.46512 1.71312 9.64300
v -10.46512 1.69288 9.63500
v -10.46512 1.69288 9.64300
v -10.46512 1.71312 9.63500
v -10.44488 1.71312 9.63500
v -10.46512 1.71312 9.64300
v -10.44488 1.71312 9.64300
v -10.46512 1.69288 9.64300
v -10.44488 1.69288 9.64300
v -10.46512 1.69288 9.63500
v -10.44488 1.69288 9.63500
v -10.46512 1.71312 9.64300
v -10.44488 1.71312 9.64300
v -10.46512 1.69288 9.64300
v -10.44488 1.69288 9.64300
v -10.44488 1.71312 9.63500
v -10.46512 1.71312 9.63500
v -10.44488 1.69288 9.63500
v -10.46512 1.69288 9.63500
v -10.42288 1.71312 9.64300
v -10.42288 1.71312 9.63500
v -10.42288 1.69288 9.64300
v -10.42288 1.69288 9.63500
v -10.44312 1.71312 9.63500
v -10.44312 1.71312 9.64300
v -10.44312 1.69288 9.63500
v -10.44312 1.69288 9.64300
v -10.44312 1.71312 9.63500
v -10.42288 1.71312 9.63500
v -10.44312 1.71312 9.64300
v -10.42288 1.71312 9.64300
v -10.44312 1.69288 9.64300
v -10.42288 1.69288 9.64300
v -10.44312 1.69288 9.63500
v -10.42288 1.69288 9.63500
v -10.44312 1.71312 9.64300
v -10.42288 1.71312 9.64300
v -10.44312 1.69288 9.64300
v -10.42288 1.69288 9.64300
v -10.42288 1.71312 9.63500
v -10.44312 1.71312 9.63500
v -10.42288 1.69288 9.63500
v -10.44312 1.69288 9.63500
v -10.37888 1.84512 9.64300
v -10.37888 1.84512 9.63500
v -10.37888 1.82488 9.64300
v -10.37888 1.82488 9.63500
v -10.39912 1.84512 9.63500
v -10.39912 1.84512 9.64300
v -10.39912 1.82488 9.63500
v -10.39912 1.82488 9.64300
v -10.39912 1.84512 9.63500
v -10.37888 1.84512 9.63500
v -10.39912 1.84512 9.64300
v -10.37888 1.84512 9.64300
v -10.39912 1.82488 9.64300
v -10.37888 1.82488 9.64300
v -10.39912 1.82488 9.63500
v -10.37888 1.82488 9.63500
v -10.39912 1.84512 9.64300
v -10.37888 1.84512 9.64300
v -10.39912 1.82488 9.64300
v -10.37888 1.82488 9.64300
v -10.37888 1.84512 9.63500
v -10.39912 1.84512 9.63500
v -10.37888 1.82488 9.63500
v -10.39912 1.82488 9.63500
v -10.37888 1.82312 9.64300
v -10.37888 1.82312 9.63500
v -10.37888 1.80288 9.64300
v -10.37888 1.80288 9.63500
v -10.39912 1.82312 9.63500
v -10.39912 1.82312 9.64300
v -10.39912 1.80288 9.63500
v -10.39912 1.80288 9.64300
v -10.39912 1.82312 9.63500
v -10.37888 1.82312 9.63500
v -10.39912 1.82312 9.64300
v -10.37888 1.82312 9.64300
v -10.39912 1.80288 9.64300
v -10.37888 1.80288 9.64300
v -10.39912 1.80288 9.63500
v -10.37888 1.80288 9.63500
v -10.39912 1.82312 9.64300
v -10.37888 1.82312 9.64300
v -10.39912 1.80288 9.64300
v -10.37888 1.80288 9.64300
v -10.37888 1.82312 9.63500
v -10.39912 1.82312 9.63500
v -10.37888 1.80288 9.63500
v -10.39912 1.80288 9.63500
v -10.37888 1.80112 9.64300
v -10.37888 1.80112 9.63500
v -10.37888 1.78088 9.64300
v -10.37888 1.78088 9.63500
v -10.39912 1.80112 9.63500
v -10.39912 1.80112 9.64300
v -10.39912 1.78088 9.63500
v -10.39912 1.78088 9.64300
v -10.39912 1.80112 9.63500
v -10.37888 1.80112 9.63500
v -10.39912 1.80112 9.64300
v -10.37888 1.80112 9.64300
v -10.39912 1.78088 9.64300
v -10.37888 1.78088 9.64300
v -10.39912 1.78088 9.63500
v -10.37888 1.78088 9.63500
v -10.39912 1.80112 9.64300
v -10.37888 1.80112 9.64300
v -10.39912 1.78088 9.64300
v -10.37888 1.78088 9.64300
v -10.37888 1.80112 9.63500
v -10.39912 1.80112 9.63500
v -10.37888 1.78088 9.63500
v -10.39912 1.78088 9.63500
v -10.37888 1.77912 9.64300
v -10.37888 1.77912 9.63500
v -10.37888 1.75888 9.64300
v -10.37888 1.75888 9.63500
v -10.39912 1.77912 9.63500
v -10.39912 1.77912 9.64300
v -10.39912 1.75888 9.63500
v -10.39912 1.75888 9.64300
v -10.39912 1.77912 9.63500
v -10.37888 1.77912 9.63500
v -10.39912 1.77912 9.64300
v -10.37888 1.77912 9.64300
v -10.39912 1.75888 9.64300
v -10.37888 1.75888 9.64300
v -10.39912 1.75888 9.63500
v -10.37888 1.75888 9.63500
v -10.39912 1.77912 9.64300
v -10.37888 1.77912 9.64300
v -10.39912 1.75888 9.64300
v -10.37888 1.75888 9.64300
v -10.37888 1.77912 9.63500
v -10.39912 1.77912 9.63500
v -10.37888 1.75888 9.63500
v -10.39912 1.75888 9.63500
v -10.37888 1.75712 9.64300
v -10.37888 1.75712 9.63500
v -10.37888 1.73688 9.64300
v -10.37888 1.73688 9.63500
v -10.39912 1.75712 9.63500
v -10.39912 1.75712 9.64300
v -10.39912 1.73688 9.63500
v -10.39912 1.73688 9.64300
v -10.39912 1.75712 9.63500
v -10.37888 1.75712 9.63500
v -10.39912 1.75712 9.64300
v -10.37888 1.75712 9.64300
v -10.39912 1.73688 9.64300
v -10.37888 1.73688 9.64300
v -10.39912 1.73688 9.63500
v -10.37888 1.73688 9.63500
v -10.39912 1.75712 9.64300
v -10.37888 1.75712 9.64300
v -10.39912 1.73688 9.64300
v -10.37888 1.73688 9.64300
v -10.37888 1.75712 9.63500
v -10.39912 1.75712 9.63500
v -10.37888 1.73688 9.63500
v -10.39912 1.73688 9.63500
v -10.37888 1.73512 9.64300
v -10.37888 1.73512 9.63500
v -10.37888 1.71488 9.64300
v -10.37888 1.71488 9.63500
v -10.39912 1.73512 9.63500
v -10.39912 1.73512 9.64300
v -10.39912 1.71488 9.63500
v -10.39912 1.71488 9.64300
v -10.39912 1.73512 9.63500
v -10.37888 1.73512 9.63500
v -10.39912 1.73512 9.64300
v -10.37888 1.73512 9.64300
v -10.39912 1.71488 9.64300
v -10.37888 1.71488 9.64300
v -10.39912 1.71488 9.63500
v -10.37888 1.71488 9.63500
v -10.39912 1.73512 9.64300
v -10.37888 1.73512 9.64300
v -10.39912 1.71488 9.64300
v -10.37888 1.71488 9.64300
v -10.37888 1.73512 9.63500
v -10.39912 1.73512 9.63500
v -10.37888 1.71488 9.63500
v -10.39912 1.71488 9.63500
v -10.37888 1.71312 9.64300
v -10.37888 1.71312 9.63500
v -10.37888 1.69288 9.64300
v -10.37888 1.69288 9.63500
v -10.39912 1.71312 9.63500
v -10.39912 1.71312 9.64300
v -10.39912 1.69288 9.63500
v -10.39912 1.69288 9.64300
v -10.39912 1.71312 9.63500
v -10.37888 1.71312 9.63500
v -10.39912 1.71312 9.64300
v -10.37888 1.71312 9.64300
v -10.39912 1.69288 9.64300
v -10.37888 1.69288 9.64300
v -10.39912 1.69288 9.63500
v -10.37888 1.69288 9.63500
v -10.39912 1.71312 9.64300
v -10.37888 1.71312 9.64300
v -10.39912 1.69288 9.64300
v -10.37888 1.69288 9.64300
v -10.37888 1.71312 9.63500
v -10.39912 1.71312 9.63500
v -10.37888 1.69288 9.63500
v -10.39912 1.69288 9.63500
v -10.35688 1.71312 9.64300
v -10.35688 1.71312 9.63500
v -10.35688 1.69288 9.64300
v -10.35688 1.69288 9.63500
v -10.37712 1.71312 9.63500
v -10.37712 1.71312 9.64300
v -10.37712 1.69288 9.63500
v -10.37712 1.69288 9.64300
v -10.37712 1.71312 9.63500
v -10.35688 1.71312 9.63500
v -10.37712 1.71312 9.64300
v -10.35688 1.71312 9.64300
v -10.37712 1.69288 9.64300
v -10.35688 1.69288 9.64300
v -10.37712 1.69288 9.63500
v -10.35688 1.69288 9.63500
v -10.37712 1.71312 9.64300
v -10.35688 1.71312 9.64300
v -10.37712 1.69288 9.64300
v -10.35688 1.69288 9.64300
v -10.35688 1.71312 9.63500
v -10.37712 1.71312 9.63500
v -10.35688 1.69288 9.63500
v -10.37712 1.69288 9.63500
v -10.33488 1.71312 9.64300
v -10.33488 1.71312 9.63500
v -10.33488 1.69288 9.64300
v -10.33488 1.69288 9.63500
v -10.35512 1.71312 9.63500
v -10.35512 1.71312 9.64300
v -10.35512 1.69288 9.63500
v -10.35512 1.69288 9.64300
v -10.35512 1.71312 9.63500
v -10.33488 1.71312 9.63500
v -10.35512 1.71312 9.64300
v -10.33488 1.71312 9.64300
v -10.35512 1.69288 9.64300
v -10.33488 1.69288 9.64300
v -10.35512 1.69288 9.63500
v -10.33488 1.69288 9.63500
v -10.35512 1.71312 9.64300
v -10.33488 1.71312 9.64300
v -10.35512 1.69288 9.64300
v -10.33488 1.69288 9.64300
v -10.33488 1.71312 9.63500
v -10.35512 1.71312 9.63500
v -10.33488 1.69288 9.63500
v -10.35512 1.69288 9.63500
v -10.31288 1.71312 9.64300
v -10.31288 1.71312 9.63500
v -10.31288 1.69288 9.64300
v -10.31288 1.69288 9.63500
v -10.33312 1.71312 9.63500
v -10.33312 1.71312 9.64300
v -10.33312 1.69288 9.63500
v -10.33312 1.69288 9.64300
v -10.33312 1.71312 9.63500
v -10.31288 1.71312 9.63500
v -10.33312 1.71312 9.64300
v -10.31288 1.71312 9.64300
v -10.33312 1.69288 9.64300
v -10.31288 1.69288 9.64300
v -10.33312 1.69288 9.63500
v -10.31288 1.69288 9.63500
v -10.33312 1.71312 9.64300
v -10.31288 1.71312 9.64300
v -10.33312 1.69288 9.64300
v -10.31288 1.69288 9.64300
v -10.31288 1.71312 9.63500
v -10.33312 1.71312 9.63500
v -10.31288 1.69288 9.63500
v -10.33312 1.69288 9.63500
v -10.29088 1.71312 9.64300
v -10.29088 1.71312 9.63500
v -10.29088 1.69288 9.64300
v -10.29088 1.69288 9.63500
v -10.31112 1.71312 9.63500
v -10.31112 1.71312 9.64300
v -10.31112 1.69288 9.63500
v -10.31112 1.69288 9.64300
v -10.31112 1.71312 9.63500
v -10.29088 1.71312 9.63500
v -10.31112 1.71312 9.64300
v -10.29088 1.71312 9.64300
v -10.31112 1.69288 9.64300
v -10.29088 1.69288 9.64300
v -10.31112 1.69288 9.63500
v -10.29088 1.69288 9.63500
v -10.31112 1.71312 9.64300
v -10.29088 1.71312 9.64300
v -10.31112 1.69288 9.64300
v -10.29088 1.69288 9.64300
v -10.29088 1.71312 9.63500
v -10.31112 1.71312 9.63500
v -10.29088 1.69288 9.63500
v -10.31112 1.69288 9.63500
v -10.24688 1.84512 9.64300
v -10.24688 1.84512 9.63500
v -10.24688 1.82488 9.64300
v -10.24688 1.82488 9.63500
v -10.26712 1.84512 9.63500
v -10.26712 1.84512 9.64300
v -10.26712 1.82488 9.63500
v -10.26712 1.82488 9.64300
v -10.26712 1.84512 9.63500
v -10.24688 1.84512 9.63500
v -10.26712 1.84512 9.64300
v -10.24688 1.84512 9.64300
v -10.26712 1.82488 9.64300
v -10.24688 1.82488 9.64300
v -10.26712 1.82488 9.63500
v -10.24688 1.82488 9.63500
v -10.26712 1.84512 9.64300
v -10.24688 1.84512 9.64300
v -10.26712 1.82488 9.64300
v -10.24688 1.82488 9.64300
v -10.24688 1.84512 9.63500
v -10.26712 1.84512 9.63500
v -10.24688 1.82488 9.63500
v -10.26712 1.82488 9.63500
v -10.22488 1.84512 9.64300
v -10.22488 1.84512 9.63500
v -10.22488 1.82488 9.64300
v -10.22488 1.82488 9.63500
v -10.24512 1.84512 9.63500
v -10.24512 1.84512 9.64300
v -10.24512 1.82488 9.63500
v -10.24512 1.82488 9.64300
v -10.24512 1.84512 9.63500
v -10.22488 1.84512 9.63500
v -10.24512 1.84512 9.64300
v -10.22488 1.84512 9.64300
v -10.24512 1.82488 9.64300
v -10.22488 1.82488 9.64300
v -10.24512 1.82488 9.63500
v -10.22488 1.82488 9.63500
v -10.24512 1.84512 9.64300
v -10.22488 1.84512 9.64300
v -10.24512 1.82488 9.64300
v -10.22488 1.82488 9.64300
v -10.22488 1.84512 9.63500
v -10.24512 1.84512 9.63500
v -10.22488 1.82488 9.63500
v -10.24512 1.82488 9.63500
v -10.20288 1.84512 9.64300
v -10.20288 1.84512 9.63500
v -10.20288 1.82488 9.64300
v -10.20288 1.82488 9.63500
v -10.22312 1.84512 9.63500
v -10.22312 1.84512 9.64300
v -10.22312 1.82488 9.63500
v -10.22312 1.82488 9.64300
v -10.22312 1.84512 9.63500
v -10.20288 1.84512 9.63500
v -10.22312 1.84512 9.64300
v -10.20288 1.84512 9.64300
v -10.22312 1.82488 9.64300
v -10.20288 1.82488 9.64300
v -10.22312 1.82488 9.63500
v -10.20288 1.82488 9.63500
v -10.22312 1.84512 9.64300
v -10.20288 1.84512 9.64300
v -10.22312 1.82488 9.64300
v -10.20288 1.82488 9.64300
v -10.20288 1.84512 9.63500
v -10.22312 1.84512 9.63500
v -10.20288 1.82488 9.63500
v -10.22312 1.82488 9.63500
v -10.18088 1.84512 9.64300
v -10.18088 1.84512 9.63500
v -10.18088 1.82488 9.64300
v -10.18088 1.82488 9.63500
v -10.20112 1.84512 9.63500
v -10.20112 1.84512 9.64300
v -10.20112 1.82488 9.63500
v -10.20112 1.82488 9.64300
v -10.20112 1.84512 9.63500
v -10.18088 1.84512 9.63500
v -10.20112 1.84512 9.64300
v -10.18088 1.84512 9.64300
v -10.20112 1.82488 9.64300
v -10.18088 1.82488 9.64300
v -10.20112 1.82488 9.63500
v -10.18088 1.82488 9.63500
v -10.20112 1.84512 9.64300
v -10.18088 1.84512 9.64300
v -10.20112 1.82488 9.64300
v -10.18088 1.82488 9.64300
v -10.18088 1.84512 9.63500
v -10.20112 1.84512 9.63500
v -10.18088 1.82488 9.63500
v -10.20112 1.82488 9.63500
v -10.15888 1.84512 9.64300
v -10.15888 1.84512 9.63500
v -10.15888 1.82488 9.64300
v -10.15888 1.82488 9.63500
v -10.17912 1.84512 9.63500
v -10.17912 1.84512 9.64300
v -10.17912 1.82488 9.63500
v -10.17912 1.82488 9.64300
v -10.17912 1.84512 9.63500
v -10.15888 1.84512 9.63500
v -10.17912 1.84512 9.64300
v -10.15888 1.84512 9.64300
v -10.17912 1.82488 9.64300
v -10.15888 1.82488 9.64300
v -10.17912 1.82488 9.63500
v -10.15888 1.82488 9.63500
v -10.17912 1.84512 9.64300
v -10.15888 1.84512 9.64300
v -10.17912 1.82488 9.64300
v -10.15888 1.82488 9.64300
v -10.15888 1.84512 9.63500
v -10.17912 1.84512 9.63500
v -10.15888 1.82488 9.63500
v -10.17912 1.82488 9.63500
v -10.24688 1.82312 9.64300
v -10.24688 1.82312 9.63500
v -10.24688 1.80288 9.64300
v -10.24688 1.80288 9.63500
v -10.26712 1.82312 9.63500
v -10.26712 1.82312 9.64300
v -10.26712 1.80288 9.63500
v -10.26712 1.80288 9.64300
v -10.26712 1.82312 9.63500
v -10.24688 1.82312 9.63500
v -10.26712 1.82312 9.64300
v -10.24688 1.82312 9.64300
v -10.26712 1.80288 9.64300
v -10.24688 1.80288 9.64300
v -10.26712 1.80288 9.63500
v -10.24688 1.80288 9.63500
v -10.26712 1.82312 9.64300
v -10.24688 1.82312 9.64300
v -10.26712 1.80288 9.64300
v -10.24688 1.80288 9.64300
v -10.24688 1.82312 9.63500
v -10.26712 1.82312 9.63500
v -10.24688 1.80288 9.63500
v -10.26712 1.80288 9.63500
v -10.24688 1.80112 9.64300
v -10.24688 1.80112 9.63500
v -10.24688 1.78088 9.64300
v -10.24688 1.78088 9.63500
v -10.26712 1.80112 9.63500
v -10.26712 1.80112 9.64300
v -10.26712 1.78088 9.63500
v -10.26712 1.78088 9.64300
v -10.26712 1.80112 9.63500
v -10.24688 1.80112 9.63500
v -10.26712 1.80112 9.64300
v -10.24688 1.80112 9.64300
v -10.26712 1.78088 9.64300
v -10.24688 1.78088 9.64300
v -10.26712 1.78088 9.63500
v -10.24688 1.78088 9.63500
v -10.26712 1.80112 9.64300
v -10.24688 1.80112 9.64300
v -10.26712 1.78088 9.64300
v -10.24688 1.78088 9.64300
v -10.24688 1.80112 9.63500
v -10.26712 1.80112 9.63500
v -10.24688 1.78088 9.63500
v -10.26712 1.78088 9.63500
v -10.24688 1.77912 9.64300
v -10.24688 1.77912 9.63500
v -10.24688 1.75888 9.64300
v -10.24688 1.75888 9.63500
v -10.26712 1.77912 9.63500
v -10.26712 1.77912 9.64300
v -10.26712 1.75888 9.63500
v -10.26712 1.75888 9.64300
v -10.26712 1.77912 9.63500
v -10.24688 1.77912 9.63500
v -10.26712 1.77912 9.64300
v -10.24688 1.77912 9.64300
v -10.26712 1.75888 9.64300
v -10.24688 1.75888 9.64300
v -10.26712 1.75888 9.63500
v -10.24688 1.75888 9.63500
v -10.26712 1.77912 9.64300
v -10.24688 1.77912 9.64300
v -10.26712 1.75888 9.64300
v -10.24688 1.75888 9.64300
v -10.24688 1.77912 9.63500
v -10.26712 1.77912 9.63500
v -10.24688 1.75888 9.63500
v -10.26712 1.75888 9.63500
v -10.22488 1.77912 9.64300
v -10.22488 1.77912 9.63500
v -10.22488 1.75888 9.64300
v -10.22488 1.75888 9.63500
v -10.24512 1.77912 9.63500
v -10.24512 1.77912 9.64300
v -10.24512 1.75888 9.63500
v -10.24512 1.75888 9.64300
v -10.24512 1.77912 9.63500
v -10.22488 1.77912 9.63500
v -10.24512 1.77912 9.64300
v -10.22488 1.77912 9.64300
v -10.24512 1.75888 9.64300
v -10.22488 1.75888 9.64300
v -10.24512 1.75888 9.63500
v -10.22488 1.75888 9.63500
v -10.24512 1.77912 9.64300
v -10.22488 1.77912 9.64300
v -10.24512 1.75888 9.64300
v -10.22488 1.75888 9.64300
v -10.22488 1.77912 9.63500
v -10.24512 1.77912 9.63500
v -10.22488 1.75888 9.63500
v -10.24512 1.75888 9.63500
v -10.20288 1.77912 9.64300
v -10.20288 1.77912 9.63500
v -10.20288 1.75888 9.64300
v -10.20288 1.75888 9.63500
v -10.22312 1.77912 9.63500
v -10.22312 1.77912 9.64300
v -10.22312 1.75888 9.63500
v -10.22312 1.75888 9.64300
v -10.22312 1.77912 9.63500
v -10.20288 1.77912 9.63500
v -10.22312 1.77912 9.64300
v -10.20288 1.77912 9.64300
v -10.22312 1.75888 9.64300
v -10.20288 1.75888 9.64300
v -10.22312 1.75888 9.63500
v -10.20288 1.75888 9.63500
v -10.22312 1.77912 9.64300
v -10.20288 1.77912 9.64300
v -10.22312 1.75888 9.64300
v -10.20288 1.75888 9.64300
v -10.20288 1.77912 9.63500
v -10.22312 1.77912 9.63500
v -10.20288 1.75888 9.63500
v -10.22312 1.75888 9.63500
v -10.18088 1.77912 9.64300
v -10.18088 1.77912 9.63500
v -10.18088 1.75888 9.64300
v -10.18088 1.75888 9.63500
v -10.20112 1.77912 9.63500
v -10.20112 1.77912 9.64300
v -10.20112 1.75888 9.63500
v -10.20112 1.75888 9.64300
v -10.20112 1.77912 9.63500
v -10.18088 1.77912 9.63500
v -10.20112 1.77912 9.64300
v -10.18088 1.77912 9.64300
v -10.20112 1.75888 9.64300
v -10.18088 1.75888 9.64300
v -10.20112 1.75888 9.63500
v -10.18088 1.75888 9.63500
v -10.20112 1.77912 9.64300
v -10.18088 1.77912 9.64300
v -10.20112 1.75888 9.64300
v -10.18088 1.75888 9.64300
v -10.18088 1.77912 9.63500
v -10.20112 1.77912 9.63500
v -10.18088 1.75888 9.63500
v -10.20112 1.75888 9.63500
v -10.24688 1.75712 9.64300
v -10.24688 1.75712 9.63500
v -10.24688 1.73688 9.64300
v -10.24688 1.73688 9.63500
v -10.26712 1.75712 9.63500
v -10.26712 1.75712 9.64300
v -10.26712 1.73688 9.63500
v -10.26712 1.73688 9.64300
v -10.26712 1.75712 9.63500
v -10.24688 1.75712 9.63500
v -10.26712 1.75712 9.64300
v -10.24688 1.75712 9.64300
v -10.26712 1.73688 9.64300
v -10.24688 1.73688 9.64300
v -10.26712 1.73688 9.63500
v -10.24688 1.73688 9.63500
v -10.26712 1.75712 9.64300
v -10.24688 1.75712 9.64300
v -10.26712 1.73688 9.64300
v -10.24688 1.73688 9.64300
v -10.24688 1.75712 9.63500
v -10.26712 1.75712 9.63500
v -10.24688 1.73688 9.63500
v -10.26712 1.73688 9.63500
v -10.24688 1.73512 9.64300
v -10.24688 1.73512 9.63500
v -10.24688 1.71488 9.64300
v -10.24688 1.71488 9.63500
v -10.26712 1.73512 9.63500
v -10.26712 1.73512 9.64300
v -10.26712 1.71488 9.63500
v -10.26712 1.71488 9.64300
v -10.26712 1.73512 9.63500
v -10.24688 1.73512 9.63500
v -10.26712 1.73512 9.64300
v -10.24688 1.73512 9.64300
v -10.26712 1.71488 9.64300
v -10.24688 1.71488 9.64300
v -10.26712 1.71488 9.63500
v -10.24688 1.71488 9.63500
v -10.26712 1.73512 9.64300
v -10.24688 1.73512 9.64300
v -10.26712 1.71488 9.64300
v -10.24688 1.71488 9.64300
v -10.24688 1.73512 9.63500
v -10.26712 1.73512 9.63500
v -10.24688 1.71488 9.63500
v -10.26712 1.71488 9.63500
v -10.24688 1.71312 9.64300
v -10.24688 1.71312 9.63500
v -10.24688 1.69288 9.64300
v -10.24688 1.69288 9.63500
v -10.26712 1.71312 9.63500
v -10.26712 1.71312 9.64300
v -10.26712 1.69288 9.63500
v -10.26712 1.69288 9.64300
v -10.26712 1.71312 9.63500
v -10.24688 1.71312 9.63500
v -10.26712 1.71312 9.64300
v -10.24688 1.71312 9.64300
v -10.26712 1.69288 9.64300
v -10.24688 1.69288 9.64300
v -10.26712 1.69288 9.63500
v -10.24688 1.69288 9.63500
v -10.26712 1.71312 9.64300
v -10.24688 1.71312 9.64300
v -10.26712 1.69288 9.64300
v -10.24688 1.69288 9.64300
v -10.24688 1.71312 9.63500
v -10.26712 1.71312 9.63500
v -10.24688 1.69288 9.63500
v -10.26712 1.69288 9.63500
v -10.22488 1.71312 9.64300
v -10.22488 1.71312 9.63500
v -10.22488 1.69288 9.64300
v -10.22488 1.69288 9.63500
v -10.24512 1.71312 9.63500
v -10.24512 1.71312 9.64300
v -10.24512 1.69288 9.63500
v -10.24512 1.69288 9.64300
v -10.24512 1.71312 9.63500
v -10.22488 1.71312 9.63500
v -10.24512 1.71312 9.64300
v -10.22488 1.71312 9.64300
v -10.24512 1.69288 9.64300
v -10.22488 1.69288 9.64300
v -10.24512 1.69288 9.63500
v -10.22488 1.69288 9.63500
v -10.24512 1.71312 9.64300
v -10.22488 1.71312 9.64300
v -10.24512 1.69288 9.64300
v -10.22488 1.69288 9.64300
v -10.22488 1.71312 9.63500
v -10.24512 1.71312 9.63500
v -10.22488 1.69288 9.63500
v -10.24512 1.69288 9.63500
v -10.20288 1.71312 9.64300
v -10.20288 1.71312 9.63500
v -10.20288 1.69288 9.64300
v -10.20288 1.69288 9.63500
v -10.22312 1.71312 9.63500
v -10.22312 1.71312 9.64300
v -10.22312 1.69288 9.63500
v -10.22312 1.69288 9.64300
v -10.22312 1.71312 9.63500
v -10.20288 1.71312 9.63500
v -10.22312 1.71312 9.64300
v -10.20288 1.71312 9.64300
v -10.22312 1.69288 9.64300
v -10.20288 1.69288 9.64300
v -10.22312 1.69288 9.63500
v -10.20288 1.69288 9.63500
v -10.22312 1.71312 9.64300
v -10.20288 1.71312 9.64300
v -10.22312 1.69288 9.64300
v -10.20288 1.69288 9.64300
v -10.20288 1.71312 9.63500
v -10.22312 1.71312 9.63500
v -10.20288 1.69288 9.63500
v -10.22312 1.69288 9.63500
v -10.18088 1.71312 9.64300
v -10.18088 1.71312 9.63500
v -10.18088 1.69288 9.64300
v -10.18088 1.69288 9.63500
v -10.20112 1.71312 9.63500
v -10.20112 1.71312 9.64300
v -10.20112 1.69288 9.63500
v -10.20112 1.69288 9.64300
v -10.20112 1.71312 9.63500
v -10.18088 1.71312 9.63500
v -10.20112 1.71312 9.64300
v -10.18088 1.71312 9.64300
v -10.20112 1.69288 9.64300
v -10.18088 1.69288 9.64300
v -10.20112 1.69288 9.63500
v -10.18088 1.69288 9.63500
v -10.20112 1.71312 9.64300
v -10.18088 1.71312 9.64300
v -10.20112 1.69288 9.64300
v -10.18088 1.69288 9.64300
v -10.18088 1.71312 9.63500
v -10.20112 1.71312 9.63500
v -10.18088 1.69288 9.63500
v -10.20112 1.69288 9.63500
v -10.15888 1.71312 9.64300
v -10.15888 1.71312 9.63500
v -10.15888 1.69288 9.64300
v -10.15888 1.69288 9.63500
v -10.17912 1.71312 9.63500
v -10.17912 1.71312 9.64300
v -10.17912 1.69288 9.63500
v -10.17912 1.69288 9.64300
v -10.17912 1.71312 9.63500
v -10.15888 1.71312 9.63500
v -10.17912 1.71312 9.64300
v -10.15888 1.71312 9.64300
v -10.17912 1.69288 9.64300
v -10.15888 1.69288 9.64300
v -10.17912 1.69288 9.63500
v -10.15888 1.69288 9.63500
v -10.17912 1.71312 9.64300
v -10.15888 1.71312 9.64300
v -10.17912 1.69288 9.64300
v -10.15888 1.69288 9.64300
v -10.15888 1.71312 9.63500
v -10.17912 1.71312 9.63500
v -10.15888 1.69288 9.63500
v -10.17912 1.69288 9.63500
v -9.96088 1.84512 9.64300
v -9.96088 1.84512 9.63500
v -9.96088 1.82488 9.64300
v -9.96088 1.82488 9.63500
v -9.98112 1.84512 9.63500
v -9.98112 1.84512 9.64300
v -9.98112 1.82488 9.63500
v -9.98112 1.82488 9.64300
v -9.98112 1.84512 9.63500
v -9.96088 1.84512 9.63500
v -9.98112 1.84512 9.64300
v -9.96088 1.84512 9.64300
v -9.98112 1.82488 9.64300
v -9.96088 1.82488 9.64300
v -9.98112 1.82488 9.63500
v -9.96088 1.82488 9.63500
v -9.98112 1.84512 9.64300
v -9.96088 1.84512 9.64300
v -9.98112 1.82488 9.64300
v -9.96088 1.82488 9.64300
v -9.96088 1.84512 9.63500
v -9.98112 1.84512 9.63500
v -9.96088 1.82488 9.63500
v -9.98112 1.82488 9.63500
v -9.93888 1.84512 9.64300
v -9.93888 1.84512 9.63500
v -9.93888 1.82488 9.64300
v -9.93888 1.82488 9.63500
v -9.95912 1.84512 9.63500
v -9.95912 1.84512 9.64300
v -9.95912 1.82488 9.63500
v -9.95912 1.82488 9.64300
v -9.95912 1.84512 9.63500
v -9.93888 1.84512 9.63500
v -9.95912 1.84512 9.64300
v -9.93888 1.84512 9.64300
v -9.95912 1.82488 9.64300
v -9.93888 1.82488 9.64300
v -9.95912 1.82488 9.63500
v -9.93888 1.82488 9.63500
v -9.95912 1.84512 9.64300
v -9.93888 1.84512 9.64300
v -9.95912 1.82488 9.64300
v -9.93888 1.82488 9.64300
v -9.93888 1.84512 9.63500
v -9.95912 1.84512 9.63500
v -9.93888 1.82488 9.63500
v -9.95912 1.82488 9.63500
v -9.91688 1.84512 9.64300
v -9.91688 1.84512 9.63500
v -9.91688 1.82488 9.64300
v -9.91688 1.82488 9.63500
v -9.93712 1.84512 9.63500
v -9.93712 1.84512 9.64300
v -9.93712 1.82488 9.63500
v -9.93712 1.82488 9.64300
v -9.93712 1.84512 9.63500
v -9.91688 1.84512 9.63500
v -9.93712 1.84512 9.64300
v -9.91688 1.84512 9.64300
v -9.93712 1.82488 9.64300
v -9.91688 1.82488 9.64300
v -9.93712 1.82488 9.63500
v -9.91688 1.82488 9.63500
v -9.93712 1.84512 9.64300
v -9.91688 1.84512 9.64300
v -9.93712 1.82488 9.64300
v -9.91688 1.82488 9.64300
v -9.91688 1.84512 9.63500
v -9.93712 1.84512 9.63500
v -9.91688 1.82488 9.63500
v -9.93712 1.82488 9.63500
v -9.98288 1.82312 9.64300
v -9.98288 1.82312 9.63500
v -9.98288 1.80288 9.64300
v -9.98288 1.80288 9.63500
v -10.00312 1.82312 9.63500
v -10.00312 1.82312 9.64300
v -10.00312 1.80288 9.63500
v -10.00312 1.80288 9.64300
v -10.00312 1.82312 9.63500
v -9.98288 1.82312 9.63500
v -10.00312 1.82312 9.64300
v -9.98288 1.82312 9.64300
v -10.00312 1.80288 9.64300
v -9.98288 1.80288 9.64300
v -10.00312 1.80288 9.63500
v -9.98288 1.80288 9.63500
v -10.00312 1.82312 9.64300
v -9.98288 1.82312 9.64300
v -10.00312 1.80288 9.64300
v -9.98288 1.80288 9.64300
v -9.98288 1.82312 9.63500
v -10.00312 1.82312 9.63500
v -9.98288 1.80288 9.63500
v -10.00312 1.80288 9.63500
v -9.89488 1.82312 9.64300
v -9.89488 1.82312 9.63500
v -9.89488 1.80288 9.64300
v -9.89488 1.80288 9.63500
v -9.91512 1.82312 9.63500
v -9.91512 1.82312 9.64300
v -9.91512 1.80288 9.63500
v -9.91512 1.80288 9.64300
v -9.91512 1.82312 9.63500
v -9.89488 1.82312 9.63500
v -9.91512 1.82312 9.64300
v -9.89488 1.82312 9.64300
v -9.91512 1.80288 9.64300
v -9.89488 1.80288 9.64300
v -9.91512 1.80288 9.63500
v -9.89488 1.80288 9.63500
v -9.91512 1.82312 9.64300
v -9.89488 1.82312 9.64300
v -9.91512 1.80288 9.64300
v -9.89488 1.80288 9.64300
v -9.89488 1.82312 9.63500
v -9.91512 1.82312 9.63500
v -9.89488 1.80288 9.63500
v -9.91512 1.80288 9.63500
v -9.98288 1.80112 9.64300
v -9.98288 1.80112 9.63500
v -9.98288 1.78088 9.64300
v -9.98288 1.78088 9.63500
v -10.00312 1.80112 9.63500
v -10.00312 1.80112 9.64300
v -10.00312 1.78088 9.63500
v -10.00312 1.78088 9.64300
v -10.00312 1.80112 9.63500
v -9.98288 1.80112 9.63500
v -10.00312 1.80112 9.64300
v -9.98288 1.80112 9.64300
v -10.00312 1.78088 9.64300
v -9.98288 1.78088 9.64300
v -10.00312 1.78088 9.63500
v -9.98288 1.78088 9.63500
v -10.00312 1.80112 9.64300
v -9.98288 1.80112 9.64300
v -10.00312 1.78088 9.64300
v -9.98288 1.78088 9.64300
v -9.98288 1.80112 9.63500
v -10.00312 1.80112 9.63500
v -9.98288 1.78088 9.63500
v -10.00312 1.78088 9.63500
v -9.89488 1.80112 9.64300
v -9.89488 1.80112 9.63500
v -9.89488 1.78088 9.64300
v -9.89488 1.78088 9.63500
v -9.91512 1.80112 9.63500
v -9.91512 1.80112 9.64300
v -9.91512 1.78088 9.63500
v -9.91512 1.78088 9.64300
v -9.91512 1.80112 9.63500
v -9.89488 1.80112 9.63500
v -9.91512 1.80112 9.64300
v -9.89488 1.80112 9.64300
v -9.91512 1.78088 9.64300
v -9.89488 1.78088 9.64300
v -9.91512 1.78088 9.63500
v -9.89488 1.78088 9.63500
v -9.91512 1.80112 9.64300
v -9.89488 1.80112 9.64300
v -9.91512 1.78088 9.64300
v -9.89488 1.78088 9.64300
v -9.89488 1.80112 9.63500
v -9.91512 1.80112 9.63500
v -9.89488 1.78088 9.63500
v -9.91512 1.78088 9.63500
v -9.98288 1.77912 9.64300
v -9.98288 1.77912 9.63500
v -9.98288 1.75888 9.64300
v -9.98288 1.75888 9.63500
v -10.00312 1.77912 9.63500
v -10.00312 1.77912 9.64300
v -10.00312 1.75888 9.63500
v -10.00312 1.75888 9.64300
v -10.00312 1.77912 9.63500
v -9.98288 1.77912 9.63500
v -10.00312 1.77912 9.64300
v -9.98288 1.77912 9.64300
v -10.00312 1.75888 9.64300
v -9.98288 1.75888 9.64300
v -10.00312 1.75888 9.63500
v -9.98288 1.75888 9.63500
v -10.00312 1.77912 9.64300
v -9.98288 1.77912 9.64300
v -10.00312 1.75888 9.64300
v -9.98288 1.75888 9.64300
v -9.98288 1.77912 9.63500
v -10.00312 1.77912 9.63500
v -9.98288 1.75888 9.63500
v -10.00312 1.75888 9.63500
v -9.96088 1.77912 9.64300
v -9.96088 1.77912 9.63500
v -9.96088 1.75888 9.64300
v -9.96088 1.75888 9.63500
v -9.98112 1.77912 9.63500
v -9.98112 1.77912 9.64300
v -9.98112 1.75888 9.63500
v -9.98112 1.75888 9.64300
v -9.98112 1.77912 9.63500
v -9.96088 1.77912 9.63500
v -9.98112 1.77912 9.64300
v -9.96088 1.77912 9.64300
v -9.98112 1.75888 9.64300
v -9.96088 1.75888 9.64300
v -9.98112 1.75888 9.63500
v -9.96088 1.75888 9.63500
v -9.98112 1.77912 9.64300
v -9.96088 1.77912 9.64300
v -9.98112 1.75888 9.64300
v -9.96088 1.75888 9.64300
v -9.96088 1.77912 9.63500
v -9.98112 1.77912 9.63500
v -9.96088 1.75888 9.63500
v -9.98112 1.75888 9.63500
v -9.93888 1.77912 9.64300
v -9.93888 1.77912 9.63500
v -9.93888 1.75888 9.64300
v -9.93888 1.75888 9.63500
v -9.95912 1.77912 9.63500
v -9.95912 1.77912 9.64300
v -9.95912 1.75888 9.63500
v -9.95912 1.75888 9.64300
v -9.95912 1.77912 9.63500
v -9.93888 1.77912 9.63500
v -9.95912 1.77912 9.64300
v -9.93888 1.77912 9.64300
v -9.95912 1.75888 9.64300
v -9.93888 1.75888 9.64300
v -9.95912 1.75888 9.63500
v -9.93888 1.75888 9.63500
v -9.95912 1.77912 9.64300
v -9.93888 1.77912 9.64300
v -9.95912 1.75888 9.64300
v -9.93888 1.75888 9.64300
v -9.93888 1.77912 9.63500
v -9.95912 1.77912 9.63500
v -9.93888 1.75888 9.63500
v -9.95912 1.75888 9.63500
v -9.91688 1.77912 9.64300
v -9.91688 1.77912 9.63500
v -9.91688 1.75888 9.64300
v -9.91688 1.75888 9.63500
v -9.93712 1.77912 9.63500
v -9.93712 1.77912 9.64300
v -9.93712 1.75888 9.63500
v -9.93712 1.75888 9.64300
v -9.93712 1.77912 9.63500
v -9.91688 1.77912 9.63500
v -9.93712 1.77912 9.64300
v -9.91688 1.77912 9.64300
v -9.93712 1.75888 9.64300
v -9.91688 1.75888 9.64300
v -9.93712 1.75888 9.63500
v -9.91688 1.75888 9.63500
v -9.93712 1.77912 9.64300
v -9.91688 1.77912 9.64300
v -9.93712 1.75888 9.64300
v -9.91688 1.75888 9.64300
v -9.91688 1.77912 9.63500
v -9.93712 1.77912 9.63500
v -9.91688 1.75888 9.63500
v -9.93712 1.75888 9.63500
v -9.89488 1.77912 9.64300
v -9.89488 1.77912 9.63500
v -9.89488 1.75888 9.64300
v -9.89488 1.75888 9.63500
v -9.91512 1.77912 9.63500
v -9.91512 1.77912 9.64300
v -9.91512 1.75888 9.63500
v -9.91512 1.75888 9.64300
v -9.91512 1.77912 9.63500
v -9.89488 1.77912 9.63500
v -9.91512 1.77912 9.64300
v -9.89488 1.77912 9.64300
v -9.91512 1.75888 9.64300
v -9.89488 1.75888 9.64300
v -9.91512 1.75888 9.63500
v -9.89488 1.75888 9.63500
v -9.91512 1.77912 9.64300
v -9.89488 1.77912 9.64300
v -9.91512 1.75888 9.64300
v -9.89488 1.75888 9.64300
v -9.89488 1.77912 9.63500
v -9.91512 1.77912 9.63500
v -9.89488 1.75888 9.63500
v -9.91512 1.75888 9.63500
v -9.98288 1.75712 9.64300
v -9.98288 1.75712 9.63500
v -9.98288 1.73688 9.64300
v -9.98288 1.73688 9.63500
v -10.00312 1.75712 9.63500
v -10.00312 1.75712 9.64300
v -10.00312 1.73688 9.63500
v -10.00312 1.73688 9.64300
v -10.00312 1.75712 9.63500
v -9.98288 1.75712 9.63500
v -10.00312 1.75712 9.64300
v -9.98288 1.75712 9.64300
v -10.00312 1.73688 9.64300
v -9.98288 1.73688 9.64300
v -10.00312 1.73688 9.63500
v -9.98288 1.73688 9.63500
v -10.00312 1.75712 9.64300
v -9.98288 1.75712 9.64300
v -10.00312 1.73688 9.64300
v -9.98288 1.73688 9.64300
v -9.98288 1.75712 9.63500
v -10.00312 1.75712 9.63500
v -9.98288 1.73688 9.63500
v -10.00312 1.73688 9.63500
v -9.89488 1.75712 9.64300
v -9.89488 1.75712 9.63500
v -9.89488 1.73688 9.64300
v -9.89488 1.73688 9.63500
v -9.91512 1.75712 9.63500
v -9.91512 1.75712 9.64300
v -9.91512 1.73688 9.63500
v -9.91512 1.73688 9.64300
v -9.91512 1.75712 9.63500
v -9.89488 1.75712 9.63500
v -9.91512 1.75712 9.64300
v -9.89488 1.75712 9.64300
v -9.91512 1.73688 9.64300
v -9.89488 1.73688 9.64300
v -9.91512 1.73688 9.63500
v -9.89488 1.73688 9.63500
v -9.91512 1.75712 9.64300
v -9.89488 1.75712 9.64300
v -9.91512 1.73688 9.64300
v -9.89488 1.73688 9.64300
v -9.89488 1.75712 9.63500
v -9.91512 1.75712 9.63500
v -9.89488 1.73688 9.63500
v -9.91512 1.73688 9.63500
v -9.98288 1.73512 9.64300
v -9.98288 1.73512 9.63500
v -9.98288 1.71488 9.64300
v -9.98288 1.71488 9.63500
v -10.00312 1.73512 9.63500
v -10.00312 1.73512 9.64300
v -10.00312 1.71488 9.63500
v -10.00312 1.71488 9.64300
v -10.00312 1.73512 9.63500
v -9.98288 1.73512 9.63500
v -10.00312 1.73512 9.64300
v -9.98288 1.73512 9.64300
v -10.00312 1.71488 9.64300
v -9.98288 1.71488 9.64300
v -10.00312 1.71488 9.63500
v -9.98288 1.71488 9.63500
v -10.00312 1.73512 9.64300
v -9.98288 1.73512 9.64300
v -10.00312 1.71488 9.64300
v -9.98288 1.71488 9.64300
v -9.98288 1.73512 9.63500
v -10.00312 1.73512 9.63500
v -9.98288 1.71488 9.63500
v -10.00312 1.71488 9.63500
v -9.89488 1.73512 9.64300
v -9.89488 1.73512 9.63500
v -9.89488 1.71488 9.64300
v -9.89488 1.71488 9.63500
v -9.91512 1.73512 9.63500
v -9.91512 1.73512 9.64300
v -9.91512 1.71488 9.63500
v -9.91512 1.71488 9.64300
v -9.91512 1.73512 9.63500
v -9.89488 1.73512 9.63500
v -9.91512 1.73512 9.64300
v -9.89488 1.73512 9.64300
v -9.91512 1.71488 9.64300
v -9.89488 1.71488 9.64300
v -9.91512 1.71488 9.63500
v -9.89488 1.71488 9.63500
v -9.91512 1.73512 9.64300
v -9.89488 1.73512 9.64300
v -9.91512 1.71488 9.64300
v -9.89488 1.71488 9.64300
v -9.89488 1.73512 9.63500
v -9.91512 1.73512 9.63500
v -9.89488 1.71488 9.63500
v -9.91512 1.71488 9.63500
v -9.98288 1.71312 9.64300
v -9.98288 1.71312 9.63500
v -9.98288 1.69288 9.64300
v -9.98288 1.69288 9.63500
v -10.00312 1.71312 9.63500
v -10.00312 1.71312 9.64300
v -10.00312 1.69288 9.63500
v -10.00312 1.69288 9.64300
v -10.00312 1.71312 9.63500
v -9.98288 1.71312 9.63500
v -10.00312 1.71312 9.64300
v -9.98288 1.71312 9.64300
v -10.00312 1.69288 9.64300
v -9.98288 1.69288 9.64300
v -10.00312 1.69288 9.63500
v -9.98288 1.69288 9.63500
v -10.00312 1.71312 9.64300
v -9.98288 1.71312 9.64300
v -10.00312 1.69288 9.64300
v -9.98288 1.69288 9.64300
v -9.98288 1.71312 9.63500
v -10.00312 1.71312 9.63500
v -9.98288 1.69288 9.63500
v -10.00312 1.69288 9.63500
v -9.89488 1.71312 9.64300
v -9.89488 1.71312 9.63500
v -9.89488 1.69288 9.64300
v -9.89488 1.69288 9.63500
v -9.91512 1.71312 9.63500
v -9.91512 1.71312 9.64300
v -9.91512 1.69288 9.63500
v -9.91512 1.69288 9.64300
v -9.91512 1.71312 9.63500
v -9.89488 1.71312 9.63500
v -9.91512 1.71312 9.64300
v -9.89488 1.71312 9.64300
v -9.91512 1.69288 9.64300
v -9.89488 1.69288 9.64300
v -9.91512 1.69288 9.63500
v -9.89488 1.69288 9.63500
v -9.91512 1.71312 9.64300
v -9.89488 1.71312 9.64300
v -9.91512 1.69288 9.64300
v -9.89488 1.69288 9.64300
v -9.89488 1.71312 9.63500
v -9.91512 1.71312 9.63500
v -9.89488 1.69288 9.63500
v -9.91512 1.69288 9.63500
v -9.85088 1.84512 9.64300
v -9.85088 1.84512 9.63500
v -9.85088 1.82488 9.64300
v -9.85088 1.82488 9.63500
v -9.87112 1.84512 9.63500
v -9.87112 1.84512 9.64300
v -9.87112 1.82488 9.63500
v -9.87112 1.82488 9.64300
v -9.87112 1.84512 9.63500
v -9.85088 1.84512 9.63500
v -9.87112 1.84512 9.64300
v -9.85088 1.84512 9.64300
v -9.87112 1.82488 9.64300
v -9.85088 1.82488 9.64300
v -9.87112 1.82488 9.63500
v -9.85088 1.82488 9.63500
v -9.87112 1.84512 9.64300
v -9.85088 1.84512 9.64300
v -9.87112 1.82488 9.64300
v -9.85088 1.82488 9.64300
v -9.85088 1.84512 9.63500
v -9.87112 1.84512 9.63500
v -9.85088 1.82488 9.63500
v -9.87112 1.82488 9.63500
v -9.82888 1.84512 9.64300
v -9.82888 1.84512 9.63500
v -9.82888 1.82488 9.64300
v -9.82888 1.82488 9.63500
v -9.84912 1.84512 9.63500
v -9.84912 1.84512 9.64300
v -9.84912 1.82488 9.63500
v -9.84912 1.82488 9.64300
v -9.84912 1.84512 9.63500
v -9.82888 1.84512 9.63500
v -9.84912 1.84512 9.64300
v -9.82888 1.84512 9.64300
v -9.84912 1.82488 9.64300
v -9.82888 1.82488 9.64300
v -9.84912 1.82488 9.63500
v -9.82888 1.82488 9.63500
v -9.84912 1.84512 9.64300
v -9.82888 1.84512 9.64300
v -9.84912 1.82488 9.64300
v -9.82888 1.82488 9.64300
v -9.82888 1.84512 9.63500
v -9.84912 1.84512 9.63500
v -9.82888 1.82488 9.63500
v -9.84912 1.82488 9.63500
v -9.80688 1.84512 9.64300
v -9.80688 1.84512 9.63500
v -9.80688 1.82488 9.64300
v -9.80688 1.82488 9.63500
v -9.82712 1.84512 9.63500
v -9.82712 1.84512 9.64300
v -9.82712 1.82488 9.63500
v -9.82712 1.82488 9.64300
v -9.82712 1.84512 9.63500
v -9.80688 1.84512 9.63500
v -9.82712 1.84512 9.64300
v -9.80688 1.84512 9.64300
v -9.82712 1.82488 9.64300
v -9.80688 1.82488 9.64300
v -9.82712 1.82488 9.63500
v -9.80688 1.82488 9.63500
v -9.82712 1.84512 9.64300
v -9.80688 1.84512 9.64300
v -9.82712 1.82488 9.64300
v -9.80688 1.82488 9.64300
v -9.80688 1.84512 9.63500
v -9.82712 1.84512 9.63500
v -9.80688 1.82488 9.63500
v -9.82712 1.82488 9.63500
v -9.78488 1.84512 9.64300
v -9.78488 1.84512 9.63500
v -9.78488 1.82488 9.64300
v -9.78488 1.82488 9.63500
v -9.80512 1.84512 9.63500
v -9.80512 1.84512 9.64300
v -9.80512 1.82488 9.63500
v -9.80512 1.82488 9.64300
v -9.80512 1.84512 9.63500
v -9.78488 1.84512 9.63500
v -9.80512 1.84512 9.64300
v -9.78488 1.84512 9.64300
v -9.80512 1.82488 9.64300
v -9.78488 1.82488 9.64300
v -9.80512 1.82488 9.63500
v -9.78488 1.82488 9.63500
v -9.80512 1.84512 9.64300
v -9.78488 1.84512 9.64300
v -9.80512 1.82488 9.64300
v -9.78488 1.82488 9.64300
v -9.78488 1.84512 9.63500
v -9.80512 1.84512 9.63500
v -9.78488 1.82488 9.63500
v -9.80512 1.82488 9.63500
v -9.85088 1.82312 9.64300
v -9.85088 1.82312 9.63500
v -9.85088 1.80288 9.64300
v -9.85088 1.80288 9.63500
v -9.87112 1.82312 9.63500
v -9.87112 1.82312 9.64300
v -9.87112 1.80288 9.63500
v -9.87112 1.80288 9.64300
v -9.87112 1.82312 9.63500
v -9.85088 1.82312 9.63500
v -9.87112 1.82312 9.64300
v -9.85088 1.82312 9.64300
v -9.87112 1.80288 9.64300
v -9.85088 1.80288 9.64300
v -9.87112 1.80288 9.63500
v -9.85088 1.80288 9.63500
v -9.87112 1.82312 9.64300
v -9.85088 1.82312 9.64300
v -9.87112 1.80288 9.64300
v -9.85088 1.80288 9.64300
v -9.85088 1.82312 9.63500
v -9.87112 1.82312 9.63500
v -9.85088 1.80288 9.63500
v -9.87112 1.80288 9.63500
v -9.76288 1.82312 9.64300
v -9.76288 1.82312 9.63500
v -9.76288 1.80288 9.64300
v -9.76288 1.80288 9.63500
v -9.78312 1.82312 9.63500
v -9.78312 1.82312 9.64300
v -9.78312 1.80288 9.63500
v -9.78312 1.80288 9.64300
v -9.78312 1.82312 9.63500
v -9.76288 1.82312 9.63500
v -9.78312 1.82312 9.64300
v -9.76288 1.82312 9.64300
v -9.78312 1.80288 9.64300
v -9.76288 1.80288 9.64300
v -9.78312 1.80288 9.63500
v -9.76288 1.80288 9.63500
v -9.78312 1.82312 9.64300
v -9.76288 1.82312 9.64300
v -9.78312 1.80288 9.64300
v -9.76288 1.80288 9.64300
v -9.76288 1.82312 9.63500
v -9.78312 1.82312 9.63500
v -9.76288 1.80288 9.63500
v -9.78312 1.80288 9.63500
v -9.85088 1.80112 9.64300
v -9.85088 1.80112 9.63500
v -9.85088 1.78088 9.64300
v -9.85088 1.78088 9.63500
v -9.87112 1.80112 9.63500
v -9.87112 1.80112 9.64300
v -9.87112 1.78088 9.63500
v -9.87112 1.78088 9.64300
v -9.87112 1.80112 9.63500
v -9.85088 1.80112 9.63500
v -9.87112 1.80112 9.64300
v -9.85088 1.80112 9.64300
v -9.87112 1.78088 9.64300
v -9.85088 1.78088 9.64300
v -9.87112 1.78088 9.63500
v -9.85088 1.78088 9.63500
v -9.87112 1.80112 9.64300
v -9.85088 1.80112 9.64300
v -9.87112 1.78088 9.64300
v -9.85088 1.78088 9.64300
v -9.85088 1.80112 9.63500
v -9.87112 1.80112 9.63500
v -9.85088 1.78088 9.63500
v -9.87112 1.78088 9.63500
v -9.76288 1.80112 9.64300
v -9.76288 1.80112 9.63500
v -9.76288 1.78088 9.64300
v -9.76288 1.78088 9.63500
v -9.78312 1.80112 9.63500
v -9.78312 1.80112 9.64300
v -9.78312 1.78088 9.63500
v -9.78312 1.78088 9.64300
v -9.78312 1.80112 9.63500
v -9.76288 1.80112 9.63500
v -9.78312 1.80112 9.64300
v -9.76288 1.80112 9.64300
v -9.78312 1.78088 9.64300
v -9.76288 1.78088 9.64300
v -9.78312 1.78088 9.63500
v -9.76288 1.78088 9.63500
v -9.78312 1.80112 9.64300
v -9.76288 1.80112 9.64300
v -9.78312 1.78088 9.64300
v -9.76288 1.78088 9.64300
v -9.76288 1.80112 9.63500
v -9.78312 1.80112 9.63500
v -9.76288 1.78088 9.63500
v -9.78312 1.78088 9.63500
v -9.85088 1.77912 9.64300
v -9.85088 1.77912 9.63500
v -9.85088 1.75888 9.64300
v -9.85088 1.75888 9.63500
v -9.87112 1.77912 9.63500
v -9.87112 1.77912 9.64300
v -9.87112 1.75888 9.63500
v -9.87112 1.75888 9.64300
v -9.87112 1.77912 9.63500
v -9.85088 1.77912 9.63500
v -9.87112 1.77912 9.64300
v -9.85088 1.77912 9.64300
v -9.87112 1.75888 9.64300
v -9.85088 1.75888 9.64300
v -9.87112 1.75888 9.63500
v -9.85088 1.75888 9.63500
v -9.87112 1.77912 9.64300
v -9.85088 1.77912 9.64300
v -9.87112 1.75888 9.64300
v -9.85088 1.75888 9.64300
v -9.85088 1.77912 9.63500
v -9.87112 1.77912 9.63500
v -9.85088 1.75888 9.63500
v -9.87112 1.75888 9.63500
v -9.82888 1.77912 9.64300
v -9.82888 1.77912 9.63500
v -9.82888 1.75888 9.64300
v -9.82888 1.75888 9.63500
v -9.84912 1.77912 9.63500
v -9.84912 1.77912 9.64300
v -9.84912 1.75888 9.63500
v -9.84912 1.75888 9.64300
v -9.84912 1.77912 9.63500
v -9.82888 1.77912 9.63500
v -9.84912 1.77912 9.64300
v -9.82888 1.77912 9.64300
v -9.84912 1.75888 9.64300
v -9.82888 1.75888 9.64300
v -9.84912 1.75888 9.63500
v -9.82888 1.75888 9.63500
v -9.84912 1.77912 9.64300
v -9.82888 1.77912 9.64300
v -9.84912 1.75888 9.64300
v -9.82888 1.75888 9.64300
v -9.82888 1.77912 9.63500
v -9.84912 1.77912 9.63500
v -9.82888 1.75888 9.63500
v -9.84912 1.75888 9.63500
v -9.80688 1.77912 9.64300
v -9.80688 1.77912 9.63500
v -9.80688 1.75888 9.64300
v -9.80688 1.75888 9.63500
v -9.82712 1.77912 9.63500
v -9.82712 1.77912 9.64300
v -9.82712 1.75888 9.63500
v -9.82712 1.75888 9.64300
v -9.82712 1.77912 9.63500
v -9.80688 1.77912 9.63500
v -9.82712 1.77912 9.64300
v -9.80688 1.77912 9.64300
v -9.82712 1.75888 9.64300
v -9.80688 1.75888 9.64300
v -9.82712 1.75888 9.63500
v -9.80688 1.75888 9.63500
v -9.82712 1.77912 9.64300
v -9.80688 1.77912 9.64300
v -9.82712 1.75888 9.64300
v -9.80688 1.75888 9.64300
v -9.80688 1.77912 9.63500
v -9.82712 1.77912 9.63500
v -9.80688 1.75888 9.63500
v -9.82712 1.75888 9.63500
v -9.78488 1.77912 9.64300
v -9.78488 1.77912 9.63500
v -9.78488 1.75888 9.64300
v -9.78488 1.75888 9.63500
v -9.80512 1.77912 9.63500
v -9.80512 1.77912 9.64300
v -9.80512 1.75888 9.63500
v -9.80512 1.75888 9.64300
v -9.80512 1.77912 9.63500
v -9.78488 1.77912 9.63500
v -9.80512 1.77912 9.64300
v -9.78488 1.77912 9.64300
v -9.80512 1.75888 9.64300
v -9.78488 1.75888 9.64300
v -9.80512 1.75888 9.63500
v -9.78488 1.75888 9.63500
v -9.80512 1.77912 9.64300
v -9.78488 1.77912 9.64300
v -9.80512 1.75888 9.64300
v -9.78488 1.75888 9.64300
v -9.78488 1.77912 9.63500
v -9.80512 1.77912 9.63500
v -9.78488 1.75888 9.63500
v -9.80512 1.75888 9.63500
v -9.85088 1.75712 9.64300
v -9.85088 1.75712 9.63500
v -9.85088 1.73688 9.64300
v -9.85088 1.73688 9.63500
v -9.87112 1.75712 9.63500
v -9.87112 1.75712 9.64300
v -9.87112 1.73688 9.63500
v -9.87112 1.73688 9.64300
v -9.87112 1.75712 9.63500
v -9.85088 1.75712 9.63500
v -9.87112 1.75712 9.64300
v -9.85088 1.75712 9.64300
v -9.87112 1.73688 9.64300
v -9.85088 1.73688 9.64300
v -9.87112 1.73688 9.63500
v -9.85088 1.73688 9.63500
v -9.87112 1.75712 9.64300
v -9.85088 1.75712 9.64300
v -9.87112 1.73688 9.64300
v -9.85088 1.73688 9.64300
v -9.85088 1.75712 9.63500
v -9.87112 1.75712 9.63500
v -9.85088 1.73688 9.63500
v -9.87112 1.73688 9.63500
v -9.80688 1.75712 9.64300
v -9.80688 1.75712 9.63500
v -9.80688 1.73688 9.64300
v -9.80688 1.73688 9.63500
v -9.82712 1.75712 9.63500
v -9.82712 1.75712 9.64300
v -9.82712 1.73688 9.63500
v -9.82712 1.73688 9.64300
v -9.82712 1.75712 9.63500
v -9.80688 1.75712 9.63500
v -9.82712 1.75712 9.64300
v -9.80688 1.75712 9.64300
v -9.82712 1.73688 9.64300
v -9.80688 1.73688 9.64300
v -9.82712 1.73688 9.63500
v -9.80688 1.73688 9.63500
v -9.82712 1.75712 9.64300
v -9.80688 1.75712 9.64300
v -9.82712 1.73688 9.64300
v -9.80688 1.73688 9.64300
v -9.80688 1.75712 9.63500
v -9.82712 1.75712 9.63500
v -9.80688 1.73688 9.63500
v -9.82712 1.73688 9.63500
v -9.85088 1.73512 9.64300
v -9.85088 1.73512 9.63500
v -9.85088 1.71488 9.64300
v -9.85088 1.71488 9.63500
v -9.87112 1.73512 9.63500
v -9.87112 1.73512 9.64300
v -9.87112 1.71488 9.63500
v -9.87112 1.71488 9.64300
v -9.87112 1.73512 9.63500
v -9.85088 1.73512 9.63500
v -9.87112 1.73512 9.64300
v -9.85088 1.73512 9.64300
v -9.87112 1.71488 9.64300
v -9.85088 1.71488 9.64300
v -9.87112 1.71488 9.63500
v -9.85088 1.71488 9.63500
v -9.87112 1.73512 9.64300
v -9.85088 1.73512 9.64300
v -9.87112 1.71488 9.64300
v -9.85088 1.71488 9.64300
v -9.85088 1.73512 9.63500
v -9.87112 1.73512 9.63500
v -9.85088 1.71488 9.63500
v -9.87112 1.71488 9.63500
v -9.78488 1.73512 9.64300
v -9.78488 1.73512 9.63500
v -9.78488 1.71488 9.64300
v -9.78488 1.71488 9.63500
v -9.80512 1.73512 9.63500
v -9.80512 1.73512 9.64300
v -9.80512 1.71488 9.63500
v -9.80512 1.71488 9.64300
v -9.80512 1.73512 9.63500
v -9.78488 1.73512 9.63500
v -9.80512 1.73512 9.64300
v -9.78488 1.73512 9.64300
v -9.80512 1.71488 9.64300
v -9.78488 1.71488 9.64300
v -9.80512 1.71488 9.63500
v -9.78488 1.71488 9.63500
v -9.80512 1.73512 9.64300
v -9.78488 1.73512 9.64300
v -9.80512 1.71488 9.64300
v -9.78488 1.71488 9.64300
v -9.78488 1.73512 9.63500
v -9.80512 1.73512 9.63500
v -9.78488 1.71488 9.63500
v -9.80512 1.71488 9.63500
v -9.85088 1.71312 9.64300
v -9.85088 1.71312 9.63500
v -9.85088 1.69288 9.64300
v -9.85088 1.69288 9.63500
v -9.87112 1.71312 9.63500
v -9.87112 1.71312 9.64300
v -9.87112 1.69288 9.63500
v -9.87112 1.69288 9.64300
v -9.87112 1.71312 9.63500
v -9.85088 1.71312 9.63500
v -9.87112 1.71312 9.64300
v -9.85088 1.71312 9.64300
v -9.87112 1.69288 9.64300
v -9.85088 1.69288 9.64300
v -9.87112 1.69288 9.63500
v -9.85088 1.69288 9.63500
v -9.87112 1.71312 9.64300
v -9.85088 1.71312 9.64300
v -9.87112 1.69288 9.64300
v -9.85088 1.69288 9.64300
v -9.85088 1.71312 9.63500
v -9.87112 1.71312 9.63500
v -9.85088 1.69288 9.63500
v -9.87112 1.69288 9.63500
v -9.76288 1.71312 9.64300
v -9.76288 1.71312 9.63500
v -9.76288 1.69288 9.64300
v -9.76288 1.69288 9.63500
v -9.78312 1.71312 9.63500
v -9.78312 1.71312 9.64300
v -9.78312 1.69288 9.63500
v -9.78312 1.69288 9.64300
v -9.78312 1.71312 9.63500
v -9.76288 1.71312 9.63500
v -9.78312 1.71312 9.64300
v -9.76288 1.71312 9.64300
v -9.78312 1.69288 9.64300
v -9.76288 1.69288 9.64300
v -9.78312 1.69288 9.63500
v -9.76288 1.69288 9.63500
v -9.78312 1.71312 9.64300
v -9.76288 1.71312 9.64300
v -9.78312 1.69288 9.64300
v -9.76288 1.69288 9.64300
v -9.76288 1.71312 9.63500
v -9.78312 1.71312 9.63500
v -9.76288 1.69288 9.63500
v -9.78312 1.69288 9.63500
v -9.71888 1.84512 9.64300
v -9.71888 1.84512 9.63500
v -9.71888 1.82488 9.64300
v -9.71888 1.82488 9.63500
v -9.73912 1.84512 9.63500
v -9.73912 1.84512 9.64300
v -9.73912 1.82488 9.63500
v -9.73912 1.82488 9.64300
v -9.73912 1.84512 9.63500
v -9.71888 1.84512 9.63500
v -9.73912 1.84512 9.64300
v -9.71888 1.84512 9.64300
v -9.73912 1.82488 9.64300
v -9.71888 1.82488 9.64300
v -9.73912 1.82488 9.63500
v -9.71888 1.82488 9.63500
v -9.73912 1.84512 9.64300
v -9.71888 1.84512 9.64300
v -9.73912 1.82488 9.64300
v -9.71888 1.82488 9.64300
v -9.71888 1.84512 9.63500
v -9.73912 1.84512 9.63500
v -9.71888 1.82488 9.63500
v -9.73912 1.82488 9.63500
v -9.69688 1.84512 9.64300
v -9.69688 1.84512 9.63500
v -9.69688 1.82488 9.64300
v -9.69688 1.82488 9.63500
v -9.71712 1.84512 9.63500
v -9.71712 1.84512 9.64300
v -9.71712 1.82488 9.63500
v -9.71712 1.82488 9.64300
v -9.71712 1.84512 9.63500
v -9.69688 1.84512 9.63500
v -9.71712 1.84512 9.64300
v -9.69688 1.84512 9.64300
v -9.71712 1.82488 9.64300
v -9.69688 1.82488 9.64300
v -9.71712 1.82488 9.63500
v -9.69688 1.82488 9.63500
v -9.71712 1.84512 9.64300
v -9.69688 1.84512 9.64300
v -9.71712 1.82488 9.64300
v -9.69688 1.82488 9.64300
v -9.69688 1.84512 9.63500
v -9.71712 1.84512 9.63500
v -9.69688 1.82488 9.63500
v -9.71712 1.82488 9.63500
v -9.67488 1.84512 9.64300
v -9.67488 1.84512 9.63500
v -9.67488 1.82488 9.64300
v -9.67488 1.82488 9.63500
v -9.69512 1.84512 9.63500
v -9.69512 1.84512 9.64300
v -9.69512 1.82488 9.63500
v -9.69512 1.82488 9.64300
v -9.69512 1.84512 9.63500
v -9.67488 1.84512 9.63500
v -9.69512 1.84512 9.64300
v -9.67488 1.84512 9.64300
v -9.69512 1.82488 9.64300
v -9.67488 1.82488 9.64300
v -9.69512 1.82488 9.63500
v -9.67488 1.82488 9.63500
v -9.69512 1.84512 9.64300
v -9.67488 1.84512 9.64300
v -9.69512 1.82488 9.64300
v -9.67488 1.82488 9.64300
v -9.67488 1.84512 9.63500
v -9.69512 1.84512 9.63500
v -9.67488 1.82488 9.63500
v -9.69512 1.82488 9.63500
v -9.65288 1.84512 9.64300
v -9.65288 1.84512 9.63500
v -9.65288 1.82488 9.64300
v -9.65288 1.82488 9.63500
v -9.67312 1.84512 9.63500
v -9.67312 1.84512 9.64300
v -9.67312 1.82488 9.63500
v -9.67312 1.82488 9.64300
v -9.67312 1.84512 9.63500
v -9.65288 1.84512 9.63500
v -9.67312 1.84512 9.64300
v -9.65288 1.84512 9.64300
v -9.67312 1.82488 9.64300
v -9.65288 1.82488 9.64300
v -9.67312 1.82488 9.63500
v -9.65288 1.82488 9.63500
v -9.67312 1.84512 9.64300
v -9.65288 1.84512 9.64300
v -9.67312 1.82488 9.64300
v -9.65288 1.82488 9.64300
v -9.65288 1.84512 9.63500
v -9.67312 1.84512 9.63500
v -9.65288 1.82488 9.63500
v -9.67312 1.82488 9.63500
v -9.63088 1.84512 9.64300
v -9.63088 1.84512 9.63500
v -9.63088 1.82488 9.64300
v -9.63088 1.82488 9.63500
v -9.65112 1.84512 9.63500
v -9.65112 1.84512 9.64300
v -9.65112 1.82488 9.63500
v -9.65112 1.82488 9.64300
v -9.65112 1.84512 9.63500
v -9.63088 1.84512 9.63500
v -9.65112 1.84512 9.64300
v -9.63088 1.84512 9.64300
v -9.65112 1.82488 9.64300
v -9.63088 1.82488 9.64300
v -9.65112 1.82488 9.63500
v -9.63088 1.82488 9.63500
v -9.65112 1.84512 9.64300
v -9.63088 1.84512 9.64300
v -9.65112 1.82488 9.64300
v -9.63088 1.82488 9.64300
v -9.63088 1.84512 9.63500
v -9.65112 1.84512 9.63500
v -9.63088 1.82488 9.63500
v -9.65112 1.82488 9.63500
v -9.71888 1.82312 9.64300
v -9.71888 1.82312 9.63500
v -9.71888 1.80288 9.64300
v -9.71888 1.80288 9.63500
v -9.73912 1.82312 9.63500
v -9.73912 1.82312 9.64300
v -9.73912 1.80288 9.63500
v -9.73912 1.80288 9.64300
v -9.73912 1.82312 9.63500
v -9.71888 1.82312 9.63500
v -9.73912 1.82312 9.64300
v -9.71888 1.82312 9.64300
v -9.73912 1.80288 9.64300
v -9.71888 1.80288 9.64300
v -9.73912 1.80288 9.63500
v -9.71888 1.80288 9.63500
v -9.73912 1.82312 9.64300
v -9.71888 1.82312 9.64300
v -9.73912 1.80288 9.64300
v -9.71888 1.80288 9.64300
v -9.71888 1.82312 9.63500
v -9.73912 1.82312 9.63500
v -9.71888 1.80288 9.63500
v -9.73912 1.80288 9.63500
v -9.71888 1.80112 9.64300
v -9.71888 1.80112 9.63500
v -9.71888 1.78088 9.64300
v -9.71888 1.78088 9.63500
v -9.73912 1.80112 9.63500
v -9.73912 1.80112 9.64300
v -9.73912 1.78088 9.63500
v -9.73912 1.78088 9.64300
v -9.73912 1.80112 9.63500
v -9.71888 1.80112 9.63500
v -9.73912 1.80112 9.64300
v -9.71888 1.80112 9.64300
v -9.73912 1.78088 9.64300
v -9.71888 1.78088 9.64300
v -9.73912 1.78088 9.63500
v -9.71888 1.78088 9.63500
v -9.73912 1.80112 9.64300
v -9.71888 1.80112 9.64300
v -9.73912 1.78088 9.64300
v -9.71888 1.78088 9.64300
v -9.71888 1.80112 9.63500
v -9.73912 1.80112 9.63500
v -9.71888 1.78088 9.63500
v -9.73912 1.78088 9.63500
v -9.71888 1.77912 9.64300
v -9.71888 1.77912 9.63500
v -9.71888 1.75888 9.64300
v -9.71888 1.75888 9.63500
v -9.73912 1.77912 9.63500
v -9.73912 1.77912 9.64300
v -9.73912 1.75888 9.63500
v -9.73912 1.75888 9.64300
v -9.73912 1.77912 9.63500
v -9.71888 1.77912 9.63500
v -9.73912 1.77912 9.64300
v -9.71888 1.77912 9.64300
v -9.73912 1.75888 9.64300
v -9.71888 1.75888 9.64300
v -9.73912 1.75888 9.63500
v -9.71888 1.75888 9.63500
v -9.73912 1.77912 9.64300
v -9.71888 1.77912 9.64300
v -9.73912 1.75888 9.64300
v -9.71888 1.75888 9.64300
v -9.71888 1.77912 9.63500
v -9.73912 1.77912 9.63500
v -9.71888 1.75888 9.63500
v -9.73912 1.75888 9.63500
v -9.69688 1.77912 9.64300
v -9.69688 1.77912 9.63500
v -9.69688 1.75888 9.64300
v -9.69688 1.75888 9.63500
v -9.71712 1.77912 9.63500
v -9.71712 1.77912 9.64300
v -9.71712 1.75888 9.63500
v -9.71712 1.75888 9.64300
v -9.71712 1.77912 9.63500
v -9.69688 1.77912 9.63500
v -9.71712 1.77912 9.64300
v -9.69688 1.77912 9.64300
v -9.71712 1.75888 9.64300
v -9.69688 1.75888 9.64300
v -9.71712 1.75888 9.63500
v -9.69688 1.75888 9.63500
v -9.71712 1.77912 9.64300
v -9.69688 1.77912 9.64300
v -9.71712 1.75888 9.64300
v -9.69688 1.75888 9.64300
v -9.69688 1.77912 9.63500
v -9.71712 1.77912 9.63500
v -9.69688 1.75888 9.63500
v -9.71712 1.75888 9.63500
v -9.67488 1.77912 9.64300
v -9.67488 1.77912 9.63500
v -9.67488 1.75888 9.64300
v -9.67488 1.75888 9.63500
v -9.69512 1.77912 9.63500
v -9.69512 1.77912 9.64300
v -9.69512 1.75888 9.63500
v -9.69512 1.75888 9.64300
v -9.69512 1.77912 9.63500
v -9.67488 1.77912 9.63500
v -9.69512 1.77912 9.64300
v -9.67488 1.77912 9.64300
v -9.69512 1.75888 9.64300
v -9.67488 1.75888 9.64300
v -9.69512 1.75888 9.63500
v -9.67488 1.75888 9.63500
v -9.69512 1.77912 9.64300
v -9.67488 1.77912 9.64300
v -9.69512 1.75888 9.64300
v -9.67488 1.75888 9.64300
v -9.67488 1.77912 9.63500
v -9.69512 1.77912 9.63500
v -9.67488 1.75888 9.63500
v -9.69512 1.75888 9.63500
v -9.65288 1.77912 9.64300
v -9.65288 1.77912 9.63500
v -9.65288 1.75888 9.64300
v -9.65288 1.75888 9.63500
v -9.67312 1.77912 9.63500
v -9.67312 1.77912 9.64300
v -9.67312 1.75888 9.63500
v -9.67312 1.75888 9.64300
v -9.67312 1.77912 9.63500
v -9.65288 1.77912 9.63500
v -9.67312 1.77912 9.64300
v -9.65288 1.77912 9.64300
v -9.67312 1.75888 9.64300
v -9.65288 1.75888 9.64300
v -9.67312 1.75888 9.63500
v -9.65288 1.75888 9.63500
v -9.67312 1.77912 9.64300
v -9.65288 1.77912 9.64300
v -9.67312 1.75888 9.64300
v -9.65288 1.75888 9.64300
v -9.65288 1.77912 9.63500
v -9.67312 1.77912 9.63500
v -9.65288 1.75888 9.63500
v -9.67312 1.75888 9.63500
v -9.71888 1.75712 9.64300
v -9.71888 1.75712 9.63500
v -9.71888 1.73688 9.64300
v -9.71888 1.73688 9.63500
v -9.73912 1.75712 9.63500
v -9.73912 1.75712 9.64300
v -9.73912 1.73688 9.63500
v -9.73912 1.73688 9.64300
v -9.73912 1.75712 9.63500
v -9.71888 1.75712 9.63500
v -9.73912 1.75712 9.64300
v -9.71888 1.75712 9.64300
v -9.73912 1.73688 9.64300
v -9.71888 1.73688 9.64300
v -9.73912 1.73688 9.63500
v -9.71888 1.73688 9.63500
v -9.73912 1.75712 9.64300
v -9.71888 1.75712 9.64300
v -9.73912 1.73688 9.64300
v -9.71888 1.73688 9.64300
v -9.71888 1.75712 9.63500
v -9.73912 1.75712 9.63500
v -9.71888 1.73688 9.63500
v -9.73912 1.73688 9.63500
v -9.71888 1.73512 9.64300
v -9.71888 1.73512 9.63500
v -9.71888 1.71488 9.64300
v -9.71888 1.71488 9.63500
v -9.73912 1.73512 9.63500
v -9.73912 1.73512 9.64300
v -9.73912 1.71488 9.63500
v -9.73912 1.71488 9.64300
v -9.73912 1.73512 9.63500
v -9.71888 1.73512 9.63500
v -9.73912 1.73512 9.64300
v -9.71888 1.73512 9.64300
v -9.73912 1.71488 9.64300
v -9.71888 1.71488 9.64300
v -9.73912 1.71488 9.63500
v -9.71888 1.71488 9.63500
v -9.73912 1.73512 9.64300
v -9.71888 1.73512 9.64300
v -9.73912 1.71488 9.64300
v -9.71888 1.71488 9.64300
v -9.71888 1.73512 9.63500
v -9.73912 1.73512 9.63500
v -9.71888 1.71488 9.63500
v -9.73912 1.71488 9.63500
v -9.71888 1.71312 9.64300
v -9.71888 1.71312 9.63500
v -9.71888 1.69288 9.64300
v -9.71888 1.69288 9.63500
v -9.73912 1.71312 9.63500
v -9.73912 1.71312 9.64300
v -9.73912 1.69288 9.63500
v -9.73912 1.69288 9.64300
v -9.73912 1.71312 9.63500
v -9.71888 1.71312 9.63500
v -9.73912 1.71312 9.64300
v -9.71888 1.71312 9.64300
v -9.73912 1.69288 9.64300
v -9.71888 1.69288 9.64300
v -9.73912 1.69288 9.63500
v -9.71888 1.69288 9.63500
v -9.73912 1.71312 9.64300
v -9.71888 1.71312 9.64300
v -9.73912 1.69288 9.64300
v -9.71888 1.69288 9.64300
v -9.71888 1.71312 9.63500
v -9.73912 1.71312 9.63500
v -9.71888 1.69288 9.63500
v -9.73912 1.69288 9.63500
v -9.69688 1.71312 9.64300
v -9.69688 1.71312 9.63500
v -9.69688 1.69288 9.64300
v -9.69688 1.69288 9.63500
v -9.71712 1.71312 9.63500
v -9.71712 1.71312 9.64300
v -9.71712 1.69288 9.63500
v -9.71712 1.69288 9.64300
v -9.71712 1.71312 9.63500
v -9.69688 1.71312 9.63500
v -9.71712 1.71312 9.64300
v -9.69688 1.71312 9.64300
v -9.71712 1.69288 9.64300
v -9.69688 1.69288 9.64300
v -9.71712 1.69288 9.63500
v -9.69688 1.69288 9.63500
v -9.71712 1.71312 9.64300
v -9.69688 1.71312 9.64300
v -9.71712 1.69288 9.64300
v -9.69688 1.69288 9.64300
v -9.69688 1.71312 9.63500
v -9.71712 1.71312 9.63500
v -9.69688 1.69288 9.63500
v -9.71712 1.69288 9.63500
v -9.67488 1.71312 9.64300
v -9.67488 1.71312 9.63500
v -9.67488 1.69288 9.64300
v -9.67488 1.69288 9.63500
v -9.69512 1.71312 9.63500
v -9.69512 1.71312 9.64300
v -9.69512 1.69288 9.63500
v -9.69512 1.69288 9.64300
v -9.69512 1.71312 9.63500
v -9.67488 1.71312 9.63500
v -9.69512 1.71312 9.64300
v -9.67488 1.71312 9.64300
v -9.69512 1.69288 9.64300
v -9.67488 1.69288 9.64300
v -9.69512 1.69288 9.63500
v -9.67488 1.69288 9.63500
v -9.69512 1.71312 9.64300
v -9.67488 1.71312 9.64300
v -9.69512 1.69288 9.64300
v -9.67488 1.69288 9.64300
v -9.67488 1.71312 9.63500
v -9.69512 1.71312 9.63500
v -9.67488 1.69288 9.63500
v -9.69512 1.69288 9.63500
v -9.65288 1.71312 9.64300
v -9.65288 1.71312 9.63500
v -9.65288 1.69288 9.64300
v -9.65288 1.69288 9.63500
v -9.67312 1.71312 9.63500
v -9.67312 1.71312 9.64300
v -9.67312 1.69288 9.63500
v -9.67312 1.69288 9.64300
v -9.67312 1.71312 9.63500
v -9.65288 1.71312 9.63500
v -9.67312 1.71312 9.64300
v -9.65288 1.71312 9.64300
v -9.67312 1.69288 9.64300
v -9.65288 1.69288 9.64300
v -9.67312 1.69288 9.63500
v -9.65288 1.69288 9.63500
v -9.67312 1.71312 9.64300
v -9.65288 1.71312 9.64300
v -9.67312 1.69288 9.64300
v -9.65288 1.69288 9.64300
v -9.65288 1.71312 9.63500
v -9.67312 1.71312 9.63500
v -9.65288 1.69288 9.63500
v -9.67312 1.69288 9.63500
v -9.63088 1.71312 9.64300
v -9.63088 1.71312 9.63500
v -9.63088 1.69288 9.64300
v -9.63088 1.69288 9.63500
v -9.65112 1.71312 9.63500
v -9.65112 1.71312 9.64300
v -9.65112 1.69288 9.63500
v -9.65112 1.69288 9.64300
v -9.65112 1.71312 9.63500
v -9.63088 1.71312 9.63500
v -9.65112 1.71312 9.64300
v -9.63088 1.71312 9.64300
v -9.65112 1.69288 9.64300
v -9.63088 1.69288 9.64300
v -9.65112 1.69288 9.63500
v -9.63088 1.69288 9.63500
v -9.65112 1.71312 9.64300
v -9.63088 1.71312 9.64300
v -9.65112 1.69288 9.64300
v -9.63088 1.69288 9.64300
v -9.63088 1.71312 9.63500
v -9.65112 1.71312 9.63500
v -9.63088 1.69288 9.63500
v -9.65112 1.69288 9.63500
v -9.56488 1.84512 9.64300
v -9.56488 1.84512 9.63500
v -9.56488 1.82488 9.64300
v -9.56488 1.82488 9.63500
v -9.58512 1.84512 9.63500
v -9.58512 1.84512 9.64300
v -9.58512 1.82488 9.63500
v -9.58512 1.82488 9.64300
v -9.58512 1.84512 9.63500
v -9.56488 1.84512 9.63500
v -9.58512 1.84512 9.64300
v -9.56488 1.84512 9.64300
v -9.58512 1.82488 9.64300
v -9.56488 1.82488 9.64300
v -9.58512 1.82488 9.63500
v -9.56488 1.82488 9.63500
v -9.58512 1.84512 9.64300
v -9.56488 1.84512 9.64300
v -9.58512 1.82488 9.64300
v -9.56488 1.82488 9.64300
v -9.56488 1.84512 9.63500
v -9.58512 1.84512 9.63500
v -9.56488 1.82488 9.63500
v -9.58512 1.82488 9.63500
v -9.54288 1.84512 9.64300
v -9.54288 1.84512 9.63500
v -9.54288 1.82488 9.64300
v -9.54288 1.82488 9.63500
v -9.56312 1.84512 9.63500
v -9.56312 1.84512 9.64300
v -9.56312 1.82488 9.63500
v -9.56312 1.82488 9.64300
v -9.56312 1.84512 9.63500
v -9.54288 1.84512 9.63500
v -9.56312 1.84512 9.64300
v -9.54288 1.84512 9.64300
v -9.56312 1.82488 9.64300
v -9.54288 1.82488 9.64300
v -9.56312 1.82488 9.63500
v -9.54288 1.82488 9.63500
v -9.56312 1.84512 9.64300
v -9.54288 1.84512 9.64300
v -9.56312 1.82488 9.64300
v -9.54288 1.82488 9.64300
v -9.54288 1.84512 9.63500
v -9.56312 1.84512 9.63500
v -9.54288 1.82488 9.63500
v -9.56312 1.82488 9.63500
v -9.52088 1.84512 9.64300
v -9.52088 1.84512 9.63500
v -9.52088 1.82488 9.64300
v -9.52088 1.82488 9.63500
v -9.54112 1.84512 9.63500
v -9.54112 1.84512 9.64300
v -9.54112 1.82488 9.63500
v -9.54112 1.82488 9.64300
v -9.54112 1.84512 9.63500
v -9.52088 1.84512 9.63500
v -9.54112 1.84512 9.64300
v -9.52088 1.84512 9.64300
v -9.54112 1.82488 9.64300
v -9.52088 1.82488 9.64300
v -9.54112 1.82488 9.63500
v -9.52088 1.82488 9.63500
v -9.54112 1.84512 9.64300
v -9.52088 1.84512 9.64300
v -9.54112 1.82488 9.64300
v -9.52088 1.82488 9.64300
v -9.52088 1.84512 9.63500
v -9.54112 1.84512 9.63500
v -9.52088 1.82488 9.63500
v -9.54112 1.82488 9.63500
v -9.58688 1.82312 9.64300
v -9.58688 1.82312 9.63500
v -9.58688 1.80288 9.64300
v -9.58688 1.80288 9.63500
v -9.60712 1.82312 9.63500
v -9.60712 1.82312 9.64300
v -9.60712 1.80288 9.63500
v -9.60712 1.80288 9.64300
v -9.60712 1.82312 9.63500
v -9.58688 1.82312 9.63500
v -9.60712 1.82312 9.64300
v -9.58688 1.82312 9.64300
v -9.60712 1.80288 9.64300
v -9.58688 1.80288 9.64300
v -9.60712 1.80288 9.63500
v -9.58688 1.80288 9.63500
v -9.60712 1.82312 9.64300
v -9.58688 1.82312 9.64300
v -9.60712 1.80288 9.64300
v -9.58688 1.80288 9.64300
v -9.58688 1.82312 9.63500
v -9.60712 1.82312 9.63500
v -9.58688 1.80288 9.63500
v -9.60712 1.80288 9.63500
v -9.49888 1.82312 9.64300
v -9.49888 1.82312 9.63500
v -9.49888 1.80288 9.64300
v -9.49888 1.80288 9.63500
v -9.51912 1.82312 9.63500
v -9.51912 1.82312 9.64300
v -9.51912 1.80288 9.63500
v -9.51912 1.80288 9.64300
v -9.51912 1.82312 9.63500
v -9.49888 1.82312 9.63500
v -9.51912 1.82312 9.64300
v -9.49888 1.82312 9.64300
v -9.51912 1.80288 9.64300
v -9.49888 1.80288 9.64300
v -9.51912 1.80288 9.63500
v -9.49888 1.80288 9.63500
v -9.51912 1.82312 9.64300
v -9.49888 1.82312 9.64300
v -9.51912 1.80288 9.64300
v -9.49888 1.80288 9.64300
v -9.49888 1.82312 9.63500
v -9.51912 1.82312 9.63500
v -9.49888 1.80288 9.63500
v -9.51912 1.80288 9.63500
v -9.58688 1.80112 9.64300
v -9.58688 1.80112 9.63500
v -9.58688 1.78088 9.64300
v -9.58688 1.78088 9.63500
v -9.60712 1.80112 9.63500
v -9.60712 1.80112 9.64300
v -9.60712 1.78088 9.63500
v -9.60712 1.78088 9.64300
v -9.60712 1.80112 9.63500
v -9.58688 1.80112 9.63500
v -9.60712 1.80112 9.64300
v -9.58688 1.80112 9.64300
v -9.60712 1.78088 9.64300
v -9.58688 1.78088 9.64300
v -9.60712 1.78088 9.63500
v -9.58688 1.78088 9.63500
v -9.60712 1.80112 9.64300
v -9.58688 1.80112 9.64300
v -9.60712 1.78088 9.64300
v -9.58688 1.78088 9.64300
v -9.58688 1.80112 9.63500
v -9.60712 1.80112 9.63500
v -9.58688 1.78088 9.63500
v -9.60712 1.78088 9.63500
v -9.49888 1.80112 9.64300
v -9.49888 1.80112 9.63500
v -9.49888 1.78088 9.64300
v -9.49888 1.78088 9.63500
v -9.51912 1.80112 9.63500
v -9.51912 1.80112 9.64300
v -9.51912 1.78088 9.63500
v -9.51912 1.78088 9.64300
v -9.51912 1.80112 9.63500
v -9.49888 1.80112 9.63500
v -9.51912 1.80112 9.64300
v -9.49888 1.80112 9.64300
v -9.51912 1.78088 9.64300
v -9.49888 1.78088 9.64300
v -9.51912 1.78088 9.63500
v -9.49888 1.78088 9.63500
v -9.51912 1.80112 9.64300
v -9.49888 1.80112 9.64300
v -9.51912 1.78088 9.64300
v -9.49888 1.78088 9.64300
v -9.49888 1.80112 9.63500
v -9.51912 1.80112 9.63500
v -9.49888 1.78088 9.63500
v -9.51912 1.78088 9.63500
v -9.58688 1.77912 9.64300
v -9.58688 1.77912 9.63500
v -9.58688 1.75888 9.64300
v -9.58688 1.75888 9.63500
v -9.60712 1.77912 9.63500
v -9.60712 1.77912 9.64300
v -9.60712 1.75888 9.63500
v -9.60712 1.75888 9.64300
v -9.60712 1.77912 9.63500
v -9.58688 1.77912 9.63500
v -9.60712 1.77912 9.64300
v -9.58688 1.77912 9.64300
v -9.60712 1.75888 9.64300
v -9.58688 1.75888 9.64300
v -9.60712 1.75888 9.63500
v -9.58688 1.75888 9.63500
v -9.60712 1.77912 9.64300
v -9.58688 1.77912 9.64300
v -9.60712 1.75888 9.64300
v -9.58688 1.75888 9.64300
v -9.58688 1.77912 9.63500
v -9.60712 1.77912 9.63500
v -9.58688 1.75888 9.63500
v -9.60712 1.75888 9.63500
v -9.56488 1.77912 9.64300
v -9.56488 1.77912 9.63500
v -9.56488 1.75888 9.64300
v -9.56488 1.75888 9.63500
v -9.58512 1.77912 9.63500
v -9.58512 1.77912 9.64300
v -9.58512 1.75888 9.63500
v -9.58512 1.75888 9.64300
v -9.58512 1.77912 9.63500
v -9.56488 1.77912 9.63500
v -9.58512 1.77912 9.64300
v -9.56488 1.77912 9.64300
v -9.58512 1.75888 9.64300
v -9.56488 1.75888 9.64300
v -9.58512 1.75888 9.63500
v -9.56488 1.75888 9.63500
v -9.58512 1.77912 9.64300
v -9.56488 1.77912 9.64300
v -9.58512 1.75888 9.64300
v -9.56488 1.75888 9.64300
v -9.56488 1.77912 9.63500
v -9.58512 1.77912 9.63500
v -9.56488 1.75888 9.63500
v -9.58512 1.75888 9.63500
v -9.54288 1.77912 9.64300
v -9.54288 1.77912 9.63500
v -9.54288 1.75888 9.64300
v -9.54288 1.75888 9.63500
v -9.56312 1.77912 9.63500
v -9.56312 1.77912 9.64300
v -9.56312 1.75888 9.63500
v -9.56312 1.75888 9.64300
v -9.56312 1.77912 9.63500
v -9.54288 1.77912 9.63500
v -9.56312 1.77912 9.64300
v -9.54288 1.77912 9.64300
v -9.56312 1.75888 9.64300
v -9.54288 1.75888 9.64300
v -9.56312 1.75888 9.63500
v -9.54288 1.75888 9.63500
v -9.56312 1.77912 9.64300
v -9.54288 1.77912 9.64300
v -9.56312 1.75888 9.64300
v -9.54288 1.75888 9.64300
v -9.54288 1.77912 9.63500
v -9.56312 1.77912 9.63500
v -9.54288 1.75888 9.63500
v -9.56312 1.75888 9.63500
v -9.52088 1.77912 9.64300
v -9.52088 1.77912 9.63500
v -9.52088 1.75888 9.64300
v -9.52088 1.75888 9.63500
v -9.54112 1.77912 9.63500
v -9.54112 1.77912 9.64300
v -9.54112 1.75888 9.63500
v -9.54112 1.75888 9.64300
v -9.54112 1.77912 9.63500
v -9.52088 1.77912 9.63500
v -9.54112 1.77912 9.64300
v -9.52088 1.77912 9.64300
v -9.54112 1.75888 9.64300
v -9.52088 1.75888 9.64300
v -9.54112 1.75888 9.63500
v -9.52088 1.75888 9.63500
v -9.54112 1.77912 9.64300
v -9.52088 1.77912 9.64300
v -9.54112 1.75888 9.64300
v -9.52088 1.75888 9.64300
v -9.52088 1.77912 9.63500
v -9.54112 1.77912 9.63500
v -9.52088 1.75888 9.63500
v -9.54112 1.75888 9.63500
v -9.49888 1.77912 9.64300
v -9.49888 1.77912 9.63500
v -9.49888 1.75888 9.64300
v -9.49888 1.75888 9.63500
v -9.51912 1.77912 9.63500
v -9.51912 1.77912 9.64300
v -9.51912 1.75888 9.63500
v -9.51912 1.75888 9.64300
v -9.51912 1.77912 9.63500
v -9.49888 1.77912 9.63500
v -9.51912 1.77912 9.64300
v -9.49888 1.77912 9.64300
v -9.51912 1.75888 9.64300
v -9.49888 1.75888 9.64300
v -9.51912 1.75888 9.63500
v -9.49888 1.75888 9.63500
v -9.51912 1.77912 9.64300
v -9.49888 1.77912 9.64300
v -9.51912 1.75888 9.64300
v -9.49888 1.75888 9.64300
v -9.49888 1.77912 9.63500
v -9.51912 1.77912 9.63500
v -9.49888 1.75888 9.63500
v -9.51912 1.75888 9.63500
v -9.58688 1.75712 9.64300
v -9.58688 1.75712 9.63500
v -9.58688 1.73688 9.64300
v -9.58688 1.73688 9.63500
v -9.60712 1.75712 9.63500
v -9.60712 1.75712 9.64300
v -9.60712 1.73688 9.63500
v -9.60712 1.73688 9.64300
v -9.60712 1.75712 9.63500
v -9.58688 1.75712 9.63500
v -9.60712 1.75712 9.64300
v -9.58688 1.75712 9.64300
v -9.60712 1.73688 9.64300
v -9.58688 1.73688 9.64300
v -9.60712 1.73688 9.63500
v -9.58688 1.73688 9.63500
v -9.60712 1.75712 9.64300
v -9.58688 1.75712 9.64300
v -9.60712 1.73688 9.64300
v -9.58688 1.73688 9.64300
v -9.58688 1.75712 9.63500
v -9.60712 1.75712 9.63500
v -9.58688 1.73688 9.63500
v -9.60712 1.73688 9.63500
v -9.49888 1.75712 9.64300
v -9.49888 1.75712 9.63500
v -9.49888 1.73688 9.64300
v -9.49888 1.73688 9.63500
v -9.51912 1.75712 9.63500
v -9.51912 1.75712 9.64300
v -9.51912 1.73688 9.63500
v -9.51912 1.73688 9.64300
v -9.51912 1.75712 9.63500
v -9.49888 1.75712 9.63500
v -9.51912 1.75712 9.64300
v -9.49888 1.75712 9.64300
v -9.51912 1.73688 9.64300
v -9.49888 1.73688 9.64300
v -9.51912 1.73688 9.63500
v -9.49888 1.73688 9.63500
v -9.51912 1.75712 9.64300
v -9.49888 1.75712 9.64300
v -9.51912 1.73688 9.64300
v -9.49888 1.73688 9.64300
v -9.49888 1.75712 9.63500
v -9.51912 1.75712 9.63500
v -9.49888 1.73688 9.63500
v -9.51912 1.73688 9.63500
v -9.58688 1.73512 9.64300
v -9.58688 1.73512 9.63500
v -9.58688 1.71488 9.64300
v -9.58688 1.71488 9.63500
v -9.60712 1.73512 9.63500
v -9.60712 1.73512 9.64300
v -9.60712 1.71488 9.63500
v -9.60712 1.71488 9.64300
v -9.60712 1.73512 9.63500
v -9.58688 1.73512 9.63500
v -9.60712 1.73512 9.64300
v -9.58688 1.73512 9.64300
v -9.60712 1.71488 9.64300
v -9.58688 1.71488 9.64300
v -9.60712 1.71488 9.63500
v -9.58688 1.71488 9.63500
v -9.60712 1.73512 9.64300
v -9.58688 1.73512 9.64300
v -9.60712 1.71488 9.64300
v -9.58688 1.71488 9.64300
v -9.58688 1.73512 9.63500
v -9.60712 1.73512 9.63500
v -9.58688 1.71488 9.63500
v -9.60712 1.71488 9.63500
v -9.49888 1.73512 9.64300
v -9.49888 1.73512 9.63500
v -9.49888 1.71488 9.64300
v -9.49888 1.71488 9.63500
v -9.51912 1.73512 9.63500
v -9.51912 1.73512 9.64300
v -9.51912 1.71488 9.63500
v -9.51912 1.71488 9.64300
v -9.51912 1.73512 9.63500
v -9.49888 1.73512 9.63500
v -9.51912 1.73512 9.64300
v -9.49888 1.73512 9.64300
v -9.51912 1.71488 9.64300
v -9.49888 1.71488 9.64300
v -9.51912 1.71488 9.63500
v -9.49888 1.71488 9.63500
v -9.51912 1.73512 9.64300
v -9.49888 1.73512 9.64300
v -9.51912 1.71488 9.64300
v -9.49888 1.71488 9.64300
v -9.49888 1.73512 9.63500
v -9.51912 1.73512 9.63500
v -9.49888 1.71488 9.63500
v -9.51912 1.71488 9.63500
v -9.58688 1.71312 9.64300
v -9.58688 1.71312 9.63500
v -9.58688 1.69288 9.64300
v -9.58688 1.69288 9.63500
v -9.60712 1.71312 9.63500
v -9.60712 1.71312 9.64300
v -9.60712 1.69288 9.63500
v -9.60712 1.69288 9.64300
v -9.60712 1.71312 9.63500
v -9.58688 1.71312 9.63500
v -9.60712 1.71312 9.64300
v -9.58688 1.71312 9.64300
v -9.60712 1.69288 9.64300
v -9.58688 1.69288 9.64300
v -9.60712 1.69288 9.63500
v -9.58688 1.69288 9.63500
v -9.60712 1.71312 9.64300
v -9.58688 1.71312 9.64300
v -9.60712 1.69288 9.64300
v -9.58688 1.69288 9.64300
v -9.58688 1.71312 9.63500
v -9.60712 1.71312 9.63500
v -9.58688 1.69288 9.63500
v -9.60712 1.69288 9.63500
v -9.49888 1.71312 9.64300
v -9.49888 1.71312 9.63500
v -9.49888 1.69288 9.64300
v -9.49888 1.69288 9.63500
v -9.51912 1.71312 9.63500
v -9.51912 1.71312 9.64300
v -9.51912 1.69288 9.63500
v -9.51912 1.69288 9.64300
v -9.51912 1.71312 9.63500
v -9.49888 1.71312 9.63500
v -9.51912 1.71312 9.64300
v -9.49888 1.71312 9.64300
v -9.51912 1.69288 9.64300
v -9.49888 1.69288 9.64300
v -9.51912 1.69288 9.63500
v -9.49888 1.69288 9.63500
v -9.51912 1.71312 9.64300
v -9.49888 1.71312 9.64300
v -9.51912 1.69288 9.64300
v -9.49888 1.69288 9.64300
v -9.49888 1.71312 9.63500
v -9.51912 1.71312 9.63500
v -9.49888 1.69288 9.63500
v -9.51912 1.69288 9.63500
f 5196 5198 5197
f 5198 5199 5197
f 5200 5202 5201
f 5202 5203 5201
f 5204 5206 5205
f 5206 5207 5205
f 5208 5210 5209
f 5210 5211 5209
f 5212 5214 5213
f 5214 5215 5213
f 5216 5218 5217
f 5218 5219 5217
f 5220 5222 5221
f 5222 5223 5221
f 5224 5226 5225
f 5226 5227 5225
f 5228 5230 5229
f 5230 5231 5229
f 5232 5234 5233
f 5234 5235 5233
f 5236 5238 5237
f 5238 5239 5237
f 5240 5242 5241
f 5242 5243 5241
f 5244 5246 5245
f 5246 5247 5245
f 5248 5250 5249
f 5250 5251 5249
f 5252 5254 5253
f 5254 5255 5253
f 5256 5258 5257
f 5258 5259 5257
f 5260 5262 5261
f 5262 5263 5261
f 5264 5266 5265
f 5266 5267 5265
f 5268 5270 5269
f 5270 5271 5269
f 5272 5274 5273
f 5274 5275 5273
f 5276 5278 5277
f 5278 5279 5277
f 5280 5282 5281
f 5282 5283 5281
f 5284 5286 5285
f 5286 5287 5285
f 5288 5290 5289
f 5290 5291 5289
f 5292 5294 5293
f 5294 5295 5293
f 5296 5298 5297
f 5298 5299 5297
f 5300 5302 5301
f 5302 5303 5301
f 5304 5306 5305
f 5306 5307 5305
f 5308 5310 5309
f 5310 5311 5309
f 5312 5314 5313
f 5314 5315 5313
f 5316 5318 5317
f 5318 5319 5317
f 5320 5322 5321
f 5322 5323 5321
f 5324 5326 5325
f 5326 5327 5325
f 5328 5330 5329
f 5330 5331 5329
f 5332 5334 5333
f 5334 5335 5333
f 5336 5338 5337
f 5338 5339 5337
f 5340 5342 5341
f 5342 5343 5341
f 5344 5346 5345
f 5346 5347 5345
f 5348 5350 5349
f 5350 5351 5349
f 5352 5354 5353
f 5354 5355 5353
f 5356 5358 5357
f 5358 5359 5357
f 5360 5362 5361
f 5362 5363 5361
f 5364 5366 5365
f 5366 5367 5365
f 5368 5370 5369
f 5370 5371 5369
f 5372 5374 5373
f 5374 5375 5373
f 5376 5378 5377
f 5378 5379 5377
f 5380 5382 5381
f 5382 5383 5381
f 5384 5386 5385
f 5386 5387 5385
f 5388 5390 5389
f 5390 5391 5389
f 5392 5394 5393
f 5394 5395 5393
f 5396 5398 5397
f 5398 5399 5397
f 5400 5402 5401
f 5402 5403 5401
f 5404 5406 5405
f 5406 5407 5405
f 5408 5410 5409
f 5410 5411 5409
f 5412 5414 5413
f 5414 5415 5413
f 5416 5418 5417
f 5418 5419 5417
f 5420 5422 5421
f 5422 5423 5421
f 5424 5426 5425
f 5426 5427 5425
f 5428 5430 5429
f 5430 5431 5429
f 5432 5434 5433
f 5434 5435 5433
f 5436 5438 5437
f 5438 5439 5437
f 5440 5442 5441
f 5442 5443 5441
f 5444 5446 5445
f 5446 5447 5445
f 5448 5450 5449
f 5450 5451 5449
f 5452 5454 5453
f 5454 5455 5453
f 5456 5458 5457
f 5458 5459 5457
f 5460 5462 5461
f 5462 5463 5461
f 5464 5466 5465
f 5466 5467 5465
f 5468 5470 5469
f 5470 5471 5469
f 5472 5474 5473
f 5474 5475 5473
f 5476 5478 5477
f 5478 5479 5477
f 5480 5482 5481
f 5482 5483 5481
f 5484 5486 5485
f 5486 5487 5485
f 5488 5490 5489
f 5490 5491 5489
f 5492 5494 5493
f 5494 5495 5493
f 5496 5498 5497
f 5498 5499 5497
f 5500 5502 5501
f 5502 5503 5501
f 5504 5506 5505
f 5506 5507 5505
f 5508 5510 5509
f 5510 5511 5509
f 5512 5514 5513
f 5514 5515 5513
f 5516 5518 5517
f 5518 5519 5517
f 5520 5522 5521
f 5522 5523 5521
f 5524 5526 5525
f 5526 5527 5525
f 5528 5530 5529
f 5530 5531 5529
f 5532 5534 5533
f 5534 5535 5533
f 5536 5538 5537
f 5538 5539 5537
f 5540 5542 5541
f 5542 5543 5541
f 5544 5546 5545
f 5546 5547 5545
f 5548 5550 5549
f 5550 5551 5549
f 5552 5554 5553
f 5554 5555 5553
f 5556 5558 5557
f 5558 5559 5557
f 5560 5562 5561
f 5562 5563 5561
f 5564 5566 5565
f 5566 5567 5565
f 5568 5570 5569
f 5570 5571 5569
f 5572 5574 5573
f 5574 5575 5573
f 5576 5578 5577
f 5578 5579 5577
f 5580 5582 5581
f 5582 5583 5581
f 5584 5586 5585
f 5586 5587 5585
f 5588 5590 5589
f 5590 5591 5589
f 5592 5594 5593
f 5594 5595 5593
f 5596 5598 5597
f 5598 5599 5597
f 5600 5602 5601
f 5602 5603 5601
f 5604 5606 5605
f 5606 5607 5605
f 5608 5610 5609
f 5610 5611 5609
f 5612 5614 5613
f 5614 5615 5613
f 5616 5618 5617
f 5618 5619 5617
f 5620 5622 5621
f 5622 5623 5621
f 5624 5626 5625
f 5626 5627 5625
f 5628 5630 5629
f 5630 5631 5629
f 5632 5634 5633
f 5634 5635 5633
f 5636 5638 5637
f 5638 5639 5637
f 5640 5642 5641
f 5642 5643 5641
f 5644 5646 5645
f 5646 5647 5645
f 5648 5650 5649
f 5650 5651 5649
f 5652 5654 5653
f 5654 5655 5653
f 5656 5658 5657
f 5658 5659 5657
f 5660 5662 5661
f 5662 5663 5661
f 5664 5666 5665
f 5666 5667 5665
f 5668 5670 5669
f 5670 5671 5669
f 5672 5674 5673
f 5674 5675 5673
f 5676 5678 5677
f 5678 5679 5677
f 5680 5682 5681
f 5682 5683 5681
f 5684 5686 5685
f 5686 5687 5685
f 5688 5690 5689
f 5690 5691 5689
f 5692 5694 5693
f 5694 5695 5693
f 5696 5698 5697
f 5698 5699 5697
f 5700 5702 5701
f 5702 5703 5701
f 5704 5706 5705
f 5706 5707 5705
f 5708 5710 5709
f 5710 5711 5709
f 5712 5714 5713
f 5714 5715 5713
f 5716 5718 5717
f 5718 5719 5717
f 5720 5722 5721
f 5722 5723 5721
f 5724 5726 5725
f 5726 5727 5725
f 5728 5730 5729
f 5730 5731 5729
f 5732 5734 5733
f 5734 5735 5733
f 5736 5738 5737
f 5738 5739 5737
f 5740 5742 5741
f 5742 5743 5741
f 5744 5746 5745
f 5746 5747 5745
f 5748 5750 5749
f 5750 5751 5749
f 5752 5754 5753
f 5754 5755 5753
f 5756 5758 5757
f 5758 5759 5757
f 5760 5762 5761
f 5762 5763 5761
f 5764 5766 5765
f 5766 5767 5765
f 5768 5770 5769
f 5770 5771 5769
f 5772 5774 5773
f 5774 5775 5773
f 5776 5778 5777
f 5778 5779 5777
f 5780 5782 5781
f 5782 5783 5781
f 5784 5786 5785
f 5786 5787 5785
f 5788 5790 5789
f 5790 5791 5789
f 5792 5794 5793
f 5794 5795 5793
f 5796 5798 5797
f 5798 5799 5797
f 5800 5802 5801
f 5802 5803 5801
f 5804 5806 5805
f 5806 5807 5805
f 5808 5810 5809
f 5810 5811 5809
f 5812 5814 5813
f 5814 5815 5813
f 5816 5818 5817
f 5818 5819 5817
f 5820 5822 5821
f 5822 5823 5821
f 5824 5826 5825
f 5826 5827 5825
f 5828 5830 5829
f 5830 5831 5829
f 5832 5834 5833
f 5834 5835 5833
f 5836 5838 5837
f 5838 5839 5837
f 5840 5842 5841
f 5842 5843 5841
f 5844 5846 5845
f 5846 5847 5845
f 5848 5850 5849
f 5850 5851 5849
f 5852 5854 5853
f 5854 5855 5853
f 5856 5858 5857
f 5858 5859 5857
f 5860 5862 5861
f 5862 5863 5861
f 5864 5866 5865
f 5866 5867 5865
f 5868 5870 5869
f 5870 5871 5869
f 5872 5874 5873
f 5874 5875 5873
f 5876 5878 5877
f 5878 5879 5877
f 5880 5882 5881
f 5882 5883 5881
f 5884 5886 5885
f 5886 5887 5885
f 5888 5890 5889
f 5890 5891 5889
f 5892 5894 5893
f 5894 5895 5893
f 5896 5898 5897
f 5898 5899 5897
f 5900 5902 5901
f 5902 5903 5901
f 5904 5906 5905
f 5906 5907 5905
f 5908 5910 5909
f 5910 5911 5909
f 5912 5914 5913
f 5914 5915 5913
f 5916 5918 5917
f 5918 5919 5917
f 5920 5922 5921
f 5922 5923 5921
f 5924 5926 5925
f 5926 5927 5925
f 5928 5930 5929
f 5930 5931 5929
f 5932 5934 5933
f 5934 5935 5933
f 5936 5938 5937
f 5938 5939 5937
f 5940 5942 5941
f 5942 5943 5941
f 5944 5946 5945
f 5946 5947 5945
f 5948 5950 5949
f 5950 5951 5949
f 5952 5954 5953
f 5954 5955 5953
f 5956 5958 5957
f 5958 5959 5957
f 5960 5962 5961
f 5962 5963 5961
f 5964 5966 5965
f 5966 5967 5965
f 5968 5970 5969
f 5970 5971 5969
f 5972 5974 5973
f 5974 5975 5973
f 5976 5978 5977
f 5978 5979 5977
f 5980 5982 5981
f 5982 5983 5981
f 5984 5986 5985
f 5986 5987 5985
f 5988 5990 5989
f 5990 5991 5989
f 5992 5994 5993
f 5994 5995 5993
f 5996 5998 5997
f 5998 5999 5997
f 6000 6002 6001
f 6002 6003 6001
f 6004 6006 6005
f 6006 6007 6005
f 6008 6010 6009
f 6010 6011 6009
f 6012 6014 6013
f 6014 6015 6013
f 6016 6018 6017
f 6018 6019 6017
f 6020 6022 6021
f 6022 6023 6021
f 6024 6026 6025
f 6026 6027 6025
f 6028 6030 6029
f 6030 6031 6029
f 6032 6034 6033
f 6034 6035 6033
f 6036 6038 6037
f 6038 6039 6037
f 6040 6042 6041
f 6042 6043 6041
f 6044 6046 6045
f 6046 6047 6045
f 6048 6050 6049
f 6050 6051 6049
f 6052 6054 6053
f 6054 6055 6053
f 6056 6058 6057
f 6058 6059 6057
f 6060 6062 6061
f 6062 6063 6061
f 6064 6066 6065
f 6066 6067 6065
f 6068 6070 6069
f 6070 6071 6069
f 6072 6074 6073
f 6074 6075 6073
f 6076 6078 6077
f 6078 6079 6077
f 6080 6082 6081
f 6082 6083 6081
f 6084 6086 6085
f 6086 6087 6085
f 6088 6090 6089
f 6090 6091 6089
f 6092 6094 6093
f 6094 6095 6093
f 6096 6098 6097
f 6098 6099 6097
f 6100 6102 6101
f 6102 6103 6101
f 6104 6106 6105
f 6106 6107 6105
f 6108 6110 6109
f 6110 6111 6109
f 6112 6114 6113
f 6114 6115 6113
f 6116 6118 6117
f 6118 6119 6117
f 6120 6122 6121
f 6122 6123 6121
f 6124 6126 6125
f 6126 6127 6125
f 6128 6130 6129
f 6130 6131 6129
f 6132 6134 6133
f 6134 6135 6133
f 6136 6138 6137
f 6138 6139 6137
f 6140 6142 6141
f 6142 6143 6141
f 6144 6146 6145
f 6146 6147 6145
f 6148 6150 6149
f 6150 6151 6149
f 6152 6154 6153
f 6154 6155 6153
f 6156 6158 6157
f 6158 6159 6157
f 6160 6162 6161
f 6162 6163 6161
f 6164 6166 6165
f 6166 6167 6165
f 6168 6170 6169
f 6170 6171 6169
f 6172 6174 6173
f 6174 6175 6173
f 6176 6178 6177
f 6178 6179 6177
f 6180 6182 6181
f 6182 6183 6181
f 6184 6186 6185
f 6186 6187 6185
f 6188 6190 6189
f 6190 6191 6189
f 6192 6194 6193
f 6194 6195 6193
f 6196 6198 6197
f 6198 6199 6197
f 6200 6202 6201
f 6202 6203 6201
f 6204 6206 6205
f 6206 6207 6205
f 6208 6210 6209
f 6210 6211 6209
f 6212 6214 6213
f 6214 6215 6213
f 6216 6218 6217
f 6218 6219 6217
f 6220 6222 6221
f 6222 6223 6221
f 6224 6226 6225
f 6226 6227 6225
f 6228 6230 6229
f 6230 6231 6229
f 6232 6234 6233
f 6234 6235 6233
f 6236 6238 6237
f 6238 6239 6237
f 6240 6242 6241
f 6242 6243 6241
f 6244 6246 6245
f 6246 6247 6245
f 6248 6250 6249
f 6250 6251 6249
f 6252 6254 6253
f 6254 6255 6253
f 6256 6258 6257
f 6258 6259 6257
f 6260 6262 6261
f 6262 6263 6261
f 6264 6266 6265
f 6266 6267 6265
f 6268 6270 6269
f 6270 6271 6269
f 6272 6274 6273
f 6274 6275 6273
f 6276 6278 6277
f 6278 6279 6277
f 6280 6282 6281
f 6282 6283 6281
f 6284 6286 6285
f 6286 6287 6285
f 6288 6290 6289
f 6290 6291 6289
f 6292 6294 6293
f 6294 6295 6293
f 6296 6298 6297
f 6298 6299 6297
f 6300 6302 6301
f 6302 6303 6301
f 6304 6306 6305
f 6306 6307 6305
f 6308 6310 6309
f 6310 6311 6309
f 6312 6314 6313
f 6314 6315 6313
f 6316 6318 6317
f 6318 6319 6317
f 6320 6322 6321
f 6322 6323 6321
f 6324 6326 6325
f 6326 6327 6325
f 6328 6330 6329
f 6330 6331 6329
f 6332 6334 6333
f 6334 6335 6333
f 6336 6338 6337
f 6338 6339 6337
f 6340 6342 6341
f 6342 6343 6341
f 6344 6346 6345
f 6346 6347 6345
f 6348 6350 6349
f 6350 6351 6349
f 6352 6354 6353
f 6354 6355 6353
f 6356 6358 6357
f 6358 6359 6357
f 6360 6362 6361
f 6362 6363 6361
f 6364 6366 6365
f 6366 6367 6365
f 6368 6370 6369
f 6370 6371 6369
f 6372 6374 6373
f 6374 6375 6373
f 6376 6378 6377
f 6378 6379 6377
f 6380 6382 6381
f 6382 6383 6381
f 6384 6386 6385
f 6386 6387 6385
f 6388 6390 6389
f 6390 6391 6389
f 6392 6394 6393
f 6394 6395 6393
f 6396 6398 6397
f 6398 6399 6397
f 6400 6402 6401
f 6402 6403 6401
f 6404 6406 6405
f 6406 6407 6405
f 6408 6410 6409
f 6410 6411 6409
f 6412 6414 6413
f 6414 6415 6413
f 6416 6418 6417
f 6418 6419 6417
f 6420 6422 6421
f 6422 6423 6421
f 6424 6426 6425
f 6426 6427 6425
f 6428 6430 6429
f 6430 6431 6429
f 6432 6434 6433
f 6434 6435 6433
f 6436 6438 6437
f 6438 6439 6437
f 6440 6442 6441
f 6442 6443 6441
f 6444 6446 6445
f 6446 6447 6445
f 6448 6450 6449
f 6450 6451 6449
f 6452 6454 6453
f 6454 6455 6453
f 6456 6458 6457
f 6458 6459 6457
f 6460 6462 6461
f 6462 6463 6461
f 6464 6466 6465
f 6466 6467 6465
f 6468 6470 6469
f 6470 6471 6469
f 6472 6474 6473
f 6474 6475 6473
f 6476 6478 6477
f 6478 6479 6477
f 6480 6482 6481
f 6482 6483 6481
f 6484 6486 6485
f 6486 6487 6485
f 6488 6490 6489
f 6490 6491 6489
f 6492 6494 6493
f 6494 6495 6493
f 6496 6498 6497
f 6498 6499 6497
f 6500 6502 6501
f 6502 6503 6501
f 6504 6506 6505
f 6506 6507 6505
f 6508 6510 6509
f 6510 6511 6509
f 6512 6514 6513
f 6514 6515 6513
f 6516 6518 6517
f 6518 6519 6517
f 6520 6522 6521
f 6522 6523 6521
f 6524 6526 6525
f 6526 6527 6525
f 6528 6530 6529
f 6530 6531 6529
f 6532 6534 6533
f 6534 6535 6533
f 6536 6538 6537
f 6538 6539 6537
f 6540 6542 6541
f 6542 6543 6541
f 6544 6546 6545
f 6546 6547 6545
f 6548 6550 6549
f 6550 6551 6549
f 6552 6554 6553
f 6554 6555 6553
f 6556 6558 6557
f 6558 6559 6557
f 6560 6562 6561
f 6562 6563 6561
f 6564 6566 6565
f 6566 6567 6565
f 6568 6570 6569
f 6570 6571 6569
f 6572 6574 6573
f 6574 6575 6573
f 6576 6578 6577
f 6578 6579 6577
f 6580 6582 6581
f 6582 6583 6581
f 6584 6586 6585
f 6586 6587 6585
f 6588 6590 6589
f 6590 6591 6589
f 6592 6594 6593
f 6594 6595 6593
f 6596 6598 6597
f 6598 6599 6597
f 6600 6602 6601
f 6602 6603 6601
f 6604 6606 6605
f 6606 6607 6605
f 6608 6610 6609
f 6610 6611 6609
f 6612 6614 6613
f 6614 6615 6613
f 6616 6618 6617
f 6618 6619 6617
f 6620 6622 6621
f 6622 6623 6621
f 6624 6626 6625
f 6626 6627 6625
f 6628 6630 6629
f 6630 6631 6629
f 6632 6634 6633
f 6634 6635 6633
f 6636 6638 6637
f 6638 6639 6637
f 6640 6642 6641
f 6642 6643 6641
f 6644 6646 6645
f 6646 6647 6645
f 6648 6650 6649
f 6650 6651 6649
f 6652 6654 6653
f 6654 6655 6653
f 6656 6658 6657
f 6658 6659 6657
f 6660 6662 6661
f 6662 6663 6661
f 6664 6666 6665
f 6666 6667 6665
f 6668 6670 6669
f 6670 6671 6669
f 6672 6674 6673
f 6674 6675 6673
f 6676 6678 6677
f 6678 6679 6677
f 6680 6682 6681
f 6682 6683 6681
f 6684 6686 6685
f 6686 6687 6685
f 6688 6690 6689
f 6690 6691 6689
f 6692 6694 6693
f 6694 6695 6693
f 6696 6698 6697
f 6698 6699 6697
f 6700 6702 6701
f 6702 6703 6701
f 6704 6706 6705
f 6706 6707 6705
f 6708 6710 6709
f 6710 6711 6709
f 6712 6714 6713
f 6714 6715 6713
f 6716 6718 6717
f 6718 6719 6717
f 6720 6722 6721
f 6722 6723 6721
f 6724 6726 6725
f 6726 6727 6725
f 6728 6730 6729
f 6730 6731 6729
f 6732 6734 6733
f 6734 6735 6733
f 6736 6738 6737
f 6738 6739 6737
f 6740 6742 6741
f 6742 6743 6741
f 6744 6746 6745
f 6746 6747 6745
f 6748 6750 6749
f 6750 6751 6749
f 6752 6754 6753
f 6754 6755 6753
f 6756 6758 6757
f 6758 6759 6757
f 6760 6762 6761
f 6762 6763 6761
f 6764 6766 6765
f 6766 6767 6765
f 6768 6770 6769
f 6770 6771 6769
f 6772 6774 6773
f 6774 6775 6773
f 6776 6778 6777
f 6778 6779 6777
f 6780 6782 6781
f 6782 6783 6781
f 6784 6786 6785
f 6786 6787 6785
f 6788 6790 6789
f 6790 6791 6789
f 6792 6794 6793
f 6794 6795 6793
f 6796 6798 6797
f 6798 6799 6797
f 6800 6802 6801
f 6802 6803 6801
f 6804 6806 6805
f 6806 6807 6805
f 6808 6810 6809
f 6810 6811 6809
f 6812 6814 6813
f 6814 6815 6813
f 6816 6818 6817
f 6818 6819 6817
f 6820 6822 6821
f 6822 6823 6821
f 6824 6826 6825
f 6826 6827 6825
f 6828 6830 6829
f 6830 6831 6829
f 6832 6834 6833
f 6834 6835 6833
f 6836 6838 6837
f 6838 6839 6837
f 6840 6842 6841
f 6842 6843 6841
f 6844 6846 6845
f 6846 6847 6845
f 6848 6850 6849
f 6850 6851 6849
f 6852 6854 6853
f 6854 6855 6853
f 6856 6858 6857
f 6858 6859 6857
f 6860 6862 6861
f 6862 6863 6861
f 6864 6866 6865
f 6866 6867 6865
f 6868 6870 6869
f 6870 6871 6869
f 6872 6874 6873
f 6874 6875 6873
f 6876 6878 6877
f 6878 6879 6877
f 6880 6882 6881
f 6882 6883 6881
f 6884 6886 6885
f 6886 6887 6885
f 6888 6890 6889
f 6890 6891 6889
f 6892 6894 6893
f 6894 6895 6893
f 6896 6898 6897
f 6898 6899 6897
f 6900 6902 6901
f 6902 6903 6901
f 6904 6906 6905
f 6906 6907 6905
f 6908 6910 6909
f 6910 6911 6909
f 6912 6914 6913
f 6914 6915 6913
f 6916 6918 6917
f 6918 6919 6917
f 6920 6922 6921
f 6922 6923 6921
f 6924 6926 6925
f 6926 6927 6925
f 6928 6930 6929
f 6930 6931 6929
f 6932 6934 6933
f 6934 6935 6933
f 6936 6938 6937
f 6938 6939 6937
f 6940 6942 6941
f 6942 6943 6941
f 6944 6946 6945
f 6946 6947 6945
f 6948 6950 6949
f 6950 6951 6949
f 6952 6954 6953
f 6954 6955 6953
f 6956 6958 6957
f 6958 6959 6957
f 6960 6962 6961
f 6962 6963 6961
f 6964 6966 6965
f 6966 6967 6965
f 6968 6970 6969
f 6970 6971 6969
f 6972 6974 6973
f 6974 6975 6973
f 6976 6978 6977
f 6978 6979 6977
f 6980 6982 6981
f 6982 6983 6981
f 6984 6986 6985
f 6986 6987 6985
f 6988 6990 6989
f 6990 6991 6989
f 6992 6994 6993
f 6994 6995 6993
f 6996 6998 6997
f 6998 6999 6997
f 7000 7002 7001
f 7002 7003 7001
f 7004 7006 7005
f 7006 7007 7005
f 7008 7010 7009
f 7010 7011 7009
f 7012 7014 7013
f 7014 7015 7013
f 7016 7018 7017
f 7018 7019 7017
f 7020 7022 7021
f 7022 7023 7021
f 7024 7026 7025
f 7026 7027 7025
f 7028 7030 7029
f 7030 7031 7029
f 7032 7034 7033
f 7034 7035 7033
f 7036 7038 7037
f 7038 7039 7037
f 7040 7042 7041
f 7042 7043 7041
f 7044 7046 7045
f 7046 7047 7045
f 7048 7050 7049
f 7050 7051 7049
f 7052 7054 7053
f 7054 7055 7053
f 7056 7058 7057
f 7058 7059 7057
f 7060 7062 7061
f 7062 7063 7061
f 7064 7066 7065
f 7066 7067 7065
f 7068 7070 7069
f 7070 7071 7069
f 7072 7074 7073
f 7074 7075 7073
f 7076 7078 7077
f 7078 7079 7077
f 7080 7082 7081
f 7082 7083 7081
f 7084 7086 7085
f 7086 7087 7085
f 7088 7090 7089
f 7090 7091 7089
f 7092 7094 7093
f 7094 7095 7093
f 7096 7098 7097
f 7098 7099 7097
f 7100 7102 7101
f 7102 7103 7101
f 7104 7106 7105
f 7106 7107 7105
f 7108 7110 7109
f 7110 7111 7109
f 7112 7114 7113
f 7114 7115 7113
f 7116 7118 7117
f 7118 7119 7117
f 7120 7122 7121
f 7122 7123 7121
f 7124 7126 7125
f 7126 7127 7125
f 7128 7130 7129
f 7130 7131 7129
f 7132 7134 7133
f 7134 7135 7133
f 7136 7138 7137
f 7138 7139 7137
f 7140 7142 7141
f 7142 7143 7141
f 7144 7146 7145
f 7146 7147 7145
f 7148 7150 7149
f 7150 7151 7149
f 7152 7154 7153
f 7154 7155 7153
f 7156 7158 7157
f 7158 7159 7157
f 7160 7162 7161
f 7162 7163 7161
f 7164 7166 7165
f 7166 7167 7165
f 7168 7170 7169
f 7170 7171 7169
f 7172 7174 7173
f 7174 7175 7173
f 7176 7178 7177
f 7178 7179 7177
f 7180 7182 7181
f 7182 7183 7181
f 7184 7186 7185
f 7186 7187 7185
f 7188 7190 7189
f 7190 7191 7189
f 7192 7194 7193
f 7194 7195 7193
f 7196 7198 7197
f 7198 7199 7197
f 7200 7202 7201
f 7202 7203 7201
f 7204 7206 7205
f 7206 7207 7205
f 7208 7210 7209
f 7210 7211 7209
f 7212 7214 7213
f 7214 7215 7213
f 7216 7218 7217
f 7218 7219 7217
f 7220 7222 7221
f 7222 7223 7221
f 7224 7226 7225
f 7226 7227 7225
f 7228 7230 7229
f 7230 7231 7229
f 7232 7234 7233
f 7234 7235 7233
f 7236 7238 7237
f 7238 7239 7237
f 7240 7242 7241
f 7242 7243 7241
f 7244 7246 7245
f 7246 7247 7245
f 7248 7250 7249
f 7250 7251 7249
f 7252 7254 7253
f 7254 7255 7253
f 7256 7258 7257
f 7258 7259 7257
f 7260 7262 7261
f 7262 7263 7261
f 7264 7266 7265
f 7266 7267 7265
f 7268 7270 7269
f 7270 7271 7269
f 7272 7274 7273
f 7274 7275 7273
f 7276 7278 7277
f 7278 7279 7277
f 7280 7282 7281
f 7282 7283 7281
f 7284 7286 7285
f 7286 7287 7285
f 7288 7290 7289
f 7290 7291 7289
f 7292 7294 7293
f 7294 7295 7293
f 7296 7298 7297
f 7298 7299 7297
f 7300 7302 7301
f 7302 7303 7301
f 7304 7306 7305
f 7306 7307 7305
f 7308 7310 7309
f 7310 7311 7309
f 7312 7314 7313
f 7314 7315 7313
f 7316 7318 7317
f 7318 7319 7317
f 7320 7322 7321
f 7322 7323 7321
f 7324 7326 7325
f 7326 7327 7325
f 7328 7330 7329
f 7330 7331 7329
f 7332 7334 7333
f 7334 7335 7333
f 7336 7338 7337
f 7338 7339 7337
f 7340 7342 7341
f 7342 7343 7341
f 7344 7346 7345
f 7346 7347 7345
f 7348 7350 7349
f 7350 7351 7349
f 7352 7354 7353
f 7354 7355 7353
f 7356 7358 7357
f 7358 7359 7357
f 7360 7362 7361
f 7362 7363 7361
f 7364 7366 7365
f 7366 7367 7365
f 7368 7370 7369
f 7370 7371 7369
f 7372 7374 7373
f 7374 7375 7373
f 7376 7378 7377
f 7378 7379 7377
f 7380 7382 7381
f 7382 7383 7381
f 7384 7386 7385
f 7386 7387 7385
f 7388 7390 7389
f 7390 7391 7389
f 7392 7394 7393
f 7394 7395 7393
f 7396 7398 7397
f 7398 7399 7397
f 7400 7402 7401
f 7402 7403 7401
f 7404 7406 7405
f 7406 7407 7405
f 7408 7410 7409
f 7410 7411 7409
f 7412 7414 7413
f 7414 7415 7413
f 7416 7418 7417
f 7418 7419 7417
f 7420 7422 7421
f 7422 7423 7421
f 7424 7426 7425
f 7426 7427 7425
f 7428 7430 7429
f 7430 7431 7429
f 7432 7434 7433
f 7434 7435 7433
f 7436 7438 7437
f 7438 7439 7437
f 7440 7442 7441
f 7442 7443 7441
f 7444 7446 7445
f 7446 7447 7445
f 7448 7450 7449
f 7450 7451 7449
f 7452 7454 7453
f 7454 7455 7453
f 7456 7458 7457
f 7458 7459 7457
f 7460 7462 7461
f 7462 7463 7461
f 7464 7466 7465
f 7466 7467 7465
f 7468 7470 7469
f 7470 7471 7469
f 7472 7474 7473
f 7474 7475 7473
f 7476 7478 7477
f 7478 7479 7477
f 7480 7482 7481
f 7482 7483 7481
f 7484 7486 7485
f 7486 7487 7485
f 7488 7490 7489
f 7490 7491 7489
f 7492 7494 7493
f 7494 7495 7493
f 7496 7498 7497
f 7498 7499 7497
f 7500 7502 7501
f 7502 7503 7501
f 7504 7506 7505
f 7506 7507 7505
f 7508 7510 7509
f 7510 7511 7509
f 7512 7514 7513
f 7514 7515 7513
f 7516 7518 7517
f 7518 7519 7517
f 7520 7522 7521
f 7522 7523 7521
f 7524 7526 7525
f 7526 7527 7525
f 7528 7530 7529
f 7530 7531 7529
f 7532 7534 7533
f 7534 7535 7533
f 7536 7538 7537
f 7538 7539 7537
f 7540 7542 7541
f 7542 7543 7541
f 7544 7546 7545
f 7546 7547 7545
f 7548 7550 7549
f 7550 7551 7549
f 7552 7554 7553
f 7554 7555 7553
f 7556 7558 7557
f 7558 7559 7557
f 7560 7562 7561
f 7562 7563 7561
f 7564 7566 7565
f 7566 7567 7565
f 7568 7570 7569
f 7570 7571 7569
f 7572 7574 7573
f 7574 7575 7573
f 7576 7578 7577
f 7578 7579 7577
f 7580 7582 7581
f 7582 7583 7581
f 7584 7586 7585
f 7586 7587 7585
f 7588 7590 7589
f 7590 7591 7589
f 7592 7594 7593
f 7594 7595 7593
f 7596 7598 7597
f 7598 7599 7597
f 7600 7602 7601
f 7602 7603 7601
f 7604 7606 7605
f 7606 7607 7605
f 7608 7610 7609
f 7610 7611 7609
f 7612 7614 7613
f 7614 7615 7613
f 7616 7618 7617
f 7618 7619 7617
f 7620 7622 7621
f 7622 7623 7621
f 7624 7626 7625
f 7626 7627 7625
f 7628 7630 7629
f 7630 7631 7629
f 7632 7634 7633
f 7634 7635 7633
f 7636 7638 7637
f 7638 7639 7637
f 7640 7642 7641
f 7642 7643 7641
f 7644 7646 7645
f 7646 7647 7645
f 7648 7650 7649
f 7650 7651 7649
f 7652 7654 7653
f 7654 7655 7653
f 7656 7658 7657
f 7658 7659 7657
f 7660 7662 7661
f 7662 7663 7661
f 7664 7666 7665
f 7666 7667 7665
f 7668 7670 7669
f 7670 7671 7669
f 7672 7674 7673
f 7674 7675 7673
f 7676 7678 7677
f 7678 7679 7677
f 7680 7682 7681
f 7682 7683 7681
f 7684 7686 7685
f 7686 7687 7685
f 7688 7690 7689
f 7690 7691 7689
f 7692 7694 7693
f 7694 7695 7693
f 7696 7698 7697
f 7698 7699 7697
f 7700 7702 7701
f 7702 7703 7701
f 7704 7706 7705
f 7706 7707 7705
f 7708 7710 7709
f 7710 7711 7709
f 7712 7714 7713
f 7714 7715 7713
f 7716 7718 7717
f 7718 7719 7717
f 7720 7722 7721
f 7722 7723 7721
f 7724 7726 7725
f 7726 7727 7725
f 7728 7730 7729
f 7730 7731 7729
f 7732 7734 7733
f 7734 7735 7733
f 7736 7738 7737
f 7738 7739 7737
f 7740 7742 7741
f 7742 7743 7741
f 7744 7746 7745
f 7746 7747 7745
f 7748 7750 7749
f 7750 7751 7749
f 7752 7754 7753
f 7754 7755 7753
f 7756 7758 7757
f 7758 7759 7757
f 7760 7762 7761
f 7762 7763 7761
f 7764 7766 7765
f 7766 7767 7765
f 7768 7770 7769
f 7770 7771 7769
f 7772 7774 7773
f 7774 7775 7773
f 7776 7778 7777
f 7778 7779 7777
f 7780 7782 7781
f 7782 7783 7781
f 7784 7786 7785
f 7786 7787 7785
f 7788 7790 7789
f 7790 7791 7789
f 7792 7794 7793
f 7794 7795 7793
f 7796 7798 7797
f 7798 7799 7797
f 7800 7802 7801
f 7802 7803 7801
f 7804 7806 7805
f 7806 7807 7805
f 7808 7810 7809
f 7810 7811 7809
f 7812 7814 7813
f 7814 7815 7813
f 7816 7818 7817
f 7818 7819 7817
f 7820 7822 7821
f 7822 7823 7821
f 7824 7826 7825
f 7826 7827 7825
f 7828 7830 7829
f 7830 7831 7829
f 7832 7834 7833
f 7834 7835 7833
f 7836 7838 7837
f 7838 7839 7837
f 7840 7842 7841
f 7842 7843 7841
f 7844 7846 7845
f 7846 7847 7845
f 7848 7850 7849
f 7850 7851 7849
f 7852 7854 7853
f 7854 7855 7853
f 7856 7858 7857
f 7858 7859 7857
f 7860 7862 7861
f 7862 7863 7861
f 7864 7866 7865
f 7866 7867 7865
f 7868 7870 7869
f 7870 7871 7869
f 7872 7874 7873
f 7874 7875 7873
f 7876 7878 7877
f 7878 7879 7877
f 7880 7882 7881
f 7882 7883 7881
f 7884 7886 7885
f 7886 7887 7885
f 7888 7890 7889
f 7890 7891 7889
f 7892 7894 7893
f 7894 7895 7893
f 7896 7898 7897
f 7898 7899 7897
f 7900 7902 7901
f 7902 7903 7901
f 7904 7906 7905
f 7906 7907 7905
f 7908 7910 7909
f 7910 7911 7909
f 7912 7914 7913
f 7914 7915 7913
f 7916 7918 7917
f 7918 7919 7917
f 7920 7922 7921
f 7922 7923 7921
f 7924 7926 7925
f 7926 7927 7925
f 7928 7930 7929
f 7930 7931 7929
f 7932 7934 7933
f 7934 7935 7933
f 7936 7938 7937
f 7938 7939 7937
f 7940 7942 7941
f 7942 7943 7941
f 7944 7946 7945
f 7946 7947 7945
f 7948 7950 7949
f 7950 7951 7949
f 7952 7954 7953
f 7954 7955 7953
f 7956 7958 7957
f 7958 7959 7957
f 7960 7962 7961
f 7962 7963 7961
f 7964 7966 7965
f 7966 7967 7965
f 7968 7970 7969
f 7970 7971 7969
f 7972 7974 7973
f 7974 7975 7973
f 7976 7978 7977
f 7978 7979 7977
f 7980 7982 7981
f 7982 7983 7981
f 7984 7986 7985
f 7986 7987 7985
f 7988 7990 7989
f 7990 7991 7989
f 7992 7994 7993
f 7994 7995 7993
f 7996 7998 7997
f 7998 7999 7997
f 8000 8002 8001
f 8002 8003 8001
f 8004 8006 8005
f 8006 8007 8005
f 8008 8010 8009
f 8010 8011 8009
f 8012 8014 8013
f 8014 8015 8013
f 8016 8018 8017
f 8018 8019 8017
f 8020 8022 8021
f 8022 8023 8021
f 8024 8026 8025
f 8026 8027 8025
f 8028 8030 8029
f 8030 8031 8029
f 8032 8034 8033
f 8034 8035 8033
f 8036 8038 8037
f 8038 8039 8037
f 8040 8042 8041
f 8042 8043 8041
f 8044 8046 8045
f 8046 8047 8045
f 8048 8050 8049
f 8050 8051 8049
f 8052 8054 8053
f 8054 8055 8053
f 8056 8058 8057
f 8058 8059 8057
f 8060 8062 8061
f 8062 8063 8061
f 8064 8066 8065
f 8066 8067 8065
f 8068 8070 8069
f 8070 8071 8069
f 8072 8074 8073
f 8074 8075 8073
f 8076 8078 8077
f 8078 8079 8077
f 8080 8082 8081
f 8082 8083 8081
f 8084 8086 8085
f 8086 8087 8085
f 8088 8090 8089
f 8090 8091 8089
f 8092 8094 8093
f 8094 8095 8093
f 8096 8098 8097
f 8098 8099 8097
f 8100 8102 8101
f 8102 8103 8101
f 8104 8106 8105
f 8106 8107 8105
f 8108 8110 8109
f 8110 8111 8109
f 8112 8114 8113
f 8114 8115 8113
f 8116 8118 8117
f 8118 8119 8117
f 8120 8122 8121
f 8122 8123 8121
f 8124 8126 8125
f 8126 8127 8125
f 8128 8130 8129
f 8130 8131 8129
f 8132 8134 8133
f 8134 8135 8133
f 8136 8138 8137
f 8138 8139 8137
f 8140 8142 8141
f 8142 8143 8141
f 8144 8146 8145
f 8146 8147 8145
f 8148 8150 8149
f 8150 8151 8149
f 8152 8154 8153
f 8154 8155 8153
f 8156 8158 8157
f 8158 8159 8157
f 8160 8162 8161
f 8162 8163 8161
f 8164 8166 8165
f 8166 8167 8165
f 8168 8170 8169
f 8170 8171 8169
f 8172 8174 8173
f 8174 8175 8173
f 8176 8178 8177
f 8178 8179 8177
f 8180 8182 8181
f 8182 8183 8181
f 8184 8186 8185
f 8186 8187 8185
f 8188 8190 8189
f 8190 8191 8189
f 8192 8194 8193
f 8194 8195 8193
f 8196 8198 8197
f 8198 8199 8197
f 8200 8202 8201
f 8202 8203 8201
f 8204 8206 8205
f 8206 8207 8205
f 8208 8210 8209
f 8210 8211 8209
f 8212 8214 8213
f 8214 8215 8213
f 8216 8218 8217
f 8218 8219 8217
f 8220 8222 8221
f 8222 8223 8221
f 8224 8226 8225
f 8226 8227 8225
f 8228 8230 8229
f 8230 8231 8229
f 8232 8234 8233
f 8234 8235 8233
f 8236 8238 8237
f 8238 8239 8237
f 8240 8242 8241
f 8242 8243 8241
f 8244 8246 8245
f 8246 8247 8245
f 8248 8250 8249
f 8250 8251 8249
f 8252 8254 8253
f 8254 8255 8253
f 8256 8258 8257
f 8258 8259 8257
f 8260 8262 8261
f 8262 8263 8261
f 8264 8266 8265
f 8266 8267 8265
f 8268 8270 8269
f 8270 8271 8269
f 8272 8274 8273
f 8274 8275 8273
f 8276 8278 8277
f 8278 8279 8277
f 8280 8282 8281
f 8282 8283 8281
f 8284 8286 8285
f 8286 8287 8285
f 8288 8290 8289
f 8290 8291 8289
f 8292 8294 8293
f 8294 8295 8293
f 8296 8298 8297
f 8298 8299 8297
f 8300 8302 8301
f 8302 8303 8301
f 8304 8306 8305
f 8306 8307 8305
f 8308 8310 8309
f 8310 8311 8309
f 8312 8314 8313
f 8314 8315 8313
f 8316 8318 8317
f 8318 8319 8317
f 8320 8322 8321
f 8322 8323 8321
f 8324 8326 8325
f 8326 8327 8325
f 8328 8330 8329
f 8330 8331 8329
f 8332 8334 8333
f 8334 8335 8333
f 8336 8338 8337
f 8338 8339 8337
f 8340 8342 8341
f 8342 8343 8341
f 8344 8346 8345
f 8346 8347 8345
f 8348 8350 8349
f 8350 8351 8349
f 8352 8354 8353
f 8354 8355 8353
f 8356 8358 8357
f 8358 8359 8357
f 8360 8362 8361
f 8362 8363 8361
f 8364 8366 8365
f 8366 8367 8365
f 8368 8370 8369
f 8370 8371 8369
f 8372 8374 8373
f 8374 8375 8373
f 8376 8378 8377
f 8378 8379 8377
f 8380 8382 8381
f 8382 8383 8381
f 8384 8386 8385
f 8386 8387 8385
f 8388 8390 8389
f 8390 8391 8389
f 8392 8394 8393
f 8394 8395 8393
f 8396 8398 8397
f 8398 8399 8397
f 8400 8402 8401
f 8402 8403 8401
f 8404 8406 8405
f 8406 8407 8405
f 8408 8410 8409
f 8410 8411 8409
f 8412 8414 8413
f 8414 8415 8413
f 8416 8418 8417
f 8418 8419 8417
f 8420 8422 8421
f 8422 8423 8421
f 8424 8426 8425
f 8426 8427 8425
f 8428 8430 8429
f 8430 8431 8429
f 8432 8434 8433
f 8434 8435 8433
f 8436 8438 8437
f 8438 8439 8437
f 8440 8442 8441
f 8442 8443 8441
f 8444 8446 8445
f 8446 8447 8445
f 8448 8450 8449
f 8450 8451 8449
f 8452 8454 8453
f 8454 8455 8453
f 8456 8458 8457
f 8458 8459 8457
f 8460 8462 8461
f 8462 8463 8461
f 8464 8466 8465
f 8466 8467 8465
f 8468 8470 8469
f 8470 8471 8469
f 8472 8474 8473
f 8474 8475 8473
f 8476 8478 8477
f 8478 8479 8477
f 8480 8482 8481
f 8482 8483 8481
f 8484 8486 8485
f 8486 8487 8485
f 8488 8490 8489
f 8490 8491 8489
f 8492 8494 8493
f 8494 8495 8493
f 8496 8498 8497
f 8498 8499 8497
f 8500 8502 8501
f 8502 8503 8501
f 8504 8506 8505
f 8506 8507 8505
f 8508 8510 8509
f 8510 8511 8509
f 8512 8514 8513
f 8514 8515 8513
f 8516 8518 8517
f 8518 8519 8517
f 8520 8522 8521
f 8522 8523 8521
f 8524 8526 8525
f 8526 8527 8525
f 8528 8530 8529
f 8530 8531 8529
f 8532 8534 8533
f 8534 8535 8533
f 8536 8538 8537
f 8538 8539 8537
f 8540 8542 8541
f 8542 8543 8541
f 8544 8546 8545
f 8546 8547 8545
f 8548 8550 8549
f 8550 8551 8549
f 8552 8554 8553
f 8554 8555 8553
f 8556 8558 8557
f 8558 8559 8557
f 8560 8562 8561
f 8562 8563 8561
f 8564 8566 8565
f 8566 8567 8565
f 8568 8570 8569
f 8570 8571 8569
f 8572 8574 8573
f 8574 8575 8573
f 8576 8578 8577
f 8578 8579 8577
f 8580 8582 8581
f 8582 8583 8581
f 8584 8586 8585
f 8586 8587 8585
f 8588 8590 8589
f 8590 8591 8589
f 8592 8594 8593
f 8594 8595 8593
f 8596 8598 8597
f 8598 8599 8597
f 8600 8602 8601
f 8602 8603 8601
f 8604 8606 8605
f 8606 8607 8605
f 8608 8610 8609
f 8610 8611 8609
f 8612 8614 8613
f 8614 8615 8613
f 8616 8618 8617
f 8618 8619 8617
f 8620 8622 8621
f 8622 8623 8621
f 8624 8626 8625
f 8626 8627 8625
f 8628 8630 8629
f 8630 8631 8629
f 8632 8634 8633
f 8634 8635 8633
f 8636 8638 8637
f 8638 8639 8637
f 8640 8642 8641
f 8642 8643 8641
f 8644 8646 8645
f 8646 8647 8645
f 8648 8650 8649
f 8650 8651 8649
f 8652 8654 8653
f 8654 8655 8653
f 8656 8658 8657
f 8658 8659 8657
f 8660 8662 8661
f 8662 8663 8661
f 8664 8666 8665
f 8666 8667 8665
f 8668 8670 8669
f 8670 8671 8669
f 8672 8674 8673
f 8674 8675 8673
f 8676 8678 8677
f 8678 8679 8677
f 8680 8682 8681
f 8682 8683 8681
f 8684 8686 8685
f 8686 8687 8685
f 8688 8690 8689
f 8690 8691 8689
f 8692 8694 8693
f 8694 8695 8693
f 8696 8698 8697
f 8698 8699 8697
f 8700 8702 8701
f 8702 8703 8701
f 8704 8706 8705
f 8706 8707 8705
f 8708 8710 8709
f 8710 8711 8709
f 8712 8714 8713
f 8714 8715 8713
f 8716 8718 8717
f 8718 8719 8717
f 8720 8722 8721
f 8722 8723 8721
f 8724 8726 8725
f 8726 8727 8725
f 8728 8730 8729
f 8730 8731 8729
f 8732 8734 8733
f 8734 8735 8733
f 8736 8738 8737
f 8738 8739 8737
f 8740 8742 8741
f 8742 8743 8741
f 8744 8746 8745
f 8746 8747 8745
f 8748 8750 8749
f 8750 8751 8749
f 8752 8754 8753
f 8754 8755 8753
f 8756 8758 8757
f 8758 8759 8757
f 8760 8762 8761
f 8762 8763 8761
f 8764 8766 8765
f 8766 8767 8765
f 8768 8770 8769
f 8770 8771 8769
f 8772 8774 8773
f 8774 8775 8773
f 8776 8778 8777
f 8778 8779 8777
f 8780 8782 8781
f 8782 8783 8781
f 8784 8786 8785
f 8786 8787 8785
f 8788 8790 8789
f 8790 8791 8789
f 8792 8794 8793
f 8794 8795 8793
f 8796 8798 8797
f 8798 8799 8797
f 8800 8802 8801
f 8802 8803 8801
f 8804 8806 8805
f 8806 8807 8805
f 8808 8810 8809
f 8810 8811 8809
f 8812 8814 8813
f 8814 8815 8813
f 8816 8818 8817
f 8818 8819 8817
f 8820 8822 8821
f 8822 8823 8821
f 8824 8826 8825
f 8826 8827 8825
f 8828 8830 8829
f 8830 8831 8829
f 8832 8834 8833
f 8834 8835 8833
f 8836 8838 8837
f 8838 8839 8837
f 8840 8842 8841
f 8842 8843 8841
f 8844 8846 8845
f 8846 8847 8845
f 8848 8850 8849
f 8850 8851 8849
f 8852 8854 8853
f 8854 8855 8853
f 8856 8858 8857
f 8858 8859 8857
f 8860 8862 8861
f 8862 8863 8861
f 8864 8866 8865
f 8866 8867 8865
f 8868 8870 8869
f 8870 8871 8869
f 8872 8874 8873
f 8874 8875 8873
f 8876 8878 8877
f 8878 8879 8877
f 8880 8882 8881
f 8882 8883 8881
f 8884 8886 8885
f 8886 8887 8885
f 8888 8890 8889
f 8890 8891 8889
f 8892 8894 8893
f 8894 8895 8893
f 8896 8898 8897
f 8898 8899 8897
f 8900 8902 8901
f 8902 8903 8901
f 8904 8906 8905
f 8906 8907 8905
f 8908 8910 8909
f 8910 8911 8909
f 8912 8914 8913
f 8914 8915 8913
f 8916 8918 8917
f 8918 8919 8917
f 8920 8922 8921
f 8922 8923 8921
f 8924 8926 8925
f 8926 8927 8925
f 8928 8930 8929
f 8930 8931 8929
f 8932 8934 8933
f 8934 8935 8933
f 8936 8938 8937
f 8938 8939 8937
f 8940 8942 8941
f 8942 8943 8941
f 8944 8946 8945
f 8946 8947 8945
f 8948 8950 8949
f 8950 8951 8949
f 8952 8954 8953
f 8954 8955 8953
f 8956 8958 8957
f 8958 8959 8957
f 8960 8962 8961
f 8962 8963 8961
f 8964 8966 8965
f 8966 8967 8965
f 8968 8970 8969
f 8970 8971 8969
f 8972 8974 8973
f 8974 8975 8973
f 8976 8978 8977
f 8978 8979 8977
f 8980 8982 8981
f 8982 8983 8981
f 8984 8986 8985
f 8986 8987 8985
f 8988 8990 8989
f 8990 8991 8989
f 8992 8994 8993
f 8994 8995 8993
f 8996 8998 8997
f 8998 8999 8997
f 9000 9002 9001
f 9002 9003 9001
f 9004 9006 9005
f 9006 9007 9005
f 9008 9010 9009
f 9010 9011 9009
f 9012 9014 9013
f 9014 9015 9013
f 9016 9018 9017
f 9018 9019 9017
f 9020 9022 9021
f 9022 9023 9021
f 9024 9026 9025
f 9026 9027 9025
f 9028 9030 9029
f 9030 9031 9029
f 9032 9034 9033
f 9034 9035 9033
f 9036 9038 9037
f 9038 9039 9037
f 9040 9042 9041
f 9042 9043 9041
f 9044 9046 9045
f 9046 9047 9045
f 9048 9050 9049
f 9050 9051 9049
f 9052 9054 9053
f 9054 9055 9053
f 9056 9058 9057
f 9058 9059 9057
f 9060 9062 9061
f 9062 9063 9061
f 9064 9066 9065
f 9066 9067 9065
f 9068 9070 9069
f 9070 9071 9069
f 9072 9074 9073
f 9074 9075 9073
f 9076 9078 9077
f 9078 9079 9077
f 9080 9082 9081
f 9082 9083 9081
f 9084 9086 9085
f 9086 9087 9085
f 9088 9090 9089
f 9090 9091 9089
f 9092 9094 9093
f 9094 9095 9093
f 9096 9098 9097
f 9098 9099 9097
f 9100 9102 9101
f 9102 9103 9101
f 9104 9106 9105
f 9106 9107 9105
f 9108 9110 9109
f 9110 9111 9109
f 9112 9114 9113
f 9114 9115 9113
f 9116 9118 9117
f 9118 9119 9117
f 9120 9122 9121
f 9122 9123 9121
f 9124 9126 9125
f 9126 9127 9125
f 9128 9130 9129
f 9130 9131 9129
f 9132 9134 9133
f 9134 9135 9133
f 9136 9138 9137
f 9138 9139 9137
f 9140 9142 9141
f 9142 9143 9141
f 9144 9146 9145
f 9146 9147 9145
f 9148 9150 9149
f 9150 9151 9149
f 9152 9154 9153
f 9154 9155 9153
f 9156 9158 9157
f 9158 9159 9157
f 9160 9162 9161
f 9162 9163 9161
f 9164 9166 9165
f 9166 9167 9165
f 9168 9170 9169
f 9170 9171 9169
f 9172 9174 9173
f 9174 9175 9173
f 9176 9178 9177
f 9178 9179 9177
f 9180 9182 9181
f 9182 9183 9181
f 9184 9186 9185
f 9186 9187 9185
f 9188 9190 9189
f 9190 9191 9189
f 9192 9194 9193
f 9194 9195 9193
f 9196 9198 9197
f 9198 9199 9197
f 9200 9202 9201
f 9202 9203 9201
f 9204 9206 9205
f 9206 9207 9205
f 9208 9210 9209
f 9210 9211 9209
f 9212 9214 9213
f 9214 9215 9213
f 9216 9218 9217
f 9218 9219 9217
f 9220 9222 9221
f 9222 9223 9221
f 9224 9226 9225
f 9226 9227 9225
f 9228 9230 9229
f 9230 9231 9229
f 9232 9234 9233
f 9234 9235 9233
f 9236 9238 9237
f 9238 9239 9237
f 9240 9242 9241
f 9242 9243 9241
f 9244 9246 9245
f 9246 9247 9245
f 9248 9250 9249
f 9250 9251 9249
f 9252 9254 9253
f 9254 9255 9253
f 9256 9258 9257
f 9258 9259 9257
f 9260 9262 9261
f 9262 9263 9261
f 9264 9266 9265
f 9266 9267 9265
f 9268 9270 9269
f 9270 9271 9269
f 9272 9274 9273
f 9274 9275 9273
f 9276 9278 9277
f 9278 9279 9277
f 9280 9282 9281
f 9282 9283 9281
f 9284 9286 9285
f 9286 9287 9285
f 9288 9290 9289
f 9290 9291 9289
f 9292 9294 9293
f 9294 9295 9293
f 9296 9298 9297
f 9298 9299 9297
f 9300 9302 9301
f 9302 9303 9301
f 9304 9306 9305
f 9306 9307 9305
f 9308 9310 9309
f 9310 9311 9309
f 9312 9314 9313
f 9314 9315 9313
f 9316 9318 9317
f 9318 9319 9317
f 9320 9322 9321
f 9322 9323 9321
f 9324 9326 9325
f 9326 9327 9325
f 9328 9330 9329
f 9330 9331 9329
f 9332 9334 9333
f 9334 9335 9333
f 9336 9338 9337
f 9338 9339 9337
f 9340 9342 9341
f 9342 9343 9341
f 9344 9346 9345
f 9346 9347 9345
f 9348 9350 9349
f 9350 9351 9349
f 9352 9354 9353
f 9354 9355 9353
f 9356 9358 9357
f 9358 9359 9357
f 9360 9362 9361
f 9362 9363 9361
f 9364 9366 9365
f 9366 9367 9365
f 9368 9370 9369
f 9370 9371 9369
f 9372 9374 9373
f 9374 9375 9373
f 9376 9378 9377
f 9378 9379 9377
f 9380 9382 9381
f 9382 9383 9381
f 9384 9386 9385
f 9386 9387 9385
f 9388 9390 9389
f 9390 9391 9389
f 9392 9394 9393
f 9394 9395 9393
f 9396 9398 9397
f 9398 9399 9397
f 9400 9402 9401
f 9402 9403 9401
f 9404 9406 9405
f 9406 9407 9405
f 9408 9410 9409
f 9410 9411 9409
f 9412 9414 9413
f 9414 9415 9413
f 9416 9418 9417
f 9418 9419 9417
f 9420 9422 9421
f 9422 9423 9421
f 9424 9426 9425
f 9426 9427 9425
f 9428 9430 9429
f 9430 9431 9429
f 9432 9434 9433
f 9434 9435 9433
f 9436 9438 9437
f 9438 9439 9437
f 9440 9442 9441
f 9442 9443 9441
f 9444 9446 9445
f 9446 9447 9445
f 9448 9450 9449
f 9450 9451 9449
f 9452 9454 9453
f 9454 9455 9453
f 9456 9458 9457
f 9458 9459 9457
f 9460 9462 9461
f 9462 9463 9461
f 9464 9466 9465
f 9466 9467 9465
f 9468 9470 9469
f 9470 9471 9469
f 9472 9474 9473
f 9474 9475 9473
f 9476 9478 9477
f 9478 9479 9477
f 9480 9482 9481
f 9482 9483 9481
f 9484 9486 9485
f 9486 9487 9485
f 9488 9490 9489
f 9490 9491 9489
f 9492 9494 9493
f 9494 9495 9493
f 9496 9498 9497
f 9498 9499 9497
f 9500 9502 9501
f 9502 9503 9501
f 9504 9506 9505
f 9506 9507 9505
f 9508 9510 9509
f 9510 9511 9509
f 9512 9514 9513
f 9514 9515 9513
f 9516 9518 9517
f 9518 9519 9517
f 9520 9522 9521
f 9522 9523 9521
f 9524 9526 9525
f 9526 9527 9525
f 9528 9530 9529
f 9530 9531 9529
f 9532 9534 9533
f 9534 9535 9533
f 9536 9538 9537
f 9538 9539 9537
f 9540 9542 9541
f 9542 9543 9541
f 9544 9546 9545
f 9546 9547 9545
f 9548 9550 9549
f 9550 9551 9549
f 9552 9554 9553
f 9554 9555 9553
f 9556 9558 9557
f 9558 9559 9557
f 9560 9562 9561
f 9562 9563 9561
f 9564 9566 9565
f 9566 9567 9565
f 9568 9570 9569
f 9570 9571 9569
f 9572 9574 9573
f 9574 9575 9573
f 9576 9578 9577
f 9578 9579 9577
f 9580 9582 9581
f 9582 9583 9581
f 9584 9586 9585
f 9586 9587 9585
f 9588 9590 9589
f 9590 9591 9589
f 9592 9594 9593
f 9594 9595 9593
f 9596 9598 9597
f 9598 9599 9597
f 9600 9602 9601
f 9602 9603 9601
f 9604 9606 9605
f 9606 9607 9605
f 9608 9610 9609
f 9610 9611 9609
f 9612 9614 9613
f 9614 9615 9613
f 9616 9618 9617
f 9618 9619 9617
f 9620 9622 9621
f 9622 9623 9621
f 9624 9626 9625
f 9626 9627 9625
f 9628 9630 9629
f 9630 9631 9629
f 9632 9634 9633
f 9634 9635 9633
f 9636 9638 9637
f 9638 9639 9637
f 9640 9642 9641
f 9642 9643 9641
f 9644 9646 9645
f 9646 9647 9645
f 9648 9650 9649
f 9650 9651 9649
f 9652 9654 9653
f 9654 9655 9653
f 9656 9658 9657
f 9658 9659 9657
f 9660 9662 9661
f 9662 9663 9661
f 9664 9666 9665
f 9666 9667 9665
f 9668 9670 9669
f 9670 9671 9669
f 9672 9674 9673
f 9674 9675 9673
f 9676 9678 9677
f 9678 9679 9677
f 9680 9682 9681
f 9682 9683 9681
f 9684 9686 9685
f 9686 9687 9685
f 9688 9690 9689
f 9690 9691 9689
f 9692 9694 9693
f 9694 9695 9693
f 9696 9698 9697
f 9698 9699 9697
f 9700 9702 9701
f 9702 9703 9701
f 9704 9706 9705
f 9706 9707 9705
f 9708 9710 9709
f 9710 9711 9709
f 9712 9714 9713
f 9714 9715 9713
f 9716 9718 9717
f 9718 9719 9717
f 9720 9722 9721
f 9722 9723 9721
f 9724 9726 9725
f 9726 9727 9725
f 9728 9730 9729
f 9730 9731 9729
f 9732 9734 9733
f 9734 9735 9733
f 9736 9738 9737
f 9738 9739 9737
f 9740 9742 9741
f 9742 9743 9741
f 9744 9746 9745
f 9746 9747 9745
f 9748 9750 9749
f 9750 9751 9749
f 9752 9754 9753
f 9754 9755 9753
f 9756 9758 9757
f 9758 9759 9757
f 9760 9762 9761
f 9762 9763 9761
f 9764 9766 9765
f 9766 9767 9765
f 9768 9770 9769
f 9770 9771 9769
f 9772 9774 9773
f 9774 9775 9773
f 9776 9778 9777
f 9778 9779 9777
f 9780 9782 9781
f 9782 9783 9781
f 9784 9786 9785
f 9786 9787 9785
f 9788 9790 9789
f 9790 9791 9789
f 9792 9794 9793
f 9794 9795 9793
f 9796 9798 9797
f 9798 9799 9797
f 9800 9802 9801
f 9802 9803 9801
f 9804 9806 9805
f 9806 9807 9805
f 9808 9810 9809
f 9810 9811 9809
f 9812 9814 9813
f 9814 9815 9813
f 9816 9818 9817
f 9818 9819 9817
f 9820 9822 9821
f 9822 9823 9821
f 9824 9826 9825
f 9826 9827 9825
f 9828 9830 9829
f 9830 9831 9829
f 9832 9834 9833
f 9834 9835 9833
f 9836 9838 9837
f 9838 9839 9837
f 9840 9842 9841
f 9842 9843 9841
f 9844 9846 9845
f 9846 9847 9845
f 9848 9850 9849
f 9850 9851 9849
f 9852 9854 9853
f 9854 9855 9853
f 9856 9858 9857
f 9858 9859 9857
f 9860 9862 9861
f 9862 9863 9861
f 9864 9866 9865
f 9866 9867 9865
f 9868 9870 9869
f 9870 9871 9869
f 9872 9874 9873
f 9874 9875 9873
f 9876 9878 9877
f 9878 9879 9877
f 9880 9882 9881
f 9882 9883 9881
f 9884 9886 9885
f 9886 9887 9885
f 9888 9890 9889
f 9890 9891 9889
f 9892 9894 9893
f 9894 9895 9893
f 9896 9898 9897
f 9898 9899 9897
f 9900 9902 9901
f 9902 9903 9901
f 9904 9906 9905
f 9906 9907 9905
f 9908 9910 9909
f 9910 9911 9909
f 9912 9914 9913
f 9914 9915 9913
f 9916 9918 9917
f 9918 9919 9917
f 9920 9922 9921
f 9922 9923 9921
f 9924 9926 9925
f 9926 9927 9925
f 9928 9930 9929
f 9930 9931 9929
f 9932 9934 9933
f 9934 9935 9933
f 9936 9938 9937
f 9938 9939 9937
f 9940 9942 9941
f 9942 9943 9941
f 9944 9946 9945
f 9946 9947 9945
f 9948 9950 9949
f 9950 9951 9949
f 9952 9954 9953
f 9954 9955 9953
f 9956 9958 9957
f 9958 9959 9957
f 9960 9962 9961
f 9962 9963 9961
f 9964 9966 9965
f 9966 9967 9965
f 9968 9970 9969
f 9970 9971 9969
f 9972 9974 9973
f 9974 9975 9973
f 9976 9978 9977
f 9978 9979 9977
f 9980 9982 9981
f 9982 9983 9981
f 9984 9986 9985
f 9986 9987 9985
f 9988 9990 9989
f 9990 9991 9989
f 9992 9994 9993
f 9994 9995 9993
f 9996 9998 9997
f 9998 9999 9997
f 10000 10002 10001
f 10002 10003 10001
f 10004 10006 10005
f 10006 10007 10005
f 10008 10010 10009
f 10010 10011 10009
f 10012 10014 10013
f 10014 10015 10013
f 10016 10018 10017
f 10018 10019 10017
f 10020 10022 10021
f 10022 10023 10021
f 10024 10026 10025
f 10026 10027 10025
f 10028 10030 10029
f 10030 10031 10029
f 10032 10034 10033
f 10034 10035 10033
f 10036 10038 10037
f 10038 10039 10037
f 10040 10042 10041
f 10042 10043 10041
f 10044 10046 10045
f 10046 10047 10045
f 10048 10050 10049
f 10050 10051 10049
f 10052 10054 10053
f 10054 10055 10053
f 10056 10058 10057
f 10058 10059 10057
f 10060 10062 10061
f 10062 10063 10061
f 10064 10066 10065
f 10066 10067 10065
f 10068 10070 10069
f 10070 10071 10069
f 10072 10074 10073
f 10074 10075 10073
f 10076 10078 10077
f 10078 10079 10077
f 10080 10082 10081
f 10082 10083 10081
f 10084 10086 10085
f 10086 10087 10085
f 10088 10090 10089
f 10090 10091 10089
v -11.53664 1.54736 9.64300
v -11.53664 1.54736 9.63500
v -11.53664 1.53264 9.64300
v -11.53664 1.53264 9.63500
v -11.55136 1.54736 9.63500
v -11.55136 1.54736 9.64300
v -11.55136 1.53264 9.63500
v -11.55136 1.53264 9.64300
v -11.55136 1.54736 9.63500
v -11.53664 1.54736 9.63500
v -11.55136 1.54736 9.64300
v -11.53664 1.54736 9.64300
v -11.55136 1.53264 9.64300
v -11.53664 1.53264 9.64300
v -11.55136 1.53264 9.63500
v -11.53664 1.53264 9.63500
v -11.55136 1.54736 9.64300
v -11.53664 1.54736 9.64300
v -11.55136 1.53264 9.64300
v -11.53664 1.53264 9.64300
v -11.53664 1.54736 9.63500
v -11.55136 1.54736 9.63500
v -11.53664 1.53264 9.63500
v -11.55136 1.53264 9.63500
v -11.52064 1.54736 9.64300
v -11.52064 1.54736 9.63500
v -11.52064 1.53264 9.64300
v -11.52064 1.53264 9.63500
v -11.53536 1.54736 9.63500
v -11.53536 1.54736 9.64300
v -11.53536 1.53264 9.63500
v -11.53536 1.53264 9.64300
v -11.53536 1.54736 9.63500
v -11.52064 1.54736 9.63500
v -11.53536 1.54736 9.64300
v -11.52064 1.54736 9.64300
v -11.53536 1.53264 9.64300
v -11.52064 1.53264 9.64300
v -11.53536 1.53264 9.63500
v -11.52064 1.53264 9.63500
v -11.53536 1.54736 9.64300
v -11.52064 1.54736 9.64300
v -11.53536 1.53264 9.64300
v -11.52064 1.53264 9.64300
v -11.52064 1.54736 9.63500
v -11.53536 1.54736 9.63500
v -11.52064 1.53264 9.63500
v -11.53536 1.53264 9.63500
v -11.50464 1.54736 9.64300
v -11.50464 1.54736 9.63500
v -11.50464 1.53264 9.64300
v -11.50464 1.53264 9.63500
v -11.51936 1.54736 9.63500
v -11.51936 1.54736 9.64300
v -11.51936 1.53264 9.63500
v -11.51936 1.53264 9.64300
v -11.51936 1.54736 9.63500
v -11.50464 1.54736 9.63500
v -11.51936 1.54736 9.64300
v -11.50464 1.54736 9.64300
v -11.51936 1.53264 9.64300
v -11.50464 1.53264 9.64300
v -11.51936 1.53264 9.63500
v -11.50464 1.53264 9.63500
v -11.51936 1.54736 9.64300
v -11.50464 1.54736 9.64300
v -11.51936 1.53264 9.64300
v -11.50464 1.53264 9.64300
v -11.50464 1.54736 9.63500
v -11.51936 1.54736 9.63500
v -11.50464 1.53264 9.63500
v -11.51936 1.53264 9.63500
v -11.48864 1.54736 9.64300
v -11.48864 1.54736 9.63500
v -11.48864 1.53264 9.64300
v -11.48864 1.53264 9.63500
v -11.50336 1.54736 9.63500
v -11.50336 1.54736 9.64300
v -11.50336 1.53264 9.63500
v -11.50336 1.53264 9.64300
v -11.50336 1.54736 9.63500
v -11.48864 1.54736 9.63500
v -11.50336 1.54736 9.64300
v -11.48864 1.54736 9.64300
v -11.50336 1.53264 9.64300
v -11.48864 1.53264 9.64300
v -11.50336 1.53264 9.63500
v -11.48864 1.53264 9.63500
v -11.50336 1.54736 9.64300
v -11.48864 1.54736 9.64300
v -11.50336 1.53264 9.64300
v -11.48864 1.53264 9.64300
v -11.48864 1.54736 9.63500
v -11.50336 1.54736 9.63500
v -11.48864 1.53264 9.63500
v -11.50336 1.53264 9.63500
v -11.47264 1.54736 9.64300
v -11.47264 1.54736 9.63500
v -11.47264 1.53264 9.64300
v -11.47264 1.53264 9.63500
v -11.48736 1.54736 9.63500
v -11.48736 1.54736 9.64300
v -11.48736 1.53264 9.63500
v -11.48736 1.53264 9.64300
v -11.48736 1.54736 9.63500
v -11.47264 1.54736 9.63500
v -11.48736 1.54736 9.64300
v -11.47264 1.54736 9.64300
v -11.48736 1.53264 9.64300
v -11.47264 1.53264 9.64300
v -11.48736 1.53264 9.63500
v -11.47264 1.53264 9.63500
v -11.48736 1.54736 9.64300
v -11.47264 1.54736 9.64300
v -11.48736 1.53264 9.64300
v -11.47264 1.53264 9.64300
v -11.47264 1.54736 9.63500
v -11.48736 1.54736 9.63500
v -11.47264 1.53264 9.63500
v -11.48736 1.53264 9.63500
v -11.53664 1.53136 9.64300
v -11.53664 1.53136 9.63500
v -11.53664 1.51664 9.64300
v -11.53664 1.51664 9.63500
v -11.55136 1.53136 9.63500
v -11.55136 1.53136 9.64300
v -11.55136 1.51664 9.63500
v -11.55136 1.51664 9.64300
v -11.55136 1.53136 9.63500
v -11.53664 1.53136 9.63500
v -11.55136 1.53136 9.64300
v -11.53664 1.53136 9.64300
v -11.55136 1.51664 9.64300
v -11.53664 1.51664 9.64300
v -11.55136 1.51664 9.63500
v -11.53664 1.51664 9.63500
v -11.55136 1.53136 9.64300
v -11.53664 1.53136 9.64300
v -11.55136 1.51664 9.64300
v -11.53664 1.51664 9.64300
v -11.53664 1.53136 9.63500
v -11.55136 1.53136 9.63500
v -11.53664 1.51664 9.63500
v -11.55136 1.51664 9.63500
v -11.53664 1.51536 9.64300
v -11.53664 1.51536 9.63500
v -11.53664 1.50064 9.64300
v -11.53664 1.50064 9.63500
v -11.55136 1.51536 9.63500
v -11.55136 1.51536 9.64300
v -11.55136 1.50064 9.63500
v -11.55136 1.50064 9.64300
v -11.55136 1.51536 9.63500
v -11.53664 1.51536 9.63500
v -11.55136 1.51536 9.64300
v -11.53664 1.51536 9.64300
v -11.55136 1.50064 9.64300
v -11.53664 1.50064 9.64300
v -11.55136 1.50064 9.63500
v -11.53664 1.50064 9.63500
v -11.55136 1.51536 9.64300
v -11.53664 1.51536 9.64300
v -11.55136 1.50064 9.64300
v -11.53664 1.50064 9.64300
v -11.53664 1.51536 9.63500
v -11.55136 1.51536 9.63500
v -11.53664 1.50064 9.63500
v -11.55136 1.50064 9.63500
v -11.53664 1.49936 9.64300
v -11.53664 1.49936 9.63500
v -11.53664 1.48464 9.64300
v -11.53664 1.48464 9.63500
v -11.55136 1.49936 9.63500
v -11.55136 1.49936 9.64300
v -11.55136 1.48464 9.63500
v -11.55136 1.48464 9.64300
v -11.55136 1.49936 9.63500
v -11.53664 1.49936 9.63500
v -11.55136 1.49936 9.64300
v -11.53664 1.49936 9.64300
v -11.55136 1.48464 9.64300
v -11.53664 1.48464 9.64300
v -11.55136 1.48464 9.63500
v -11.53664 1.48464 9.63500
v -11.55136 1.49936 9.64300
v -11.53664 1.49936 9.64300
v -11.55136 1.48464 9.64300
v -11.53664 1.48464 9.64300
v -11.53664 1.49936 9.63500
v -11.55136 1.49936 9.63500
v -11.53664 1.48464 9.63500
v -11.55136 1.48464 9.63500
v -11.52064 1.49936 9.64300
v -11.52064 1.49936 9.63500
v -11.52064 1.48464 9.64300
v -11.52064 1.48464 9.63500
v -11.53536 1.49936 9.63500
v -11.53536 1.49936 9.64300
v -11.53536 1.48464 9.63500
v -11.53536 1.48464 9.64300
v -11.53536 1.49936 9.63500
v -11.52064 1.49936 9.63500
v -11.53536 1.49936 9.64300
v -11.52064 1.49936 9.64300
v -11.53536 1.48464 9.64300
v -11.52064 1.48464 9.64300
v -11.53536 1.48464 9.63500
v -11.52064 1.48464 9.63500
v -11.53536 1.49936 9.64300
v -11.52064 1.49936 9.64300
v -11.53536 1.48464 9.64300
v -11.52064 1.48464 9.64300
v -11.52064 1.49936 9.63500
v -11.53536 1.49936 9.63500
v -11.52064 1.48464 9.63500
v -11.53536 1.48464 9.63500
v -11.50464 1.49936 9.64300
v -11.50464 1.49936 9.63500
v -11.50464 1.48464 9.64300
v -11.50464 1.48464 9.63500
v -11.51936 1.49936 9.63500
v -11.51936 1.49936 9.64300
v -11.51936 1.48464 9.63500
v -11.51936 1.48464 9.64300
v -11.51936 1.49936 9.63500
v -11.50464 1.49936 9.63500
v -11.51936 1.49936 9.64300
v -11.50464 1.49936 9.64300
v -11.51936 1.48464 9.64300
v -11.50464 1.48464 9.64300
v -11.51936 1.48464 9.63500
v -11.50464 1.48464 9.63500
v -11.51936 1.49936 9.64300
v -11.50464 1.49936 9.64300
v -11.51936 1.48464 9.64300
v -11.50464 1.48464 9.64300
v -11.50464 1.49936 9.63500
v -11.51936 1.49936 9.63500
v -11.50464 1.48464 9.63500
v -11.51936 1.48464 9.63500
v -11.48864 1.49936 9.64300
v -11.48864 1.49936 9.63500
v -11.48864 1.48464 9.64300
v -11.48864 1.48464 9.63500
v -11.50336 1.49936 9.63500
v -11.50336 1.49936 9.64300
v -11.50336 1.48464 9.63500
v -11.50336 1.48464 9.64300
v -11.50336 1.49936 9.63500
v -11.48864 1.49936 9.63500
v -11.50336 1.49936 9.64300
v -11.48864 1.49936 9.64300
v -11.50336 1.48464 9.64300
v -11.48864 1.48464 9.64300
v -11.50336 1.48464 9.63500
v -11.48864 1.48464 9.63500
v -11.50336 1.49936 9.64300
v -11.48864 1.49936 9.64300
v -11.50336 1.48464 9.64300
v -11.48864 1.48464 9.64300
v -11.48864 1.49936 9.63500
v -11.50336 1.49936 9.63500
v -11.48864 1.48464 9.63500
v -11.50336 1.48464 9.63500
v -11.53664 1.48336 9.64300
v -11.53664 1.48336 9.63500
v -11.53664 1.46864 9.64300
v -11.53664 1.46864 9.63500
v -11.55136 1.48336 9.63500
v -11.55136 1.48336 9.64300
v -11.55136 1.46864 9.63500
v -11.55136 1.46864 9.64300
v -11.55136 1.48336 9.63500
v -11.53664 1.48336 9.63500
v -11.55136 1.48336 9.64300
v -11.53664 1.48336 9.64300
v -11.55136 1.46864 9.64300
v -11.53664 1.46864 9.64300
v -11.55136 1.46864 9.63500
v -11.53664 1.46864 9.63500
v -11.55136 1.48336 9.64300
v -11.53664 1.48336 9.64300
v -11.55136 1.46864 9.64300
v -11.53664 1.46864 9.64300
v -11.53664 1.48336 9.63500
v -11.55136 1.48336 9.63500
v -11.53664 1.46864 9.63500
v -11.55136 1.46864 9.63500
v -11.53664 1.46736 9.64300
v -11.53664 1.46736 9.63500
v -11.53664 1.45264 9.64300
v -11.53664 1.45264 9.63500
v -11.55136 1.46736 9.63500
v -11.55136 1.46736 9.64300
v -11.55136 1.45264 9.63500
v -11.55136 1.45264 9.64300
v -11.55136 1.46736 9.63500
v -11.53664 1.46736 9.63500
v -11.55136 1.46736 9.64300
v -11.53664 1.46736 9.64300
v -11.55136 1.45264 9.64300
v -11.53664 1.45264 9.64300
v -11.55136 1.45264 9.63500
v -11.53664 1.45264 9.63500
v -11.55136 1.46736 9.64300
v -11.53664 1.46736 9.64300
v -11.55136 1.45264 9.64300
v -11.53664 1.45264 9.64300
v -11.53664 1.46736 9.63500
v -11.55136 1.46736 9.63500
v -11.53664 1.45264 9.63500
v -11.55136 1.45264 9.63500
v -11.53664 1.45136 9.64300
v -11.53664 1.45136 9.63500
v -11.53664 1.43664 9.64300
v -11.53664 1.43664 9.63500
v -11.55136 1.45136 9.63500
v -11.55136 1.45136 9.64300
v -11.55136 1.43664 9.63500
v -11.55136 1.43664 9.64300
v -11.55136 1.45136 9.63500
v -11.53664 1.45136 9.63500
v -11.55136 1.45136 9.64300
v -11.53664 1.45136 9.64300
v -11.55136 1.43664 9.64300
v -11.53664 1.43664 9.64300
v -11.55136 1.43664 9.63500
v -11.53664 1.43664 9.63500
v -11.55136 1.45136 9.64300
v -11.53664 1.45136 9.64300
v -11.55136 1.43664 9.64300
v -11.53664 1.43664 9.64300
v -11.53664 1.45136 9.63500
v -11.55136 1.45136 9.63500
v -11.53664 1.43664 9.63500
v -11.55136 1.43664 9.63500
v -11.44064 1.54736 9.64300
v -11.44064 1.54736 9.63500
v -11.44064 1.53264 9.64300
v -11.44064 1.53264 9.63500
v -11.45536 1.54736 9.63500
v -11.45536 1.54736 9.64300
v -11.45536 1.53264 9.63500
v -11.45536 1.53264 9.64300
v -11.45536 1.54736 9.63500
v -11.44064 1.54736 9.63500
v -11.45536 1.54736 9.64300
v -11.44064 1.54736 9.64300
v -11.45536 1.53264 9.64300
v -11.44064 1.53264 9.64300
v -11.45536 1.53264 9.63500
v -11.44064 1.53264 9.63500
v -11.45536 1.54736 9.64300
v -11.44064 1.54736 9.64300
v -11.45536 1.53264 9.64300
v -11.44064 1.53264 9.64300
v -11.44064 1.54736 9.63500
v -11.45536 1.54736 9.63500
v -11.44064 1.53264 9.63500
v -11.45536 1.53264 9.63500
v -11.42464 1.54736 9.64300
v -11.42464 1.54736 9.63500
v -11.42464 1.53264 9.64300
v -11.42464 1.53264 9.63500
v -11.43936 1.54736 9.63500
v -11.43936 1.54736 9.64300
v -11.43936 1.53264 9.63500
v -11.43936 1.53264 9.64300
v -11.43936 1.54736 9.63500
v -11.42464 1.54736 9.63500
v -11.43936 1.54736 9.64300
v -11.42464 1.54736 9.64300
v -11.43936 1.53264 9.64300
v -11.42464 1.53264 9.64300
v -11.43936 1.53264 9.63500
v -11.42464 1.53264 9.63500
v -11.43936 1.54736 9.64300
v -11.42464 1.54736 9.64300
v -11.43936 1.53264 9.64300
v -11.42464 1.53264 9.64300
v -11.42464 1.54736 9.63500
v -11.43936 1.54736 9.63500
v -11.42464 1.53264 9.63500
v -11.43936 1.53264 9.63500
v -11.40864 1.54736 9.64300
v -11.40864 1.54736 9.63500
v -11.40864 1.53264 9.64300
v -11.40864 1.53264 9.63500
v -11.42336 1.54736 9.63500
v -11.42336 1.54736 9.64300
v -11.42336 1.53264 9.63500
v -11.42336 1.53264 9.64300
v -11.42336 1.54736 9.63500
v -11.40864 1.54736 9.63500
v -11.42336 1.54736 9.64300
v -11.40864 1.54736 9.64300
v -11.42336 1.53264 9.64300
v -11.40864 1.53264 9.64300
v -11.42336 1.53264 9.63500
v -11.40864 1.53264 9.63500
v -11.42336 1.54736 9.64300
v -11.40864 1.54736 9.64300
v -11.42336 1.53264 9.64300
v -11.40864 1.53264 9.64300
v -11.40864 1.54736 9.63500
v -11.42336 1.54736 9.63500
v -11.40864 1.53264 9.63500
v -11.42336 1.53264 9.63500
v -11.39264 1.54736 9.64300
v -11.39264 1.54736 9.63500
v -11.39264 1.53264 9.64300
v -11.39264 1.53264 9.63500
v -11.40736 1.54736 9.63500
v -11.40736 1.54736 9.64300
v -11.40736 1.53264 9.63500
v -11.40736 1.53264 9.64300
v -11.40736 1.54736 9.63500
v -11.39264 1.54736 9.63500
v -11.40736 1.54736 9.64300
v -11.39264 1.54736 9.64300
v -11.40736 1.53264 9.64300
v -11.39264 1.53264 9.64300
v -11.40736 1.53264 9.63500
v -11.39264 1.53264 9.63500
v -11.40736 1.54736 9.64300
v -11.39264 1.54736 9.64300
v -11.40736 1.53264 9.64300
v -11.39264 1.53264 9.64300
v -11.39264 1.54736 9.63500
v -11.40736 1.54736 9.63500
v -11.39264 1.53264 9.63500
v -11.40736 1.53264 9.63500
v -11.37664 1.54736 9.64300
v -11.37664 1.54736 9.63500
v -11.37664 1.53264 9.64300
v -11.37664 1.53264 9.63500
v -11.39136 1.54736 9.63500
v -11.39136 1.54736 9.64300
v -11.39136 1.53264 9.63500
v -11.39136 1.53264 9.64300
v -11.39136 1.54736 9.63500
v -11.37664 1.54736 9.63500
v -11.39136 1.54736 9.64300
v -11.37664 1.54736 9.64300
v -11.39136 1.53264 9.64300
v -11.37664 1.53264 9.64300
v -11.39136 1.53264 9.63500
v -11.37664 1.53264 9.63500
v -11.39136 1.54736 9.64300
v -11.37664 1.54736 9.64300
v -11.39136 1.53264 9.64300
v -11.37664 1.53264 9.64300
v -11.37664 1.54736 9.63500
v -11.39136 1.54736 9.63500
v -11.37664 1.53264 9.63500
v -11.39136 1.53264 9.63500
v -11.40864 1.53136 9.64300
v -11.40864 1.53136 9.63500
v -11.40864 1.51664 9.64300
v -11.40864 1.51664 9.63500
v -11.42336 1.53136 9.63500
v -11.42336 1.53136 9.64300
v -11.42336 1.51664 9.63500
v -11.42336 1.51664 9.64300
v -11.42336 1.53136 9.63500
v -11.40864 1.53136 9.63500
v -11.42336 1.53136 9.64300
v -11.40864 1.53136 9.64300
v -11.42336 1.51664 9.64300
v -11.40864 1.51664 9.64300
v -11.42336 1.51664 9.63500
v -11.40864 1.51664 9.63500
v -11.42336 1.53136 9.64300
v -11.40864 1.53136 9.64300
v -11.42336 1.51664 9.64300
v -11.40864 1.51664 9.64300
v -11.40864 1.53136 9.63500
v -11.42336 1.53136 9.63500
v -11.40864 1.51664 9.63500
v -11.42336 1.51664 9.63500
v -11.40864 1.51536 9.64300
v -11.40864 1.51536 9.63500
v -11.40864 1.50064 9.64300
v -11.40864 1.50064 9.63500
v -11.42336 1.51536 9.63500
v -11.42336 1.51536 9.64300
v -11.42336 1.50064 9.63500
v -11.42336 1.50064 9.64300
v -11.42336 1.51536 9.63500
v -11.40864 1.51536 9.63500
v -11.42336 1.51536 9.64300
v -11.40864 1.51536 9.64300
v -11.42336 1.50064 9.64300
v -11.40864 1.50064 9.64300
v -11.42336 1.50064 9.63500
v -11.40864 1.50064 9.63500
v -11.42336 1.51536 9.64300
v -11.40864 1.51536 9.64300
v -11.42336 1.50064 9.64300
v -11.40864 1.50064 9.64300
v -11.40864 1.51536 9.63500
v -11.42336 1.51536 9.63500
v -11.40864 1.50064 9.63500
v -11.42336 1.50064 9.63500
v -11.40864 1.49936 9.64300
v -11.40864 1.49936 9.63500
v -11.40864 1.48464 9.64300
v -11.40864 1.48464 9.63500
v -11.42336 1.49936 9.63500
v -11.42336 1.49936 9.64300
v -11.42336 1.48464 9.63500
v -11.42336 1.48464 9.64300
v -11.42336 1.49936 9.63500
v -11.40864 1.49936 9.63500
v -11.42336 1.49936 9.64300
v -11.40864 1.49936 9.64300
v -11.42336 1.48464 9.64300
v -11.40864 1.48464 9.64300
v -11.42336 1.48464 9.63500
v -11.40864 1.48464 9.63500
v -11.42336 1.49936 9.64300
v -11.40864 1.49936 9.64300
v -11.42336 1.48464 9.64300
v -11.40864 1.48464 9.64300
v -11.40864 1.49936 9.63500
v -11.42336 1.49936 9.63500
v -11.40864 1.48464 9.63500
v -11.42336 1.48464 9.63500
v -11.40864 1.48336 9.64300
v -11.40864 1.48336 9.63500
v -11.40864 1.46864 9.64300
v -11.40864 1.46864 9.63500
v -11.42336 1.48336 9.63500
v -11.42336 1.48336 9.64300
v -11.42336 1.46864 9.63500
v -11.42336 1.46864 9.64300
v -11.42336 1.48336 9.63500
v -11.40864 1.48336 9.63500
v -11.42336 1.48336 9.64300
v -11.40864 1.48336 9.64300
v -11.42336 1.46864 9.64300
v -11.40864 1.46864 9.64300
v -11.42336 1.46864 9.63500
v -11.40864 1.46864 9.63500
v -11.42336 1.48336 9.64300
v -11.40864 1.48336 9.64300
v -11.42336 1.46864 9.64300
v -11.40864 1.46864 9.64300
v -11.40864 1.48336 9.63500
v -11.42336 1.48336 9.63500
v -11.40864 1.46864 9.63500
v -11.42336 1.46864 9.63500
v -11.40864 1.46736 9.64300
v -11.40864 1.46736 9.63500
v -11.40864 1.45264 9.64300
v -11.40864 1.45264 9.63500
v -11.42336 1.46736 9.63500
v -11.42336 1.46736 9.64300
v -11.42336 1.45264 9.63500
v -11.42336 1.45264 9.64300
v -11.42336 1.46736 9.63500
v -11.40864 1.46736 9.63500
v -11.42336 1.46736 9.64300
v -11.40864 1.46736 9.64300
v -11.42336 1.45264 9.64300
v -11.40864 1.45264 9.64300
v -11.42336 1.45264 9.63500
v -11.40864 1.45264 9.63500
v -11.42336 1.46736 9.64300
v -11.40864 1.46736 9.64300
v -11.42336 1.45264 9.64300
v -11.40864 1.45264 9.64300
v -11.40864 1.46736 9.63500
v -11.42336 1.46736 9.63500
v -11.40864 1.45264 9.63500
v -11.42336 1.45264 9.63500
v -11.44064 1.45136 9.64300
v -11.44064 1.45136 9.63500
v -11.44064 1.43664 9.64300
v -11.44064 1.43664 9.63500
v -11.45536 1.45136 9.63500
v -11.45536 1.45136 9.64300
v -11.45536 1.43664 9.63500
v -11.45536 1.43664 9.64300
v -11.45536 1.45136 9.63500
v -11.44064 1.45136 9.63500
v -11.45536 1.45136 9.64300
v -11.44064 1.45136 9.64300
v -11.45536 1.43664 9.64300
v -11.44064 1.43664 9.64300
v -11.45536 1.43664 9.63500
v -11.44064 1.43664 9.63500
v -11.45536 1.45136 9.64300
v -11.44064 1.45136 9.64300
v -11.45536 1.43664 9.64300
v -11.44064 1.43664 9.64300
v -11.44064 1.45136 9.63500
v -11.45536 1.45136 9.63500
v -11.44064 1.43664 9.63500
v -11.45536 1.43664 9.63500
v -11.42464 1.45136 9.64300
v -11.42464 1.45136 9.63500
v -11.42464 1.43664 9.64300
v -11.42464 1.43664 9.63500
v -11.43936 1.45136 9.63500
v -11.43936 1.45136 9.64300
v -11.43936 1.43664 9.63500
v -11.43936 1.43664 9.64300
v -11.43936 1.45136 9.63500
v -11.42464 1.45136 9.63500
v -11.43936 1.45136 9.64300
v -11.42464 1.45136 9.64300
v -11.43936 1.43664 9.64300
v -11.42464 1.43664 9.64300
v -11.43936 1.43664 9.63500
v -11.42464 1.43664 9.63500
v -11.43936 1.45136 9.64300
v -11.42464 1.45136 9.64300
v -11.43936 1.43664 9.64300
v -11.42464 1.43664 9.64300
v -11.42464 1.45136 9.63500
v -11.43936 1.45136 9.63500
v -11.42464 1.43664 9.63500
v -11.43936 1.43664 9.63500
v -11.40864 1.45136 9.64300
v -11.40864 1.45136 9.63500
v -11.40864 1.43664 9.64300
v -11.40864 1.43664 9.63500
v -11.42336 1.45136 9.63500
v -11.42336 1.45136 9.64300
v -11.42336 1.43664 9.63500
v -11.42336 1.43664 9.64300
v -11.42336 1.45136 9.63500
v -11.40864 1.45136 9.63500
v -11.42336 1.45136 9.64300
v -11.40864 1.45136 9.64300
v -11.42336 1.43664 9.64300
v -11.40864 1.43664 9.64300
v -11.42336 1.43664 9.63500
v -11.40864 1.43664 9.63500
v -11.42336 1.45136 9.64300
v -11.40864 1.45136 9.64300
v -11.42336 1.43664 9.64300
v -11.40864 1.43664 9.64300
v -11.40864 1.45136 9.63500
v -11.42336 1.45136 9.63500
v -11.40864 1.43664 9.63500
v -11.42336 1.43664 9.63500
v -11.39264 1.45136 9.64300
v -11.39264 1.45136 9.63500
v -11.39264 1.43664 9.64300
v -11.39264 1.43664 9.63500
v -11.40736 1.45136 9.63500
v -11.40736 1.45136 9.64300
v -11.40736 1.43664 9.63500
v -11.40736 1.43664 9.64300
v -11.40736 1.45136 9.63500
v -11.39264 1.45136 9.63500
v -11.40736 1.45136 9.64300
v -11.39264 1.45136 9.64300
v -11.40736 1.43664 9.64300
v -11.39264 1.43664 9.64300
v -11.40736 1.43664 9.63500
v -11.39264 1.43664 9.63500
v -11.40736 1.45136 9.64300
v -11.39264 1.45136 9.64300
v -11.40736 1.43664 9.64300
v -11.39264 1.43664 9.64300
v -11.39264 1.45136 9.63500
v -11.40736 1.45136 9.63500
v -11.39264 1.43664 9.63500
v -11.40736 1.43664 9.63500
v -11.37664 1.45136 9.64300
v -11.37664 1.45136 9.63500
v -11.37664 1.43664 9.64300
v -11.37664 1.43664 9.63500
v -11.39136 1.45136 9.63500
v -11.39136 1.45136 9.64300
v -11.39136 1.43664 9.63500
v -11.39136 1.43664 9.64300
v -11.39136 1.45136 9.63500
v -11.37664 1.45136 9.63500
v -11.39136 1.45136 9.64300
v -11.37664 1.45136 9.64300
v -11.39136 1.43664 9.64300
v -11.37664 1.43664 9.64300
v -11.39136 1.43664 9.63500
v -11.37664 1.43664 9.63500
v -11.39136 1.45136 9.64300
v -11.37664 1.45136 9.64300
v -11.39136 1.43664 9.64300
v -11.37664 1.43664 9.64300
v -11.37664 1.45136 9.63500
v -11.39136 1.45136 9.63500
v -11.37664 1.43664 9.63500
v -11.39136 1.43664 9.63500
v -11.34464 1.54736 9.64300
v -11.34464 1.54736 9.63500
v -11.34464 1.53264 9.64300
v -11.34464 1.53264 9.63500
v -11.35936 1.54736 9.63500
v -11.35936 1.54736 9.64300
v -11.35936 1.53264 9.63500
v -11.35936 1.53264 9.64300
v -11.35936 1.54736 9.63500
v -11.34464 1.54736 9.63500
v -11.35936 1.54736 9.64300
v -11.34464 1.54736 9.64300
v -11.35936 1.53264 9.64300
v -11.34464 1.53264 9.64300
v -11.35936 1.53264 9.63500
v -11.34464 1.53264 9.63500
v -11.35936 1.54736 9.64300
v -11.34464 1.54736 9.64300
v -11.35936 1.53264 9.64300
v -11.34464 1.53264 9.64300
v -11.34464 1.54736 9.63500
v -11.35936 1.54736 9.63500
v -11.34464 1.53264 9.63500
v -11.35936 1.53264 9.63500
v -11.32864 1.54736 9.64300
v -11.32864 1.54736 9.63500
v -11.32864 1.53264 9.64300
v -11.32864 1.53264 9.63500
v -11.34336 1.54736 9.63500
v -11.34336 1.54736 9.64300
v -11.34336 1.53264 9.63500
v -11.34336 1.53264 9.64300
v -11.34336 1.54736 9.63500
v -11.32864 1.54736 9.63500
v -11.34336 1.54736 9.64300
v -11.32864 1.54736 9.64300
v -11.34336 1.53264 9.64300
v -11.32864 1.53264 9.64300
v -11.34336 1.53264 9.63500
v -11.32864 1.53264 9.63500
v -11.34336 1.54736 9.64300
v -11.32864 1.54736 9.64300
v -11.34336 1.53264 9.64300
v -11.32864 1.53264 9.64300
v -11.32864 1.54736 9.63500
v -11.34336 1.54736 9.63500
v -11.32864 1.53264 9.63500
v -11.34336 1.53264 9.63500
v -11.31264 1.54736 9.64300
v -11.31264 1.54736 9.63500
v -11.31264 1.53264 9.64300
v -11.31264 1.53264 9.63500
v -11.32736 1.54736 9.63500
v -11.32736 1.54736 9.64300
v -11.32736 1.53264 9.63500
v -11.32736 1.53264 9.64300
v -11.32736 1.54736 9.63500
v -11.31264 1.54736 9.63500
v -11.32736 1.54736 9.64300
v -11.31264 1.54736 9.64300
v -11.32736 1.53264 9.64300
v -11.31264 1.53264 9.64300
v -11.32736 1.53264 9.63500
v -11.31264 1.53264 9.63500
v -11.32736 1.54736 9.64300
v -11.31264 1.54736 9.64300
v -11.32736 1.53264 9.64300
v -11.31264 1.53264 9.64300
v -11.31264 1.54736 9.63500
v -11.32736 1.54736 9.63500
v -11.31264 1.53264 9.63500
v -11.32736 1.53264 9.63500
v -11.29664 1.54736 9.64300
v -11.29664 1.54736 9.63500
v -11.29664 1.53264 9.64300
v -11.29664 1.53264 9.63500
v -11.31136 1.54736 9.63500
v -11.31136 1.54736 9.64300
v -11.31136 1.53264 9.63500
v -11.31136 1.53264 9.64300
v -11.31136 1.54736 9.63500
v -11.29664 1.54736 9.63500
v -11.31136 1.54736 9.64300
v -11.29664 1.54736 9.64300
v -11.31136 1.53264 9.64300
v -11.29664 1.53264 9.64300
v -11.31136 1.53264 9.63500
v -11.29664 1.53264 9.63500
v -11.31136 1.54736 9.64300
v -11.29664 1.54736 9.64300
v -11.31136 1.53264 9.64300
v -11.29664 1.53264 9.64300
v -11.29664 1.54736 9.63500
v -11.31136 1.54736 9.63500
v -11.29664 1.53264 9.63500
v -11.31136 1.53264 9.63500
v -11.34464 1.53136 9.64300
v -11.34464 1.53136 9.63500
v -11.34464 1.51664 9.64300
v -11.34464 1.51664 9.63500
v -11.35936 1.53136 9.63500
v -11.35936 1.53136 9.64300
v -11.35936 1.51664 9.63500
v -11.35936 1.51664 9.64300
v -11.35936 1.53136 9.63500
v -11.34464 1.53136 9.63500
v -11.35936 1.53136 9.64300
v -11.34464 1.53136 9.64300
v -11.35936 1.51664 9.64300
v -11.34464 1.51664 9.64300
v -11.35936 1.51664 9.63500
v -11.34464 1.51664 9.63500
v -11.35936 1.53136 9.64300
v -11.34464 1.53136 9.64300
v -11.35936 1.51664 9.64300
v -11.34464 1.51664 9.64300
v -11.34464 1.53136 9.63500
v -11.35936 1.53136 9.63500
v -11.34464 1.51664 9.63500
v -11.35936 1.51664 9.63500
v -11.28064 1.53136 9.64300
v -11.28064 1.53136 9.63500
v -11.28064 1.51664 9.64300
v -11.28064 1.51664 9.63500
v -11.29536 1.53136 9.63500
v -11.29536 1.53136 9.64300
v -11.29536 1.51664 9.63500
v -11.29536 1.51664 9.64300
v -11.29536 1.53136 9.63500
v -11.28064 1.53136 9.63500
v -11.29536 1.53136 9.64300
v -11.28064 1.53136 9.64300
v -11.29536 1.51664 9.64300
v -11.28064 1.51664 9.64300
v -11.29536 1.51664 9.63500
v -11.28064 1.51664 9.63500
v -11.29536 1.53136 9.64300
v -11.28064 1.53136 9.64300
v -11.29536 1.51664 9.64300
v -11.28064 1.51664 9.64300
v -11.28064 1.53136 9.63500
v -11.29536 1.53136 9.63500
v -11.28064 1.51664 9.63500
v -11.29536 1.51664 9.63500
v -11.34464 1.51536 9.64300
v -11.34464 1.51536 9.63500
v -11.34464 1.50064 9.64300
v -11.34464 1.50064 9.63500
v -11.35936 1.51536 9.63500
v -11.35936 1.51536 9.64300
v -11.35936 1.50064 9.63500
v -11.35936 1.50064 9.64300
v -11.35936 1.51536 9.63500
v -11.34464 1.51536 9.63500
v -11.35936 1.51536 9.64300
v -11.34464 1.51536 9.64300
v -11.35936 1.50064 9.64300
v -11.34464 1.50064 9.64300
v -11.35936 1.50064 9.63500
v -11.34464 1.50064 9.63500
v -11.35936 1.51536 9.64300
v -11.34464 1.51536 9.64300
v -11.35936 1.50064 9.64300
v -11.34464 1.50064 9.64300
v -11.34464 1.51536 9.63500
v -11.35936 1.51536 9.63500
v -11.34464 1.50064 9.63500
v -11.35936 1.50064 9.63500
v -11.28064 1.51536 9.64300
v -11.28064 1.51536 9.63500
v -11.28064 1.50064 9.64300
v -11.28064 1.50064 9.63500
v -11.29536 1.51536 9.63500
v -11.29536 1.51536 9.64300
v -11.29536 1.50064 9.63500
v -11.29536 1.50064 9.64300
v -11.29536 1.51536 9.63500
v -11.28064 1.51536 9.63500
v -11.29536 1.51536 9.64300
v -11.28064 1.51536 9.64300
v -11.29536 1.50064 9.64300
v -11.28064 1.50064 9.64300
v -11.29536 1.50064 9.63500
v -11.28064 1.50064 9.63500
v -11.29536 1.51536 9.64300
v -11.28064 1.51536 9.64300
v -11.29536 1.50064 9.64300
v -11.28064 1.50064 9.64300
v -11.28064 1.51536 9.63500
v -11.29536 1.51536 9.63500
v -11.28064 1.50064 9.63500
v -11.29536 1.50064 9.63500
v -11.34464 1.49936 9.64300
v -11.34464 1.49936 9.63500
v -11.34464 1.48464 9.64300
v -11.34464 1.48464 9.63500
v -11.35936 1.49936 9.63500
v -11.35936 1.49936 9.64300
v -11.35936 1.48464 9.63500
v -11.35936 1.48464 9.64300
v -11.35936 1.49936 9.63500
v -11.34464 1.49936 9.63500
v -11.35936 1.49936 9.64300
v -11.34464 1.49936 9.64300
v -11.35936 1.48464 9.64300
v -11.34464 1.48464 9.64300
v -11.35936 1.48464 9.63500
v -11.34464 1.48464 9.63500
v -11.35936 1.49936 9.64300
v -11.34464 1.49936 9.64300
v -11.35936 1.48464 9.64300
v -11.34464 1.48464 9.64300
v -11.34464 1.49936 9.63500
v -11.35936 1.49936 9.63500
v -11.34464 1.48464 9.63500
v -11.35936 1.48464 9.63500
v -11.32864 1.49936 9.64300
v -11.32864 1.49936 9.63500
v -11.32864 1.48464 9.64300
v -11.32864 1.48464 9.63500
v -11.34336 1.49936 9.63500
v -11.34336 1.49936 9.64300
v -11.34336 1.48464 9.63500
v -11.34336 1.48464 9.64300
v -11.34336 1.49936 9.63500
v -11.32864 1.49936 9.63500
v -11.34336 1.49936 9.64300
v -11.32864 1.49936 9.64300
v -11.34336 1.48464 9.64300
v -11.32864 1.48464 9.64300
v -11.34336 1.48464 9.63500
v -11.32864 1.48464 9.63500
v -11.34336 1.49936 9.64300
v -11.32864 1.49936 9.64300
v -11.34336 1.48464 9.64300
v -11.32864 1.48464 9.64300
v -11.32864 1.49936 9.63500
v -11.34336 1.49936 9.63500
v -11.32864 1.48464 9.63500
v -11.34336 1.48464 9.63500
v -11.31264 1.49936 9.64300
v -11.31264 1.49936 9.63500
v -11.31264 1.48464 9.64300
v -11.31264 1.48464 9.63500
v -11.32736 1.49936 9.63500
v -11.32736 1.49936 9.64300
v -11.32736 1.48464 9.63500
v -11.32736 1.48464 9.64300
v -11.32736 1.49936 9.63500
v -11.31264 1.49936 9.63500
v -11.32736 1.49936 9.64300
v -11.31264 1.49936 9.64300
v -11.32736 1.48464 9.64300
v -11.31264 1.48464 9.64300
v -11.32736 1.48464 9.63500
v -11.31264 1.48464 9.63500
v -11.32736 1.49936 9.64300
v -11.31264 1.49936 9.64300
v -11.32736 1.48464 9.64300
v -11.31264 1.48464 9.64300
v -11.31264 1.49936 9.63500
v -11.32736 1.49936 9.63500
v -11.31264 1.48464 9.63500
v -11.32736 1.48464 9.63500
v -11.29664 1.49936 9.64300
v -11.29664 1.49936 9.63500
v -11.29664 1.48464 9.64300
v -11.29664 1.48464 9.63500
v -11.31136 1.49936 9.63500
v -11.31136 1.49936 9.64300
v -11.31136 1.48464 9.63500
v -11.31136 1.48464 9.64300
v -11.31136 1.49936 9.63500
v -11.29664 1.49936 9.63500
v -11.31136 1.49936 9.64300
v -11.29664 1.49936 9.64300
v -11.31136 1.48464 9.64300
v -11.29664 1.48464 9.64300
v -11.31136 1.48464 9.63500
v -11.29664 1.48464 9.63500
v -11.31136 1.49936 9.64300
v -11.29664 1.49936 9.64300
v -11.31136 1.48464 9.64300
v -11.29664 1.48464 9.64300
v -11.29664 1.49936 9.63500
v -11.31136 1.49936 9.63500
v -11.29664 1.48464 9.63500
v -11.31136 1.48464 9.63500
v -11.34464 1.48336 9.64300
v -11.34464 1.48336 9.63500
v -11.34464 1.46864 9.64300
v -11.34464 1.46864 9.63500
v -11.35936 1.48336 9.63500
v -11.35936 1.48336 9.64300
v -11.35936 1.46864 9.63500
v -11.35936 1.46864 9.64300
v -11.35936 1.48336 9.63500
v -11.34464 1.48336 9.63500
v -11.35936 1.48336 9.64300
v -11.34464 1.48336 9.64300
v -11.35936 1.46864 9.64300
v -11.34464 1.46864 9.64300
v -11.35936 1.46864 9.63500
v -11.34464 1.46864 9.63500
v -11.35936 1.48336 9.64300
v -11.34464 1.48336 9.64300
v -11.35936 1.46864 9.64300
v -11.34464 1.46864 9.64300
v -11.34464 1.48336 9.63500
v -11.35936 1.48336 9.63500
v -11.34464 1.46864 9.63500
v -11.35936 1.46864 9.63500
v -11.31264 1.48336 9.64300
v -11.31264 1.48336 9.63500
v -11.31264 1.46864 9.64300
v -11.31264 1.46864 9.63500
v -11.32736 1.48336 9.63500
v -11.32736 1.48336 9.64300
v -11.32736 1.46864 9.63500
v -11.32736 1.46864 9.64300
v -11.32736 1.48336 9.63500
v -11.31264 1.48336 9.63500
v -11.32736 1.48336 9.64300
v -11.31264 1.48336 9.64300
v -11.32736 1.46864 9.64300
v -11.31264 1.46864 9.64300
v -11.32736 1.46864 9.63500
v -11.31264 1.46864 9.63500
v -11.32736 1.48336 9.64300
v -11.31264 1.48336 9.64300
v -11.32736 1.46864 9.64300
v -11.31264 1.46864 9.64300
v -11.31264 1.48336 9.63500
v -11.32736 1.48336 9.63500
v -11.31264 1.46864 9.63500
v -11.32736 1.46864 9.63500
v -11.34464 1.46736 9.64300
v -11.34464 1.46736 9.63500
v -11.34464 1.45264 9.64300
v -11.34464 1.45264 9.63500
v -11.35936 1.46736 9.63500
v -11.35936 1.46736 9.64300
v -11.35936 1.45264 9.63500
v -11.35936 1.45264 9.64300
v -11.35936 1.46736 9.63500
v -11.34464 1.46736 9.63500
v -11.35936 1.46736 9.64300
v -11.34464 1.46736 9.64300
v -11.35936 1.45264 9.64300
v -11.34464 1.45264 9.64300
v -11.35936 1.45264 9.63500
v -11.34464 1.45264 9.63500
v -11.35936 1.46736 9.64300
v -11.34464 1.46736 9.64300
v -11.35936 1.45264 9.64300
v -11.34464 1.45264 9.64300
v -11.34464 1.46736 9.63500
v -11.35936 1.46736 9.63500
v -11.34464 1.45264 9.63500
v -11.35936 1.45264 9.63500
v -11.29664 1.46736 9.64300
v -11.29664 1.46736 9.63500
v -11.29664 1.45264 9.64300
v -11.29664 1.45264 9.63500
v -11.31136 1.46736 9.63500
v -11.31136 1.46736 9.64300
v -11.31136 1.45264 9.63500
v -11.31136 1.45264 9.64300
v -11.31136 1.46736 9.63500
v -11.29664 1.46736 9.63500
v -11.31136 1.46736 9.64300
v -11.29664 1.46736 9.64300
v -11.31136 1.45264 9.64300
v -11.29664 1.45264 9.64300
v -11.31136 1.45264 9.63500
v -11.29664 1.45264 9.63500
v -11.31136 1.46736 9.64300
v -11.29664 1.46736 9.64300
v -11.31136 1.45264 9.64300
v -11.29664 1.45264 9.64300
v -11.29664 1.46736 9.63500
v -11.31136 1.46736 9.63500
v -11.29664 1.45264 9.63500
v -11.31136 1.45264 9.63500
v -11.34464 1.45136 9.64300
v -11.34464 1.45136 9.63500
v -11.34464 1.43664 9.64300
v -11.34464 1.43664 9.63500
v -11.35936 1.45136 9.63500
v -11.35936 1.45136 9.64300
v -11.35936 1.43664 9.63500
v -11.35936 1.43664 9.64300
v -11.35936 1.45136 9.63500
v -11.34464 1.45136 9.63500
v -11.35936 1.45136 9.64300
v -11.34464 1.45136 9.64300
v -11.35936 1.43664 9.64300
v -11.34464 1.43664 9.64300
v -11.35936 1.43664 9.63500
v -11.34464 1.43664 9.63500
v -11.35936 1.45136 9.64300
v -11.34464 1.45136 9.64300
v -11.35936 1.43664 9.64300
v -11.34464 1.43664 9.64300
v -11.34464 1.45136 9.63500
v -11.35936 1.45136 9.63500
v -11.34464 1.43664 9.63500
v -11.35936 1.43664 9.63500
v -11.28064 1.45136 9.64300
v -11.28064 1.45136 9.63500
v -11.28064 1.43664 9.64300
v -11.28064 1.43664 9.63500
v -11.29536 1.45136 9.63500
v -11.29536 1.45136 9.64300
v -11.29536 1.43664 9.63500
v -11.29536 1.43664 9.64300
v -11.29536 1.45136 9.63500
v -11.28064 1.45136 9.63500
v -11.29536 1.45136 9.64300
v -11.28064 1.45136 9.64300
v -11.29536 1.43664 9.64300
v -11.28064 1.43664 9.64300
v -11.29536 1.43664 9.63500
v -11.28064 1.43664 9.63500
v -11.29536 1.45136 9.64300
v -11.28064 1.45136 9.64300
v -11.29536 1.43664 9.64300
v -11.28064 1.43664 9.64300
v -11.28064 1.45136 9.63500
v -11.29536 1.45136 9.63500
v -11.28064 1.43664 9.63500
v -11.29536 1.43664 9.63500
v -11.24864 1.54736 9.64300
v -11.24864 1.54736 9.63500
v -11.24864 1.53264 9.64300
v -11.24864 1.53264 9.63500
v -11.26336 1.54736 9.63500
v -11.26336 1.54736 9.64300
v -11.26336 1.53264 9.63500
v -11.26336 1.53264 9.64300
v -11.26336 1.54736 9.63500
v -11.24864 1.54736 9.63500
v -11.26336 1.54736 9.64300
v -11.24864 1.54736 9.64300
v -11.26336 1.53264 9.64300
v -11.24864 1.53264 9.64300
v -11.26336 1.53264 9.63500
v -11.24864 1.53264 9.63500
v -11.26336 1.54736 9.64300
v -11.24864 1.54736 9.64300
v -11.26336 1.53264 9.64300
v -11.24864 1.53264 9.64300
v -11.24864 1.54736 9.63500
v -11.26336 1.54736 9.63500
v -11.24864 1.53264 9.63500
v -11.26336 1.53264 9.63500
v -11.23264 1.54736 9.64300
v -11.23264 1.54736 9.63500
v -11.23264 1.53264 9.64300
v -11.23264 1.53264 9.63500
v -11.24736 1.54736 9.63500
v -11.24736 1.54736 9.64300
v -11.24736 1.53264 9.63500
v -11.24736 1.53264 9.64300
v -11.24736 1.54736 9.63500
v -11.23264 1.54736 9.63500
v -11.24736 1.54736 9.64300
v -11.23264 1.54736 9.64300
v -11.24736 1.53264 9.64300
v -11.23264 1.53264 9.64300
v -11.24736 1.53264 9.63500
v -11.23264 1.53264 9.63500
v -11.24736 1.54736 9.64300
v -11.23264 1.54736 9.64300
v -11.24736 1.53264 9.64300
v -11.23264 1.53264 9.64300
v -11.23264 1.54736 9.63500
v -11.24736 1.54736 9.63500
v -11.23264 1.53264 9.63500
v -11.24736 1.53264 9.63500
v -11.21664 1.54736 9.64300
v -11.21664 1.54736 9.63500
v -11.21664 1.53264 9.64300
v -11.21664 1.53264 9.63500
v -11.23136 1.54736 9.63500
v -11.23136 1.54736 9.64300
v -11.23136 1.53264 9.63500
v -11.23136 1.53264 9.64300
v -11.23136 1.54736 9.63500
v -11.21664 1.54736 9.63500
v -11.23136 1.54736 9.64300
v -11.21664 1.54736 9.64300
v -11.23136 1.53264 9.64300
v -11.21664 1.53264 9.64300
v -11.23136 1.53264 9.63500
v -11.21664 1.53264 9.63500
v -11.23136 1.54736 9.64300
v -11.21664 1.54736 9.64300
v -11.23136 1.53264 9.64300
v -11.21664 1.53264 9.64300
v -11.21664 1.54736 9.63500
v -11.23136 1.54736 9.63500
v -11.21664 1.53264 9.63500
v -11.23136 1.53264 9.63500
v -11.20064 1.54736 9.64300
v -11.20064 1.54736 9.63500
v -11.20064 1.53264 9.64300
v -11.20064 1.53264 9.63500
v -11.21536 1.54736 9.63500
v -11.21536 1.54736 9.64300
v -11.21536 1.53264 9.63500
v -11.21536 1.53264 9.64300
v -11.21536 1.54736 9.63500
v -11.20064 1.54736 9.63500
v -11.21536 1.54736 9.64300
v -11.20064 1.54736 9.64300
v -11.21536 1.53264 9.64300
v -11.20064 1.53264 9.64300
v -11.21536 1.53264 9.63500
v -11.20064 1.53264 9.63500
v -11.21536 1.54736 9.64300
v -11.20064 1.54736 9.64300
v -11.21536 1.53264 9.64300
v -11.20064 1.53264 9.64300
v -11.20064 1.54736 9.63500
v -11.21536 1.54736 9.63500
v -11.20064 1.53264 9.63500
v -11.21536 1.53264 9.63500
v -11.18464 1.54736 9.64300
v -11.18464 1.54736 9.63500
v -11.18464 1.53264 9.64300
v -11.18464 1.53264 9.63500
v -11.19936 1.54736 9.63500
v -11.19936 1.54736 9.64300
v -11.19936 1.53264 9.63500
v -11.19936 1.53264 9.64300
v -11.19936 1.54736 9.63500
v -11.18464 1.54736 9.63500
v -11.19936 1.54736 9.64300
v -11.18464 1.54736 9.64300
v -11.19936 1.53264 9.64300
v -11.18464 1.53264 9.64300
v -11.19936 1.53264 9.63500
v -11.18464 1.53264 9.63500
v -11.19936 1.54736 9.64300
v -11.18464 1.54736 9.64300
v -11.19936 1.53264 9.64300
v -11.18464 1.53264 9.64300
v -11.18464 1.54736 9.63500
v -11.19936 1.54736 9.63500
v -11.18464 1.53264 9.63500
v -11.19936 1.53264 9.63500
v -11.24864 1.53136 9.64300
v -11.24864 1.53136 9.63500
v -11.24864 1.51664 9.64300
v -11.24864 1.51664 9.63500
v -11.26336 1.53136 9.63500
v -11.26336 1.53136 9.64300
v -11.26336 1.51664 9.63500
v -11.26336 1.51664 9.64300
v -11.26336 1.53136 9.63500
v -11.24864 1.53136 9.63500
v -11.26336 1.53136 9.64300
v -11.24864 1.53136 9.64300
v -11.26336 1.51664 9.64300
v -11.24864 1.51664 9.64300
v -11.26336 1.51664 9.63500
v -11.24864 1.51664 9.63500
v -11.26336 1.53136 9.64300
v -11.24864 1.53136 9.64300
v -11.26336 1.51664 9.64300
v -11.24864 1.51664 9.64300
v -11.24864 1.53136 9.63500
v -11.26336 1.53136 9.63500
v -11.24864 1.51664 9.63500
v -11.26336 1.51664 9.63500
v -11.24864 1.51536 9.64300
v -11.24864 1.51536 9.63500
v -11.24864 1.50064 9.64300
v -11.24864 1.50064 9.63500
v -11.26336 1.51536 9.63500
v -11.26336 1.51536 9.64300
v -11.26336 1.50064 9.63500
v -11.26336 1.50064 9.64300
v -11.26336 1.51536 9.63500
v -11.24864 1.51536 9.63500
v -11.26336 1.51536 9.64300
v -11.24864 1.51536 9.64300
v -11.26336 1.50064 9.64300
v -11.24864 1.50064 9.64300
v -11.26336 1.50064 9.63500
v -11.24864 1.50064 9.63500
v -11.26336 1.51536 9.64300
v -11.24864 1.51536 9.64300
v -11.26336 1.50064 9.64300
v -11.24864 1.50064 9.64300
v -11.24864 1.51536 9.63500
v -11.26336 1.51536 9.63500
v -11.24864 1.50064 9.63500
v -11.26336 1.50064 9.63500
v -11.24864 1.49936 9.64300
v -11.24864 1.49936 9.63500
v -11.24864 1.48464 9.64300
v -11.24864 1.48464 9.63500
v -11.26336 1.49936 9.63500
v -11.26336 1.49936 9.64300
v -11.26336 1.48464 9.63500
v -11.26336 1.48464 9.64300
v -11.26336 1.49936 9.63500
v -11.24864 1.49936 9.63500
v -11.26336 1.49936 9.64300
v -11.24864 1.49936 9.64300
v -11.26336 1.48464 9.64300
v -11.24864 1.48464 9.64300
v -11.26336 1.48464 9.63500
v -11.24864 1.48464 9.63500
v -11.26336 1.49936 9.64300
v -11.24864 1.49936 9.64300
v -11.26336 1.48464 9.64300
v -11.24864 1.48464 9.64300
v -11.24864 1.49936 9.63500
v -11.26336 1.49936 9.63500
v -11.24864 1.48464 9.63500
v -11.26336 1.48464 9.63500
v -11.23264 1.49936 9.64300
v -11.23264 1.49936 9.63500
v -11.23264 1.48464 9.64300
v -11.23264 1.48464 9.63500
v -11.24736 1.49936 9.63500
v -11.24736 1.49936 9.64300
v -11.24736 1.48464 9.63500
v -11.24736 1.48464 9.64300
v -11.24736 1.49936 9.63500
v -11.23264 1.49936 9.63500
v -11.24736 1.49936 9.64300
v -11.23264 1.49936 9.64300
v -11.24736 1.48464 9.64300
v -11.23264 1.48464 9.64300
v -11.24736 1.48464 9.63500
v -11.23264 1.48464 9.63500
v -11.24736 1.49936 9.64300
v -11.23264 1.49936 9.64300
v -11.24736 1.48464 9.64300
v -11.23264 1.48464 9.64300
v -11.23264 1.49936 9.63500
v -11.24736 1.49936 9.63500
v -11.23264 1.48464 9.63500
v -11.24736 1.48464 9.63500
v -11.21664 1.49936 9.64300
v -11.21664 1.49936 9.63500
v -11.21664 1.48464 9.64300
v -11.21664 1.48464 9.63500
v -11.23136 1.49936 9.63500
v -11.23136 1.49936 9.64300
v -11.23136 1.48464 9.63500
v -11.23136 1.48464 9.64300
v -11.23136 1.49936 9.63500
v -11.21664 1.49936 9.63500
v -11.23136 1.49936 9.64300
v -11.21664 1.49936 9.64300
v -11.23136 1.48464 9.64300
v -11.21664 1.48464 9.64300
v -11.23136 1.48464 9.63500
v -11.21664 1.48464 9.63500
v -11.23136 1.49936 9.64300
v -11.21664 1.49936 9.64300
v -11.23136 1.48464 9.64300
v -11.21664 1.48464 9.64300
v -11.21664 1.49936 9.63500
v -11.23136 1.49936 9.63500
v -11.21664 1.48464 9.63500
v -11.23136 1.48464 9.63500
v -11.20064 1.49936 9.64300
v -11.20064 1.49936 9.63500
v -11.20064 1.48464 9.64300
v -11.20064 1.48464 9.63500
v -11.21536 1.49936 9.63500
v -11.21536 1.49936 9.64300
v -11.21536 1.48464 9.63500
v -11.21536 1.48464 9.64300
v -11.21536 1.49936 9.63500
v -11.20064 1.49936 9.63500
v -11.21536 1.49936 9.64300
v -11.20064 1.49936 9.64300
v -11.21536 1.48464 9.64300
v -11.20064 1.48464 9.64300
v -11.21536 1.48464 9.63500
v -11.20064 1.48464 9.63500
v -11.21536 1.49936 9.64300
v -11.20064 1.49936 9.64300
v -11.21536 1.48464 9.64300
v -11.20064 1.48464 9.64300
v -11.20064 1.49936 9.63500
v -11.21536 1.49936 9.63500
v -11.20064 1.48464 9.63500
v -11.21536 1.48464 9.63500
v -11.24864 1.48336 9.64300
v -11.24864 1.48336 9.63500
v -11.24864 1.46864 9.64300
v -11.24864 1.46864 9.63500
v -11.26336 1.48336 9.63500
v -11.26336 1.48336 9.64300
v -11.26336 1.46864 9.63500
v -11.26336 1.46864 9.64300
v -11.26336 1.48336 9.63500
v -11.24864 1.48336 9.63500
v -11.26336 1.48336 9.64300
v -11.24864 1.48336 9.64300
v -11.26336 1.46864 9.64300
v -11.24864 1.46864 9.64300
v -11.26336 1.46864 9.63500
v -11.24864 1.46864 9.63500
v -11.26336 1.48336 9.64300
v -11.24864 1.48336 9.64300
v -11.26336 1.46864 9.64300
v -11.24864 1.46864 9.64300
v -11.24864 1.48336 9.63500
v -11.26336 1.48336 9.63500
v -11.24864 1.46864 9.63500
v -11.26336 1.46864 9.63500
v -11.24864 1.46736 9.64300
v -11.24864 1.46736 9.63500
v -11.24864 1.45264 9.64300
v -11.24864 1.45264 9.63500
v -11.26336 1.46736 9.63500
v -11.26336 1.46736 9.64300
v -11.26336 1.45264 9.63500
v -11.26336 1.45264 9.64300
v -11.26336 1.46736 9.63500
v -11.24864 1.46736 9.63500
v -11.26336 1.46736 9.64300
v -11.24864 1.46736 9.64300
v -11.26336 1.45264 9.64300
v -11.24864 1.45264 9.64300
v -11.26336 1.45264 9.63500
v -11.24864 1.45264 9.63500
v -11.26336 1.46736 9.64300
v -11.24864 1.46736 9.64300
v -11.26336 1.45264 9.64300
v -11.24864 1.45264 9.64300
v -11.24864 1.46736 9.63500
v -11.26336 1.46736 9.63500
v -11.24864 1.45264 9.63500
v -11.26336 1.45264 9.63500
v -11.24864 1.45136 9.64300
v -11.24864 1.45136 9.63500
v -11.24864 1.43664 9.64300
v -11.24864 1.43664 9.63500
v -11.26336 1.45136 9.63500
v -11.26336 1.45136 9.64300
v -11.26336 1.43664 9.63500
v -11.26336 1.43664 9.64300
v -11.26336 1.45136 9.63500
v -11.24864 1.45136 9.63500
v -11.26336 1.45136 9.64300
v -11.24864 1.45136 9.64300
v -11.26336 1.43664 9.64300
v -11.24864 1.43664 9.64300
v -11.26336 1.43664 9.63500
v -11.24864 1.43664 9.63500
v -11.26336 1.45136 9.64300
v -11.24864 1.45136 9.64300
v -11.26336 1.43664 9.64300
v -11.24864 1.43664 9.64300
v -11.24864 1.45136 9.63500
v -11.26336 1.45136 9.63500
v -11.24864 1.43664 9.63500
v -11.26336 1.43664 9.63500
v -11.23264 1.45136 9.64300
v -11.23264 1.45136 9.63500
v -11.23264 1.43664 9.64300
v -11.23264 1.43664 9.63500
v -11.24736 1.45136 9.63500
v -11.24736 1.45136 9.64300
v -11.24736 1.43664 9.63500
v -11.24736 1.43664 9.64300
v -11.24736 1.45136 9.63500
v -11.23264 1.45136 9.63500
v -11.24736 1.45136 9.64300
v -11.23264 1.45136 9.64300
v -11.24736 1.43664 9.64300
v -11.23264 1.43664 9.64300
v -11.24736 1.43664 9.63500
v -11.23264 1.43664 9.63500
v -11.24736 1.45136 9.64300
v -11.23264 1.45136 9.64300
v -11.24736 1.43664 9.64300
v -11.23264 1.43664 9.64300
v -11.23264 1.45136 9.63500
v -11.24736 1.45136 9.63500
v -11.23264 1.43664 9.63500
v -11.24736 1.43664 9.63500
v -11.21664 1.45136 9.64300
v -11.21664 1.45136 9.63500
v -11.21664 1.43664 9.64300
v -11.21664 1.43664 9.63500
v -11.23136 1.45136 9.63500
v -11.23136 1.45136 9.64300
v -11.23136 1.43664 9.63500
v -11.23136 1.43664 9.64300
v -11.23136 1.45136 9.63500
v -11.21664 1.45136 9.63500
v -11.23136 1.45136 9.64300
v -11.21664 1.45136 9.64300
v -11.23136 1.43664 9.64300
v -11.21664 1.43664 9.64300
v -11.23136 1.43664 9.63500
v -11.21664 1.43664 9.63500
v -11.23136 1.45136 9.64300
v -11.21664 1.45136 9.64300
v -11.23136 1.43664 9.64300
v -11.21664 1.43664 9.64300
v -11.21664 1.45136 9.63500
v -11.23136 1.45136 9.63500
v -11.21664 1.43664 9.63500
v -11.23136 1.43664 9.63500
v -11.20064 1.45136 9.64300
v -11.20064 1.45136 9.63500
v -11.20064 1.43664 9.64300
v -11.20064 1.43664 9.63500
v -11.21536 1.45136 9.63500
v -11.21536 1.45136 9.64300
v -11.21536 1.43664 9.63500
v -11.21536 1.43664 9.64300
v -11.21536 1.45136 9.63500
v -11.20064 1.45136 9.63500
v -11.21536 1.45136 9.64300
v -11.20064 1.45136 9.64300
v -11.21536 1.43664 9.64300
v -11.20064 1.43664 9.64300
v -11.21536 1.43664 9.63500
v -11.20064 1.43664 9.63500
v -11.21536 1.45136 9.64300
v -11.20064 1.45136 9.64300
v -11.21536 1.43664 9.64300
v -11.20064 1.43664 9.64300
v -11.20064 1.45136 9.63500
v -11.21536 1.45136 9.63500
v -11.20064 1.43664 9.63500
v -11.21536 1.43664 9.63500
v -11.18464 1.45136 9.64300
v -11.18464 1.45136 9.63500
v -11.18464 1.43664 9.64300
v -11.18464 1.43664 9.63500
v -11.19936 1.45136 9.63500
v -11.19936 1.45136 9.64300
v -11.19936 1.43664 9.63500
v -11.19936 1.43664 9.64300
v -11.19936 1.45136 9.63500
v -11.18464 1.45136 9.63500
v -11.19936 1.45136 9.64300
v -11.18464 1.45136 9.64300
v -11.19936 1.43664 9.64300
v -11.18464 1.43664 9.64300
v -11.19936 1.43664 9.63500
v -11.18464 1.43664 9.63500
v -11.19936 1.45136 9.64300
v -11.18464 1.45136 9.64300
v -11.19936 1.43664 9.64300
v -11.18464 1.43664 9.64300
v -11.18464 1.45136 9.63500
v -11.19936 1.45136 9.63500
v -11.18464 1.43664 9.63500
v -11.19936 1.43664 9.63500
v -11.05664 1.54736 9.64300
v -11.05664 1.54736 9.63500
v -11.05664 1.53264 9.64300
v -11.05664 1.53264 9.63500
v -11.07136 1.54736 9.63500
v -11.07136 1.54736 9.64300
v -11.07136 1.53264 9.63500
v -11.07136 1.53264 9.64300
v -11.07136 1.54736 9.63500
v -11.05664 1.54736 9.63500
v -11.07136 1.54736 9.64300
v -11.05664 1.54736 9.64300
v -11.07136 1.53264 9.64300
v -11.05664 1.53264 9.64300
v -11.07136 1.53264 9.63500
v -11.05664 1.53264 9.63500
v -11.07136 1.54736 9.64300
v -11.05664 1.54736 9.64300
v -11.07136 1.53264 9.64300
v -11.05664 1.53264 9.64300
v -11.05664 1.54736 9.63500
v -11.07136 1.54736 9.63500
v -11.05664 1.53264 9.63500
v -11.07136 1.53264 9.63500
v -11.04064 1.54736 9.64300
v -11.04064 1.54736 9.63500
v -11.04064 1.53264 9.64300
v -11.04064 1.53264 9.63500
v -11.05536 1.54736 9.63500
v -11.05536 1.54736 9.64300
v -11.05536 1.53264 9.63500
v -11.05536 1.53264 9.64300
v -11.05536 1.54736 9.63500
v -11.04064 1.54736 9.63500
v -11.05536 1.54736 9.64300
v -11.04064 1.54736 9.64300
v -11.05536 1.53264 9.64300
v -11.04064 1.53264 9.64300
v -11.05536 1.53264 9.63500
v -11.04064 1.53264 9.63500
v -11.05536 1.54736 9.64300
v -11.04064 1.54736 9.64300
v -11.05536 1.53264 9.64300
v -11.04064 1.53264 9.64300
v -11.04064 1.54736 9.63500
v -11.05536 1.54736 9.63500
v -11.04064 1.53264 9.63500
v -11.05536 1.53264 9.63500
v -11.02464 1.54736 9.64300
v -11.02464 1.54736 9.63500
v -11.02464 1.53264 9.64300
v -11.02464 1.53264 9.63500
v -11.03936 1.54736 9.63500
v -11.03936 1.54736 9.64300
v -11.03936 1.53264 9.63500
v -11.03936 1.53264 9.64300
v -11.03936 1.54736 9.63500
v -11.02464 1.54736 9.63500
v -11.03936 1.54736 9.64300
v -11.02464 1.54736 9.64300
v -11.03936 1.53264 9.64300
v -11.02464 1.53264 9.64300
v -11.03936 1.53264 9.63500
v -11.02464 1.53264 9.63500
v -11.03936 1.54736 9.64300
v -11.02464 1.54736 9.64300
v -11.03936 1.53264 9.64300
v -11.02464 1.53264 9.64300
v -11.02464 1.54736 9.63500
v -11.03936 1.54736 9.63500
v -11.02464 1.53264 9.63500
v -11.03936 1.53264 9.63500
v -11.00864 1.54736 9.64300
v -11.00864 1.54736 9.63500
v -11.00864 1.53264 9.64300
v -11.00864 1.53264 9.63500
v -11.02336 1.54736 9.63500
v -11.02336 1.54736 9.64300
v -11.02336 1.53264 9.63500
v -11.02336 1.53264 9.64300
v -11.02336 1.54736 9.63500
v -11.00864 1.54736 9.63500
v -11.02336 1.54736 9.64300
v -11.00864 1.54736 9.64300
v -11.02336 1.53264 9.64300
v -11.00864 1.53264 9.64300
v -11.02336 1.53264 9.63500
v -11.00864 1.53264 9.63500
v -11.02336 1.54736 9.64300
v -11.00864 1.54736 9.64300
v -11.02336 1.53264 9.64300
v -11.00864 1.53264 9.64300
v -11.00864 1.54736 9.63500
v -11.02336 1.54736 9.63500
v -11.00864 1.53264 9.63500
v -11.02336 1.53264 9.63500
v -11.05664 1.53136 9.64300
v -11.05664 1.53136 9.63500
v -11.05664 1.51664 9.64300
v -11.05664 1.51664 9.63500
v -11.07136 1.53136 9.63500
v -11.07136 1.53136 9.64300
v -11.07136 1.51664 9.63500
v -11.07136 1.51664 9.64300
v -11.07136 1.53136 9.63500
v -11.05664 1.53136 9.63500
v -11.07136 1.53136 9.64300
v -11.05664 1.53136 9.64300
v -11.07136 1.51664 9.64300
v -11.05664 1.51664 9.64300
v -11.07136 1.51664 9.63500
v -11.05664 1.51664 9.63500
v -11.07136 1.53136 9.64300
v -11.05664 1.53136 9.64300
v -11.07136 1.51664 9.64300
v -11.05664 1.51664 9.64300
v -11.05664 1.53136 9.63500
v -11.07136 1.53136 9.63500
v -11.05664 1.51664 9.63500
v -11.07136 1.51664 9.63500
v -10.99264 1.53136 9.64300
v -10.99264 1.53136 9.63500
v -10.99264 1.51664 9.64300
v -10.99264 1.51664 9.63500
v -11.00736 1.53136 9.63500
v -11.00736 1.53136 9.64300
v -11.00736 1.51664 9.63500
v -11.00736 1.51664 9.64300
v -11.00736 1.53136 9.63500
v -10.99264 1.53136 9.63500
v -11.00736 1.53136 9.64300
v -10.99264 1.53136 9.64300
v -11.00736 1.51664 9.64300
v -10.99264 1.51664 9.64300
v -11.00736 1.51664 9.63500
v -10.99264 1.51664 9.63500
v -11.00736 1.53136 9.64300
v -10.99264 1.53136 9.64300
v -11.00736 1.51664 9.64300
v -10.99264 1.51664 9.64300
v -10.99264 1.53136 9.63500
v -11.00736 1.53136 9.63500
v -10.99264 1.51664 9.63500
v -11.00736 1.51664 9.63500
v -11.05664 1.51536 9.64300
v -11.05664 1.51536 9.63500
v -11.05664 1.50064 9.64300
v -11.05664 1.50064 9.63500
v -11.07136 1.51536 9.63500
v -11.07136 1.51536 9.64300
v -11.07136 1.50064 9.63500
v -11.07136 1.50064 9.64300
v -11.07136 1.51536 9.63500
v -11.05664 1.51536 9.63500
v -11.07136 1.51536 9.64300
v -11.05664 1.51536 9.64300
v -11.07136 1.50064 9.64300
v -11.05664 1.50064 9.64300
v -11.07136 1.50064 9.63500
v -11.05664 1.50064 9.63500
v -11.07136 1.51536 9.64300
v -11.05664 1.51536 9.64300
v -11.07136 1.50064 9.64300
v -11.05664 1.50064 9.64300
v -11.05664 1.51536 9.63500
v -11.07136 1.51536 9.63500
v -11.05664 1.50064 9.63500
v -11.07136 1.50064 9.63500
v -10.99264 1.51536 9.64300
v -10.99264 1.51536 9.63500
v -10.99264 1.50064 9.64300
v -10.99264 1.50064 9.63500
v -11.00736 1.51536 9.63500
v -11.00736 1.51536 9.64300
v -11.00736 1.50064 9.63500
v -11.00736 1.50064 9.64300
v -11.00736 1.51536 9.63500
v -10.99264 1.51536 9.63500
v -11.00736 1.51536 9.64300
v -10.99264 1.51536 9.64300
v -11.00736 1.50064 9.64300
v -10.99264 1.50064 9.64300
v -11.00736 1.50064 9.63500
v -10.99264 1.50064 9.63500
v -11.00736 1.51536 9.64300
v -10.99264 1.51536 9.64300
v -11.00736 1.50064 9.64300
v -10.99264 1.50064 9.64300
v -10.99264 1.51536 9.63500
v -11.00736 1.51536 9.63500
v -10.99264 1.50064 9.63500
v -11.00736 1.50064 9.63500
v -11.05664 1.49936 9.64300
v -11.05664 1.49936 9.63500
v -11.05664 1.48464 9.64300
v -11.05664 1.48464 9.63500
v -11.07136 1.49936 9.63500
v -11.07136 1.49936 9.64300
v -11.07136 1.48464 9.63500
v -11.07136 1.48464 9.64300
v -11.07136 1.49936 9.63500
v -11.05664 1.49936 9.63500
v -11.07136 1.49936 9.64300
v -11.05664 1.49936 9.64300
v -11.07136 1.48464 9.64300
v -11.05664 1.48464 9.64300
v -11.07136 1.48464 9.63500
v -11.05664 1.48464 9.63500
v -11.07136 1.49936 9.64300
v -11.05664 1.49936 9.64300
v -11.07136 1.48464 9.64300
v -11.05664 1.48464 9.64300
v -11.05664 1.49936 9.63500
v -11.07136 1.49936 9.63500
v -11.05664 1.48464 9.63500
v -11.07136 1.48464 9.63500
v -11.04064 1.49936 9.64300
v -11.04064 1.49936 9.63500
v -11.04064 1.48464 9.64300
v -11.04064 1.48464 9.63500
v -11.05536 1.49936 9.63500
v -11.05536 1.49936 9.64300
v -11.05536 1.48464 9.63500
v -11.05536 1.48464 9.64300
v -11.05536 1.49936 9.63500
v -11.04064 1.49936 9.63500
v -11.05536 1.49936 9.64300
v -11.04064 1.49936 9.64300
v -11.05536 1.48464 9.64300
v -11.04064 1.48464 9.64300
v -11.05536 1.48464 9.63500
v -11.04064 1.48464 9.63500
v -11.05536 1.49936 9.64300
v -11.04064 1.49936 9.64300
v -11.05536 1.48464 9.64300
v -11.04064 1.48464 9.64300
v -11.04064 1.49936 9.63500
v -11.05536 1.49936 9.63500
v -11.04064 1.48464 9.63500
v -11.05536 1.48464 9.63500
v -11.02464 1.49936 9.64300
v -11.02464 1.49936 9.63500
v -11.02464 1.48464 9.64300
v -11.02464 1.48464 9.63500
v -11.03936 1.49936 9.63500
v -11.03936 1.49936 9.64300
v -11.03936 1.48464 9.63500
v -11.03936 1.48464 9.64300
v -11.03936 1.49936 9.63500
v -11.02464 1.49936 9.63500
v -11.03936 1.49936 9.64300
v -11.02464 1.49936 9.64300
v -11.03936 1.48464 9.64300
v -11.02464 1.48464 9.64300
v -11.03936 1.48464 9.63500
v -11.02464 1.48464 9.63500
v -11.03936 1.49936 9.64300
v -11.02464 1.49936 9.64300
v -11.03936 1.48464 9.64300
v -11.02464 1.48464 9.64300
v -11.02464 1.49936 9.63500
v -11.03936 1.49936 9.63500
v -11.02464 1.48464 9.63500
v -11.03936 1.48464 9.63500
v -11.00864 1.49936 9.64300
v -11.00864 1.49936 9.63500
v -11.00864 1.48464 9.64300
v -11.00864 1.48464 9.63500
v -11.02336 1.49936 9.63500
v -11.02336 1.49936 9.64300
v -11.02336 1.48464 9.63500
v -11.02336 1.48464 9.64300
v -11.02336 1.49936 9.63500
v -11.00864 1.49936 9.63500
v -11.02336 1.49936 9.64300
v -11.00864 1.49936 9.64300
v -11.02336 1.48464 9.64300
v -11.00864 1.48464 9.64300
v -11.02336 1.48464 9.63500
v -11.00864 1.48464 9.63500
v -11.02336 1.49936 9.64300
v -11.00864 1.49936 9.64300
v -11.02336 1.48464 9.64300
v -11.00864 1.48464 9.64300
v -11.00864 1.49936 9.63500
v -11.02336 1.49936 9.63500
v -11.00864 1.48464 9.63500
v -11.02336 1.48464 9.63500
v -11.05664 1.48336 9.64300
v -11.05664 1.48336 9.63500
v -11.05664 1.46864 9.64300
v -11.05664 1.46864 9.63500
v -11.07136 1.48336 9.63500
v -11.07136 1.48336 9.64300
v -11.07136 1.46864 9.63500
v -11.07136 1.46864 9.64300
v -11.07136 1.48336 9.63500
v -11.05664 1.48336 9.63500
v -11.07136 1.48336 9.64300
v -11.05664 1.48336 9.64300
v -11.07136 1.46864 9.64300
v -11.05664 1.46864 9.64300
v -11.07136 1.46864 9.63500
v -11.05664 1.46864 9.63500
v -11.07136 1.48336 9.64300
v -11.05664 1.48336 9.64300
v -11.07136 1.46864 9.64300
v -11.05664 1.46864 9.64300
v -11.05664 1.48336 9.63500
v -11.07136 1.48336 9.63500
v -11.05664 1.46864 9.63500
v -11.07136 1.46864 9.63500
v -11.05664 1.46736 9.64300
v -11.05664 1.46736 9.63500
v -11.05664 1.45264 9.64300
v -11.05664 1.45264 9.63500
v -11.07136 1.46736 9.63500
v -11.07136 1.46736 9.64300
v -11.07136 1.45264 9.63500
v -11.07136 1.45264 9.64300
v -11.07136 1.46736 9.63500
v -11.05664 1.46736 9.63500
v -11.07136 1.46736 9.64300
v -11.05664 1.46736 9.64300
v -11.07136 1.45264 9.64300
v -11.05664 1.45264 9.64300
v -11.07136 1.45264 9.63500
v -11.05664 1.45264 9.63500
v -11.07136 1.46736 9.64300
v -11.05664 1.46736 9.64300
v -11.07136 1.45264 9.64300
v -11.05664 1.45264 9.64300
v -11.05664 1.46736 9.63500
v -11.07136 1.46736 9.63500
v -11.05664 1.45264 9.63500
v -11.07136 1.45264 9.63500
v -11.05664 1.45136 9.64300
v -11.05664 1.45136 9.63500
v -11.05664 1.43664 9.64300
v -11.05664 1.43664 9.63500
v -11.07136 1.45136 9.63500
v -11.07136 1.45136 9.64300
v -11.07136 1.43664 9.63500
v -11.07136 1.43664 9.64300
v -11.07136 1.45136 9.63500
v -11.05664 1.45136 9.63500
v -11.07136 1.45136 9.64300
v -11.05664 1.45136 9.64300
v -11.07136 1.43664 9.64300
v -11.05664 1.43664 9.64300
v -11.07136 1.43664 9.63500
v -11.05664 1.43664 9.63500
v -11.07136 1.45136 9.64300
v -11.05664 1.45136 9.64300
v -11.07136 1.43664 9.64300
v -11.05664 1.43664 9.64300
v -11.05664 1.45136 9.63500
v -11.07136 1.45136 9.63500
v -11.05664 1.43664 9.63500
v -11.07136 1.43664 9.63500
v -10.96064 1.54736 9.64300
v -10.96064 1.54736 9.63500
v -10.96064 1.53264 9.64300
v -10.96064 1.53264 9.63500
v -10.97536 1.54736 9.63500
v -10.97536 1.54736 9.64300
v -10.97536 1.53264 9.63500
v -10.97536 1.53264 9.64300
v -10.97536 1.54736 9.63500
v -10.96064 1.54736 9.63500
v -10.97536 1.54736 9.64300
v -10.96064 1.54736 9.64300
v -10.97536 1.53264 9.64300
v -10.96064 1.53264 9.64300
v -10.97536 1.53264 9.63500
v -10.96064 1.53264 9.63500
v -10.97536 1.54736 9.64300
v -10.96064 1.54736 9.64300
v -10.97536 1.53264 9.64300
v -10.96064 1.53264 9.64300
v -10.96064 1.54736 9.63500
v -10.97536 1.54736 9.63500
v -10.96064 1.53264 9.63500
v -10.97536 1.53264 9.63500
v -10.94464 1.54736 9.64300
v -10.94464 1.54736 9.63500
v -10.94464 1.53264 9.64300
v -10.94464 1.53264 9.63500
v -10.95936 1.54736 9.63500
v -10.95936 1.54736 9.64300
v -10.95936 1.53264 9.63500
v -10.95936 1.53264 9.64300
v -10.95936 1.54736 9.63500
v -10.94464 1.54736 9.63500
v -10.95936 1.54736 9.64300
v -10.94464 1.54736 9.64300
v -10.95936 1.53264 9.64300
v -10.94464 1.53264 9.64300
v -10.95936 1.53264 9.63500
v -10.94464 1.53264 9.63500
v -10.95936 1.54736 9.64300
v -10.94464 1.54736 9.64300
v -10.95936 1.53264 9.64300
v -10.94464 1.53264 9.64300
v -10.94464 1.54736 9.63500
v -10.95936 1.54736 9.63500
v -10.94464 1.53264 9.63500
v -10.95936 1.53264 9.63500
v -10.92864 1.54736 9.64300
v -10.92864 1.54736 9.63500
v -10.92864 1.53264 9.64300
v -10.92864 1.53264 9.63500
v -10.94336 1.54736 9.63500
v -10.94336 1.54736 9.64300
v -10.94336 1.53264 9.63500
v -10.94336 1.53264 9.64300
v -10.94336 1.54736 9.63500
v -10.92864 1.54736 9.63500
v -10.94336 1.54736 9.64300
v -10.92864 1.54736 9.64300
v -10.94336 1.53264 9.64300
v -10.92864 1.53264 9.64300
v -10.94336 1.53264 9.63500
v -10.92864 1.53264 9.63500
v -10.94336 1.54736 9.64300
v -10.92864 1.54736 9.64300
v -10.94336 1.53264 9.64300
v -10.92864 1.53264 9.64300
v -10.92864 1.54736 9.63500
v -10.94336 1.54736 9.63500
v -10.92864 1.53264 9.63500
v -10.94336 1.53264 9.63500
v -10.91264 1.54736 9.64300
v -10.91264 1.54736 9.63500
v -10.91264 1.53264 9.64300
v -10.91264 1.53264 9.63500
v -10.92736 1.54736 9.63500
v -10.92736 1.54736 9.64300
v -10.92736 1.53264 9.63500
v -10.92736 1.53264 9.64300
v -10.92736 1.54736 9.63500
v -10.91264 1.54736 9.63500
v -10.92736 1.54736 9.64300
v -10.91264 1.54736 9.64300
v -10.92736 1.53264 9.64300
v -10.91264 1.53264 9.64300
v -10.92736 1.53264 9.63500
v -10.91264 1.53264 9.63500
v -10.92736 1.54736 9.64300
v -10.91264 1.54736 9.64300
v -10.92736 1.53264 9.64300
v -10.91264 1.53264 9.64300
v -10.91264 1.54736 9.63500
v -10.92736 1.54736 9.63500
v -10.91264 1.53264 9.63500
v -10.92736 1.53264 9.63500
v -10.96064 1.53136 9.64300
v -10.96064 1.53136 9.63500
v -10.96064 1.51664 9.64300
v -10.96064 1.51664 9.63500
v -10.97536 1.53136 9.63500
v -10.97536 1.53136 9.64300
v -10.97536 1.51664 9.63500
v -10.97536 1.51664 9.64300
v -10.97536 1.53136 9.63500
v -10.96064 1.53136 9.63500
v -10.97536 1.53136 9.64300
v -10.96064 1.53136 9.64300
v -10.97536 1.51664 9.64300
v -10.96064 1.51664 9.64300
v -10.97536 1.51664 9.63500
v -10.96064 1.51664 9.63500
v -10.97536 1.53136 9.64300
v -10.96064 1.53136 9.64300
v -10.97536 1.51664 9.64300
v -10.96064 1.51664 9.64300
v -10.96064 1.53136 9.63500
v -10.97536 1.53136 9.63500
v -10.96064 1.51664 9.63500
v -10.97536 1.51664 9.63500
v -10.89664 1.53136 9.64300
v -10.89664 1.53136 9.63500
v -10.89664 1.51664 9.64300
v -10.89664 1.51664 9.63500
v -10.91136 1.53136 9.63500
v -10.91136 1.53136 9.64300
v -10.91136 1.51664 9.63500
v -10.91136 1.51664 9.64300
v -10.91136 1.53136 9.63500
v -10.89664 1.53136 9.63500
v -10.91136 1.53136 9.64300
v -10.89664 1.53136 9.64300
v -10.91136 1.51664 9.64300
v -10.89664 1.51664 9.64300
v -10.91136 1.51664 9.63500
v -10.89664 1.51664 9.63500
v -10.91136 1.53136 9.64300
v -10.89664 1.53136 9.64300
v -10.91136 1.51664 9.64300
v -10.89664 1.51664 9.64300
v -10.89664 1.53136 9.63500
v -10.91136 1.53136 9.63500
v -10.89664 1.51664 9.63500
v -10.91136 1.51664 9.63500
v -10.96064 1.51536 9.64300
v -10.96064 1.51536 9.63500
v -10.96064 1.50064 9.64300
v -10.96064 1.50064 9.63500
v -10.97536 1.51536 9.63500
v -10.97536 1.51536 9.64300
v -10.97536 1.50064 9.63500
v -10.97536 1.50064 9.64300
v -10.97536 1.51536 9.63500
v -10.96064 1.51536 9.63500
v -10.97536 1.51536 9.64300
v -10.96064 1.51536 9.64300
v -10.97536 1.50064 9.64300
v -10.96064 1.50064 9.64300
v -10.97536 1.50064 9.63500
v -10.96064 1.50064 9.63500
v -10.97536 1.51536 9.64300
v -10.96064 1.51536 9.64300
v -10.97536 1.50064 9.64300
v -10.96064 1.50064 9.64300
v -10.96064 1.51536 9.63500
v -10.97536 1.51536 9.63500
v -10.96064 1.50064 9.63500
v -10.97536 1.50064 9.63500
v -10.89664 1.51536 9.64300
v -10.89664 1.51536 9.63500
v -10.89664 1.50064 9.64300
v -10.89664 1.50064 9.63500
v -10.91136 1.51536 9.63500
v -10.91136 1.51536 9.64300
v -10.91136 1.50064 9.63500
v -10.91136 1.50064 9.64300
v -10.91136 1.51536 9.63500
v -10.89664 1.51536 9.63500
v -10.91136 1.51536 9.64300
v -10.89664 1.51536 9.64300
v -10.91136 1.50064 9.64300
v -10.89664 1.50064 9.64300
v -10.91136 1.50064 9.63500
v -10.89664 1.50064 9.63500
v -10.91136 1.51536 9.64300
v -10.89664 1.51536 9.64300
v -10.91136 1.50064 9.64300
v -10.89664 1.50064 9.64300
v -10.89664 1.51536 9.63500
v -10.91136 1.51536 9.63500
v -10.89664 1.50064 9.63500
v -10.91136 1.50064 9.63500
v -10.96064 1.49936 9.64300
v -10.96064 1.49936 9.63500
v -10.96064 1.48464 9.64300
v -10.96064 1.48464 9.63500
v -10.97536 1.49936 9.63500
v -10.97536 1.49936 9.64300
v -10.97536 1.48464 9.63500
v -10.97536 1.48464 9.64300
v -10.97536 1.49936 9.63500
v -10.96064 1.49936 9.63500
v -10.97536 1.49936 9.64300
v -10.96064 1.49936 9.64300
v -10.97536 1.48464 9.64300
v -10.96064 1.48464 9.64300
v -10.97536 1.48464 9.63500
v -10.96064 1.48464 9.63500
v -10.97536 1.49936 9.64300
v -10.96064 1.49936 9.64300
v -10.97536 1.48464 9.64300
v -10.96064 1.48464 9.64300
v -10.96064 1.49936 9.63500
v -10.97536 1.49936 9.63500
v -10.96064 1.48464 9.63500
v -10.97536 1.48464 9.63500
v -10.94464 1.49936 9.64300
v -10.94464 1.49936 9.63500
v -10.94464 1.48464 9.64300
v -10.94464 1.48464 9.63500
v -10.95936 1.49936 9.63500
v -10.95936 1.49936 9.64300
v -10.95936 1.48464 9.63500
v -10.95936 1.48464 9.64300
v -10.95936 1.49936 9.63500
v -10.94464 1.49936 9.63500
v -10.95936 1.49936 9.64300
v -10.94464 1.49936 9.64300
v -10.95936 1.48464 9.64300
v -10.94464 1.48464 9.64300
v -10.95936 1.48464 9.63500
v -10.94464 1.48464 9.63500
v -10.95936 1.49936 9.64300
v -10.94464 1.49936 9.64300
v -10.95936 1.48464 9.64300
v -10.94464 1.48464 9.64300
v -10.94464 1.49936 9.63500
v -10.95936 1.49936 9.63500
v -10.94464 1.48464 9.63500
v -10.95936 1.48464 9.63500
v -10.92864 1.49936 9.64300
v -10.92864 1.49936 9.63500
v -10.92864 1.48464 9.64300
v -10.92864 1.48464 9.63500
v -10.94336 1.49936 9.63500
v -10.94336 1.49936 9.64300
v -10.94336 1.48464 9.63500
v -10.94336 1.48464 9.64300
v -10.94336 1.49936 9.63500
v -10.92864 1.49936 9.63500
v -10.94336 1.49936 9.64300
v -10.92864 1.49936 9.64300
v -10.94336 1.48464 9.64300
v -10.92864 1.48464 9.64300
v -10.94336 1.48464 9.63500
v -10.92864 1.48464 9.63500
v -10.94336 1.49936 9.64300
v -10.92864 1.49936 9.64300
v -10.94336 1.48464 9.64300
v -10.92864 1.48464 9.64300
v -10.92864 1.49936 9.63500
v -10.94336 1.49936 9.63500
v -10.92864 1.48464 9.63500
v -10.94336 1.48464 9.63500
v -10.91264 1.49936 9.64300
v -10.91264 1.49936 9.63500
v -10.91264 1.48464 9.64300
v -10.91264 1.48464 9.63500
v -10.92736 1.49936 9.63500
v -10.92736 1.49936 9.64300
v -10.92736 1.48464 9.63500
v -10.92736 1.48464 9.64300
v -10.92736 1.49936 9.63500
v -10.91264 1.49936 9.63500
v -10.92736 1.49936 9.64300
v -10.91264 1.49936 9.64300
v -10.92736 1.48464 9.64300
v -10.91264 1.48464 9.64300
v -10.92736 1.48464 9.63500
v -10.91264 1.48464 9.63500
v -10.92736 1.49936 9.64300
v -10.91264 1.49936 9.64300
v -10.92736 1.48464 9.64300
v -10.91264 1.48464 9.64300
v -10.91264 1.49936 9.63500
v -10.92736 1.49936 9.63500
v -10.91264 1.48464 9.63500
v -10.92736 1.48464 9.63500
v -10.96064 1.48336 9.64300
v -10.96064 1.48336 9.63500
v -10.96064 1.46864 9.64300
v -10.96064 1.46864 9.63500
v -10.97536 1.48336 9.63500
v -10.97536 1.48336 9.64300
v -10.97536 1.46864 9.63500
v -10.97536 1.46864 9.64300
v -10.97536 1.48336 9.63500
v -10.96064 1.48336 9.63500
v -10.97536 1.48336 9.64300
v -10.96064 1.48336 9.64300
v -10.97536 1.46864 9.64300
v -10.96064 1.46864 9.64300
v -10.97536 1.46864 9.63500
v -10.96064 1.46864 9.63500
v -10.97536 1.48336 9.64300
v -10.96064 1.48336 9.64300
v -10.97536 1.46864 9.64300
v -10.96064 1.46864 9.64300
v -10.96064 1.48336 9.63500
v -10.97536 1.48336 9.63500
v -10.96064 1.46864 9.63500
v -10.97536 1.46864 9.63500
v -10.92864 1.48336 9.64300
v -10.92864 1.48336 9.63500
v -10.92864 1.46864 9.64300
v -10.92864 1.46864 9.63500
v -10.94336 1.48336 9.63500
v -10.94336 1.48336 9.64300
v -10.94336 1.46864 9.63500
v -10.94336 1.46864 9.64300
v -10.94336 1.48336 9.63500
v -10.92864 1.48336 9.63500
v -10.94336 1.48336 9.64300
v -10.92864 1.48336 9.64300
v -10.94336 1.46864 9.64300
v -10.92864 1.46864 9.64300
v -10.94336 1.46864 9.63500
v -10.92864 1.46864 9.63500
v -10.94336 1.48336 9.64300
v -10.92864 1.48336 9.64300
v -10.94336 1.46864 9.64300
v -10.92864 1.46864 9.64300
v -10.92864 1.48336 9.63500
v -10.94336 1.48336 9.63500
v -10.92864 1.46864 9.63500
v -10.94336 1.46864 9.63500
v -10.96064 1.46736 9.64300
v -10.96064 1.46736 9.63500
v -10.96064 1.45264 9.64300
v -10.96064 1.45264 9.63500
v -10.97536 1.46736 9.63500
v -10.97536 1.46736 9.64300
v -10.97536 1.45264 9.63500
v -10.97536 1.45264 9.64300
v -10.97536 1.46736 9.63500
v -10.96064 1.46736 9.63500
v -10.97536 1.46736 9.64300
v -10.96064 1.46736 9.64300
v -10.97536 1.45264 9.64300
v -10.96064 1.45264 9.64300
v -10.97536 1.45264 9.63500
v -10.96064 1.45264 9.63500
v -10.97536 1.46736 9.64300
v -10.96064 1.46736 9.64300
v -10.97536 1.45264 9.64300
v -10.96064 1.45264 9.64300
v -10.96064 1.46736 9.63500
v -10.97536 1.46736 9.63500
v -10.96064 1.45264 9.63500
v -10.97536 1.45264 9.63500
v -10.91264 1.46736 9.64300
v -10.91264 1.46736 9.63500
v -10.91264 1.45264 9.64300
v -10.91264 1.45264 9.63500
v -10.92736 1.46736 9.63500
v -10.92736 1.46736 9.64300
v -10.92736 1.45264 9.63500
v -10.92736 1.45264 9.64300
v -10.92736 1.46736 9.63500
v -10.91264 1.46736 9.63500
v -10.92736 1.46736 9.64300
v -10.91264 1.46736 9.64300
v -10.92736 1.45264 9.64300
v -10.91264 1.45264 9.64300
v -10.92736 1.45264 9.63500
v -10.91264 1.45264 9.63500
v -10.92736 1.46736 9.64300
v -10.91264 1.46736 9.64300
v -10.92736 1.45264 9.64300
v -10.91264 1.45264 9.64300
v -10.91264 1.46736 9.63500
v -10.92736 1.46736 9.63500
v -10.91264 1.45264 9.63500
v -10.92736 1.45264 9.63500
v -10.96064 1.45136 9.64300
v -10.96064 1.45136 9.63500
v -10.96064 1.43664 9.64300
v -10.96064 1.43664 9.63500
v -10.97536 1.45136 9.63500
v -10.97536 1.45136 9.64300
v -10.97536 1.43664 9.63500
v -10.97536 1.43664 9.64300
v -10.97536 1.45136 9.63500
v -10.96064 1.45136 9.63500
v -10.97536 1.45136 9.64300
v -10.96064 1.45136 9.64300
v -10.97536 1.43664 9.64300
v -10.96064 1.43664 9.64300
v -10.97536 1.43664 9.63500
v -10.96064 1.43664 9.63500
v -10.97536 1.45136 9.64300
v -10.96064 1.45136 9.64300
v -10.97536 1.43664 9.64300
v -10.96064 1.43664 9.64300
v -10.96064 1.45136 9.63500
v -10.97536 1.45136 9.63500
v -10.96064 1.43664 9.63500
v -10.97536 1.43664 9.63500
v -10.89664 1.45136 9.64300
v -10.89664 1.45136 9.63500
v -10.89664 1.43664 9.64300
v -10.89664 1.43664 9.63500
v -10.91136 1.45136 9.63500
v -10.91136 1.45136 9.64300
v -10.91136 1.43664 9.63500
v -10.91136 1.43664 9.64300
v -10.91136 1.45136 9.63500
v -10.89664 1.45136 9.63500
v -10.91136 1.45136 9.64300
v -10.89664 1.45136 9.64300
v -10.91136 1.43664 9.64300
v -10.89664 1.43664 9.64300
v -10.91136 1.43664 9.63500
v -10.89664 1.43664 9.63500
v -10.91136 1.45136 9.64300
v -10.89664 1.45136 9.64300
v -10.91136 1.43664 9.64300
v -10.89664 1.43664 9.64300
v -10.89664 1.45136 9.63500
v -10.91136 1.45136 9.63500
v -10.89664 1.43664 9.63500
v -10.91136 1.43664 9.63500
v -10.84864 1.54736 9.64300
v -10.84864 1.54736 9.63500
v -10.84864 1.53264 9.64300
v -10.84864 1.53264 9.63500
v -10.86336 1.54736 9.63500
v -10.86336 1.54736 9.64300
v -10.86336 1.53264 9.63500
v -10.86336 1.53264 9.64300
v -10.86336 1.54736 9.63500
v -10.84864 1.54736 9.63500
v -10.86336 1.54736 9.64300
v -10.84864 1.54736 9.64300
v -10.86336 1.53264 9.64300
v -10.84864 1.53264 9.64300
v -10.86336 1.53264 9.63500
v -10.84864 1.53264 9.63500
v -10.86336 1.54736 9.64300
v -10.84864 1.54736 9.64300
v -10.86336 1.53264 9.64300
v -10.84864 1.53264 9.64300
v -10.84864 1.54736 9.63500
v -10.86336 1.54736 9.63500
v -10.84864 1.53264 9.63500
v -10.86336 1.53264 9.63500
v -10.83264 1.54736 9.64300
v -10.83264 1.54736 9.63500
v -10.83264 1.53264 9.64300
v -10.83264 1.53264 9.63500
v -10.84736 1.54736 9.63500
v -10.84736 1.54736 9.64300
v -10.84736 1.53264 9.63500
v -10.84736 1.53264 9.64300
v -10.84736 1.54736 9.63500
v -10.83264 1.54736 9.63500
v -10.84736 1.54736 9.64300
v -10.83264 1.54736 9.64300
v -10.84736 1.53264 9.64300
v -10.83264 1.53264 9.64300
v -10.84736 1.53264 9.63500
v -10.83264 1.53264 9.63500
v -10.84736 1.54736 9.64300
v -10.83264 1.54736 9.64300
v -10.84736 1.53264 9.64300
v -10.83264 1.53264 9.64300
v -10.83264 1.54736 9.63500
v -10.84736 1.54736 9.63500
v -10.83264 1.53264 9.63500
v -10.84736 1.53264 9.63500
v -10.81664 1.54736 9.64300
v -10.81664 1.54736 9.63500
v -10.81664 1.53264 9.64300
v -10.81664 1.53264 9.63500
v -10.83136 1.54736 9.63500
v -10.83136 1.54736 9.64300
v -10.83136 1.53264 9.63500
v -10.83136 1.53264 9.64300
v -10.83136 1.54736 9.63500
v -10.81664 1.54736 9.63500
v -10.83136 1.54736 9.64300
v -10.81664 1.54736 9.64300
v -10.83136 1.53264 9.64300
v -10.81664 1.53264 9.64300
v -10.83136 1.53264 9.63500
v -10.81664 1.53264 9.63500
v -10.83136 1.54736 9.64300
v -10.81664 1.54736 9.64300
v -10.83136 1.53264 9.64300
v -10.81664 1.53264 9.64300
v -10.81664 1.54736 9.63500
v -10.83136 1.54736 9.63500
v -10.81664 1.53264 9.63500
v -10.83136 1.53264 9.63500
v -10.86464 1.53136 9.64300
v -10.86464 1.53136 9.63500
v -10.86464 1.51664 9.64300
v -10.86464 1.51664 9.63500
v -10.87936 1.53136 9.63500
v -10.87936 1.53136 9.64300
v -10.87936 1.51664 9.63500
v -10.87936 1.51664 9.64300
v -10.87936 1.53136 9.63500
v -10.86464 1.53136 9.63500
v -10.87936 1.53136 9.64300
v -10.86464 1.53136 9.64300
v -10.87936 1.51664 9.64300
v -10.86464 1.51664 9.64300
v -10.87936 1.51664 9.63500
v -10.86464 1.51664 9.63500
v -10.87936 1.53136 9.64300
v -10.86464 1.53136 9.64300
v -10.87936 1.51664 9.64300
v -10.86464 1.51664 9.64300
v -10.86464 1.53136 9.63500
v -10.87936 1.53136 9.63500
v -10.86464 1.51664 9.63500
v -10.87936 1.51664 9.63500
v -10.80064 1.53136 9.64300
v -10.80064 1.53136 9.63500
v -10.80064 1.51664 9.64300
v -10.80064 1.51664 9.63500
v -10.81536 1.53136 9.63500
v -10.81536 1.53136 9.64300
v -10.81536 1.51664 9.63500
v -10.81536 1.51664 9.64300
v -10.81536 1.53136 9.63500
v -10.80064 1.53136 9.63500
v -10.81536 1.53136 9.64300
v -10.80064 1.53136 9.64300
v -10.81536 1.51664 9.64300
v -10.80064 1.51664 9.64300
v -10.81536 1.51664 9.63500
v -10.80064 1.51664 9.63500
v -10.81536 1.53136 9.64300
v -10.80064 1.53136 9.64300
v -10.81536 1.51664 9.64300
v -10.80064 1.51664 9.64300
v -10.80064 1.53136 9.63500
v -10.81536 1.53136 9.63500
v -10.80064 1.51664 9.63500
v -10.81536 1.51664 9.63500
v -10.86464 1.51536 9.64300
v -10.86464 1.51536 9.63500
v -10.86464 1.50064 9.64300
v -10.86464 1.50064 9.63500
v -10.87936 1.51536 9.63500
v -10.87936 1.51536 9.64300
v -10.87936 1.50064 9.63500
v -10.87936 1.50064 9.64300
v -10.87936 1.51536 9.63500
v -10.86464 1.51536 9.63500
v -10.87936 1.51536 9.64300
v -10.86464 1.51536 9.64300
v -10.87936 1.50064 9.64300
v -10.86464 1.50064 9.64300
v -10.87936 1.50064 9.63500
v -10.86464 1.50064 9.63500
v -10.87936 1.51536 9.64300
v -10.86464 1.51536 9.64300
v -10.87936 1.50064 9.64300
v -10.86464 1.50064 9.64300
v -10.86464 1.51536 9.63500
v -10.87936 1.51536 9.63500
v -10.86464 1.50064 9.63500
v -10.87936 1.50064 9.63500
v -10.80064 1.51536 9.64300
v -10.80064 1.51536 9.63500
v -10.80064 1.50064 9.64300
v -10.80064 1.50064 9.63500
v -10.81536 1.51536 9.63500
v -10.81536 1.51536 9.64300
v -10.81536 1.50064 9.63500
v -10.81536 1.50064 9.64300
v -10.81536 1.51536 9.63500
v -10.80064 1.51536 9.63500
v -10.81536 1.51536 9.64300
v -10.80064 1.51536 9.64300
v -10.81536 1.50064 9.64300
v -10.80064 1.50064 9.64300
v -10.81536 1.50064 9.63500
v -10.80064 1.50064 9.63500
v -10.81536 1.51536 9.64300
v -10.80064 1.51536 9.64300
v -10.81536 1.50064 9.64300
v -10.80064 1.50064 9.64300
v -10.80064 1.51536 9.63500
v -10.81536 1.51536 9.63500
v -10.80064 1.50064 9.63500
v -10.81536 1.50064 9.63500
v -10.86464 1.49936 9.64300
v -10.86464 1.49936 9.63500
v -10.86464 1.48464 9.64300
v -10.86464 1.48464 9.63500
v -10.87936 1.49936 9.63500
v -10.87936 1.49936 9.64300
v -10.87936 1.48464 9.63500
v -10.87936 1.48464 9.64300
v -10.87936 1.49936 9.63500
v -10.86464 1.49936 9.63500
v -10.87936 1.49936 9.64300
v -10.86464 1.49936 9.64300
v -10.87936 1.48464 9.64300
v -10.86464 1.48464 9.64300
v -10.87936 1.48464 9.63500
v -10.86464 1.48464 9.63500
v -10.87936 1.49936 9.64300
v -10.86464 1.49936 9.64300
v -10.87936 1.48464 9.64300
v -10.86464 1.48464 9.64300
v -10.86464 1.49936 9.63500
v -10.87936 1.49936 9.63500
v -10.86464 1.48464 9.63500
v -10.87936 1.48464 9.63500
v -10.80064 1.49936 9.64300
v -10.80064 1.49936 9.63500
v -10.80064 1.48464 9.64300
v -10.80064 1.48464 9.63500
v -10.81536 1.49936 9.63500
v -10.81536 1.49936 9.64300
v -10.81536 1.48464 9.63500
v -10.81536 1.48464 9.64300
v -10.81536 1.49936 9.63500
v -10.80064 1.49936 9.63500
v -10.81536 1.49936 9.64300
v -10.80064 1.49936 9.64300
v -10.81536 1.48464 9.64300
v -10.80064 1.48464 9.64300
v -10.81536 1.48464 9.63500
v -10.80064 1.48464 9.63500
v -10.81536 1.49936 9.64300
v -10.80064 1.49936 9.64300
v -10.81536 1.48464 9.64300
v -10.80064 1.48464 9.64300
v -10.80064 1.49936 9.63500
v -10.81536 1.49936 9.63500
v -10.80064 1.48464 9.63500
v -10.81536 1.48464 9.63500
v -10.86464 1.48336 9.64300
v -10.86464 1.48336 9.63500
v -10.86464 1.46864 9.64300
v -10.86464 1.46864 9.63500
v -10.87936 1.48336 9.63500
v -10.87936 1.48336 9.64300
v -10.87936 1.46864 9.63500
v -10.87936 1.46864 9.64300
v -10.87936 1.48336 9.63500
v -10.86464 1.48336 9.63500
v -10.87936 1.48336 9.64300
v -10.86464 1.48336 9.64300
v -10.87936 1.46864 9.64300
v -10.86464 1.46864 9.64300
v -10.87936 1.46864 9.63500
v -10.86464 1.46864 9.63500
v -10.87936 1.48336 9.64300
v -10.86464 1.48336 9.64300
v -10.87936 1.46864 9.64300
v -10.86464 1.46864 9.64300
v -10.86464 1.48336 9.63500
v -10.87936 1.48336 9.63500
v -10.86464 1.46864 9.63500
v -10.87936 1.46864 9.63500
v -10.80064 1.48336 9.64300
v -10.80064 1.48336 9.63500
v -10.80064 1.46864 9.64300
v -10.80064 1.46864 9.63500
v -10.81536 1.48336 9.63500
v -10.81536 1.48336 9.64300
v -10.81536 1.46864 9.63500
v -10.81536 1.46864 9.64300
v -10.81536 1.48336 9.63500
v -10.80064 1.48336 9.63500
v -10.81536 1.48336 9.64300
v -10.80064 1.48336 9.64300
v -10.81536 1.46864 9.64300
v -10.80064 1.46864 9.64300
v -10.81536 1.46864 9.63500
v -10.80064 1.46864 9.63500
v -10.81536 1.48336 9.64300
v -10.80064 1.48336 9.64300
v -10.81536 1.46864 9.64300
v -10.80064 1.46864 9.64300
v -10.80064 1.48336 9.63500
v -10.81536 1.48336 9.63500
v -10.80064 1.46864 9.63500
v -10.81536 1.46864 9.63500
v -10.86464 1.46736 9.64300
v -10.86464 1.46736 9.63500
v -10.86464 1.45264 9.64300
v -10.86464 1.45264 9.63500
v -10.87936 1.46736 9.63500
v -10.87936 1.46736 9.64300
v -10.87936 1.45264 9.63500
v -10.87936 1.45264 9.64300
v -10.87936 1.46736 9.63500
v -10.86464 1.46736 9.63500
v -10.87936 1.46736 9.64300
v -10.86464 1.46736 9.64300
v -10.87936 1.45264 9.64300
v -10.86464 1.45264 9.64300
v -10.87936 1.45264 9.63500
v -10.86464 1.45264 9.63500
v -10.87936 1.46736 9.64300
v -10.86464 1.46736 9.64300
v -10.87936 1.45264 9.64300
v -10.86464 1.45264 9.64300
v -10.86464 1.46736 9.63500
v -10.87936 1.46736 9.63500
v -10.86464 1.45264 9.63500
v -10.87936 1.45264 9.63500
v -10.80064 1.46736 9.64300
v -10.80064 1.46736 9.63500
v -10.80064 1.45264 9.64300
v -10.80064 1.45264 9.63500
v -10.81536 1.46736 9.63500
v -10.81536 1.46736 9.64300
v -10.81536 1.45264 9.63500
v -10.81536 1.45264 9.64300
v -10.81536 1.46736 9.63500
v -10.80064 1.46736 9.63500
v -10.81536 1.46736 9.64300
v -10.80064 1.46736 9.64300
v -10.81536 1.45264 9.64300
v -10.80064 1.45264 9.64300
v -10.81536 1.45264 9.63500
v -10.80064 1.45264 9.63500
v -10.81536 1.46736 9.64300
v -10.80064 1.46736 9.64300
v -10.81536 1.45264 9.64300
v -10.80064 1.45264 9.64300
v -10.80064 1.46736 9.63500
v -10.81536 1.46736 9.63500
v -10.80064 1.45264 9.63500
v -10.81536 1.45264 9.63500
v -10.84864 1.45136 9.64300
v -10.84864 1.45136 9.63500
v -10.84864 1.43664 9.64300
v -10.84864 1.43664 9.63500
v -10.86336 1.45136 9.63500
v -10.86336 1.45136 9.64300
v -10.86336 1.43664 9.63500
v -10.86336 1.43664 9.64300
v -10.86336 1.45136 9.63500
v -10.84864 1.45136 9.63500
v -10.86336 1.45136 9.64300
v -10.84864 1.45136 9.64300
v -10.86336 1.43664 9.64300
v -10.84864 1.43664 9.64300
v -10.86336 1.43664 9.63500
v -10.84864 1.43664 9.63500
v -10.86336 1.45136 9.64300
v -10.84864 1.45136 9.64300
v -10.86336 1.43664 9.64300
v -10.84864 1.43664 9.64300
v -10.84864 1.45136 9.63500
v -10.86336 1.45136 9.63500
v -10.84864 1.43664 9.63500
v -10.86336 1.43664 9.63500
v -10.83264 1.45136 9.64300
v -10.83264 1.45136 9.63500
v -10.83264 1.43664 9.64300
v -10.83264 1.43664 9.63500
v -10.84736 1.45136 9.63500
v -10.84736 1.45136 9.64300
v -10.84736 1.43664 9.63500
v -10.84736 1.43664 9.64300
v -10.84736 1.45136 9.63500
v -10.83264 1.45136 9.63500
v -10.84736 1.45136 9.64300
v -10.83264 1.45136 9.64300
v -10.84736 1.43664 9.64300
v -10.83264 1.43664 9.64300
v -10.84736 1.43664 9.63500
v -10.83264 1.43664 9.63500
v -10.84736 1.45136 9.64300
v -10.83264 1.45136 9.64300
v -10.84736 1.43664 9.64300
v -10.83264 1.43664 9.64300
v -10.83264 1.45136 9.63500
v -10.84736 1.45136 9.63500
v -10.83264 1.43664 9.63500
v -10.84736 1.43664 9.63500
v -10.81664 1.45136 9.64300
v -10.81664 1.45136 9.63500
v -10.81664 1.43664 9.64300
v -10.81664 1.43664 9.63500
v -10.83136 1.45136 9.63500
v -10.83136 1.45136 9.64300
v -10.83136 1.43664 9.63500
v -10.83136 1.43664 9.64300
v -10.83136 1.45136 9.63500
v -10.81664 1.45136 9.63500
v -10.83136 1.45136 9.64300
v -10.81664 1.45136 9.64300
v -10.83136 1.43664 9.64300
v -10.81664 1.43664 9.64300
v -10.83136 1.43664 9.63500
v -10.81664 1.43664 9.63500
v -10.83136 1.45136 9.64300
v -10.81664 1.45136 9.64300
v -10.83136 1.43664 9.64300
v -10.81664 1.43664 9.64300
v -10.81664 1.45136 9.63500
v -10.83136 1.45136 9.63500
v -10.81664 1.43664 9.63500
v -10.83136 1.43664 9.63500
v -10.76864 1.54736 9.64300
v -10.76864 1.54736 9.63500
v -10.76864 1.53264 9.64300
v -10.76864 1.53264 9.63500
v -10.78336 1.54736 9.63500
v -10.78336 1.54736 9.64300
v -10.78336 1.53264 9.63500
v -10.78336 1.53264 9.64300
v -10.78336 1.54736 9.63500
v -10.76864 1.54736 9.63500
v -10.78336 1.54736 9.64300
v -10.76864 1.54736 9.64300
v -10.78336 1.53264 9.64300
v -10.76864 1.53264 9.64300
v -10.78336 1.53264 9.63500
v -10.76864 1.53264 9.63500
v -10.78336 1.54736 9.64300
v -10.76864 1.54736 9.64300
v -10.78336 1.53264 9.64300
v -10.76864 1.53264 9.64300
v -10.76864 1.54736 9.63500
v -10.78336 1.54736 9.63500
v -10.76864 1.53264 9.63500
v -10.78336 1.53264 9.63500
v -10.75264 1.54736 9.64300
v -10.75264 1.54736 9.63500
v -10.75264 1.53264 9.64300
v -10.75264 1.53264 9.63500
v -10.76736 1.54736 9.63500
v -10.76736 1.54736 9.64300
v -10.76736 1.53264 9.63500
v -10.76736 1.53264 9.64300
v -10.76736 1.54736 9.63500
v -10.75264 1.54736 9.63500
v -10.76736 1.54736 9.64300
v -10.75264 1.54736 9.64300
v -10.76736 1.53264 9.64300
v -10.75264 1.53264 9.64300
v -10.76736 1.53264 9.63500
v -10.75264 1.53264 9.63500
v -10.76736 1.54736 9.64300
v -10.75264 1.54736 9.64300
v -10.76736 1.53264 9.64300
v -10.75264 1.53264 9.64300
v -10.75264 1.54736 9.63500
v -10.76736 1.54736 9.63500
v -10.75264 1.53264 9.63500
v -10.76736 1.53264 9.63500
v -10.73664 1.54736 9.64300
v -10.73664 1.54736 9.63500
v -10.73664 1.53264 9.64300
v -10.73664 1.53264 9.63500
v -10.75136 1.54736 9.63500
v -10.75136 1.54736 9.64300
v -10.75136 1.53264 9.63500
v -10.75136 1.53264 9.64300
v -10.75136 1.54736 9.63500
v -10.73664 1.54736 9.63500
v -10.75136 1.54736 9.64300
v -10.73664 1.54736 9.64300
v -10.75136 1.53264 9.64300
v -10.73664 1.53264 9.64300
v -10.75136 1.53264 9.63500
v -10.73664 1.53264 9.63500
v -10.75136 1.54736 9.64300
v -10.73664 1.54736 9.64300
v -10.75136 1.53264 9.64300
v -10.73664 1.53264 9.64300
v -10.73664 1.54736 9.63500
v -10.75136 1.54736 9.63500
v -10.73664 1.53264 9.63500
v -10.75136 1.53264 9.63500
v -10.72064 1.54736 9.64300
v -10.72064 1.54736 9.63500
v -10.72064 1.53264 9.64300
v -10.72064 1.53264 9.63500
v -10.73536 1.54736 9.63500
v -10.73536 1.54736 9.64300
v -10.73536 1.53264 9.63500
v -10.73536 1.53264 9.64300
v -10.73536 1.54736 9.63500
v -10.72064 1.54736 9.63500
v -10.73536 1.54736 9.64300
v -10.72064 1.54736 9.64300
v -10.73536 1.53264 9.64300
v -10.72064 1.53264 9.64300
v -10.73536 1.53264 9.63500
v -10.72064 1.53264 9.63500
v -10.73536 1.54736 9.64300
v -10.72064 1.54736 9.64300
v -10.73536 1.53264 9.64300
v -10.72064 1.53264 9.64300
v -10.72064 1.54736 9.63500
v -10.73536 1.54736 9.63500
v -10.72064 1.53264 9.63500
v -10.73536 1.53264 9.63500
v -10.70464 1.54736 9.64300
v -10.70464 1.54736 9.63500
v -10.70464 1.53264 9.64300
v -10.70464 1.53264 9.63500
v -10.71936 1.54736 9.63500
v -10.71936 1.54736 9.64300
v -10.71936 1.53264 9.63500
v -10.71936 1.53264 9.64300
v -10.71936 1.54736 9.63500
v -10.70464 1.54736 9.63500
v -10.71936 1.54736 9.64300
v -10.70464 1.54736 9.64300
v -10.71936 1.53264 9.64300
v -10.70464 1.53264 9.64300
v -10.71936 1.53264 9.63500
v -10.70464 1.53264 9.63500
v -10.71936 1.54736 9.64300
v -10.70464 1.54736 9.64300
v -10.71936 1.53264 9.64300
v -10.70464 1.53264 9.64300
v -10.70464 1.54736 9.63500
v -10.71936 1.54736 9.63500
v -10.70464 1.53264 9.63500
v -10.71936 1.53264 9.63500
v -10.73664 1.53136 9.64300
v -10.73664 1.53136 9.63500
v -10.73664 1.51664 9.64300
v -10.73664 1.51664 9.63500
v -10.75136 1.53136 9.63500
v -10.75136 1.53136 9.64300
v -10.75136 1.51664 9.63500
v -10.75136 1.51664 9.64300
v -10.75136 1.53136 9.63500
v -10.73664 1.53136 9.63500
v -10.75136 1.53136 9.64300
v -10.73664 1.53136 9.64300
v -10.75136 1.51664 9.64300
v -10.73664 1.51664 9.64300
v -10.75136 1.51664 9.63500
v -10.73664 1.51664 9.63500
v -10.75136 1.53136 9.64300
v -10.73664 1.53136 9.64300
v -10.75136 1.51664 9.64300
v -10.73664 1.51664 9.64300
v -10.73664 1.53136 9.63500
v -10.75136 1.53136 9.63500
v -10.73664 1.51664 9.63500
v -10.75136 1.51664 9.63500
v -10.73664 1.51536 9.64300
v -10.73664 1.51536 9.63500
v -10.73664 1.50064 9.64300
v -10.73664 1.50064 9.63500
v -10.75136 1.51536 9.63500
v -10.75136 1.51536 9.64300
v -10.75136 1.50064 9.63500
v -10.75136 1.50064 9.64300
v -10.75136 1.51536 9.63500
v -10.73664 1.51536 9.63500
v -10.75136 1.51536 9.64300
v -10.73664 1.51536 9.64300
v -10.75136 1.50064 9.64300
v -10.73664 1.50064 9.64300
v -10.75136 1.50064 9.63500
v -10.73664 1.50064 9.63500
v -10.75136 1.51536 9.64300
v -10.73664 1.51536 9.64300
v -10.75136 1.50064 9.64300
v -10.73664 1.50064 9.64300
v -10.73664 1.51536 9.63500
v -10.75136 1.51536 9.63500
v -10.73664 1.50064 9.63500
v -10.75136 1.50064 9.63500
v -10.73664 1.49936 9.64300
v -10.73664 1.49936 9.63500
v -10.73664 1.48464 9.64300
v -10.73664 1.48464 9.63500
v -10.75136 1.49936 9.63500
v -10.75136 1.49936 9.64300
v -10.75136 1.48464 9.63500
v -10.75136 1.48464 9.64300
v -10.75136 1.49936 9.63500
v -10.73664 1.49936 9.63500
v -10.75136 1.49936 9.64300
v -10.73664 1.49936 9.64300
v -10.75136 1.48464 9.64300
v -10.73664 1.48464 9.64300
v -10.75136 1.48464 9.63500
v -10.73664 1.48464 9.63500
v -10.75136 1.49936 9.64300
v -10.73664 1.49936 9.64300
v -10.75136 1.48464 9.64300
v -10.73664 1.48464 9.64300
v -10.73664 1.49936 9.63500
v -10.75136 1.49936 9.63500
v -10.73664 1.48464 9.63500
v -10.75136 1.48464 9.63500
v -10.73664 1.48336 9.64300
v -10.73664 1.48336 9.63500
v -10.73664 1.46864 9.64300
v -10.73664 1.46864 9.63500
v -10.75136 1.48336 9.63500
v -10.75136 1.48336 9.64300
v -10.75136 1.46864 9.63500
v -10.75136 1.46864 9.64300
v -10.75136 1.48336 9.63500
v -10.73664 1.48336 9.63500
v -10.75136 1.48336 9.64300
v -10.73664 1.48336 9.64300
v -10.75136 1.46864 9.64300
v -10.73664 1.46864 9.64300
v -10.75136 1.46864 9.63500
v -10.73664 1.46864 9.63500
v -10.75136 1.48336 9.64300
v -10.73664 1.48336 9.64300
v -10.75136 1.46864 9.64300
v -10.73664 1.46864 9.64300
v -10.73664 1.48336 9.63500
v -10.75136 1.48336 9.63500
v -10.73664 1.46864 9.63500
v -10.75136 1.46864 9.63500
v -10.73664 1.46736 9.64300
v -10.73664 1.46736 9.63500
v -10.73664 1.45264 9.64300
v -10.73664 1.45264 9.63500
v -10.75136 1.46736 9.63500
v -10.75136 1.46736 9.64300
v -10.75136 1.45264 9.63500
v -10.75136 1.45264 9.64300
v -10.75136 1.46736 9.63500
v -10.73664 1.46736 9.63500
v -10.75136 1.46736 9.64300
v -10.73664 1.46736 9.64300
v -10.75136 1.45264 9.64300
v -10.73664 1.45264 9.64300
v -10.75136 1.45264 9.63500
v -10.73664 1.45264 9.63500
v -10.75136 1.46736 9.64300
v -10.73664 1.46736 9.64300
v -10.75136 1.45264 9.64300
v -10.73664 1.45264 9.64300
v -10.73664 1.46736 9.63500
v -10.75136 1.46736 9.63500
v -10.73664 1.45264 9.63500
v -10.75136 1.45264 9.63500
v -10.73664 1.45136 9.64300
v -10.73664 1.45136 9.63500
v -10.73664 1.43664 9.64300
v -10.73664 1.43664 9.63500
v -10.75136 1.45136 9.63500
v -10.75136 1.45136 9.64300
v -10.75136 1.43664 9.63500
v -10.75136 1.43664 9.64300
v -10.75136 1.45136 9.63500
v -10.73664 1.45136 9.63500
v -10.75136 1.45136 9.64300
v -10.73664 1.45136 9.64300
v -10.75136 1.43664 9.64300
v -10.73664 1.43664 9.64300
v -10.75136 1.43664 9.63500
v -10.73664 1.43664 9.63500
v -10.75136 1.45136 9.64300
v -10.73664 1.45136 9.64300
v -10.75136 1.43664 9.64300
v -10.73664 1.43664 9.64300
v -10.73664 1.45136 9.63500
v -10.75136 1.45136 9.63500
v -10.73664 1.43664 9.63500
v -10.75136 1.43664 9.63500
v -10.67264 1.54736 9.64300
v -10.67264 1.54736 9.63500
v -10.67264 1.53264 9.64300
v -10.67264 1.53264 9.63500
v -10.68736 1.54736 9.63500
v -10.68736 1.54736 9.64300
v -10.68736 1.53264 9.63500
v -10.68736 1.53264 9.64300
v -10.68736 1.54736 9.63500
v -10.67264 1.54736 9.63500
v -10.68736 1.54736 9.64300
v -10.67264 1.54736 9.64300
v -10.68736 1.53264 9.64300
v -10.67264 1.53264 9.64300
v -10.68736 1.53264 9.63500
v -10.67264 1.53264 9.63500
v -10.68736 1.54736 9.64300
v -10.67264 1.54736 9.64300
v -10.68736 1.53264 9.64300
v -10.67264 1.53264 9.64300
v -10.67264 1.54736 9.63500
v -10.68736 1.54736 9.63500
v -10.67264 1.53264 9.63500
v -10.68736 1.53264 9.63500
v -10.65664 1.54736 9.64300
v -10.65664 1.54736 9.63500
v -10.65664 1.53264 9.64300
v -10.65664 1.53264 9.63500
v -10.67136 1.54736 9.63500
v -10.67136 1.54736 9.64300
v -10.67136 1.53264 9.63500
v -10.67136 1.53264 9.64300
v -10.67136 1.54736 9.63500
v -10.65664 1.54736 9.63500
v -10.67136 1.54736 9.64300
v -10.65664 1.54736 9.64300
v -10.67136 1.53264 9.64300
v -10.65664 1.53264 9.64300
v -10.67136 1.53264 9.63500
v -10.65664 1.53264 9.63500
v -10.67136 1.54736 9.64300
v -10.65664 1.54736 9.64300
v -10.67136 1.53264 9.64300
v -10.65664 1.53264 9.64300
v -10.65664 1.54736 9.63500
v -10.67136 1.54736 9.63500
v -10.65664 1.53264 9.63500
v -10.67136 1.53264 9.63500
v -10.64064 1.54736 9.64300
v -10.64064 1.54736 9.63500
v -10.64064 1.53264 9.64300
v -10.64064 1.53264 9.63500
v -10.65536 1.54736 9.63500
v -10.65536 1.54736 9.64300
v -10.65536 1.53264 9.63500
v -10.65536 1.53264 9.64300
v -10.65536 1.54736 9.63500
v -10.64064 1.54736 9.63500
v -10.65536 1.54736 9.64300
v -10.64064 1.54736 9.64300
v -10.65536 1.53264 9.64300
v -10.64064 1.53264 9.64300
v -10.65536 1.53264 9.63500
v -10.64064 1.53264 9.63500
v -10.65536 1.54736 9.64300
v -10.64064 1.54736 9.64300
v -10.65536 1.53264 9.64300
v -10.64064 1.53264 9.64300
v -10.64064 1.54736 9.63500
v -10.65536 1.54736 9.63500
v -10.64064 1.53264 9.63500
v -10.65536 1.53264 9.63500
v -10.62464 1.54736 9.64300
v -10.62464 1.54736 9.63500
v -10.62464 1.53264 9.64300
v -10.62464 1.53264 9.63500
v -10.63936 1.54736 9.63500
v -10.63936 1.54736 9.64300
v -10.63936 1.53264 9.63500
v -10.63936 1.53264 9.64300
v -10.63936 1.54736 9.63500
v -10.62464 1.54736 9.63500
v -10.63936 1.54736 9.64300
v -10.62464 1.54736 9.64300
v -10.63936 1.53264 9.64300
v -10.62464 1.53264 9.64300
v -10.63936 1.53264 9.63500
v -10.62464 1.53264 9.63500
v -10.63936 1.54736 9.64300
v -10.62464 1.54736 9.64300
v -10.63936 1.53264 9.64300
v -10.62464 1.53264 9.64300
v -10.62464 1.54736 9.63500
v -10.63936 1.54736 9.63500
v -10.62464 1.53264 9.63500
v -10.63936 1.53264 9.63500
v -10.60864 1.54736 9.64300
v -10.60864 1.54736 9.63500
v -10.60864 1.53264 9.64300
v -10.60864 1.53264 9.63500
v -10.62336 1.54736 9.63500
v -10.62336 1.54736 9.64300
v -10.62336 1.53264 9.63500
v -10.62336 1.53264 9.64300
v -10.62336 1.54736 9.63500
v -10.60864 1.54736 9.63500
v -10.62336 1.54736 9.64300
v -10.60864 1.54736 9.64300
v -10.62336 1.53264 9.64300
v -10.60864 1.53264 9.64300
v -10.62336 1.53264 9.63500
v -10.60864 1.53264 9.63500
v -10.62336 1.54736 9.64300
v -10.60864 1.54736 9.64300
v -10.62336 1.53264 9.64300
v -10.60864 1.53264 9.64300
v -10.60864 1.54736 9.63500
v -10.62336 1.54736 9.63500
v -10.60864 1.53264 9.63500
v -10.62336 1.53264 9.63500
v -10.67264 1.53136 9.64300
v -10.67264 1.53136 9.63500
v -10.67264 1.51664 9.64300
v -10.67264 1.51664 9.63500
v -10.68736 1.53136 9.63500
v -10.68736 1.53136 9.64300
v -10.68736 1.51664 9.63500
v -10.68736 1.51664 9.64300
v -10.68736 1.53136 9.63500
v -10.67264 1.53136 9.63500
v -10.68736 1.53136 9.64300
v -10.67264 1.53136 9.64300
v -10.68736 1.51664 9.64300
v -10.67264 1.51664 9.64300
v -10.68736 1.51664 9.63500
v -10.67264 1.51664 9.63500
v -10.68736 1.53136 9.64300
v -10.67264 1.53136 9.64300
v -10.68736 1.51664 9.64300
v -10.67264 1.51664 9.64300
v -10.67264 1.53136 9.63500
v -10.68736 1.53136 9.63500
v -10.67264 1.51664 9.63500
v -10.68736 1.51664 9.63500
v -10.67264 1.51536 9.64300
v -10.67264 1.51536 9.63500
v -10.67264 1.50064 9.64300
v -10.67264 1.50064 9.63500
v -10.68736 1.51536 9.63500
v -10.68736 1.51536 9.64300
v -10.68736 1.50064 9.63500
v -10.68736 1.50064 9.64300
v -10.68736 1.51536 9.63500
v -10.67264 1.51536 9.63500
v -10.68736 1.51536 9.64300
v -10.67264 1.51536 9.64300
v -10.68736 1.50064 9.64300
v -10.67264 1.50064 9.64300
v -10.68736 1.50064 9.63500
v -10.67264 1.50064 9.63500
v -10.68736 1.51536 9.64300
v -10.67264 1.51536 9.64300
v -10.68736 1.50064 9.64300
v -10.67264 1.50064 9.64300
v -10.67264 1.51536 9.63500
v -10.68736 1.51536 9.63500
v -10.67264 1.50064 9.63500
v -10.68736 1.50064 9.63500
v -10.67264 1.49936 9.64300
v -10.67264 1.49936 9.63500
v -10.67264 1.48464 9.64300
v -10.67264 1.48464 9.63500
v -10.68736 1.49936 9.63500
v -10.68736 1.49936 9.64300
v -10.68736 1.48464 9.63500
v -10.68736 1.48464 9.64300
v -10.68736 1.49936 9.63500
v -10.67264 1.49936 9.63500
v -10.68736 1.49936 9.64300
v -10.67264 1.49936 9.64300
v -10.68736 1.48464 9.64300
v -10.67264 1.48464 9.64300
v -10.68736 1.48464 9.63500
v -10.67264 1.48464 9.63500
v -10.68736 1.49936 9.64300
v -10.67264 1.49936 9.64300
v -10.68736 1.48464 9.64300
v -10.67264 1.48464 9.64300
v -10.67264 1.49936 9.63500
v -10.68736 1.49936 9.63500
v -10.67264 1.48464 9.63500
v -10.68736 1.48464 9.63500
v -10.65664 1.49936 9.64300
v -10.65664 1.49936 9.63500
v -10.65664 1.48464 9.64300
v -10.65664 1.48464 9.63500
v -10.67136 1.49936 9.63500
v -10.67136 1.49936 9.64300
v -10.67136 1.48464 9.63500
v -10.67136 1.48464 9.64300
v -10.67136 1.49936 9.63500
v -10.65664 1.49936 9.63500
v -10.67136 1.49936 9.64300
v -10.65664 1.49936 9.64300
v -10.67136 1.48464 9.64300
v -10.65664 1.48464 9.64300
v -10.67136 1.48464 9.63500
v -10.65664 1.48464 9.63500
v -10.67136 1.49936 9.64300
v -10.65664 1.49936 9.64300
v -10.67136 1.48464 9.64300
v -10.65664 1.48464 9.64300
v -10.65664 1.49936 9.63500
v -10.67136 1.49936 9.63500
v -10.65664 1.48464 9.63500
v -10.67136 1.48464 9.63500
v -10.64064 1.49936 9.64300
v -10.64064 1.49936 9.63500
v -10.64064 1.48464 9.64300
v -10.64064 1.48464 9.63500
v -10.65536 1.49936 9.63500
v -10.65536 1.49936 9.64300
v -10.65536 1.48464 9.63500
v -10.65536 1.48464 9.64300
v -10.65536 1.49936 9.63500
v -10.64064 1.49936 9.63500
v -10.65536 1.49936 9.64300
v -10.64064 1.49936 9.64300
v -10.65536 1.48464 9.64300
v -10.64064 1.48464 9.64300
v -10.65536 1.48464 9.63500
v -10.64064 1.48464 9.63500
v -10.65536 1.49936 9.64300
v -10.64064 1.49936 9.64300
v -10.65536 1.48464 9.64300
v -10.64064 1.48464 9.64300
v -10.64064 1.49936 9.63500
v -10.65536 1.49936 9.63500
v -10.64064 1.48464 9.63500
v -10.65536 1.48464 9.63500
v -10.62464 1.49936 9.64300
v -10.62464 1.49936 9.63500
v -10.62464 1.48464 9.64300
v -10.62464 1.48464 9.63500
v -10.63936 1.49936 9.63500
v -10.63936 1.49936 9.64300
v -10.63936 1.48464 9.63500
v -10.63936 1.48464 9.64300
v -10.63936 1.49936 9.63500
v -10.62464 1.49936 9.63500
v -10.63936 1.49936 9.64300
v -10.62464 1.49936 9.64300
v -10.63936 1.48464 9.64300
v -10.62464 1.48464 9.64300
v -10.63936 1.48464 9.63500
v -10.62464 1.48464 9.63500
v -10.63936 1.49936 9.64300
v -10.62464 1.49936 9.64300
v -10.63936 1.48464 9.64300
v -10.62464 1.48464 9.64300
v -10.62464 1.49936 9.63500
v -10.63936 1.49936 9.63500
v -10.62464 1.48464 9.63500
v -10.63936 1.48464 9.63500
v -10.67264 1.48336 9.64300
v -10.67264 1.48336 9.63500
v -10.67264 1.46864 9.64300
v -10.67264 1.46864 9.63500
v -10.68736 1.48336 9.63500
v -10.68736 1.48336 9.64300
v -10.68736 1.46864 9.63500
v -10.68736 1.46864 9.64300
v -10.68736 1.48336 9.63500
v -10.67264 1.48336 9.63500
v -10.68736 1.48336 9.64300
v -10.67264 1.48336 9.64300
v -10.68736 1.46864 9.64300
v -10.67264 1.46864 9.64300
v -10.68736 1.46864 9.63500
v -10.67264 1.46864 9.63500
v -10.68736 1.48336 9.64300
v -10.67264 1.48336 9.64300
v -10.68736 1.46864 9.64300
v -10.67264 1.46864 9.64300
v -10.67264 1.48336 9.63500
v -10.68736 1.48336 9.63500
v -10.67264 1.46864 9.63500
v -10.68736 1.46864 9.63500
v -10.67264 1.46736 9.64300
v -10.67264 1.46736 9.63500
v -10.67264 1.45264 9.64300
v -10.67264 1.45264 9.63500
v -10.68736 1.46736 9.63500
v -10.68736 1.46736 9.64300
v -10.68736 1.45264 9.63500
v -10.68736 1.45264 9.64300
v -10.68736 1.46736 9.63500
v -10.67264 1.46736 9.63500
v -10.68736 1.46736 9.64300
v -10.67264 1.46736 9.64300
v -10.68736 1.45264 9.64300
v -10.67264 1.45264 9.64300
v -10.68736 1.45264 9.63500
v -10.67264 1.45264 9.63500
v -10.68736 1.46736 9.64300
v -10.67264 1.46736 9.64300
v -10.68736 1.45264 9.64300
v -10.67264 1.45264 9.64300
v -10.67264 1.46736 9.63500
v -10.68736 1.46736 9.63500
v -10.67264 1.45264 9.63500
v -10.68736 1.45264 9.63500
v -10.67264 1.45136 9.64300
v -10.67264 1.45136 9.63500
v -10.67264 1.43664 9.64300
v -10.67264 1.43664 9.63500
v -10.68736 1.45136 9.63500
v -10.68736 1.45136 9.64300
v -10.68736 1.43664 9.63500
v -10.68736 1.43664 9.64300
v -10.68736 1.45136 9.63500
v -10.67264 1.45136 9.63500
v -10.68736 1.45136 9.64300
v -10.67264 1.45136 9.64300
v -10.68736 1.43664 9.64300
v -10.67264 1.43664 9.64300
v -10.68736 1.43664 9.63500
v -10.67264 1.43664 9.63500
v -10.68736 1.45136 9.64300
v -10.67264 1.45136 9.64300
v -10.68736 1.43664 9.64300
v -10.67264 1.43664 9.64300
v -10.67264 1.45136 9.63500
v -10.68736 1.45136 9.63500
v -10.67264 1.43664 9.63500
v -10.68736 1.43664 9.63500
v -10.65664 1.45136 9.64300
v -10.65664 1.45136 9.63500
v -10.65664 1.43664 9.64300
v -10.65664 1.43664 9.63500
v -10.67136 1.45136 9.63500
v -10.67136 1.45136 9.64300
v -10.67136 1.43664 9.63500
v -10.67136 1.43664 9.64300
v -10.67136 1.45136 9.63500
v -10.65664 1.45136 9.63500
v -10.67136 1.45136 9.64300
v -10.65664 1.45136 9.64300
v -10.67136 1.43664 9.64300
v -10.65664 1.43664 9.64300
v -10.67136 1.43664 9.63500
v -10.65664 1.43664 9.63500
v -10.67136 1.45136 9.64300
v -10.65664 1.45136 9.64300
v -10.67136 1.43664 9.64300
v -10.65664 1.43664 9.64300
v -10.65664 1.45136 9.63500
v -10.67136 1.45136 9.63500
v -10.65664 1.43664 9.63500
v -10.67136 1.43664 9.63500
v -10.64064 1.45136 9.64300
v -10.64064 1.45136 9.63500
v -10.64064 1.43664 9.64300
v -10.64064 1.43664 9.63500
v -10.65536 1.45136 9.63500
v -10.65536 1.45136 9.64300
v -10.65536 1.43664 9.63500
v -10.65536 1.43664 9.64300
v -10.65536 1.45136 9.63500
v -10.64064 1.45136 9.63500
v -10.65536 1.45136 9.64300
v -10.64064 1.45136 9.64300
v -10.65536 1.43664 9.64300
v -10.64064 1.43664 9.64300
v -10.65536 1.43664 9.63500
v -10.64064 1.43664 9.63500
v -10.65536 1.45136 9.64300
v -10.64064 1.45136 9.64300
v -10.65536 1.43664 9.64300
v -10.64064 1.43664 9.64300
v -10.64064 1.45136 9.63500
v -10.65536 1.45136 9.63500
v -10.64064 1.43664 9.63500
v -10.65536 1.43664 9.63500
v -10.62464 1.45136 9.64300
v -10.62464 1.45136 9.63500
v -10.62464 1.43664 9.64300
v -10.62464 1.43664 9.63500
v -10.63936 1.45136 9.63500
v -10.63936 1.45136 9.64300
v -10.63936 1.43664 9.63500
v -10.63936 1.43664 9.64300
v -10.63936 1.45136 9.63500
v -10.62464 1.45136 9.63500
v -10.63936 1.45136 9.64300
v -10.62464 1.45136 9.64300
v -10.63936 1.43664 9.64300
v -10.62464 1.43664 9.64300
v -10.63936 1.43664 9.63500
v -10.62464 1.43664 9.63500
v -10.63936 1.45136 9.64300
v -10.62464 1.45136 9.64300
v -10.63936 1.43664 9.64300
v -10.62464 1.43664 9.64300
v -10.62464 1.45136 9.63500
v -10.63936 1.45136 9.63500
v -10.62464 1.43664 9.63500
v -10.63936 1.43664 9.63500
v -10.60864 1.45136 9.64300
v -10.60864 1.45136 9.63500
v -10.60864 1.43664 9.64300
v -10.60864 1.43664 9.63500
v -10.62336 1.45136 9.63500
v -10.62336 1.45136 9.64300
v -10.62336 1.43664 9.63500
v -10.62336 1.43664 9.64300
v -10.62336 1.45136 9.63500
v -10.60864 1.45136 9.63500
v -10.62336 1.45136 9.64300
v -10.60864 1.45136 9.64300
v -10.62336 1.43664 9.64300
v -10.60864 1.43664 9.64300
v -10.62336 1.43664 9.63500
v -10.60864 1.43664 9.63500
v -10.62336 1.45136 9.64300
v -10.60864 1.45136 9.64300
v -10.62336 1.43664 9.64300
v -10.60864 1.43664 9.64300
v -10.60864 1.45136 9.63500
v -10.62336 1.45136 9.63500
v -10.60864 1.43664 9.63500
v -10.62336 1.43664 9.63500
v -10.56064 1.54736 9.64300
v -10.56064 1.54736 9.63500
v -10.56064 1.53264 9.64300
v -10.56064 1.53264 9.63500
v -10.57536 1.54736 9.63500
v -10.57536 1.54736 9.64300
v -10.57536 1.53264 9.63500
v -10.57536 1.53264 9.64300
v -10.57536 1.54736 9.63500
v -10.56064 1.54736 9.63500
v -10.57536 1.54736 9.64300
v -10.56064 1.54736 9.64300
v -10.57536 1.53264 9.64300
v -10.56064 1.53264 9.64300
v -10.57536 1.53264 9.63500
v -10.56064 1.53264 9.63500
v -10.57536 1.54736 9.64300
v -10.56064 1.54736 9.64300
v -10.57536 1.53264 9.64300
v -10.56064 1.53264 9.64300
v -10.56064 1.54736 9.63500
v -10.57536 1.54736 9.63500
v -10.56064 1.53264 9.63500
v -10.57536 1.53264 9.63500
v -10.54464 1.54736 9.64300
v -10.54464 1.54736 9.63500
v -10.54464 1.53264 9.64300
v -10.54464 1.53264 9.63500
v -10.55936 1.54736 9.63500
v -10.55936 1.54736 9.64300
v -10.55936 1.53264 9.63500
v -10.55936 1.53264 9.64300
v -10.55936 1.54736 9.63500
v -10.54464 1.54736 9.63500
v -10.55936 1.54736 9.64300
v -10.54464 1.54736 9.64300
v -10.55936 1.53264 9.64300
v -10.54464 1.53264 9.64300
v -10.55936 1.53264 9.63500
v -10.54464 1.53264 9.63500
v -10.55936 1.54736 9.64300
v -10.54464 1.54736 9.64300
v -10.55936 1.53264 9.64300
v -10.54464 1.53264 9.64300
v -10.54464 1.54736 9.63500
v -10.55936 1.54736 9.63500
v -10.54464 1.53264 9.63500
v -10.55936 1.53264 9.63500
v -10.52864 1.54736 9.64300
v -10.52864 1.54736 9.63500
v -10.52864 1.53264 9.64300
v -10.52864 1.53264 9.63500
v -10.54336 1.54736 9.63500
v -10.54336 1.54736 9.64300
v -10.54336 1.53264 9.63500
v -10.54336 1.53264 9.64300
v -10.54336 1.54736 9.63500
v -10.52864 1.54736 9.63500
v -10.54336 1.54736 9.64300
v -10.52864 1.54736 9.64300
v -10.54336 1.53264 9.64300
v -10.52864 1.53264 9.64300
v -10.54336 1.53264 9.63500
v -10.52864 1.53264 9.63500
v -10.54336 1.54736 9.64300
v -10.52864 1.54736 9.64300
v -10.54336 1.53264 9.64300
v -10.52864 1.53264 9.64300
v -10.52864 1.54736 9.63500
v -10.54336 1.54736 9.63500
v -10.52864 1.53264 9.63500
v -10.54336 1.53264 9.63500
v -10.51264 1.54736 9.64300
v -10.51264 1.54736 9.63500
v -10.51264 1.53264 9.64300
v -10.51264 1.53264 9.63500
v -10.52736 1.54736 9.63500
v -10.52736 1.54736 9.64300
v -10.52736 1.53264 9.63500
v -10.52736 1.53264 9.64300
v -10.52736 1.54736 9.63500
v -10.51264 1.54736 9.63500
v -10.52736 1.54736 9.64300
v -10.51264 1.54736 9.64300
v -10.52736 1.53264 9.64300
v -10.51264 1.53264 9.64300
v -10.52736 1.53264 9.63500
v -10.51264 1.53264 9.63500
v -10.52736 1.54736 9.64300
v -10.51264 1.54736 9.64300
v -10.52736 1.53264 9.64300
v -10.51264 1.53264 9.64300
v -10.51264 1.54736 9.63500
v -10.52736 1.54736 9.63500
v -10.51264 1.53264 9.63500
v -10.52736 1.53264 9.63500
v -10.57664 1.53136 9.64300
v -10.57664 1.53136 9.63500
v -10.57664 1.51664 9.64300
v -10.57664 1.51664 9.63500
v -10.59136 1.53136 9.63500
v -10.59136 1.53136 9.64300
v -10.59136 1.51664 9.63500
v -10.59136 1.51664 9.64300
v -10.59136 1.53136 9.63500
v -10.57664 1.53136 9.63500
v -10.59136 1.53136 9.64300
v -10.57664 1.53136 9.64300
v -10.59136 1.51664 9.64300
v -10.57664 1.51664 9.64300
v -10.59136 1.51664 9.63500
v -10.57664 1.51664 9.63500
v -10.59136 1.53136 9.64300
v -10.57664 1.53136 9.64300
v -10.59136 1.51664 9.64300
v -10.57664 1.51664 9.64300
v -10.57664 1.53136 9.63500
v -10.59136 1.53136 9.63500
v -10.57664 1.51664 9.63500
v -10.59136 1.51664 9.63500
v -10.57664 1.51536 9.64300
v -10.57664 1.51536 9.63500
v -10.57664 1.50064 9.64300
v -10.57664 1.50064 9.63500
v -10.59136 1.51536 9.63500
v -10.59136 1.51536 9.64300
v -10.59136 1.50064 9.63500
v -10.59136 1.50064 9.64300
v -10.59136 1.51536 9.63500
v -10.57664 1.51536 9.63500
v -10.59136 1.51536 9.64300
v -10.57664 1.51536 9.64300
v -10.59136 1.50064 9.64300
v -10.57664 1.50064 9.64300
v -10.59136 1.50064 9.63500
v -10.57664 1.50064 9.63500
v -10.59136 1.51536 9.64300
v -10.57664 1.51536 9.64300
v -10.59136 1.50064 9.64300
v -10.57664 1.50064 9.64300
v -10.57664 1.51536 9.63500
v -10.59136 1.51536 9.63500
v -10.57664 1.50064 9.63500
v -10.59136 1.50064 9.63500
v -10.57664 1.49936 9.64300
v -10.57664 1.49936 9.63500
v -10.57664 1.48464 9.64300
v -10.57664 1.48464 9.63500
v -10.59136 1.49936 9.63500
v -10.59136 1.49936 9.64300
v -10.59136 1.48464 9.63500
v -10.59136 1.48464 9.64300
v -10.59136 1.49936 9.63500
v -10.57664 1.49936 9.63500
v -10.59136 1.49936 9.64300
v -10.57664 1.49936 9.64300
v -10.59136 1.48464 9.64300
v -10.57664 1.48464 9.64300
v -10.59136 1.48464 9.63500
v -10.57664 1.48464 9.63500
v -10.59136 1.49936 9.64300
v -10.57664 1.49936 9.64300
v -10.59136 1.48464 9.64300
v -10.57664 1.48464 9.64300
v -10.57664 1.49936 9.63500
v -10.59136 1.49936 9.63500
v -10.57664 1.48464 9.63500
v -10.59136 1.48464 9.63500
v -10.57664 1.48336 9.64300
v -10.57664 1.48336 9.63500
v -10.57664 1.46864 9.64300
v -10.57664 1.46864 9.63500
v -10.59136 1.48336 9.63500
v -10.59136 1.48336 9.64300
v -10.59136 1.46864 9.63500
v -10.59136 1.46864 9.64300
v -10.59136 1.48336 9.63500
v -10.57664 1.48336 9.63500
v -10.59136 1.48336 9.64300
v -10.57664 1.48336 9.64300
v -10.59136 1.46864 9.64300
v -10.57664 1.46864 9.64300
v -10.59136 1.46864 9.63500
v -10.57664 1.46864 9.63500
v -10.59136 1.48336 9.64300
v -10.57664 1.48336 9.64300
v -10.59136 1.46864 9.64300
v -10.57664 1.46864 9.64300
v -10.57664 1.48336 9.63500
v -10.59136 1.48336 9.63500
v -10.57664 1.46864 9.63500
v -10.59136 1.46864 9.63500
v -10.57664 1.46736 9.64300
v -10.57664 1.46736 9.63500
v -10.57664 1.45264 9.64300
v -10.57664 1.45264 9.63500
v -10.59136 1.46736 9.63500
v -10.59136 1.46736 9.64300
v -10.59136 1.45264 9.63500
v -10.59136 1.45264 9.64300
v -10.59136 1.46736 9.63500
v -10.57664 1.46736 9.63500
v -10.59136 1.46736 9.64300
v -10.57664 1.46736 9.64300
v -10.59136 1.45264 9.64300
v -10.57664 1.45264 9.64300
v -10.59136 1.45264 9.63500
v -10.57664 1.45264 9.63500
v -10.59136 1.46736 9.64300
v -10.57664 1.46736 9.64300
v -10.59136 1.45264 9.64300
v -10.57664 1.45264 9.64300
v -10.57664 1.46736 9.63500
v -10.59136 1.46736 9.63500
v -10.57664 1.45264 9.63500
v -10.59136 1.45264 9.63500
v -10.56064 1.45136 9.64300
v -10.56064 1.45136 9.63500
v -10.56064 1.43664 9.64300
v -10.56064 1.43664 9.63500
v -10.57536 1.45136 9.63500
v -10.57536 1.45136 9.64300
v -10.57536 1.43664 9.63500
v -10.57536 1.43664 9.64300
v -10.57536 1.45136 9.63500
v -10.56064 1.45136 9.63500
v -10.57536 1.45136 9.64300
v -10.56064 1.45136 9.64300
v -10.57536 1.43664 9.64300
v -10.56064 1.43664 9.64300
v -10.57536 1.43664 9.63500
v -10.56064 1.43664 9.63500
v -10.57536 1.45136 9.64300
v -10.56064 1.45136 9.64300
v -10.57536 1.43664 9.64300
v -10.56064 1.43664 9.64300
v -10.56064 1.45136 9.63500
v -10.57536 1.45136 9.63500
v -10.56064 1.43664 9.63500
v -10.57536 1.43664 9.63500
v -10.54464 1.45136 9.64300
v -10.54464 1.45136 9.63500
v -10.54464 1.43664 9.64300
v -10.54464 1.43664 9.63500
v -10.55936 1.45136 9.63500
v -10.55936 1.45136 9.64300
v -10.55936 1.43664 9.63500
v -10.55936 1.43664 9.64300
v -10.55936 1.45136 9.63500
v -10.54464 1.45136 9.63500
v -10.55936 1.45136 9.64300
v -10.54464 1.45136 9.64300
v -10.55936 1.43664 9.64300
v -10.54464 1.43664 9.64300
v -10.55936 1.43664 9.63500
v -10.54464 1.43664 9.63500
v -10.55936 1.45136 9.64300
v -10.54464 1.45136 9.64300
v -10.55936 1.43664 9.64300
v -10.54464 1.43664 9.64300
v -10.54464 1.45136 9.63500
v -10.55936 1.45136 9.63500
v -10.54464 1.43664 9.63500
v -10.55936 1.43664 9.63500
v -10.52864 1.45136 9.64300
v -10.52864 1.45136 9.63500
v -10.52864 1.43664 9.64300
v -10.52864 1.43664 9.63500
v -10.54336 1.45136 9.63500
v -10.54336 1.45136 9.64300
v -10.54336 1.43664 9.63500
v -10.54336 1.43664 9.64300
v -10.54336 1.45136 9.63500
v -10.52864 1.45136 9.63500
v -10.54336 1.45136 9.64300
v -10.52864 1.45136 9.64300
v -10.54336 1.43664 9.64300
v -10.52864 1.43664 9.64300
v -10.54336 1.43664 9.63500
v -10.52864 1.43664 9.63500
v -10.54336 1.45136 9.64300
v -10.52864 1.45136 9.64300
v -10.54336 1.43664 9.64300
v -10.52864 1.43664 9.64300
v -10.52864 1.45136 9.63500
v -10.54336 1.45136 9.63500
v -10.52864 1.43664 9.63500
v -10.54336 1.43664 9.63500
v -10.51264 1.45136 9.64300
v -10.51264 1.45136 9.63500
v -10.51264 1.43664 9.64300
v -10.51264 1.43664 9.63500
v -10.52736 1.45136 9.63500
v -10.52736 1.45136 9.64300
v -10.52736 1.43664 9.63500
v -10.52736 1.43664 9.64300
v -10.52736 1.45136 9.63500
v -10.51264 1.45136 9.63500
v -10.52736 1.45136 9.64300
v -10.51264 1.45136 9.64300
v -10.52736 1.43664 9.64300
v -10.51264 1.43664 9.64300
v -10.52736 1.43664 9.63500
v -10.51264 1.43664 9.63500
v -10.52736 1.45136 9.64300
v -10.51264 1.45136 9.64300
v -10.52736 1.43664 9.64300
v -10.51264 1.43664 9.64300
v -10.51264 1.45136 9.63500
v -10.52736 1.45136 9.63500
v -10.51264 1.43664 9.63500
v -10.52736 1.43664 9.63500
v -10.48064 1.54736 9.64300
v -10.48064 1.54736 9.63500
v -10.48064 1.53264 9.64300
v -10.48064 1.53264 9.63500
v -10.49536 1.54736 9.63500
v -10.49536 1.54736 9.64300
v -10.49536 1.53264 9.63500
v -10.49536 1.53264 9.64300
v -10.49536 1.54736 9.63500
v -10.48064 1.54736 9.63500
v -10.49536 1.54736 9.64300
v -10.48064 1.54736 9.64300
v -10.49536 1.53264 9.64300
v -10.48064 1.53264 9.64300
v -10.49536 1.53264 9.63500
v -10.48064 1.53264 9.63500
v -10.49536 1.54736 9.64300
v -10.48064 1.54736 9.64300
v -10.49536 1.53264 9.64300
v -10.48064 1.53264 9.64300
v -10.48064 1.54736 9.63500
v -10.49536 1.54736 9.63500
v -10.48064 1.53264 9.63500
v -10.49536 1.53264 9.63500
v -10.46464 1.54736 9.64300
v -10.46464 1.54736 9.63500
v -10.46464 1.53264 9.64300
v -10.46464 1.53264 9.63500
v -10.47936 1.54736 9.63500
v -10.47936 1.54736 9.64300
v -10.47936 1.53264 9.63500
v -10.47936 1.53264 9.64300
v -10.47936 1.54736 9.63500
v -10.46464 1.54736 9.63500
v -10.47936 1.54736 9.64300
v -10.46464 1.54736 9.64300
v -10.47936 1.53264 9.64300
v -10.46464 1.53264 9.64300
v -10.47936 1.53264 9.63500
v -10.46464 1.53264 9.63500
v -10.47936 1.54736 9.64300
v -10.46464 1.54736 9.64300
v -10.47936 1.53264 9.64300
v -10.46464 1.53264 9.64300
v -10.46464 1.54736 9.63500
v -10.47936 1.54736 9.63500
v -10.46464 1.53264 9.63500
v -10.47936 1.53264 9.63500
v -10.44864 1.54736 9.64300
v -10.44864 1.54736 9.63500
v -10.44864 1.53264 9.64300
v -10.44864 1.53264 9.63500
v -10.46336 1.54736 9.63500
v -10.46336 1.54736 9.64300
v -10.46336 1.53264 9.63500
v -10.46336 1.53264 9.64300
v -10.46336 1.54736 9.63500
v -10.44864 1.54736 9.63500
v -10.46336 1.54736 9.64300
v -10.44864 1.54736 9.64300
v -10.46336 1.53264 9.64300
v -10.44864 1.53264 9.64300
v -10.46336 1.53264 9.63500
v -10.44864 1.53264 9.63500
v -10.46336 1.54736 9.64300
v -10.44864 1.54736 9.64300
v -10.46336 1.53264 9.64300
v -10.44864 1.53264 9.64300
v -10.44864 1.54736 9.63500
v -10.46336 1.54736 9.63500
v -10.44864 1.53264 9.63500
v -10.46336 1.53264 9.63500
v -10.43264 1.54736 9.64300
v -10.43264 1.54736 9.63500
v -10.43264 1.53264 9.64300
v -10.43264 1.53264 9.63500
v -10.44736 1.54736 9.63500
v -10.44736 1.54736 9.64300
v -10.44736 1.53264 9.63500
v -10.44736 1.53264 9.64300
v -10.44736 1.54736 9.63500
v -10.43264 1.54736 9.63500
v -10.44736 1.54736 9.64300
v -10.43264 1.54736 9.64300
v -10.44736 1.53264 9.64300
v -10.43264 1.53264 9.64300
v -10.44736 1.53264 9.63500
v -10.43264 1.53264 9.63500
v -10.44736 1.54736 9.64300
v -10.43264 1.54736 9.64300
v -10.44736 1.53264 9.64300
v -10.43264 1.53264 9.64300
v -10.43264 1.54736 9.63500
v -10.44736 1.54736 9.63500
v -10.43264 1.53264 9.63500
v -10.44736 1.53264 9.63500
v -10.41664 1.54736 9.64300
v -10.41664 1.54736 9.63500
v -10.41664 1.53264 9.64300
v -10.41664 1.53264 9.63500
v -10.43136 1.54736 9.63500
v -10.43136 1.54736 9.64300
v -10.43136 1.53264 9.63500
v -10.43136 1.53264 9.64300
v -10.43136 1.54736 9.63500
v -10.41664 1.54736 9.63500
v -10.43136 1.54736 9.64300
v -10.41664 1.54736 9.64300
v -10.43136 1.53264 9.64300
v -10.41664 1.53264 9.64300
v -10.43136 1.53264 9.63500
v -10.41664 1.53264 9.63500
v -10.43136 1.54736 9.64300
v -10.41664 1.54736 9.64300
v -10.43136 1.53264 9.64300
v -10.41664 1.53264 9.64300
v -10.41664 1.54736 9.63500
v -10.43136 1.54736 9.63500
v -10.41664 1.53264 9.63500
v -10.43136 1.53264 9.63500
v -10.44864 1.53136 9.64300
v -10.44864 1.53136 9.63500
v -10.44864 1.51664 9.64300
v -10.44864 1.51664 9.63500
v -10.46336 1.53136 9.63500
v -10.46336 1.53136 9.64300
v -10.46336 1.51664 9.63500
v -10.46336 1.51664 9.64300
v -10.46336 1.53136 9.63500
v -10.44864 1.53136 9.63500
v -10.46336 1.53136 9.64300
v -10.44864 1.53136 9.64300
v -10.46336 1.51664 9.64300
v -10.44864 1.51664 9.64300
v -10.46336 1.51664 9.63500
v -10.44864 1.51664 9.63500
v -10.46336 1.53136 9.64300
v -10.44864 1.53136 9.64300
v -10.46336 1.51664 9.64300
v -10.44864 1.51664 9.64300
v -10.44864 1.53136 9.63500
v -10.46336 1.53136 9.63500
v -10.44864 1.51664 9.63500
v -10.46336 1.51664 9.63500
v -10.44864 1.51536 9.64300
v -10.44864 1.51536 9.63500
v -10.44864 1.50064 9.64300
v -10.44864 1.50064 9.63500
v -10.46336 1.51536 9.63500
v -10.46336 1.51536 9.64300
v -10.46336 1.50064 9.63500
v -10.46336 1.50064 9.64300
v -10.46336 1.51536 9.63500
v -10.44864 1.51536 9.63500
v -10.46336 1.51536 9.64300
v -10.44864 1.51536 9.64300
v -10.46336 1.50064 9.64300
v -10.44864 1.50064 9.64300
v -10.46336 1.50064 9.63500
v -10.44864 1.50064 9.63500
v -10.46336 1.51536 9.64300
v -10.44864 1.51536 9.64300
v -10.46336 1.50064 9.64300
v -10.44864 1.50064 9.64300
v -10.44864 1.51536 9.63500
v -10.46336 1.51536 9.63500
v -10.44864 1.50064 9.63500
v -10.46336 1.50064 9.63500
v -10.44864 1.49936 9.64300
v -10.44864 1.49936 9.63500
v -10.44864 1.48464 9.64300
v -10.44864 1.48464 9.63500
v -10.46336 1.49936 9.63500
v -10.46336 1.49936 9.64300
v -10.46336 1.48464 9.63500
v -10.46336 1.48464 9.64300
v -10.46336 1.49936 9.63500
v -10.44864 1.49936 9.63500
v -10.46336 1.49936 9.64300
v -10.44864 1.49936 9.64300
v -10.46336 1.48464 9.64300
v -10.44864 1.48464 9.64300
v -10.46336 1.48464 9.63500
v -10.44864 1.48464 9.63500
v -10.46336 1.49936 9.64300
v -10.44864 1.49936 9.64300
v -10.46336 1.48464 9.64300
v -10.44864 1.48464 9.64300
v -10.44864 1.49936 9.63500
v -10.46336 1.49936 9.63500
v -10.44864 1.48464 9.63500
v -10.46336 1.48464 9.63500
v -10.44864 1.48336 9.64300
v -10.44864 1.48336 9.63500
v -10.44864 1.46864 9.64300
v -10.44864 1.46864 9.63500
v -10.46336 1.48336 9.63500
v -10.46336 1.48336 9.64300
v -10.46336 1.46864 9.63500
v -10.46336 1.46864 9.64300
v -10.46336 1.48336 9.63500
v -10.44864 1.48336 9.63500
v -10.46336 1.48336 9.64300
v -10.44864 1.48336 9.64300
v -10.46336 1.46864 9.64300
v -10.44864 1.46864 9.64300
v -10.46336 1.46864 9.63500
v -10.44864 1.46864 9.63500
v -10.46336 1.48336 9.64300
v -10.44864 1.48336 9.64300
v -10.46336 1.46864 9.64300
v -10.44864 1.46864 9.64300
v -10.44864 1.48336 9.63500
v -10.46336 1.48336 9.63500
v -10.44864 1.46864 9.63500
v -10.46336 1.46864 9.63500
v -10.44864 1.46736 9.64300
v -10.44864 1.46736 9.63500
v -10.44864 1.45264 9.64300
v -10.44864 1.45264 9.63500
v -10.46336 1.46736 9.63500
v -10.46336 1.46736 9.64300
v -10.46336 1.45264 9.63500
v -10.46336 1.45264 9.64300
v -10.46336 1.46736 9.63500
v -10.44864 1.46736 9.63500
v -10.46336 1.46736 9.64300
v -10.44864 1.46736 9.64300
v -10.46336 1.45264 9.64300
v -10.44864 1.45264 9.64300
v -10.46336 1.45264 9.63500
v -10.44864 1.45264 9.63500
v -10.46336 1.46736 9.64300
v -10.44864 1.46736 9.64300
v -10.46336 1.45264 9.64300
v -10.44864 1.45264 9.64300
v -10.44864 1.46736 9.63500
v -10.46336 1.46736 9.63500
v -10.44864 1.45264 9.63500
v -10.46336 1.45264 9.63500
v -10.44864 1.45136 9.64300
v -10.44864 1.45136 9.63500
v -10.44864 1.43664 9.64300
v -10.44864 1.43664 9.63500
v -10.46336 1.45136 9.63500
v -10.46336 1.45136 9.64300
v -10.46336 1.43664 9.63500
v -10.46336 1.43664 9.64300
v -10.46336 1.45136 9.63500
v -10.44864 1.45136 9.63500
v -10.46336 1.45136 9.64300
v -10.44864 1.45136 9.64300
v -10.46336 1.43664 9.64300
v -10.44864 1.43664 9.64300
v -10.46336 1.43664 9.63500
v -10.44864 1.43664 9.63500
v -10.46336 1.45136 9.64300
v -10.44864 1.45136 9.64300
v -10.46336 1.43664 9.64300
v -10.44864 1.43664 9.64300
v -10.44864 1.45136 9.63500
v -10.46336 1.45136 9.63500
v -10.44864 1.43664 9.63500
v -10.46336 1.43664 9.63500
v -10.38464 1.54736 9.64300
v -10.38464 1.54736 9.63500
v -10.38464 1.53264 9.64300
v -10.38464 1.53264 9.63500
v -10.39936 1.54736 9.63500
v -10.39936 1.54736 9.64300
v -10.39936 1.53264 9.63500
v -10.39936 1.53264 9.64300
v -10.39936 1.54736 9.63500
v -10.38464 1.54736 9.63500
v -10.39936 1.54736 9.64300
v -10.38464 1.54736 9.64300
v -10.39936 1.53264 9.64300
v -10.38464 1.53264 9.64300
v -10.39936 1.53264 9.63500
v -10.38464 1.53264 9.63500
v -10.39936 1.54736 9.64300
v -10.38464 1.54736 9.64300
v -10.39936 1.53264 9.64300
v -10.38464 1.53264 9.64300
v -10.38464 1.54736 9.63500
v -10.39936 1.54736 9.63500
v -10.38464 1.53264 9.63500
v -10.39936 1.53264 9.63500
v -10.36864 1.54736 9.64300
v -10.36864 1.54736 9.63500
v -10.36864 1.53264 9.64300
v -10.36864 1.53264 9.63500
v -10.38336 1.54736 9.63500
v -10.38336 1.54736 9.64300
v -10.38336 1.53264 9.63500
v -10.38336 1.53264 9.64300
v -10.38336 1.54736 9.63500
v -10.36864 1.54736 9.63500
v -10.38336 1.54736 9.64300
v -10.36864 1.54736 9.64300
v -10.38336 1.53264 9.64300
v -10.36864 1.53264 9.64300
v -10.38336 1.53264 9.63500
v -10.36864 1.53264 9.63500
v -10.38336 1.54736 9.64300
v -10.36864 1.54736 9.64300
v -10.38336 1.53264 9.64300
v -10.36864 1.53264 9.64300
v -10.36864 1.54736 9.63500
v -10.38336 1.54736 9.63500
v -10.36864 1.53264 9.63500
v -10.38336 1.53264 9.63500
v -10.35264 1.54736 9.64300
v -10.35264 1.54736 9.63500
v -10.35264 1.53264 9.64300
v -10.35264 1.53264 9.63500
v -10.36736 1.54736 9.63500
v -10.36736 1.54736 9.64300
v -10.36736 1.53264 9.63500
v -10.36736 1.53264 9.64300
v -10.36736 1.54736 9.63500
v -10.35264 1.54736 9.63500
v -10.36736 1.54736 9.64300
v -10.35264 1.54736 9.64300
v -10.36736 1.53264 9.64300
v -10.35264 1.53264 9.64300
v -10.36736 1.53264 9.63500
v -10.35264 1.53264 9.63500
v -10.36736 1.54736 9.64300
v -10.35264 1.54736 9.64300
v -10.36736 1.53264 9.64300
v -10.35264 1.53264 9.64300
v -10.35264 1.54736 9.63500
v -10.36736 1.54736 9.63500
v -10.35264 1.53264 9.63500
v -10.36736 1.53264 9.63500
v -10.33664 1.54736 9.64300
v -10.33664 1.54736 9.63500
v -10.33664 1.53264 9.64300
v -10.33664 1.53264 9.63500
v -10.35136 1.54736 9.63500
v -10.35136 1.54736 9.64300
v -10.35136 1.53264 9.63500
v -10.35136 1.53264 9.64300
v -10.35136 1.54736 9.63500
v -10.33664 1.54736 9.63500
v -10.35136 1.54736 9.64300
v -10.33664 1.54736 9.64300
v -10.35136 1.53264 9.64300
v -10.33664 1.53264 9.64300
v -10.35136 1.53264 9.63500
v -10.33664 1.53264 9.63500
v -10.35136 1.54736 9.64300
v -10.33664 1.54736 9.64300
v -10.35136 1.53264 9.64300
v -10.33664 1.53264 9.64300
v -10.33664 1.54736 9.63500
v -10.35136 1.54736 9.63500
v -10.33664 1.53264 9.63500
v -10.35136 1.53264 9.63500
v -10.32064 1.54736 9.64300
v -10.32064 1.54736 9.63500
v -10.32064 1.53264 9.64300
v -10.32064 1.53264 9.63500
v -10.33536 1.54736 9.63500
v -10.33536 1.54736 9.64300
v -10.33536 1.53264 9.63500
v -10.33536 1.53264 9.64300
v -10.33536 1.54736 9.63500
v -10.32064 1.54736 9.63500
v -10.33536 1.54736 9.64300
v -10.32064 1.54736 9.64300
v -10.33536 1.53264 9.64300
v -10.32064 1.53264 9.64300
v -10.33536 1.53264 9.63500
v -10.32064 1.53264 9.63500
v -10.33536 1.54736 9.64300
v -10.32064 1.54736 9.64300
v -10.33536 1.53264 9.64300
v -10.32064 1.53264 9.64300
v -10.32064 1.54736 9.63500
v -10.33536 1.54736 9.63500
v -10.32064 1.53264 9.63500
v -10.33536 1.53264 9.63500
v -10.35264 1.53136 9.64300
v -10.35264 1.53136 9.63500
v -10.35264 1.51664 9.64300
v -10.35264 1.51664 9.63500
v -10.36736 1.53136 9.63500
v -10.36736 1.53136 9.64300
v -10.36736 1.51664 9.63500
v -10.36736 1.51664 9.64300
v -10.36736 1.53136 9.63500
v -10.35264 1.53136 9.63500
v -10.36736 1.53136 9.64300
v -10.35264 1.53136 9.64300
v -10.36736 1.51664 9.64300
v -10.35264 1.51664 9.64300
v -10.36736 1.51664 9.63500
v -10.35264 1.51664 9.63500
v -10.36736 1.53136 9.64300
v -10.35264 1.53136 9.64300
v -10.36736 1.51664 9.64300
v -10.35264 1.51664 9.64300
v -10.35264 1.53136 9.63500
v -10.36736 1.53136 9.63500
v -10.35264 1.51664 9.63500
v -10.36736 1.51664 9.63500
v -10.35264 1.51536 9.64300
v -10.35264 1.51536 9.63500
v -10.35264 1.50064 9.64300
v -10.35264 1.50064 9.63500
v -10.36736 1.51536 9.63500
v -10.36736 1.51536 9.64300
v -10.36736 1.50064 9.63500
v -10.36736 1.50064 9.64300
v -10.36736 1.51536 9.63500
v -10.35264 1.51536 9.63500
v -10.36736 1.51536 9.64300
v -10.35264 1.51536 9.64300
v -10.36736 1.50064 9.64300
v -10.35264 1.50064 9.64300
v -10.36736 1.50064 9.63500
v -10.35264 1.50064 9.63500
v -10.36736 1.51536 9.64300
v -10.35264 1.51536 9.64300
v -10.36736 1.50064 9.64300
v -10.35264 1.50064 9.64300
v -10.35264 1.51536 9.63500
v -10.36736 1.51536 9.63500
v -10.35264 1.50064 9.63500
v -10.36736 1.50064 9.63500
v -10.35264 1.49936 9.64300
v -10.35264 1.49936 9.63500
v -10.35264 1.48464 9.64300
v -10.35264 1.48464 9.63500
v -10.36736 1.49936 9.63500
v -10.36736 1.49936 9.64300
v -10.36736 1.48464 9.63500
v -10.36736 1.48464 9.64300
v -10.36736 1.49936 9.63500
v -10.35264 1.49936 9.63500
v -10.36736 1.49936 9.64300
v -10.35264 1.49936 9.64300
v -10.36736 1.48464 9.64300
v -10.35264 1.48464 9.64300
v -10.36736 1.48464 9.63500
v -10.35264 1.48464 9.63500
v -10.36736 1.49936 9.64300
v -10.35264 1.49936 9.64300
v -10.36736 1.48464 9.64300
v -10.35264 1.48464 9.64300
v -10.35264 1.49936 9.63500
v -10.36736 1.49936 9.63500
v -10.35264 1.48464 9.63500
v -10.36736 1.48464 9.63500
v -10.35264 1.48336 9.64300
v -10.35264 1.48336 9.63500
v -10.35264 1.46864 9.64300
v -10.35264 1.46864 9.63500
v -10.36736 1.48336 9.63500
v -10.36736 1.48336 9.64300
v -10.36736 1.46864 9.63500
v -10.36736 1.46864 9.64300
v -10.36736 1.48336 9.63500
v -10.35264 1.48336 9.63500
v -10.36736 1.48336 9.64300
v -10.35264 1.48336 9.64300
v -10.36736 1.46864 9.64300
v -10.35264 1.46864 9.64300
v -10.36736 1.46864 9.63500
v -10.35264 1.46864 9.63500
v -10.36736 1.48336 9.64300
v -10.35264 1.48336 9.64300
v -10.36736 1.46864 9.64300
v -10.35264 1.46864 9.64300
v -10.35264 1.48336 9.63500
v -10.36736 1.48336 9.63500
v -10.35264 1.46864 9.63500
v -10.36736 1.46864 9.63500
v -10.35264 1.46736 9.64300
v -10.35264 1.46736 9.63500
v -10.35264 1.45264 9.64300
v -10.35264 1.45264 9.63500
v -10.36736 1.46736 9.63500
v -10.36736 1.46736 9.64300
v -10.36736 1.45264 9.63500
v -10.36736 1.45264 9.64300
v -10.36736 1.46736 9.63500
v -10.35264 1.46736 9.63500
v -10.36736 1.46736 9.64300
v -10.35264 1.46736 9.64300
v -10.36736 1.45264 9.64300
v -10.35264 1.45264 9.64300
v -10.36736 1.45264 9.63500
v -10.35264 1.45264 9.63500
v -10.36736 1.46736 9.64300
v -10.35264 1.46736 9.64300
v -10.36736 1.45264 9.64300
v -10.35264 1.45264 9.64300
v -10.35264 1.46736 9.63500
v -10.36736 1.46736 9.63500
v -10.35264 1.45264 9.63500
v -10.36736 1.45264 9.63500
v -10.38464 1.45136 9.64300
v -10.38464 1.45136 9.63500
v -10.38464 1.43664 9.64300
v -10.38464 1.43664 9.63500
v -10.39936 1.45136 9.63500
v -10.39936 1.45136 9.64300
v -10.39936 1.43664 9.63500
v -10.39936 1.43664 9.64300
v -10.39936 1.45136 9.63500
v -10.38464 1.45136 9.63500
v -10.39936 1.45136 9.64300
v -10.38464 1.45136 9.64300
v -10.39936 1.43664 9.64300
v -10.38464 1.43664 9.64300
v -10.39936 1.43664 9.63500
v -10.38464 1.43664 9.63500
v -10.39936 1.45136 9.64300
v -10.38464 1.45136 9.64300
v -10.39936 1.43664 9.64300
v -10.38464 1.43664 9.64300
v -10.38464 1.45136 9.63500
v -10.39936 1.45136 9.63500
v -10.38464 1.43664 9.63500
v -10.39936 1.43664 9.63500
v -10.36864 1.45136 9.64300
v -10.36864 1.45136 9.63500
v -10.36864 1.43664 9.64300
v -10.36864 1.43664 9.63500
v -10.38336 1.45136 9.63500
v -10.38336 1.45136 9.64300
v -10.38336 1.43664 9.63500
v -10.38336 1.43664 9.64300
v -10.38336 1.45136 9.63500
v -10.36864 1.45136 9.63500
v -10.38336 1.45136 9.64300
v -10.36864 1.45136 9.64300
v -10.38336 1.43664 9.64300
v -10.36864 1.43664 9.64300
v -10.38336 1.43664 9.63500
v -10.36864 1.43664 9.63500
v -10.38336 1.45136 9.64300
v -10.36864 1.45136 9.64300
v -10.38336 1.43664 9.64300
v -10.36864 1.43664 9.64300
v -10.36864 1.45136 9.63500
v -10.38336 1.45136 9.63500
v -10.36864 1.43664 9.63500
v -10.38336 1.43664 9.63500
v -10.35264 1.45136 9.64300
v -10.35264 1.45136 9.63500
v -10.35264 1.43664 9.64300
v -10.35264 1.43664 9.63500
v -10.36736 1.45136 9.63500
v -10.36736 1.45136 9.64300
v -10.36736 1.43664 9.63500
v -10.36736 1.43664 9.64300
v -10.36736 1.45136 9.63500
v -10.35264 1.45136 9.63500
v -10.36736 1.45136 9.64300
v -10.35264 1.45136 9.64300
v -10.36736 1.43664 9.64300
v -10.35264 1.43664 9.64300
v -10.36736 1.43664 9.63500
v -10.35264 1.43664 9.63500
v -10.36736 1.45136 9.64300
v -10.35264 1.45136 9.64300
v -10.36736 1.43664 9.64300
v -10.35264 1.43664 9.64300
v -10.35264 1.45136 9.63500
v -10.36736 1.45136 9.63500
v -10.35264 1.43664 9.63500
v -10.36736 1.43664 9.63500
v -10.33664 1.45136 9.64300
v -10.33664 1.45136 9.63500
v -10.33664 1.43664 9.64300
v -10.33664 1.43664 9.63500
v -10.35136 1.45136 9.63500
v -10.35136 1.45136 9.64300
v -10.35136 1.43664 9.63500
v -10.35136 1.43664 9.64300
v -10.35136 1.45136 9.63500
v -10.33664 1.45136 9.63500
v -10.35136 1.45136 9.64300
v -10.33664 1.45136 9.64300
v -10.35136 1.43664 9.64300
v -10.33664 1.43664 9.64300
v -10.35136 1.43664 9.63500
v -10.33664 1.43664 9.63500
v -10.35136 1.45136 9.64300
v -10.33664 1.45136 9.64300
v -10.35136 1.43664 9.64300
v -10.33664 1.43664 9.64300
v -10.33664 1.45136 9.63500
v -10.35136 1.45136 9.63500
v -10.33664 1.43664 9.63500
v -10.35136 1.43664 9.63500
v -10.32064 1.45136 9.64300
v -10.32064 1.45136 9.63500
v -10.32064 1.43664 9.64300
v -10.32064 1.43664 9.63500
v -10.33536 1.45136 9.63500
v -10.33536 1.45136 9.64300
v -10.33536 1.43664 9.63500
v -10.33536 1.43664 9.64300
v -10.33536 1.45136 9.63500
v -10.32064 1.45136 9.63500
v -10.33536 1.45136 9.64300
v -10.32064 1.45136 9.64300
v -10.33536 1.43664 9.64300
v -10.32064 1.43664 9.64300
v -10.33536 1.43664 9.63500
v -10.32064 1.43664 9.63500
v -10.33536 1.45136 9.64300
v -10.32064 1.45136 9.64300
v -10.33536 1.43664 9.64300
v -10.32064 1.43664 9.64300
v -10.32064 1.45136 9.63500
v -10.33536 1.45136 9.63500
v -10.32064 1.43664 9.63500
v -10.33536 1.43664 9.63500
v -10.27264 1.54736 9.64300
v -10.27264 1.54736 9.63500
v -10.27264 1.53264 9.64300
v -10.27264 1.53264 9.63500
v -10.28736 1.54736 9.63500
v -10.28736 1.54736 9.64300
v -10.28736 1.53264 9.63500
v -10.28736 1.53264 9.64300
v -10.28736 1.54736 9.63500
v -10.27264 1.54736 9.63500
v -10.28736 1.54736 9.64300
v -10.27264 1.54736 9.64300
v -10.28736 1.53264 9.64300
v -10.27264 1.53264 9.64300
v -10.28736 1.53264 9.63500
v -10.27264 1.53264 9.63500
v -10.28736 1.54736 9.64300
v -10.27264 1.54736 9.64300
v -10.28736 1.53264 9.64300
v -10.27264 1.53264 9.64300
v -10.27264 1.54736 9.63500
v -10.28736 1.54736 9.63500
v -10.27264 1.53264 9.63500
v -10.28736 1.53264 9.63500
v -10.25664 1.54736 9.64300
v -10.25664 1.54736 9.63500
v -10.25664 1.53264 9.64300
v -10.25664 1.53264 9.63500
v -10.27136 1.54736 9.63500
v -10.27136 1.54736 9.64300
v -10.27136 1.53264 9.63500
v -10.27136 1.53264 9.64300
v -10.27136 1.54736 9.63500
v -10.25664 1.54736 9.63500
v -10.27136 1.54736 9.64300
v -10.25664 1.54736 9.64300
v -10.27136 1.53264 9.64300
v -10.25664 1.53264 9.64300
v -10.27136 1.53264 9.63500
v -10.25664 1.53264 9.63500
v -10.27136 1.54736 9.64300
v -10.25664 1.54736 9.64300
v -10.27136 1.53264 9.64300
v -10.25664 1.53264 9.64300
v -10.25664 1.54736 9.63500
v -10.27136 1.54736 9.63500
v -10.25664 1.53264 9.63500
v -10.27136 1.53264 9.63500
v -10.24064 1.54736 9.64300
v -10.24064 1.54736 9.63500
v -10.24064 1.53264 9.64300
v -10.24064 1.53264 9.63500
v -10.25536 1.54736 9.63500
v -10.25536 1.54736 9.64300
v -10.25536 1.53264 9.63500
v -10.25536 1.53264 9.64300
v -10.25536 1.54736 9.63500
v -10.24064 1.54736 9.63500
v -10.25536 1.54736 9.64300
v -10.24064 1.54736 9.64300
v -10.25536 1.53264 9.64300
v -10.24064 1.53264 9.64300
v -10.25536 1.53264 9.63500
v -10.24064 1.53264 9.63500
v -10.25536 1.54736 9.64300
v -10.24064 1.54736 9.64300
v -10.25536 1.53264 9.64300
v -10.24064 1.53264 9.64300
v -10.24064 1.54736 9.63500
v -10.25536 1.54736 9.63500
v -10.24064 1.53264 9.63500
v -10.25536 1.53264 9.63500
v -10.28864 1.53136 9.64300
v -10.28864 1.53136 9.63500
v -10.28864 1.51664 9.64300
v -10.28864 1.51664 9.63500
v -10.30336 1.53136 9.63500
v -10.30336 1.53136 9.64300
v -10.30336 1.51664 9.63500
v -10.30336 1.51664 9.64300
v -10.30336 1.53136 9.63500
v -10.28864 1.53136 9.63500
v -10.30336 1.53136 9.64300
v -10.28864 1.53136 9.64300
v -10.30336 1.51664 9.64300
v -10.28864 1.51664 9.64300
v -10.30336 1.51664 9.63500
v -10.28864 1.51664 9.63500
v -10.30336 1.53136 9.64300
v -10.28864 1.53136 9.64300
v -10.30336 1.51664 9.64300
v -10.28864 1.51664 9.64300
v -10.28864 1.53136 9.63500
v -10.30336 1.53136 9.63500
v -10.28864 1.51664 9.63500
v -10.30336 1.51664 9.63500
v -10.22464 1.53136 9.64300
v -10.22464 1.53136 9.63500
v -10.22464 1.51664 9.64300
v -10.22464 1.51664 9.63500
v -10.23936 1.53136 9.63500
v -10.23936 1.53136 9.64300
v -10.23936 1.51664 9.63500
v -10.23936 1.51664 9.64300
v -10.23936 1.53136 9.63500
v -10.22464 1.53136 9.63500
v -10.23936 1.53136 9.64300
v -10.22464 1.53136 9.64300
v -10.23936 1.51664 9.64300
v -10.22464 1.51664 9.64300
v -10.23936 1.51664 9.63500
v -10.22464 1.51664 9.63500
v -10.23936 1.53136 9.64300
v -10.22464 1.53136 9.64300
v -10.23936 1.51664 9.64300
v -10.22464 1.51664 9.64300
v -10.22464 1.53136 9.63500
v -10.23936 1.53136 9.63500
v -10.22464 1.51664 9.63500
v -10.23936 1.51664 9.63500
v -10.28864 1.51536 9.64300
v -10.28864 1.51536 9.63500
v -10.28864 1.50064 9.64300
v -10.28864 1.50064 9.63500
v -10.30336 1.51536 9.63500
v -10.30336 1.51536 9.64300
v -10.30336 1.50064 9.63500
v -10.30336 1.50064 9.64300
v -10.30336 1.51536 9.63500
v -10.28864 1.51536 9.63500
v -10.30336 1.51536 9.64300
v -10.28864 1.51536 9.64300
v -10.30336 1.50064 9.64300
v -10.28864 1.50064 9.64300
v -10.30336 1.50064 9.63500
v -10.28864 1.50064 9.63500
v -10.30336 1.51536 9.64300
v -10.28864 1.51536 9.64300
v -10.30336 1.50064 9.64300
v -10.28864 1.50064 9.64300
v -10.28864 1.51536 9.63500
v -10.30336 1.51536 9.63500
v -10.28864 1.50064 9.63500
v -10.30336 1.50064 9.63500
v -10.22464 1.51536 9.64300
v -10.22464 1.51536 9.63500
v -10.22464 1.50064 9.64300
v -10.22464 1.50064 9.63500
v -10.23936 1.51536 9.63500
v -10.23936 1.51536 9.64300
v -10.23936 1.50064 9.63500
v -10.23936 1.50064 9.64300
v -10.23936 1.51536 9.63500
v -10.22464 1.51536 9.63500
v -10.23936 1.51536 9.64300
v -10.22464 1.51536 9.64300
v -10.23936 1.50064 9.64300
v -10.22464 1.50064 9.64300
v -10.23936 1.50064 9.63500
v -10.22464 1.50064 9.63500
v -10.23936 1.51536 9.64300
v -10.22464 1.51536 9.64300
v -10.23936 1.50064 9.64300
v -10.22464 1.50064 9.64300
v -10.22464 1.51536 9.63500
v -10.23936 1.51536 9.63500
v -10.22464 1.50064 9.63500
v -10.23936 1.50064 9.63500
v -10.28864 1.49936 9.64300
v -10.28864 1.49936 9.63500
v -10.28864 1.48464 9.64300
v -10.28864 1.48464 9.63500
v -10.30336 1.49936 9.63500
v -10.30336 1.49936 9.64300
v -10.30336 1.48464 9.63500
v -10.30336 1.48464 9.64300
v -10.30336 1.49936 9.63500
v -10.28864 1.49936 9.63500
v -10.30336 1.49936 9.64300
v -10.28864 1.49936 9.64300
v -10.30336 1.48464 9.64300
v -10.28864 1.48464 9.64300
v -10.30336 1.48464 9.63500
v -10.28864 1.48464 9.63500
v -10.30336 1.49936 9.64300
v -10.28864 1.49936 9.64300
v -10.30336 1.48464 9.64300
v -10.28864 1.48464 9.64300
v -10.28864 1.49936 9.63500
v -10.30336 1.49936 9.63500
v -10.28864 1.48464 9.63500
v -10.30336 1.48464 9.63500
v -10.22464 1.49936 9.64300
v -10.22464 1.49936 9.63500
v -10.22464 1.48464 9.64300
v -10.22464 1.48464 9.63500
v -10.23936 1.49936 9.63500
v -10.23936 1.49936 9.64300
v -10.23936 1.48464 9.63500
v -10.23936 1.48464 9.64300
v -10.23936 1.49936 9.63500
v -10.22464 1.49936 9.63500
v -10.23936 1.49936 9.64300
v -10.22464 1.49936 9.64300
v -10.23936 1.48464 9.64300
v -10.22464 1.48464 9.64300
v -10.23936 1.48464 9.63500
v -10.22464 1.48464 9.63500
v -10.23936 1.49936 9.64300
v -10.22464 1.49936 9.64300
v -10.23936 1.48464 9.64300
v -10.22464 1.48464 9.64300
v -10.22464 1.49936 9.63500
v -10.23936 1.49936 9.63500
v -10.22464 1.48464 9.63500
v -10.23936 1.48464 9.63500
v -10.28864 1.48336 9.64300
v -10.28864 1.48336 9.63500
v -10.28864 1.46864 9.64300
v -10.28864 1.46864 9.63500
v -10.30336 1.48336 9.63500
v -10.30336 1.48336 9.64300
v -10.30336 1.46864 9.63500
v -10.30336 1.46864 9.64300
v -10.30336 1.48336 9.63500
v -10.28864 1.48336 9.63500
v -10.30336 1.48336 9.64300
v -10.28864 1.48336 9.64300
v -10.30336 1.46864 9.64300
v -10.28864 1.46864 9.64300
v -10.30336 1.46864 9.63500
v -10.28864 1.46864 9.63500
v -10.30336 1.48336 9.64300
v -10.28864 1.48336 9.64300
v -10.30336 1.46864 9.64300
v -10.28864 1.46864 9.64300
v -10.28864 1.48336 9.63500
v -10.30336 1.48336 9.63500
v -10.28864 1.46864 9.63500
v -10.30336 1.46864 9.63500
v -10.22464 1.48336 9.64300
v -10.22464 1.48336 9.63500
v -10.22464 1.46864 9.64300
v -10.22464 1.46864 9.63500
v -10.23936 1.48336 9.63500
v -10.23936 1.48336 9.64300
v -10.23936 1.46864 9.63500
v -10.23936 1.46864 9.64300
v -10.23936 1.48336 9.63500
v -10.22464 1.48336 9.63500
v -10.23936 1.48336 9.64300
v -10.22464 1.48336 9.64300
v -10.23936 1.46864 9.64300
v -10.22464 1.46864 9.64300
v -10.23936 1.46864 9.63500
v -10.22464 1.46864 9.63500
v -10.23936 1.48336 9.64300
v -10.22464 1.48336 9.64300
v -10.23936 1.46864 9.64300
v -10.22464 1.46864 9.64300
v -10.22464 1.48336 9.63500
v -10.23936 1.48336 9.63500
v -10.22464 1.46864 9.63500
v -10.23936 1.46864 9.63500
v -10.28864 1.46736 9.64300
v -10.28864 1.46736 9.63500
v -10.28864 1.45264 9.64300
v -10.28864 1.45264 9.63500
v -10.30336 1.46736 9.63500
v -10.30336 1.46736 9.64300
v -10.30336 1.45264 9.63500
v -10.30336 1.45264 9.64300
v -10.30336 1.46736 9.63500
v -10.28864 1.46736 9.63500
v -10.30336 1.46736 9.64300
v -10.28864 1.46736 9.64300
v -10.30336 1.45264 9.64300
v -10.28864 1.45264 9.64300
v -10.30336 1.45264 9.63500
v -10.28864 1.45264 9.63500
v -10.30336 1.46736 9.64300
v -10.28864 1.46736 9.64300
v -10.30336 1.45264 9.64300
v -10.28864 1.45264 9.64300
v -10.28864 1.46736 9.63500
v -10.30336 1.46736 9.63500
v -10.28864 1.45264 9.63500
v -10.30336 1.45264 9.63500
v -10.22464 1.46736 9.64300
v -10.22464 1.46736 9.63500
v -10.22464 1.45264 9.64300
v -10.22464 1.45264 9.63500
v -10.23936 1.46736 9.63500
v -10.23936 1.46736 9.64300
v -10.23936 1.45264 9.63500
v -10.23936 1.45264 9.64300
v -10.23936 1.46736 9.63500
v -10.22464 1.46736 9.63500
v -10.23936 1.46736 9.64300
v -10.22464 1.46736 9.64300
v -10.23936 1.45264 9.64300
v -10.22464 1.45264 9.64300
v -10.23936 1.45264 9.63500
v -10.22464 1.45264 9.63500
v -10.23936 1.46736 9.64300
v -10.22464 1.46736 9.64300
v -10.23936 1.45264 9.64300
v -10.22464 1.45264 9.64300
v -10.22464 1.46736 9.63500
v -10.23936 1.46736 9.63500
v -10.22464 1.45264 9.63500
v -10.23936 1.45264 9.63500
v -10.27264 1.45136 9.64300
v -10.27264 1.45136 9.63500
v -10.27264 1.43664 9.64300
v -10.27264 1.43664 9.63500
v -10.28736 1.45136 9.63500
v -10.28736 1.45136 9.64300
v -10.28736 1.43664 9.63500
v -10.28736 1.43664 9.64300
v -10.28736 1.45136 9.63500
v -10.27264 1.45136 9.63500
v -10.28736 1.45136 9.64300
v -10.27264 1.45136 9.64300
v -10.28736 1.43664 9.64300
v -10.27264 1.43664 9.64300
v -10.28736 1.43664 9.63500
v -10.27264 1.43664 9.63500
v -10.28736 1.45136 9.64300
v -10.27264 1.45136 9.64300
v -10.28736 1.43664 9.64300
v -10.27264 1.43664 9.64300
v -10.27264 1.45136 9.63500
v -10.28736 1.45136 9.63500
v -10.27264 1.43664 9.63500
v -10.28736 1.43664 9.63500
v -10.25664 1.45136 9.64300
v -10.25664 1.45136 9.63500
v -10.25664 1.43664 9.64300
v -10.25664 1.43664 9.63500
v -10.27136 1.45136 9.63500
v -10.27136 1.45136 9.64300
v -10.27136 1.43664 9.63500
v -10.27136 1.43664 9.64300
v -10.27136 1.45136 9.63500
v -10.25664 1.45136 9.63500
v -10.27136 1.45136 9.64300
v -10.25664 1.45136 9.64300
v -10.27136 1.43664 9.64300
v -10.25664 1.43664 9.64300
v -10.27136 1.43664 9.63500
v -10.25664 1.43664 9.63500
v -10.27136 1.45136 9.64300
v -10.25664 1.45136 9.64300
v -10.27136 1.43664 9.64300
v -10.25664 1.43664 9.64300
v -10.25664 1.45136 9.63500
v -10.27136 1.45136 9.63500
v -10.25664 1.43664 9.63500
v -10.27136 1.43664 9.63500
v -10.24064 1.45136 9.64300
v -10.24064 1.45136 9.63500
v -10.24064 1.43664 9.64300
v -10.24064 1.43664 9.63500
v -10.25536 1.45136 9.63500
v -10.25536 1.45136 9.64300
v -10.25536 1.43664 9.63500
v -10.25536 1.43664 9.64300
v -10.25536 1.45136 9.63500
v -10.24064 1.45136 9.63500
v -10.25536 1.45136 9.64300
v -10.24064 1.45136 9.64300
v -10.25536 1.43664 9.64300
v -10.24064 1.43664 9.64300
v -10.25536 1.43664 9.63500
v -10.24064 1.43664 9.63500
v -10.25536 1.45136 9.64300
v -10.24064 1.45136 9.64300
v -10.25536 1.43664 9.64300
v -10.24064 1.43664 9.64300
v -10.24064 1.45136 9.63500
v -10.25536 1.45136 9.63500
v -10.24064 1.43664 9.63500
v -10.25536 1.43664 9.63500
v -10.19264 1.54736 9.64300
v -10.19264 1.54736 9.63500
v -10.19264 1.53264 9.64300
v -10.19264 1.53264 9.63500
v -10.20736 1.54736 9.63500
v -10.20736 1.54736 9.64300
v -10.20736 1.53264 9.63500
v -10.20736 1.53264 9.64300
v -10.20736 1.54736 9.63500
v -10.19264 1.54736 9.63500
v -10.20736 1.54736 9.64300
v -10.19264 1.54736 9.64300
v -10.20736 1.53264 9.64300
v -10.19264 1.53264 9.64300
v -10.20736 1.53264 9.63500
v -10.19264 1.53264 9.63500
v -10.20736 1.54736 9.64300
v -10.19264 1.54736 9.64300
v -10.20736 1.53264 9.64300
v -10.19264 1.53264 9.64300
v -10.19264 1.54736 9.63500
v -10.20736 1.54736 9.63500
v -10.19264 1.53264 9.63500
v -10.20736 1.53264 9.63500
v -10.12864 1.54736 9.64300
v -10.12864 1.54736 9.63500
v -10.12864 1.53264 9.64300
v -10.12864 1.53264 9.63500
v -10.14336 1.54736 9.63500
v -10.14336 1.54736 9.64300
v -10.14336 1.53264 9.63500
v -10.14336 1.53264 9.64300
v -10.14336 1.54736 9.63500
v -10.12864 1.54736 9.63500
v -10.14336 1.54736 9.64300
v -10.12864 1.54736 9.64300
v -10.14336 1.53264 9.64300
v -10.12864 1.53264 9.64300
v -10.14336 1.53264 9.63500
v -10.12864 1.53264 9.63500
v -10.14336 1.54736 9.64300
v -10.12864 1.54736 9.64300
v -10.14336 1.53264 9.64300
v -10.12864 1.53264 9.64300
v -10.12864 1.54736 9.63500
v -10.14336 1.54736 9.63500
v -10.12864 1.53264 9.63500
v -10.14336 1.53264 9.63500
v -10.19264 1.53136 9.64300
v -10.19264 1.53136 9.63500
v -10.19264 1.51664 9.64300
v -10.19264 1.51664 9.63500
v -10.20736 1.53136 9.63500
v -10.20736 1.53136 9.64300
v -10.20736 1.51664 9.63500
v -10.20736 1.51664 9.64300
v -10.20736 1.53136 9.63500
v -10.19264 1.53136 9.63500
v -10.20736 1.53136 9.64300
v -10.19264 1.53136 9.64300
v -10.20736 1.51664 9.64300
v -10.19264 1.51664 9.64300
v -10.20736 1.51664 9.63500
v -10.19264 1.51664 9.63500
v -10.20736 1.53136 9.64300
v -10.19264 1.53136 9.64300
v -10.20736 1.51664 9.64300
v -10.19264 1.51664 9.64300
v -10.19264 1.53136 9.63500
v -10.20736 1.53136 9.63500
v -10.19264 1.51664 9.63500
v -10.20736 1.51664 9.63500
v -10.17664 1.53136 9.64300
v -10.17664 1.53136 9.63500
v -10.17664 1.51664 9.64300
v -10.17664 1.51664 9.63500
v -10.19136 1.53136 9.63500
v -10.19136 1.53136 9.64300
v -10.19136 1.51664 9.63500
v -10.19136 1.51664 9.64300
v -10.19136 1.53136 9.63500
v -10.17664 1.53136 9.63500
v -10.19136 1.53136 9.64300
v -10.17664 1.53136 9.64300
v -10.19136 1.51664 9.64300
v -10.17664 1.51664 9.64300
v -10.19136 1.51664 9.63500
v -10.17664 1.51664 9.63500
v -10.19136 1.53136 9.64300
v -10.17664 1.53136 9.64300
v -10.19136 1.51664 9.64300
v -10.17664 1.51664 9.64300
v -10.17664 1.53136 9.63500
v -10.19136 1.53136 9.63500
v -10.17664 1.51664 9.63500
v -10.19136 1.51664 9.63500
v -10.12864 1.53136 9.64300
v -10.12864 1.53136 9.63500
v -10.12864 1.51664 9.64300
v -10.12864 1.51664 9.63500
v -10.14336 1.53136 9.63500
v -10.14336 1.53136 9.64300
v -10.14336 1.51664 9.63500
v -10.14336 1.51664 9.64300
v -10.14336 1.53136 9.63500
v -10.12864 1.53136 9.63500
v -10.14336 1.53136 9.64300
v -10.12864 1.53136 9.64300
v -10.14336 1.51664 9.64300
v -10.12864 1.51664 9.64300
v -10.14336 1.51664 9.63500
v -10.12864 1.51664 9.63500
v -10.14336 1.53136 9.64300
v -10.12864 1.53136 9.64300
v -10.14336 1.51664 9.64300
v -10.12864 1.51664 9.64300
v -10.12864 1.53136 9.63500
v -10.14336 1.53136 9.63500
v -10.12864 1.51664 9.63500
v -10.14336 1.51664 9.63500
v -10.19264 1.51536 9.64300
v -10.19264 1.51536 9.63500
v -10.19264 1.50064 9.64300
v -10.19264 1.50064 9.63500
v -10.20736 1.51536 9.63500
v -10.20736 1.51536 9.64300
v -10.20736 1.50064 9.63500
v -10.20736 1.50064 9.64300
v -10.20736 1.51536 9.63500
v -10.19264 1.51536 9.63500
v -10.20736 1.51536 9.64300
v -10.19264 1.51536 9.64300
v -10.20736 1.50064 9.64300
v -10.19264 1.50064 9.64300
v -10.20736 1.50064 9.63500
v -10.19264 1.50064 9.63500
v -10.20736 1.51536 9.64300
v -10.19264 1.51536 9.64300
v -10.20736 1.50064 9.64300
v -10.19264 1.50064 9.64300
v -10.19264 1.51536 9.63500
v -10.20736 1.51536 9.63500
v -10.19264 1.50064 9.63500
v -10.20736 1.50064 9.63500
v -10.16064 1.51536 9.64300
v -10.16064 1.51536 9.63500
v -10.16064 1.50064 9.64300
v -10.16064 1.50064 9.63500
v -10.17536 1.51536 9.63500
v -10.17536 1.51536 9.64300
v -10.17536 1.50064 9.63500
v -10.17536 1.50064 9.64300
v -10.17536 1.51536 9.63500
v -10.16064 1.51536 9.63500
v -10.17536 1.51536 9.64300
v -10.16064 1.51536 9.64300
v -10.17536 1.50064 9.64300
v -10.16064 1.50064 9.64300
v -10.17536 1.50064 9.63500
v -10.16064 1.50064 9.63500
v -10.17536 1.51536 9.64300
v -10.16064 1.51536 9.64300
v -10.17536 1.50064 9.64300
v -10.16064 1.50064 9.64300
v -10.16064 1.51536 9.63500
v -10.17536 1.51536 9.63500
v -10.16064 1.50064 9.63500
v -10.17536 1.50064 9.63500
v -10.12864 1.51536 9.64300
v -10.12864 1.51536 9.63500
v -10.12864 1.50064 9.64300
v -10.12864 1.50064 9.63500
v -10.14336 1.51536 9.63500
v -10.14336 1.51536 9.64300
v -10.14336 1.50064 9.63500
v -10.14336 1.50064 9.64300
v -10.14336 1.51536 9.63500
v -10.12864 1.51536 9.63500
v -10.14336 1.51536 9.64300
v -10.12864 1.51536 9.64300
v -10.14336 1.50064 9.64300
v -10.12864 1.50064 9.64300
v -10.14336 1.50064 9.63500
v -10.12864 1.50064 9.63500
v -10.14336 1.51536 9.64300
v -10.12864 1.51536 9.64300
v -10.14336 1.50064 9.64300
v -10.12864 1.50064 9.64300
v -10.12864 1.51536 9.63500
v -10.14336 1.51536 9.63500
v -10.12864 1.50064 9.63500
v -10.14336 1.50064 9.63500
v -10.19264 1.49936 9.64300
v -10.19264 1.49936 9.63500
v -10.19264 1.48464 9.64300
v -10.19264 1.48464 9.63500
v -10.20736 1.49936 9.63500
v -10.20736 1.49936 9.64300
v -10.20736 1.48464 9.63500
v -10.20736 1.48464 9.64300
v -10.20736 1.49936 9.63500
v -10.19264 1.49936 9.63500
v -10.20736 1.49936 9.64300
v -10.19264 1.49936 9.64300
v -10.20736 1.48464 9.64300
v -10.19264 1.48464 9.64300
v -10.20736 1.48464 9.63500
v -10.19264 1.48464 9.63500
v -10.20736 1.49936 9.64300
v -10.19264 1.49936 9.64300
v -10.20736 1.48464 9.64300
v -10.19264 1.48464 9.64300
v -10.19264 1.49936 9.63500
v -10.20736 1.49936 9.63500
v -10.19264 1.48464 9.63500
v -10.20736 1.48464 9.63500
v -10.16064 1.49936 9.64300
v -10.16064 1.49936 9.63500
v -10.16064 1.48464 9.64300
v -10.16064 1.48464 9.63500
v -10.17536 1.49936 9.63500
v -10.17536 1.49936 9.64300
v -10.17536 1.48464 9.63500
v -10.17536 1.48464 9.64300
v -10.17536 1.49936 9.63500
v -10.16064 1.49936 9.63500
v -10.17536 1.49936 9.64300
v -10.16064 1.49936 9.64300
v -10.17536 1.48464 9.64300
v -10.16064 1.48464 9.64300
v -10.17536 1.48464 9.63500
v -10.16064 1.48464 9.63500
v -10.17536 1.49936 9.64300
v -10.16064 1.49936 9.64300
v -10.17536 1.48464 9.64300
v -10.16064 1.48464 9.64300
v -10.16064 1.49936 9.63500
v -10.17536 1.49936 9.63500
v -10.16064 1.48464 9.63500
v -10.17536 1.48464 9.63500
v -10.12864 1.49936 9.64300
v -10.12864 1.49936 9.63500
v -10.12864 1.48464 9.64300
v -10.12864 1.48464 9.63500
v -10.14336 1.49936 9.63500
v -10.14336 1.49936 9.64300
v -10.14336 1.48464 9.63500
v -10.14336 1.48464 9.64300
v -10.14336 1.49936 9.63500
v -10.12864 1.49936 9.63500
v -10.14336 1.49936 9.64300
v -10.12864 1.49936 9.64300
v -10.14336 1.48464 9.64300
v -10.12864 1.48464 9.64300
v -10.14336 1.48464 9.63500
v -10.12864 1.48464 9.63500
v -10.14336 1.49936 9.64300
v -10.12864 1.49936 9.64300
v -10.14336 1.48464 9.64300
v -10.12864 1.48464 9.64300
v -10.12864 1.49936 9.63500
v -10.14336 1.49936 9.63500
v -10.12864 1.48464 9.63500
v -10.14336 1.48464 9.63500
v -10.19264 1.48336 9.64300
v -10.19264 1.48336 9.63500
v -10.19264 1.46864 9.64300
v -10.19264 1.46864 9.63500
v -10.20736 1.48336 9.63500
v -10.20736 1.48336 9.64300
v -10.20736 1.46864 9.63500
v -10.20736 1.46864 9.64300
v -10.20736 1.48336 9.63500
v -10.19264 1.48336 9.63500
v -10.20736 1.48336 9.64300
v -10.19264 1.48336 9.64300
v -10.20736 1.46864 9.64300
v -10.19264 1.46864 9.64300
v -10.20736 1.46864 9.63500
v -10.19264 1.46864 9.63500
v -10.20736 1.48336 9.64300
v -10.19264 1.48336 9.64300
v -10.20736 1.46864 9.64300
v -10.19264 1.46864 9.64300
v -10.19264 1.48336 9.63500
v -10.20736 1.48336 9.63500
v -10.19264 1.46864 9.63500
v -10.20736 1.46864 9.63500
v -10.14464 1.48336 9.64300
v -10.14464 1.48336 9.63500
v -10.14464 1.46864 9.64300
v -10.14464 1.46864 9.63500
v -10.15936 1.48336 9.63500
v -10.15936 1.48336 9.64300
v -10.15936 1.46864 9.63500
v -10.15936 1.46864 9.64300
v -10.15936 1.48336 9.63500
v -10.14464 1.48336 9.63500
v -10.15936 1.48336 9.64300
v -10.14464 1.48336 9.64300
v -10.15936 1.46864 9.64300
v -10.14464 1.46864 9.64300
v -10.15936 1.46864 9.63500
v -10.14464 1.46864 9.63500
v -10.15936 1.48336 9.64300
v -10.14464 1.48336 9.64300
v -10.15936 1.46864 9.64300
v -10.14464 1.46864 9.64300
v -10.14464 1.48336 9.63500
v -10.15936 1.48336 9.63500
v -10.14464 1.46864 9.63500
v -10.15936 1.46864 9.63500
v -10.12864 1.48336 9.64300
v -10.12864 1.48336 9.63500
v -10.12864 1.46864 9.64300
v -10.12864 1.46864 9.63500
v -10.14336 1.48336 9.63500
v -10.14336 1.48336 9.64300
v -10.14336 1.46864 9.63500
v -10.14336 1.46864 9.64300
v -10.14336 1.48336 9.63500
v -10.12864 1.48336 9.63500
v -10.14336 1.48336 9.64300
v -10.12864 1.48336 9.64300
v -10.14336 1.46864 9.64300
v -10.12864 1.46864 9.64300
v -10.14336 1.46864 9.63500
v -10.12864 1.46864 9.63500
v -10.14336 1.48336 9.64300
v -10.12864 1.48336 9.64300
v -10.14336 1.46864 9.64300
v -10.12864 1.46864 9.64300
v -10.12864 1.48336 9.63500
v -10.14336 1.48336 9.63500
v -10.12864 1.46864 9.63500
v -10.14336 1.46864 9.63500
v -10.19264 1.46736 9.64300
v -10.19264 1.46736 9.63500
v -10.19264 1.45264 9.64300
v -10.19264 1.45264 9.63500
v -10.20736 1.46736 9.63500
v -10.20736 1.46736 9.64300
v -10.20736 1.45264 9.63500
v -10.20736 1.45264 9.64300
v -10.20736 1.46736 9.63500
v -10.19264 1.46736 9.63500
v -10.20736 1.46736 9.64300
v -10.19264 1.46736 9.64300
v -10.20736 1.45264 9.64300
v -10.19264 1.45264 9.64300
v -10.20736 1.45264 9.63500
v -10.19264 1.45264 9.63500
v -10.20736 1.46736 9.64300
v -10.19264 1.46736 9.64300
v -10.20736 1.45264 9.64300
v -10.19264 1.45264 9.64300
v -10.19264 1.46736 9.63500
v -10.20736 1.46736 9.63500
v -10.19264 1.45264 9.63500
v -10.20736 1.45264 9.63500
v -10.12864 1.46736 9.64300
v -10.12864 1.46736 9.63500
v -10.12864 1.45264 9.64300
v -10.12864 1.45264 9.63500
v -10.14336 1.46736 9.63500
v -10.14336 1.46736 9.64300
v -10.14336 1.45264 9.63500
v -10.14336 1.45264 9.64300
v -10.14336 1.46736 9.63500
v -10.12864 1.46736 9.63500
v -10.14336 1.46736 9.64300
v -10.12864 1.46736 9.64300
v -10.14336 1.45264 9.64300
v -10.12864 1.45264 9.64300
v -10.14336 1.45264 9.63500
v -10.12864 1.45264 9.63500
v -10.14336 1.46736 9.64300
v -10.12864 1.46736 9.64300
v -10.14336 1.45264 9.64300
v -10.12864 1.45264 9.64300
v -10.12864 1.46736 9.63500
v -10.14336 1.46736 9.63500
v -10.12864 1.45264 9.63500
v -10.14336 1.45264 9.63500
v -10.19264 1.45136 9.64300
v -10.19264 1.45136 9.63500
v -10.19264 1.43664 9.64300
v -10.19264 1.43664 9.63500
v -10.20736 1.45136 9.63500
v -10.20736 1.45136 9.64300
v -10.20736 1.43664 9.63500
v -10.20736 1.43664 9.64300
v -10.20736 1.45136 9.63500
v -10.19264 1.45136 9.63500
v -10.20736 1.45136 9.64300
v -10.19264 1.45136 9.64300
v -10.20736 1.43664 9.64300
v -10.19264 1.43664 9.64300
v -10.20736 1.43664 9.63500
v -10.19264 1.43664 9.63500
v -10.20736 1.45136 9.64300
v -10.19264 1.45136 9.64300
v -10.20736 1.43664 9.64300
v -10.19264 1.43664 9.64300
v -10.19264 1.45136 9.63500
v -10.20736 1.45136 9.63500
v -10.19264 1.43664 9.63500
v -10.20736 1.43664 9.63500
v -10.12864 1.45136 9.64300
v -10.12864 1.45136 9.63500
v -10.12864 1.43664 9.64300
v -10.12864 1.43664 9.63500
v -10.14336 1.45136 9.63500
v -10.14336 1.45136 9.64300
v -10.14336 1.43664 9.63500
v -10.14336 1.43664 9.64300
v -10.14336 1.45136 9.63500
v -10.12864 1.45136 9.63500
v -10.14336 1.45136 9.64300
v -10.12864 1.45136 9.64300
v -10.14336 1.43664 9.64300
v -10.12864 1.43664 9.64300
v -10.14336 1.43664 9.63500
v -10.12864 1.43664 9.63500
v -10.14336 1.45136 9.64300
v -10.12864 1.45136 9.64300
v -10.14336 1.43664 9.64300
v -10.12864 1.43664 9.64300
v -10.12864 1.45136 9.63500
v -10.14336 1.45136 9.63500
v -10.12864 1.43664 9.63500
v -10.14336 1.43664 9.63500
v -10.00064 1.54736 9.64300
v -10.00064 1.54736 9.63500
v -10.00064 1.53264 9.64300
v -10.00064 1.53264 9.63500
v -10.01536 1.54736 9.63500
v -10.01536 1.54736 9.64300
v -10.01536 1.53264 9.63500
v -10.01536 1.53264 9.64300
v -10.01536 1.54736 9.63500
v -10.00064 1.54736 9.63500
v -10.01536 1.54736 9.64300
v -10.00064 1.54736 9.64300
v -10.01536 1.53264 9.64300
v -10.00064 1.53264 9.64300
v -10.01536 1.53264 9.63500
v -10.00064 1.53264 9.63500
v -10.01536 1.54736 9.64300
v -10.00064 1.54736 9.64300
v -10.01536 1.53264 9.64300
v -10.00064 1.53264 9.64300
v -10.00064 1.54736 9.63500
v -10.01536 1.54736 9.63500
v -10.00064 1.53264 9.63500
v -10.01536 1.53264 9.63500
v -9.98464 1.54736 9.64300
v -9.98464 1.54736 9.63500
v -9.98464 1.53264 9.64300
v -9.98464 1.53264 9.63500
v -9.99936 1.54736 9.63500
v -9.99936 1.54736 9.64300
v -9.99936 1.53264 9.63500
v -9.99936 1.53264 9.64300
v -9.99936 1.54736 9.63500
v -9.98464 1.54736 9.63500
v -9.99936 1.54736 9.64300
v -9.98464 1.54736 9.64300
v -9.99936 1.53264 9.64300
v -9.98464 1.53264 9.64300
v -9.99936 1.53264 9.63500
v -9.98464 1.53264 9.63500
v -9.99936 1.54736 9.64300
v -9.98464 1.54736 9.64300
v -9.99936 1.53264 9.64300
v -9.98464 1.53264 9.64300
v -9.98464 1.54736 9.63500
v -9.99936 1.54736 9.63500
v -9.98464 1.53264 9.63500
v -9.99936 1.53264 9.63500
v -9.96864 1.54736 9.64300
v -9.96864 1.54736 9.63500
v -9.96864 1.53264 9.64300
v -9.96864 1.53264 9.63500
v -9.98336 1.54736 9.63500
v -9.98336 1.54736 9.64300
v -9.98336 1.53264 9.63500
v -9.98336 1.53264 9.64300
v -9.98336 1.54736 9.63500
v -9.96864 1.54736 9.63500
v -9.98336 1.54736 9.64300
v -9.96864 1.54736 9.64300
v -9.98336 1.53264 9.64300
v -9.96864 1.53264 9.64300
v -9.98336 1.53264 9.63500
v -9.96864 1.53264 9.63500
v -9.98336 1.54736 9.64300
v -9.96864 1.54736 9.64300
v -9.98336 1.53264 9.64300
v -9.96864 1.53264 9.64300
v -9.96864 1.54736 9.63500
v -9.98336 1.54736 9.63500
v -9.96864 1.53264 9.63500
v -9.98336 1.53264 9.63500
v -9.95264 1.54736 9.64300
v -9.95264 1.54736 9.63500
v -9.95264 1.53264 9.64300
v -9.95264 1.53264 9.63500
v -9.96736 1.54736 9.63500
v -9.96736 1.54736 9.64300
v -9.96736 1.53264 9.63500
v -9.96736 1.53264 9.64300
v -9.96736 1.54736 9.63500
v -9.95264 1.54736 9.63500
v -9.96736 1.54736 9.64300
v -9.95264 1.54736 9.64300
v -9.96736 1.53264 9.64300
v -9.95264 1.53264 9.64300
v -9.96736 1.53264 9.63500
v -9.95264 1.53264 9.63500
v -9.96736 1.54736 9.64300
v -9.95264 1.54736 9.64300
v -9.96736 1.53264 9.64300
v -9.95264 1.53264 9.64300
v -9.95264 1.54736 9.63500
v -9.96736 1.54736 9.63500
v -9.95264 1.53264 9.63500
v -9.96736 1.53264 9.63500
v -10.00064 1.53136 9.64300
v -10.00064 1.53136 9.63500
v -10.00064 1.51664 9.64300
v -10.00064 1.51664 9.63500
v -10.01536 1.53136 9.63500
v -10.01536 1.53136 9.64300
v -10.01536 1.51664 9.63500
v -10.01536 1.51664 9.64300
v -10.01536 1.53136 9.63500
v -10.00064 1.53136 9.63500
v -10.01536 1.53136 9.64300
v -10.00064 1.53136 9.64300
v -10.01536 1.51664 9.64300
v -10.00064 1.51664 9.64300
v -10.01536 1.51664 9.63500
v -10.00064 1.51664 9.63500
v -10.01536 1.53136 9.64300
v -10.00064 1.53136 9.64300
v -10.01536 1.51664 9.64300
v -10.00064 1.51664 9.64300
v -10.00064 1.53136 9.63500
v -10.01536 1.53136 9.63500
v -10.00064 1.51664 9.63500
v -10.01536 1.51664 9.63500
v -9.93664 1.53136 9.64300
v -9.93664 1.53136 9.63500
v -9.93664 1.51664 9.64300
v -9.93664 1.51664 9.63500
v -9.95136 1.53136 9.63500
v -9.95136 1.53136 9.64300
v -9.95136 1.51664 9.63500
v -9.95136 1.51664 9.64300
v -9.95136 1.53136 9.63500
v -9.93664 1.53136 9.63500
v -9.95136 1.53136 9.64300
v -9.93664 1.53136 9.64300
v -9.95136 1.51664 9.64300
v -9.93664 1.51664 9.64300
v -9.95136 1.51664 9.63500
v -9.93664 1.51664 9.63500
v -9.95136 1.53136 9.64300
v -9.93664 1.53136 9.64300
v -9.95136 1.51664 9.64300
v -9.93664 1.51664 9.64300
v -9.93664 1.53136 9.63500
v -9.95136 1.53136 9.63500
v -9.93664 1.51664 9.63500
v -9.95136 1.51664 9.63500
v -10.00064 1.51536 9.64300
v -10.00064 1.51536 9.63500
v -10.00064 1.50064 9.64300
v -10.00064 1.50064 9.63500
v -10.01536 1.51536 9.63500
v -10.01536 1.51536 9.64300
v -10.01536 1.50064 9.63500
v -10.01536 1.50064 9.64300
v -10.01536 1.51536 9.63500
v -10.00064 1.51536 9.63500
v -10.01536 1.51536 9.64300
v -10.00064 1.51536 9.64300
v -10.01536 1.50064 9.64300
v -10.00064 1.50064 9.64300
v -10.01536 1.50064 9.63500
v -10.00064 1.50064 9.63500
v -10.01536 1.51536 9.64300
v -10.00064 1.51536 9.64300
v -10.01536 1.50064 9.64300
v -10.00064 1.50064 9.64300
v -10.00064 1.51536 9.63500
v -10.01536 1.51536 9.63500
v -10.00064 1.50064 9.63500
v -10.01536 1.50064 9.63500
v -9.93664 1.51536 9.64300
v -9.93664 1.51536 9.63500
v -9.93664 1.50064 9.64300
v -9.93664 1.50064 9.63500
v -9.95136 1.51536 9.63500
v -9.95136 1.51536 9.64300
v -9.95136 1.50064 9.63500
v -9.95136 1.50064 9.64300
v -9.95136 1.51536 9.63500
v -9.93664 1.51536 9.63500
v -9.95136 1.51536 9.64300
v -9.93664 1.51536 9.64300
v -9.95136 1.50064 9.64300
v -9.93664 1.50064 9.64300
v -9.95136 1.50064 9.63500
v -9.93664 1.50064 9.63500
v -9.95136 1.51536 9.64300
v -9.93664 1.51536 9.64300
v -9.95136 1.50064 9.64300
v -9.93664 1.50064 9.64300
v -9.93664 1.51536 9.63500
v -9.95136 1.51536 9.63500
v -9.93664 1.50064 9.63500
v -9.95136 1.50064 9.63500
v -10.00064 1.49936 9.64300
v -10.00064 1.49936 9.63500
v -10.00064 1.48464 9.64300
v -10.00064 1.48464 9.63500
v -10.01536 1.49936 9.63500
v -10.01536 1.49936 9.64300
v -10.01536 1.48464 9.63500
v -10.01536 1.48464 9.64300
v -10.01536 1.49936 9.63500
v -10.00064 1.49936 9.63500
v -10.01536 1.49936 9.64300
v -10.00064 1.49936 9.64300
v -10.01536 1.48464 9.64300
v -10.00064 1.48464 9.64300
v -10.01536 1.48464 9.63500
v -10.00064 1.48464 9.63500
v -10.01536 1.49936 9.64300
v -10.00064 1.49936 9.64300
v -10.01536 1.48464 9.64300
v -10.00064 1.48464 9.64300
v -10.00064 1.49936 9.63500
v -10.01536 1.49936 9.63500
v -10.00064 1.48464 9.63500
v -10.01536 1.48464 9.63500
v -9.93664 1.49936 9.64300
v -9.93664 1.49936 9.63500
v -9.93664 1.48464 9.64300
v -9.93664 1.48464 9.63500
v -9.95136 1.49936 9.63500
v -9.95136 1.49936 9.64300
v -9.95136 1.48464 9.63500
v -9.95136 1.48464 9.64300
v -9.95136 1.49936 9.63500
v -9.93664 1.49936 9.63500
v -9.95136 1.49936 9.64300
v -9.93664 1.49936 9.64300
v -9.95136 1.48464 9.64300
v -9.93664 1.48464 9.64300
v -9.95136 1.48464 9.63500
v -9.93664 1.48464 9.63500
v -9.95136 1.49936 9.64300
v -9.93664 1.49936 9.64300
v -9.95136 1.48464 9.64300
v -9.93664 1.48464 9.64300
v -9.93664 1.49936 9.63500
v -9.95136 1.49936 9.63500
v -9.93664 1.48464 9.63500
v -9.95136 1.48464 9.63500
v -10.00064 1.48336 9.64300
v -10.00064 1.48336 9.63500
v -10.00064 1.46864 9.64300
v -10.00064 1.46864 9.63500
v -10.01536 1.48336 9.63500
v -10.01536 1.48336 9.64300
v -10.01536 1.46864 9.63500
v -10.01536 1.46864 9.64300
v -10.01536 1.48336 9.63500
v -10.00064 1.48336 9.63500
v -10.01536 1.48336 9.64300
v -10.00064 1.48336 9.64300
v -10.01536 1.46864 9.64300
v -10.00064 1.46864 9.64300
v -10.01536 1.46864 9.63500
v -10.00064 1.46864 9.63500
v -10.01536 1.48336 9.64300
v -10.00064 1.48336 9.64300
v -10.01536 1.46864 9.64300
v -10.00064 1.46864 9.64300
v -10.00064 1.48336 9.63500
v -10.01536 1.48336 9.63500
v -10.00064 1.46864 9.63500
v -10.01536 1.46864 9.63500
v -9.93664 1.48336 9.64300
v -9.93664 1.48336 9.63500
v -9.93664 1.46864 9.64300
v -9.93664 1.46864 9.63500
v -9.95136 1.48336 9.63500
v -9.95136 1.48336 9.64300
v -9.95136 1.46864 9.63500
v -9.95136 1.46864 9.64300
v -9.95136 1.48336 9.63500
v -9.93664 1.48336 9.63500
v -9.95136 1.48336 9.64300
v -9.93664 1.48336 9.64300
v -9.95136 1.46864 9.64300
v -9.93664 1.46864 9.64300
v -9.95136 1.46864 9.63500
v -9.93664 1.46864 9.63500
v -9.95136 1.48336 9.64300
v -9.93664 1.48336 9.64300
v -9.95136 1.46864 9.64300
v -9.93664 1.46864 9.64300
v -9.93664 1.48336 9.63500
v -9.95136 1.48336 9.63500
v -9.93664 1.46864 9.63500
v -9.95136 1.46864 9.63500
v -10.00064 1.46736 9.64300
v -10.00064 1.46736 9.63500
v -10.00064 1.45264 9.64300
v -10.00064 1.45264 9.63500
v -10.01536 1.46736 9.63500
v -10.01536 1.46736 9.64300
v -10.01536 1.45264 9.63500
v -10.01536 1.45264 9.64300
v -10.01536 1.46736 9.63500
v -10.00064 1.46736 9.63500
v -10.01536 1.46736 9.64300
v -10.00064 1.46736 9.64300
v -10.01536 1.45264 9.64300
v -10.00064 1.45264 9.64300
v -10.01536 1.45264 9.63500
v -10.00064 1.45264 9.63500
v -10.01536 1.46736 9.64300
v -10.00064 1.46736 9.64300
v -10.01536 1.45264 9.64300
v -10.00064 1.45264 9.64300
v -10.00064 1.46736 9.63500
v -10.01536 1.46736 9.63500
v -10.00064 1.45264 9.63500
v -10.01536 1.45264 9.63500
v -9.93664 1.46736 9.64300
v -9.93664 1.46736 9.63500
v -9.93664 1.45264 9.64300
v -9.93664 1.45264 9.63500
v -9.95136 1.46736 9.63500
v -9.95136 1.46736 9.64300
v -9.95136 1.45264 9.63500
v -9.95136 1.45264 9.64300
v -9.95136 1.46736 9.63500
v -9.93664 1.46736 9.63500
v -9.95136 1.46736 9.64300
v -9.93664 1.46736 9.64300
v -9.95136 1.45264 9.64300
v -9.93664 1.45264 9.64300
v -9.95136 1.45264 9.63500
v -9.93664 1.45264 9.63500
v -9.95136 1.46736 9.64300
v -9.93664 1.46736 9.64300
v -9.95136 1.45264 9.64300
v -9.93664 1.45264 9.64300
v -9.93664 1.46736 9.63500
v -9.95136 1.46736 9.63500
v -9.93664 1.45264 9.63500
v -9.95136 1.45264 9.63500
v -10.00064 1.45136 9.64300
v -10.00064 1.45136 9.63500
v -10.00064 1.43664 9.64300
v -10.00064 1.43664 9.63500
v -10.01536 1.45136 9.63500
v -10.01536 1.45136 9.64300
v -10.01536 1.43664 9.63500
v -10.01536 1.43664 9.64300
v -10.01536 1.45136 9.63500
v -10.00064 1.45136 9.63500
v -10.01536 1.45136 9.64300
v -10.00064 1.45136 9.64300
v -10.01536 1.43664 9.64300
v -10.00064 1.43664 9.64300
v -10.01536 1.43664 9.63500
v -10.00064 1.43664 9.63500
v -10.01536 1.45136 9.64300
v -10.00064 1.45136 9.64300
v -10.01536 1.43664 9.64300
v -10.00064 1.43664 9.64300
v -10.00064 1.45136 9.63500
v -10.01536 1.45136 9.63500
v -10.00064 1.43664 9.63500
v -10.01536 1.43664 9.63500
v -9.98464 1.45136 9.64300
v -9.98464 1.45136 9.63500
v -9.98464 1.43664 9.64300
v -9.98464 1.43664 9.63500
v -9.99936 1.45136 9.63500
v -9.99936 1.45136 9.64300
v -9.99936 1.43664 9.63500
v -9.99936 1.43664 9.64300
v -9.99936 1.45136 9.63500
v -9.98464 1.45136 9.63500
v -9.99936 1.45136 9.64300
v -9.98464 1.45136 9.64300
v -9.99936 1.43664 9.64300
v -9.98464 1.43664 9.64300
v -9.99936 1.43664 9.63500
v -9.98464 1.43664 9.63500
v -9.99936 1.45136 9.64300
v -9.98464 1.45136 9.64300
v -9.99936 1.43664 9.64300
v -9.98464 1.43664 9.64300
v -9.98464 1.45136 9.63500
v -9.99936 1.45136 9.63500
v -9.98464 1.43664 9.63500
v -9.99936 1.43664 9.63500
v -9.96864 1.45136 9.64300
v -9.96864 1.45136 9.63500
v -9.96864 1.43664 9.64300
v -9.96864 1.43664 9.63500
v -9.98336 1.45136 9.63500
v -9.98336 1.45136 9.64300
v -9.98336 1.43664 9.63500
v -9.98336 1.43664 9.64300
v -9.98336 1.45136 9.63500
v -9.96864 1.45136 9.63500
v -9.98336 1.45136 9.64300
v -9.96864 1.45136 9.64300
v -9.98336 1.43664 9.64300
v -9.96864 1.43664 9.64300
v -9.98336 1.43664 9.63500
v -9.96864 1.43664 9.63500
v -9.98336 1.45136 9.64300
v -9.96864 1.45136 9.64300
v -9.98336 1.43664 9.64300
v -9.96864 1.43664 9.64300
v -9.96864 1.45136 9.63500
v -9.98336 1.45136 9.63500
v -9.96864 1.43664 9.63500
v -9.98336 1.43664 9.63500
v -9.95264 1.45136 9.64300
v -9.95264 1.45136 9.63500
v -9.95264 1.43664 9.64300
v -9.95264 1.43664 9.63500
v -9.96736 1.45136 9.63500
v -9.96736 1.45136 9.64300
v -9.96736 1.43664 9.63500
v -9.96736 1.43664 9.64300
v -9.96736 1.45136 9.63500
v -9.95264 1.45136 9.63500
v -9.96736 1.45136 9.64300
v -9.95264 1.45136 9.64300
v -9.96736 1.43664 9.64300
v -9.95264 1.43664 9.64300
v -9.96736 1.43664 9.63500
v -9.95264 1.43664 9.63500
v -9.96736 1.45136 9.64300
v -9.95264 1.45136 9.64300
v -9.96736 1.43664 9.64300
v -9.95264 1.43664 9.64300
v -9.95264 1.45136 9.63500
v -9.96736 1.45136 9.63500
v -9.95264 1.43664 9.63500
v -9.96736 1.43664 9.63500
v -9.90464 1.54736 9.64300
v -9.90464 1.54736 9.63500
v -9.90464 1.53264 9.64300
v -9.90464 1.53264 9.63500
v -9.91936 1.54736 9.63500
v -9.91936 1.54736 9.64300
v -9.91936 1.53264 9.63500
v -9.91936 1.53264 9.64300
v -9.91936 1.54736 9.63500
v -9.90464 1.54736 9.63500
v -9.91936 1.54736 9.64300
v -9.90464 1.54736 9.64300
v -9.91936 1.53264 9.64300
v -9.90464 1.53264 9.64300
v -9.91936 1.53264 9.63500
v -9.90464 1.53264 9.63500
v -9.91936 1.54736 9.64300
v -9.90464 1.54736 9.64300
v -9.91936 1.53264 9.64300
v -9.90464 1.53264 9.64300
v -9.90464 1.54736 9.63500
v -9.91936 1.54736 9.63500
v -9.90464 1.53264 9.63500
v -9.91936 1.53264 9.63500
v -9.88864 1.54736 9.64300
v -9.88864 1.54736 9.63500
v -9.88864 1.53264 9.64300
v -9.88864 1.53264 9.63500
v -9.90336 1.54736 9.63500
v -9.90336 1.54736 9.64300
v -9.90336 1.53264 9.63500
v -9.90336 1.53264 9.64300
v -9.90336 1.54736 9.63500
v -9.88864 1.54736 9.63500
v -9.90336 1.54736 9.64300
v -9.88864 1.54736 9.64300
v -9.90336 1.53264 9.64300
v -9.88864 1.53264 9.64300
v -9.90336 1.53264 9.63500
v -9.88864 1.53264 9.63500
v -9.90336 1.54736 9.64300
v -9.88864 1.54736 9.64300
v -9.90336 1.53264 9.64300
v -9.88864 1.53264 9.64300
v -9.88864 1.54736 9.63500
v -9.90336 1.54736 9.63500
v -9.88864 1.53264 9.63500
v -9.90336 1.53264 9.63500
v -9.87264 1.54736 9.64300
v -9.87264 1.54736 9.63500
v -9.87264 1.53264 9.64300
v -9.87264 1.53264 9.63500
v -9.88736 1.54736 9.63500
v -9.88736 1.54736 9.64300
v -9.88736 1.53264 9.63500
v -9.88736 1.53264 9.64300
v -9.88736 1.54736 9.63500
v -9.87264 1.54736 9.63500
v -9.88736 1.54736 9.64300
v -9.87264 1.54736 9.64300
v -9.88736 1.53264 9.64300
v -9.87264 1.53264 9.64300
v -9.88736 1.53264 9.63500
v -9.87264 1.53264 9.63500
v -9.88736 1.54736 9.64300
v -9.87264 1.54736 9.64300
v -9.88736 1.53264 9.64300
v -9.87264 1.53264 9.64300
v -9.87264 1.54736 9.63500
v -9.88736 1.54736 9.63500
v -9.87264 1.53264 9.63500
v -9.88736 1.53264 9.63500
v -9.85664 1.54736 9.64300
v -9.85664 1.54736 9.63500
v -9.85664 1.53264 9.64300
v -9.85664 1.53264 9.63500
v -9.87136 1.54736 9.63500
v -9.87136 1.54736 9.64300
v -9.87136 1.53264 9.63500
v -9.87136 1.53264 9.64300
v -9.87136 1.54736 9.63500
v -9.85664 1.54736 9.63500
v -9.87136 1.54736 9.64300
v -9.85664 1.54736 9.64300
v -9.87136 1.53264 9.64300
v -9.85664 1.53264 9.64300
v -9.87136 1.53264 9.63500
v -9.85664 1.53264 9.63500
v -9.87136 1.54736 9.64300
v -9.85664 1.54736 9.64300
v -9.87136 1.53264 9.64300
v -9.85664 1.53264 9.64300
v -9.85664 1.54736 9.63500
v -9.87136 1.54736 9.63500
v -9.85664 1.53264 9.63500
v -9.87136 1.53264 9.63500
v -9.84064 1.54736 9.64300
v -9.84064 1.54736 9.63500
v -9.84064 1.53264 9.64300
v -9.84064 1.53264 9.63500
v -9.85536 1.54736 9.63500
v -9.85536 1.54736 9.64300
v -9.85536 1.53264 9.63500
v -9.85536 1.53264 9.64300
v -9.85536 1.54736 9.63500
v -9.84064 1.54736 9.63500
v -9.85536 1.54736 9.64300
v -9.84064 1.54736 9.64300
v -9.85536 1.53264 9.64300
v -9.84064 1.53264 9.64300
v -9.85536 1.53264 9.63500
v -9.84064 1.53264 9.63500
v -9.85536 1.54736 9.64300
v -9.84064 1.54736 9.64300
v -9.85536 1.53264 9.64300
v -9.84064 1.53264 9.64300
v -9.84064 1.54736 9.63500
v -9.85536 1.54736 9.63500
v -9.84064 1.53264 9.63500
v -9.85536 1.53264 9.63500
v -9.87264 1.53136 9.64300
v -9.87264 1.53136 9.63500
v -9.87264 1.51664 9.64300
v -9.87264 1.51664 9.63500
v -9.88736 1.53136 9.63500
v -9.88736 1.53136 9.64300
v -9.88736 1.51664 9.63500
v -9.88736 1.51664 9.64300
v -9.88736 1.53136 9.63500
v -9.87264 1.53136 9.63500
v -9.88736 1.53136 9.64300
v -9.87264 1.53136 9.64300
v -9.88736 1.51664 9.64300
v -9.87264 1.51664 9.64300
v -9.88736 1.51664 9.63500
v -9.87264 1.51664 9.63500
v -9.88736 1.53136 9.64300
v -9.87264 1.53136 9.64300
v -9.88736 1.51664 9.64300
v -9.87264 1.51664 9.64300
v -9.87264 1.53136 9.63500
v -9.88736 1.53136 9.63500
v -9.87264 1.51664 9.63500
v -9.88736 1.51664 9.63500
v -9.87264 1.51536 9.64300
v -9.87264 1.51536 9.63500
v -9.87264 1.50064 9.64300
v -9.87264 1.50064 9.63500
v -9.88736 1.51536 9.63500
v -9.88736 1.51536 9.64300
v -9.88736 1.50064 9.63500
v -9.88736 1.50064 9.64300
v -9.88736 1.51536 9.63500
v -9.87264 1.51536 9.63500
v -9.88736 1.51536 9.64300
v -9.87264 1.51536 9.64300
v -9.88736 1.50064 9.64300
v -9.87264 1.50064 9.64300
v -9.88736 1.50064 9.63500
v -9.87264 1.50064 9.63500
v -9.88736 1.51536 9.64300
v -9.87264 1.51536 9.64300
v -9.88736 1.50064 9.64300
v -9.87264 1.50064 9.64300
v -9.87264 1.51536 9.63500
v -9.88736 1.51536 9.63500
v -9.87264 1.50064 9.63500
v -9.88736 1.50064 9.63500
v -9.87264 1.49936 9.64300
v -9.87264 1.49936 9.63500
v -9.87264 1.48464 9.64300
v -9.87264 1.48464 9.63500
v -9.88736 1.49936 9.63500
v -9.88736 1.49936 9.64300
v -9.88736 1.48464 9.63500
v -9.88736 1.48464 9.64300
v -9.88736 1.49936 9.63500
v -9.87264 1.49936 9.63500
v -9.88736 1.49936 9.64300
v -9.87264 1.49936 9.64300
v -9.88736 1.48464 9.64300
v -9.87264 1.48464 9.64300
v -9.88736 1.48464 9.63500
v -9.87264 1.48464 9.63500
v -9.88736 1.49936 9.64300
v -9.87264 1.49936 9.64300
v -9.88736 1.48464 9.64300
v -9.87264 1.48464 9.64300
v -9.87264 1.49936 9.63500
v -9.88736 1.49936 9.63500
v -9.87264 1.48464 9.63500
v -9.88736 1.48464 9.63500
v -9.87264 1.48336 9.64300
v -9.87264 1.48336 9.63500
v -9.87264 1.46864 9.64300
v -9.87264 1.46864 9.63500
v -9.88736 1.48336 9.63500
v -9.88736 1.48336 9.64300
v -9.88736 1.46864 9.63500
v -9.88736 1.46864 9.64300
v -9.88736 1.48336 9.63500
v -9.87264 1.48336 9.63500
v -9.88736 1.48336 9.64300
v -9.87264 1.48336 9.64300
v -9.88736 1.46864 9.64300
v -9.87264 1.46864 9.64300
v -9.88736 1.46864 9.63500
v -9.87264 1.46864 9.63500
v -9.88736 1.48336 9.64300
v -9.87264 1.48336 9.64300
v -9.88736 1.46864 9.64300
v -9.87264 1.46864 9.64300
v -9.87264 1.48336 9.63500
v -9.88736 1.48336 9.63500
v -9.87264 1.46864 9.63500
v -9.88736 1.46864 9.63500
v -9.87264 1.46736 9.64300
v -9.87264 1.46736 9.63500
v -9.87264 1.45264 9.64300
v -9.87264 1.45264 9.63500
v -9.88736 1.46736 9.63500
v -9.88736 1.46736 9.64300
v -9.88736 1.45264 9.63500
v -9.88736 1.45264 9.64300
v -9.88736 1.46736 9.63500
v -9.87264 1.46736 9.63500
v -9.88736 1.46736 9.64300
v -9.87264 1.46736 9.64300
v -9.88736 1.45264 9.64300
v -9.87264 1.45264 9.64300
v -9.88736 1.45264 9.63500
v -9.87264 1.45264 9.63500
v -9.88736 1.46736 9.64300
v -9.87264 1.46736 9.64300
v -9.88736 1.45264 9.64300
v -9.87264 1.45264 9.64300
v -9.87264 1.46736 9.63500
v -9.88736 1.46736 9.63500
v -9.87264 1.45264 9.63500
v -9.88736 1.45264 9.63500
v -9.90464 1.45136 9.64300
v -9.90464 1.45136 9.63500
v -9.90464 1.43664 9.64300
v -9.90464 1.43664 9.63500
v -9.91936 1.45136 9.63500
v -9.91936 1.45136 9.64300
v -9.91936 1.43664 9.63500
v -9.91936 1.43664 9.64300
v -9.91936 1.45136 9.63500
v -9.90464 1.45136 9.63500
v -9.91936 1.45136 9.64300
v -9.90464 1.45136 9.64300
v -9.91936 1.43664 9.64300
v -9.90464 1.43664 9.64300
v -9.91936 1.43664 9.63500
v -9.90464 1.43664 9.63500
v -9.91936 1.45136 9.64300
v -9.90464 1.45136 9.64300
v -9.91936 1.43664 9.64300
v -9.90464 1.43664 9.64300
v -9.90464 1.45136 9.63500
v -9.91936 1.45136 9.63500
v -9.90464 1.43664 9.63500
v -9.91936 1.43664 9.63500
v -9.88864 1.45136 9.64300
v -9.88864 1.45136 9.63500
v -9.88864 1.43664 9.64300
v -9.88864 1.43664 9.63500
v -9.90336 1.45136 9.63500
v -9.90336 1.45136 9.64300
v -9.90336 1.43664 9.63500
v -9.90336 1.43664 9.64300
v -9.90336 1.45136 9.63500
v -9.88864 1.45136 9.63500
v -9.90336 1.45136 9.64300
v -9.88864 1.45136 9.64300
v -9.90336 1.43664 9.64300
v -9.88864 1.43664 9.64300
v -9.90336 1.43664 9.63500
v -9.88864 1.43664 9.63500
v -9.90336 1.45136 9.64300
v -9.88864 1.45136 9.64300
v -9.90336 1.43664 9.64300
v -9.88864 1.43664 9.64300
v -9.88864 1.45136 9.63500
v -9.90336 1.45136 9.63500
v -9.88864 1.43664 9.63500
v -9.90336 1.43664 9.63500
v -9.87264 1.45136 9.64300
v -9.87264 1.45136 9.63500
v -9.87264 1.43664 9.64300
v -9.87264 1.43664 9.63500
v -9.88736 1.45136 9.63500
v -9.88736 1.45136 9.64300
v -9.88736 1.43664 9.63500
v -9.88736 1.43664 9.64300
v -9.88736 1.45136 9.63500
v -9.87264 1.45136 9.63500
v -9.88736 1.45136 9.64300
v -9.87264 1.45136 9.64300
v -9.88736 1.43664 9.64300
v -9.87264 1.43664 9.64300
v -9.88736 1.43664 9.63500
v -9.87264 1.43664 9.63500
v -9.88736 1.45136 9.64300
v -9.87264 1.45136 9.64300
v -9.88736 1.43664 9.64300
v -9.87264 1.43664 9.64300
v -9.87264 1.45136 9.63500
v -9.88736 1.45136 9.63500
v -9.87264 1.43664 9.63500
v -9.88736 1.43664 9.63500
v -9.85664 1.45136 9.64300
v -9.85664 1.45136 9.63500
v -9.85664 1.43664 9.64300
v -9.85664 1.43664 9.63500
v -9.87136 1.45136 9.63500
v -9.87136 1.45136 9.64300
v -9.87136 1.43664 9.63500
v -9.87136 1.43664 9.64300
v -9.87136 1.45136 9.63500
v -9.85664 1.45136 9.63500
v -9.87136 1.45136 9.64300
v -9.85664 1.45136 9.64300
v -9.87136 1.43664 9.64300
v -9.85664 1.43664 9.64300
v -9.87136 1.43664 9.63500
v -9.85664 1.43664 9.63500
v -9.87136 1.45136 9.64300
v -9.85664 1.45136 9.64300
v -9.87136 1.43664 9.64300
v -9.85664 1.43664 9.64300
v -9.85664 1.45136 9.63500
v -9.87136 1.45136 9.63500
v -9.85664 1.43664 9.63500
v -9.87136 1.43664 9.63500
v -9.84064 1.45136 9.64300
v -9.84064 1.45136 9.63500
v -9.84064 1.43664 9.64300
v -9.84064 1.43664 9.63500
v -9.85536 1.45136 9.63500
v -9.85536 1.45136 9.64300
v -9.85536 1.43664 9.63500
v -9.85536 1.43664 9.64300
v -9.85536 1.45136 9.63500
v -9.84064 1.45136 9.63500
v -9.85536 1.45136 9.64300
v -9.84064 1.45136 9.64300
v -9.85536 1.43664 9.64300
v -9.84064 1.43664 9.64300
v -9.85536 1.43664 9.63500
v -9.84064 1.43664 9.63500
v -9.85536 1.45136 9.64300
v -9.84064 1.45136 9.64300
v -9.85536 1.43664 9.64300
v -9.84064 1.43664 9.64300
v -9.84064 1.45136 9.63500
v -9.85536 1.45136 9.63500
v -9.84064 1.43664 9.63500
v -9.85536 1.43664 9.63500
v -9.79264 1.54736 9.64300
v -9.79264 1.54736 9.63500
v -9.79264 1.53264 9.64300
v -9.79264 1.53264 9.63500
v -9.80736 1.54736 9.63500
v -9.80736 1.54736 9.64300
v -9.80736 1.53264 9.63500
v -9.80736 1.53264 9.64300
v -9.80736 1.54736 9.63500
v -9.79264 1.54736 9.63500
v -9.80736 1.54736 9.64300
v -9.79264 1.54736 9.64300
v -9.80736 1.53264 9.64300
v -9.79264 1.53264 9.64300
v -9.80736 1.53264 9.63500
v -9.79264 1.53264 9.63500
v -9.80736 1.54736 9.64300
v -9.79264 1.54736 9.64300
v -9.80736 1.53264 9.64300
v -9.79264 1.53264 9.64300
v -9.79264 1.54736 9.63500
v -9.80736 1.54736 9.63500
v -9.79264 1.53264 9.63500
v -9.80736 1.53264 9.63500
v -9.77664 1.54736 9.64300
v -9.77664 1.54736 9.63500
v -9.77664 1.53264 9.64300
v -9.77664 1.53264 9.63500
v -9.79136 1.54736 9.63500
v -9.79136 1.54736 9.64300
v -9.79136 1.53264 9.63500
v -9.79136 1.53264 9.64300
v -9.79136 1.54736 9.63500
v -9.77664 1.54736 9.63500
v -9.79136 1.54736 9.64300
v -9.77664 1.54736 9.64300
v -9.79136 1.53264 9.64300
v -9.77664 1.53264 9.64300
v -9.79136 1.53264 9.63500
v -9.77664 1.53264 9.63500
v -9.79136 1.54736 9.64300
v -9.77664 1.54736 9.64300
v -9.79136 1.53264 9.64300
v -9.77664 1.53264 9.64300
v -9.77664 1.54736 9.63500
v -9.79136 1.54736 9.63500
v -9.77664 1.53264 9.63500
v -9.79136 1.53264 9.63500
v -9.76064 1.54736 9.64300
v -9.76064 1.54736 9.63500
v -9.76064 1.53264 9.64300
v -9.76064 1.53264 9.63500
v -9.77536 1.54736 9.63500
v -9.77536 1.54736 9.64300
v -9.77536 1.53264 9.63500
v -9.77536 1.53264 9.64300
v -9.77536 1.54736 9.63500
v -9.76064 1.54736 9.63500
v -9.77536 1.54736 9.64300
v -9.76064 1.54736 9.64300
v -9.77536 1.53264 9.64300
v -9.76064 1.53264 9.64300
v -9.77536 1.53264 9.63500
v -9.76064 1.53264 9.63500
v -9.77536 1.54736 9.64300
v -9.76064 1.54736 9.64300
v -9.77536 1.53264 9.64300
v -9.76064 1.53264 9.64300
v -9.76064 1.54736 9.63500
v -9.77536 1.54736 9.63500
v -9.76064 1.53264 9.63500
v -9.77536 1.53264 9.63500
v -9.74464 1.54736 9.64300
v -9.74464 1.54736 9.63500
v -9.74464 1.53264 9.64300
v -9.74464 1.53264 9.63500
v -9.75936 1.54736 9.63500
v -9.75936 1.54736 9.64300
v -9.75936 1.53264 9.63500
v -9.75936 1.53264 9.64300
v -9.75936 1.54736 9.63500
v -9.74464 1.54736 9.63500
v -9.75936 1.54736 9.64300
v -9.74464 1.54736 9.64300
v -9.75936 1.53264 9.64300
v -9.74464 1.53264 9.64300
v -9.75936 1.53264 9.63500
v -9.74464 1.53264 9.63500
v -9.75936 1.54736 9.64300
v -9.74464 1.54736 9.64300
v -9.75936 1.53264 9.64300
v -9.74464 1.53264 9.64300
v -9.74464 1.54736 9.63500
v -9.75936 1.54736 9.63500
v -9.74464 1.53264 9.63500
v -9.75936 1.53264 9.63500
v -9.80864 1.53136 9.64300
v -9.80864 1.53136 9.63500
v -9.80864 1.51664 9.64300
v -9.80864 1.51664 9.63500
v -9.82336 1.53136 9.63500
v -9.82336 1.53136 9.64300
v -9.82336 1.51664 9.63500
v -9.82336 1.51664 9.64300
v -9.82336 1.53136 9.63500
v -9.80864 1.53136 9.63500
v -9.82336 1.53136 9.64300
v -9.80864 1.53136 9.64300
v -9.82336 1.51664 9.64300
v -9.80864 1.51664 9.64300
v -9.82336 1.51664 9.63500
v -9.80864 1.51664 9.63500
v -9.82336 1.53136 9.64300
v -9.80864 1.53136 9.64300
v -9.82336 1.51664 9.64300
v -9.80864 1.51664 9.64300
v -9.80864 1.53136 9.63500
v -9.82336 1.53136 9.63500
v -9.80864 1.51664 9.63500
v -9.82336 1.51664 9.63500
v -9.80864 1.51536 9.64300
v -9.80864 1.51536 9.63500
v -9.80864 1.50064 9.64300
v -9.80864 1.50064 9.63500
v -9.82336 1.51536 9.63500
v -9.82336 1.51536 9.64300
v -9.82336 1.50064 9.63500
v -9.82336 1.50064 9.64300
v -9.82336 1.51536 9.63500
v -9.80864 1.51536 9.63500
v -9.82336 1.51536 9.64300
v -9.80864 1.51536 9.64300
v -9.82336 1.50064 9.64300
v -9.80864 1.50064 9.64300
v -9.82336 1.50064 9.63500
v -9.80864 1.50064 9.63500
v -9.82336 1.51536 9.64300
v -9.80864 1.51536 9.64300
v -9.82336 1.50064 9.64300
v -9.80864 1.50064 9.64300
v -9.80864 1.51536 9.63500
v -9.82336 1.51536 9.63500
v -9.80864 1.50064 9.63500
v -9.82336 1.50064 9.63500
v -9.79264 1.49936 9.64300
v -9.79264 1.49936 9.63500
v -9.79264 1.48464 9.64300
v -9.79264 1.48464 9.63500
v -9.80736 1.49936 9.63500
v -9.80736 1.49936 9.64300
v -9.80736 1.48464 9.63500
v -9.80736 1.48464 9.64300
v -9.80736 1.49936 9.63500
v -9.79264 1.49936 9.63500
v -9.80736 1.49936 9.64300
v -9.79264 1.49936 9.64300
v -9.80736 1.48464 9.64300
v -9.79264 1.48464 9.64300
v -9.80736 1.48464 9.63500
v -9.79264 1.48464 9.63500
v -9.80736 1.49936 9.64300
v -9.79264 1.49936 9.64300
v -9.80736 1.48464 9.64300
v -9.79264 1.48464 9.64300
v -9.79264 1.49936 9.63500
v -9.80736 1.49936 9.63500
v -9.79264 1.48464 9.63500
v -9.80736 1.48464 9.63500
v -9.77664 1.49936 9.64300
v -9.77664 1.49936 9.63500
v -9.77664 1.48464 9.64300
v -9.77664 1.48464 9.63500
v -9.79136 1.49936 9.63500
v -9.79136 1.49936 9.64300
v -9.79136 1.48464 9.63500
v -9.79136 1.48464 9.64300
v -9.79136 1.49936 9.63500
v -9.77664 1.49936 9.63500
v -9.79136 1.49936 9.64300
v -9.77664 1.49936 9.64300
v -9.79136 1.48464 9.64300
v -9.77664 1.48464 9.64300
v -9.79136 1.48464 9.63500
v -9.77664 1.48464 9.63500
v -9.79136 1.49936 9.64300
v -9.77664 1.49936 9.64300
v -9.79136 1.48464 9.64300
v -9.77664 1.48464 9.64300
v -9.77664 1.49936 9.63500
v -9.79136 1.49936 9.63500
v -9.77664 1.48464 9.63500
v -9.79136 1.48464 9.63500
v -9.76064 1.49936 9.64300
v -9.76064 1.49936 9.63500
v -9.76064 1.48464 9.64300
v -9.76064 1.48464 9.63500
v -9.77536 1.49936 9.63500
v -9.77536 1.49936 9.64300
v -9.77536 1.48464 9.63500
v -9.77536 1.48464 9.64300
v -9.77536 1.49936 9.63500
v -9.76064 1.49936 9.63500
v -9.77536 1.49936 9.64300
v -9.76064 1.49936 9.64300
v -9.77536 1.48464 9.64300
v -9.76064 1.48464 9.64300
v -9.77536 1.48464 9.63500
v -9.76064 1.48464 9.63500
v -9.77536 1.49936 9.64300
v -9.76064 1.49936 9.64300
v -9.77536 1.48464 9.64300
v -9.76064 1.48464 9.64300
v -9.76064 1.49936 9.63500
v -9.77536 1.49936 9.63500
v -9.76064 1.48464 9.63500
v -9.77536 1.48464 9.63500
v -9.74464 1.48336 9.64300
v -9.74464 1.48336 9.63500
v -9.74464 1.46864 9.64300
v -9.74464 1.46864 9.63500
v -9.75936 1.48336 9.63500
v -9.75936 1.48336 9.64300
v -9.75936 1.46864 9.63500
v -9.75936 1.46864 9.64300
v -9.75936 1.48336 9.63500
v -9.74464 1.48336 9.63500
v -9.75936 1.48336 9.64300
v -9.74464 1.48336 9.64300
v -9.75936 1.46864 9.64300
v -9.74464 1.46864 9.64300
v -9.75936 1.46864 9.63500
v -9.74464 1.46864 9.63500
v -9.75936 1.48336 9.64300
v -9.74464 1.48336 9.64300
v -9.75936 1.46864 9.64300
v -9.74464 1.46864 9.64300
v -9.74464 1.48336 9.63500
v -9.75936 1.48336 9.63500
v -9.74464 1.46864 9.63500
v -9.75936 1.46864 9.63500
v -9.74464 1.46736 9.64300
v -9.74464 1.46736 9.63500
v -9.74464 1.45264 9.64300
v -9.74464 1.45264 9.63500
v -9.75936 1.46736 9.63500
v -9.75936 1.46736 9.64300
v -9.75936 1.45264 9.63500
v -9.75936 1.45264 9.64300
v -9.75936 1.46736 9.63500
v -9.74464 1.46736 9.63500
v -9.75936 1.46736 9.64300
v -9.74464 1.46736 9.64300
v -9.75936 1.45264 9.64300
v -9.74464 1.45264 9.64300
v -9.75936 1.45264 9.63500
v -9.74464 1.45264 9.63500
v -9.75936 1.46736 9.64300
v -9.74464 1.46736 9.64300
v -9.75936 1.45264 9.64300
v -9.74464 1.45264 9.64300
v -9.74464 1.46736 9.63500
v -9.75936 1.46736 9.63500
v -9.74464 1.45264 9.63500
v -9.75936 1.45264 9.63500
v -9.80864 1.45136 9.64300
v -9.80864 1.45136 9.63500
v -9.80864 1.43664 9.64300
v -9.80864 1.43664 9.63500
v -9.82336 1.45136 9.63500
v -9.82336 1.45136 9.64300
v -9.82336 1.43664 9.63500
v -9.82336 1.43664 9.64300
v -9.82336 1.45136 9.63500
v -9.80864 1.45136 9.63500
v -9.82336 1.45136 9.64300
v -9.80864 1.45136 9.64300
v -9.82336 1.43664 9.64300
v -9.80864 1.43664 9.64300
v -9.82336 1.43664 9.63500
v -9.80864 1.43664 9.63500
v -9.82336 1.45136 9.64300
v -9.80864 1.45136 9.64300
v -9.82336 1.43664 9.64300
v -9.80864 1.43664 9.64300
v -9.80864 1.45136 9.63500
v -9.82336 1.45136 9.63500
v -9.80864 1.43664 9.63500
v -9.82336 1.43664 9.63500
v -9.79264 1.45136 9.64300
v -9.79264 1.45136 9.63500
v -9.79264 1.43664 9.64300
v -9.79264 1.43664 9.63500
v -9.80736 1.45136 9.63500
v -9.80736 1.45136 9.64300
v -9.80736 1.43664 9.63500
v -9.80736 1.43664 9.64300
v -9.80736 1.45136 9.63500
v -9.79264 1.45136 9.63500
v -9.80736 1.45136 9.64300
v -9.79264 1.45136 9.64300
v -9.80736 1.43664 9.64300
v -9.79264 1.43664 9.64300
v -9.80736 1.43664 9.63500
v -9.79264 1.43664 9.63500
v -9.80736 1.45136 9.64300
v -9.79264 1.45136 9.64300
v -9.80736 1.43664 9.64300
v -9.79264 1.43664 9.64300
v -9.79264 1.45136 9.63500
v -9.80736 1.45136 9.63500
v -9.79264 1.43664 9.63500
v -9.80736 1.43664 9.63500
v -9.77664 1.45136 9.64300
v -9.77664 1.45136 9.63500
v -9.77664 1.43664 9.64300
v -9.77664 1.43664 9.63500
v -9.79136 1.45136 9.63500
v -9.79136 1.45136 9.64300
v -9.79136 1.43664 9.63500
v -9.79136 1.43664 9.64300
v -9.79136 1.45136 9.63500
v -9.77664 1.45136 9.63500
v -9.79136 1.45136 9.64300
v -9.77664 1.45136 9.64300
v -9.79136 1.43664 9.64300
v -9.77664 1.43664 9.64300
v -9.79136 1.43664 9.63500
v -9.77664 1.43664 9.63500
v -9.79136 1.45136 9.64300
v -9.77664 1.45136 9.64300
v -9.79136 1.43664 9.64300
v -9.77664 1.43664 9.64300
v -9.77664 1.45136 9.63500
v -9.79136 1.45136 9.63500
v -9.77664 1.43664 9.63500
v -9.79136 1.43664 9.63500
v -9.76064 1.45136 9.64300
v -9.76064 1.45136 9.63500
v -9.76064 1.43664 9.64300
v -9.76064 1.43664 9.63500
v -9.77536 1.45136 9.63500
v -9.77536 1.45136 9.64300
v -9.77536 1.43664 9.63500
v -9.77536 1.43664 9.64300
v -9.77536 1.45136 9.63500
v -9.76064 1.45136 9.63500
v -9.77536 1.45136 9.64300
v -9.76064 1.45136 9.64300
v -9.77536 1.43664 9.64300
v -9.76064 1.43664 9.64300
v -9.77536 1.43664 9.63500
v -9.76064 1.43664 9.63500
v -9.77536 1.45136 9.64300
v -9.76064 1.45136 9.64300
v -9.77536 1.43664 9.64300
v -9.76064 1.43664 9.64300
v -9.76064 1.45136 9.63500
v -9.77536 1.45136 9.63500
v -9.76064 1.43664 9.63500
v -9.77536 1.43664 9.63500
v -9.71264 1.54736 9.64300
v -9.71264 1.54736 9.63500
v -9.71264 1.53264 9.64300
v -9.71264 1.53264 9.63500
v -9.72736 1.54736 9.63500
v -9.72736 1.54736 9.64300
v -9.72736 1.53264 9.63500
v -9.72736 1.53264 9.64300
v -9.72736 1.54736 9.63500
v -9.71264 1.54736 9.63500
v -9.72736 1.54736 9.64300
v -9.71264 1.54736 9.64300
v -9.72736 1.53264 9.64300
v -9.71264 1.53264 9.64300
v -9.72736 1.53264 9.63500
v -9.71264 1.53264 9.63500
v -9.72736 1.54736 9.64300
v -9.71264 1.54736 9.64300
v -9.72736 1.53264 9.64300
v -9.71264 1.53264 9.64300
v -9.71264 1.54736 9.63500
v -9.72736 1.54736 9.63500
v -9.71264 1.53264 9.63500
v -9.72736 1.53264 9.63500
v -9.69664 1.54736 9.64300
v -9.69664 1.54736 9.63500
v -9.69664 1.53264 9.64300
v -9.69664 1.53264 9.63500
v -9.71136 1.54736 9.63500
v -9.71136 1.54736 9.64300
v -9.71136 1.53264 9.63500
v -9.71136 1.53264 9.64300
v -9.71136 1.54736 9.63500
v -9.69664 1.54736 9.63500
v -9.71136 1.54736 9.64300
v -9.69664 1.54736 9.64300
v -9.71136 1.53264 9.64300
v -9.69664 1.53264 9.64300
v -9.71136 1.53264 9.63500
v -9.69664 1.53264 9.63500
v -9.71136 1.54736 9.64300
v -9.69664 1.54736 9.64300
v -9.71136 1.53264 9.64300
v -9.69664 1.53264 9.64300
v -9.69664 1.54736 9.63500
v -9.71136 1.54736 9.63500
v -9.69664 1.53264 9.63500
v -9.71136 1.53264 9.63500
v -9.68064 1.54736 9.64300
v -9.68064 1.54736 9.63500
v -9.68064 1.53264 9.64300
v -9.68064 1.53264 9.63500
v -9.69536 1.54736 9.63500
v -9.69536 1.54736 9.64300
v -9.69536 1.53264 9.63500
v -9.69536 1.53264 9.64300
v -9.69536 1.54736 9.63500
v -9.68064 1.54736 9.63500
v -9.69536 1.54736 9.64300
v -9.68064 1.54736 9.64300
v -9.69536 1.53264 9.64300
v -9.68064 1.53264 9.64300
v -9.69536 1.53264 9.63500
v -9.68064 1.53264 9.63500
v -9.69536 1.54736 9.64300
v -9.68064 1.54736 9.64300
v -9.69536 1.53264 9.64300
v -9.68064 1.53264 9.64300
v -9.68064 1.54736 9.63500
v -9.69536 1.54736 9.63500
v -9.68064 1.53264 9.63500
v -9.69536 1.53264 9.63500
v -9.66464 1.54736 9.64300
v -9.66464 1.54736 9.63500
v -9.66464 1.53264 9.64300
v -9.66464 1.53264 9.63500
v -9.67936 1.54736 9.63500
v -9.67936 1.54736 9.64300
v -9.67936 1.53264 9.63500
v -9.67936 1.53264 9.64300
v -9.67936 1.54736 9.63500
v -9.66464 1.54736 9.63500
v -9.67936 1.54736 9.64300
v -9.66464 1.54736 9.64300
v -9.67936 1.53264 9.64300
v -9.66464 1.53264 9.64300
v -9.67936 1.53264 9.63500
v -9.66464 1.53264 9.63500
v -9.67936 1.54736 9.64300
v -9.66464 1.54736 9.64300
v -9.67936 1.53264 9.64300
v -9.66464 1.53264 9.64300
v -9.66464 1.54736 9.63500
v -9.67936 1.54736 9.63500
v -9.66464 1.53264 9.63500
v -9.67936 1.53264 9.63500
v -9.64864 1.54736 9.64300
v -9.64864 1.54736 9.63500
v -9.64864 1.53264 9.64300
v -9.64864 1.53264 9.63500
v -9.66336 1.54736 9.63500
v -9.66336 1.54736 9.64300
v -9.66336 1.53264 9.63500
v -9.66336 1.53264 9.64300
v -9.66336 1.54736 9.63500
v -9.64864 1.54736 9.63500
v -9.66336 1.54736 9.64300
v -9.64864 1.54736 9.64300
v -9.66336 1.53264 9.64300
v -9.64864 1.53264 9.64300
v -9.66336 1.53264 9.63500
v -9.64864 1.53264 9.63500
v -9.66336 1.54736 9.64300
v -9.64864 1.54736 9.64300
v -9.66336 1.53264 9.64300
v -9.64864 1.53264 9.64300
v -9.64864 1.54736 9.63500
v -9.66336 1.54736 9.63500
v -9.64864 1.53264 9.63500
v -9.66336 1.53264 9.63500
v -9.68064 1.53136 9.64300
v -9.68064 1.53136 9.63500
v -9.68064 1.51664 9.64300
v -9.68064 1.51664 9.63500
v -9.69536 1.53136 9.63500
v -9.69536 1.53136 9.64300
v -9.69536 1.51664 9.63500
v -9.69536 1.51664 9.64300
v -9.69536 1.53136 9.63500
v -9.68064 1.53136 9.63500
v -9.69536 1.53136 9.64300
v -9.68064 1.53136 9.64300
v -9.69536 1.51664 9.64300
v -9.68064 1.51664 9.64300
v -9.69536 1.51664 9.63500
v -9.68064 1.51664 9.63500
v -9.69536 1.53136 9.64300
v -9.68064 1.53136 9.64300
v -9.69536 1.51664 9.64300
v -9.68064 1.51664 9.64300
v -9.68064 1.53136 9.63500
v -9.69536 1.53136 9.63500
v -9.68064 1.51664 9.63500
v -9.69536 1.51664 9.63500
v -9.68064 1.51536 9.64300
v -9.68064 1.51536 9.63500
v -9.68064 1.50064 9.64300
v -9.68064 1.50064 9.63500
v -9.69536 1.51536 9.63500
v -9.69536 1.51536 9.64300
v -9.69536 1.50064 9.63500
v -9.69536 1.50064 9.64300
v -9.69536 1.51536 9.63500
v -9.68064 1.51536 9.63500
v -9.69536 1.51536 9.64300
v -9.68064 1.51536 9.64300
v -9.69536 1.50064 9.64300
v -9.68064 1.50064 9.64300
v -9.69536 1.50064 9.63500
v -9.68064 1.50064 9.63500
v -9.69536 1.51536 9.64300
v -9.68064 1.51536 9.64300
v -9.69536 1.50064 9.64300
v -9.68064 1.50064 9.64300
v -9.68064 1.51536 9.63500
v -9.69536 1.51536 9.63500
v -9.68064 1.50064 9.63500
v -9.69536 1.50064 9.63500
v -9.68064 1.49936 9.64300
v -9.68064 1.49936 9.63500
v -9.68064 1.48464 9.64300
v -9.68064 1.48464 9.63500
v -9.69536 1.49936 9.63500
v -9.69536 1.49936 9.64300
v -9.69536 1.48464 9.63500
v -9.69536 1.48464 9.64300
v -9.69536 1.49936 9.63500
v -9.68064 1.49936 9.63500
v -9.69536 1.49936 9.64300
v -9.68064 1.49936 9.64300
v -9.69536 1.48464 9.64300
v -9.68064 1.48464 9.64300
v -9.69536 1.48464 9.63500
v -9.68064 1.48464 9.63500
v -9.69536 1.49936 9.64300
v -9.68064 1.49936 9.64300
v -9.69536 1.48464 9.64300
v -9.68064 1.48464 9.64300
v -9.68064 1.49936 9.63500
v -9.69536 1.49936 9.63500
v -9.68064 1.48464 9.63500
v -9.69536 1.48464 9.63500
v -9.68064 1.48336 9.64300
v -9.68064 1.48336 9.63500
v -9.68064 1.46864 9.64300
v -9.68064 1.46864 9.63500
v -9.69536 1.48336 9.63500
v -9.69536 1.48336 9.64300
v -9.69536 1.46864 9.63500
v -9.69536 1.46864 9.64300
v -9.69536 1.48336 9.63500
v -9.68064 1.48336 9.63500
v -9.69536 1.48336 9.64300
v -9.68064 1.48336 9.64300
v -9.69536 1.46864 9.64300
v -9.68064 1.46864 9.64300
v -9.69536 1.46864 9.63500
v -9.68064 1.46864 9.63500
v -9.69536 1.48336 9.64300
v -9.68064 1.48336 9.64300
v -9.69536 1.46864 9.64300
v -9.68064 1.46864 9.64300
v -9.68064 1.48336 9.63500
v -9.69536 1.48336 9.63500
v -9.68064 1.46864 9.63500
v -9.69536 1.46864 9.63500
v -9.68064 1.46736 9.64300
v -9.68064 1.46736 9.63500
v -9.68064 1.45264 9.64300
v -9.68064 1.45264 9.63500
v -9.69536 1.46736 9.63500
v -9.69536 1.46736 9.64300
v -9.69536 1.45264 9.63500
v -9.69536 1.45264 9.64300
v -9.69536 1.46736 9.63500
v -9.68064 1.46736 9.63500
v -9.69536 1.46736 9.64300
v -9.68064 1.46736 9.64300
v -9.69536 1.45264 9.64300
v -9.68064 1.45264 9.64300
v -9.69536 1.45264 9.63500
v -9.68064 1.45264 9.63500
v -9.69536 1.46736 9.64300
v -9.68064 1.46736 9.64300
v -9.69536 1.45264 9.64300
v -9.68064 1.45264 9.64300
v -9.68064 1.46736 9.63500
v -9.69536 1.46736 9.63500
v -9.68064 1.45264 9.63500
v -9.69536 1.45264 9.63500
v -9.68064 1.45136 9.64300
v -9.68064 1.45136 9.63500
v -9.68064 1.43664 9.64300
v -9.68064 1.43664 9.63500
v -9.69536 1.45136 9.63500
v -9.69536 1.45136 9.64300
v -9.69536 1.43664 9.63500
v -9.69536 1.43664 9.64300
v -9.69536 1.45136 9.63500
v -9.68064 1.45136 9.63500
v -9.69536 1.45136 9.64300
v -9.68064 1.45136 9.64300
v -9.69536 1.43664 9.64300
v -9.68064 1.43664 9.64300
v -9.69536 1.43664 9.63500
v -9.68064 1.43664 9.63500
v -9.69536 1.45136 9.64300
v -9.68064 1.45136 9.64300
v -9.69536 1.43664 9.64300
v -9.68064 1.43664 9.64300
v -9.68064 1.45136 9.63500
v -9.69536 1.45136 9.63500
v -9.68064 1.43664 9.63500
v -9.69536 1.43664 9.63500
v -9.61664 1.54736 9.64300
v -9.61664 1.54736 9.63500
v -9.61664 1.53264 9.64300
v -9.61664 1.53264 9.63500
v -9.63136 1.54736 9.63500
v -9.63136 1.54736 9.64300
v -9.63136 1.53264 9.63500
v -9.63136 1.53264 9.64300
v -9.63136 1.54736 9.63500
v -9.61664 1.54736 9.63500
v -9.63136 1.54736 9.64300
v -9.61664 1.54736 9.64300
v -9.63136 1.53264 9.64300
v -9.61664 1.53264 9.64300
v -9.63136 1.53264 9.63500
v -9.61664 1.53264 9.63500
v -9.63136 1.54736 9.64300
v -9.61664 1.54736 9.64300
v -9.63136 1.53264 9.64300
v -9.61664 1.53264 9.64300
v -9.61664 1.54736 9.63500
v -9.63136 1.54736 9.63500
v -9.61664 1.53264 9.63500
v -9.63136 1.53264 9.63500
v -9.60064 1.54736 9.64300
v -9.60064 1.54736 9.63500
v -9.60064 1.53264 9.64300
v -9.60064 1.53264 9.63500
v -9.61536 1.54736 9.63500
v -9.61536 1.54736 9.64300
v -9.61536 1.53264 9.63500
v -9.61536 1.53264 9.64300
v -9.61536 1.54736 9.63500
v -9.60064 1.54736 9.63500
v -9.61536 1.54736 9.64300
v -9.60064 1.54736 9.64300
v -9.61536 1.53264 9.64300
v -9.60064 1.53264 9.64300
v -9.61536 1.53264 9.63500
v -9.60064 1.53264 9.63500
v -9.61536 1.54736 9.64300
v -9.60064 1.54736 9.64300
v -9.61536 1.53264 9.64300
v -9.60064 1.53264 9.64300
v -9.60064 1.54736 9.63500
v -9.61536 1.54736 9.63500
v -9.60064 1.53264 9.63500
v -9.61536 1.53264 9.63500
v -9.58464 1.54736 9.64300
v -9.58464 1.54736 9.63500
v -9.58464 1.53264 9.64300
v -9.58464 1.53264 9.63500
v -9.59936 1.54736 9.63500
v -9.59936 1.54736 9.64300
v -9.59936 1.53264 9.63500
v -9.59936 1.53264 9.64300
v -9.59936 1.54736 9.63500
v -9.58464 1.54736 9.63500
v -9.59936 1.54736 9.64300
v -9.58464 1.54736 9.64300
v -9.59936 1.53264 9.64300
v -9.58464 1.53264 9.64300
v -9.59936 1.53264 9.63500
v -9.58464 1.53264 9.63500
v -9.59936 1.54736 9.64300
v -9.58464 1.54736 9.64300
v -9.59936 1.53264 9.64300
v -9.58464 1.53264 9.64300
v -9.58464 1.54736 9.63500
v -9.59936 1.54736 9.63500
v -9.58464 1.53264 9.63500
v -9.59936 1.53264 9.63500
v -9.56864 1.54736 9.64300
v -9.56864 1.54736 9.63500
v -9.56864 1.53264 9.64300
v -9.56864 1.53264 9.63500
v -9.58336 1.54736 9.63500
v -9.58336 1.54736 9.64300
v -9.58336 1.53264 9.63500
v -9.58336 1.53264 9.64300
v -9.58336 1.54736 9.63500
v -9.56864 1.54736 9.63500
v -9.58336 1.54736 9.64300
v -9.56864 1.54736 9.64300
v -9.58336 1.53264 9.64300
v -9.56864 1.53264 9.64300
v -9.58336 1.53264 9.63500
v -9.56864 1.53264 9.63500
v -9.58336 1.54736 9.64300
v -9.56864 1.54736 9.64300
v -9.58336 1.53264 9.64300
v -9.56864 1.53264 9.64300
v -9.56864 1.54736 9.63500
v -9.58336 1.54736 9.63500
v -9.56864 1.53264 9.63500
v -9.58336 1.53264 9.63500
v -9.61664 1.53136 9.64300
v -9.61664 1.53136 9.63500
v -9.61664 1.51664 9.64300
v -9.61664 1.51664 9.63500
v -9.63136 1.53136 9.63500
v -9.63136 1.53136 9.64300
v -9.63136 1.51664 9.63500
v -9.63136 1.51664 9.64300
v -9.63136 1.53136 9.63500
v -9.61664 1.53136 9.63500
v -9.63136 1.53136 9.64300
v -9.61664 1.53136 9.64300
v -9.63136 1.51664 9.64300
v -9.61664 1.51664 9.64300
v -9.63136 1.51664 9.63500
v -9.61664 1.51664 9.63500
v -9.63136 1.53136 9.64300
v -9.61664 1.53136 9.64300
v -9.63136 1.51664 9.64300
v -9.61664 1.51664 9.64300
v -9.61664 1.53136 9.63500
v -9.63136 1.53136 9.63500
v -9.61664 1.51664 9.63500
v -9.63136 1.51664 9.63500
v -9.55264 1.53136 9.64300
v -9.55264 1.53136 9.63500
v -9.55264 1.51664 9.64300
v -9.55264 1.51664 9.63500
v -9.56736 1.53136 9.63500
v -9.56736 1.53136 9.64300
v -9.56736 1.51664 9.63500
v -9.56736 1.51664 9.64300
v -9.56736 1.53136 9.63500
v -9.55264 1.53136 9.63500
v -9.56736 1.53136 9.64300
v -9.55264 1.53136 9.64300
v -9.56736 1.51664 9.64300
v -9.55264 1.51664 9.64300
v -9.56736 1.51664 9.63500
v -9.55264 1.51664 9.63500
v -9.56736 1.53136 9.64300
v -9.55264 1.53136 9.64300
v -9.56736 1.51664 9.64300
v -9.55264 1.51664 9.64300
v -9.55264 1.53136 9.63500
v -9.56736 1.53136 9.63500
v -9.55264 1.51664 9.63500
v -9.56736 1.51664 9.63500
v -9.61664 1.51536 9.64300
v -9.61664 1.51536 9.63500
v -9.61664 1.50064 9.64300
v -9.61664 1.50064 9.63500
v -9.63136 1.51536 9.63500
v -9.63136 1.51536 9.64300
v -9.63136 1.50064 9.63500
v -9.63136 1.50064 9.64300
v -9.63136 1.51536 9.63500
v -9.61664 1.51536 9.63500
v -9.63136 1.51536 9.64300
v -9.61664 1.51536 9.64300
v -9.63136 1.50064 9.64300
v -9.61664 1.50064 9.64300
v -9.63136 1.50064 9.63500
v -9.61664 1.50064 9.63500
v -9.63136 1.51536 9.64300
v -9.61664 1.51536 9.64300
v -9.63136 1.50064 9.64300
v -9.61664 1.50064 9.64300
v -9.61664 1.51536 9.63500
v -9.63136 1.51536 9.63500
v -9.61664 1.50064 9.63500
v -9.63136 1.50064 9.63500
v -9.55264 1.51536 9.64300
v -9.55264 1.51536 9.63500
v -9.55264 1.50064 9.64300
v -9.55264 1.50064 9.63500
v -9.56736 1.51536 9.63500
v -9.56736 1.51536 9.64300
v -9.56736 1.50064 9.63500
v -9.56736 1.50064 9.64300
v -9.56736 1.51536 9.63500
v -9.55264 1.51536 9.63500
v -9.56736 1.51536 9.64300
v -9.55264 1.51536 9.64300
v -9.56736 1.50064 9.64300
v -9.55264 1.50064 9.64300
v -9.56736 1.50064 9.63500
v -9.55264 1.50064 9.63500
v -9.56736 1.51536 9.64300
v -9.55264 1.51536 9.64300
v -9.56736 1.50064 9.64300
v -9.55264 1.50064 9.64300
v -9.55264 1.51536 9.63500
v -9.56736 1.51536 9.63500
v -9.55264 1.50064 9.63500
v -9.56736 1.50064 9.63500
v -9.61664 1.49936 9.64300
v -9.61664 1.49936 9.63500
v -9.61664 1.48464 9.64300
v -9.61664 1.48464 9.63500
v -9.63136 1.49936 9.63500
v -9.63136 1.49936 9.64300
v -9.63136 1.48464 9.63500
v -9.63136 1.48464 9.64300
v -9.63136 1.49936 9.63500
v -9.61664 1.49936 9.63500
v -9.63136 1.49936 9.64300
v -9.61664 1.49936 9.64300
v -9.63136 1.48464 9.64300
v -9.61664 1.48464 9.64300
v -9.63136 1.48464 9.63500
v -9.61664 1.48464 9.63500
v -9.63136 1.49936 9.64300
v -9.61664 1.49936 9.64300
v -9.63136 1.48464 9.64300
v -9.61664 1.48464 9.64300
v -9.61664 1.49936 9.63500
v -9.63136 1.49936 9.63500
v -9.61664 1.48464 9.63500
v -9.63136 1.48464 9.63500
v -9.60064 1.49936 9.64300
v -9.60064 1.49936 9.63500
v -9.60064 1.48464 9.64300
v -9.60064 1.48464 9.63500
v -9.61536 1.49936 9.63500
v -9.61536 1.49936 9.64300
v -9.61536 1.48464 9.63500
v -9.61536 1.48464 9.64300
v -9.61536 1.49936 9.63500
v -9.60064 1.49936 9.63500
v -9.61536 1.49936 9.64300
v -9.60064 1.49936 9.64300
v -9.61536 1.48464 9.64300
v -9.60064 1.48464 9.64300
v -9.61536 1.48464 9.63500
v -9.60064 1.48464 9.63500
v -9.61536 1.49936 9.64300
v -9.60064 1.49936 9.64300
v -9.61536 1.48464 9.64300
v -9.60064 1.48464 9.64300
v -9.60064 1.49936 9.63500
v -9.61536 1.49936 9.63500
v -9.60064 1.48464 9.63500
v -9.61536 1.48464 9.63500
v -9.58464 1.49936 9.64300
v -9.58464 1.49936 9.63500
v -9.58464 1.48464 9.64300
v -9.58464 1.48464 9.63500
v -9.59936 1.49936 9.63500
v -9.59936 1.49936 9.64300
v -9.59936 1.48464 9.63500
v -9.59936 1.48464 9.64300
v -9.59936 1.49936 9.63500
v -9.58464 1.49936 9.63500
v -9.59936 1.49936 9.64300
v -9.58464 1.49936 9.64300
v -9.59936 1.48464 9.64300
v -9.58464 1.48464 9.64300
v -9.59936 1.48464 9.63500
v -9.58464 1.48464 9.63500
v -9.59936 1.49936 9.64300
v -9.58464 1.49936 9.64300
v -9.59936 1.48464 9.64300
v -9.58464 1.48464 9.64300
v -9.58464 1.49936 9.63500
v -9.59936 1.49936 9.63500
v -9.58464 1.48464 9.63500
v -9.59936 1.48464 9.63500
v -9.56864 1.49936 9.64300
v -9.56864 1.49936 9.63500
v -9.56864 1.48464 9.64300
v -9.56864 1.48464 9.63500
v -9.58336 1.49936 9.63500
v -9.58336 1.49936 9.64300
v -9.58336 1.48464 9.63500
v -9.58336 1.48464 9.64300
v -9.58336 1.49936 9.63500
v -9.56864 1.49936 9.63500
v -9.58336 1.49936 9.64300
v -9.56864 1.49936 9.64300
v -9.58336 1.48464 9.64300
v -9.56864 1.48464 9.64300
v -9.58336 1.48464 9.63500
v -9.56864 1.48464 9.63500
v -9.58336 1.49936 9.64300
v -9.56864 1.49936 9.64300
v -9.58336 1.48464 9.64300
v -9.56864 1.48464 9.64300
v -9.56864 1.49936 9.63500
v -9.58336 1.49936 9.63500
v -9.56864 1.48464 9.63500
v -9.58336 1.48464 9.63500
v -9.61664 1.48336 9.64300
v -9.61664 1.48336 9.63500
v -9.61664 1.46864 9.64300
v -9.61664 1.46864 9.63500
v -9.63136 1.48336 9.63500
v -9.63136 1.48336 9.64300
v -9.63136 1.46864 9.63500
v -9.63136 1.46864 9.64300
v -9.63136 1.48336 9.63500
v -9.61664 1.48336 9.63500
v -9.63136 1.48336 9.64300
v -9.61664 1.48336 9.64300
v -9.63136 1.46864 9.64300
v -9.61664 1.46864 9.64300
v -9.63136 1.46864 9.63500
v -9.61664 1.46864 9.63500
v -9.63136 1.48336 9.64300
v -9.61664 1.48336 9.64300
v -9.63136 1.46864 9.64300
v -9.61664 1.46864 9.64300
v -9.61664 1.48336 9.63500
v -9.63136 1.48336 9.63500
v -9.61664 1.46864 9.63500
v -9.63136 1.46864 9.63500
v -9.58464 1.48336 9.64300
v -9.58464 1.48336 9.63500
v -9.58464 1.46864 9.64300
v -9.58464 1.46864 9.63500
v -9.59936 1.48336 9.63500
v -9.59936 1.48336 9.64300
v -9.59936 1.46864 9.63500
v -9.59936 1.46864 9.64300
v -9.59936 1.48336 9.63500
v -9.58464 1.48336 9.63500
v -9.59936 1.48336 9.64300
v -9.58464 1.48336 9.64300
v -9.59936 1.46864 9.64300
v -9.58464 1.46864 9.64300
v -9.59936 1.46864 9.63500
v -9.58464 1.46864 9.63500
v -9.59936 1.48336 9.64300
v -9.58464 1.48336 9.64300
v -9.59936 1.46864 9.64300
v -9.58464 1.46864 9.64300
v -9.58464 1.48336 9.63500
v -9.59936 1.48336 9.63500
v -9.58464 1.46864 9.63500
v -9.59936 1.46864 9.63500
v -9.61664 1.46736 9.64300
v -9.61664 1.46736 9.63500
v -9.61664 1.45264 9.64300
v -9.61664 1.45264 9.63500
v -9.63136 1.46736 9.63500
v -9.63136 1.46736 9.64300
v -9.63136 1.45264 9.63500
v -9.63136 1.45264 9.64300
v -9.63136 1.46736 9.63500
v -9.61664 1.46736 9.63500
v -9.63136 1.46736 9.64300
v -9.61664 1.46736 9.64300
v -9.63136 1.45264 9.64300
v -9.61664 1.45264 9.64300
v -9.63136 1.45264 9.63500
v -9.61664 1.45264 9.63500
v -9.63136 1.46736 9.64300
v -9.61664 1.46736 9.64300
v -9.63136 1.45264 9.64300
v -9.61664 1.45264 9.64300
v -9.61664 1.46736 9.63500
v -9.63136 1.46736 9.63500
v -9.61664 1.45264 9.63500
v -9.63136 1.45264 9.63500
v -9.56864 1.46736 9.64300
v -9.56864 1.46736 9.63500
v -9.56864 1.45264 9.64300
v -9.56864 1.45264 9.63500
v -9.58336 1.46736 9.63500
v -9.58336 1.46736 9.64300
v -9.58336 1.45264 9.63500
v -9.58336 1.45264 9.64300
v -9.58336 1.46736 9.63500
v -9.56864 1.46736 9.63500
v -9.58336 1.46736 9.64300
v -9.56864 1.46736 9.64300
v -9.58336 1.45264 9.64300
v -9.56864 1.45264 9.64300
v -9.58336 1.45264 9.63500
v -9.56864 1.45264 9.63500
v -9.58336 1.46736 9.64300
v -9.56864 1.46736 9.64300
v -9.58336 1.45264 9.64300
v -9.56864 1.45264 9.64300
v -9.56864 1.46736 9.63500
v -9.58336 1.46736 9.63500
v -9.56864 1.45264 9.63500
v -9.58336 1.45264 9.63500
v -9.61664 1.45136 9.64300
v -9.61664 1.45136 9.63500
v -9.61664 1.43664 9.64300
v -9.61664 1.43664 9.63500
v -9.63136 1.45136 9.63500
v -9.63136 1.45136 9.64300
v -9.63136 1.43664 9.63500
v -9.63136 1.43664 9.64300
v -9.63136 1.45136 9.63500
v -9.61664 1.45136 9.63500
v -9.63136 1.45136 9.64300
v -9.61664 1.45136 9.64300
v -9.63136 1.43664 9.64300
v -9.61664 1.43664 9.64300
v -9.63136 1.43664 9.63500
v -9.61664 1.43664 9.63500
v -9.63136 1.45136 9.64300
v -9.61664 1.45136 9.64300
v -9.63136 1.43664 9.64300
v -9.61664 1.43664 9.64300
v -9.61664 1.45136 9.63500
v -9.63136 1.45136 9.63500
v -9.61664 1.43664 9.63500
v -9.63136 1.43664 9.63500
v -9.55264 1.45136 9.64300
v -9.55264 1.45136 9.63500
v -9.55264 1.43664 9.64300
v -9.55264 1.43664 9.63500
v -9.56736 1.45136 9.63500
v -9.56736 1.45136 9.64300
v -9.56736 1.43664 9.63500
v -9.56736 1.43664 9.64300
v -9.56736 1.45136 9.63500
v -9.55264 1.45136 9.63500
v -9.56736 1.45136 9.64300
v -9.55264 1.45136 9.64300
v -9.56736 1.43664 9.64300
v -9.55264 1.43664 9.64300
v -9.56736 1.43664 9.63500
v -9.55264 1.43664 9.63500
v -9.56736 1.45136 9.64300
v -9.55264 1.45136 9.64300
v -9.56736 1.43664 9.64300
v -9.55264 1.43664 9.64300
v -9.55264 1.45136 9.63500
v -9.56736 1.45136 9.63500
v -9.55264 1.43664 9.63500
v -9.56736 1.43664 9.63500
v -9.52064 1.54736 9.64300
v -9.52064 1.54736 9.63500
v -9.52064 1.53264 9.64300
v -9.52064 1.53264 9.63500
v -9.53536 1.54736 9.63500
v -9.53536 1.54736 9.64300
v -9.53536 1.53264 9.63500
v -9.53536 1.53264 9.64300
v -9.53536 1.54736 9.63500
v -9.52064 1.54736 9.63500
v -9.53536 1.54736 9.64300
v -9.52064 1.54736 9.64300
v -9.53536 1.53264 9.64300
v -9.52064 1.53264 9.64300
v -9.53536 1.53264 9.63500
v -9.52064 1.53264 9.63500
v -9.53536 1.54736 9.64300
v -9.52064 1.54736 9.64300
v -9.53536 1.53264 9.64300
v -9.52064 1.53264 9.64300
v -9.52064 1.54736 9.63500
v -9.53536 1.54736 9.63500
v -9.52064 1.53264 9.63500
v -9.53536 1.53264 9.63500
v -9.50464 1.54736 9.64300
v -9.50464 1.54736 9.63500
v -9.50464 1.53264 9.64300
v -9.50464 1.53264 9.63500
v -9.51936 1.54736 9.63500
v -9.51936 1.54736 9.64300
v -9.51936 1.53264 9.63500
v -9.51936 1.53264 9.64300
v -9.51936 1.54736 9.63500
v -9.50464 1.54736 9.63500
v -9.51936 1.54736 9.64300
v -9.50464 1.54736 9.64300
v -9.51936 1.53264 9.64300
v -9.50464 1.53264 9.64300
v -9.51936 1.53264 9.63500
v -9.50464 1.53264 9.63500
v -9.51936 1.54736 9.64300
v -9.50464 1.54736 9.64300
v -9.51936 1.53264 9.64300
v -9.50464 1.53264 9.64300
v -9.50464 1.54736 9.63500
v -9.51936 1.54736 9.63500
v -9.50464 1.53264 9.63500
v -9.51936 1.53264 9.63500
v -9.48864 1.54736 9.64300
v -9.48864 1.54736 9.63500
v -9.48864 1.53264 9.64300
v -9.48864 1.53264 9.63500
v -9.50336 1.54736 9.63500
v -9.50336 1.54736 9.64300
v -9.50336 1.53264 9.63500
v -9.50336 1.53264 9.64300
v -9.50336 1.54736 9.63500
v -9.48864 1.54736 9.63500
v -9.50336 1.54736 9.64300
v -9.48864 1.54736 9.64300
v -9.50336 1.53264 9.64300
v -9.48864 1.53264 9.64300
v -9.50336 1.53264 9.63500
v -9.48864 1.53264 9.63500
v -9.50336 1.54736 9.64300
v -9.48864 1.54736 9.64300
v -9.50336 1.53264 9.64300
v -9.48864 1.53264 9.64300
v -9.48864 1.54736 9.63500
v -9.50336 1.54736 9.63500
v -9.48864 1.53264 9.63500
v -9.50336 1.53264 9.63500
v -9.47264 1.54736 9.64300
v -9.47264 1.54736 9.63500
v -9.47264 1.53264 9.64300
v -9.47264 1.53264 9.63500
v -9.48736 1.54736 9.63500
v -9.48736 1.54736 9.64300
v -9.48736 1.53264 9.63500
v -9.48736 1.53264 9.64300
v -9.48736 1.54736 9.63500
v -9.47264 1.54736 9.63500
v -9.48736 1.54736 9.64300
v -9.47264 1.54736 9.64300
v -9.48736 1.53264 9.64300
v -9.47264 1.53264 9.64300
v -9.48736 1.53264 9.63500
v -9.47264 1.53264 9.63500
v -9.48736 1.54736 9.64300
v -9.47264 1.54736 9.64300
v -9.48736 1.53264 9.64300
v -9.47264 1.53264 9.64300
v -9.47264 1.54736 9.63500
v -9.48736 1.54736 9.63500
v -9.47264 1.53264 9.63500
v -9.48736 1.53264 9.63500
v -9.45664 1.54736 9.64300
v -9.45664 1.54736 9.63500
v -9.45664 1.53264 9.64300
v -9.45664 1.53264 9.63500
v -9.47136 1.54736 9.63500
v -9.47136 1.54736 9.64300
v -9.47136 1.53264 9.63500
v -9.47136 1.53264 9.64300
v -9.47136 1.54736 9.63500
v -9.45664 1.54736 9.63500
v -9.47136 1.54736 9.64300
v -9.45664 1.54736 9.64300
v -9.47136 1.53264 9.64300
v -9.45664 1.53264 9.64300
v -9.47136 1.53264 9.63500
v -9.45664 1.53264 9.63500
v -9.47136 1.54736 9.64300
v -9.45664 1.54736 9.64300
v -9.47136 1.53264 9.64300
v -9.45664 1.53264 9.64300
v -9.45664 1.54736 9.63500
v -9.47136 1.54736 9.63500
v -9.45664 1.53264 9.63500
v -9.47136 1.53264 9.63500
v -9.48864 1.53136 9.64300
v -9.48864 1.53136 9.63500
v -9.48864 1.51664 9.64300
v -9.48864 1.51664 9.63500
v -9.50336 1.53136 9.63500
v -9.50336 1.53136 9.64300
v -9.50336 1.51664 9.63500
v -9.50336 1.51664 9.64300
v -9.50336 1.53136 9.63500
v -9.48864 1.53136 9.63500
v -9.50336 1.53136 9.64300
v -9.48864 1.53136 9.64300
v -9.50336 1.51664 9.64300
v -9.48864 1.51664 9.64300
v -9.50336 1.51664 9.63500
v -9.48864 1.51664 9.63500
v -9.50336 1.53136 9.64300
v -9.48864 1.53136 9.64300
v -9.50336 1.51664 9.64300
v -9.48864 1.51664 9.64300
v -9.48864 1.53136 9.63500
v -9.50336 1.53136 9.63500
v -9.48864 1.51664 9.63500
v -9.50336 1.51664 9.63500
v -9.48864 1.51536 9.64300
v -9.48864 1.51536 9.63500
v -9.48864 1.50064 9.64300
v -9.48864 1.50064 9.63500
v -9.50336 1.51536 9.63500
v -9.50336 1.51536 9.64300
v -9.50336 1.50064 9.63500
v -9.50336 1.50064 9.64300
v -9.50336 1.51536 9.63500
v -9.48864 1.51536 9.63500
v -9.50336 1.51536 9.64300
v -9.48864 1.51536 9.64300
v -9.50336 1.50064 9.64300
v -9.48864 1.50064 9.64300
v -9.50336 1.50064 9.63500
v -9.48864 1.50064 9.63500
v -9.50336 1.51536 9.64300
v -9.48864 1.51536 9.64300
v -9.50336 1.50064 9.64300
v -9.48864 1.50064 9.64300
v -9.48864 1.51536 9.63500
v -9.50336 1.51536 9.63500
v -9.48864 1.50064 9.63500
v -9.50336 1.50064 9.63500
v -9.48864 1.49936 9.64300
v -9.48864 1.49936 9.63500
v -9.48864 1.48464 9.64300
v -9.48864 1.48464 9.63500
v -9.50336 1.49936 9.63500
v -9.50336 1.49936 9.64300
v -9.50336 1.48464 9.63500
v -9.50336 1.48464 9.64300
v -9.50336 1.49936 9.63500
v -9.48864 1.49936 9.63500
v -9.50336 1.49936 9.64300
v -9.48864 1.49936 9.64300
v -9.50336 1.48464 9.64300
v -9.48864 1.48464 9.64300
v -9.50336 1.48464 9.63500
v -9.48864 1.48464 9.63500
v -9.50336 1.49936 9.64300
v -9.48864 1.49936 9.64300
v -9.50336 1.48464 9.64300
v -9.48864 1.48464 9.64300
v -9.48864 1.49936 9.63500
v -9.50336 1.49936 9.63500
v -9.48864 1.48464 9.63500
v -9.50336 1.48464 9.63500
v -9.48864 1.48336 9.64300
v -9.48864 1.48336 9.63500
v -9.48864 1.46864 9.64300
v -9.48864 1.46864 9.63500
v -9.50336 1.48336 9.63500
v -9.50336 1.48336 9.64300
v -9.50336 1.46864 9.63500
v -9.50336 1.46864 9.64300
v -9.50336 1.48336 9.63500
v -9.48864 1.48336 9.63500
v -9.50336 1.48336 9.64300
v -9.48864 1.48336 9.64300
v -9.50336 1.46864 9.64300
v -9.48864 1.46864 9.64300
v -9.50336 1.46864 9.63500
v -9.48864 1.46864 9.63500
v -9.50336 1.48336 9.64300
v -9.48864 1.48336 9.64300
v -9.50336 1.46864 9.64300
v -9.48864 1.46864 9.64300
v -9.48864 1.48336 9.63500
v -9.50336 1.48336 9.63500
v -9.48864 1.46864 9.63500
v -9.50336 1.46864 9.63500
v -9.48864 1.46736 9.64300
v -9.48864 1.46736 9.63500
v -9.48864 1.45264 9.64300
v -9.48864 1.45264 9.63500
v -9.50336 1.46736 9.63500
v -9.50336 1.46736 9.64300
v -9.50336 1.45264 9.63500
v -9.50336 1.45264 9.64300
v -9.50336 1.46736 9.63500
v -9.48864 1.46736 9.63500
v -9.50336 1.46736 9.64300
v -9.48864 1.46736 9.64300
v -9.50336 1.45264 9.64300
v -9.48864 1.45264 9.64300
v -9.50336 1.45264 9.63500
v -9.48864 1.45264 9.63500
v -9.50336 1.46736 9.64300
v -9.48864 1.46736 9.64300
v -9.50336 1.45264 9.64300
v -9.48864 1.45264 9.64300
v -9.48864 1.46736 9.63500
v -9.50336 1.46736 9.63500
v -9.48864 1.45264 9.63500
v -9.50336 1.45264 9.63500
v -9.52064 1.45136 9.64300
v -9.52064 1.45136 9.63500
v -9.52064 1.43664 9.64300
v -9.52064 1.43664 9.63500
v -9.53536 1.45136 9.63500
v -9.53536 1.45136 9.64300
v -9.53536 1.43664 9.63500
v -9.53536 1.43664 9.64300
v -9.53536 1.45136 9.63500
v -9.52064 1.45136 9.63500
v -9.53536 1.45136 9.64300
v -9.52064 1.45136 9.64300
v -9.53536 1.43664 9.64300
v -9.52064 1.43664 9.64300
v -9.53536 1.43664 9.63500
v -9.52064 1.43664 9.63500
v -9.53536 1.45136 9.64300
v -9.52064 1.45136 9.64300
v -9.53536 1.43664 9.64300
v -9.52064 1.43664 9.64300
v -9.52064 1.45136 9.63500
v -9.53536 1.45136 9.63500
v -9.52064 1.43664 9.63500
v -9.53536 1.43664 9.63500
v -9.50464 1.45136 9.64300
v -9.50464 1.45136 9.63500
v -9.50464 1.43664 9.64300
v -9.50464 1.43664 9.63500
v -9.51936 1.45136 9.63500
v -9.51936 1.45136 9.64300
v -9.51936 1.43664 9.63500
v -9.51936 1.43664 9.64300
v -9.51936 1.45136 9.63500
v -9.50464 1.45136 9.63500
v -9.51936 1.45136 9.64300
v -9.50464 1.45136 9.64300
v -9.51936 1.43664 9.64300
v -9.50464 1.43664 9.64300
v -9.51936 1.43664 9.63500
v -9.50464 1.43664 9.63500
v -9.51936 1.45136 9.64300
v -9.50464 1.45136 9.64300
v -9.51936 1.43664 9.64300
v -9.50464 1.43664 9.64300
v -9.50464 1.45136 9.63500
v -9.51936 1.45136 9.63500
v -9.50464 1.43664 9.63500
v -9.51936 1.43664 9.63500
v -9.48864 1.45136 9.64300
v -9.48864 1.45136 9.63500
v -9.48864 1.43664 9.64300
v -9.48864 1.43664 9.63500
v -9.50336 1.45136 9.63500
v -9.50336 1.45136 9.64300
v -9.50336 1.43664 9.63500
v -9.50336 1.43664 9.64300
v -9.50336 1.45136 9.63500
v -9.48864 1.45136 9.63500
v -9.50336 1.45136 9.64300
v -9.48864 1.45136 9.64300
v -9.50336 1.43664 9.64300
v -9.48864 1.43664 9.64300
v -9.50336 1.43664 9.63500
v -9.48864 1.43664 9.63500
v -9.50336 1.45136 9.64300
v -9.48864 1.45136 9.64300
v -9.50336 1.43664 9.64300
v -9.48864 1.43664 9.64300
v -9.48864 1.45136 9.63500
v -9.50336 1.45136 9.63500
v -9.48864 1.43664 9.63500
v -9.50336 1.43664 9.63500
v -9.47264 1.45136 9.64300
v -9.47264 1.45136 9.63500
v -9.47264 1.43664 9.64300
v -9.47264 1.43664 9.63500
v -9.48736 1.45136 9.63500
v -9.48736 1.45136 9.64300
v -9.48736 1.43664 9.63500
v -9.48736 1.43664 9.64300
v -9.48736 1.45136 9.63500
v -9.47264 1.45136 9.63500
v -9.48736 1.45136 9.64300
v -9.47264 1.45136 9.64300
v -9.48736 1.43664 9.64300
v -9.47264 1.43664 9.64300
v -9.48736 1.43664 9.63500
v -9.47264 1.43664 9.63500
v -9.48736 1.45136 9.64300
v -9.47264 1.45136 9.64300
v -9.48736 1.43664 9.64300
v -9.47264 1.43664 9.64300
v -9.47264 1.45136 9.63500
v -9.48736 1.45136 9.63500
v -9.47264 1.43664 9.63500
v -9.48736 1.43664 9.63500
v -9.45664 1.45136 9.64300
v -9.45664 1.45136 9.63500
v -9.45664 1.43664 9.64300
v -9.45664 1.43664 9.63500
v -9.47136 1.45136 9.63500
v -9.47136 1.45136 9.64300
v -9.47136 1.43664 9.63500
v -9.47136 1.43664 9.64300
v -9.47136 1.45136 9.63500
v -9.45664 1.45136 9.63500
v -9.47136 1.45136 9.64300
v -9.45664 1.45136 9.64300
v -9.47136 1.43664 9.64300
v -9.45664 1.43664 9.64300
v -9.47136 1.43664 9.63500
v -9.45664 1.43664 9.63500
v -9.47136 1.45136 9.64300
v -9.45664 1.45136 9.64300
v -9.47136 1.43664 9.64300
v -9.45664 1.43664 9.64300
v -9.45664 1.45136 9.63500
v -9.47136 1.45136 9.63500
v -9.45664 1.43664 9.63500
v -9.47136 1.43664 9.63500
v -9.40864 1.54736 9.64300
v -9.40864 1.54736 9.63500
v -9.40864 1.53264 9.64300
v -9.40864 1.53264 9.63500
v -9.42336 1.54736 9.63500
v -9.42336 1.54736 9.64300
v -9.42336 1.53264 9.63500
v -9.42336 1.53264 9.64300
v -9.42336 1.54736 9.63500
v -9.40864 1.54736 9.63500
v -9.42336 1.54736 9.64300
v -9.40864 1.54736 9.64300
v -9.42336 1.53264 9.64300
v -9.40864 1.53264 9.64300
v -9.42336 1.53264 9.63500
v -9.40864 1.53264 9.63500
v -9.42336 1.54736 9.64300
v -9.40864 1.54736 9.64300
v -9.42336 1.53264 9.64300
v -9.40864 1.53264 9.64300
v -9.40864 1.54736 9.63500
v -9.42336 1.54736 9.63500
v -9.40864 1.53264 9.63500
v -9.42336 1.53264 9.63500
v -9.39264 1.54736 9.64300
v -9.39264 1.54736 9.63500
v -9.39264 1.53264 9.64300
v -9.39264 1.53264 9.63500
v -9.40736 1.54736 9.63500
v -9.40736 1.54736 9.64300
v -9.40736 1.53264 9.63500
v -9.40736 1.53264 9.64300
v -9.40736 1.54736 9.63500
v -9.39264 1.54736 9.63500
v -9.40736 1.54736 9.64300
v -9.39264 1.54736 9.64300
v -9.40736 1.53264 9.64300
v -9.39264 1.53264 9.64300
v -9.40736 1.53264 9.63500
v -9.39264 1.53264 9.63500
v -9.40736 1.54736 9.64300
v -9.39264 1.54736 9.64300
v -9.40736 1.53264 9.64300
v -9.39264 1.53264 9.64300
v -9.39264 1.54736 9.63500
v -9.40736 1.54736 9.63500
v -9.39264 1.53264 9.63500
v -9.40736 1.53264 9.63500
v -9.37664 1.54736 9.64300
v -9.37664 1.54736 9.63500
v -9.37664 1.53264 9.64300
v -9.37664 1.53264 9.63500
v -9.39136 1.54736 9.63500
v -9.39136 1.54736 9.64300
v -9.39136 1.53264 9.63500
v -9.39136 1.53264 9.64300
v -9.39136 1.54736 9.63500
v -9.37664 1.54736 9.63500
v -9.39136 1.54736 9.64300
v -9.37664 1.54736 9.64300
v -9.39136 1.53264 9.64300
v -9.37664 1.53264 9.64300
v -9.39136 1.53264 9.63500
v -9.37664 1.53264 9.63500
v -9.39136 1.54736 9.64300
v -9.37664 1.54736 9.64300
v -9.39136 1.53264 9.64300
v -9.37664 1.53264 9.64300
v -9.37664 1.54736 9.63500
v -9.39136 1.54736 9.63500
v -9.37664 1.53264 9.63500
v -9.39136 1.53264 9.63500
v -9.36064 1.54736 9.64300
v -9.36064 1.54736 9.63500
v -9.36064 1.53264 9.64300
v -9.36064 1.53264 9.63500
v -9.37536 1.54736 9.63500
v -9.37536 1.54736 9.64300
v -9.37536 1.53264 9.63500
v -9.37536 1.53264 9.64300
v -9.37536 1.54736 9.63500
v -9.36064 1.54736 9.63500
v -9.37536 1.54736 9.64300
v -9.36064 1.54736 9.64300
v -9.37536 1.53264 9.64300
v -9.36064 1.53264 9.64300
v -9.37536 1.53264 9.63500
v -9.36064 1.53264 9.63500
v -9.37536 1.54736 9.64300
v -9.36064 1.54736 9.64300
v -9.37536 1.53264 9.64300
v -9.36064 1.53264 9.64300
v -9.36064 1.54736 9.63500
v -9.37536 1.54736 9.63500
v -9.36064 1.53264 9.63500
v -9.37536 1.53264 9.63500
v -9.42464 1.53136 9.64300
v -9.42464 1.53136 9.63500
v -9.42464 1.51664 9.64300
v -9.42464 1.51664 9.63500
v -9.43936 1.53136 9.63500
v -9.43936 1.53136 9.64300
v -9.43936 1.51664 9.63500
v -9.43936 1.51664 9.64300
v -9.43936 1.53136 9.63500
v -9.42464 1.53136 9.63500
v -9.43936 1.53136 9.64300
v -9.42464 1.53136 9.64300
v -9.43936 1.51664 9.64300
v -9.42464 1.51664 9.64300
v -9.43936 1.51664 9.63500
v -9.42464 1.51664 9.63500
v -9.43936 1.53136 9.64300
v -9.42464 1.53136 9.64300
v -9.43936 1.51664 9.64300
v -9.42464 1.51664 9.64300
v -9.42464 1.53136 9.63500
v -9.43936 1.53136 9.63500
v -9.42464 1.51664 9.63500
v -9.43936 1.51664 9.63500
v -9.42464 1.51536 9.64300
v -9.42464 1.51536 9.63500
v -9.42464 1.50064 9.64300
v -9.42464 1.50064 9.63500
v -9.43936 1.51536 9.63500
v -9.43936 1.51536 9.64300
v -9.43936 1.50064 9.63500
v -9.43936 1.50064 9.64300
v -9.43936 1.51536 9.63500
v -9.42464 1.51536 9.63500
v -9.43936 1.51536 9.64300
v -9.42464 1.51536 9.64300
v -9.43936 1.50064 9.64300
v -9.42464 1.50064 9.64300
v -9.43936 1.50064 9.63500
v -9.42464 1.50064 9.63500
v -9.43936 1.51536 9.64300
v -9.42464 1.51536 9.64300
v -9.43936 1.50064 9.64300
v -9.42464 1.50064 9.64300
v -9.42464 1.51536 9.63500
v -9.43936 1.51536 9.63500
v -9.42464 1.50064 9.63500
v -9.43936 1.50064 9.63500
v -9.42464 1.49936 9.64300
v -9.42464 1.49936 9.63500
v -9.42464 1.48464 9.64300
v -9.42464 1.48464 9.63500
v -9.43936 1.49936 9.63500
v -9.43936 1.49936 9.64300
v -9.43936 1.48464 9.63500
v -9.43936 1.48464 9.64300
v -9.43936 1.49936 9.63500
v -9.42464 1.49936 9.63500
v -9.43936 1.49936 9.64300
v -9.42464 1.49936 9.64300
v -9.43936 1.48464 9.64300
v -9.42464 1.48464 9.64300
v -9.43936 1.48464 9.63500
v -9.42464 1.48464 9.63500
v -9.43936 1.49936 9.64300
v -9.42464 1.49936 9.64300
v -9.43936 1.48464 9.64300
v -9.42464 1.48464 9.64300
v -9.42464 1.49936 9.63500
v -9.43936 1.49936 9.63500
v -9.42464 1.48464 9.63500
v -9.43936 1.48464 9.63500
v -9.42464 1.48336 9.64300
v -9.42464 1.48336 9.63500
v -9.42464 1.46864 9.64300
v -9.42464 1.46864 9.63500
v -9.43936 1.48336 9.63500
v -9.43936 1.48336 9.64300
v -9.43936 1.46864 9.63500
v -9.43936 1.46864 9.64300
v -9.43936 1.48336 9.63500
v -9.42464 1.48336 9.63500
v -9.43936 1.48336 9.64300
v -9.42464 1.48336 9.64300
v -9.43936 1.46864 9.64300
v -9.42464 1.46864 9.64300
v -9.43936 1.46864 9.63500
v -9.42464 1.46864 9.63500
v -9.43936 1.48336 9.64300
v -9.42464 1.48336 9.64300
v -9.43936 1.46864 9.64300
v -9.42464 1.46864 9.64300
v -9.42464 1.48336 9.63500
v -9.43936 1.48336 9.63500
v -9.42464 1.46864 9.63500
v -9.43936 1.46864 9.63500
v -9.42464 1.46736 9.64300
v -9.42464 1.46736 9.63500
v -9.42464 1.45264 9.64300
v -9.42464 1.45264 9.63500
v -9.43936 1.46736 9.63500
v -9.43936 1.46736 9.64300
v -9.43936 1.45264 9.63500
v -9.43936 1.45264 9.64300
v -9.43936 1.46736 9.63500
v -9.42464 1.46736 9.63500
v -9.43936 1.46736 9.64300
v -9.42464 1.46736 9.64300
v -9.43936 1.45264 9.64300
v -9.42464 1.45264 9.64300
v -9.43936 1.45264 9.63500
v -9.42464 1.45264 9.63500
v -9.43936 1.46736 9.64300
v -9.42464 1.46736 9.64300
v -9.43936 1.45264 9.64300
v -9.42464 1.45264 9.64300
v -9.42464 1.46736 9.63500
v -9.43936 1.46736 9.63500
v -9.42464 1.45264 9.63500
v -9.43936 1.45264 9.63500
v -9.40864 1.45136 9.64300
v -9.40864 1.45136 9.63500
v -9.40864 1.43664 9.64300
v -9.40864 1.43664 9.63500
v -9.42336 1.45136 9.63500
v -9.42336 1.45136 9.64300
v -9.42336 1.43664 9.63500
v -9.42336 1.43664 9.64300
v -9.42336 1.45136 9.63500
v -9.40864 1.45136 9.63500
v -9.42336 1.45136 9.64300
v -9.40864 1.45136 9.64300
v -9.42336 1.43664 9.64300
v -9.40864 1.43664 9.64300
v -9.42336 1.43664 9.63500
v -9.40864 1.43664 9.63500
v -9.42336 1.45136 9.64300
v -9.40864 1.45136 9.64300
v -9.42336 1.43664 9.64300
v -9.40864 1.43664 9.64300
v -9.40864 1.45136 9.63500
v -9.42336 1.45136 9.63500
v -9.40864 1.43664 9.63500
v -9.42336 1.43664 9.63500
v -9.39264 1.45136 9.64300
v -9.39264 1.45136 9.63500
v -9.39264 1.43664 9.64300
v -9.39264 1.43664 9.63500
v -9.40736 1.45136 9.63500
v -9.40736 1.45136 9.64300
v -9.40736 1.43664 9.63500
v -9.40736 1.43664 9.64300
v -9.40736 1.45136 9.63500
v -9.39264 1.45136 9.63500
v -9.40736 1.45136 9.64300
v -9.39264 1.45136 9.64300
v -9.40736 1.43664 9.64300
v -9.39264 1.43664 9.64300
v -9.40736 1.43664 9.63500
v -9.39264 1.43664 9.63500
v -9.40736 1.45136 9.64300
v -9.39264 1.45136 9.64300
v -9.40736 1.43664 9.64300
v -9.39264 1.43664 9.64300
v -9.39264 1.45136 9.63500
v -9.40736 1.45136 9.63500
v -9.39264 1.43664 9.63500
v -9.40736 1.43664 9.63500
v -9.37664 1.45136 9.64300
v -9.37664 1.45136 9.63500
v -9.37664 1.43664 9.64300
v -9.37664 1.43664 9.63500
v -9.39136 1.45136 9.63500
v -9.39136 1.45136 9.64300
v -9.39136 1.43664 9.63500
v -9.39136 1.43664 9.64300
v -9.39136 1.45136 9.63500
v -9.37664 1.45136 9.63500
v -9.39136 1.45136 9.64300
v -9.37664 1.45136 9.64300
v -9.39136 1.43664 9.64300
v -9.37664 1.43664 9.64300
v -9.39136 1.43664 9.63500
v -9.37664 1.43664 9.63500
v -9.39136 1.45136 9.64300
v -9.37664 1.45136 9.64300
v -9.39136 1.43664 9.64300
v -9.37664 1.43664 9.64300
v -9.37664 1.45136 9.63500
v -9.39136 1.45136 9.63500
v -9.37664 1.43664 9.63500
v -9.39136 1.43664 9.63500
v -9.36064 1.45136 9.64300
v -9.36064 1.45136 9.63500
v -9.36064 1.43664 9.64300
v -9.36064 1.43664 9.63500
v -9.37536 1.45136 9.63500
v -9.37536 1.45136 9.64300
v -9.37536 1.43664 9.63500
v -9.37536 1.43664 9.64300
v -9.37536 1.45136 9.63500
v -9.36064 1.45136 9.63500
v -9.37536 1.45136 9.64300
v -9.36064 1.45136 9.64300
v -9.37536 1.43664 9.64300
v -9.36064 1.43664 9.64300
v -9.37536 1.43664 9.63500
v -9.36064 1.43664 9.63500
v -9.37536 1.45136 9.64300
v -9.36064 1.45136 9.64300
v -9.37536 1.43664 9.64300
v -9.36064 1.43664 9.64300
v -9.36064 1.45136 9.63500
v -9.37536 1.45136 9.63500
v -9.36064 1.43664 9.63500
v -9.37536 1.43664 9.63500
v -9.32864 1.54736 9.64300
v -9.32864 1.54736 9.63500
v -9.32864 1.53264 9.64300
v -9.32864 1.53264 9.63500
v -9.34336 1.54736 9.63500
v -9.34336 1.54736 9.64300
v -9.34336 1.53264 9.63500
v -9.34336 1.53264 9.64300
v -9.34336 1.54736 9.63500
v -9.32864 1.54736 9.63500
v -9.34336 1.54736 9.64300
v -9.32864 1.54736 9.64300
v -9.34336 1.53264 9.64300
v -9.32864 1.53264 9.64300
v -9.34336 1.53264 9.63500
v -9.32864 1.53264 9.63500
v -9.34336 1.54736 9.64300
v -9.32864 1.54736 9.64300
v -9.34336 1.53264 9.64300
v -9.32864 1.53264 9.64300
v -9.32864 1.54736 9.63500
v -9.34336 1.54736 9.63500
v -9.32864 1.53264 9.63500
v -9.34336 1.53264 9.63500
v -9.31264 1.54736 9.64300
v -9.31264 1.54736 9.63500
v -9.31264 1.53264 9.64300
v -9.31264 1.53264 9.63500
v -9.32736 1.54736 9.63500
v -9.32736 1.54736 9.64300
v -9.32736 1.53264 9.63500
v -9.32736 1.53264 9.64300
v -9.32736 1.54736 9.63500
v -9.31264 1.54736 9.63500
v -9.32736 1.54736 9.64300
v -9.31264 1.54736 9.64300
v -9.32736 1.53264 9.64300
v -9.31264 1.53264 9.64300
v -9.32736 1.53264 9.63500
v -9.31264 1.53264 9.63500
v -9.32736 1.54736 9.64300
v -9.31264 1.54736 9.64300
v -9.32736 1.53264 9.64300
v -9.31264 1.53264 9.64300
v -9.31264 1.54736 9.63500
v -9.32736 1.54736 9.63500
v -9.31264 1.53264 9.63500
v -9.32736 1.53264 9.63500
v -9.29664 1.54736 9.64300
v -9.29664 1.54736 9.63500
v -9.29664 1.53264 9.64300
v -9.29664 1.53264 9.63500
v -9.31136 1.54736 9.63500
v -9.31136 1.54736 9.64300
v -9.31136 1.53264 9.63500
v -9.31136 1.53264 9.64300
v -9.31136 1.54736 9.63500
v -9.29664 1.54736 9.63500
v -9.31136 1.54736 9.64300
v -9.29664 1.54736 9.64300
v -9.31136 1.53264 9.64300
v -9.29664 1.53264 9.64300
v -9.31136 1.53264 9.63500
v -9.29664 1.53264 9.63500
v -9.31136 1.54736 9.64300
v -9.29664 1.54736 9.64300
v -9.31136 1.53264 9.64300
v -9.29664 1.53264 9.64300
v -9.29664 1.54736 9.63500
v -9.31136 1.54736 9.63500
v -9.29664 1.53264 9.63500
v -9.31136 1.53264 9.63500
v -9.28064 1.54736 9.64300
v -9.28064 1.54736 9.63500
v -9.28064 1.53264 9.64300
v -9.28064 1.53264 9.63500
v -9.29536 1.54736 9.63500
v -9.29536 1.54736 9.64300
v -9.29536 1.53264 9.63500
v -9.29536 1.53264 9.64300
v -9.29536 1.54736 9.63500
v -9.28064 1.54736 9.63500
v -9.29536 1.54736 9.64300
v -9.28064 1.54736 9.64300
v -9.29536 1.53264 9.64300
v -9.28064 1.53264 9.64300
v -9.29536 1.53264 9.63500
v -9.28064 1.53264 9.63500
v -9.29536 1.54736 9.64300
v -9.28064 1.54736 9.64300
v -9.29536 1.53264 9.64300
v -9.28064 1.53264 9.64300
v -9.28064 1.54736 9.63500
v -9.29536 1.54736 9.63500
v -9.28064 1.53264 9.63500
v -9.29536 1.53264 9.63500
v -9.26464 1.54736 9.64300
v -9.26464 1.54736 9.63500
v -9.26464 1.53264 9.64300
v -9.26464 1.53264 9.63500
v -9.27936 1.54736 9.63500
v -9.27936 1.54736 9.64300
v -9.27936 1.53264 9.63500
v -9.27936 1.53264 9.64300
v -9.27936 1.54736 9.63500
v -9.26464 1.54736 9.63500
v -9.27936 1.54736 9.64300
v -9.26464 1.54736 9.64300
v -9.27936 1.53264 9.64300
v -9.26464 1.53264 9.64300
v -9.27936 1.53264 9.63500
v -9.26464 1.53264 9.63500
v -9.27936 1.54736 9.64300
v -9.26464 1.54736 9.64300
v -9.27936 1.53264 9.64300
v -9.26464 1.53264 9.64300
v -9.26464 1.54736 9.63500
v -9.27936 1.54736 9.63500
v -9.26464 1.53264 9.63500
v -9.27936 1.53264 9.63500
v -9.29664 1.53136 9.64300
v -9.29664 1.53136 9.63500
v -9.29664 1.51664 9.64300
v -9.29664 1.51664 9.63500
v -9.31136 1.53136 9.63500
v -9.31136 1.53136 9.64300
v -9.31136 1.51664 9.63500
v -9.31136 1.51664 9.64300
v -9.31136 1.53136 9.63500
v -9.29664 1.53136 9.63500
v -9.31136 1.53136 9.64300
v -9.29664 1.53136 9.64300
v -9.31136 1.51664 9.64300
v -9.29664 1.51664 9.64300
v -9.31136 1.51664 9.63500
v -9.29664 1.51664 9.63500
v -9.31136 1.53136 9.64300
v -9.29664 1.53136 9.64300
v -9.31136 1.51664 9.64300
v -9.29664 1.51664 9.64300
v -9.29664 1.53136 9.63500
v -9.31136 1.53136 9.63500
v -9.29664 1.51664 9.63500
v -9.31136 1.51664 9.63500
v -9.29664 1.51536 9.64300
v -9.29664 1.51536 9.63500
v -9.29664 1.50064 9.64300
v -9.29664 1.50064 9.63500
v -9.31136 1.51536 9.63500
v -9.31136 1.51536 9.64300
v -9.31136 1.50064 9.63500
v -9.31136 1.50064 9.64300
v -9.31136 1.51536 9.63500
v -9.29664 1.51536 9.63500
v -9.31136 1.51536 9.64300
v -9.29664 1.51536 9.64300
v -9.31136 1.50064 9.64300
v -9.29664 1.50064 9.64300
v -9.31136 1.50064 9.63500
v -9.29664 1.50064 9.63500
v -9.31136 1.51536 9.64300
v -9.29664 1.51536 9.64300
v -9.31136 1.50064 9.64300
v -9.29664 1.50064 9.64300
v -9.29664 1.51536 9.63500
v -9.31136 1.51536 9.63500
v -9.29664 1.50064 9.63500
v -9.31136 1.50064 9.63500
v -9.29664 1.49936 9.64300
v -9.29664 1.49936 9.63500
v -9.29664 1.48464 9.64300
v -9.29664 1.48464 9.63500
v -9.31136 1.49936 9.63500
v -9.31136 1.49936 9.64300
v -9.31136 1.48464 9.63500
v -9.31136 1.48464 9.64300
v -9.31136 1.49936 9.63500
v -9.29664 1.49936 9.63500
v -9.31136 1.49936 9.64300
v -9.29664 1.49936 9.64300
v -9.31136 1.48464 9.64300
v -9.29664 1.48464 9.64300
v -9.31136 1.48464 9.63500
v -9.29664 1.48464 9.63500
v -9.31136 1.49936 9.64300
v -9.29664 1.49936 9.64300
v -9.31136 1.48464 9.64300
v -9.29664 1.48464 9.64300
v -9.29664 1.49936 9.63500
v -9.31136 1.49936 9.63500
v -9.29664 1.48464 9.63500
v -9.31136 1.48464 9.63500
v -9.29664 1.48336 9.64300
v -9.29664 1.48336 9.63500
v -9.29664 1.46864 9.64300
v -9.29664 1.46864 9.63500
v -9.31136 1.48336 9.63500
v -9.31136 1.48336 9.64300
v -9.31136 1.46864 9.63500
v -9.31136 1.46864 9.64300
v -9.31136 1.48336 9.63500
v -9.29664 1.48336 9.63500
v -9.31136 1.48336 9.64300
v -9.29664 1.48336 9.64300
v -9.31136 1.46864 9.64300
v -9.29664 1.46864 9.64300
v -9.31136 1.46864 9.63500
v -9.29664 1.46864 9.63500
v -9.31136 1.48336 9.64300
v -9.29664 1.48336 9.64300
v -9.31136 1.46864 9.64300
v -9.29664 1.46864 9.64300
v -9.29664 1.48336 9.63500
v -9.31136 1.48336 9.63500
v -9.29664 1.46864 9.63500
v -9.31136 1.46864 9.63500
v -9.29664 1.46736 9.64300
v -9.29664 1.46736 9.63500
v -9.29664 1.45264 9.64300
v -9.29664 1.45264 9.63500
v -9.31136 1.46736 9.63500
v -9.31136 1.46736 9.64300
v -9.31136 1.45264 9.63500
v -9.31136 1.45264 9.64300
v -9.31136 1.46736 9.63500
v -9.29664 1.46736 9.63500
v -9.31136 1.46736 9.64300
v -9.29664 1.46736 9.64300
v -9.31136 1.45264 9.64300
v -9.29664 1.45264 9.64300
v -9.31136 1.45264 9.63500
v -9.29664 1.45264 9.63500
v -9.31136 1.46736 9.64300
v -9.29664 1.46736 9.64300
v -9.31136 1.45264 9.64300
v -9.29664 1.45264 9.64300
v -9.29664 1.46736 9.63500
v -9.31136 1.46736 9.63500
v -9.29664 1.45264 9.63500
v -9.31136 1.45264 9.63500
v -9.29664 1.45136 9.64300
v -9.29664 1.45136 9.63500
v -9.29664 1.43664 9.64300
v -9.29664 1.43664 9.63500
v -9.31136 1.45136 9.63500
v -9.31136 1.45136 9.64300
v -9.31136 1.43664 9.63500
v -9.31136 1.43664 9.64300
v -9.31136 1.45136 9.63500
v -9.29664 1.45136 9.63500
v -9.31136 1.45136 9.64300
v -9.29664 1.45136 9.64300
v -9.31136 1.43664 9.64300
v -9.29664 1.43664 9.64300
v -9.31136 1.43664 9.63500
v -9.29664 1.43664 9.63500
v -9.31136 1.45136 9.64300
v -9.29664 1.45136 9.64300
v -9.31136 1.43664 9.64300
v -9.29664 1.43664 9.64300
v -9.29664 1.45136 9.63500
v -9.31136 1.45136 9.63500
v -9.29664 1.43664 9.63500
v -9.31136 1.43664 9.63500
f 10092 10094 10093
f 10094 10095 10093
f 10096 10098 10097
f 10098 10099 10097
f 10100 10102 10101
f 10102 10103 10101
f 10104 10106 10105
f 10106 10107 10105
f 10108 10110 10109
f 10110 10111 10109
f 10112 10114 10113
f 10114 10115 10113
f 10116 10118 10117
f 10118 10119 10117
f 10120 10122 10121
f 10122 10123 10121
f 10124 10126 10125
f 10126 10127 10125
f 10128 10130 10129
f 10130 10131 10129
f 10132 10134 10133
f 10134 10135 10133
f 10136 10138 10137
f 10138 10139 10137
f 10140 10142 10141
f 10142 10143 10141
f 10144 10146 10145
f 10146 10147 10145
f 10148 10150 10149
f 10150 10151 10149
f 10152 10154 10153
f 10154 10155 10153
f 10156 10158 10157
f 10158 10159 10157
f 10160 10162 10161
f 10162 10163 10161
f 10164 10166 10165
f 10166 10167 10165
f 10168 10170 10169
f 10170 10171 10169
f 10172 10174 10173
f 10174 10175 10173
f 10176 10178 10177
f 10178 10179 10177
f 10180 10182 10181
f 10182 10183 10181
f 10184 10186 10185
f 10186 10187 10185
f 10188 10190 10189
f 10190 10191 10189
f 10192 10194 10193
f 10194 10195 10193
f 10196 10198 10197
f 10198 10199 10197
f 10200 10202 10201
f 10202 10203 10201
f 10204 10206 10205
f 10206 10207 10205
f 10208 10210 10209
f 10210 10211 10209
f 10212 10214 10213
f 10214 10215 10213
f 10216 10218 10217
f 10218 10219 10217
f 10220 10222 10221
f 10222 10223 10221
f 10224 10226 10225
f 10226 10227 10225
f 10228 10230 10229
f 10230 10231 10229
f 10232 10234 10233
f 10234 10235 10233
f 10236 10238 10237
f 10238 10239 10237
f 10240 10242 10241
f 10242 10243 10241
f 10244 10246 10245
f 10246 10247 10245
f 10248 10250 10249
f 10250 10251 10249
f 10252 10254 10253
f 10254 10255 10253
f 10256 10258 10257
f 10258 10259 10257
f 10260 10262 10261
f 10262 10263 10261
f 10264 10266 10265
f 10266 10267 10265
f 10268 10270 10269
f 10270 10271 10269
f 10272 10274 10273
f 10274 10275 10273
f 10276 10278 10277
f 10278 10279 10277
f 10280 10282 10281
f 10282 10283 10281
f 10284 10286 10285
f 10286 10287 10285
f 10288 10290 10289
f 10290 10291 10289
f 10292 10294 10293
f 10294 10295 10293
f 10296 10298 10297
f 10298 10299 10297
f 10300 10302 10301
f 10302 10303 10301
f 10304 10306 10305
f 10306 10307 10305
f 10308 10310 10309
f 10310 10311 10309
f 10312 10314 10313
f 10314 10315 10313
f 10316 10318 10317
f 10318 10319 10317
f 10320 10322 10321
f 10322 10323 10321
f 10324 10326 10325
f 10326 10327 10325
f 10328 10330 10329
f 10330 10331 10329
f 10332 10334 10333
f 10334 10335 10333
f 10336 10338 10337
f 10338 10339 10337
f 10340 10342 10341
f 10342 10343 10341
f 10344 10346 10345
f 10346 10347 10345
f 10348 10350 10349
f 10350 10351 10349
f 10352 10354 10353
f 10354 10355 10353
f 10356 10358 10357
f 10358 10359 10357
f 10360 10362 10361
f 10362 10363 10361
f 10364 10366 10365
f 10366 10367 10365
f 10368 10370 10369
f 10370 10371 10369
f 10372 10374 10373
f 10374 10375 10373
f 10376 10378 10377
f 10378 10379 10377
f 10380 10382 10381
f 10382 10383 10381
f 10384 10386 10385
f 10386 10387 10385
f 10388 10390 10389
f 10390 10391 10389
f 10392 10394 10393
f 10394 10395 10393
f 10396 10398 10397
f 10398 10399 10397
f 10400 10402 10401
f 10402 10403 10401
f 10404 10406 10405
f 10406 10407 10405
f 10408 10410 10409
f 10410 10411 10409
f 10412 10414 10413
f 10414 10415 10413
f 10416 10418 10417
f 10418 10419 10417
f 10420 10422 10421
f 10422 10423 10421
f 10424 10426 10425
f 10426 10427 10425
f 10428 10430 10429
f 10430 10431 10429
f 10432 10434 10433
f 10434 10435 10433
f 10436 10438 10437
f 10438 10439 10437
f 10440 10442 10441
f 10442 10443 10441
f 10444 10446 10445
f 10446 10447 10445
f 10448 10450 10449
f 10450 10451 10449
f 10452 10454 10453
f 10454 10455 10453
f 10456 10458 10457
f 10458 10459 10457
f 10460 10462 10461
f 10462 10463 10461
f 10464 10466 10465
f 10466 10467 10465
f 10468 10470 10469
f 10470 10471 10469
f 10472 10474 10473
f 10474 10475 10473
f 10476 10478 10477
f 10478 10479 10477
f 10480 10482 10481
f 10482 10483 10481
f 10484 10486 10485
f 10486 10487 10485
f 10488 10490 10489
f 10490 10491 10489
f 10492 10494 10493
f 10494 10495 10493
f 10496 10498 10497
f 10498 10499 10497
f 10500 10502 10501
f 10502 10503 10501
f 10504 10506 10505
f 10506 10507 10505
f 10508 10510 10509
f 10510 10511 10509
f 10512 10514 10513
f 10514 10515 10513
f 10516 10518 10517
f 10518 10519 10517
f 10520 10522 10521
f 10522 10523 10521
f 10524 10526 10525
f 10526 10527 10525
f 10528 10530 10529
f 10530 10531 10529
f 10532 10534 10533
f 10534 10535 10533
f 10536 10538 10537
f 10538 10539 10537
f 10540 10542 10541
f 10542 10543 10541
f 10544 10546 10545
f 10546 10547 10545
f 10548 10550 10549
f 10550 10551 10549
f 10552 10554 10553
f 10554 10555 10553
f 10556 10558 10557
f 10558 10559 10557
f 10560 10562 10561
f 10562 10563 10561
f 10564 10566 10565
f 10566 10567 10565
f 10568 10570 10569
f 10570 10571 10569
f 10572 10574 10573
f 10574 10575 10573
f 10576 10578 10577
f 10578 10579 10577
f 10580 10582 10581
f 10582 10583 10581
f 10584 10586 10585
f 10586 10587 10585
f 10588 10590 10589
f 10590 10591 10589
f 10592 10594 10593
f 10594 10595 10593
f 10596 10598 10597
f 10598 10599 10597
f 10600 10602 10601
f 10602 10603 10601
f 10604 10606 10605
f 10606 10607 10605
f 10608 10610 10609
f 10610 10611 10609
f 10612 10614 10613
f 10614 10615 10613
f 10616 10618 10617
f 10618 10619 10617
f 10620 10622 10621
f 10622 10623 10621
f 10624 10626 10625
f 10626 10627 10625
f 10628 10630 10629
f 10630 10631 10629
f 10632 10634 10633
f 10634 10635 10633
f 10636 10638 10637
f 10638 10639 10637
f 10640 10642 10641
f 10642 10643 10641
f 10644 10646 10645
f 10646 10647 10645
f 10648 10650 10649
f 10650 10651 10649
f 10652 10654 10653
f 10654 10655 10653
f 10656 10658 10657
f 10658 10659 10657
f 10660 10662 10661
f 10662 10663 10661
f 10664 10666 10665
f 10666 10667 10665
f 10668 10670 10669
f 10670 10671 10669
f 10672 10674 10673
f 10674 10675 10673
f 10676 10678 10677
f 10678 10679 10677
f 10680 10682 10681
f 10682 10683 10681
f 10684 10686 10685
f 10686 10687 10685
f 10688 10690 10689
f 10690 10691 10689
f 10692 10694 10693
f 10694 10695 10693
f 10696 10698 10697
f 10698 10699 10697
f 10700 10702 10701
f 10702 10703 10701
f 10704 10706 10705
f 10706 10707 10705
f 10708 10710 10709
f 10710 10711 10709
f 10712 10714 10713
f 10714 10715 10713
f 10716 10718 10717
f 10718 10719 10717
f 10720 10722 10721
f 10722 10723 10721
f 10724 10726 10725
f 10726 10727 10725
f 10728 10730 10729
f 10730 10731 10729
f 10732 10734 10733
f 10734 10735 10733
f 10736 10738 10737
f 10738 10739 10737
f 10740 10742 10741
f 10742 10743 10741
f 10744 10746 10745
f 10746 10747 10745
f 10748 10750 10749
f 10750 10751 10749
f 10752 10754 10753
f 10754 10755 10753
f 10756 10758 10757
f 10758 10759 10757
f 10760 10762 10761
f 10762 10763 10761
f 10764 10766 10765
f 10766 10767 10765
f 10768 10770 10769
f 10770 10771 10769
f 10772 10774 10773
f 10774 10775 10773
f 10776 10778 10777
f 10778 10779 10777
f 10780 10782 10781
f 10782 10783 10781
f 10784 10786 10785
f 10786 10787 10785
f 10788 10790 10789
f 10790 10791 10789
f 10792 10794 10793
f 10794 10795 10793
f 10796 10798 10797
f 10798 10799 10797
f 10800 10802 10801
f 10802 10803 10801
f 10804 10806 10805
f 10806 10807 10805
f 10808 10810 10809
f 10810 10811 10809
f 10812 10814 10813
f 10814 10815 10813
f 10816 10818 10817
f 10818 10819 10817
f 10820 10822 10821
f 10822 10823 10821
f 10824 10826 10825
f 10826 10827 10825
f 10828 10830 10829
f 10830 10831 10829
f 10832 10834 10833
f 10834 10835 10833
f 10836 10838 10837
f 10838 10839 10837
f 10840 10842 10841
f 10842 10843 10841
f 10844 10846 10845
f 10846 10847 10845
f 10848 10850 10849
f 10850 10851 10849
f 10852 10854 10853
f 10854 10855 10853
f 10856 10858 10857
f 10858 10859 10857
f 10860 10862 10861
f 10862 10863 10861
f 10864 10866 10865
f 10866 10867 10865
f 10868 10870 10869
f 10870 10871 10869
f 10872 10874 10873
f 10874 10875 10873
f 10876 10878 10877
f 10878 10879 10877
f 10880 10882 10881
f 10882 10883 10881
f 10884 10886 10885
f 10886 10887 10885
f 10888 10890 10889
f 10890 10891 10889
f 10892 10894 10893
f 10894 10895 10893
f 10896 10898 10897
f 10898 10899 10897
f 10900 10902 10901
f 10902 10903 10901
f 10904 10906 10905
f 10906 10907 10905
f 10908 10910 10909
f 10910 10911 10909
f 10912 10914 10913
f 10914 10915 10913
f 10916 10918 10917
f 10918 10919 10917
f 10920 10922 10921
f 10922 10923 10921
f 10924 10926 10925
f 10926 10927 10925
f 10928 10930 10929
f 10930 10931 10929
f 10932 10934 10933
f 10934 10935 10933
f 10936 10938 10937
f 10938 10939 10937
f 10940 10942 10941
f 10942 10943 10941
f 10944 10946 10945
f 10946 10947 10945
f 10948 10950 10949
f 10950 10951 10949
f 10952 10954 10953
f 10954 10955 10953
f 10956 10958 10957
f 10958 10959 10957
f 10960 10962 10961
f 10962 10963 10961
f 10964 10966 10965
f 10966 10967 10965
f 10968 10970 10969
f 10970 10971 10969
f 10972 10974 10973
f 10974 10975 10973
f 10976 10978 10977
f 10978 10979 10977
f 10980 10982 10981
f 10982 10983 10981
f 10984 10986 10985
f 10986 10987 10985
f 10988 10990 10989
f 10990 10991 10989
f 10992 10994 10993
f 10994 10995 10993
f 10996 10998 10997
f 10998 10999 10997
f 11000 11002 11001
f 11002 11003 11001
f 11004 11006 11005
f 11006 11007 11005
f 11008 11010 11009
f 11010 11011 11009
f 11012 11014 11013
f 11014 11015 11013
f 11016 11018 11017
f 11018 11019 11017
f 11020 11022 11021
f 11022 11023 11021
f 11024 11026 11025
f 11026 11027 11025
f 11028 11030 11029
f 11030 11031 11029
f 11032 11034 11033
f 11034 11035 11033
f 11036 11038 11037
f 11038 11039 11037
f 11040 11042 11041
f 11042 11043 11041
f 11044 11046 11045
f 11046 11047 11045
f 11048 11050 11049
f 11050 11051 11049
f 11052 11054 11053
f 11054 11055 11053
f 11056 11058 11057
f 11058 11059 11057
f 11060 11062 11061
f 11062 11063 11061
f 11064 11066 11065
f 11066 11067 11065
f 11068 11070 11069
f 11070 11071 11069
f 11072 11074 11073
f 11074 11075 11073
f 11076 11078 11077
f 11078 11079 11077
f 11080 11082 11081
f 11082 11083 11081
f 11084 11086 11085
f 11086 11087 11085
f 11088 11090 11089
f 11090 11091 11089
f 11092 11094 11093
f 11094 11095 11093
f 11096 11098 11097
f 11098 11099 11097
f 11100 11102 11101
f 11102 11103 11101
f 11104 11106 11105
f 11106 11107 11105
f 11108 11110 11109
f 11110 11111 11109
f 11112 11114 11113
f 11114 11115 11113
f 11116 11118 11117
f 11118 11119 11117
f 11120 11122 11121
f 11122 11123 11121
f 11124 11126 11125
f 11126 11127 11125
f 11128 11130 11129
f 11130 11131 11129
f 11132 11134 11133
f 11134 11135 11133
f 11136 11138 11137
f 11138 11139 11137
f 11140 11142 11141
f 11142 11143 11141
f 11144 11146 11145
f 11146 11147 11145
f 11148 11150 11149
f 11150 11151 11149
f 11152 11154 11153
f 11154 11155 11153
f 11156 11158 11157
f 11158 11159 11157
f 11160 11162 11161
f 11162 11163 11161
f 11164 11166 11165
f 11166 11167 11165
f 11168 11170 11169
f 11170 11171 11169
f 11172 11174 11173
f 11174 11175 11173
f 11176 11178 11177
f 11178 11179 11177
f 11180 11182 11181
f 11182 11183 11181
f 11184 11186 11185
f 11186 11187 11185
f 11188 11190 11189
f 11190 11191 11189
f 11192 11194 11193
f 11194 11195 11193
f 11196 11198 11197
f 11198 11199 11197
f 11200 11202 11201
f 11202 11203 11201
f 11204 11206 11205
f 11206 11207 11205
f 11208 11210 11209
f 11210 11211 11209
f 11212 11214 11213
f 11214 11215 11213
f 11216 11218 11217
f 11218 11219 11217
f 11220 11222 11221
f 11222 11223 11221
f 11224 11226 11225
f 11226 11227 11225
f 11228 11230 11229
f 11230 11231 11229
f 11232 11234 11233
f 11234 11235 11233
f 11236 11238 11237
f 11238 11239 11237
f 11240 11242 11241
f 11242 11243 11241
f 11244 11246 11245
f 11246 11247 11245
f 11248 11250 11249
f 11250 11251 11249
f 11252 11254 11253
f 11254 11255 11253
f 11256 11258 11257
f 11258 11259 11257
f 11260 11262 11261
f 11262 11263 11261
f 11264 11266 11265
f 11266 11267 11265
f 11268 11270 11269
f 11270 11271 11269
f 11272 11274 11273
f 11274 11275 11273
f 11276 11278 11277
f 11278 11279 11277
f 11280 11282 11281
f 11282 11283 11281
f 11284 11286 11285
f 11286 11287 11285
f 11288 11290 11289
f 11290 11291 11289
f 11292 11294 11293
f 11294 11295 11293
f 11296 11298 11297
f 11298 11299 11297
f 11300 11302 11301
f 11302 11303 11301
f 11304 11306 11305
f 11306 11307 11305
f 11308 11310 11309
f 11310 11311 11309
f 11312 11314 11313
f 11314 11315 11313
f 11316 11318 11317
f 11318 11319 11317
f 11320 11322 11321
f 11322 11323 11321
f 11324 11326 11325
f 11326 11327 11325
f 11328 11330 11329
f 11330 11331 11329
f 11332 11334 11333
f 11334 11335 11333
f 11336 11338 11337
f 11338 11339 11337
f 11340 11342 11341
f 11342 11343 11341
f 11344 11346 11345
f 11346 11347 11345
f 11348 11350 11349
f 11350 11351 11349
f 11352 11354 11353
f 11354 11355 11353
f 11356 11358 11357
f 11358 11359 11357
f 11360 11362 11361
f 11362 11363 11361
f 11364 11366 11365
f 11366 11367 11365
f 11368 11370 11369
f 11370 11371 11369
f 11372 11374 11373
f 11374 11375 11373
f 11376 11378 11377
f 11378 11379 11377
f 11380 11382 11381
f 11382 11383 11381
f 11384 11386 11385
f 11386 11387 11385
f 11388 11390 11389
f 11390 11391 11389
f 11392 11394 11393
f 11394 11395 11393
f 11396 11398 11397
f 11398 11399 11397
f 11400 11402 11401
f 11402 11403 11401
f 11404 11406 11405
f 11406 11407 11405
f 11408 11410 11409
f 11410 11411 11409
f 11412 11414 11413
f 11414 11415 11413
f 11416 11418 11417
f 11418 11419 11417
f 11420 11422 11421
f 11422 11423 11421
f 11424 11426 11425
f 11426 11427 11425
f 11428 11430 11429
f 11430 11431 11429
f 11432 11434 11433
f 11434 11435 11433
f 11436 11438 11437
f 11438 11439 11437
f 11440 11442 11441
f 11442 11443 11441
f 11444 11446 11445
f 11446 11447 11445
f 11448 11450 11449
f 11450 11451 11449
f 11452 11454 11453
f 11454 11455 11453
f 11456 11458 11457
f 11458 11459 11457
f 11460 11462 11461
f 11462 11463 11461
f 11464 11466 11465
f 11466 11467 11465
f 11468 11470 11469
f 11470 11471 11469
f 11472 11474 11473
f 11474 11475 11473
f 11476 11478 11477
f 11478 11479 11477
f 11480 11482 11481
f 11482 11483 11481
f 11484 11486 11485
f 11486 11487 11485
f 11488 11490 11489
f 11490 11491 11489
f 11492 11494 11493
f 11494 11495 11493
f 11496 11498 11497
f 11498 11499 11497
f 11500 11502 11501
f 11502 11503 11501
f 11504 11506 11505
f 11506 11507 11505
f 11508 11510 11509
f 11510 11511 11509
f 11512 11514 11513
f 11514 11515 11513
f 11516 11518 11517
f 11518 11519 11517
f 11520 11522 11521
f 11522 11523 11521
f 11524 11526 11525
f 11526 11527 11525
f 11528 11530 11529
f 11530 11531 11529
f 11532 11534 11533
f 11534 11535 11533
f 11536 11538 11537
f 11538 11539 11537
f 11540 11542 11541
f 11542 11543 11541
f 11544 11546 11545
f 11546 11547 11545
f 11548 11550 11549
f 11550 11551 11549
f 11552 11554 11553
f 11554 11555 11553
f 11556 11558 11557
f 11558 11559 11557
f 11560 11562 11561
f 11562 11563 11561
f 11564 11566 11565
f 11566 11567 11565
f 11568 11570 11569
f 11570 11571 11569
f 11572 11574 11573
f 11574 11575 11573
f 11576 11578 11577
f 11578 11579 11577
f 11580 11582 11581
f 11582 11583 11581
f 11584 11586 11585
f 11586 11587 11585
f 11588 11590 11589
f 11590 11591 11589
f 11592 11594 11593
f 11594 11595 11593
f 11596 11598 11597
f 11598 11599 11597
f 11600 11602 11601
f 11602 11603 11601
f 11604 11606 11605
f 11606 11607 11605
f 11608 11610 11609
f 11610 11611 11609
f 11612 11614 11613
f 11614 11615 11613
f 11616 11618 11617
f 11618 11619 11617
f 11620 11622 11621
f 11622 11623 11621
f 11624 11626 11625
f 11626 11627 11625
f 11628 11630 11629
f 11630 11631 11629
f 11632 11634 11633
f 11634 11635 11633
f 11636 11638 11637
f 11638 11639 11637
f 11640 11642 11641
f 11642 11643 11641
f 11644 11646 11645
f 11646 11647 11645
f 11648 11650 11649
f 11650 11651 11649
f 11652 11654 11653
f 11654 11655 11653
f 11656 11658 11657
f 11658 11659 11657
f 11660 11662 11661
f 11662 11663 11661
f 11664 11666 11665
f 11666 11667 11665
f 11668 11670 11669
f 11670 11671 11669
f 11672 11674 11673
f 11674 11675 11673
f 11676 11678 11677
f 11678 11679 11677
f 11680 11682 11681
f 11682 11683 11681
f 11684 11686 11685
f 11686 11687 11685
f 11688 11690 11689
f 11690 11691 11689
f 11692 11694 11693
f 11694 11695 11693
f 11696 11698 11697
f 11698 11699 11697
f 11700 11702 11701
f 11702 11703 11701
f 11704 11706 11705
f 11706 11707 11705
f 11708 11710 11709
f 11710 11711 11709
f 11712 11714 11713
f 11714 11715 11713
f 11716 11718 11717
f 11718 11719 11717
f 11720 11722 11721
f 11722 11723 11721
f 11724 11726 11725
f 11726 11727 11725
f 11728 11730 11729
f 11730 11731 11729
f 11732 11734 11733
f 11734 11735 11733
f 11736 11738 11737
f 11738 11739 11737
f 11740 11742 11741
f 11742 11743 11741
f 11744 11746 11745
f 11746 11747 11745
f 11748 11750 11749
f 11750 11751 11749
f 11752 11754 11753
f 11754 11755 11753
f 11756 11758 11757
f 11758 11759 11757
f 11760 11762 11761
f 11762 11763 11761
f 11764 11766 11765
f 11766 11767 11765
f 11768 11770 11769
f 11770 11771 11769
f 11772 11774 11773
f 11774 11775 11773
f 11776 11778 11777
f 11778 11779 11777
f 11780 11782 11781
f 11782 11783 11781
f 11784 11786 11785
f 11786 11787 11785
f 11788 11790 11789
f 11790 11791 11789
f 11792 11794 11793
f 11794 11795 11793
f 11796 11798 11797
f 11798 11799 11797
f 11800 11802 11801
f 11802 11803 11801
f 11804 11806 11805
f 11806 11807 11805
f 11808 11810 11809
f 11810 11811 11809
f 11812 11814 11813
f 11814 11815 11813
f 11816 11818 11817
f 11818 11819 11817
f 11820 11822 11821
f 11822 11823 11821
f 11824 11826 11825
f 11826 11827 11825
f 11828 11830 11829
f 11830 11831 11829
f 11832 11834 11833
f 11834 11835 11833
f 11836 11838 11837
f 11838 11839 11837
f 11840 11842 11841
f 11842 11843 11841
f 11844 11846 11845
f 11846 11847 11845
f 11848 11850 11849
f 11850 11851 11849
f 11852 11854 11853
f 11854 11855 11853
f 11856 11858 11857
f 11858 11859 11857
f 11860 11862 11861
f 11862 11863 11861
f 11864 11866 11865
f 11866 11867 11865
f 11868 11870 11869
f 11870 11871 11869
f 11872 11874 11873
f 11874 11875 11873
f 11876 11878 11877
f 11878 11879 11877
f 11880 11882 11881
f 11882 11883 11881
f 11884 11886 11885
f 11886 11887 11885
f 11888 11890 11889
f 11890 11891 11889
f 11892 11894 11893
f 11894 11895 11893
f 11896 11898 11897
f 11898 11899 11897
f 11900 11902 11901
f 11902 11903 11901
f 11904 11906 11905
f 11906 11907 11905
f 11908 11910 11909
f 11910 11911 11909
f 11912 11914 11913
f 11914 11915 11913
f 11916 11918 11917
f 11918 11919 11917
f 11920 11922 11921
f 11922 11923 11921
f 11924 11926 11925
f 11926 11927 11925
f 11928 11930 11929
f 11930 11931 11929
f 11932 11934 11933
f 11934 11935 11933
f 11936 11938 11937
f 11938 11939 11937
f 11940 11942 11941
f 11942 11943 11941
f 11944 11946 11945
f 11946 11947 11945
f 11948 11950 11949
f 11950 11951 11949
f 11952 11954 11953
f 11954 11955 11953
f 11956 11958 11957
f 11958 11959 11957
f 11960 11962 11961
f 11962 11963 11961
f 11964 11966 11965
f 11966 11967 11965
f 11968 11970 11969
f 11970 11971 11969
f 11972 11974 11973
f 11974 11975 11973
f 11976 11978 11977
f 11978 11979 11977
f 11980 11982 11981
f 11982 11983 11981
f 11984 11986 11985
f 11986 11987 11985
f 11988 11990 11989
f 11990 11991 11989
f 11992 11994 11993
f 11994 11995 11993
f 11996 11998 11997
f 11998 11999 11997
f 12000 12002 12001
f 12002 12003 12001
f 12004 12006 12005
f 12006 12007 12005
f 12008 12010 12009
f 12010 12011 12009
f 12012 12014 12013
f 12014 12015 12013
f 12016 12018 12017
f 12018 12019 12017
f 12020 12022 12021
f 12022 12023 12021
f 12024 12026 12025
f 12026 12027 12025
f 12028 12030 12029
f 12030 12031 12029
f 12032 12034 12033
f 12034 12035 12033
f 12036 12038 12037
f 12038 12039 12037
f 12040 12042 12041
f 12042 12043 12041
f 12044 12046 12045
f 12046 12047 12045
f 12048 12050 12049
f 12050 12051 12049
f 12052 12054 12053
f 12054 12055 12053
f 12056 12058 12057
f 12058 12059 12057
f 12060 12062 12061
f 12062 12063 12061
f 12064 12066 12065
f 12066 12067 12065
f 12068 12070 12069
f 12070 12071 12069
f 12072 12074 12073
f 12074 12075 12073
f 12076 12078 12077
f 12078 12079 12077
f 12080 12082 12081
f 12082 12083 12081
f 12084 12086 12085
f 12086 12087 12085
f 12088 12090 12089
f 12090 12091 12089
f 12092 12094 12093
f 12094 12095 12093
f 12096 12098 12097
f 12098 12099 12097
f 12100 12102 12101
f 12102 12103 12101
f 12104 12106 12105
f 12106 12107 12105
f 12108 12110 12109
f 12110 12111 12109
f 12112 12114 12113
f 12114 12115 12113
f 12116 12118 12117
f 12118 12119 12117
f 12120 12122 12121
f 12122 12123 12121
f 12124 12126 12125
f 12126 12127 12125
f 12128 12130 12129
f 12130 12131 12129
f 12132 12134 12133
f 12134 12135 12133
f 12136 12138 12137
f 12138 12139 12137
f 12140 12142 12141
f 12142 12143 12141
f 12144 12146 12145
f 12146 12147 12145
f 12148 12150 12149
f 12150 12151 12149
f 12152 12154 12153
f 12154 12155 12153
f 12156 12158 12157
f 12158 12159 12157
f 12160 12162 12161
f 12162 12163 12161
f 12164 12166 12165
f 12166 12167 12165
f 12168 12170 12169
f 12170 12171 12169
f 12172 12174 12173
f 12174 12175 12173
f 12176 12178 12177
f 12178 12179 12177
f 12180 12182 12181
f 12182 12183 12181
f 12184 12186 12185
f 12186 12187 12185
f 12188 12190 12189
f 12190 12191 12189
f 12192 12194 12193
f 12194 12195 12193
f 12196 12198 12197
f 12198 12199 12197
f 12200 12202 12201
f 12202 12203 12201
f 12204 12206 12205
f 12206 12207 12205
f 12208 12210 12209
f 12210 12211 12209
f 12212 12214 12213
f 12214 12215 12213
f 12216 12218 12217
f 12218 12219 12217
f 12220 12222 12221
f 12222 12223 12221
f 12224 12226 12225
f 12226 12227 12225
f 12228 12230 12229
f 12230 12231 12229
f 12232 12234 12233
f 12234 12235 12233
f 12236 12238 12237
f 12238 12239 12237
f 12240 12242 12241
f 12242 12243 12241
f 12244 12246 12245
f 12246 12247 12245
f 12248 12250 12249
f 12250 12251 12249
f 12252 12254 12253
f 12254 12255 12253
f 12256 12258 12257
f 12258 12259 12257
f 12260 12262 12261
f 12262 12263 12261
f 12264 12266 12265
f 12266 12267 12265
f 12268 12270 12269
f 12270 12271 12269
f 12272 12274 12273
f 12274 12275 12273
f 12276 12278 12277
f 12278 12279 12277
f 12280 12282 12281
f 12282 12283 12281
f 12284 12286 12285
f 12286 12287 12285
f 12288 12290 12289
f 12290 12291 12289
f 12292 12294 12293
f 12294 12295 12293
f 12296 12298 12297
f 12298 12299 12297
f 12300 12302 12301
f 12302 12303 12301
f 12304 12306 12305
f 12306 12307 12305
f 12308 12310 12309
f 12310 12311 12309
f 12312 12314 12313
f 12314 12315 12313
f 12316 12318 12317
f 12318 12319 12317
f 12320 12322 12321
f 12322 12323 12321
f 12324 12326 12325
f 12326 12327 12325
f 12328 12330 12329
f 12330 12331 12329
f 12332 12334 12333
f 12334 12335 12333
f 12336 12338 12337
f 12338 12339 12337
f 12340 12342 12341
f 12342 12343 12341
f 12344 12346 12345
f 12346 12347 12345
f 12348 12350 12349
f 12350 12351 12349
f 12352 12354 12353
f 12354 12355 12353
f 12356 12358 12357
f 12358 12359 12357
f 12360 12362 12361
f 12362 12363 12361
f 12364 12366 12365
f 12366 12367 12365
f 12368 12370 12369
f 12370 12371 12369
f 12372 12374 12373
f 12374 12375 12373
f 12376 12378 12377
f 12378 12379 12377
f 12380 12382 12381
f 12382 12383 12381
f 12384 12386 12385
f 12386 12387 12385
f 12388 12390 12389
f 12390 12391 12389
f 12392 12394 12393
f 12394 12395 12393
f 12396 12398 12397
f 12398 12399 12397
f 12400 12402 12401
f 12402 12403 12401
f 12404 12406 12405
f 12406 12407 12405
f 12408 12410 12409
f 12410 12411 12409
f 12412 12414 12413
f 12414 12415 12413
f 12416 12418 12417
f 12418 12419 12417
f 12420 12422 12421
f 12422 12423 12421
f 12424 12426 12425
f 12426 12427 12425
f 12428 12430 12429
f 12430 12431 12429
f 12432 12434 12433
f 12434 12435 12433
f 12436 12438 12437
f 12438 12439 12437
f 12440 12442 12441
f 12442 12443 12441
f 12444 12446 12445
f 12446 12447 12445
f 12448 12450 12449
f 12450 12451 12449
f 12452 12454 12453
f 12454 12455 12453
f 12456 12458 12457
f 12458 12459 12457
f 12460 12462 12461
f 12462 12463 12461
f 12464 12466 12465
f 12466 12467 12465
f 12468 12470 12469
f 12470 12471 12469
f 12472 12474 12473
f 12474 12475 12473
f 12476 12478 12477
f 12478 12479 12477
f 12480 12482 12481
f 12482 12483 12481
f 12484 12486 12485
f 12486 12487 12485
f 12488 12490 12489
f 12490 12491 12489
f 12492 12494 12493
f 12494 12495 12493
f 12496 12498 12497
f 12498 12499 12497
f 12500 12502 12501
f 12502 12503 12501
f 12504 12506 12505
f 12506 12507 12505
f 12508 12510 12509
f 12510 12511 12509
f 12512 12514 12513
f 12514 12515 12513
f 12516 12518 12517
f 12518 12519 12517
f 12520 12522 12521
f 12522 12523 12521
f 12524 12526 12525
f 12526 12527 12525
f 12528 12530 12529
f 12530 12531 12529
f 12532 12534 12533
f 12534 12535 12533
f 12536 12538 12537
f 12538 12539 12537
f 12540 12542 12541
f 12542 12543 12541
f 12544 12546 12545
f 12546 12547 12545
f 12548 12550 12549
f 12550 12551 12549
f 12552 12554 12553
f 12554 12555 12553
f 12556 12558 12557
f 12558 12559 12557
f 12560 12562 12561
f 12562 12563 12561
f 12564 12566 12565
f 12566 12567 12565
f 12568 12570 12569
f 12570 12571 12569
f 12572 12574 12573
f 12574 12575 12573
f 12576 12578 12577
f 12578 12579 12577
f 12580 12582 12581
f 12582 12583 12581
f 12584 12586 12585
f 12586 12587 12585
f 12588 12590 12589
f 12590 12591 12589
f 12592 12594 12593
f 12594 12595 12593
f 12596 12598 12597
f 12598 12599 12597
f 12600 12602 12601
f 12602 12603 12601
f 12604 12606 12605
f 12606 12607 12605
f 12608 12610 12609
f 12610 12611 12609
f 12612 12614 12613
f 12614 12615 12613
f 12616 12618 12617
f 12618 12619 12617
f 12620 12622 12621
f 12622 12623 12621
f 12624 12626 12625
f 12626 12627 12625
f 12628 12630 12629
f 12630 12631 12629
f 12632 12634 12633
f 12634 12635 12633
f 12636 12638 12637
f 12638 12639 12637
f 12640 12642 12641
f 12642 12643 12641
f 12644 12646 12645
f 12646 12647 12645
f 12648 12650 12649
f 12650 12651 12649
f 12652 12654 12653
f 12654 12655 12653
f 12656 12658 12657
f 12658 12659 12657
f 12660 12662 12661
f 12662 12663 12661
f 12664 12666 12665
f 12666 12667 12665
f 12668 12670 12669
f 12670 12671 12669
f 12672 12674 12673
f 12674 12675 12673
f 12676 12678 12677
f 12678 12679 12677
f 12680 12682 12681
f 12682 12683 12681
f 12684 12686 12685
f 12686 12687 12685
f 12688 12690 12689
f 12690 12691 12689
f 12692 12694 12693
f 12694 12695 12693
f 12696 12698 12697
f 12698 12699 12697
f 12700 12702 12701
f 12702 12703 12701
f 12704 12706 12705
f 12706 12707 12705
f 12708 12710 12709
f 12710 12711 12709
f 12712 12714 12713
f 12714 12715 12713
f 12716 12718 12717
f 12718 12719 12717
f 12720 12722 12721
f 12722 12723 12721
f 12724 12726 12725
f 12726 12727 12725
f 12728 12730 12729
f 12730 12731 12729
f 12732 12734 12733
f 12734 12735 12733
f 12736 12738 12737
f 12738 12739 12737
f 12740 12742 12741
f 12742 12743 12741
f 12744 12746 12745
f 12746 12747 12745
f 12748 12750 12749
f 12750 12751 12749
f 12752 12754 12753
f 12754 12755 12753
f 12756 12758 12757
f 12758 12759 12757
f 12760 12762 12761
f 12762 12763 12761
f 12764 12766 12765
f 12766 12767 12765
f 12768 12770 12769
f 12770 12771 12769
f 12772 12774 12773
f 12774 12775 12773
f 12776 12778 12777
f 12778 12779 12777
f 12780 12782 12781
f 12782 12783 12781
f 12784 12786 12785
f 12786 12787 12785
f 12788 12790 12789
f 12790 12791 12789
f 12792 12794 12793
f 12794 12795 12793
f 12796 12798 12797
f 12798 12799 12797
f 12800 12802 12801
f 12802 12803 12801
f 12804 12806 12805
f 12806 12807 12805
f 12808 12810 12809
f 12810 12811 12809
f 12812 12814 12813
f 12814 12815 12813
f 12816 12818 12817
f 12818 12819 12817
f 12820 12822 12821
f 12822 12823 12821
f 12824 12826 12825
f 12826 12827 12825
f 12828 12830 12829
f 12830 12831 12829
f 12832 12834 12833
f 12834 12835 12833
f 12836 12838 12837
f 12838 12839 12837
f 12840 12842 12841
f 12842 12843 12841
f 12844 12846 12845
f 12846 12847 12845
f 12848 12850 12849
f 12850 12851 12849
f 12852 12854 12853
f 12854 12855 12853
f 12856 12858 12857
f 12858 12859 12857
f 12860 12862 12861
f 12862 12863 12861
f 12864 12866 12865
f 12866 12867 12865
f 12868 12870 12869
f 12870 12871 12869
f 12872 12874 12873
f 12874 12875 12873
f 12876 12878 12877
f 12878 12879 12877
f 12880 12882 12881
f 12882 12883 12881
f 12884 12886 12885
f 12886 12887 12885
f 12888 12890 12889
f 12890 12891 12889
f 12892 12894 12893
f 12894 12895 12893
f 12896 12898 12897
f 12898 12899 12897
f 12900 12902 12901
f 12902 12903 12901
f 12904 12906 12905
f 12906 12907 12905
f 12908 12910 12909
f 12910 12911 12909
f 12912 12914 12913
f 12914 12915 12913
f 12916 12918 12917
f 12918 12919 12917
f 12920 12922 12921
f 12922 12923 12921
f 12924 12926 12925
f 12926 12927 12925
f 12928 12930 12929
f 12930 12931 12929
f 12932 12934 12933
f 12934 12935 12933
f 12936 12938 12937
f 12938 12939 12937
f 12940 12942 12941
f 12942 12943 12941
f 12944 12946 12945
f 12946 12947 12945
f 12948 12950 12949
f 12950 12951 12949
f 12952 12954 12953
f 12954 12955 12953
f 12956 12958 12957
f 12958 12959 12957
f 12960 12962 12961
f 12962 12963 12961
f 12964 12966 12965
f 12966 12967 12965
f 12968 12970 12969
f 12970 12971 12969
f 12972 12974 12973
f 12974 12975 12973
f 12976 12978 12977
f 12978 12979 12977
f 12980 12982 12981
f 12982 12983 12981
f 12984 12986 12985
f 12986 12987 12985
f 12988 12990 12989
f 12990 12991 12989
f 12992 12994 12993
f 12994 12995 12993
f 12996 12998 12997
f 12998 12999 12997
f 13000 13002 13001
f 13002 13003 13001
f 13004 13006 13005
f 13006 13007 13005
f 13008 13010 13009
f 13010 13011 13009
f 13012 13014 13013
f 13014 13015 13013
f 13016 13018 13017
f 13018 13019 13017
f 13020 13022 13021
f 13022 13023 13021
f 13024 13026 13025
f 13026 13027 13025
f 13028 13030 13029
f 13030 13031 13029
f 13032 13034 13033
f 13034 13035 13033
f 13036 13038 13037
f 13038 13039 13037
f 13040 13042 13041
f 13042 13043 13041
f 13044 13046 13045
f 13046 13047 13045
f 13048 13050 13049
f 13050 13051 13049
f 13052 13054 13053
f 13054 13055 13053
f 13056 13058 13057
f 13058 13059 13057
f 13060 13062 13061
f 13062 13063 13061
f 13064 13066 13065
f 13066 13067 13065
f 13068 13070 13069
f 13070 13071 13069
f 13072 13074 13073
f 13074 13075 13073
f 13076 13078 13077
f 13078 13079 13077
f 13080 13082 13081
f 13082 13083 13081
f 13084 13086 13085
f 13086 13087 13085
f 13088 13090 13089
f 13090 13091 13089
f 13092 13094 13093
f 13094 13095 13093
f 13096 13098 13097
f 13098 13099 13097
f 13100 13102 13101
f 13102 13103 13101
f 13104 13106 13105
f 13106 13107 13105
f 13108 13110 13109
f 13110 13111 13109
f 13112 13114 13113
f 13114 13115 13113
f 13116 13118 13117
f 13118 13119 13117
f 13120 13122 13121
f 13122 13123 13121
f 13124 13126 13125
f 13126 13127 13125
f 13128 13130 13129
f 13130 13131 13129
f 13132 13134 13133
f 13134 13135 13133
f 13136 13138 13137
f 13138 13139 13137
f 13140 13142 13141
f 13142 13143 13141
f 13144 13146 13145
f 13146 13147 13145
f 13148 13150 13149
f 13150 13151 13149
f 13152 13154 13153
f 13154 13155 13153
f 13156 13158 13157
f 13158 13159 13157
f 13160 13162 13161
f 13162 13163 13161
f 13164 13166 13165
f 13166 13167 13165
f 13168 13170 13169
f 13170 13171 13169
f 13172 13174 13173
f 13174 13175 13173
f 13176 13178 13177
f 13178 13179 13177
f 13180 13182 13181
f 13182 13183 13181
f 13184 13186 13185
f 13186 13187 13185
f 13188 13190 13189
f 13190 13191 13189
f 13192 13194 13193
f 13194 13195 13193
f 13196 13198 13197
f 13198 13199 13197
f 13200 13202 13201
f 13202 13203 13201
f 13204 13206 13205
f 13206 13207 13205
f 13208 13210 13209
f 13210 13211 13209
f 13212 13214 13213
f 13214 13215 13213
f 13216 13218 13217
f 13218 13219 13217
f 13220 13222 13221
f 13222 13223 13221
f 13224 13226 13225
f 13226 13227 13225
f 13228 13230 13229
f 13230 13231 13229
f 13232 13234 13233
f 13234 13235 13233
f 13236 13238 13237
f 13238 13239 13237
f 13240 13242 13241
f 13242 13243 13241
f 13244 13246 13245
f 13246 13247 13245
f 13248 13250 13249
f 13250 13251 13249
f 13252 13254 13253
f 13254 13255 13253
f 13256 13258 13257
f 13258 13259 13257
f 13260 13262 13261
f 13262 13263 13261
f 13264 13266 13265
f 13266 13267 13265
f 13268 13270 13269
f 13270 13271 13269
f 13272 13274 13273
f 13274 13275 13273
f 13276 13278 13277
f 13278 13279 13277
f 13280 13282 13281
f 13282 13283 13281
f 13284 13286 13285
f 13286 13287 13285
f 13288 13290 13289
f 13290 13291 13289
f 13292 13294 13293
f 13294 13295 13293
f 13296 13298 13297
f 13298 13299 13297
f 13300 13302 13301
f 13302 13303 13301
f 13304 13306 13305
f 13306 13307 13305
f 13308 13310 13309
f 13310 13311 13309
f 13312 13314 13313
f 13314 13315 13313
f 13316 13318 13317
f 13318 13319 13317
f 13320 13322 13321
f 13322 13323 13321
f 13324 13326 13325
f 13326 13327 13325
f 13328 13330 13329
f 13330 13331 13329
f 13332 13334 13333
f 13334 13335 13333
f 13336 13338 13337
f 13338 13339 13337
f 13340 13342 13341
f 13342 13343 13341
f 13344 13346 13345
f 13346 13347 13345
f 13348 13350 13349
f 13350 13351 13349
f 13352 13354 13353
f 13354 13355 13353
f 13356 13358 13357
f 13358 13359 13357
f 13360 13362 13361
f 13362 13363 13361
f 13364 13366 13365
f 13366 13367 13365
f 13368 13370 13369
f 13370 13371 13369
f 13372 13374 13373
f 13374 13375 13373
f 13376 13378 13377
f 13378 13379 13377
f 13380 13382 13381
f 13382 13383 13381
f 13384 13386 13385
f 13386 13387 13385
f 13388 13390 13389
f 13390 13391 13389
f 13392 13394 13393
f 13394 13395 13393
f 13396 13398 13397
f 13398 13399 13397
f 13400 13402 13401
f 13402 13403 13401
f 13404 13406 13405
f 13406 13407 13405
f 13408 13410 13409
f 13410 13411 13409
f 13412 13414 13413
f 13414 13415 13413
f 13416 13418 13417
f 13418 13419 13417
f 13420 13422 13421
f 13422 13423 13421
f 13424 13426 13425
f 13426 13427 13425
f 13428 13430 13429
f 13430 13431 13429
f 13432 13434 13433
f 13434 13435 13433
f 13436 13438 13437
f 13438 13439 13437
f 13440 13442 13441
f 13442 13443 13441
f 13444 13446 13445
f 13446 13447 13445
f 13448 13450 13449
f 13450 13451 13449
f 13452 13454 13453
f 13454 13455 13453
f 13456 13458 13457
f 13458 13459 13457
f 13460 13462 13461
f 13462 13463 13461
f 13464 13466 13465
f 13466 13467 13465
f 13468 13470 13469
f 13470 13471 13469
f 13472 13474 13473
f 13474 13475 13473
f 13476 13478 13477
f 13478 13479 13477
f 13480 13482 13481
f 13482 13483 13481
f 13484 13486 13485
f 13486 13487 13485
f 13488 13490 13489
f 13490 13491 13489
f 13492 13494 13493
f 13494 13495 13493
f 13496 13498 13497
f 13498 13499 13497
f 13500 13502 13501
f 13502 13503 13501
f 13504 13506 13505
f 13506 13507 13505
f 13508 13510 13509
f 13510 13511 13509
f 13512 13514 13513
f 13514 13515 13513
f 13516 13518 13517
f 13518 13519 13517
f 13520 13522 13521
f 13522 13523 13521
f 13524 13526 13525
f 13526 13527 13525
f 13528 13530 13529
f 13530 13531 13529
f 13532 13534 13533
f 13534 13535 13533
f 13536 13538 13537
f 13538 13539 13537
f 13540 13542 13541
f 13542 13543 13541
f 13544 13546 13545
f 13546 13547 13545
f 13548 13550 13549
f 13550 13551 13549
f 13552 13554 13553
f 13554 13555 13553
f 13556 13558 13557
f 13558 13559 13557
f 13560 13562 13561
f 13562 13563 13561
f 13564 13566 13565
f 13566 13567 13565
f 13568 13570 13569
f 13570 13571 13569
f 13572 13574 13573
f 13574 13575 13573
f 13576 13578 13577
f 13578 13579 13577
f 13580 13582 13581
f 13582 13583 13581
f 13584 13586 13585
f 13586 13587 13585
f 13588 13590 13589
f 13590 13591 13589
f 13592 13594 13593
f 13594 13595 13593
f 13596 13598 13597
f 13598 13599 13597
f 13600 13602 13601
f 13602 13603 13601
f 13604 13606 13605
f 13606 13607 13605
f 13608 13610 13609
f 13610 13611 13609
f 13612 13614 13613
f 13614 13615 13613
f 13616 13618 13617
f 13618 13619 13617
f 13620 13622 13621
f 13622 13623 13621
f 13624 13626 13625
f 13626 13627 13625
f 13628 13630 13629
f 13630 13631 13629
f 13632 13634 13633
f 13634 13635 13633
f 13636 13638 13637
f 13638 13639 13637
f 13640 13642 13641
f 13642 13643 13641
f 13644 13646 13645
f 13646 13647 13645
f 13648 13650 13649
f 13650 13651 13649
f 13652 13654 13653
f 13654 13655 13653
f 13656 13658 13657
f 13658 13659 13657
f 13660 13662 13661
f 13662 13663 13661
f 13664 13666 13665
f 13666 13667 13665
f 13668 13670 13669
f 13670 13671 13669
f 13672 13674 13673
f 13674 13675 13673
f 13676 13678 13677
f 13678 13679 13677
f 13680 13682 13681
f 13682 13683 13681
f 13684 13686 13685
f 13686 13687 13685
f 13688 13690 13689
f 13690 13691 13689
f 13692 13694 13693
f 13694 13695 13693
f 13696 13698 13697
f 13698 13699 13697
f 13700 13702 13701
f 13702 13703 13701
f 13704 13706 13705
f 13706 13707 13705
f 13708 13710 13709
f 13710 13711 13709
f 13712 13714 13713
f 13714 13715 13713
f 13716 13718 13717
f 13718 13719 13717
f 13720 13722 13721
f 13722 13723 13721
f 13724 13726 13725
f 13726 13727 13725
f 13728 13730 13729
f 13730 13731 13729
f 13732 13734 13733
f 13734 13735 13733
f 13736 13738 13737
f 13738 13739 13737
f 13740 13742 13741
f 13742 13743 13741
f 13744 13746 13745
f 13746 13747 13745
f 13748 13750 13749
f 13750 13751 13749
f 13752 13754 13753
f 13754 13755 13753
f 13756 13758 13757
f 13758 13759 13757
f 13760 13762 13761
f 13762 13763 13761
f 13764 13766 13765
f 13766 13767 13765
f 13768 13770 13769
f 13770 13771 13769
f 13772 13774 13773
f 13774 13775 13773
f 13776 13778 13777
f 13778 13779 13777
f 13780 13782 13781
f 13782 13783 13781
f 13784 13786 13785
f 13786 13787 13785
f 13788 13790 13789
f 13790 13791 13789
f 13792 13794 13793
f 13794 13795 13793
f 13796 13798 13797
f 13798 13799 13797
f 13800 13802 13801
f 13802 13803 13801
f 13804 13806 13805
f 13806 13807 13805
f 13808 13810 13809
f 13810 13811 13809
f 13812 13814 13813
f 13814 13815 13813
f 13816 13818 13817
f 13818 13819 13817
f 13820 13822 13821
f 13822 13823 13821
f 13824 13826 13825
f 13826 13827 13825
f 13828 13830 13829
f 13830 13831 13829
f 13832 13834 13833
f 13834 13835 13833
f 13836 13838 13837
f 13838 13839 13837
f 13840 13842 13841
f 13842 13843 13841
f 13844 13846 13845
f 13846 13847 13845
f 13848 13850 13849
f 13850 13851 13849
f 13852 13854 13853
f 13854 13855 13853
f 13856 13858 13857
f 13858 13859 13857
f 13860 13862 13861
f 13862 13863 13861
f 13864 13866 13865
f 13866 13867 13865
f 13868 13870 13869
f 13870 13871 13869
f 13872 13874 13873
f 13874 13875 13873
f 13876 13878 13877
f 13878 13879 13877
f 13880 13882 13881
f 13882 13883 13881
f 13884 13886 13885
f 13886 13887 13885
f 13888 13890 13889
f 13890 13891 13889
f 13892 13894 13893
f 13894 13895 13893
f 13896 13898 13897
f 13898 13899 13897
f 13900 13902 13901
f 13902 13903 13901
f 13904 13906 13905
f 13906 13907 13905
f 13908 13910 13909
f 13910 13911 13909
f 13912 13914 13913
f 13914 13915 13913
f 13916 13918 13917
f 13918 13919 13917
f 13920 13922 13921
f 13922 13923 13921
f 13924 13926 13925
f 13926 13927 13925
f 13928 13930 13929
f 13930 13931 13929
f 13932 13934 13933
f 13934 13935 13933
f 13936 13938 13937
f 13938 13939 13937
f 13940 13942 13941
f 13942 13943 13941
f 13944 13946 13945
f 13946 13947 13945
f 13948 13950 13949
f 13950 13951 13949
f 13952 13954 13953
f 13954 13955 13953
f 13956 13958 13957
f 13958 13959 13957
f 13960 13962 13961
f 13962 13963 13961
f 13964 13966 13965
f 13966 13967 13965
f 13968 13970 13969
f 13970 13971 13969
f 13972 13974 13973
f 13974 13975 13973
f 13976 13978 13977
f 13978 13979 13977
f 13980 13982 13981
f 13982 13983 13981
f 13984 13986 13985
f 13986 13987 13985
f 13988 13990 13989
f 13990 13991 13989
f 13992 13994 13993
f 13994 13995 13993
f 13996 13998 13997
f 13998 13999 13997
f 14000 14002 14001
f 14002 14003 14001
f 14004 14006 14005
f 14006 14007 14005
f 14008 14010 14009
f 14010 14011 14009
f 14012 14014 14013
f 14014 14015 14013
f 14016 14018 14017
f 14018 14019 14017
f 14020 14022 14021
f 14022 14023 14021
f 14024 14026 14025
f 14026 14027 14025
f 14028 14030 14029
f 14030 14031 14029
f 14032 14034 14033
f 14034 14035 14033
f 14036 14038 14037
f 14038 14039 14037
f 14040 14042 14041
f 14042 14043 14041
f 14044 14046 14045
f 14046 14047 14045
f 14048 14050 14049
f 14050 14051 14049
f 14052 14054 14053
f 14054 14055 14053
f 14056 14058 14057
f 14058 14059 14057
f 14060 14062 14061
f 14062 14063 14061
f 14064 14066 14065
f 14066 14067 14065
f 14068 14070 14069
f 14070 14071 14069
f 14072 14074 14073
f 14074 14075 14073
f 14076 14078 14077
f 14078 14079 14077
f 14080 14082 14081
f 14082 14083 14081
f 14084 14086 14085
f 14086 14087 14085
f 14088 14090 14089
f 14090 14091 14089
f 14092 14094 14093
f 14094 14095 14093
f 14096 14098 14097
f 14098 14099 14097
f 14100 14102 14101
f 14102 14103 14101
f 14104 14106 14105
f 14106 14107 14105
f 14108 14110 14109
f 14110 14111 14109
f 14112 14114 14113
f 14114 14115 14113
f 14116 14118 14117
f 14118 14119 14117
f 14120 14122 14121
f 14122 14123 14121
f 14124 14126 14125
f 14126 14127 14125
f 14128 14130 14129
f 14130 14131 14129
f 14132 14134 14133
f 14134 14135 14133
f 14136 14138 14137
f 14138 14139 14137
f 14140 14142 14141
f 14142 14143 14141
f 14144 14146 14145
f 14146 14147 14145
f 14148 14150 14149
f 14150 14151 14149
f 14152 14154 14153
f 14154 14155 14153
f 14156 14158 14157
f 14158 14159 14157
f 14160 14162 14161
f 14162 14163 14161
f 14164 14166 14165
f 14166 14167 14165
f 14168 14170 14169
f 14170 14171 14169
f 14172 14174 14173
f 14174 14175 14173
f 14176 14178 14177
f 14178 14179 14177
f 14180 14182 14181
f 14182 14183 14181
f 14184 14186 14185
f 14186 14187 14185
f 14188 14190 14189
f 14190 14191 14189
f 14192 14194 14193
f 14194 14195 14193
f 14196 14198 14197
f 14198 14199 14197
f 14200 14202 14201
f 14202 14203 14201
f 14204 14206 14205
f 14206 14207 14205
f 14208 14210 14209
f 14210 14211 14209
f 14212 14214 14213
f 14214 14215 14213
f 14216 14218 14217
f 14218 14219 14217
f 14220 14222 14221
f 14222 14223 14221
f 14224 14226 14225
f 14226 14227 14225
f 14228 14230 14229
f 14230 14231 14229
f 14232 14234 14233
f 14234 14235 14233
f 14236 14238 14237
f 14238 14239 14237
f 14240 14242 14241
f 14242 14243 14241
f 14244 14246 14245
f 14246 14247 14245
f 14248 14250 14249
f 14250 14251 14249
f 14252 14254 14253
f 14254 14255 14253
f 14256 14258 14257
f 14258 14259 14257
f 14260 14262 14261
f 14262 14263 14261
f 14264 14266 14265
f 14266 14267 14265
f 14268 14270 14269
f 14270 14271 14269
f 14272 14274 14273
f 14274 14275 14273
f 14276 14278 14277
f 14278 14279 14277
f 14280 14282 14281
f 14282 14283 14281
f 14284 14286 14285
f 14286 14287 14285
f 14288 14290 14289
f 14290 14291 14289
f 14292 14294 14293
f 14294 14295 14293
f 14296 14298 14297
f 14298 14299 14297
f 14300 14302 14301
f 14302 14303 14301
f 14304 14306 14305
f 14306 14307 14305
f 14308 14310 14309
f 14310 14311 14309
f 14312 14314 14313
f 14314 14315 14313
f 14316 14318 14317
f 14318 14319 14317
f 14320 14322 14321
f 14322 14323 14321
f 14324 14326 14325
f 14326 14327 14325
f 14328 14330 14329
f 14330 14331 14329
f 14332 14334 14333
f 14334 14335 14333
f 14336 14338 14337
f 14338 14339 14337
f 14340 14342 14341
f 14342 14343 14341
f 14344 14346 14345
f 14346 14347 14345
f 14348 14350 14349
f 14350 14351 14349
f 14352 14354 14353
f 14354 14355 14353
f 14356 14358 14357
f 14358 14359 14357
f 14360 14362 14361
f 14362 14363 14361
f 14364 14366 14365
f 14366 14367 14365
f 14368 14370 14369
f 14370 14371 14369
f 14372 14374 14373
f 14374 14375 14373
f 14376 14378 14377
f 14378 14379 14377
f 14380 14382 14381
f 14382 14383 14381
f 14384 14386 14385
f 14386 14387 14385
f 14388 14390 14389
f 14390 14391 14389
f 14392 14394 14393
f 14394 14395 14393
f 14396 14398 14397
f 14398 14399 14397
f 14400 14402 14401
f 14402 14403 14401
f 14404 14406 14405
f 14406 14407 14405
f 14408 14410 14409
f 14410 14411 14409
f 14412 14414 14413
f 14414 14415 14413
f 14416 14418 14417
f 14418 14419 14417
f 14420 14422 14421
f 14422 14423 14421
f 14424 14426 14425
f 14426 14427 14425
f 14428 14430 14429
f 14430 14431 14429
f 14432 14434 14433
f 14434 14435 14433
f 14436 14438 14437
f 14438 14439 14437
f 14440 14442 14441
f 14442 14443 14441
f 14444 14446 14445
f 14446 14447 14445
f 14448 14450 14449
f 14450 14451 14449
f 14452 14454 14453
f 14454 14455 14453
f 14456 14458 14457
f 14458 14459 14457
f 14460 14462 14461
f 14462 14463 14461
f 14464 14466 14465
f 14466 14467 14465
f 14468 14470 14469
f 14470 14471 14469
f 14472 14474 14473
f 14474 14475 14473
f 14476 14478 14477
f 14478 14479 14477
f 14480 14482 14481
f 14482 14483 14481
f 14484 14486 14485
f 14486 14487 14485
f 14488 14490 14489
f 14490 14491 14489
f 14492 14494 14493
f 14494 14495 14493
f 14496 14498 14497
f 14498 14499 14497
f 14500 14502 14501
f 14502 14503 14501
f 14504 14506 14505
f 14506 14507 14505
f 14508 14510 14509
f 14510 14511 14509
f 14512 14514 14513
f 14514 14515 14513
f 14516 14518 14517
f 14518 14519 14517
f 14520 14522 14521
f 14522 14523 14521
f 14524 14526 14525
f 14526 14527 14525
f 14528 14530 14529
f 14530 14531 14529
f 14532 14534 14533
f 14534 14535 14533
f 14536 14538 14537
f 14538 14539 14537
f 14540 14542 14541
f 14542 14543 14541
f 14544 14546 14545
f 14546 14547 14545
f 14548 14550 14549
f 14550 14551 14549
f 14552 14554 14553
f 14554 14555 14553
f 14556 14558 14557
f 14558 14559 14557
f 14560 14562 14561
f 14562 14563 14561
f 14564 14566 14565
f 14566 14567 14565
f 14568 14570 14569
f 14570 14571 14569
f 14572 14574 14573
f 14574 14575 14573
f 14576 14578 14577
f 14578 14579 14577
f 14580 14582 14581
f 14582 14583 14581
f 14584 14586 14585
f 14586 14587 14585
f 14588 14590 14589
f 14590 14591 14589
f 14592 14594 14593
f 14594 14595 14593
f 14596 14598 14597
f 14598 14599 14597
f 14600 14602 14601
f 14602 14603 14601
f 14604 14606 14605
f 14606 14607 14605
f 14608 14610 14609
f 14610 14611 14609
f 14612 14614 14613
f 14614 14615 14613
f 14616 14618 14617
f 14618 14619 14617
f 14620 14622 14621
f 14622 14623 14621
f 14624 14626 14625
f 14626 14627 14625
f 14628 14630 14629
f 14630 14631 14629
f 14632 14634 14633
f 14634 14635 14633
f 14636 14638 14637
f 14638 14639 14637
f 14640 14642 14641
f 14642 14643 14641
f 14644 14646 14645
f 14646 14647 14645
f 14648 14650 14649
f 14650 14651 14649
f 14652 14654 14653
f 14654 14655 14653
f 14656 14658 14657
f 14658 14659 14657
f 14660 14662 14661
f 14662 14663 14661
f 14664 14666 14665
f 14666 14667 14665
f 14668 14670 14669
f 14670 14671 14669
f 14672 14674 14673
f 14674 14675 14673
f 14676 14678 14677
f 14678 14679 14677
f 14680 14682 14681
f 14682 14683 14681
f 14684 14686 14685
f 14686 14687 14685
f 14688 14690 14689
f 14690 14691 14689
f 14692 14694 14693
f 14694 14695 14693
f 14696 14698 14697
f 14698 14699 14697
f 14700 14702 14701
f 14702 14703 14701
f 14704 14706 14705
f 14706 14707 14705
f 14708 14710 14709
f 14710 14711 14709
f 14712 14714 14713
f 14714 14715 14713
f 14716 14718 14717
f 14718 14719 14717
f 14720 14722 14721
f 14722 14723 14721
f 14724 14726 14725
f 14726 14727 14725
f 14728 14730 14729
f 14730 14731 14729
f 14732 14734 14733
f 14734 14735 14733
f 14736 14738 14737
f 14738 14739 14737
f 14740 14742 14741
f 14742 14743 14741
f 14744 14746 14745
f 14746 14747 14745
f 14748 14750 14749
f 14750 14751 14749
f 14752 14754 14753
f 14754 14755 14753
f 14756 14758 14757
f 14758 14759 14757
f 14760 14762 14761
f 14762 14763 14761
f 14764 14766 14765
f 14766 14767 14765
f 14768 14770 14769
f 14770 14771 14769
f 14772 14774 14773
f 14774 14775 14773
f 14776 14778 14777
f 14778 14779 14777
f 14780 14782 14781
f 14782 14783 14781
f 14784 14786 14785
f 14786 14787 14785
f 14788 14790 14789
f 14790 14791 14789
f 14792 14794 14793
f 14794 14795 14793
f 14796 14798 14797
f 14798 14799 14797
f 14800 14802 14801
f 14802 14803 14801
f 14804 14806 14805
f 14806 14807 14805
f 14808 14810 14809
f 14810 14811 14809
f 14812 14814 14813
f 14814 14815 14813
f 14816 14818 14817
f 14818 14819 14817
f 14820 14822 14821
f 14822 14823 14821
f 14824 14826 14825
f 14826 14827 14825
f 14828 14830 14829
f 14830 14831 14829
f 14832 14834 14833
f 14834 14835 14833
f 14836 14838 14837
f 14838 14839 14837
f 14840 14842 14841
f 14842 14843 14841
f 14844 14846 14845
f 14846 14847 14845
f 14848 14850 14849
f 14850 14851 14849
f 14852 14854 14853
f 14854 14855 14853
f 14856 14858 14857
f 14858 14859 14857
f 14860 14862 14861
f 14862 14863 14861
f 14864 14866 14865
f 14866 14867 14865
f 14868 14870 14869
f 14870 14871 14869
f 14872 14874 14873
f 14874 14875 14873
f 14876 14878 14877
f 14878 14879 14877
f 14880 14882 14881
f 14882 14883 14881
f 14884 14886 14885
f 14886 14887 14885
f 14888 14890 14889
f 14890 14891 14889
f 14892 14894 14893
f 14894 14895 14893
f 14896 14898 14897
f 14898 14899 14897
f 14900 14902 14901
f 14902 14903 14901
f 14904 14906 14905
f 14906 14907 14905
f 14908 14910 14909
f 14910 14911 14909
f 14912 14914 14913
f 14914 14915 14913
f 14916 14918 14917
f 14918 14919 14917
f 14920 14922 14921
f 14922 14923 14921
f 14924 14926 14925
f 14926 14927 14925
f 14928 14930 14929
f 14930 14931 14929
f 14932 14934 14933
f 14934 14935 14933
f 14936 14938 14937
f 14938 14939 14937
f 14940 14942 14941
f 14942 14943 14941
f 14944 14946 14945
f 14946 14947 14945
f 14948 14950 14949
f 14950 14951 14949
f 14952 14954 14953
f 14954 14955 14953
f 14956 14958 14957
f 14958 14959 14957
f 14960 14962 14961
f 14962 14963 14961
f 14964 14966 14965
f 14966 14967 14965
f 14968 14970 14969
f 14970 14971 14969
f 14972 14974 14973
f 14974 14975 14973
f 14976 14978 14977
f 14978 14979 14977
f 14980 14982 14981
f 14982 14983 14981
f 14984 14986 14985
f 14986 14987 14985
f 14988 14990 14989
f 14990 14991 14989
f 14992 14994 14993
f 14994 14995 14993
f 14996 14998 14997
f 14998 14999 14997
f 15000 15002 15001
f 15002 15003 15001
f 15004 15006 15005
f 15006 15007 15005
f 15008 15010 15009
f 15010 15011 15009
f 15012 15014 15013
f 15014 15015 15013
f 15016 15018 15017
f 15018 15019 15017
f 15020 15022 15021
f 15022 15023 15021
f 15024 15026 15025
f 15026 15027 15025
f 15028 15030 15029
f 15030 15031 15029
f 15032 15034 15033
f 15034 15035 15033
f 15036 15038 15037
f 15038 15039 15037
f 15040 15042 15041
f 15042 15043 15041
f 15044 15046 15045
f 15046 15047 15045
f 15048 15050 15049
f 15050 15051 15049
f 15052 15054 15053
f 15054 15055 15053
f 15056 15058 15057
f 15058 15059 15057
f 15060 15062 15061
f 15062 15063 15061
f 15064 15066 15065
f 15066 15067 15065
f 15068 15070 15069
f 15070 15071 15069
f 15072 15074 15073
f 15074 15075 15073
f 15076 15078 15077
f 15078 15079 15077
f 15080 15082 15081
f 15082 15083 15081
f 15084 15086 15085
f 15086 15087 15085
f 15088 15090 15089
f 15090 15091 15089
f 15092 15094 15093
f 15094 15095 15093
f 15096 15098 15097
f 15098 15099 15097
f 15100 15102 15101
f 15102 15103 15101
f 15104 15106 15105
f 15106 15107 15105
f 15108 15110 15109
f 15110 15111 15109
f 15112 15114 15113
f 15114 15115 15113
f 15116 15118 15117
f 15118 15119 15117
f 15120 15122 15121
f 15122 15123 15121
f 15124 15126 15125
f 15126 15127 15125
f 15128 15130 15129
f 15130 15131 15129
f 15132 15134 15133
f 15134 15135 15133
f 15136 15138 15137
f 15138 15139 15137
f 15140 15142 15141
f 15142 15143 15141
f 15144 15146 15145
f 15146 15147 15145
f 15148 15150 15149
f 15150 15151 15149
f 15152 15154 15153
f 15154 15155 15153
f 15156 15158 15157
f 15158 15159 15157
f 15160 15162 15161
f 15162 15163 15161
f 15164 15166 15165
f 15166 15167 15165
f 15168 15170 15169
f 15170 15171 15169
f 15172 15174 15173
f 15174 15175 15173
f 15176 15178 15177
f 15178 15179 15177
f 15180 15182 15181
f 15182 15183 15181
f 15184 15186 15185
f 15186 15187 15185
f 15188 15190 15189
f 15190 15191 15189
f 15192 15194 15193
f 15194 15195 15193
f 15196 15198 15197
f 15198 15199 15197
f 15200 15202 15201
f 15202 15203 15201
f 15204 15206 15205
f 15206 15207 15205
f 15208 15210 15209
f 15210 15211 15209
f 15212 15214 15213
f 15214 15215 15213
f 15216 15218 15217
f 15218 15219 15217
f 15220 15222 15221
f 15222 15223 15221
f 15224 15226 15225
f 15226 15227 15225
f 15228 15230 15229
f 15230 15231 15229
f 15232 15234 15233
f 15234 15235 15233
f 15236 15238 15237
f 15238 15239 15237
f 15240 15242 15241
f 15242 15243 15241
f 15244 15246 15245
f 15246 15247 15245
f 15248 15250 15249
f 15250 15251 15249
f 15252 15254 15253
f 15254 15255 15253
f 15256 15258 15257
f 15258 15259 15257
f 15260 15262 15261
f 15262 15263 15261
f 15264 15266 15265
f 15266 15267 15265
f 15268 15270 15269
f 15270 15271 15269
f 15272 15274 15273
f 15274 15275 15273
f 15276 15278 15277
f 15278 15279 15277
f 15280 15282 15281
f 15282 15283 15281
f 15284 15286 15285
f 15286 15287 15285
f 15288 15290 15289
f 15290 15291 15289
f 15292 15294 15293
f 15294 15295 15293
f 15296 15298 15297
f 15298 15299 15297
f 15300 15302 15301
f 15302 15303 15301
f 15304 15306 15305
f 15306 15307 15305
f 15308 15310 15309
f 15310 15311 15309
f 15312 15314 15313
f 15314 15315 15313
f 15316 15318 15317
f 15318 15319 15317
f 15320 15322 15321
f 15322 15323 15321
f 15324 15326 15325
f 15326 15327 15325
f 15328 15330 15329
f 15330 15331 15329
f 15332 15334 15333
f 15334 15335 15333
f 15336 15338 15337
f 15338 15339 15337
f 15340 15342 15341
f 15342 15343 15341
f 15344 15346 15345
f 15346 15347 15345
f 15348 15350 15349
f 15350 15351 15349
f 15352 15354 15353
f 15354 15355 15353
f 15356 15358 15357
f 15358 15359 15357
f 15360 15362 15361
f 15362 15363 15361
f 15364 15366 15365
f 15366 15367 15365
f 15368 15370 15369
f 15370 15371 15369
f 15372 15374 15373
f 15374 15375 15373
f 15376 15378 15377
f 15378 15379 15377
f 15380 15382 15381
f 15382 15383 15381
f 15384 15386 15385
f 15386 15387 15385
f 15388 15390 15389
f 15390 15391 15389
f 15392 15394 15393
f 15394 15395 15393
f 15396 15398 15397
f 15398 15399 15397
f 15400 15402 15401
f 15402 15403 15401
f 15404 15406 15405
f 15406 15407 15405
f 15408 15410 15409
f 15410 15411 15409
f 15412 15414 15413
f 15414 15415 15413
f 15416 15418 15417
f 15418 15419 15417
f 15420 15422 15421
f 15422 15423 15421
f 15424 15426 15425
f 15426 15427 15425
f 15428 15430 15429
f 15430 15431 15429
f 15432 15434 15433
f 15434 15435 15433
f 15436 15438 15437
f 15438 15439 15437
f 15440 15442 15441
f 15442 15443 15441
f 15444 15446 15445
f 15446 15447 15445
f 15448 15450 15449
f 15450 15451 15449
f 15452 15454 15453
f 15454 15455 15453
f 15456 15458 15457
f 15458 15459 15457
f 15460 15462 15461
f 15462 15463 15461
f 15464 15466 15465
f 15466 15467 15465
f 15468 15470 15469
f 15470 15471 15469
f 15472 15474 15473
f 15474 15475 15473
f 15476 15478 15477
f 15478 15479 15477
f 15480 15482 15481
f 15482 15483 15481
f 15484 15486 15485
f 15486 15487 15485
f 15488 15490 15489
f 15490 15491 15489
f 15492 15494 15493
f 15494 15495 15493
f 15496 15498 15497
f 15498 15499 15497
f 15500 15502 15501
f 15502 15503 15501
f 15504 15506 15505
f 15506 15507 15505
f 15508 15510 15509
f 15510 15511 15509
f 15512 15514 15513
f 15514 15515 15513
f 15516 15518 15517
f 15518 15519 15517
f 15520 15522 15521
f 15522 15523 15521
f 15524 15526 15525
f 15526 15527 15525
f 15528 15530 15529
f 15530 15531 15529
f 15532 15534 15533
f 15534 15535 15533
f 15536 15538 15537
f 15538 15539 15537
f 15540 15542 15541
f 15542 15543 15541
f 15544 15546 15545
f 15546 15547 15545
f 15548 15550 15549
f 15550 15551 15549
f 15552 15554 15553
f 15554 15555 15553
f 15556 15558 15557
f 15558 15559 15557
f 15560 15562 15561
f 15562 15563 15561
f 15564 15566 15565
f 15566 15567 15565
f 15568 15570 15569
f 15570 15571 15569
f 15572 15574 15573
f 15574 15575 15573
f 15576 15578 15577
f 15578 15579 15577
f 15580 15582 15581
f 15582 15583 15581
f 15584 15586 15585
f 15586 15587 15585
f 15588 15590 15589
f 15590 15591 15589
f 15592 15594 15593
f 15594 15595 15593
f 15596 15598 15597
f 15598 15599 15597
f 15600 15602 15601
f 15602 15603 15601
f 15604 15606 15605
f 15606 15607 15605
f 15608 15610 15609
f 15610 15611 15609
f 15612 15614 15613
f 15614 15615 15613
f 15616 15618 15617
f 15618 15619 15617
f 15620 15622 15621
f 15622 15623 15621
f 15624 15626 15625
f 15626 15627 15625
f 15628 15630 15629
f 15630 15631 15629
f 15632 15634 15633
f 15634 15635 15633
f 15636 15638 15637
f 15638 15639 15637
f 15640 15642 15641
f 15642 15643 15641
f 15644 15646 15645
f 15646 15647 15645
f 15648 15650 15649
f 15650 15651 15649
f 15652 15654 15653
f 15654 15655 15653
f 15656 15658 15657
f 15658 15659 15657
f 15660 15662 15661
f 15662 15663 15661
f 15664 15666 15665
f 15666 15667 15665
f 15668 15670 15669
f 15670 15671 15669
f 15672 15674 15673
f 15674 15675 15673
f 15676 15678 15677
f 15678 15679 15677
f 15680 15682 15681
f 15682 15683 15681
f 15684 15686 15685
f 15686 15687 15685
f 15688 15690 15689
f 15690 15691 15689
f 15692 15694 15693
f 15694 15695 15693
f 15696 15698 15697
f 15698 15699 15697
f 15700 15702 15701
f 15702 15703 15701
f 15704 15706 15705
f 15706 15707 15705
f 15708 15710 15709
f 15710 15711 15709
f 15712 15714 15713
f 15714 15715 15713
f 15716 15718 15717
f 15718 15719 15717
f 15720 15722 15721
f 15722 15723 15721
f 15724 15726 15725
f 15726 15727 15725
f 15728 15730 15729
f 15730 15731 15729
f 15732 15734 15733
f 15734 15735 15733
f 15736 15738 15737
f 15738 15739 15737
f 15740 15742 15741
f 15742 15743 15741
f 15744 15746 15745
f 15746 15747 15745
f 15748 15750 15749
f 15750 15751 15749
f 15752 15754 15753
f 15754 15755 15753
f 15756 15758 15757
f 15758 15759 15757
f 15760 15762 15761
f 15762 15763 15761
f 15764 15766 15765
f 15766 15767 15765
f 15768 15770 15769
f 15770 15771 15769
f 15772 15774 15773
f 15774 15775 15773
f 15776 15778 15777
f 15778 15779 15777
f 15780 15782 15781
f 15782 15783 15781
f 15784 15786 15785
f 15786 15787 15785
f 15788 15790 15789
f 15790 15791 15789
f 15792 15794 15793
f 15794 15795 15793
f 15796 15798 15797
f 15798 15799 15797
f 15800 15802 15801
f 15802 15803 15801
f 15804 15806 15805
f 15806 15807 15805
f 15808 15810 15809
f 15810 15811 15809
f 15812 15814 15813
f 15814 15815 15813
f 15816 15818 15817
f 15818 15819 15817
f 15820 15822 15821
f 15822 15823 15821
f 15824 15826 15825
f 15826 15827 15825
f 15828 15830 15829
f 15830 15831 15829
f 15832 15834 15833
f 15834 15835 15833
f 15836 15838 15837
f 15838 15839 15837
f 15840 15842 15841
f 15842 15843 15841
f 15844 15846 15845
f 15846 15847 15845
f 15848 15850 15849
f 15850 15851 15849
f 15852 15854 15853
f 15854 15855 15853
f 15856 15858 15857
f 15858 15859 15857
f 15860 15862 15861
f 15862 15863 15861
f 15864 15866 15865
f 15866 15867 15865
f 15868 15870 15869
f 15870 15871 15869
f 15872 15874 15873
f 15874 15875 15873
f 15876 15878 15877
f 15878 15879 15877
f 15880 15882 15881
f 15882 15883 15881
f 15884 15886 15885
f 15886 15887 15885
f 15888 15890 15889
f 15890 15891 15889
f 15892 15894 15893
f 15894 15895 15893
f 15896 15898 15897
f 15898 15899 15897
f 15900 15902 15901
f 15902 15903 15901
f 15904 15906 15905
f 15906 15907 15905
f 15908 15910 15909
f 15910 15911 15909
f 15912 15914 15913
f 15914 15915 15913
f 15916 15918 15917
f 15918 15919 15917
f 15920 15922 15921
f 15922 15923 15921
f 15924 15926 15925
f 15926 15927 15925
f 15928 15930 15929
f 15930 15931 15929
f 15932 15934 15933
f 15934 15935 15933
f 15936 15938 15937
f 15938 15939 15937
f 15940 15942 15941
f 15942 15943 15941
f 15944 15946 15945
f 15946 15947 15945
f 15948 15950 15949
f 15950 15951 15949
f 15952 15954 15953
f 15954 15955 15953
f 15956 15958 15957
f 15958 15959 15957
f 15960 15962 15961
f 15962 15963 15961
f 15964 15966 15965
f 15966 15967 15965
f 15968 15970 15969
f 15970 15971 15969
f 15972 15974 15973
f 15974 15975 15973
f 15976 15978 15977
f 15978 15979 15977
f 15980 15982 15981
f 15982 15983 15981
f 15984 15986 15985
f 15986 15987 15985
f 15988 15990 15989
f 15990 15991 15989
f 15992 15994 15993
f 15994 15995 15993
f 15996 15998 15997
f 15998 15999 15997
f 16000 16002 16001
f 16002 16003 16001
f 16004 16006 16005
f 16006 16007 16005
f 16008 16010 16009
f 16010 16011 16009
f 16012 16014 16013
f 16014 16015 16013
f 16016 16018 16017
f 16018 16019 16017
f 16020 16022 16021
f 16022 16023 16021
f 16024 16026 16025
f 16026 16027 16025
f 16028 16030 16029
f 16030 16031 16029
f 16032 16034 16033
f 16034 16035 16033
f 16036 16038 16037
f 16038 16039 16037
f 16040 16042 16041
f 16042 16043 16041
f 16044 16046 16045
f 16046 16047 16045
f 16048 16050 16049
f 16050 16051 16049
f 16052 16054 16053
f 16054 16055 16053
f 16056 16058 16057
f 16058 16059 16057
f 16060 16062 16061
f 16062 16063 16061
f 16064 16066 16065
f 16066 16067 16065
f 16068 16070 16069
f 16070 16071 16069
f 16072 16074 16073
f 16074 16075 16073
f 16076 16078 16077
f 16078 16079 16077
f 16080 16082 16081
f 16082 16083 16081
f 16084 16086 16085
f 16086 16087 16085
f 16088 16090 16089
f 16090 16091 16089
f 16092 16094 16093
f 16094 16095 16093
f 16096 16098 16097
f 16098 16099 16097
f 16100 16102 16101
f 16102 16103 16101
f 16104 16106 16105
f 16106 16107 16105
f 16108 16110 16109
f 16110 16111 16109
f 16112 16114 16113
f 16114 16115 16113
f 16116 16118 16117
f 16118 16119 16117
f 16120 16122 16121
f 16122 16123 16121
f 16124 16126 16125
f 16126 16127 16125
f 16128 16130 16129
f 16130 16131 16129
f 16132 16134 16133
f 16134 16135 16133
f 16136 16138 16137
f 16138 16139 16137
f 16140 16142 16141
f 16142 16143 16141
f 16144 16146 16145
f 16146 16147 16145
f 16148 16150 16149
f 16150 16151 16149
f 16152 16154 16153
f 16154 16155 16153
f 16156 16158 16157
f 16158 16159 16157
f 16160 16162 16161
f 16162 16163 16161
f 16164 16166 16165
f 16166 16167 16165
f 16168 16170 16169
f 16170 16171 16169
f 16172 16174 16173
f 16174 16175 16173
f 16176 16178 16177
f 16178 16179 16177
f 16180 16182 16181
f 16182 16183 16181
f 16184 16186 16185
f 16186 16187 16185
f 16188 16190 16189
f 16190 16191 16189
f 16192 16194 16193
f 16194 16195 16193
f 16196 16198 16197
f 16198 16199 16197
f 16200 16202 16201
f 16202 16203 16201
f 16204 16206 16205
f 16206 16207 16205
f 16208 16210 16209
f 16210 16211 16209
f 16212 16214 16213
f 16214 16215 16213
f 16216 16218 16217
f 16218 16219 16217
f 16220 16222 16221
f 16222 16223 16221
f 16224 16226 16225
f 16226 16227 16225
f 16228 16230 16229
f 16230 16231 16229
f 16232 16234 16233
f 16234 16235 16233
f 16236 16238 16237
f 16238 16239 16237
f 16240 16242 16241
f 16242 16243 16241
f 16244 16246 16245
f 16246 16247 16245
f 16248 16250 16249
f 16250 16251 16249
f 16252 16254 16253
f 16254 16255 16253
f 16256 16258 16257
f 16258 16259 16257
f 16260 16262 16261
f 16262 16263 16261
f 16264 16266 16265
f 16266 16267 16265
f 16268 16270 16269
f 16270 16271 16269
f 16272 16274 16273
f 16274 16275 16273
f 16276 16278 16277
f 16278 16279 16277
f 16280 16282 16281
f 16282 16283 16281
f 16284 16286 16285
f 16286 16287 16285
f 16288 16290 16289
f 16290 16291 16289
f 16292 16294 16293
f 16294 16295 16293
f 16296 16298 16297
f 16298 16299 16297
f 16300 16302 16301
f 16302 16303 16301
f 16304 16306 16305
f 16306 16307 16305
f 16308 16310 16309
f 16310 16311 16309
f 16312 16314 16313
f 16314 16315 16313
f 16316 16318 16317
f 16318 16319 16317
f 16320 16322 16321
f 16322 16323 16321
f 16324 16326 16325
f 16326 16327 16325
f 16328 16330 16329
f 16330 16331 16329
f 16332 16334 16333
f 16334 16335 16333
f 16336 16338 16337
f 16338 16339 16337
f 16340 16342 16341
f 16342 16343 16341
f 16344 16346 16345
f 16346 16347 16345
f 16348 16350 16349
f 16350 16351 16349
f 16352 16354 16353
f 16354 16355 16353
f 16356 16358 16357
f 16358 16359 16357
f 16360 16362 16361
f 16362 16363 16361
f 16364 16366 16365
f 16366 16367 16365
f 16368 16370 16369
f 16370 16371 16369
f 16372 16374 16373
f 16374 16375 16373
f 16376 16378 16377
f 16378 16379 16377
f 16380 16382 16381
f 16382 16383 16381
f 16384 16386 16385
f 16386 16387 16385
f 16388 16390 16389
f 16390 16391 16389
f 16392 16394 16393
f 16394 16395 16393
f 16396 16398 16397
f 16398 16399 16397
f 16400 16402 16401
f 16402 16403 16401
f 16404 16406 16405
f 16406 16407 16405
f 16408 16410 16409
f 16410 16411 16409
f 16412 16414 16413
f 16414 16415 16413
f 16416 16418 16417
f 16418 16419 16417
f 16420 16422 16421
f 16422 16423 16421
f 16424 16426 16425
f 16426 16427 16425
f 16428 16430 16429
f 16430 16431 16429
f 16432 16434 16433
f 16434 16435 16433
f 16436 16438 16437
f 16438 16439 16437
f 16440 16442 16441
f 16442 16443 16441
f 16444 16446 16445
f 16446 16447 16445
f 16448 16450 16449
f 16450 16451 16449
f 16452 16454 16453
f 16454 16455 16453
f 16456 16458 16457
f 16458 16459 16457
f 16460 16462 16461
f 16462 16463 16461
f 16464 16466 16465
f 16466 16467 16465
f 16468 16470 16469
f 16470 16471 16469
f 16472 16474 16473
f 16474 16475 16473
f 16476 16478 16477
f 16478 16479 16477
f 16480 16482 16481
f 16482 16483 16481
f 16484 16486 16485
f 16486 16487 16485
f 16488 16490 16489
f 16490 16491 16489
f 16492 16494 16493
f 16494 16495 16493
f 16496 16498 16497
f 16498 16499 16497
f 16500 16502 16501
f 16502 16503 16501
f 16504 16506 16505
f 16506 16507 16505
f 16508 16510 16509
f 16510 16511 16509
f 16512 16514 16513
f 16514 16515 16513
f 16516 16518 16517
f 16518 16519 16517
f 16520 16522 16521
f 16522 16523 16521
f 16524 16526 16525
f 16526 16527 16525
f 16528 16530 16529
f 16530 16531 16529
f 16532 16534 16533
f 16534 16535 16533
f 16536 16538 16537
f 16538 16539 16537
f 16540 16542 16541
f 16542 16543 16541
f 16544 16546 16545
f 16546 16547 16545
f 16548 16550 16549
f 16550 16551 16549
f 16552 16554 16553
f 16554 16555 16553
f 16556 16558 16557
f 16558 16559 16557
f 16560 16562 16561
f 16562 16563 16561
f 16564 16566 16565
f 16566 16567 16565
f 16568 16570 16569
f 16570 16571 16569
f 16572 16574 16573
f 16574 16575 16573
f 16576 16578 16577
f 16578 16579 16577
f 16580 16582 16581
f 16582 16583 16581
f 16584 16586 16585
f 16586 16587 16585
f 16588 16590 16589
f 16590 16591 16589
f 16592 16594 16593
f 16594 16595 16593
f 16596 16598 16597
f 16598 16599 16597
f 16600 16602 16601
f 16602 16603 16601
f 16604 16606 16605
f 16606 16607 16605
f 16608 16610 16609
f 16610 16611 16609
f 16612 16614 16613
f 16614 16615 16613
f 16616 16618 16617
f 16618 16619 16617
f 16620 16622 16621
f 16622 16623 16621
f 16624 16626 16625
f 16626 16627 16625
f 16628 16630 16629
f 16630 16631 16629
f 16632 16634 16633
f 16634 16635 16633
f 16636 16638 16637
f 16638 16639 16637
f 16640 16642 16641
f 16642 16643 16641
f 16644 16646 16645
f 16646 16647 16645
f 16648 16650 16649
f 16650 16651 16649
f 16652 16654 16653
f 16654 16655 16653
f 16656 16658 16657
f 16658 16659 16657
f 16660 16662 16661
f 16662 16663 16661
f 16664 16666 16665
f 16666 16667 16665
f 16668 16670 16669
f 16670 16671 16669
f 16672 16674 16673
f 16674 16675 16673
f 16676 16678 16677
f 16678 16679 16677
f 16680 16682 16681
f 16682 16683 16681
f 16684 16686 16685
f 16686 16687 16685
f 16688 16690 16689
f 16690 16691 16689
f 16692 16694 16693
f 16694 16695 16693
f 16696 16698 16697
f 16698 16699 16697
f 16700 16702 16701
f 16702 16703 16701
f 16704 16706 16705
f 16706 16707 16705
f 16708 16710 16709
f 16710 16711 16709
f 16712 16714 16713
f 16714 16715 16713
f 16716 16718 16717
f 16718 16719 16717
f 16720 16722 16721
f 16722 16723 16721
f 16724 16726 16725
f 16726 16727 16725
f 16728 16730 16729
f 16730 16731 16729
f 16732 16734 16733
f 16734 16735 16733
f 16736 16738 16737
f 16738 16739 16737
f 16740 16742 16741
f 16742 16743 16741
f 16744 16746 16745
f 16746 16747 16745
f 16748 16750 16749
f 16750 16751 16749
f 16752 16754 16753
f 16754 16755 16753
f 16756 16758 16757
f 16758 16759 16757
f 16760 16762 16761
f 16762 16763 16761
f 16764 16766 16765
f 16766 16767 16765
f 16768 16770 16769
f 16770 16771 16769
f 16772 16774 16773
f 16774 16775 16773
f 16776 16778 16777
f 16778 16779 16777
f 16780 16782 16781
f 16782 16783 16781
f 16784 16786 16785
f 16786 16787 16785
f 16788 16790 16789
f 16790 16791 16789
f 16792 16794 16793
f 16794 16795 16793
f 16796 16798 16797
f 16798 16799 16797
f 16800 16802 16801
f 16802 16803 16801
f 16804 16806 16805
f 16806 16807 16805
f 16808 16810 16809
f 16810 16811 16809
f 16812 16814 16813
f 16814 16815 16813
f 16816 16818 16817
f 16818 16819 16817
f 16820 16822 16821
f 16822 16823 16821
f 16824 16826 16825
f 16826 16827 16825
f 16828 16830 16829
f 16830 16831 16829
f 16832 16834 16833
f 16834 16835 16833
f 16836 16838 16837
f 16838 16839 16837
f 16840 16842 16841
f 16842 16843 16841
f 16844 16846 16845
f 16846 16847 16845
f 16848 16850 16849
f 16850 16851 16849
f 16852 16854 16853
f 16854 16855 16853
f 16856 16858 16857
f 16858 16859 16857
f 16860 16862 16861
f 16862 16863 16861
f 16864 16866 16865
f 16866 16867 16865
f 16868 16870 16869
f 16870 16871 16869
f 16872 16874 16873
f 16874 16875 16873
f 16876 16878 16877
f 16878 16879 16877
f 16880 16882 16881
f 16882 16883 16881
f 16884 16886 16885
f 16886 16887 16885
f 16888 16890 16889
f 16890 16891 16889
f 16892 16894 16893
f 16894 16895 16893
f 16896 16898 16897
f 16898 16899 16897
f 16900 16902 16901
f 16902 16903 16901
f 16904 16906 16905
f 16906 16907 16905
f 16908 16910 16909
f 16910 16911 16909
f 16912 16914 16913
f 16914 16915 16913
f 16916 16918 16917
f 16918 16919 16917
f 16920 16922 16921
f 16922 16923 16921
f 16924 16926 16925
f 16926 16927 16925
f 16928 16930 16929
f 16930 16931 16929
f 16932 16934 16933
f 16934 16935 16933
f 16936 16938 16937
f 16938 16939 16937
f 16940 16942 16941
f 16942 16943 16941
f 16944 16946 16945
f 16946 16947 16945
f 16948 16950 16949
f 16950 16951 16949
f 16952 16954 16953
f 16954 16955 16953
f 16956 16958 16957
f 16958 16959 16957
f 16960 16962 16961
f 16962 16963 16961
f 16964 16966 16965
f 16966 16967 16965
f 16968 16970 16969
f 16970 16971 16969
f 16972 16974 16973
f 16974 16975 16973
f 16976 16978 16977
f 16978 16979 16977
f 16980 16982 16981
f 16982 16983 16981
f 16984 16986 16985
f 16986 16987 16985
f 16988 16990 16989
f 16990 16991 16989
f 16992 16994 16993
f 16994 16995 16993
f 16996 16998 16997
f 16998 16999 16997
f 17000 17002 17001
f 17002 17003 17001
f 17004 17006 17005
f 17006 17007 17005
f 17008 17010 17009
f 17010 17011 17009
f 17012 17014 17013
f 17014 17015 17013
f 17016 17018 17017
f 17018 17019 17017
f 17020 17022 17021
f 17022 17023 17021
f 17024 17026 17025
f 17026 17027 17025
f 17028 17030 17029
f 17030 17031 17029
f 17032 17034 17033
f 17034 17035 17033
f 17036 17038 17037
f 17038 17039 17037
f 17040 17042 17041
f 17042 17043 17041
f 17044 17046 17045
f 17046 17047 17045
f 17048 17050 17049
f 17050 17051 17049
f 17052 17054 17053
f 17054 17055 17053
f 17056 17058 17057
f 17058 17059 17057
f 17060 17062 17061
f 17062 17063 17061
f 17064 17066 17065
f 17066 17067 17065
f 17068 17070 17069
f 17070 17071 17069
f 17072 17074 17073
f 17074 17075 17073
f 17076 17078 17077
f 17078 17079 17077
f 17080 17082 17081
f 17082 17083 17081
f 17084 17086 17085
f 17086 17087 17085
f 17088 17090 17089
f 17090 17091 17089
f 17092 17094 17093
f 17094 17095 17093
f 17096 17098 17097
f 17098 17099 17097
f 17100 17102 17101
f 17102 17103 17101
f 17104 17106 17105
f 17106 17107 17105
f 17108 17110 17109
f 17110 17111 17109
f 17112 17114 17113
f 17114 17115 17113
f 17116 17118 17117
f 17118 17119 17117
f 17120 17122 17121
f 17122 17123 17121
f 17124 17126 17125
f 17126 17127 17125
f 17128 17130 17129
f 17130 17131 17129
f 17132 17134 17133
f 17134 17135 17133
f 17136 17138 17137
f 17138 17139 17137
f 17140 17142 17141
f 17142 17143 17141
f 17144 17146 17145
f 17146 17147 17145
f 17148 17150 17149
f 17150 17151 17149
f 17152 17154 17153
f 17154 17155 17153
f 17156 17158 17157
f 17158 17159 17157
f 17160 17162 17161
f 17162 17163 17161
f 17164 17166 17165
f 17166 17167 17165
f 17168 17170 17169
f 17170 17171 17169
f 17172 17174 17173
f 17174 17175 17173
f 17176 17178 17177
f 17178 17179 17177
f 17180 17182 17181
f 17182 17183 17181
f 17184 17186 17185
f 17186 17187 17185
f 17188 17190 17189
f 17190 17191 17189
f 17192 17194 17193
f 17194 17195 17193
f 17196 17198 17197
f 17198 17199 17197
f 17200 17202 17201
f 17202 17203 17201
f 17204 17206 17205
f 17206 17207 17205
f 17208 17210 17209
f 17210 17211 17209
f 17212 17214 17213
f 17214 17215 17213
f 17216 17218 17217
f 17218 17219 17217
f 17220 17222 17221
f 17222 17223 17221
f 17224 17226 17225
f 17226 17227 17225
f 17228 17230 17229
f 17230 17231 17229
f 17232 17234 17233
f 17234 17235 17233
f 17236 17238 17237
f 17238 17239 17237
f 17240 17242 17241
f 17242 17243 17241
f 17244 17246 17245
f 17246 17247 17245
f 17248 17250 17249
f 17250 17251 17249
f 17252 17254 17253
f 17254 17255 17253
f 17256 17258 17257
f 17258 17259 17257
f 17260 17262 17261
f 17262 17263 17261
f 17264 17266 17265
f 17266 17267 17265
f 17268 17270 17269
f 17270 17271 17269
f 17272 17274 17273
f 17274 17275 17273
f 17276 17278 17277
f 17278 17279 17277
f 17280 17282 17281
f 17282 17283 17281
f 17284 17286 17285
f 17286 17287 17285
f 17288 17290 17289
f 17290 17291 17289
f 17292 17294 17293
f 17294 17295 17293
f 17296 17298 17297
f 17298 17299 17297
f 17300 17302 17301
f 17302 17303 17301
f 17304 17306 17305
f 17306 17307 17305
f 17308 17310 17309
f 17310 17311 17309
f 17312 17314 17313
f 17314 17315 17313
f 17316 17318 17317
f 17318 17319 17317
f 17320 17322 17321
f 17322 17323 17321
f 17324 17326 17325
f 17326 17327 17325
f 17328 17330 17329
f 17330 17331 17329
f 17332 17334 17333
f 17334 17335 17333
f 17336 17338 17337
f 17338 17339 17337
f 17340 17342 17341
f 17342 17343 17341
f 17344 17346 17345
f 17346 17347 17345
f 17348 17350 17349
f 17350 17351 17349
f 17352 17354 17353
f 17354 17355 17353
f 17356 17358 17357
f 17358 17359 17357
f 17360 17362 17361
f 17362 17363 17361
f 17364 17366 17365
f 17366 17367 17365
f 17368 17370 17369
f 17370 17371 17369
f 17372 17374 17373
f 17374 17375 17373
f 17376 17378 17377
f 17378 17379 17377
f 17380 17382 17381
f 17382 17383 17381
f 17384 17386 17385
f 17386 17387 17385
f 17388 17390 17389
f 17390 17391 17389
f 17392 17394 17393
f 17394 17395 17393
f 17396 17398 17397
f 17398 17399 17397
f 17400 17402 17401
f 17402 17403 17401
f 17404 17406 17405
f 17406 17407 17405
f 17408 17410 17409
f 17410 17411 17409
f 17412 17414 17413
f 17414 17415 17413
f 17416 17418 17417
f 17418 17419 17417
f 17420 17422 17421
f 17422 17423 17421
f 17424 17426 17425
f 17426 17427 17425
f 17428 17430 17429
f 17430 17431 17429
f 17432 17434 17433
f 17434 17435 17433
f 17436 17438 17437
f 17438 17439 17437
f 17440 17442 17441
f 17442 17443 17441
f 17444 17446 17445
f 17446 17447 17445
f 17448 17450 17449
f 17450 17451 17449
f 17452 17454 17453
f 17454 17455 17453
f 17456 17458 17457
f 17458 17459 17457
f 17460 17462 17461
f 17462 17463 17461
f 17464 17466 17465
f 17466 17467 17465
f 17468 17470 17469
f 17470 17471 17469
f 17472 17474 17473
f 17474 17475 17473
f 17476 17478 17477
f 17478 17479 17477
f 17480 17482 17481
f 17482 17483 17481
f 17484 17486 17485
f 17486 17487 17485
f 17488 17490 17489
f 17490 17491 17489
f 17492 17494 17493
f 17494 17495 17493
f 17496 17498 17497
f 17498 17499 17497
f 17500 17502 17501
f 17502 17503 17501
f 17504 17506 17505
f 17506 17507 17505
f 17508 17510 17509
f 17510 17511 17509
f 17512 17514 17513
f 17514 17515 17513
f 17516 17518 17517
f 17518 17519 17517
f 17520 17522 17521
f 17522 17523 17521
f 17524 17526 17525
f 17526 17527 17525
f 17528 17530 17529
f 17530 17531 17529
f 17532 17534 17533
f 17534 17535 17533
f 17536 17538 17537
f 17538 17539 17537
f 17540 17542 17541
f 17542 17543 17541
f 17544 17546 17545
f 17546 17547 17545
f 17548 17550 17549
f 17550 17551 17549
f 17552 17554 17553
f 17554 17555 17553
f 17556 17558 17557
f 17558 17559 17557
f 17560 17562 17561
f 17562 17563 17561
f 17564 17566 17565
f 17566 17567 17565
f 17568 17570 17569
f 17570 17571 17569
f 17572 17574 17573
f 17574 17575 17573
f 17576 17578 17577
f 17578 17579 17577
f 17580 17582 17581
f 17582 17583 17581
f 17584 17586 17585
f 17586 17587 17585
f 17588 17590 17589
f 17590 17591 17589
f 17592 17594 17593
f 17594 17595 17593
f 17596 17598 17597
f 17598 17599 17597
f 17600 17602 17601
f 17602 17603 17601
f 17604 17606 17605
f 17606 17607 17605
f 17608 17610 17609
f 17610 17611 17609
f 17612 17614 17613
f 17614 17615 17613
f 17616 17618 17617
f 17618 17619 17617
f 17620 17622 17621
f 17622 17623 17621
f 17624 17626 17625
f 17626 17627 17625
f 17628 17630 17629
f 17630 17631 17629
f 17632 17634 17633
f 17634 17635 17633
f 17636 17638 17637
f 17638 17639 17637
f 17640 17642 17641
f 17642 17643 17641
f 17644 17646 17645
f 17646 17647 17645
f 17648 17650 17649
f 17650 17651 17649
f 17652 17654 17653
f 17654 17655 17653
f 17656 17658 17657
f 17658 17659 17657
f 17660 17662 17661
f 17662 17663 17661
f 17664 17666 17665
f 17666 17667 17665
f 17668 17670 17669
f 17670 17671 17669
f 17672 17674 17673
f 17674 17675 17673
f 17676 17678 17677
f 17678 17679 17677
f 17680 17682 17681
f 17682 17683 17681
f 17684 17686 17685
f 17686 17687 17685
f 17688 17690 17689
f 17690 17691 17689
f 17692 17694 17693
f 17694 17695 17693
f 17696 17698 17697
f 17698 17699 17697
f 17700 17702 17701
f 17702 17703 17701
f 17704 17706 17705
f 17706 17707 17705
f 17708 17710 17709
f 17710 17711 17709
f 17712 17714 17713
f 17714 17715 17713
f 17716 17718 17717
f 17718 17719 17717
f 17720 17722 17721
f 17722 17723 17721
f 17724 17726 17725
f 17726 17727 17725
f 17728 17730 17729
f 17730 17731 17729
f 17732 17734 17733
f 17734 17735 17733
f 17736 17738 17737
f 17738 17739 17737
f 17740 17742 17741
f 17742 17743 17741
f 17744 17746 17745
f 17746 17747 17745
f 17748 17750 17749
f 17750 17751 17749
f 17752 17754 17753
f 17754 17755 17753
f 17756 17758 17757
f 17758 17759 17757
f 17760 17762 17761
f 17762 17763 17761
f 17764 17766 17765
f 17766 17767 17765
f 17768 17770 17769
f 17770 17771 17769
f 17772 17774 17773
f 17774 17775 17773
f 17776 17778 17777
f 17778 17779 17777
f 17780 17782 17781
f 17782 17783 17781
f 17784 17786 17785
f 17786 17787 17785
f 17788 17790 17789
f 17790 17791 17789
f 17792 17794 17793
f 17794 17795 17793
f 17796 17798 17797
f 17798 17799 17797
f 17800 17802 17801
f 17802 17803 17801
f 17804 17806 17805
f 17806 17807 17805
f 17808 17810 17809
f 17810 17811 17809
f 17812 17814 17813
f 17814 17815 17813
f 17816 17818 17817
f 17818 17819 17817
f 17820 17822 17821
f 17822 17823 17821
f 17824 17826 17825
f 17826 17827 17825
f 17828 17830 17829
f 17830 17831 17829
f 17832 17834 17833
f 17834 17835 17833
f 17836 17838 17837
f 17838 17839 17837
f 17840 17842 17841
f 17842 17843 17841
f 17844 17846 17845
f 17846 17847 17845
f 17848 17850 17849
f 17850 17851 17849
f 17852 17854 17853
f 17854 17855 17853
f 17856 17858 17857
f 17858 17859 17857
f 17860 17862 17861
f 17862 17863 17861
f 17864 17866 17865
f 17866 17867 17865
f 17868 17870 17869
f 17870 17871 17869
f 17872 17874 17873
f 17874 17875 17873
f 17876 17878 17877
f 17878 17879 17877
f 17880 17882 17881
f 17882 17883 17881
f 17884 17886 17885
f 17886 17887 17885
f 17888 17890 17889
f 17890 17891 17889
f 17892 17894 17893
f 17894 17895 17893
f 17896 17898 17897
f 17898 17899 17897
f 17900 17902 17901
f 17902 17903 17901
f 17904 17906 17905
f 17906 17907 17905
f 17908 17910 17909
f 17910 17911 17909
f 17912 17914 17913
f 17914 17915 17913
f 17916 17918 17917
f 17918 17919 17917
f 17920 17922 17921
f 17922 17923 17921
f 17924 17926 17925
f 17926 17927 17925
f 17928 17930 17929
f 17930 17931 17929
f 17932 17934 17933
f 17934 17935 17933
f 17936 17938 17937
f 17938 17939 17937
f 17940 17942 17941
f 17942 17943 17941
f 17944 17946 17945
f 17946 17947 17945
f 17948 17950 17949
f 17950 17951 17949
f 17952 17954 17953
f 17954 17955 17953
f 17956 17958 17957
f 17958 17959 17957
f 17960 17962 17961
f 17962 17963 17961
f 17964 17966 17965
f 17966 17967 17965
f 17968 17970 17969
f 17970 17971 17969
f 17972 17974 17973
f 17974 17975 17973
f 17976 17978 17977
f 17978 17979 17977
f 17980 17982 17981
f 17982 17983 17981
f 17984 17986 17985
f 17986 17987 17985
f 17988 17990 17989
f 17990 17991 17989
f 17992 17994 17993
f 17994 17995 17993
f 17996 17998 17997
f 17998 17999 17997
f 18000 18002 18001
f 18002 18003 18001
f 18004 18006 18005
f 18006 18007 18005
f 18008 18010 18009
f 18010 18011 18009
f 18012 18014 18013
f 18014 18015 18013
f 18016 18018 18017
f 18018 18019 18017
f 18020 18022 18021
f 18022 18023 18021
f 18024 18026 18025
f 18026 18027 18025
f 18028 18030 18029
f 18030 18031 18029
f 18032 18034 18033
f 18034 18035 18033
f 18036 18038 18037
f 18038 18039 18037
f 18040 18042 18041
f 18042 18043 18041
f 18044 18046 18045
f 18046 18047 18045
f 18048 18050 18049
f 18050 18051 18049
f 18052 18054 18053
f 18054 18055 18053
f 18056 18058 18057
f 18058 18059 18057
