mtllib VictorianHouse.mtl
o VictorianHouse
usemtl brick
v 5.07500 7.20000 4.21000
v 5.07500 7.20000 -5.79000
v 5.07500 0.00000 4.21000
v 5.07500 0.00000 -5.79000
v -10.92500 7.20000 -5.79000
v -10.92500 7.20000 4.21000
v -10.92500 0.00000 -5.79000
v -10.92500 0.00000 4.21000
v -10.92500 7.20000 -5.79000
v 5.07500 7.20000 -5.79000
v -10.92500 7.20000 4.21000
v 5.07500 7.20000 4.21000
v -10.92500 0.00000 4.21000
v 5.07500 0.00000 4.21000
v -10.92500 0.00000 -5.79000
v 5.07500 0.00000 -5.79000
v -10.92500 7.20000 4.21000
v 5.07500 7.20000 4.21000
v -10.92500 0.00000 4.21000
v 5.07500 0.00000 4.21000
v 5.07500 7.20000 -5.79000
v -10.92500 7.20000 -5.79000
v 5.07500 0.00000 -5.79000
v -10.92500 0.00000 -5.79000
vt 0.00000 0.00000
vt 1.00000 0.00000
vt 0.00000 1.00000
vt 1.00000 1.00000
vt 0.00000 0.00000
vt 1.00000 0.00000
vt 0.00000 1.00000
vt 1.00000 1.00000
vt 0.00000 0.00000
vt 1.00000 0.00000
vt 0.00000 1.00000
vt 1.00000 1.00000
vt 0.00000 0.00000
vt 1.00000 0.00000
vt 0.00000 1.00000
vt 1.00000 1.00000
vt 0.00000 0.00000
vt 1.00000 0.00000
vt 0.00000 1.00000
vt 1.00000 1.00000
vt 0.00000 0.00000
vt 1.00000 0.00000
vt 0.00000 1.00000
vt 1.00000 1.00000
f 1/1 3/3 2/2
f 3/3 4/4 2/2
f 5/5 7/7 6/6
f 7/7 8/8 6/6
f 9/9 11/11 10/10
f 11/11 12/12 10/10
f 13/13 15/15 14/14
f 15/15 16/16 14/14
f 17/17 19/19 18/18
f 19/19 20/20 18/18
f 21/21 23/23 22/22
f 23/23 24/24 22/22
v -0.72500 7.20000 5.61000
v -0.72500 7.20000 4.21000
v -0.72500 0.00000 5.61000
v -0.72500 0.00000 4.21000
v -5.12500 7.20000 4.21000
v -5.12500 7.20000 5.61000
v -5.12500 0.00000 4.21000
v -5.12500 0.00000 5.61000
v -5.12500 7.20000 4.21000
v -0.72500 7.20000 4.21000
v -5.12500 7.20000 5.61000
v -0.72500 7.20000 5.61000
v -5.12500 0.00000 5.61000
v -0.72500 0.00000 5.61000
v -5.12500 0.00000 4.21000
v -0.72500 0.00000 4.21000
v -5.12500 7.20000 5.61000
v -0.72500 7.20000 5.61000
v -5.12500 0.00000 5.61000
v -0.72500 0.00000 5.61000
v -0.72500 7.20000 4.21000
v -5.12500 7.20000 4.21000
v -0.72500 0.00000 4.21000
v -5.12500 0.00000 4.21000
vt 0.00000 0.00000
vt 1.00000 0.00000
vt 0.00000 1.00000
vt 1.00000 1.00000
vt 0.00000 0.00000
vt 1.00000 0.00000
vt 0.00000 1.00000
vt 1.00000 1.00000
vt 0.00000 0.00000
vt 1.00000 0.00000
vt 0.00000 1.00000
vt 1.00000 1.00000
vt 0.00000 0.00000
vt 1.00000 0.00000
vt 0.00000 1.00000
vt 1.00000 1.00000
vt 0.00000 0.00000
vt 1.00000 0.00000
vt 0.00000 1.00000
vt 1.00000 1.00000
vt 0.00000 0.00000
vt 1.00000 0.00000
vt 0.00000 1.00000
vt 1.00000 1.00000
f 25/25 27/27 26/26
f 27/27 28/28 26/26
f 29/29 31/31 30/30
f 31/31 32/32 30/30
f 33/33 35/35 34/34
f 35/35 36/36 34/34
f 37/37 39/39 38/38
f 39/39 40/40 38/38
f 41/41 43/43 42/42
f 43/43 44/44 42/42
f 45/45 47/47 46/46
f 47/47 48/48 46/46
v 12.57500 3.30000 1.81000
v 12.57500 3.30000 -4.79000
v 12.57500 0.00000 1.81000
v 12.57500 0.00000 -4.79000
v 4.57500 3.30000 -4.79000
v 4.57500 3.30000 1.81000
v 4.57500 0.00000 -4.79000
v 4.57500 0.00000 1.81000
v 4.57500 3.30000 -4.79000
v 12.57500 3.30000 -4.79000
v 4.57500 3.30000 1.81000
v 12.57500 3.30000 1.81000
v 4.57500 0.00000 1.81000
v 12.57500 0.00000 1.81000
v 4.57500 0.00000 -4.79000
v 12.57500 0.00000 -4.79000
v 4.57500 3.30000 1.81000
v 12.57500 3.30000 1.81000
v 4.57500 0.00000 1.81000
v 12.57500 0.00000 1.81000
v 12.57500 3.30000 -4.79000
v 4.57500 3.30000 -4.79000
v 12.57500 0.00000 -4.79000
v 4.57500 0.00000 -4.79000
vt 0.00000 0.00000
vt 1.00000 0.00000
vt 0.00000 1.00000
vt 1.00000 1.00000
vt 0.00000 0.00000
vt 1.00000 0.00000
vt 0.00000 1.00000
vt 1.00000 1.00000
vt 0.00000 0.00000
vt 1.00000 0.00000
vt 0.00000 1.00000
vt 1.00000 1.00000
vt 0.00000 0.00000
vt 1.00000 0.00000
vt 0.00000 1.00000
vt 1.00000 1.00000
vt 0.00000 0.00000
vt 1.00000 0.00000
vt 0.00000 1.00000
vt 1.00000 1.00000
vt 0.00000 0.00000
vt 1.00000 0.00000
vt 0.00000 1.00000
vt 1.00000 1.00000
f 49/49 51/51 50/50
f 51/51 52/52 50/50
f 53/53 55/55 54/54
f 55/55 56/56 54/54
f 57/57 59/59 58/58
f 59/59 60/60 58/58
f 61/61 63/63 62/62
f 63/63 64/64 62/62
f 65/65 67/67 66/66
f 67/67 68/68 66/66
f 69/69 71/71 70/70
f 71/71 72/72 70/70
usemtl trim_white
v 5.32500 7.42500 4.46000
v 5.32500 7.42500 -6.04000
v 5.32500 7.07500 4.46000
v 5.32500 7.07500 -6.04000
v -11.17500 7.42500 -6.04000
v -11.17500 7.42500 4.46000
v -11.17500 7.07500 -6.04000
v -11.17500 7.07500 4.46000
v -11.17500 7.42500 -6.04000
v 5.32500 7.42500 -6.04000
v -11.17500 7.42500 4.46000
v 5.32500 7.42500 4.46000
v -11.17500 7.07500 4.46000
v 5.32500 7.07500 4.46000
v -11.17500 7.07500 -6.04000
v 5.32500 7.07500 -6.04000
v -11.17500 7.42500 4.46000
v 5.32500 7.42500 4.46000
v -11.17500 7.07500 4.46000
v 5.32500 7.07500 4.46000
v 5.32500 7.42500 -6.04000
v -11.17500 7.42500 -6.04000
v 5.32500 7.07500 -6.04000
v -11.17500 7.07500 -6.04000
vt 0.00000 0.00000
vt 1.00000 0.00000
vt 0.00000 1.00000
vt 1.00000 1.00000
vt 0.00000 0.00000
vt 1.00000 0.00000
vt 0.00000 1.00000
vt 1.00000 1.00000
vt 0.00000 0.00000
vt 1.00000 0.00000
vt 0.00000 1.00000
vt 1.00000 1.00000
vt 0.00000 0.00000
vt 1.00000 0.00000
vt 0.00000 1.00000
vt 1.00000 1.00000
vt 0.00000 0.00000
vt 1.00000 0.00000
vt 0.00000 1.00000
vt 1.00000 1.00000
vt 0.00000 0.00000
vt 1.00000 0.00000
vt 0.00000 1.00000
vt 1.00000 1.00000
f 73/73 75/75 74/74
f 75/75 76/76 74/74
f 77/77 79/79 78/78
f 79/79 80/80 78/78
f 81/81 83/83 82/82
f 83/83 84/84 82/82
f 85/85 87/87 86/86
f 87/87 88/88 86/86
f 89/89 91/91 90/90
f 91/91 92/92 90/90
f 93/93 95/95 94/94
f 95/95 96/96 94/94
v -10.05000 7.25000 4.58500
v -10.05000 7.25000 4.43500
v -10.05000 6.95000 4.58500
v -10.05000 6.95000 4.43500
v -10.20000 7.25000 4.43500
v -10.20000 7.25000 4.58500
v -10.20000 6.95000 4.43500
v -10.20000 6.95000 4.58500
v -10.20000 7.25000 4.43500
v -10.05000 7.25000 4.43500
v -10.20000 7.25000 4.58500
v -10.05000 7.25000 4.58500
v -10.20000 6.95000 4.58500
v -10.05000 6.95000 4.58500
v -10.20000 6.95000 4.43500
v -10.05000 6.95000 4.43500
v -10.20000 7.25000 4.58500
v -10.05000 7.25000 4.58500
v -10.20000 6.95000 4.58500
v -10.05000 6.95000 4.58500
v -10.05000 7.25000 4.43500
v -10.20000 7.25000 4.43500
v -10.05000 6.95000 4.43500
v -10.20000 6.95000 4.43500
vt 0.00000 0.00000
vt 1.00000 0.00000
vt 0.00000 1.00000
vt 1.00000 1.00000
vt 0.00000 0.00000
vt 1.00000 0.00000
vt 0.00000 1.00000
vt 1.00000 1.00000
vt 0.00000 0.00000
vt 1.00000 0.00000
vt 0.00000 1.00000
vt 1.00000 1.00000
vt 0.00000 0.00000
vt 1.00000 0.00000
vt 0.00000 1.00000
vt 1.00000 1.00000
vt 0.00000 0.00000
vt 1.00000 0.00000
vt 0.00000 1.00000
vt 1.00000 1.00000
vt 0.00000 0.00000
vt 1.00000 0.00000
vt 0.00000 1.00000
vt 1.00000 1.00000
f 97/97 99/99 98/98
f 99/99 100/100 98/98
f 101/101 103/103 102/102
f 103/103 104/104 102/102
f 105/105 107/107 106/106
f 107/107 108/108 106/106
f 109/109 111/111 110/110
f 111/111 112/112 110/110
f 113/113 115/115 114/114
f 115/115 116/116 114/114
f 117/117 119/119 118/118
f 119/119 120/120 118/118
v -8.45000 7.25000 4.58500
v -8.45000 7.25000 4.43500
v -8.45000 6.95000 4.58500
v -8.45000 6.95000 4.43500
v -8.60000 7.25000 4.43500
v -8.60000 7.25000 4.58500
v -8.60000 6.95000 4.43500
v -8.60000 6.95000 4.58500
v -8.60000 7.25000 4.43500
v -8.45000 7.25000 4.43500
v -8.60000 7.25000 4.58500
v -8.45000 7.25000 4.58500
v -8.60000 6.95000 4.58500
v -8.45000 6.95000 4.58500
v -8.60000 6.95000 4.43500
v -8.45000 6.95000 4.43500
v -8.60000 7.25000 4.58500
v -8.45000 7.25000 4.58500
v -8.60000 6.95000 4.58500
v -8.45000 6.95000 4.58500
v -8.45000 7.25000 4.43500
v -8.60000 7.25000 4.43500
v -8.45000 6.95000 4.43500
v -8.60000 6.95000 4.43500
vt 0.00000 0.00000
vt 1.00000 0.00000
vt 0.00000 1.00000
vt 1.00000 1.00000
vt 0.00000 0.00000
vt 1.00000 0.00000
vt 0.00000 1.00000
vt 1.00000 1.00000
vt 0.00000 0.00000
vt 1.00000 0.00000
vt 0.00000 1.00000
vt 1.00000 1.00000
vt 0.00000 0.00000
vt 1.00000 0.00000
vt 0.00000 1.00000
vt 1.00000 1.00000
vt 0.00000 0.00000
vt 1.00000 0.00000
vt 0.00000 1.00000
vt 1.00000 1.00000
vt 0.00000 0.00000
vt 1.00000 0.00000
vt 0.00000 1.00000
vt 1.00000 1.00000
f 121/121 123/123 122/122
f 123/123 124/124 122/122
f 125/125 127/127 126/126
f 127/127 128/128 126/126
f 129/129 131/131 130/130
f 131/131 132/132 130/130
f 133/133 135/135 134/134
f 135/135 136/136 134/134
f 137/137 139/139 138/138
f 139/139 140/140 138/138
f 141/141 143/143 142/142
f 143/143 144/144 142/142
v -6.85000 7.25000 4.58500
v -6.85000 7.25000 4.43500
v -6.85000 6.95000 4.58500
v -6.85000 6.95000 4.43500
v -7.00000 7.25000 4.43500
v -7.00000 7.25000 4.58500
v -7.00000 6.95000 4.43500
v -7.00000 6.95000 4.58500
v -7.00000 7.25000 4.43500
v -6.85000 7.25000 4.43500
v -7.00000 7.25000 4.58500
v -6.85000 7.25000 4.58500
v -7.00000 6.95000 4.58500
v -6.85000 6.95000 4.58500
v -7.00000 6.95000 4.43500
v -6.85000 6.95000 4.43500
v -7.00000 7.25000 4.58500
v -6.85000 7.25000 4.58500
v -7.00000 6.95000 4.58500
v -6.85000 6.95000 4.58500
v -6.85000 7.25000 4.43500
v -7.00000 7.25000 4.43500
v -6.85000 6.95000 4.43500
v -7.00000 6.95000 4.43500
vt 0.00000 0.00000
vt 1.00000 0.00000
vt 0.00000 1.00000
vt 1.00000 1.00000
vt 0.00000 0.00000
vt 1.00000 0.00000
vt 0.00000 1.00000
vt 1.00000 1.00000
vt 0.00000 0.00000
vt 1.00000 0.00000
vt 0.00000 1.00000
vt 1.00000 1.00000
vt 0.00000 0.00000
vt 1.00000 0.00000
vt 0.00000 1.00000
vt 1.00000 1.00000
vt 0.00000 0.00000
vt 1.00000 0.00000
vt 0.00000 1.00000
vt 1.00000 1.00000
vt 0.00000 0.00000
vt 1.00000 0.00000
vt 0.00000 1.00000
vt 1.00000 1.00000
f 145/145 147/147 146/146
f 147/147 148/148 146/146
f 149/149 151/151 150/150
f 151/151 152/152 150/150
f 153/153 155/155 154/154
f 155/155 156/156 154/154
f 157/157 159/159 158/158
f 159/159 160/160 158/158
f 161/161 163/163 162/162
f 163/163 164/164 162/162
f 165/165 167/167 166/166
f 167/167 168/168 166/166
v -5.25000 7.25000 4.58500
v -5.25000 7.25000 4.43500
v -5.25000 6.95000 4.58500
v -5.25000 6.95000 4.43500
v -5.40000 7.25000 4.43500
v -5.40000 7.25000 4.58500
v -5.40000 6.95000 4.43500
v -5.40000 6.95000 4.58500
v -5.40000 7.25000 4.43500
v -5.25000 7.25000 4.43500
v -5.40000 7.25000 4.58500
v -5.25000 7.25000 4.58500
v -5.40000 6.95000 4.58500
v -5.25000 6.95000 4.58500
v -5.40000 6.95000 4.43500
v -5.25000 6.95000 4.43500
v -5.40000 7.25000 4.58500
v -5.25000 7.25000 4.58500
v -5.40000 6.95000 4.58500
v -5.25000 6.95000 4.58500
v -5.25000 7.25000 4.43500
v -5.40000 7.25000 4.43500
v -5.25000 6.95000 4.43500
v -5.40000 6.95000 4.43500
vt 0.00000 0.00000
vt 1.00000 0.00000
vt 0.00000 1.00000
vt 1.00000 1.00000
vt 0.00000 0.00000
vt 1.00000 0.00000
vt 0.00000 1.00000
vt 1.00000 1.00000
vt 0.00000 0.00000
vt 1.00000 0.00000
vt 0.00000 1.00000
vt 1.00000 1.00000
vt 0.00000 0.00000
vt 1.00000 0.00000
vt 0.00000 1.00000
vt 1.00000 1.00000
vt 0.00000 0.00000
vt 1.00000 0.00000
vt 0.00000 1.00000
vt 1.00000 1.00000
vt 0.00000 0.00000
vt 1.00000 0.00000
vt 0.00000 1.00000
vt 1.00000 1.00000
f 169/169 171/171 170/170
f 171/171 172/172 170/170
f 173/173 175/175 174/174
f 175/175 176/176 174/174
f 177/177 179/179 178/178
f 179/179 180/180 178/178
f 181/181 183/183 182/182
f 183/183 184/184 182/182
f 185/185 187/187 186/186
f 187/187 188/188 186/186
f 189/189 191/191 190/190
f 191/191 192/192 190/190
v -3.65000 7.25000 4.58500
v -3.65000 7.25000 4.43500
v -3.65000 6.95000 4.58500
v -3.65000 6.95000 4.43500
v -3.80000 7.25000 4.43500
v -3.80000 7.25000 4.58500
v -3.80000 6.95000 4.43500
v -3.80000 6.95000 4.58500
v -3.80000 7.25000 4.43500
v -3.65000 7.25000 4.43500
v -3.80000 7.25000 4.58500
v -3.65000 7.25000 4.58500
v -3.80000 6.95000 4.58500
v -3.65000 6.95000 4.58500
v -3.80000 6.95000 4.43500
v -3.65000 6.95000 4.43500
v -3.80000 7.25000 4.58500
v -3.65000 7.25000 4.58500
v -3.80000 6.95000 4.58500
v -3.65000 6.95000 4.58500
v -3.65000 7.25000 4.43500
v -3.80000 7.25000 4.43500
v -3.65000 6.95000 4.43500
v -3.80000 6.95000 4.43500
vt 0.00000 0.00000
vt 1.00000 0.00000
vt 0.00000 1.00000
vt 1.00000 1.00000
vt 0.00000 0.00000
vt 1.00000 0.00000
vt 0.00000 1.00000
vt 1.00000 1.00000
vt 0.00000 0.00000
vt 1.00000 0.00000
vt 0.00000 1.00000
vt 1.00000 1.00000
vt 0.00000 0.00000
vt 1.00000 0.00000
vt 0.00000 1.00000
vt 1.00000 1.00000
vt 0.00000 0.00000
vt 1.00000 0.00000
vt 0.00000 1.00000
vt 1.00000 1.00000
vt 0.00000 0.00000
vt 1.00000 0.00000
vt 0.00000 1.00000
vt 1.00000 1.00000
f 193/193 195/195 194/194
f 195/195 196/196 194/194
f 197/197 199/199 198/198
f 199/199 200/200 198/198
f 201/201 203/203 202/202
f 203/203 204/204 202/202
f 205/205 207/207 206/206
f 207/207 208/208 206/206
f 209/209 211/211 210/210
f 211/211 212/212 210/210
f 213/213 215/215 214/214
f 215/215 216/216 214/214
v -2.05000 7.25000 4.58500
v -2.05000 7.25000 4.43500
v -2.05000 6.95000 4.58500
v -2.05000 6.95000 4.43500
v -2.20000 7.25000 4.43500
v -2.20000 7.25000 4.58500
v -2.20000 6.95000 4.43500
v -2.20000 6.95000 4.58500
v -2.20000 7.25000 4.43500
v -2.05000 7.25000 4.43500
v -2.20000 7.25000 4.58500
v -2.05000 7.25000 4.58500
v -2.20000 6.95000 4.58500
v -2.05000 6.95000 4.58500
v -2.20000 6.95000 4.43500
v -2.05000 6.95000 4.43500
v -2.20000 7.25000 4.58500
v -2.05000 7.25000 4.58500
v -2.20000 6.95000 4.58500
v -2.05000 6.95000 4.58500
v -2.05000 7.25000 4.43500
v -2.20000 7.25000 4.43500
v -2.05000 6.95000 4.43500
v -2.20000 6.95000 4.43500
vt 0.00000 0.00000
vt 1.00000 0.00000
vt 0.00000 1.00000
vt 1.00000 1.00000
vt 0.00000 0.00000
vt 1.00000 0.00000
vt 0.00000 1.00000
vt 1.00000 1.00000
vt 0.00000 0.00000
vt 1.00000 0.00000
vt 0.00000 1.00000
vt 1.00000 1.00000
vt 0.00000 0.00000
vt 1.00000 0.00000
vt 0.00000 1.00000
vt 1.00000 1.00000
vt 0.00000 0.00000
vt 1.00000 0.00000
vt 0.00000 1.00000
vt 1.00000 1.00000
vt 0.00000 0.00000
vt 1.00000 0.00000
vt 0.00000 1.00000
vt 1.00000 1.00000
f 217/217 219/219 218/218
f 219/219 220/220 218/218
f 221/221 223/223 222/222
f 223/223 224/224 222/222
f 225/225 227/227 226/226
f 227/227 228/228 226/226
f 229/229 231/231 230/230
f 231/231 232/232 230/230
f 233/233 235/235 234/234
f 235/235 236/236 234/234
f 237/237 239/239 238/238
f 239/239 240/240 238/238
v -0.45000 7.25000 4.58500
v -0.45000 7.25000 4.43500
v -0.45000 6.95000 4.58500
v -0.45000 6.95000 4.43500
v -0.60000 7.25000 4.43500
v -0.60000 7.25000 4.58500
v -0.60000 6.95000 4.43500
v -0.60000 6.95000 4.58500
v -0.60000 7.25000 4.43500
v -0.45000 7.25000 4.43500
v -0.60000 7.25000 4.58500
v -0.45000 7.25000 4.58500
v -0.60000 6.95000 4.58500
v -0.45000 6.95000 4.58500
v -0.60000 6.95000 4.43500
v -0.45000 6.95000 4.43500
v -0.60000 7.25000 4.58500
v -0.45000 7.25000 4.58500
v -0.60000 6.95000 4.58500
v -0.45000 6.95000 4.58500
v -0.45000 7.25000 4.43500
v -0.60000 7.25000 4.43500
v -0.45000 6.95000 4.43500
v -0.60000 6.95000 4.43500
vt 0.00000 0.00000
vt 1.00000 0.00000
vt 0.00000 1.00000
vt 1.00000 1.00000
vt 0.00000 0.00000
vt 1.00000 0.00000
vt 0.00000 1.00000
vt 1.00000 1.00000
vt 0.00000 0.00000
vt 1.00000 0.00000
vt 0.00000 1.00000
vt 1.00000 1.00000
vt 0.00000 0.00000
vt 1.00000 0.00000
vt 0.00000 1.00000
vt 1.00000 1.00000
vt 0.00000 0.00000
vt 1.00000 0.00000
vt 0.00000 1.00000
vt 1.00000 1.00000
vt 0.00000 0.00000
vt 1.00000 0.00000
vt 0.00000 1.00000
vt 1.00000 1.00000
f 241/241 243/243 242/242
f 243/243 244/244 242/242
f 245/245 247/247 246/246
f 247/247 248/248 246/246
f 249/249 251/251 250/250
f 251/251 252/252 250/250
f 253/253 255/255 254/254
f 255/255 256/256 254/254
f 257/257 259/259 258/258
f 259/259 260/260 258/258
f 261/261 263/263 262/262
f 263/263 264/264 262/262
v 1.15000 7.25000 4.58500
v 1.15000 7.25000 4.43500
v 1.15000 6.95000 4.58500
v 1.15000 6.95000 4.43500
v 1.00000 7.25000 4.43500
v 1.00000 7.25000 4.58500
v 1.00000 6.95000 4.43500
v 1.00000 6.95000 4.58500
v 1.00000 7.25000 4.43500
v 1.15000 7.25000 4.43500
v 1.00000 7.25000 4.58500
v 1.15000 7.25000 4.58500
v 1.00000 6.95000 4.58500
v 1.15000 6.95000 4.58500
v 1.00000 6.95000 4.43500
v 1.15000 6.95000 4.43500
v 1.00000 7.25000 4.58500
v 1.15000 7.25000 4.58500
v 1.00000 6.95000 4.58500
v 1.15000 6.95000 4.58500
v 1.15000 7.25000 4.43500
v 1.00000 7.25000 4.43500
v 1.15000 6.95000 4.43500
v 1.00000 6.95000 4.43500
vt 0.00000 0.00000
vt 1.00000 0.00000
vt 0.00000 1.00000
vt 1.00000 1.00000
vt 0.00000 0.00000
vt 1.00000 0.00000
vt 0.00000 1.00000
vt 1.00000 1.00000
vt 0.00000 0.00000
vt 1.00000 0.00000
vt 0.00000 1.00000
vt 1.00000 1.00000
vt 0.00000 0.00000
vt 1.00000 0.00000
vt 0.00000 1.00000
vt 1.00000 1.00000
vt 0.00000 0.00000
vt 1.00000 0.00000
vt 0.00000 1.00000
vt 1.00000 1.00000
vt 0.00000 0.00000
vt 1.00000 0.00000
vt 0.00000 1.00000
vt 1.00000 1.00000
f 265/265 267/267 266/266
f 267/267 268/268 266/266
f 269/269 271/271 270/270
f 271/271 272/272 270/270
f 273/273 275/275 274/274
f 275/275 276/276 274/274
f 277/277 279/279 278/278
f 279/279 280/280 278/278
f 281/281 283/283 282/282
f 283/283 284/284 282/282
f 285/285 287/287 286/286
f 287/287 288/288 286/286
v 2.75000 7.25000 4.58500
v 2.75000 7.25000 4.43500
v 2.75000 6.95000 4.58500
v 2.75000 6.95000 4.43500
v 2.60000 7.25000 4.43500
v 2.60000 7.25000 4.58500
v 2.60000 6.95000 4.43500
v 2.60000 6.95000 4.58500
v 2.60000 7.25000 4.43500
v 2.75000 7.25000 4.43500
v 2.60000 7.25000 4.58500
v 2.75000 7.25000 4.58500
v 2.60000 6.95000 4.58500
v 2.75000 6.95000 4.58500
v 2.60000 6.95000 4.43500
v 2.75000 6.95000 4.43500
v 2.60000 7.25000 4.58500
v 2.75000 7.25000 4.58500
v 2.60000 6.95000 4.58500
v 2.75000 6.95000 4.58500
v 2.75000 7.25000 4.43500
v 2.60000 7.25000 4.43500
v 2.75000 6.95000 4.43500
v 2.60000 6.95000 4.43500
vt 0.00000 0.00000
vt 1.00000 0.00000
vt 0.00000 1.00000
vt 1.00000 1.00000
vt 0.00000 0.00000
vt 1.00000 0.00000
vt 0.00000 1.00000
vt 1.00000 1.00000
vt 0.00000 0.00000
vt 1.00000 0.00000
vt 0.00000 1.00000
vt 1.00000 1.00000
vt 0.00000 0.00000
vt 1.00000 0.00000
vt 0.00000 1.00000
vt 1.00000 1.00000
vt 0.00000 0.00000
vt 1.00000 0.00000
vt 0.00000 1.00000
vt 1.00000 1.00000
vt 0.00000 0.00000
vt 1.00000 0.00000
vt 0.00000 1.00000
vt 1.00000 1.00000
f 289/289 291/291 290/290
f 291/291 292/292 290/290
f 293/293 295/295 294/294
f 295/295 296/296 294/294
f 297/297 299/299 298/298
f 299/299 300/300 298/298
f 301/301 303/303 302/302
f 303/303 304/304 302/302
f 305/305 307/307 306/306
f 307/307 308/308 306/306
f 309/309 311/311 310/310
f 311/311 312/312 310/310
v 4.35000 7.25000 4.58500
v 4.35000 7.25000 4.43500
v 4.35000 6.95000 4.58500
v 4.35000 6.95000 4.43500
v 4.20000 7.25000 4.43500
v 4.20000 7.25000 4.58500
v 4.20000 6.95000 4.43500
v 4.20000 6.95000 4.58500
v 4.20000 7.25000 4.43500
v 4.35000 7.25000 4.43500
v 4.20000 7.25000 4.58500
v 4.35000 7.25000 4.58500
v 4.20000 6.95000 4.58500
v 4.35000 6.95000 4.58500
v 4.20000 6.95000 4.43500
v 4.35000 6.95000 4.43500
v 4.20000 7.25000 4.58500
v 4.35000 7.25000 4.58500
v 4.20000 6.95000 4.58500
v 4.35000 6.95000 4.58500
v 4.35000 7.25000 4.43500
v 4.20000 7.25000 4.43500
v 4.35000 6.95000 4.43500
v 4.20000 6.95000 4.43500
vt 0.00000 0.00000
vt 1.00000 0.00000
vt 0.00000 1.00000
vt 1.00000 1.00000
vt 0.00000 0.00000
vt 1.00000 0.00000
vt 0.00000 1.00000
vt 1.00000 1.00000
vt 0.00000 0.00000
vt 1.00000 0.00000
vt 0.00000 1.00000
vt 1.00000 1.00000
vt 0.00000 0.00000
vt 1.00000 0.00000
vt 0.00000 1.00000
vt 1.00000 1.00000
vt 0.00000 0.00000
vt 1.00000 0.00000
vt 0.00000 1.00000
vt 1.00000 1.00000
vt 0.00000 0.00000
vt 1.00000 0.00000
vt 0.00000 1.00000
vt 1.00000 1.00000
f 313/313 315/315 314/314
f 315/315 316/316 314/314
f 317/317 319/319 318/318
f 319/319 320/320 318/318
f 321/321 323/323 322/322
f 323/323 324/324 322/322
f 325/325 327/327 326/326
f 327/327 328/328 326/326
f 329/329 331/331 330/330
f 331/331 332/332 330/330
f 333/333 335/335 334/334
f 335/335 336/336 334/334
v -0.60000 7.36000 5.73500
v -0.60000 7.36000 4.08500
v -0.60000 7.08000 5.73500
v -0.60000 7.08000 4.08500
v -5.25000 7.36000 4.08500
v -5.25000 7.36000 5.73500
v -5.25000 7.08000 4.08500
v -5.25000 7.08000 5.73500
v -5.25000 7.36000 4.08500
v -0.60000 7.36000 4.08500
v -5.25000 7.36000 5.73500
v -0.60000 7.36000 5.73500
v -5.25000 7.08000 5.73500
v -0.60000 7.08000 5.73500
v -5.25000 7.08000 4.08500
v -0.60000 7.08000 4.08500
v -5.25000 7.36000 5.73500
v -0.60000 7.36000 5.73500
v -5.25000 7.08000 5.73500
v -0.60000 7.08000 5.73500
v -0.60000 7.36000 4.08500
v -5.25000 7.36000 4.08500
v -0.60000 7.08000 4.08500
v -5.25000 7.08000 4.08500
vt 0.00000 0.00000
vt 1.00000 0.00000
vt 0.00000 1.00000
vt 1.00000 1.00000
vt 0.00000 0.00000
vt 1.00000 0.00000
vt 0.00000 1.00000
vt 1.00000 1.00000
vt 0.00000 0.00000
vt 1.00000 0.00000
vt 0.00000 1.00000
vt 1.00000 1.00000
vt 0.00000 0.00000
vt 1.00000 0.00000
vt 0.00000 1.00000
vt 1.00000 1.00000
vt 0.00000 0.00000
vt 1.00000 0.00000
vt 0.00000 1.00000
vt 1.00000 1.00000
vt 0.00000 0.00000
vt 1.00000 0.00000
vt 0.00000 1.00000
vt 1.00000 1.00000
f 337/337 339/339 338/338
f 339/339 340/340 338/338
f 341/341 343/343 342/342
f 343/343 344/344 342/342
f 345/345 347/347 346/346
f 347/347 348/348 346/346
f 349/349 351/351 350/350
f 351/351 352/352 350/350
f 353/353 355/355 354/354
f 355/355 356/356 354/354
f 357/357 359/359 358/358
f 359/359 360/360 358/358
v -5.32500 7.36000 5.33500
v -2.92500 8.96000 5.33500
v -0.52500 7.36000 5.33500
v -0.52500 7.36000 5.58500
v -2.92500 8.96000 5.58500
v -5.32500 7.36000 5.58500
v -5.32500 7.36000 5.33500
v -0.52500 7.36000 5.33500
v -5.32500 7.36000 5.58500
v -0.52500 7.36000 5.33500
v -0.52500 7.36000 5.58500
v -5.32500 7.36000 5.58500
v -0.52500 7.36000 5.33500
v -2.92500 8.96000 5.33500
v -0.52500 7.36000 5.58500
v -2.92500 8.96000 5.33500
v -2.92500 8.96000 5.58500
v -0.52500 7.36000 5.58500
v -2.92500 8.96000 5.33500
v -5.32500 7.36000 5.33500
v -2.92500 8.96000 5.58500
v -5.32500 7.36000 5.33500
v -5.32500 7.36000 5.58500
v -2.92500 8.96000 5.58500
vt -2.40000 1.00000
vt 0.00000 -0.60000
vt 2.40000 1.00000
vt 2.40000 1.00000
vt 0.00000 -0.60000
vt -2.40000 1.00000
vt -2.40000 0.00000
vt 2.40000 0.00000
vt -2.40000 0.25000
vt 2.40000 0.00000
vt 2.40000 0.25000
vt -2.40000 0.25000
vt 2.40000 0.00000
vt 0.00000 0.00000
vt 2.40000 0.25000
vt 0.00000 0.00000
vt 0.00000 0.25000
vt 2.40000 0.25000
vt 0.00000 0.00000
vt -2.40000 0.00000
vt 0.00000 0.25000
vt -2.40000 0.00000
vt -2.40000 0.25000
vt 0.00000 0.25000
f 361/361 362/362 363/363
f 364/364 365/365 366/366
f 367/367 368/368 369/369
f 370/370 371/371 372/372
f 373/373 374/374 375/375
f 376/376 377/377 378/378
f 379/379 380/380 381/381
f 382/382 383/383 384/384
v -0.31635 12.75000 0.15900
v -0.31635 12.75000 0.10900
v -0.31635 12.25000 0.15900
v -0.31635 12.25000 0.10900
v -5.53365 12.75000 0.10900
v -5.53365 12.75000 0.15900
v -5.53365 12.25000 0.10900
v -5.53365 12.25000 0.15900
v -5.53365 12.75000 0.10900
v -0.31635 12.75000 0.10900
v -5.53365 12.75000 0.15900
v -0.31635 12.75000 0.15900
v -5.53365 12.25000 0.15900
v -0.31635 12.25000 0.15900
v -5.53365 12.25000 0.10900
v -0.31635 12.25000 0.10900
v -5.53365 12.75000 0.15900
v -0.31635 12.75000 0.15900
v -5.53365 12.25000 0.15900
v -0.31635 12.25000 0.15900
v -0.31635 12.75000 0.10900
v -5.53365 12.75000 0.10900
v -0.31635 12.25000 0.10900
v -5.53365 12.25000 0.10900
vt 0.00000 0.00000
vt 1.00000 0.00000
vt 0.00000 1.00000
vt 1.00000 1.00000
vt 0.00000 0.00000
vt 1.00000 0.00000
vt 0.00000 1.00000
vt 1.00000 1.00000
vt 0.00000 0.00000
vt 1.00000 0.00000
vt 0.00000 1.00000
vt 1.00000 1.00000
vt 0.00000 0.00000
vt 1.00000 0.00000
vt 0.00000 1.00000
vt 1.00000 1.00000
vt 0.00000 0.00000
vt 1.00000 0.00000
vt 0.00000 1.00000
vt 1.00000 1.00000
vt 0.00000 0.00000
vt 1.00000 0.00000
vt 0.00000 1.00000
vt 1.00000 1.00000
f 385/385 387/387 386/386
f 387/387 388/388 386/386
f 389/389 391/391 390/390
f 391/391 392/392 390/390
f 393/393 395/395 394/394
f 395/395 396/396 394/394
f 397/397 399/399 398/398
f 399/399 400/400 398/398
f 401/401 403/403 402/402
f 403/403 404/404 402/402
f 405/405 407/407 406/406
f 407/407 408/408 406/406
v -0.31635 12.75000 -1.68900
v -0.31635 12.75000 -1.73900
v -0.31635 12.25000 -1.68900
v -0.31635 12.25000 -1.73900
v -5.53365 12.75000 -1.73900
v -5.53365 12.75000 -1.68900
v -5.53365 12.25000 -1.73900
v -5.53365 12.25000 -1.68900
v -5.53365 12.75000 -1.73900
v -0.31635 12.75000 -1.73900
v -5.53365 12.75000 -1.68900
v -0.31635 12.75000 -1.68900
v -5.53365 12.25000 -1.68900
v -0.31635 12.25000 -1.68900
v -5.53365 12.25000 -1.73900
v -0.31635 12.25000 -1.73900
v -5.53365 12.75000 -1.68900
v -0.31635 12.75000 -1.68900
v -5.53365 12.25000 -1.68900
v -0.31635 12.25000 -1.68900
v -0.31635 12.75000 -1.73900
v -5.53365 12.75000 -1.73900
v -0.31635 12.25000 -1.73900
v -5.53365 12.25000 -1.73900
vt 0.00000 0.00000
vt 1.00000 0.00000
vt 0.00000 1.00000
vt 1.00000 1.00000
vt 0.00000 0.00000
vt 1.00000 0.00000
vt 0.00000 1.00000
vt 1.00000 1.00000
vt 0.00000 0.00000
vt 1.00000 0.00000
vt 0.00000 1.00000
vt 1.00000 1.00000
vt 0.00000 0.00000
vt 1.00000 0.00000
vt 0.00000 1.00000
vt 1.00000 1.00000
vt 0.00000 0.00000
vt 1.00000 0.00000
vt 0.00000 1.00000
vt 1.00000 1.00000
vt 0.00000 0.00000
vt 1.00000 0.00000
vt 0.00000 1.00000
vt 1.00000 1.00000
f 409/409 411/411 410/410
f 411/411 412/412 410/410
f 413/413 415/415 414/414
f 415/415 416/416 414/414
f 417/417 419/419 418/418
f 419/419 420/420 418/418
f 421/421 423/423 422/422
f 423/423 424/424 422/422
f 425/425 427/427 426/426
f 427/427 428/428 426/426
f 429/429 431/431 430/430
f 431/431 432/432 430/430
v -4.87500 13.87000 0.06000
v -4.87500 13.87000 -0.84000
v -4.87500 13.75000 0.06000
v -4.87500 13.75000 -0.84000
v -5.77500 13.87000 -0.84000
v -5.77500 13.87000 0.06000
v -5.77500 13.75000 -0.84000
v -5.77500 13.75000 0.06000
v -5.77500 13.87000 -0.84000
v -4.87500 13.87000 -0.84000
v -5.77500 13.87000 0.06000
v -4.87500 13.87000 0.06000
v -5.77500 13.75000 0.06000
v -4.87500 13.75000 0.06000
v -5.77500 13.75000 -0.84000
v -4.87500 13.75000 -0.84000
v -5.77500 13.87000 0.06000
v -4.87500 13.87000 0.06000
v -5.77500 13.75000 0.06000
v -4.87500 13.75000 0.06000
v -4.87500 13.87000 -0.84000
v -5.77500 13.87000 -0.84000
v -4.87500 13.75000 -0.84000
v -5.77500 13.75000 -0.84000
vt 0.00000 0.00000
vt 1.00000 0.00000
vt 0.00000 1.00000
vt 1.00000 1.00000
vt 0.00000 0.00000
vt 1.00000 0.00000
vt 0.00000 1.00000
vt 1.00000 1.00000
vt 0.00000 0.00000
vt 1.00000 0.00000
vt 0.00000 1.00000
vt 1.00000 1.00000
vt 0.00000 0.00000
vt 1.00000 0.00000
vt 0.00000 1.00000
vt 1.00000 1.00000
vt 0.00000 0.00000
vt 1.00000 0.00000
vt 0.00000 1.00000
vt 1.00000 1.00000
vt 0.00000 0.00000
vt 1.00000 0.00000
vt 0.00000 1.00000
vt 1.00000 1.00000
f 433/433 435/435 434/434
f 435/435 436/436 434/434
f 437/437 439/439 438/438
f 439/439 440/440 438/438
f 441/441 443/443 442/442
f 443/443 444/444 442/442
f 445/445 447/447 446/446
f 447/447 448/448 446/446
f 449/449 451/451 450/450
f 451/451 452/452 450/450
f 453/453 455/455 454/454
f 455/455 456/456 454/454
v 1.12500 13.57000 -1.64000
v 1.12500 13.57000 -2.54000
v 1.12500 13.45000 -1.64000
v 1.12500 13.45000 -2.54000
v 0.22500 13.57000 -2.54000
v 0.22500 13.57000 -1.64000
v 0.22500 13.45000 -2.54000
v 0.22500 13.45000 -1.64000
v 0.22500 13.57000 -2.54000
v 1.12500 13.57000 -2.54000
v 0.22500 13.57000 -1.64000
v 1.12500 13.57000 -1.64000
v 0.22500 13.45000 -1.64000
v 1.12500 13.45000 -1.64000
v 0.22500 13.45000 -2.54000
v 1.12500 13.45000 -2.54000
v 0.22500 13.57000 -1.64000
v 1.12500 13.57000 -1.64000
v 0.22500 13.45000 -1.64000
v 1.12500 13.45000 -1.64000
v 1.12500 13.57000 -2.54000
v 0.22500 13.57000 -2.54000
v 1.12500 13.45000 -2.54000
v 0.22500 13.45000 -2.54000
vt 0.00000 0.00000
vt 1.00000 0.00000
vt 0.00000 1.00000
vt 1.00000 1.00000
vt 0.00000 0.00000
vt 1.00000 0.00000
vt 0.00000 1.00000
vt 1.00000 1.00000
vt 0.00000 0.00000
vt 1.00000 0.00000
vt 0.00000 1.00000
vt 1.00000 1.00000
vt 0.00000 0.00000
vt 1.00000 0.00000
vt 0.00000 1.00000
vt 1.00000 1.00000
vt 0.00000 0.00000
vt 1.00000 0.00000
vt 0.00000 1.00000
vt 1.00000 1.00000
vt 0.00000 0.00000
vt 1.00000 0.00000
vt 0.00000 1.00000
vt 1.00000 1.00000
f 457/457 459/459 458/458
f 459/459 460/460 458/458
f 461/461 463/463 462/462
f 463/463 464/464 462/462
f 465/465 467/467 466/466
f 467/467 468/468 466/466
f 469/469 471/471 470/470
f 471/471 472/472 470/470
f 473/473 475/475 474/474
f 475/475 476/476 474/474
f 477/477 479/479 478/478
f 479/479 480/480 478/478
v -5.75000 9.68900 4.12480
v -5.75000 9.68900 3.57480
v -5.75000 8.33900 4.12480
v -5.75000 8.33900 3.57480
v -6.90000 9.68900 3.57480
v -6.90000 9.68900 4.12480
v -6.90000 8.33900 3.57480
v -6.90000 8.33900 4.12480
v -6.90000 9.68900 3.57480
v -5.75000 9.68900 3.57480
v -6.90000 9.68900 4.12480
v -5.75000 9.68900 4.12480
v -6.90000 8.33900 4.12480
v -5.75000 8.33900 4.12480
v -6.90000 8.33900 3.57480
v -5.75000 8.33900 3.57480
v -6.90000 9.68900 4.12480
v -5.75000 9.68900 4.12480
v -6.90000 8.33900 4.12480
v -5.75000 8.33900 4.12480
v -5.75000 9.68900 3.57480
v -6.90000 9.68900 3.57480
v -5.75000 8.33900 3.57480
v -6.90000 8.33900 3.57480
vt 0.00000 0.00000
vt 1.00000 0.00000
vt 0.00000 1.00000
vt 1.00000 1.00000
vt 0.00000 0.00000
vt 1.00000 0.00000
vt 0.00000 1.00000
vt 1.00000 1.00000
vt 0.00000 0.00000
vt 1.00000 0.00000
vt 0.00000 1.00000
vt 1.00000 1.00000
vt 0.00000 0.00000
vt 1.00000 0.00000
vt 0.00000 1.00000
vt 1.00000 1.00000
vt 0.00000 0.00000
vt 1.00000 0.00000
vt 0.00000 1.00000
vt 1.00000 1.00000
vt 0.00000 0.00000
vt 1.00000 0.00000
vt 0.00000 1.00000
vt 1.00000 1.00000
f 481/481 483/483 482/482
f 483/483 484/484 482/482
f 485/485 487/487 486/486
f 487/487 488/488 486/486
f 489/489 491/491 490/490
f 491/491 492/492 490/490
f 493/493 495/495 494/494
f 495/495 496/496 494/494
f 497/497 499/499 498/498
f 499/499 500/500 498/498
f 501/501 503/503 502/502
f 503/503 504/504 502/502
v -6.05000 9.33900 4.19480
v -6.05000 9.33900 4.09480
v -6.05000 8.58900 4.19480
v -6.05000 8.58900 4.09480
v -6.60000 9.33900 4.09480
v -6.60000 9.33900 4.19480
v -6.60000 8.58900 4.09480
v -6.60000 8.58900 4.19480
v -6.60000 9.33900 4.09480
v -6.05000 9.33900 4.09480
v -6.60000 9.33900 4.19480
v -6.05000 9.33900 4.19480
v -6.60000 8.58900 4.19480
v -6.05000 8.58900 4.19480
v -6.60000 8.58900 4.09480
v -6.05000 8.58900 4.09480
v -6.60000 9.33900 4.19480
v -6.05000 9.33900 4.19480
v -6.60000 8.58900 4.19480
v -6.05000 8.58900 4.19480
v -6.05000 9.33900 4.09480
v -6.60000 9.33900 4.09480
v -6.05000 8.58900 4.09480
v -6.60000 8.58900 4.09480
vt 0.00000 0.00000
vt 1.00000 0.00000
vt 0.00000 1.00000
vt 1.00000 1.00000
vt 0.00000 0.00000
vt 1.00000 0.00000
vt 0.00000 1.00000
vt 1.00000 1.00000
vt 0.00000 0.00000
vt 1.00000 0.00000
vt 0.00000 1.00000
vt 1.00000 1.00000
vt 0.00000 0.00000
vt 1.00000 0.00000
vt 0.00000 1.00000
vt 1.00000 1.00000
vt 0.00000 0.00000
vt 1.00000 0.00000
vt 0.00000 1.00000
vt 1.00000 1.00000
vt 0.00000 0.00000
vt 1.00000 0.00000
vt 0.00000 1.00000
vt 1.00000 1.00000
f 505/505 507/507 506/506
f 507/507 508/508 506/506
f 509/509 511/511 510/510
f 511/511 512/512 510/510
f 513/513 515/515 514/514
f 515/515 516/516 514/514
f 517/517 519/519 518/518
f 519/519 520/520 518/518
f 521/521 523/523 522/522
f 523/523 524/524 522/522
f 525/525 527/527 526/526
f 527/527 528/528 526/526
v -6.30750 9.28650 4.23480
v -6.30750 9.28650 4.20480
v -6.30750 8.64150 4.23480
v -6.30750 8.64150 4.20480
v -6.34250 9.28650 4.20480
v -6.34250 9.28650 4.23480
v -6.34250 8.64150 4.20480
v -6.34250 8.64150 4.23480
v -6.34250 9.28650 4.20480
v -6.30750 9.28650 4.20480
v -6.34250 9.28650 4.23480
v -6.30750 9.28650 4.23480
v -6.34250 8.64150 4.23480
v -6.30750 8.64150 4.23480
v -6.34250 8.64150 4.20480
v -6.30750 8.64150 4.20480
v -6.34250 9.28650 4.23480
v -6.30750 9.28650 4.23480
v -6.34250 8.64150 4.23480
v -6.30750 8.64150 4.23480
v -6.30750 9.28650 4.20480
v -6.34250 9.28650 4.20480
v -6.30750 8.64150 4.20480
v -6.34250 8.64150 4.20480
vt 0.00000 0.00000
vt 1.00000 0.00000
vt 0.00000 1.00000
vt 1.00000 1.00000
vt 0.00000 0.00000
vt 1.00000 0.00000
vt 0.00000 1.00000
vt 1.00000 1.00000
vt 0.00000 0.00000
vt 1.00000 0.00000
vt 0.00000 1.00000
vt 1.00000 1.00000
vt 0.00000 0.00000
vt 1.00000 0.00000
vt 0.00000 1.00000
vt 1.00000 1.00000
vt 0.00000 0.00000
vt 1.00000 0.00000
vt 0.00000 1.00000
vt 1.00000 1.00000
vt 0.00000 0.00000
vt 1.00000 0.00000
vt 0.00000 1.00000
vt 1.00000 1.00000
f 529/529 531/531 530/530
f 531/531 532/532 530/530
f 533/533 535/535 534/534
f 535/535 536/536 534/534
f 537/537 539/539 538/538
f 539/539 540/540 538/538
f 541/541 543/543 542/542
f 543/543 544/544 542/542
f 545/545 547/547 546/546
f 547/547 548/548 546/546
f 549/549 551/551 550/550
f 551/551 552/552 550/550
v -6.11050 8.98150 4.23480
v -6.11050 8.98150 4.20480
v -6.11050 8.94650 4.23480
v -6.11050 8.94650 4.20480
v -6.53950 8.98150 4.20480
v -6.53950 8.98150 4.23480
v -6.53950 8.94650 4.20480
v -6.53950 8.94650 4.23480
v -6.53950 8.98150 4.20480
v -6.11050 8.98150 4.20480
v -6.53950 8.98150 4.23480
v -6.11050 8.98150 4.23480
v -6.53950 8.94650 4.23480
v -6.11050 8.94650 4.23480
v -6.53950 8.94650 4.20480
v -6.11050 8.94650 4.20480
v -6.53950 8.98150 4.23480
v -6.11050 8.98150 4.23480
v -6.53950 8.94650 4.23480
v -6.11050 8.94650 4.23480
v -6.11050 8.98150 4.20480
v -6.53950 8.98150 4.20480
v -6.11050 8.94650 4.20480
v -6.53950 8.94650 4.20480
vt 0.00000 0.00000
vt 1.00000 0.00000
vt 0.00000 1.00000
vt 1.00000 1.00000
vt 0.00000 0.00000
vt 1.00000 0.00000
vt 0.00000 1.00000
vt 1.00000 1.00000
vt 0.00000 0.00000
vt 1.00000 0.00000
vt 0.00000 1.00000
vt 1.00000 1.00000
vt 0.00000 0.00000
vt 1.00000 0.00000
vt 0.00000 1.00000
vt 1.00000 1.00000
vt 0.00000 0.00000
vt 1.00000 0.00000
vt 0.00000 1.00000
vt 1.00000 1.00000
vt 0.00000 0.00000
vt 1.00000 0.00000
vt 0.00000 1.00000
vt 1.00000 1.00000
f 553/553 555/555 554/554
f 555/555 556/556 554/554
f 557/557 559/559 558/558
f 559/559 560/560 558/558
f 561/561 563/563 562/562
f 563/563 564/564 562/562
f 565/565 567/567 566/566
f 567/567 568/568 566/566
f 569/569 571/571 570/570
f 571/571 572/572 570/570
f 573/573 575/575 574/574
f 575/575 576/576 574/574
v -5.97500 8.58900 4.33480
v -5.97500 8.58900 4.15480
v -5.97500 8.52900 4.33480
v -5.97500 8.52900 4.15480
v -6.67500 8.58900 4.15480
v -6.67500 8.58900 4.33480
v -6.67500 8.52900 4.15480
v -6.67500 8.52900 4.33480
v -6.67500 8.58900 4.15480
v -5.97500 8.58900 4.15480
v -6.67500 8.58900 4.33480
v -5.97500 8.58900 4.33480
v -6.67500 8.52900 4.33480
v -5.97500 8.52900 4.33480
v -6.67500 8.52900 4.15480
v -5.97500 8.52900 4.15480
v -6.67500 8.58900 4.33480
v -5.97500 8.58900 4.33480
v -6.67500 8.52900 4.33480
v -5.97500 8.52900 4.33480
v -5.97500 8.58900 4.15480
v -6.67500 8.58900 4.15480
v -5.97500 8.52900 4.15480
v -6.67500 8.52900 4.15480
vt 0.00000 0.00000
vt 1.00000 0.00000
vt 0.00000 1.00000
vt 1.00000 1.00000
vt 0.00000 0.00000
vt 1.00000 0.00000
vt 0.00000 1.00000
vt 1.00000 1.00000
vt 0.00000 0.00000
vt 1.00000 0.00000
vt 0.00000 1.00000
vt 1.00000 1.00000
vt 0.00000 0.00000
vt 1.00000 0.00000
vt 0.00000 1.00000
vt 1.00000 1.00000
vt 0.00000 0.00000
vt 1.00000 0.00000
vt 0.00000 1.00000
vt 1.00000 1.00000
vt 0.00000 0.00000
vt 1.00000 0.00000
vt 0.00000 1.00000
vt 1.00000 1.00000
f 577/577 579/579 578/578
f 579/579 580/580 578/578
f 581/581 583/583 582/582
f 583/583 584/584 582/582
f 585/585 587/587 586/586
f 587/587 588/588 586/586
f 589/589 591/591 590/590
f 591/591 592/592 590/590
f 593/593 595/595 594/594
f 595/595 596/596 594/594
f 597/597 599/599 598/598
f 599/599 600/600 598/598
v 1.05000 9.68900 4.12480
v 1.05000 9.68900 3.57480
v 1.05000 8.33900 4.12480
v 1.05000 8.33900 3.57480
v -0.10000 9.68900 3.57480
v -0.10000 9.68900 4.12480
v -0.10000 8.33900 3.57480
v -0.10000 8.33900 4.12480
v -0.10000 9.68900 3.57480
v 1.05000 9.68900 3.57480
v -0.10000 9.68900 4.12480
v 1.05000 9.68900 4.12480
v -0.10000 8.33900 4.12480
v 1.05000 8.33900 4.12480
v -0.10000 8.33900 3.57480
v 1.05000 8.33900 3.57480
v -0.10000 9.68900 4.12480
v 1.05000 9.68900 4.12480
v -0.10000 8.33900 4.12480
v 1.05000 8.33900 4.12480
v 1.05000 9.68900 3.57480
v -0.10000 9.68900 3.57480
v 1.05000 8.33900 3.57480
v -0.10000 8.33900 3.57480
vt 0.00000 0.00000
vt 1.00000 0.00000
vt 0.00000 1.00000
vt 1.00000 1.00000
vt 0.00000 0.00000
vt 1.00000 0.00000
vt 0.00000 1.00000
vt 1.00000 1.00000
vt 0.00000 0.00000
vt 1.00000 0.00000
vt 0.00000 1.00000
vt 1.00000 1.00000
vt 0.00000 0.00000
vt 1.00000 0.00000
vt 0.00000 1.00000
vt 1.00000 1.00000
vt 0.00000 0.00000
vt 1.00000 0.00000
vt 0.00000 1.00000
vt 1.00000 1.00000
vt 0.00000 0.00000
vt 1.00000 0.00000
vt 0.00000 1.00000
vt 1.00000 1.00000
f 601/601 603/603 602/602
f 603/603 604/604 602/602
f 605/605 607/607 606/606
f 607/607 608/608 606/606
f 609/609 611/611 610/610
f 611/611 612/612 610/610
f 613/613 615/615 614/614
f 615/615 616/616 614/614
f 617/617 619/619 618/618
f 619/619 620/620 618/618
f 621/621 623/623 622/622
f 623/623 624/624 622/622
v 0.75000 9.33900 4.19480
v 0.75000 9.33900 4.09480
v 0.75000 8.58900 4.19480
v 0.75000 8.58900 4.09480
v 0.20000 9.33900 4.09480
v 0.20000 9.33900 4.19480
v 0.20000 8.58900 4.09480
v 0.20000 8.58900 4.19480
v 0.20000 9.33900 4.09480
v 0.75000 9.33900 4.09480
v 0.20000 9.33900 4.19480
v 0.75000 9.33900 4.19480
v 0.20000 8.58900 4.19480
v 0.75000 8.58900 4.19480
v 0.20000 8.58900 4.09480
v 0.75000 8.58900 4.09480
v 0.20000 9.33900 4.19480
v 0.75000 9.33900 4.19480
v 0.20000 8.58900 4.19480
v 0.75000 8.58900 4.19480
v 0.75000 9.33900 4.09480
v 0.20000 9.33900 4.09480
v 0.75000 8.58900 4.09480
v 0.20000 8.58900 4.09480
vt 0.00000 0.00000
vt 1.00000 0.00000
vt 0.00000 1.00000
vt 1.00000 1.00000
vt 0.00000 0.00000
vt 1.00000 0.00000
vt 0.00000 1.00000
vt 1.00000 1.00000
vt 0.00000 0.00000
vt 1.00000 0.00000
vt 0.00000 1.00000
vt 1.00000 1.00000
vt 0.00000 0.00000
vt 1.00000 0.00000
vt 0.00000 1.00000
vt 1.00000 1.00000
vt 0.00000 0.00000
vt 1.00000 0.00000
vt 0.00000 1.00000
vt 1.00000 1.00000
vt 0.00000 0.00000
vt 1.00000 0.00000
vt 0.00000 1.00000
vt 1.00000 1.00000
f 625/625 627/627 626/626
f 627/627 628/628 626/626
f 629/629 631/631 630/630
f 631/631 632/632 630/630
f 633/633 635/635 634/634
f 635/635 636/636 634/634
f 637/637 639/639 638/638
f 639/639 640/640 638/638
f 641/641 643/643 642/642
f 643/643 644/644 642/642
f 645/645 647/647 646/646
f 647/647 648/648 646/646
v 0.49250 9.28650 4.23480
v 0.49250 9.28650 4.20480
v 0.49250 8.64150 4.23480
v 0.49250 8.64150 4.20480
v 0.45750 9.28650 4.20480
v 0.45750 9.28650 4.23480
v 0.45750 8.64150 4.20480
v 0.45750 8.64150 4.23480
v 0.45750 9.28650 4.20480
v 0.49250 9.28650 4.20480
v 0.45750 9.28650 4.23480
v 0.49250 9.28650 4.23480
v 0.45750 8.64150 4.23480
v 0.49250 8.64150 4.23480
v 0.45750 8.64150 4.20480
v 0.49250 8.64150 4.20480
v 0.45750 9.28650 4.23480
v 0.49250 9.28650 4.23480
v 0.45750 8.64150 4.23480
v 0.49250 8.64150 4.23480
v 0.49250 9.28650 4.20480
v 0.45750 9.28650 4.20480
v 0.49250 8.64150 4.20480
v 0.45750 8.64150 4.20480
vt 0.00000 0.00000
vt 1.00000 0.00000
vt 0.00000 1.00000
vt 1.00000 1.00000
vt 0.00000 0.00000
vt 1.00000 0.00000
vt 0.00000 1.00000
vt 1.00000 1.00000
vt 0.00000 0.00000
vt 1.00000 0.00000
vt 0.00000 1.00000
vt 1.00000 1.00000
vt 0.00000 0.00000
vt 1.00000 0.00000
vt 0.00000 1.00000
vt 1.00000 1.00000
vt 0.00000 0.00000
vt 1.00000 0.00000
vt 0.00000 1.00000
vt 1.00000 1.00000
vt 0.00000 0.00000
vt 1.00000 0.00000
vt 0.00000 1.00000
vt 1.00000 1.00000
f 649/649 651/651 650/650
f 651/651 652/652 650/650
f 653/653 655/655 654/654
f 655/655 656/656 654/654
f 657/657 659/659 658/658
f 659/659 660/660 658/658
f 661/661 663/663 662/662
f 663/663 664/664 662/662
f 665/665 667/667 666/666
f 667/667 668/668 666/666
f 669/669 671/671 670/670
f 671/671 672/672 670/670
v 0.68950 8.98150 4.23480
v 0.68950 8.98150 4.20480
v 0.68950 8.94650 4.23480
v 0.68950 8.94650 4.20480
v 0.26050 8.98150 4.20480
v 0.26050 8.98150 4.23480
v 0.26050 8.94650 4.20480
v 0.26050 8.94650 4.23480
v 0.26050 8.98150 4.20480
v 0.68950 8.98150 4.20480
v 0.26050 8.98150 4.23480
v 0.68950 8.98150 4.23480
v 0.26050 8.94650 4.23480
v 0.68950 8.94650 4.23480
v 0.26050 8.94650 4.20480
v 0.68950 8.94650 4.20480
v 0.26050 8.98150 4.23480
v 0.68950 8.98150 4.23480
v 0.26050 8.94650 4.23480
v 0.68950 8.94650 4.23480
v 0.68950 8.98150 4.20480
v 0.26050 8.98150 4.20480
v 0.68950 8.94650 4.20480
v 0.26050 8.94650 4.20480
vt 0.00000 0.00000
vt 1.00000 0.00000
vt 0.00000 1.00000
vt 1.00000 1.00000
vt 0.00000 0.00000
vt 1.00000 0.00000
vt 0.00000 1.00000
vt 1.00000 1.00000
vt 0.00000 0.00000
vt 1.00000 0.00000
vt 0.00000 1.00000
vt 1.00000 1.00000
vt 0.00000 0.00000
vt 1.00000 0.00000
vt 0.00000 1.00000
vt 1.00000 1.00000
vt 0.00000 0.00000
vt 1.00000 0.00000
vt 0.00000 1.00000
vt 1.00000 1.00000
vt 0.00000 0.00000
vt 1.00000 0.00000
vt 0.00000 1.00000
vt 1.00000 1.00000
f 673/673 675/675 674/674
f 675/675 676/676 674/674
f 677/677 679/679 678/678
f 679/679 680/680 678/678
f 681/681 683/683 682/682
f 683/683 684/684 682/682
f 685/685 687/687 686/686
f 687/687 688/688 686/686
f 689/689 691/691 690/690
f 691/691 692/692 690/690
f 693/693 695/695 694/694
f 695/695 696/696 694/694
v 0.82500 8.58900 4.33480
v 0.82500 8.58900 4.15480
v 0.82500 8.52900 4.33480
v 0.82500 8.52900 4.15480
v 0.12500 8.58900 4.15480
v 0.12500 8.58900 4.33480
v 0.12500 8.52900 4.15480
v 0.12500 8.52900 4.33480
v 0.12500 8.58900 4.15480
v 0.82500 8.58900 4.15480
v 0.12500 8.58900 4.33480
v 0.82500 8.58900 4.33480
v 0.12500 8.52900 4.33480
v 0.82500 8.52900 4.33480
v 0.12500 8.52900 4.15480
v 0.82500 8.52900 4.15480
v 0.12500 8.58900 4.33480
v 0.82500 8.58900 4.33480
v 0.12500 8.52900 4.33480
v 0.82500 8.52900 4.33480
v 0.82500 8.58900 4.15480
v 0.12500 8.58900 4.15480
v 0.82500 8.52900 4.15480
v 0.12500 8.52900 4.15480
vt 0.00000 0.00000
vt 1.00000 0.00000
vt 0.00000 1.00000
vt 1.00000 1.00000
vt 0.00000 0.00000
vt 1.00000 0.00000
vt 0.00000 1.00000
vt 1.00000 1.00000
vt 0.00000 0.00000
vt 1.00000 0.00000
vt 0.00000 1.00000
vt 1.00000 1.00000
vt 0.00000 0.00000
vt 1.00000 0.00000
vt 0.00000 1.00000
vt 1.00000 1.00000
vt 0.00000 0.00000
vt 1.00000 0.00000
vt 0.00000 1.00000
vt 1.00000 1.00000
vt 0.00000 0.00000
vt 1.00000 0.00000
vt 0.00000 1.00000
vt 1.00000 1.00000
f 697/697 699/699 698/698
f 699/699 700/700 698/698
f 701/701 703/703 702/702
f 703/703 704/704 702/702
f 705/705 707/707 706/706
f 707/707 708/708 706/706
f 709/709 711/711 710/710
f 711/711 712/712 710/710
f 713/713 715/715 714/714
f 715/715 716/716 714/714
f 717/717 719/719 718/718
f 719/719 720/720 718/718
v -8.90000 2.82500 4.28000
v -8.90000 2.82500 4.18000
v -8.90000 1.17500 4.28000
v -8.90000 1.17500 4.18000
v -9.75000 2.82500 4.18000
v -9.75000 2.82500 4.28000
v -9.75000 1.17500 4.18000
v -9.75000 1.17500 4.28000
v -9.75000 2.82500 4.18000
v -8.90000 2.82500 4.18000
v -9.75000 2.82500 4.28000
v -8.90000 2.82500 4.28000
v -9.75000 1.17500 4.28000
v -8.90000 1.17500 4.28000
v -9.75000 1.17500 4.18000
v -8.90000 1.17500 4.18000
v -9.75000 2.82500 4.28000
v -8.90000 2.82500 4.28000
v -9.75000 1.17500 4.28000
v -8.90000 1.17500 4.28000
v -8.90000 2.82500 4.18000
v -9.75000 2.82500 4.18000
v -8.90000 1.17500 4.18000
v -9.75000 1.17500 4.18000
vt 0.00000 0.00000
vt 1.00000 0.00000
vt 0.00000 1.00000
vt 1.00000 1.00000
vt 0.00000 0.00000
vt 1.00000 0.00000
vt 0.00000 1.00000
vt 1.00000 1.00000
vt 0.00000 0.00000
vt 1.00000 0.00000
vt 0.00000 1.00000
vt 1.00000 1.00000
vt 0.00000 0.00000
vt 1.00000 0.00000
vt 0.00000 1.00000
vt 1.00000 1.00000
vt 0.00000 0.00000
vt 1.00000 0.00000
vt 0.00000 1.00000
vt 1.00000 1.00000
vt 0.00000 0.00000
vt 1.00000 0.00000
vt 0.00000 1.00000
vt 1.00000 1.00000
f 721/721 723/723 722/722
f 723/723 724/724 722/722
f 725/725 727/727 726/726
f 727/727 728/728 726/726
f 729/729 731/731 730/730
f 731/731 732/732 730/730
f 733/733 735/735 734/734
f 735/735 736/736 734/734
f 737/737 739/739 738/738
f 739/739 740/740 738/738
f 741/741 743/743 742/742
f 743/743 744/744 742/742
v -9.30750 2.70950 4.32000
v -9.30750 2.70950 4.29000
v -9.30750 1.29050 4.32000
v -9.30750 1.29050 4.29000
v -9.34250 2.70950 4.29000
v -9.34250 2.70950 4.32000
v -9.34250 1.29050 4.29000
v -9.34250 1.29050 4.32000
v -9.34250 2.70950 4.29000
v -9.30750 2.70950 4.29000
v -9.34250 2.70950 4.32000
v -9.30750 2.70950 4.32000
v -9.34250 1.29050 4.32000
v -9.30750 1.29050 4.32000
v -9.34250 1.29050 4.29000
v -9.30750 1.29050 4.29000
v -9.34250 2.70950 4.32000
v -9.30750 2.70950 4.32000
v -9.34250 1.29050 4.32000
v -9.30750 1.29050 4.32000
v -9.30750 2.70950 4.29000
v -9.34250 2.70950 4.29000
v -9.30750 1.29050 4.29000
v -9.34250 1.29050 4.29000
vt 0.00000 0.00000
vt 1.00000 0.00000
vt 0.00000 1.00000
vt 1.00000 1.00000
vt 0.00000 0.00000
vt 1.00000 0.00000
vt 0.00000 1.00000
vt 1.00000 1.00000
vt 0.00000 0.00000
vt 1.00000 0.00000
vt 0.00000 1.00000
vt 1.00000 1.00000
vt 0.00000 0.00000
vt 1.00000 0.00000
vt 0.00000 1.00000
vt 1.00000 1.00000
vt 0.00000 0.00000
vt 1.00000 0.00000
vt 0.00000 1.00000
vt 1.00000 1.00000
vt 0.00000 0.00000
vt 1.00000 0.00000
vt 0.00000 1.00000
vt 1.00000 1.00000
f 745/745 747/747 746/746
f 747/747 748/748 746/746
f 749/749 751/751 750/750
f 751/751 752/752 750/750
f 753/753 755/755 754/754
f 755/755 756/756 754/754
f 757/757 759/759 758/758
f 759/759 760/760 758/758
f 761/761 763/763 762/762
f 763/763 764/764 762/762
f 765/765 767/767 766/766
f 767/767 768/768 766/766
v -8.99350 2.01750 4.32000
v -8.99350 2.01750 4.29000
v -8.99350 1.98250 4.32000
v -8.99350 1.98250 4.29000
v -9.65650 2.01750 4.29000
v -9.65650 2.01750 4.32000
v -9.65650 1.98250 4.29000
v -9.65650 1.98250 4.32000
v -9.65650 2.01750 4.29000
v -8.99350 2.01750 4.29000
v -9.65650 2.01750 4.32000
v -8.99350 2.01750 4.32000
v -9.65650 1.98250 4.32000
v -8.99350 1.98250 4.32000
v -9.65650 1.98250 4.29000
v -8.99350 1.98250 4.29000
v -9.65650 2.01750 4.32000
v -8.99350 2.01750 4.32000
v -9.65650 1.98250 4.32000
v -8.99350 1.98250 4.32000
v -8.99350 2.01750 4.29000
v -9.65650 2.01750 4.29000
v -8.99350 1.98250 4.29000
v -9.65650 1.98250 4.29000
vt 0.00000 0.00000
vt 1.00000 0.00000
vt 0.00000 1.00000
vt 1.00000 1.00000
vt 0.00000 0.00000
vt 1.00000 0.00000
vt 0.00000 1.00000
vt 1.00000 1.00000
vt 0.00000 0.00000
vt 1.00000 0.00000
vt 0.00000 1.00000
vt 1.00000 1.00000
vt 0.00000 0.00000
vt 1.00000 0.00000
vt 0.00000 1.00000
vt 1.00000 1.00000
vt 0.00000 0.00000
vt 1.00000 0.00000
vt 0.00000 1.00000
vt 1.00000 1.00000
vt 0.00000 0.00000
vt 1.00000 0.00000
vt 0.00000 1.00000
vt 1.00000 1.00000
f 769/769 771/771 770/770
f 771/771 772/772 770/770
f 773/773 775/775 774/774
f 775/775 776/776 774/774
f 777/777 779/779 778/778
f 779/779 780/780 778/778
f 781/781 783/783 782/782
f 783/783 784/784 782/782
f 785/785 787/787 786/786
f 787/787 788/788 786/786
f 789/789 791/791 790/790
f 791/791 792/792 790/790
v -8.82500 1.17500 4.42000
v -8.82500 1.17500 4.24000
v -8.82500 1.11500 4.42000
v -8.82500 1.11500 4.24000
v -9.82500 1.17500 4.24000
v -9.82500 1.17500 4.42000
v -9.82500 1.11500 4.24000
v -9.82500 1.11500 4.42000
v -9.82500 1.17500 4.24000
v -8.82500 1.17500 4.24000
v -9.82500 1.17500 4.42000
v -8.82500 1.17500 4.42000
v -9.82500 1.11500 4.42000
v -8.82500 1.11500 4.42000
v -9.82500 1.11500 4.24000
v -8.82500 1.11500 4.24000
v -9.82500 1.17500 4.42000
v -8.82500 1.17500 4.42000
v -9.82500 1.11500 4.42000
v -8.82500 1.11500 4.42000
v -8.82500 1.17500 4.24000
v -9.82500 1.17500 4.24000
v -8.82500 1.11500 4.24000
v -9.82500 1.11500 4.24000
vt 0.00000 0.00000
vt 1.00000 0.00000
vt 0.00000 1.00000
vt 1.00000 1.00000
vt 0.00000 0.00000
vt 1.00000 0.00000
vt 0.00000 1.00000
vt 1.00000 1.00000
vt 0.00000 0.00000
vt 1.00000 0.00000
vt 0.00000 1.00000
vt 1.00000 1.00000
vt 0.00000 0.00000
vt 1.00000 0.00000
vt 0.00000 1.00000
vt 1.00000 1.00000
vt 0.00000 0.00000
vt 1.00000 0.00000
vt 0.00000 1.00000
vt 1.00000 1.00000
vt 0.00000 0.00000
vt 1.00000 0.00000
vt 0.00000 1.00000
vt 1.00000 1.00000
f 793/793 795/795 794/794
f 795/795 796/796 794/794
f 797/797 799/799 798/798
f 799/799 800/800 798/798
f 801/801 803/803 802/802
f 803/803 804/804 802/802
f 805/805 807/807 806/806
f 807/807 808/808 806/806
f 809/809 811/811 810/810
f 811/811 812/812 810/810
f 813/813 815/815 814/814
f 815/815 816/816 814/814
v -5.90000 2.82500 4.28000
v -5.90000 2.82500 4.18000
v -5.90000 1.17500 4.28000
v -5.90000 1.17500 4.18000
v -6.75000 2.82500 4.18000
v -6.75000 2.82500 4.28000
v -6.75000 1.17500 4.18000
v -6.75000 1.17500 4.28000
v -6.75000 2.82500 4.18000
v -5.90000 2.82500 4.18000
v -6.75000 2.82500 4.28000
v -5.90000 2.82500 4.28000
v -6.75000 1.17500 4.28000
v -5.90000 1.17500 4.28000
v -6.75000 1.17500 4.18000
v -5.90000 1.17500 4.18000
v -6.75000 2.82500 4.28000
v -5.90000 2.82500 4.28000
v -6.75000 1.17500 4.28000
v -5.90000 1.17500 4.28000
v -5.90000 2.82500 4.18000
v -6.75000 2.82500 4.18000
v -5.90000 1.17500 4.18000
v -6.75000 1.17500 4.18000
vt 0.00000 0.00000
vt 1.00000 0.00000
vt 0.00000 1.00000
vt 1.00000 1.00000
vt 0.00000 0.00000
vt 1.00000 0.00000
vt 0.00000 1.00000
vt 1.00000 1.00000
vt 0.00000 0.00000
vt 1.00000 0.00000
vt 0.00000 1.00000
vt 1.00000 1.00000
vt 0.00000 0.00000
vt 1.00000 0.00000
vt 0.00000 1.00000
vt 1.00000 1.00000
vt 0.00000 0.00000
vt 1.00000 0.00000
vt 0.00000 1.00000
vt 1.00000 1.00000
vt 0.00000 0.00000
vt 1.00000 0.00000
vt 0.00000 1.00000
vt 1.00000 1.00000
f 817/817 819/819 818/818
f 819/819 820/820 818/818
f 821/821 823/823 822/822
f 823/823 824/824 822/822
f 825/825 827/827 826/826
f 827/827 828/828 826/826
f 829/829 831/831 830/830
f 831/831 832/832 830/830
f 833/833 835/835 834/834
f 835/835 836/836 834/834
f 837/837 839/839 838/838
f 839/839 840/840 838/838
v -6.30750 2.70950 4.32000
v -6.30750 2.70950 4.29000
v -6.30750 1.29050 4.32000
v -6.30750 1.29050 4.29000
v -6.34250 2.70950 4.29000
v -6.34250 2.70950 4.32000
v -6.34250 1.29050 4.29000
v -6.34250 1.29050 4.32000
v -6.34250 2.70950 4.29000
v -6.30750 2.70950 4.29000
v -6.34250 2.70950 4.32000
v -6.30750 2.70950 4.32000
v -6.34250 1.29050 4.32000
v -6.30750 1.29050 4.32000
v -6.34250 1.29050 4.29000
v -6.30750 1.29050 4.29000
v -6.34250 2.70950 4.32000
v -6.30750 2.70950 4.32000
v -6.34250 1.29050 4.32000
v -6.30750 1.29050 4.32000
v -6.30750 2.70950 4.29000
v -6.34250 2.70950 4.29000
v -6.30750 1.29050 4.29000
v -6.34250 1.29050 4.29000
vt 0.00000 0.00000
vt 1.00000 0.00000
vt 0.00000 1.00000
vt 1.00000 1.00000
vt 0.00000 0.00000
vt 1.00000 0.00000
vt 0.00000 1.00000
vt 1.00000 1.00000
vt 0.00000 0.00000
vt 1.00000 0.00000
vt 0.00000 1.00000
vt 1.00000 1.00000
vt 0.00000 0.00000
vt 1.00000 0.00000
vt 0.00000 1.00000
vt 1.00000 1.00000
vt 0.00000 0.00000
vt 1.00000 0.00000
vt 0.00000 1.00000
vt 1.00000 1.00000
vt 0.00000 0.00000
vt 1.00000 0.00000
vt 0.00000 1.00000
vt 1.00000 1.00000
f 841/841 843/843 842/842
f 843/843 844/844 842/842
f 845/845 847/847 846/846
f 847/847 848/848 846/846
f 849/849 851/851 850/850
f 851/851 852/852 850/850
f 853/853 855/855 854/854
f 855/855 856/856 854/854
f 857/857 859/859 858/858
f 859/859 860/860 858/858
f 861/861 863/863 862/862
f 863/863 864/864 862/862
v -5.99350 2.01750 4.32000
v -5.99350 2.01750 4.29000
v -5.99350 1.98250 4.32000
v -5.99350 1.98250 4.29000
v -6.65650 2.01750 4.29000
v -6.65650 2.01750 4.32000
v -6.65650 1.98250 4.29000
v -6.65650 1.98250 4.32000
v -6.65650 2.01750 4.29000
v -5.99350 2.01750 4.29000
v -6.65650 2.01750 4.32000
v -5.99350 2.01750 4.32000
v -6.65650 1.98250 4.32000
v -5.99350 1.98250 4.32000
v -6.65650 1.98250 4.29000
v -5.99350 1.98250 4.29000
v -6.65650 2.01750 4.32000
v -5.99350 2.01750 4.32000
v -6.65650 1.98250 4.32000
v -5.99350 1.98250 4.32000
v -5.99350 2.01750 4.29000
v -6.65650 2.01750 4.29000
v -5.99350 1.98250 4.29000
v -6.65650 1.98250 4.29000
vt 0.00000 0.00000
vt 1.00000 0.00000
vt 0.00000 1.00000
vt 1.00000 1.00000
vt 0.00000 0.00000
vt 1.00000 0.00000
vt 0.00000 1.00000
vt 1.00000 1.00000
vt 0.00000 0.00000
vt 1.00000 0.00000
vt 0.00000 1.00000
vt 1.00000 1.00000
vt 0.00000 0.00000
vt 1.00000 0.00000
vt 0.00000 1.00000
vt 1.00000 1.00000
vt 0.00000 0.00000
vt 1.00000 0.00000
vt 0.00000 1.00000
vt 1.00000 1.00000
vt 0.00000 0.00000
vt 1.00000 0.00000
vt 0.00000 1.00000
vt 1.00000 1.00000
f 865/865 867/867 866/866
f 867/867 868/868 866/866
f 869/869 871/871 870/870
f 871/871 872/872 870/870
f 873/873 875/875 874/874
f 875/875 876/876 874/874
f 877/877 879/879 878/878
f 879/879 880/880 878/878
f 881/881 883/883 882/882
f 883/883 884/884 882/882
f 885/885 887/887 886/886
f 887/887 888/888 886/886
v -5.82500 1.17500 4.42000
v -5.82500 1.17500 4.24000
v -5.82500 1.11500 4.42000
v -5.82500 1.11500 4.24000
v -6.82500 1.17500 4.24000
v -6.82500 1.17500 4.42000
v -6.82500 1.11500 4.24000
v -6.82500 1.11500 4.42000
v -6.82500 1.17500 4.24000
v -5.82500 1.17500 4.24000
v -6.82500 1.17500 4.42000
v -5.82500 1.17500 4.42000
v -6.82500 1.11500 4.42000
v -5.82500 1.11500 4.42000
v -6.82500 1.11500 4.24000
v -5.82500 1.11500 4.24000
v -6.82500 1.17500 4.42000
v -5.82500 1.17500 4.42000
v -6.82500 1.11500 4.42000
v -5.82500 1.11500 4.42000
v -5.82500 1.17500 4.24000
v -6.82500 1.17500 4.24000
v -5.82500 1.11500 4.24000
v -6.82500 1.11500 4.24000
vt 0.00000 0.00000
vt 1.00000 0.00000
vt 0.00000 1.00000
vt 1.00000 1.00000
vt 0.00000 0.00000
vt 1.00000 0.00000
vt 0.00000 1.00000
vt 1.00000 1.00000
vt 0.00000 0.00000
vt 1.00000 0.00000
vt 0.00000 1.00000
vt 1.00000 1.00000
vt 0.00000 0.00000
vt 1.00000 0.00000
vt 0.00000 1.00000
vt 1.00000 1.00000
vt 0.00000 0.00000
vt 1.00000 0.00000
vt 0.00000 1.00000
vt 1.00000 1.00000
vt 0.00000 0.00000
vt 1.00000 0.00000
vt 0.00000 1.00000
vt 1.00000 1.00000
f 889/889 891/891 890/890
f 891/891 892/892 890/890
f 893/893 895/895 894/894
f 895/895 896/896 894/894
f 897/897 899/899 898/898
f 899/899 900/900 898/898
f 901/901 903/903 902/902
f 903/903 904/904 902/902
f 905/905 907/907 906/906
f 907/907 908/908 906/906
f 909/909 911/911 910/910
f 911/911 912/912 910/910
v 0.90000 2.82500 4.28000
v 0.90000 2.82500 4.18000
v 0.90000 1.17500 4.28000
v 0.90000 1.17500 4.18000
v 0.05000 2.82500 4.18000
v 0.05000 2.82500 4.28000
v 0.05000 1.17500 4.18000
v 0.05000 1.17500 4.28000
v 0.05000 2.82500 4.18000
v 0.90000 2.82500 4.18000
v 0.05000 2.82500 4.28000
v 0.90000 2.82500 4.28000
v 0.05000 1.17500 4.28000
v 0.90000 1.17500 4.28000
v 0.05000 1.17500 4.18000
v 0.90000 1.17500 4.18000
v 0.05000 2.82500 4.28000
v 0.90000 2.82500 4.28000
v 0.05000 1.17500 4.28000
v 0.90000 1.17500 4.28000
v 0.90000 2.82500 4.18000
v 0.05000 2.82500 4.18000
v 0.90000 1.17500 4.18000
v 0.05000 1.17500 4.18000
vt 0.00000 0.00000
vt 1.00000 0.00000
vt 0.00000 1.00000
vt 1.00000 1.00000
vt 0.00000 0.00000
vt 1.00000 0.00000
vt 0.00000 1.00000
vt 1.00000 1.00000
vt 0.00000 0.00000
vt 1.00000 0.00000
vt 0.00000 1.00000
vt 1.00000 1.00000
vt 0.00000 0.00000
vt 1.00000 0.00000
vt 0.00000 1.00000
vt 1.00000 1.00000
vt 0.00000 0.00000
vt 1.00000 0.00000
vt 0.00000 1.00000
vt 1.00000 1.00000
vt 0.00000 0.00000
vt 1.00000 0.00000
vt 0.00000 1.00000
vt 1.00000 1.00000
f 913/913 915/915 914/914
f 915/915 916/916 914/914
f 917/917 919/919 918/918
f 919/919 920/920 918/918
f 921/921 923/923 922/922
f 923/923 924/924 922/922
f 925/925 927/927 926/926
f 927/927 928/928 926/926
f 929/929 931/931 930/930
f 931/931 932/932 930/930
f 933/933 935/935 934/934
f 935/935 936/936 934/934
v 0.49250 2.70950 4.32000
v 0.49250 2.70950 4.29000
v 0.49250 1.29050 4.32000
v 0.49250 1.29050 4.29000
v 0.45750 2.70950 4.29000
v 0.45750 2.70950 4.32000
v 0.45750 1.29050 4.29000
v 0.45750 1.29050 4.32000
v 0.45750 2.70950 4.29000
v 0.49250 2.70950 4.29000
v 0.45750 2.70950 4.32000
v 0.49250 2.70950 4.32000
v 0.45750 1.29050 4.32000
v 0.49250 1.29050 4.32000
v 0.45750 1.29050 4.29000
v 0.49250 1.29050 4.29000
v 0.45750 2.70950 4.32000
v 0.49250 2.70950 4.32000
v 0.45750 1.29050 4.32000
v 0.49250 1.29050 4.32000
v 0.49250 2.70950 4.29000
v 0.45750 2.70950 4.29000
v 0.49250 1.29050 4.29000
v 0.45750 1.29050 4.29000
vt 0.00000 0.00000
vt 1.00000 0.00000
vt 0.00000 1.00000
vt 1.00000 1.00000
vt 0.00000 0.00000
vt 1.00000 0.00000
vt 0.00000 1.00000
vt 1.00000 1.00000
vt 0.00000 0.00000
vt 1.00000 0.00000
vt 0.00000 1.00000
vt 1.00000 1.00000
vt 0.00000 0.00000
vt 1.00000 0.00000
vt 0.00000 1.00000
vt 1.00000 1.00000
vt 0.00000 0.00000
vt 1.00000 0.00000
vt 0.00000 1.00000
vt 1.00000 1.00000
vt 0.00000 0.00000
vt 1.00000 0.00000
vt 0.00000 1.00000
vt 1.00000 1.00000
f 937/937 939/939 938/938
f 939/939 940/940 938/938
f 941/941 943/943 942/942
f 943/943 944/944 942/942
f 945/945 947/947 946/946
f 947/947 948/948 946/946
f 949/949 951/951 950/950
f 951/951 952/952 950/950
f 953/953 955/955 954/954
f 955/955 956/956 954/954
f 957/957 959/959 958/958
f 959/959 960/960 958/958
v 0.80650 2.01750 4.32000
v 0.80650 2.01750 4.29000
v 0.80650 1.98250 4.32000
v 0.80650 1.98250 4.29000
v 0.14350 2.01750 4.29000
v 0.14350 2.01750 4.32000
v 0.14350 1.98250 4.29000
v 0.14350 1.98250 4.32000
v 0.14350 2.01750 4.29000
v 0.80650 2.01750 4.29000
v 0.14350 2.01750 4.32000
v 0.80650 2.01750 4.32000
v 0.14350 1.98250 4.32000
v 0.80650 1.98250 4.32000
v 0.14350 1.98250 4.29000
v 0.80650 1.98250 4.29000
v 0.14350 2.01750 4.32000
v 0.80650 2.01750 4.32000
v 0.14350 1.98250 4.32000
v 0.80650 1.98250 4.32000
v 0.80650 2.01750 4.29000
v 0.14350 2.01750 4.29000
v 0.80650 1.98250 4.29000
v 0.14350 1.98250 4.29000
vt 0.00000 0.00000
vt 1.00000 0.00000
vt 0.00000 1.00000
vt 1.00000 1.00000
vt 0.00000 0.00000
vt 1.00000 0.00000
vt 0.00000 1.00000
vt 1.00000 1.00000
vt 0.00000 0.00000
vt 1.00000 0.00000
vt 0.00000 1.00000
vt 1.00000 1.00000
vt 0.00000 0.00000
vt 1.00000 0.00000
vt 0.00000 1.00000
vt 1.00000 1.00000
vt 0.00000 0.00000
vt 1.00000 0.00000
vt 0.00000 1.00000
vt 1.00000 1.00000
vt 0.00000 0.00000
vt 1.00000 0.00000
vt 0.00000 1.00000
vt 1.00000 1.00000
f 961/961 963/963 962/962
f 963/963 964/964 962/962
f 965/965 967/967 966/966
f 967/967 968/968 966/966
f 969/969 971/971 970/970
f 971/971 972/972 970/970
f 973/973 975/975 974/974
f 975/975 976/976 974/974
f 977/977 979/979 978/978
f 979/979 980/980 978/978
f 981/981 983/983 982/982
f 983/983 984/984 982/982
v 0.97500 1.17500 4.42000
v 0.97500 1.17500 4.24000
v 0.97500 1.11500 4.42000
v 0.97500 1.11500 4.24000
v -0.02500 1.17500 4.24000
v -0.02500 1.17500 4.42000
v -0.02500 1.11500 4.24000
v -0.02500 1.11500 4.42000
v -0.02500 1.17500 4.24000
v 0.97500 1.17500 4.24000
v -0.02500 1.17500 4.42000
v 0.97500 1.17500 4.42000
v -0.02500 1.11500 4.42000
v 0.97500 1.11500 4.42000
v -0.02500 1.11500 4.24000
v 0.97500 1.11500 4.24000
v -0.02500 1.17500 4.42000
v 0.97500 1.17500 4.42000
v -0.02500 1.11500 4.42000
v 0.97500 1.11500 4.42000
v 0.97500 1.17500 4.24000
v -0.02500 1.17500 4.24000
v 0.97500 1.11500 4.24000
v -0.02500 1.11500 4.24000
vt 0.00000 0.00000
vt 1.00000 0.00000
vt 0.00000 1.00000
vt 1.00000 1.00000
vt 0.00000 0.00000
vt 1.00000 0.00000
vt 0.00000 1.00000
vt 1.00000 1.00000
vt 0.00000 0.00000
vt 1.00000 0.00000
vt 0.00000 1.00000
vt 1.00000 1.00000
vt 0.00000 0.00000
vt 1.00000 0.00000
vt 0.00000 1.00000
vt 1.00000 1.00000
vt 0.00000 0.00000
vt 1.00000 0.00000
vt 0.00000 1.00000
vt 1.00000 1.00000
vt 0.00000 0.00000
vt 1.00000 0.00000
vt 0.00000 1.00000
vt 1.00000 1.00000
f 985/985 987/987 986/986
f 987/987 988/988 986/986
f 989/989 991/991 990/990
f 991/991 992/992 990/990
f 993/993 995/995 994/994
f 995/995 996/996 994/994
f 997/997 999/999 998/998
f 999/999 1000/1000 998/998
f 1001/1001 1003/1003 1002/1002
f 1003/1003 1004/1004 1002/1002
f 1005/1005 1007/1007 1006/1006
f 1007/1007 1008/1008 1006/1006
v 3.90000 2.82500 4.28000
v 3.90000 2.82500 4.18000
v 3.90000 1.17500 4.28000
v 3.90000 1.17500 4.18000
v 3.05000 2.82500 4.18000
v 3.05000 2.82500 4.28000
v 3.05000 1.17500 4.18000
v 3.05000 1.17500 4.28000
v 3.05000 2.82500 4.18000
v 3.90000 2.82500 4.18000
v 3.05000 2.82500 4.28000
v 3.90000 2.82500 4.28000
v 3.05000 1.17500 4.28000
v 3.90000 1.17500 4.28000
v 3.05000 1.17500 4.18000
v 3.90000 1.17500 4.18000
v 3.05000 2.82500 4.28000
v 3.90000 2.82500 4.28000
v 3.05000 1.17500 4.28000
v 3.90000 1.17500 4.28000
v 3.90000 2.82500 4.18000
v 3.05000 2.82500 4.18000
v 3.90000 1.17500 4.18000
v 3.05000 1.17500 4.18000
vt 0.00000 0.00000
vt 1.00000 0.00000
vt 0.00000 1.00000
vt 1.00000 1.00000
vt 0.00000 0.00000
vt 1.00000 0.00000
vt 0.00000 1.00000
vt 1.00000 1.00000
vt 0.00000 0.00000
vt 1.00000 0.00000
vt 0.00000 1.00000
vt 1.00000 1.00000
vt 0.00000 0.00000
vt 1.00000 0.00000
vt 0.00000 1.00000
vt 1.00000 1.00000
vt 0.00000 0.00000
vt 1.00000 0.00000
vt 0.00000 1.00000
vt 1.00000 1.00000
vt 0.00000 0.00000
vt 1.00000 0.00000
vt 0.00000 1.00000
vt 1.00000 1.00000
f 1009/1009 1011/1011 1010/1010
f 1011/1011 1012/1012 1010/1010
f 1013/1013 1015/1015 1014/1014
f 1015/1015 1016/1016 1014/1014
f 1017/1017 1019/1019 1018/1018
f 1019/1019 1020/1020 1018/1018
f 1021/1021 1023/1023 1022/1022
f 1023/1023 1024/1024 1022/1022
f 1025/1025 1027/1027 1026/1026
f 1027/1027 1028/1028 1026/1026
f 1029/1029 1031/1031 1030/1030
f 1031/1031 1032/1032 1030/1030
v 3.49250 2.70950 4.32000
v 3.49250 2.70950 4.29000
v 3.49250 1.29050 4.32000
v 3.49250 1.29050 4.29000
v 3.45750 2.70950 4.29000
v 3.45750 2.70950 4.32000
v 3.45750 1.29050 4.29000
v 3.45750 1.29050 4.32000
v 3.45750 2.70950 4.29000
v 3.49250 2.70950 4.29000
v 3.45750 2.70950 4.32000
v 3.49250 2.70950 4.32000
v 3.45750 1.29050 4.32000
v 3.49250 1.29050 4.32000
v 3.45750 1.29050 4.29000
v 3.49250 1.29050 4.29000
v 3.45750 2.70950 4.32000
v 3.49250 2.70950 4.32000
v 3.45750 1.29050 4.32000
v 3.49250 1.29050 4.32000
v 3.49250 2.70950 4.29000
v 3.45750 2.70950 4.29000
v 3.49250 1.29050 4.29000
v 3.45750 1.29050 4.29000
vt 0.00000 0.00000
vt 1.00000 0.00000
vt 0.00000 1.00000
vt 1.00000 1.00000
vt 0.00000 0.00000
vt 1.00000 0.00000
vt 0.00000 1.00000
vt 1.00000 1.00000
vt 0.00000 0.00000
vt 1.00000 0.00000
vt 0.00000 1.00000
vt 1.00000 1.00000
vt 0.00000 0.00000
vt 1.00000 0.00000
vt 0.00000 1.00000
vt 1.00000 1.00000
vt 0.00000 0.00000
vt 1.00000 0.00000
vt 0.00000 1.00000
vt 1.00000 1.00000
vt 0.00000 0.00000
vt 1.00000 0.00000
vt 0.00000 1.00000
vt 1.00000 1.00000
f 1033/1033 1035/1035 1034/1034
f 1035/1035 1036/1036 1034/1034
f 1037/1037 1039/1039 1038/1038
f 1039/1039 1040/1040 1038/1038
f 1041/1041 1043/1043 1042/1042
f 1043/1043 1044/1044 1042/1042
f 1045/1045 1047/1047 1046/1046
f 1047/1047 1048/1048 1046/1046
f 1049/1049 1051/1051 1050/1050
f 1051/1051 1052/1052 1050/1050
f 1053/1053 1055/1055 1054/1054
f 1055/1055 1056/1056 1054/1054
v 3.80650 2.01750 4.32000
v 3.80650 2.01750 4.29000
v 3.80650 1.98250 4.32000
v 3.80650 1.98250 4.29000
v 3.14350 2.01750 4.29000
v 3.14350 2.01750 4.32000
v 3.14350 1.98250 4.29000
v 3.14350 1.98250 4.32000
v 3.14350 2.01750 4.29000
v 3.80650 2.01750 4.29000
v 3.14350 2.01750 4.32000
v 3.80650 2.01750 4.32000
v 3.14350 1.98250 4.32000
v 3.80650 1.98250 4.32000
v 3.14350 1.98250 4.29000
v 3.80650 1.98250 4.29000
v 3.14350 2.01750 4.32000
v 3.80650 2.01750 4.32000
v 3.14350 1.98250 4.32000
v 3.80650 1.98250 4.32000
v 3.80650 2.01750 4.29000
v 3.14350 2.01750 4.29000
v 3.80650 1.98250 4.29000
v 3.14350 1.98250 4.29000
vt 0.00000 0.00000
vt 1.00000 0.00000
vt 0.00000 1.00000
vt 1.00000 1.00000
vt 0.00000 0.00000
vt 1.00000 0.00000
vt 0.00000 1.00000
vt 1.00000 1.00000
vt 0.00000 0.00000
vt 1.00000 0.00000
vt 0.00000 1.00000
vt 1.00000 1.00000
vt 0.00000 0.00000
vt 1.00000 0.00000
vt 0.00000 1.00000
vt 1.00000 1.00000
vt 0.00000 0.00000
vt 1.00000 0.00000
vt 0.00000 1.00000
vt 1.00000 1.00000
vt 0.00000 0.00000
vt 1.00000 0.00000
vt 0.00000 1.00000
vt 1.00000 1.00000
f 1057/1057 1059/1059 1058/1058
f 1059/1059 1060/1060 1058/1058
f 1061/1061 1063/1063 1062/1062
f 1063/1063 1064/1064 1062/1062
f 1065/1065 1067/1067 1066/1066
f 1067/1067 1068/1068 1066/1066
f 1069/1069 1071/1071 1070/1070
f 1071/1071 1072/1072 1070/1070
f 1073/1073 1075/1075 1074/1074
f 1075/1075 1076/1076 1074/1074
f 1077/1077 1079/1079 1078/1078
f 1079/1079 1080/1080 1078/1078
v 3.97500 1.17500 4.42000
v 3.97500 1.17500 4.24000
v 3.97500 1.11500 4.42000
v 3.97500 1.11500 4.24000
v 2.97500 1.17500 4.24000
v 2.97500 1.17500 4.42000
v 2.97500 1.11500 4.24000
v 2.97500 1.11500 4.42000
v 2.97500 1.17500 4.24000
v 3.97500 1.17500 4.24000
v 2.97500 1.17500 4.42000
v 3.97500 1.17500 4.42000
v 2.97500 1.11500 4.42000
v 3.97500 1.11500 4.42000
v 2.97500 1.11500 4.24000
v 3.97500 1.11500 4.24000
v 2.97500 1.17500 4.42000
v 3.97500 1.17500 4.42000
v 2.97500 1.11500 4.42000
v 3.97500 1.11500 4.42000
v 3.97500 1.17500 4.24000
v 2.97500 1.17500 4.24000
v 3.97500 1.11500 4.24000
v 2.97500 1.11500 4.24000
vt 0.00000 0.00000
vt 1.00000 0.00000
vt 0.00000 1.00000
vt 1.00000 1.00000
vt 0.00000 0.00000
vt 1.00000 0.00000
vt 0.00000 1.00000
vt 1.00000 1.00000
vt 0.00000 0.00000
vt 1.00000 0.00000
vt 0.00000 1.00000
vt 1.00000 1.00000
vt 0.00000 0.00000
vt 1.00000 0.00000
vt 0.00000 1.00000
vt 1.00000 1.00000
vt 0.00000 0.00000
vt 1.00000 0.00000
vt 0.00000 1.00000
vt 1.00000 1.00000
vt 0.00000 0.00000
vt 1.00000 0.00000
vt 0.00000 1.00000
vt 1.00000 1.00000
f 1081/1081 1083/1083 1082/1082
f 1083/1083 1084/1084 1082/1082
f 1085/1085 1087/1087 1086/1086
f 1087/1087 1088/1088 1086/1086
f 1089/1089 1091/1091 1090/1090
f 1091/1091 1092/1092 1090/1090
f 1093/1093 1095/1095 1094/1094
f 1095/1095 1096/1096 1094/1094
f 1097/1097 1099/1099 1098/1098
f 1099/1099 1100/1100 1098/1098
f 1101/1101 1103/1103 1102/1102
f 1103/1103 1104/1104 1102/1102
v -8.90000 5.12500 4.28000
v -8.90000 5.12500 4.18000
v -8.90000 3.57500 4.28000
v -8.90000 3.57500 4.18000
v -9.75000 5.12500 4.18000
v -9.75000 5.12500 4.28000
v -9.75000 3.57500 4.18000
v -9.75000 3.57500 4.28000
v -9.75000 5.12500 4.18000
v -8.90000 5.12500 4.18000
v -9.75000 5.12500 4.28000
v -8.90000 5.12500 4.28000
v -9.75000 3.57500 4.28000
v -8.90000 3.57500 4.28000
v -9.75000 3.57500 4.18000
v -8.90000 3.57500 4.18000
v -9.75000 5.12500 4.28000
v -8.90000 5.12500 4.28000
v -9.75000 3.57500 4.28000
v -8.90000 3.57500 4.28000
v -8.90000 5.12500 4.18000
v -9.75000 5.12500 4.18000
v -8.90000 3.57500 4.18000
v -9.75000 3.57500 4.18000
vt 0.00000 0.00000
vt 1.00000 0.00000
vt 0.00000 1.00000
vt 1.00000 1.00000
vt 0.00000 0.00000
vt 1.00000 0.00000
vt 0.00000 1.00000
vt 1.00000 1.00000
vt 0.00000 0.00000
vt 1.00000 0.00000
vt 0.00000 1.00000
vt 1.00000 1.00000
vt 0.00000 0.00000
vt 1.00000 0.00000
vt 0.00000 1.00000
vt 1.00000 1.00000
vt 0.00000 0.00000
vt 1.00000 0.00000
vt 0.00000 1.00000
vt 1.00000 1.00000
vt 0.00000 0.00000
vt 1.00000 0.00000
vt 0.00000 1.00000
vt 1.00000 1.00000
f 1105/1105 1107/1107 1106/1106
f 1107/1107 1108/1108 1106/1106
f 1109/1109 1111/1111 1110/1110
f 1111/1111 1112/1112 1110/1110
f 1113/1113 1115/1115 1114/1114
f 1115/1115 1116/1116 1114/1114
f 1117/1117 1119/1119 1118/1118
f 1119/1119 1120/1120 1118/1118
f 1121/1121 1123/1123 1122/1122
f 1123/1123 1124/1124 1122/1122
f 1125/1125 1127/1127 1126/1126
f 1127/1127 1128/1128 1126/1126
v -9.30750 5.01650 4.32000
v -9.30750 5.01650 4.29000
v -9.30750 3.68350 4.32000
v -9.30750 3.68350 4.29000
v -9.34250 5.01650 4.29000
v -9.34250 5.01650 4.32000
v -9.34250 3.68350 4.29000
v -9.34250 3.68350 4.32000
v -9.34250 5.01650 4.29000
v -9.30750 5.01650 4.29000
v -9.34250 5.01650 4.32000
v -9.30750 5.01650 4.32000
v -9.34250 3.68350 4.32000
v -9.30750 3.68350 4.32000
v -9.34250 3.68350 4.29000
v -9.30750 3.68350 4.29000
v -9.34250 5.01650 4.32000
v -9.30750 5.01650 4.32000
v -9.34250 3.68350 4.32000
v -9.30750 3.68350 4.32000
v -9.30750 5.01650 4.29000
v -9.34250 5.01650 4.29000
v -9.30750 3.68350 4.29000
v -9.34250 3.68350 4.29000
vt 0.00000 0.00000
vt 1.00000 0.00000
vt 0.00000 1.00000
vt 1.00000 1.00000
vt 0.00000 0.00000
vt 1.00000 0.00000
vt 0.00000 1.00000
vt 1.00000 1.00000
vt 0.00000 0.00000
vt 1.00000 0.00000
vt 0.00000 1.00000
vt 1.00000 1.00000
vt 0.00000 0.00000
vt 1.00000 0.00000
vt 0.00000 1.00000
vt 1.00000 1.00000
vt 0.00000 0.00000
vt 1.00000 0.00000
vt 0.00000 1.00000
vt 1.00000 1.00000
vt 0.00000 0.00000
vt 1.00000 0.00000
vt 0.00000 1.00000
vt 1.00000 1.00000
f 1129/1129 1131/1131 1130/1130
f 1131/1131 1132/1132 1130/1130
f 1133/1133 1135/1135 1134/1134
f 1135/1135 1136/1136 1134/1134
f 1137/1137 1139/1139 1138/1138
f 1139/1139 1140/1140 1138/1138
f 1141/1141 1143/1143 1142/1142
f 1143/1143 1144/1144 1142/1142
f 1145/1145 1147/1147 1146/1146
f 1147/1147 1148/1148 1146/1146
f 1149/1149 1151/1151 1150/1150
f 1151/1151 1152/1152 1150/1150
v -8.99350 4.36750 4.32000
v -8.99350 4.36750 4.29000
v -8.99350 4.33250 4.32000
v -8.99350 4.33250 4.29000
v -9.65650 4.36750 4.29000
v -9.65650 4.36750 4.32000
v -9.65650 4.33250 4.29000
v -9.65650 4.33250 4.32000
v -9.65650 4.36750 4.29000
v -8.99350 4.36750 4.29000
v -9.65650 4.36750 4.32000
v -8.99350 4.36750 4.32000
v -9.65650 4.33250 4.32000
v -8.99350 4.33250 4.32000
v -9.65650 4.33250 4.29000
v -8.99350 4.33250 4.29000
v -9.65650 4.36750 4.32000
v -8.99350 4.36750 4.32000
v -9.65650 4.33250 4.32000
v -8.99350 4.33250 4.32000
v -8.99350 4.36750 4.29000
v -9.65650 4.36750 4.29000
v -8.99350 4.33250 4.29000
v -9.65650 4.33250 4.29000
vt 0.00000 0.00000
vt 1.00000 0.00000
vt 0.00000 1.00000
vt 1.00000 1.00000
vt 0.00000 0.00000
vt 1.00000 0.00000
vt 0.00000 1.00000
vt 1.00000 1.00000
vt 0.00000 0.00000
vt 1.00000 0.00000
vt 0.00000 1.00000
vt 1.00000 1.00000
vt 0.00000 0.00000
vt 1.00000 0.00000
vt 0.00000 1.00000
vt 1.00000 1.00000
vt 0.00000 0.00000
vt 1.00000 0.00000
vt 0.00000 1.00000
vt 1.00000 1.00000
vt 0.00000 0.00000
vt 1.00000 0.00000
vt 0.00000 1.00000
vt 1.00000 1.00000
f 1153/1153 1155/1155 1154/1154
f 1155/1155 1156/1156 1154/1154
f 1157/1157 1159/1159 1158/1158
f 1159/1159 1160/1160 1158/1158
f 1161/1161 1163/1163 1162/1162
f 1163/1163 1164/1164 1162/1162
f 1165/1165 1167/1167 1166/1166
f 1167/1167 1168/1168 1166/1166
f 1169/1169 1171/1171 1170/1170
f 1171/1171 1172/1172 1170/1170
f 1173/1173 1175/1175 1174/1174
f 1175/1175 1176/1176 1174/1174
v -8.82500 3.57500 4.42000
v -8.82500 3.57500 4.24000
v -8.82500 3.51500 4.42000
v -8.82500 3.51500 4.24000
v -9.82500 3.57500 4.24000
v -9.82500 3.57500 4.42000
v -9.82500 3.51500 4.24000
v -9.82500 3.51500 4.42000
v -9.82500 3.57500 4.24000
v -8.82500 3.57500 4.24000
v -9.82500 3.57500 4.42000
v -8.82500 3.57500 4.42000
v -9.82500 3.51500 4.42000
v -8.82500 3.51500 4.42000
v -9.82500 3.51500 4.24000
v -8.82500 3.51500 4.24000
v -9.82500 3.57500 4.42000
v -8.82500 3.57500 4.42000
v -9.82500 3.51500 4.42000
v -8.82500 3.51500 4.42000
v -8.82500 3.57500 4.24000
v -9.82500 3.57500 4.24000
v -8.82500 3.51500 4.24000
v -9.82500 3.51500 4.24000
vt 0.00000 0.00000
vt 1.00000 0.00000
vt 0.00000 1.00000
vt 1.00000 1.00000
vt 0.00000 0.00000
vt 1.00000 0.00000
vt 0.00000 1.00000
vt 1.00000 1.00000
vt 0.00000 0.00000
vt 1.00000 0.00000
vt 0.00000 1.00000
vt 1.00000 1.00000
vt 0.00000 0.00000
vt 1.00000 0.00000
vt 0.00000 1.00000
vt 1.00000 1.00000
vt 0.00000 0.00000
vt 1.00000 0.00000
vt 0.00000 1.00000
vt 1.00000 1.00000
vt 0.00000 0.00000
vt 1.00000 0.00000
vt 0.00000 1.00000
vt 1.00000 1.00000
f 1177/1177 1179/1179 1178/1178
f 1179/1179 1180/1180 1178/1178
f 1181/1181 1183/1183 1182/1182
f 1183/1183 1184/1184 1182/1182
f 1185/1185 1187/1187 1186/1186
f 1187/1187 1188/1188 1186/1186
f 1189/1189 1191/1191 1190/1190
f 1191/1191 1192/1192 1190/1190
f 1193/1193 1195/1195 1194/1194
f 1195/1195 1196/1196 1194/1194
f 1197/1197 1199/1199 1198/1198
f 1199/1199 1200/1200 1198/1198
v -5.90000 5.12500 4.28000
v -5.90000 5.12500 4.18000
v -5.90000 3.57500 4.28000
v -5.90000 3.57500 4.18000
v -6.75000 5.12500 4.18000
v -6.75000 5.12500 4.28000
v -6.75000 3.57500 4.18000
v -6.75000 3.57500 4.28000
v -6.75000 5.12500 4.18000
v -5.90000 5.12500 4.18000
v -6.75000 5.12500 4.28000
v -5.90000 5.12500 4.28000
v -6.75000 3.57500 4.28000
v -5.90000 3.57500 4.28000
v -6.75000 3.57500 4.18000
v -5.90000 3.57500 4.18000
v -6.75000 5.12500 4.28000
v -5.90000 5.12500 4.28000
v -6.75000 3.57500 4.28000
v -5.90000 3.57500 4.28000
v -5.90000 5.12500 4.18000
v -6.75000 5.12500 4.18000
v -5.90000 3.57500 4.18000
v -6.75000 3.57500 4.18000
vt 0.00000 0.00000
vt 1.00000 0.00000
vt 0.00000 1.00000
vt 1.00000 1.00000
vt 0.00000 0.00000
vt 1.00000 0.00000
vt 0.00000 1.00000
vt 1.00000 1.00000
vt 0.00000 0.00000
vt 1.00000 0.00000
vt 0.00000 1.00000
vt 1.00000 1.00000
vt 0.00000 0.00000
vt 1.00000 0.00000
vt 0.00000 1.00000
vt 1.00000 1.00000
vt 0.00000 0.00000
vt 1.00000 0.00000
vt 0.00000 1.00000
vt 1.00000 1.00000
vt 0.00000 0.00000
vt 1.00000 0.00000
vt 0.00000 1.00000
vt 1.00000 1.00000
f 1201/1201 1203/1203 1202/1202
f 1203/1203 1204/1204 1202/1202
f 1205/1205 1207/1207 1206/1206
f 1207/1207 1208/1208 1206/1206
f 1209/1209 1211/1211 1210/1210
f 1211/1211 1212/1212 1210/1210
f 1213/1213 1215/1215 1214/1214
f 1215/1215 1216/1216 1214/1214
f 1217/1217 1219/1219 1218/1218
f 1219/1219 1220/1220 1218/1218
f 1221/1221 1223/1223 1222/1222
f 1223/1223 1224/1224 1222/1222
v -6.30750 5.01650 4.32000
v -6.30750 5.01650 4.29000
v -6.30750 3.68350 4.32000
v -6.30750 3.68350 4.29000
v -6.34250 5.01650 4.29000
v -6.34250 5.01650 4.32000
v -6.34250 3.68350 4.29000
v -6.34250 3.68350 4.32000
v -6.34250 5.01650 4.29000
v -6.30750 5.01650 4.29000
v -6.34250 5.01650 4.32000
v -6.30750 5.01650 4.32000
v -6.34250 3.68350 4.32000
v -6.30750 3.68350 4.32000
v -6.34250 3.68350 4.29000
v -6.30750 3.68350 4.29000
v -6.34250 5.01650 4.32000
v -6.30750 5.01650 4.32000
v -6.34250 3.68350 4.32000
v -6.30750 3.68350 4.32000
v -6.30750 5.01650 4.29000
v -6.34250 5.01650 4.29000
v -6.30750 3.68350 4.29000
v -6.34250 3.68350 4.29000
vt 0.00000 0.00000
vt 1.00000 0.00000
vt 0.00000 1.00000
vt 1.00000 1.00000
vt 0.00000 0.00000
vt 1.00000 0.00000
vt 0.00000 1.00000
vt 1.00000 1.00000
vt 0.00000 0.00000
vt 1.00000 0.00000
vt 0.00000 1.00000
vt 1.00000 1.00000
vt 0.00000 0.00000
vt 1.00000 0.00000
vt 0.00000 1.00000
vt 1.00000 1.00000
vt 0.00000 0.00000
vt 1.00000 0.00000
vt 0.00000 1.00000
vt 1.00000 1.00000
vt 0.00000 0.00000
vt 1.00000 0.00000
vt 0.00000 1.00000
vt 1.00000 1.00000
f 1225/1225 1227/1227 1226/1226
f 1227/1227 1228/1228 1226/1226
f 1229/1229 1231/1231 1230/1230
f 1231/1231 1232/1232 1230/1230
f 1233/1233 1235/1235 1234/1234
f 1235/1235 1236/1236 1234/1234
f 1237/1237 1239/1239 1238/1238
f 1239/1239 1240/1240 1238/1238
f 1241/1241 1243/1243 1242/1242
f 1243/1243 1244/1244 1242/1242
f 1245/1245 1247/1247 1246/1246
f 1247/1247 1248/1248 1246/1246
v -5.99350 4.36750 4.32000
v -5.99350 4.36750 4.29000
v -5.99350 4.33250 4.32000
v -5.99350 4.33250 4.29000
v -6.65650 4.36750 4.29000
v -6.65650 4.36750 4.32000
v -6.65650 4.33250 4.29000
v -6.65650 4.33250 4.32000
v -6.65650 4.36750 4.29000
v -5.99350 4.36750 4.29000
v -6.65650 4.36750 4.32000
v -5.99350 4.36750 4.32000
v -6.65650 4.33250 4.32000
v -5.99350 4.33250 4.32000
v -6.65650 4.33250 4.29000
v -5.99350 4.33250 4.29000
v -6.65650 4.36750 4.32000
v -5.99350 4.36750 4.32000
v -6.65650 4.33250 4.32000
v -5.99350 4.33250 4.32000
v -5.99350 4.36750 4.29000
v -6.65650 4.36750 4.29000
v -5.99350 4.33250 4.29000
v -6.65650 4.33250 4.29000
vt 0.00000 0.00000
vt 1.00000 0.00000
vt 0.00000 1.00000
vt 1.00000 1.00000
vt 0.00000 0.00000
vt 1.00000 0.00000
vt 0.00000 1.00000
vt 1.00000 1.00000
vt 0.00000 0.00000
vt 1.00000 0.00000
vt 0.00000 1.00000
vt 1.00000 1.00000
vt 0.00000 0.00000
vt 1.00000 0.00000
vt 0.00000 1.00000
vt 1.00000 1.00000
vt 0.00000 0.00000
vt 1.00000 0.00000
vt 0.00000 1.00000
vt 1.00000 1.00000
vt 0.00000 0.00000
vt 1.00000 0.00000
vt 0.00000 1.00000
vt 1.00000 1.00000
f 1249/1249 1251/1251 1250/1250
f 1251/1251 1252/1252 1250/1250
f 1253/1253 1255/1255 1254/1254
f 1255/1255 1256/1256 1254/1254
f 1257/1257 1259/1259 1258/1258
f 1259/1259 1260/1260 1258/1258
f 1261/1261 1263/1263 1262/1262
f 1263/1263 1264/1264 1262/1262
f 1265/1265 1267/1267 1266/1266
f 1267/1267 1268/1268 1266/1266
f 1269/1269 1271/1271 1270/1270
f 1271/1271 1272/1272 1270/1270
v -5.82500 3.57500 4.42000
v -5.82500 3.57500 4.24000
v -5.82500 3.51500 4.42000
v -5.82500 3.51500 4.24000
v -6.82500 3.57500 4.24000
v -6.82500 3.57500 4.42000
v -6.82500 3.51500 4.24000
v -6.82500 3.51500 4.42000
v -6.82500 3.57500 4.24000
v -5.82500 3.57500 4.24000
v -6.82500 3.57500 4.42000
v -5.82500 3.57500 4.42000
v -6.82500 3.51500 4.42000
v -5.82500 3.51500 4.42000
v -6.82500 3.51500 4.24000
v -5.82500 3.51500 4.24000
v -6.82500 3.57500 4.42000
v -5.82500 3.57500 4.42000
v -6.82500 3.51500 4.42000
v -5.82500 3.51500 4.42000
v -5.82500 3.57500 4.24000
v -6.82500 3.57500 4.24000
v -5.82500 3.51500 4.24000
v -6.82500 3.51500 4.24000
vt 0.00000 0.00000
vt 1.00000 0.00000
vt 0.00000 1.00000
vt 1.00000 1.00000
vt 0.00000 0.00000
vt 1.00000 0.00000
vt 0.00000 1.00000
vt 1.00000 1.00000
vt 0.00000 0.00000
vt 1.00000 0.00000
vt 0.00000 1.00000
vt 1.00000 1.00000
vt 0.00000 0.00000
vt 1.00000 0.00000
vt 0.00000 1.00000
vt 1.00000 1.00000
vt 0.00000 0.00000
vt 1.00000 0.00000
vt 0.00000 1.00000
vt 1.00000 1.00000
vt 0.00000 0.00000
vt 1.00000 0.00000
vt 0.00000 1.00000
vt 1.00000 1.00000
f 1273/1273 1275/1275 1274/1274
f 1275/1275 1276/1276 1274/1274
f 1277/1277 1279/1279 1278/1278
f 1279/1279 1280/1280 1278/1278
f 1281/1281 1283/1283 1282/1282
f 1283/1283 1284/1284 1282/1282
f 1285/1285 1287/1287 1286/1286
f 1287/1287 1288/1288 1286/1286
f 1289/1289 1291/1291 1290/1290
f 1291/1291 1292/1292 1290/1290
f 1293/1293 1295/1295 1294/1294
f 1295/1295 1296/1296 1294/1294
v 0.90000 5.12500 4.28000
v 0.90000 5.12500 4.18000
v 0.90000 3.57500 4.28000
v 0.90000 3.57500 4.18000
v 0.05000 5.12500 4.18000
v 0.05000 5.12500 4.28000
v 0.05000 3.57500 4.18000
v 0.05000 3.57500 4.28000
v 0.05000 5.12500 4.18000
v 0.90000 5.12500 4.18000
v 0.05000 5.12500 4.28000
v 0.90000 5.12500 4.28000
v 0.05000 3.57500 4.28000
v 0.90000 3.57500 4.28000
v 0.05000 3.57500 4.18000
v 0.90000 3.57500 4.18000
v 0.05000 5.12500 4.28000
v 0.90000 5.12500 4.28000
v 0.05000 3.57500 4.28000
v 0.90000 3.57500 4.28000
v 0.90000 5.12500 4.18000
v 0.05000 5.12500 4.18000
v 0.90000 3.57500 4.18000
v 0.05000 3.57500 4.18000
vt 0.00000 0.00000
vt 1.00000 0.00000
vt 0.00000 1.00000
vt 1.00000 1.00000
vt 0.00000 0.00000
vt 1.00000 0.00000
vt 0.00000 1.00000
vt 1.00000 1.00000
vt 0.00000 0.00000
vt 1.00000 0.00000
vt 0.00000 1.00000
vt 1.00000 1.00000
vt 0.00000 0.00000
vt 1.00000 0.00000
vt 0.00000 1.00000
vt 1.00000 1.00000
vt 0.00000 0.00000
vt 1.00000 0.00000
vt 0.00000 1.00000
vt 1.00000 1.00000
vt 0.00000 0.00000
vt 1.00000 0.00000
vt 0.00000 1.00000
vt 1.00000 1.00000
f 1297/1297 1299/1299 1298/1298
f 1299/1299 1300/1300 1298/1298
f 1301/1301 1303/1303 1302/1302
f 1303/1303 1304/1304 1302/1302
f 1305/1305 1307/1307 1306/1306
f 1307/1307 1308/1308 1306/1306
f 1309/1309 1311/1311 1310/1310
f 1311/1311 1312/1312 1310/1310
f 1313/1313 1315/1315 1314/1314
f 1315/1315 1316/1316 1314/1314
f 1317/1317 1319/1319 1318/1318
f 1319/1319 1320/1320 1318/1318
v 0.49250 5.01650 4.32000
v 0.49250 5.01650 4.29000
v 0.49250 3.68350 4.32000
v 0.49250 3.68350 4.29000
v 0.45750 5.01650 4.29000
v 0.45750 5.01650 4.32000
v 0.45750 3.68350 4.29000
v 0.45750 3.68350 4.32000
v 0.45750 5.01650 4.29000
v 0.49250 5.01650 4.29000
v 0.45750 5.01650 4.32000
v 0.49250 5.01650 4.32000
v 0.45750 3.68350 4.32000
v 0.49250 3.68350 4.32000
v 0.45750 3.68350 4.29000
v 0.49250 3.68350 4.29000
v 0.45750 5.01650 4.32000
v 0.49250 5.01650 4.32000
v 0.45750 3.68350 4.32000
v 0.49250 3.68350 4.32000
v 0.49250 5.01650 4.29000
v 0.45750 5.01650 4.29000
v 0.49250 3.68350 4.29000
v 0.45750 3.68350 4.29000
vt 0.00000 0.00000
vt 1.00000 0.00000
vt 0.00000 1.00000
vt 1.00000 1.00000
vt 0.00000 0.00000
vt 1.00000 0.00000
vt 0.00000 1.00000
vt 1.00000 1.00000
vt 0.00000 0.00000
vt 1.00000 0.00000
vt 0.00000 1.00000
vt 1.00000 1.00000
vt 0.00000 0.00000
vt 1.00000 0.00000
vt 0.00000 1.00000
vt 1.00000 1.00000
vt 0.00000 0.00000
vt 1.00000 0.00000
vt 0.00000 1.00000
vt 1.00000 1.00000
vt 0.00000 0.00000
vt 1.00000 0.00000
vt 0.00000 1.00000
vt 1.00000 1.00000
f 1321/1321 1323/1323 1322/1322
f 1323/1323 1324/1324 1322/1322
f 1325/1325 1327/1327 1326/1326
f 1327/1327 1328/1328 1326/1326
f 1329/1329 1331/1331 1330/1330
f 1331/1331 1332/1332 1330/1330
f 1333/1333 1335/1335 1334/1334
f 1335/1335 1336/1336 1334/1334
f 1337/1337 1339/1339 1338/1338
f 1339/1339 1340/1340 1338/1338
f 1341/1341 1343/1343 1342/1342
f 1343/1343 1344/1344 1342/1342
v 0.80650 4.36750 4.32000
v 0.80650 4.36750 4.29000
v 0.80650 4.33250 4.32000
v 0.80650 4.33250 4.29000
v 0.14350 4.36750 4.29000
v 0.14350 4.36750 4.32000
v 0.14350 4.33250 4.29000
v 0.14350 4.33250 4.32000
v 0.14350 4.36750 4.29000
v 0.80650 4.36750 4.29000
v 0.14350 4.36750 4.32000
v 0.80650 4.36750 4.32000
v 0.14350 4.33250 4.32000
v 0.80650 4.33250 4.32000
v 0.14350 4.33250 4.29000
v 0.80650 4.33250 4.29000
v 0.14350 4.36750 4.32000
v 0.80650 4.36750 4.32000
v 0.14350 4.33250 4.32000
v 0.80650 4.33250 4.32000
v 0.80650 4.36750 4.29000
v 0.14350 4.36750 4.29000
v 0.80650 4.33250 4.29000
v 0.14350 4.33250 4.29000
vt 0.00000 0.00000
vt 1.00000 0.00000
vt 0.00000 1.00000
vt 1.00000 1.00000
vt 0.00000 0.00000
vt 1.00000 0.00000
vt 0.00000 1.00000
vt 1.00000 1.00000
vt 0.00000 0.00000
vt 1.00000 0.00000
vt 0.00000 1.00000
vt 1.00000 1.00000
vt 0.00000 0.00000
vt 1.00000 0.00000
vt 0.00000 1.00000
vt 1.00000 1.00000
vt 0.00000 0.00000
vt 1.00000 0.00000
vt 0.00000 1.00000
vt 1.00000 1.00000
vt 0.00000 0.00000
vt 1.00000 0.00000
vt 0.00000 1.00000
vt 1.00000 1.00000
f 1345/1345 1347/1347 1346/1346
f 1347/1347 1348/1348 1346/1346
f 1349/1349 1351/1351 1350/1350
f 1351/1351 1352/1352 1350/1350
f 1353/1353 1355/1355 1354/1354
f 1355/1355 1356/1356 1354/1354
f 1357/1357 1359/1359 1358/1358
f 1359/1359 1360/1360 1358/1358
f 1361/1361 1363/1363 1362/1362
f 1363/1363 1364/1364 1362/1362
f 1365/1365 1367/1367 1366/1366
f 1367/1367 1368/1368 1366/1366
v 0.97500 3.57500 4.42000
v 0.97500 3.57500 4.24000
v 0.97500 3.51500 4.42000
v 0.97500 3.51500 4.24000
v -0.02500 3.57500 4.24000
v -0.02500 3.57500 4.42000
v -0.02500 3.51500 4.24000
v -0.02500 3.51500 4.42000
v -0.02500 3.57500 4.24000
v 0.97500 3.57500 4.24000
v -0.02500 3.57500 4.42000
v 0.97500 3.57500 4.42000
v -0.02500 3.51500 4.42000
v 0.97500 3.51500 4.42000
v -0.02500 3.51500 4.24000
v 0.97500 3.51500 4.24000
v -0.02500 3.57500 4.42000
v 0.97500 3.57500 4.42000
v -0.02500 3.51500 4.42000
v 0.97500 3.51500 4.42000
v 0.97500 3.57500 4.24000
v -0.02500 3.57500 4.24000
v 0.97500 3.51500 4.24000
v -0.02500 3.51500 4.24000
vt 0.00000 0.00000
vt 1.00000 0.00000
vt 0.00000 1.00000
vt 1.00000 1.00000
vt 0.00000 0.00000
vt 1.00000 0.00000
vt 0.00000 1.00000
vt 1.00000 1.00000
vt 0.00000 0.00000
vt 1.00000 0.00000
vt 0.00000 1.00000
vt 1.00000 1.00000
vt 0.00000 0.00000
vt 1.00000 0.00000
vt 0.00000 1.00000
vt 1.00000 1.00000
vt 0.00000 0.00000
vt 1.00000 0.00000
vt 0.00000 1.00000
vt 1.00000 1.00000
vt 0.00000 0.00000
vt 1.00000 0.00000
vt 0.00000 1.00000
vt 1.00000 1.00000
f 1369/1369 1371/1371 1370/1370
f 1371/1371 1372/1372 1370/1370
f 1373/1373 1375/1375 1374/1374
f 1375/1375 1376/1376 1374/1374
f 1377/1377 1379/1379 1378/1378
f 1379/1379 1380/1380 1378/1378
f 1381/1381 1383/1383 1382/1382
f 1383/1383 1384/1384 1382/1382
f 1385/1385 1387/1387 1386/1386
f 1387/1387 1388/1388 1386/1386
f 1389/1389 1391/1391 1390/1390
f 1391/1391 1392/1392 1390/1390
v 3.90000 5.12500 4.28000
v 3.90000 5.12500 4.18000
v 3.90000 3.57500 4.28000
v 3.90000 3.57500 4.18000
v 3.05000 5.12500 4.18000
v 3.05000 5.12500 4.28000
v 3.05000 3.57500 4.18000
v 3.05000 3.57500 4.28000
v 3.05000 5.12500 4.18000
v 3.90000 5.12500 4.18000
v 3.05000 5.12500 4.28000
v 3.90000 5.12500 4.28000
v 3.05000 3.57500 4.28000
v 3.90000 3.57500 4.28000
v 3.05000 3.57500 4.18000
v 3.90000 3.57500 4.18000
v 3.05000 5.12500 4.28000
v 3.90000 5.12500 4.28000
v 3.05000 3.57500 4.28000
v 3.90000 3.57500 4.28000
v 3.90000 5.12500 4.18000
v 3.05000 5.12500 4.18000
v 3.90000 3.57500 4.18000
v 3.05000 3.57500 4.18000
vt 0.00000 0.00000
vt 1.00000 0.00000
vt 0.00000 1.00000
vt 1.00000 1.00000
vt 0.00000 0.00000
vt 1.00000 0.00000
vt 0.00000 1.00000
vt 1.00000 1.00000
vt 0.00000 0.00000
vt 1.00000 0.00000
vt 0.00000 1.00000
vt 1.00000 1.00000
vt 0.00000 0.00000
vt 1.00000 0.00000
vt 0.00000 1.00000
vt 1.00000 1.00000
vt 0.00000 0.00000
vt 1.00000 0.00000
vt 0.00000 1.00000
vt 1.00000 1.00000
vt 0.00000 0.00000
vt 1.00000 0.00000
vt 0.00000 1.00000
vt 1.00000 1.00000
f 1393/1393 1395/1395 1394/1394
f 1395/1395 1396/1396 1394/1394
f 1397/1397 1399/1399 1398/1398
f 1399/1399 1400/1400 1398/1398
f 1401/1401 1403/1403 1402/1402
f 1403/1403 1404/1404 1402/1402
f 1405/1405 1407/1407 1406/1406
f 1407/1407 1408/1408 1406/1406
f 1409/1409 1411/1411 1410/1410
f 1411/1411 1412/1412 1410/1410
f 1413/1413 1415/1415 1414/1414
f 1415/1415 1416/1416 1414/1414
v 3.49250 5.01650 4.32000
v 3.49250 5.01650 4.29000
v 3.49250 3.68350 4.32000
v 3.49250 3.68350 4.29000
v 3.45750 5.01650 4.29000
v 3.45750 5.01650 4.32000
v 3.45750 3.68350 4.29000
v 3.45750 3.68350 4.32000
v 3.45750 5.01650 4.29000
v 3.49250 5.01650 4.29000
v 3.45750 5.01650 4.32000
v 3.49250 5.01650 4.32000
v 3.45750 3.68350 4.32000
v 3.49250 3.68350 4.32000
v 3.45750 3.68350 4.29000
v 3.49250 3.68350 4.29000
v 3.45750 5.01650 4.32000
v 3.49250 5.01650 4.32000
v 3.45750 3.68350 4.32000
v 3.49250 3.68350 4.32000
v 3.49250 5.01650 4.29000
v 3.45750 5.01650 4.29000
v 3.49250 3.68350 4.29000
v 3.45750 3.68350 4.29000
vt 0.00000 0.00000
vt 1.00000 0.00000
vt 0.00000 1.00000
vt 1.00000 1.00000
vt 0.00000 0.00000
vt 1.00000 0.00000
vt 0.00000 1.00000
vt 1.00000 1.00000
vt 0.00000 0.00000
vt 1.00000 0.00000
vt 0.00000 1.00000
vt 1.00000 1.00000
vt 0.00000 0.00000
vt 1.00000 0.00000
vt 0.00000 1.00000
vt 1.00000 1.00000
vt 0.00000 0.00000
vt 1.00000 0.00000
vt 0.00000 1.00000
vt 1.00000 1.00000
vt 0.00000 0.00000
vt 1.00000 0.00000
vt 0.00000 1.00000
vt 1.00000 1.00000
f 1417/1417 1419/1419 1418/1418
f 1419/1419 1420/1420 1418/1418
f 1421/1421 1423/1423 1422/1422
f 1423/1423 1424/1424 1422/1422
f 1425/1425 1427/1427 1426/1426
f 1427/1427 1428/1428 1426/1426
f 1429/1429 1431/1431 1430/1430
f 1431/1431 1432/1432 1430/1430
f 1433/1433 1435/1435 1434/1434
f 1435/1435 1436/1436 1434/1434
f 1437/1437 1439/1439 1438/1438
f 1439/1439 1440/1440 1438/1438
v 3.80650 4.36750 4.32000
v 3.80650 4.36750 4.29000
v 3.80650 4.33250 4.32000
v 3.80650 4.33250 4.29000
v 3.14350 4.36750 4.29000
v 3.14350 4.36750 4.32000
v 3.14350 4.33250 4.29000
v 3.14350 4.33250 4.32000
v 3.14350 4.36750 4.29000
v 3.80650 4.36750 4.29000
v 3.14350 4.36750 4.32000
v 3.80650 4.36750 4.32000
v 3.14350 4.33250 4.32000
v 3.80650 4.33250 4.32000
v 3.14350 4.33250 4.29000
v 3.80650 4.33250 4.29000
v 3.14350 4.36750 4.32000
v 3.80650 4.36750 4.32000
v 3.14350 4.33250 4.32000
v 3.80650 4.33250 4.32000
v 3.80650 4.36750 4.29000
v 3.14350 4.36750 4.29000
v 3.80650 4.33250 4.29000
v 3.14350 4.33250 4.29000
vt 0.00000 0.00000
vt 1.00000 0.00000
vt 0.00000 1.00000
vt 1.00000 1.00000
vt 0.00000 0.00000
vt 1.00000 0.00000
vt 0.00000 1.00000
vt 1.00000 1.00000
vt 0.00000 0.00000
vt 1.00000 0.00000
vt 0.00000 1.00000
vt 1.00000 1.00000
vt 0.00000 0.00000
vt 1.00000 0.00000
vt 0.00000 1.00000
vt 1.00000 1.00000
vt 0.00000 0.00000
vt 1.00000 0.00000
vt 0.00000 1.00000
vt 1.00000 1.00000
vt 0.00000 0.00000
vt 1.00000 0.00000
vt 0.00000 1.00000
vt 1.00000 1.00000
f 1441/1441 1443/1443 1442/1442
f 1443/1443 1444/1444 1442/1442
f 1445/1445 1447/1447 1446/1446
f 1447/1447 1448/1448 1446/1446
f 1449/1449 1451/1451 1450/1450
f 1451/1451 1452/1452 1450/1450
f 1453/1453 1455/1455 1454/1454
f 1455/1455 1456/1456 1454/1454
f 1457/1457 1459/1459 1458/1458
f 1459/1459 1460/1460 1458/1458
f 1461/1461 1463/1463 1462/1462
f 1463/1463 1464/1464 1462/1462
v 3.97500 3.57500 4.42000
v 3.97500 3.57500 4.24000
v 3.97500 3.51500 4.42000
v 3.97500 3.51500 4.24000
v 2.97500 3.57500 4.24000
v 2.97500 3.57500 4.42000
v 2.97500 3.51500 4.24000
v 2.97500 3.51500 4.42000
v 2.97500 3.57500 4.24000
v 3.97500 3.57500 4.24000
v 2.97500 3.57500 4.42000
v 3.97500 3.57500 4.42000
v 2.97500 3.51500 4.42000
v 3.97500 3.51500 4.42000
v 2.97500 3.51500 4.24000
v 3.97500 3.51500 4.24000
v 2.97500 3.57500 4.42000
v 3.97500 3.57500 4.42000
v 2.97500 3.51500 4.42000
v 3.97500 3.51500 4.42000
v 3.97500 3.57500 4.24000
v 2.97500 3.57500 4.24000
v 3.97500 3.51500 4.24000
v 2.97500 3.51500 4.24000
vt 0.00000 0.00000
vt 1.00000 0.00000
vt 0.00000 1.00000
vt 1.00000 1.00000
vt 0.00000 0.00000
vt 1.00000 0.00000
vt 0.00000 1.00000
vt 1.00000 1.00000
vt 0.00000 0.00000
vt 1.00000 0.00000
vt 0.00000 1.00000
vt 1.00000 1.00000
vt 0.00000 0.00000
vt 1.00000 0.00000
vt 0.00000 1.00000
vt 1.00000 1.00000
vt 0.00000 0.00000
vt 1.00000 0.00000
vt 0.00000 1.00000
vt 1.00000 1.00000
vt 0.00000 0.00000
vt 1.00000 0.00000
vt 0.00000 1.00000
vt 1.00000 1.00000
f 1465/1465 1467/1467 1466/1466
f 1467/1467 1468/1468 1466/1466
f 1469/1469 1471/1471 1470/1470
f 1471/1471 1472/1472 1470/1470
f 1473/1473 1475/1475 1474/1474
f 1475/1475 1476/1476 1474/1474
f 1477/1477 1479/1479 1478/1478
f 1479/1479 1480/1480 1478/1478
f 1481/1481 1483/1483 1482/1482
f 1483/1483 1484/1484 1482/1482
f 1485/1485 1487/1487 1486/1486
f 1487/1487 1488/1488 1486/1486
v -3.92500 5.17500 5.68000
v -3.92500 5.17500 5.58000
v -3.92500 3.62500 5.68000
v -3.92500 3.62500 5.58000
v -4.72500 5.17500 5.58000
v -4.72500 5.17500 5.68000
v -4.72500 3.62500 5.58000
v -4.72500 3.62500 5.68000
v -4.72500 5.17500 5.58000
v -3.92500 5.17500 5.58000
v -4.72500 5.17500 5.68000
v -3.92500 5.17500 5.68000
v -4.72500 3.62500 5.68000
v -3.92500 3.62500 5.68000
v -4.72500 3.62500 5.58000
v -3.92500 3.62500 5.58000
v -4.72500 5.17500 5.68000
v -3.92500 5.17500 5.68000
v -4.72500 3.62500 5.68000
v -3.92500 3.62500 5.68000
v -3.92500 5.17500 5.58000
v -4.72500 5.17500 5.58000
v -3.92500 3.62500 5.58000
v -4.72500 3.62500 5.58000
vt 0.00000 0.00000
vt 1.00000 0.00000
vt 0.00000 1.00000
vt 1.00000 1.00000
vt 0.00000 0.00000
vt 1.00000 0.00000
vt 0.00000 1.00000
vt 1.00000 1.00000
vt 0.00000 0.00000
vt 1.00000 0.00000
vt 0.00000 1.00000
vt 1.00000 1.00000
vt 0.00000 0.00000
vt 1.00000 0.00000
vt 0.00000 1.00000
vt 1.00000 1.00000
vt 0.00000 0.00000
vt 1.00000 0.00000
vt 0.00000 1.00000
vt 1.00000 1.00000
vt 0.00000 0.00000
vt 1.00000 0.00000
vt 0.00000 1.00000
vt 1.00000 1.00000
f 1489/1489 1491/1491 1490/1490
f 1491/1491 1492/1492 1490/1490
f 1493/1493 1495/1495 1494/1494
f 1495/1495 1496/1496 1494/1494
f 1497/1497 1499/1499 1498/1498
f 1499/1499 1500/1500 1498/1498
f 1501/1501 1503/1503 1502/1502
f 1503/1503 1504/1504 1502/1502
f 1505/1505 1507/1507 1506/1506
f 1507/1507 1508/1508 1506/1506
f 1509/1509 1511/1511 1510/1510
f 1511/1511 1512/1512 1510/1510
v -4.30750 5.06650 5.72000
v -4.30750 5.06650 5.69000
v -4.30750 3.73350 5.72000
v -4.30750 3.73350 5.69000
v -4.34250 5.06650 5.69000
v -4.34250 5.06650 5.72000
v -4.34250 3.73350 5.69000
v -4.34250 3.73350 5.72000
v -4.34250 5.06650 5.69000
v -4.30750 5.06650 5.69000
v -4.34250 5.06650 5.72000
v -4.30750 5.06650 5.72000
v -4.34250 3.73350 5.72000
v -4.30750 3.73350 5.72000
v -4.34250 3.73350 5.69000
v -4.30750 3.73350 5.69000
v -4.34250 5.06650 5.72000
v -4.30750 5.06650 5.72000
v -4.34250 3.73350 5.72000
v -4.30750 3.73350 5.72000
v -4.30750 5.06650 5.69000
v -4.34250 5.06650 5.69000
v -4.30750 3.73350 5.69000
v -4.34250 3.73350 5.69000
vt 0.00000 0.00000
vt 1.00000 0.00000
vt 0.00000 1.00000
vt 1.00000 1.00000
vt 0.00000 0.00000
vt 1.00000 0.00000
vt 0.00000 1.00000
vt 1.00000 1.00000
vt 0.00000 0.00000
vt 1.00000 0.00000
vt 0.00000 1.00000
vt 1.00000 1.00000
vt 0.00000 0.00000
vt 1.00000 0.00000
vt 0.00000 1.00000
vt 1.00000 1.00000
vt 0.00000 0.00000
vt 1.00000 0.00000
vt 0.00000 1.00000
vt 1.00000 1.00000
vt 0.00000 0.00000
vt 1.00000 0.00000
vt 0.00000 1.00000
vt 1.00000 1.00000
f 1513/1513 1515/1515 1514/1514
f 1515/1515 1516/1516 1514/1514
f 1517/1517 1519/1519 1518/1518
f 1519/1519 1520/1520 1518/1518
f 1521/1521 1523/1523 1522/1522
f 1523/1523 1524/1524 1522/1522
f 1525/1525 1527/1527 1526/1526
f 1527/1527 1528/1528 1526/1526
f 1529/1529 1531/1531 1530/1530
f 1531/1531 1532/1532 1530/1530
f 1533/1533 1535/1535 1534/1534
f 1535/1535 1536/1536 1534/1534
v -4.01300 4.41750 5.72000
v -4.01300 4.41750 5.69000
v -4.01300 4.38250 5.72000
v -4.01300 4.38250 5.69000
v -4.63700 4.41750 5.69000
v -4.63700 4.41750 5.72000
v -4.63700 4.38250 5.69000
v -4.63700 4.38250 5.72000
v -4.63700 4.41750 5.69000
v -4.01300 4.41750 5.69000
v -4.63700 4.41750 5.72000
v -4.01300 4.41750 5.72000
v -4.63700 4.38250 5.72000
v -4.01300 4.38250 5.72000
v -4.63700 4.38250 5.69000
v -4.01300 4.38250 5.69000
v -4.63700 4.41750 5.72000
v -4.01300 4.41750 5.72000
v -4.63700 4.38250 5.72000
v -4.01300 4.38250 5.72000
v -4.01300 4.41750 5.69000
v -4.63700 4.41750 5.69000
v -4.01300 4.38250 5.69000
v -4.63700 4.38250 5.69000
vt 0.00000 0.00000
vt 1.00000 0.00000
vt 0.00000 1.00000
vt 1.00000 1.00000
vt 0.00000 0.00000
vt 1.00000 0.00000
vt 0.00000 1.00000
vt 1.00000 1.00000
vt 0.00000 0.00000
vt 1.00000 0.00000
vt 0.00000 1.00000
vt 1.00000 1.00000
vt 0.00000 0.00000
vt 1.00000 0.00000
vt 0.00000 1.00000
vt 1.00000 1.00000
vt 0.00000 0.00000
vt 1.00000 0.00000
vt 0.00000 1.00000
vt 1.00000 1.00000
vt 0.00000 0.00000
vt 1.00000 0.00000
vt 0.00000 1.00000
vt 1.00000 1.00000
f 1537/1537 1539/1539 1538/1538
f 1539/1539 1540/1540 1538/1538
f 1541/1541 1543/1543 1542/1542
f 1543/1543 1544/1544 1542/1542
f 1545/1545 1547/1547 1546/1546
f 1547/1547 1548/1548 1546/1546
f 1549/1549 1551/1551 1550/1550
f 1551/1551 1552/1552 1550/1550
f 1553/1553 1555/1555 1554/1554
f 1555/1555 1556/1556 1554/1554
f 1557/1557 1559/1559 1558/1558
f 1559/1559 1560/1560 1558/1558
v -3.85000 3.62500 5.82000
v -3.85000 3.62500 5.64000
v -3.85000 3.56500 5.82000
v -3.85000 3.56500 5.64000
v -4.80000 3.62500 5.64000
v -4.80000 3.62500 5.82000
v -4.80000 3.56500 5.64000
v -4.80000 3.56500 5.82000
v -4.80000 3.62500 5.64000
v -3.85000 3.62500 5.64000
v -4.80000 3.62500 5.82000
v -3.85000 3.62500 5.82000
v -4.80000 3.56500 5.82000
v -3.85000 3.56500 5.82000
v -4.80000 3.56500 5.64000
v -3.85000 3.56500 5.64000
v -4.80000 3.62500 5.82000
v -3.85000 3.62500 5.82000
v -4.80000 3.56500 5.82000
v -3.85000 3.56500 5.82000
v -3.85000 3.62500 5.64000
v -4.80000 3.62500 5.64000
v -3.85000 3.56500 5.64000
v -4.80000 3.56500 5.64000
vt 0.00000 0.00000
vt 1.00000 0.00000
vt 0.00000 1.00000
vt 1.00000 1.00000
vt 0.00000 0.00000
vt 1.00000 0.00000
vt 0.00000 1.00000
vt 1.00000 1.00000
vt 0.00000 0.00000
vt 1.00000 0.00000
vt 0.00000 1.00000
vt 1.00000 1.00000
vt 0.00000 0.00000
vt 1.00000 0.00000
vt 0.00000 1.00000
vt 1.00000 1.00000
vt 0.00000 0.00000
vt 1.00000 0.00000
vt 0.00000 1.00000
vt 1.00000 1.00000
vt 0.00000 0.00000
vt 1.00000 0.00000
vt 0.00000 1.00000
vt 1.00000 1.00000
f 1561/1561 1563/1563 1562/1562
f 1563/1563 1564/1564 1562/1562
f 1565/1565 1567/1567 1566/1566
f 1567/1567 1568/1568 1566/1566
f 1569/1569 1571/1571 1570/1570
f 1571/1571 1572/1572 1570/1570
f 1573/1573 1575/1575 1574/1574
f 1575/1575 1576/1576 1574/1574
f 1577/1577 1579/1579 1578/1578
f 1579/1579 1580/1580 1578/1578
f 1581/1581 1583/1583 1582/1582
f 1583/1583 1584/1584 1582/1582
v -3.92500 2.82500 5.68000
v -3.92500 2.82500 5.58000
v -3.92500 1.27500 5.68000
v -3.92500 1.27500 5.58000
v -4.72500 2.82500 5.58000
v -4.72500 2.82500 5.68000
v -4.72500 1.27500 5.58000
v -4.72500 1.27500 5.68000
v -4.72500 2.82500 5.58000
v -3.92500 2.82500 5.58000
v -4.72500 2.82500 5.68000
v -3.92500 2.82500 5.68000
v -4.72500 1.27500 5.68000
v -3.92500 1.27500 5.68000
v -4.72500 1.27500 5.58000
v -3.92500 1.27500 5.58000
v -4.72500 2.82500 5.68000
v -3.92500 2.82500 5.68000
v -4.72500 1.27500 5.68000
v -3.92500 1.27500 5.68000
v -3.92500 2.82500 5.58000
v -4.72500 2.82500 5.58000
v -3.92500 1.27500 5.58000
v -4.72500 1.27500 5.58000
vt 0.00000 0.00000
vt 1.00000 0.00000
vt 0.00000 1.00000
vt 1.00000 1.00000
vt 0.00000 0.00000
vt 1.00000 0.00000
vt 0.00000 1.00000
vt 1.00000 1.00000
vt 0.00000 0.00000
vt 1.00000 0.00000
vt 0.00000 1.00000
vt 1.00000 1.00000
vt 0.00000 0.00000
vt 1.00000 0.00000
vt 0.00000 1.00000
vt 1.00000 1.00000
vt 0.00000 0.00000
vt 1.00000 0.00000
vt 0.00000 1.00000
vt 1.00000 1.00000
vt 0.00000 0.00000
vt 1.00000 0.00000
vt 0.00000 1.00000
vt 1.00000 1.00000
f 1585/1585 1587/1587 1586/1586
f 1587/1587 1588/1588 1586/1586
f 1589/1589 1591/1591 1590/1590
f 1591/1591 1592/1592 1590/1590
f 1593/1593 1595/1595 1594/1594
f 1595/1595 1596/1596 1594/1594
f 1597/1597 1599/1599 1598/1598
f 1599/1599 1600/1600 1598/1598
f 1601/1601 1603/1603 1602/1602
f 1603/1603 1604/1604 1602/1602
f 1605/1605 1607/1607 1606/1606
f 1607/1607 1608/1608 1606/1606
v -4.30750 2.71650 5.72000
v -4.30750 2.71650 5.69000
v -4.30750 1.38350 5.72000
v -4.30750 1.38350 5.69000
v -4.34250 2.71650 5.69000
v -4.34250 2.71650 5.72000
v -4.34250 1.38350 5.69000
v -4.34250 1.38350 5.72000
v -4.34250 2.71650 5.69000
v -4.30750 2.71650 5.69000
v -4.34250 2.71650 5.72000
v -4.30750 2.71650 5.72000
v -4.34250 1.38350 5.72000
v -4.30750 1.38350 5.72000
v -4.34250 1.38350 5.69000
v -4.30750 1.38350 5.69000
v -4.34250 2.71650 5.72000
v -4.30750 2.71650 5.72000
v -4.34250 1.38350 5.72000
v -4.30750 1.38350 5.72000
v -4.30750 2.71650 5.69000
v -4.34250 2.71650 5.69000
v -4.30750 1.38350 5.69000
v -4.34250 1.38350 5.69000
vt 0.00000 0.00000
vt 1.00000 0.00000
vt 0.00000 1.00000
vt 1.00000 1.00000
vt 0.00000 0.00000
vt 1.00000 0.00000
vt 0.00000 1.00000
vt 1.00000 1.00000
vt 0.00000 0.00000
vt 1.00000 0.00000
vt 0.00000 1.00000
vt 1.00000 1.00000
vt 0.00000 0.00000
vt 1.00000 0.00000
vt 0.00000 1.00000
vt 1.00000 1.00000
vt 0.00000 0.00000
vt 1.00000 0.00000
vt 0.00000 1.00000
vt 1.00000 1.00000
vt 0.00000 0.00000
vt 1.00000 0.00000
vt 0.00000 1.00000
vt 1.00000 1.00000
f 1609/1609 1611/1611 1610/1610
f 1611/1611 1612/1612 1610/1610
f 1613/1613 1615/1615 1614/1614
f 1615/1615 1616/1616 1614/1614
f 1617/1617 1619/1619 1618/1618
f 1619/1619 1620/1620 1618/1618
f 1621/1621 1623/1623 1622/1622
f 1623/1623 1624/1624 1622/1622
f 1625/1625 1627/1627 1626/1626
f 1627/1627 1628/1628 1626/1626
f 1629/1629 1631/1631 1630/1630
f 1631/1631 1632/1632 1630/1630
v -4.01300 2.06750 5.72000
v -4.01300 2.06750 5.69000
v -4.01300 2.03250 5.72000
v -4.01300 2.03250 5.69000
v -4.63700 2.06750 5.69000
v -4.63700 2.06750 5.72000
v -4.63700 2.03250 5.69000
v -4.63700 2.03250 5.72000
v -4.63700 2.06750 5.69000
v -4.01300 2.06750 5.69000
v -4.63700 2.06750 5.72000
v -4.01300 2.06750 5.72000
v -4.63700 2.03250 5.72000
v -4.01300 2.03250 5.72000
v -4.63700 2.03250 5.69000
v -4.01300 2.03250 5.69000
v -4.63700 2.06750 5.72000
v -4.01300 2.06750 5.72000
v -4.63700 2.03250 5.72000
v -4.01300 2.03250 5.72000
v -4.01300 2.06750 5.69000
v -4.63700 2.06750 5.69000
v -4.01300 2.03250 5.69000
v -4.63700 2.03250 5.69000
vt 0.00000 0.00000
vt 1.00000 0.00000
vt 0.00000 1.00000
vt 1.00000 1.00000
vt 0.00000 0.00000
vt 1.00000 0.00000
vt 0.00000 1.00000
vt 1.00000 1.00000
vt 0.00000 0.00000
vt 1.00000 0.00000
vt 0.00000 1.00000
vt 1.00000 1.00000
vt 0.00000 0.00000
vt 1.00000 0.00000
vt 0.00000 1.00000
vt 1.00000 1.00000
vt 0.00000 0.00000
vt 1.00000 0.00000
vt 0.00000 1.00000
vt 1.00000 1.00000
vt 0.00000 0.00000
vt 1.00000 0.00000
vt 0.00000 1.00000
vt 1.00000 1.00000
f 1633/1633 1635/1635 1634/1634
f 1635/1635 1636/1636 1634/1634
f 1637/1637 1639/1639 1638/1638
f 1639/1639 1640/1640 1638/1638
f 1641/1641 1643/1643 1642/1642
f 1643/1643 1644/1644 1642/1642
f 1645/1645 1647/1647 1646/1646
f 1647/1647 1648/1648 1646/1646
f 1649/1649 1651/1651 1650/1650
f 1651/1651 1652/1652 1650/1650
f 1653/1653 1655/1655 1654/1654
f 1655/1655 1656/1656 1654/1654
v -3.85000 1.27500 5.82000
v -3.85000 1.27500 5.64000
v -3.85000 1.21500 5.82000
v -3.85000 1.21500 5.64000
v -4.80000 1.27500 5.64000
v -4.80000 1.27500 5.82000
v -4.80000 1.21500 5.64000
v -4.80000 1.21500 5.82000
v -4.80000 1.27500 5.64000
v -3.85000 1.27500 5.64000
v -4.80000 1.27500 5.82000
v -3.85000 1.27500 5.82000
v -4.80000 1.21500 5.82000
v -3.85000 1.21500 5.82000
v -4.80000 1.21500 5.64000
v -3.85000 1.21500 5.64000
v -4.80000 1.27500 5.82000
v -3.85000 1.27500 5.82000
v -4.80000 1.21500 5.82000
v -3.85000 1.21500 5.82000
v -3.85000 1.27500 5.64000
v -4.80000 1.27500 5.64000
v -3.85000 1.21500 5.64000
v -4.80000 1.21500 5.64000
vt 0.00000 0.00000
vt 1.00000 0.00000
vt 0.00000 1.00000
vt 1.00000 1.00000
vt 0.00000 0.00000
vt 1.00000 0.00000
vt 0.00000 1.00000
vt 1.00000 1.00000
vt 0.00000 0.00000
vt 1.00000 0.00000
vt 0.00000 1.00000
vt 1.00000 1.00000
vt 0.00000 0.00000
vt 1.00000 0.00000
vt 0.00000 1.00000
vt 1.00000 1.00000
vt 0.00000 0.00000
vt 1.00000 0.00000
vt 0.00000 1.00000
vt 1.00000 1.00000
vt 0.00000 0.00000
vt 1.00000 0.00000
vt 0.00000 1.00000
vt 1.00000 1.00000
f 1657/1657 1659/1659 1658/1658
f 1659/1659 1660/1660 1658/1658
f 1661/1661 1663/1663 1662/1662
f 1663/1663 1664/1664 1662/1662
f 1665/1665 1667/1667 1666/1666
f 1667/1667 1668/1668 1666/1666
f 1669/1669 1671/1671 1670/1670
f 1671/1671 1672/1672 1670/1670
f 1673/1673 1675/1675 1674/1674
f 1675/1675 1676/1676 1674/1674
f 1677/1677 1679/1679 1678/1678
f 1679/1679 1680/1680 1678/1678
v -2.52500 5.17500 5.68000
v -2.52500 5.17500 5.58000
v -2.52500 3.62500 5.68000
v -2.52500 3.62500 5.58000
v -3.32500 5.17500 5.58000
v -3.32500 5.17500 5.68000
v -3.32500 3.62500 5.58000
v -3.32500 3.62500 5.68000
v -3.32500 5.17500 5.58000
v -2.52500 5.17500 5.58000
v -3.32500 5.17500 5.68000
v -2.52500 5.17500 5.68000
v -3.32500 3.62500 5.68000
v -2.52500 3.62500 5.68000
v -3.32500 3.62500 5.58000
v -2.52500 3.62500 5.58000
v -3.32500 5.17500 5.68000
v -2.52500 5.17500 5.68000
v -3.32500 3.62500 5.68000
v -2.52500 3.62500 5.68000
v -2.52500 5.17500 5.58000
v -3.32500 5.17500 5.58000
v -2.52500 3.62500 5.58000
v -3.32500 3.62500 5.58000
vt 0.00000 0.00000
vt 1.00000 0.00000
vt 0.00000 1.00000
vt 1.00000 1.00000
vt 0.00000 0.00000
vt 1.00000 0.00000
vt 0.00000 1.00000
vt 1.00000 1.00000
vt 0.00000 0.00000
vt 1.00000 0.00000
vt 0.00000 1.00000
vt 1.00000 1.00000
vt 0.00000 0.00000
vt 1.00000 0.00000
vt 0.00000 1.00000
vt 1.00000 1.00000
vt 0.00000 0.00000
vt 1.00000 0.00000
vt 0.00000 1.00000
vt 1.00000 1.00000
vt 0.00000 0.00000
vt 1.00000 0.00000
vt 0.00000 1.00000
vt 1.00000 1.00000
f 1681/1681 1683/1683 1682/1682
f 1683/1683 1684/1684 1682/1682
f 1685/1685 1687/1687 1686/1686
f 1687/1687 1688/1688 1686/1686
f 1689/1689 1691/1691 1690/1690
f 1691/1691 1692/1692 1690/1690
f 1693/1693 1695/1695 1694/1694
f 1695/1695 1696/1696 1694/1694
f 1697/1697 1699/1699 1698/1698
f 1699/1699 1700/1700 1698/1698
f 1701/1701 1703/1703 1702/1702
f 1703/1703 1704/1704 1702/1702
v -2.90750 5.06650 5.72000
v -2.90750 5.06650 5.69000
v -2.90750 3.73350 5.72000
v -2.90750 3.73350 5.69000
v -2.94250 5.06650 5.69000
v -2.94250 5.06650 5.72000
v -2.94250 3.73350 5.69000
v -2.94250 3.73350 5.72000
v -2.94250 5.06650 5.69000
v -2.90750 5.06650 5.69000
v -2.94250 5.06650 5.72000
v -2.90750 5.06650 5.72000
v -2.94250 3.73350 5.72000
v -2.90750 3.73350 5.72000
v -2.94250 3.73350 5.69000
v -2.90750 3.73350 5.69000
v -2.94250 5.06650 5.72000
v -2.90750 5.06650 5.72000
v -2.94250 3.73350 5.72000
v -2.90750 3.73350 5.72000
v -2.90750 5.06650 5.69000
v -2.94250 5.06650 5.69000
v -2.90750 3.73350 5.69000
v -2.94250 3.73350 5.69000
vt 0.00000 0.00000
vt 1.00000 0.00000
vt 0.00000 1.00000
vt 1.00000 1.00000
vt 0.00000 0.00000
vt 1.00000 0.00000
vt 0.00000 1.00000
vt 1.00000 1.00000
vt 0.00000 0.00000
vt 1.00000 0.00000
vt 0.00000 1.00000
vt 1.00000 1.00000
vt 0.00000 0.00000
vt 1.00000 0.00000
vt 0.00000 1.00000
vt 1.00000 1.00000
vt 0.00000 0.00000
vt 1.00000 0.00000
vt 0.00000 1.00000
vt 1.00000 1.00000
vt 0.00000 0.00000
vt 1.00000 0.00000
vt 0.00000 1.00000
vt 1.00000 1.00000
f 1705/1705 1707/1707 1706/1706
f 1707/1707 1708/1708 1706/1706
f 1709/1709 1711/1711 1710/1710
f 1711/1711 1712/1712 1710/1710
f 1713/1713 1715/1715 1714/1714
f 1715/1715 1716/1716 1714/1714
f 1717/1717 1719/1719 1718/1718
f 1719/1719 1720/1720 1718/1718
f 1721/1721 1723/1723 1722/1722
f 1723/1723 1724/1724 1722/1722
f 1725/1725 1727/1727 1726/1726
f 1727/1727 1728/1728 1726/1726
v -2.61300 4.41750 5.72000
v -2.61300 4.41750 5.69000
v -2.61300 4.38250 5.72000
v -2.61300 4.38250 5.69000
v -3.23700 4.41750 5.69000
v -3.23700 4.41750 5.72000
v -3.23700 4.38250 5.69000
v -3.23700 4.38250 5.72000
v -3.23700 4.41750 5.69000
v -2.61300 4.41750 5.69000
v -3.23700 4.41750 5.72000
v -2.61300 4.41750 5.72000
v -3.23700 4.38250 5.72000
v -2.61300 4.38250 5.72000
v -3.23700 4.38250 5.69000
v -2.61300 4.38250 5.69000
v -3.23700 4.41750 5.72000
v -2.61300 4.41750 5.72000
v -3.23700 4.38250 5.72000
v -2.61300 4.38250 5.72000
v -2.61300 4.41750 5.69000
v -3.23700 4.41750 5.69000
v -2.61300 4.38250 5.69000
v -3.23700 4.38250 5.69000
vt 0.00000 0.00000
vt 1.00000 0.00000
vt 0.00000 1.00000
vt 1.00000 1.00000
vt 0.00000 0.00000
vt 1.00000 0.00000
vt 0.00000 1.00000
vt 1.00000 1.00000
vt 0.00000 0.00000
vt 1.00000 0.00000
vt 0.00000 1.00000
vt 1.00000 1.00000
vt 0.00000 0.00000
vt 1.00000 0.00000
vt 0.00000 1.00000
vt 1.00000 1.00000
vt 0.00000 0.00000
vt 1.00000 0.00000
vt 0.00000 1.00000
vt 1.00000 1.00000
vt 0.00000 0.00000
vt 1.00000 0.00000
vt 0.00000 1.00000
vt 1.00000 1.00000
f 1729/1729 1731/1731 1730/1730
f 1731/1731 1732/1732 1730/1730
f 1733/1733 1735/1735 1734/1734
f 1735/1735 1736/1736 1734/1734
f 1737/1737 1739/1739 1738/1738
f 1739/1739 1740/1740 1738/1738
f 1741/1741 1743/1743 1742/1742
f 1743/1743 1744/1744 1742/1742
f 1745/1745 1747/1747 1746/1746
f 1747/1747 1748/1748 1746/1746
f 1749/1749 1751/1751 1750/1750
f 1751/1751 1752/1752 1750/1750
v -2.45000 3.62500 5.82000
v -2.45000 3.62500 5.64000
v -2.45000 3.56500 5.82000
v -2.45000 3.56500 5.64000
v -3.40000 3.62500 5.64000
v -3.40000 3.62500 5.82000
v -3.40000 3.56500 5.64000
v -3.40000 3.56500 5.82000
v -3.40000 3.62500 5.64000
v -2.45000 3.62500 5.64000
v -3.40000 3.62500 5.82000
v -2.45000 3.62500 5.82000
v -3.40000 3.56500 5.82000
v -2.45000 3.56500 5.82000
v -3.40000 3.56500 5.64000
v -2.45000 3.56500 5.64000
v -3.40000 3.62500 5.82000
v -2.45000 3.62500 5.82000
v -3.40000 3.56500 5.82000
v -2.45000 3.56500 5.82000
v -2.45000 3.62500 5.64000
v -3.40000 3.62500 5.64000
v -2.45000 3.56500 5.64000
v -3.40000 3.56500 5.64000
vt 0.00000 0.00000
vt 1.00000 0.00000
vt 0.00000 1.00000
vt 1.00000 1.00000
vt 0.00000 0.00000
vt 1.00000 0.00000
vt 0.00000 1.00000
vt 1.00000 1.00000
vt 0.00000 0.00000
vt 1.00000 0.00000
vt 0.00000 1.00000
vt 1.00000 1.00000
vt 0.00000 0.00000
vt 1.00000 0.00000
vt 0.00000 1.00000
vt 1.00000 1.00000
vt 0.00000 0.00000
vt 1.00000 0.00000
vt 0.00000 1.00000
vt 1.00000 1.00000
vt 0.00000 0.00000
vt 1.00000 0.00000
vt 0.00000 1.00000
vt 1.00000 1.00000
f 1753/1753 1755/1755 1754/1754
f 1755/1755 1756/1756 1754/1754
f 1757/1757 1759/1759 1758/1758
f 1759/1759 1760/1760 1758/1758
f 1761/1761 1763/1763 1762/1762
f 1763/1763 1764/1764 1762/1762
f 1765/1765 1767/1767 1766/1766
f 1767/1767 1768/1768 1766/1766
f 1769/1769 1771/1771 1770/1770
f 1771/1771 1772/1772 1770/1770
f 1773/1773 1775/1775 1774/1774
f 1775/1775 1776/1776 1774/1774
v -2.52500 2.82500 5.68000
v -2.52500 2.82500 5.58000
v -2.52500 1.27500 5.68000
v -2.52500 1.27500 5.58000
v -3.32500 2.82500 5.58000
v -3.32500 2.82500 5.68000
v -3.32500 1.27500 5.58000
v -3.32500 1.27500 5.68000
v -3.32500 2.82500 5.58000
v -2.52500 2.82500 5.58000
v -3.32500 2.82500 5.68000
v -2.52500 2.82500 5.68000
v -3.32500 1.27500 5.68000
v -2.52500 1.27500 5.68000
v -3.32500 1.27500 5.58000
v -2.52500 1.27500 5.58000
v -3.32500 2.82500 5.68000
v -2.52500 2.82500 5.68000
v -3.32500 1.27500 5.68000
v -2.52500 1.27500 5.68000
v -2.52500 2.82500 5.58000
v -3.32500 2.82500 5.58000
v -2.52500 1.27500 5.58000
v -3.32500 1.27500 5.58000
vt 0.00000 0.00000
vt 1.00000 0.00000
vt 0.00000 1.00000
vt 1.00000 1.00000
vt 0.00000 0.00000
vt 1.00000 0.00000
vt 0.00000 1.00000
vt 1.00000 1.00000
vt 0.00000 0.00000
vt 1.00000 0.00000
vt 0.00000 1.00000
vt 1.00000 1.00000
vt 0.00000 0.00000
vt 1.00000 0.00000
vt 0.00000 1.00000
vt 1.00000 1.00000
vt 0.00000 0.00000
vt 1.00000 0.00000
vt 0.00000 1.00000
vt 1.00000 1.00000
vt 0.00000 0.00000
vt 1.00000 0.00000
vt 0.00000 1.00000
vt 1.00000 1.00000
f 1777/1777 1779/1779 1778/1778
f 1779/1779 1780/1780 1778/1778
f 1781/1781 1783/1783 1782/1782
f 1783/1783 1784/1784 1782/1782
f 1785/1785 1787/1787 1786/1786
f 1787/1787 1788/1788 1786/1786
f 1789/1789 1791/1791 1790/1790
f 1791/1791 1792/1792 1790/1790
f 1793/1793 1795/1795 1794/1794
f 1795/1795 1796/1796 1794/1794
f 1797/1797 1799/1799 1798/1798
f 1799/1799 1800/1800 1798/1798
v -2.90750 2.71650 5.72000
v -2.90750 2.71650 5.69000
v -2.90750 1.38350 5.72000
v -2.90750 1.38350 5.69000
v -2.94250 2.71650 5.69000
v -2.94250 2.71650 5.72000
v -2.94250 1.38350 5.69000
v -2.94250 1.38350 5.72000
v -2.94250 2.71650 5.69000
v -2.90750 2.71650 5.69000
v -2.94250 2.71650 5.72000
v -2.90750 2.71650 5.72000
v -2.94250 1.38350 5.72000
v -2.90750 1.38350 5.72000
v -2.94250 1.38350 5.69000
v -2.90750 1.38350 5.69000
v -2.94250 2.71650 5.72000
v -2.90750 2.71650 5.72000
v -2.94250 1.38350 5.72000
v -2.90750 1.38350 5.72000
v -2.90750 2.71650 5.69000
v -2.94250 2.71650 5.69000
v -2.90750 1.38350 5.69000
v -2.94250 1.38350 5.69000
vt 0.00000 0.00000
vt 1.00000 0.00000
vt 0.00000 1.00000
vt 1.00000 1.00000
vt 0.00000 0.00000
vt 1.00000 0.00000
vt 0.00000 1.00000
vt 1.00000 1.00000
vt 0.00000 0.00000
vt 1.00000 0.00000
vt 0.00000 1.00000
vt 1.00000 1.00000
vt 0.00000 0.00000
vt 1.00000 0.00000
vt 0.00000 1.00000
vt 1.00000 1.00000
vt 0.00000 0.00000
vt 1.00000 0.00000
vt 0.00000 1.00000
vt 1.00000 1.00000
vt 0.00000 0.00000
vt 1.00000 0.00000
vt 0.00000 1.00000
vt 1.00000 1.00000
f 1801/1801 1803/1803 1802/1802
f 1803/1803 1804/1804 1802/1802
f 1805/1805 1807/1807 1806/1806
f 1807/1807 1808/1808 1806/1806
f 1809/1809 1811/1811 1810/1810
f 1811/1811 1812/1812 1810/1810
f 1813/1813 1815/1815 1814/1814
f 1815/1815 1816/1816 1814/1814
f 1817/1817 1819/1819 1818/1818
f 1819/1819 1820/1820 1818/1818
f 1821/1821 1823/1823 1822/1822
f 1823/1823 1824/1824 1822/1822
v -2.61300 2.06750 5.72000
v -2.61300 2.06750 5.69000
v -2.61300 2.03250 5.72000
v -2.61300 2.03250 5.69000
v -3.23700 2.06750 5.69000
v -3.23700 2.06750 5.72000
v -3.23700 2.03250 5.69000
v -3.23700 2.03250 5.72000
v -3.23700 2.06750 5.69000
v -2.61300 2.06750 5.69000
v -3.23700 2.06750 5.72000
v -2.61300 2.06750 5.72000
v -3.23700 2.03250 5.72000
v -2.61300 2.03250 5.72000
v -3.23700 2.03250 5.69000
v -2.61300 2.03250 5.69000
v -3.23700 2.06750 5.72000
v -2.61300 2.06750 5.72000
v -3.23700 2.03250 5.72000
v -2.61300 2.03250 5.72000
v -2.61300 2.06750 5.69000
v -3.23700 2.06750 5.69000
v -2.61300 2.03250 5.69000
v -3.23700 2.03250 5.69000
vt 0.00000 0.00000
vt 1.00000 0.00000
vt 0.00000 1.00000
vt 1.00000 1.00000
vt 0.00000 0.00000
vt 1.00000 0.00000
vt 0.00000 1.00000
vt 1.00000 1.00000
vt 0.00000 0.00000
vt 1.00000 0.00000
vt 0.00000 1.00000
vt 1.00000 1.00000
vt 0.00000 0.00000
vt 1.00000 0.00000
vt 0.00000 1.00000
vt 1.00000 1.00000
vt 0.00000 0.00000
vt 1.00000 0.00000
vt 0.00000 1.00000
vt 1.00000 1.00000
vt 0.00000 0.00000
vt 1.00000 0.00000
vt 0.00000 1.00000
vt 1.00000 1.00000
f 1825/1825 1827/1827 1826/1826
f 1827/1827 1828/1828 1826/1826
f 1829/1829 1831/1831 1830/1830
f 1831/1831 1832/1832 1830/1830
f 1833/1833 1835/1835 1834/1834
f 1835/1835 1836/1836 1834/1834
f 1837/1837 1839/1839 1838/1838
f 1839/1839 1840/1840 1838/1838
f 1841/1841 1843/1843 1842/1842
f 1843/1843 1844/1844 1842/1842
f 1845/1845 1847/1847 1846/1846
f 1847/1847 1848/1848 1846/1846
v -2.45000 1.27500 5.82000
v -2.45000 1.27500 5.64000
v -2.45000 1.21500 5.82000
v -2.45000 1.21500 5.64000
v -3.40000 1.27500 5.64000
v -3.40000 1.27500 5.82000
v -3.40000 1.21500 5.64000
v -3.40000 1.21500 5.82000
v -3.40000 1.27500 5.64000
v -2.45000 1.27500 5.64000
v -3.40000 1.27500 5.82000
v -2.45000 1.27500 5.82000
v -3.40000 1.21500 5.82000
v -2.45000 1.21500 5.82000
v -3.40000 1.21500 5.64000
v -2.45000 1.21500 5.64000
v -3.40000 1.27500 5.82000
v -2.45000 1.27500 5.82000
v -3.40000 1.21500 5.82000
v -2.45000 1.21500 5.82000
v -2.45000 1.27500 5.64000
v -3.40000 1.27500 5.64000
v -2.45000 1.21500 5.64000
v -3.40000 1.21500 5.64000
vt 0.00000 0.00000
vt 1.00000 0.00000
vt 0.00000 1.00000
vt 1.00000 1.00000
vt 0.00000 0.00000
vt 1.00000 0.00000
vt 0.00000 1.00000
vt 1.00000 1.00000
vt 0.00000 0.00000
vt 1.00000 0.00000
vt 0.00000 1.00000
vt 1.00000 1.00000
vt 0.00000 0.00000
vt 1.00000 0.00000
vt 0.00000 1.00000
vt 1.00000 1.00000
vt 0.00000 0.00000
vt 1.00000 0.00000
vt 0.00000 1.00000
vt 1.00000 1.00000
vt 0.00000 0.00000
vt 1.00000 0.00000
vt 0.00000 1.00000
vt 1.00000 1.00000
f 1849/1849 1851/1851 1850/1850
f 1851/1851 1852/1852 1850/1850
f 1853/1853 1855/1855 1854/1854
f 1855/1855 1856/1856 1854/1854
f 1857/1857 1859/1859 1858/1858
f 1859/1859 1860/1860 1858/1858
f 1861/1861 1863/1863 1862/1862
f 1863/1863 1864/1864 1862/1862
f 1865/1865 1867/1867 1866/1866
f 1867/1867 1868/1868 1866/1866
f 1869/1869 1871/1871 1870/1870
f 1871/1871 1872/1872 1870/1870
v -1.12500 5.17500 5.68000
v -1.12500 5.17500 5.58000
v -1.12500 3.62500 5.68000
v -1.12500 3.62500 5.58000
v -1.92500 5.17500 5.58000
v -1.92500 5.17500 5.68000
v -1.92500 3.62500 5.58000
v -1.92500 3.62500 5.68000
v -1.92500 5.17500 5.58000
v -1.12500 5.17500 5.58000
v -1.92500 5.17500 5.68000
v -1.12500 5.17500 5.68000
v -1.92500 3.62500 5.68000
v -1.12500 3.62500 5.68000
v -1.92500 3.62500 5.58000
v -1.12500 3.62500 5.58000
v -1.92500 5.17500 5.68000
v -1.12500 5.17500 5.68000
v -1.92500 3.62500 5.68000
v -1.12500 3.62500 5.68000
v -1.12500 5.17500 5.58000
v -1.92500 5.17500 5.58000
v -1.12500 3.62500 5.58000
v -1.92500 3.62500 5.58000
vt 0.00000 0.00000
vt 1.00000 0.00000
vt 0.00000 1.00000
vt 1.00000 1.00000
vt 0.00000 0.00000
vt 1.00000 0.00000
vt 0.00000 1.00000
vt 1.00000 1.00000
vt 0.00000 0.00000
vt 1.00000 0.00000
vt 0.00000 1.00000
vt 1.00000 1.00000
vt 0.00000 0.00000
vt 1.00000 0.00000
vt 0.00000 1.00000
vt 1.00000 1.00000
vt 0.00000 0.00000
vt 1.00000 0.00000
vt 0.00000 1.00000
vt 1.00000 1.00000
vt 0.00000 0.00000
vt 1.00000 0.00000
vt 0.00000 1.00000
vt 1.00000 1.00000
f 1873/1873 1875/1875 1874/1874
f 1875/1875 1876/1876 1874/1874
f 1877/1877 1879/1879 1878/1878
f 1879/1879 1880/1880 1878/1878
f 1881/1881 1883/1883 1882/1882
f 1883/1883 1884/1884 1882/1882
f 1885/1885 1887/1887 1886/1886
f 1887/1887 1888/1888 1886/1886
f 1889/1889 1891/1891 1890/1890
f 1891/1891 1892/1892 1890/1890
f 1893/1893 1895/1895 1894/1894
f 1895/1895 1896/1896 1894/1894
v -1.50750 5.06650 5.72000
v -1.50750 5.06650 5.69000
v -1.50750 3.73350 5.72000
v -1.50750 3.73350 5.69000
v -1.54250 5.06650 5.69000
v -1.54250 5.06650 5.72000
v -1.54250 3.73350 5.69000
v -1.54250 3.73350 5.72000
v -1.54250 5.06650 5.69000
v -1.50750 5.06650 5.69000
v -1.54250 5.06650 5.72000
v -1.50750 5.06650 5.72000
v -1.54250 3.73350 5.72000
v -1.50750 3.73350 5.72000
v -1.54250 3.73350 5.69000
v -1.50750 3.73350 5.69000
v -1.54250 5.06650 5.72000
v -1.50750 5.06650 5.72000
v -1.54250 3.73350 5.72000
v -1.50750 3.73350 5.72000
v -1.50750 5.06650 5.69000
v -1.54250 5.06650 5.69000
v -1.50750 3.73350 5.69000
v -1.54250 3.73350 5.69000
vt 0.00000 0.00000
vt 1.00000 0.00000
vt 0.00000 1.00000
vt 1.00000 1.00000
vt 0.00000 0.00000
vt 1.00000 0.00000
vt 0.00000 1.00000
vt 1.00000 1.00000
vt 0.00000 0.00000
vt 1.00000 0.00000
vt 0.00000 1.00000
vt 1.00000 1.00000
vt 0.00000 0.00000
vt 1.00000 0.00000
vt 0.00000 1.00000
vt 1.00000 1.00000
vt 0.00000 0.00000
vt 1.00000 0.00000
vt 0.00000 1.00000
vt 1.00000 1.00000
vt 0.00000 0.00000
vt 1.00000 0.00000
vt 0.00000 1.00000
vt 1.00000 1.00000
f 1897/1897 1899/1899 1898/1898
f 1899/1899 1900/1900 1898/1898
f 1901/1901 1903/1903 1902/1902
f 1903/1903 1904/1904 1902/1902
f 1905/1905 1907/1907 1906/1906
f 1907/1907 1908/1908 1906/1906
f 1909/1909 1911/1911 1910/1910
f 1911/1911 1912/1912 1910/1910
f 1913/1913 1915/1915 1914/1914
f 1915/1915 1916/1916 1914/1914
f 1917/1917 1919/1919 1918/1918
f 1919/1919 1920/1920 1918/1918
v -1.21300 4.41750 5.72000
v -1.21300 4.41750 5.69000
v -1.21300 4.38250 5.72000
v -1.21300 4.38250 5.69000
v -1.83700 4.41750 5.69000
v -1.83700 4.41750 5.72000
v -1.83700 4.38250 5.69000
v -1.83700 4.38250 5.72000
v -1.83700 4.41750 5.69000
v -1.21300 4.41750 5.69000
v -1.83700 4.41750 5.72000
v -1.21300 4.41750 5.72000
v -1.83700 4.38250 5.72000
v -1.21300 4.38250 5.72000
v -1.83700 4.38250 5.69000
v -1.21300 4.38250 5.69000
v -1.83700 4.41750 5.72000
v -1.21300 4.41750 5.72000
v -1.83700 4.38250 5.72000
v -1.21300 4.38250 5.72000
v -1.21300 4.41750 5.69000
v -1.83700 4.41750 5.69000
v -1.21300 4.38250 5.69000
v -1.83700 4.38250 5.69000
vt 0.00000 0.00000
vt 1.00000 0.00000
vt 0.00000 1.00000
vt 1.00000 1.00000
vt 0.00000 0.00000
vt 1.00000 0.00000
vt 0.00000 1.00000
vt 1.00000 1.00000
vt 0.00000 0.00000
vt 1.00000 0.00000
vt 0.00000 1.00000
vt 1.00000 1.00000
vt 0.00000 0.00000
vt 1.00000 0.00000
vt 0.00000 1.00000
vt 1.00000 1.00000
vt 0.00000 0.00000
vt 1.00000 0.00000
vt 0.00000 1.00000
vt 1.00000 1.00000
vt 0.00000 0.00000
vt 1.00000 0.00000
vt 0.00000 1.00000
vt 1.00000 1.00000
f 1921/1921 1923/1923 1922/1922
f 1923/1923 1924/1924 1922/1922
f 1925/1925 1927/1927 1926/1926
f 1927/1927 1928/1928 1926/1926
f 1929/1929 1931/1931 1930/1930
f 1931/1931 1932/1932 1930/1930
f 1933/1933 1935/1935 1934/1934
f 1935/1935 1936/1936 1934/1934
f 1937/1937 1939/1939 1938/1938
f 1939/1939 1940/1940 1938/1938
f 1941/1941 1943/1943 1942/1942
f 1943/1943 1944/1944 1942/1942
v -1.05000 3.62500 5.82000
v -1.05000 3.62500 5.64000
v -1.05000 3.56500 5.82000
v -1.05000 3.56500 5.64000
v -2.00000 3.62500 5.64000
v -2.00000 3.62500 5.82000
v -2.00000 3.56500 5.64000
v -2.00000 3.56500 5.82000
v -2.00000 3.62500 5.64000
v -1.05000 3.62500 5.64000
v -2.00000 3.62500 5.82000
v -1.05000 3.62500 5.82000
v -2.00000 3.56500 5.82000
v -1.05000 3.56500 5.82000
v -2.00000 3.56500 5.64000
v -1.05000 3.56500 5.64000
v -2.00000 3.62500 5.82000
v -1.05000 3.62500 5.82000
v -2.00000 3.56500 5.82000
v -1.05000 3.56500 5.82000
v -1.05000 3.62500 5.64000
v -2.00000 3.62500 5.64000
v -1.05000 3.56500 5.64000
v -2.00000 3.56500 5.64000
vt 0.00000 0.00000
vt 1.00000 0.00000
vt 0.00000 1.00000
vt 1.00000 1.00000
vt 0.00000 0.00000
vt 1.00000 0.00000
vt 0.00000 1.00000
vt 1.00000 1.00000
vt 0.00000 0.00000
vt 1.00000 0.00000
vt 0.00000 1.00000
vt 1.00000 1.00000
vt 0.00000 0.00000
vt 1.00000 0.00000
vt 0.00000 1.00000
vt 1.00000 1.00000
vt 0.00000 0.00000
vt 1.00000 0.00000
vt 0.00000 1.00000
vt 1.00000 1.00000
vt 0.00000 0.00000
vt 1.00000 0.00000
vt 0.00000 1.00000
vt 1.00000 1.00000
f 1945/1945 1947/1947 1946/1946
f 1947/1947 1948/1948 1946/1946
f 1949/1949 1951/1951 1950/1950
f 1951/1951 1952/1952 1950/1950
f 1953/1953 1955/1955 1954/1954
f 1955/1955 1956/1956 1954/1954
f 1957/1957 1959/1959 1958/1958
f 1959/1959 1960/1960 1958/1958
f 1961/1961 1963/1963 1962/1962
f 1963/1963 1964/1964 1962/1962
f 1965/1965 1967/1967 1966/1966
f 1967/1967 1968/1968 1966/1966
v -1.12500 2.82500 5.68000
v -1.12500 2.82500 5.58000
v -1.12500 1.27500 5.68000
v -1.12500 1.27500 5.58000
v -1.92500 2.82500 5.58000
v -1.92500 2.82500 5.68000
v -1.92500 1.27500 5.58000
v -1.92500 1.27500 5.68000
v -1.92500 2.82500 5.58000
v -1.12500 2.82500 5.58000
v -1.92500 2.82500 5.68000
v -1.12500 2.82500 5.68000
v -1.92500 1.27500 5.68000
v -1.12500 1.27500 5.68000
v -1.92500 1.27500 5.58000
v -1.12500 1.27500 5.58000
v -1.92500 2.82500 5.68000
v -1.12500 2.82500 5.68000
v -1.92500 1.27500 5.68000
v -1.12500 1.27500 5.68000
v -1.12500 2.82500 5.58000
v -1.92500 2.82500 5.58000
v -1.12500 1.27500 5.58000
v -1.92500 1.27500 5.58000
vt 0.00000 0.00000
vt 1.00000 0.00000
vt 0.00000 1.00000
vt 1.00000 1.00000
vt 0.00000 0.00000
vt 1.00000 0.00000
vt 0.00000 1.00000
vt 1.00000 1.00000
vt 0.00000 0.00000
vt 1.00000 0.00000
vt 0.00000 1.00000
vt 1.00000 1.00000
vt 0.00000 0.00000
vt 1.00000 0.00000
vt 0.00000 1.00000
vt 1.00000 1.00000
vt 0.00000 0.00000
vt 1.00000 0.00000
vt 0.00000 1.00000
vt 1.00000 1.00000
vt 0.00000 0.00000
vt 1.00000 0.00000
vt 0.00000 1.00000
vt 1.00000 1.00000
f 1969/1969 1971/1971 1970/1970
f 1971/1971 1972/1972 1970/1970
f 1973/1973 1975/1975 1974/1974
f 1975/1975 1976/1976 1974/1974
f 1977/1977 1979/1979 1978/1978
f 1979/1979 1980/1980 1978/1978
f 1981/1981 1983/1983 1982/1982
f 1983/1983 1984/1984 1982/1982
f 1985/1985 1987/1987 1986/1986
f 1987/1987 1988/1988 1986/1986
f 1989/1989 1991/1991 1990/1990
f 1991/1991 1992/1992 1990/1990
v -1.50750 2.71650 5.72000
v -1.50750 2.71650 5.69000
v -1.50750 1.38350 5.72000
v -1.50750 1.38350 5.69000
v -1.54250 2.71650 5.69000
v -1.54250 2.71650 5.72000
v -1.54250 1.38350 5.69000
v -1.54250 1.38350 5.72000
v -1.54250 2.71650 5.69000
v -1.50750 2.71650 5.69000
v -1.54250 2.71650 5.72000
v -1.50750 2.71650 5.72000
v -1.54250 1.38350 5.72000
v -1.50750 1.38350 5.72000
v -1.54250 1.38350 5.69000
v -1.50750 1.38350 5.69000
v -1.54250 2.71650 5.72000
v -1.50750 2.71650 5.72000
v -1.54250 1.38350 5.72000
v -1.50750 1.38350 5.72000
v -1.50750 2.71650 5.69000
v -1.54250 2.71650 5.69000
v -1.50750 1.38350 5.69000
v -1.54250 1.38350 5.69000
vt 0.00000 0.00000
vt 1.00000 0.00000
vt 0.00000 1.00000
vt 1.00000 1.00000
vt 0.00000 0.00000
vt 1.00000 0.00000
vt 0.00000 1.00000
vt 1.00000 1.00000
vt 0.00000 0.00000
vt 1.00000 0.00000
vt 0.00000 1.00000
vt 1.00000 1.00000
vt 0.00000 0.00000
vt 1.00000 0.00000
vt 0.00000 1.00000
vt 1.00000 1.00000
vt 0.00000 0.00000
vt 1.00000 0.00000
vt 0.00000 1.00000
vt 1.00000 1.00000
vt 0.00000 0.00000
vt 1.00000 0.00000
vt 0.00000 1.00000
vt 1.00000 1.00000
f 1993/1993 1995/1995 1994/1994
f 1995/1995 1996/1996 1994/1994
f 1997/1997 1999/1999 1998/1998
f 1999/1999 2000/2000 1998/1998
f 2001/2001 2003/2003 2002/2002
f 2003/2003 2004/2004 2002/2002
f 2005/2005 2007/2007 2006/2006
f 2007/2007 2008/2008 2006/2006
f 2009/2009 2011/2011 2010/2010
f 2011/2011 2012/2012 2010/2010
f 2013/2013 2015/2015 2014/2014
f 2015/2015 2016/2016 2014/2014
v -1.21300 2.06750 5.72000
v -1.21300 2.06750 5.69000
v -1.21300 2.03250 5.72000
v -1.21300 2.03250 5.69000
v -1.83700 2.06750 5.69000
v -1.83700 2.06750 5.72000
v -1.83700 2.03250 5.69000
v -1.83700 2.03250 5.72000
v -1.83700 2.06750 5.69000
v -1.21300 2.06750 5.69000
v -1.83700 2.06750 5.72000
v -1.21300 2.06750 5.72000
v -1.83700 2.03250 5.72000
v -1.21300 2.03250 5.72000
v -1.83700 2.03250 5.69000
v -1.21300 2.03250 5.69000
v -1.83700 2.06750 5.72000
v -1.21300 2.06750 5.72000
v -1.83700 2.03250 5.72000
v -1.21300 2.03250 5.72000
v -1.21300 2.06750 5.69000
v -1.83700 2.06750 5.69000
v -1.21300 2.03250 5.69000
v -1.83700 2.03250 5.69000
vt 0.00000 0.00000
vt 1.00000 0.00000
vt 0.00000 1.00000
vt 1.00000 1.00000
vt 0.00000 0.00000
vt 1.00000 0.00000
vt 0.00000 1.00000
vt 1.00000 1.00000
vt 0.00000 0.00000
vt 1.00000 0.00000
vt 0.00000 1.00000
vt 1.00000 1.00000
vt 0.00000 0.00000
vt 1.00000 0.00000
vt 0.00000 1.00000
vt 1.00000 1.00000
vt 0.00000 0.00000
vt 1.00000 0.00000
vt 0.00000 1.00000
vt 1.00000 1.00000
vt 0.00000 0.00000
vt 1.00000 0.00000
vt 0.00000 1.00000
vt 1.00000 1.00000
f 2017/2017 2019/2019 2018/2018
f 2019/2019 2020/2020 2018/2018
f 2021/2021 2023/2023 2022/2022
f 2023/2023 2024/2024 2022/2022
f 2025/2025 2027/2027 2026/2026
f 2027/2027 2028/2028 2026/2026
f 2029/2029 2031/2031 2030/2030
f 2031/2031 2032/2032 2030/2030
f 2033/2033 2035/2035 2034/2034
f 2035/2035 2036/2036 2034/2034
f 2037/2037 2039/2039 2038/2038
f 2039/2039 2040/2040 2038/2038
v -1.05000 1.27500 5.82000
v -1.05000 1.27500 5.64000
v -1.05000 1.21500 5.82000
v -1.05000 1.21500 5.64000
v -2.00000 1.27500 5.64000
v -2.00000 1.27500 5.82000
v -2.00000 1.21500 5.64000
v -2.00000 1.21500 5.82000
v -2.00000 1.27500 5.64000
v -1.05000 1.27500 5.64000
v -2.00000 1.27500 5.82000
v -1.05000 1.27500 5.82000
v -2.00000 1.21500 5.82000
v -1.05000 1.21500 5.82000
v -2.00000 1.21500 5.64000
v -1.05000 1.21500 5.64000
v -2.00000 1.27500 5.82000
v -1.05000 1.27500 5.82000
v -2.00000 1.21500 5.82000
v -1.05000 1.21500 5.82000
v -1.05000 1.27500 5.64000
v -2.00000 1.27500 5.64000
v -1.05000 1.21500 5.64000
v -2.00000 1.21500 5.64000
vt 0.00000 0.00000
vt 1.00000 0.00000
vt 0.00000 1.00000
vt 1.00000 1.00000
vt 0.00000 0.00000
vt 1.00000 0.00000
vt 0.00000 1.00000
vt 1.00000 1.00000
vt 0.00000 0.00000
vt 1.00000 0.00000
vt 0.00000 1.00000
vt 1.00000 1.00000
vt 0.00000 0.00000
vt 1.00000 0.00000
vt 0.00000 1.00000
vt 1.00000 1.00000
vt 0.00000 0.00000
vt 1.00000 0.00000
vt 0.00000 1.00000
vt 1.00000 1.00000
vt 0.00000 0.00000
vt 1.00000 0.00000
vt 0.00000 1.00000
vt 1.00000 1.00000
f 2041/2041 2043/2043 2042/2042
f 2043/2043 2044/2044 2042/2042
f 2045/2045 2047/2047 2046/2046
f 2047/2047 2048/2048 2046/2046
f 2049/2049 2051/2051 2050/2050
f 2051/2051 2052/2052 2050/2050
f 2053/2053 2055/2055 2054/2054
f 2055/2055 2056/2056 2054/2054
f 2057/2057 2059/2059 2058/2058
f 2059/2059 2060/2060 2058/2058
f 2061/2061 2063/2063 2062/2062
f 2063/2063 2064/2064 2062/2062
v -2.50000 8.55000 5.54000
v -2.50000 8.55000 5.44000
v -2.50000 7.35000 5.54000
v -2.50000 7.35000 5.44000
v -3.35000 8.55000 5.44000
v -3.35000 8.55000 5.54000
v -3.35000 7.35000 5.44000
v -3.35000 7.35000 5.54000
v -3.35000 8.55000 5.44000
v -2.50000 8.55000 5.44000
v -3.35000 8.55000 5.54000
v -2.50000 8.55000 5.54000
v -3.35000 7.35000 5.54000
v -2.50000 7.35000 5.54000
v -3.35000 7.35000 5.44000
v -2.50000 7.35000 5.44000
v -3.35000 8.55000 5.54000
v -2.50000 8.55000 5.54000
v -3.35000 7.35000 5.54000
v -2.50000 7.35000 5.54000
v -2.50000 8.55000 5.44000
v -3.35000 8.55000 5.44000
v -2.50000 7.35000 5.44000
v -3.35000 7.35000 5.44000
vt 0.00000 0.00000
vt 1.00000 0.00000
vt 0.00000 1.00000
vt 1.00000 1.00000
vt 0.00000 0.00000
vt 1.00000 0.00000
vt 0.00000 1.00000
vt 1.00000 1.00000
vt 0.00000 0.00000
vt 1.00000 0.00000
vt 0.00000 1.00000
vt 1.00000 1.00000
vt 0.00000 0.00000
vt 1.00000 0.00000
vt 0.00000 1.00000
vt 1.00000 1.00000
vt 0.00000 0.00000
vt 1.00000 0.00000
vt 0.00000 1.00000
vt 1.00000 1.00000
vt 0.00000 0.00000
vt 1.00000 0.00000
vt 0.00000 1.00000
vt 1.00000 1.00000
f 2065/2065 2067/2067 2066/2066
f 2067/2067 2068/2068 2066/2066
f 2069/2069 2071/2071 2070/2070
f 2071/2071 2072/2072 2070/2070
f 2073/2073 2075/2075 2074/2074
f 2075/2075 2076/2076 2074/2074
f 2077/2077 2079/2079 2078/2078
f 2079/2079 2080/2080 2078/2078
f 2081/2081 2083/2083 2082/2082
f 2083/2083 2084/2084 2082/2082
f 2085/2085 2087/2087 2086/2086
f 2087/2087 2088/2088 2086/2086
v -2.90750 8.46600 5.58000
v -2.90750 8.46600 5.55000
v -2.90750 7.43400 5.58000
v -2.90750 7.43400 5.55000
v -2.94250 8.46600 5.55000
v -2.94250 8.46600 5.58000
v -2.94250 7.43400 5.55000
v -2.94250 7.43400 5.58000
v -2.94250 8.46600 5.55000
v -2.90750 8.46600 5.55000
v -2.94250 8.46600 5.58000
v -2.90750 8.46600 5.58000
v -2.94250 7.43400 5.58000
v -2.90750 7.43400 5.58000
v -2.94250 7.43400 5.55000
v -2.90750 7.43400 5.55000
v -2.94250 8.46600 5.58000
v -2.90750 8.46600 5.58000
v -2.94250 7.43400 5.58000
v -2.90750 7.43400 5.58000
v -2.90750 8.46600 5.55000
v -2.94250 8.46600 5.55000
v -2.90750 7.43400 5.55000
v -2.94250 7.43400 5.55000
vt 0.00000 0.00000
vt 1.00000 0.00000
vt 0.00000 1.00000
vt 1.00000 1.00000
vt 0.00000 0.00000
vt 1.00000 0.00000
vt 0.00000 1.00000
vt 1.00000 1.00000
vt 0.00000 0.00000
vt 1.00000 0.00000
vt 0.00000 1.00000
vt 1.00000 1.00000
vt 0.00000 0.00000
vt 1.00000 0.00000
vt 0.00000 1.00000
vt 1.00000 1.00000
vt 0.00000 0.00000
vt 1.00000 0.00000
vt 0.00000 1.00000
vt 1.00000 1.00000
vt 0.00000 0.00000
vt 1.00000 0.00000
vt 0.00000 1.00000
vt 1.00000 1.00000
f 2089/2089 2091/2091 2090/2090
f 2091/2091 2092/2092 2090/2090
f 2093/2093 2095/2095 2094/2094
f 2095/2095 2096/2096 2094/2094
f 2097/2097 2099/2099 2098/2098
f 2099/2099 2100/2100 2098/2098
f 2101/2101 2103/2103 2102/2102
f 2103/2103 2104/2104 2102/2102
f 2105/2105 2107/2107 2106/2106
f 2107/2107 2108/2108 2106/2106
f 2109/2109 2111/2111 2110/2110
f 2111/2111 2112/2112 2110/2110
v -2.59350 7.96750 5.58000
v -2.59350 7.96750 5.55000
v -2.59350 7.93250 5.58000
v -2.59350 7.93250 5.55000
v -3.25650 7.96750 5.55000
v -3.25650 7.96750 5.58000
v -3.25650 7.93250 5.55000
v -3.25650 7.93250 5.58000
v -3.25650 7.96750 5.55000
v -2.59350 7.96750 5.55000
v -3.25650 7.96750 5.58000
v -2.59350 7.96750 5.58000
v -3.25650 7.93250 5.58000
v -2.59350 7.93250 5.58000
v -3.25650 7.93250 5.55000
v -2.59350 7.93250 5.55000
v -3.25650 7.96750 5.58000
v -2.59350 7.96750 5.58000
v -3.25650 7.93250 5.58000
v -2.59350 7.93250 5.58000
v -2.59350 7.96750 5.55000
v -3.25650 7.96750 5.55000
v -2.59350 7.93250 5.55000
v -3.25650 7.93250 5.55000
vt 0.00000 0.00000
vt 1.00000 0.00000
vt 0.00000 1.00000
vt 1.00000 1.00000
vt 0.00000 0.00000
vt 1.00000 0.00000
vt 0.00000 1.00000
vt 1.00000 1.00000
vt 0.00000 0.00000
vt 1.00000 0.00000
vt 0.00000 1.00000
vt 1.00000 1.00000
vt 0.00000 0.00000
vt 1.00000 0.00000
vt 0.00000 1.00000
vt 1.00000 1.00000
vt 0.00000 0.00000
vt 1.00000 0.00000
vt 0.00000 1.00000
vt 1.00000 1.00000
vt 0.00000 0.00000
vt 1.00000 0.00000
vt 0.00000 1.00000
vt 1.00000 1.00000
f 2113/2113 2115/2115 2114/2114
f 2115/2115 2116/2116 2114/2114
f 2117/2117 2119/2119 2118/2118
f 2119/2119 2120/2120 2118/2118
f 2121/2121 2123/2123 2122/2122
f 2123/2123 2124/2124 2122/2122
f 2125/2125 2127/2127 2126/2126
f 2127/2127 2128/2128 2126/2126
f 2129/2129 2131/2131 2130/2130
f 2131/2131 2132/2132 2130/2130
f 2133/2133 2135/2135 2134/2134
f 2135/2135 2136/2136 2134/2134
v -2.42500 7.35000 5.68000
v -2.42500 7.35000 5.50000
v -2.42500 7.29000 5.68000
v -2.42500 7.29000 5.50000
v -3.42500 7.35000 5.50000
v -3.42500 7.35000 5.68000
v -3.42500 7.29000 5.50000
v -3.42500 7.29000 5.68000
v -3.42500 7.35000 5.50000
v -2.42500 7.35000 5.50000
v -3.42500 7.35000 5.68000
v -2.42500 7.35000 5.68000
v -3.42500 7.29000 5.68000
v -2.42500 7.29000 5.68000
v -3.42500 7.29000 5.50000
v -2.42500 7.29000 5.50000
v -3.42500 7.35000 5.68000
v -2.42500 7.35000 5.68000
v -3.42500 7.29000 5.68000
v -2.42500 7.29000 5.68000
v -2.42500 7.35000 5.50000
v -3.42500 7.35000 5.50000
v -2.42500 7.29000 5.50000
v -3.42500 7.29000 5.50000
vt 0.00000 0.00000
vt 1.00000 0.00000
vt 0.00000 1.00000
vt 1.00000 1.00000
vt 0.00000 0.00000
vt 1.00000 0.00000
vt 0.00000 1.00000
vt 1.00000 1.00000
vt 0.00000 0.00000
vt 1.00000 0.00000
vt 0.00000 1.00000
vt 1.00000 1.00000
vt 0.00000 0.00000
vt 1.00000 0.00000
vt 0.00000 1.00000
vt 1.00000 1.00000
vt 0.00000 0.00000
vt 1.00000 0.00000
vt 0.00000 1.00000
vt 1.00000 1.00000
vt 0.00000 0.00000
vt 1.00000 0.00000
vt 0.00000 1.00000
vt 1.00000 1.00000
f 2137/2137 2139/2139 2138/2138
f 2139/2139 2140/2140 2138/2138
f 2141/2141 2143/2143 2142/2142
f 2143/2143 2144/2144 2142/2142
f 2145/2145 2147/2147 2146/2146
f 2147/2147 2148/2148 2146/2146
f 2149/2149 2151/2151 2150/2150
f 2151/2151 2152/2152 2150/2150
f 2153/2153 2155/2155 2154/2154
f 2155/2155 2156/2156 2154/2154
f 2157/2157 2159/2159 2158/2158
f 2159/2159 2160/2160 2158/2158
v -2.56800 8.55000 5.54000
v -2.57240 8.60585 5.54000
v -2.58547 8.66032 5.54000
v -2.60691 8.71207 5.54000
v -2.63618 8.75984 5.54000
v -2.67256 8.80244 5.54000
v -2.71516 8.83882 5.54000
v -2.76293 8.86809 5.54000
v -2.81468 8.88953 5.54000
v -2.86915 8.90260 5.54000
v -2.92500 8.90700 5.54000
v -2.98085 8.90260 5.54000
v -3.03532 8.88953 5.54000
v -3.08707 8.86809 5.54000
v -3.13484 8.83882 5.54000
v -3.17744 8.80244 5.54000
v -3.21382 8.75984 5.54000
v -3.24309 8.71207 5.54000
v -3.26453 8.66032 5.54000
v -3.27760 8.60585 5.54000
v -3.28200 8.55000 5.54000
v -2.56800 8.55000 5.44000
v -2.57240 8.60585 5.44000
v -2.58547 8.66032 5.44000
v -2.60691 8.71207 5.44000
v -2.63618 8.75984 5.44000
v -2.67256 8.80244 5.44000
v -2.71516 8.83882 5.44000
v -2.76293 8.86809 5.44000
v -2.81468 8.88953 5.44000
v -2.86915 8.90260 5.44000
v -2.92500 8.90700 5.44000
v -2.98085 8.90260 5.44000
v -3.03532 8.88953 5.44000
v -3.08707 8.86809 5.44000
v -3.13484 8.83882 5.44000
v -3.17744 8.80244 5.44000
v -3.21382 8.75984 5.44000
v -3.24309 8.71207 5.44000
v -3.26453 8.66032 5.44000
v -3.27760 8.60585 5.44000
v -3.28200 8.55000 5.44000
v -2.92500 8.55000 5.54000
v -2.92500 8.55000 5.54000
v -2.92500 8.55000 5.54000
v -2.92500 8.55000 5.54000
v -2.92500 8.55000 5.54000
v -2.92500 8.55000 5.54000
v -2.92500 8.55000 5.54000
v -2.92500 8.55000 5.54000
v -2.92500 8.55000 5.54000
v -2.92500 8.55000 5.54000
v -2.92500 8.55000 5.54000
v -2.92500 8.55000 5.54000
v -2.92500 8.55000 5.54000
v -2.92500 8.55000 5.54000
v -2.92500 8.55000 5.54000
v -2.92500 8.55000 5.54000
v -2.92500 8.55000 5.54000
v -2.92500 8.55000 5.54000
v -2.92500 8.55000 5.54000
v -2.92500 8.55000 5.54000
v -2.56800 8.55000 5.54000
v -2.57240 8.60585 5.54000
v -2.58547 8.66032 5.54000
v -2.60691 8.71207 5.54000
v -2.63618 8.75984 5.54000
v -2.67256 8.80244 5.54000
v -2.71516 8.83882 5.54000
v -2.76293 8.86809 5.54000
v -2.81468 8.88953 5.54000
v -2.86915 8.90260 5.54000
v -2.92500 8.90700 5.54000
v -2.98085 8.90260 5.54000
v -3.03532 8.88953 5.54000
v -3.08707 8.86809 5.54000
v -3.13484 8.83882 5.54000
v -3.17744 8.80244 5.54000
v -3.21382 8.75984 5.54000
v -3.24309 8.71207 5.54000
v -3.26453 8.66032 5.54000
v -3.27760 8.60585 5.54000
v -3.28200 8.55000 5.54000
v -2.92500 8.55000 5.44000
v -2.92500 8.55000 5.44000
v -2.92500 8.55000 5.44000
v -2.92500 8.55000 5.44000
v -2.92500 8.55000 5.44000
v -2.92500 8.55000 5.44000
v -2.92500 8.55000 5.44000
v -2.92500 8.55000 5.44000
v -2.92500 8.55000 5.44000
v -2.92500 8.55000 5.44000
v -2.92500 8.55000 5.44000
v -2.92500 8.55000 5.44000
v -2.92500 8.55000 5.44000
v -2.92500 8.55000 5.44000
v -2.92500 8.55000 5.44000
v -2.92500 8.55000 5.44000
v -2.92500 8.55000 5.44000
v -2.92500 8.55000 5.44000
v -2.92500 8.55000 5.44000
v -2.92500 8.55000 5.44000
v -2.56800 8.55000 5.44000
v -2.57240 8.60585 5.44000
v -2.58547 8.66032 5.44000
v -2.60691 8.71207 5.44000
v -2.63618 8.75984 5.44000
v -2.67256 8.80244 5.44000
v -2.71516 8.83882 5.44000
v -2.76293 8.86809 5.44000
v -2.81468 8.88953 5.44000
v -2.86915 8.90260 5.44000
v -2.92500 8.90700 5.44000
v -2.98085 8.90260 5.44000
v -3.03532 8.88953 5.44000
v -3.08707 8.86809 5.44000
v -3.13484 8.83882 5.44000
v -3.17744 8.80244 5.44000
v -3.21382 8.75984 5.44000
v -3.24309 8.71207 5.44000
v -3.26453 8.66032 5.44000
v -3.27760 8.60585 5.44000
v -3.28200 8.55000 5.44000
vt 0.00000 0.00000
vt 0.05000 0.00000
vt 0.10000 0.00000
vt 0.15000 0.00000
vt 0.20000 0.00000
vt 0.25000 0.00000
vt 0.30000 0.00000
vt 0.35000 0.00000
vt 0.40000 0.00000
vt 0.45000 0.00000
vt 0.50000 0.00000
vt 0.55000 0.00000
vt 0.60000 0.00000
vt 0.65000 0.00000
vt 0.70000 0.00000
vt 0.75000 0.00000
vt 0.80000 0.00000
vt 0.85000 0.00000
vt 0.90000 0.00000
vt 0.95000 0.00000
vt 1.00000 0.00000
vt 0.00000 1.00000
vt 0.05000 1.00000
vt 0.10000 1.00000
vt 0.15000 1.00000
vt 0.20000 1.00000
vt 0.25000 1.00000
vt 0.30000 1.00000
vt 0.35000 1.00000
vt 0.40000 1.00000
vt 0.45000 1.00000
vt 0.50000 1.00000
vt 0.55000 1.00000
vt 0.60000 1.00000
vt 0.65000 1.00000
vt 0.70000 1.00000
vt 0.75000 1.00000
vt 0.80000 1.00000
vt 0.85000 1.00000
vt 0.90000 1.00000
vt 0.95000 1.00000
vt 1.00000 1.00000
vt 0.50000 0.50000
vt 0.50000 0.50000
vt 0.50000 0.50000
vt 0.50000 0.50000
vt 0.50000 0.50000
vt 0.50000 0.50000
vt 0.50000 0.50000
vt 0.50000 0.50000
vt 0.50000 0.50000
vt 0.50000 0.50000
vt 0.50000 0.50000
vt 0.50000 0.50000
vt 0.50000 0.50000
vt 0.50000 0.50000
vt 0.50000 0.50000
vt 0.50000 0.50000
vt 0.50000 0.50000
vt 0.50000 0.50000
vt 0.50000 0.50000
vt 0.50000 0.50000
vt 1.00000 0.50000
vt 0.99384 0.42178
vt 0.97553 0.34549
vt 0.94550 0.27300
vt 0.90451 0.20611
vt 0.85355 0.14645
vt 0.79389 0.09549
vt 0.72700 0.05450
vt 0.65451 0.02447
vt 0.57822 0.00616
vt 0.50000 0.00000
vt 0.42178 0.00616
vt 0.34549 0.02447
vt 0.27300 0.05450
vt 0.20611 0.09549
vt 0.14645 0.14645
vt 0.09549 0.20611
vt 0.05450 0.27300
vt 0.02447 0.34549
vt 0.00616 0.42178
vt 0.00000 0.50000
vt 0.50000 0.50000
vt 0.50000 0.50000
vt 0.50000 0.50000
vt 0.50000 0.50000
vt 0.50000 0.50000
vt 0.50000 0.50000
vt 0.50000 0.50000
vt 0.50000 0.50000
vt 0.50000 0.50000
vt 0.50000 0.50000
vt 0.50000 0.50000
vt 0.50000 0.50000
vt 0.50000 0.50000
vt 0.50000 0.50000
vt 0.50000 0.50000
vt 0.50000 0.50000
vt 0.50000 0.50000
vt 0.50000 0.50000
vt 0.50000 0.50000
vt 0.50000 0.50000
vt 1.00000 0.50000
vt 0.99384 0.57822
vt 0.97553 0.65451
vt 0.94550 0.72700
vt 0.90451 0.79389
vt 0.85355 0.85355
vt 0.79389 0.90451
vt 0.72700 0.94550
vt 0.65451 0.97553
vt 0.57822 0.99384
vt 0.50000 1.00000
vt 0.42178 0.99384
vt 0.34549 0.97553
vt 0.27300 0.94550
vt 0.20611 0.90451
vt 0.14645 0.85355
vt 0.09549 0.79389
vt 0.05450 0.72700
vt 0.02447 0.65451
vt 0.00616 0.57822
vt 0.00000 0.50000
f 2161/2161 2182/2182 2162/2162
f 2182/2182 2183/2183 2162/2162
f 2162/2162 2183/2183 2163/2163
f 2183/2183 2184/2184 2163/2163
f 2163/2163 2184/2184 2164/2164
f 2184/2184 2185/2185 2164/2164
f 2164/2164 2185/2185 2165/2165
f 2185/2185 2186/2186 2165/2165
f 2165/2165 2186/2186 2166/2166
f 2186/2186 2187/2187 2166/2166
f 2166/2166 2187/2187 2167/2167
f 2187/2187 2188/2188 2167/2167
f 2167/2167 2188/2188 2168/2168
f 2188/2188 2189/2189 2168/2168
f 2168/2168 2189/2189 2169/2169
f 2189/2189 2190/2190 2169/2169
f 2169/2169 2190/2190 2170/2170
f 2190/2190 2191/2191 2170/2170
f 2170/2170 2191/2191 2171/2171
f 2191/2191 2192/2192 2171/2171
f 2171/2171 2192/2192 2172/2172
f 2192/2192 2193/2193 2172/2172
f 2172/2172 2193/2193 2173/2173
f 2193/2193 2194/2194 2173/2173
f 2173/2173 2194/2194 2174/2174
f 2194/2194 2195/2195 2174/2174
f 2174/2174 2195/2195 2175/2175
f 2195/2195 2196/2196 2175/2175
f 2175/2175 2196/2196 2176/2176
f 2196/2196 2197/2197 2176/2176
f 2176/2176 2197/2197 2177/2177
f 2197/2197 2198/2198 2177/2177
f 2177/2177 2198/2198 2178/2178
f 2198/2198 2199/2199 2178/2178
f 2178/2178 2199/2199 2179/2179
f 2199/2199 2200/2200 2179/2179
f 2179/2179 2200/2200 2180/2180
f 2200/2200 2201/2201 2180/2180
f 2180/2180 2201/2201 2181/2181
f 2201/2201 2202/2202 2181/2181
f 2223/2223 2224/2224 2203/2203
f 2224/2224 2225/2225 2204/2204
f 2225/2225 2226/2226 2205/2205
f 2226/2226 2227/2227 2206/2206
f 2227/2227 2228/2228 2207/2207
f 2228/2228 2229/2229 2208/2208
f 2229/2229 2230/2230 2209/2209
f 2230/2230 2231/2231 2210/2210
f 2231/2231 2232/2232 2211/2211
f 2232/2232 2233/2233 2212/2212
f 2233/2233 2234/2234 2213/2213
f 2234/2234 2235/2235 2214/2214
f 2235/2235 2236/2236 2215/2215
f 2236/2236 2237/2237 2216/2216
f 2237/2237 2238/2238 2217/2217
f 2238/2238 2239/2239 2218/2218
f 2239/2239 2240/2240 2219/2219
f 2240/2240 2241/2241 2220/2220
f 2241/2241 2242/2242 2221/2221
f 2242/2242 2243/2243 2222/2222
f 2265/2265 2264/2264 2244/2244
f 2266/2266 2265/2265 2245/2245
f 2267/2267 2266/2266 2246/2246
f 2268/2268 2267/2267 2247/2247
f 2269/2269 2268/2268 2248/2248
f 2270/2270 2269/2269 2249/2249
f 2271/2271 2270/2270 2250/2250
f 2272/2272 2271/2271 2251/2251
f 2273/2273 2272/2272 2252/2252
f 2274/2274 2273/2273 2253/2253
f 2275/2275 2274/2274 2254/2254
f 2276/2276 2275/2275 2255/2255
f 2277/2277 2276/2276 2256/2256
f 2278/2278 2277/2277 2257/2257
f 2279/2279 2278/2278 2258/2258
f 2280/2280 2279/2279 2259/2259
f 2281/2281 2280/2280 2260/2260
f 2282/2282 2281/2281 2261/2261
f 2283/2283 2282/2282 2262/2262
f 2284/2284 2283/2283 2263/2263
v -10.89500 2.75000 -4.79000
v -10.99500 2.75000 -4.79000
v -10.89500 1.25000 -4.79000
v -10.99500 1.25000 -4.79000
v -10.99500 2.75000 -3.99000
v -10.89500 2.75000 -3.99000
v -10.99500 1.25000 -3.99000
v -10.89500 1.25000 -3.99000
v -10.99500 2.75000 -3.99000
v -10.99500 2.75000 -4.79000
v -10.89500 2.75000 -3.99000
v -10.89500 2.75000 -4.79000
v -10.89500 1.25000 -3.99000
v -10.89500 1.25000 -4.79000
v -10.99500 1.25000 -3.99000
v -10.99500 1.25000 -4.79000
v -10.89500 2.75000 -3.99000
v -10.89500 2.75000 -4.79000
v -10.89500 1.25000 -3.99000
v -10.89500 1.25000 -4.79000
v -10.99500 2.75000 -4.79000
v -10.99500 2.75000 -3.99000
v -10.99500 1.25000 -4.79000
v -10.99500 1.25000 -3.99000
vt 0.00000 0.00000
vt 1.00000 0.00000
vt 0.00000 1.00000
vt 1.00000 1.00000
vt 0.00000 0.00000
vt 1.00000 0.00000
vt 0.00000 1.00000
vt 1.00000 1.00000
vt 0.00000 0.00000
vt 1.00000 0.00000
vt 0.00000 1.00000
vt 1.00000 1.00000
vt 0.00000 0.00000
vt 1.00000 0.00000
vt 0.00000 1.00000
vt 1.00000 1.00000
vt 0.00000 0.00000
vt 1.00000 0.00000
vt 0.00000 1.00000
vt 1.00000 1.00000
vt 0.00000 0.00000
vt 1.00000 0.00000
vt 0.00000 1.00000
vt 1.00000 1.00000
f 2285/2285 2287/2287 2286/2286
f 2287/2287 2288/2288 2286/2286
f 2289/2289 2291/2291 2290/2290
f 2291/2291 2292/2292 2290/2290
f 2293/2293 2295/2295 2294/2294
f 2295/2295 2296/2296 2294/2294
f 2297/2297 2299/2299 2298/2298
f 2299/2299 2300/2300 2298/2298
f 2301/2301 2303/2303 2302/2302
f 2303/2303 2304/2304 2302/2302
f 2305/2305 2307/2307 2306/2306
f 2307/2307 2308/2308 2306/2306
v -10.85500 2.64500 -4.40750
v -10.88500 2.64500 -4.40750
v -10.85500 1.35500 -4.40750
v -10.88500 1.35500 -4.40750
v -10.88500 2.64500 -4.37250
v -10.85500 2.64500 -4.37250
v -10.88500 1.35500 -4.37250
v -10.85500 1.35500 -4.37250
v -10.88500 2.64500 -4.37250
v -10.88500 2.64500 -4.40750
v -10.85500 2.64500 -4.37250
v -10.85500 2.64500 -4.40750
v -10.85500 1.35500 -4.37250
v -10.85500 1.35500 -4.40750
v -10.88500 1.35500 -4.37250
v -10.88500 1.35500 -4.40750
v -10.85500 2.64500 -4.37250
v -10.85500 2.64500 -4.40750
v -10.85500 1.35500 -4.37250
v -10.85500 1.35500 -4.40750
v -10.88500 2.64500 -4.40750
v -10.88500 2.64500 -4.37250
v -10.88500 1.35500 -4.40750
v -10.88500 1.35500 -4.37250
vt 0.00000 0.00000
vt 1.00000 0.00000
vt 0.00000 1.00000
vt 1.00000 1.00000
vt 0.00000 0.00000
vt 1.00000 0.00000
vt 0.00000 1.00000
vt 1.00000 1.00000
vt 0.00000 0.00000
vt 1.00000 0.00000
vt 0.00000 1.00000
vt 1.00000 1.00000
vt 0.00000 0.00000
vt 1.00000 0.00000
vt 0.00000 1.00000
vt 1.00000 1.00000
vt 0.00000 0.00000
vt 1.00000 0.00000
vt 0.00000 1.00000
vt 1.00000 1.00000
vt 0.00000 0.00000
vt 1.00000 0.00000
vt 0.00000 1.00000
vt 1.00000 1.00000
f 2309/2309 2311/2311 2310/2310
f 2311/2311 2312/2312 2310/2310
f 2313/2313 2315/2315 2314/2314
f 2315/2315 2316/2316 2314/2314
f 2317/2317 2319/2319 2318/2318
f 2319/2319 2320/2320 2318/2318
f 2321/2321 2323/2323 2322/2322
f 2323/2323 2324/2324 2322/2322
f 2325/2325 2327/2327 2326/2326
f 2327/2327 2328/2328 2326/2326
f 2329/2329 2331/2331 2330/2330
f 2331/2331 2332/2332 2330/2330
v -10.85500 2.01750 -4.70200
v -10.88500 2.01750 -4.70200
v -10.85500 1.98250 -4.70200
v -10.88500 1.98250 -4.70200
v -10.88500 2.01750 -4.07800
v -10.85500 2.01750 -4.07800
v -10.88500 1.98250 -4.07800
v -10.85500 1.98250 -4.07800
v -10.88500 2.01750 -4.07800
v -10.88500 2.01750 -4.70200
v -10.85500 2.01750 -4.07800
v -10.85500 2.01750 -4.70200
v -10.85500 1.98250 -4.07800
v -10.85500 1.98250 -4.70200
v -10.88500 1.98250 -4.07800
v -10.88500 1.98250 -4.70200
v -10.85500 2.01750 -4.07800
v -10.85500 2.01750 -4.70200
v -10.85500 1.98250 -4.07800
v -10.85500 1.98250 -4.70200
v -10.88500 2.01750 -4.70200
v -10.88500 2.01750 -4.07800
v -10.88500 1.98250 -4.70200
v -10.88500 1.98250 -4.07800
vt 0.00000 0.00000
vt 1.00000 0.00000
vt 0.00000 1.00000
vt 1.00000 1.00000
vt 0.00000 0.00000
vt 1.00000 0.00000
vt 0.00000 1.00000
vt 1.00000 1.00000
vt 0.00000 0.00000
vt 1.00000 0.00000
vt 0.00000 1.00000
vt 1.00000 1.00000
vt 0.00000 0.00000
vt 1.00000 0.00000
vt 0.00000 1.00000
vt 1.00000 1.00000
vt 0.00000 0.00000
vt 1.00000 0.00000
vt 0.00000 1.00000
vt 1.00000 1.00000
vt 0.00000 0.00000
vt 1.00000 0.00000
vt 0.00000 1.00000
vt 1.00000 1.00000
f 2333/2333 2335/2335 2334/2334
f 2335/2335 2336/2336 2334/2334
f 2337/2337 2339/2339 2338/2338
f 2339/2339 2340/2340 2338/2338
f 2341/2341 2343/2343 2342/2342
f 2343/2343 2344/2344 2342/2342
f 2345/2345 2347/2347 2346/2346
f 2347/2347 2348/2348 2346/2346
f 2349/2349 2351/2351 2350/2350
f 2351/2351 2352/2352 2350/2350
f 2353/2353 2355/2355 2354/2354
f 2355/2355 2356/2356 2354/2354
v -10.75500 1.25000 -4.86500
v -10.93500 1.25000 -4.86500
v -10.75500 1.19000 -4.86500
v -10.93500 1.19000 -4.86500
v -10.93500 1.25000 -3.91500
v -10.75500 1.25000 -3.91500
v -10.93500 1.19000 -3.91500
v -10.75500 1.19000 -3.91500
v -10.93500 1.25000 -3.91500
v -10.93500 1.25000 -4.86500
v -10.75500 1.25000 -3.91500
v -10.75500 1.25000 -4.86500
v -10.75500 1.19000 -3.91500
v -10.75500 1.19000 -4.86500
v -10.93500 1.19000 -3.91500
v -10.93500 1.19000 -4.86500
v -10.75500 1.25000 -3.91500
v -10.75500 1.25000 -4.86500
v -10.75500 1.19000 -3.91500
v -10.75500 1.19000 -4.86500
v -10.93500 1.25000 -4.86500
v -10.93500 1.25000 -3.91500
v -10.93500 1.19000 -4.86500
v -10.93500 1.19000 -3.91500
vt 0.00000 0.00000
vt 1.00000 0.00000
vt 0.00000 1.00000
vt 1.00000 1.00000
vt 0.00000 0.00000
vt 1.00000 0.00000
vt 0.00000 1.00000
vt 1.00000 1.00000
vt 0.00000 0.00000
vt 1.00000 0.00000
vt 0.00000 1.00000
vt 1.00000 1.00000
vt 0.00000 0.00000
vt 1.00000 0.00000
vt 0.00000 1.00000
vt 1.00000 1.00000
vt 0.00000 0.00000
vt 1.00000 0.00000
vt 0.00000 1.00000
vt 1.00000 1.00000
vt 0.00000 0.00000
vt 1.00000 0.00000
vt 0.00000 1.00000
vt 1.00000 1.00000
f 2357/2357 2359/2359 2358/2358
f 2359/2359 2360/2360 2358/2358
f 2361/2361 2363/2363 2362/2362
f 2363/2363 2364/2364 2362/2362
f 2365/2365 2367/2367 2366/2366
f 2367/2367 2368/2368 2366/2366
f 2369/2369 2371/2371 2370/2370
f 2371/2371 2372/2372 2370/2370
f 2373/2373 2375/2375 2374/2374
f 2375/2375 2376/2376 2374/2374
f 2377/2377 2379/2379 2378/2378
f 2379/2379 2380/2380 2378/2378
v 5.04500 2.75000 -3.99000
v 5.14500 2.75000 -3.99000
v 5.04500 1.25000 -3.99000
v 5.14500 1.25000 -3.99000
v 5.14500 2.75000 -4.79000
v 5.04500 2.75000 -4.79000
v 5.14500 1.25000 -4.79000
v 5.04500 1.25000 -4.79000
v 5.14500 2.75000 -4.79000
v 5.14500 2.75000 -3.99000
v 5.04500 2.75000 -4.79000
v 5.04500 2.75000 -3.99000
v 5.04500 1.25000 -4.79000
v 5.04500 1.25000 -3.99000
v 5.14500 1.25000 -4.79000
v 5.14500 1.25000 -3.99000
v 5.04500 2.75000 -4.79000
v 5.04500 2.75000 -3.99000
v 5.04500 1.25000 -4.79000
v 5.04500 1.25000 -3.99000
v 5.14500 2.75000 -3.99000
v 5.14500 2.75000 -4.79000
v 5.14500 1.25000 -3.99000
v 5.14500 1.25000 -4.79000
vt 0.00000 0.00000
vt 1.00000 0.00000
vt 0.00000 1.00000
vt 1.00000 1.00000
vt 0.00000 0.00000
vt 1.00000 0.00000
vt 0.00000 1.00000
vt 1.00000 1.00000
vt 0.00000 0.00000
vt 1.00000 0.00000
vt 0.00000 1.00000
vt 1.00000 1.00000
vt 0.00000 0.00000
vt 1.00000 0.00000
vt 0.00000 1.00000
vt 1.00000 1.00000
vt 0.00000 0.00000
vt 1.00000 0.00000
vt 0.00000 1.00000
vt 1.00000 1.00000
vt 0.00000 0.00000
vt 1.00000 0.00000
vt 0.00000 1.00000
vt 1.00000 1.00000
f 2381/2381 2383/2383 2382/2382
f 2383/2383 2384/2384 2382/2382
f 2385/2385 2387/2387 2386/2386
f 2387/2387 2388/2388 2386/2386
f 2389/2389 2391/2391 2390/2390
f 2391/2391 2392/2392 2390/2390
f 2393/2393 2395/2395 2394/2394
f 2395/2395 2396/2396 2394/2394
f 2397/2397 2399/2399 2398/2398
f 2399/2399 2400/2400 2398/2398
f 2401/2401 2403/2403 2402/2402
f 2403/2403 2404/2404 2402/2402
v 5.00500 2.64500 -4.37250
v 5.03500 2.64500 -4.37250
v 5.00500 1.35500 -4.37250
v 5.03500 1.35500 -4.37250
v 5.03500 2.64500 -4.40750
v 5.00500 2.64500 -4.40750
v 5.03500 1.35500 -4.40750
v 5.00500 1.35500 -4.40750
v 5.03500 2.64500 -4.40750
v 5.03500 2.64500 -4.37250
v 5.00500 2.64500 -4.40750
v 5.00500 2.64500 -4.37250
v 5.00500 1.35500 -4.40750
v 5.00500 1.35500 -4.37250
v 5.03500 1.35500 -4.40750
v 5.03500 1.35500 -4.37250
v 5.00500 2.64500 -4.40750
v 5.00500 2.64500 -4.37250
v 5.00500 1.35500 -4.40750
v 5.00500 1.35500 -4.37250
v 5.03500 2.64500 -4.37250
v 5.03500 2.64500 -4.40750
v 5.03500 1.35500 -4.37250
v 5.03500 1.35500 -4.40750
vt 0.00000 0.00000
vt 1.00000 0.00000
vt 0.00000 1.00000
vt 1.00000 1.00000
vt 0.00000 0.00000
vt 1.00000 0.00000
vt 0.00000 1.00000
vt 1.00000 1.00000
vt 0.00000 0.00000
vt 1.00000 0.00000
vt 0.00000 1.00000
vt 1.00000 1.00000
vt 0.00000 0.00000
vt 1.00000 0.00000
vt 0.00000 1.00000
vt 1.00000 1.00000
vt 0.00000 0.00000
vt 1.00000 0.00000
vt 0.00000 1.00000
vt 1.00000 1.00000
vt 0.00000 0.00000
vt 1.00000 0.00000
vt 0.00000 1.00000
vt 1.00000 1.00000
f 2405/2405 2407/2407 2406/2406
f 2407/2407 2408/2408 2406/2406
f 2409/2409 2411/2411 2410/2410
f 2411/2411 2412/2412 2410/2410
f 2413/2413 2415/2415 2414/2414
f 2415/2415 2416/2416 2414/2414
f 2417/2417 2419/2419 2418/2418
f 2419/2419 2420/2420 2418/2418
f 2421/2421 2423/2423 2422/2422
f 2423/2423 2424/2424 2422/2422
f 2425/2425 2427/2427 2426/2426
f 2427/2427 2428/2428 2426/2426
v 5.00500 2.01750 -4.07800
v 5.03500 2.01750 -4.07800
v 5.00500 1.98250 -4.07800
v 5.03500 1.98250 -4.07800
v 5.03500 2.01750 -4.70200
v 5.00500 2.01750 -4.70200
v 5.03500 1.98250 -4.70200
v 5.00500 1.98250 -4.70200
v 5.03500 2.01750 -4.70200
v 5.03500 2.01750 -4.07800
v 5.00500 2.01750 -4.70200
v 5.00500 2.01750 -4.07800
v 5.00500 1.98250 -4.70200
v 5.00500 1.98250 -4.07800
v 5.03500 1.98250 -4.70200
v 5.03500 1.98250 -4.07800
v 5.00500 2.01750 -4.70200
v 5.00500 2.01750 -4.07800
v 5.00500 1.98250 -4.70200
v 5.00500 1.98250 -4.07800
v 5.03500 2.01750 -4.07800
v 5.03500 2.01750 -4.70200
v 5.03500 1.98250 -4.07800
v 5.03500 1.98250 -4.70200
vt 0.00000 0.00000
vt 1.00000 0.00000
vt 0.00000 1.00000
vt 1.00000 1.00000
vt 0.00000 0.00000
vt 1.00000 0.00000
vt 0.00000 1.00000
vt 1.00000 1.00000
vt 0.00000 0.00000
vt 1.00000 0.00000
vt 0.00000 1.00000
vt 1.00000 1.00000
vt 0.00000 0.00000
vt 1.00000 0.00000
vt 0.00000 1.00000
vt 1.00000 1.00000
vt 0.00000 0.00000
vt 1.00000 0.00000
vt 0.00000 1.00000
vt 1.00000 1.00000
vt 0.00000 0.00000
vt 1.00000 0.00000
vt 0.00000 1.00000
vt 1.00000 1.00000
f 2429/2429 2431/2431 2430/2430
f 2431/2431 2432/2432 2430/2430
f 2433/2433 2435/2435 2434/2434
f 2435/2435 2436/2436 2434/2434
f 2437/2437 2439/2439 2438/2438
f 2439/2439 2440/2440 2438/2438
f 2441/2441 2443/2443 2442/2442
f 2443/2443 2444/2444 2442/2442
f 2445/2445 2447/2447 2446/2446
f 2447/2447 2448/2448 2446/2446
f 2449/2449 2451/2451 2450/2450
f 2451/2451 2452/2452 2450/2450
v 4.90500 1.25000 -3.91500
v 5.08500 1.25000 -3.91500
v 4.90500 1.19000 -3.91500
v 5.08500 1.19000 -3.91500
v 5.08500 1.25000 -4.86500
v 4.90500 1.25000 -4.86500
v 5.08500 1.19000 -4.86500
v 4.90500 1.19000 -4.86500
v 5.08500 1.25000 -4.86500
v 5.08500 1.25000 -3.91500
v 4.90500 1.25000 -4.86500
v 4.90500 1.25000 -3.91500
v 4.90500 1.19000 -4.86500
v 4.90500 1.19000 -3.91500
v 5.08500 1.19000 -4.86500
v 5.08500 1.19000 -3.91500
v 4.90500 1.25000 -4.86500
v 4.90500 1.25000 -3.91500
v 4.90500 1.19000 -4.86500
v 4.90500 1.19000 -3.91500
v 5.08500 1.25000 -3.91500
v 5.08500 1.25000 -4.86500
v 5.08500 1.19000 -3.91500
v 5.08500 1.19000 -4.86500
vt 0.00000 0.00000
vt 1.00000 0.00000
vt 0.00000 1.00000
vt 1.00000 1.00000
vt 0.00000 0.00000
vt 1.00000 0.00000
vt 0.00000 1.00000
vt 1.00000 1.00000
vt 0.00000 0.00000
vt 1.00000 0.00000
vt 0.00000 1.00000
vt 1.00000 1.00000
vt 0.00000 0.00000
vt 1.00000 0.00000
vt 0.00000 1.00000
vt 1.00000 1.00000
vt 0.00000 0.00000
vt 1.00000 0.00000
vt 0.00000 1.00000
vt 1.00000 1.00000
vt 0.00000 0.00000
vt 1.00000 0.00000
vt 0.00000 1.00000
vt 1.00000 1.00000
f 2453/2453 2455/2455 2454/2454
f 2455/2455 2456/2456 2454/2454
f 2457/2457 2459/2459 2458/2458
f 2459/2459 2460/2460 2458/2458
f 2461/2461 2463/2463 2462/2462
f 2463/2463 2464/2464 2462/2462
f 2465/2465 2467/2467 2466/2466
f 2467/2467 2468/2468 2466/2466
f 2469/2469 2471/2471 2470/2470
f 2471/2471 2472/2472 2470/2470
f 2473/2473 2475/2475 2474/2474
f 2475/2475 2476/2476 2474/2474
v -10.89500 5.10000 -4.79000
v -10.99500 5.10000 -4.79000
v -10.89500 3.60000 -4.79000
v -10.99500 3.60000 -4.79000
v -10.99500 5.10000 -3.99000
v -10.89500 5.10000 -3.99000
v -10.99500 3.60000 -3.99000
v -10.89500 3.60000 -3.99000
v -10.99500 5.10000 -3.99000
v -10.99500 5.10000 -4.79000
v -10.89500 5.10000 -3.99000
v -10.89500 5.10000 -4.79000
v -10.89500 3.60000 -3.99000
v -10.89500 3.60000 -4.79000
v -10.99500 3.60000 -3.99000
v -10.99500 3.60000 -4.79000
v -10.89500 5.10000 -3.99000
v -10.89500 5.10000 -4.79000
v -10.89500 3.60000 -3.99000
v -10.89500 3.60000 -4.79000
v -10.99500 5.10000 -4.79000
v -10.99500 5.10000 -3.99000
v -10.99500 3.60000 -4.79000
v -10.99500 3.60000 -3.99000
vt 0.00000 0.00000
vt 1.00000 0.00000
vt 0.00000 1.00000
vt 1.00000 1.00000
vt 0.00000 0.00000
vt 1.00000 0.00000
vt 0.00000 1.00000
vt 1.00000 1.00000
vt 0.00000 0.00000
vt 1.00000 0.00000
vt 0.00000 1.00000
vt 1.00000 1.00000
vt 0.00000 0.00000
vt 1.00000 0.00000
vt 0.00000 1.00000
vt 1.00000 1.00000
vt 0.00000 0.00000
vt 1.00000 0.00000
vt 0.00000 1.00000
vt 1.00000 1.00000
vt 0.00000 0.00000
vt 1.00000 0.00000
vt 0.00000 1.00000
vt 1.00000 1.00000
f 2477/2477 2479/2479 2478/2478
f 2479/2479 2480/2480 2478/2478
f 2481/2481 2483/2483 2482/2482
f 2483/2483 2484/2484 2482/2482
f 2485/2485 2487/2487 2486/2486
f 2487/2487 2488/2488 2486/2486
f 2489/2489 2491/2491 2490/2490
f 2491/2491 2492/2492 2490/2490
f 2493/2493 2495/2495 2494/2494
f 2495/2495 2496/2496 2494/2494
f 2497/2497 2499/2499 2498/2498
f 2499/2499 2500/2500 2498/2498
v -10.85500 4.99500 -4.40750
v -10.88500 4.99500 -4.40750
v -10.85500 3.70500 -4.40750
v -10.88500 3.70500 -4.40750
v -10.88500 4.99500 -4.37250
v -10.85500 4.99500 -4.37250
v -10.88500 3.70500 -4.37250
v -10.85500 3.70500 -4.37250
v -10.88500 4.99500 -4.37250
v -10.88500 4.99500 -4.40750
v -10.85500 4.99500 -4.37250
v -10.85500 4.99500 -4.40750
v -10.85500 3.70500 -4.37250
v -10.85500 3.70500 -4.40750
v -10.88500 3.70500 -4.37250
v -10.88500 3.70500 -4.40750
v -10.85500 4.99500 -4.37250
v -10.85500 4.99500 -4.40750
v -10.85500 3.70500 -4.37250
v -10.85500 3.70500 -4.40750
v -10.88500 4.99500 -4.40750
v -10.88500 4.99500 -4.37250
v -10.88500 3.70500 -4.40750
v -10.88500 3.70500 -4.37250
vt 0.00000 0.00000
vt 1.00000 0.00000
vt 0.00000 1.00000
vt 1.00000 1.00000
vt 0.00000 0.00000
vt 1.00000 0.00000
vt 0.00000 1.00000
vt 1.00000 1.00000
vt 0.00000 0.00000
vt 1.00000 0.00000
vt 0.00000 1.00000
vt 1.00000 1.00000
vt 0.00000 0.00000
vt 1.00000 0.00000
vt 0.00000 1.00000
vt 1.00000 1.00000
vt 0.00000 0.00000
vt 1.00000 0.00000
vt 0.00000 1.00000
vt 1.00000 1.00000
vt 0.00000 0.00000
vt 1.00000 0.00000
vt 0.00000 1.00000
vt 1.00000 1.00000
f 2501/2501 2503/2503 2502/2502
f 2503/2503 2504/2504 2502/2502
f 2505/2505 2507/2507 2506/2506
f 2507/2507 2508/2508 2506/2506
f 2509/2509 2511/2511 2510/2510
f 2511/2511 2512/2512 2510/2510
f 2513/2513 2515/2515 2514/2514
f 2515/2515 2516/2516 2514/2514
f 2517/2517 2519/2519 2518/2518
f 2519/2519 2520/2520 2518/2518
f 2521/2521 2523/2523 2522/2522
f 2523/2523 2524/2524 2522/2522
v -10.85500 4.36750 -4.70200
v -10.88500 4.36750 -4.70200
v -10.85500 4.33250 -4.70200
v -10.88500 4.33250 -4.70200
v -10.88500 4.36750 -4.07800
v -10.85500 4.36750 -4.07800
v -10.88500 4.33250 -4.07800
v -10.85500 4.33250 -4.07800
v -10.88500 4.36750 -4.07800
v -10.88500 4.36750 -4.70200
v -10.85500 4.36750 -4.07800
v -10.85500 4.36750 -4.70200
v -10.85500 4.33250 -4.07800
v -10.85500 4.33250 -4.70200
v -10.88500 4.33250 -4.07800
v -10.88500 4.33250 -4.70200
v -10.85500 4.36750 -4.07800
v -10.85500 4.36750 -4.70200
v -10.85500 4.33250 -4.07800
v -10.85500 4.33250 -4.70200
v -10.88500 4.36750 -4.70200
v -10.88500 4.36750 -4.07800
v -10.88500 4.33250 -4.70200
v -10.88500 4.33250 -4.07800
vt 0.00000 0.00000
vt 1.00000 0.00000
vt 0.00000 1.00000
vt 1.00000 1.00000
vt 0.00000 0.00000
vt 1.00000 0.00000
vt 0.00000 1.00000
vt 1.00000 1.00000
vt 0.00000 0.00000
vt 1.00000 0.00000
vt 0.00000 1.00000
vt 1.00000 1.00000
vt 0.00000 0.00000
vt 1.00000 0.00000
vt 0.00000 1.00000
vt 1.00000 1.00000
vt 0.00000 0.00000
vt 1.00000 0.00000
vt 0.00000 1.00000
vt 1.00000 1.00000
vt 0.00000 0.00000
vt 1.00000 0.00000
vt 0.00000 1.00000
vt 1.00000 1.00000
f 2525/2525 2527/2527 2526/2526
f 2527/2527 2528/2528 2526/2526
f 2529/2529 2531/2531 2530/2530
f 2531/2531 2532/2532 2530/2530
f 2533/2533 2535/2535 2534/2534
f 2535/2535 2536/2536 2534/2534
f 2537/2537 2539/2539 2538/2538
f 2539/2539 2540/2540 2538/2538
f 2541/2541 2543/2543 2542/2542
f 2543/2543 2544/2544 2542/2542
f 2545/2545 2547/2547 2546/2546
f 2547/2547 2548/2548 2546/2546
v -10.75500 3.60000 -4.86500
v -10.93500 3.60000 -4.86500
v -10.75500 3.54000 -4.86500
v -10.93500 3.54000 -4.86500
v -10.93500 3.60000 -3.91500
v -10.75500 3.60000 -3.91500
v -10.93500 3.54000 -3.91500
v -10.75500 3.54000 -3.91500
v -10.93500 3.60000 -3.91500
v -10.93500 3.60000 -4.86500
v -10.75500 3.60000 -3.91500
v -10.75500 3.60000 -4.86500
v -10.75500 3.54000 -3.91500
v -10.75500 3.54000 -4.86500
v -10.93500 3.54000 -3.91500
v -10.93500 3.54000 -4.86500
v -10.75500 3.60000 -3.91500
v -10.75500 3.60000 -4.86500
v -10.75500 3.54000 -3.91500
v -10.75500 3.54000 -4.86500
v -10.93500 3.60000 -4.86500
v -10.93500 3.60000 -3.91500
v -10.93500 3.54000 -4.86500
v -10.93500 3.54000 -3.91500
vt 0.00000 0.00000
vt 1.00000 0.00000
vt 0.00000 1.00000
vt 1.00000 1.00000
vt 0.00000 0.00000
vt 1.00000 0.00000
vt 0.00000 1.00000
vt 1.00000 1.00000
vt 0.00000 0.00000
vt 1.00000 0.00000
vt 0.00000 1.00000
vt 1.00000 1.00000
vt 0.00000 0.00000
vt 1.00000 0.00000
vt 0.00000 1.00000
vt 1.00000 1.00000
vt 0.00000 0.00000
vt 1.00000 0.00000
vt 0.00000 1.00000
vt 1.00000 1.00000
vt 0.00000 0.00000
vt 1.00000 0.00000
vt 0.00000 1.00000
vt 1.00000 1.00000
f 2549/2549 2551/2551 2550/2550
f 2551/2551 2552/2552 2550/2550
f 2553/2553 2555/2555 2554/2554
f 2555/2555 2556/2556 2554/2554
f 2557/2557 2559/2559 2558/2558
f 2559/2559 2560/2560 2558/2558
f 2561/2561 2563/2563 2562/2562
f 2563/2563 2564/2564 2562/2562
f 2565/2565 2567/2567 2566/2566
f 2567/2567 2568/2568 2566/2566
f 2569/2569 2571/2571 2570/2570
f 2571/2571 2572/2572 2570/2570
v 5.04500 5.10000 -3.99000
v 5.14500 5.10000 -3.99000
v 5.04500 3.60000 -3.99000
v 5.14500 3.60000 -3.99000
v 5.14500 5.10000 -4.79000
v 5.04500 5.10000 -4.79000
v 5.14500 3.60000 -4.79000
v 5.04500 3.60000 -4.79000
v 5.14500 5.10000 -4.79000
v 5.14500 5.10000 -3.99000
v 5.04500 5.10000 -4.79000
v 5.04500 5.10000 -3.99000
v 5.04500 3.60000 -4.79000
v 5.04500 3.60000 -3.99000
v 5.14500 3.60000 -4.79000
v 5.14500 3.60000 -3.99000
v 5.04500 5.10000 -4.79000
v 5.04500 5.10000 -3.99000
v 5.04500 3.60000 -4.79000
v 5.04500 3.60000 -3.99000
v 5.14500 5.10000 -3.99000
v 5.14500 5.10000 -4.79000
v 5.14500 3.60000 -3.99000
v 5.14500 3.60000 -4.79000
vt 0.00000 0.00000
vt 1.00000 0.00000
vt 0.00000 1.00000
vt 1.00000 1.00000
vt 0.00000 0.00000
vt 1.00000 0.00000
vt 0.00000 1.00000
vt 1.00000 1.00000
vt 0.00000 0.00000
vt 1.00000 0.00000
vt 0.00000 1.00000
vt 1.00000 1.00000
vt 0.00000 0.00000
vt 1.00000 0.00000
vt 0.00000 1.00000
vt 1.00000 1.00000
vt 0.00000 0.00000
vt 1.00000 0.00000
vt 0.00000 1.00000
vt 1.00000 1.00000
vt 0.00000 0.00000
vt 1.00000 0.00000
vt 0.00000 1.00000
vt 1.00000 1.00000
f 2573/2573 2575/2575 2574/2574
f 2575/2575 2576/2576 2574/2574
f 2577/2577 2579/2579 2578/2578
f 2579/2579 2580/2580 2578/2578
f 2581/2581 2583/2583 2582/2582
f 2583/2583 2584/2584 2582/2582
f 2585/2585 2587/2587 2586/2586
f 2587/2587 2588/2588 2586/2586
f 2589/2589 2591/2591 2590/2590
f 2591/2591 2592/2592 2590/2590
f 2593/2593 2595/2595 2594/2594
f 2595/2595 2596/2596 2594/2594
v 5.00500 4.99500 -4.37250
v 5.03500 4.99500 -4.37250
v 5.00500 3.70500 -4.37250
v 5.03500 3.70500 -4.37250
v 5.03500 4.99500 -4.40750
v 5.00500 4.99500 -4.40750
v 5.03500 3.70500 -4.40750
v 5.00500 3.70500 -4.40750
v 5.03500 4.99500 -4.40750
v 5.03500 4.99500 -4.37250
v 5.00500 4.99500 -4.40750
v 5.00500 4.99500 -4.37250
v 5.00500 3.70500 -4.40750
v 5.00500 3.70500 -4.37250
v 5.03500 3.70500 -4.40750
v 5.03500 3.70500 -4.37250
v 5.00500 4.99500 -4.40750
v 5.00500 4.99500 -4.37250
v 5.00500 3.70500 -4.40750
v 5.00500 3.70500 -4.37250
v 5.03500 4.99500 -4.37250
v 5.03500 4.99500 -4.40750
v 5.03500 3.70500 -4.37250
v 5.03500 3.70500 -4.40750
vt 0.00000 0.00000
vt 1.00000 0.00000
vt 0.00000 1.00000
vt 1.00000 1.00000
vt 0.00000 0.00000
vt 1.00000 0.00000
vt 0.00000 1.00000
vt 1.00000 1.00000
vt 0.00000 0.00000
vt 1.00000 0.00000
vt 0.00000 1.00000
vt 1.00000 1.00000
vt 0.00000 0.00000
vt 1.00000 0.00000
vt 0.00000 1.00000
vt 1.00000 1.00000
vt 0.00000 0.00000
vt 1.00000 0.00000
vt 0.00000 1.00000
vt 1.00000 1.00000
vt 0.00000 0.00000
vt 1.00000 0.00000
vt 0.00000 1.00000
vt 1.00000 1.00000
f 2597/2597 2599/2599 2598/2598
f 2599/2599 2600/2600 2598/2598
f 2601/2601 2603/2603 2602/2602
f 2603/2603 2604/2604 2602/2602
f 2605/2605 2607/2607 2606/2606
f 2607/2607 2608/2608 2606/2606
f 2609/2609 2611/2611 2610/2610
f 2611/2611 2612/2612 2610/2610
f 2613/2613 2615/2615 2614/2614
f 2615/2615 2616/2616 2614/2614
f 2617/2617 2619/2619 2618/2618
f 2619/2619 2620/2620 2618/2618
v 5.00500 4.36750 -4.07800
v 5.03500 4.36750 -4.07800
v 5.00500 4.33250 -4.07800
v 5.03500 4.33250 -4.07800
v 5.03500 4.36750 -4.70200
v 5.00500 4.36750 -4.70200
v 5.03500 4.33250 -4.70200
v 5.00500 4.33250 -4.70200
v 5.03500 4.36750 -4.70200
v 5.03500 4.36750 -4.07800
v 5.00500 4.36750 -4.70200
v 5.00500 4.36750 -4.07800
v 5.00500 4.33250 -4.70200
v 5.00500 4.33250 -4.07800
v 5.03500 4.33250 -4.70200
v 5.03500 4.33250 -4.07800
v 5.00500 4.36750 -4.70200
v 5.00500 4.36750 -4.07800
v 5.00500 4.33250 -4.70200
v 5.00500 4.33250 -4.07800
v 5.03500 4.36750 -4.07800
v 5.03500 4.36750 -4.70200
v 5.03500 4.33250 -4.07800
v 5.03500 4.33250 -4.70200
vt 0.00000 0.00000
vt 1.00000 0.00000
vt 0.00000 1.00000
vt 1.00000 1.00000
vt 0.00000 0.00000
vt 1.00000 0.00000
vt 0.00000 1.00000
vt 1.00000 1.00000
vt 0.00000 0.00000
vt 1.00000 0.00000
vt 0.00000 1.00000
vt 1.00000 1.00000
vt 0.00000 0.00000
vt 1.00000 0.00000
vt 0.00000 1.00000
vt 1.00000 1.00000
vt 0.00000 0.00000
vt 1.00000 0.00000
vt 0.00000 1.00000
vt 1.00000 1.00000
vt 0.00000 0.00000
vt 1.00000 0.00000
vt 0.00000 1.00000
vt 1.00000 1.00000
f 2621/2621 2623/2623 2622/2622
f 2623/2623 2624/2624 2622/2622
f 2625/2625 2627/2627 2626/2626
f 2627/2627 2628/2628 2626/2626
f 2629/2629 2631/2631 2630/2630
f 2631/2631 2632/2632 2630/2630
f 2633/2633 2635/2635 2634/2634
f 2635/2635 2636/2636 2634/2634
f 2637/2637 2639/2639 2638/2638
f 2639/2639 2640/2640 2638/2638
f 2641/2641 2643/2643 2642/2642
f 2643/2643 2644/2644 2642/2642
v 4.90500 3.60000 -3.91500
v 5.08500 3.60000 -3.91500
v 4.90500 3.54000 -3.91500
v 5.08500 3.54000 -3.91500
v 5.08500 3.60000 -4.86500
v 4.90500 3.60000 -4.86500
v 5.08500 3.54000 -4.86500
v 4.90500 3.54000 -4.86500
v 5.08500 3.60000 -4.86500
v 5.08500 3.60000 -3.91500
v 4.90500 3.60000 -4.86500
v 4.90500 3.60000 -3.91500
v 4.90500 3.54000 -4.86500
v 4.90500 3.54000 -3.91500
v 5.08500 3.54000 -4.86500
v 5.08500 3.54000 -3.91500
v 4.90500 3.60000 -4.86500
v 4.90500 3.60000 -3.91500
v 4.90500 3.54000 -4.86500
v 4.90500 3.54000 -3.91500
v 5.08500 3.60000 -3.91500
v 5.08500 3.60000 -4.86500
v 5.08500 3.54000 -3.91500
v 5.08500 3.54000 -4.86500
vt 0.00000 0.00000
vt 1.00000 0.00000
vt 0.00000 1.00000
vt 1.00000 1.00000
vt 0.00000 0.00000
vt 1.00000 0.00000
vt 0.00000 1.00000
vt 1.00000 1.00000
vt 0.00000 0.00000
vt 1.00000 0.00000
vt 0.00000 1.00000
vt 1.00000 1.00000
vt 0.00000 0.00000
vt 1.00000 0.00000
vt 0.00000 1.00000
vt 1.00000 1.00000
vt 0.00000 0.00000
vt 1.00000 0.00000
vt 0.00000 1.00000
vt 1.00000 1.00000
vt 0.00000 0.00000
vt 1.00000 0.00000
vt 0.00000 1.00000
vt 1.00000 1.00000
f 2645/2645 2647/2647 2646/2646
f 2647/2647 2648/2648 2646/2646
f 2649/2649 2651/2651 2650/2650
f 2651/2651 2652/2652 2650/2650
f 2653/2653 2655/2655 2654/2654
f 2655/2655 2656/2656 2654/2654
f 2657/2657 2659/2659 2658/2658
f 2659/2659 2660/2660 2658/2658
f 2661/2661 2663/2663 2662/2662
f 2663/2663 2664/2664 2662/2662
f 2665/2665 2667/2667 2666/2666
f 2667/2667 2668/2668 2666/2666
v -10.89500 2.75000 -1.19000
v -10.99500 2.75000 -1.19000
v -10.89500 1.25000 -1.19000
v -10.99500 1.25000 -1.19000
v -10.99500 2.75000 -0.39000
v -10.89500 2.75000 -0.39000
v -10.99500 1.25000 -0.39000
v -10.89500 1.25000 -0.39000
v -10.99500 2.75000 -0.39000
v -10.99500 2.75000 -1.19000
v -10.89500 2.75000 -0.39000
v -10.89500 2.75000 -1.19000
v -10.89500 1.25000 -0.39000
v -10.89500 1.25000 -1.19000
v -10.99500 1.25000 -0.39000
v -10.99500 1.25000 -1.19000
v -10.89500 2.75000 -0.39000
v -10.89500 2.75000 -1.19000
v -10.89500 1.25000 -0.39000
v -10.89500 1.25000 -1.19000
v -10.99500 2.75000 -1.19000
v -10.99500 2.75000 -0.39000
v -10.99500 1.25000 -1.19000
v -10.99500 1.25000 -0.39000
vt 0.00000 0.00000
vt 1.00000 0.00000
vt 0.00000 1.00000
vt 1.00000 1.00000
vt 0.00000 0.00000
vt 1.00000 0.00000
vt 0.00000 1.00000
vt 1.00000 1.00000
vt 0.00000 0.00000
vt 1.00000 0.00000
vt 0.00000 1.00000
vt 1.00000 1.00000
vt 0.00000 0.00000
vt 1.00000 0.00000
vt 0.00000 1.00000
vt 1.00000 1.00000
vt 0.00000 0.00000
vt 1.00000 0.00000
vt 0.00000 1.00000
vt 1.00000 1.00000
vt 0.00000 0.00000
vt 1.00000 0.00000
vt 0.00000 1.00000
vt 1.00000 1.00000
f 2669/2669 2671/2671 2670/2670
f 2671/2671 2672/2672 2670/2670
f 2673/2673 2675/2675 2674/2674
f 2675/2675 2676/2676 2674/2674
f 2677/2677 2679/2679 2678/2678
f 2679/2679 2680/2680 2678/2678
f 2681/2681 2683/2683 2682/2682
f 2683/2683 2684/2684 2682/2682
f 2685/2685 2687/2687 2686/2686
f 2687/2687 2688/2688 2686/2686
f 2689/2689 2691/2691 2690/2690
f 2691/2691 2692/2692 2690/2690
v -10.85500 2.64500 -0.80750
v -10.88500 2.64500 -0.80750
v -10.85500 1.35500 -0.80750
v -10.88500 1.35500 -0.80750
v -10.88500 2.64500 -0.77250
v -10.85500 2.64500 -0.77250
v -10.88500 1.35500 -0.77250
v -10.85500 1.35500 -0.77250
v -10.88500 2.64500 -0.77250
v -10.88500 2.64500 -0.80750
v -10.85500 2.64500 -0.77250
v -10.85500 2.64500 -0.80750
v -10.85500 1.35500 -0.77250
v -10.85500 1.35500 -0.80750
v -10.88500 1.35500 -0.77250
v -10.88500 1.35500 -0.80750
v -10.85500 2.64500 -0.77250
v -10.85500 2.64500 -0.80750
v -10.85500 1.35500 -0.77250
v -10.85500 1.35500 -0.80750
v -10.88500 2.64500 -0.80750
v -10.88500 2.64500 -0.77250
v -10.88500 1.35500 -0.80750
v -10.88500 1.35500 -0.77250
vt 0.00000 0.00000
vt 1.00000 0.00000
vt 0.00000 1.00000
vt 1.00000 1.00000
vt 0.00000 0.00000
vt 1.00000 0.00000
vt 0.00000 1.00000
vt 1.00000 1.00000
vt 0.00000 0.00000
vt 1.00000 0.00000
vt 0.00000 1.00000
vt 1.00000 1.00000
vt 0.00000 0.00000
vt 1.00000 0.00000
vt 0.00000 1.00000
vt 1.00000 1.00000
vt 0.00000 0.00000
vt 1.00000 0.00000
vt 0.00000 1.00000
vt 1.00000 1.00000
vt 0.00000 0.00000
vt 1.00000 0.00000
vt 0.00000 1.00000
vt 1.00000 1.00000
f 2693/2693 2695/2695 2694/2694
f 2695/2695 2696/2696 2694/2694
f 2697/2697 2699/2699 2698/2698
f 2699/2699 2700/2700 2698/2698
f 2701/2701 2703/2703 2702/2702
f 2703/2703 2704/2704 2702/2702
f 2705/2705 2707/2707 2706/2706
f 2707/2707 2708/2708 2706/2706
f 2709/2709 2711/2711 2710/2710
f 2711/2711 2712/2712 2710/2710
f 2713/2713 2715/2715 2714/2714
f 2715/2715 2716/2716 2714/2714
v -10.85500 2.01750 -1.10200
v -10.88500 2.01750 -1.10200
v -10.85500 1.98250 -1.10200
v -10.88500 1.98250 -1.10200
v -10.88500 2.01750 -0.47800
v -10.85500 2.01750 -0.47800
v -10.88500 1.98250 -0.47800
v -10.85500 1.98250 -0.47800
v -10.88500 2.01750 -0.47800
v -10.88500 2.01750 -1.10200
v -10.85500 2.01750 -0.47800
v -10.85500 2.01750 -1.10200
v -10.85500 1.98250 -0.47800
v -10.85500 1.98250 -1.10200
v -10.88500 1.98250 -0.47800
v -10.88500 1.98250 -1.10200
v -10.85500 2.01750 -0.47800
v -10.85500 2.01750 -1.10200
v -10.85500 1.98250 -0.47800
v -10.85500 1.98250 -1.10200
v -10.88500 2.01750 -1.10200
v -10.88500 2.01750 -0.47800
v -10.88500 1.98250 -1.10200
v -10.88500 1.98250 -0.47800
vt 0.00000 0.00000
vt 1.00000 0.00000
vt 0.00000 1.00000
vt 1.00000 1.00000
vt 0.00000 0.00000
vt 1.00000 0.00000
vt 0.00000 1.00000
vt 1.00000 1.00000
vt 0.00000 0.00000
vt 1.00000 0.00000
vt 0.00000 1.00000
vt 1.00000 1.00000
vt 0.00000 0.00000
vt 1.00000 0.00000
vt 0.00000 1.00000
vt 1.00000 1.00000
vt 0.00000 0.00000
vt 1.00000 0.00000
vt 0.00000 1.00000
vt 1.00000 1.00000
vt 0.00000 0.00000
vt 1.00000 0.00000
vt 0.00000 1.00000
vt 1.00000 1.00000
f 2717/2717 2719/2719 2718/2718
f 2719/2719 2720/2720 2718/2718
f 2721/2721 2723/2723 2722/2722
f 2723/2723 2724/2724 2722/2722
f 2725/2725 2727/2727 2726/2726
f 2727/2727 2728/2728 2726/2726
f 2729/2729 2731/2731 2730/2730
f 2731/2731 2732/2732 2730/2730
f 2733/2733 2735/2735 2734/2734
f 2735/2735 2736/2736 2734/2734
f 2737/2737 2739/2739 2738/2738
f 2739/2739 2740/2740 2738/2738
v -10.75500 1.25000 -1.26500
v -10.93500 1.25000 -1.26500
v -10.75500 1.19000 -1.26500
v -10.93500 1.19000 -1.26500
v -10.93500 1.25000 -0.31500
v -10.75500 1.25000 -0.31500
v -10.93500 1.19000 -0.31500
v -10.75500 1.19000 -0.31500
v -10.93500 1.25000 -0.31500
v -10.93500 1.25000 -1.26500
v -10.75500 1.25000 -0.31500
v -10.75500 1.25000 -1.26500
v -10.75500 1.19000 -0.31500
v -10.75500 1.19000 -1.26500
v -10.93500 1.19000 -0.31500
v -10.93500 1.19000 -1.26500
v -10.75500 1.25000 -0.31500
v -10.75500 1.25000 -1.26500
v -10.75500 1.19000 -0.31500
v -10.75500 1.19000 -1.26500
v -10.93500 1.25000 -1.26500
v -10.93500 1.25000 -0.31500
v -10.93500 1.19000 -1.26500
v -10.93500 1.19000 -0.31500
vt 0.00000 0.00000
vt 1.00000 0.00000
vt 0.00000 1.00000
vt 1.00000 1.00000
vt 0.00000 0.00000
vt 1.00000 0.00000
vt 0.00000 1.00000
vt 1.00000 1.00000
vt 0.00000 0.00000
vt 1.00000 0.00000
vt 0.00000 1.00000
vt 1.00000 1.00000
vt 0.00000 0.00000
vt 1.00000 0.00000
vt 0.00000 1.00000
vt 1.00000 1.00000
vt 0.00000 0.00000
vt 1.00000 0.00000
vt 0.00000 1.00000
vt 1.00000 1.00000
vt 0.00000 0.00000
vt 1.00000 0.00000
vt 0.00000 1.00000
vt 1.00000 1.00000
f 2741/2741 2743/2743 2742/2742
f 2743/2743 2744/2744 2742/2742
f 2745/2745 2747/2747 2746/2746
f 2747/2747 2748/2748 2746/2746
f 2749/2749 2751/2751 2750/2750
f 2751/2751 2752/2752 2750/2750
f 2753/2753 2755/2755 2754/2754
f 2755/2755 2756/2756 2754/2754
f 2757/2757 2759/2759 2758/2758
f 2759/2759 2760/2760 2758/2758
f 2761/2761 2763/2763 2762/2762
f 2763/2763 2764/2764 2762/2762
v 5.04500 2.75000 -0.39000
v 5.14500 2.75000 -0.39000
v 5.04500 1.25000 -0.39000
v 5.14500 1.25000 -0.39000
v 5.14500 2.75000 -1.19000
v 5.04500 2.75000 -1.19000
v 5.14500 1.25000 -1.19000
v 5.04500 1.25000 -1.19000
v 5.14500 2.75000 -1.19000
v 5.14500 2.75000 -0.39000
v 5.04500 2.75000 -1.19000
v 5.04500 2.75000 -0.39000
v 5.04500 1.25000 -1.19000
v 5.04500 1.25000 -0.39000
v 5.14500 1.25000 -1.19000
v 5.14500 1.25000 -0.39000
v 5.04500 2.75000 -1.19000
v 5.04500 2.75000 -0.39000
v 5.04500 1.25000 -1.19000
v 5.04500 1.25000 -0.39000
v 5.14500 2.75000 -0.39000
v 5.14500 2.75000 -1.19000
v 5.14500 1.25000 -0.39000
v 5.14500 1.25000 -1.19000
vt 0.00000 0.00000
vt 1.00000 0.00000
vt 0.00000 1.00000
vt 1.00000 1.00000
vt 0.00000 0.00000
vt 1.00000 0.00000
vt 0.00000 1.00000
vt 1.00000 1.00000
vt 0.00000 0.00000
vt 1.00000 0.00000
vt 0.00000 1.00000
vt 1.00000 1.00000
vt 0.00000 0.00000
vt 1.00000 0.00000
vt 0.00000 1.00000
vt 1.00000 1.00000
vt 0.00000 0.00000
vt 1.00000 0.00000
vt 0.00000 1.00000
vt 1.00000 1.00000
vt 0.00000 0.00000
vt 1.00000 0.00000
vt 0.00000 1.00000
vt 1.00000 1.00000
f 2765/2765 2767/2767 2766/2766
f 2767/2767 2768/2768 2766/2766
f 2769/2769 2771/2771 2770/2770
f 2771/2771 2772/2772 2770/2770
f 2773/2773 2775/2775 2774/2774
f 2775/2775 2776/2776 2774/2774
f 2777/2777 2779/2779 2778/2778
f 2779/2779 2780/2780 2778/2778
f 2781/2781 2783/2783 2782/2782
f 2783/2783 2784/2784 2782/2782
f 2785/2785 2787/2787 2786/2786
f 2787/2787 2788/2788 2786/2786
v 5.00500 2.64500 -0.77250
v 5.03500 2.64500 -0.77250
v 5.00500 1.35500 -0.77250
v 5.03500 1.35500 -0.77250
v 5.03500 2.64500 -0.80750
v 5.00500 2.64500 -0.80750
v 5.03500 1.35500 -0.80750
v 5.00500 1.35500 -0.80750
v 5.03500 2.64500 -0.80750
v 5.03500 2.64500 -0.77250
v 5.00500 2.64500 -0.80750
v 5.00500 2.64500 -0.77250
v 5.00500 1.35500 -0.80750
v 5.00500 1.35500 -0.77250
v 5.03500 1.35500 -0.80750
v 5.03500 1.35500 -0.77250
v 5.00500 2.64500 -0.80750
v 5.00500 2.64500 -0.77250
v 5.00500 1.35500 -0.80750
v 5.00500 1.35500 -0.77250
v 5.03500 2.64500 -0.77250
v 5.03500 2.64500 -0.80750
v 5.03500 1.35500 -0.77250
v 5.03500 1.35500 -0.80750
vt 0.00000 0.00000
vt 1.00000 0.00000
vt 0.00000 1.00000
vt 1.00000 1.00000
vt 0.00000 0.00000
vt 1.00000 0.00000
vt 0.00000 1.00000
vt 1.00000 1.00000
vt 0.00000 0.00000
vt 1.00000 0.00000
vt 0.00000 1.00000
vt 1.00000 1.00000
vt 0.00000 0.00000
vt 1.00000 0.00000
vt 0.00000 1.00000
vt 1.00000 1.00000
vt 0.00000 0.00000
vt 1.00000 0.00000
vt 0.00000 1.00000
vt 1.00000 1.00000
vt 0.00000 0.00000
vt 1.00000 0.00000
vt 0.00000 1.00000
vt 1.00000 1.00000
f 2789/2789 2791/2791 2790/2790
f 2791/2791 2792/2792 2790/2790
f 2793/2793 2795/2795 2794/2794
f 2795/2795 2796/2796 2794/2794
f 2797/2797 2799/2799 2798/2798
f 2799/2799 2800/2800 2798/2798
f 2801/2801 2803/2803 2802/2802
f 2803/2803 2804/2804 2802/2802
f 2805/2805 2807/2807 2806/2806
f 2807/2807 2808/2808 2806/2806
f 2809/2809 2811/2811 2810/2810
f 2811/2811 2812/2812 2810/2810
v 5.00500 2.01750 -0.47800
v 5.03500 2.01750 -0.47800
v 5.00500 1.98250 -0.47800
v 5.03500 1.98250 -0.47800
v 5.03500 2.01750 -1.10200
v 5.00500 2.01750 -1.10200
v 5.03500 1.98250 -1.10200
v 5.00500 1.98250 -1.10200
v 5.03500 2.01750 -1.10200
v 5.03500 2.01750 -0.47800
v 5.00500 2.01750 -1.10200
v 5.00500 2.01750 -0.47800
v 5.00500 1.98250 -1.10200
v 5.00500 1.98250 -0.47800
v 5.03500 1.98250 -1.10200
v 5.03500 1.98250 -0.47800
v 5.00500 2.01750 -1.10200
v 5.00500 2.01750 -0.47800
v 5.00500 1.98250 -1.10200
v 5.00500 1.98250 -0.47800
v 5.03500 2.01750 -0.47800
v 5.03500 2.01750 -1.10200
v 5.03500 1.98250 -0.47800
v 5.03500 1.98250 -1.10200
vt 0.00000 0.00000
vt 1.00000 0.00000
vt 0.00000 1.00000
vt 1.00000 1.00000
vt 0.00000 0.00000
vt 1.00000 0.00000
vt 0.00000 1.00000
vt 1.00000 1.00000
vt 0.00000 0.00000
vt 1.00000 0.00000
vt 0.00000 1.00000
vt 1.00000 1.00000
vt 0.00000 0.00000
vt 1.00000 0.00000
vt 0.00000 1.00000
vt 1.00000 1.00000
vt 0.00000 0.00000
vt 1.00000 0.00000
vt 0.00000 1.00000
vt 1.00000 1.00000
vt 0.00000 0.00000
vt 1.00000 0.00000
vt 0.00000 1.00000
vt 1.00000 1.00000
f 2813/2813 2815/2815 2814/2814
f 2815/2815 2816/2816 2814/2814
f 2817/2817 2819/2819 2818/2818
f 2819/2819 2820/2820 2818/2818
f 2821/2821 2823/2823 2822/2822
f 2823/2823 2824/2824 2822/2822
f 2825/2825 2827/2827 2826/2826
f 2827/2827 2828/2828 2826/2826
f 2829/2829 2831/2831 2830/2830
f 2831/2831 2832/2832 2830/2830
f 2833/2833 2835/2835 2834/2834
f 2835/2835 2836/2836 2834/2834
v 4.90500 1.25000 -0.31500
v 5.08500 1.25000 -0.31500
v 4.90500 1.19000 -0.31500
v 5.08500 1.19000 -0.31500
v 5.08500 1.25000 -1.26500
v 4.90500 1.25000 -1.26500
v 5.08500 1.19000 -1.26500
v 4.90500 1.19000 -1.26500
v 5.08500 1.25000 -1.26500
v 5.08500 1.25000 -0.31500
v 4.90500 1.25000 -1.26500
v 4.90500 1.25000 -0.31500
v 4.90500 1.19000 -1.26500
v 4.90500 1.19000 -0.31500
v 5.08500 1.19000 -1.26500
v 5.08500 1.19000 -0.31500
v 4.90500 1.25000 -1.26500
v 4.90500 1.25000 -0.31500
v 4.90500 1.19000 -1.26500
v 4.90500 1.19000 -0.31500
v 5.08500 1.25000 -0.31500
v 5.08500 1.25000 -1.26500
v 5.08500 1.19000 -0.31500
v 5.08500 1.19000 -1.26500
vt 0.00000 0.00000
vt 1.00000 0.00000
vt 0.00000 1.00000
vt 1.00000 1.00000
vt 0.00000 0.00000
vt 1.00000 0.00000
vt 0.00000 1.00000
vt 1.00000 1.00000
vt 0.00000 0.00000
vt 1.00000 0.00000
vt 0.00000 1.00000
vt 1.00000 1.00000
vt 0.00000 0.00000
vt 1.00000 0.00000
vt 0.00000 1.00000
vt 1.00000 1.00000
vt 0.00000 0.00000
vt 1.00000 0.00000
vt 0.00000 1.00000
vt 1.00000 1.00000
vt 0.00000 0.00000
vt 1.00000 0.00000
vt 0.00000 1.00000
vt 1.00000 1.00000
f 2837/2837 2839/2839 2838/2838
f 2839/2839 2840/2840 2838/2838
f 2841/2841 2843/2843 2842/2842
f 2843/2843 2844/2844 2842/2842
f 2845/2845 2847/2847 2846/2846
f 2847/2847 2848/2848 2846/2846
f 2849/2849 2851/2851 2850/2850
f 2851/2851 2852/2852 2850/2850
f 2853/2853 2855/2855 2854/2854
f 2855/2855 2856/2856 2854/2854
f 2857/2857 2859/2859 2858/2858
f 2859/2859 2860/2860 2858/2858
v -10.89500 5.10000 -1.19000
v -10.99500 5.10000 -1.19000
v -10.89500 3.60000 -1.19000
v -10.99500 3.60000 -1.19000
v -10.99500 5.10000 -0.39000
v -10.89500 5.10000 -0.39000
v -10.99500 3.60000 -0.39000
v -10.89500 3.60000 -0.39000
v -10.99500 5.10000 -0.39000
v -10.99500 5.10000 -1.19000
v -10.89500 5.10000 -0.39000
v -10.89500 5.10000 -1.19000
v -10.89500 3.60000 -0.39000
v -10.89500 3.60000 -1.19000
v -10.99500 3.60000 -0.39000
v -10.99500 3.60000 -1.19000
v -10.89500 5.10000 -0.39000
v -10.89500 5.10000 -1.19000
v -10.89500 3.60000 -0.39000
v -10.89500 3.60000 -1.19000
v -10.99500 5.10000 -1.19000
v -10.99500 5.10000 -0.39000
v -10.99500 3.60000 -1.19000
v -10.99500 3.60000 -0.39000
vt 0.00000 0.00000
vt 1.00000 0.00000
vt 0.00000 1.00000
vt 1.00000 1.00000
vt 0.00000 0.00000
vt 1.00000 0.00000
vt 0.00000 1.00000
vt 1.00000 1.00000
vt 0.00000 0.00000
vt 1.00000 0.00000
vt 0.00000 1.00000
vt 1.00000 1.00000
vt 0.00000 0.00000
vt 1.00000 0.00000
vt 0.00000 1.00000
vt 1.00000 1.00000
vt 0.00000 0.00000
vt 1.00000 0.00000
vt 0.00000 1.00000
vt 1.00000 1.00000
vt 0.00000 0.00000
vt 1.00000 0.00000
vt 0.00000 1.00000
vt 1.00000 1.00000
f 2861/2861 2863/2863 2862/2862
f 2863/2863 2864/2864 2862/2862
f 2865/2865 2867/2867 2866/2866
f 2867/2867 2868/2868 2866/2866
f 2869/2869 2871/2871 2870/2870
f 2871/2871 2872/2872 2870/2870
f 2873/2873 2875/2875 2874/2874
f 2875/2875 2876/2876 2874/2874
f 2877/2877 2879/2879 2878/2878
f 2879/2879 2880/2880 2878/2878
f 2881/2881 2883/2883 2882/2882
f 2883/2883 2884/2884 2882/2882
v -10.85500 4.99500 -0.80750
v -10.88500 4.99500 -0.80750
v -10.85500 3.70500 -0.80750
v -10.88500 3.70500 -0.80750
v -10.88500 4.99500 -0.77250
v -10.85500 4.99500 -0.77250
v -10.88500 3.70500 -0.77250
v -10.85500 3.70500 -0.77250
v -10.88500 4.99500 -0.77250
v -10.88500 4.99500 -0.80750
v -10.85500 4.99500 -0.77250
v -10.85500 4.99500 -0.80750
v -10.85500 3.70500 -0.77250
v -10.85500 3.70500 -0.80750
v -10.88500 3.70500 -0.77250
v -10.88500 3.70500 -0.80750
v -10.85500 4.99500 -0.77250
v -10.85500 4.99500 -0.80750
v -10.85500 3.70500 -0.77250
v -10.85500 3.70500 -0.80750
v -10.88500 4.99500 -0.80750
v -10.88500 4.99500 -0.77250
v -10.88500 3.70500 -0.80750
v -10.88500 3.70500 -0.77250
vt 0.00000 0.00000
vt 1.00000 0.00000
vt 0.00000 1.00000
vt 1.00000 1.00000
vt 0.00000 0.00000
vt 1.00000 0.00000
vt 0.00000 1.00000
vt 1.00000 1.00000
vt 0.00000 0.00000
vt 1.00000 0.00000
vt 0.00000 1.00000
vt 1.00000 1.00000
vt 0.00000 0.00000
vt 1.00000 0.00000
vt 0.00000 1.00000
vt 1.00000 1.00000
vt 0.00000 0.00000
vt 1.00000 0.00000
vt 0.00000 1.00000
vt 1.00000 1.00000
vt 0.00000 0.00000
vt 1.00000 0.00000
vt 0.00000 1.00000
vt 1.00000 1.00000
f 2885/2885 2887/2887 2886/2886
f 2887/2887 2888/2888 2886/2886
f 2889/2889 2891/2891 2890/2890
f 2891/2891 2892/2892 2890/2890
f 2893/2893 2895/2895 2894/2894
f 2895/2895 2896/2896 2894/2894
f 2897/2897 2899/2899 2898/2898
f 2899/2899 2900/2900 2898/2898
f 2901/2901 2903/2903 2902/2902
f 2903/2903 2904/2904 2902/2902
f 2905/2905 2907/2907 2906/2906
f 2907/2907 2908/2908 2906/2906
v -10.85500 4.36750 -1.10200
v -10.88500 4.36750 -1.10200
v -10.85500 4.33250 -1.10200
v -10.88500 4.33250 -1.10200
v -10.88500 4.36750 -0.47800
v -10.85500 4.36750 -0.47800
v -10.88500 4.33250 -0.47800
v -10.85500 4.33250 -0.47800
v -10.88500 4.36750 -0.47800
v -10.88500 4.36750 -1.10200
v -10.85500 4.36750 -0.47800
v -10.85500 4.36750 -1.10200
v -10.85500 4.33250 -0.47800
v -10.85500 4.33250 -1.10200
v -10.88500 4.33250 -0.47800
v -10.88500 4.33250 -1.10200
v -10.85500 4.36750 -0.47800
v -10.85500 4.36750 -1.10200
v -10.85500 4.33250 -0.47800
v -10.85500 4.33250 -1.10200
v -10.88500 4.36750 -1.10200
v -10.88500 4.36750 -0.47800
v -10.88500 4.33250 -1.10200
v -10.88500 4.33250 -0.47800
vt 0.00000 0.00000
vt 1.00000 0.00000
vt 0.00000 1.00000
vt 1.00000 1.00000
vt 0.00000 0.00000
vt 1.00000 0.00000
vt 0.00000 1.00000
vt 1.00000 1.00000
vt 0.00000 0.00000
vt 1.00000 0.00000
vt 0.00000 1.00000
vt 1.00000 1.00000
vt 0.00000 0.00000
vt 1.00000 0.00000
vt 0.00000 1.00000
vt 1.00000 1.00000
vt 0.00000 0.00000
vt 1.00000 0.00000
vt 0.00000 1.00000
vt 1.00000 1.00000
vt 0.00000 0.00000
vt 1.00000 0.00000
vt 0.00000 1.00000
vt 1.00000 1.00000
f 2909/2909 2911/2911 2910/2910
f 2911/2911 2912/2912 2910/2910
f 2913/2913 2915/2915 2914/2914
f 2915/2915 2916/2916 2914/2914
f 2917/2917 2919/2919 2918/2918
f 2919/2919 2920/2920 2918/2918
f 2921/2921 2923/2923 2922/2922
f 2923/2923 2924/2924 2922/2922
f 2925/2925 2927/2927 2926/2926
f 2927/2927 2928/2928 2926/2926
f 2929/2929 2931/2931 2930/2930
f 2931/2931 2932/2932 2930/2930
v -10.75500 3.60000 -1.26500
v -10.93500 3.60000 -1.26500
v -10.75500 3.54000 -1.26500
v -10.93500 3.54000 -1.26500
v -10.93500 3.60000 -0.31500
v -10.75500 3.60000 -0.31500
v -10.93500 3.54000 -0.31500
v -10.75500 3.54000 -0.31500
v -10.93500 3.60000 -0.31500
v -10.93500 3.60000 -1.26500
v -10.75500 3.60000 -0.31500
v -10.75500 3.60000 -1.26500
v -10.75500 3.54000 -0.31500
v -10.75500 3.54000 -1.26500
v -10.93500 3.54000 -0.31500
v -10.93500 3.54000 -1.26500
v -10.75500 3.60000 -0.31500
v -10.75500 3.60000 -1.26500
v -10.75500 3.54000 -0.31500
v -10.75500 3.54000 -1.26500
v -10.93500 3.60000 -1.26500
v -10.93500 3.60000 -0.31500
v -10.93500 3.54000 -1.26500
v -10.93500 3.54000 -0.31500
vt 0.00000 0.00000
vt 1.00000 0.00000
vt 0.00000 1.00000
vt 1.00000 1.00000
vt 0.00000 0.00000
vt 1.00000 0.00000
vt 0.00000 1.00000
vt 1.00000 1.00000
vt 0.00000 0.00000
vt 1.00000 0.00000
vt 0.00000 1.00000
vt 1.00000 1.00000
vt 0.00000 0.00000
vt 1.00000 0.00000
vt 0.00000 1.00000
vt 1.00000 1.00000
vt 0.00000 0.00000
vt 1.00000 0.00000
vt 0.00000 1.00000
vt 1.00000 1.00000
vt 0.00000 0.00000
vt 1.00000 0.00000
vt 0.00000 1.00000
vt 1.00000 1.00000
f 2933/2933 2935/2935 2934/2934
f 2935/2935 2936/2936 2934/2934
f 2937/2937 2939/2939 2938/2938
f 2939/2939 2940/2940 2938/2938
f 2941/2941 2943/2943 2942/2942
f 2943/2943 2944/2944 2942/2942
f 2945/2945 2947/2947 2946/2946
f 2947/2947 2948/2948 2946/2946
f 2949/2949 2951/2951 2950/2950
f 2951/2951 2952/2952 2950/2950
f 2953/2953 2955/2955 2954/2954
f 2955/2955 2956/2956 2954/2954
v 5.04500 5.10000 -0.39000
v 5.14500 5.10000 -0.39000
v 5.04500 3.60000 -0.39000
v 5.14500 3.60000 -0.39000
v 5.14500 5.10000 -1.19000
v 5.04500 5.10000 -1.19000
v 5.14500 3.60000 -1.19000
v 5.04500 3.60000 -1.19000
v 5.14500 5.10000 -1.19000
v 5.14500 5.10000 -0.39000
v 5.04500 5.10000 -1.19000
v 5.04500 5.10000 -0.39000
v 5.04500 3.60000 -1.19000
v 5.04500 3.60000 -0.39000
v 5.14500 3.60000 -1.19000
v 5.14500 3.60000 -0.39000
v 5.04500 5.10000 -1.19000
v 5.04500 5.10000 -0.39000
v 5.04500 3.60000 -1.19000
v 5.04500 3.60000 -0.39000
v 5.14500 5.10000 -0.39000
v 5.14500 5.10000 -1.19000
v 5.14500 3.60000 -0.39000
v 5.14500 3.60000 -1.19000
vt 0.00000 0.00000
vt 1.00000 0.00000
vt 0.00000 1.00000
vt 1.00000 1.00000
vt 0.00000 0.00000
vt 1.00000 0.00000
vt 0.00000 1.00000
vt 1.00000 1.00000
vt 0.00000 0.00000
vt 1.00000 0.00000
vt 0.00000 1.00000
vt 1.00000 1.00000
vt 0.00000 0.00000
vt 1.00000 0.00000
vt 0.00000 1.00000
vt 1.00000 1.00000
vt 0.00000 0.00000
vt 1.00000 0.00000
vt 0.00000 1.00000
vt 1.00000 1.00000
vt 0.00000 0.00000
vt 1.00000 0.00000
vt 0.00000 1.00000
vt 1.00000 1.00000
f 2957/2957 2959/2959 2958/2958
f 2959/2959 2960/2960 2958/2958
f 2961/2961 2963/2963 2962/2962
f 2963/2963 2964/2964 2962/2962
f 2965/2965 2967/2967 2966/2966
f 2967/2967 2968/2968 2966/2966
f 2969/2969 2971/2971 2970/2970
f 2971/2971 2972/2972 2970/2970
f 2973/2973 2975/2975 2974/2974
f 2975/2975 2976/2976 2974/2974
f 2977/2977 2979/2979 2978/2978
f 2979/2979 2980/2980 2978/2978
v 5.00500 4.99500 -0.77250
v 5.03500 4.99500 -0.77250
v 5.00500 3.70500 -0.77250
v 5.03500 3.70500 -0.77250
v 5.03500 4.99500 -0.80750
v 5.00500 4.99500 -0.80750
v 5.03500 3.70500 -0.80750
v 5.00500 3.70500 -0.80750
v 5.03500 4.99500 -0.80750
v 5.03500 4.99500 -0.77250
v 5.00500 4.99500 -0.80750
v 5.00500 4.99500 -0.77250
v 5.00500 3.70500 -0.80750
v 5.00500 3.70500 -0.77250
v 5.03500 3.70500 -0.80750
v 5.03500 3.70500 -0.77250
v 5.00500 4.99500 -0.80750
v 5.00500 4.99500 -0.77250
v 5.00500 3.70500 -0.80750
v 5.00500 3.70500 -0.77250
v 5.03500 4.99500 -0.77250
v 5.03500 4.99500 -0.80750
v 5.03500 3.70500 -0.77250
v 5.03500 3.70500 -0.80750
vt 0.00000 0.00000
vt 1.00000 0.00000
vt 0.00000 1.00000
vt 1.00000 1.00000
vt 0.00000 0.00000
vt 1.00000 0.00000
vt 0.00000 1.00000
vt 1.00000 1.00000
vt 0.00000 0.00000
vt 1.00000 0.00000
vt 0.00000 1.00000
vt 1.00000 1.00000
vt 0.00000 0.00000
vt 1.00000 0.00000
vt 0.00000 1.00000
vt 1.00000 1.00000
vt 0.00000 0.00000
vt 1.00000 0.00000
vt 0.00000 1.00000
vt 1.00000 1.00000
vt 0.00000 0.00000
vt 1.00000 0.00000
vt 0.00000 1.00000
vt 1.00000 1.00000
f 2981/2981 2983/2983 2982/2982
f 2983/2983 2984/2984 2982/2982
f 2985/2985 2987/2987 2986/2986
f 2987/2987 2988/2988 2986/2986
f 2989/2989 2991/2991 2990/2990
f 2991/2991 2992/2992 2990/2990
f 2993/2993 2995/2995 2994/2994
f 2995/2995 2996/2996 2994/2994
f 2997/2997 2999/2999 2998/2998
f 2999/2999 3000/3000 2998/2998
f 3001/3001 3003/3003 3002/3002
f 3003/3003 3004/3004 3002/3002
v 5.00500 4.36750 -0.47800
v 5.03500 4.36750 -0.47800
v 5.00500 4.33250 -0.47800
v 5.03500 4.33250 -0.47800
v 5.03500 4.36750 -1.10200
v 5.00500 4.36750 -1.10200
v 5.03500 4.33250 -1.10200
v 5.00500 4.33250 -1.10200
v 5.03500 4.36750 -1.10200
v 5.03500 4.36750 -0.47800
v 5.00500 4.36750 -1.10200
v 5.00500 4.36750 -0.47800
v 5.00500 4.33250 -1.10200
v 5.00500 4.33250 -0.47800
v 5.03500 4.33250 -1.10200
v 5.03500 4.33250 -0.47800
v 5.00500 4.36750 -1.10200
v 5.00500 4.36750 -0.47800
v 5.00500 4.33250 -1.10200
v 5.00500 4.33250 -0.47800
v 5.03500 4.36750 -0.47800
v 5.03500 4.36750 -1.10200
v 5.03500 4.33250 -0.47800
v 5.03500 4.33250 -1.10200
vt 0.00000 0.00000
vt 1.00000 0.00000
vt 0.00000 1.00000
vt 1.00000 1.00000
vt 0.00000 0.00000
vt 1.00000 0.00000
vt 0.00000 1.00000
vt 1.00000 1.00000
vt 0.00000 0.00000
vt 1.00000 0.00000
vt 0.00000 1.00000
vt 1.00000 1.00000
vt 0.00000 0.00000
vt 1.00000 0.00000
vt 0.00000 1.00000
vt 1.00000 1.00000
vt 0.00000 0.00000
vt 1.00000 0.00000
vt 0.00000 1.00000
vt 1.00000 1.00000
vt 0.00000 0.00000
vt 1.00000 0.00000
vt 0.00000 1.00000
vt 1.00000 1.00000
f 3005/3005 3007/3007 3006/3006
f 3007/3007 3008/3008 3006/3006
f 3009/3009 3011/3011 3010/3010
f 3011/3011 3012/3012 3010/3010
f 3013/3013 3015/3015 3014/3014
f 3015/3015 3016/3016 3014/3014
f 3017/3017 3019/3019 3018/3018
f 3019/3019 3020/3020 3018/3018
f 3021/3021 3023/3023 3022/3022
f 3023/3023 3024/3024 3022/3022
f 3025/3025 3027/3027 3026/3026
f 3027/3027 3028/3028 3026/3026
v 4.90500 3.60000 -0.31500
v 5.08500 3.60000 -0.31500
v 4.90500 3.54000 -0.31500
v 5.08500 3.54000 -0.31500
v 5.08500 3.60000 -1.26500
v 4.90500 3.60000 -1.26500
v 5.08500 3.54000 -1.26500
v 4.90500 3.54000 -1.26500
v 5.08500 3.60000 -1.26500
v 5.08500 3.60000 -0.31500
v 4.90500 3.60000 -1.26500
v 4.90500 3.60000 -0.31500
v 4.90500 3.54000 -1.26500
v 4.90500 3.54000 -0.31500
v 5.08500 3.54000 -1.26500
v 5.08500 3.54000 -0.31500
v 4.90500 3.60000 -1.26500
v 4.90500 3.60000 -0.31500
v 4.90500 3.54000 -1.26500
v 4.90500 3.54000 -0.31500
v 5.08500 3.60000 -0.31500
v 5.08500 3.60000 -1.26500
v 5.08500 3.54000 -0.31500
v 5.08500 3.54000 -1.26500
vt 0.00000 0.00000
vt 1.00000 0.00000
vt 0.00000 1.00000
vt 1.00000 1.00000
vt 0.00000 0.00000
vt 1.00000 0.00000
vt 0.00000 1.00000
vt 1.00000 1.00000
vt 0.00000 0.00000
vt 1.00000 0.00000
vt 0.00000 1.00000
vt 1.00000 1.00000
vt 0.00000 0.00000
vt 1.00000 0.00000
vt 0.00000 1.00000
vt 1.00000 1.00000
vt 0.00000 0.00000
vt 1.00000 0.00000
vt 0.00000 1.00000
vt 1.00000 1.00000
vt 0.00000 0.00000
vt 1.00000 0.00000
vt 0.00000 1.00000
vt 1.00000 1.00000
f 3029/3029 3031/3031 3030/3030
f 3031/3031 3032/3032 3030/3030
f 3033/3033 3035/3035 3034/3034
f 3035/3035 3036/3036 3034/3034
f 3037/3037 3039/3039 3038/3038
f 3039/3039 3040/3040 3038/3038
f 3041/3041 3043/3043 3042/3042
f 3043/3043 3044/3044 3042/3042
f 3045/3045 3047/3047 3046/3046
f 3047/3047 3048/3048 3046/3046
f 3049/3049 3051/3051 3050/3050
f 3051/3051 3052/3052 3050/3050
v -10.89500 2.75000 2.41000
v -10.99500 2.75000 2.41000
v -10.89500 1.25000 2.41000
v -10.99500 1.25000 2.41000
v -10.99500 2.75000 3.21000
v -10.89500 2.75000 3.21000
v -10.99500 1.25000 3.21000
v -10.89500 1.25000 3.21000
v -10.99500 2.75000 3.21000
v -10.99500 2.75000 2.41000
v -10.89500 2.75000 3.21000
v -10.89500 2.75000 2.41000
v -10.89500 1.25000 3.21000
v -10.89500 1.25000 2.41000
v -10.99500 1.25000 3.21000
v -10.99500 1.25000 2.41000
v -10.89500 2.75000 3.21000
v -10.89500 2.75000 2.41000
v -10.89500 1.25000 3.21000
v -10.89500 1.25000 2.41000
v -10.99500 2.75000 2.41000
v -10.99500 2.75000 3.21000
v -10.99500 1.25000 2.41000
v -10.99500 1.25000 3.21000
vt 0.00000 0.00000
vt 1.00000 0.00000
vt 0.00000 1.00000
vt 1.00000 1.00000
vt 0.00000 0.00000
vt 1.00000 0.00000
vt 0.00000 1.00000
vt 1.00000 1.00000
vt 0.00000 0.00000
vt 1.00000 0.00000
vt 0.00000 1.00000
vt 1.00000 1.00000
vt 0.00000 0.00000
vt 1.00000 0.00000
vt 0.00000 1.00000
vt 1.00000 1.00000
vt 0.00000 0.00000
vt 1.00000 0.00000
vt 0.00000 1.00000
vt 1.00000 1.00000
vt 0.00000 0.00000
vt 1.00000 0.00000
vt 0.00000 1.00000
vt 1.00000 1.00000
f 3053/3053 3055/3055 3054/3054
f 3055/3055 3056/3056 3054/3054
f 3057/3057 3059/3059 3058/3058
f 3059/3059 3060/3060 3058/3058
f 3061/3061 3063/3063 3062/3062
f 3063/3063 3064/3064 3062/3062
f 3065/3065 3067/3067 3066/3066
f 3067/3067 3068/3068 3066/3066
f 3069/3069 3071/3071 3070/3070
f 3071/3071 3072/3072 3070/3070
f 3073/3073 3075/3075 3074/3074
f 3075/3075 3076/3076 3074/3074
v -10.85500 2.64500 2.79250
v -10.88500 2.64500 2.79250
v -10.85500 1.35500 2.79250
v -10.88500 1.35500 2.79250
v -10.88500 2.64500 2.82750
v -10.85500 2.64500 2.82750
v -10.88500 1.35500 2.82750
v -10.85500 1.35500 2.82750
v -10.88500 2.64500 2.82750
v -10.88500 2.64500 2.79250
v -10.85500 2.64500 2.82750
v -10.85500 2.64500 2.79250
v -10.85500 1.35500 2.82750
v -10.85500 1.35500 2.79250
v -10.88500 1.35500 2.82750
v -10.88500 1.35500 2.79250
v -10.85500 2.64500 2.82750
v -10.85500 2.64500 2.79250
v -10.85500 1.35500 2.82750
v -10.85500 1.35500 2.79250
v -10.88500 2.64500 2.79250
v -10.88500 2.64500 2.82750
v -10.88500 1.35500 2.79250
v -10.88500 1.35500 2.82750
vt 0.00000 0.00000
vt 1.00000 0.00000
vt 0.00000 1.00000
vt 1.00000 1.00000
vt 0.00000 0.00000
vt 1.00000 0.00000
vt 0.00000 1.00000
vt 1.00000 1.00000
vt 0.00000 0.00000
vt 1.00000 0.00000
vt 0.00000 1.00000
vt 1.00000 1.00000
vt 0.00000 0.00000
vt 1.00000 0.00000
vt 0.00000 1.00000
vt 1.00000 1.00000
vt 0.00000 0.00000
vt 1.00000 0.00000
vt 0.00000 1.00000
vt 1.00000 1.00000
vt 0.00000 0.00000
vt 1.00000 0.00000
vt 0.00000 1.00000
vt 1.00000 1.00000
f 3077/3077 3079/3079 3078/3078
f 3079/3079 3080/3080 3078/3078
f 3081/3081 3083/3083 3082/3082
f 3083/3083 3084/3084 3082/3082
f 3085/3085 3087/3087 3086/3086
f 3087/3087 3088/3088 3086/3086
f 3089/3089 3091/3091 3090/3090
f 3091/3091 3092/3092 3090/3090
f 3093/3093 3095/3095 3094/3094
f 3095/3095 3096/3096 3094/3094
f 3097/3097 3099/3099 3098/3098
f 3099/3099 3100/3100 3098/3098
v -10.85500 2.01750 2.49800
v -10.88500 2.01750 2.49800
v -10.85500 1.98250 2.49800
v -10.88500 1.98250 2.49800
v -10.88500 2.01750 3.12200
v -10.85500 2.01750 3.12200
v -10.88500 1.98250 3.12200
v -10.85500 1.98250 3.12200
v -10.88500 2.01750 3.12200
v -10.88500 2.01750 2.49800
v -10.85500 2.01750 3.12200
v -10.85500 2.01750 2.49800
v -10.85500 1.98250 3.12200
v -10.85500 1.98250 2.49800
v -10.88500 1.98250 3.12200
v -10.88500 1.98250 2.49800
v -10.85500 2.01750 3.12200
v -10.85500 2.01750 2.49800
v -10.85500 1.98250 3.12200
v -10.85500 1.98250 2.49800
v -10.88500 2.01750 2.49800
v -10.88500 2.01750 3.12200
v -10.88500 1.98250 2.49800
v -10.88500 1.98250 3.12200
vt 0.00000 0.00000
vt 1.00000 0.00000
vt 0.00000 1.00000
vt 1.00000 1.00000
vt 0.00000 0.00000
vt 1.00000 0.00000
vt 0.00000 1.00000
vt 1.00000 1.00000
vt 0.00000 0.00000
vt 1.00000 0.00000
vt 0.00000 1.00000
vt 1.00000 1.00000
vt 0.00000 0.00000
vt 1.00000 0.00000
vt 0.00000 1.00000
vt 1.00000 1.00000
vt 0.00000 0.00000
vt 1.00000 0.00000
vt 0.00000 1.00000
vt 1.00000 1.00000
vt 0.00000 0.00000
vt 1.00000 0.00000
vt 0.00000 1.00000
vt 1.00000 1.00000
f 3101/3101 3103/3103 3102/3102
f 3103/3103 3104/3104 3102/3102
f 3105/3105 3107/3107 3106/3106
f 3107/3107 3108/3108 3106/3106
f 3109/3109 3111/3111 3110/3110
f 3111/3111 3112/3112 3110/3110
f 3113/3113 3115/3115 3114/3114
f 3115/3115 3116/3116 3114/3114
f 3117/3117 3119/3119 3118/3118
f 3119/3119 3120/3120 3118/3118
f 3121/3121 3123/3123 3122/3122
f 3123/3123 3124/3124 3122/3122
v -10.75500 1.25000 2.33500
v -10.93500 1.25000 2.33500
v -10.75500 1.19000 2.33500
v -10.93500 1.19000 2.33500
v -10.93500 1.25000 3.28500
v -10.75500 1.25000 3.28500
v -10.93500 1.19000 3.28500
v -10.75500 1.19000 3.28500
v -10.93500 1.25000 3.28500
v -10.93500 1.25000 2.33500
v -10.75500 1.25000 3.28500
v -10.75500 1.25000 2.33500
v -10.75500 1.19000 3.28500
v -10.75500 1.19000 2.33500
v -10.93500 1.19000 3.28500
v -10.93500 1.19000 2.33500
v -10.75500 1.25000 3.28500
v -10.75500 1.25000 2.33500
v -10.75500 1.19000 3.28500
v -10.75500 1.19000 2.33500
v -10.93500 1.25000 2.33500
v -10.93500 1.25000 3.28500
v -10.93500 1.19000 2.33500
v -10.93500 1.19000 3.28500
vt 0.00000 0.00000
vt 1.00000 0.00000
vt 0.00000 1.00000
vt 1.00000 1.00000
vt 0.00000 0.00000
vt 1.00000 0.00000
vt 0.00000 1.00000
vt 1.00000 1.00000
vt 0.00000 0.00000
vt 1.00000 0.00000
vt 0.00000 1.00000
vt 1.00000 1.00000
vt 0.00000 0.00000
vt 1.00000 0.00000
vt 0.00000 1.00000
vt 1.00000 1.00000
vt 0.00000 0.00000
vt 1.00000 0.00000
vt 0.00000 1.00000
vt 1.00000 1.00000
vt 0.00000 0.00000
vt 1.00000 0.00000
vt 0.00000 1.00000
vt 1.00000 1.00000
f 3125/3125 3127/3127 3126/3126
f 3127/3127 3128/3128 3126/3126
f 3129/3129 3131/3131 3130/3130
f 3131/3131 3132/3132 3130/3130
f 3133/3133 3135/3135 3134/3134
f 3135/3135 3136/3136 3134/3134
f 3137/3137 3139/3139 3138/3138
f 3139/3139 3140/3140 3138/3138
f 3141/3141 3143/3143 3142/3142
f 3143/3143 3144/3144 3142/3142
f 3145/3145 3147/3147 3146/3146
f 3147/3147 3148/3148 3146/3146
v 5.04500 2.75000 3.21000
v 5.14500 2.75000 3.21000
v 5.04500 1.25000 3.21000
v 5.14500 1.25000 3.21000
v 5.14500 2.75000 2.41000
v 5.04500 2.75000 2.41000
v 5.14500 1.25000 2.41000
v 5.04500 1.25000 2.41000
v 5.14500 2.75000 2.41000
v 5.14500 2.75000 3.21000
v 5.04500 2.75000 2.41000
v 5.04500 2.75000 3.21000
v 5.04500 1.25000 2.41000
v 5.04500 1.25000 3.21000
v 5.14500 1.25000 2.41000
v 5.14500 1.25000 3.21000
v 5.04500 2.75000 2.41000
v 5.04500 2.75000 3.21000
v 5.04500 1.25000 2.41000
v 5.04500 1.25000 3.21000
v 5.14500 2.75000 3.21000
v 5.14500 2.75000 2.41000
v 5.14500 1.25000 3.21000
v 5.14500 1.25000 2.41000
vt 0.00000 0.00000
vt 1.00000 0.00000
vt 0.00000 1.00000
vt 1.00000 1.00000
vt 0.00000 0.00000
vt 1.00000 0.00000
vt 0.00000 1.00000
vt 1.00000 1.00000
vt 0.00000 0.00000
vt 1.00000 0.00000
vt 0.00000 1.00000
vt 1.00000 1.00000
vt 0.00000 0.00000
vt 1.00000 0.00000
vt 0.00000 1.00000
vt 1.00000 1.00000
vt 0.00000 0.00000
vt 1.00000 0.00000
vt 0.00000 1.00000
vt 1.00000 1.00000
vt 0.00000 0.00000
vt 1.00000 0.00000
vt 0.00000 1.00000
vt 1.00000 1.00000
f 3149/3149 3151/3151 3150/3150
f 3151/3151 3152/3152 3150/3150
f 3153/3153 3155/3155 3154/3154
f 3155/3155 3156/3156 3154/3154
f 3157/3157 3159/3159 3158/3158
f 3159/3159 3160/3160 3158/3158
f 3161/3161 3163/3163 3162/3162
f 3163/3163 3164/3164 3162/3162
f 3165/3165 3167/3167 3166/3166
f 3167/3167 3168/3168 3166/3166
f 3169/3169 3171/3171 3170/3170
f 3171/3171 3172/3172 3170/3170
v 5.00500 2.64500 2.82750
v 5.03500 2.64500 2.82750
v 5.00500 1.35500 2.82750
v 5.03500 1.35500 2.82750
v 5.03500 2.64500 2.79250
v 5.00500 2.64500 2.79250
v 5.03500 1.35500 2.79250
v 5.00500 1.35500 2.79250
v 5.03500 2.64500 2.79250
v 5.03500 2.64500 2.82750
v 5.00500 2.64500 2.79250
v 5.00500 2.64500 2.82750
v 5.00500 1.35500 2.79250
v 5.00500 1.35500 2.82750
v 5.03500 1.35500 2.79250
v 5.03500 1.35500 2.82750
v 5.00500 2.64500 2.79250
v 5.00500 2.64500 2.82750
v 5.00500 1.35500 2.79250
v 5.00500 1.35500 2.82750
v 5.03500 2.64500 2.82750
v 5.03500 2.64500 2.79250
v 5.03500 1.35500 2.82750
v 5.03500 1.35500 2.79250
vt 0.00000 0.00000
vt 1.00000 0.00000
vt 0.00000 1.00000
vt 1.00000 1.00000
vt 0.00000 0.00000
vt 1.00000 0.00000
vt 0.00000 1.00000
vt 1.00000 1.00000
vt 0.00000 0.00000
vt 1.00000 0.00000
vt 0.00000 1.00000
vt 1.00000 1.00000
vt 0.00000 0.00000
vt 1.00000 0.00000
vt 0.00000 1.00000
vt 1.00000 1.00000
vt 0.00000 0.00000
vt 1.00000 0.00000
vt 0.00000 1.00000
vt 1.00000 1.00000
vt 0.00000 0.00000
vt 1.00000 0.00000
vt 0.00000 1.00000
vt 1.00000 1.00000
f 3173/3173 3175/3175 3174/3174
f 3175/3175 3176/3176 3174/3174
f 3177/3177 3179/3179 3178/3178
f 3179/3179 3180/3180 3178/3178
f 3181/3181 3183/3183 3182/3182
f 3183/3183 3184/3184 3182/3182
f 3185/3185 3187/3187 3186/3186
f 3187/3187 3188/3188 3186/3186
f 3189/3189 3191/3191 3190/3190
f 3191/3191 3192/3192 3190/3190
f 3193/3193 3195/3195 3194/3194
f 3195/3195 3196/3196 3194/3194
v 5.00500 2.01750 3.12200
v 5.03500 2.01750 3.12200
v 5.00500 1.98250 3.12200
v 5.03500 1.98250 3.12200
v 5.03500 2.01750 2.49800
v 5.00500 2.01750 2.49800
v 5.03500 1.98250 2.49800
v 5.00500 1.98250 2.49800
v 5.03500 2.01750 2.49800
v 5.03500 2.01750 3.12200
v 5.00500 2.01750 2.49800
v 5.00500 2.01750 3.12200
v 5.00500 1.98250 2.49800
v 5.00500 1.98250 3.12200
v 5.03500 1.98250 2.49800
v 5.03500 1.98250 3.12200
v 5.00500 2.01750 2.49800
v 5.00500 2.01750 3.12200
v 5.00500 1.98250 2.49800
v 5.00500 1.98250 3.12200
v 5.03500 2.01750 3.12200
v 5.03500 2.01750 2.49800
v 5.03500 1.98250 3.12200
v 5.03500 1.98250 2.49800
vt 0.00000 0.00000
vt 1.00000 0.00000
vt 0.00000 1.00000
vt 1.00000 1.00000
vt 0.00000 0.00000
vt 1.00000 0.00000
vt 0.00000 1.00000
vt 1.00000 1.00000
vt 0.00000 0.00000
vt 1.00000 0.00000
vt 0.00000 1.00000
vt 1.00000 1.00000
vt 0.00000 0.00000
vt 1.00000 0.00000
vt 0.00000 1.00000
vt 1.00000 1.00000
vt 0.00000 0.00000
vt 1.00000 0.00000
vt 0.00000 1.00000
vt 1.00000 1.00000
vt 0.00000 0.00000
vt 1.00000 0.00000
vt 0.00000 1.00000
vt 1.00000 1.00000
f 3197/3197 3199/3199 3198/3198
f 3199/3199 3200/3200 3198/3198
f 3201/3201 3203/3203 3202/3202
f 3203/3203 3204/3204 3202/3202
f 3205/3205 3207/3207 3206/3206
f 3207/3207 3208/3208 3206/3206
f 3209/3209 3211/3211 3210/3210
f 3211/3211 3212/3212 3210/3210
f 3213/3213 3215/3215 3214/3214
f 3215/3215 3216/3216 3214/3214
f 3217/3217 3219/3219 3218/3218
f 3219/3219 3220/3220 3218/3218
v 4.90500 1.25000 3.28500
v 5.08500 1.25000 3.28500
v 4.90500 1.19000 3.28500
v 5.08500 1.19000 3.28500
v 5.08500 1.25000 2.33500
v 4.90500 1.25000 2.33500
v 5.08500 1.19000 2.33500
v 4.90500 1.19000 2.33500
v 5.08500 1.25000 2.33500
v 5.08500 1.25000 3.28500
v 4.90500 1.25000 2.33500
v 4.90500 1.25000 3.28500
v 4.90500 1.19000 2.33500
v 4.90500 1.19000 3.28500
v 5.08500 1.19000 2.33500
v 5.08500 1.19000 3.28500
v 4.90500 1.25000 2.33500
v 4.90500 1.25000 3.28500
v 4.90500 1.19000 2.33500
v 4.90500 1.19000 3.28500
v 5.08500 1.25000 3.28500
v 5.08500 1.25000 2.33500
v 5.08500 1.19000 3.28500
v 5.08500 1.19000 2.33500
vt 0.00000 0.00000
vt 1.00000 0.00000
vt 0.00000 1.00000
vt 1.00000 1.00000
vt 0.00000 0.00000
vt 1.00000 0.00000
vt 0.00000 1.00000
vt 1.00000 1.00000
vt 0.00000 0.00000
vt 1.00000 0.00000
vt 0.00000 1.00000
vt 1.00000 1.00000
vt 0.00000 0.00000
vt 1.00000 0.00000
vt 0.00000 1.00000
vt 1.00000 1.00000
vt 0.00000 0.00000
vt 1.00000 0.00000
vt 0.00000 1.00000
vt 1.00000 1.00000
vt 0.00000 0.00000
vt 1.00000 0.00000
vt 0.00000 1.00000
vt 1.00000 1.00000
f 3221/3221 3223/3223 3222/3222
f 3223/3223 3224/3224 3222/3222
f 3225/3225 3227/3227 3226/3226
f 3227/3227 3228/3228 3226/3226
f 3229/3229 3231/3231 3230/3230
f 3231/3231 3232/3232 3230/3230
f 3233/3233 3235/3235 3234/3234
f 3235/3235 3236/3236 3234/3234
f 3237/3237 3239/3239 3238/3238
f 3239/3239 3240/3240 3238/3238
f 3241/3241 3243/3243 3242/3242
f 3243/3243 3244/3244 3242/3242
v -10.89500 5.10000 2.41000
v -10.99500 5.10000 2.41000
v -10.89500 3.60000 2.41000
v -10.99500 3.60000 2.41000
v -10.99500 5.10000 3.21000
v -10.89500 5.10000 3.21000
v -10.99500 3.60000 3.21000
v -10.89500 3.60000 3.21000
v -10.99500 5.10000 3.21000
v -10.99500 5.10000 2.41000
v -10.89500 5.10000 3.21000
v -10.89500 5.10000 2.41000
v -10.89500 3.60000 3.21000
v -10.89500 3.60000 2.41000
v -10.99500 3.60000 3.21000
v -10.99500 3.60000 2.41000
v -10.89500 5.10000 3.21000
v -10.89500 5.10000 2.41000
v -10.89500 3.60000 3.21000
v -10.89500 3.60000 2.41000
v -10.99500 5.10000 2.41000
v -10.99500 5.10000 3.21000
v -10.99500 3.60000 2.41000
v -10.99500 3.60000 3.21000
vt 0.00000 0.00000
vt 1.00000 0.00000
vt 0.00000 1.00000
vt 1.00000 1.00000
vt 0.00000 0.00000
vt 1.00000 0.00000
vt 0.00000 1.00000
vt 1.00000 1.00000
vt 0.00000 0.00000
vt 1.00000 0.00000
vt 0.00000 1.00000
vt 1.00000 1.00000
vt 0.00000 0.00000
vt 1.00000 0.00000
vt 0.00000 1.00000
vt 1.00000 1.00000
vt 0.00000 0.00000
vt 1.00000 0.00000
vt 0.00000 1.00000
vt 1.00000 1.00000
vt 0.00000 0.00000
vt 1.00000 0.00000
vt 0.00000 1.00000
vt 1.00000 1.00000
f 3245/3245 3247/3247 3246/3246
f 3247/3247 3248/3248 3246/3246
f 3249/3249 3251/3251 3250/3250
f 3251/3251 3252/3252 3250/3250
f 3253/3253 3255/3255 3254/3254
f 3255/3255 3256/3256 3254/3254
f 3257/3257 3259/3259 3258/3258
f 3259/3259 3260/3260 3258/3258
f 3261/3261 3263/3263 3262/3262
f 3263/3263 3264/3264 3262/3262
f 3265/3265 3267/3267 3266/3266
f 3267/3267 3268/3268 3266/3266
v -10.85500 4.99500 2.79250
v -10.88500 4.99500 2.79250
v -10.85500 3.70500 2.79250
v -10.88500 3.70500 2.79250
v -10.88500 4.99500 2.82750
v -10.85500 4.99500 2.82750
v -10.88500 3.70500 2.82750
v -10.85500 3.70500 2.82750
v -10.88500 4.99500 2.82750
v -10.88500 4.99500 2.79250
v -10.85500 4.99500 2.82750
v -10.85500 4.99500 2.79250
v -10.85500 3.70500 2.82750
v -10.85500 3.70500 2.79250
v -10.88500 3.70500 2.82750
v -10.88500 3.70500 2.79250
v -10.85500 4.99500 2.82750
v -10.85500 4.99500 2.79250
v -10.85500 3.70500 2.82750
v -10.85500 3.70500 2.79250
v -10.88500 4.99500 2.79250
v -10.88500 4.99500 2.82750
v -10.88500 3.70500 2.79250
v -10.88500 3.70500 2.82750
vt 0.00000 0.00000
vt 1.00000 0.00000
vt 0.00000 1.00000
vt 1.00000 1.00000
vt 0.00000 0.00000
vt 1.00000 0.00000
vt 0.00000 1.00000
vt 1.00000 1.00000
vt 0.00000 0.00000
vt 1.00000 0.00000
vt 0.00000 1.00000
vt 1.00000 1.00000
vt 0.00000 0.00000
vt 1.00000 0.00000
vt 0.00000 1.00000
vt 1.00000 1.00000
vt 0.00000 0.00000
vt 1.00000 0.00000
vt 0.00000 1.00000
vt 1.00000 1.00000
vt 0.00000 0.00000
vt 1.00000 0.00000
vt 0.00000 1.00000
vt 1.00000 1.00000
f 3269/3269 3271/3271 3270/3270
f 3271/3271 3272/3272 3270/3270
f 3273/3273 3275/3275 3274/3274
f 3275/3275 3276/3276 3274/3274
f 3277/3277 3279/3279 3278/3278
f 3279/3279 3280/3280 3278/3278
f 3281/3281 3283/3283 3282/3282
f 3283/3283 3284/3284 3282/3282
f 3285/3285 3287/3287 3286/3286
f 3287/3287 3288/3288 3286/3286
f 3289/3289 3291/3291 3290/3290
f 3291/3291 3292/3292 3290/3290
v -10.85500 4.36750 2.49800
v -10.88500 4.36750 2.49800
v -10.85500 4.33250 2.49800
v -10.88500 4.33250 2.49800
v -10.88500 4.36750 3.12200
v -10.85500 4.36750 3.12200
v -10.88500 4.33250 3.12200
v -10.85500 4.33250 3.12200
v -10.88500 4.36750 3.12200
v -10.88500 4.36750 2.49800
v -10.85500 4.36750 3.12200
v -10.85500 4.36750 2.49800
v -10.85500 4.33250 3.12200
v -10.85500 4.33250 2.49800
v -10.88500 4.33250 3.12200
v -10.88500 4.33250 2.49800
v -10.85500 4.36750 3.12200
v -10.85500 4.36750 2.49800
v -10.85500 4.33250 3.12200
v -10.85500 4.33250 2.49800
v -10.88500 4.36750 2.49800
v -10.88500 4.36750 3.12200
v -10.88500 4.33250 2.49800
v -10.88500 4.33250 3.12200
vt 0.00000 0.00000
vt 1.00000 0.00000
vt 0.00000 1.00000
vt 1.00000 1.00000
vt 0.00000 0.00000
vt 1.00000 0.00000
vt 0.00000 1.00000
vt 1.00000 1.00000
vt 0.00000 0.00000
vt 1.00000 0.00000
vt 0.00000 1.00000
vt 1.00000 1.00000
vt 0.00000 0.00000
vt 1.00000 0.00000
vt 0.00000 1.00000
vt 1.00000 1.00000
vt 0.00000 0.00000
vt 1.00000 0.00000
vt 0.00000 1.00000
vt 1.00000 1.00000
vt 0.00000 0.00000
vt 1.00000 0.00000
vt 0.00000 1.00000
vt 1.00000 1.00000
f 3293/3293 3295/3295 3294/3294
f 3295/3295 3296/3296 3294/3294
f 3297/3297 3299/3299 3298/3298
f 3299/3299 3300/3300 3298/3298
f 3301/3301 3303/3303 3302/3302
f 3303/3303 3304/3304 3302/3302
f 3305/3305 3307/3307 3306/3306
f 3307/3307 3308/3308 3306/3306
f 3309/3309 3311/3311 3310/3310
f 3311/3311 3312/3312 3310/3310
f 3313/3313 3315/3315 3314/3314
f 3315/3315 3316/3316 3314/3314
v -10.75500 3.60000 2.33500
v -10.93500 3.60000 2.33500
v -10.75500 3.54000 2.33500
v -10.93500 3.54000 2.33500
v -10.93500 3.60000 3.28500
v -10.75500 3.60000 3.28500
v -10.93500 3.54000 3.28500
v -10.75500 3.54000 3.28500
v -10.93500 3.60000 3.28500
v -10.93500 3.60000 2.33500
v -10.75500 3.60000 3.28500
v -10.75500 3.60000 2.33500
v -10.75500 3.54000 3.28500
v -10.75500 3.54000 2.33500
v -10.93500 3.54000 3.28500
v -10.93500 3.54000 2.33500
v -10.75500 3.60000 3.28500
v -10.75500 3.60000 2.33500
v -10.75500 3.54000 3.28500
v -10.75500 3.54000 2.33500
v -10.93500 3.60000 2.33500
v -10.93500 3.60000 3.28500
v -10.93500 3.54000 2.33500
v -10.93500 3.54000 3.28500
vt 0.00000 0.00000
vt 1.00000 0.00000
vt 0.00000 1.00000
vt 1.00000 1.00000
vt 0.00000 0.00000
vt 1.00000 0.00000
vt 0.00000 1.00000
vt 1.00000 1.00000
vt 0.00000 0.00000
vt 1.00000 0.00000
vt 0.00000 1.00000
vt 1.00000 1.00000
vt 0.00000 0.00000
vt 1.00000 0.00000
vt 0.00000 1.00000
vt 1.00000 1.00000
vt 0.00000 0.00000
vt 1.00000 0.00000
vt 0.00000 1.00000
vt 1.00000 1.00000
vt 0.00000 0.00000
vt 1.00000 0.00000
vt 0.00000 1.00000
vt 1.00000 1.00000
f 3317/3317 3319/3319 3318/3318
f 3319/3319 3320/3320 3318/3318
f 3321/3321 3323/3323 3322/3322
f 3323/3323 3324/3324 3322/3322
f 3325/3325 3327/3327 3326/3326
f 3327/3327 3328/3328 3326/3326
f 3329/3329 3331/3331 3330/3330
f 3331/3331 3332/3332 3330/3330
f 3333/3333 3335/3335 3334/3334
f 3335/3335 3336/3336 3334/3334
f 3337/3337 3339/3339 3338/3338
f 3339/3339 3340/3340 3338/3338
v 5.04500 5.10000 3.21000
v 5.14500 5.10000 3.21000
v 5.04500 3.60000 3.21000
v 5.14500 3.60000 3.21000
v 5.14500 5.10000 2.41000
v 5.04500 5.10000 2.41000
v 5.14500 3.60000 2.41000
v 5.04500 3.60000 2.41000
v 5.14500 5.10000 2.41000
v 5.14500 5.10000 3.21000
v 5.04500 5.10000 2.41000
v 5.04500 5.10000 3.21000
v 5.04500 3.60000 2.41000
v 5.04500 3.60000 3.21000
v 5.14500 3.60000 2.41000
v 5.14500 3.60000 3.21000
v 5.04500 5.10000 2.41000
v 5.04500 5.10000 3.21000
v 5.04500 3.60000 2.41000
v 5.04500 3.60000 3.21000
v 5.14500 5.10000 3.21000
v 5.14500 5.10000 2.41000
v 5.14500 3.60000 3.21000
v 5.14500 3.60000 2.41000
vt 0.00000 0.00000
vt 1.00000 0.00000
vt 0.00000 1.00000
vt 1.00000 1.00000
vt 0.00000 0.00000
vt 1.00000 0.00000
vt 0.00000 1.00000
vt 1.00000 1.00000
vt 0.00000 0.00000
vt 1.00000 0.00000
vt 0.00000 1.00000
vt 1.00000 1.00000
vt 0.00000 0.00000
vt 1.00000 0.00000
vt 0.00000 1.00000
vt 1.00000 1.00000
vt 0.00000 0.00000
vt 1.00000 0.00000
vt 0.00000 1.00000
vt 1.00000 1.00000
vt 0.00000 0.00000
vt 1.00000 0.00000
vt 0.00000 1.00000
vt 1.00000 1.00000
f 3341/3341 3343/3343 3342/3342
f 3343/3343 3344/3344 3342/3342
f 3345/3345 3347/3347 3346/3346
f 3347/3347 3348/3348 3346/3346
f 3349/3349 3351/3351 3350/3350
f 3351/3351 3352/3352 3350/3350
f 3353/3353 3355/3355 3354/3354
f 3355/3355 3356/3356 3354/3354
f 3357/3357 3359/3359 3358/3358
f 3359/3359 3360/3360 3358/3358
f 3361/3361 3363/3363 3362/3362
f 3363/3363 3364/3364 3362/3362
v 5.00500 4.99500 2.82750
v 5.03500 4.99500 2.82750
v 5.00500 3.70500 2.82750
v 5.03500 3.70500 2.82750
v 5.03500 4.99500 2.79250
v 5.00500 4.99500 2.79250
v 5.03500 3.70500 2.79250
v 5.00500 3.70500 2.79250
v 5.03500 4.99500 2.79250
v 5.03500 4.99500 2.82750
v 5.00500 4.99500 2.79250
v 5.00500 4.99500 2.82750
v 5.00500 3.70500 2.79250
v 5.00500 3.70500 2.82750
v 5.03500 3.70500 2.79250
v 5.03500 3.70500 2.82750
v 5.00500 4.99500 2.79250
v 5.00500 4.99500 2.82750
v 5.00500 3.70500 2.79250
v 5.00500 3.70500 2.82750
v 5.03500 4.99500 2.82750
v 5.03500 4.99500 2.79250
v 5.03500 3.70500 2.82750
v 5.03500 3.70500 2.79250
vt 0.00000 0.00000
vt 1.00000 0.00000
vt 0.00000 1.00000
vt 1.00000 1.00000
vt 0.00000 0.00000
vt 1.00000 0.00000
vt 0.00000 1.00000
vt 1.00000 1.00000
vt 0.00000 0.00000
vt 1.00000 0.00000
vt 0.00000 1.00000
vt 1.00000 1.00000
vt 0.00000 0.00000
vt 1.00000 0.00000
vt 0.00000 1.00000
vt 1.00000 1.00000
vt 0.00000 0.00000
vt 1.00000 0.00000
vt 0.00000 1.00000
vt 1.00000 1.00000
vt 0.00000 0.00000
vt 1.00000 0.00000
vt 0.00000 1.00000
vt 1.00000 1.00000
f 3365/3365 3367/3367 3366/3366
f 3367/3367 3368/3368 3366/3366
f 3369/3369 3371/3371 3370/3370
f 3371/3371 3372/3372 3370/3370
f 3373/3373 3375/3375 3374/3374
f 3375/3375 3376/3376 3374/3374
f 3377/3377 3379/3379 3378/3378
f 3379/3379 3380/3380 3378/3378
f 3381/3381 3383/3383 3382/3382
f 3383/3383 3384/3384 3382/3382
f 3385/3385 3387/3387 3386/3386
f 3387/3387 3388/3388 3386/3386
v 5.00500 4.36750 3.12200
v 5.03500 4.36750 3.12200
v 5.00500 4.33250 3.12200
v 5.03500 4.33250 3.12200
v 5.03500 4.36750 2.49800
v 5.00500 4.36750 2.49800
v 5.03500 4.33250 2.49800
v 5.00500 4.33250 2.49800
v 5.03500 4.36750 2.49800
v 5.03500 4.36750 3.12200
v 5.00500 4.36750 2.49800
v 5.00500 4.36750 3.12200
v 5.00500 4.33250 2.49800
v 5.00500 4.33250 3.12200
v 5.03500 4.33250 2.49800
v 5.03500 4.33250 3.12200
v 5.00500 4.36750 2.49800
v 5.00500 4.36750 3.12200
v 5.00500 4.33250 2.49800
v 5.00500 4.33250 3.12200
v 5.03500 4.36750 3.12200
v 5.03500 4.36750 2.49800
v 5.03500 4.33250 3.12200
v 5.03500 4.33250 2.49800
vt 0.00000 0.00000
vt 1.00000 0.00000
vt 0.00000 1.00000
vt 1.00000 1.00000
vt 0.00000 0.00000
vt 1.00000 0.00000
vt 0.00000 1.00000
vt 1.00000 1.00000
vt 0.00000 0.00000
vt 1.00000 0.00000
vt 0.00000 1.00000
vt 1.00000 1.00000
vt 0.00000 0.00000
vt 1.00000 0.00000
vt 0.00000 1.00000
vt 1.00000 1.00000
vt 0.00000 0.00000
vt 1.00000 0.00000
vt 0.00000 1.00000
vt 1.00000 1.00000
vt 0.00000 0.00000
vt 1.00000 0.00000
vt 0.00000 1.00000
vt 1.00000 1.00000
f 3389/3389 3391/3391 3390/3390
f 3391/3391 3392/3392 3390/3390
f 3393/3393 3395/3395 3394/3394
f 3395/3395 3396/3396 3394/3394
f 3397/3397 3399/3399 3398/3398
f 3399/3399 3400/3400 3398/3398
f 3401/3401 3403/3403 3402/3402
f 3403/3403 3404/3404 3402/3402
f 3405/3405 3407/3407 3406/3406
f 3407/3407 3408/3408 3406/3406
f 3409/3409 3411/3411 3410/3410
f 3411/3411 3412/3412 3410/3410
v 4.90500 3.60000 3.28500
v 5.08500 3.60000 3.28500
v 4.90500 3.54000 3.28500
v 5.08500 3.54000 3.28500
v 5.08500 3.60000 2.33500
v 4.90500 3.60000 2.33500
v 5.08500 3.54000 2.33500
v 4.90500 3.54000 2.33500
v 5.08500 3.60000 2.33500
v 5.08500 3.60000 3.28500
v 4.90500 3.60000 2.33500
v 4.90500 3.60000 3.28500
v 4.90500 3.54000 2.33500
v 4.90500 3.54000 3.28500
v 5.08500 3.54000 2.33500
v 5.08500 3.54000 3.28500
v 4.90500 3.60000 2.33500
v 4.90500 3.60000 3.28500
v 4.90500 3.54000 2.33500
v 4.90500 3.54000 3.28500
v 5.08500 3.60000 3.28500
v 5.08500 3.60000 2.33500
v 5.08500 3.54000 3.28500
v 5.08500 3.54000 2.33500
vt 0.00000 0.00000
vt 1.00000 0.00000
vt 0.00000 1.00000
vt 1.00000 1.00000
vt 0.00000 0.00000
vt 1.00000 0.00000
vt 0.00000 1.00000
vt 1.00000 1.00000
vt 0.00000 0.00000
vt 1.00000 0.00000
vt 0.00000 1.00000
vt 1.00000 1.00000
vt 0.00000 0.00000
vt 1.00000 0.00000
vt 0.00000 1.00000
vt 1.00000 1.00000
vt 0.00000 0.00000
vt 1.00000 0.00000
vt 0.00000 1.00000
vt 1.00000 1.00000
vt 0.00000 0.00000
vt 1.00000 0.00000
vt 0.00000 1.00000
vt 1.00000 1.00000
f 3413/3413 3415/3415 3414/3414
f 3415/3415 3416/3416 3414/3414
f 3417/3417 3419/3419 3418/3418
f 3419/3419 3420/3420 3418/3418
f 3421/3421 3423/3423 3422/3422
f 3423/3423 3424/3424 3422/3422
f 3425/3425 3427/3427 3426/3426
f 3427/3427 3428/3428 3426/3426
f 3429/3429 3431/3431 3430/3430
f 3431/3431 3432/3432 3430/3430
f 3433/3433 3435/3435 3434/3434
f 3435/3435 3436/3436 3434/3434
v 5.77500 3.21000 6.16000
v 5.77500 3.21000 3.86000
v 5.77500 3.09000 6.16000
v 5.77500 3.09000 3.86000
v -11.62500 3.21000 3.86000
v -11.62500 3.21000 6.16000
v -11.62500 3.09000 3.86000
v -11.62500 3.09000 6.16000
v -11.62500 3.21000 3.86000
v 5.77500 3.21000 3.86000
v -11.62500 3.21000 6.16000
v 5.77500 3.21000 6.16000
v -11.62500 3.09000 6.16000
v 5.77500 3.09000 6.16000
v -11.62500 3.09000 3.86000
v 5.77500 3.09000 3.86000
v -11.62500 3.21000 6.16000
v 5.77500 3.21000 6.16000
v -11.62500 3.09000 6.16000
v 5.77500 3.09000 6.16000
v 5.77500 3.21000 3.86000
v -11.62500 3.21000 3.86000
v 5.77500 3.09000 3.86000
v -11.62500 3.09000 3.86000
vt 0.00000 0.00000
vt 1.00000 0.00000
vt 0.00000 1.00000
vt 1.00000 1.00000
vt 0.00000 0.00000
vt 1.00000 0.00000
vt 0.00000 1.00000
vt 1.00000 1.00000
vt 0.00000 0.00000
vt 1.00000 0.00000
vt 0.00000 1.00000
vt 1.00000 1.00000
vt 0.00000 0.00000
vt 1.00000 0.00000
vt 0.00000 1.00000
vt 1.00000 1.00000
vt 0.00000 0.00000
vt 1.00000 0.00000
vt 0.00000 1.00000
vt 1.00000 1.00000
vt 0.00000 0.00000
vt 1.00000 0.00000
vt 0.00000 1.00000
vt 1.00000 1.00000
f 3437/3437 3439/3439 3438/3438
f 3439/3439 3440/3440 3438/3438
f 3441/3441 3443/3443 3442/3442
f 3443/3443 3444/3444 3442/3442
f 3445/3445 3447/3447 3446/3446
f 3447/3447 3448/3448 3446/3446
f 3449/3449 3451/3451 3450/3450
f 3451/3451 3452/3452 3450/3450
f 3453/3453 3455/3455 3454/3454
f 3455/3455 3456/3456 3454/3454
f 3457/3457 3459/3459 3458/3458
f 3459/3459 3460/3460 3458/3458
v 5.77500 3.14500 6.16000
v 5.77500 3.14500 6.10000
v 5.77500 2.79500 6.16000
v 5.77500 2.79500 6.10000
v -11.62500 3.14500 6.10000
v -11.62500 3.14500 6.16000
v -11.62500 2.79500 6.10000
v -11.62500 2.79500 6.16000
v -11.62500 3.14500 6.10000
v 5.77500 3.14500 6.10000
v -11.62500 3.14500 6.16000
v 5.77500 3.14500 6.16000
v -11.62500 2.79500 6.16000
v 5.77500 2.79500 6.16000
v -11.62500 2.79500 6.10000
v 5.77500 2.79500 6.10000
v -11.62500 3.14500 6.16000
v 5.77500 3.14500 6.16000
v -11.62500 2.79500 6.16000
v 5.77500 2.79500 6.16000
v 5.77500 3.14500 6.10000
v -11.62500 3.14500 6.10000
v 5.77500 2.79500 6.10000
v -11.62500 2.79500 6.10000
vt 0.00000 0.00000
vt 1.00000 0.00000
vt 0.00000 1.00000
vt 1.00000 1.00000
vt 0.00000 0.00000
vt 1.00000 0.00000
vt 0.00000 1.00000
vt 1.00000 1.00000
vt 0.00000 0.00000
vt 1.00000 0.00000
vt 0.00000 1.00000
vt 1.00000 1.00000
vt 0.00000 0.00000
vt 1.00000 0.00000
vt 0.00000 1.00000
vt 1.00000 1.00000
vt 0.00000 0.00000
vt 1.00000 0.00000
vt 0.00000 1.00000
vt 1.00000 1.00000
vt 0.00000 0.00000
vt 1.00000 0.00000
vt 0.00000 1.00000
vt 1.00000 1.00000
f 3461/3461 3463/3463 3462/3462
f 3463/3463 3464/3464 3462/3462
f 3465/3465 3467/3467 3466/3466
f 3467/3467 3468/3468 3466/3466
f 3469/3469 3471/3471 3470/3470
f 3471/3471 3472/3472 3470/3470
f 3473/3473 3475/3475 3474/3474
f 3475/3475 3476/3476 3474/3474
f 3477/3477 3479/3479 3478/3478
f 3479/3479 3480/3480 3478/3478
f 3481/3481 3483/3483 3482/3482
f 3483/3483 3484/3484 3482/3482
v -11.62500 3.15000 6.10000
v -11.58000 3.15000 6.08794
v -11.54706 3.15000 6.05500
v -11.53500 3.15000 6.01000
v -11.54706 3.15000 5.96500
v -11.58000 3.15000 5.93206
v -11.62500 3.15000 5.92000
v -11.67000 3.15000 5.93206
v -11.70294 3.15000 5.96500
v -11.71500 3.15000 6.01000
v -11.70294 3.15000 6.05500
v -11.67000 3.15000 6.08794
v -11.62500 3.15000 6.10000
v -11.62500 0.20000 6.14000
v -11.56000 0.20000 6.12258
v -11.51242 0.20000 6.07500
v -11.49500 0.20000 6.01000
v -11.51242 0.20000 5.94500
v -11.56000 0.20000 5.89742
v -11.62500 0.20000 5.88000
v -11.69000 0.20000 5.89742
v -11.73758 0.20000 5.94500
v -11.75500 0.20000 6.01000
v -11.73758 0.20000 6.07500
v -11.69000 0.20000 6.12258
v -11.62500 0.20000 6.14000
v -11.62500 3.15000 6.01000
v -11.62500 3.15000 6.01000
v -11.62500 3.15000 6.01000
v -11.62500 3.15000 6.01000
v -11.62500 3.15000 6.01000
v -11.62500 3.15000 6.01000
v -11.62500 3.15000 6.01000
v -11.62500 3.15000 6.01000
v -11.62500 3.15000 6.01000
v -11.62500 3.15000 6.01000
v -11.62500 3.15000 6.01000
v -11.62500 3.15000 6.01000
v -11.62500 3.15000 6.10000
v -11.58000 3.15000 6.08794
v -11.54706 3.15000 6.05500
v -11.53500 3.15000 6.01000
v -11.54706 3.15000 5.96500
v -11.58000 3.15000 5.93206
v -11.62500 3.15000 5.92000
v -11.67000 3.15000 5.93206
v -11.70294 3.15000 5.96500
v -11.71500 3.15000 6.01000
v -11.70294 3.15000 6.05500
v -11.67000 3.15000 6.08794
v -11.62500 3.15000 6.10000
v -11.62500 0.20000 6.01000
v -11.62500 0.20000 6.01000
v -11.62500 0.20000 6.01000
v -11.62500 0.20000 6.01000
v -11.62500 0.20000 6.01000
v -11.62500 0.20000 6.01000
v -11.62500 0.20000 6.01000
v -11.62500 0.20000 6.01000
v -11.62500 0.20000 6.01000
v -11.62500 0.20000 6.01000
v -11.62500 0.20000 6.01000
v -11.62500 0.20000 6.01000
v -11.62500 0.20000 6.14000
v -11.56000 0.20000 6.12258
v -11.51242 0.20000 6.07500
v -11.49500 0.20000 6.01000
v -11.51242 0.20000 5.94500
v -11.56000 0.20000 5.89742
v -11.62500 0.20000 5.88000
v -11.69000 0.20000 5.89742
v -11.73758 0.20000 5.94500
v -11.75500 0.20000 6.01000
v -11.73758 0.20000 6.07500
v -11.69000 0.20000 6.12258
v -11.62500 0.20000 6.14000
vt 0.00000 0.00000
vt 0.08333 0.00000
vt 0.16667 0.00000
vt 0.25000 0.00000
vt 0.33333 0.00000
vt 0.41667 0.00000
vt 0.50000 0.00000
vt 0.58333 0.00000
vt 0.66667 0.00000
vt 0.75000 0.00000
vt 0.83333 0.00000
vt 0.91667 0.00000
vt 1.00000 0.00000
vt 0.00000 1.00000
vt 0.08333 1.00000
vt 0.16667 1.00000
vt 0.25000 1.00000
vt 0.33333 1.00000
vt 0.41667 1.00000
vt 0.50000 1.00000
vt 0.58333 1.00000
vt 0.66667 1.00000
vt 0.75000 1.00000
vt 0.83333 1.00000
vt 0.91667 1.00000
vt 1.00000 1.00000
vt 0.50000 0.50000
vt 0.50000 0.50000
vt 0.50000 0.50000
vt 0.50000 0.50000
vt 0.50000 0.50000
vt 0.50000 0.50000
vt 0.50000 0.50000
vt 0.50000 0.50000
vt 0.50000 0.50000
vt 0.50000 0.50000
vt 0.50000 0.50000
vt 0.50000 0.50000
vt 1.00000 0.50000
vt 0.93301 0.25000
vt 0.75000 0.06699
vt 0.50000 0.00000
vt 0.25000 0.06699
vt 0.06699 0.25000
vt 0.00000 0.50000
vt 0.06699 0.75000
vt 0.25000 0.93301
vt 0.50000 1.00000
vt 0.75000 0.93301
vt 0.93301 0.75000
vt 1.00000 0.50000
vt 0.50000 0.50000
vt 0.50000 0.50000
vt 0.50000 0.50000
vt 0.50000 0.50000
vt 0.50000 0.50000
vt 0.50000 0.50000
vt 0.50000 0.50000
vt 0.50000 0.50000
vt 0.50000 0.50000
vt 0.50000 0.50000
vt 0.50000 0.50000
vt 0.50000 0.50000
vt 1.00000 0.50000
vt 0.93301 0.75000
vt 0.75000 0.93301
vt 0.50000 1.00000
vt 0.25000 0.93301
vt 0.06699 0.75000
vt 0.00000 0.50000
vt 0.06699 0.25000
vt 0.25000 0.06699
vt 0.50000 0.00000
vt 0.75000 0.06699
vt 0.93301 0.25000
vt 1.00000 0.50000
f 3485/3485 3498/3498 3486/3486
f 3498/3498 3499/3499 3486/3486
f 3486/3486 3499/3499 3487/3487
f 3499/3499 3500/3500 3487/3487
f 3487/3487 3500/3500 3488/3488
f 3500/3500 3501/3501 3488/3488
f 3488/3488 3501/3501 3489/3489
f 3501/3501 3502/3502 3489/3489
f 3489/3489 3502/3502 3490/3490
f 3502/3502 3503/3503 3490/3490
f 3490/3490 3503/3503 3491/3491
f 3503/3503 3504/3504 3491/3491
f 3491/3491 3504/3504 3492/3492
f 3504/3504 3505/3505 3492/3492
f 3492/3492 3505/3505 3493/3493
f 3505/3505 3506/3506 3493/3493
f 3493/3493 3506/3506 3494/3494
f 3506/3506 3507/3507 3494/3494
f 3494/3494 3507/3507 3495/3495
f 3507/3507 3508/3508 3495/3495
f 3495/3495 3508/3508 3496/3496
f 3508/3508 3509/3509 3496/3496
f 3496/3496 3509/3509 3497/3497
f 3509/3509 3510/3510 3497/3497
f 3523/3523 3524/3524 3511/3511
f 3524/3524 3525/3525 3512/3512
f 3525/3525 3526/3526 3513/3513
f 3526/3526 3527/3527 3514/3514
f 3527/3527 3528/3528 3515/3515
f 3528/3528 3529/3529 3516/3516
f 3529/3529 3530/3530 3517/3517
f 3530/3530 3531/3531 3518/3518
f 3531/3531 3532/3532 3519/3519
f 3532/3532 3533/3533 3520/3520
f 3533/3533 3534/3534 3521/3521
f 3534/3534 3535/3535 3522/3522
f 3549/3549 3548/3548 3536/3536
f 3550/3550 3549/3549 3537/3537
f 3551/3551 3550/3550 3538/3538
f 3552/3552 3551/3551 3539/3539
f 3553/3553 3552/3552 3540/3540
f 3554/3554 3553/3553 3541/3541
f 3555/3555 3554/3554 3542/3542
f 3556/3556 3555/3555 3543/3543
f 3557/3557 3556/3556 3544/3544
f 3558/3558 3557/3557 3545/3545
f 3559/3559 3558/3558 3546/3546
f 3560/3560 3559/3559 3547/3547
v -8.72500 3.15000 6.10000
v -8.68000 3.15000 6.08794
v -8.64706 3.15000 6.05500
v -8.63500 3.15000 6.01000
v -8.64706 3.15000 5.96500
v -8.68000 3.15000 5.93206
v -8.72500 3.15000 5.92000
v -8.77000 3.15000 5.93206
v -8.80294 3.15000 5.96500
v -8.81500 3.15000 6.01000
v -8.80294 3.15000 6.05500
v -8.77000 3.15000 6.08794
v -8.72500 3.15000 6.10000
v -8.72500 0.20000 6.14000
v -8.66000 0.20000 6.12258
v -8.61242 0.20000 6.07500
v -8.59500 0.20000 6.01000
v -8.61242 0.20000 5.94500
v -8.66000 0.20000 5.89742
v -8.72500 0.20000 5.88000
v -8.79000 0.20000 5.89742
v -8.83758 0.20000 5.94500
v -8.85500 0.20000 6.01000
v -8.83758 0.20000 6.07500
v -8.79000 0.20000 6.12258
v -8.72500 0.20000 6.14000
v -8.72500 3.15000 6.01000
v -8.72500 3.15000 6.01000
v -8.72500 3.15000 6.01000
v -8.72500 3.15000 6.01000
v -8.72500 3.15000 6.01000
v -8.72500 3.15000 6.01000
v -8.72500 3.15000 6.01000
v -8.72500 3.15000 6.01000
v -8.72500 3.15000 6.01000
v -8.72500 3.15000 6.01000
v -8.72500 3.15000 6.01000
v -8.72500 3.15000 6.01000
v -8.72500 3.15000 6.10000
v -8.68000 3.15000 6.08794
v -8.64706 3.15000 6.05500
v -8.63500 3.15000 6.01000
v -8.64706 3.15000 5.96500
v -8.68000 3.15000 5.93206
v -8.72500 3.15000 5.92000
v -8.77000 3.15000 5.93206
v -8.80294 3.15000 5.96500
v -8.81500 3.15000 6.01000
v -8.80294 3.15000 6.05500
v -8.77000 3.15000 6.08794
v -8.72500 3.15000 6.10000
v -8.72500 0.20000 6.01000
v -8.72500 0.20000 6.01000
v -8.72500 0.20000 6.01000
v -8.72500 0.20000 6.01000
v -8.72500 0.20000 6.01000
v -8.72500 0.20000 6.01000
v -8.72500 0.20000 6.01000
v -8.72500 0.20000 6.01000
v -8.72500 0.20000 6.01000
v -8.72500 0.20000 6.01000
v -8.72500 0.20000 6.01000
v -8.72500 0.20000 6.01000
v -8.72500 0.20000 6.14000
v -8.66000 0.20000 6.12258
v -8.61242 0.20000 6.07500
v -8.59500 0.20000 6.01000
v -8.61242 0.20000 5.94500
v -8.66000 0.20000 5.89742
v -8.72500 0.20000 5.88000
v -8.79000 0.20000 5.89742
v -8.83758 0.20000 5.94500
v -8.85500 0.20000 6.01000
v -8.83758 0.20000 6.07500
v -8.79000 0.20000 6.12258
v -8.72500 0.20000 6.14000
vt 0.00000 0.00000
vt 0.08333 0.00000
vt 0.16667 0.00000
vt 0.25000 0.00000
vt 0.33333 0.00000
vt 0.41667 0.00000
vt 0.50000 0.00000
vt 0.58333 0.00000
vt 0.66667 0.00000
vt 0.75000 0.00000
vt 0.83333 0.00000
vt 0.91667 0.00000
vt 1.00000 0.00000
vt 0.00000 1.00000
vt 0.08333 1.00000
vt 0.16667 1.00000
vt 0.25000 1.00000
vt 0.33333 1.00000
vt 0.41667 1.00000
vt 0.50000 1.00000
vt 0.58333 1.00000
vt 0.66667 1.00000
vt 0.75000 1.00000
vt 0.83333 1.00000
vt 0.91667 1.00000
vt 1.00000 1.00000
vt 0.50000 0.50000
vt 0.50000 0.50000
vt 0.50000 0.50000
vt 0.50000 0.50000
vt 0.50000 0.50000
vt 0.50000 0.50000
vt 0.50000 0.50000
vt 0.50000 0.50000
vt 0.50000 0.50000
vt 0.50000 0.50000
vt 0.50000 0.50000
vt 0.50000 0.50000
vt 1.00000 0.50000
vt 0.93301 0.25000
vt 0.75000 0.06699
vt 0.50000 0.00000
vt 0.25000 0.06699
vt 0.06699 0.25000
vt 0.00000 0.50000
vt 0.06699 0.75000
vt 0.25000 0.93301
vt 0.50000 1.00000
vt 0.75000 0.93301
vt 0.93301 0.75000
vt 1.00000 0.50000
vt 0.50000 0.50000
vt 0.50000 0.50000
vt 0.50000 0.50000
vt 0.50000 0.50000
vt 0.50000 0.50000
vt 0.50000 0.50000
vt 0.50000 0.50000
vt 0.50000 0.50000
vt 0.50000 0.50000
vt 0.50000 0.50000
vt 0.50000 0.50000
vt 0.50000 0.50000
vt 1.00000 0.50000
vt 0.93301 0.75000
vt 0.75000 0.93301
vt 0.50000 1.00000
vt 0.25000 0.93301
vt 0.06699 0.75000
vt 0.00000 0.50000
vt 0.06699 0.25000
vt 0.25000 0.06699
vt 0.50000 0.00000
vt 0.75000 0.06699
vt 0.93301 0.25000
vt 1.00000 0.50000
f 3561/3561 3574/3574 3562/3562
f 3574/3574 3575/3575 3562/3562
f 3562/3562 3575/3575 3563/3563
f 3575/3575 3576/3576 3563/3563
f 3563/3563 3576/3576 3564/3564
f 3576/3576 3577/3577 3564/3564
f 3564/3564 3577/3577 3565/3565
f 3577/3577 3578/3578 3565/3565
f 3565/3565 3578/3578 3566/3566
f 3578/3578 3579/3579 3566/3566
f 3566/3566 3579/3579 3567/3567
f 3579/3579 3580/3580 3567/3567
f 3567/3567 3580/3580 3568/3568
f 3580/3580 3581/3581 3568/3568
f 3568/3568 3581/3581 3569/3569
f 3581/3581 3582/3582 3569/3569
f 3569/3569 3582/3582 3570/3570
f 3582/3582 3583/3583 3570/3570
f 3570/3570 3583/3583 3571/3571
f 3583/3583 3584/3584 3571/3571
f 3571/3571 3584/3584 3572/3572
f 3584/3584 3585/3585 3572/3572
f 3572/3572 3585/3585 3573/3573
f 3585/3585 3586/3586 3573/3573
f 3599/3599 3600/3600 3587/3587
f 3600/3600 3601/3601 3588/3588
f 3601/3601 3602/3602 3589/3589
f 3602/3602 3603/3603 3590/3590
f 3603/3603 3604/3604 3591/3591
f 3604/3604 3605/3605 3592/3592
f 3605/3605 3606/3606 3593/3593
f 3606/3606 3607/3607 3594/3594
f 3607/3607 3608/3608 3595/3595
f 3608/3608 3609/3609 3596/3596
f 3609/3609 3610/3610 3597/3597
f 3610/3610 3611/3611 3598/3598
f 3625/3625 3624/3624 3612/3612
f 3626/3626 3625/3625 3613/3613
f 3627/3627 3626/3626 3614/3614
f 3628/3628 3627/3627 3615/3615
f 3629/3629 3628/3628 3616/3616
f 3630/3630 3629/3629 3617/3617
f 3631/3631 3630/3630 3618/3618
f 3632/3632 3631/3631 3619/3619
f 3633/3633 3632/3632 3620/3620
f 3634/3634 3633/3633 3621/3621
f 3635/3635 3634/3634 3622/3622
f 3636/3636 3635/3635 3623/3623
v -5.82500 3.15000 6.10000
v -5.78000 3.15000 6.08794
v -5.74706 3.15000 6.05500
v -5.73500 3.15000 6.01000
v -5.74706 3.15000 5.96500
v -5.78000 3.15000 5.93206
v -5.82500 3.15000 5.92000
v -5.87000 3.15000 5.93206
v -5.90294 3.15000 5.96500
v -5.91500 3.15000 6.01000
v -5.90294 3.15000 6.05500
v -5.87000 3.15000 6.08794
v -5.82500 3.15000 6.10000
v -5.82500 0.20000 6.14000
v -5.76000 0.20000 6.12258
v -5.71242 0.20000 6.07500
v -5.69500 0.20000 6.01000
v -5.71242 0.20000 5.94500
v -5.76000 0.20000 5.89742
v -5.82500 0.20000 5.88000
v -5.89000 0.20000 5.89742
v -5.93758 0.20000 5.94500
v -5.95500 0.20000 6.01000
v -5.93758 0.20000 6.07500
v -5.89000 0.20000 6.12258
v -5.82500 0.20000 6.14000
v -5.82500 3.15000 6.01000
v -5.82500 3.15000 6.01000
v -5.82500 3.15000 6.01000
v -5.82500 3.15000 6.01000
v -5.82500 3.15000 6.01000
v -5.82500 3.15000 6.01000
v -5.82500 3.15000 6.01000
v -5.82500 3.15000 6.01000
v -5.82500 3.15000 6.01000
v -5.82500 3.15000 6.01000
v -5.82500 3.15000 6.01000
v -5.82500 3.15000 6.01000
v -5.82500 3.15000 6.10000
v -5.78000 3.15000 6.08794
v -5.74706 3.15000 6.05500
v -5.73500 3.15000 6.01000
v -5.74706 3.15000 5.96500
v -5.78000 3.15000 5.93206
v -5.82500 3.15000 5.92000
v -5.87000 3.15000 5.93206
v -5.90294 3.15000 5.96500
v -5.91500 3.15000 6.01000
v -5.90294 3.15000 6.05500
v -5.87000 3.15000 6.08794
v -5.82500 3.15000 6.10000
v -5.82500 0.20000 6.01000
v -5.82500 0.20000 6.01000
v -5.82500 0.20000 6.01000
v -5.82500 0.20000 6.01000
v -5.82500 0.20000 6.01000
v -5.82500 0.20000 6.01000
v -5.82500 0.20000 6.01000
v -5.82500 0.20000 6.01000
v -5.82500 0.20000 6.01000
v -5.82500 0.20000 6.01000
v -5.82500 0.20000 6.01000
v -5.82500 0.20000 6.01000
v -5.82500 0.20000 6.14000
v -5.76000 0.20000 6.12258
v -5.71242 0.20000 6.07500
v -5.69500 0.20000 6.01000
v -5.71242 0.20000 5.94500
v -5.76000 0.20000 5.89742
v -5.82500 0.20000 5.88000
v -5.89000 0.20000 5.89742
v -5.93758 0.20000 5.94500
v -5.95500 0.20000 6.01000
v -5.93758 0.20000 6.07500
v -5.89000 0.20000 6.12258
v -5.82500 0.20000 6.14000
vt 0.00000 0.00000
vt 0.08333 0.00000
vt 0.16667 0.00000
vt 0.25000 0.00000
vt 0.33333 0.00000
vt 0.41667 0.00000
vt 0.50000 0.00000
vt 0.58333 0.00000
vt 0.66667 0.00000
vt 0.75000 0.00000
vt 0.83333 0.00000
vt 0.91667 0.00000
vt 1.00000 0.00000
vt 0.00000 1.00000
vt 0.08333 1.00000
vt 0.16667 1.00000
vt 0.25000 1.00000
vt 0.33333 1.00000
vt 0.41667 1.00000
vt 0.50000 1.00000
vt 0.58333 1.00000
vt 0.66667 1.00000
vt 0.75000 1.00000
vt 0.83333 1.00000
vt 0.91667 1.00000
vt 1.00000 1.00000
vt 0.50000 0.50000
vt 0.50000 0.50000
vt 0.50000 0.50000
vt 0.50000 0.50000
vt 0.50000 0.50000
vt 0.50000 0.50000
vt 0.50000 0.50000
vt 0.50000 0.50000
vt 0.50000 0.50000
vt 0.50000 0.50000
vt 0.50000 0.50000
vt 0.50000 0.50000
vt 1.00000 0.50000
vt 0.93301 0.25000
vt 0.75000 0.06699
vt 0.50000 0.00000
vt 0.25000 0.06699
vt 0.06699 0.25000
vt 0.00000 0.50000
vt 0.06699 0.75000
vt 0.25000 0.93301
vt 0.50000 1.00000
vt 0.75000 0.93301
vt 0.93301 0.75000
vt 1.00000 0.50000
vt 0.50000 0.50000
vt 0.50000 0.50000
vt 0.50000 0.50000
vt 0.50000 0.50000
vt 0.50000 0.50000
vt 0.50000 0.50000
vt 0.50000 0.50000
vt 0.50000 0.50000
vt 0.50000 0.50000
vt 0.50000 0.50000
vt 0.50000 0.50000
vt 0.50000 0.50000
vt 1.00000 0.50000
vt 0.93301 0.75000
vt 0.75000 0.93301
vt 0.50000 1.00000
vt 0.25000 0.93301
vt 0.06699 0.75000
vt 0.00000 0.50000
vt 0.06699 0.25000
vt 0.25000 0.06699
vt 0.50000 0.00000
vt 0.75000 0.06699
vt 0.93301 0.25000
vt 1.00000 0.50000
f 3637/3637 3650/3650 3638/3638
f 3650/3650 3651/3651 3638/3638
f 3638/3638 3651/3651 3639/3639
f 3651/3651 3652/3652 3639/3639
f 3639/3639 3652/3652 3640/3640
f 3652/3652 3653/3653 3640/3640
f 3640/3640 3653/3653 3641/3641
f 3653/3653 3654/3654 3641/3641
f 3641/3641 3654/3654 3642/3642
f 3654/3654 3655/3655 3642/3642
f 3642/3642 3655/3655 3643/3643
f 3655/3655 3656/3656 3643/3643
f 3643/3643 3656/3656 3644/3644
f 3656/3656 3657/3657 3644/3644
f 3644/3644 3657/3657 3645/3645
f 3657/3657 3658/3658 3645/3645
f 3645/3645 3658/3658 3646/3646
f 3658/3658 3659/3659 3646/3646
f 3646/3646 3659/3659 3647/3647
f 3659/3659 3660/3660 3647/3647
f 3647/3647 3660/3660 3648/3648
f 3660/3660 3661/3661 3648/3648
f 3648/3648 3661/3661 3649/3649
f 3661/3661 3662/3662 3649/3649
f 3675/3675 3676/3676 3663/3663
f 3676/3676 3677/3677 3664/3664
f 3677/3677 3678/3678 3665/3665
f 3678/3678 3679/3679 3666/3666
f 3679/3679 3680/3680 3667/3667
f 3680/3680 3681/3681 3668/3668
f 3681/3681 3682/3682 3669/3669
f 3682/3682 3683/3683 3670/3670
f 3683/3683 3684/3684 3671/3671
f 3684/3684 3685/3685 3672/3672
f 3685/3685 3686/3686 3673/3673
f 3686/3686 3687/3687 3674/3674
f 3701/3701 3700/3700 3688/3688
f 3702/3702 3701/3701 3689/3689
f 3703/3703 3702/3702 3690/3690
f 3704/3704 3703/3703 3691/3691
f 3705/3705 3704/3704 3692/3692
f 3706/3706 3705/3705 3693/3693
f 3707/3707 3706/3706 3694/3694
f 3708/3708 3707/3707 3695/3695
f 3709/3709 3708/3708 3696/3696
f 3710/3710 3709/3709 3697/3697
f 3711/3711 3710/3710 3698/3698
f 3712/3712 3711/3711 3699/3699
v -2.92500 3.15000 6.10000
v -2.88000 3.15000 6.08794
v -2.84706 3.15000 6.05500
v -2.83500 3.15000 6.01000
v -2.84706 3.15000 5.96500
v -2.88000 3.15000 5.93206
v -2.92500 3.15000 5.92000
v -2.97000 3.15000 5.93206
v -3.00294 3.15000 5.96500
v -3.01500 3.15000 6.01000
v -3.00294 3.15000 6.05500
v -2.97000 3.15000 6.08794
v -2.92500 3.15000 6.10000
v -2.92500 0.20000 6.14000
v -2.86000 0.20000 6.12258
v -2.81242 0.20000 6.07500
v -2.79500 0.20000 6.01000
v -2.81242 0.20000 5.94500
v -2.86000 0.20000 5.89742
v -2.92500 0.20000 5.88000
v -2.99000 0.20000 5.89742
v -3.03758 0.20000 5.94500
v -3.05500 0.20000 6.01000
v -3.03758 0.20000 6.07500
v -2.99000 0.20000 6.12258
v -2.92500 0.20000 6.14000
v -2.92500 3.15000 6.01000
v -2.92500 3.15000 6.01000
v -2.92500 3.15000 6.01000
v -2.92500 3.15000 6.01000
v -2.92500 3.15000 6.01000
v -2.92500 3.15000 6.01000
v -2.92500 3.15000 6.01000
v -2.92500 3.15000 6.01000
v -2.92500 3.15000 6.01000
v -2.92500 3.15000 6.01000
v -2.92500 3.15000 6.01000
v -2.92500 3.15000 6.01000
v -2.92500 3.15000 6.10000
v -2.88000 3.15000 6.08794
v -2.84706 3.15000 6.05500
v -2.83500 3.15000 6.01000
v -2.84706 3.15000 5.96500
v -2.88000 3.15000 5.93206
v -2.92500 3.15000 5.92000
v -2.97000 3.15000 5.93206
v -3.00294 3.15000 5.96500
v -3.01500 3.15000 6.01000
v -3.00294 3.15000 6.05500
v -2.97000 3.15000 6.08794
v -2.92500 3.15000 6.10000
v -2.92500 0.20000 6.01000
v -2.92500 0.20000 6.01000
v -2.92500 0.20000 6.01000
v -2.92500 0.20000 6.01000
v -2.92500 0.20000 6.01000
v -2.92500 0.20000 6.01000
v -2.92500 0.20000 6.01000
v -2.92500 0.20000 6.01000
v -2.92500 0.20000 6.01000
v -2.92500 0.20000 6.01000
v -2.92500 0.20000 6.01000
v -2.92500 0.20000 6.01000
v -2.92500 0.20000 6.14000
v -2.86000 0.20000 6.12258
v -2.81242 0.20000 6.07500
v -2.79500 0.20000 6.01000
v -2.81242 0.20000 5.94500
v -2.86000 0.20000 5.89742
v -2.92500 0.20000 5.88000
v -2.99000 0.20000 5.89742
v -3.03758 0.20000 5.94500
v -3.05500 0.20000 6.01000
v -3.03758 0.20000 6.07500
v -2.99000 0.20000 6.12258
v -2.92500 0.20000 6.14000
vt 0.00000 0.00000
vt 0.08333 0.00000
vt 0.16667 0.00000
vt 0.25000 0.00000
vt 0.33333 0.00000
vt 0.41667 0.00000
vt 0.50000 0.00000
vt 0.58333 0.00000
vt 0.66667 0.00000
vt 0.75000 0.00000
vt 0.83333 0.00000
vt 0.91667 0.00000
vt 1.00000 0.00000
vt 0.00000 1.00000
vt 0.08333 1.00000
vt 0.16667 1.00000
vt 0.25000 1.00000
vt 0.33333 1.00000
vt 0.41667 1.00000
vt 0.50000 1.00000
vt 0.58333 1.00000
vt 0.66667 1.00000
vt 0.75000 1.00000
vt 0.83333 1.00000
vt 0.91667 1.00000
vt 1.00000 1.00000
vt 0.50000 0.50000
vt 0.50000 0.50000
vt 0.50000 0.50000
vt 0.50000 0.50000
vt 0.50000 0.50000
vt 0.50000 0.50000
vt 0.50000 0.50000
vt 0.50000 0.50000
vt 0.50000 0.50000
vt 0.50000 0.50000
vt 0.50000 0.50000
vt 0.50000 0.50000
vt 1.00000 0.50000
vt 0.93301 0.25000
vt 0.75000 0.06699
vt 0.50000 0.00000
vt 0.25000 0.06699
vt 0.06699 0.25000
vt 0.00000 0.50000
vt 0.06699 0.75000
vt 0.25000 0.93301
vt 0.50000 1.00000
vt 0.75000 0.93301
vt 0.93301 0.75000
vt 1.00000 0.50000
vt 0.50000 0.50000
vt 0.50000 0.50000
vt 0.50000 0.50000
vt 0.50000 0.50000
vt 0.50000 0.50000
vt 0.50000 0.50000
vt 0.50000 0.50000
vt 0.50000 0.50000
vt 0.50000 0.50000
vt 0.50000 0.50000
vt 0.50000 0.50000
vt 0.50000 0.50000
vt 1.00000 0.50000
vt 0.93301 0.75000
vt 0.75000 0.93301
vt 0.50000 1.00000
vt 0.25000 0.93301
vt 0.06699 0.75000
vt 0.00000 0.50000
vt 0.06699 0.25000
vt 0.25000 0.06699
vt 0.50000 0.00000
vt 0.75000 0.06699
vt 0.93301 0.25000
vt 1.00000 0.50000
f 3713/3713 3726/3726 3714/3714
f 3726/3726 3727/3727 3714/3714
f 3714/3714 3727/3727 3715/3715
f 3727/3727 3728/3728 3715/3715
f 3715/3715 3728/3728 3716/3716
f 3728/3728 3729/3729 3716/3716
f 3716/3716 3729/3729 3717/3717
f 3729/3729 3730/3730 3717/3717
f 3717/3717 3730/3730 3718/3718
f 3730/3730 3731/3731 3718/3718
f 3718/3718 3731/3731 3719/3719
f 3731/3731 3732/3732 3719/3719
f 3719/3719 3732/3732 3720/3720
f 3732/3732 3733/3733 3720/3720
f 3720/3720 3733/3733 3721/3721
f 3733/3733 3734/3734 3721/3721
f 3721/3721 3734/3734 3722/3722
f 3734/3734 3735/3735 3722/3722
f 3722/3722 3735/3735 3723/3723
f 3735/3735 3736/3736 3723/3723
f 3723/3723 3736/3736 3724/3724
f 3736/3736 3737/3737 3724/3724
f 3724/3724 3737/3737 3725/3725
f 3737/3737 3738/3738 3725/3725
f 3751/3751 3752/3752 3739/3739
f 3752/3752 3753/3753 3740/3740
f 3753/3753 3754/3754 3741/3741
f 3754/3754 3755/3755 3742/3742
f 3755/3755 3756/3756 3743/3743
f 3756/3756 3757/3757 3744/3744
f 3757/3757 3758/3758 3745/3745
f 3758/3758 3759/3759 3746/3746
f 3759/3759 3760/3760 3747/3747
f 3760/3760 3761/3761 3748/3748
f 3761/3761 3762/3762 3749/3749
f 3762/3762 3763/3763 3750/3750
f 3777/3777 3776/3776 3764/3764
f 3778/3778 3777/3777 3765/3765
f 3779/3779 3778/3778 3766/3766
f 3780/3780 3779/3779 3767/3767
f 3781/3781 3780/3780 3768/3768
f 3782/3782 3781/3781 3769/3769
f 3783/3783 3782/3782 3770/3770
f 3784/3784 3783/3783 3771/3771
f 3785/3785 3784/3784 3772/3772
f 3786/3786 3785/3785 3773/3773
f 3787/3787 3786/3786 3774/3774
f 3788/3788 3787/3787 3775/3775
v -0.02500 3.15000 6.10000
v 0.02000 3.15000 6.08794
v 0.05294 3.15000 6.05500
v 0.06500 3.15000 6.01000
v 0.05294 3.15000 5.96500
v 0.02000 3.15000 5.93206
v -0.02500 3.15000 5.92000
v -0.07000 3.15000 5.93206
v -0.10294 3.15000 5.96500
v -0.11500 3.15000 6.01000
v -0.10294 3.15000 6.05500
v -0.07000 3.15000 6.08794
v -0.02500 3.15000 6.10000
v -0.02500 0.20000 6.14000
v 0.04000 0.20000 6.12258
v 0.08758 0.20000 6.07500
v 0.10500 0.20000 6.01000
v 0.08758 0.20000 5.94500
v 0.04000 0.20000 5.89742
v -0.02500 0.20000 5.88000
v -0.09000 0.20000 5.89742
v -0.13758 0.20000 5.94500
v -0.15500 0.20000 6.01000
v -0.13758 0.20000 6.07500
v -0.09000 0.20000 6.12258
v -0.02500 0.20000 6.14000
v -0.02500 3.15000 6.01000
v -0.02500 3.15000 6.01000
v -0.02500 3.15000 6.01000
v -0.02500 3.15000 6.01000
v -0.02500 3.15000 6.01000
v -0.02500 3.15000 6.01000
v -0.02500 3.15000 6.01000
v -0.02500 3.15000 6.01000
v -0.02500 3.15000 6.01000
v -0.02500 3.15000 6.01000
v -0.02500 3.15000 6.01000
v -0.02500 3.15000 6.01000
v -0.02500 3.15000 6.10000
v 0.02000 3.15000 6.08794
v 0.05294 3.15000 6.05500
v 0.06500 3.15000 6.01000
v 0.05294 3.15000 5.96500
v 0.02000 3.15000 5.93206
v -0.02500 3.15000 5.92000
v -0.07000 3.15000 5.93206
v -0.10294 3.15000 5.96500
v -0.11500 3.15000 6.01000
v -0.10294 3.15000 6.05500
v -0.07000 3.15000 6.08794
v -0.02500 3.15000 6.10000
v -0.02500 0.20000 6.01000
v -0.02500 0.20000 6.01000
v -0.02500 0.20000 6.01000
v -0.02500 0.20000 6.01000
v -0.02500 0.20000 6.01000
v -0.02500 0.20000 6.01000
v -0.02500 0.20000 6.01000
v -0.02500 0.20000 6.01000
v -0.02500 0.20000 6.01000
v -0.02500 0.20000 6.01000
v -0.02500 0.20000 6.01000
v -0.02500 0.20000 6.01000
v -0.02500 0.20000 6.14000
v 0.04000 0.20000 6.12258
v 0.08758 0.20000 6.07500
v 0.10500 0.20000 6.01000
v 0.08758 0.20000 5.94500
v 0.04000 0.20000 5.89742
v -0.02500 0.20000 5.88000
v -0.09000 0.20000 5.89742
v -0.13758 0.20000 5.94500
v -0.15500 0.20000 6.01000
v -0.13758 0.20000 6.07500
v -0.09000 0.20000 6.12258
v -0.02500 0.20000 6.14000
vt 0.00000 0.00000
vt 0.08333 0.00000
vt 0.16667 0.00000
vt 0.25000 0.00000
vt 0.33333 0.00000
vt 0.41667 0.00000
vt 0.50000 0.00000
vt 0.58333 0.00000
vt 0.66667 0.00000
vt 0.75000 0.00000
vt 0.83333 0.00000
vt 0.91667 0.00000
vt 1.00000 0.00000
vt 0.00000 1.00000
vt 0.08333 1.00000
vt 0.16667 1.00000
vt 0.25000 1.00000
vt 0.33333 1.00000
vt 0.41667 1.00000
vt 0.50000 1.00000
vt 0.58333 1.00000
vt 0.66667 1.00000
vt 0.75000 1.00000
vt 0.83333 1.00000
vt 0.91667 1.00000
vt 1.00000 1.00000
vt 0.50000 0.50000
vt 0.50000 0.50000
vt 0.50000 0.50000
vt 0.50000 0.50000
vt 0.50000 0.50000
vt 0.50000 0.50000
vt 0.50000 0.50000
vt 0.50000 0.50000
vt 0.50000 0.50000
vt 0.50000 0.50000
vt 0.50000 0.50000
vt 0.50000 0.50000
vt 1.00000 0.50000
vt 0.93301 0.25000
vt 0.75000 0.06699
vt 0.50000 0.00000
vt 0.25000 0.06699
vt 0.06699 0.25000
vt 0.00000 0.50000
vt 0.06699 0.75000
vt 0.25000 0.93301
vt 0.50000 1.00000
vt 0.75000 0.93301
vt 0.93301 0.75000
vt 1.00000 0.50000
vt 0.50000 0.50000
vt 0.50000 0.50000
vt 0.50000 0.50000
vt 0.50000 0.50000
vt 0.50000 0.50000
vt 0.50000 0.50000
vt 0.50000 0.50000
vt 0.50000 0.50000
vt 0.50000 0.50000
vt 0.50000 0.50000
vt 0.50000 0.50000
vt 0.50000 0.50000
vt 1.00000 0.50000
vt 0.93301 0.75000
vt 0.75000 0.93301
vt 0.50000 1.00000
vt 0.25000 0.93301
vt 0.06699 0.75000
vt 0.00000 0.50000
vt 0.06699 0.25000
vt 0.25000 0.06699
vt 0.50000 0.00000
vt 0.75000 0.06699
vt 0.93301 0.25000
vt 1.00000 0.50000
f 3789/3789 3802/3802 3790/3790
f 3802/3802 3803/3803 3790/3790
f 3790/3790 3803/3803 3791/3791
f 3803/3803 3804/3804 3791/3791
f 3791/3791 3804/3804 3792/3792
f 3804/3804 3805/3805 3792/3792
f 3792/3792 3805/3805 3793/3793
f 3805/3805 3806/3806 3793/3793
f 3793/3793 3806/3806 3794/3794
f 3806/3806 3807/3807 3794/3794
f 3794/3794 3807/3807 3795/3795
f 3807/3807 3808/3808 3795/3795
f 3795/3795 3808/3808 3796/3796
f 3808/3808 3809/3809 3796/3796
f 3796/3796 3809/3809 3797/3797
f 3809/3809 3810/3810 3797/3797
f 3797/3797 3810/3810 3798/3798
f 3810/3810 3811/3811 3798/3798
f 3798/3798 3811/3811 3799/3799
f 3811/3811 3812/3812 3799/3799
f 3799/3799 3812/3812 3800/3800
f 3812/3812 3813/3813 3800/3800
f 3800/3800 3813/3813 3801/3801
f 3813/3813 3814/3814 3801/3801
f 3827/3827 3828/3828 3815/3815
f 3828/3828 3829/3829 3816/3816
f 3829/3829 3830/3830 3817/3817
f 3830/3830 3831/3831 3818/3818
f 3831/3831 3832/3832 3819/3819
f 3832/3832 3833/3833 3820/3820
f 3833/3833 3834/3834 3821/3821
f 3834/3834 3835/3835 3822/3822
f 3835/3835 3836/3836 3823/3823
f 3836/3836 3837/3837 3824/3824
f 3837/3837 3838/3838 3825/3825
f 3838/3838 3839/3839 3826/3826
f 3853/3853 3852/3852 3840/3840
f 3854/3854 3853/3853 3841/3841
f 3855/3855 3854/3854 3842/3842
f 3856/3856 3855/3855 3843/3843
f 3857/3857 3856/3856 3844/3844
f 3858/3858 3857/3857 3845/3845
f 3859/3859 3858/3858 3846/3846
f 3860/3860 3859/3859 3847/3847
f 3861/3861 3860/3860 3848/3848
f 3862/3862 3861/3861 3849/3849
f 3863/3863 3862/3862 3850/3850
f 3864/3864 3863/3863 3851/3851
v 2.87500 3.15000 6.10000
v 2.92000 3.15000 6.08794
v 2.95294 3.15000 6.05500
v 2.96500 3.15000 6.01000
v 2.95294 3.15000 5.96500
v 2.92000 3.15000 5.93206
v 2.87500 3.15000 5.92000
v 2.83000 3.15000 5.93206
v 2.79706 3.15000 5.96500
v 2.78500 3.15000 6.01000
v 2.79706 3.15000 6.05500
v 2.83000 3.15000 6.08794
v 2.87500 3.15000 6.10000
v 2.87500 0.20000 6.14000
v 2.94000 0.20000 6.12258
v 2.98758 0.20000 6.07500
v 3.00500 0.20000 6.01000
v 2.98758 0.20000 5.94500
v 2.94000 0.20000 5.89742
v 2.87500 0.20000 5.88000
v 2.81000 0.20000 5.89742
v 2.76242 0.20000 5.94500
v 2.74500 0.20000 6.01000
v 2.76242 0.20000 6.07500
v 2.81000 0.20000 6.12258
v 2.87500 0.20000 6.14000
v 2.87500 3.15000 6.01000
v 2.87500 3.15000 6.01000
v 2.87500 3.15000 6.01000
v 2.87500 3.15000 6.01000
v 2.87500 3.15000 6.01000
v 2.87500 3.15000 6.01000
v 2.87500 3.15000 6.01000
v 2.87500 3.15000 6.01000
v 2.87500 3.15000 6.01000
v 2.87500 3.15000 6.01000
v 2.87500 3.15000 6.01000
v 2.87500 3.15000 6.01000
v 2.87500 3.15000 6.10000
v 2.92000 3.15000 6.08794
v 2.95294 3.15000 6.05500
v 2.96500 3.15000 6.01000
v 2.95294 3.15000 5.96500
v 2.92000 3.15000 5.93206
v 2.87500 3.15000 5.92000
v 2.83000 3.15000 5.93206
v 2.79706 3.15000 5.96500
v 2.78500 3.15000 6.01000
v 2.79706 3.15000 6.05500
v 2.83000 3.15000 6.08794
v 2.87500 3.15000 6.10000
v 2.87500 0.20000 6.01000
v 2.87500 0.20000 6.01000
v 2.87500 0.20000 6.01000
v 2.87500 0.20000 6.01000
v 2.87500 0.20000 6.01000
v 2.87500 0.20000 6.01000
v 2.87500 0.20000 6.01000
v 2.87500 0.20000 6.01000
v 2.87500 0.20000 6.01000
v 2.87500 0.20000 6.01000
v 2.87500 0.20000 6.01000
v 2.87500 0.20000 6.01000
v 2.87500 0.20000 6.14000
v 2.94000 0.20000 6.12258
v 2.98758 0.20000 6.07500
v 3.00500 0.20000 6.01000
v 2.98758 0.20000 5.94500
v 2.94000 0.20000 5.89742
v 2.87500 0.20000 5.88000
v 2.81000 0.20000 5.89742
v 2.76242 0.20000 5.94500
v 2.74500 0.20000 6.01000
v 2.76242 0.20000 6.07500
v 2.81000 0.20000 6.12258
v 2.87500 0.20000 6.14000
vt 0.00000 0.00000
vt 0.08333 0.00000
vt 0.16667 0.00000
vt 0.25000 0.00000
vt 0.33333 0.00000
vt 0.41667 0.00000
vt 0.50000 0.00000
vt 0.58333 0.00000
vt 0.66667 0.00000
vt 0.75000 0.00000
vt 0.83333 0.00000
vt 0.91667 0.00000
vt 1.00000 0.00000
vt 0.00000 1.00000
vt 0.08333 1.00000
vt 0.16667 1.00000
vt 0.25000 1.00000
vt 0.33333 1.00000
vt 0.41667 1.00000
vt 0.50000 1.00000
vt 0.58333 1.00000
vt 0.66667 1.00000
vt 0.75000 1.00000
vt 0.83333 1.00000
vt 0.91667 1.00000
vt 1.00000 1.00000
vt 0.50000 0.50000
vt 0.50000 0.50000
vt 0.50000 0.50000
vt 0.50000 0.50000
vt 0.50000 0.50000
vt 0.50000 0.50000
vt 0.50000 0.50000
vt 0.50000 0.50000
vt 0.50000 0.50000
vt 0.50000 0.50000
vt 0.50000 0.50000
vt 0.50000 0.50000
vt 1.00000 0.50000
vt 0.93301 0.25000
vt 0.75000 0.06699
vt 0.50000 0.00000
vt 0.25000 0.06699
vt 0.06699 0.25000
vt 0.00000 0.50000
vt 0.06699 0.75000
vt 0.25000 0.93301
vt 0.50000 1.00000
vt 0.75000 0.93301
vt 0.93301 0.75000
vt 1.00000 0.50000
vt 0.50000 0.50000
vt 0.50000 0.50000
vt 0.50000 0.50000
vt 0.50000 0.50000
vt 0.50000 0.50000
vt 0.50000 0.50000
vt 0.50000 0.50000
vt 0.50000 0.50000
vt 0.50000 0.50000
vt 0.50000 0.50000
vt 0.50000 0.50000
vt 0.50000 0.50000
vt 1.00000 0.50000
vt 0.93301 0.75000
vt 0.75000 0.93301
vt 0.50000 1.00000
vt 0.25000 0.93301
vt 0.06699 0.75000
vt 0.00000 0.50000
vt 0.06699 0.25000
vt 0.25000 0.06699
vt 0.50000 0.00000
vt 0.75000 0.06699
vt 0.93301 0.25000
vt 1.00000 0.50000
f 3865/3865 3878/3878 3866/3866
f 3878/3878 3879/3879 3866/3866
f 3866/3866 3879/3879 3867/3867
f 3879/3879 3880/3880 3867/3867
f 3867/3867 3880/3880 3868/3868
f 3880/3880 3881/3881 3868/3868
f 3868/3868 3881/3881 3869/3869
f 3881/3881 3882/3882 3869/3869
f 3869/3869 3882/3882 3870/3870
f 3882/3882 3883/3883 3870/3870
f 3870/3870 3883/3883 3871/3871
f 3883/3883 3884/3884 3871/3871
f 3871/3871 3884/3884 3872/3872
f 3884/3884 3885/3885 3872/3872
f 3872/3872 3885/3885 3873/3873
f 3885/3885 3886/3886 3873/3873
f 3873/3873 3886/3886 3874/3874
f 3886/3886 3887/3887 3874/3874
f 3874/3874 3887/3887 3875/3875
f 3887/3887 3888/3888 3875/3875
f 3875/3875 3888/3888 3876/3876
f 3888/3888 3889/3889 3876/3876
f 3876/3876 3889/3889 3877/3877
f 3889/3889 3890/3890 3877/3877
f 3903/3903 3904/3904 3891/3891
f 3904/3904 3905/3905 3892/3892
f 3905/3905 3906/3906 3893/3893
f 3906/3906 3907/3907 3894/3894
f 3907/3907 3908/3908 3895/3895
f 3908/3908 3909/3909 3896/3896
f 3909/3909 3910/3910 3897/3897
f 3910/3910 3911/3911 3898/3898
f 3911/3911 3912/3912 3899/3899
f 3912/3912 3913/3913 3900/3900
f 3913/3913 3914/3914 3901/3901
f 3914/3914 3915/3915 3902/3902
f 3929/3929 3928/3928 3916/3916
f 3930/3930 3929/3929 3917/3917
f 3931/3931 3930/3930 3918/3918
f 3932/3932 3931/3931 3919/3919
f 3933/3933 3932/3932 3920/3920
f 3934/3934 3933/3933 3921/3921
f 3935/3935 3934/3934 3922/3922
f 3936/3936 3935/3935 3923/3923
f 3937/3937 3936/3936 3924/3924
f 3938/3938 3937/3937 3925/3925
f 3939/3939 3938/3938 3926/3926
f 3940/3940 3939/3939 3927/3927
v 5.77500 3.15000 6.10000
v 5.82000 3.15000 6.08794
v 5.85294 3.15000 6.05500
v 5.86500 3.15000 6.01000
v 5.85294 3.15000 5.96500
v 5.82000 3.15000 5.93206
v 5.77500 3.15000 5.92000
v 5.73000 3.15000 5.93206
v 5.69706 3.15000 5.96500
v 5.68500 3.15000 6.01000
v 5.69706 3.15000 6.05500
v 5.73000 3.15000 6.08794
v 5.77500 3.15000 6.10000
v 5.77500 0.20000 6.14000
v 5.84000 0.20000 6.12258
v 5.88758 0.20000 6.07500
v 5.90500 0.20000 6.01000
v 5.88758 0.20000 5.94500
v 5.84000 0.20000 5.89742
v 5.77500 0.20000 5.88000
v 5.71000 0.20000 5.89742
v 5.66242 0.20000 5.94500
v 5.64500 0.20000 6.01000
v 5.66242 0.20000 6.07500
v 5.71000 0.20000 6.12258
v 5.77500 0.20000 6.14000
v 5.77500 3.15000 6.01000
v 5.77500 3.15000 6.01000
v 5.77500 3.15000 6.01000
v 5.77500 3.15000 6.01000
v 5.77500 3.15000 6.01000
v 5.77500 3.15000 6.01000
v 5.77500 3.15000 6.01000
v 5.77500 3.15000 6.01000
v 5.77500 3.15000 6.01000
v 5.77500 3.15000 6.01000
v 5.77500 3.15000 6.01000
v 5.77500 3.15000 6.01000
v 5.77500 3.15000 6.10000
v 5.82000 3.15000 6.08794
v 5.85294 3.15000 6.05500
v 5.86500 3.15000 6.01000
v 5.85294 3.15000 5.96500
v 5.82000 3.15000 5.93206
v 5.77500 3.15000 5.92000
v 5.73000 3.15000 5.93206
v 5.69706 3.15000 5.96500
v 5.68500 3.15000 6.01000
v 5.69706 3.15000 6.05500
v 5.73000 3.15000 6.08794
v 5.77500 3.15000 6.10000
v 5.77500 0.20000 6.01000
v 5.77500 0.20000 6.01000
v 5.77500 0.20000 6.01000
v 5.77500 0.20000 6.01000
v 5.77500 0.20000 6.01000
v 5.77500 0.20000 6.01000
v 5.77500 0.20000 6.01000
v 5.77500 0.20000 6.01000
v 5.77500 0.20000 6.01000
v 5.77500 0.20000 6.01000
v 5.77500 0.20000 6.01000
v 5.77500 0.20000 6.01000
v 5.77500 0.20000 6.14000
v 5.84000 0.20000 6.12258
v 5.88758 0.20000 6.07500
v 5.90500 0.20000 6.01000
v 5.88758 0.20000 5.94500
v 5.84000 0.20000 5.89742
v 5.77500 0.20000 5.88000
v 5.71000 0.20000 5.89742
v 5.66242 0.20000 5.94500
v 5.64500 0.20000 6.01000
v 5.66242 0.20000 6.07500
v 5.71000 0.20000 6.12258
v 5.77500 0.20000 6.14000
vt 0.00000 0.00000
vt 0.08333 0.00000
vt 0.16667 0.00000
vt 0.25000 0.00000
vt 0.33333 0.00000
vt 0.41667 0.00000
vt 0.50000 0.00000
vt 0.58333 0.00000
vt 0.66667 0.00000
vt 0.75000 0.00000
vt 0.83333 0.00000
vt 0.91667 0.00000
vt 1.00000 0.00000
vt 0.00000 1.00000
vt 0.08333 1.00000
vt 0.16667 1.00000
vt 0.25000 1.00000
vt 0.33333 1.00000
vt 0.41667 1.00000
vt 0.50000 1.00000
vt 0.58333 1.00000
vt 0.66667 1.00000
vt 0.75000 1.00000
vt 0.83333 1.00000
vt 0.91667 1.00000
vt 1.00000 1.00000
vt 0.50000 0.50000
vt 0.50000 0.50000
vt 0.50000 0.50000
vt 0.50000 0.50000
vt 0.50000 0.50000
vt 0.50000 0.50000
vt 0.50000 0.50000
vt 0.50000 0.50000
vt 0.50000 0.50000
vt 0.50000 0.50000
vt 0.50000 0.50000
vt 0.50000 0.50000
vt 1.00000 0.50000
vt 0.93301 0.25000
vt 0.75000 0.06699
vt 0.50000 0.00000
vt 0.25000 0.06699
vt 0.06699 0.25000
vt 0.00000 0.50000
vt 0.06699 0.75000
vt 0.25000 0.93301
vt 0.50000 1.00000
vt 0.75000 0.93301
vt 0.93301 0.75000
vt 1.00000 0.50000
vt 0.50000 0.50000
vt 0.50000 0.50000
vt 0.50000 0.50000
vt 0.50000 0.50000
vt 0.50000 0.50000
vt 0.50000 0.50000
vt 0.50000 0.50000
vt 0.50000 0.50000
vt 0.50000 0.50000
vt 0.50000 0.50000
vt 0.50000 0.50000
vt 0.50000 0.50000
vt 1.00000 0.50000
vt 0.93301 0.75000
vt 0.75000 0.93301
vt 0.50000 1.00000
vt 0.25000 0.93301
vt 0.06699 0.75000
vt 0.00000 0.50000
vt 0.06699 0.25000
vt 0.25000 0.06699
vt 0.50000 0.00000
vt 0.75000 0.06699
vt 0.93301 0.25000
vt 1.00000 0.50000
f 3941/3941 3954/3954 3942/3942
f 3954/3954 3955/3955 3942/3942
f 3942/3942 3955/3955 3943/3943
f 3955/3955 3956/3956 3943/3943
f 3943/3943 3956/3956 3944/3944
f 3956/3956 3957/3957 3944/3944
f 3944/3944 3957/3957 3945/3945
f 3957/3957 3958/3958 3945/3945
f 3945/3945 3958/3958 3946/3946
f 3958/3958 3959/3959 3946/3946
f 3946/3946 3959/3959 3947/3947
f 3959/3959 3960/3960 3947/3947
f 3947/3947 3960/3960 3948/3948
f 3960/3960 3961/3961 3948/3948
f 3948/3948 3961/3961 3949/3949
f 3961/3961 3962/3962 3949/3949
f 3949/3949 3962/3962 3950/3950
f 3962/3962 3963/3963 3950/3950
f 3950/3950 3963/3963 3951/3951
f 3963/3963 3964/3964 3951/3951
f 3951/3951 3964/3964 3952/3952
f 3964/3964 3965/3965 3952/3952
f 3952/3952 3965/3965 3953/3953
f 3965/3965 3966/3966 3953/3953
f 3979/3979 3980/3980 3967/3967
f 3980/3980 3981/3981 3968/3968
f 3981/3981 3982/3982 3969/3969
f 3982/3982 3983/3983 3970/3970
f 3983/3983 3984/3984 3971/3971
f 3984/3984 3985/3985 3972/3972
f 3985/3985 3986/3986 3973/3973
f 3986/3986 3987/3987 3974/3974
f 3987/3987 3988/3988 3975/3975
f 3988/3988 3989/3989 3976/3976
f 3989/3989 3990/3990 3977/3977
f 3990/3990 3991/3991 3978/3978
f 4005/4005 4004/4004 3992/3992
f 4006/4006 4005/4005 3993/3993
f 4007/4007 4006/4006 3994/3994
f 4008/4008 4007/4007 3995/3995
f 4009/4009 4008/4008 3996/3996
f 4010/4010 4009/4009 3997/3997
f 4011/4011 4010/4010 3998/3998
f 4012/4012 4011/4011 3999/3999
f 4013/4013 4012/4012 4000/4000
f 4014/4014 4013/4013 4001/4001
f 4015/4015 4014/4014 4002/4002
f 4016/4016 4015/4015 4003/4003
v 5.72500 0.78000 6.04000
v 5.72500 0.78000 5.98000
v 5.72500 0.72000 6.04000
v 5.72500 0.72000 5.98000
v -11.57500 0.78000 5.98000
v -11.57500 0.78000 6.04000
v -11.57500 0.72000 5.98000
v -11.57500 0.72000 6.04000
v -11.57500 0.78000 5.98000
v 5.72500 0.78000 5.98000
v -11.57500 0.78000 6.04000
v 5.72500 0.78000 6.04000
v -11.57500 0.72000 6.04000
v 5.72500 0.72000 6.04000
v -11.57500 0.72000 5.98000
v 5.72500 0.72000 5.98000
v -11.57500 0.78000 6.04000
v 5.72500 0.78000 6.04000
v -11.57500 0.72000 6.04000
v 5.72500 0.72000 6.04000
v 5.72500 0.78000 5.98000
v -11.57500 0.78000 5.98000
v 5.72500 0.72000 5.98000
v -11.57500 0.72000 5.98000
vt 0.00000 0.00000
vt 1.00000 0.00000
vt 0.00000 1.00000
vt 1.00000 1.00000
vt 0.00000 0.00000
vt 1.00000 0.00000
vt 0.00000 1.00000
vt 1.00000 1.00000
vt 0.00000 0.00000
vt 1.00000 0.00000
vt 0.00000 1.00000
vt 1.00000 1.00000
vt 0.00000 0.00000
vt 1.00000 0.00000
vt 0.00000 1.00000
vt 1.00000 1.00000
vt 0.00000 0.00000
vt 1.00000 0.00000
vt 0.00000 1.00000
vt 1.00000 1.00000
vt 0.00000 0.00000
vt 1.00000 0.00000
vt 0.00000 1.00000
vt 1.00000 1.00000
f 4017/4017 4019/4019 4018/4018
f 4019/4019 4020/4020 4018/4018
f 4021/4021 4023/4023 4022/4022
f 4023/4023 4024/4024 4022/4022
f 4025/4025 4027/4027 4026/4026
f 4027/4027 4028/4028 4026/4026
f 4029/4029 4031/4031 4030/4030
f 4031/4031 4032/4032 4030/4030
f 4033/4033 4035/4035 4034/4034
f 4035/4035 4036/4036 4034/4034
f 4037/4037 4039/4039 4038/4038
f 4039/4039 4040/4040 4038/4038
v -11.37500 0.67500 6.03000
v -11.35768 0.67500 6.02000
v -11.35768 0.67500 6.00000
v -11.37500 0.67500 5.99000
v -11.39232 0.67500 6.00000
v -11.39232 0.67500 6.02000
v -11.37500 0.67500 6.03000
v -11.37500 0.07500 6.03000
v -11.35768 0.07500 6.02000
v -11.35768 0.07500 6.00000
v -11.37500 0.07500 5.99000
v -11.39232 0.07500 6.00000
v -11.39232 0.07500 6.02000
v -11.37500 0.07500 6.03000
v -11.37500 0.67500 6.01000
v -11.37500 0.67500 6.01000
v -11.37500 0.67500 6.01000
v -11.37500 0.67500 6.01000
v -11.37500 0.67500 6.01000
v -11.37500 0.67500 6.01000
v -11.37500 0.67500 6.03000
v -11.35768 0.67500 6.02000
v -11.35768 0.67500 6.00000
v -11.37500 0.67500 5.99000
v -11.39232 0.67500 6.00000
v -11.39232 0.67500 6.02000
v -11.37500 0.67500 6.03000
v -11.37500 0.07500 6.01000
v -11.37500 0.07500 6.01000
v -11.37500 0.07500 6.01000
v -11.37500 0.07500 6.01000
v -11.37500 0.07500 6.01000
v -11.37500 0.07500 6.01000
v -11.37500 0.07500 6.03000
v -11.35768 0.07500 6.02000
v -11.35768 0.07500 6.00000
v -11.37500 0.07500 5.99000
v -11.39232 0.07500 6.00000
v -11.39232 0.07500 6.02000
v -11.37500 0.07500 6.03000
vt 0.00000 0.00000
vt 0.16667 0.00000
vt 0.33333 0.00000
vt 0.50000 0.00000
vt 0.66667 0.00000
vt 0.83333 0.00000
vt 1.00000 0.00000
vt 0.00000 1.00000
vt 0.16667 1.00000
vt 0.33333 1.00000
vt 0.50000 1.00000
vt 0.66667 1.00000
vt 0.83333 1.00000
vt 1.00000 1.00000
vt 0.50000 0.50000
vt 0.50000 0.50000
vt 0.50000 0.50000
vt 0.50000 0.50000
vt 0.50000 0.50000
vt 0.50000 0.50000
vt 1.00000 0.50000
vt 0.75000 0.06699
vt 0.25000 0.06699
vt 0.00000 0.50000
vt 0.25000 0.93301
vt 0.75000 0.93301
vt 1.00000 0.50000
vt 0.50000 0.50000
vt 0.50000 0.50000
vt 0.50000 0.50000
vt 0.50000 0.50000
vt 0.50000 0.50000
vt 0.50000 0.50000
vt 1.00000 0.50000
vt 0.75000 0.93301
vt 0.25000 0.93301
vt 0.00000 0.50000
vt 0.25000 0.06699
vt 0.75000 0.06699
vt 1.00000 0.50000
f 4041/4041 4048/4048 4042/4042
f 4048/4048 4049/4049 4042/4042
f 4042/4042 4049/4049 4043/4043
f 4049/4049 4050/4050 4043/4043
f 4043/4043 4050/4050 4044/4044
f 4050/4050 4051/4051 4044/4044
f 4044/4044 4051/4051 4045/4045
f 4051/4051 4052/4052 4045/4045
f 4045/4045 4052/4052 4046/4046
f 4052/4052 4053/4053 4046/4046
f 4046/4046 4053/4053 4047/4047
f 4053/4053 4054/4054 4047/4047
f 4061/4061 4062/4062 4055/4055
f 4062/4062 4063/4063 4056/4056
f 4063/4063 4064/4064 4057/4057
f 4064/4064 4065/4065 4058/4058
f 4065/4065 4066/4066 4059/4059
f 4066/4066 4067/4067 4060/4060
f 4075/4075 4074/4074 4068/4068
f 4076/4076 4075/4075 4069/4069
f 4077/4077 4076/4076 4070/4070
f 4078/4078 4077/4077 4071/4071
f 4079/4079 4078/4078 4072/4072
f 4080/4080 4079/4079 4073/4073
v -11.05500 0.67500 6.03000
v -11.03768 0.67500 6.02000
v -11.03768 0.67500 6.00000
v -11.05500 0.67500 5.99000
v -11.07232 0.67500 6.00000
v -11.07232 0.67500 6.02000
v -11.05500 0.67500 6.03000
v -11.05500 0.07500 6.03000
v -11.03768 0.07500 6.02000
v -11.03768 0.07500 6.00000
v -11.05500 0.07500 5.99000
v -11.07232 0.07500 6.00000
v -11.07232 0.07500 6.02000
v -11.05500 0.07500 6.03000
v -11.05500 0.67500 6.01000
v -11.05500 0.67500 6.01000
v -11.05500 0.67500 6.01000
v -11.05500 0.67500 6.01000
v -11.05500 0.67500 6.01000
v -11.05500 0.67500 6.01000
v -11.05500 0.67500 6.03000
v -11.03768 0.67500 6.02000
v -11.03768 0.67500 6.00000
v -11.05500 0.67500 5.99000
v -11.07232 0.67500 6.00000
v -11.07232 0.67500 6.02000
v -11.05500 0.67500 6.03000
v -11.05500 0.07500 6.01000
v -11.05500 0.07500 6.01000
v -11.05500 0.07500 6.01000
v -11.05500 0.07500 6.01000
v -11.05500 0.07500 6.01000
v -11.05500 0.07500 6.01000
v -11.05500 0.07500 6.03000
v -11.03768 0.07500 6.02000
v -11.03768 0.07500 6.00000
v -11.05500 0.07500 5.99000
v -11.07232 0.07500 6.00000
v -11.07232 0.07500 6.02000
v -11.05500 0.07500 6.03000
vt 0.00000 0.00000
vt 0.16667 0.00000
vt 0.33333 0.00000
vt 0.50000 0.00000
vt 0.66667 0.00000
vt 0.83333 0.00000
vt 1.00000 0.00000
vt 0.00000 1.00000
vt 0.16667 1.00000
vt 0.33333 1.00000
vt 0.50000 1.00000
vt 0.66667 1.00000
vt 0.83333 1.00000
vt 1.00000 1.00000
vt 0.50000 0.50000
vt 0.50000 0.50000
vt 0.50000 0.50000
vt 0.50000 0.50000
vt 0.50000 0.50000
vt 0.50000 0.50000
vt 1.00000 0.50000
vt 0.75000 0.06699
vt 0.25000 0.06699
vt 0.00000 0.50000
vt 0.25000 0.93301
vt 0.75000 0.93301
vt 1.00000 0.50000
vt 0.50000 0.50000
vt 0.50000 0.50000
vt 0.50000 0.50000
vt 0.50000 0.50000
vt 0.50000 0.50000
vt 0.50000 0.50000
vt 1.00000 0.50000
vt 0.75000 0.93301
vt 0.25000 0.93301
vt 0.00000 0.50000
vt 0.25000 0.06699
vt 0.75000 0.06699
vt 1.00000 0.50000
f 4081/4081 4088/4088 4082/4082
f 4088/4088 4089/4089 4082/4082
f 4082/4082 4089/4089 4083/4083
f 4089/4089 4090/4090 4083/4083
f 4083/4083 4090/4090 4084/4084
f 4090/4090 4091/4091 4084/4084
f 4084/4084 4091/4091 4085/4085
f 4091/4091 4092/4092 4085/4085
f 4085/4085 4092/4092 4086/4086
f 4092/4092 4093/4093 4086/4086
f 4086/4086 4093/4093 4087/4087
f 4093/4093 4094/4094 4087/4087
f 4101/4101 4102/4102 4095/4095
f 4102/4102 4103/4103 4096/4096
f 4103/4103 4104/4104 4097/4097
f 4104/4104 4105/4105 4098/4098
f 4105/4105 4106/4106 4099/4099
f 4106/4106 4107/4107 4100/4100
f 4115/4115 4114/4114 4108/4108
f 4116/4116 4115/4115 4109/4109
f 4117/4117 4116/4116 4110/4110
f 4118/4118 4117/4117 4111/4111
f 4119/4119 4118/4118 4112/4112
f 4120/4120 4119/4119 4113/4113
v -10.73500 0.67500 6.03000
v -10.71768 0.67500 6.02000
v -10.71768 0.67500 6.00000
v -10.73500 0.67500 5.99000
v -10.75232 0.67500 6.00000
v -10.75232 0.67500 6.02000
v -10.73500 0.67500 6.03000
v -10.73500 0.07500 6.03000
v -10.71768 0.07500 6.02000
v -10.71768 0.07500 6.00000
v -10.73500 0.07500 5.99000
v -10.75232 0.07500 6.00000
v -10.75232 0.07500 6.02000
v -10.73500 0.07500 6.03000
v -10.73500 0.67500 6.01000
v -10.73500 0.67500 6.01000
v -10.73500 0.67500 6.01000
v -10.73500 0.67500 6.01000
v -10.73500 0.67500 6.01000
v -10.73500 0.67500 6.01000
v -10.73500 0.67500 6.03000
v -10.71768 0.67500 6.02000
v -10.71768 0.67500 6.00000
v -10.73500 0.67500 5.99000
v -10.75232 0.67500 6.00000
v -10.75232 0.67500 6.02000
v -10.73500 0.67500 6.03000
v -10.73500 0.07500 6.01000
v -10.73500 0.07500 6.01000
v -10.73500 0.07500 6.01000
v -10.73500 0.07500 6.01000
v -10.73500 0.07500 6.01000
v -10.73500 0.07500 6.01000
v -10.73500 0.07500 6.03000
v -10.71768 0.07500 6.02000
v -10.71768 0.07500 6.00000
v -10.73500 0.07500 5.99000
v -10.75232 0.07500 6.00000
v -10.75232 0.07500 6.02000
v -10.73500 0.07500 6.03000
vt 0.00000 0.00000
vt 0.16667 0.00000
vt 0.33333 0.00000
vt 0.50000 0.00000
vt 0.66667 0.00000
vt 0.83333 0.00000
vt 1.00000 0.00000
vt 0.00000 1.00000
vt 0.16667 1.00000
vt 0.33333 1.00000
vt 0.50000 1.00000
vt 0.66667 1.00000
vt 0.83333 1.00000
vt 1.00000 1.00000
vt 0.50000 0.50000
vt 0.50000 0.50000
vt 0.50000 0.50000
vt 0.50000 0.50000
vt 0.50000 0.50000
vt 0.50000 0.50000
vt 1.00000 0.50000
vt 0.75000 0.06699
vt 0.25000 0.06699
vt 0.00000 0.50000
vt 0.25000 0.93301
vt 0.75000 0.93301
vt 1.00000 0.50000
vt 0.50000 0.50000
vt 0.50000 0.50000
vt 0.50000 0.50000
vt 0.50000 0.50000
vt 0.50000 0.50000
vt 0.50000 0.50000
vt 1.00000 0.50000
vt 0.75000 0.93301
vt 0.25000 0.93301
vt 0.00000 0.50000
vt 0.25000 0.06699
vt 0.75000 0.06699
vt 1.00000 0.50000
f 4121/4121 4128/4128 4122/4122
f 4128/4128 4129/4129 4122/4122
f 4122/4122 4129/4129 4123/4123
f 4129/4129 4130/4130 4123/4123
f 4123/4123 4130/4130 4124/4124
f 4130/4130 4131/4131 4124/4124
f 4124/4124 4131/4131 4125/4125
f 4131/4131 4132/4132 4125/4125
f 4125/4125 4132/4132 4126/4126
f 4132/4132 4133/4133 4126/4126
f 4126/4126 4133/4133 4127/4127
f 4133/4133 4134/4134 4127/4127
f 4141/4141 4142/4142 4135/4135
f 4142/4142 4143/4143 4136/4136
f 4143/4143 4144/4144 4137/4137
f 4144/4144 4145/4145 4138/4138
f 4145/4145 4146/4146 4139/4139
f 4146/4146 4147/4147 4140/4140
f 4155/4155 4154/4154 4148/4148
f 4156/4156 4155/4155 4149/4149
f 4157/4157 4156/4156 4150/4150
f 4158/4158 4157/4157 4151/4151
f 4159/4159 4158/4158 4152/4152
f 4160/4160 4159/4159 4153/4153
v -10.41500 0.67500 6.03000
v -10.39768 0.67500 6.02000
v -10.39768 0.67500 6.00000
v -10.41500 0.67500 5.99000
v -10.43232 0.67500 6.00000
v -10.43232 0.67500 6.02000
v -10.41500 0.67500 6.03000
v -10.41500 0.07500 6.03000
v -10.39768 0.07500 6.02000
v -10.39768 0.07500 6.00000
v -10.41500 0.07500 5.99000
v -10.43232 0.07500 6.00000
v -10.43232 0.07500 6.02000
v -10.41500 0.07500 6.03000
v -10.41500 0.67500 6.01000
v -10.41500 0.67500 6.01000
v -10.41500 0.67500 6.01000
v -10.41500 0.67500 6.01000
v -10.41500 0.67500 6.01000
v -10.41500 0.67500 6.01000
v -10.41500 0.67500 6.03000
v -10.39768 0.67500 6.02000
v -10.39768 0.67500 6.00000
v -10.41500 0.67500 5.99000
v -10.43232 0.67500 6.00000
v -10.43232 0.67500 6.02000
v -10.41500 0.67500 6.03000
v -10.41500 0.07500 6.01000
v -10.41500 0.07500 6.01000
v -10.41500 0.07500 6.01000
v -10.41500 0.07500 6.01000
v -10.41500 0.07500 6.01000
v -10.41500 0.07500 6.01000
v -10.41500 0.07500 6.03000
v -10.39768 0.07500 6.02000
v -10.39768 0.07500 6.00000
v -10.41500 0.07500 5.99000
v -10.43232 0.07500 6.00000
v -10.43232 0.07500 6.02000
v -10.41500 0.07500 6.03000
vt 0.00000 0.00000
vt 0.16667 0.00000
vt 0.33333 0.00000
vt 0.50000 0.00000
vt 0.66667 0.00000
vt 0.83333 0.00000
vt 1.00000 0.00000
vt 0.00000 1.00000
vt 0.16667 1.00000
vt 0.33333 1.00000
vt 0.50000 1.00000
vt 0.66667 1.00000
vt 0.83333 1.00000
vt 1.00000 1.00000
vt 0.50000 0.50000
vt 0.50000 0.50000
vt 0.50000 0.50000
vt 0.50000 0.50000
vt 0.50000 0.50000
vt 0.50000 0.50000
vt 1.00000 0.50000
vt 0.75000 0.06699
vt 0.25000 0.06699
vt 0.00000 0.50000
vt 0.25000 0.93301
vt 0.75000 0.93301
vt 1.00000 0.50000
vt 0.50000 0.50000
vt 0.50000 0.50000
vt 0.50000 0.50000
vt 0.50000 0.50000
vt 0.50000 0.50000
vt 0.50000 0.50000
vt 1.00000 0.50000
vt 0.75000 0.93301
vt 0.25000 0.93301
vt 0.00000 0.50000
vt 0.25000 0.06699
vt 0.75000 0.06699
vt 1.00000 0.50000
f 4161/4161 4168/4168 4162/4162
f 4168/4168 4169/4169 4162/4162
f 4162/4162 4169/4169 4163/4163
f 4169/4169 4170/4170 4163/4163
f 4163/4163 4170/4170 4164/4164
f 4170/4170 4171/4171 4164/4164
f 4164/4164 4171/4171 4165/4165
f 4171/4171 4172/4172 4165/4165
f 4165/4165 4172/4172 4166/4166
f 4172/4172 4173/4173 4166/4166
f 4166/4166 4173/4173 4167/4167
f 4173/4173 4174/4174 4167/4167
f 4181/4181 4182/4182 4175/4175
f 4182/4182 4183/4183 4176/4176
f 4183/4183 4184/4184 4177/4177
f 4184/4184 4185/4185 4178/4178
f 4185/4185 4186/4186 4179/4179
f 4186/4186 4187/4187 4180/4180
f 4195/4195 4194/4194 4188/4188
f 4196/4196 4195/4195 4189/4189
f 4197/4197 4196/4196 4190/4190
f 4198/4198 4197/4197 4191/4191
f 4199/4199 4198/4198 4192/4192
f 4200/4200 4199/4199 4193/4193
v -10.09500 0.67500 6.03000
v -10.07768 0.67500 6.02000
v -10.07768 0.67500 6.00000
v -10.09500 0.67500 5.99000
v -10.11232 0.67500 6.00000
v -10.11232 0.67500 6.02000
v -10.09500 0.67500 6.03000
v -10.09500 0.07500 6.03000
v -10.07768 0.07500 6.02000
v -10.07768 0.07500 6.00000
v -10.09500 0.07500 5.99000
v -10.11232 0.07500 6.00000
v -10.11232 0.07500 6.02000
v -10.09500 0.07500 6.03000
v -10.09500 0.67500 6.01000
v -10.09500 0.67500 6.01000
v -10.09500 0.67500 6.01000
v -10.09500 0.67500 6.01000
v -10.09500 0.67500 6.01000
v -10.09500 0.67500 6.01000
v -10.09500 0.67500 6.03000
v -10.07768 0.67500 6.02000
v -10.07768 0.67500 6.00000
v -10.09500 0.67500 5.99000
v -10.11232 0.67500 6.00000
v -10.11232 0.67500 6.02000
v -10.09500 0.67500 6.03000
v -10.09500 0.07500 6.01000
v -10.09500 0.07500 6.01000
v -10.09500 0.07500 6.01000
v -10.09500 0.07500 6.01000
v -10.09500 0.07500 6.01000
v -10.09500 0.07500 6.01000
v -10.09500 0.07500 6.03000
v -10.07768 0.07500 6.02000
v -10.07768 0.07500 6.00000
v -10.09500 0.07500 5.99000
v -10.11232 0.07500 6.00000
v -10.11232 0.07500 6.02000
v -10.09500 0.07500 6.03000
vt 0.00000 0.00000
vt 0.16667 0.00000
vt 0.33333 0.00000
vt 0.50000 0.00000
vt 0.66667 0.00000
vt 0.83333 0.00000
vt 1.00000 0.00000
vt 0.00000 1.00000
vt 0.16667 1.00000
vt 0.33333 1.00000
vt 0.50000 1.00000
vt 0.66667 1.00000
vt 0.83333 1.00000
vt 1.00000 1.00000
vt 0.50000 0.50000
vt 0.50000 0.50000
vt 0.50000 0.50000
vt 0.50000 0.50000
vt 0.50000 0.50000
vt 0.50000 0.50000
vt 1.00000 0.50000
vt 0.75000 0.06699
vt 0.25000 0.06699
vt 0.00000 0.50000
vt 0.25000 0.93301
vt 0.75000 0.93301
vt 1.00000 0.50000
vt 0.50000 0.50000
vt 0.50000 0.50000
vt 0.50000 0.50000
vt 0.50000 0.50000
vt 0.50000 0.50000
vt 0.50000 0.50000
vt 1.00000 0.50000
vt 0.75000 0.93301
vt 0.25000 0.93301
vt 0.00000 0.50000
vt 0.25000 0.06699
vt 0.75000 0.06699
vt 1.00000 0.50000
f 4201/4201 4208/4208 4202/4202
f 4208/4208 4209/4209 4202/4202
f 4202/4202 4209/4209 4203/4203
f 4209/4209 4210/4210 4203/4203
f 4203/4203 4210/4210 4204/4204
f 4210/4210 4211/4211 4204/4204
f 4204/4204 4211/4211 4205/4205
f 4211/4211 4212/4212 4205/4205
f 4205/4205 4212/4212 4206/4206
f 4212/4212 4213/4213 4206/4206
f 4206/4206 4213/4213 4207/4207
f 4213/4213 4214/4214 4207/4207
f 4221/4221 4222/4222 4215/4215
f 4222/4222 4223/4223 4216/4216
f 4223/4223 4224/4224 4217/4217
f 4224/4224 4225/4225 4218/4218
f 4225/4225 4226/4226 4219/4219
f 4226/4226 4227/4227 4220/4220
f 4235/4235 4234/4234 4228/4228
f 4236/4236 4235/4235 4229/4229
f 4237/4237 4236/4236 4230/4230
f 4238/4238 4237/4237 4231/4231
f 4239/4239 4238/4238 4232/4232
f 4240/4240 4239/4239 4233/4233
v -9.77500 0.67500 6.03000
v -9.75768 0.67500 6.02000
v -9.75768 0.67500 6.00000
v -9.77500 0.67500 5.99000
v -9.79232 0.67500 6.00000
v -9.79232 0.67500 6.02000
v -9.77500 0.67500 6.03000
v -9.77500 0.07500 6.03000
v -9.75768 0.07500 6.02000
v -9.75768 0.07500 6.00000
v -9.77500 0.07500 5.99000
v -9.79232 0.07500 6.00000
v -9.79232 0.07500 6.02000
v -9.77500 0.07500 6.03000
v -9.77500 0.67500 6.01000
v -9.77500 0.67500 6.01000
v -9.77500 0.67500 6.01000
v -9.77500 0.67500 6.01000
v -9.77500 0.67500 6.01000
v -9.77500 0.67500 6.01000
v -9.77500 0.67500 6.03000
v -9.75768 0.67500 6.02000
v -9.75768 0.67500 6.00000
v -9.77500 0.67500 5.99000
v -9.79232 0.67500 6.00000
v -9.79232 0.67500 6.02000
v -9.77500 0.67500 6.03000
v -9.77500 0.07500 6.01000
v -9.77500 0.07500 6.01000
v -9.77500 0.07500 6.01000
v -9.77500 0.07500 6.01000
v -9.77500 0.07500 6.01000
v -9.77500 0.07500 6.01000
v -9.77500 0.07500 6.03000
v -9.75768 0.07500 6.02000
v -9.75768 0.07500 6.00000
v -9.77500 0.07500 5.99000
v -9.79232 0.07500 6.00000
v -9.79232 0.07500 6.02000
v -9.77500 0.07500 6.03000
vt 0.00000 0.00000
vt 0.16667 0.00000
vt 0.33333 0.00000
vt 0.50000 0.00000
vt 0.66667 0.00000
vt 0.83333 0.00000
vt 1.00000 0.00000
vt 0.00000 1.00000
vt 0.16667 1.00000
vt 0.33333 1.00000
vt 0.50000 1.00000
vt 0.66667 1.00000
vt 0.83333 1.00000
vt 1.00000 1.00000
vt 0.50000 0.50000
vt 0.50000 0.50000
vt 0.50000 0.50000
vt 0.50000 0.50000
vt 0.50000 0.50000
vt 0.50000 0.50000
vt 1.00000 0.50000
vt 0.75000 0.06699
vt 0.25000 0.06699
vt 0.00000 0.50000
vt 0.25000 0.93301
vt 0.75000 0.93301
vt 1.00000 0.50000
vt 0.50000 0.50000
vt 0.50000 0.50000
vt 0.50000 0.50000
vt 0.50000 0.50000
vt 0.50000 0.50000
vt 0.50000 0.50000
vt 1.00000 0.50000
vt 0.75000 0.93301
vt 0.25000 0.93301
vt 0.00000 0.50000
vt 0.25000 0.06699
vt 0.75000 0.06699
vt 1.00000 0.50000
f 4241/4241 4248/4248 4242/4242
f 4248/4248 4249/4249 4242/4242
f 4242/4242 4249/4249 4243/4243
f 4249/4249 4250/4250 4243/4243
f 4243/4243 4250/4250 4244/4244
f 4250/4250 4251/4251 4244/4244
f 4244/4244 4251/4251 4245/4245
f 4251/4251 4252/4252 4245/4245
f 4245/4245 4252/4252 4246/4246
f 4252/4252 4253/4253 4246/4246
f 4246/4246 4253/4253 4247/4247
f 4253/4253 4254/4254 4247/4247
f 4261/4261 4262/4262 4255/4255
f 4262/4262 4263/4263 4256/4256
f 4263/4263 4264/4264 4257/4257
f 4264/4264 4265/4265 4258/4258
f 4265/4265 4266/4266 4259/4259
f 4266/4266 4267/4267 4260/4260
f 4275/4275 4274/4274 4268/4268
f 4276/4276 4275/4275 4269/4269
f 4277/4277 4276/4276 4270/4270
f 4278/4278 4277/4277 4271/4271
f 4279/4279 4278/4278 4272/4272
f 4280/4280 4279/4279 4273/4273
v -9.45500 0.67500 6.03000
v -9.43768 0.67500 6.02000
v -9.43768 0.67500 6.00000
v -9.45500 0.67500 5.99000
v -9.47232 0.67500 6.00000
v -9.47232 0.67500 6.02000
v -9.45500 0.67500 6.03000
v -9.45500 0.07500 6.03000
v -9.43768 0.07500 6.02000
v -9.43768 0.07500 6.00000
v -9.45500 0.07500 5.99000
v -9.47232 0.07500 6.00000
v -9.47232 0.07500 6.02000
v -9.45500 0.07500 6.03000
v -9.45500 0.67500 6.01000
v -9.45500 0.67500 6.01000
v -9.45500 0.67500 6.01000
v -9.45500 0.67500 6.01000
v -9.45500 0.67500 6.01000
v -9.45500 0.67500 6.01000
v -9.45500 0.67500 6.03000
v -9.43768 0.67500 6.02000
v -9.43768 0.67500 6.00000
v -9.45500 0.67500 5.99000
v -9.47232 0.67500 6.00000
v -9.47232 0.67500 6.02000
v -9.45500 0.67500 6.03000
v -9.45500 0.07500 6.01000
v -9.45500 0.07500 6.01000
v -9.45500 0.07500 6.01000
v -9.45500 0.07500 6.01000
v -9.45500 0.07500 6.01000
v -9.45500 0.07500 6.01000
v -9.45500 0.07500 6.03000
v -9.43768 0.07500 6.02000
v -9.43768 0.07500 6.00000
v -9.45500 0.07500 5.99000
v -9.47232 0.07500 6.00000
v -9.47232 0.07500 6.02000
v -9.45500 0.07500 6.03000
vt 0.00000 0.00000
vt 0.16667 0.00000
vt 0.33333 0.00000
vt 0.50000 0.00000
vt 0.66667 0.00000
vt 0.83333 0.00000
vt 1.00000 0.00000
vt 0.00000 1.00000
vt 0.16667 1.00000
vt 0.33333 1.00000
vt 0.50000 1.00000
vt 0.66667 1.00000
vt 0.83333 1.00000
vt 1.00000 1.00000
vt 0.50000 0.50000
vt 0.50000 0.50000
vt 0.50000 0.50000
vt 0.50000 0.50000
vt 0.50000 0.50000
vt 0.50000 0.50000
vt 1.00000 0.50000
vt 0.75000 0.06699
vt 0.25000 0.06699
vt 0.00000 0.50000
vt 0.25000 0.93301
vt 0.75000 0.93301
vt 1.00000 0.50000
vt 0.50000 0.50000
vt 0.50000 0.50000
vt 0.50000 0.50000
vt 0.50000 0.50000
vt 0.50000 0.50000
vt 0.50000 0.50000
vt 1.00000 0.50000
vt 0.75000 0.93301
vt 0.25000 0.93301
vt 0.00000 0.50000
vt 0.25000 0.06699
vt 0.75000 0.06699
vt 1.00000 0.50000
f 4281/4281 4288/4288 4282/4282
f 4288/4288 4289/4289 4282/4282
f 4282/4282 4289/4289 4283/4283
f 4289/4289 4290/4290 4283/4283
f 4283/4283 4290/4290 4284/4284
f 4290/4290 4291/4291 4284/4284
f 4284/4284 4291/4291 4285/4285
f 4291/4291 4292/4292 4285/4285
f 4285/4285 4292/4292 4286/4286
f 4292/4292 4293/4293 4286/4286
f 4286/4286 4293/4293 4287/4287
f 4293/4293 4294/4294 4287/4287
f 4301/4301 4302/4302 4295/4295
f 4302/4302 4303/4303 4296/4296
f 4303/4303 4304/4304 4297/4297
f 4304/4304 4305/4305 4298/4298
f 4305/4305 4306/4306 4299/4299
f 4306/4306 4307/4307 4300/4300
f 4315/4315 4314/4314 4308/4308
f 4316/4316 4315/4315 4309/4309
f 4317/4317 4316/4316 4310/4310
f 4318/4318 4317/4317 4311/4311
f 4319/4319 4318/4318 4312/4312
f 4320/4320 4319/4319 4313/4313
v -9.13500 0.67500 6.03000
v -9.11768 0.67500 6.02000
v -9.11768 0.67500 6.00000
v -9.13500 0.67500 5.99000
v -9.15232 0.67500 6.00000
v -9.15232 0.67500 6.02000
v -9.13500 0.67500 6.03000
v -9.13500 0.07500 6.03000
v -9.11768 0.07500 6.02000
v -9.11768 0.07500 6.00000
v -9.13500 0.07500 5.99000
v -9.15232 0.07500 6.00000
v -9.15232 0.07500 6.02000
v -9.13500 0.07500 6.03000
v -9.13500 0.67500 6.01000
v -9.13500 0.67500 6.01000
v -9.13500 0.67500 6.01000
v -9.13500 0.67500 6.01000
v -9.13500 0.67500 6.01000
v -9.13500 0.67500 6.01000
v -9.13500 0.67500 6.03000
v -9.11768 0.67500 6.02000
v -9.11768 0.67500 6.00000
v -9.13500 0.67500 5.99000
v -9.15232 0.67500 6.00000
v -9.15232 0.67500 6.02000
v -9.13500 0.67500 6.03000
v -9.13500 0.07500 6.01000
v -9.13500 0.07500 6.01000
v -9.13500 0.07500 6.01000
v -9.13500 0.07500 6.01000
v -9.13500 0.07500 6.01000
v -9.13500 0.07500 6.01000
v -9.13500 0.07500 6.03000
v -9.11768 0.07500 6.02000
v -9.11768 0.07500 6.00000
v -9.13500 0.07500 5.99000
v -9.15232 0.07500 6.00000
v -9.15232 0.07500 6.02000
v -9.13500 0.07500 6.03000
vt 0.00000 0.00000
vt 0.16667 0.00000
vt 0.33333 0.00000
vt 0.50000 0.00000
vt 0.66667 0.00000
vt 0.83333 0.00000
vt 1.00000 0.00000
vt 0.00000 1.00000
vt 0.16667 1.00000
vt 0.33333 1.00000
vt 0.50000 1.00000
vt 0.66667 1.00000
vt 0.83333 1.00000
vt 1.00000 1.00000
vt 0.50000 0.50000
vt 0.50000 0.50000
vt 0.50000 0.50000
vt 0.50000 0.50000
vt 0.50000 0.50000
vt 0.50000 0.50000
vt 1.00000 0.50000
vt 0.75000 0.06699
vt 0.25000 0.06699
vt 0.00000 0.50000
vt 0.25000 0.93301
vt 0.75000 0.93301
vt 1.00000 0.50000
vt 0.50000 0.50000
vt 0.50000 0.50000
vt 0.50000 0.50000
vt 0.50000 0.50000
vt 0.50000 0.50000
vt 0.50000 0.50000
vt 1.00000 0.50000
vt 0.75000 0.93301
vt 0.25000 0.93301
vt 0.00000 0.50000
vt 0.25000 0.06699
vt 0.75000 0.06699
vt 1.00000 0.50000
f 4321/4321 4328/4328 4322/4322
f 4328/4328 4329/4329 4322/4322
f 4322/4322 4329/4329 4323/4323
f 4329/4329 4330/4330 4323/4323
f 4323/4323 4330/4330 4324/4324
f 4330/4330 4331/4331 4324/4324
f 4324/4324 4331/4331 4325/4325
f 4331/4331 4332/4332 4325/4325
f 4325/4325 4332/4332 4326/4326
f 4332/4332 4333/4333 4326/4326
f 4326/4326 4333/4333 4327/4327
f 4333/4333 4334/4334 4327/4327
f 4341/4341 4342/4342 4335/4335
f 4342/4342 4343/4343 4336/4336
f 4343/4343 4344/4344 4337/4337
f 4344/4344 4345/4345 4338/4338
f 4345/4345 4346/4346 4339/4339
f 4346/4346 4347/4347 4340/4340
f 4355/4355 4354/4354 4348/4348
f 4356/4356 4355/4355 4349/4349
f 4357/4357 4356/4356 4350/4350
f 4358/4358 4357/4357 4351/4351
f 4359/4359 4358/4358 4352/4352
f 4360/4360 4359/4359 4353/4353
v -8.81500 0.67500 6.03000
v -8.79768 0.67500 6.02000
v -8.79768 0.67500 6.00000
v -8.81500 0.67500 5.99000
v -8.83232 0.67500 6.00000
v -8.83232 0.67500 6.02000
v -8.81500 0.67500 6.03000
v -8.81500 0.07500 6.03000
v -8.79768 0.07500 6.02000
v -8.79768 0.07500 6.00000
v -8.81500 0.07500 5.99000
v -8.83232 0.07500 6.00000
v -8.83232 0.07500 6.02000
v -8.81500 0.07500 6.03000
v -8.81500 0.67500 6.01000
v -8.81500 0.67500 6.01000
v -8.81500 0.67500 6.01000
v -8.81500 0.67500 6.01000
v -8.81500 0.67500 6.01000
v -8.81500 0.67500 6.01000
v -8.81500 0.67500 6.03000
v -8.79768 0.67500 6.02000
v -8.79768 0.67500 6.00000
v -8.81500 0.67500 5.99000
v -8.83232 0.67500 6.00000
v -8.83232 0.67500 6.02000
v -8.81500 0.67500 6.03000
v -8.81500 0.07500 6.01000
v -8.81500 0.07500 6.01000
v -8.81500 0.07500 6.01000
v -8.81500 0.07500 6.01000
v -8.81500 0.07500 6.01000
v -8.81500 0.07500 6.01000
v -8.81500 0.07500 6.03000
v -8.79768 0.07500 6.02000
v -8.79768 0.07500 6.00000
v -8.81500 0.07500 5.99000
v -8.83232 0.07500 6.00000
v -8.83232 0.07500 6.02000
v -8.81500 0.07500 6.03000
vt 0.00000 0.00000
vt 0.16667 0.00000
vt 0.33333 0.00000
vt 0.50000 0.00000
vt 0.66667 0.00000
vt 0.83333 0.00000
vt 1.00000 0.00000
vt 0.00000 1.00000
vt 0.16667 1.00000
vt 0.33333 1.00000
vt 0.50000 1.00000
vt 0.66667 1.00000
vt 0.83333 1.00000
vt 1.00000 1.00000
vt 0.50000 0.50000
vt 0.50000 0.50000
vt 0.50000 0.50000
vt 0.50000 0.50000
vt 0.50000 0.50000
vt 0.50000 0.50000
vt 1.00000 0.50000
vt 0.75000 0.06699
vt 0.25000 0.06699
vt 0.00000 0.50000
vt 0.25000 0.93301
vt 0.75000 0.93301
vt 1.00000 0.50000
vt 0.50000 0.50000
vt 0.50000 0.50000
vt 0.50000 0.50000
vt 0.50000 0.50000
vt 0.50000 0.50000
vt 0.50000 0.50000
vt 1.00000 0.50000
vt 0.75000 0.93301
vt 0.25000 0.93301
vt 0.00000 0.50000
vt 0.25000 0.06699
vt 0.75000 0.06699
vt 1.00000 0.50000
f 4361/4361 4368/4368 4362/4362
f 4368/4368 4369/4369 4362/4362
f 4362/4362 4369/4369 4363/4363
f 4369/4369 4370/4370 4363/4363
f 4363/4363 4370/4370 4364/4364
f 4370/4370 4371/4371 4364/4364
f 4364/4364 4371/4371 4365/4365
f 4371/4371 4372/4372 4365/4365
f 4365/4365 4372/4372 4366/4366
f 4372/4372 4373/4373 4366/4366
f 4366/4366 4373/4373 4367/4367
f 4373/4373 4374/4374 4367/4367
f 4381/4381 4382/4382 4375/4375
f 4382/4382 4383/4383 4376/4376
f 4383/4383 4384/4384 4377/4377
f 4384/4384 4385/4385 4378/4378
f 4385/4385 4386/4386 4379/4379
f 4386/4386 4387/4387 4380/4380
f 4395/4395 4394/4394 4388/4388
f 4396/4396 4395/4395 4389/4389
f 4397/4397 4396/4396 4390/4390
f 4398/4398 4397/4397 4391/4391
f 4399/4399 4398/4398 4392/4392
f 4400/4400 4399/4399 4393/4393
v -8.49500 0.67500 6.03000
v -8.47768 0.67500 6.02000
v -8.47768 0.67500 6.00000
v -8.49500 0.67500 5.99000
v -8.51232 0.67500 6.00000
v -8.51232 0.67500 6.02000
v -8.49500 0.67500 6.03000
v -8.49500 0.07500 6.03000
v -8.47768 0.07500 6.02000
v -8.47768 0.07500 6.00000
v -8.49500 0.07500 5.99000
v -8.51232 0.07500 6.00000
v -8.51232 0.07500 6.02000
v -8.49500 0.07500 6.03000
v -8.49500 0.67500 6.01000
v -8.49500 0.67500 6.01000
v -8.49500 0.67500 6.01000
v -8.49500 0.67500 6.01000
v -8.49500 0.67500 6.01000
v -8.49500 0.67500 6.01000
v -8.49500 0.67500 6.03000
v -8.47768 0.67500 6.02000
v -8.47768 0.67500 6.00000
v -8.49500 0.67500 5.99000
v -8.51232 0.67500 6.00000
v -8.51232 0.67500 6.02000
v -8.49500 0.67500 6.03000
v -8.49500 0.07500 6.01000
v -8.49500 0.07500 6.01000
v -8.49500 0.07500 6.01000
v -8.49500 0.07500 6.01000
v -8.49500 0.07500 6.01000
v -8.49500 0.07500 6.01000
v -8.49500 0.07500 6.03000
v -8.47768 0.07500 6.02000
v -8.47768 0.07500 6.00000
v -8.49500 0.07500 5.99000
v -8.51232 0.07500 6.00000
v -8.51232 0.07500 6.02000
v -8.49500 0.07500 6.03000
vt 0.00000 0.00000
vt 0.16667 0.00000
vt 0.33333 0.00000
vt 0.50000 0.00000
vt 0.66667 0.00000
vt 0.83333 0.00000
vt 1.00000 0.00000
vt 0.00000 1.00000
vt 0.16667 1.00000
vt 0.33333 1.00000
vt 0.50000 1.00000
vt 0.66667 1.00000
vt 0.83333 1.00000
vt 1.00000 1.00000
vt 0.50000 0.50000
vt 0.50000 0.50000
vt 0.50000 0.50000
vt 0.50000 0.50000
vt 0.50000 0.50000
vt 0.50000 0.50000
vt 1.00000 0.50000
vt 0.75000 0.06699
vt 0.25000 0.06699
vt 0.00000 0.50000
vt 0.25000 0.93301
vt 0.75000 0.93301
vt 1.00000 0.50000
vt 0.50000 0.50000
vt 0.50000 0.50000
vt 0.50000 0.50000
vt 0.50000 0.50000
vt 0.50000 0.50000
vt 0.50000 0.50000
vt 1.00000 0.50000
vt 0.75000 0.93301
vt 0.25000 0.93301
vt 0.00000 0.50000
vt 0.25000 0.06699
vt 0.75000 0.06699
vt 1.00000 0.50000
f 4401/4401 4408/4408 4402/4402
f 4408/4408 4409/4409 4402/4402
f 4402/4402 4409/4409 4403/4403
f 4409/4409 4410/4410 4403/4403
f 4403/4403 4410/4410 4404/4404
f 4410/4410 4411/4411 4404/4404
f 4404/4404 4411/4411 4405/4405
f 4411/4411 4412/4412 4405/4405
f 4405/4405 4412/4412 4406/4406
f 4412/4412 4413/4413 4406/4406
f 4406/4406 4413/4413 4407/4407
f 4413/4413 4414/4414 4407/4407
f 4421/4421 4422/4422 4415/4415
f 4422/4422 4423/4423 4416/4416
f 4423/4423 4424/4424 4417/4417
f 4424/4424 4425/4425 4418/4418
f 4425/4425 4426/4426 4419/4419
f 4426/4426 4427/4427 4420/4420
f 4435/4435 4434/4434 4428/4428
f 4436/4436 4435/4435 4429/4429
f 4437/4437 4436/4436 4430/4430
f 4438/4438 4437/4437 4431/4431
f 4439/4439 4438/4438 4432/4432
f 4440/4440 4439/4439 4433/4433
v -8.17500 0.67500 6.03000
v -8.15768 0.67500 6.02000
v -8.15768 0.67500 6.00000
v -8.17500 0.67500 5.99000
v -8.19232 0.67500 6.00000
v -8.19232 0.67500 6.02000
v -8.17500 0.67500 6.03000
v -8.17500 0.07500 6.03000
v -8.15768 0.07500 6.02000
v -8.15768 0.07500 6.00000
v -8.17500 0.07500 5.99000
v -8.19232 0.07500 6.00000
v -8.19232 0.07500 6.02000
v -8.17500 0.07500 6.03000
v -8.17500 0.67500 6.01000
v -8.17500 0.67500 6.01000
v -8.17500 0.67500 6.01000
v -8.17500 0.67500 6.01000
v -8.17500 0.67500 6.01000
v -8.17500 0.67500 6.01000
v -8.17500 0.67500 6.03000
v -8.15768 0.67500 6.02000
v -8.15768 0.67500 6.00000
v -8.17500 0.67500 5.99000
v -8.19232 0.67500 6.00000
v -8.19232 0.67500 6.02000
v -8.17500 0.67500 6.03000
v -8.17500 0.07500 6.01000
v -8.17500 0.07500 6.01000
v -8.17500 0.07500 6.01000
v -8.17500 0.07500 6.01000
v -8.17500 0.07500 6.01000
v -8.17500 0.07500 6.01000
v -8.17500 0.07500 6.03000
v -8.15768 0.07500 6.02000
v -8.15768 0.07500 6.00000
v -8.17500 0.07500 5.99000
v -8.19232 0.07500 6.00000
v -8.19232 0.07500 6.02000
v -8.17500 0.07500 6.03000
vt 0.00000 0.00000
vt 0.16667 0.00000
vt 0.33333 0.00000
vt 0.50000 0.00000
vt 0.66667 0.00000
vt 0.83333 0.00000
vt 1.00000 0.00000
vt 0.00000 1.00000
vt 0.16667 1.00000
vt 0.33333 1.00000
vt 0.50000 1.00000
vt 0.66667 1.00000
vt 0.83333 1.00000
vt 1.00000 1.00000
vt 0.50000 0.50000
vt 0.50000 0.50000
vt 0.50000 0.50000
vt 0.50000 0.50000
vt 0.50000 0.50000
vt 0.50000 0.50000
vt 1.00000 0.50000
vt 0.75000 0.06699
vt 0.25000 0.06699
vt 0.00000 0.50000
vt 0.25000 0.93301
vt 0.75000 0.93301
vt 1.00000 0.50000
vt 0.50000 0.50000
vt 0.50000 0.50000
vt 0.50000 0.50000
vt 0.50000 0.50000
vt 0.50000 0.50000
vt 0.50000 0.50000
vt 1.00000 0.50000
vt 0.75000 0.93301
vt 0.25000 0.93301
vt 0.00000 0.50000
vt 0.25000 0.06699
vt 0.75000 0.06699
vt 1.00000 0.50000
f 4441/4441 4448/4448 4442/4442
f 4448/4448 4449/4449 4442/4442
f 4442/4442 4449/4449 4443/4443
f 4449/4449 4450/4450 4443/4443
f 4443/4443 4450/4450 4444/4444
f 4450/4450 4451/4451 4444/4444
f 4444/4444 4451/4451 4445/4445
f 4451/4451 4452/4452 4445/4445
f 4445/4445 4452/4452 4446/4446
f 4452/4452 4453/4453 4446/4446
f 4446/4446 4453/4453 4447/4447
f 4453/4453 4454/4454 4447/4447
f 4461/4461 4462/4462 4455/4455
f 4462/4462 4463/4463 4456/4456
f 4463/4463 4464/4464 4457/4457
f 4464/4464 4465/4465 4458/4458
f 4465/4465 4466/4466 4459/4459
f 4466/4466 4467/4467 4460/4460
f 4475/4475 4474/4474 4468/4468
f 4476/4476 4475/4475 4469/4469
f 4477/4477 4476/4476 4470/4470
f 4478/4478 4477/4477 4471/4471
f 4479/4479 4478/4478 4472/4472
f 4480/4480 4479/4479 4473/4473
v -7.85500 0.67500 6.03000
v -7.83768 0.67500 6.02000
v -7.83768 0.67500 6.00000
v -7.85500 0.67500 5.99000
v -7.87232 0.67500 6.00000
v -7.87232 0.67500 6.02000
v -7.85500 0.67500 6.03000
v -7.85500 0.07500 6.03000
v -7.83768 0.07500 6.02000
v -7.83768 0.07500 6.00000
v -7.85500 0.07500 5.99000
v -7.87232 0.07500 6.00000
v -7.87232 0.07500 6.02000
v -7.85500 0.07500 6.03000
v -7.85500 0.67500 6.01000
v -7.85500 0.67500 6.01000
v -7.85500 0.67500 6.01000
v -7.85500 0.67500 6.01000
v -7.85500 0.67500 6.01000
v -7.85500 0.67500 6.01000
v -7.85500 0.67500 6.03000
v -7.83768 0.67500 6.02000
v -7.83768 0.67500 6.00000
v -7.85500 0.67500 5.99000
v -7.87232 0.67500 6.00000
v -7.87232 0.67500 6.02000
v -7.85500 0.67500 6.03000
v -7.85500 0.07500 6.01000
v -7.85500 0.07500 6.01000
v -7.85500 0.07500 6.01000
v -7.85500 0.07500 6.01000
v -7.85500 0.07500 6.01000
v -7.85500 0.07500 6.01000
v -7.85500 0.07500 6.03000
v -7.83768 0.07500 6.02000
v -7.83768 0.07500 6.00000
v -7.85500 0.07500 5.99000
v -7.87232 0.07500 6.00000
v -7.87232 0.07500 6.02000
v -7.85500 0.07500 6.03000
vt 0.00000 0.00000
vt 0.16667 0.00000
vt 0.33333 0.00000
vt 0.50000 0.00000
vt 0.66667 0.00000
vt 0.83333 0.00000
vt 1.00000 0.00000
vt 0.00000 1.00000
vt 0.16667 1.00000
vt 0.33333 1.00000
vt 0.50000 1.00000
vt 0.66667 1.00000
vt 0.83333 1.00000
vt 1.00000 1.00000
vt 0.50000 0.50000
vt 0.50000 0.50000
vt 0.50000 0.50000
vt 0.50000 0.50000
vt 0.50000 0.50000
vt 0.50000 0.50000
vt 1.00000 0.50000
vt 0.75000 0.06699
vt 0.25000 0.06699
vt 0.00000 0.50000
vt 0.25000 0.93301
vt 0.75000 0.93301
vt 1.00000 0.50000
vt 0.50000 0.50000
vt 0.50000 0.50000
vt 0.50000 0.50000
vt 0.50000 0.50000
vt 0.50000 0.50000
vt 0.50000 0.50000
vt 1.00000 0.50000
vt 0.75000 0.93301
vt 0.25000 0.93301
vt 0.00000 0.50000
vt 0.25000 0.06699
vt 0.75000 0.06699
vt 1.00000 0.50000
f 4481/4481 4488/4488 4482/4482
f 4488/4488 4489/4489 4482/4482
f 4482/4482 4489/4489 4483/4483
f 4489/4489 4490/4490 4483/4483
f 4483/4483 4490/4490 4484/4484
f 4490/4490 4491/4491 4484/4484
f 4484/4484 4491/4491 4485/4485
f 4491/4491 4492/4492 4485/4485
f 4485/4485 4492/4492 4486/4486
f 4492/4492 4493/4493 4486/4486
f 4486/4486 4493/4493 4487/4487
f 4493/4493 4494/4494 4487/4487
f 4501/4501 4502/4502 4495/4495
f 4502/4502 4503/4503 4496/4496
f 4503/4503 4504/4504 4497/4497
f 4504/4504 4505/4505 4498/4498
f 4505/4505 4506/4506 4499/4499
f 4506/4506 4507/4507 4500/4500
f 4515/4515 4514/4514 4508/4508
f 4516/4516 4515/4515 4509/4509
f 4517/4517 4516/4516 4510/4510
f 4518/4518 4517/4517 4511/4511
f 4519/4519 4518/4518 4512/4512
f 4520/4520 4519/4519 4513/4513
v -7.53500 0.67500 6.03000
v -7.51768 0.67500 6.02000
v -7.51768 0.67500 6.00000
v -7.53500 0.67500 5.99000
v -7.55232 0.67500 6.00000
v -7.55232 0.67500 6.02000
v -7.53500 0.67500 6.03000
v -7.53500 0.07500 6.03000
v -7.51768 0.07500 6.02000
v -7.51768 0.07500 6.00000
v -7.53500 0.07500 5.99000
v -7.55232 0.07500 6.00000
v -7.55232 0.07500 6.02000
v -7.53500 0.07500 6.03000
v -7.53500 0.67500 6.01000
v -7.53500 0.67500 6.01000
v -7.53500 0.67500 6.01000
v -7.53500 0.67500 6.01000
v -7.53500 0.67500 6.01000
v -7.53500 0.67500 6.01000
v -7.53500 0.67500 6.03000
v -7.51768 0.67500 6.02000
v -7.51768 0.67500 6.00000
v -7.53500 0.67500 5.99000
v -7.55232 0.67500 6.00000
v -7.55232 0.67500 6.02000
v -7.53500 0.67500 6.03000
v -7.53500 0.07500 6.01000
v -7.53500 0.07500 6.01000
v -7.53500 0.07500 6.01000
v -7.53500 0.07500 6.01000
v -7.53500 0.07500 6.01000
v -7.53500 0.07500 6.01000
v -7.53500 0.07500 6.03000
v -7.51768 0.07500 6.02000
v -7.51768 0.07500 6.00000
v -7.53500 0.07500 5.99000
v -7.55232 0.07500 6.00000
v -7.55232 0.07500 6.02000
v -7.53500 0.07500 6.03000
vt 0.00000 0.00000
vt 0.16667 0.00000
vt 0.33333 0.00000
vt 0.50000 0.00000
vt 0.66667 0.00000
vt 0.83333 0.00000
vt 1.00000 0.00000
vt 0.00000 1.00000
vt 0.16667 1.00000
vt 0.33333 1.00000
vt 0.50000 1.00000
vt 0.66667 1.00000
vt 0.83333 1.00000
vt 1.00000 1.00000
vt 0.50000 0.50000
vt 0.50000 0.50000
vt 0.50000 0.50000
vt 0.50000 0.50000
vt 0.50000 0.50000
vt 0.50000 0.50000
vt 1.00000 0.50000
vt 0.75000 0.06699
vt 0.25000 0.06699
vt 0.00000 0.50000
vt 0.25000 0.93301
vt 0.75000 0.93301
vt 1.00000 0.50000
vt 0.50000 0.50000
vt 0.50000 0.50000
vt 0.50000 0.50000
vt 0.50000 0.50000
vt 0.50000 0.50000
vt 0.50000 0.50000
vt 1.00000 0.50000
vt 0.75000 0.93301
vt 0.25000 0.93301
vt 0.00000 0.50000
vt 0.25000 0.06699
vt 0.75000 0.06699
vt 1.00000 0.50000
f 4521/4521 4528/4528 4522/4522
f 4528/4528 4529/4529 4522/4522
f 4522/4522 4529/4529 4523/4523
f 4529/4529 4530/4530 4523/4523
f 4523/4523 4530/4530 4524/4524
f 4530/4530 4531/4531 4524/4524
f 4524/4524 4531/4531 4525/4525
f 4531/4531 4532/4532 4525/4525
f 4525/4525 4532/4532 4526/4526
f 4532/4532 4533/4533 4526/4526
f 4526/4526 4533/4533 4527/4527
f 4533/4533 4534/4534 4527/4527
f 4541/4541 4542/4542 4535/4535
f 4542/4542 4543/4543 4536/4536
f 4543/4543 4544/4544 4537/4537
f 4544/4544 4545/4545 4538/4538
f 4545/4545 4546/4546 4539/4539
f 4546/4546 4547/4547 4540/4540
f 4555/4555 4554/4554 4548/4548
f 4556/4556 4555/4555 4549/4549
f 4557/4557 4556/4556 4550/4550
f 4558/4558 4557/4557 4551/4551
f 4559/4559 4558/4558 4552/4552
f 4560/4560 4559/4559 4553/4553
v -7.21500 0.67500 6.03000
v -7.19768 0.67500 6.02000
v -7.19768 0.67500 6.00000
v -7.21500 0.67500 5.99000
v -7.23232 0.67500 6.00000
v -7.23232 0.67500 6.02000
v -7.21500 0.67500 6.03000
v -7.21500 0.07500 6.03000
v -7.19768 0.07500 6.02000
v -7.19768 0.07500 6.00000
v -7.21500 0.07500 5.99000
v -7.23232 0.07500 6.00000
v -7.23232 0.07500 6.02000
v -7.21500 0.07500 6.03000
v -7.21500 0.67500 6.01000
v -7.21500 0.67500 6.01000
v -7.21500 0.67500 6.01000
v -7.21500 0.67500 6.01000
v -7.21500 0.67500 6.01000
v -7.21500 0.67500 6.01000
v -7.21500 0.67500 6.03000
v -7.19768 0.67500 6.02000
v -7.19768 0.67500 6.00000
v -7.21500 0.67500 5.99000
v -7.23232 0.67500 6.00000
v -7.23232 0.67500 6.02000
v -7.21500 0.67500 6.03000
v -7.21500 0.07500 6.01000
v -7.21500 0.07500 6.01000
v -7.21500 0.07500 6.01000
v -7.21500 0.07500 6.01000
v -7.21500 0.07500 6.01000
v -7.21500 0.07500 6.01000
v -7.21500 0.07500 6.03000
v -7.19768 0.07500 6.02000
v -7.19768 0.07500 6.00000
v -7.21500 0.07500 5.99000
v -7.23232 0.07500 6.00000
v -7.23232 0.07500 6.02000
v -7.21500 0.07500 6.03000
vt 0.00000 0.00000
vt 0.16667 0.00000
vt 0.33333 0.00000
vt 0.50000 0.00000
vt 0.66667 0.00000
vt 0.83333 0.00000
vt 1.00000 0.00000
vt 0.00000 1.00000
vt 0.16667 1.00000
vt 0.33333 1.00000
vt 0.50000 1.00000
vt 0.66667 1.00000
vt 0.83333 1.00000
vt 1.00000 1.00000
vt 0.50000 0.50000
vt 0.50000 0.50000
vt 0.50000 0.50000
vt 0.50000 0.50000
vt 0.50000 0.50000
vt 0.50000 0.50000
vt 1.00000 0.50000
vt 0.75000 0.06699
vt 0.25000 0.06699
vt 0.00000 0.50000
vt 0.25000 0.93301
vt 0.75000 0.93301
vt 1.00000 0.50000
vt 0.50000 0.50000
vt 0.50000 0.50000
vt 0.50000 0.50000
vt 0.50000 0.50000
vt 0.50000 0.50000
vt 0.50000 0.50000
vt 1.00000 0.50000
vt 0.75000 0.93301
vt 0.25000 0.93301
vt 0.00000 0.50000
vt 0.25000 0.06699
vt 0.75000 0.06699
vt 1.00000 0.50000
f 4561/4561 4568/4568 4562/4562
f 4568/4568 4569/4569 4562/4562
f 4562/4562 4569/4569 4563/4563
f 4569/4569 4570/4570 4563/4563
f 4563/4563 4570/4570 4564/4564
f 4570/4570 4571/4571 4564/4564
f 4564/4564 4571/4571 4565/4565
f 4571/4571 4572/4572 4565/4565
f 4565/4565 4572/4572 4566/4566
f 4572/4572 4573/4573 4566/4566
f 4566/4566 4573/4573 4567/4567
f 4573/4573 4574/4574 4567/4567
f 4581/4581 4582/4582 4575/4575
f 4582/4582 4583/4583 4576/4576
f 4583/4583 4584/4584 4577/4577
f 4584/4584 4585/4585 4578/4578
f 4585/4585 4586/4586 4579/4579
f 4586/4586 4587/4587 4580/4580
f 4595/4595 4594/4594 4588/4588
f 4596/4596 4595/4595 4589/4589
f 4597/4597 4596/4596 4590/4590
f 4598/4598 4597/4597 4591/4591
f 4599/4599 4598/4598 4592/4592
f 4600/4600 4599/4599 4593/4593
v -6.89500 0.67500 6.03000
v -6.87768 0.67500 6.02000
v -6.87768 0.67500 6.00000
v -6.89500 0.67500 5.99000
v -6.91232 0.67500 6.00000
v -6.91232 0.67500 6.02000
v -6.89500 0.67500 6.03000
v -6.89500 0.07500 6.03000
v -6.87768 0.07500 6.02000
v -6.87768 0.07500 6.00000
v -6.89500 0.07500 5.99000
v -6.91232 0.07500 6.00000
v -6.91232 0.07500 6.02000
v -6.89500 0.07500 6.03000
v -6.89500 0.67500 6.01000
v -6.89500 0.67500 6.01000
v -6.89500 0.67500 6.01000
v -6.89500 0.67500 6.01000
v -6.89500 0.67500 6.01000
v -6.89500 0.67500 6.01000
v -6.89500 0.67500 6.03000
v -6.87768 0.67500 6.02000
v -6.87768 0.67500 6.00000
v -6.89500 0.67500 5.99000
v -6.91232 0.67500 6.00000
v -6.91232 0.67500 6.02000
v -6.89500 0.67500 6.03000
v -6.89500 0.07500 6.01000
v -6.89500 0.07500 6.01000
v -6.89500 0.07500 6.01000
v -6.89500 0.07500 6.01000
v -6.89500 0.07500 6.01000
v -6.89500 0.07500 6.01000
v -6.89500 0.07500 6.03000
v -6.87768 0.07500 6.02000
v -6.87768 0.07500 6.00000
v -6.89500 0.07500 5.99000
v -6.91232 0.07500 6.00000
v -6.91232 0.07500 6.02000
v -6.89500 0.07500 6.03000
vt 0.00000 0.00000
vt 0.16667 0.00000
vt 0.33333 0.00000
vt 0.50000 0.00000
vt 0.66667 0.00000
vt 0.83333 0.00000
vt 1.00000 0.00000
vt 0.00000 1.00000
vt 0.16667 1.00000
vt 0.33333 1.00000
vt 0.50000 1.00000
vt 0.66667 1.00000
vt 0.83333 1.00000
vt 1.00000 1.00000
vt 0.50000 0.50000
vt 0.50000 0.50000
vt 0.50000 0.50000
vt 0.50000 0.50000
vt 0.50000 0.50000
vt 0.50000 0.50000
vt 1.00000 0.50000
vt 0.75000 0.06699
vt 0.25000 0.06699
vt 0.00000 0.50000
vt 0.25000 0.93301
vt 0.75000 0.93301
vt 1.00000 0.50000
vt 0.50000 0.50000
vt 0.50000 0.50000
vt 0.50000 0.50000
vt 0.50000 0.50000
vt 0.50000 0.50000
vt 0.50000 0.50000
vt 1.00000 0.50000
vt 0.75000 0.93301
vt 0.25000 0.93301
vt 0.00000 0.50000
vt 0.25000 0.06699
vt 0.75000 0.06699
vt 1.00000 0.50000
f 4601/4601 4608/4608 4602/4602
f 4608/4608 4609/4609 4602/4602
f 4602/4602 4609/4609 4603/4603
f 4609/4609 4610/4610 4603/4603
f 4603/4603 4610/4610 4604/4604
f 4610/4610 4611/4611 4604/4604
f 4604/4604 4611/4611 4605/4605
f 4611/4611 4612/4612 4605/4605
f 4605/4605 4612/4612 4606/4606
f 4612/4612 4613/4613 4606/4606
f 4606/4606 4613/4613 4607/4607
f 4613/4613 4614/4614 4607/4607
f 4621/4621 4622/4622 4615/4615
f 4622/4622 4623/4623 4616/4616
f 4623/4623 4624/4624 4617/4617
f 4624/4624 4625/4625 4618/4618
f 4625/4625 4626/4626 4619/4619
f 4626/4626 4627/4627 4620/4620
f 4635/4635 4634/4634 4628/4628
f 4636/4636 4635/4635 4629/4629
f 4637/4637 4636/4636 4630/4630
f 4638/4638 4637/4637 4631/4631
f 4639/4639 4638/4638 4632/4632
f 4640/4640 4639/4639 4633/4633
v -6.57500 0.67500 6.03000
v -6.55768 0.67500 6.02000
v -6.55768 0.67500 6.00000
v -6.57500 0.67500 5.99000
v -6.59232 0.67500 6.00000
v -6.59232 0.67500 6.02000
v -6.57500 0.67500 6.03000
v -6.57500 0.07500 6.03000
v -6.55768 0.07500 6.02000
v -6.55768 0.07500 6.00000
v -6.57500 0.07500 5.99000
v -6.59232 0.07500 6.00000
v -6.59232 0.07500 6.02000
v -6.57500 0.07500 6.03000
v -6.57500 0.67500 6.01000
v -6.57500 0.67500 6.01000
v -6.57500 0.67500 6.01000
v -6.57500 0.67500 6.01000
v -6.57500 0.67500 6.01000
v -6.57500 0.67500 6.01000
v -6.57500 0.67500 6.03000
v -6.55768 0.67500 6.02000
v -6.55768 0.67500 6.00000
v -6.57500 0.67500 5.99000
v -6.59232 0.67500 6.00000
v -6.59232 0.67500 6.02000
v -6.57500 0.67500 6.03000
v -6.57500 0.07500 6.01000
v -6.57500 0.07500 6.01000
v -6.57500 0.07500 6.01000
v -6.57500 0.07500 6.01000
v -6.57500 0.07500 6.01000
v -6.57500 0.07500 6.01000
v -6.57500 0.07500 6.03000
v -6.55768 0.07500 6.02000
v -6.55768 0.07500 6.00000
v -6.57500 0.07500 5.99000
v -6.59232 0.07500 6.00000
v -6.59232 0.07500 6.02000
v -6.57500 0.07500 6.03000
vt 0.00000 0.00000
vt 0.16667 0.00000
vt 0.33333 0.00000
vt 0.50000 0.00000
vt 0.66667 0.00000
vt 0.83333 0.00000
vt 1.00000 0.00000
vt 0.00000 1.00000
vt 0.16667 1.00000
vt 0.33333 1.00000
vt 0.50000 1.00000
vt 0.66667 1.00000
vt 0.83333 1.00000
vt 1.00000 1.00000
vt 0.50000 0.50000
vt 0.50000 0.50000
vt 0.50000 0.50000
vt 0.50000 0.50000
vt 0.50000 0.50000
vt 0.50000 0.50000
vt 1.00000 0.50000
vt 0.75000 0.06699
vt 0.25000 0.06699
vt 0.00000 0.50000
vt 0.25000 0.93301
vt 0.75000 0.93301
vt 1.00000 0.50000
vt 0.50000 0.50000
vt 0.50000 0.50000
vt 0.50000 0.50000
vt 0.50000 0.50000
vt 0.50000 0.50000
vt 0.50000 0.50000
vt 1.00000 0.50000
vt 0.75000 0.93301
vt 0.25000 0.93301
vt 0.00000 0.50000
vt 0.25000 0.06699
vt 0.75000 0.06699
vt 1.00000 0.50000
f 4641/4641 4648/4648 4642/4642
f 4648/4648 4649/4649 4642/4642
f 4642/4642 4649/4649 4643/4643
f 4649/4649 4650/4650 4643/4643
f 4643/4643 4650/4650 4644/4644
f 4650/4650 4651/4651 4644/4644
f 4644/4644 4651/4651 4645/4645
f 4651/4651 4652/4652 4645/4645
f 4645/4645 4652/4652 4646/4646
f 4652/4652 4653/4653 4646/4646
f 4646/4646 4653/4653 4647/4647
f 4653/4653 4654/4654 4647/4647
f 4661/4661 4662/4662 4655/4655
f 4662/4662 4663/4663 4656/4656
f 4663/4663 4664/4664 4657/4657
f 4664/4664 4665/4665 4658/4658
f 4665/4665 4666/4666 4659/4659
f 4666/4666 4667/4667 4660/4660
f 4675/4675 4674/4674 4668/4668
f 4676/4676 4675/4675 4669/4669
f 4677/4677 4676/4676 4670/4670
f 4678/4678 4677/4677 4671/4671
f 4679/4679 4678/4678 4672/4672
f 4680/4680 4679/4679 4673/4673
v -6.25500 0.67500 6.03000
v -6.23768 0.67500 6.02000
v -6.23768 0.67500 6.00000
v -6.25500 0.67500 5.99000
v -6.27232 0.67500 6.00000
v -6.27232 0.67500 6.02000
v -6.25500 0.67500 6.03000
v -6.25500 0.07500 6.03000
v -6.23768 0.07500 6.02000
v -6.23768 0.07500 6.00000
v -6.25500 0.07500 5.99000
v -6.27232 0.07500 6.00000
v -6.27232 0.07500 6.02000
v -6.25500 0.07500 6.03000
v -6.25500 0.67500 6.01000
v -6.25500 0.67500 6.01000
v -6.25500 0.67500 6.01000
v -6.25500 0.67500 6.01000
v -6.25500 0.67500 6.01000
v -6.25500 0.67500 6.01000
v -6.25500 0.67500 6.03000
v -6.23768 0.67500 6.02000
v -6.23768 0.67500 6.00000
v -6.25500 0.67500 5.99000
v -6.27232 0.67500 6.00000
v -6.27232 0.67500 6.02000
v -6.25500 0.67500 6.03000
v -6.25500 0.07500 6.01000
v -6.25500 0.07500 6.01000
v -6.25500 0.07500 6.01000
v -6.25500 0.07500 6.01000
v -6.25500 0.07500 6.01000
v -6.25500 0.07500 6.01000
v -6.25500 0.07500 6.03000
v -6.23768 0.07500 6.02000
v -6.23768 0.07500 6.00000
v -6.25500 0.07500 5.99000
v -6.27232 0.07500 6.00000
v -6.27232 0.07500 6.02000
v -6.25500 0.07500 6.03000
vt 0.00000 0.00000
vt 0.16667 0.00000
vt 0.33333 0.00000
vt 0.50000 0.00000
vt 0.66667 0.00000
vt 0.83333 0.00000
vt 1.00000 0.00000
vt 0.00000 1.00000
vt 0.16667 1.00000
vt 0.33333 1.00000
vt 0.50000 1.00000
vt 0.66667 1.00000
vt 0.83333 1.00000
vt 1.00000 1.00000
vt 0.50000 0.50000
vt 0.50000 0.50000
vt 0.50000 0.50000
vt 0.50000 0.50000
vt 0.50000 0.50000
vt 0.50000 0.50000
vt 1.00000 0.50000
vt 0.75000 0.06699
vt 0.25000 0.06699
vt 0.00000 0.50000
vt 0.25000 0.93301
vt 0.75000 0.93301
vt 1.00000 0.50000
vt 0.50000 0.50000
vt 0.50000 0.50000
vt 0.50000 0.50000
vt 0.50000 0.50000
vt 0.50000 0.50000
vt 0.50000 0.50000
vt 1.00000 0.50000
vt 0.75000 0.93301
vt 0.25000 0.93301
vt 0.00000 0.50000
vt 0.25000 0.06699
vt 0.75000 0.06699
vt 1.00000 0.50000
f 4681/4681 4688/4688 4682/4682
f 4688/4688 4689/4689 4682/4682
f 4682/4682 4689/4689 4683/4683
f 4689/4689 4690/4690 4683/4683
f 4683/4683 4690/4690 4684/4684
f 4690/4690 4691/4691 4684/4684
f 4684/4684 4691/4691 4685/4685
f 4691/4691 4692/4692 4685/4685
f 4685/4685 4692/4692 4686/4686
f 4692/4692 4693/4693 4686/4686
f 4686/4686 4693/4693 4687/4687
f 4693/4693 4694/4694 4687/4687
f 4701/4701 4702/4702 4695/4695
f 4702/4702 4703/4703 4696/4696
f 4703/4703 4704/4704 4697/4697
f 4704/4704 4705/4705 4698/4698
f 4705/4705 4706/4706 4699/4699
f 4706/4706 4707/4707 4700/4700
f 4715/4715 4714/4714 4708/4708
f 4716/4716 4715/4715 4709/4709
f 4717/4717 4716/4716 4710/4710
f 4718/4718 4717/4717 4711/4711
f 4719/4719 4718/4718 4712/4712
f 4720/4720 4719/4719 4713/4713
v -5.93500 0.67500 6.03000
v -5.91768 0.67500 6.02000
v -5.91768 0.67500 6.00000
v -5.93500 0.67500 5.99000
v -5.95232 0.67500 6.00000
v -5.95232 0.67500 6.02000
v -5.93500 0.67500 6.03000
v -5.93500 0.07500 6.03000
v -5.91768 0.07500 6.02000
v -5.91768 0.07500 6.00000
v -5.93500 0.07500 5.99000
v -5.95232 0.07500 6.00000
v -5.95232 0.07500 6.02000
v -5.93500 0.07500 6.03000
v -5.93500 0.67500 6.01000
v -5.93500 0.67500 6.01000
v -5.93500 0.67500 6.01000
v -5.93500 0.67500 6.01000
v -5.93500 0.67500 6.01000
v -5.93500 0.67500 6.01000
v -5.93500 0.67500 6.03000
v -5.91768 0.67500 6.02000
v -5.91768 0.67500 6.00000
v -5.93500 0.67500 5.99000
v -5.95232 0.67500 6.00000
v -5.95232 0.67500 6.02000
v -5.93500 0.67500 6.03000
v -5.93500 0.07500 6.01000
v -5.93500 0.07500 6.01000
v -5.93500 0.07500 6.01000
v -5.93500 0.07500 6.01000
v -5.93500 0.07500 6.01000
v -5.93500 0.07500 6.01000
v -5.93500 0.07500 6.03000
v -5.91768 0.07500 6.02000
v -5.91768 0.07500 6.00000
v -5.93500 0.07500 5.99000
v -5.95232 0.07500 6.00000
v -5.95232 0.07500 6.02000
v -5.93500 0.07500 6.03000
vt 0.00000 0.00000
vt 0.16667 0.00000
vt 0.33333 0.00000
vt 0.50000 0.00000
vt 0.66667 0.00000
vt 0.83333 0.00000
vt 1.00000 0.00000
vt 0.00000 1.00000
vt 0.16667 1.00000
vt 0.33333 1.00000
vt 0.50000 1.00000
vt 0.66667 1.00000
vt 0.83333 1.00000
vt 1.00000 1.00000
vt 0.50000 0.50000
vt 0.50000 0.50000
vt 0.50000 0.50000
vt 0.50000 0.50000
vt 0.50000 0.50000
vt 0.50000 0.50000
vt 1.00000 0.50000
vt 0.75000 0.06699
vt 0.25000 0.06699
vt 0.00000 0.50000
vt 0.25000 0.93301
vt 0.75000 0.93301
vt 1.00000 0.50000
vt 0.50000 0.50000
vt 0.50000 0.50000
vt 0.50000 0.50000
vt 0.50000 0.50000
vt 0.50000 0.50000
vt 0.50000 0.50000
vt 1.00000 0.50000
vt 0.75000 0.93301
vt 0.25000 0.93301
vt 0.00000 0.50000
vt 0.25000 0.06699
vt 0.75000 0.06699
vt 1.00000 0.50000
f 4721/4721 4728/4728 4722/4722
f 4728/4728 4729/4729 4722/4722
f 4722/4722 4729/4729 4723/4723
f 4729/4729 4730/4730 4723/4723
f 4723/4723 4730/4730 4724/4724
f 4730/4730 4731/4731 4724/4724
f 4724/4724 4731/4731 4725/4725
f 4731/4731 4732/4732 4725/4725
f 4725/4725 4732/4732 4726/4726
f 4732/4732 4733/4733 4726/4726
f 4726/4726 4733/4733 4727/4727
f 4733/4733 4734/4734 4727/4727
f 4741/4741 4742/4742 4735/4735
f 4742/4742 4743/4743 4736/4736
f 4743/4743 4744/4744 4737/4737
f 4744/4744 4745/4745 4738/4738
f 4745/4745 4746/4746 4739/4739
f 4746/4746 4747/4747 4740/4740
f 4755/4755 4754/4754 4748/4748
f 4756/4756 4755/4755 4749/4749
f 4757/4757 4756/4756 4750/4750
f 4758/4758 4757/4757 4751/4751
f 4759/4759 4758/4758 4752/4752
f 4760/4760 4759/4759 4753/4753
v -5.61500 0.67500 6.03000
v -5.59768 0.67500 6.02000
v -5.59768 0.67500 6.00000
v -5.61500 0.67500 5.99000
v -5.63232 0.67500 6.00000
v -5.63232 0.67500 6.02000
v -5.61500 0.67500 6.03000
v -5.61500 0.07500 6.03000
v -5.59768 0.07500 6.02000
v -5.59768 0.07500 6.00000
v -5.61500 0.07500 5.99000
v -5.63232 0.07500 6.00000
v -5.63232 0.07500 6.02000
v -5.61500 0.07500 6.03000
v -5.61500 0.67500 6.01000
v -5.61500 0.67500 6.01000
v -5.61500 0.67500 6.01000
v -5.61500 0.67500 6.01000
v -5.61500 0.67500 6.01000
v -5.61500 0.67500 6.01000
v -5.61500 0.67500 6.03000
v -5.59768 0.67500 6.02000
v -5.59768 0.67500 6.00000
v -5.61500 0.67500 5.99000
v -5.63232 0.67500 6.00000
v -5.63232 0.67500 6.02000
v -5.61500 0.67500 6.03000
v -5.61500 0.07500 6.01000
v -5.61500 0.07500 6.01000
v -5.61500 0.07500 6.01000
v -5.61500 0.07500 6.01000
v -5.61500 0.07500 6.01000
v -5.61500 0.07500 6.01000
v -5.61500 0.07500 6.03000
v -5.59768 0.07500 6.02000
v -5.59768 0.07500 6.00000
v -5.61500 0.07500 5.99000
v -5.63232 0.07500 6.00000
v -5.63232 0.07500 6.02000
v -5.61500 0.07500 6.03000
vt 0.00000 0.00000
vt 0.16667 0.00000
vt 0.33333 0.00000
vt 0.50000 0.00000
vt 0.66667 0.00000
vt 0.83333 0.00000
vt 1.00000 0.00000
vt 0.00000 1.00000
vt 0.16667 1.00000
vt 0.33333 1.00000
vt 0.50000 1.00000
vt 0.66667 1.00000
vt 0.83333 1.00000
vt 1.00000 1.00000
vt 0.50000 0.50000
vt 0.50000 0.50000
vt 0.50000 0.50000
vt 0.50000 0.50000
vt 0.50000 0.50000
vt 0.50000 0.50000
vt 1.00000 0.50000
vt 0.75000 0.06699
vt 0.25000 0.06699
vt 0.00000 0.50000
vt 0.25000 0.93301
vt 0.75000 0.93301
vt 1.00000 0.50000
vt 0.50000 0.50000
vt 0.50000 0.50000
vt 0.50000 0.50000
vt 0.50000 0.50000
vt 0.50000 0.50000
vt 0.50000 0.50000
vt 1.00000 0.50000
vt 0.75000 0.93301
vt 0.25000 0.93301
vt 0.00000 0.50000
vt 0.25000 0.06699
vt 0.75000 0.06699
vt 1.00000 0.50000
f 4761/4761 4768/4768 4762/4762
f 4768/4768 4769/4769 4762/4762
f 4762/4762 4769/4769 4763/4763
f 4769/4769 4770/4770 4763/4763
f 4763/4763 4770/4770 4764/4764
f 4770/4770 4771/4771 4764/4764
f 4764/4764 4771/4771 4765/4765
f 4771/4771 4772/4772 4765/4765
f 4765/4765 4772/4772 4766/4766
f 4772/4772 4773/4773 4766/4766
f 4766/4766 4773/4773 4767/4767
f 4773/4773 4774/4774 4767/4767
f 4781/4781 4782/4782 4775/4775
f 4782/4782 4783/4783 4776/4776
f 4783/4783 4784/4784 4777/4777
f 4784/4784 4785/4785 4778/4778
f 4785/4785 4786/4786 4779/4779
f 4786/4786 4787/4787 4780/4780
f 4795/4795 4794/4794 4788/4788
f 4796/4796 4795/4795 4789/4789
f 4797/4797 4796/4796 4790/4790
f 4798/4798 4797/4797 4791/4791
f 4799/4799 4798/4798 4792/4792
f 4800/4800 4799/4799 4793/4793
v -5.29500 0.67500 6.03000
v -5.27768 0.67500 6.02000
v -5.27768 0.67500 6.00000
v -5.29500 0.67500 5.99000
v -5.31232 0.67500 6.00000
v -5.31232 0.67500 6.02000
v -5.29500 0.67500 6.03000
v -5.29500 0.07500 6.03000
v -5.27768 0.07500 6.02000
v -5.27768 0.07500 6.00000
v -5.29500 0.07500 5.99000
v -5.31232 0.07500 6.00000
v -5.31232 0.07500 6.02000
v -5.29500 0.07500 6.03000
v -5.29500 0.67500 6.01000
v -5.29500 0.67500 6.01000
v -5.29500 0.67500 6.01000
v -5.29500 0.67500 6.01000
v -5.29500 0.67500 6.01000
v -5.29500 0.67500 6.01000
v -5.29500 0.67500 6.03000
v -5.27768 0.67500 6.02000
v -5.27768 0.67500 6.00000
v -5.29500 0.67500 5.99000
v -5.31232 0.67500 6.00000
v -5.31232 0.67500 6.02000
v -5.29500 0.67500 6.03000
v -5.29500 0.07500 6.01000
v -5.29500 0.07500 6.01000
v -5.29500 0.07500 6.01000
v -5.29500 0.07500 6.01000
v -5.29500 0.07500 6.01000
v -5.29500 0.07500 6.01000
v -5.29500 0.07500 6.03000
v -5.27768 0.07500 6.02000
v -5.27768 0.07500 6.00000
v -5.29500 0.07500 5.99000
v -5.31232 0.07500 6.00000
v -5.31232 0.07500 6.02000
v -5.29500 0.07500 6.03000
vt 0.00000 0.00000
vt 0.16667 0.00000
vt 0.33333 0.00000
vt 0.50000 0.00000
vt 0.66667 0.00000
vt 0.83333 0.00000
vt 1.00000 0.00000
vt 0.00000 1.00000
vt 0.16667 1.00000
vt 0.33333 1.00000
vt 0.50000 1.00000
vt 0.66667 1.00000
vt 0.83333 1.00000
vt 1.00000 1.00000
vt 0.50000 0.50000
vt 0.50000 0.50000
vt 0.50000 0.50000
vt 0.50000 0.50000
vt 0.50000 0.50000
vt 0.50000 0.50000
vt 1.00000 0.50000
vt 0.75000 0.06699
vt 0.25000 0.06699
vt 0.00000 0.50000
vt 0.25000 0.93301
vt 0.75000 0.93301
vt 1.00000 0.50000
vt 0.50000 0.50000
vt 0.50000 0.50000
vt 0.50000 0.50000
vt 0.50000 0.50000
vt 0.50000 0.50000
vt 0.50000 0.50000
vt 1.00000 0.50000
vt 0.75000 0.93301
vt 0.25000 0.93301
vt 0.00000 0.50000
vt 0.25000 0.06699
vt 0.75000 0.06699
vt 1.00000 0.50000
f 4801/4801 4808/4808 4802/4802
f 4808/4808 4809/4809 4802/4802
f 4802/4802 4809/4809 4803/4803
f 4809/4809 4810/4810 4803/4803
f 4803/4803 4810/4810 4804/4804
f 4810/4810 4811/4811 4804/4804
f 4804/4804 4811/4811 4805/4805
f 4811/4811 4812/4812 4805/4805
f 4805/4805 4812/4812 4806/4806
f 4812/4812 4813/4813 4806/4806
f 4806/4806 4813/4813 4807/4807
f 4813/4813 4814/4814 4807/4807
f 4821/4821 4822/4822 4815/4815
f 4822/4822 4823/4823 4816/4816
f 4823/4823 4824/4824 4817/4817
f 4824/4824 4825/4825 4818/4818
f 4825/4825 4826/4826 4819/4819
f 4826/4826 4827/4827 4820/4820
f 4835/4835 4834/4834 4828/4828
f 4836/4836 4835/4835 4829/4829
f 4837/4837 4836/4836 4830/4830
f 4838/4838 4837/4837 4831/4831
f 4839/4839 4838/4838 4832/4832
f 4840/4840 4839/4839 4833/4833
v -4.97500 0.67500 6.03000
v -4.95768 0.67500 6.02000
v -4.95768 0.67500 6.00000
v -4.97500 0.67500 5.99000
v -4.99232 0.67500 6.00000
v -4.99232 0.67500 6.02000
v -4.97500 0.67500 6.03000
v -4.97500 0.07500 6.03000
v -4.95768 0.07500 6.02000
v -4.95768 0.07500 6.00000
v -4.97500 0.07500 5.99000
v -4.99232 0.07500 6.00000
v -4.99232 0.07500 6.02000
v -4.97500 0.07500 6.03000
v -4.97500 0.67500 6.01000
v -4.97500 0.67500 6.01000
v -4.97500 0.67500 6.01000
v -4.97500 0.67500 6.01000
v -4.97500 0.67500 6.01000
v -4.97500 0.67500 6.01000
v -4.97500 0.67500 6.03000
v -4.95768 0.67500 6.02000
v -4.95768 0.67500 6.00000
v -4.97500 0.67500 5.99000
v -4.99232 0.67500 6.00000
v -4.99232 0.67500 6.02000
v -4.97500 0.67500 6.03000
v -4.97500 0.07500 6.01000
v -4.97500 0.07500 6.01000
v -4.97500 0.07500 6.01000
v -4.97500 0.07500 6.01000
v -4.97500 0.07500 6.01000
v -4.97500 0.07500 6.01000
v -4.97500 0.07500 6.03000
v -4.95768 0.07500 6.02000
v -4.95768 0.07500 6.00000
v -4.97500 0.07500 5.99000
v -4.99232 0.07500 6.00000
v -4.99232 0.07500 6.02000
v -4.97500 0.07500 6.03000
vt 0.00000 0.00000
vt 0.16667 0.00000
vt 0.33333 0.00000
vt 0.50000 0.00000
vt 0.66667 0.00000
vt 0.83333 0.00000
vt 1.00000 0.00000
vt 0.00000 1.00000
vt 0.16667 1.00000
vt 0.33333 1.00000
vt 0.50000 1.00000
vt 0.66667 1.00000
vt 0.83333 1.00000
vt 1.00000 1.00000
vt 0.50000 0.50000
vt 0.50000 0.50000
vt 0.50000 0.50000
vt 0.50000 0.50000
vt 0.50000 0.50000
vt 0.50000 0.50000
vt 1.00000 0.50000
vt 0.75000 0.06699
vt 0.25000 0.06699
vt 0.00000 0.50000
vt 0.25000 0.93301
vt 0.75000 0.93301
vt 1.00000 0.50000
vt 0.50000 0.50000
vt 0.50000 0.50000
vt 0.50000 0.50000
vt 0.50000 0.50000
vt 0.50000 0.50000
vt 0.50000 0.50000
vt 1.00000 0.50000
vt 0.75000 0.93301
vt 0.25000 0.93301
vt 0.00000 0.50000
vt 0.25000 0.06699
vt 0.75000 0.06699
vt 1.00000 0.50000
f 4841/4841 4848/4848 4842/4842
f 4848/4848 4849/4849 4842/4842
f 4842/4842 4849/4849 4843/4843
f 4849/4849 4850/4850 4843/4843
f 4843/4843 4850/4850 4844/4844
f 4850/4850 4851/4851 4844/4844
f 4844/4844 4851/4851 4845/4845
f 4851/4851 4852/4852 4845/4845
f 4845/4845 4852/4852 4846/4846
f 4852/4852 4853/4853 4846/4846
f 4846/4846 4853/4853 4847/4847
f 4853/4853 4854/4854 4847/4847
f 4861/4861 4862/4862 4855/4855
f 4862/4862 4863/4863 4856/4856
f 4863/4863 4864/4864 4857/4857
f 4864/4864 4865/4865 4858/4858
f 4865/4865 4866/4866 4859/4859
f 4866/4866 4867/4867 4860/4860
f 4875/4875 4874/4874 4868/4868
f 4876/4876 4875/4875 4869/4869
f 4877/4877 4876/4876 4870/4870
f 4878/4878 4877/4877 4871/4871
f 4879/4879 4878/4878 4872/4872
f 4880/4880 4879/4879 4873/4873
v -4.65500 0.67500 6.03000
v -4.63768 0.67500 6.02000
v -4.63768 0.67500 6.00000
v -4.65500 0.67500 5.99000
v -4.67232 0.67500 6.00000
v -4.67232 0.67500 6.02000
v -4.65500 0.67500 6.03000
v -4.65500 0.07500 6.03000
v -4.63768 0.07500 6.02000
v -4.63768 0.07500 6.00000
v -4.65500 0.07500 5.99000
v -4.67232 0.07500 6.00000
v -4.67232 0.07500 6.02000
v -4.65500 0.07500 6.03000
v -4.65500 0.67500 6.01000
v -4.65500 0.67500 6.01000
v -4.65500 0.67500 6.01000
v -4.65500 0.67500 6.01000
v -4.65500 0.67500 6.01000
v -4.65500 0.67500 6.01000
v -4.65500 0.67500 6.03000
v -4.63768 0.67500 6.02000
v -4.63768 0.67500 6.00000
v -4.65500 0.67500 5.99000
v -4.67232 0.67500 6.00000
v -4.67232 0.67500 6.02000
v -4.65500 0.67500 6.03000
v -4.65500 0.07500 6.01000
v -4.65500 0.07500 6.01000
v -4.65500 0.07500 6.01000
v -4.65500 0.07500 6.01000
v -4.65500 0.07500 6.01000
v -4.65500 0.07500 6.01000
v -4.65500 0.07500 6.03000
v -4.63768 0.07500 6.02000
v -4.63768 0.07500 6.00000
v -4.65500 0.07500 5.99000
v -4.67232 0.07500 6.00000
v -4.67232 0.07500 6.02000
v -4.65500 0.07500 6.03000
vt 0.00000 0.00000
vt 0.16667 0.00000
vt 0.33333 0.00000
vt 0.50000 0.00000
vt 0.66667 0.00000
vt 0.83333 0.00000
vt 1.00000 0.00000
vt 0.00000 1.00000
vt 0.16667 1.00000
vt 0.33333 1.00000
vt 0.50000 1.00000
vt 0.66667 1.00000
vt 0.83333 1.00000
vt 1.00000 1.00000
vt 0.50000 0.50000
vt 0.50000 0.50000
vt 0.50000 0.50000
vt 0.50000 0.50000
vt 0.50000 0.50000
vt 0.50000 0.50000
vt 1.00000 0.50000
vt 0.75000 0.06699
vt 0.25000 0.06699
vt 0.00000 0.50000
vt 0.25000 0.93301
vt 0.75000 0.93301
vt 1.00000 0.50000
vt 0.50000 0.50000
vt 0.50000 0.50000
vt 0.50000 0.50000
vt 0.50000 0.50000
vt 0.50000 0.50000
vt 0.50000 0.50000
vt 1.00000 0.50000
vt 0.75000 0.93301
vt 0.25000 0.93301
vt 0.00000 0.50000
vt 0.25000 0.06699
vt 0.75000 0.06699
vt 1.00000 0.50000
f 4881/4881 4888/4888 4882/4882
f 4888/4888 4889/4889 4882/4882
f 4882/4882 4889/4889 4883/4883
f 4889/4889 4890/4890 4883/4883
f 4883/4883 4890/4890 4884/4884
f 4890/4890 4891/4891 4884/4884
f 4884/4884 4891/4891 4885/4885
f 4891/4891 4892/4892 4885/4885
f 4885/4885 4892/4892 4886/4886
f 4892/4892 4893/4893 4886/4886
f 4886/4886 4893/4893 4887/4887
f 4893/4893 4894/4894 4887/4887
f 4901/4901 4902/4902 4895/4895
f 4902/4902 4903/4903 4896/4896
f 4903/4903 4904/4904 4897/4897
f 4904/4904 4905/4905 4898/4898
f 4905/4905 4906/4906 4899/4899
f 4906/4906 4907/4907 4900/4900
f 4915/4915 4914/4914 4908/4908
f 4916/4916 4915/4915 4909/4909
f 4917/4917 4916/4916 4910/4910
f 4918/4918 4917/4917 4911/4911
f 4919/4919 4918/4918 4912/4912
f 4920/4920 4919/4919 4913/4913
v -4.33500 0.67500 6.03000
v -4.31768 0.67500 6.02000
v -4.31768 0.67500 6.00000
v -4.33500 0.67500 5.99000
v -4.35232 0.67500 6.00000
v -4.35232 0.67500 6.02000
v -4.33500 0.67500 6.03000
v -4.33500 0.07500 6.03000
v -4.31768 0.07500 6.02000
v -4.31768 0.07500 6.00000
v -4.33500 0.07500 5.99000
v -4.35232 0.07500 6.00000
v -4.35232 0.07500 6.02000
v -4.33500 0.07500 6.03000
v -4.33500 0.67500 6.01000
v -4.33500 0.67500 6.01000
v -4.33500 0.67500 6.01000
v -4.33500 0.67500 6.01000
v -4.33500 0.67500 6.01000
v -4.33500 0.67500 6.01000
v -4.33500 0.67500 6.03000
v -4.31768 0.67500 6.02000
v -4.31768 0.67500 6.00000
v -4.33500 0.67500 5.99000
v -4.35232 0.67500 6.00000
v -4.35232 0.67500 6.02000
v -4.33500 0.67500 6.03000
v -4.33500 0.07500 6.01000
v -4.33500 0.07500 6.01000
v -4.33500 0.07500 6.01000
v -4.33500 0.07500 6.01000
v -4.33500 0.07500 6.01000
v -4.33500 0.07500 6.01000
v -4.33500 0.07500 6.03000
v -4.31768 0.07500 6.02000
v -4.31768 0.07500 6.00000
v -4.33500 0.07500 5.99000
v -4.35232 0.07500 6.00000
v -4.35232 0.07500 6.02000
v -4.33500 0.07500 6.03000
vt 0.00000 0.00000
vt 0.16667 0.00000
vt 0.33333 0.00000
vt 0.50000 0.00000
vt 0.66667 0.00000
vt 0.83333 0.00000
vt 1.00000 0.00000
vt 0.00000 1.00000
vt 0.16667 1.00000
vt 0.33333 1.00000
vt 0.50000 1.00000
vt 0.66667 1.00000
vt 0.83333 1.00000
vt 1.00000 1.00000
vt 0.50000 0.50000
vt 0.50000 0.50000
vt 0.50000 0.50000
vt 0.50000 0.50000
vt 0.50000 0.50000
vt 0.50000 0.50000
vt 1.00000 0.50000
vt 0.75000 0.06699
vt 0.25000 0.06699
vt 0.00000 0.50000
vt 0.25000 0.93301
vt 0.75000 0.93301
vt 1.00000 0.50000
vt 0.50000 0.50000
vt 0.50000 0.50000
vt 0.50000 0.50000
vt 0.50000 0.50000
vt 0.50000 0.50000
vt 0.50000 0.50000
vt 1.00000 0.50000
vt 0.75000 0.93301
vt 0.25000 0.93301
vt 0.00000 0.50000
vt 0.25000 0.06699
vt 0.75000 0.06699
vt 1.00000 0.50000
f 4921/4921 4928/4928 4922/4922
f 4928/4928 4929/4929 4922/4922
f 4922/4922 4929/4929 4923/4923
f 4929/4929 4930/4930 4923/4923
f 4923/4923 4930/4930 4924/4924
f 4930/4930 4931/4931 4924/4924
f 4924/4924 4931/4931 4925/4925
f 4931/4931 4932/4932 4925/4925
f 4925/4925 4932/4932 4926/4926
f 4932/4932 4933/4933 4926/4926
f 4926/4926 4933/4933 4927/4927
f 4933/4933 4934/4934 4927/4927
f 4941/4941 4942/4942 4935/4935
f 4942/4942 4943/4943 4936/4936
f 4943/4943 4944/4944 4937/4937
f 4944/4944 4945/4945 4938/4938
f 4945/4945 4946/4946 4939/4939
f 4946/4946 4947/4947 4940/4940
f 4955/4955 4954/4954 4948/4948
f 4956/4956 4955/4955 4949/4949
f 4957/4957 4956/4956 4950/4950
f 4958/4958 4957/4957 4951/4951
f 4959/4959 4958/4958 4952/4952
f 4960/4960 4959/4959 4953/4953
v -4.01500 0.67500 6.03000
v -3.99768 0.67500 6.02000
v -3.99768 0.67500 6.00000
v -4.01500 0.67500 5.99000
v -4.03232 0.67500 6.00000
v -4.03232 0.67500 6.02000
v -4.01500 0.67500 6.03000
v -4.01500 0.07500 6.03000
v -3.99768 0.07500 6.02000
v -3.99768 0.07500 6.00000
v -4.01500 0.07500 5.99000
v -4.03232 0.07500 6.00000
v -4.03232 0.07500 6.02000
v -4.01500 0.07500 6.03000
v -4.01500 0.67500 6.01000
v -4.01500 0.67500 6.01000
v -4.01500 0.67500 6.01000
v -4.01500 0.67500 6.01000
v -4.01500 0.67500 6.01000
v -4.01500 0.67500 6.01000
v -4.01500 0.67500 6.03000
v -3.99768 0.67500 6.02000
v -3.99768 0.67500 6.00000
v -4.01500 0.67500 5.99000
v -4.03232 0.67500 6.00000
v -4.03232 0.67500 6.02000
v -4.01500 0.67500 6.03000
v -4.01500 0.07500 6.01000
v -4.01500 0.07500 6.01000
v -4.01500 0.07500 6.01000
v -4.01500 0.07500 6.01000
v -4.01500 0.07500 6.01000
v -4.01500 0.07500 6.01000
v -4.01500 0.07500 6.03000
v -3.99768 0.07500 6.02000
v -3.99768 0.07500 6.00000
v -4.01500 0.07500 5.99000
v -4.03232 0.07500 6.00000
v -4.03232 0.07500 6.02000
v -4.01500 0.07500 6.03000
vt 0.00000 0.00000
vt 0.16667 0.00000
vt 0.33333 0.00000
vt 0.50000 0.00000
vt 0.66667 0.00000
vt 0.83333 0.00000
vt 1.00000 0.00000
vt 0.00000 1.00000
vt 0.16667 1.00000
vt 0.33333 1.00000
vt 0.50000 1.00000
vt 0.66667 1.00000
vt 0.83333 1.00000
vt 1.00000 1.00000
vt 0.50000 0.50000
vt 0.50000 0.50000
vt 0.50000 0.50000
vt 0.50000 0.50000
vt 0.50000 0.50000
vt 0.50000 0.50000
vt 1.00000 0.50000
vt 0.75000 0.06699
vt 0.25000 0.06699
vt 0.00000 0.50000
vt 0.25000 0.93301
vt 0.75000 0.93301
vt 1.00000 0.50000
vt 0.50000 0.50000
vt 0.50000 0.50000
vt 0.50000 0.50000
vt 0.50000 0.50000
vt 0.50000 0.50000
vt 0.50000 0.50000
vt 1.00000 0.50000
vt 0.75000 0.93301
vt 0.25000 0.93301
vt 0.00000 0.50000
vt 0.25000 0.06699
vt 0.75000 0.06699
vt 1.00000 0.50000
f 4961/4961 4968/4968 4962/4962
f 4968/4968 4969/4969 4962/4962
f 4962/4962 4969/4969 4963/4963
f 4969/4969 4970/4970 4963/4963
f 4963/4963 4970/4970 4964/4964
f 4970/4970 4971/4971 4964/4964
f 4964/4964 4971/4971 4965/4965
f 4971/4971 4972/4972 4965/4965
f 4965/4965 4972/4972 4966/4966
f 4972/4972 4973/4973 4966/4966
f 4966/4966 4973/4973 4967/4967
f 4973/4973 4974/4974 4967/4967
f 4981/4981 4982/4982 4975/4975
f 4982/4982 4983/4983 4976/4976
f 4983/4983 4984/4984 4977/4977
f 4984/4984 4985/4985 4978/4978
f 4985/4985 4986/4986 4979/4979
f 4986/4986 4987/4987 4980/4980
f 4995/4995 4994/4994 4988/4988
f 4996/4996 4995/4995 4989/4989
f 4997/4997 4996/4996 4990/4990
f 4998/4998 4997/4997 4991/4991
f 4999/4999 4998/4998 4992/4992
f 5000/5000 4999/4999 4993/4993
v -3.69500 0.67500 6.03000
v -3.67768 0.67500 6.02000
v -3.67768 0.67500 6.00000
v -3.69500 0.67500 5.99000
v -3.71232 0.67500 6.00000
v -3.71232 0.67500 6.02000
v -3.69500 0.67500 6.03000
v -3.69500 0.07500 6.03000
v -3.67768 0.07500 6.02000
v -3.67768 0.07500 6.00000
v -3.69500 0.07500 5.99000
v -3.71232 0.07500 6.00000
v -3.71232 0.07500 6.02000
v -3.69500 0.07500 6.03000
v -3.69500 0.67500 6.01000
v -3.69500 0.67500 6.01000
v -3.69500 0.67500 6.01000
v -3.69500 0.67500 6.01000
v -3.69500 0.67500 6.01000
v -3.69500 0.67500 6.01000
v -3.69500 0.67500 6.03000
v -3.67768 0.67500 6.02000
v -3.67768 0.67500 6.00000
v -3.69500 0.67500 5.99000
v -3.71232 0.67500 6.00000
v -3.71232 0.67500 6.02000
v -3.69500 0.67500 6.03000
v -3.69500 0.07500 6.01000
v -3.69500 0.07500 6.01000
v -3.69500 0.07500 6.01000
v -3.69500 0.07500 6.01000
v -3.69500 0.07500 6.01000
v -3.69500 0.07500 6.01000
v -3.69500 0.07500 6.03000
v -3.67768 0.07500 6.02000
v -3.67768 0.07500 6.00000
v -3.69500 0.07500 5.99000
v -3.71232 0.07500 6.00000
v -3.71232 0.07500 6.02000
v -3.69500 0.07500 6.03000
vt 0.00000 0.00000
vt 0.16667 0.00000
vt 0.33333 0.00000
vt 0.50000 0.00000
vt 0.66667 0.00000
vt 0.83333 0.00000
vt 1.00000 0.00000
vt 0.00000 1.00000
vt 0.16667 1.00000
vt 0.33333 1.00000
vt 0.50000 1.00000
vt 0.66667 1.00000
vt 0.83333 1.00000
vt 1.00000 1.00000
vt 0.50000 0.50000
vt 0.50000 0.50000
vt 0.50000 0.50000
vt 0.50000 0.50000
vt 0.50000 0.50000
vt 0.50000 0.50000
vt 1.00000 0.50000
vt 0.75000 0.06699
vt 0.25000 0.06699
vt 0.00000 0.50000
vt 0.25000 0.93301
vt 0.75000 0.93301
vt 1.00000 0.50000
vt 0.50000 0.50000
vt 0.50000 0.50000
vt 0.50000 0.50000
vt 0.50000 0.50000
vt 0.50000 0.50000
vt 0.50000 0.50000
vt 1.00000 0.50000
vt 0.75000 0.93301
vt 0.25000 0.93301
vt 0.00000 0.50000
vt 0.25000 0.06699
vt 0.75000 0.06699
vt 1.00000 0.50000
f 5001/5001 5008/5008 5002/5002
f 5008/5008 5009/5009 5002/5002
f 5002/5002 5009/5009 5003/5003
f 5009/5009 5010/5010 5003/5003
f 5003/5003 5010/5010 5004/5004
f 5010/5010 5011/5011 5004/5004
f 5004/5004 5011/5011 5005/5005
f 5011/5011 5012/5012 5005/5005
f 5005/5005 5012/5012 5006/5006
f 5012/5012 5013/5013 5006/5006
f 5006/5006 5013/5013 5007/5007
f 5013/5013 5014/5014 5007/5007
f 5021/5021 5022/5022 5015/5015
f 5022/5022 5023/5023 5016/5016
f 5023/5023 5024/5024 5017/5017
f 5024/5024 5025/5025 5018/5018
f 5025/5025 5026/5026 5019/5019
f 5026/5026 5027/5027 5020/5020
f 5035/5035 5034/5034 5028/5028
f 5036/5036 5035/5035 5029/5029
f 5037/5037 5036/5036 5030/5030
f 5038/5038 5037/5037 5031/5031
f 5039/5039 5038/5038 5032/5032
f 5040/5040 5039/5039 5033/5033
v -3.37500 0.67500 6.03000
v -3.35768 0.67500 6.02000
v -3.35768 0.67500 6.00000
v -3.37500 0.67500 5.99000
v -3.39232 0.67500 6.00000
v -3.39232 0.67500 6.02000
v -3.37500 0.67500 6.03000
v -3.37500 0.07500 6.03000
v -3.35768 0.07500 6.02000
v -3.35768 0.07500 6.00000
v -3.37500 0.07500 5.99000
v -3.39232 0.07500 6.00000
v -3.39232 0.07500 6.02000
v -3.37500 0.07500 6.03000
v -3.37500 0.67500 6.01000
v -3.37500 0.67500 6.01000
v -3.37500 0.67500 6.01000
v -3.37500 0.67500 6.01000
v -3.37500 0.67500 6.01000
v -3.37500 0.67500 6.01000
v -3.37500 0.67500 6.03000
v -3.35768 0.67500 6.02000
v -3.35768 0.67500 6.00000
v -3.37500 0.67500 5.99000
v -3.39232 0.67500 6.00000
v -3.39232 0.67500 6.02000
v -3.37500 0.67500 6.03000
v -3.37500 0.07500 6.01000
v -3.37500 0.07500 6.01000
v -3.37500 0.07500 6.01000
v -3.37500 0.07500 6.01000
v -3.37500 0.07500 6.01000
v -3.37500 0.07500 6.01000
v -3.37500 0.07500 6.03000
v -3.35768 0.07500 6.02000
v -3.35768 0.07500 6.00000
v -3.37500 0.07500 5.99000
v -3.39232 0.07500 6.00000
v -3.39232 0.07500 6.02000
v -3.37500 0.07500 6.03000
vt 0.00000 0.00000
vt 0.16667 0.00000
vt 0.33333 0.00000
vt 0.50000 0.00000
vt 0.66667 0.00000
vt 0.83333 0.00000
vt 1.00000 0.00000
vt 0.00000 1.00000
vt 0.16667 1.00000
vt 0.33333 1.00000
vt 0.50000 1.00000
vt 0.66667 1.00000
vt 0.83333 1.00000
vt 1.00000 1.00000
vt 0.50000 0.50000
vt 0.50000 0.50000
vt 0.50000 0.50000
vt 0.50000 0.50000
vt 0.50000 0.50000
vt 0.50000 0.50000
vt 1.00000 0.50000
vt 0.75000 0.06699
vt 0.25000 0.06699
vt 0.00000 0.50000
vt 0.25000 0.93301
vt 0.75000 0.93301
vt 1.00000 0.50000
vt 0.50000 0.50000
vt 0.50000 0.50000
vt 0.50000 0.50000
vt 0.50000 0.50000
vt 0.50000 0.50000
vt 0.50000 0.50000
vt 1.00000 0.50000
vt 0.75000 0.93301
vt 0.25000 0.93301
vt 0.00000 0.50000
vt 0.25000 0.06699
vt 0.75000 0.06699
vt 1.00000 0.50000
f 5041/5041 5048/5048 5042/5042
f 5048/5048 5049/5049 5042/5042
f 5042/5042 5049/5049 5043/5043
f 5049/5049 5050/5050 5043/5043
f 5043/5043 5050/5050 5044/5044
f 5050/5050 5051/5051 5044/5044
f 5044/5044 5051/5051 5045/5045
f 5051/5051 5052/5052 5045/5045
f 5045/5045 5052/5052 5046/5046
f 5052/5052 5053/5053 5046/5046
f 5046/5046 5053/5053 5047/5047
f 5053/5053 5054/5054 5047/5047
f 5061/5061 5062/5062 5055/5055
f 5062/5062 5063/5063 5056/5056
f 5063/5063 5064/5064 5057/5057
f 5064/5064 5065/5065 5058/5058
f 5065/5065 5066/5066 5059/5059
f 5066/5066 5067/5067 5060/5060
f 5075/5075 5074/5074 5068/5068
f 5076/5076 5075/5075 5069/5069
f 5077/5077 5076/5076 5070/5070
f 5078/5078 5077/5077 5071/5071
f 5079/5079 5078/5078 5072/5072
f 5080/5080 5079/5079 5073/5073
v -3.05500 0.67500 6.03000
v -3.03768 0.67500 6.02000
v -3.03768 0.67500 6.00000
v -3.05500 0.67500 5.99000
v -3.07232 0.67500 6.00000
v -3.07232 0.67500 6.02000
v -3.05500 0.67500 6.03000
v -3.05500 0.07500 6.03000
v -3.03768 0.07500 6.02000
v -3.03768 0.07500 6.00000
v -3.05500 0.07500 5.99000
v -3.07232 0.07500 6.00000
v -3.07232 0.07500 6.02000
v -3.05500 0.07500 6.03000
v -3.05500 0.67500 6.01000
v -3.05500 0.67500 6.01000
v -3.05500 0.67500 6.01000
v -3.05500 0.67500 6.01000
v -3.05500 0.67500 6.01000
v -3.05500 0.67500 6.01000
v -3.05500 0.67500 6.03000
v -3.03768 0.67500 6.02000
v -3.03768 0.67500 6.00000
v -3.05500 0.67500 5.99000
v -3.07232 0.67500 6.00000
v -3.07232 0.67500 6.02000
v -3.05500 0.67500 6.03000
v -3.05500 0.07500 6.01000
v -3.05500 0.07500 6.01000
v -3.05500 0.07500 6.01000
v -3.05500 0.07500 6.01000
v -3.05500 0.07500 6.01000
v -3.05500 0.07500 6.01000
v -3.05500 0.07500 6.03000
v -3.03768 0.07500 6.02000
v -3.03768 0.07500 6.00000
v -3.05500 0.07500 5.99000
v -3.07232 0.07500 6.00000
v -3.07232 0.07500 6.02000
v -3.05500 0.07500 6.03000
vt 0.00000 0.00000
vt 0.16667 0.00000
vt 0.33333 0.00000
vt 0.50000 0.00000
vt 0.66667 0.00000
vt 0.83333 0.00000
vt 1.00000 0.00000
vt 0.00000 1.00000
vt 0.16667 1.00000
vt 0.33333 1.00000
vt 0.50000 1.00000
vt 0.66667 1.00000
vt 0.83333 1.00000
vt 1.00000 1.00000
vt 0.50000 0.50000
vt 0.50000 0.50000
vt 0.50000 0.50000
vt 0.50000 0.50000
vt 0.50000 0.50000
vt 0.50000 0.50000
vt 1.00000 0.50000
vt 0.75000 0.06699
vt 0.25000 0.06699
vt 0.00000 0.50000
vt 0.25000 0.93301
vt 0.75000 0.93301
vt 1.00000 0.50000
vt 0.50000 0.50000
vt 0.50000 0.50000
vt 0.50000 0.50000
vt 0.50000 0.50000
vt 0.50000 0.50000
vt 0.50000 0.50000
vt 1.00000 0.50000
vt 0.75000 0.93301
vt 0.25000 0.93301
vt 0.00000 0.50000
vt 0.25000 0.06699
vt 0.75000 0.06699
vt 1.00000 0.50000
f 5081/5081 5088/5088 5082/5082
f 5088/5088 5089/5089 5082/5082
f 5082/5082 5089/5089 5083/5083
f 5089/5089 5090/5090 5083/5083
f 5083/5083 5090/5090 5084/5084
f 5090/5090 5091/5091 5084/5084
f 5084/5084 5091/5091 5085/5085
f 5091/5091 5092/5092 5085/5085
f 5085/5085 5092/5092 5086/5086
f 5092/5092 5093/5093 5086/5086
f 5086/5086 5093/5093 5087/5087
f 5093/5093 5094/5094 5087/5087
f 5101/5101 5102/5102 5095/5095
f 5102/5102 5103/5103 5096/5096
f 5103/5103 5104/5104 5097/5097
f 5104/5104 5105/5105 5098/5098
f 5105/5105 5106/5106 5099/5099
f 5106/5106 5107/5107 5100/5100
f 5115/5115 5114/5114 5108/5108
f 5116/5116 5115/5115 5109/5109
f 5117/5117 5116/5116 5110/5110
f 5118/5118 5117/5117 5111/5111
f 5119/5119 5118/5118 5112/5112
f 5120/5120 5119/5119 5113/5113
v -2.73500 0.67500 6.03000
v -2.71768 0.67500 6.02000
v -2.71768 0.67500 6.00000
v -2.73500 0.67500 5.99000
v -2.75232 0.67500 6.00000
v -2.75232 0.67500 6.02000
v -2.73500 0.67500 6.03000
v -2.73500 0.07500 6.03000
v -2.71768 0.07500 6.02000
v -2.71768 0.07500 6.00000
v -2.73500 0.07500 5.99000
v -2.75232 0.07500 6.00000
v -2.75232 0.07500 6.02000
v -2.73500 0.07500 6.03000
v -2.73500 0.67500 6.01000
v -2.73500 0.67500 6.01000
v -2.73500 0.67500 6.01000
v -2.73500 0.67500 6.01000
v -2.73500 0.67500 6.01000
v -2.73500 0.67500 6.01000
v -2.73500 0.67500 6.03000
v -2.71768 0.67500 6.02000
v -2.71768 0.67500 6.00000
v -2.73500 0.67500 5.99000
v -2.75232 0.67500 6.00000
v -2.75232 0.67500 6.02000
v -2.73500 0.67500 6.03000
v -2.73500 0.07500 6.01000
v -2.73500 0.07500 6.01000
v -2.73500 0.07500 6.01000
v -2.73500 0.07500 6.01000
v -2.73500 0.07500 6.01000
v -2.73500 0.07500 6.01000
v -2.73500 0.07500 6.03000
v -2.71768 0.07500 6.02000
v -2.71768 0.07500 6.00000
v -2.73500 0.07500 5.99000
v -2.75232 0.07500 6.00000
v -2.75232 0.07500 6.02000
v -2.73500 0.07500 6.03000
vt 0.00000 0.00000
vt 0.16667 0.00000
vt 0.33333 0.00000
vt 0.50000 0.00000
vt 0.66667 0.00000
vt 0.83333 0.00000
vt 1.00000 0.00000
vt 0.00000 1.00000
vt 0.16667 1.00000
vt 0.33333 1.00000
vt 0.50000 1.00000
vt 0.66667 1.00000
vt 0.83333 1.00000
vt 1.00000 1.00000
vt 0.50000 0.50000
vt 0.50000 0.50000
vt 0.50000 0.50000
vt 0.50000 0.50000
vt 0.50000 0.50000
vt 0.50000 0.50000
vt 1.00000 0.50000
vt 0.75000 0.06699
vt 0.25000 0.06699
vt 0.00000 0.50000
vt 0.25000 0.93301
vt 0.75000 0.93301
vt 1.00000 0.50000
vt 0.50000 0.50000
vt 0.50000 0.50000
vt 0.50000 0.50000
vt 0.50000 0.50000
vt 0.50000 0.50000
vt 0.50000 0.50000
vt 1.00000 0.50000
vt 0.75000 0.93301
vt 0.25000 0.93301
vt 0.00000 0.50000
vt 0.25000 0.06699
vt 0.75000 0.06699
vt 1.00000 0.50000
f 5121/5121 5128/5128 5122/5122
f 5128/5128 5129/5129 5122/5122
f 5122/5122 5129/5129 5123/5123
f 5129/5129 5130/5130 5123/5123
f 5123/5123 5130/5130 5124/5124
f 5130/5130 5131/5131 5124/5124
f 5124/5124 5131/5131 5125/5125
f 5131/5131 5132/5132 5125/5125
f 5125/5125 5132/5132 5126/5126
f 5132/5132 5133/5133 5126/5126
f 5126/5126 5133/5133 5127/5127
f 5133/5133 5134/5134 5127/5127
f 5141/5141 5142/5142 5135/5135
f 5142/5142 5143/5143 5136/5136
f 5143/5143 5144/5144 5137/5137
f 5144/5144 5145/5145 5138/5138
f 5145/5145 5146/5146 5139/5139
f 5146/5146 5147/5147 5140/5140
f 5155/5155 5154/5154 5148/5148
f 5156/5156 5155/5155 5149/5149
f 5157/5157 5156/5156 5150/5150
f 5158/5158 5157/5157 5151/5151
f 5159/5159 5158/5158 5152/5152
f 5160/5160 5159/5159 5153/5153
v -2.41500 0.67500 6.03000
v -2.39768 0.67500 6.02000
v -2.39768 0.67500 6.00000
v -2.41500 0.67500 5.99000
v -2.43232 0.67500 6.00000
v -2.43232 0.67500 6.02000
v -2.41500 0.67500 6.03000
v -2.41500 0.07500 6.03000
v -2.39768 0.07500 6.02000
v -2.39768 0.07500 6.00000
v -2.41500 0.07500 5.99000
v -2.43232 0.07500 6.00000
v -2.43232 0.07500 6.02000
v -2.41500 0.07500 6.03000
v -2.41500 0.67500 6.01000
v -2.41500 0.67500 6.01000
v -2.41500 0.67500 6.01000
v -2.41500 0.67500 6.01000
v -2.41500 0.67500 6.01000
v -2.41500 0.67500 6.01000
v -2.41500 0.67500 6.03000
v -2.39768 0.67500 6.02000
v -2.39768 0.67500 6.00000
v -2.41500 0.67500 5.99000
v -2.43232 0.67500 6.00000
v -2.43232 0.67500 6.02000
v -2.41500 0.67500 6.03000
v -2.41500 0.07500 6.01000
v -2.41500 0.07500 6.01000
v -2.41500 0.07500 6.01000
v -2.41500 0.07500 6.01000
v -2.41500 0.07500 6.01000
v -2.41500 0.07500 6.01000
v -2.41500 0.07500 6.03000
v -2.39768 0.07500 6.02000
v -2.39768 0.07500 6.00000
v -2.41500 0.07500 5.99000
v -2.43232 0.07500 6.00000
v -2.43232 0.07500 6.02000
v -2.41500 0.07500 6.03000
vt 0.00000 0.00000
vt 0.16667 0.00000
vt 0.33333 0.00000
vt 0.50000 0.00000
vt 0.66667 0.00000
vt 0.83333 0.00000
vt 1.00000 0.00000
vt 0.00000 1.00000
vt 0.16667 1.00000
vt 0.33333 1.00000
vt 0.50000 1.00000
vt 0.66667 1.00000
vt 0.83333 1.00000
vt 1.00000 1.00000
vt 0.50000 0.50000
vt 0.50000 0.50000
vt 0.50000 0.50000
vt 0.50000 0.50000
vt 0.50000 0.50000
vt 0.50000 0.50000
vt 1.00000 0.50000
vt 0.75000 0.06699
vt 0.25000 0.06699
vt 0.00000 0.50000
vt 0.25000 0.93301
vt 0.75000 0.93301
vt 1.00000 0.50000
vt 0.50000 0.50000
vt 0.50000 0.50000
vt 0.50000 0.50000
vt 0.50000 0.50000
vt 0.50000 0.50000
vt 0.50000 0.50000
vt 1.00000 0.50000
vt 0.75000 0.93301
vt 0.25000 0.93301
vt 0.00000 0.50000
vt 0.25000 0.06699
vt 0.75000 0.06699
vt 1.00000 0.50000
f 5161/5161 5168/5168 5162/5162
f 5168/5168 5169/5169 5162/5162
f 5162/5162 5169/5169 5163/5163
f 5169/5169 5170/5170 5163/5163
f 5163/5163 5170/5170 5164/5164
f 5170/5170 5171/5171 5164/5164
f 5164/5164 5171/5171 5165/5165
f 5171/5171 5172/5172 5165/5165
f 5165/5165 5172/5172 5166/5166
f 5172/5172 5173/5173 5166/5166
f 5166/5166 5173/5173 5167/5167
f 5173/5173 5174/5174 5167/5167
f 5181/5181 5182/5182 5175/5175
f 5182/5182 5183/5183 5176/5176
f 5183/5183 5184/5184 5177/5177
f 5184/5184 5185/5185 5178/5178
f 5185/5185 5186/5186 5179/5179
f 5186/5186 5187/5187 5180/5180
f 5195/5195 5194/5194 5188/5188
f 5196/5196 5195/5195 5189/5189
f 5197/5197 5196/5196 5190/5190
f 5198/5198 5197/5197 5191/5191
f 5199/5199 5198/5198 5192/5192
f 5200/5200 5199/5199 5193/5193
v -2.09500 0.67500 6.03000
v -2.07768 0.67500 6.02000
v -2.07768 0.67500 6.00000
v -2.09500 0.67500 5.99000
v -2.11232 0.67500 6.00000
v -2.11232 0.67500 6.02000
v -2.09500 0.67500 6.03000
v -2.09500 0.07500 6.03000
v -2.07768 0.07500 6.02000
v -2.07768 0.07500 6.00000
v -2.09500 0.07500 5.99000
v -2.11232 0.07500 6.00000
v -2.11232 0.07500 6.02000
v -2.09500 0.07500 6.03000
v -2.09500 0.67500 6.01000
v -2.09500 0.67500 6.01000
v -2.09500 0.67500 6.01000
v -2.09500 0.67500 6.01000
v -2.09500 0.67500 6.01000
v -2.09500 0.67500 6.01000
v -2.09500 0.67500 6.03000
v -2.07768 0.67500 6.02000
v -2.07768 0.67500 6.00000
v -2.09500 0.67500 5.99000
v -2.11232 0.67500 6.00000
v -2.11232 0.67500 6.02000
v -2.09500 0.67500 6.03000
v -2.09500 0.07500 6.01000
v -2.09500 0.07500 6.01000
v -2.09500 0.07500 6.01000
v -2.09500 0.07500 6.01000
v -2.09500 0.07500 6.01000
v -2.09500 0.07500 6.01000
v -2.09500 0.07500 6.03000
v -2.07768 0.07500 6.02000
v -2.07768 0.07500 6.00000
v -2.09500 0.07500 5.99000
v -2.11232 0.07500 6.00000
v -2.11232 0.07500 6.02000
v -2.09500 0.07500 6.03000
vt 0.00000 0.00000
vt 0.16667 0.00000
vt 0.33333 0.00000
vt 0.50000 0.00000
vt 0.66667 0.00000
vt 0.83333 0.00000
vt 1.00000 0.00000
vt 0.00000 1.00000
vt 0.16667 1.00000
vt 0.33333 1.00000
vt 0.50000 1.00000
vt 0.66667 1.00000
vt 0.83333 1.00000
vt 1.00000 1.00000
vt 0.50000 0.50000
vt 0.50000 0.50000
vt 0.50000 0.50000
vt 0.50000 0.50000
vt 0.50000 0.50000
vt 0.50000 0.50000
vt 1.00000 0.50000
vt 0.75000 0.06699
vt 0.25000 0.06699
vt 0.00000 0.50000
vt 0.25000 0.93301
vt 0.75000 0.93301
vt 1.00000 0.50000
vt 0.50000 0.50000
vt 0.50000 0.50000
vt 0.50000 0.50000
vt 0.50000 0.50000
vt 0.50000 0.50000
vt 0.50000 0.50000
vt 1.00000 0.50000
vt 0.75000 0.93301
vt 0.25000 0.93301
vt 0.00000 0.50000
vt 0.25000 0.06699
vt 0.75000 0.06699
vt 1.00000 0.50000
f 5201/5201 5208/5208 5202/5202
f 5208/5208 5209/5209 5202/5202
f 5202/5202 5209/5209 5203/5203
f 5209/5209 5210/5210 5203/5203
f 5203/5203 5210/5210 5204/5204
f 5210/5210 5211/5211 5204/5204
f 5204/5204 5211/5211 5205/5205
f 5211/5211 5212/5212 5205/5205
f 5205/5205 5212/5212 5206/5206
f 5212/5212 5213/5213 5206/5206
f 5206/5206 5213/5213 5207/5207
f 5213/5213 5214/5214 5207/5207
f 5221/5221 5222/5222 5215/5215
f 5222/5222 5223/5223 5216/5216
f 5223/5223 5224/5224 5217/5217
f 5224/5224 5225/5225 5218/5218
f 5225/5225 5226/5226 5219/5219
f 5226/5226 5227/5227 5220/5220
f 5235/5235 5234/5234 5228/5228
f 5236/5236 5235/5235 5229/5229
f 5237/5237 5236/5236 5230/5230
f 5238/5238 5237/5237 5231/5231
f 5239/5239 5238/5238 5232/5232
f 5240/5240 5239/5239 5233/5233
v -1.77500 0.67500 6.03000
v -1.75768 0.67500 6.02000
v -1.75768 0.67500 6.00000
v -1.77500 0.67500 5.99000
v -1.79232 0.67500 6.00000
v -1.79232 0.67500 6.02000
v -1.77500 0.67500 6.03000
v -1.77500 0.07500 6.03000
v -1.75768 0.07500 6.02000
v -1.75768 0.07500 6.00000
v -1.77500 0.07500 5.99000
v -1.79232 0.07500 6.00000
v -1.79232 0.07500 6.02000
v -1.77500 0.07500 6.03000
v -1.77500 0.67500 6.01000
v -1.77500 0.67500 6.01000
v -1.77500 0.67500 6.01000
v -1.77500 0.67500 6.01000
v -1.77500 0.67500 6.01000
v -1.77500 0.67500 6.01000
v -1.77500 0.67500 6.03000
v -1.75768 0.67500 6.02000
v -1.75768 0.67500 6.00000
v -1.77500 0.67500 5.99000
v -1.79232 0.67500 6.00000
v -1.79232 0.67500 6.02000
v -1.77500 0.67500 6.03000
v -1.77500 0.07500 6.01000
v -1.77500 0.07500 6.01000
v -1.77500 0.07500 6.01000
v -1.77500 0.07500 6.01000
v -1.77500 0.07500 6.01000
v -1.77500 0.07500 6.01000
v -1.77500 0.07500 6.03000
v -1.75768 0.07500 6.02000
v -1.75768 0.07500 6.00000
v -1.77500 0.07500 5.99000
v -1.79232 0.07500 6.00000
v -1.79232 0.07500 6.02000
v -1.77500 0.07500 6.03000
vt 0.00000 0.00000
vt 0.16667 0.00000
vt 0.33333 0.00000
vt 0.50000 0.00000
vt 0.66667 0.00000
vt 0.83333 0.00000
vt 1.00000 0.00000
vt 0.00000 1.00000
vt 0.16667 1.00000
vt 0.33333 1.00000
vt 0.50000 1.00000
vt 0.66667 1.00000
vt 0.83333 1.00000
vt 1.00000 1.00000
vt 0.50000 0.50000
vt 0.50000 0.50000
vt 0.50000 0.50000
vt 0.50000 0.50000
vt 0.50000 0.50000
vt 0.50000 0.50000
vt 1.00000 0.50000
vt 0.75000 0.06699
vt 0.25000 0.06699
vt 0.00000 0.50000
vt 0.25000 0.93301
vt 0.75000 0.93301
vt 1.00000 0.50000
vt 0.50000 0.50000
vt 0.50000 0.50000
vt 0.50000 0.50000
vt 0.50000 0.50000
vt 0.50000 0.50000
vt 0.50000 0.50000
vt 1.00000 0.50000
vt 0.75000 0.93301
vt 0.25000 0.93301
vt 0.00000 0.50000
vt 0.25000 0.06699
vt 0.75000 0.06699
vt 1.00000 0.50000
f 5241/5241 5248/5248 5242/5242
f 5248/5248 5249/5249 5242/5242
f 5242/5242 5249/5249 5243/5243
f 5249/5249 5250/5250 5243/5243
f 5243/5243 5250/5250 5244/5244
f 5250/5250 5251/5251 5244/5244
f 5244/5244 5251/5251 5245/5245
f 5251/5251 5252/5252 5245/5245
f 5245/5245 5252/5252 5246/5246
f 5252/5252 5253/5253 5246/5246
f 5246/5246 5253/5253 5247/5247
f 5253/5253 5254/5254 5247/5247
f 5261/5261 5262/5262 5255/5255
f 5262/5262 5263/5263 5256/5256
f 5263/5263 5264/5264 5257/5257
f 5264/5264 5265/5265 5258/5258
f 5265/5265 5266/5266 5259/5259
f 5266/5266 5267/5267 5260/5260
f 5275/5275 5274/5274 5268/5268
f 5276/5276 5275/5275 5269/5269
f 5277/5277 5276/5276 5270/5270
f 5278/5278 5277/5277 5271/5271
f 5279/5279 5278/5278 5272/5272
f 5280/5280 5279/5279 5273/5273
v -1.45500 0.67500 6.03000
v -1.43768 0.67500 6.02000
v -1.43768 0.67500 6.00000
v -1.45500 0.67500 5.99000
v -1.47232 0.67500 6.00000
v -1.47232 0.67500 6.02000
v -1.45500 0.67500 6.03000
v -1.45500 0.07500 6.03000
v -1.43768 0.07500 6.02000
v -1.43768 0.07500 6.00000
v -1.45500 0.07500 5.99000
v -1.47232 0.07500 6.00000
v -1.47232 0.07500 6.02000
v -1.45500 0.07500 6.03000
v -1.45500 0.67500 6.01000
v -1.45500 0.67500 6.01000
v -1.45500 0.67500 6.01000
v -1.45500 0.67500 6.01000
v -1.45500 0.67500 6.01000
v -1.45500 0.67500 6.01000
v -1.45500 0.67500 6.03000
v -1.43768 0.67500 6.02000
v -1.43768 0.67500 6.00000
v -1.45500 0.67500 5.99000
v -1.47232 0.67500 6.00000
v -1.47232 0.67500 6.02000
v -1.45500 0.67500 6.03000
v -1.45500 0.07500 6.01000
v -1.45500 0.07500 6.01000
v -1.45500 0.07500 6.01000
v -1.45500 0.07500 6.01000
v -1.45500 0.07500 6.01000
v -1.45500 0.07500 6.01000
v -1.45500 0.07500 6.03000
v -1.43768 0.07500 6.02000
v -1.43768 0.07500 6.00000
v -1.45500 0.07500 5.99000
v -1.47232 0.07500 6.00000
v -1.47232 0.07500 6.02000
v -1.45500 0.07500 6.03000
vt 0.00000 0.00000
vt 0.16667 0.00000
vt 0.33333 0.00000
vt 0.50000 0.00000
vt 0.66667 0.00000
vt 0.83333 0.00000
vt 1.00000 0.00000
vt 0.00000 1.00000
vt 0.16667 1.00000
vt 0.33333 1.00000
vt 0.50000 1.00000
vt 0.66667 1.00000
vt 0.83333 1.00000
vt 1.00000 1.00000
vt 0.50000 0.50000
vt 0.50000 0.50000
vt 0.50000 0.50000
vt 0.50000 0.50000
vt 0.50000 0.50000
vt 0.50000 0.50000
vt 1.00000 0.50000
vt 0.75000 0.06699
vt 0.25000 0.06699
vt 0.00000 0.50000
vt 0.25000 0.93301
vt 0.75000 0.93301
vt 1.00000 0.50000
vt 0.50000 0.50000
vt 0.50000 0.50000
vt 0.50000 0.50000
vt 0.50000 0.50000
vt 0.50000 0.50000
vt 0.50000 0.50000
vt 1.00000 0.50000
vt 0.75000 0.93301
vt 0.25000 0.93301
vt 0.00000 0.50000
vt 0.25000 0.06699
vt 0.75000 0.06699
vt 1.00000 0.50000
f 5281/5281 5288/5288 5282/5282
f 5288/5288 5289/5289 5282/5282
f 5282/5282 5289/5289 5283/5283
f 5289/5289 5290/5290 5283/5283
f 5283/5283 5290/5290 5284/5284
f 5290/5290 5291/5291 5284/5284
f 5284/5284 5291/5291 5285/5285
f 5291/5291 5292/5292 5285/5285
f 5285/5285 5292/5292 5286/5286
f 5292/5292 5293/5293 5286/5286
f 5286/5286 5293/5293 5287/5287
f 5293/5293 5294/5294 5287/5287
f 5301/5301 5302/5302 5295/5295
f 5302/5302 5303/5303 5296/5296
f 5303/5303 5304/5304 5297/5297
f 5304/5304 5305/5305 5298/5298
f 5305/5305 5306/5306 5299/5299
f 5306/5306 5307/5307 5300/5300
f 5315/5315 5314/5314 5308/5308
f 5316/5316 5315/5315 5309/5309
f 5317/5317 5316/5316 5310/5310
f 5318/5318 5317/5317 5311/5311
f 5319/5319 5318/5318 5312/5312
f 5320/5320 5319/5319 5313/5313
v -1.13500 0.67500 6.03000
v -1.11768 0.67500 6.02000
v -1.11768 0.67500 6.00000
v -1.13500 0.67500 5.99000
v -1.15232 0.67500 6.00000
v -1.15232 0.67500 6.02000
v -1.13500 0.67500 6.03000
v -1.13500 0.07500 6.03000
v -1.11768 0.07500 6.02000
v -1.11768 0.07500 6.00000
v -1.13500 0.07500 5.99000
v -1.15232 0.07500 6.00000
v -1.15232 0.07500 6.02000
v -1.13500 0.07500 6.03000
v -1.13500 0.67500 6.01000
v -1.13500 0.67500 6.01000
v -1.13500 0.67500 6.01000
v -1.13500 0.67500 6.01000
v -1.13500 0.67500 6.01000
v -1.13500 0.67500 6.01000
v -1.13500 0.67500 6.03000
v -1.11768 0.67500 6.02000
v -1.11768 0.67500 6.00000
v -1.13500 0.67500 5.99000
v -1.15232 0.67500 6.00000
v -1.15232 0.67500 6.02000
v -1.13500 0.67500 6.03000
v -1.13500 0.07500 6.01000
v -1.13500 0.07500 6.01000
v -1.13500 0.07500 6.01000
v -1.13500 0.07500 6.01000
v -1.13500 0.07500 6.01000
v -1.13500 0.07500 6.01000
v -1.13500 0.07500 6.03000
v -1.11768 0.07500 6.02000
v -1.11768 0.07500 6.00000
v -1.13500 0.07500 5.99000
v -1.15232 0.07500 6.00000
v -1.15232 0.07500 6.02000
v -1.13500 0.07500 6.03000
vt 0.00000 0.00000
vt 0.16667 0.00000
vt 0.33333 0.00000
vt 0.50000 0.00000
vt 0.66667 0.00000
vt 0.83333 0.00000
vt 1.00000 0.00000
vt 0.00000 1.00000
vt 0.16667 1.00000
vt 0.33333 1.00000
vt 0.50000 1.00000
vt 0.66667 1.00000
vt 0.83333 1.00000
vt 1.00000 1.00000
vt 0.50000 0.50000
vt 0.50000 0.50000
vt 0.50000 0.50000
vt 0.50000 0.50000
vt 0.50000 0.50000
vt 0.50000 0.50000
vt 1.00000 0.50000
vt 0.75000 0.06699
vt 0.25000 0.06699
vt 0.00000 0.50000
vt 0.25000 0.93301
vt 0.75000 0.93301
vt 1.00000 0.50000
vt 0.50000 0.50000
vt 0.50000 0.50000
vt 0.50000 0.50000
vt 0.50000 0.50000
vt 0.50000 0.50000
vt 0.50000 0.50000
vt 1.00000 0.50000
vt 0.75000 0.93301
vt 0.25000 0.93301
vt 0.00000 0.50000
vt 0.25000 0.06699
vt 0.75000 0.06699
vt 1.00000 0.50000
f 5321/5321 5328/5328 5322/5322
f 5328/5328 5329/5329 5322/5322
f 5322/5322 5329/5329 5323/5323
f 5329/5329 5330/5330 5323/5323
f 5323/5323 5330/5330 5324/5324
f 5330/5330 5331/5331 5324/5324
f 5324/5324 5331/5331 5325/5325
f 5331/5331 5332/5332 5325/5325
f 5325/5325 5332/5332 5326/5326
f 5332/5332 5333/5333 5326/5326
f 5326/5326 5333/5333 5327/5327
f 5333/5333 5334/5334 5327/5327
f 5341/5341 5342/5342 5335/5335
f 5342/5342 5343/5343 5336/5336
f 5343/5343 5344/5344 5337/5337
f 5344/5344 5345/5345 5338/5338
f 5345/5345 5346/5346 5339/5339
f 5346/5346 5347/5347 5340/5340
f 5355/5355 5354/5354 5348/5348
f 5356/5356 5355/5355 5349/5349
f 5357/5357 5356/5356 5350/5350
f 5358/5358 5357/5357 5351/5351
f 5359/5359 5358/5358 5352/5352
f 5360/5360 5359/5359 5353/5353
v -0.81500 0.67500 6.03000
v -0.79768 0.67500 6.02000
v -0.79768 0.67500 6.00000
v -0.81500 0.67500 5.99000
v -0.83232 0.67500 6.00000
v -0.83232 0.67500 6.02000
v -0.81500 0.67500 6.03000
v -0.81500 0.07500 6.03000
v -0.79768 0.07500 6.02000
v -0.79768 0.07500 6.00000
v -0.81500 0.07500 5.99000
v -0.83232 0.07500 6.00000
v -0.83232 0.07500 6.02000
v -0.81500 0.07500 6.03000
v -0.81500 0.67500 6.01000
v -0.81500 0.67500 6.01000
v -0.81500 0.67500 6.01000
v -0.81500 0.67500 6.01000
v -0.81500 0.67500 6.01000
v -0.81500 0.67500 6.01000
v -0.81500 0.67500 6.03000
v -0.79768 0.67500 6.02000
v -0.79768 0.67500 6.00000
v -0.81500 0.67500 5.99000
v -0.83232 0.67500 6.00000
v -0.83232 0.67500 6.02000
v -0.81500 0.67500 6.03000
v -0.81500 0.07500 6.01000
v -0.81500 0.07500 6.01000
v -0.81500 0.07500 6.01000
v -0.81500 0.07500 6.01000
v -0.81500 0.07500 6.01000
v -0.81500 0.07500 6.01000
v -0.81500 0.07500 6.03000
v -0.79768 0.07500 6.02000
v -0.79768 0.07500 6.00000
v -0.81500 0.07500 5.99000
v -0.83232 0.07500 6.00000
v -0.83232 0.07500 6.02000
v -0.81500 0.07500 6.03000
vt 0.00000 0.00000
vt 0.16667 0.00000
vt 0.33333 0.00000
vt 0.50000 0.00000
vt 0.66667 0.00000
vt 0.83333 0.00000
vt 1.00000 0.00000
vt 0.00000 1.00000
vt 0.16667 1.00000
vt 0.33333 1.00000
vt 0.50000 1.00000
vt 0.66667 1.00000
vt 0.83333 1.00000
vt 1.00000 1.00000
vt 0.50000 0.50000
vt 0.50000 0.50000
vt 0.50000 0.50000
vt 0.50000 0.50000
vt 0.50000 0.50000
vt 0.50000 0.50000
vt 1.00000 0.50000
vt 0.75000 0.06699
vt 0.25000 0.06699
vt 0.00000 0.50000
vt 0.25000 0.93301
vt 0.75000 0.93301
vt 1.00000 0.50000
vt 0.50000 0.50000
vt 0.50000 0.50000
vt 0.50000 0.50000
vt 0.50000 0.50000
vt 0.50000 0.50000
vt 0.50000 0.50000
vt 1.00000 0.50000
vt 0.75000 0.93301
vt 0.25000 0.93301
vt 0.00000 0.50000
vt 0.25000 0.06699
vt 0.75000 0.06699
vt 1.00000 0.50000
f 5361/5361 5368/5368 5362/5362
f 5368/5368 5369/5369 5362/5362
f 5362/5362 5369/5369 5363/5363
f 5369/5369 5370/5370 5363/5363
f 5363/5363 5370/5370 5364/5364
f 5370/5370 5371/5371 5364/5364
f 5364/5364 5371/5371 5365/5365
f 5371/5371 5372/5372 5365/5365
f 5365/5365 5372/5372 5366/5366
f 5372/5372 5373/5373 5366/5366
f 5366/5366 5373/5373 5367/5367
f 5373/5373 5374/5374 5367/5367
f 5381/5381 5382/5382 5375/5375
f 5382/5382 5383/5383 5376/5376
f 5383/5383 5384/5384 5377/5377
f 5384/5384 5385/5385 5378/5378
f 5385/5385 5386/5386 5379/5379
f 5386/5386 5387/5387 5380/5380
f 5395/5395 5394/5394 5388/5388
f 5396/5396 5395/5395 5389/5389
f 5397/5397 5396/5396 5390/5390
f 5398/5398 5397/5397 5391/5391
f 5399/5399 5398/5398 5392/5392
f 5400/5400 5399/5399 5393/5393
v -0.49500 0.67500 6.03000
v -0.47768 0.67500 6.02000
v -0.47768 0.67500 6.00000
v -0.49500 0.67500 5.99000
v -0.51232 0.67500 6.00000
v -0.51232 0.67500 6.02000
v -0.49500 0.67500 6.03000
v -0.49500 0.07500 6.03000
v -0.47768 0.07500 6.02000
v -0.47768 0.07500 6.00000
v -0.49500 0.07500 5.99000
v -0.51232 0.07500 6.00000
v -0.51232 0.07500 6.02000
v -0.49500 0.07500 6.03000
v -0.49500 0.67500 6.01000
v -0.49500 0.67500 6.01000
v -0.49500 0.67500 6.01000
v -0.49500 0.67500 6.01000
v -0.49500 0.67500 6.01000
v -0.49500 0.67500 6.01000
v -0.49500 0.67500 6.03000
v -0.47768 0.67500 6.02000
v -0.47768 0.67500 6.00000
v -0.49500 0.67500 5.99000
v -0.51232 0.67500 6.00000
v -0.51232 0.67500 6.02000
v -0.49500 0.67500 6.03000
v -0.49500 0.07500 6.01000
v -0.49500 0.07500 6.01000
v -0.49500 0.07500 6.01000
v -0.49500 0.07500 6.01000
v -0.49500 0.07500 6.01000
v -0.49500 0.07500 6.01000
v -0.49500 0.07500 6.03000
v -0.47768 0.07500 6.02000
v -0.47768 0.07500 6.00000
v -0.49500 0.07500 5.99000
v -0.51232 0.07500 6.00000
v -0.51232 0.07500 6.02000
v -0.49500 0.07500 6.03000
vt 0.00000 0.00000
vt 0.16667 0.00000
vt 0.33333 0.00000
vt 0.50000 0.00000
vt 0.66667 0.00000
vt 0.83333 0.00000
vt 1.00000 0.00000
vt 0.00000 1.00000
vt 0.16667 1.00000
vt 0.33333 1.00000
vt 0.50000 1.00000
vt 0.66667 1.00000
vt 0.83333 1.00000
vt 1.00000 1.00000
vt 0.50000 0.50000
vt 0.50000 0.50000
vt 0.50000 0.50000
vt 0.50000 0.50000
vt 0.50000 0.50000
vt 0.50000 0.50000
vt 1.00000 0.50000
vt 0.75000 0.06699
vt 0.25000 0.06699
vt 0.00000 0.50000
vt 0.25000 0.93301
vt 0.75000 0.93301
vt 1.00000 0.50000
vt 0.50000 0.50000
vt 0.50000 0.50000
vt 0.50000 0.50000
vt 0.50000 0.50000
vt 0.50000 0.50000
vt 0.50000 0.50000
vt 1.00000 0.50000
vt 0.75000 0.93301
vt 0.25000 0.93301
vt 0.00000 0.50000
vt 0.25000 0.06699
vt 0.75000 0.06699
vt 1.00000 0.50000
f 5401/5401 5408/5408 5402/5402
f 5408/5408 5409/5409 5402/5402
f 5402/5402 5409/5409 5403/5403
f 5409/5409 5410/5410 5403/5403
f 5403/5403 5410/5410 5404/5404
f 5410/5410 5411/5411 5404/5404
f 5404/5404 5411/5411 5405/5405
f 5411/5411 5412/5412 5405/5405
f 5405/5405 5412/5412 5406/5406
f 5412/5412 5413/5413 5406/5406
f 5406/5406 5413/5413 5407/5407
f 5413/5413 5414/5414 5407/5407
f 5421/5421 5422/5422 5415/5415
f 5422/5422 5423/5423 5416/5416
f 5423/5423 5424/5424 5417/5417
f 5424/5424 5425/5425 5418/5418
f 5425/5425 5426/5426 5419/5419
f 5426/5426 5427/5427 5420/5420
f 5435/5435 5434/5434 5428/5428
f 5436/5436 5435/5435 5429/5429
f 5437/5437 5436/5436 5430/5430
f 5438/5438 5437/5437 5431/5431
f 5439/5439 5438/5438 5432/5432
f 5440/5440 5439/5439 5433/5433
v -0.17500 0.67500 6.03000
v -0.15768 0.67500 6.02000
v -0.15768 0.67500 6.00000
v -0.17500 0.67500 5.99000
v -0.19232 0.67500 6.00000
v -0.19232 0.67500 6.02000
v -0.17500 0.67500 6.03000
v -0.17500 0.07500 6.03000
v -0.15768 0.07500 6.02000
v -0.15768 0.07500 6.00000
v -0.17500 0.07500 5.99000
v -0.19232 0.07500 6.00000
v -0.19232 0.07500 6.02000
v -0.17500 0.07500 6.03000
v -0.17500 0.67500 6.01000
v -0.17500 0.67500 6.01000
v -0.17500 0.67500 6.01000
v -0.17500 0.67500 6.01000
v -0.17500 0.67500 6.01000
v -0.17500 0.67500 6.01000
v -0.17500 0.67500 6.03000
v -0.15768 0.67500 6.02000
v -0.15768 0.67500 6.00000
v -0.17500 0.67500 5.99000
v -0.19232 0.67500 6.00000
v -0.19232 0.67500 6.02000
v -0.17500 0.67500 6.03000
v -0.17500 0.07500 6.01000
v -0.17500 0.07500 6.01000
v -0.17500 0.07500 6.01000
v -0.17500 0.07500 6.01000
v -0.17500 0.07500 6.01000
v -0.17500 0.07500 6.01000
v -0.17500 0.07500 6.03000
v -0.15768 0.07500 6.02000
v -0.15768 0.07500 6.00000
v -0.17500 0.07500 5.99000
v -0.19232 0.07500 6.00000
v -0.19232 0.07500 6.02000
v -0.17500 0.07500 6.03000
vt 0.00000 0.00000
vt 0.16667 0.00000
vt 0.33333 0.00000
vt 0.50000 0.00000
vt 0.66667 0.00000
vt 0.83333 0.00000
vt 1.00000 0.00000
vt 0.00000 1.00000
vt 0.16667 1.00000
vt 0.33333 1.00000
vt 0.50000 1.00000
vt 0.66667 1.00000
vt 0.83333 1.00000
vt 1.00000 1.00000
vt 0.50000 0.50000
vt 0.50000 0.50000
vt 0.50000 0.50000
vt 0.50000 0.50000
vt 0.50000 0.50000
vt 0.50000 0.50000
vt 1.00000 0.50000
vt 0.75000 0.06699
vt 0.25000 0.06699
vt 0.00000 0.50000
vt 0.25000 0.93301
vt 0.75000 0.93301
vt 1.00000 0.50000
vt 0.50000 0.50000
vt 0.50000 0.50000
vt 0.50000 0.50000
vt 0.50000 0.50000
vt 0.50000 0.50000
vt 0.50000 0.50000
vt 1.00000 0.50000
vt 0.75000 0.93301
vt 0.25000 0.93301
vt 0.00000 0.50000
vt 0.25000 0.06699
vt 0.75000 0.06699
vt 1.00000 0.50000
f 5441/5441 5448/5448 5442/5442
f 5448/5448 5449/5449 5442/5442
f 5442/5442 5449/5449 5443/5443
f 5449/5449 5450/5450 5443/5443
f 5443/5443 5450/5450 5444/5444
f 5450/5450 5451/5451 5444/5444
f 5444/5444 5451/5451 5445/5445
f 5451/5451 5452/5452 5445/5445
f 5445/5445 5452/5452 5446/5446
f 5452/5452 5453/5453 5446/5446
f 5446/5446 5453/5453 5447/5447
f 5453/5453 5454/5454 5447/5447
f 5461/5461 5462/5462 5455/5455
f 5462/5462 5463/5463 5456/5456
f 5463/5463 5464/5464 5457/5457
f 5464/5464 5465/5465 5458/5458
f 5465/5465 5466/5466 5459/5459
f 5466/5466 5467/5467 5460/5460
f 5475/5475 5474/5474 5468/5468
f 5476/5476 5475/5475 5469/5469
f 5477/5477 5476/5476 5470/5470
f 5478/5478 5477/5477 5471/5471
f 5479/5479 5478/5478 5472/5472
f 5480/5480 5479/5479 5473/5473
v 0.14500 0.67500 6.03000
v 0.16232 0.67500 6.02000
v 0.16232 0.67500 6.00000
v 0.14500 0.67500 5.99000
v 0.12768 0.67500 6.00000
v 0.12768 0.67500 6.02000
v 0.14500 0.67500 6.03000
v 0.14500 0.07500 6.03000
v 0.16232 0.07500 6.02000
v 0.16232 0.07500 6.00000
v 0.14500 0.07500 5.99000
v 0.12768 0.07500 6.00000
v 0.12768 0.07500 6.02000
v 0.14500 0.07500 6.03000
v 0.14500 0.67500 6.01000
v 0.14500 0.67500 6.01000
v 0.14500 0.67500 6.01000
v 0.14500 0.67500 6.01000
v 0.14500 0.67500 6.01000
v 0.14500 0.67500 6.01000
v 0.14500 0.67500 6.03000
v 0.16232 0.67500 6.02000
v 0.16232 0.67500 6.00000
v 0.14500 0.67500 5.99000
v 0.12768 0.67500 6.00000
v 0.12768 0.67500 6.02000
v 0.14500 0.67500 6.03000
v 0.14500 0.07500 6.01000
v 0.14500 0.07500 6.01000
v 0.14500 0.07500 6.01000
v 0.14500 0.07500 6.01000
v 0.14500 0.07500 6.01000
v 0.14500 0.07500 6.01000
v 0.14500 0.07500 6.03000
v 0.16232 0.07500 6.02000
v 0.16232 0.07500 6.00000
v 0.14500 0.07500 5.99000
v 0.12768 0.07500 6.00000
v 0.12768 0.07500 6.02000
v 0.14500 0.07500 6.03000
vt 0.00000 0.00000
vt 0.16667 0.00000
vt 0.33333 0.00000
vt 0.50000 0.00000
vt 0.66667 0.00000
vt 0.83333 0.00000
vt 1.00000 0.00000
vt 0.00000 1.00000
vt 0.16667 1.00000
vt 0.33333 1.00000
vt 0.50000 1.00000
vt 0.66667 1.00000
vt 0.83333 1.00000
vt 1.00000 1.00000
vt 0.50000 0.50000
vt 0.50000 0.50000
vt 0.50000 0.50000
vt 0.50000 0.50000
vt 0.50000 0.50000
vt 0.50000 0.50000
vt 1.00000 0.50000
vt 0.75000 0.06699
vt 0.25000 0.06699
vt 0.00000 0.50000
vt 0.25000 0.93301
vt 0.75000 0.93301
vt 1.00000 0.50000
vt 0.50000 0.50000
vt 0.50000 0.50000
vt 0.50000 0.50000
vt 0.50000 0.50000
vt 0.50000 0.50000
vt 0.50000 0.50000
vt 1.00000 0.50000
vt 0.75000 0.93301
vt 0.25000 0.93301
vt 0.00000 0.50000
vt 0.25000 0.06699
vt 0.75000 0.06699
vt 1.00000 0.50000
f 5481/5481 5488/5488 5482/5482
f 5488/5488 5489/5489 5482/5482
f 5482/5482 5489/5489 5483/5483
f 5489/5489 5490/5490 5483/5483
f 5483/5483 5490/5490 5484/5484
f 5490/5490 5491/5491 5484/5484
f 5484/5484 5491/5491 5485/5485
f 5491/5491 5492/5492 5485/5485
f 5485/5485 5492/5492 5486/5486
f 5492/5492 5493/5493 5486/5486
f 5486/5486 5493/5493 5487/5487
f 5493/5493 5494/5494 5487/5487
f 5501/5501 5502/5502 5495/5495
f 5502/5502 5503/5503 5496/5496
f 5503/5503 5504/5504 5497/5497
f 5504/5504 5505/5505 5498/5498
f 5505/5505 5506/5506 5499/5499
f 5506/5506 5507/5507 5500/5500
f 5515/5515 5514/5514 5508/5508
f 5516/5516 5515/5515 5509/5509
f 5517/5517 5516/5516 5510/5510
f 5518/5518 5517/5517 5511/5511
f 5519/5519 5518/5518 5512/5512
f 5520/5520 5519/5519 5513/5513
v 0.46500 0.67500 6.03000
v 0.48232 0.67500 6.02000
v 0.48232 0.67500 6.00000
v 0.46500 0.67500 5.99000
v 0.44768 0.67500 6.00000
v 0.44768 0.67500 6.02000
v 0.46500 0.67500 6.03000
v 0.46500 0.07500 6.03000
v 0.48232 0.07500 6.02000
v 0.48232 0.07500 6.00000
v 0.46500 0.07500 5.99000
v 0.44768 0.07500 6.00000
v 0.44768 0.07500 6.02000
v 0.46500 0.07500 6.03000
v 0.46500 0.67500 6.01000
v 0.46500 0.67500 6.01000
v 0.46500 0.67500 6.01000
v 0.46500 0.67500 6.01000
v 0.46500 0.67500 6.01000
v 0.46500 0.67500 6.01000
v 0.46500 0.67500 6.03000
v 0.48232 0.67500 6.02000
v 0.48232 0.67500 6.00000
v 0.46500 0.67500 5.99000
v 0.44768 0.67500 6.00000
v 0.44768 0.67500 6.02000
v 0.46500 0.67500 6.03000
v 0.46500 0.07500 6.01000
v 0.46500 0.07500 6.01000
v 0.46500 0.07500 6.01000
v 0.46500 0.07500 6.01000
v 0.46500 0.07500 6.01000
v 0.46500 0.07500 6.01000
v 0.46500 0.07500 6.03000
v 0.48232 0.07500 6.02000
v 0.48232 0.07500 6.00000
v 0.46500 0.07500 5.99000
v 0.44768 0.07500 6.00000
v 0.44768 0.07500 6.02000
v 0.46500 0.07500 6.03000
vt 0.00000 0.00000
vt 0.16667 0.00000
vt 0.33333 0.00000
vt 0.50000 0.00000
vt 0.66667 0.00000
vt 0.83333 0.00000
vt 1.00000 0.00000
vt 0.00000 1.00000
vt 0.16667 1.00000
vt 0.33333 1.00000
vt 0.50000 1.00000
vt 0.66667 1.00000
vt 0.83333 1.00000
vt 1.00000 1.00000
vt 0.50000 0.50000
vt 0.50000 0.50000
vt 0.50000 0.50000
vt 0.50000 0.50000
vt 0.50000 0.50000
vt 0.50000 0.50000
vt 1.00000 0.50000
vt 0.75000 0.06699
vt 0.25000 0.06699
vt 0.00000 0.50000
vt 0.25000 0.93301
vt 0.75000 0.93301
vt 1.00000 0.50000
vt 0.50000 0.50000
vt 0.50000 0.50000
vt 0.50000 0.50000
vt 0.50000 0.50000
vt 0.50000 0.50000
vt 0.50000 0.50000
vt 1.00000 0.50000
vt 0.75000 0.93301
vt 0.25000 0.93301
vt 0.00000 0.50000
vt 0.25000 0.06699
vt 0.75000 0.06699
vt 1.00000 0.50000
f 5521/5521 5528/5528 5522/5522
f 5528/5528 5529/5529 5522/5522
f 5522/5522 5529/5529 5523/5523
f 5529/5529 5530/5530 5523/5523
f 5523/5523 5530/5530 5524/5524
f 5530/5530 5531/5531 5524/5524
f 5524/5524 5531/5531 5525/5525
f 5531/5531 5532/5532 5525/5525
f 5525/5525 5532/5532 5526/5526
f 5532/5532 5533/5533 5526/5526
f 5526/5526 5533/5533 5527/5527
f 5533/5533 5534/5534 5527/5527
f 5541/5541 5542/5542 5535/5535
f 5542/5542 5543/5543 5536/5536
f 5543/5543 5544/5544 5537/5537
f 5544/5544 5545/5545 5538/5538
f 5545/5545 5546/5546 5539/5539
f 5546/5546 5547/5547 5540/5540
f 5555/5555 5554/5554 5548/5548
f 5556/5556 5555/5555 5549/5549
f 5557/5557 5556/5556 5550/5550
f 5558/5558 5557/5557 5551/5551
f 5559/5559 5558/5558 5552/5552
f 5560/5560 5559/5559 5553/5553
v 0.78500 0.67500 6.03000
v 0.80232 0.67500 6.02000
v 0.80232 0.67500 6.00000
v 0.78500 0.67500 5.99000
v 0.76768 0.67500 6.00000
v 0.76768 0.67500 6.02000
v 0.78500 0.67500 6.03000
v 0.78500 0.07500 6.03000
v 0.80232 0.07500 6.02000
v 0.80232 0.07500 6.00000
v 0.78500 0.07500 5.99000
v 0.76768 0.07500 6.00000
v 0.76768 0.07500 6.02000
v 0.78500 0.07500 6.03000
v 0.78500 0.67500 6.01000
v 0.78500 0.67500 6.01000
v 0.78500 0.67500 6.01000
v 0.78500 0.67500 6.01000
v 0.78500 0.67500 6.01000
v 0.78500 0.67500 6.01000
v 0.78500 0.67500 6.03000
v 0.80232 0.67500 6.02000
v 0.80232 0.67500 6.00000
v 0.78500 0.67500 5.99000
v 0.76768 0.67500 6.00000
v 0.76768 0.67500 6.02000
v 0.78500 0.67500 6.03000
v 0.78500 0.07500 6.01000
v 0.78500 0.07500 6.01000
v 0.78500 0.07500 6.01000
v 0.78500 0.07500 6.01000
v 0.78500 0.07500 6.01000
v 0.78500 0.07500 6.01000
v 0.78500 0.07500 6.03000
v 0.80232 0.07500 6.02000
v 0.80232 0.07500 6.00000
v 0.78500 0.07500 5.99000
v 0.76768 0.07500 6.00000
v 0.76768 0.07500 6.02000
v 0.78500 0.07500 6.03000
vt 0.00000 0.00000
vt 0.16667 0.00000
vt 0.33333 0.00000
vt 0.50000 0.00000
vt 0.66667 0.00000
vt 0.83333 0.00000
vt 1.00000 0.00000
vt 0.00000 1.00000
vt 0.16667 1.00000
vt 0.33333 1.00000
vt 0.50000 1.00000
vt 0.66667 1.00000
vt 0.83333 1.00000
vt 1.00000 1.00000
vt 0.50000 0.50000
vt 0.50000 0.50000
vt 0.50000 0.50000
vt 0.50000 0.50000
vt 0.50000 0.50000
vt 0.50000 0.50000
vt 1.00000 0.50000
vt 0.75000 0.06699
vt 0.25000 0.06699
vt 0.00000 0.50000
vt 0.25000 0.93301
vt 0.75000 0.93301
vt 1.00000 0.50000
vt 0.50000 0.50000
vt 0.50000 0.50000
vt 0.50000 0.50000
vt 0.50000 0.50000
vt 0.50000 0.50000
vt 0.50000 0.50000
vt 1.00000 0.50000
vt 0.75000 0.93301
vt 0.25000 0.93301
vt 0.00000 0.50000
vt 0.25000 0.06699
vt 0.75000 0.06699
vt 1.00000 0.50000
f 5561/5561 5568/5568 5562/5562
f 5568/5568 5569/5569 5562/5562
f 5562/5562 5569/5569 5563/5563
f 5569/5569 5570/5570 5563/5563
f 5563/5563 5570/5570 5564/5564
f 5570/5570 5571/5571 5564/5564
f 5564/5564 5571/5571 5565/5565
f 5571/5571 5572/5572 5565/5565
f 5565/5565 5572/5572 5566/5566
f 5572/5572 5573/5573 5566/5566
f 5566/5566 5573/5573 5567/5567
f 5573/5573 5574/5574 5567/5567
f 5581/5581 5582/5582 5575/5575
f 5582/5582 5583/5583 5576/5576
f 5583/5583 5584/5584 5577/5577
f 5584/5584 5585/5585 5578/5578
f 5585/5585 5586/5586 5579/5579
f 5586/5586 5587/5587 5580/5580
f 5595/5595 5594/5594 5588/5588
f 5596/5596 5595/5595 5589/5589
f 5597/5597 5596/5596 5590/5590
f 5598/5598 5597/5597 5591/5591
f 5599/5599 5598/5598 5592/5592
f 5600/5600 5599/5599 5593/5593
v 1.10500 0.67500 6.03000
v 1.12232 0.67500 6.02000
v 1.12232 0.67500 6.00000
v 1.10500 0.67500 5.99000
v 1.08768 0.67500 6.00000
v 1.08768 0.67500 6.02000
v 1.10500 0.67500 6.03000
v 1.10500 0.07500 6.03000
v 1.12232 0.07500 6.02000
v 1.12232 0.07500 6.00000
v 1.10500 0.07500 5.99000
v 1.08768 0.07500 6.00000
v 1.08768 0.07500 6.02000
v 1.10500 0.07500 6.03000
v 1.10500 0.67500 6.01000
v 1.10500 0.67500 6.01000
v 1.10500 0.67500 6.01000
v 1.10500 0.67500 6.01000
v 1.10500 0.67500 6.01000
v 1.10500 0.67500 6.01000
v 1.10500 0.67500 6.03000
v 1.12232 0.67500 6.02000
v 1.12232 0.67500 6.00000
v 1.10500 0.67500 5.99000
v 1.08768 0.67500 6.00000
v 1.08768 0.67500 6.02000
v 1.10500 0.67500 6.03000
v 1.10500 0.07500 6.01000
v 1.10500 0.07500 6.01000
v 1.10500 0.07500 6.01000
v 1.10500 0.07500 6.01000
v 1.10500 0.07500 6.01000
v 1.10500 0.07500 6.01000
v 1.10500 0.07500 6.03000
v 1.12232 0.07500 6.02000
v 1.12232 0.07500 6.00000
v 1.10500 0.07500 5.99000
v 1.08768 0.07500 6.00000
v 1.08768 0.07500 6.02000
v 1.10500 0.07500 6.03000
vt 0.00000 0.00000
vt 0.16667 0.00000
vt 0.33333 0.00000
vt 0.50000 0.00000
vt 0.66667 0.00000
vt 0.83333 0.00000
vt 1.00000 0.00000
vt 0.00000 1.00000
vt 0.16667 1.00000
vt 0.33333 1.00000
vt 0.50000 1.00000
vt 0.66667 1.00000
vt 0.83333 1.00000
vt 1.00000 1.00000
vt 0.50000 0.50000
vt 0.50000 0.50000
vt 0.50000 0.50000
vt 0.50000 0.50000
vt 0.50000 0.50000
vt 0.50000 0.50000
vt 1.00000 0.50000
vt 0.75000 0.06699
vt 0.25000 0.06699
vt 0.00000 0.50000
vt 0.25000 0.93301
vt 0.75000 0.93301
vt 1.00000 0.50000
vt 0.50000 0.50000
vt 0.50000 0.50000
vt 0.50000 0.50000
vt 0.50000 0.50000
vt 0.50000 0.50000
vt 0.50000 0.50000
vt 1.00000 0.50000
vt 0.75000 0.93301
vt 0.25000 0.93301
vt 0.00000 0.50000
vt 0.25000 0.06699
vt 0.75000 0.06699
vt 1.00000 0.50000
f 5601/5601 5608/5608 5602/5602
f 5608/5608 5609/5609 5602/5602
f 5602/5602 5609/5609 5603/5603
f 5609/5609 5610/5610 5603/5603
f 5603/5603 5610/5610 5604/5604
f 5610/5610 5611/5611 5604/5604
f 5604/5604 5611/5611 5605/5605
f 5611/5611 5612/5612 5605/5605
f 5605/5605 5612/5612 5606/5606
f 5612/5612 5613/5613 5606/5606
f 5606/5606 5613/5613 5607/5607
f 5613/5613 5614/5614 5607/5607
f 5621/5621 5622/5622 5615/5615
f 5622/5622 5623/5623 5616/5616
f 5623/5623 5624/5624 5617/5617
f 5624/5624 5625/5625 5618/5618
f 5625/5625 5626/5626 5619/5619
f 5626/5626 5627/5627 5620/5620
f 5635/5635 5634/5634 5628/5628
f 5636/5636 5635/5635 5629/5629
f 5637/5637 5636/5636 5630/5630
f 5638/5638 5637/5637 5631/5631
f 5639/5639 5638/5638 5632/5632
f 5640/5640 5639/5639 5633/5633
v 1.42500 0.67500 6.03000
v 1.44232 0.67500 6.02000
v 1.44232 0.67500 6.00000
v 1.42500 0.67500 5.99000
v 1.40768 0.67500 6.00000
v 1.40768 0.67500 6.02000
v 1.42500 0.67500 6.03000
v 1.42500 0.07500 6.03000
v 1.44232 0.07500 6.02000
v 1.44232 0.07500 6.00000
v 1.42500 0.07500 5.99000
v 1.40768 0.07500 6.00000
v 1.40768 0.07500 6.02000
v 1.42500 0.07500 6.03000
v 1.42500 0.67500 6.01000
v 1.42500 0.67500 6.01000
v 1.42500 0.67500 6.01000
v 1.42500 0.67500 6.01000
v 1.42500 0.67500 6.01000
v 1.42500 0.67500 6.01000
v 1.42500 0.67500 6.03000
v 1.44232 0.67500 6.02000
v 1.44232 0.67500 6.00000
v 1.42500 0.67500 5.99000
v 1.40768 0.67500 6.00000
v 1.40768 0.67500 6.02000
v 1.42500 0.67500 6.03000
v 1.42500 0.07500 6.01000
v 1.42500 0.07500 6.01000
v 1.42500 0.07500 6.01000
v 1.42500 0.07500 6.01000
v 1.42500 0.07500 6.01000
v 1.42500 0.07500 6.01000
v 1.42500 0.07500 6.03000
v 1.44232 0.07500 6.02000
v 1.44232 0.07500 6.00000
v 1.42500 0.07500 5.99000
v 1.40768 0.07500 6.00000
v 1.40768 0.07500 6.02000
v 1.42500 0.07500 6.03000
vt 0.00000 0.00000
vt 0.16667 0.00000
vt 0.33333 0.00000
vt 0.50000 0.00000
vt 0.66667 0.00000
vt 0.83333 0.00000
vt 1.00000 0.00000
vt 0.00000 1.00000
vt 0.16667 1.00000
vt 0.33333 1.00000
vt 0.50000 1.00000
vt 0.66667 1.00000
vt 0.83333 1.00000
vt 1.00000 1.00000
vt 0.50000 0.50000
vt 0.50000 0.50000
vt 0.50000 0.50000
vt 0.50000 0.50000
vt 0.50000 0.50000
vt 0.50000 0.50000
vt 1.00000 0.50000
vt 0.75000 0.06699
vt 0.25000 0.06699
vt 0.00000 0.50000
vt 0.25000 0.93301
vt 0.75000 0.93301
vt 1.00000 0.50000
vt 0.50000 0.50000
vt 0.50000 0.50000
vt 0.50000 0.50000
vt 0.50000 0.50000
vt 0.50000 0.50000
vt 0.50000 0.50000
vt 1.00000 0.50000
vt 0.75000 0.93301
vt 0.25000 0.93301
vt 0.00000 0.50000
vt 0.25000 0.06699
vt 0.75000 0.06699
vt 1.00000 0.50000
f 5641/5641 5648/5648 5642/5642
f 5648/5648 5649/5649 5642/5642
f 5642/5642 5649/5649 5643/5643
f 5649/5649 5650/5650 5643/5643
f 5643/5643 5650/5650 5644/5644
f 5650/5650 5651/5651 5644/5644
f 5644/5644 5651/5651 5645/5645
f 5651/5651 5652/5652 5645/5645
f 5645/5645 5652/5652 5646/5646
f 5652/5652 5653/5653 5646/5646
f 5646/5646 5653/5653 5647/5647
f 5653/5653 5654/5654 5647/5647
f 5661/5661 5662/5662 5655/5655
f 5662/5662 5663/5663 5656/5656
f 5663/5663 5664/5664 5657/5657
f 5664/5664 5665/5665 5658/5658
f 5665/5665 5666/5666 5659/5659
f 5666/5666 5667/5667 5660/5660
f 5675/5675 5674/5674 5668/5668
f 5676/5676 5675/5675 5669/5669
f 5677/5677 5676/5676 5670/5670
f 5678/5678 5677/5677 5671/5671
f 5679/5679 5678/5678 5672/5672
f 5680/5680 5679/5679 5673/5673
v 1.74500 0.67500 6.03000
v 1.76232 0.67500 6.02000
v 1.76232 0.67500 6.00000
v 1.74500 0.67500 5.99000
v 1.72768 0.67500 6.00000
v 1.72768 0.67500 6.02000
v 1.74500 0.67500 6.03000
v 1.74500 0.07500 6.03000
v 1.76232 0.07500 6.02000
v 1.76232 0.07500 6.00000
v 1.74500 0.07500 5.99000
v 1.72768 0.07500 6.00000
v 1.72768 0.07500 6.02000
v 1.74500 0.07500 6.03000
v 1.74500 0.67500 6.01000
v 1.74500 0.67500 6.01000
v 1.74500 0.67500 6.01000
v 1.74500 0.67500 6.01000
v 1.74500 0.67500 6.01000
v 1.74500 0.67500 6.01000
v 1.74500 0.67500 6.03000
v 1.76232 0.67500 6.02000
v 1.76232 0.67500 6.00000
v 1.74500 0.67500 5.99000
v 1.72768 0.67500 6.00000
v 1.72768 0.67500 6.02000
v 1.74500 0.67500 6.03000
v 1.74500 0.07500 6.01000
v 1.74500 0.07500 6.01000
v 1.74500 0.07500 6.01000
v 1.74500 0.07500 6.01000
v 1.74500 0.07500 6.01000
v 1.74500 0.07500 6.01000
v 1.74500 0.07500 6.03000
v 1.76232 0.07500 6.02000
v 1.76232 0.07500 6.00000
v 1.74500 0.07500 5.99000
v 1.72768 0.07500 6.00000
v 1.72768 0.07500 6.02000
v 1.74500 0.07500 6.03000
vt 0.00000 0.00000
vt 0.16667 0.00000
vt 0.33333 0.00000
vt 0.50000 0.00000
vt 0.66667 0.00000
vt 0.83333 0.00000
vt 1.00000 0.00000
vt 0.00000 1.00000
vt 0.16667 1.00000
vt 0.33333 1.00000
vt 0.50000 1.00000
vt 0.66667 1.00000
vt 0.83333 1.00000
vt 1.00000 1.00000
vt 0.50000 0.50000
vt 0.50000 0.50000
vt 0.50000 0.50000
vt 0.50000 0.50000
vt 0.50000 0.50000
vt 0.50000 0.50000
vt 1.00000 0.50000
vt 0.75000 0.06699
vt 0.25000 0.06699
vt 0.00000 0.50000
vt 0.25000 0.93301
vt 0.75000 0.93301
vt 1.00000 0.50000
vt 0.50000 0.50000
vt 0.50000 0.50000
vt 0.50000 0.50000
vt 0.50000 0.50000
vt 0.50000 0.50000
vt 0.50000 0.50000
vt 1.00000 0.50000
vt 0.75000 0.93301
vt 0.25000 0.93301
vt 0.00000 0.50000
vt 0.25000 0.06699
vt 0.75000 0.06699
vt 1.00000 0.50000
f 5681/5681 5688/5688 5682/5682
f 5688/5688 5689/5689 5682/5682
f 5682/5682 5689/5689 5683/5683
f 5689/5689 5690/5690 5683/5683
f 5683/5683 5690/5690 5684/5684
f 5690/5690 5691/5691 5684/5684
f 5684/5684 5691/5691 5685/5685
f 5691/5691 5692/5692 5685/5685
f 5685/5685 5692/5692 5686/5686
f 5692/5692 5693/5693 5686/5686
f 5686/5686 5693/5693 5687/5687
f 5693/5693 5694/5694 5687/5687
f 5701/5701 5702/5702 5695/5695
f 5702/5702 5703/5703 5696/5696
f 5703/5703 5704/5704 5697/5697
f 5704/5704 5705/5705 5698/5698
f 5705/5705 5706/5706 5699/5699
f 5706/5706 5707/5707 5700/5700
f 5715/5715 5714/5714 5708/5708
f 5716/5716 5715/5715 5709/5709
f 5717/5717 5716/5716 5710/5710
f 5718/5718 5717/5717 5711/5711
f 5719/5719 5718/5718 5712/5712
f 5720/5720 5719/5719 5713/5713
v 2.06500 0.67500 6.03000
v 2.08232 0.67500 6.02000
v 2.08232 0.67500 6.00000
v 2.06500 0.67500 5.99000
v 2.04768 0.67500 6.00000
v 2.04768 0.67500 6.02000
v 2.06500 0.67500 6.03000
v 2.06500 0.07500 6.03000
v 2.08232 0.07500 6.02000
v 2.08232 0.07500 6.00000
v 2.06500 0.07500 5.99000
v 2.04768 0.07500 6.00000
v 2.04768 0.07500 6.02000
v 2.06500 0.07500 6.03000
v 2.06500 0.67500 6.01000
v 2.06500 0.67500 6.01000
v 2.06500 0.67500 6.01000
v 2.06500 0.67500 6.01000
v 2.06500 0.67500 6.01000
v 2.06500 0.67500 6.01000
v 2.06500 0.67500 6.03000
v 2.08232 0.67500 6.02000
v 2.08232 0.67500 6.00000
v 2.06500 0.67500 5.99000
v 2.04768 0.67500 6.00000
v 2.04768 0.67500 6.02000
v 2.06500 0.67500 6.03000
v 2.06500 0.07500 6.01000
v 2.06500 0.07500 6.01000
v 2.06500 0.07500 6.01000
v 2.06500 0.07500 6.01000
v 2.06500 0.07500 6.01000
v 2.06500 0.07500 6.01000
v 2.06500 0.07500 6.03000
v 2.08232 0.07500 6.02000
v 2.08232 0.07500 6.00000
v 2.06500 0.07500 5.99000
v 2.04768 0.07500 6.00000
v 2.04768 0.07500 6.02000
v 2.06500 0.07500 6.03000
vt 0.00000 0.00000
vt 0.16667 0.00000
vt 0.33333 0.00000
vt 0.50000 0.00000
vt 0.66667 0.00000
vt 0.83333 0.00000
vt 1.00000 0.00000
vt 0.00000 1.00000
vt 0.16667 1.00000
vt 0.33333 1.00000
vt 0.50000 1.00000
vt 0.66667 1.00000
vt 0.83333 1.00000
vt 1.00000 1.00000
vt 0.50000 0.50000
vt 0.50000 0.50000
vt 0.50000 0.50000
vt 0.50000 0.50000
vt 0.50000 0.50000
vt 0.50000 0.50000
vt 1.00000 0.50000
vt 0.75000 0.06699
vt 0.25000 0.06699
vt 0.00000 0.50000
vt 0.25000 0.93301
vt 0.75000 0.93301
vt 1.00000 0.50000
vt 0.50000 0.50000
vt 0.50000 0.50000
vt 0.50000 0.50000
vt 0.50000 0.50000
vt 0.50000 0.50000
vt 0.50000 0.50000
vt 1.00000 0.50000
vt 0.75000 0.93301
vt 0.25000 0.93301
vt 0.00000 0.50000
vt 0.25000 0.06699
vt 0.75000 0.06699
vt 1.00000 0.50000
f 5721/5721 5728/5728 5722/5722
f 5728/5728 5729/5729 5722/5722
f 5722/5722 5729/5729 5723/5723
f 5729/5729 5730/5730 5723/5723
f 5723/5723 5730/5730 5724/5724
f 5730/5730 5731/5731 5724/5724
f 5724/5724 5731/5731 5725/5725
f 5731/5731 5732/5732 5725/5725
f 5725/5725 5732/5732 5726/5726
f 5732/5732 5733/5733 5726/5726
f 5726/5726 5733/5733 5727/5727
f 5733/5733 5734/5734 5727/5727
f 5741/5741 5742/5742 5735/5735
f 5742/5742 5743/5743 5736/5736
f 5743/5743 5744/5744 5737/5737
f 5744/5744 5745/5745 5738/5738
f 5745/5745 5746/5746 5739/5739
f 5746/5746 5747/5747 5740/5740
f 5755/5755 5754/5754 5748/5748
f 5756/5756 5755/5755 5749/5749
f 5757/5757 5756/5756 5750/5750
f 5758/5758 5757/5757 5751/5751
f 5759/5759 5758/5758 5752/5752
f 5760/5760 5759/5759 5753/5753
v 2.38500 0.67500 6.03000
v 2.40232 0.67500 6.02000
v 2.40232 0.67500 6.00000
v 2.38500 0.67500 5.99000
v 2.36768 0.67500 6.00000
v 2.36768 0.67500 6.02000
v 2.38500 0.67500 6.03000
v 2.38500 0.07500 6.03000
v 2.40232 0.07500 6.02000
v 2.40232 0.07500 6.00000
v 2.38500 0.07500 5.99000
v 2.36768 0.07500 6.00000
v 2.36768 0.07500 6.02000
v 2.38500 0.07500 6.03000
v 2.38500 0.67500 6.01000
v 2.38500 0.67500 6.01000
v 2.38500 0.67500 6.01000
v 2.38500 0.67500 6.01000
v 2.38500 0.67500 6.01000
v 2.38500 0.67500 6.01000
v 2.38500 0.67500 6.03000
v 2.40232 0.67500 6.02000
v 2.40232 0.67500 6.00000
v 2.38500 0.67500 5.99000
v 2.36768 0.67500 6.00000
v 2.36768 0.67500 6.02000
v 2.38500 0.67500 6.03000
v 2.38500 0.07500 6.01000
v 2.38500 0.07500 6.01000
v 2.38500 0.07500 6.01000
v 2.38500 0.07500 6.01000
v 2.38500 0.07500 6.01000
v 2.38500 0.07500 6.01000
v 2.38500 0.07500 6.03000
v 2.40232 0.07500 6.02000
v 2.40232 0.07500 6.00000
v 2.38500 0.07500 5.99000
v 2.36768 0.07500 6.00000
v 2.36768 0.07500 6.02000
v 2.38500 0.07500 6.03000
vt 0.00000 0.00000
vt 0.16667 0.00000
vt 0.33333 0.00000
vt 0.50000 0.00000
vt 0.66667 0.00000
vt 0.83333 0.00000
vt 1.00000 0.00000
vt 0.00000 1.00000
vt 0.16667 1.00000
vt 0.33333 1.00000
vt 0.50000 1.00000
vt 0.66667 1.00000
vt 0.83333 1.00000
vt 1.00000 1.00000
vt 0.50000 0.50000
vt 0.50000 0.50000
vt 0.50000 0.50000
vt 0.50000 0.50000
vt 0.50000 0.50000
vt 0.50000 0.50000
vt 1.00000 0.50000
vt 0.75000 0.06699
vt 0.25000 0.06699
vt 0.00000 0.50000
vt 0.25000 0.93301
vt 0.75000 0.93301
vt 1.00000 0.50000
vt 0.50000 0.50000
vt 0.50000 0.50000
vt 0.50000 0.50000
vt 0.50000 0.50000
vt 0.50000 0.50000
vt 0.50000 0.50000
vt 1.00000 0.50000
vt 0.75000 0.93301
vt 0.25000 0.93301
vt 0.00000 0.50000
vt 0.25000 0.06699
vt 0.75000 0.06699
vt 1.00000 0.50000
f 5761/5761 5768/5768 5762/5762
f 5768/5768 5769/5769 5762/5762
f 5762/5762 5769/5769 5763/5763
f 5769/5769 5770/5770 5763/5763
f 5763/5763 5770/5770 5764/5764
f 5770/5770 5771/5771 5764/5764
f 5764/5764 5771/5771 5765/5765
f 5771/5771 5772/5772 5765/5765
f 5765/5765 5772/5772 5766/5766
f 5772/5772 5773/5773 5766/5766
f 5766/5766 5773/5773 5767/5767
f 5773/5773 5774/5774 5767/5767
f 5781/5781 5782/5782 5775/5775
f 5782/5782 5783/5783 5776/5776
f 5783/5783 5784/5784 5777/5777
f 5784/5784 5785/5785 5778/5778
f 5785/5785 5786/5786 5779/5779
f 5786/5786 5787/5787 5780/5780
f 5795/5795 5794/5794 5788/5788
f 5796/5796 5795/5795 5789/5789
f 5797/5797 5796/5796 5790/5790
f 5798/5798 5797/5797 5791/5791
f 5799/5799 5798/5798 5792/5792
f 5800/5800 5799/5799 5793/5793
v 2.70500 0.67500 6.03000
v 2.72232 0.67500 6.02000
v 2.72232 0.67500 6.00000
v 2.70500 0.67500 5.99000
v 2.68768 0.67500 6.00000
v 2.68768 0.67500 6.02000
v 2.70500 0.67500 6.03000
v 2.70500 0.07500 6.03000
v 2.72232 0.07500 6.02000
v 2.72232 0.07500 6.00000
v 2.70500 0.07500 5.99000
v 2.68768 0.07500 6.00000
v 2.68768 0.07500 6.02000
v 2.70500 0.07500 6.03000
v 2.70500 0.67500 6.01000
v 2.70500 0.67500 6.01000
v 2.70500 0.67500 6.01000
v 2.70500 0.67500 6.01000
v 2.70500 0.67500 6.01000
v 2.70500 0.67500 6.01000
v 2.70500 0.67500 6.03000
v 2.72232 0.67500 6.02000
v 2.72232 0.67500 6.00000
v 2.70500 0.67500 5.99000
v 2.68768 0.67500 6.00000
v 2.68768 0.67500 6.02000
v 2.70500 0.67500 6.03000
v 2.70500 0.07500 6.01000
v 2.70500 0.07500 6.01000
v 2.70500 0.07500 6.01000
v 2.70500 0.07500 6.01000
v 2.70500 0.07500 6.01000
v 2.70500 0.07500 6.01000
v 2.70500 0.07500 6.03000
v 2.72232 0.07500 6.02000
v 2.72232 0.07500 6.00000
v 2.70500 0.07500 5.99000
v 2.68768 0.07500 6.00000
v 2.68768 0.07500 6.02000
v 2.70500 0.07500 6.03000
vt 0.00000 0.00000
vt 0.16667 0.00000
vt 0.33333 0.00000
vt 0.50000 0.00000
vt 0.66667 0.00000
vt 0.83333 0.00000
vt 1.00000 0.00000
vt 0.00000 1.00000
vt 0.16667 1.00000
vt 0.33333 1.00000
vt 0.50000 1.00000
vt 0.66667 1.00000
vt 0.83333 1.00000
vt 1.00000 1.00000
vt 0.50000 0.50000
vt 0.50000 0.50000
vt 0.50000 0.50000
vt 0.50000 0.50000
vt 0.50000 0.50000
vt 0.50000 0.50000
vt 1.00000 0.50000
vt 0.75000 0.06699
vt 0.25000 0.06699
vt 0.00000 0.50000
vt 0.25000 0.93301
vt 0.75000 0.93301
vt 1.00000 0.50000
vt 0.50000 0.50000
vt 0.50000 0.50000
vt 0.50000 0.50000
vt 0.50000 0.50000
vt 0.50000 0.50000
vt 0.50000 0.50000
vt 1.00000 0.50000
vt 0.75000 0.93301
vt 0.25000 0.93301
vt 0.00000 0.50000
vt 0.25000 0.06699
vt 0.75000 0.06699
vt 1.00000 0.50000
f 5801/5801 5808/5808 5802/5802
f 5808/5808 5809/5809 5802/5802
f 5802/5802 5809/5809 5803/5803
f 5809/5809 5810/5810 5803/5803
f 5803/5803 5810/5810 5804/5804
f 5810/5810 5811/5811 5804/5804
f 5804/5804 5811/5811 5805/5805
f 5811/5811 5812/5812 5805/5805
f 5805/5805 5812/5812 5806/5806
f 5812/5812 5813/5813 5806/5806
f 5806/5806 5813/5813 5807/5807
f 5813/5813 5814/5814 5807/5807
f 5821/5821 5822/5822 5815/5815
f 5822/5822 5823/5823 5816/5816
f 5823/5823 5824/5824 5817/5817
f 5824/5824 5825/5825 5818/5818
f 5825/5825 5826/5826 5819/5819
f 5826/5826 5827/5827 5820/5820
f 5835/5835 5834/5834 5828/5828
f 5836/5836 5835/5835 5829/5829
f 5837/5837 5836/5836 5830/5830
f 5838/5838 5837/5837 5831/5831
f 5839/5839 5838/5838 5832/5832
f 5840/5840 5839/5839 5833/5833
v 3.02500 0.67500 6.03000
v 3.04232 0.67500 6.02000
v 3.04232 0.67500 6.00000
v 3.02500 0.67500 5.99000
v 3.00768 0.67500 6.00000
v 3.00768 0.67500 6.02000
v 3.02500 0.67500 6.03000
v 3.02500 0.07500 6.03000
v 3.04232 0.07500 6.02000
v 3.04232 0.07500 6.00000
v 3.02500 0.07500 5.99000
v 3.00768 0.07500 6.00000
v 3.00768 0.07500 6.02000
v 3.02500 0.07500 6.03000
v 3.02500 0.67500 6.01000
v 3.02500 0.67500 6.01000
v 3.02500 0.67500 6.01000
v 3.02500 0.67500 6.01000
v 3.02500 0.67500 6.01000
v 3.02500 0.67500 6.01000
v 3.02500 0.67500 6.03000
v 3.04232 0.67500 6.02000
v 3.04232 0.67500 6.00000
v 3.02500 0.67500 5.99000
v 3.00768 0.67500 6.00000
v 3.00768 0.67500 6.02000
v 3.02500 0.67500 6.03000
v 3.02500 0.07500 6.01000
v 3.02500 0.07500 6.01000
v 3.02500 0.07500 6.01000
v 3.02500 0.07500 6.01000
v 3.02500 0.07500 6.01000
v 3.02500 0.07500 6.01000
v 3.02500 0.07500 6.03000
v 3.04232 0.07500 6.02000
v 3.04232 0.07500 6.00000
v 3.02500 0.07500 5.99000
v 3.00768 0.07500 6.00000
v 3.00768 0.07500 6.02000
v 3.02500 0.07500 6.03000
vt 0.00000 0.00000
vt 0.16667 0.00000
vt 0.33333 0.00000
vt 0.50000 0.00000
vt 0.66667 0.00000
vt 0.83333 0.00000
vt 1.00000 0.00000
vt 0.00000 1.00000
vt 0.16667 1.00000
vt 0.33333 1.00000
vt 0.50000 1.00000
vt 0.66667 1.00000
vt 0.83333 1.00000
vt 1.00000 1.00000
vt 0.50000 0.50000
vt 0.50000 0.50000
vt 0.50000 0.50000
vt 0.50000 0.50000
vt 0.50000 0.50000
vt 0.50000 0.50000
vt 1.00000 0.50000
vt 0.75000 0.06699
vt 0.25000 0.06699
vt 0.00000 0.50000
vt 0.25000 0.93301
vt 0.75000 0.93301
vt 1.00000 0.50000
vt 0.50000 0.50000
vt 0.50000 0.50000
vt 0.50000 0.50000
vt 0.50000 0.50000
vt 0.50000 0.50000
vt 0.50000 0.50000
vt 1.00000 0.50000
vt 0.75000 0.93301
vt 0.25000 0.93301
vt 0.00000 0.50000
vt 0.25000 0.06699
vt 0.75000 0.06699
vt 1.00000 0.50000
f 5841/5841 5848/5848 5842/5842
f 5848/5848 5849/5849 5842/5842
f 5842/5842 5849/5849 5843/5843
f 5849/5849 5850/5850 5843/5843
f 5843/5843 5850/5850 5844/5844
f 5850/5850 5851/5851 5844/5844
f 5844/5844 5851/5851 5845/5845
f 5851/5851 5852/5852 5845/5845
f 5845/5845 5852/5852 5846/5846
f 5852/5852 5853/5853 5846/5846
f 5846/5846 5853/5853 5847/5847
f 5853/5853 5854/5854 5847/5847
f 5861/5861 5862/5862 5855/5855
f 5862/5862 5863/5863 5856/5856
f 5863/5863 5864/5864 5857/5857
f 5864/5864 5865/5865 5858/5858
f 5865/5865 5866/5866 5859/5859
f 5866/5866 5867/5867 5860/5860
f 5875/5875 5874/5874 5868/5868
f 5876/5876 5875/5875 5869/5869
f 5877/5877 5876/5876 5870/5870
f 5878/5878 5877/5877 5871/5871
f 5879/5879 5878/5878 5872/5872
f 5880/5880 5879/5879 5873/5873
v 3.34500 0.67500 6.03000
v 3.36232 0.67500 6.02000
v 3.36232 0.67500 6.00000
v 3.34500 0.67500 5.99000
v 3.32768 0.67500 6.00000
v 3.32768 0.67500 6.02000
v 3.34500 0.67500 6.03000
v 3.34500 0.07500 6.03000
v 3.36232 0.07500 6.02000
v 3.36232 0.07500 6.00000
v 3.34500 0.07500 5.99000
v 3.32768 0.07500 6.00000
v 3.32768 0.07500 6.02000
v 3.34500 0.07500 6.03000
v 3.34500 0.67500 6.01000
v 3.34500 0.67500 6.01000
v 3.34500 0.67500 6.01000
v 3.34500 0.67500 6.01000
v 3.34500 0.67500 6.01000
v 3.34500 0.67500 6.01000
v 3.34500 0.67500 6.03000
v 3.36232 0.67500 6.02000
v 3.36232 0.67500 6.00000
v 3.34500 0.67500 5.99000
v 3.32768 0.67500 6.00000
v 3.32768 0.67500 6.02000
v 3.34500 0.67500 6.03000
v 3.34500 0.07500 6.01000
v 3.34500 0.07500 6.01000
v 3.34500 0.07500 6.01000
v 3.34500 0.07500 6.01000
v 3.34500 0.07500 6.01000
v 3.34500 0.07500 6.01000
v 3.34500 0.07500 6.03000
v 3.36232 0.07500 6.02000
v 3.36232 0.07500 6.00000
v 3.34500 0.07500 5.99000
v 3.32768 0.07500 6.00000
v 3.32768 0.07500 6.02000
v 3.34500 0.07500 6.03000
vt 0.00000 0.00000
vt 0.16667 0.00000
vt 0.33333 0.00000
vt 0.50000 0.00000
vt 0.66667 0.00000
vt 0.83333 0.00000
vt 1.00000 0.00000
vt 0.00000 1.00000
vt 0.16667 1.00000
vt 0.33333 1.00000
vt 0.50000 1.00000
vt 0.66667 1.00000
vt 0.83333 1.00000
vt 1.00000 1.00000
vt 0.50000 0.50000
vt 0.50000 0.50000
vt 0.50000 0.50000
vt 0.50000 0.50000
vt 0.50000 0.50000
vt 0.50000 0.50000
vt 1.00000 0.50000
vt 0.75000 0.06699
vt 0.25000 0.06699
vt 0.00000 0.50000
vt 0.25000 0.93301
vt 0.75000 0.93301
vt 1.00000 0.50000
vt 0.50000 0.50000
vt 0.50000 0.50000
vt 0.50000 0.50000
vt 0.50000 0.50000
vt 0.50000 0.50000
vt 0.50000 0.50000
vt 1.00000 0.50000
vt 0.75000 0.93301
vt 0.25000 0.93301
vt 0.00000 0.50000
vt 0.25000 0.06699
vt 0.75000 0.06699
vt 1.00000 0.50000
f 5881/5881 5888/5888 5882/5882
f 5888/5888 5889/5889 5882/5882
f 5882/5882 5889/5889 5883/5883
f 5889/5889 5890/5890 5883/5883
f 5883/5883 5890/5890 5884/5884
f 5890/5890 5891/5891 5884/5884
f 5884/5884 5891/5891 5885/5885
f 5891/5891 5892/5892 5885/5885
f 5885/5885 5892/5892 5886/5886
f 5892/5892 5893/5893 5886/5886
f 5886/5886 5893/5893 5887/5887
f 5893/5893 5894/5894 5887/5887
f 5901/5901 5902/5902 5895/5895
f 5902/5902 5903/5903 5896/5896
f 5903/5903 5904/5904 5897/5897
f 5904/5904 5905/5905 5898/5898
f 5905/5905 5906/5906 5899/5899
f 5906/5906 5907/5907 5900/5900
f 5915/5915 5914/5914 5908/5908
f 5916/5916 5915/5915 5909/5909
f 5917/5917 5916/5916 5910/5910
f 5918/5918 5917/5917 5911/5911
f 5919/5919 5918/5918 5912/5912
f 5920/5920 5919/5919 5913/5913
v 3.66500 0.67500 6.03000
v 3.68232 0.67500 6.02000
v 3.68232 0.67500 6.00000
v 3.66500 0.67500 5.99000
v 3.64768 0.67500 6.00000
v 3.64768 0.67500 6.02000
v 3.66500 0.67500 6.03000
v 3.66500 0.07500 6.03000
v 3.68232 0.07500 6.02000
v 3.68232 0.07500 6.00000
v 3.66500 0.07500 5.99000
v 3.64768 0.07500 6.00000
v 3.64768 0.07500 6.02000
v 3.66500 0.07500 6.03000
v 3.66500 0.67500 6.01000
v 3.66500 0.67500 6.01000
v 3.66500 0.67500 6.01000
v 3.66500 0.67500 6.01000
v 3.66500 0.67500 6.01000
v 3.66500 0.67500 6.01000
v 3.66500 0.67500 6.03000
v 3.68232 0.67500 6.02000
v 3.68232 0.67500 6.00000
v 3.66500 0.67500 5.99000
v 3.64768 0.67500 6.00000
v 3.64768 0.67500 6.02000
v 3.66500 0.67500 6.03000
v 3.66500 0.07500 6.01000
v 3.66500 0.07500 6.01000
v 3.66500 0.07500 6.01000
v 3.66500 0.07500 6.01000
v 3.66500 0.07500 6.01000
v 3.66500 0.07500 6.01000
v 3.66500 0.07500 6.03000
v 3.68232 0.07500 6.02000
v 3.68232 0.07500 6.00000
v 3.66500 0.07500 5.99000
v 3.64768 0.07500 6.00000
v 3.64768 0.07500 6.02000
v 3.66500 0.07500 6.03000
vt 0.00000 0.00000
vt 0.16667 0.00000
vt 0.33333 0.00000
vt 0.50000 0.00000
vt 0.66667 0.00000
vt 0.83333 0.00000
vt 1.00000 0.00000
vt 0.00000 1.00000
vt 0.16667 1.00000
vt 0.33333 1.00000
vt 0.50000 1.00000
vt 0.66667 1.00000
vt 0.83333 1.00000
vt 1.00000 1.00000
vt 0.50000 0.50000
vt 0.50000 0.50000
vt 0.50000 0.50000
vt 0.50000 0.50000
vt 0.50000 0.50000
vt 0.50000 0.50000
vt 1.00000 0.50000
vt 0.75000 0.06699
vt 0.25000 0.06699
vt 0.00000 0.50000
vt 0.25000 0.93301
vt 0.75000 0.93301
vt 1.00000 0.50000
vt 0.50000 0.50000
vt 0.50000 0.50000
vt 0.50000 0.50000
vt 0.50000 0.50000
vt 0.50000 0.50000
vt 0.50000 0.50000
vt 1.00000 0.50000
vt 0.75000 0.93301
vt 0.25000 0.93301
vt 0.00000 0.50000
vt 0.25000 0.06699
vt 0.75000 0.06699
vt 1.00000 0.50000
f 5921/5921 5928/5928 5922/5922
f 5928/5928 5929/5929 5922/5922
f 5922/5922 5929/5929 5923/5923
f 5929/5929 5930/5930 5923/5923
f 5923/5923 5930/5930 5924/5924
f 5930/5930 5931/5931 5924/5924
f 5924/5924 5931/5931 5925/5925
f 5931/5931 5932/5932 5925/5925
f 5925/5925 5932/5932 5926/5926
f 5932/5932 5933/5933 5926/5926
f 5926/5926 5933/5933 5927/5927
f 5933/5933 5934/5934 5927/5927
f 5941/5941 5942/5942 5935/5935
f 5942/5942 5943/5943 5936/5936
f 5943/5943 5944/5944 5937/5937
f 5944/5944 5945/5945 5938/5938
f 5945/5945 5946/5946 5939/5939
f 5946/5946 5947/5947 5940/5940
f 5955/5955 5954/5954 5948/5948
f 5956/5956 5955/5955 5949/5949
f 5957/5957 5956/5956 5950/5950
f 5958/5958 5957/5957 5951/5951
f 5959/5959 5958/5958 5952/5952
f 5960/5960 5959/5959 5953/5953
v 3.98500 0.67500 6.03000
v 4.00232 0.67500 6.02000
v 4.00232 0.67500 6.00000
v 3.98500 0.67500 5.99000
v 3.96768 0.67500 6.00000
v 3.96768 0.67500 6.02000
v 3.98500 0.67500 6.03000
v 3.98500 0.07500 6.03000
v 4.00232 0.07500 6.02000
v 4.00232 0.07500 6.00000
v 3.98500 0.07500 5.99000
v 3.96768 0.07500 6.00000
v 3.96768 0.07500 6.02000
v 3.98500 0.07500 6.03000
v 3.98500 0.67500 6.01000
v 3.98500 0.67500 6.01000
v 3.98500 0.67500 6.01000
v 3.98500 0.67500 6.01000
v 3.98500 0.67500 6.01000
v 3.98500 0.67500 6.01000
v 3.98500 0.67500 6.03000
v 4.00232 0.67500 6.02000
v 4.00232 0.67500 6.00000
v 3.98500 0.67500 5.99000
v 3.96768 0.67500 6.00000
v 3.96768 0.67500 6.02000
v 3.98500 0.67500 6.03000
v 3.98500 0.07500 6.01000
v 3.98500 0.07500 6.01000
v 3.98500 0.07500 6.01000
v 3.98500 0.07500 6.01000
v 3.98500 0.07500 6.01000
v 3.98500 0.07500 6.01000
v 3.98500 0.07500 6.03000
v 4.00232 0.07500 6.02000
v 4.00232 0.07500 6.00000
v 3.98500 0.07500 5.99000
v 3.96768 0.07500 6.00000
v 3.96768 0.07500 6.02000
v 3.98500 0.07500 6.03000
vt 0.00000 0.00000
vt 0.16667 0.00000
vt 0.33333 0.00000
vt 0.50000 0.00000
vt 0.66667 0.00000
vt 0.83333 0.00000
vt 1.00000 0.00000
vt 0.00000 1.00000
vt 0.16667 1.00000
vt 0.33333 1.00000
vt 0.50000 1.00000
vt 0.66667 1.00000
vt 0.83333 1.00000
vt 1.00000 1.00000
vt 0.50000 0.50000
vt 0.50000 0.50000
vt 0.50000 0.50000
vt 0.50000 0.50000
vt 0.50000 0.50000
vt 0.50000 0.50000
vt 1.00000 0.50000
vt 0.75000 0.06699
vt 0.25000 0.06699
vt 0.00000 0.50000
vt 0.25000 0.93301
vt 0.75000 0.93301
vt 1.00000 0.50000
vt 0.50000 0.50000
vt 0.50000 0.50000
vt 0.50000 0.50000
vt 0.50000 0.50000
vt 0.50000 0.50000
vt 0.50000 0.50000
vt 1.00000 0.50000
vt 0.75000 0.93301
vt 0.25000 0.93301
vt 0.00000 0.50000
vt 0.25000 0.06699
vt 0.75000 0.06699
vt 1.00000 0.50000
f 5961/5961 5968/5968 5962/5962
f 5968/5968 5969/5969 5962/5962
f 5962/5962 5969/5969 5963/5963
f 5969/5969 5970/5970 5963/5963
f 5963/5963 5970/5970 5964/5964
f 5970/5970 5971/5971 5964/5964
f 5964/5964 5971/5971 5965/5965
f 5971/5971 5972/5972 5965/5965
f 5965/5965 5972/5972 5966/5966
f 5972/5972 5973/5973 5966/5966
f 5966/5966 5973/5973 5967/5967
f 5973/5973 5974/5974 5967/5967
f 5981/5981 5982/5982 5975/5975
f 5982/5982 5983/5983 5976/5976
f 5983/5983 5984/5984 5977/5977
f 5984/5984 5985/5985 5978/5978
f 5985/5985 5986/5986 5979/5979
f 5986/5986 5987/5987 5980/5980
f 5995/5995 5994/5994 5988/5988
f 5996/5996 5995/5995 5989/5989
f 5997/5997 5996/5996 5990/5990
f 5998/5998 5997/5997 5991/5991
f 5999/5999 5998/5998 5992/5992
f 6000/6000 5999/5999 5993/5993
v 4.30500 0.67500 6.03000
v 4.32232 0.67500 6.02000
v 4.32232 0.67500 6.00000
v 4.30500 0.67500 5.99000
v 4.28768 0.67500 6.00000
v 4.28768 0.67500 6.02000
v 4.30500 0.67500 6.03000
v 4.30500 0.07500 6.03000
v 4.32232 0.07500 6.02000
v 4.32232 0.07500 6.00000
v 4.30500 0.07500 5.99000
v 4.28768 0.07500 6.00000
v 4.28768 0.07500 6.02000
v 4.30500 0.07500 6.03000
v 4.30500 0.67500 6.01000
v 4.30500 0.67500 6.01000
v 4.30500 0.67500 6.01000
v 4.30500 0.67500 6.01000
v 4.30500 0.67500 6.01000
v 4.30500 0.67500 6.01000
v 4.30500 0.67500 6.03000
v 4.32232 0.67500 6.02000
v 4.32232 0.67500 6.00000
v 4.30500 0.67500 5.99000
v 4.28768 0.67500 6.00000
v 4.28768 0.67500 6.02000
v 4.30500 0.67500 6.03000
v 4.30500 0.07500 6.01000
v 4.30500 0.07500 6.01000
v 4.30500 0.07500 6.01000
v 4.30500 0.07500 6.01000
v 4.30500 0.07500 6.01000
v 4.30500 0.07500 6.01000
v 4.30500 0.07500 6.03000
v 4.32232 0.07500 6.02000
v 4.32232 0.07500 6.00000
v 4.30500 0.07500 5.99000
v 4.28768 0.07500 6.00000
v 4.28768 0.07500 6.02000
v 4.30500 0.07500 6.03000
vt 0.00000 0.00000
vt 0.16667 0.00000
vt 0.33333 0.00000
vt 0.50000 0.00000
vt 0.66667 0.00000
vt 0.83333 0.00000
vt 1.00000 0.00000
vt 0.00000 1.00000
vt 0.16667 1.00000
vt 0.33333 1.00000
vt 0.50000 1.00000
vt 0.66667 1.00000
vt 0.83333 1.00000
vt 1.00000 1.00000
vt 0.50000 0.50000
vt 0.50000 0.50000
vt 0.50000 0.50000
vt 0.50000 0.50000
vt 0.50000 0.50000
vt 0.50000 0.50000
vt 1.00000 0.50000
vt 0.75000 0.06699
vt 0.25000 0.06699
vt 0.00000 0.50000
vt 0.25000 0.93301
vt 0.75000 0.93301
vt 1.00000 0.50000
vt 0.50000 0.50000
vt 0.50000 0.50000
vt 0.50000 0.50000
vt 0.50000 0.50000
vt 0.50000 0.50000
vt 0.50000 0.50000
vt 1.00000 0.50000
vt 0.75000 0.93301
vt 0.25000 0.93301
vt 0.00000 0.50000
vt 0.25000 0.06699
vt 0.75000 0.06699
vt 1.00000 0.50000
f 6001/6001 6008/6008 6002/6002
f 6008/6008 6009/6009 6002/6002
f 6002/6002 6009/6009 6003/6003
f 6009/6009 6010/6010 6003/6003
f 6003/6003 6010/6010 6004/6004
f 6010/6010 6011/6011 6004/6004
f 6004/6004 6011/6011 6005/6005
f 6011/6011 6012/6012 6005/6005
f 6005/6005 6012/6012 6006/6006
f 6012/6012 6013/6013 6006/6006
f 6006/6006 6013/6013 6007/6007
f 6013/6013 6014/6014 6007/6007
f 6021/6021 6022/6022 6015/6015
f 6022/6022 6023/6023 6016/6016
f 6023/6023 6024/6024 6017/6017
f 6024/6024 6025/6025 6018/6018
f 6025/6025 6026/6026 6019/6019
f 6026/6026 6027/6027 6020/6020
f 6035/6035 6034/6034 6028/6028
f 6036/6036 6035/6035 6029/6029
f 6037/6037 6036/6036 6030/6030
f 6038/6038 6037/6037 6031/6031
f 6039/6039 6038/6038 6032/6032
f 6040/6040 6039/6039 6033/6033
v 4.62500 0.67500 6.03000
v 4.64232 0.67500 6.02000
v 4.64232 0.67500 6.00000
v 4.62500 0.67500 5.99000
v 4.60768 0.67500 6.00000
v 4.60768 0.67500 6.02000
v 4.62500 0.67500 6.03000
v 4.62500 0.07500 6.03000
v 4.64232 0.07500 6.02000
v 4.64232 0.07500 6.00000
v 4.62500 0.07500 5.99000
v 4.60768 0.07500 6.00000
v 4.60768 0.07500 6.02000
v 4.62500 0.07500 6.03000
v 4.62500 0.67500 6.01000
v 4.62500 0.67500 6.01000
v 4.62500 0.67500 6.01000
v 4.62500 0.67500 6.01000
v 4.62500 0.67500 6.01000
v 4.62500 0.67500 6.01000
v 4.62500 0.67500 6.03000
v 4.64232 0.67500 6.02000
v 4.64232 0.67500 6.00000
v 4.62500 0.67500 5.99000
v 4.60768 0.67500 6.00000
v 4.60768 0.67500 6.02000
v 4.62500 0.67500 6.03000
v 4.62500 0.07500 6.01000
v 4.62500 0.07500 6.01000
v 4.62500 0.07500 6.01000
v 4.62500 0.07500 6.01000
v 4.62500 0.07500 6.01000
v 4.62500 0.07500 6.01000
v 4.62500 0.07500 6.03000
v 4.64232 0.07500 6.02000
v 4.64232 0.07500 6.00000
v 4.62500 0.07500 5.99000
v 4.60768 0.07500 6.00000
v 4.60768 0.07500 6.02000
v 4.62500 0.07500 6.03000
vt 0.00000 0.00000
vt 0.16667 0.00000
vt 0.33333 0.00000
vt 0.50000 0.00000
vt 0.66667 0.00000
vt 0.83333 0.00000
vt 1.00000 0.00000
vt 0.00000 1.00000
vt 0.16667 1.00000
vt 0.33333 1.00000
vt 0.50000 1.00000
vt 0.66667 1.00000
vt 0.83333 1.00000
vt 1.00000 1.00000
vt 0.50000 0.50000
vt 0.50000 0.50000
vt 0.50000 0.50000
vt 0.50000 0.50000
vt 0.50000 0.50000
vt 0.50000 0.50000
vt 1.00000 0.50000
vt 0.75000 0.06699
vt 0.25000 0.06699
vt 0.00000 0.50000
vt 0.25000 0.93301
vt 0.75000 0.93301
vt 1.00000 0.50000
vt 0.50000 0.50000
vt 0.50000 0.50000
vt 0.50000 0.50000
vt 0.50000 0.50000
vt 0.50000 0.50000
vt 0.50000 0.50000
vt 1.00000 0.50000
vt 0.75000 0.93301
vt 0.25000 0.93301
vt 0.00000 0.50000
vt 0.25000 0.06699
vt 0.75000 0.06699
vt 1.00000 0.50000
f 6041/6041 6048/6048 6042/6042
f 6048/6048 6049/6049 6042/6042
f 6042/6042 6049/6049 6043/6043
f 6049/6049 6050/6050 6043/6043
f 6043/6043 6050/6050 6044/6044
f 6050/6050 6051/6051 6044/6044
f 6044/6044 6051/6051 6045/6045
f 6051/6051 6052/6052 6045/6045
f 6045/6045 6052/6052 6046/6046
f 6052/6052 6053/6053 6046/6046
f 6046/6046 6053/6053 6047/6047
f 6053/6053 6054/6054 6047/6047
f 6061/6061 6062/6062 6055/6055
f 6062/6062 6063/6063 6056/6056
f 6063/6063 6064/6064 6057/6057
f 6064/6064 6065/6065 6058/6058
f 6065/6065 6066/6066 6059/6059
f 6066/6066 6067/6067 6060/6060
f 6075/6075 6074/6074 6068/6068
f 6076/6076 6075/6075 6069/6069
f 6077/6077 6076/6076 6070/6070
f 6078/6078 6077/6077 6071/6071
f 6079/6079 6078/6078 6072/6072
f 6080/6080 6079/6079 6073/6073
v 4.94500 0.67500 6.03000
v 4.96232 0.67500 6.02000
v 4.96232 0.67500 6.00000
v 4.94500 0.67500 5.99000
v 4.92768 0.67500 6.00000
v 4.92768 0.67500 6.02000
v 4.94500 0.67500 6.03000
v 4.94500 0.07500 6.03000
v 4.96232 0.07500 6.02000
v 4.96232 0.07500 6.00000
v 4.94500 0.07500 5.99000
v 4.92768 0.07500 6.00000
v 4.92768 0.07500 6.02000
v 4.94500 0.07500 6.03000
v 4.94500 0.67500 6.01000
v 4.94500 0.67500 6.01000
v 4.94500 0.67500 6.01000
v 4.94500 0.67500 6.01000
v 4.94500 0.67500 6.01000
v 4.94500 0.67500 6.01000
v 4.94500 0.67500 6.03000
v 4.96232 0.67500 6.02000
v 4.96232 0.67500 6.00000
v 4.94500 0.67500 5.99000
v 4.92768 0.67500 6.00000
v 4.92768 0.67500 6.02000
v 4.94500 0.67500 6.03000
v 4.94500 0.07500 6.01000
v 4.94500 0.07500 6.01000
v 4.94500 0.07500 6.01000
v 4.94500 0.07500 6.01000
v 4.94500 0.07500 6.01000
v 4.94500 0.07500 6.01000
v 4.94500 0.07500 6.03000
v 4.96232 0.07500 6.02000
v 4.96232 0.07500 6.00000
v 4.94500 0.07500 5.99000
v 4.92768 0.07500 6.00000
v 4.92768 0.07500 6.02000
v 4.94500 0.07500 6.03000
vt 0.00000 0.00000
vt 0.16667 0.00000
vt 0.33333 0.00000
vt 0.50000 0.00000
vt 0.66667 0.00000
vt 0.83333 0.00000
vt 1.00000 0.00000
vt 0.00000 1.00000
vt 0.16667 1.00000
vt 0.33333 1.00000
vt 0.50000 1.00000
vt 0.66667 1.00000
vt 0.83333 1.00000
vt 1.00000 1.00000
vt 0.50000 0.50000
vt 0.50000 0.50000
vt 0.50000 0.50000
vt 0.50000 0.50000
vt 0.50000 0.50000
vt 0.50000 0.50000
vt 1.00000 0.50000
vt 0.75000 0.06699
vt 0.25000 0.06699
vt 0.00000 0.50000
vt 0.25000 0.93301
vt 0.75000 0.93301
vt 1.00000 0.50000
vt 0.50000 0.50000
vt 0.50000 0.50000
vt 0.50000 0.50000
vt 0.50000 0.50000
vt 0.50000 0.50000
vt 0.50000 0.50000
vt 1.00000 0.50000
vt 0.75000 0.93301
vt 0.25000 0.93301
vt 0.00000 0.50000
vt 0.25000 0.06699
vt 0.75000 0.06699
vt 1.00000 0.50000
f 6081/6081 6088/6088 6082/6082
f 6088/6088 6089/6089 6082/6082
f 6082/6082 6089/6089 6083/6083
f 6089/6089 6090/6090 6083/6083
f 6083/6083 6090/6090 6084/6084
f 6090/6090 6091/6091 6084/6084
f 6084/6084 6091/6091 6085/6085
f 6091/6091 6092/6092 6085/6085
f 6085/6085 6092/6092 6086/6086
f 6092/6092 6093/6093 6086/6086
f 6086/6086 6093/6093 6087/6087
f 6093/6093 6094/6094 6087/6087
f 6101/6101 6102/6102 6095/6095
f 6102/6102 6103/6103 6096/6096
f 6103/6103 6104/6104 6097/6097
f 6104/6104 6105/6105 6098/6098
f 6105/6105 6106/6106 6099/6099
f 6106/6106 6107/6107 6100/6100
f 6115/6115 6114/6114 6108/6108
f 6116/6116 6115/6115 6109/6109
f 6117/6117 6116/6116 6110/6110
f 6118/6118 6117/6117 6111/6111
f 6119/6119 6118/6118 6112/6112
f 6120/6120 6119/6119 6113/6113
v 5.26500 0.67500 6.03000
v 5.28232 0.67500 6.02000
v 5.28232 0.67500 6.00000
v 5.26500 0.67500 5.99000
v 5.24768 0.67500 6.00000
v 5.24768 0.67500 6.02000
v 5.26500 0.67500 6.03000
v 5.26500 0.07500 6.03000
v 5.28232 0.07500 6.02000
v 5.28232 0.07500 6.00000
v 5.26500 0.07500 5.99000
v 5.24768 0.07500 6.00000
v 5.24768 0.07500 6.02000
v 5.26500 0.07500 6.03000
v 5.26500 0.67500 6.01000
v 5.26500 0.67500 6.01000
v 5.26500 0.67500 6.01000
v 5.26500 0.67500 6.01000
v 5.26500 0.67500 6.01000
v 5.26500 0.67500 6.01000
v 5.26500 0.67500 6.03000
v 5.28232 0.67500 6.02000
v 5.28232 0.67500 6.00000
v 5.26500 0.67500 5.99000
v 5.24768 0.67500 6.00000
v 5.24768 0.67500 6.02000
v 5.26500 0.67500 6.03000
v 5.26500 0.07500 6.01000
v 5.26500 0.07500 6.01000
v 5.26500 0.07500 6.01000
v 5.26500 0.07500 6.01000
v 5.26500 0.07500 6.01000
v 5.26500 0.07500 6.01000
v 5.26500 0.07500 6.03000
v 5.28232 0.07500 6.02000
v 5.28232 0.07500 6.00000
v 5.26500 0.07500 5.99000
v 5.24768 0.07500 6.00000
v 5.24768 0.07500 6.02000
v 5.26500 0.07500 6.03000
vt 0.00000 0.00000
vt 0.16667 0.00000
vt 0.33333 0.00000
vt 0.50000 0.00000
vt 0.66667 0.00000
vt 0.83333 0.00000
vt 1.00000 0.00000
vt 0.00000 1.00000
vt 0.16667 1.00000
vt 0.33333 1.00000
vt 0.50000 1.00000
vt 0.66667 1.00000
vt 0.83333 1.00000
vt 1.00000 1.00000
vt 0.50000 0.50000
vt 0.50000 0.50000
vt 0.50000 0.50000
vt 0.50000 0.50000
vt 0.50000 0.50000
vt 0.50000 0.50000
vt 1.00000 0.50000
vt 0.75000 0.06699
vt 0.25000 0.06699
vt 0.00000 0.50000
vt 0.25000 0.93301
vt 0.75000 0.93301
vt 1.00000 0.50000
vt 0.50000 0.50000
vt 0.50000 0.50000
vt 0.50000 0.50000
vt 0.50000 0.50000
vt 0.50000 0.50000
vt 0.50000 0.50000
vt 1.00000 0.50000
vt 0.75000 0.93301
vt 0.25000 0.93301
vt 0.00000 0.50000
vt 0.25000 0.06699
vt 0.75000 0.06699
vt 1.00000 0.50000
f 6121/6121 6128/6128 6122/6122
f 6128/6128 6129/6129 6122/6122
f 6122/6122 6129/6129 6123/6123
f 6129/6129 6130/6130 6123/6123
f 6123/6123 6130/6130 6124/6124
f 6130/6130 6131/6131 6124/6124
f 6124/6124 6131/6131 6125/6125
f 6131/6131 6132/6132 6125/6125
f 6125/6125 6132/6132 6126/6126
f 6132/6132 6133/6133 6126/6126
f 6126/6126 6133/6133 6127/6127
f 6133/6133 6134/6134 6127/6127
f 6141/6141 6142/6142 6135/6135
f 6142/6142 6143/6143 6136/6136
f 6143/6143 6144/6144 6137/6137
f 6144/6144 6145/6145 6138/6138
f 6145/6145 6146/6146 6139/6139
f 6146/6146 6147/6147 6140/6140
f 6155/6155 6154/6154 6148/6148
f 6156/6156 6155/6155 6149/6149
f 6157/6157 6156/6156 6150/6150
f 6158/6158 6157/6157 6151/6151
f 6159/6159 6158/6158 6152/6152
f 6160/6160 6159/6159 6153/6153
v -10.57500 3.21000 1.56000
v -12.87500 3.21000 1.56000
v -10.57500 3.09000 1.56000
v -12.87500 3.09000 1.56000
v -12.87500 3.21000 6.16000
v -10.57500 3.21000 6.16000
v -12.87500 3.09000 6.16000
v -10.57500 3.09000 6.16000
v -12.87500 3.21000 6.16000
v -12.87500 3.21000 1.56000
v -10.57500 3.21000 6.16000
v -10.57500 3.21000 1.56000
v -10.57500 3.09000 6.16000
v -10.57500 3.09000 1.56000
v -12.87500 3.09000 6.16000
v -12.87500 3.09000 1.56000
v -10.57500 3.21000 6.16000
v -10.57500 3.21000 1.56000
v -10.57500 3.09000 6.16000
v -10.57500 3.09000 1.56000
v -12.87500 3.21000 1.56000
v -12.87500 3.21000 6.16000
v -12.87500 3.09000 1.56000
v -12.87500 3.09000 6.16000
vt 0.00000 0.00000
vt 1.00000 0.00000
vt 0.00000 1.00000
vt 1.00000 1.00000
vt 0.00000 0.00000
vt 1.00000 0.00000
vt 0.00000 1.00000
vt 1.00000 1.00000
vt 0.00000 0.00000
vt 1.00000 0.00000
vt 0.00000 1.00000
vt 1.00000 1.00000
vt 0.00000 0.00000
vt 1.00000 0.00000
vt 0.00000 1.00000
vt 1.00000 1.00000
vt 0.00000 0.00000
vt 1.00000 0.00000
vt 0.00000 1.00000
vt 1.00000 1.00000
vt 0.00000 0.00000
vt 1.00000 0.00000
vt 0.00000 1.00000
vt 1.00000 1.00000
f 6161/6161 6163/6163 6162/6162
f 6163/6163 6164/6164 6162/6162
f 6165/6165 6167/6167 6166/6166
f 6167/6167 6168/6168 6166/6166
f 6169/6169 6171/6171 6170/6170
f 6171/6171 6172/6172 6170/6170
f 6173/6173 6175/6175 6174/6174
f 6175/6175 6176/6176 6174/6174
f 6177/6177 6179/6179 6178/6178
f 6179/6179 6180/6180 6178/6178
f 6181/6181 6183/6183 6182/6182
f 6183/6183 6184/6184 6182/6182
v -10.57500 3.14500 1.56000
v -10.63500 3.14500 1.56000
v -10.57500 2.79500 1.56000
v -10.63500 2.79500 1.56000
v -10.63500 3.14500 6.16000
v -10.57500 3.14500 6.16000
v -10.63500 2.79500 6.16000
v -10.57500 2.79500 6.16000
v -10.63500 3.14500 6.16000
v -10.63500 3.14500 1.56000
v -10.57500 3.14500 6.16000
v -10.57500 3.14500 1.56000
v -10.57500 2.79500 6.16000
v -10.57500 2.79500 1.56000
v -10.63500 2.79500 6.16000
v -10.63500 2.79500 1.56000
v -10.57500 3.14500 6.16000
v -10.57500 3.14500 1.56000
v -10.57500 2.79500 6.16000
v -10.57500 2.79500 1.56000
v -10.63500 3.14500 1.56000
v -10.63500 3.14500 6.16000
v -10.63500 2.79500 1.56000
v -10.63500 2.79500 6.16000
vt 0.00000 0.00000
vt 1.00000 0.00000
vt 0.00000 1.00000
vt 1.00000 1.00000
vt 0.00000 0.00000
vt 1.00000 0.00000
vt 0.00000 1.00000
vt 1.00000 1.00000
vt 0.00000 0.00000
vt 1.00000 0.00000
vt 0.00000 1.00000
vt 1.00000 1.00000
vt 0.00000 0.00000
vt 1.00000 0.00000
vt 0.00000 1.00000
vt 1.00000 1.00000
vt 0.00000 0.00000
vt 1.00000 0.00000
vt 0.00000 1.00000
vt 1.00000 1.00000
vt 0.00000 0.00000
vt 1.00000 0.00000
vt 0.00000 1.00000
vt 1.00000 1.00000
f 6185/6185 6187/6187 6186/6186
f 6187/6187 6188/6188 6186/6186
f 6189/6189 6191/6191 6190/6190
f 6191/6191 6192/6192 6190/6190
f 6193/6193 6195/6195 6194/6194
f 6195/6195 6196/6196 6194/6194
f 6197/6197 6199/6199 6198/6198
f 6199/6199 6200/6200 6198/6198
f 6201/6201 6203/6203 6202/6202
f 6203/6203 6204/6204 6202/6202
f 6205/6205 6207/6207 6206/6206
f 6207/6207 6208/6208 6206/6206
v -10.63500 3.15000 6.16000
v -10.64706 3.15000 6.11500
v -10.68000 3.15000 6.08206
v -10.72500 3.15000 6.07000
v -10.77000 3.15000 6.08206
v -10.80294 3.15000 6.11500
v -10.81500 3.15000 6.16000
v -10.80294 3.15000 6.20500
v -10.77000 3.15000 6.23794
v -10.72500 3.15000 6.25000
v -10.68000 3.15000 6.23794
v -10.64706 3.15000 6.20500
v -10.63500 3.15000 6.16000
v -10.59500 0.20000 6.16000
v -10.61242 0.20000 6.09500
v -10.66000 0.20000 6.04742
v -10.72500 0.20000 6.03000
v -10.79000 0.20000 6.04742
v -10.83758 0.20000 6.09500
v -10.85500 0.20000 6.16000
v -10.83758 0.20000 6.22500
v -10.79000 0.20000 6.27258
v -10.72500 0.20000 6.29000
v -10.66000 0.20000 6.27258
v -10.61242 0.20000 6.22500
v -10.59500 0.20000 6.16000
v -10.72500 3.15000 6.16000
v -10.72500 3.15000 6.16000
v -10.72500 3.15000 6.16000
v -10.72500 3.15000 6.16000
v -10.72500 3.15000 6.16000
v -10.72500 3.15000 6.16000
v -10.72500 3.15000 6.16000
v -10.72500 3.15000 6.16000
v -10.72500 3.15000 6.16000
v -10.72500 3.15000 6.16000
v -10.72500 3.15000 6.16000
v -10.72500 3.15000 6.16000
v -10.63500 3.15000 6.16000
v -10.64706 3.15000 6.11500
v -10.68000 3.15000 6.08206
v -10.72500 3.15000 6.07000
v -10.77000 3.15000 6.08206
v -10.80294 3.15000 6.11500
v -10.81500 3.15000 6.16000
v -10.80294 3.15000 6.20500
v -10.77000 3.15000 6.23794
v -10.72500 3.15000 6.25000
v -10.68000 3.15000 6.23794
v -10.64706 3.15000 6.20500
v -10.63500 3.15000 6.16000
v -10.72500 0.20000 6.16000
v -10.72500 0.20000 6.16000
v -10.72500 0.20000 6.16000
v -10.72500 0.20000 6.16000
v -10.72500 0.20000 6.16000
v -10.72500 0.20000 6.16000
v -10.72500 0.20000 6.16000
v -10.72500 0.20000 6.16000
v -10.72500 0.20000 6.16000
v -10.72500 0.20000 6.16000
v -10.72500 0.20000 6.16000
v -10.72500 0.20000 6.16000
v -10.59500 0.20000 6.16000
v -10.61242 0.20000 6.09500
v -10.66000 0.20000 6.04742
v -10.72500 0.20000 6.03000
v -10.79000 0.20000 6.04742
v -10.83758 0.20000 6.09500
v -10.85500 0.20000 6.16000
v -10.83758 0.20000 6.22500
v -10.79000 0.20000 6.27258
v -10.72500 0.20000 6.29000
v -10.66000 0.20000 6.27258
v -10.61242 0.20000 6.22500
v -10.59500 0.20000 6.16000
vt 0.00000 0.00000
vt 0.08333 0.00000
vt 0.16667 0.00000
vt 0.25000 0.00000
vt 0.33333 0.00000
vt 0.41667 0.00000
vt 0.50000 0.00000
vt 0.58333 0.00000
vt 0.66667 0.00000
vt 0.75000 0.00000
vt 0.83333 0.00000
vt 0.91667 0.00000
vt 1.00000 0.00000
vt 0.00000 1.00000
vt 0.08333 1.00000
vt 0.16667 1.00000
vt 0.25000 1.00000
vt 0.33333 1.00000
vt 0.41667 1.00000
vt 0.50000 1.00000
vt 0.58333 1.00000
vt 0.66667 1.00000
vt 0.75000 1.00000
vt 0.83333 1.00000
vt 0.91667 1.00000
vt 1.00000 1.00000
vt 0.50000 0.50000
vt 0.50000 0.50000
vt 0.50000 0.50000
vt 0.50000 0.50000
vt 0.50000 0.50000
vt 0.50000 0.50000
vt 0.50000 0.50000
vt 0.50000 0.50000
vt 0.50000 0.50000
vt 0.50000 0.50000
vt 0.50000 0.50000
vt 0.50000 0.50000
vt 1.00000 0.50000
vt 0.93301 0.25000
vt 0.75000 0.06699
vt 0.50000 0.00000
vt 0.25000 0.06699
vt 0.06699 0.25000
vt 0.00000 0.50000
vt 0.06699 0.75000
vt 0.25000 0.93301
vt 0.50000 1.00000
vt 0.75000 0.93301
vt 0.93301 0.75000
vt 1.00000 0.50000
vt 0.50000 0.50000
vt 0.50000 0.50000
vt 0.50000 0.50000
vt 0.50000 0.50000
vt 0.50000 0.50000
vt 0.50000 0.50000
vt 0.50000 0.50000
vt 0.50000 0.50000
vt 0.50000 0.50000
vt 0.50000 0.50000
vt 0.50000 0.50000
vt 0.50000 0.50000
vt 1.00000 0.50000
vt 0.93301 0.75000
vt 0.75000 0.93301
vt 0.50000 1.00000
vt 0.25000 0.93301
vt 0.06699 0.75000
vt 0.00000 0.50000
vt 0.06699 0.25000
vt 0.25000 0.06699
vt 0.50000 0.00000
vt 0.75000 0.06699
vt 0.93301 0.25000
vt 1.00000 0.50000
f 6209/6209 6222/6222 6210/6210
f 6222/6222 6223/6223 6210/6210
f 6210/6210 6223/6223 6211/6211
f 6223/6223 6224/6224 6211/6211
f 6211/6211 6224/6224 6212/6212
f 6224/6224 6225/6225 6212/6212
f 6212/6212 6225/6225 6213/6213
f 6225/6225 6226/6226 6213/6213
f 6213/6213 6226/6226 6214/6214
f 6226/6226 6227/6227 6214/6214
f 6214/6214 6227/6227 6215/6215
f 6227/6227 6228/6228 6215/6215
f 6215/6215 6228/6228 6216/6216
f 6228/6228 6229/6229 6216/6216
f 6216/6216 6229/6229 6217/6217
f 6229/6229 6230/6230 6217/6217
f 6217/6217 6230/6230 6218/6218
f 6230/6230 6231/6231 6218/6218
f 6218/6218 6231/6231 6219/6219
f 6231/6231 6232/6232 6219/6219
f 6219/6219 6232/6232 6220/6220
f 6232/6232 6233/6233 6220/6220
f 6220/6220 6233/6233 6221/6221
f 6233/6233 6234/6234 6221/6221
f 6247/6247 6248/6248 6235/6235
f 6248/6248 6249/6249 6236/6236
f 6249/6249 6250/6250 6237/6237
f 6250/6250 6251/6251 6238/6238
f 6251/6251 6252/6252 6239/6239
f 6252/6252 6253/6253 6240/6240
f 6253/6253 6254/6254 6241/6241
f 6254/6254 6255/6255 6242/6242
f 6255/6255 6256/6256 6243/6243
f 6256/6256 6257/6257 6244/6244
f 6257/6257 6258/6258 6245/6245
f 6258/6258 6259/6259 6246/6246
f 6273/6273 6272/6272 6260/6260
f 6274/6274 6273/6273 6261/6261
f 6275/6275 6274/6274 6262/6262
f 6276/6276 6275/6275 6263/6263
f 6277/6277 6276/6276 6264/6264
f 6278/6278 6277/6277 6265/6265
f 6279/6279 6278/6278 6266/6266
f 6280/6280 6279/6279 6267/6267
f 6281/6281 6280/6280 6268/6268
f 6282/6282 6281/6281 6269/6269
f 6283/6283 6282/6282 6270/6270
f 6284/6284 6283/6283 6271/6271
v -10.63500 3.15000 4.62667
v -10.64706 3.15000 4.58167
v -10.68000 3.15000 4.54872
v -10.72500 3.15000 4.53667
v -10.77000 3.15000 4.54872
v -10.80294 3.15000 4.58167
v -10.81500 3.15000 4.62667
v -10.80294 3.15000 4.67167
v -10.77000 3.15000 4.70461
v -10.72500 3.15000 4.71667
v -10.68000 3.15000 4.70461
v -10.64706 3.15000 4.67167
v -10.63500 3.15000 4.62667
v -10.59500 0.20000 4.62667
v -10.61242 0.20000 4.56167
v -10.66000 0.20000 4.51408
v -10.72500 0.20000 4.49667
v -10.79000 0.20000 4.51408
v -10.83758 0.20000 4.56167
v -10.85500 0.20000 4.62667
v -10.83758 0.20000 4.69167
v -10.79000 0.20000 4.73925
v -10.72500 0.20000 4.75667
v -10.66000 0.20000 4.73925
v -10.61242 0.20000 4.69167
v -10.59500 0.20000 4.62667
v -10.72500 3.15000 4.62667
v -10.72500 3.15000 4.62667
v -10.72500 3.15000 4.62667
v -10.72500 3.15000 4.62667
v -10.72500 3.15000 4.62667
v -10.72500 3.15000 4.62667
v -10.72500 3.15000 4.62667
v -10.72500 3.15000 4.62667
v -10.72500 3.15000 4.62667
v -10.72500 3.15000 4.62667
v -10.72500 3.15000 4.62667
v -10.72500 3.15000 4.62667
v -10.63500 3.15000 4.62667
v -10.64706 3.15000 4.58167
v -10.68000 3.15000 4.54872
v -10.72500 3.15000 4.53667
v -10.77000 3.15000 4.54872
v -10.80294 3.15000 4.58167
v -10.81500 3.15000 4.62667
v -10.80294 3.15000 4.67167
v -10.77000 3.15000 4.70461
v -10.72500 3.15000 4.71667
v -10.68000 3.15000 4.70461
v -10.64706 3.15000 4.67167
v -10.63500 3.15000 4.62667
v -10.72500 0.20000 4.62667
v -10.72500 0.20000 4.62667
v -10.72500 0.20000 4.62667
v -10.72500 0.20000 4.62667
v -10.72500 0.20000 4.62667
v -10.72500 0.20000 4.62667
v -10.72500 0.20000 4.62667
v -10.72500 0.20000 4.62667
v -10.72500 0.20000 4.62667
v -10.72500 0.20000 4.62667
v -10.72500 0.20000 4.62667
v -10.72500 0.20000 4.62667
v -10.59500 0.20000 4.62667
v -10.61242 0.20000 4.56167
v -10.66000 0.20000 4.51408
v -10.72500 0.20000 4.49667
v -10.79000 0.20000 4.51408
v -10.83758 0.20000 4.56167
v -10.85500 0.20000 4.62667
v -10.83758 0.20000 4.69167
v -10.79000 0.20000 4.73925
v -10.72500 0.20000 4.75667
v -10.66000 0.20000 4.73925
v -10.61242 0.20000 4.69167
v -10.59500 0.20000 4.62667
vt 0.00000 0.00000
vt 0.08333 0.00000
vt 0.16667 0.00000
vt 0.25000 0.00000
vt 0.33333 0.00000
vt 0.41667 0.00000
vt 0.50000 0.00000
vt 0.58333 0.00000
vt 0.66667 0.00000
vt 0.75000 0.00000
vt 0.83333 0.00000
vt 0.91667 0.00000
vt 1.00000 0.00000
vt 0.00000 1.00000
vt 0.08333 1.00000
vt 0.16667 1.00000
vt 0.25000 1.00000
vt 0.33333 1.00000
vt 0.41667 1.00000
vt 0.50000 1.00000
vt 0.58333 1.00000
vt 0.66667 1.00000
vt 0.75000 1.00000
vt 0.83333 1.00000
vt 0.91667 1.00000
vt 1.00000 1.00000
vt 0.50000 0.50000
vt 0.50000 0.50000
vt 0.50000 0.50000
vt 0.50000 0.50000
vt 0.50000 0.50000
vt 0.50000 0.50000
vt 0.50000 0.50000
vt 0.50000 0.50000
vt 0.50000 0.50000
vt 0.50000 0.50000
vt 0.50000 0.50000
vt 0.50000 0.50000
vt 1.00000 0.50000
vt 0.93301 0.25000
vt 0.75000 0.06699
vt 0.50000 0.00000
vt 0.25000 0.06699
vt 0.06699 0.25000
vt 0.00000 0.50000
vt 0.06699 0.75000
vt 0.25000 0.93301
vt 0.50000 1.00000
vt 0.75000 0.93301
vt 0.93301 0.75000
vt 1.00000 0.50000
vt 0.50000 0.50000
vt 0.50000 0.50000
vt 0.50000 0.50000
vt 0.50000 0.50000
vt 0.50000 0.50000
vt 0.50000 0.50000
vt 0.50000 0.50000
vt 0.50000 0.50000
vt 0.50000 0.50000
vt 0.50000 0.50000
vt 0.50000 0.50000
vt 0.50000 0.50000
vt 1.00000 0.50000
vt 0.93301 0.75000
vt 0.75000 0.93301
vt 0.50000 1.00000
vt 0.25000 0.93301
vt 0.06699 0.75000
vt 0.00000 0.50000
vt 0.06699 0.25000
vt 0.25000 0.06699
vt 0.50000 0.00000
vt 0.75000 0.06699
vt 0.93301 0.25000
vt 1.00000 0.50000
f 6285/6285 6298/6298 6286/6286
f 6298/6298 6299/6299 6286/6286
f 6286/6286 6299/6299 6287/6287
f 6299/6299 6300/6300 6287/6287
f 6287/6287 6300/6300 6288/6288
f 6300/6300 6301/6301 6288/6288
f 6288/6288 6301/6301 6289/6289
f 6301/6301 6302/6302 6289/6289
f 6289/6289 6302/6302 6290/6290
f 6302/6302 6303/6303 6290/6290
f 6290/6290 6303/6303 6291/6291
f 6303/6303 6304/6304 6291/6291
f 6291/6291 6304/6304 6292/6292
f 6304/6304 6305/6305 6292/6292
f 6292/6292 6305/6305 6293/6293
f 6305/6305 6306/6306 6293/6293
f 6293/6293 6306/6306 6294/6294
f 6306/6306 6307/6307 6294/6294
f 6294/6294 6307/6307 6295/6295
f 6307/6307 6308/6308 6295/6295
f 6295/6295 6308/6308 6296/6296
f 6308/6308 6309/6309 6296/6296
f 6296/6296 6309/6309 6297/6297
f 6309/6309 6310/6310 6297/6297
f 6323/6323 6324/6324 6311/6311
f 6324/6324 6325/6325 6312/6312
f 6325/6325 6326/6326 6313/6313
f 6326/6326 6327/6327 6314/6314
f 6327/6327 6328/6328 6315/6315
f 6328/6328 6329/6329 6316/6316
f 6329/6329 6330/6330 6317/6317
f 6330/6330 6331/6331 6318/6318
f 6331/6331 6332/6332 6319/6319
f 6332/6332 6333/6333 6320/6320
f 6333/6333 6334/6334 6321/6321
f 6334/6334 6335/6335 6322/6322
f 6349/6349 6348/6348 6336/6336
f 6350/6350 6349/6349 6337/6337
f 6351/6351 6350/6350 6338/6338
f 6352/6352 6351/6351 6339/6339
f 6353/6353 6352/6352 6340/6340
f 6354/6354 6353/6353 6341/6341
f 6355/6355 6354/6354 6342/6342
f 6356/6356 6355/6355 6343/6343
f 6357/6357 6356/6356 6344/6344
f 6358/6358 6357/6357 6345/6345
f 6359/6359 6358/6358 6346/6346
f 6360/6360 6359/6359 6347/6347
v -10.63500 3.15000 3.09333
v -10.64706 3.15000 3.04833
v -10.68000 3.15000 3.01539
v -10.72500 3.15000 3.00333
v -10.77000 3.15000 3.01539
v -10.80294 3.15000 3.04833
v -10.81500 3.15000 3.09333
v -10.80294 3.15000 3.13833
v -10.77000 3.15000 3.17128
v -10.72500 3.15000 3.18333
v -10.68000 3.15000 3.17128
v -10.64706 3.15000 3.13833
v -10.63500 3.15000 3.09333
v -10.59500 0.20000 3.09333
v -10.61242 0.20000 3.02833
v -10.66000 0.20000 2.98075
v -10.72500 0.20000 2.96333
v -10.79000 0.20000 2.98075
v -10.83758 0.20000 3.02833
v -10.85500 0.20000 3.09333
v -10.83758 0.20000 3.15833
v -10.79000 0.20000 3.20592
v -10.72500 0.20000 3.22333
v -10.66000 0.20000 3.20592
v -10.61242 0.20000 3.15833
v -10.59500 0.20000 3.09333
v -10.72500 3.15000 3.09333
v -10.72500 3.15000 3.09333
v -10.72500 3.15000 3.09333
v -10.72500 3.15000 3.09333
v -10.72500 3.15000 3.09333
v -10.72500 3.15000 3.09333
v -10.72500 3.15000 3.09333
v -10.72500 3.15000 3.09333
v -10.72500 3.15000 3.09333
v -10.72500 3.15000 3.09333
v -10.72500 3.15000 3.09333
v -10.72500 3.15000 3.09333
v -10.63500 3.15000 3.09333
v -10.64706 3.15000 3.04833
v -10.68000 3.15000 3.01539
v -10.72500 3.15000 3.00333
v -10.77000 3.15000 3.01539
v -10.80294 3.15000 3.04833
v -10.81500 3.15000 3.09333
v -10.80294 3.15000 3.13833
v -10.77000 3.15000 3.17128
v -10.72500 3.15000 3.18333
v -10.68000 3.15000 3.17128
v -10.64706 3.15000 3.13833
v -10.63500 3.15000 3.09333
v -10.72500 0.20000 3.09333
v -10.72500 0.20000 3.09333
v -10.72500 0.20000 3.09333
v -10.72500 0.20000 3.09333
v -10.72500 0.20000 3.09333
v -10.72500 0.20000 3.09333
v -10.72500 0.20000 3.09333
v -10.72500 0.20000 3.09333
v -10.72500 0.20000 3.09333
v -10.72500 0.20000 3.09333
v -10.72500 0.20000 3.09333
v -10.72500 0.20000 3.09333
v -10.59500 0.20000 3.09333
v -10.61242 0.20000 3.02833
v -10.66000 0.20000 2.98075
v -10.72500 0.20000 2.96333
v -10.79000 0.20000 2.98075
v -10.83758 0.20000 3.02833
v -10.85500 0.20000 3.09333
v -10.83758 0.20000 3.15833
v -10.79000 0.20000 3.20592
v -10.72500 0.20000 3.22333
v -10.66000 0.20000 3.20592
v -10.61242 0.20000 3.15833
v -10.59500 0.20000 3.09333
vt 0.00000 0.00000
vt 0.08333 0.00000
vt 0.16667 0.00000
vt 0.25000 0.00000
vt 0.33333 0.00000
vt 0.41667 0.00000
vt 0.50000 0.00000
vt 0.58333 0.00000
vt 0.66667 0.00000
vt 0.75000 0.00000
vt 0.83333 0.00000
vt 0.91667 0.00000
vt 1.00000 0.00000
vt 0.00000 1.00000
vt 0.08333 1.00000
vt 0.16667 1.00000
vt 0.25000 1.00000
vt 0.33333 1.00000
vt 0.41667 1.00000
vt 0.50000 1.00000
vt 0.58333 1.00000
vt 0.66667 1.00000
vt 0.75000 1.00000
vt 0.83333 1.00000
vt 0.91667 1.00000
vt 1.00000 1.00000
vt 0.50000 0.50000
vt 0.50000 0.50000
vt 0.50000 0.50000
vt 0.50000 0.50000
vt 0.50000 0.50000
vt 0.50000 0.50000
vt 0.50000 0.50000
vt 0.50000 0.50000
vt 0.50000 0.50000
vt 0.50000 0.50000
vt 0.50000 0.50000
vt 0.50000 0.50000
vt 1.00000 0.50000
vt 0.93301 0.25000
vt 0.75000 0.06699
vt 0.50000 0.00000
vt 0.25000 0.06699
vt 0.06699 0.25000
vt 0.00000 0.50000
vt 0.06699 0.75000
vt 0.25000 0.93301
vt 0.50000 1.00000
vt 0.75000 0.93301
vt 0.93301 0.75000
vt 1.00000 0.50000
vt 0.50000 0.50000
vt 0.50000 0.50000
vt 0.50000 0.50000
vt 0.50000 0.50000
vt 0.50000 0.50000
vt 0.50000 0.50000
vt 0.50000 0.50000
vt 0.50000 0.50000
vt 0.50000 0.50000
vt 0.50000 0.50000
vt 0.50000 0.50000
vt 0.50000 0.50000
vt 1.00000 0.50000
vt 0.93301 0.75000
vt 0.75000 0.93301
vt 0.50000 1.00000
vt 0.25000 0.93301
vt 0.06699 0.75000
vt 0.00000 0.50000
vt 0.06699 0.25000
vt 0.25000 0.06699
vt 0.50000 0.00000
vt 0.75000 0.06699
vt 0.93301 0.25000
vt 1.00000 0.50000
f 6361/6361 6374/6374 6362/6362
f 6374/6374 6375/6375 6362/6362
f 6362/6362 6375/6375 6363/6363
f 6375/6375 6376/6376 6363/6363
f 6363/6363 6376/6376 6364/6364
f 6376/6376 6377/6377 6364/6364
f 6364/6364 6377/6377 6365/6365
f 6377/6377 6378/6378 6365/6365
f 6365/6365 6378/6378 6366/6366
f 6378/6378 6379/6379 6366/6366
f 6366/6366 6379/6379 6367/6367
f 6379/6379 6380/6380 6367/6367
f 6367/6367 6380/6380 6368/6368
f 6380/6380 6381/6381 6368/6368
f 6368/6368 6381/6381 6369/6369
f 6381/6381 6382/6382 6369/6369
f 6369/6369 6382/6382 6370/6370
f 6382/6382 6383/6383 6370/6370
f 6370/6370 6383/6383 6371/6371
f 6383/6383 6384/6384 6371/6371
f 6371/6371 6384/6384 6372/6372
f 6384/6384 6385/6385 6372/6372
f 6372/6372 6385/6385 6373/6373
f 6385/6385 6386/6386 6373/6373
f 6399/6399 6400/6400 6387/6387
f 6400/6400 6401/6401 6388/6388
f 6401/6401 6402/6402 6389/6389
f 6402/6402 6403/6403 6390/6390
f 6403/6403 6404/6404 6391/6391
f 6404/6404 6405/6405 6392/6392
f 6405/6405 6406/6406 6393/6393
f 6406/6406 6407/6407 6394/6394
f 6407/6407 6408/6408 6395/6395
f 6408/6408 6409/6409 6396/6396
f 6409/6409 6410/6410 6397/6397
f 6410/6410 6411/6411 6398/6398
f 6425/6425 6424/6424 6412/6412
f 6426/6426 6425/6425 6413/6413
f 6427/6427 6426/6426 6414/6414
f 6428/6428 6427/6427 6415/6415
f 6429/6429 6428/6428 6416/6416
f 6430/6430 6429/6429 6417/6417
f 6431/6431 6430/6430 6418/6418
f 6432/6432 6431/6431 6419/6419
f 6433/6433 6432/6432 6420/6420
f 6434/6434 6433/6433 6421/6421
f 6435/6435 6434/6434 6422/6422
f 6436/6436 6435/6435 6423/6423
v -10.63500 3.15000 1.56000
v -10.64706 3.15000 1.51500
v -10.68000 3.15000 1.48206
v -10.72500 3.15000 1.47000
v -10.77000 3.15000 1.48206
v -10.80294 3.15000 1.51500
v -10.81500 3.15000 1.56000
v -10.80294 3.15000 1.60500
v -10.77000 3.15000 1.63794
v -10.72500 3.15000 1.65000
v -10.68000 3.15000 1.63794
v -10.64706 3.15000 1.60500
v -10.63500 3.15000 1.56000
v -10.59500 0.20000 1.56000
v -10.61242 0.20000 1.49500
v -10.66000 0.20000 1.44742
v -10.72500 0.20000 1.43000
v -10.79000 0.20000 1.44742
v -10.83758 0.20000 1.49500
v -10.85500 0.20000 1.56000
v -10.83758 0.20000 1.62500
v -10.79000 0.20000 1.67258
v -10.72500 0.20000 1.69000
v -10.66000 0.20000 1.67258
v -10.61242 0.20000 1.62500
v -10.59500 0.20000 1.56000
v -10.72500 3.15000 1.56000
v -10.72500 3.15000 1.56000
v -10.72500 3.15000 1.56000
v -10.72500 3.15000 1.56000
v -10.72500 3.15000 1.56000
v -10.72500 3.15000 1.56000
v -10.72500 3.15000 1.56000
v -10.72500 3.15000 1.56000
v -10.72500 3.15000 1.56000
v -10.72500 3.15000 1.56000
v -10.72500 3.15000 1.56000
v -10.72500 3.15000 1.56000
v -10.63500 3.15000 1.56000
v -10.64706 3.15000 1.51500
v -10.68000 3.15000 1.48206
v -10.72500 3.15000 1.47000
v -10.77000 3.15000 1.48206
v -10.80294 3.15000 1.51500
v -10.81500 3.15000 1.56000
v -10.80294 3.15000 1.60500
v -10.77000 3.15000 1.63794
v -10.72500 3.15000 1.65000
v -10.68000 3.15000 1.63794
v -10.64706 3.15000 1.60500
v -10.63500 3.15000 1.56000
v -10.72500 0.20000 1.56000
v -10.72500 0.20000 1.56000
v -10.72500 0.20000 1.56000
v -10.72500 0.20000 1.56000
v -10.72500 0.20000 1.56000
v -10.72500 0.20000 1.56000
v -10.72500 0.20000 1.56000
v -10.72500 0.20000 1.56000
v -10.72500 0.20000 1.56000
v -10.72500 0.20000 1.56000
v -10.72500 0.20000 1.56000
v -10.72500 0.20000 1.56000
v -10.59500 0.20000 1.56000
v -10.61242 0.20000 1.49500
v -10.66000 0.20000 1.44742
v -10.72500 0.20000 1.43000
v -10.79000 0.20000 1.44742
v -10.83758 0.20000 1.49500
v -10.85500 0.20000 1.56000
v -10.83758 0.20000 1.62500
v -10.79000 0.20000 1.67258
v -10.72500 0.20000 1.69000
v -10.66000 0.20000 1.67258
v -10.61242 0.20000 1.62500
v -10.59500 0.20000 1.56000
vt 0.00000 0.00000
vt 0.08333 0.00000
vt 0.16667 0.00000
vt 0.25000 0.00000
vt 0.33333 0.00000
vt 0.41667 0.00000
vt 0.50000 0.00000
vt 0.58333 0.00000
vt 0.66667 0.00000
vt 0.75000 0.00000
vt 0.83333 0.00000
vt 0.91667 0.00000
vt 1.00000 0.00000
vt 0.00000 1.00000
vt 0.08333 1.00000
vt 0.16667 1.00000
vt 0.25000 1.00000
vt 0.33333 1.00000
vt 0.41667 1.00000
vt 0.50000 1.00000
vt 0.58333 1.00000
vt 0.66667 1.00000
vt 0.75000 1.00000
vt 0.83333 1.00000
vt 0.91667 1.00000
vt 1.00000 1.00000
vt 0.50000 0.50000
vt 0.50000 0.50000
vt 0.50000 0.50000
vt 0.50000 0.50000
vt 0.50000 0.50000
vt 0.50000 0.50000
vt 0.50000 0.50000
vt 0.50000 0.50000
vt 0.50000 0.50000
vt 0.50000 0.50000
vt 0.50000 0.50000
vt 0.50000 0.50000
vt 1.00000 0.50000
vt 0.93301 0.25000
vt 0.75000 0.06699
vt 0.50000 0.00000
vt 0.25000 0.06699
vt 0.06699 0.25000
vt 0.00000 0.50000
vt 0.06699 0.75000
vt 0.25000 0.93301
vt 0.50000 1.00000
vt 0.75000 0.93301
vt 0.93301 0.75000
vt 1.00000 0.50000
vt 0.50000 0.50000
vt 0.50000 0.50000
vt 0.50000 0.50000
vt 0.50000 0.50000
vt 0.50000 0.50000
vt 0.50000 0.50000
vt 0.50000 0.50000
vt 0.50000 0.50000
vt 0.50000 0.50000
vt 0.50000 0.50000
vt 0.50000 0.50000
vt 0.50000 0.50000
vt 1.00000 0.50000
vt 0.93301 0.75000
vt 0.75000 0.93301
vt 0.50000 1.00000
vt 0.25000 0.93301
vt 0.06699 0.75000
vt 0.00000 0.50000
vt 0.06699 0.25000
vt 0.25000 0.06699
vt 0.50000 0.00000
vt 0.75000 0.06699
vt 0.93301 0.25000
vt 1.00000 0.50000
f 6437/6437 6450/6450 6438/6438
f 6450/6450 6451/6451 6438/6438
f 6438/6438 6451/6451 6439/6439
f 6451/6451 6452/6452 6439/6439
f 6439/6439 6452/6452 6440/6440
f 6452/6452 6453/6453 6440/6440
f 6440/6440 6453/6453 6441/6441
f 6453/6453 6454/6454 6441/6441
f 6441/6441 6454/6454 6442/6442
f 6454/6454 6455/6455 6442/6442
f 6442/6442 6455/6455 6443/6443
f 6455/6455 6456/6456 6443/6443
f 6443/6443 6456/6456 6444/6444
f 6456/6456 6457/6457 6444/6444
f 6444/6444 6457/6457 6445/6445
f 6457/6457 6458/6458 6445/6445
f 6445/6445 6458/6458 6446/6446
f 6458/6458 6459/6459 6446/6446
f 6446/6446 6459/6459 6447/6447
f 6459/6459 6460/6460 6447/6447
f 6447/6447 6460/6460 6448/6448
f 6460/6460 6461/6461 6448/6448
f 6448/6448 6461/6461 6449/6449
f 6461/6461 6462/6462 6449/6449
f 6475/6475 6476/6476 6463/6463
f 6476/6476 6477/6477 6464/6464
f 6477/6477 6478/6478 6465/6465
f 6478/6478 6479/6479 6466/6466
f 6479/6479 6480/6480 6467/6467
f 6480/6480 6481/6481 6468/6468
f 6481/6481 6482/6482 6469/6469
f 6482/6482 6483/6483 6470/6470
f 6483/6483 6484/6484 6471/6471
f 6484/6484 6485/6485 6472/6472
f 6485/6485 6486/6486 6473/6473
f 6486/6486 6487/6487 6474/6474
f 6501/6501 6500/6500 6488/6488
f 6502/6502 6501/6501 6489/6489
f 6503/6503 6502/6502 6490/6490
f 6504/6504 6503/6503 6491/6491
f 6505/6505 6504/6504 6492/6492
f 6506/6506 6505/6505 6493/6493
f 6507/6507 6506/6506 6494/6494
f 6508/6508 6507/6507 6495/6495
f 6509/6509 6508/6508 6496/6496
f 6510/6510 6509/6509 6497/6497
f 6511/6511 6510/6510 6498/6498
f 6512/6512 6511/6511 6499/6499
v -10.69500 0.78000 1.61000
v -10.75500 0.78000 1.61000
v -10.69500 0.72000 1.61000
v -10.75500 0.72000 1.61000
v -10.75500 0.78000 6.11000
v -10.69500 0.78000 6.11000
v -10.75500 0.72000 6.11000
v -10.69500 0.72000 6.11000
v -10.75500 0.78000 6.11000
v -10.75500 0.78000 1.61000
v -10.69500 0.78000 6.11000
v -10.69500 0.78000 1.61000
v -10.69500 0.72000 6.11000
v -10.69500 0.72000 1.61000
v -10.75500 0.72000 6.11000
v -10.75500 0.72000 1.61000
v -10.69500 0.78000 6.11000
v -10.69500 0.78000 1.61000
v -10.69500 0.72000 6.11000
v -10.69500 0.72000 1.61000
v -10.75500 0.78000 1.61000
v -10.75500 0.78000 6.11000
v -10.75500 0.72000 1.61000
v -10.75500 0.72000 6.11000
vt 0.00000 0.00000
vt 1.00000 0.00000
vt 0.00000 1.00000
vt 1.00000 1.00000
vt 0.00000 0.00000
vt 1.00000 0.00000
vt 0.00000 1.00000
vt 1.00000 1.00000
vt 0.00000 0.00000
vt 1.00000 0.00000
vt 0.00000 1.00000
vt 1.00000 1.00000
vt 0.00000 0.00000
vt 1.00000 0.00000
vt 0.00000 1.00000
vt 1.00000 1.00000
vt 0.00000 0.00000
vt 1.00000 0.00000
vt 0.00000 1.00000
vt 1.00000 1.00000
vt 0.00000 0.00000
vt 1.00000 0.00000
vt 0.00000 1.00000
vt 1.00000 1.00000
f 6513/6513 6515/6515 6514/6514
f 6515/6515 6516/6516 6514/6514
f 6517/6517 6519/6519 6518/6518
f 6519/6519 6520/6520 6518/6518
f 6521/6521 6523/6523 6522/6522
f 6523/6523 6524/6524 6522/6522
f 6525/6525 6527/6527 6526/6526
f 6527/6527 6528/6528 6526/6526
f 6529/6529 6531/6531 6530/6530
f 6531/6531 6532/6532 6530/6530
f 6533/6533 6535/6535 6534/6534
f 6535/6535 6536/6536 6534/6534
v -10.70500 0.67500 5.91000
v -10.71500 0.67500 5.89268
v -10.73500 0.67500 5.89268
v -10.74500 0.67500 5.91000
v -10.73500 0.67500 5.92732
v -10.71500 0.67500 5.92732
v -10.70500 0.67500 5.91000
v -10.70500 0.07500 5.91000
v -10.71500 0.07500 5.89268
v -10.73500 0.07500 5.89268
v -10.74500 0.07500 5.91000
v -10.73500 0.07500 5.92732
v -10.71500 0.07500 5.92732
v -10.70500 0.07500 5.91000
v -10.72500 0.67500 5.91000
v -10.72500 0.67500 5.91000
v -10.72500 0.67500 5.91000
v -10.72500 0.67500 5.91000
v -10.72500 0.67500 5.91000
v -10.72500 0.67500 5.91000
v -10.70500 0.67500 5.91000
v -10.71500 0.67500 5.89268
v -10.73500 0.67500 5.89268
v -10.74500 0.67500 5.91000
v -10.73500 0.67500 5.92732
v -10.71500 0.67500 5.92732
v -10.70500 0.67500 5.91000
v -10.72500 0.07500 5.91000
v -10.72500 0.07500 5.91000
v -10.72500 0.07500 5.91000
v -10.72500 0.07500 5.91000
v -10.72500 0.07500 5.91000
v -10.72500 0.07500 5.91000
v -10.70500 0.07500 5.91000
v -10.71500 0.07500 5.89268
v -10.73500 0.07500 5.89268
v -10.74500 0.07500 5.91000
v -10.73500 0.07500 5.92732
v -10.71500 0.07500 5.92732
v -10.70500 0.07500 5.91000
vt 0.00000 0.00000
vt 0.16667 0.00000
vt 0.33333 0.00000
vt 0.50000 0.00000
vt 0.66667 0.00000
vt 0.83333 0.00000
vt 1.00000 0.00000
vt 0.00000 1.00000
vt 0.16667 1.00000
vt 0.33333 1.00000
vt 0.50000 1.00000
vt 0.66667 1.00000
vt 0.83333 1.00000
vt 1.00000 1.00000
vt 0.50000 0.50000
vt 0.50000 0.50000
vt 0.50000 0.50000
vt 0.50000 0.50000
vt 0.50000 0.50000
vt 0.50000 0.50000
vt 1.00000 0.50000
vt 0.75000 0.06699
vt 0.25000 0.06699
vt 0.00000 0.50000
vt 0.25000 0.93301
vt 0.75000 0.93301
vt 1.00000 0.50000
vt 0.50000 0.50000
vt 0.50000 0.50000
vt 0.50000 0.50000
vt 0.50000 0.50000
vt 0.50000 0.50000
vt 0.50000 0.50000
vt 1.00000 0.50000
vt 0.75000 0.93301
vt 0.25000 0.93301
vt 0.00000 0.50000
vt 0.25000 0.06699
vt 0.75000 0.06699
vt 1.00000 0.50000
f 6537/6537 6544/6544 6538/6538
f 6544/6544 6545/6545 6538/6538
f 6538/6538 6545/6545 6539/6539
f 6545/6545 6546/6546 6539/6539
f 6539/6539 6546/6546 6540/6540
f 6546/6546 6547/6547 6540/6540
f 6540/6540 6547/6547 6541/6541
f 6547/6547 6548/6548 6541/6541
f 6541/6541 6548/6548 6542/6542
f 6548/6548 6549/6549 6542/6542
f 6542/6542 6549/6549 6543/6543
f 6549/6549 6550/6550 6543/6543
f 6557/6557 6558/6558 6551/6551
f 6558/6558 6559/6559 6552/6552
f 6559/6559 6560/6560 6553/6553
f 6560/6560 6561/6561 6554/6554
f 6561/6561 6562/6562 6555/6555
f 6562/6562 6563/6563 6556/6556
f 6571/6571 6570/6570 6564/6564
f 6572/6572 6571/6571 6565/6565
f 6573/6573 6572/6572 6566/6566
f 6574/6574 6573/6573 6567/6567
f 6575/6575 6574/6574 6568/6568
f 6576/6576 6575/6575 6569/6569
v -10.70500 0.67500 5.59000
v -10.71500 0.67500 5.57268
v -10.73500 0.67500 5.57268
v -10.74500 0.67500 5.59000
v -10.73500 0.67500 5.60732
v -10.71500 0.67500 5.60732
v -10.70500 0.67500 5.59000
v -10.70500 0.07500 5.59000
v -10.71500 0.07500 5.57268
v -10.73500 0.07500 5.57268
v -10.74500 0.07500 5.59000
v -10.73500 0.07500 5.60732
v -10.71500 0.07500 5.60732
v -10.70500 0.07500 5.59000
v -10.72500 0.67500 5.59000
v -10.72500 0.67500 5.59000
v -10.72500 0.67500 5.59000
v -10.72500 0.67500 5.59000
v -10.72500 0.67500 5.59000
v -10.72500 0.67500 5.59000
v -10.70500 0.67500 5.59000
v -10.71500 0.67500 5.57268
v -10.73500 0.67500 5.57268
v -10.74500 0.67500 5.59000
v -10.73500 0.67500 5.60732
v -10.71500 0.67500 5.60732
v -10.70500 0.67500 5.59000
v -10.72500 0.07500 5.59000
v -10.72500 0.07500 5.59000
v -10.72500 0.07500 5.59000
v -10.72500 0.07500 5.59000
v -10.72500 0.07500 5.59000
v -10.72500 0.07500 5.59000
v -10.70500 0.07500 5.59000
v -10.71500 0.07500 5.57268
v -10.73500 0.07500 5.57268
v -10.74500 0.07500 5.59000
v -10.73500 0.07500 5.60732
v -10.71500 0.07500 5.60732
v -10.70500 0.07500 5.59000
vt 0.00000 0.00000
vt 0.16667 0.00000
vt 0.33333 0.00000
vt 0.50000 0.00000
vt 0.66667 0.00000
vt 0.83333 0.00000
vt 1.00000 0.00000
vt 0.00000 1.00000
vt 0.16667 1.00000
vt 0.33333 1.00000
vt 0.50000 1.00000
vt 0.66667 1.00000
vt 0.83333 1.00000
vt 1.00000 1.00000
vt 0.50000 0.50000
vt 0.50000 0.50000
vt 0.50000 0.50000
vt 0.50000 0.50000
vt 0.50000 0.50000
vt 0.50000 0.50000
vt 1.00000 0.50000
vt 0.75000 0.06699
vt 0.25000 0.06699
vt 0.00000 0.50000
vt 0.25000 0.93301
vt 0.75000 0.93301
vt 1.00000 0.50000
vt 0.50000 0.50000
vt 0.50000 0.50000
vt 0.50000 0.50000
vt 0.50000 0.50000
vt 0.50000 0.50000
vt 0.50000 0.50000
vt 1.00000 0.50000
vt 0.75000 0.93301
vt 0.25000 0.93301
vt 0.00000 0.50000
vt 0.25000 0.06699
vt 0.75000 0.06699
vt 1.00000 0.50000
f 6577/6577 6584/6584 6578/6578
f 6584/6584 6585/6585 6578/6578
f 6578/6578 6585/6585 6579/6579
f 6585/6585 6586/6586 6579/6579
f 6579/6579 6586/6586 6580/6580
f 6586/6586 6587/6587 6580/6580
f 6580/6580 6587/6587 6581/6581
f 6587/6587 6588/6588 6581/6581
f 6581/6581 6588/6588 6582/6582
f 6588/6588 6589/6589 6582/6582
f 6582/6582 6589/6589 6583/6583
f 6589/6589 6590/6590 6583/6583
f 6597/6597 6598/6598 6591/6591
f 6598/6598 6599/6599 6592/6592
f 6599/6599 6600/6600 6593/6593
f 6600/6600 6601/6601 6594/6594
f 6601/6601 6602/6602 6595/6595
f 6602/6602 6603/6603 6596/6596
f 6611/6611 6610/6610 6604/6604
f 6612/6612 6611/6611 6605/6605
f 6613/6613 6612/6612 6606/6606
f 6614/6614 6613/6613 6607/6607
f 6615/6615 6614/6614 6608/6608
f 6616/6616 6615/6615 6609/6609
v -10.70500 0.67500 5.27000
v -10.71500 0.67500 5.25268
v -10.73500 0.67500 5.25268
v -10.74500 0.67500 5.27000
v -10.73500 0.67500 5.28732
v -10.71500 0.67500 5.28732
v -10.70500 0.67500 5.27000
v -10.70500 0.07500 5.27000
v -10.71500 0.07500 5.25268
v -10.73500 0.07500 5.25268
v -10.74500 0.07500 5.27000
v -10.73500 0.07500 5.28732
v -10.71500 0.07500 5.28732
v -10.70500 0.07500 5.27000
v -10.72500 0.67500 5.27000
v -10.72500 0.67500 5.27000
v -10.72500 0.67500 5.27000
v -10.72500 0.67500 5.27000
v -10.72500 0.67500 5.27000
v -10.72500 0.67500 5.27000
v -10.70500 0.67500 5.27000
v -10.71500 0.67500 5.25268
v -10.73500 0.67500 5.25268
v -10.74500 0.67500 5.27000
v -10.73500 0.67500 5.28732
v -10.71500 0.67500 5.28732
v -10.70500 0.67500 5.27000
v -10.72500 0.07500 5.27000
v -10.72500 0.07500 5.27000
v -10.72500 0.07500 5.27000
v -10.72500 0.07500 5.27000
v -10.72500 0.07500 5.27000
v -10.72500 0.07500 5.27000
v -10.70500 0.07500 5.27000
v -10.71500 0.07500 5.25268
v -10.73500 0.07500 5.25268
v -10.74500 0.07500 5.27000
v -10.73500 0.07500 5.28732
v -10.71500 0.07500 5.28732
v -10.70500 0.07500 5.27000
vt 0.00000 0.00000
vt 0.16667 0.00000
vt 0.33333 0.00000
vt 0.50000 0.00000
vt 0.66667 0.00000
vt 0.83333 0.00000
vt 1.00000 0.00000
vt 0.00000 1.00000
vt 0.16667 1.00000
vt 0.33333 1.00000
vt 0.50000 1.00000
vt 0.66667 1.00000
vt 0.83333 1.00000
vt 1.00000 1.00000
vt 0.50000 0.50000
vt 0.50000 0.50000
vt 0.50000 0.50000
vt 0.50000 0.50000
vt 0.50000 0.50000
vt 0.50000 0.50000
vt 1.00000 0.50000
vt 0.75000 0.06699
vt 0.25000 0.06699
vt 0.00000 0.50000
vt 0.25000 0.93301
vt 0.75000 0.93301
vt 1.00000 0.50000
vt 0.50000 0.50000
vt 0.50000 0.50000
vt 0.50000 0.50000
vt 0.50000 0.50000
vt 0.50000 0.50000
vt 0.50000 0.50000
vt 1.00000 0.50000
vt 0.75000 0.93301
vt 0.25000 0.93301
vt 0.00000 0.50000
vt 0.25000 0.06699
vt 0.75000 0.06699
vt 1.00000 0.50000
f 6617/6617 6624/6624 6618/6618
f 6624/6624 6625/6625 6618/6618
f 6618/6618 6625/6625 6619/6619
f 6625/6625 6626/6626 6619/6619
f 6619/6619 6626/6626 6620/6620
f 6626/6626 6627/6627 6620/6620
f 6620/6620 6627/6627 6621/6621
f 6627/6627 6628/6628 6621/6621
f 6621/6621 6628/6628 6622/6622
f 6628/6628 6629/6629 6622/6622
f 6622/6622 6629/6629 6623/6623
f 6629/6629 6630/6630 6623/6623
f 6637/6637 6638/6638 6631/6631
f 6638/6638 6639/6639 6632/6632
f 6639/6639 6640/6640 6633/6633
f 6640/6640 6641/6641 6634/6634
f 6641/6641 6642/6642 6635/6635
f 6642/6642 6643/6643 6636/6636
f 6651/6651 6650/6650 6644/6644
f 6652/6652 6651/6651 6645/6645
f 6653/6653 6652/6652 6646/6646
f 6654/6654 6653/6653 6647/6647
f 6655/6655 6654/6654 6648/6648
f 6656/6656 6655/6655 6649/6649
v -10.70500 0.67500 4.95000
v -10.71500 0.67500 4.93268
v -10.73500 0.67500 4.93268
v -10.74500 0.67500 4.95000
v -10.73500 0.67500 4.96732
v -10.71500 0.67500 4.96732
v -10.70500 0.67500 4.95000
v -10.70500 0.07500 4.95000
v -10.71500 0.07500 4.93268
v -10.73500 0.07500 4.93268
v -10.74500 0.07500 4.95000
v -10.73500 0.07500 4.96732
v -10.71500 0.07500 4.96732
v -10.70500 0.07500 4.95000
v -10.72500 0.67500 4.95000
v -10.72500 0.67500 4.95000
v -10.72500 0.67500 4.95000
v -10.72500 0.67500 4.95000
v -10.72500 0.67500 4.95000
v -10.72500 0.67500 4.95000
v -10.70500 0.67500 4.95000
v -10.71500 0.67500 4.93268
v -10.73500 0.67500 4.93268
v -10.74500 0.67500 4.95000
v -10.73500 0.67500 4.96732
v -10.71500 0.67500 4.96732
v -10.70500 0.67500 4.95000
v -10.72500 0.07500 4.95000
v -10.72500 0.07500 4.95000
v -10.72500 0.07500 4.95000
v -10.72500 0.07500 4.95000
v -10.72500 0.07500 4.95000
v -10.72500 0.07500 4.95000
v -10.70500 0.07500 4.95000
v -10.71500 0.07500 4.93268
v -10.73500 0.07500 4.93268
v -10.74500 0.07500 4.95000
v -10.73500 0.07500 4.96732
v -10.71500 0.07500 4.96732
v -10.70500 0.07500 4.95000
vt 0.00000 0.00000
vt 0.16667 0.00000
vt 0.33333 0.00000
vt 0.50000 0.00000
vt 0.66667 0.00000
vt 0.83333 0.00000
vt 1.00000 0.00000
vt 0.00000 1.00000
vt 0.16667 1.00000
vt 0.33333 1.00000
vt 0.50000 1.00000
vt 0.66667 1.00000
vt 0.83333 1.00000
vt 1.00000 1.00000
vt 0.50000 0.50000
vt 0.50000 0.50000
vt 0.50000 0.50000
vt 0.50000 0.50000
vt 0.50000 0.50000
vt 0.50000 0.50000
vt 1.00000 0.50000
vt 0.75000 0.06699
vt 0.25000 0.06699
vt 0.00000 0.50000
vt 0.25000 0.93301
vt 0.75000 0.93301
vt 1.00000 0.50000
vt 0.50000 0.50000
vt 0.50000 0.50000
vt 0.50000 0.50000
vt 0.50000 0.50000
vt 0.50000 0.50000
vt 0.50000 0.50000
vt 1.00000 0.50000
vt 0.75000 0.93301
vt 0.25000 0.93301
vt 0.00000 0.50000
vt 0.25000 0.06699
vt 0.75000 0.06699
vt 1.00000 0.50000
f 6657/6657 6664/6664 6658/6658
f 6664/6664 6665/6665 6658/6658
f 6658/6658 6665/6665 6659/6659
f 6665/6665 6666/6666 6659/6659
f 6659/6659 6666/6666 6660/6660
f 6666/6666 6667/6667 6660/6660
f 6660/6660 6667/6667 6661/6661
f 6667/6667 6668/6668 6661/6661
f 6661/6661 6668/6668 6662/6662
f 6668/6668 6669/6669 6662/6662
f 6662/6662 6669/6669 6663/6663
f 6669/6669 6670/6670 6663/6663
f 6677/6677 6678/6678 6671/6671
f 6678/6678 6679/6679 6672/6672
f 6679/6679 6680/6680 6673/6673
f 6680/6680 6681/6681 6674/6674
f 6681/6681 6682/6682 6675/6675
f 6682/6682 6683/6683 6676/6676
f 6691/6691 6690/6690 6684/6684
f 6692/6692 6691/6691 6685/6685
f 6693/6693 6692/6692 6686/6686
f 6694/6694 6693/6693 6687/6687
f 6695/6695 6694/6694 6688/6688
f 6696/6696 6695/6695 6689/6689
v -10.70500 0.67500 4.63000
v -10.71500 0.67500 4.61268
v -10.73500 0.67500 4.61268
v -10.74500 0.67500 4.63000
v -10.73500 0.67500 4.64732
v -10.71500 0.67500 4.64732
v -10.70500 0.67500 4.63000
v -10.70500 0.07500 4.63000
v -10.71500 0.07500 4.61268
v -10.73500 0.07500 4.61268
v -10.74500 0.07500 4.63000
v -10.73500 0.07500 4.64732
v -10.71500 0.07500 4.64732
v -10.70500 0.07500 4.63000
v -10.72500 0.67500 4.63000
v -10.72500 0.67500 4.63000
v -10.72500 0.67500 4.63000
v -10.72500 0.67500 4.63000
v -10.72500 0.67500 4.63000
v -10.72500 0.67500 4.63000
v -10.70500 0.67500 4.63000
v -10.71500 0.67500 4.61268
v -10.73500 0.67500 4.61268
v -10.74500 0.67500 4.63000
v -10.73500 0.67500 4.64732
v -10.71500 0.67500 4.64732
v -10.70500 0.67500 4.63000
v -10.72500 0.07500 4.63000
v -10.72500 0.07500 4.63000
v -10.72500 0.07500 4.63000
v -10.72500 0.07500 4.63000
v -10.72500 0.07500 4.63000
v -10.72500 0.07500 4.63000
v -10.70500 0.07500 4.63000
v -10.71500 0.07500 4.61268
v -10.73500 0.07500 4.61268
v -10.74500 0.07500 4.63000
v -10.73500 0.07500 4.64732
v -10.71500 0.07500 4.64732
v -10.70500 0.07500 4.63000
vt 0.00000 0.00000
vt 0.16667 0.00000
vt 0.33333 0.00000
vt 0.50000 0.00000
vt 0.66667 0.00000
vt 0.83333 0.00000
vt 1.00000 0.00000
vt 0.00000 1.00000
vt 0.16667 1.00000
vt 0.33333 1.00000
vt 0.50000 1.00000
vt 0.66667 1.00000
vt 0.83333 1.00000
vt 1.00000 1.00000
vt 0.50000 0.50000
vt 0.50000 0.50000
vt 0.50000 0.50000
vt 0.50000 0.50000
vt 0.50000 0.50000
vt 0.50000 0.50000
vt 1.00000 0.50000
vt 0.75000 0.06699
vt 0.25000 0.06699
vt 0.00000 0.50000
vt 0.25000 0.93301
vt 0.75000 0.93301
vt 1.00000 0.50000
vt 0.50000 0.50000
vt 0.50000 0.50000
vt 0.50000 0.50000
vt 0.50000 0.50000
vt 0.50000 0.50000
vt 0.50000 0.50000
vt 1.00000 0.50000
vt 0.75000 0.93301
vt 0.25000 0.93301
vt 0.00000 0.50000
vt 0.25000 0.06699
vt 0.75000 0.06699
vt 1.00000 0.50000
f 6697/6697 6704/6704 6698/6698
f 6704/6704 6705/6705 6698/6698
f 6698/6698 6705/6705 6699/6699
f 6705/6705 6706/6706 6699/6699
f 6699/6699 6706/6706 6700/6700
f 6706/6706 6707/6707 6700/6700
f 6700/6700 6707/6707 6701/6701
f 6707/6707 6708/6708 6701/6701
f 6701/6701 6708/6708 6702/6702
f 6708/6708 6709/6709 6702/6702
f 6702/6702 6709/6709 6703/6703
f 6709/6709 6710/6710 6703/6703
f 6717/6717 6718/6718 6711/6711
f 6718/6718 6719/6719 6712/6712
f 6719/6719 6720/6720 6713/6713
f 6720/6720 6721/6721 6714/6714
f 6721/6721 6722/6722 6715/6715
f 6722/6722 6723/6723 6716/6716
f 6731/6731 6730/6730 6724/6724
f 6732/6732 6731/6731 6725/6725
f 6733/6733 6732/6732 6726/6726
f 6734/6734 6733/6733 6727/6727
f 6735/6735 6734/6734 6728/6728
f 6736/6736 6735/6735 6729/6729
v -10.70500 0.67500 4.31000
v -10.71500 0.67500 4.29268
v -10.73500 0.67500 4.29268
v -10.74500 0.67500 4.31000
v -10.73500 0.67500 4.32732
v -10.71500 0.67500 4.32732
v -10.70500 0.67500 4.31000
v -10.70500 0.07500 4.31000
v -10.71500 0.07500 4.29268
v -10.73500 0.07500 4.29268
v -10.74500 0.07500 4.31000
v -10.73500 0.07500 4.32732
v -10.71500 0.07500 4.32732
v -10.70500 0.07500 4.31000
v -10.72500 0.67500 4.31000
v -10.72500 0.67500 4.31000
v -10.72500 0.67500 4.31000
v -10.72500 0.67500 4.31000
v -10.72500 0.67500 4.31000
v -10.72500 0.67500 4.31000
v -10.70500 0.67500 4.31000
v -10.71500 0.67500 4.29268
v -10.73500 0.67500 4.29268
v -10.74500 0.67500 4.31000
v -10.73500 0.67500 4.32732
v -10.71500 0.67500 4.32732
v -10.70500 0.67500 4.31000
v -10.72500 0.07500 4.31000
v -10.72500 0.07500 4.31000
v -10.72500 0.07500 4.31000
v -10.72500 0.07500 4.31000
v -10.72500 0.07500 4.31000
v -10.72500 0.07500 4.31000
v -10.70500 0.07500 4.31000
v -10.71500 0.07500 4.29268
v -10.73500 0.07500 4.29268
v -10.74500 0.07500 4.31000
v -10.73500 0.07500 4.32732
v -10.71500 0.07500 4.32732
v -10.70500 0.07500 4.31000
vt 0.00000 0.00000
vt 0.16667 0.00000
vt 0.33333 0.00000
vt 0.50000 0.00000
vt 0.66667 0.00000
vt 0.83333 0.00000
vt 1.00000 0.00000
vt 0.00000 1.00000
vt 0.16667 1.00000
vt 0.33333 1.00000
vt 0.50000 1.00000
vt 0.66667 1.00000
vt 0.83333 1.00000
vt 1.00000 1.00000
vt 0.50000 0.50000
vt 0.50000 0.50000
vt 0.50000 0.50000
vt 0.50000 0.50000
vt 0.50000 0.50000
vt 0.50000 0.50000
vt 1.00000 0.50000
vt 0.75000 0.06699
vt 0.25000 0.06699
vt 0.00000 0.50000
vt 0.25000 0.93301
vt 0.75000 0.93301
vt 1.00000 0.50000
vt 0.50000 0.50000
vt 0.50000 0.50000
vt 0.50000 0.50000
vt 0.50000 0.50000
vt 0.50000 0.50000
vt 0.50000 0.50000
vt 1.00000 0.50000
vt 0.75000 0.93301
vt 0.25000 0.93301
vt 0.00000 0.50000
vt 0.25000 0.06699
vt 0.75000 0.06699
vt 1.00000 0.50000
f 6737/6737 6744/6744 6738/6738
f 6744/6744 6745/6745 6738/6738
f 6738/6738 6745/6745 6739/6739
f 6745/6745 6746/6746 6739/6739
f 6739/6739 6746/6746 6740/6740
f 6746/6746 6747/6747 6740/6740
f 6740/6740 6747/6747 6741/6741
f 6747/6747 6748/6748 6741/6741
f 6741/6741 6748/6748 6742/6742
f 6748/6748 6749/6749 6742/6742
f 6742/6742 6749/6749 6743/6743
f 6749/6749 6750/6750 6743/6743
f 6757/6757 6758/6758 6751/6751
f 6758/6758 6759/6759 6752/6752
f 6759/6759 6760/6760 6753/6753
f 6760/6760 6761/6761 6754/6754
f 6761/6761 6762/6762 6755/6755
f 6762/6762 6763/6763 6756/6756
f 6771/6771 6770/6770 6764/6764
f 6772/6772 6771/6771 6765/6765
f 6773/6773 6772/6772 6766/6766
f 6774/6774 6773/6773 6767/6767
f 6775/6775 6774/6774 6768/6768
f 6776/6776 6775/6775 6769/6769
v -10.70500 0.67500 3.99000
v -10.71500 0.67500 3.97268
v -10.73500 0.67500 3.97268
v -10.74500 0.67500 3.99000
v -10.73500 0.67500 4.00732
v -10.71500 0.67500 4.00732
v -10.70500 0.67500 3.99000
v -10.70500 0.07500 3.99000
v -10.71500 0.07500 3.97268
v -10.73500 0.07500 3.97268
v -10.74500 0.07500 3.99000
v -10.73500 0.07500 4.00732
v -10.71500 0.07500 4.00732
v -10.70500 0.07500 3.99000
v -10.72500 0.67500 3.99000
v -10.72500 0.67500 3.99000
v -10.72500 0.67500 3.99000
v -10.72500 0.67500 3.99000
v -10.72500 0.67500 3.99000
v -10.72500 0.67500 3.99000
v -10.70500 0.67500 3.99000
v -10.71500 0.67500 3.97268
v -10.73500 0.67500 3.97268
v -10.74500 0.67500 3.99000
v -10.73500 0.67500 4.00732
v -10.71500 0.67500 4.00732
v -10.70500 0.67500 3.99000
v -10.72500 0.07500 3.99000
v -10.72500 0.07500 3.99000
v -10.72500 0.07500 3.99000
v -10.72500 0.07500 3.99000
v -10.72500 0.07500 3.99000
v -10.72500 0.07500 3.99000
v -10.70500 0.07500 3.99000
v -10.71500 0.07500 3.97268
v -10.73500 0.07500 3.97268
v -10.74500 0.07500 3.99000
v -10.73500 0.07500 4.00732
v -10.71500 0.07500 4.00732
v -10.70500 0.07500 3.99000
vt 0.00000 0.00000
vt 0.16667 0.00000
vt 0.33333 0.00000
vt 0.50000 0.00000
vt 0.66667 0.00000
vt 0.83333 0.00000
vt 1.00000 0.00000
vt 0.00000 1.00000
vt 0.16667 1.00000
vt 0.33333 1.00000
vt 0.50000 1.00000
vt 0.66667 1.00000
vt 0.83333 1.00000
vt 1.00000 1.00000
vt 0.50000 0.50000
vt 0.50000 0.50000
vt 0.50000 0.50000
vt 0.50000 0.50000
vt 0.50000 0.50000
vt 0.50000 0.50000
vt 1.00000 0.50000
vt 0.75000 0.06699
vt 0.25000 0.06699
vt 0.00000 0.50000
vt 0.25000 0.93301
vt 0.75000 0.93301
vt 1.00000 0.50000
vt 0.50000 0.50000
vt 0.50000 0.50000
vt 0.50000 0.50000
vt 0.50000 0.50000
vt 0.50000 0.50000
vt 0.50000 0.50000
vt 1.00000 0.50000
vt 0.75000 0.93301
vt 0.25000 0.93301
vt 0.00000 0.50000
vt 0.25000 0.06699
vt 0.75000 0.06699
vt 1.00000 0.50000
f 6777/6777 6784/6784 6778/6778
f 6784/6784 6785/6785 6778/6778
f 6778/6778 6785/6785 6779/6779
f 6785/6785 6786/6786 6779/6779
f 6779/6779 6786/6786 6780/6780
f 6786/6786 6787/6787 6780/6780
f 6780/6780 6787/6787 6781/6781
f 6787/6787 6788/6788 6781/6781
f 6781/6781 6788/6788 6782/6782
f 6788/6788 6789/6789 6782/6782
f 6782/6782 6789/6789 6783/6783
f 6789/6789 6790/6790 6783/6783
f 6797/6797 6798/6798 6791/6791
f 6798/6798 6799/6799 6792/6792
f 6799/6799 6800/6800 6793/6793
f 6800/6800 6801/6801 6794/6794
f 6801/6801 6802/6802 6795/6795
f 6802/6802 6803/6803 6796/6796
f 6811/6811 6810/6810 6804/6804
f 6812/6812 6811/6811 6805/6805
f 6813/6813 6812/6812 6806/6806
f 6814/6814 6813/6813 6807/6807
f 6815/6815 6814/6814 6808/6808
f 6816/6816 6815/6815 6809/6809
v -10.70500 0.67500 3.67000
v -10.71500 0.67500 3.65268
v -10.73500 0.67500 3.65268
v -10.74500 0.67500 3.67000
v -10.73500 0.67500 3.68732
v -10.71500 0.67500 3.68732
v -10.70500 0.67500 3.67000
v -10.70500 0.07500 3.67000
v -10.71500 0.07500 3.65268
v -10.73500 0.07500 3.65268
v -10.74500 0.07500 3.67000
v -10.73500 0.07500 3.68732
v -10.71500 0.07500 3.68732
v -10.70500 0.07500 3.67000
v -10.72500 0.67500 3.67000
v -10.72500 0.67500 3.67000
v -10.72500 0.67500 3.67000
v -10.72500 0.67500 3.67000
v -10.72500 0.67500 3.67000
v -10.72500 0.67500 3.67000
v -10.70500 0.67500 3.67000
v -10.71500 0.67500 3.65268
v -10.73500 0.67500 3.65268
v -10.74500 0.67500 3.67000
v -10.73500 0.67500 3.68732
v -10.71500 0.67500 3.68732
v -10.70500 0.67500 3.67000
v -10.72500 0.07500 3.67000
v -10.72500 0.07500 3.67000
v -10.72500 0.07500 3.67000
v -10.72500 0.07500 3.67000
v -10.72500 0.07500 3.67000
v -10.72500 0.07500 3.67000
v -10.70500 0.07500 3.67000
v -10.71500 0.07500 3.65268
v -10.73500 0.07500 3.65268
v -10.74500 0.07500 3.67000
v -10.73500 0.07500 3.68732
v -10.71500 0.07500 3.68732
v -10.70500 0.07500 3.67000
vt 0.00000 0.00000
vt 0.16667 0.00000
vt 0.33333 0.00000
vt 0.50000 0.00000
vt 0.66667 0.00000
vt 0.83333 0.00000
vt 1.00000 0.00000
vt 0.00000 1.00000
vt 0.16667 1.00000
vt 0.33333 1.00000
vt 0.50000 1.00000
vt 0.66667 1.00000
vt 0.83333 1.00000
vt 1.00000 1.00000
vt 0.50000 0.50000
vt 0.50000 0.50000
vt 0.50000 0.50000
vt 0.50000 0.50000
vt 0.50000 0.50000
vt 0.50000 0.50000
vt 1.00000 0.50000
vt 0.75000 0.06699
vt 0.25000 0.06699
vt 0.00000 0.50000
vt 0.25000 0.93301
vt 0.75000 0.93301
vt 1.00000 0.50000
vt 0.50000 0.50000
vt 0.50000 0.50000
vt 0.50000 0.50000
vt 0.50000 0.50000
vt 0.50000 0.50000
vt 0.50000 0.50000
vt 1.00000 0.50000
vt 0.75000 0.93301
vt 0.25000 0.93301
vt 0.00000 0.50000
vt 0.25000 0.06699
vt 0.75000 0.06699
vt 1.00000 0.50000
f 6817/6817 6824/6824 6818/6818
f 6824/6824 6825/6825 6818/6818
f 6818/6818 6825/6825 6819/6819
f 6825/6825 6826/6826 6819/6819
f 6819/6819 6826/6826 6820/6820
f 6826/6826 6827/6827 6820/6820
f 6820/6820 6827/6827 6821/6821
f 6827/6827 6828/6828 6821/6821
f 6821/6821 6828/6828 6822/6822
f 6828/6828 6829/6829 6822/6822
f 6822/6822 6829/6829 6823/6823
f 6829/6829 6830/6830 6823/6823
f 6837/6837 6838/6838 6831/6831
f 6838/6838 6839/6839 6832/6832
f 6839/6839 6840/6840 6833/6833
f 6840/6840 6841/6841 6834/6834
f 6841/6841 6842/6842 6835/6835
f 6842/6842 6843/6843 6836/6836
f 6851/6851 6850/6850 6844/6844
f 6852/6852 6851/6851 6845/6845
f 6853/6853 6852/6852 6846/6846
f 6854/6854 6853/6853 6847/6847
f 6855/6855 6854/6854 6848/6848
f 6856/6856 6855/6855 6849/6849
v -10.70500 0.67500 3.35000
v -10.71500 0.67500 3.33268
v -10.73500 0.67500 3.33268
v -10.74500 0.67500 3.35000
v -10.73500 0.67500 3.36732
v -10.71500 0.67500 3.36732
v -10.70500 0.67500 3.35000
v -10.70500 0.07500 3.35000
v -10.71500 0.07500 3.33268
v -10.73500 0.07500 3.33268
v -10.74500 0.07500 3.35000
v -10.73500 0.07500 3.36732
v -10.71500 0.07500 3.36732
v -10.70500 0.07500 3.35000
v -10.72500 0.67500 3.35000
v -10.72500 0.67500 3.35000
v -10.72500 0.67500 3.35000
v -10.72500 0.67500 3.35000
v -10.72500 0.67500 3.35000
v -10.72500 0.67500 3.35000
v -10.70500 0.67500 3.35000
v -10.71500 0.67500 3.33268
v -10.73500 0.67500 3.33268
v -10.74500 0.67500 3.35000
v -10.73500 0.67500 3.36732
v -10.71500 0.67500 3.36732
v -10.70500 0.67500 3.35000
v -10.72500 0.07500 3.35000
v -10.72500 0.07500 3.35000
v -10.72500 0.07500 3.35000
v -10.72500 0.07500 3.35000
v -10.72500 0.07500 3.35000
v -10.72500 0.07500 3.35000
v -10.70500 0.07500 3.35000
v -10.71500 0.07500 3.33268
v -10.73500 0.07500 3.33268
v -10.74500 0.07500 3.35000
v -10.73500 0.07500 3.36732
v -10.71500 0.07500 3.36732
v -10.70500 0.07500 3.35000
vt 0.00000 0.00000
vt 0.16667 0.00000
vt 0.33333 0.00000
vt 0.50000 0.00000
vt 0.66667 0.00000
vt 0.83333 0.00000
vt 1.00000 0.00000
vt 0.00000 1.00000
vt 0.16667 1.00000
vt 0.33333 1.00000
vt 0.50000 1.00000
vt 0.66667 1.00000
vt 0.83333 1.00000
vt 1.00000 1.00000
vt 0.50000 0.50000
vt 0.50000 0.50000
vt 0.50000 0.50000
vt 0.50000 0.50000
vt 0.50000 0.50000
vt 0.50000 0.50000
vt 1.00000 0.50000
vt 0.75000 0.06699
vt 0.25000 0.06699
vt 0.00000 0.50000
vt 0.25000 0.93301
vt 0.75000 0.93301
vt 1.00000 0.50000
vt 0.50000 0.50000
vt 0.50000 0.50000
vt 0.50000 0.50000
vt 0.50000 0.50000
vt 0.50000 0.50000
vt 0.50000 0.50000
vt 1.00000 0.50000
vt 0.75000 0.93301
vt 0.25000 0.93301
vt 0.00000 0.50000
vt 0.25000 0.06699
vt 0.75000 0.06699
vt 1.00000 0.50000
f 6857/6857 6864/6864 6858/6858
f 6864/6864 6865/6865 6858/6858
f 6858/6858 6865/6865 6859/6859
f 6865/6865 6866/6866 6859/6859
f 6859/6859 6866/6866 6860/6860
f 6866/6866 6867/6867 6860/6860
f 6860/6860 6867/6867 6861/6861
f 6867/6867 6868/6868 6861/6861
f 6861/6861 6868/6868 6862/6862
f 6868/6868 6869/6869 6862/6862
f 6862/6862 6869/6869 6863/6863
f 6869/6869 6870/6870 6863/6863
f 6877/6877 6878/6878 6871/6871
f 6878/6878 6879/6879 6872/6872
f 6879/6879 6880/6880 6873/6873
f 6880/6880 6881/6881 6874/6874
f 6881/6881 6882/6882 6875/6875
f 6882/6882 6883/6883 6876/6876
f 6891/6891 6890/6890 6884/6884
f 6892/6892 6891/6891 6885/6885
f 6893/6893 6892/6892 6886/6886
f 6894/6894 6893/6893 6887/6887
f 6895/6895 6894/6894 6888/6888
f 6896/6896 6895/6895 6889/6889
v -10.70500 0.67500 3.03000
v -10.71500 0.67500 3.01268
v -10.73500 0.67500 3.01268
v -10.74500 0.67500 3.03000
v -10.73500 0.67500 3.04732
v -10.71500 0.67500 3.04732
v -10.70500 0.67500 3.03000
v -10.70500 0.07500 3.03000
v -10.71500 0.07500 3.01268
v -10.73500 0.07500 3.01268
v -10.74500 0.07500 3.03000
v -10.73500 0.07500 3.04732
v -10.71500 0.07500 3.04732
v -10.70500 0.07500 3.03000
v -10.72500 0.67500 3.03000
v -10.72500 0.67500 3.03000
v -10.72500 0.67500 3.03000
v -10.72500 0.67500 3.03000
v -10.72500 0.67500 3.03000
v -10.72500 0.67500 3.03000
v -10.70500 0.67500 3.03000
v -10.71500 0.67500 3.01268
v -10.73500 0.67500 3.01268
v -10.74500 0.67500 3.03000
v -10.73500 0.67500 3.04732
v -10.71500 0.67500 3.04732
v -10.70500 0.67500 3.03000
v -10.72500 0.07500 3.03000
v -10.72500 0.07500 3.03000
v -10.72500 0.07500 3.03000
v -10.72500 0.07500 3.03000
v -10.72500 0.07500 3.03000
v -10.72500 0.07500 3.03000
v -10.70500 0.07500 3.03000
v -10.71500 0.07500 3.01268
v -10.73500 0.07500 3.01268
v -10.74500 0.07500 3.03000
v -10.73500 0.07500 3.04732
v -10.71500 0.07500 3.04732
v -10.70500 0.07500 3.03000
vt 0.00000 0.00000
vt 0.16667 0.00000
vt 0.33333 0.00000
vt 0.50000 0.00000
vt 0.66667 0.00000
vt 0.83333 0.00000
vt 1.00000 0.00000
vt 0.00000 1.00000
vt 0.16667 1.00000
vt 0.33333 1.00000
vt 0.50000 1.00000
vt 0.66667 1.00000
vt 0.83333 1.00000
vt 1.00000 1.00000
vt 0.50000 0.50000
vt 0.50000 0.50000
vt 0.50000 0.50000
vt 0.50000 0.50000
vt 0.50000 0.50000
vt 0.50000 0.50000
vt 1.00000 0.50000
vt 0.75000 0.06699
vt 0.25000 0.06699
vt 0.00000 0.50000
vt 0.25000 0.93301
vt 0.75000 0.93301
vt 1.00000 0.50000
vt 0.50000 0.50000
vt 0.50000 0.50000
vt 0.50000 0.50000
vt 0.50000 0.50000
vt 0.50000 0.50000
vt 0.50000 0.50000
vt 1.00000 0.50000
vt 0.75000 0.93301
vt 0.25000 0.93301
vt 0.00000 0.50000
vt 0.25000 0.06699
vt 0.75000 0.06699
vt 1.00000 0.50000
f 6897/6897 6904/6904 6898/6898
f 6904/6904 6905/6905 6898/6898
f 6898/6898 6905/6905 6899/6899
f 6905/6905 6906/6906 6899/6899
f 6899/6899 6906/6906 6900/6900
f 6906/6906 6907/6907 6900/6900
f 6900/6900 6907/6907 6901/6901
f 6907/6907 6908/6908 6901/6901
f 6901/6901 6908/6908 6902/6902
f 6908/6908 6909/6909 6902/6902
f 6902/6902 6909/6909 6903/6903
f 6909/6909 6910/6910 6903/6903
f 6917/6917 6918/6918 6911/6911
f 6918/6918 6919/6919 6912/6912
f 6919/6919 6920/6920 6913/6913
f 6920/6920 6921/6921 6914/6914
f 6921/6921 6922/6922 6915/6915
f 6922/6922 6923/6923 6916/6916
f 6931/6931 6930/6930 6924/6924
f 6932/6932 6931/6931 6925/6925
f 6933/6933 6932/6932 6926/6926
f 6934/6934 6933/6933 6927/6927
f 6935/6935 6934/6934 6928/6928
f 6936/6936 6935/6935 6929/6929
v -10.70500 0.67500 2.71000
v -10.71500 0.67500 2.69268
v -10.73500 0.67500 2.69268
v -10.74500 0.67500 2.71000
v -10.73500 0.67500 2.72732
v -10.71500 0.67500 2.72732
v -10.70500 0.67500 2.71000
v -10.70500 0.07500 2.71000
v -10.71500 0.07500 2.69268
v -10.73500 0.07500 2.69268
v -10.74500 0.07500 2.71000
v -10.73500 0.07500 2.72732
v -10.71500 0.07500 2.72732
v -10.70500 0.07500 2.71000
v -10.72500 0.67500 2.71000
v -10.72500 0.67500 2.71000
v -10.72500 0.67500 2.71000
v -10.72500 0.67500 2.71000
v -10.72500 0.67500 2.71000
v -10.72500 0.67500 2.71000
v -10.70500 0.67500 2.71000
v -10.71500 0.67500 2.69268
v -10.73500 0.67500 2.69268
v -10.74500 0.67500 2.71000
v -10.73500 0.67500 2.72732
v -10.71500 0.67500 2.72732
v -10.70500 0.67500 2.71000
v -10.72500 0.07500 2.71000
v -10.72500 0.07500 2.71000
v -10.72500 0.07500 2.71000
v -10.72500 0.07500 2.71000
v -10.72500 0.07500 2.71000
v -10.72500 0.07500 2.71000
v -10.70500 0.07500 2.71000
v -10.71500 0.07500 2.69268
v -10.73500 0.07500 2.69268
v -10.74500 0.07500 2.71000
v -10.73500 0.07500 2.72732
v -10.71500 0.07500 2.72732
v -10.70500 0.07500 2.71000
vt 0.00000 0.00000
vt 0.16667 0.00000
vt 0.33333 0.00000
vt 0.50000 0.00000
vt 0.66667 0.00000
vt 0.83333 0.00000
vt 1.00000 0.00000
vt 0.00000 1.00000
vt 0.16667 1.00000
vt 0.33333 1.00000
vt 0.50000 1.00000
vt 0.66667 1.00000
vt 0.83333 1.00000
vt 1.00000 1.00000
vt 0.50000 0.50000
vt 0.50000 0.50000
vt 0.50000 0.50000
vt 0.50000 0.50000
vt 0.50000 0.50000
vt 0.50000 0.50000
vt 1.00000 0.50000
vt 0.75000 0.06699
vt 0.25000 0.06699
vt 0.00000 0.50000
vt 0.25000 0.93301
vt 0.75000 0.93301
vt 1.00000 0.50000
vt 0.50000 0.50000
vt 0.50000 0.50000
vt 0.50000 0.50000
vt 0.50000 0.50000
vt 0.50000 0.50000
vt 0.50000 0.50000
vt 1.00000 0.50000
vt 0.75000 0.93301
vt 0.25000 0.93301
vt 0.00000 0.50000
vt 0.25000 0.06699
vt 0.75000 0.06699
vt 1.00000 0.50000
f 6937/6937 6944/6944 6938/6938
f 6944/6944 6945/6945 6938/6938
f 6938/6938 6945/6945 6939/6939
f 6945/6945 6946/6946 6939/6939
f 6939/6939 6946/6946 6940/6940
f 6946/6946 6947/6947 6940/6940
f 6940/6940 6947/6947 6941/6941
f 6947/6947 6948/6948 6941/6941
f 6941/6941 6948/6948 6942/6942
f 6948/6948 6949/6949 6942/6942
f 6942/6942 6949/6949 6943/6943
f 6949/6949 6950/6950 6943/6943
f 6957/6957 6958/6958 6951/6951
f 6958/6958 6959/6959 6952/6952
f 6959/6959 6960/6960 6953/6953
f 6960/6960 6961/6961 6954/6954
f 6961/6961 6962/6962 6955/6955
f 6962/6962 6963/6963 6956/6956
f 6971/6971 6970/6970 6964/6964
f 6972/6972 6971/6971 6965/6965
f 6973/6973 6972/6972 6966/6966
f 6974/6974 6973/6973 6967/6967
f 6975/6975 6974/6974 6968/6968
f 6976/6976 6975/6975 6969/6969
v -10.70500 0.67500 2.39000
v -10.71500 0.67500 2.37268
v -10.73500 0.67500 2.37268
v -10.74500 0.67500 2.39000
v -10.73500 0.67500 2.40732
v -10.71500 0.67500 2.40732
v -10.70500 0.67500 2.39000
v -10.70500 0.07500 2.39000
v -10.71500 0.07500 2.37268
v -10.73500 0.07500 2.37268
v -10.74500 0.07500 2.39000
v -10.73500 0.07500 2.40732
v -10.71500 0.07500 2.40732
v -10.70500 0.07500 2.39000
v -10.72500 0.67500 2.39000
v -10.72500 0.67500 2.39000
v -10.72500 0.67500 2.39000
v -10.72500 0.67500 2.39000
v -10.72500 0.67500 2.39000
v -10.72500 0.67500 2.39000
v -10.70500 0.67500 2.39000
v -10.71500 0.67500 2.37268
v -10.73500 0.67500 2.37268
v -10.74500 0.67500 2.39000
v -10.73500 0.67500 2.40732
v -10.71500 0.67500 2.40732
v -10.70500 0.67500 2.39000
v -10.72500 0.07500 2.39000
v -10.72500 0.07500 2.39000
v -10.72500 0.07500 2.39000
v -10.72500 0.07500 2.39000
v -10.72500 0.07500 2.39000
v -10.72500 0.07500 2.39000
v -10.70500 0.07500 2.39000
v -10.71500 0.07500 2.37268
v -10.73500 0.07500 2.37268
v -10.74500 0.07500 2.39000
v -10.73500 0.07500 2.40732
v -10.71500 0.07500 2.40732
v -10.70500 0.07500 2.39000
vt 0.00000 0.00000
vt 0.16667 0.00000
vt 0.33333 0.00000
vt 0.50000 0.00000
vt 0.66667 0.00000
vt 0.83333 0.00000
vt 1.00000 0.00000
vt 0.00000 1.00000
vt 0.16667 1.00000
vt 0.33333 1.00000
vt 0.50000 1.00000
vt 0.66667 1.00000
vt 0.83333 1.00000
vt 1.00000 1.00000
vt 0.50000 0.50000
vt 0.50000 0.50000
vt 0.50000 0.50000
vt 0.50000 0.50000
vt 0.50000 0.50000
vt 0.50000 0.50000
vt 1.00000 0.50000
vt 0.75000 0.06699
vt 0.25000 0.06699
vt 0.00000 0.50000
vt 0.25000 0.93301
vt 0.75000 0.93301
vt 1.00000 0.50000
vt 0.50000 0.50000
vt 0.50000 0.50000
vt 0.50000 0.50000
vt 0.50000 0.50000
vt 0.50000 0.50000
vt 0.50000 0.50000
vt 1.00000 0.50000
vt 0.75000 0.93301
vt 0.25000 0.93301
vt 0.00000 0.50000
vt 0.25000 0.06699
vt 0.75000 0.06699
vt 1.00000 0.50000
f 6977/6977 6984/6984 6978/6978
f 6984/6984 6985/6985 6978/6978
f 6978/6978 6985/6985 6979/6979
f 6985/6985 6986/6986 6979/6979
f 6979/6979 6986/6986 6980/6980
f 6986/6986 6987/6987 6980/6980
f 6980/6980 6987/6987 6981/6981
f 6987/6987 6988/6988 6981/6981
f 6981/6981 6988/6988 6982/6982
f 6988/6988 6989/6989 6982/6982
f 6982/6982 6989/6989 6983/6983
f 6989/6989 6990/6990 6983/6983
f 6997/6997 6998/6998 6991/6991
f 6998/6998 6999/6999 6992/6992
f 6999/6999 7000/7000 6993/6993
f 7000/7000 7001/7001 6994/6994
f 7001/7001 7002/7002 6995/6995
f 7002/7002 7003/7003 6996/6996
f 7011/7011 7010/7010 7004/7004
f 7012/7012 7011/7011 7005/7005
f 7013/7013 7012/7012 7006/7006
f 7014/7014 7013/7013 7007/7007
f 7015/7015 7014/7014 7008/7008
f 7016/7016 7015/7015 7009/7009
v -10.70500 0.67500 2.07000
v -10.71500 0.67500 2.05268
v -10.73500 0.67500 2.05268
v -10.74500 0.67500 2.07000
v -10.73500 0.67500 2.08732
v -10.71500 0.67500 2.08732
v -10.70500 0.67500 2.07000
v -10.70500 0.07500 2.07000
v -10.71500 0.07500 2.05268
v -10.73500 0.07500 2.05268
v -10.74500 0.07500 2.07000
v -10.73500 0.07500 2.08732
v -10.71500 0.07500 2.08732
v -10.70500 0.07500 2.07000
v -10.72500 0.67500 2.07000
v -10.72500 0.67500 2.07000
v -10.72500 0.67500 2.07000
v -10.72500 0.67500 2.07000
v -10.72500 0.67500 2.07000
v -10.72500 0.67500 2.07000
v -10.70500 0.67500 2.07000
v -10.71500 0.67500 2.05268
v -10.73500 0.67500 2.05268
v -10.74500 0.67500 2.07000
v -10.73500 0.67500 2.08732
v -10.71500 0.67500 2.08732
v -10.70500 0.67500 2.07000
v -10.72500 0.07500 2.07000
v -10.72500 0.07500 2.07000
v -10.72500 0.07500 2.07000
v -10.72500 0.07500 2.07000
v -10.72500 0.07500 2.07000
v -10.72500 0.07500 2.07000
v -10.70500 0.07500 2.07000
v -10.71500 0.07500 2.05268
v -10.73500 0.07500 2.05268
v -10.74500 0.07500 2.07000
v -10.73500 0.07500 2.08732
v -10.71500 0.07500 2.08732
v -10.70500 0.07500 2.07000
vt 0.00000 0.00000
vt 0.16667 0.00000
vt 0.33333 0.00000
vt 0.50000 0.00000
vt 0.66667 0.00000
vt 0.83333 0.00000
vt 1.00000 0.00000
vt 0.00000 1.00000
vt 0.16667 1.00000
vt 0.33333 1.00000
vt 0.50000 1.00000
vt 0.66667 1.00000
vt 0.83333 1.00000
vt 1.00000 1.00000
vt 0.50000 0.50000
vt 0.50000 0.50000
vt 0.50000 0.50000
vt 0.50000 0.50000
vt 0.50000 0.50000
vt 0.50000 0.50000
vt 1.00000 0.50000
vt 0.75000 0.06699
vt 0.25000 0.06699
vt 0.00000 0.50000
vt 0.25000 0.93301
vt 0.75000 0.93301
vt 1.00000 0.50000
vt 0.50000 0.50000
vt 0.50000 0.50000
vt 0.50000 0.50000
vt 0.50000 0.50000
vt 0.50000 0.50000
vt 0.50000 0.50000
vt 1.00000 0.50000
vt 0.75000 0.93301
vt 0.25000 0.93301
vt 0.00000 0.50000
vt 0.25000 0.06699
vt 0.75000 0.06699
vt 1.00000 0.50000
f 7017/7017 7024/7024 7018/7018
f 7024/7024 7025/7025 7018/7018
f 7018/7018 7025/7025 7019/7019
f 7025/7025 7026/7026 7019/7019
f 7019/7019 7026/7026 7020/7020
f 7026/7026 7027/7027 7020/7020
f 7020/7020 7027/7027 7021/7021
f 7027/7027 7028/7028 7021/7021
f 7021/7021 7028/7028 7022/7022
f 7028/7028 7029/7029 7022/7022
f 7022/7022 7029/7029 7023/7023
f 7029/7029 7030/7030 7023/7023
f 7037/7037 7038/7038 7031/7031
f 7038/7038 7039/7039 7032/7032
f 7039/7039 7040/7040 7033/7033
f 7040/7040 7041/7041 7034/7034
f 7041/7041 7042/7042 7035/7035
f 7042/7042 7043/7043 7036/7036
f 7051/7051 7050/7050 7044/7044
f 7052/7052 7051/7051 7045/7045
f 7053/7053 7052/7052 7046/7046
f 7054/7054 7053/7053 7047/7047
f 7055/7055 7054/7054 7048/7048
f 7056/7056 7055/7055 7049/7049
v 4.72500 3.21000 6.16000
v 7.02500 3.21000 6.16000
v 4.72500 3.09000 6.16000
v 7.02500 3.09000 6.16000
v 7.02500 3.21000 1.56000
v 4.72500 3.21000 1.56000
v 7.02500 3.09000 1.56000
v 4.72500 3.09000 1.56000
v 7.02500 3.21000 1.56000
v 7.02500 3.21000 6.16000
v 4.72500 3.21000 1.56000
v 4.72500 3.21000 6.16000
v 4.72500 3.09000 1.56000
v 4.72500 3.09000 6.16000
v 7.02500 3.09000 1.56000
v 7.02500 3.09000 6.16000
v 4.72500 3.21000 1.56000
v 4.72500 3.21000 6.16000
v 4.72500 3.09000 1.56000
v 4.72500 3.09000 6.16000
v 7.02500 3.21000 6.16000
v 7.02500 3.21000 1.56000
v 7.02500 3.09000 6.16000
v 7.02500 3.09000 1.56000
vt 0.00000 0.00000
vt 1.00000 0.00000
vt 0.00000 1.00000
vt 1.00000 1.00000
vt 0.00000 0.00000
vt 1.00000 0.00000
vt 0.00000 1.00000
vt 1.00000 1.00000
vt 0.00000 0.00000
vt 1.00000 0.00000
vt 0.00000 1.00000
vt 1.00000 1.00000
vt 0.00000 0.00000
vt 1.00000 0.00000
vt 0.00000 1.00000
vt 1.00000 1.00000
vt 0.00000 0.00000
vt 1.00000 0.00000
vt 0.00000 1.00000
vt 1.00000 1.00000
vt 0.00000 0.00000
vt 1.00000 0.00000
vt 0.00000 1.00000
vt 1.00000 1.00000
f 7057/7057 7059/7059 7058/7058
f 7059/7059 7060/7060 7058/7058
f 7061/7061 7063/7063 7062/7062
f 7063/7063 7064/7064 7062/7062
f 7065/7065 7067/7067 7066/7066
f 7067/7067 7068/7068 7066/7066
f 7069/7069 7071/7071 7070/7070
f 7071/7071 7072/7072 7070/7070
f 7073/7073 7075/7075 7074/7074
f 7075/7075 7076/7076 7074/7074
f 7077/7077 7079/7079 7078/7078
f 7079/7079 7080/7080 7078/7078
v 4.72500 3.14500 6.16000
v 4.78500 3.14500 6.16000
v 4.72500 2.79500 6.16000
v 4.78500 2.79500 6.16000
v 4.78500 3.14500 1.56000
v 4.72500 3.14500 1.56000
v 4.78500 2.79500 1.56000
v 4.72500 2.79500 1.56000
v 4.78500 3.14500 1.56000
v 4.78500 3.14500 6.16000
v 4.72500 3.14500 1.56000
v 4.72500 3.14500 6.16000
v 4.72500 2.79500 1.56000
v 4.72500 2.79500 6.16000
v 4.78500 2.79500 1.56000
v 4.78500 2.79500 6.16000
v 4.72500 3.14500 1.56000
v 4.72500 3.14500 6.16000
v 4.72500 2.79500 1.56000
v 4.72500 2.79500 6.16000
v 4.78500 3.14500 6.16000
v 4.78500 3.14500 1.56000
v 4.78500 2.79500 6.16000
v 4.78500 2.79500 1.56000
vt 0.00000 0.00000
vt 1.00000 0.00000
vt 0.00000 1.00000
vt 1.00000 1.00000
vt 0.00000 0.00000
vt 1.00000 0.00000
vt 0.00000 1.00000
vt 1.00000 1.00000
vt 0.00000 0.00000
vt 1.00000 0.00000
vt 0.00000 1.00000
vt 1.00000 1.00000
vt 0.00000 0.00000
vt 1.00000 0.00000
vt 0.00000 1.00000
vt 1.00000 1.00000
vt 0.00000 0.00000
vt 1.00000 0.00000
vt 0.00000 1.00000
vt 1.00000 1.00000
vt 0.00000 0.00000
vt 1.00000 0.00000
vt 0.00000 1.00000
vt 1.00000 1.00000
f 7081/7081 7083/7083 7082/7082
f 7083/7083 7084/7084 7082/7082
f 7085/7085 7087/7087 7086/7086
f 7087/7087 7088/7088 7086/7086
f 7089/7089 7091/7091 7090/7090
f 7091/7091 7092/7092 7090/7090
f 7093/7093 7095/7095 7094/7094
f 7095/7095 7096/7096 7094/7094
f 7097/7097 7099/7099 7098/7098
f 7099/7099 7100/7100 7098/7098
f 7101/7101 7103/7103 7102/7102
f 7103/7103 7104/7104 7102/7102
v 4.78500 3.15000 1.56000
v 4.79706 3.15000 1.60500
v 4.83000 3.15000 1.63794
v 4.87500 3.15000 1.65000
v 4.92000 3.15000 1.63794
v 4.95294 3.15000 1.60500
v 4.96500 3.15000 1.56000
v 4.95294 3.15000 1.51500
v 4.92000 3.15000 1.48206
v 4.87500 3.15000 1.47000
v 4.83000 3.15000 1.48206
v 4.79706 3.15000 1.51500
v 4.78500 3.15000 1.56000
v 4.74500 0.20000 1.56000
v 4.76242 0.20000 1.62500
v 4.81000 0.20000 1.67258
v 4.87500 0.20000 1.69000
v 4.94000 0.20000 1.67258
v 4.98758 0.20000 1.62500
v 5.00500 0.20000 1.56000
v 4.98758 0.20000 1.49500
v 4.94000 0.20000 1.44742
v 4.87500 0.20000 1.43000
v 4.81000 0.20000 1.44742
v 4.76242 0.20000 1.49500
v 4.74500 0.20000 1.56000
v 4.87500 3.15000 1.56000
v 4.87500 3.15000 1.56000
v 4.87500 3.15000 1.56000
v 4.87500 3.15000 1.56000
v 4.87500 3.15000 1.56000
v 4.87500 3.15000 1.56000
v 4.87500 3.15000 1.56000
v 4.87500 3.15000 1.56000
v 4.87500 3.15000 1.56000
v 4.87500 3.15000 1.56000
v 4.87500 3.15000 1.56000
v 4.87500 3.15000 1.56000
v 4.78500 3.15000 1.56000
v 4.79706 3.15000 1.60500
v 4.83000 3.15000 1.63794
v 4.87500 3.15000 1.65000
v 4.92000 3.15000 1.63794
v 4.95294 3.15000 1.60500
v 4.96500 3.15000 1.56000
v 4.95294 3.15000 1.51500
v 4.92000 3.15000 1.48206
v 4.87500 3.15000 1.47000
v 4.83000 3.15000 1.48206
v 4.79706 3.15000 1.51500
v 4.78500 3.15000 1.56000
v 4.87500 0.20000 1.56000
v 4.87500 0.20000 1.56000
v 4.87500 0.20000 1.56000
v 4.87500 0.20000 1.56000
v 4.87500 0.20000 1.56000
v 4.87500 0.20000 1.56000
v 4.87500 0.20000 1.56000
v 4.87500 0.20000 1.56000
v 4.87500 0.20000 1.56000
v 4.87500 0.20000 1.56000
v 4.87500 0.20000 1.56000
v 4.87500 0.20000 1.56000
v 4.74500 0.20000 1.56000
v 4.76242 0.20000 1.62500
v 4.81000 0.20000 1.67258
v 4.87500 0.20000 1.69000
v 4.94000 0.20000 1.67258
v 4.98758 0.20000 1.62500
v 5.00500 0.20000 1.56000
v 4.98758 0.20000 1.49500
v 4.94000 0.20000 1.44742
v 4.87500 0.20000 1.43000
v 4.81000 0.20000 1.44742
v 4.76242 0.20000 1.49500
v 4.74500 0.20000 1.56000
vt 0.00000 0.00000
vt 0.08333 0.00000
vt 0.16667 0.00000
vt 0.25000 0.00000
vt 0.33333 0.00000
vt 0.41667 0.00000
vt 0.50000 0.00000
vt 0.58333 0.00000
vt 0.66667 0.00000
vt 0.75000 0.00000
vt 0.83333 0.00000
vt 0.91667 0.00000
vt 1.00000 0.00000
vt 0.00000 1.00000
vt 0.08333 1.00000
vt 0.16667 1.00000
vt 0.25000 1.00000
vt 0.33333 1.00000
vt 0.41667 1.00000
vt 0.50000 1.00000
vt 0.58333 1.00000
vt 0.66667 1.00000
vt 0.75000 1.00000
vt 0.83333 1.00000
vt 0.91667 1.00000
vt 1.00000 1.00000
vt 0.50000 0.50000
vt 0.50000 0.50000
vt 0.50000 0.50000
vt 0.50000 0.50000
vt 0.50000 0.50000
vt 0.50000 0.50000
vt 0.50000 0.50000
vt 0.50000 0.50000
vt 0.50000 0.50000
vt 0.50000 0.50000
vt 0.50000 0.50000
vt 0.50000 0.50000
vt 1.00000 0.50000
vt 0.93301 0.25000
vt 0.75000 0.06699
vt 0.50000 0.00000
vt 0.25000 0.06699
vt 0.06699 0.25000
vt 0.00000 0.50000
vt 0.06699 0.75000
vt 0.25000 0.93301
vt 0.50000 1.00000
vt 0.75000 0.93301
vt 0.93301 0.75000
vt 1.00000 0.50000
vt 0.50000 0.50000
vt 0.50000 0.50000
vt 0.50000 0.50000
vt 0.50000 0.50000
vt 0.50000 0.50000
vt 0.50000 0.50000
vt 0.50000 0.50000
vt 0.50000 0.50000
vt 0.50000 0.50000
vt 0.50000 0.50000
vt 0.50000 0.50000
vt 0.50000 0.50000
vt 1.00000 0.50000
vt 0.93301 0.75000
vt 0.75000 0.93301
vt 0.50000 1.00000
vt 0.25000 0.93301
vt 0.06699 0.75000
vt 0.00000 0.50000
vt 0.06699 0.25000
vt 0.25000 0.06699
vt 0.50000 0.00000
vt 0.75000 0.06699
vt 0.93301 0.25000
vt 1.00000 0.50000
f 7105/7105 7118/7118 7106/7106
f 7118/7118 7119/7119 7106/7106
f 7106/7106 7119/7119 7107/7107
f 7119/7119 7120/7120 7107/7107
f 7107/7107 7120/7120 7108/7108
f 7120/7120 7121/7121 7108/7108
f 7108/7108 7121/7121 7109/7109
f 7121/7121 7122/7122 7109/7109
f 7109/7109 7122/7122 7110/7110
f 7122/7122 7123/7123 7110/7110
f 7110/7110 7123/7123 7111/7111
f 7123/7123 7124/7124 7111/7111
f 7111/7111 7124/7124 7112/7112
f 7124/7124 7125/7125 7112/7112
f 7112/7112 7125/7125 7113/7113
f 7125/7125 7126/7126 7113/7113
f 7113/7113 7126/7126 7114/7114
f 7126/7126 7127/7127 7114/7114
f 7114/7114 7127/7127 7115/7115
f 7127/7127 7128/7128 7115/7115
f 7115/7115 7128/7128 7116/7116
f 7128/7128 7129/7129 7116/7116
f 7116/7116 7129/7129 7117/7117
f 7129/7129 7130/7130 7117/7117
f 7143/7143 7144/7144 7131/7131
f 7144/7144 7145/7145 7132/7132
f 7145/7145 7146/7146 7133/7133
f 7146/7146 7147/7147 7134/7134
f 7147/7147 7148/7148 7135/7135
f 7148/7148 7149/7149 7136/7136
f 7149/7149 7150/7150 7137/7137
f 7150/7150 7151/7151 7138/7138
f 7151/7151 7152/7152 7139/7139
f 7152/7152 7153/7153 7140/7140
f 7153/7153 7154/7154 7141/7141
f 7154/7154 7155/7155 7142/7142
f 7169/7169 7168/7168 7156/7156
f 7170/7170 7169/7169 7157/7157
f 7171/7171 7170/7170 7158/7158
f 7172/7172 7171/7171 7159/7159
f 7173/7173 7172/7172 7160/7160
f 7174/7174 7173/7173 7161/7161
f 7175/7175 7174/7174 7162/7162
f 7176/7176 7175/7175 7163/7163
f 7177/7177 7176/7176 7164/7164
f 7178/7178 7177/7177 7165/7165
f 7179/7179 7178/7178 7166/7166
f 7180/7180 7179/7179 7167/7167
v 4.78500 3.15000 3.09333
v 4.79706 3.15000 3.13833
v 4.83000 3.15000 3.17128
v 4.87500 3.15000 3.18333
v 4.92000 3.15000 3.17128
v 4.95294 3.15000 3.13833
v 4.96500 3.15000 3.09333
v 4.95294 3.15000 3.04833
v 4.92000 3.15000 3.01539
v 4.87500 3.15000 3.00333
v 4.83000 3.15000 3.01539
v 4.79706 3.15000 3.04833
v 4.78500 3.15000 3.09333
v 4.74500 0.20000 3.09333
v 4.76242 0.20000 3.15833
v 4.81000 0.20000 3.20592
v 4.87500 0.20000 3.22333
v 4.94000 0.20000 3.20592
v 4.98758 0.20000 3.15833
v 5.00500 0.20000 3.09333
v 4.98758 0.20000 3.02833
v 4.94000 0.20000 2.98075
v 4.87500 0.20000 2.96333
v 4.81000 0.20000 2.98075
v 4.76242 0.20000 3.02833
v 4.74500 0.20000 3.09333
v 4.87500 3.15000 3.09333
v 4.87500 3.15000 3.09333
v 4.87500 3.15000 3.09333
v 4.87500 3.15000 3.09333
v 4.87500 3.15000 3.09333
v 4.87500 3.15000 3.09333
v 4.87500 3.15000 3.09333
v 4.87500 3.15000 3.09333
v 4.87500 3.15000 3.09333
v 4.87500 3.15000 3.09333
v 4.87500 3.15000 3.09333
v 4.87500 3.15000 3.09333
v 4.78500 3.15000 3.09333
v 4.79706 3.15000 3.13833
v 4.83000 3.15000 3.17128
v 4.87500 3.15000 3.18333
v 4.92000 3.15000 3.17128
v 4.95294 3.15000 3.13833
v 4.96500 3.15000 3.09333
v 4.95294 3.15000 3.04833
v 4.92000 3.15000 3.01539
v 4.87500 3.15000 3.00333
v 4.83000 3.15000 3.01539
v 4.79706 3.15000 3.04833
v 4.78500 3.15000 3.09333
v 4.87500 0.20000 3.09333
v 4.87500 0.20000 3.09333
v 4.87500 0.20000 3.09333
v 4.87500 0.20000 3.09333
v 4.87500 0.20000 3.09333
v 4.87500 0.20000 3.09333
v 4.87500 0.20000 3.09333
v 4.87500 0.20000 3.09333
v 4.87500 0.20000 3.09333
v 4.87500 0.20000 3.09333
v 4.87500 0.20000 3.09333
v 4.87500 0.20000 3.09333
v 4.74500 0.20000 3.09333
v 4.76242 0.20000 3.15833
v 4.81000 0.20000 3.20592
v 4.87500 0.20000 3.22333
v 4.94000 0.20000 3.20592
v 4.98758 0.20000 3.15833
v 5.00500 0.20000 3.09333
v 4.98758 0.20000 3.02833
v 4.94000 0.20000 2.98075
v 4.87500 0.20000 2.96333
v 4.81000 0.20000 2.98075
v 4.76242 0.20000 3.02833
v 4.74500 0.20000 3.09333
vt 0.00000 0.00000
vt 0.08333 0.00000
vt 0.16667 0.00000
vt 0.25000 0.00000
vt 0.33333 0.00000
vt 0.41667 0.00000
vt 0.50000 0.00000
vt 0.58333 0.00000
vt 0.66667 0.00000
vt 0.75000 0.00000
vt 0.83333 0.00000
vt 0.91667 0.00000
vt 1.00000 0.00000
vt 0.00000 1.00000
vt 0.08333 1.00000
vt 0.16667 1.00000
vt 0.25000 1.00000
vt 0.33333 1.00000
vt 0.41667 1.00000
vt 0.50000 1.00000
vt 0.58333 1.00000
vt 0.66667 1.00000
vt 0.75000 1.00000
vt 0.83333 1.00000
vt 0.91667 1.00000
vt 1.00000 1.00000
vt 0.50000 0.50000
vt 0.50000 0.50000
vt 0.50000 0.50000
vt 0.50000 0.50000
vt 0.50000 0.50000
vt 0.50000 0.50000
vt 0.50000 0.50000
vt 0.50000 0.50000
vt 0.50000 0.50000
vt 0.50000 0.50000
vt 0.50000 0.50000
vt 0.50000 0.50000
vt 1.00000 0.50000
vt 0.93301 0.25000
vt 0.75000 0.06699
vt 0.50000 0.00000
vt 0.25000 0.06699
vt 0.06699 0.25000
vt 0.00000 0.50000
vt 0.06699 0.75000
vt 0.25000 0.93301
vt 0.50000 1.00000
vt 0.75000 0.93301
vt 0.93301 0.75000
vt 1.00000 0.50000
vt 0.50000 0.50000
vt 0.50000 0.50000
vt 0.50000 0.50000
vt 0.50000 0.50000
vt 0.50000 0.50000
vt 0.50000 0.50000
vt 0.50000 0.50000
vt 0.50000 0.50000
vt 0.50000 0.50000
vt 0.50000 0.50000
vt 0.50000 0.50000
vt 0.50000 0.50000
vt 1.00000 0.50000
vt 0.93301 0.75000
vt 0.75000 0.93301
vt 0.50000 1.00000
vt 0.25000 0.93301
vt 0.06699 0.75000
vt 0.00000 0.50000
vt 0.06699 0.25000
vt 0.25000 0.06699
vt 0.50000 0.00000
vt 0.75000 0.06699
vt 0.93301 0.25000
vt 1.00000 0.50000
f 7181/7181 7194/7194 7182/7182
f 7194/7194 7195/7195 7182/7182
f 7182/7182 7195/7195 7183/7183
f 7195/7195 7196/7196 7183/7183
f 7183/7183 7196/7196 7184/7184
f 7196/7196 7197/7197 7184/7184
f 7184/7184 7197/7197 7185/7185
f 7197/7197 7198/7198 7185/7185
f 7185/7185 7198/7198 7186/7186
f 7198/7198 7199/7199 7186/7186
f 7186/7186 7199/7199 7187/7187
f 7199/7199 7200/7200 7187/7187
f 7187/7187 7200/7200 7188/7188
f 7200/7200 7201/7201 7188/7188
f 7188/7188 7201/7201 7189/7189
f 7201/7201 7202/7202 7189/7189
f 7189/7189 7202/7202 7190/7190
f 7202/7202 7203/7203 7190/7190
f 7190/7190 7203/7203 7191/7191
f 7203/7203 7204/7204 7191/7191
f 7191/7191 7204/7204 7192/7192
f 7204/7204 7205/7205 7192/7192
f 7192/7192 7205/7205 7193/7193
f 7205/7205 7206/7206 7193/7193
f 7219/7219 7220/7220 7207/7207
f 7220/7220 7221/7221 7208/7208
f 7221/7221 7222/7222 7209/7209
f 7222/7222 7223/7223 7210/7210
f 7223/7223 7224/7224 7211/7211
f 7224/7224 7225/7225 7212/7212
f 7225/7225 7226/7226 7213/7213
f 7226/7226 7227/7227 7214/7214
f 7227/7227 7228/7228 7215/7215
f 7228/7228 7229/7229 7216/7216
f 7229/7229 7230/7230 7217/7217
f 7230/7230 7231/7231 7218/7218
f 7245/7245 7244/7244 7232/7232
f 7246/7246 7245/7245 7233/7233
f 7247/7247 7246/7246 7234/7234
f 7248/7248 7247/7247 7235/7235
f 7249/7249 7248/7248 7236/7236
f 7250/7250 7249/7249 7237/7237
f 7251/7251 7250/7250 7238/7238
f 7252/7252 7251/7251 7239/7239
f 7253/7253 7252/7252 7240/7240
f 7254/7254 7253/7253 7241/7241
f 7255/7255 7254/7254 7242/7242
f 7256/7256 7255/7255 7243/7243
v 4.78500 3.15000 4.62667
v 4.79706 3.15000 4.67167
v 4.83000 3.15000 4.70461
v 4.87500 3.15000 4.71667
v 4.92000 3.15000 4.70461
v 4.95294 3.15000 4.67167
v 4.96500 3.15000 4.62667
v 4.95294 3.15000 4.58167
v 4.92000 3.15000 4.54872
v 4.87500 3.15000 4.53667
v 4.83000 3.15000 4.54872
v 4.79706 3.15000 4.58167
v 4.78500 3.15000 4.62667
v 4.74500 0.20000 4.62667
v 4.76242 0.20000 4.69167
v 4.81000 0.20000 4.73925
v 4.87500 0.20000 4.75667
v 4.94000 0.20000 4.73925
v 4.98758 0.20000 4.69167
v 5.00500 0.20000 4.62667
v 4.98758 0.20000 4.56167
v 4.94000 0.20000 4.51408
v 4.87500 0.20000 4.49667
v 4.81000 0.20000 4.51408
v 4.76242 0.20000 4.56167
v 4.74500 0.20000 4.62667
v 4.87500 3.15000 4.62667
v 4.87500 3.15000 4.62667
v 4.87500 3.15000 4.62667
v 4.87500 3.15000 4.62667
v 4.87500 3.15000 4.62667
v 4.87500 3.15000 4.62667
v 4.87500 3.15000 4.62667
v 4.87500 3.15000 4.62667
v 4.87500 3.15000 4.62667
v 4.87500 3.15000 4.62667
v 4.87500 3.15000 4.62667
v 4.87500 3.15000 4.62667
v 4.78500 3.15000 4.62667
v 4.79706 3.15000 4.67167
v 4.83000 3.15000 4.70461
v 4.87500 3.15000 4.71667
v 4.92000 3.15000 4.70461
v 4.95294 3.15000 4.67167
v 4.96500 3.15000 4.62667
v 4.95294 3.15000 4.58167
v 4.92000 3.15000 4.54872
v 4.87500 3.15000 4.53667
v 4.83000 3.15000 4.54872
v 4.79706 3.15000 4.58167
v 4.78500 3.15000 4.62667
v 4.87500 0.20000 4.62667
v 4.87500 0.20000 4.62667
v 4.87500 0.20000 4.62667
v 4.87500 0.20000 4.62667
v 4.87500 0.20000 4.62667
v 4.87500 0.20000 4.62667
v 4.87500 0.20000 4.62667
v 4.87500 0.20000 4.62667
v 4.87500 0.20000 4.62667
v 4.87500 0.20000 4.62667
v 4.87500 0.20000 4.62667
v 4.87500 0.20000 4.62667
v 4.74500 0.20000 4.62667
v 4.76242 0.20000 4.69167
v 4.81000 0.20000 4.73925
v 4.87500 0.20000 4.75667
v 4.94000 0.20000 4.73925
v 4.98758 0.20000 4.69167
v 5.00500 0.20000 4.62667
v 4.98758 0.20000 4.56167
v 4.94000 0.20000 4.51408
v 4.87500 0.20000 4.49667
v 4.81000 0.20000 4.51408
v 4.76242 0.20000 4.56167
v 4.74500 0.20000 4.62667
vt 0.00000 0.00000
vt 0.08333 0.00000
vt 0.16667 0.00000
vt 0.25000 0.00000
vt 0.33333 0.00000
vt 0.41667 0.00000
vt 0.50000 0.00000
vt 0.58333 0.00000
vt 0.66667 0.00000
vt 0.75000 0.00000
vt 0.83333 0.00000
vt 0.91667 0.00000
vt 1.00000 0.00000
vt 0.00000 1.00000
vt 0.08333 1.00000
vt 0.16667 1.00000
vt 0.25000 1.00000
vt 0.33333 1.00000
vt 0.41667 1.00000
vt 0.50000 1.00000
vt 0.58333 1.00000
vt 0.66667 1.00000
vt 0.75000 1.00000
vt 0.83333 1.00000
vt 0.91667 1.00000
vt 1.00000 1.00000
vt 0.50000 0.50000
vt 0.50000 0.50000
vt 0.50000 0.50000
vt 0.50000 0.50000
vt 0.50000 0.50000
vt 0.50000 0.50000
vt 0.50000 0.50000
vt 0.50000 0.50000
vt 0.50000 0.50000
vt 0.50000 0.50000
vt 0.50000 0.50000
vt 0.50000 0.50000
vt 1.00000 0.50000
vt 0.93301 0.25000
vt 0.75000 0.06699
vt 0.50000 0.00000
vt 0.25000 0.06699
vt 0.06699 0.25000
vt 0.00000 0.50000
vt 0.06699 0.75000
vt 0.25000 0.93301
vt 0.50000 1.00000
vt 0.75000 0.93301
vt 0.93301 0.75000
vt 1.00000 0.50000
vt 0.50000 0.50000
vt 0.50000 0.50000
vt 0.50000 0.50000
vt 0.50000 0.50000
vt 0.50000 0.50000
vt 0.50000 0.50000
vt 0.50000 0.50000
vt 0.50000 0.50000
vt 0.50000 0.50000
vt 0.50000 0.50000
vt 0.50000 0.50000
vt 0.50000 0.50000
vt 1.00000 0.50000
vt 0.93301 0.75000
vt 0.75000 0.93301
vt 0.50000 1.00000
vt 0.25000 0.93301
vt 0.06699 0.75000
vt 0.00000 0.50000
vt 0.06699 0.25000
vt 0.25000 0.06699
vt 0.50000 0.00000
vt 0.75000 0.06699
vt 0.93301 0.25000
vt 1.00000 0.50000
f 7257/7257 7270/7270 7258/7258
f 7270/7270 7271/7271 7258/7258
f 7258/7258 7271/7271 7259/7259
f 7271/7271 7272/7272 7259/7259
f 7259/7259 7272/7272 7260/7260
f 7272/7272 7273/7273 7260/7260
f 7260/7260 7273/7273 7261/7261
f 7273/7273 7274/7274 7261/7261
f 7261/7261 7274/7274 7262/7262
f 7274/7274 7275/7275 7262/7262
f 7262/7262 7275/7275 7263/7263
f 7275/7275 7276/7276 7263/7263
f 7263/7263 7276/7276 7264/7264
f 7276/7276 7277/7277 7264/7264
f 7264/7264 7277/7277 7265/7265
f 7277/7277 7278/7278 7265/7265
f 7265/7265 7278/7278 7266/7266
f 7278/7278 7279/7279 7266/7266
f 7266/7266 7279/7279 7267/7267
f 7279/7279 7280/7280 7267/7267
f 7267/7267 7280/7280 7268/7268
f 7280/7280 7281/7281 7268/7268
f 7268/7268 7281/7281 7269/7269
f 7281/7281 7282/7282 7269/7269
f 7295/7295 7296/7296 7283/7283
f 7296/7296 7297/7297 7284/7284
f 7297/7297 7298/7298 7285/7285
f 7298/7298 7299/7299 7286/7286
f 7299/7299 7300/7300 7287/7287
f 7300/7300 7301/7301 7288/7288
f 7301/7301 7302/7302 7289/7289
f 7302/7302 7303/7303 7290/7290
f 7303/7303 7304/7304 7291/7291
f 7304/7304 7305/7305 7292/7292
f 7305/7305 7306/7306 7293/7293
f 7306/7306 7307/7307 7294/7294
f 7321/7321 7320/7320 7308/7308
f 7322/7322 7321/7321 7309/7309
f 7323/7323 7322/7322 7310/7310
f 7324/7324 7323/7323 7311/7311
f 7325/7325 7324/7324 7312/7312
f 7326/7326 7325/7325 7313/7313
f 7327/7327 7326/7326 7314/7314
f 7328/7328 7327/7327 7315/7315
f 7329/7329 7328/7328 7316/7316
f 7330/7330 7329/7329 7317/7317
f 7331/7331 7330/7330 7318/7318
f 7332/7332 7331/7331 7319/7319
v 4.78500 3.15000 6.16000
v 4.79706 3.15000 6.20500
v 4.83000 3.15000 6.23794
v 4.87500 3.15000 6.25000
v 4.92000 3.15000 6.23794
v 4.95294 3.15000 6.20500
v 4.96500 3.15000 6.16000
v 4.95294 3.15000 6.11500
v 4.92000 3.15000 6.08206
v 4.87500 3.15000 6.07000
v 4.83000 3.15000 6.08206
v 4.79706 3.15000 6.11500
v 4.78500 3.15000 6.16000
v 4.74500 0.20000 6.16000
v 4.76242 0.20000 6.22500
v 4.81000 0.20000 6.27258
v 4.87500 0.20000 6.29000
v 4.94000 0.20000 6.27258
v 4.98758 0.20000 6.22500
v 5.00500 0.20000 6.16000
v 4.98758 0.20000 6.09500
v 4.94000 0.20000 6.04742
v 4.87500 0.20000 6.03000
v 4.81000 0.20000 6.04742
v 4.76242 0.20000 6.09500
v 4.74500 0.20000 6.16000
v 4.87500 3.15000 6.16000
v 4.87500 3.15000 6.16000
v 4.87500 3.15000 6.16000
v 4.87500 3.15000 6.16000
v 4.87500 3.15000 6.16000
v 4.87500 3.15000 6.16000
v 4.87500 3.15000 6.16000
v 4.87500 3.15000 6.16000
v 4.87500 3.15000 6.16000
v 4.87500 3.15000 6.16000
v 4.87500 3.15000 6.16000
v 4.87500 3.15000 6.16000
v 4.78500 3.15000 6.16000
v 4.79706 3.15000 6.20500
v 4.83000 3.15000 6.23794
v 4.87500 3.15000 6.25000
v 4.92000 3.15000 6.23794
v 4.95294 3.15000 6.20500
v 4.96500 3.15000 6.16000
v 4.95294 3.15000 6.11500
v 4.92000 3.15000 6.08206
v 4.87500 3.15000 6.07000
v 4.83000 3.15000 6.08206
v 4.79706 3.15000 6.11500
v 4.78500 3.15000 6.16000
v 4.87500 0.20000 6.16000
v 4.87500 0.20000 6.16000
v 4.87500 0.20000 6.16000
v 4.87500 0.20000 6.16000
v 4.87500 0.20000 6.16000
v 4.87500 0.20000 6.16000
v 4.87500 0.20000 6.16000
v 4.87500 0.20000 6.16000
v 4.87500 0.20000 6.16000
v 4.87500 0.20000 6.16000
v 4.87500 0.20000 6.16000
v 4.87500 0.20000 6.16000
v 4.74500 0.20000 6.16000
v 4.76242 0.20000 6.22500
v 4.81000 0.20000 6.27258
v 4.87500 0.20000 6.29000
v 4.94000 0.20000 6.27258
v 4.98758 0.20000 6.22500
v 5.00500 0.20000 6.16000
v 4.98758 0.20000 6.09500
v 4.94000 0.20000 6.04742
v 4.87500 0.20000 6.03000
v 4.81000 0.20000 6.04742
v 4.76242 0.20000 6.09500
v 4.74500 0.20000 6.16000
vt 0.00000 0.00000
vt 0.08333 0.00000
vt 0.16667 0.00000
vt 0.25000 0.00000
vt 0.33333 0.00000
vt 0.41667 0.00000
vt 0.50000 0.00000
vt 0.58333 0.00000
vt 0.66667 0.00000
vt 0.75000 0.00000
vt 0.83333 0.00000
vt 0.91667 0.00000
vt 1.00000 0.00000
vt 0.00000 1.00000
vt 0.08333 1.00000
vt 0.16667 1.00000
vt 0.25000 1.00000
vt 0.33333 1.00000
vt 0.41667 1.00000
vt 0.50000 1.00000
vt 0.58333 1.00000
vt 0.66667 1.00000
vt 0.75000 1.00000
vt 0.83333 1.00000
vt 0.91667 1.00000
vt 1.00000 1.00000
vt 0.50000 0.50000
vt 0.50000 0.50000
vt 0.50000 0.50000
vt 0.50000 0.50000
vt 0.50000 0.50000
vt 0.50000 0.50000
vt 0.50000 0.50000
vt 0.50000 0.50000
vt 0.50000 0.50000
vt 0.50000 0.50000
vt 0.50000 0.50000
vt 0.50000 0.50000
vt 1.00000 0.50000
vt 0.93301 0.25000
vt 0.75000 0.06699
vt 0.50000 0.00000
vt 0.25000 0.06699
vt 0.06699 0.25000
vt 0.00000 0.50000
vt 0.06699 0.75000
vt 0.25000 0.93301
vt 0.50000 1.00000
vt 0.75000 0.93301
vt 0.93301 0.75000
vt 1.00000 0.50000
vt 0.50000 0.50000
vt 0.50000 0.50000
vt 0.50000 0.50000
vt 0.50000 0.50000
vt 0.50000 0.50000
vt 0.50000 0.50000
vt 0.50000 0.50000
vt 0.50000 0.50000
vt 0.50000 0.50000
vt 0.50000 0.50000
vt 0.50000 0.50000
vt 0.50000 0.50000
vt 1.00000 0.50000
vt 0.93301 0.75000
vt 0.75000 0.93301
vt 0.50000 1.00000
vt 0.25000 0.93301
vt 0.06699 0.75000
vt 0.00000 0.50000
vt 0.06699 0.25000
vt 0.25000 0.06699
vt 0.50000 0.00000
vt 0.75000 0.06699
vt 0.93301 0.25000
vt 1.00000 0.50000
f 7333/7333 7346/7346 7334/7334
f 7346/7346 7347/7347 7334/7334
f 7334/7334 7347/7347 7335/7335
f 7347/7347 7348/7348 7335/7335
f 7335/7335 7348/7348 7336/7336
f 7348/7348 7349/7349 7336/7336
f 7336/7336 7349/7349 7337/7337
f 7349/7349 7350/7350 7337/7337
f 7337/7337 7350/7350 7338/7338
f 7350/7350 7351/7351 7338/7338
f 7338/7338 7351/7351 7339/7339
f 7351/7351 7352/7352 7339/7339
f 7339/7339 7352/7352 7340/7340
f 7352/7352 7353/7353 7340/7340
f 7340/7340 7353/7353 7341/7341
f 7353/7353 7354/7354 7341/7341
f 7341/7341 7354/7354 7342/7342
f 7354/7354 7355/7355 7342/7342
f 7342/7342 7355/7355 7343/7343
f 7355/7355 7356/7356 7343/7343
f 7343/7343 7356/7356 7344/7344
f 7356/7356 7357/7357 7344/7344
f 7344/7344 7357/7357 7345/7345
f 7357/7357 7358/7358 7345/7345
f 7371/7371 7372/7372 7359/7359
f 7372/7372 7373/7373 7360/7360
f 7373/7373 7374/7374 7361/7361
f 7374/7374 7375/7375 7362/7362
f 7375/7375 7376/7376 7363/7363
f 7376/7376 7377/7377 7364/7364
f 7377/7377 7378/7378 7365/7365
f 7378/7378 7379/7379 7366/7366
f 7379/7379 7380/7380 7367/7367
f 7380/7380 7381/7381 7368/7368
f 7381/7381 7382/7382 7369/7369
f 7382/7382 7383/7383 7370/7370
f 7397/7397 7396/7396 7384/7384
f 7398/7398 7397/7397 7385/7385
f 7399/7399 7398/7398 7386/7386
f 7400/7400 7399/7399 7387/7387
f 7401/7401 7400/7400 7388/7388
f 7402/7402 7401/7401 7389/7389
f 7403/7403 7402/7402 7390/7390
f 7404/7404 7403/7403 7391/7391
f 7405/7405 7404/7404 7392/7392
f 7406/7406 7405/7405 7393/7393
f 7407/7407 7406/7406 7394/7394
f 7408/7408 7407/7407 7395/7395
v 4.84500 0.78000 6.11000
v 4.90500 0.78000 6.11000
v 4.84500 0.72000 6.11000
v 4.90500 0.72000 6.11000
v 4.90500 0.78000 1.61000
v 4.84500 0.78000 1.61000
v 4.90500 0.72000 1.61000
v 4.84500 0.72000 1.61000
v 4.90500 0.78000 1.61000
v 4.90500 0.78000 6.11000
v 4.84500 0.78000 1.61000
v 4.84500 0.78000 6.11000
v 4.84500 0.72000 1.61000
v 4.84500 0.72000 6.11000
v 4.90500 0.72000 1.61000
v 4.90500 0.72000 6.11000
v 4.84500 0.78000 1.61000
v 4.84500 0.78000 6.11000
v 4.84500 0.72000 1.61000
v 4.84500 0.72000 6.11000
v 4.90500 0.78000 6.11000
v 4.90500 0.78000 1.61000
v 4.90500 0.72000 6.11000
v 4.90500 0.72000 1.61000
vt 0.00000 0.00000
vt 1.00000 0.00000
vt 0.00000 1.00000
vt 1.00000 1.00000
vt 0.00000 0.00000
vt 1.00000 0.00000
vt 0.00000 1.00000
vt 1.00000 1.00000
vt 0.00000 0.00000
vt 1.00000 0.00000
vt 0.00000 1.00000
vt 1.00000 1.00000
vt 0.00000 0.00000
vt 1.00000 0.00000
vt 0.00000 1.00000
vt 1.00000 1.00000
vt 0.00000 0.00000
vt 1.00000 0.00000
vt 0.00000 1.00000
vt 1.00000 1.00000
vt 0.00000 0.00000
vt 1.00000 0.00000
vt 0.00000 1.00000
vt 1.00000 1.00000
f 7409/7409 7411/7411 7410/7410
f 7411/7411 7412/7412 7410/7410
f 7413/7413 7415/7415 7414/7414
f 7415/7415 7416/7416 7414/7414
f 7417/7417 7419/7419 7418/7418
f 7419/7419 7420/7420 7418/7418
f 7421/7421 7423/7423 7422/7422
f 7423/7423 7424/7424 7422/7422
f 7425/7425 7427/7427 7426/7426
f 7427/7427 7428/7428 7426/7426
f 7429/7429 7431/7431 7430/7430
f 7431/7431 7432/7432 7430/7430
v 4.85500 0.67500 1.81000
v 4.86500 0.67500 1.82732
v 4.88500 0.67500 1.82732
v 4.89500 0.67500 1.81000
v 4.88500 0.67500 1.79268
v 4.86500 0.67500 1.79268
v 4.85500 0.67500 1.81000
v 4.85500 0.07500 1.81000
v 4.86500 0.07500 1.82732
v 4.88500 0.07500 1.82732
v 4.89500 0.07500 1.81000
v 4.88500 0.07500 1.79268
v 4.86500 0.07500 1.79268
v 4.85500 0.07500 1.81000
v 4.87500 0.67500 1.81000
v 4.87500 0.67500 1.81000
v 4.87500 0.67500 1.81000
v 4.87500 0.67500 1.81000
v 4.87500 0.67500 1.81000
v 4.87500 0.67500 1.81000
v 4.85500 0.67500 1.81000
v 4.86500 0.67500 1.82732
v 4.88500 0.67500 1.82732
v 4.89500 0.67500 1.81000
v 4.88500 0.67500 1.79268
v 4.86500 0.67500 1.79268
v 4.85500 0.67500 1.81000
v 4.87500 0.07500 1.81000
v 4.87500 0.07500 1.81000
v 4.87500 0.07500 1.81000
v 4.87500 0.07500 1.81000
v 4.87500 0.07500 1.81000
v 4.87500 0.07500 1.81000
v 4.85500 0.07500 1.81000
v 4.86500 0.07500 1.82732
v 4.88500 0.07500 1.82732
v 4.89500 0.07500 1.81000
v 4.88500 0.07500 1.79268
v 4.86500 0.07500 1.79268
v 4.85500 0.07500 1.81000
vt 0.00000 0.00000
vt 0.16667 0.00000
vt 0.33333 0.00000
vt 0.50000 0.00000
vt 0.66667 0.00000
vt 0.83333 0.00000
vt 1.00000 0.00000
vt 0.00000 1.00000
vt 0.16667 1.00000
vt 0.33333 1.00000
vt 0.50000 1.00000
vt 0.66667 1.00000
vt 0.83333 1.00000
vt 1.00000 1.00000
vt 0.50000 0.50000
vt 0.50000 0.50000
vt 0.50000 0.50000
vt 0.50000 0.50000
vt 0.50000 0.50000
vt 0.50000 0.50000
vt 1.00000 0.50000
vt 0.75000 0.06699
vt 0.25000 0.06699
vt 0.00000 0.50000
vt 0.25000 0.93301
vt 0.75000 0.93301
vt 1.00000 0.50000
vt 0.50000 0.50000
vt 0.50000 0.50000
vt 0.50000 0.50000
vt 0.50000 0.50000
vt 0.50000 0.50000
vt 0.50000 0.50000
vt 1.00000 0.50000
vt 0.75000 0.93301
vt 0.25000 0.93301
vt 0.00000 0.50000
vt 0.25000 0.06699
vt 0.75000 0.06699
vt 1.00000 0.50000
f 7433/7433 7440/7440 7434/7434
f 7440/7440 7441/7441 7434/7434
f 7434/7434 7441/7441 7435/7435
f 7441/7441 7442/7442 7435/7435
f 7435/7435 7442/7442 7436/7436
f 7442/7442 7443/7443 7436/7436
f 7436/7436 7443/7443 7437/7437
f 7443/7443 7444/7444 7437/7437
f 7437/7437 7444/7444 7438/7438
f 7444/7444 7445/7445 7438/7438
f 7438/7438 7445/7445 7439/7439
f 7445/7445 7446/7446 7439/7439
f 7453/7453 7454/7454 7447/7447
f 7454/7454 7455/7455 7448/7448
f 7455/7455 7456/7456 7449/7449
f 7456/7456 7457/7457 7450/7450
f 7457/7457 7458/7458 7451/7451
f 7458/7458 7459/7459 7452/7452
f 7467/7467 7466/7466 7460/7460
f 7468/7468 7467/7467 7461/7461
f 7469/7469 7468/7468 7462/7462
f 7470/7470 7469/7469 7463/7463
f 7471/7471 7470/7470 7464/7464
f 7472/7472 7471/7471 7465/7465
v 4.85500 0.67500 2.13000
v 4.86500 0.67500 2.14732
v 4.88500 0.67500 2.14732
v 4.89500 0.67500 2.13000
v 4.88500 0.67500 2.11268
v 4.86500 0.67500 2.11268
v 4.85500 0.67500 2.13000
v 4.85500 0.07500 2.13000
v 4.86500 0.07500 2.14732
v 4.88500 0.07500 2.14732
v 4.89500 0.07500 2.13000
v 4.88500 0.07500 2.11268
v 4.86500 0.07500 2.11268
v 4.85500 0.07500 2.13000
v 4.87500 0.67500 2.13000
v 4.87500 0.67500 2.13000
v 4.87500 0.67500 2.13000
v 4.87500 0.67500 2.13000
v 4.87500 0.67500 2.13000
v 4.87500 0.67500 2.13000
v 4.85500 0.67500 2.13000
v 4.86500 0.67500 2.14732
v 4.88500 0.67500 2.14732
v 4.89500 0.67500 2.13000
v 4.88500 0.67500 2.11268
v 4.86500 0.67500 2.11268
v 4.85500 0.67500 2.13000
v 4.87500 0.07500 2.13000
v 4.87500 0.07500 2.13000
v 4.87500 0.07500 2.13000
v 4.87500 0.07500 2.13000
v 4.87500 0.07500 2.13000
v 4.87500 0.07500 2.13000
v 4.85500 0.07500 2.13000
v 4.86500 0.07500 2.14732
v 4.88500 0.07500 2.14732
v 4.89500 0.07500 2.13000
v 4.88500 0.07500 2.11268
v 4.86500 0.07500 2.11268
v 4.85500 0.07500 2.13000
vt 0.00000 0.00000
vt 0.16667 0.00000
vt 0.33333 0.00000
vt 0.50000 0.00000
vt 0.66667 0.00000
vt 0.83333 0.00000
vt 1.00000 0.00000
vt 0.00000 1.00000
vt 0.16667 1.00000
vt 0.33333 1.00000
vt 0.50000 1.00000
vt 0.66667 1.00000
vt 0.83333 1.00000
vt 1.00000 1.00000
vt 0.50000 0.50000
vt 0.50000 0.50000
vt 0.50000 0.50000
vt 0.50000 0.50000
vt 0.50000 0.50000
vt 0.50000 0.50000
vt 1.00000 0.50000
vt 0.75000 0.06699
vt 0.25000 0.06699
vt 0.00000 0.50000
vt 0.25000 0.93301
vt 0.75000 0.93301
vt 1.00000 0.50000
vt 0.50000 0.50000
vt 0.50000 0.50000
vt 0.50000 0.50000
vt 0.50000 0.50000
vt 0.50000 0.50000
vt 0.50000 0.50000
vt 1.00000 0.50000
vt 0.75000 0.93301
vt 0.25000 0.93301
vt 0.00000 0.50000
vt 0.25000 0.06699
vt 0.75000 0.06699
vt 1.00000 0.50000
f 7473/7473 7480/7480 7474/7474
f 7480/7480 7481/7481 7474/7474
f 7474/7474 7481/7481 7475/7475
f 7481/7481 7482/7482 7475/7475
f 7475/7475 7482/7482 7476/7476
f 7482/7482 7483/7483 7476/7476
f 7476/7476 7483/7483 7477/7477
f 7483/7483 7484/7484 7477/7477
f 7477/7477 7484/7484 7478/7478
f 7484/7484 7485/7485 7478/7478
f 7478/7478 7485/7485 7479/7479
f 7485/7485 7486/7486 7479/7479
f 7493/7493 7494/7494 7487/7487
f 7494/7494 7495/7495 7488/7488
f 7495/7495 7496/7496 7489/7489
f 7496/7496 7497/7497 7490/7490
f 7497/7497 7498/7498 7491/7491
f 7498/7498 7499/7499 7492/7492
f 7507/7507 7506/7506 7500/7500
f 7508/7508 7507/7507 7501/7501
f 7509/7509 7508/7508 7502/7502
f 7510/7510 7509/7509 7503/7503
f 7511/7511 7510/7510 7504/7504
f 7512/7512 7511/7511 7505/7505
v 4.85500 0.67500 2.45000
v 4.86500 0.67500 2.46732
v 4.88500 0.67500 2.46732
v 4.89500 0.67500 2.45000
v 4.88500 0.67500 2.43268
v 4.86500 0.67500 2.43268
v 4.85500 0.67500 2.45000
v 4.85500 0.07500 2.45000
v 4.86500 0.07500 2.46732
v 4.88500 0.07500 2.46732
v 4.89500 0.07500 2.45000
v 4.88500 0.07500 2.43268
v 4.86500 0.07500 2.43268
v 4.85500 0.07500 2.45000
v 4.87500 0.67500 2.45000
v 4.87500 0.67500 2.45000
v 4.87500 0.67500 2.45000
v 4.87500 0.67500 2.45000
v 4.87500 0.67500 2.45000
v 4.87500 0.67500 2.45000
v 4.85500 0.67500 2.45000
v 4.86500 0.67500 2.46732
v 4.88500 0.67500 2.46732
v 4.89500 0.67500 2.45000
v 4.88500 0.67500 2.43268
v 4.86500 0.67500 2.43268
v 4.85500 0.67500 2.45000
v 4.87500 0.07500 2.45000
v 4.87500 0.07500 2.45000
v 4.87500 0.07500 2.45000
v 4.87500 0.07500 2.45000
v 4.87500 0.07500 2.45000
v 4.87500 0.07500 2.45000
v 4.85500 0.07500 2.45000
v 4.86500 0.07500 2.46732
v 4.88500 0.07500 2.46732
v 4.89500 0.07500 2.45000
v 4.88500 0.07500 2.43268
v 4.86500 0.07500 2.43268
v 4.85500 0.07500 2.45000
vt 0.00000 0.00000
vt 0.16667 0.00000
vt 0.33333 0.00000
vt 0.50000 0.00000
vt 0.66667 0.00000
vt 0.83333 0.00000
vt 1.00000 0.00000
vt 0.00000 1.00000
vt 0.16667 1.00000
vt 0.33333 1.00000
vt 0.50000 1.00000
vt 0.66667 1.00000
vt 0.83333 1.00000
vt 1.00000 1.00000
vt 0.50000 0.50000
vt 0.50000 0.50000
vt 0.50000 0.50000
vt 0.50000 0.50000
vt 0.50000 0.50000
vt 0.50000 0.50000
vt 1.00000 0.50000
vt 0.75000 0.06699
vt 0.25000 0.06699
vt 0.00000 0.50000
vt 0.25000 0.93301
vt 0.75000 0.93301
vt 1.00000 0.50000
vt 0.50000 0.50000
vt 0.50000 0.50000
vt 0.50000 0.50000
vt 0.50000 0.50000
vt 0.50000 0.50000
vt 0.50000 0.50000
vt 1.00000 0.50000
vt 0.75000 0.93301
vt 0.25000 0.93301
vt 0.00000 0.50000
vt 0.25000 0.06699
vt 0.75000 0.06699
vt 1.00000 0.50000
f 7513/7513 7520/7520 7514/7514
f 7520/7520 7521/7521 7514/7514
f 7514/7514 7521/7521 7515/7515
f 7521/7521 7522/7522 7515/7515
f 7515/7515 7522/7522 7516/7516
f 7522/7522 7523/7523 7516/7516
f 7516/7516 7523/7523 7517/7517
f 7523/7523 7524/7524 7517/7517
f 7517/7517 7524/7524 7518/7518
f 7524/7524 7525/7525 7518/7518
f 7518/7518 7525/7525 7519/7519
f 7525/7525 7526/7526 7519/7519
f 7533/7533 7534/7534 7527/7527
f 7534/7534 7535/7535 7528/7528
f 7535/7535 7536/7536 7529/7529
f 7536/7536 7537/7537 7530/7530
f 7537/7537 7538/7538 7531/7531
f 7538/7538 7539/7539 7532/7532
f 7547/7547 7546/7546 7540/7540
f 7548/7548 7547/7547 7541/7541
f 7549/7549 7548/7548 7542/7542
f 7550/7550 7549/7549 7543/7543
f 7551/7551 7550/7550 7544/7544
f 7552/7552 7551/7551 7545/7545
v 4.85500 0.67500 2.77000
v 4.86500 0.67500 2.78732
v 4.88500 0.67500 2.78732
v 4.89500 0.67500 2.77000
v 4.88500 0.67500 2.75268
v 4.86500 0.67500 2.75268
v 4.85500 0.67500 2.77000
v 4.85500 0.07500 2.77000
v 4.86500 0.07500 2.78732
v 4.88500 0.07500 2.78732
v 4.89500 0.07500 2.77000
v 4.88500 0.07500 2.75268
v 4.86500 0.07500 2.75268
v 4.85500 0.07500 2.77000
v 4.87500 0.67500 2.77000
v 4.87500 0.67500 2.77000
v 4.87500 0.67500 2.77000
v 4.87500 0.67500 2.77000
v 4.87500 0.67500 2.77000
v 4.87500 0.67500 2.77000
v 4.85500 0.67500 2.77000
v 4.86500 0.67500 2.78732
v 4.88500 0.67500 2.78732
v 4.89500 0.67500 2.77000
v 4.88500 0.67500 2.75268
v 4.86500 0.67500 2.75268
v 4.85500 0.67500 2.77000
v 4.87500 0.07500 2.77000
v 4.87500 0.07500 2.77000
v 4.87500 0.07500 2.77000
v 4.87500 0.07500 2.77000
v 4.87500 0.07500 2.77000
v 4.87500 0.07500 2.77000
v 4.85500 0.07500 2.77000
v 4.86500 0.07500 2.78732
v 4.88500 0.07500 2.78732
v 4.89500 0.07500 2.77000
v 4.88500 0.07500 2.75268
v 4.86500 0.07500 2.75268
v 4.85500 0.07500 2.77000
vt 0.00000 0.00000
vt 0.16667 0.00000
vt 0.33333 0.00000
vt 0.50000 0.00000
vt 0.66667 0.00000
vt 0.83333 0.00000
vt 1.00000 0.00000
vt 0.00000 1.00000
vt 0.16667 1.00000
vt 0.33333 1.00000
vt 0.50000 1.00000
vt 0.66667 1.00000
vt 0.83333 1.00000
vt 1.00000 1.00000
vt 0.50000 0.50000
vt 0.50000 0.50000
vt 0.50000 0.50000
vt 0.50000 0.50000
vt 0.50000 0.50000
vt 0.50000 0.50000
vt 1.00000 0.50000
vt 0.75000 0.06699
vt 0.25000 0.06699
vt 0.00000 0.50000
vt 0.25000 0.93301
vt 0.75000 0.93301
vt 1.00000 0.50000
vt 0.50000 0.50000
vt 0.50000 0.50000
vt 0.50000 0.50000
vt 0.50000 0.50000
vt 0.50000 0.50000
vt 0.50000 0.50000
vt 1.00000 0.50000
vt 0.75000 0.93301
vt 0.25000 0.93301
vt 0.00000 0.50000
vt 0.25000 0.06699
vt 0.75000 0.06699
vt 1.00000 0.50000
f 7553/7553 7560/7560 7554/7554
f 7560/7560 7561/7561 7554/7554
f 7554/7554 7561/7561 7555/7555
f 7561/7561 7562/7562 7555/7555
f 7555/7555 7562/7562 7556/7556
f 7562/7562 7563/7563 7556/7556
f 7556/7556 7563/7563 7557/7557
f 7563/7563 7564/7564 7557/7557
f 7557/7557 7564/7564 7558/7558
f 7564/7564 7565/7565 7558/7558
f 7558/7558 7565/7565 7559/7559
f 7565/7565 7566/7566 7559/7559
f 7573/7573 7574/7574 7567/7567
f 7574/7574 7575/7575 7568/7568
f 7575/7575 7576/7576 7569/7569
f 7576/7576 7577/7577 7570/7570
f 7577/7577 7578/7578 7571/7571
f 7578/7578 7579/7579 7572/7572
f 7587/7587 7586/7586 7580/7580
f 7588/7588 7587/7587 7581/7581
f 7589/7589 7588/7588 7582/7582
f 7590/7590 7589/7589 7583/7583
f 7591/7591 7590/7590 7584/7584
f 7592/7592 7591/7591 7585/7585
v 4.85500 0.67500 3.09000
v 4.86500 0.67500 3.10732
v 4.88500 0.67500 3.10732
v 4.89500 0.67500 3.09000
v 4.88500 0.67500 3.07268
v 4.86500 0.67500 3.07268
v 4.85500 0.67500 3.09000
v 4.85500 0.07500 3.09000
v 4.86500 0.07500 3.10732
v 4.88500 0.07500 3.10732
v 4.89500 0.07500 3.09000
v 4.88500 0.07500 3.07268
v 4.86500 0.07500 3.07268
v 4.85500 0.07500 3.09000
v 4.87500 0.67500 3.09000
v 4.87500 0.67500 3.09000
v 4.87500 0.67500 3.09000
v 4.87500 0.67500 3.09000
v 4.87500 0.67500 3.09000
v 4.87500 0.67500 3.09000
v 4.85500 0.67500 3.09000
v 4.86500 0.67500 3.10732
v 4.88500 0.67500 3.10732
v 4.89500 0.67500 3.09000
v 4.88500 0.67500 3.07268
v 4.86500 0.67500 3.07268
v 4.85500 0.67500 3.09000
v 4.87500 0.07500 3.09000
v 4.87500 0.07500 3.09000
v 4.87500 0.07500 3.09000
v 4.87500 0.07500 3.09000
v 4.87500 0.07500 3.09000
v 4.87500 0.07500 3.09000
v 4.85500 0.07500 3.09000
v 4.86500 0.07500 3.10732
v 4.88500 0.07500 3.10732
v 4.89500 0.07500 3.09000
v 4.88500 0.07500 3.07268
v 4.86500 0.07500 3.07268
v 4.85500 0.07500 3.09000
vt 0.00000 0.00000
vt 0.16667 0.00000
vt 0.33333 0.00000
vt 0.50000 0.00000
vt 0.66667 0.00000
vt 0.83333 0.00000
vt 1.00000 0.00000
vt 0.00000 1.00000
vt 0.16667 1.00000
vt 0.33333 1.00000
vt 0.50000 1.00000
vt 0.66667 1.00000
vt 0.83333 1.00000
vt 1.00000 1.00000
vt 0.50000 0.50000
vt 0.50000 0.50000
vt 0.50000 0.50000
vt 0.50000 0.50000
vt 0.50000 0.50000
vt 0.50000 0.50000
vt 1.00000 0.50000
vt 0.75000 0.06699
vt 0.25000 0.06699
vt 0.00000 0.50000
vt 0.25000 0.93301
vt 0.75000 0.93301
vt 1.00000 0.50000
vt 0.50000 0.50000
vt 0.50000 0.50000
vt 0.50000 0.50000
vt 0.50000 0.50000
vt 0.50000 0.50000
vt 0.50000 0.50000
vt 1.00000 0.50000
vt 0.75000 0.93301
vt 0.25000 0.93301
vt 0.00000 0.50000
vt 0.25000 0.06699
vt 0.75000 0.06699
vt 1.00000 0.50000
f 7593/7593 7600/7600 7594/7594
f 7600/7600 7601/7601 7594/7594
f 7594/7594 7601/7601 7595/7595
f 7601/7601 7602/7602 7595/7595
f 7595/7595 7602/7602 7596/7596
f 7602/7602 7603/7603 7596/7596
f 7596/7596 7603/7603 7597/7597
f 7603/7603 7604/7604 7597/7597
f 7597/7597 7604/7604 7598/7598
f 7604/7604 7605/7605 7598/7598
f 7598/7598 7605/7605 7599/7599
f 7605/7605 7606/7606 7599/7599
f 7613/7613 7614/7614 7607/7607
f 7614/7614 7615/7615 7608/7608
f 7615/7615 7616/7616 7609/7609
f 7616/7616 7617/7617 7610/7610
f 7617/7617 7618/7618 7611/7611
f 7618/7618 7619/7619 7612/7612
f 7627/7627 7626/7626 7620/7620
f 7628/7628 7627/7627 7621/7621
f 7629/7629 7628/7628 7622/7622
f 7630/7630 7629/7629 7623/7623
f 7631/7631 7630/7630 7624/7624
f 7632/7632 7631/7631 7625/7625
v 4.85500 0.67500 3.41000
v 4.86500 0.67500 3.42732
v 4.88500 0.67500 3.42732
v 4.89500 0.67500 3.41000
v 4.88500 0.67500 3.39268
v 4.86500 0.67500 3.39268
v 4.85500 0.67500 3.41000
v 4.85500 0.07500 3.41000
v 4.86500 0.07500 3.42732
v 4.88500 0.07500 3.42732
v 4.89500 0.07500 3.41000
v 4.88500 0.07500 3.39268
v 4.86500 0.07500 3.39268
v 4.85500 0.07500 3.41000
v 4.87500 0.67500 3.41000
v 4.87500 0.67500 3.41000
v 4.87500 0.67500 3.41000
v 4.87500 0.67500 3.41000
v 4.87500 0.67500 3.41000
v 4.87500 0.67500 3.41000
v 4.85500 0.67500 3.41000
v 4.86500 0.67500 3.42732
v 4.88500 0.67500 3.42732
v 4.89500 0.67500 3.41000
v 4.88500 0.67500 3.39268
v 4.86500 0.67500 3.39268
v 4.85500 0.67500 3.41000
v 4.87500 0.07500 3.41000
v 4.87500 0.07500 3.41000
v 4.87500 0.07500 3.41000
v 4.87500 0.07500 3.41000
v 4.87500 0.07500 3.41000
v 4.87500 0.07500 3.41000
v 4.85500 0.07500 3.41000
v 4.86500 0.07500 3.42732
v 4.88500 0.07500 3.42732
v 4.89500 0.07500 3.41000
v 4.88500 0.07500 3.39268
v 4.86500 0.07500 3.39268
v 4.85500 0.07500 3.41000
vt 0.00000 0.00000
vt 0.16667 0.00000
vt 0.33333 0.00000
vt 0.50000 0.00000
vt 0.66667 0.00000
vt 0.83333 0.00000
vt 1.00000 0.00000
vt 0.00000 1.00000
vt 0.16667 1.00000
vt 0.33333 1.00000
vt 0.50000 1.00000
vt 0.66667 1.00000
vt 0.83333 1.00000
vt 1.00000 1.00000
vt 0.50000 0.50000
vt 0.50000 0.50000
vt 0.50000 0.50000
vt 0.50000 0.50000
vt 0.50000 0.50000
vt 0.50000 0.50000
vt 1.00000 0.50000
vt 0.75000 0.06699
vt 0.25000 0.06699
vt 0.00000 0.50000
vt 0.25000 0.93301
vt 0.75000 0.93301
vt 1.00000 0.50000
vt 0.50000 0.50000
vt 0.50000 0.50000
vt 0.50000 0.50000
vt 0.50000 0.50000
vt 0.50000 0.50000
vt 0.50000 0.50000
vt 1.00000 0.50000
vt 0.75000 0.93301
vt 0.25000 0.93301
vt 0.00000 0.50000
vt 0.25000 0.06699
vt 0.75000 0.06699
vt 1.00000 0.50000
f 7633/7633 7640/7640 7634/7634
f 7640/7640 7641/7641 7634/7634
f 7634/7634 7641/7641 7635/7635
f 7641/7641 7642/7642 7635/7635
f 7635/7635 7642/7642 7636/7636
f 7642/7642 7643/7643 7636/7636
f 7636/7636 7643/7643 7637/7637
f 7643/7643 7644/7644 7637/7637
f 7637/7637 7644/7644 7638/7638
f 7644/7644 7645/7645 7638/7638
f 7638/7638 7645/7645 7639/7639
f 7645/7645 7646/7646 7639/7639
f 7653/7653 7654/7654 7647/7647
f 7654/7654 7655/7655 7648/7648
f 7655/7655 7656/7656 7649/7649
f 7656/7656 7657/7657 7650/7650
f 7657/7657 7658/7658 7651/7651
f 7658/7658 7659/7659 7652/7652
f 7667/7667 7666/7666 7660/7660
f 7668/7668 7667/7667 7661/7661
f 7669/7669 7668/7668 7662/7662
f 7670/7670 7669/7669 7663/7663
f 7671/7671 7670/7670 7664/7664
f 7672/7672 7671/7671 7665/7665
v 4.85500 0.67500 3.73000
v 4.86500 0.67500 3.74732
v 4.88500 0.67500 3.74732
v 4.89500 0.67500 3.73000
v 4.88500 0.67500 3.71268
v 4.86500 0.67500 3.71268
v 4.85500 0.67500 3.73000
v 4.85500 0.07500 3.73000
v 4.86500 0.07500 3.74732
v 4.88500 0.07500 3.74732
v 4.89500 0.07500 3.73000
v 4.88500 0.07500 3.71268
v 4.86500 0.07500 3.71268
v 4.85500 0.07500 3.73000
v 4.87500 0.67500 3.73000
v 4.87500 0.67500 3.73000
v 4.87500 0.67500 3.73000
v 4.87500 0.67500 3.73000
v 4.87500 0.67500 3.73000
v 4.87500 0.67500 3.73000
v 4.85500 0.67500 3.73000
v 4.86500 0.67500 3.74732
v 4.88500 0.67500 3.74732
v 4.89500 0.67500 3.73000
v 4.88500 0.67500 3.71268
v 4.86500 0.67500 3.71268
v 4.85500 0.67500 3.73000
v 4.87500 0.07500 3.73000
v 4.87500 0.07500 3.73000
v 4.87500 0.07500 3.73000
v 4.87500 0.07500 3.73000
v 4.87500 0.07500 3.73000
v 4.87500 0.07500 3.73000
v 4.85500 0.07500 3.73000
v 4.86500 0.07500 3.74732
v 4.88500 0.07500 3.74732
v 4.89500 0.07500 3.73000
v 4.88500 0.07500 3.71268
v 4.86500 0.07500 3.71268
v 4.85500 0.07500 3.73000
vt 0.00000 0.00000
vt 0.16667 0.00000
vt 0.33333 0.00000
vt 0.50000 0.00000
vt 0.66667 0.00000
vt 0.83333 0.00000
vt 1.00000 0.00000
vt 0.00000 1.00000
vt 0.16667 1.00000
vt 0.33333 1.00000
vt 0.50000 1.00000
vt 0.66667 1.00000
vt 0.83333 1.00000
vt 1.00000 1.00000
vt 0.50000 0.50000
vt 0.50000 0.50000
vt 0.50000 0.50000
vt 0.50000 0.50000
vt 0.50000 0.50000
vt 0.50000 0.50000
vt 1.00000 0.50000
vt 0.75000 0.06699
vt 0.25000 0.06699
vt 0.00000 0.50000
vt 0.25000 0.93301
vt 0.75000 0.93301
vt 1.00000 0.50000
vt 0.50000 0.50000
vt 0.50000 0.50000
vt 0.50000 0.50000
vt 0.50000 0.50000
vt 0.50000 0.50000
vt 0.50000 0.50000
vt 1.00000 0.50000
vt 0.75000 0.93301
vt 0.25000 0.93301
vt 0.00000 0.50000
vt 0.25000 0.06699
vt 0.75000 0.06699
vt 1.00000 0.50000
f 7673/7673 7680/7680 7674/7674
f 7680/7680 7681/7681 7674/7674
f 7674/7674 7681/7681 7675/7675
f 7681/7681 7682/7682 7675/7675
f 7675/7675 7682/7682 7676/7676
f 7682/7682 7683/7683 7676/7676
f 7676/7676 7683/7683 7677/7677
f 7683/7683 7684/7684 7677/7677
f 7677/7677 7684/7684 7678/7678
f 7684/7684 7685/7685 7678/7678
f 7678/7678 7685/7685 7679/7679
f 7685/7685 7686/7686 7679/7679
f 7693/7693 7694/7694 7687/7687
f 7694/7694 7695/7695 7688/7688
f 7695/7695 7696/7696 7689/7689
f 7696/7696 7697/7697 7690/7690
f 7697/7697 7698/7698 7691/7691
f 7698/7698 7699/7699 7692/7692
f 7707/7707 7706/7706 7700/7700
f 7708/7708 7707/7707 7701/7701
f 7709/7709 7708/7708 7702/7702
f 7710/7710 7709/7709 7703/7703
f 7711/7711 7710/7710 7704/7704
f 7712/7712 7711/7711 7705/7705
v 4.85500 0.67500 4.05000
v 4.86500 0.67500 4.06732
v 4.88500 0.67500 4.06732
v 4.89500 0.67500 4.05000
v 4.88500 0.67500 4.03268
v 4.86500 0.67500 4.03268
v 4.85500 0.67500 4.05000
v 4.85500 0.07500 4.05000
v 4.86500 0.07500 4.06732
v 4.88500 0.07500 4.06732
v 4.89500 0.07500 4.05000
v 4.88500 0.07500 4.03268
v 4.86500 0.07500 4.03268
v 4.85500 0.07500 4.05000
v 4.87500 0.67500 4.05000
v 4.87500 0.67500 4.05000
v 4.87500 0.67500 4.05000
v 4.87500 0.67500 4.05000
v 4.87500 0.67500 4.05000
v 4.87500 0.67500 4.05000
v 4.85500 0.67500 4.05000
v 4.86500 0.67500 4.06732
v 4.88500 0.67500 4.06732
v 4.89500 0.67500 4.05000
v 4.88500 0.67500 4.03268
v 4.86500 0.67500 4.03268
v 4.85500 0.67500 4.05000
v 4.87500 0.07500 4.05000
v 4.87500 0.07500 4.05000
v 4.87500 0.07500 4.05000
v 4.87500 0.07500 4.05000
v 4.87500 0.07500 4.05000
v 4.87500 0.07500 4.05000
v 4.85500 0.07500 4.05000
v 4.86500 0.07500 4.06732
v 4.88500 0.07500 4.06732
v 4.89500 0.07500 4.05000
v 4.88500 0.07500 4.03268
v 4.86500 0.07500 4.03268
v 4.85500 0.07500 4.05000
vt 0.00000 0.00000
vt 0.16667 0.00000
vt 0.33333 0.00000
vt 0.50000 0.00000
vt 0.66667 0.00000
vt 0.83333 0.00000
vt 1.00000 0.00000
vt 0.00000 1.00000
vt 0.16667 1.00000
vt 0.33333 1.00000
vt 0.50000 1.00000
vt 0.66667 1.00000
vt 0.83333 1.00000
vt 1.00000 1.00000
vt 0.50000 0.50000
vt 0.50000 0.50000
vt 0.50000 0.50000
vt 0.50000 0.50000
vt 0.50000 0.50000
vt 0.50000 0.50000
vt 1.00000 0.50000
vt 0.75000 0.06699
vt 0.25000 0.06699
vt 0.00000 0.50000
vt 0.25000 0.93301
vt 0.75000 0.93301
vt 1.00000 0.50000
vt 0.50000 0.50000
vt 0.50000 0.50000
vt 0.50000 0.50000
vt 0.50000 0.50000
vt 0.50000 0.50000
vt 0.50000 0.50000
vt 1.00000 0.50000
vt 0.75000 0.93301
vt 0.25000 0.93301
vt 0.00000 0.50000
vt 0.25000 0.06699
vt 0.75000 0.06699
vt 1.00000 0.50000
f 7713/7713 7720/7720 7714/7714
f 7720/7720 7721/7721 7714/7714
f 7714/7714 7721/7721 7715/7715
f 7721/7721 7722/7722 7715/7715
f 7715/7715 7722/7722 7716/7716
f 7722/7722 7723/7723 7716/7716
f 7716/7716 7723/7723 7717/7717
f 7723/7723 7724/7724 7717/7717
f 7717/7717 7724/7724 7718/7718
f 7724/7724 7725/7725 7718/7718
f 7718/7718 7725/7725 7719/7719
f 7725/7725 7726/7726 7719/7719
f 7733/7733 7734/7734 7727/7727
f 7734/7734 7735/7735 7728/7728
f 7735/7735 7736/7736 7729/7729
f 7736/7736 7737/7737 7730/7730
f 7737/7737 7738/7738 7731/7731
f 7738/7738 7739/7739 7732/7732
f 7747/7747 7746/7746 7740/7740
f 7748/7748 7747/7747 7741/7741
f 7749/7749 7748/7748 7742/7742
f 7750/7750 7749/7749 7743/7743
f 7751/7751 7750/7750 7744/7744
f 7752/7752 7751/7751 7745/7745
v 4.85500 0.67500 4.37000
v 4.86500 0.67500 4.38732
v 4.88500 0.67500 4.38732
v 4.89500 0.67500 4.37000
v 4.88500 0.67500 4.35268
v 4.86500 0.67500 4.35268
v 4.85500 0.67500 4.37000
v 4.85500 0.07500 4.37000
v 4.86500 0.07500 4.38732
v 4.88500 0.07500 4.38732
v 4.89500 0.07500 4.37000
v 4.88500 0.07500 4.35268
v 4.86500 0.07500 4.35268
v 4.85500 0.07500 4.37000
v 4.87500 0.67500 4.37000
v 4.87500 0.67500 4.37000
v 4.87500 0.67500 4.37000
v 4.87500 0.67500 4.37000
v 4.87500 0.67500 4.37000
v 4.87500 0.67500 4.37000
v 4.85500 0.67500 4.37000
v 4.86500 0.67500 4.38732
v 4.88500 0.67500 4.38732
v 4.89500 0.67500 4.37000
v 4.88500 0.67500 4.35268
v 4.86500 0.67500 4.35268
v 4.85500 0.67500 4.37000
v 4.87500 0.07500 4.37000
v 4.87500 0.07500 4.37000
v 4.87500 0.07500 4.37000
v 4.87500 0.07500 4.37000
v 4.87500 0.07500 4.37000
v 4.87500 0.07500 4.37000
v 4.85500 0.07500 4.37000
v 4.86500 0.07500 4.38732
v 4.88500 0.07500 4.38732
v 4.89500 0.07500 4.37000
v 4.88500 0.07500 4.35268
v 4.86500 0.07500 4.35268
v 4.85500 0.07500 4.37000
vt 0.00000 0.00000
vt 0.16667 0.00000
vt 0.33333 0.00000
vt 0.50000 0.00000
vt 0.66667 0.00000
vt 0.83333 0.00000
vt 1.00000 0.00000
vt 0.00000 1.00000
vt 0.16667 1.00000
vt 0.33333 1.00000
vt 0.50000 1.00000
vt 0.66667 1.00000
vt 0.83333 1.00000
vt 1.00000 1.00000
vt 0.50000 0.50000
vt 0.50000 0.50000
vt 0.50000 0.50000
vt 0.50000 0.50000
vt 0.50000 0.50000
vt 0.50000 0.50000
vt 1.00000 0.50000
vt 0.75000 0.06699
vt 0.25000 0.06699
vt 0.00000 0.50000
vt 0.25000 0.93301
vt 0.75000 0.93301
vt 1.00000 0.50000
vt 0.50000 0.50000
vt 0.50000 0.50000
vt 0.50000 0.50000
vt 0.50000 0.50000
vt 0.50000 0.50000
vt 0.50000 0.50000
vt 1.00000 0.50000
vt 0.75000 0.93301
vt 0.25000 0.93301
vt 0.00000 0.50000
vt 0.25000 0.06699
vt 0.75000 0.06699
vt 1.00000 0.50000
f 7753/7753 7760/7760 7754/7754
f 7760/7760 7761/7761 7754/7754
f 7754/7754 7761/7761 7755/7755
f 7761/7761 7762/7762 7755/7755
f 7755/7755 7762/7762 7756/7756
f 7762/7762 7763/7763 7756/7756
f 7756/7756 7763/7763 7757/7757
f 7763/7763 7764/7764 7757/7757
f 7757/7757 7764/7764 7758/7758
f 7764/7764 7765/7765 7758/7758
f 7758/7758 7765/7765 7759/7759
f 7765/7765 7766/7766 7759/7759
f 7773/7773 7774/7774 7767/7767
f 7774/7774 7775/7775 7768/7768
f 7775/7775 7776/7776 7769/7769
f 7776/7776 7777/7777 7770/7770
f 7777/7777 7778/7778 7771/7771
f 7778/7778 7779/7779 7772/7772
f 7787/7787 7786/7786 7780/7780
f 7788/7788 7787/7787 7781/7781
f 7789/7789 7788/7788 7782/7782
f 7790/7790 7789/7789 7783/7783
f 7791/7791 7790/7790 7784/7784
f 7792/7792 7791/7791 7785/7785
v 4.85500 0.67500 4.69000
v 4.86500 0.67500 4.70732
v 4.88500 0.67500 4.70732
v 4.89500 0.67500 4.69000
v 4.88500 0.67500 4.67268
v 4.86500 0.67500 4.67268
v 4.85500 0.67500 4.69000
v 4.85500 0.07500 4.69000
v 4.86500 0.07500 4.70732
v 4.88500 0.07500 4.70732
v 4.89500 0.07500 4.69000
v 4.88500 0.07500 4.67268
v 4.86500 0.07500 4.67268
v 4.85500 0.07500 4.69000
v 4.87500 0.67500 4.69000
v 4.87500 0.67500 4.69000
v 4.87500 0.67500 4.69000
v 4.87500 0.67500 4.69000
v 4.87500 0.67500 4.69000
v 4.87500 0.67500 4.69000
v 4.85500 0.67500 4.69000
v 4.86500 0.67500 4.70732
v 4.88500 0.67500 4.70732
v 4.89500 0.67500 4.69000
v 4.88500 0.67500 4.67268
v 4.86500 0.67500 4.67268
v 4.85500 0.67500 4.69000
v 4.87500 0.07500 4.69000
v 4.87500 0.07500 4.69000
v 4.87500 0.07500 4.69000
v 4.87500 0.07500 4.69000
v 4.87500 0.07500 4.69000
v 4.87500 0.07500 4.69000
v 4.85500 0.07500 4.69000
v 4.86500 0.07500 4.70732
v 4.88500 0.07500 4.70732
v 4.89500 0.07500 4.69000
v 4.88500 0.07500 4.67268
v 4.86500 0.07500 4.67268
v 4.85500 0.07500 4.69000
vt 0.00000 0.00000
vt 0.16667 0.00000
vt 0.33333 0.00000
vt 0.50000 0.00000
vt 0.66667 0.00000
vt 0.83333 0.00000
vt 1.00000 0.00000
vt 0.00000 1.00000
vt 0.16667 1.00000
vt 0.33333 1.00000
vt 0.50000 1.00000
vt 0.66667 1.00000
vt 0.83333 1.00000
vt 1.00000 1.00000
vt 0.50000 0.50000
vt 0.50000 0.50000
vt 0.50000 0.50000
vt 0.50000 0.50000
vt 0.50000 0.50000
vt 0.50000 0.50000
vt 1.00000 0.50000
vt 0.75000 0.06699
vt 0.25000 0.06699
vt 0.00000 0.50000
vt 0.25000 0.93301
vt 0.75000 0.93301
vt 1.00000 0.50000
vt 0.50000 0.50000
vt 0.50000 0.50000
vt 0.50000 0.50000
vt 0.50000 0.50000
vt 0.50000 0.50000
vt 0.50000 0.50000
vt 1.00000 0.50000
vt 0.75000 0.93301
vt 0.25000 0.93301
vt 0.00000 0.50000
vt 0.25000 0.06699
vt 0.75000 0.06699
vt 1.00000 0.50000
f 7793/7793 7800/7800 7794/7794
f 7800/7800 7801/7801 7794/7794
f 7794/7794 7801/7801 7795/7795
f 7801/7801 7802/7802 7795/7795
f 7795/7795 7802/7802 7796/7796
f 7802/7802 7803/7803 7796/7796
f 7796/7796 7803/7803 7797/7797
f 7803/7803 7804/7804 7797/7797
f 7797/7797 7804/7804 7798/7798
f 7804/7804 7805/7805 7798/7798
f 7798/7798 7805/7805 7799/7799
f 7805/7805 7806/7806 7799/7799
f 7813/7813 7814/7814 7807/7807
f 7814/7814 7815/7815 7808/7808
f 7815/7815 7816/7816 7809/7809
f 7816/7816 7817/7817 7810/7810
f 7817/7817 7818/7818 7811/7811
f 7818/7818 7819/7819 7812/7812
f 7827/7827 7826/7826 7820/7820
f 7828/7828 7827/7827 7821/7821
f 7829/7829 7828/7828 7822/7822
f 7830/7830 7829/7829 7823/7823
f 7831/7831 7830/7830 7824/7824
f 7832/7832 7831/7831 7825/7825
v 4.85500 0.67500 5.01000
v 4.86500 0.67500 5.02732
v 4.88500 0.67500 5.02732
v 4.89500 0.67500 5.01000
v 4.88500 0.67500 4.99268
v 4.86500 0.67500 4.99268
v 4.85500 0.67500 5.01000
v 4.85500 0.07500 5.01000
v 4.86500 0.07500 5.02732
v 4.88500 0.07500 5.02732
v 4.89500 0.07500 5.01000
v 4.88500 0.07500 4.99268
v 4.86500 0.07500 4.99268
v 4.85500 0.07500 5.01000
v 4.87500 0.67500 5.01000
v 4.87500 0.67500 5.01000
v 4.87500 0.67500 5.01000
v 4.87500 0.67500 5.01000
v 4.87500 0.67500 5.01000
v 4.87500 0.67500 5.01000
v 4.85500 0.67500 5.01000
v 4.86500 0.67500 5.02732
v 4.88500 0.67500 5.02732
v 4.89500 0.67500 5.01000
v 4.88500 0.67500 4.99268
v 4.86500 0.67500 4.99268
v 4.85500 0.67500 5.01000
v 4.87500 0.07500 5.01000
v 4.87500 0.07500 5.01000
v 4.87500 0.07500 5.01000
v 4.87500 0.07500 5.01000
v 4.87500 0.07500 5.01000
v 4.87500 0.07500 5.01000
v 4.85500 0.07500 5.01000
v 4.86500 0.07500 5.02732
v 4.88500 0.07500 5.02732
v 4.89500 0.07500 5.01000
v 4.88500 0.07500 4.99268
v 4.86500 0.07500 4.99268
v 4.85500 0.07500 5.01000
vt 0.00000 0.00000
vt 0.16667 0.00000
vt 0.33333 0.00000
vt 0.50000 0.00000
vt 0.66667 0.00000
vt 0.83333 0.00000
vt 1.00000 0.00000
vt 0.00000 1.00000
vt 0.16667 1.00000
vt 0.33333 1.00000
vt 0.50000 1.00000
vt 0.66667 1.00000
vt 0.83333 1.00000
vt 1.00000 1.00000
vt 0.50000 0.50000
vt 0.50000 0.50000
vt 0.50000 0.50000
vt 0.50000 0.50000
vt 0.50000 0.50000
vt 0.50000 0.50000
vt 1.00000 0.50000
vt 0.75000 0.06699
vt 0.25000 0.06699
vt 0.00000 0.50000
vt 0.25000 0.93301
vt 0.75000 0.93301
vt 1.00000 0.50000
vt 0.50000 0.50000
vt 0.50000 0.50000
vt 0.50000 0.50000
vt 0.50000 0.50000
vt 0.50000 0.50000
vt 0.50000 0.50000
vt 1.00000 0.50000
vt 0.75000 0.93301
vt 0.25000 0.93301
vt 0.00000 0.50000
vt 0.25000 0.06699
vt 0.75000 0.06699
vt 1.00000 0.50000
f 7833/7833 7840/7840 7834/7834
f 7840/7840 7841/7841 7834/7834
f 7834/7834 7841/7841 7835/7835
f 7841/7841 7842/7842 7835/7835
f 7835/7835 7842/7842 7836/7836
f 7842/7842 7843/7843 7836/7836
f 7836/7836 7843/7843 7837/7837
f 7843/7843 7844/7844 7837/7837
f 7837/7837 7844/7844 7838/7838
f 7844/7844 7845/7845 7838/7838
f 7838/7838 7845/7845 7839/7839
f 7845/7845 7846/7846 7839/7839
f 7853/7853 7854/7854 7847/7847
f 7854/7854 7855/7855 7848/7848
f 7855/7855 7856/7856 7849/7849
f 7856/7856 7857/7857 7850/7850
f 7857/7857 7858/7858 7851/7851
f 7858/7858 7859/7859 7852/7852
f 7867/7867 7866/7866 7860/7860
f 7868/7868 7867/7867 7861/7861
f 7869/7869 7868/7868 7862/7862
f 7870/7870 7869/7869 7863/7863
f 7871/7871 7870/7870 7864/7864
f 7872/7872 7871/7871 7865/7865
v 4.85500 0.67500 5.33000
v 4.86500 0.67500 5.34732
v 4.88500 0.67500 5.34732
v 4.89500 0.67500 5.33000
v 4.88500 0.67500 5.31268
v 4.86500 0.67500 5.31268
v 4.85500 0.67500 5.33000
v 4.85500 0.07500 5.33000
v 4.86500 0.07500 5.34732
v 4.88500 0.07500 5.34732
v 4.89500 0.07500 5.33000
v 4.88500 0.07500 5.31268
v 4.86500 0.07500 5.31268
v 4.85500 0.07500 5.33000
v 4.87500 0.67500 5.33000
v 4.87500 0.67500 5.33000
v 4.87500 0.67500 5.33000
v 4.87500 0.67500 5.33000
v 4.87500 0.67500 5.33000
v 4.87500 0.67500 5.33000
v 4.85500 0.67500 5.33000
v 4.86500 0.67500 5.34732
v 4.88500 0.67500 5.34732
v 4.89500 0.67500 5.33000
v 4.88500 0.67500 5.31268
v 4.86500 0.67500 5.31268
v 4.85500 0.67500 5.33000
v 4.87500 0.07500 5.33000
v 4.87500 0.07500 5.33000
v 4.87500 0.07500 5.33000
v 4.87500 0.07500 5.33000
v 4.87500 0.07500 5.33000
v 4.87500 0.07500 5.33000
v 4.85500 0.07500 5.33000
v 4.86500 0.07500 5.34732
v 4.88500 0.07500 5.34732
v 4.89500 0.07500 5.33000
v 4.88500 0.07500 5.31268
v 4.86500 0.07500 5.31268
v 4.85500 0.07500 5.33000
vt 0.00000 0.00000
vt 0.16667 0.00000
vt 0.33333 0.00000
vt 0.50000 0.00000
vt 0.66667 0.00000
vt 0.83333 0.00000
vt 1.00000 0.00000
vt 0.00000 1.00000
vt 0.16667 1.00000
vt 0.33333 1.00000
vt 0.50000 1.00000
vt 0.66667 1.00000
vt 0.83333 1.00000
vt 1.00000 1.00000
vt 0.50000 0.50000
vt 0.50000 0.50000
vt 0.50000 0.50000
vt 0.50000 0.50000
vt 0.50000 0.50000
vt 0.50000 0.50000
vt 1.00000 0.50000
vt 0.75000 0.06699
vt 0.25000 0.06699
vt 0.00000 0.50000
vt 0.25000 0.93301
vt 0.75000 0.93301
vt 1.00000 0.50000
vt 0.50000 0.50000
vt 0.50000 0.50000
vt 0.50000 0.50000
vt 0.50000 0.50000
vt 0.50000 0.50000
vt 0.50000 0.50000
vt 1.00000 0.50000
vt 0.75000 0.93301
vt 0.25000 0.93301
vt 0.00000 0.50000
vt 0.25000 0.06699
vt 0.75000 0.06699
vt 1.00000 0.50000
f 7873/7873 7880/7880 7874/7874
f 7880/7880 7881/7881 7874/7874
f 7874/7874 7881/7881 7875/7875
f 7881/7881 7882/7882 7875/7875
f 7875/7875 7882/7882 7876/7876
f 7882/7882 7883/7883 7876/7876
f 7876/7876 7883/7883 7877/7877
f 7883/7883 7884/7884 7877/7877
f 7877/7877 7884/7884 7878/7878
f 7884/7884 7885/7885 7878/7878
f 7878/7878 7885/7885 7879/7879
f 7885/7885 7886/7886 7879/7879
f 7893/7893 7894/7894 7887/7887
f 7894/7894 7895/7895 7888/7888
f 7895/7895 7896/7896 7889/7889
f 7896/7896 7897/7897 7890/7890
f 7897/7897 7898/7898 7891/7891
f 7898/7898 7899/7899 7892/7892
f 7907/7907 7906/7906 7900/7900
f 7908/7908 7907/7907 7901/7901
f 7909/7909 7908/7908 7902/7902
f 7910/7910 7909/7909 7903/7903
f 7911/7911 7910/7910 7904/7904
f 7912/7912 7911/7911 7905/7905
v 4.85500 0.67500 5.65000
v 4.86500 0.67500 5.66732
v 4.88500 0.67500 5.66732
v 4.89500 0.67500 5.65000
v 4.88500 0.67500 5.63268
v 4.86500 0.67500 5.63268
v 4.85500 0.67500 5.65000
v 4.85500 0.07500 5.65000
v 4.86500 0.07500 5.66732
v 4.88500 0.07500 5.66732
v 4.89500 0.07500 5.65000
v 4.88500 0.07500 5.63268
v 4.86500 0.07500 5.63268
v 4.85500 0.07500 5.65000
v 4.87500 0.67500 5.65000
v 4.87500 0.67500 5.65000
v 4.87500 0.67500 5.65000
v 4.87500 0.67500 5.65000
v 4.87500 0.67500 5.65000
v 4.87500 0.67500 5.65000
v 4.85500 0.67500 5.65000
v 4.86500 0.67500 5.66732
v 4.88500 0.67500 5.66732
v 4.89500 0.67500 5.65000
v 4.88500 0.67500 5.63268
v 4.86500 0.67500 5.63268
v 4.85500 0.67500 5.65000
v 4.87500 0.07500 5.65000
v 4.87500 0.07500 5.65000
v 4.87500 0.07500 5.65000
v 4.87500 0.07500 5.65000
v 4.87500 0.07500 5.65000
v 4.87500 0.07500 5.65000
v 4.85500 0.07500 5.65000
v 4.86500 0.07500 5.66732
v 4.88500 0.07500 5.66732
v 4.89500 0.07500 5.65000
v 4.88500 0.07500 5.63268
v 4.86500 0.07500 5.63268
v 4.85500 0.07500 5.65000
vt 0.00000 0.00000
vt 0.16667 0.00000
vt 0.33333 0.00000
vt 0.50000 0.00000
vt 0.66667 0.00000
vt 0.83333 0.00000
vt 1.00000 0.00000
vt 0.00000 1.00000
vt 0.16667 1.00000
vt 0.33333 1.00000
vt 0.50000 1.00000
vt 0.66667 1.00000
vt 0.83333 1.00000
vt 1.00000 1.00000
vt 0.50000 0.50000
vt 0.50000 0.50000
vt 0.50000 0.50000
vt 0.50000 0.50000
vt 0.50000 0.50000
vt 0.50000 0.50000
vt 1.00000 0.50000
vt 0.75000 0.06699
vt 0.25000 0.06699
vt 0.00000 0.50000
vt 0.25000 0.93301
vt 0.75000 0.93301
vt 1.00000 0.50000
vt 0.50000 0.50000
vt 0.50000 0.50000
vt 0.50000 0.50000
vt 0.50000 0.50000
vt 0.50000 0.50000
vt 0.50000 0.50000
vt 1.00000 0.50000
vt 0.75000 0.93301
vt 0.25000 0.93301
vt 0.00000 0.50000
vt 0.25000 0.06699
vt 0.75000 0.06699
vt 1.00000 0.50000
f 7913/7913 7920/7920 7914/7914
f 7920/7920 7921/7921 7914/7914
f 7914/7914 7921/7921 7915/7915
f 7921/7921 7922/7922 7915/7915
f 7915/7915 7922/7922 7916/7916
f 7922/7922 7923/7923 7916/7916
f 7916/7916 7923/7923 7917/7917
f 7923/7923 7924/7924 7917/7917
f 7917/7917 7924/7924 7918/7918
f 7924/7924 7925/7925 7918/7918
f 7918/7918 7925/7925 7919/7919
f 7925/7925 7926/7926 7919/7919
f 7933/7933 7934/7934 7927/7927
f 7934/7934 7935/7935 7928/7928
f 7935/7935 7936/7936 7929/7929
f 7936/7936 7937/7937 7930/7930
f 7937/7937 7938/7938 7931/7931
f 7938/7938 7939/7939 7932/7932
f 7947/7947 7946/7946 7940/7940
f 7948/7948 7947/7947 7941/7941
f 7949/7949 7948/7948 7942/7942
f 7950/7950 7949/7949 7943/7943
f 7951/7951 7950/7950 7944/7944
f 7952/7952 7951/7951 7945/7945
v -2.37500 2.20000 4.31000
v -2.37500 2.20000 4.21000
v -2.37500 -0.00000 4.31000
v -2.37500 -0.00000 4.21000
v -3.47500 2.20000 4.21000
v -3.47500 2.20000 4.31000
v -3.47500 -0.00000 4.21000
v -3.47500 -0.00000 4.31000
v -3.47500 2.20000 4.21000
v -2.37500 2.20000 4.21000
v -3.47500 2.20000 4.31000
v -2.37500 2.20000 4.31000
v -3.47500 -0.00000 4.31000
v -2.37500 -0.00000 4.31000
v -3.47500 -0.00000 4.21000
v -2.37500 -0.00000 4.21000
v -3.47500 2.20000 4.31000
v -2.37500 2.20000 4.31000
v -3.47500 -0.00000 4.31000
v -2.37500 -0.00000 4.31000
v -2.37500 2.20000 4.21000
v -3.47500 2.20000 4.21000
v -2.37500 -0.00000 4.21000
v -3.47500 -0.00000 4.21000
vt 0.00000 0.00000
vt 1.00000 0.00000
vt 0.00000 1.00000
vt 1.00000 1.00000
vt 0.00000 0.00000
vt 1.00000 0.00000
vt 0.00000 1.00000
vt 1.00000 1.00000
vt 0.00000 0.00000
vt 1.00000 0.00000
vt 0.00000 1.00000
vt 1.00000 1.00000
vt 0.00000 0.00000
vt 1.00000 0.00000
vt 0.00000 1.00000
vt 1.00000 1.00000
vt 0.00000 0.00000
vt 1.00000 0.00000
vt 0.00000 1.00000
vt 1.00000 1.00000
vt 0.00000 0.00000
vt 1.00000 0.00000
vt 0.00000 1.00000
vt 1.00000 1.00000
f 7953/7953 7955/7955 7954/7954
f 7955/7955 7956/7956 7954/7954
f 7957/7957 7959/7959 7958/7958
f 7959/7959 7960/7960 7958/7958
f 7961/7961 7963/7963 7962/7962
f 7963/7963 7964/7964 7962/7962
f 7965/7965 7967/7967 7966/7966
f 7967/7967 7968/7968 7966/7966
f 7969/7969 7971/7971 7970/7970
f 7971/7971 7972/7972 7970/7970
f 7973/7973 7975/7975 7974/7974
f 7975/7975 7976/7976 7974/7974
v 12.72500 3.50000 1.96000
v 12.72500 3.50000 -4.94000
v 12.72500 3.30000 1.96000
v 12.72500 3.30000 -4.94000
v 4.42500 3.50000 -4.94000
v 4.42500 3.50000 1.96000
v 4.42500 3.30000 -4.94000
v 4.42500 3.30000 1.96000
v 4.42500 3.50000 -4.94000
v 12.72500 3.50000 -4.94000
v 4.42500 3.50000 1.96000
v 12.72500 3.50000 1.96000
v 4.42500 3.30000 1.96000
v 12.72500 3.30000 1.96000
v 4.42500 3.30000 -4.94000
v 12.72500 3.30000 -4.94000
v 4.42500 3.50000 1.96000
v 12.72500 3.50000 1.96000
v 4.42500 3.30000 1.96000
v 12.72500 3.30000 1.96000
v 12.72500 3.50000 -4.94000
v 4.42500 3.50000 -4.94000
v 12.72500 3.30000 -4.94000
v 4.42500 3.30000 -4.94000
vt 0.00000 0.00000
vt 1.00000 0.00000
vt 0.00000 1.00000
vt 1.00000 1.00000
vt 0.00000 0.00000
vt 1.00000 0.00000
vt 0.00000 1.00000
vt 1.00000 1.00000
vt 0.00000 0.00000
vt 1.00000 0.00000
vt 0.00000 1.00000
vt 1.00000 1.00000
vt 0.00000 0.00000
vt 1.00000 0.00000
vt 0.00000 1.00000
vt 1.00000 1.00000
vt 0.00000 0.00000
vt 1.00000 0.00000
vt 0.00000 1.00000
vt 1.00000 1.00000
vt 0.00000 0.00000
vt 1.00000 0.00000
vt 0.00000 1.00000
vt 1.00000 1.00000
f 7977/7977 7979/7979 7978/7978
f 7979/7979 7980/7980 7978/7978
f 7981/7981 7983/7983 7982/7982
f 7983/7983 7984/7984 7982/7982
f 7985/7985 7987/7987 7986/7986
f 7987/7987 7988/7988 7986/7986
f 7989/7989 7991/7991 7990/7990
f 7991/7991 7992/7992 7990/7990
f 7993/7993 7995/7995 7994/7994
f 7995/7995 7996/7996 7994/7994
f 7997/7997 7999/7999 7998/7998
f 7999/7999 8000/8000 7998/7998
v 7.27500 2.10000 1.89000
v 7.27500 2.10000 1.81000
v 7.27500 0.00000 1.89000
v 7.27500 0.00000 1.81000
v 6.27500 2.10000 1.81000
v 6.27500 2.10000 1.89000
v 6.27500 0.00000 1.81000
v 6.27500 0.00000 1.89000
v 6.27500 2.10000 1.81000
v 7.27500 2.10000 1.81000
v 6.27500 2.10000 1.89000
v 7.27500 2.10000 1.89000
v 6.27500 0.00000 1.89000
v 7.27500 0.00000 1.89000
v 6.27500 0.00000 1.81000
v 7.27500 0.00000 1.81000
v 6.27500 2.10000 1.89000
v 7.27500 2.10000 1.89000
v 6.27500 0.00000 1.89000
v 7.27500 0.00000 1.89000
v 7.27500 2.10000 1.81000
v 6.27500 2.10000 1.81000
v 7.27500 0.00000 1.81000
v 6.27500 0.00000 1.81000
vt 0.00000 0.00000
vt 1.00000 0.00000
vt 0.00000 1.00000
vt 1.00000 1.00000
vt 0.00000 0.00000
vt 1.00000 0.00000
vt 0.00000 1.00000
vt 1.00000 1.00000
vt 0.00000 0.00000
vt 1.00000 0.00000
vt 0.00000 1.00000
vt 1.00000 1.00000
vt 0.00000 0.00000
vt 1.00000 0.00000
vt 0.00000 1.00000
vt 1.00000 1.00000
vt 0.00000 0.00000
vt 1.00000 0.00000
vt 0.00000 1.00000
vt 1.00000 1.00000
vt 0.00000 0.00000
vt 1.00000 0.00000
vt 0.00000 1.00000
vt 1.00000 1.00000
f 8001/8001 8003/8003 8002/8002
f 8003/8003 8004/8004 8002/8002
f 8005/8005 8007/8007 8006/8006
f 8007/8007 8008/8008 8006/8006
f 8009/8009 8011/8011 8010/8010
f 8011/8011 8012/8012 8010/8010
f 8013/8013 8015/8015 8014/8014
f 8015/8015 8016/8016 8014/8014
f 8017/8017 8019/8019 8018/8018
f 8019/8019 8020/8020 8018/8018
f 8021/8021 8023/8023 8022/8022
f 8023/8023 8024/8024 8022/8022
v 12.05000 1.87500 1.90000
v 12.05000 1.87500 1.80000
v 12.05000 0.72500 1.90000
v 12.05000 0.72500 1.80000
v 11.30000 1.87500 1.80000
v 11.30000 1.87500 1.90000
v 11.30000 0.72500 1.80000
v 11.30000 0.72500 1.90000
v 11.30000 1.87500 1.80000
v 12.05000 1.87500 1.80000
v 11.30000 1.87500 1.90000
v 12.05000 1.87500 1.90000
v 11.30000 0.72500 1.90000
v 12.05000 0.72500 1.90000
v 11.30000 0.72500 1.80000
v 12.05000 0.72500 1.80000
v 11.30000 1.87500 1.90000
v 12.05000 1.87500 1.90000
v 11.30000 0.72500 1.90000
v 12.05000 0.72500 1.90000
v 12.05000 1.87500 1.80000
v 11.30000 1.87500 1.80000
v 12.05000 0.72500 1.80000
v 11.30000 0.72500 1.80000
vt 0.00000 0.00000
vt 1.00000 0.00000
vt 0.00000 1.00000
vt 1.00000 1.00000
vt 0.00000 0.00000
vt 1.00000 0.00000
vt 0.00000 1.00000
vt 1.00000 1.00000
vt 0.00000 0.00000
vt 1.00000 0.00000
vt 0.00000 1.00000
vt 1.00000 1.00000
vt 0.00000 0.00000
vt 1.00000 0.00000
vt 0.00000 1.00000
vt 1.00000 1.00000
vt 0.00000 0.00000
vt 1.00000 0.00000
vt 0.00000 1.00000
vt 1.00000 1.00000
vt 0.00000 0.00000
vt 1.00000 0.00000
vt 0.00000 1.00000
vt 1.00000 1.00000
f 8025/8025 8027/8027 8026/8026
f 8027/8027 8028/8028 8026/8026
f 8029/8029 8031/8031 8030/8030
f 8031/8031 8032/8032 8030/8030
f 8033/8033 8035/8035 8034/8034
f 8035/8035 8036/8036 8034/8034
f 8037/8037 8039/8039 8038/8038
f 8039/8039 8040/8040 8038/8038
f 8041/8041 8043/8043 8042/8042
f 8043/8043 8044/8044 8042/8042
f 8045/8045 8047/8047 8046/8046
f 8047/8047 8048/8048 8046/8046
v 11.69250 1.79450 1.94000
v 11.69250 1.79450 1.91000
v 11.69250 0.80550 1.94000
v 11.69250 0.80550 1.91000
v 11.65750 1.79450 1.91000
v 11.65750 1.79450 1.94000
v 11.65750 0.80550 1.91000
v 11.65750 0.80550 1.94000
v 11.65750 1.79450 1.91000
v 11.69250 1.79450 1.91000
v 11.65750 1.79450 1.94000
v 11.69250 1.79450 1.94000
v 11.65750 0.80550 1.94000
v 11.69250 0.80550 1.94000
v 11.65750 0.80550 1.91000
v 11.69250 0.80550 1.91000
v 11.65750 1.79450 1.94000
v 11.69250 1.79450 1.94000
v 11.65750 0.80550 1.94000
v 11.69250 0.80550 1.94000
v 11.69250 1.79450 1.91000
v 11.65750 1.79450 1.91000
v 11.69250 0.80550 1.91000
v 11.65750 0.80550 1.91000
vt 0.00000 0.00000
vt 1.00000 0.00000
vt 0.00000 1.00000
vt 1.00000 1.00000
vt 0.00000 0.00000
vt 1.00000 0.00000
vt 0.00000 1.00000
vt 1.00000 1.00000
vt 0.00000 0.00000
vt 1.00000 0.00000
vt 0.00000 1.00000
vt 1.00000 1.00000
vt 0.00000 0.00000
vt 1.00000 0.00000
vt 0.00000 1.00000
vt 1.00000 1.00000
vt 0.00000 0.00000
vt 1.00000 0.00000
vt 0.00000 1.00000
vt 1.00000 1.00000
vt 0.00000 0.00000
vt 1.00000 0.00000
vt 0.00000 1.00000
vt 1.00000 1.00000
f 8049/8049 8051/8051 8050/8050
f 8051/8051 8052/8052 8050/8050
f 8053/8053 8055/8055 8054/8054
f 8055/8055 8056/8056 8054/8054
f 8057/8057 8059/8059 8058/8058
f 8059/8059 8060/8060 8058/8058
f 8061/8061 8063/8063 8062/8062
f 8063/8063 8064/8064 8062/8062
f 8065/8065 8067/8067 8066/8066
f 8067/8067 8068/8068 8066/8066
f 8069/8069 8071/8071 8070/8070
f 8071/8071 8072/8072 8070/8070
v 11.96750 1.31750 1.94000
v 11.96750 1.31750 1.91000
v 11.96750 1.28250 1.94000
v 11.96750 1.28250 1.91000
v 11.38250 1.31750 1.91000
v 11.38250 1.31750 1.94000
v 11.38250 1.28250 1.91000
v 11.38250 1.28250 1.94000
v 11.38250 1.31750 1.91000
v 11.96750 1.31750 1.91000
v 11.38250 1.31750 1.94000
v 11.96750 1.31750 1.94000
v 11.38250 1.28250 1.94000
v 11.96750 1.28250 1.94000
v 11.38250 1.28250 1.91000
v 11.96750 1.28250 1.91000
v 11.38250 1.31750 1.94000
v 11.96750 1.31750 1.94000
v 11.38250 1.28250 1.94000
v 11.96750 1.28250 1.94000
v 11.96750 1.31750 1.91000
v 11.38250 1.31750 1.91000
v 11.96750 1.28250 1.91000
v 11.38250 1.28250 1.91000
vt 0.00000 0.00000
vt 1.00000 0.00000
vt 0.00000 1.00000
vt 1.00000 1.00000
vt 0.00000 0.00000
vt 1.00000 0.00000
vt 0.00000 1.00000
vt 1.00000 1.00000
vt 0.00000 0.00000
vt 1.00000 0.00000
vt 0.00000 1.00000
vt 1.00000 1.00000
vt 0.00000 0.00000
vt 1.00000 0.00000
vt 0.00000 1.00000
vt 1.00000 1.00000
vt 0.00000 0.00000
vt 1.00000 0.00000
vt 0.00000 1.00000
vt 1.00000 1.00000
vt 0.00000 0.00000
vt 1.00000 0.00000
vt 0.00000 1.00000
vt 1.00000 1.00000
f 8073/8073 8075/8075 8074/8074
f 8075/8075 8076/8076 8074/8074
f 8077/8077 8079/8079 8078/8078
f 8079/8079 8080/8080 8078/8078
f 8081/8081 8083/8083 8082/8082
f 8083/8083 8084/8084 8082/8082
f 8085/8085 8087/8087 8086/8086
f 8087/8087 8088/8088 8086/8086
f 8089/8089 8091/8091 8090/8090
f 8091/8091 8092/8092 8090/8090
f 8093/8093 8095/8095 8094/8094
f 8095/8095 8096/8096 8094/8094
v 12.12500 0.72500 2.04000
v 12.12500 0.72500 1.86000
v 12.12500 0.66500 2.04000
v 12.12500 0.66500 1.86000
v 11.22500 0.72500 1.86000
v 11.22500 0.72500 2.04000
v 11.22500 0.66500 1.86000
v 11.22500 0.66500 2.04000
v 11.22500 0.72500 1.86000
v 12.12500 0.72500 1.86000
v 11.22500 0.72500 2.04000
v 12.12500 0.72500 2.04000
v 11.22500 0.66500 2.04000
v 12.12500 0.66500 2.04000
v 11.22500 0.66500 1.86000
v 12.12500 0.66500 1.86000
v 11.22500 0.72500 2.04000
v 12.12500 0.72500 2.04000
v 11.22500 0.66500 2.04000
v 12.12500 0.66500 2.04000
v 12.12500 0.72500 1.86000
v 11.22500 0.72500 1.86000
v 12.12500 0.66500 1.86000
v 11.22500 0.66500 1.86000
vt 0.00000 0.00000
vt 1.00000 0.00000
vt 0.00000 1.00000
vt 1.00000 1.00000
vt 0.00000 0.00000
vt 1.00000 0.00000
vt 0.00000 1.00000
vt 1.00000 1.00000
vt 0.00000 0.00000
vt 1.00000 0.00000
vt 0.00000 1.00000
vt 1.00000 1.00000
vt 0.00000 0.00000
vt 1.00000 0.00000
vt 0.00000 1.00000
vt 1.00000 1.00000
vt 0.00000 0.00000
vt 1.00000 0.00000
vt 0.00000 1.00000
vt 1.00000 1.00000
vt 0.00000 0.00000
vt 1.00000 0.00000
vt 0.00000 1.00000
vt 1.00000 1.00000
f 8097/8097 8099/8099 8098/8098
f 8099/8099 8100/8100 8098/8098
f 8101/8101 8103/8103 8102/8102
f 8103/8103 8104/8104 8102/8102
f 8105/8105 8107/8107 8106/8106
f 8107/8107 8108/8108 8106/8106
f 8109/8109 8111/8111 8110/8110
f 8111/8111 8112/8112 8110/8110
f 8113/8113 8115/8115 8114/8114
f 8115/8115 8116/8116 8114/8114
f 8117/8117 8119/8119 8118/8118
f 8119/8119 8120/8120 8118/8118
v 12.52500 1.87500 -1.11500
v 12.62500 1.87500 -1.11500
v 12.52500 0.72500 -1.11500
v 12.62500 0.72500 -1.11500
v 12.62500 1.87500 -1.86500
v 12.52500 1.87500 -1.86500
v 12.62500 0.72500 -1.86500
v 12.52500 0.72500 -1.86500
v 12.62500 1.87500 -1.86500
v 12.62500 1.87500 -1.11500
v 12.52500 1.87500 -1.86500
v 12.52500 1.87500 -1.11500
v 12.52500 0.72500 -1.86500
v 12.52500 0.72500 -1.11500
v 12.62500 0.72500 -1.86500
v 12.62500 0.72500 -1.11500
v 12.52500 1.87500 -1.86500
v 12.52500 1.87500 -1.11500
v 12.52500 0.72500 -1.86500
v 12.52500 0.72500 -1.11500
v 12.62500 1.87500 -1.11500
v 12.62500 1.87500 -1.86500
v 12.62500 0.72500 -1.11500
v 12.62500 0.72500 -1.86500
vt 0.00000 0.00000
vt 1.00000 0.00000
vt 0.00000 1.00000
vt 1.00000 1.00000
vt 0.00000 0.00000
vt 1.00000 0.00000
vt 0.00000 1.00000
vt 1.00000 1.00000
vt 0.00000 0.00000
vt 1.00000 0.00000
vt 0.00000 1.00000
vt 1.00000 1.00000
vt 0.00000 0.00000
vt 1.00000 0.00000
vt 0.00000 1.00000
vt 1.00000 1.00000
vt 0.00000 0.00000
vt 1.00000 0.00000
vt 0.00000 1.00000
vt 1.00000 1.00000
vt 0.00000 0.00000
vt 1.00000 0.00000
vt 0.00000 1.00000
vt 1.00000 1.00000
f 8121/8121 8123/8123 8122/8122
f 8123/8123 8124/8124 8122/8122
f 8125/8125 8127/8127 8126/8126
f 8127/8127 8128/8128 8126/8126
f 8129/8129 8131/8131 8130/8130
f 8131/8131 8132/8132 8130/8130
f 8133/8133 8135/8135 8134/8134
f 8135/8135 8136/8136 8134/8134
f 8137/8137 8139/8139 8138/8138
f 8139/8139 8140/8140 8138/8138
f 8141/8141 8143/8143 8142/8142
f 8143/8143 8144/8144 8142/8142
v 12.48500 1.79450 -1.47250
v 12.51500 1.79450 -1.47250
v 12.48500 0.80550 -1.47250
v 12.51500 0.80550 -1.47250
v 12.51500 1.79450 -1.50750
v 12.48500 1.79450 -1.50750
v 12.51500 0.80550 -1.50750
v 12.48500 0.80550 -1.50750
v 12.51500 1.79450 -1.50750
v 12.51500 1.79450 -1.47250
v 12.48500 1.79450 -1.50750
v 12.48500 1.79450 -1.47250
v 12.48500 0.80550 -1.50750
v 12.48500 0.80550 -1.47250
v 12.51500 0.80550 -1.50750
v 12.51500 0.80550 -1.47250
v 12.48500 1.79450 -1.50750
v 12.48500 1.79450 -1.47250
v 12.48500 0.80550 -1.50750
v 12.48500 0.80550 -1.47250
v 12.51500 1.79450 -1.47250
v 12.51500 1.79450 -1.50750
v 12.51500 0.80550 -1.47250
v 12.51500 0.80550 -1.50750
vt 0.00000 0.00000
vt 1.00000 0.00000
vt 0.00000 1.00000
vt 1.00000 1.00000
vt 0.00000 0.00000
vt 1.00000 0.00000
vt 0.00000 1.00000
vt 1.00000 1.00000
vt 0.00000 0.00000
vt 1.00000 0.00000
vt 0.00000 1.00000
vt 1.00000 1.00000
vt 0.00000 0.00000
vt 1.00000 0.00000
vt 0.00000 1.00000
vt 1.00000 1.00000
vt 0.00000 0.00000
vt 1.00000 0.00000
vt 0.00000 1.00000
vt 1.00000 1.00000
vt 0.00000 0.00000
vt 1.00000 0.00000
vt 0.00000 1.00000
vt 1.00000 1.00000
f 8145/8145 8147/8147 8146/8146
f 8147/8147 8148/8148 8146/8146
f 8149/8149 8151/8151 8150/8150
f 8151/8151 8152/8152 8150/8150
f 8153/8153 8155/8155 8154/8154
f 8155/8155 8156/8156 8154/8154
f 8157/8157 8159/8159 8158/8158
f 8159/8159 8160/8160 8158/8158
f 8161/8161 8163/8163 8162/8162
f 8163/8163 8164/8164 8162/8162
f 8165/8165 8167/8167 8166/8166
f 8167/8167 8168/8168 8166/8166
v 12.48500 1.31750 -1.19750
v 12.51500 1.31750 -1.19750
v 12.48500 1.28250 -1.19750
v 12.51500 1.28250 -1.19750
v 12.51500 1.31750 -1.78250
v 12.48500 1.31750 -1.78250
v 12.51500 1.28250 -1.78250
v 12.48500 1.28250 -1.78250
v 12.51500 1.31750 -1.78250
v 12.51500 1.31750 -1.19750
v 12.48500 1.31750 -1.78250
v 12.48500 1.31750 -1.19750
v 12.48500 1.28250 -1.78250
v 12.48500 1.28250 -1.19750
v 12.51500 1.28250 -1.78250
v 12.51500 1.28250 -1.19750
v 12.48500 1.31750 -1.78250
v 12.48500 1.31750 -1.19750
v 12.48500 1.28250 -1.78250
v 12.48500 1.28250 -1.19750
v 12.51500 1.31750 -1.19750
v 12.51500 1.31750 -1.78250
v 12.51500 1.28250 -1.19750
v 12.51500 1.28250 -1.78250
vt 0.00000 0.00000
vt 1.00000 0.00000
vt 0.00000 1.00000
vt 1.00000 1.00000
vt 0.00000 0.00000
vt 1.00000 0.00000
vt 0.00000 1.00000
vt 1.00000 1.00000
vt 0.00000 0.00000
vt 1.00000 0.00000
vt 0.00000 1.00000
vt 1.00000 1.00000
vt 0.00000 0.00000
vt 1.00000 0.00000
vt 0.00000 1.00000
vt 1.00000 1.00000
vt 0.00000 0.00000
vt 1.00000 0.00000
vt 0.00000 1.00000
vt 1.00000 1.00000
vt 0.00000 0.00000
vt 1.00000 0.00000
vt 0.00000 1.00000
vt 1.00000 1.00000
f 8169/8169 8171/8171 8170/8170
f 8171/8171 8172/8172 8170/8170
f 8173/8173 8175/8175 8174/8174
f 8175/8175 8176/8176 8174/8174
f 8177/8177 8179/8179 8178/8178
f 8179/8179 8180/8180 8178/8178
f 8181/8181 8183/8183 8182/8182
f 8183/8183 8184/8184 8182/8182
f 8185/8185 8187/8187 8186/8186
f 8187/8187 8188/8188 8186/8186
f 8189/8189 8191/8191 8190/8190
f 8191/8191 8192/8192 8190/8190
v 12.38500 0.72500 -1.04000
v 12.56500 0.72500 -1.04000
v 12.38500 0.66500 -1.04000
v 12.56500 0.66500 -1.04000
v 12.56500 0.72500 -1.94000
v 12.38500 0.72500 -1.94000
v 12.56500 0.66500 -1.94000
v 12.38500 0.66500 -1.94000
v 12.56500 0.72500 -1.94000
v 12.56500 0.72500 -1.04000
v 12.38500 0.72500 -1.94000
v 12.38500 0.72500 -1.04000
v 12.38500 0.66500 -1.94000
v 12.38500 0.66500 -1.04000
v 12.56500 0.66500 -1.94000
v 12.56500 0.66500 -1.04000
v 12.38500 0.72500 -1.94000
v 12.38500 0.72500 -1.04000
v 12.38500 0.66500 -1.94000
v 12.38500 0.66500 -1.04000
v 12.56500 0.72500 -1.04000
v 12.56500 0.72500 -1.94000
v 12.56500 0.66500 -1.04000
v 12.56500 0.66500 -1.94000
vt 0.00000 0.00000
vt 1.00000 0.00000
vt 0.00000 1.00000
vt 1.00000 1.00000
vt 0.00000 0.00000
vt 1.00000 0.00000
vt 0.00000 1.00000
vt 1.00000 1.00000
vt 0.00000 0.00000
vt 1.00000 0.00000
vt 0.00000 1.00000
vt 1.00000 1.00000
vt 0.00000 0.00000
vt 1.00000 0.00000
vt 0.00000 1.00000
vt 1.00000 1.00000
vt 0.00000 0.00000
vt 1.00000 0.00000
vt 0.00000 1.00000
vt 1.00000 1.00000
vt 0.00000 0.00000
vt 1.00000 0.00000
vt 0.00000 1.00000
vt 1.00000 1.00000
f 8193/8193 8195/8195 8194/8194
f 8195/8195 8196/8196 8194/8194
f 8197/8197 8199/8199 8198/8198
f 8199/8199 8200/8200 8198/8198
f 8201/8201 8203/8203 8202/8202
f 8203/8203 8204/8204 8202/8202
f 8205/8205 8207/8207 8206/8206
f 8207/8207 8208/8208 8206/8206
f 8209/8209 8211/8211 8210/8210
f 8211/8211 8212/8212 8210/8210
f 8213/8213 8215/8215 8214/8214
f 8215/8215 8216/8216 8214/8214
v 5.15000 0.30000 4.28500
v 5.15000 0.30000 -5.86500
v 5.15000 -0.00000 4.28500
v 5.15000 -0.00000 -5.86500
v -11.00000 0.30000 -5.86500
v -11.00000 0.30000 4.28500
v -11.00000 -0.00000 -5.86500
v -11.00000 -0.00000 4.28500
v -11.00000 0.30000 -5.86500
v 5.15000 0.30000 -5.86500
v -11.00000 0.30000 4.28500
v 5.15000 0.30000 4.28500
v -11.00000 -0.00000 4.28500
v 5.15000 -0.00000 4.28500
v -11.00000 -0.00000 -5.86500
v 5.15000 -0.00000 -5.86500
v -11.00000 0.30000 4.28500
v 5.15000 0.30000 4.28500
v -11.00000 -0.00000 4.28500
v 5.15000 -0.00000 4.28500
v 5.15000 0.30000 -5.86500
v -11.00000 0.30000 -5.86500
v 5.15000 -0.00000 -5.86500
v -11.00000 -0.00000 -5.86500
vt 0.00000 0.00000
vt 1.00000 0.00000
vt 0.00000 1.00000
vt 1.00000 1.00000
vt 0.00000 0.00000
vt 1.00000 0.00000
vt 0.00000 1.00000
vt 1.00000 1.00000
vt 0.00000 0.00000
vt 1.00000 0.00000
vt 0.00000 1.00000
vt 1.00000 1.00000
vt 0.00000 0.00000
vt 1.00000 0.00000
vt 0.00000 1.00000
vt 1.00000 1.00000
vt 0.00000 0.00000
vt 1.00000 0.00000
vt 0.00000 1.00000
vt 1.00000 1.00000
vt 0.00000 0.00000
vt 1.00000 0.00000
vt 0.00000 1.00000
vt 1.00000 1.00000
f 8217/8217 8219/8219 8218/8218
f 8219/8219 8220/8220 8218/8218
f 8221/8221 8223/8223 8222/8222
f 8223/8223 8224/8224 8222/8222
f 8225/8225 8227/8227 8226/8226
f 8227/8227 8228/8228 8226/8226
f 8229/8229 8231/8231 8230/8230
f 8231/8231 8232/8232 8230/8230
f 8233/8233 8235/8235 8234/8234
f 8235/8235 8236/8236 8234/8234
f 8237/8237 8239/8239 8238/8238
f 8239/8239 8240/8240 8238/8238
usemtl slate_roof
v -11.42500 7.45000 -6.29000
v 5.57500 7.45000 -6.29000
v 5.57500 7.45000 4.71000
v -11.42500 7.45000 4.71000
v -8.19500 10.85000 -3.10000
v 2.34500 10.85000 -3.10000
v 2.34500 10.85000 1.52000
v -8.19500 10.85000 1.52000
f 8241 8242 8243
f 8241 8243 8244
f 8245 8247 8246
f 8245 8248 8247
f 8241 8245 8246
f 8241 8246 8242
f 8242 8246 8247
f 8242 8247 8243
f 8243 8247 8248
f 8243 8248 8244
f 8244 8248 8245
f 8244 8245 8241
v -8.19500 10.85000 -3.10000
v 2.34500 10.85000 -3.10000
v 2.34500 10.85000 1.52000
v -8.19500 10.85000 1.52000
v -5.82350 12.15000 -1.71400
v -0.02650 12.15000 -1.71400
v -0.02650 12.15000 0.13400
v -5.82350 12.15000 0.13400
f 8249 8250 8251
f 8249 8251 8252
f 8253 8255 8254
f 8253 8256 8255
f 8249 8253 8254
f 8249 8254 8250
f 8250 8254 8255
f 8250 8255 8251
f 8251 8255 8256
f 8251 8256 8252
f 8252 8256 8253
f 8252 8253 8249
v -0.02650 12.29500 0.13400
v -0.02650 12.29500 -1.71400
v -0.02650 12.14500 0.13400
v -0.02650 12.14500 -1.71400
v -5.82350 12.29500 -1.71400
v -5.82350 12.29500 0.13400
v -5.82350 12.14500 -1.71400
v -5.82350 12.14500 0.13400
v -5.82350 12.29500 -1.71400
v -0.02650 12.29500 -1.71400
v -5.82350 12.29500 0.13400
v -0.02650 12.29500 0.13400
v -5.82350 12.14500 0.13400
v -0.02650 12.14500 0.13400
v -5.82350 12.14500 -1.71400
v -0.02650 12.14500 -1.71400
v -5.82350 12.29500 0.13400
v -0.02650 12.29500 0.13400
v -5.82350 12.14500 0.13400
v -0.02650 12.14500 0.13400
v -0.02650 12.29500 -1.71400
v -5.82350 12.29500 -1.71400
v -0.02650 12.14500 -1.71400
v -5.82350 12.14500 -1.71400
vt 0.00000 0.00000
vt 1.00000 0.00000
vt 0.00000 1.00000
vt 1.00000 1.00000
vt 0.00000 0.00000
vt 1.00000 0.00000
vt 0.00000 1.00000
vt 1.00000 1.00000
vt 0.00000 0.00000
vt 1.00000 0.00000
vt 0.00000 1.00000
vt 1.00000 1.00000
vt 0.00000 0.00000
vt 1.00000 0.00000
vt 0.00000 1.00000
vt 1.00000 1.00000
vt 0.00000 0.00000
vt 1.00000 0.00000
vt 0.00000 1.00000
vt 1.00000 1.00000
vt 0.00000 0.00000
vt 1.00000 0.00000
vt 0.00000 1.00000
vt 1.00000 1.00000
f 8257/8241 8259/8243 8258/8242
f 8259/8243 8260/8244 8258/8242
f 8261/8245 8263/8247 8262/8246
f 8263/8247 8264/8248 8262/8246
f 8265/8249 8267/8251 8266/8250
f 8267/8251 8268/8252 8266/8250
f 8269/8253 8271/8255 8270/8254
f 8271/8255 8272/8256 8270/8254
f 8273/8257 8275/8259 8274/8258
f 8275/8259 8276/8260 8274/8258
f 8277/8261 8279/8263 8278/8262
f 8279/8263 8280/8264 8278/8262
v -6.98000 9.68900 3.49980
v -6.32500 10.23900 3.49980
v -5.67000 9.68900 3.49980
v -5.67000 9.68900 4.19980
v -6.32500 10.23900 4.19980
v -6.98000 9.68900 4.19980
v -6.98000 9.68900 3.49980
v -5.67000 9.68900 3.49980
v -6.98000 9.68900 4.19980
v -5.67000 9.68900 3.49980
v -5.67000 9.68900 4.19980
v -6.98000 9.68900 4.19980
v -5.67000 9.68900 3.49980
v -6.32500 10.23900 3.49980
v -5.67000 9.68900 4.19980
v -6.32500 10.23900 3.49980
v -6.32500 10.23900 4.19980
v -5.67000 9.68900 4.19980
v -6.32500 10.23900 3.49980
v -6.98000 9.68900 3.49980
v -6.32500 10.23900 4.19980
v -6.98000 9.68900 3.49980
v -6.98000 9.68900 4.19980
v -6.32500 10.23900 4.19980
vt -0.65500 1.00000
vt 0.00000 0.45000
vt 0.65500 1.00000
vt 0.65500 1.00000
vt 0.00000 0.45000
vt -0.65500 1.00000
vt -0.65500 0.00000
vt 0.65500 0.00000
vt -0.65500 0.70000
vt 0.65500 0.00000
vt 0.65500 0.70000
vt -0.65500 0.70000
vt 0.65500 0.00000
vt 0.00000 0.00000
vt 0.65500 0.70000
vt 0.00000 0.00000
vt 0.00000 0.70000
vt 0.65500 0.70000
vt 0.00000 0.00000
vt -0.65500 0.00000
vt 0.00000 0.70000
vt -0.65500 0.00000
vt -0.65500 0.70000
vt 0.00000 0.70000
f 8281/8265 8282/8266 8283/8267
f 8284/8268 8285/8269 8286/8270
f 8287/8271 8288/8272 8289/8273
f 8290/8274 8291/8275 8292/8276
f 8293/8277 8294/8278 8295/8279
f 8296/8280 8297/8281 8298/8282
f 8299/8283 8300/8284 8301/8285
f 8302/8286 8303/8287 8304/8288
v -0.18000 9.68900 3.49980
v 0.47500 10.23900 3.49980
v 1.13000 9.68900 3.49980
v 1.13000 9.68900 4.19980
v 0.47500 10.23900 4.19980
v -0.18000 9.68900 4.19980
v -0.18000 9.68900 3.49980
v 1.13000 9.68900 3.49980
v -0.18000 9.68900 4.19980
v 1.13000 9.68900 3.49980
v 1.13000 9.68900 4.19980
v -0.18000 9.68900 4.19980
v 1.13000 9.68900 3.49980
v 0.47500 10.23900 3.49980
v 1.13000 9.68900 4.19980
v 0.47500 10.23900 3.49980
v 0.47500 10.23900 4.19980
v 1.13000 9.68900 4.19980
v 0.47500 10.23900 3.49980
v -0.18000 9.68900 3.49980
v 0.47500 10.23900 4.19980
v -0.18000 9.68900 3.49980
v -0.18000 9.68900 4.19980
v 0.47500 10.23900 4.19980
vt -0.65500 1.00000
vt 0.00000 0.45000
vt 0.65500 1.00000
vt 0.65500 1.00000
vt 0.00000 0.45000
vt -0.65500 1.00000
vt -0.65500 0.00000
vt 0.65500 0.00000
vt -0.65500 0.70000
vt 0.65500 0.00000
vt 0.65500 0.70000
vt -0.65500 0.70000
vt 0.65500 0.00000
vt 0.00000 0.00000
vt 0.65500 0.70000
vt 0.00000 0.00000
vt 0.00000 0.70000
vt 0.65500 0.70000
vt 0.00000 0.00000
vt -0.65500 0.00000
vt 0.00000 0.70000
vt -0.65500 0.00000
vt -0.65500 0.70000
vt 0.00000 0.70000
f 8305/8289 8306/8290 8307/8291
f 8308/8292 8309/8293 8310/8294
f 8311/8295 8312/8296 8313/8297
f 8314/8298 8315/8299 8316/8300
f 8317/8301 8318/8302 8319/8303
f 8320/8304 8321/8305 8322/8306
f 8323/8307 8324/8308 8325/8309
f 8326/8310 8327/8311 8328/8312
v -5.30000 8.75000 3.91000
v -0.55000 8.75000 3.91000
v -0.55000 8.75000 5.91000
v -5.30000 8.75000 5.91000
v -3.91500 10.05000 4.76000
v -1.93500 10.05000 4.76000
v -1.93500 10.05000 5.06000
v -3.91500 10.05000 5.06000
f 8329 8330 8331
f 8329 8331 8332
f 8333 8335 8334
f 8333 8336 8335
f 8329 8333 8334
f 8329 8334 8330
f 8330 8334 8335
f 8330 8335 8331
f 8331 8335 8336
f 8331 8336 8332
f 8332 8336 8333
f 8332 8333 8329
v 4.27500 3.50000 -5.09000
v 12.87500 3.50000 -5.09000
v 12.87500 3.50000 2.11000
v 4.27500 3.50000 2.11000
v 7.17500 4.70000 -2.48000
v 9.97500 4.70000 -2.48000
v 9.97500 4.70000 -0.50000
v 7.17500 4.70000 -0.50000
f 8337 8338 8339
f 8337 8339 8340
f 8341 8343 8342
f 8341 8344 8343
f 8337 8341 8342
f 8337 8342 8338
f 8338 8342 8343
f 8338 8343 8339
f 8339 8343 8344
f 8339 8344 8340
f 8340 8344 8341
f 8340 8341 8337
usemtl slate_accent
v -10.53579 8.81000 -5.40601
v 4.68579 8.81000 -5.40601
v 4.68579 8.81000 3.82601
v -10.53579 8.81000 3.82601
v -9.82377 9.55800 -4.70281
v 3.97377 9.55800 -4.70281
v 3.97377 9.55800 3.12281
v -9.82377 9.55800 3.12281
f 8345 8346 8347
f 8345 8347 8348
f 8349 8351 8350
f 8349 8352 8351
f 8345 8349 8350
f 8345 8350 8346
f 8346 8350 8351
f 8346 8351 8347
f 8347 8351 8352
f 8347 8352 8348
f 8348 8352 8349
f 8348 8349 8345
usemtl brick_dark
v -4.97500 13.75000 -0.04000
v -4.97500 13.75000 -0.74000
v -4.97500 12.15000 -0.04000
v -4.97500 12.15000 -0.74000
v -5.67500 13.75000 -0.74000
v -5.67500 13.75000 -0.04000
v -5.67500 12.15000 -0.74000
v -5.67500 12.15000 -0.04000
v -5.67500 13.75000 -0.74000
v -4.97500 13.75000 -0.74000
v -5.67500 13.75000 -0.04000
v -4.97500 13.75000 -0.04000
v -5.67500 12.15000 -0.04000
v -4.97500 12.15000 -0.04000
v -5.67500 12.15000 -0.74000
v -4.97500 12.15000 -0.74000
v -5.67500 13.75000 -0.04000
v -4.97500 13.75000 -0.04000
v -5.67500 12.15000 -0.04000
v -4.97500 12.15000 -0.04000
v -4.97500 13.75000 -0.74000
v -5.67500 13.75000 -0.74000
v -4.97500 12.15000 -0.74000
v -5.67500 12.15000 -0.74000
vt 0.00000 0.00000
vt 1.00000 0.00000
vt 0.00000 1.00000
vt 1.00000 1.00000
vt 0.00000 0.00000
vt 1.00000 0.00000
vt 0.00000 1.00000
vt 1.00000 1.00000
vt 0.00000 0.00000
vt 1.00000 0.00000
vt 0.00000 1.00000
vt 1.00000 1.00000
vt 0.00000 0.00000
vt 1.00000 0.00000
vt 0.00000 1.00000
vt 1.00000 1.00000
vt 0.00000 0.00000
vt 1.00000 0.00000
vt 0.00000 1.00000
vt 1.00000 1.00000
vt 0.00000 0.00000
vt 1.00000 0.00000
vt 0.00000 1.00000
vt 1.00000 1.00000
f 8353/8313 8355/8315 8354/8314
f 8355/8315 8356/8316 8354/8314
f 8357/8317 8359/8319 8358/8318
f 8359/8319 8360/8320 8358/8318
f 8361/8321 8363/8323 8362/8322
f 8363/8323 8364/8324 8362/8322
f 8365/8325 8367/8327 8366/8326
f 8367/8327 8368/8328 8366/8326
f 8369/8329 8371/8331 8370/8330
f 8371/8331 8372/8332 8370/8330
f 8373/8333 8375/8335 8374/8334
f 8375/8335 8376/8336 8374/8334
v 1.02500 13.45000 -1.74000
v 1.02500 13.45000 -2.44000
v 1.02500 12.15000 -1.74000
v 1.02500 12.15000 -2.44000
v 0.32500 13.45000 -2.44000
v 0.32500 13.45000 -1.74000
v 0.32500 12.15000 -2.44000
v 0.32500 12.15000 -1.74000
v 0.32500 13.45000 -2.44000
v 1.02500 13.45000 -2.44000
v 0.32500 13.45000 -1.74000
v 1.02500 13.45000 -1.74000
v 0.32500 12.15000 -1.74000
v 1.02500 12.15000 -1.74000
v 0.32500 12.15000 -2.44000
v 1.02500 12.15000 -2.44000
v 0.32500 13.45000 -1.74000
v 1.02500 13.45000 -1.74000
v 0.32500 12.15000 -1.74000
v 1.02500 12.15000 -1.74000
v 1.02500 13.45000 -2.44000
v 0.32500 13.45000 -2.44000
v 1.02500 12.15000 -2.44000
v 0.32500 12.15000 -2.44000
vt 0.00000 0.00000
vt 1.00000 0.00000
vt 0.00000 1.00000
vt 1.00000 1.00000
vt 0.00000 0.00000
vt 1.00000 0.00000
vt 0.00000 1.00000
vt 1.00000 1.00000
vt 0.00000 0.00000
vt 1.00000 0.00000
vt 0.00000 1.00000
vt 1.00000 1.00000
vt 0.00000 0.00000
vt 1.00000 0.00000
vt 0.00000 1.00000
vt 1.00000 1.00000
vt 0.00000 0.00000
vt 1.00000 0.00000
vt 0.00000 1.00000
vt 1.00000 1.00000
vt 0.00000 0.00000
vt 1.00000 0.00000
vt 0.00000 1.00000
vt 1.00000 1.00000
f 8377/8337 8379/8339 8378/8338
f 8379/8339 8380/8340 8378/8338
f 8381/8341 8383/8343 8382/8342
f 8383/8343 8384/8344 8382/8342
f 8385/8345 8387/8347 8386/8346
f 8387/8347 8388/8348 8386/8346
f 8389/8349 8391/8351 8390/8350
f 8391/8351 8392/8352 8390/8350
f 8393/8353 8395/8355 8394/8354
f 8395/8355 8396/8356 8394/8354
f 8397/8357 8399/8359 8398/8358
f 8399/8359 8400/8360 8398/8358
usemtl metal_crest
v -2.92500 13.05000 -0.79000
v -2.92500 13.05000 -0.79000
v -2.92500 13.05000 -0.79000
v -2.92500 13.05000 -0.79000
v -2.92500 13.05000 -0.79000
v -2.92500 13.05000 -0.79000
v -2.92500 13.05000 -0.79000
v -2.92500 13.05000 -0.79000
v -2.92500 13.05000 -0.79000
v -2.92500 12.55000 -0.67000
v -2.84015 12.55000 -0.70515
v -2.80500 12.55000 -0.79000
v -2.84015 12.55000 -0.87485
v -2.92500 12.55000 -0.91000
v -3.00985 12.55000 -0.87485
v -3.04500 12.55000 -0.79000
v -3.00985 12.55000 -0.70515
v -2.92500 12.55000 -0.67000
v -2.92500 12.55000 -0.79000
v -2.92500 12.55000 -0.79000
v -2.92500 12.55000 -0.79000
v -2.92500 12.55000 -0.79000
v -2.92500 12.55000 -0.79000
v -2.92500 12.55000 -0.79000
v -2.92500 12.55000 -0.79000
v -2.92500 12.55000 -0.79000
v -2.92500 12.55000 -0.67000
v -2.84015 12.55000 -0.70515
v -2.80500 12.55000 -0.79000
v -2.84015 12.55000 -0.87485
v -2.92500 12.55000 -0.91000
v -3.00985 12.55000 -0.87485
v -3.04500 12.55000 -0.79000
v -3.00985 12.55000 -0.70515
v -2.92500 12.55000 -0.67000
vt 0.00000 0.00000
vt 0.12500 0.00000
vt 0.25000 0.00000
vt 0.37500 0.00000
vt 0.50000 0.00000
vt 0.62500 0.00000
vt 0.75000 0.00000
vt 0.87500 0.00000
vt 1.00000 0.00000
vt 0.00000 1.00000
vt 0.12500 1.00000
vt 0.25000 1.00000
vt 0.37500 1.00000
vt 0.50000 1.00000
vt 0.62500 1.00000
vt 0.75000 1.00000
vt 0.87500 1.00000
vt 1.00000 1.00000
vt 0.50000 0.50000
vt 0.50000 0.50000
vt 0.50000 0.50000
vt 0.50000 0.50000
vt 0.50000 0.50000
vt 0.50000 0.50000
vt 0.50000 0.50000
vt 0.50000 0.50000
vt 1.00000 0.50000
vt 0.85355 0.85355
vt 0.50000 1.00000
vt 0.14645 0.85355
vt 0.00000 0.50000
vt 0.14645 0.14645
vt 0.50000 0.00000
vt 0.85355 0.14645
vt 1.00000 0.50000
f 8410/8370 8411/8371 8402/8362
f 8411/8371 8412/8372 8403/8363
f 8412/8372 8413/8373 8404/8364
f 8413/8373 8414/8374 8405/8365
f 8414/8374 8415/8375 8406/8366
f 8415/8375 8416/8376 8407/8367
f 8416/8376 8417/8377 8408/8368
f 8417/8377 8418/8378 8409/8369
f 8428/8388 8427/8387 8419/8379
f 8429/8389 8428/8388 8420/8380
f 8430/8390 8429/8389 8421/8381
f 8431/8391 8430/8390 8422/8382
f 8432/8392 8431/8391 8423/8383
f 8433/8393 8432/8392 8424/8384
f 8434/8394 8433/8393 8425/8385
f 8435/8395 8434/8394 8426/8386
usemtl glass
v -6.11050 9.28650 4.21480
v -6.11050 9.28650 4.19480
v -6.11050 8.64150 4.21480
v -6.11050 8.64150 4.19480
v -6.53950 9.28650 4.19480
v -6.53950 9.28650 4.21480
v -6.53950 8.64150 4.19480
v -6.53950 8.64150 4.21480
v -6.53950 9.28650 4.19480
v -6.11050 9.28650 4.19480
v -6.53950 9.28650 4.21480
v -6.11050 9.28650 4.21480
v -6.53950 8.64150 4.21480
v -6.11050 8.64150 4.21480
v -6.53950 8.64150 4.19480
v -6.11050 8.64150 4.19480
v -6.53950 9.28650 4.21480
v -6.11050 9.28650 4.21480
v -6.53950 8.64150 4.21480
v -6.11050 8.64150 4.21480
v -6.11050 9.28650 4.19480
v -6.53950 9.28650 4.19480
v -6.11050 8.64150 4.19480
v -6.53950 8.64150 4.19480
vt 0.00000 0.00000
vt 1.00000 0.00000
vt 0.00000 1.00000
vt 1.00000 1.00000
vt 0.00000 0.00000
vt 1.00000 0.00000
vt 0.00000 1.00000
vt 1.00000 1.00000
vt 0.00000 0.00000
vt 1.00000 0.00000
vt 0.00000 1.00000
vt 1.00000 1.00000
vt 0.00000 0.00000
vt 1.00000 0.00000
vt 0.00000 1.00000
vt 1.00000 1.00000
vt 0.00000 0.00000
vt 1.00000 0.00000
vt 0.00000 1.00000
vt 1.00000 1.00000
vt 0.00000 0.00000
vt 1.00000 0.00000
vt 0.00000 1.00000
vt 1.00000 1.00000
f 8436/8396 8438/8398 8437/8397
f 8438/8398 8439/8399 8437/8397
f 8440/8400 8442/8402 8441/8401
f 8442/8402 8443/8403 8441/8401
f 8444/8404 8446/8406 8445/8405
f 8446/8406 8447/8407 8445/8405
f 8448/8408 8450/8410 8449/8409
f 8450/8410 8451/8411 8449/8409
f 8452/8412 8454/8414 8453/8413
f 8454/8414 8455/8415 8453/8413
f 8456/8416 8458/8418 8457/8417
f 8458/8418 8459/8419 8457/8417
v 0.68950 9.28650 4.21480
v 0.68950 9.28650 4.19480
v 0.68950 8.64150 4.21480
v 0.68950 8.64150 4.19480
v 0.26050 9.28650 4.19480
v 0.26050 9.28650 4.21480
v 0.26050 8.64150 4.19480
v 0.26050 8.64150 4.21480
v 0.26050 9.28650 4.19480
v 0.68950 9.28650 4.19480
v 0.26050 9.28650 4.21480
v 0.68950 9.28650 4.21480
v 0.26050 8.64150 4.21480
v 0.68950 8.64150 4.21480
v 0.26050 8.64150 4.19480
v 0.68950 8.64150 4.19480
v 0.26050 9.28650 4.21480
v 0.68950 9.28650 4.21480
v 0.26050 8.64150 4.21480
v 0.68950 8.64150 4.21480
v 0.68950 9.28650 4.19480
v 0.26050 9.28650 4.19480
v 0.68950 8.64150 4.19480
v 0.26050 8.64150 4.19480
vt 0.00000 0.00000
vt 1.00000 0.00000
vt 0.00000 1.00000
vt 1.00000 1.00000
vt 0.00000 0.00000
vt 1.00000 0.00000
vt 0.00000 1.00000
vt 1.00000 1.00000
vt 0.00000 0.00000
vt 1.00000 0.00000
vt 0.00000 1.00000
vt 1.00000 1.00000
vt 0.00000 0.00000
vt 1.00000 0.00000
vt 0.00000 1.00000
vt 1.00000 1.00000
vt 0.00000 0.00000
vt 1.00000 0.00000
vt 0.00000 1.00000
vt 1.00000 1.00000
vt 0.00000 0.00000
vt 1.00000 0.00000
vt 0.00000 1.00000
vt 1.00000 1.00000
f 8460/8420 8462/8422 8461/8421
f 8462/8422 8463/8423 8461/8421
f 8464/8424 8466/8426 8465/8425
f 8466/8426 8467/8427 8465/8425
f 8468/8428 8470/8430 8469/8429
f 8470/8430 8471/8431 8469/8429
f 8472/8432 8474/8434 8473/8433
f 8474/8434 8475/8435 8473/8433
f 8476/8436 8478/8438 8477/8437
f 8478/8438 8479/8439 8477/8437
f 8480/8440 8482/8442 8481/8441
f 8482/8442 8483/8443 8481/8441
v -8.99350 2.70950 4.30000
v -8.99350 2.70950 4.28000
v -8.99350 1.29050 4.30000
v -8.99350 1.29050 4.28000
v -9.65650 2.70950 4.28000
v -9.65650 2.70950 4.30000
v -9.65650 1.29050 4.28000
v -9.65650 1.29050 4.30000
v -9.65650 2.70950 4.28000
v -8.99350 2.70950 4.28000
v -9.65650 2.70950 4.30000
v -8.99350 2.70950 4.30000
v -9.65650 1.29050 4.30000
v -8.99350 1.29050 4.30000
v -9.65650 1.29050 4.28000
v -8.99350 1.29050 4.28000
v -9.65650 2.70950 4.30000
v -8.99350 2.70950 4.30000
v -9.65650 1.29050 4.30000
v -8.99350 1.29050 4.30000
v -8.99350 2.70950 4.28000
v -9.65650 2.70950 4.28000
v -8.99350 1.29050 4.28000
v -9.65650 1.29050 4.28000
vt 0.00000 0.00000
vt 1.00000 0.00000
vt 0.00000 1.00000
vt 1.00000 1.00000
vt 0.00000 0.00000
vt 1.00000 0.00000
vt 0.00000 1.00000
vt 1.00000 1.00000
vt 0.00000 0.00000
vt 1.00000 0.00000
vt 0.00000 1.00000
vt 1.00000 1.00000
vt 0.00000 0.00000
vt 1.00000 0.00000
vt 0.00000 1.00000
vt 1.00000 1.00000
vt 0.00000 0.00000
vt 1.00000 0.00000
vt 0.00000 1.00000
vt 1.00000 1.00000
vt 0.00000 0.00000
vt 1.00000 0.00000
vt 0.00000 1.00000
vt 1.00000 1.00000
f 8484/8444 8486/8446 8485/8445
f 8486/8446 8487/8447 8485/8445
f 8488/8448 8490/8450 8489/8449
f 8490/8450 8491/8451 8489/8449
f 8492/8452 8494/8454 8493/8453
f 8494/8454 8495/8455 8493/8453
f 8496/8456 8498/8458 8497/8457
f 8498/8458 8499/8459 8497/8457
f 8500/8460 8502/8462 8501/8461
f 8502/8462 8503/8463 8501/8461
f 8504/8464 8506/8466 8505/8465
f 8506/8466 8507/8467 8505/8465
v -5.99350 2.70950 4.30000
v -5.99350 2.70950 4.28000
v -5.99350 1.29050 4.30000
v -5.99350 1.29050 4.28000
v -6.65650 2.70950 4.28000
v -6.65650 2.70950 4.30000
v -6.65650 1.29050 4.28000
v -6.65650 1.29050 4.30000
v -6.65650 2.70950 4.28000
v -5.99350 2.70950 4.28000
v -6.65650 2.70950 4.30000
v -5.99350 2.70950 4.30000
v -6.65650 1.29050 4.30000
v -5.99350 1.29050 4.30000
v -6.65650 1.29050 4.28000
v -5.99350 1.29050 4.28000
v -6.65650 2.70950 4.30000
v -5.99350 2.70950 4.30000
v -6.65650 1.29050 4.30000
v -5.99350 1.29050 4.30000
v -5.99350 2.70950 4.28000
v -6.65650 2.70950 4.28000
v -5.99350 1.29050 4.28000
v -6.65650 1.29050 4.28000
vt 0.00000 0.00000
vt 1.00000 0.00000
vt 0.00000 1.00000
vt 1.00000 1.00000
vt 0.00000 0.00000
vt 1.00000 0.00000
vt 0.00000 1.00000
vt 1.00000 1.00000
vt 0.00000 0.00000
vt 1.00000 0.00000
vt 0.00000 1.00000
vt 1.00000 1.00000
vt 0.00000 0.00000
vt 1.00000 0.00000
vt 0.00000 1.00000
vt 1.00000 1.00000
vt 0.00000 0.00000
vt 1.00000 0.00000
vt 0.00000 1.00000
vt 1.00000 1.00000
vt 0.00000 0.00000
vt 1.00000 0.00000
vt 0.00000 1.00000
vt 1.00000 1.00000
f 8508/8468 8510/8470 8509/8469
f 8510/8470 8511/8471 8509/8469
f 8512/8472 8514/8474 8513/8473
f 8514/8474 8515/8475 8513/8473
f 8516/8476 8518/8478 8517/8477
f 8518/8478 8519/8479 8517/8477
f 8520/8480 8522/8482 8521/8481
f 8522/8482 8523/8483 8521/8481
f 8524/8484 8526/8486 8525/8485
f 8526/8486 8527/8487 8525/8485
f 8528/8488 8530/8490 8529/8489
f 8530/8490 8531/8491 8529/8489
v 0.80650 2.70950 4.30000
v 0.80650 2.70950 4.28000
v 0.80650 1.29050 4.30000
v 0.80650 1.29050 4.28000
v 0.14350 2.70950 4.28000
v 0.14350 2.70950 4.30000
v 0.14350 1.29050 4.28000
v 0.14350 1.29050 4.30000
v 0.14350 2.70950 4.28000
v 0.80650 2.70950 4.28000
v 0.14350 2.70950 4.30000
v 0.80650 2.70950 4.30000
v 0.14350 1.29050 4.30000
v 0.80650 1.29050 4.30000
v 0.14350 1.29050 4.28000
v 0.80650 1.29050 4.28000
v 0.14350 2.70950 4.30000
v 0.80650 2.70950 4.30000
v 0.14350 1.29050 4.30000
v 0.80650 1.29050 4.30000
v 0.80650 2.70950 4.28000
v 0.14350 2.70950 4.28000
v 0.80650 1.29050 4.28000
v 0.14350 1.29050 4.28000
vt 0.00000 0.00000
vt 1.00000 0.00000
vt 0.00000 1.00000
vt 1.00000 1.00000
vt 0.00000 0.00000
vt 1.00000 0.00000
vt 0.00000 1.00000
vt 1.00000 1.00000
vt 0.00000 0.00000
vt 1.00000 0.00000
vt 0.00000 1.00000
vt 1.00000 1.00000
vt 0.00000 0.00000
vt 1.00000 0.00000
vt 0.00000 1.00000
vt 1.00000 1.00000
vt 0.00000 0.00000
vt 1.00000 0.00000
vt 0.00000 1.00000
vt 1.00000 1.00000
vt 0.00000 0.00000
vt 1.00000 0.00000
vt 0.00000 1.00000
vt 1.00000 1.00000
f 8532/8492 8534/8494 8533/8493
f 8534/8494 8535/8495 8533/8493
f 8536/8496 8538/8498 8537/8497
f 8538/8498 8539/8499 8537/8497
f 8540/8500 8542/8502 8541/8501
f 8542/8502 8543/8503 8541/8501
f 8544/8504 8546/8506 8545/8505
f 8546/8506 8547/8507 8545/8505
f 8548/8508 8550/8510 8549/8509
f 8550/8510 8551/8511 8549/8509
f 8552/8512 8554/8514 8553/8513
f 8554/8514 8555/8515 8553/8513
v 3.80650 2.70950 4.30000
v 3.80650 2.70950 4.28000
v 3.80650 1.29050 4.30000
v 3.80650 1.29050 4.28000
v 3.14350 2.70950 4.28000
v 3.14350 2.70950 4.30000
v 3.14350 1.29050 4.28000
v 3.14350 1.29050 4.30000
v 3.14350 2.70950 4.28000
v 3.80650 2.70950 4.28000
v 3.14350 2.70950 4.30000
v 3.80650 2.70950 4.30000
v 3.14350 1.29050 4.30000
v 3.80650 1.29050 4.30000
v 3.14350 1.29050 4.28000
v 3.80650 1.29050 4.28000
v 3.14350 2.70950 4.30000
v 3.80650 2.70950 4.30000
v 3.14350 1.29050 4.30000
v 3.80650 1.29050 4.30000
v 3.80650 2.70950 4.28000
v 3.14350 2.70950 4.28000
v 3.80650 1.29050 4.28000
v 3.14350 1.29050 4.28000
vt 0.00000 0.00000
vt 1.00000 0.00000
vt 0.00000 1.00000
vt 1.00000 1.00000
vt 0.00000 0.00000
vt 1.00000 0.00000
vt 0.00000 1.00000
vt 1.00000 1.00000
vt 0.00000 0.00000
vt 1.00000 0.00000
vt 0.00000 1.00000
vt 1.00000 1.00000
vt 0.00000 0.00000
vt 1.00000 0.00000
vt 0.00000 1.00000
vt 1.00000 1.00000
vt 0.00000 0.00000
vt 1.00000 0.00000
vt 0.00000 1.00000
vt 1.00000 1.00000
vt 0.00000 0.00000
vt 1.00000 0.00000
vt 0.00000 1.00000
vt 1.00000 1.00000
f 8556/8516 8558/8518 8557/8517
f 8558/8518 8559/8519 8557/8517
f 8560/8520 8562/8522 8561/8521
f 8562/8522 8563/8523 8561/8521
f 8564/8524 8566/8526 8565/8525
f 8566/8526 8567/8527 8565/8525
f 8568/8528 8570/8530 8569/8529
f 8570/8530 8571/8531 8569/8529
f 8572/8532 8574/8534 8573/8533
f 8574/8534 8575/8535 8573/8533
f 8576/8536 8578/8538 8577/8537
f 8578/8538 8579/8539 8577/8537
v -8.99350 5.01650 4.30000
v -8.99350 5.01650 4.28000
v -8.99350 3.68350 4.30000
v -8.99350 3.68350 4.28000
v -9.65650 5.01650 4.28000
v -9.65650 5.01650 4.30000
v -9.65650 3.68350 4.28000
v -9.65650 3.68350 4.30000
v -9.65650 5.01650 4.28000
v -8.99350 5.01650 4.28000
v -9.65650 5.01650 4.30000
v -8.99350 5.01650 4.30000
v -9.65650 3.68350 4.30000
v -8.99350 3.68350 4.30000
v -9.65650 3.68350 4.28000
v -8.99350 3.68350 4.28000
v -9.65650 5.01650 4.30000
v -8.99350 5.01650 4.30000
v -9.65650 3.68350 4.30000
v -8.99350 3.68350 4.30000
v -8.99350 5.01650 4.28000
v -9.65650 5.01650 4.28000
v -8.99350 3.68350 4.28000
v -9.65650 3.68350 4.28000
vt 0.00000 0.00000
vt 1.00000 0.00000
vt 0.00000 1.00000
vt 1.00000 1.00000
vt 0.00000 0.00000
vt 1.00000 0.00000
vt 0.00000 1.00000
vt 1.00000 1.00000
vt 0.00000 0.00000
vt 1.00000 0.00000
vt 0.00000 1.00000
vt 1.00000 1.00000
vt 0.00000 0.00000
vt 1.00000 0.00000
vt 0.00000 1.00000
vt 1.00000 1.00000
vt 0.00000 0.00000
vt 1.00000 0.00000
vt 0.00000 1.00000
vt 1.00000 1.00000
vt 0.00000 0.00000
vt 1.00000 0.00000
vt 0.00000 1.00000
vt 1.00000 1.00000
f 8580/8540 8582/8542 8581/8541
f 8582/8542 8583/8543 8581/8541
f 8584/8544 8586/8546 8585/8545
f 8586/8546 8587/8547 8585/8545
f 8588/8548 8590/8550 8589/8549
f 8590/8550 8591/8551 8589/8549
f 8592/8552 8594/8554 8593/8553
f 8594/8554 8595/8555 8593/8553
f 8596/8556 8598/8558 8597/8557
f 8598/8558 8599/8559 8597/8557
f 8600/8560 8602/8562 8601/8561
f 8602/8562 8603/8563 8601/8561
v -5.99350 5.01650 4.30000
v -5.99350 5.01650 4.28000
v -5.99350 3.68350 4.30000
v -5.99350 3.68350 4.28000
v -6.65650 5.01650 4.28000
v -6.65650 5.01650 4.30000
v -6.65650 3.68350 4.28000
v -6.65650 3.68350 4.30000
v -6.65650 5.01650 4.28000
v -5.99350 5.01650 4.28000
v -6.65650 5.01650 4.30000
v -5.99350 5.01650 4.30000
v -6.65650 3.68350 4.30000
v -5.99350 3.68350 4.30000
v -6.65650 3.68350 4.28000
v -5.99350 3.68350 4.28000
v -6.65650 5.01650 4.30000
v -5.99350 5.01650 4.30000
v -6.65650 3.68350 4.30000
v -5.99350 3.68350 4.30000
v -5.99350 5.01650 4.28000
v -6.65650 5.01650 4.28000
v -5.99350 3.68350 4.28000
v -6.65650 3.68350 4.28000
vt 0.00000 0.00000
vt 1.00000 0.00000
vt 0.00000 1.00000
vt 1.00000 1.00000
vt 0.00000 0.00000
vt 1.00000 0.00000
vt 0.00000 1.00000
vt 1.00000 1.00000
vt 0.00000 0.00000
vt 1.00000 0.00000
vt 0.00000 1.00000
vt 1.00000 1.00000
vt 0.00000 0.00000
vt 1.00000 0.00000
vt 0.00000 1.00000
vt 1.00000 1.00000
vt 0.00000 0.00000
vt 1.00000 0.00000
vt 0.00000 1.00000
vt 1.00000 1.00000
vt 0.00000 0.00000
vt 1.00000 0.00000
vt 0.00000 1.00000
vt 1.00000 1.00000
f 8604/8564 8606/8566 8605/8565
f 8606/8566 8607/8567 8605/8565
f 8608/8568 8610/8570 8609/8569
f 8610/8570 8611/8571 8609/8569
f 8612/8572 8614/8574 8613/8573
f 8614/8574 8615/8575 8613/8573
f 8616/8576 8618/8578 8617/8577
f 8618/8578 8619/8579 8617/8577
f 8620/8580 8622/8582 8621/8581
f 8622/8582 8623/8583 8621/8581
f 8624/8584 8626/8586 8625/8585
f 8626/8586 8627/8587 8625/8585
v 0.80650 5.01650 4.30000
v 0.80650 5.01650 4.28000
v 0.80650 3.68350 4.30000
v 0.80650 3.68350 4.28000
v 0.14350 5.01650 4.28000
v 0.14350 5.01650 4.30000
v 0.14350 3.68350 4.28000
v 0.14350 3.68350 4.30000
v 0.14350 5.01650 4.28000
v 0.80650 5.01650 4.28000
v 0.14350 5.01650 4.30000
v 0.80650 5.01650 4.30000
v 0.14350 3.68350 4.30000
v 0.80650 3.68350 4.30000
v 0.14350 3.68350 4.28000
v 0.80650 3.68350 4.28000
v 0.14350 5.01650 4.30000
v 0.80650 5.01650 4.30000
v 0.14350 3.68350 4.30000
v 0.80650 3.68350 4.30000
v 0.80650 5.01650 4.28000
v 0.14350 5.01650 4.28000
v 0.80650 3.68350 4.28000
v 0.14350 3.68350 4.28000
vt 0.00000 0.00000
vt 1.00000 0.00000
vt 0.00000 1.00000
vt 1.00000 1.00000
vt 0.00000 0.00000
vt 1.00000 0.00000
vt 0.00000 1.00000
vt 1.00000 1.00000
vt 0.00000 0.00000
vt 1.00000 0.00000
vt 0.00000 1.00000
vt 1.00000 1.00000
vt 0.00000 0.00000
vt 1.00000 0.00000
vt 0.00000 1.00000
vt 1.00000 1.00000
vt 0.00000 0.00000
vt 1.00000 0.00000
vt 0.00000 1.00000
vt 1.00000 1.00000
vt 0.00000 0.00000
vt 1.00000 0.00000
vt 0.00000 1.00000
vt 1.00000 1.00000
f 8628/8588 8630/8590 8629/8589
f 8630/8590 8631/8591 8629/8589
f 8632/8592 8634/8594 8633/8593
f 8634/8594 8635/8595 8633/8593
f 8636/8596 8638/8598 8637/8597
f 8638/8598 8639/8599 8637/8597
f 8640/8600 8642/8602 8641/8601
f 8642/8602 8643/8603 8641/8601
f 8644/8604 8646/8606 8645/8605
f 8646/8606 8647/8607 8645/8605
f 8648/8608 8650/8610 8649/8609
f 8650/8610 8651/8611 8649/8609
v 3.80650 5.01650 4.30000
v 3.80650 5.01650 4.28000
v 3.80650 3.68350 4.30000
v 3.80650 3.68350 4.28000
v 3.14350 5.01650 4.28000
v 3.14350 5.01650 4.30000
v 3.14350 3.68350 4.28000
v 3.14350 3.68350 4.30000
v 3.14350 5.01650 4.28000
v 3.80650 5.01650 4.28000
v 3.14350 5.01650 4.30000
v 3.80650 5.01650 4.30000
v 3.14350 3.68350 4.30000
v 3.80650 3.68350 4.30000
v 3.14350 3.68350 4.28000
v 3.80650 3.68350 4.28000
v 3.14350 5.01650 4.30000
v 3.80650 5.01650 4.30000
v 3.14350 3.68350 4.30000
v 3.80650 3.68350 4.30000
v 3.80650 5.01650 4.28000
v 3.14350 5.01650 4.28000
v 3.80650 3.68350 4.28000
v 3.14350 3.68350 4.28000
vt 0.00000 0.00000
vt 1.00000 0.00000
vt 0.00000 1.00000
vt 1.00000 1.00000
vt 0.00000 0.00000
vt 1.00000 0.00000
vt 0.00000 1.00000
vt 1.00000 1.00000
vt 0.00000 0.00000
vt 1.00000 0.00000
vt 0.00000 1.00000
vt 1.00000 1.00000
vt 0.00000 0.00000
vt 1.00000 0.00000
vt 0.00000 1.00000
vt 1.00000 1.00000
vt 0.00000 0.00000
vt 1.00000 0.00000
vt 0.00000 1.00000
vt 1.00000 1.00000
vt 0.00000 0.00000
vt 1.00000 0.00000
vt 0.00000 1.00000
vt 1.00000 1.00000
f 8652/8612 8654/8614 8653/8613
f 8654/8614 8655/8615 8653/8613
f 8656/8616 8658/8618 8657/8617
f 8658/8618 8659/8619 8657/8617
f 8660/8620 8662/8622 8661/8621
f 8662/8622 8663/8623 8661/8621
f 8664/8624 8666/8626 8665/8625
f 8666/8626 8667/8627 8665/8625
f 8668/8628 8670/8630 8669/8629
f 8670/8630 8671/8631 8669/8629
f 8672/8632 8674/8634 8673/8633
f 8674/8634 8675/8635 8673/8633
v -4.01300 5.06650 5.70000
v -4.01300 5.06650 5.68000
v -4.01300 3.73350 5.70000
v -4.01300 3.73350 5.68000
v -4.63700 5.06650 5.68000
v -4.63700 5.06650 5.70000
v -4.63700 3.73350 5.68000
v -4.63700 3.73350 5.70000
v -4.63700 5.06650 5.68000
v -4.01300 5.06650 5.68000
v -4.63700 5.06650 5.70000
v -4.01300 5.06650 5.70000
v -4.63700 3.73350 5.70000
v -4.01300 3.73350 5.70000
v -4.63700 3.73350 5.68000
v -4.01300 3.73350 5.68000
v -4.63700 5.06650 5.70000
v -4.01300 5.06650 5.70000
v -4.63700 3.73350 5.70000
v -4.01300 3.73350 5.70000
v -4.01300 5.06650 5.68000
v -4.63700 5.06650 5.68000
v -4.01300 3.73350 5.68000
v -4.63700 3.73350 5.68000
vt 0.00000 0.00000
vt 1.00000 0.00000
vt 0.00000 1.00000
vt 1.00000 1.00000
vt 0.00000 0.00000
vt 1.00000 0.00000
vt 0.00000 1.00000
vt 1.00000 1.00000
vt 0.00000 0.00000
vt 1.00000 0.00000
vt 0.00000 1.00000
vt 1.00000 1.00000
vt 0.00000 0.00000
vt 1.00000 0.00000
vt 0.00000 1.00000
vt 1.00000 1.00000
vt 0.00000 0.00000
vt 1.00000 0.00000
vt 0.00000 1.00000
vt 1.00000 1.00000
vt 0.00000 0.00000
vt 1.00000 0.00000
vt 0.00000 1.00000
vt 1.00000 1.00000
f 8676/8636 8678/8638 8677/8637
f 8678/8638 8679/8639 8677/8637
f 8680/8640 8682/8642 8681/8641
f 8682/8642 8683/8643 8681/8641
f 8684/8644 8686/8646 8685/8645
f 8686/8646 8687/8647 8685/8645
f 8688/8648 8690/8650 8689/8649
f 8690/8650 8691/8651 8689/8649
f 8692/8652 8694/8654 8693/8653
f 8694/8654 8695/8655 8693/8653
f 8696/8656 8698/8658 8697/8657
f 8698/8658 8699/8659 8697/8657
v -4.01300 2.71650 5.70000
v -4.01300 2.71650 5.68000
v -4.01300 1.38350 5.70000
v -4.01300 1.38350 5.68000
v -4.63700 2.71650 5.68000
v -4.63700 2.71650 5.70000
v -4.63700 1.38350 5.68000
v -4.63700 1.38350 5.70000
v -4.63700 2.71650 5.68000
v -4.01300 2.71650 5.68000
v -4.63700 2.71650 5.70000
v -4.01300 2.71650 5.70000
v -4.63700 1.38350 5.70000
v -4.01300 1.38350 5.70000
v -4.63700 1.38350 5.68000
v -4.01300 1.38350 5.68000
v -4.63700 2.71650 5.70000
v -4.01300 2.71650 5.70000
v -4.63700 1.38350 5.70000
v -4.01300 1.38350 5.70000
v -4.01300 2.71650 5.68000
v -4.63700 2.71650 5.68000
v -4.01300 1.38350 5.68000
v -4.63700 1.38350 5.68000
vt 0.00000 0.00000
vt 1.00000 0.00000
vt 0.00000 1.00000
vt 1.00000 1.00000
vt 0.00000 0.00000
vt 1.00000 0.00000
vt 0.00000 1.00000
vt 1.00000 1.00000
vt 0.00000 0.00000
vt 1.00000 0.00000
vt 0.00000 1.00000
vt 1.00000 1.00000
vt 0.00000 0.00000
vt 1.00000 0.00000
vt 0.00000 1.00000
vt 1.00000 1.00000
vt 0.00000 0.00000
vt 1.00000 0.00000
vt 0.00000 1.00000
vt 1.00000 1.00000
vt 0.00000 0.00000
vt 1.00000 0.00000
vt 0.00000 1.00000
vt 1.00000 1.00000
f 8700/8660 8702/8662 8701/8661
f 8702/8662 8703/8663 8701/8661
f 8704/8664 8706/8666 8705/8665
f 8706/8666 8707/8667 8705/8665
f 8708/8668 8710/8670 8709/8669
f 8710/8670 8711/8671 8709/8669
f 8712/8672 8714/8674 8713/8673
f 8714/8674 8715/8675 8713/8673
f 8716/8676 8718/8678 8717/8677
f 8718/8678 8719/8679 8717/8677
f 8720/8680 8722/8682 8721/8681
f 8722/8682 8723/8683 8721/8681
v -2.61300 5.06650 5.70000
v -2.61300 5.06650 5.68000
v -2.61300 3.73350 5.70000
v -2.61300 3.73350 5.68000
v -3.23700 5.06650 5.68000
v -3.23700 5.06650 5.70000
v -3.23700 3.73350 5.68000
v -3.23700 3.73350 5.70000
v -3.23700 5.06650 5.68000
v -2.61300 5.06650 5.68000
v -3.23700 5.06650 5.70000
v -2.61300 5.06650 5.70000
v -3.23700 3.73350 5.70000
v -2.61300 3.73350 5.70000
v -3.23700 3.73350 5.68000
v -2.61300 3.73350 5.68000
v -3.23700 5.06650 5.70000
v -2.61300 5.06650 5.70000
v -3.23700 3.73350 5.70000
v -2.61300 3.73350 5.70000
v -2.61300 5.06650 5.68000
v -3.23700 5.06650 5.68000
v -2.61300 3.73350 5.68000
v -3.23700 3.73350 5.68000
vt 0.00000 0.00000
vt 1.00000 0.00000
vt 0.00000 1.00000
vt 1.00000 1.00000
vt 0.00000 0.00000
vt 1.00000 0.00000
vt 0.00000 1.00000
vt 1.00000 1.00000
vt 0.00000 0.00000
vt 1.00000 0.00000
vt 0.00000 1.00000
vt 1.00000 1.00000
vt 0.00000 0.00000
vt 1.00000 0.00000
vt 0.00000 1.00000
vt 1.00000 1.00000
vt 0.00000 0.00000
vt 1.00000 0.00000
vt 0.00000 1.00000
vt 1.00000 1.00000
vt 0.00000 0.00000
vt 1.00000 0.00000
vt 0.00000 1.00000
vt 1.00000 1.00000
f 8724/8684 8726/8686 8725/8685
f 8726/8686 8727/8687 8725/8685
f 8728/8688 8730/8690 8729/8689
f 8730/8690 8731/8691 8729/8689
f 8732/8692 8734/8694 8733/8693
f 8734/8694 8735/8695 8733/8693
f 8736/8696 8738/8698 8737/8697
f 8738/8698 8739/8699 8737/8697
f 8740/8700 8742/8702 8741/8701
f 8742/8702 8743/8703 8741/8701
f 8744/8704 8746/8706 8745/8705
f 8746/8706 8747/8707 8745/8705
v -2.61300 2.71650 5.70000
v -2.61300 2.71650 5.68000
v -2.61300 1.38350 5.70000
v -2.61300 1.38350 5.68000
v -3.23700 2.71650 5.68000
v -3.23700 2.71650 5.70000
v -3.23700 1.38350 5.68000
v -3.23700 1.38350 5.70000
v -3.23700 2.71650 5.68000
v -2.61300 2.71650 5.68000
v -3.23700 2.71650 5.70000
v -2.61300 2.71650 5.70000
v -3.23700 1.38350 5.70000
v -2.61300 1.38350 5.70000
v -3.23700 1.38350 5.68000
v -2.61300 1.38350 5.68000
v -3.23700 2.71650 5.70000
v -2.61300 2.71650 5.70000
v -3.23700 1.38350 5.70000
v -2.61300 1.38350 5.70000
v -2.61300 2.71650 5.68000
v -3.23700 2.71650 5.68000
v -2.61300 1.38350 5.68000
v -3.23700 1.38350 5.68000
vt 0.00000 0.00000
vt 1.00000 0.00000
vt 0.00000 1.00000
vt 1.00000 1.00000
vt 0.00000 0.00000
vt 1.00000 0.00000
vt 0.00000 1.00000
vt 1.00000 1.00000
vt 0.00000 0.00000
vt 1.00000 0.00000
vt 0.00000 1.00000
vt 1.00000 1.00000
vt 0.00000 0.00000
vt 1.00000 0.00000
vt 0.00000 1.00000
vt 1.00000 1.00000
vt 0.00000 0.00000
vt 1.00000 0.00000
vt 0.00000 1.00000
vt 1.00000 1.00000
vt 0.00000 0.00000
vt 1.00000 0.00000
vt 0.00000 1.00000
vt 1.00000 1.00000
f 8748/8708 8750/8710 8749/8709
f 8750/8710 8751/8711 8749/8709
f 8752/8712 8754/8714 8753/8713
f 8754/8714 8755/8715 8753/8713
f 8756/8716 8758/8718 8757/8717
f 8758/8718 8759/8719 8757/8717
f 8760/8720 8762/8722 8761/8721
f 8762/8722 8763/8723 8761/8721
f 8764/8724 8766/8726 8765/8725
f 8766/8726 8767/8727 8765/8725
f 8768/8728 8770/8730 8769/8729
f 8770/8730 8771/8731 8769/8729
v -1.21300 5.06650 5.70000
v -1.21300 5.06650 5.68000
v -1.21300 3.73350 5.70000
v -1.21300 3.73350 5.68000
v -1.83700 5.06650 5.68000
v -1.83700 5.06650 5.70000
v -1.83700 3.73350 5.68000
v -1.83700 3.73350 5.70000
v -1.83700 5.06650 5.68000
v -1.21300 5.06650 5.68000
v -1.83700 5.06650 5.70000
v -1.21300 5.06650 5.70000
v -1.83700 3.73350 5.70000
v -1.21300 3.73350 5.70000
v -1.83700 3.73350 5.68000
v -1.21300 3.73350 5.68000
v -1.83700 5.06650 5.70000
v -1.21300 5.06650 5.70000
v -1.83700 3.73350 5.70000
v -1.21300 3.73350 5.70000
v -1.21300 5.06650 5.68000
v -1.83700 5.06650 5.68000
v -1.21300 3.73350 5.68000
v -1.83700 3.73350 5.68000
vt 0.00000 0.00000
vt 1.00000 0.00000
vt 0.00000 1.00000
vt 1.00000 1.00000
vt 0.00000 0.00000
vt 1.00000 0.00000
vt 0.00000 1.00000
vt 1.00000 1.00000
vt 0.00000 0.00000
vt 1.00000 0.00000
vt 0.00000 1.00000
vt 1.00000 1.00000
vt 0.00000 0.00000
vt 1.00000 0.00000
vt 0.00000 1.00000
vt 1.00000 1.00000
vt 0.00000 0.00000
vt 1.00000 0.00000
vt 0.00000 1.00000
vt 1.00000 1.00000
vt 0.00000 0.00000
vt 1.00000 0.00000
vt 0.00000 1.00000
vt 1.00000 1.00000
f 8772/8732 8774/8734 8773/8733
f 8774/8734 8775/8735 8773/8733
f 8776/8736 8778/8738 8777/8737
f 8778/8738 8779/8739 8777/8737
f 8780/8740 8782/8742 8781/8741
f 8782/8742 8783/8743 8781/8741
f 8784/8744 8786/8746 8785/8745
f 8786/8746 8787/8747 8785/8745
f 8788/8748 8790/8750 8789/8749
f 8790/8750 8791/8751 8789/8749
f 8792/8752 8794/8754 8793/8753
f 8794/8754 8795/8755 8793/8753
v -1.21300 2.71650 5.70000
v -1.21300 2.71650 5.68000
v -1.21300 1.38350 5.70000
v -1.21300 1.38350 5.68000
v -1.83700 2.71650 5.68000
v -1.83700 2.71650 5.70000
v -1.83700 1.38350 5.68000
v -1.83700 1.38350 5.70000
v -1.83700 2.71650 5.68000
v -1.21300 2.71650 5.68000
v -1.83700 2.71650 5.70000
v -1.21300 2.71650 5.70000
v -1.83700 1.38350 5.70000
v -1.21300 1.38350 5.70000
v -1.83700 1.38350 5.68000
v -1.21300 1.38350 5.68000
v -1.83700 2.71650 5.70000
v -1.21300 2.71650 5.70000
v -1.83700 1.38350 5.70000
v -1.21300 1.38350 5.70000
v -1.21300 2.71650 5.68000
v -1.83700 2.71650 5.68000
v -1.21300 1.38350 5.68000
v -1.83700 1.38350 5.68000
vt 0.00000 0.00000
vt 1.00000 0.00000
vt 0.00000 1.00000
vt 1.00000 1.00000
vt 0.00000 0.00000
vt 1.00000 0.00000
vt 0.00000 1.00000
vt 1.00000 1.00000
vt 0.00000 0.00000
vt 1.00000 0.00000
vt 0.00000 1.00000
vt 1.00000 1.00000
vt 0.00000 0.00000
vt 1.00000 0.00000
vt 0.00000 1.00000
vt 1.00000 1.00000
vt 0.00000 0.00000
vt 1.00000 0.00000
vt 0.00000 1.00000
vt 1.00000 1.00000
vt 0.00000 0.00000
vt 1.00000 0.00000
vt 0.00000 1.00000
vt 1.00000 1.00000
f 8796/8756 8798/8758 8797/8757
f 8798/8758 8799/8759 8797/8757
f 8800/8760 8802/8762 8801/8761
f 8802/8762 8803/8763 8801/8761
f 8804/8764 8806/8766 8805/8765
f 8806/8766 8807/8767 8805/8765
f 8808/8768 8810/8770 8809/8769
f 8810/8770 8811/8771 8809/8769
f 8812/8772 8814/8774 8813/8773
f 8814/8774 8815/8775 8813/8773
f 8816/8776 8818/8778 8817/8777
f 8818/8778 8819/8779 8817/8777
v -2.59350 8.46600 5.56000
v -2.59350 8.46600 5.54000
v -2.59350 7.43400 5.56000
v -2.59350 7.43400 5.54000
v -3.25650 8.46600 5.54000
v -3.25650 8.46600 5.56000
v -3.25650 7.43400 5.54000
v -3.25650 7.43400 5.56000
v -3.25650 8.46600 5.54000
v -2.59350 8.46600 5.54000
v -3.25650 8.46600 5.56000
v -2.59350 8.46600 5.56000
v -3.25650 7.43400 5.56000
v -2.59350 7.43400 5.56000
v -3.25650 7.43400 5.54000
v -2.59350 7.43400 5.54000
v -3.25650 8.46600 5.56000
v -2.59350 8.46600 5.56000
v -3.25650 7.43400 5.56000
v -2.59350 7.43400 5.56000
v -2.59350 8.46600 5.54000
v -3.25650 8.46600 5.54000
v -2.59350 7.43400 5.54000
v -3.25650 7.43400 5.54000
vt 0.00000 0.00000
vt 1.00000 0.00000
vt 0.00000 1.00000
vt 1.00000 1.00000
vt 0.00000 0.00000
vt 1.00000 0.00000
vt 0.00000 1.00000
vt 1.00000 1.00000
vt 0.00000 0.00000
vt 1.00000 0.00000
vt 0.00000 1.00000
vt 1.00000 1.00000
vt 0.00000 0.00000
vt 1.00000 0.00000
vt 0.00000 1.00000
vt 1.00000 1.00000
vt 0.00000 0.00000
vt 1.00000 0.00000
vt 0.00000 1.00000
vt 1.00000 1.00000
vt 0.00000 0.00000
vt 1.00000 0.00000
vt 0.00000 1.00000
vt 1.00000 1.00000
f 8820/8780 8822/8782 8821/8781
f 8822/8782 8823/8783 8821/8781
f 8824/8784 8826/8786 8825/8785
f 8826/8786 8827/8787 8825/8785
f 8828/8788 8830/8790 8829/8789
f 8830/8790 8831/8791 8829/8789
f 8832/8792 8834/8794 8833/8793
f 8834/8794 8835/8795 8833/8793
f 8836/8796 8838/8798 8837/8797
f 8838/8798 8839/8799 8837/8797
f 8840/8800 8842/8802 8841/8801
f 8842/8802 8843/8803 8841/8801
v -10.87500 2.64500 -4.70200
v -10.89500 2.64500 -4.70200
v -10.87500 1.35500 -4.70200
v -10.89500 1.35500 -4.70200
v -10.89500 2.64500 -4.07800
v -10.87500 2.64500 -4.07800
v -10.89500 1.35500 -4.07800
v -10.87500 1.35500 -4.07800
v -10.89500 2.64500 -4.07800
v -10.89500 2.64500 -4.70200
v -10.87500 2.64500 -4.07800
v -10.87500 2.64500 -4.70200
v -10.87500 1.35500 -4.07800
v -10.87500 1.35500 -4.70200
v -10.89500 1.35500 -4.07800
v -10.89500 1.35500 -4.70200
v -10.87500 2.64500 -4.07800
v -10.87500 2.64500 -4.70200
v -10.87500 1.35500 -4.07800
v -10.87500 1.35500 -4.70200
v -10.89500 2.64500 -4.70200
v -10.89500 2.64500 -4.07800
v -10.89500 1.35500 -4.70200
v -10.89500 1.35500 -4.07800
vt 0.00000 0.00000
vt 1.00000 0.00000
vt 0.00000 1.00000
vt 1.00000 1.00000
vt 0.00000 0.00000
vt 1.00000 0.00000
vt 0.00000 1.00000
vt 1.00000 1.00000
vt 0.00000 0.00000
vt 1.00000 0.00000
vt 0.00000 1.00000
vt 1.00000 1.00000
vt 0.00000 0.00000
vt 1.00000 0.00000
vt 0.00000 1.00000
vt 1.00000 1.00000
vt 0.00000 0.00000
vt 1.00000 0.00000
vt 0.00000 1.00000
vt 1.00000 1.00000
vt 0.00000 0.00000
vt 1.00000 0.00000
vt 0.00000 1.00000
vt 1.00000 1.00000
f 8844/8804 8846/8806 8845/8805
f 8846/8806 8847/8807 8845/8805
f 8848/8808 8850/8810 8849/8809
f 8850/8810 8851/8811 8849/8809
f 8852/8812 8854/8814 8853/8813
f 8854/8814 8855/8815 8853/8813
f 8856/8816 8858/8818 8857/8817
f 8858/8818 8859/8819 8857/8817
f 8860/8820 8862/8822 8861/8821
f 8862/8822 8863/8823 8861/8821
f 8864/8824 8866/8826 8865/8825
f 8866/8826 8867/8827 8865/8825
v 5.02500 2.64500 -4.07800
v 5.04500 2.64500 -4.07800
v 5.02500 1.35500 -4.07800
v 5.04500 1.35500 -4.07800
v 5.04500 2.64500 -4.70200
v 5.02500 2.64500 -4.70200
v 5.04500 1.35500 -4.70200
v 5.02500 1.35500 -4.70200
v 5.04500 2.64500 -4.70200
v 5.04500 2.64500 -4.07800
v 5.02500 2.64500 -4.70200
v 5.02500 2.64500 -4.07800
v 5.02500 1.35500 -4.70200
v 5.02500 1.35500 -4.07800
v 5.04500 1.35500 -4.70200
v 5.04500 1.35500 -4.07800
v 5.02500 2.64500 -4.70200
v 5.02500 2.64500 -4.07800
v 5.02500 1.35500 -4.70200
v 5.02500 1.35500 -4.07800
v 5.04500 2.64500 -4.07800
v 5.04500 2.64500 -4.70200
v 5.04500 1.35500 -4.07800
v 5.04500 1.35500 -4.70200
vt 0.00000 0.00000
vt 1.00000 0.00000
vt 0.00000 1.00000
vt 1.00000 1.00000
vt 0.00000 0.00000
vt 1.00000 0.00000
vt 0.00000 1.00000
vt 1.00000 1.00000
vt 0.00000 0.00000
vt 1.00000 0.00000
vt 0.00000 1.00000
vt 1.00000 1.00000
vt 0.00000 0.00000
vt 1.00000 0.00000
vt 0.00000 1.00000
vt 1.00000 1.00000
vt 0.00000 0.00000
vt 1.00000 0.00000
vt 0.00000 1.00000
vt 1.00000 1.00000
vt 0.00000 0.00000
vt 1.00000 0.00000
vt 0.00000 1.00000
vt 1.00000 1.00000
f 8868/8828 8870/8830 8869/8829
f 8870/8830 8871/8831 8869/8829
f 8872/8832 8874/8834 8873/8833
f 8874/8834 8875/8835 8873/8833
f 8876/8836 8878/8838 8877/8837
f 8878/8838 8879/8839 8877/8837
f 8880/8840 8882/8842 8881/8841
f 8882/8842 8883/8843 8881/8841
f 8884/8844 8886/8846 8885/8845
f 8886/8846 8887/8847 8885/8845
f 8888/8848 8890/8850 8889/8849
f 8890/8850 8891/8851 8889/8849
v -10.87500 4.99500 -4.70200
v -10.89500 4.99500 -4.70200
v -10.87500 3.70500 -4.70200
v -10.89500 3.70500 -4.70200
v -10.89500 4.99500 -4.07800
v -10.87500 4.99500 -4.07800
v -10.89500 3.70500 -4.07800
v -10.87500 3.70500 -4.07800
v -10.89500 4.99500 -4.07800
v -10.89500 4.99500 -4.70200
v -10.87500 4.99500 -4.07800
v -10.87500 4.99500 -4.70200
v -10.87500 3.70500 -4.07800
v -10.87500 3.70500 -4.70200
v -10.89500 3.70500 -4.07800
v -10.89500 3.70500 -4.70200
v -10.87500 4.99500 -4.07800
v -10.87500 4.99500 -4.70200
v -10.87500 3.70500 -4.07800
v -10.87500 3.70500 -4.70200
v -10.89500 4.99500 -4.70200
v -10.89500 4.99500 -4.07800
v -10.89500 3.70500 -4.70200
v -10.89500 3.70500 -4.07800
vt 0.00000 0.00000
vt 1.00000 0.00000
vt 0.00000 1.00000
vt 1.00000 1.00000
vt 0.00000 0.00000
vt 1.00000 0.00000
vt 0.00000 1.00000
vt 1.00000 1.00000
vt 0.00000 0.00000
vt 1.00000 0.00000
vt 0.00000 1.00000
vt 1.00000 1.00000
vt 0.00000 0.00000
vt 1.00000 0.00000
vt 0.00000 1.00000
vt 1.00000 1.00000
vt 0.00000 0.00000
vt 1.00000 0.00000
vt 0.00000 1.00000
vt 1.00000 1.00000
vt 0.00000 0.00000
vt 1.00000 0.00000
vt 0.00000 1.00000
vt 1.00000 1.00000
f 8892/8852 8894/8854 8893/8853
f 8894/8854 8895/8855 8893/8853
f 8896/8856 8898/8858 8897/8857
f 8898/8858 8899/8859 8897/8857
f 8900/8860 8902/8862 8901/8861
f 8902/8862 8903/8863 8901/8861
f 8904/8864 8906/8866 8905/8865
f 8906/8866 8907/8867 8905/8865
f 8908/8868 8910/8870 8909/8869
f 8910/8870 8911/8871 8909/8869
f 8912/8872 8914/8874 8913/8873
f 8914/8874 8915/8875 8913/8873
v 5.02500 4.99500 -4.07800
v 5.04500 4.99500 -4.07800
v 5.02500 3.70500 -4.07800
v 5.04500 3.70500 -4.07800
v 5.04500 4.99500 -4.70200
v 5.02500 4.99500 -4.70200
v 5.04500 3.70500 -4.70200
v 5.02500 3.70500 -4.70200
v 5.04500 4.99500 -4.70200
v 5.04500 4.99500 -4.07800
v 5.02500 4.99500 -4.70200
v 5.02500 4.99500 -4.07800
v 5.02500 3.70500 -4.70200
v 5.02500 3.70500 -4.07800
v 5.04500 3.70500 -4.70200
v 5.04500 3.70500 -4.07800
v 5.02500 4.99500 -4.70200
v 5.02500 4.99500 -4.07800
v 5.02500 3.70500 -4.70200
v 5.02500 3.70500 -4.07800
v 5.04500 4.99500 -4.07800
v 5.04500 4.99500 -4.70200
v 5.04500 3.70500 -4.07800
v 5.04500 3.70500 -4.70200
vt 0.00000 0.00000
vt 1.00000 0.00000
vt 0.00000 1.00000
vt 1.00000 1.00000
vt 0.00000 0.00000
vt 1.00000 0.00000
vt 0.00000 1.00000
vt 1.00000 1.00000
vt 0.00000 0.00000
vt 1.00000 0.00000
vt 0.00000 1.00000
vt 1.00000 1.00000
vt 0.00000 0.00000
vt 1.00000 0.00000
vt 0.00000 1.00000
vt 1.00000 1.00000
vt 0.00000 0.00000
vt 1.00000 0.00000
vt 0.00000 1.00000
vt 1.00000 1.00000
vt 0.00000 0.00000
vt 1.00000 0.00000
vt 0.00000 1.00000
vt 1.00000 1.00000
f 8916/8876 8918/8878 8917/8877
f 8918/8878 8919/8879 8917/8877
f 8920/8880 8922/8882 8921/8881
f 8922/8882 8923/8883 8921/8881
f 8924/8884 8926/8886 8925/8885
f 8926/8886 8927/8887 8925/8885
f 8928/8888 8930/8890 8929/8889
f 8930/8890 8931/8891 8929/8889
f 8932/8892 8934/8894 8933/8893
f 8934/8894 8935/8895 8933/8893
f 8936/8896 8938/8898 8937/8897
f 8938/8898 8939/8899 8937/8897
v -10.87500 2.64500 -1.10200
v -10.89500 2.64500 -1.10200
v -10.87500 1.35500 -1.10200
v -10.89500 1.35500 -1.10200
v -10.89500 2.64500 -0.47800
v -10.87500 2.64500 -0.47800
v -10.89500 1.35500 -0.47800
v -10.87500 1.35500 -0.47800
v -10.89500 2.64500 -0.47800
v -10.89500 2.64500 -1.10200
v -10.87500 2.64500 -0.47800
v -10.87500 2.64500 -1.10200
v -10.87500 1.35500 -0.47800
v -10.87500 1.35500 -1.10200
v -10.89500 1.35500 -0.47800
v -10.89500 1.35500 -1.10200
v -10.87500 2.64500 -0.47800
v -10.87500 2.64500 -1.10200
v -10.87500 1.35500 -0.47800
v -10.87500 1.35500 -1.10200
v -10.89500 2.64500 -1.10200
v -10.89500 2.64500 -0.47800
v -10.89500 1.35500 -1.10200
v -10.89500 1.35500 -0.47800
vt 0.00000 0.00000
vt 1.00000 0.00000
vt 0.00000 1.00000
vt 1.00000 1.00000
vt 0.00000 0.00000
vt 1.00000 0.00000
vt 0.00000 1.00000
vt 1.00000 1.00000
vt 0.00000 0.00000
vt 1.00000 0.00000
vt 0.00000 1.00000
vt 1.00000 1.00000
vt 0.00000 0.00000
vt 1.00000 0.00000
vt 0.00000 1.00000
vt 1.00000 1.00000
vt 0.00000 0.00000
vt 1.00000 0.00000
vt 0.00000 1.00000
vt 1.00000 1.00000
vt 0.00000 0.00000
vt 1.00000 0.00000
vt 0.00000 1.00000
vt 1.00000 1.00000
f 8940/8900 8942/8902 8941/8901
f 8942/8902 8943/8903 8941/8901
f 8944/8904 8946/8906 8945/8905
f 8946/8906 8947/8907 8945/8905
f 8948/8908 8950/8910 8949/8909
f 8950/8910 8951/8911 8949/8909
f 8952/8912 8954/8914 8953/8913
f 8954/8914 8955/8915 8953/8913
f 8956/8916 8958/8918 8957/8917
f 8958/8918 8959/8919 8957/8917
f 8960/8920 8962/8922 8961/8921
f 8962/8922 8963/8923 8961/8921
v 5.02500 2.64500 -0.47800
v 5.04500 2.64500 -0.47800
v 5.02500 1.35500 -0.47800
v 5.04500 1.35500 -0.47800
v 5.04500 2.64500 -1.10200
v 5.02500 2.64500 -1.10200
v 5.04500 1.35500 -1.10200
v 5.02500 1.35500 -1.10200
v 5.04500 2.64500 -1.10200
v 5.04500 2.64500 -0.47800
v 5.02500 2.64500 -1.10200
v 5.02500 2.64500 -0.47800
v 5.02500 1.35500 -1.10200
v 5.02500 1.35500 -0.47800
v 5.04500 1.35500 -1.10200
v 5.04500 1.35500 -0.47800
v 5.02500 2.64500 -1.10200
v 5.02500 2.64500 -0.47800
v 5.02500 1.35500 -1.10200
v 5.02500 1.35500 -0.47800
v 5.04500 2.64500 -0.47800
v 5.04500 2.64500 -1.10200
v 5.04500 1.35500 -0.47800
v 5.04500 1.35500 -1.10200
vt 0.00000 0.00000
vt 1.00000 0.00000
vt 0.00000 1.00000
vt 1.00000 1.00000
vt 0.00000 0.00000
vt 1.00000 0.00000
vt 0.00000 1.00000
vt 1.00000 1.00000
vt 0.00000 0.00000
vt 1.00000 0.00000
vt 0.00000 1.00000
vt 1.00000 1.00000
vt 0.00000 0.00000
vt 1.00000 0.00000
vt 0.00000 1.00000
vt 1.00000 1.00000
vt 0.00000 0.00000
vt 1.00000 0.00000
vt 0.00000 1.00000
vt 1.00000 1.00000
vt 0.00000 0.00000
vt 1.00000 0.00000
vt 0.00000 1.00000
vt 1.00000 1.00000
f 8964/8924 8966/8926 8965/8925
f 8966/8926 8967/8927 8965/8925
f 8968/8928 8970/8930 8969/8929
f 8970/8930 8971/8931 8969/8929
f 8972/8932 8974/8934 8973/8933
f 8974/8934 8975/8935 8973/8933
f 8976/8936 8978/8938 8977/8937
f 8978/8938 8979/8939 8977/8937
f 8980/8940 8982/8942 8981/8941
f 8982/8942 8983/8943 8981/8941
f 8984/8944 8986/8946 8985/8945
f 8986/8946 8987/8947 8985/8945
v -10.87500 4.99500 -1.10200
v -10.89500 4.99500 -1.10200
v -10.87500 3.70500 -1.10200
v -10.89500 3.70500 -1.10200
v -10.89500 4.99500 -0.47800
v -10.87500 4.99500 -0.47800
v -10.89500 3.70500 -0.47800
v -10.87500 3.70500 -0.47800
v -10.89500 4.99500 -0.47800
v -10.89500 4.99500 -1.10200
v -10.87500 4.99500 -0.47800
v -10.87500 4.99500 -1.10200
v -10.87500 3.70500 -0.47800
v -10.87500 3.70500 -1.10200
v -10.89500 3.70500 -0.47800
v -10.89500 3.70500 -1.10200
v -10.87500 4.99500 -0.47800
v -10.87500 4.99500 -1.10200
v -10.87500 3.70500 -0.47800
v -10.87500 3.70500 -1.10200
v -10.89500 4.99500 -1.10200
v -10.89500 4.99500 -0.47800
v -10.89500 3.70500 -1.10200
v -10.89500 3.70500 -0.47800
vt 0.00000 0.00000
vt 1.00000 0.00000
vt 0.00000 1.00000
vt 1.00000 1.00000
vt 0.00000 0.00000
vt 1.00000 0.00000
vt 0.00000 1.00000
vt 1.00000 1.00000
vt 0.00000 0.00000
vt 1.00000 0.00000
vt 0.00000 1.00000
vt 1.00000 1.00000
vt 0.00000 0.00000
vt 1.00000 0.00000
vt 0.00000 1.00000
vt 1.00000 1.00000
vt 0.00000 0.00000
vt 1.00000 0.00000
vt 0.00000 1.00000
vt 1.00000 1.00000
vt 0.00000 0.00000
vt 1.00000 0.00000
vt 0.00000 1.00000
vt 1.00000 1.00000
f 8988/8948 8990/8950 8989/8949
f 8990/8950 8991/8951 8989/8949
f 8992/8952 8994/8954 8993/8953
f 8994/8954 8995/8955 8993/8953
f 8996/8956 8998/8958 8997/8957
f 8998/8958 8999/8959 8997/8957
f 9000/8960 9002/8962 9001/8961
f 9002/8962 9003/8963 9001/8961
f 9004/8964 9006/8966 9005/8965
f 9006/8966 9007/8967 9005/8965
f 9008/8968 9010/8970 9009/8969
f 9010/8970 9011/8971 9009/8969
v 5.02500 4.99500 -0.47800
v 5.04500 4.99500 -0.47800
v 5.02500 3.70500 -0.47800
v 5.04500 3.70500 -0.47800
v 5.04500 4.99500 -1.10200
v 5.02500 4.99500 -1.10200
v 5.04500 3.70500 -1.10200
v 5.02500 3.70500 -1.10200
v 5.04500 4.99500 -1.10200
v 5.04500 4.99500 -0.47800
v 5.02500 4.99500 -1.10200
v 5.02500 4.99500 -0.47800
v 5.02500 3.70500 -1.10200
v 5.02500 3.70500 -0.47800
v 5.04500 3.70500 -1.10200
v 5.04500 3.70500 -0.47800
v 5.02500 4.99500 -1.10200
v 5.02500 4.99500 -0.47800
v 5.02500 3.70500 -1.10200
v 5.02500 3.70500 -0.47800
v 5.04500 4.99500 -0.47800
v 5.04500 4.99500 -1.10200
v 5.04500 3.70500 -0.47800
v 5.04500 3.70500 -1.10200
vt 0.00000 0.00000
vt 1.00000 0.00000
vt 0.00000 1.00000
vt 1.00000 1.00000
vt 0.00000 0.00000
vt 1.00000 0.00000
vt 0.00000 1.00000
vt 1.00000 1.00000
vt 0.00000 0.00000
vt 1.00000 0.00000
vt 0.00000 1.00000
vt 1.00000 1.00000
vt 0.00000 0.00000
vt 1.00000 0.00000
vt 0.00000 1.00000
vt 1.00000 1.00000
vt 0.00000 0.00000
vt 1.00000 0.00000
vt 0.00000 1.00000
vt 1.00000 1.00000
vt 0.00000 0.00000
vt 1.00000 0.00000
vt 0.00000 1.00000
vt 1.00000 1.00000
f 9012/8972 9014/8974 9013/8973
f 9014/8974 9015/8975 9013/8973
f 9016/8976 9018/8978 9017/8977
f 9018/8978 9019/8979 9017/8977
f 9020/8980 9022/8982 9021/8981
f 9022/8982 9023/8983 9021/8981
f 9024/8984 9026/8986 9025/8985
f 9026/8986 9027/8987 9025/8985
f 9028/8988 9030/8990 9029/8989
f 9030/8990 9031/8991 9029/8989
f 9032/8992 9034/8994 9033/8993
f 9034/8994 9035/8995 9033/8993
v -10.87500 2.64500 2.49800
v -10.89500 2.64500 2.49800
v -10.87500 1.35500 2.49800
v -10.89500 1.35500 2.49800
v -10.89500 2.64500 3.12200
v -10.87500 2.64500 3.12200
v -10.89500 1.35500 3.12200
v -10.87500 1.35500 3.12200
v -10.89500 2.64500 3.12200
v -10.89500 2.64500 2.49800
v -10.87500 2.64500 3.12200
v -10.87500 2.64500 2.49800
v -10.87500 1.35500 3.12200
v -10.87500 1.35500 2.49800
v -10.89500 1.35500 3.12200
v -10.89500 1.35500 2.49800
v -10.87500 2.64500 3.12200
v -10.87500 2.64500 2.49800
v -10.87500 1.35500 3.12200
v -10.87500 1.35500 2.49800
v -10.89500 2.64500 2.49800
v -10.89500 2.64500 3.12200
v -10.89500 1.35500 2.49800
v -10.89500 1.35500 3.12200
vt 0.00000 0.00000
vt 1.00000 0.00000
vt 0.00000 1.00000
vt 1.00000 1.00000
vt 0.00000 0.00000
vt 1.00000 0.00000
vt 0.00000 1.00000
vt 1.00000 1.00000
vt 0.00000 0.00000
vt 1.00000 0.00000
vt 0.00000 1.00000
vt 1.00000 1.00000
vt 0.00000 0.00000
vt 1.00000 0.00000
vt 0.00000 1.00000
vt 1.00000 1.00000
vt 0.00000 0.00000
vt 1.00000 0.00000
vt 0.00000 1.00000
vt 1.00000 1.00000
vt 0.00000 0.00000
vt 1.00000 0.00000
vt 0.00000 1.00000
vt 1.00000 1.00000
f 9036/8996 9038/8998 9037/8997
f 9038/8998 9039/8999 9037/8997
f 9040/9000 9042/9002 9041/9001
f 9042/9002 9043/9003 9041/9001
f 9044/9004 9046/9006 9045/9005
f 9046/9006 9047/9007 9045/9005
f 9048/9008 9050/9010 9049/9009
f 9050/9010 9051/9011 9049/9009
f 9052/9012 9054/9014 9053/9013
f 9054/9014 9055/9015 9053/9013
f 9056/9016 9058/9018 9057/9017
f 9058/9018 9059/9019 9057/9017
v 5.02500 2.64500 3.12200
v 5.04500 2.64500 3.12200
v 5.02500 1.35500 3.12200
v 5.04500 1.35500 3.12200
v 5.04500 2.64500 2.49800
v 5.02500 2.64500 2.49800
v 5.04500 1.35500 2.49800
v 5.02500 1.35500 2.49800
v 5.04500 2.64500 2.49800
v 5.04500 2.64500 3.12200
v 5.02500 2.64500 2.49800
v 5.02500 2.64500 3.12200
v 5.02500 1.35500 2.49800
v 5.02500 1.35500 3.12200
v 5.04500 1.35500 2.49800
v 5.04500 1.35500 3.12200
v 5.02500 2.64500 2.49800
v 5.02500 2.64500 3.12200
v 5.02500 1.35500 2.49800
v 5.02500 1.35500 3.12200
v 5.04500 2.64500 3.12200
v 5.04500 2.64500 2.49800
v 5.04500 1.35500 3.12200
v 5.04500 1.35500 2.49800
vt 0.00000 0.00000
vt 1.00000 0.00000
vt 0.00000 1.00000
vt 1.00000 1.00000
vt 0.00000 0.00000
vt 1.00000 0.00000
vt 0.00000 1.00000
vt 1.00000 1.00000
vt 0.00000 0.00000
vt 1.00000 0.00000
vt 0.00000 1.00000
vt 1.00000 1.00000
vt 0.00000 0.00000
vt 1.00000 0.00000
vt 0.00000 1.00000
vt 1.00000 1.00000
vt 0.00000 0.00000
vt 1.00000 0.00000
vt 0.00000 1.00000
vt 1.00000 1.00000
vt 0.00000 0.00000
vt 1.00000 0.00000
vt 0.00000 1.00000
vt 1.00000 1.00000
f 9060/9020 9062/9022 9061/9021
f 9062/9022 9063/9023 9061/9021
f 9064/9024 9066/9026 9065/9025
f 9066/9026 9067/9027 9065/9025
f 9068/9028 9070/9030 9069/9029
f 9070/9030 9071/9031 9069/9029
f 9072/9032 9074/9034 9073/9033
f 9074/9034 9075/9035 9073/9033
f 9076/9036 9078/9038 9077/9037
f 9078/9038 9079/9039 9077/9037
f 9080/9040 9082/9042 9081/9041
f 9082/9042 9083/9043 9081/9041
v -10.87500 4.99500 2.49800
v -10.89500 4.99500 2.49800
v -10.87500 3.70500 2.49800
v -10.89500 3.70500 2.49800
v -10.89500 4.99500 3.12200
v -10.87500 4.99500 3.12200
v -10.89500 3.70500 3.12200
v -10.87500 3.70500 3.12200
v -10.89500 4.99500 3.12200
v -10.89500 4.99500 2.49800
v -10.87500 4.99500 3.12200
v -10.87500 4.99500 2.49800
v -10.87500 3.70500 3.12200
v -10.87500 3.70500 2.49800
v -10.89500 3.70500 3.12200
v -10.89500 3.70500 2.49800
v -10.87500 4.99500 3.12200
v -10.87500 4.99500 2.49800
v -10.87500 3.70500 3.12200
v -10.87500 3.70500 2.49800
v -10.89500 4.99500 2.49800
v -10.89500 4.99500 3.12200
v -10.89500 3.70500 2.49800
v -10.89500 3.70500 3.12200
vt 0.00000 0.00000
vt 1.00000 0.00000
vt 0.00000 1.00000
vt 1.00000 1.00000
vt 0.00000 0.00000
vt 1.00000 0.00000
vt 0.00000 1.00000
vt 1.00000 1.00000
vt 0.00000 0.00000
vt 1.00000 0.00000
vt 0.00000 1.00000
vt 1.00000 1.00000
vt 0.00000 0.00000
vt 1.00000 0.00000
vt 0.00000 1.00000
vt 1.00000 1.00000
vt 0.00000 0.00000
vt 1.00000 0.00000
vt 0.00000 1.00000
vt 1.00000 1.00000
vt 0.00000 0.00000
vt 1.00000 0.00000
vt 0.00000 1.00000
vt 1.00000 1.00000
f 9084/9044 9086/9046 9085/9045
f 9086/9046 9087/9047 9085/9045
f 9088/9048 9090/9050 9089/9049
f 9090/9050 9091/9051 9089/9049
f 9092/9052 9094/9054 9093/9053
f 9094/9054 9095/9055 9093/9053
f 9096/9056 9098/9058 9097/9057
f 9098/9058 9099/9059 9097/9057
f 9100/9060 9102/9062 9101/9061
f 9102/9062 9103/9063 9101/9061
f 9104/9064 9106/9066 9105/9065
f 9106/9066 9107/9067 9105/9065
v 5.02500 4.99500 3.12200
v 5.04500 4.99500 3.12200
v 5.02500 3.70500 3.12200
v 5.04500 3.70500 3.12200
v 5.04500 4.99500 2.49800
v 5.02500 4.99500 2.49800
v 5.04500 3.70500 2.49800
v 5.02500 3.70500 2.49800
v 5.04500 4.99500 2.49800
v 5.04500 4.99500 3.12200
v 5.02500 4.99500 2.49800
v 5.02500 4.99500 3.12200
v 5.02500 3.70500 2.49800
v 5.02500 3.70500 3.12200
v 5.04500 3.70500 2.49800
v 5.04500 3.70500 3.12200
v 5.02500 4.99500 2.49800
v 5.02500 4.99500 3.12200
v 5.02500 3.70500 2.49800
v 5.02500 3.70500 3.12200
v 5.04500 4.99500 3.12200
v 5.04500 4.99500 2.49800
v 5.04500 3.70500 3.12200
v 5.04500 3.70500 2.49800
vt 0.00000 0.00000
vt 1.00000 0.00000
vt 0.00000 1.00000
vt 1.00000 1.00000
vt 0.00000 0.00000
vt 1.00000 0.00000
vt 0.00000 1.00000
vt 1.00000 1.00000
vt 0.00000 0.00000
vt 1.00000 0.00000
vt 0.00000 1.00000
vt 1.00000 1.00000
vt 0.00000 0.00000
vt 1.00000 0.00000
vt 0.00000 1.00000
vt 1.00000 1.00000
vt 0.00000 0.00000
vt 1.00000 0.00000
vt 0.00000 1.00000
vt 1.00000 1.00000
vt 0.00000 0.00000
vt 1.00000 0.00000
vt 0.00000 1.00000
vt 1.00000 1.00000
f 9108/9068 9110/9070 9109/9069
f 9110/9070 9111/9071 9109/9069
f 9112/9072 9114/9074 9113/9073
f 9114/9074 9115/9075 9113/9073
f 9116/9076 9118/9078 9117/9077
f 9118/9078 9119/9079 9117/9077
f 9120/9080 9122/9082 9121/9081
f 9122/9082 9123/9083 9121/9081
f 9124/9084 9126/9086 9125/9085
f 9126/9086 9127/9087 9125/9085
f 9128/9088 9130/9090 9129/9089
f 9130/9090 9131/9091 9129/9089
v 11.96750 1.79450 1.92000
v 11.96750 1.79450 1.90000
v 11.96750 0.80550 1.92000
v 11.96750 0.80550 1.90000
v 11.38250 1.79450 1.90000
v 11.38250 1.79450 1.92000
v 11.38250 0.80550 1.90000
v 11.38250 0.80550 1.92000
v 11.38250 1.79450 1.90000
v 11.96750 1.79450 1.90000
v 11.38250 1.79450 1.92000
v 11.96750 1.79450 1.92000
v 11.38250 0.80550 1.92000
v 11.96750 0.80550 1.92000
v 11.38250 0.80550 1.90000
v 11.96750 0.80550 1.90000
v 11.38250 1.79450 1.92000
v 11.96750 1.79450 1.92000
v 11.38250 0.80550 1.92000
v 11.96750 0.80550 1.92000
v 11.96750 1.79450 1.90000
v 11.38250 1.79450 1.90000
v 11.96750 0.80550 1.90000
v 11.38250 0.80550 1.90000
vt 0.00000 0.00000
vt 1.00000 0.00000
vt 0.00000 1.00000
vt 1.00000 1.00000
vt 0.00000 0.00000
vt 1.00000 0.00000
vt 0.00000 1.00000
vt 1.00000 1.00000
vt 0.00000 0.00000
vt 1.00000 0.00000
vt 0.00000 1.00000
vt 1.00000 1.00000
vt 0.00000 0.00000
vt 1.00000 0.00000
vt 0.00000 1.00000
vt 1.00000 1.00000
vt 0.00000 0.00000
vt 1.00000 0.00000
vt 0.00000 1.00000
vt 1.00000 1.00000
vt 0.00000 0.00000
vt 1.00000 0.00000
vt 0.00000 1.00000
vt 1.00000 1.00000
f 9132/9092 9134/9094 9133/9093
f 9134/9094 9135/9095 9133/9093
f 9136/9096 9138/9098 9137/9097
f 9138/9098 9139/9099 9137/9097
f 9140/9100 9142/9102 9141/9101
f 9142/9102 9143/9103 9141/9101
f 9144/9104 9146/9106 9145/9105
f 9146/9106 9147/9107 9145/9105
f 9148/9108 9150/9110 9149/9109
f 9150/9110 9151/9111 9149/9109
f 9152/9112 9154/9114 9153/9113
f 9154/9114 9155/9115 9153/9113
v 12.50500 1.79450 -1.19750
v 12.52500 1.79450 -1.19750
v 12.50500 0.80550 -1.19750
v 12.52500 0.80550 -1.19750
v 12.52500 1.79450 -1.78250
v 12.50500 1.79450 -1.78250
v 12.52500 0.80550 -1.78250
v 12.50500 0.80550 -1.78250
v 12.52500 1.79450 -1.78250
v 12.52500 1.79450 -1.19750
v 12.50500 1.79450 -1.78250
v 12.50500 1.79450 -1.19750
v 12.50500 0.80550 -1.78250
v 12.50500 0.80550 -1.19750
v 12.52500 0.80550 -1.78250
v 12.52500 0.80550 -1.19750
v 12.50500 1.79450 -1.78250
v 12.50500 1.79450 -1.19750
v 12.50500 0.80550 -1.78250
v 12.50500 0.80550 -1.19750
v 12.52500 1.79450 -1.19750
v 12.52500 1.79450 -1.78250
v 12.52500 0.80550 -1.19750
v 12.52500 0.80550 -1.78250
vt 0.00000 0.00000
vt 1.00000 0.00000
vt 0.00000 1.00000
vt 1.00000 1.00000
vt 0.00000 0.00000
vt 1.00000 0.00000
vt 0.00000 1.00000
vt 1.00000 1.00000
vt 0.00000 0.00000
vt 1.00000 0.00000
vt 0.00000 1.00000
vt 1.00000 1.00000
vt 0.00000 0.00000
vt 1.00000 0.00000
vt 0.00000 1.00000
vt 1.00000 1.00000
vt 0.00000 0.00000
vt 1.00000 0.00000
vt 0.00000 1.00000
vt 1.00000 1.00000
vt 0.00000 0.00000
vt 1.00000 0.00000
vt 0.00000 1.00000
vt 1.00000 1.00000
f 9156/9116 9158/9118 9157/9117
f 9158/9118 9159/9119 9157/9117
f 9160/9120 9162/9122 9161/9121
f 9162/9122 9163/9123 9161/9121
f 9164/9124 9166/9126 9165/9125
f 9166/9126 9167/9127 9165/9125
f 9168/9128 9170/9130 9169/9129
f 9170/9130 9171/9131 9169/9129
f 9172/9132 9174/9134 9173/9133
f 9174/9134 9175/9135 9173/9133
f 9176/9136 9178/9138 9177/9137
f 9178/9138 9179/9139 9177/9137
usemtl porch_floor
v 5.77500 0.20000 6.16000
v 5.77500 0.20000 3.86000
v 5.77500 -0.00000 6.16000
v 5.77500 -0.00000 3.86000
v -11.62500 0.20000 3.86000
v -11.62500 0.20000 6.16000
v -11.62500 -0.00000 3.86000
v -11.62500 -0.00000 6.16000
v -11.62500 0.20000 3.86000
v 5.77500 0.20000 3.86000
v -11.62500 0.20000 6.16000
v 5.77500 0.20000 6.16000
v -11.62500 -0.00000 6.16000
v 5.77500 -0.00000 6.16000
v -11.62500 -0.00000 3.86000
v 5.77500 -0.00000 3.86000
v -11.62500 0.20000 6.16000
v 5.77500 0.20000 6.16000
v -11.62500 -0.00000 6.16000
v 5.77500 -0.00000 6.16000
v 5.77500 0.20000 3.86000
v -11.62500 0.20000 3.86000
v 5.77500 -0.00000 3.86000
v -11.62500 -0.00000 3.86000
vt 0.00000 0.00000
vt 1.00000 0.00000
vt 0.00000 1.00000
vt 1.00000 1.00000
vt 0.00000 0.00000
vt 1.00000 0.00000
vt 0.00000 1.00000
vt 1.00000 1.00000
vt 0.00000 0.00000
vt 1.00000 0.00000
vt 0.00000 1.00000
vt 1.00000 1.00000
vt 0.00000 0.00000
vt 1.00000 0.00000
vt 0.00000 1.00000
vt 1.00000 1.00000
vt 0.00000 0.00000
vt 1.00000 0.00000
vt 0.00000 1.00000
vt 1.00000 1.00000
vt 0.00000 0.00000
vt 1.00000 0.00000
vt 0.00000 1.00000
vt 1.00000 1.00000
f 9180/9140 9182/9142 9181/9141
f 9182/9142 9183/9143 9181/9141
f 9184/9144 9186/9146 9185/9145
f 9186/9146 9187/9147 9185/9145
f 9188/9148 9190/9150 9189/9149
f 9190/9150 9191/9151 9189/9149
f 9192/9152 9194/9154 9193/9153
f 9194/9154 9195/9155 9193/9153
f 9196/9156 9198/9158 9197/9157
f 9198/9158 9199/9159 9197/9157
f 9200/9160 9202/9162 9201/9161
f 9202/9162 9203/9163 9201/9161
v -10.57500 0.20000 1.56000
v -12.87500 0.20000 1.56000
v -10.57500 -0.00000 1.56000
v -12.87500 -0.00000 1.56000
v -12.87500 0.20000 6.16000
v -10.57500 0.20000 6.16000
v -12.87500 -0.00000 6.16000
v -10.57500 -0.00000 6.16000
v -12.87500 0.20000 6.16000
v -12.87500 0.20000 1.56000
v -10.57500 0.20000 6.16000
v -10.57500 0.20000 1.56000
v -10.57500 -0.00000 6.16000
v -10.57500 -0.00000 1.56000
v -12.87500 -0.00000 6.16000
v -12.87500 -0.00000 1.56000
v -10.57500 0.20000 6.16000
v -10.57500 0.20000 1.56000
v -10.57500 -0.00000 6.16000
v -10.57500 -0.00000 1.56000
v -12.87500 0.20000 1.56000
v -12.87500 0.20000 6.16000
v -12.87500 -0.00000 1.56000
v -12.87500 -0.00000 6.16000
vt 0.00000 0.00000
vt 1.00000 0.00000
vt 0.00000 1.00000
vt 1.00000 1.00000
vt 0.00000 0.00000
vt 1.00000 0.00000
vt 0.00000 1.00000
vt 1.00000 1.00000
vt 0.00000 0.00000
vt 1.00000 0.00000
vt 0.00000 1.00000
vt 1.00000 1.00000
vt 0.00000 0.00000
vt 1.00000 0.00000
vt 0.00000 1.00000
vt 1.00000 1.00000
vt 0.00000 0.00000
vt 1.00000 0.00000
vt 0.00000 1.00000
vt 1.00000 1.00000
vt 0.00000 0.00000
vt 1.00000 0.00000
vt 0.00000 1.00000
vt 1.00000 1.00000
f 9204/9164 9206/9166 9205/9165
f 9206/9166 9207/9167 9205/9165
f 9208/9168 9210/9170 9209/9169
f 9210/9170 9211/9171 9209/9169
f 9212/9172 9214/9174 9213/9173
f 9214/9174 9215/9175 9213/9173
f 9216/9176 9218/9178 9217/9177
f 9218/9178 9219/9179 9217/9177
f 9220/9180 9222/9182 9221/9181
f 9222/9182 9223/9183 9221/9181
f 9224/9184 9226/9186 9225/9185
f 9226/9186 9227/9187 9225/9185
v 4.72500 0.20000 6.16000
v 7.02500 0.20000 6.16000
v 4.72500 -0.00000 6.16000
v 7.02500 -0.00000 6.16000
v 7.02500 0.20000 1.56000
v 4.72500 0.20000 1.56000
v 7.02500 -0.00000 1.56000
v 4.72500 -0.00000 1.56000
v 7.02500 0.20000 1.56000
v 7.02500 0.20000 6.16000
v 4.72500 0.20000 1.56000
v 4.72500 0.20000 6.16000
v 4.72500 -0.00000 1.56000
v 4.72500 -0.00000 6.16000
v 7.02500 -0.00000 1.56000
v 7.02500 -0.00000 6.16000
v 4.72500 0.20000 1.56000
v 4.72500 0.20000 6.16000
v 4.72500 -0.00000 1.56000
v 4.72500 -0.00000 6.16000
v 7.02500 0.20000 6.16000
v 7.02500 0.20000 1.56000
v 7.02500 -0.00000 6.16000
v 7.02500 -0.00000 1.56000
vt 0.00000 0.00000
vt 1.00000 0.00000
vt 0.00000 1.00000
vt 1.00000 1.00000
vt 0.00000 0.00000
vt 1.00000 0.00000
vt 0.00000 1.00000
vt 1.00000 1.00000
vt 0.00000 0.00000
vt 1.00000 0.00000
vt 0.00000 1.00000
vt 1.00000 1.00000
vt 0.00000 0.00000
vt 1.00000 0.00000
vt 0.00000 1.00000
vt 1.00000 1.00000
vt 0.00000 0.00000
vt 1.00000 0.00000
vt 0.00000 1.00000
vt 1.00000 1.00000
vt 0.00000 0.00000
vt 1.00000 0.00000
vt 0.00000 1.00000
vt 1.00000 1.00000
f 9228/9188 9230/9190 9229/9189
f 9230/9190 9231/9191 9229/9189
f 9232/9192 9234/9194 9233/9193
f 9234/9194 9235/9195 9233/9193
f 9236/9196 9238/9198 9237/9197
f 9238/9198 9239/9199 9237/9197
f 9240/9200 9242/9202 9241/9201
f 9242/9202 9243/9203 9241/9201
f 9244/9204 9246/9206 9245/9205
f 9246/9206 9247/9207 9245/9205
f 9248/9208 9250/9210 9249/9209
f 9250/9210 9251/9211 9249/9209
usemtl door_wood
v -2.50000 1.97500 4.35000
v -2.50000 1.97500 4.29000
v -2.50000 0.02500 4.35000
v -2.50000 0.02500 4.29000
v -3.35000 1.97500 4.29000
v -3.35000 1.97500 4.35000
v -3.35000 0.02500 4.29000
v -3.35000 0.02500 4.35000
v -3.35000 1.97500 4.29000
v -2.50000 1.97500 4.29000
v -3.35000 1.97500 4.35000
v -2.50000 1.97500 4.35000
v -3.35000 0.02500 4.35000
v -2.50000 0.02500 4.35000
v -3.35000 0.02500 4.29000
v -2.50000 0.02500 4.29000
v -3.35000 1.97500 4.35000
v -2.50000 1.97500 4.35000
v -3.35000 0.02500 4.35000
v -2.50000 0.02500 4.35000
v -2.50000 1.97500 4.29000
v -3.35000 1.97500 4.29000
v -2.50000 0.02500 4.29000
v -3.35000 0.02500 4.29000
vt 0.00000 0.00000
vt 1.00000 0.00000
vt 0.00000 1.00000
vt 1.00000 1.00000
vt 0.00000 0.00000
vt 1.00000 0.00000
vt 0.00000 1.00000
vt 1.00000 1.00000
vt 0.00000 0.00000
vt 1.00000 0.00000
vt 0.00000 1.00000
vt 1.00000 1.00000
vt 0.00000 0.00000
vt 1.00000 0.00000
vt 0.00000 1.00000
vt 1.00000 1.00000
vt 0.00000 0.00000
vt 1.00000 0.00000
vt 0.00000 1.00000
vt 1.00000 1.00000
vt 0.00000 0.00000
vt 1.00000 0.00000
vt 0.00000 1.00000
vt 1.00000 1.00000
f 9252/9212 9254/9214 9253/9213
f 9254/9214 9255/9215 9253/9213
f 9256/9216 9258/9218 9257/9217
f 9258/9218 9259/9219 9257/9217
f 9260/9220 9262/9222 9261/9221
f 9262/9222 9263/9223 9261/9221
f 9264/9224 9266/9226 9265/9225
f 9266/9226 9267/9227 9265/9225
f 9268/9228 9270/9230 9269/9229
f 9270/9230 9271/9231 9269/9229
f 9272/9232 9274/9234 9273/9233
f 9274/9234 9275/9235 9273/9233
v 7.17500 1.90000 1.91500
v 7.17500 1.90000 1.86500
v 7.17500 0.00000 1.91500
v 7.17500 0.00000 1.86500
v 6.37500 1.90000 1.86500
v 6.37500 1.90000 1.91500
v 6.37500 0.00000 1.86500
v 6.37500 0.00000 1.91500
v 6.37500 1.90000 1.86500
v 7.17500 1.90000 1.86500
v 6.37500 1.90000 1.91500
v 7.17500 1.90000 1.91500
v 6.37500 0.00000 1.91500
v 7.17500 0.00000 1.91500
v 6.37500 0.00000 1.86500
v 7.17500 0.00000 1.86500
v 6.37500 1.90000 1.91500
v 7.17500 1.90000 1.91500
v 6.37500 0.00000 1.91500
v 7.17500 0.00000 1.91500
v 7.17500 1.90000 1.86500
v 6.37500 1.90000 1.86500
v 7.17500 0.00000 1.86500
v 6.37500 0.00000 1.86500
vt 0.00000 0.00000
vt 1.00000 0.00000
vt 0.00000 1.00000
vt 1.00000 1.00000
vt 0.00000 0.00000
vt 1.00000 0.00000
vt 0.00000 1.00000
vt 1.00000 1.00000
vt 0.00000 0.00000
vt 1.00000 0.00000
vt 0.00000 1.00000
vt 1.00000 1.00000
vt 0.00000 0.00000
vt 1.00000 0.00000
vt 0.00000 1.00000
vt 1.00000 1.00000
vt 0.00000 0.00000
vt 1.00000 0.00000
vt 0.00000 1.00000
vt 1.00000 1.00000
vt 0.00000 0.00000
vt 1.00000 0.00000
vt 0.00000 1.00000
vt 1.00000 1.00000
f 9276/9236 9278/9238 9277/9237
f 9278/9238 9279/9239 9277/9237
f 9280/9240 9282/9242 9281/9241
f 9282/9242 9283/9243 9281/9241
f 9284/9244 9286/9246 9285/9245
f 9286/9246 9287/9247 9285/9245
f 9288/9248 9290/9250 9289/9249
f 9290/9250 9291/9251 9289/9249
f 9292/9252 9294/9254 9293/9253
f 9294/9254 9295/9255 9293/9253
f 9296/9256 9298/9258 9297/9257
f 9298/9258 9299/9259 9297/9257
