mtllib WelcomeToRossvilleSign.mtl
o WelcomeToRossvilleSign
usemtl panel_red
v 1.25000 2.10000 0.02500
v 1.25000 2.10000 -0.02500
v 1.25000 0.95000 0.02500
v 1.25000 0.95000 -0.02500
v -1.25000 2.10000 -0.02500
v -1.25000 2.10000 0.02500
v -1.25000 0.95000 -0.02500
v -1.25000 0.95000 0.02500
v -1.25000 2.10000 -0.02500
v 1.25000 2.10000 -0.02500
v -1.25000 2.10000 0.02500
v 1.25000 2.10000 0.02500
v -1.25000 0.95000 0.02500
v 1.25000 0.95000 0.02500
v -1.25000 0.95000 -0.02500
v 1.25000 0.95000 -0.02500
v -1.25000 2.10000 0.02500
v 1.25000 2.10000 0.02500
v -1.25000 0.95000 0.02500
v 1.25000 0.95000 0.02500
v 1.25000 2.10000 -0.02500
v -1.25000 2.10000 -0.02500
v 1.25000 0.95000 -0.02500
v -1.25000 0.95000 -0.02500
vt 0.00000 0.00000
vt 1.00000 0.00000
vt 0.00000 1.00000
vt 1.00000 1.00000
vt 0.00000 0.00000
vt 1.00000 0.00000
vt 0.00000 1.00000
vt 1.00000 1.00000
vt 0.00000 0.00000
vt 1.00000 0.00000
vt 0.00000 1.00000
vt 1.00000 1.00000
vt 0.00000 0.00000
vt 1.00000 0.00000
vt 0.00000 1.00000
vt 1.00000 1.00000
vt 0.00000 0.00000
vt 1.00000 0.00000
vt 0.00000 1.00000
vt 1.00000 1.00000
vt 0.00000 0.00000
vt 1.00000 0.00000
vt 0.00000 1.00000
vt 1.00000 1.00000
f 1/1 3/3 2/2
f 3/3 4/4 2/2
f 5/5 7/7 6/6
f 7/7 8/8 6/6
f 9/9 11/11 10/10
f 11/11 12/12 10/10
f 13/13 15/15 14/14
f 15/15 16/16 14/14
f 17/17 19/19 18/18
f 19/19 20/20 18/18
f 21/21 23/23 22/22
f 23/23 24/24 22/22
usemtl trim_gold
v 1.39000 2.24000 0.03750
v 1.39000 2.24000 -0.03750
v 1.39000 2.10000 0.03750
v 1.39000 2.10000 -0.03750
v -1.39000 2.24000 -0.03750
v -1.39000 2.24000 0.03750
v -1.39000 2.10000 -0.03750
v -1.39000 2.10000 0.03750
v -1.39000 2.24000 -0.03750
v 1.39000 2.24000 -0.03750
v -1.39000 2.24000 0.03750
v 1.39000 2.24000 0.03750
v -1.39000 2.10000 0.03750
v 1.39000 2.10000 0.03750
v -1.39000 2.10000 -0.03750
v 1.39000 2.10000 -0.03750
v -1.39000 2.24000 0.03750
v 1.39000 2.24000 0.03750
v -1.39000 2.10000 0.03750
v 1.39000 2.10000 0.03750
v 1.39000 2.24000 -0.03750
v -1.39000 2.24000 -0.03750
v 1.39000 2.10000 -0.03750
v -1.39000 2.10000 -0.03750
vt 0.00000 0.00000
vt 1.00000 0.00000
vt 0.00000 1.00000
vt 1.00000 1.00000
vt 0.00000 0.00000
vt 1.00000 0.00000
vt 0.00000 1.00000
vt 1.00000 1.00000
vt 0.00000 0.00000
vt 1.00000 0.00000
vt 0.00000 1.00000
vt 1.00000 1.00000
vt 0.00000 0.00000
vt 1.00000 0.00000
vt 0.00000 1.00000
vt 1.00000 1.00000
vt 0.00000 0.00000
vt 1.00000 0.00000
vt 0.00000 1.00000
vt 1.00000 1.00000
vt 0.00000 0.00000
vt 1.00000 0.00000
vt 0.00000 1.00000
vt 1.00000 1.00000
f 25/25 27/27 26/26
f 27/27 28/28 26/26
f 29/29 31/31 30/30
f 31/31 32/32 30/30
f 33/33 35/35 34/34
f 35/35 36/36 34/34
f 37/37 39/39 38/38
f 39/39 40/40 38/38
f 41/41 43/43 42/42
f 43/43 44/44 42/42
f 45/45 47/47 46/46
f 47/47 48/48 46/46
v 1.39000 0.95000 0.03750
v 1.39000 0.95000 -0.03750
v 1.39000 0.81000 0.03750
v 1.39000 0.81000 -0.03750
v -1.39000 0.95000 -0.03750
v -1.39000 0.95000 0.03750
v -1.39000 0.81000 -0.03750
v -1.39000 0.81000 0.03750
v -1.39000 0.95000 -0.03750
v 1.39000 0.95000 -0.03750
v -1.39000 0.95000 0.03750
v 1.39000 0.95000 0.03750
v -1.39000 0.81000 0.03750
v 1.39000 0.81000 0.03750
v -1.39000 0.81000 -0.03750
v 1.39000 0.81000 -0.03750
v -1.39000 0.95000 0.03750
v 1.39000 0.95000 0.03750
v -1.39000 0.81000 0.03750
v 1.39000 0.81000 0.03750
v 1.39000 0.95000 -0.03750
v -1.39000 0.95000 -0.03750
v 1.39000 0.81000 -0.03750
v -1.39000 0.81000 -0.03750
vt 0.00000 0.00000
vt 1.00000 0.00000
vt 0.00000 1.00000
vt 1.00000 1.00000
vt 0.00000 0.00000
vt 1.00000 0.00000
vt 0.00000 1.00000
vt 1.00000 1.00000
vt 0.00000 0.00000
vt 1.00000 0.00000
vt 0.00000 1.00000
vt 1.00000 1.00000
vt 0.00000 0.00000
vt 1.00000 0.00000
vt 0.00000 1.00000
vt 1.00000 1.00000
vt 0.00000 0.00000
vt 1.00000 0.00000
vt 0.00000 1.00000
vt 1.00000 1.00000
vt 0.00000 0.00000
vt 1.00000 0.00000
vt 0.00000 1.00000
vt 1.00000 1.00000
f 49/49 51/51 50/50
f 51/51 52/52 50/50
f 53/53 55/55 54/54
f 55/55 56/56 54/54
f 57/57 59/59 58/58
f 59/59 60/60 58/58
f 61/61 63/63 62/62
f 63/63 64/64 62/62
f 65/65 67/67 66/66
f 67/67 68/68 66/66
f 69/69 71/71 70/70
f 71/71 72/72 70/70
v -1.25000 2.10000 0.03750
v -1.25000 2.10000 -0.03750
v -1.25000 0.95000 0.03750
v -1.25000 0.95000 -0.03750
v -1.39000 2.10000 -0.03750
v -1.39000 2.10000 0.03750
v -1.39000 0.95000 -0.03750
v -1.39000 0.95000 0.03750
v -1.39000 2.10000 -0.03750
v -1.25000 2.10000 -0.03750
v -1.39000 2.10000 0.03750
v -1.25000 2.10000 0.03750
v -1.39000 0.95000 0.03750
v -1.25000 0.95000 0.03750
v -1.39000 0.95000 -0.03750
v -1.25000 0.95000 -0.03750
v -1.39000 2.10000 0.03750
v -1.25000 2.10000 0.03750
v -1.39000 0.95000 0.03750
v -1.25000 0.95000 0.03750
v -1.25000 2.10000 -0.03750
v -1.39000 2.10000 -0.03750
v -1.25000 0.95000 -0.03750
v -1.39000 0.95000 -0.03750
vt 0.00000 0.00000
vt 1.00000 0.00000
vt 0.00000 1.00000
vt 1.00000 1.00000
vt 0.00000 0.00000
vt 1.00000 0.00000
vt 0.00000 1.00000
vt 1.00000 1.00000
vt 0.00000 0.00000
vt 1.00000 0.00000
vt 0.00000 1.00000
vt 1.00000 1.00000
vt 0.00000 0.00000
vt 1.00000 0.00000
vt 0.00000 1.00000
vt 1.00000 1.00000
vt 0.00000 0.00000
vt 1.00000 0.00000
vt 0.00000 1.00000
vt 1.00000 1.00000
vt 0.00000 0.00000
vt 1.00000 0.00000
vt 0.00000 1.00000
vt 1.00000 1.00000
f 73/73 75/75 74/74
f 75/75 76/76 74/74
f 77/77 79/79 78/78
f 79/79 80/80 78/78
f 81/81 83/83 82/82
f 83/83 84/84 82/82
f 85/85 87/87 86/86
f 87/87 88/88 86/86
f 89/89 91/91 90/90
f 91/91 92/92 90/90
f 93/93 95/95 94/94
f 95/95 96/96 94/94
v 1.39000 2.10000 0.03750
v 1.39000 2.10000 -0.03750
v 1.39000 0.95000 0.03750
v 1.39000 0.95000 -0.03750
v 1.25000 2.10000 -0.03750
v 1.25000 2.10000 0.03750
v 1.25000 0.95000 -0.03750
v 1.25000 0.95000 0.03750
v 1.25000 2.10000 -0.03750
v 1.39000 2.10000 -0.03750
v 1.25000 2.10000 0.03750
v 1.39000 2.10000 0.03750
v 1.25000 0.95000 0.03750
v 1.39000 0.95000 0.03750
v 1.25000 0.95000 -0.03750
v 1.39000 0.95000 -0.03750
v 1.25000 2.10000 0.03750
v 1.39000 2.10000 0.03750
v 1.25000 0.95000 0.03750
v 1.39000 0.95000 0.03750
v 1.39000 2.10000 -0.03750
v 1.25000 2.10000 -0.03750
v 1.39000 0.95000 -0.03750
v 1.25000 0.95000 -0.03750
vt 0.00000 0.00000
vt 1.00000 0.00000
vt 0.00000 1.00000
vt 1.00000 1.00000
vt 0.00000 0.00000
vt 1.00000 0.00000
vt 0.00000 1.00000
vt 1.00000 1.00000
vt 0.00000 0.00000
vt 1.00000 0.00000
vt 0.00000 1.00000
vt 1.00000 1.00000
vt 0.00000 0.00000
vt 1.00000 0.00000
vt 0.00000 1.00000
vt 1.00000 1.00000
vt 0.00000 0.00000
vt 1.00000 0.00000
vt 0.00000 1.00000
vt 1.00000 1.00000
vt 0.00000 0.00000
vt 1.00000 0.00000
vt 0.00000 1.00000
vt 1.00000 1.00000
f 97/97 99/99 98/98
f 99/99 100/100 98/98
f 101/101 103/103 102/102
f 103/103 104/104 102/102
f 105/105 107/107 106/106
f 107/107 108/108 106/106
f 109/109 111/111 110/110
f 111/111 112/112 110/110
f 113/113 115/115 114/114
f 115/115 116/116 114/114
f 117/117 119/119 118/118
f 119/119 120/120 118/118
v -0.63888 1.88372 0.04500
v -0.63888 1.88372 0.02500
v -0.63888 1.86348 0.04500
v -0.63888 1.86348 0.02500
v -0.65912 1.88372 0.02500
v -0.65912 1.88372 0.04500
v -0.65912 1.86348 0.02500
v -0.65912 1.86348 0.04500
v -0.65912 1.88372 0.02500
v -0.63888 1.88372 0.02500
v -0.65912 1.88372 0.04500
v -0.63888 1.88372 0.04500
v -0.65912 1.86348 0.04500
v -0.63888 1.86348 0.04500
v -0.65912 1.86348 0.02500
v -0.63888 1.86348 0.02500
v -0.65912 1.88372 0.04500
v -0.63888 1.88372 0.04500
v -0.65912 1.86348 0.04500
v -0.63888 1.86348 0.04500
v -0.63888 1.88372 0.02500
v -0.65912 1.88372 0.02500
v -0.63888 1.86348 0.02500
v -0.65912 1.86348 0.02500
v -0.55088 1.88372 0.04500
v -0.55088 1.88372 0.02500
v -0.55088 1.86348 0.04500
v -0.55088 1.86348 0.02500
v -0.57112 1.88372 0.02500
v -0.57112 1.88372 0.04500
v -0.57112 1.86348 0.02500
v -0.57112 1.86348 0.04500
v -0.57112 1.88372 0.02500
v -0.55088 1.88372 0.02500
v -0.57112 1.88372 0.04500
v -0.55088 1.88372 0.04500
v -0.57112 1.86348 0.04500
v -0.55088 1.86348 0.04500
v -0.57112 1.86348 0.02500
v -0.55088 1.86348 0.02500
v -0.57112 1.88372 0.04500
v -0.55088 1.88372 0.04500
v -0.57112 1.86348 0.04500
v -0.55088 1.86348 0.04500
v -0.55088 1.88372 0.02500
v -0.57112 1.88372 0.02500
v -0.55088 1.86348 0.02500
v -0.57112 1.86348 0.02500
v -0.63888 1.86172 0.04500
v -0.63888 1.86172 0.02500
v -0.63888 1.84148 0.04500
v -0.63888 1.84148 0.02500
v -0.65912 1.86172 0.02500
v -0.65912 1.86172 0.04500
v -0.65912 1.84148 0.02500
v -0.65912 1.84148 0.04500
v -0.65912 1.86172 0.02500
v -0.63888 1.86172 0.02500
v -0.65912 1.86172 0.04500
v -0.63888 1.86172 0.04500
v -0.65912 1.84148 0.04500
v -0.63888 1.84148 0.04500
v -0.65912 1.84148 0.02500
v -0.63888 1.84148 0.02500
v -0.65912 1.86172 0.04500
v -0.63888 1.86172 0.04500
v -0.65912 1.84148 0.04500
v -0.63888 1.84148 0.04500
v -0.63888 1.86172 0.02500
v -0.65912 1.86172 0.02500
v -0.63888 1.84148 0.02500
v -0.65912 1.84148 0.02500
v -0.55088 1.86172 0.04500
v -0.55088 1.86172 0.02500
v -0.55088 1.84148 0.04500
v -0.55088 1.84148 0.02500
v -0.57112 1.86172 0.02500
v -0.57112 1.86172 0.04500
v -0.57112 1.84148 0.02500
v -0.57112 1.84148 0.04500
v -0.57112 1.86172 0.02500
v -0.55088 1.86172 0.02500
v -0.57112 1.86172 0.04500
v -0.55088 1.86172 0.04500
v -0.57112 1.84148 0.04500
v -0.55088 1.84148 0.04500
v -0.57112 1.84148 0.02500
v -0.55088 1.84148 0.02500
v -0.57112 1.86172 0.04500
v -0.55088 1.86172 0.04500
v -0.57112 1.84148 0.04500
v -0.55088 1.84148 0.04500
v -0.55088 1.86172 0.02500
v -0.57112 1.86172 0.02500
v -0.55088 1.84148 0.02500
v -0.57112 1.84148 0.02500
v -0.63888 1.83972 0.04500
v -0.63888 1.83972 0.02500
v -0.63888 1.81948 0.04500
v -0.63888 1.81948 0.02500
v -0.65912 1.83972 0.02500
v -0.65912 1.83972 0.04500
v -0.65912 1.81948 0.02500
v -0.65912 1.81948 0.04500
v -0.65912 1.83972 0.02500
v -0.63888 1.83972 0.02500
v -0.65912 1.83972 0.04500
v -0.63888 1.83972 0.04500
v -0.65912 1.81948 0.04500
v -0.63888 1.81948 0.04500
v -0.65912 1.81948 0.02500
v -0.63888 1.81948 0.02500
v -0.65912 1.83972 0.04500
v -0.63888 1.83972 0.04500
v -0.65912 1.81948 0.04500
v -0.63888 1.81948 0.04500
v -0.63888 1.83972 0.02500
v -0.65912 1.83972 0.02500
v -0.63888 1.81948 0.02500
v -0.65912 1.81948 0.02500
v -0.55088 1.83972 0.04500
v -0.55088 1.83972 0.02500
v -0.55088 1.81948 0.04500
v -0.55088 1.81948 0.02500
v -0.57112 1.83972 0.02500
v -0.57112 1.83972 0.04500
v -0.57112 1.81948 0.02500
v -0.57112 1.81948 0.04500
v -0.57112 1.83972 0.02500
v -0.55088 1.83972 0.02500
v -0.57112 1.83972 0.04500
v -0.55088 1.83972 0.04500
v -0.57112 1.81948 0.04500
v -0.55088 1.81948 0.04500
v -0.57112 1.81948 0.02500
v -0.55088 1.81948 0.02500
v -0.57112 1.83972 0.04500
v -0.55088 1.83972 0.04500
v -0.57112 1.81948 0.04500
v -0.55088 1.81948 0.04500
v -0.55088 1.83972 0.02500
v -0.57112 1.83972 0.02500
v -0.55088 1.81948 0.02500
v -0.57112 1.81948 0.02500
v -0.63888 1.81772 0.04500
v -0.63888 1.81772 0.02500
v -0.63888 1.79748 0.04500
v -0.63888 1.79748 0.02500
v -0.65912 1.81772 0.02500
v -0.65912 1.81772 0.04500
v -0.65912 1.79748 0.02500
v -0.65912 1.79748 0.04500
v -0.65912 1.81772 0.02500
v -0.63888 1.81772 0.02500
v -0.65912 1.81772 0.04500
v -0.63888 1.81772 0.04500
v -0.65912 1.79748 0.04500
v -0.63888 1.79748 0.04500
v -0.65912 1.79748 0.02500
v -0.63888 1.79748 0.02500
v -0.65912 1.81772 0.04500
v -0.63888 1.81772 0.04500
v -0.65912 1.79748 0.04500
v -0.63888 1.79748 0.04500
v -0.63888 1.81772 0.02500
v -0.65912 1.81772 0.02500
v -0.63888 1.79748 0.02500
v -0.65912 1.79748 0.02500
v -0.59488 1.81772 0.04500
v -0.59488 1.81772 0.02500
v -0.59488 1.79748 0.04500
v -0.59488 1.79748 0.02500
v -0.61512 1.81772 0.02500
v -0.61512 1.81772 0.04500
v -0.61512 1.79748 0.02500
v -0.61512 1.79748 0.04500
v -0.61512 1.81772 0.02500
v -0.59488 1.81772 0.02500
v -0.61512 1.81772 0.04500
v -0.59488 1.81772 0.04500
v -0.61512 1.79748 0.04500
v -0.59488 1.79748 0.04500
v -0.61512 1.79748 0.02500
v -0.59488 1.79748 0.02500
v -0.61512 1.81772 0.04500
v -0.59488 1.81772 0.04500
v -0.61512 1.79748 0.04500
v -0.59488 1.79748 0.04500
v -0.59488 1.81772 0.02500
v -0.61512 1.81772 0.02500
v -0.59488 1.79748 0.02500
v -0.61512 1.79748 0.02500
v -0.55088 1.81772 0.04500
v -0.55088 1.81772 0.02500
v -0.55088 1.79748 0.04500
v -0.55088 1.79748 0.02500
v -0.57112 1.81772 0.02500
v -0.57112 1.81772 0.04500
v -0.57112 1.79748 0.02500
v -0.57112 1.79748 0.04500
v -0.57112 1.81772 0.02500
v -0.55088 1.81772 0.02500
v -0.57112 1.81772 0.04500
v -0.55088 1.81772 0.04500
v -0.57112 1.79748 0.04500
v -0.55088 1.79748 0.04500
v -0.57112 1.79748 0.02500
v -0.55088 1.79748 0.02500
v -0.57112 1.81772 0.04500
v -0.55088 1.81772 0.04500
v -0.57112 1.79748 0.04500
v -0.55088 1.79748 0.04500
v -0.55088 1.81772 0.02500
v -0.57112 1.81772 0.02500
v -0.55088 1.79748 0.02500
v -0.57112 1.79748 0.02500
v -0.63888 1.79572 0.04500
v -0.63888 1.79572 0.02500
v -0.63888 1.77548 0.04500
v -0.63888 1.77548 0.02500
v -0.65912 1.79572 0.02500
v -0.65912 1.79572 0.04500
v -0.65912 1.77548 0.02500
v -0.65912 1.77548 0.04500
v -0.65912 1.79572 0.02500
v -0.63888 1.79572 0.02500
v -0.65912 1.79572 0.04500
v -0.63888 1.79572 0.04500
v -0.65912 1.77548 0.04500
v -0.63888 1.77548 0.04500
v -0.65912 1.77548 0.02500
v -0.63888 1.77548 0.02500
v -0.65912 1.79572 0.04500
v -0.63888 1.79572 0.04500
v -0.65912 1.77548 0.04500
v -0.63888 1.77548 0.04500
v -0.63888 1.79572 0.02500
v -0.65912 1.79572 0.02500
v -0.63888 1.77548 0.02500
v -0.65912 1.77548 0.02500
v -0.59488 1.79572 0.04500
v -0.59488 1.79572 0.02500
v -0.59488 1.77548 0.04500
v -0.59488 1.77548 0.02500
v -0.61512 1.79572 0.02500
v -0.61512 1.79572 0.04500
v -0.61512 1.77548 0.02500
v -0.61512 1.77548 0.04500
v -0.61512 1.79572 0.02500
v -0.59488 1.79572 0.02500
v -0.61512 1.79572 0.04500
v -0.59488 1.79572 0.04500
v -0.61512 1.77548 0.04500
v -0.59488 1.77548 0.04500
v -0.61512 1.77548 0.02500
v -0.59488 1.77548 0.02500
v -0.61512 1.79572 0.04500
v -0.59488 1.79572 0.04500
v -0.61512 1.77548 0.04500
v -0.59488 1.77548 0.04500
v -0.59488 1.79572 0.02500
v -0.61512 1.79572 0.02500
v -0.59488 1.77548 0.02500
v -0.61512 1.77548 0.02500
v -0.55088 1.79572 0.04500
v -0.55088 1.79572 0.02500
v -0.55088 1.77548 0.04500
v -0.55088 1.77548 0.02500
v -0.57112 1.79572 0.02500
v -0.57112 1.79572 0.04500
v -0.57112 1.77548 0.02500
v -0.57112 1.77548 0.04500
v -0.57112 1.79572 0.02500
v -0.55088 1.79572 0.02500
v -0.57112 1.79572 0.04500
v -0.55088 1.79572 0.04500
v -0.57112 1.77548 0.04500
v -0.55088 1.77548 0.04500
v -0.57112 1.77548 0.02500
v -0.55088 1.77548 0.02500
v -0.57112 1.79572 0.04500
v -0.55088 1.79572 0.04500
v -0.57112 1.77548 0.04500
v -0.55088 1.77548 0.04500
v -0.55088 1.79572 0.02500
v -0.57112 1.79572 0.02500
v -0.55088 1.77548 0.02500
v -0.57112 1.77548 0.02500
v -0.63888 1.77372 0.04500
v -0.63888 1.77372 0.02500
v -0.63888 1.75348 0.04500
v -0.63888 1.75348 0.02500
v -0.65912 1.77372 0.02500
v -0.65912 1.77372 0.04500
v -0.65912 1.75348 0.02500
v -0.65912 1.75348 0.04500
v -0.65912 1.77372 0.02500
v -0.63888 1.77372 0.02500
v -0.65912 1.77372 0.04500
v -0.63888 1.77372 0.04500
v -0.65912 1.75348 0.04500
v -0.63888 1.75348 0.04500
v -0.65912 1.75348 0.02500
v -0.63888 1.75348 0.02500
v -0.65912 1.77372 0.04500
v -0.63888 1.77372 0.04500
v -0.65912 1.75348 0.04500
v -0.63888 1.75348 0.04500
v -0.63888 1.77372 0.02500
v -0.65912 1.77372 0.02500
v -0.63888 1.75348 0.02500
v -0.65912 1.75348 0.02500
v -0.61688 1.77372 0.04500
v -0.61688 1.77372 0.02500
v -0.61688 1.75348 0.04500
v -0.61688 1.75348 0.02500
v -0.63712 1.77372 0.02500
v -0.63712 1.77372 0.04500
v -0.63712 1.75348 0.02500
v -0.63712 1.75348 0.04500
v -0.63712 1.77372 0.02500
v -0.61688 1.77372 0.02500
v -0.63712 1.77372 0.04500
v -0.61688 1.77372 0.04500
v -0.63712 1.75348 0.04500
v -0.61688 1.75348 0.04500
v -0.63712 1.75348 0.02500
v -0.61688 1.75348 0.02500
v -0.63712 1.77372 0.04500
v -0.61688 1.77372 0.04500
v -0.63712 1.75348 0.04500
v -0.61688 1.75348 0.04500
v -0.61688 1.77372 0.02500
v -0.63712 1.77372 0.02500
v -0.61688 1.75348 0.02500
v -0.63712 1.75348 0.02500
v -0.57288 1.77372 0.04500
v -0.57288 1.77372 0.02500
v -0.57288 1.75348 0.04500
v -0.57288 1.75348 0.02500
v -0.59312 1.77372 0.02500
v -0.59312 1.77372 0.04500
v -0.59312 1.75348 0.02500
v -0.59312 1.75348 0.04500
v -0.59312 1.77372 0.02500
v -0.57288 1.77372 0.02500
v -0.59312 1.77372 0.04500
v -0.57288 1.77372 0.04500
v -0.59312 1.75348 0.04500
v -0.57288 1.75348 0.04500
v -0.59312 1.75348 0.02500
v -0.57288 1.75348 0.02500
v -0.59312 1.77372 0.04500
v -0.57288 1.77372 0.04500
v -0.59312 1.75348 0.04500
v -0.57288 1.75348 0.04500
v -0.57288 1.77372 0.02500
v -0.59312 1.77372 0.02500
v -0.57288 1.75348 0.02500
v -0.59312 1.75348 0.02500
v -0.55088 1.77372 0.04500
v -0.55088 1.77372 0.02500
v -0.55088 1.75348 0.04500
v -0.55088 1.75348 0.02500
v -0.57112 1.77372 0.02500
v -0.57112 1.77372 0.04500
v -0.57112 1.75348 0.02500
v -0.57112 1.75348 0.04500
v -0.57112 1.77372 0.02500
v -0.55088 1.77372 0.02500
v -0.57112 1.77372 0.04500
v -0.55088 1.77372 0.04500
v -0.57112 1.75348 0.04500
v -0.55088 1.75348 0.04500
v -0.57112 1.75348 0.02500
v -0.55088 1.75348 0.02500
v -0.57112 1.77372 0.04500
v -0.55088 1.77372 0.04500
v -0.57112 1.75348 0.04500
v -0.55088 1.75348 0.04500
v -0.55088 1.77372 0.02500
v -0.57112 1.77372 0.02500
v -0.55088 1.75348 0.02500
v -0.57112 1.75348 0.02500
v -0.63888 1.75172 0.04500
v -0.63888 1.75172 0.02500
v -0.63888 1.73148 0.04500
v -0.63888 1.73148 0.02500
v -0.65912 1.75172 0.02500
v -0.65912 1.75172 0.04500
v -0.65912 1.73148 0.02500
v -0.65912 1.73148 0.04500
v -0.65912 1.75172 0.02500
v -0.63888 1.75172 0.02500
v -0.65912 1.75172 0.04500
v -0.63888 1.75172 0.04500
v -0.65912 1.73148 0.04500
v -0.63888 1.73148 0.04500
v -0.65912 1.73148 0.02500
v -0.63888 1.73148 0.02500
v -0.65912 1.75172 0.04500
v -0.63888 1.75172 0.04500
v -0.65912 1.73148 0.04500
v -0.63888 1.73148 0.04500
v -0.63888 1.75172 0.02500
v -0.65912 1.75172 0.02500
v -0.63888 1.73148 0.02500
v -0.65912 1.73148 0.02500
v -0.55088 1.75172 0.04500
v -0.55088 1.75172 0.02500
v -0.55088 1.73148 0.04500
v -0.55088 1.73148 0.02500
v -0.57112 1.75172 0.02500
v -0.57112 1.75172 0.04500
v -0.57112 1.73148 0.02500
v -0.57112 1.73148 0.04500
v -0.57112 1.75172 0.02500
v -0.55088 1.75172 0.02500
v -0.57112 1.75172 0.04500
v -0.55088 1.75172 0.04500
v -0.57112 1.73148 0.04500
v -0.55088 1.73148 0.04500
v -0.57112 1.73148 0.02500
v -0.55088 1.73148 0.02500
v -0.57112 1.75172 0.04500
v -0.55088 1.75172 0.04500
v -0.57112 1.73148 0.04500
v -0.55088 1.73148 0.04500
v -0.55088 1.75172 0.02500
v -0.57112 1.75172 0.02500
v -0.55088 1.73148 0.02500
v -0.57112 1.73148 0.02500
v -0.50688 1.88372 0.04500
v -0.50688 1.88372 0.02500
v -0.50688 1.86348 0.04500
v -0.50688 1.86348 0.02500
v -0.52712 1.88372 0.02500
v -0.52712 1.88372 0.04500
v -0.52712 1.86348 0.02500
v -0.52712 1.86348 0.04500
v -0.52712 1.88372 0.02500
v -0.50688 1.88372 0.02500
v -0.52712 1.88372 0.04500
v -0.50688 1.88372 0.04500
v -0.52712 1.86348 0.04500
v -0.50688 1.86348 0.04500
v -0.52712 1.86348 0.02500
v -0.50688 1.86348 0.02500
v -0.52712 1.88372 0.04500
v -0.50688 1.88372 0.04500
v -0.52712 1.86348 0.04500
v -0.50688 1.86348 0.04500
v -0.50688 1.88372 0.02500
v -0.52712 1.88372 0.02500
v -0.50688 1.86348 0.02500
v -0.52712 1.86348 0.02500
v -0.48488 1.88372 0.04500
v -0.48488 1.88372 0.02500
v -0.48488 1.86348 0.04500
v -0.48488 1.86348 0.02500
v -0.50512 1.88372 0.02500
v -0.50512 1.88372 0.04500
v -0.50512 1.86348 0.02500
v -0.50512 1.86348 0.04500
v -0.50512 1.88372 0.02500
v -0.48488 1.88372 0.02500
v -0.50512 1.88372 0.04500
v -0.48488 1.88372 0.04500
v -0.50512 1.86348 0.04500
v -0.48488 1.86348 0.04500
v -0.50512 1.86348 0.02500
v -0.48488 1.86348 0.02500
v -0.50512 1.88372 0.04500
v -0.48488 1.88372 0.04500
v -0.50512 1.86348 0.04500
v -0.48488 1.86348 0.04500
v -0.48488 1.88372 0.02500
v -0.50512 1.88372 0.02500
v -0.48488 1.86348 0.02500
v -0.50512 1.86348 0.02500
v -0.46288 1.88372 0.04500
v -0.46288 1.88372 0.02500
v -0.46288 1.86348 0.04500
v -0.46288 1.86348 0.02500
v -0.48312 1.88372 0.02500
v -0.48312 1.88372 0.04500
v -0.48312 1.86348 0.02500
v -0.48312 1.86348 0.04500
v -0.48312 1.88372 0.02500
v -0.46288 1.88372 0.02500
v -0.48312 1.88372 0.04500
v -0.46288 1.88372 0.04500
v -0.48312 1.86348 0.04500
v -0.46288 1.86348 0.04500
v -0.48312 1.86348 0.02500
v -0.46288 1.86348 0.02500
v -0.48312 1.88372 0.04500
v -0.46288 1.88372 0.04500
v -0.48312 1.86348 0.04500
v -0.46288 1.86348 0.04500
v -0.46288 1.88372 0.02500
v -0.48312 1.88372 0.02500
v -0.46288 1.86348 0.02500
v -0.48312 1.86348 0.02500
v -0.44088 1.88372 0.04500
v -0.44088 1.88372 0.02500
v -0.44088 1.86348 0.04500
v -0.44088 1.86348 0.02500
v -0.46112 1.88372 0.02500
v -0.46112 1.88372 0.04500
v -0.46112 1.86348 0.02500
v -0.46112 1.86348 0.04500
v -0.46112 1.88372 0.02500
v -0.44088 1.88372 0.02500
v -0.46112 1.88372 0.04500
v -0.44088 1.88372 0.04500
v -0.46112 1.86348 0.04500
v -0.44088 1.86348 0.04500
v -0.46112 1.86348 0.02500
v -0.44088 1.86348 0.02500
v -0.46112 1.88372 0.04500
v -0.44088 1.88372 0.04500
v -0.46112 1.86348 0.04500
v -0.44088 1.86348 0.04500
v -0.44088 1.88372 0.02500
v -0.46112 1.88372 0.02500
v -0.44088 1.86348 0.02500
v -0.46112 1.86348 0.02500
v -0.41888 1.88372 0.04500
v -0.41888 1.88372 0.02500
v -0.41888 1.86348 0.04500
v -0.41888 1.86348 0.02500
v -0.43912 1.88372 0.02500
v -0.43912 1.88372 0.04500
v -0.43912 1.86348 0.02500
v -0.43912 1.86348 0.04500
v -0.43912 1.88372 0.02500
v -0.41888 1.88372 0.02500
v -0.43912 1.88372 0.04500
v -0.41888 1.88372 0.04500
v -0.43912 1.86348 0.04500
v -0.41888 1.86348 0.04500
v -0.43912 1.86348 0.02500
v -0.41888 1.86348 0.02500
v -0.43912 1.88372 0.04500
v -0.41888 1.88372 0.04500
v -0.43912 1.86348 0.04500
v -0.41888 1.86348 0.04500
v -0.41888 1.88372 0.02500
v -0.43912 1.88372 0.02500
v -0.41888 1.86348 0.02500
v -0.43912 1.86348 0.02500
v -0.50688 1.86172 0.04500
v -0.50688 1.86172 0.02500
v -0.50688 1.84148 0.04500
v -0.50688 1.84148 0.02500
v -0.52712 1.86172 0.02500
v -0.52712 1.86172 0.04500
v -0.52712 1.84148 0.02500
v -0.52712 1.84148 0.04500
v -0.52712 1.86172 0.02500
v -0.50688 1.86172 0.02500
v -0.52712 1.86172 0.04500
v -0.50688 1.86172 0.04500
v -0.52712 1.84148 0.04500
v -0.50688 1.84148 0.04500
v -0.52712 1.84148 0.02500
v -0.50688 1.84148 0.02500
v -0.52712 1.86172 0.04500
v -0.50688 1.86172 0.04500
v -0.52712 1.84148 0.04500
v -0.50688 1.84148 0.04500
v -0.50688 1.86172 0.02500
v -0.52712 1.86172 0.02500
v -0.50688 1.84148 0.02500
v -0.52712 1.84148 0.02500
v -0.50688 1.83972 0.04500
v -0.50688 1.83972 0.02500
v -0.50688 1.81948 0.04500
v -0.50688 1.81948 0.02500
v -0.52712 1.83972 0.02500
v -0.52712 1.83972 0.04500
v -0.52712 1.81948 0.02500
v -0.52712 1.81948 0.04500
v -0.52712 1.83972 0.02500
v -0.50688 1.83972 0.02500
v -0.52712 1.83972 0.04500
v -0.50688 1.83972 0.04500
v -0.52712 1.81948 0.04500
v -0.50688 1.81948 0.04500
v -0.52712 1.81948 0.02500
v -0.50688 1.81948 0.02500
v -0.52712 1.83972 0.04500
v -0.50688 1.83972 0.04500
v -0.52712 1.81948 0.04500
v -0.50688 1.81948 0.04500
v -0.50688 1.83972 0.02500
v -0.52712 1.83972 0.02500
v -0.50688 1.81948 0.02500
v -0.52712 1.81948 0.02500
v -0.50688 1.81772 0.04500
v -0.50688 1.81772 0.02500
v -0.50688 1.79748 0.04500
v -0.50688 1.79748 0.02500
v -0.52712 1.81772 0.02500
v -0.52712 1.81772 0.04500
v -0.52712 1.79748 0.02500
v -0.52712 1.79748 0.04500
v -0.52712 1.81772 0.02500
v -0.50688 1.81772 0.02500
v -0.52712 1.81772 0.04500
v -0.50688 1.81772 0.04500
v -0.52712 1.79748 0.04500
v -0.50688 1.79748 0.04500
v -0.52712 1.79748 0.02500
v -0.50688 1.79748 0.02500
v -0.52712 1.81772 0.04500
v -0.50688 1.81772 0.04500
v -0.52712 1.79748 0.04500
v -0.50688 1.79748 0.04500
v -0.50688 1.81772 0.02500
v -0.52712 1.81772 0.02500
v -0.50688 1.79748 0.02500
v -0.52712 1.79748 0.02500
v -0.48488 1.81772 0.04500
v -0.48488 1.81772 0.02500
v -0.48488 1.79748 0.04500
v -0.48488 1.79748 0.02500
v -0.50512 1.81772 0.02500
v -0.50512 1.81772 0.04500
v -0.50512 1.79748 0.02500
v -0.50512 1.79748 0.04500
v -0.50512 1.81772 0.02500
v -0.48488 1.81772 0.02500
v -0.50512 1.81772 0.04500
v -0.48488 1.81772 0.04500
v -0.50512 1.79748 0.04500
v -0.48488 1.79748 0.04500
v -0.50512 1.79748 0.02500
v -0.48488 1.79748 0.02500
v -0.50512 1.81772 0.04500
v -0.48488 1.81772 0.04500
v -0.50512 1.79748 0.04500
v -0.48488 1.79748 0.04500
v -0.48488 1.81772 0.02500
v -0.50512 1.81772 0.02500
v -0.48488 1.79748 0.02500
v -0.50512 1.79748 0.02500
v -0.46288 1.81772 0.04500
v -0.46288 1.81772 0.02500
v -0.46288 1.79748 0.04500
v -0.46288 1.79748 0.02500
v -0.48312 1.81772 0.02500
v -0.48312 1.81772 0.04500
v -0.48312 1.79748 0.02500
v -0.48312 1.79748 0.04500
v -0.48312 1.81772 0.02500
v -0.46288 1.81772 0.02500
v -0.48312 1.81772 0.04500
v -0.46288 1.81772 0.04500
v -0.48312 1.79748 0.04500
v -0.46288 1.79748 0.04500
v -0.48312 1.79748 0.02500
v -0.46288 1.79748 0.02500
v -0.48312 1.81772 0.04500
v -0.46288 1.81772 0.04500
v -0.48312 1.79748 0.04500
v -0.46288 1.79748 0.04500
v -0.46288 1.81772 0.02500
v -0.48312 1.81772 0.02500
v -0.46288 1.79748 0.02500
v -0.48312 1.79748 0.02500
v -0.44088 1.81772 0.04500
v -0.44088 1.81772 0.02500
v -0.44088 1.79748 0.04500
v -0.44088 1.79748 0.02500
v -0.46112 1.81772 0.02500
v -0.46112 1.81772 0.04500
v -0.46112 1.79748 0.02500
v -0.46112 1.79748 0.04500
v -0.46112 1.81772 0.02500
v -0.44088 1.81772 0.02500
v -0.46112 1.81772 0.04500
v -0.44088 1.81772 0.04500
v -0.46112 1.79748 0.04500
v -0.44088 1.79748 0.04500
v -0.46112 1.79748 0.02500
v -0.44088 1.79748 0.02500
v -0.46112 1.81772 0.04500
v -0.44088 1.81772 0.04500
v -0.46112 1.79748 0.04500
v -0.44088 1.79748 0.04500
v -0.44088 1.81772 0.02500
v -0.46112 1.81772 0.02500
v -0.44088 1.79748 0.02500
v -0.46112 1.79748 0.02500
v -0.50688 1.79572 0.04500
v -0.50688 1.79572 0.02500
v -0.50688 1.77548 0.04500
v -0.50688 1.77548 0.02500
v -0.52712 1.79572 0.02500
v -0.52712 1.79572 0.04500
v -0.52712 1.77548 0.02500
v -0.52712 1.77548 0.04500
v -0.52712 1.79572 0.02500
v -0.50688 1.79572 0.02500
v -0.52712 1.79572 0.04500
v -0.50688 1.79572 0.04500
v -0.52712 1.77548 0.04500
v -0.50688 1.77548 0.04500
v -0.52712 1.77548 0.02500
v -0.50688 1.77548 0.02500
v -0.52712 1.79572 0.04500
v -0.50688 1.79572 0.04500
v -0.52712 1.77548 0.04500
v -0.50688 1.77548 0.04500
v -0.50688 1.79572 0.02500
v -0.52712 1.79572 0.02500
v -0.50688 1.77548 0.02500
v -0.52712 1.77548 0.02500
v -0.50688 1.77372 0.04500
v -0.50688 1.77372 0.02500
v -0.50688 1.75348 0.04500
v -0.50688 1.75348 0.02500
v -0.52712 1.77372 0.02500
v -0.52712 1.77372 0.04500
v -0.52712 1.75348 0.02500
v -0.52712 1.75348 0.04500
v -0.52712 1.77372 0.02500
v -0.50688 1.77372 0.02500
v -0.52712 1.77372 0.04500
v -0.50688 1.77372 0.04500
v -0.52712 1.75348 0.04500
v -0.50688 1.75348 0.04500
v -0.52712 1.75348 0.02500
v -0.50688 1.75348 0.02500
v -0.52712 1.77372 0.04500
v -0.50688 1.77372 0.04500
v -0.52712 1.75348 0.04500
v -0.50688 1.75348 0.04500
v -0.50688 1.77372 0.02500
v -0.52712 1.77372 0.02500
v -0.50688 1.75348 0.02500
v -0.52712 1.75348 0.02500
v -0.50688 1.75172 0.04500
v -0.50688 1.75172 0.02500
v -0.50688 1.73148 0.04500
v -0.50688 1.73148 0.02500
v -0.52712 1.75172 0.02500
v -0.52712 1.75172 0.04500
v -0.52712 1.73148 0.02500
v -0.52712 1.73148 0.04500
v -0.52712 1.75172 0.02500
v -0.50688 1.75172 0.02500
v -0.52712 1.75172 0.04500
v -0.50688 1.75172 0.04500
v -0.52712 1.73148 0.04500
v -0.50688 1.73148 0.04500
v -0.52712 1.73148 0.02500
v -0.50688 1.73148 0.02500
v -0.52712 1.75172 0.04500
v -0.50688 1.75172 0.04500
v -0.52712 1.73148 0.04500
v -0.50688 1.73148 0.04500
v -0.50688 1.75172 0.02500
v -0.52712 1.75172 0.02500
v -0.50688 1.73148 0.02500
v -0.52712 1.73148 0.02500
v -0.48488 1.75172 0.04500
v -0.48488 1.75172 0.02500
v -0.48488 1.73148 0.04500
v -0.48488 1.73148 0.02500
v -0.50512 1.75172 0.02500
v -0.50512 1.75172 0.04500
v -0.50512 1.73148 0.02500
v -0.50512 1.73148 0.04500
v -0.50512 1.75172 0.02500
v -0.48488 1.75172 0.02500
v -0.50512 1.75172 0.04500
v -0.48488 1.75172 0.04500
v -0.50512 1.73148 0.04500
v -0.48488 1.73148 0.04500
v -0.50512 1.73148 0.02500
v -0.48488 1.73148 0.02500
v -0.50512 1.75172 0.04500
v -0.48488 1.75172 0.04500
v -0.50512 1.73148 0.04500
v -0.48488 1.73148 0.04500
v -0.48488 1.75172 0.02500
v -0.50512 1.75172 0.02500
v -0.48488 1.73148 0.02500
v -0.50512 1.73148 0.02500
v -0.46288 1.75172 0.04500
v -0.46288 1.75172 0.02500
v -0.46288 1.73148 0.04500
v -0.46288 1.73148 0.02500
v -0.48312 1.75172 0.02500
v -0.48312 1.75172 0.04500
v -0.48312 1.73148 0.02500
v -0.48312 1.73148 0.04500
v -0.48312 1.75172 0.02500
v -0.46288 1.75172 0.02500
v -0.48312 1.75172 0.04500
v -0.46288 1.75172 0.04500
v -0.48312 1.73148 0.04500
v -0.46288 1.73148 0.04500
v -0.48312 1.73148 0.02500
v -0.46288 1.73148 0.02500
v -0.48312 1.75172 0.04500
v -0.46288 1.75172 0.04500
v -0.48312 1.73148 0.04500
v -0.46288 1.73148 0.04500
v -0.46288 1.75172 0.02500
v -0.48312 1.75172 0.02500
v -0.46288 1.73148 0.02500
v -0.48312 1.73148 0.02500
v -0.44088 1.75172 0.04500
v -0.44088 1.75172 0.02500
v -0.44088 1.73148 0.04500
v -0.44088 1.73148 0.02500
v -0.46112 1.75172 0.02500
v -0.46112 1.75172 0.04500
v -0.46112 1.73148 0.02500
v -0.46112 1.73148 0.04500
v -0.46112 1.75172 0.02500
v -0.44088 1.75172 0.02500
v -0.46112 1.75172 0.04500
v -0.44088 1.75172 0.04500
v -0.46112 1.73148 0.04500
v -0.44088 1.73148 0.04500
v -0.46112 1.73148 0.02500
v -0.44088 1.73148 0.02500
v -0.46112 1.75172 0.04500
v -0.44088 1.75172 0.04500
v -0.46112 1.73148 0.04500
v -0.44088 1.73148 0.04500
v -0.44088 1.75172 0.02500
v -0.46112 1.75172 0.02500
v -0.44088 1.73148 0.02500
v -0.46112 1.73148 0.02500
v -0.41888 1.75172 0.04500
v -0.41888 1.75172 0.02500
v -0.41888 1.73148 0.04500
v -0.41888 1.73148 0.02500
v -0.43912 1.75172 0.02500
v -0.43912 1.75172 0.04500
v -0.43912 1.73148 0.02500
v -0.43912 1.73148 0.04500
v -0.43912 1.75172 0.02500
v -0.41888 1.75172 0.02500
v -0.43912 1.75172 0.04500
v -0.41888 1.75172 0.04500
v -0.43912 1.73148 0.04500
v -0.41888 1.73148 0.04500
v -0.43912 1.73148 0.02500
v -0.41888 1.73148 0.02500
v -0.43912 1.75172 0.04500
v -0.41888 1.75172 0.04500
v -0.43912 1.73148 0.04500
v -0.41888 1.73148 0.04500
v -0.41888 1.75172 0.02500
v -0.43912 1.75172 0.02500
v -0.41888 1.73148 0.02500
v -0.43912 1.73148 0.02500
v -0.37488 1.88372 0.04500
v -0.37488 1.88372 0.02500
v -0.37488 1.86348 0.04500
v -0.37488 1.86348 0.02500
v -0.39512 1.88372 0.02500
v -0.39512 1.88372 0.04500
v -0.39512 1.86348 0.02500
v -0.39512 1.86348 0.04500
v -0.39512 1.88372 0.02500
v -0.37488 1.88372 0.02500
v -0.39512 1.88372 0.04500
v -0.37488 1.88372 0.04500
v -0.39512 1.86348 0.04500
v -0.37488 1.86348 0.04500
v -0.39512 1.86348 0.02500
v -0.37488 1.86348 0.02500
v -0.39512 1.88372 0.04500
v -0.37488 1.88372 0.04500
v -0.39512 1.86348 0.04500
v -0.37488 1.86348 0.04500
v -0.37488 1.88372 0.02500
v -0.39512 1.88372 0.02500
v -0.37488 1.86348 0.02500
v -0.39512 1.86348 0.02500
v -0.37488 1.86172 0.04500
v -0.37488 1.86172 0.02500
v -0.37488 1.84148 0.04500
v -0.37488 1.84148 0.02500
v -0.39512 1.86172 0.02500
v -0.39512 1.86172 0.04500
v -0.39512 1.84148 0.02500
v -0.39512 1.84148 0.04500
v -0.39512 1.86172 0.02500
v -0.37488 1.86172 0.02500
v -0.39512 1.86172 0.04500
v -0.37488 1.86172 0.04500
v -0.39512 1.84148 0.04500
v -0.37488 1.84148 0.04500
v -0.39512 1.84148 0.02500
v -0.37488 1.84148 0.02500
v -0.39512 1.86172 0.04500
v -0.37488 1.86172 0.04500
v -0.39512 1.84148 0.04500
v -0.37488 1.84148 0.04500
v -0.37488 1.86172 0.02500
v -0.39512 1.86172 0.02500
v -0.37488 1.84148 0.02500
v -0.39512 1.84148 0.02500
v -0.37488 1.83972 0.04500
v -0.37488 1.83972 0.02500
v -0.37488 1.81948 0.04500
v -0.37488 1.81948 0.02500
v -0.39512 1.83972 0.02500
v -0.39512 1.83972 0.04500
v -0.39512 1.81948 0.02500
v -0.39512 1.81948 0.04500
v -0.39512 1.83972 0.02500
v -0.37488 1.83972 0.02500
v -0.39512 1.83972 0.04500
v -0.37488 1.83972 0.04500
v -0.39512 1.81948 0.04500
v -0.37488 1.81948 0.04500
v -0.39512 1.81948 0.02500
v -0.37488 1.81948 0.02500
v -0.39512 1.83972 0.04500
v -0.37488 1.83972 0.04500
v -0.39512 1.81948 0.04500
v -0.37488 1.81948 0.04500
v -0.37488 1.83972 0.02500
v -0.39512 1.83972 0.02500
v -0.37488 1.81948 0.02500
v -0.39512 1.81948 0.02500
v -0.37488 1.81772 0.04500
v -0.37488 1.81772 0.02500
v -0.37488 1.79748 0.04500
v -0.37488 1.79748 0.02500
v -0.39512 1.81772 0.02500
v -0.39512 1.81772 0.04500
v -0.39512 1.79748 0.02500
v -0.39512 1.79748 0.04500
v -0.39512 1.81772 0.02500
v -0.37488 1.81772 0.02500
v -0.39512 1.81772 0.04500
v -0.37488 1.81772 0.04500
v -0.39512 1.79748 0.04500
v -0.37488 1.79748 0.04500
v -0.39512 1.79748 0.02500
v -0.37488 1.79748 0.02500
v -0.39512 1.81772 0.04500
v -0.37488 1.81772 0.04500
v -0.39512 1.79748 0.04500
v -0.37488 1.79748 0.04500
v -0.37488 1.81772 0.02500
v -0.39512 1.81772 0.02500
v -0.37488 1.79748 0.02500
v -0.39512 1.79748 0.02500
v -0.37488 1.79572 0.04500
v -0.37488 1.79572 0.02500
v -0.37488 1.77548 0.04500
v -0.37488 1.77548 0.02500
v -0.39512 1.79572 0.02500
v -0.39512 1.79572 0.04500
v -0.39512 1.77548 0.02500
v -0.39512 1.77548 0.04500
v -0.39512 1.79572 0.02500
v -0.37488 1.79572 0.02500
v -0.39512 1.79572 0.04500
v -0.37488 1.79572 0.04500
v -0.39512 1.77548 0.04500
v -0.37488 1.77548 0.04500
v -0.39512 1.77548 0.02500
v -0.37488 1.77548 0.02500
v -0.39512 1.79572 0.04500
v -0.37488 1.79572 0.04500
v -0.39512 1.77548 0.04500
v -0.37488 1.77548 0.04500
v -0.37488 1.79572 0.02500
v -0.39512 1.79572 0.02500
v -0.37488 1.77548 0.02500
v -0.39512 1.77548 0.02500
v -0.37488 1.77372 0.04500
v -0.37488 1.77372 0.02500
v -0.37488 1.75348 0.04500
v -0.37488 1.75348 0.02500
v -0.39512 1.77372 0.02500
v -0.39512 1.77372 0.04500
v -0.39512 1.75348 0.02500
v -0.39512 1.75348 0.04500
v -0.39512 1.77372 0.02500
v -0.37488 1.77372 0.02500
v -0.39512 1.77372 0.04500
v -0.37488 1.77372 0.04500
v -0.39512 1.75348 0.04500
v -0.37488 1.75348 0.04500
v -0.39512 1.75348 0.02500
v -0.37488 1.75348 0.02500
v -0.39512 1.77372 0.04500
v -0.37488 1.77372 0.04500
v -0.39512 1.75348 0.04500
v -0.37488 1.75348 0.04500
v -0.37488 1.77372 0.02500
v -0.39512 1.77372 0.02500
v -0.37488 1.75348 0.02500
v -0.39512 1.75348 0.02500
v -0.37488 1.75172 0.04500
v -0.37488 1.75172 0.02500
v -0.37488 1.73148 0.04500
v -0.37488 1.73148 0.02500
v -0.39512 1.75172 0.02500
v -0.39512 1.75172 0.04500
v -0.39512 1.73148 0.02500
v -0.39512 1.73148 0.04500
v -0.39512 1.75172 0.02500
v -0.37488 1.75172 0.02500
v -0.39512 1.75172 0.04500
v -0.37488 1.75172 0.04500
v -0.39512 1.73148 0.04500
v -0.37488 1.73148 0.04500
v -0.39512 1.73148 0.02500
v -0.37488 1.73148 0.02500
v -0.39512 1.75172 0.04500
v -0.37488 1.75172 0.04500
v -0.39512 1.73148 0.04500
v -0.37488 1.73148 0.04500
v -0.37488 1.75172 0.02500
v -0.39512 1.75172 0.02500
v -0.37488 1.73148 0.02500
v -0.39512 1.73148 0.02500
v -0.35288 1.75172 0.04500
v -0.35288 1.75172 0.02500
v -0.35288 1.73148 0.04500
v -0.35288 1.73148 0.02500
v -0.37312 1.75172 0.02500
v -0.37312 1.75172 0.04500
v -0.37312 1.73148 0.02500
v -0.37312 1.73148 0.04500
v -0.37312 1.75172 0.02500
v -0.35288 1.75172 0.02500
v -0.37312 1.75172 0.04500
v -0.35288 1.75172 0.04500
v -0.37312 1.73148 0.04500
v -0.35288 1.73148 0.04500
v -0.37312 1.73148 0.02500
v -0.35288 1.73148 0.02500
v -0.37312 1.75172 0.04500
v -0.35288 1.75172 0.04500
v -0.37312 1.73148 0.04500
v -0.35288 1.73148 0.04500
v -0.35288 1.75172 0.02500
v -0.37312 1.75172 0.02500
v -0.35288 1.73148 0.02500
v -0.37312 1.73148 0.02500
v -0.33088 1.75172 0.04500
v -0.33088 1.75172 0.02500
v -0.33088 1.73148 0.04500
v -0.33088 1.73148 0.02500
v -0.35112 1.75172 0.02500
v -0.35112 1.75172 0.04500
v -0.35112 1.73148 0.02500
v -0.35112 1.73148 0.04500
v -0.35112 1.75172 0.02500
v -0.33088 1.75172 0.02500
v -0.35112 1.75172 0.04500
v -0.33088 1.75172 0.04500
v -0.35112 1.73148 0.04500
v -0.33088 1.73148 0.04500
v -0.35112 1.73148 0.02500
v -0.33088 1.73148 0.02500
v -0.35112 1.75172 0.04500
v -0.33088 1.75172 0.04500
v -0.35112 1.73148 0.04500
v -0.33088 1.73148 0.04500
v -0.33088 1.75172 0.02500
v -0.35112 1.75172 0.02500
v -0.33088 1.73148 0.02500
v -0.35112 1.73148 0.02500
v -0.30888 1.75172 0.04500
v -0.30888 1.75172 0.02500
v -0.30888 1.73148 0.04500
v -0.30888 1.73148 0.02500
v -0.32912 1.75172 0.02500
v -0.32912 1.75172 0.04500
v -0.32912 1.73148 0.02500
v -0.32912 1.73148 0.04500
v -0.32912 1.75172 0.02500
v -0.30888 1.75172 0.02500
v -0.32912 1.75172 0.04500
v -0.30888 1.75172 0.04500
v -0.32912 1.73148 0.04500
v -0.30888 1.73148 0.04500
v -0.32912 1.73148 0.02500
v -0.30888 1.73148 0.02500
v -0.32912 1.75172 0.04500
v -0.30888 1.75172 0.04500
v -0.32912 1.73148 0.04500
v -0.30888 1.73148 0.04500
v -0.30888 1.75172 0.02500
v -0.32912 1.75172 0.02500
v -0.30888 1.73148 0.02500
v -0.32912 1.73148 0.02500
v -0.28688 1.75172 0.04500
v -0.28688 1.75172 0.02500
v -0.28688 1.73148 0.04500
v -0.28688 1.73148 0.02500
v -0.30712 1.75172 0.02500
v -0.30712 1.75172 0.04500
v -0.30712 1.73148 0.02500
v -0.30712 1.73148 0.04500
v -0.30712 1.75172 0.02500
v -0.28688 1.75172 0.02500
v -0.30712 1.75172 0.04500
v -0.28688 1.75172 0.04500
v -0.30712 1.73148 0.04500
v -0.28688 1.73148 0.04500
v -0.30712 1.73148 0.02500
v -0.28688 1.73148 0.02500
v -0.30712 1.75172 0.04500
v -0.28688 1.75172 0.04500
v -0.30712 1.73148 0.04500
v -0.28688 1.73148 0.04500
v -0.28688 1.75172 0.02500
v -0.30712 1.75172 0.02500
v -0.28688 1.73148 0.02500
v -0.30712 1.73148 0.02500
v -0.22088 1.88372 0.04500
v -0.22088 1.88372 0.02500
v -0.22088 1.86348 0.04500
v -0.22088 1.86348 0.02500
v -0.24112 1.88372 0.02500
v -0.24112 1.88372 0.04500
v -0.24112 1.86348 0.02500
v -0.24112 1.86348 0.04500
v -0.24112 1.88372 0.02500
v -0.22088 1.88372 0.02500
v -0.24112 1.88372 0.04500
v -0.22088 1.88372 0.04500
v -0.24112 1.86348 0.04500
v -0.22088 1.86348 0.04500
v -0.24112 1.86348 0.02500
v -0.22088 1.86348 0.02500
v -0.24112 1.88372 0.04500
v -0.22088 1.88372 0.04500
v -0.24112 1.86348 0.04500
v -0.22088 1.86348 0.04500
v -0.22088 1.88372 0.02500
v -0.24112 1.88372 0.02500
v -0.22088 1.86348 0.02500
v -0.24112 1.86348 0.02500
v -0.19888 1.88372 0.04500
v -0.19888 1.88372 0.02500
v -0.19888 1.86348 0.04500
v -0.19888 1.86348 0.02500
v -0.21912 1.88372 0.02500
v -0.21912 1.88372 0.04500
v -0.21912 1.86348 0.02500
v -0.21912 1.86348 0.04500
v -0.21912 1.88372 0.02500
v -0.19888 1.88372 0.02500
v -0.21912 1.88372 0.04500
v -0.19888 1.88372 0.04500
v -0.21912 1.86348 0.04500
v -0.19888 1.86348 0.04500
v -0.21912 1.86348 0.02500
v -0.19888 1.86348 0.02500
v -0.21912 1.88372 0.04500
v -0.19888 1.88372 0.04500
v -0.21912 1.86348 0.04500
v -0.19888 1.86348 0.04500
v -0.19888 1.88372 0.02500
v -0.21912 1.88372 0.02500
v -0.19888 1.86348 0.02500
v -0.21912 1.86348 0.02500
v -0.17688 1.88372 0.04500
v -0.17688 1.88372 0.02500
v -0.17688 1.86348 0.04500
v -0.17688 1.86348 0.02500
v -0.19712 1.88372 0.02500
v -0.19712 1.88372 0.04500
v -0.19712 1.86348 0.02500
v -0.19712 1.86348 0.04500
v -0.19712 1.88372 0.02500
v -0.17688 1.88372 0.02500
v -0.19712 1.88372 0.04500
v -0.17688 1.88372 0.04500
v -0.19712 1.86348 0.04500
v -0.17688 1.86348 0.04500
v -0.19712 1.86348 0.02500
v -0.17688 1.86348 0.02500
v -0.19712 1.88372 0.04500
v -0.17688 1.88372 0.04500
v -0.19712 1.86348 0.04500
v -0.17688 1.86348 0.04500
v -0.17688 1.88372 0.02500
v -0.19712 1.88372 0.02500
v -0.17688 1.86348 0.02500
v -0.19712 1.86348 0.02500
v -0.15488 1.88372 0.04500
v -0.15488 1.88372 0.02500
v -0.15488 1.86348 0.04500
v -0.15488 1.86348 0.02500
v -0.17512 1.88372 0.02500
v -0.17512 1.88372 0.04500
v -0.17512 1.86348 0.02500
v -0.17512 1.86348 0.04500
v -0.17512 1.88372 0.02500
v -0.15488 1.88372 0.02500
v -0.17512 1.88372 0.04500
v -0.15488 1.88372 0.04500
v -0.17512 1.86348 0.04500
v -0.15488 1.86348 0.04500
v -0.17512 1.86348 0.02500
v -0.15488 1.86348 0.02500
v -0.17512 1.88372 0.04500
v -0.15488 1.88372 0.04500
v -0.17512 1.86348 0.04500
v -0.15488 1.86348 0.04500
v -0.15488 1.88372 0.02500
v -0.17512 1.88372 0.02500
v -0.15488 1.86348 0.02500
v -0.17512 1.86348 0.02500
v -0.24288 1.86172 0.04500
v -0.24288 1.86172 0.02500
v -0.24288 1.84148 0.04500
v -0.24288 1.84148 0.02500
v -0.26312 1.86172 0.02500
v -0.26312 1.86172 0.04500
v -0.26312 1.84148 0.02500
v -0.26312 1.84148 0.04500
v -0.26312 1.86172 0.02500
v -0.24288 1.86172 0.02500
v -0.26312 1.86172 0.04500
v -0.24288 1.86172 0.04500
v -0.26312 1.84148 0.04500
v -0.24288 1.84148 0.04500
v -0.26312 1.84148 0.02500
v -0.24288 1.84148 0.02500
v -0.26312 1.86172 0.04500
v -0.24288 1.86172 0.04500
v -0.26312 1.84148 0.04500
v -0.24288 1.84148 0.04500
v -0.24288 1.86172 0.02500
v -0.26312 1.86172 0.02500
v -0.24288 1.84148 0.02500
v -0.26312 1.84148 0.02500
v -0.24288 1.83972 0.04500
v -0.24288 1.83972 0.02500
v -0.24288 1.81948 0.04500
v -0.24288 1.81948 0.02500
v -0.26312 1.83972 0.02500
v -0.26312 1.83972 0.04500
v -0.26312 1.81948 0.02500
v -0.26312 1.81948 0.04500
v -0.26312 1.83972 0.02500
v -0.24288 1.83972 0.02500
v -0.26312 1.83972 0.04500
v -0.24288 1.83972 0.04500
v -0.26312 1.81948 0.04500
v -0.24288 1.81948 0.04500
v -0.26312 1.81948 0.02500
v -0.24288 1.81948 0.02500
v -0.26312 1.83972 0.04500
v -0.24288 1.83972 0.04500
v -0.26312 1.81948 0.04500
v -0.24288 1.81948 0.04500
v -0.24288 1.83972 0.02500
v -0.26312 1.83972 0.02500
v -0.24288 1.81948 0.02500
v -0.26312 1.81948 0.02500
v -0.24288 1.81772 0.04500
v -0.24288 1.81772 0.02500
v -0.24288 1.79748 0.04500
v -0.24288 1.79748 0.02500
v -0.26312 1.81772 0.02500
v -0.26312 1.81772 0.04500
v -0.26312 1.79748 0.02500
v -0.26312 1.79748 0.04500
v -0.26312 1.81772 0.02500
v -0.24288 1.81772 0.02500
v -0.26312 1.81772 0.04500
v -0.24288 1.81772 0.04500
v -0.26312 1.79748 0.04500
v -0.24288 1.79748 0.04500
v -0.26312 1.79748 0.02500
v -0.24288 1.79748 0.02500
v -0.26312 1.81772 0.04500
v -0.24288 1.81772 0.04500
v -0.26312 1.79748 0.04500
v -0.24288 1.79748 0.04500
v -0.24288 1.81772 0.02500
v -0.26312 1.81772 0.02500
v -0.24288 1.79748 0.02500
v -0.26312 1.79748 0.02500
v -0.24288 1.79572 0.04500
v -0.24288 1.79572 0.02500
v -0.24288 1.77548 0.04500
v -0.24288 1.77548 0.02500
v -0.26312 1.79572 0.02500
v -0.26312 1.79572 0.04500
v -0.26312 1.77548 0.02500
v -0.26312 1.77548 0.04500
v -0.26312 1.79572 0.02500
v -0.24288 1.79572 0.02500
v -0.26312 1.79572 0.04500
v -0.24288 1.79572 0.04500
v -0.26312 1.77548 0.04500
v -0.24288 1.77548 0.04500
v -0.26312 1.77548 0.02500
v -0.24288 1.77548 0.02500
v -0.26312 1.79572 0.04500
v -0.24288 1.79572 0.04500
v -0.26312 1.77548 0.04500
v -0.24288 1.77548 0.04500
v -0.24288 1.79572 0.02500
v -0.26312 1.79572 0.02500
v -0.24288 1.77548 0.02500
v -0.26312 1.77548 0.02500
v -0.24288 1.77372 0.04500
v -0.24288 1.77372 0.02500
v -0.24288 1.75348 0.04500
v -0.24288 1.75348 0.02500
v -0.26312 1.77372 0.02500
v -0.26312 1.77372 0.04500
v -0.26312 1.75348 0.02500
v -0.26312 1.75348 0.04500
v -0.26312 1.77372 0.02500
v -0.24288 1.77372 0.02500
v -0.26312 1.77372 0.04500
v -0.24288 1.77372 0.04500
v -0.26312 1.75348 0.04500
v -0.24288 1.75348 0.04500
v -0.26312 1.75348 0.02500
v -0.24288 1.75348 0.02500
v -0.26312 1.77372 0.04500
v -0.24288 1.77372 0.04500
v -0.26312 1.75348 0.04500
v -0.24288 1.75348 0.04500
v -0.24288 1.77372 0.02500
v -0.26312 1.77372 0.02500
v -0.24288 1.75348 0.02500
v -0.26312 1.75348 0.02500
v -0.22088 1.75172 0.04500
v -0.22088 1.75172 0.02500
v -0.22088 1.73148 0.04500
v -0.22088 1.73148 0.02500
v -0.24112 1.75172 0.02500
v -0.24112 1.75172 0.04500
v -0.24112 1.73148 0.02500
v -0.24112 1.73148 0.04500
v -0.24112 1.75172 0.02500
v -0.22088 1.75172 0.02500
v -0.24112 1.75172 0.04500
v -0.22088 1.75172 0.04500
v -0.24112 1.73148 0.04500
v -0.22088 1.73148 0.04500
v -0.24112 1.73148 0.02500
v -0.22088 1.73148 0.02500
v -0.24112 1.75172 0.04500
v -0.22088 1.75172 0.04500
v -0.24112 1.73148 0.04500
v -0.22088 1.73148 0.04500
v -0.22088 1.75172 0.02500
v -0.24112 1.75172 0.02500
v -0.22088 1.73148 0.02500
v -0.24112 1.73148 0.02500
v -0.19888 1.75172 0.04500
v -0.19888 1.75172 0.02500
v -0.19888 1.73148 0.04500
v -0.19888 1.73148 0.02500
v -0.21912 1.75172 0.02500
v -0.21912 1.75172 0.04500
v -0.21912 1.73148 0.02500
v -0.21912 1.73148 0.04500
v -0.21912 1.75172 0.02500
v -0.19888 1.75172 0.02500
v -0.21912 1.75172 0.04500
v -0.19888 1.75172 0.04500
v -0.21912 1.73148 0.04500
v -0.19888 1.73148 0.04500
v -0.21912 1.73148 0.02500
v -0.19888 1.73148 0.02500
v -0.21912 1.75172 0.04500
v -0.19888 1.75172 0.04500
v -0.21912 1.73148 0.04500
v -0.19888 1.73148 0.04500
v -0.19888 1.75172 0.02500
v -0.21912 1.75172 0.02500
v -0.19888 1.73148 0.02500
v -0.21912 1.73148 0.02500
v -0.17688 1.75172 0.04500
v -0.17688 1.75172 0.02500
v -0.17688 1.73148 0.04500
v -0.17688 1.73148 0.02500
v -0.19712 1.75172 0.02500
v -0.19712 1.75172 0.04500
v -0.19712 1.73148 0.02500
v -0.19712 1.73148 0.04500
v -0.19712 1.75172 0.02500
v -0.17688 1.75172 0.02500
v -0.19712 1.75172 0.04500
v -0.17688 1.75172 0.04500
v -0.19712 1.73148 0.04500
v -0.17688 1.73148 0.04500
v -0.19712 1.73148 0.02500
v -0.17688 1.73148 0.02500
v -0.19712 1.75172 0.04500
v -0.17688 1.75172 0.04500
v -0.19712 1.73148 0.04500
v -0.17688 1.73148 0.04500
v -0.17688 1.75172 0.02500
v -0.19712 1.75172 0.02500
v -0.17688 1.73148 0.02500
v -0.19712 1.73148 0.02500
v -0.15488 1.75172 0.04500
v -0.15488 1.75172 0.02500
v -0.15488 1.73148 0.04500
v -0.15488 1.73148 0.02500
v -0.17512 1.75172 0.02500
v -0.17512 1.75172 0.04500
v -0.17512 1.73148 0.02500
v -0.17512 1.73148 0.04500
v -0.17512 1.75172 0.02500
v -0.15488 1.75172 0.02500
v -0.17512 1.75172 0.04500
v -0.15488 1.75172 0.04500
v -0.17512 1.73148 0.04500
v -0.15488 1.73148 0.04500
v -0.17512 1.73148 0.02500
v -0.15488 1.73148 0.02500
v -0.17512 1.75172 0.04500
v -0.15488 1.75172 0.04500
v -0.17512 1.73148 0.04500
v -0.15488 1.73148 0.04500
v -0.15488 1.75172 0.02500
v -0.17512 1.75172 0.02500
v -0.15488 1.73148 0.02500
v -0.17512 1.73148 0.02500
v -0.08888 1.88372 0.04500
v -0.08888 1.88372 0.02500
v -0.08888 1.86348 0.04500
v -0.08888 1.86348 0.02500
v -0.10912 1.88372 0.02500
v -0.10912 1.88372 0.04500
v -0.10912 1.86348 0.02500
v -0.10912 1.86348 0.04500
v -0.10912 1.88372 0.02500
v -0.08888 1.88372 0.02500
v -0.10912 1.88372 0.04500
v -0.08888 1.88372 0.04500
v -0.10912 1.86348 0.04500
v -0.08888 1.86348 0.04500
v -0.10912 1.86348 0.02500
v -0.08888 1.86348 0.02500
v -0.10912 1.88372 0.04500
v -0.08888 1.88372 0.04500
v -0.10912 1.86348 0.04500
v -0.08888 1.86348 0.04500
v -0.08888 1.88372 0.02500
v -0.10912 1.88372 0.02500
v -0.08888 1.86348 0.02500
v -0.10912 1.86348 0.02500
v -0.06688 1.88372 0.04500
v -0.06688 1.88372 0.02500
v -0.06688 1.86348 0.04500
v -0.06688 1.86348 0.02500
v -0.08712 1.88372 0.02500
v -0.08712 1.88372 0.04500
v -0.08712 1.86348 0.02500
v -0.08712 1.86348 0.04500
v -0.08712 1.88372 0.02500
v -0.06688 1.88372 0.02500
v -0.08712 1.88372 0.04500
v -0.06688 1.88372 0.04500
v -0.08712 1.86348 0.04500
v -0.06688 1.86348 0.04500
v -0.08712 1.86348 0.02500
v -0.06688 1.86348 0.02500
v -0.08712 1.88372 0.04500
v -0.06688 1.88372 0.04500
v -0.08712 1.86348 0.04500
v -0.06688 1.86348 0.04500
v -0.06688 1.88372 0.02500
v -0.08712 1.88372 0.02500
v -0.06688 1.86348 0.02500
v -0.08712 1.86348 0.02500
v -0.04488 1.88372 0.04500
v -0.04488 1.88372 0.02500
v -0.04488 1.86348 0.04500
v -0.04488 1.86348 0.02500
v -0.06512 1.88372 0.02500
v -0.06512 1.88372 0.04500
v -0.06512 1.86348 0.02500
v -0.06512 1.86348 0.04500
v -0.06512 1.88372 0.02500
v -0.04488 1.88372 0.02500
v -0.06512 1.88372 0.04500
v -0.04488 1.88372 0.04500
v -0.06512 1.86348 0.04500
v -0.04488 1.86348 0.04500
v -0.06512 1.86348 0.02500
v -0.04488 1.86348 0.02500
v -0.06512 1.88372 0.04500
v -0.04488 1.88372 0.04500
v -0.06512 1.86348 0.04500
v -0.04488 1.86348 0.04500
v -0.04488 1.88372 0.02500
v -0.06512 1.88372 0.02500
v -0.04488 1.86348 0.02500
v -0.06512 1.86348 0.02500
v -0.11088 1.86172 0.04500
v -0.11088 1.86172 0.02500
v -0.11088 1.84148 0.04500
v -0.11088 1.84148 0.02500
v -0.13112 1.86172 0.02500
v -0.13112 1.86172 0.04500
v -0.13112 1.84148 0.02500
v -0.13112 1.84148 0.04500
v -0.13112 1.86172 0.02500
v -0.11088 1.86172 0.02500
v -0.13112 1.86172 0.04500
v -0.11088 1.86172 0.04500
v -0.13112 1.84148 0.04500
v -0.11088 1.84148 0.04500
v -0.13112 1.84148 0.02500
v -0.11088 1.84148 0.02500
v -0.13112 1.86172 0.04500
v -0.11088 1.86172 0.04500
v -0.13112 1.84148 0.04500
v -0.11088 1.84148 0.04500
v -0.11088 1.86172 0.02500
v -0.13112 1.86172 0.02500
v -0.11088 1.84148 0.02500
v -0.13112 1.84148 0.02500
v -0.02288 1.86172 0.04500
v -0.02288 1.86172 0.02500
v -0.02288 1.84148 0.04500
v -0.02288 1.84148 0.02500
v -0.04312 1.86172 0.02500
v -0.04312 1.86172 0.04500
v -0.04312 1.84148 0.02500
v -0.04312 1.84148 0.04500
v -0.04312 1.86172 0.02500
v -0.02288 1.86172 0.02500
v -0.04312 1.86172 0.04500
v -0.02288 1.86172 0.04500
v -0.04312 1.84148 0.04500
v -0.02288 1.84148 0.04500
v -0.04312 1.84148 0.02500
v -0.02288 1.84148 0.02500
v -0.04312 1.86172 0.04500
v -0.02288 1.86172 0.04500
v -0.04312 1.84148 0.04500
v -0.02288 1.84148 0.04500
v -0.02288 1.86172 0.02500
v -0.04312 1.86172 0.02500
v -0.02288 1.84148 0.02500
v -0.04312 1.84148 0.02500
v -0.11088 1.83972 0.04500
v -0.11088 1.83972 0.02500
v -0.11088 1.81948 0.04500
v -0.11088 1.81948 0.02500
v -0.13112 1.83972 0.02500
v -0.13112 1.83972 0.04500
v -0.13112 1.81948 0.02500
v -0.13112 1.81948 0.04500
v -0.13112 1.83972 0.02500
v -0.11088 1.83972 0.02500
v -0.13112 1.83972 0.04500
v -0.11088 1.83972 0.04500
v -0.13112 1.81948 0.04500
v -0.11088 1.81948 0.04500
v -0.13112 1.81948 0.02500
v -0.11088 1.81948 0.02500
v -0.13112 1.83972 0.04500
v -0.11088 1.83972 0.04500
v -0.13112 1.81948 0.04500
v -0.11088 1.81948 0.04500
v -0.11088 1.83972 0.02500
v -0.13112 1.83972 0.02500
v -0.11088 1.81948 0.02500
v -0.13112 1.81948 0.02500
v -0.02288 1.83972 0.04500
v -0.02288 1.83972 0.02500
v -0.02288 1.81948 0.04500
v -0.02288 1.81948 0.02500
v -0.04312 1.83972 0.02500
v -0.04312 1.83972 0.04500
v -0.04312 1.81948 0.02500
v -0.04312 1.81948 0.04500
v -0.04312 1.83972 0.02500
v -0.02288 1.83972 0.02500
v -0.04312 1.83972 0.04500
v -0.02288 1.83972 0.04500
v -0.04312 1.81948 0.04500
v -0.02288 1.81948 0.04500
v -0.04312 1.81948 0.02500
v -0.02288 1.81948 0.02500
v -0.04312 1.83972 0.04500
v -0.02288 1.83972 0.04500
v -0.04312 1.81948 0.04500
v -0.02288 1.81948 0.04500
v -0.02288 1.83972 0.02500
v -0.04312 1.83972 0.02500
v -0.02288 1.81948 0.02500
v -0.04312 1.81948 0.02500
v -0.11088 1.81772 0.04500
v -0.11088 1.81772 0.02500
v -0.11088 1.79748 0.04500
v -0.11088 1.79748 0.02500
v -0.13112 1.81772 0.02500
v -0.13112 1.81772 0.04500
v -0.13112 1.79748 0.02500
v -0.13112 1.79748 0.04500
v -0.13112 1.81772 0.02500
v -0.11088 1.81772 0.02500
v -0.13112 1.81772 0.04500
v -0.11088 1.81772 0.04500
v -0.13112 1.79748 0.04500
v -0.11088 1.79748 0.04500
v -0.13112 1.79748 0.02500
v -0.11088 1.79748 0.02500
v -0.13112 1.81772 0.04500
v -0.11088 1.81772 0.04500
v -0.13112 1.79748 0.04500
v -0.11088 1.79748 0.04500
v -0.11088 1.81772 0.02500
v -0.13112 1.81772 0.02500
v -0.11088 1.79748 0.02500
v -0.13112 1.79748 0.02500
v -0.02288 1.81772 0.04500
v -0.02288 1.81772 0.02500
v -0.02288 1.79748 0.04500
v -0.02288 1.79748 0.02500
v -0.04312 1.81772 0.02500
v -0.04312 1.81772 0.04500
v -0.04312 1.79748 0.02500
v -0.04312 1.79748 0.04500
v -0.04312 1.81772 0.02500
v -0.02288 1.81772 0.02500
v -0.04312 1.81772 0.04500
v -0.02288 1.81772 0.04500
v -0.04312 1.79748 0.04500
v -0.02288 1.79748 0.04500
v -0.04312 1.79748 0.02500
v -0.02288 1.79748 0.02500
v -0.04312 1.81772 0.04500
v -0.02288 1.81772 0.04500
v -0.04312 1.79748 0.04500
v -0.02288 1.79748 0.04500
v -0.02288 1.81772 0.02500
v -0.04312 1.81772 0.02500
v -0.02288 1.79748 0.02500
v -0.04312 1.79748 0.02500
v -0.11088 1.79572 0.04500
v -0.11088 1.79572 0.02500
v -0.11088 1.77548 0.04500
v -0.11088 1.77548 0.02500
v -0.13112 1.79572 0.02500
v -0.13112 1.79572 0.04500
v -0.13112 1.77548 0.02500
v -0.13112 1.77548 0.04500
v -0.13112 1.79572 0.02500
v -0.11088 1.79572 0.02500
v -0.13112 1.79572 0.04500
v -0.11088 1.79572 0.04500
v -0.13112 1.77548 0.04500
v -0.11088 1.77548 0.04500
v -0.13112 1.77548 0.02500
v -0.11088 1.77548 0.02500
v -0.13112 1.79572 0.04500
v -0.11088 1.79572 0.04500
v -0.13112 1.77548 0.04500
v -0.11088 1.77548 0.04500
v -0.11088 1.79572 0.02500
v -0.13112 1.79572 0.02500
v -0.11088 1.77548 0.02500
v -0.13112 1.77548 0.02500
v -0.02288 1.79572 0.04500
v -0.02288 1.79572 0.02500
v -0.02288 1.77548 0.04500
v -0.02288 1.77548 0.02500
v -0.04312 1.79572 0.02500
v -0.04312 1.79572 0.04500
v -0.04312 1.77548 0.02500
v -0.04312 1.77548 0.04500
v -0.04312 1.79572 0.02500
v -0.02288 1.79572 0.02500
v -0.04312 1.79572 0.04500
v -0.02288 1.79572 0.04500
v -0.04312 1.77548 0.04500
v -0.02288 1.77548 0.04500
v -0.04312 1.77548 0.02500
v -0.02288 1.77548 0.02500
v -0.04312 1.79572 0.04500
v -0.02288 1.79572 0.04500
v -0.04312 1.77548 0.04500
v -0.02288 1.77548 0.04500
v -0.02288 1.79572 0.02500
v -0.04312 1.79572 0.02500
v -0.02288 1.77548 0.02500
v -0.04312 1.77548 0.02500
v -0.11088 1.77372 0.04500
v -0.11088 1.77372 0.02500
v -0.11088 1.75348 0.04500
v -0.11088 1.75348 0.02500
v -0.13112 1.77372 0.02500
v -0.13112 1.77372 0.04500
v -0.13112 1.75348 0.02500
v -0.13112 1.75348 0.04500
v -0.13112 1.77372 0.02500
v -0.11088 1.77372 0.02500
v -0.13112 1.77372 0.04500
v -0.11088 1.77372 0.04500
v -0.13112 1.75348 0.04500
v -0.11088 1.75348 0.04500
v -0.13112 1.75348 0.02500
v -0.11088 1.75348 0.02500
v -0.13112 1.77372 0.04500
v -0.11088 1.77372 0.04500
v -0.13112 1.75348 0.04500
v -0.11088 1.75348 0.04500
v -0.11088 1.77372 0.02500
v -0.13112 1.77372 0.02500
v -0.11088 1.75348 0.02500
v -0.13112 1.75348 0.02500
v -0.02288 1.77372 0.04500
v -0.02288 1.77372 0.02500
v -0.02288 1.75348 0.04500
v -0.02288 1.75348 0.02500
v -0.04312 1.77372 0.02500
v -0.04312 1.77372 0.04500
v -0.04312 1.75348 0.02500
v -0.04312 1.75348 0.04500
v -0.04312 1.77372 0.02500
v -0.02288 1.77372 0.02500
v -0.04312 1.77372 0.04500
v -0.02288 1.77372 0.04500
v -0.04312 1.75348 0.04500
v -0.02288 1.75348 0.04500
v -0.04312 1.75348 0.02500
v -0.02288 1.75348 0.02500
v -0.04312 1.77372 0.04500
v -0.02288 1.77372 0.04500
v -0.04312 1.75348 0.04500
v -0.02288 1.75348 0.04500
v -0.02288 1.77372 0.02500
v -0.04312 1.77372 0.02500
v -0.02288 1.75348 0.02500
v -0.04312 1.75348 0.02500
v -0.08888 1.75172 0.04500
v -0.08888 1.75172 0.02500
v -0.08888 1.73148 0.04500
v -0.08888 1.73148 0.02500
v -0.10912 1.75172 0.02500
v -0.10912 1.75172 0.04500
v -0.10912 1.73148 0.02500
v -0.10912 1.73148 0.04500
v -0.10912 1.75172 0.02500
v -0.08888 1.75172 0.02500
v -0.10912 1.75172 0.04500
v -0.08888 1.75172 0.04500
v -0.10912 1.73148 0.04500
v -0.08888 1.73148 0.04500
v -0.10912 1.73148 0.02500
v -0.08888 1.73148 0.02500
v -0.10912 1.75172 0.04500
v -0.08888 1.75172 0.04500
v -0.10912 1.73148 0.04500
v -0.08888 1.73148 0.04500
v -0.08888 1.75172 0.02500
v -0.10912 1.75172 0.02500
v -0.08888 1.73148 0.02500
v -0.10912 1.73148 0.02500
v -0.06688 1.75172 0.04500
v -0.06688 1.75172 0.02500
v -0.06688 1.73148 0.04500
v -0.06688 1.73148 0.02500
v -0.08712 1.75172 0.02500
v -0.08712 1.75172 0.04500
v -0.08712 1.73148 0.02500
v -0.08712 1.73148 0.04500
v -0.08712 1.75172 0.02500
v -0.06688 1.75172 0.02500
v -0.08712 1.75172 0.04500
v -0.06688 1.75172 0.04500
v -0.08712 1.73148 0.04500
v -0.06688 1.73148 0.04500
v -0.08712 1.73148 0.02500
v -0.06688 1.73148 0.02500
v -0.08712 1.75172 0.04500
v -0.06688 1.75172 0.04500
v -0.08712 1.73148 0.04500
v -0.06688 1.73148 0.04500
v -0.06688 1.75172 0.02500
v -0.08712 1.75172 0.02500
v -0.06688 1.73148 0.02500
v -0.08712 1.73148 0.02500
v -0.04488 1.75172 0.04500
v -0.04488 1.75172 0.02500
v -0.04488 1.73148 0.04500
v -0.04488 1.73148 0.02500
v -0.06512 1.75172 0.02500
v -0.06512 1.75172 0.04500
v -0.06512 1.73148 0.02500
v -0.06512 1.73148 0.04500
v -0.06512 1.75172 0.02500
v -0.04488 1.75172 0.02500
v -0.06512 1.75172 0.04500
v -0.04488 1.75172 0.04500
v -0.06512 1.73148 0.04500
v -0.04488 1.73148 0.04500
v -0.06512 1.73148 0.02500
v -0.04488 1.73148 0.02500
v -0.06512 1.75172 0.04500
v -0.04488 1.75172 0.04500
v -0.06512 1.73148 0.04500
v -0.04488 1.73148 0.04500
v -0.04488 1.75172 0.02500
v -0.06512 1.75172 0.02500
v -0.04488 1.73148 0.02500
v -0.06512 1.73148 0.02500
v 0.02112 1.88372 0.04500
v 0.02112 1.88372 0.02500
v 0.02112 1.86348 0.04500
v 0.02112 1.86348 0.02500
v 0.00088 1.88372 0.02500
v 0.00088 1.88372 0.04500
v 0.00088 1.86348 0.02500
v 0.00088 1.86348 0.04500
v 0.00088 1.88372 0.02500
v 0.02112 1.88372 0.02500
v 0.00088 1.88372 0.04500
v 0.02112 1.88372 0.04500
v 0.00088 1.86348 0.04500
v 0.02112 1.86348 0.04500
v 0.00088 1.86348 0.02500
v 0.02112 1.86348 0.02500
v 0.00088 1.88372 0.04500
v 0.02112 1.88372 0.04500
v 0.00088 1.86348 0.04500
v 0.02112 1.86348 0.04500
v 0.02112 1.88372 0.02500
v 0.00088 1.88372 0.02500
v 0.02112 1.86348 0.02500
v 0.00088 1.86348 0.02500
v 0.10912 1.88372 0.04500
v 0.10912 1.88372 0.02500
v 0.10912 1.86348 0.04500
v 0.10912 1.86348 0.02500
v 0.08888 1.88372 0.02500
v 0.08888 1.88372 0.04500
v 0.08888 1.86348 0.02500
v 0.08888 1.86348 0.04500
v 0.08888 1.88372 0.02500
v 0.10912 1.88372 0.02500
v 0.08888 1.88372 0.04500
v 0.10912 1.88372 0.04500
v 0.08888 1.86348 0.04500
v 0.10912 1.86348 0.04500
v 0.08888 1.86348 0.02500
v 0.10912 1.86348 0.02500
v 0.08888 1.88372 0.04500
v 0.10912 1.88372 0.04500
v 0.08888 1.86348 0.04500
v 0.10912 1.86348 0.04500
v 0.10912 1.88372 0.02500
v 0.08888 1.88372 0.02500
v 0.10912 1.86348 0.02500
v 0.08888 1.86348 0.02500
v 0.02112 1.86172 0.04500
v 0.02112 1.86172 0.02500
v 0.02112 1.84148 0.04500
v 0.02112 1.84148 0.02500
v 0.00088 1.86172 0.02500
v 0.00088 1.86172 0.04500
v 0.00088 1.84148 0.02500
v 0.00088 1.84148 0.04500
v 0.00088 1.86172 0.02500
v 0.02112 1.86172 0.02500
v 0.00088 1.86172 0.04500
v 0.02112 1.86172 0.04500
v 0.00088 1.84148 0.04500
v 0.02112 1.84148 0.04500
v 0.00088 1.84148 0.02500
v 0.02112 1.84148 0.02500
v 0.00088 1.86172 0.04500
v 0.02112 1.86172 0.04500
v 0.00088 1.84148 0.04500
v 0.02112 1.84148 0.04500
v 0.02112 1.86172 0.02500
v 0.00088 1.86172 0.02500
v 0.02112 1.84148 0.02500
v 0.00088 1.84148 0.02500
v 0.04312 1.86172 0.04500
v 0.04312 1.86172 0.02500
v 0.04312 1.84148 0.04500
v 0.04312 1.84148 0.02500
v 0.02288 1.86172 0.02500
v 0.02288 1.86172 0.04500
v 0.02288 1.84148 0.02500
v 0.02288 1.84148 0.04500
v 0.02288 1.86172 0.02500
v 0.04312 1.86172 0.02500
v 0.02288 1.86172 0.04500
v 0.04312 1.86172 0.04500
v 0.02288 1.84148 0.04500
v 0.04312 1.84148 0.04500
v 0.02288 1.84148 0.02500
v 0.04312 1.84148 0.02500
v 0.02288 1.86172 0.04500
v 0.04312 1.86172 0.04500
v 0.02288 1.84148 0.04500
v 0.04312 1.84148 0.04500
v 0.04312 1.86172 0.02500
v 0.02288 1.86172 0.02500
v 0.04312 1.84148 0.02500
v 0.02288 1.84148 0.02500
v 0.08712 1.86172 0.04500
v 0.08712 1.86172 0.02500
v 0.08712 1.84148 0.04500
v 0.08712 1.84148 0.02500
v 0.06688 1.86172 0.02500
v 0.06688 1.86172 0.04500
v 0.06688 1.84148 0.02500
v 0.06688 1.84148 0.04500
v 0.06688 1.86172 0.02500
v 0.08712 1.86172 0.02500
v 0.06688 1.86172 0.04500
v 0.08712 1.86172 0.04500
v 0.06688 1.84148 0.04500
v 0.08712 1.84148 0.04500
v 0.06688 1.84148 0.02500
v 0.08712 1.84148 0.02500
v 0.06688 1.86172 0.04500
v 0.08712 1.86172 0.04500
v 0.06688 1.84148 0.04500
v 0.08712 1.84148 0.04500
v 0.08712 1.86172 0.02500
v 0.06688 1.86172 0.02500
v 0.08712 1.84148 0.02500
v 0.06688 1.84148 0.02500
v 0.10912 1.86172 0.04500
v 0.10912 1.86172 0.02500
v 0.10912 1.84148 0.04500
v 0.10912 1.84148 0.02500
v 0.08888 1.86172 0.02500
v 0.08888 1.86172 0.04500
v 0.08888 1.84148 0.02500
v 0.08888 1.84148 0.04500
v 0.08888 1.86172 0.02500
v 0.10912 1.86172 0.02500
v 0.08888 1.86172 0.04500
v 0.10912 1.86172 0.04500
v 0.08888 1.84148 0.04500
v 0.10912 1.84148 0.04500
v 0.08888 1.84148 0.02500
v 0.10912 1.84148 0.02500
v 0.08888 1.86172 0.04500
v 0.10912 1.86172 0.04500
v 0.08888 1.84148 0.04500
v 0.10912 1.84148 0.04500
v 0.10912 1.86172 0.02500
v 0.08888 1.86172 0.02500
v 0.10912 1.84148 0.02500
v 0.08888 1.84148 0.02500
v 0.02112 1.83972 0.04500
v 0.02112 1.83972 0.02500
v 0.02112 1.81948 0.04500
v 0.02112 1.81948 0.02500
v 0.00088 1.83972 0.02500
v 0.00088 1.83972 0.04500
v 0.00088 1.81948 0.02500
v 0.00088 1.81948 0.04500
v 0.00088 1.83972 0.02500
v 0.02112 1.83972 0.02500
v 0.00088 1.83972 0.04500
v 0.02112 1.83972 0.04500
v 0.00088 1.81948 0.04500
v 0.02112 1.81948 0.04500
v 0.00088 1.81948 0.02500
v 0.02112 1.81948 0.02500
v 0.00088 1.83972 0.04500
v 0.02112 1.83972 0.04500
v 0.00088 1.81948 0.04500
v 0.02112 1.81948 0.04500
v 0.02112 1.83972 0.02500
v 0.00088 1.83972 0.02500
v 0.02112 1.81948 0.02500
v 0.00088 1.81948 0.02500
v 0.06512 1.83972 0.04500
v 0.06512 1.83972 0.02500
v 0.06512 1.81948 0.04500
v 0.06512 1.81948 0.02500
v 0.04488 1.83972 0.02500
v 0.04488 1.83972 0.04500
v 0.04488 1.81948 0.02500
v 0.04488 1.81948 0.04500
v 0.04488 1.83972 0.02500
v 0.06512 1.83972 0.02500
v 0.04488 1.83972 0.04500
v 0.06512 1.83972 0.04500
v 0.04488 1.81948 0.04500
v 0.06512 1.81948 0.04500
v 0.04488 1.81948 0.02500
v 0.06512 1.81948 0.02500
v 0.04488 1.83972 0.04500
v 0.06512 1.83972 0.04500
v 0.04488 1.81948 0.04500
v 0.06512 1.81948 0.04500
v 0.06512 1.83972 0.02500
v 0.04488 1.83972 0.02500
v 0.06512 1.81948 0.02500
v 0.04488 1.81948 0.02500
v 0.10912 1.83972 0.04500
v 0.10912 1.83972 0.02500
v 0.10912 1.81948 0.04500
v 0.10912 1.81948 0.02500
v 0.08888 1.83972 0.02500
v 0.08888 1.83972 0.04500
v 0.08888 1.81948 0.02500
v 0.08888 1.81948 0.04500
v 0.08888 1.83972 0.02500
v 0.10912 1.83972 0.02500
v 0.08888 1.83972 0.04500
v 0.10912 1.83972 0.04500
v 0.08888 1.81948 0.04500
v 0.10912 1.81948 0.04500
v 0.08888 1.81948 0.02500
v 0.10912 1.81948 0.02500
v 0.08888 1.83972 0.04500
v 0.10912 1.83972 0.04500
v 0.08888 1.81948 0.04500
v 0.10912 1.81948 0.04500
v 0.10912 1.83972 0.02500
v 0.08888 1.83972 0.02500
v 0.10912 1.81948 0.02500
v 0.08888 1.81948 0.02500
v 0.02112 1.81772 0.04500
v 0.02112 1.81772 0.02500
v 0.02112 1.79748 0.04500
v 0.02112 1.79748 0.02500
v 0.00088 1.81772 0.02500
v 0.00088 1.81772 0.04500
v 0.00088 1.79748 0.02500
v 0.00088 1.79748 0.04500
v 0.00088 1.81772 0.02500
v 0.02112 1.81772 0.02500
v 0.00088 1.81772 0.04500
v 0.02112 1.81772 0.04500
v 0.00088 1.79748 0.04500
v 0.02112 1.79748 0.04500
v 0.00088 1.79748 0.02500
v 0.02112 1.79748 0.02500
v 0.00088 1.81772 0.04500
v 0.02112 1.81772 0.04500
v 0.00088 1.79748 0.04500
v 0.02112 1.79748 0.04500
v 0.02112 1.81772 0.02500
v 0.00088 1.81772 0.02500
v 0.02112 1.79748 0.02500
v 0.00088 1.79748 0.02500
v 0.06512 1.81772 0.04500
v 0.06512 1.81772 0.02500
v 0.06512 1.79748 0.04500
v 0.06512 1.79748 0.02500
v 0.04488 1.81772 0.02500
v 0.04488 1.81772 0.04500
v 0.04488 1.79748 0.02500
v 0.04488 1.79748 0.04500
v 0.04488 1.81772 0.02500
v 0.06512 1.81772 0.02500
v 0.04488 1.81772 0.04500
v 0.06512 1.81772 0.04500
v 0.04488 1.79748 0.04500
v 0.06512 1.79748 0.04500
v 0.04488 1.79748 0.02500
v 0.06512 1.79748 0.02500
v 0.04488 1.81772 0.04500
v 0.06512 1.81772 0.04500
v 0.04488 1.79748 0.04500
v 0.06512 1.79748 0.04500
v 0.06512 1.81772 0.02500
v 0.04488 1.81772 0.02500
v 0.06512 1.79748 0.02500
v 0.04488 1.79748 0.02500
v 0.10912 1.81772 0.04500
v 0.10912 1.81772 0.02500
v 0.10912 1.79748 0.04500
v 0.10912 1.79748 0.02500
v 0.08888 1.81772 0.02500
v 0.08888 1.81772 0.04500
v 0.08888 1.79748 0.02500
v 0.08888 1.79748 0.04500
v 0.08888 1.81772 0.02500
v 0.10912 1.81772 0.02500
v 0.08888 1.81772 0.04500
v 0.10912 1.81772 0.04500
v 0.08888 1.79748 0.04500
v 0.10912 1.79748 0.04500
v 0.08888 1.79748 0.02500
v 0.10912 1.79748 0.02500
v 0.08888 1.81772 0.04500
v 0.10912 1.81772 0.04500
v 0.08888 1.79748 0.04500
v 0.10912 1.79748 0.04500
v 0.10912 1.81772 0.02500
v 0.08888 1.81772 0.02500
v 0.10912 1.79748 0.02500
v 0.08888 1.79748 0.02500
v 0.02112 1.79572 0.04500
v 0.02112 1.79572 0.02500
v 0.02112 1.77548 0.04500
v 0.02112 1.77548 0.02500
v 0.00088 1.79572 0.02500
v 0.00088 1.79572 0.04500
v 0.00088 1.77548 0.02500
v 0.00088 1.77548 0.04500
v 0.00088 1.79572 0.02500
v 0.02112 1.79572 0.02500
v 0.00088 1.79572 0.04500
v 0.02112 1.79572 0.04500
v 0.00088 1.77548 0.04500
v 0.02112 1.77548 0.04500
v 0.00088 1.77548 0.02500
v 0.02112 1.77548 0.02500
v 0.00088 1.79572 0.04500
v 0.02112 1.79572 0.04500
v 0.00088 1.77548 0.04500
v 0.02112 1.77548 0.04500
v 0.02112 1.79572 0.02500
v 0.00088 1.79572 0.02500
v 0.02112 1.77548 0.02500
v 0.00088 1.77548 0.02500
v 0.10912 1.79572 0.04500
v 0.10912 1.79572 0.02500
v 0.10912 1.77548 0.04500
v 0.10912 1.77548 0.02500
v 0.08888 1.79572 0.02500
v 0.08888 1.79572 0.04500
v 0.08888 1.77548 0.02500
v 0.08888 1.77548 0.04500
v 0.08888 1.79572 0.02500
v 0.10912 1.79572 0.02500
v 0.08888 1.79572 0.04500
v 0.10912 1.79572 0.04500
v 0.08888 1.77548 0.04500
v 0.10912 1.77548 0.04500
v 0.08888 1.77548 0.02500
v 0.10912 1.77548 0.02500
v 0.08888 1.79572 0.04500
v 0.10912 1.79572 0.04500
v 0.08888 1.77548 0.04500
v 0.10912 1.77548 0.04500
v 0.10912 1.79572 0.02500
v 0.08888 1.79572 0.02500
v 0.10912 1.77548 0.02500
v 0.08888 1.77548 0.02500
v 0.02112 1.77372 0.04500
v 0.02112 1.77372 0.02500
v 0.02112 1.75348 0.04500
v 0.02112 1.75348 0.02500
v 0.00088 1.77372 0.02500
v 0.00088 1.77372 0.04500
v 0.00088 1.75348 0.02500
v 0.00088 1.75348 0.04500
v 0.00088 1.77372 0.02500
v 0.02112 1.77372 0.02500
v 0.00088 1.77372 0.04500
v 0.02112 1.77372 0.04500
v 0.00088 1.75348 0.04500
v 0.02112 1.75348 0.04500
v 0.00088 1.75348 0.02500
v 0.02112 1.75348 0.02500
v 0.00088 1.77372 0.04500
v 0.02112 1.77372 0.04500
v 0.00088 1.75348 0.04500
v 0.02112 1.75348 0.04500
v 0.02112 1.77372 0.02500
v 0.00088 1.77372 0.02500
v 0.02112 1.75348 0.02500
v 0.00088 1.75348 0.02500
v 0.10912 1.77372 0.04500
v 0.10912 1.77372 0.02500
v 0.10912 1.75348 0.04500
v 0.10912 1.75348 0.02500
v 0.08888 1.77372 0.02500
v 0.08888 1.77372 0.04500
v 0.08888 1.75348 0.02500
v 0.08888 1.75348 0.04500
v 0.08888 1.77372 0.02500
v 0.10912 1.77372 0.02500
v 0.08888 1.77372 0.04500
v 0.10912 1.77372 0.04500
v 0.08888 1.75348 0.04500
v 0.10912 1.75348 0.04500
v 0.08888 1.75348 0.02500
v 0.10912 1.75348 0.02500
v 0.08888 1.77372 0.04500
v 0.10912 1.77372 0.04500
v 0.08888 1.75348 0.04500
v 0.10912 1.75348 0.04500
v 0.10912 1.77372 0.02500
v 0.08888 1.77372 0.02500
v 0.10912 1.75348 0.02500
v 0.08888 1.75348 0.02500
v 0.02112 1.75172 0.04500
v 0.02112 1.75172 0.02500
v 0.02112 1.73148 0.04500
v 0.02112 1.73148 0.02500
v 0.00088 1.75172 0.02500
v 0.00088 1.75172 0.04500
v 0.00088 1.73148 0.02500
v 0.00088 1.73148 0.04500
v 0.00088 1.75172 0.02500
v 0.02112 1.75172 0.02500
v 0.00088 1.75172 0.04500
v 0.02112 1.75172 0.04500
v 0.00088 1.73148 0.04500
v 0.02112 1.73148 0.04500
v 0.00088 1.73148 0.02500
v 0.02112 1.73148 0.02500
v 0.00088 1.75172 0.04500
v 0.02112 1.75172 0.04500
v 0.00088 1.73148 0.04500
v 0.02112 1.73148 0.04500
v 0.02112 1.75172 0.02500
v 0.00088 1.75172 0.02500
v 0.02112 1.73148 0.02500
v 0.00088 1.73148 0.02500
v 0.10912 1.75172 0.04500
v 0.10912 1.75172 0.02500
v 0.10912 1.73148 0.04500
v 0.10912 1.73148 0.02500
v 0.08888 1.75172 0.02500
v 0.08888 1.75172 0.04500
v 0.08888 1.73148 0.02500
v 0.08888 1.73148 0.04500
v 0.08888 1.75172 0.02500
v 0.10912 1.75172 0.02500
v 0.08888 1.75172 0.04500
v 0.10912 1.75172 0.04500
v 0.08888 1.73148 0.04500
v 0.10912 1.73148 0.04500
v 0.08888 1.73148 0.02500
v 0.10912 1.73148 0.02500
v 0.08888 1.75172 0.04500
v 0.10912 1.75172 0.04500
v 0.08888 1.73148 0.04500
v 0.10912 1.73148 0.04500
v 0.10912 1.75172 0.02500
v 0.08888 1.75172 0.02500
v 0.10912 1.73148 0.02500
v 0.08888 1.73148 0.02500
v 0.15312 1.88372 0.04500
v 0.15312 1.88372 0.02500
v 0.15312 1.86348 0.04500
v 0.15312 1.86348 0.02500
v 0.13288 1.88372 0.02500
v 0.13288 1.88372 0.04500
v 0.13288 1.86348 0.02500
v 0.13288 1.86348 0.04500
v 0.13288 1.88372 0.02500
v 0.15312 1.88372 0.02500
v 0.13288 1.88372 0.04500
v 0.15312 1.88372 0.04500
v 0.13288 1.86348 0.04500
v 0.15312 1.86348 0.04500
v 0.13288 1.86348 0.02500
v 0.15312 1.86348 0.02500
v 0.13288 1.88372 0.04500
v 0.15312 1.88372 0.04500
v 0.13288 1.86348 0.04500
v 0.15312 1.86348 0.04500
v 0.15312 1.88372 0.02500
v 0.13288 1.88372 0.02500
v 0.15312 1.86348 0.02500
v 0.13288 1.86348 0.02500
v 0.17512 1.88372 0.04500
v 0.17512 1.88372 0.02500
v 0.17512 1.86348 0.04500
v 0.17512 1.86348 0.02500
v 0.15488 1.88372 0.02500
v 0.15488 1.88372 0.04500
v 0.15488 1.86348 0.02500
v 0.15488 1.86348 0.04500
v 0.15488 1.88372 0.02500
v 0.17512 1.88372 0.02500
v 0.15488 1.88372 0.04500
v 0.17512 1.88372 0.04500
v 0.15488 1.86348 0.04500
v 0.17512 1.86348 0.04500
v 0.15488 1.86348 0.02500
v 0.17512 1.86348 0.02500
v 0.15488 1.88372 0.04500
v 0.17512 1.88372 0.04500
v 0.15488 1.86348 0.04500
v 0.17512 1.86348 0.04500
v 0.17512 1.88372 0.02500
v 0.15488 1.88372 0.02500
v 0.17512 1.86348 0.02500
v 0.15488 1.86348 0.02500
v 0.19712 1.88372 0.04500
v 0.19712 1.88372 0.02500
v 0.19712 1.86348 0.04500
v 0.19712 1.86348 0.02500
v 0.17688 1.88372 0.02500
v 0.17688 1.88372 0.04500
v 0.17688 1.86348 0.02500
v 0.17688 1.86348 0.04500
v 0.17688 1.88372 0.02500
v 0.19712 1.88372 0.02500
v 0.17688 1.88372 0.04500
v 0.19712 1.88372 0.04500
v 0.17688 1.86348 0.04500
v 0.19712 1.86348 0.04500
v 0.17688 1.86348 0.02500
v 0.19712 1.86348 0.02500
v 0.17688 1.88372 0.04500
v 0.19712 1.88372 0.04500
v 0.17688 1.86348 0.04500
v 0.19712 1.86348 0.04500
v 0.19712 1.88372 0.02500
v 0.17688 1.88372 0.02500
v 0.19712 1.86348 0.02500
v 0.17688 1.86348 0.02500
v 0.21912 1.88372 0.04500
v 0.21912 1.88372 0.02500
v 0.21912 1.86348 0.04500
v 0.21912 1.86348 0.02500
v 0.19888 1.88372 0.02500
v 0.19888 1.88372 0.04500
v 0.19888 1.86348 0.02500
v 0.19888 1.86348 0.04500
v 0.19888 1.88372 0.02500
v 0.21912 1.88372 0.02500
v 0.19888 1.88372 0.04500
v 0.21912 1.88372 0.04500
v 0.19888 1.86348 0.04500
v 0.21912 1.86348 0.04500
v 0.19888 1.86348 0.02500
v 0.21912 1.86348 0.02500
v 0.19888 1.88372 0.04500
v 0.21912 1.88372 0.04500
v 0.19888 1.86348 0.04500
v 0.21912 1.86348 0.04500
v 0.21912 1.88372 0.02500
v 0.19888 1.88372 0.02500
v 0.21912 1.86348 0.02500
v 0.19888 1.86348 0.02500
v 0.24112 1.88372 0.04500
v 0.24112 1.88372 0.02500
v 0.24112 1.86348 0.04500
v 0.24112 1.86348 0.02500
v 0.22088 1.88372 0.02500
v 0.22088 1.88372 0.04500
v 0.22088 1.86348 0.02500
v 0.22088 1.86348 0.04500
v 0.22088 1.88372 0.02500
v 0.24112 1.88372 0.02500
v 0.22088 1.88372 0.04500
v 0.24112 1.88372 0.04500
v 0.22088 1.86348 0.04500
v 0.24112 1.86348 0.04500
v 0.22088 1.86348 0.02500
v 0.24112 1.86348 0.02500
v 0.22088 1.88372 0.04500
v 0.24112 1.88372 0.04500
v 0.22088 1.86348 0.04500
v 0.24112 1.86348 0.04500
v 0.24112 1.88372 0.02500
v 0.22088 1.88372 0.02500
v 0.24112 1.86348 0.02500
v 0.22088 1.86348 0.02500
v 0.15312 1.86172 0.04500
v 0.15312 1.86172 0.02500
v 0.15312 1.84148 0.04500
v 0.15312 1.84148 0.02500
v 0.13288 1.86172 0.02500
v 0.13288 1.86172 0.04500
v 0.13288 1.84148 0.02500
v 0.13288 1.84148 0.04500
v 0.13288 1.86172 0.02500
v 0.15312 1.86172 0.02500
v 0.13288 1.86172 0.04500
v 0.15312 1.86172 0.04500
v 0.13288 1.84148 0.04500
v 0.15312 1.84148 0.04500
v 0.13288 1.84148 0.02500
v 0.15312 1.84148 0.02500
v 0.13288 1.86172 0.04500
v 0.15312 1.86172 0.04500
v 0.13288 1.84148 0.04500
v 0.15312 1.84148 0.04500
v 0.15312 1.86172 0.02500
v 0.13288 1.86172 0.02500
v 0.15312 1.84148 0.02500
v 0.13288 1.84148 0.02500
v 0.15312 1.83972 0.04500
v 0.15312 1.83972 0.02500
v 0.15312 1.81948 0.04500
v 0.15312 1.81948 0.02500
v 0.13288 1.83972 0.02500
v 0.13288 1.83972 0.04500
v 0.13288 1.81948 0.02500
v 0.13288 1.81948 0.04500
v 0.13288 1.83972 0.02500
v 0.15312 1.83972 0.02500
v 0.13288 1.83972 0.04500
v 0.15312 1.83972 0.04500
v 0.13288 1.81948 0.04500
v 0.15312 1.81948 0.04500
v 0.13288 1.81948 0.02500
v 0.15312 1.81948 0.02500
v 0.13288 1.83972 0.04500
v 0.15312 1.83972 0.04500
v 0.13288 1.81948 0.04500
v 0.15312 1.81948 0.04500
v 0.15312 1.83972 0.02500
v 0.13288 1.83972 0.02500
v 0.15312 1.81948 0.02500
v 0.13288 1.81948 0.02500
v 0.15312 1.81772 0.04500
v 0.15312 1.81772 0.02500
v 0.15312 1.79748 0.04500
v 0.15312 1.79748 0.02500
v 0.13288 1.81772 0.02500
v 0.13288 1.81772 0.04500
v 0.13288 1.79748 0.02500
v 0.13288 1.79748 0.04500
v 0.13288 1.81772 0.02500
v 0.15312 1.81772 0.02500
v 0.13288 1.81772 0.04500
v 0.15312 1.81772 0.04500
v 0.13288 1.79748 0.04500
v 0.15312 1.79748 0.04500
v 0.13288 1.79748 0.02500
v 0.15312 1.79748 0.02500
v 0.13288 1.81772 0.04500
v 0.15312 1.81772 0.04500
v 0.13288 1.79748 0.04500
v 0.15312 1.79748 0.04500
v 0.15312 1.81772 0.02500
v 0.13288 1.81772 0.02500
v 0.15312 1.79748 0.02500
v 0.13288 1.79748 0.02500
v 0.17512 1.81772 0.04500
v 0.17512 1.81772 0.02500
v 0.17512 1.79748 0.04500
v 0.17512 1.79748 0.02500
v 0.15488 1.81772 0.02500
v 0.15488 1.81772 0.04500
v 0.15488 1.79748 0.02500
v 0.15488 1.79748 0.04500
v 0.15488 1.81772 0.02500
v 0.17512 1.81772 0.02500
v 0.15488 1.81772 0.04500
v 0.17512 1.81772 0.04500
v 0.15488 1.79748 0.04500
v 0.17512 1.79748 0.04500
v 0.15488 1.79748 0.02500
v 0.17512 1.79748 0.02500
v 0.15488 1.81772 0.04500
v 0.17512 1.81772 0.04500
v 0.15488 1.79748 0.04500
v 0.17512 1.79748 0.04500
v 0.17512 1.81772 0.02500
v 0.15488 1.81772 0.02500
v 0.17512 1.79748 0.02500
v 0.15488 1.79748 0.02500
v 0.19712 1.81772 0.04500
v 0.19712 1.81772 0.02500
v 0.19712 1.79748 0.04500
v 0.19712 1.79748 0.02500
v 0.17688 1.81772 0.02500
v 0.17688 1.81772 0.04500
v 0.17688 1.79748 0.02500
v 0.17688 1.79748 0.04500
v 0.17688 1.81772 0.02500
v 0.19712 1.81772 0.02500
v 0.17688 1.81772 0.04500
v 0.19712 1.81772 0.04500
v 0.17688 1.79748 0.04500
v 0.19712 1.79748 0.04500
v 0.17688 1.79748 0.02500
v 0.19712 1.79748 0.02500
v 0.17688 1.81772 0.04500
v 0.19712 1.81772 0.04500
v 0.17688 1.79748 0.04500
v 0.19712 1.79748 0.04500
v 0.19712 1.81772 0.02500
v 0.17688 1.81772 0.02500
v 0.19712 1.79748 0.02500
v 0.17688 1.79748 0.02500
v 0.21912 1.81772 0.04500
v 0.21912 1.81772 0.02500
v 0.21912 1.79748 0.04500
v 0.21912 1.79748 0.02500
v 0.19888 1.81772 0.02500
v 0.19888 1.81772 0.04500
v 0.19888 1.79748 0.02500
v 0.19888 1.79748 0.04500
v 0.19888 1.81772 0.02500
v 0.21912 1.81772 0.02500
v 0.19888 1.81772 0.04500
v 0.21912 1.81772 0.04500
v 0.19888 1.79748 0.04500
v 0.21912 1.79748 0.04500
v 0.19888 1.79748 0.02500
v 0.21912 1.79748 0.02500
v 0.19888 1.81772 0.04500
v 0.21912 1.81772 0.04500
v 0.19888 1.79748 0.04500
v 0.21912 1.79748 0.04500
v 0.21912 1.81772 0.02500
v 0.19888 1.81772 0.02500
v 0.21912 1.79748 0.02500
v 0.19888 1.79748 0.02500
v 0.15312 1.79572 0.04500
v 0.15312 1.79572 0.02500
v 0.15312 1.77548 0.04500
v 0.15312 1.77548 0.02500
v 0.13288 1.79572 0.02500
v 0.13288 1.79572 0.04500
v 0.13288 1.77548 0.02500
v 0.13288 1.77548 0.04500
v 0.13288 1.79572 0.02500
v 0.15312 1.79572 0.02500
v 0.13288 1.79572 0.04500
v 0.15312 1.79572 0.04500
v 0.13288 1.77548 0.04500
v 0.15312 1.77548 0.04500
v 0.13288 1.77548 0.02500
v 0.15312 1.77548 0.02500
v 0.13288 1.79572 0.04500
v 0.15312 1.79572 0.04500
v 0.13288 1.77548 0.04500
v 0.15312 1.77548 0.04500
v 0.15312 1.79572 0.02500
v 0.13288 1.79572 0.02500
v 0.15312 1.77548 0.02500
v 0.13288 1.77548 0.02500
v 0.15312 1.77372 0.04500
v 0.15312 1.77372 0.02500
v 0.15312 1.75348 0.04500
v 0.15312 1.75348 0.02500
v 0.13288 1.77372 0.02500
v 0.13288 1.77372 0.04500
v 0.13288 1.75348 0.02500
v 0.13288 1.75348 0.04500
v 0.13288 1.77372 0.02500
v 0.15312 1.77372 0.02500
v 0.13288 1.77372 0.04500
v 0.15312 1.77372 0.04500
v 0.13288 1.75348 0.04500
v 0.15312 1.75348 0.04500
v 0.13288 1.75348 0.02500
v 0.15312 1.75348 0.02500
v 0.13288 1.77372 0.04500
v 0.15312 1.77372 0.04500
v 0.13288 1.75348 0.04500
v 0.15312 1.75348 0.04500
v 0.15312 1.77372 0.02500
v 0.13288 1.77372 0.02500
v 0.15312 1.75348 0.02500
v 0.13288 1.75348 0.02500
v 0.15312 1.75172 0.04500
v 0.15312 1.75172 0.02500
v 0.15312 1.73148 0.04500
v 0.15312 1.73148 0.02500
v 0.13288 1.75172 0.02500
v 0.13288 1.75172 0.04500
v 0.13288 1.73148 0.02500
v 0.13288 1.73148 0.04500
v 0.13288 1.75172 0.02500
v 0.15312 1.75172 0.02500
v 0.13288 1.75172 0.04500
v 0.15312 1.75172 0.04500
v 0.13288 1.73148 0.04500
v 0.15312 1.73148 0.04500
v 0.13288 1.73148 0.02500
v 0.15312 1.73148 0.02500
v 0.13288 1.75172 0.04500
v 0.15312 1.75172 0.04500
v 0.13288 1.73148 0.04500
v 0.15312 1.73148 0.04500
v 0.15312 1.75172 0.02500
v 0.13288 1.75172 0.02500
v 0.15312 1.73148 0.02500
v 0.13288 1.73148 0.02500
v 0.17512 1.75172 0.04500
v 0.17512 1.75172 0.02500
v 0.17512 1.73148 0.04500
v 0.17512 1.73148 0.02500
v 0.15488 1.75172 0.02500
v 0.15488 1.75172 0.04500
v 0.15488 1.73148 0.02500
v 0.15488 1.73148 0.04500
v 0.15488 1.75172 0.02500
v 0.17512 1.75172 0.02500
v 0.15488 1.75172 0.04500
v 0.17512 1.75172 0.04500
v 0.15488 1.73148 0.04500
v 0.17512 1.73148 0.04500
v 0.15488 1.73148 0.02500
v 0.17512 1.73148 0.02500
v 0.15488 1.75172 0.04500
v 0.17512 1.75172 0.04500
v 0.15488 1.73148 0.04500
v 0.17512 1.73148 0.04500
v 0.17512 1.75172 0.02500
v 0.15488 1.75172 0.02500
v 0.17512 1.73148 0.02500
v 0.15488 1.73148 0.02500
v 0.19712 1.75172 0.04500
v 0.19712 1.75172 0.02500
v 0.19712 1.73148 0.04500
v 0.19712 1.73148 0.02500
v 0.17688 1.75172 0.02500
v 0.17688 1.75172 0.04500
v 0.17688 1.73148 0.02500
v 0.17688 1.73148 0.04500
v 0.17688 1.75172 0.02500
v 0.19712 1.75172 0.02500
v 0.17688 1.75172 0.04500
v 0.19712 1.75172 0.04500
v 0.17688 1.73148 0.04500
v 0.19712 1.73148 0.04500
v 0.17688 1.73148 0.02500
v 0.19712 1.73148 0.02500
v 0.17688 1.75172 0.04500
v 0.19712 1.75172 0.04500
v 0.17688 1.73148 0.04500
v 0.19712 1.73148 0.04500
v 0.19712 1.75172 0.02500
v 0.17688 1.75172 0.02500
v 0.19712 1.73148 0.02500
v 0.17688 1.73148 0.02500
v 0.21912 1.75172 0.04500
v 0.21912 1.75172 0.02500
v 0.21912 1.73148 0.04500
v 0.21912 1.73148 0.02500
v 0.19888 1.75172 0.02500
v 0.19888 1.75172 0.04500
v 0.19888 1.73148 0.02500
v 0.19888 1.73148 0.04500
v 0.19888 1.75172 0.02500
v 0.21912 1.75172 0.02500
v 0.19888 1.75172 0.04500
v 0.21912 1.75172 0.04500
v 0.19888 1.73148 0.04500
v 0.21912 1.73148 0.04500
v 0.19888 1.73148 0.02500
v 0.21912 1.73148 0.02500
v 0.19888 1.75172 0.04500
v 0.21912 1.75172 0.04500
v 0.19888 1.73148 0.04500
v 0.21912 1.73148 0.04500
v 0.21912 1.75172 0.02500
v 0.19888 1.75172 0.02500
v 0.21912 1.73148 0.02500
v 0.19888 1.73148 0.02500
v 0.24112 1.75172 0.04500
v 0.24112 1.75172 0.02500
v 0.24112 1.73148 0.04500
v 0.24112 1.73148 0.02500
v 0.22088 1.75172 0.02500
v 0.22088 1.75172 0.04500
v 0.22088 1.73148 0.02500
v 0.22088 1.73148 0.04500
v 0.22088 1.75172 0.02500
v 0.24112 1.75172 0.02500
v 0.22088 1.75172 0.04500
v 0.24112 1.75172 0.04500
v 0.22088 1.73148 0.04500
v 0.24112 1.73148 0.04500
v 0.22088 1.73148 0.02500
v 0.24112 1.73148 0.02500
v 0.22088 1.75172 0.04500
v 0.24112 1.75172 0.04500
v 0.22088 1.73148 0.04500
v 0.24112 1.73148 0.04500
v 0.24112 1.75172 0.02500
v 0.22088 1.75172 0.02500
v 0.24112 1.73148 0.02500
v 0.22088 1.73148 0.02500
v 0.41712 1.88372 0.04500
v 0.41712 1.88372 0.02500
v 0.41712 1.86348 0.04500
v 0.41712 1.86348 0.02500
v 0.39688 1.88372 0.02500
v 0.39688 1.88372 0.04500
v 0.39688 1.86348 0.02500
v 0.39688 1.86348 0.04500
v 0.39688 1.88372 0.02500
v 0.41712 1.88372 0.02500
v 0.39688 1.88372 0.04500
v 0.41712 1.88372 0.04500
v 0.39688 1.86348 0.04500
v 0.41712 1.86348 0.04500
v 0.39688 1.86348 0.02500
v 0.41712 1.86348 0.02500
v 0.39688 1.88372 0.04500
v 0.41712 1.88372 0.04500
v 0.39688 1.86348 0.04500
v 0.41712 1.86348 0.04500
v 0.41712 1.88372 0.02500
v 0.39688 1.88372 0.02500
v 0.41712 1.86348 0.02500
v 0.39688 1.86348 0.02500
v 0.43912 1.88372 0.04500
v 0.43912 1.88372 0.02500
v 0.43912 1.86348 0.04500
v 0.43912 1.86348 0.02500
v 0.41888 1.88372 0.02500
v 0.41888 1.88372 0.04500
v 0.41888 1.86348 0.02500
v 0.41888 1.86348 0.04500
v 0.41888 1.88372 0.02500
v 0.43912 1.88372 0.02500
v 0.41888 1.88372 0.04500
v 0.43912 1.88372 0.04500
v 0.41888 1.86348 0.04500
v 0.43912 1.86348 0.04500
v 0.41888 1.86348 0.02500
v 0.43912 1.86348 0.02500
v 0.41888 1.88372 0.04500
v 0.43912 1.88372 0.04500
v 0.41888 1.86348 0.04500
v 0.43912 1.86348 0.04500
v 0.43912 1.88372 0.02500
v 0.41888 1.88372 0.02500
v 0.43912 1.86348 0.02500
v 0.41888 1.86348 0.02500
v 0.46112 1.88372 0.04500
v 0.46112 1.88372 0.02500
v 0.46112 1.86348 0.04500
v 0.46112 1.86348 0.02500
v 0.44088 1.88372 0.02500
v 0.44088 1.88372 0.04500
v 0.44088 1.86348 0.02500
v 0.44088 1.86348 0.04500
v 0.44088 1.88372 0.02500
v 0.46112 1.88372 0.02500
v 0.44088 1.88372 0.04500
v 0.46112 1.88372 0.04500
v 0.44088 1.86348 0.04500
v 0.46112 1.86348 0.04500
v 0.44088 1.86348 0.02500
v 0.46112 1.86348 0.02500
v 0.44088 1.88372 0.04500
v 0.46112 1.88372 0.04500
v 0.44088 1.86348 0.04500
v 0.46112 1.86348 0.04500
v 0.46112 1.88372 0.02500
v 0.44088 1.88372 0.02500
v 0.46112 1.86348 0.02500
v 0.44088 1.86348 0.02500
v 0.48312 1.88372 0.04500
v 0.48312 1.88372 0.02500
v 0.48312 1.86348 0.04500
v 0.48312 1.86348 0.02500
v 0.46288 1.88372 0.02500
v 0.46288 1.88372 0.04500
v 0.46288 1.86348 0.02500
v 0.46288 1.86348 0.04500
v 0.46288 1.88372 0.02500
v 0.48312 1.88372 0.02500
v 0.46288 1.88372 0.04500
v 0.48312 1.88372 0.04500
v 0.46288 1.86348 0.04500
v 0.48312 1.86348 0.04500
v 0.46288 1.86348 0.02500
v 0.48312 1.86348 0.02500
v 0.46288 1.88372 0.04500
v 0.48312 1.88372 0.04500
v 0.46288 1.86348 0.04500
v 0.48312 1.86348 0.04500
v 0.48312 1.88372 0.02500
v 0.46288 1.88372 0.02500
v 0.48312 1.86348 0.02500
v 0.46288 1.86348 0.02500
v 0.50512 1.88372 0.04500
v 0.50512 1.88372 0.02500
v 0.50512 1.86348 0.04500
v 0.50512 1.86348 0.02500
v 0.48488 1.88372 0.02500
v 0.48488 1.88372 0.04500
v 0.48488 1.86348 0.02500
v 0.48488 1.86348 0.04500
v 0.48488 1.88372 0.02500
v 0.50512 1.88372 0.02500
v 0.48488 1.88372 0.04500
v 0.50512 1.88372 0.04500
v 0.48488 1.86348 0.04500
v 0.50512 1.86348 0.04500
v 0.48488 1.86348 0.02500
v 0.50512 1.86348 0.02500
v 0.48488 1.88372 0.04500
v 0.50512 1.88372 0.04500
v 0.48488 1.86348 0.04500
v 0.50512 1.86348 0.04500
v 0.50512 1.88372 0.02500
v 0.48488 1.88372 0.02500
v 0.50512 1.86348 0.02500
v 0.48488 1.86348 0.02500
v 0.46112 1.86172 0.04500
v 0.46112 1.86172 0.02500
v 0.46112 1.84148 0.04500
v 0.46112 1.84148 0.02500
v 0.44088 1.86172 0.02500
v 0.44088 1.86172 0.04500
v 0.44088 1.84148 0.02500
v 0.44088 1.84148 0.04500
v 0.44088 1.86172 0.02500
v 0.46112 1.86172 0.02500
v 0.44088 1.86172 0.04500
v 0.46112 1.86172 0.04500
v 0.44088 1.84148 0.04500
v 0.46112 1.84148 0.04500
v 0.44088 1.84148 0.02500
v 0.46112 1.84148 0.02500
v 0.44088 1.86172 0.04500
v 0.46112 1.86172 0.04500
v 0.44088 1.84148 0.04500
v 0.46112 1.84148 0.04500
v 0.46112 1.86172 0.02500
v 0.44088 1.86172 0.02500
v 0.46112 1.84148 0.02500
v 0.44088 1.84148 0.02500
v 0.46112 1.83972 0.04500
v 0.46112 1.83972 0.02500
v 0.46112 1.81948 0.04500
v 0.46112 1.81948 0.02500
v 0.44088 1.83972 0.02500
v 0.44088 1.83972 0.04500
v 0.44088 1.81948 0.02500
v 0.44088 1.81948 0.04500
v 0.44088 1.83972 0.02500
v 0.46112 1.83972 0.02500
v 0.44088 1.83972 0.04500
v 0.46112 1.83972 0.04500
v 0.44088 1.81948 0.04500
v 0.46112 1.81948 0.04500
v 0.44088 1.81948 0.02500
v 0.46112 1.81948 0.02500
v 0.44088 1.83972 0.04500
v 0.46112 1.83972 0.04500
v 0.44088 1.81948 0.04500
v 0.46112 1.81948 0.04500
v 0.46112 1.83972 0.02500
v 0.44088 1.83972 0.02500
v 0.46112 1.81948 0.02500
v 0.44088 1.81948 0.02500
v 0.46112 1.81772 0.04500
v 0.46112 1.81772 0.02500
v 0.46112 1.79748 0.04500
v 0.46112 1.79748 0.02500
v 0.44088 1.81772 0.02500
v 0.44088 1.81772 0.04500
v 0.44088 1.79748 0.02500
v 0.44088 1.79748 0.04500
v 0.44088 1.81772 0.02500
v 0.46112 1.81772 0.02500
v 0.44088 1.81772 0.04500
v 0.46112 1.81772 0.04500
v 0.44088 1.79748 0.04500
v 0.46112 1.79748 0.04500
v 0.44088 1.79748 0.02500
v 0.46112 1.79748 0.02500
v 0.44088 1.81772 0.04500
v 0.46112 1.81772 0.04500
v 0.44088 1.79748 0.04500
v 0.46112 1.79748 0.04500
v 0.46112 1.81772 0.02500
v 0.44088 1.81772 0.02500
v 0.46112 1.79748 0.02500
v 0.44088 1.79748 0.02500
v 0.46112 1.79572 0.04500
v 0.46112 1.79572 0.02500
v 0.46112 1.77548 0.04500
v 0.46112 1.77548 0.02500
v 0.44088 1.79572 0.02500
v 0.44088 1.79572 0.04500
v 0.44088 1.77548 0.02500
v 0.44088 1.77548 0.04500
v 0.44088 1.79572 0.02500
v 0.46112 1.79572 0.02500
v 0.44088 1.79572 0.04500
v 0.46112 1.79572 0.04500
v 0.44088 1.77548 0.04500
v 0.46112 1.77548 0.04500
v 0.44088 1.77548 0.02500
v 0.46112 1.77548 0.02500
v 0.44088 1.79572 0.04500
v 0.46112 1.79572 0.04500
v 0.44088 1.77548 0.04500
v 0.46112 1.77548 0.04500
v 0.46112 1.79572 0.02500
v 0.44088 1.79572 0.02500
v 0.46112 1.77548 0.02500
v 0.44088 1.77548 0.02500
v 0.46112 1.77372 0.04500
v 0.46112 1.77372 0.02500
v 0.46112 1.75348 0.04500
v 0.46112 1.75348 0.02500
v 0.44088 1.77372 0.02500
v 0.44088 1.77372 0.04500
v 0.44088 1.75348 0.02500
v 0.44088 1.75348 0.04500
v 0.44088 1.77372 0.02500
v 0.46112 1.77372 0.02500
v 0.44088 1.77372 0.04500
v 0.46112 1.77372 0.04500
v 0.44088 1.75348 0.04500
v 0.46112 1.75348 0.04500
v 0.44088 1.75348 0.02500
v 0.46112 1.75348 0.02500
v 0.44088 1.77372 0.04500
v 0.46112 1.77372 0.04500
v 0.44088 1.75348 0.04500
v 0.46112 1.75348 0.04500
v 0.46112 1.77372 0.02500
v 0.44088 1.77372 0.02500
v 0.46112 1.75348 0.02500
v 0.44088 1.75348 0.02500
v 0.46112 1.75172 0.04500
v 0.46112 1.75172 0.02500
v 0.46112 1.73148 0.04500
v 0.46112 1.73148 0.02500
v 0.44088 1.75172 0.02500
v 0.44088 1.75172 0.04500
v 0.44088 1.73148 0.02500
v 0.44088 1.73148 0.04500
v 0.44088 1.75172 0.02500
v 0.46112 1.75172 0.02500
v 0.44088 1.75172 0.04500
v 0.46112 1.75172 0.04500
v 0.44088 1.73148 0.04500
v 0.46112 1.73148 0.04500
v 0.44088 1.73148 0.02500
v 0.46112 1.73148 0.02500
v 0.44088 1.75172 0.04500
v 0.46112 1.75172 0.04500
v 0.44088 1.73148 0.04500
v 0.46112 1.73148 0.04500
v 0.46112 1.75172 0.02500
v 0.44088 1.75172 0.02500
v 0.46112 1.73148 0.02500
v 0.44088 1.73148 0.02500
v 0.57112 1.88372 0.04500
v 0.57112 1.88372 0.02500
v 0.57112 1.86348 0.04500
v 0.57112 1.86348 0.02500
v 0.55088 1.88372 0.02500
v 0.55088 1.88372 0.04500
v 0.55088 1.86348 0.02500
v 0.55088 1.86348 0.04500
v 0.55088 1.88372 0.02500
v 0.57112 1.88372 0.02500
v 0.55088 1.88372 0.04500
v 0.57112 1.88372 0.04500
v 0.55088 1.86348 0.04500
v 0.57112 1.86348 0.04500
v 0.55088 1.86348 0.02500
v 0.57112 1.86348 0.02500
v 0.55088 1.88372 0.04500
v 0.57112 1.88372 0.04500
v 0.55088 1.86348 0.04500
v 0.57112 1.86348 0.04500
v 0.57112 1.88372 0.02500
v 0.55088 1.88372 0.02500
v 0.57112 1.86348 0.02500
v 0.55088 1.86348 0.02500
v 0.59312 1.88372 0.04500
v 0.59312 1.88372 0.02500
v 0.59312 1.86348 0.04500
v 0.59312 1.86348 0.02500
v 0.57288 1.88372 0.02500
v 0.57288 1.88372 0.04500
v 0.57288 1.86348 0.02500
v 0.57288 1.86348 0.04500
v 0.57288 1.88372 0.02500
v 0.59312 1.88372 0.02500
v 0.57288 1.88372 0.04500
v 0.59312 1.88372 0.04500
v 0.57288 1.86348 0.04500
v 0.59312 1.86348 0.04500
v 0.57288 1.86348 0.02500
v 0.59312 1.86348 0.02500
v 0.57288 1.88372 0.04500
v 0.59312 1.88372 0.04500
v 0.57288 1.86348 0.04500
v 0.59312 1.86348 0.04500
v 0.59312 1.88372 0.02500
v 0.57288 1.88372 0.02500
v 0.59312 1.86348 0.02500
v 0.57288 1.86348 0.02500
v 0.61512 1.88372 0.04500
v 0.61512 1.88372 0.02500
v 0.61512 1.86348 0.04500
v 0.61512 1.86348 0.02500
v 0.59488 1.88372 0.02500
v 0.59488 1.88372 0.04500
v 0.59488 1.86348 0.02500
v 0.59488 1.86348 0.04500
v 0.59488 1.88372 0.02500
v 0.61512 1.88372 0.02500
v 0.59488 1.88372 0.04500
v 0.61512 1.88372 0.04500
v 0.59488 1.86348 0.04500
v 0.61512 1.86348 0.04500
v 0.59488 1.86348 0.02500
v 0.61512 1.86348 0.02500
v 0.59488 1.88372 0.04500
v 0.61512 1.88372 0.04500
v 0.59488 1.86348 0.04500
v 0.61512 1.86348 0.04500
v 0.61512 1.88372 0.02500
v 0.59488 1.88372 0.02500
v 0.61512 1.86348 0.02500
v 0.59488 1.86348 0.02500
v 0.54912 1.86172 0.04500
v 0.54912 1.86172 0.02500
v 0.54912 1.84148 0.04500
v 0.54912 1.84148 0.02500
v 0.52888 1.86172 0.02500
v 0.52888 1.86172 0.04500
v 0.52888 1.84148 0.02500
v 0.52888 1.84148 0.04500
v 0.52888 1.86172 0.02500
v 0.54912 1.86172 0.02500
v 0.52888 1.86172 0.04500
v 0.54912 1.86172 0.04500
v 0.52888 1.84148 0.04500
v 0.54912 1.84148 0.04500
v 0.52888 1.84148 0.02500
v 0.54912 1.84148 0.02500
v 0.52888 1.86172 0.04500
v 0.54912 1.86172 0.04500
v 0.52888 1.84148 0.04500
v 0.54912 1.84148 0.04500
v 0.54912 1.86172 0.02500
v 0.52888 1.86172 0.02500
v 0.54912 1.84148 0.02500
v 0.52888 1.84148 0.02500
v 0.63712 1.86172 0.04500
v 0.63712 1.86172 0.02500
v 0.63712 1.84148 0.04500
v 0.63712 1.84148 0.02500
v 0.61688 1.86172 0.02500
v 0.61688 1.86172 0.04500
v 0.61688 1.84148 0.02500
v 0.61688 1.84148 0.04500
v 0.61688 1.86172 0.02500
v 0.63712 1.86172 0.02500
v 0.61688 1.86172 0.04500
v 0.63712 1.86172 0.04500
v 0.61688 1.84148 0.04500
v 0.63712 1.84148 0.04500
v 0.61688 1.84148 0.02500
v 0.63712 1.84148 0.02500
v 0.61688 1.86172 0.04500
v 0.63712 1.86172 0.04500
v 0.61688 1.84148 0.04500
v 0.63712 1.84148 0.04500
v 0.63712 1.86172 0.02500
v 0.61688 1.86172 0.02500
v 0.63712 1.84148 0.02500
v 0.61688 1.84148 0.02500
v 0.54912 1.83972 0.04500
v 0.54912 1.83972 0.02500
v 0.54912 1.81948 0.04500
v 0.54912 1.81948 0.02500
v 0.52888 1.83972 0.02500
v 0.52888 1.83972 0.04500
v 0.52888 1.81948 0.02500
v 0.52888 1.81948 0.04500
v 0.52888 1.83972 0.02500
v 0.54912 1.83972 0.02500
v 0.52888 1.83972 0.04500
v 0.54912 1.83972 0.04500
v 0.52888 1.81948 0.04500
v 0.54912 1.81948 0.04500
v 0.52888 1.81948 0.02500
v 0.54912 1.81948 0.02500
v 0.52888 1.83972 0.04500
v 0.54912 1.83972 0.04500
v 0.52888 1.81948 0.04500
v 0.54912 1.81948 0.04500
v 0.54912 1.83972 0.02500
v 0.52888 1.83972 0.02500
v 0.54912 1.81948 0.02500
v 0.52888 1.81948 0.02500
v 0.63712 1.83972 0.04500
v 0.63712 1.83972 0.02500
v 0.63712 1.81948 0.04500
v 0.63712 1.81948 0.02500
v 0.61688 1.83972 0.02500
v 0.61688 1.83972 0.04500
v 0.61688 1.81948 0.02500
v 0.61688 1.81948 0.04500
v 0.61688 1.83972 0.02500
v 0.63712 1.83972 0.02500
v 0.61688 1.83972 0.04500
v 0.63712 1.83972 0.04500
v 0.61688 1.81948 0.04500
v 0.63712 1.81948 0.04500
v 0.61688 1.81948 0.02500
v 0.63712 1.81948 0.02500
v 0.61688 1.83972 0.04500
v 0.63712 1.83972 0.04500
v 0.61688 1.81948 0.04500
v 0.63712 1.81948 0.04500
v 0.63712 1.83972 0.02500
v 0.61688 1.83972 0.02500
v 0.63712 1.81948 0.02500
v 0.61688 1.81948 0.02500
v 0.54912 1.81772 0.04500
v 0.54912 1.81772 0.02500
v 0.54912 1.79748 0.04500
v 0.54912 1.79748 0.02500
v 0.52888 1.81772 0.02500
v 0.52888 1.81772 0.04500
v 0.52888 1.79748 0.02500
v 0.52888 1.79748 0.04500
v 0.52888 1.81772 0.02500
v 0.54912 1.81772 0.02500
v 0.52888 1.81772 0.04500
v 0.54912 1.81772 0.04500
v 0.52888 1.79748 0.04500
v 0.54912 1.79748 0.04500
v 0.52888 1.79748 0.02500
v 0.54912 1.79748 0.02500
v 0.52888 1.81772 0.04500
v 0.54912 1.81772 0.04500
v 0.52888 1.79748 0.04500
v 0.54912 1.79748 0.04500
v 0.54912 1.81772 0.02500
v 0.52888 1.81772 0.02500
v 0.54912 1.79748 0.02500
v 0.52888 1.79748 0.02500
v 0.63712 1.81772 0.04500
v 0.63712 1.81772 0.02500
v 0.63712 1.79748 0.04500
v 0.63712 1.79748 0.02500
v 0.61688 1.81772 0.02500
v 0.61688 1.81772 0.04500
v 0.61688 1.79748 0.02500
v 0.61688 1.79748 0.04500
v 0.61688 1.81772 0.02500
v 0.63712 1.81772 0.02500
v 0.61688 1.81772 0.04500
v 0.63712 1.81772 0.04500
v 0.61688 1.79748 0.04500
v 0.63712 1.79748 0.04500
v 0.61688 1.79748 0.02500
v 0.63712 1.79748 0.02500
v 0.61688 1.81772 0.04500
v 0.63712 1.81772 0.04500
v 0.61688 1.79748 0.04500
v 0.63712 1.79748 0.04500
v 0.63712 1.81772 0.02500
v 0.61688 1.81772 0.02500
v 0.63712 1.79748 0.02500
v 0.61688 1.79748 0.02500
v 0.54912 1.79572 0.04500
v 0.54912 1.79572 0.02500
v 0.54912 1.77548 0.04500
v 0.54912 1.77548 0.02500
v 0.52888 1.79572 0.02500
v 0.52888 1.79572 0.04500
v 0.52888 1.77548 0.02500
v 0.52888 1.77548 0.04500
v 0.52888 1.79572 0.02500
v 0.54912 1.79572 0.02500
v 0.52888 1.79572 0.04500
v 0.54912 1.79572 0.04500
v 0.52888 1.77548 0.04500
v 0.54912 1.77548 0.04500
v 0.52888 1.77548 0.02500
v 0.54912 1.77548 0.02500
v 0.52888 1.79572 0.04500
v 0.54912 1.79572 0.04500
v 0.52888 1.77548 0.04500
v 0.54912 1.77548 0.04500
v 0.54912 1.79572 0.02500
v 0.52888 1.79572 0.02500
v 0.54912 1.77548 0.02500
v 0.52888 1.77548 0.02500
v 0.63712 1.79572 0.04500
v 0.63712 1.79572 0.02500
v 0.63712 1.77548 0.04500
v 0.63712 1.77548 0.02500
v 0.61688 1.79572 0.02500
v 0.61688 1.79572 0.04500
v 0.61688 1.77548 0.02500
v 0.61688 1.77548 0.04500
v 0.61688 1.79572 0.02500
v 0.63712 1.79572 0.02500
v 0.61688 1.79572 0.04500
v 0.63712 1.79572 0.04500
v 0.61688 1.77548 0.04500
v 0.63712 1.77548 0.04500
v 0.61688 1.77548 0.02500
v 0.63712 1.77548 0.02500
v 0.61688 1.79572 0.04500
v 0.63712 1.79572 0.04500
v 0.61688 1.77548 0.04500
v 0.63712 1.77548 0.04500
v 0.63712 1.79572 0.02500
v 0.61688 1.79572 0.02500
v 0.63712 1.77548 0.02500
v 0.61688 1.77548 0.02500
v 0.54912 1.77372 0.04500
v 0.54912 1.77372 0.02500
v 0.54912 1.75348 0.04500
v 0.54912 1.75348 0.02500
v 0.52888 1.77372 0.02500
v 0.52888 1.77372 0.04500
v 0.52888 1.75348 0.02500
v 0.52888 1.75348 0.04500
v 0.52888 1.77372 0.02500
v 0.54912 1.77372 0.02500
v 0.52888 1.77372 0.04500
v 0.54912 1.77372 0.04500
v 0.52888 1.75348 0.04500
v 0.54912 1.75348 0.04500
v 0.52888 1.75348 0.02500
v 0.54912 1.75348 0.02500
v 0.52888 1.77372 0.04500
v 0.54912 1.77372 0.04500
v 0.52888 1.75348 0.04500
v 0.54912 1.75348 0.04500
v 0.54912 1.77372 0.02500
v 0.52888 1.77372 0.02500
v 0.54912 1.75348 0.02500
v 0.52888 1.75348 0.02500
v 0.63712 1.77372 0.04500
v 0.63712 1.77372 0.02500
v 0.63712 1.75348 0.04500
v 0.63712 1.75348 0.02500
v 0.61688 1.77372 0.02500
v 0.61688 1.77372 0.04500
v 0.61688 1.75348 0.02500
v 0.61688 1.75348 0.04500
v 0.61688 1.77372 0.02500
v 0.63712 1.77372 0.02500
v 0.61688 1.77372 0.04500
v 0.63712 1.77372 0.04500
v 0.61688 1.75348 0.04500
v 0.63712 1.75348 0.04500
v 0.61688 1.75348 0.02500
v 0.63712 1.75348 0.02500
v 0.61688 1.77372 0.04500
v 0.63712 1.77372 0.04500
v 0.61688 1.75348 0.04500
v 0.63712 1.75348 0.04500
v 0.63712 1.77372 0.02500
v 0.61688 1.77372 0.02500
v 0.63712 1.75348 0.02500
v 0.61688 1.75348 0.02500
v 0.57112 1.75172 0.04500
v 0.57112 1.75172 0.02500
v 0.57112 1.73148 0.04500
v 0.57112 1.73148 0.02500
v 0.55088 1.75172 0.02500
v 0.55088 1.75172 0.04500
v 0.55088 1.73148 0.02500
v 0.55088 1.73148 0.04500
v 0.55088 1.75172 0.02500
v 0.57112 1.75172 0.02500
v 0.55088 1.75172 0.04500
v 0.57112 1.75172 0.04500
v 0.55088 1.73148 0.04500
v 0.57112 1.73148 0.04500
v 0.55088 1.73148 0.02500
v 0.57112 1.73148 0.02500
v 0.55088 1.75172 0.04500
v 0.57112 1.75172 0.04500
v 0.55088 1.73148 0.04500
v 0.57112 1.73148 0.04500
v 0.57112 1.75172 0.02500
v 0.55088 1.75172 0.02500
v 0.57112 1.73148 0.02500
v 0.55088 1.73148 0.02500
v 0.59312 1.75172 0.04500
v 0.59312 1.75172 0.02500
v 0.59312 1.73148 0.04500
v 0.59312 1.73148 0.02500
v 0.57288 1.75172 0.02500
v 0.57288 1.75172 0.04500
v 0.57288 1.73148 0.02500
v 0.57288 1.73148 0.04500
v 0.57288 1.75172 0.02500
v 0.59312 1.75172 0.02500
v 0.57288 1.75172 0.04500
v 0.59312 1.75172 0.04500
v 0.57288 1.73148 0.04500
v 0.59312 1.73148 0.04500
v 0.57288 1.73148 0.02500
v 0.59312 1.73148 0.02500
v 0.57288 1.75172 0.04500
v 0.59312 1.75172 0.04500
v 0.57288 1.73148 0.04500
v 0.59312 1.73148 0.04500
v 0.59312 1.75172 0.02500
v 0.57288 1.75172 0.02500
v 0.59312 1.73148 0.02500
v 0.57288 1.73148 0.02500
v 0.61512 1.75172 0.04500
v 0.61512 1.75172 0.02500
v 0.61512 1.73148 0.04500
v 0.61512 1.73148 0.02500
v 0.59488 1.75172 0.02500
v 0.59488 1.75172 0.04500
v 0.59488 1.73148 0.02500
v 0.59488 1.73148 0.04500
v 0.59488 1.75172 0.02500
v 0.61512 1.75172 0.02500
v 0.59488 1.75172 0.04500
v 0.61512 1.75172 0.04500
v 0.59488 1.73148 0.04500
v 0.61512 1.73148 0.04500
v 0.59488 1.73148 0.02500
v 0.61512 1.73148 0.02500
v 0.59488 1.75172 0.04500
v 0.61512 1.75172 0.04500
v 0.59488 1.73148 0.04500
v 0.61512 1.73148 0.04500
v 0.61512 1.75172 0.02500
v 0.59488 1.75172 0.02500
v 0.61512 1.73148 0.02500
v 0.59488 1.73148 0.02500
f 121 123 122
f 123 124 122
f 125 127 126
f 127 128 126
f 129 131 130
f 131 132 130
f 133 135 134
f 135 136 134
f 137 139 138
f 139 140 138
f 141 143 142
f 143 144 142
f 145 147 146
f 147 148 146
f 149 151 150
f 151 152 150
f 153 155 154
f 155 156 154
f 157 159 158
f 159 160 158
f 161 163 162
f 163 164 162
f 165 167 166
f 167 168 166
f 169 171 170
f 171 172 170
f 173 175 174
f 175 176 174
f 177 179 178
f 179 180 178
f 181 183 182
f 183 184 182
f 185 187 186
f 187 188 186
f 189 191 190
f 191 192 190
f 193 195 194
f 195 196 194
f 197 199 198
f 199 200 198
f 201 203 202
f 203 204 202
f 205 207 206
f 207 208 206
f 209 211 210
f 211 212 210
f 213 215 214
f 215 216 214
f 217 219 218
f 219 220 218
f 221 223 222
f 223 224 222
f 225 227 226
f 227 228 226
f 229 231 230
f 231 232 230
f 233 235 234
f 235 236 234
f 237 239 238
f 239 240 238
f 241 243 242
f 243 244 242
f 245 247 246
f 247 248 246
f 249 251 250
f 251 252 250
f 253 255 254
f 255 256 254
f 257 259 258
f 259 260 258
f 261 263 262
f 263 264 262
f 265 267 266
f 267 268 266
f 269 271 270
f 271 272 270
f 273 275 274
f 275 276 274
f 277 279 278
f 279 280 278
f 281 283 282
f 283 284 282
f 285 287 286
f 287 288 286
f 289 291 290
f 291 292 290
f 293 295 294
f 295 296 294
f 297 299 298
f 299 300 298
f 301 303 302
f 303 304 302
f 305 307 306
f 307 308 306
f 309 311 310
f 311 312 310
f 313 315 314
f 315 316 314
f 317 319 318
f 319 320 318
f 321 323 322
f 323 324 322
f 325 327 326
f 327 328 326
f 329 331 330
f 331 332 330
f 333 335 334
f 335 336 334
f 337 339 338
f 339 340 338
f 341 343 342
f 343 344 342
f 345 347 346
f 347 348 346
f 349 351 350
f 351 352 350
f 353 355 354
f 355 356 354
f 357 359 358
f 359 360 358
f 361 363 362
f 363 364 362
f 365 367 366
f 367 368 366
f 369 371 370
f 371 372 370
f 373 375 374
f 375 376 374
f 377 379 378
f 379 380 378
f 381 383 382
f 383 384 382
f 385 387 386
f 387 388 386
f 389 391 390
f 391 392 390
f 393 395 394
f 395 396 394
f 397 399 398
f 399 400 398
f 401 403 402
f 403 404 402
f 405 407 406
f 407 408 406
f 409 411 410
f 411 412 410
f 413 415 414
f 415 416 414
f 417 419 418
f 419 420 418
f 421 423 422
f 423 424 422
f 425 427 426
f 427 428 426
f 429 431 430
f 431 432 430
f 433 435 434
f 435 436 434
f 437 439 438
f 439 440 438
f 441 443 442
f 443 444 442
f 445 447 446
f 447 448 446
f 449 451 450
f 451 452 450
f 453 455 454
f 455 456 454
f 457 459 458
f 459 460 458
f 461 463 462
f 463 464 462
f 465 467 466
f 467 468 466
f 469 471 470
f 471 472 470
f 473 475 474
f 475 476 474
f 477 479 478
f 479 480 478
f 481 483 482
f 483 484 482
f 485 487 486
f 487 488 486
f 489 491 490
f 491 492 490
f 493 495 494
f 495 496 494
f 497 499 498
f 499 500 498
f 501 503 502
f 503 504 502
f 505 507 506
f 507 508 506
f 509 511 510
f 511 512 510
f 513 515 514
f 515 516 514
f 517 519 518
f 519 520 518
f 521 523 522
f 523 524 522
f 525 527 526
f 527 528 526
f 529 531 530
f 531 532 530
f 533 535 534
f 535 536 534
f 537 539 538
f 539 540 538
f 541 543 542
f 543 544 542
f 545 547 546
f 547 548 546
f 549 551 550
f 551 552 550
f 553 555 554
f 555 556 554
f 557 559 558
f 559 560 558
f 561 563 562
f 563 564 562
f 565 567 566
f 567 568 566
f 569 571 570
f 571 572 570
f 573 575 574
f 575 576 574
f 577 579 578
f 579 580 578
f 581 583 582
f 583 584 582
f 585 587 586
f 587 588 586
f 589 591 590
f 591 592 590
f 593 595 594
f 595 596 594
f 597 599 598
f 599 600 598
f 601 603 602
f 603 604 602
f 605 607 606
f 607 608 606
f 609 611 610
f 611 612 610
f 613 615 614
f 615 616 614
f 617 619 618
f 619 620 618
f 621 623 622
f 623 624 622
f 625 627 626
f 627 628 626
f 629 631 630
f 631 632 630
f 633 635 634
f 635 636 634
f 637 639 638
f 639 640 638
f 641 643 642
f 643 644 642
f 645 647 646
f 647 648 646
f 649 651 650
f 651 652 650
f 653 655 654
f 655 656 654
f 657 659 658
f 659 660 658
f 661 663 662
f 663 664 662
f 665 667 666
f 667 668 666
f 669 671 670
f 671 672 670
f 673 675 674
f 675 676 674
f 677 679 678
f 679 680 678
f 681 683 682
f 683 684 682
f 685 687 686
f 687 688 686
f 689 691 690
f 691 692 690
f 693 695 694
f 695 696 694
f 697 699 698
f 699 700 698
f 701 703 702
f 703 704 702
f 705 707 706
f 707 708 706
f 709 711 710
f 711 712 710
f 713 715 714
f 715 716 714
f 717 719 718
f 719 720 718
f 721 723 722
f 723 724 722
f 725 727 726
f 727 728 726
f 729 731 730
f 731 732 730
f 733 735 734
f 735 736 734
f 737 739 738
f 739 740 738
f 741 743 742
f 743 744 742
f 745 747 746
f 747 748 746
f 749 751 750
f 751 752 750
f 753 755 754
f 755 756 754
f 757 759 758
f 759 760 758
f 761 763 762
f 763 764 762
f 765 767 766
f 767 768 766
f 769 771 770
f 771 772 770
f 773 775 774
f 775 776 774
f 777 779 778
f 779 780 778
f 781 783 782
f 783 784 782
f 785 787 786
f 787 788 786
f 789 791 790
f 791 792 790
f 793 795 794
f 795 796 794
f 797 799 798
f 799 800 798
f 801 803 802
f 803 804 802
f 805 807 806
f 807 808 806
f 809 811 810
f 811 812 810
f 813 815 814
f 815 816 814
f 817 819 818
f 819 820 818
f 821 823 822
f 823 824 822
f 825 827 826
f 827 828 826
f 829 831 830
f 831 832 830
f 833 835 834
f 835 836 834
f 837 839 838
f 839 840 838
f 841 843 842
f 843 844 842
f 845 847 846
f 847 848 846
f 849 851 850
f 851 852 850
f 853 855 854
f 855 856 854
f 857 859 858
f 859 860 858
f 861 863 862
f 863 864 862
f 865 867 866
f 867 868 866
f 869 871 870
f 871 872 870
f 873 875 874
f 875 876 874
f 877 879 878
f 879 880 878
f 881 883 882
f 883 884 882
f 885 887 886
f 887 888 886
f 889 891 890
f 891 892 890
f 893 895 894
f 895 896 894
f 897 899 898
f 899 900 898
f 901 903 902
f 903 904 902
f 905 907 906
f 907 908 906
f 909 911 910
f 911 912 910
f 913 915 914
f 915 916 914
f 917 919 918
f 919 920 918
f 921 923 922
f 923 924 922
f 925 927 926
f 927 928 926
f 929 931 930
f 931 932 930
f 933 935 934
f 935 936 934
f 937 939 938
f 939 940 938
f 941 943 942
f 943 944 942
f 945 947 946
f 947 948 946
f 949 951 950
f 951 952 950
f 953 955 954
f 955 956 954
f 957 959 958
f 959 960 958
f 961 963 962
f 963 964 962
f 965 967 966
f 967 968 966
f 969 971 970
f 971 972 970
f 973 975 974
f 975 976 974
f 977 979 978
f 979 980 978
f 981 983 982
f 983 984 982
f 985 987 986
f 987 988 986
f 989 991 990
f 991 992 990
f 993 995 994
f 995 996 994
f 997 999 998
f 999 1000 998
f 1001 1003 1002
f 1003 1004 1002
f 1005 1007 1006
f 1007 1008 1006
f 1009 1011 1010
f 1011 1012 1010
f 1013 1015 1014
f 1015 1016 1014
f 1017 1019 1018
f 1019 1020 1018
f 1021 1023 1022
f 1023 1024 1022
f 1025 1027 1026
f 1027 1028 1026
f 1029 1031 1030
f 1031 1032 1030
f 1033 1035 1034
f 1035 1036 1034
f 1037 1039 1038
f 1039 1040 1038
f 1041 1043 1042
f 1043 1044 1042
f 1045 1047 1046
f 1047 1048 1046
f 1049 1051 1050
f 1051 1052 1050
f 1053 1055 1054
f 1055 1056 1054
f 1057 1059 1058
f 1059 1060 1058
f 1061 1063 1062
f 1063 1064 1062
f 1065 1067 1066
f 1067 1068 1066
f 1069 1071 1070
f 1071 1072 1070
f 1073 1075 1074
f 1075 1076 1074
f 1077 1079 1078
f 1079 1080 1078
f 1081 1083 1082
f 1083 1084 1082
f 1085 1087 1086
f 1087 1088 1086
f 1089 1091 1090
f 1091 1092 1090
f 1093 1095 1094
f 1095 1096 1094
f 1097 1099 1098
f 1099 1100 1098
f 1101 1103 1102
f 1103 1104 1102
f 1105 1107 1106
f 1107 1108 1106
f 1109 1111 1110
f 1111 1112 1110
f 1113 1115 1114
f 1115 1116 1114
f 1117 1119 1118
f 1119 1120 1118
f 1121 1123 1122
f 1123 1124 1122
f 1125 1127 1126
f 1127 1128 1126
f 1129 1131 1130
f 1131 1132 1130
f 1133 1135 1134
f 1135 1136 1134
f 1137 1139 1138
f 1139 1140 1138
f 1141 1143 1142
f 1143 1144 1142
f 1145 1147 1146
f 1147 1148 1146
f 1149 1151 1150
f 1151 1152 1150
f 1153 1155 1154
f 1155 1156 1154
f 1157 1159 1158
f 1159 1160 1158
f 1161 1163 1162
f 1163 1164 1162
f 1165 1167 1166
f 1167 1168 1166
f 1169 1171 1170
f 1171 1172 1170
f 1173 1175 1174
f 1175 1176 1174
f 1177 1179 1178
f 1179 1180 1178
f 1181 1183 1182
f 1183 1184 1182
f 1185 1187 1186
f 1187 1188 1186
f 1189 1191 1190
f 1191 1192 1190
f 1193 1195 1194
f 1195 1196 1194
f 1197 1199 1198
f 1199 1200 1198
f 1201 1203 1202
f 1203 1204 1202
f 1205 1207 1206
f 1207 1208 1206
f 1209 1211 1210
f 1211 1212 1210
f 1213 1215 1214
f 1215 1216 1214
f 1217 1219 1218
f 1219 1220 1218
f 1221 1223 1222
f 1223 1224 1222
f 1225 1227 1226
f 1227 1228 1226
f 1229 1231 1230
f 1231 1232 1230
f 1233 1235 1234
f 1235 1236 1234
f 1237 1239 1238
f 1239 1240 1238
f 1241 1243 1242
f 1243 1244 1242
f 1245 1247 1246
f 1247 1248 1246
f 1249 1251 1250
f 1251 1252 1250
f 1253 1255 1254
f 1255 1256 1254
f 1257 1259 1258
f 1259 1260 1258
f 1261 1263 1262
f 1263 1264 1262
f 1265 1267 1266
f 1267 1268 1266
f 1269 1271 1270
f 1271 1272 1270
f 1273 1275 1274
f 1275 1276 1274
f 1277 1279 1278
f 1279 1280 1278
f 1281 1283 1282
f 1283 1284 1282
f 1285 1287 1286
f 1287 1288 1286
f 1289 1291 1290
f 1291 1292 1290
f 1293 1295 1294
f 1295 1296 1294
f 1297 1299 1298
f 1299 1300 1298
f 1301 1303 1302
f 1303 1304 1302
f 1305 1307 1306
f 1307 1308 1306
f 1309 1311 1310
f 1311 1312 1310
f 1313 1315 1314
f 1315 1316 1314
f 1317 1319 1318
f 1319 1320 1318
f 1321 1323 1322
f 1323 1324 1322
f 1325 1327 1326
f 1327 1328 1326
f 1329 1331 1330
f 1331 1332 1330
f 1333 1335 1334
f 1335 1336 1334
f 1337 1339 1338
f 1339 1340 1338
f 1341 1343 1342
f 1343 1344 1342
f 1345 1347 1346
f 1347 1348 1346
f 1349 1351 1350
f 1351 1352 1350
f 1353 1355 1354
f 1355 1356 1354
f 1357 1359 1358
f 1359 1360 1358
f 1361 1363 1362
f 1363 1364 1362
f 1365 1367 1366
f 1367 1368 1366
f 1369 1371 1370
f 1371 1372 1370
f 1373 1375 1374
f 1375 1376 1374
f 1377 1379 1378
f 1379 1380 1378
f 1381 1383 1382
f 1383 1384 1382
f 1385 1387 1386
f 1387 1388 1386
f 1389 1391 1390
f 1391 1392 1390
f 1393 1395 1394
f 1395 1396 1394
f 1397 1399 1398
f 1399 1400 1398
f 1401 1403 1402
f 1403 1404 1402
f 1405 1407 1406
f 1407 1408 1406
f 1409 1411 1410
f 1411 1412 1410
f 1413 1415 1414
f 1415 1416 1414
f 1417 1419 1418
f 1419 1420 1418
f 1421 1423 1422
f 1423 1424 1422
f 1425 1427 1426
f 1427 1428 1426
f 1429 1431 1430
f 1431 1432 1430
f 1433 1435 1434
f 1435 1436 1434
f 1437 1439 1438
f 1439 1440 1438
f 1441 1443 1442
f 1443 1444 1442
f 1445 1447 1446
f 1447 1448 1446
f 1449 1451 1450
f 1451 1452 1450
f 1453 1455 1454
f 1455 1456 1454
f 1457 1459 1458
f 1459 1460 1458
f 1461 1463 1462
f 1463 1464 1462
f 1465 1467 1466
f 1467 1468 1466
f 1469 1471 1470
f 1471 1472 1470
f 1473 1475 1474
f 1475 1476 1474
f 1477 1479 1478
f 1479 1480 1478
f 1481 1483 1482
f 1483 1484 1482
f 1485 1487 1486
f 1487 1488 1486
f 1489 1491 1490
f 1491 1492 1490
f 1493 1495 1494
f 1495 1496 1494
f 1497 1499 1498
f 1499 1500 1498
f 1501 1503 1502
f 1503 1504 1502
f 1505 1507 1506
f 1507 1508 1506
f 1509 1511 1510
f 1511 1512 1510
f 1513 1515 1514
f 1515 1516 1514
f 1517 1519 1518
f 1519 1520 1518
f 1521 1523 1522
f 1523 1524 1522
f 1525 1527 1526
f 1527 1528 1526
f 1529 1531 1530
f 1531 1532 1530
f 1533 1535 1534
f 1535 1536 1534
f 1537 1539 1538
f 1539 1540 1538
f 1541 1543 1542
f 1543 1544 1542
f 1545 1547 1546
f 1547 1548 1546
f 1549 1551 1550
f 1551 1552 1550
f 1553 1555 1554
f 1555 1556 1554
f 1557 1559 1558
f 1559 1560 1558
f 1561 1563 1562
f 1563 1564 1562
f 1565 1567 1566
f 1567 1568 1566
f 1569 1571 1570
f 1571 1572 1570
f 1573 1575 1574
f 1575 1576 1574
f 1577 1579 1578
f 1579 1580 1578
f 1581 1583 1582
f 1583 1584 1582
f 1585 1587 1586
f 1587 1588 1586
f 1589 1591 1590
f 1591 1592 1590
f 1593 1595 1594
f 1595 1596 1594
f 1597 1599 1598
f 1599 1600 1598
f 1601 1603 1602
f 1603 1604 1602
f 1605 1607 1606
f 1607 1608 1606
f 1609 1611 1610
f 1611 1612 1610
f 1613 1615 1614
f 1615 1616 1614
f 1617 1619 1618
f 1619 1620 1618
f 1621 1623 1622
f 1623 1624 1622
f 1625 1627 1626
f 1627 1628 1626
f 1629 1631 1630
f 1631 1632 1630
f 1633 1635 1634
f 1635 1636 1634
f 1637 1639 1638
f 1639 1640 1638
f 1641 1643 1642
f 1643 1644 1642
f 1645 1647 1646
f 1647 1648 1646
f 1649 1651 1650
f 1651 1652 1650
f 1653 1655 1654
f 1655 1656 1654
f 1657 1659 1658
f 1659 1660 1658
f 1661 1663 1662
f 1663 1664 1662
f 1665 1667 1666
f 1667 1668 1666
f 1669 1671 1670
f 1671 1672 1670
f 1673 1675 1674
f 1675 1676 1674
f 1677 1679 1678
f 1679 1680 1678
f 1681 1683 1682
f 1683 1684 1682
f 1685 1687 1686
f 1687 1688 1686
f 1689 1691 1690
f 1691 1692 1690
f 1693 1695 1694
f 1695 1696 1694
f 1697 1699 1698
f 1699 1700 1698
f 1701 1703 1702
f 1703 1704 1702
f 1705 1707 1706
f 1707 1708 1706
f 1709 1711 1710
f 1711 1712 1710
f 1713 1715 1714
f 1715 1716 1714
f 1717 1719 1718
f 1719 1720 1718
f 1721 1723 1722
f 1723 1724 1722
f 1725 1727 1726
f 1727 1728 1726
f 1729 1731 1730
f 1731 1732 1730
f 1733 1735 1734
f 1735 1736 1734
f 1737 1739 1738
f 1739 1740 1738
f 1741 1743 1742
f 1743 1744 1742
f 1745 1747 1746
f 1747 1748 1746
f 1749 1751 1750
f 1751 1752 1750
f 1753 1755 1754
f 1755 1756 1754
f 1757 1759 1758
f 1759 1760 1758
f 1761 1763 1762
f 1763 1764 1762
f 1765 1767 1766
f 1767 1768 1766
f 1769 1771 1770
f 1771 1772 1770
f 1773 1775 1774
f 1775 1776 1774
f 1777 1779 1778
f 1779 1780 1778
f 1781 1783 1782
f 1783 1784 1782
f 1785 1787 1786
f 1787 1788 1786
f 1789 1791 1790
f 1791 1792 1790
f 1793 1795 1794
f 1795 1796 1794
f 1797 1799 1798
f 1799 1800 1798
f 1801 1803 1802
f 1803 1804 1802
f 1805 1807 1806
f 1807 1808 1806
f 1809 1811 1810
f 1811 1812 1810
f 1813 1815 1814
f 1815 1816 1814
f 1817 1819 1818
f 1819 1820 1818
f 1821 1823 1822
f 1823 1824 1822
f 1825 1827 1826
f 1827 1828 1826
f 1829 1831 1830
f 1831 1832 1830
f 1833 1835 1834
f 1835 1836 1834
f 1837 1839 1838
f 1839 1840 1838
f 1841 1843 1842
f 1843 1844 1842
f 1845 1847 1846
f 1847 1848 1846
f 1849 1851 1850
f 1851 1852 1850
f 1853 1855 1854
f 1855 1856 1854
f 1857 1859 1858
f 1859 1860 1858
f 1861 1863 1862
f 1863 1864 1862
f 1865 1867 1866
f 1867 1868 1866
f 1869 1871 1870
f 1871 1872 1870
f 1873 1875 1874
f 1875 1876 1874
f 1877 1879 1878
f 1879 1880 1878
f 1881 1883 1882
f 1883 1884 1882
f 1885 1887 1886
f 1887 1888 1886
f 1889 1891 1890
f 1891 1892 1890
f 1893 1895 1894
f 1895 1896 1894
f 1897 1899 1898
f 1899 1900 1898
f 1901 1903 1902
f 1903 1904 1902
f 1905 1907 1906
f 1907 1908 1906
f 1909 1911 1910
f 1911 1912 1910
f 1913 1915 1914
f 1915 1916 1914
f 1917 1919 1918
f 1919 1920 1918
f 1921 1923 1922
f 1923 1924 1922
f 1925 1927 1926
f 1927 1928 1926
f 1929 1931 1930
f 1931 1932 1930
f 1933 1935 1934
f 1935 1936 1934
f 1937 1939 1938
f 1939 1940 1938
f 1941 1943 1942
f 1943 1944 1942
f 1945 1947 1946
f 1947 1948 1946
f 1949 1951 1950
f 1951 1952 1950
f 1953 1955 1954
f 1955 1956 1954
f 1957 1959 1958
f 1959 1960 1958
f 1961 1963 1962
f 1963 1964 1962
f 1965 1967 1966
f 1967 1968 1966
f 1969 1971 1970
f 1971 1972 1970
f 1973 1975 1974
f 1975 1976 1974
f 1977 1979 1978
f 1979 1980 1978
f 1981 1983 1982
f 1983 1984 1982
f 1985 1987 1986
f 1987 1988 1986
f 1989 1991 1990
f 1991 1992 1990
f 1993 1995 1994
f 1995 1996 1994
f 1997 1999 1998
f 1999 2000 1998
f 2001 2003 2002
f 2003 2004 2002
f 2005 2007 2006
f 2007 2008 2006
f 2009 2011 2010
f 2011 2012 2010
f 2013 2015 2014
f 2015 2016 2014
f 2017 2019 2018
f 2019 2020 2018
f 2021 2023 2022
f 2023 2024 2022
f 2025 2027 2026
f 2027 2028 2026
f 2029 2031 2030
f 2031 2032 2030
f 2033 2035 2034
f 2035 2036 2034
f 2037 2039 2038
f 2039 2040 2038
f 2041 2043 2042
f 2043 2044 2042
f 2045 2047 2046
f 2047 2048 2046
f 2049 2051 2050
f 2051 2052 2050
f 2053 2055 2054
f 2055 2056 2054
f 2057 2059 2058
f 2059 2060 2058
f 2061 2063 2062
f 2063 2064 2062
f 2065 2067 2066
f 2067 2068 2066
f 2069 2071 2070
f 2071 2072 2070
f 2073 2075 2074
f 2075 2076 2074
f 2077 2079 2078
f 2079 2080 2078
f 2081 2083 2082
f 2083 2084 2082
f 2085 2087 2086
f 2087 2088 2086
f 2089 2091 2090
f 2091 2092 2090
f 2093 2095 2094
f 2095 2096 2094
f 2097 2099 2098
f 2099 2100 2098
f 2101 2103 2102
f 2103 2104 2102
f 2105 2107 2106
f 2107 2108 2106
f 2109 2111 2110
f 2111 2112 2110
f 2113 2115 2114
f 2115 2116 2114
f 2117 2119 2118
f 2119 2120 2118
f 2121 2123 2122
f 2123 2124 2122
f 2125 2127 2126
f 2127 2128 2126
f 2129 2131 2130
f 2131 2132 2130
f 2133 2135 2134
f 2135 2136 2134
f 2137 2139 2138
f 2139 2140 2138
f 2141 2143 2142
f 2143 2144 2142
f 2145 2147 2146
f 2147 2148 2146
f 2149 2151 2150
f 2151 2152 2150
f 2153 2155 2154
f 2155 2156 2154
f 2157 2159 2158
f 2159 2160 2158
f 2161 2163 2162
f 2163 2164 2162
f 2165 2167 2166
f 2167 2168 2166
f 2169 2171 2170
f 2171 2172 2170
f 2173 2175 2174
f 2175 2176 2174
f 2177 2179 2178
f 2179 2180 2178
f 2181 2183 2182
f 2183 2184 2182
f 2185 2187 2186
f 2187 2188 2186
f 2189 2191 2190
f 2191 2192 2190
f 2193 2195 2194
f 2195 2196 2194
f 2197 2199 2198
f 2199 2200 2198
f 2201 2203 2202
f 2203 2204 2202
f 2205 2207 2206
f 2207 2208 2206
f 2209 2211 2210
f 2211 2212 2210
f 2213 2215 2214
f 2215 2216 2214
f 2217 2219 2218
f 2219 2220 2218
f 2221 2223 2222
f 2223 2224 2222
f 2225 2227 2226
f 2227 2228 2226
f 2229 2231 2230
f 2231 2232 2230
f 2233 2235 2234
f 2235 2236 2234
f 2237 2239 2238
f 2239 2240 2238
f 2241 2243 2242
f 2243 2244 2242
f 2245 2247 2246
f 2247 2248 2246
f 2249 2251 2250
f 2251 2252 2250
f 2253 2255 2254
f 2255 2256 2254
f 2257 2259 2258
f 2259 2260 2258
f 2261 2263 2262
f 2263 2264 2262
f 2265 2267 2266
f 2267 2268 2266
f 2269 2271 2270
f 2271 2272 2270
f 2273 2275 2274
f 2275 2276 2274
f 2277 2279 2278
f 2279 2280 2278
f 2281 2283 2282
f 2283 2284 2282
f 2285 2287 2286
f 2287 2288 2286
f 2289 2291 2290
f 2291 2292 2290
f 2293 2295 2294
f 2295 2296 2294
f 2297 2299 2298
f 2299 2300 2298
f 2301 2303 2302
f 2303 2304 2302
f 2305 2307 2306
f 2307 2308 2306
f 2309 2311 2310
f 2311 2312 2310
f 2313 2315 2314
f 2315 2316 2314
f 2317 2319 2318
f 2319 2320 2318
f 2321 2323 2322
f 2323 2324 2322
f 2325 2327 2326
f 2327 2328 2326
f 2329 2331 2330
f 2331 2332 2330
f 2333 2335 2334
f 2335 2336 2334
f 2337 2339 2338
f 2339 2340 2338
f 2341 2343 2342
f 2343 2344 2342
f 2345 2347 2346
f 2347 2348 2346
f 2349 2351 2350
f 2351 2352 2350
f 2353 2355 2354
f 2355 2356 2354
f 2357 2359 2358
f 2359 2360 2358
f 2361 2363 2362
f 2363 2364 2362
f 2365 2367 2366
f 2367 2368 2366
f 2369 2371 2370
f 2371 2372 2370
f 2373 2375 2374
f 2375 2376 2374
f 2377 2379 2378
f 2379 2380 2378
f 2381 2383 2382
f 2383 2384 2382
f 2385 2387 2386
f 2387 2388 2386
f 2389 2391 2390
f 2391 2392 2390
f 2393 2395 2394
f 2395 2396 2394
f 2397 2399 2398
f 2399 2400 2398
f 2401 2403 2402
f 2403 2404 2402
f 2405 2407 2406
f 2407 2408 2406
f 2409 2411 2410
f 2411 2412 2410
f 2413 2415 2414
f 2415 2416 2414
f 2417 2419 2418
f 2419 2420 2418
f 2421 2423 2422
f 2423 2424 2422
f 2425 2427 2426
f 2427 2428 2426
f 2429 2431 2430
f 2431 2432 2430
f 2433 2435 2434
f 2435 2436 2434
f 2437 2439 2438
f 2439 2440 2438
f 2441 2443 2442
f 2443 2444 2442
f 2445 2447 2446
f 2447 2448 2446
f 2449 2451 2450
f 2451 2452 2450
f 2453 2455 2454
f 2455 2456 2454
f 2457 2459 2458
f 2459 2460 2458
f 2461 2463 2462
f 2463 2464 2462
f 2465 2467 2466
f 2467 2468 2466
f 2469 2471 2470
f 2471 2472 2470
f 2473 2475 2474
f 2475 2476 2474
f 2477 2479 2478
f 2479 2480 2478
f 2481 2483 2482
f 2483 2484 2482
f 2485 2487 2486
f 2487 2488 2486
f 2489 2491 2490
f 2491 2492 2490
f 2493 2495 2494
f 2495 2496 2494
f 2497 2499 2498
f 2499 2500 2498
f 2501 2503 2502
f 2503 2504 2502
f 2505 2507 2506
f 2507 2508 2506
f 2509 2511 2510
f 2511 2512 2510
f 2513 2515 2514
f 2515 2516 2514
f 2517 2519 2518
f 2519 2520 2518
f 2521 2523 2522
f 2523 2524 2522
f 2525 2527 2526
f 2527 2528 2526
f 2529 2531 2530
f 2531 2532 2530
f 2533 2535 2534
f 2535 2536 2534
f 2537 2539 2538
f 2539 2540 2538
f 2541 2543 2542
f 2543 2544 2542
f 2545 2547 2546
f 2547 2548 2546
f 2549 2551 2550
f 2551 2552 2550
f 2553 2555 2554
f 2555 2556 2554
f 2557 2559 2558
f 2559 2560 2558
f 2561 2563 2562
f 2563 2564 2562
f 2565 2567 2566
f 2567 2568 2566
f 2569 2571 2570
f 2571 2572 2570
f 2573 2575 2574
f 2575 2576 2574
f 2577 2579 2578
f 2579 2580 2578
f 2581 2583 2582
f 2583 2584 2582
f 2585 2587 2586
f 2587 2588 2586
f 2589 2591 2590
f 2591 2592 2590
f 2593 2595 2594
f 2595 2596 2594
f 2597 2599 2598
f 2599 2600 2598
f 2601 2603 2602
f 2603 2604 2602
f 2605 2607 2606
f 2607 2608 2606
f 2609 2611 2610
f 2611 2612 2610
f 2613 2615 2614
f 2615 2616 2614
f 2617 2619 2618
f 2619 2620 2618
f 2621 2623 2622
f 2623 2624 2622
f 2625 2627 2626
f 2627 2628 2626
f 2629 2631 2630
f 2631 2632 2630
f 2633 2635 2634
f 2635 2636 2634
f 2637 2639 2638
f 2639 2640 2638
f 2641 2643 2642
f 2643 2644 2642
f 2645 2647 2646
f 2647 2648 2646
f 2649 2651 2650
f 2651 2652 2650
f 2653 2655 2654
f 2655 2656 2654
f 2657 2659 2658
f 2659 2660 2658
f 2661 2663 2662
f 2663 2664 2662
f 2665 2667 2666
f 2667 2668 2666
f 2669 2671 2670
f 2671 2672 2670
f 2673 2675 2674
f 2675 2676 2674
f 2677 2679 2678
f 2679 2680 2678
f 2681 2683 2682
f 2683 2684 2682
f 2685 2687 2686
f 2687 2688 2686
f 2689 2691 2690
f 2691 2692 2690
f 2693 2695 2694
f 2695 2696 2694
f 2697 2699 2698
f 2699 2700 2698
f 2701 2703 2702
f 2703 2704 2702
f 2705 2707 2706
f 2707 2708 2706
f 2709 2711 2710
f 2711 2712 2710
f 2713 2715 2714
f 2715 2716 2714
f 2717 2719 2718
f 2719 2720 2718
f 2721 2723 2722
f 2723 2724 2722
f 2725 2727 2726
f 2727 2728 2726
f 2729 2731 2730
f 2731 2732 2730
f 2733 2735 2734
f 2735 2736 2734
f 2737 2739 2738
f 2739 2740 2738
f 2741 2743 2742
f 2743 2744 2742
f 2745 2747 2746
f 2747 2748 2746
f 2749 2751 2750
f 2751 2752 2750
f 2753 2755 2754
f 2755 2756 2754
f 2757 2759 2758
f 2759 2760 2758
f 2761 2763 2762
f 2763 2764 2762
f 2765 2767 2766
f 2767 2768 2766
f 2769 2771 2770
f 2771 2772 2770
f 2773 2775 2774
f 2775 2776 2774
f 2777 2779 2778
f 2779 2780 2778
f 2781 2783 2782
f 2783 2784 2782
f 2785 2787 2786
f 2787 2788 2786
f 2789 2791 2790
f 2791 2792 2790
f 2793 2795 2794
f 2795 2796 2794
f 2797 2799 2798
f 2799 2800 2798
f 2801 2803 2802
f 2803 2804 2802
f 2805 2807 2806
f 2807 2808 2806
f 2809 2811 2810
f 2811 2812 2810
f 2813 2815 2814
f 2815 2816 2814
f 2817 2819 2818
f 2819 2820 2818
f 2821 2823 2822
f 2823 2824 2822
f 2825 2827 2826
f 2827 2828 2826
f 2829 2831 2830
f 2831 2832 2830
f 2833 2835 2834
f 2835 2836 2834
f 2837 2839 2838
f 2839 2840 2838
f 2841 2843 2842
f 2843 2844 2842
f 2845 2847 2846
f 2847 2848 2846
f 2849 2851 2850
f 2851 2852 2850
f 2853 2855 2854
f 2855 2856 2854
f 2857 2859 2858
f 2859 2860 2858
f 2861 2863 2862
f 2863 2864 2862
f 2865 2867 2866
f 2867 2868 2866
f 2869 2871 2870
f 2871 2872 2870
f 2873 2875 2874
f 2875 2876 2874
f 2877 2879 2878
f 2879 2880 2878
f 2881 2883 2882
f 2883 2884 2882
f 2885 2887 2886
f 2887 2888 2886
f 2889 2891 2890
f 2891 2892 2890
f 2893 2895 2894
f 2895 2896 2894
f 2897 2899 2898
f 2899 2900 2898
f 2901 2903 2902
f 2903 2904 2902
f 2905 2907 2906
f 2907 2908 2906
f 2909 2911 2910
f 2911 2912 2910
f 2913 2915 2914
f 2915 2916 2914
f 2917 2919 2918
f 2919 2920 2918
f 2921 2923 2922
f 2923 2924 2922
f 2925 2927 2926
f 2927 2928 2926
f 2929 2931 2930
f 2931 2932 2930
f 2933 2935 2934
f 2935 2936 2934
f 2937 2939 2938
f 2939 2940 2938
f 2941 2943 2942
f 2943 2944 2942
f 2945 2947 2946
f 2947 2948 2946
f 2949 2951 2950
f 2951 2952 2950
f 2953 2955 2954
f 2955 2956 2954
f 2957 2959 2958
f 2959 2960 2958
f 2961 2963 2962
f 2963 2964 2962
f 2965 2967 2966
f 2967 2968 2966
f 2969 2971 2970
f 2971 2972 2970
f 2973 2975 2974
f 2975 2976 2974
f 2977 2979 2978
f 2979 2980 2978
f 2981 2983 2982
f 2983 2984 2982
f 2985 2987 2986
f 2987 2988 2986
f 2989 2991 2990
f 2991 2992 2990
f 2993 2995 2994
f 2995 2996 2994
f 2997 2999 2998
f 2999 3000 2998
f 3001 3003 3002
f 3003 3004 3002
f 3005 3007 3006
f 3007 3008 3006
f 3009 3011 3010
f 3011 3012 3010
f 3013 3015 3014
f 3015 3016 3014
f 3017 3019 3018
f 3019 3020 3018
f 3021 3023 3022
f 3023 3024 3022
f 3025 3027 3026
f 3027 3028 3026
f 3029 3031 3030
f 3031 3032 3030
f 3033 3035 3034
f 3035 3036 3034
f 3037 3039 3038
f 3039 3040 3038
f 3041 3043 3042
f 3043 3044 3042
f 3045 3047 3046
f 3047 3048 3046
f 3049 3051 3050
f 3051 3052 3050
f 3053 3055 3054
f 3055 3056 3054
f 3057 3059 3058
f 3059 3060 3058
f 3061 3063 3062
f 3063 3064 3062
f 3065 3067 3066
f 3067 3068 3066
f 3069 3071 3070
f 3071 3072 3070
f 3073 3075 3074
f 3075 3076 3074
f 3077 3079 3078
f 3079 3080 3078
f 3081 3083 3082
f 3083 3084 3082
f 3085 3087 3086
f 3087 3088 3086
f 3089 3091 3090
f 3091 3092 3090
f 3093 3095 3094
f 3095 3096 3094
f 3097 3099 3098
f 3099 3100 3098
f 3101 3103 3102
f 3103 3104 3102
f 3105 3107 3106
f 3107 3108 3106
f 3109 3111 3110
f 3111 3112 3110
f 3113 3115 3114
f 3115 3116 3114
f 3117 3119 3118
f 3119 3120 3118
f 3121 3123 3122
f 3123 3124 3122
f 3125 3127 3126
f 3127 3128 3126
f 3129 3131 3130
f 3131 3132 3130
f 3133 3135 3134
f 3135 3136 3134
f 3137 3139 3138
f 3139 3140 3138
f 3141 3143 3142
f 3143 3144 3142
f 3145 3147 3146
f 3147 3148 3146
f 3149 3151 3150
f 3151 3152 3150
f 3153 3155 3154
f 3155 3156 3154
f 3157 3159 3158
f 3159 3160 3158
f 3161 3163 3162
f 3163 3164 3162
f 3165 3167 3166
f 3167 3168 3166
f 3169 3171 3170
f 3171 3172 3170
f 3173 3175 3174
f 3175 3176 3174
f 3177 3179 3178
f 3179 3180 3178
f 3181 3183 3182
f 3183 3184 3182
f 3185 3187 3186
f 3187 3188 3186
f 3189 3191 3190
f 3191 3192 3190
f 3193 3195 3194
f 3195 3196 3194
f 3197 3199 3198
f 3199 3200 3198
f 3201 3203 3202
f 3203 3204 3202
f 3205 3207 3206
f 3207 3208 3206
f 3209 3211 3210
f 3211 3212 3210
f 3213 3215 3214
f 3215 3216 3214
f 3217 3219 3218
f 3219 3220 3218
f 3221 3223 3222
f 3223 3224 3222
f 3225 3227 3226
f 3227 3228 3226
f 3229 3231 3230
f 3231 3232 3230
f 3233 3235 3234
f 3235 3236 3234
f 3237 3239 3238
f 3239 3240 3238
f 3241 3243 3242
f 3243 3244 3242
f 3245 3247 3246
f 3247 3248 3246
f 3249 3251 3250
f 3251 3252 3250
f 3253 3255 3254
f 3255 3256 3254
f 3257 3259 3258
f 3259 3260 3258
f 3261 3263 3262
f 3263 3264 3262
f 3265 3267 3266
f 3267 3268 3266
f 3269 3271 3270
f 3271 3272 3270
f 3273 3275 3274
f 3275 3276 3274
f 3277 3279 3278
f 3279 3280 3278
f 3281 3283 3282
f 3283 3284 3282
f 3285 3287 3286
f 3287 3288 3286
f 3289 3291 3290
f 3291 3292 3290
f 3293 3295 3294
f 3295 3296 3294
f 3297 3299 3298
f 3299 3300 3298
f 3301 3303 3302
f 3303 3304 3302
f 3305 3307 3306
f 3307 3308 3306
f 3309 3311 3310
f 3311 3312 3310
f 3313 3315 3314
f 3315 3316 3314
f 3317 3319 3318
f 3319 3320 3318
f 3321 3323 3322
f 3323 3324 3322
f 3325 3327 3326
f 3327 3328 3326
f 3329 3331 3330
f 3331 3332 3330
f 3333 3335 3334
f 3335 3336 3334
f 3337 3339 3338
f 3339 3340 3338
f 3341 3343 3342
f 3343 3344 3342
f 3345 3347 3346
f 3347 3348 3346
f 3349 3351 3350
f 3351 3352 3350
f 3353 3355 3354
f 3355 3356 3354
f 3357 3359 3358
f 3359 3360 3358
f 3361 3363 3362
f 3363 3364 3362
f 3365 3367 3366
f 3367 3368 3366
f 3369 3371 3370
f 3371 3372 3370
f 3373 3375 3374
f 3375 3376 3374
f 3377 3379 3378
f 3379 3380 3378
f 3381 3383 3382
f 3383 3384 3382
f 3385 3387 3386
f 3387 3388 3386
f 3389 3391 3390
f 3391 3392 3390
f 3393 3395 3394
f 3395 3396 3394
f 3397 3399 3398
f 3399 3400 3398
f 3401 3403 3402
f 3403 3404 3402
f 3405 3407 3406
f 3407 3408 3406
f 3409 3411 3410
f 3411 3412 3410
f 3413 3415 3414
f 3415 3416 3414
f 3417 3419 3418
f 3419 3420 3418
f 3421 3423 3422
f 3423 3424 3422
f 3425 3427 3426
f 3427 3428 3426
f 3429 3431 3430
f 3431 3432 3430
f 3433 3435 3434
f 3435 3436 3434
f 3437 3439 3438
f 3439 3440 3438
f 3441 3443 3442
f 3443 3444 3442
f 3445 3447 3446
f 3447 3448 3446
f 3449 3451 3450
f 3451 3452 3450
f 3453 3455 3454
f 3455 3456 3454
v -1.01556 1.67554 0.04500
v -1.01556 1.67554 0.02500
v -1.01556 1.63966 0.04500
v -1.01556 1.63966 0.02500
v -1.05144 1.67554 0.02500
v -1.05144 1.67554 0.04500
v -1.05144 1.63966 0.02500
v -1.05144 1.63966 0.04500
v -1.05144 1.67554 0.02500
v -1.01556 1.67554 0.02500
v -1.05144 1.67554 0.04500
v -1.01556 1.67554 0.04500
v -1.05144 1.63966 0.04500
v -1.01556 1.63966 0.04500
v -1.05144 1.63966 0.02500
v -1.01556 1.63966 0.02500
v -1.05144 1.67554 0.04500
v -1.01556 1.67554 0.04500
v -1.05144 1.63966 0.04500
v -1.01556 1.63966 0.04500
v -1.01556 1.67554 0.02500
v -1.05144 1.67554 0.02500
v -1.01556 1.63966 0.02500
v -1.05144 1.63966 0.02500
v -0.97656 1.67554 0.04500
v -0.97656 1.67554 0.02500
v -0.97656 1.63966 0.04500
v -0.97656 1.63966 0.02500
v -1.01244 1.67554 0.02500
v -1.01244 1.67554 0.04500
v -1.01244 1.63966 0.02500
v -1.01244 1.63966 0.04500
v -1.01244 1.67554 0.02500
v -0.97656 1.67554 0.02500
v -1.01244 1.67554 0.04500
v -0.97656 1.67554 0.04500
v -1.01244 1.63966 0.04500
v -0.97656 1.63966 0.04500
v -1.01244 1.63966 0.02500
v -0.97656 1.63966 0.02500
v -1.01244 1.67554 0.04500
v -0.97656 1.67554 0.04500
v -1.01244 1.63966 0.04500
v -0.97656 1.63966 0.04500
v -0.97656 1.67554 0.02500
v -1.01244 1.67554 0.02500
v -0.97656 1.63966 0.02500
v -1.01244 1.63966 0.02500
v -0.93756 1.67554 0.04500
v -0.93756 1.67554 0.02500
v -0.93756 1.63966 0.04500
v -0.93756 1.63966 0.02500
v -0.97344 1.67554 0.02500
v -0.97344 1.67554 0.04500
v -0.97344 1.63966 0.02500
v -0.97344 1.63966 0.04500
v -0.97344 1.67554 0.02500
v -0.93756 1.67554 0.02500
v -0.97344 1.67554 0.04500
v -0.93756 1.67554 0.04500
v -0.97344 1.63966 0.04500
v -0.93756 1.63966 0.04500
v -0.97344 1.63966 0.02500
v -0.93756 1.63966 0.02500
v -0.97344 1.67554 0.04500
v -0.93756 1.67554 0.04500
v -0.97344 1.63966 0.04500
v -0.93756 1.63966 0.04500
v -0.93756 1.67554 0.02500
v -0.97344 1.67554 0.02500
v -0.93756 1.63966 0.02500
v -0.97344 1.63966 0.02500
v -0.89856 1.67554 0.04500
v -0.89856 1.67554 0.02500
v -0.89856 1.63966 0.04500
v -0.89856 1.63966 0.02500
v -0.93444 1.67554 0.02500
v -0.93444 1.67554 0.04500
v -0.93444 1.63966 0.02500
v -0.93444 1.63966 0.04500
v -0.93444 1.67554 0.02500
v -0.89856 1.67554 0.02500
v -0.93444 1.67554 0.04500
v -0.89856 1.67554 0.04500
v -0.93444 1.63966 0.04500
v -0.89856 1.63966 0.04500
v -0.93444 1.63966 0.02500
v -0.89856 1.63966 0.02500
v -0.93444 1.67554 0.04500
v -0.89856 1.67554 0.04500
v -0.93444 1.63966 0.04500
v -0.89856 1.63966 0.04500
v -0.89856 1.67554 0.02500
v -0.93444 1.67554 0.02500
v -0.89856 1.63966 0.02500
v -0.93444 1.63966 0.02500
v -1.01556 1.63654 0.04500
v -1.01556 1.63654 0.02500
v -1.01556 1.60066 0.04500
v -1.01556 1.60066 0.02500
v -1.05144 1.63654 0.02500
v -1.05144 1.63654 0.04500
v -1.05144 1.60066 0.02500
v -1.05144 1.60066 0.04500
v -1.05144 1.63654 0.02500
v -1.01556 1.63654 0.02500
v -1.05144 1.63654 0.04500
v -1.01556 1.63654 0.04500
v -1.05144 1.60066 0.04500
v -1.01556 1.60066 0.04500
v -1.05144 1.60066 0.02500
v -1.01556 1.60066 0.02500
v -1.05144 1.63654 0.04500
v -1.01556 1.63654 0.04500
v -1.05144 1.60066 0.04500
v -1.01556 1.60066 0.04500
v -1.01556 1.63654 0.02500
v -1.05144 1.63654 0.02500
v -1.01556 1.60066 0.02500
v -1.05144 1.60066 0.02500
v -0.85956 1.63654 0.04500
v -0.85956 1.63654 0.02500
v -0.85956 1.60066 0.04500
v -0.85956 1.60066 0.02500
v -0.89544 1.63654 0.02500
v -0.89544 1.63654 0.04500
v -0.89544 1.60066 0.02500
v -0.89544 1.60066 0.04500
v -0.89544 1.63654 0.02500
v -0.85956 1.63654 0.02500
v -0.89544 1.63654 0.04500
v -0.85956 1.63654 0.04500
v -0.89544 1.60066 0.04500
v -0.85956 1.60066 0.04500
v -0.89544 1.60066 0.02500
v -0.85956 1.60066 0.02500
v -0.89544 1.63654 0.04500
v -0.85956 1.63654 0.04500
v -0.89544 1.60066 0.04500
v -0.85956 1.60066 0.04500
v -0.85956 1.63654 0.02500
v -0.89544 1.63654 0.02500
v -0.85956 1.60066 0.02500
v -0.89544 1.60066 0.02500
v -1.01556 1.59754 0.04500
v -1.01556 1.59754 0.02500
v -1.01556 1.56166 0.04500
v -1.01556 1.56166 0.02500
v -1.05144 1.59754 0.02500
v -1.05144 1.59754 0.04500
v -1.05144 1.56166 0.02500
v -1.05144 1.56166 0.04500
v -1.05144 1.59754 0.02500
v -1.01556 1.59754 0.02500
v -1.05144 1.59754 0.04500
v -1.01556 1.59754 0.04500
v -1.05144 1.56166 0.04500
v -1.01556 1.56166 0.04500
v -1.05144 1.56166 0.02500
v -1.01556 1.56166 0.02500
v -1.05144 1.59754 0.04500
v -1.01556 1.59754 0.04500
v -1.05144 1.56166 0.04500
v -1.01556 1.56166 0.04500
v -1.01556 1.59754 0.02500
v -1.05144 1.59754 0.02500
v -1.01556 1.56166 0.02500
v -1.05144 1.56166 0.02500
v -0.85956 1.59754 0.04500
v -0.85956 1.59754 0.02500
v -0.85956 1.56166 0.04500
v -0.85956 1.56166 0.02500
v -0.89544 1.59754 0.02500
v -0.89544 1.59754 0.04500
v -0.89544 1.56166 0.02500
v -0.89544 1.56166 0.04500
v -0.89544 1.59754 0.02500
v -0.85956 1.59754 0.02500
v -0.89544 1.59754 0.04500
v -0.85956 1.59754 0.04500
v -0.89544 1.56166 0.04500
v -0.85956 1.56166 0.04500
v -0.89544 1.56166 0.02500
v -0.85956 1.56166 0.02500
v -0.89544 1.59754 0.04500
v -0.85956 1.59754 0.04500
v -0.89544 1.56166 0.04500
v -0.85956 1.56166 0.04500
v -0.85956 1.59754 0.02500
v -0.89544 1.59754 0.02500
v -0.85956 1.56166 0.02500
v -0.89544 1.56166 0.02500
v -1.01556 1.55854 0.04500
v -1.01556 1.55854 0.02500
v -1.01556 1.52266 0.04500
v -1.01556 1.52266 0.02500
v -1.05144 1.55854 0.02500
v -1.05144 1.55854 0.04500
v -1.05144 1.52266 0.02500
v -1.05144 1.52266 0.04500
v -1.05144 1.55854 0.02500
v -1.01556 1.55854 0.02500
v -1.05144 1.55854 0.04500
v -1.01556 1.55854 0.04500
v -1.05144 1.52266 0.04500
v -1.01556 1.52266 0.04500
v -1.05144 1.52266 0.02500
v -1.01556 1.52266 0.02500
v -1.05144 1.55854 0.04500
v -1.01556 1.55854 0.04500
v -1.05144 1.52266 0.04500
v -1.01556 1.52266 0.04500
v -1.01556 1.55854 0.02500
v -1.05144 1.55854 0.02500
v -1.01556 1.52266 0.02500
v -1.05144 1.52266 0.02500
v -0.97656 1.55854 0.04500
v -0.97656 1.55854 0.02500
v -0.97656 1.52266 0.04500
v -0.97656 1.52266 0.02500
v -1.01244 1.55854 0.02500
v -1.01244 1.55854 0.04500
v -1.01244 1.52266 0.02500
v -1.01244 1.52266 0.04500
v -1.01244 1.55854 0.02500
v -0.97656 1.55854 0.02500
v -1.01244 1.55854 0.04500
v -0.97656 1.55854 0.04500
v -1.01244 1.52266 0.04500
v -0.97656 1.52266 0.04500
v -1.01244 1.52266 0.02500
v -0.97656 1.52266 0.02500
v -1.01244 1.55854 0.04500
v -0.97656 1.55854 0.04500
v -1.01244 1.52266 0.04500
v -0.97656 1.52266 0.04500
v -0.97656 1.55854 0.02500
v -1.01244 1.55854 0.02500
v -0.97656 1.52266 0.02500
v -1.01244 1.52266 0.02500
v -0.93756 1.55854 0.04500
v -0.93756 1.55854 0.02500
v -0.93756 1.52266 0.04500
v -0.93756 1.52266 0.02500
v -0.97344 1.55854 0.02500
v -0.97344 1.55854 0.04500
v -0.97344 1.52266 0.02500
v -0.97344 1.52266 0.04500
v -0.97344 1.55854 0.02500
v -0.93756 1.55854 0.02500
v -0.97344 1.55854 0.04500
v -0.93756 1.55854 0.04500
v -0.97344 1.52266 0.04500
v -0.93756 1.52266 0.04500
v -0.97344 1.52266 0.02500
v -0.93756 1.52266 0.02500
v -0.97344 1.55854 0.04500
v -0.93756 1.55854 0.04500
v -0.97344 1.52266 0.04500
v -0.93756 1.52266 0.04500
v -0.93756 1.55854 0.02500
v -0.97344 1.55854 0.02500
v -0.93756 1.52266 0.02500
v -0.97344 1.52266 0.02500
v -0.89856 1.55854 0.04500
v -0.89856 1.55854 0.02500
v -0.89856 1.52266 0.04500
v -0.89856 1.52266 0.02500
v -0.93444 1.55854 0.02500
v -0.93444 1.55854 0.04500
v -0.93444 1.52266 0.02500
v -0.93444 1.52266 0.04500
v -0.93444 1.55854 0.02500
v -0.89856 1.55854 0.02500
v -0.93444 1.55854 0.04500
v -0.89856 1.55854 0.04500
v -0.93444 1.52266 0.04500
v -0.89856 1.52266 0.04500
v -0.93444 1.52266 0.02500
v -0.89856 1.52266 0.02500
v -0.93444 1.55854 0.04500
v -0.89856 1.55854 0.04500
v -0.93444 1.52266 0.04500
v -0.89856 1.52266 0.04500
v -0.89856 1.55854 0.02500
v -0.93444 1.55854 0.02500
v -0.89856 1.52266 0.02500
v -0.93444 1.52266 0.02500
v -1.01556 1.51954 0.04500
v -1.01556 1.51954 0.02500
v -1.01556 1.48366 0.04500
v -1.01556 1.48366 0.02500
v -1.05144 1.51954 0.02500
v -1.05144 1.51954 0.04500
v -1.05144 1.48366 0.02500
v -1.05144 1.48366 0.04500
v -1.05144 1.51954 0.02500
v -1.01556 1.51954 0.02500
v -1.05144 1.51954 0.04500
v -1.01556 1.51954 0.04500
v -1.05144 1.48366 0.04500
v -1.01556 1.48366 0.04500
v -1.05144 1.48366 0.02500
v -1.01556 1.48366 0.02500
v -1.05144 1.51954 0.04500
v -1.01556 1.51954 0.04500
v -1.05144 1.48366 0.04500
v -1.01556 1.48366 0.04500
v -1.01556 1.51954 0.02500
v -1.05144 1.51954 0.02500
v -1.01556 1.48366 0.02500
v -1.05144 1.48366 0.02500
v -0.93756 1.51954 0.04500
v -0.93756 1.51954 0.02500
v -0.93756 1.48366 0.04500
v -0.93756 1.48366 0.02500
v -0.97344 1.51954 0.02500
v -0.97344 1.51954 0.04500
v -0.97344 1.48366 0.02500
v -0.97344 1.48366 0.04500
v -0.97344 1.51954 0.02500
v -0.93756 1.51954 0.02500
v -0.97344 1.51954 0.04500
v -0.93756 1.51954 0.04500
v -0.97344 1.48366 0.04500
v -0.93756 1.48366 0.04500
v -0.97344 1.48366 0.02500
v -0.93756 1.48366 0.02500
v -0.97344 1.51954 0.04500
v -0.93756 1.51954 0.04500
v -0.97344 1.48366 0.04500
v -0.93756 1.48366 0.04500
v -0.93756 1.51954 0.02500
v -0.97344 1.51954 0.02500
v -0.93756 1.48366 0.02500
v -0.97344 1.48366 0.02500
v -1.01556 1.48054 0.04500
v -1.01556 1.48054 0.02500
v -1.01556 1.44466 0.04500
v -1.01556 1.44466 0.02500
v -1.05144 1.48054 0.02500
v -1.05144 1.48054 0.04500
v -1.05144 1.44466 0.02500
v -1.05144 1.44466 0.04500
v -1.05144 1.48054 0.02500
v -1.01556 1.48054 0.02500
v -1.05144 1.48054 0.04500
v -1.01556 1.48054 0.04500
v -1.05144 1.44466 0.04500
v -1.01556 1.44466 0.04500
v -1.05144 1.44466 0.02500
v -1.01556 1.44466 0.02500
v -1.05144 1.48054 0.04500
v -1.01556 1.48054 0.04500
v -1.05144 1.44466 0.04500
v -1.01556 1.44466 0.04500
v -1.01556 1.48054 0.02500
v -1.05144 1.48054 0.02500
v -1.01556 1.44466 0.02500
v -1.05144 1.44466 0.02500
v -0.89856 1.48054 0.04500
v -0.89856 1.48054 0.02500
v -0.89856 1.44466 0.04500
v -0.89856 1.44466 0.02500
v -0.93444 1.48054 0.02500
v -0.93444 1.48054 0.04500
v -0.93444 1.44466 0.02500
v -0.93444 1.44466 0.04500
v -0.93444 1.48054 0.02500
v -0.89856 1.48054 0.02500
v -0.93444 1.48054 0.04500
v -0.89856 1.48054 0.04500
v -0.93444 1.44466 0.04500
v -0.89856 1.44466 0.04500
v -0.93444 1.44466 0.02500
v -0.89856 1.44466 0.02500
v -0.93444 1.48054 0.04500
v -0.89856 1.48054 0.04500
v -0.93444 1.44466 0.04500
v -0.89856 1.44466 0.04500
v -0.89856 1.48054 0.02500
v -0.93444 1.48054 0.02500
v -0.89856 1.44466 0.02500
v -0.93444 1.44466 0.02500
v -1.01556 1.44154 0.04500
v -1.01556 1.44154 0.02500
v -1.01556 1.40566 0.04500
v -1.01556 1.40566 0.02500
v -1.05144 1.44154 0.02500
v -1.05144 1.44154 0.04500
v -1.05144 1.40566 0.02500
v -1.05144 1.40566 0.04500
v -1.05144 1.44154 0.02500
v -1.01556 1.44154 0.02500
v -1.05144 1.44154 0.04500
v -1.01556 1.44154 0.04500
v -1.05144 1.40566 0.04500
v -1.01556 1.40566 0.04500
v -1.05144 1.40566 0.02500
v -1.01556 1.40566 0.02500
v -1.05144 1.44154 0.04500
v -1.01556 1.44154 0.04500
v -1.05144 1.40566 0.04500
v -1.01556 1.40566 0.04500
v -1.01556 1.44154 0.02500
v -1.05144 1.44154 0.02500
v -1.01556 1.40566 0.02500
v -1.05144 1.40566 0.02500
v -0.85956 1.44154 0.04500
v -0.85956 1.44154 0.02500
v -0.85956 1.40566 0.04500
v -0.85956 1.40566 0.02500
v -0.89544 1.44154 0.02500
v -0.89544 1.44154 0.04500
v -0.89544 1.40566 0.02500
v -0.89544 1.40566 0.04500
v -0.89544 1.44154 0.02500
v -0.85956 1.44154 0.02500
v -0.89544 1.44154 0.04500
v -0.85956 1.44154 0.04500
v -0.89544 1.40566 0.04500
v -0.85956 1.40566 0.04500
v -0.89544 1.40566 0.02500
v -0.85956 1.40566 0.02500
v -0.89544 1.44154 0.04500
v -0.85956 1.44154 0.04500
v -0.89544 1.40566 0.04500
v -0.85956 1.40566 0.04500
v -0.85956 1.44154 0.02500
v -0.89544 1.44154 0.02500
v -0.85956 1.40566 0.02500
v -0.89544 1.40566 0.02500
v -0.74256 1.67554 0.04500
v -0.74256 1.67554 0.02500
v -0.74256 1.63966 0.04500
v -0.74256 1.63966 0.02500
v -0.77844 1.67554 0.02500
v -0.77844 1.67554 0.04500
v -0.77844 1.63966 0.02500
v -0.77844 1.63966 0.04500
v -0.77844 1.67554 0.02500
v -0.74256 1.67554 0.02500
v -0.77844 1.67554 0.04500
v -0.74256 1.67554 0.04500
v -0.77844 1.63966 0.04500
v -0.74256 1.63966 0.04500
v -0.77844 1.63966 0.02500
v -0.74256 1.63966 0.02500
v -0.77844 1.67554 0.04500
v -0.74256 1.67554 0.04500
v -0.77844 1.63966 0.04500
v -0.74256 1.63966 0.04500
v -0.74256 1.67554 0.02500
v -0.77844 1.67554 0.02500
v -0.74256 1.63966 0.02500
v -0.77844 1.63966 0.02500
v -0.70356 1.67554 0.04500
v -0.70356 1.67554 0.02500
v -0.70356 1.63966 0.04500
v -0.70356 1.63966 0.02500
v -0.73944 1.67554 0.02500
v -0.73944 1.67554 0.04500
v -0.73944 1.63966 0.02500
v -0.73944 1.63966 0.04500
v -0.73944 1.67554 0.02500
v -0.70356 1.67554 0.02500
v -0.73944 1.67554 0.04500
v -0.70356 1.67554 0.04500
v -0.73944 1.63966 0.04500
v -0.70356 1.63966 0.04500
v -0.73944 1.63966 0.02500
v -0.70356 1.63966 0.02500
v -0.73944 1.67554 0.04500
v -0.70356 1.67554 0.04500
v -0.73944 1.63966 0.04500
v -0.70356 1.63966 0.04500
v -0.70356 1.67554 0.02500
v -0.73944 1.67554 0.02500
v -0.70356 1.63966 0.02500
v -0.73944 1.63966 0.02500
v -0.66456 1.67554 0.04500
v -0.66456 1.67554 0.02500
v -0.66456 1.63966 0.04500
v -0.66456 1.63966 0.02500
v -0.70044 1.67554 0.02500
v -0.70044 1.67554 0.04500
v -0.70044 1.63966 0.02500
v -0.70044 1.63966 0.04500
v -0.70044 1.67554 0.02500
v -0.66456 1.67554 0.02500
v -0.70044 1.67554 0.04500
v -0.66456 1.67554 0.04500
v -0.70044 1.63966 0.04500
v -0.66456 1.63966 0.04500
v -0.70044 1.63966 0.02500
v -0.66456 1.63966 0.02500
v -0.70044 1.67554 0.04500
v -0.66456 1.67554 0.04500
v -0.70044 1.63966 0.04500
v -0.66456 1.63966 0.04500
v -0.66456 1.67554 0.02500
v -0.70044 1.67554 0.02500
v -0.66456 1.63966 0.02500
v -0.70044 1.63966 0.02500
v -0.78156 1.63654 0.04500
v -0.78156 1.63654 0.02500
v -0.78156 1.60066 0.04500
v -0.78156 1.60066 0.02500
v -0.81744 1.63654 0.02500
v -0.81744 1.63654 0.04500
v -0.81744 1.60066 0.02500
v -0.81744 1.60066 0.04500
v -0.81744 1.63654 0.02500
v -0.78156 1.63654 0.02500
v -0.81744 1.63654 0.04500
v -0.78156 1.63654 0.04500
v -0.81744 1.60066 0.04500
v -0.78156 1.60066 0.04500
v -0.81744 1.60066 0.02500
v -0.78156 1.60066 0.02500
v -0.81744 1.63654 0.04500
v -0.78156 1.63654 0.04500
v -0.81744 1.60066 0.04500
v -0.78156 1.60066 0.04500
v -0.78156 1.63654 0.02500
v -0.81744 1.63654 0.02500
v -0.78156 1.60066 0.02500
v -0.81744 1.60066 0.02500
v -0.62556 1.63654 0.04500
v -0.62556 1.63654 0.02500
v -0.62556 1.60066 0.04500
v -0.62556 1.60066 0.02500
v -0.66144 1.63654 0.02500
v -0.66144 1.63654 0.04500
v -0.66144 1.60066 0.02500
v -0.66144 1.60066 0.04500
v -0.66144 1.63654 0.02500
v -0.62556 1.63654 0.02500
v -0.66144 1.63654 0.04500
v -0.62556 1.63654 0.04500
v -0.66144 1.60066 0.04500
v -0.62556 1.60066 0.04500
v -0.66144 1.60066 0.02500
v -0.62556 1.60066 0.02500
v -0.66144 1.63654 0.04500
v -0.62556 1.63654 0.04500
v -0.66144 1.60066 0.04500
v -0.62556 1.60066 0.04500
v -0.62556 1.63654 0.02500
v -0.66144 1.63654 0.02500
v -0.62556 1.60066 0.02500
v -0.66144 1.60066 0.02500
v -0.78156 1.59754 0.04500
v -0.78156 1.59754 0.02500
v -0.78156 1.56166 0.04500
v -0.78156 1.56166 0.02500
v -0.81744 1.59754 0.02500
v -0.81744 1.59754 0.04500
v -0.81744 1.56166 0.02500
v -0.81744 1.56166 0.04500
v -0.81744 1.59754 0.02500
v -0.78156 1.59754 0.02500
v -0.81744 1.59754 0.04500
v -0.78156 1.59754 0.04500
v -0.81744 1.56166 0.04500
v -0.78156 1.56166 0.04500
v -0.81744 1.56166 0.02500
v -0.78156 1.56166 0.02500
v -0.81744 1.59754 0.04500
v -0.78156 1.59754 0.04500
v -0.81744 1.56166 0.04500
v -0.78156 1.56166 0.04500
v -0.78156 1.59754 0.02500
v -0.81744 1.59754 0.02500
v -0.78156 1.56166 0.02500
v -0.81744 1.56166 0.02500
v -0.62556 1.59754 0.04500
v -0.62556 1.59754 0.02500
v -0.62556 1.56166 0.04500
v -0.62556 1.56166 0.02500
v -0.66144 1.59754 0.02500
v -0.66144 1.59754 0.04500
v -0.66144 1.56166 0.02500
v -0.66144 1.56166 0.04500
v -0.66144 1.59754 0.02500
v -0.62556 1.59754 0.02500
v -0.66144 1.59754 0.04500
v -0.62556 1.59754 0.04500
v -0.66144 1.56166 0.04500
v -0.62556 1.56166 0.04500
v -0.66144 1.56166 0.02500
v -0.62556 1.56166 0.02500
v -0.66144 1.59754 0.04500
v -0.62556 1.59754 0.04500
v -0.66144 1.56166 0.04500
v -0.62556 1.56166 0.04500
v -0.62556 1.59754 0.02500
v -0.66144 1.59754 0.02500
v -0.62556 1.56166 0.02500
v -0.66144 1.56166 0.02500
v -0.78156 1.55854 0.04500
v -0.78156 1.55854 0.02500
v -0.78156 1.52266 0.04500
v -0.78156 1.52266 0.02500
v -0.81744 1.55854 0.02500
v -0.81744 1.55854 0.04500
v -0.81744 1.52266 0.02500
v -0.81744 1.52266 0.04500
v -0.81744 1.55854 0.02500
v -0.78156 1.55854 0.02500
v -0.81744 1.55854 0.04500
v -0.78156 1.55854 0.04500
v -0.81744 1.52266 0.04500
v -0.78156 1.52266 0.04500
v -0.81744 1.52266 0.02500
v -0.78156 1.52266 0.02500
v -0.81744 1.55854 0.04500
v -0.78156 1.55854 0.04500
v -0.81744 1.52266 0.04500
v -0.78156 1.52266 0.04500
v -0.78156 1.55854 0.02500
v -0.81744 1.55854 0.02500
v -0.78156 1.52266 0.02500
v -0.81744 1.52266 0.02500
v -0.62556 1.55854 0.04500
v -0.62556 1.55854 0.02500
v -0.62556 1.52266 0.04500
v -0.62556 1.52266 0.02500
v -0.66144 1.55854 0.02500
v -0.66144 1.55854 0.04500
v -0.66144 1.52266 0.02500
v -0.66144 1.52266 0.04500
v -0.66144 1.55854 0.02500
v -0.62556 1.55854 0.02500
v -0.66144 1.55854 0.04500
v -0.62556 1.55854 0.04500
v -0.66144 1.52266 0.04500
v -0.62556 1.52266 0.04500
v -0.66144 1.52266 0.02500
v -0.62556 1.52266 0.02500
v -0.66144 1.55854 0.04500
v -0.62556 1.55854 0.04500
v -0.66144 1.52266 0.04500
v -0.62556 1.52266 0.04500
v -0.62556 1.55854 0.02500
v -0.66144 1.55854 0.02500
v -0.62556 1.52266 0.02500
v -0.66144 1.52266 0.02500
v -0.78156 1.51954 0.04500
v -0.78156 1.51954 0.02500
v -0.78156 1.48366 0.04500
v -0.78156 1.48366 0.02500
v -0.81744 1.51954 0.02500
v -0.81744 1.51954 0.04500
v -0.81744 1.48366 0.02500
v -0.81744 1.48366 0.04500
v -0.81744 1.51954 0.02500
v -0.78156 1.51954 0.02500
v -0.81744 1.51954 0.04500
v -0.78156 1.51954 0.04500
v -0.81744 1.48366 0.04500
v -0.78156 1.48366 0.04500
v -0.81744 1.48366 0.02500
v -0.78156 1.48366 0.02500
v -0.81744 1.51954 0.04500
v -0.78156 1.51954 0.04500
v -0.81744 1.48366 0.04500
v -0.78156 1.48366 0.04500
v -0.78156 1.51954 0.02500
v -0.81744 1.51954 0.02500
v -0.78156 1.48366 0.02500
v -0.81744 1.48366 0.02500
v -0.62556 1.51954 0.04500
v -0.62556 1.51954 0.02500
v -0.62556 1.48366 0.04500
v -0.62556 1.48366 0.02500
v -0.66144 1.51954 0.02500
v -0.66144 1.51954 0.04500
v -0.66144 1.48366 0.02500
v -0.66144 1.48366 0.04500
v -0.66144 1.51954 0.02500
v -0.62556 1.51954 0.02500
v -0.66144 1.51954 0.04500
v -0.62556 1.51954 0.04500
v -0.66144 1.48366 0.04500
v -0.62556 1.48366 0.04500
v -0.66144 1.48366 0.02500
v -0.62556 1.48366 0.02500
v -0.66144 1.51954 0.04500
v -0.62556 1.51954 0.04500
v -0.66144 1.48366 0.04500
v -0.62556 1.48366 0.04500
v -0.62556 1.51954 0.02500
v -0.66144 1.51954 0.02500
v -0.62556 1.48366 0.02500
v -0.66144 1.48366 0.02500
v -0.78156 1.48054 0.04500
v -0.78156 1.48054 0.02500
v -0.78156 1.44466 0.04500
v -0.78156 1.44466 0.02500
v -0.81744 1.48054 0.02500
v -0.81744 1.48054 0.04500
v -0.81744 1.44466 0.02500
v -0.81744 1.44466 0.04500
v -0.81744 1.48054 0.02500
v -0.78156 1.48054 0.02500
v -0.81744 1.48054 0.04500
v -0.78156 1.48054 0.04500
v -0.81744 1.44466 0.04500
v -0.78156 1.44466 0.04500
v -0.81744 1.44466 0.02500
v -0.78156 1.44466 0.02500
v -0.81744 1.48054 0.04500
v -0.78156 1.48054 0.04500
v -0.81744 1.44466 0.04500
v -0.78156 1.44466 0.04500
v -0.78156 1.48054 0.02500
v -0.81744 1.48054 0.02500
v -0.78156 1.44466 0.02500
v -0.81744 1.44466 0.02500
v -0.62556 1.48054 0.04500
v -0.62556 1.48054 0.02500
v -0.62556 1.44466 0.04500
v -0.62556 1.44466 0.02500
v -0.66144 1.48054 0.02500
v -0.66144 1.48054 0.04500
v -0.66144 1.44466 0.02500
v -0.66144 1.44466 0.04500
v -0.66144 1.48054 0.02500
v -0.62556 1.48054 0.02500
v -0.66144 1.48054 0.04500
v -0.62556 1.48054 0.04500
v -0.66144 1.44466 0.04500
v -0.62556 1.44466 0.04500
v -0.66144 1.44466 0.02500
v -0.62556 1.44466 0.02500
v -0.66144 1.48054 0.04500
v -0.62556 1.48054 0.04500
v -0.66144 1.44466 0.04500
v -0.62556 1.44466 0.04500
v -0.62556 1.48054 0.02500
v -0.66144 1.48054 0.02500
v -0.62556 1.44466 0.02500
v -0.66144 1.44466 0.02500
v -0.74256 1.44154 0.04500
v -0.74256 1.44154 0.02500
v -0.74256 1.40566 0.04500
v -0.74256 1.40566 0.02500
v -0.77844 1.44154 0.02500
v -0.77844 1.44154 0.04500
v -0.77844 1.40566 0.02500
v -0.77844 1.40566 0.04500
v -0.77844 1.44154 0.02500
v -0.74256 1.44154 0.02500
v -0.77844 1.44154 0.04500
v -0.74256 1.44154 0.04500
v -0.77844 1.40566 0.04500
v -0.74256 1.40566 0.04500
v -0.77844 1.40566 0.02500
v -0.74256 1.40566 0.02500
v -0.77844 1.44154 0.04500
v -0.74256 1.44154 0.04500
v -0.77844 1.40566 0.04500
v -0.74256 1.40566 0.04500
v -0.74256 1.44154 0.02500
v -0.77844 1.44154 0.02500
v -0.74256 1.40566 0.02500
v -0.77844 1.40566 0.02500
v -0.70356 1.44154 0.04500
v -0.70356 1.44154 0.02500
v -0.70356 1.40566 0.04500
v -0.70356 1.40566 0.02500
v -0.73944 1.44154 0.02500
v -0.73944 1.44154 0.04500
v -0.73944 1.40566 0.02500
v -0.73944 1.40566 0.04500
v -0.73944 1.44154 0.02500
v -0.70356 1.44154 0.02500
v -0.73944 1.44154 0.04500
v -0.70356 1.44154 0.04500
v -0.73944 1.40566 0.04500
v -0.70356 1.40566 0.04500
v -0.73944 1.40566 0.02500
v -0.70356 1.40566 0.02500
v -0.73944 1.44154 0.04500
v -0.70356 1.44154 0.04500
v -0.73944 1.40566 0.04500
v -0.70356 1.40566 0.04500
v -0.70356 1.44154 0.02500
v -0.73944 1.44154 0.02500
v -0.70356 1.40566 0.02500
v -0.73944 1.40566 0.02500
v -0.66456 1.44154 0.04500
v -0.66456 1.44154 0.02500
v -0.66456 1.40566 0.04500
v -0.66456 1.40566 0.02500
v -0.70044 1.44154 0.02500
v -0.70044 1.44154 0.04500
v -0.70044 1.40566 0.02500
v -0.70044 1.40566 0.04500
v -0.70044 1.44154 0.02500
v -0.66456 1.44154 0.02500
v -0.70044 1.44154 0.04500
v -0.66456 1.44154 0.04500
v -0.70044 1.40566 0.04500
v -0.66456 1.40566 0.04500
v -0.70044 1.40566 0.02500
v -0.66456 1.40566 0.02500
v -0.70044 1.44154 0.04500
v -0.66456 1.44154 0.04500
v -0.70044 1.40566 0.04500
v -0.66456 1.40566 0.04500
v -0.66456 1.44154 0.02500
v -0.70044 1.44154 0.02500
v -0.66456 1.40566 0.02500
v -0.70044 1.40566 0.02500
v -0.50856 1.67554 0.04500
v -0.50856 1.67554 0.02500
v -0.50856 1.63966 0.04500
v -0.50856 1.63966 0.02500
v -0.54444 1.67554 0.02500
v -0.54444 1.67554 0.04500
v -0.54444 1.63966 0.02500
v -0.54444 1.63966 0.04500
v -0.54444 1.67554 0.02500
v -0.50856 1.67554 0.02500
v -0.54444 1.67554 0.04500
v -0.50856 1.67554 0.04500
v -0.54444 1.63966 0.04500
v -0.50856 1.63966 0.04500
v -0.54444 1.63966 0.02500
v -0.50856 1.63966 0.02500
v -0.54444 1.67554 0.04500
v -0.50856 1.67554 0.04500
v -0.54444 1.63966 0.04500
v -0.50856 1.63966 0.04500
v -0.50856 1.67554 0.02500
v -0.54444 1.67554 0.02500
v -0.50856 1.63966 0.02500
v -0.54444 1.63966 0.02500
v -0.46956 1.67554 0.04500
v -0.46956 1.67554 0.02500
v -0.46956 1.63966 0.04500
v -0.46956 1.63966 0.02500
v -0.50544 1.67554 0.02500
v -0.50544 1.67554 0.04500
v -0.50544 1.63966 0.02500
v -0.50544 1.63966 0.04500
v -0.50544 1.67554 0.02500
v -0.46956 1.67554 0.02500
v -0.50544 1.67554 0.04500
v -0.46956 1.67554 0.04500
v -0.50544 1.63966 0.04500
v -0.46956 1.63966 0.04500
v -0.50544 1.63966 0.02500
v -0.46956 1.63966 0.02500
v -0.50544 1.67554 0.04500
v -0.46956 1.67554 0.04500
v -0.50544 1.63966 0.04500
v -0.46956 1.63966 0.04500
v -0.46956 1.67554 0.02500
v -0.50544 1.67554 0.02500
v -0.46956 1.63966 0.02500
v -0.50544 1.63966 0.02500
v -0.43056 1.67554 0.04500
v -0.43056 1.67554 0.02500
v -0.43056 1.63966 0.04500
v -0.43056 1.63966 0.02500
v -0.46644 1.67554 0.02500
v -0.46644 1.67554 0.04500
v -0.46644 1.63966 0.02500
v -0.46644 1.63966 0.04500
v -0.46644 1.67554 0.02500
v -0.43056 1.67554 0.02500
v -0.46644 1.67554 0.04500
v -0.43056 1.67554 0.04500
v -0.46644 1.63966 0.04500
v -0.43056 1.63966 0.04500
v -0.46644 1.63966 0.02500
v -0.43056 1.63966 0.02500
v -0.46644 1.67554 0.04500
v -0.43056 1.67554 0.04500
v -0.46644 1.63966 0.04500
v -0.43056 1.63966 0.04500
v -0.43056 1.67554 0.02500
v -0.46644 1.67554 0.02500
v -0.43056 1.63966 0.02500
v -0.46644 1.63966 0.02500
v -0.39156 1.67554 0.04500
v -0.39156 1.67554 0.02500
v -0.39156 1.63966 0.04500
v -0.39156 1.63966 0.02500
v -0.42744 1.67554 0.02500
v -0.42744 1.67554 0.04500
v -0.42744 1.63966 0.02500
v -0.42744 1.63966 0.04500
v -0.42744 1.67554 0.02500
v -0.39156 1.67554 0.02500
v -0.42744 1.67554 0.04500
v -0.39156 1.67554 0.04500
v -0.42744 1.63966 0.04500
v -0.39156 1.63966 0.04500
v -0.42744 1.63966 0.02500
v -0.39156 1.63966 0.02500
v -0.42744 1.67554 0.04500
v -0.39156 1.67554 0.04500
v -0.42744 1.63966 0.04500
v -0.39156 1.63966 0.04500
v -0.39156 1.67554 0.02500
v -0.42744 1.67554 0.02500
v -0.39156 1.63966 0.02500
v -0.42744 1.63966 0.02500
v -0.54756 1.63654 0.04500
v -0.54756 1.63654 0.02500
v -0.54756 1.60066 0.04500
v -0.54756 1.60066 0.02500
v -0.58344 1.63654 0.02500
v -0.58344 1.63654 0.04500
v -0.58344 1.60066 0.02500
v -0.58344 1.60066 0.04500
v -0.58344 1.63654 0.02500
v -0.54756 1.63654 0.02500
v -0.58344 1.63654 0.04500
v -0.54756 1.63654 0.04500
v -0.58344 1.60066 0.04500
v -0.54756 1.60066 0.04500
v -0.58344 1.60066 0.02500
v -0.54756 1.60066 0.02500
v -0.58344 1.63654 0.04500
v -0.54756 1.63654 0.04500
v -0.58344 1.60066 0.04500
v -0.54756 1.60066 0.04500
v -0.54756 1.63654 0.02500
v -0.58344 1.63654 0.02500
v -0.54756 1.60066 0.02500
v -0.58344 1.60066 0.02500
v -0.54756 1.59754 0.04500
v -0.54756 1.59754 0.02500
v -0.54756 1.56166 0.04500
v -0.54756 1.56166 0.02500
v -0.58344 1.59754 0.02500
v -0.58344 1.59754 0.04500
v -0.58344 1.56166 0.02500
v -0.58344 1.56166 0.04500
v -0.58344 1.59754 0.02500
v -0.54756 1.59754 0.02500
v -0.58344 1.59754 0.04500
v -0.54756 1.59754 0.04500
v -0.58344 1.56166 0.04500
v -0.54756 1.56166 0.04500
v -0.58344 1.56166 0.02500
v -0.54756 1.56166 0.02500
v -0.58344 1.59754 0.04500
v -0.54756 1.59754 0.04500
v -0.58344 1.56166 0.04500
v -0.54756 1.56166 0.04500
v -0.54756 1.59754 0.02500
v -0.58344 1.59754 0.02500
v -0.54756 1.56166 0.02500
v -0.58344 1.56166 0.02500
v -0.50856 1.55854 0.04500
v -0.50856 1.55854 0.02500
v -0.50856 1.52266 0.04500
v -0.50856 1.52266 0.02500
v -0.54444 1.55854 0.02500
v -0.54444 1.55854 0.04500
v -0.54444 1.52266 0.02500
v -0.54444 1.52266 0.04500
v -0.54444 1.55854 0.02500
v -0.50856 1.55854 0.02500
v -0.54444 1.55854 0.04500
v -0.50856 1.55854 0.04500
v -0.54444 1.52266 0.04500
v -0.50856 1.52266 0.04500
v -0.54444 1.52266 0.02500
v -0.50856 1.52266 0.02500
v -0.54444 1.55854 0.04500
v -0.50856 1.55854 0.04500
v -0.54444 1.52266 0.04500
v -0.50856 1.52266 0.04500
v -0.50856 1.55854 0.02500
v -0.54444 1.55854 0.02500
v -0.50856 1.52266 0.02500
v -0.54444 1.52266 0.02500
v -0.46956 1.55854 0.04500
v -0.46956 1.55854 0.02500
v -0.46956 1.52266 0.04500
v -0.46956 1.52266 0.02500
v -0.50544 1.55854 0.02500
v -0.50544 1.55854 0.04500
v -0.50544 1.52266 0.02500
v -0.50544 1.52266 0.04500
v -0.50544 1.55854 0.02500
v -0.46956 1.55854 0.02500
v -0.50544 1.55854 0.04500
v -0.46956 1.55854 0.04500
v -0.50544 1.52266 0.04500
v -0.46956 1.52266 0.04500
v -0.50544 1.52266 0.02500
v -0.46956 1.52266 0.02500
v -0.50544 1.55854 0.04500
v -0.46956 1.55854 0.04500
v -0.50544 1.52266 0.04500
v -0.46956 1.52266 0.04500
v -0.46956 1.55854 0.02500
v -0.50544 1.55854 0.02500
v -0.46956 1.52266 0.02500
v -0.50544 1.52266 0.02500
v -0.43056 1.55854 0.04500
v -0.43056 1.55854 0.02500
v -0.43056 1.52266 0.04500
v -0.43056 1.52266 0.02500
v -0.46644 1.55854 0.02500
v -0.46644 1.55854 0.04500
v -0.46644 1.52266 0.02500
v -0.46644 1.52266 0.04500
v -0.46644 1.55854 0.02500
v -0.43056 1.55854 0.02500
v -0.46644 1.55854 0.04500
v -0.43056 1.55854 0.04500
v -0.46644 1.52266 0.04500
v -0.43056 1.52266 0.04500
v -0.46644 1.52266 0.02500
v -0.43056 1.52266 0.02500
v -0.46644 1.55854 0.04500
v -0.43056 1.55854 0.04500
v -0.46644 1.52266 0.04500
v -0.43056 1.52266 0.04500
v -0.43056 1.55854 0.02500
v -0.46644 1.55854 0.02500
v -0.43056 1.52266 0.02500
v -0.46644 1.52266 0.02500
v -0.39156 1.51954 0.04500
v -0.39156 1.51954 0.02500
v -0.39156 1.48366 0.04500
v -0.39156 1.48366 0.02500
v -0.42744 1.51954 0.02500
v -0.42744 1.51954 0.04500
v -0.42744 1.48366 0.02500
v -0.42744 1.48366 0.04500
v -0.42744 1.51954 0.02500
v -0.39156 1.51954 0.02500
v -0.42744 1.51954 0.04500
v -0.39156 1.51954 0.04500
v -0.42744 1.48366 0.04500
v -0.39156 1.48366 0.04500
v -0.42744 1.48366 0.02500
v -0.39156 1.48366 0.02500
v -0.42744 1.51954 0.04500
v -0.39156 1.51954 0.04500
v -0.42744 1.48366 0.04500
v -0.39156 1.48366 0.04500
v -0.39156 1.51954 0.02500
v -0.42744 1.51954 0.02500
v -0.39156 1.48366 0.02500
v -0.42744 1.48366 0.02500
v -0.39156 1.48054 0.04500
v -0.39156 1.48054 0.02500
v -0.39156 1.44466 0.04500
v -0.39156 1.44466 0.02500
v -0.42744 1.48054 0.02500
v -0.42744 1.48054 0.04500
v -0.42744 1.44466 0.02500
v -0.42744 1.44466 0.04500
v -0.42744 1.48054 0.02500
v -0.39156 1.48054 0.02500
v -0.42744 1.48054 0.04500
v -0.39156 1.48054 0.04500
v -0.42744 1.44466 0.04500
v -0.39156 1.44466 0.04500
v -0.42744 1.44466 0.02500
v -0.39156 1.44466 0.02500
v -0.42744 1.48054 0.04500
v -0.39156 1.48054 0.04500
v -0.42744 1.44466 0.04500
v -0.39156 1.44466 0.04500
v -0.39156 1.48054 0.02500
v -0.42744 1.48054 0.02500
v -0.39156 1.44466 0.02500
v -0.42744 1.44466 0.02500
v -0.54756 1.44154 0.04500
v -0.54756 1.44154 0.02500
v -0.54756 1.40566 0.04500
v -0.54756 1.40566 0.02500
v -0.58344 1.44154 0.02500
v -0.58344 1.44154 0.04500
v -0.58344 1.40566 0.02500
v -0.58344 1.40566 0.04500
v -0.58344 1.44154 0.02500
v -0.54756 1.44154 0.02500
v -0.58344 1.44154 0.04500
v -0.54756 1.44154 0.04500
v -0.58344 1.40566 0.04500
v -0.54756 1.40566 0.04500
v -0.58344 1.40566 0.02500
v -0.54756 1.40566 0.02500
v -0.58344 1.44154 0.04500
v -0.54756 1.44154 0.04500
v -0.58344 1.40566 0.04500
v -0.54756 1.40566 0.04500
v -0.54756 1.44154 0.02500
v -0.58344 1.44154 0.02500
v -0.54756 1.40566 0.02500
v -0.58344 1.40566 0.02500
v -0.50856 1.44154 0.04500
v -0.50856 1.44154 0.02500
v -0.50856 1.40566 0.04500
v -0.50856 1.40566 0.02500
v -0.54444 1.44154 0.02500
v -0.54444 1.44154 0.04500
v -0.54444 1.40566 0.02500
v -0.54444 1.40566 0.04500
v -0.54444 1.44154 0.02500
v -0.50856 1.44154 0.02500
v -0.54444 1.44154 0.04500
v -0.50856 1.44154 0.04500
v -0.54444 1.40566 0.04500
v -0.50856 1.40566 0.04500
v -0.54444 1.40566 0.02500
v -0.50856 1.40566 0.02500
v -0.54444 1.44154 0.04500
v -0.50856 1.44154 0.04500
v -0.54444 1.40566 0.04500
v -0.50856 1.40566 0.04500
v -0.50856 1.44154 0.02500
v -0.54444 1.44154 0.02500
v -0.50856 1.40566 0.02500
v -0.54444 1.40566 0.02500
v -0.46956 1.44154 0.04500
v -0.46956 1.44154 0.02500
v -0.46956 1.40566 0.04500
v -0.46956 1.40566 0.02500
v -0.50544 1.44154 0.02500
v -0.50544 1.44154 0.04500
v -0.50544 1.40566 0.02500
v -0.50544 1.40566 0.04500
v -0.50544 1.44154 0.02500
v -0.46956 1.44154 0.02500
v -0.50544 1.44154 0.04500
v -0.46956 1.44154 0.04500
v -0.50544 1.40566 0.04500
v -0.46956 1.40566 0.04500
v -0.50544 1.40566 0.02500
v -0.46956 1.40566 0.02500
v -0.50544 1.44154 0.04500
v -0.46956 1.44154 0.04500
v -0.50544 1.40566 0.04500
v -0.46956 1.40566 0.04500
v -0.46956 1.44154 0.02500
v -0.50544 1.44154 0.02500
v -0.46956 1.40566 0.02500
v -0.50544 1.40566 0.02500
v -0.43056 1.44154 0.04500
v -0.43056 1.44154 0.02500
v -0.43056 1.40566 0.04500
v -0.43056 1.40566 0.02500
v -0.46644 1.44154 0.02500
v -0.46644 1.44154 0.04500
v -0.46644 1.40566 0.02500
v -0.46644 1.40566 0.04500
v -0.46644 1.44154 0.02500
v -0.43056 1.44154 0.02500
v -0.46644 1.44154 0.04500
v -0.43056 1.44154 0.04500
v -0.46644 1.40566 0.04500
v -0.43056 1.40566 0.04500
v -0.46644 1.40566 0.02500
v -0.43056 1.40566 0.02500
v -0.46644 1.44154 0.04500
v -0.43056 1.44154 0.04500
v -0.46644 1.40566 0.04500
v -0.43056 1.40566 0.04500
v -0.43056 1.44154 0.02500
v -0.46644 1.44154 0.02500
v -0.43056 1.40566 0.02500
v -0.46644 1.40566 0.02500
v -0.27456 1.67554 0.04500
v -0.27456 1.67554 0.02500
v -0.27456 1.63966 0.04500
v -0.27456 1.63966 0.02500
v -0.31044 1.67554 0.02500
v -0.31044 1.67554 0.04500
v -0.31044 1.63966 0.02500
v -0.31044 1.63966 0.04500
v -0.31044 1.67554 0.02500
v -0.27456 1.67554 0.02500
v -0.31044 1.67554 0.04500
v -0.27456 1.67554 0.04500
v -0.31044 1.63966 0.04500
v -0.27456 1.63966 0.04500
v -0.31044 1.63966 0.02500
v -0.27456 1.63966 0.02500
v -0.31044 1.67554 0.04500
v -0.27456 1.67554 0.04500
v -0.31044 1.63966 0.04500
v -0.27456 1.63966 0.04500
v -0.27456 1.67554 0.02500
v -0.31044 1.67554 0.02500
v -0.27456 1.63966 0.02500
v -0.31044 1.63966 0.02500
v -0.23556 1.67554 0.04500
v -0.23556 1.67554 0.02500
v -0.23556 1.63966 0.04500
v -0.23556 1.63966 0.02500
v -0.27144 1.67554 0.02500
v -0.27144 1.67554 0.04500
v -0.27144 1.63966 0.02500
v -0.27144 1.63966 0.04500
v -0.27144 1.67554 0.02500
v -0.23556 1.67554 0.02500
v -0.27144 1.67554 0.04500
v -0.23556 1.67554 0.04500
v -0.27144 1.63966 0.04500
v -0.23556 1.63966 0.04500
v -0.27144 1.63966 0.02500
v -0.23556 1.63966 0.02500
v -0.27144 1.67554 0.04500
v -0.23556 1.67554 0.04500
v -0.27144 1.63966 0.04500
v -0.23556 1.63966 0.04500
v -0.23556 1.67554 0.02500
v -0.27144 1.67554 0.02500
v -0.23556 1.63966 0.02500
v -0.27144 1.63966 0.02500
v -0.19656 1.67554 0.04500
v -0.19656 1.67554 0.02500
v -0.19656 1.63966 0.04500
v -0.19656 1.63966 0.02500
v -0.23244 1.67554 0.02500
v -0.23244 1.67554 0.04500
v -0.23244 1.63966 0.02500
v -0.23244 1.63966 0.04500
v -0.23244 1.67554 0.02500
v -0.19656 1.67554 0.02500
v -0.23244 1.67554 0.04500
v -0.19656 1.67554 0.04500
v -0.23244 1.63966 0.04500
v -0.19656 1.63966 0.04500
v -0.23244 1.63966 0.02500
v -0.19656 1.63966 0.02500
v -0.23244 1.67554 0.04500
v -0.19656 1.67554 0.04500
v -0.23244 1.63966 0.04500
v -0.19656 1.63966 0.04500
v -0.19656 1.67554 0.02500
v -0.23244 1.67554 0.02500
v -0.19656 1.63966 0.02500
v -0.23244 1.63966 0.02500
v -0.15756 1.67554 0.04500
v -0.15756 1.67554 0.02500
v -0.15756 1.63966 0.04500
v -0.15756 1.63966 0.02500
v -0.19344 1.67554 0.02500
v -0.19344 1.67554 0.04500
v -0.19344 1.63966 0.02500
v -0.19344 1.63966 0.04500
v -0.19344 1.67554 0.02500
v -0.15756 1.67554 0.02500
v -0.19344 1.67554 0.04500
v -0.15756 1.67554 0.04500
v -0.19344 1.63966 0.04500
v -0.15756 1.63966 0.04500
v -0.19344 1.63966 0.02500
v -0.15756 1.63966 0.02500
v -0.19344 1.67554 0.04500
v -0.15756 1.67554 0.04500
v -0.19344 1.63966 0.04500
v -0.15756 1.63966 0.04500
v -0.15756 1.67554 0.02500
v -0.19344 1.67554 0.02500
v -0.15756 1.63966 0.02500
v -0.19344 1.63966 0.02500
v -0.31356 1.63654 0.04500
v -0.31356 1.63654 0.02500
v -0.31356 1.60066 0.04500
v -0.31356 1.60066 0.02500
v -0.34944 1.63654 0.02500
v -0.34944 1.63654 0.04500
v -0.34944 1.60066 0.02500
v -0.34944 1.60066 0.04500
v -0.34944 1.63654 0.02500
v -0.31356 1.63654 0.02500
v -0.34944 1.63654 0.04500
v -0.31356 1.63654 0.04500
v -0.34944 1.60066 0.04500
v -0.31356 1.60066 0.04500
v -0.34944 1.60066 0.02500
v -0.31356 1.60066 0.02500
v -0.34944 1.63654 0.04500
v -0.31356 1.63654 0.04500
v -0.34944 1.60066 0.04500
v -0.31356 1.60066 0.04500
v -0.31356 1.63654 0.02500
v -0.34944 1.63654 0.02500
v -0.31356 1.60066 0.02500
v -0.34944 1.60066 0.02500
v -0.31356 1.59754 0.04500
v -0.31356 1.59754 0.02500
v -0.31356 1.56166 0.04500
v -0.31356 1.56166 0.02500
v -0.34944 1.59754 0.02500
v -0.34944 1.59754 0.04500
v -0.34944 1.56166 0.02500
v -0.34944 1.56166 0.04500
v -0.34944 1.59754 0.02500
v -0.31356 1.59754 0.02500
v -0.34944 1.59754 0.04500
v -0.31356 1.59754 0.04500
v -0.34944 1.56166 0.04500
v -0.31356 1.56166 0.04500
v -0.34944 1.56166 0.02500
v -0.31356 1.56166 0.02500
v -0.34944 1.59754 0.04500
v -0.31356 1.59754 0.04500
v -0.34944 1.56166 0.04500
v -0.31356 1.56166 0.04500
v -0.31356 1.59754 0.02500
v -0.34944 1.59754 0.02500
v -0.31356 1.56166 0.02500
v -0.34944 1.56166 0.02500
v -0.27456 1.55854 0.04500
v -0.27456 1.55854 0.02500
v -0.27456 1.52266 0.04500
v -0.27456 1.52266 0.02500
v -0.31044 1.55854 0.02500
v -0.31044 1.55854 0.04500
v -0.31044 1.52266 0.02500
v -0.31044 1.52266 0.04500
v -0.31044 1.55854 0.02500
v -0.27456 1.55854 0.02500
v -0.31044 1.55854 0.04500
v -0.27456 1.55854 0.04500
v -0.31044 1.52266 0.04500
v -0.27456 1.52266 0.04500
v -0.31044 1.52266 0.02500
v -0.27456 1.52266 0.02500
v -0.31044 1.55854 0.04500
v -0.27456 1.55854 0.04500
v -0.31044 1.52266 0.04500
v -0.27456 1.52266 0.04500
v -0.27456 1.55854 0.02500
v -0.31044 1.55854 0.02500
v -0.27456 1.52266 0.02500
v -0.31044 1.52266 0.02500
v -0.23556 1.55854 0.04500
v -0.23556 1.55854 0.02500
v -0.23556 1.52266 0.04500
v -0.23556 1.52266 0.02500
v -0.27144 1.55854 0.02500
v -0.27144 1.55854 0.04500
v -0.27144 1.52266 0.02500
v -0.27144 1.52266 0.04500
v -0.27144 1.55854 0.02500
v -0.23556 1.55854 0.02500
v -0.27144 1.55854 0.04500
v -0.23556 1.55854 0.04500
v -0.27144 1.52266 0.04500
v -0.23556 1.52266 0.04500
v -0.27144 1.52266 0.02500
v -0.23556 1.52266 0.02500
v -0.27144 1.55854 0.04500
v -0.23556 1.55854 0.04500
v -0.27144 1.52266 0.04500
v -0.23556 1.52266 0.04500
v -0.23556 1.55854 0.02500
v -0.27144 1.55854 0.02500
v -0.23556 1.52266 0.02500
v -0.27144 1.52266 0.02500
v -0.19656 1.55854 0.04500
v -0.19656 1.55854 0.02500
v -0.19656 1.52266 0.04500
v -0.19656 1.52266 0.02500
v -0.23244 1.55854 0.02500
v -0.23244 1.55854 0.04500
v -0.23244 1.52266 0.02500
v -0.23244 1.52266 0.04500
v -0.23244 1.55854 0.02500
v -0.19656 1.55854 0.02500
v -0.23244 1.55854 0.04500
v -0.19656 1.55854 0.04500
v -0.23244 1.52266 0.04500
v -0.19656 1.52266 0.04500
v -0.23244 1.52266 0.02500
v -0.19656 1.52266 0.02500
v -0.23244 1.55854 0.04500
v -0.19656 1.55854 0.04500
v -0.23244 1.52266 0.04500
v -0.19656 1.52266 0.04500
v -0.19656 1.55854 0.02500
v -0.23244 1.55854 0.02500
v -0.19656 1.52266 0.02500
v -0.23244 1.52266 0.02500
v -0.15756 1.51954 0.04500
v -0.15756 1.51954 0.02500
v -0.15756 1.48366 0.04500
v -0.15756 1.48366 0.02500
v -0.19344 1.51954 0.02500
v -0.19344 1.51954 0.04500
v -0.19344 1.48366 0.02500
v -0.19344 1.48366 0.04500
v -0.19344 1.51954 0.02500
v -0.15756 1.51954 0.02500
v -0.19344 1.51954 0.04500
v -0.15756 1.51954 0.04500
v -0.19344 1.48366 0.04500
v -0.15756 1.48366 0.04500
v -0.19344 1.48366 0.02500
v -0.15756 1.48366 0.02500
v -0.19344 1.51954 0.04500
v -0.15756 1.51954 0.04500
v -0.19344 1.48366 0.04500
v -0.15756 1.48366 0.04500
v -0.15756 1.51954 0.02500
v -0.19344 1.51954 0.02500
v -0.15756 1.48366 0.02500
v -0.19344 1.48366 0.02500
v -0.15756 1.48054 0.04500
v -0.15756 1.48054 0.02500
v -0.15756 1.44466 0.04500
v -0.15756 1.44466 0.02500
v -0.19344 1.48054 0.02500
v -0.19344 1.48054 0.04500
v -0.19344 1.44466 0.02500
v -0.19344 1.44466 0.04500
v -0.19344 1.48054 0.02500
v -0.15756 1.48054 0.02500
v -0.19344 1.48054 0.04500
v -0.15756 1.48054 0.04500
v -0.19344 1.44466 0.04500
v -0.15756 1.44466 0.04500
v -0.19344 1.44466 0.02500
v -0.15756 1.44466 0.02500
v -0.19344 1.48054 0.04500
v -0.15756 1.48054 0.04500
v -0.19344 1.44466 0.04500
v -0.15756 1.44466 0.04500
v -0.15756 1.48054 0.02500
v -0.19344 1.48054 0.02500
v -0.15756 1.44466 0.02500
v -0.19344 1.44466 0.02500
v -0.31356 1.44154 0.04500
v -0.31356 1.44154 0.02500
v -0.31356 1.40566 0.04500
v -0.31356 1.40566 0.02500
v -0.34944 1.44154 0.02500
v -0.34944 1.44154 0.04500
v -0.34944 1.40566 0.02500
v -0.34944 1.40566 0.04500
v -0.34944 1.44154 0.02500
v -0.31356 1.44154 0.02500
v -0.34944 1.44154 0.04500
v -0.31356 1.44154 0.04500
v -0.34944 1.40566 0.04500
v -0.31356 1.40566 0.04500
v -0.34944 1.40566 0.02500
v -0.31356 1.40566 0.02500
v -0.34944 1.44154 0.04500
v -0.31356 1.44154 0.04500
v -0.34944 1.40566 0.04500
v -0.31356 1.40566 0.04500
v -0.31356 1.44154 0.02500
v -0.34944 1.44154 0.02500
v -0.31356 1.40566 0.02500
v -0.34944 1.40566 0.02500
v -0.27456 1.44154 0.04500
v -0.27456 1.44154 0.02500
v -0.27456 1.40566 0.04500
v -0.27456 1.40566 0.02500
v -0.31044 1.44154 0.02500
v -0.31044 1.44154 0.04500
v -0.31044 1.40566 0.02500
v -0.31044 1.40566 0.04500
v -0.31044 1.44154 0.02500
v -0.27456 1.44154 0.02500
v -0.31044 1.44154 0.04500
v -0.27456 1.44154 0.04500
v -0.31044 1.40566 0.04500
v -0.27456 1.40566 0.04500
v -0.31044 1.40566 0.02500
v -0.27456 1.40566 0.02500
v -0.31044 1.44154 0.04500
v -0.27456 1.44154 0.04500
v -0.31044 1.40566 0.04500
v -0.27456 1.40566 0.04500
v -0.27456 1.44154 0.02500
v -0.31044 1.44154 0.02500
v -0.27456 1.40566 0.02500
v -0.31044 1.40566 0.02500
v -0.23556 1.44154 0.04500
v -0.23556 1.44154 0.02500
v -0.23556 1.40566 0.04500
v -0.23556 1.40566 0.02500
v -0.27144 1.44154 0.02500
v -0.27144 1.44154 0.04500
v -0.27144 1.40566 0.02500
v -0.27144 1.40566 0.04500
v -0.27144 1.44154 0.02500
v -0.23556 1.44154 0.02500
v -0.27144 1.44154 0.04500
v -0.23556 1.44154 0.04500
v -0.27144 1.40566 0.04500
v -0.23556 1.40566 0.04500
v -0.27144 1.40566 0.02500
v -0.23556 1.40566 0.02500
v -0.27144 1.44154 0.04500
v -0.23556 1.44154 0.04500
v -0.27144 1.40566 0.04500
v -0.23556 1.40566 0.04500
v -0.23556 1.44154 0.02500
v -0.27144 1.44154 0.02500
v -0.23556 1.40566 0.02500
v -0.27144 1.40566 0.02500
v -0.19656 1.44154 0.04500
v -0.19656 1.44154 0.02500
v -0.19656 1.40566 0.04500
v -0.19656 1.40566 0.02500
v -0.23244 1.44154 0.02500
v -0.23244 1.44154 0.04500
v -0.23244 1.40566 0.02500
v -0.23244 1.40566 0.04500
v -0.23244 1.44154 0.02500
v -0.19656 1.44154 0.02500
v -0.23244 1.44154 0.04500
v -0.19656 1.44154 0.04500
v -0.23244 1.40566 0.04500
v -0.19656 1.40566 0.04500
v -0.23244 1.40566 0.02500
v -0.19656 1.40566 0.02500
v -0.23244 1.44154 0.04500
v -0.19656 1.44154 0.04500
v -0.23244 1.40566 0.04500
v -0.19656 1.40566 0.04500
v -0.19656 1.44154 0.02500
v -0.23244 1.44154 0.02500
v -0.19656 1.40566 0.02500
v -0.23244 1.40566 0.02500
v -0.07956 1.67554 0.04500
v -0.07956 1.67554 0.02500
v -0.07956 1.63966 0.04500
v -0.07956 1.63966 0.02500
v -0.11544 1.67554 0.02500
v -0.11544 1.67554 0.04500
v -0.11544 1.63966 0.02500
v -0.11544 1.63966 0.04500
v -0.11544 1.67554 0.02500
v -0.07956 1.67554 0.02500
v -0.11544 1.67554 0.04500
v -0.07956 1.67554 0.04500
v -0.11544 1.63966 0.04500
v -0.07956 1.63966 0.04500
v -0.11544 1.63966 0.02500
v -0.07956 1.63966 0.02500
v -0.11544 1.67554 0.04500
v -0.07956 1.67554 0.04500
v -0.11544 1.63966 0.04500
v -0.07956 1.63966 0.04500
v -0.07956 1.67554 0.02500
v -0.11544 1.67554 0.02500
v -0.07956 1.63966 0.02500
v -0.11544 1.63966 0.02500
v 0.07644 1.67554 0.04500
v 0.07644 1.67554 0.02500
v 0.07644 1.63966 0.04500
v 0.07644 1.63966 0.02500
v 0.04056 1.67554 0.02500
v 0.04056 1.67554 0.04500
v 0.04056 1.63966 0.02500
v 0.04056 1.63966 0.04500
v 0.04056 1.67554 0.02500
v 0.07644 1.67554 0.02500
v 0.04056 1.67554 0.04500
v 0.07644 1.67554 0.04500
v 0.04056 1.63966 0.04500
v 0.07644 1.63966 0.04500
v 0.04056 1.63966 0.02500
v 0.07644 1.63966 0.02500
v 0.04056 1.67554 0.04500
v 0.07644 1.67554 0.04500
v 0.04056 1.63966 0.04500
v 0.07644 1.63966 0.04500
v 0.07644 1.67554 0.02500
v 0.04056 1.67554 0.02500
v 0.07644 1.63966 0.02500
v 0.04056 1.63966 0.02500
v -0.07956 1.63654 0.04500
v -0.07956 1.63654 0.02500
v -0.07956 1.60066 0.04500
v -0.07956 1.60066 0.02500
v -0.11544 1.63654 0.02500
v -0.11544 1.63654 0.04500
v -0.11544 1.60066 0.02500
v -0.11544 1.60066 0.04500
v -0.11544 1.63654 0.02500
v -0.07956 1.63654 0.02500
v -0.11544 1.63654 0.04500
v -0.07956 1.63654 0.04500
v -0.11544 1.60066 0.04500
v -0.07956 1.60066 0.04500
v -0.11544 1.60066 0.02500
v -0.07956 1.60066 0.02500
v -0.11544 1.63654 0.04500
v -0.07956 1.63654 0.04500
v -0.11544 1.60066 0.04500
v -0.07956 1.60066 0.04500
v -0.07956 1.63654 0.02500
v -0.11544 1.63654 0.02500
v -0.07956 1.60066 0.02500
v -0.11544 1.60066 0.02500
v 0.07644 1.63654 0.04500
v 0.07644 1.63654 0.02500
v 0.07644 1.60066 0.04500
v 0.07644 1.60066 0.02500
v 0.04056 1.63654 0.02500
v 0.04056 1.63654 0.04500
v 0.04056 1.60066 0.02500
v 0.04056 1.60066 0.04500
v 0.04056 1.63654 0.02500
v 0.07644 1.63654 0.02500
v 0.04056 1.63654 0.04500
v 0.07644 1.63654 0.04500
v 0.04056 1.60066 0.04500
v 0.07644 1.60066 0.04500
v 0.04056 1.60066 0.02500
v 0.07644 1.60066 0.02500
v 0.04056 1.63654 0.04500
v 0.07644 1.63654 0.04500
v 0.04056 1.60066 0.04500
v 0.07644 1.60066 0.04500
v 0.07644 1.63654 0.02500
v 0.04056 1.63654 0.02500
v 0.07644 1.60066 0.02500
v 0.04056 1.60066 0.02500
v -0.07956 1.59754 0.04500
v -0.07956 1.59754 0.02500
v -0.07956 1.56166 0.04500
v -0.07956 1.56166 0.02500
v -0.11544 1.59754 0.02500
v -0.11544 1.59754 0.04500
v -0.11544 1.56166 0.02500
v -0.11544 1.56166 0.04500
v -0.11544 1.59754 0.02500
v -0.07956 1.59754 0.02500
v -0.11544 1.59754 0.04500
v -0.07956 1.59754 0.04500
v -0.11544 1.56166 0.04500
v -0.07956 1.56166 0.04500
v -0.11544 1.56166 0.02500
v -0.07956 1.56166 0.02500
v -0.11544 1.59754 0.04500
v -0.07956 1.59754 0.04500
v -0.11544 1.56166 0.04500
v -0.07956 1.56166 0.04500
v -0.07956 1.59754 0.02500
v -0.11544 1.59754 0.02500
v -0.07956 1.56166 0.02500
v -0.11544 1.56166 0.02500
v 0.07644 1.59754 0.04500
v 0.07644 1.59754 0.02500
v 0.07644 1.56166 0.04500
v 0.07644 1.56166 0.02500
v 0.04056 1.59754 0.02500
v 0.04056 1.59754 0.04500
v 0.04056 1.56166 0.02500
v 0.04056 1.56166 0.04500
v 0.04056 1.59754 0.02500
v 0.07644 1.59754 0.02500
v 0.04056 1.59754 0.04500
v 0.07644 1.59754 0.04500
v 0.04056 1.56166 0.04500
v 0.07644 1.56166 0.04500
v 0.04056 1.56166 0.02500
v 0.07644 1.56166 0.02500
v 0.04056 1.59754 0.04500
v 0.07644 1.59754 0.04500
v 0.04056 1.56166 0.04500
v 0.07644 1.56166 0.04500
v 0.07644 1.59754 0.02500
v 0.04056 1.59754 0.02500
v 0.07644 1.56166 0.02500
v 0.04056 1.56166 0.02500
v -0.07956 1.55854 0.04500
v -0.07956 1.55854 0.02500
v -0.07956 1.52266 0.04500
v -0.07956 1.52266 0.02500
v -0.11544 1.55854 0.02500
v -0.11544 1.55854 0.04500
v -0.11544 1.52266 0.02500
v -0.11544 1.52266 0.04500
v -0.11544 1.55854 0.02500
v -0.07956 1.55854 0.02500
v -0.11544 1.55854 0.04500
v -0.07956 1.55854 0.04500
v -0.11544 1.52266 0.04500
v -0.07956 1.52266 0.04500
v -0.11544 1.52266 0.02500
v -0.07956 1.52266 0.02500
v -0.11544 1.55854 0.04500
v -0.07956 1.55854 0.04500
v -0.11544 1.52266 0.04500
v -0.07956 1.52266 0.04500
v -0.07956 1.55854 0.02500
v -0.11544 1.55854 0.02500
v -0.07956 1.52266 0.02500
v -0.11544 1.52266 0.02500
v 0.07644 1.55854 0.04500
v 0.07644 1.55854 0.02500
v 0.07644 1.52266 0.04500
v 0.07644 1.52266 0.02500
v 0.04056 1.55854 0.02500
v 0.04056 1.55854 0.04500
v 0.04056 1.52266 0.02500
v 0.04056 1.52266 0.04500
v 0.04056 1.55854 0.02500
v 0.07644 1.55854 0.02500
v 0.04056 1.55854 0.04500
v 0.07644 1.55854 0.04500
v 0.04056 1.52266 0.04500
v 0.07644 1.52266 0.04500
v 0.04056 1.52266 0.02500
v 0.07644 1.52266 0.02500
v 0.04056 1.55854 0.04500
v 0.07644 1.55854 0.04500
v 0.04056 1.52266 0.04500
v 0.07644 1.52266 0.04500
v 0.07644 1.55854 0.02500
v 0.04056 1.55854 0.02500
v 0.07644 1.52266 0.02500
v 0.04056 1.52266 0.02500
v -0.07956 1.51954 0.04500
v -0.07956 1.51954 0.02500
v -0.07956 1.48366 0.04500
v -0.07956 1.48366 0.02500
v -0.11544 1.51954 0.02500
v -0.11544 1.51954 0.04500
v -0.11544 1.48366 0.02500
v -0.11544 1.48366 0.04500
v -0.11544 1.51954 0.02500
v -0.07956 1.51954 0.02500
v -0.11544 1.51954 0.04500
v -0.07956 1.51954 0.04500
v -0.11544 1.48366 0.04500
v -0.07956 1.48366 0.04500
v -0.11544 1.48366 0.02500
v -0.07956 1.48366 0.02500
v -0.11544 1.51954 0.04500
v -0.07956 1.51954 0.04500
v -0.11544 1.48366 0.04500
v -0.07956 1.48366 0.04500
v -0.07956 1.51954 0.02500
v -0.11544 1.51954 0.02500
v -0.07956 1.48366 0.02500
v -0.11544 1.48366 0.02500
v 0.07644 1.51954 0.04500
v 0.07644 1.51954 0.02500
v 0.07644 1.48366 0.04500
v 0.07644 1.48366 0.02500
v 0.04056 1.51954 0.02500
v 0.04056 1.51954 0.04500
v 0.04056 1.48366 0.02500
v 0.04056 1.48366 0.04500
v 0.04056 1.51954 0.02500
v 0.07644 1.51954 0.02500
v 0.04056 1.51954 0.04500
v 0.07644 1.51954 0.04500
v 0.04056 1.48366 0.04500
v 0.07644 1.48366 0.04500
v 0.04056 1.48366 0.02500
v 0.07644 1.48366 0.02500
v 0.04056 1.51954 0.04500
v 0.07644 1.51954 0.04500
v 0.04056 1.48366 0.04500
v 0.07644 1.48366 0.04500
v 0.07644 1.51954 0.02500
v 0.04056 1.51954 0.02500
v 0.07644 1.48366 0.02500
v 0.04056 1.48366 0.02500
v -0.04056 1.48054 0.04500
v -0.04056 1.48054 0.02500
v -0.04056 1.44466 0.04500
v -0.04056 1.44466 0.02500
v -0.07644 1.48054 0.02500
v -0.07644 1.48054 0.04500
v -0.07644 1.44466 0.02500
v -0.07644 1.44466 0.04500
v -0.07644 1.48054 0.02500
v -0.04056 1.48054 0.02500
v -0.07644 1.48054 0.04500
v -0.04056 1.48054 0.04500
v -0.07644 1.44466 0.04500
v -0.04056 1.44466 0.04500
v -0.07644 1.44466 0.02500
v -0.04056 1.44466 0.02500
v -0.07644 1.48054 0.04500
v -0.04056 1.48054 0.04500
v -0.07644 1.44466 0.04500
v -0.04056 1.44466 0.04500
v -0.04056 1.48054 0.02500
v -0.07644 1.48054 0.02500
v -0.04056 1.44466 0.02500
v -0.07644 1.44466 0.02500
v 0.03744 1.48054 0.04500
v 0.03744 1.48054 0.02500
v 0.03744 1.44466 0.04500
v 0.03744 1.44466 0.02500
v 0.00156 1.48054 0.02500
v 0.00156 1.48054 0.04500
v 0.00156 1.44466 0.02500
v 0.00156 1.44466 0.04500
v 0.00156 1.48054 0.02500
v 0.03744 1.48054 0.02500
v 0.00156 1.48054 0.04500
v 0.03744 1.48054 0.04500
v 0.00156 1.44466 0.04500
v 0.03744 1.44466 0.04500
v 0.00156 1.44466 0.02500
v 0.03744 1.44466 0.02500
v 0.00156 1.48054 0.04500
v 0.03744 1.48054 0.04500
v 0.00156 1.44466 0.04500
v 0.03744 1.44466 0.04500
v 0.03744 1.48054 0.02500
v 0.00156 1.48054 0.02500
v 0.03744 1.44466 0.02500
v 0.00156 1.44466 0.02500
v -0.00156 1.44154 0.04500
v -0.00156 1.44154 0.02500
v -0.00156 1.40566 0.04500
v -0.00156 1.40566 0.02500
v -0.03744 1.44154 0.02500
v -0.03744 1.44154 0.04500
v -0.03744 1.40566 0.02500
v -0.03744 1.40566 0.04500
v -0.03744 1.44154 0.02500
v -0.00156 1.44154 0.02500
v -0.03744 1.44154 0.04500
v -0.00156 1.44154 0.04500
v -0.03744 1.40566 0.04500
v -0.00156 1.40566 0.04500
v -0.03744 1.40566 0.02500
v -0.00156 1.40566 0.02500
v -0.03744 1.44154 0.04500
v -0.00156 1.44154 0.04500
v -0.03744 1.40566 0.04500
v -0.00156 1.40566 0.04500
v -0.00156 1.44154 0.02500
v -0.03744 1.44154 0.02500
v -0.00156 1.40566 0.02500
v -0.03744 1.40566 0.02500
v 0.15444 1.67554 0.04500
v 0.15444 1.67554 0.02500
v 0.15444 1.63966 0.04500
v 0.15444 1.63966 0.02500
v 0.11856 1.67554 0.02500
v 0.11856 1.67554 0.04500
v 0.11856 1.63966 0.02500
v 0.11856 1.63966 0.04500
v 0.11856 1.67554 0.02500
v 0.15444 1.67554 0.02500
v 0.11856 1.67554 0.04500
v 0.15444 1.67554 0.04500
v 0.11856 1.63966 0.04500
v 0.15444 1.63966 0.04500
v 0.11856 1.63966 0.02500
v 0.15444 1.63966 0.02500
v 0.11856 1.67554 0.04500
v 0.15444 1.67554 0.04500
v 0.11856 1.63966 0.04500
v 0.15444 1.63966 0.04500
v 0.15444 1.67554 0.02500
v 0.11856 1.67554 0.02500
v 0.15444 1.63966 0.02500
v 0.11856 1.63966 0.02500
v 0.19344 1.67554 0.04500
v 0.19344 1.67554 0.02500
v 0.19344 1.63966 0.04500
v 0.19344 1.63966 0.02500
v 0.15756 1.67554 0.02500
v 0.15756 1.67554 0.04500
v 0.15756 1.63966 0.02500
v 0.15756 1.63966 0.04500
v 0.15756 1.67554 0.02500
v 0.19344 1.67554 0.02500
v 0.15756 1.67554 0.04500
v 0.19344 1.67554 0.04500
v 0.15756 1.63966 0.04500
v 0.19344 1.63966 0.04500
v 0.15756 1.63966 0.02500
v 0.19344 1.63966 0.02500
v 0.15756 1.67554 0.04500
v 0.19344 1.67554 0.04500
v 0.15756 1.63966 0.04500
v 0.19344 1.63966 0.04500
v 0.19344 1.67554 0.02500
v 0.15756 1.67554 0.02500
v 0.19344 1.63966 0.02500
v 0.15756 1.63966 0.02500
v 0.23244 1.67554 0.04500
v 0.23244 1.67554 0.02500
v 0.23244 1.63966 0.04500
v 0.23244 1.63966 0.02500
v 0.19656 1.67554 0.02500
v 0.19656 1.67554 0.04500
v 0.19656 1.63966 0.02500
v 0.19656 1.63966 0.04500
v 0.19656 1.67554 0.02500
v 0.23244 1.67554 0.02500
v 0.19656 1.67554 0.04500
v 0.23244 1.67554 0.04500
v 0.19656 1.63966 0.04500
v 0.23244 1.63966 0.04500
v 0.19656 1.63966 0.02500
v 0.23244 1.63966 0.02500
v 0.19656 1.67554 0.04500
v 0.23244 1.67554 0.04500
v 0.19656 1.63966 0.04500
v 0.23244 1.63966 0.04500
v 0.23244 1.67554 0.02500
v 0.19656 1.67554 0.02500
v 0.23244 1.63966 0.02500
v 0.19656 1.63966 0.02500
v 0.27144 1.67554 0.04500
v 0.27144 1.67554 0.02500
v 0.27144 1.63966 0.04500
v 0.27144 1.63966 0.02500
v 0.23556 1.67554 0.02500
v 0.23556 1.67554 0.04500
v 0.23556 1.63966 0.02500
v 0.23556 1.63966 0.04500
v 0.23556 1.67554 0.02500
v 0.27144 1.67554 0.02500
v 0.23556 1.67554 0.04500
v 0.27144 1.67554 0.04500
v 0.23556 1.63966 0.04500
v 0.27144 1.63966 0.04500
v 0.23556 1.63966 0.02500
v 0.27144 1.63966 0.02500
v 0.23556 1.67554 0.04500
v 0.27144 1.67554 0.04500
v 0.23556 1.63966 0.04500
v 0.27144 1.63966 0.04500
v 0.27144 1.67554 0.02500
v 0.23556 1.67554 0.02500
v 0.27144 1.63966 0.02500
v 0.23556 1.63966 0.02500
v 0.31044 1.67554 0.04500
v 0.31044 1.67554 0.02500
v 0.31044 1.63966 0.04500
v 0.31044 1.63966 0.02500
v 0.27456 1.67554 0.02500
v 0.27456 1.67554 0.04500
v 0.27456 1.63966 0.02500
v 0.27456 1.63966 0.04500
v 0.27456 1.67554 0.02500
v 0.31044 1.67554 0.02500
v 0.27456 1.67554 0.04500
v 0.31044 1.67554 0.04500
v 0.27456 1.63966 0.04500
v 0.31044 1.63966 0.04500
v 0.27456 1.63966 0.02500
v 0.31044 1.63966 0.02500
v 0.27456 1.67554 0.04500
v 0.31044 1.67554 0.04500
v 0.27456 1.63966 0.04500
v 0.31044 1.63966 0.04500
v 0.31044 1.67554 0.02500
v 0.27456 1.67554 0.02500
v 0.31044 1.63966 0.02500
v 0.27456 1.63966 0.02500
v 0.23244 1.63654 0.04500
v 0.23244 1.63654 0.02500
v 0.23244 1.60066 0.04500
v 0.23244 1.60066 0.02500
v 0.19656 1.63654 0.02500
v 0.19656 1.63654 0.04500
v 0.19656 1.60066 0.02500
v 0.19656 1.60066 0.04500
v 0.19656 1.63654 0.02500
v 0.23244 1.63654 0.02500
v 0.19656 1.63654 0.04500
v 0.23244 1.63654 0.04500
v 0.19656 1.60066 0.04500
v 0.23244 1.60066 0.04500
v 0.19656 1.60066 0.02500
v 0.23244 1.60066 0.02500
v 0.19656 1.63654 0.04500
v 0.23244 1.63654 0.04500
v 0.19656 1.60066 0.04500
v 0.23244 1.60066 0.04500
v 0.23244 1.63654 0.02500
v 0.19656 1.63654 0.02500
v 0.23244 1.60066 0.02500
v 0.19656 1.60066 0.02500
v 0.23244 1.59754 0.04500
v 0.23244 1.59754 0.02500
v 0.23244 1.56166 0.04500
v 0.23244 1.56166 0.02500
v 0.19656 1.59754 0.02500
v 0.19656 1.59754 0.04500
v 0.19656 1.56166 0.02500
v 0.19656 1.56166 0.04500
v 0.19656 1.59754 0.02500
v 0.23244 1.59754 0.02500
v 0.19656 1.59754 0.04500
v 0.23244 1.59754 0.04500
v 0.19656 1.56166 0.04500
v 0.23244 1.56166 0.04500
v 0.19656 1.56166 0.02500
v 0.23244 1.56166 0.02500
v 0.19656 1.59754 0.04500
v 0.23244 1.59754 0.04500
v 0.19656 1.56166 0.04500
v 0.23244 1.56166 0.04500
v 0.23244 1.59754 0.02500
v 0.19656 1.59754 0.02500
v 0.23244 1.56166 0.02500
v 0.19656 1.56166 0.02500
v 0.23244 1.55854 0.04500
v 0.23244 1.55854 0.02500
v 0.23244 1.52266 0.04500
v 0.23244 1.52266 0.02500
v 0.19656 1.55854 0.02500
v 0.19656 1.55854 0.04500
v 0.19656 1.52266 0.02500
v 0.19656 1.52266 0.04500
v 0.19656 1.55854 0.02500
v 0.23244 1.55854 0.02500
v 0.19656 1.55854 0.04500
v 0.23244 1.55854 0.04500
v 0.19656 1.52266 0.04500
v 0.23244 1.52266 0.04500
v 0.19656 1.52266 0.02500
v 0.23244 1.52266 0.02500
v 0.19656 1.55854 0.04500
v 0.23244 1.55854 0.04500
v 0.19656 1.52266 0.04500
v 0.23244 1.52266 0.04500
v 0.23244 1.55854 0.02500
v 0.19656 1.55854 0.02500
v 0.23244 1.52266 0.02500
v 0.19656 1.52266 0.02500
v 0.23244 1.51954 0.04500
v 0.23244 1.51954 0.02500
v 0.23244 1.48366 0.04500
v 0.23244 1.48366 0.02500
v 0.19656 1.51954 0.02500
v 0.19656 1.51954 0.04500
v 0.19656 1.48366 0.02500
v 0.19656 1.48366 0.04500
v 0.19656 1.51954 0.02500
v 0.23244 1.51954 0.02500
v 0.19656 1.51954 0.04500
v 0.23244 1.51954 0.04500
v 0.19656 1.48366 0.04500
v 0.23244 1.48366 0.04500
v 0.19656 1.48366 0.02500
v 0.23244 1.48366 0.02500
v 0.19656 1.51954 0.04500
v 0.23244 1.51954 0.04500
v 0.19656 1.48366 0.04500
v 0.23244 1.48366 0.04500
v 0.23244 1.51954 0.02500
v 0.19656 1.51954 0.02500
v 0.23244 1.48366 0.02500
v 0.19656 1.48366 0.02500
v 0.23244 1.48054 0.04500
v 0.23244 1.48054 0.02500
v 0.23244 1.44466 0.04500
v 0.23244 1.44466 0.02500
v 0.19656 1.48054 0.02500
v 0.19656 1.48054 0.04500
v 0.19656 1.44466 0.02500
v 0.19656 1.44466 0.04500
v 0.19656 1.48054 0.02500
v 0.23244 1.48054 0.02500
v 0.19656 1.48054 0.04500
v 0.23244 1.48054 0.04500
v 0.19656 1.44466 0.04500
v 0.23244 1.44466 0.04500
v 0.19656 1.44466 0.02500
v 0.23244 1.44466 0.02500
v 0.19656 1.48054 0.04500
v 0.23244 1.48054 0.04500
v 0.19656 1.44466 0.04500
v 0.23244 1.44466 0.04500
v 0.23244 1.48054 0.02500
v 0.19656 1.48054 0.02500
v 0.23244 1.44466 0.02500
v 0.19656 1.44466 0.02500
v 0.15444 1.44154 0.04500
v 0.15444 1.44154 0.02500
v 0.15444 1.40566 0.04500
v 0.15444 1.40566 0.02500
v 0.11856 1.44154 0.02500
v 0.11856 1.44154 0.04500
v 0.11856 1.40566 0.02500
v 0.11856 1.40566 0.04500
v 0.11856 1.44154 0.02500
v 0.15444 1.44154 0.02500
v 0.11856 1.44154 0.04500
v 0.15444 1.44154 0.04500
v 0.11856 1.40566 0.04500
v 0.15444 1.40566 0.04500
v 0.11856 1.40566 0.02500
v 0.15444 1.40566 0.02500
v 0.11856 1.44154 0.04500
v 0.15444 1.44154 0.04500
v 0.11856 1.40566 0.04500
v 0.15444 1.40566 0.04500
v 0.15444 1.44154 0.02500
v 0.11856 1.44154 0.02500
v 0.15444 1.40566 0.02500
v 0.11856 1.40566 0.02500
v 0.19344 1.44154 0.04500
v 0.19344 1.44154 0.02500
v 0.19344 1.40566 0.04500
v 0.19344 1.40566 0.02500
v 0.15756 1.44154 0.02500
v 0.15756 1.44154 0.04500
v 0.15756 1.40566 0.02500
v 0.15756 1.40566 0.04500
v 0.15756 1.44154 0.02500
v 0.19344 1.44154 0.02500
v 0.15756 1.44154 0.04500
v 0.19344 1.44154 0.04500
v 0.15756 1.40566 0.04500
v 0.19344 1.40566 0.04500
v 0.15756 1.40566 0.02500
v 0.19344 1.40566 0.02500
v 0.15756 1.44154 0.04500
v 0.19344 1.44154 0.04500
v 0.15756 1.40566 0.04500
v 0.19344 1.40566 0.04500
v 0.19344 1.44154 0.02500
v 0.15756 1.44154 0.02500
v 0.19344 1.40566 0.02500
v 0.15756 1.40566 0.02500
v 0.23244 1.44154 0.04500
v 0.23244 1.44154 0.02500
v 0.23244 1.40566 0.04500
v 0.23244 1.40566 0.02500
v 0.19656 1.44154 0.02500
v 0.19656 1.44154 0.04500
v 0.19656 1.40566 0.02500
v 0.19656 1.40566 0.04500
v 0.19656 1.44154 0.02500
v 0.23244 1.44154 0.02500
v 0.19656 1.44154 0.04500
v 0.23244 1.44154 0.04500
v 0.19656 1.40566 0.04500
v 0.23244 1.40566 0.04500
v 0.19656 1.40566 0.02500
v 0.23244 1.40566 0.02500
v 0.19656 1.44154 0.04500
v 0.23244 1.44154 0.04500
v 0.19656 1.40566 0.04500
v 0.23244 1.40566 0.04500
v 0.23244 1.44154 0.02500
v 0.19656 1.44154 0.02500
v 0.23244 1.40566 0.02500
v 0.19656 1.40566 0.02500
v 0.27144 1.44154 0.04500
v 0.27144 1.44154 0.02500
v 0.27144 1.40566 0.04500
v 0.27144 1.40566 0.02500
v 0.23556 1.44154 0.02500
v 0.23556 1.44154 0.04500
v 0.23556 1.40566 0.02500
v 0.23556 1.40566 0.04500
v 0.23556 1.44154 0.02500
v 0.27144 1.44154 0.02500
v 0.23556 1.44154 0.04500
v 0.27144 1.44154 0.04500
v 0.23556 1.40566 0.04500
v 0.27144 1.40566 0.04500
v 0.23556 1.40566 0.02500
v 0.27144 1.40566 0.02500
v 0.23556 1.44154 0.04500
v 0.27144 1.44154 0.04500
v 0.23556 1.40566 0.04500
v 0.27144 1.40566 0.04500
v 0.27144 1.44154 0.02500
v 0.23556 1.44154 0.02500
v 0.27144 1.40566 0.02500
v 0.23556 1.40566 0.02500
v 0.31044 1.44154 0.04500
v 0.31044 1.44154 0.02500
v 0.31044 1.40566 0.04500
v 0.31044 1.40566 0.02500
v 0.27456 1.44154 0.02500
v 0.27456 1.44154 0.04500
v 0.27456 1.40566 0.02500
v 0.27456 1.40566 0.04500
v 0.27456 1.44154 0.02500
v 0.31044 1.44154 0.02500
v 0.27456 1.44154 0.04500
v 0.31044 1.44154 0.04500
v 0.27456 1.40566 0.04500
v 0.31044 1.40566 0.04500
v 0.27456 1.40566 0.02500
v 0.31044 1.40566 0.02500
v 0.27456 1.44154 0.04500
v 0.31044 1.44154 0.04500
v 0.27456 1.40566 0.04500
v 0.31044 1.40566 0.04500
v 0.31044 1.44154 0.02500
v 0.27456 1.44154 0.02500
v 0.31044 1.40566 0.02500
v 0.27456 1.40566 0.02500
v 0.38844 1.67554 0.04500
v 0.38844 1.67554 0.02500
v 0.38844 1.63966 0.04500
v 0.38844 1.63966 0.02500
v 0.35256 1.67554 0.02500
v 0.35256 1.67554 0.04500
v 0.35256 1.63966 0.02500
v 0.35256 1.63966 0.04500
v 0.35256 1.67554 0.02500
v 0.38844 1.67554 0.02500
v 0.35256 1.67554 0.04500
v 0.38844 1.67554 0.04500
v 0.35256 1.63966 0.04500
v 0.38844 1.63966 0.04500
v 0.35256 1.63966 0.02500
v 0.38844 1.63966 0.02500
v 0.35256 1.67554 0.04500
v 0.38844 1.67554 0.04500
v 0.35256 1.63966 0.04500
v 0.38844 1.63966 0.04500
v 0.38844 1.67554 0.02500
v 0.35256 1.67554 0.02500
v 0.38844 1.63966 0.02500
v 0.35256 1.63966 0.02500
v 0.38844 1.63654 0.04500
v 0.38844 1.63654 0.02500
v 0.38844 1.60066 0.04500
v 0.38844 1.60066 0.02500
v 0.35256 1.63654 0.02500
v 0.35256 1.63654 0.04500
v 0.35256 1.60066 0.02500
v 0.35256 1.60066 0.04500
v 0.35256 1.63654 0.02500
v 0.38844 1.63654 0.02500
v 0.35256 1.63654 0.04500
v 0.38844 1.63654 0.04500
v 0.35256 1.60066 0.04500
v 0.38844 1.60066 0.04500
v 0.35256 1.60066 0.02500
v 0.38844 1.60066 0.02500
v 0.35256 1.63654 0.04500
v 0.38844 1.63654 0.04500
v 0.35256 1.60066 0.04500
v 0.38844 1.60066 0.04500
v 0.38844 1.63654 0.02500
v 0.35256 1.63654 0.02500
v 0.38844 1.60066 0.02500
v 0.35256 1.60066 0.02500
v 0.38844 1.59754 0.04500
v 0.38844 1.59754 0.02500
v 0.38844 1.56166 0.04500
v 0.38844 1.56166 0.02500
v 0.35256 1.59754 0.02500
v 0.35256 1.59754 0.04500
v 0.35256 1.56166 0.02500
v 0.35256 1.56166 0.04500
v 0.35256 1.59754 0.02500
v 0.38844 1.59754 0.02500
v 0.35256 1.59754 0.04500
v 0.38844 1.59754 0.04500
v 0.35256 1.56166 0.04500
v 0.38844 1.56166 0.04500
v 0.35256 1.56166 0.02500
v 0.38844 1.56166 0.02500
v 0.35256 1.59754 0.04500
v 0.38844 1.59754 0.04500
v 0.35256 1.56166 0.04500
v 0.38844 1.56166 0.04500
v 0.38844 1.59754 0.02500
v 0.35256 1.59754 0.02500
v 0.38844 1.56166 0.02500
v 0.35256 1.56166 0.02500
v 0.38844 1.55854 0.04500
v 0.38844 1.55854 0.02500
v 0.38844 1.52266 0.04500
v 0.38844 1.52266 0.02500
v 0.35256 1.55854 0.02500
v 0.35256 1.55854 0.04500
v 0.35256 1.52266 0.02500
v 0.35256 1.52266 0.04500
v 0.35256 1.55854 0.02500
v 0.38844 1.55854 0.02500
v 0.35256 1.55854 0.04500
v 0.38844 1.55854 0.04500
v 0.35256 1.52266 0.04500
v 0.38844 1.52266 0.04500
v 0.35256 1.52266 0.02500
v 0.38844 1.52266 0.02500
v 0.35256 1.55854 0.04500
v 0.38844 1.55854 0.04500
v 0.35256 1.52266 0.04500
v 0.38844 1.52266 0.04500
v 0.38844 1.55854 0.02500
v 0.35256 1.55854 0.02500
v 0.38844 1.52266 0.02500
v 0.35256 1.52266 0.02500
v 0.38844 1.51954 0.04500
v 0.38844 1.51954 0.02500
v 0.38844 1.48366 0.04500
v 0.38844 1.48366 0.02500
v 0.35256 1.51954 0.02500
v 0.35256 1.51954 0.04500
v 0.35256 1.48366 0.02500
v 0.35256 1.48366 0.04500
v 0.35256 1.51954 0.02500
v 0.38844 1.51954 0.02500
v 0.35256 1.51954 0.04500
v 0.38844 1.51954 0.04500
v 0.35256 1.48366 0.04500
v 0.38844 1.48366 0.04500
v 0.35256 1.48366 0.02500
v 0.38844 1.48366 0.02500
v 0.35256 1.51954 0.04500
v 0.38844 1.51954 0.04500
v 0.35256 1.48366 0.04500
v 0.38844 1.48366 0.04500
v 0.38844 1.51954 0.02500
v 0.35256 1.51954 0.02500
v 0.38844 1.48366 0.02500
v 0.35256 1.48366 0.02500
v 0.38844 1.48054 0.04500
v 0.38844 1.48054 0.02500
v 0.38844 1.44466 0.04500
v 0.38844 1.44466 0.02500
v 0.35256 1.48054 0.02500
v 0.35256 1.48054 0.04500
v 0.35256 1.44466 0.02500
v 0.35256 1.44466 0.04500
v 0.35256 1.48054 0.02500
v 0.38844 1.48054 0.02500
v 0.35256 1.48054 0.04500
v 0.38844 1.48054 0.04500
v 0.35256 1.44466 0.04500
v 0.38844 1.44466 0.04500
v 0.35256 1.44466 0.02500
v 0.38844 1.44466 0.02500
v 0.35256 1.48054 0.04500
v 0.38844 1.48054 0.04500
v 0.35256 1.44466 0.04500
v 0.38844 1.44466 0.04500
v 0.38844 1.48054 0.02500
v 0.35256 1.48054 0.02500
v 0.38844 1.44466 0.02500
v 0.35256 1.44466 0.02500
v 0.38844 1.44154 0.04500
v 0.38844 1.44154 0.02500
v 0.38844 1.40566 0.04500
v 0.38844 1.40566 0.02500
v 0.35256 1.44154 0.02500
v 0.35256 1.44154 0.04500
v 0.35256 1.40566 0.02500
v 0.35256 1.40566 0.04500
v 0.35256 1.44154 0.02500
v 0.38844 1.44154 0.02500
v 0.35256 1.44154 0.04500
v 0.38844 1.44154 0.04500
v 0.35256 1.40566 0.04500
v 0.38844 1.40566 0.04500
v 0.35256 1.40566 0.02500
v 0.38844 1.40566 0.02500
v 0.35256 1.44154 0.04500
v 0.38844 1.44154 0.04500
v 0.35256 1.40566 0.04500
v 0.38844 1.40566 0.04500
v 0.38844 1.44154 0.02500
v 0.35256 1.44154 0.02500
v 0.38844 1.40566 0.02500
v 0.35256 1.40566 0.02500
v 0.42744 1.44154 0.04500
v 0.42744 1.44154 0.02500
v 0.42744 1.40566 0.04500
v 0.42744 1.40566 0.02500
v 0.39156 1.44154 0.02500
v 0.39156 1.44154 0.04500
v 0.39156 1.40566 0.02500
v 0.39156 1.40566 0.04500
v 0.39156 1.44154 0.02500
v 0.42744 1.44154 0.02500
v 0.39156 1.44154 0.04500
v 0.42744 1.44154 0.04500
v 0.39156 1.40566 0.04500
v 0.42744 1.40566 0.04500
v 0.39156 1.40566 0.02500
v 0.42744 1.40566 0.02500
v 0.39156 1.44154 0.04500
v 0.42744 1.44154 0.04500
v 0.39156 1.40566 0.04500
v 0.42744 1.40566 0.04500
v 0.42744 1.44154 0.02500
v 0.39156 1.44154 0.02500
v 0.42744 1.40566 0.02500
v 0.39156 1.40566 0.02500
v 0.46644 1.44154 0.04500
v 0.46644 1.44154 0.02500
v 0.46644 1.40566 0.04500
v 0.46644 1.40566 0.02500
v 0.43056 1.44154 0.02500
v 0.43056 1.44154 0.04500
v 0.43056 1.40566 0.02500
v 0.43056 1.40566 0.04500
v 0.43056 1.44154 0.02500
v 0.46644 1.44154 0.02500
v 0.43056 1.44154 0.04500
v 0.46644 1.44154 0.04500
v 0.43056 1.40566 0.04500
v 0.46644 1.40566 0.04500
v 0.43056 1.40566 0.02500
v 0.46644 1.40566 0.02500
v 0.43056 1.44154 0.04500
v 0.46644 1.44154 0.04500
v 0.43056 1.40566 0.04500
v 0.46644 1.40566 0.04500
v 0.46644 1.44154 0.02500
v 0.43056 1.44154 0.02500
v 0.46644 1.40566 0.02500
v 0.43056 1.40566 0.02500
v 0.50544 1.44154 0.04500
v 0.50544 1.44154 0.02500
v 0.50544 1.40566 0.04500
v 0.50544 1.40566 0.02500
v 0.46956 1.44154 0.02500
v 0.46956 1.44154 0.04500
v 0.46956 1.40566 0.02500
v 0.46956 1.40566 0.04500
v 0.46956 1.44154 0.02500
v 0.50544 1.44154 0.02500
v 0.46956 1.44154 0.04500
v 0.50544 1.44154 0.04500
v 0.46956 1.40566 0.04500
v 0.50544 1.40566 0.04500
v 0.46956 1.40566 0.02500
v 0.50544 1.40566 0.02500
v 0.46956 1.44154 0.04500
v 0.50544 1.44154 0.04500
v 0.46956 1.40566 0.04500
v 0.50544 1.40566 0.04500
v 0.50544 1.44154 0.02500
v 0.46956 1.44154 0.02500
v 0.50544 1.40566 0.02500
v 0.46956 1.40566 0.02500
v 0.54444 1.44154 0.04500
v 0.54444 1.44154 0.02500
v 0.54444 1.40566 0.04500
v 0.54444 1.40566 0.02500
v 0.50856 1.44154 0.02500
v 0.50856 1.44154 0.04500
v 0.50856 1.40566 0.02500
v 0.50856 1.40566 0.04500
v 0.50856 1.44154 0.02500
v 0.54444 1.44154 0.02500
v 0.50856 1.44154 0.04500
v 0.54444 1.44154 0.04500
v 0.50856 1.40566 0.04500
v 0.54444 1.40566 0.04500
v 0.50856 1.40566 0.02500
v 0.54444 1.40566 0.02500
v 0.50856 1.44154 0.04500
v 0.54444 1.44154 0.04500
v 0.50856 1.40566 0.04500
v 0.54444 1.40566 0.04500
v 0.54444 1.44154 0.02500
v 0.50856 1.44154 0.02500
v 0.54444 1.40566 0.02500
v 0.50856 1.40566 0.02500
v 0.62244 1.67554 0.04500
v 0.62244 1.67554 0.02500
v 0.62244 1.63966 0.04500
v 0.62244 1.63966 0.02500
v 0.58656 1.67554 0.02500
v 0.58656 1.67554 0.04500
v 0.58656 1.63966 0.02500
v 0.58656 1.63966 0.04500
v 0.58656 1.67554 0.02500
v 0.62244 1.67554 0.02500
v 0.58656 1.67554 0.04500
v 0.62244 1.67554 0.04500
v 0.58656 1.63966 0.04500
v 0.62244 1.63966 0.04500
v 0.58656 1.63966 0.02500
v 0.62244 1.63966 0.02500
v 0.58656 1.67554 0.04500
v 0.62244 1.67554 0.04500
v 0.58656 1.63966 0.04500
v 0.62244 1.63966 0.04500
v 0.62244 1.67554 0.02500
v 0.58656 1.67554 0.02500
v 0.62244 1.63966 0.02500
v 0.58656 1.63966 0.02500
v 0.62244 1.63654 0.04500
v 0.62244 1.63654 0.02500
v 0.62244 1.60066 0.04500
v 0.62244 1.60066 0.02500
v 0.58656 1.63654 0.02500
v 0.58656 1.63654 0.04500
v 0.58656 1.60066 0.02500
v 0.58656 1.60066 0.04500
v 0.58656 1.63654 0.02500
v 0.62244 1.63654 0.02500
v 0.58656 1.63654 0.04500
v 0.62244 1.63654 0.04500
v 0.58656 1.60066 0.04500
v 0.62244 1.60066 0.04500
v 0.58656 1.60066 0.02500
v 0.62244 1.60066 0.02500
v 0.58656 1.63654 0.04500
v 0.62244 1.63654 0.04500
v 0.58656 1.60066 0.04500
v 0.62244 1.60066 0.04500
v 0.62244 1.63654 0.02500
v 0.58656 1.63654 0.02500
v 0.62244 1.60066 0.02500
v 0.58656 1.60066 0.02500
v 0.62244 1.59754 0.04500
v 0.62244 1.59754 0.02500
v 0.62244 1.56166 0.04500
v 0.62244 1.56166 0.02500
v 0.58656 1.59754 0.02500
v 0.58656 1.59754 0.04500
v 0.58656 1.56166 0.02500
v 0.58656 1.56166 0.04500
v 0.58656 1.59754 0.02500
v 0.62244 1.59754 0.02500
v 0.58656 1.59754 0.04500
v 0.62244 1.59754 0.04500
v 0.58656 1.56166 0.04500
v 0.62244 1.56166 0.04500
v 0.58656 1.56166 0.02500
v 0.62244 1.56166 0.02500
v 0.58656 1.59754 0.04500
v 0.62244 1.59754 0.04500
v 0.58656 1.56166 0.04500
v 0.62244 1.56166 0.04500
v 0.62244 1.59754 0.02500
v 0.58656 1.59754 0.02500
v 0.62244 1.56166 0.02500
v 0.58656 1.56166 0.02500
v 0.62244 1.55854 0.04500
v 0.62244 1.55854 0.02500
v 0.62244 1.52266 0.04500
v 0.62244 1.52266 0.02500
v 0.58656 1.55854 0.02500
v 0.58656 1.55854 0.04500
v 0.58656 1.52266 0.02500
v 0.58656 1.52266 0.04500
v 0.58656 1.55854 0.02500
v 0.62244 1.55854 0.02500
v 0.58656 1.55854 0.04500
v 0.62244 1.55854 0.04500
v 0.58656 1.52266 0.04500
v 0.62244 1.52266 0.04500
v 0.58656 1.52266 0.02500
v 0.62244 1.52266 0.02500
v 0.58656 1.55854 0.04500
v 0.62244 1.55854 0.04500
v 0.58656 1.52266 0.04500
v 0.62244 1.52266 0.04500
v 0.62244 1.55854 0.02500
v 0.58656 1.55854 0.02500
v 0.62244 1.52266 0.02500
v 0.58656 1.52266 0.02500
v 0.62244 1.51954 0.04500
v 0.62244 1.51954 0.02500
v 0.62244 1.48366 0.04500
v 0.62244 1.48366 0.02500
v 0.58656 1.51954 0.02500
v 0.58656 1.51954 0.04500
v 0.58656 1.48366 0.02500
v 0.58656 1.48366 0.04500
v 0.58656 1.51954 0.02500
v 0.62244 1.51954 0.02500
v 0.58656 1.51954 0.04500
v 0.62244 1.51954 0.04500
v 0.58656 1.48366 0.04500
v 0.62244 1.48366 0.04500
v 0.58656 1.48366 0.02500
v 0.62244 1.48366 0.02500
v 0.58656 1.51954 0.04500
v 0.62244 1.51954 0.04500
v 0.58656 1.48366 0.04500
v 0.62244 1.48366 0.04500
v 0.62244 1.51954 0.02500
v 0.58656 1.51954 0.02500
v 0.62244 1.48366 0.02500
v 0.58656 1.48366 0.02500
v 0.62244 1.48054 0.04500
v 0.62244 1.48054 0.02500
v 0.62244 1.44466 0.04500
v 0.62244 1.44466 0.02500
v 0.58656 1.48054 0.02500
v 0.58656 1.48054 0.04500
v 0.58656 1.44466 0.02500
v 0.58656 1.44466 0.04500
v 0.58656 1.48054 0.02500
v 0.62244 1.48054 0.02500
v 0.58656 1.48054 0.04500
v 0.62244 1.48054 0.04500
v 0.58656 1.44466 0.04500
v 0.62244 1.44466 0.04500
v 0.58656 1.44466 0.02500
v 0.62244 1.44466 0.02500
v 0.58656 1.48054 0.04500
v 0.62244 1.48054 0.04500
v 0.58656 1.44466 0.04500
v 0.62244 1.44466 0.04500
v 0.62244 1.48054 0.02500
v 0.58656 1.48054 0.02500
v 0.62244 1.44466 0.02500
v 0.58656 1.44466 0.02500
v 0.62244 1.44154 0.04500
v 0.62244 1.44154 0.02500
v 0.62244 1.40566 0.04500
v 0.62244 1.40566 0.02500
v 0.58656 1.44154 0.02500
v 0.58656 1.44154 0.04500
v 0.58656 1.40566 0.02500
v 0.58656 1.40566 0.04500
v 0.58656 1.44154 0.02500
v 0.62244 1.44154 0.02500
v 0.58656 1.44154 0.04500
v 0.62244 1.44154 0.04500
v 0.58656 1.40566 0.04500
v 0.62244 1.40566 0.04500
v 0.58656 1.40566 0.02500
v 0.62244 1.40566 0.02500
v 0.58656 1.44154 0.04500
v 0.62244 1.44154 0.04500
v 0.58656 1.40566 0.04500
v 0.62244 1.40566 0.04500
v 0.62244 1.44154 0.02500
v 0.58656 1.44154 0.02500
v 0.62244 1.40566 0.02500
v 0.58656 1.40566 0.02500
v 0.66144 1.44154 0.04500
v 0.66144 1.44154 0.02500
v 0.66144 1.40566 0.04500
v 0.66144 1.40566 0.02500
v 0.62556 1.44154 0.02500
v 0.62556 1.44154 0.04500
v 0.62556 1.40566 0.02500
v 0.62556 1.40566 0.04500
v 0.62556 1.44154 0.02500
v 0.66144 1.44154 0.02500
v 0.62556 1.44154 0.04500
v 0.66144 1.44154 0.04500
v 0.62556 1.40566 0.04500
v 0.66144 1.40566 0.04500
v 0.62556 1.40566 0.02500
v 0.66144 1.40566 0.02500
v 0.62556 1.44154 0.04500
v 0.66144 1.44154 0.04500
v 0.62556 1.40566 0.04500
v 0.66144 1.40566 0.04500
v 0.66144 1.44154 0.02500
v 0.62556 1.44154 0.02500
v 0.66144 1.40566 0.02500
v 0.62556 1.40566 0.02500
v 0.70044 1.44154 0.04500
v 0.70044 1.44154 0.02500
v 0.70044 1.40566 0.04500
v 0.70044 1.40566 0.02500
v 0.66456 1.44154 0.02500
v 0.66456 1.44154 0.04500
v 0.66456 1.40566 0.02500
v 0.66456 1.40566 0.04500
v 0.66456 1.44154 0.02500
v 0.70044 1.44154 0.02500
v 0.66456 1.44154 0.04500
v 0.70044 1.44154 0.04500
v 0.66456 1.40566 0.04500
v 0.70044 1.40566 0.04500
v 0.66456 1.40566 0.02500
v 0.70044 1.40566 0.02500
v 0.66456 1.44154 0.04500
v 0.70044 1.44154 0.04500
v 0.66456 1.40566 0.04500
v 0.70044 1.40566 0.04500
v 0.70044 1.44154 0.02500
v 0.66456 1.44154 0.02500
v 0.70044 1.40566 0.02500
v 0.66456 1.40566 0.02500
v 0.73944 1.44154 0.04500
v 0.73944 1.44154 0.02500
v 0.73944 1.40566 0.04500
v 0.73944 1.40566 0.02500
v 0.70356 1.44154 0.02500
v 0.70356 1.44154 0.04500
v 0.70356 1.40566 0.02500
v 0.70356 1.40566 0.04500
v 0.70356 1.44154 0.02500
v 0.73944 1.44154 0.02500
v 0.70356 1.44154 0.04500
v 0.73944 1.44154 0.04500
v 0.70356 1.40566 0.04500
v 0.73944 1.40566 0.04500
v 0.70356 1.40566 0.02500
v 0.73944 1.40566 0.02500
v 0.70356 1.44154 0.04500
v 0.73944 1.44154 0.04500
v 0.70356 1.40566 0.04500
v 0.73944 1.40566 0.04500
v 0.73944 1.44154 0.02500
v 0.70356 1.44154 0.02500
v 0.73944 1.40566 0.02500
v 0.70356 1.40566 0.02500
v 0.77844 1.44154 0.04500
v 0.77844 1.44154 0.02500
v 0.77844 1.40566 0.04500
v 0.77844 1.40566 0.02500
v 0.74256 1.44154 0.02500
v 0.74256 1.44154 0.04500
v 0.74256 1.40566 0.02500
v 0.74256 1.40566 0.04500
v 0.74256 1.44154 0.02500
v 0.77844 1.44154 0.02500
v 0.74256 1.44154 0.04500
v 0.77844 1.44154 0.04500
v 0.74256 1.40566 0.04500
v 0.77844 1.40566 0.04500
v 0.74256 1.40566 0.02500
v 0.77844 1.40566 0.02500
v 0.74256 1.44154 0.04500
v 0.77844 1.44154 0.04500
v 0.74256 1.40566 0.04500
v 0.77844 1.40566 0.04500
v 0.77844 1.44154 0.02500
v 0.74256 1.44154 0.02500
v 0.77844 1.40566 0.02500
v 0.74256 1.40566 0.02500
v 0.85644 1.67554 0.04500
v 0.85644 1.67554 0.02500
v 0.85644 1.63966 0.04500
v 0.85644 1.63966 0.02500
v 0.82056 1.67554 0.02500
v 0.82056 1.67554 0.04500
v 0.82056 1.63966 0.02500
v 0.82056 1.63966 0.04500
v 0.82056 1.67554 0.02500
v 0.85644 1.67554 0.02500
v 0.82056 1.67554 0.04500
v 0.85644 1.67554 0.04500
v 0.82056 1.63966 0.04500
v 0.85644 1.63966 0.04500
v 0.82056 1.63966 0.02500
v 0.85644 1.63966 0.02500
v 0.82056 1.67554 0.04500
v 0.85644 1.67554 0.04500
v 0.82056 1.63966 0.04500
v 0.85644 1.63966 0.04500
v 0.85644 1.67554 0.02500
v 0.82056 1.67554 0.02500
v 0.85644 1.63966 0.02500
v 0.82056 1.63966 0.02500
v 0.89544 1.67554 0.04500
v 0.89544 1.67554 0.02500
v 0.89544 1.63966 0.04500
v 0.89544 1.63966 0.02500
v 0.85956 1.67554 0.02500
v 0.85956 1.67554 0.04500
v 0.85956 1.63966 0.02500
v 0.85956 1.63966 0.04500
v 0.85956 1.67554 0.02500
v 0.89544 1.67554 0.02500
v 0.85956 1.67554 0.04500
v 0.89544 1.67554 0.04500
v 0.85956 1.63966 0.04500
v 0.89544 1.63966 0.04500
v 0.85956 1.63966 0.02500
v 0.89544 1.63966 0.02500
v 0.85956 1.67554 0.04500
v 0.89544 1.67554 0.04500
v 0.85956 1.63966 0.04500
v 0.89544 1.63966 0.04500
v 0.89544 1.67554 0.02500
v 0.85956 1.67554 0.02500
v 0.89544 1.63966 0.02500
v 0.85956 1.63966 0.02500
v 0.93444 1.67554 0.04500
v 0.93444 1.67554 0.02500
v 0.93444 1.63966 0.04500
v 0.93444 1.63966 0.02500
v 0.89856 1.67554 0.02500
v 0.89856 1.67554 0.04500
v 0.89856 1.63966 0.02500
v 0.89856 1.63966 0.04500
v 0.89856 1.67554 0.02500
v 0.93444 1.67554 0.02500
v 0.89856 1.67554 0.04500
v 0.93444 1.67554 0.04500
v 0.89856 1.63966 0.04500
v 0.93444 1.63966 0.04500
v 0.89856 1.63966 0.02500
v 0.93444 1.63966 0.02500
v 0.89856 1.67554 0.04500
v 0.93444 1.67554 0.04500
v 0.89856 1.63966 0.04500
v 0.93444 1.63966 0.04500
v 0.93444 1.67554 0.02500
v 0.89856 1.67554 0.02500
v 0.93444 1.63966 0.02500
v 0.89856 1.63966 0.02500
v 0.97344 1.67554 0.04500
v 0.97344 1.67554 0.02500
v 0.97344 1.63966 0.04500
v 0.97344 1.63966 0.02500
v 0.93756 1.67554 0.02500
v 0.93756 1.67554 0.04500
v 0.93756 1.63966 0.02500
v 0.93756 1.63966 0.04500
v 0.93756 1.67554 0.02500
v 0.97344 1.67554 0.02500
v 0.93756 1.67554 0.04500
v 0.97344 1.67554 0.04500
v 0.93756 1.63966 0.04500
v 0.97344 1.63966 0.04500
v 0.93756 1.63966 0.02500
v 0.97344 1.63966 0.02500
v 0.93756 1.67554 0.04500
v 0.97344 1.67554 0.04500
v 0.93756 1.63966 0.04500
v 0.97344 1.63966 0.04500
v 0.97344 1.67554 0.02500
v 0.93756 1.67554 0.02500
v 0.97344 1.63966 0.02500
v 0.93756 1.63966 0.02500
v 1.01244 1.67554 0.04500
v 1.01244 1.67554 0.02500
v 1.01244 1.63966 0.04500
v 1.01244 1.63966 0.02500
v 0.97656 1.67554 0.02500
v 0.97656 1.67554 0.04500
v 0.97656 1.63966 0.02500
v 0.97656 1.63966 0.04500
v 0.97656 1.67554 0.02500
v 1.01244 1.67554 0.02500
v 0.97656 1.67554 0.04500
v 1.01244 1.67554 0.04500
v 0.97656 1.63966 0.04500
v 1.01244 1.63966 0.04500
v 0.97656 1.63966 0.02500
v 1.01244 1.63966 0.02500
v 0.97656 1.67554 0.04500
v 1.01244 1.67554 0.04500
v 0.97656 1.63966 0.04500
v 1.01244 1.63966 0.04500
v 1.01244 1.67554 0.02500
v 0.97656 1.67554 0.02500
v 1.01244 1.63966 0.02500
v 0.97656 1.63966 0.02500
v 0.85644 1.63654 0.04500
v 0.85644 1.63654 0.02500
v 0.85644 1.60066 0.04500
v 0.85644 1.60066 0.02500
v 0.82056 1.63654 0.02500
v 0.82056 1.63654 0.04500
v 0.82056 1.60066 0.02500
v 0.82056 1.60066 0.04500
v 0.82056 1.63654 0.02500
v 0.85644 1.63654 0.02500
v 0.82056 1.63654 0.04500
v 0.85644 1.63654 0.04500
v 0.82056 1.60066 0.04500
v 0.85644 1.60066 0.04500
v 0.82056 1.60066 0.02500
v 0.85644 1.60066 0.02500
v 0.82056 1.63654 0.04500
v 0.85644 1.63654 0.04500
v 0.82056 1.60066 0.04500
v 0.85644 1.60066 0.04500
v 0.85644 1.63654 0.02500
v 0.82056 1.63654 0.02500
v 0.85644 1.60066 0.02500
v 0.82056 1.60066 0.02500
v 0.85644 1.59754 0.04500
v 0.85644 1.59754 0.02500
v 0.85644 1.56166 0.04500
v 0.85644 1.56166 0.02500
v 0.82056 1.59754 0.02500
v 0.82056 1.59754 0.04500
v 0.82056 1.56166 0.02500
v 0.82056 1.56166 0.04500
v 0.82056 1.59754 0.02500
v 0.85644 1.59754 0.02500
v 0.82056 1.59754 0.04500
v 0.85644 1.59754 0.04500
v 0.82056 1.56166 0.04500
v 0.85644 1.56166 0.04500
v 0.82056 1.56166 0.02500
v 0.85644 1.56166 0.02500
v 0.82056 1.59754 0.04500
v 0.85644 1.59754 0.04500
v 0.82056 1.56166 0.04500
v 0.85644 1.56166 0.04500
v 0.85644 1.59754 0.02500
v 0.82056 1.59754 0.02500
v 0.85644 1.56166 0.02500
v 0.82056 1.56166 0.02500
v 0.85644 1.55854 0.04500
v 0.85644 1.55854 0.02500
v 0.85644 1.52266 0.04500
v 0.85644 1.52266 0.02500
v 0.82056 1.55854 0.02500
v 0.82056 1.55854 0.04500
v 0.82056 1.52266 0.02500
v 0.82056 1.52266 0.04500
v 0.82056 1.55854 0.02500
v 0.85644 1.55854 0.02500
v 0.82056 1.55854 0.04500
v 0.85644 1.55854 0.04500
v 0.82056 1.52266 0.04500
v 0.85644 1.52266 0.04500
v 0.82056 1.52266 0.02500
v 0.85644 1.52266 0.02500
v 0.82056 1.55854 0.04500
v 0.85644 1.55854 0.04500
v 0.82056 1.52266 0.04500
v 0.85644 1.52266 0.04500
v 0.85644 1.55854 0.02500
v 0.82056 1.55854 0.02500
v 0.85644 1.52266 0.02500
v 0.82056 1.52266 0.02500
v 0.89544 1.55854 0.04500
v 0.89544 1.55854 0.02500
v 0.89544 1.52266 0.04500
v 0.89544 1.52266 0.02500
v 0.85956 1.55854 0.02500
v 0.85956 1.55854 0.04500
v 0.85956 1.52266 0.02500
v 0.85956 1.52266 0.04500
v 0.85956 1.55854 0.02500
v 0.89544 1.55854 0.02500
v 0.85956 1.55854 0.04500
v 0.89544 1.55854 0.04500
v 0.85956 1.52266 0.04500
v 0.89544 1.52266 0.04500
v 0.85956 1.52266 0.02500
v 0.89544 1.52266 0.02500
v 0.85956 1.55854 0.04500
v 0.89544 1.55854 0.04500
v 0.85956 1.52266 0.04500
v 0.89544 1.52266 0.04500
v 0.89544 1.55854 0.02500
v 0.85956 1.55854 0.02500
v 0.89544 1.52266 0.02500
v 0.85956 1.52266 0.02500
v 0.93444 1.55854 0.04500
v 0.93444 1.55854 0.02500
v 0.93444 1.52266 0.04500
v 0.93444 1.52266 0.02500
v 0.89856 1.55854 0.02500
v 0.89856 1.55854 0.04500
v 0.89856 1.52266 0.02500
v 0.89856 1.52266 0.04500
v 0.89856 1.55854 0.02500
v 0.93444 1.55854 0.02500
v 0.89856 1.55854 0.04500
v 0.93444 1.55854 0.04500
v 0.89856 1.52266 0.04500
v 0.93444 1.52266 0.04500
v 0.89856 1.52266 0.02500
v 0.93444 1.52266 0.02500
v 0.89856 1.55854 0.04500
v 0.93444 1.55854 0.04500
v 0.89856 1.52266 0.04500
v 0.93444 1.52266 0.04500
v 0.93444 1.55854 0.02500
v 0.89856 1.55854 0.02500
v 0.93444 1.52266 0.02500
v 0.89856 1.52266 0.02500
v 0.97344 1.55854 0.04500
v 0.97344 1.55854 0.02500
v 0.97344 1.52266 0.04500
v 0.97344 1.52266 0.02500
v 0.93756 1.55854 0.02500
v 0.93756 1.55854 0.04500
v 0.93756 1.52266 0.02500
v 0.93756 1.52266 0.04500
v 0.93756 1.55854 0.02500
v 0.97344 1.55854 0.02500
v 0.93756 1.55854 0.04500
v 0.97344 1.55854 0.04500
v 0.93756 1.52266 0.04500
v 0.97344 1.52266 0.04500
v 0.93756 1.52266 0.02500
v 0.97344 1.52266 0.02500
v 0.93756 1.55854 0.04500
v 0.97344 1.55854 0.04500
v 0.93756 1.52266 0.04500
v 0.97344 1.52266 0.04500
v 0.97344 1.55854 0.02500
v 0.93756 1.55854 0.02500
v 0.97344 1.52266 0.02500
v 0.93756 1.52266 0.02500
v 0.85644 1.51954 0.04500
v 0.85644 1.51954 0.02500
v 0.85644 1.48366 0.04500
v 0.85644 1.48366 0.02500
v 0.82056 1.51954 0.02500
v 0.82056 1.51954 0.04500
v 0.82056 1.48366 0.02500
v 0.82056 1.48366 0.04500
v 0.82056 1.51954 0.02500
v 0.85644 1.51954 0.02500
v 0.82056 1.51954 0.04500
v 0.85644 1.51954 0.04500
v 0.82056 1.48366 0.04500
v 0.85644 1.48366 0.04500
v 0.82056 1.48366 0.02500
v 0.85644 1.48366 0.02500
v 0.82056 1.51954 0.04500
v 0.85644 1.51954 0.04500
v 0.82056 1.48366 0.04500
v 0.85644 1.48366 0.04500
v 0.85644 1.51954 0.02500
v 0.82056 1.51954 0.02500
v 0.85644 1.48366 0.02500
v 0.82056 1.48366 0.02500
v 0.85644 1.48054 0.04500
v 0.85644 1.48054 0.02500
v 0.85644 1.44466 0.04500
v 0.85644 1.44466 0.02500
v 0.82056 1.48054 0.02500
v 0.82056 1.48054 0.04500
v 0.82056 1.44466 0.02500
v 0.82056 1.44466 0.04500
v 0.82056 1.48054 0.02500
v 0.85644 1.48054 0.02500
v 0.82056 1.48054 0.04500
v 0.85644 1.48054 0.04500
v 0.82056 1.44466 0.04500
v 0.85644 1.44466 0.04500
v 0.82056 1.44466 0.02500
v 0.85644 1.44466 0.02500
v 0.82056 1.48054 0.04500
v 0.85644 1.48054 0.04500
v 0.82056 1.44466 0.04500
v 0.85644 1.44466 0.04500
v 0.85644 1.48054 0.02500
v 0.82056 1.48054 0.02500
v 0.85644 1.44466 0.02500
v 0.82056 1.44466 0.02500
v 0.85644 1.44154 0.04500
v 0.85644 1.44154 0.02500
v 0.85644 1.40566 0.04500
v 0.85644 1.40566 0.02500
v 0.82056 1.44154 0.02500
v 0.82056 1.44154 0.04500
v 0.82056 1.40566 0.02500
v 0.82056 1.40566 0.04500
v 0.82056 1.44154 0.02500
v 0.85644 1.44154 0.02500
v 0.82056 1.44154 0.04500
v 0.85644 1.44154 0.04500
v 0.82056 1.40566 0.04500
v 0.85644 1.40566 0.04500
v 0.82056 1.40566 0.02500
v 0.85644 1.40566 0.02500
v 0.82056 1.44154 0.04500
v 0.85644 1.44154 0.04500
v 0.82056 1.40566 0.04500
v 0.85644 1.40566 0.04500
v 0.85644 1.44154 0.02500
v 0.82056 1.44154 0.02500
v 0.85644 1.40566 0.02500
v 0.82056 1.40566 0.02500
v 0.89544 1.44154 0.04500
v 0.89544 1.44154 0.02500
v 0.89544 1.40566 0.04500
v 0.89544 1.40566 0.02500
v 0.85956 1.44154 0.02500
v 0.85956 1.44154 0.04500
v 0.85956 1.40566 0.02500
v 0.85956 1.40566 0.04500
v 0.85956 1.44154 0.02500
v 0.89544 1.44154 0.02500
v 0.85956 1.44154 0.04500
v 0.89544 1.44154 0.04500
v 0.85956 1.40566 0.04500
v 0.89544 1.40566 0.04500
v 0.85956 1.40566 0.02500
v 0.89544 1.40566 0.02500
v 0.85956 1.44154 0.04500
v 0.89544 1.44154 0.04500
v 0.85956 1.40566 0.04500
v 0.89544 1.40566 0.04500
v 0.89544 1.44154 0.02500
v 0.85956 1.44154 0.02500
v 0.89544 1.40566 0.02500
v 0.85956 1.40566 0.02500
v 0.93444 1.44154 0.04500
v 0.93444 1.44154 0.02500
v 0.93444 1.40566 0.04500
v 0.93444 1.40566 0.02500
v 0.89856 1.44154 0.02500
v 0.89856 1.44154 0.04500
v 0.89856 1.40566 0.02500
v 0.89856 1.40566 0.04500
v 0.89856 1.44154 0.02500
v 0.93444 1.44154 0.02500
v 0.89856 1.44154 0.04500
v 0.93444 1.44154 0.04500
v 0.89856 1.40566 0.04500
v 0.93444 1.40566 0.04500
v 0.89856 1.40566 0.02500
v 0.93444 1.40566 0.02500
v 0.89856 1.44154 0.04500
v 0.93444 1.44154 0.04500
v 0.89856 1.40566 0.04500
v 0.93444 1.40566 0.04500
v 0.93444 1.44154 0.02500
v 0.89856 1.44154 0.02500
v 0.93444 1.40566 0.02500
v 0.89856 1.40566 0.02500
v 0.97344 1.44154 0.04500
v 0.97344 1.44154 0.02500
v 0.97344 1.40566 0.04500
v 0.97344 1.40566 0.02500
v 0.93756 1.44154 0.02500
v 0.93756 1.44154 0.04500
v 0.93756 1.40566 0.02500
v 0.93756 1.40566 0.04500
v 0.93756 1.44154 0.02500
v 0.97344 1.44154 0.02500
v 0.93756 1.44154 0.04500
v 0.97344 1.44154 0.04500
v 0.93756 1.40566 0.04500
v 0.97344 1.40566 0.04500
v 0.93756 1.40566 0.02500
v 0.97344 1.40566 0.02500
v 0.93756 1.44154 0.04500
v 0.97344 1.44154 0.04500
v 0.93756 1.40566 0.04500
v 0.97344 1.40566 0.04500
v 0.97344 1.44154 0.02500
v 0.93756 1.44154 0.02500
v 0.97344 1.40566 0.02500
v 0.93756 1.40566 0.02500
v 1.01244 1.44154 0.04500
v 1.01244 1.44154 0.02500
v 1.01244 1.40566 0.04500
v 1.01244 1.40566 0.02500
v 0.97656 1.44154 0.02500
v 0.97656 1.44154 0.04500
v 0.97656 1.40566 0.02500
v 0.97656 1.40566 0.04500
v 0.97656 1.44154 0.02500
v 1.01244 1.44154 0.02500
v 0.97656 1.44154 0.04500
v 1.01244 1.44154 0.04500
v 0.97656 1.40566 0.04500
v 1.01244 1.40566 0.04500
v 0.97656 1.40566 0.02500
v 1.01244 1.40566 0.02500
v 0.97656 1.44154 0.04500
v 1.01244 1.44154 0.04500
v 0.97656 1.40566 0.04500
v 1.01244 1.40566 0.04500
v 1.01244 1.44154 0.02500
v 0.97656 1.44154 0.02500
v 1.01244 1.40566 0.02500
v 0.97656 1.40566 0.02500
f 3457 3459 3458
f 3459 3460 3458
f 3461 3463 3462
f 3463 3464 3462
f 3465 3467 3466
f 3467 3468 3466
f 3469 3471 3470
f 3471 3472 3470
f 3473 3475 3474
f 3475 3476 3474
f 3477 3479 3478
f 3479 3480 3478
f 3481 3483 3482
f 3483 3484 3482
f 3485 3487 3486
f 3487 3488 3486
f 3489 3491 3490
f 3491 3492 3490
f 3493 3495 3494
f 3495 3496 3494
f 3497 3499 3498
f 3499 3500 3498
f 3501 3503 3502
f 3503 3504 3502
f 3505 3507 3506
f 3507 3508 3506
f 3509 3511 3510
f 3511 3512 3510
f 3513 3515 3514
f 3515 3516 3514
f 3517 3519 3518
f 3519 3520 3518
f 3521 3523 3522
f 3523 3524 3522
f 3525 3527 3526
f 3527 3528 3526
f 3529 3531 3530
f 3531 3532 3530
f 3533 3535 3534
f 3535 3536 3534
f 3537 3539 3538
f 3539 3540 3538
f 3541 3543 3542
f 3543 3544 3542
f 3545 3547 3546
f 3547 3548 3546
f 3549 3551 3550
f 3551 3552 3550
f 3553 3555 3554
f 3555 3556 3554
f 3557 3559 3558
f 3559 3560 3558
f 3561 3563 3562
f 3563 3564 3562
f 3565 3567 3566
f 3567 3568 3566
f 3569 3571 3570
f 3571 3572 3570
f 3573 3575 3574
f 3575 3576 3574
f 3577 3579 3578
f 3579 3580 3578
f 3581 3583 3582
f 3583 3584 3582
f 3585 3587 3586
f 3587 3588 3586
f 3589 3591 3590
f 3591 3592 3590
f 3593 3595 3594
f 3595 3596 3594
f 3597 3599 3598
f 3599 3600 3598
f 3601 3603 3602
f 3603 3604 3602
f 3605 3607 3606
f 3607 3608 3606
f 3609 3611 3610
f 3611 3612 3610
f 3613 3615 3614
f 3615 3616 3614
f 3617 3619 3618
f 3619 3620 3618
f 3621 3623 3622
f 3623 3624 3622
f 3625 3627 3626
f 3627 3628 3626
f 3629 3631 3630
f 3631 3632 3630
f 3633 3635 3634
f 3635 3636 3634
f 3637 3639 3638
f 3639 3640 3638
f 3641 3643 3642
f 3643 3644 3642
f 3645 3647 3646
f 3647 3648 3646
f 3649 3651 3650
f 3651 3652 3650
f 3653 3655 3654
f 3655 3656 3654
f 3657 3659 3658
f 3659 3660 3658
f 3661 3663 3662
f 3663 3664 3662
f 3665 3667 3666
f 3667 3668 3666
f 3669 3671 3670
f 3671 3672 3670
f 3673 3675 3674
f 3675 3676 3674
f 3677 3679 3678
f 3679 3680 3678
f 3681 3683 3682
f 3683 3684 3682
f 3685 3687 3686
f 3687 3688 3686
f 3689 3691 3690
f 3691 3692 3690
f 3693 3695 3694
f 3695 3696 3694
f 3697 3699 3698
f 3699 3700 3698
f 3701 3703 3702
f 3703 3704 3702
f 3705 3707 3706
f 3707 3708 3706
f 3709 3711 3710
f 3711 3712 3710
f 3713 3715 3714
f 3715 3716 3714
f 3717 3719 3718
f 3719 3720 3718
f 3721 3723 3722
f 3723 3724 3722
f 3725 3727 3726
f 3727 3728 3726
f 3729 3731 3730
f 3731 3732 3730
f 3733 3735 3734
f 3735 3736 3734
f 3737 3739 3738
f 3739 3740 3738
f 3741 3743 3742
f 3743 3744 3742
f 3745 3747 3746
f 3747 3748 3746
f 3749 3751 3750
f 3751 3752 3750
f 3753 3755 3754
f 3755 3756 3754
f 3757 3759 3758
f 3759 3760 3758
f 3761 3763 3762
f 3763 3764 3762
f 3765 3767 3766
f 3767 3768 3766
f 3769 3771 3770
f 3771 3772 3770
f 3773 3775 3774
f 3775 3776 3774
f 3777 3779 3778
f 3779 3780 3778
f 3781 3783 3782
f 3783 3784 3782
f 3785 3787 3786
f 3787 3788 3786
f 3789 3791 3790
f 3791 3792 3790
f 3793 3795 3794
f 3795 3796 3794
f 3797 3799 3798
f 3799 3800 3798
f 3801 3803 3802
f 3803 3804 3802
f 3805 3807 3806
f 3807 3808 3806
f 3809 3811 3810
f 3811 3812 3810
f 3813 3815 3814
f 3815 3816 3814
f 3817 3819 3818
f 3819 3820 3818
f 3821 3823 3822
f 3823 3824 3822
f 3825 3827 3826
f 3827 3828 3826
f 3829 3831 3830
f 3831 3832 3830
f 3833 3835 3834
f 3835 3836 3834
f 3837 3839 3838
f 3839 3840 3838
f 3841 3843 3842
f 3843 3844 3842
f 3845 3847 3846
f 3847 3848 3846
f 3849 3851 3850
f 3851 3852 3850
f 3853 3855 3854
f 3855 3856 3854
f 3857 3859 3858
f 3859 3860 3858
f 3861 3863 3862
f 3863 3864 3862
f 3865 3867 3866
f 3867 3868 3866
f 3869 3871 3870
f 3871 3872 3870
f 3873 3875 3874
f 3875 3876 3874
f 3877 3879 3878
f 3879 3880 3878
f 3881 3883 3882
f 3883 3884 3882
f 3885 3887 3886
f 3887 3888 3886
f 3889 3891 3890
f 3891 3892 3890
f 3893 3895 3894
f 3895 3896 3894
f 3897 3899 3898
f 3899 3900 3898
f 3901 3903 3902
f 3903 3904 3902
f 3905 3907 3906
f 3907 3908 3906
f 3909 3911 3910
f 3911 3912 3910
f 3913 3915 3914
f 3915 3916 3914
f 3917 3919 3918
f 3919 3920 3918
f 3921 3923 3922
f 3923 3924 3922
f 3925 3927 3926
f 3927 3928 3926
f 3929 3931 3930
f 3931 3932 3930
f 3933 3935 3934
f 3935 3936 3934
f 3937 3939 3938
f 3939 3940 3938
f 3941 3943 3942
f 3943 3944 3942
f 3945 3947 3946
f 3947 3948 3946
f 3949 3951 3950
f 3951 3952 3950
f 3953 3955 3954
f 3955 3956 3954
f 3957 3959 3958
f 3959 3960 3958
f 3961 3963 3962
f 3963 3964 3962
f 3965 3967 3966
f 3967 3968 3966
f 3969 3971 3970
f 3971 3972 3970
f 3973 3975 3974
f 3975 3976 3974
f 3977 3979 3978
f 3979 3980 3978
f 3981 3983 3982
f 3983 3984 3982
f 3985 3987 3986
f 3987 3988 3986
f 3989 3991 3990
f 3991 3992 3990
f 3993 3995 3994
f 3995 3996 3994
f 3997 3999 3998
f 3999 4000 3998
f 4001 4003 4002
f 4003 4004 4002
f 4005 4007 4006
f 4007 4008 4006
f 4009 4011 4010
f 4011 4012 4010
f 4013 4015 4014
f 4015 4016 4014
f 4017 4019 4018
f 4019 4020 4018
f 4021 4023 4022
f 4023 4024 4022
f 4025 4027 4026
f 4027 4028 4026
f 4029 4031 4030
f 4031 4032 4030
f 4033 4035 4034
f 4035 4036 4034
f 4037 4039 4038
f 4039 4040 4038
f 4041 4043 4042
f 4043 4044 4042
f 4045 4047 4046
f 4047 4048 4046
f 4049 4051 4050
f 4051 4052 4050
f 4053 4055 4054
f 4055 4056 4054
f 4057 4059 4058
f 4059 4060 4058
f 4061 4063 4062
f 4063 4064 4062
f 4065 4067 4066
f 4067 4068 4066
f 4069 4071 4070
f 4071 4072 4070
f 4073 4075 4074
f 4075 4076 4074
f 4077 4079 4078
f 4079 4080 4078
f 4081 4083 4082
f 4083 4084 4082
f 4085 4087 4086
f 4087 4088 4086
f 4089 4091 4090
f 4091 4092 4090
f 4093 4095 4094
f 4095 4096 4094
f 4097 4099 4098
f 4099 4100 4098
f 4101 4103 4102
f 4103 4104 4102
f 4105 4107 4106
f 4107 4108 4106
f 4109 4111 4110
f 4111 4112 4110
f 4113 4115 4114
f 4115 4116 4114
f 4117 4119 4118
f 4119 4120 4118
f 4121 4123 4122
f 4123 4124 4122
f 4125 4127 4126
f 4127 4128 4126
f 4129 4131 4130
f 4131 4132 4130
f 4133 4135 4134
f 4135 4136 4134
f 4137 4139 4138
f 4139 4140 4138
f 4141 4143 4142
f 4143 4144 4142
f 4145 4147 4146
f 4147 4148 4146
f 4149 4151 4150
f 4151 4152 4150
f 4153 4155 4154
f 4155 4156 4154
f 4157 4159 4158
f 4159 4160 4158
f 4161 4163 4162
f 4163 4164 4162
f 4165 4167 4166
f 4167 4168 4166
f 4169 4171 4170
f 4171 4172 4170
f 4173 4175 4174
f 4175 4176 4174
f 4177 4179 4178
f 4179 4180 4178
f 4181 4183 4182
f 4183 4184 4182
f 4185 4187 4186
f 4187 4188 4186
f 4189 4191 4190
f 4191 4192 4190
f 4193 4195 4194
f 4195 4196 4194
f 4197 4199 4198
f 4199 4200 4198
f 4201 4203 4202
f 4203 4204 4202
f 4205 4207 4206
f 4207 4208 4206
f 4209 4211 4210
f 4211 4212 4210
f 4213 4215 4214
f 4215 4216 4214
f 4217 4219 4218
f 4219 4220 4218
f 4221 4223 4222
f 4223 4224 4222
f 4225 4227 4226
f 4227 4228 4226
f 4229 4231 4230
f 4231 4232 4230
f 4233 4235 4234
f 4235 4236 4234
f 4237 4239 4238
f 4239 4240 4238
f 4241 4243 4242
f 4243 4244 4242
f 4245 4247 4246
f 4247 4248 4246
f 4249 4251 4250
f 4251 4252 4250
f 4253 4255 4254
f 4255 4256 4254
f 4257 4259 4258
f 4259 4260 4258
f 4261 4263 4262
f 4263 4264 4262
f 4265 4267 4266
f 4267 4268 4266
f 4269 4271 4270
f 4271 4272 4270
f 4273 4275 4274
f 4275 4276 4274
f 4277 4279 4278
f 4279 4280 4278
f 4281 4283 4282
f 4283 4284 4282
f 4285 4287 4286
f 4287 4288 4286
f 4289 4291 4290
f 4291 4292 4290
f 4293 4295 4294
f 4295 4296 4294
f 4297 4299 4298
f 4299 4300 4298
f 4301 4303 4302
f 4303 4304 4302
f 4305 4307 4306
f 4307 4308 4306
f 4309 4311 4310
f 4311 4312 4310
f 4313 4315 4314
f 4315 4316 4314
f 4317 4319 4318
f 4319 4320 4318
f 4321 4323 4322
f 4323 4324 4322
f 4325 4327 4326
f 4327 4328 4326
f 4329 4331 4330
f 4331 4332 4330
f 4333 4335 4334
f 4335 4336 4334
f 4337 4339 4338
f 4339 4340 4338
f 4341 4343 4342
f 4343 4344 4342
f 4345 4347 4346
f 4347 4348 4346
f 4349 4351 4350
f 4351 4352 4350
f 4353 4355 4354
f 4355 4356 4354
f 4357 4359 4358
f 4359 4360 4358
f 4361 4363 4362
f 4363 4364 4362
f 4365 4367 4366
f 4367 4368 4366
f 4369 4371 4370
f 4371 4372 4370
f 4373 4375 4374
f 4375 4376 4374
f 4377 4379 4378
f 4379 4380 4378
f 4381 4383 4382
f 4383 4384 4382
f 4385 4387 4386
f 4387 4388 4386
f 4389 4391 4390
f 4391 4392 4390
f 4393 4395 4394
f 4395 4396 4394
f 4397 4399 4398
f 4399 4400 4398
f 4401 4403 4402
f 4403 4404 4402
f 4405 4407 4406
f 4407 4408 4406
f 4409 4411 4410
f 4411 4412 4410
f 4413 4415 4414
f 4415 4416 4414
f 4417 4419 4418
f 4419 4420 4418
f 4421 4423 4422
f 4423 4424 4422
f 4425 4427 4426
f 4427 4428 4426
f 4429 4431 4430
f 4431 4432 4430
f 4433 4435 4434
f 4435 4436 4434
f 4437 4439 4438
f 4439 4440 4438
f 4441 4443 4442
f 4443 4444 4442
f 4445 4447 4446
f 4447 4448 4446
f 4449 4451 4450
f 4451 4452 4450
f 4453 4455 4454
f 4455 4456 4454
f 4457 4459 4458
f 4459 4460 4458
f 4461 4463 4462
f 4463 4464 4462
f 4465 4467 4466
f 4467 4468 4466
f 4469 4471 4470
f 4471 4472 4470
f 4473 4475 4474
f 4475 4476 4474
f 4477 4479 4478
f 4479 4480 4478
f 4481 4483 4482
f 4483 4484 4482
f 4485 4487 4486
f 4487 4488 4486
f 4489 4491 4490
f 4491 4492 4490
f 4493 4495 4494
f 4495 4496 4494
f 4497 4499 4498
f 4499 4500 4498
f 4501 4503 4502
f 4503 4504 4502
f 4505 4507 4506
f 4507 4508 4506
f 4509 4511 4510
f 4511 4512 4510
f 4513 4515 4514
f 4515 4516 4514
f 4517 4519 4518
f 4519 4520 4518
f 4521 4523 4522
f 4523 4524 4522
f 4525 4527 4526
f 4527 4528 4526
f 4529 4531 4530
f 4531 4532 4530
f 4533 4535 4534
f 4535 4536 4534
f 4537 4539 4538
f 4539 4540 4538
f 4541 4543 4542
f 4543 4544 4542
f 4545 4547 4546
f 4547 4548 4546
f 4549 4551 4550
f 4551 4552 4550
f 4553 4555 4554
f 4555 4556 4554
f 4557 4559 4558
f 4559 4560 4558
f 4561 4563 4562
f 4563 4564 4562
f 4565 4567 4566
f 4567 4568 4566
f 4569 4571 4570
f 4571 4572 4570
f 4573 4575 4574
f 4575 4576 4574
f 4577 4579 4578
f 4579 4580 4578
f 4581 4583 4582
f 4583 4584 4582
f 4585 4587 4586
f 4587 4588 4586
f 4589 4591 4590
f 4591 4592 4590
f 4593 4595 4594
f 4595 4596 4594
f 4597 4599 4598
f 4599 4600 4598
f 4601 4603 4602
f 4603 4604 4602
f 4605 4607 4606
f 4607 4608 4606
f 4609 4611 4610
f 4611 4612 4610
f 4613 4615 4614
f 4615 4616 4614
f 4617 4619 4618
f 4619 4620 4618
f 4621 4623 4622
f 4623 4624 4622
f 4625 4627 4626
f 4627 4628 4626
f 4629 4631 4630
f 4631 4632 4630
f 4633 4635 4634
f 4635 4636 4634
f 4637 4639 4638
f 4639 4640 4638
f 4641 4643 4642
f 4643 4644 4642
f 4645 4647 4646
f 4647 4648 4646
f 4649 4651 4650
f 4651 4652 4650
f 4653 4655 4654
f 4655 4656 4654
f 4657 4659 4658
f 4659 4660 4658
f 4661 4663 4662
f 4663 4664 4662
f 4665 4667 4666
f 4667 4668 4666
f 4669 4671 4670
f 4671 4672 4670
f 4673 4675 4674
f 4675 4676 4674
f 4677 4679 4678
f 4679 4680 4678
f 4681 4683 4682
f 4683 4684 4682
f 4685 4687 4686
f 4687 4688 4686
f 4689 4691 4690
f 4691 4692 4690
f 4693 4695 4694
f 4695 4696 4694
f 4697 4699 4698
f 4699 4700 4698
f 4701 4703 4702
f 4703 4704 4702
f 4705 4707 4706
f 4707 4708 4706
f 4709 4711 4710
f 4711 4712 4710
f 4713 4715 4714
f 4715 4716 4714
f 4717 4719 4718
f 4719 4720 4718
f 4721 4723 4722
f 4723 4724 4722
f 4725 4727 4726
f 4727 4728 4726
f 4729 4731 4730
f 4731 4732 4730
f 4733 4735 4734
f 4735 4736 4734
f 4737 4739 4738
f 4739 4740 4738
f 4741 4743 4742
f 4743 4744 4742
f 4745 4747 4746
f 4747 4748 4746
f 4749 4751 4750
f 4751 4752 4750
f 4753 4755 4754
f 4755 4756 4754
f 4757 4759 4758
f 4759 4760 4758
f 4761 4763 4762
f 4763 4764 4762
f 4765 4767 4766
f 4767 4768 4766
f 4769 4771 4770
f 4771 4772 4770
f 4773 4775 4774
f 4775 4776 4774
f 4777 4779 4778
f 4779 4780 4778
f 4781 4783 4782
f 4783 4784 4782
f 4785 4787 4786
f 4787 4788 4786
f 4789 4791 4790
f 4791 4792 4790
f 4793 4795 4794
f 4795 4796 4794
f 4797 4799 4798
f 4799 4800 4798
f 4801 4803 4802
f 4803 4804 4802
f 4805 4807 4806
f 4807 4808 4806
f 4809 4811 4810
f 4811 4812 4810
f 4813 4815 4814
f 4815 4816 4814
f 4817 4819 4818
f 4819 4820 4818
f 4821 4823 4822
f 4823 4824 4822
f 4825 4827 4826
f 4827 4828 4826
f 4829 4831 4830
f 4831 4832 4830
f 4833 4835 4834
f 4835 4836 4834
f 4837 4839 4838
f 4839 4840 4838
f 4841 4843 4842
f 4843 4844 4842
f 4845 4847 4846
f 4847 4848 4846
f 4849 4851 4850
f 4851 4852 4850
f 4853 4855 4854
f 4855 4856 4854
f 4857 4859 4858
f 4859 4860 4858
f 4861 4863 4862
f 4863 4864 4862
f 4865 4867 4866
f 4867 4868 4866
f 4869 4871 4870
f 4871 4872 4870
f 4873 4875 4874
f 4875 4876 4874
f 4877 4879 4878
f 4879 4880 4878
f 4881 4883 4882
f 4883 4884 4882
f 4885 4887 4886
f 4887 4888 4886
f 4889 4891 4890
f 4891 4892 4890
f 4893 4895 4894
f 4895 4896 4894
f 4897 4899 4898
f 4899 4900 4898
f 4901 4903 4902
f 4903 4904 4902
f 4905 4907 4906
f 4907 4908 4906
f 4909 4911 4910
f 4911 4912 4910
f 4913 4915 4914
f 4915 4916 4914
f 4917 4919 4918
f 4919 4920 4918
f 4921 4923 4922
f 4923 4924 4922
f 4925 4927 4926
f 4927 4928 4926
f 4929 4931 4930
f 4931 4932 4930
f 4933 4935 4934
f 4935 4936 4934
f 4937 4939 4938
f 4939 4940 4938
f 4941 4943 4942
f 4943 4944 4942
f 4945 4947 4946
f 4947 4948 4946
f 4949 4951 4950
f 4951 4952 4950
f 4953 4955 4954
f 4955 4956 4954
f 4957 4959 4958
f 4959 4960 4958
f 4961 4963 4962
f 4963 4964 4962
f 4965 4967 4966
f 4967 4968 4966
f 4969 4971 4970
f 4971 4972 4970
f 4973 4975 4974
f 4975 4976 4974
f 4977 4979 4978
f 4979 4980 4978
f 4981 4983 4982
f 4983 4984 4982
f 4985 4987 4986
f 4987 4988 4986
f 4989 4991 4990
f 4991 4992 4990
f 4993 4995 4994
f 4995 4996 4994
f 4997 4999 4998
f 4999 5000 4998
f 5001 5003 5002
f 5003 5004 5002
f 5005 5007 5006
f 5007 5008 5006
f 5009 5011 5010
f 5011 5012 5010
f 5013 5015 5014
f 5015 5016 5014
f 5017 5019 5018
f 5019 5020 5018
f 5021 5023 5022
f 5023 5024 5022
f 5025 5027 5026
f 5027 5028 5026
f 5029 5031 5030
f 5031 5032 5030
f 5033 5035 5034
f 5035 5036 5034
f 5037 5039 5038
f 5039 5040 5038
f 5041 5043 5042
f 5043 5044 5042
f 5045 5047 5046
f 5047 5048 5046
f 5049 5051 5050
f 5051 5052 5050
f 5053 5055 5054
f 5055 5056 5054
f 5057 5059 5058
f 5059 5060 5058
f 5061 5063 5062
f 5063 5064 5062
f 5065 5067 5066
f 5067 5068 5066
f 5069 5071 5070
f 5071 5072 5070
f 5073 5075 5074
f 5075 5076 5074
f 5077 5079 5078
f 5079 5080 5078
f 5081 5083 5082
f 5083 5084 5082
f 5085 5087 5086
f 5087 5088 5086
f 5089 5091 5090
f 5091 5092 5090
f 5093 5095 5094
f 5095 5096 5094
f 5097 5099 5098
f 5099 5100 5098
f 5101 5103 5102
f 5103 5104 5102
f 5105 5107 5106
f 5107 5108 5106
f 5109 5111 5110
f 5111 5112 5110
f 5113 5115 5114
f 5115 5116 5114
f 5117 5119 5118
f 5119 5120 5118
f 5121 5123 5122
f 5123 5124 5122
f 5125 5127 5126
f 5127 5128 5126
f 5129 5131 5130
f 5131 5132 5130
f 5133 5135 5134
f 5135 5136 5134
f 5137 5139 5138
f 5139 5140 5138
f 5141 5143 5142
f 5143 5144 5142
f 5145 5147 5146
f 5147 5148 5146
f 5149 5151 5150
f 5151 5152 5150
f 5153 5155 5154
f 5155 5156 5154
f 5157 5159 5158
f 5159 5160 5158
f 5161 5163 5162
f 5163 5164 5162
f 5165 5167 5166
f 5167 5168 5166
f 5169 5171 5170
f 5171 5172 5170
f 5173 5175 5174
f 5175 5176 5174
f 5177 5179 5178
f 5179 5180 5178
f 5181 5183 5182
f 5183 5184 5182
f 5185 5187 5186
f 5187 5188 5186
f 5189 5191 5190
f 5191 5192 5190
f 5193 5195 5194
f 5195 5196 5194
f 5197 5199 5198
f 5199 5200 5198
f 5201 5203 5202
f 5203 5204 5202
f 5205 5207 5206
f 5207 5208 5206
f 5209 5211 5210
f 5211 5212 5210
f 5213 5215 5214
f 5215 5216 5214
f 5217 5219 5218
f 5219 5220 5218
f 5221 5223 5222
f 5223 5224 5222
f 5225 5227 5226
f 5227 5228 5226
f 5229 5231 5230
f 5231 5232 5230
f 5233 5235 5234
f 5235 5236 5234
f 5237 5239 5238
f 5239 5240 5238
f 5241 5243 5242
f 5243 5244 5242
f 5245 5247 5246
f 5247 5248 5246
f 5249 5251 5250
f 5251 5252 5250
f 5253 5255 5254
f 5255 5256 5254
f 5257 5259 5258
f 5259 5260 5258
f 5261 5263 5262
f 5263 5264 5262
f 5265 5267 5266
f 5267 5268 5266
f 5269 5271 5270
f 5271 5272 5270
f 5273 5275 5274
f 5275 5276 5274
f 5277 5279 5278
f 5279 5280 5278
f 5281 5283 5282
f 5283 5284 5282
f 5285 5287 5286
f 5287 5288 5286
f 5289 5291 5290
f 5291 5292 5290
f 5293 5295 5294
f 5295 5296 5294
f 5297 5299 5298
f 5299 5300 5298
f 5301 5303 5302
f 5303 5304 5302
f 5305 5307 5306
f 5307 5308 5306
f 5309 5311 5310
f 5311 5312 5310
f 5313 5315 5314
f 5315 5316 5314
f 5317 5319 5318
f 5319 5320 5318
f 5321 5323 5322
f 5323 5324 5322
f 5325 5327 5326
f 5327 5328 5326
f 5329 5331 5330
f 5331 5332 5330
f 5333 5335 5334
f 5335 5336 5334
f 5337 5339 5338
f 5339 5340 5338
f 5341 5343 5342
f 5343 5344 5342
f 5345 5347 5346
f 5347 5348 5346
f 5349 5351 5350
f 5351 5352 5350
f 5353 5355 5354
f 5355 5356 5354
f 5357 5359 5358
f 5359 5360 5358
f 5361 5363 5362
f 5363 5364 5362
f 5365 5367 5366
f 5367 5368 5366
f 5369 5371 5370
f 5371 5372 5370
f 5373 5375 5374
f 5375 5376 5374
f 5377 5379 5378
f 5379 5380 5378
f 5381 5383 5382
f 5383 5384 5382
f 5385 5387 5386
f 5387 5388 5386
f 5389 5391 5390
f 5391 5392 5390
f 5393 5395 5394
f 5395 5396 5394
f 5397 5399 5398
f 5399 5400 5398
f 5401 5403 5402
f 5403 5404 5402
f 5405 5407 5406
f 5407 5408 5406
f 5409 5411 5410
f 5411 5412 5410
f 5413 5415 5414
f 5415 5416 5414
f 5417 5419 5418
f 5419 5420 5418
f 5421 5423 5422
f 5423 5424 5422
f 5425 5427 5426
f 5427 5428 5426
f 5429 5431 5430
f 5431 5432 5430
f 5433 5435 5434
f 5435 5436 5434
f 5437 5439 5438
f 5439 5440 5438
f 5441 5443 5442
f 5443 5444 5442
f 5445 5447 5446
f 5447 5448 5446
f 5449 5451 5450
f 5451 5452 5450
f 5453 5455 5454
f 5455 5456 5454
f 5457 5459 5458
f 5459 5460 5458
f 5461 5463 5462
f 5463 5464 5462
f 5465 5467 5466
f 5467 5468 5466
f 5469 5471 5470
f 5471 5472 5470
f 5473 5475 5474
f 5475 5476 5474
f 5477 5479 5478
f 5479 5480 5478
f 5481 5483 5482
f 5483 5484 5482
f 5485 5487 5486
f 5487 5488 5486
f 5489 5491 5490
f 5491 5492 5490
f 5493 5495 5494
f 5495 5496 5494
f 5497 5499 5498
f 5499 5500 5498
f 5501 5503 5502
f 5503 5504 5502
f 5505 5507 5506
f 5507 5508 5506
f 5509 5511 5510
f 5511 5512 5510
f 5513 5515 5514
f 5515 5516 5514
f 5517 5519 5518
f 5519 5520 5518
f 5521 5523 5522
f 5523 5524 5522
f 5525 5527 5526
f 5527 5528 5526
f 5529 5531 5530
f 5531 5532 5530
f 5533 5535 5534
f 5535 5536 5534
f 5537 5539 5538
f 5539 5540 5538
f 5541 5543 5542
f 5543 5544 5542
f 5545 5547 5546
f 5547 5548 5546
f 5549 5551 5550
f 5551 5552 5550
f 5553 5555 5554
f 5555 5556 5554
f 5557 5559 5558
f 5559 5560 5558
f 5561 5563 5562
f 5563 5564 5562
f 5565 5567 5566
f 5567 5568 5566
f 5569 5571 5570
f 5571 5572 5570
f 5573 5575 5574
f 5575 5576 5574
f 5577 5579 5578
f 5579 5580 5578
f 5581 5583 5582
f 5583 5584 5582
f 5585 5587 5586
f 5587 5588 5586
f 5589 5591 5590
f 5591 5592 5590
f 5593 5595 5594
f 5595 5596 5594
f 5597 5599 5598
f 5599 5600 5598
f 5601 5603 5602
f 5603 5604 5602
f 5605 5607 5606
f 5607 5608 5606
f 5609 5611 5610
f 5611 5612 5610
f 5613 5615 5614
f 5615 5616 5614
f 5617 5619 5618
f 5619 5620 5618
f 5621 5623 5622
f 5623 5624 5622
f 5625 5627 5626
f 5627 5628 5626
f 5629 5631 5630
f 5631 5632 5630
f 5633 5635 5634
f 5635 5636 5634
f 5637 5639 5638
f 5639 5640 5638
f 5641 5643 5642
f 5643 5644 5642
f 5645 5647 5646
f 5647 5648 5646
f 5649 5651 5650
f 5651 5652 5650
f 5653 5655 5654
f 5655 5656 5654
f 5657 5659 5658
f 5659 5660 5658
f 5661 5663 5662
f 5663 5664 5662
f 5665 5667 5666
f 5667 5668 5666
f 5669 5671 5670
f 5671 5672 5670
f 5673 5675 5674
f 5675 5676 5674
f 5677 5679 5678
f 5679 5680 5678
f 5681 5683 5682
f 5683 5684 5682
f 5685 5687 5686
f 5687 5688 5686
f 5689 5691 5690
f 5691 5692 5690
f 5693 5695 5694
f 5695 5696 5694
f 5697 5699 5698
f 5699 5700 5698
f 5701 5703 5702
f 5703 5704 5702
f 5705 5707 5706
f 5707 5708 5706
f 5709 5711 5710
f 5711 5712 5710
f 5713 5715 5714
f 5715 5716 5714
f 5717 5719 5718
f 5719 5720 5718
f 5721 5723 5722
f 5723 5724 5722
f 5725 5727 5726
f 5727 5728 5726
f 5729 5731 5730
f 5731 5732 5730
f 5733 5735 5734
f 5735 5736 5734
f 5737 5739 5738
f 5739 5740 5738
f 5741 5743 5742
f 5743 5744 5742
f 5745 5747 5746
f 5747 5748 5746
f 5749 5751 5750
f 5751 5752 5750
f 5753 5755 5754
f 5755 5756 5754
f 5757 5759 5758
f 5759 5760 5758
f 5761 5763 5762
f 5763 5764 5762
f 5765 5767 5766
f 5767 5768 5766
f 5769 5771 5770
f 5771 5772 5770
f 5773 5775 5774
f 5775 5776 5774
f 5777 5779 5778
f 5779 5780 5778
f 5781 5783 5782
f 5783 5784 5782
f 5785 5787 5786
f 5787 5788 5786
f 5789 5791 5790
f 5791 5792 5790
f 5793 5795 5794
f 5795 5796 5794
f 5797 5799 5798
f 5799 5800 5798
f 5801 5803 5802
f 5803 5804 5802
f 5805 5807 5806
f 5807 5808 5806
f 5809 5811 5810
f 5811 5812 5810
f 5813 5815 5814
f 5815 5816 5814
f 5817 5819 5818
f 5819 5820 5818
f 5821 5823 5822
f 5823 5824 5822
f 5825 5827 5826
f 5827 5828 5826
f 5829 5831 5830
f 5831 5832 5830
f 5833 5835 5834
f 5835 5836 5834
f 5837 5839 5838
f 5839 5840 5838
f 5841 5843 5842
f 5843 5844 5842
f 5845 5847 5846
f 5847 5848 5846
f 5849 5851 5850
f 5851 5852 5850
f 5853 5855 5854
f 5855 5856 5854
f 5857 5859 5858
f 5859 5860 5858
f 5861 5863 5862
f 5863 5864 5862
f 5865 5867 5866
f 5867 5868 5866
f 5869 5871 5870
f 5871 5872 5870
f 5873 5875 5874
f 5875 5876 5874
f 5877 5879 5878
f 5879 5880 5878
f 5881 5883 5882
f 5883 5884 5882
f 5885 5887 5886
f 5887 5888 5886
f 5889 5891 5890
f 5891 5892 5890
f 5893 5895 5894
f 5895 5896 5894
f 5897 5899 5898
f 5899 5900 5898
f 5901 5903 5902
f 5903 5904 5902
f 5905 5907 5906
f 5907 5908 5906
f 5909 5911 5910
f 5911 5912 5910
f 5913 5915 5914
f 5915 5916 5914
f 5917 5919 5918
f 5919 5920 5918
f 5921 5923 5922
f 5923 5924 5922
f 5925 5927 5926
f 5927 5928 5926
f 5929 5931 5930
f 5931 5932 5930
f 5933 5935 5934
f 5935 5936 5934
f 5937 5939 5938
f 5939 5940 5938
f 5941 5943 5942
f 5943 5944 5942
f 5945 5947 5946
f 5947 5948 5946
f 5949 5951 5950
f 5951 5952 5950
f 5953 5955 5954
f 5955 5956 5954
f 5957 5959 5958
f 5959 5960 5958
f 5961 5963 5962
f 5963 5964 5962
f 5965 5967 5966
f 5967 5968 5966
f 5969 5971 5970
f 5971 5972 5970
f 5973 5975 5974
f 5975 5976 5974
f 5977 5979 5978
f 5979 5980 5978
f 5981 5983 5982
f 5983 5984 5982
f 5985 5987 5986
f 5987 5988 5986
f 5989 5991 5990
f 5991 5992 5990
f 5993 5995 5994
f 5995 5996 5994
f 5997 5999 5998
f 5999 6000 5998
f 6001 6003 6002
f 6003 6004 6002
f 6005 6007 6006
f 6007 6008 6006
f 6009 6011 6010
f 6011 6012 6010
f 6013 6015 6014
f 6015 6016 6014
f 6017 6019 6018
f 6019 6020 6018
f 6021 6023 6022
f 6023 6024 6022
f 6025 6027 6026
f 6027 6028 6026
f 6029 6031 6030
f 6031 6032 6030
f 6033 6035 6034
f 6035 6036 6034
f 6037 6039 6038
f 6039 6040 6038
f 6041 6043 6042
f 6043 6044 6042
f 6045 6047 6046
f 6047 6048 6046
f 6049 6051 6050
f 6051 6052 6050
f 6053 6055 6054
f 6055 6056 6054
f 6057 6059 6058
f 6059 6060 6058
f 6061 6063 6062
f 6063 6064 6062
f 6065 6067 6066
f 6067 6068 6066
f 6069 6071 6070
f 6071 6072 6070
f 6073 6075 6074
f 6075 6076 6074
f 6077 6079 6078
f 6079 6080 6078
f 6081 6083 6082
f 6083 6084 6082
f 6085 6087 6086
f 6087 6088 6086
f 6089 6091 6090
f 6091 6092 6090
f 6093 6095 6094
f 6095 6096 6094
f 6097 6099 6098
f 6099 6100 6098
f 6101 6103 6102
f 6103 6104 6102
f 6105 6107 6106
f 6107 6108 6106
f 6109 6111 6110
f 6111 6112 6110
f 6113 6115 6114
f 6115 6116 6114
f 6117 6119 6118
f 6119 6120 6118
f 6121 6123 6122
f 6123 6124 6122
f 6125 6127 6126
f 6127 6128 6126
f 6129 6131 6130
f 6131 6132 6130
f 6133 6135 6134
f 6135 6136 6134
f 6137 6139 6138
f 6139 6140 6138
f 6141 6143 6142
f 6143 6144 6142
f 6145 6147 6146
f 6147 6148 6146
f 6149 6151 6150
f 6151 6152 6150
f 6153 6155 6154
f 6155 6156 6154
f 6157 6159 6158
f 6159 6160 6158
f 6161 6163 6162
f 6163 6164 6162
f 6165 6167 6166
f 6167 6168 6166
f 6169 6171 6170
f 6171 6172 6170
f 6173 6175 6174
f 6175 6176 6174
f 6177 6179 6178
f 6179 6180 6178
f 6181 6183 6182
f 6183 6184 6182
f 6185 6187 6186
f 6187 6188 6186
f 6189 6191 6190
f 6191 6192 6190
f 6193 6195 6194
f 6195 6196 6194
f 6197 6199 6198
f 6199 6200 6198
f 6201 6203 6202
f 6203 6204 6202
f 6205 6207 6206
f 6207 6208 6206
f 6209 6211 6210
f 6211 6212 6210
f 6213 6215 6214
f 6215 6216 6214
f 6217 6219 6218
f 6219 6220 6218
f 6221 6223 6222
f 6223 6224 6222
f 6225 6227 6226
f 6227 6228 6226
f 6229 6231 6230
f 6231 6232 6230
f 6233 6235 6234
f 6235 6236 6234
f 6237 6239 6238
f 6239 6240 6238
f 6241 6243 6242
f 6243 6244 6242
f 6245 6247 6246
f 6247 6248 6246
f 6249 6251 6250
f 6251 6252 6250
f 6253 6255 6254
f 6255 6256 6254
f 6257 6259 6258
f 6259 6260 6258
f 6261 6263 6262
f 6263 6264 6262
f 6265 6267 6266
f 6267 6268 6266
f 6269 6271 6270
f 6271 6272 6270
f 6273 6275 6274
f 6275 6276 6274
f 6277 6279 6278
f 6279 6280 6278
f 6281 6283 6282
f 6283 6284 6282
f 6285 6287 6286
f 6287 6288 6286
f 6289 6291 6290
f 6291 6292 6290
f 6293 6295 6294
f 6295 6296 6294
f 6297 6299 6298
f 6299 6300 6298
f 6301 6303 6302
f 6303 6304 6302
f 6305 6307 6306
f 6307 6308 6306
f 6309 6311 6310
f 6311 6312 6310
f 6313 6315 6314
f 6315 6316 6314
f 6317 6319 6318
f 6319 6320 6318
f 6321 6323 6322
f 6323 6324 6322
f 6325 6327 6326
f 6327 6328 6326
f 6329 6331 6330
f 6331 6332 6330
f 6333 6335 6334
f 6335 6336 6334
f 6337 6339 6338
f 6339 6340 6338
f 6341 6343 6342
f 6343 6344 6342
f 6345 6347 6346
f 6347 6348 6346
f 6349 6351 6350
f 6351 6352 6350
f 6353 6355 6354
f 6355 6356 6354
f 6357 6359 6358
f 6359 6360 6358
f 6361 6363 6362
f 6363 6364 6362
f 6365 6367 6366
f 6367 6368 6366
f 6369 6371 6370
f 6371 6372 6370
f 6373 6375 6374
f 6375 6376 6374
f 6377 6379 6378
f 6379 6380 6378
f 6381 6383 6382
f 6383 6384 6382
f 6385 6387 6386
f 6387 6388 6386
f 6389 6391 6390
f 6391 6392 6390
f 6393 6395 6394
f 6395 6396 6394
f 6397 6399 6398
f 6399 6400 6398
f 6401 6403 6402
f 6403 6404 6402
f 6405 6407 6406
f 6407 6408 6406
f 6409 6411 6410
f 6411 6412 6410
f 6413 6415 6414
f 6415 6416 6414
f 6417 6419 6418
f 6419 6420 6418
f 6421 6423 6422
f 6423 6424 6422
f 6425 6427 6426
f 6427 6428 6426
f 6429 6431 6430
f 6431 6432 6430
f 6433 6435 6434
f 6435 6436 6434
f 6437 6439 6438
f 6439 6440 6438
f 6441 6443 6442
f 6443 6444 6442
f 6445 6447 6446
f 6447 6448 6446
f 6449 6451 6450
f 6451 6452 6450
f 6453 6455 6454
f 6455 6456 6454
f 6457 6459 6458
f 6459 6460 6458
f 6461 6463 6462
f 6463 6464 6462
f 6465 6467 6466
f 6467 6468 6466
f 6469 6471 6470
f 6471 6472 6470
f 6473 6475 6474
f 6475 6476 6474
f 6477 6479 6478
f 6479 6480 6478
f 6481 6483 6482
f 6483 6484 6482
f 6485 6487 6486
f 6487 6488 6486
f 6489 6491 6490
f 6491 6492 6490
f 6493 6495 6494
f 6495 6496 6494
f 6497 6499 6498
f 6499 6500 6498
f 6501 6503 6502
f 6503 6504 6502
f 6505 6507 6506
f 6507 6508 6506
f 6509 6511 6510
f 6511 6512 6510
f 6513 6515 6514
f 6515 6516 6514
f 6517 6519 6518
f 6519 6520 6518
f 6521 6523 6522
f 6523 6524 6522
f 6525 6527 6526
f 6527 6528 6526
f 6529 6531 6530
f 6531 6532 6530
f 6533 6535 6534
f 6535 6536 6534
f 6537 6539 6538
f 6539 6540 6538
f 6541 6543 6542
f 6543 6544 6542
f 6545 6547 6546
f 6547 6548 6546
f 6549 6551 6550
f 6551 6552 6550
f 6553 6555 6554
f 6555 6556 6554
f 6557 6559 6558
f 6559 6560 6558
f 6561 6563 6562
f 6563 6564 6562
f 6565 6567 6566
f 6567 6568 6566
f 6569 6571 6570
f 6571 6572 6570
f 6573 6575 6574
f 6575 6576 6574
f 6577 6579 6578
f 6579 6580 6578
f 6581 6583 6582
f 6583 6584 6582
f 6585 6587 6586
f 6587 6588 6586
f 6589 6591 6590
f 6591 6592 6590
f 6593 6595 6594
f 6595 6596 6594
f 6597 6599 6598
f 6599 6600 6598
f 6601 6603 6602
f 6603 6604 6602
f 6605 6607 6606
f 6607 6608 6606
f 6609 6611 6610
f 6611 6612 6610
f 6613 6615 6614
f 6615 6616 6614
f 6617 6619 6618
f 6619 6620 6618
f 6621 6623 6622
f 6623 6624 6622
v -1.12890 1.37190 0.04500
v -1.12890 1.37190 0.02500
v -1.12890 1.36050 0.04500
v -1.12890 1.36050 0.02500
v -1.14030 1.37190 0.02500
v -1.14030 1.37190 0.04500
v -1.14030 1.36050 0.02500
v -1.14030 1.36050 0.04500
v -1.14030 1.37190 0.02500
v -1.12890 1.37190 0.02500
v -1.14030 1.37190 0.04500
v -1.12890 1.37190 0.04500
v -1.14030 1.36050 0.04500
v -1.12890 1.36050 0.04500
v -1.14030 1.36050 0.02500
v -1.12890 1.36050 0.02500
v -1.14030 1.37190 0.04500
v -1.12890 1.37190 0.04500
v -1.14030 1.36050 0.04500
v -1.12890 1.36050 0.04500
v -1.12890 1.37190 0.02500
v -1.14030 1.37190 0.02500
v -1.12890 1.36050 0.02500
v -1.14030 1.36050 0.02500
v -1.11650 1.37190 0.04500
v -1.11650 1.37190 0.02500
v -1.11650 1.36050 0.04500
v -1.11650 1.36050 0.02500
v -1.12790 1.37190 0.02500
v -1.12790 1.37190 0.04500
v -1.12790 1.36050 0.02500
v -1.12790 1.36050 0.04500
v -1.12790 1.37190 0.02500
v -1.11650 1.37190 0.02500
v -1.12790 1.37190 0.04500
v -1.11650 1.37190 0.04500
v -1.12790 1.36050 0.04500
v -1.11650 1.36050 0.04500
v -1.12790 1.36050 0.02500
v -1.11650 1.36050 0.02500
v -1.12790 1.37190 0.04500
v -1.11650 1.37190 0.04500
v -1.12790 1.36050 0.04500
v -1.11650 1.36050 0.04500
v -1.11650 1.37190 0.02500
v -1.12790 1.37190 0.02500
v -1.11650 1.36050 0.02500
v -1.12790 1.36050 0.02500
v -1.10410 1.37190 0.04500
v -1.10410 1.37190 0.02500
v -1.10410 1.36050 0.04500
v -1.10410 1.36050 0.02500
v -1.11550 1.37190 0.02500
v -1.11550 1.37190 0.04500
v -1.11550 1.36050 0.02500
v -1.11550 1.36050 0.04500
v -1.11550 1.37190 0.02500
v -1.10410 1.37190 0.02500
v -1.11550 1.37190 0.04500
v -1.10410 1.37190 0.04500
v -1.11550 1.36050 0.04500
v -1.10410 1.36050 0.04500
v -1.11550 1.36050 0.02500
v -1.10410 1.36050 0.02500
v -1.11550 1.37190 0.04500
v -1.10410 1.37190 0.04500
v -1.11550 1.36050 0.04500
v -1.10410 1.36050 0.04500
v -1.10410 1.37190 0.02500
v -1.11550 1.37190 0.02500
v -1.10410 1.36050 0.02500
v -1.11550 1.36050 0.02500
v -1.14130 1.35950 0.04500
v -1.14130 1.35950 0.02500
v -1.14130 1.34810 0.04500
v -1.14130 1.34810 0.02500
v -1.15270 1.35950 0.02500
v -1.15270 1.35950 0.04500
v -1.15270 1.34810 0.02500
v -1.15270 1.34810 0.04500
v -1.15270 1.35950 0.02500
v -1.14130 1.35950 0.02500
v -1.15270 1.35950 0.04500
v -1.14130 1.35950 0.04500
v -1.15270 1.34810 0.04500
v -1.14130 1.34810 0.04500
v -1.15270 1.34810 0.02500
v -1.14130 1.34810 0.02500
v -1.15270 1.35950 0.04500
v -1.14130 1.35950 0.04500
v -1.15270 1.34810 0.04500
v -1.14130 1.34810 0.04500
v -1.14130 1.35950 0.02500
v -1.15270 1.35950 0.02500
v -1.14130 1.34810 0.02500
v -1.15270 1.34810 0.02500
v -1.09170 1.35950 0.04500
v -1.09170 1.35950 0.02500
v -1.09170 1.34810 0.04500
v -1.09170 1.34810 0.02500
v -1.10310 1.35950 0.02500
v -1.10310 1.35950 0.04500
v -1.10310 1.34810 0.02500
v -1.10310 1.34810 0.04500
v -1.10310 1.35950 0.02500
v -1.09170 1.35950 0.02500
v -1.10310 1.35950 0.04500
v -1.09170 1.35950 0.04500
v -1.10310 1.34810 0.04500
v -1.09170 1.34810 0.04500
v -1.10310 1.34810 0.02500
v -1.09170 1.34810 0.02500
v -1.10310 1.35950 0.04500
v -1.09170 1.35950 0.04500
v -1.10310 1.34810 0.04500
v -1.09170 1.34810 0.04500
v -1.09170 1.35950 0.02500
v -1.10310 1.35950 0.02500
v -1.09170 1.34810 0.02500
v -1.10310 1.34810 0.02500
v -1.14130 1.34710 0.04500
v -1.14130 1.34710 0.02500
v -1.14130 1.33570 0.04500
v -1.14130 1.33570 0.02500
v -1.15270 1.34710 0.02500
v -1.15270 1.34710 0.04500
v -1.15270 1.33570 0.02500
v -1.15270 1.33570 0.04500
v -1.15270 1.34710 0.02500
v -1.14130 1.34710 0.02500
v -1.15270 1.34710 0.04500
v -1.14130 1.34710 0.04500
v -1.15270 1.33570 0.04500
v -1.14130 1.33570 0.04500
v -1.15270 1.33570 0.02500
v -1.14130 1.33570 0.02500
v -1.15270 1.34710 0.04500
v -1.14130 1.34710 0.04500
v -1.15270 1.33570 0.04500
v -1.14130 1.33570 0.04500
v -1.14130 1.34710 0.02500
v -1.15270 1.34710 0.02500
v -1.14130 1.33570 0.02500
v -1.15270 1.33570 0.02500
v -1.09170 1.34710 0.04500
v -1.09170 1.34710 0.02500
v -1.09170 1.33570 0.04500
v -1.09170 1.33570 0.02500
v -1.10310 1.34710 0.02500
v -1.10310 1.34710 0.04500
v -1.10310 1.33570 0.02500
v -1.10310 1.33570 0.04500
v -1.10310 1.34710 0.02500
v -1.09170 1.34710 0.02500
v -1.10310 1.34710 0.04500
v -1.09170 1.34710 0.04500
v -1.10310 1.33570 0.04500
v -1.09170 1.33570 0.04500
v -1.10310 1.33570 0.02500
v -1.09170 1.33570 0.02500
v -1.10310 1.34710 0.04500
v -1.09170 1.34710 0.04500
v -1.10310 1.33570 0.04500
v -1.09170 1.33570 0.04500
v -1.09170 1.34710 0.02500
v -1.10310 1.34710 0.02500
v -1.09170 1.33570 0.02500
v -1.10310 1.33570 0.02500
v -1.14130 1.33470 0.04500
v -1.14130 1.33470 0.02500
v -1.14130 1.32330 0.04500
v -1.14130 1.32330 0.02500
v -1.15270 1.33470 0.02500
v -1.15270 1.33470 0.04500
v -1.15270 1.32330 0.02500
v -1.15270 1.32330 0.04500
v -1.15270 1.33470 0.02500
v -1.14130 1.33470 0.02500
v -1.15270 1.33470 0.04500
v -1.14130 1.33470 0.04500
v -1.15270 1.32330 0.04500
v -1.14130 1.32330 0.04500
v -1.15270 1.32330 0.02500
v -1.14130 1.32330 0.02500
v -1.15270 1.33470 0.04500
v -1.14130 1.33470 0.04500
v -1.15270 1.32330 0.04500
v -1.14130 1.32330 0.04500
v -1.14130 1.33470 0.02500
v -1.15270 1.33470 0.02500
v -1.14130 1.32330 0.02500
v -1.15270 1.32330 0.02500
v -1.12890 1.33470 0.04500
v -1.12890 1.33470 0.02500
v -1.12890 1.32330 0.04500
v -1.12890 1.32330 0.02500
v -1.14030 1.33470 0.02500
v -1.14030 1.33470 0.04500
v -1.14030 1.32330 0.02500
v -1.14030 1.32330 0.04500
v -1.14030 1.33470 0.02500
v -1.12890 1.33470 0.02500
v -1.14030 1.33470 0.04500
v -1.12890 1.33470 0.04500
v -1.14030 1.32330 0.04500
v -1.12890 1.32330 0.04500
v -1.14030 1.32330 0.02500
v -1.12890 1.32330 0.02500
v -1.14030 1.33470 0.04500
v -1.12890 1.33470 0.04500
v -1.14030 1.32330 0.04500
v -1.12890 1.32330 0.04500
v -1.12890 1.33470 0.02500
v -1.14030 1.33470 0.02500
v -1.12890 1.32330 0.02500
v -1.14030 1.32330 0.02500
v -1.11650 1.33470 0.04500
v -1.11650 1.33470 0.02500
v -1.11650 1.32330 0.04500
v -1.11650 1.32330 0.02500
v -1.12790 1.33470 0.02500
v -1.12790 1.33470 0.04500
v -1.12790 1.32330 0.02500
v -1.12790 1.32330 0.04500
v -1.12790 1.33470 0.02500
v -1.11650 1.33470 0.02500
v -1.12790 1.33470 0.04500
v -1.11650 1.33470 0.04500
v -1.12790 1.32330 0.04500
v -1.11650 1.32330 0.04500
v -1.12790 1.32330 0.02500
v -1.11650 1.32330 0.02500
v -1.12790 1.33470 0.04500
v -1.11650 1.33470 0.04500
v -1.12790 1.32330 0.04500
v -1.11650 1.32330 0.04500
v -1.11650 1.33470 0.02500
v -1.12790 1.33470 0.02500
v -1.11650 1.32330 0.02500
v -1.12790 1.32330 0.02500
v -1.10410 1.33470 0.04500
v -1.10410 1.33470 0.02500
v -1.10410 1.32330 0.04500
v -1.10410 1.32330 0.02500
v -1.11550 1.33470 0.02500
v -1.11550 1.33470 0.04500
v -1.11550 1.32330 0.02500
v -1.11550 1.32330 0.04500
v -1.11550 1.33470 0.02500
v -1.10410 1.33470 0.02500
v -1.11550 1.33470 0.04500
v -1.10410 1.33470 0.04500
v -1.11550 1.32330 0.04500
v -1.10410 1.32330 0.04500
v -1.11550 1.32330 0.02500
v -1.10410 1.32330 0.02500
v -1.11550 1.33470 0.04500
v -1.10410 1.33470 0.04500
v -1.11550 1.32330 0.04500
v -1.10410 1.32330 0.04500
v -1.10410 1.33470 0.02500
v -1.11550 1.33470 0.02500
v -1.10410 1.32330 0.02500
v -1.11550 1.32330 0.02500
v -1.09170 1.33470 0.04500
v -1.09170 1.33470 0.02500
v -1.09170 1.32330 0.04500
v -1.09170 1.32330 0.02500
v -1.10310 1.33470 0.02500
v -1.10310 1.33470 0.04500
v -1.10310 1.32330 0.02500
v -1.10310 1.32330 0.04500
v -1.10310 1.33470 0.02500
v -1.09170 1.33470 0.02500
v -1.10310 1.33470 0.04500
v -1.09170 1.33470 0.04500
v -1.10310 1.32330 0.04500
v -1.09170 1.32330 0.04500
v -1.10310 1.32330 0.02500
v -1.09170 1.32330 0.02500
v -1.10310 1.33470 0.04500
v -1.09170 1.33470 0.04500
v -1.10310 1.32330 0.04500
v -1.09170 1.32330 0.04500
v -1.09170 1.33470 0.02500
v -1.10310 1.33470 0.02500
v -1.09170 1.32330 0.02500
v -1.10310 1.32330 0.02500
v -1.14130 1.32230 0.04500
v -1.14130 1.32230 0.02500
v -1.14130 1.31090 0.04500
v -1.14130 1.31090 0.02500
v -1.15270 1.32230 0.02500
v -1.15270 1.32230 0.04500
v -1.15270 1.31090 0.02500
v -1.15270 1.31090 0.04500
v -1.15270 1.32230 0.02500
v -1.14130 1.32230 0.02500
v -1.15270 1.32230 0.04500
v -1.14130 1.32230 0.04500
v -1.15270 1.31090 0.04500
v -1.14130 1.31090 0.04500
v -1.15270 1.31090 0.02500
v -1.14130 1.31090 0.02500
v -1.15270 1.32230 0.04500
v -1.14130 1.32230 0.04500
v -1.15270 1.31090 0.04500
v -1.14130 1.31090 0.04500
v -1.14130 1.32230 0.02500
v -1.15270 1.32230 0.02500
v -1.14130 1.31090 0.02500
v -1.15270 1.31090 0.02500
v -1.09170 1.32230 0.04500
v -1.09170 1.32230 0.02500
v -1.09170 1.31090 0.04500
v -1.09170 1.31090 0.02500
v -1.10310 1.32230 0.02500
v -1.10310 1.32230 0.04500
v -1.10310 1.31090 0.02500
v -1.10310 1.31090 0.04500
v -1.10310 1.32230 0.02500
v -1.09170 1.32230 0.02500
v -1.10310 1.32230 0.04500
v -1.09170 1.32230 0.04500
v -1.10310 1.31090 0.04500
v -1.09170 1.31090 0.04500
v -1.10310 1.31090 0.02500
v -1.09170 1.31090 0.02500
v -1.10310 1.32230 0.04500
v -1.09170 1.32230 0.04500
v -1.10310 1.31090 0.04500
v -1.09170 1.31090 0.04500
v -1.09170 1.32230 0.02500
v -1.10310 1.32230 0.02500
v -1.09170 1.31090 0.02500
v -1.10310 1.31090 0.02500
v -1.14130 1.30990 0.04500
v -1.14130 1.30990 0.02500
v -1.14130 1.29850 0.04500
v -1.14130 1.29850 0.02500
v -1.15270 1.30990 0.02500
v -1.15270 1.30990 0.04500
v -1.15270 1.29850 0.02500
v -1.15270 1.29850 0.04500
v -1.15270 1.30990 0.02500
v -1.14130 1.30990 0.02500
v -1.15270 1.30990 0.04500
v -1.14130 1.30990 0.04500
v -1.15270 1.29850 0.04500
v -1.14130 1.29850 0.04500
v -1.15270 1.29850 0.02500
v -1.14130 1.29850 0.02500
v -1.15270 1.30990 0.04500
v -1.14130 1.30990 0.04500
v -1.15270 1.29850 0.04500
v -1.14130 1.29850 0.04500
v -1.14130 1.30990 0.02500
v -1.15270 1.30990 0.02500
v -1.14130 1.29850 0.02500
v -1.15270 1.29850 0.02500
v -1.09170 1.30990 0.04500
v -1.09170 1.30990 0.02500
v -1.09170 1.29850 0.04500
v -1.09170 1.29850 0.02500
v -1.10310 1.30990 0.02500
v -1.10310 1.30990 0.04500
v -1.10310 1.29850 0.02500
v -1.10310 1.29850 0.04500
v -1.10310 1.30990 0.02500
v -1.09170 1.30990 0.02500
v -1.10310 1.30990 0.04500
v -1.09170 1.30990 0.04500
v -1.10310 1.29850 0.04500
v -1.09170 1.29850 0.04500
v -1.10310 1.29850 0.02500
v -1.09170 1.29850 0.02500
v -1.10310 1.30990 0.04500
v -1.09170 1.30990 0.04500
v -1.10310 1.29850 0.04500
v -1.09170 1.29850 0.04500
v -1.09170 1.30990 0.02500
v -1.10310 1.30990 0.02500
v -1.09170 1.29850 0.02500
v -1.10310 1.29850 0.02500
v -1.14130 1.29750 0.04500
v -1.14130 1.29750 0.02500
v -1.14130 1.28610 0.04500
v -1.14130 1.28610 0.02500
v -1.15270 1.29750 0.02500
v -1.15270 1.29750 0.04500
v -1.15270 1.28610 0.02500
v -1.15270 1.28610 0.04500
v -1.15270 1.29750 0.02500
v -1.14130 1.29750 0.02500
v -1.15270 1.29750 0.04500
v -1.14130 1.29750 0.04500
v -1.15270 1.28610 0.04500
v -1.14130 1.28610 0.04500
v -1.15270 1.28610 0.02500
v -1.14130 1.28610 0.02500
v -1.15270 1.29750 0.04500
v -1.14130 1.29750 0.04500
v -1.15270 1.28610 0.04500
v -1.14130 1.28610 0.04500
v -1.14130 1.29750 0.02500
v -1.15270 1.29750 0.02500
v -1.14130 1.28610 0.02500
v -1.15270 1.28610 0.02500
v -1.09170 1.29750 0.04500
v -1.09170 1.29750 0.02500
v -1.09170 1.28610 0.04500
v -1.09170 1.28610 0.02500
v -1.10310 1.29750 0.02500
v -1.10310 1.29750 0.04500
v -1.10310 1.28610 0.02500
v -1.10310 1.28610 0.04500
v -1.10310 1.29750 0.02500
v -1.09170 1.29750 0.02500
v -1.10310 1.29750 0.04500
v -1.09170 1.29750 0.04500
v -1.10310 1.28610 0.04500
v -1.09170 1.28610 0.04500
v -1.10310 1.28610 0.02500
v -1.09170 1.28610 0.02500
v -1.10310 1.29750 0.04500
v -1.09170 1.29750 0.04500
v -1.10310 1.28610 0.04500
v -1.09170 1.28610 0.04500
v -1.09170 1.29750 0.02500
v -1.10310 1.29750 0.02500
v -1.09170 1.28610 0.02500
v -1.10310 1.28610 0.02500
v -1.06690 1.37190 0.04500
v -1.06690 1.37190 0.02500
v -1.06690 1.36050 0.04500
v -1.06690 1.36050 0.02500
v -1.07830 1.37190 0.02500
v -1.07830 1.37190 0.04500
v -1.07830 1.36050 0.02500
v -1.07830 1.36050 0.04500
v -1.07830 1.37190 0.02500
v -1.06690 1.37190 0.02500
v -1.07830 1.37190 0.04500
v -1.06690 1.37190 0.04500
v -1.07830 1.36050 0.04500
v -1.06690 1.36050 0.04500
v -1.07830 1.36050 0.02500
v -1.06690 1.36050 0.02500
v -1.07830 1.37190 0.04500
v -1.06690 1.37190 0.04500
v -1.07830 1.36050 0.04500
v -1.06690 1.36050 0.04500
v -1.06690 1.37190 0.02500
v -1.07830 1.37190 0.02500
v -1.06690 1.36050 0.02500
v -1.07830 1.36050 0.02500
v -1.01730 1.37190 0.04500
v -1.01730 1.37190 0.02500
v -1.01730 1.36050 0.04500
v -1.01730 1.36050 0.02500
v -1.02870 1.37190 0.02500
v -1.02870 1.37190 0.04500
v -1.02870 1.36050 0.02500
v -1.02870 1.36050 0.04500
v -1.02870 1.37190 0.02500
v -1.01730 1.37190 0.02500
v -1.02870 1.37190 0.04500
v -1.01730 1.37190 0.04500
v -1.02870 1.36050 0.04500
v -1.01730 1.36050 0.04500
v -1.02870 1.36050 0.02500
v -1.01730 1.36050 0.02500
v -1.02870 1.37190 0.04500
v -1.01730 1.37190 0.04500
v -1.02870 1.36050 0.04500
v -1.01730 1.36050 0.04500
v -1.01730 1.37190 0.02500
v -1.02870 1.37190 0.02500
v -1.01730 1.36050 0.02500
v -1.02870 1.36050 0.02500
v -1.06690 1.35950 0.04500
v -1.06690 1.35950 0.02500
v -1.06690 1.34810 0.04500
v -1.06690 1.34810 0.02500
v -1.07830 1.35950 0.02500
v -1.07830 1.35950 0.04500
v -1.07830 1.34810 0.02500
v -1.07830 1.34810 0.04500
v -1.07830 1.35950 0.02500
v -1.06690 1.35950 0.02500
v -1.07830 1.35950 0.04500
v -1.06690 1.35950 0.04500
v -1.07830 1.34810 0.04500
v -1.06690 1.34810 0.04500
v -1.07830 1.34810 0.02500
v -1.06690 1.34810 0.02500
v -1.07830 1.35950 0.04500
v -1.06690 1.35950 0.04500
v -1.07830 1.34810 0.04500
v -1.06690 1.34810 0.04500
v -1.06690 1.35950 0.02500
v -1.07830 1.35950 0.02500
v -1.06690 1.34810 0.02500
v -1.07830 1.34810 0.02500
v -1.05450 1.35950 0.04500
v -1.05450 1.35950 0.02500
v -1.05450 1.34810 0.04500
v -1.05450 1.34810 0.02500
v -1.06590 1.35950 0.02500
v -1.06590 1.35950 0.04500
v -1.06590 1.34810 0.02500
v -1.06590 1.34810 0.04500
v -1.06590 1.35950 0.02500
v -1.05450 1.35950 0.02500
v -1.06590 1.35950 0.04500
v -1.05450 1.35950 0.04500
v -1.06590 1.34810 0.04500
v -1.05450 1.34810 0.04500
v -1.06590 1.34810 0.02500
v -1.05450 1.34810 0.02500
v -1.06590 1.35950 0.04500
v -1.05450 1.35950 0.04500
v -1.06590 1.34810 0.04500
v -1.05450 1.34810 0.04500
v -1.05450 1.35950 0.02500
v -1.06590 1.35950 0.02500
v -1.05450 1.34810 0.02500
v -1.06590 1.34810 0.02500
v -1.01730 1.35950 0.04500
v -1.01730 1.35950 0.02500
v -1.01730 1.34810 0.04500
v -1.01730 1.34810 0.02500
v -1.02870 1.35950 0.02500
v -1.02870 1.35950 0.04500
v -1.02870 1.34810 0.02500
v -1.02870 1.34810 0.04500
v -1.02870 1.35950 0.02500
v -1.01730 1.35950 0.02500
v -1.02870 1.35950 0.04500
v -1.01730 1.35950 0.04500
v -1.02870 1.34810 0.04500
v -1.01730 1.34810 0.04500
v -1.02870 1.34810 0.02500
v -1.01730 1.34810 0.02500
v -1.02870 1.35950 0.04500
v -1.01730 1.35950 0.04500
v -1.02870 1.34810 0.04500
v -1.01730 1.34810 0.04500
v -1.01730 1.35950 0.02500
v -1.02870 1.35950 0.02500
v -1.01730 1.34810 0.02500
v -1.02870 1.34810 0.02500
v -1.06690 1.34710 0.04500
v -1.06690 1.34710 0.02500
v -1.06690 1.33570 0.04500
v -1.06690 1.33570 0.02500
v -1.07830 1.34710 0.02500
v -1.07830 1.34710 0.04500
v -1.07830 1.33570 0.02500
v -1.07830 1.33570 0.04500
v -1.07830 1.34710 0.02500
v -1.06690 1.34710 0.02500
v -1.07830 1.34710 0.04500
v -1.06690 1.34710 0.04500
v -1.07830 1.33570 0.04500
v -1.06690 1.33570 0.04500
v -1.07830 1.33570 0.02500
v -1.06690 1.33570 0.02500
v -1.07830 1.34710 0.04500
v -1.06690 1.34710 0.04500
v -1.07830 1.33570 0.04500
v -1.06690 1.33570 0.04500
v -1.06690 1.34710 0.02500
v -1.07830 1.34710 0.02500
v -1.06690 1.33570 0.02500
v -1.07830 1.33570 0.02500
v -1.04210 1.34710 0.04500
v -1.04210 1.34710 0.02500
v -1.04210 1.33570 0.04500
v -1.04210 1.33570 0.02500
v -1.05350 1.34710 0.02500
v -1.05350 1.34710 0.04500
v -1.05350 1.33570 0.02500
v -1.05350 1.33570 0.04500
v -1.05350 1.34710 0.02500
v -1.04210 1.34710 0.02500
v -1.05350 1.34710 0.04500
v -1.04210 1.34710 0.04500
v -1.05350 1.33570 0.04500
v -1.04210 1.33570 0.04500
v -1.05350 1.33570 0.02500
v -1.04210 1.33570 0.02500
v -1.05350 1.34710 0.04500
v -1.04210 1.34710 0.04500
v -1.05350 1.33570 0.04500
v -1.04210 1.33570 0.04500
v -1.04210 1.34710 0.02500
v -1.05350 1.34710 0.02500
v -1.04210 1.33570 0.02500
v -1.05350 1.33570 0.02500
v -1.01730 1.34710 0.04500
v -1.01730 1.34710 0.02500
v -1.01730 1.33570 0.04500
v -1.01730 1.33570 0.02500
v -1.02870 1.34710 0.02500
v -1.02870 1.34710 0.04500
v -1.02870 1.33570 0.02500
v -1.02870 1.33570 0.04500
v -1.02870 1.34710 0.02500
v -1.01730 1.34710 0.02500
v -1.02870 1.34710 0.04500
v -1.01730 1.34710 0.04500
v -1.02870 1.33570 0.04500
v -1.01730 1.33570 0.04500
v -1.02870 1.33570 0.02500
v -1.01730 1.33570 0.02500
v -1.02870 1.34710 0.04500
v -1.01730 1.34710 0.04500
v -1.02870 1.33570 0.04500
v -1.01730 1.33570 0.04500
v -1.01730 1.34710 0.02500
v -1.02870 1.34710 0.02500
v -1.01730 1.33570 0.02500
v -1.02870 1.33570 0.02500
v -1.06690 1.33470 0.04500
v -1.06690 1.33470 0.02500
v -1.06690 1.32330 0.04500
v -1.06690 1.32330 0.02500
v -1.07830 1.33470 0.02500
v -1.07830 1.33470 0.04500
v -1.07830 1.32330 0.02500
v -1.07830 1.32330 0.04500
v -1.07830 1.33470 0.02500
v -1.06690 1.33470 0.02500
v -1.07830 1.33470 0.04500
v -1.06690 1.33470 0.04500
v -1.07830 1.32330 0.04500
v -1.06690 1.32330 0.04500
v -1.07830 1.32330 0.02500
v -1.06690 1.32330 0.02500
v -1.07830 1.33470 0.04500
v -1.06690 1.33470 0.04500
v -1.07830 1.32330 0.04500
v -1.06690 1.32330 0.04500
v -1.06690 1.33470 0.02500
v -1.07830 1.33470 0.02500
v -1.06690 1.32330 0.02500
v -1.07830 1.32330 0.02500
v -1.04210 1.33470 0.04500
v -1.04210 1.33470 0.02500
v -1.04210 1.32330 0.04500
v -1.04210 1.32330 0.02500
v -1.05350 1.33470 0.02500
v -1.05350 1.33470 0.04500
v -1.05350 1.32330 0.02500
v -1.05350 1.32330 0.04500
v -1.05350 1.33470 0.02500
v -1.04210 1.33470 0.02500
v -1.05350 1.33470 0.04500
v -1.04210 1.33470 0.04500
v -1.05350 1.32330 0.04500
v -1.04210 1.32330 0.04500
v -1.05350 1.32330 0.02500
v -1.04210 1.32330 0.02500
v -1.05350 1.33470 0.04500
v -1.04210 1.33470 0.04500
v -1.05350 1.32330 0.04500
v -1.04210 1.32330 0.04500
v -1.04210 1.33470 0.02500
v -1.05350 1.33470 0.02500
v -1.04210 1.32330 0.02500
v -1.05350 1.32330 0.02500
v -1.01730 1.33470 0.04500
v -1.01730 1.33470 0.02500
v -1.01730 1.32330 0.04500
v -1.01730 1.32330 0.02500
v -1.02870 1.33470 0.02500
v -1.02870 1.33470 0.04500
v -1.02870 1.32330 0.02500
v -1.02870 1.32330 0.04500
v -1.02870 1.33470 0.02500
v -1.01730 1.33470 0.02500
v -1.02870 1.33470 0.04500
v -1.01730 1.33470 0.04500
v -1.02870 1.32330 0.04500
v -1.01730 1.32330 0.04500
v -1.02870 1.32330 0.02500
v -1.01730 1.32330 0.02500
v -1.02870 1.33470 0.04500
v -1.01730 1.33470 0.04500
v -1.02870 1.32330 0.04500
v -1.01730 1.32330 0.04500
v -1.01730 1.33470 0.02500
v -1.02870 1.33470 0.02500
v -1.01730 1.32330 0.02500
v -1.02870 1.32330 0.02500
v -1.06690 1.32230 0.04500
v -1.06690 1.32230 0.02500
v -1.06690 1.31090 0.04500
v -1.06690 1.31090 0.02500
v -1.07830 1.32230 0.02500
v -1.07830 1.32230 0.04500
v -1.07830 1.31090 0.02500
v -1.07830 1.31090 0.04500
v -1.07830 1.32230 0.02500
v -1.06690 1.32230 0.02500
v -1.07830 1.32230 0.04500
v -1.06690 1.32230 0.04500
v -1.07830 1.31090 0.04500
v -1.06690 1.31090 0.04500
v -1.07830 1.31090 0.02500
v -1.06690 1.31090 0.02500
v -1.07830 1.32230 0.04500
v -1.06690 1.32230 0.04500
v -1.07830 1.31090 0.04500
v -1.06690 1.31090 0.04500
v -1.06690 1.32230 0.02500
v -1.07830 1.32230 0.02500
v -1.06690 1.31090 0.02500
v -1.07830 1.31090 0.02500
v -1.02970 1.32230 0.04500
v -1.02970 1.32230 0.02500
v -1.02970 1.31090 0.04500
v -1.02970 1.31090 0.02500
v -1.04110 1.32230 0.02500
v -1.04110 1.32230 0.04500
v -1.04110 1.31090 0.02500
v -1.04110 1.31090 0.04500
v -1.04110 1.32230 0.02500
v -1.02970 1.32230 0.02500
v -1.04110 1.32230 0.04500
v -1.02970 1.32230 0.04500
v -1.04110 1.31090 0.04500
v -1.02970 1.31090 0.04500
v -1.04110 1.31090 0.02500
v -1.02970 1.31090 0.02500
v -1.04110 1.32230 0.04500
v -1.02970 1.32230 0.04500
v -1.04110 1.31090 0.04500
v -1.02970 1.31090 0.04500
v -1.02970 1.32230 0.02500
v -1.04110 1.32230 0.02500
v -1.02970 1.31090 0.02500
v -1.04110 1.31090 0.02500
v -1.01730 1.32230 0.04500
v -1.01730 1.32230 0.02500
v -1.01730 1.31090 0.04500
v -1.01730 1.31090 0.02500
v -1.02870 1.32230 0.02500
v -1.02870 1.32230 0.04500
v -1.02870 1.31090 0.02500
v -1.02870 1.31090 0.04500
v -1.02870 1.32230 0.02500
v -1.01730 1.32230 0.02500
v -1.02870 1.32230 0.04500
v -1.01730 1.32230 0.04500
v -1.02870 1.31090 0.04500
v -1.01730 1.31090 0.04500
v -1.02870 1.31090 0.02500
v -1.01730 1.31090 0.02500
v -1.02870 1.32230 0.04500
v -1.01730 1.32230 0.04500
v -1.02870 1.31090 0.04500
v -1.01730 1.31090 0.04500
v -1.01730 1.32230 0.02500
v -1.02870 1.32230 0.02500
v -1.01730 1.31090 0.02500
v -1.02870 1.31090 0.02500
v -1.06690 1.30990 0.04500
v -1.06690 1.30990 0.02500
v -1.06690 1.29850 0.04500
v -1.06690 1.29850 0.02500
v -1.07830 1.30990 0.02500
v -1.07830 1.30990 0.04500
v -1.07830 1.29850 0.02500
v -1.07830 1.29850 0.04500
v -1.07830 1.30990 0.02500
v -1.06690 1.30990 0.02500
v -1.07830 1.30990 0.04500
v -1.06690 1.30990 0.04500
v -1.07830 1.29850 0.04500
v -1.06690 1.29850 0.04500
v -1.07830 1.29850 0.02500
v -1.06690 1.29850 0.02500
v -1.07830 1.30990 0.04500
v -1.06690 1.30990 0.04500
v -1.07830 1.29850 0.04500
v -1.06690 1.29850 0.04500
v -1.06690 1.30990 0.02500
v -1.07830 1.30990 0.02500
v -1.06690 1.29850 0.02500
v -1.07830 1.29850 0.02500
v -1.01730 1.30990 0.04500
v -1.01730 1.30990 0.02500
v -1.01730 1.29850 0.04500
v -1.01730 1.29850 0.02500
v -1.02870 1.30990 0.02500
v -1.02870 1.30990 0.04500
v -1.02870 1.29850 0.02500
v -1.02870 1.29850 0.04500
v -1.02870 1.30990 0.02500
v -1.01730 1.30990 0.02500
v -1.02870 1.30990 0.04500
v -1.01730 1.30990 0.04500
v -1.02870 1.29850 0.04500
v -1.01730 1.29850 0.04500
v -1.02870 1.29850 0.02500
v -1.01730 1.29850 0.02500
v -1.02870 1.30990 0.04500
v -1.01730 1.30990 0.04500
v -1.02870 1.29850 0.04500
v -1.01730 1.29850 0.04500
v -1.01730 1.30990 0.02500
v -1.02870 1.30990 0.02500
v -1.01730 1.29850 0.02500
v -1.02870 1.29850 0.02500
v -1.06690 1.29750 0.04500
v -1.06690 1.29750 0.02500
v -1.06690 1.28610 0.04500
v -1.06690 1.28610 0.02500
v -1.07830 1.29750 0.02500
v -1.07830 1.29750 0.04500
v -1.07830 1.28610 0.02500
v -1.07830 1.28610 0.04500
v -1.07830 1.29750 0.02500
v -1.06690 1.29750 0.02500
v -1.07830 1.29750 0.04500
v -1.06690 1.29750 0.04500
v -1.07830 1.28610 0.04500
v -1.06690 1.28610 0.04500
v -1.07830 1.28610 0.02500
v -1.06690 1.28610 0.02500
v -1.07830 1.29750 0.04500
v -1.06690 1.29750 0.04500
v -1.07830 1.28610 0.04500
v -1.06690 1.28610 0.04500
v -1.06690 1.29750 0.02500
v -1.07830 1.29750 0.02500
v -1.06690 1.28610 0.02500
v -1.07830 1.28610 0.02500
v -1.01730 1.29750 0.04500
v -1.01730 1.29750 0.02500
v -1.01730 1.28610 0.04500
v -1.01730 1.28610 0.02500
v -1.02870 1.29750 0.02500
v -1.02870 1.29750 0.04500
v -1.02870 1.28610 0.02500
v -1.02870 1.28610 0.04500
v -1.02870 1.29750 0.02500
v -1.01730 1.29750 0.02500
v -1.02870 1.29750 0.04500
v -1.01730 1.29750 0.04500
v -1.02870 1.28610 0.04500
v -1.01730 1.28610 0.04500
v -1.02870 1.28610 0.02500
v -1.01730 1.28610 0.02500
v -1.02870 1.29750 0.04500
v -1.01730 1.29750 0.04500
v -1.02870 1.28610 0.04500
v -1.01730 1.28610 0.04500
v -1.01730 1.29750 0.02500
v -1.02870 1.29750 0.02500
v -1.01730 1.28610 0.02500
v -1.02870 1.28610 0.02500
v -0.99250 1.37190 0.04500
v -0.99250 1.37190 0.02500
v -0.99250 1.36050 0.04500
v -0.99250 1.36050 0.02500
v -1.00390 1.37190 0.02500
v -1.00390 1.37190 0.04500
v -1.00390 1.36050 0.02500
v -1.00390 1.36050 0.04500
v -1.00390 1.37190 0.02500
v -0.99250 1.37190 0.02500
v -1.00390 1.37190 0.04500
v -0.99250 1.37190 0.04500
v -1.00390 1.36050 0.04500
v -0.99250 1.36050 0.04500
v -1.00390 1.36050 0.02500
v -0.99250 1.36050 0.02500
v -1.00390 1.37190 0.04500
v -0.99250 1.37190 0.04500
v -1.00390 1.36050 0.04500
v -0.99250 1.36050 0.04500
v -0.99250 1.37190 0.02500
v -1.00390 1.37190 0.02500
v -0.99250 1.36050 0.02500
v -1.00390 1.36050 0.02500
v -0.98010 1.37190 0.04500
v -0.98010 1.37190 0.02500
v -0.98010 1.36050 0.04500
v -0.98010 1.36050 0.02500
v -0.99150 1.37190 0.02500
v -0.99150 1.37190 0.04500
v -0.99150 1.36050 0.02500
v -0.99150 1.36050 0.04500
v -0.99150 1.37190 0.02500
v -0.98010 1.37190 0.02500
v -0.99150 1.37190 0.04500
v -0.98010 1.37190 0.04500
v -0.99150 1.36050 0.04500
v -0.98010 1.36050 0.04500
v -0.99150 1.36050 0.02500
v -0.98010 1.36050 0.02500
v -0.99150 1.37190 0.04500
v -0.98010 1.37190 0.04500
v -0.99150 1.36050 0.04500
v -0.98010 1.36050 0.04500
v -0.98010 1.37190 0.02500
v -0.99150 1.37190 0.02500
v -0.98010 1.36050 0.02500
v -0.99150 1.36050 0.02500
v -0.96770 1.37190 0.04500
v -0.96770 1.37190 0.02500
v -0.96770 1.36050 0.04500
v -0.96770 1.36050 0.02500
v -0.97910 1.37190 0.02500
v -0.97910 1.37190 0.04500
v -0.97910 1.36050 0.02500
v -0.97910 1.36050 0.04500
v -0.97910 1.37190 0.02500
v -0.96770 1.37190 0.02500
v -0.97910 1.37190 0.04500
v -0.96770 1.37190 0.04500
v -0.97910 1.36050 0.04500
v -0.96770 1.36050 0.04500
v -0.97910 1.36050 0.02500
v -0.96770 1.36050 0.02500
v -0.97910 1.37190 0.04500
v -0.96770 1.37190 0.04500
v -0.97910 1.36050 0.04500
v -0.96770 1.36050 0.04500
v -0.96770 1.37190 0.02500
v -0.97910 1.37190 0.02500
v -0.96770 1.36050 0.02500
v -0.97910 1.36050 0.02500
v -0.95530 1.37190 0.04500
v -0.95530 1.37190 0.02500
v -0.95530 1.36050 0.04500
v -0.95530 1.36050 0.02500
v -0.96670 1.37190 0.02500
v -0.96670 1.37190 0.04500
v -0.96670 1.36050 0.02500
v -0.96670 1.36050 0.04500
v -0.96670 1.37190 0.02500
v -0.95530 1.37190 0.02500
v -0.96670 1.37190 0.04500
v -0.95530 1.37190 0.04500
v -0.96670 1.36050 0.04500
v -0.95530 1.36050 0.04500
v -0.96670 1.36050 0.02500
v -0.95530 1.36050 0.02500
v -0.96670 1.37190 0.04500
v -0.95530 1.37190 0.04500
v -0.96670 1.36050 0.04500
v -0.95530 1.36050 0.04500
v -0.95530 1.37190 0.02500
v -0.96670 1.37190 0.02500
v -0.95530 1.36050 0.02500
v -0.96670 1.36050 0.02500
v -0.94290 1.37190 0.04500
v -0.94290 1.37190 0.02500
v -0.94290 1.36050 0.04500
v -0.94290 1.36050 0.02500
v -0.95430 1.37190 0.02500
v -0.95430 1.37190 0.04500
v -0.95430 1.36050 0.02500
v -0.95430 1.36050 0.04500
v -0.95430 1.37190 0.02500
v -0.94290 1.37190 0.02500
v -0.95430 1.37190 0.04500
v -0.94290 1.37190 0.04500
v -0.95430 1.36050 0.04500
v -0.94290 1.36050 0.04500
v -0.95430 1.36050 0.02500
v -0.94290 1.36050 0.02500
v -0.95430 1.37190 0.04500
v -0.94290 1.37190 0.04500
v -0.95430 1.36050 0.04500
v -0.94290 1.36050 0.04500
v -0.94290 1.37190 0.02500
v -0.95430 1.37190 0.02500
v -0.94290 1.36050 0.02500
v -0.95430 1.36050 0.02500
v -0.96770 1.35950 0.04500
v -0.96770 1.35950 0.02500
v -0.96770 1.34810 0.04500
v -0.96770 1.34810 0.02500
v -0.97910 1.35950 0.02500
v -0.97910 1.35950 0.04500
v -0.97910 1.34810 0.02500
v -0.97910 1.34810 0.04500
v -0.97910 1.35950 0.02500
v -0.96770 1.35950 0.02500
v -0.97910 1.35950 0.04500
v -0.96770 1.35950 0.04500
v -0.97910 1.34810 0.04500
v -0.96770 1.34810 0.04500
v -0.97910 1.34810 0.02500
v -0.96770 1.34810 0.02500
v -0.97910 1.35950 0.04500
v -0.96770 1.35950 0.04500
v -0.97910 1.34810 0.04500
v -0.96770 1.34810 0.04500
v -0.96770 1.35950 0.02500
v -0.97910 1.35950 0.02500
v -0.96770 1.34810 0.02500
v -0.97910 1.34810 0.02500
v -0.96770 1.34710 0.04500
v -0.96770 1.34710 0.02500
v -0.96770 1.33570 0.04500
v -0.96770 1.33570 0.02500
v -0.97910 1.34710 0.02500
v -0.97910 1.34710 0.04500
v -0.97910 1.33570 0.02500
v -0.97910 1.33570 0.04500
v -0.97910 1.34710 0.02500
v -0.96770 1.34710 0.02500
v -0.97910 1.34710 0.04500
v -0.96770 1.34710 0.04500
v -0.97910 1.33570 0.04500
v -0.96770 1.33570 0.04500
v -0.97910 1.33570 0.02500
v -0.96770 1.33570 0.02500
v -0.97910 1.34710 0.04500
v -0.96770 1.34710 0.04500
v -0.97910 1.33570 0.04500
v -0.96770 1.33570 0.04500
v -0.96770 1.34710 0.02500
v -0.97910 1.34710 0.02500
v -0.96770 1.33570 0.02500
v -0.97910 1.33570 0.02500
v -0.96770 1.33470 0.04500
v -0.96770 1.33470 0.02500
v -0.96770 1.32330 0.04500
v -0.96770 1.32330 0.02500
v -0.97910 1.33470 0.02500
v -0.97910 1.33470 0.04500
v -0.97910 1.32330 0.02500
v -0.97910 1.32330 0.04500
v -0.97910 1.33470 0.02500
v -0.96770 1.33470 0.02500
v -0.97910 1.33470 0.04500
v -0.96770 1.33470 0.04500
v -0.97910 1.32330 0.04500
v -0.96770 1.32330 0.04500
v -0.97910 1.32330 0.02500
v -0.96770 1.32330 0.02500
v -0.97910 1.33470 0.04500
v -0.96770 1.33470 0.04500
v -0.97910 1.32330 0.04500
v -0.96770 1.32330 0.04500
v -0.96770 1.33470 0.02500
v -0.97910 1.33470 0.02500
v -0.96770 1.32330 0.02500
v -0.97910 1.32330 0.02500
v -0.96770 1.32230 0.04500
v -0.96770 1.32230 0.02500
v -0.96770 1.31090 0.04500
v -0.96770 1.31090 0.02500
v -0.97910 1.32230 0.02500
v -0.97910 1.32230 0.04500
v -0.97910 1.31090 0.02500
v -0.97910 1.31090 0.04500
v -0.97910 1.32230 0.02500
v -0.96770 1.32230 0.02500
v -0.97910 1.32230 0.04500
v -0.96770 1.32230 0.04500
v -0.97910 1.31090 0.04500
v -0.96770 1.31090 0.04500
v -0.97910 1.31090 0.02500
v -0.96770 1.31090 0.02500
v -0.97910 1.32230 0.04500
v -0.96770 1.32230 0.04500
v -0.97910 1.31090 0.04500
v -0.96770 1.31090 0.04500
v -0.96770 1.32230 0.02500
v -0.97910 1.32230 0.02500
v -0.96770 1.31090 0.02500
v -0.97910 1.31090 0.02500
v -0.96770 1.30990 0.04500
v -0.96770 1.30990 0.02500
v -0.96770 1.29850 0.04500
v -0.96770 1.29850 0.02500
v -0.97910 1.30990 0.02500
v -0.97910 1.30990 0.04500
v -0.97910 1.29850 0.02500
v -0.97910 1.29850 0.04500
v -0.97910 1.30990 0.02500
v -0.96770 1.30990 0.02500
v -0.97910 1.30990 0.04500
v -0.96770 1.30990 0.04500
v -0.97910 1.29850 0.04500
v -0.96770 1.29850 0.04500
v -0.97910 1.29850 0.02500
v -0.96770 1.29850 0.02500
v -0.97910 1.30990 0.04500
v -0.96770 1.30990 0.04500
v -0.97910 1.29850 0.04500
v -0.96770 1.29850 0.04500
v -0.96770 1.30990 0.02500
v -0.97910 1.30990 0.02500
v -0.96770 1.29850 0.02500
v -0.97910 1.29850 0.02500
v -0.96770 1.29750 0.04500
v -0.96770 1.29750 0.02500
v -0.96770 1.28610 0.04500
v -0.96770 1.28610 0.02500
v -0.97910 1.29750 0.02500
v -0.97910 1.29750 0.04500
v -0.97910 1.28610 0.02500
v -0.97910 1.28610 0.04500
v -0.97910 1.29750 0.02500
v -0.96770 1.29750 0.02500
v -0.97910 1.29750 0.04500
v -0.96770 1.29750 0.04500
v -0.97910 1.28610 0.04500
v -0.96770 1.28610 0.04500
v -0.97910 1.28610 0.02500
v -0.96770 1.28610 0.02500
v -0.97910 1.29750 0.04500
v -0.96770 1.29750 0.04500
v -0.97910 1.28610 0.04500
v -0.96770 1.28610 0.04500
v -0.96770 1.29750 0.02500
v -0.97910 1.29750 0.02500
v -0.96770 1.28610 0.02500
v -0.97910 1.28610 0.02500
v -0.91810 1.37190 0.04500
v -0.91810 1.37190 0.02500
v -0.91810 1.36050 0.04500
v -0.91810 1.36050 0.02500
v -0.92950 1.37190 0.02500
v -0.92950 1.37190 0.04500
v -0.92950 1.36050 0.02500
v -0.92950 1.36050 0.04500
v -0.92950 1.37190 0.02500
v -0.91810 1.37190 0.02500
v -0.92950 1.37190 0.04500
v -0.91810 1.37190 0.04500
v -0.92950 1.36050 0.04500
v -0.91810 1.36050 0.04500
v -0.92950 1.36050 0.02500
v -0.91810 1.36050 0.02500
v -0.92950 1.37190 0.04500
v -0.91810 1.37190 0.04500
v -0.92950 1.36050 0.04500
v -0.91810 1.36050 0.04500
v -0.91810 1.37190 0.02500
v -0.92950 1.37190 0.02500
v -0.91810 1.36050 0.02500
v -0.92950 1.36050 0.02500
v -0.90570 1.37190 0.04500
v -0.90570 1.37190 0.02500
v -0.90570 1.36050 0.04500
v -0.90570 1.36050 0.02500
v -0.91710 1.37190 0.02500
v -0.91710 1.37190 0.04500
v -0.91710 1.36050 0.02500
v -0.91710 1.36050 0.04500
v -0.91710 1.37190 0.02500
v -0.90570 1.37190 0.02500
v -0.91710 1.37190 0.04500
v -0.90570 1.37190 0.04500
v -0.91710 1.36050 0.04500
v -0.90570 1.36050 0.04500
v -0.91710 1.36050 0.02500
v -0.90570 1.36050 0.02500
v -0.91710 1.37190 0.04500
v -0.90570 1.37190 0.04500
v -0.91710 1.36050 0.04500
v -0.90570 1.36050 0.04500
v -0.90570 1.37190 0.02500
v -0.91710 1.37190 0.02500
v -0.90570 1.36050 0.02500
v -0.91710 1.36050 0.02500
v -0.89330 1.37190 0.04500
v -0.89330 1.37190 0.02500
v -0.89330 1.36050 0.04500
v -0.89330 1.36050 0.02500
v -0.90470 1.37190 0.02500
v -0.90470 1.37190 0.04500
v -0.90470 1.36050 0.02500
v -0.90470 1.36050 0.04500
v -0.90470 1.37190 0.02500
v -0.89330 1.37190 0.02500
v -0.90470 1.37190 0.04500
v -0.89330 1.37190 0.04500
v -0.90470 1.36050 0.04500
v -0.89330 1.36050 0.04500
v -0.90470 1.36050 0.02500
v -0.89330 1.36050 0.02500
v -0.90470 1.37190 0.04500
v -0.89330 1.37190 0.04500
v -0.90470 1.36050 0.04500
v -0.89330 1.36050 0.04500
v -0.89330 1.37190 0.02500
v -0.90470 1.37190 0.02500
v -0.89330 1.36050 0.02500
v -0.90470 1.36050 0.02500
v -0.88090 1.37190 0.04500
v -0.88090 1.37190 0.02500
v -0.88090 1.36050 0.04500
v -0.88090 1.36050 0.02500
v -0.89230 1.37190 0.02500
v -0.89230 1.37190 0.04500
v -0.89230 1.36050 0.02500
v -0.89230 1.36050 0.04500
v -0.89230 1.37190 0.02500
v -0.88090 1.37190 0.02500
v -0.89230 1.37190 0.04500
v -0.88090 1.37190 0.04500
v -0.89230 1.36050 0.04500
v -0.88090 1.36050 0.04500
v -0.89230 1.36050 0.02500
v -0.88090 1.36050 0.02500
v -0.89230 1.37190 0.04500
v -0.88090 1.37190 0.04500
v -0.89230 1.36050 0.04500
v -0.88090 1.36050 0.04500
v -0.88090 1.37190 0.02500
v -0.89230 1.37190 0.02500
v -0.88090 1.36050 0.02500
v -0.89230 1.36050 0.02500
v -0.86850 1.37190 0.04500
v -0.86850 1.37190 0.02500
v -0.86850 1.36050 0.04500
v -0.86850 1.36050 0.02500
v -0.87990 1.37190 0.02500
v -0.87990 1.37190 0.04500
v -0.87990 1.36050 0.02500
v -0.87990 1.36050 0.04500
v -0.87990 1.37190 0.02500
v -0.86850 1.37190 0.02500
v -0.87990 1.37190 0.04500
v -0.86850 1.37190 0.04500
v -0.87990 1.36050 0.04500
v -0.86850 1.36050 0.04500
v -0.87990 1.36050 0.02500
v -0.86850 1.36050 0.02500
v -0.87990 1.37190 0.04500
v -0.86850 1.37190 0.04500
v -0.87990 1.36050 0.04500
v -0.86850 1.36050 0.04500
v -0.86850 1.37190 0.02500
v -0.87990 1.37190 0.02500
v -0.86850 1.36050 0.02500
v -0.87990 1.36050 0.02500
v -0.89330 1.35950 0.04500
v -0.89330 1.35950 0.02500
v -0.89330 1.34810 0.04500
v -0.89330 1.34810 0.02500
v -0.90470 1.35950 0.02500
v -0.90470 1.35950 0.04500
v -0.90470 1.34810 0.02500
v -0.90470 1.34810 0.04500
v -0.90470 1.35950 0.02500
v -0.89330 1.35950 0.02500
v -0.90470 1.35950 0.04500
v -0.89330 1.35950 0.04500
v -0.90470 1.34810 0.04500
v -0.89330 1.34810 0.04500
v -0.90470 1.34810 0.02500
v -0.89330 1.34810 0.02500
v -0.90470 1.35950 0.04500
v -0.89330 1.35950 0.04500
v -0.90470 1.34810 0.04500
v -0.89330 1.34810 0.04500
v -0.89330 1.35950 0.02500
v -0.90470 1.35950 0.02500
v -0.89330 1.34810 0.02500
v -0.90470 1.34810 0.02500
v -0.89330 1.34710 0.04500
v -0.89330 1.34710 0.02500
v -0.89330 1.33570 0.04500
v -0.89330 1.33570 0.02500
v -0.90470 1.34710 0.02500
v -0.90470 1.34710 0.04500
v -0.90470 1.33570 0.02500
v -0.90470 1.33570 0.04500
v -0.90470 1.34710 0.02500
v -0.89330 1.34710 0.02500
v -0.90470 1.34710 0.04500
v -0.89330 1.34710 0.04500
v -0.90470 1.33570 0.04500
v -0.89330 1.33570 0.04500
v -0.90470 1.33570 0.02500
v -0.89330 1.33570 0.02500
v -0.90470 1.34710 0.04500
v -0.89330 1.34710 0.04500
v -0.90470 1.33570 0.04500
v -0.89330 1.33570 0.04500
v -0.89330 1.34710 0.02500
v -0.90470 1.34710 0.02500
v -0.89330 1.33570 0.02500
v -0.90470 1.33570 0.02500
v -0.89330 1.33470 0.04500
v -0.89330 1.33470 0.02500
v -0.89330 1.32330 0.04500
v -0.89330 1.32330 0.02500
v -0.90470 1.33470 0.02500
v -0.90470 1.33470 0.04500
v -0.90470 1.32330 0.02500
v -0.90470 1.32330 0.04500
v -0.90470 1.33470 0.02500
v -0.89330 1.33470 0.02500
v -0.90470 1.33470 0.04500
v -0.89330 1.33470 0.04500
v -0.90470 1.32330 0.04500
v -0.89330 1.32330 0.04500
v -0.90470 1.32330 0.02500
v -0.89330 1.32330 0.02500
v -0.90470 1.33470 0.04500
v -0.89330 1.33470 0.04500
v -0.90470 1.32330 0.04500
v -0.89330 1.32330 0.04500
v -0.89330 1.33470 0.02500
v -0.90470 1.33470 0.02500
v -0.89330 1.32330 0.02500
v -0.90470 1.32330 0.02500
v -0.89330 1.32230 0.04500
v -0.89330 1.32230 0.02500
v -0.89330 1.31090 0.04500
v -0.89330 1.31090 0.02500
v -0.90470 1.32230 0.02500
v -0.90470 1.32230 0.04500
v -0.90470 1.31090 0.02500
v -0.90470 1.31090 0.04500
v -0.90470 1.32230 0.02500
v -0.89330 1.32230 0.02500
v -0.90470 1.32230 0.04500
v -0.89330 1.32230 0.04500
v -0.90470 1.31090 0.04500
v -0.89330 1.31090 0.04500
v -0.90470 1.31090 0.02500
v -0.89330 1.31090 0.02500
v -0.90470 1.32230 0.04500
v -0.89330 1.32230 0.04500
v -0.90470 1.31090 0.04500
v -0.89330 1.31090 0.04500
v -0.89330 1.32230 0.02500
v -0.90470 1.32230 0.02500
v -0.89330 1.31090 0.02500
v -0.90470 1.31090 0.02500
v -0.89330 1.30990 0.04500
v -0.89330 1.30990 0.02500
v -0.89330 1.29850 0.04500
v -0.89330 1.29850 0.02500
v -0.90470 1.30990 0.02500
v -0.90470 1.30990 0.04500
v -0.90470 1.29850 0.02500
v -0.90470 1.29850 0.04500
v -0.90470 1.30990 0.02500
v -0.89330 1.30990 0.02500
v -0.90470 1.30990 0.04500
v -0.89330 1.30990 0.04500
v -0.90470 1.29850 0.04500
v -0.89330 1.29850 0.04500
v -0.90470 1.29850 0.02500
v -0.89330 1.29850 0.02500
v -0.90470 1.30990 0.04500
v -0.89330 1.30990 0.04500
v -0.90470 1.29850 0.04500
v -0.89330 1.29850 0.04500
v -0.89330 1.30990 0.02500
v -0.90470 1.30990 0.02500
v -0.89330 1.29850 0.02500
v -0.90470 1.29850 0.02500
v -0.91810 1.29750 0.04500
v -0.91810 1.29750 0.02500
v -0.91810 1.28610 0.04500
v -0.91810 1.28610 0.02500
v -0.92950 1.29750 0.02500
v -0.92950 1.29750 0.04500
v -0.92950 1.28610 0.02500
v -0.92950 1.28610 0.04500
v -0.92950 1.29750 0.02500
v -0.91810 1.29750 0.02500
v -0.92950 1.29750 0.04500
v -0.91810 1.29750 0.04500
v -0.92950 1.28610 0.04500
v -0.91810 1.28610 0.04500
v -0.92950 1.28610 0.02500
v -0.91810 1.28610 0.02500
v -0.92950 1.29750 0.04500
v -0.91810 1.29750 0.04500
v -0.92950 1.28610 0.04500
v -0.91810 1.28610 0.04500
v -0.91810 1.29750 0.02500
v -0.92950 1.29750 0.02500
v -0.91810 1.28610 0.02500
v -0.92950 1.28610 0.02500
v -0.90570 1.29750 0.04500
v -0.90570 1.29750 0.02500
v -0.90570 1.28610 0.04500
v -0.90570 1.28610 0.02500
v -0.91710 1.29750 0.02500
v -0.91710 1.29750 0.04500
v -0.91710 1.28610 0.02500
v -0.91710 1.28610 0.04500
v -0.91710 1.29750 0.02500
v -0.90570 1.29750 0.02500
v -0.91710 1.29750 0.04500
v -0.90570 1.29750 0.04500
v -0.91710 1.28610 0.04500
v -0.90570 1.28610 0.04500
v -0.91710 1.28610 0.02500
v -0.90570 1.28610 0.02500
v -0.91710 1.29750 0.04500
v -0.90570 1.29750 0.04500
v -0.91710 1.28610 0.04500
v -0.90570 1.28610 0.04500
v -0.90570 1.29750 0.02500
v -0.91710 1.29750 0.02500
v -0.90570 1.28610 0.02500
v -0.91710 1.28610 0.02500
v -0.89330 1.29750 0.04500
v -0.89330 1.29750 0.02500
v -0.89330 1.28610 0.04500
v -0.89330 1.28610 0.02500
v -0.90470 1.29750 0.02500
v -0.90470 1.29750 0.04500
v -0.90470 1.28610 0.02500
v -0.90470 1.28610 0.04500
v -0.90470 1.29750 0.02500
v -0.89330 1.29750 0.02500
v -0.90470 1.29750 0.04500
v -0.89330 1.29750 0.04500
v -0.90470 1.28610 0.04500
v -0.89330 1.28610 0.04500
v -0.90470 1.28610 0.02500
v -0.89330 1.28610 0.02500
v -0.90470 1.29750 0.04500
v -0.89330 1.29750 0.04500
v -0.90470 1.28610 0.04500
v -0.89330 1.28610 0.04500
v -0.89330 1.29750 0.02500
v -0.90470 1.29750 0.02500
v -0.89330 1.28610 0.02500
v -0.90470 1.28610 0.02500
v -0.88090 1.29750 0.04500
v -0.88090 1.29750 0.02500
v -0.88090 1.28610 0.04500
v -0.88090 1.28610 0.02500
v -0.89230 1.29750 0.02500
v -0.89230 1.29750 0.04500
v -0.89230 1.28610 0.02500
v -0.89230 1.28610 0.04500
v -0.89230 1.29750 0.02500
v -0.88090 1.29750 0.02500
v -0.89230 1.29750 0.04500
v -0.88090 1.29750 0.04500
v -0.89230 1.28610 0.04500
v -0.88090 1.28610 0.04500
v -0.89230 1.28610 0.02500
v -0.88090 1.28610 0.02500
v -0.89230 1.29750 0.04500
v -0.88090 1.29750 0.04500
v -0.89230 1.28610 0.04500
v -0.88090 1.28610 0.04500
v -0.88090 1.29750 0.02500
v -0.89230 1.29750 0.02500
v -0.88090 1.28610 0.02500
v -0.89230 1.28610 0.02500
v -0.86850 1.29750 0.04500
v -0.86850 1.29750 0.02500
v -0.86850 1.28610 0.04500
v -0.86850 1.28610 0.02500
v -0.87990 1.29750 0.02500
v -0.87990 1.29750 0.04500
v -0.87990 1.28610 0.02500
v -0.87990 1.28610 0.04500
v -0.87990 1.29750 0.02500
v -0.86850 1.29750 0.02500
v -0.87990 1.29750 0.04500
v -0.86850 1.29750 0.04500
v -0.87990 1.28610 0.04500
v -0.86850 1.28610 0.04500
v -0.87990 1.28610 0.02500
v -0.86850 1.28610 0.02500
v -0.87990 1.29750 0.04500
v -0.86850 1.29750 0.04500
v -0.87990 1.28610 0.04500
v -0.86850 1.28610 0.04500
v -0.86850 1.29750 0.02500
v -0.87990 1.29750 0.02500
v -0.86850 1.28610 0.02500
v -0.87990 1.28610 0.02500
v -0.83130 1.37190 0.04500
v -0.83130 1.37190 0.02500
v -0.83130 1.36050 0.04500
v -0.83130 1.36050 0.02500
v -0.84270 1.37190 0.02500
v -0.84270 1.37190 0.04500
v -0.84270 1.36050 0.02500
v -0.84270 1.36050 0.04500
v -0.84270 1.37190 0.02500
v -0.83130 1.37190 0.02500
v -0.84270 1.37190 0.04500
v -0.83130 1.37190 0.04500
v -0.84270 1.36050 0.04500
v -0.83130 1.36050 0.04500
v -0.84270 1.36050 0.02500
v -0.83130 1.36050 0.02500
v -0.84270 1.37190 0.04500
v -0.83130 1.37190 0.04500
v -0.84270 1.36050 0.04500
v -0.83130 1.36050 0.04500
v -0.83130 1.37190 0.02500
v -0.84270 1.37190 0.02500
v -0.83130 1.36050 0.02500
v -0.84270 1.36050 0.02500
v -0.81890 1.37190 0.04500
v -0.81890 1.37190 0.02500
v -0.81890 1.36050 0.04500
v -0.81890 1.36050 0.02500
v -0.83030 1.37190 0.02500
v -0.83030 1.37190 0.04500
v -0.83030 1.36050 0.02500
v -0.83030 1.36050 0.04500
v -0.83030 1.37190 0.02500
v -0.81890 1.37190 0.02500
v -0.83030 1.37190 0.04500
v -0.81890 1.37190 0.04500
v -0.83030 1.36050 0.04500
v -0.81890 1.36050 0.04500
v -0.83030 1.36050 0.02500
v -0.81890 1.36050 0.02500
v -0.83030 1.37190 0.04500
v -0.81890 1.37190 0.04500
v -0.83030 1.36050 0.04500
v -0.81890 1.36050 0.04500
v -0.81890 1.37190 0.02500
v -0.83030 1.37190 0.02500
v -0.81890 1.36050 0.02500
v -0.83030 1.36050 0.02500
v -0.80650 1.37190 0.04500
v -0.80650 1.37190 0.02500
v -0.80650 1.36050 0.04500
v -0.80650 1.36050 0.02500
v -0.81790 1.37190 0.02500
v -0.81790 1.37190 0.04500
v -0.81790 1.36050 0.02500
v -0.81790 1.36050 0.04500
v -0.81790 1.37190 0.02500
v -0.80650 1.37190 0.02500
v -0.81790 1.37190 0.04500
v -0.80650 1.37190 0.04500
v -0.81790 1.36050 0.04500
v -0.80650 1.36050 0.04500
v -0.81790 1.36050 0.02500
v -0.80650 1.36050 0.02500
v -0.81790 1.37190 0.04500
v -0.80650 1.37190 0.04500
v -0.81790 1.36050 0.04500
v -0.80650 1.36050 0.04500
v -0.80650 1.37190 0.02500
v -0.81790 1.37190 0.02500
v -0.80650 1.36050 0.02500
v -0.81790 1.36050 0.02500
v -0.84370 1.35950 0.04500
v -0.84370 1.35950 0.02500
v -0.84370 1.34810 0.04500
v -0.84370 1.34810 0.02500
v -0.85510 1.35950 0.02500
v -0.85510 1.35950 0.04500
v -0.85510 1.34810 0.02500
v -0.85510 1.34810 0.04500
v -0.85510 1.35950 0.02500
v -0.84370 1.35950 0.02500
v -0.85510 1.35950 0.04500
v -0.84370 1.35950 0.04500
v -0.85510 1.34810 0.04500
v -0.84370 1.34810 0.04500
v -0.85510 1.34810 0.02500
v -0.84370 1.34810 0.02500
v -0.85510 1.35950 0.04500
v -0.84370 1.35950 0.04500
v -0.85510 1.34810 0.04500
v -0.84370 1.34810 0.04500
v -0.84370 1.35950 0.02500
v -0.85510 1.35950 0.02500
v -0.84370 1.34810 0.02500
v -0.85510 1.34810 0.02500
v -0.79410 1.35950 0.04500
v -0.79410 1.35950 0.02500
v -0.79410 1.34810 0.04500
v -0.79410 1.34810 0.02500
v -0.80550 1.35950 0.02500
v -0.80550 1.35950 0.04500
v -0.80550 1.34810 0.02500
v -0.80550 1.34810 0.04500
v -0.80550 1.35950 0.02500
v -0.79410 1.35950 0.02500
v -0.80550 1.35950 0.04500
v -0.79410 1.35950 0.04500
v -0.80550 1.34810 0.04500
v -0.79410 1.34810 0.04500
v -0.80550 1.34810 0.02500
v -0.79410 1.34810 0.02500
v -0.80550 1.35950 0.04500
v -0.79410 1.35950 0.04500
v -0.80550 1.34810 0.04500
v -0.79410 1.34810 0.04500
v -0.79410 1.35950 0.02500
v -0.80550 1.35950 0.02500
v -0.79410 1.34810 0.02500
v -0.80550 1.34810 0.02500
v -0.84370 1.34710 0.04500
v -0.84370 1.34710 0.02500
v -0.84370 1.33570 0.04500
v -0.84370 1.33570 0.02500
v -0.85510 1.34710 0.02500
v -0.85510 1.34710 0.04500
v -0.85510 1.33570 0.02500
v -0.85510 1.33570 0.04500
v -0.85510 1.34710 0.02500
v -0.84370 1.34710 0.02500
v -0.85510 1.34710 0.04500
v -0.84370 1.34710 0.04500
v -0.85510 1.33570 0.04500
v -0.84370 1.33570 0.04500
v -0.85510 1.33570 0.02500
v -0.84370 1.33570 0.02500
v -0.85510 1.34710 0.04500
v -0.84370 1.34710 0.04500
v -0.85510 1.33570 0.04500
v -0.84370 1.33570 0.04500
v -0.84370 1.34710 0.02500
v -0.85510 1.34710 0.02500
v -0.84370 1.33570 0.02500
v -0.85510 1.33570 0.02500
v -0.79410 1.34710 0.04500
v -0.79410 1.34710 0.02500
v -0.79410 1.33570 0.04500
v -0.79410 1.33570 0.02500
v -0.80550 1.34710 0.02500
v -0.80550 1.34710 0.04500
v -0.80550 1.33570 0.02500
v -0.80550 1.33570 0.04500
v -0.80550 1.34710 0.02500
v -0.79410 1.34710 0.02500
v -0.80550 1.34710 0.04500
v -0.79410 1.34710 0.04500
v -0.80550 1.33570 0.04500
v -0.79410 1.33570 0.04500
v -0.80550 1.33570 0.02500
v -0.79410 1.33570 0.02500
v -0.80550 1.34710 0.04500
v -0.79410 1.34710 0.04500
v -0.80550 1.33570 0.04500
v -0.79410 1.33570 0.04500
v -0.79410 1.34710 0.02500
v -0.80550 1.34710 0.02500
v -0.79410 1.33570 0.02500
v -0.80550 1.33570 0.02500
v -0.84370 1.33470 0.04500
v -0.84370 1.33470 0.02500
v -0.84370 1.32330 0.04500
v -0.84370 1.32330 0.02500
v -0.85510 1.33470 0.02500
v -0.85510 1.33470 0.04500
v -0.85510 1.32330 0.02500
v -0.85510 1.32330 0.04500
v -0.85510 1.33470 0.02500
v -0.84370 1.33470 0.02500
v -0.85510 1.33470 0.04500
v -0.84370 1.33470 0.04500
v -0.85510 1.32330 0.04500
v -0.84370 1.32330 0.04500
v -0.85510 1.32330 0.02500
v -0.84370 1.32330 0.02500
v -0.85510 1.33470 0.04500
v -0.84370 1.33470 0.04500
v -0.85510 1.32330 0.04500
v -0.84370 1.32330 0.04500
v -0.84370 1.33470 0.02500
v -0.85510 1.33470 0.02500
v -0.84370 1.32330 0.02500
v -0.85510 1.32330 0.02500
v -0.79410 1.33470 0.04500
v -0.79410 1.33470 0.02500
v -0.79410 1.32330 0.04500
v -0.79410 1.32330 0.02500
v -0.80550 1.33470 0.02500
v -0.80550 1.33470 0.04500
v -0.80550 1.32330 0.02500
v -0.80550 1.32330 0.04500
v -0.80550 1.33470 0.02500
v -0.79410 1.33470 0.02500
v -0.80550 1.33470 0.04500
v -0.79410 1.33470 0.04500
v -0.80550 1.32330 0.04500
v -0.79410 1.32330 0.04500
v -0.80550 1.32330 0.02500
v -0.79410 1.32330 0.02500
v -0.80550 1.33470 0.04500
v -0.79410 1.33470 0.04500
v -0.80550 1.32330 0.04500
v -0.79410 1.32330 0.04500
v -0.79410 1.33470 0.02500
v -0.80550 1.33470 0.02500
v -0.79410 1.32330 0.02500
v -0.80550 1.32330 0.02500
v -0.84370 1.32230 0.04500
v -0.84370 1.32230 0.02500
v -0.84370 1.31090 0.04500
v -0.84370 1.31090 0.02500
v -0.85510 1.32230 0.02500
v -0.85510 1.32230 0.04500
v -0.85510 1.31090 0.02500
v -0.85510 1.31090 0.04500
v -0.85510 1.32230 0.02500
v -0.84370 1.32230 0.02500
v -0.85510 1.32230 0.04500
v -0.84370 1.32230 0.04500
v -0.85510 1.31090 0.04500
v -0.84370 1.31090 0.04500
v -0.85510 1.31090 0.02500
v -0.84370 1.31090 0.02500
v -0.85510 1.32230 0.04500
v -0.84370 1.32230 0.04500
v -0.85510 1.31090 0.04500
v -0.84370 1.31090 0.04500
v -0.84370 1.32230 0.02500
v -0.85510 1.32230 0.02500
v -0.84370 1.31090 0.02500
v -0.85510 1.31090 0.02500
v -0.81890 1.32230 0.04500
v -0.81890 1.32230 0.02500
v -0.81890 1.31090 0.04500
v -0.81890 1.31090 0.02500
v -0.83030 1.32230 0.02500
v -0.83030 1.32230 0.04500
v -0.83030 1.31090 0.02500
v -0.83030 1.31090 0.04500
v -0.83030 1.32230 0.02500
v -0.81890 1.32230 0.02500
v -0.83030 1.32230 0.04500
v -0.81890 1.32230 0.04500
v -0.83030 1.31090 0.04500
v -0.81890 1.31090 0.04500
v -0.83030 1.31090 0.02500
v -0.81890 1.31090 0.02500
v -0.83030 1.32230 0.04500
v -0.81890 1.32230 0.04500
v -0.83030 1.31090 0.04500
v -0.81890 1.31090 0.04500
v -0.81890 1.32230 0.02500
v -0.83030 1.32230 0.02500
v -0.81890 1.31090 0.02500
v -0.83030 1.31090 0.02500
v -0.79410 1.32230 0.04500
v -0.79410 1.32230 0.02500
v -0.79410 1.31090 0.04500
v -0.79410 1.31090 0.02500
v -0.80550 1.32230 0.02500
v -0.80550 1.32230 0.04500
v -0.80550 1.31090 0.02500
v -0.80550 1.31090 0.04500
v -0.80550 1.32230 0.02500
v -0.79410 1.32230 0.02500
v -0.80550 1.32230 0.04500
v -0.79410 1.32230 0.04500
v -0.80550 1.31090 0.04500
v -0.79410 1.31090 0.04500
v -0.80550 1.31090 0.02500
v -0.79410 1.31090 0.02500
v -0.80550 1.32230 0.04500
v -0.79410 1.32230 0.04500
v -0.80550 1.31090 0.04500
v -0.79410 1.31090 0.04500
v -0.79410 1.32230 0.02500
v -0.80550 1.32230 0.02500
v -0.79410 1.31090 0.02500
v -0.80550 1.31090 0.02500
v -0.84370 1.30990 0.04500
v -0.84370 1.30990 0.02500
v -0.84370 1.29850 0.04500
v -0.84370 1.29850 0.02500
v -0.85510 1.30990 0.02500
v -0.85510 1.30990 0.04500
v -0.85510 1.29850 0.02500
v -0.85510 1.29850 0.04500
v -0.85510 1.30990 0.02500
v -0.84370 1.30990 0.02500
v -0.85510 1.30990 0.04500
v -0.84370 1.30990 0.04500
v -0.85510 1.29850 0.04500
v -0.84370 1.29850 0.04500
v -0.85510 1.29850 0.02500
v -0.84370 1.29850 0.02500
v -0.85510 1.30990 0.04500
v -0.84370 1.30990 0.04500
v -0.85510 1.29850 0.04500
v -0.84370 1.29850 0.04500
v -0.84370 1.30990 0.02500
v -0.85510 1.30990 0.02500
v -0.84370 1.29850 0.02500
v -0.85510 1.29850 0.02500
v -0.80650 1.30990 0.04500
v -0.80650 1.30990 0.02500
v -0.80650 1.29850 0.04500
v -0.80650 1.29850 0.02500
v -0.81790 1.30990 0.02500
v -0.81790 1.30990 0.04500
v -0.81790 1.29850 0.02500
v -0.81790 1.29850 0.04500
v -0.81790 1.30990 0.02500
v -0.80650 1.30990 0.02500
v -0.81790 1.30990 0.04500
v -0.80650 1.30990 0.04500
v -0.81790 1.29850 0.04500
v -0.80650 1.29850 0.04500
v -0.81790 1.29850 0.02500
v -0.80650 1.29850 0.02500
v -0.81790 1.30990 0.04500
v -0.80650 1.30990 0.04500
v -0.81790 1.29850 0.04500
v -0.80650 1.29850 0.04500
v -0.80650 1.30990 0.02500
v -0.81790 1.30990 0.02500
v -0.80650 1.29850 0.02500
v -0.81790 1.29850 0.02500
v -0.83130 1.29750 0.04500
v -0.83130 1.29750 0.02500
v -0.83130 1.28610 0.04500
v -0.83130 1.28610 0.02500
v -0.84270 1.29750 0.02500
v -0.84270 1.29750 0.04500
v -0.84270 1.28610 0.02500
v -0.84270 1.28610 0.04500
v -0.84270 1.29750 0.02500
v -0.83130 1.29750 0.02500
v -0.84270 1.29750 0.04500
v -0.83130 1.29750 0.04500
v -0.84270 1.28610 0.04500
v -0.83130 1.28610 0.04500
v -0.84270 1.28610 0.02500
v -0.83130 1.28610 0.02500
v -0.84270 1.29750 0.04500
v -0.83130 1.29750 0.04500
v -0.84270 1.28610 0.04500
v -0.83130 1.28610 0.04500
v -0.83130 1.29750 0.02500
v -0.84270 1.29750 0.02500
v -0.83130 1.28610 0.02500
v -0.84270 1.28610 0.02500
v -0.81890 1.29750 0.04500
v -0.81890 1.29750 0.02500
v -0.81890 1.28610 0.04500
v -0.81890 1.28610 0.02500
v -0.83030 1.29750 0.02500
v -0.83030 1.29750 0.04500
v -0.83030 1.28610 0.02500
v -0.83030 1.28610 0.04500
v -0.83030 1.29750 0.02500
v -0.81890 1.29750 0.02500
v -0.83030 1.29750 0.04500
v -0.81890 1.29750 0.04500
v -0.83030 1.28610 0.04500
v -0.81890 1.28610 0.04500
v -0.83030 1.28610 0.02500
v -0.81890 1.28610 0.02500
v -0.83030 1.29750 0.04500
v -0.81890 1.29750 0.04500
v -0.83030 1.28610 0.04500
v -0.81890 1.28610 0.04500
v -0.81890 1.29750 0.02500
v -0.83030 1.29750 0.02500
v -0.81890 1.28610 0.02500
v -0.83030 1.28610 0.02500
v -0.79410 1.29750 0.04500
v -0.79410 1.29750 0.02500
v -0.79410 1.28610 0.04500
v -0.79410 1.28610 0.02500
v -0.80550 1.29750 0.02500
v -0.80550 1.29750 0.04500
v -0.80550 1.28610 0.02500
v -0.80550 1.28610 0.04500
v -0.80550 1.29750 0.02500
v -0.79410 1.29750 0.02500
v -0.80550 1.29750 0.04500
v -0.79410 1.29750 0.04500
v -0.80550 1.28610 0.04500
v -0.79410 1.28610 0.04500
v -0.80550 1.28610 0.02500
v -0.79410 1.28610 0.02500
v -0.80550 1.29750 0.04500
v -0.79410 1.29750 0.04500
v -0.80550 1.28610 0.04500
v -0.79410 1.28610 0.04500
v -0.79410 1.29750 0.02500
v -0.80550 1.29750 0.02500
v -0.79410 1.28610 0.02500
v -0.80550 1.28610 0.02500
v -0.76930 1.37190 0.04500
v -0.76930 1.37190 0.02500
v -0.76930 1.36050 0.04500
v -0.76930 1.36050 0.02500
v -0.78070 1.37190 0.02500
v -0.78070 1.37190 0.04500
v -0.78070 1.36050 0.02500
v -0.78070 1.36050 0.04500
v -0.78070 1.37190 0.02500
v -0.76930 1.37190 0.02500
v -0.78070 1.37190 0.04500
v -0.76930 1.37190 0.04500
v -0.78070 1.36050 0.04500
v -0.76930 1.36050 0.04500
v -0.78070 1.36050 0.02500
v -0.76930 1.36050 0.02500
v -0.78070 1.37190 0.04500
v -0.76930 1.37190 0.04500
v -0.78070 1.36050 0.04500
v -0.76930 1.36050 0.04500
v -0.76930 1.37190 0.02500
v -0.78070 1.37190 0.02500
v -0.76930 1.36050 0.02500
v -0.78070 1.36050 0.02500
v -0.71970 1.37190 0.04500
v -0.71970 1.37190 0.02500
v -0.71970 1.36050 0.04500
v -0.71970 1.36050 0.02500
v -0.73110 1.37190 0.02500
v -0.73110 1.37190 0.04500
v -0.73110 1.36050 0.02500
v -0.73110 1.36050 0.04500
v -0.73110 1.37190 0.02500
v -0.71970 1.37190 0.02500
v -0.73110 1.37190 0.04500
v -0.71970 1.37190 0.04500
v -0.73110 1.36050 0.04500
v -0.71970 1.36050 0.04500
v -0.73110 1.36050 0.02500
v -0.71970 1.36050 0.02500
v -0.73110 1.37190 0.04500
v -0.71970 1.37190 0.04500
v -0.73110 1.36050 0.04500
v -0.71970 1.36050 0.04500
v -0.71970 1.37190 0.02500
v -0.73110 1.37190 0.02500
v -0.71970 1.36050 0.02500
v -0.73110 1.36050 0.02500
v -0.76930 1.35950 0.04500
v -0.76930 1.35950 0.02500
v -0.76930 1.34810 0.04500
v -0.76930 1.34810 0.02500
v -0.78070 1.35950 0.02500
v -0.78070 1.35950 0.04500
v -0.78070 1.34810 0.02500
v -0.78070 1.34810 0.04500
v -0.78070 1.35950 0.02500
v -0.76930 1.35950 0.02500
v -0.78070 1.35950 0.04500
v -0.76930 1.35950 0.04500
v -0.78070 1.34810 0.04500
v -0.76930 1.34810 0.04500
v -0.78070 1.34810 0.02500
v -0.76930 1.34810 0.02500
v -0.78070 1.35950 0.04500
v -0.76930 1.35950 0.04500
v -0.78070 1.34810 0.04500
v -0.76930 1.34810 0.04500
v -0.76930 1.35950 0.02500
v -0.78070 1.35950 0.02500
v -0.76930 1.34810 0.02500
v -0.78070 1.34810 0.02500
v -0.71970 1.35950 0.04500
v -0.71970 1.35950 0.02500
v -0.71970 1.34810 0.04500
v -0.71970 1.34810 0.02500
v -0.73110 1.35950 0.02500
v -0.73110 1.35950 0.04500
v -0.73110 1.34810 0.02500
v -0.73110 1.34810 0.04500
v -0.73110 1.35950 0.02500
v -0.71970 1.35950 0.02500
v -0.73110 1.35950 0.04500
v -0.71970 1.35950 0.04500
v -0.73110 1.34810 0.04500
v -0.71970 1.34810 0.04500
v -0.73110 1.34810 0.02500
v -0.71970 1.34810 0.02500
v -0.73110 1.35950 0.04500
v -0.71970 1.35950 0.04500
v -0.73110 1.34810 0.04500
v -0.71970 1.34810 0.04500
v -0.71970 1.35950 0.02500
v -0.73110 1.35950 0.02500
v -0.71970 1.34810 0.02500
v -0.73110 1.34810 0.02500
v -0.76930 1.34710 0.04500
v -0.76930 1.34710 0.02500
v -0.76930 1.33570 0.04500
v -0.76930 1.33570 0.02500
v -0.78070 1.34710 0.02500
v -0.78070 1.34710 0.04500
v -0.78070 1.33570 0.02500
v -0.78070 1.33570 0.04500
v -0.78070 1.34710 0.02500
v -0.76930 1.34710 0.02500
v -0.78070 1.34710 0.04500
v -0.76930 1.34710 0.04500
v -0.78070 1.33570 0.04500
v -0.76930 1.33570 0.04500
v -0.78070 1.33570 0.02500
v -0.76930 1.33570 0.02500
v -0.78070 1.34710 0.04500
v -0.76930 1.34710 0.04500
v -0.78070 1.33570 0.04500
v -0.76930 1.33570 0.04500
v -0.76930 1.34710 0.02500
v -0.78070 1.34710 0.02500
v -0.76930 1.33570 0.02500
v -0.78070 1.33570 0.02500
v -0.71970 1.34710 0.04500
v -0.71970 1.34710 0.02500
v -0.71970 1.33570 0.04500
v -0.71970 1.33570 0.02500
v -0.73110 1.34710 0.02500
v -0.73110 1.34710 0.04500
v -0.73110 1.33570 0.02500
v -0.73110 1.33570 0.04500
v -0.73110 1.34710 0.02500
v -0.71970 1.34710 0.02500
v -0.73110 1.34710 0.04500
v -0.71970 1.34710 0.04500
v -0.73110 1.33570 0.04500
v -0.71970 1.33570 0.04500
v -0.73110 1.33570 0.02500
v -0.71970 1.33570 0.02500
v -0.73110 1.34710 0.04500
v -0.71970 1.34710 0.04500
v -0.73110 1.33570 0.04500
v -0.71970 1.33570 0.04500
v -0.71970 1.34710 0.02500
v -0.73110 1.34710 0.02500
v -0.71970 1.33570 0.02500
v -0.73110 1.33570 0.02500
v -0.76930 1.33470 0.04500
v -0.76930 1.33470 0.02500
v -0.76930 1.32330 0.04500
v -0.76930 1.32330 0.02500
v -0.78070 1.33470 0.02500
v -0.78070 1.33470 0.04500
v -0.78070 1.32330 0.02500
v -0.78070 1.32330 0.04500
v -0.78070 1.33470 0.02500
v -0.76930 1.33470 0.02500
v -0.78070 1.33470 0.04500
v -0.76930 1.33470 0.04500
v -0.78070 1.32330 0.04500
v -0.76930 1.32330 0.04500
v -0.78070 1.32330 0.02500
v -0.76930 1.32330 0.02500
v -0.78070 1.33470 0.04500
v -0.76930 1.33470 0.04500
v -0.78070 1.32330 0.04500
v -0.76930 1.32330 0.04500
v -0.76930 1.33470 0.02500
v -0.78070 1.33470 0.02500
v -0.76930 1.32330 0.02500
v -0.78070 1.32330 0.02500
v -0.71970 1.33470 0.04500
v -0.71970 1.33470 0.02500
v -0.71970 1.32330 0.04500
v -0.71970 1.32330 0.02500
v -0.73110 1.33470 0.02500
v -0.73110 1.33470 0.04500
v -0.73110 1.32330 0.02500
v -0.73110 1.32330 0.04500
v -0.73110 1.33470 0.02500
v -0.71970 1.33470 0.02500
v -0.73110 1.33470 0.04500
v -0.71970 1.33470 0.04500
v -0.73110 1.32330 0.04500
v -0.71970 1.32330 0.04500
v -0.73110 1.32330 0.02500
v -0.71970 1.32330 0.02500
v -0.73110 1.33470 0.04500
v -0.71970 1.33470 0.04500
v -0.73110 1.32330 0.04500
v -0.71970 1.32330 0.04500
v -0.71970 1.33470 0.02500
v -0.73110 1.33470 0.02500
v -0.71970 1.32330 0.02500
v -0.73110 1.32330 0.02500
v -0.76930 1.32230 0.04500
v -0.76930 1.32230 0.02500
v -0.76930 1.31090 0.04500
v -0.76930 1.31090 0.02500
v -0.78070 1.32230 0.02500
v -0.78070 1.32230 0.04500
v -0.78070 1.31090 0.02500
v -0.78070 1.31090 0.04500
v -0.78070 1.32230 0.02500
v -0.76930 1.32230 0.02500
v -0.78070 1.32230 0.04500
v -0.76930 1.32230 0.04500
v -0.78070 1.31090 0.04500
v -0.76930 1.31090 0.04500
v -0.78070 1.31090 0.02500
v -0.76930 1.31090 0.02500
v -0.78070 1.32230 0.04500
v -0.76930 1.32230 0.04500
v -0.78070 1.31090 0.04500
v -0.76930 1.31090 0.04500
v -0.76930 1.32230 0.02500
v -0.78070 1.32230 0.02500
v -0.76930 1.31090 0.02500
v -0.78070 1.31090 0.02500
v -0.71970 1.32230 0.04500
v -0.71970 1.32230 0.02500
v -0.71970 1.31090 0.04500
v -0.71970 1.31090 0.02500
v -0.73110 1.32230 0.02500
v -0.73110 1.32230 0.04500
v -0.73110 1.31090 0.02500
v -0.73110 1.31090 0.04500
v -0.73110 1.32230 0.02500
v -0.71970 1.32230 0.02500
v -0.73110 1.32230 0.04500
v -0.71970 1.32230 0.04500
v -0.73110 1.31090 0.04500
v -0.71970 1.31090 0.04500
v -0.73110 1.31090 0.02500
v -0.71970 1.31090 0.02500
v -0.73110 1.32230 0.04500
v -0.71970 1.32230 0.04500
v -0.73110 1.31090 0.04500
v -0.71970 1.31090 0.04500
v -0.71970 1.32230 0.02500
v -0.73110 1.32230 0.02500
v -0.71970 1.31090 0.02500
v -0.73110 1.31090 0.02500
v -0.76930 1.30990 0.04500
v -0.76930 1.30990 0.02500
v -0.76930 1.29850 0.04500
v -0.76930 1.29850 0.02500
v -0.78070 1.30990 0.02500
v -0.78070 1.30990 0.04500
v -0.78070 1.29850 0.02500
v -0.78070 1.29850 0.04500
v -0.78070 1.30990 0.02500
v -0.76930 1.30990 0.02500
v -0.78070 1.30990 0.04500
v -0.76930 1.30990 0.04500
v -0.78070 1.29850 0.04500
v -0.76930 1.29850 0.04500
v -0.78070 1.29850 0.02500
v -0.76930 1.29850 0.02500
v -0.78070 1.30990 0.04500
v -0.76930 1.30990 0.04500
v -0.78070 1.29850 0.04500
v -0.76930 1.29850 0.04500
v -0.76930 1.30990 0.02500
v -0.78070 1.30990 0.02500
v -0.76930 1.29850 0.02500
v -0.78070 1.29850 0.02500
v -0.71970 1.30990 0.04500
v -0.71970 1.30990 0.02500
v -0.71970 1.29850 0.04500
v -0.71970 1.29850 0.02500
v -0.73110 1.30990 0.02500
v -0.73110 1.30990 0.04500
v -0.73110 1.29850 0.02500
v -0.73110 1.29850 0.04500
v -0.73110 1.30990 0.02500
v -0.71970 1.30990 0.02500
v -0.73110 1.30990 0.04500
v -0.71970 1.30990 0.04500
v -0.73110 1.29850 0.04500
v -0.71970 1.29850 0.04500
v -0.73110 1.29850 0.02500
v -0.71970 1.29850 0.02500
v -0.73110 1.30990 0.04500
v -0.71970 1.30990 0.04500
v -0.73110 1.29850 0.04500
v -0.71970 1.29850 0.04500
v -0.71970 1.30990 0.02500
v -0.73110 1.30990 0.02500
v -0.71970 1.29850 0.02500
v -0.73110 1.29850 0.02500
v -0.75690 1.29750 0.04500
v -0.75690 1.29750 0.02500
v -0.75690 1.28610 0.04500
v -0.75690 1.28610 0.02500
v -0.76830 1.29750 0.02500
v -0.76830 1.29750 0.04500
v -0.76830 1.28610 0.02500
v -0.76830 1.28610 0.04500
v -0.76830 1.29750 0.02500
v -0.75690 1.29750 0.02500
v -0.76830 1.29750 0.04500
v -0.75690 1.29750 0.04500
v -0.76830 1.28610 0.04500
v -0.75690 1.28610 0.04500
v -0.76830 1.28610 0.02500
v -0.75690 1.28610 0.02500
v -0.76830 1.29750 0.04500
v -0.75690 1.29750 0.04500
v -0.76830 1.28610 0.04500
v -0.75690 1.28610 0.04500
v -0.75690 1.29750 0.02500
v -0.76830 1.29750 0.02500
v -0.75690 1.28610 0.02500
v -0.76830 1.28610 0.02500
v -0.74450 1.29750 0.04500
v -0.74450 1.29750 0.02500
v -0.74450 1.28610 0.04500
v -0.74450 1.28610 0.02500
v -0.75590 1.29750 0.02500
v -0.75590 1.29750 0.04500
v -0.75590 1.28610 0.02500
v -0.75590 1.28610 0.04500
v -0.75590 1.29750 0.02500
v -0.74450 1.29750 0.02500
v -0.75590 1.29750 0.04500
v -0.74450 1.29750 0.04500
v -0.75590 1.28610 0.04500
v -0.74450 1.28610 0.04500
v -0.75590 1.28610 0.02500
v -0.74450 1.28610 0.02500
v -0.75590 1.29750 0.04500
v -0.74450 1.29750 0.04500
v -0.75590 1.28610 0.04500
v -0.74450 1.28610 0.04500
v -0.74450 1.29750 0.02500
v -0.75590 1.29750 0.02500
v -0.74450 1.28610 0.02500
v -0.75590 1.28610 0.02500
v -0.73210 1.29750 0.04500
v -0.73210 1.29750 0.02500
v -0.73210 1.28610 0.04500
v -0.73210 1.28610 0.02500
v -0.74350 1.29750 0.02500
v -0.74350 1.29750 0.04500
v -0.74350 1.28610 0.02500
v -0.74350 1.28610 0.04500
v -0.74350 1.29750 0.02500
v -0.73210 1.29750 0.02500
v -0.74350 1.29750 0.04500
v -0.73210 1.29750 0.04500
v -0.74350 1.28610 0.04500
v -0.73210 1.28610 0.04500
v -0.74350 1.28610 0.02500
v -0.73210 1.28610 0.02500
v -0.74350 1.29750 0.04500
v -0.73210 1.29750 0.04500
v -0.74350 1.28610 0.04500
v -0.73210 1.28610 0.04500
v -0.73210 1.29750 0.02500
v -0.74350 1.29750 0.02500
v -0.73210 1.28610 0.02500
v -0.74350 1.28610 0.02500
v -0.69490 1.37190 0.04500
v -0.69490 1.37190 0.02500
v -0.69490 1.36050 0.04500
v -0.69490 1.36050 0.02500
v -0.70630 1.37190 0.02500
v -0.70630 1.37190 0.04500
v -0.70630 1.36050 0.02500
v -0.70630 1.36050 0.04500
v -0.70630 1.37190 0.02500
v -0.69490 1.37190 0.02500
v -0.70630 1.37190 0.04500
v -0.69490 1.37190 0.04500
v -0.70630 1.36050 0.04500
v -0.69490 1.36050 0.04500
v -0.70630 1.36050 0.02500
v -0.69490 1.36050 0.02500
v -0.70630 1.37190 0.04500
v -0.69490 1.37190 0.04500
v -0.70630 1.36050 0.04500
v -0.69490 1.36050 0.04500
v -0.69490 1.37190 0.02500
v -0.70630 1.37190 0.02500
v -0.69490 1.36050 0.02500
v -0.70630 1.36050 0.02500
v -0.68250 1.37190 0.04500
v -0.68250 1.37190 0.02500
v -0.68250 1.36050 0.04500
v -0.68250 1.36050 0.02500
v -0.69390 1.37190 0.02500
v -0.69390 1.37190 0.04500
v -0.69390 1.36050 0.02500
v -0.69390 1.36050 0.04500
v -0.69390 1.37190 0.02500
v -0.68250 1.37190 0.02500
v -0.69390 1.37190 0.04500
v -0.68250 1.37190 0.04500
v -0.69390 1.36050 0.04500
v -0.68250 1.36050 0.04500
v -0.69390 1.36050 0.02500
v -0.68250 1.36050 0.02500
v -0.69390 1.37190 0.04500
v -0.68250 1.37190 0.04500
v -0.69390 1.36050 0.04500
v -0.68250 1.36050 0.04500
v -0.68250 1.37190 0.02500
v -0.69390 1.37190 0.02500
v -0.68250 1.36050 0.02500
v -0.69390 1.36050 0.02500
v -0.67010 1.37190 0.04500
v -0.67010 1.37190 0.02500
v -0.67010 1.36050 0.04500
v -0.67010 1.36050 0.02500
v -0.68150 1.37190 0.02500
v -0.68150 1.37190 0.04500
v -0.68150 1.36050 0.02500
v -0.68150 1.36050 0.04500
v -0.68150 1.37190 0.02500
v -0.67010 1.37190 0.02500
v -0.68150 1.37190 0.04500
v -0.67010 1.37190 0.04500
v -0.68150 1.36050 0.04500
v -0.67010 1.36050 0.04500
v -0.68150 1.36050 0.02500
v -0.67010 1.36050 0.02500
v -0.68150 1.37190 0.04500
v -0.67010 1.37190 0.04500
v -0.68150 1.36050 0.04500
v -0.67010 1.36050 0.04500
v -0.67010 1.37190 0.02500
v -0.68150 1.37190 0.02500
v -0.67010 1.36050 0.02500
v -0.68150 1.36050 0.02500
v -0.65770 1.37190 0.04500
v -0.65770 1.37190 0.02500
v -0.65770 1.36050 0.04500
v -0.65770 1.36050 0.02500
v -0.66910 1.37190 0.02500
v -0.66910 1.37190 0.04500
v -0.66910 1.36050 0.02500
v -0.66910 1.36050 0.04500
v -0.66910 1.37190 0.02500
v -0.65770 1.37190 0.02500
v -0.66910 1.37190 0.04500
v -0.65770 1.37190 0.04500
v -0.66910 1.36050 0.04500
v -0.65770 1.36050 0.04500
v -0.66910 1.36050 0.02500
v -0.65770 1.36050 0.02500
v -0.66910 1.37190 0.04500
v -0.65770 1.37190 0.04500
v -0.66910 1.36050 0.04500
v -0.65770 1.36050 0.04500
v -0.65770 1.37190 0.02500
v -0.66910 1.37190 0.02500
v -0.65770 1.36050 0.02500
v -0.66910 1.36050 0.02500
v -0.64530 1.37190 0.04500
v -0.64530 1.37190 0.02500
v -0.64530 1.36050 0.04500
v -0.64530 1.36050 0.02500
v -0.65670 1.37190 0.02500
v -0.65670 1.37190 0.04500
v -0.65670 1.36050 0.02500
v -0.65670 1.36050 0.04500
v -0.65670 1.37190 0.02500
v -0.64530 1.37190 0.02500
v -0.65670 1.37190 0.04500
v -0.64530 1.37190 0.04500
v -0.65670 1.36050 0.04500
v -0.64530 1.36050 0.04500
v -0.65670 1.36050 0.02500
v -0.64530 1.36050 0.02500
v -0.65670 1.37190 0.04500
v -0.64530 1.37190 0.04500
v -0.65670 1.36050 0.04500
v -0.64530 1.36050 0.04500
v -0.64530 1.37190 0.02500
v -0.65670 1.37190 0.02500
v -0.64530 1.36050 0.02500
v -0.65670 1.36050 0.02500
v -0.69490 1.35950 0.04500
v -0.69490 1.35950 0.02500
v -0.69490 1.34810 0.04500
v -0.69490 1.34810 0.02500
v -0.70630 1.35950 0.02500
v -0.70630 1.35950 0.04500
v -0.70630 1.34810 0.02500
v -0.70630 1.34810 0.04500
v -0.70630 1.35950 0.02500
v -0.69490 1.35950 0.02500
v -0.70630 1.35950 0.04500
v -0.69490 1.35950 0.04500
v -0.70630 1.34810 0.04500
v -0.69490 1.34810 0.04500
v -0.70630 1.34810 0.02500
v -0.69490 1.34810 0.02500
v -0.70630 1.35950 0.04500
v -0.69490 1.35950 0.04500
v -0.70630 1.34810 0.04500
v -0.69490 1.34810 0.04500
v -0.69490 1.35950 0.02500
v -0.70630 1.35950 0.02500
v -0.69490 1.34810 0.02500
v -0.70630 1.34810 0.02500
v -0.69490 1.34710 0.04500
v -0.69490 1.34710 0.02500
v -0.69490 1.33570 0.04500
v -0.69490 1.33570 0.02500
v -0.70630 1.34710 0.02500
v -0.70630 1.34710 0.04500
v -0.70630 1.33570 0.02500
v -0.70630 1.33570 0.04500
v -0.70630 1.34710 0.02500
v -0.69490 1.34710 0.02500
v -0.70630 1.34710 0.04500
v -0.69490 1.34710 0.04500
v -0.70630 1.33570 0.04500
v -0.69490 1.33570 0.04500
v -0.70630 1.33570 0.02500
v -0.69490 1.33570 0.02500
v -0.70630 1.34710 0.04500
v -0.69490 1.34710 0.04500
v -0.70630 1.33570 0.04500
v -0.69490 1.33570 0.04500
v -0.69490 1.34710 0.02500
v -0.70630 1.34710 0.02500
v -0.69490 1.33570 0.02500
v -0.70630 1.33570 0.02500
v -0.69490 1.33470 0.04500
v -0.69490 1.33470 0.02500
v -0.69490 1.32330 0.04500
v -0.69490 1.32330 0.02500
v -0.70630 1.33470 0.02500
v -0.70630 1.33470 0.04500
v -0.70630 1.32330 0.02500
v -0.70630 1.32330 0.04500
v -0.70630 1.33470 0.02500
v -0.69490 1.33470 0.02500
v -0.70630 1.33470 0.04500
v -0.69490 1.33470 0.04500
v -0.70630 1.32330 0.04500
v -0.69490 1.32330 0.04500
v -0.70630 1.32330 0.02500
v -0.69490 1.32330 0.02500
v -0.70630 1.33470 0.04500
v -0.69490 1.33470 0.04500
v -0.70630 1.32330 0.04500
v -0.69490 1.32330 0.04500
v -0.69490 1.33470 0.02500
v -0.70630 1.33470 0.02500
v -0.69490 1.32330 0.02500
v -0.70630 1.32330 0.02500
v -0.68250 1.33470 0.04500
v -0.68250 1.33470 0.02500
v -0.68250 1.32330 0.04500
v -0.68250 1.32330 0.02500
v -0.69390 1.33470 0.02500
v -0.69390 1.33470 0.04500
v -0.69390 1.32330 0.02500
v -0.69390 1.32330 0.04500
v -0.69390 1.33470 0.02500
v -0.68250 1.33470 0.02500
v -0.69390 1.33470 0.04500
v -0.68250 1.33470 0.04500
v -0.69390 1.32330 0.04500
v -0.68250 1.32330 0.04500
v -0.69390 1.32330 0.02500
v -0.68250 1.32330 0.02500
v -0.69390 1.33470 0.04500
v -0.68250 1.33470 0.04500
v -0.69390 1.32330 0.04500
v -0.68250 1.32330 0.04500
v -0.68250 1.33470 0.02500
v -0.69390 1.33470 0.02500
v -0.68250 1.32330 0.02500
v -0.69390 1.32330 0.02500
v -0.67010 1.33470 0.04500
v -0.67010 1.33470 0.02500
v -0.67010 1.32330 0.04500
v -0.67010 1.32330 0.02500
v -0.68150 1.33470 0.02500
v -0.68150 1.33470 0.04500
v -0.68150 1.32330 0.02500
v -0.68150 1.32330 0.04500
v -0.68150 1.33470 0.02500
v -0.67010 1.33470 0.02500
v -0.68150 1.33470 0.04500
v -0.67010 1.33470 0.04500
v -0.68150 1.32330 0.04500
v -0.67010 1.32330 0.04500
v -0.68150 1.32330 0.02500
v -0.67010 1.32330 0.02500
v -0.68150 1.33470 0.04500
v -0.67010 1.33470 0.04500
v -0.68150 1.32330 0.04500
v -0.67010 1.32330 0.04500
v -0.67010 1.33470 0.02500
v -0.68150 1.33470 0.02500
v -0.67010 1.32330 0.02500
v -0.68150 1.32330 0.02500
v -0.65770 1.33470 0.04500
v -0.65770 1.33470 0.02500
v -0.65770 1.32330 0.04500
v -0.65770 1.32330 0.02500
v -0.66910 1.33470 0.02500
v -0.66910 1.33470 0.04500
v -0.66910 1.32330 0.02500
v -0.66910 1.32330 0.04500
v -0.66910 1.33470 0.02500
v -0.65770 1.33470 0.02500
v -0.66910 1.33470 0.04500
v -0.65770 1.33470 0.04500
v -0.66910 1.32330 0.04500
v -0.65770 1.32330 0.04500
v -0.66910 1.32330 0.02500
v -0.65770 1.32330 0.02500
v -0.66910 1.33470 0.04500
v -0.65770 1.33470 0.04500
v -0.66910 1.32330 0.04500
v -0.65770 1.32330 0.04500
v -0.65770 1.33470 0.02500
v -0.66910 1.33470 0.02500
v -0.65770 1.32330 0.02500
v -0.66910 1.32330 0.02500
v -0.69490 1.32230 0.04500
v -0.69490 1.32230 0.02500
v -0.69490 1.31090 0.04500
v -0.69490 1.31090 0.02500
v -0.70630 1.32230 0.02500
v -0.70630 1.32230 0.04500
v -0.70630 1.31090 0.02500
v -0.70630 1.31090 0.04500
v -0.70630 1.32230 0.02500
v -0.69490 1.32230 0.02500
v -0.70630 1.32230 0.04500
v -0.69490 1.32230 0.04500
v -0.70630 1.31090 0.04500
v -0.69490 1.31090 0.04500
v -0.70630 1.31090 0.02500
v -0.69490 1.31090 0.02500
v -0.70630 1.32230 0.04500
v -0.69490 1.32230 0.04500
v -0.70630 1.31090 0.04500
v -0.69490 1.31090 0.04500
v -0.69490 1.32230 0.02500
v -0.70630 1.32230 0.02500
v -0.69490 1.31090 0.02500
v -0.70630 1.31090 0.02500
v -0.69490 1.30990 0.04500
v -0.69490 1.30990 0.02500
v -0.69490 1.29850 0.04500
v -0.69490 1.29850 0.02500
v -0.70630 1.30990 0.02500
v -0.70630 1.30990 0.04500
v -0.70630 1.29850 0.02500
v -0.70630 1.29850 0.04500
v -0.70630 1.30990 0.02500
v -0.69490 1.30990 0.02500
v -0.70630 1.30990 0.04500
v -0.69490 1.30990 0.04500
v -0.70630 1.29850 0.04500
v -0.69490 1.29850 0.04500
v -0.70630 1.29850 0.02500
v -0.69490 1.29850 0.02500
v -0.70630 1.30990 0.04500
v -0.69490 1.30990 0.04500
v -0.70630 1.29850 0.04500
v -0.69490 1.29850 0.04500
v -0.69490 1.30990 0.02500
v -0.70630 1.30990 0.02500
v -0.69490 1.29850 0.02500
v -0.70630 1.29850 0.02500
v -0.69490 1.29750 0.04500
v -0.69490 1.29750 0.02500
v -0.69490 1.28610 0.04500
v -0.69490 1.28610 0.02500
v -0.70630 1.29750 0.02500
v -0.70630 1.29750 0.04500
v -0.70630 1.28610 0.02500
v -0.70630 1.28610 0.04500
v -0.70630 1.29750 0.02500
v -0.69490 1.29750 0.02500
v -0.70630 1.29750 0.04500
v -0.69490 1.29750 0.04500
v -0.70630 1.28610 0.04500
v -0.69490 1.28610 0.04500
v -0.70630 1.28610 0.02500
v -0.69490 1.28610 0.02500
v -0.70630 1.29750 0.04500
v -0.69490 1.29750 0.04500
v -0.70630 1.28610 0.04500
v -0.69490 1.28610 0.04500
v -0.69490 1.29750 0.02500
v -0.70630 1.29750 0.02500
v -0.69490 1.28610 0.02500
v -0.70630 1.28610 0.02500
v -0.68250 1.29750 0.04500
v -0.68250 1.29750 0.02500
v -0.68250 1.28610 0.04500
v -0.68250 1.28610 0.02500
v -0.69390 1.29750 0.02500
v -0.69390 1.29750 0.04500
v -0.69390 1.28610 0.02500
v -0.69390 1.28610 0.04500
v -0.69390 1.29750 0.02500
v -0.68250 1.29750 0.02500
v -0.69390 1.29750 0.04500
v -0.68250 1.29750 0.04500
v -0.69390 1.28610 0.04500
v -0.68250 1.28610 0.04500
v -0.69390 1.28610 0.02500
v -0.68250 1.28610 0.02500
v -0.69390 1.29750 0.04500
v -0.68250 1.29750 0.04500
v -0.69390 1.28610 0.04500
v -0.68250 1.28610 0.04500
v -0.68250 1.29750 0.02500
v -0.69390 1.29750 0.02500
v -0.68250 1.28610 0.02500
v -0.69390 1.28610 0.02500
v -0.67010 1.29750 0.04500
v -0.67010 1.29750 0.02500
v -0.67010 1.28610 0.04500
v -0.67010 1.28610 0.02500
v -0.68150 1.29750 0.02500
v -0.68150 1.29750 0.04500
v -0.68150 1.28610 0.02500
v -0.68150 1.28610 0.04500
v -0.68150 1.29750 0.02500
v -0.67010 1.29750 0.02500
v -0.68150 1.29750 0.04500
v -0.67010 1.29750 0.04500
v -0.68150 1.28610 0.04500
v -0.67010 1.28610 0.04500
v -0.68150 1.28610 0.02500
v -0.67010 1.28610 0.02500
v -0.68150 1.29750 0.04500
v -0.67010 1.29750 0.04500
v -0.68150 1.28610 0.04500
v -0.67010 1.28610 0.04500
v -0.67010 1.29750 0.02500
v -0.68150 1.29750 0.02500
v -0.67010 1.28610 0.02500
v -0.68150 1.28610 0.02500
v -0.65770 1.29750 0.04500
v -0.65770 1.29750 0.02500
v -0.65770 1.28610 0.04500
v -0.65770 1.28610 0.02500
v -0.66910 1.29750 0.02500
v -0.66910 1.29750 0.04500
v -0.66910 1.28610 0.02500
v -0.66910 1.28610 0.04500
v -0.66910 1.29750 0.02500
v -0.65770 1.29750 0.02500
v -0.66910 1.29750 0.04500
v -0.65770 1.29750 0.04500
v -0.66910 1.28610 0.04500
v -0.65770 1.28610 0.04500
v -0.66910 1.28610 0.02500
v -0.65770 1.28610 0.02500
v -0.66910 1.29750 0.04500
v -0.65770 1.29750 0.04500
v -0.66910 1.28610 0.04500
v -0.65770 1.28610 0.04500
v -0.65770 1.29750 0.02500
v -0.66910 1.29750 0.02500
v -0.65770 1.28610 0.02500
v -0.66910 1.28610 0.02500
v -0.64530 1.29750 0.04500
v -0.64530 1.29750 0.02500
v -0.64530 1.28610 0.04500
v -0.64530 1.28610 0.02500
v -0.65670 1.29750 0.02500
v -0.65670 1.29750 0.04500
v -0.65670 1.28610 0.02500
v -0.65670 1.28610 0.04500
v -0.65670 1.29750 0.02500
v -0.64530 1.29750 0.02500
v -0.65670 1.29750 0.04500
v -0.64530 1.29750 0.04500
v -0.65670 1.28610 0.04500
v -0.64530 1.28610 0.04500
v -0.65670 1.28610 0.02500
v -0.64530 1.28610 0.02500
v -0.65670 1.29750 0.04500
v -0.64530 1.29750 0.04500
v -0.65670 1.28610 0.04500
v -0.64530 1.28610 0.04500
v -0.64530 1.29750 0.02500
v -0.65670 1.29750 0.02500
v -0.64530 1.28610 0.02500
v -0.65670 1.28610 0.02500
v -0.60810 1.37190 0.04500
v -0.60810 1.37190 0.02500
v -0.60810 1.36050 0.04500
v -0.60810 1.36050 0.02500
v -0.61950 1.37190 0.02500
v -0.61950 1.37190 0.04500
v -0.61950 1.36050 0.02500
v -0.61950 1.36050 0.04500
v -0.61950 1.37190 0.02500
v -0.60810 1.37190 0.02500
v -0.61950 1.37190 0.04500
v -0.60810 1.37190 0.04500
v -0.61950 1.36050 0.04500
v -0.60810 1.36050 0.04500
v -0.61950 1.36050 0.02500
v -0.60810 1.36050 0.02500
v -0.61950 1.37190 0.04500
v -0.60810 1.37190 0.04500
v -0.61950 1.36050 0.04500
v -0.60810 1.36050 0.04500
v -0.60810 1.37190 0.02500
v -0.61950 1.37190 0.02500
v -0.60810 1.36050 0.02500
v -0.61950 1.36050 0.02500
v -0.59570 1.37190 0.04500
v -0.59570 1.37190 0.02500
v -0.59570 1.36050 0.04500
v -0.59570 1.36050 0.02500
v -0.60710 1.37190 0.02500
v -0.60710 1.37190 0.04500
v -0.60710 1.36050 0.02500
v -0.60710 1.36050 0.04500
v -0.60710 1.37190 0.02500
v -0.59570 1.37190 0.02500
v -0.60710 1.37190 0.04500
v -0.59570 1.37190 0.04500
v -0.60710 1.36050 0.04500
v -0.59570 1.36050 0.04500
v -0.60710 1.36050 0.02500
v -0.59570 1.36050 0.02500
v -0.60710 1.37190 0.04500
v -0.59570 1.37190 0.04500
v -0.60710 1.36050 0.04500
v -0.59570 1.36050 0.04500
v -0.59570 1.37190 0.02500
v -0.60710 1.37190 0.02500
v -0.59570 1.36050 0.02500
v -0.60710 1.36050 0.02500
v -0.58330 1.37190 0.04500
v -0.58330 1.37190 0.02500
v -0.58330 1.36050 0.04500
v -0.58330 1.36050 0.02500
v -0.59470 1.37190 0.02500
v -0.59470 1.37190 0.04500
v -0.59470 1.36050 0.02500
v -0.59470 1.36050 0.04500
v -0.59470 1.37190 0.02500
v -0.58330 1.37190 0.02500
v -0.59470 1.37190 0.04500
v -0.58330 1.37190 0.04500
v -0.59470 1.36050 0.04500
v -0.58330 1.36050 0.04500
v -0.59470 1.36050 0.02500
v -0.58330 1.36050 0.02500
v -0.59470 1.37190 0.04500
v -0.58330 1.37190 0.04500
v -0.59470 1.36050 0.04500
v -0.58330 1.36050 0.04500
v -0.58330 1.37190 0.02500
v -0.59470 1.37190 0.02500
v -0.58330 1.36050 0.02500
v -0.59470 1.36050 0.02500
v -0.57090 1.37190 0.04500
v -0.57090 1.37190 0.02500
v -0.57090 1.36050 0.04500
v -0.57090 1.36050 0.02500
v -0.58230 1.37190 0.02500
v -0.58230 1.37190 0.04500
v -0.58230 1.36050 0.02500
v -0.58230 1.36050 0.04500
v -0.58230 1.37190 0.02500
v -0.57090 1.37190 0.02500
v -0.58230 1.37190 0.04500
v -0.57090 1.37190 0.04500
v -0.58230 1.36050 0.04500
v -0.57090 1.36050 0.04500
v -0.58230 1.36050 0.02500
v -0.57090 1.36050 0.02500
v -0.58230 1.37190 0.04500
v -0.57090 1.37190 0.04500
v -0.58230 1.36050 0.04500
v -0.57090 1.36050 0.04500
v -0.57090 1.37190 0.02500
v -0.58230 1.37190 0.02500
v -0.57090 1.36050 0.02500
v -0.58230 1.36050 0.02500
v -0.62050 1.35950 0.04500
v -0.62050 1.35950 0.02500
v -0.62050 1.34810 0.04500
v -0.62050 1.34810 0.02500
v -0.63190 1.35950 0.02500
v -0.63190 1.35950 0.04500
v -0.63190 1.34810 0.02500
v -0.63190 1.34810 0.04500
v -0.63190 1.35950 0.02500
v -0.62050 1.35950 0.02500
v -0.63190 1.35950 0.04500
v -0.62050 1.35950 0.04500
v -0.63190 1.34810 0.04500
v -0.62050 1.34810 0.04500
v -0.63190 1.34810 0.02500
v -0.62050 1.34810 0.02500
v -0.63190 1.35950 0.04500
v -0.62050 1.35950 0.04500
v -0.63190 1.34810 0.04500
v -0.62050 1.34810 0.04500
v -0.62050 1.35950 0.02500
v -0.63190 1.35950 0.02500
v -0.62050 1.34810 0.02500
v -0.63190 1.34810 0.02500
v -0.62050 1.34710 0.04500
v -0.62050 1.34710 0.02500
v -0.62050 1.33570 0.04500
v -0.62050 1.33570 0.02500
v -0.63190 1.34710 0.02500
v -0.63190 1.34710 0.04500
v -0.63190 1.33570 0.02500
v -0.63190 1.33570 0.04500
v -0.63190 1.34710 0.02500
v -0.62050 1.34710 0.02500
v -0.63190 1.34710 0.04500
v -0.62050 1.34710 0.04500
v -0.63190 1.33570 0.04500
v -0.62050 1.33570 0.04500
v -0.63190 1.33570 0.02500
v -0.62050 1.33570 0.02500
v -0.63190 1.34710 0.04500
v -0.62050 1.34710 0.04500
v -0.63190 1.33570 0.04500
v -0.62050 1.33570 0.04500
v -0.62050 1.34710 0.02500
v -0.63190 1.34710 0.02500
v -0.62050 1.33570 0.02500
v -0.63190 1.33570 0.02500
v -0.60810 1.33470 0.04500
v -0.60810 1.33470 0.02500
v -0.60810 1.32330 0.04500
v -0.60810 1.32330 0.02500
v -0.61950 1.33470 0.02500
v -0.61950 1.33470 0.04500
v -0.61950 1.32330 0.02500
v -0.61950 1.32330 0.04500
v -0.61950 1.33470 0.02500
v -0.60810 1.33470 0.02500
v -0.61950 1.33470 0.04500
v -0.60810 1.33470 0.04500
v -0.61950 1.32330 0.04500
v -0.60810 1.32330 0.04500
v -0.61950 1.32330 0.02500
v -0.60810 1.32330 0.02500
v -0.61950 1.33470 0.04500
v -0.60810 1.33470 0.04500
v -0.61950 1.32330 0.04500
v -0.60810 1.32330 0.04500
v -0.60810 1.33470 0.02500
v -0.61950 1.33470 0.02500
v -0.60810 1.32330 0.02500
v -0.61950 1.32330 0.02500
v -0.59570 1.33470 0.04500
v -0.59570 1.33470 0.02500
v -0.59570 1.32330 0.04500
v -0.59570 1.32330 0.02500
v -0.60710 1.33470 0.02500
v -0.60710 1.33470 0.04500
v -0.60710 1.32330 0.02500
v -0.60710 1.32330 0.04500
v -0.60710 1.33470 0.02500
v -0.59570 1.33470 0.02500
v -0.60710 1.33470 0.04500
v -0.59570 1.33470 0.04500
v -0.60710 1.32330 0.04500
v -0.59570 1.32330 0.04500
v -0.60710 1.32330 0.02500
v -0.59570 1.32330 0.02500
v -0.60710 1.33470 0.04500
v -0.59570 1.33470 0.04500
v -0.60710 1.32330 0.04500
v -0.59570 1.32330 0.04500
v -0.59570 1.33470 0.02500
v -0.60710 1.33470 0.02500
v -0.59570 1.32330 0.02500
v -0.60710 1.32330 0.02500
v -0.58330 1.33470 0.04500
v -0.58330 1.33470 0.02500
v -0.58330 1.32330 0.04500
v -0.58330 1.32330 0.02500
v -0.59470 1.33470 0.02500
v -0.59470 1.33470 0.04500
v -0.59470 1.32330 0.02500
v -0.59470 1.32330 0.04500
v -0.59470 1.33470 0.02500
v -0.58330 1.33470 0.02500
v -0.59470 1.33470 0.04500
v -0.58330 1.33470 0.04500
v -0.59470 1.32330 0.04500
v -0.58330 1.32330 0.04500
v -0.59470 1.32330 0.02500
v -0.58330 1.32330 0.02500
v -0.59470 1.33470 0.04500
v -0.58330 1.33470 0.04500
v -0.59470 1.32330 0.04500
v -0.58330 1.32330 0.04500
v -0.58330 1.33470 0.02500
v -0.59470 1.33470 0.02500
v -0.58330 1.32330 0.02500
v -0.59470 1.32330 0.02500
v -0.57090 1.32230 0.04500
v -0.57090 1.32230 0.02500
v -0.57090 1.31090 0.04500
v -0.57090 1.31090 0.02500
v -0.58230 1.32230 0.02500
v -0.58230 1.32230 0.04500
v -0.58230 1.31090 0.02500
v -0.58230 1.31090 0.04500
v -0.58230 1.32230 0.02500
v -0.57090 1.32230 0.02500
v -0.58230 1.32230 0.04500
v -0.57090 1.32230 0.04500
v -0.58230 1.31090 0.04500
v -0.57090 1.31090 0.04500
v -0.58230 1.31090 0.02500
v -0.57090 1.31090 0.02500
v -0.58230 1.32230 0.04500
v -0.57090 1.32230 0.04500
v -0.58230 1.31090 0.04500
v -0.57090 1.31090 0.04500
v -0.57090 1.32230 0.02500
v -0.58230 1.32230 0.02500
v -0.57090 1.31090 0.02500
v -0.58230 1.31090 0.02500
v -0.57090 1.30990 0.04500
v -0.57090 1.30990 0.02500
v -0.57090 1.29850 0.04500
v -0.57090 1.29850 0.02500
v -0.58230 1.30990 0.02500
v -0.58230 1.30990 0.04500
v -0.58230 1.29850 0.02500
v -0.58230 1.29850 0.04500
v -0.58230 1.30990 0.02500
v -0.57090 1.30990 0.02500
v -0.58230 1.30990 0.04500
v -0.57090 1.30990 0.04500
v -0.58230 1.29850 0.04500
v -0.57090 1.29850 0.04500
v -0.58230 1.29850 0.02500
v -0.57090 1.29850 0.02500
v -0.58230 1.30990 0.04500
v -0.57090 1.30990 0.04500
v -0.58230 1.29850 0.04500
v -0.57090 1.29850 0.04500
v -0.57090 1.30990 0.02500
v -0.58230 1.30990 0.02500
v -0.57090 1.29850 0.02500
v -0.58230 1.29850 0.02500
v -0.62050 1.29750 0.04500
v -0.62050 1.29750 0.02500
v -0.62050 1.28610 0.04500
v -0.62050 1.28610 0.02500
v -0.63190 1.29750 0.02500
v -0.63190 1.29750 0.04500
v -0.63190 1.28610 0.02500
v -0.63190 1.28610 0.04500
v -0.63190 1.29750 0.02500
v -0.62050 1.29750 0.02500
v -0.63190 1.29750 0.04500
v -0.62050 1.29750 0.04500
v -0.63190 1.28610 0.04500
v -0.62050 1.28610 0.04500
v -0.63190 1.28610 0.02500
v -0.62050 1.28610 0.02500
v -0.63190 1.29750 0.04500
v -0.62050 1.29750 0.04500
v -0.63190 1.28610 0.04500
v -0.62050 1.28610 0.04500
v -0.62050 1.29750 0.02500
v -0.63190 1.29750 0.02500
v -0.62050 1.28610 0.02500
v -0.63190 1.28610 0.02500
v -0.60810 1.29750 0.04500
v -0.60810 1.29750 0.02500
v -0.60810 1.28610 0.04500
v -0.60810 1.28610 0.02500
v -0.61950 1.29750 0.02500
v -0.61950 1.29750 0.04500
v -0.61950 1.28610 0.02500
v -0.61950 1.28610 0.04500
v -0.61950 1.29750 0.02500
v -0.60810 1.29750 0.02500
v -0.61950 1.29750 0.04500
v -0.60810 1.29750 0.04500
v -0.61950 1.28610 0.04500
v -0.60810 1.28610 0.04500
v -0.61950 1.28610 0.02500
v -0.60810 1.28610 0.02500
v -0.61950 1.29750 0.04500
v -0.60810 1.29750 0.04500
v -0.61950 1.28610 0.04500
v -0.60810 1.28610 0.04500
v -0.60810 1.29750 0.02500
v -0.61950 1.29750 0.02500
v -0.60810 1.28610 0.02500
v -0.61950 1.28610 0.02500
v -0.59570 1.29750 0.04500
v -0.59570 1.29750 0.02500
v -0.59570 1.28610 0.04500
v -0.59570 1.28610 0.02500
v -0.60710 1.29750 0.02500
v -0.60710 1.29750 0.04500
v -0.60710 1.28610 0.02500
v -0.60710 1.28610 0.04500
v -0.60710 1.29750 0.02500
v -0.59570 1.29750 0.02500
v -0.60710 1.29750 0.04500
v -0.59570 1.29750 0.04500
v -0.60710 1.28610 0.04500
v -0.59570 1.28610 0.04500
v -0.60710 1.28610 0.02500
v -0.59570 1.28610 0.02500
v -0.60710 1.29750 0.04500
v -0.59570 1.29750 0.04500
v -0.60710 1.28610 0.04500
v -0.59570 1.28610 0.04500
v -0.59570 1.29750 0.02500
v -0.60710 1.29750 0.02500
v -0.59570 1.28610 0.02500
v -0.60710 1.28610 0.02500
v -0.58330 1.29750 0.04500
v -0.58330 1.29750 0.02500
v -0.58330 1.28610 0.04500
v -0.58330 1.28610 0.02500
v -0.59470 1.29750 0.02500
v -0.59470 1.29750 0.04500
v -0.59470 1.28610 0.02500
v -0.59470 1.28610 0.04500
v -0.59470 1.29750 0.02500
v -0.58330 1.29750 0.02500
v -0.59470 1.29750 0.04500
v -0.58330 1.29750 0.04500
v -0.59470 1.28610 0.04500
v -0.58330 1.28610 0.04500
v -0.59470 1.28610 0.02500
v -0.58330 1.28610 0.02500
v -0.59470 1.29750 0.04500
v -0.58330 1.29750 0.04500
v -0.59470 1.28610 0.04500
v -0.58330 1.28610 0.04500
v -0.58330 1.29750 0.02500
v -0.59470 1.29750 0.02500
v -0.58330 1.28610 0.02500
v -0.59470 1.28610 0.02500
v -0.47170 1.33470 0.04500
v -0.47170 1.33470 0.02500
v -0.47170 1.32330 0.04500
v -0.47170 1.32330 0.02500
v -0.48310 1.33470 0.02500
v -0.48310 1.33470 0.04500
v -0.48310 1.32330 0.02500
v -0.48310 1.32330 0.04500
v -0.48310 1.33470 0.02500
v -0.47170 1.33470 0.02500
v -0.48310 1.33470 0.04500
v -0.47170 1.33470 0.04500
v -0.48310 1.32330 0.04500
v -0.47170 1.32330 0.04500
v -0.48310 1.32330 0.02500
v -0.47170 1.32330 0.02500
v -0.48310 1.33470 0.04500
v -0.47170 1.33470 0.04500
v -0.48310 1.32330 0.04500
v -0.47170 1.32330 0.04500
v -0.47170 1.33470 0.02500
v -0.48310 1.33470 0.02500
v -0.47170 1.32330 0.02500
v -0.48310 1.32330 0.02500
v -0.45930 1.33470 0.04500
v -0.45930 1.33470 0.02500
v -0.45930 1.32330 0.04500
v -0.45930 1.32330 0.02500
v -0.47070 1.33470 0.02500
v -0.47070 1.33470 0.04500
v -0.47070 1.32330 0.02500
v -0.47070 1.32330 0.04500
v -0.47070 1.33470 0.02500
v -0.45930 1.33470 0.02500
v -0.47070 1.33470 0.04500
v -0.45930 1.33470 0.04500
v -0.47070 1.32330 0.04500
v -0.45930 1.32330 0.04500
v -0.47070 1.32330 0.02500
v -0.45930 1.32330 0.02500
v -0.47070 1.33470 0.04500
v -0.45930 1.33470 0.04500
v -0.47070 1.32330 0.04500
v -0.45930 1.32330 0.04500
v -0.45930 1.33470 0.02500
v -0.47070 1.33470 0.02500
v -0.45930 1.32330 0.02500
v -0.47070 1.32330 0.02500
v -0.44690 1.33470 0.04500
v -0.44690 1.33470 0.02500
v -0.44690 1.32330 0.04500
v -0.44690 1.32330 0.02500
v -0.45830 1.33470 0.02500
v -0.45830 1.33470 0.04500
v -0.45830 1.32330 0.02500
v -0.45830 1.32330 0.04500
v -0.45830 1.33470 0.02500
v -0.44690 1.33470 0.02500
v -0.45830 1.33470 0.04500
v -0.44690 1.33470 0.04500
v -0.45830 1.32330 0.04500
v -0.44690 1.32330 0.04500
v -0.45830 1.32330 0.02500
v -0.44690 1.32330 0.02500
v -0.45830 1.33470 0.04500
v -0.44690 1.33470 0.04500
v -0.45830 1.32330 0.04500
v -0.44690 1.32330 0.04500
v -0.44690 1.33470 0.02500
v -0.45830 1.33470 0.02500
v -0.44690 1.32330 0.02500
v -0.45830 1.32330 0.02500
v -0.43450 1.33470 0.04500
v -0.43450 1.33470 0.02500
v -0.43450 1.32330 0.04500
v -0.43450 1.32330 0.02500
v -0.44590 1.33470 0.02500
v -0.44590 1.33470 0.04500
v -0.44590 1.32330 0.02500
v -0.44590 1.32330 0.04500
v -0.44590 1.33470 0.02500
v -0.43450 1.33470 0.02500
v -0.44590 1.33470 0.04500
v -0.43450 1.33470 0.04500
v -0.44590 1.32330 0.04500
v -0.43450 1.32330 0.04500
v -0.44590 1.32330 0.02500
v -0.43450 1.32330 0.02500
v -0.44590 1.33470 0.04500
v -0.43450 1.33470 0.04500
v -0.44590 1.32330 0.04500
v -0.43450 1.32330 0.04500
v -0.43450 1.33470 0.02500
v -0.44590 1.33470 0.02500
v -0.43450 1.32330 0.02500
v -0.44590 1.32330 0.02500
v -0.42210 1.33470 0.04500
v -0.42210 1.33470 0.02500
v -0.42210 1.32330 0.04500
v -0.42210 1.32330 0.02500
v -0.43350 1.33470 0.02500
v -0.43350 1.33470 0.04500
v -0.43350 1.32330 0.02500
v -0.43350 1.32330 0.04500
v -0.43350 1.33470 0.02500
v -0.42210 1.33470 0.02500
v -0.43350 1.33470 0.04500
v -0.42210 1.33470 0.04500
v -0.43350 1.32330 0.04500
v -0.42210 1.32330 0.04500
v -0.43350 1.32330 0.02500
v -0.42210 1.32330 0.02500
v -0.43350 1.33470 0.04500
v -0.42210 1.33470 0.04500
v -0.43350 1.32330 0.04500
v -0.42210 1.32330 0.04500
v -0.42210 1.33470 0.02500
v -0.43350 1.33470 0.02500
v -0.42210 1.32330 0.02500
v -0.43350 1.32330 0.02500
v -0.31050 1.37190 0.04500
v -0.31050 1.37190 0.02500
v -0.31050 1.36050 0.04500
v -0.31050 1.36050 0.02500
v -0.32190 1.37190 0.02500
v -0.32190 1.37190 0.04500
v -0.32190 1.36050 0.02500
v -0.32190 1.36050 0.04500
v -0.32190 1.37190 0.02500
v -0.31050 1.37190 0.02500
v -0.32190 1.37190 0.04500
v -0.31050 1.37190 0.04500
v -0.32190 1.36050 0.04500
v -0.31050 1.36050 0.04500
v -0.32190 1.36050 0.02500
v -0.31050 1.36050 0.02500
v -0.32190 1.37190 0.04500
v -0.31050 1.37190 0.04500
v -0.32190 1.36050 0.04500
v -0.31050 1.36050 0.04500
v -0.31050 1.37190 0.02500
v -0.32190 1.37190 0.02500
v -0.31050 1.36050 0.02500
v -0.32190 1.36050 0.02500
v -0.29810 1.37190 0.04500
v -0.29810 1.37190 0.02500
v -0.29810 1.36050 0.04500
v -0.29810 1.36050 0.02500
v -0.30950 1.37190 0.02500
v -0.30950 1.37190 0.04500
v -0.30950 1.36050 0.02500
v -0.30950 1.36050 0.04500
v -0.30950 1.37190 0.02500
v -0.29810 1.37190 0.02500
v -0.30950 1.37190 0.04500
v -0.29810 1.37190 0.04500
v -0.30950 1.36050 0.04500
v -0.29810 1.36050 0.04500
v -0.30950 1.36050 0.02500
v -0.29810 1.36050 0.02500
v -0.30950 1.37190 0.04500
v -0.29810 1.37190 0.04500
v -0.30950 1.36050 0.04500
v -0.29810 1.36050 0.04500
v -0.29810 1.37190 0.02500
v -0.30950 1.37190 0.02500
v -0.29810 1.36050 0.02500
v -0.30950 1.36050 0.02500
v -0.28570 1.37190 0.04500
v -0.28570 1.37190 0.02500
v -0.28570 1.36050 0.04500
v -0.28570 1.36050 0.02500
v -0.29710 1.37190 0.02500
v -0.29710 1.37190 0.04500
v -0.29710 1.36050 0.02500
v -0.29710 1.36050 0.04500
v -0.29710 1.37190 0.02500
v -0.28570 1.37190 0.02500
v -0.29710 1.37190 0.04500
v -0.28570 1.37190 0.04500
v -0.29710 1.36050 0.04500
v -0.28570 1.36050 0.04500
v -0.29710 1.36050 0.02500
v -0.28570 1.36050 0.02500
v -0.29710 1.37190 0.04500
v -0.28570 1.37190 0.04500
v -0.29710 1.36050 0.04500
v -0.28570 1.36050 0.04500
v -0.28570 1.37190 0.02500
v -0.29710 1.37190 0.02500
v -0.28570 1.36050 0.02500
v -0.29710 1.36050 0.02500
v -0.27330 1.37190 0.04500
v -0.27330 1.37190 0.02500
v -0.27330 1.36050 0.04500
v -0.27330 1.36050 0.02500
v -0.28470 1.37190 0.02500
v -0.28470 1.37190 0.04500
v -0.28470 1.36050 0.02500
v -0.28470 1.36050 0.04500
v -0.28470 1.37190 0.02500
v -0.27330 1.37190 0.02500
v -0.28470 1.37190 0.04500
v -0.27330 1.37190 0.04500
v -0.28470 1.36050 0.04500
v -0.27330 1.36050 0.04500
v -0.28470 1.36050 0.02500
v -0.27330 1.36050 0.02500
v -0.28470 1.37190 0.04500
v -0.27330 1.37190 0.04500
v -0.28470 1.36050 0.04500
v -0.27330 1.36050 0.04500
v -0.27330 1.37190 0.02500
v -0.28470 1.37190 0.02500
v -0.27330 1.36050 0.02500
v -0.28470 1.36050 0.02500
v -0.32290 1.35950 0.04500
v -0.32290 1.35950 0.02500
v -0.32290 1.34810 0.04500
v -0.32290 1.34810 0.02500
v -0.33430 1.35950 0.02500
v -0.33430 1.35950 0.04500
v -0.33430 1.34810 0.02500
v -0.33430 1.34810 0.04500
v -0.33430 1.35950 0.02500
v -0.32290 1.35950 0.02500
v -0.33430 1.35950 0.04500
v -0.32290 1.35950 0.04500
v -0.33430 1.34810 0.04500
v -0.32290 1.34810 0.04500
v -0.33430 1.34810 0.02500
v -0.32290 1.34810 0.02500
v -0.33430 1.35950 0.04500
v -0.32290 1.35950 0.04500
v -0.33430 1.34810 0.04500
v -0.32290 1.34810 0.04500
v -0.32290 1.35950 0.02500
v -0.33430 1.35950 0.02500
v -0.32290 1.34810 0.02500
v -0.33430 1.34810 0.02500
v -0.32290 1.34710 0.04500
v -0.32290 1.34710 0.02500
v -0.32290 1.33570 0.04500
v -0.32290 1.33570 0.02500
v -0.33430 1.34710 0.02500
v -0.33430 1.34710 0.04500
v -0.33430 1.33570 0.02500
v -0.33430 1.33570 0.04500
v -0.33430 1.34710 0.02500
v -0.32290 1.34710 0.02500
v -0.33430 1.34710 0.04500
v -0.32290 1.34710 0.04500
v -0.33430 1.33570 0.04500
v -0.32290 1.33570 0.04500
v -0.33430 1.33570 0.02500
v -0.32290 1.33570 0.02500
v -0.33430 1.34710 0.04500
v -0.32290 1.34710 0.04500
v -0.33430 1.33570 0.04500
v -0.32290 1.33570 0.04500
v -0.32290 1.34710 0.02500
v -0.33430 1.34710 0.02500
v -0.32290 1.33570 0.02500
v -0.33430 1.33570 0.02500
v -0.32290 1.33470 0.04500
v -0.32290 1.33470 0.02500
v -0.32290 1.32330 0.04500
v -0.32290 1.32330 0.02500
v -0.33430 1.33470 0.02500
v -0.33430 1.33470 0.04500
v -0.33430 1.32330 0.02500
v -0.33430 1.32330 0.04500
v -0.33430 1.33470 0.02500
v -0.32290 1.33470 0.02500
v -0.33430 1.33470 0.04500
v -0.32290 1.33470 0.04500
v -0.33430 1.32330 0.04500
v -0.32290 1.32330 0.04500
v -0.33430 1.32330 0.02500
v -0.32290 1.32330 0.02500
v -0.33430 1.33470 0.04500
v -0.32290 1.33470 0.04500
v -0.33430 1.32330 0.04500
v -0.32290 1.32330 0.04500
v -0.32290 1.33470 0.02500
v -0.33430 1.33470 0.02500
v -0.32290 1.32330 0.02500
v -0.33430 1.32330 0.02500
v -0.29810 1.33470 0.04500
v -0.29810 1.33470 0.02500
v -0.29810 1.32330 0.04500
v -0.29810 1.32330 0.02500
v -0.30950 1.33470 0.02500
v -0.30950 1.33470 0.04500
v -0.30950 1.32330 0.02500
v -0.30950 1.32330 0.04500
v -0.30950 1.33470 0.02500
v -0.29810 1.33470 0.02500
v -0.30950 1.33470 0.04500
v -0.29810 1.33470 0.04500
v -0.30950 1.32330 0.04500
v -0.29810 1.32330 0.04500
v -0.30950 1.32330 0.02500
v -0.29810 1.32330 0.02500
v -0.30950 1.33470 0.04500
v -0.29810 1.33470 0.04500
v -0.30950 1.32330 0.04500
v -0.29810 1.32330 0.04500
v -0.29810 1.33470 0.02500
v -0.30950 1.33470 0.02500
v -0.29810 1.32330 0.02500
v -0.30950 1.32330 0.02500
v -0.28570 1.33470 0.04500
v -0.28570 1.33470 0.02500
v -0.28570 1.32330 0.04500
v -0.28570 1.32330 0.02500
v -0.29710 1.33470 0.02500
v -0.29710 1.33470 0.04500
v -0.29710 1.32330 0.02500
v -0.29710 1.32330 0.04500
v -0.29710 1.33470 0.02500
v -0.28570 1.33470 0.02500
v -0.29710 1.33470 0.04500
v -0.28570 1.33470 0.04500
v -0.29710 1.32330 0.04500
v -0.28570 1.32330 0.04500
v -0.29710 1.32330 0.02500
v -0.28570 1.32330 0.02500
v -0.29710 1.33470 0.04500
v -0.28570 1.33470 0.04500
v -0.29710 1.32330 0.04500
v -0.28570 1.32330 0.04500
v -0.28570 1.33470 0.02500
v -0.29710 1.33470 0.02500
v -0.28570 1.32330 0.02500
v -0.29710 1.32330 0.02500
v -0.27330 1.33470 0.04500
v -0.27330 1.33470 0.02500
v -0.27330 1.32330 0.04500
v -0.27330 1.32330 0.02500
v -0.28470 1.33470 0.02500
v -0.28470 1.33470 0.04500
v -0.28470 1.32330 0.02500
v -0.28470 1.32330 0.04500
v -0.28470 1.33470 0.02500
v -0.27330 1.33470 0.02500
v -0.28470 1.33470 0.04500
v -0.27330 1.33470 0.04500
v -0.28470 1.32330 0.04500
v -0.27330 1.32330 0.04500
v -0.28470 1.32330 0.02500
v -0.27330 1.32330 0.02500
v -0.28470 1.33470 0.04500
v -0.27330 1.33470 0.04500
v -0.28470 1.32330 0.04500
v -0.27330 1.32330 0.04500
v -0.27330 1.33470 0.02500
v -0.28470 1.33470 0.02500
v -0.27330 1.32330 0.02500
v -0.28470 1.32330 0.02500
v -0.32290 1.32230 0.04500
v -0.32290 1.32230 0.02500
v -0.32290 1.31090 0.04500
v -0.32290 1.31090 0.02500
v -0.33430 1.32230 0.02500
v -0.33430 1.32230 0.04500
v -0.33430 1.31090 0.02500
v -0.33430 1.31090 0.04500
v -0.33430 1.32230 0.02500
v -0.32290 1.32230 0.02500
v -0.33430 1.32230 0.04500
v -0.32290 1.32230 0.04500
v -0.33430 1.31090 0.04500
v -0.32290 1.31090 0.04500
v -0.33430 1.31090 0.02500
v -0.32290 1.31090 0.02500
v -0.33430 1.32230 0.04500
v -0.32290 1.32230 0.04500
v -0.33430 1.31090 0.04500
v -0.32290 1.31090 0.04500
v -0.32290 1.32230 0.02500
v -0.33430 1.32230 0.02500
v -0.32290 1.31090 0.02500
v -0.33430 1.31090 0.02500
v -0.27330 1.32230 0.04500
v -0.27330 1.32230 0.02500
v -0.27330 1.31090 0.04500
v -0.27330 1.31090 0.02500
v -0.28470 1.32230 0.02500
v -0.28470 1.32230 0.04500
v -0.28470 1.31090 0.02500
v -0.28470 1.31090 0.04500
v -0.28470 1.32230 0.02500
v -0.27330 1.32230 0.02500
v -0.28470 1.32230 0.04500
v -0.27330 1.32230 0.04500
v -0.28470 1.31090 0.04500
v -0.27330 1.31090 0.04500
v -0.28470 1.31090 0.02500
v -0.27330 1.31090 0.02500
v -0.28470 1.32230 0.04500
v -0.27330 1.32230 0.04500
v -0.28470 1.31090 0.04500
v -0.27330 1.31090 0.04500
v -0.27330 1.32230 0.02500
v -0.28470 1.32230 0.02500
v -0.27330 1.31090 0.02500
v -0.28470 1.31090 0.02500
v -0.32290 1.30990 0.04500
v -0.32290 1.30990 0.02500
v -0.32290 1.29850 0.04500
v -0.32290 1.29850 0.02500
v -0.33430 1.30990 0.02500
v -0.33430 1.30990 0.04500
v -0.33430 1.29850 0.02500
v -0.33430 1.29850 0.04500
v -0.33430 1.30990 0.02500
v -0.32290 1.30990 0.02500
v -0.33430 1.30990 0.04500
v -0.32290 1.30990 0.04500
v -0.33430 1.29850 0.04500
v -0.32290 1.29850 0.04500
v -0.33430 1.29850 0.02500
v -0.32290 1.29850 0.02500
v -0.33430 1.30990 0.04500
v -0.32290 1.30990 0.04500
v -0.33430 1.29850 0.04500
v -0.32290 1.29850 0.04500
v -0.32290 1.30990 0.02500
v -0.33430 1.30990 0.02500
v -0.32290 1.29850 0.02500
v -0.33430 1.29850 0.02500
v -0.27330 1.30990 0.04500
v -0.27330 1.30990 0.02500
v -0.27330 1.29850 0.04500
v -0.27330 1.29850 0.02500
v -0.28470 1.30990 0.02500
v -0.28470 1.30990 0.04500
v -0.28470 1.29850 0.02500
v -0.28470 1.29850 0.04500
v -0.28470 1.30990 0.02500
v -0.27330 1.30990 0.02500
v -0.28470 1.30990 0.04500
v -0.27330 1.30990 0.04500
v -0.28470 1.29850 0.04500
v -0.27330 1.29850 0.04500
v -0.28470 1.29850 0.02500
v -0.27330 1.29850 0.02500
v -0.28470 1.30990 0.04500
v -0.27330 1.30990 0.04500
v -0.28470 1.29850 0.04500
v -0.27330 1.29850 0.04500
v -0.27330 1.30990 0.02500
v -0.28470 1.30990 0.02500
v -0.27330 1.29850 0.02500
v -0.28470 1.29850 0.02500
v -0.31050 1.29750 0.04500
v -0.31050 1.29750 0.02500
v -0.31050 1.28610 0.04500
v -0.31050 1.28610 0.02500
v -0.32190 1.29750 0.02500
v -0.32190 1.29750 0.04500
v -0.32190 1.28610 0.02500
v -0.32190 1.28610 0.04500
v -0.32190 1.29750 0.02500
v -0.31050 1.29750 0.02500
v -0.32190 1.29750 0.04500
v -0.31050 1.29750 0.04500
v -0.32190 1.28610 0.04500
v -0.31050 1.28610 0.04500
v -0.32190 1.28610 0.02500
v -0.31050 1.28610 0.02500
v -0.32190 1.29750 0.04500
v -0.31050 1.29750 0.04500
v -0.32190 1.28610 0.04500
v -0.31050 1.28610 0.04500
v -0.31050 1.29750 0.02500
v -0.32190 1.29750 0.02500
v -0.31050 1.28610 0.02500
v -0.32190 1.28610 0.02500
v -0.29810 1.29750 0.04500
v -0.29810 1.29750 0.02500
v -0.29810 1.28610 0.04500
v -0.29810 1.28610 0.02500
v -0.30950 1.29750 0.02500
v -0.30950 1.29750 0.04500
v -0.30950 1.28610 0.02500
v -0.30950 1.28610 0.04500
v -0.30950 1.29750 0.02500
v -0.29810 1.29750 0.02500
v -0.30950 1.29750 0.04500
v -0.29810 1.29750 0.04500
v -0.30950 1.28610 0.04500
v -0.29810 1.28610 0.04500
v -0.30950 1.28610 0.02500
v -0.29810 1.28610 0.02500
v -0.30950 1.29750 0.04500
v -0.29810 1.29750 0.04500
v -0.30950 1.28610 0.04500
v -0.29810 1.28610 0.04500
v -0.29810 1.29750 0.02500
v -0.30950 1.29750 0.02500
v -0.29810 1.28610 0.02500
v -0.30950 1.28610 0.02500
v -0.28570 1.29750 0.04500
v -0.28570 1.29750 0.02500
v -0.28570 1.28610 0.04500
v -0.28570 1.28610 0.02500
v -0.29710 1.29750 0.02500
v -0.29710 1.29750 0.04500
v -0.29710 1.28610 0.02500
v -0.29710 1.28610 0.04500
v -0.29710 1.29750 0.02500
v -0.28570 1.29750 0.02500
v -0.29710 1.29750 0.04500
v -0.28570 1.29750 0.04500
v -0.29710 1.28610 0.04500
v -0.28570 1.28610 0.04500
v -0.29710 1.28610 0.02500
v -0.28570 1.28610 0.02500
v -0.29710 1.29750 0.04500
v -0.28570 1.29750 0.04500
v -0.29710 1.28610 0.04500
v -0.28570 1.28610 0.04500
v -0.28570 1.29750 0.02500
v -0.29710 1.29750 0.02500
v -0.28570 1.28610 0.02500
v -0.29710 1.28610 0.02500
v -0.27330 1.29750 0.04500
v -0.27330 1.29750 0.02500
v -0.27330 1.28610 0.04500
v -0.27330 1.28610 0.02500
v -0.28470 1.29750 0.02500
v -0.28470 1.29750 0.04500
v -0.28470 1.28610 0.02500
v -0.28470 1.28610 0.04500
v -0.28470 1.29750 0.02500
v -0.27330 1.29750 0.02500
v -0.28470 1.29750 0.04500
v -0.27330 1.29750 0.04500
v -0.28470 1.28610 0.04500
v -0.27330 1.28610 0.04500
v -0.28470 1.28610 0.02500
v -0.27330 1.28610 0.02500
v -0.28470 1.29750 0.04500
v -0.27330 1.29750 0.04500
v -0.28470 1.28610 0.04500
v -0.27330 1.28610 0.04500
v -0.27330 1.29750 0.02500
v -0.28470 1.29750 0.02500
v -0.27330 1.28610 0.02500
v -0.28470 1.28610 0.02500
v -0.24850 1.37190 0.04500
v -0.24850 1.37190 0.02500
v -0.24850 1.36050 0.04500
v -0.24850 1.36050 0.02500
v -0.25990 1.37190 0.02500
v -0.25990 1.37190 0.04500
v -0.25990 1.36050 0.02500
v -0.25990 1.36050 0.04500
v -0.25990 1.37190 0.02500
v -0.24850 1.37190 0.02500
v -0.25990 1.37190 0.04500
v -0.24850 1.37190 0.04500
v -0.25990 1.36050 0.04500
v -0.24850 1.36050 0.04500
v -0.25990 1.36050 0.02500
v -0.24850 1.36050 0.02500
v -0.25990 1.37190 0.04500
v -0.24850 1.37190 0.04500
v -0.25990 1.36050 0.04500
v -0.24850 1.36050 0.04500
v -0.24850 1.37190 0.02500
v -0.25990 1.37190 0.02500
v -0.24850 1.36050 0.02500
v -0.25990 1.36050 0.02500
v -0.23610 1.37190 0.04500
v -0.23610 1.37190 0.02500
v -0.23610 1.36050 0.04500
v -0.23610 1.36050 0.02500
v -0.24750 1.37190 0.02500
v -0.24750 1.37190 0.04500
v -0.24750 1.36050 0.02500
v -0.24750 1.36050 0.04500
v -0.24750 1.37190 0.02500
v -0.23610 1.37190 0.02500
v -0.24750 1.37190 0.04500
v -0.23610 1.37190 0.04500
v -0.24750 1.36050 0.04500
v -0.23610 1.36050 0.04500
v -0.24750 1.36050 0.02500
v -0.23610 1.36050 0.02500
v -0.24750 1.37190 0.04500
v -0.23610 1.37190 0.04500
v -0.24750 1.36050 0.04500
v -0.23610 1.36050 0.04500
v -0.23610 1.37190 0.02500
v -0.24750 1.37190 0.02500
v -0.23610 1.36050 0.02500
v -0.24750 1.36050 0.02500
v -0.22370 1.37190 0.04500
v -0.22370 1.37190 0.02500
v -0.22370 1.36050 0.04500
v -0.22370 1.36050 0.02500
v -0.23510 1.37190 0.02500
v -0.23510 1.37190 0.04500
v -0.23510 1.36050 0.02500
v -0.23510 1.36050 0.04500
v -0.23510 1.37190 0.02500
v -0.22370 1.37190 0.02500
v -0.23510 1.37190 0.04500
v -0.22370 1.37190 0.04500
v -0.23510 1.36050 0.04500
v -0.22370 1.36050 0.04500
v -0.23510 1.36050 0.02500
v -0.22370 1.36050 0.02500
v -0.23510 1.37190 0.04500
v -0.22370 1.37190 0.04500
v -0.23510 1.36050 0.04500
v -0.22370 1.36050 0.04500
v -0.22370 1.37190 0.02500
v -0.23510 1.37190 0.02500
v -0.22370 1.36050 0.02500
v -0.23510 1.36050 0.02500
v -0.21130 1.37190 0.04500
v -0.21130 1.37190 0.02500
v -0.21130 1.36050 0.04500
v -0.21130 1.36050 0.02500
v -0.22270 1.37190 0.02500
v -0.22270 1.37190 0.04500
v -0.22270 1.36050 0.02500
v -0.22270 1.36050 0.04500
v -0.22270 1.37190 0.02500
v -0.21130 1.37190 0.02500
v -0.22270 1.37190 0.04500
v -0.21130 1.37190 0.04500
v -0.22270 1.36050 0.04500
v -0.21130 1.36050 0.04500
v -0.22270 1.36050 0.02500
v -0.21130 1.36050 0.02500
v -0.22270 1.37190 0.04500
v -0.21130 1.37190 0.04500
v -0.22270 1.36050 0.04500
v -0.21130 1.36050 0.04500
v -0.21130 1.37190 0.02500
v -0.22270 1.37190 0.02500
v -0.21130 1.36050 0.02500
v -0.22270 1.36050 0.02500
v -0.19890 1.37190 0.04500
v -0.19890 1.37190 0.02500
v -0.19890 1.36050 0.04500
v -0.19890 1.36050 0.02500
v -0.21030 1.37190 0.02500
v -0.21030 1.37190 0.04500
v -0.21030 1.36050 0.02500
v -0.21030 1.36050 0.04500
v -0.21030 1.37190 0.02500
v -0.19890 1.37190 0.02500
v -0.21030 1.37190 0.04500
v -0.19890 1.37190 0.04500
v -0.21030 1.36050 0.04500
v -0.19890 1.36050 0.04500
v -0.21030 1.36050 0.02500
v -0.19890 1.36050 0.02500
v -0.21030 1.37190 0.04500
v -0.19890 1.37190 0.04500
v -0.21030 1.36050 0.04500
v -0.19890 1.36050 0.04500
v -0.19890 1.37190 0.02500
v -0.21030 1.37190 0.02500
v -0.19890 1.36050 0.02500
v -0.21030 1.36050 0.02500
v -0.22370 1.35950 0.04500
v -0.22370 1.35950 0.02500
v -0.22370 1.34810 0.04500
v -0.22370 1.34810 0.02500
v -0.23510 1.35950 0.02500
v -0.23510 1.35950 0.04500
v -0.23510 1.34810 0.02500
v -0.23510 1.34810 0.04500
v -0.23510 1.35950 0.02500
v -0.22370 1.35950 0.02500
v -0.23510 1.35950 0.04500
v -0.22370 1.35950 0.04500
v -0.23510 1.34810 0.04500
v -0.22370 1.34810 0.04500
v -0.23510 1.34810 0.02500
v -0.22370 1.34810 0.02500
v -0.23510 1.35950 0.04500
v -0.22370 1.35950 0.04500
v -0.23510 1.34810 0.04500
v -0.22370 1.34810 0.04500
v -0.22370 1.35950 0.02500
v -0.23510 1.35950 0.02500
v -0.22370 1.34810 0.02500
v -0.23510 1.34810 0.02500
v -0.22370 1.34710 0.04500
v -0.22370 1.34710 0.02500
v -0.22370 1.33570 0.04500
v -0.22370 1.33570 0.02500
v -0.23510 1.34710 0.02500
v -0.23510 1.34710 0.04500
v -0.23510 1.33570 0.02500
v -0.23510 1.33570 0.04500
v -0.23510 1.34710 0.02500
v -0.22370 1.34710 0.02500
v -0.23510 1.34710 0.04500
v -0.22370 1.34710 0.04500
v -0.23510 1.33570 0.04500
v -0.22370 1.33570 0.04500
v -0.23510 1.33570 0.02500
v -0.22370 1.33570 0.02500
v -0.23510 1.34710 0.04500
v -0.22370 1.34710 0.04500
v -0.23510 1.33570 0.04500
v -0.22370 1.33570 0.04500
v -0.22370 1.34710 0.02500
v -0.23510 1.34710 0.02500
v -0.22370 1.33570 0.02500
v -0.23510 1.33570 0.02500
v -0.22370 1.33470 0.04500
v -0.22370 1.33470 0.02500
v -0.22370 1.32330 0.04500
v -0.22370 1.32330 0.02500
v -0.23510 1.33470 0.02500
v -0.23510 1.33470 0.04500
v -0.23510 1.32330 0.02500
v -0.23510 1.32330 0.04500
v -0.23510 1.33470 0.02500
v -0.22370 1.33470 0.02500
v -0.23510 1.33470 0.04500
v -0.22370 1.33470 0.04500
v -0.23510 1.32330 0.04500
v -0.22370 1.32330 0.04500
v -0.23510 1.32330 0.02500
v -0.22370 1.32330 0.02500
v -0.23510 1.33470 0.04500
v -0.22370 1.33470 0.04500
v -0.23510 1.32330 0.04500
v -0.22370 1.32330 0.04500
v -0.22370 1.33470 0.02500
v -0.23510 1.33470 0.02500
v -0.22370 1.32330 0.02500
v -0.23510 1.32330 0.02500
v -0.22370 1.32230 0.04500
v -0.22370 1.32230 0.02500
v -0.22370 1.31090 0.04500
v -0.22370 1.31090 0.02500
v -0.23510 1.32230 0.02500
v -0.23510 1.32230 0.04500
v -0.23510 1.31090 0.02500
v -0.23510 1.31090 0.04500
v -0.23510 1.32230 0.02500
v -0.22370 1.32230 0.02500
v -0.23510 1.32230 0.04500
v -0.22370 1.32230 0.04500
v -0.23510 1.31090 0.04500
v -0.22370 1.31090 0.04500
v -0.23510 1.31090 0.02500
v -0.22370 1.31090 0.02500
v -0.23510 1.32230 0.04500
v -0.22370 1.32230 0.04500
v -0.23510 1.31090 0.04500
v -0.22370 1.31090 0.04500
v -0.22370 1.32230 0.02500
v -0.23510 1.32230 0.02500
v -0.22370 1.31090 0.02500
v -0.23510 1.31090 0.02500
v -0.22370 1.30990 0.04500
v -0.22370 1.30990 0.02500
v -0.22370 1.29850 0.04500
v -0.22370 1.29850 0.02500
v -0.23510 1.30990 0.02500
v -0.23510 1.30990 0.04500
v -0.23510 1.29850 0.02500
v -0.23510 1.29850 0.04500
v -0.23510 1.30990 0.02500
v -0.22370 1.30990 0.02500
v -0.23510 1.30990 0.04500
v -0.22370 1.30990 0.04500
v -0.23510 1.29850 0.04500
v -0.22370 1.29850 0.04500
v -0.23510 1.29850 0.02500
v -0.22370 1.29850 0.02500
v -0.23510 1.30990 0.04500
v -0.22370 1.30990 0.04500
v -0.23510 1.29850 0.04500
v -0.22370 1.29850 0.04500
v -0.22370 1.30990 0.02500
v -0.23510 1.30990 0.02500
v -0.22370 1.29850 0.02500
v -0.23510 1.29850 0.02500
v -0.24850 1.29750 0.04500
v -0.24850 1.29750 0.02500
v -0.24850 1.28610 0.04500
v -0.24850 1.28610 0.02500
v -0.25990 1.29750 0.02500
v -0.25990 1.29750 0.04500
v -0.25990 1.28610 0.02500
v -0.25990 1.28610 0.04500
v -0.25990 1.29750 0.02500
v -0.24850 1.29750 0.02500
v -0.25990 1.29750 0.04500
v -0.24850 1.29750 0.04500
v -0.25990 1.28610 0.04500
v -0.24850 1.28610 0.04500
v -0.25990 1.28610 0.02500
v -0.24850 1.28610 0.02500
v -0.25990 1.29750 0.04500
v -0.24850 1.29750 0.04500
v -0.25990 1.28610 0.04500
v -0.24850 1.28610 0.04500
v -0.24850 1.29750 0.02500
v -0.25990 1.29750 0.02500
v -0.24850 1.28610 0.02500
v -0.25990 1.28610 0.02500
v -0.23610 1.29750 0.04500
v -0.23610 1.29750 0.02500
v -0.23610 1.28610 0.04500
v -0.23610 1.28610 0.02500
v -0.24750 1.29750 0.02500
v -0.24750 1.29750 0.04500
v -0.24750 1.28610 0.02500
v -0.24750 1.28610 0.04500
v -0.24750 1.29750 0.02500
v -0.23610 1.29750 0.02500
v -0.24750 1.29750 0.04500
v -0.23610 1.29750 0.04500
v -0.24750 1.28610 0.04500
v -0.23610 1.28610 0.04500
v -0.24750 1.28610 0.02500
v -0.23610 1.28610 0.02500
v -0.24750 1.29750 0.04500
v -0.23610 1.29750 0.04500
v -0.24750 1.28610 0.04500
v -0.23610 1.28610 0.04500
v -0.23610 1.29750 0.02500
v -0.24750 1.29750 0.02500
v -0.23610 1.28610 0.02500
v -0.24750 1.28610 0.02500
v -0.22370 1.29750 0.04500
v -0.22370 1.29750 0.02500
v -0.22370 1.28610 0.04500
v -0.22370 1.28610 0.02500
v -0.23510 1.29750 0.02500
v -0.23510 1.29750 0.04500
v -0.23510 1.28610 0.02500
v -0.23510 1.28610 0.04500
v -0.23510 1.29750 0.02500
v -0.22370 1.29750 0.02500
v -0.23510 1.29750 0.04500
v -0.22370 1.29750 0.04500
v -0.23510 1.28610 0.04500
v -0.22370 1.28610 0.04500
v -0.23510 1.28610 0.02500
v -0.22370 1.28610 0.02500
v -0.23510 1.29750 0.04500
v -0.22370 1.29750 0.04500
v -0.23510 1.28610 0.04500
v -0.22370 1.28610 0.04500
v -0.22370 1.29750 0.02500
v -0.23510 1.29750 0.02500
v -0.22370 1.28610 0.02500
v -0.23510 1.28610 0.02500
v -0.21130 1.29750 0.04500
v -0.21130 1.29750 0.02500
v -0.21130 1.28610 0.04500
v -0.21130 1.28610 0.02500
v -0.22270 1.29750 0.02500
v -0.22270 1.29750 0.04500
v -0.22270 1.28610 0.02500
v -0.22270 1.28610 0.04500
v -0.22270 1.29750 0.02500
v -0.21130 1.29750 0.02500
v -0.22270 1.29750 0.04500
v -0.21130 1.29750 0.04500
v -0.22270 1.28610 0.04500
v -0.21130 1.28610 0.04500
v -0.22270 1.28610 0.02500
v -0.21130 1.28610 0.02500
v -0.22270 1.29750 0.04500
v -0.21130 1.29750 0.04500
v -0.22270 1.28610 0.04500
v -0.21130 1.28610 0.04500
v -0.21130 1.29750 0.02500
v -0.22270 1.29750 0.02500
v -0.21130 1.28610 0.02500
v -0.22270 1.28610 0.02500
v -0.19890 1.29750 0.04500
v -0.19890 1.29750 0.02500
v -0.19890 1.28610 0.04500
v -0.19890 1.28610 0.02500
v -0.21030 1.29750 0.02500
v -0.21030 1.29750 0.04500
v -0.21030 1.28610 0.02500
v -0.21030 1.28610 0.04500
v -0.21030 1.29750 0.02500
v -0.19890 1.29750 0.02500
v -0.21030 1.29750 0.04500
v -0.19890 1.29750 0.04500
v -0.21030 1.28610 0.04500
v -0.19890 1.28610 0.04500
v -0.21030 1.28610 0.02500
v -0.19890 1.28610 0.02500
v -0.21030 1.29750 0.04500
v -0.19890 1.29750 0.04500
v -0.21030 1.28610 0.04500
v -0.19890 1.28610 0.04500
v -0.19890 1.29750 0.02500
v -0.21030 1.29750 0.02500
v -0.19890 1.28610 0.02500
v -0.21030 1.28610 0.02500
v -0.17410 1.37190 0.04500
v -0.17410 1.37190 0.02500
v -0.17410 1.36050 0.04500
v -0.17410 1.36050 0.02500
v -0.18550 1.37190 0.02500
v -0.18550 1.37190 0.04500
v -0.18550 1.36050 0.02500
v -0.18550 1.36050 0.04500
v -0.18550 1.37190 0.02500
v -0.17410 1.37190 0.02500
v -0.18550 1.37190 0.04500
v -0.17410 1.37190 0.04500
v -0.18550 1.36050 0.04500
v -0.17410 1.36050 0.04500
v -0.18550 1.36050 0.02500
v -0.17410 1.36050 0.02500
v -0.18550 1.37190 0.04500
v -0.17410 1.37190 0.04500
v -0.18550 1.36050 0.04500
v -0.17410 1.36050 0.04500
v -0.17410 1.37190 0.02500
v -0.18550 1.37190 0.02500
v -0.17410 1.36050 0.02500
v -0.18550 1.36050 0.02500
v -0.16170 1.37190 0.04500
v -0.16170 1.37190 0.02500
v -0.16170 1.36050 0.04500
v -0.16170 1.36050 0.02500
v -0.17310 1.37190 0.02500
v -0.17310 1.37190 0.04500
v -0.17310 1.36050 0.02500
v -0.17310 1.36050 0.04500
v -0.17310 1.37190 0.02500
v -0.16170 1.37190 0.02500
v -0.17310 1.37190 0.04500
v -0.16170 1.37190 0.04500
v -0.17310 1.36050 0.04500
v -0.16170 1.36050 0.04500
v -0.17310 1.36050 0.02500
v -0.16170 1.36050 0.02500
v -0.17310 1.37190 0.04500
v -0.16170 1.37190 0.04500
v -0.17310 1.36050 0.04500
v -0.16170 1.36050 0.04500
v -0.16170 1.37190 0.02500
v -0.17310 1.37190 0.02500
v -0.16170 1.36050 0.02500
v -0.17310 1.36050 0.02500
v -0.14930 1.37190 0.04500
v -0.14930 1.37190 0.02500
v -0.14930 1.36050 0.04500
v -0.14930 1.36050 0.02500
v -0.16070 1.37190 0.02500
v -0.16070 1.37190 0.04500
v -0.16070 1.36050 0.02500
v -0.16070 1.36050 0.04500
v -0.16070 1.37190 0.02500
v -0.14930 1.37190 0.02500
v -0.16070 1.37190 0.04500
v -0.14930 1.37190 0.04500
v -0.16070 1.36050 0.04500
v -0.14930 1.36050 0.04500
v -0.16070 1.36050 0.02500
v -0.14930 1.36050 0.02500
v -0.16070 1.37190 0.04500
v -0.14930 1.37190 0.04500
v -0.16070 1.36050 0.04500
v -0.14930 1.36050 0.04500
v -0.14930 1.37190 0.02500
v -0.16070 1.37190 0.02500
v -0.14930 1.36050 0.02500
v -0.16070 1.36050 0.02500
v -0.13690 1.37190 0.04500
v -0.13690 1.37190 0.02500
v -0.13690 1.36050 0.04500
v -0.13690 1.36050 0.02500
v -0.14830 1.37190 0.02500
v -0.14830 1.37190 0.04500
v -0.14830 1.36050 0.02500
v -0.14830 1.36050 0.04500
v -0.14830 1.37190 0.02500
v -0.13690 1.37190 0.02500
v -0.14830 1.37190 0.04500
v -0.13690 1.37190 0.04500
v -0.14830 1.36050 0.04500
v -0.13690 1.36050 0.04500
v -0.14830 1.36050 0.02500
v -0.13690 1.36050 0.02500
v -0.14830 1.37190 0.04500
v -0.13690 1.37190 0.04500
v -0.14830 1.36050 0.04500
v -0.13690 1.36050 0.04500
v -0.13690 1.37190 0.02500
v -0.14830 1.37190 0.02500
v -0.13690 1.36050 0.02500
v -0.14830 1.36050 0.02500
v -0.12450 1.37190 0.04500
v -0.12450 1.37190 0.02500
v -0.12450 1.36050 0.04500
v -0.12450 1.36050 0.02500
v -0.13590 1.37190 0.02500
v -0.13590 1.37190 0.04500
v -0.13590 1.36050 0.02500
v -0.13590 1.36050 0.04500
v -0.13590 1.37190 0.02500
v -0.12450 1.37190 0.02500
v -0.13590 1.37190 0.04500
v -0.12450 1.37190 0.04500
v -0.13590 1.36050 0.04500
v -0.12450 1.36050 0.04500
v -0.13590 1.36050 0.02500
v -0.12450 1.36050 0.02500
v -0.13590 1.37190 0.04500
v -0.12450 1.37190 0.04500
v -0.13590 1.36050 0.04500
v -0.12450 1.36050 0.04500
v -0.12450 1.37190 0.02500
v -0.13590 1.37190 0.02500
v -0.12450 1.36050 0.02500
v -0.13590 1.36050 0.02500
v -0.17410 1.35950 0.04500
v -0.17410 1.35950 0.02500
v -0.17410 1.34810 0.04500
v -0.17410 1.34810 0.02500
v -0.18550 1.35950 0.02500
v -0.18550 1.35950 0.04500
v -0.18550 1.34810 0.02500
v -0.18550 1.34810 0.04500
v -0.18550 1.35950 0.02500
v -0.17410 1.35950 0.02500
v -0.18550 1.35950 0.04500
v -0.17410 1.35950 0.04500
v -0.18550 1.34810 0.04500
v -0.17410 1.34810 0.04500
v -0.18550 1.34810 0.02500
v -0.17410 1.34810 0.02500
v -0.18550 1.35950 0.04500
v -0.17410 1.35950 0.04500
v -0.18550 1.34810 0.04500
v -0.17410 1.34810 0.04500
v -0.17410 1.35950 0.02500
v -0.18550 1.35950 0.02500
v -0.17410 1.34810 0.02500
v -0.18550 1.34810 0.02500
v -0.17410 1.34710 0.04500
v -0.17410 1.34710 0.02500
v -0.17410 1.33570 0.04500
v -0.17410 1.33570 0.02500
v -0.18550 1.34710 0.02500
v -0.18550 1.34710 0.04500
v -0.18550 1.33570 0.02500
v -0.18550 1.33570 0.04500
v -0.18550 1.34710 0.02500
v -0.17410 1.34710 0.02500
v -0.18550 1.34710 0.04500
v -0.17410 1.34710 0.04500
v -0.18550 1.33570 0.04500
v -0.17410 1.33570 0.04500
v -0.18550 1.33570 0.02500
v -0.17410 1.33570 0.02500
v -0.18550 1.34710 0.04500
v -0.17410 1.34710 0.04500
v -0.18550 1.33570 0.04500
v -0.17410 1.33570 0.04500
v -0.17410 1.34710 0.02500
v -0.18550 1.34710 0.02500
v -0.17410 1.33570 0.02500
v -0.18550 1.33570 0.02500
v -0.17410 1.33470 0.04500
v -0.17410 1.33470 0.02500
v -0.17410 1.32330 0.04500
v -0.17410 1.32330 0.02500
v -0.18550 1.33470 0.02500
v -0.18550 1.33470 0.04500
v -0.18550 1.32330 0.02500
v -0.18550 1.32330 0.04500
v -0.18550 1.33470 0.02500
v -0.17410 1.33470 0.02500
v -0.18550 1.33470 0.04500
v -0.17410 1.33470 0.04500
v -0.18550 1.32330 0.04500
v -0.17410 1.32330 0.04500
v -0.18550 1.32330 0.02500
v -0.17410 1.32330 0.02500
v -0.18550 1.33470 0.04500
v -0.17410 1.33470 0.04500
v -0.18550 1.32330 0.04500
v -0.17410 1.32330 0.04500
v -0.17410 1.33470 0.02500
v -0.18550 1.33470 0.02500
v -0.17410 1.32330 0.02500
v -0.18550 1.32330 0.02500
v -0.16170 1.33470 0.04500
v -0.16170 1.33470 0.02500
v -0.16170 1.32330 0.04500
v -0.16170 1.32330 0.02500
v -0.17310 1.33470 0.02500
v -0.17310 1.33470 0.04500
v -0.17310 1.32330 0.02500
v -0.17310 1.32330 0.04500
v -0.17310 1.33470 0.02500
v -0.16170 1.33470 0.02500
v -0.17310 1.33470 0.04500
v -0.16170 1.33470 0.04500
v -0.17310 1.32330 0.04500
v -0.16170 1.32330 0.04500
v -0.17310 1.32330 0.02500
v -0.16170 1.32330 0.02500
v -0.17310 1.33470 0.04500
v -0.16170 1.33470 0.04500
v -0.17310 1.32330 0.04500
v -0.16170 1.32330 0.04500
v -0.16170 1.33470 0.02500
v -0.17310 1.33470 0.02500
v -0.16170 1.32330 0.02500
v -0.17310 1.32330 0.02500
v -0.14930 1.33470 0.04500
v -0.14930 1.33470 0.02500
v -0.14930 1.32330 0.04500
v -0.14930 1.32330 0.02500
v -0.16070 1.33470 0.02500
v -0.16070 1.33470 0.04500
v -0.16070 1.32330 0.02500
v -0.16070 1.32330 0.04500
v -0.16070 1.33470 0.02500
v -0.14930 1.33470 0.02500
v -0.16070 1.33470 0.04500
v -0.14930 1.33470 0.04500
v -0.16070 1.32330 0.04500
v -0.14930 1.32330 0.04500
v -0.16070 1.32330 0.02500
v -0.14930 1.32330 0.02500
v -0.16070 1.33470 0.04500
v -0.14930 1.33470 0.04500
v -0.16070 1.32330 0.04500
v -0.14930 1.32330 0.04500
v -0.14930 1.33470 0.02500
v -0.16070 1.33470 0.02500
v -0.14930 1.32330 0.02500
v -0.16070 1.32330 0.02500
v -0.13690 1.33470 0.04500
v -0.13690 1.33470 0.02500
v -0.13690 1.32330 0.04500
v -0.13690 1.32330 0.02500
v -0.14830 1.33470 0.02500
v -0.14830 1.33470 0.04500
v -0.14830 1.32330 0.02500
v -0.14830 1.32330 0.04500
v -0.14830 1.33470 0.02500
v -0.13690 1.33470 0.02500
v -0.14830 1.33470 0.04500
v -0.13690 1.33470 0.04500
v -0.14830 1.32330 0.04500
v -0.13690 1.32330 0.04500
v -0.14830 1.32330 0.02500
v -0.13690 1.32330 0.02500
v -0.14830 1.33470 0.04500
v -0.13690 1.33470 0.04500
v -0.14830 1.32330 0.04500
v -0.13690 1.32330 0.04500
v -0.13690 1.33470 0.02500
v -0.14830 1.33470 0.02500
v -0.13690 1.32330 0.02500
v -0.14830 1.32330 0.02500
v -0.17410 1.32230 0.04500
v -0.17410 1.32230 0.02500
v -0.17410 1.31090 0.04500
v -0.17410 1.31090 0.02500
v -0.18550 1.32230 0.02500
v -0.18550 1.32230 0.04500
v -0.18550 1.31090 0.02500
v -0.18550 1.31090 0.04500
v -0.18550 1.32230 0.02500
v -0.17410 1.32230 0.02500
v -0.18550 1.32230 0.04500
v -0.17410 1.32230 0.04500
v -0.18550 1.31090 0.04500
v -0.17410 1.31090 0.04500
v -0.18550 1.31090 0.02500
v -0.17410 1.31090 0.02500
v -0.18550 1.32230 0.04500
v -0.17410 1.32230 0.04500
v -0.18550 1.31090 0.04500
v -0.17410 1.31090 0.04500
v -0.17410 1.32230 0.02500
v -0.18550 1.32230 0.02500
v -0.17410 1.31090 0.02500
v -0.18550 1.31090 0.02500
v -0.17410 1.30990 0.04500
v -0.17410 1.30990 0.02500
v -0.17410 1.29850 0.04500
v -0.17410 1.29850 0.02500
v -0.18550 1.30990 0.02500
v -0.18550 1.30990 0.04500
v -0.18550 1.29850 0.02500
v -0.18550 1.29850 0.04500
v -0.18550 1.30990 0.02500
v -0.17410 1.30990 0.02500
v -0.18550 1.30990 0.04500
v -0.17410 1.30990 0.04500
v -0.18550 1.29850 0.04500
v -0.17410 1.29850 0.04500
v -0.18550 1.29850 0.02500
v -0.17410 1.29850 0.02500
v -0.18550 1.30990 0.04500
v -0.17410 1.30990 0.04500
v -0.18550 1.29850 0.04500
v -0.17410 1.29850 0.04500
v -0.17410 1.30990 0.02500
v -0.18550 1.30990 0.02500
v -0.17410 1.29850 0.02500
v -0.18550 1.29850 0.02500
v -0.17410 1.29750 0.04500
v -0.17410 1.29750 0.02500
v -0.17410 1.28610 0.04500
v -0.17410 1.28610 0.02500
v -0.18550 1.29750 0.02500
v -0.18550 1.29750 0.04500
v -0.18550 1.28610 0.02500
v -0.18550 1.28610 0.04500
v -0.18550 1.29750 0.02500
v -0.17410 1.29750 0.02500
v -0.18550 1.29750 0.04500
v -0.17410 1.29750 0.04500
v -0.18550 1.28610 0.04500
v -0.17410 1.28610 0.04500
v -0.18550 1.28610 0.02500
v -0.17410 1.28610 0.02500
v -0.18550 1.29750 0.04500
v -0.17410 1.29750 0.04500
v -0.18550 1.28610 0.04500
v -0.17410 1.28610 0.04500
v -0.17410 1.29750 0.02500
v -0.18550 1.29750 0.02500
v -0.17410 1.28610 0.02500
v -0.18550 1.28610 0.02500
v -0.09970 1.37190 0.04500
v -0.09970 1.37190 0.02500
v -0.09970 1.36050 0.04500
v -0.09970 1.36050 0.02500
v -0.11110 1.37190 0.02500
v -0.11110 1.37190 0.04500
v -0.11110 1.36050 0.02500
v -0.11110 1.36050 0.04500
v -0.11110 1.37190 0.02500
v -0.09970 1.37190 0.02500
v -0.11110 1.37190 0.04500
v -0.09970 1.37190 0.04500
v -0.11110 1.36050 0.04500
v -0.09970 1.36050 0.04500
v -0.11110 1.36050 0.02500
v -0.09970 1.36050 0.02500
v -0.11110 1.37190 0.04500
v -0.09970 1.37190 0.04500
v -0.11110 1.36050 0.04500
v -0.09970 1.36050 0.04500
v -0.09970 1.37190 0.02500
v -0.11110 1.37190 0.02500
v -0.09970 1.36050 0.02500
v -0.11110 1.36050 0.02500
v -0.08730 1.37190 0.04500
v -0.08730 1.37190 0.02500
v -0.08730 1.36050 0.04500
v -0.08730 1.36050 0.02500
v -0.09870 1.37190 0.02500
v -0.09870 1.37190 0.04500
v -0.09870 1.36050 0.02500
v -0.09870 1.36050 0.04500
v -0.09870 1.37190 0.02500
v -0.08730 1.37190 0.02500
v -0.09870 1.37190 0.04500
v -0.08730 1.37190 0.04500
v -0.09870 1.36050 0.04500
v -0.08730 1.36050 0.04500
v -0.09870 1.36050 0.02500
v -0.08730 1.36050 0.02500
v -0.09870 1.37190 0.04500
v -0.08730 1.37190 0.04500
v -0.09870 1.36050 0.04500
v -0.08730 1.36050 0.04500
v -0.08730 1.37190 0.02500
v -0.09870 1.37190 0.02500
v -0.08730 1.36050 0.02500
v -0.09870 1.36050 0.02500
v -0.07490 1.37190 0.04500
v -0.07490 1.37190 0.02500
v -0.07490 1.36050 0.04500
v -0.07490 1.36050 0.02500
v -0.08630 1.37190 0.02500
v -0.08630 1.37190 0.04500
v -0.08630 1.36050 0.02500
v -0.08630 1.36050 0.04500
v -0.08630 1.37190 0.02500
v -0.07490 1.37190 0.02500
v -0.08630 1.37190 0.04500
v -0.07490 1.37190 0.04500
v -0.08630 1.36050 0.04500
v -0.07490 1.36050 0.04500
v -0.08630 1.36050 0.02500
v -0.07490 1.36050 0.02500
v -0.08630 1.37190 0.04500
v -0.07490 1.37190 0.04500
v -0.08630 1.36050 0.04500
v -0.07490 1.36050 0.04500
v -0.07490 1.37190 0.02500
v -0.08630 1.37190 0.02500
v -0.07490 1.36050 0.02500
v -0.08630 1.36050 0.02500
v -0.06250 1.37190 0.04500
v -0.06250 1.37190 0.02500
v -0.06250 1.36050 0.04500
v -0.06250 1.36050 0.02500
v -0.07390 1.37190 0.02500
v -0.07390 1.37190 0.04500
v -0.07390 1.36050 0.02500
v -0.07390 1.36050 0.04500
v -0.07390 1.37190 0.02500
v -0.06250 1.37190 0.02500
v -0.07390 1.37190 0.04500
v -0.06250 1.37190 0.04500
v -0.07390 1.36050 0.04500
v -0.06250 1.36050 0.04500
v -0.07390 1.36050 0.02500
v -0.06250 1.36050 0.02500
v -0.07390 1.37190 0.04500
v -0.06250 1.37190 0.04500
v -0.07390 1.36050 0.04500
v -0.06250 1.36050 0.04500
v -0.06250 1.37190 0.02500
v -0.07390 1.37190 0.02500
v -0.06250 1.36050 0.02500
v -0.07390 1.36050 0.02500
v -0.05010 1.37190 0.04500
v -0.05010 1.37190 0.02500
v -0.05010 1.36050 0.04500
v -0.05010 1.36050 0.02500
v -0.06150 1.37190 0.02500
v -0.06150 1.37190 0.04500
v -0.06150 1.36050 0.02500
v -0.06150 1.36050 0.04500
v -0.06150 1.37190 0.02500
v -0.05010 1.37190 0.02500
v -0.06150 1.37190 0.04500
v -0.05010 1.37190 0.04500
v -0.06150 1.36050 0.04500
v -0.05010 1.36050 0.04500
v -0.06150 1.36050 0.02500
v -0.05010 1.36050 0.02500
v -0.06150 1.37190 0.04500
v -0.05010 1.37190 0.04500
v -0.06150 1.36050 0.04500
v -0.05010 1.36050 0.04500
v -0.05010 1.37190 0.02500
v -0.06150 1.37190 0.02500
v -0.05010 1.36050 0.02500
v -0.06150 1.36050 0.02500
v -0.07490 1.35950 0.04500
v -0.07490 1.35950 0.02500
v -0.07490 1.34810 0.04500
v -0.07490 1.34810 0.02500
v -0.08630 1.35950 0.02500
v -0.08630 1.35950 0.04500
v -0.08630 1.34810 0.02500
v -0.08630 1.34810 0.04500
v -0.08630 1.35950 0.02500
v -0.07490 1.35950 0.02500
v -0.08630 1.35950 0.04500
v -0.07490 1.35950 0.04500
v -0.08630 1.34810 0.04500
v -0.07490 1.34810 0.04500
v -0.08630 1.34810 0.02500
v -0.07490 1.34810 0.02500
v -0.08630 1.35950 0.04500
v -0.07490 1.35950 0.04500
v -0.08630 1.34810 0.04500
v -0.07490 1.34810 0.04500
v -0.07490 1.35950 0.02500
v -0.08630 1.35950 0.02500
v -0.07490 1.34810 0.02500
v -0.08630 1.34810 0.02500
v -0.07490 1.34710 0.04500
v -0.07490 1.34710 0.02500
v -0.07490 1.33570 0.04500
v -0.07490 1.33570 0.02500
v -0.08630 1.34710 0.02500
v -0.08630 1.34710 0.04500
v -0.08630 1.33570 0.02500
v -0.08630 1.33570 0.04500
v -0.08630 1.34710 0.02500
v -0.07490 1.34710 0.02500
v -0.08630 1.34710 0.04500
v -0.07490 1.34710 0.04500
v -0.08630 1.33570 0.04500
v -0.07490 1.33570 0.04500
v -0.08630 1.33570 0.02500
v -0.07490 1.33570 0.02500
v -0.08630 1.34710 0.04500
v -0.07490 1.34710 0.04500
v -0.08630 1.33570 0.04500
v -0.07490 1.33570 0.04500
v -0.07490 1.34710 0.02500
v -0.08630 1.34710 0.02500
v -0.07490 1.33570 0.02500
v -0.08630 1.33570 0.02500
v -0.07490 1.33470 0.04500
v -0.07490 1.33470 0.02500
v -0.07490 1.32330 0.04500
v -0.07490 1.32330 0.02500
v -0.08630 1.33470 0.02500
v -0.08630 1.33470 0.04500
v -0.08630 1.32330 0.02500
v -0.08630 1.32330 0.04500
v -0.08630 1.33470 0.02500
v -0.07490 1.33470 0.02500
v -0.08630 1.33470 0.04500
v -0.07490 1.33470 0.04500
v -0.08630 1.32330 0.04500
v -0.07490 1.32330 0.04500
v -0.08630 1.32330 0.02500
v -0.07490 1.32330 0.02500
v -0.08630 1.33470 0.04500
v -0.07490 1.33470 0.04500
v -0.08630 1.32330 0.04500
v -0.07490 1.32330 0.04500
v -0.07490 1.33470 0.02500
v -0.08630 1.33470 0.02500
v -0.07490 1.32330 0.02500
v -0.08630 1.32330 0.02500
v -0.07490 1.32230 0.04500
v -0.07490 1.32230 0.02500
v -0.07490 1.31090 0.04500
v -0.07490 1.31090 0.02500
v -0.08630 1.32230 0.02500
v -0.08630 1.32230 0.04500
v -0.08630 1.31090 0.02500
v -0.08630 1.31090 0.04500
v -0.08630 1.32230 0.02500
v -0.07490 1.32230 0.02500
v -0.08630 1.32230 0.04500
v -0.07490 1.32230 0.04500
v -0.08630 1.31090 0.04500
v -0.07490 1.31090 0.04500
v -0.08630 1.31090 0.02500
v -0.07490 1.31090 0.02500
v -0.08630 1.32230 0.04500
v -0.07490 1.32230 0.04500
v -0.08630 1.31090 0.04500
v -0.07490 1.31090 0.04500
v -0.07490 1.32230 0.02500
v -0.08630 1.32230 0.02500
v -0.07490 1.31090 0.02500
v -0.08630 1.31090 0.02500
v -0.07490 1.30990 0.04500
v -0.07490 1.30990 0.02500
v -0.07490 1.29850 0.04500
v -0.07490 1.29850 0.02500
v -0.08630 1.30990 0.02500
v -0.08630 1.30990 0.04500
v -0.08630 1.29850 0.02500
v -0.08630 1.29850 0.04500
v -0.08630 1.30990 0.02500
v -0.07490 1.30990 0.02500
v -0.08630 1.30990 0.04500
v -0.07490 1.30990 0.04500
v -0.08630 1.29850 0.04500
v -0.07490 1.29850 0.04500
v -0.08630 1.29850 0.02500
v -0.07490 1.29850 0.02500
v -0.08630 1.30990 0.04500
v -0.07490 1.30990 0.04500
v -0.08630 1.29850 0.04500
v -0.07490 1.29850 0.04500
v -0.07490 1.30990 0.02500
v -0.08630 1.30990 0.02500
v -0.07490 1.29850 0.02500
v -0.08630 1.29850 0.02500
v -0.07490 1.29750 0.04500
v -0.07490 1.29750 0.02500
v -0.07490 1.28610 0.04500
v -0.07490 1.28610 0.02500
v -0.08630 1.29750 0.02500
v -0.08630 1.29750 0.04500
v -0.08630 1.28610 0.02500
v -0.08630 1.28610 0.04500
v -0.08630 1.29750 0.02500
v -0.07490 1.29750 0.02500
v -0.08630 1.29750 0.04500
v -0.07490 1.29750 0.04500
v -0.08630 1.28610 0.04500
v -0.07490 1.28610 0.04500
v -0.08630 1.28610 0.02500
v -0.07490 1.28610 0.02500
v -0.08630 1.29750 0.04500
v -0.07490 1.29750 0.04500
v -0.08630 1.28610 0.04500
v -0.07490 1.28610 0.04500
v -0.07490 1.29750 0.02500
v -0.08630 1.29750 0.02500
v -0.07490 1.28610 0.02500
v -0.08630 1.28610 0.02500
v -0.01290 1.37190 0.04500
v -0.01290 1.37190 0.02500
v -0.01290 1.36050 0.04500
v -0.01290 1.36050 0.02500
v -0.02430 1.37190 0.02500
v -0.02430 1.37190 0.04500
v -0.02430 1.36050 0.02500
v -0.02430 1.36050 0.04500
v -0.02430 1.37190 0.02500
v -0.01290 1.37190 0.02500
v -0.02430 1.37190 0.04500
v -0.01290 1.37190 0.04500
v -0.02430 1.36050 0.04500
v -0.01290 1.36050 0.04500
v -0.02430 1.36050 0.02500
v -0.01290 1.36050 0.02500
v -0.02430 1.37190 0.04500
v -0.01290 1.37190 0.04500
v -0.02430 1.36050 0.04500
v -0.01290 1.36050 0.04500
v -0.01290 1.37190 0.02500
v -0.02430 1.37190 0.02500
v -0.01290 1.36050 0.02500
v -0.02430 1.36050 0.02500
v -0.00050 1.37190 0.04500
v -0.00050 1.37190 0.02500
v -0.00050 1.36050 0.04500
v -0.00050 1.36050 0.02500
v -0.01190 1.37190 0.02500
v -0.01190 1.37190 0.04500
v -0.01190 1.36050 0.02500
v -0.01190 1.36050 0.04500
v -0.01190 1.37190 0.02500
v -0.00050 1.37190 0.02500
v -0.01190 1.37190 0.04500
v -0.00050 1.37190 0.04500
v -0.01190 1.36050 0.04500
v -0.00050 1.36050 0.04500
v -0.01190 1.36050 0.02500
v -0.00050 1.36050 0.02500
v -0.01190 1.37190 0.04500
v -0.00050 1.37190 0.04500
v -0.01190 1.36050 0.04500
v -0.00050 1.36050 0.04500
v -0.00050 1.37190 0.02500
v -0.01190 1.37190 0.02500
v -0.00050 1.36050 0.02500
v -0.01190 1.36050 0.02500
v 0.01190 1.37190 0.04500
v 0.01190 1.37190 0.02500
v 0.01190 1.36050 0.04500
v 0.01190 1.36050 0.02500
v 0.00050 1.37190 0.02500
v 0.00050 1.37190 0.04500
v 0.00050 1.36050 0.02500
v 0.00050 1.36050 0.04500
v 0.00050 1.37190 0.02500
v 0.01190 1.37190 0.02500
v 0.00050 1.37190 0.04500
v 0.01190 1.37190 0.04500
v 0.00050 1.36050 0.04500
v 0.01190 1.36050 0.04500
v 0.00050 1.36050 0.02500
v 0.01190 1.36050 0.02500
v 0.00050 1.37190 0.04500
v 0.01190 1.37190 0.04500
v 0.00050 1.36050 0.04500
v 0.01190 1.36050 0.04500
v 0.01190 1.37190 0.02500
v 0.00050 1.37190 0.02500
v 0.01190 1.36050 0.02500
v 0.00050 1.36050 0.02500
v 0.02430 1.37190 0.04500
v 0.02430 1.37190 0.02500
v 0.02430 1.36050 0.04500
v 0.02430 1.36050 0.02500
v 0.01290 1.37190 0.02500
v 0.01290 1.37190 0.04500
v 0.01290 1.36050 0.02500
v 0.01290 1.36050 0.04500
v 0.01290 1.37190 0.02500
v 0.02430 1.37190 0.02500
v 0.01290 1.37190 0.04500
v 0.02430 1.37190 0.04500
v 0.01290 1.36050 0.04500
v 0.02430 1.36050 0.04500
v 0.01290 1.36050 0.02500
v 0.02430 1.36050 0.02500
v 0.01290 1.37190 0.04500
v 0.02430 1.37190 0.04500
v 0.01290 1.36050 0.04500
v 0.02430 1.36050 0.04500
v 0.02430 1.37190 0.02500
v 0.01290 1.37190 0.02500
v 0.02430 1.36050 0.02500
v 0.01290 1.36050 0.02500
v -0.02530 1.35950 0.04500
v -0.02530 1.35950 0.02500
v -0.02530 1.34810 0.04500
v -0.02530 1.34810 0.02500
v -0.03670 1.35950 0.02500
v -0.03670 1.35950 0.04500
v -0.03670 1.34810 0.02500
v -0.03670 1.34810 0.04500
v -0.03670 1.35950 0.02500
v -0.02530 1.35950 0.02500
v -0.03670 1.35950 0.04500
v -0.02530 1.35950 0.04500
v -0.03670 1.34810 0.04500
v -0.02530 1.34810 0.04500
v -0.03670 1.34810 0.02500
v -0.02530 1.34810 0.02500
v -0.03670 1.35950 0.04500
v -0.02530 1.35950 0.04500
v -0.03670 1.34810 0.04500
v -0.02530 1.34810 0.04500
v -0.02530 1.35950 0.02500
v -0.03670 1.35950 0.02500
v -0.02530 1.34810 0.02500
v -0.03670 1.34810 0.02500
v -0.02530 1.34710 0.04500
v -0.02530 1.34710 0.02500
v -0.02530 1.33570 0.04500
v -0.02530 1.33570 0.02500
v -0.03670 1.34710 0.02500
v -0.03670 1.34710 0.04500
v -0.03670 1.33570 0.02500
v -0.03670 1.33570 0.04500
v -0.03670 1.34710 0.02500
v -0.02530 1.34710 0.02500
v -0.03670 1.34710 0.04500
v -0.02530 1.34710 0.04500
v -0.03670 1.33570 0.04500
v -0.02530 1.33570 0.04500
v -0.03670 1.33570 0.02500
v -0.02530 1.33570 0.02500
v -0.03670 1.34710 0.04500
v -0.02530 1.34710 0.04500
v -0.03670 1.33570 0.04500
v -0.02530 1.33570 0.04500
v -0.02530 1.34710 0.02500
v -0.03670 1.34710 0.02500
v -0.02530 1.33570 0.02500
v -0.03670 1.33570 0.02500
v -0.01290 1.33470 0.04500
v -0.01290 1.33470 0.02500
v -0.01290 1.32330 0.04500
v -0.01290 1.32330 0.02500
v -0.02430 1.33470 0.02500
v -0.02430 1.33470 0.04500
v -0.02430 1.32330 0.02500
v -0.02430 1.32330 0.04500
v -0.02430 1.33470 0.02500
v -0.01290 1.33470 0.02500
v -0.02430 1.33470 0.04500
v -0.01290 1.33470 0.04500
v -0.02430 1.32330 0.04500
v -0.01290 1.32330 0.04500
v -0.02430 1.32330 0.02500
v -0.01290 1.32330 0.02500
v -0.02430 1.33470 0.04500
v -0.01290 1.33470 0.04500
v -0.02430 1.32330 0.04500
v -0.01290 1.32330 0.04500
v -0.01290 1.33470 0.02500
v -0.02430 1.33470 0.02500
v -0.01290 1.32330 0.02500
v -0.02430 1.32330 0.02500
v -0.00050 1.33470 0.04500
v -0.00050 1.33470 0.02500
v -0.00050 1.32330 0.04500
v -0.00050 1.32330 0.02500
v -0.01190 1.33470 0.02500
v -0.01190 1.33470 0.04500
v -0.01190 1.32330 0.02500
v -0.01190 1.32330 0.04500
v -0.01190 1.33470 0.02500
v -0.00050 1.33470 0.02500
v -0.01190 1.33470 0.04500
v -0.00050 1.33470 0.04500
v -0.01190 1.32330 0.04500
v -0.00050 1.32330 0.04500
v -0.01190 1.32330 0.02500
v -0.00050 1.32330 0.02500
v -0.01190 1.33470 0.04500
v -0.00050 1.33470 0.04500
v -0.01190 1.32330 0.04500
v -0.00050 1.32330 0.04500
v -0.00050 1.33470 0.02500
v -0.01190 1.33470 0.02500
v -0.00050 1.32330 0.02500
v -0.01190 1.32330 0.02500
v 0.01190 1.33470 0.04500
v 0.01190 1.33470 0.02500
v 0.01190 1.32330 0.04500
v 0.01190 1.32330 0.02500
v 0.00050 1.33470 0.02500
v 0.00050 1.33470 0.04500
v 0.00050 1.32330 0.02500
v 0.00050 1.32330 0.04500
v 0.00050 1.33470 0.02500
v 0.01190 1.33470 0.02500
v 0.00050 1.33470 0.04500
v 0.01190 1.33470 0.04500
v 0.00050 1.32330 0.04500
v 0.01190 1.32330 0.04500
v 0.00050 1.32330 0.02500
v 0.01190 1.32330 0.02500
v 0.00050 1.33470 0.04500
v 0.01190 1.33470 0.04500
v 0.00050 1.32330 0.04500
v 0.01190 1.32330 0.04500
v 0.01190 1.33470 0.02500
v 0.00050 1.33470 0.02500
v 0.01190 1.32330 0.02500
v 0.00050 1.32330 0.02500
v 0.02430 1.32230 0.04500
v 0.02430 1.32230 0.02500
v 0.02430 1.31090 0.04500
v 0.02430 1.31090 0.02500
v 0.01290 1.32230 0.02500
v 0.01290 1.32230 0.04500
v 0.01290 1.31090 0.02500
v 0.01290 1.31090 0.04500
v 0.01290 1.32230 0.02500
v 0.02430 1.32230 0.02500
v 0.01290 1.32230 0.04500
v 0.02430 1.32230 0.04500
v 0.01290 1.31090 0.04500
v 0.02430 1.31090 0.04500
v 0.01290 1.31090 0.02500
v 0.02430 1.31090 0.02500
v 0.01290 1.32230 0.04500
v 0.02430 1.32230 0.04500
v 0.01290 1.31090 0.04500
v 0.02430 1.31090 0.04500
v 0.02430 1.32230 0.02500
v 0.01290 1.32230 0.02500
v 0.02430 1.31090 0.02500
v 0.01290 1.31090 0.02500
v 0.02430 1.30990 0.04500
v 0.02430 1.30990 0.02500
v 0.02430 1.29850 0.04500
v 0.02430 1.29850 0.02500
v 0.01290 1.30990 0.02500
v 0.01290 1.30990 0.04500
v 0.01290 1.29850 0.02500
v 0.01290 1.29850 0.04500
v 0.01290 1.30990 0.02500
v 0.02430 1.30990 0.02500
v 0.01290 1.30990 0.04500
v 0.02430 1.30990 0.04500
v 0.01290 1.29850 0.04500
v 0.02430 1.29850 0.04500
v 0.01290 1.29850 0.02500
v 0.02430 1.29850 0.02500
v 0.01290 1.30990 0.04500
v 0.02430 1.30990 0.04500
v 0.01290 1.29850 0.04500
v 0.02430 1.29850 0.04500
v 0.02430 1.30990 0.02500
v 0.01290 1.30990 0.02500
v 0.02430 1.29850 0.02500
v 0.01290 1.29850 0.02500
v -0.02530 1.29750 0.04500
v -0.02530 1.29750 0.02500
v -0.02530 1.28610 0.04500
v -0.02530 1.28610 0.02500
v -0.03670 1.29750 0.02500
v -0.03670 1.29750 0.04500
v -0.03670 1.28610 0.02500
v -0.03670 1.28610 0.04500
v -0.03670 1.29750 0.02500
v -0.02530 1.29750 0.02500
v -0.03670 1.29750 0.04500
v -0.02530 1.29750 0.04500
v -0.03670 1.28610 0.04500
v -0.02530 1.28610 0.04500
v -0.03670 1.28610 0.02500
v -0.02530 1.28610 0.02500
v -0.03670 1.29750 0.04500
v -0.02530 1.29750 0.04500
v -0.03670 1.28610 0.04500
v -0.02530 1.28610 0.04500
v -0.02530 1.29750 0.02500
v -0.03670 1.29750 0.02500
v -0.02530 1.28610 0.02500
v -0.03670 1.28610 0.02500
v -0.01290 1.29750 0.04500
v -0.01290 1.29750 0.02500
v -0.01290 1.28610 0.04500
v -0.01290 1.28610 0.02500
v -0.02430 1.29750 0.02500
v -0.02430 1.29750 0.04500
v -0.02430 1.28610 0.02500
v -0.02430 1.28610 0.04500
v -0.02430 1.29750 0.02500
v -0.01290 1.29750 0.02500
v -0.02430 1.29750 0.04500
v -0.01290 1.29750 0.04500
v -0.02430 1.28610 0.04500
v -0.01290 1.28610 0.04500
v -0.02430 1.28610 0.02500
v -0.01290 1.28610 0.02500
v -0.02430 1.29750 0.04500
v -0.01290 1.29750 0.04500
v -0.02430 1.28610 0.04500
v -0.01290 1.28610 0.04500
v -0.01290 1.29750 0.02500
v -0.02430 1.29750 0.02500
v -0.01290 1.28610 0.02500
v -0.02430 1.28610 0.02500
v -0.00050 1.29750 0.04500
v -0.00050 1.29750 0.02500
v -0.00050 1.28610 0.04500
v -0.00050 1.28610 0.02500
v -0.01190 1.29750 0.02500
v -0.01190 1.29750 0.04500
v -0.01190 1.28610 0.02500
v -0.01190 1.28610 0.04500
v -0.01190 1.29750 0.02500
v -0.00050 1.29750 0.02500
v -0.01190 1.29750 0.04500
v -0.00050 1.29750 0.04500
v -0.01190 1.28610 0.04500
v -0.00050 1.28610 0.04500
v -0.01190 1.28610 0.02500
v -0.00050 1.28610 0.02500
v -0.01190 1.29750 0.04500
v -0.00050 1.29750 0.04500
v -0.01190 1.28610 0.04500
v -0.00050 1.28610 0.04500
v -0.00050 1.29750 0.02500
v -0.01190 1.29750 0.02500
v -0.00050 1.28610 0.02500
v -0.01190 1.28610 0.02500
v 0.01190 1.29750 0.04500
v 0.01190 1.29750 0.02500
v 0.01190 1.28610 0.04500
v 0.01190 1.28610 0.02500
v 0.00050 1.29750 0.02500
v 0.00050 1.29750 0.04500
v 0.00050 1.28610 0.02500
v 0.00050 1.28610 0.04500
v 0.00050 1.29750 0.02500
v 0.01190 1.29750 0.02500
v 0.00050 1.29750 0.04500
v 0.01190 1.29750 0.04500
v 0.00050 1.28610 0.04500
v 0.01190 1.28610 0.04500
v 0.00050 1.28610 0.02500
v 0.01190 1.28610 0.02500
v 0.00050 1.29750 0.04500
v 0.01190 1.29750 0.04500
v 0.00050 1.28610 0.04500
v 0.01190 1.28610 0.04500
v 0.01190 1.29750 0.02500
v 0.00050 1.29750 0.02500
v 0.01190 1.28610 0.02500
v 0.00050 1.28610 0.02500
v 0.12350 1.33470 0.04500
v 0.12350 1.33470 0.02500
v 0.12350 1.32330 0.04500
v 0.12350 1.32330 0.02500
v 0.11210 1.33470 0.02500
v 0.11210 1.33470 0.04500
v 0.11210 1.32330 0.02500
v 0.11210 1.32330 0.04500
v 0.11210 1.33470 0.02500
v 0.12350 1.33470 0.02500
v 0.11210 1.33470 0.04500
v 0.12350 1.33470 0.04500
v 0.11210 1.32330 0.04500
v 0.12350 1.32330 0.04500
v 0.11210 1.32330 0.02500
v 0.12350 1.32330 0.02500
v 0.11210 1.33470 0.04500
v 0.12350 1.33470 0.04500
v 0.11210 1.32330 0.04500
v 0.12350 1.32330 0.04500
v 0.12350 1.33470 0.02500
v 0.11210 1.33470 0.02500
v 0.12350 1.32330 0.02500
v 0.11210 1.32330 0.02500
v 0.13590 1.33470 0.04500
v 0.13590 1.33470 0.02500
v 0.13590 1.32330 0.04500
v 0.13590 1.32330 0.02500
v 0.12450 1.33470 0.02500
v 0.12450 1.33470 0.04500
v 0.12450 1.32330 0.02500
v 0.12450 1.32330 0.04500
v 0.12450 1.33470 0.02500
v 0.13590 1.33470 0.02500
v 0.12450 1.33470 0.04500
v 0.13590 1.33470 0.04500
v 0.12450 1.32330 0.04500
v 0.13590 1.32330 0.04500
v 0.12450 1.32330 0.02500
v 0.13590 1.32330 0.02500
v 0.12450 1.33470 0.04500
v 0.13590 1.33470 0.04500
v 0.12450 1.32330 0.04500
v 0.13590 1.32330 0.04500
v 0.13590 1.33470 0.02500
v 0.12450 1.33470 0.02500
v 0.13590 1.32330 0.02500
v 0.12450 1.32330 0.02500
v 0.14830 1.33470 0.04500
v 0.14830 1.33470 0.02500
v 0.14830 1.32330 0.04500
v 0.14830 1.32330 0.02500
v 0.13690 1.33470 0.02500
v 0.13690 1.33470 0.04500
v 0.13690 1.32330 0.02500
v 0.13690 1.32330 0.04500
v 0.13690 1.33470 0.02500
v 0.14830 1.33470 0.02500
v 0.13690 1.33470 0.04500
v 0.14830 1.33470 0.04500
v 0.13690 1.32330 0.04500
v 0.14830 1.32330 0.04500
v 0.13690 1.32330 0.02500
v 0.14830 1.32330 0.02500
v 0.13690 1.33470 0.04500
v 0.14830 1.33470 0.04500
v 0.13690 1.32330 0.04500
v 0.14830 1.32330 0.04500
v 0.14830 1.33470 0.02500
v 0.13690 1.33470 0.02500
v 0.14830 1.32330 0.02500
v 0.13690 1.32330 0.02500
v 0.16070 1.33470 0.04500
v 0.16070 1.33470 0.02500
v 0.16070 1.32330 0.04500
v 0.16070 1.32330 0.02500
v 0.14930 1.33470 0.02500
v 0.14930 1.33470 0.04500
v 0.14930 1.32330 0.02500
v 0.14930 1.32330 0.04500
v 0.14930 1.33470 0.02500
v 0.16070 1.33470 0.02500
v 0.14930 1.33470 0.04500
v 0.16070 1.33470 0.04500
v 0.14930 1.32330 0.04500
v 0.16070 1.32330 0.04500
v 0.14930 1.32330 0.02500
v 0.16070 1.32330 0.02500
v 0.14930 1.33470 0.04500
v 0.16070 1.33470 0.04500
v 0.14930 1.32330 0.04500
v 0.16070 1.32330 0.04500
v 0.16070 1.33470 0.02500
v 0.14930 1.33470 0.02500
v 0.16070 1.32330 0.02500
v 0.14930 1.32330 0.02500
v 0.17310 1.33470 0.04500
v 0.17310 1.33470 0.02500
v 0.17310 1.32330 0.04500
v 0.17310 1.32330 0.02500
v 0.16170 1.33470 0.02500
v 0.16170 1.33470 0.04500
v 0.16170 1.32330 0.02500
v 0.16170 1.32330 0.04500
v 0.16170 1.33470 0.02500
v 0.17310 1.33470 0.02500
v 0.16170 1.33470 0.04500
v 0.17310 1.33470 0.04500
v 0.16170 1.32330 0.04500
v 0.17310 1.32330 0.04500
v 0.16170 1.32330 0.02500
v 0.17310 1.32330 0.02500
v 0.16170 1.33470 0.04500
v 0.17310 1.33470 0.04500
v 0.16170 1.32330 0.04500
v 0.17310 1.32330 0.04500
v 0.17310 1.33470 0.02500
v 0.16170 1.33470 0.02500
v 0.17310 1.32330 0.02500
v 0.16170 1.32330 0.02500
v 0.28470 1.37190 0.04500
v 0.28470 1.37190 0.02500
v 0.28470 1.36050 0.04500
v 0.28470 1.36050 0.02500
v 0.27330 1.37190 0.02500
v 0.27330 1.37190 0.04500
v 0.27330 1.36050 0.02500
v 0.27330 1.36050 0.04500
v 0.27330 1.37190 0.02500
v 0.28470 1.37190 0.02500
v 0.27330 1.37190 0.04500
v 0.28470 1.37190 0.04500
v 0.27330 1.36050 0.04500
v 0.28470 1.36050 0.04500
v 0.27330 1.36050 0.02500
v 0.28470 1.36050 0.02500
v 0.27330 1.37190 0.04500
v 0.28470 1.37190 0.04500
v 0.27330 1.36050 0.04500
v 0.28470 1.36050 0.04500
v 0.28470 1.37190 0.02500
v 0.27330 1.37190 0.02500
v 0.28470 1.36050 0.02500
v 0.27330 1.36050 0.02500
v 0.29710 1.37190 0.04500
v 0.29710 1.37190 0.02500
v 0.29710 1.36050 0.04500
v 0.29710 1.36050 0.02500
v 0.28570 1.37190 0.02500
v 0.28570 1.37190 0.04500
v 0.28570 1.36050 0.02500
v 0.28570 1.36050 0.04500
v 0.28570 1.37190 0.02500
v 0.29710 1.37190 0.02500
v 0.28570 1.37190 0.04500
v 0.29710 1.37190 0.04500
v 0.28570 1.36050 0.04500
v 0.29710 1.36050 0.04500
v 0.28570 1.36050 0.02500
v 0.29710 1.36050 0.02500
v 0.28570 1.37190 0.04500
v 0.29710 1.37190 0.04500
v 0.28570 1.36050 0.04500
v 0.29710 1.36050 0.04500
v 0.29710 1.37190 0.02500
v 0.28570 1.37190 0.02500
v 0.29710 1.36050 0.02500
v 0.28570 1.36050 0.02500
v 0.30950 1.37190 0.04500
v 0.30950 1.37190 0.02500
v 0.30950 1.36050 0.04500
v 0.30950 1.36050 0.02500
v 0.29810 1.37190 0.02500
v 0.29810 1.37190 0.04500
v 0.29810 1.36050 0.02500
v 0.29810 1.36050 0.04500
v 0.29810 1.37190 0.02500
v 0.30950 1.37190 0.02500
v 0.29810 1.37190 0.04500
v 0.30950 1.37190 0.04500
v 0.29810 1.36050 0.04500
v 0.30950 1.36050 0.04500
v 0.29810 1.36050 0.02500
v 0.30950 1.36050 0.02500
v 0.29810 1.37190 0.04500
v 0.30950 1.37190 0.04500
v 0.29810 1.36050 0.04500
v 0.30950 1.36050 0.04500
v 0.30950 1.37190 0.02500
v 0.29810 1.37190 0.02500
v 0.30950 1.36050 0.02500
v 0.29810 1.36050 0.02500
v 0.32190 1.37190 0.04500
v 0.32190 1.37190 0.02500
v 0.32190 1.36050 0.04500
v 0.32190 1.36050 0.02500
v 0.31050 1.37190 0.02500
v 0.31050 1.37190 0.04500
v 0.31050 1.36050 0.02500
v 0.31050 1.36050 0.04500
v 0.31050 1.37190 0.02500
v 0.32190 1.37190 0.02500
v 0.31050 1.37190 0.04500
v 0.32190 1.37190 0.04500
v 0.31050 1.36050 0.04500
v 0.32190 1.36050 0.04500
v 0.31050 1.36050 0.02500
v 0.32190 1.36050 0.02500
v 0.31050 1.37190 0.04500
v 0.32190 1.37190 0.04500
v 0.31050 1.36050 0.04500
v 0.32190 1.36050 0.04500
v 0.32190 1.37190 0.02500
v 0.31050 1.37190 0.02500
v 0.32190 1.36050 0.02500
v 0.31050 1.36050 0.02500
v 0.27230 1.35950 0.04500
v 0.27230 1.35950 0.02500
v 0.27230 1.34810 0.04500
v 0.27230 1.34810 0.02500
v 0.26090 1.35950 0.02500
v 0.26090 1.35950 0.04500
v 0.26090 1.34810 0.02500
v 0.26090 1.34810 0.04500
v 0.26090 1.35950 0.02500
v 0.27230 1.35950 0.02500
v 0.26090 1.35950 0.04500
v 0.27230 1.35950 0.04500
v 0.26090 1.34810 0.04500
v 0.27230 1.34810 0.04500
v 0.26090 1.34810 0.02500
v 0.27230 1.34810 0.02500
v 0.26090 1.35950 0.04500
v 0.27230 1.35950 0.04500
v 0.26090 1.34810 0.04500
v 0.27230 1.34810 0.04500
v 0.27230 1.35950 0.02500
v 0.26090 1.35950 0.02500
v 0.27230 1.34810 0.02500
v 0.26090 1.34810 0.02500
v 0.27230 1.34710 0.04500
v 0.27230 1.34710 0.02500
v 0.27230 1.33570 0.04500
v 0.27230 1.33570 0.02500
v 0.26090 1.34710 0.02500
v 0.26090 1.34710 0.04500
v 0.26090 1.33570 0.02500
v 0.26090 1.33570 0.04500
v 0.26090 1.34710 0.02500
v 0.27230 1.34710 0.02500
v 0.26090 1.34710 0.04500
v 0.27230 1.34710 0.04500
v 0.26090 1.33570 0.04500
v 0.27230 1.33570 0.04500
v 0.26090 1.33570 0.02500
v 0.27230 1.33570 0.02500
v 0.26090 1.34710 0.04500
v 0.27230 1.34710 0.04500
v 0.26090 1.33570 0.04500
v 0.27230 1.33570 0.04500
v 0.27230 1.34710 0.02500
v 0.26090 1.34710 0.02500
v 0.27230 1.33570 0.02500
v 0.26090 1.33570 0.02500
v 0.27230 1.33470 0.04500
v 0.27230 1.33470 0.02500
v 0.27230 1.32330 0.04500
v 0.27230 1.32330 0.02500
v 0.26090 1.33470 0.02500
v 0.26090 1.33470 0.04500
v 0.26090 1.32330 0.02500
v 0.26090 1.32330 0.04500
v 0.26090 1.33470 0.02500
v 0.27230 1.33470 0.02500
v 0.26090 1.33470 0.04500
v 0.27230 1.33470 0.04500
v 0.26090 1.32330 0.04500
v 0.27230 1.32330 0.04500
v 0.26090 1.32330 0.02500
v 0.27230 1.32330 0.02500
v 0.26090 1.33470 0.04500
v 0.27230 1.33470 0.04500
v 0.26090 1.32330 0.04500
v 0.27230 1.32330 0.04500
v 0.27230 1.33470 0.02500
v 0.26090 1.33470 0.02500
v 0.27230 1.32330 0.02500
v 0.26090 1.32330 0.02500
v 0.27230 1.32230 0.04500
v 0.27230 1.32230 0.02500
v 0.27230 1.31090 0.04500
v 0.27230 1.31090 0.02500
v 0.26090 1.32230 0.02500
v 0.26090 1.32230 0.04500
v 0.26090 1.31090 0.02500
v 0.26090 1.31090 0.04500
v 0.26090 1.32230 0.02500
v 0.27230 1.32230 0.02500
v 0.26090 1.32230 0.04500
v 0.27230 1.32230 0.04500
v 0.26090 1.31090 0.04500
v 0.27230 1.31090 0.04500
v 0.26090 1.31090 0.02500
v 0.27230 1.31090 0.02500
v 0.26090 1.32230 0.04500
v 0.27230 1.32230 0.04500
v 0.26090 1.31090 0.04500
v 0.27230 1.31090 0.04500
v 0.27230 1.32230 0.02500
v 0.26090 1.32230 0.02500
v 0.27230 1.31090 0.02500
v 0.26090 1.31090 0.02500
v 0.27230 1.30990 0.04500
v 0.27230 1.30990 0.02500
v 0.27230 1.29850 0.04500
v 0.27230 1.29850 0.02500
v 0.26090 1.30990 0.02500
v 0.26090 1.30990 0.04500
v 0.26090 1.29850 0.02500
v 0.26090 1.29850 0.04500
v 0.26090 1.30990 0.02500
v 0.27230 1.30990 0.02500
v 0.26090 1.30990 0.04500
v 0.27230 1.30990 0.04500
v 0.26090 1.29850 0.04500
v 0.27230 1.29850 0.04500
v 0.26090 1.29850 0.02500
v 0.27230 1.29850 0.02500
v 0.26090 1.30990 0.04500
v 0.27230 1.30990 0.04500
v 0.26090 1.29850 0.04500
v 0.27230 1.29850 0.04500
v 0.27230 1.30990 0.02500
v 0.26090 1.30990 0.02500
v 0.27230 1.29850 0.02500
v 0.26090 1.29850 0.02500
v 0.28470 1.29750 0.04500
v 0.28470 1.29750 0.02500
v 0.28470 1.28610 0.04500
v 0.28470 1.28610 0.02500
v 0.27330 1.29750 0.02500
v 0.27330 1.29750 0.04500
v 0.27330 1.28610 0.02500
v 0.27330 1.28610 0.04500
v 0.27330 1.29750 0.02500
v 0.28470 1.29750 0.02500
v 0.27330 1.29750 0.04500
v 0.28470 1.29750 0.04500
v 0.27330 1.28610 0.04500
v 0.28470 1.28610 0.04500
v 0.27330 1.28610 0.02500
v 0.28470 1.28610 0.02500
v 0.27330 1.29750 0.04500
v 0.28470 1.29750 0.04500
v 0.27330 1.28610 0.04500
v 0.28470 1.28610 0.04500
v 0.28470 1.29750 0.02500
v 0.27330 1.29750 0.02500
v 0.28470 1.28610 0.02500
v 0.27330 1.28610 0.02500
v 0.29710 1.29750 0.04500
v 0.29710 1.29750 0.02500
v 0.29710 1.28610 0.04500
v 0.29710 1.28610 0.02500
v 0.28570 1.29750 0.02500
v 0.28570 1.29750 0.04500
v 0.28570 1.28610 0.02500
v 0.28570 1.28610 0.04500
v 0.28570 1.29750 0.02500
v 0.29710 1.29750 0.02500
v 0.28570 1.29750 0.04500
v 0.29710 1.29750 0.04500
v 0.28570 1.28610 0.04500
v 0.29710 1.28610 0.04500
v 0.28570 1.28610 0.02500
v 0.29710 1.28610 0.02500
v 0.28570 1.29750 0.04500
v 0.29710 1.29750 0.04500
v 0.28570 1.28610 0.04500
v 0.29710 1.28610 0.04500
v 0.29710 1.29750 0.02500
v 0.28570 1.29750 0.02500
v 0.29710 1.28610 0.02500
v 0.28570 1.28610 0.02500
v 0.30950 1.29750 0.04500
v 0.30950 1.29750 0.02500
v 0.30950 1.28610 0.04500
v 0.30950 1.28610 0.02500
v 0.29810 1.29750 0.02500
v 0.29810 1.29750 0.04500
v 0.29810 1.28610 0.02500
v 0.29810 1.28610 0.04500
v 0.29810 1.29750 0.02500
v 0.30950 1.29750 0.02500
v 0.29810 1.29750 0.04500
v 0.30950 1.29750 0.04500
v 0.29810 1.28610 0.04500
v 0.30950 1.28610 0.04500
v 0.29810 1.28610 0.02500
v 0.30950 1.28610 0.02500
v 0.29810 1.29750 0.04500
v 0.30950 1.29750 0.04500
v 0.29810 1.28610 0.04500
v 0.30950 1.28610 0.04500
v 0.30950 1.29750 0.02500
v 0.29810 1.29750 0.02500
v 0.30950 1.28610 0.02500
v 0.29810 1.28610 0.02500
v 0.32190 1.29750 0.04500
v 0.32190 1.29750 0.02500
v 0.32190 1.28610 0.04500
v 0.32190 1.28610 0.02500
v 0.31050 1.29750 0.02500
v 0.31050 1.29750 0.04500
v 0.31050 1.28610 0.02500
v 0.31050 1.28610 0.04500
v 0.31050 1.29750 0.02500
v 0.32190 1.29750 0.02500
v 0.31050 1.29750 0.04500
v 0.32190 1.29750 0.04500
v 0.31050 1.28610 0.04500
v 0.32190 1.28610 0.04500
v 0.31050 1.28610 0.02500
v 0.32190 1.28610 0.02500
v 0.31050 1.29750 0.04500
v 0.32190 1.29750 0.04500
v 0.31050 1.28610 0.04500
v 0.32190 1.28610 0.04500
v 0.32190 1.29750 0.02500
v 0.31050 1.29750 0.02500
v 0.32190 1.28610 0.02500
v 0.31050 1.28610 0.02500
v 0.35910 1.37190 0.04500
v 0.35910 1.37190 0.02500
v 0.35910 1.36050 0.04500
v 0.35910 1.36050 0.02500
v 0.34770 1.37190 0.02500
v 0.34770 1.37190 0.04500
v 0.34770 1.36050 0.02500
v 0.34770 1.36050 0.04500
v 0.34770 1.37190 0.02500
v 0.35910 1.37190 0.02500
v 0.34770 1.37190 0.04500
v 0.35910 1.37190 0.04500
v 0.34770 1.36050 0.04500
v 0.35910 1.36050 0.04500
v 0.34770 1.36050 0.02500
v 0.35910 1.36050 0.02500
v 0.34770 1.37190 0.04500
v 0.35910 1.37190 0.04500
v 0.34770 1.36050 0.04500
v 0.35910 1.36050 0.04500
v 0.35910 1.37190 0.02500
v 0.34770 1.37190 0.02500
v 0.35910 1.36050 0.02500
v 0.34770 1.36050 0.02500
v 0.37150 1.37190 0.04500
v 0.37150 1.37190 0.02500
v 0.37150 1.36050 0.04500
v 0.37150 1.36050 0.02500
v 0.36010 1.37190 0.02500
v 0.36010 1.37190 0.04500
v 0.36010 1.36050 0.02500
v 0.36010 1.36050 0.04500
v 0.36010 1.37190 0.02500
v 0.37150 1.37190 0.02500
v 0.36010 1.37190 0.04500
v 0.37150 1.37190 0.04500
v 0.36010 1.36050 0.04500
v 0.37150 1.36050 0.04500
v 0.36010 1.36050 0.02500
v 0.37150 1.36050 0.02500
v 0.36010 1.37190 0.04500
v 0.37150 1.37190 0.04500
v 0.36010 1.36050 0.04500
v 0.37150 1.36050 0.04500
v 0.37150 1.37190 0.02500
v 0.36010 1.37190 0.02500
v 0.37150 1.36050 0.02500
v 0.36010 1.36050 0.02500
v 0.38390 1.37190 0.04500
v 0.38390 1.37190 0.02500
v 0.38390 1.36050 0.04500
v 0.38390 1.36050 0.02500
v 0.37250 1.37190 0.02500
v 0.37250 1.37190 0.04500
v 0.37250 1.36050 0.02500
v 0.37250 1.36050 0.04500
v 0.37250 1.37190 0.02500
v 0.38390 1.37190 0.02500
v 0.37250 1.37190 0.04500
v 0.38390 1.37190 0.04500
v 0.37250 1.36050 0.04500
v 0.38390 1.36050 0.04500
v 0.37250 1.36050 0.02500
v 0.38390 1.36050 0.02500
v 0.37250 1.37190 0.04500
v 0.38390 1.37190 0.04500
v 0.37250 1.36050 0.04500
v 0.38390 1.36050 0.04500
v 0.38390 1.37190 0.02500
v 0.37250 1.37190 0.02500
v 0.38390 1.36050 0.02500
v 0.37250 1.36050 0.02500
v 0.34670 1.35950 0.04500
v 0.34670 1.35950 0.02500
v 0.34670 1.34810 0.04500
v 0.34670 1.34810 0.02500
v 0.33530 1.35950 0.02500
v 0.33530 1.35950 0.04500
v 0.33530 1.34810 0.02500
v 0.33530 1.34810 0.04500
v 0.33530 1.35950 0.02500
v 0.34670 1.35950 0.02500
v 0.33530 1.35950 0.04500
v 0.34670 1.35950 0.04500
v 0.33530 1.34810 0.04500
v 0.34670 1.34810 0.04500
v 0.33530 1.34810 0.02500
v 0.34670 1.34810 0.02500
v 0.33530 1.35950 0.04500
v 0.34670 1.35950 0.04500
v 0.33530 1.34810 0.04500
v 0.34670 1.34810 0.04500
v 0.34670 1.35950 0.02500
v 0.33530 1.35950 0.02500
v 0.34670 1.34810 0.02500
v 0.33530 1.34810 0.02500
v 0.39630 1.35950 0.04500
v 0.39630 1.35950 0.02500
v 0.39630 1.34810 0.04500
v 0.39630 1.34810 0.02500
v 0.38490 1.35950 0.02500
v 0.38490 1.35950 0.04500
v 0.38490 1.34810 0.02500
v 0.38490 1.34810 0.04500
v 0.38490 1.35950 0.02500
v 0.39630 1.35950 0.02500
v 0.38490 1.35950 0.04500
v 0.39630 1.35950 0.04500
v 0.38490 1.34810 0.04500
v 0.39630 1.34810 0.04500
v 0.38490 1.34810 0.02500
v 0.39630 1.34810 0.02500
v 0.38490 1.35950 0.04500
v 0.39630 1.35950 0.04500
v 0.38490 1.34810 0.04500
v 0.39630 1.34810 0.04500
v 0.39630 1.35950 0.02500
v 0.38490 1.35950 0.02500
v 0.39630 1.34810 0.02500
v 0.38490 1.34810 0.02500
v 0.34670 1.34710 0.04500
v 0.34670 1.34710 0.02500
v 0.34670 1.33570 0.04500
v 0.34670 1.33570 0.02500
v 0.33530 1.34710 0.02500
v 0.33530 1.34710 0.04500
v 0.33530 1.33570 0.02500
v 0.33530 1.33570 0.04500
v 0.33530 1.34710 0.02500
v 0.34670 1.34710 0.02500
v 0.33530 1.34710 0.04500
v 0.34670 1.34710 0.04500
v 0.33530 1.33570 0.04500
v 0.34670 1.33570 0.04500
v 0.33530 1.33570 0.02500
v 0.34670 1.33570 0.02500
v 0.33530 1.34710 0.04500
v 0.34670 1.34710 0.04500
v 0.33530 1.33570 0.04500
v 0.34670 1.33570 0.04500
v 0.34670 1.34710 0.02500
v 0.33530 1.34710 0.02500
v 0.34670 1.33570 0.02500
v 0.33530 1.33570 0.02500
v 0.39630 1.34710 0.04500
v 0.39630 1.34710 0.02500
v 0.39630 1.33570 0.04500
v 0.39630 1.33570 0.02500
v 0.38490 1.34710 0.02500
v 0.38490 1.34710 0.04500
v 0.38490 1.33570 0.02500
v 0.38490 1.33570 0.04500
v 0.38490 1.34710 0.02500
v 0.39630 1.34710 0.02500
v 0.38490 1.34710 0.04500
v 0.39630 1.34710 0.04500
v 0.38490 1.33570 0.04500
v 0.39630 1.33570 0.04500
v 0.38490 1.33570 0.02500
v 0.39630 1.33570 0.02500
v 0.38490 1.34710 0.04500
v 0.39630 1.34710 0.04500
v 0.38490 1.33570 0.04500
v 0.39630 1.33570 0.04500
v 0.39630 1.34710 0.02500
v 0.38490 1.34710 0.02500
v 0.39630 1.33570 0.02500
v 0.38490 1.33570 0.02500
v 0.34670 1.33470 0.04500
v 0.34670 1.33470 0.02500
v 0.34670 1.32330 0.04500
v 0.34670 1.32330 0.02500
v 0.33530 1.33470 0.02500
v 0.33530 1.33470 0.04500
v 0.33530 1.32330 0.02500
v 0.33530 1.32330 0.04500
v 0.33530 1.33470 0.02500
v 0.34670 1.33470 0.02500
v 0.33530 1.33470 0.04500
v 0.34670 1.33470 0.04500
v 0.33530 1.32330 0.04500
v 0.34670 1.32330 0.04500
v 0.33530 1.32330 0.02500
v 0.34670 1.32330 0.02500
v 0.33530 1.33470 0.04500
v 0.34670 1.33470 0.04500
v 0.33530 1.32330 0.04500
v 0.34670 1.32330 0.04500
v 0.34670 1.33470 0.02500
v 0.33530 1.33470 0.02500
v 0.34670 1.32330 0.02500
v 0.33530 1.32330 0.02500
v 0.39630 1.33470 0.04500
v 0.39630 1.33470 0.02500
v 0.39630 1.32330 0.04500
v 0.39630 1.32330 0.02500
v 0.38490 1.33470 0.02500
v 0.38490 1.33470 0.04500
v 0.38490 1.32330 0.02500
v 0.38490 1.32330 0.04500
v 0.38490 1.33470 0.02500
v 0.39630 1.33470 0.02500
v 0.38490 1.33470 0.04500
v 0.39630 1.33470 0.04500
v 0.38490 1.32330 0.04500
v 0.39630 1.32330 0.04500
v 0.38490 1.32330 0.02500
v 0.39630 1.32330 0.02500
v 0.38490 1.33470 0.04500
v 0.39630 1.33470 0.04500
v 0.38490 1.32330 0.04500
v 0.39630 1.32330 0.04500
v 0.39630 1.33470 0.02500
v 0.38490 1.33470 0.02500
v 0.39630 1.32330 0.02500
v 0.38490 1.32330 0.02500
v 0.34670 1.32230 0.04500
v 0.34670 1.32230 0.02500
v 0.34670 1.31090 0.04500
v 0.34670 1.31090 0.02500
v 0.33530 1.32230 0.02500
v 0.33530 1.32230 0.04500
v 0.33530 1.31090 0.02500
v 0.33530 1.31090 0.04500
v 0.33530 1.32230 0.02500
v 0.34670 1.32230 0.02500
v 0.33530 1.32230 0.04500
v 0.34670 1.32230 0.04500
v 0.33530 1.31090 0.04500
v 0.34670 1.31090 0.04500
v 0.33530 1.31090 0.02500
v 0.34670 1.31090 0.02500
v 0.33530 1.32230 0.04500
v 0.34670 1.32230 0.04500
v 0.33530 1.31090 0.04500
v 0.34670 1.31090 0.04500
v 0.34670 1.32230 0.02500
v 0.33530 1.32230 0.02500
v 0.34670 1.31090 0.02500
v 0.33530 1.31090 0.02500
v 0.39630 1.32230 0.04500
v 0.39630 1.32230 0.02500
v 0.39630 1.31090 0.04500
v 0.39630 1.31090 0.02500
v 0.38490 1.32230 0.02500
v 0.38490 1.32230 0.04500
v 0.38490 1.31090 0.02500
v 0.38490 1.31090 0.04500
v 0.38490 1.32230 0.02500
v 0.39630 1.32230 0.02500
v 0.38490 1.32230 0.04500
v 0.39630 1.32230 0.04500
v 0.38490 1.31090 0.04500
v 0.39630 1.31090 0.04500
v 0.38490 1.31090 0.02500
v 0.39630 1.31090 0.02500
v 0.38490 1.32230 0.04500
v 0.39630 1.32230 0.04500
v 0.38490 1.31090 0.04500
v 0.39630 1.31090 0.04500
v 0.39630 1.32230 0.02500
v 0.38490 1.32230 0.02500
v 0.39630 1.31090 0.02500
v 0.38490 1.31090 0.02500
v 0.34670 1.30990 0.04500
v 0.34670 1.30990 0.02500
v 0.34670 1.29850 0.04500
v 0.34670 1.29850 0.02500
v 0.33530 1.30990 0.02500
v 0.33530 1.30990 0.04500
v 0.33530 1.29850 0.02500
v 0.33530 1.29850 0.04500
v 0.33530 1.30990 0.02500
v 0.34670 1.30990 0.02500
v 0.33530 1.30990 0.04500
v 0.34670 1.30990 0.04500
v 0.33530 1.29850 0.04500
v 0.34670 1.29850 0.04500
v 0.33530 1.29850 0.02500
v 0.34670 1.29850 0.02500
v 0.33530 1.30990 0.04500
v 0.34670 1.30990 0.04500
v 0.33530 1.29850 0.04500
v 0.34670 1.29850 0.04500
v 0.34670 1.30990 0.02500
v 0.33530 1.30990 0.02500
v 0.34670 1.29850 0.02500
v 0.33530 1.29850 0.02500
v 0.39630 1.30990 0.04500
v 0.39630 1.30990 0.02500
v 0.39630 1.29850 0.04500
v 0.39630 1.29850 0.02500
v 0.38490 1.30990 0.02500
v 0.38490 1.30990 0.04500
v 0.38490 1.29850 0.02500
v 0.38490 1.29850 0.04500
v 0.38490 1.30990 0.02500
v 0.39630 1.30990 0.02500
v 0.38490 1.30990 0.04500
v 0.39630 1.30990 0.04500
v 0.38490 1.29850 0.04500
v 0.39630 1.29850 0.04500
v 0.38490 1.29850 0.02500
v 0.39630 1.29850 0.02500
v 0.38490 1.30990 0.04500
v 0.39630 1.30990 0.04500
v 0.38490 1.29850 0.04500
v 0.39630 1.29850 0.04500
v 0.39630 1.30990 0.02500
v 0.38490 1.30990 0.02500
v 0.39630 1.29850 0.02500
v 0.38490 1.29850 0.02500
v 0.35910 1.29750 0.04500
v 0.35910 1.29750 0.02500
v 0.35910 1.28610 0.04500
v 0.35910 1.28610 0.02500
v 0.34770 1.29750 0.02500
v 0.34770 1.29750 0.04500
v 0.34770 1.28610 0.02500
v 0.34770 1.28610 0.04500
v 0.34770 1.29750 0.02500
v 0.35910 1.29750 0.02500
v 0.34770 1.29750 0.04500
v 0.35910 1.29750 0.04500
v 0.34770 1.28610 0.04500
v 0.35910 1.28610 0.04500
v 0.34770 1.28610 0.02500
v 0.35910 1.28610 0.02500
v 0.34770 1.29750 0.04500
v 0.35910 1.29750 0.04500
v 0.34770 1.28610 0.04500
v 0.35910 1.28610 0.04500
v 0.35910 1.29750 0.02500
v 0.34770 1.29750 0.02500
v 0.35910 1.28610 0.02500
v 0.34770 1.28610 0.02500
v 0.37150 1.29750 0.04500
v 0.37150 1.29750 0.02500
v 0.37150 1.28610 0.04500
v 0.37150 1.28610 0.02500
v 0.36010 1.29750 0.02500
v 0.36010 1.29750 0.04500
v 0.36010 1.28610 0.02500
v 0.36010 1.28610 0.04500
v 0.36010 1.29750 0.02500
v 0.37150 1.29750 0.02500
v 0.36010 1.29750 0.04500
v 0.37150 1.29750 0.04500
v 0.36010 1.28610 0.04500
v 0.37150 1.28610 0.04500
v 0.36010 1.28610 0.02500
v 0.37150 1.28610 0.02500
v 0.36010 1.29750 0.04500
v 0.37150 1.29750 0.04500
v 0.36010 1.28610 0.04500
v 0.37150 1.28610 0.04500
v 0.37150 1.29750 0.02500
v 0.36010 1.29750 0.02500
v 0.37150 1.28610 0.02500
v 0.36010 1.28610 0.02500
v 0.38390 1.29750 0.04500
v 0.38390 1.29750 0.02500
v 0.38390 1.28610 0.04500
v 0.38390 1.28610 0.02500
v 0.37250 1.29750 0.02500
v 0.37250 1.29750 0.04500
v 0.37250 1.28610 0.02500
v 0.37250 1.28610 0.04500
v 0.37250 1.29750 0.02500
v 0.38390 1.29750 0.02500
v 0.37250 1.29750 0.04500
v 0.38390 1.29750 0.04500
v 0.37250 1.28610 0.04500
v 0.38390 1.28610 0.04500
v 0.37250 1.28610 0.02500
v 0.38390 1.28610 0.02500
v 0.37250 1.29750 0.04500
v 0.38390 1.29750 0.04500
v 0.37250 1.28610 0.04500
v 0.38390 1.28610 0.04500
v 0.38390 1.29750 0.02500
v 0.37250 1.29750 0.02500
v 0.38390 1.28610 0.02500
v 0.37250 1.28610 0.02500
v 0.42110 1.37190 0.04500
v 0.42110 1.37190 0.02500
v 0.42110 1.36050 0.04500
v 0.42110 1.36050 0.02500
v 0.40970 1.37190 0.02500
v 0.40970 1.37190 0.04500
v 0.40970 1.36050 0.02500
v 0.40970 1.36050 0.04500
v 0.40970 1.37190 0.02500
v 0.42110 1.37190 0.02500
v 0.40970 1.37190 0.04500
v 0.42110 1.37190 0.04500
v 0.40970 1.36050 0.04500
v 0.42110 1.36050 0.04500
v 0.40970 1.36050 0.02500
v 0.42110 1.36050 0.02500
v 0.40970 1.37190 0.04500
v 0.42110 1.37190 0.04500
v 0.40970 1.36050 0.04500
v 0.42110 1.36050 0.04500
v 0.42110 1.37190 0.02500
v 0.40970 1.37190 0.02500
v 0.42110 1.36050 0.02500
v 0.40970 1.36050 0.02500
v 0.42110 1.35950 0.04500
v 0.42110 1.35950 0.02500
v 0.42110 1.34810 0.04500
v 0.42110 1.34810 0.02500
v 0.40970 1.35950 0.02500
v 0.40970 1.35950 0.04500
v 0.40970 1.34810 0.02500
v 0.40970 1.34810 0.04500
v 0.40970 1.35950 0.02500
v 0.42110 1.35950 0.02500
v 0.40970 1.35950 0.04500
v 0.42110 1.35950 0.04500
v 0.40970 1.34810 0.04500
v 0.42110 1.34810 0.04500
v 0.40970 1.34810 0.02500
v 0.42110 1.34810 0.02500
v 0.40970 1.35950 0.04500
v 0.42110 1.35950 0.04500
v 0.40970 1.34810 0.04500
v 0.42110 1.34810 0.04500
v 0.42110 1.35950 0.02500
v 0.40970 1.35950 0.02500
v 0.42110 1.34810 0.02500
v 0.40970 1.34810 0.02500
v 0.42110 1.34710 0.04500
v 0.42110 1.34710 0.02500
v 0.42110 1.33570 0.04500
v 0.42110 1.33570 0.02500
v 0.40970 1.34710 0.02500
v 0.40970 1.34710 0.04500
v 0.40970 1.33570 0.02500
v 0.40970 1.33570 0.04500
v 0.40970 1.34710 0.02500
v 0.42110 1.34710 0.02500
v 0.40970 1.34710 0.04500
v 0.42110 1.34710 0.04500
v 0.40970 1.33570 0.04500
v 0.42110 1.33570 0.04500
v 0.40970 1.33570 0.02500
v 0.42110 1.33570 0.02500
v 0.40970 1.34710 0.04500
v 0.42110 1.34710 0.04500
v 0.40970 1.33570 0.04500
v 0.42110 1.33570 0.04500
v 0.42110 1.34710 0.02500
v 0.40970 1.34710 0.02500
v 0.42110 1.33570 0.02500
v 0.40970 1.33570 0.02500
v 0.42110 1.33470 0.04500
v 0.42110 1.33470 0.02500
v 0.42110 1.32330 0.04500
v 0.42110 1.32330 0.02500
v 0.40970 1.33470 0.02500
v 0.40970 1.33470 0.04500
v 0.40970 1.32330 0.02500
v 0.40970 1.32330 0.04500
v 0.40970 1.33470 0.02500
v 0.42110 1.33470 0.02500
v 0.40970 1.33470 0.04500
v 0.42110 1.33470 0.04500
v 0.40970 1.32330 0.04500
v 0.42110 1.32330 0.04500
v 0.40970 1.32330 0.02500
v 0.42110 1.32330 0.02500
v 0.40970 1.33470 0.04500
v 0.42110 1.33470 0.04500
v 0.40970 1.32330 0.04500
v 0.42110 1.32330 0.04500
v 0.42110 1.33470 0.02500
v 0.40970 1.33470 0.02500
v 0.42110 1.32330 0.02500
v 0.40970 1.32330 0.02500
v 0.42110 1.32230 0.04500
v 0.42110 1.32230 0.02500
v 0.42110 1.31090 0.04500
v 0.42110 1.31090 0.02500
v 0.40970 1.32230 0.02500
v 0.40970 1.32230 0.04500
v 0.40970 1.31090 0.02500
v 0.40970 1.31090 0.04500
v 0.40970 1.32230 0.02500
v 0.42110 1.32230 0.02500
v 0.40970 1.32230 0.04500
v 0.42110 1.32230 0.04500
v 0.40970 1.31090 0.04500
v 0.42110 1.31090 0.04500
v 0.40970 1.31090 0.02500
v 0.42110 1.31090 0.02500
v 0.40970 1.32230 0.04500
v 0.42110 1.32230 0.04500
v 0.40970 1.31090 0.04500
v 0.42110 1.31090 0.04500
v 0.42110 1.32230 0.02500
v 0.40970 1.32230 0.02500
v 0.42110 1.31090 0.02500
v 0.40970 1.31090 0.02500
v 0.42110 1.30990 0.04500
v 0.42110 1.30990 0.02500
v 0.42110 1.29850 0.04500
v 0.42110 1.29850 0.02500
v 0.40970 1.30990 0.02500
v 0.40970 1.30990 0.04500
v 0.40970 1.29850 0.02500
v 0.40970 1.29850 0.04500
v 0.40970 1.30990 0.02500
v 0.42110 1.30990 0.02500
v 0.40970 1.30990 0.04500
v 0.42110 1.30990 0.04500
v 0.40970 1.29850 0.04500
v 0.42110 1.29850 0.04500
v 0.40970 1.29850 0.02500
v 0.42110 1.29850 0.02500
v 0.40970 1.30990 0.04500
v 0.42110 1.30990 0.04500
v 0.40970 1.29850 0.04500
v 0.42110 1.29850 0.04500
v 0.42110 1.30990 0.02500
v 0.40970 1.30990 0.02500
v 0.42110 1.29850 0.02500
v 0.40970 1.29850 0.02500
v 0.42110 1.29750 0.04500
v 0.42110 1.29750 0.02500
v 0.42110 1.28610 0.04500
v 0.42110 1.28610 0.02500
v 0.40970 1.29750 0.02500
v 0.40970 1.29750 0.04500
v 0.40970 1.28610 0.02500
v 0.40970 1.28610 0.04500
v 0.40970 1.29750 0.02500
v 0.42110 1.29750 0.02500
v 0.40970 1.29750 0.04500
v 0.42110 1.29750 0.04500
v 0.40970 1.28610 0.04500
v 0.42110 1.28610 0.04500
v 0.40970 1.28610 0.02500
v 0.42110 1.28610 0.02500
v 0.40970 1.29750 0.04500
v 0.42110 1.29750 0.04500
v 0.40970 1.28610 0.04500
v 0.42110 1.28610 0.04500
v 0.42110 1.29750 0.02500
v 0.40970 1.29750 0.02500
v 0.42110 1.28610 0.02500
v 0.40970 1.28610 0.02500
v 0.43350 1.29750 0.04500
v 0.43350 1.29750 0.02500
v 0.43350 1.28610 0.04500
v 0.43350 1.28610 0.02500
v 0.42210 1.29750 0.02500
v 0.42210 1.29750 0.04500
v 0.42210 1.28610 0.02500
v 0.42210 1.28610 0.04500
v 0.42210 1.29750 0.02500
v 0.43350 1.29750 0.02500
v 0.42210 1.29750 0.04500
v 0.43350 1.29750 0.04500
v 0.42210 1.28610 0.04500
v 0.43350 1.28610 0.04500
v 0.42210 1.28610 0.02500
v 0.43350 1.28610 0.02500
v 0.42210 1.29750 0.04500
v 0.43350 1.29750 0.04500
v 0.42210 1.28610 0.04500
v 0.43350 1.28610 0.04500
v 0.43350 1.29750 0.02500
v 0.42210 1.29750 0.02500
v 0.43350 1.28610 0.02500
v 0.42210 1.28610 0.02500
v 0.44590 1.29750 0.04500
v 0.44590 1.29750 0.02500
v 0.44590 1.28610 0.04500
v 0.44590 1.28610 0.02500
v 0.43450 1.29750 0.02500
v 0.43450 1.29750 0.04500
v 0.43450 1.28610 0.02500
v 0.43450 1.28610 0.04500
v 0.43450 1.29750 0.02500
v 0.44590 1.29750 0.02500
v 0.43450 1.29750 0.04500
v 0.44590 1.29750 0.04500
v 0.43450 1.28610 0.04500
v 0.44590 1.28610 0.04500
v 0.43450 1.28610 0.02500
v 0.44590 1.28610 0.02500
v 0.43450 1.29750 0.04500
v 0.44590 1.29750 0.04500
v 0.43450 1.28610 0.04500
v 0.44590 1.28610 0.04500
v 0.44590 1.29750 0.02500
v 0.43450 1.29750 0.02500
v 0.44590 1.28610 0.02500
v 0.43450 1.28610 0.02500
v 0.45830 1.29750 0.04500
v 0.45830 1.29750 0.02500
v 0.45830 1.28610 0.04500
v 0.45830 1.28610 0.02500
v 0.44690 1.29750 0.02500
v 0.44690 1.29750 0.04500
v 0.44690 1.28610 0.02500
v 0.44690 1.28610 0.04500
v 0.44690 1.29750 0.02500
v 0.45830 1.29750 0.02500
v 0.44690 1.29750 0.04500
v 0.45830 1.29750 0.04500
v 0.44690 1.28610 0.04500
v 0.45830 1.28610 0.04500
v 0.44690 1.28610 0.02500
v 0.45830 1.28610 0.02500
v 0.44690 1.29750 0.04500
v 0.45830 1.29750 0.04500
v 0.44690 1.28610 0.04500
v 0.45830 1.28610 0.04500
v 0.45830 1.29750 0.02500
v 0.44690 1.29750 0.02500
v 0.45830 1.28610 0.02500
v 0.44690 1.28610 0.02500
v 0.47070 1.29750 0.04500
v 0.47070 1.29750 0.02500
v 0.47070 1.28610 0.04500
v 0.47070 1.28610 0.02500
v 0.45930 1.29750 0.02500
v 0.45930 1.29750 0.04500
v 0.45930 1.28610 0.02500
v 0.45930 1.28610 0.04500
v 0.45930 1.29750 0.02500
v 0.47070 1.29750 0.02500
v 0.45930 1.29750 0.04500
v 0.47070 1.29750 0.04500
v 0.45930 1.28610 0.04500
v 0.47070 1.28610 0.04500
v 0.45930 1.28610 0.02500
v 0.47070 1.28610 0.02500
v 0.45930 1.29750 0.04500
v 0.47070 1.29750 0.04500
v 0.45930 1.28610 0.04500
v 0.47070 1.28610 0.04500
v 0.47070 1.29750 0.02500
v 0.45930 1.29750 0.02500
v 0.47070 1.28610 0.02500
v 0.45930 1.28610 0.02500
v 0.49550 1.37190 0.04500
v 0.49550 1.37190 0.02500
v 0.49550 1.36050 0.04500
v 0.49550 1.36050 0.02500
v 0.48410 1.37190 0.02500
v 0.48410 1.37190 0.04500
v 0.48410 1.36050 0.02500
v 0.48410 1.36050 0.04500
v 0.48410 1.37190 0.02500
v 0.49550 1.37190 0.02500
v 0.48410 1.37190 0.04500
v 0.49550 1.37190 0.04500
v 0.48410 1.36050 0.04500
v 0.49550 1.36050 0.04500
v 0.48410 1.36050 0.02500
v 0.49550 1.36050 0.02500
v 0.48410 1.37190 0.04500
v 0.49550 1.37190 0.04500
v 0.48410 1.36050 0.04500
v 0.49550 1.36050 0.04500
v 0.49550 1.37190 0.02500
v 0.48410 1.37190 0.02500
v 0.49550 1.36050 0.02500
v 0.48410 1.36050 0.02500
v 0.49550 1.35950 0.04500
v 0.49550 1.35950 0.02500
v 0.49550 1.34810 0.04500
v 0.49550 1.34810 0.02500
v 0.48410 1.35950 0.02500
v 0.48410 1.35950 0.04500
v 0.48410 1.34810 0.02500
v 0.48410 1.34810 0.04500
v 0.48410 1.35950 0.02500
v 0.49550 1.35950 0.02500
v 0.48410 1.35950 0.04500
v 0.49550 1.35950 0.04500
v 0.48410 1.34810 0.04500
v 0.49550 1.34810 0.04500
v 0.48410 1.34810 0.02500
v 0.49550 1.34810 0.02500
v 0.48410 1.35950 0.04500
v 0.49550 1.35950 0.04500
v 0.48410 1.34810 0.04500
v 0.49550 1.34810 0.04500
v 0.49550 1.35950 0.02500
v 0.48410 1.35950 0.02500
v 0.49550 1.34810 0.02500
v 0.48410 1.34810 0.02500
v 0.49550 1.34710 0.04500
v 0.49550 1.34710 0.02500
v 0.49550 1.33570 0.04500
v 0.49550 1.33570 0.02500
v 0.48410 1.34710 0.02500
v 0.48410 1.34710 0.04500
v 0.48410 1.33570 0.02500
v 0.48410 1.33570 0.04500
v 0.48410 1.34710 0.02500
v 0.49550 1.34710 0.02500
v 0.48410 1.34710 0.04500
v 0.49550 1.34710 0.04500
v 0.48410 1.33570 0.04500
v 0.49550 1.33570 0.04500
v 0.48410 1.33570 0.02500
v 0.49550 1.33570 0.02500
v 0.48410 1.34710 0.04500
v 0.49550 1.34710 0.04500
v 0.48410 1.33570 0.04500
v 0.49550 1.33570 0.04500
v 0.49550 1.34710 0.02500
v 0.48410 1.34710 0.02500
v 0.49550 1.33570 0.02500
v 0.48410 1.33570 0.02500
v 0.49550 1.33470 0.04500
v 0.49550 1.33470 0.02500
v 0.49550 1.32330 0.04500
v 0.49550 1.32330 0.02500
v 0.48410 1.33470 0.02500
v 0.48410 1.33470 0.04500
v 0.48410 1.32330 0.02500
v 0.48410 1.32330 0.04500
v 0.48410 1.33470 0.02500
v 0.49550 1.33470 0.02500
v 0.48410 1.33470 0.04500
v 0.49550 1.33470 0.04500
v 0.48410 1.32330 0.04500
v 0.49550 1.32330 0.04500
v 0.48410 1.32330 0.02500
v 0.49550 1.32330 0.02500
v 0.48410 1.33470 0.04500
v 0.49550 1.33470 0.04500
v 0.48410 1.32330 0.04500
v 0.49550 1.32330 0.04500
v 0.49550 1.33470 0.02500
v 0.48410 1.33470 0.02500
v 0.49550 1.32330 0.02500
v 0.48410 1.32330 0.02500
v 0.49550 1.32230 0.04500
v 0.49550 1.32230 0.02500
v 0.49550 1.31090 0.04500
v 0.49550 1.31090 0.02500
v 0.48410 1.32230 0.02500
v 0.48410 1.32230 0.04500
v 0.48410 1.31090 0.02500
v 0.48410 1.31090 0.04500
v 0.48410 1.32230 0.02500
v 0.49550 1.32230 0.02500
v 0.48410 1.32230 0.04500
v 0.49550 1.32230 0.04500
v 0.48410 1.31090 0.04500
v 0.49550 1.31090 0.04500
v 0.48410 1.31090 0.02500
v 0.49550 1.31090 0.02500
v 0.48410 1.32230 0.04500
v 0.49550 1.32230 0.04500
v 0.48410 1.31090 0.04500
v 0.49550 1.31090 0.04500
v 0.49550 1.32230 0.02500
v 0.48410 1.32230 0.02500
v 0.49550 1.31090 0.02500
v 0.48410 1.31090 0.02500
v 0.49550 1.30990 0.04500
v 0.49550 1.30990 0.02500
v 0.49550 1.29850 0.04500
v 0.49550 1.29850 0.02500
v 0.48410 1.30990 0.02500
v 0.48410 1.30990 0.04500
v 0.48410 1.29850 0.02500
v 0.48410 1.29850 0.04500
v 0.48410 1.30990 0.02500
v 0.49550 1.30990 0.02500
v 0.48410 1.30990 0.04500
v 0.49550 1.30990 0.04500
v 0.48410 1.29850 0.04500
v 0.49550 1.29850 0.04500
v 0.48410 1.29850 0.02500
v 0.49550 1.29850 0.02500
v 0.48410 1.30990 0.04500
v 0.49550 1.30990 0.04500
v 0.48410 1.29850 0.04500
v 0.49550 1.29850 0.04500
v 0.49550 1.30990 0.02500
v 0.48410 1.30990 0.02500
v 0.49550 1.29850 0.02500
v 0.48410 1.29850 0.02500
v 0.49550 1.29750 0.04500
v 0.49550 1.29750 0.02500
v 0.49550 1.28610 0.04500
v 0.49550 1.28610 0.02500
v 0.48410 1.29750 0.02500
v 0.48410 1.29750 0.04500
v 0.48410 1.28610 0.02500
v 0.48410 1.28610 0.04500
v 0.48410 1.29750 0.02500
v 0.49550 1.29750 0.02500
v 0.48410 1.29750 0.04500
v 0.49550 1.29750 0.04500
v 0.48410 1.28610 0.04500
v 0.49550 1.28610 0.04500
v 0.48410 1.28610 0.02500
v 0.49550 1.28610 0.02500
v 0.48410 1.29750 0.04500
v 0.49550 1.29750 0.04500
v 0.48410 1.28610 0.04500
v 0.49550 1.28610 0.04500
v 0.49550 1.29750 0.02500
v 0.48410 1.29750 0.02500
v 0.49550 1.28610 0.02500
v 0.48410 1.28610 0.02500
v 0.50790 1.29750 0.04500
v 0.50790 1.29750 0.02500
v 0.50790 1.28610 0.04500
v 0.50790 1.28610 0.02500
v 0.49650 1.29750 0.02500
v 0.49650 1.29750 0.04500
v 0.49650 1.28610 0.02500
v 0.49650 1.28610 0.04500
v 0.49650 1.29750 0.02500
v 0.50790 1.29750 0.02500
v 0.49650 1.29750 0.04500
v 0.50790 1.29750 0.04500
v 0.49650 1.28610 0.04500
v 0.50790 1.28610 0.04500
v 0.49650 1.28610 0.02500
v 0.50790 1.28610 0.02500
v 0.49650 1.29750 0.04500
v 0.50790 1.29750 0.04500
v 0.49650 1.28610 0.04500
v 0.50790 1.28610 0.04500
v 0.50790 1.29750 0.02500
v 0.49650 1.29750 0.02500
v 0.50790 1.28610 0.02500
v 0.49650 1.28610 0.02500
v 0.52030 1.29750 0.04500
v 0.52030 1.29750 0.02500
v 0.52030 1.28610 0.04500
v 0.52030 1.28610 0.02500
v 0.50890 1.29750 0.02500
v 0.50890 1.29750 0.04500
v 0.50890 1.28610 0.02500
v 0.50890 1.28610 0.04500
v 0.50890 1.29750 0.02500
v 0.52030 1.29750 0.02500
v 0.50890 1.29750 0.04500
v 0.52030 1.29750 0.04500
v 0.50890 1.28610 0.04500
v 0.52030 1.28610 0.04500
v 0.50890 1.28610 0.02500
v 0.52030 1.28610 0.02500
v 0.50890 1.29750 0.04500
v 0.52030 1.29750 0.04500
v 0.50890 1.28610 0.04500
v 0.52030 1.28610 0.04500
v 0.52030 1.29750 0.02500
v 0.50890 1.29750 0.02500
v 0.52030 1.28610 0.02500
v 0.50890 1.28610 0.02500
v 0.53270 1.29750 0.04500
v 0.53270 1.29750 0.02500
v 0.53270 1.28610 0.04500
v 0.53270 1.28610 0.02500
v 0.52130 1.29750 0.02500
v 0.52130 1.29750 0.04500
v 0.52130 1.28610 0.02500
v 0.52130 1.28610 0.04500
v 0.52130 1.29750 0.02500
v 0.53270 1.29750 0.02500
v 0.52130 1.29750 0.04500
v 0.53270 1.29750 0.04500
v 0.52130 1.28610 0.04500
v 0.53270 1.28610 0.04500
v 0.52130 1.28610 0.02500
v 0.53270 1.28610 0.02500
v 0.52130 1.29750 0.04500
v 0.53270 1.29750 0.04500
v 0.52130 1.28610 0.04500
v 0.53270 1.28610 0.04500
v 0.53270 1.29750 0.02500
v 0.52130 1.29750 0.02500
v 0.53270 1.28610 0.02500
v 0.52130 1.28610 0.02500
v 0.54510 1.29750 0.04500
v 0.54510 1.29750 0.02500
v 0.54510 1.28610 0.04500
v 0.54510 1.28610 0.02500
v 0.53370 1.29750 0.02500
v 0.53370 1.29750 0.04500
v 0.53370 1.28610 0.02500
v 0.53370 1.28610 0.04500
v 0.53370 1.29750 0.02500
v 0.54510 1.29750 0.02500
v 0.53370 1.29750 0.04500
v 0.54510 1.29750 0.04500
v 0.53370 1.28610 0.04500
v 0.54510 1.28610 0.04500
v 0.53370 1.28610 0.02500
v 0.54510 1.28610 0.02500
v 0.53370 1.29750 0.04500
v 0.54510 1.29750 0.04500
v 0.53370 1.28610 0.04500
v 0.54510 1.28610 0.04500
v 0.54510 1.29750 0.02500
v 0.53370 1.29750 0.02500
v 0.54510 1.28610 0.02500
v 0.53370 1.28610 0.02500
v 0.56990 1.37190 0.04500
v 0.56990 1.37190 0.02500
v 0.56990 1.36050 0.04500
v 0.56990 1.36050 0.02500
v 0.55850 1.37190 0.02500
v 0.55850 1.37190 0.04500
v 0.55850 1.36050 0.02500
v 0.55850 1.36050 0.04500
v 0.55850 1.37190 0.02500
v 0.56990 1.37190 0.02500
v 0.55850 1.37190 0.04500
v 0.56990 1.37190 0.04500
v 0.55850 1.36050 0.04500
v 0.56990 1.36050 0.04500
v 0.55850 1.36050 0.02500
v 0.56990 1.36050 0.02500
v 0.55850 1.37190 0.04500
v 0.56990 1.37190 0.04500
v 0.55850 1.36050 0.04500
v 0.56990 1.36050 0.04500
v 0.56990 1.37190 0.02500
v 0.55850 1.37190 0.02500
v 0.56990 1.36050 0.02500
v 0.55850 1.36050 0.02500
v 0.58230 1.37190 0.04500
v 0.58230 1.37190 0.02500
v 0.58230 1.36050 0.04500
v 0.58230 1.36050 0.02500
v 0.57090 1.37190 0.02500
v 0.57090 1.37190 0.04500
v 0.57090 1.36050 0.02500
v 0.57090 1.36050 0.04500
v 0.57090 1.37190 0.02500
v 0.58230 1.37190 0.02500
v 0.57090 1.37190 0.04500
v 0.58230 1.37190 0.04500
v 0.57090 1.36050 0.04500
v 0.58230 1.36050 0.04500
v 0.57090 1.36050 0.02500
v 0.58230 1.36050 0.02500
v 0.57090 1.37190 0.04500
v 0.58230 1.37190 0.04500
v 0.57090 1.36050 0.04500
v 0.58230 1.36050 0.04500
v 0.58230 1.37190 0.02500
v 0.57090 1.37190 0.02500
v 0.58230 1.36050 0.02500
v 0.57090 1.36050 0.02500
v 0.59470 1.37190 0.04500
v 0.59470 1.37190 0.02500
v 0.59470 1.36050 0.04500
v 0.59470 1.36050 0.02500
v 0.58330 1.37190 0.02500
v 0.58330 1.37190 0.04500
v 0.58330 1.36050 0.02500
v 0.58330 1.36050 0.04500
v 0.58330 1.37190 0.02500
v 0.59470 1.37190 0.02500
v 0.58330 1.37190 0.04500
v 0.59470 1.37190 0.04500
v 0.58330 1.36050 0.04500
v 0.59470 1.36050 0.04500
v 0.58330 1.36050 0.02500
v 0.59470 1.36050 0.02500
v 0.58330 1.37190 0.04500
v 0.59470 1.37190 0.04500
v 0.58330 1.36050 0.04500
v 0.59470 1.36050 0.04500
v 0.59470 1.37190 0.02500
v 0.58330 1.37190 0.02500
v 0.59470 1.36050 0.02500
v 0.58330 1.36050 0.02500
v 0.60710 1.37190 0.04500
v 0.60710 1.37190 0.02500
v 0.60710 1.36050 0.04500
v 0.60710 1.36050 0.02500
v 0.59570 1.37190 0.02500
v 0.59570 1.37190 0.04500
v 0.59570 1.36050 0.02500
v 0.59570 1.36050 0.04500
v 0.59570 1.37190 0.02500
v 0.60710 1.37190 0.02500
v 0.59570 1.37190 0.04500
v 0.60710 1.37190 0.04500
v 0.59570 1.36050 0.04500
v 0.60710 1.36050 0.04500
v 0.59570 1.36050 0.02500
v 0.60710 1.36050 0.02500
v 0.59570 1.37190 0.04500
v 0.60710 1.37190 0.04500
v 0.59570 1.36050 0.04500
v 0.60710 1.36050 0.04500
v 0.60710 1.37190 0.02500
v 0.59570 1.37190 0.02500
v 0.60710 1.36050 0.02500
v 0.59570 1.36050 0.02500
v 0.61950 1.37190 0.04500
v 0.61950 1.37190 0.02500
v 0.61950 1.36050 0.04500
v 0.61950 1.36050 0.02500
v 0.60810 1.37190 0.02500
v 0.60810 1.37190 0.04500
v 0.60810 1.36050 0.02500
v 0.60810 1.36050 0.04500
v 0.60810 1.37190 0.02500
v 0.61950 1.37190 0.02500
v 0.60810 1.37190 0.04500
v 0.61950 1.37190 0.04500
v 0.60810 1.36050 0.04500
v 0.61950 1.36050 0.04500
v 0.60810 1.36050 0.02500
v 0.61950 1.36050 0.02500
v 0.60810 1.37190 0.04500
v 0.61950 1.37190 0.04500
v 0.60810 1.36050 0.04500
v 0.61950 1.36050 0.04500
v 0.61950 1.37190 0.02500
v 0.60810 1.37190 0.02500
v 0.61950 1.36050 0.02500
v 0.60810 1.36050 0.02500
v 0.56990 1.35950 0.04500
v 0.56990 1.35950 0.02500
v 0.56990 1.34810 0.04500
v 0.56990 1.34810 0.02500
v 0.55850 1.35950 0.02500
v 0.55850 1.35950 0.04500
v 0.55850 1.34810 0.02500
v 0.55850 1.34810 0.04500
v 0.55850 1.35950 0.02500
v 0.56990 1.35950 0.02500
v 0.55850 1.35950 0.04500
v 0.56990 1.35950 0.04500
v 0.55850 1.34810 0.04500
v 0.56990 1.34810 0.04500
v 0.55850 1.34810 0.02500
v 0.56990 1.34810 0.02500
v 0.55850 1.35950 0.04500
v 0.56990 1.35950 0.04500
v 0.55850 1.34810 0.04500
v 0.56990 1.34810 0.04500
v 0.56990 1.35950 0.02500
v 0.55850 1.35950 0.02500
v 0.56990 1.34810 0.02500
v 0.55850 1.34810 0.02500
v 0.56990 1.34710 0.04500
v 0.56990 1.34710 0.02500
v 0.56990 1.33570 0.04500
v 0.56990 1.33570 0.02500
v 0.55850 1.34710 0.02500
v 0.55850 1.34710 0.04500
v 0.55850 1.33570 0.02500
v 0.55850 1.33570 0.04500
v 0.55850 1.34710 0.02500
v 0.56990 1.34710 0.02500
v 0.55850 1.34710 0.04500
v 0.56990 1.34710 0.04500
v 0.55850 1.33570 0.04500
v 0.56990 1.33570 0.04500
v 0.55850 1.33570 0.02500
v 0.56990 1.33570 0.02500
v 0.55850 1.34710 0.04500
v 0.56990 1.34710 0.04500
v 0.55850 1.33570 0.04500
v 0.56990 1.33570 0.04500
v 0.56990 1.34710 0.02500
v 0.55850 1.34710 0.02500
v 0.56990 1.33570 0.02500
v 0.55850 1.33570 0.02500
v 0.56990 1.33470 0.04500
v 0.56990 1.33470 0.02500
v 0.56990 1.32330 0.04500
v 0.56990 1.32330 0.02500
v 0.55850 1.33470 0.02500
v 0.55850 1.33470 0.04500
v 0.55850 1.32330 0.02500
v 0.55850 1.32330 0.04500
v 0.55850 1.33470 0.02500
v 0.56990 1.33470 0.02500
v 0.55850 1.33470 0.04500
v 0.56990 1.33470 0.04500
v 0.55850 1.32330 0.04500
v 0.56990 1.32330 0.04500
v 0.55850 1.32330 0.02500
v 0.56990 1.32330 0.02500
v 0.55850 1.33470 0.04500
v 0.56990 1.33470 0.04500
v 0.55850 1.32330 0.04500
v 0.56990 1.32330 0.04500
v 0.56990 1.33470 0.02500
v 0.55850 1.33470 0.02500
v 0.56990 1.32330 0.02500
v 0.55850 1.32330 0.02500
v 0.58230 1.33470 0.04500
v 0.58230 1.33470 0.02500
v 0.58230 1.32330 0.04500
v 0.58230 1.32330 0.02500
v 0.57090 1.33470 0.02500
v 0.57090 1.33470 0.04500
v 0.57090 1.32330 0.02500
v 0.57090 1.32330 0.04500
v 0.57090 1.33470 0.02500
v 0.58230 1.33470 0.02500
v 0.57090 1.33470 0.04500
v 0.58230 1.33470 0.04500
v 0.57090 1.32330 0.04500
v 0.58230 1.32330 0.04500
v 0.57090 1.32330 0.02500
v 0.58230 1.32330 0.02500
v 0.57090 1.33470 0.04500
v 0.58230 1.33470 0.04500
v 0.57090 1.32330 0.04500
v 0.58230 1.32330 0.04500
v 0.58230 1.33470 0.02500
v 0.57090 1.33470 0.02500
v 0.58230 1.32330 0.02500
v 0.57090 1.32330 0.02500
v 0.59470 1.33470 0.04500
v 0.59470 1.33470 0.02500
v 0.59470 1.32330 0.04500
v 0.59470 1.32330 0.02500
v 0.58330 1.33470 0.02500
v 0.58330 1.33470 0.04500
v 0.58330 1.32330 0.02500
v 0.58330 1.32330 0.04500
v 0.58330 1.33470 0.02500
v 0.59470 1.33470 0.02500
v 0.58330 1.33470 0.04500
v 0.59470 1.33470 0.04500
v 0.58330 1.32330 0.04500
v 0.59470 1.32330 0.04500
v 0.58330 1.32330 0.02500
v 0.59470 1.32330 0.02500
v 0.58330 1.33470 0.04500
v 0.59470 1.33470 0.04500
v 0.58330 1.32330 0.04500
v 0.59470 1.32330 0.04500
v 0.59470 1.33470 0.02500
v 0.58330 1.33470 0.02500
v 0.59470 1.32330 0.02500
v 0.58330 1.32330 0.02500
v 0.60710 1.33470 0.04500
v 0.60710 1.33470 0.02500
v 0.60710 1.32330 0.04500
v 0.60710 1.32330 0.02500
v 0.59570 1.33470 0.02500
v 0.59570 1.33470 0.04500
v 0.59570 1.32330 0.02500
v 0.59570 1.32330 0.04500
v 0.59570 1.33470 0.02500
v 0.60710 1.33470 0.02500
v 0.59570 1.33470 0.04500
v 0.60710 1.33470 0.04500
v 0.59570 1.32330 0.04500
v 0.60710 1.32330 0.04500
v 0.59570 1.32330 0.02500
v 0.60710 1.32330 0.02500
v 0.59570 1.33470 0.04500
v 0.60710 1.33470 0.04500
v 0.59570 1.32330 0.04500
v 0.60710 1.32330 0.04500
v 0.60710 1.33470 0.02500
v 0.59570 1.33470 0.02500
v 0.60710 1.32330 0.02500
v 0.59570 1.32330 0.02500
v 0.56990 1.32230 0.04500
v 0.56990 1.32230 0.02500
v 0.56990 1.31090 0.04500
v 0.56990 1.31090 0.02500
v 0.55850 1.32230 0.02500
v 0.55850 1.32230 0.04500
v 0.55850 1.31090 0.02500
v 0.55850 1.31090 0.04500
v 0.55850 1.32230 0.02500
v 0.56990 1.32230 0.02500
v 0.55850 1.32230 0.04500
v 0.56990 1.32230 0.04500
v 0.55850 1.31090 0.04500
v 0.56990 1.31090 0.04500
v 0.55850 1.31090 0.02500
v 0.56990 1.31090 0.02500
v 0.55850 1.32230 0.04500
v 0.56990 1.32230 0.04500
v 0.55850 1.31090 0.04500
v 0.56990 1.31090 0.04500
v 0.56990 1.32230 0.02500
v 0.55850 1.32230 0.02500
v 0.56990 1.31090 0.02500
v 0.55850 1.31090 0.02500
v 0.56990 1.30990 0.04500
v 0.56990 1.30990 0.02500
v 0.56990 1.29850 0.04500
v 0.56990 1.29850 0.02500
v 0.55850 1.30990 0.02500
v 0.55850 1.30990 0.04500
v 0.55850 1.29850 0.02500
v 0.55850 1.29850 0.04500
v 0.55850 1.30990 0.02500
v 0.56990 1.30990 0.02500
v 0.55850 1.30990 0.04500
v 0.56990 1.30990 0.04500
v 0.55850 1.29850 0.04500
v 0.56990 1.29850 0.04500
v 0.55850 1.29850 0.02500
v 0.56990 1.29850 0.02500
v 0.55850 1.30990 0.04500
v 0.56990 1.30990 0.04500
v 0.55850 1.29850 0.04500
v 0.56990 1.29850 0.04500
v 0.56990 1.30990 0.02500
v 0.55850 1.30990 0.02500
v 0.56990 1.29850 0.02500
v 0.55850 1.29850 0.02500
v 0.56990 1.29750 0.04500
v 0.56990 1.29750 0.02500
v 0.56990 1.28610 0.04500
v 0.56990 1.28610 0.02500
v 0.55850 1.29750 0.02500
v 0.55850 1.29750 0.04500
v 0.55850 1.28610 0.02500
v 0.55850 1.28610 0.04500
v 0.55850 1.29750 0.02500
v 0.56990 1.29750 0.02500
v 0.55850 1.29750 0.04500
v 0.56990 1.29750 0.04500
v 0.55850 1.28610 0.04500
v 0.56990 1.28610 0.04500
v 0.55850 1.28610 0.02500
v 0.56990 1.28610 0.02500
v 0.55850 1.29750 0.04500
v 0.56990 1.29750 0.04500
v 0.55850 1.28610 0.04500
v 0.56990 1.28610 0.04500
v 0.56990 1.29750 0.02500
v 0.55850 1.29750 0.02500
v 0.56990 1.28610 0.02500
v 0.55850 1.28610 0.02500
v 0.58230 1.29750 0.04500
v 0.58230 1.29750 0.02500
v 0.58230 1.28610 0.04500
v 0.58230 1.28610 0.02500
v 0.57090 1.29750 0.02500
v 0.57090 1.29750 0.04500
v 0.57090 1.28610 0.02500
v 0.57090 1.28610 0.04500
v 0.57090 1.29750 0.02500
v 0.58230 1.29750 0.02500
v 0.57090 1.29750 0.04500
v 0.58230 1.29750 0.04500
v 0.57090 1.28610 0.04500
v 0.58230 1.28610 0.04500
v 0.57090 1.28610 0.02500
v 0.58230 1.28610 0.02500
v 0.57090 1.29750 0.04500
v 0.58230 1.29750 0.04500
v 0.57090 1.28610 0.04500
v 0.58230 1.28610 0.04500
v 0.58230 1.29750 0.02500
v 0.57090 1.29750 0.02500
v 0.58230 1.28610 0.02500
v 0.57090 1.28610 0.02500
v 0.59470 1.29750 0.04500
v 0.59470 1.29750 0.02500
v 0.59470 1.28610 0.04500
v 0.59470 1.28610 0.02500
v 0.58330 1.29750 0.02500
v 0.58330 1.29750 0.04500
v 0.58330 1.28610 0.02500
v 0.58330 1.28610 0.04500
v 0.58330 1.29750 0.02500
v 0.59470 1.29750 0.02500
v 0.58330 1.29750 0.04500
v 0.59470 1.29750 0.04500
v 0.58330 1.28610 0.04500
v 0.59470 1.28610 0.04500
v 0.58330 1.28610 0.02500
v 0.59470 1.28610 0.02500
v 0.58330 1.29750 0.04500
v 0.59470 1.29750 0.04500
v 0.58330 1.28610 0.04500
v 0.59470 1.28610 0.04500
v 0.59470 1.29750 0.02500
v 0.58330 1.29750 0.02500
v 0.59470 1.28610 0.02500
v 0.58330 1.28610 0.02500
v 0.60710 1.29750 0.04500
v 0.60710 1.29750 0.02500
v 0.60710 1.28610 0.04500
v 0.60710 1.28610 0.02500
v 0.59570 1.29750 0.02500
v 0.59570 1.29750 0.04500
v 0.59570 1.28610 0.02500
v 0.59570 1.28610 0.04500
v 0.59570 1.29750 0.02500
v 0.60710 1.29750 0.02500
v 0.59570 1.29750 0.04500
v 0.60710 1.29750 0.04500
v 0.59570 1.28610 0.04500
v 0.60710 1.28610 0.04500
v 0.59570 1.28610 0.02500
v 0.60710 1.28610 0.02500
v 0.59570 1.29750 0.04500
v 0.60710 1.29750 0.04500
v 0.59570 1.28610 0.04500
v 0.60710 1.28610 0.04500
v 0.60710 1.29750 0.02500
v 0.59570 1.29750 0.02500
v 0.60710 1.28610 0.02500
v 0.59570 1.28610 0.02500
v 0.61950 1.29750 0.04500
v 0.61950 1.29750 0.02500
v 0.61950 1.28610 0.04500
v 0.61950 1.28610 0.02500
v 0.60810 1.29750 0.02500
v 0.60810 1.29750 0.04500
v 0.60810 1.28610 0.02500
v 0.60810 1.28610 0.04500
v 0.60810 1.29750 0.02500
v 0.61950 1.29750 0.02500
v 0.60810 1.29750 0.04500
v 0.61950 1.29750 0.04500
v 0.60810 1.28610 0.04500
v 0.61950 1.28610 0.04500
v 0.60810 1.28610 0.02500
v 0.61950 1.28610 0.02500
v 0.60810 1.29750 0.04500
v 0.61950 1.29750 0.04500
v 0.60810 1.28610 0.04500
v 0.61950 1.28610 0.04500
v 0.61950 1.29750 0.02500
v 0.60810 1.29750 0.02500
v 0.61950 1.28610 0.02500
v 0.60810 1.28610 0.02500
v 0.65670 1.37190 0.04500
v 0.65670 1.37190 0.02500
v 0.65670 1.36050 0.04500
v 0.65670 1.36050 0.02500
v 0.64530 1.37190 0.02500
v 0.64530 1.37190 0.04500
v 0.64530 1.36050 0.02500
v 0.64530 1.36050 0.04500
v 0.64530 1.37190 0.02500
v 0.65670 1.37190 0.02500
v 0.64530 1.37190 0.04500
v 0.65670 1.37190 0.04500
v 0.64530 1.36050 0.04500
v 0.65670 1.36050 0.04500
v 0.64530 1.36050 0.02500
v 0.65670 1.36050 0.02500
v 0.64530 1.37190 0.04500
v 0.65670 1.37190 0.04500
v 0.64530 1.36050 0.04500
v 0.65670 1.36050 0.04500
v 0.65670 1.37190 0.02500
v 0.64530 1.37190 0.02500
v 0.65670 1.36050 0.02500
v 0.64530 1.36050 0.02500
v 0.66910 1.37190 0.04500
v 0.66910 1.37190 0.02500
v 0.66910 1.36050 0.04500
v 0.66910 1.36050 0.02500
v 0.65770 1.37190 0.02500
v 0.65770 1.37190 0.04500
v 0.65770 1.36050 0.02500
v 0.65770 1.36050 0.04500
v 0.65770 1.37190 0.02500
v 0.66910 1.37190 0.02500
v 0.65770 1.37190 0.04500
v 0.66910 1.37190 0.04500
v 0.65770 1.36050 0.04500
v 0.66910 1.36050 0.04500
v 0.65770 1.36050 0.02500
v 0.66910 1.36050 0.02500
v 0.65770 1.37190 0.04500
v 0.66910 1.37190 0.04500
v 0.65770 1.36050 0.04500
v 0.66910 1.36050 0.04500
v 0.66910 1.37190 0.02500
v 0.65770 1.37190 0.02500
v 0.66910 1.36050 0.02500
v 0.65770 1.36050 0.02500
v 0.68150 1.37190 0.04500
v 0.68150 1.37190 0.02500
v 0.68150 1.36050 0.04500
v 0.68150 1.36050 0.02500
v 0.67010 1.37190 0.02500
v 0.67010 1.37190 0.04500
v 0.67010 1.36050 0.02500
v 0.67010 1.36050 0.04500
v 0.67010 1.37190 0.02500
v 0.68150 1.37190 0.02500
v 0.67010 1.37190 0.04500
v 0.68150 1.37190 0.04500
v 0.67010 1.36050 0.04500
v 0.68150 1.36050 0.04500
v 0.67010 1.36050 0.02500
v 0.68150 1.36050 0.02500
v 0.67010 1.37190 0.04500
v 0.68150 1.37190 0.04500
v 0.67010 1.36050 0.04500
v 0.68150 1.36050 0.04500
v 0.68150 1.37190 0.02500
v 0.67010 1.37190 0.02500
v 0.68150 1.36050 0.02500
v 0.67010 1.36050 0.02500
v 0.69390 1.37190 0.04500
v 0.69390 1.37190 0.02500
v 0.69390 1.36050 0.04500
v 0.69390 1.36050 0.02500
v 0.68250 1.37190 0.02500
v 0.68250 1.37190 0.04500
v 0.68250 1.36050 0.02500
v 0.68250 1.36050 0.04500
v 0.68250 1.37190 0.02500
v 0.69390 1.37190 0.02500
v 0.68250 1.37190 0.04500
v 0.69390 1.37190 0.04500
v 0.68250 1.36050 0.04500
v 0.69390 1.36050 0.04500
v 0.68250 1.36050 0.02500
v 0.69390 1.36050 0.02500
v 0.68250 1.37190 0.04500
v 0.69390 1.37190 0.04500
v 0.68250 1.36050 0.04500
v 0.69390 1.36050 0.04500
v 0.69390 1.37190 0.02500
v 0.68250 1.37190 0.02500
v 0.69390 1.36050 0.02500
v 0.68250 1.36050 0.02500
v 0.64430 1.35950 0.04500
v 0.64430 1.35950 0.02500
v 0.64430 1.34810 0.04500
v 0.64430 1.34810 0.02500
v 0.63290 1.35950 0.02500
v 0.63290 1.35950 0.04500
v 0.63290 1.34810 0.02500
v 0.63290 1.34810 0.04500
v 0.63290 1.35950 0.02500
v 0.64430 1.35950 0.02500
v 0.63290 1.35950 0.04500
v 0.64430 1.35950 0.04500
v 0.63290 1.34810 0.04500
v 0.64430 1.34810 0.04500
v 0.63290 1.34810 0.02500
v 0.64430 1.34810 0.02500
v 0.63290 1.35950 0.04500
v 0.64430 1.35950 0.04500
v 0.63290 1.34810 0.04500
v 0.64430 1.34810 0.04500
v 0.64430 1.35950 0.02500
v 0.63290 1.35950 0.02500
v 0.64430 1.34810 0.02500
v 0.63290 1.34810 0.02500
v 0.64430 1.34710 0.04500
v 0.64430 1.34710 0.02500
v 0.64430 1.33570 0.04500
v 0.64430 1.33570 0.02500
v 0.63290 1.34710 0.02500
v 0.63290 1.34710 0.04500
v 0.63290 1.33570 0.02500
v 0.63290 1.33570 0.04500
v 0.63290 1.34710 0.02500
v 0.64430 1.34710 0.02500
v 0.63290 1.34710 0.04500
v 0.64430 1.34710 0.04500
v 0.63290 1.33570 0.04500
v 0.64430 1.33570 0.04500
v 0.63290 1.33570 0.02500
v 0.64430 1.33570 0.02500
v 0.63290 1.34710 0.04500
v 0.64430 1.34710 0.04500
v 0.63290 1.33570 0.04500
v 0.64430 1.33570 0.04500
v 0.64430 1.34710 0.02500
v 0.63290 1.34710 0.02500
v 0.64430 1.33570 0.02500
v 0.63290 1.33570 0.02500
v 0.64430 1.33470 0.04500
v 0.64430 1.33470 0.02500
v 0.64430 1.32330 0.04500
v 0.64430 1.32330 0.02500
v 0.63290 1.33470 0.02500
v 0.63290 1.33470 0.04500
v 0.63290 1.32330 0.02500
v 0.63290 1.32330 0.04500
v 0.63290 1.33470 0.02500
v 0.64430 1.33470 0.02500
v 0.63290 1.33470 0.04500
v 0.64430 1.33470 0.04500
v 0.63290 1.32330 0.04500
v 0.64430 1.32330 0.04500
v 0.63290 1.32330 0.02500
v 0.64430 1.32330 0.02500
v 0.63290 1.33470 0.04500
v 0.64430 1.33470 0.04500
v 0.63290 1.32330 0.04500
v 0.64430 1.32330 0.04500
v 0.64430 1.33470 0.02500
v 0.63290 1.33470 0.02500
v 0.64430 1.32330 0.02500
v 0.63290 1.32330 0.02500
v 0.64430 1.32230 0.04500
v 0.64430 1.32230 0.02500
v 0.64430 1.31090 0.04500
v 0.64430 1.31090 0.02500
v 0.63290 1.32230 0.02500
v 0.63290 1.32230 0.04500
v 0.63290 1.31090 0.02500
v 0.63290 1.31090 0.04500
v 0.63290 1.32230 0.02500
v 0.64430 1.32230 0.02500
v 0.63290 1.32230 0.04500
v 0.64430 1.32230 0.04500
v 0.63290 1.31090 0.04500
v 0.64430 1.31090 0.04500
v 0.63290 1.31090 0.02500
v 0.64430 1.31090 0.02500
v 0.63290 1.32230 0.04500
v 0.64430 1.32230 0.04500
v 0.63290 1.31090 0.04500
v 0.64430 1.31090 0.04500
v 0.64430 1.32230 0.02500
v 0.63290 1.32230 0.02500
v 0.64430 1.31090 0.02500
v 0.63290 1.31090 0.02500
v 0.64430 1.30990 0.04500
v 0.64430 1.30990 0.02500
v 0.64430 1.29850 0.04500
v 0.64430 1.29850 0.02500
v 0.63290 1.30990 0.02500
v 0.63290 1.30990 0.04500
v 0.63290 1.29850 0.02500
v 0.63290 1.29850 0.04500
v 0.63290 1.30990 0.02500
v 0.64430 1.30990 0.02500
v 0.63290 1.30990 0.04500
v 0.64430 1.30990 0.04500
v 0.63290 1.29850 0.04500
v 0.64430 1.29850 0.04500
v 0.63290 1.29850 0.02500
v 0.64430 1.29850 0.02500
v 0.63290 1.30990 0.04500
v 0.64430 1.30990 0.04500
v 0.63290 1.29850 0.04500
v 0.64430 1.29850 0.04500
v 0.64430 1.30990 0.02500
v 0.63290 1.30990 0.02500
v 0.64430 1.29850 0.02500
v 0.63290 1.29850 0.02500
v 0.65670 1.29750 0.04500
v 0.65670 1.29750 0.02500
v 0.65670 1.28610 0.04500
v 0.65670 1.28610 0.02500
v 0.64530 1.29750 0.02500
v 0.64530 1.29750 0.04500
v 0.64530 1.28610 0.02500
v 0.64530 1.28610 0.04500
v 0.64530 1.29750 0.02500
v 0.65670 1.29750 0.02500
v 0.64530 1.29750 0.04500
v 0.65670 1.29750 0.04500
v 0.64530 1.28610 0.04500
v 0.65670 1.28610 0.04500
v 0.64530 1.28610 0.02500
v 0.65670 1.28610 0.02500
v 0.64530 1.29750 0.04500
v 0.65670 1.29750 0.04500
v 0.64530 1.28610 0.04500
v 0.65670 1.28610 0.04500
v 0.65670 1.29750 0.02500
v 0.64530 1.29750 0.02500
v 0.65670 1.28610 0.02500
v 0.64530 1.28610 0.02500
v 0.66910 1.29750 0.04500
v 0.66910 1.29750 0.02500
v 0.66910 1.28610 0.04500
v 0.66910 1.28610 0.02500
v 0.65770 1.29750 0.02500
v 0.65770 1.29750 0.04500
v 0.65770 1.28610 0.02500
v 0.65770 1.28610 0.04500
v 0.65770 1.29750 0.02500
v 0.66910 1.29750 0.02500
v 0.65770 1.29750 0.04500
v 0.66910 1.29750 0.04500
v 0.65770 1.28610 0.04500
v 0.66910 1.28610 0.04500
v 0.65770 1.28610 0.02500
v 0.66910 1.28610 0.02500
v 0.65770 1.29750 0.04500
v 0.66910 1.29750 0.04500
v 0.65770 1.28610 0.04500
v 0.66910 1.28610 0.04500
v 0.66910 1.29750 0.02500
v 0.65770 1.29750 0.02500
v 0.66910 1.28610 0.02500
v 0.65770 1.28610 0.02500
v 0.68150 1.29750 0.04500
v 0.68150 1.29750 0.02500
v 0.68150 1.28610 0.04500
v 0.68150 1.28610 0.02500
v 0.67010 1.29750 0.02500
v 0.67010 1.29750 0.04500
v 0.67010 1.28610 0.02500
v 0.67010 1.28610 0.04500
v 0.67010 1.29750 0.02500
v 0.68150 1.29750 0.02500
v 0.67010 1.29750 0.04500
v 0.68150 1.29750 0.04500
v 0.67010 1.28610 0.04500
v 0.68150 1.28610 0.04500
v 0.67010 1.28610 0.02500
v 0.68150 1.28610 0.02500
v 0.67010 1.29750 0.04500
v 0.68150 1.29750 0.04500
v 0.67010 1.28610 0.04500
v 0.68150 1.28610 0.04500
v 0.68150 1.29750 0.02500
v 0.67010 1.29750 0.02500
v 0.68150 1.28610 0.02500
v 0.67010 1.28610 0.02500
v 0.69390 1.29750 0.04500
v 0.69390 1.29750 0.02500
v 0.69390 1.28610 0.04500
v 0.69390 1.28610 0.02500
v 0.68250 1.29750 0.02500
v 0.68250 1.29750 0.04500
v 0.68250 1.28610 0.02500
v 0.68250 1.28610 0.04500
v 0.68250 1.29750 0.02500
v 0.69390 1.29750 0.02500
v 0.68250 1.29750 0.04500
v 0.69390 1.29750 0.04500
v 0.68250 1.28610 0.04500
v 0.69390 1.28610 0.04500
v 0.68250 1.28610 0.02500
v 0.69390 1.28610 0.02500
v 0.68250 1.29750 0.04500
v 0.69390 1.29750 0.04500
v 0.68250 1.28610 0.04500
v 0.69390 1.28610 0.04500
v 0.69390 1.29750 0.02500
v 0.68250 1.29750 0.02500
v 0.69390 1.28610 0.02500
v 0.68250 1.28610 0.02500
v 0.71870 1.37190 0.04500
v 0.71870 1.37190 0.02500
v 0.71870 1.36050 0.04500
v 0.71870 1.36050 0.02500
v 0.70730 1.37190 0.02500
v 0.70730 1.37190 0.04500
v 0.70730 1.36050 0.02500
v 0.70730 1.36050 0.04500
v 0.70730 1.37190 0.02500
v 0.71870 1.37190 0.02500
v 0.70730 1.37190 0.04500
v 0.71870 1.37190 0.04500
v 0.70730 1.36050 0.04500
v 0.71870 1.36050 0.04500
v 0.70730 1.36050 0.02500
v 0.71870 1.36050 0.02500
v 0.70730 1.37190 0.04500
v 0.71870 1.37190 0.04500
v 0.70730 1.36050 0.04500
v 0.71870 1.36050 0.04500
v 0.71870 1.37190 0.02500
v 0.70730 1.37190 0.02500
v 0.71870 1.36050 0.02500
v 0.70730 1.36050 0.02500
v 0.73110 1.37190 0.04500
v 0.73110 1.37190 0.02500
v 0.73110 1.36050 0.04500
v 0.73110 1.36050 0.02500
v 0.71970 1.37190 0.02500
v 0.71970 1.37190 0.04500
v 0.71970 1.36050 0.02500
v 0.71970 1.36050 0.04500
v 0.71970 1.37190 0.02500
v 0.73110 1.37190 0.02500
v 0.71970 1.37190 0.04500
v 0.73110 1.37190 0.04500
v 0.71970 1.36050 0.04500
v 0.73110 1.36050 0.04500
v 0.71970 1.36050 0.02500
v 0.73110 1.36050 0.02500
v 0.71970 1.37190 0.04500
v 0.73110 1.37190 0.04500
v 0.71970 1.36050 0.04500
v 0.73110 1.36050 0.04500
v 0.73110 1.37190 0.02500
v 0.71970 1.37190 0.02500
v 0.73110 1.36050 0.02500
v 0.71970 1.36050 0.02500
v 0.74350 1.37190 0.04500
v 0.74350 1.37190 0.02500
v 0.74350 1.36050 0.04500
v 0.74350 1.36050 0.02500
v 0.73210 1.37190 0.02500
v 0.73210 1.37190 0.04500
v 0.73210 1.36050 0.02500
v 0.73210 1.36050 0.04500
v 0.73210 1.37190 0.02500
v 0.74350 1.37190 0.02500
v 0.73210 1.37190 0.04500
v 0.74350 1.37190 0.04500
v 0.73210 1.36050 0.04500
v 0.74350 1.36050 0.04500
v 0.73210 1.36050 0.02500
v 0.74350 1.36050 0.02500
v 0.73210 1.37190 0.04500
v 0.74350 1.37190 0.04500
v 0.73210 1.36050 0.04500
v 0.74350 1.36050 0.04500
v 0.74350 1.37190 0.02500
v 0.73210 1.37190 0.02500
v 0.74350 1.36050 0.02500
v 0.73210 1.36050 0.02500
v 0.75590 1.37190 0.04500
v 0.75590 1.37190 0.02500
v 0.75590 1.36050 0.04500
v 0.75590 1.36050 0.02500
v 0.74450 1.37190 0.02500
v 0.74450 1.37190 0.04500
v 0.74450 1.36050 0.02500
v 0.74450 1.36050 0.04500
v 0.74450 1.37190 0.02500
v 0.75590 1.37190 0.02500
v 0.74450 1.37190 0.04500
v 0.75590 1.37190 0.04500
v 0.74450 1.36050 0.04500
v 0.75590 1.36050 0.04500
v 0.74450 1.36050 0.02500
v 0.75590 1.36050 0.02500
v 0.74450 1.37190 0.04500
v 0.75590 1.37190 0.04500
v 0.74450 1.36050 0.04500
v 0.75590 1.36050 0.04500
v 0.75590 1.37190 0.02500
v 0.74450 1.37190 0.02500
v 0.75590 1.36050 0.02500
v 0.74450 1.36050 0.02500
v 0.76830 1.37190 0.04500
v 0.76830 1.37190 0.02500
v 0.76830 1.36050 0.04500
v 0.76830 1.36050 0.02500
v 0.75690 1.37190 0.02500
v 0.75690 1.37190 0.04500
v 0.75690 1.36050 0.02500
v 0.75690 1.36050 0.04500
v 0.75690 1.37190 0.02500
v 0.76830 1.37190 0.02500
v 0.75690 1.37190 0.04500
v 0.76830 1.37190 0.04500
v 0.75690 1.36050 0.04500
v 0.76830 1.36050 0.04500
v 0.75690 1.36050 0.02500
v 0.76830 1.36050 0.02500
v 0.75690 1.37190 0.04500
v 0.76830 1.37190 0.04500
v 0.75690 1.36050 0.04500
v 0.76830 1.36050 0.04500
v 0.76830 1.37190 0.02500
v 0.75690 1.37190 0.02500
v 0.76830 1.36050 0.02500
v 0.75690 1.36050 0.02500
v 0.74350 1.35950 0.04500
v 0.74350 1.35950 0.02500
v 0.74350 1.34810 0.04500
v 0.74350 1.34810 0.02500
v 0.73210 1.35950 0.02500
v 0.73210 1.35950 0.04500
v 0.73210 1.34810 0.02500
v 0.73210 1.34810 0.04500
v 0.73210 1.35950 0.02500
v 0.74350 1.35950 0.02500
v 0.73210 1.35950 0.04500
v 0.74350 1.35950 0.04500
v 0.73210 1.34810 0.04500
v 0.74350 1.34810 0.04500
v 0.73210 1.34810 0.02500
v 0.74350 1.34810 0.02500
v 0.73210 1.35950 0.04500
v 0.74350 1.35950 0.04500
v 0.73210 1.34810 0.04500
v 0.74350 1.34810 0.04500
v 0.74350 1.35950 0.02500
v 0.73210 1.35950 0.02500
v 0.74350 1.34810 0.02500
v 0.73210 1.34810 0.02500
v 0.74350 1.34710 0.04500
v 0.74350 1.34710 0.02500
v 0.74350 1.33570 0.04500
v 0.74350 1.33570 0.02500
v 0.73210 1.34710 0.02500
v 0.73210 1.34710 0.04500
v 0.73210 1.33570 0.02500
v 0.73210 1.33570 0.04500
v 0.73210 1.34710 0.02500
v 0.74350 1.34710 0.02500
v 0.73210 1.34710 0.04500
v 0.74350 1.34710 0.04500
v 0.73210 1.33570 0.04500
v 0.74350 1.33570 0.04500
v 0.73210 1.33570 0.02500
v 0.74350 1.33570 0.02500
v 0.73210 1.34710 0.04500
v 0.74350 1.34710 0.04500
v 0.73210 1.33570 0.04500
v 0.74350 1.33570 0.04500
v 0.74350 1.34710 0.02500
v 0.73210 1.34710 0.02500
v 0.74350 1.33570 0.02500
v 0.73210 1.33570 0.02500
v 0.74350 1.33470 0.04500
v 0.74350 1.33470 0.02500
v 0.74350 1.32330 0.04500
v 0.74350 1.32330 0.02500
v 0.73210 1.33470 0.02500
v 0.73210 1.33470 0.04500
v 0.73210 1.32330 0.02500
v 0.73210 1.32330 0.04500
v 0.73210 1.33470 0.02500
v 0.74350 1.33470 0.02500
v 0.73210 1.33470 0.04500
v 0.74350 1.33470 0.04500
v 0.73210 1.32330 0.04500
v 0.74350 1.32330 0.04500
v 0.73210 1.32330 0.02500
v 0.74350 1.32330 0.02500
v 0.73210 1.33470 0.04500
v 0.74350 1.33470 0.04500
v 0.73210 1.32330 0.04500
v 0.74350 1.32330 0.04500
v 0.74350 1.33470 0.02500
v 0.73210 1.33470 0.02500
v 0.74350 1.32330 0.02500
v 0.73210 1.32330 0.02500
v 0.74350 1.32230 0.04500
v 0.74350 1.32230 0.02500
v 0.74350 1.31090 0.04500
v 0.74350 1.31090 0.02500
v 0.73210 1.32230 0.02500
v 0.73210 1.32230 0.04500
v 0.73210 1.31090 0.02500
v 0.73210 1.31090 0.04500
v 0.73210 1.32230 0.02500
v 0.74350 1.32230 0.02500
v 0.73210 1.32230 0.04500
v 0.74350 1.32230 0.04500
v 0.73210 1.31090 0.04500
v 0.74350 1.31090 0.04500
v 0.73210 1.31090 0.02500
v 0.74350 1.31090 0.02500
v 0.73210 1.32230 0.04500
v 0.74350 1.32230 0.04500
v 0.73210 1.31090 0.04500
v 0.74350 1.31090 0.04500
v 0.74350 1.32230 0.02500
v 0.73210 1.32230 0.02500
v 0.74350 1.31090 0.02500
v 0.73210 1.31090 0.02500
v 0.74350 1.30990 0.04500
v 0.74350 1.30990 0.02500
v 0.74350 1.29850 0.04500
v 0.74350 1.29850 0.02500
v 0.73210 1.30990 0.02500
v 0.73210 1.30990 0.04500
v 0.73210 1.29850 0.02500
v 0.73210 1.29850 0.04500
v 0.73210 1.30990 0.02500
v 0.74350 1.30990 0.02500
v 0.73210 1.30990 0.04500
v 0.74350 1.30990 0.04500
v 0.73210 1.29850 0.04500
v 0.74350 1.29850 0.04500
v 0.73210 1.29850 0.02500
v 0.74350 1.29850 0.02500
v 0.73210 1.30990 0.04500
v 0.74350 1.30990 0.04500
v 0.73210 1.29850 0.04500
v 0.74350 1.29850 0.04500
v 0.74350 1.30990 0.02500
v 0.73210 1.30990 0.02500
v 0.74350 1.29850 0.02500
v 0.73210 1.29850 0.02500
v 0.74350 1.29750 0.04500
v 0.74350 1.29750 0.02500
v 0.74350 1.28610 0.04500
v 0.74350 1.28610 0.02500
v 0.73210 1.29750 0.02500
v 0.73210 1.29750 0.04500
v 0.73210 1.28610 0.02500
v 0.73210 1.28610 0.04500
v 0.73210 1.29750 0.02500
v 0.74350 1.29750 0.02500
v 0.73210 1.29750 0.04500
v 0.74350 1.29750 0.04500
v 0.73210 1.28610 0.04500
v 0.74350 1.28610 0.04500
v 0.73210 1.28610 0.02500
v 0.74350 1.28610 0.02500
v 0.73210 1.29750 0.04500
v 0.74350 1.29750 0.04500
v 0.73210 1.28610 0.04500
v 0.74350 1.28610 0.04500
v 0.74350 1.29750 0.02500
v 0.73210 1.29750 0.02500
v 0.74350 1.28610 0.02500
v 0.73210 1.28610 0.02500
v 0.80550 1.37190 0.04500
v 0.80550 1.37190 0.02500
v 0.80550 1.36050 0.04500
v 0.80550 1.36050 0.02500
v 0.79410 1.37190 0.02500
v 0.79410 1.37190 0.04500
v 0.79410 1.36050 0.02500
v 0.79410 1.36050 0.04500
v 0.79410 1.37190 0.02500
v 0.80550 1.37190 0.02500
v 0.79410 1.37190 0.04500
v 0.80550 1.37190 0.04500
v 0.79410 1.36050 0.04500
v 0.80550 1.36050 0.04500
v 0.79410 1.36050 0.02500
v 0.80550 1.36050 0.02500
v 0.79410 1.37190 0.04500
v 0.80550 1.37190 0.04500
v 0.79410 1.36050 0.04500
v 0.80550 1.36050 0.04500
v 0.80550 1.37190 0.02500
v 0.79410 1.37190 0.02500
v 0.80550 1.36050 0.02500
v 0.79410 1.36050 0.02500
v 0.81790 1.37190 0.04500
v 0.81790 1.37190 0.02500
v 0.81790 1.36050 0.04500
v 0.81790 1.36050 0.02500
v 0.80650 1.37190 0.02500
v 0.80650 1.37190 0.04500
v 0.80650 1.36050 0.02500
v 0.80650 1.36050 0.04500
v 0.80650 1.37190 0.02500
v 0.81790 1.37190 0.02500
v 0.80650 1.37190 0.04500
v 0.81790 1.37190 0.04500
v 0.80650 1.36050 0.04500
v 0.81790 1.36050 0.04500
v 0.80650 1.36050 0.02500
v 0.81790 1.36050 0.02500
v 0.80650 1.37190 0.04500
v 0.81790 1.37190 0.04500
v 0.80650 1.36050 0.04500
v 0.81790 1.36050 0.04500
v 0.81790 1.37190 0.02500
v 0.80650 1.37190 0.02500
v 0.81790 1.36050 0.02500
v 0.80650 1.36050 0.02500
v 0.83030 1.37190 0.04500
v 0.83030 1.37190 0.02500
v 0.83030 1.36050 0.04500
v 0.83030 1.36050 0.02500
v 0.81890 1.37190 0.02500
v 0.81890 1.37190 0.04500
v 0.81890 1.36050 0.02500
v 0.81890 1.36050 0.04500
v 0.81890 1.37190 0.02500
v 0.83030 1.37190 0.02500
v 0.81890 1.37190 0.04500
v 0.83030 1.37190 0.04500
v 0.81890 1.36050 0.04500
v 0.83030 1.36050 0.04500
v 0.81890 1.36050 0.02500
v 0.83030 1.36050 0.02500
v 0.81890 1.37190 0.04500
v 0.83030 1.37190 0.04500
v 0.81890 1.36050 0.04500
v 0.83030 1.36050 0.04500
v 0.83030 1.37190 0.02500
v 0.81890 1.37190 0.02500
v 0.83030 1.36050 0.02500
v 0.81890 1.36050 0.02500
v 0.79310 1.35950 0.04500
v 0.79310 1.35950 0.02500
v 0.79310 1.34810 0.04500
v 0.79310 1.34810 0.02500
v 0.78170 1.35950 0.02500
v 0.78170 1.35950 0.04500
v 0.78170 1.34810 0.02500
v 0.78170 1.34810 0.04500
v 0.78170 1.35950 0.02500
v 0.79310 1.35950 0.02500
v 0.78170 1.35950 0.04500
v 0.79310 1.35950 0.04500
v 0.78170 1.34810 0.04500
v 0.79310 1.34810 0.04500
v 0.78170 1.34810 0.02500
v 0.79310 1.34810 0.02500
v 0.78170 1.35950 0.04500
v 0.79310 1.35950 0.04500
v 0.78170 1.34810 0.04500
v 0.79310 1.34810 0.04500
v 0.79310 1.35950 0.02500
v 0.78170 1.35950 0.02500
v 0.79310 1.34810 0.02500
v 0.78170 1.34810 0.02500
v 0.84270 1.35950 0.04500
v 0.84270 1.35950 0.02500
v 0.84270 1.34810 0.04500
v 0.84270 1.34810 0.02500
v 0.83130 1.35950 0.02500
v 0.83130 1.35950 0.04500
v 0.83130 1.34810 0.02500
v 0.83130 1.34810 0.04500
v 0.83130 1.35950 0.02500
v 0.84270 1.35950 0.02500
v 0.83130 1.35950 0.04500
v 0.84270 1.35950 0.04500
v 0.83130 1.34810 0.04500
v 0.84270 1.34810 0.04500
v 0.83130 1.34810 0.02500
v 0.84270 1.34810 0.02500
v 0.83130 1.35950 0.04500
v 0.84270 1.35950 0.04500
v 0.83130 1.34810 0.04500
v 0.84270 1.34810 0.04500
v 0.84270 1.35950 0.02500
v 0.83130 1.35950 0.02500
v 0.84270 1.34810 0.02500
v 0.83130 1.34810 0.02500
v 0.79310 1.34710 0.04500
v 0.79310 1.34710 0.02500
v 0.79310 1.33570 0.04500
v 0.79310 1.33570 0.02500
v 0.78170 1.34710 0.02500
v 0.78170 1.34710 0.04500
v 0.78170 1.33570 0.02500
v 0.78170 1.33570 0.04500
v 0.78170 1.34710 0.02500
v 0.79310 1.34710 0.02500
v 0.78170 1.34710 0.04500
v 0.79310 1.34710 0.04500
v 0.78170 1.33570 0.04500
v 0.79310 1.33570 0.04500
v 0.78170 1.33570 0.02500
v 0.79310 1.33570 0.02500
v 0.78170 1.34710 0.04500
v 0.79310 1.34710 0.04500
v 0.78170 1.33570 0.04500
v 0.79310 1.33570 0.04500
v 0.79310 1.34710 0.02500
v 0.78170 1.34710 0.02500
v 0.79310 1.33570 0.02500
v 0.78170 1.33570 0.02500
v 0.84270 1.34710 0.04500
v 0.84270 1.34710 0.02500
v 0.84270 1.33570 0.04500
v 0.84270 1.33570 0.02500
v 0.83130 1.34710 0.02500
v 0.83130 1.34710 0.04500
v 0.83130 1.33570 0.02500
v 0.83130 1.33570 0.04500
v 0.83130 1.34710 0.02500
v 0.84270 1.34710 0.02500
v 0.83130 1.34710 0.04500
v 0.84270 1.34710 0.04500
v 0.83130 1.33570 0.04500
v 0.84270 1.33570 0.04500
v 0.83130 1.33570 0.02500
v 0.84270 1.33570 0.02500
v 0.83130 1.34710 0.04500
v 0.84270 1.34710 0.04500
v 0.83130 1.33570 0.04500
v 0.84270 1.33570 0.04500
v 0.84270 1.34710 0.02500
v 0.83130 1.34710 0.02500
v 0.84270 1.33570 0.02500
v 0.83130 1.33570 0.02500
v 0.79310 1.33470 0.04500
v 0.79310 1.33470 0.02500
v 0.79310 1.32330 0.04500
v 0.79310 1.32330 0.02500
v 0.78170 1.33470 0.02500
v 0.78170 1.33470 0.04500
v 0.78170 1.32330 0.02500
v 0.78170 1.32330 0.04500
v 0.78170 1.33470 0.02500
v 0.79310 1.33470 0.02500
v 0.78170 1.33470 0.04500
v 0.79310 1.33470 0.04500
v 0.78170 1.32330 0.04500
v 0.79310 1.32330 0.04500
v 0.78170 1.32330 0.02500
v 0.79310 1.32330 0.02500
v 0.78170 1.33470 0.04500
v 0.79310 1.33470 0.04500
v 0.78170 1.32330 0.04500
v 0.79310 1.32330 0.04500
v 0.79310 1.33470 0.02500
v 0.78170 1.33470 0.02500
v 0.79310 1.32330 0.02500
v 0.78170 1.32330 0.02500
v 0.80550 1.33470 0.04500
v 0.80550 1.33470 0.02500
v 0.80550 1.32330 0.04500
v 0.80550 1.32330 0.02500
v 0.79410 1.33470 0.02500
v 0.79410 1.33470 0.04500
v 0.79410 1.32330 0.02500
v 0.79410 1.32330 0.04500
v 0.79410 1.33470 0.02500
v 0.80550 1.33470 0.02500
v 0.79410 1.33470 0.04500
v 0.80550 1.33470 0.04500
v 0.79410 1.32330 0.04500
v 0.80550 1.32330 0.04500
v 0.79410 1.32330 0.02500
v 0.80550 1.32330 0.02500
v 0.79410 1.33470 0.04500
v 0.80550 1.33470 0.04500
v 0.79410 1.32330 0.04500
v 0.80550 1.32330 0.04500
v 0.80550 1.33470 0.02500
v 0.79410 1.33470 0.02500
v 0.80550 1.32330 0.02500
v 0.79410 1.32330 0.02500
v 0.81790 1.33470 0.04500
v 0.81790 1.33470 0.02500
v 0.81790 1.32330 0.04500
v 0.81790 1.32330 0.02500
v 0.80650 1.33470 0.02500
v 0.80650 1.33470 0.04500
v 0.80650 1.32330 0.02500
v 0.80650 1.32330 0.04500
v 0.80650 1.33470 0.02500
v 0.81790 1.33470 0.02500
v 0.80650 1.33470 0.04500
v 0.81790 1.33470 0.04500
v 0.80650 1.32330 0.04500
v 0.81790 1.32330 0.04500
v 0.80650 1.32330 0.02500
v 0.81790 1.32330 0.02500
v 0.80650 1.33470 0.04500
v 0.81790 1.33470 0.04500
v 0.80650 1.32330 0.04500
v 0.81790 1.32330 0.04500
v 0.81790 1.33470 0.02500
v 0.80650 1.33470 0.02500
v 0.81790 1.32330 0.02500
v 0.80650 1.32330 0.02500
v 0.83030 1.33470 0.04500
v 0.83030 1.33470 0.02500
v 0.83030 1.32330 0.04500
v 0.83030 1.32330 0.02500
v 0.81890 1.33470 0.02500
v 0.81890 1.33470 0.04500
v 0.81890 1.32330 0.02500
v 0.81890 1.32330 0.04500
v 0.81890 1.33470 0.02500
v 0.83030 1.33470 0.02500
v 0.81890 1.33470 0.04500
v 0.83030 1.33470 0.04500
v 0.81890 1.32330 0.04500
v 0.83030 1.32330 0.04500
v 0.81890 1.32330 0.02500
v 0.83030 1.32330 0.02500
v 0.81890 1.33470 0.04500
v 0.83030 1.33470 0.04500
v 0.81890 1.32330 0.04500
v 0.83030 1.32330 0.04500
v 0.83030 1.33470 0.02500
v 0.81890 1.33470 0.02500
v 0.83030 1.32330 0.02500
v 0.81890 1.32330 0.02500
v 0.84270 1.33470 0.04500
v 0.84270 1.33470 0.02500
v 0.84270 1.32330 0.04500
v 0.84270 1.32330 0.02500
v 0.83130 1.33470 0.02500
v 0.83130 1.33470 0.04500
v 0.83130 1.32330 0.02500
v 0.83130 1.32330 0.04500
v 0.83130 1.33470 0.02500
v 0.84270 1.33470 0.02500
v 0.83130 1.33470 0.04500
v 0.84270 1.33470 0.04500
v 0.83130 1.32330 0.04500
v 0.84270 1.32330 0.04500
v 0.83130 1.32330 0.02500
v 0.84270 1.32330 0.02500
v 0.83130 1.33470 0.04500
v 0.84270 1.33470 0.04500
v 0.83130 1.32330 0.04500
v 0.84270 1.32330 0.04500
v 0.84270 1.33470 0.02500
v 0.83130 1.33470 0.02500
v 0.84270 1.32330 0.02500
v 0.83130 1.32330 0.02500
v 0.79310 1.32230 0.04500
v 0.79310 1.32230 0.02500
v 0.79310 1.31090 0.04500
v 0.79310 1.31090 0.02500
v 0.78170 1.32230 0.02500
v 0.78170 1.32230 0.04500
v 0.78170 1.31090 0.02500
v 0.78170 1.31090 0.04500
v 0.78170 1.32230 0.02500
v 0.79310 1.32230 0.02500
v 0.78170 1.32230 0.04500
v 0.79310 1.32230 0.04500
v 0.78170 1.31090 0.04500
v 0.79310 1.31090 0.04500
v 0.78170 1.31090 0.02500
v 0.79310 1.31090 0.02500
v 0.78170 1.32230 0.04500
v 0.79310 1.32230 0.04500
v 0.78170 1.31090 0.04500
v 0.79310 1.31090 0.04500
v 0.79310 1.32230 0.02500
v 0.78170 1.32230 0.02500
v 0.79310 1.31090 0.02500
v 0.78170 1.31090 0.02500
v 0.84270 1.32230 0.04500
v 0.84270 1.32230 0.02500
v 0.84270 1.31090 0.04500
v 0.84270 1.31090 0.02500
v 0.83130 1.32230 0.02500
v 0.83130 1.32230 0.04500
v 0.83130 1.31090 0.02500
v 0.83130 1.31090 0.04500
v 0.83130 1.32230 0.02500
v 0.84270 1.32230 0.02500
v 0.83130 1.32230 0.04500
v 0.84270 1.32230 0.04500
v 0.83130 1.31090 0.04500
v 0.84270 1.31090 0.04500
v 0.83130 1.31090 0.02500
v 0.84270 1.31090 0.02500
v 0.83130 1.32230 0.04500
v 0.84270 1.32230 0.04500
v 0.83130 1.31090 0.04500
v 0.84270 1.31090 0.04500
v 0.84270 1.32230 0.02500
v 0.83130 1.32230 0.02500
v 0.84270 1.31090 0.02500
v 0.83130 1.31090 0.02500
v 0.79310 1.30990 0.04500
v 0.79310 1.30990 0.02500
v 0.79310 1.29850 0.04500
v 0.79310 1.29850 0.02500
v 0.78170 1.30990 0.02500
v 0.78170 1.30990 0.04500
v 0.78170 1.29850 0.02500
v 0.78170 1.29850 0.04500
v 0.78170 1.30990 0.02500
v 0.79310 1.30990 0.02500
v 0.78170 1.30990 0.04500
v 0.79310 1.30990 0.04500
v 0.78170 1.29850 0.04500
v 0.79310 1.29850 0.04500
v 0.78170 1.29850 0.02500
v 0.79310 1.29850 0.02500
v 0.78170 1.30990 0.04500
v 0.79310 1.30990 0.04500
v 0.78170 1.29850 0.04500
v 0.79310 1.29850 0.04500
v 0.79310 1.30990 0.02500
v 0.78170 1.30990 0.02500
v 0.79310 1.29850 0.02500
v 0.78170 1.29850 0.02500
v 0.84270 1.30990 0.04500
v 0.84270 1.30990 0.02500
v 0.84270 1.29850 0.04500
v 0.84270 1.29850 0.02500
v 0.83130 1.30990 0.02500
v 0.83130 1.30990 0.04500
v 0.83130 1.29850 0.02500
v 0.83130 1.29850 0.04500
v 0.83130 1.30990 0.02500
v 0.84270 1.30990 0.02500
v 0.83130 1.30990 0.04500
v 0.84270 1.30990 0.04500
v 0.83130 1.29850 0.04500
v 0.84270 1.29850 0.04500
v 0.83130 1.29850 0.02500
v 0.84270 1.29850 0.02500
v 0.83130 1.30990 0.04500
v 0.84270 1.30990 0.04500
v 0.83130 1.29850 0.04500
v 0.84270 1.29850 0.04500
v 0.84270 1.30990 0.02500
v 0.83130 1.30990 0.02500
v 0.84270 1.29850 0.02500
v 0.83130 1.29850 0.02500
v 0.79310 1.29750 0.04500
v 0.79310 1.29750 0.02500
v 0.79310 1.28610 0.04500
v 0.79310 1.28610 0.02500
v 0.78170 1.29750 0.02500
v 0.78170 1.29750 0.04500
v 0.78170 1.28610 0.02500
v 0.78170 1.28610 0.04500
v 0.78170 1.29750 0.02500
v 0.79310 1.29750 0.02500
v 0.78170 1.29750 0.04500
v 0.79310 1.29750 0.04500
v 0.78170 1.28610 0.04500
v 0.79310 1.28610 0.04500
v 0.78170 1.28610 0.02500
v 0.79310 1.28610 0.02500
v 0.78170 1.29750 0.04500
v 0.79310 1.29750 0.04500
v 0.78170 1.28610 0.04500
v 0.79310 1.28610 0.04500
v 0.79310 1.29750 0.02500
v 0.78170 1.29750 0.02500
v 0.79310 1.28610 0.02500
v 0.78170 1.28610 0.02500
v 0.84270 1.29750 0.04500
v 0.84270 1.29750 0.02500
v 0.84270 1.28610 0.04500
v 0.84270 1.28610 0.02500
v 0.83130 1.29750 0.02500
v 0.83130 1.29750 0.04500
v 0.83130 1.28610 0.02500
v 0.83130 1.28610 0.04500
v 0.83130 1.29750 0.02500
v 0.84270 1.29750 0.02500
v 0.83130 1.29750 0.04500
v 0.84270 1.29750 0.04500
v 0.83130 1.28610 0.04500
v 0.84270 1.28610 0.04500
v 0.83130 1.28610 0.02500
v 0.84270 1.28610 0.02500
v 0.83130 1.29750 0.04500
v 0.84270 1.29750 0.04500
v 0.83130 1.28610 0.04500
v 0.84270 1.28610 0.04500
v 0.84270 1.29750 0.02500
v 0.83130 1.29750 0.02500
v 0.84270 1.28610 0.02500
v 0.83130 1.28610 0.02500
v 0.86750 1.37190 0.04500
v 0.86750 1.37190 0.02500
v 0.86750 1.36050 0.04500
v 0.86750 1.36050 0.02500
v 0.85610 1.37190 0.02500
v 0.85610 1.37190 0.04500
v 0.85610 1.36050 0.02500
v 0.85610 1.36050 0.04500
v 0.85610 1.37190 0.02500
v 0.86750 1.37190 0.02500
v 0.85610 1.37190 0.04500
v 0.86750 1.37190 0.04500
v 0.85610 1.36050 0.04500
v 0.86750 1.36050 0.04500
v 0.85610 1.36050 0.02500
v 0.86750 1.36050 0.02500
v 0.85610 1.37190 0.04500
v 0.86750 1.37190 0.04500
v 0.85610 1.36050 0.04500
v 0.86750 1.36050 0.04500
v 0.86750 1.37190 0.02500
v 0.85610 1.37190 0.02500
v 0.86750 1.36050 0.02500
v 0.85610 1.36050 0.02500
v 0.87990 1.37190 0.04500
v 0.87990 1.37190 0.02500
v 0.87990 1.36050 0.04500
v 0.87990 1.36050 0.02500
v 0.86850 1.37190 0.02500
v 0.86850 1.37190 0.04500
v 0.86850 1.36050 0.02500
v 0.86850 1.36050 0.04500
v 0.86850 1.37190 0.02500
v 0.87990 1.37190 0.02500
v 0.86850 1.37190 0.04500
v 0.87990 1.37190 0.04500
v 0.86850 1.36050 0.04500
v 0.87990 1.36050 0.04500
v 0.86850 1.36050 0.02500
v 0.87990 1.36050 0.02500
v 0.86850 1.37190 0.04500
v 0.87990 1.37190 0.04500
v 0.86850 1.36050 0.04500
v 0.87990 1.36050 0.04500
v 0.87990 1.37190 0.02500
v 0.86850 1.37190 0.02500
v 0.87990 1.36050 0.02500
v 0.86850 1.36050 0.02500
v 0.89230 1.37190 0.04500
v 0.89230 1.37190 0.02500
v 0.89230 1.36050 0.04500
v 0.89230 1.36050 0.02500
v 0.88090 1.37190 0.02500
v 0.88090 1.37190 0.04500
v 0.88090 1.36050 0.02500
v 0.88090 1.36050 0.04500
v 0.88090 1.37190 0.02500
v 0.89230 1.37190 0.02500
v 0.88090 1.37190 0.04500
v 0.89230 1.37190 0.04500
v 0.88090 1.36050 0.04500
v 0.89230 1.36050 0.04500
v 0.88090 1.36050 0.02500
v 0.89230 1.36050 0.02500
v 0.88090 1.37190 0.04500
v 0.89230 1.37190 0.04500
v 0.88090 1.36050 0.04500
v 0.89230 1.36050 0.04500
v 0.89230 1.37190 0.02500
v 0.88090 1.37190 0.02500
v 0.89230 1.36050 0.02500
v 0.88090 1.36050 0.02500
v 0.90470 1.37190 0.04500
v 0.90470 1.37190 0.02500
v 0.90470 1.36050 0.04500
v 0.90470 1.36050 0.02500
v 0.89330 1.37190 0.02500
v 0.89330 1.37190 0.04500
v 0.89330 1.36050 0.02500
v 0.89330 1.36050 0.04500
v 0.89330 1.37190 0.02500
v 0.90470 1.37190 0.02500
v 0.89330 1.37190 0.04500
v 0.90470 1.37190 0.04500
v 0.89330 1.36050 0.04500
v 0.90470 1.36050 0.04500
v 0.89330 1.36050 0.02500
v 0.90470 1.36050 0.02500
v 0.89330 1.37190 0.04500
v 0.90470 1.37190 0.04500
v 0.89330 1.36050 0.04500
v 0.90470 1.36050 0.04500
v 0.90470 1.37190 0.02500
v 0.89330 1.37190 0.02500
v 0.90470 1.36050 0.02500
v 0.89330 1.36050 0.02500
v 0.86750 1.35950 0.04500
v 0.86750 1.35950 0.02500
v 0.86750 1.34810 0.04500
v 0.86750 1.34810 0.02500
v 0.85610 1.35950 0.02500
v 0.85610 1.35950 0.04500
v 0.85610 1.34810 0.02500
v 0.85610 1.34810 0.04500
v 0.85610 1.35950 0.02500
v 0.86750 1.35950 0.02500
v 0.85610 1.35950 0.04500
v 0.86750 1.35950 0.04500
v 0.85610 1.34810 0.04500
v 0.86750 1.34810 0.04500
v 0.85610 1.34810 0.02500
v 0.86750 1.34810 0.02500
v 0.85610 1.35950 0.04500
v 0.86750 1.35950 0.04500
v 0.85610 1.34810 0.04500
v 0.86750 1.34810 0.04500
v 0.86750 1.35950 0.02500
v 0.85610 1.35950 0.02500
v 0.86750 1.34810 0.02500
v 0.85610 1.34810 0.02500
v 0.91710 1.35950 0.04500
v 0.91710 1.35950 0.02500
v 0.91710 1.34810 0.04500
v 0.91710 1.34810 0.02500
v 0.90570 1.35950 0.02500
v 0.90570 1.35950 0.04500
v 0.90570 1.34810 0.02500
v 0.90570 1.34810 0.04500
v 0.90570 1.35950 0.02500
v 0.91710 1.35950 0.02500
v 0.90570 1.35950 0.04500
v 0.91710 1.35950 0.04500
v 0.90570 1.34810 0.04500
v 0.91710 1.34810 0.04500
v 0.90570 1.34810 0.02500
v 0.91710 1.34810 0.02500
v 0.90570 1.35950 0.04500
v 0.91710 1.35950 0.04500
v 0.90570 1.34810 0.04500
v 0.91710 1.34810 0.04500
v 0.91710 1.35950 0.02500
v 0.90570 1.35950 0.02500
v 0.91710 1.34810 0.02500
v 0.90570 1.34810 0.02500
v 0.86750 1.34710 0.04500
v 0.86750 1.34710 0.02500
v 0.86750 1.33570 0.04500
v 0.86750 1.33570 0.02500
v 0.85610 1.34710 0.02500
v 0.85610 1.34710 0.04500
v 0.85610 1.33570 0.02500
v 0.85610 1.33570 0.04500
v 0.85610 1.34710 0.02500
v 0.86750 1.34710 0.02500
v 0.85610 1.34710 0.04500
v 0.86750 1.34710 0.04500
v 0.85610 1.33570 0.04500
v 0.86750 1.33570 0.04500
v 0.85610 1.33570 0.02500
v 0.86750 1.33570 0.02500
v 0.85610 1.34710 0.04500
v 0.86750 1.34710 0.04500
v 0.85610 1.33570 0.04500
v 0.86750 1.33570 0.04500
v 0.86750 1.34710 0.02500
v 0.85610 1.34710 0.02500
v 0.86750 1.33570 0.02500
v 0.85610 1.33570 0.02500
v 0.91710 1.34710 0.04500
v 0.91710 1.34710 0.02500
v 0.91710 1.33570 0.04500
v 0.91710 1.33570 0.02500
v 0.90570 1.34710 0.02500
v 0.90570 1.34710 0.04500
v 0.90570 1.33570 0.02500
v 0.90570 1.33570 0.04500
v 0.90570 1.34710 0.02500
v 0.91710 1.34710 0.02500
v 0.90570 1.34710 0.04500
v 0.91710 1.34710 0.04500
v 0.90570 1.33570 0.04500
v 0.91710 1.33570 0.04500
v 0.90570 1.33570 0.02500
v 0.91710 1.33570 0.02500
v 0.90570 1.34710 0.04500
v 0.91710 1.34710 0.04500
v 0.90570 1.33570 0.04500
v 0.91710 1.33570 0.04500
v 0.91710 1.34710 0.02500
v 0.90570 1.34710 0.02500
v 0.91710 1.33570 0.02500
v 0.90570 1.33570 0.02500
v 0.86750 1.33470 0.04500
v 0.86750 1.33470 0.02500
v 0.86750 1.32330 0.04500
v 0.86750 1.32330 0.02500
v 0.85610 1.33470 0.02500
v 0.85610 1.33470 0.04500
v 0.85610 1.32330 0.02500
v 0.85610 1.32330 0.04500
v 0.85610 1.33470 0.02500
v 0.86750 1.33470 0.02500
v 0.85610 1.33470 0.04500
v 0.86750 1.33470 0.04500
v 0.85610 1.32330 0.04500
v 0.86750 1.32330 0.04500
v 0.85610 1.32330 0.02500
v 0.86750 1.32330 0.02500
v 0.85610 1.33470 0.04500
v 0.86750 1.33470 0.04500
v 0.85610 1.32330 0.04500
v 0.86750 1.32330 0.04500
v 0.86750 1.33470 0.02500
v 0.85610 1.33470 0.02500
v 0.86750 1.32330 0.02500
v 0.85610 1.32330 0.02500
v 0.87990 1.33470 0.04500
v 0.87990 1.33470 0.02500
v 0.87990 1.32330 0.04500
v 0.87990 1.32330 0.02500
v 0.86850 1.33470 0.02500
v 0.86850 1.33470 0.04500
v 0.86850 1.32330 0.02500
v 0.86850 1.32330 0.04500
v 0.86850 1.33470 0.02500
v 0.87990 1.33470 0.02500
v 0.86850 1.33470 0.04500
v 0.87990 1.33470 0.04500
v 0.86850 1.32330 0.04500
v 0.87990 1.32330 0.04500
v 0.86850 1.32330 0.02500
v 0.87990 1.32330 0.02500
v 0.86850 1.33470 0.04500
v 0.87990 1.33470 0.04500
v 0.86850 1.32330 0.04500
v 0.87990 1.32330 0.04500
v 0.87990 1.33470 0.02500
v 0.86850 1.33470 0.02500
v 0.87990 1.32330 0.02500
v 0.86850 1.32330 0.02500
v 0.89230 1.33470 0.04500
v 0.89230 1.33470 0.02500
v 0.89230 1.32330 0.04500
v 0.89230 1.32330 0.02500
v 0.88090 1.33470 0.02500
v 0.88090 1.33470 0.04500
v 0.88090 1.32330 0.02500
v 0.88090 1.32330 0.04500
v 0.88090 1.33470 0.02500
v 0.89230 1.33470 0.02500
v 0.88090 1.33470 0.04500
v 0.89230 1.33470 0.04500
v 0.88090 1.32330 0.04500
v 0.89230 1.32330 0.04500
v 0.88090 1.32330 0.02500
v 0.89230 1.32330 0.02500
v 0.88090 1.33470 0.04500
v 0.89230 1.33470 0.04500
v 0.88090 1.32330 0.04500
v 0.89230 1.32330 0.04500
v 0.89230 1.33470 0.02500
v 0.88090 1.33470 0.02500
v 0.89230 1.32330 0.02500
v 0.88090 1.32330 0.02500
v 0.90470 1.33470 0.04500
v 0.90470 1.33470 0.02500
v 0.90470 1.32330 0.04500
v 0.90470 1.32330 0.02500
v 0.89330 1.33470 0.02500
v 0.89330 1.33470 0.04500
v 0.89330 1.32330 0.02500
v 0.89330 1.32330 0.04500
v 0.89330 1.33470 0.02500
v 0.90470 1.33470 0.02500
v 0.89330 1.33470 0.04500
v 0.90470 1.33470 0.04500
v 0.89330 1.32330 0.04500
v 0.90470 1.32330 0.04500
v 0.89330 1.32330 0.02500
v 0.90470 1.32330 0.02500
v 0.89330 1.33470 0.04500
v 0.90470 1.33470 0.04500
v 0.89330 1.32330 0.04500
v 0.90470 1.32330 0.04500
v 0.90470 1.33470 0.02500
v 0.89330 1.33470 0.02500
v 0.90470 1.32330 0.02500
v 0.89330 1.32330 0.02500
v 0.86750 1.32230 0.04500
v 0.86750 1.32230 0.02500
v 0.86750 1.31090 0.04500
v 0.86750 1.31090 0.02500
v 0.85610 1.32230 0.02500
v 0.85610 1.32230 0.04500
v 0.85610 1.31090 0.02500
v 0.85610 1.31090 0.04500
v 0.85610 1.32230 0.02500
v 0.86750 1.32230 0.02500
v 0.85610 1.32230 0.04500
v 0.86750 1.32230 0.04500
v 0.85610 1.31090 0.04500
v 0.86750 1.31090 0.04500
v 0.85610 1.31090 0.02500
v 0.86750 1.31090 0.02500
v 0.85610 1.32230 0.04500
v 0.86750 1.32230 0.04500
v 0.85610 1.31090 0.04500
v 0.86750 1.31090 0.04500
v 0.86750 1.32230 0.02500
v 0.85610 1.32230 0.02500
v 0.86750 1.31090 0.02500
v 0.85610 1.31090 0.02500
v 0.91710 1.32230 0.04500
v 0.91710 1.32230 0.02500
v 0.91710 1.31090 0.04500
v 0.91710 1.31090 0.02500
v 0.90570 1.32230 0.02500
v 0.90570 1.32230 0.04500
v 0.90570 1.31090 0.02500
v 0.90570 1.31090 0.04500
v 0.90570 1.32230 0.02500
v 0.91710 1.32230 0.02500
v 0.90570 1.32230 0.04500
v 0.91710 1.32230 0.04500
v 0.90570 1.31090 0.04500
v 0.91710 1.31090 0.04500
v 0.90570 1.31090 0.02500
v 0.91710 1.31090 0.02500
v 0.90570 1.32230 0.04500
v 0.91710 1.32230 0.04500
v 0.90570 1.31090 0.04500
v 0.91710 1.31090 0.04500
v 0.91710 1.32230 0.02500
v 0.90570 1.32230 0.02500
v 0.91710 1.31090 0.02500
v 0.90570 1.31090 0.02500
v 0.86750 1.30990 0.04500
v 0.86750 1.30990 0.02500
v 0.86750 1.29850 0.04500
v 0.86750 1.29850 0.02500
v 0.85610 1.30990 0.02500
v 0.85610 1.30990 0.04500
v 0.85610 1.29850 0.02500
v 0.85610 1.29850 0.04500
v 0.85610 1.30990 0.02500
v 0.86750 1.30990 0.02500
v 0.85610 1.30990 0.04500
v 0.86750 1.30990 0.04500
v 0.85610 1.29850 0.04500
v 0.86750 1.29850 0.04500
v 0.85610 1.29850 0.02500
v 0.86750 1.29850 0.02500
v 0.85610 1.30990 0.04500
v 0.86750 1.30990 0.04500
v 0.85610 1.29850 0.04500
v 0.86750 1.29850 0.04500
v 0.86750 1.30990 0.02500
v 0.85610 1.30990 0.02500
v 0.86750 1.29850 0.02500
v 0.85610 1.29850 0.02500
v 0.91710 1.30990 0.04500
v 0.91710 1.30990 0.02500
v 0.91710 1.29850 0.04500
v 0.91710 1.29850 0.02500
v 0.90570 1.30990 0.02500
v 0.90570 1.30990 0.04500
v 0.90570 1.29850 0.02500
v 0.90570 1.29850 0.04500
v 0.90570 1.30990 0.02500
v 0.91710 1.30990 0.02500
v 0.90570 1.30990 0.04500
v 0.91710 1.30990 0.04500
v 0.90570 1.29850 0.04500
v 0.91710 1.29850 0.04500
v 0.90570 1.29850 0.02500
v 0.91710 1.29850 0.02500
v 0.90570 1.30990 0.04500
v 0.91710 1.30990 0.04500
v 0.90570 1.29850 0.04500
v 0.91710 1.29850 0.04500
v 0.91710 1.30990 0.02500
v 0.90570 1.30990 0.02500
v 0.91710 1.29850 0.02500
v 0.90570 1.29850 0.02500
v 0.86750 1.29750 0.04500
v 0.86750 1.29750 0.02500
v 0.86750 1.28610 0.04500
v 0.86750 1.28610 0.02500
v 0.85610 1.29750 0.02500
v 0.85610 1.29750 0.04500
v 0.85610 1.28610 0.02500
v 0.85610 1.28610 0.04500
v 0.85610 1.29750 0.02500
v 0.86750 1.29750 0.02500
v 0.85610 1.29750 0.04500
v 0.86750 1.29750 0.04500
v 0.85610 1.28610 0.04500
v 0.86750 1.28610 0.04500
v 0.85610 1.28610 0.02500
v 0.86750 1.28610 0.02500
v 0.85610 1.29750 0.04500
v 0.86750 1.29750 0.04500
v 0.85610 1.28610 0.04500
v 0.86750 1.28610 0.04500
v 0.86750 1.29750 0.02500
v 0.85610 1.29750 0.02500
v 0.86750 1.28610 0.02500
v 0.85610 1.28610 0.02500
v 0.87990 1.29750 0.04500
v 0.87990 1.29750 0.02500
v 0.87990 1.28610 0.04500
v 0.87990 1.28610 0.02500
v 0.86850 1.29750 0.02500
v 0.86850 1.29750 0.04500
v 0.86850 1.28610 0.02500
v 0.86850 1.28610 0.04500
v 0.86850 1.29750 0.02500
v 0.87990 1.29750 0.02500
v 0.86850 1.29750 0.04500
v 0.87990 1.29750 0.04500
v 0.86850 1.28610 0.04500
v 0.87990 1.28610 0.04500
v 0.86850 1.28610 0.02500
v 0.87990 1.28610 0.02500
v 0.86850 1.29750 0.04500
v 0.87990 1.29750 0.04500
v 0.86850 1.28610 0.04500
v 0.87990 1.28610 0.04500
v 0.87990 1.29750 0.02500
v 0.86850 1.29750 0.02500
v 0.87990 1.28610 0.02500
v 0.86850 1.28610 0.02500
v 0.89230 1.29750 0.04500
v 0.89230 1.29750 0.02500
v 0.89230 1.28610 0.04500
v 0.89230 1.28610 0.02500
v 0.88090 1.29750 0.02500
v 0.88090 1.29750 0.04500
v 0.88090 1.28610 0.02500
v 0.88090 1.28610 0.04500
v 0.88090 1.29750 0.02500
v 0.89230 1.29750 0.02500
v 0.88090 1.29750 0.04500
v 0.89230 1.29750 0.04500
v 0.88090 1.28610 0.04500
v 0.89230 1.28610 0.04500
v 0.88090 1.28610 0.02500
v 0.89230 1.28610 0.02500
v 0.88090 1.29750 0.04500
v 0.89230 1.29750 0.04500
v 0.88090 1.28610 0.04500
v 0.89230 1.28610 0.04500
v 0.89230 1.29750 0.02500
v 0.88090 1.29750 0.02500
v 0.89230 1.28610 0.02500
v 0.88090 1.28610 0.02500
v 0.90470 1.29750 0.04500
v 0.90470 1.29750 0.02500
v 0.90470 1.28610 0.04500
v 0.90470 1.28610 0.02500
v 0.89330 1.29750 0.02500
v 0.89330 1.29750 0.04500
v 0.89330 1.28610 0.02500
v 0.89330 1.28610 0.04500
v 0.89330 1.29750 0.02500
v 0.90470 1.29750 0.02500
v 0.89330 1.29750 0.04500
v 0.90470 1.29750 0.04500
v 0.89330 1.28610 0.04500
v 0.90470 1.28610 0.04500
v 0.89330 1.28610 0.02500
v 0.90470 1.28610 0.02500
v 0.89330 1.29750 0.04500
v 0.90470 1.29750 0.04500
v 0.89330 1.28610 0.04500
v 0.90470 1.28610 0.04500
v 0.90470 1.29750 0.02500
v 0.89330 1.29750 0.02500
v 0.90470 1.28610 0.02500
v 0.89330 1.28610 0.02500
v 0.94190 1.37190 0.04500
v 0.94190 1.37190 0.02500
v 0.94190 1.36050 0.04500
v 0.94190 1.36050 0.02500
v 0.93050 1.37190 0.02500
v 0.93050 1.37190 0.04500
v 0.93050 1.36050 0.02500
v 0.93050 1.36050 0.04500
v 0.93050 1.37190 0.02500
v 0.94190 1.37190 0.02500
v 0.93050 1.37190 0.04500
v 0.94190 1.37190 0.04500
v 0.93050 1.36050 0.04500
v 0.94190 1.36050 0.04500
v 0.93050 1.36050 0.02500
v 0.94190 1.36050 0.02500
v 0.93050 1.37190 0.04500
v 0.94190 1.37190 0.04500
v 0.93050 1.36050 0.04500
v 0.94190 1.36050 0.04500
v 0.94190 1.37190 0.02500
v 0.93050 1.37190 0.02500
v 0.94190 1.36050 0.02500
v 0.93050 1.36050 0.02500
v 0.94190 1.35950 0.04500
v 0.94190 1.35950 0.02500
v 0.94190 1.34810 0.04500
v 0.94190 1.34810 0.02500
v 0.93050 1.35950 0.02500
v 0.93050 1.35950 0.04500
v 0.93050 1.34810 0.02500
v 0.93050 1.34810 0.04500
v 0.93050 1.35950 0.02500
v 0.94190 1.35950 0.02500
v 0.93050 1.35950 0.04500
v 0.94190 1.35950 0.04500
v 0.93050 1.34810 0.04500
v 0.94190 1.34810 0.04500
v 0.93050 1.34810 0.02500
v 0.94190 1.34810 0.02500
v 0.93050 1.35950 0.04500
v 0.94190 1.35950 0.04500
v 0.93050 1.34810 0.04500
v 0.94190 1.34810 0.04500
v 0.94190 1.35950 0.02500
v 0.93050 1.35950 0.02500
v 0.94190 1.34810 0.02500
v 0.93050 1.34810 0.02500
v 0.94190 1.34710 0.04500
v 0.94190 1.34710 0.02500
v 0.94190 1.33570 0.04500
v 0.94190 1.33570 0.02500
v 0.93050 1.34710 0.02500
v 0.93050 1.34710 0.04500
v 0.93050 1.33570 0.02500
v 0.93050 1.33570 0.04500
v 0.93050 1.34710 0.02500
v 0.94190 1.34710 0.02500
v 0.93050 1.34710 0.04500
v 0.94190 1.34710 0.04500
v 0.93050 1.33570 0.04500
v 0.94190 1.33570 0.04500
v 0.93050 1.33570 0.02500
v 0.94190 1.33570 0.02500
v 0.93050 1.34710 0.04500
v 0.94190 1.34710 0.04500
v 0.93050 1.33570 0.04500
v 0.94190 1.33570 0.04500
v 0.94190 1.34710 0.02500
v 0.93050 1.34710 0.02500
v 0.94190 1.33570 0.02500
v 0.93050 1.33570 0.02500
v 0.94190 1.33470 0.04500
v 0.94190 1.33470 0.02500
v 0.94190 1.32330 0.04500
v 0.94190 1.32330 0.02500
v 0.93050 1.33470 0.02500
v 0.93050 1.33470 0.04500
v 0.93050 1.32330 0.02500
v 0.93050 1.32330 0.04500
v 0.93050 1.33470 0.02500
v 0.94190 1.33470 0.02500
v 0.93050 1.33470 0.04500
v 0.94190 1.33470 0.04500
v 0.93050 1.32330 0.04500
v 0.94190 1.32330 0.04500
v 0.93050 1.32330 0.02500
v 0.94190 1.32330 0.02500
v 0.93050 1.33470 0.04500
v 0.94190 1.33470 0.04500
v 0.93050 1.32330 0.04500
v 0.94190 1.32330 0.04500
v 0.94190 1.33470 0.02500
v 0.93050 1.33470 0.02500
v 0.94190 1.32330 0.02500
v 0.93050 1.32330 0.02500
v 0.94190 1.32230 0.04500
v 0.94190 1.32230 0.02500
v 0.94190 1.31090 0.04500
v 0.94190 1.31090 0.02500
v 0.93050 1.32230 0.02500
v 0.93050 1.32230 0.04500
v 0.93050 1.31090 0.02500
v 0.93050 1.31090 0.04500
v 0.93050 1.32230 0.02500
v 0.94190 1.32230 0.02500
v 0.93050 1.32230 0.04500
v 0.94190 1.32230 0.04500
v 0.93050 1.31090 0.04500
v 0.94190 1.31090 0.04500
v 0.93050 1.31090 0.02500
v 0.94190 1.31090 0.02500
v 0.93050 1.32230 0.04500
v 0.94190 1.32230 0.04500
v 0.93050 1.31090 0.04500
v 0.94190 1.31090 0.04500
v 0.94190 1.32230 0.02500
v 0.93050 1.32230 0.02500
v 0.94190 1.31090 0.02500
v 0.93050 1.31090 0.02500
v 0.94190 1.30990 0.04500
v 0.94190 1.30990 0.02500
v 0.94190 1.29850 0.04500
v 0.94190 1.29850 0.02500
v 0.93050 1.30990 0.02500
v 0.93050 1.30990 0.04500
v 0.93050 1.29850 0.02500
v 0.93050 1.29850 0.04500
v 0.93050 1.30990 0.02500
v 0.94190 1.30990 0.02500
v 0.93050 1.30990 0.04500
v 0.94190 1.30990 0.04500
v 0.93050 1.29850 0.04500
v 0.94190 1.29850 0.04500
v 0.93050 1.29850 0.02500
v 0.94190 1.29850 0.02500
v 0.93050 1.30990 0.04500
v 0.94190 1.30990 0.04500
v 0.93050 1.29850 0.04500
v 0.94190 1.29850 0.04500
v 0.94190 1.30990 0.02500
v 0.93050 1.30990 0.02500
v 0.94190 1.29850 0.02500
v 0.93050 1.29850 0.02500
v 0.94190 1.29750 0.04500
v 0.94190 1.29750 0.02500
v 0.94190 1.28610 0.04500
v 0.94190 1.28610 0.02500
v 0.93050 1.29750 0.02500
v 0.93050 1.29750 0.04500
v 0.93050 1.28610 0.02500
v 0.93050 1.28610 0.04500
v 0.93050 1.29750 0.02500
v 0.94190 1.29750 0.02500
v 0.93050 1.29750 0.04500
v 0.94190 1.29750 0.04500
v 0.93050 1.28610 0.04500
v 0.94190 1.28610 0.04500
v 0.93050 1.28610 0.02500
v 0.94190 1.28610 0.02500
v 0.93050 1.29750 0.04500
v 0.94190 1.29750 0.04500
v 0.93050 1.28610 0.04500
v 0.94190 1.28610 0.04500
v 0.94190 1.29750 0.02500
v 0.93050 1.29750 0.02500
v 0.94190 1.28610 0.02500
v 0.93050 1.28610 0.02500
v 0.95430 1.29750 0.04500
v 0.95430 1.29750 0.02500
v 0.95430 1.28610 0.04500
v 0.95430 1.28610 0.02500
v 0.94290 1.29750 0.02500
v 0.94290 1.29750 0.04500
v 0.94290 1.28610 0.02500
v 0.94290 1.28610 0.04500
v 0.94290 1.29750 0.02500
v 0.95430 1.29750 0.02500
v 0.94290 1.29750 0.04500
v 0.95430 1.29750 0.04500
v 0.94290 1.28610 0.04500
v 0.95430 1.28610 0.04500
v 0.94290 1.28610 0.02500
v 0.95430 1.28610 0.02500
v 0.94290 1.29750 0.04500
v 0.95430 1.29750 0.04500
v 0.94290 1.28610 0.04500
v 0.95430 1.28610 0.04500
v 0.95430 1.29750 0.02500
v 0.94290 1.29750 0.02500
v 0.95430 1.28610 0.02500
v 0.94290 1.28610 0.02500
v 0.96670 1.29750 0.04500
v 0.96670 1.29750 0.02500
v 0.96670 1.28610 0.04500
v 0.96670 1.28610 0.02500
v 0.95530 1.29750 0.02500
v 0.95530 1.29750 0.04500
v 0.95530 1.28610 0.02500
v 0.95530 1.28610 0.04500
v 0.95530 1.29750 0.02500
v 0.96670 1.29750 0.02500
v 0.95530 1.29750 0.04500
v 0.96670 1.29750 0.04500
v 0.95530 1.28610 0.04500
v 0.96670 1.28610 0.04500
v 0.95530 1.28610 0.02500
v 0.96670 1.28610 0.02500
v 0.95530 1.29750 0.04500
v 0.96670 1.29750 0.04500
v 0.95530 1.28610 0.04500
v 0.96670 1.28610 0.04500
v 0.96670 1.29750 0.02500
v 0.95530 1.29750 0.02500
v 0.96670 1.28610 0.02500
v 0.95530 1.28610 0.02500
v 0.97910 1.29750 0.04500
v 0.97910 1.29750 0.02500
v 0.97910 1.28610 0.04500
v 0.97910 1.28610 0.02500
v 0.96770 1.29750 0.02500
v 0.96770 1.29750 0.04500
v 0.96770 1.28610 0.02500
v 0.96770 1.28610 0.04500
v 0.96770 1.29750 0.02500
v 0.97910 1.29750 0.02500
v 0.96770 1.29750 0.04500
v 0.97910 1.29750 0.04500
v 0.96770 1.28610 0.04500
v 0.97910 1.28610 0.04500
v 0.96770 1.28610 0.02500
v 0.97910 1.28610 0.02500
v 0.96770 1.29750 0.04500
v 0.97910 1.29750 0.04500
v 0.96770 1.28610 0.04500
v 0.97910 1.28610 0.04500
v 0.97910 1.29750 0.02500
v 0.96770 1.29750 0.02500
v 0.97910 1.28610 0.02500
v 0.96770 1.28610 0.02500
v 0.99150 1.29750 0.04500
v 0.99150 1.29750 0.02500
v 0.99150 1.28610 0.04500
v 0.99150 1.28610 0.02500
v 0.98010 1.29750 0.02500
v 0.98010 1.29750 0.04500
v 0.98010 1.28610 0.02500
v 0.98010 1.28610 0.04500
v 0.98010 1.29750 0.02500
v 0.99150 1.29750 0.02500
v 0.98010 1.29750 0.04500
v 0.99150 1.29750 0.04500
v 0.98010 1.28610 0.04500
v 0.99150 1.28610 0.04500
v 0.98010 1.28610 0.02500
v 0.99150 1.28610 0.02500
v 0.98010 1.29750 0.04500
v 0.99150 1.29750 0.04500
v 0.98010 1.28610 0.04500
v 0.99150 1.28610 0.04500
v 0.99150 1.29750 0.02500
v 0.98010 1.29750 0.02500
v 0.99150 1.28610 0.02500
v 0.98010 1.28610 0.02500
v 1.01630 1.37190 0.04500
v 1.01630 1.37190 0.02500
v 1.01630 1.36050 0.04500
v 1.01630 1.36050 0.02500
v 1.00490 1.37190 0.02500
v 1.00490 1.37190 0.04500
v 1.00490 1.36050 0.02500
v 1.00490 1.36050 0.04500
v 1.00490 1.37190 0.02500
v 1.01630 1.37190 0.02500
v 1.00490 1.37190 0.04500
v 1.01630 1.37190 0.04500
v 1.00490 1.36050 0.04500
v 1.01630 1.36050 0.04500
v 1.00490 1.36050 0.02500
v 1.01630 1.36050 0.02500
v 1.00490 1.37190 0.04500
v 1.01630 1.37190 0.04500
v 1.00490 1.36050 0.04500
v 1.01630 1.36050 0.04500
v 1.01630 1.37190 0.02500
v 1.00490 1.37190 0.02500
v 1.01630 1.36050 0.02500
v 1.00490 1.36050 0.02500
v 1.02870 1.37190 0.04500
v 1.02870 1.37190 0.02500
v 1.02870 1.36050 0.04500
v 1.02870 1.36050 0.02500
v 1.01730 1.37190 0.02500
v 1.01730 1.37190 0.04500
v 1.01730 1.36050 0.02500
v 1.01730 1.36050 0.04500
v 1.01730 1.37190 0.02500
v 1.02870 1.37190 0.02500
v 1.01730 1.37190 0.04500
v 1.02870 1.37190 0.04500
v 1.01730 1.36050 0.04500
v 1.02870 1.36050 0.04500
v 1.01730 1.36050 0.02500
v 1.02870 1.36050 0.02500
v 1.01730 1.37190 0.04500
v 1.02870 1.37190 0.04500
v 1.01730 1.36050 0.04500
v 1.02870 1.36050 0.04500
v 1.02870 1.37190 0.02500
v 1.01730 1.37190 0.02500
v 1.02870 1.36050 0.02500
v 1.01730 1.36050 0.02500
v 1.04110 1.37190 0.04500
v 1.04110 1.37190 0.02500
v 1.04110 1.36050 0.04500
v 1.04110 1.36050 0.02500
v 1.02970 1.37190 0.02500
v 1.02970 1.37190 0.04500
v 1.02970 1.36050 0.02500
v 1.02970 1.36050 0.04500
v 1.02970 1.37190 0.02500
v 1.04110 1.37190 0.02500
v 1.02970 1.37190 0.04500
v 1.04110 1.37190 0.04500
v 1.02970 1.36050 0.04500
v 1.04110 1.36050 0.04500
v 1.02970 1.36050 0.02500
v 1.04110 1.36050 0.02500
v 1.02970 1.37190 0.04500
v 1.04110 1.37190 0.04500
v 1.02970 1.36050 0.04500
v 1.04110 1.36050 0.04500
v 1.04110 1.37190 0.02500
v 1.02970 1.37190 0.02500
v 1.04110 1.36050 0.02500
v 1.02970 1.36050 0.02500
v 1.05350 1.37190 0.04500
v 1.05350 1.37190 0.02500
v 1.05350 1.36050 0.04500
v 1.05350 1.36050 0.02500
v 1.04210 1.37190 0.02500
v 1.04210 1.37190 0.04500
v 1.04210 1.36050 0.02500
v 1.04210 1.36050 0.04500
v 1.04210 1.37190 0.02500
v 1.05350 1.37190 0.02500
v 1.04210 1.37190 0.04500
v 1.05350 1.37190 0.04500
v 1.04210 1.36050 0.04500
v 1.05350 1.36050 0.04500
v 1.04210 1.36050 0.02500
v 1.05350 1.36050 0.02500
v 1.04210 1.37190 0.04500
v 1.05350 1.37190 0.04500
v 1.04210 1.36050 0.04500
v 1.05350 1.36050 0.04500
v 1.05350 1.37190 0.02500
v 1.04210 1.37190 0.02500
v 1.05350 1.36050 0.02500
v 1.04210 1.36050 0.02500
v 1.06590 1.37190 0.04500
v 1.06590 1.37190 0.02500
v 1.06590 1.36050 0.04500
v 1.06590 1.36050 0.02500
v 1.05450 1.37190 0.02500
v 1.05450 1.37190 0.04500
v 1.05450 1.36050 0.02500
v 1.05450 1.36050 0.04500
v 1.05450 1.37190 0.02500
v 1.06590 1.37190 0.02500
v 1.05450 1.37190 0.04500
v 1.06590 1.37190 0.04500
v 1.05450 1.36050 0.04500
v 1.06590 1.36050 0.04500
v 1.05450 1.36050 0.02500
v 1.06590 1.36050 0.02500
v 1.05450 1.37190 0.04500
v 1.06590 1.37190 0.04500
v 1.05450 1.36050 0.04500
v 1.06590 1.36050 0.04500
v 1.06590 1.37190 0.02500
v 1.05450 1.37190 0.02500
v 1.06590 1.36050 0.02500
v 1.05450 1.36050 0.02500
v 1.01630 1.35950 0.04500
v 1.01630 1.35950 0.02500
v 1.01630 1.34810 0.04500
v 1.01630 1.34810 0.02500
v 1.00490 1.35950 0.02500
v 1.00490 1.35950 0.04500
v 1.00490 1.34810 0.02500
v 1.00490 1.34810 0.04500
v 1.00490 1.35950 0.02500
v 1.01630 1.35950 0.02500
v 1.00490 1.35950 0.04500
v 1.01630 1.35950 0.04500
v 1.00490 1.34810 0.04500
v 1.01630 1.34810 0.04500
v 1.00490 1.34810 0.02500
v 1.01630 1.34810 0.02500
v 1.00490 1.35950 0.04500
v 1.01630 1.35950 0.04500
v 1.00490 1.34810 0.04500
v 1.01630 1.34810 0.04500
v 1.01630 1.35950 0.02500
v 1.00490 1.35950 0.02500
v 1.01630 1.34810 0.02500
v 1.00490 1.34810 0.02500
v 1.01630 1.34710 0.04500
v 1.01630 1.34710 0.02500
v 1.01630 1.33570 0.04500
v 1.01630 1.33570 0.02500
v 1.00490 1.34710 0.02500
v 1.00490 1.34710 0.04500
v 1.00490 1.33570 0.02500
v 1.00490 1.33570 0.04500
v 1.00490 1.34710 0.02500
v 1.01630 1.34710 0.02500
v 1.00490 1.34710 0.04500
v 1.01630 1.34710 0.04500
v 1.00490 1.33570 0.04500
v 1.01630 1.33570 0.04500
v 1.00490 1.33570 0.02500
v 1.01630 1.33570 0.02500
v 1.00490 1.34710 0.04500
v 1.01630 1.34710 0.04500
v 1.00490 1.33570 0.04500
v 1.01630 1.33570 0.04500
v 1.01630 1.34710 0.02500
v 1.00490 1.34710 0.02500
v 1.01630 1.33570 0.02500
v 1.00490 1.33570 0.02500
v 1.01630 1.33470 0.04500
v 1.01630 1.33470 0.02500
v 1.01630 1.32330 0.04500
v 1.01630 1.32330 0.02500
v 1.00490 1.33470 0.02500
v 1.00490 1.33470 0.04500
v 1.00490 1.32330 0.02500
v 1.00490 1.32330 0.04500
v 1.00490 1.33470 0.02500
v 1.01630 1.33470 0.02500
v 1.00490 1.33470 0.04500
v 1.01630 1.33470 0.04500
v 1.00490 1.32330 0.04500
v 1.01630 1.32330 0.04500
v 1.00490 1.32330 0.02500
v 1.01630 1.32330 0.02500
v 1.00490 1.33470 0.04500
v 1.01630 1.33470 0.04500
v 1.00490 1.32330 0.04500
v 1.01630 1.32330 0.04500
v 1.01630 1.33470 0.02500
v 1.00490 1.33470 0.02500
v 1.01630 1.32330 0.02500
v 1.00490 1.32330 0.02500
v 1.02870 1.33470 0.04500
v 1.02870 1.33470 0.02500
v 1.02870 1.32330 0.04500
v 1.02870 1.32330 0.02500
v 1.01730 1.33470 0.02500
v 1.01730 1.33470 0.04500
v 1.01730 1.32330 0.02500
v 1.01730 1.32330 0.04500
v 1.01730 1.33470 0.02500
v 1.02870 1.33470 0.02500
v 1.01730 1.33470 0.04500
v 1.02870 1.33470 0.04500
v 1.01730 1.32330 0.04500
v 1.02870 1.32330 0.04500
v 1.01730 1.32330 0.02500
v 1.02870 1.32330 0.02500
v 1.01730 1.33470 0.04500
v 1.02870 1.33470 0.04500
v 1.01730 1.32330 0.04500
v 1.02870 1.32330 0.04500
v 1.02870 1.33470 0.02500
v 1.01730 1.33470 0.02500
v 1.02870 1.32330 0.02500
v 1.01730 1.32330 0.02500
v 1.04110 1.33470 0.04500
v 1.04110 1.33470 0.02500
v 1.04110 1.32330 0.04500
v 1.04110 1.32330 0.02500
v 1.02970 1.33470 0.02500
v 1.02970 1.33470 0.04500
v 1.02970 1.32330 0.02500
v 1.02970 1.32330 0.04500
v 1.02970 1.33470 0.02500
v 1.04110 1.33470 0.02500
v 1.02970 1.33470 0.04500
v 1.04110 1.33470 0.04500
v 1.02970 1.32330 0.04500
v 1.04110 1.32330 0.04500
v 1.02970 1.32330 0.02500
v 1.04110 1.32330 0.02500
v 1.02970 1.33470 0.04500
v 1.04110 1.33470 0.04500
v 1.02970 1.32330 0.04500
v 1.04110 1.32330 0.04500
v 1.04110 1.33470 0.02500
v 1.02970 1.33470 0.02500
v 1.04110 1.32330 0.02500
v 1.02970 1.32330 0.02500
v 1.05350 1.33470 0.04500
v 1.05350 1.33470 0.02500
v 1.05350 1.32330 0.04500
v 1.05350 1.32330 0.02500
v 1.04210 1.33470 0.02500
v 1.04210 1.33470 0.04500
v 1.04210 1.32330 0.02500
v 1.04210 1.32330 0.04500
v 1.04210 1.33470 0.02500
v 1.05350 1.33470 0.02500
v 1.04210 1.33470 0.04500
v 1.05350 1.33470 0.04500
v 1.04210 1.32330 0.04500
v 1.05350 1.32330 0.04500
v 1.04210 1.32330 0.02500
v 1.05350 1.32330 0.02500
v 1.04210 1.33470 0.04500
v 1.05350 1.33470 0.04500
v 1.04210 1.32330 0.04500
v 1.05350 1.32330 0.04500
v 1.05350 1.33470 0.02500
v 1.04210 1.33470 0.02500
v 1.05350 1.32330 0.02500
v 1.04210 1.32330 0.02500
v 1.01630 1.32230 0.04500
v 1.01630 1.32230 0.02500
v 1.01630 1.31090 0.04500
v 1.01630 1.31090 0.02500
v 1.00490 1.32230 0.02500
v 1.00490 1.32230 0.04500
v 1.00490 1.31090 0.02500
v 1.00490 1.31090 0.04500
v 1.00490 1.32230 0.02500
v 1.01630 1.32230 0.02500
v 1.00490 1.32230 0.04500
v 1.01630 1.32230 0.04500
v 1.00490 1.31090 0.04500
v 1.01630 1.31090 0.04500
v 1.00490 1.31090 0.02500
v 1.01630 1.31090 0.02500
v 1.00490 1.32230 0.04500
v 1.01630 1.32230 0.04500
v 1.00490 1.31090 0.04500
v 1.01630 1.31090 0.04500
v 1.01630 1.32230 0.02500
v 1.00490 1.32230 0.02500
v 1.01630 1.31090 0.02500
v 1.00490 1.31090 0.02500
v 1.01630 1.30990 0.04500
v 1.01630 1.30990 0.02500
v 1.01630 1.29850 0.04500
v 1.01630 1.29850 0.02500
v 1.00490 1.30990 0.02500
v 1.00490 1.30990 0.04500
v 1.00490 1.29850 0.02500
v 1.00490 1.29850 0.04500
v 1.00490 1.30990 0.02500
v 1.01630 1.30990 0.02500
v 1.00490 1.30990 0.04500
v 1.01630 1.30990 0.04500
v 1.00490 1.29850 0.04500
v 1.01630 1.29850 0.04500
v 1.00490 1.29850 0.02500
v 1.01630 1.29850 0.02500
v 1.00490 1.30990 0.04500
v 1.01630 1.30990 0.04500
v 1.00490 1.29850 0.04500
v 1.01630 1.29850 0.04500
v 1.01630 1.30990 0.02500
v 1.00490 1.30990 0.02500
v 1.01630 1.29850 0.02500
v 1.00490 1.29850 0.02500
v 1.01630 1.29750 0.04500
v 1.01630 1.29750 0.02500
v 1.01630 1.28610 0.04500
v 1.01630 1.28610 0.02500
v 1.00490 1.29750 0.02500
v 1.00490 1.29750 0.04500
v 1.00490 1.28610 0.02500
v 1.00490 1.28610 0.04500
v 1.00490 1.29750 0.02500
v 1.01630 1.29750 0.02500
v 1.00490 1.29750 0.04500
v 1.01630 1.29750 0.04500
v 1.00490 1.28610 0.04500
v 1.01630 1.28610 0.04500
v 1.00490 1.28610 0.02500
v 1.01630 1.28610 0.02500
v 1.00490 1.29750 0.04500
v 1.01630 1.29750 0.04500
v 1.00490 1.28610 0.04500
v 1.01630 1.28610 0.04500
v 1.01630 1.29750 0.02500
v 1.00490 1.29750 0.02500
v 1.01630 1.28610 0.02500
v 1.00490 1.28610 0.02500
v 1.02870 1.29750 0.04500
v 1.02870 1.29750 0.02500
v 1.02870 1.28610 0.04500
v 1.02870 1.28610 0.02500
v 1.01730 1.29750 0.02500
v 1.01730 1.29750 0.04500
v 1.01730 1.28610 0.02500
v 1.01730 1.28610 0.04500
v 1.01730 1.29750 0.02500
v 1.02870 1.29750 0.02500
v 1.01730 1.29750 0.04500
v 1.02870 1.29750 0.04500
v 1.01730 1.28610 0.04500
v 1.02870 1.28610 0.04500
v 1.01730 1.28610 0.02500
v 1.02870 1.28610 0.02500
v 1.01730 1.29750 0.04500
v 1.02870 1.29750 0.04500
v 1.01730 1.28610 0.04500
v 1.02870 1.28610 0.04500
v 1.02870 1.29750 0.02500
v 1.01730 1.29750 0.02500
v 1.02870 1.28610 0.02500
v 1.01730 1.28610 0.02500
v 1.04110 1.29750 0.04500
v 1.04110 1.29750 0.02500
v 1.04110 1.28610 0.04500
v 1.04110 1.28610 0.02500
v 1.02970 1.29750 0.02500
v 1.02970 1.29750 0.04500
v 1.02970 1.28610 0.02500
v 1.02970 1.28610 0.04500
v 1.02970 1.29750 0.02500
v 1.04110 1.29750 0.02500
v 1.02970 1.29750 0.04500
v 1.04110 1.29750 0.04500
v 1.02970 1.28610 0.04500
v 1.04110 1.28610 0.04500
v 1.02970 1.28610 0.02500
v 1.04110 1.28610 0.02500
v 1.02970 1.29750 0.04500
v 1.04110 1.29750 0.04500
v 1.02970 1.28610 0.04500
v 1.04110 1.28610 0.04500
v 1.04110 1.29750 0.02500
v 1.02970 1.29750 0.02500
v 1.04110 1.28610 0.02500
v 1.02970 1.28610 0.02500
v 1.05350 1.29750 0.04500
v 1.05350 1.29750 0.02500
v 1.05350 1.28610 0.04500
v 1.05350 1.28610 0.02500
v 1.04210 1.29750 0.02500
v 1.04210 1.29750 0.04500
v 1.04210 1.28610 0.02500
v 1.04210 1.28610 0.04500
v 1.04210 1.29750 0.02500
v 1.05350 1.29750 0.02500
v 1.04210 1.29750 0.04500
v 1.05350 1.29750 0.04500
v 1.04210 1.28610 0.04500
v 1.05350 1.28610 0.04500
v 1.04210 1.28610 0.02500
v 1.05350 1.28610 0.02500
v 1.04210 1.29750 0.04500
v 1.05350 1.29750 0.04500
v 1.04210 1.28610 0.04500
v 1.05350 1.28610 0.04500
v 1.05350 1.29750 0.02500
v 1.04210 1.29750 0.02500
v 1.05350 1.28610 0.02500
v 1.04210 1.28610 0.02500
v 1.06590 1.29750 0.04500
v 1.06590 1.29750 0.02500
v 1.06590 1.28610 0.04500
v 1.06590 1.28610 0.02500
v 1.05450 1.29750 0.02500
v 1.05450 1.29750 0.04500
v 1.05450 1.28610 0.02500
v 1.05450 1.28610 0.04500
v 1.05450 1.29750 0.02500
v 1.06590 1.29750 0.02500
v 1.05450 1.29750 0.04500
v 1.06590 1.29750 0.04500
v 1.05450 1.28610 0.04500
v 1.06590 1.28610 0.04500
v 1.05450 1.28610 0.02500
v 1.06590 1.28610 0.02500
v 1.05450 1.29750 0.04500
v 1.06590 1.29750 0.04500
v 1.05450 1.28610 0.04500
v 1.06590 1.28610 0.04500
v 1.06590 1.29750 0.02500
v 1.05450 1.29750 0.02500
v 1.06590 1.28610 0.02500
v 1.05450 1.28610 0.02500
v 1.10310 1.37190 0.04500
v 1.10310 1.37190 0.02500
v 1.10310 1.36050 0.04500
v 1.10310 1.36050 0.02500
v 1.09170 1.37190 0.02500
v 1.09170 1.37190 0.04500
v 1.09170 1.36050 0.02500
v 1.09170 1.36050 0.04500
v 1.09170 1.37190 0.02500
v 1.10310 1.37190 0.02500
v 1.09170 1.37190 0.04500
v 1.10310 1.37190 0.04500
v 1.09170 1.36050 0.04500
v 1.10310 1.36050 0.04500
v 1.09170 1.36050 0.02500
v 1.10310 1.36050 0.02500
v 1.09170 1.37190 0.04500
v 1.10310 1.37190 0.04500
v 1.09170 1.36050 0.04500
v 1.10310 1.36050 0.04500
v 1.10310 1.37190 0.02500
v 1.09170 1.37190 0.02500
v 1.10310 1.36050 0.02500
v 1.09170 1.36050 0.02500
v 1.11550 1.37190 0.04500
v 1.11550 1.37190 0.02500
v 1.11550 1.36050 0.04500
v 1.11550 1.36050 0.02500
v 1.10410 1.37190 0.02500
v 1.10410 1.37190 0.04500
v 1.10410 1.36050 0.02500
v 1.10410 1.36050 0.04500
v 1.10410 1.37190 0.02500
v 1.11550 1.37190 0.02500
v 1.10410 1.37190 0.04500
v 1.11550 1.37190 0.04500
v 1.10410 1.36050 0.04500
v 1.11550 1.36050 0.04500
v 1.10410 1.36050 0.02500
v 1.11550 1.36050 0.02500
v 1.10410 1.37190 0.04500
v 1.11550 1.37190 0.04500
v 1.10410 1.36050 0.04500
v 1.11550 1.36050 0.04500
v 1.11550 1.37190 0.02500
v 1.10410 1.37190 0.02500
v 1.11550 1.36050 0.02500
v 1.10410 1.36050 0.02500
v 1.12790 1.37190 0.04500
v 1.12790 1.37190 0.02500
v 1.12790 1.36050 0.04500
v 1.12790 1.36050 0.02500
v 1.11650 1.37190 0.02500
v 1.11650 1.37190 0.04500
v 1.11650 1.36050 0.02500
v 1.11650 1.36050 0.04500
v 1.11650 1.37190 0.02500
v 1.12790 1.37190 0.02500
v 1.11650 1.37190 0.04500
v 1.12790 1.37190 0.04500
v 1.11650 1.36050 0.04500
v 1.12790 1.36050 0.04500
v 1.11650 1.36050 0.02500
v 1.12790 1.36050 0.02500
v 1.11650 1.37190 0.04500
v 1.12790 1.37190 0.04500
v 1.11650 1.36050 0.04500
v 1.12790 1.36050 0.04500
v 1.12790 1.37190 0.02500
v 1.11650 1.37190 0.02500
v 1.12790 1.36050 0.02500
v 1.11650 1.36050 0.02500
v 1.14030 1.37190 0.04500
v 1.14030 1.37190 0.02500
v 1.14030 1.36050 0.04500
v 1.14030 1.36050 0.02500
v 1.12890 1.37190 0.02500
v 1.12890 1.37190 0.04500
v 1.12890 1.36050 0.02500
v 1.12890 1.36050 0.04500
v 1.12890 1.37190 0.02500
v 1.14030 1.37190 0.02500
v 1.12890 1.37190 0.04500
v 1.14030 1.37190 0.04500
v 1.12890 1.36050 0.04500
v 1.14030 1.36050 0.04500
v 1.12890 1.36050 0.02500
v 1.14030 1.36050 0.02500
v 1.12890 1.37190 0.04500
v 1.14030 1.37190 0.04500
v 1.12890 1.36050 0.04500
v 1.14030 1.36050 0.04500
v 1.14030 1.37190 0.02500
v 1.12890 1.37190 0.02500
v 1.14030 1.36050 0.02500
v 1.12890 1.36050 0.02500
v 1.09070 1.35950 0.04500
v 1.09070 1.35950 0.02500
v 1.09070 1.34810 0.04500
v 1.09070 1.34810 0.02500
v 1.07930 1.35950 0.02500
v 1.07930 1.35950 0.04500
v 1.07930 1.34810 0.02500
v 1.07930 1.34810 0.04500
v 1.07930 1.35950 0.02500
v 1.09070 1.35950 0.02500
v 1.07930 1.35950 0.04500
v 1.09070 1.35950 0.04500
v 1.07930 1.34810 0.04500
v 1.09070 1.34810 0.04500
v 1.07930 1.34810 0.02500
v 1.09070 1.34810 0.02500
v 1.07930 1.35950 0.04500
v 1.09070 1.35950 0.04500
v 1.07930 1.34810 0.04500
v 1.09070 1.34810 0.04500
v 1.09070 1.35950 0.02500
v 1.07930 1.35950 0.02500
v 1.09070 1.34810 0.02500
v 1.07930 1.34810 0.02500
v 1.09070 1.34710 0.04500
v 1.09070 1.34710 0.02500
v 1.09070 1.33570 0.04500
v 1.09070 1.33570 0.02500
v 1.07930 1.34710 0.02500
v 1.07930 1.34710 0.04500
v 1.07930 1.33570 0.02500
v 1.07930 1.33570 0.04500
v 1.07930 1.34710 0.02500
v 1.09070 1.34710 0.02500
v 1.07930 1.34710 0.04500
v 1.09070 1.34710 0.04500
v 1.07930 1.33570 0.04500
v 1.09070 1.33570 0.04500
v 1.07930 1.33570 0.02500
v 1.09070 1.33570 0.02500
v 1.07930 1.34710 0.04500
v 1.09070 1.34710 0.04500
v 1.07930 1.33570 0.04500
v 1.09070 1.33570 0.04500
v 1.09070 1.34710 0.02500
v 1.07930 1.34710 0.02500
v 1.09070 1.33570 0.02500
v 1.07930 1.33570 0.02500
v 1.10310 1.33470 0.04500
v 1.10310 1.33470 0.02500
v 1.10310 1.32330 0.04500
v 1.10310 1.32330 0.02500
v 1.09170 1.33470 0.02500
v 1.09170 1.33470 0.04500
v 1.09170 1.32330 0.02500
v 1.09170 1.32330 0.04500
v 1.09170 1.33470 0.02500
v 1.10310 1.33470 0.02500
v 1.09170 1.33470 0.04500
v 1.10310 1.33470 0.04500
v 1.09170 1.32330 0.04500
v 1.10310 1.32330 0.04500
v 1.09170 1.32330 0.02500
v 1.10310 1.32330 0.02500
v 1.09170 1.33470 0.04500
v 1.10310 1.33470 0.04500
v 1.09170 1.32330 0.04500
v 1.10310 1.32330 0.04500
v 1.10310 1.33470 0.02500
v 1.09170 1.33470 0.02500
v 1.10310 1.32330 0.02500
v 1.09170 1.32330 0.02500
v 1.11550 1.33470 0.04500
v 1.11550 1.33470 0.02500
v 1.11550 1.32330 0.04500
v 1.11550 1.32330 0.02500
v 1.10410 1.33470 0.02500
v 1.10410 1.33470 0.04500
v 1.10410 1.32330 0.02500
v 1.10410 1.32330 0.04500
v 1.10410 1.33470 0.02500
v 1.11550 1.33470 0.02500
v 1.10410 1.33470 0.04500
v 1.11550 1.33470 0.04500
v 1.10410 1.32330 0.04500
v 1.11550 1.32330 0.04500
v 1.10410 1.32330 0.02500
v 1.11550 1.32330 0.02500
v 1.10410 1.33470 0.04500
v 1.11550 1.33470 0.04500
v 1.10410 1.32330 0.04500
v 1.11550 1.32330 0.04500
v 1.11550 1.33470 0.02500
v 1.10410 1.33470 0.02500
v 1.11550 1.32330 0.02500
v 1.10410 1.32330 0.02500
v 1.12790 1.33470 0.04500
v 1.12790 1.33470 0.02500
v 1.12790 1.32330 0.04500
v 1.12790 1.32330 0.02500
v 1.11650 1.33470 0.02500
v 1.11650 1.33470 0.04500
v 1.11650 1.32330 0.02500
v 1.11650 1.32330 0.04500
v 1.11650 1.33470 0.02500
v 1.12790 1.33470 0.02500
v 1.11650 1.33470 0.04500
v 1.12790 1.33470 0.04500
v 1.11650 1.32330 0.04500
v 1.12790 1.32330 0.04500
v 1.11650 1.32330 0.02500
v 1.12790 1.32330 0.02500
v 1.11650 1.33470 0.04500
v 1.12790 1.33470 0.04500
v 1.11650 1.32330 0.04500
v 1.12790 1.32330 0.04500
v 1.12790 1.33470 0.02500
v 1.11650 1.33470 0.02500
v 1.12790 1.32330 0.02500
v 1.11650 1.32330 0.02500
v 1.14030 1.32230 0.04500
v 1.14030 1.32230 0.02500
v 1.14030 1.31090 0.04500
v 1.14030 1.31090 0.02500
v 1.12890 1.32230 0.02500
v 1.12890 1.32230 0.04500
v 1.12890 1.31090 0.02500
v 1.12890 1.31090 0.04500
v 1.12890 1.32230 0.02500
v 1.14030 1.32230 0.02500
v 1.12890 1.32230 0.04500
v 1.14030 1.32230 0.04500
v 1.12890 1.31090 0.04500
v 1.14030 1.31090 0.04500
v 1.12890 1.31090 0.02500
v 1.14030 1.31090 0.02500
v 1.12890 1.32230 0.04500
v 1.14030 1.32230 0.04500
v 1.12890 1.31090 0.04500
v 1.14030 1.31090 0.04500
v 1.14030 1.32230 0.02500
v 1.12890 1.32230 0.02500
v 1.14030 1.31090 0.02500
v 1.12890 1.31090 0.02500
v 1.14030 1.30990 0.04500
v 1.14030 1.30990 0.02500
v 1.14030 1.29850 0.04500
v 1.14030 1.29850 0.02500
v 1.12890 1.30990 0.02500
v 1.12890 1.30990 0.04500
v 1.12890 1.29850 0.02500
v 1.12890 1.29850 0.04500
v 1.12890 1.30990 0.02500
v 1.14030 1.30990 0.02500
v 1.12890 1.30990 0.04500
v 1.14030 1.30990 0.04500
v 1.12890 1.29850 0.04500
v 1.14030 1.29850 0.04500
v 1.12890 1.29850 0.02500
v 1.14030 1.29850 0.02500
v 1.12890 1.30990 0.04500
v 1.14030 1.30990 0.04500
v 1.12890 1.29850 0.04500
v 1.14030 1.29850 0.04500
v 1.14030 1.30990 0.02500
v 1.12890 1.30990 0.02500
v 1.14030 1.29850 0.02500
v 1.12890 1.29850 0.02500
v 1.09070 1.29750 0.04500
v 1.09070 1.29750 0.02500
v 1.09070 1.28610 0.04500
v 1.09070 1.28610 0.02500
v 1.07930 1.29750 0.02500
v 1.07930 1.29750 0.04500
v 1.07930 1.28610 0.02500
v 1.07930 1.28610 0.04500
v 1.07930 1.29750 0.02500
v 1.09070 1.29750 0.02500
v 1.07930 1.29750 0.04500
v 1.09070 1.29750 0.04500
v 1.07930 1.28610 0.04500
v 1.09070 1.28610 0.04500
v 1.07930 1.28610 0.02500
v 1.09070 1.28610 0.02500
v 1.07930 1.29750 0.04500
v 1.09070 1.29750 0.04500
v 1.07930 1.28610 0.04500
v 1.09070 1.28610 0.04500
v 1.09070 1.29750 0.02500
v 1.07930 1.29750 0.02500
v 1.09070 1.28610 0.02500
v 1.07930 1.28610 0.02500
v 1.10310 1.29750 0.04500
v 1.10310 1.29750 0.02500
v 1.10310 1.28610 0.04500
v 1.10310 1.28610 0.02500
v 1.09170 1.29750 0.02500
v 1.09170 1.29750 0.04500
v 1.09170 1.28610 0.02500
v 1.09170 1.28610 0.04500
v 1.09170 1.29750 0.02500
v 1.10310 1.29750 0.02500
v 1.09170 1.29750 0.04500
v 1.10310 1.29750 0.04500
v 1.09170 1.28610 0.04500
v 1.10310 1.28610 0.04500
v 1.09170 1.28610 0.02500
v 1.10310 1.28610 0.02500
v 1.09170 1.29750 0.04500
v 1.10310 1.29750 0.04500
v 1.09170 1.28610 0.04500
v 1.10310 1.28610 0.04500
v 1.10310 1.29750 0.02500
v 1.09170 1.29750 0.02500
v 1.10310 1.28610 0.02500
v 1.09170 1.28610 0.02500
v 1.11550 1.29750 0.04500
v 1.11550 1.29750 0.02500
v 1.11550 1.28610 0.04500
v 1.11550 1.28610 0.02500
v 1.10410 1.29750 0.02500
v 1.10410 1.29750 0.04500
v 1.10410 1.28610 0.02500
v 1.10410 1.28610 0.04500
v 1.10410 1.29750 0.02500
v 1.11550 1.29750 0.02500
v 1.10410 1.29750 0.04500
v 1.11550 1.29750 0.04500
v 1.10410 1.28610 0.04500
v 1.11550 1.28610 0.04500
v 1.10410 1.28610 0.02500
v 1.11550 1.28610 0.02500
v 1.10410 1.29750 0.04500
v 1.11550 1.29750 0.04500
v 1.10410 1.28610 0.04500
v 1.11550 1.28610 0.04500
v 1.11550 1.29750 0.02500
v 1.10410 1.29750 0.02500
v 1.11550 1.28610 0.02500
v 1.10410 1.28610 0.02500
v 1.12790 1.29750 0.04500
v 1.12790 1.29750 0.02500
v 1.12790 1.28610 0.04500
v 1.12790 1.28610 0.02500
v 1.11650 1.29750 0.02500
v 1.11650 1.29750 0.04500
v 1.11650 1.28610 0.02500
v 1.11650 1.28610 0.04500
v 1.11650 1.29750 0.02500
v 1.12790 1.29750 0.02500
v 1.11650 1.29750 0.04500
v 1.12790 1.29750 0.04500
v 1.11650 1.28610 0.04500
v 1.12790 1.28610 0.04500
v 1.11650 1.28610 0.02500
v 1.12790 1.28610 0.02500
v 1.11650 1.29750 0.04500
v 1.12790 1.29750 0.04500
v 1.11650 1.28610 0.04500
v 1.12790 1.28610 0.04500
v 1.12790 1.29750 0.02500
v 1.11650 1.29750 0.02500
v 1.12790 1.28610 0.02500
v 1.11650 1.28610 0.02500
f 6625 6627 6626
f 6627 6628 6626
f 6629 6631 6630
f 6631 6632 6630
f 6633 6635 6634
f 6635 6636 6634
f 6637 6639 6638
f 6639 6640 6638
f 6641 6643 6642
f 6643 6644 6642
f 6645 6647 6646
f 6647 6648 6646
f 6649 6651 6650
f 6651 6652 6650
f 6653 6655 6654
f 6655 6656 6654
f 6657 6659 6658
f 6659 6660 6658
f 6661 6663 6662
f 6663 6664 6662
f 6665 6667 6666
f 6667 6668 6666
f 6669 6671 6670
f 6671 6672 6670
f 6673 6675 6674
f 6675 6676 6674
f 6677 6679 6678
f 6679 6680 6678
f 6681 6683 6682
f 6683 6684 6682
f 6685 6687 6686
f 6687 6688 6686
f 6689 6691 6690
f 6691 6692 6690
f 6693 6695 6694
f 6695 6696 6694
f 6697 6699 6698
f 6699 6700 6698
f 6701 6703 6702
f 6703 6704 6702
f 6705 6707 6706
f 6707 6708 6706
f 6709 6711 6710
f 6711 6712 6710
f 6713 6715 6714
f 6715 6716 6714
f 6717 6719 6718
f 6719 6720 6718
f 6721 6723 6722
f 6723 6724 6722
f 6725 6727 6726
f 6727 6728 6726
f 6729 6731 6730
f 6731 6732 6730
f 6733 6735 6734
f 6735 6736 6734
f 6737 6739 6738
f 6739 6740 6738
f 6741 6743 6742
f 6743 6744 6742
f 6745 6747 6746
f 6747 6748 6746
f 6749 6751 6750
f 6751 6752 6750
f 6753 6755 6754
f 6755 6756 6754
f 6757 6759 6758
f 6759 6760 6758
f 6761 6763 6762
f 6763 6764 6762
f 6765 6767 6766
f 6767 6768 6766
f 6769 6771 6770
f 6771 6772 6770
f 6773 6775 6774
f 6775 6776 6774
f 6777 6779 6778
f 6779 6780 6778
f 6781 6783 6782
f 6783 6784 6782
f 6785 6787 6786
f 6787 6788 6786
f 6789 6791 6790
f 6791 6792 6790
f 6793 6795 6794
f 6795 6796 6794
f 6797 6799 6798
f 6799 6800 6798
f 6801 6803 6802
f 6803 6804 6802
f 6805 6807 6806
f 6807 6808 6806
f 6809 6811 6810
f 6811 6812 6810
f 6813 6815 6814
f 6815 6816 6814
f 6817 6819 6818
f 6819 6820 6818
f 6821 6823 6822
f 6823 6824 6822
f 6825 6827 6826
f 6827 6828 6826
f 6829 6831 6830
f 6831 6832 6830
f 6833 6835 6834
f 6835 6836 6834
f 6837 6839 6838
f 6839 6840 6838
f 6841 6843 6842
f 6843 6844 6842
f 6845 6847 6846
f 6847 6848 6846
f 6849 6851 6850
f 6851 6852 6850
f 6853 6855 6854
f 6855 6856 6854
f 6857 6859 6858
f 6859 6860 6858
f 6861 6863 6862
f 6863 6864 6862
f 6865 6867 6866
f 6867 6868 6866
f 6869 6871 6870
f 6871 6872 6870
f 6873 6875 6874
f 6875 6876 6874
f 6877 6879 6878
f 6879 6880 6878
f 6881 6883 6882
f 6883 6884 6882
f 6885 6887 6886
f 6887 6888 6886
f 6889 6891 6890
f 6891 6892 6890
f 6893 6895 6894
f 6895 6896 6894
f 6897 6899 6898
f 6899 6900 6898
f 6901 6903 6902
f 6903 6904 6902
f 6905 6907 6906
f 6907 6908 6906
f 6909 6911 6910
f 6911 6912 6910
f 6913 6915 6914
f 6915 6916 6914
f 6917 6919 6918
f 6919 6920 6918
f 6921 6923 6922
f 6923 6924 6922
f 6925 6927 6926
f 6927 6928 6926
f 6929 6931 6930
f 6931 6932 6930
f 6933 6935 6934
f 6935 6936 6934
f 6937 6939 6938
f 6939 6940 6938
f 6941 6943 6942
f 6943 6944 6942
f 6945 6947 6946
f 6947 6948 6946
f 6949 6951 6950
f 6951 6952 6950
f 6953 6955 6954
f 6955 6956 6954
f 6957 6959 6958
f 6959 6960 6958
f 6961 6963 6962
f 6963 6964 6962
f 6965 6967 6966
f 6967 6968 6966
f 6969 6971 6970
f 6971 6972 6970
f 6973 6975 6974
f 6975 6976 6974
f 6977 6979 6978
f 6979 6980 6978
f 6981 6983 6982
f 6983 6984 6982
f 6985 6987 6986
f 6987 6988 6986
f 6989 6991 6990
f 6991 6992 6990
f 6993 6995 6994
f 6995 6996 6994
f 6997 6999 6998
f 6999 7000 6998
f 7001 7003 7002
f 7003 7004 7002
f 7005 7007 7006
f 7007 7008 7006
f 7009 7011 7010
f 7011 7012 7010
f 7013 7015 7014
f 7015 7016 7014
f 7017 7019 7018
f 7019 7020 7018
f 7021 7023 7022
f 7023 7024 7022
f 7025 7027 7026
f 7027 7028 7026
f 7029 7031 7030
f 7031 7032 7030
f 7033 7035 7034
f 7035 7036 7034
f 7037 7039 7038
f 7039 7040 7038
f 7041 7043 7042
f 7043 7044 7042
f 7045 7047 7046
f 7047 7048 7046
f 7049 7051 7050
f 7051 7052 7050
f 7053 7055 7054
f 7055 7056 7054
f 7057 7059 7058
f 7059 7060 7058
f 7061 7063 7062
f 7063 7064 7062
f 7065 7067 7066
f 7067 7068 7066
f 7069 7071 7070
f 7071 7072 7070
f 7073 7075 7074
f 7075 7076 7074
f 7077 7079 7078
f 7079 7080 7078
f 7081 7083 7082
f 7083 7084 7082
f 7085 7087 7086
f 7087 7088 7086
f 7089 7091 7090
f 7091 7092 7090
f 7093 7095 7094
f 7095 7096 7094
f 7097 7099 7098
f 7099 7100 7098
f 7101 7103 7102
f 7103 7104 7102
f 7105 7107 7106
f 7107 7108 7106
f 7109 7111 7110
f 7111 7112 7110
f 7113 7115 7114
f 7115 7116 7114
f 7117 7119 7118
f 7119 7120 7118
f 7121 7123 7122
f 7123 7124 7122
f 7125 7127 7126
f 7127 7128 7126
f 7129 7131 7130
f 7131 7132 7130
f 7133 7135 7134
f 7135 7136 7134
f 7137 7139 7138
f 7139 7140 7138
f 7141 7143 7142
f 7143 7144 7142
f 7145 7147 7146
f 7147 7148 7146
f 7149 7151 7150
f 7151 7152 7150
f 7153 7155 7154
f 7155 7156 7154
f 7157 7159 7158
f 7159 7160 7158
f 7161 7163 7162
f 7163 7164 7162
f 7165 7167 7166
f 7167 7168 7166
f 7169 7171 7170
f 7171 7172 7170
f 7173 7175 7174
f 7175 7176 7174
f 7177 7179 7178
f 7179 7180 7178
f 7181 7183 7182
f 7183 7184 7182
f 7185 7187 7186
f 7187 7188 7186
f 7189 7191 7190
f 7191 7192 7190
f 7193 7195 7194
f 7195 7196 7194
f 7197 7199 7198
f 7199 7200 7198
f 7201 7203 7202
f 7203 7204 7202
f 7205 7207 7206
f 7207 7208 7206
f 7209 7211 7210
f 7211 7212 7210
f 7213 7215 7214
f 7215 7216 7214
f 7217 7219 7218
f 7219 7220 7218
f 7221 7223 7222
f 7223 7224 7222
f 7225 7227 7226
f 7227 7228 7226
f 7229 7231 7230
f 7231 7232 7230
f 7233 7235 7234
f 7235 7236 7234
f 7237 7239 7238
f 7239 7240 7238
f 7241 7243 7242
f 7243 7244 7242
f 7245 7247 7246
f 7247 7248 7246
f 7249 7251 7250
f 7251 7252 7250
f 7253 7255 7254
f 7255 7256 7254
f 7257 7259 7258
f 7259 7260 7258
f 7261 7263 7262
f 7263 7264 7262
f 7265 7267 7266
f 7267 7268 7266
f 7269 7271 7270
f 7271 7272 7270
f 7273 7275 7274
f 7275 7276 7274
f 7277 7279 7278
f 7279 7280 7278
f 7281 7283 7282
f 7283 7284 7282
f 7285 7287 7286
f 7287 7288 7286
f 7289 7291 7290
f 7291 7292 7290
f 7293 7295 7294
f 7295 7296 7294
f 7297 7299 7298
f 7299 7300 7298
f 7301 7303 7302
f 7303 7304 7302
f 7305 7307 7306
f 7307 7308 7306
f 7309 7311 7310
f 7311 7312 7310
f 7313 7315 7314
f 7315 7316 7314
f 7317 7319 7318
f 7319 7320 7318
f 7321 7323 7322
f 7323 7324 7322
f 7325 7327 7326
f 7327 7328 7326
f 7329 7331 7330
f 7331 7332 7330
f 7333 7335 7334
f 7335 7336 7334
f 7337 7339 7338
f 7339 7340 7338
f 7341 7343 7342
f 7343 7344 7342
f 7345 7347 7346
f 7347 7348 7346
f 7349 7351 7350
f 7351 7352 7350
f 7353 7355 7354
f 7355 7356 7354
f 7357 7359 7358
f 7359 7360 7358
f 7361 7363 7362
f 7363 7364 7362
f 7365 7367 7366
f 7367 7368 7366
f 7369 7371 7370
f 7371 7372 7370
f 7373 7375 7374
f 7375 7376 7374
f 7377 7379 7378
f 7379 7380 7378
f 7381 7383 7382
f 7383 7384 7382
f 7385 7387 7386
f 7387 7388 7386
f 7389 7391 7390
f 7391 7392 7390
f 7393 7395 7394
f 7395 7396 7394
f 7397 7399 7398
f 7399 7400 7398
f 7401 7403 7402
f 7403 7404 7402
f 7405 7407 7406
f 7407 7408 7406
f 7409 7411 7410
f 7411 7412 7410
f 7413 7415 7414
f 7415 7416 7414
f 7417 7419 7418
f 7419 7420 7418
f 7421 7423 7422
f 7423 7424 7422
f 7425 7427 7426
f 7427 7428 7426
f 7429 7431 7430
f 7431 7432 7430
f 7433 7435 7434
f 7435 7436 7434
f 7437 7439 7438
f 7439 7440 7438
f 7441 7443 7442
f 7443 7444 7442
f 7445 7447 7446
f 7447 7448 7446
f 7449 7451 7450
f 7451 7452 7450
f 7453 7455 7454
f 7455 7456 7454
f 7457 7459 7458
f 7459 7460 7458
f 7461 7463 7462
f 7463 7464 7462
f 7465 7467 7466
f 7467 7468 7466
f 7469 7471 7470
f 7471 7472 7470
f 7473 7475 7474
f 7475 7476 7474
f 7477 7479 7478
f 7479 7480 7478
f 7481 7483 7482
f 7483 7484 7482
f 7485 7487 7486
f 7487 7488 7486
f 7489 7491 7490
f 7491 7492 7490
f 7493 7495 7494
f 7495 7496 7494
f 7497 7499 7498
f 7499 7500 7498
f 7501 7503 7502
f 7503 7504 7502
f 7505 7507 7506
f 7507 7508 7506
f 7509 7511 7510
f 7511 7512 7510
f 7513 7515 7514
f 7515 7516 7514
f 7517 7519 7518
f 7519 7520 7518
f 7521 7523 7522
f 7523 7524 7522
f 7525 7527 7526
f 7527 7528 7526
f 7529 7531 7530
f 7531 7532 7530
f 7533 7535 7534
f 7535 7536 7534
f 7537 7539 7538
f 7539 7540 7538
f 7541 7543 7542
f 7543 7544 7542
f 7545 7547 7546
f 7547 7548 7546
f 7549 7551 7550
f 7551 7552 7550
f 7553 7555 7554
f 7555 7556 7554
f 7557 7559 7558
f 7559 7560 7558
f 7561 7563 7562
f 7563 7564 7562
f 7565 7567 7566
f 7567 7568 7566
f 7569 7571 7570
f 7571 7572 7570
f 7573 7575 7574
f 7575 7576 7574
f 7577 7579 7578
f 7579 7580 7578
f 7581 7583 7582
f 7583 7584 7582
f 7585 7587 7586
f 7587 7588 7586
f 7589 7591 7590
f 7591 7592 7590
f 7593 7595 7594
f 7595 7596 7594
f 7597 7599 7598
f 7599 7600 7598
f 7601 7603 7602
f 7603 7604 7602
f 7605 7607 7606
f 7607 7608 7606
f 7609 7611 7610
f 7611 7612 7610
f 7613 7615 7614
f 7615 7616 7614
f 7617 7619 7618
f 7619 7620 7618
f 7621 7623 7622
f 7623 7624 7622
f 7625 7627 7626
f 7627 7628 7626
f 7629 7631 7630
f 7631 7632 7630
f 7633 7635 7634
f 7635 7636 7634
f 7637 7639 7638
f 7639 7640 7638
f 7641 7643 7642
f 7643 7644 7642
f 7645 7647 7646
f 7647 7648 7646
f 7649 7651 7650
f 7651 7652 7650
f 7653 7655 7654
f 7655 7656 7654
f 7657 7659 7658
f 7659 7660 7658
f 7661 7663 7662
f 7663 7664 7662
f 7665 7667 7666
f 7667 7668 7666
f 7669 7671 7670
f 7671 7672 7670
f 7673 7675 7674
f 7675 7676 7674
f 7677 7679 7678
f 7679 7680 7678
f 7681 7683 7682
f 7683 7684 7682
f 7685 7687 7686
f 7687 7688 7686
f 7689 7691 7690
f 7691 7692 7690
f 7693 7695 7694
f 7695 7696 7694
f 7697 7699 7698
f 7699 7700 7698
f 7701 7703 7702
f 7703 7704 7702
f 7705 7707 7706
f 7707 7708 7706
f 7709 7711 7710
f 7711 7712 7710
f 7713 7715 7714
f 7715 7716 7714
f 7717 7719 7718
f 7719 7720 7718
f 7721 7723 7722
f 7723 7724 7722
f 7725 7727 7726
f 7727 7728 7726
f 7729 7731 7730
f 7731 7732 7730
f 7733 7735 7734
f 7735 7736 7734
f 7737 7739 7738
f 7739 7740 7738
f 7741 7743 7742
f 7743 7744 7742
f 7745 7747 7746
f 7747 7748 7746
f 7749 7751 7750
f 7751 7752 7750
f 7753 7755 7754
f 7755 7756 7754
f 7757 7759 7758
f 7759 7760 7758
f 7761 7763 7762
f 7763 7764 7762
f 7765 7767 7766
f 7767 7768 7766
f 7769 7771 7770
f 7771 7772 7770
f 7773 7775 7774
f 7775 7776 7774
f 7777 7779 7778
f 7779 7780 7778
f 7781 7783 7782
f 7783 7784 7782
f 7785 7787 7786
f 7787 7788 7786
f 7789 7791 7790
f 7791 7792 7790
f 7793 7795 7794
f 7795 7796 7794
f 7797 7799 7798
f 7799 7800 7798
f 7801 7803 7802
f 7803 7804 7802
f 7805 7807 7806
f 7807 7808 7806
f 7809 7811 7810
f 7811 7812 7810
f 7813 7815 7814
f 7815 7816 7814
f 7817 7819 7818
f 7819 7820 7818
f 7821 7823 7822
f 7823 7824 7822
f 7825 7827 7826
f 7827 7828 7826
f 7829 7831 7830
f 7831 7832 7830
f 7833 7835 7834
f 7835 7836 7834
f 7837 7839 7838
f 7839 7840 7838
f 7841 7843 7842
f 7843 7844 7842
f 7845 7847 7846
f 7847 7848 7846
f 7849 7851 7850
f 7851 7852 7850
f 7853 7855 7854
f 7855 7856 7854
f 7857 7859 7858
f 7859 7860 7858
f 7861 7863 7862
f 7863 7864 7862
f 7865 7867 7866
f 7867 7868 7866
f 7869 7871 7870
f 7871 7872 7870
f 7873 7875 7874
f 7875 7876 7874
f 7877 7879 7878
f 7879 7880 7878
f 7881 7883 7882
f 7883 7884 7882
f 7885 7887 7886
f 7887 7888 7886
f 7889 7891 7890
f 7891 7892 7890
f 7893 7895 7894
f 7895 7896 7894
f 7897 7899 7898
f 7899 7900 7898
f 7901 7903 7902
f 7903 7904 7902
f 7905 7907 7906
f 7907 7908 7906
f 7909 7911 7910
f 7911 7912 7910
f 7913 7915 7914
f 7915 7916 7914
f 7917 7919 7918
f 7919 7920 7918
f 7921 7923 7922
f 7923 7924 7922
f 7925 7927 7926
f 7927 7928 7926
f 7929 7931 7930
f 7931 7932 7930
f 7933 7935 7934
f 7935 7936 7934
f 7937 7939 7938
f 7939 7940 7938
f 7941 7943 7942
f 7943 7944 7942
f 7945 7947 7946
f 7947 7948 7946
f 7949 7951 7950
f 7951 7952 7950
f 7953 7955 7954
f 7955 7956 7954
f 7957 7959 7958
f 7959 7960 7958
f 7961 7963 7962
f 7963 7964 7962
f 7965 7967 7966
f 7967 7968 7966
f 7969 7971 7970
f 7971 7972 7970
f 7973 7975 7974
f 7975 7976 7974
f 7977 7979 7978
f 7979 7980 7978
f 7981 7983 7982
f 7983 7984 7982
f 7985 7987 7986
f 7987 7988 7986
f 7989 7991 7990
f 7991 7992 7990
f 7993 7995 7994
f 7995 7996 7994
f 7997 7999 7998
f 7999 8000 7998
f 8001 8003 8002
f 8003 8004 8002
f 8005 8007 8006
f 8007 8008 8006
f 8009 8011 8010
f 8011 8012 8010
f 8013 8015 8014
f 8015 8016 8014
f 8017 8019 8018
f 8019 8020 8018
f 8021 8023 8022
f 8023 8024 8022
f 8025 8027 8026
f 8027 8028 8026
f 8029 8031 8030
f 8031 8032 8030
f 8033 8035 8034
f 8035 8036 8034
f 8037 8039 8038
f 8039 8040 8038
f 8041 8043 8042
f 8043 8044 8042
f 8045 8047 8046
f 8047 8048 8046
f 8049 8051 8050
f 8051 8052 8050
f 8053 8055 8054
f 8055 8056 8054
f 8057 8059 8058
f 8059 8060 8058
f 8061 8063 8062
f 8063 8064 8062
f 8065 8067 8066
f 8067 8068 8066
f 8069 8071 8070
f 8071 8072 8070
f 8073 8075 8074
f 8075 8076 8074
f 8077 8079 8078
f 8079 8080 8078
f 8081 8083 8082
f 8083 8084 8082
f 8085 8087 8086
f 8087 8088 8086
f 8089 8091 8090
f 8091 8092 8090
f 8093 8095 8094
f 8095 8096 8094
f 8097 8099 8098
f 8099 8100 8098
f 8101 8103 8102
f 8103 8104 8102
f 8105 8107 8106
f 8107 8108 8106
f 8109 8111 8110
f 8111 8112 8110
f 8113 8115 8114
f 8115 8116 8114
f 8117 8119 8118
f 8119 8120 8118
f 8121 8123 8122
f 8123 8124 8122
f 8125 8127 8126
f 8127 8128 8126
f 8129 8131 8130
f 8131 8132 8130
f 8133 8135 8134
f 8135 8136 8134
f 8137 8139 8138
f 8139 8140 8138
f 8141 8143 8142
f 8143 8144 8142
f 8145 8147 8146
f 8147 8148 8146
f 8149 8151 8150
f 8151 8152 8150
f 8153 8155 8154
f 8155 8156 8154
f 8157 8159 8158
f 8159 8160 8158
f 8161 8163 8162
f 8163 8164 8162
f 8165 8167 8166
f 8167 8168 8166
f 8169 8171 8170
f 8171 8172 8170
f 8173 8175 8174
f 8175 8176 8174
f 8177 8179 8178
f 8179 8180 8178
f 8181 8183 8182
f 8183 8184 8182
f 8185 8187 8186
f 8187 8188 8186
f 8189 8191 8190
f 8191 8192 8190
f 8193 8195 8194
f 8195 8196 8194
f 8197 8199 8198
f 8199 8200 8198
f 8201 8203 8202
f 8203 8204 8202
f 8205 8207 8206
f 8207 8208 8206
f 8209 8211 8210
f 8211 8212 8210
f 8213 8215 8214
f 8215 8216 8214
f 8217 8219 8218
f 8219 8220 8218
f 8221 8223 8222
f 8223 8224 8222
f 8225 8227 8226
f 8227 8228 8226
f 8229 8231 8230
f 8231 8232 8230
f 8233 8235 8234
f 8235 8236 8234
f 8237 8239 8238
f 8239 8240 8238
f 8241 8243 8242
f 8243 8244 8242
f 8245 8247 8246
f 8247 8248 8246
f 8249 8251 8250
f 8251 8252 8250
f 8253 8255 8254
f 8255 8256 8254
f 8257 8259 8258
f 8259 8260 8258
f 8261 8263 8262
f 8263 8264 8262
f 8265 8267 8266
f 8267 8268 8266
f 8269 8271 8270
f 8271 8272 8270
f 8273 8275 8274
f 8275 8276 8274
f 8277 8279 8278
f 8279 8280 8278
f 8281 8283 8282
f 8283 8284 8282
f 8285 8287 8286
f 8287 8288 8286
f 8289 8291 8290
f 8291 8292 8290
f 8293 8295 8294
f 8295 8296 8294
f 8297 8299 8298
f 8299 8300 8298
f 8301 8303 8302
f 8303 8304 8302
f 8305 8307 8306
f 8307 8308 8306
f 8309 8311 8310
f 8311 8312 8310
f 8313 8315 8314
f 8315 8316 8314
f 8317 8319 8318
f 8319 8320 8318
f 8321 8323 8322
f 8323 8324 8322
f 8325 8327 8326
f 8327 8328 8326
f 8329 8331 8330
f 8331 8332 8330
f 8333 8335 8334
f 8335 8336 8334
f 8337 8339 8338
f 8339 8340 8338
f 8341 8343 8342
f 8343 8344 8342
f 8345 8347 8346
f 8347 8348 8346
f 8349 8351 8350
f 8351 8352 8350
f 8353 8355 8354
f 8355 8356 8354
f 8357 8359 8358
f 8359 8360 8358
f 8361 8363 8362
f 8363 8364 8362
f 8365 8367 8366
f 8367 8368 8366
f 8369 8371 8370
f 8371 8372 8370
f 8373 8375 8374
f 8375 8376 8374
f 8377 8379 8378
f 8379 8380 8378
f 8381 8383 8382
f 8383 8384 8382
f 8385 8387 8386
f 8387 8388 8386
f 8389 8391 8390
f 8391 8392 8390
f 8393 8395 8394
f 8395 8396 8394
f 8397 8399 8398
f 8399 8400 8398
f 8401 8403 8402
f 8403 8404 8402
f 8405 8407 8406
f 8407 8408 8406
f 8409 8411 8410
f 8411 8412 8410
f 8413 8415 8414
f 8415 8416 8414
f 8417 8419 8418
f 8419 8420 8418
f 8421 8423 8422
f 8423 8424 8422
f 8425 8427 8426
f 8427 8428 8426
f 8429 8431 8430
f 8431 8432 8430
f 8433 8435 8434
f 8435 8436 8434
f 8437 8439 8438
f 8439 8440 8438
f 8441 8443 8442
f 8443 8444 8442
f 8445 8447 8446
f 8447 8448 8446
f 8449 8451 8450
f 8451 8452 8450
f 8453 8455 8454
f 8455 8456 8454
f 8457 8459 8458
f 8459 8460 8458
f 8461 8463 8462
f 8463 8464 8462
f 8465 8467 8466
f 8467 8468 8466
f 8469 8471 8470
f 8471 8472 8470
f 8473 8475 8474
f 8475 8476 8474
f 8477 8479 8478
f 8479 8480 8478
f 8481 8483 8482
f 8483 8484 8482
f 8485 8487 8486
f 8487 8488 8486
f 8489 8491 8490
f 8491 8492 8490
f 8493 8495 8494
f 8495 8496 8494
f 8497 8499 8498
f 8499 8500 8498
f 8501 8503 8502
f 8503 8504 8502
f 8505 8507 8506
f 8507 8508 8506
f 8509 8511 8510
f 8511 8512 8510
f 8513 8515 8514
f 8515 8516 8514
f 8517 8519 8518
f 8519 8520 8518
f 8521 8523 8522
f 8523 8524 8522
f 8525 8527 8526
f 8527 8528 8526
f 8529 8531 8530
f 8531 8532 8530
f 8533 8535 8534
f 8535 8536 8534
f 8537 8539 8538
f 8539 8540 8538
f 8541 8543 8542
f 8543 8544 8542
f 8545 8547 8546
f 8547 8548 8546
f 8549 8551 8550
f 8551 8552 8550
f 8553 8555 8554
f 8555 8556 8554
f 8557 8559 8558
f 8559 8560 8558
f 8561 8563 8562
f 8563 8564 8562
f 8565 8567 8566
f 8567 8568 8566
f 8569 8571 8570
f 8571 8572 8570
f 8573 8575 8574
f 8575 8576 8574
f 8577 8579 8578
f 8579 8580 8578
f 8581 8583 8582
f 8583 8584 8582
f 8585 8587 8586
f 8587 8588 8586
f 8589 8591 8590
f 8591 8592 8590
f 8593 8595 8594
f 8595 8596 8594
f 8597 8599 8598
f 8599 8600 8598
f 8601 8603 8602
f 8603 8604 8602
f 8605 8607 8606
f 8607 8608 8606
f 8609 8611 8610
f 8611 8612 8610
f 8613 8615 8614
f 8615 8616 8614
f 8617 8619 8618
f 8619 8620 8618
f 8621 8623 8622
f 8623 8624 8622
f 8625 8627 8626
f 8627 8628 8626
f 8629 8631 8630
f 8631 8632 8630
f 8633 8635 8634
f 8635 8636 8634
f 8637 8639 8638
f 8639 8640 8638
f 8641 8643 8642
f 8643 8644 8642
f 8645 8647 8646
f 8647 8648 8646
f 8649 8651 8650
f 8651 8652 8650
f 8653 8655 8654
f 8655 8656 8654
f 8657 8659 8658
f 8659 8660 8658
f 8661 8663 8662
f 8663 8664 8662
f 8665 8667 8666
f 8667 8668 8666
f 8669 8671 8670
f 8671 8672 8670
f 8673 8675 8674
f 8675 8676 8674
f 8677 8679 8678
f 8679 8680 8678
f 8681 8683 8682
f 8683 8684 8682
f 8685 8687 8686
f 8687 8688 8686
f 8689 8691 8690
f 8691 8692 8690
f 8693 8695 8694
f 8695 8696 8694
f 8697 8699 8698
f 8699 8700 8698
f 8701 8703 8702
f 8703 8704 8702
f 8705 8707 8706
f 8707 8708 8706
f 8709 8711 8710
f 8711 8712 8710
f 8713 8715 8714
f 8715 8716 8714
f 8717 8719 8718
f 8719 8720 8718
f 8721 8723 8722
f 8723 8724 8722
f 8725 8727 8726
f 8727 8728 8726
f 8729 8731 8730
f 8731 8732 8730
f 8733 8735 8734
f 8735 8736 8734
f 8737 8739 8738
f 8739 8740 8738
f 8741 8743 8742
f 8743 8744 8742
f 8745 8747 8746
f 8747 8748 8746
f 8749 8751 8750
f 8751 8752 8750
f 8753 8755 8754
f 8755 8756 8754
f 8757 8759 8758
f 8759 8760 8758
f 8761 8763 8762
f 8763 8764 8762
f 8765 8767 8766
f 8767 8768 8766
f 8769 8771 8770
f 8771 8772 8770
f 8773 8775 8774
f 8775 8776 8774
f 8777 8779 8778
f 8779 8780 8778
f 8781 8783 8782
f 8783 8784 8782
f 8785 8787 8786
f 8787 8788 8786
f 8789 8791 8790
f 8791 8792 8790
f 8793 8795 8794
f 8795 8796 8794
f 8797 8799 8798
f 8799 8800 8798
f 8801 8803 8802
f 8803 8804 8802
f 8805 8807 8806
f 8807 8808 8806
f 8809 8811 8810
f 8811 8812 8810
f 8813 8815 8814
f 8815 8816 8814
f 8817 8819 8818
f 8819 8820 8818
f 8821 8823 8822
f 8823 8824 8822
f 8825 8827 8826
f 8827 8828 8826
f 8829 8831 8830
f 8831 8832 8830
f 8833 8835 8834
f 8835 8836 8834
f 8837 8839 8838
f 8839 8840 8838
f 8841 8843 8842
f 8843 8844 8842
f 8845 8847 8846
f 8847 8848 8846
f 8849 8851 8850
f 8851 8852 8850
f 8853 8855 8854
f 8855 8856 8854
f 8857 8859 8858
f 8859 8860 8858
f 8861 8863 8862
f 8863 8864 8862
f 8865 8867 8866
f 8867 8868 8866
f 8869 8871 8870
f 8871 8872 8870
f 8873 8875 8874
f 8875 8876 8874
f 8877 8879 8878
f 8879 8880 8878
f 8881 8883 8882
f 8883 8884 8882
f 8885 8887 8886
f 8887 8888 8886
f 8889 8891 8890
f 8891 8892 8890
f 8893 8895 8894
f 8895 8896 8894
f 8897 8899 8898
f 8899 8900 8898
f 8901 8903 8902
f 8903 8904 8902
f 8905 8907 8906
f 8907 8908 8906
f 8909 8911 8910
f 8911 8912 8910
f 8913 8915 8914
f 8915 8916 8914
f 8917 8919 8918
f 8919 8920 8918
f 8921 8923 8922
f 8923 8924 8922
f 8925 8927 8926
f 8927 8928 8926
f 8929 8931 8930
f 8931 8932 8930
f 8933 8935 8934
f 8935 8936 8934
f 8937 8939 8938
f 8939 8940 8938
f 8941 8943 8942
f 8943 8944 8942
f 8945 8947 8946
f 8947 8948 8946
f 8949 8951 8950
f 8951 8952 8950
f 8953 8955 8954
f 8955 8956 8954
f 8957 8959 8958
f 8959 8960 8958
f 8961 8963 8962
f 8963 8964 8962
f 8965 8967 8966
f 8967 8968 8966
f 8969 8971 8970
f 8971 8972 8970
f 8973 8975 8974
f 8975 8976 8974
f 8977 8979 8978
f 8979 8980 8978
f 8981 8983 8982
f 8983 8984 8982
f 8985 8987 8986
f 8987 8988 8986
f 8989 8991 8990
f 8991 8992 8990
f 8993 8995 8994
f 8995 8996 8994
f 8997 8999 8998
f 8999 9000 8998
f 9001 9003 9002
f 9003 9004 9002
f 9005 9007 9006
f 9007 9008 9006
f 9009 9011 9010
f 9011 9012 9010
f 9013 9015 9014
f 9015 9016 9014
f 9017 9019 9018
f 9019 9020 9018
f 9021 9023 9022
f 9023 9024 9022
f 9025 9027 9026
f 9027 9028 9026
f 9029 9031 9030
f 9031 9032 9030
f 9033 9035 9034
f 9035 9036 9034
f 9037 9039 9038
f 9039 9040 9038
f 9041 9043 9042
f 9043 9044 9042
f 9045 9047 9046
f 9047 9048 9046
f 9049 9051 9050
f 9051 9052 9050
f 9053 9055 9054
f 9055 9056 9054
f 9057 9059 9058
f 9059 9060 9058
f 9061 9063 9062
f 9063 9064 9062
f 9065 9067 9066
f 9067 9068 9066
f 9069 9071 9070
f 9071 9072 9070
f 9073 9075 9074
f 9075 9076 9074
f 9077 9079 9078
f 9079 9080 9078
f 9081 9083 9082
f 9083 9084 9082
f 9085 9087 9086
f 9087 9088 9086
f 9089 9091 9090
f 9091 9092 9090
f 9093 9095 9094
f 9095 9096 9094
f 9097 9099 9098
f 9099 9100 9098
f 9101 9103 9102
f 9103 9104 9102
f 9105 9107 9106
f 9107 9108 9106
f 9109 9111 9110
f 9111 9112 9110
f 9113 9115 9114
f 9115 9116 9114
f 9117 9119 9118
f 9119 9120 9118
f 9121 9123 9122
f 9123 9124 9122
f 9125 9127 9126
f 9127 9128 9126
f 9129 9131 9130
f 9131 9132 9130
f 9133 9135 9134
f 9135 9136 9134
f 9137 9139 9138
f 9139 9140 9138
f 9141 9143 9142
f 9143 9144 9142
f 9145 9147 9146
f 9147 9148 9146
f 9149 9151 9150
f 9151 9152 9150
f 9153 9155 9154
f 9155 9156 9154
f 9157 9159 9158
f 9159 9160 9158
f 9161 9163 9162
f 9163 9164 9162
f 9165 9167 9166
f 9167 9168 9166
f 9169 9171 9170
f 9171 9172 9170
f 9173 9175 9174
f 9175 9176 9174
f 9177 9179 9178
f 9179 9180 9178
f 9181 9183 9182
f 9183 9184 9182
f 9185 9187 9186
f 9187 9188 9186
f 9189 9191 9190
f 9191 9192 9190
f 9193 9195 9194
f 9195 9196 9194
f 9197 9199 9198
f 9199 9200 9198
f 9201 9203 9202
f 9203 9204 9202
f 9205 9207 9206
f 9207 9208 9206
f 9209 9211 9210
f 9211 9212 9210
f 9213 9215 9214
f 9215 9216 9214
f 9217 9219 9218
f 9219 9220 9218
f 9221 9223 9222
f 9223 9224 9222
f 9225 9227 9226
f 9227 9228 9226
f 9229 9231 9230
f 9231 9232 9230
f 9233 9235 9234
f 9235 9236 9234
f 9237 9239 9238
f 9239 9240 9238
f 9241 9243 9242
f 9243 9244 9242
f 9245 9247 9246
f 9247 9248 9246
f 9249 9251 9250
f 9251 9252 9250
f 9253 9255 9254
f 9255 9256 9254
f 9257 9259 9258
f 9259 9260 9258
f 9261 9263 9262
f 9263 9264 9262
f 9265 9267 9266
f 9267 9268 9266
f 9269 9271 9270
f 9271 9272 9270
f 9273 9275 9274
f 9275 9276 9274
f 9277 9279 9278
f 9279 9280 9278
f 9281 9283 9282
f 9283 9284 9282
f 9285 9287 9286
f 9287 9288 9286
f 9289 9291 9290
f 9291 9292 9290
f 9293 9295 9294
f 9295 9296 9294
f 9297 9299 9298
f 9299 9300 9298
f 9301 9303 9302
f 9303 9304 9302
f 9305 9307 9306
f 9307 9308 9306
f 9309 9311 9310
f 9311 9312 9310
f 9313 9315 9314
f 9315 9316 9314
f 9317 9319 9318
f 9319 9320 9318
f 9321 9323 9322
f 9323 9324 9322
f 9325 9327 9326
f 9327 9328 9326
f 9329 9331 9330
f 9331 9332 9330
f 9333 9335 9334
f 9335 9336 9334
f 9337 9339 9338
f 9339 9340 9338
f 9341 9343 9342
f 9343 9344 9342
f 9345 9347 9346
f 9347 9348 9346
f 9349 9351 9350
f 9351 9352 9350
f 9353 9355 9354
f 9355 9356 9354
f 9357 9359 9358
f 9359 9360 9358
f 9361 9363 9362
f 9363 9364 9362
f 9365 9367 9366
f 9367 9368 9366
f 9369 9371 9370
f 9371 9372 9370
f 9373 9375 9374
f 9375 9376 9374
f 9377 9379 9378
f 9379 9380 9378
f 9381 9383 9382
f 9383 9384 9382
f 9385 9387 9386
f 9387 9388 9386
f 9389 9391 9390
f 9391 9392 9390
f 9393 9395 9394
f 9395 9396 9394
f 9397 9399 9398
f 9399 9400 9398
f 9401 9403 9402
f 9403 9404 9402
f 9405 9407 9406
f 9407 9408 9406
f 9409 9411 9410
f 9411 9412 9410
f 9413 9415 9414
f 9415 9416 9414
f 9417 9419 9418
f 9419 9420 9418
f 9421 9423 9422
f 9423 9424 9422
f 9425 9427 9426
f 9427 9428 9426
f 9429 9431 9430
f 9431 9432 9430
f 9433 9435 9434
f 9435 9436 9434
f 9437 9439 9438
f 9439 9440 9438
f 9441 9443 9442
f 9443 9444 9442
f 9445 9447 9446
f 9447 9448 9446
f 9449 9451 9450
f 9451 9452 9450
f 9453 9455 9454
f 9455 9456 9454
f 9457 9459 9458
f 9459 9460 9458
f 9461 9463 9462
f 9463 9464 9462
f 9465 9467 9466
f 9467 9468 9466
f 9469 9471 9470
f 9471 9472 9470
f 9473 9475 9474
f 9475 9476 9474
f 9477 9479 9478
f 9479 9480 9478
f 9481 9483 9482
f 9483 9484 9482
f 9485 9487 9486
f 9487 9488 9486
f 9489 9491 9490
f 9491 9492 9490
f 9493 9495 9494
f 9495 9496 9494
f 9497 9499 9498
f 9499 9500 9498
f 9501 9503 9502
f 9503 9504 9502
f 9505 9507 9506
f 9507 9508 9506
f 9509 9511 9510
f 9511 9512 9510
f 9513 9515 9514
f 9515 9516 9514
f 9517 9519 9518
f 9519 9520 9518
f 9521 9523 9522
f 9523 9524 9522
f 9525 9527 9526
f 9527 9528 9526
f 9529 9531 9530
f 9531 9532 9530
f 9533 9535 9534
f 9535 9536 9534
f 9537 9539 9538
f 9539 9540 9538
f 9541 9543 9542
f 9543 9544 9542
f 9545 9547 9546
f 9547 9548 9546
f 9549 9551 9550
f 9551 9552 9550
f 9553 9555 9554
f 9555 9556 9554
f 9557 9559 9558
f 9559 9560 9558
f 9561 9563 9562
f 9563 9564 9562
f 9565 9567 9566
f 9567 9568 9566
f 9569 9571 9570
f 9571 9572 9570
f 9573 9575 9574
f 9575 9576 9574
f 9577 9579 9578
f 9579 9580 9578
f 9581 9583 9582
f 9583 9584 9582
f 9585 9587 9586
f 9587 9588 9586
f 9589 9591 9590
f 9591 9592 9590
f 9593 9595 9594
f 9595 9596 9594
f 9597 9599 9598
f 9599 9600 9598
f 9601 9603 9602
f 9603 9604 9602
f 9605 9607 9606
f 9607 9608 9606
f 9609 9611 9610
f 9611 9612 9610
f 9613 9615 9614
f 9615 9616 9614
f 9617 9619 9618
f 9619 9620 9618
f 9621 9623 9622
f 9623 9624 9622
f 9625 9627 9626
f 9627 9628 9626
f 9629 9631 9630
f 9631 9632 9630
f 9633 9635 9634
f 9635 9636 9634
f 9637 9639 9638
f 9639 9640 9638
f 9641 9643 9642
f 9643 9644 9642
f 9645 9647 9646
f 9647 9648 9646
f 9649 9651 9650
f 9651 9652 9650
f 9653 9655 9654
f 9655 9656 9654
f 9657 9659 9658
f 9659 9660 9658
f 9661 9663 9662
f 9663 9664 9662
f 9665 9667 9666
f 9667 9668 9666
f 9669 9671 9670
f 9671 9672 9670
f 9673 9675 9674
f 9675 9676 9674
f 9677 9679 9678
f 9679 9680 9678
f 9681 9683 9682
f 9683 9684 9682
f 9685 9687 9686
f 9687 9688 9686
f 9689 9691 9690
f 9691 9692 9690
f 9693 9695 9694
f 9695 9696 9694
f 9697 9699 9698
f 9699 9700 9698
f 9701 9703 9702
f 9703 9704 9702
f 9705 9707 9706
f 9707 9708 9706
f 9709 9711 9710
f 9711 9712 9710
f 9713 9715 9714
f 9715 9716 9714
f 9717 9719 9718
f 9719 9720 9718
f 9721 9723 9722
f 9723 9724 9722
f 9725 9727 9726
f 9727 9728 9726
f 9729 9731 9730
f 9731 9732 9730
f 9733 9735 9734
f 9735 9736 9734
f 9737 9739 9738
f 9739 9740 9738
f 9741 9743 9742
f 9743 9744 9742
f 9745 9747 9746
f 9747 9748 9746
f 9749 9751 9750
f 9751 9752 9750
f 9753 9755 9754
f 9755 9756 9754
f 9757 9759 9758
f 9759 9760 9758
f 9761 9763 9762
f 9763 9764 9762
f 9765 9767 9766
f 9767 9768 9766
f 9769 9771 9770
f 9771 9772 9770
f 9773 9775 9774
f 9775 9776 9774
f 9777 9779 9778
f 9779 9780 9778
f 9781 9783 9782
f 9783 9784 9782
f 9785 9787 9786
f 9787 9788 9786
f 9789 9791 9790
f 9791 9792 9790
f 9793 9795 9794
f 9795 9796 9794
f 9797 9799 9798
f 9799 9800 9798
f 9801 9803 9802
f 9803 9804 9802
f 9805 9807 9806
f 9807 9808 9806
f 9809 9811 9810
f 9811 9812 9810
f 9813 9815 9814
f 9815 9816 9814
f 9817 9819 9818
f 9819 9820 9818
f 9821 9823 9822
f 9823 9824 9822
f 9825 9827 9826
f 9827 9828 9826
f 9829 9831 9830
f 9831 9832 9830
f 9833 9835 9834
f 9835 9836 9834
f 9837 9839 9838
f 9839 9840 9838
f 9841 9843 9842
f 9843 9844 9842
f 9845 9847 9846
f 9847 9848 9846
f 9849 9851 9850
f 9851 9852 9850
f 9853 9855 9854
f 9855 9856 9854
f 9857 9859 9858
f 9859 9860 9858
f 9861 9863 9862
f 9863 9864 9862
f 9865 9867 9866
f 9867 9868 9866
f 9869 9871 9870
f 9871 9872 9870
f 9873 9875 9874
f 9875 9876 9874
f 9877 9879 9878
f 9879 9880 9878
f 9881 9883 9882
f 9883 9884 9882
f 9885 9887 9886
f 9887 9888 9886
f 9889 9891 9890
f 9891 9892 9890
f 9893 9895 9894
f 9895 9896 9894
f 9897 9899 9898
f 9899 9900 9898
f 9901 9903 9902
f 9903 9904 9902
f 9905 9907 9906
f 9907 9908 9906
f 9909 9911 9910
f 9911 9912 9910
f 9913 9915 9914
f 9915 9916 9914
f 9917 9919 9918
f 9919 9920 9918
f 9921 9923 9922
f 9923 9924 9922
f 9925 9927 9926
f 9927 9928 9926
f 9929 9931 9930
f 9931 9932 9930
f 9933 9935 9934
f 9935 9936 9934
f 9937 9939 9938
f 9939 9940 9938
f 9941 9943 9942
f 9943 9944 9942
f 9945 9947 9946
f 9947 9948 9946
f 9949 9951 9950
f 9951 9952 9950
f 9953 9955 9954
f 9955 9956 9954
f 9957 9959 9958
f 9959 9960 9958
f 9961 9963 9962
f 9963 9964 9962
f 9965 9967 9966
f 9967 9968 9966
f 9969 9971 9970
f 9971 9972 9970
f 9973 9975 9974
f 9975 9976 9974
f 9977 9979 9978
f 9979 9980 9978
f 9981 9983 9982
f 9983 9984 9982
f 9985 9987 9986
f 9987 9988 9986
f 9989 9991 9990
f 9991 9992 9990
f 9993 9995 9994
f 9995 9996 9994
f 9997 9999 9998
f 9999 10000 9998
f 10001 10003 10002
f 10003 10004 10002
f 10005 10007 10006
f 10007 10008 10006
f 10009 10011 10010
f 10011 10012 10010
f 10013 10015 10014
f 10015 10016 10014
f 10017 10019 10018
f 10019 10020 10018
f 10021 10023 10022
f 10023 10024 10022
f 10025 10027 10026
f 10027 10028 10026
f 10029 10031 10030
f 10031 10032 10030
f 10033 10035 10034
f 10035 10036 10034
f 10037 10039 10038
f 10039 10040 10038
f 10041 10043 10042
f 10043 10044 10042
f 10045 10047 10046
f 10047 10048 10046
f 10049 10051 10050
f 10051 10052 10050
f 10053 10055 10054
f 10055 10056 10054
f 10057 10059 10058
f 10059 10060 10058
f 10061 10063 10062
f 10063 10064 10062
f 10065 10067 10066
f 10067 10068 10066
f 10069 10071 10070
f 10071 10072 10070
f 10073 10075 10074
f 10075 10076 10074
f 10077 10079 10078
f 10079 10080 10078
f 10081 10083 10082
f 10083 10084 10082
f 10085 10087 10086
f 10087 10088 10086
f 10089 10091 10090
f 10091 10092 10090
f 10093 10095 10094
f 10095 10096 10094
f 10097 10099 10098
f 10099 10100 10098
f 10101 10103 10102
f 10103 10104 10102
f 10105 10107 10106
f 10107 10108 10106
f 10109 10111 10110
f 10111 10112 10110
f 10113 10115 10114
f 10115 10116 10114
f 10117 10119 10118
f 10119 10120 10118
f 10121 10123 10122
f 10123 10124 10122
f 10125 10127 10126
f 10127 10128 10126
f 10129 10131 10130
f 10131 10132 10130
f 10133 10135 10134
f 10135 10136 10134
f 10137 10139 10138
f 10139 10140 10138
f 10141 10143 10142
f 10143 10144 10142
f 10145 10147 10146
f 10147 10148 10146
f 10149 10151 10150
f 10151 10152 10150
f 10153 10155 10154
f 10155 10156 10154
f 10157 10159 10158
f 10159 10160 10158
f 10161 10163 10162
f 10163 10164 10162
f 10165 10167 10166
f 10167 10168 10166
f 10169 10171 10170
f 10171 10172 10170
f 10173 10175 10174
f 10175 10176 10174
f 10177 10179 10178
f 10179 10180 10178
f 10181 10183 10182
f 10183 10184 10182
f 10185 10187 10186
f 10187 10188 10186
f 10189 10191 10190
f 10191 10192 10190
f 10193 10195 10194
f 10195 10196 10194
f 10197 10199 10198
f 10199 10200 10198
f 10201 10203 10202
f 10203 10204 10202
f 10205 10207 10206
f 10207 10208 10206
f 10209 10211 10210
f 10211 10212 10210
f 10213 10215 10214
f 10215 10216 10214
f 10217 10219 10218
f 10219 10220 10218
f 10221 10223 10222
f 10223 10224 10222
f 10225 10227 10226
f 10227 10228 10226
f 10229 10231 10230
f 10231 10232 10230
f 10233 10235 10234
f 10235 10236 10234
f 10237 10239 10238
f 10239 10240 10238
f 10241 10243 10242
f 10243 10244 10242
f 10245 10247 10246
f 10247 10248 10246
f 10249 10251 10250
f 10251 10252 10250
f 10253 10255 10254
f 10255 10256 10254
f 10257 10259 10258
f 10259 10260 10258
f 10261 10263 10262
f 10263 10264 10262
f 10265 10267 10266
f 10267 10268 10266
f 10269 10271 10270
f 10271 10272 10270
f 10273 10275 10274
f 10275 10276 10274
f 10277 10279 10278
f 10279 10280 10278
f 10281 10283 10282
f 10283 10284 10282
f 10285 10287 10286
f 10287 10288 10286
f 10289 10291 10290
f 10291 10292 10290
f 10293 10295 10294
f 10295 10296 10294
f 10297 10299 10298
f 10299 10300 10298
f 10301 10303 10302
f 10303 10304 10302
f 10305 10307 10306
f 10307 10308 10306
f 10309 10311 10310
f 10311 10312 10310
f 10313 10315 10314
f 10315 10316 10314
f 10317 10319 10318
f 10319 10320 10318
f 10321 10323 10322
f 10323 10324 10322
f 10325 10327 10326
f 10327 10328 10326
f 10329 10331 10330
f 10331 10332 10330
f 10333 10335 10334
f 10335 10336 10334
f 10337 10339 10338
f 10339 10340 10338
f 10341 10343 10342
f 10343 10344 10342
f 10345 10347 10346
f 10347 10348 10346
f 10349 10351 10350
f 10351 10352 10350
f 10353 10355 10354
f 10355 10356 10354
f 10357 10359 10358
f 10359 10360 10358
f 10361 10363 10362
f 10363 10364 10362
f 10365 10367 10366
f 10367 10368 10366
f 10369 10371 10370
f 10371 10372 10370
f 10373 10375 10374
f 10375 10376 10374
f 10377 10379 10378
f 10379 10380 10378
f 10381 10383 10382
f 10383 10384 10382
f 10385 10387 10386
f 10387 10388 10386
f 10389 10391 10390
f 10391 10392 10390
f 10393 10395 10394
f 10395 10396 10394
f 10397 10399 10398
f 10399 10400 10398
f 10401 10403 10402
f 10403 10404 10402
f 10405 10407 10406
f 10407 10408 10406
f 10409 10411 10410
f 10411 10412 10410
f 10413 10415 10414
f 10415 10416 10414
f 10417 10419 10418
f 10419 10420 10418
f 10421 10423 10422
f 10423 10424 10422
f 10425 10427 10426
f 10427 10428 10426
f 10429 10431 10430
f 10431 10432 10430
f 10433 10435 10434
f 10435 10436 10434
f 10437 10439 10438
f 10439 10440 10438
f 10441 10443 10442
f 10443 10444 10442
f 10445 10447 10446
f 10447 10448 10446
f 10449 10451 10450
f 10451 10452 10450
f 10453 10455 10454
f 10455 10456 10454
f 10457 10459 10458
f 10459 10460 10458
f 10461 10463 10462
f 10463 10464 10462
f 10465 10467 10466
f 10467 10468 10466
f 10469 10471 10470
f 10471 10472 10470
f 10473 10475 10474
f 10475 10476 10474
f 10477 10479 10478
f 10479 10480 10478
f 10481 10483 10482
f 10483 10484 10482
f 10485 10487 10486
f 10487 10488 10486
f 10489 10491 10490
f 10491 10492 10490
f 10493 10495 10494
f 10495 10496 10494
f 10497 10499 10498
f 10499 10500 10498
f 10501 10503 10502
f 10503 10504 10502
f 10505 10507 10506
f 10507 10508 10506
f 10509 10511 10510
f 10511 10512 10510
f 10513 10515 10514
f 10515 10516 10514
f 10517 10519 10518
f 10519 10520 10518
f 10521 10523 10522
f 10523 10524 10522
f 10525 10527 10526
f 10527 10528 10526
f 10529 10531 10530
f 10531 10532 10530
f 10533 10535 10534
f 10535 10536 10534
f 10537 10539 10538
f 10539 10540 10538
f 10541 10543 10542
f 10543 10544 10542
f 10545 10547 10546
f 10547 10548 10546
f 10549 10551 10550
f 10551 10552 10550
f 10553 10555 10554
f 10555 10556 10554
f 10557 10559 10558
f 10559 10560 10558
f 10561 10563 10562
f 10563 10564 10562
f 10565 10567 10566
f 10567 10568 10566
f 10569 10571 10570
f 10571 10572 10570
f 10573 10575 10574
f 10575 10576 10574
f 10577 10579 10578
f 10579 10580 10578
f 10581 10583 10582
f 10583 10584 10582
f 10585 10587 10586
f 10587 10588 10586
f 10589 10591 10590
f 10591 10592 10590
f 10593 10595 10594
f 10595 10596 10594
f 10597 10599 10598
f 10599 10600 10598
f 10601 10603 10602
f 10603 10604 10602
f 10605 10607 10606
f 10607 10608 10606
f 10609 10611 10610
f 10611 10612 10610
f 10613 10615 10614
f 10615 10616 10614
f 10617 10619 10618
f 10619 10620 10618
f 10621 10623 10622
f 10623 10624 10622
f 10625 10627 10626
f 10627 10628 10626
f 10629 10631 10630
f 10631 10632 10630
f 10633 10635 10634
f 10635 10636 10634
f 10637 10639 10638
f 10639 10640 10638
f 10641 10643 10642
f 10643 10644 10642
f 10645 10647 10646
f 10647 10648 10646
f 10649 10651 10650
f 10651 10652 10650
f 10653 10655 10654
f 10655 10656 10654
f 10657 10659 10658
f 10659 10660 10658
f 10661 10663 10662
f 10663 10664 10662
f 10665 10667 10666
f 10667 10668 10666
f 10669 10671 10670
f 10671 10672 10670
f 10673 10675 10674
f 10675 10676 10674
f 10677 10679 10678
f 10679 10680 10678
f 10681 10683 10682
f 10683 10684 10682
f 10685 10687 10686
f 10687 10688 10686
f 10689 10691 10690
f 10691 10692 10690
f 10693 10695 10694
f 10695 10696 10694
f 10697 10699 10698
f 10699 10700 10698
f 10701 10703 10702
f 10703 10704 10702
f 10705 10707 10706
f 10707 10708 10706
f 10709 10711 10710
f 10711 10712 10710
f 10713 10715 10714
f 10715 10716 10714
f 10717 10719 10718
f 10719 10720 10718
f 10721 10723 10722
f 10723 10724 10722
f 10725 10727 10726
f 10727 10728 10726
f 10729 10731 10730
f 10731 10732 10730
f 10733 10735 10734
f 10735 10736 10734
f 10737 10739 10738
f 10739 10740 10738
f 10741 10743 10742
f 10743 10744 10742
f 10745 10747 10746
f 10747 10748 10746
f 10749 10751 10750
f 10751 10752 10750
f 10753 10755 10754
f 10755 10756 10754
f 10757 10759 10758
f 10759 10760 10758
f 10761 10763 10762
f 10763 10764 10762
f 10765 10767 10766
f 10767 10768 10766
f 10769 10771 10770
f 10771 10772 10770
f 10773 10775 10774
f 10775 10776 10774
f 10777 10779 10778
f 10779 10780 10778
f 10781 10783 10782
f 10783 10784 10782
f 10785 10787 10786
f 10787 10788 10786
f 10789 10791 10790
f 10791 10792 10790
f 10793 10795 10794
f 10795 10796 10794
f 10797 10799 10798
f 10799 10800 10798
f 10801 10803 10802
f 10803 10804 10802
f 10805 10807 10806
f 10807 10808 10806
f 10809 10811 10810
f 10811 10812 10810
f 10813 10815 10814
f 10815 10816 10814
f 10817 10819 10818
f 10819 10820 10818
f 10821 10823 10822
f 10823 10824 10822
f 10825 10827 10826
f 10827 10828 10826
f 10829 10831 10830
f 10831 10832 10830
f 10833 10835 10834
f 10835 10836 10834
f 10837 10839 10838
f 10839 10840 10838
f 10841 10843 10842
f 10843 10844 10842
f 10845 10847 10846
f 10847 10848 10846
f 10849 10851 10850
f 10851 10852 10850
f 10853 10855 10854
f 10855 10856 10854
f 10857 10859 10858
f 10859 10860 10858
f 10861 10863 10862
f 10863 10864 10862
f 10865 10867 10866
f 10867 10868 10866
f 10869 10871 10870
f 10871 10872 10870
f 10873 10875 10874
f 10875 10876 10874
f 10877 10879 10878
f 10879 10880 10878
f 10881 10883 10882
f 10883 10884 10882
f 10885 10887 10886
f 10887 10888 10886
f 10889 10891 10890
f 10891 10892 10890
f 10893 10895 10894
f 10895 10896 10894
f 10897 10899 10898
f 10899 10900 10898
f 10901 10903 10902
f 10903 10904 10902
f 10905 10907 10906
f 10907 10908 10906
f 10909 10911 10910
f 10911 10912 10910
f 10913 10915 10914
f 10915 10916 10914
f 10917 10919 10918
f 10919 10920 10918
f 10921 10923 10922
f 10923 10924 10922
f 10925 10927 10926
f 10927 10928 10926
f 10929 10931 10930
f 10931 10932 10930
f 10933 10935 10934
f 10935 10936 10934
f 10937 10939 10938
f 10939 10940 10938
f 10941 10943 10942
f 10943 10944 10942
f 10945 10947 10946
f 10947 10948 10946
f 10949 10951 10950
f 10951 10952 10950
f 10953 10955 10954
f 10955 10956 10954
f 10957 10959 10958
f 10959 10960 10958
f 10961 10963 10962
f 10963 10964 10962
f 10965 10967 10966
f 10967 10968 10966
f 10969 10971 10970
f 10971 10972 10970
f 10973 10975 10974
f 10975 10976 10974
f 10977 10979 10978
f 10979 10980 10978
f 10981 10983 10982
f 10983 10984 10982
f 10985 10987 10986
f 10987 10988 10986
f 10989 10991 10990
f 10991 10992 10990
f 10993 10995 10994
f 10995 10996 10994
f 10997 10999 10998
f 10999 11000 10998
f 11001 11003 11002
f 11003 11004 11002
f 11005 11007 11006
f 11007 11008 11006
f 11009 11011 11010
f 11011 11012 11010
f 11013 11015 11014
f 11015 11016 11014
f 11017 11019 11018
f 11019 11020 11018
f 11021 11023 11022
f 11023 11024 11022
f 11025 11027 11026
f 11027 11028 11026
f 11029 11031 11030
f 11031 11032 11030
f 11033 11035 11034
f 11035 11036 11034
f 11037 11039 11038
f 11039 11040 11038
f 11041 11043 11042
f 11043 11044 11042
f 11045 11047 11046
f 11047 11048 11046
f 11049 11051 11050
f 11051 11052 11050
f 11053 11055 11054
f 11055 11056 11054
f 11057 11059 11058
f 11059 11060 11058
f 11061 11063 11062
f 11063 11064 11062
f 11065 11067 11066
f 11067 11068 11066
f 11069 11071 11070
f 11071 11072 11070
f 11073 11075 11074
f 11075 11076 11074
f 11077 11079 11078
f 11079 11080 11078
f 11081 11083 11082
f 11083 11084 11082
f 11085 11087 11086
f 11087 11088 11086
f 11089 11091 11090
f 11091 11092 11090
f 11093 11095 11094
f 11095 11096 11094
f 11097 11099 11098
f 11099 11100 11098
f 11101 11103 11102
f 11103 11104 11102
f 11105 11107 11106
f 11107 11108 11106
f 11109 11111 11110
f 11111 11112 11110
f 11113 11115 11114
f 11115 11116 11114
f 11117 11119 11118
f 11119 11120 11118
f 11121 11123 11122
f 11123 11124 11122
f 11125 11127 11126
f 11127 11128 11126
f 11129 11131 11130
f 11131 11132 11130
f 11133 11135 11134
f 11135 11136 11134
f 11137 11139 11138
f 11139 11140 11138
f 11141 11143 11142
f 11143 11144 11142
f 11145 11147 11146
f 11147 11148 11146
f 11149 11151 11150
f 11151 11152 11150
f 11153 11155 11154
f 11155 11156 11154
f 11157 11159 11158
f 11159 11160 11158
f 11161 11163 11162
f 11163 11164 11162
f 11165 11167 11166
f 11167 11168 11166
f 11169 11171 11170
f 11171 11172 11170
f 11173 11175 11174
f 11175 11176 11174
f 11177 11179 11178
f 11179 11180 11178
f 11181 11183 11182
f 11183 11184 11182
f 11185 11187 11186
f 11187 11188 11186
f 11189 11191 11190
f 11191 11192 11190
f 11193 11195 11194
f 11195 11196 11194
f 11197 11199 11198
f 11199 11200 11198
f 11201 11203 11202
f 11203 11204 11202
f 11205 11207 11206
f 11207 11208 11206
f 11209 11211 11210
f 11211 11212 11210
f 11213 11215 11214
f 11215 11216 11214
f 11217 11219 11218
f 11219 11220 11218
f 11221 11223 11222
f 11223 11224 11222
f 11225 11227 11226
f 11227 11228 11226
f 11229 11231 11230
f 11231 11232 11230
f 11233 11235 11234
f 11235 11236 11234
f 11237 11239 11238
f 11239 11240 11238
f 11241 11243 11242
f 11243 11244 11242
f 11245 11247 11246
f 11247 11248 11246
f 11249 11251 11250
f 11251 11252 11250
f 11253 11255 11254
f 11255 11256 11254
f 11257 11259 11258
f 11259 11260 11258
f 11261 11263 11262
f 11263 11264 11262
f 11265 11267 11266
f 11267 11268 11266
f 11269 11271 11270
f 11271 11272 11270
f 11273 11275 11274
f 11275 11276 11274
f 11277 11279 11278
f 11279 11280 11278
f 11281 11283 11282
f 11283 11284 11282
f 11285 11287 11286
f 11287 11288 11286
f 11289 11291 11290
f 11291 11292 11290
f 11293 11295 11294
f 11295 11296 11294
f 11297 11299 11298
f 11299 11300 11298
f 11301 11303 11302
f 11303 11304 11302
f 11305 11307 11306
f 11307 11308 11306
f 11309 11311 11310
f 11311 11312 11310
f 11313 11315 11314
f 11315 11316 11314
f 11317 11319 11318
f 11319 11320 11318
f 11321 11323 11322
f 11323 11324 11322
f 11325 11327 11326
f 11327 11328 11326
f 11329 11331 11330
f 11331 11332 11330
f 11333 11335 11334
f 11335 11336 11334
f 11337 11339 11338
f 11339 11340 11338
f 11341 11343 11342
f 11343 11344 11342
f 11345 11347 11346
f 11347 11348 11346
f 11349 11351 11350
f 11351 11352 11350
f 11353 11355 11354
f 11355 11356 11354
f 11357 11359 11358
f 11359 11360 11358
f 11361 11363 11362
f 11363 11364 11362
f 11365 11367 11366
f 11367 11368 11366
f 11369 11371 11370
f 11371 11372 11370
f 11373 11375 11374
f 11375 11376 11374
f 11377 11379 11378
f 11379 11380 11378
f 11381 11383 11382
f 11383 11384 11382
f 11385 11387 11386
f 11387 11388 11386
f 11389 11391 11390
f 11391 11392 11390
f 11393 11395 11394
f 11395 11396 11394
f 11397 11399 11398
f 11399 11400 11398
f 11401 11403 11402
f 11403 11404 11402
f 11405 11407 11406
f 11407 11408 11406
f 11409 11411 11410
f 11411 11412 11410
f 11413 11415 11414
f 11415 11416 11414
f 11417 11419 11418
f 11419 11420 11418
f 11421 11423 11422
f 11423 11424 11422
f 11425 11427 11426
f 11427 11428 11426
f 11429 11431 11430
f 11431 11432 11430
f 11433 11435 11434
f 11435 11436 11434
f 11437 11439 11438
f 11439 11440 11438
f 11441 11443 11442
f 11443 11444 11442
f 11445 11447 11446
f 11447 11448 11446
f 11449 11451 11450
f 11451 11452 11450
f 11453 11455 11454
f 11455 11456 11454
f 11457 11459 11458
f 11459 11460 11458
f 11461 11463 11462
f 11463 11464 11462
f 11465 11467 11466
f 11467 11468 11466
f 11469 11471 11470
f 11471 11472 11470
f 11473 11475 11474
f 11475 11476 11474
f 11477 11479 11478
f 11479 11480 11478
f 11481 11483 11482
f 11483 11484 11482
f 11485 11487 11486
f 11487 11488 11486
f 11489 11491 11490
f 11491 11492 11490
f 11493 11495 11494
f 11495 11496 11494
f 11497 11499 11498
f 11499 11500 11498
f 11501 11503 11502
f 11503 11504 11502
f 11505 11507 11506
f 11507 11508 11506
f 11509 11511 11510
f 11511 11512 11510
f 11513 11515 11514
f 11515 11516 11514
f 11517 11519 11518
f 11519 11520 11518
f 11521 11523 11522
f 11523 11524 11522
f 11525 11527 11526
f 11527 11528 11526
f 11529 11531 11530
f 11531 11532 11530
f 11533 11535 11534
f 11535 11536 11534
f 11537 11539 11538
f 11539 11540 11538
f 11541 11543 11542
f 11543 11544 11542
f 11545 11547 11546
f 11547 11548 11546
f 11549 11551 11550
f 11551 11552 11550
f 11553 11555 11554
f 11555 11556 11554
f 11557 11559 11558
f 11559 11560 11558
f 11561 11563 11562
f 11563 11564 11562
f 11565 11567 11566
f 11567 11568 11566
f 11569 11571 11570
f 11571 11572 11570
f 11573 11575 11574
f 11575 11576 11574
f 11577 11579 11578
f 11579 11580 11578
f 11581 11583 11582
f 11583 11584 11582
f 11585 11587 11586
f 11587 11588 11586
f 11589 11591 11590
f 11591 11592 11590
f 11593 11595 11594
f 11595 11596 11594
f 11597 11599 11598
f 11599 11600 11598
f 11601 11603 11602
f 11603 11604 11602
f 11605 11607 11606
f 11607 11608 11606
f 11609 11611 11610
f 11611 11612 11610
f 11613 11615 11614
f 11615 11616 11614
f 11617 11619 11618
f 11619 11620 11618
f 11621 11623 11622
f 11623 11624 11622
f 11625 11627 11626
f 11627 11628 11626
f 11629 11631 11630
f 11631 11632 11630
f 11633 11635 11634
f 11635 11636 11634
f 11637 11639 11638
f 11639 11640 11638
f 11641 11643 11642
f 11643 11644 11642
f 11645 11647 11646
f 11647 11648 11646
f 11649 11651 11650
f 11651 11652 11650
f 11653 11655 11654
f 11655 11656 11654
f 11657 11659 11658
f 11659 11660 11658
f 11661 11663 11662
f 11663 11664 11662
f 11665 11667 11666
f 11667 11668 11666
f 11669 11671 11670
f 11671 11672 11670
f 11673 11675 11674
f 11675 11676 11674
f 11677 11679 11678
f 11679 11680 11678
f 11681 11683 11682
f 11683 11684 11682
f 11685 11687 11686
f 11687 11688 11686
f 11689 11691 11690
f 11691 11692 11690
f 11693 11695 11694
f 11695 11696 11694
f 11697 11699 11698
f 11699 11700 11698
f 11701 11703 11702
f 11703 11704 11702
f 11705 11707 11706
f 11707 11708 11706
f 11709 11711 11710
f 11711 11712 11710
f 11713 11715 11714
f 11715 11716 11714
f 11717 11719 11718
f 11719 11720 11718
f 11721 11723 11722
f 11723 11724 11722
f 11725 11727 11726
f 11727 11728 11726
f 11729 11731 11730
f 11731 11732 11730
f 11733 11735 11734
f 11735 11736 11734
f 11737 11739 11738
f 11739 11740 11738
f 11741 11743 11742
f 11743 11744 11742
f 11745 11747 11746
f 11747 11748 11746
f 11749 11751 11750
f 11751 11752 11750
f 11753 11755 11754
f 11755 11756 11754
f 11757 11759 11758
f 11759 11760 11758
f 11761 11763 11762
f 11763 11764 11762
f 11765 11767 11766
f 11767 11768 11766
f 11769 11771 11770
f 11771 11772 11770
f 11773 11775 11774
f 11775 11776 11774
f 11777 11779 11778
f 11779 11780 11778
f 11781 11783 11782
f 11783 11784 11782
f 11785 11787 11786
f 11787 11788 11786
f 11789 11791 11790
f 11791 11792 11790
f 11793 11795 11794
f 11795 11796 11794
f 11797 11799 11798
f 11799 11800 11798
f 11801 11803 11802
f 11803 11804 11802
f 11805 11807 11806
f 11807 11808 11806
f 11809 11811 11810
f 11811 11812 11810
f 11813 11815 11814
f 11815 11816 11814
f 11817 11819 11818
f 11819 11820 11818
f 11821 11823 11822
f 11823 11824 11822
f 11825 11827 11826
f 11827 11828 11826
f 11829 11831 11830
f 11831 11832 11830
f 11833 11835 11834
f 11835 11836 11834
f 11837 11839 11838
f 11839 11840 11838
f 11841 11843 11842
f 11843 11844 11842
f 11845 11847 11846
f 11847 11848 11846
f 11849 11851 11850
f 11851 11852 11850
f 11853 11855 11854
f 11855 11856 11854
f 11857 11859 11858
f 11859 11860 11858
f 11861 11863 11862
f 11863 11864 11862
f 11865 11867 11866
f 11867 11868 11866
f 11869 11871 11870
f 11871 11872 11870
f 11873 11875 11874
f 11875 11876 11874
f 11877 11879 11878
f 11879 11880 11878
f 11881 11883 11882
f 11883 11884 11882
f 11885 11887 11886
f 11887 11888 11886
f 11889 11891 11890
f 11891 11892 11890
f 11893 11895 11894
f 11895 11896 11894
f 11897 11899 11898
f 11899 11900 11898
f 11901 11903 11902
f 11903 11904 11902
f 11905 11907 11906
f 11907 11908 11906
f 11909 11911 11910
f 11911 11912 11910
f 11913 11915 11914
f 11915 11916 11914
f 11917 11919 11918
f 11919 11920 11918
f 11921 11923 11922
f 11923 11924 11922
f 11925 11927 11926
f 11927 11928 11926
f 11929 11931 11930
f 11931 11932 11930
f 11933 11935 11934
f 11935 11936 11934
f 11937 11939 11938
f 11939 11940 11938
f 11941 11943 11942
f 11943 11944 11942
f 11945 11947 11946
f 11947 11948 11946
f 11949 11951 11950
f 11951 11952 11950
f 11953 11955 11954
f 11955 11956 11954
f 11957 11959 11958
f 11959 11960 11958
f 11961 11963 11962
f 11963 11964 11962
f 11965 11967 11966
f 11967 11968 11966
f 11969 11971 11970
f 11971 11972 11970
f 11973 11975 11974
f 11975 11976 11974
f 11977 11979 11978
f 11979 11980 11978
f 11981 11983 11982
f 11983 11984 11982
f 11985 11987 11986
f 11987 11988 11986
f 11989 11991 11990
f 11991 11992 11990
f 11993 11995 11994
f 11995 11996 11994
f 11997 11999 11998
f 11999 12000 11998
f 12001 12003 12002
f 12003 12004 12002
f 12005 12007 12006
f 12007 12008 12006
f 12009 12011 12010
f 12011 12012 12010
f 12013 12015 12014
f 12015 12016 12014
f 12017 12019 12018
f 12019 12020 12018
f 12021 12023 12022
f 12023 12024 12022
f 12025 12027 12026
f 12027 12028 12026
f 12029 12031 12030
f 12031 12032 12030
f 12033 12035 12034
f 12035 12036 12034
f 12037 12039 12038
f 12039 12040 12038
f 12041 12043 12042
f 12043 12044 12042
f 12045 12047 12046
f 12047 12048 12046
f 12049 12051 12050
f 12051 12052 12050
f 12053 12055 12054
f 12055 12056 12054
f 12057 12059 12058
f 12059 12060 12058
f 12061 12063 12062
f 12063 12064 12062
f 12065 12067 12066
f 12067 12068 12066
f 12069 12071 12070
f 12071 12072 12070
f 12073 12075 12074
f 12075 12076 12074
f 12077 12079 12078
f 12079 12080 12078
f 12081 12083 12082
f 12083 12084 12082
f 12085 12087 12086
f 12087 12088 12086
f 12089 12091 12090
f 12091 12092 12090
f 12093 12095 12094
f 12095 12096 12094
f 12097 12099 12098
f 12099 12100 12098
f 12101 12103 12102
f 12103 12104 12102
f 12105 12107 12106
f 12107 12108 12106
f 12109 12111 12110
f 12111 12112 12110
f 12113 12115 12114
f 12115 12116 12114
f 12117 12119 12118
f 12119 12120 12118
f 12121 12123 12122
f 12123 12124 12122
f 12125 12127 12126
f 12127 12128 12126
f 12129 12131 12130
f 12131 12132 12130
f 12133 12135 12134
f 12135 12136 12134
f 12137 12139 12138
f 12139 12140 12138
f 12141 12143 12142
f 12143 12144 12142
f 12145 12147 12146
f 12147 12148 12146
f 12149 12151 12150
f 12151 12152 12150
f 12153 12155 12154
f 12155 12156 12154
f 12157 12159 12158
f 12159 12160 12158
f 12161 12163 12162
f 12163 12164 12162
f 12165 12167 12166
f 12167 12168 12166
f 12169 12171 12170
f 12171 12172 12170
f 12173 12175 12174
f 12175 12176 12174
f 12177 12179 12178
f 12179 12180 12178
f 12181 12183 12182
f 12183 12184 12182
f 12185 12187 12186
f 12187 12188 12186
f 12189 12191 12190
f 12191 12192 12190
f 12193 12195 12194
f 12195 12196 12194
f 12197 12199 12198
f 12199 12200 12198
f 12201 12203 12202
f 12203 12204 12202
f 12205 12207 12206
f 12207 12208 12206
f 12209 12211 12210
f 12211 12212 12210
f 12213 12215 12214
f 12215 12216 12214
f 12217 12219 12218
f 12219 12220 12218
f 12221 12223 12222
f 12223 12224 12222
f 12225 12227 12226
f 12227 12228 12226
f 12229 12231 12230
f 12231 12232 12230
f 12233 12235 12234
f 12235 12236 12234
f 12237 12239 12238
f 12239 12240 12238
f 12241 12243 12242
f 12243 12244 12242
f 12245 12247 12246
f 12247 12248 12246
f 12249 12251 12250
f 12251 12252 12250
f 12253 12255 12254
f 12255 12256 12254
f 12257 12259 12258
f 12259 12260 12258
f 12261 12263 12262
f 12263 12264 12262
f 12265 12267 12266
f 12267 12268 12266
f 12269 12271 12270
f 12271 12272 12270
f 12273 12275 12274
f 12275 12276 12274
f 12277 12279 12278
f 12279 12280 12278
f 12281 12283 12282
f 12283 12284 12282
f 12285 12287 12286
f 12287 12288 12286
f 12289 12291 12290
f 12291 12292 12290
f 12293 12295 12294
f 12295 12296 12294
f 12297 12299 12298
f 12299 12300 12298
f 12301 12303 12302
f 12303 12304 12302
f 12305 12307 12306
f 12307 12308 12306
f 12309 12311 12310
f 12311 12312 12310
f 12313 12315 12314
f 12315 12316 12314
f 12317 12319 12318
f 12319 12320 12318
f 12321 12323 12322
f 12323 12324 12322
f 12325 12327 12326
f 12327 12328 12326
f 12329 12331 12330
f 12331 12332 12330
f 12333 12335 12334
f 12335 12336 12334
f 12337 12339 12338
f 12339 12340 12338
f 12341 12343 12342
f 12343 12344 12342
f 12345 12347 12346
f 12347 12348 12346
f 12349 12351 12350
f 12351 12352 12350
f 12353 12355 12354
f 12355 12356 12354
f 12357 12359 12358
f 12359 12360 12358
f 12361 12363 12362
f 12363 12364 12362
f 12365 12367 12366
f 12367 12368 12366
f 12369 12371 12370
f 12371 12372 12370
f 12373 12375 12374
f 12375 12376 12374
f 12377 12379 12378
f 12379 12380 12378
f 12381 12383 12382
f 12383 12384 12382
f 12385 12387 12386
f 12387 12388 12386
f 12389 12391 12390
f 12391 12392 12390
f 12393 12395 12394
f 12395 12396 12394
f 12397 12399 12398
f 12399 12400 12398
f 12401 12403 12402
f 12403 12404 12402
f 12405 12407 12406
f 12407 12408 12406
f 12409 12411 12410
f 12411 12412 12410
f 12413 12415 12414
f 12415 12416 12414
f 12417 12419 12418
f 12419 12420 12418
f 12421 12423 12422
f 12423 12424 12422
f 12425 12427 12426
f 12427 12428 12426
f 12429 12431 12430
f 12431 12432 12430
f 12433 12435 12434
f 12435 12436 12434
f 12437 12439 12438
f 12439 12440 12438
f 12441 12443 12442
f 12443 12444 12442
f 12445 12447 12446
f 12447 12448 12446
f 12449 12451 12450
f 12451 12452 12450
f 12453 12455 12454
f 12455 12456 12454
f 12457 12459 12458
f 12459 12460 12458
f 12461 12463 12462
f 12463 12464 12462
f 12465 12467 12466
f 12467 12468 12466
f 12469 12471 12470
f 12471 12472 12470
f 12473 12475 12474
f 12475 12476 12474
f 12477 12479 12478
f 12479 12480 12478
f 12481 12483 12482
f 12483 12484 12482
f 12485 12487 12486
f 12487 12488 12486
f 12489 12491 12490
f 12491 12492 12490
f 12493 12495 12494
f 12495 12496 12494
f 12497 12499 12498
f 12499 12500 12498
f 12501 12503 12502
f 12503 12504 12502
f 12505 12507 12506
f 12507 12508 12506
f 12509 12511 12510
f 12511 12512 12510
f 12513 12515 12514
f 12515 12516 12514
f 12517 12519 12518
f 12519 12520 12518
f 12521 12523 12522
f 12523 12524 12522
f 12525 12527 12526
f 12527 12528 12526
f 12529 12531 12530
f 12531 12532 12530
f 12533 12535 12534
f 12535 12536 12534
f 12537 12539 12538
f 12539 12540 12538
f 12541 12543 12542
f 12543 12544 12542
f 12545 12547 12546
f 12547 12548 12546
f 12549 12551 12550
f 12551 12552 12550
f 12553 12555 12554
f 12555 12556 12554
f 12557 12559 12558
f 12559 12560 12558
f 12561 12563 12562
f 12563 12564 12562
f 12565 12567 12566
f 12567 12568 12566
f 12569 12571 12570
f 12571 12572 12570
f 12573 12575 12574
f 12575 12576 12574
f 12577 12579 12578
f 12579 12580 12578
f 12581 12583 12582
f 12583 12584 12582
f 12585 12587 12586
f 12587 12588 12586
f 12589 12591 12590
f 12591 12592 12590
f 12593 12595 12594
f 12595 12596 12594
f 12597 12599 12598
f 12599 12600 12598
f 12601 12603 12602
f 12603 12604 12602
f 12605 12607 12606
f 12607 12608 12606
f 12609 12611 12610
f 12611 12612 12610
f 12613 12615 12614
f 12615 12616 12614
f 12617 12619 12618
f 12619 12620 12618
f 12621 12623 12622
f 12623 12624 12622
f 12625 12627 12626
f 12627 12628 12626
f 12629 12631 12630
f 12631 12632 12630
f 12633 12635 12634
f 12635 12636 12634
f 12637 12639 12638
f 12639 12640 12638
f 12641 12643 12642
f 12643 12644 12642
f 12645 12647 12646
f 12647 12648 12646
f 12649 12651 12650
f 12651 12652 12650
f 12653 12655 12654
f 12655 12656 12654
f 12657 12659 12658
f 12659 12660 12658
f 12661 12663 12662
f 12663 12664 12662
f 12665 12667 12666
f 12667 12668 12666
f 12669 12671 12670
f 12671 12672 12670
f 12673 12675 12674
f 12675 12676 12674
f 12677 12679 12678
f 12679 12680 12678
f 12681 12683 12682
f 12683 12684 12682
f 12685 12687 12686
f 12687 12688 12686
f 12689 12691 12690
f 12691 12692 12690
f 12693 12695 12694
f 12695 12696 12694
f 12697 12699 12698
f 12699 12700 12698
f 12701 12703 12702
f 12703 12704 12702
f 12705 12707 12706
f 12707 12708 12706
f 12709 12711 12710
f 12711 12712 12710
f 12713 12715 12714
f 12715 12716 12714
f 12717 12719 12718
f 12719 12720 12718
f 12721 12723 12722
f 12723 12724 12722
f 12725 12727 12726
f 12727 12728 12726
f 12729 12731 12730
f 12731 12732 12730
f 12733 12735 12734
f 12735 12736 12734
f 12737 12739 12738
f 12739 12740 12738
f 12741 12743 12742
f 12743 12744 12742
f 12745 12747 12746
f 12747 12748 12746
f 12749 12751 12750
f 12751 12752 12750
f 12753 12755 12754
f 12755 12756 12754
f 12757 12759 12758
f 12759 12760 12758
f 12761 12763 12762
f 12763 12764 12762
f 12765 12767 12766
f 12767 12768 12766
f 12769 12771 12770
f 12771 12772 12770
f 12773 12775 12774
f 12775 12776 12774
f 12777 12779 12778
f 12779 12780 12778
f 12781 12783 12782
f 12783 12784 12782
f 12785 12787 12786
f 12787 12788 12786
f 12789 12791 12790
f 12791 12792 12790
f 12793 12795 12794
f 12795 12796 12794
f 12797 12799 12798
f 12799 12800 12798
f 12801 12803 12802
f 12803 12804 12802
f 12805 12807 12806
f 12807 12808 12806
f 12809 12811 12810
f 12811 12812 12810
f 12813 12815 12814
f 12815 12816 12814
f 12817 12819 12818
f 12819 12820 12818
f 12821 12823 12822
f 12823 12824 12822
f 12825 12827 12826
f 12827 12828 12826
f 12829 12831 12830
f 12831 12832 12830
f 12833 12835 12834
f 12835 12836 12834
f 12837 12839 12838
f 12839 12840 12838
f 12841 12843 12842
f 12843 12844 12842
f 12845 12847 12846
f 12847 12848 12846
f 12849 12851 12850
f 12851 12852 12850
f 12853 12855 12854
f 12855 12856 12854
f 12857 12859 12858
f 12859 12860 12858
f 12861 12863 12862
f 12863 12864 12862
f 12865 12867 12866
f 12867 12868 12866
f 12869 12871 12870
f 12871 12872 12870
f 12873 12875 12874
f 12875 12876 12874
f 12877 12879 12878
f 12879 12880 12878
f 12881 12883 12882
f 12883 12884 12882
f 12885 12887 12886
f 12887 12888 12886
f 12889 12891 12890
f 12891 12892 12890
f 12893 12895 12894
f 12895 12896 12894
f 12897 12899 12898
f 12899 12900 12898
f 12901 12903 12902
f 12903 12904 12902
f 12905 12907 12906
f 12907 12908 12906
f 12909 12911 12910
f 12911 12912 12910
f 12913 12915 12914
f 12915 12916 12914
f 12917 12919 12918
f 12919 12920 12918
f 12921 12923 12922
f 12923 12924 12922
f 12925 12927 12926
f 12927 12928 12926
f 12929 12931 12930
f 12931 12932 12930
f 12933 12935 12934
f 12935 12936 12934
f 12937 12939 12938
f 12939 12940 12938
f 12941 12943 12942
f 12943 12944 12942
f 12945 12947 12946
f 12947 12948 12946
f 12949 12951 12950
f 12951 12952 12950
f 12953 12955 12954
f 12955 12956 12954
f 12957 12959 12958
f 12959 12960 12958
f 12961 12963 12962
f 12963 12964 12962
f 12965 12967 12966
f 12967 12968 12966
f 12969 12971 12970
f 12971 12972 12970
f 12973 12975 12974
f 12975 12976 12974
f 12977 12979 12978
f 12979 12980 12978
f 12981 12983 12982
f 12983 12984 12982
f 12985 12987 12986
f 12987 12988 12986
f 12989 12991 12990
f 12991 12992 12990
f 12993 12995 12994
f 12995 12996 12994
f 12997 12999 12998
f 12999 13000 12998
f 13001 13003 13002
f 13003 13004 13002
f 13005 13007 13006
f 13007 13008 13006
f 13009 13011 13010
f 13011 13012 13010
f 13013 13015 13014
f 13015 13016 13014
f 13017 13019 13018
f 13019 13020 13018
f 13021 13023 13022
f 13023 13024 13022
f 13025 13027 13026
f 13027 13028 13026
f 13029 13031 13030
f 13031 13032 13030
f 13033 13035 13034
f 13035 13036 13034
f 13037 13039 13038
f 13039 13040 13038
f 13041 13043 13042
f 13043 13044 13042
f 13045 13047 13046
f 13047 13048 13046
f 13049 13051 13050
f 13051 13052 13050
f 13053 13055 13054
f 13055 13056 13054
f 13057 13059 13058
f 13059 13060 13058
f 13061 13063 13062
f 13063 13064 13062
f 13065 13067 13066
f 13067 13068 13066
f 13069 13071 13070
f 13071 13072 13070
f 13073 13075 13074
f 13075 13076 13074
f 13077 13079 13078
f 13079 13080 13078
f 13081 13083 13082
f 13083 13084 13082
f 13085 13087 13086
f 13087 13088 13086
f 13089 13091 13090
f 13091 13092 13090
f 13093 13095 13094
f 13095 13096 13094
f 13097 13099 13098
f 13099 13100 13098
f 13101 13103 13102
f 13103 13104 13102
f 13105 13107 13106
f 13107 13108 13106
f 13109 13111 13110
f 13111 13112 13110
f 13113 13115 13114
f 13115 13116 13114
f 13117 13119 13118
f 13119 13120 13118
f 13121 13123 13122
f 13123 13124 13122
f 13125 13127 13126
f 13127 13128 13126
f 13129 13131 13130
f 13131 13132 13130
f 13133 13135 13134
f 13135 13136 13134
f 13137 13139 13138
f 13139 13140 13138
f 13141 13143 13142
f 13143 13144 13142
f 13145 13147 13146
f 13147 13148 13146
f 13149 13151 13150
f 13151 13152 13150
f 13153 13155 13154
f 13155 13156 13154
f 13157 13159 13158
f 13159 13160 13158
f 13161 13163 13162
f 13163 13164 13162
f 13165 13167 13166
f 13167 13168 13166
f 13169 13171 13170
f 13171 13172 13170
f 13173 13175 13174
f 13175 13176 13174
f 13177 13179 13178
f 13179 13180 13178
f 13181 13183 13182
f 13183 13184 13182
f 13185 13187 13186
f 13187 13188 13186
f 13189 13191 13190
f 13191 13192 13190
f 13193 13195 13194
f 13195 13196 13194
f 13197 13199 13198
f 13199 13200 13198
f 13201 13203 13202
f 13203 13204 13202
f 13205 13207 13206
f 13207 13208 13206
f 13209 13211 13210
f 13211 13212 13210
f 13213 13215 13214
f 13215 13216 13214
f 13217 13219 13218
f 13219 13220 13218
f 13221 13223 13222
f 13223 13224 13222
f 13225 13227 13226
f 13227 13228 13226
f 13229 13231 13230
f 13231 13232 13230
f 13233 13235 13234
f 13235 13236 13234
f 13237 13239 13238
f 13239 13240 13238
f 13241 13243 13242
f 13243 13244 13242
f 13245 13247 13246
f 13247 13248 13246
f 13249 13251 13250
f 13251 13252 13250
f 13253 13255 13254
f 13255 13256 13254
f 13257 13259 13258
f 13259 13260 13258
f 13261 13263 13262
f 13263 13264 13262
f 13265 13267 13266
f 13267 13268 13266
f 13269 13271 13270
f 13271 13272 13270
f 13273 13275 13274
f 13275 13276 13274
f 13277 13279 13278
f 13279 13280 13278
f 13281 13283 13282
f 13283 13284 13282
f 13285 13287 13286
f 13287 13288 13286
f 13289 13291 13290
f 13291 13292 13290
f 13293 13295 13294
f 13295 13296 13294
f 13297 13299 13298
f 13299 13300 13298
f 13301 13303 13302
f 13303 13304 13302
f 13305 13307 13306
f 13307 13308 13306
f 13309 13311 13310
f 13311 13312 13310
f 13313 13315 13314
f 13315 13316 13314
f 13317 13319 13318
f 13319 13320 13318
f 13321 13323 13322
f 13323 13324 13322
f 13325 13327 13326
f 13327 13328 13326
f 13329 13331 13330
f 13331 13332 13330
f 13333 13335 13334
f 13335 13336 13334
f 13337 13339 13338
f 13339 13340 13338
f 13341 13343 13342
f 13343 13344 13342
f 13345 13347 13346
f 13347 13348 13346
f 13349 13351 13350
f 13351 13352 13350
f 13353 13355 13354
f 13355 13356 13354
f 13357 13359 13358
f 13359 13360 13358
f 13361 13363 13362
f 13363 13364 13362
f 13365 13367 13366
f 13367 13368 13366
f 13369 13371 13370
f 13371 13372 13370
f 13373 13375 13374
f 13375 13376 13374
f 13377 13379 13378
f 13379 13380 13378
f 13381 13383 13382
f 13383 13384 13382
f 13385 13387 13386
f 13387 13388 13386
f 13389 13391 13390
f 13391 13392 13390
f 13393 13395 13394
f 13395 13396 13394
f 13397 13399 13398
f 13399 13400 13398
f 13401 13403 13402
f 13403 13404 13402
f 13405 13407 13406
f 13407 13408 13406
f 13409 13411 13410
f 13411 13412 13410
f 13413 13415 13414
f 13415 13416 13414
f 13417 13419 13418
f 13419 13420 13418
f 13421 13423 13422
f 13423 13424 13422
f 13425 13427 13426
f 13427 13428 13426
f 13429 13431 13430
f 13431 13432 13430
f 13433 13435 13434
f 13435 13436 13434
f 13437 13439 13438
f 13439 13440 13438
f 13441 13443 13442
f 13443 13444 13442
f 13445 13447 13446
f 13447 13448 13446
f 13449 13451 13450
f 13451 13452 13450
f 13453 13455 13454
f 13455 13456 13454
f 13457 13459 13458
f 13459 13460 13458
f 13461 13463 13462
f 13463 13464 13462
f 13465 13467 13466
f 13467 13468 13466
f 13469 13471 13470
f 13471 13472 13470
f 13473 13475 13474
f 13475 13476 13474
f 13477 13479 13478
f 13479 13480 13478
f 13481 13483 13482
f 13483 13484 13482
f 13485 13487 13486
f 13487 13488 13486
f 13489 13491 13490
f 13491 13492 13490
f 13493 13495 13494
f 13495 13496 13494
f 13497 13499 13498
f 13499 13500 13498
f 13501 13503 13502
f 13503 13504 13502
f 13505 13507 13506
f 13507 13508 13506
f 13509 13511 13510
f 13511 13512 13510
f 13513 13515 13514
f 13515 13516 13514
f 13517 13519 13518
f 13519 13520 13518
f 13521 13523 13522
f 13523 13524 13522
f 13525 13527 13526
f 13527 13528 13526
f 13529 13531 13530
f 13531 13532 13530
f 13533 13535 13534
f 13535 13536 13534
f 13537 13539 13538
f 13539 13540 13538
f 13541 13543 13542
f 13543 13544 13542
f 13545 13547 13546
f 13547 13548 13546
f 13549 13551 13550
f 13551 13552 13550
f 13553 13555 13554
f 13555 13556 13554
f 13557 13559 13558
f 13559 13560 13558
f 13561 13563 13562
f 13563 13564 13562
f 13565 13567 13566
f 13567 13568 13566
f 13569 13571 13570
f 13571 13572 13570
f 13573 13575 13574
f 13575 13576 13574
f 13577 13579 13578
f 13579 13580 13578
f 13581 13583 13582
f 13583 13584 13582
f 13585 13587 13586
f 13587 13588 13586
f 13589 13591 13590
f 13591 13592 13590
f 13593 13595 13594
f 13595 13596 13594
f 13597 13599 13598
f 13599 13600 13598
f 13601 13603 13602
f 13603 13604 13602
f 13605 13607 13606
f 13607 13608 13606
f 13609 13611 13610
f 13611 13612 13610
f 13613 13615 13614
f 13615 13616 13614
f 13617 13619 13618
f 13619 13620 13618
f 13621 13623 13622
f 13623 13624 13622
f 13625 13627 13626
f 13627 13628 13626
f 13629 13631 13630
f 13631 13632 13630
f 13633 13635 13634
f 13635 13636 13634
f 13637 13639 13638
f 13639 13640 13638
f 13641 13643 13642
f 13643 13644 13642
f 13645 13647 13646
f 13647 13648 13646
f 13649 13651 13650
f 13651 13652 13650
f 13653 13655 13654
f 13655 13656 13654
f 13657 13659 13658
f 13659 13660 13658
f 13661 13663 13662
f 13663 13664 13662
f 13665 13667 13666
f 13667 13668 13666
f 13669 13671 13670
f 13671 13672 13670
f 13673 13675 13674
f 13675 13676 13674
f 13677 13679 13678
f 13679 13680 13678
f 13681 13683 13682
f 13683 13684 13682
f 13685 13687 13686
f 13687 13688 13686
f 13689 13691 13690
f 13691 13692 13690
f 13693 13695 13694
f 13695 13696 13694
f 13697 13699 13698
f 13699 13700 13698
f 13701 13703 13702
f 13703 13704 13702
f 13705 13707 13706
f 13707 13708 13706
f 13709 13711 13710
f 13711 13712 13710
f 13713 13715 13714
f 13715 13716 13714
f 13717 13719 13718
f 13719 13720 13718
f 13721 13723 13722
f 13723 13724 13722
f 13725 13727 13726
f 13727 13728 13726
f 13729 13731 13730
f 13731 13732 13730
f 13733 13735 13734
f 13735 13736 13734
f 13737 13739 13738
f 13739 13740 13738
f 13741 13743 13742
f 13743 13744 13742
f 13745 13747 13746
f 13747 13748 13746
f 13749 13751 13750
f 13751 13752 13750
f 13753 13755 13754
f 13755 13756 13754
f 13757 13759 13758
f 13759 13760 13758
f 13761 13763 13762
f 13763 13764 13762
f 13765 13767 13766
f 13767 13768 13766
f 13769 13771 13770
f 13771 13772 13770
f 13773 13775 13774
f 13775 13776 13774
f 13777 13779 13778
f 13779 13780 13778
f 13781 13783 13782
f 13783 13784 13782
f 13785 13787 13786
f 13787 13788 13786
f 13789 13791 13790
f 13791 13792 13790
f 13793 13795 13794
f 13795 13796 13794
f 13797 13799 13798
f 13799 13800 13798
f 13801 13803 13802
f 13803 13804 13802
f 13805 13807 13806
f 13807 13808 13806
f 13809 13811 13810
f 13811 13812 13810
f 13813 13815 13814
f 13815 13816 13814
f 13817 13819 13818
f 13819 13820 13818
f 13821 13823 13822
f 13823 13824 13822
f 13825 13827 13826
f 13827 13828 13826
f 13829 13831 13830
f 13831 13832 13830
f 13833 13835 13834
f 13835 13836 13834
f 13837 13839 13838
f 13839 13840 13838
f 13841 13843 13842
f 13843 13844 13842
f 13845 13847 13846
f 13847 13848 13846
f 13849 13851 13850
f 13851 13852 13850
f 13853 13855 13854
f 13855 13856 13854
f 13857 13859 13858
f 13859 13860 13858
f 13861 13863 13862
f 13863 13864 13862
f 13865 13867 13866
f 13867 13868 13866
f 13869 13871 13870
f 13871 13872 13870
f 13873 13875 13874
f 13875 13876 13874
f 13877 13879 13878
f 13879 13880 13878
f 13881 13883 13882
f 13883 13884 13882
f 13885 13887 13886
f 13887 13888 13886
f 13889 13891 13890
f 13891 13892 13890
f 13893 13895 13894
f 13895 13896 13894
f 13897 13899 13898
f 13899 13900 13898
f 13901 13903 13902
f 13903 13904 13902
f 13905 13907 13906
f 13907 13908 13906
f 13909 13911 13910
f 13911 13912 13910
f 13913 13915 13914
f 13915 13916 13914
f 13917 13919 13918
f 13919 13920 13918
f 13921 13923 13922
f 13923 13924 13922
f 13925 13927 13926
f 13927 13928 13926
f 13929 13931 13930
f 13931 13932 13930
f 13933 13935 13934
f 13935 13936 13934
f 13937 13939 13938
f 13939 13940 13938
f 13941 13943 13942
f 13943 13944 13942
f 13945 13947 13946
f 13947 13948 13946
f 13949 13951 13950
f 13951 13952 13950
f 13953 13955 13954
f 13955 13956 13954
f 13957 13959 13958
f 13959 13960 13958
f 13961 13963 13962
f 13963 13964 13962
f 13965 13967 13966
f 13967 13968 13966
f 13969 13971 13970
f 13971 13972 13970
f 13973 13975 13974
f 13975 13976 13974
f 13977 13979 13978
f 13979 13980 13978
f 13981 13983 13982
f 13983 13984 13982
f 13985 13987 13986
f 13987 13988 13986
f 13989 13991 13990
f 13991 13992 13990
f 13993 13995 13994
f 13995 13996 13994
f 13997 13999 13998
f 13999 14000 13998
f 14001 14003 14002
f 14003 14004 14002
f 14005 14007 14006
f 14007 14008 14006
f 14009 14011 14010
f 14011 14012 14010
f 14013 14015 14014
f 14015 14016 14014
f 14017 14019 14018
f 14019 14020 14018
f 14021 14023 14022
f 14023 14024 14022
f 14025 14027 14026
f 14027 14028 14026
f 14029 14031 14030
f 14031 14032 14030
f 14033 14035 14034
f 14035 14036 14034
f 14037 14039 14038
f 14039 14040 14038
f 14041 14043 14042
f 14043 14044 14042
f 14045 14047 14046
f 14047 14048 14046
f 14049 14051 14050
f 14051 14052 14050
f 14053 14055 14054
f 14055 14056 14054
f 14057 14059 14058
f 14059 14060 14058
f 14061 14063 14062
f 14063 14064 14062
f 14065 14067 14066
f 14067 14068 14066
f 14069 14071 14070
f 14071 14072 14070
f 14073 14075 14074
f 14075 14076 14074
f 14077 14079 14078
f 14079 14080 14078
f 14081 14083 14082
f 14083 14084 14082
f 14085 14087 14086
f 14087 14088 14086
f 14089 14091 14090
f 14091 14092 14090
f 14093 14095 14094
f 14095 14096 14094
f 14097 14099 14098
f 14099 14100 14098
f 14101 14103 14102
f 14103 14104 14102
f 14105 14107 14106
f 14107 14108 14106
f 14109 14111 14110
f 14111 14112 14110
f 14113 14115 14114
f 14115 14116 14114
f 14117 14119 14118
f 14119 14120 14118
f 14121 14123 14122
f 14123 14124 14122
f 14125 14127 14126
f 14127 14128 14126
f 14129 14131 14130
f 14131 14132 14130
f 14133 14135 14134
f 14135 14136 14134
f 14137 14139 14138
f 14139 14140 14138
f 14141 14143 14142
f 14143 14144 14142
f 14145 14147 14146
f 14147 14148 14146
f 14149 14151 14150
f 14151 14152 14150
f 14153 14155 14154
f 14155 14156 14154
f 14157 14159 14158
f 14159 14160 14158
f 14161 14163 14162
f 14163 14164 14162
f 14165 14167 14166
f 14167 14168 14166
f 14169 14171 14170
f 14171 14172 14170
f 14173 14175 14174
f 14175 14176 14174
f 14177 14179 14178
f 14179 14180 14178
f 14181 14183 14182
f 14183 14184 14182
f 14185 14187 14186
f 14187 14188 14186
f 14189 14191 14190
f 14191 14192 14190
f 14193 14195 14194
f 14195 14196 14194
f 14197 14199 14198
f 14199 14200 14198
f 14201 14203 14202
f 14203 14204 14202
f 14205 14207 14206
f 14207 14208 14206
f 14209 14211 14210
f 14211 14212 14210
f 14213 14215 14214
f 14215 14216 14214
f 14217 14219 14218
f 14219 14220 14218
f 14221 14223 14222
f 14223 14224 14222
f 14225 14227 14226
f 14227 14228 14226
f 14229 14231 14230
f 14231 14232 14230
f 14233 14235 14234
f 14235 14236 14234
f 14237 14239 14238
f 14239 14240 14238
f 14241 14243 14242
f 14243 14244 14242
f 14245 14247 14246
f 14247 14248 14246
f 14249 14251 14250
f 14251 14252 14250
f 14253 14255 14254
f 14255 14256 14254
f 14257 14259 14258
f 14259 14260 14258
f 14261 14263 14262
f 14263 14264 14262
f 14265 14267 14266
f 14267 14268 14266
f 14269 14271 14270
f 14271 14272 14270
f 14273 14275 14274
f 14275 14276 14274
f 14277 14279 14278
f 14279 14280 14278
f 14281 14283 14282
f 14283 14284 14282
f 14285 14287 14286
f 14287 14288 14286
f 14289 14291 14290
f 14291 14292 14290
f 14293 14295 14294
f 14295 14296 14294
f 14297 14299 14298
f 14299 14300 14298
f 14301 14303 14302
f 14303 14304 14302
f 14305 14307 14306
f 14307 14308 14306
f 14309 14311 14310
f 14311 14312 14310
f 14313 14315 14314
f 14315 14316 14314
f 14317 14319 14318
f 14319 14320 14318
f 14321 14323 14322
f 14323 14324 14322
f 14325 14327 14326
f 14327 14328 14326
f 14329 14331 14330
f 14331 14332 14330
f 14333 14335 14334
f 14335 14336 14334
f 14337 14339 14338
f 14339 14340 14338
f 14341 14343 14342
f 14343 14344 14342
f 14345 14347 14346
f 14347 14348 14346
f 14349 14351 14350
f 14351 14352 14350
f 14353 14355 14354
f 14355 14356 14354
f 14357 14359 14358
f 14359 14360 14358
f 14361 14363 14362
f 14363 14364 14362
f 14365 14367 14366
f 14367 14368 14366
f 14369 14371 14370
f 14371 14372 14370
f 14373 14375 14374
f 14375 14376 14374
f 14377 14379 14378
f 14379 14380 14378
f 14381 14383 14382
f 14383 14384 14382
f 14385 14387 14386
f 14387 14388 14386
f 14389 14391 14390
f 14391 14392 14390
f 14393 14395 14394
f 14395 14396 14394
f 14397 14399 14398
f 14399 14400 14398
f 14401 14403 14402
f 14403 14404 14402
f 14405 14407 14406
f 14407 14408 14406
f 14409 14411 14410
f 14411 14412 14410
f 14413 14415 14414
f 14415 14416 14414
f 14417 14419 14418
f 14419 14420 14418
f 14421 14423 14422
f 14423 14424 14422
f 14425 14427 14426
f 14427 14428 14426
f 14429 14431 14430
f 14431 14432 14430
f 14433 14435 14434
f 14435 14436 14434
f 14437 14439 14438
f 14439 14440 14438
f 14441 14443 14442
f 14443 14444 14442
f 14445 14447 14446
f 14447 14448 14446
f 14449 14451 14450
f 14451 14452 14450
f 14453 14455 14454
f 14455 14456 14454
f 14457 14459 14458
f 14459 14460 14458
f 14461 14463 14462
f 14463 14464 14462
f 14465 14467 14466
f 14467 14468 14466
f 14469 14471 14470
f 14471 14472 14470
f 14473 14475 14474
f 14475 14476 14474
f 14477 14479 14478
f 14479 14480 14478
f 14481 14483 14482
f 14483 14484 14482
f 14485 14487 14486
f 14487 14488 14486
f 14489 14491 14490
f 14491 14492 14490
f 14493 14495 14494
f 14495 14496 14494
f 14497 14499 14498
f 14499 14500 14498
f 14501 14503 14502
f 14503 14504 14502
f 14505 14507 14506
f 14507 14508 14506
f 14509 14511 14510
f 14511 14512 14510
f 14513 14515 14514
f 14515 14516 14514
f 14517 14519 14518
f 14519 14520 14518
f 14521 14523 14522
f 14523 14524 14522
f 14525 14527 14526
f 14527 14528 14526
f 14529 14531 14530
f 14531 14532 14530
f 14533 14535 14534
f 14535 14536 14534
f 14537 14539 14538
f 14539 14540 14538
f 14541 14543 14542
f 14543 14544 14542
f 14545 14547 14546
f 14547 14548 14546
f 14549 14551 14550
f 14551 14552 14550
f 14553 14555 14554
f 14555 14556 14554
f 14557 14559 14558
f 14559 14560 14558
f 14561 14563 14562
f 14563 14564 14562
f 14565 14567 14566
f 14567 14568 14566
f 14569 14571 14570
f 14571 14572 14570
f 14573 14575 14574
f 14575 14576 14574
f 14577 14579 14578
f 14579 14580 14578
f 14581 14583 14582
f 14583 14584 14582
f 14585 14587 14586
f 14587 14588 14586
f 14589 14591 14590
f 14591 14592 14590
f 14593 14595 14594
f 14595 14596 14594
f 14597 14599 14598
f 14599 14600 14598
f 14601 14603 14602
f 14603 14604 14602
f 14605 14607 14606
f 14607 14608 14606
f 14609 14611 14610
f 14611 14612 14610
f 14613 14615 14614
f 14615 14616 14614
f 14617 14619 14618
f 14619 14620 14618
f 14621 14623 14622
f 14623 14624 14622
f 14625 14627 14626
f 14627 14628 14626
f 14629 14631 14630
f 14631 14632 14630
f 14633 14635 14634
f 14635 14636 14634
f 14637 14639 14638
f 14639 14640 14638
f 14641 14643 14642
f 14643 14644 14642
f 14645 14647 14646
f 14647 14648 14646
f 14649 14651 14650
f 14651 14652 14650
f 14653 14655 14654
f 14655 14656 14654
f 14657 14659 14658
f 14659 14660 14658
f 14661 14663 14662
f 14663 14664 14662
f 14665 14667 14666
f 14667 14668 14666
f 14669 14671 14670
f 14671 14672 14670
f 14673 14675 14674
f 14675 14676 14674
f 14677 14679 14678
f 14679 14680 14678
f 14681 14683 14682
f 14683 14684 14682
f 14685 14687 14686
f 14687 14688 14686
f 14689 14691 14690
f 14691 14692 14690
f 14693 14695 14694
f 14695 14696 14694
f 14697 14699 14698
f 14699 14700 14698
f 14701 14703 14702
f 14703 14704 14702
f 14705 14707 14706
f 14707 14708 14706
f 14709 14711 14710
f 14711 14712 14710
f 14713 14715 14714
f 14715 14716 14714
f 14717 14719 14718
f 14719 14720 14718
f 14721 14723 14722
f 14723 14724 14722
f 14725 14727 14726
f 14727 14728 14726
f 14729 14731 14730
f 14731 14732 14730
f 14733 14735 14734
f 14735 14736 14734
f 14737 14739 14738
f 14739 14740 14738
f 14741 14743 14742
f 14743 14744 14742
f 14745 14747 14746
f 14747 14748 14746
f 14749 14751 14750
f 14751 14752 14750
f 14753 14755 14754
f 14755 14756 14754
f 14757 14759 14758
f 14759 14760 14758
f 14761 14763 14762
f 14763 14764 14762
f 14765 14767 14766
f 14767 14768 14766
f 14769 14771 14770
f 14771 14772 14770
f 14773 14775 14774
f 14775 14776 14774
f 14777 14779 14778
f 14779 14780 14778
f 14781 14783 14782
f 14783 14784 14782
f 14785 14787 14786
f 14787 14788 14786
f 14789 14791 14790
f 14791 14792 14790
f 14793 14795 14794
f 14795 14796 14794
f 14797 14799 14798
f 14799 14800 14798
f 14801 14803 14802
f 14803 14804 14802
f 14805 14807 14806
f 14807 14808 14806
f 14809 14811 14810
f 14811 14812 14810
f 14813 14815 14814
f 14815 14816 14814
f 14817 14819 14818
f 14819 14820 14818
f 14821 14823 14822
f 14823 14824 14822
f 14825 14827 14826
f 14827 14828 14826
f 14829 14831 14830
f 14831 14832 14830
f 14833 14835 14834
f 14835 14836 14834
f 14837 14839 14838
f 14839 14840 14838
f 14841 14843 14842
f 14843 14844 14842
f 14845 14847 14846
f 14847 14848 14846
f 14849 14851 14850
f 14851 14852 14850
f 14853 14855 14854
f 14855 14856 14854
f 14857 14859 14858
f 14859 14860 14858
f 14861 14863 14862
f 14863 14864 14862
f 14865 14867 14866
f 14867 14868 14866
f 14869 14871 14870
f 14871 14872 14870
f 14873 14875 14874
f 14875 14876 14874
f 14877 14879 14878
f 14879 14880 14878
f 14881 14883 14882
f 14883 14884 14882
f 14885 14887 14886
f 14887 14888 14886
f 14889 14891 14890
f 14891 14892 14890
f 14893 14895 14894
f 14895 14896 14894
f 14897 14899 14898
f 14899 14900 14898
f 14901 14903 14902
f 14903 14904 14902
f 14905 14907 14906
f 14907 14908 14906
f 14909 14911 14910
f 14911 14912 14910
f 14913 14915 14914
f 14915 14916 14914
f 14917 14919 14918
f 14919 14920 14918
f 14921 14923 14922
f 14923 14924 14922
f 14925 14927 14926
f 14927 14928 14926
f 14929 14931 14930
f 14931 14932 14930
f 14933 14935 14934
f 14935 14936 14934
f 14937 14939 14938
f 14939 14940 14938
f 14941 14943 14942
f 14943 14944 14942
f 14945 14947 14946
f 14947 14948 14946
f 14949 14951 14950
f 14951 14952 14950
f 14953 14955 14954
f 14955 14956 14954
f 14957 14959 14958
f 14959 14960 14958
f 14961 14963 14962
f 14963 14964 14962
f 14965 14967 14966
f 14967 14968 14966
f 14969 14971 14970
f 14971 14972 14970
f 14973 14975 14974
f 14975 14976 14974
f 14977 14979 14978
f 14979 14980 14978
f 14981 14983 14982
f 14983 14984 14982
f 14985 14987 14986
f 14987 14988 14986
f 14989 14991 14990
f 14991 14992 14990
f 14993 14995 14994
f 14995 14996 14994
f 14997 14999 14998
f 14999 15000 14998
f 15001 15003 15002
f 15003 15004 15002
f 15005 15007 15006
f 15007 15008 15006
f 15009 15011 15010
f 15011 15012 15010
f 15013 15015 15014
f 15015 15016 15014
f 15017 15019 15018
f 15019 15020 15018
f 15021 15023 15022
f 15023 15024 15022
f 15025 15027 15026
f 15027 15028 15026
f 15029 15031 15030
f 15031 15032 15030
f 15033 15035 15034
f 15035 15036 15034
f 15037 15039 15038
f 15039 15040 15038
f 15041 15043 15042
f 15043 15044 15042
f 15045 15047 15046
f 15047 15048 15046
f 15049 15051 15050
f 15051 15052 15050
f 15053 15055 15054
f 15055 15056 15054
f 15057 15059 15058
f 15059 15060 15058
f 15061 15063 15062
f 15063 15064 15062
f 15065 15067 15066
f 15067 15068 15066
f 15069 15071 15070
f 15071 15072 15070
f 15073 15075 15074
f 15075 15076 15074
f 15077 15079 15078
f 15079 15080 15078
f 15081 15083 15082
f 15083 15084 15082
f 15085 15087 15086
f 15087 15088 15086
f 15089 15091 15090
f 15091 15092 15090
f 15093 15095 15094
f 15095 15096 15094
f 15097 15099 15098
f 15099 15100 15098
f 15101 15103 15102
f 15103 15104 15102
f 15105 15107 15106
f 15107 15108 15106
f 15109 15111 15110
f 15111 15112 15110
f 15113 15115 15114
f 15115 15116 15114
f 15117 15119 15118
f 15119 15120 15118
f 15121 15123 15122
f 15123 15124 15122
f 15125 15127 15126
f 15127 15128 15126
f 15129 15131 15130
f 15131 15132 15130
f 15133 15135 15134
f 15135 15136 15134
f 15137 15139 15138
f 15139 15140 15138
f 15141 15143 15142
f 15143 15144 15142
f 15145 15147 15146
f 15147 15148 15146
f 15149 15151 15150
f 15151 15152 15150
f 15153 15155 15154
f 15155 15156 15154
f 15157 15159 15158
f 15159 15160 15158
f 15161 15163 15162
f 15163 15164 15162
f 15165 15167 15166
f 15167 15168 15166
f 15169 15171 15170
f 15171 15172 15170
f 15173 15175 15174
f 15175 15176 15174
f 15177 15179 15178
f 15179 15180 15178
f 15181 15183 15182
f 15183 15184 15182
f 15185 15187 15186
f 15187 15188 15186
f 15189 15191 15190
f 15191 15192 15190
f 15193 15195 15194
f 15195 15196 15194
f 15197 15199 15198
f 15199 15200 15198
f 15201 15203 15202
f 15203 15204 15202
f 15205 15207 15206
f 15207 15208 15206
f 15209 15211 15210
f 15211 15212 15210
f 15213 15215 15214
f 15215 15216 15214
f 15217 15219 15218
f 15219 15220 15218
f 15221 15223 15222
f 15223 15224 15222
f 15225 15227 15226
f 15227 15228 15226
f 15229 15231 15230
f 15231 15232 15230
f 15233 15235 15234
f 15235 15236 15234
f 15237 15239 15238
f 15239 15240 15238
f 15241 15243 15242
f 15243 15244 15242
f 15245 15247 15246
f 15247 15248 15246
f 15249 15251 15250
f 15251 15252 15250
f 15253 15255 15254
f 15255 15256 15254
f 15257 15259 15258
f 15259 15260 15258
f 15261 15263 15262
f 15263 15264 15262
f 15265 15267 15266
f 15267 15268 15266
f 15269 15271 15270
f 15271 15272 15270
f 15273 15275 15274
f 15275 15276 15274
f 15277 15279 15278
f 15279 15280 15278
f 15281 15283 15282
f 15283 15284 15282
f 15285 15287 15286
f 15287 15288 15286
f 15289 15291 15290
f 15291 15292 15290
f 15293 15295 15294
f 15295 15296 15294
f 15297 15299 15298
f 15299 15300 15298
f 15301 15303 15302
f 15303 15304 15302
f 15305 15307 15306
f 15307 15308 15306
f 15309 15311 15310
f 15311 15312 15310
f 15313 15315 15314
f 15315 15316 15314
f 15317 15319 15318
f 15319 15320 15318
f 15321 15323 15322
f 15323 15324 15322
f 15325 15327 15326
f 15327 15328 15326
f 15329 15331 15330
f 15331 15332 15330
f 15333 15335 15334
f 15335 15336 15334
f 15337 15339 15338
f 15339 15340 15338
f 15341 15343 15342
f 15343 15344 15342
f 15345 15347 15346
f 15347 15348 15346
f 15349 15351 15350
f 15351 15352 15350
f 15353 15355 15354
f 15355 15356 15354
f 15357 15359 15358
f 15359 15360 15358
f 15361 15363 15362
f 15363 15364 15362
f 15365 15367 15366
f 15367 15368 15366
f 15369 15371 15370
f 15371 15372 15370
f 15373 15375 15374
f 15375 15376 15374
f 15377 15379 15378
f 15379 15380 15378
f 15381 15383 15382
f 15383 15384 15382
f 15385 15387 15386
f 15387 15388 15386
f 15389 15391 15390
f 15391 15392 15390
f 15393 15395 15394
f 15395 15396 15394
f 15397 15399 15398
f 15399 15400 15398
f 15401 15403 15402
f 15403 15404 15402
f 15405 15407 15406
f 15407 15408 15406
f 15409 15411 15410
f 15411 15412 15410
f 15413 15415 15414
f 15415 15416 15414
f 15417 15419 15418
f 15419 15420 15418
f 15421 15423 15422
f 15423 15424 15422
f 15425 15427 15426
f 15427 15428 15426
f 15429 15431 15430
f 15431 15432 15430
f 15433 15435 15434
f 15435 15436 15434
f 15437 15439 15438
f 15439 15440 15438
f 15441 15443 15442
f 15443 15444 15442
f 15445 15447 15446
f 15447 15448 15446
f 15449 15451 15450
f 15451 15452 15450
f 15453 15455 15454
f 15455 15456 15454
f 15457 15459 15458
f 15459 15460 15458
f 15461 15463 15462
f 15463 15464 15462
f 15465 15467 15466
f 15467 15468 15466
f 15469 15471 15470
f 15471 15472 15470
f 15473 15475 15474
f 15475 15476 15474
f 15477 15479 15478
f 15479 15480 15478
f 15481 15483 15482
f 15483 15484 15482
f 15485 15487 15486
f 15487 15488 15486
f 15489 15491 15490
f 15491 15492 15490
f 15493 15495 15494
f 15495 15496 15494
f 15497 15499 15498
f 15499 15500 15498
f 15501 15503 15502
f 15503 15504 15502
f 15505 15507 15506
f 15507 15508 15506
f 15509 15511 15510
f 15511 15512 15510
f 15513 15515 15514
f 15515 15516 15514
f 15517 15519 15518
f 15519 15520 15518
f 15521 15523 15522
f 15523 15524 15522
f 15525 15527 15526
f 15527 15528 15526
f 15529 15531 15530
f 15531 15532 15530
f 15533 15535 15534
f 15535 15536 15534
f 15537 15539 15538
f 15539 15540 15538
f 15541 15543 15542
f 15543 15544 15542
f 15545 15547 15546
f 15547 15548 15546
f 15549 15551 15550
f 15551 15552 15550
f 15553 15555 15554
f 15555 15556 15554
f 15557 15559 15558
f 15559 15560 15558
f 15561 15563 15562
f 15563 15564 15562
f 15565 15567 15566
f 15567 15568 15566
f 15569 15571 15570
f 15571 15572 15570
f 15573 15575 15574
f 15575 15576 15574
f 15577 15579 15578
f 15579 15580 15578
f 15581 15583 15582
f 15583 15584 15582
f 15585 15587 15586
f 15587 15588 15586
f 15589 15591 15590
f 15591 15592 15590
f 15593 15595 15594
f 15595 15596 15594
f 15597 15599 15598
f 15599 15600 15598
f 15601 15603 15602
f 15603 15604 15602
f 15605 15607 15606
f 15607 15608 15606
f 15609 15611 15610
f 15611 15612 15610
f 15613 15615 15614
f 15615 15616 15614
f 15617 15619 15618
f 15619 15620 15618
f 15621 15623 15622
f 15623 15624 15622
f 15625 15627 15626
f 15627 15628 15626
f 15629 15631 15630
f 15631 15632 15630
f 15633 15635 15634
f 15635 15636 15634
f 15637 15639 15638
f 15639 15640 15638
f 15641 15643 15642
f 15643 15644 15642
f 15645 15647 15646
f 15647 15648 15646
f 15649 15651 15650
f 15651 15652 15650
f 15653 15655 15654
f 15655 15656 15654
f 15657 15659 15658
f 15659 15660 15658
f 15661 15663 15662
f 15663 15664 15662
f 15665 15667 15666
f 15667 15668 15666
f 15669 15671 15670
f 15671 15672 15670
f 15673 15675 15674
f 15675 15676 15674
f 15677 15679 15678
f 15679 15680 15678
f 15681 15683 15682
f 15683 15684 15682
f 15685 15687 15686
f 15687 15688 15686
f 15689 15691 15690
f 15691 15692 15690
f 15693 15695 15694
f 15695 15696 15694
f 15697 15699 15698
f 15699 15700 15698
f 15701 15703 15702
f 15703 15704 15702
f 15705 15707 15706
f 15707 15708 15706
f 15709 15711 15710
f 15711 15712 15710
f 15713 15715 15714
f 15715 15716 15714
f 15717 15719 15718
f 15719 15720 15718
f 15721 15723 15722
f 15723 15724 15722
f 15725 15727 15726
f 15727 15728 15726
f 15729 15731 15730
f 15731 15732 15730
f 15733 15735 15734
f 15735 15736 15734
f 15737 15739 15738
f 15739 15740 15738
f 15741 15743 15742
f 15743 15744 15742
f 15745 15747 15746
f 15747 15748 15746
f 15749 15751 15750
f 15751 15752 15750
f 15753 15755 15754
f 15755 15756 15754
f 15757 15759 15758
f 15759 15760 15758
f 15761 15763 15762
f 15763 15764 15762
f 15765 15767 15766
f 15767 15768 15766
f 15769 15771 15770
f 15771 15772 15770
f 15773 15775 15774
f 15775 15776 15774
f 15777 15779 15778
f 15779 15780 15778
f 15781 15783 15782
f 15783 15784 15782
f 15785 15787 15786
f 15787 15788 15786
f 15789 15791 15790
f 15791 15792 15790
f 15793 15795 15794
f 15795 15796 15794
f 15797 15799 15798
f 15799 15800 15798
f 15801 15803 15802
f 15803 15804 15802
f 15805 15807 15806
f 15807 15808 15806
f 15809 15811 15810
f 15811 15812 15810
f 15813 15815 15814
f 15815 15816 15814
f 15817 15819 15818
f 15819 15820 15818
f 15821 15823 15822
f 15823 15824 15822
f 15825 15827 15826
f 15827 15828 15826
f 15829 15831 15830
f 15831 15832 15830
f 15833 15835 15834
f 15835 15836 15834
f 15837 15839 15838
f 15839 15840 15838
f 15841 15843 15842
f 15843 15844 15842
f 15845 15847 15846
f 15847 15848 15846
f 15849 15851 15850
f 15851 15852 15850
f 15853 15855 15854
f 15855 15856 15854
f 15857 15859 15858
f 15859 15860 15858
f 15861 15863 15862
f 15863 15864 15862
v -1.09613 1.23967 0.04500
v -1.09613 1.23967 0.02500
v -1.09613 1.22753 0.04500
v -1.09613 1.22753 0.02500
v -1.10827 1.23967 0.02500
v -1.10827 1.23967 0.04500
v -1.10827 1.22753 0.02500
v -1.10827 1.22753 0.04500
v -1.10827 1.23967 0.02500
v -1.09613 1.23967 0.02500
v -1.10827 1.23967 0.04500
v -1.09613 1.23967 0.04500
v -1.10827 1.22753 0.04500
v -1.09613 1.22753 0.04500
v -1.10827 1.22753 0.02500
v -1.09613 1.22753 0.02500
v -1.10827 1.23967 0.04500
v -1.09613 1.23967 0.04500
v -1.10827 1.22753 0.04500
v -1.09613 1.22753 0.04500
v -1.09613 1.23967 0.02500
v -1.10827 1.23967 0.02500
v -1.09613 1.22753 0.02500
v -1.10827 1.22753 0.02500
v -1.08293 1.23967 0.04500
v -1.08293 1.23967 0.02500
v -1.08293 1.22753 0.04500
v -1.08293 1.22753 0.02500
v -1.09507 1.23967 0.02500
v -1.09507 1.23967 0.04500
v -1.09507 1.22753 0.02500
v -1.09507 1.22753 0.04500
v -1.09507 1.23967 0.02500
v -1.08293 1.23967 0.02500
v -1.09507 1.23967 0.04500
v -1.08293 1.23967 0.04500
v -1.09507 1.22753 0.04500
v -1.08293 1.22753 0.04500
v -1.09507 1.22753 0.02500
v -1.08293 1.22753 0.02500
v -1.09507 1.23967 0.04500
v -1.08293 1.23967 0.04500
v -1.09507 1.22753 0.04500
v -1.08293 1.22753 0.04500
v -1.08293 1.23967 0.02500
v -1.09507 1.23967 0.02500
v -1.08293 1.22753 0.02500
v -1.09507 1.22753 0.02500
v -1.06973 1.23967 0.04500
v -1.06973 1.23967 0.02500
v -1.06973 1.22753 0.04500
v -1.06973 1.22753 0.02500
v -1.08187 1.23967 0.02500
v -1.08187 1.23967 0.04500
v -1.08187 1.22753 0.02500
v -1.08187 1.22753 0.04500
v -1.08187 1.23967 0.02500
v -1.06973 1.23967 0.02500
v -1.08187 1.23967 0.04500
v -1.06973 1.23967 0.04500
v -1.08187 1.22753 0.04500
v -1.06973 1.22753 0.04500
v -1.08187 1.22753 0.02500
v -1.06973 1.22753 0.02500
v -1.08187 1.23967 0.04500
v -1.06973 1.23967 0.04500
v -1.08187 1.22753 0.04500
v -1.06973 1.22753 0.04500
v -1.06973 1.23967 0.02500
v -1.08187 1.23967 0.02500
v -1.06973 1.22753 0.02500
v -1.08187 1.22753 0.02500
v -1.05653 1.23967 0.04500
v -1.05653 1.23967 0.02500
v -1.05653 1.22753 0.04500
v -1.05653 1.22753 0.02500
v -1.06867 1.23967 0.02500
v -1.06867 1.23967 0.04500
v -1.06867 1.22753 0.02500
v -1.06867 1.22753 0.04500
v -1.06867 1.23967 0.02500
v -1.05653 1.23967 0.02500
v -1.06867 1.23967 0.04500
v -1.05653 1.23967 0.04500
v -1.06867 1.22753 0.04500
v -1.05653 1.22753 0.04500
v -1.06867 1.22753 0.02500
v -1.05653 1.22753 0.02500
v -1.06867 1.23967 0.04500
v -1.05653 1.23967 0.04500
v -1.06867 1.22753 0.04500
v -1.05653 1.22753 0.04500
v -1.05653 1.23967 0.02500
v -1.06867 1.23967 0.02500
v -1.05653 1.22753 0.02500
v -1.06867 1.22753 0.02500
v -1.04333 1.23967 0.04500
v -1.04333 1.23967 0.02500
v -1.04333 1.22753 0.04500
v -1.04333 1.22753 0.02500
v -1.05547 1.23967 0.02500
v -1.05547 1.23967 0.04500
v -1.05547 1.22753 0.02500
v -1.05547 1.22753 0.04500
v -1.05547 1.23967 0.02500
v -1.04333 1.23967 0.02500
v -1.05547 1.23967 0.04500
v -1.04333 1.23967 0.04500
v -1.05547 1.22753 0.04500
v -1.04333 1.22753 0.04500
v -1.05547 1.22753 0.02500
v -1.04333 1.22753 0.02500
v -1.05547 1.23967 0.04500
v -1.04333 1.23967 0.04500
v -1.05547 1.22753 0.04500
v -1.04333 1.22753 0.04500
v -1.04333 1.23967 0.02500
v -1.05547 1.23967 0.02500
v -1.04333 1.22753 0.02500
v -1.05547 1.22753 0.02500
v -1.09613 1.22647 0.04500
v -1.09613 1.22647 0.02500
v -1.09613 1.21433 0.04500
v -1.09613 1.21433 0.02500
v -1.10827 1.22647 0.02500
v -1.10827 1.22647 0.04500
v -1.10827 1.21433 0.02500
v -1.10827 1.21433 0.04500
v -1.10827 1.22647 0.02500
v -1.09613 1.22647 0.02500
v -1.10827 1.22647 0.04500
v -1.09613 1.22647 0.04500
v -1.10827 1.21433 0.04500
v -1.09613 1.21433 0.04500
v -1.10827 1.21433 0.02500
v -1.09613 1.21433 0.02500
v -1.10827 1.22647 0.04500
v -1.09613 1.22647 0.04500
v -1.10827 1.21433 0.04500
v -1.09613 1.21433 0.04500
v -1.09613 1.22647 0.02500
v -1.10827 1.22647 0.02500
v -1.09613 1.21433 0.02500
v -1.10827 1.21433 0.02500
v -1.09613 1.21327 0.04500
v -1.09613 1.21327 0.02500
v -1.09613 1.20113 0.04500
v -1.09613 1.20113 0.02500
v -1.10827 1.21327 0.02500
v -1.10827 1.21327 0.04500
v -1.10827 1.20113 0.02500
v -1.10827 1.20113 0.04500
v -1.10827 1.21327 0.02500
v -1.09613 1.21327 0.02500
v -1.10827 1.21327 0.04500
v -1.09613 1.21327 0.04500
v -1.10827 1.20113 0.04500
v -1.09613 1.20113 0.04500
v -1.10827 1.20113 0.02500
v -1.09613 1.20113 0.02500
v -1.10827 1.21327 0.04500
v -1.09613 1.21327 0.04500
v -1.10827 1.20113 0.04500
v -1.09613 1.20113 0.04500
v -1.09613 1.21327 0.02500
v -1.10827 1.21327 0.02500
v -1.09613 1.20113 0.02500
v -1.10827 1.20113 0.02500
v -1.09613 1.20007 0.04500
v -1.09613 1.20007 0.02500
v -1.09613 1.18793 0.04500
v -1.09613 1.18793 0.02500
v -1.10827 1.20007 0.02500
v -1.10827 1.20007 0.04500
v -1.10827 1.18793 0.02500
v -1.10827 1.18793 0.04500
v -1.10827 1.20007 0.02500
v -1.09613 1.20007 0.02500
v -1.10827 1.20007 0.04500
v -1.09613 1.20007 0.04500
v -1.10827 1.18793 0.04500
v -1.09613 1.18793 0.04500
v -1.10827 1.18793 0.02500
v -1.09613 1.18793 0.02500
v -1.10827 1.20007 0.04500
v -1.09613 1.20007 0.04500
v -1.10827 1.18793 0.04500
v -1.09613 1.18793 0.04500
v -1.09613 1.20007 0.02500
v -1.10827 1.20007 0.02500
v -1.09613 1.18793 0.02500
v -1.10827 1.18793 0.02500
v -1.08293 1.20007 0.04500
v -1.08293 1.20007 0.02500
v -1.08293 1.18793 0.04500
v -1.08293 1.18793 0.02500
v -1.09507 1.20007 0.02500
v -1.09507 1.20007 0.04500
v -1.09507 1.18793 0.02500
v -1.09507 1.18793 0.04500
v -1.09507 1.20007 0.02500
v -1.08293 1.20007 0.02500
v -1.09507 1.20007 0.04500
v -1.08293 1.20007 0.04500
v -1.09507 1.18793 0.04500
v -1.08293 1.18793 0.04500
v -1.09507 1.18793 0.02500
v -1.08293 1.18793 0.02500
v -1.09507 1.20007 0.04500
v -1.08293 1.20007 0.04500
v -1.09507 1.18793 0.04500
v -1.08293 1.18793 0.04500
v -1.08293 1.20007 0.02500
v -1.09507 1.20007 0.02500
v -1.08293 1.18793 0.02500
v -1.09507 1.18793 0.02500
v -1.06973 1.20007 0.04500
v -1.06973 1.20007 0.02500
v -1.06973 1.18793 0.04500
v -1.06973 1.18793 0.02500
v -1.08187 1.20007 0.02500
v -1.08187 1.20007 0.04500
v -1.08187 1.18793 0.02500
v -1.08187 1.18793 0.04500
v -1.08187 1.20007 0.02500
v -1.06973 1.20007 0.02500
v -1.08187 1.20007 0.04500
v -1.06973 1.20007 0.04500
v -1.08187 1.18793 0.04500
v -1.06973 1.18793 0.04500
v -1.08187 1.18793 0.02500
v -1.06973 1.18793 0.02500
v -1.08187 1.20007 0.04500
v -1.06973 1.20007 0.04500
v -1.08187 1.18793 0.04500
v -1.06973 1.18793 0.04500
v -1.06973 1.20007 0.02500
v -1.08187 1.20007 0.02500
v -1.06973 1.18793 0.02500
v -1.08187 1.18793 0.02500
v -1.05653 1.20007 0.04500
v -1.05653 1.20007 0.02500
v -1.05653 1.18793 0.04500
v -1.05653 1.18793 0.02500
v -1.06867 1.20007 0.02500
v -1.06867 1.20007 0.04500
v -1.06867 1.18793 0.02500
v -1.06867 1.18793 0.04500
v -1.06867 1.20007 0.02500
v -1.05653 1.20007 0.02500
v -1.06867 1.20007 0.04500
v -1.05653 1.20007 0.04500
v -1.06867 1.18793 0.04500
v -1.05653 1.18793 0.04500
v -1.06867 1.18793 0.02500
v -1.05653 1.18793 0.02500
v -1.06867 1.20007 0.04500
v -1.05653 1.20007 0.04500
v -1.06867 1.18793 0.04500
v -1.05653 1.18793 0.04500
v -1.05653 1.20007 0.02500
v -1.06867 1.20007 0.02500
v -1.05653 1.18793 0.02500
v -1.06867 1.18793 0.02500
v -1.09613 1.18687 0.04500
v -1.09613 1.18687 0.02500
v -1.09613 1.17473 0.04500
v -1.09613 1.17473 0.02500
v -1.10827 1.18687 0.02500
v -1.10827 1.18687 0.04500
v -1.10827 1.17473 0.02500
v -1.10827 1.17473 0.04500
v -1.10827 1.18687 0.02500
v -1.09613 1.18687 0.02500
v -1.10827 1.18687 0.04500
v -1.09613 1.18687 0.04500
v -1.10827 1.17473 0.04500
v -1.09613 1.17473 0.04500
v -1.10827 1.17473 0.02500
v -1.09613 1.17473 0.02500
v -1.10827 1.18687 0.04500
v -1.09613 1.18687 0.04500
v -1.10827 1.17473 0.04500
v -1.09613 1.17473 0.04500
v -1.09613 1.18687 0.02500
v -1.10827 1.18687 0.02500
v -1.09613 1.17473 0.02500
v -1.10827 1.17473 0.02500
v -1.09613 1.17367 0.04500
v -1.09613 1.17367 0.02500
v -1.09613 1.16153 0.04500
v -1.09613 1.16153 0.02500
v -1.10827 1.17367 0.02500
v -1.10827 1.17367 0.04500
v -1.10827 1.16153 0.02500
v -1.10827 1.16153 0.04500
v -1.10827 1.17367 0.02500
v -1.09613 1.17367 0.02500
v -1.10827 1.17367 0.04500
v -1.09613 1.17367 0.04500
v -1.10827 1.16153 0.04500
v -1.09613 1.16153 0.04500
v -1.10827 1.16153 0.02500
v -1.09613 1.16153 0.02500
v -1.10827 1.17367 0.04500
v -1.09613 1.17367 0.04500
v -1.10827 1.16153 0.04500
v -1.09613 1.16153 0.04500
v -1.09613 1.17367 0.02500
v -1.10827 1.17367 0.02500
v -1.09613 1.16153 0.02500
v -1.10827 1.16153 0.02500
v -1.09613 1.16047 0.04500
v -1.09613 1.16047 0.02500
v -1.09613 1.14833 0.04500
v -1.09613 1.14833 0.02500
v -1.10827 1.16047 0.02500
v -1.10827 1.16047 0.04500
v -1.10827 1.14833 0.02500
v -1.10827 1.14833 0.04500
v -1.10827 1.16047 0.02500
v -1.09613 1.16047 0.02500
v -1.10827 1.16047 0.04500
v -1.09613 1.16047 0.04500
v -1.10827 1.14833 0.04500
v -1.09613 1.14833 0.04500
v -1.10827 1.14833 0.02500
v -1.09613 1.14833 0.02500
v -1.10827 1.16047 0.04500
v -1.09613 1.16047 0.04500
v -1.10827 1.14833 0.04500
v -1.09613 1.14833 0.04500
v -1.09613 1.16047 0.02500
v -1.10827 1.16047 0.02500
v -1.09613 1.14833 0.02500
v -1.10827 1.14833 0.02500
v -1.08293 1.16047 0.04500
v -1.08293 1.16047 0.02500
v -1.08293 1.14833 0.04500
v -1.08293 1.14833 0.02500
v -1.09507 1.16047 0.02500
v -1.09507 1.16047 0.04500
v -1.09507 1.14833 0.02500
v -1.09507 1.14833 0.04500
v -1.09507 1.16047 0.02500
v -1.08293 1.16047 0.02500
v -1.09507 1.16047 0.04500
v -1.08293 1.16047 0.04500
v -1.09507 1.14833 0.04500
v -1.08293 1.14833 0.04500
v -1.09507 1.14833 0.02500
v -1.08293 1.14833 0.02500
v -1.09507 1.16047 0.04500
v -1.08293 1.16047 0.04500
v -1.09507 1.14833 0.04500
v -1.08293 1.14833 0.04500
v -1.08293 1.16047 0.02500
v -1.09507 1.16047 0.02500
v -1.08293 1.14833 0.02500
v -1.09507 1.14833 0.02500
v -1.06973 1.16047 0.04500
v -1.06973 1.16047 0.02500
v -1.06973 1.14833 0.04500
v -1.06973 1.14833 0.02500
v -1.08187 1.16047 0.02500
v -1.08187 1.16047 0.04500
v -1.08187 1.14833 0.02500
v -1.08187 1.14833 0.04500
v -1.08187 1.16047 0.02500
v -1.06973 1.16047 0.02500
v -1.08187 1.16047 0.04500
v -1.06973 1.16047 0.04500
v -1.08187 1.14833 0.04500
v -1.06973 1.14833 0.04500
v -1.08187 1.14833 0.02500
v -1.06973 1.14833 0.02500
v -1.08187 1.16047 0.04500
v -1.06973 1.16047 0.04500
v -1.08187 1.14833 0.04500
v -1.06973 1.14833 0.04500
v -1.06973 1.16047 0.02500
v -1.08187 1.16047 0.02500
v -1.06973 1.14833 0.02500
v -1.08187 1.14833 0.02500
v -1.05653 1.16047 0.04500
v -1.05653 1.16047 0.02500
v -1.05653 1.14833 0.04500
v -1.05653 1.14833 0.02500
v -1.06867 1.16047 0.02500
v -1.06867 1.16047 0.04500
v -1.06867 1.14833 0.02500
v -1.06867 1.14833 0.04500
v -1.06867 1.16047 0.02500
v -1.05653 1.16047 0.02500
v -1.06867 1.16047 0.04500
v -1.05653 1.16047 0.04500
v -1.06867 1.14833 0.04500
v -1.05653 1.14833 0.04500
v -1.06867 1.14833 0.02500
v -1.05653 1.14833 0.02500
v -1.06867 1.16047 0.04500
v -1.05653 1.16047 0.04500
v -1.06867 1.14833 0.04500
v -1.05653 1.14833 0.04500
v -1.05653 1.16047 0.02500
v -1.06867 1.16047 0.02500
v -1.05653 1.14833 0.02500
v -1.06867 1.14833 0.02500
v -1.04333 1.16047 0.04500
v -1.04333 1.16047 0.02500
v -1.04333 1.14833 0.04500
v -1.04333 1.14833 0.02500
v -1.05547 1.16047 0.02500
v -1.05547 1.16047 0.04500
v -1.05547 1.14833 0.02500
v -1.05547 1.14833 0.04500
v -1.05547 1.16047 0.02500
v -1.04333 1.16047 0.02500
v -1.05547 1.16047 0.04500
v -1.04333 1.16047 0.04500
v -1.05547 1.14833 0.04500
v -1.04333 1.14833 0.04500
v -1.05547 1.14833 0.02500
v -1.04333 1.14833 0.02500
v -1.05547 1.16047 0.04500
v -1.04333 1.16047 0.04500
v -1.05547 1.14833 0.04500
v -1.04333 1.14833 0.04500
v -1.04333 1.16047 0.02500
v -1.05547 1.16047 0.02500
v -1.04333 1.14833 0.02500
v -1.05547 1.14833 0.02500
v -1.00373 1.23967 0.04500
v -1.00373 1.23967 0.02500
v -1.00373 1.22753 0.04500
v -1.00373 1.22753 0.02500
v -1.01587 1.23967 0.02500
v -1.01587 1.23967 0.04500
v -1.01587 1.22753 0.02500
v -1.01587 1.22753 0.04500
v -1.01587 1.23967 0.02500
v -1.00373 1.23967 0.02500
v -1.01587 1.23967 0.04500
v -1.00373 1.23967 0.04500
v -1.01587 1.22753 0.04500
v -1.00373 1.22753 0.04500
v -1.01587 1.22753 0.02500
v -1.00373 1.22753 0.02500
v -1.01587 1.23967 0.04500
v -1.00373 1.23967 0.04500
v -1.01587 1.22753 0.04500
v -1.00373 1.22753 0.04500
v -1.00373 1.23967 0.02500
v -1.01587 1.23967 0.02500
v -1.00373 1.22753 0.02500
v -1.01587 1.22753 0.02500
v -0.99053 1.23967 0.04500
v -0.99053 1.23967 0.02500
v -0.99053 1.22753 0.04500
v -0.99053 1.22753 0.02500
v -1.00267 1.23967 0.02500
v -1.00267 1.23967 0.04500
v -1.00267 1.22753 0.02500
v -1.00267 1.22753 0.04500
v -1.00267 1.23967 0.02500
v -0.99053 1.23967 0.02500
v -1.00267 1.23967 0.04500
v -0.99053 1.23967 0.04500
v -1.00267 1.22753 0.04500
v -0.99053 1.22753 0.04500
v -1.00267 1.22753 0.02500
v -0.99053 1.22753 0.02500
v -1.00267 1.23967 0.04500
v -0.99053 1.23967 0.04500
v -1.00267 1.22753 0.04500
v -0.99053 1.22753 0.04500
v -0.99053 1.23967 0.02500
v -1.00267 1.23967 0.02500
v -0.99053 1.22753 0.02500
v -1.00267 1.22753 0.02500
v -0.97733 1.23967 0.04500
v -0.97733 1.23967 0.02500
v -0.97733 1.22753 0.04500
v -0.97733 1.22753 0.02500
v -0.98947 1.23967 0.02500
v -0.98947 1.23967 0.04500
v -0.98947 1.22753 0.02500
v -0.98947 1.22753 0.04500
v -0.98947 1.23967 0.02500
v -0.97733 1.23967 0.02500
v -0.98947 1.23967 0.04500
v -0.97733 1.23967 0.04500
v -0.98947 1.22753 0.04500
v -0.97733 1.22753 0.04500
v -0.98947 1.22753 0.02500
v -0.97733 1.22753 0.02500
v -0.98947 1.23967 0.04500
v -0.97733 1.23967 0.04500
v -0.98947 1.22753 0.04500
v -0.97733 1.22753 0.04500
v -0.97733 1.23967 0.02500
v -0.98947 1.23967 0.02500
v -0.97733 1.22753 0.02500
v -0.98947 1.22753 0.02500
v -0.96413 1.23967 0.04500
v -0.96413 1.23967 0.02500
v -0.96413 1.22753 0.04500
v -0.96413 1.22753 0.02500
v -0.97627 1.23967 0.02500
v -0.97627 1.23967 0.04500
v -0.97627 1.22753 0.02500
v -0.97627 1.22753 0.04500
v -0.97627 1.23967 0.02500
v -0.96413 1.23967 0.02500
v -0.97627 1.23967 0.04500
v -0.96413 1.23967 0.04500
v -0.97627 1.22753 0.04500
v -0.96413 1.22753 0.04500
v -0.97627 1.22753 0.02500
v -0.96413 1.22753 0.02500
v -0.97627 1.23967 0.04500
v -0.96413 1.23967 0.04500
v -0.97627 1.22753 0.04500
v -0.96413 1.22753 0.04500
v -0.96413 1.23967 0.02500
v -0.97627 1.23967 0.02500
v -0.96413 1.22753 0.02500
v -0.97627 1.22753 0.02500
v -1.01693 1.22647 0.04500
v -1.01693 1.22647 0.02500
v -1.01693 1.21433 0.04500
v -1.01693 1.21433 0.02500
v -1.02907 1.22647 0.02500
v -1.02907 1.22647 0.04500
v -1.02907 1.21433 0.02500
v -1.02907 1.21433 0.04500
v -1.02907 1.22647 0.02500
v -1.01693 1.22647 0.02500
v -1.02907 1.22647 0.04500
v -1.01693 1.22647 0.04500
v -1.02907 1.21433 0.04500
v -1.01693 1.21433 0.04500
v -1.02907 1.21433 0.02500
v -1.01693 1.21433 0.02500
v -1.02907 1.22647 0.04500
v -1.01693 1.22647 0.04500
v -1.02907 1.21433 0.04500
v -1.01693 1.21433 0.04500
v -1.01693 1.22647 0.02500
v -1.02907 1.22647 0.02500
v -1.01693 1.21433 0.02500
v -1.02907 1.21433 0.02500
v -1.01693 1.21327 0.04500
v -1.01693 1.21327 0.02500
v -1.01693 1.20113 0.04500
v -1.01693 1.20113 0.02500
v -1.02907 1.21327 0.02500
v -1.02907 1.21327 0.04500
v -1.02907 1.20113 0.02500
v -1.02907 1.20113 0.04500
v -1.02907 1.21327 0.02500
v -1.01693 1.21327 0.02500
v -1.02907 1.21327 0.04500
v -1.01693 1.21327 0.04500
v -1.02907 1.20113 0.04500
v -1.01693 1.20113 0.04500
v -1.02907 1.20113 0.02500
v -1.01693 1.20113 0.02500
v -1.02907 1.21327 0.04500
v -1.01693 1.21327 0.04500
v -1.02907 1.20113 0.04500
v -1.01693 1.20113 0.04500
v -1.01693 1.21327 0.02500
v -1.02907 1.21327 0.02500
v -1.01693 1.20113 0.02500
v -1.02907 1.20113 0.02500
v -1.00373 1.20007 0.04500
v -1.00373 1.20007 0.02500
v -1.00373 1.18793 0.04500
v -1.00373 1.18793 0.02500
v -1.01587 1.20007 0.02500
v -1.01587 1.20007 0.04500
v -1.01587 1.18793 0.02500
v -1.01587 1.18793 0.04500
v -1.01587 1.20007 0.02500
v -1.00373 1.20007 0.02500
v -1.01587 1.20007 0.04500
v -1.00373 1.20007 0.04500
v -1.01587 1.18793 0.04500
v -1.00373 1.18793 0.04500
v -1.01587 1.18793 0.02500
v -1.00373 1.18793 0.02500
v -1.01587 1.20007 0.04500
v -1.00373 1.20007 0.04500
v -1.01587 1.18793 0.04500
v -1.00373 1.18793 0.04500
v -1.00373 1.20007 0.02500
v -1.01587 1.20007 0.02500
v -1.00373 1.18793 0.02500
v -1.01587 1.18793 0.02500
v -0.99053 1.20007 0.04500
v -0.99053 1.20007 0.02500
v -0.99053 1.18793 0.04500
v -0.99053 1.18793 0.02500
v -1.00267 1.20007 0.02500
v -1.00267 1.20007 0.04500
v -1.00267 1.18793 0.02500
v -1.00267 1.18793 0.04500
v -1.00267 1.20007 0.02500
v -0.99053 1.20007 0.02500
v -1.00267 1.20007 0.04500
v -0.99053 1.20007 0.04500
v -1.00267 1.18793 0.04500
v -0.99053 1.18793 0.04500
v -1.00267 1.18793 0.02500
v -0.99053 1.18793 0.02500
v -1.00267 1.20007 0.04500
v -0.99053 1.20007 0.04500
v -1.00267 1.18793 0.04500
v -0.99053 1.18793 0.04500
v -0.99053 1.20007 0.02500
v -1.00267 1.20007 0.02500
v -0.99053 1.18793 0.02500
v -1.00267 1.18793 0.02500
v -0.97733 1.20007 0.04500
v -0.97733 1.20007 0.02500
v -0.97733 1.18793 0.04500
v -0.97733 1.18793 0.02500
v -0.98947 1.20007 0.02500
v -0.98947 1.20007 0.04500
v -0.98947 1.18793 0.02500
v -0.98947 1.18793 0.04500
v -0.98947 1.20007 0.02500
v -0.97733 1.20007 0.02500
v -0.98947 1.20007 0.04500
v -0.97733 1.20007 0.04500
v -0.98947 1.18793 0.04500
v -0.97733 1.18793 0.04500
v -0.98947 1.18793 0.02500
v -0.97733 1.18793 0.02500
v -0.98947 1.20007 0.04500
v -0.97733 1.20007 0.04500
v -0.98947 1.18793 0.04500
v -0.97733 1.18793 0.04500
v -0.97733 1.20007 0.02500
v -0.98947 1.20007 0.02500
v -0.97733 1.18793 0.02500
v -0.98947 1.18793 0.02500
v -0.96413 1.18687 0.04500
v -0.96413 1.18687 0.02500
v -0.96413 1.17473 0.04500
v -0.96413 1.17473 0.02500
v -0.97627 1.18687 0.02500
v -0.97627 1.18687 0.04500
v -0.97627 1.17473 0.02500
v -0.97627 1.17473 0.04500
v -0.97627 1.18687 0.02500
v -0.96413 1.18687 0.02500
v -0.97627 1.18687 0.04500
v -0.96413 1.18687 0.04500
v -0.97627 1.17473 0.04500
v -0.96413 1.17473 0.04500
v -0.97627 1.17473 0.02500
v -0.96413 1.17473 0.02500
v -0.97627 1.18687 0.04500
v -0.96413 1.18687 0.04500
v -0.97627 1.17473 0.04500
v -0.96413 1.17473 0.04500
v -0.96413 1.18687 0.02500
v -0.97627 1.18687 0.02500
v -0.96413 1.17473 0.02500
v -0.97627 1.17473 0.02500
v -0.96413 1.17367 0.04500
v -0.96413 1.17367 0.02500
v -0.96413 1.16153 0.04500
v -0.96413 1.16153 0.02500
v -0.97627 1.17367 0.02500
v -0.97627 1.17367 0.04500
v -0.97627 1.16153 0.02500
v -0.97627 1.16153 0.04500
v -0.97627 1.17367 0.02500
v -0.96413 1.17367 0.02500
v -0.97627 1.17367 0.04500
v -0.96413 1.17367 0.04500
v -0.97627 1.16153 0.04500
v -0.96413 1.16153 0.04500
v -0.97627 1.16153 0.02500
v -0.96413 1.16153 0.02500
v -0.97627 1.17367 0.04500
v -0.96413 1.17367 0.04500
v -0.97627 1.16153 0.04500
v -0.96413 1.16153 0.04500
v -0.96413 1.17367 0.02500
v -0.97627 1.17367 0.02500
v -0.96413 1.16153 0.02500
v -0.97627 1.16153 0.02500
v -1.01693 1.16047 0.04500
v -1.01693 1.16047 0.02500
v -1.01693 1.14833 0.04500
v -1.01693 1.14833 0.02500
v -1.02907 1.16047 0.02500
v -1.02907 1.16047 0.04500
v -1.02907 1.14833 0.02500
v -1.02907 1.14833 0.04500
v -1.02907 1.16047 0.02500
v -1.01693 1.16047 0.02500
v -1.02907 1.16047 0.04500
v -1.01693 1.16047 0.04500
v -1.02907 1.14833 0.04500
v -1.01693 1.14833 0.04500
v -1.02907 1.14833 0.02500
v -1.01693 1.14833 0.02500
v -1.02907 1.16047 0.04500
v -1.01693 1.16047 0.04500
v -1.02907 1.14833 0.04500
v -1.01693 1.14833 0.04500
v -1.01693 1.16047 0.02500
v -1.02907 1.16047 0.02500
v -1.01693 1.14833 0.02500
v -1.02907 1.14833 0.02500
v -1.00373 1.16047 0.04500
v -1.00373 1.16047 0.02500
v -1.00373 1.14833 0.04500
v -1.00373 1.14833 0.02500
v -1.01587 1.16047 0.02500
v -1.01587 1.16047 0.04500
v -1.01587 1.14833 0.02500
v -1.01587 1.14833 0.04500
v -1.01587 1.16047 0.02500
v -1.00373 1.16047 0.02500
v -1.01587 1.16047 0.04500
v -1.00373 1.16047 0.04500
v -1.01587 1.14833 0.04500
v -1.00373 1.14833 0.04500
v -1.01587 1.14833 0.02500
v -1.00373 1.14833 0.02500
v -1.01587 1.16047 0.04500
v -1.00373 1.16047 0.04500
v -1.01587 1.14833 0.04500
v -1.00373 1.14833 0.04500
v -1.00373 1.16047 0.02500
v -1.01587 1.16047 0.02500
v -1.00373 1.14833 0.02500
v -1.01587 1.14833 0.02500
v -0.99053 1.16047 0.04500
v -0.99053 1.16047 0.02500
v -0.99053 1.14833 0.04500
v -0.99053 1.14833 0.02500
v -1.00267 1.16047 0.02500
v -1.00267 1.16047 0.04500
v -1.00267 1.14833 0.02500
v -1.00267 1.14833 0.04500
v -1.00267 1.16047 0.02500
v -0.99053 1.16047 0.02500
v -1.00267 1.16047 0.04500
v -0.99053 1.16047 0.04500
v -1.00267 1.14833 0.04500
v -0.99053 1.14833 0.04500
v -1.00267 1.14833 0.02500
v -0.99053 1.14833 0.02500
v -1.00267 1.16047 0.04500
v -0.99053 1.16047 0.04500
v -1.00267 1.14833 0.04500
v -0.99053 1.14833 0.04500
v -0.99053 1.16047 0.02500
v -1.00267 1.16047 0.02500
v -0.99053 1.14833 0.02500
v -1.00267 1.14833 0.02500
v -0.97733 1.16047 0.04500
v -0.97733 1.16047 0.02500
v -0.97733 1.14833 0.04500
v -0.97733 1.14833 0.02500
v -0.98947 1.16047 0.02500
v -0.98947 1.16047 0.04500
v -0.98947 1.14833 0.02500
v -0.98947 1.14833 0.04500
v -0.98947 1.16047 0.02500
v -0.97733 1.16047 0.02500
v -0.98947 1.16047 0.04500
v -0.97733 1.16047 0.04500
v -0.98947 1.14833 0.04500
v -0.97733 1.14833 0.04500
v -0.98947 1.14833 0.02500
v -0.97733 1.14833 0.02500
v -0.98947 1.16047 0.04500
v -0.97733 1.16047 0.04500
v -0.98947 1.14833 0.04500
v -0.97733 1.14833 0.04500
v -0.97733 1.16047 0.02500
v -0.98947 1.16047 0.02500
v -0.97733 1.14833 0.02500
v -0.98947 1.14833 0.02500
v -0.93773 1.23967 0.04500
v -0.93773 1.23967 0.02500
v -0.93773 1.22753 0.04500
v -0.93773 1.22753 0.02500
v -0.94987 1.23967 0.02500
v -0.94987 1.23967 0.04500
v -0.94987 1.22753 0.02500
v -0.94987 1.22753 0.04500
v -0.94987 1.23967 0.02500
v -0.93773 1.23967 0.02500
v -0.94987 1.23967 0.04500
v -0.93773 1.23967 0.04500
v -0.94987 1.22753 0.04500
v -0.93773 1.22753 0.04500
v -0.94987 1.22753 0.02500
v -0.93773 1.22753 0.02500
v -0.94987 1.23967 0.04500
v -0.93773 1.23967 0.04500
v -0.94987 1.22753 0.04500
v -0.93773 1.22753 0.04500
v -0.93773 1.23967 0.02500
v -0.94987 1.23967 0.02500
v -0.93773 1.22753 0.02500
v -0.94987 1.22753 0.02500
v -0.92453 1.23967 0.04500
v -0.92453 1.23967 0.02500
v -0.92453 1.22753 0.04500
v -0.92453 1.22753 0.02500
v -0.93667 1.23967 0.02500
v -0.93667 1.23967 0.04500
v -0.93667 1.22753 0.02500
v -0.93667 1.22753 0.04500
v -0.93667 1.23967 0.02500
v -0.92453 1.23967 0.02500
v -0.93667 1.23967 0.04500
v -0.92453 1.23967 0.04500
v -0.93667 1.22753 0.04500
v -0.92453 1.22753 0.04500
v -0.93667 1.22753 0.02500
v -0.92453 1.22753 0.02500
v -0.93667 1.23967 0.04500
v -0.92453 1.23967 0.04500
v -0.93667 1.22753 0.04500
v -0.92453 1.22753 0.04500
v -0.92453 1.23967 0.02500
v -0.93667 1.23967 0.02500
v -0.92453 1.22753 0.02500
v -0.93667 1.22753 0.02500
v -0.91133 1.23967 0.04500
v -0.91133 1.23967 0.02500
v -0.91133 1.22753 0.04500
v -0.91133 1.22753 0.02500
v -0.92347 1.23967 0.02500
v -0.92347 1.23967 0.04500
v -0.92347 1.22753 0.02500
v -0.92347 1.22753 0.04500
v -0.92347 1.23967 0.02500
v -0.91133 1.23967 0.02500
v -0.92347 1.23967 0.04500
v -0.91133 1.23967 0.04500
v -0.92347 1.22753 0.04500
v -0.91133 1.22753 0.04500
v -0.92347 1.22753 0.02500
v -0.91133 1.22753 0.02500
v -0.92347 1.23967 0.04500
v -0.91133 1.23967 0.04500
v -0.92347 1.22753 0.04500
v -0.91133 1.22753 0.04500
v -0.91133 1.23967 0.02500
v -0.92347 1.23967 0.02500
v -0.91133 1.22753 0.02500
v -0.92347 1.22753 0.02500
v -0.89813 1.23967 0.04500
v -0.89813 1.23967 0.02500
v -0.89813 1.22753 0.04500
v -0.89813 1.22753 0.02500
v -0.91027 1.23967 0.02500
v -0.91027 1.23967 0.04500
v -0.91027 1.22753 0.02500
v -0.91027 1.22753 0.04500
v -0.91027 1.23967 0.02500
v -0.89813 1.23967 0.02500
v -0.91027 1.23967 0.04500
v -0.89813 1.23967 0.04500
v -0.91027 1.22753 0.04500
v -0.89813 1.22753 0.04500
v -0.91027 1.22753 0.02500
v -0.89813 1.22753 0.02500
v -0.91027 1.23967 0.04500
v -0.89813 1.23967 0.04500
v -0.91027 1.22753 0.04500
v -0.89813 1.22753 0.04500
v -0.89813 1.23967 0.02500
v -0.91027 1.23967 0.02500
v -0.89813 1.22753 0.02500
v -0.91027 1.22753 0.02500
v -0.88493 1.23967 0.04500
v -0.88493 1.23967 0.02500
v -0.88493 1.22753 0.04500
v -0.88493 1.22753 0.02500
v -0.89707 1.23967 0.02500
v -0.89707 1.23967 0.04500
v -0.89707 1.22753 0.02500
v -0.89707 1.22753 0.04500
v -0.89707 1.23967 0.02500
v -0.88493 1.23967 0.02500
v -0.89707 1.23967 0.04500
v -0.88493 1.23967 0.04500
v -0.89707 1.22753 0.04500
v -0.88493 1.22753 0.04500
v -0.89707 1.22753 0.02500
v -0.88493 1.22753 0.02500
v -0.89707 1.23967 0.04500
v -0.88493 1.23967 0.04500
v -0.89707 1.22753 0.04500
v -0.88493 1.22753 0.04500
v -0.88493 1.23967 0.02500
v -0.89707 1.23967 0.02500
v -0.88493 1.22753 0.02500
v -0.89707 1.22753 0.02500
v -0.91133 1.22647 0.04500
v -0.91133 1.22647 0.02500
v -0.91133 1.21433 0.04500
v -0.91133 1.21433 0.02500
v -0.92347 1.22647 0.02500
v -0.92347 1.22647 0.04500
v -0.92347 1.21433 0.02500
v -0.92347 1.21433 0.04500
v -0.92347 1.22647 0.02500
v -0.91133 1.22647 0.02500
v -0.92347 1.22647 0.04500
v -0.91133 1.22647 0.04500
v -0.92347 1.21433 0.04500
v -0.91133 1.21433 0.04500
v -0.92347 1.21433 0.02500
v -0.91133 1.21433 0.02500
v -0.92347 1.22647 0.04500
v -0.91133 1.22647 0.04500
v -0.92347 1.21433 0.04500
v -0.91133 1.21433 0.04500
v -0.91133 1.22647 0.02500
v -0.92347 1.22647 0.02500
v -0.91133 1.21433 0.02500
v -0.92347 1.21433 0.02500
v -0.91133 1.21327 0.04500
v -0.91133 1.21327 0.02500
v -0.91133 1.20113 0.04500
v -0.91133 1.20113 0.02500
v -0.92347 1.21327 0.02500
v -0.92347 1.21327 0.04500
v -0.92347 1.20113 0.02500
v -0.92347 1.20113 0.04500
v -0.92347 1.21327 0.02500
v -0.91133 1.21327 0.02500
v -0.92347 1.21327 0.04500
v -0.91133 1.21327 0.04500
v -0.92347 1.20113 0.04500
v -0.91133 1.20113 0.04500
v -0.92347 1.20113 0.02500
v -0.91133 1.20113 0.02500
v -0.92347 1.21327 0.04500
v -0.91133 1.21327 0.04500
v -0.92347 1.20113 0.04500
v -0.91133 1.20113 0.04500
v -0.91133 1.21327 0.02500
v -0.92347 1.21327 0.02500
v -0.91133 1.20113 0.02500
v -0.92347 1.20113 0.02500
v -0.91133 1.20007 0.04500
v -0.91133 1.20007 0.02500
v -0.91133 1.18793 0.04500
v -0.91133 1.18793 0.02500
v -0.92347 1.20007 0.02500
v -0.92347 1.20007 0.04500
v -0.92347 1.18793 0.02500
v -0.92347 1.18793 0.04500
v -0.92347 1.20007 0.02500
v -0.91133 1.20007 0.02500
v -0.92347 1.20007 0.04500
v -0.91133 1.20007 0.04500
v -0.92347 1.18793 0.04500
v -0.91133 1.18793 0.04500
v -0.92347 1.18793 0.02500
v -0.91133 1.18793 0.02500
v -0.92347 1.20007 0.04500
v -0.91133 1.20007 0.04500
v -0.92347 1.18793 0.04500
v -0.91133 1.18793 0.04500
v -0.91133 1.20007 0.02500
v -0.92347 1.20007 0.02500
v -0.91133 1.18793 0.02500
v -0.92347 1.18793 0.02500
v -0.91133 1.18687 0.04500
v -0.91133 1.18687 0.02500
v -0.91133 1.17473 0.04500
v -0.91133 1.17473 0.02500
v -0.92347 1.18687 0.02500
v -0.92347 1.18687 0.04500
v -0.92347 1.17473 0.02500
v -0.92347 1.17473 0.04500
v -0.92347 1.18687 0.02500
v -0.91133 1.18687 0.02500
v -0.92347 1.18687 0.04500
v -0.91133 1.18687 0.04500
v -0.92347 1.17473 0.04500
v -0.91133 1.17473 0.04500
v -0.92347 1.17473 0.02500
v -0.91133 1.17473 0.02500
v -0.92347 1.18687 0.04500
v -0.91133 1.18687 0.04500
v -0.92347 1.17473 0.04500
v -0.91133 1.17473 0.04500
v -0.91133 1.18687 0.02500
v -0.92347 1.18687 0.02500
v -0.91133 1.17473 0.02500
v -0.92347 1.17473 0.02500
v -0.91133 1.17367 0.04500
v -0.91133 1.17367 0.02500
v -0.91133 1.16153 0.04500
v -0.91133 1.16153 0.02500
v -0.92347 1.17367 0.02500
v -0.92347 1.17367 0.04500
v -0.92347 1.16153 0.02500
v -0.92347 1.16153 0.04500
v -0.92347 1.17367 0.02500
v -0.91133 1.17367 0.02500
v -0.92347 1.17367 0.04500
v -0.91133 1.17367 0.04500
v -0.92347 1.16153 0.04500
v -0.91133 1.16153 0.04500
v -0.92347 1.16153 0.02500
v -0.91133 1.16153 0.02500
v -0.92347 1.17367 0.04500
v -0.91133 1.17367 0.04500
v -0.92347 1.16153 0.04500
v -0.91133 1.16153 0.04500
v -0.91133 1.17367 0.02500
v -0.92347 1.17367 0.02500
v -0.91133 1.16153 0.02500
v -0.92347 1.16153 0.02500
v -0.91133 1.16047 0.04500
v -0.91133 1.16047 0.02500
v -0.91133 1.14833 0.04500
v -0.91133 1.14833 0.02500
v -0.92347 1.16047 0.02500
v -0.92347 1.16047 0.04500
v -0.92347 1.14833 0.02500
v -0.92347 1.14833 0.04500
v -0.92347 1.16047 0.02500
v -0.91133 1.16047 0.02500
v -0.92347 1.16047 0.04500
v -0.91133 1.16047 0.04500
v -0.92347 1.14833 0.04500
v -0.91133 1.14833 0.04500
v -0.92347 1.14833 0.02500
v -0.91133 1.14833 0.02500
v -0.92347 1.16047 0.04500
v -0.91133 1.16047 0.04500
v -0.92347 1.14833 0.04500
v -0.91133 1.14833 0.04500
v -0.91133 1.16047 0.02500
v -0.92347 1.16047 0.02500
v -0.91133 1.14833 0.02500
v -0.92347 1.14833 0.02500
v -0.84533 1.17367 0.04500
v -0.84533 1.17367 0.02500
v -0.84533 1.16153 0.04500
v -0.84533 1.16153 0.02500
v -0.85747 1.17367 0.02500
v -0.85747 1.17367 0.04500
v -0.85747 1.16153 0.02500
v -0.85747 1.16153 0.04500
v -0.85747 1.17367 0.02500
v -0.84533 1.17367 0.02500
v -0.85747 1.17367 0.04500
v -0.84533 1.17367 0.04500
v -0.85747 1.16153 0.04500
v -0.84533 1.16153 0.04500
v -0.85747 1.16153 0.02500
v -0.84533 1.16153 0.02500
v -0.85747 1.17367 0.04500
v -0.84533 1.17367 0.04500
v -0.85747 1.16153 0.04500
v -0.84533 1.16153 0.04500
v -0.84533 1.17367 0.02500
v -0.85747 1.17367 0.02500
v -0.84533 1.16153 0.02500
v -0.85747 1.16153 0.02500
v -0.83213 1.17367 0.04500
v -0.83213 1.17367 0.02500
v -0.83213 1.16153 0.04500
v -0.83213 1.16153 0.02500
v -0.84427 1.17367 0.02500
v -0.84427 1.17367 0.04500
v -0.84427 1.16153 0.02500
v -0.84427 1.16153 0.04500
v -0.84427 1.17367 0.02500
v -0.83213 1.17367 0.02500
v -0.84427 1.17367 0.04500
v -0.83213 1.17367 0.04500
v -0.84427 1.16153 0.04500
v -0.83213 1.16153 0.04500
v -0.84427 1.16153 0.02500
v -0.83213 1.16153 0.02500
v -0.84427 1.17367 0.04500
v -0.83213 1.17367 0.04500
v -0.84427 1.16153 0.04500
v -0.83213 1.16153 0.04500
v -0.83213 1.17367 0.02500
v -0.84427 1.17367 0.02500
v -0.83213 1.16153 0.02500
v -0.84427 1.16153 0.02500
v -0.84533 1.16047 0.04500
v -0.84533 1.16047 0.02500
v -0.84533 1.14833 0.04500
v -0.84533 1.14833 0.02500
v -0.85747 1.16047 0.02500
v -0.85747 1.16047 0.04500
v -0.85747 1.14833 0.02500
v -0.85747 1.14833 0.04500
v -0.85747 1.16047 0.02500
v -0.84533 1.16047 0.02500
v -0.85747 1.16047 0.04500
v -0.84533 1.16047 0.04500
v -0.85747 1.14833 0.04500
v -0.84533 1.14833 0.04500
v -0.85747 1.14833 0.02500
v -0.84533 1.14833 0.02500
v -0.85747 1.16047 0.04500
v -0.84533 1.16047 0.04500
v -0.85747 1.14833 0.04500
v -0.84533 1.14833 0.04500
v -0.84533 1.16047 0.02500
v -0.85747 1.16047 0.02500
v -0.84533 1.14833 0.02500
v -0.85747 1.14833 0.02500
v -0.83213 1.16047 0.04500
v -0.83213 1.16047 0.02500
v -0.83213 1.14833 0.04500
v -0.83213 1.14833 0.02500
v -0.84427 1.16047 0.02500
v -0.84427 1.16047 0.04500
v -0.84427 1.14833 0.02500
v -0.84427 1.14833 0.04500
v -0.84427 1.16047 0.02500
v -0.83213 1.16047 0.02500
v -0.84427 1.16047 0.04500
v -0.83213 1.16047 0.04500
v -0.84427 1.14833 0.04500
v -0.83213 1.14833 0.04500
v -0.84427 1.14833 0.02500
v -0.83213 1.14833 0.02500
v -0.84427 1.16047 0.04500
v -0.83213 1.16047 0.04500
v -0.84427 1.14833 0.04500
v -0.83213 1.14833 0.04500
v -0.83213 1.16047 0.02500
v -0.84427 1.16047 0.02500
v -0.83213 1.14833 0.02500
v -0.84427 1.14833 0.02500
v -0.67373 1.23967 0.04500
v -0.67373 1.23967 0.02500
v -0.67373 1.22753 0.04500
v -0.67373 1.22753 0.02500
v -0.68587 1.23967 0.02500
v -0.68587 1.23967 0.04500
v -0.68587 1.22753 0.02500
v -0.68587 1.22753 0.04500
v -0.68587 1.23967 0.02500
v -0.67373 1.23967 0.02500
v -0.68587 1.23967 0.04500
v -0.67373 1.23967 0.04500
v -0.68587 1.22753 0.04500
v -0.67373 1.22753 0.04500
v -0.68587 1.22753 0.02500
v -0.67373 1.22753 0.02500
v -0.68587 1.23967 0.04500
v -0.67373 1.23967 0.04500
v -0.68587 1.22753 0.04500
v -0.67373 1.22753 0.04500
v -0.67373 1.23967 0.02500
v -0.68587 1.23967 0.02500
v -0.67373 1.22753 0.02500
v -0.68587 1.22753 0.02500
v -0.68693 1.22647 0.04500
v -0.68693 1.22647 0.02500
v -0.68693 1.21433 0.04500
v -0.68693 1.21433 0.02500
v -0.69907 1.22647 0.02500
v -0.69907 1.22647 0.04500
v -0.69907 1.21433 0.02500
v -0.69907 1.21433 0.04500
v -0.69907 1.22647 0.02500
v -0.68693 1.22647 0.02500
v -0.69907 1.22647 0.04500
v -0.68693 1.22647 0.04500
v -0.69907 1.21433 0.04500
v -0.68693 1.21433 0.04500
v -0.69907 1.21433 0.02500
v -0.68693 1.21433 0.02500
v -0.69907 1.22647 0.04500
v -0.68693 1.22647 0.04500
v -0.69907 1.21433 0.04500
v -0.68693 1.21433 0.04500
v -0.68693 1.22647 0.02500
v -0.69907 1.22647 0.02500
v -0.68693 1.21433 0.02500
v -0.69907 1.21433 0.02500
v -0.67373 1.22647 0.04500
v -0.67373 1.22647 0.02500
v -0.67373 1.21433 0.04500
v -0.67373 1.21433 0.02500
v -0.68587 1.22647 0.02500
v -0.68587 1.22647 0.04500
v -0.68587 1.21433 0.02500
v -0.68587 1.21433 0.04500
v -0.68587 1.22647 0.02500
v -0.67373 1.22647 0.02500
v -0.68587 1.22647 0.04500
v -0.67373 1.22647 0.04500
v -0.68587 1.21433 0.04500
v -0.67373 1.21433 0.04500
v -0.68587 1.21433 0.02500
v -0.67373 1.21433 0.02500
v -0.68587 1.22647 0.04500
v -0.67373 1.22647 0.04500
v -0.68587 1.21433 0.04500
v -0.67373 1.21433 0.04500
v -0.67373 1.22647 0.02500
v -0.68587 1.22647 0.02500
v -0.67373 1.21433 0.02500
v -0.68587 1.21433 0.02500
v -0.67373 1.21327 0.04500
v -0.67373 1.21327 0.02500
v -0.67373 1.20113 0.04500
v -0.67373 1.20113 0.02500
v -0.68587 1.21327 0.02500
v -0.68587 1.21327 0.04500
v -0.68587 1.20113 0.02500
v -0.68587 1.20113 0.04500
v -0.68587 1.21327 0.02500
v -0.67373 1.21327 0.02500
v -0.68587 1.21327 0.04500
v -0.67373 1.21327 0.04500
v -0.68587 1.20113 0.04500
v -0.67373 1.20113 0.04500
v -0.68587 1.20113 0.02500
v -0.67373 1.20113 0.02500
v -0.68587 1.21327 0.04500
v -0.67373 1.21327 0.04500
v -0.68587 1.20113 0.04500
v -0.67373 1.20113 0.04500
v -0.67373 1.21327 0.02500
v -0.68587 1.21327 0.02500
v -0.67373 1.20113 0.02500
v -0.68587 1.20113 0.02500
v -0.67373 1.20007 0.04500
v -0.67373 1.20007 0.02500
v -0.67373 1.18793 0.04500
v -0.67373 1.18793 0.02500
v -0.68587 1.20007 0.02500
v -0.68587 1.20007 0.04500
v -0.68587 1.18793 0.02500
v -0.68587 1.18793 0.04500
v -0.68587 1.20007 0.02500
v -0.67373 1.20007 0.02500
v -0.68587 1.20007 0.04500
v -0.67373 1.20007 0.04500
v -0.68587 1.18793 0.04500
v -0.67373 1.18793 0.04500
v -0.68587 1.18793 0.02500
v -0.67373 1.18793 0.02500
v -0.68587 1.20007 0.04500
v -0.67373 1.20007 0.04500
v -0.68587 1.18793 0.04500
v -0.67373 1.18793 0.04500
v -0.67373 1.20007 0.02500
v -0.68587 1.20007 0.02500
v -0.67373 1.18793 0.02500
v -0.68587 1.18793 0.02500
v -0.67373 1.18687 0.04500
v -0.67373 1.18687 0.02500
v -0.67373 1.17473 0.04500
v -0.67373 1.17473 0.02500
v -0.68587 1.18687 0.02500
v -0.68587 1.18687 0.04500
v -0.68587 1.17473 0.02500
v -0.68587 1.17473 0.04500
v -0.68587 1.18687 0.02500
v -0.67373 1.18687 0.02500
v -0.68587 1.18687 0.04500
v -0.67373 1.18687 0.04500
v -0.68587 1.17473 0.04500
v -0.67373 1.17473 0.04500
v -0.68587 1.17473 0.02500
v -0.67373 1.17473 0.02500
v -0.68587 1.18687 0.04500
v -0.67373 1.18687 0.04500
v -0.68587 1.17473 0.04500
v -0.67373 1.17473 0.04500
v -0.67373 1.18687 0.02500
v -0.68587 1.18687 0.02500
v -0.67373 1.17473 0.02500
v -0.68587 1.17473 0.02500
v -0.67373 1.17367 0.04500
v -0.67373 1.17367 0.02500
v -0.67373 1.16153 0.04500
v -0.67373 1.16153 0.02500
v -0.68587 1.17367 0.02500
v -0.68587 1.17367 0.04500
v -0.68587 1.16153 0.02500
v -0.68587 1.16153 0.04500
v -0.68587 1.17367 0.02500
v -0.67373 1.17367 0.02500
v -0.68587 1.17367 0.04500
v -0.67373 1.17367 0.04500
v -0.68587 1.16153 0.04500
v -0.67373 1.16153 0.04500
v -0.68587 1.16153 0.02500
v -0.67373 1.16153 0.02500
v -0.68587 1.17367 0.04500
v -0.67373 1.17367 0.04500
v -0.68587 1.16153 0.04500
v -0.67373 1.16153 0.04500
v -0.67373 1.17367 0.02500
v -0.68587 1.17367 0.02500
v -0.67373 1.16153 0.02500
v -0.68587 1.16153 0.02500
v -0.68693 1.16047 0.04500
v -0.68693 1.16047 0.02500
v -0.68693 1.14833 0.04500
v -0.68693 1.14833 0.02500
v -0.69907 1.16047 0.02500
v -0.69907 1.16047 0.04500
v -0.69907 1.14833 0.02500
v -0.69907 1.14833 0.04500
v -0.69907 1.16047 0.02500
v -0.68693 1.16047 0.02500
v -0.69907 1.16047 0.04500
v -0.68693 1.16047 0.04500
v -0.69907 1.14833 0.04500
v -0.68693 1.14833 0.04500
v -0.69907 1.14833 0.02500
v -0.68693 1.14833 0.02500
v -0.69907 1.16047 0.04500
v -0.68693 1.16047 0.04500
v -0.69907 1.14833 0.04500
v -0.68693 1.14833 0.04500
v -0.68693 1.16047 0.02500
v -0.69907 1.16047 0.02500
v -0.68693 1.14833 0.02500
v -0.69907 1.14833 0.02500
v -0.67373 1.16047 0.04500
v -0.67373 1.16047 0.02500
v -0.67373 1.14833 0.04500
v -0.67373 1.14833 0.02500
v -0.68587 1.16047 0.02500
v -0.68587 1.16047 0.04500
v -0.68587 1.14833 0.02500
v -0.68587 1.14833 0.04500
v -0.68587 1.16047 0.02500
v -0.67373 1.16047 0.02500
v -0.68587 1.16047 0.04500
v -0.67373 1.16047 0.04500
v -0.68587 1.14833 0.04500
v -0.67373 1.14833 0.04500
v -0.68587 1.14833 0.02500
v -0.67373 1.14833 0.02500
v -0.68587 1.16047 0.04500
v -0.67373 1.16047 0.04500
v -0.68587 1.14833 0.04500
v -0.67373 1.14833 0.04500
v -0.67373 1.16047 0.02500
v -0.68587 1.16047 0.02500
v -0.67373 1.14833 0.02500
v -0.68587 1.14833 0.02500
v -0.66053 1.16047 0.04500
v -0.66053 1.16047 0.02500
v -0.66053 1.14833 0.04500
v -0.66053 1.14833 0.02500
v -0.67267 1.16047 0.02500
v -0.67267 1.16047 0.04500
v -0.67267 1.14833 0.02500
v -0.67267 1.14833 0.04500
v -0.67267 1.16047 0.02500
v -0.66053 1.16047 0.02500
v -0.67267 1.16047 0.04500
v -0.66053 1.16047 0.04500
v -0.67267 1.14833 0.04500
v -0.66053 1.14833 0.04500
v -0.67267 1.14833 0.02500
v -0.66053 1.14833 0.02500
v -0.67267 1.16047 0.04500
v -0.66053 1.16047 0.04500
v -0.67267 1.14833 0.04500
v -0.66053 1.14833 0.04500
v -0.66053 1.16047 0.02500
v -0.67267 1.16047 0.02500
v -0.66053 1.14833 0.02500
v -0.67267 1.14833 0.02500
v -0.60773 1.23967 0.04500
v -0.60773 1.23967 0.02500
v -0.60773 1.22753 0.04500
v -0.60773 1.22753 0.02500
v -0.61987 1.23967 0.02500
v -0.61987 1.23967 0.04500
v -0.61987 1.22753 0.02500
v -0.61987 1.22753 0.04500
v -0.61987 1.23967 0.02500
v -0.60773 1.23967 0.02500
v -0.61987 1.23967 0.04500
v -0.60773 1.23967 0.04500
v -0.61987 1.22753 0.04500
v -0.60773 1.22753 0.04500
v -0.61987 1.22753 0.02500
v -0.60773 1.22753 0.02500
v -0.61987 1.23967 0.04500
v -0.60773 1.23967 0.04500
v -0.61987 1.22753 0.04500
v -0.60773 1.22753 0.04500
v -0.60773 1.23967 0.02500
v -0.61987 1.23967 0.02500
v -0.60773 1.22753 0.02500
v -0.61987 1.22753 0.02500
v -0.59453 1.23967 0.04500
v -0.59453 1.23967 0.02500
v -0.59453 1.22753 0.04500
v -0.59453 1.22753 0.02500
v -0.60667 1.23967 0.02500
v -0.60667 1.23967 0.04500
v -0.60667 1.22753 0.02500
v -0.60667 1.22753 0.04500
v -0.60667 1.23967 0.02500
v -0.59453 1.23967 0.02500
v -0.60667 1.23967 0.04500
v -0.59453 1.23967 0.04500
v -0.60667 1.22753 0.04500
v -0.59453 1.22753 0.04500
v -0.60667 1.22753 0.02500
v -0.59453 1.22753 0.02500
v -0.60667 1.23967 0.04500
v -0.59453 1.23967 0.04500
v -0.60667 1.22753 0.04500
v -0.59453 1.22753 0.04500
v -0.59453 1.23967 0.02500
v -0.60667 1.23967 0.02500
v -0.59453 1.22753 0.02500
v -0.60667 1.22753 0.02500
v -0.58133 1.23967 0.04500
v -0.58133 1.23967 0.02500
v -0.58133 1.22753 0.04500
v -0.58133 1.22753 0.02500
v -0.59347 1.23967 0.02500
v -0.59347 1.23967 0.04500
v -0.59347 1.22753 0.02500
v -0.59347 1.22753 0.04500
v -0.59347 1.23967 0.02500
v -0.58133 1.23967 0.02500
v -0.59347 1.23967 0.04500
v -0.58133 1.23967 0.04500
v -0.59347 1.22753 0.04500
v -0.58133 1.22753 0.04500
v -0.59347 1.22753 0.02500
v -0.58133 1.22753 0.02500
v -0.59347 1.23967 0.04500
v -0.58133 1.23967 0.04500
v -0.59347 1.22753 0.04500
v -0.58133 1.22753 0.04500
v -0.58133 1.23967 0.02500
v -0.59347 1.23967 0.02500
v -0.58133 1.22753 0.02500
v -0.59347 1.22753 0.02500
v -0.62093 1.22647 0.04500
v -0.62093 1.22647 0.02500
v -0.62093 1.21433 0.04500
v -0.62093 1.21433 0.02500
v -0.63307 1.22647 0.02500
v -0.63307 1.22647 0.04500
v -0.63307 1.21433 0.02500
v -0.63307 1.21433 0.04500
v -0.63307 1.22647 0.02500
v -0.62093 1.22647 0.02500
v -0.63307 1.22647 0.04500
v -0.62093 1.22647 0.04500
v -0.63307 1.21433 0.04500
v -0.62093 1.21433 0.04500
v -0.63307 1.21433 0.02500
v -0.62093 1.21433 0.02500
v -0.63307 1.22647 0.04500
v -0.62093 1.22647 0.04500
v -0.63307 1.21433 0.04500
v -0.62093 1.21433 0.04500
v -0.62093 1.22647 0.02500
v -0.63307 1.22647 0.02500
v -0.62093 1.21433 0.02500
v -0.63307 1.21433 0.02500
v -0.56813 1.22647 0.04500
v -0.56813 1.22647 0.02500
v -0.56813 1.21433 0.04500
v -0.56813 1.21433 0.02500
v -0.58027 1.22647 0.02500
v -0.58027 1.22647 0.04500
v -0.58027 1.21433 0.02500
v -0.58027 1.21433 0.04500
v -0.58027 1.22647 0.02500
v -0.56813 1.22647 0.02500
v -0.58027 1.22647 0.04500
v -0.56813 1.22647 0.04500
v -0.58027 1.21433 0.04500
v -0.56813 1.21433 0.04500
v -0.58027 1.21433 0.02500
v -0.56813 1.21433 0.02500
v -0.58027 1.22647 0.04500
v -0.56813 1.22647 0.04500
v -0.58027 1.21433 0.04500
v -0.56813 1.21433 0.04500
v -0.56813 1.22647 0.02500
v -0.58027 1.22647 0.02500
v -0.56813 1.21433 0.02500
v -0.58027 1.21433 0.02500
v -0.62093 1.21327 0.04500
v -0.62093 1.21327 0.02500
v -0.62093 1.20113 0.04500
v -0.62093 1.20113 0.02500
v -0.63307 1.21327 0.02500
v -0.63307 1.21327 0.04500
v -0.63307 1.20113 0.02500
v -0.63307 1.20113 0.04500
v -0.63307 1.21327 0.02500
v -0.62093 1.21327 0.02500
v -0.63307 1.21327 0.04500
v -0.62093 1.21327 0.04500
v -0.63307 1.20113 0.04500
v -0.62093 1.20113 0.04500
v -0.63307 1.20113 0.02500
v -0.62093 1.20113 0.02500
v -0.63307 1.21327 0.04500
v -0.62093 1.21327 0.04500
v -0.63307 1.20113 0.04500
v -0.62093 1.20113 0.04500
v -0.62093 1.21327 0.02500
v -0.63307 1.21327 0.02500
v -0.62093 1.20113 0.02500
v -0.63307 1.20113 0.02500
v -0.56813 1.21327 0.04500
v -0.56813 1.21327 0.02500
v -0.56813 1.20113 0.04500
v -0.56813 1.20113 0.02500
v -0.58027 1.21327 0.02500
v -0.58027 1.21327 0.04500
v -0.58027 1.20113 0.02500
v -0.58027 1.20113 0.04500
v -0.58027 1.21327 0.02500
v -0.56813 1.21327 0.02500
v -0.58027 1.21327 0.04500
v -0.56813 1.21327 0.04500
v -0.58027 1.20113 0.04500
v -0.56813 1.20113 0.04500
v -0.58027 1.20113 0.02500
v -0.56813 1.20113 0.02500
v -0.58027 1.21327 0.04500
v -0.56813 1.21327 0.04500
v -0.58027 1.20113 0.04500
v -0.56813 1.20113 0.04500
v -0.56813 1.21327 0.02500
v -0.58027 1.21327 0.02500
v -0.56813 1.20113 0.02500
v -0.58027 1.20113 0.02500
v -0.60773 1.20007 0.04500
v -0.60773 1.20007 0.02500
v -0.60773 1.18793 0.04500
v -0.60773 1.18793 0.02500
v -0.61987 1.20007 0.02500
v -0.61987 1.20007 0.04500
v -0.61987 1.18793 0.02500
v -0.61987 1.18793 0.04500
v -0.61987 1.20007 0.02500
v -0.60773 1.20007 0.02500
v -0.61987 1.20007 0.04500
v -0.60773 1.20007 0.04500
v -0.61987 1.18793 0.04500
v -0.60773 1.18793 0.04500
v -0.61987 1.18793 0.02500
v -0.60773 1.18793 0.02500
v -0.61987 1.20007 0.04500
v -0.60773 1.20007 0.04500
v -0.61987 1.18793 0.04500
v -0.60773 1.18793 0.04500
v -0.60773 1.20007 0.02500
v -0.61987 1.20007 0.02500
v -0.60773 1.18793 0.02500
v -0.61987 1.18793 0.02500
v -0.59453 1.20007 0.04500
v -0.59453 1.20007 0.02500
v -0.59453 1.18793 0.04500
v -0.59453 1.18793 0.02500
v -0.60667 1.20007 0.02500
v -0.60667 1.20007 0.04500
v -0.60667 1.18793 0.02500
v -0.60667 1.18793 0.04500
v -0.60667 1.20007 0.02500
v -0.59453 1.20007 0.02500
v -0.60667 1.20007 0.04500
v -0.59453 1.20007 0.04500
v -0.60667 1.18793 0.04500
v -0.59453 1.18793 0.04500
v -0.60667 1.18793 0.02500
v -0.59453 1.18793 0.02500
v -0.60667 1.20007 0.04500
v -0.59453 1.20007 0.04500
v -0.60667 1.18793 0.04500
v -0.59453 1.18793 0.04500
v -0.59453 1.20007 0.02500
v -0.60667 1.20007 0.02500
v -0.59453 1.18793 0.02500
v -0.60667 1.18793 0.02500
v -0.58133 1.20007 0.04500
v -0.58133 1.20007 0.02500
v -0.58133 1.18793 0.04500
v -0.58133 1.18793 0.02500
v -0.59347 1.20007 0.02500
v -0.59347 1.20007 0.04500
v -0.59347 1.18793 0.02500
v -0.59347 1.18793 0.04500
v -0.59347 1.20007 0.02500
v -0.58133 1.20007 0.02500
v -0.59347 1.20007 0.04500
v -0.58133 1.20007 0.04500
v -0.59347 1.18793 0.04500
v -0.58133 1.18793 0.04500
v -0.59347 1.18793 0.02500
v -0.58133 1.18793 0.02500
v -0.59347 1.20007 0.04500
v -0.58133 1.20007 0.04500
v -0.59347 1.18793 0.04500
v -0.58133 1.18793 0.04500
v -0.58133 1.20007 0.02500
v -0.59347 1.20007 0.02500
v -0.58133 1.18793 0.02500
v -0.59347 1.18793 0.02500
v -0.62093 1.18687 0.04500
v -0.62093 1.18687 0.02500
v -0.62093 1.17473 0.04500
v -0.62093 1.17473 0.02500
v -0.63307 1.18687 0.02500
v -0.63307 1.18687 0.04500
v -0.63307 1.17473 0.02500
v -0.63307 1.17473 0.04500
v -0.63307 1.18687 0.02500
v -0.62093 1.18687 0.02500
v -0.63307 1.18687 0.04500
v -0.62093 1.18687 0.04500
v -0.63307 1.17473 0.04500
v -0.62093 1.17473 0.04500
v -0.63307 1.17473 0.02500
v -0.62093 1.17473 0.02500
v -0.63307 1.18687 0.04500
v -0.62093 1.18687 0.04500
v -0.63307 1.17473 0.04500
v -0.62093 1.17473 0.04500
v -0.62093 1.18687 0.02500
v -0.63307 1.18687 0.02500
v -0.62093 1.17473 0.02500
v -0.63307 1.17473 0.02500
v -0.56813 1.18687 0.04500
v -0.56813 1.18687 0.02500
v -0.56813 1.17473 0.04500
v -0.56813 1.17473 0.02500
v -0.58027 1.18687 0.02500
v -0.58027 1.18687 0.04500
v -0.58027 1.17473 0.02500
v -0.58027 1.17473 0.04500
v -0.58027 1.18687 0.02500
v -0.56813 1.18687 0.02500
v -0.58027 1.18687 0.04500
v -0.56813 1.18687 0.04500
v -0.58027 1.17473 0.04500
v -0.56813 1.17473 0.04500
v -0.58027 1.17473 0.02500
v -0.56813 1.17473 0.02500
v -0.58027 1.18687 0.04500
v -0.56813 1.18687 0.04500
v -0.58027 1.17473 0.04500
v -0.56813 1.17473 0.04500
v -0.56813 1.18687 0.02500
v -0.58027 1.18687 0.02500
v -0.56813 1.17473 0.02500
v -0.58027 1.17473 0.02500
v -0.62093 1.17367 0.04500
v -0.62093 1.17367 0.02500
v -0.62093 1.16153 0.04500
v -0.62093 1.16153 0.02500
v -0.63307 1.17367 0.02500
v -0.63307 1.17367 0.04500
v -0.63307 1.16153 0.02500
v -0.63307 1.16153 0.04500
v -0.63307 1.17367 0.02500
v -0.62093 1.17367 0.02500
v -0.63307 1.17367 0.04500
v -0.62093 1.17367 0.04500
v -0.63307 1.16153 0.04500
v -0.62093 1.16153 0.04500
v -0.63307 1.16153 0.02500
v -0.62093 1.16153 0.02500
v -0.63307 1.17367 0.04500
v -0.62093 1.17367 0.04500
v -0.63307 1.16153 0.04500
v -0.62093 1.16153 0.04500
v -0.62093 1.17367 0.02500
v -0.63307 1.17367 0.02500
v -0.62093 1.16153 0.02500
v -0.63307 1.16153 0.02500
v -0.56813 1.17367 0.04500
v -0.56813 1.17367 0.02500
v -0.56813 1.16153 0.04500
v -0.56813 1.16153 0.02500
v -0.58027 1.17367 0.02500
v -0.58027 1.17367 0.04500
v -0.58027 1.16153 0.02500
v -0.58027 1.16153 0.04500
v -0.58027 1.17367 0.02500
v -0.56813 1.17367 0.02500
v -0.58027 1.17367 0.04500
v -0.56813 1.17367 0.04500
v -0.58027 1.16153 0.04500
v -0.56813 1.16153 0.04500
v -0.58027 1.16153 0.02500
v -0.56813 1.16153 0.02500
v -0.58027 1.17367 0.04500
v -0.56813 1.17367 0.04500
v -0.58027 1.16153 0.04500
v -0.56813 1.16153 0.04500
v -0.56813 1.17367 0.02500
v -0.58027 1.17367 0.02500
v -0.56813 1.16153 0.02500
v -0.58027 1.16153 0.02500
v -0.60773 1.16047 0.04500
v -0.60773 1.16047 0.02500
v -0.60773 1.14833 0.04500
v -0.60773 1.14833 0.02500
v -0.61987 1.16047 0.02500
v -0.61987 1.16047 0.04500
v -0.61987 1.14833 0.02500
v -0.61987 1.14833 0.04500
v -0.61987 1.16047 0.02500
v -0.60773 1.16047 0.02500
v -0.61987 1.16047 0.04500
v -0.60773 1.16047 0.04500
v -0.61987 1.14833 0.04500
v -0.60773 1.14833 0.04500
v -0.61987 1.14833 0.02500
v -0.60773 1.14833 0.02500
v -0.61987 1.16047 0.04500
v -0.60773 1.16047 0.04500
v -0.61987 1.14833 0.04500
v -0.60773 1.14833 0.04500
v -0.60773 1.16047 0.02500
v -0.61987 1.16047 0.02500
v -0.60773 1.14833 0.02500
v -0.61987 1.14833 0.02500
v -0.59453 1.16047 0.04500
v -0.59453 1.16047 0.02500
v -0.59453 1.14833 0.04500
v -0.59453 1.14833 0.02500
v -0.60667 1.16047 0.02500
v -0.60667 1.16047 0.04500
v -0.60667 1.14833 0.02500
v -0.60667 1.14833 0.04500
v -0.60667 1.16047 0.02500
v -0.59453 1.16047 0.02500
v -0.60667 1.16047 0.04500
v -0.59453 1.16047 0.04500
v -0.60667 1.14833 0.04500
v -0.59453 1.14833 0.04500
v -0.60667 1.14833 0.02500
v -0.59453 1.14833 0.02500
v -0.60667 1.16047 0.04500
v -0.59453 1.16047 0.04500
v -0.60667 1.14833 0.04500
v -0.59453 1.14833 0.04500
v -0.59453 1.16047 0.02500
v -0.60667 1.16047 0.02500
v -0.59453 1.14833 0.02500
v -0.60667 1.14833 0.02500
v -0.58133 1.16047 0.04500
v -0.58133 1.16047 0.02500
v -0.58133 1.14833 0.04500
v -0.58133 1.14833 0.02500
v -0.59347 1.16047 0.02500
v -0.59347 1.16047 0.04500
v -0.59347 1.14833 0.02500
v -0.59347 1.14833 0.04500
v -0.59347 1.16047 0.02500
v -0.58133 1.16047 0.02500
v -0.59347 1.16047 0.04500
v -0.58133 1.16047 0.04500
v -0.59347 1.14833 0.04500
v -0.58133 1.14833 0.04500
v -0.59347 1.14833 0.02500
v -0.58133 1.14833 0.02500
v -0.59347 1.16047 0.04500
v -0.58133 1.16047 0.04500
v -0.59347 1.14833 0.04500
v -0.58133 1.14833 0.04500
v -0.58133 1.16047 0.02500
v -0.59347 1.16047 0.02500
v -0.58133 1.14833 0.02500
v -0.59347 1.14833 0.02500
v -0.54173 1.23967 0.04500
v -0.54173 1.23967 0.02500
v -0.54173 1.22753 0.04500
v -0.54173 1.22753 0.02500
v -0.55387 1.23967 0.02500
v -0.55387 1.23967 0.04500
v -0.55387 1.22753 0.02500
v -0.55387 1.22753 0.04500
v -0.55387 1.23967 0.02500
v -0.54173 1.23967 0.02500
v -0.55387 1.23967 0.04500
v -0.54173 1.23967 0.04500
v -0.55387 1.22753 0.04500
v -0.54173 1.22753 0.04500
v -0.55387 1.22753 0.02500
v -0.54173 1.22753 0.02500
v -0.55387 1.23967 0.04500
v -0.54173 1.23967 0.04500
v -0.55387 1.22753 0.04500
v -0.54173 1.22753 0.04500
v -0.54173 1.23967 0.02500
v -0.55387 1.23967 0.02500
v -0.54173 1.22753 0.02500
v -0.55387 1.22753 0.02500
v -0.52853 1.23967 0.04500
v -0.52853 1.23967 0.02500
v -0.52853 1.22753 0.04500
v -0.52853 1.22753 0.02500
v -0.54067 1.23967 0.02500
v -0.54067 1.23967 0.04500
v -0.54067 1.22753 0.02500
v -0.54067 1.22753 0.04500
v -0.54067 1.23967 0.02500
v -0.52853 1.23967 0.02500
v -0.54067 1.23967 0.04500
v -0.52853 1.23967 0.04500
v -0.54067 1.22753 0.04500
v -0.52853 1.22753 0.04500
v -0.54067 1.22753 0.02500
v -0.52853 1.22753 0.02500
v -0.54067 1.23967 0.04500
v -0.52853 1.23967 0.04500
v -0.54067 1.22753 0.04500
v -0.52853 1.22753 0.04500
v -0.52853 1.23967 0.02500
v -0.54067 1.23967 0.02500
v -0.52853 1.22753 0.02500
v -0.54067 1.22753 0.02500
v -0.51533 1.23967 0.04500
v -0.51533 1.23967 0.02500
v -0.51533 1.22753 0.04500
v -0.51533 1.22753 0.02500
v -0.52747 1.23967 0.02500
v -0.52747 1.23967 0.04500
v -0.52747 1.22753 0.02500
v -0.52747 1.22753 0.04500
v -0.52747 1.23967 0.02500
v -0.51533 1.23967 0.02500
v -0.52747 1.23967 0.04500
v -0.51533 1.23967 0.04500
v -0.52747 1.22753 0.04500
v -0.51533 1.22753 0.04500
v -0.52747 1.22753 0.02500
v -0.51533 1.22753 0.02500
v -0.52747 1.23967 0.04500
v -0.51533 1.23967 0.04500
v -0.52747 1.22753 0.04500
v -0.51533 1.22753 0.04500
v -0.51533 1.23967 0.02500
v -0.52747 1.23967 0.02500
v -0.51533 1.22753 0.02500
v -0.52747 1.22753 0.02500
v -0.50213 1.23967 0.04500
v -0.50213 1.23967 0.02500
v -0.50213 1.22753 0.04500
v -0.50213 1.22753 0.02500
v -0.51427 1.23967 0.02500
v -0.51427 1.23967 0.04500
v -0.51427 1.22753 0.02500
v -0.51427 1.22753 0.04500
v -0.51427 1.23967 0.02500
v -0.50213 1.23967 0.02500
v -0.51427 1.23967 0.04500
v -0.50213 1.23967 0.04500
v -0.51427 1.22753 0.04500
v -0.50213 1.22753 0.04500
v -0.51427 1.22753 0.02500
v -0.50213 1.22753 0.02500
v -0.51427 1.23967 0.04500
v -0.50213 1.23967 0.04500
v -0.51427 1.22753 0.04500
v -0.50213 1.22753 0.04500
v -0.50213 1.23967 0.02500
v -0.51427 1.23967 0.02500
v -0.50213 1.22753 0.02500
v -0.51427 1.22753 0.02500
v -0.48893 1.23967 0.04500
v -0.48893 1.23967 0.02500
v -0.48893 1.22753 0.04500
v -0.48893 1.22753 0.02500
v -0.50107 1.23967 0.02500
v -0.50107 1.23967 0.04500
v -0.50107 1.22753 0.02500
v -0.50107 1.22753 0.04500
v -0.50107 1.23967 0.02500
v -0.48893 1.23967 0.02500
v -0.50107 1.23967 0.04500
v -0.48893 1.23967 0.04500
v -0.50107 1.22753 0.04500
v -0.48893 1.22753 0.04500
v -0.50107 1.22753 0.02500
v -0.48893 1.22753 0.02500
v -0.50107 1.23967 0.04500
v -0.48893 1.23967 0.04500
v -0.50107 1.22753 0.04500
v -0.48893 1.22753 0.04500
v -0.48893 1.23967 0.02500
v -0.50107 1.23967 0.02500
v -0.48893 1.22753 0.02500
v -0.50107 1.22753 0.02500
v -0.54173 1.22647 0.04500
v -0.54173 1.22647 0.02500
v -0.54173 1.21433 0.04500
v -0.54173 1.21433 0.02500
v -0.55387 1.22647 0.02500
v -0.55387 1.22647 0.04500
v -0.55387 1.21433 0.02500
v -0.55387 1.21433 0.04500
v -0.55387 1.22647 0.02500
v -0.54173 1.22647 0.02500
v -0.55387 1.22647 0.04500
v -0.54173 1.22647 0.04500
v -0.55387 1.21433 0.04500
v -0.54173 1.21433 0.04500
v -0.55387 1.21433 0.02500
v -0.54173 1.21433 0.02500
v -0.55387 1.22647 0.04500
v -0.54173 1.22647 0.04500
v -0.55387 1.21433 0.04500
v -0.54173 1.21433 0.04500
v -0.54173 1.22647 0.02500
v -0.55387 1.22647 0.02500
v -0.54173 1.21433 0.02500
v -0.55387 1.21433 0.02500
v -0.54173 1.21327 0.04500
v -0.54173 1.21327 0.02500
v -0.54173 1.20113 0.04500
v -0.54173 1.20113 0.02500
v -0.55387 1.21327 0.02500
v -0.55387 1.21327 0.04500
v -0.55387 1.20113 0.02500
v -0.55387 1.20113 0.04500
v -0.55387 1.21327 0.02500
v -0.54173 1.21327 0.02500
v -0.55387 1.21327 0.04500
v -0.54173 1.21327 0.04500
v -0.55387 1.20113 0.04500
v -0.54173 1.20113 0.04500
v -0.55387 1.20113 0.02500
v -0.54173 1.20113 0.02500
v -0.55387 1.21327 0.04500
v -0.54173 1.21327 0.04500
v -0.55387 1.20113 0.04500
v -0.54173 1.20113 0.04500
v -0.54173 1.21327 0.02500
v -0.55387 1.21327 0.02500
v -0.54173 1.20113 0.02500
v -0.55387 1.20113 0.02500
v -0.54173 1.20007 0.04500
v -0.54173 1.20007 0.02500
v -0.54173 1.18793 0.04500
v -0.54173 1.18793 0.02500
v -0.55387 1.20007 0.02500
v -0.55387 1.20007 0.04500
v -0.55387 1.18793 0.02500
v -0.55387 1.18793 0.04500
v -0.55387 1.20007 0.02500
v -0.54173 1.20007 0.02500
v -0.55387 1.20007 0.04500
v -0.54173 1.20007 0.04500
v -0.55387 1.18793 0.04500
v -0.54173 1.18793 0.04500
v -0.55387 1.18793 0.02500
v -0.54173 1.18793 0.02500
v -0.55387 1.20007 0.04500
v -0.54173 1.20007 0.04500
v -0.55387 1.18793 0.04500
v -0.54173 1.18793 0.04500
v -0.54173 1.20007 0.02500
v -0.55387 1.20007 0.02500
v -0.54173 1.18793 0.02500
v -0.55387 1.18793 0.02500
v -0.52853 1.20007 0.04500
v -0.52853 1.20007 0.02500
v -0.52853 1.18793 0.04500
v -0.52853 1.18793 0.02500
v -0.54067 1.20007 0.02500
v -0.54067 1.20007 0.04500
v -0.54067 1.18793 0.02500
v -0.54067 1.18793 0.04500
v -0.54067 1.20007 0.02500
v -0.52853 1.20007 0.02500
v -0.54067 1.20007 0.04500
v -0.52853 1.20007 0.04500
v -0.54067 1.18793 0.04500
v -0.52853 1.18793 0.04500
v -0.54067 1.18793 0.02500
v -0.52853 1.18793 0.02500
v -0.54067 1.20007 0.04500
v -0.52853 1.20007 0.04500
v -0.54067 1.18793 0.04500
v -0.52853 1.18793 0.04500
v -0.52853 1.20007 0.02500
v -0.54067 1.20007 0.02500
v -0.52853 1.18793 0.02500
v -0.54067 1.18793 0.02500
v -0.51533 1.20007 0.04500
v -0.51533 1.20007 0.02500
v -0.51533 1.18793 0.04500
v -0.51533 1.18793 0.02500
v -0.52747 1.20007 0.02500
v -0.52747 1.20007 0.04500
v -0.52747 1.18793 0.02500
v -0.52747 1.18793 0.04500
v -0.52747 1.20007 0.02500
v -0.51533 1.20007 0.02500
v -0.52747 1.20007 0.04500
v -0.51533 1.20007 0.04500
v -0.52747 1.18793 0.04500
v -0.51533 1.18793 0.04500
v -0.52747 1.18793 0.02500
v -0.51533 1.18793 0.02500
v -0.52747 1.20007 0.04500
v -0.51533 1.20007 0.04500
v -0.52747 1.18793 0.04500
v -0.51533 1.18793 0.04500
v -0.51533 1.20007 0.02500
v -0.52747 1.20007 0.02500
v -0.51533 1.18793 0.02500
v -0.52747 1.18793 0.02500
v -0.50213 1.20007 0.04500
v -0.50213 1.20007 0.02500
v -0.50213 1.18793 0.04500
v -0.50213 1.18793 0.02500
v -0.51427 1.20007 0.02500
v -0.51427 1.20007 0.04500
v -0.51427 1.18793 0.02500
v -0.51427 1.18793 0.04500
v -0.51427 1.20007 0.02500
v -0.50213 1.20007 0.02500
v -0.51427 1.20007 0.04500
v -0.50213 1.20007 0.04500
v -0.51427 1.18793 0.04500
v -0.50213 1.18793 0.04500
v -0.51427 1.18793 0.02500
v -0.50213 1.18793 0.02500
v -0.51427 1.20007 0.04500
v -0.50213 1.20007 0.04500
v -0.51427 1.18793 0.04500
v -0.50213 1.18793 0.04500
v -0.50213 1.20007 0.02500
v -0.51427 1.20007 0.02500
v -0.50213 1.18793 0.02500
v -0.51427 1.18793 0.02500
v -0.48893 1.18687 0.04500
v -0.48893 1.18687 0.02500
v -0.48893 1.17473 0.04500
v -0.48893 1.17473 0.02500
v -0.50107 1.18687 0.02500
v -0.50107 1.18687 0.04500
v -0.50107 1.17473 0.02500
v -0.50107 1.17473 0.04500
v -0.50107 1.18687 0.02500
v -0.48893 1.18687 0.02500
v -0.50107 1.18687 0.04500
v -0.48893 1.18687 0.04500
v -0.50107 1.17473 0.04500
v -0.48893 1.17473 0.04500
v -0.50107 1.17473 0.02500
v -0.48893 1.17473 0.02500
v -0.50107 1.18687 0.04500
v -0.48893 1.18687 0.04500
v -0.50107 1.17473 0.04500
v -0.48893 1.17473 0.04500
v -0.48893 1.18687 0.02500
v -0.50107 1.18687 0.02500
v -0.48893 1.17473 0.02500
v -0.50107 1.17473 0.02500
v -0.48893 1.17367 0.04500
v -0.48893 1.17367 0.02500
v -0.48893 1.16153 0.04500
v -0.48893 1.16153 0.02500
v -0.50107 1.17367 0.02500
v -0.50107 1.17367 0.04500
v -0.50107 1.16153 0.02500
v -0.50107 1.16153 0.04500
v -0.50107 1.17367 0.02500
v -0.48893 1.17367 0.02500
v -0.50107 1.17367 0.04500
v -0.48893 1.17367 0.04500
v -0.50107 1.16153 0.04500
v -0.48893 1.16153 0.04500
v -0.50107 1.16153 0.02500
v -0.48893 1.16153 0.02500
v -0.50107 1.17367 0.04500
v -0.48893 1.17367 0.04500
v -0.50107 1.16153 0.04500
v -0.48893 1.16153 0.04500
v -0.48893 1.17367 0.02500
v -0.50107 1.17367 0.02500
v -0.48893 1.16153 0.02500
v -0.50107 1.16153 0.02500
v -0.54173 1.16047 0.04500
v -0.54173 1.16047 0.02500
v -0.54173 1.14833 0.04500
v -0.54173 1.14833 0.02500
v -0.55387 1.16047 0.02500
v -0.55387 1.16047 0.04500
v -0.55387 1.14833 0.02500
v -0.55387 1.14833 0.04500
v -0.55387 1.16047 0.02500
v -0.54173 1.16047 0.02500
v -0.55387 1.16047 0.04500
v -0.54173 1.16047 0.04500
v -0.55387 1.14833 0.04500
v -0.54173 1.14833 0.04500
v -0.55387 1.14833 0.02500
v -0.54173 1.14833 0.02500
v -0.55387 1.16047 0.04500
v -0.54173 1.16047 0.04500
v -0.55387 1.14833 0.04500
v -0.54173 1.14833 0.04500
v -0.54173 1.16047 0.02500
v -0.55387 1.16047 0.02500
v -0.54173 1.14833 0.02500
v -0.55387 1.14833 0.02500
v -0.52853 1.16047 0.04500
v -0.52853 1.16047 0.02500
v -0.52853 1.14833 0.04500
v -0.52853 1.14833 0.02500
v -0.54067 1.16047 0.02500
v -0.54067 1.16047 0.04500
v -0.54067 1.14833 0.02500
v -0.54067 1.14833 0.04500
v -0.54067 1.16047 0.02500
v -0.52853 1.16047 0.02500
v -0.54067 1.16047 0.04500
v -0.52853 1.16047 0.04500
v -0.54067 1.14833 0.04500
v -0.52853 1.14833 0.04500
v -0.54067 1.14833 0.02500
v -0.52853 1.14833 0.02500
v -0.54067 1.16047 0.04500
v -0.52853 1.16047 0.04500
v -0.54067 1.14833 0.04500
v -0.52853 1.14833 0.04500
v -0.52853 1.16047 0.02500
v -0.54067 1.16047 0.02500
v -0.52853 1.14833 0.02500
v -0.54067 1.14833 0.02500
v -0.51533 1.16047 0.04500
v -0.51533 1.16047 0.02500
v -0.51533 1.14833 0.04500
v -0.51533 1.14833 0.02500
v -0.52747 1.16047 0.02500
v -0.52747 1.16047 0.04500
v -0.52747 1.14833 0.02500
v -0.52747 1.14833 0.04500
v -0.52747 1.16047 0.02500
v -0.51533 1.16047 0.02500
v -0.52747 1.16047 0.04500
v -0.51533 1.16047 0.04500
v -0.52747 1.14833 0.04500
v -0.51533 1.14833 0.04500
v -0.52747 1.14833 0.02500
v -0.51533 1.14833 0.02500
v -0.52747 1.16047 0.04500
v -0.51533 1.16047 0.04500
v -0.52747 1.14833 0.04500
v -0.51533 1.14833 0.04500
v -0.51533 1.16047 0.02500
v -0.52747 1.16047 0.02500
v -0.51533 1.14833 0.02500
v -0.52747 1.14833 0.02500
v -0.50213 1.16047 0.04500
v -0.50213 1.16047 0.02500
v -0.50213 1.14833 0.04500
v -0.50213 1.14833 0.02500
v -0.51427 1.16047 0.02500
v -0.51427 1.16047 0.04500
v -0.51427 1.14833 0.02500
v -0.51427 1.14833 0.04500
v -0.51427 1.16047 0.02500
v -0.50213 1.16047 0.02500
v -0.51427 1.16047 0.04500
v -0.50213 1.16047 0.04500
v -0.51427 1.14833 0.04500
v -0.50213 1.14833 0.04500
v -0.51427 1.14833 0.02500
v -0.50213 1.14833 0.02500
v -0.51427 1.16047 0.04500
v -0.50213 1.16047 0.04500
v -0.51427 1.14833 0.04500
v -0.50213 1.14833 0.04500
v -0.50213 1.16047 0.02500
v -0.51427 1.16047 0.02500
v -0.50213 1.14833 0.02500
v -0.51427 1.14833 0.02500
v -0.44933 1.23967 0.04500
v -0.44933 1.23967 0.02500
v -0.44933 1.22753 0.04500
v -0.44933 1.22753 0.02500
v -0.46147 1.23967 0.02500
v -0.46147 1.23967 0.04500
v -0.46147 1.22753 0.02500
v -0.46147 1.22753 0.04500
v -0.46147 1.23967 0.02500
v -0.44933 1.23967 0.02500
v -0.46147 1.23967 0.04500
v -0.44933 1.23967 0.04500
v -0.46147 1.22753 0.04500
v -0.44933 1.22753 0.04500
v -0.46147 1.22753 0.02500
v -0.44933 1.22753 0.02500
v -0.46147 1.23967 0.04500
v -0.44933 1.23967 0.04500
v -0.46147 1.22753 0.04500
v -0.44933 1.22753 0.04500
v -0.44933 1.23967 0.02500
v -0.46147 1.23967 0.02500
v -0.44933 1.22753 0.02500
v -0.46147 1.22753 0.02500
v -0.43613 1.23967 0.04500
v -0.43613 1.23967 0.02500
v -0.43613 1.22753 0.04500
v -0.43613 1.22753 0.02500
v -0.44827 1.23967 0.02500
v -0.44827 1.23967 0.04500
v -0.44827 1.22753 0.02500
v -0.44827 1.22753 0.04500
v -0.44827 1.23967 0.02500
v -0.43613 1.23967 0.02500
v -0.44827 1.23967 0.04500
v -0.43613 1.23967 0.04500
v -0.44827 1.22753 0.04500
v -0.43613 1.22753 0.04500
v -0.44827 1.22753 0.02500
v -0.43613 1.22753 0.02500
v -0.44827 1.23967 0.04500
v -0.43613 1.23967 0.04500
v -0.44827 1.22753 0.04500
v -0.43613 1.22753 0.04500
v -0.43613 1.23967 0.02500
v -0.44827 1.23967 0.02500
v -0.43613 1.22753 0.02500
v -0.44827 1.22753 0.02500
v -0.42293 1.23967 0.04500
v -0.42293 1.23967 0.02500
v -0.42293 1.22753 0.04500
v -0.42293 1.22753 0.02500
v -0.43507 1.23967 0.02500
v -0.43507 1.23967 0.04500
v -0.43507 1.22753 0.02500
v -0.43507 1.22753 0.04500
v -0.43507 1.23967 0.02500
v -0.42293 1.23967 0.02500
v -0.43507 1.23967 0.04500
v -0.42293 1.23967 0.04500
v -0.43507 1.22753 0.04500
v -0.42293 1.22753 0.04500
v -0.43507 1.22753 0.02500
v -0.42293 1.22753 0.02500
v -0.43507 1.23967 0.04500
v -0.42293 1.23967 0.04500
v -0.43507 1.22753 0.04500
v -0.42293 1.22753 0.04500
v -0.42293 1.23967 0.02500
v -0.43507 1.23967 0.02500
v -0.42293 1.22753 0.02500
v -0.43507 1.22753 0.02500
v -0.46253 1.22647 0.04500
v -0.46253 1.22647 0.02500
v -0.46253 1.21433 0.04500
v -0.46253 1.21433 0.02500
v -0.47467 1.22647 0.02500
v -0.47467 1.22647 0.04500
v -0.47467 1.21433 0.02500
v -0.47467 1.21433 0.04500
v -0.47467 1.22647 0.02500
v -0.46253 1.22647 0.02500
v -0.47467 1.22647 0.04500
v -0.46253 1.22647 0.04500
v -0.47467 1.21433 0.04500
v -0.46253 1.21433 0.04500
v -0.47467 1.21433 0.02500
v -0.46253 1.21433 0.02500
v -0.47467 1.22647 0.04500
v -0.46253 1.22647 0.04500
v -0.47467 1.21433 0.04500
v -0.46253 1.21433 0.04500
v -0.46253 1.22647 0.02500
v -0.47467 1.22647 0.02500
v -0.46253 1.21433 0.02500
v -0.47467 1.21433 0.02500
v -0.40973 1.22647 0.04500
v -0.40973 1.22647 0.02500
v -0.40973 1.21433 0.04500
v -0.40973 1.21433 0.02500
v -0.42187 1.22647 0.02500
v -0.42187 1.22647 0.04500
v -0.42187 1.21433 0.02500
v -0.42187 1.21433 0.04500
v -0.42187 1.22647 0.02500
v -0.40973 1.22647 0.02500
v -0.42187 1.22647 0.04500
v -0.40973 1.22647 0.04500
v -0.42187 1.21433 0.04500
v -0.40973 1.21433 0.04500
v -0.42187 1.21433 0.02500
v -0.40973 1.21433 0.02500
v -0.42187 1.22647 0.04500
v -0.40973 1.22647 0.04500
v -0.42187 1.21433 0.04500
v -0.40973 1.21433 0.04500
v -0.40973 1.22647 0.02500
v -0.42187 1.22647 0.02500
v -0.40973 1.21433 0.02500
v -0.42187 1.21433 0.02500
v -0.46253 1.21327 0.04500
v -0.46253 1.21327 0.02500
v -0.46253 1.20113 0.04500
v -0.46253 1.20113 0.02500
v -0.47467 1.21327 0.02500
v -0.47467 1.21327 0.04500
v -0.47467 1.20113 0.02500
v -0.47467 1.20113 0.04500
v -0.47467 1.21327 0.02500
v -0.46253 1.21327 0.02500
v -0.47467 1.21327 0.04500
v -0.46253 1.21327 0.04500
v -0.47467 1.20113 0.04500
v -0.46253 1.20113 0.04500
v -0.47467 1.20113 0.02500
v -0.46253 1.20113 0.02500
v -0.47467 1.21327 0.04500
v -0.46253 1.21327 0.04500
v -0.47467 1.20113 0.04500
v -0.46253 1.20113 0.04500
v -0.46253 1.21327 0.02500
v -0.47467 1.21327 0.02500
v -0.46253 1.20113 0.02500
v -0.47467 1.20113 0.02500
v -0.40973 1.21327 0.04500
v -0.40973 1.21327 0.02500
v -0.40973 1.20113 0.04500
v -0.40973 1.20113 0.02500
v -0.42187 1.21327 0.02500
v -0.42187 1.21327 0.04500
v -0.42187 1.20113 0.02500
v -0.42187 1.20113 0.04500
v -0.42187 1.21327 0.02500
v -0.40973 1.21327 0.02500
v -0.42187 1.21327 0.04500
v -0.40973 1.21327 0.04500
v -0.42187 1.20113 0.04500
v -0.40973 1.20113 0.04500
v -0.42187 1.20113 0.02500
v -0.40973 1.20113 0.02500
v -0.42187 1.21327 0.04500
v -0.40973 1.21327 0.04500
v -0.42187 1.20113 0.04500
v -0.40973 1.20113 0.04500
v -0.40973 1.21327 0.02500
v -0.42187 1.21327 0.02500
v -0.40973 1.20113 0.02500
v -0.42187 1.20113 0.02500
v -0.44933 1.20007 0.04500
v -0.44933 1.20007 0.02500
v -0.44933 1.18793 0.04500
v -0.44933 1.18793 0.02500
v -0.46147 1.20007 0.02500
v -0.46147 1.20007 0.04500
v -0.46147 1.18793 0.02500
v -0.46147 1.18793 0.04500
v -0.46147 1.20007 0.02500
v -0.44933 1.20007 0.02500
v -0.46147 1.20007 0.04500
v -0.44933 1.20007 0.04500
v -0.46147 1.18793 0.04500
v -0.44933 1.18793 0.04500
v -0.46147 1.18793 0.02500
v -0.44933 1.18793 0.02500
v -0.46147 1.20007 0.04500
v -0.44933 1.20007 0.04500
v -0.46147 1.18793 0.04500
v -0.44933 1.18793 0.04500
v -0.44933 1.20007 0.02500
v -0.46147 1.20007 0.02500
v -0.44933 1.18793 0.02500
v -0.46147 1.18793 0.02500
v -0.43613 1.20007 0.04500
v -0.43613 1.20007 0.02500
v -0.43613 1.18793 0.04500
v -0.43613 1.18793 0.02500
v -0.44827 1.20007 0.02500
v -0.44827 1.20007 0.04500
v -0.44827 1.18793 0.02500
v -0.44827 1.18793 0.04500
v -0.44827 1.20007 0.02500
v -0.43613 1.20007 0.02500
v -0.44827 1.20007 0.04500
v -0.43613 1.20007 0.04500
v -0.44827 1.18793 0.04500
v -0.43613 1.18793 0.04500
v -0.44827 1.18793 0.02500
v -0.43613 1.18793 0.02500
v -0.44827 1.20007 0.04500
v -0.43613 1.20007 0.04500
v -0.44827 1.18793 0.04500
v -0.43613 1.18793 0.04500
v -0.43613 1.20007 0.02500
v -0.44827 1.20007 0.02500
v -0.43613 1.18793 0.02500
v -0.44827 1.18793 0.02500
v -0.42293 1.20007 0.04500
v -0.42293 1.20007 0.02500
v -0.42293 1.18793 0.04500
v -0.42293 1.18793 0.02500
v -0.43507 1.20007 0.02500
v -0.43507 1.20007 0.04500
v -0.43507 1.18793 0.02500
v -0.43507 1.18793 0.04500
v -0.43507 1.20007 0.02500
v -0.42293 1.20007 0.02500
v -0.43507 1.20007 0.04500
v -0.42293 1.20007 0.04500
v -0.43507 1.18793 0.04500
v -0.42293 1.18793 0.04500
v -0.43507 1.18793 0.02500
v -0.42293 1.18793 0.02500
v -0.43507 1.20007 0.04500
v -0.42293 1.20007 0.04500
v -0.43507 1.18793 0.04500
v -0.42293 1.18793 0.04500
v -0.42293 1.20007 0.02500
v -0.43507 1.20007 0.02500
v -0.42293 1.18793 0.02500
v -0.43507 1.18793 0.02500
v -0.40973 1.20007 0.04500
v -0.40973 1.20007 0.02500
v -0.40973 1.18793 0.04500
v -0.40973 1.18793 0.02500
v -0.42187 1.20007 0.02500
v -0.42187 1.20007 0.04500
v -0.42187 1.18793 0.02500
v -0.42187 1.18793 0.04500
v -0.42187 1.20007 0.02500
v -0.40973 1.20007 0.02500
v -0.42187 1.20007 0.04500
v -0.40973 1.20007 0.04500
v -0.42187 1.18793 0.04500
v -0.40973 1.18793 0.04500
v -0.42187 1.18793 0.02500
v -0.40973 1.18793 0.02500
v -0.42187 1.20007 0.04500
v -0.40973 1.20007 0.04500
v -0.42187 1.18793 0.04500
v -0.40973 1.18793 0.04500
v -0.40973 1.20007 0.02500
v -0.42187 1.20007 0.02500
v -0.40973 1.18793 0.02500
v -0.42187 1.18793 0.02500
v -0.40973 1.18687 0.04500
v -0.40973 1.18687 0.02500
v -0.40973 1.17473 0.04500
v -0.40973 1.17473 0.02500
v -0.42187 1.18687 0.02500
v -0.42187 1.18687 0.04500
v -0.42187 1.17473 0.02500
v -0.42187 1.17473 0.04500
v -0.42187 1.18687 0.02500
v -0.40973 1.18687 0.02500
v -0.42187 1.18687 0.04500
v -0.40973 1.18687 0.04500
v -0.42187 1.17473 0.04500
v -0.40973 1.17473 0.04500
v -0.42187 1.17473 0.02500
v -0.40973 1.17473 0.02500
v -0.42187 1.18687 0.04500
v -0.40973 1.18687 0.04500
v -0.42187 1.17473 0.04500
v -0.40973 1.17473 0.04500
v -0.40973 1.18687 0.02500
v -0.42187 1.18687 0.02500
v -0.40973 1.17473 0.02500
v -0.42187 1.17473 0.02500
v -0.40973 1.17367 0.04500
v -0.40973 1.17367 0.02500
v -0.40973 1.16153 0.04500
v -0.40973 1.16153 0.02500
v -0.42187 1.17367 0.02500
v -0.42187 1.17367 0.04500
v -0.42187 1.16153 0.02500
v -0.42187 1.16153 0.04500
v -0.42187 1.17367 0.02500
v -0.40973 1.17367 0.02500
v -0.42187 1.17367 0.04500
v -0.40973 1.17367 0.04500
v -0.42187 1.16153 0.04500
v -0.40973 1.16153 0.04500
v -0.42187 1.16153 0.02500
v -0.40973 1.16153 0.02500
v -0.42187 1.17367 0.04500
v -0.40973 1.17367 0.04500
v -0.42187 1.16153 0.04500
v -0.40973 1.16153 0.04500
v -0.40973 1.17367 0.02500
v -0.42187 1.17367 0.02500
v -0.40973 1.16153 0.02500
v -0.42187 1.16153 0.02500
v -0.44933 1.16047 0.04500
v -0.44933 1.16047 0.02500
v -0.44933 1.14833 0.04500
v -0.44933 1.14833 0.02500
v -0.46147 1.16047 0.02500
v -0.46147 1.16047 0.04500
v -0.46147 1.14833 0.02500
v -0.46147 1.14833 0.04500
v -0.46147 1.16047 0.02500
v -0.44933 1.16047 0.02500
v -0.46147 1.16047 0.04500
v -0.44933 1.16047 0.04500
v -0.46147 1.14833 0.04500
v -0.44933 1.14833 0.04500
v -0.46147 1.14833 0.02500
v -0.44933 1.14833 0.02500
v -0.46147 1.16047 0.04500
v -0.44933 1.16047 0.04500
v -0.46147 1.14833 0.04500
v -0.44933 1.14833 0.04500
v -0.44933 1.16047 0.02500
v -0.46147 1.16047 0.02500
v -0.44933 1.14833 0.02500
v -0.46147 1.14833 0.02500
v -0.43613 1.16047 0.04500
v -0.43613 1.16047 0.02500
v -0.43613 1.14833 0.04500
v -0.43613 1.14833 0.02500
v -0.44827 1.16047 0.02500
v -0.44827 1.16047 0.04500
v -0.44827 1.14833 0.02500
v -0.44827 1.14833 0.04500
v -0.44827 1.16047 0.02500
v -0.43613 1.16047 0.02500
v -0.44827 1.16047 0.04500
v -0.43613 1.16047 0.04500
v -0.44827 1.14833 0.04500
v -0.43613 1.14833 0.04500
v -0.44827 1.14833 0.02500
v -0.43613 1.14833 0.02500
v -0.44827 1.16047 0.04500
v -0.43613 1.16047 0.04500
v -0.44827 1.14833 0.04500
v -0.43613 1.14833 0.04500
v -0.43613 1.16047 0.02500
v -0.44827 1.16047 0.02500
v -0.43613 1.14833 0.02500
v -0.44827 1.14833 0.02500
v -0.42293 1.16047 0.04500
v -0.42293 1.16047 0.02500
v -0.42293 1.14833 0.04500
v -0.42293 1.14833 0.02500
v -0.43507 1.16047 0.02500
v -0.43507 1.16047 0.04500
v -0.43507 1.14833 0.02500
v -0.43507 1.14833 0.04500
v -0.43507 1.16047 0.02500
v -0.42293 1.16047 0.02500
v -0.43507 1.16047 0.04500
v -0.42293 1.16047 0.04500
v -0.43507 1.14833 0.04500
v -0.42293 1.14833 0.04500
v -0.43507 1.14833 0.02500
v -0.42293 1.14833 0.02500
v -0.43507 1.16047 0.04500
v -0.42293 1.16047 0.04500
v -0.43507 1.14833 0.04500
v -0.42293 1.14833 0.04500
v -0.42293 1.16047 0.02500
v -0.43507 1.16047 0.02500
v -0.42293 1.14833 0.02500
v -0.43507 1.14833 0.02500
v -0.37013 1.17367 0.04500
v -0.37013 1.17367 0.02500
v -0.37013 1.16153 0.04500
v -0.37013 1.16153 0.02500
v -0.38227 1.17367 0.02500
v -0.38227 1.17367 0.04500
v -0.38227 1.16153 0.02500
v -0.38227 1.16153 0.04500
v -0.38227 1.17367 0.02500
v -0.37013 1.17367 0.02500
v -0.38227 1.17367 0.04500
v -0.37013 1.17367 0.04500
v -0.38227 1.16153 0.04500
v -0.37013 1.16153 0.04500
v -0.38227 1.16153 0.02500
v -0.37013 1.16153 0.02500
v -0.38227 1.17367 0.04500
v -0.37013 1.17367 0.04500
v -0.38227 1.16153 0.04500
v -0.37013 1.16153 0.04500
v -0.37013 1.17367 0.02500
v -0.38227 1.17367 0.02500
v -0.37013 1.16153 0.02500
v -0.38227 1.16153 0.02500
v -0.35693 1.17367 0.04500
v -0.35693 1.17367 0.02500
v -0.35693 1.16153 0.04500
v -0.35693 1.16153 0.02500
v -0.36907 1.17367 0.02500
v -0.36907 1.17367 0.04500
v -0.36907 1.16153 0.02500
v -0.36907 1.16153 0.04500
v -0.36907 1.17367 0.02500
v -0.35693 1.17367 0.02500
v -0.36907 1.17367 0.04500
v -0.35693 1.17367 0.04500
v -0.36907 1.16153 0.04500
v -0.35693 1.16153 0.04500
v -0.36907 1.16153 0.02500
v -0.35693 1.16153 0.02500
v -0.36907 1.17367 0.04500
v -0.35693 1.17367 0.04500
v -0.36907 1.16153 0.04500
v -0.35693 1.16153 0.04500
v -0.35693 1.17367 0.02500
v -0.36907 1.17367 0.02500
v -0.35693 1.16153 0.02500
v -0.36907 1.16153 0.02500
v -0.37013 1.16047 0.04500
v -0.37013 1.16047 0.02500
v -0.37013 1.14833 0.04500
v -0.37013 1.14833 0.02500
v -0.38227 1.16047 0.02500
v -0.38227 1.16047 0.04500
v -0.38227 1.14833 0.02500
v -0.38227 1.14833 0.04500
v -0.38227 1.16047 0.02500
v -0.37013 1.16047 0.02500
v -0.38227 1.16047 0.04500
v -0.37013 1.16047 0.04500
v -0.38227 1.14833 0.04500
v -0.37013 1.14833 0.04500
v -0.38227 1.14833 0.02500
v -0.37013 1.14833 0.02500
v -0.38227 1.16047 0.04500
v -0.37013 1.16047 0.04500
v -0.38227 1.14833 0.04500
v -0.37013 1.14833 0.04500
v -0.37013 1.16047 0.02500
v -0.38227 1.16047 0.02500
v -0.37013 1.14833 0.02500
v -0.38227 1.14833 0.02500
v -0.35693 1.16047 0.04500
v -0.35693 1.16047 0.02500
v -0.35693 1.14833 0.04500
v -0.35693 1.14833 0.02500
v -0.36907 1.16047 0.02500
v -0.36907 1.16047 0.04500
v -0.36907 1.14833 0.02500
v -0.36907 1.14833 0.04500
v -0.36907 1.16047 0.02500
v -0.35693 1.16047 0.02500
v -0.36907 1.16047 0.04500
v -0.35693 1.16047 0.04500
v -0.36907 1.14833 0.04500
v -0.35693 1.14833 0.04500
v -0.36907 1.14833 0.02500
v -0.35693 1.14833 0.02500
v -0.36907 1.16047 0.04500
v -0.35693 1.16047 0.04500
v -0.36907 1.14833 0.04500
v -0.35693 1.14833 0.04500
v -0.35693 1.16047 0.02500
v -0.36907 1.16047 0.02500
v -0.35693 1.14833 0.02500
v -0.36907 1.14833 0.02500
v -0.29093 1.17367 0.04500
v -0.29093 1.17367 0.02500
v -0.29093 1.16153 0.04500
v -0.29093 1.16153 0.02500
v -0.30307 1.17367 0.02500
v -0.30307 1.17367 0.04500
v -0.30307 1.16153 0.02500
v -0.30307 1.16153 0.04500
v -0.30307 1.17367 0.02500
v -0.29093 1.17367 0.02500
v -0.30307 1.17367 0.04500
v -0.29093 1.17367 0.04500
v -0.30307 1.16153 0.04500
v -0.29093 1.16153 0.04500
v -0.30307 1.16153 0.02500
v -0.29093 1.16153 0.02500
v -0.30307 1.17367 0.04500
v -0.29093 1.17367 0.04500
v -0.30307 1.16153 0.04500
v -0.29093 1.16153 0.04500
v -0.29093 1.17367 0.02500
v -0.30307 1.17367 0.02500
v -0.29093 1.16153 0.02500
v -0.30307 1.16153 0.02500
v -0.27773 1.17367 0.04500
v -0.27773 1.17367 0.02500
v -0.27773 1.16153 0.04500
v -0.27773 1.16153 0.02500
v -0.28987 1.17367 0.02500
v -0.28987 1.17367 0.04500
v -0.28987 1.16153 0.02500
v -0.28987 1.16153 0.04500
v -0.28987 1.17367 0.02500
v -0.27773 1.17367 0.02500
v -0.28987 1.17367 0.04500
v -0.27773 1.17367 0.04500
v -0.28987 1.16153 0.04500
v -0.27773 1.16153 0.04500
v -0.28987 1.16153 0.02500
v -0.27773 1.16153 0.02500
v -0.28987 1.17367 0.04500
v -0.27773 1.17367 0.04500
v -0.28987 1.16153 0.04500
v -0.27773 1.16153 0.04500
v -0.27773 1.17367 0.02500
v -0.28987 1.17367 0.02500
v -0.27773 1.16153 0.02500
v -0.28987 1.16153 0.02500
v -0.29093 1.16047 0.04500
v -0.29093 1.16047 0.02500
v -0.29093 1.14833 0.04500
v -0.29093 1.14833 0.02500
v -0.30307 1.16047 0.02500
v -0.30307 1.16047 0.04500
v -0.30307 1.14833 0.02500
v -0.30307 1.14833 0.04500
v -0.30307 1.16047 0.02500
v -0.29093 1.16047 0.02500
v -0.30307 1.16047 0.04500
v -0.29093 1.16047 0.04500
v -0.30307 1.14833 0.04500
v -0.29093 1.14833 0.04500
v -0.30307 1.14833 0.02500
v -0.29093 1.14833 0.02500
v -0.30307 1.16047 0.04500
v -0.29093 1.16047 0.04500
v -0.30307 1.14833 0.04500
v -0.29093 1.14833 0.04500
v -0.29093 1.16047 0.02500
v -0.30307 1.16047 0.02500
v -0.29093 1.14833 0.02500
v -0.30307 1.14833 0.02500
v -0.27773 1.16047 0.04500
v -0.27773 1.16047 0.02500
v -0.27773 1.14833 0.04500
v -0.27773 1.14833 0.02500
v -0.28987 1.16047 0.02500
v -0.28987 1.16047 0.04500
v -0.28987 1.14833 0.02500
v -0.28987 1.14833 0.04500
v -0.28987 1.16047 0.02500
v -0.27773 1.16047 0.02500
v -0.28987 1.16047 0.04500
v -0.27773 1.16047 0.04500
v -0.28987 1.14833 0.04500
v -0.27773 1.14833 0.04500
v -0.28987 1.14833 0.02500
v -0.27773 1.14833 0.02500
v -0.28987 1.16047 0.04500
v -0.27773 1.16047 0.04500
v -0.28987 1.14833 0.04500
v -0.27773 1.14833 0.04500
v -0.27773 1.16047 0.02500
v -0.28987 1.16047 0.02500
v -0.27773 1.14833 0.02500
v -0.28987 1.14833 0.02500
v -0.21173 1.17367 0.04500
v -0.21173 1.17367 0.02500
v -0.21173 1.16153 0.04500
v -0.21173 1.16153 0.02500
v -0.22387 1.17367 0.02500
v -0.22387 1.17367 0.04500
v -0.22387 1.16153 0.02500
v -0.22387 1.16153 0.04500
v -0.22387 1.17367 0.02500
v -0.21173 1.17367 0.02500
v -0.22387 1.17367 0.04500
v -0.21173 1.17367 0.04500
v -0.22387 1.16153 0.04500
v -0.21173 1.16153 0.04500
v -0.22387 1.16153 0.02500
v -0.21173 1.16153 0.02500
v -0.22387 1.17367 0.04500
v -0.21173 1.17367 0.04500
v -0.22387 1.16153 0.04500
v -0.21173 1.16153 0.04500
v -0.21173 1.17367 0.02500
v -0.22387 1.17367 0.02500
v -0.21173 1.16153 0.02500
v -0.22387 1.16153 0.02500
v -0.19853 1.17367 0.04500
v -0.19853 1.17367 0.02500
v -0.19853 1.16153 0.04500
v -0.19853 1.16153 0.02500
v -0.21067 1.17367 0.02500
v -0.21067 1.17367 0.04500
v -0.21067 1.16153 0.02500
v -0.21067 1.16153 0.04500
v -0.21067 1.17367 0.02500
v -0.19853 1.17367 0.02500
v -0.21067 1.17367 0.04500
v -0.19853 1.17367 0.04500
v -0.21067 1.16153 0.04500
v -0.19853 1.16153 0.04500
v -0.21067 1.16153 0.02500
v -0.19853 1.16153 0.02500
v -0.21067 1.17367 0.04500
v -0.19853 1.17367 0.04500
v -0.21067 1.16153 0.04500
v -0.19853 1.16153 0.04500
v -0.19853 1.17367 0.02500
v -0.21067 1.17367 0.02500
v -0.19853 1.16153 0.02500
v -0.21067 1.16153 0.02500
v -0.21173 1.16047 0.04500
v -0.21173 1.16047 0.02500
v -0.21173 1.14833 0.04500
v -0.21173 1.14833 0.02500
v -0.22387 1.16047 0.02500
v -0.22387 1.16047 0.04500
v -0.22387 1.14833 0.02500
v -0.22387 1.14833 0.04500
v -0.22387 1.16047 0.02500
v -0.21173 1.16047 0.02500
v -0.22387 1.16047 0.04500
v -0.21173 1.16047 0.04500
v -0.22387 1.14833 0.04500
v -0.21173 1.14833 0.04500
v -0.22387 1.14833 0.02500
v -0.21173 1.14833 0.02500
v -0.22387 1.16047 0.04500
v -0.21173 1.16047 0.04500
v -0.22387 1.14833 0.04500
v -0.21173 1.14833 0.04500
v -0.21173 1.16047 0.02500
v -0.22387 1.16047 0.02500
v -0.21173 1.14833 0.02500
v -0.22387 1.14833 0.02500
v -0.19853 1.16047 0.04500
v -0.19853 1.16047 0.02500
v -0.19853 1.14833 0.04500
v -0.19853 1.14833 0.02500
v -0.21067 1.16047 0.02500
v -0.21067 1.16047 0.04500
v -0.21067 1.14833 0.02500
v -0.21067 1.14833 0.04500
v -0.21067 1.16047 0.02500
v -0.19853 1.16047 0.02500
v -0.21067 1.16047 0.04500
v -0.19853 1.16047 0.04500
v -0.21067 1.14833 0.04500
v -0.19853 1.14833 0.04500
v -0.21067 1.14833 0.02500
v -0.19853 1.14833 0.02500
v -0.21067 1.16047 0.04500
v -0.19853 1.16047 0.04500
v -0.21067 1.14833 0.04500
v -0.19853 1.14833 0.04500
v -0.19853 1.16047 0.02500
v -0.21067 1.16047 0.02500
v -0.19853 1.14833 0.02500
v -0.21067 1.14833 0.02500
v -0.13253 1.23967 0.04500
v -0.13253 1.23967 0.02500
v -0.13253 1.22753 0.04500
v -0.13253 1.22753 0.02500
v -0.14467 1.23967 0.02500
v -0.14467 1.23967 0.04500
v -0.14467 1.22753 0.02500
v -0.14467 1.22753 0.04500
v -0.14467 1.23967 0.02500
v -0.13253 1.23967 0.02500
v -0.14467 1.23967 0.04500
v -0.13253 1.23967 0.04500
v -0.14467 1.22753 0.04500
v -0.13253 1.22753 0.04500
v -0.14467 1.22753 0.02500
v -0.13253 1.22753 0.02500
v -0.14467 1.23967 0.04500
v -0.13253 1.23967 0.04500
v -0.14467 1.22753 0.04500
v -0.13253 1.22753 0.04500
v -0.13253 1.23967 0.02500
v -0.14467 1.23967 0.02500
v -0.13253 1.22753 0.02500
v -0.14467 1.22753 0.02500
v -0.11933 1.23967 0.04500
v -0.11933 1.23967 0.02500
v -0.11933 1.22753 0.04500
v -0.11933 1.22753 0.02500
v -0.13147 1.23967 0.02500
v -0.13147 1.23967 0.04500
v -0.13147 1.22753 0.02500
v -0.13147 1.22753 0.04500
v -0.13147 1.23967 0.02500
v -0.11933 1.23967 0.02500
v -0.13147 1.23967 0.04500
v -0.11933 1.23967 0.04500
v -0.13147 1.22753 0.04500
v -0.11933 1.22753 0.04500
v -0.13147 1.22753 0.02500
v -0.11933 1.22753 0.02500
v -0.13147 1.23967 0.04500
v -0.11933 1.23967 0.04500
v -0.13147 1.22753 0.04500
v -0.11933 1.22753 0.04500
v -0.11933 1.23967 0.02500
v -0.13147 1.23967 0.02500
v -0.11933 1.22753 0.02500
v -0.13147 1.22753 0.02500
v -0.10613 1.23967 0.04500
v -0.10613 1.23967 0.02500
v -0.10613 1.22753 0.04500
v -0.10613 1.22753 0.02500
v -0.11827 1.23967 0.02500
v -0.11827 1.23967 0.04500
v -0.11827 1.22753 0.02500
v -0.11827 1.22753 0.04500
v -0.11827 1.23967 0.02500
v -0.10613 1.23967 0.02500
v -0.11827 1.23967 0.04500
v -0.10613 1.23967 0.04500
v -0.11827 1.22753 0.04500
v -0.10613 1.22753 0.04500
v -0.11827 1.22753 0.02500
v -0.10613 1.22753 0.02500
v -0.11827 1.23967 0.04500
v -0.10613 1.23967 0.04500
v -0.11827 1.22753 0.04500
v -0.10613 1.22753 0.04500
v -0.10613 1.23967 0.02500
v -0.11827 1.23967 0.02500
v -0.10613 1.22753 0.02500
v -0.11827 1.22753 0.02500
v -0.14573 1.22647 0.04500
v -0.14573 1.22647 0.02500
v -0.14573 1.21433 0.04500
v -0.14573 1.21433 0.02500
v -0.15787 1.22647 0.02500
v -0.15787 1.22647 0.04500
v -0.15787 1.21433 0.02500
v -0.15787 1.21433 0.04500
v -0.15787 1.22647 0.02500
v -0.14573 1.22647 0.02500
v -0.15787 1.22647 0.04500
v -0.14573 1.22647 0.04500
v -0.15787 1.21433 0.04500
v -0.14573 1.21433 0.04500
v -0.15787 1.21433 0.02500
v -0.14573 1.21433 0.02500
v -0.15787 1.22647 0.04500
v -0.14573 1.22647 0.04500
v -0.15787 1.21433 0.04500
v -0.14573 1.21433 0.04500
v -0.14573 1.22647 0.02500
v -0.15787 1.22647 0.02500
v -0.14573 1.21433 0.02500
v -0.15787 1.21433 0.02500
v -0.09293 1.22647 0.04500
v -0.09293 1.22647 0.02500
v -0.09293 1.21433 0.04500
v -0.09293 1.21433 0.02500
v -0.10507 1.22647 0.02500
v -0.10507 1.22647 0.04500
v -0.10507 1.21433 0.02500
v -0.10507 1.21433 0.04500
v -0.10507 1.22647 0.02500
v -0.09293 1.22647 0.02500
v -0.10507 1.22647 0.04500
v -0.09293 1.22647 0.04500
v -0.10507 1.21433 0.04500
v -0.09293 1.21433 0.04500
v -0.10507 1.21433 0.02500
v -0.09293 1.21433 0.02500
v -0.10507 1.22647 0.04500
v -0.09293 1.22647 0.04500
v -0.10507 1.21433 0.04500
v -0.09293 1.21433 0.04500
v -0.09293 1.22647 0.02500
v -0.10507 1.22647 0.02500
v -0.09293 1.21433 0.02500
v -0.10507 1.21433 0.02500
v -0.14573 1.21327 0.04500
v -0.14573 1.21327 0.02500
v -0.14573 1.20113 0.04500
v -0.14573 1.20113 0.02500
v -0.15787 1.21327 0.02500
v -0.15787 1.21327 0.04500
v -0.15787 1.20113 0.02500
v -0.15787 1.20113 0.04500
v -0.15787 1.21327 0.02500
v -0.14573 1.21327 0.02500
v -0.15787 1.21327 0.04500
v -0.14573 1.21327 0.04500
v -0.15787 1.20113 0.04500
v -0.14573 1.20113 0.04500
v -0.15787 1.20113 0.02500
v -0.14573 1.20113 0.02500
v -0.15787 1.21327 0.04500
v -0.14573 1.21327 0.04500
v -0.15787 1.20113 0.04500
v -0.14573 1.20113 0.04500
v -0.14573 1.21327 0.02500
v -0.15787 1.21327 0.02500
v -0.14573 1.20113 0.02500
v -0.15787 1.20113 0.02500
v -0.09293 1.21327 0.04500
v -0.09293 1.21327 0.02500
v -0.09293 1.20113 0.04500
v -0.09293 1.20113 0.02500
v -0.10507 1.21327 0.02500
v -0.10507 1.21327 0.04500
v -0.10507 1.20113 0.02500
v -0.10507 1.20113 0.04500
v -0.10507 1.21327 0.02500
v -0.09293 1.21327 0.02500
v -0.10507 1.21327 0.04500
v -0.09293 1.21327 0.04500
v -0.10507 1.20113 0.04500
v -0.09293 1.20113 0.04500
v -0.10507 1.20113 0.02500
v -0.09293 1.20113 0.02500
v -0.10507 1.21327 0.04500
v -0.09293 1.21327 0.04500
v -0.10507 1.20113 0.04500
v -0.09293 1.20113 0.04500
v -0.09293 1.21327 0.02500
v -0.10507 1.21327 0.02500
v -0.09293 1.20113 0.02500
v -0.10507 1.20113 0.02500
v -0.14573 1.20007 0.04500
v -0.14573 1.20007 0.02500
v -0.14573 1.18793 0.04500
v -0.14573 1.18793 0.02500
v -0.15787 1.20007 0.02500
v -0.15787 1.20007 0.04500
v -0.15787 1.18793 0.02500
v -0.15787 1.18793 0.04500
v -0.15787 1.20007 0.02500
v -0.14573 1.20007 0.02500
v -0.15787 1.20007 0.04500
v -0.14573 1.20007 0.04500
v -0.15787 1.18793 0.04500
v -0.14573 1.18793 0.04500
v -0.15787 1.18793 0.02500
v -0.14573 1.18793 0.02500
v -0.15787 1.20007 0.04500
v -0.14573 1.20007 0.04500
v -0.15787 1.18793 0.04500
v -0.14573 1.18793 0.04500
v -0.14573 1.20007 0.02500
v -0.15787 1.20007 0.02500
v -0.14573 1.18793 0.02500
v -0.15787 1.18793 0.02500
v -0.09293 1.20007 0.04500
v -0.09293 1.20007 0.02500
v -0.09293 1.18793 0.04500
v -0.09293 1.18793 0.02500
v -0.10507 1.20007 0.02500
v -0.10507 1.20007 0.04500
v -0.10507 1.18793 0.02500
v -0.10507 1.18793 0.04500
v -0.10507 1.20007 0.02500
v -0.09293 1.20007 0.02500
v -0.10507 1.20007 0.04500
v -0.09293 1.20007 0.04500
v -0.10507 1.18793 0.04500
v -0.09293 1.18793 0.04500
v -0.10507 1.18793 0.02500
v -0.09293 1.18793 0.02500
v -0.10507 1.20007 0.04500
v -0.09293 1.20007 0.04500
v -0.10507 1.18793 0.04500
v -0.09293 1.18793 0.04500
v -0.09293 1.20007 0.02500
v -0.10507 1.20007 0.02500
v -0.09293 1.18793 0.02500
v -0.10507 1.18793 0.02500
v -0.14573 1.18687 0.04500
v -0.14573 1.18687 0.02500
v -0.14573 1.17473 0.04500
v -0.14573 1.17473 0.02500
v -0.15787 1.18687 0.02500
v -0.15787 1.18687 0.04500
v -0.15787 1.17473 0.02500
v -0.15787 1.17473 0.04500
v -0.15787 1.18687 0.02500
v -0.14573 1.18687 0.02500
v -0.15787 1.18687 0.04500
v -0.14573 1.18687 0.04500
v -0.15787 1.17473 0.04500
v -0.14573 1.17473 0.04500
v -0.15787 1.17473 0.02500
v -0.14573 1.17473 0.02500
v -0.15787 1.18687 0.04500
v -0.14573 1.18687 0.04500
v -0.15787 1.17473 0.04500
v -0.14573 1.17473 0.04500
v -0.14573 1.18687 0.02500
v -0.15787 1.18687 0.02500
v -0.14573 1.17473 0.02500
v -0.15787 1.17473 0.02500
v -0.09293 1.18687 0.04500
v -0.09293 1.18687 0.02500
v -0.09293 1.17473 0.04500
v -0.09293 1.17473 0.02500
v -0.10507 1.18687 0.02500
v -0.10507 1.18687 0.04500
v -0.10507 1.17473 0.02500
v -0.10507 1.17473 0.04500
v -0.10507 1.18687 0.02500
v -0.09293 1.18687 0.02500
v -0.10507 1.18687 0.04500
v -0.09293 1.18687 0.04500
v -0.10507 1.17473 0.04500
v -0.09293 1.17473 0.04500
v -0.10507 1.17473 0.02500
v -0.09293 1.17473 0.02500
v -0.10507 1.18687 0.04500
v -0.09293 1.18687 0.04500
v -0.10507 1.17473 0.04500
v -0.09293 1.17473 0.04500
v -0.09293 1.18687 0.02500
v -0.10507 1.18687 0.02500
v -0.09293 1.17473 0.02500
v -0.10507 1.17473 0.02500
v -0.14573 1.17367 0.04500
v -0.14573 1.17367 0.02500
v -0.14573 1.16153 0.04500
v -0.14573 1.16153 0.02500
v -0.15787 1.17367 0.02500
v -0.15787 1.17367 0.04500
v -0.15787 1.16153 0.02500
v -0.15787 1.16153 0.04500
v -0.15787 1.17367 0.02500
v -0.14573 1.17367 0.02500
v -0.15787 1.17367 0.04500
v -0.14573 1.17367 0.04500
v -0.15787 1.16153 0.04500
v -0.14573 1.16153 0.04500
v -0.15787 1.16153 0.02500
v -0.14573 1.16153 0.02500
v -0.15787 1.17367 0.04500
v -0.14573 1.17367 0.04500
v -0.15787 1.16153 0.04500
v -0.14573 1.16153 0.04500
v -0.14573 1.17367 0.02500
v -0.15787 1.17367 0.02500
v -0.14573 1.16153 0.02500
v -0.15787 1.16153 0.02500
v -0.09293 1.17367 0.04500
v -0.09293 1.17367 0.02500
v -0.09293 1.16153 0.04500
v -0.09293 1.16153 0.02500
v -0.10507 1.17367 0.02500
v -0.10507 1.17367 0.04500
v -0.10507 1.16153 0.02500
v -0.10507 1.16153 0.04500
v -0.10507 1.17367 0.02500
v -0.09293 1.17367 0.02500
v -0.10507 1.17367 0.04500
v -0.09293 1.17367 0.04500
v -0.10507 1.16153 0.04500
v -0.09293 1.16153 0.04500
v -0.10507 1.16153 0.02500
v -0.09293 1.16153 0.02500
v -0.10507 1.17367 0.04500
v -0.09293 1.17367 0.04500
v -0.10507 1.16153 0.04500
v -0.09293 1.16153 0.04500
v -0.09293 1.17367 0.02500
v -0.10507 1.17367 0.02500
v -0.09293 1.16153 0.02500
v -0.10507 1.16153 0.02500
v -0.13253 1.16047 0.04500
v -0.13253 1.16047 0.02500
v -0.13253 1.14833 0.04500
v -0.13253 1.14833 0.02500
v -0.14467 1.16047 0.02500
v -0.14467 1.16047 0.04500
v -0.14467 1.14833 0.02500
v -0.14467 1.14833 0.04500
v -0.14467 1.16047 0.02500
v -0.13253 1.16047 0.02500
v -0.14467 1.16047 0.04500
v -0.13253 1.16047 0.04500
v -0.14467 1.14833 0.04500
v -0.13253 1.14833 0.04500
v -0.14467 1.14833 0.02500
v -0.13253 1.14833 0.02500
v -0.14467 1.16047 0.04500
v -0.13253 1.16047 0.04500
v -0.14467 1.14833 0.04500
v -0.13253 1.14833 0.04500
v -0.13253 1.16047 0.02500
v -0.14467 1.16047 0.02500
v -0.13253 1.14833 0.02500
v -0.14467 1.14833 0.02500
v -0.11933 1.16047 0.04500
v -0.11933 1.16047 0.02500
v -0.11933 1.14833 0.04500
v -0.11933 1.14833 0.02500
v -0.13147 1.16047 0.02500
v -0.13147 1.16047 0.04500
v -0.13147 1.14833 0.02500
v -0.13147 1.14833 0.04500
v -0.13147 1.16047 0.02500
v -0.11933 1.16047 0.02500
v -0.13147 1.16047 0.04500
v -0.11933 1.16047 0.04500
v -0.13147 1.14833 0.04500
v -0.11933 1.14833 0.04500
v -0.13147 1.14833 0.02500
v -0.11933 1.14833 0.02500
v -0.13147 1.16047 0.04500
v -0.11933 1.16047 0.04500
v -0.13147 1.14833 0.04500
v -0.11933 1.14833 0.04500
v -0.11933 1.16047 0.02500
v -0.13147 1.16047 0.02500
v -0.11933 1.14833 0.02500
v -0.13147 1.14833 0.02500
v -0.10613 1.16047 0.04500
v -0.10613 1.16047 0.02500
v -0.10613 1.14833 0.04500
v -0.10613 1.14833 0.02500
v -0.11827 1.16047 0.02500
v -0.11827 1.16047 0.04500
v -0.11827 1.14833 0.02500
v -0.11827 1.14833 0.04500
v -0.11827 1.16047 0.02500
v -0.10613 1.16047 0.02500
v -0.11827 1.16047 0.04500
v -0.10613 1.16047 0.04500
v -0.11827 1.14833 0.04500
v -0.10613 1.14833 0.04500
v -0.11827 1.14833 0.02500
v -0.10613 1.14833 0.02500
v -0.11827 1.16047 0.04500
v -0.10613 1.16047 0.04500
v -0.11827 1.14833 0.04500
v -0.10613 1.14833 0.04500
v -0.10613 1.16047 0.02500
v -0.11827 1.16047 0.02500
v -0.10613 1.14833 0.02500
v -0.11827 1.14833 0.02500
v -0.06653 1.23967 0.04500
v -0.06653 1.23967 0.02500
v -0.06653 1.22753 0.04500
v -0.06653 1.22753 0.02500
v -0.07867 1.23967 0.02500
v -0.07867 1.23967 0.04500
v -0.07867 1.22753 0.02500
v -0.07867 1.22753 0.04500
v -0.07867 1.23967 0.02500
v -0.06653 1.23967 0.02500
v -0.07867 1.23967 0.04500
v -0.06653 1.23967 0.04500
v -0.07867 1.22753 0.04500
v -0.06653 1.22753 0.04500
v -0.07867 1.22753 0.02500
v -0.06653 1.22753 0.02500
v -0.07867 1.23967 0.04500
v -0.06653 1.23967 0.04500
v -0.07867 1.22753 0.04500
v -0.06653 1.22753 0.04500
v -0.06653 1.23967 0.02500
v -0.07867 1.23967 0.02500
v -0.06653 1.22753 0.02500
v -0.07867 1.22753 0.02500
v -0.01373 1.23967 0.04500
v -0.01373 1.23967 0.02500
v -0.01373 1.22753 0.04500
v -0.01373 1.22753 0.02500
v -0.02587 1.23967 0.02500
v -0.02587 1.23967 0.04500
v -0.02587 1.22753 0.02500
v -0.02587 1.22753 0.04500
v -0.02587 1.23967 0.02500
v -0.01373 1.23967 0.02500
v -0.02587 1.23967 0.04500
v -0.01373 1.23967 0.04500
v -0.02587 1.22753 0.04500
v -0.01373 1.22753 0.04500
v -0.02587 1.22753 0.02500
v -0.01373 1.22753 0.02500
v -0.02587 1.23967 0.04500
v -0.01373 1.23967 0.04500
v -0.02587 1.22753 0.04500
v -0.01373 1.22753 0.04500
v -0.01373 1.23967 0.02500
v -0.02587 1.23967 0.02500
v -0.01373 1.22753 0.02500
v -0.02587 1.22753 0.02500
v -0.06653 1.22647 0.04500
v -0.06653 1.22647 0.02500
v -0.06653 1.21433 0.04500
v -0.06653 1.21433 0.02500
v -0.07867 1.22647 0.02500
v -0.07867 1.22647 0.04500
v -0.07867 1.21433 0.02500
v -0.07867 1.21433 0.04500
v -0.07867 1.22647 0.02500
v -0.06653 1.22647 0.02500
v -0.07867 1.22647 0.04500
v -0.06653 1.22647 0.04500
v -0.07867 1.21433 0.04500
v -0.06653 1.21433 0.04500
v -0.07867 1.21433 0.02500
v -0.06653 1.21433 0.02500
v -0.07867 1.22647 0.04500
v -0.06653 1.22647 0.04500
v -0.07867 1.21433 0.04500
v -0.06653 1.21433 0.04500
v -0.06653 1.22647 0.02500
v -0.07867 1.22647 0.02500
v -0.06653 1.21433 0.02500
v -0.07867 1.21433 0.02500
v -0.05333 1.22647 0.04500
v -0.05333 1.22647 0.02500
v -0.05333 1.21433 0.04500
v -0.05333 1.21433 0.02500
v -0.06547 1.22647 0.02500
v -0.06547 1.22647 0.04500
v -0.06547 1.21433 0.02500
v -0.06547 1.21433 0.04500
v -0.06547 1.22647 0.02500
v -0.05333 1.22647 0.02500
v -0.06547 1.22647 0.04500
v -0.05333 1.22647 0.04500
v -0.06547 1.21433 0.04500
v -0.05333 1.21433 0.04500
v -0.06547 1.21433 0.02500
v -0.05333 1.21433 0.02500
v -0.06547 1.22647 0.04500
v -0.05333 1.22647 0.04500
v -0.06547 1.21433 0.04500
v -0.05333 1.21433 0.04500
v -0.05333 1.22647 0.02500
v -0.06547 1.22647 0.02500
v -0.05333 1.21433 0.02500
v -0.06547 1.21433 0.02500
v -0.01373 1.22647 0.04500
v -0.01373 1.22647 0.02500
v -0.01373 1.21433 0.04500
v -0.01373 1.21433 0.02500
v -0.02587 1.22647 0.02500
v -0.02587 1.22647 0.04500
v -0.02587 1.21433 0.02500
v -0.02587 1.21433 0.04500
v -0.02587 1.22647 0.02500
v -0.01373 1.22647 0.02500
v -0.02587 1.22647 0.04500
v -0.01373 1.22647 0.04500
v -0.02587 1.21433 0.04500
v -0.01373 1.21433 0.04500
v -0.02587 1.21433 0.02500
v -0.01373 1.21433 0.02500
v -0.02587 1.22647 0.04500
v -0.01373 1.22647 0.04500
v -0.02587 1.21433 0.04500
v -0.01373 1.21433 0.04500
v -0.01373 1.22647 0.02500
v -0.02587 1.22647 0.02500
v -0.01373 1.21433 0.02500
v -0.02587 1.21433 0.02500
v -0.06653 1.21327 0.04500
v -0.06653 1.21327 0.02500
v -0.06653 1.20113 0.04500
v -0.06653 1.20113 0.02500
v -0.07867 1.21327 0.02500
v -0.07867 1.21327 0.04500
v -0.07867 1.20113 0.02500
v -0.07867 1.20113 0.04500
v -0.07867 1.21327 0.02500
v -0.06653 1.21327 0.02500
v -0.07867 1.21327 0.04500
v -0.06653 1.21327 0.04500
v -0.07867 1.20113 0.04500
v -0.06653 1.20113 0.04500
v -0.07867 1.20113 0.02500
v -0.06653 1.20113 0.02500
v -0.07867 1.21327 0.04500
v -0.06653 1.21327 0.04500
v -0.07867 1.20113 0.04500
v -0.06653 1.20113 0.04500
v -0.06653 1.21327 0.02500
v -0.07867 1.21327 0.02500
v -0.06653 1.20113 0.02500
v -0.07867 1.20113 0.02500
v -0.04013 1.21327 0.04500
v -0.04013 1.21327 0.02500
v -0.04013 1.20113 0.04500
v -0.04013 1.20113 0.02500
v -0.05227 1.21327 0.02500
v -0.05227 1.21327 0.04500
v -0.05227 1.20113 0.02500
v -0.05227 1.20113 0.04500
v -0.05227 1.21327 0.02500
v -0.04013 1.21327 0.02500
v -0.05227 1.21327 0.04500
v -0.04013 1.21327 0.04500
v -0.05227 1.20113 0.04500
v -0.04013 1.20113 0.04500
v -0.05227 1.20113 0.02500
v -0.04013 1.20113 0.02500
v -0.05227 1.21327 0.04500
v -0.04013 1.21327 0.04500
v -0.05227 1.20113 0.04500
v -0.04013 1.20113 0.04500
v -0.04013 1.21327 0.02500
v -0.05227 1.21327 0.02500
v -0.04013 1.20113 0.02500
v -0.05227 1.20113 0.02500
v -0.01373 1.21327 0.04500
v -0.01373 1.21327 0.02500
v -0.01373 1.20113 0.04500
v -0.01373 1.20113 0.02500
v -0.02587 1.21327 0.02500
v -0.02587 1.21327 0.04500
v -0.02587 1.20113 0.02500
v -0.02587 1.20113 0.04500
v -0.02587 1.21327 0.02500
v -0.01373 1.21327 0.02500
v -0.02587 1.21327 0.04500
v -0.01373 1.21327 0.04500
v -0.02587 1.20113 0.04500
v -0.01373 1.20113 0.04500
v -0.02587 1.20113 0.02500
v -0.01373 1.20113 0.02500
v -0.02587 1.21327 0.04500
v -0.01373 1.21327 0.04500
v -0.02587 1.20113 0.04500
v -0.01373 1.20113 0.04500
v -0.01373 1.21327 0.02500
v -0.02587 1.21327 0.02500
v -0.01373 1.20113 0.02500
v -0.02587 1.20113 0.02500
v -0.06653 1.20007 0.04500
v -0.06653 1.20007 0.02500
v -0.06653 1.18793 0.04500
v -0.06653 1.18793 0.02500
v -0.07867 1.20007 0.02500
v -0.07867 1.20007 0.04500
v -0.07867 1.18793 0.02500
v -0.07867 1.18793 0.04500
v -0.07867 1.20007 0.02500
v -0.06653 1.20007 0.02500
v -0.07867 1.20007 0.04500
v -0.06653 1.20007 0.04500
v -0.07867 1.18793 0.04500
v -0.06653 1.18793 0.04500
v -0.07867 1.18793 0.02500
v -0.06653 1.18793 0.02500
v -0.07867 1.20007 0.04500
v -0.06653 1.20007 0.04500
v -0.07867 1.18793 0.04500
v -0.06653 1.18793 0.04500
v -0.06653 1.20007 0.02500
v -0.07867 1.20007 0.02500
v -0.06653 1.18793 0.02500
v -0.07867 1.18793 0.02500
v -0.04013 1.20007 0.04500
v -0.04013 1.20007 0.02500
v -0.04013 1.18793 0.04500
v -0.04013 1.18793 0.02500
v -0.05227 1.20007 0.02500
v -0.05227 1.20007 0.04500
v -0.05227 1.18793 0.02500
v -0.05227 1.18793 0.04500
v -0.05227 1.20007 0.02500
v -0.04013 1.20007 0.02500
v -0.05227 1.20007 0.04500
v -0.04013 1.20007 0.04500
v -0.05227 1.18793 0.04500
v -0.04013 1.18793 0.04500
v -0.05227 1.18793 0.02500
v -0.04013 1.18793 0.02500
v -0.05227 1.20007 0.04500
v -0.04013 1.20007 0.04500
v -0.05227 1.18793 0.04500
v -0.04013 1.18793 0.04500
v -0.04013 1.20007 0.02500
v -0.05227 1.20007 0.02500
v -0.04013 1.18793 0.02500
v -0.05227 1.18793 0.02500
v -0.01373 1.20007 0.04500
v -0.01373 1.20007 0.02500
v -0.01373 1.18793 0.04500
v -0.01373 1.18793 0.02500
v -0.02587 1.20007 0.02500
v -0.02587 1.20007 0.04500
v -0.02587 1.18793 0.02500
v -0.02587 1.18793 0.04500
v -0.02587 1.20007 0.02500
v -0.01373 1.20007 0.02500
v -0.02587 1.20007 0.04500
v -0.01373 1.20007 0.04500
v -0.02587 1.18793 0.04500
v -0.01373 1.18793 0.04500
v -0.02587 1.18793 0.02500
v -0.01373 1.18793 0.02500
v -0.02587 1.20007 0.04500
v -0.01373 1.20007 0.04500
v -0.02587 1.18793 0.04500
v -0.01373 1.18793 0.04500
v -0.01373 1.20007 0.02500
v -0.02587 1.20007 0.02500
v -0.01373 1.18793 0.02500
v -0.02587 1.18793 0.02500
v -0.06653 1.18687 0.04500
v -0.06653 1.18687 0.02500
v -0.06653 1.17473 0.04500
v -0.06653 1.17473 0.02500
v -0.07867 1.18687 0.02500
v -0.07867 1.18687 0.04500
v -0.07867 1.17473 0.02500
v -0.07867 1.17473 0.04500
v -0.07867 1.18687 0.02500
v -0.06653 1.18687 0.02500
v -0.07867 1.18687 0.04500
v -0.06653 1.18687 0.04500
v -0.07867 1.17473 0.04500
v -0.06653 1.17473 0.04500
v -0.07867 1.17473 0.02500
v -0.06653 1.17473 0.02500
v -0.07867 1.18687 0.04500
v -0.06653 1.18687 0.04500
v -0.07867 1.17473 0.04500
v -0.06653 1.17473 0.04500
v -0.06653 1.18687 0.02500
v -0.07867 1.18687 0.02500
v -0.06653 1.17473 0.02500
v -0.07867 1.17473 0.02500
v -0.02693 1.18687 0.04500
v -0.02693 1.18687 0.02500
v -0.02693 1.17473 0.04500
v -0.02693 1.17473 0.02500
v -0.03907 1.18687 0.02500
v -0.03907 1.18687 0.04500
v -0.03907 1.17473 0.02500
v -0.03907 1.17473 0.04500
v -0.03907 1.18687 0.02500
v -0.02693 1.18687 0.02500
v -0.03907 1.18687 0.04500
v -0.02693 1.18687 0.04500
v -0.03907 1.17473 0.04500
v -0.02693 1.17473 0.04500
v -0.03907 1.17473 0.02500
v -0.02693 1.17473 0.02500
v -0.03907 1.18687 0.04500
v -0.02693 1.18687 0.04500
v -0.03907 1.17473 0.04500
v -0.02693 1.17473 0.04500
v -0.02693 1.18687 0.02500
v -0.03907 1.18687 0.02500
v -0.02693 1.17473 0.02500
v -0.03907 1.17473 0.02500
v -0.01373 1.18687 0.04500
v -0.01373 1.18687 0.02500
v -0.01373 1.17473 0.04500
v -0.01373 1.17473 0.02500
v -0.02587 1.18687 0.02500
v -0.02587 1.18687 0.04500
v -0.02587 1.17473 0.02500
v -0.02587 1.17473 0.04500
v -0.02587 1.18687 0.02500
v -0.01373 1.18687 0.02500
v -0.02587 1.18687 0.04500
v -0.01373 1.18687 0.04500
v -0.02587 1.17473 0.04500
v -0.01373 1.17473 0.04500
v -0.02587 1.17473 0.02500
v -0.01373 1.17473 0.02500
v -0.02587 1.18687 0.04500
v -0.01373 1.18687 0.04500
v -0.02587 1.17473 0.04500
v -0.01373 1.17473 0.04500
v -0.01373 1.18687 0.02500
v -0.02587 1.18687 0.02500
v -0.01373 1.17473 0.02500
v -0.02587 1.17473 0.02500
v -0.06653 1.17367 0.04500
v -0.06653 1.17367 0.02500
v -0.06653 1.16153 0.04500
v -0.06653 1.16153 0.02500
v -0.07867 1.17367 0.02500
v -0.07867 1.17367 0.04500
v -0.07867 1.16153 0.02500
v -0.07867 1.16153 0.04500
v -0.07867 1.17367 0.02500
v -0.06653 1.17367 0.02500
v -0.07867 1.17367 0.04500
v -0.06653 1.17367 0.04500
v -0.07867 1.16153 0.04500
v -0.06653 1.16153 0.04500
v -0.07867 1.16153 0.02500
v -0.06653 1.16153 0.02500
v -0.07867 1.17367 0.04500
v -0.06653 1.17367 0.04500
v -0.07867 1.16153 0.04500
v -0.06653 1.16153 0.04500
v -0.06653 1.17367 0.02500
v -0.07867 1.17367 0.02500
v -0.06653 1.16153 0.02500
v -0.07867 1.16153 0.02500
v -0.01373 1.17367 0.04500
v -0.01373 1.17367 0.02500
v -0.01373 1.16153 0.04500
v -0.01373 1.16153 0.02500
v -0.02587 1.17367 0.02500
v -0.02587 1.17367 0.04500
v -0.02587 1.16153 0.02500
v -0.02587 1.16153 0.04500
v -0.02587 1.17367 0.02500
v -0.01373 1.17367 0.02500
v -0.02587 1.17367 0.04500
v -0.01373 1.17367 0.04500
v -0.02587 1.16153 0.04500
v -0.01373 1.16153 0.04500
v -0.02587 1.16153 0.02500
v -0.01373 1.16153 0.02500
v -0.02587 1.17367 0.04500
v -0.01373 1.17367 0.04500
v -0.02587 1.16153 0.04500
v -0.01373 1.16153 0.04500
v -0.01373 1.17367 0.02500
v -0.02587 1.17367 0.02500
v -0.01373 1.16153 0.02500
v -0.02587 1.16153 0.02500
v -0.06653 1.16047 0.04500
v -0.06653 1.16047 0.02500
v -0.06653 1.14833 0.04500
v -0.06653 1.14833 0.02500
v -0.07867 1.16047 0.02500
v -0.07867 1.16047 0.04500
v -0.07867 1.14833 0.02500
v -0.07867 1.14833 0.04500
v -0.07867 1.16047 0.02500
v -0.06653 1.16047 0.02500
v -0.07867 1.16047 0.04500
v -0.06653 1.16047 0.04500
v -0.07867 1.14833 0.04500
v -0.06653 1.14833 0.04500
v -0.07867 1.14833 0.02500
v -0.06653 1.14833 0.02500
v -0.07867 1.16047 0.04500
v -0.06653 1.16047 0.04500
v -0.07867 1.14833 0.04500
v -0.06653 1.14833 0.04500
v -0.06653 1.16047 0.02500
v -0.07867 1.16047 0.02500
v -0.06653 1.14833 0.02500
v -0.07867 1.14833 0.02500
v -0.01373 1.16047 0.04500
v -0.01373 1.16047 0.02500
v -0.01373 1.14833 0.04500
v -0.01373 1.14833 0.02500
v -0.02587 1.16047 0.02500
v -0.02587 1.16047 0.04500
v -0.02587 1.14833 0.02500
v -0.02587 1.14833 0.04500
v -0.02587 1.16047 0.02500
v -0.01373 1.16047 0.02500
v -0.02587 1.16047 0.04500
v -0.01373 1.16047 0.04500
v -0.02587 1.14833 0.04500
v -0.01373 1.14833 0.04500
v -0.02587 1.14833 0.02500
v -0.01373 1.14833 0.02500
v -0.02587 1.16047 0.04500
v -0.01373 1.16047 0.04500
v -0.02587 1.14833 0.04500
v -0.01373 1.14833 0.04500
v -0.01373 1.16047 0.02500
v -0.02587 1.16047 0.02500
v -0.01373 1.14833 0.02500
v -0.02587 1.14833 0.02500
v 0.09187 1.23967 0.04500
v 0.09187 1.23967 0.02500
v 0.09187 1.22753 0.04500
v 0.09187 1.22753 0.02500
v 0.07973 1.23967 0.02500
v 0.07973 1.23967 0.04500
v 0.07973 1.22753 0.02500
v 0.07973 1.22753 0.04500
v 0.07973 1.23967 0.02500
v 0.09187 1.23967 0.02500
v 0.07973 1.23967 0.04500
v 0.09187 1.23967 0.04500
v 0.07973 1.22753 0.04500
v 0.09187 1.22753 0.04500
v 0.07973 1.22753 0.02500
v 0.09187 1.22753 0.02500
v 0.07973 1.23967 0.04500
v 0.09187 1.23967 0.04500
v 0.07973 1.22753 0.04500
v 0.09187 1.22753 0.04500
v 0.09187 1.23967 0.02500
v 0.07973 1.23967 0.02500
v 0.09187 1.22753 0.02500
v 0.07973 1.22753 0.02500
v 0.14467 1.23967 0.04500
v 0.14467 1.23967 0.02500
v 0.14467 1.22753 0.04500
v 0.14467 1.22753 0.02500
v 0.13253 1.23967 0.02500
v 0.13253 1.23967 0.04500
v 0.13253 1.22753 0.02500
v 0.13253 1.22753 0.04500
v 0.13253 1.23967 0.02500
v 0.14467 1.23967 0.02500
v 0.13253 1.23967 0.04500
v 0.14467 1.23967 0.04500
v 0.13253 1.22753 0.04500
v 0.14467 1.22753 0.04500
v 0.13253 1.22753 0.02500
v 0.14467 1.22753 0.02500
v 0.13253 1.23967 0.04500
v 0.14467 1.23967 0.04500
v 0.13253 1.22753 0.04500
v 0.14467 1.22753 0.04500
v 0.14467 1.23967 0.02500
v 0.13253 1.23967 0.02500
v 0.14467 1.22753 0.02500
v 0.13253 1.22753 0.02500
v 0.09187 1.22647 0.04500
v 0.09187 1.22647 0.02500
v 0.09187 1.21433 0.04500
v 0.09187 1.21433 0.02500
v 0.07973 1.22647 0.02500
v 0.07973 1.22647 0.04500
v 0.07973 1.21433 0.02500
v 0.07973 1.21433 0.04500
v 0.07973 1.22647 0.02500
v 0.09187 1.22647 0.02500
v 0.07973 1.22647 0.04500
v 0.09187 1.22647 0.04500
v 0.07973 1.21433 0.04500
v 0.09187 1.21433 0.04500
v 0.07973 1.21433 0.02500
v 0.09187 1.21433 0.02500
v 0.07973 1.22647 0.04500
v 0.09187 1.22647 0.04500
v 0.07973 1.21433 0.04500
v 0.09187 1.21433 0.04500
v 0.09187 1.22647 0.02500
v 0.07973 1.22647 0.02500
v 0.09187 1.21433 0.02500
v 0.07973 1.21433 0.02500
v 0.14467 1.22647 0.04500
v 0.14467 1.22647 0.02500
v 0.14467 1.21433 0.04500
v 0.14467 1.21433 0.02500
v 0.13253 1.22647 0.02500
v 0.13253 1.22647 0.04500
v 0.13253 1.21433 0.02500
v 0.13253 1.21433 0.04500
v 0.13253 1.22647 0.02500
v 0.14467 1.22647 0.02500
v 0.13253 1.22647 0.04500
v 0.14467 1.22647 0.04500
v 0.13253 1.21433 0.04500
v 0.14467 1.21433 0.04500
v 0.13253 1.21433 0.02500
v 0.14467 1.21433 0.02500
v 0.13253 1.22647 0.04500
v 0.14467 1.22647 0.04500
v 0.13253 1.21433 0.04500
v 0.14467 1.21433 0.04500
v 0.14467 1.22647 0.02500
v 0.13253 1.22647 0.02500
v 0.14467 1.21433 0.02500
v 0.13253 1.21433 0.02500
v 0.09187 1.21327 0.04500
v 0.09187 1.21327 0.02500
v 0.09187 1.20113 0.04500
v 0.09187 1.20113 0.02500
v 0.07973 1.21327 0.02500
v 0.07973 1.21327 0.04500
v 0.07973 1.20113 0.02500
v 0.07973 1.20113 0.04500
v 0.07973 1.21327 0.02500
v 0.09187 1.21327 0.02500
v 0.07973 1.21327 0.04500
v 0.09187 1.21327 0.04500
v 0.07973 1.20113 0.04500
v 0.09187 1.20113 0.04500
v 0.07973 1.20113 0.02500
v 0.09187 1.20113 0.02500
v 0.07973 1.21327 0.04500
v 0.09187 1.21327 0.04500
v 0.07973 1.20113 0.04500
v 0.09187 1.20113 0.04500
v 0.09187 1.21327 0.02500
v 0.07973 1.21327 0.02500
v 0.09187 1.20113 0.02500
v 0.07973 1.20113 0.02500
v 0.14467 1.21327 0.04500
v 0.14467 1.21327 0.02500
v 0.14467 1.20113 0.04500
v 0.14467 1.20113 0.02500
v 0.13253 1.21327 0.02500
v 0.13253 1.21327 0.04500
v 0.13253 1.20113 0.02500
v 0.13253 1.20113 0.04500
v 0.13253 1.21327 0.02500
v 0.14467 1.21327 0.02500
v 0.13253 1.21327 0.04500
v 0.14467 1.21327 0.04500
v 0.13253 1.20113 0.04500
v 0.14467 1.20113 0.04500
v 0.13253 1.20113 0.02500
v 0.14467 1.20113 0.02500
v 0.13253 1.21327 0.04500
v 0.14467 1.21327 0.04500
v 0.13253 1.20113 0.04500
v 0.14467 1.20113 0.04500
v 0.14467 1.21327 0.02500
v 0.13253 1.21327 0.02500
v 0.14467 1.20113 0.02500
v 0.13253 1.20113 0.02500
v 0.09187 1.20007 0.04500
v 0.09187 1.20007 0.02500
v 0.09187 1.18793 0.04500
v 0.09187 1.18793 0.02500
v 0.07973 1.20007 0.02500
v 0.07973 1.20007 0.04500
v 0.07973 1.18793 0.02500
v 0.07973 1.18793 0.04500
v 0.07973 1.20007 0.02500
v 0.09187 1.20007 0.02500
v 0.07973 1.20007 0.04500
v 0.09187 1.20007 0.04500
v 0.07973 1.18793 0.04500
v 0.09187 1.18793 0.04500
v 0.07973 1.18793 0.02500
v 0.09187 1.18793 0.02500
v 0.07973 1.20007 0.04500
v 0.09187 1.20007 0.04500
v 0.07973 1.18793 0.04500
v 0.09187 1.18793 0.04500
v 0.09187 1.20007 0.02500
v 0.07973 1.20007 0.02500
v 0.09187 1.18793 0.02500
v 0.07973 1.18793 0.02500
v 0.10507 1.20007 0.04500
v 0.10507 1.20007 0.02500
v 0.10507 1.18793 0.04500
v 0.10507 1.18793 0.02500
v 0.09293 1.20007 0.02500
v 0.09293 1.20007 0.04500
v 0.09293 1.18793 0.02500
v 0.09293 1.18793 0.04500
v 0.09293 1.20007 0.02500
v 0.10507 1.20007 0.02500
v 0.09293 1.20007 0.04500
v 0.10507 1.20007 0.04500
v 0.09293 1.18793 0.04500
v 0.10507 1.18793 0.04500
v 0.09293 1.18793 0.02500
v 0.10507 1.18793 0.02500
v 0.09293 1.20007 0.04500
v 0.10507 1.20007 0.04500
v 0.09293 1.18793 0.04500
v 0.10507 1.18793 0.04500
v 0.10507 1.20007 0.02500
v 0.09293 1.20007 0.02500
v 0.10507 1.18793 0.02500
v 0.09293 1.18793 0.02500
v 0.11827 1.20007 0.04500
v 0.11827 1.20007 0.02500
v 0.11827 1.18793 0.04500
v 0.11827 1.18793 0.02500
v 0.10613 1.20007 0.02500
v 0.10613 1.20007 0.04500
v 0.10613 1.18793 0.02500
v 0.10613 1.18793 0.04500
v 0.10613 1.20007 0.02500
v 0.11827 1.20007 0.02500
v 0.10613 1.20007 0.04500
v 0.11827 1.20007 0.04500
v 0.10613 1.18793 0.04500
v 0.11827 1.18793 0.04500
v 0.10613 1.18793 0.02500
v 0.11827 1.18793 0.02500
v 0.10613 1.20007 0.04500
v 0.11827 1.20007 0.04500
v 0.10613 1.18793 0.04500
v 0.11827 1.18793 0.04500
v 0.11827 1.20007 0.02500
v 0.10613 1.20007 0.02500
v 0.11827 1.18793 0.02500
v 0.10613 1.18793 0.02500
v 0.13147 1.20007 0.04500
v 0.13147 1.20007 0.02500
v 0.13147 1.18793 0.04500
v 0.13147 1.18793 0.02500
v 0.11933 1.20007 0.02500
v 0.11933 1.20007 0.04500
v 0.11933 1.18793 0.02500
v 0.11933 1.18793 0.04500
v 0.11933 1.20007 0.02500
v 0.13147 1.20007 0.02500
v 0.11933 1.20007 0.04500
v 0.13147 1.20007 0.04500
v 0.11933 1.18793 0.04500
v 0.13147 1.18793 0.04500
v 0.11933 1.18793 0.02500
v 0.13147 1.18793 0.02500
v 0.11933 1.20007 0.04500
v 0.13147 1.20007 0.04500
v 0.11933 1.18793 0.04500
v 0.13147 1.18793 0.04500
v 0.13147 1.20007 0.02500
v 0.11933 1.20007 0.02500
v 0.13147 1.18793 0.02500
v 0.11933 1.18793 0.02500
v 0.14467 1.20007 0.04500
v 0.14467 1.20007 0.02500
v 0.14467 1.18793 0.04500
v 0.14467 1.18793 0.02500
v 0.13253 1.20007 0.02500
v 0.13253 1.20007 0.04500
v 0.13253 1.18793 0.02500
v 0.13253 1.18793 0.04500
v 0.13253 1.20007 0.02500
v 0.14467 1.20007 0.02500
v 0.13253 1.20007 0.04500
v 0.14467 1.20007 0.04500
v 0.13253 1.18793 0.04500
v 0.14467 1.18793 0.04500
v 0.13253 1.18793 0.02500
v 0.14467 1.18793 0.02500
v 0.13253 1.20007 0.04500
v 0.14467 1.20007 0.04500
v 0.13253 1.18793 0.04500
v 0.14467 1.18793 0.04500
v 0.14467 1.20007 0.02500
v 0.13253 1.20007 0.02500
v 0.14467 1.18793 0.02500
v 0.13253 1.18793 0.02500
v 0.09187 1.18687 0.04500
v 0.09187 1.18687 0.02500
v 0.09187 1.17473 0.04500
v 0.09187 1.17473 0.02500
v 0.07973 1.18687 0.02500
v 0.07973 1.18687 0.04500
v 0.07973 1.17473 0.02500
v 0.07973 1.17473 0.04500
v 0.07973 1.18687 0.02500
v 0.09187 1.18687 0.02500
v 0.07973 1.18687 0.04500
v 0.09187 1.18687 0.04500
v 0.07973 1.17473 0.04500
v 0.09187 1.17473 0.04500
v 0.07973 1.17473 0.02500
v 0.09187 1.17473 0.02500
v 0.07973 1.18687 0.04500
v 0.09187 1.18687 0.04500
v 0.07973 1.17473 0.04500
v 0.09187 1.17473 0.04500
v 0.09187 1.18687 0.02500
v 0.07973 1.18687 0.02500
v 0.09187 1.17473 0.02500
v 0.07973 1.17473 0.02500
v 0.14467 1.18687 0.04500
v 0.14467 1.18687 0.02500
v 0.14467 1.17473 0.04500
v 0.14467 1.17473 0.02500
v 0.13253 1.18687 0.02500
v 0.13253 1.18687 0.04500
v 0.13253 1.17473 0.02500
v 0.13253 1.17473 0.04500
v 0.13253 1.18687 0.02500
v 0.14467 1.18687 0.02500
v 0.13253 1.18687 0.04500
v 0.14467 1.18687 0.04500
v 0.13253 1.17473 0.04500
v 0.14467 1.17473 0.04500
v 0.13253 1.17473 0.02500
v 0.14467 1.17473 0.02500
v 0.13253 1.18687 0.04500
v 0.14467 1.18687 0.04500
v 0.13253 1.17473 0.04500
v 0.14467 1.17473 0.04500
v 0.14467 1.18687 0.02500
v 0.13253 1.18687 0.02500
v 0.14467 1.17473 0.02500
v 0.13253 1.17473 0.02500
v 0.09187 1.17367 0.04500
v 0.09187 1.17367 0.02500
v 0.09187 1.16153 0.04500
v 0.09187 1.16153 0.02500
v 0.07973 1.17367 0.02500
v 0.07973 1.17367 0.04500
v 0.07973 1.16153 0.02500
v 0.07973 1.16153 0.04500
v 0.07973 1.17367 0.02500
v 0.09187 1.17367 0.02500
v 0.07973 1.17367 0.04500
v 0.09187 1.17367 0.04500
v 0.07973 1.16153 0.04500
v 0.09187 1.16153 0.04500
v 0.07973 1.16153 0.02500
v 0.09187 1.16153 0.02500
v 0.07973 1.17367 0.04500
v 0.09187 1.17367 0.04500
v 0.07973 1.16153 0.04500
v 0.09187 1.16153 0.04500
v 0.09187 1.17367 0.02500
v 0.07973 1.17367 0.02500
v 0.09187 1.16153 0.02500
v 0.07973 1.16153 0.02500
v 0.14467 1.17367 0.04500
v 0.14467 1.17367 0.02500
v 0.14467 1.16153 0.04500
v 0.14467 1.16153 0.02500
v 0.13253 1.17367 0.02500
v 0.13253 1.17367 0.04500
v 0.13253 1.16153 0.02500
v 0.13253 1.16153 0.04500
v 0.13253 1.17367 0.02500
v 0.14467 1.17367 0.02500
v 0.13253 1.17367 0.04500
v 0.14467 1.17367 0.04500
v 0.13253 1.16153 0.04500
v 0.14467 1.16153 0.04500
v 0.13253 1.16153 0.02500
v 0.14467 1.16153 0.02500
v 0.13253 1.17367 0.04500
v 0.14467 1.17367 0.04500
v 0.13253 1.16153 0.04500
v 0.14467 1.16153 0.04500
v 0.14467 1.17367 0.02500
v 0.13253 1.17367 0.02500
v 0.14467 1.16153 0.02500
v 0.13253 1.16153 0.02500
v 0.09187 1.16047 0.04500
v 0.09187 1.16047 0.02500
v 0.09187 1.14833 0.04500
v 0.09187 1.14833 0.02500
v 0.07973 1.16047 0.02500
v 0.07973 1.16047 0.04500
v 0.07973 1.14833 0.02500
v 0.07973 1.14833 0.04500
v 0.07973 1.16047 0.02500
v 0.09187 1.16047 0.02500
v 0.07973 1.16047 0.04500
v 0.09187 1.16047 0.04500
v 0.07973 1.14833 0.04500
v 0.09187 1.14833 0.04500
v 0.07973 1.14833 0.02500
v 0.09187 1.14833 0.02500
v 0.07973 1.16047 0.04500
v 0.09187 1.16047 0.04500
v 0.07973 1.14833 0.04500
v 0.09187 1.14833 0.04500
v 0.09187 1.16047 0.02500
v 0.07973 1.16047 0.02500
v 0.09187 1.14833 0.02500
v 0.07973 1.14833 0.02500
v 0.14467 1.16047 0.04500
v 0.14467 1.16047 0.02500
v 0.14467 1.14833 0.04500
v 0.14467 1.14833 0.02500
v 0.13253 1.16047 0.02500
v 0.13253 1.16047 0.04500
v 0.13253 1.14833 0.02500
v 0.13253 1.14833 0.04500
v 0.13253 1.16047 0.02500
v 0.14467 1.16047 0.02500
v 0.13253 1.16047 0.04500
v 0.14467 1.16047 0.04500
v 0.13253 1.14833 0.04500
v 0.14467 1.14833 0.04500
v 0.13253 1.14833 0.02500
v 0.14467 1.14833 0.02500
v 0.13253 1.16047 0.04500
v 0.14467 1.16047 0.04500
v 0.13253 1.14833 0.04500
v 0.14467 1.14833 0.04500
v 0.14467 1.16047 0.02500
v 0.13253 1.16047 0.02500
v 0.14467 1.14833 0.02500
v 0.13253 1.14833 0.02500
v 0.17107 1.23967 0.04500
v 0.17107 1.23967 0.02500
v 0.17107 1.22753 0.04500
v 0.17107 1.22753 0.02500
v 0.15893 1.23967 0.02500
v 0.15893 1.23967 0.04500
v 0.15893 1.22753 0.02500
v 0.15893 1.22753 0.04500
v 0.15893 1.23967 0.02500
v 0.17107 1.23967 0.02500
v 0.15893 1.23967 0.04500
v 0.17107 1.23967 0.04500
v 0.15893 1.22753 0.04500
v 0.17107 1.22753 0.04500
v 0.15893 1.22753 0.02500
v 0.17107 1.22753 0.02500
v 0.15893 1.23967 0.04500
v 0.17107 1.23967 0.04500
v 0.15893 1.22753 0.04500
v 0.17107 1.22753 0.04500
v 0.17107 1.23967 0.02500
v 0.15893 1.23967 0.02500
v 0.17107 1.22753 0.02500
v 0.15893 1.22753 0.02500
v 0.22387 1.23967 0.04500
v 0.22387 1.23967 0.02500
v 0.22387 1.22753 0.04500
v 0.22387 1.22753 0.02500
v 0.21173 1.23967 0.02500
v 0.21173 1.23967 0.04500
v 0.21173 1.22753 0.02500
v 0.21173 1.22753 0.04500
v 0.21173 1.23967 0.02500
v 0.22387 1.23967 0.02500
v 0.21173 1.23967 0.04500
v 0.22387 1.23967 0.04500
v 0.21173 1.22753 0.04500
v 0.22387 1.22753 0.04500
v 0.21173 1.22753 0.02500
v 0.22387 1.22753 0.02500
v 0.21173 1.23967 0.04500
v 0.22387 1.23967 0.04500
v 0.21173 1.22753 0.04500
v 0.22387 1.22753 0.04500
v 0.22387 1.23967 0.02500
v 0.21173 1.23967 0.02500
v 0.22387 1.22753 0.02500
v 0.21173 1.22753 0.02500
v 0.17107 1.22647 0.04500
v 0.17107 1.22647 0.02500
v 0.17107 1.21433 0.04500
v 0.17107 1.21433 0.02500
v 0.15893 1.22647 0.02500
v 0.15893 1.22647 0.04500
v 0.15893 1.21433 0.02500
v 0.15893 1.21433 0.04500
v 0.15893 1.22647 0.02500
v 0.17107 1.22647 0.02500
v 0.15893 1.22647 0.04500
v 0.17107 1.22647 0.04500
v 0.15893 1.21433 0.04500
v 0.17107 1.21433 0.04500
v 0.15893 1.21433 0.02500
v 0.17107 1.21433 0.02500
v 0.15893 1.22647 0.04500
v 0.17107 1.22647 0.04500
v 0.15893 1.21433 0.04500
v 0.17107 1.21433 0.04500
v 0.17107 1.22647 0.02500
v 0.15893 1.22647 0.02500
v 0.17107 1.21433 0.02500
v 0.15893 1.21433 0.02500
v 0.22387 1.22647 0.04500
v 0.22387 1.22647 0.02500
v 0.22387 1.21433 0.04500
v 0.22387 1.21433 0.02500
v 0.21173 1.22647 0.02500
v 0.21173 1.22647 0.04500
v 0.21173 1.21433 0.02500
v 0.21173 1.21433 0.04500
v 0.21173 1.22647 0.02500
v 0.22387 1.22647 0.02500
v 0.21173 1.22647 0.04500
v 0.22387 1.22647 0.04500
v 0.21173 1.21433 0.04500
v 0.22387 1.21433 0.04500
v 0.21173 1.21433 0.02500
v 0.22387 1.21433 0.02500
v 0.21173 1.22647 0.04500
v 0.22387 1.22647 0.04500
v 0.21173 1.21433 0.04500
v 0.22387 1.21433 0.04500
v 0.22387 1.22647 0.02500
v 0.21173 1.22647 0.02500
v 0.22387 1.21433 0.02500
v 0.21173 1.21433 0.02500
v 0.17107 1.21327 0.04500
v 0.17107 1.21327 0.02500
v 0.17107 1.20113 0.04500
v 0.17107 1.20113 0.02500
v 0.15893 1.21327 0.02500
v 0.15893 1.21327 0.04500
v 0.15893 1.20113 0.02500
v 0.15893 1.20113 0.04500
v 0.15893 1.21327 0.02500
v 0.17107 1.21327 0.02500
v 0.15893 1.21327 0.04500
v 0.17107 1.21327 0.04500
v 0.15893 1.20113 0.04500
v 0.17107 1.20113 0.04500
v 0.15893 1.20113 0.02500
v 0.17107 1.20113 0.02500
v 0.15893 1.21327 0.04500
v 0.17107 1.21327 0.04500
v 0.15893 1.20113 0.04500
v 0.17107 1.20113 0.04500
v 0.17107 1.21327 0.02500
v 0.15893 1.21327 0.02500
v 0.17107 1.20113 0.02500
v 0.15893 1.20113 0.02500
v 0.22387 1.21327 0.04500
v 0.22387 1.21327 0.02500
v 0.22387 1.20113 0.04500
v 0.22387 1.20113 0.02500
v 0.21173 1.21327 0.02500
v 0.21173 1.21327 0.04500
v 0.21173 1.20113 0.02500
v 0.21173 1.20113 0.04500
v 0.21173 1.21327 0.02500
v 0.22387 1.21327 0.02500
v 0.21173 1.21327 0.04500
v 0.22387 1.21327 0.04500
v 0.21173 1.20113 0.04500
v 0.22387 1.20113 0.04500
v 0.21173 1.20113 0.02500
v 0.22387 1.20113 0.02500
v 0.21173 1.21327 0.04500
v 0.22387 1.21327 0.04500
v 0.21173 1.20113 0.04500
v 0.22387 1.20113 0.04500
v 0.22387 1.21327 0.02500
v 0.21173 1.21327 0.02500
v 0.22387 1.20113 0.02500
v 0.21173 1.20113 0.02500
v 0.17107 1.20007 0.04500
v 0.17107 1.20007 0.02500
v 0.17107 1.18793 0.04500
v 0.17107 1.18793 0.02500
v 0.15893 1.20007 0.02500
v 0.15893 1.20007 0.04500
v 0.15893 1.18793 0.02500
v 0.15893 1.18793 0.04500
v 0.15893 1.20007 0.02500
v 0.17107 1.20007 0.02500
v 0.15893 1.20007 0.04500
v 0.17107 1.20007 0.04500
v 0.15893 1.18793 0.04500
v 0.17107 1.18793 0.04500
v 0.15893 1.18793 0.02500
v 0.17107 1.18793 0.02500
v 0.15893 1.20007 0.04500
v 0.17107 1.20007 0.04500
v 0.15893 1.18793 0.04500
v 0.17107 1.18793 0.04500
v 0.17107 1.20007 0.02500
v 0.15893 1.20007 0.02500
v 0.17107 1.18793 0.02500
v 0.15893 1.18793 0.02500
v 0.22387 1.20007 0.04500
v 0.22387 1.20007 0.02500
v 0.22387 1.18793 0.04500
v 0.22387 1.18793 0.02500
v 0.21173 1.20007 0.02500
v 0.21173 1.20007 0.04500
v 0.21173 1.18793 0.02500
v 0.21173 1.18793 0.04500
v 0.21173 1.20007 0.02500
v 0.22387 1.20007 0.02500
v 0.21173 1.20007 0.04500
v 0.22387 1.20007 0.04500
v 0.21173 1.18793 0.04500
v 0.22387 1.18793 0.04500
v 0.21173 1.18793 0.02500
v 0.22387 1.18793 0.02500
v 0.21173 1.20007 0.04500
v 0.22387 1.20007 0.04500
v 0.21173 1.18793 0.04500
v 0.22387 1.18793 0.04500
v 0.22387 1.20007 0.02500
v 0.21173 1.20007 0.02500
v 0.22387 1.18793 0.02500
v 0.21173 1.18793 0.02500
v 0.17107 1.18687 0.04500
v 0.17107 1.18687 0.02500
v 0.17107 1.17473 0.04500
v 0.17107 1.17473 0.02500
v 0.15893 1.18687 0.02500
v 0.15893 1.18687 0.04500
v 0.15893 1.17473 0.02500
v 0.15893 1.17473 0.04500
v 0.15893 1.18687 0.02500
v 0.17107 1.18687 0.02500
v 0.15893 1.18687 0.04500
v 0.17107 1.18687 0.04500
v 0.15893 1.17473 0.04500
v 0.17107 1.17473 0.04500
v 0.15893 1.17473 0.02500
v 0.17107 1.17473 0.02500
v 0.15893 1.18687 0.04500
v 0.17107 1.18687 0.04500
v 0.15893 1.17473 0.04500
v 0.17107 1.17473 0.04500
v 0.17107 1.18687 0.02500
v 0.15893 1.18687 0.02500
v 0.17107 1.17473 0.02500
v 0.15893 1.17473 0.02500
v 0.22387 1.18687 0.04500
v 0.22387 1.18687 0.02500
v 0.22387 1.17473 0.04500
v 0.22387 1.17473 0.02500
v 0.21173 1.18687 0.02500
v 0.21173 1.18687 0.04500
v 0.21173 1.17473 0.02500
v 0.21173 1.17473 0.04500
v 0.21173 1.18687 0.02500
v 0.22387 1.18687 0.02500
v 0.21173 1.18687 0.04500
v 0.22387 1.18687 0.04500
v 0.21173 1.17473 0.04500
v 0.22387 1.17473 0.04500
v 0.21173 1.17473 0.02500
v 0.22387 1.17473 0.02500
v 0.21173 1.18687 0.04500
v 0.22387 1.18687 0.04500
v 0.21173 1.17473 0.04500
v 0.22387 1.17473 0.04500
v 0.22387 1.18687 0.02500
v 0.21173 1.18687 0.02500
v 0.22387 1.17473 0.02500
v 0.21173 1.17473 0.02500
v 0.17107 1.17367 0.04500
v 0.17107 1.17367 0.02500
v 0.17107 1.16153 0.04500
v 0.17107 1.16153 0.02500
v 0.15893 1.17367 0.02500
v 0.15893 1.17367 0.04500
v 0.15893 1.16153 0.02500
v 0.15893 1.16153 0.04500
v 0.15893 1.17367 0.02500
v 0.17107 1.17367 0.02500
v 0.15893 1.17367 0.04500
v 0.17107 1.17367 0.04500
v 0.15893 1.16153 0.04500
v 0.17107 1.16153 0.04500
v 0.15893 1.16153 0.02500
v 0.17107 1.16153 0.02500
v 0.15893 1.17367 0.04500
v 0.17107 1.17367 0.04500
v 0.15893 1.16153 0.04500
v 0.17107 1.16153 0.04500
v 0.17107 1.17367 0.02500
v 0.15893 1.17367 0.02500
v 0.17107 1.16153 0.02500
v 0.15893 1.16153 0.02500
v 0.22387 1.17367 0.04500
v 0.22387 1.17367 0.02500
v 0.22387 1.16153 0.04500
v 0.22387 1.16153 0.02500
v 0.21173 1.17367 0.02500
v 0.21173 1.17367 0.04500
v 0.21173 1.16153 0.02500
v 0.21173 1.16153 0.04500
v 0.21173 1.17367 0.02500
v 0.22387 1.17367 0.02500
v 0.21173 1.17367 0.04500
v 0.22387 1.17367 0.04500
v 0.21173 1.16153 0.04500
v 0.22387 1.16153 0.04500
v 0.21173 1.16153 0.02500
v 0.22387 1.16153 0.02500
v 0.21173 1.17367 0.04500
v 0.22387 1.17367 0.04500
v 0.21173 1.16153 0.04500
v 0.22387 1.16153 0.04500
v 0.22387 1.17367 0.02500
v 0.21173 1.17367 0.02500
v 0.22387 1.16153 0.02500
v 0.21173 1.16153 0.02500
v 0.18427 1.16047 0.04500
v 0.18427 1.16047 0.02500
v 0.18427 1.14833 0.04500
v 0.18427 1.14833 0.02500
v 0.17213 1.16047 0.02500
v 0.17213 1.16047 0.04500
v 0.17213 1.14833 0.02500
v 0.17213 1.14833 0.04500
v 0.17213 1.16047 0.02500
v 0.18427 1.16047 0.02500
v 0.17213 1.16047 0.04500
v 0.18427 1.16047 0.04500
v 0.17213 1.14833 0.04500
v 0.18427 1.14833 0.04500
v 0.17213 1.14833 0.02500
v 0.18427 1.14833 0.02500
v 0.17213 1.16047 0.04500
v 0.18427 1.16047 0.04500
v 0.17213 1.14833 0.04500
v 0.18427 1.14833 0.04500
v 0.18427 1.16047 0.02500
v 0.17213 1.16047 0.02500
v 0.18427 1.14833 0.02500
v 0.17213 1.14833 0.02500
v 0.19747 1.16047 0.04500
v 0.19747 1.16047 0.02500
v 0.19747 1.14833 0.04500
v 0.19747 1.14833 0.02500
v 0.18533 1.16047 0.02500
v 0.18533 1.16047 0.04500
v 0.18533 1.14833 0.02500
v 0.18533 1.14833 0.04500
v 0.18533 1.16047 0.02500
v 0.19747 1.16047 0.02500
v 0.18533 1.16047 0.04500
v 0.19747 1.16047 0.04500
v 0.18533 1.14833 0.04500
v 0.19747 1.14833 0.04500
v 0.18533 1.14833 0.02500
v 0.19747 1.14833 0.02500
v 0.18533 1.16047 0.04500
v 0.19747 1.16047 0.04500
v 0.18533 1.14833 0.04500
v 0.19747 1.14833 0.04500
v 0.19747 1.16047 0.02500
v 0.18533 1.16047 0.02500
v 0.19747 1.14833 0.02500
v 0.18533 1.14833 0.02500
v 0.21067 1.16047 0.04500
v 0.21067 1.16047 0.02500
v 0.21067 1.14833 0.04500
v 0.21067 1.14833 0.02500
v 0.19853 1.16047 0.02500
v 0.19853 1.16047 0.04500
v 0.19853 1.14833 0.02500
v 0.19853 1.14833 0.04500
v 0.19853 1.16047 0.02500
v 0.21067 1.16047 0.02500
v 0.19853 1.16047 0.04500
v 0.21067 1.16047 0.04500
v 0.19853 1.14833 0.04500
v 0.21067 1.14833 0.04500
v 0.19853 1.14833 0.02500
v 0.21067 1.14833 0.02500
v 0.19853 1.16047 0.04500
v 0.21067 1.16047 0.04500
v 0.19853 1.14833 0.04500
v 0.21067 1.14833 0.04500
v 0.21067 1.16047 0.02500
v 0.19853 1.16047 0.02500
v 0.21067 1.14833 0.02500
v 0.19853 1.14833 0.02500
v 0.25027 1.23967 0.04500
v 0.25027 1.23967 0.02500
v 0.25027 1.22753 0.04500
v 0.25027 1.22753 0.02500
v 0.23813 1.23967 0.02500
v 0.23813 1.23967 0.04500
v 0.23813 1.22753 0.02500
v 0.23813 1.22753 0.04500
v 0.23813 1.23967 0.02500
v 0.25027 1.23967 0.02500
v 0.23813 1.23967 0.04500
v 0.25027 1.23967 0.04500
v 0.23813 1.22753 0.04500
v 0.25027 1.22753 0.04500
v 0.23813 1.22753 0.02500
v 0.25027 1.22753 0.02500
v 0.23813 1.23967 0.04500
v 0.25027 1.23967 0.04500
v 0.23813 1.22753 0.04500
v 0.25027 1.22753 0.04500
v 0.25027 1.23967 0.02500
v 0.23813 1.23967 0.02500
v 0.25027 1.22753 0.02500
v 0.23813 1.22753 0.02500
v 0.26347 1.23967 0.04500
v 0.26347 1.23967 0.02500
v 0.26347 1.22753 0.04500
v 0.26347 1.22753 0.02500
v 0.25133 1.23967 0.02500
v 0.25133 1.23967 0.04500
v 0.25133 1.22753 0.02500
v 0.25133 1.22753 0.04500
v 0.25133 1.23967 0.02500
v 0.26347 1.23967 0.02500
v 0.25133 1.23967 0.04500
v 0.26347 1.23967 0.04500
v 0.25133 1.22753 0.04500
v 0.26347 1.22753 0.04500
v 0.25133 1.22753 0.02500
v 0.26347 1.22753 0.02500
v 0.25133 1.23967 0.04500
v 0.26347 1.23967 0.04500
v 0.25133 1.22753 0.04500
v 0.26347 1.22753 0.04500
v 0.26347 1.23967 0.02500
v 0.25133 1.23967 0.02500
v 0.26347 1.22753 0.02500
v 0.25133 1.22753 0.02500
v 0.27667 1.23967 0.04500
v 0.27667 1.23967 0.02500
v 0.27667 1.22753 0.04500
v 0.27667 1.22753 0.02500
v 0.26453 1.23967 0.02500
v 0.26453 1.23967 0.04500
v 0.26453 1.22753 0.02500
v 0.26453 1.22753 0.04500
v 0.26453 1.23967 0.02500
v 0.27667 1.23967 0.02500
v 0.26453 1.23967 0.04500
v 0.27667 1.23967 0.04500
v 0.26453 1.22753 0.04500
v 0.27667 1.22753 0.04500
v 0.26453 1.22753 0.02500
v 0.27667 1.22753 0.02500
v 0.26453 1.23967 0.04500
v 0.27667 1.23967 0.04500
v 0.26453 1.22753 0.04500
v 0.27667 1.22753 0.04500
v 0.27667 1.23967 0.02500
v 0.26453 1.23967 0.02500
v 0.27667 1.22753 0.02500
v 0.26453 1.22753 0.02500
v 0.28987 1.23967 0.04500
v 0.28987 1.23967 0.02500
v 0.28987 1.22753 0.04500
v 0.28987 1.22753 0.02500
v 0.27773 1.23967 0.02500
v 0.27773 1.23967 0.04500
v 0.27773 1.22753 0.02500
v 0.27773 1.22753 0.04500
v 0.27773 1.23967 0.02500
v 0.28987 1.23967 0.02500
v 0.27773 1.23967 0.04500
v 0.28987 1.23967 0.04500
v 0.27773 1.22753 0.04500
v 0.28987 1.22753 0.04500
v 0.27773 1.22753 0.02500
v 0.28987 1.22753 0.02500
v 0.27773 1.23967 0.04500
v 0.28987 1.23967 0.04500
v 0.27773 1.22753 0.04500
v 0.28987 1.22753 0.04500
v 0.28987 1.23967 0.02500
v 0.27773 1.23967 0.02500
v 0.28987 1.22753 0.02500
v 0.27773 1.22753 0.02500
v 0.25027 1.22647 0.04500
v 0.25027 1.22647 0.02500
v 0.25027 1.21433 0.04500
v 0.25027 1.21433 0.02500
v 0.23813 1.22647 0.02500
v 0.23813 1.22647 0.04500
v 0.23813 1.21433 0.02500
v 0.23813 1.21433 0.04500
v 0.23813 1.22647 0.02500
v 0.25027 1.22647 0.02500
v 0.23813 1.22647 0.04500
v 0.25027 1.22647 0.04500
v 0.23813 1.21433 0.04500
v 0.25027 1.21433 0.04500
v 0.23813 1.21433 0.02500
v 0.25027 1.21433 0.02500
v 0.23813 1.22647 0.04500
v 0.25027 1.22647 0.04500
v 0.23813 1.21433 0.04500
v 0.25027 1.21433 0.04500
v 0.25027 1.22647 0.02500
v 0.23813 1.22647 0.02500
v 0.25027 1.21433 0.02500
v 0.23813 1.21433 0.02500
v 0.30307 1.22647 0.04500
v 0.30307 1.22647 0.02500
v 0.30307 1.21433 0.04500
v 0.30307 1.21433 0.02500
v 0.29093 1.22647 0.02500
v 0.29093 1.22647 0.04500
v 0.29093 1.21433 0.02500
v 0.29093 1.21433 0.04500
v 0.29093 1.22647 0.02500
v 0.30307 1.22647 0.02500
v 0.29093 1.22647 0.04500
v 0.30307 1.22647 0.04500
v 0.29093 1.21433 0.04500
v 0.30307 1.21433 0.04500
v 0.29093 1.21433 0.02500
v 0.30307 1.21433 0.02500
v 0.29093 1.22647 0.04500
v 0.30307 1.22647 0.04500
v 0.29093 1.21433 0.04500
v 0.30307 1.21433 0.04500
v 0.30307 1.22647 0.02500
v 0.29093 1.22647 0.02500
v 0.30307 1.21433 0.02500
v 0.29093 1.21433 0.02500
v 0.25027 1.21327 0.04500
v 0.25027 1.21327 0.02500
v 0.25027 1.20113 0.04500
v 0.25027 1.20113 0.02500
v 0.23813 1.21327 0.02500
v 0.23813 1.21327 0.04500
v 0.23813 1.20113 0.02500
v 0.23813 1.20113 0.04500
v 0.23813 1.21327 0.02500
v 0.25027 1.21327 0.02500
v 0.23813 1.21327 0.04500
v 0.25027 1.21327 0.04500
v 0.23813 1.20113 0.04500
v 0.25027 1.20113 0.04500
v 0.23813 1.20113 0.02500
v 0.25027 1.20113 0.02500
v 0.23813 1.21327 0.04500
v 0.25027 1.21327 0.04500
v 0.23813 1.20113 0.04500
v 0.25027 1.20113 0.04500
v 0.25027 1.21327 0.02500
v 0.23813 1.21327 0.02500
v 0.25027 1.20113 0.02500
v 0.23813 1.20113 0.02500
v 0.30307 1.21327 0.04500
v 0.30307 1.21327 0.02500
v 0.30307 1.20113 0.04500
v 0.30307 1.20113 0.02500
v 0.29093 1.21327 0.02500
v 0.29093 1.21327 0.04500
v 0.29093 1.20113 0.02500
v 0.29093 1.20113 0.04500
v 0.29093 1.21327 0.02500
v 0.30307 1.21327 0.02500
v 0.29093 1.21327 0.04500
v 0.30307 1.21327 0.04500
v 0.29093 1.20113 0.04500
v 0.30307 1.20113 0.04500
v 0.29093 1.20113 0.02500
v 0.30307 1.20113 0.02500
v 0.29093 1.21327 0.04500
v 0.30307 1.21327 0.04500
v 0.29093 1.20113 0.04500
v 0.30307 1.20113 0.04500
v 0.30307 1.21327 0.02500
v 0.29093 1.21327 0.02500
v 0.30307 1.20113 0.02500
v 0.29093 1.20113 0.02500
v 0.25027 1.20007 0.04500
v 0.25027 1.20007 0.02500
v 0.25027 1.18793 0.04500
v 0.25027 1.18793 0.02500
v 0.23813 1.20007 0.02500
v 0.23813 1.20007 0.04500
v 0.23813 1.18793 0.02500
v 0.23813 1.18793 0.04500
v 0.23813 1.20007 0.02500
v 0.25027 1.20007 0.02500
v 0.23813 1.20007 0.04500
v 0.25027 1.20007 0.04500
v 0.23813 1.18793 0.04500
v 0.25027 1.18793 0.04500
v 0.23813 1.18793 0.02500
v 0.25027 1.18793 0.02500
v 0.23813 1.20007 0.04500
v 0.25027 1.20007 0.04500
v 0.23813 1.18793 0.04500
v 0.25027 1.18793 0.04500
v 0.25027 1.20007 0.02500
v 0.23813 1.20007 0.02500
v 0.25027 1.18793 0.02500
v 0.23813 1.18793 0.02500
v 0.26347 1.20007 0.04500
v 0.26347 1.20007 0.02500
v 0.26347 1.18793 0.04500
v 0.26347 1.18793 0.02500
v 0.25133 1.20007 0.02500
v 0.25133 1.20007 0.04500
v 0.25133 1.18793 0.02500
v 0.25133 1.18793 0.04500
v 0.25133 1.20007 0.02500
v 0.26347 1.20007 0.02500
v 0.25133 1.20007 0.04500
v 0.26347 1.20007 0.04500
v 0.25133 1.18793 0.04500
v 0.26347 1.18793 0.04500
v 0.25133 1.18793 0.02500
v 0.26347 1.18793 0.02500
v 0.25133 1.20007 0.04500
v 0.26347 1.20007 0.04500
v 0.25133 1.18793 0.04500
v 0.26347 1.18793 0.04500
v 0.26347 1.20007 0.02500
v 0.25133 1.20007 0.02500
v 0.26347 1.18793 0.02500
v 0.25133 1.18793 0.02500
v 0.27667 1.20007 0.04500
v 0.27667 1.20007 0.02500
v 0.27667 1.18793 0.04500
v 0.27667 1.18793 0.02500
v 0.26453 1.20007 0.02500
v 0.26453 1.20007 0.04500
v 0.26453 1.18793 0.02500
v 0.26453 1.18793 0.04500
v 0.26453 1.20007 0.02500
v 0.27667 1.20007 0.02500
v 0.26453 1.20007 0.04500
v 0.27667 1.20007 0.04500
v 0.26453 1.18793 0.04500
v 0.27667 1.18793 0.04500
v 0.26453 1.18793 0.02500
v 0.27667 1.18793 0.02500
v 0.26453 1.20007 0.04500
v 0.27667 1.20007 0.04500
v 0.26453 1.18793 0.04500
v 0.27667 1.18793 0.04500
v 0.27667 1.20007 0.02500
v 0.26453 1.20007 0.02500
v 0.27667 1.18793 0.02500
v 0.26453 1.18793 0.02500
v 0.28987 1.20007 0.04500
v 0.28987 1.20007 0.02500
v 0.28987 1.18793 0.04500
v 0.28987 1.18793 0.02500
v 0.27773 1.20007 0.02500
v 0.27773 1.20007 0.04500
v 0.27773 1.18793 0.02500
v 0.27773 1.18793 0.04500
v 0.27773 1.20007 0.02500
v 0.28987 1.20007 0.02500
v 0.27773 1.20007 0.04500
v 0.28987 1.20007 0.04500
v 0.27773 1.18793 0.04500
v 0.28987 1.18793 0.04500
v 0.27773 1.18793 0.02500
v 0.28987 1.18793 0.02500
v 0.27773 1.20007 0.04500
v 0.28987 1.20007 0.04500
v 0.27773 1.18793 0.04500
v 0.28987 1.18793 0.04500
v 0.28987 1.20007 0.02500
v 0.27773 1.20007 0.02500
v 0.28987 1.18793 0.02500
v 0.27773 1.18793 0.02500
v 0.25027 1.18687 0.04500
v 0.25027 1.18687 0.02500
v 0.25027 1.17473 0.04500
v 0.25027 1.17473 0.02500
v 0.23813 1.18687 0.02500
v 0.23813 1.18687 0.04500
v 0.23813 1.17473 0.02500
v 0.23813 1.17473 0.04500
v 0.23813 1.18687 0.02500
v 0.25027 1.18687 0.02500
v 0.23813 1.18687 0.04500
v 0.25027 1.18687 0.04500
v 0.23813 1.17473 0.04500
v 0.25027 1.17473 0.04500
v 0.23813 1.17473 0.02500
v 0.25027 1.17473 0.02500
v 0.23813 1.18687 0.04500
v 0.25027 1.18687 0.04500
v 0.23813 1.17473 0.04500
v 0.25027 1.17473 0.04500
v 0.25027 1.18687 0.02500
v 0.23813 1.18687 0.02500
v 0.25027 1.17473 0.02500
v 0.23813 1.17473 0.02500
v 0.30307 1.18687 0.04500
v 0.30307 1.18687 0.02500
v 0.30307 1.17473 0.04500
v 0.30307 1.17473 0.02500
v 0.29093 1.18687 0.02500
v 0.29093 1.18687 0.04500
v 0.29093 1.17473 0.02500
v 0.29093 1.17473 0.04500
v 0.29093 1.18687 0.02500
v 0.30307 1.18687 0.02500
v 0.29093 1.18687 0.04500
v 0.30307 1.18687 0.04500
v 0.29093 1.17473 0.04500
v 0.30307 1.17473 0.04500
v 0.29093 1.17473 0.02500
v 0.30307 1.17473 0.02500
v 0.29093 1.18687 0.04500
v 0.30307 1.18687 0.04500
v 0.29093 1.17473 0.04500
v 0.30307 1.17473 0.04500
v 0.30307 1.18687 0.02500
v 0.29093 1.18687 0.02500
v 0.30307 1.17473 0.02500
v 0.29093 1.17473 0.02500
v 0.25027 1.17367 0.04500
v 0.25027 1.17367 0.02500
v 0.25027 1.16153 0.04500
v 0.25027 1.16153 0.02500
v 0.23813 1.17367 0.02500
v 0.23813 1.17367 0.04500
v 0.23813 1.16153 0.02500
v 0.23813 1.16153 0.04500
v 0.23813 1.17367 0.02500
v 0.25027 1.17367 0.02500
v 0.23813 1.17367 0.04500
v 0.25027 1.17367 0.04500
v 0.23813 1.16153 0.04500
v 0.25027 1.16153 0.04500
v 0.23813 1.16153 0.02500
v 0.25027 1.16153 0.02500
v 0.23813 1.17367 0.04500
v 0.25027 1.17367 0.04500
v 0.23813 1.16153 0.04500
v 0.25027 1.16153 0.04500
v 0.25027 1.17367 0.02500
v 0.23813 1.17367 0.02500
v 0.25027 1.16153 0.02500
v 0.23813 1.16153 0.02500
v 0.30307 1.17367 0.04500
v 0.30307 1.17367 0.02500
v 0.30307 1.16153 0.04500
v 0.30307 1.16153 0.02500
v 0.29093 1.17367 0.02500
v 0.29093 1.17367 0.04500
v 0.29093 1.16153 0.02500
v 0.29093 1.16153 0.04500
v 0.29093 1.17367 0.02500
v 0.30307 1.17367 0.02500
v 0.29093 1.17367 0.04500
v 0.30307 1.17367 0.04500
v 0.29093 1.16153 0.04500
v 0.30307 1.16153 0.04500
v 0.29093 1.16153 0.02500
v 0.30307 1.16153 0.02500
v 0.29093 1.17367 0.04500
v 0.30307 1.17367 0.04500
v 0.29093 1.16153 0.04500
v 0.30307 1.16153 0.04500
v 0.30307 1.17367 0.02500
v 0.29093 1.17367 0.02500
v 0.30307 1.16153 0.02500
v 0.29093 1.16153 0.02500
v 0.25027 1.16047 0.04500
v 0.25027 1.16047 0.02500
v 0.25027 1.14833 0.04500
v 0.25027 1.14833 0.02500
v 0.23813 1.16047 0.02500
v 0.23813 1.16047 0.04500
v 0.23813 1.14833 0.02500
v 0.23813 1.14833 0.04500
v 0.23813 1.16047 0.02500
v 0.25027 1.16047 0.02500
v 0.23813 1.16047 0.04500
v 0.25027 1.16047 0.04500
v 0.23813 1.14833 0.04500
v 0.25027 1.14833 0.04500
v 0.23813 1.14833 0.02500
v 0.25027 1.14833 0.02500
v 0.23813 1.16047 0.04500
v 0.25027 1.16047 0.04500
v 0.23813 1.14833 0.04500
v 0.25027 1.14833 0.04500
v 0.25027 1.16047 0.02500
v 0.23813 1.16047 0.02500
v 0.25027 1.14833 0.02500
v 0.23813 1.14833 0.02500
v 0.26347 1.16047 0.04500
v 0.26347 1.16047 0.02500
v 0.26347 1.14833 0.04500
v 0.26347 1.14833 0.02500
v 0.25133 1.16047 0.02500
v 0.25133 1.16047 0.04500
v 0.25133 1.14833 0.02500
v 0.25133 1.14833 0.04500
v 0.25133 1.16047 0.02500
v 0.26347 1.16047 0.02500
v 0.25133 1.16047 0.04500
v 0.26347 1.16047 0.04500
v 0.25133 1.14833 0.04500
v 0.26347 1.14833 0.04500
v 0.25133 1.14833 0.02500
v 0.26347 1.14833 0.02500
v 0.25133 1.16047 0.04500
v 0.26347 1.16047 0.04500
v 0.25133 1.14833 0.04500
v 0.26347 1.14833 0.04500
v 0.26347 1.16047 0.02500
v 0.25133 1.16047 0.02500
v 0.26347 1.14833 0.02500
v 0.25133 1.14833 0.02500
v 0.27667 1.16047 0.04500
v 0.27667 1.16047 0.02500
v 0.27667 1.14833 0.04500
v 0.27667 1.14833 0.02500
v 0.26453 1.16047 0.02500
v 0.26453 1.16047 0.04500
v 0.26453 1.14833 0.02500
v 0.26453 1.14833 0.04500
v 0.26453 1.16047 0.02500
v 0.27667 1.16047 0.02500
v 0.26453 1.16047 0.04500
v 0.27667 1.16047 0.04500
v 0.26453 1.14833 0.04500
v 0.27667 1.14833 0.04500
v 0.26453 1.14833 0.02500
v 0.27667 1.14833 0.02500
v 0.26453 1.16047 0.04500
v 0.27667 1.16047 0.04500
v 0.26453 1.14833 0.04500
v 0.27667 1.14833 0.04500
v 0.27667 1.16047 0.02500
v 0.26453 1.16047 0.02500
v 0.27667 1.14833 0.02500
v 0.26453 1.14833 0.02500
v 0.28987 1.16047 0.04500
v 0.28987 1.16047 0.02500
v 0.28987 1.14833 0.04500
v 0.28987 1.14833 0.02500
v 0.27773 1.16047 0.02500
v 0.27773 1.16047 0.04500
v 0.27773 1.14833 0.02500
v 0.27773 1.14833 0.04500
v 0.27773 1.16047 0.02500
v 0.28987 1.16047 0.02500
v 0.27773 1.16047 0.04500
v 0.28987 1.16047 0.04500
v 0.27773 1.14833 0.04500
v 0.28987 1.14833 0.04500
v 0.27773 1.14833 0.02500
v 0.28987 1.14833 0.02500
v 0.27773 1.16047 0.04500
v 0.28987 1.16047 0.04500
v 0.27773 1.14833 0.04500
v 0.28987 1.14833 0.04500
v 0.28987 1.16047 0.02500
v 0.27773 1.16047 0.02500
v 0.28987 1.14833 0.02500
v 0.27773 1.14833 0.02500
v 0.32947 1.23967 0.04500
v 0.32947 1.23967 0.02500
v 0.32947 1.22753 0.04500
v 0.32947 1.22753 0.02500
v 0.31733 1.23967 0.02500
v 0.31733 1.23967 0.04500
v 0.31733 1.22753 0.02500
v 0.31733 1.22753 0.04500
v 0.31733 1.23967 0.02500
v 0.32947 1.23967 0.02500
v 0.31733 1.23967 0.04500
v 0.32947 1.23967 0.04500
v 0.31733 1.22753 0.04500
v 0.32947 1.22753 0.04500
v 0.31733 1.22753 0.02500
v 0.32947 1.22753 0.02500
v 0.31733 1.23967 0.04500
v 0.32947 1.23967 0.04500
v 0.31733 1.22753 0.04500
v 0.32947 1.22753 0.04500
v 0.32947 1.23967 0.02500
v 0.31733 1.23967 0.02500
v 0.32947 1.22753 0.02500
v 0.31733 1.22753 0.02500
v 0.34267 1.23967 0.04500
v 0.34267 1.23967 0.02500
v 0.34267 1.22753 0.04500
v 0.34267 1.22753 0.02500
v 0.33053 1.23967 0.02500
v 0.33053 1.23967 0.04500
v 0.33053 1.22753 0.02500
v 0.33053 1.22753 0.04500
v 0.33053 1.23967 0.02500
v 0.34267 1.23967 0.02500
v 0.33053 1.23967 0.04500
v 0.34267 1.23967 0.04500
v 0.33053 1.22753 0.04500
v 0.34267 1.22753 0.04500
v 0.33053 1.22753 0.02500
v 0.34267 1.22753 0.02500
v 0.33053 1.23967 0.04500
v 0.34267 1.23967 0.04500
v 0.33053 1.22753 0.04500
v 0.34267 1.22753 0.04500
v 0.34267 1.23967 0.02500
v 0.33053 1.23967 0.02500
v 0.34267 1.22753 0.02500
v 0.33053 1.22753 0.02500
v 0.35587 1.23967 0.04500
v 0.35587 1.23967 0.02500
v 0.35587 1.22753 0.04500
v 0.35587 1.22753 0.02500
v 0.34373 1.23967 0.02500
v 0.34373 1.23967 0.04500
v 0.34373 1.22753 0.02500
v 0.34373 1.22753 0.04500
v 0.34373 1.23967 0.02500
v 0.35587 1.23967 0.02500
v 0.34373 1.23967 0.04500
v 0.35587 1.23967 0.04500
v 0.34373 1.22753 0.04500
v 0.35587 1.22753 0.04500
v 0.34373 1.22753 0.02500
v 0.35587 1.22753 0.02500
v 0.34373 1.23967 0.04500
v 0.35587 1.23967 0.04500
v 0.34373 1.22753 0.04500
v 0.35587 1.22753 0.04500
v 0.35587 1.23967 0.02500
v 0.34373 1.23967 0.02500
v 0.35587 1.22753 0.02500
v 0.34373 1.22753 0.02500
v 0.36907 1.23967 0.04500
v 0.36907 1.23967 0.02500
v 0.36907 1.22753 0.04500
v 0.36907 1.22753 0.02500
v 0.35693 1.23967 0.02500
v 0.35693 1.23967 0.04500
v 0.35693 1.22753 0.02500
v 0.35693 1.22753 0.04500
v 0.35693 1.23967 0.02500
v 0.36907 1.23967 0.02500
v 0.35693 1.23967 0.04500
v 0.36907 1.23967 0.04500
v 0.35693 1.22753 0.04500
v 0.36907 1.22753 0.04500
v 0.35693 1.22753 0.02500
v 0.36907 1.22753 0.02500
v 0.35693 1.23967 0.04500
v 0.36907 1.23967 0.04500
v 0.35693 1.22753 0.04500
v 0.36907 1.22753 0.04500
v 0.36907 1.23967 0.02500
v 0.35693 1.23967 0.02500
v 0.36907 1.22753 0.02500
v 0.35693 1.22753 0.02500
v 0.32947 1.22647 0.04500
v 0.32947 1.22647 0.02500
v 0.32947 1.21433 0.04500
v 0.32947 1.21433 0.02500
v 0.31733 1.22647 0.02500
v 0.31733 1.22647 0.04500
v 0.31733 1.21433 0.02500
v 0.31733 1.21433 0.04500
v 0.31733 1.22647 0.02500
v 0.32947 1.22647 0.02500
v 0.31733 1.22647 0.04500
v 0.32947 1.22647 0.04500
v 0.31733 1.21433 0.04500
v 0.32947 1.21433 0.04500
v 0.31733 1.21433 0.02500
v 0.32947 1.21433 0.02500
v 0.31733 1.22647 0.04500
v 0.32947 1.22647 0.04500
v 0.31733 1.21433 0.04500
v 0.32947 1.21433 0.04500
v 0.32947 1.22647 0.02500
v 0.31733 1.22647 0.02500
v 0.32947 1.21433 0.02500
v 0.31733 1.21433 0.02500
v 0.38227 1.22647 0.04500
v 0.38227 1.22647 0.02500
v 0.38227 1.21433 0.04500
v 0.38227 1.21433 0.02500
v 0.37013 1.22647 0.02500
v 0.37013 1.22647 0.04500
v 0.37013 1.21433 0.02500
v 0.37013 1.21433 0.04500
v 0.37013 1.22647 0.02500
v 0.38227 1.22647 0.02500
v 0.37013 1.22647 0.04500
v 0.38227 1.22647 0.04500
v 0.37013 1.21433 0.04500
v 0.38227 1.21433 0.04500
v 0.37013 1.21433 0.02500
v 0.38227 1.21433 0.02500
v 0.37013 1.22647 0.04500
v 0.38227 1.22647 0.04500
v 0.37013 1.21433 0.04500
v 0.38227 1.21433 0.04500
v 0.38227 1.22647 0.02500
v 0.37013 1.22647 0.02500
v 0.38227 1.21433 0.02500
v 0.37013 1.21433 0.02500
v 0.32947 1.21327 0.04500
v 0.32947 1.21327 0.02500
v 0.32947 1.20113 0.04500
v 0.32947 1.20113 0.02500
v 0.31733 1.21327 0.02500
v 0.31733 1.21327 0.04500
v 0.31733 1.20113 0.02500
v 0.31733 1.20113 0.04500
v 0.31733 1.21327 0.02500
v 0.32947 1.21327 0.02500
v 0.31733 1.21327 0.04500
v 0.32947 1.21327 0.04500
v 0.31733 1.20113 0.04500
v 0.32947 1.20113 0.04500
v 0.31733 1.20113 0.02500
v 0.32947 1.20113 0.02500
v 0.31733 1.21327 0.04500
v 0.32947 1.21327 0.04500
v 0.31733 1.20113 0.04500
v 0.32947 1.20113 0.04500
v 0.32947 1.21327 0.02500
v 0.31733 1.21327 0.02500
v 0.32947 1.20113 0.02500
v 0.31733 1.20113 0.02500
v 0.38227 1.21327 0.04500
v 0.38227 1.21327 0.02500
v 0.38227 1.20113 0.04500
v 0.38227 1.20113 0.02500
v 0.37013 1.21327 0.02500
v 0.37013 1.21327 0.04500
v 0.37013 1.20113 0.02500
v 0.37013 1.20113 0.04500
v 0.37013 1.21327 0.02500
v 0.38227 1.21327 0.02500
v 0.37013 1.21327 0.04500
v 0.38227 1.21327 0.04500
v 0.37013 1.20113 0.04500
v 0.38227 1.20113 0.04500
v 0.37013 1.20113 0.02500
v 0.38227 1.20113 0.02500
v 0.37013 1.21327 0.04500
v 0.38227 1.21327 0.04500
v 0.37013 1.20113 0.04500
v 0.38227 1.20113 0.04500
v 0.38227 1.21327 0.02500
v 0.37013 1.21327 0.02500
v 0.38227 1.20113 0.02500
v 0.37013 1.20113 0.02500
v 0.32947 1.20007 0.04500
v 0.32947 1.20007 0.02500
v 0.32947 1.18793 0.04500
v 0.32947 1.18793 0.02500
v 0.31733 1.20007 0.02500
v 0.31733 1.20007 0.04500
v 0.31733 1.18793 0.02500
v 0.31733 1.18793 0.04500
v 0.31733 1.20007 0.02500
v 0.32947 1.20007 0.02500
v 0.31733 1.20007 0.04500
v 0.32947 1.20007 0.04500
v 0.31733 1.18793 0.04500
v 0.32947 1.18793 0.04500
v 0.31733 1.18793 0.02500
v 0.32947 1.18793 0.02500
v 0.31733 1.20007 0.04500
v 0.32947 1.20007 0.04500
v 0.31733 1.18793 0.04500
v 0.32947 1.18793 0.04500
v 0.32947 1.20007 0.02500
v 0.31733 1.20007 0.02500
v 0.32947 1.18793 0.02500
v 0.31733 1.18793 0.02500
v 0.34267 1.20007 0.04500
v 0.34267 1.20007 0.02500
v 0.34267 1.18793 0.04500
v 0.34267 1.18793 0.02500
v 0.33053 1.20007 0.02500
v 0.33053 1.20007 0.04500
v 0.33053 1.18793 0.02500
v 0.33053 1.18793 0.04500
v 0.33053 1.20007 0.02500
v 0.34267 1.20007 0.02500
v 0.33053 1.20007 0.04500
v 0.34267 1.20007 0.04500
v 0.33053 1.18793 0.04500
v 0.34267 1.18793 0.04500
v 0.33053 1.18793 0.02500
v 0.34267 1.18793 0.02500
v 0.33053 1.20007 0.04500
v 0.34267 1.20007 0.04500
v 0.33053 1.18793 0.04500
v 0.34267 1.18793 0.04500
v 0.34267 1.20007 0.02500
v 0.33053 1.20007 0.02500
v 0.34267 1.18793 0.02500
v 0.33053 1.18793 0.02500
v 0.35587 1.20007 0.04500
v 0.35587 1.20007 0.02500
v 0.35587 1.18793 0.04500
v 0.35587 1.18793 0.02500
v 0.34373 1.20007 0.02500
v 0.34373 1.20007 0.04500
v 0.34373 1.18793 0.02500
v 0.34373 1.18793 0.04500
v 0.34373 1.20007 0.02500
v 0.35587 1.20007 0.02500
v 0.34373 1.20007 0.04500
v 0.35587 1.20007 0.04500
v 0.34373 1.18793 0.04500
v 0.35587 1.18793 0.04500
v 0.34373 1.18793 0.02500
v 0.35587 1.18793 0.02500
v 0.34373 1.20007 0.04500
v 0.35587 1.20007 0.04500
v 0.34373 1.18793 0.04500
v 0.35587 1.18793 0.04500
v 0.35587 1.20007 0.02500
v 0.34373 1.20007 0.02500
v 0.35587 1.18793 0.02500
v 0.34373 1.18793 0.02500
v 0.36907 1.20007 0.04500
v 0.36907 1.20007 0.02500
v 0.36907 1.18793 0.04500
v 0.36907 1.18793 0.02500
v 0.35693 1.20007 0.02500
v 0.35693 1.20007 0.04500
v 0.35693 1.18793 0.02500
v 0.35693 1.18793 0.04500
v 0.35693 1.20007 0.02500
v 0.36907 1.20007 0.02500
v 0.35693 1.20007 0.04500
v 0.36907 1.20007 0.04500
v 0.35693 1.18793 0.04500
v 0.36907 1.18793 0.04500
v 0.35693 1.18793 0.02500
v 0.36907 1.18793 0.02500
v 0.35693 1.20007 0.04500
v 0.36907 1.20007 0.04500
v 0.35693 1.18793 0.04500
v 0.36907 1.18793 0.04500
v 0.36907 1.20007 0.02500
v 0.35693 1.20007 0.02500
v 0.36907 1.18793 0.02500
v 0.35693 1.18793 0.02500
v 0.32947 1.18687 0.04500
v 0.32947 1.18687 0.02500
v 0.32947 1.17473 0.04500
v 0.32947 1.17473 0.02500
v 0.31733 1.18687 0.02500
v 0.31733 1.18687 0.04500
v 0.31733 1.17473 0.02500
v 0.31733 1.17473 0.04500
v 0.31733 1.18687 0.02500
v 0.32947 1.18687 0.02500
v 0.31733 1.18687 0.04500
v 0.32947 1.18687 0.04500
v 0.31733 1.17473 0.04500
v 0.32947 1.17473 0.04500
v 0.31733 1.17473 0.02500
v 0.32947 1.17473 0.02500
v 0.31733 1.18687 0.04500
v 0.32947 1.18687 0.04500
v 0.31733 1.17473 0.04500
v 0.32947 1.17473 0.04500
v 0.32947 1.18687 0.02500
v 0.31733 1.18687 0.02500
v 0.32947 1.17473 0.02500
v 0.31733 1.17473 0.02500
v 0.38227 1.18687 0.04500
v 0.38227 1.18687 0.02500
v 0.38227 1.17473 0.04500
v 0.38227 1.17473 0.02500
v 0.37013 1.18687 0.02500
v 0.37013 1.18687 0.04500
v 0.37013 1.17473 0.02500
v 0.37013 1.17473 0.04500
v 0.37013 1.18687 0.02500
v 0.38227 1.18687 0.02500
v 0.37013 1.18687 0.04500
v 0.38227 1.18687 0.04500
v 0.37013 1.17473 0.04500
v 0.38227 1.17473 0.04500
v 0.37013 1.17473 0.02500
v 0.38227 1.17473 0.02500
v 0.37013 1.18687 0.04500
v 0.38227 1.18687 0.04500
v 0.37013 1.17473 0.04500
v 0.38227 1.17473 0.04500
v 0.38227 1.18687 0.02500
v 0.37013 1.18687 0.02500
v 0.38227 1.17473 0.02500
v 0.37013 1.17473 0.02500
v 0.32947 1.17367 0.04500
v 0.32947 1.17367 0.02500
v 0.32947 1.16153 0.04500
v 0.32947 1.16153 0.02500
v 0.31733 1.17367 0.02500
v 0.31733 1.17367 0.04500
v 0.31733 1.16153 0.02500
v 0.31733 1.16153 0.04500
v 0.31733 1.17367 0.02500
v 0.32947 1.17367 0.02500
v 0.31733 1.17367 0.04500
v 0.32947 1.17367 0.04500
v 0.31733 1.16153 0.04500
v 0.32947 1.16153 0.04500
v 0.31733 1.16153 0.02500
v 0.32947 1.16153 0.02500
v 0.31733 1.17367 0.04500
v 0.32947 1.17367 0.04500
v 0.31733 1.16153 0.04500
v 0.32947 1.16153 0.04500
v 0.32947 1.17367 0.02500
v 0.31733 1.17367 0.02500
v 0.32947 1.16153 0.02500
v 0.31733 1.16153 0.02500
v 0.38227 1.17367 0.04500
v 0.38227 1.17367 0.02500
v 0.38227 1.16153 0.04500
v 0.38227 1.16153 0.02500
v 0.37013 1.17367 0.02500
v 0.37013 1.17367 0.04500
v 0.37013 1.16153 0.02500
v 0.37013 1.16153 0.04500
v 0.37013 1.17367 0.02500
v 0.38227 1.17367 0.02500
v 0.37013 1.17367 0.04500
v 0.38227 1.17367 0.04500
v 0.37013 1.16153 0.04500
v 0.38227 1.16153 0.04500
v 0.37013 1.16153 0.02500
v 0.38227 1.16153 0.02500
v 0.37013 1.17367 0.04500
v 0.38227 1.17367 0.04500
v 0.37013 1.16153 0.04500
v 0.38227 1.16153 0.04500
v 0.38227 1.17367 0.02500
v 0.37013 1.17367 0.02500
v 0.38227 1.16153 0.02500
v 0.37013 1.16153 0.02500
v 0.32947 1.16047 0.04500
v 0.32947 1.16047 0.02500
v 0.32947 1.14833 0.04500
v 0.32947 1.14833 0.02500
v 0.31733 1.16047 0.02500
v 0.31733 1.16047 0.04500
v 0.31733 1.14833 0.02500
v 0.31733 1.14833 0.04500
v 0.31733 1.16047 0.02500
v 0.32947 1.16047 0.02500
v 0.31733 1.16047 0.04500
v 0.32947 1.16047 0.04500
v 0.31733 1.14833 0.04500
v 0.32947 1.14833 0.04500
v 0.31733 1.14833 0.02500
v 0.32947 1.14833 0.02500
v 0.31733 1.16047 0.04500
v 0.32947 1.16047 0.04500
v 0.31733 1.14833 0.04500
v 0.32947 1.14833 0.04500
v 0.32947 1.16047 0.02500
v 0.31733 1.16047 0.02500
v 0.32947 1.14833 0.02500
v 0.31733 1.14833 0.02500
v 0.34267 1.16047 0.04500
v 0.34267 1.16047 0.02500
v 0.34267 1.14833 0.04500
v 0.34267 1.14833 0.02500
v 0.33053 1.16047 0.02500
v 0.33053 1.16047 0.04500
v 0.33053 1.14833 0.02500
v 0.33053 1.14833 0.04500
v 0.33053 1.16047 0.02500
v 0.34267 1.16047 0.02500
v 0.33053 1.16047 0.04500
v 0.34267 1.16047 0.04500
v 0.33053 1.14833 0.04500
v 0.34267 1.14833 0.04500
v 0.33053 1.14833 0.02500
v 0.34267 1.14833 0.02500
v 0.33053 1.16047 0.04500
v 0.34267 1.16047 0.04500
v 0.33053 1.14833 0.04500
v 0.34267 1.14833 0.04500
v 0.34267 1.16047 0.02500
v 0.33053 1.16047 0.02500
v 0.34267 1.14833 0.02500
v 0.33053 1.14833 0.02500
v 0.35587 1.16047 0.04500
v 0.35587 1.16047 0.02500
v 0.35587 1.14833 0.04500
v 0.35587 1.14833 0.02500
v 0.34373 1.16047 0.02500
v 0.34373 1.16047 0.04500
v 0.34373 1.14833 0.02500
v 0.34373 1.14833 0.04500
v 0.34373 1.16047 0.02500
v 0.35587 1.16047 0.02500
v 0.34373 1.16047 0.04500
v 0.35587 1.16047 0.04500
v 0.34373 1.14833 0.04500
v 0.35587 1.14833 0.04500
v 0.34373 1.14833 0.02500
v 0.35587 1.14833 0.02500
v 0.34373 1.16047 0.04500
v 0.35587 1.16047 0.04500
v 0.34373 1.14833 0.04500
v 0.35587 1.14833 0.04500
v 0.35587 1.16047 0.02500
v 0.34373 1.16047 0.02500
v 0.35587 1.14833 0.02500
v 0.34373 1.14833 0.02500
v 0.36907 1.16047 0.04500
v 0.36907 1.16047 0.02500
v 0.36907 1.14833 0.04500
v 0.36907 1.14833 0.02500
v 0.35693 1.16047 0.02500
v 0.35693 1.16047 0.04500
v 0.35693 1.14833 0.02500
v 0.35693 1.14833 0.04500
v 0.35693 1.16047 0.02500
v 0.36907 1.16047 0.02500
v 0.35693 1.16047 0.04500
v 0.36907 1.16047 0.04500
v 0.35693 1.14833 0.04500
v 0.36907 1.14833 0.04500
v 0.35693 1.14833 0.02500
v 0.36907 1.14833 0.02500
v 0.35693 1.16047 0.04500
v 0.36907 1.16047 0.04500
v 0.35693 1.14833 0.04500
v 0.36907 1.14833 0.04500
v 0.36907 1.16047 0.02500
v 0.35693 1.16047 0.02500
v 0.36907 1.14833 0.02500
v 0.35693 1.14833 0.02500
v 0.42187 1.23967 0.04500
v 0.42187 1.23967 0.02500
v 0.42187 1.22753 0.04500
v 0.42187 1.22753 0.02500
v 0.40973 1.23967 0.02500
v 0.40973 1.23967 0.04500
v 0.40973 1.22753 0.02500
v 0.40973 1.22753 0.04500
v 0.40973 1.23967 0.02500
v 0.42187 1.23967 0.02500
v 0.40973 1.23967 0.04500
v 0.42187 1.23967 0.04500
v 0.40973 1.22753 0.04500
v 0.42187 1.22753 0.04500
v 0.40973 1.22753 0.02500
v 0.42187 1.22753 0.02500
v 0.40973 1.23967 0.04500
v 0.42187 1.23967 0.04500
v 0.40973 1.22753 0.04500
v 0.42187 1.22753 0.04500
v 0.42187 1.23967 0.02500
v 0.40973 1.23967 0.02500
v 0.42187 1.22753 0.02500
v 0.40973 1.22753 0.02500
v 0.43507 1.23967 0.04500
v 0.43507 1.23967 0.02500
v 0.43507 1.22753 0.04500
v 0.43507 1.22753 0.02500
v 0.42293 1.23967 0.02500
v 0.42293 1.23967 0.04500
v 0.42293 1.22753 0.02500
v 0.42293 1.22753 0.04500
v 0.42293 1.23967 0.02500
v 0.43507 1.23967 0.02500
v 0.42293 1.23967 0.04500
v 0.43507 1.23967 0.04500
v 0.42293 1.22753 0.04500
v 0.43507 1.22753 0.04500
v 0.42293 1.22753 0.02500
v 0.43507 1.22753 0.02500
v 0.42293 1.23967 0.04500
v 0.43507 1.23967 0.04500
v 0.42293 1.22753 0.04500
v 0.43507 1.22753 0.04500
v 0.43507 1.23967 0.02500
v 0.42293 1.23967 0.02500
v 0.43507 1.22753 0.02500
v 0.42293 1.22753 0.02500
v 0.44827 1.23967 0.04500
v 0.44827 1.23967 0.02500
v 0.44827 1.22753 0.04500
v 0.44827 1.22753 0.02500
v 0.43613 1.23967 0.02500
v 0.43613 1.23967 0.04500
v 0.43613 1.22753 0.02500
v 0.43613 1.22753 0.04500
v 0.43613 1.23967 0.02500
v 0.44827 1.23967 0.02500
v 0.43613 1.23967 0.04500
v 0.44827 1.23967 0.04500
v 0.43613 1.22753 0.04500
v 0.44827 1.22753 0.04500
v 0.43613 1.22753 0.02500
v 0.44827 1.22753 0.02500
v 0.43613 1.23967 0.04500
v 0.44827 1.23967 0.04500
v 0.43613 1.22753 0.04500
v 0.44827 1.22753 0.04500
v 0.44827 1.23967 0.02500
v 0.43613 1.23967 0.02500
v 0.44827 1.22753 0.02500
v 0.43613 1.22753 0.02500
v 0.40867 1.22647 0.04500
v 0.40867 1.22647 0.02500
v 0.40867 1.21433 0.04500
v 0.40867 1.21433 0.02500
v 0.39653 1.22647 0.02500
v 0.39653 1.22647 0.04500
v 0.39653 1.21433 0.02500
v 0.39653 1.21433 0.04500
v 0.39653 1.22647 0.02500
v 0.40867 1.22647 0.02500
v 0.39653 1.22647 0.04500
v 0.40867 1.22647 0.04500
v 0.39653 1.21433 0.04500
v 0.40867 1.21433 0.04500
v 0.39653 1.21433 0.02500
v 0.40867 1.21433 0.02500
v 0.39653 1.22647 0.04500
v 0.40867 1.22647 0.04500
v 0.39653 1.21433 0.04500
v 0.40867 1.21433 0.04500
v 0.40867 1.22647 0.02500
v 0.39653 1.22647 0.02500
v 0.40867 1.21433 0.02500
v 0.39653 1.21433 0.02500
v 0.46147 1.22647 0.04500
v 0.46147 1.22647 0.02500
v 0.46147 1.21433 0.04500
v 0.46147 1.21433 0.02500
v 0.44933 1.22647 0.02500
v 0.44933 1.22647 0.04500
v 0.44933 1.21433 0.02500
v 0.44933 1.21433 0.04500
v 0.44933 1.22647 0.02500
v 0.46147 1.22647 0.02500
v 0.44933 1.22647 0.04500
v 0.46147 1.22647 0.04500
v 0.44933 1.21433 0.04500
v 0.46147 1.21433 0.04500
v 0.44933 1.21433 0.02500
v 0.46147 1.21433 0.02500
v 0.44933 1.22647 0.04500
v 0.46147 1.22647 0.04500
v 0.44933 1.21433 0.04500
v 0.46147 1.21433 0.04500
v 0.46147 1.22647 0.02500
v 0.44933 1.22647 0.02500
v 0.46147 1.21433 0.02500
v 0.44933 1.21433 0.02500
v 0.40867 1.21327 0.04500
v 0.40867 1.21327 0.02500
v 0.40867 1.20113 0.04500
v 0.40867 1.20113 0.02500
v 0.39653 1.21327 0.02500
v 0.39653 1.21327 0.04500
v 0.39653 1.20113 0.02500
v 0.39653 1.20113 0.04500
v 0.39653 1.21327 0.02500
v 0.40867 1.21327 0.02500
v 0.39653 1.21327 0.04500
v 0.40867 1.21327 0.04500
v 0.39653 1.20113 0.04500
v 0.40867 1.20113 0.04500
v 0.39653 1.20113 0.02500
v 0.40867 1.20113 0.02500
v 0.39653 1.21327 0.04500
v 0.40867 1.21327 0.04500
v 0.39653 1.20113 0.04500
v 0.40867 1.20113 0.04500
v 0.40867 1.21327 0.02500
v 0.39653 1.21327 0.02500
v 0.40867 1.20113 0.02500
v 0.39653 1.20113 0.02500
v 0.46147 1.21327 0.04500
v 0.46147 1.21327 0.02500
v 0.46147 1.20113 0.04500
v 0.46147 1.20113 0.02500
v 0.44933 1.21327 0.02500
v 0.44933 1.21327 0.04500
v 0.44933 1.20113 0.02500
v 0.44933 1.20113 0.04500
v 0.44933 1.21327 0.02500
v 0.46147 1.21327 0.02500
v 0.44933 1.21327 0.04500
v 0.46147 1.21327 0.04500
v 0.44933 1.20113 0.04500
v 0.46147 1.20113 0.04500
v 0.44933 1.20113 0.02500
v 0.46147 1.20113 0.02500
v 0.44933 1.21327 0.04500
v 0.46147 1.21327 0.04500
v 0.44933 1.20113 0.04500
v 0.46147 1.20113 0.04500
v 0.46147 1.21327 0.02500
v 0.44933 1.21327 0.02500
v 0.46147 1.20113 0.02500
v 0.44933 1.20113 0.02500
v 0.40867 1.20007 0.04500
v 0.40867 1.20007 0.02500
v 0.40867 1.18793 0.04500
v 0.40867 1.18793 0.02500
v 0.39653 1.20007 0.02500
v 0.39653 1.20007 0.04500
v 0.39653 1.18793 0.02500
v 0.39653 1.18793 0.04500
v 0.39653 1.20007 0.02500
v 0.40867 1.20007 0.02500
v 0.39653 1.20007 0.04500
v 0.40867 1.20007 0.04500
v 0.39653 1.18793 0.04500
v 0.40867 1.18793 0.04500
v 0.39653 1.18793 0.02500
v 0.40867 1.18793 0.02500
v 0.39653 1.20007 0.04500
v 0.40867 1.20007 0.04500
v 0.39653 1.18793 0.04500
v 0.40867 1.18793 0.04500
v 0.40867 1.20007 0.02500
v 0.39653 1.20007 0.02500
v 0.40867 1.18793 0.02500
v 0.39653 1.18793 0.02500
v 0.42187 1.20007 0.04500
v 0.42187 1.20007 0.02500
v 0.42187 1.18793 0.04500
v 0.42187 1.18793 0.02500
v 0.40973 1.20007 0.02500
v 0.40973 1.20007 0.04500
v 0.40973 1.18793 0.02500
v 0.40973 1.18793 0.04500
v 0.40973 1.20007 0.02500
v 0.42187 1.20007 0.02500
v 0.40973 1.20007 0.04500
v 0.42187 1.20007 0.04500
v 0.40973 1.18793 0.04500
v 0.42187 1.18793 0.04500
v 0.40973 1.18793 0.02500
v 0.42187 1.18793 0.02500
v 0.40973 1.20007 0.04500
v 0.42187 1.20007 0.04500
v 0.40973 1.18793 0.04500
v 0.42187 1.18793 0.04500
v 0.42187 1.20007 0.02500
v 0.40973 1.20007 0.02500
v 0.42187 1.18793 0.02500
v 0.40973 1.18793 0.02500
v 0.43507 1.20007 0.04500
v 0.43507 1.20007 0.02500
v 0.43507 1.18793 0.04500
v 0.43507 1.18793 0.02500
v 0.42293 1.20007 0.02500
v 0.42293 1.20007 0.04500
v 0.42293 1.18793 0.02500
v 0.42293 1.18793 0.04500
v 0.42293 1.20007 0.02500
v 0.43507 1.20007 0.02500
v 0.42293 1.20007 0.04500
v 0.43507 1.20007 0.04500
v 0.42293 1.18793 0.04500
v 0.43507 1.18793 0.04500
v 0.42293 1.18793 0.02500
v 0.43507 1.18793 0.02500
v 0.42293 1.20007 0.04500
v 0.43507 1.20007 0.04500
v 0.42293 1.18793 0.04500
v 0.43507 1.18793 0.04500
v 0.43507 1.20007 0.02500
v 0.42293 1.20007 0.02500
v 0.43507 1.18793 0.02500
v 0.42293 1.18793 0.02500
v 0.44827 1.20007 0.04500
v 0.44827 1.20007 0.02500
v 0.44827 1.18793 0.04500
v 0.44827 1.18793 0.02500
v 0.43613 1.20007 0.02500
v 0.43613 1.20007 0.04500
v 0.43613 1.18793 0.02500
v 0.43613 1.18793 0.04500
v 0.43613 1.20007 0.02500
v 0.44827 1.20007 0.02500
v 0.43613 1.20007 0.04500
v 0.44827 1.20007 0.04500
v 0.43613 1.18793 0.04500
v 0.44827 1.18793 0.04500
v 0.43613 1.18793 0.02500
v 0.44827 1.18793 0.02500
v 0.43613 1.20007 0.04500
v 0.44827 1.20007 0.04500
v 0.43613 1.18793 0.04500
v 0.44827 1.18793 0.04500
v 0.44827 1.20007 0.02500
v 0.43613 1.20007 0.02500
v 0.44827 1.18793 0.02500
v 0.43613 1.18793 0.02500
v 0.46147 1.20007 0.04500
v 0.46147 1.20007 0.02500
v 0.46147 1.18793 0.04500
v 0.46147 1.18793 0.02500
v 0.44933 1.20007 0.02500
v 0.44933 1.20007 0.04500
v 0.44933 1.18793 0.02500
v 0.44933 1.18793 0.04500
v 0.44933 1.20007 0.02500
v 0.46147 1.20007 0.02500
v 0.44933 1.20007 0.04500
v 0.46147 1.20007 0.04500
v 0.44933 1.18793 0.04500
v 0.46147 1.18793 0.04500
v 0.44933 1.18793 0.02500
v 0.46147 1.18793 0.02500
v 0.44933 1.20007 0.04500
v 0.46147 1.20007 0.04500
v 0.44933 1.18793 0.04500
v 0.46147 1.18793 0.04500
v 0.46147 1.20007 0.02500
v 0.44933 1.20007 0.02500
v 0.46147 1.18793 0.02500
v 0.44933 1.18793 0.02500
v 0.40867 1.18687 0.04500
v 0.40867 1.18687 0.02500
v 0.40867 1.17473 0.04500
v 0.40867 1.17473 0.02500
v 0.39653 1.18687 0.02500
v 0.39653 1.18687 0.04500
v 0.39653 1.17473 0.02500
v 0.39653 1.17473 0.04500
v 0.39653 1.18687 0.02500
v 0.40867 1.18687 0.02500
v 0.39653 1.18687 0.04500
v 0.40867 1.18687 0.04500
v 0.39653 1.17473 0.04500
v 0.40867 1.17473 0.04500
v 0.39653 1.17473 0.02500
v 0.40867 1.17473 0.02500
v 0.39653 1.18687 0.04500
v 0.40867 1.18687 0.04500
v 0.39653 1.17473 0.04500
v 0.40867 1.17473 0.04500
v 0.40867 1.18687 0.02500
v 0.39653 1.18687 0.02500
v 0.40867 1.17473 0.02500
v 0.39653 1.17473 0.02500
v 0.46147 1.18687 0.04500
v 0.46147 1.18687 0.02500
v 0.46147 1.17473 0.04500
v 0.46147 1.17473 0.02500
v 0.44933 1.18687 0.02500
v 0.44933 1.18687 0.04500
v 0.44933 1.17473 0.02500
v 0.44933 1.17473 0.04500
v 0.44933 1.18687 0.02500
v 0.46147 1.18687 0.02500
v 0.44933 1.18687 0.04500
v 0.46147 1.18687 0.04500
v 0.44933 1.17473 0.04500
v 0.46147 1.17473 0.04500
v 0.44933 1.17473 0.02500
v 0.46147 1.17473 0.02500
v 0.44933 1.18687 0.04500
v 0.46147 1.18687 0.04500
v 0.44933 1.17473 0.04500
v 0.46147 1.17473 0.04500
v 0.46147 1.18687 0.02500
v 0.44933 1.18687 0.02500
v 0.46147 1.17473 0.02500
v 0.44933 1.17473 0.02500
v 0.40867 1.17367 0.04500
v 0.40867 1.17367 0.02500
v 0.40867 1.16153 0.04500
v 0.40867 1.16153 0.02500
v 0.39653 1.17367 0.02500
v 0.39653 1.17367 0.04500
v 0.39653 1.16153 0.02500
v 0.39653 1.16153 0.04500
v 0.39653 1.17367 0.02500
v 0.40867 1.17367 0.02500
v 0.39653 1.17367 0.04500
v 0.40867 1.17367 0.04500
v 0.39653 1.16153 0.04500
v 0.40867 1.16153 0.04500
v 0.39653 1.16153 0.02500
v 0.40867 1.16153 0.02500
v 0.39653 1.17367 0.04500
v 0.40867 1.17367 0.04500
v 0.39653 1.16153 0.04500
v 0.40867 1.16153 0.04500
v 0.40867 1.17367 0.02500
v 0.39653 1.17367 0.02500
v 0.40867 1.16153 0.02500
v 0.39653 1.16153 0.02500
v 0.46147 1.17367 0.04500
v 0.46147 1.17367 0.02500
v 0.46147 1.16153 0.04500
v 0.46147 1.16153 0.02500
v 0.44933 1.17367 0.02500
v 0.44933 1.17367 0.04500
v 0.44933 1.16153 0.02500
v 0.44933 1.16153 0.04500
v 0.44933 1.17367 0.02500
v 0.46147 1.17367 0.02500
v 0.44933 1.17367 0.04500
v 0.46147 1.17367 0.04500
v 0.44933 1.16153 0.04500
v 0.46147 1.16153 0.04500
v 0.44933 1.16153 0.02500
v 0.46147 1.16153 0.02500
v 0.44933 1.17367 0.04500
v 0.46147 1.17367 0.04500
v 0.44933 1.16153 0.04500
v 0.46147 1.16153 0.04500
v 0.46147 1.17367 0.02500
v 0.44933 1.17367 0.02500
v 0.46147 1.16153 0.02500
v 0.44933 1.16153 0.02500
v 0.40867 1.16047 0.04500
v 0.40867 1.16047 0.02500
v 0.40867 1.14833 0.04500
v 0.40867 1.14833 0.02500
v 0.39653 1.16047 0.02500
v 0.39653 1.16047 0.04500
v 0.39653 1.14833 0.02500
v 0.39653 1.14833 0.04500
v 0.39653 1.16047 0.02500
v 0.40867 1.16047 0.02500
v 0.39653 1.16047 0.04500
v 0.40867 1.16047 0.04500
v 0.39653 1.14833 0.04500
v 0.40867 1.14833 0.04500
v 0.39653 1.14833 0.02500
v 0.40867 1.14833 0.02500
v 0.39653 1.16047 0.04500
v 0.40867 1.16047 0.04500
v 0.39653 1.14833 0.04500
v 0.40867 1.14833 0.04500
v 0.40867 1.16047 0.02500
v 0.39653 1.16047 0.02500
v 0.40867 1.14833 0.02500
v 0.39653 1.14833 0.02500
v 0.46147 1.16047 0.04500
v 0.46147 1.16047 0.02500
v 0.46147 1.14833 0.04500
v 0.46147 1.14833 0.02500
v 0.44933 1.16047 0.02500
v 0.44933 1.16047 0.04500
v 0.44933 1.14833 0.02500
v 0.44933 1.14833 0.04500
v 0.44933 1.16047 0.02500
v 0.46147 1.16047 0.02500
v 0.44933 1.16047 0.04500
v 0.46147 1.16047 0.04500
v 0.44933 1.14833 0.04500
v 0.46147 1.14833 0.04500
v 0.44933 1.14833 0.02500
v 0.46147 1.14833 0.02500
v 0.44933 1.16047 0.04500
v 0.46147 1.16047 0.04500
v 0.44933 1.14833 0.04500
v 0.46147 1.14833 0.04500
v 0.46147 1.16047 0.02500
v 0.44933 1.16047 0.02500
v 0.46147 1.14833 0.02500
v 0.44933 1.14833 0.02500
v 0.48787 1.23967 0.04500
v 0.48787 1.23967 0.02500
v 0.48787 1.22753 0.04500
v 0.48787 1.22753 0.02500
v 0.47573 1.23967 0.02500
v 0.47573 1.23967 0.04500
v 0.47573 1.22753 0.02500
v 0.47573 1.22753 0.04500
v 0.47573 1.23967 0.02500
v 0.48787 1.23967 0.02500
v 0.47573 1.23967 0.04500
v 0.48787 1.23967 0.04500
v 0.47573 1.22753 0.04500
v 0.48787 1.22753 0.04500
v 0.47573 1.22753 0.02500
v 0.48787 1.22753 0.02500
v 0.47573 1.23967 0.04500
v 0.48787 1.23967 0.04500
v 0.47573 1.22753 0.04500
v 0.48787 1.22753 0.04500
v 0.48787 1.23967 0.02500
v 0.47573 1.23967 0.02500
v 0.48787 1.22753 0.02500
v 0.47573 1.22753 0.02500
v 0.50107 1.23967 0.04500
v 0.50107 1.23967 0.02500
v 0.50107 1.22753 0.04500
v 0.50107 1.22753 0.02500
v 0.48893 1.23967 0.02500
v 0.48893 1.23967 0.04500
v 0.48893 1.22753 0.02500
v 0.48893 1.22753 0.04500
v 0.48893 1.23967 0.02500
v 0.50107 1.23967 0.02500
v 0.48893 1.23967 0.04500
v 0.50107 1.23967 0.04500
v 0.48893 1.22753 0.04500
v 0.50107 1.22753 0.04500
v 0.48893 1.22753 0.02500
v 0.50107 1.22753 0.02500
v 0.48893 1.23967 0.04500
v 0.50107 1.23967 0.04500
v 0.48893 1.22753 0.04500
v 0.50107 1.22753 0.04500
v 0.50107 1.23967 0.02500
v 0.48893 1.23967 0.02500
v 0.50107 1.22753 0.02500
v 0.48893 1.22753 0.02500
v 0.51427 1.23967 0.04500
v 0.51427 1.23967 0.02500
v 0.51427 1.22753 0.04500
v 0.51427 1.22753 0.02500
v 0.50213 1.23967 0.02500
v 0.50213 1.23967 0.04500
v 0.50213 1.22753 0.02500
v 0.50213 1.22753 0.04500
v 0.50213 1.23967 0.02500
v 0.51427 1.23967 0.02500
v 0.50213 1.23967 0.04500
v 0.51427 1.23967 0.04500
v 0.50213 1.22753 0.04500
v 0.51427 1.22753 0.04500
v 0.50213 1.22753 0.02500
v 0.51427 1.22753 0.02500
v 0.50213 1.23967 0.04500
v 0.51427 1.23967 0.04500
v 0.50213 1.22753 0.04500
v 0.51427 1.22753 0.04500
v 0.51427 1.23967 0.02500
v 0.50213 1.23967 0.02500
v 0.51427 1.22753 0.02500
v 0.50213 1.22753 0.02500
v 0.52747 1.23967 0.04500
v 0.52747 1.23967 0.02500
v 0.52747 1.22753 0.04500
v 0.52747 1.22753 0.02500
v 0.51533 1.23967 0.02500
v 0.51533 1.23967 0.04500
v 0.51533 1.22753 0.02500
v 0.51533 1.22753 0.04500
v 0.51533 1.23967 0.02500
v 0.52747 1.23967 0.02500
v 0.51533 1.23967 0.04500
v 0.52747 1.23967 0.04500
v 0.51533 1.22753 0.04500
v 0.52747 1.22753 0.04500
v 0.51533 1.22753 0.02500
v 0.52747 1.22753 0.02500
v 0.51533 1.23967 0.04500
v 0.52747 1.23967 0.04500
v 0.51533 1.22753 0.04500
v 0.52747 1.22753 0.04500
v 0.52747 1.23967 0.02500
v 0.51533 1.23967 0.02500
v 0.52747 1.22753 0.02500
v 0.51533 1.22753 0.02500
v 0.48787 1.22647 0.04500
v 0.48787 1.22647 0.02500
v 0.48787 1.21433 0.04500
v 0.48787 1.21433 0.02500
v 0.47573 1.22647 0.02500
v 0.47573 1.22647 0.04500
v 0.47573 1.21433 0.02500
v 0.47573 1.21433 0.04500
v 0.47573 1.22647 0.02500
v 0.48787 1.22647 0.02500
v 0.47573 1.22647 0.04500
v 0.48787 1.22647 0.04500
v 0.47573 1.21433 0.04500
v 0.48787 1.21433 0.04500
v 0.47573 1.21433 0.02500
v 0.48787 1.21433 0.02500
v 0.47573 1.22647 0.04500
v 0.48787 1.22647 0.04500
v 0.47573 1.21433 0.04500
v 0.48787 1.21433 0.04500
v 0.48787 1.22647 0.02500
v 0.47573 1.22647 0.02500
v 0.48787 1.21433 0.02500
v 0.47573 1.21433 0.02500
v 0.54067 1.22647 0.04500
v 0.54067 1.22647 0.02500
v 0.54067 1.21433 0.04500
v 0.54067 1.21433 0.02500
v 0.52853 1.22647 0.02500
v 0.52853 1.22647 0.04500
v 0.52853 1.21433 0.02500
v 0.52853 1.21433 0.04500
v 0.52853 1.22647 0.02500
v 0.54067 1.22647 0.02500
v 0.52853 1.22647 0.04500
v 0.54067 1.22647 0.04500
v 0.52853 1.21433 0.04500
v 0.54067 1.21433 0.04500
v 0.52853 1.21433 0.02500
v 0.54067 1.21433 0.02500
v 0.52853 1.22647 0.04500
v 0.54067 1.22647 0.04500
v 0.52853 1.21433 0.04500
v 0.54067 1.21433 0.04500
v 0.54067 1.22647 0.02500
v 0.52853 1.22647 0.02500
v 0.54067 1.21433 0.02500
v 0.52853 1.21433 0.02500
v 0.48787 1.21327 0.04500
v 0.48787 1.21327 0.02500
v 0.48787 1.20113 0.04500
v 0.48787 1.20113 0.02500
v 0.47573 1.21327 0.02500
v 0.47573 1.21327 0.04500
v 0.47573 1.20113 0.02500
v 0.47573 1.20113 0.04500
v 0.47573 1.21327 0.02500
v 0.48787 1.21327 0.02500
v 0.47573 1.21327 0.04500
v 0.48787 1.21327 0.04500
v 0.47573 1.20113 0.04500
v 0.48787 1.20113 0.04500
v 0.47573 1.20113 0.02500
v 0.48787 1.20113 0.02500
v 0.47573 1.21327 0.04500
v 0.48787 1.21327 0.04500
v 0.47573 1.20113 0.04500
v 0.48787 1.20113 0.04500
v 0.48787 1.21327 0.02500
v 0.47573 1.21327 0.02500
v 0.48787 1.20113 0.02500
v 0.47573 1.20113 0.02500
v 0.54067 1.21327 0.04500
v 0.54067 1.21327 0.02500
v 0.54067 1.20113 0.04500
v 0.54067 1.20113 0.02500
v 0.52853 1.21327 0.02500
v 0.52853 1.21327 0.04500
v 0.52853 1.20113 0.02500
v 0.52853 1.20113 0.04500
v 0.52853 1.21327 0.02500
v 0.54067 1.21327 0.02500
v 0.52853 1.21327 0.04500
v 0.54067 1.21327 0.04500
v 0.52853 1.20113 0.04500
v 0.54067 1.20113 0.04500
v 0.52853 1.20113 0.02500
v 0.54067 1.20113 0.02500
v 0.52853 1.21327 0.04500
v 0.54067 1.21327 0.04500
v 0.52853 1.20113 0.04500
v 0.54067 1.20113 0.04500
v 0.54067 1.21327 0.02500
v 0.52853 1.21327 0.02500
v 0.54067 1.20113 0.02500
v 0.52853 1.20113 0.02500
v 0.48787 1.20007 0.04500
v 0.48787 1.20007 0.02500
v 0.48787 1.18793 0.04500
v 0.48787 1.18793 0.02500
v 0.47573 1.20007 0.02500
v 0.47573 1.20007 0.04500
v 0.47573 1.18793 0.02500
v 0.47573 1.18793 0.04500
v 0.47573 1.20007 0.02500
v 0.48787 1.20007 0.02500
v 0.47573 1.20007 0.04500
v 0.48787 1.20007 0.04500
v 0.47573 1.18793 0.04500
v 0.48787 1.18793 0.04500
v 0.47573 1.18793 0.02500
v 0.48787 1.18793 0.02500
v 0.47573 1.20007 0.04500
v 0.48787 1.20007 0.04500
v 0.47573 1.18793 0.04500
v 0.48787 1.18793 0.04500
v 0.48787 1.20007 0.02500
v 0.47573 1.20007 0.02500
v 0.48787 1.18793 0.02500
v 0.47573 1.18793 0.02500
v 0.50107 1.20007 0.04500
v 0.50107 1.20007 0.02500
v 0.50107 1.18793 0.04500
v 0.50107 1.18793 0.02500
v 0.48893 1.20007 0.02500
v 0.48893 1.20007 0.04500
v 0.48893 1.18793 0.02500
v 0.48893 1.18793 0.04500
v 0.48893 1.20007 0.02500
v 0.50107 1.20007 0.02500
v 0.48893 1.20007 0.04500
v 0.50107 1.20007 0.04500
v 0.48893 1.18793 0.04500
v 0.50107 1.18793 0.04500
v 0.48893 1.18793 0.02500
v 0.50107 1.18793 0.02500
v 0.48893 1.20007 0.04500
v 0.50107 1.20007 0.04500
v 0.48893 1.18793 0.04500
v 0.50107 1.18793 0.04500
v 0.50107 1.20007 0.02500
v 0.48893 1.20007 0.02500
v 0.50107 1.18793 0.02500
v 0.48893 1.18793 0.02500
v 0.51427 1.20007 0.04500
v 0.51427 1.20007 0.02500
v 0.51427 1.18793 0.04500
v 0.51427 1.18793 0.02500
v 0.50213 1.20007 0.02500
v 0.50213 1.20007 0.04500
v 0.50213 1.18793 0.02500
v 0.50213 1.18793 0.04500
v 0.50213 1.20007 0.02500
v 0.51427 1.20007 0.02500
v 0.50213 1.20007 0.04500
v 0.51427 1.20007 0.04500
v 0.50213 1.18793 0.04500
v 0.51427 1.18793 0.04500
v 0.50213 1.18793 0.02500
v 0.51427 1.18793 0.02500
v 0.50213 1.20007 0.04500
v 0.51427 1.20007 0.04500
v 0.50213 1.18793 0.04500
v 0.51427 1.18793 0.04500
v 0.51427 1.20007 0.02500
v 0.50213 1.20007 0.02500
v 0.51427 1.18793 0.02500
v 0.50213 1.18793 0.02500
v 0.52747 1.20007 0.04500
v 0.52747 1.20007 0.02500
v 0.52747 1.18793 0.04500
v 0.52747 1.18793 0.02500
v 0.51533 1.20007 0.02500
v 0.51533 1.20007 0.04500
v 0.51533 1.18793 0.02500
v 0.51533 1.18793 0.04500
v 0.51533 1.20007 0.02500
v 0.52747 1.20007 0.02500
v 0.51533 1.20007 0.04500
v 0.52747 1.20007 0.04500
v 0.51533 1.18793 0.04500
v 0.52747 1.18793 0.04500
v 0.51533 1.18793 0.02500
v 0.52747 1.18793 0.02500
v 0.51533 1.20007 0.04500
v 0.52747 1.20007 0.04500
v 0.51533 1.18793 0.04500
v 0.52747 1.18793 0.04500
v 0.52747 1.20007 0.02500
v 0.51533 1.20007 0.02500
v 0.52747 1.18793 0.02500
v 0.51533 1.18793 0.02500
v 0.48787 1.18687 0.04500
v 0.48787 1.18687 0.02500
v 0.48787 1.17473 0.04500
v 0.48787 1.17473 0.02500
v 0.47573 1.18687 0.02500
v 0.47573 1.18687 0.04500
v 0.47573 1.17473 0.02500
v 0.47573 1.17473 0.04500
v 0.47573 1.18687 0.02500
v 0.48787 1.18687 0.02500
v 0.47573 1.18687 0.04500
v 0.48787 1.18687 0.04500
v 0.47573 1.17473 0.04500
v 0.48787 1.17473 0.04500
v 0.47573 1.17473 0.02500
v 0.48787 1.17473 0.02500
v 0.47573 1.18687 0.04500
v 0.48787 1.18687 0.04500
v 0.47573 1.17473 0.04500
v 0.48787 1.17473 0.04500
v 0.48787 1.18687 0.02500
v 0.47573 1.18687 0.02500
v 0.48787 1.17473 0.02500
v 0.47573 1.17473 0.02500
v 0.51427 1.18687 0.04500
v 0.51427 1.18687 0.02500
v 0.51427 1.17473 0.04500
v 0.51427 1.17473 0.02500
v 0.50213 1.18687 0.02500
v 0.50213 1.18687 0.04500
v 0.50213 1.17473 0.02500
v 0.50213 1.17473 0.04500
v 0.50213 1.18687 0.02500
v 0.51427 1.18687 0.02500
v 0.50213 1.18687 0.04500
v 0.51427 1.18687 0.04500
v 0.50213 1.17473 0.04500
v 0.51427 1.17473 0.04500
v 0.50213 1.17473 0.02500
v 0.51427 1.17473 0.02500
v 0.50213 1.18687 0.04500
v 0.51427 1.18687 0.04500
v 0.50213 1.17473 0.04500
v 0.51427 1.17473 0.04500
v 0.51427 1.18687 0.02500
v 0.50213 1.18687 0.02500
v 0.51427 1.17473 0.02500
v 0.50213 1.17473 0.02500
v 0.48787 1.17367 0.04500
v 0.48787 1.17367 0.02500
v 0.48787 1.16153 0.04500
v 0.48787 1.16153 0.02500
v 0.47573 1.17367 0.02500
v 0.47573 1.17367 0.04500
v 0.47573 1.16153 0.02500
v 0.47573 1.16153 0.04500
v 0.47573 1.17367 0.02500
v 0.48787 1.17367 0.02500
v 0.47573 1.17367 0.04500
v 0.48787 1.17367 0.04500
v 0.47573 1.16153 0.04500
v 0.48787 1.16153 0.04500
v 0.47573 1.16153 0.02500
v 0.48787 1.16153 0.02500
v 0.47573 1.17367 0.04500
v 0.48787 1.17367 0.04500
v 0.47573 1.16153 0.04500
v 0.48787 1.16153 0.04500
v 0.48787 1.17367 0.02500
v 0.47573 1.17367 0.02500
v 0.48787 1.16153 0.02500
v 0.47573 1.16153 0.02500
v 0.52747 1.17367 0.04500
v 0.52747 1.17367 0.02500
v 0.52747 1.16153 0.04500
v 0.52747 1.16153 0.02500
v 0.51533 1.17367 0.02500
v 0.51533 1.17367 0.04500
v 0.51533 1.16153 0.02500
v 0.51533 1.16153 0.04500
v 0.51533 1.17367 0.02500
v 0.52747 1.17367 0.02500
v 0.51533 1.17367 0.04500
v 0.52747 1.17367 0.04500
v 0.51533 1.16153 0.04500
v 0.52747 1.16153 0.04500
v 0.51533 1.16153 0.02500
v 0.52747 1.16153 0.02500
v 0.51533 1.17367 0.04500
v 0.52747 1.17367 0.04500
v 0.51533 1.16153 0.04500
v 0.52747 1.16153 0.04500
v 0.52747 1.17367 0.02500
v 0.51533 1.17367 0.02500
v 0.52747 1.16153 0.02500
v 0.51533 1.16153 0.02500
v 0.48787 1.16047 0.04500
v 0.48787 1.16047 0.02500
v 0.48787 1.14833 0.04500
v 0.48787 1.14833 0.02500
v 0.47573 1.16047 0.02500
v 0.47573 1.16047 0.04500
v 0.47573 1.14833 0.02500
v 0.47573 1.14833 0.04500
v 0.47573 1.16047 0.02500
v 0.48787 1.16047 0.02500
v 0.47573 1.16047 0.04500
v 0.48787 1.16047 0.04500
v 0.47573 1.14833 0.04500
v 0.48787 1.14833 0.04500
v 0.47573 1.14833 0.02500
v 0.48787 1.14833 0.02500
v 0.47573 1.16047 0.04500
v 0.48787 1.16047 0.04500
v 0.47573 1.14833 0.04500
v 0.48787 1.14833 0.04500
v 0.48787 1.16047 0.02500
v 0.47573 1.16047 0.02500
v 0.48787 1.14833 0.02500
v 0.47573 1.14833 0.02500
v 0.54067 1.16047 0.04500
v 0.54067 1.16047 0.02500
v 0.54067 1.14833 0.04500
v 0.54067 1.14833 0.02500
v 0.52853 1.16047 0.02500
v 0.52853 1.16047 0.04500
v 0.52853 1.14833 0.02500
v 0.52853 1.14833 0.04500
v 0.52853 1.16047 0.02500
v 0.54067 1.16047 0.02500
v 0.52853 1.16047 0.04500
v 0.54067 1.16047 0.04500
v 0.52853 1.14833 0.04500
v 0.54067 1.14833 0.04500
v 0.52853 1.14833 0.02500
v 0.54067 1.14833 0.02500
v 0.52853 1.16047 0.04500
v 0.54067 1.16047 0.04500
v 0.52853 1.14833 0.04500
v 0.54067 1.14833 0.04500
v 0.54067 1.16047 0.02500
v 0.52853 1.16047 0.02500
v 0.54067 1.14833 0.02500
v 0.52853 1.14833 0.02500
v 0.56707 1.23967 0.04500
v 0.56707 1.23967 0.02500
v 0.56707 1.22753 0.04500
v 0.56707 1.22753 0.02500
v 0.55493 1.23967 0.02500
v 0.55493 1.23967 0.04500
v 0.55493 1.22753 0.02500
v 0.55493 1.22753 0.04500
v 0.55493 1.23967 0.02500
v 0.56707 1.23967 0.02500
v 0.55493 1.23967 0.04500
v 0.56707 1.23967 0.04500
v 0.55493 1.22753 0.04500
v 0.56707 1.22753 0.04500
v 0.55493 1.22753 0.02500
v 0.56707 1.22753 0.02500
v 0.55493 1.23967 0.04500
v 0.56707 1.23967 0.04500
v 0.55493 1.22753 0.04500
v 0.56707 1.22753 0.04500
v 0.56707 1.23967 0.02500
v 0.55493 1.23967 0.02500
v 0.56707 1.22753 0.02500
v 0.55493 1.22753 0.02500
v 0.58027 1.23967 0.04500
v 0.58027 1.23967 0.02500
v 0.58027 1.22753 0.04500
v 0.58027 1.22753 0.02500
v 0.56813 1.23967 0.02500
v 0.56813 1.23967 0.04500
v 0.56813 1.22753 0.02500
v 0.56813 1.22753 0.04500
v 0.56813 1.23967 0.02500
v 0.58027 1.23967 0.02500
v 0.56813 1.23967 0.04500
v 0.58027 1.23967 0.04500
v 0.56813 1.22753 0.04500
v 0.58027 1.22753 0.04500
v 0.56813 1.22753 0.02500
v 0.58027 1.22753 0.02500
v 0.56813 1.23967 0.04500
v 0.58027 1.23967 0.04500
v 0.56813 1.22753 0.04500
v 0.58027 1.22753 0.04500
v 0.58027 1.23967 0.02500
v 0.56813 1.23967 0.02500
v 0.58027 1.22753 0.02500
v 0.56813 1.22753 0.02500
v 0.59347 1.23967 0.04500
v 0.59347 1.23967 0.02500
v 0.59347 1.22753 0.04500
v 0.59347 1.22753 0.02500
v 0.58133 1.23967 0.02500
v 0.58133 1.23967 0.04500
v 0.58133 1.22753 0.02500
v 0.58133 1.22753 0.04500
v 0.58133 1.23967 0.02500
v 0.59347 1.23967 0.02500
v 0.58133 1.23967 0.04500
v 0.59347 1.23967 0.04500
v 0.58133 1.22753 0.04500
v 0.59347 1.22753 0.04500
v 0.58133 1.22753 0.02500
v 0.59347 1.22753 0.02500
v 0.58133 1.23967 0.04500
v 0.59347 1.23967 0.04500
v 0.58133 1.22753 0.04500
v 0.59347 1.22753 0.04500
v 0.59347 1.23967 0.02500
v 0.58133 1.23967 0.02500
v 0.59347 1.22753 0.02500
v 0.58133 1.22753 0.02500
v 0.60667 1.23967 0.04500
v 0.60667 1.23967 0.02500
v 0.60667 1.22753 0.04500
v 0.60667 1.22753 0.02500
v 0.59453 1.23967 0.02500
v 0.59453 1.23967 0.04500
v 0.59453 1.22753 0.02500
v 0.59453 1.22753 0.04500
v 0.59453 1.23967 0.02500
v 0.60667 1.23967 0.02500
v 0.59453 1.23967 0.04500
v 0.60667 1.23967 0.04500
v 0.59453 1.22753 0.04500
v 0.60667 1.22753 0.04500
v 0.59453 1.22753 0.02500
v 0.60667 1.22753 0.02500
v 0.59453 1.23967 0.04500
v 0.60667 1.23967 0.04500
v 0.59453 1.22753 0.04500
v 0.60667 1.22753 0.04500
v 0.60667 1.23967 0.02500
v 0.59453 1.23967 0.02500
v 0.60667 1.22753 0.02500
v 0.59453 1.22753 0.02500
v 0.56707 1.22647 0.04500
v 0.56707 1.22647 0.02500
v 0.56707 1.21433 0.04500
v 0.56707 1.21433 0.02500
v 0.55493 1.22647 0.02500
v 0.55493 1.22647 0.04500
v 0.55493 1.21433 0.02500
v 0.55493 1.21433 0.04500
v 0.55493 1.22647 0.02500
v 0.56707 1.22647 0.02500
v 0.55493 1.22647 0.04500
v 0.56707 1.22647 0.04500
v 0.55493 1.21433 0.04500
v 0.56707 1.21433 0.04500
v 0.55493 1.21433 0.02500
v 0.56707 1.21433 0.02500
v 0.55493 1.22647 0.04500
v 0.56707 1.22647 0.04500
v 0.55493 1.21433 0.04500
v 0.56707 1.21433 0.04500
v 0.56707 1.22647 0.02500
v 0.55493 1.22647 0.02500
v 0.56707 1.21433 0.02500
v 0.55493 1.21433 0.02500
v 0.61987 1.22647 0.04500
v 0.61987 1.22647 0.02500
v 0.61987 1.21433 0.04500
v 0.61987 1.21433 0.02500
v 0.60773 1.22647 0.02500
v 0.60773 1.22647 0.04500
v 0.60773 1.21433 0.02500
v 0.60773 1.21433 0.04500
v 0.60773 1.22647 0.02500
v 0.61987 1.22647 0.02500
v 0.60773 1.22647 0.04500
v 0.61987 1.22647 0.04500
v 0.60773 1.21433 0.04500
v 0.61987 1.21433 0.04500
v 0.60773 1.21433 0.02500
v 0.61987 1.21433 0.02500
v 0.60773 1.22647 0.04500
v 0.61987 1.22647 0.04500
v 0.60773 1.21433 0.04500
v 0.61987 1.21433 0.04500
v 0.61987 1.22647 0.02500
v 0.60773 1.22647 0.02500
v 0.61987 1.21433 0.02500
v 0.60773 1.21433 0.02500
v 0.56707 1.21327 0.04500
v 0.56707 1.21327 0.02500
v 0.56707 1.20113 0.04500
v 0.56707 1.20113 0.02500
v 0.55493 1.21327 0.02500
v 0.55493 1.21327 0.04500
v 0.55493 1.20113 0.02500
v 0.55493 1.20113 0.04500
v 0.55493 1.21327 0.02500
v 0.56707 1.21327 0.02500
v 0.55493 1.21327 0.04500
v 0.56707 1.21327 0.04500
v 0.55493 1.20113 0.04500
v 0.56707 1.20113 0.04500
v 0.55493 1.20113 0.02500
v 0.56707 1.20113 0.02500
v 0.55493 1.21327 0.04500
v 0.56707 1.21327 0.04500
v 0.55493 1.20113 0.04500
v 0.56707 1.20113 0.04500
v 0.56707 1.21327 0.02500
v 0.55493 1.21327 0.02500
v 0.56707 1.20113 0.02500
v 0.55493 1.20113 0.02500
v 0.61987 1.21327 0.04500
v 0.61987 1.21327 0.02500
v 0.61987 1.20113 0.04500
v 0.61987 1.20113 0.02500
v 0.60773 1.21327 0.02500
v 0.60773 1.21327 0.04500
v 0.60773 1.20113 0.02500
v 0.60773 1.20113 0.04500
v 0.60773 1.21327 0.02500
v 0.61987 1.21327 0.02500
v 0.60773 1.21327 0.04500
v 0.61987 1.21327 0.04500
v 0.60773 1.20113 0.04500
v 0.61987 1.20113 0.04500
v 0.60773 1.20113 0.02500
v 0.61987 1.20113 0.02500
v 0.60773 1.21327 0.04500
v 0.61987 1.21327 0.04500
v 0.60773 1.20113 0.04500
v 0.61987 1.20113 0.04500
v 0.61987 1.21327 0.02500
v 0.60773 1.21327 0.02500
v 0.61987 1.20113 0.02500
v 0.60773 1.20113 0.02500
v 0.56707 1.20007 0.04500
v 0.56707 1.20007 0.02500
v 0.56707 1.18793 0.04500
v 0.56707 1.18793 0.02500
v 0.55493 1.20007 0.02500
v 0.55493 1.20007 0.04500
v 0.55493 1.18793 0.02500
v 0.55493 1.18793 0.04500
v 0.55493 1.20007 0.02500
v 0.56707 1.20007 0.02500
v 0.55493 1.20007 0.04500
v 0.56707 1.20007 0.04500
v 0.55493 1.18793 0.04500
v 0.56707 1.18793 0.04500
v 0.55493 1.18793 0.02500
v 0.56707 1.18793 0.02500
v 0.55493 1.20007 0.04500
v 0.56707 1.20007 0.04500
v 0.55493 1.18793 0.04500
v 0.56707 1.18793 0.04500
v 0.56707 1.20007 0.02500
v 0.55493 1.20007 0.02500
v 0.56707 1.18793 0.02500
v 0.55493 1.18793 0.02500
v 0.61987 1.20007 0.04500
v 0.61987 1.20007 0.02500
v 0.61987 1.18793 0.04500
v 0.61987 1.18793 0.02500
v 0.60773 1.20007 0.02500
v 0.60773 1.20007 0.04500
v 0.60773 1.18793 0.02500
v 0.60773 1.18793 0.04500
v 0.60773 1.20007 0.02500
v 0.61987 1.20007 0.02500
v 0.60773 1.20007 0.04500
v 0.61987 1.20007 0.04500
v 0.60773 1.18793 0.04500
v 0.61987 1.18793 0.04500
v 0.60773 1.18793 0.02500
v 0.61987 1.18793 0.02500
v 0.60773 1.20007 0.04500
v 0.61987 1.20007 0.04500
v 0.60773 1.18793 0.04500
v 0.61987 1.18793 0.04500
v 0.61987 1.20007 0.02500
v 0.60773 1.20007 0.02500
v 0.61987 1.18793 0.02500
v 0.60773 1.18793 0.02500
v 0.56707 1.18687 0.04500
v 0.56707 1.18687 0.02500
v 0.56707 1.17473 0.04500
v 0.56707 1.17473 0.02500
v 0.55493 1.18687 0.02500
v 0.55493 1.18687 0.04500
v 0.55493 1.17473 0.02500
v 0.55493 1.17473 0.04500
v 0.55493 1.18687 0.02500
v 0.56707 1.18687 0.02500
v 0.55493 1.18687 0.04500
v 0.56707 1.18687 0.04500
v 0.55493 1.17473 0.04500
v 0.56707 1.17473 0.04500
v 0.55493 1.17473 0.02500
v 0.56707 1.17473 0.02500
v 0.55493 1.18687 0.04500
v 0.56707 1.18687 0.04500
v 0.55493 1.17473 0.04500
v 0.56707 1.17473 0.04500
v 0.56707 1.18687 0.02500
v 0.55493 1.18687 0.02500
v 0.56707 1.17473 0.02500
v 0.55493 1.17473 0.02500
v 0.61987 1.18687 0.04500
v 0.61987 1.18687 0.02500
v 0.61987 1.17473 0.04500
v 0.61987 1.17473 0.02500
v 0.60773 1.18687 0.02500
v 0.60773 1.18687 0.04500
v 0.60773 1.17473 0.02500
v 0.60773 1.17473 0.04500
v 0.60773 1.18687 0.02500
v 0.61987 1.18687 0.02500
v 0.60773 1.18687 0.04500
v 0.61987 1.18687 0.04500
v 0.60773 1.17473 0.04500
v 0.61987 1.17473 0.04500
v 0.60773 1.17473 0.02500
v 0.61987 1.17473 0.02500
v 0.60773 1.18687 0.04500
v 0.61987 1.18687 0.04500
v 0.60773 1.17473 0.04500
v 0.61987 1.17473 0.04500
v 0.61987 1.18687 0.02500
v 0.60773 1.18687 0.02500
v 0.61987 1.17473 0.02500
v 0.60773 1.17473 0.02500
v 0.56707 1.17367 0.04500
v 0.56707 1.17367 0.02500
v 0.56707 1.16153 0.04500
v 0.56707 1.16153 0.02500
v 0.55493 1.17367 0.02500
v 0.55493 1.17367 0.04500
v 0.55493 1.16153 0.02500
v 0.55493 1.16153 0.04500
v 0.55493 1.17367 0.02500
v 0.56707 1.17367 0.02500
v 0.55493 1.17367 0.04500
v 0.56707 1.17367 0.04500
v 0.55493 1.16153 0.04500
v 0.56707 1.16153 0.04500
v 0.55493 1.16153 0.02500
v 0.56707 1.16153 0.02500
v 0.55493 1.17367 0.04500
v 0.56707 1.17367 0.04500
v 0.55493 1.16153 0.04500
v 0.56707 1.16153 0.04500
v 0.56707 1.17367 0.02500
v 0.55493 1.17367 0.02500
v 0.56707 1.16153 0.02500
v 0.55493 1.16153 0.02500
v 0.61987 1.17367 0.04500
v 0.61987 1.17367 0.02500
v 0.61987 1.16153 0.04500
v 0.61987 1.16153 0.02500
v 0.60773 1.17367 0.02500
v 0.60773 1.17367 0.04500
v 0.60773 1.16153 0.02500
v 0.60773 1.16153 0.04500
v 0.60773 1.17367 0.02500
v 0.61987 1.17367 0.02500
v 0.60773 1.17367 0.04500
v 0.61987 1.17367 0.04500
v 0.60773 1.16153 0.04500
v 0.61987 1.16153 0.04500
v 0.60773 1.16153 0.02500
v 0.61987 1.16153 0.02500
v 0.60773 1.17367 0.04500
v 0.61987 1.17367 0.04500
v 0.60773 1.16153 0.04500
v 0.61987 1.16153 0.04500
v 0.61987 1.17367 0.02500
v 0.60773 1.17367 0.02500
v 0.61987 1.16153 0.02500
v 0.60773 1.16153 0.02500
v 0.56707 1.16047 0.04500
v 0.56707 1.16047 0.02500
v 0.56707 1.14833 0.04500
v 0.56707 1.14833 0.02500
v 0.55493 1.16047 0.02500
v 0.55493 1.16047 0.04500
v 0.55493 1.14833 0.02500
v 0.55493 1.14833 0.04500
v 0.55493 1.16047 0.02500
v 0.56707 1.16047 0.02500
v 0.55493 1.16047 0.04500
v 0.56707 1.16047 0.04500
v 0.55493 1.14833 0.04500
v 0.56707 1.14833 0.04500
v 0.55493 1.14833 0.02500
v 0.56707 1.14833 0.02500
v 0.55493 1.16047 0.04500
v 0.56707 1.16047 0.04500
v 0.55493 1.14833 0.04500
v 0.56707 1.14833 0.04500
v 0.56707 1.16047 0.02500
v 0.55493 1.16047 0.02500
v 0.56707 1.14833 0.02500
v 0.55493 1.14833 0.02500
v 0.58027 1.16047 0.04500
v 0.58027 1.16047 0.02500
v 0.58027 1.14833 0.04500
v 0.58027 1.14833 0.02500
v 0.56813 1.16047 0.02500
v 0.56813 1.16047 0.04500
v 0.56813 1.14833 0.02500
v 0.56813 1.14833 0.04500
v 0.56813 1.16047 0.02500
v 0.58027 1.16047 0.02500
v 0.56813 1.16047 0.04500
v 0.58027 1.16047 0.04500
v 0.56813 1.14833 0.04500
v 0.58027 1.14833 0.04500
v 0.56813 1.14833 0.02500
v 0.58027 1.14833 0.02500
v 0.56813 1.16047 0.04500
v 0.58027 1.16047 0.04500
v 0.56813 1.14833 0.04500
v 0.58027 1.14833 0.04500
v 0.58027 1.16047 0.02500
v 0.56813 1.16047 0.02500
v 0.58027 1.14833 0.02500
v 0.56813 1.14833 0.02500
v 0.59347 1.16047 0.04500
v 0.59347 1.16047 0.02500
v 0.59347 1.14833 0.04500
v 0.59347 1.14833 0.02500
v 0.58133 1.16047 0.02500
v 0.58133 1.16047 0.04500
v 0.58133 1.14833 0.02500
v 0.58133 1.14833 0.04500
v 0.58133 1.16047 0.02500
v 0.59347 1.16047 0.02500
v 0.58133 1.16047 0.04500
v 0.59347 1.16047 0.04500
v 0.58133 1.14833 0.04500
v 0.59347 1.14833 0.04500
v 0.58133 1.14833 0.02500
v 0.59347 1.14833 0.02500
v 0.58133 1.16047 0.04500
v 0.59347 1.16047 0.04500
v 0.58133 1.14833 0.04500
v 0.59347 1.14833 0.04500
v 0.59347 1.16047 0.02500
v 0.58133 1.16047 0.02500
v 0.59347 1.14833 0.02500
v 0.58133 1.14833 0.02500
v 0.60667 1.16047 0.04500
v 0.60667 1.16047 0.02500
v 0.60667 1.14833 0.04500
v 0.60667 1.14833 0.02500
v 0.59453 1.16047 0.02500
v 0.59453 1.16047 0.04500
v 0.59453 1.14833 0.02500
v 0.59453 1.14833 0.04500
v 0.59453 1.16047 0.02500
v 0.60667 1.16047 0.02500
v 0.59453 1.16047 0.04500
v 0.60667 1.16047 0.04500
v 0.59453 1.14833 0.04500
v 0.60667 1.14833 0.04500
v 0.59453 1.14833 0.02500
v 0.60667 1.14833 0.02500
v 0.59453 1.16047 0.04500
v 0.60667 1.16047 0.04500
v 0.59453 1.14833 0.04500
v 0.60667 1.14833 0.04500
v 0.60667 1.16047 0.02500
v 0.59453 1.16047 0.02500
v 0.60667 1.14833 0.02500
v 0.59453 1.14833 0.02500
v 0.72547 1.23967 0.04500
v 0.72547 1.23967 0.02500
v 0.72547 1.22753 0.04500
v 0.72547 1.22753 0.02500
v 0.71333 1.23967 0.02500
v 0.71333 1.23967 0.04500
v 0.71333 1.22753 0.02500
v 0.71333 1.22753 0.04500
v 0.71333 1.23967 0.02500
v 0.72547 1.23967 0.02500
v 0.71333 1.23967 0.04500
v 0.72547 1.23967 0.04500
v 0.71333 1.22753 0.04500
v 0.72547 1.22753 0.04500
v 0.71333 1.22753 0.02500
v 0.72547 1.22753 0.02500
v 0.71333 1.23967 0.04500
v 0.72547 1.23967 0.04500
v 0.71333 1.22753 0.04500
v 0.72547 1.22753 0.04500
v 0.72547 1.23967 0.02500
v 0.71333 1.23967 0.02500
v 0.72547 1.22753 0.02500
v 0.71333 1.22753 0.02500
v 0.73867 1.23967 0.04500
v 0.73867 1.23967 0.02500
v 0.73867 1.22753 0.04500
v 0.73867 1.22753 0.02500
v 0.72653 1.23967 0.02500
v 0.72653 1.23967 0.04500
v 0.72653 1.22753 0.02500
v 0.72653 1.22753 0.04500
v 0.72653 1.23967 0.02500
v 0.73867 1.23967 0.02500
v 0.72653 1.23967 0.04500
v 0.73867 1.23967 0.04500
v 0.72653 1.22753 0.04500
v 0.73867 1.22753 0.04500
v 0.72653 1.22753 0.02500
v 0.73867 1.22753 0.02500
v 0.72653 1.23967 0.04500
v 0.73867 1.23967 0.04500
v 0.72653 1.22753 0.04500
v 0.73867 1.22753 0.04500
v 0.73867 1.23967 0.02500
v 0.72653 1.23967 0.02500
v 0.73867 1.22753 0.02500
v 0.72653 1.22753 0.02500
v 0.75187 1.23967 0.04500
v 0.75187 1.23967 0.02500
v 0.75187 1.22753 0.04500
v 0.75187 1.22753 0.02500
v 0.73973 1.23967 0.02500
v 0.73973 1.23967 0.04500
v 0.73973 1.22753 0.02500
v 0.73973 1.22753 0.04500
v 0.73973 1.23967 0.02500
v 0.75187 1.23967 0.02500
v 0.73973 1.23967 0.04500
v 0.75187 1.23967 0.04500
v 0.73973 1.22753 0.04500
v 0.75187 1.22753 0.04500
v 0.73973 1.22753 0.02500
v 0.75187 1.22753 0.02500
v 0.73973 1.23967 0.04500
v 0.75187 1.23967 0.04500
v 0.73973 1.22753 0.04500
v 0.75187 1.22753 0.04500
v 0.75187 1.23967 0.02500
v 0.73973 1.23967 0.02500
v 0.75187 1.22753 0.02500
v 0.73973 1.22753 0.02500
v 0.76507 1.23967 0.04500
v 0.76507 1.23967 0.02500
v 0.76507 1.22753 0.04500
v 0.76507 1.22753 0.02500
v 0.75293 1.23967 0.02500
v 0.75293 1.23967 0.04500
v 0.75293 1.22753 0.02500
v 0.75293 1.22753 0.04500
v 0.75293 1.23967 0.02500
v 0.76507 1.23967 0.02500
v 0.75293 1.23967 0.04500
v 0.76507 1.23967 0.04500
v 0.75293 1.22753 0.04500
v 0.76507 1.22753 0.04500
v 0.75293 1.22753 0.02500
v 0.76507 1.22753 0.02500
v 0.75293 1.23967 0.04500
v 0.76507 1.23967 0.04500
v 0.75293 1.22753 0.04500
v 0.76507 1.22753 0.04500
v 0.76507 1.23967 0.02500
v 0.75293 1.23967 0.02500
v 0.76507 1.22753 0.02500
v 0.75293 1.22753 0.02500
v 0.77827 1.23967 0.04500
v 0.77827 1.23967 0.02500
v 0.77827 1.22753 0.04500
v 0.77827 1.22753 0.02500
v 0.76613 1.23967 0.02500
v 0.76613 1.23967 0.04500
v 0.76613 1.22753 0.02500
v 0.76613 1.22753 0.04500
v 0.76613 1.23967 0.02500
v 0.77827 1.23967 0.02500
v 0.76613 1.23967 0.04500
v 0.77827 1.23967 0.04500
v 0.76613 1.22753 0.04500
v 0.77827 1.22753 0.04500
v 0.76613 1.22753 0.02500
v 0.77827 1.22753 0.02500
v 0.76613 1.23967 0.04500
v 0.77827 1.23967 0.04500
v 0.76613 1.22753 0.04500
v 0.77827 1.22753 0.04500
v 0.77827 1.23967 0.02500
v 0.76613 1.23967 0.02500
v 0.77827 1.22753 0.02500
v 0.76613 1.22753 0.02500
v 0.75187 1.22647 0.04500
v 0.75187 1.22647 0.02500
v 0.75187 1.21433 0.04500
v 0.75187 1.21433 0.02500
v 0.73973 1.22647 0.02500
v 0.73973 1.22647 0.04500
v 0.73973 1.21433 0.02500
v 0.73973 1.21433 0.04500
v 0.73973 1.22647 0.02500
v 0.75187 1.22647 0.02500
v 0.73973 1.22647 0.04500
v 0.75187 1.22647 0.04500
v 0.73973 1.21433 0.04500
v 0.75187 1.21433 0.04500
v 0.73973 1.21433 0.02500
v 0.75187 1.21433 0.02500
v 0.73973 1.22647 0.04500
v 0.75187 1.22647 0.04500
v 0.73973 1.21433 0.04500
v 0.75187 1.21433 0.04500
v 0.75187 1.22647 0.02500
v 0.73973 1.22647 0.02500
v 0.75187 1.21433 0.02500
v 0.73973 1.21433 0.02500
v 0.75187 1.21327 0.04500
v 0.75187 1.21327 0.02500
v 0.75187 1.20113 0.04500
v 0.75187 1.20113 0.02500
v 0.73973 1.21327 0.02500
v 0.73973 1.21327 0.04500
v 0.73973 1.20113 0.02500
v 0.73973 1.20113 0.04500
v 0.73973 1.21327 0.02500
v 0.75187 1.21327 0.02500
v 0.73973 1.21327 0.04500
v 0.75187 1.21327 0.04500
v 0.73973 1.20113 0.04500
v 0.75187 1.20113 0.04500
v 0.73973 1.20113 0.02500
v 0.75187 1.20113 0.02500
v 0.73973 1.21327 0.04500
v 0.75187 1.21327 0.04500
v 0.73973 1.20113 0.04500
v 0.75187 1.20113 0.04500
v 0.75187 1.21327 0.02500
v 0.73973 1.21327 0.02500
v 0.75187 1.20113 0.02500
v 0.73973 1.20113 0.02500
v 0.75187 1.20007 0.04500
v 0.75187 1.20007 0.02500
v 0.75187 1.18793 0.04500
v 0.75187 1.18793 0.02500
v 0.73973 1.20007 0.02500
v 0.73973 1.20007 0.04500
v 0.73973 1.18793 0.02500
v 0.73973 1.18793 0.04500
v 0.73973 1.20007 0.02500
v 0.75187 1.20007 0.02500
v 0.73973 1.20007 0.04500
v 0.75187 1.20007 0.04500
v 0.73973 1.18793 0.04500
v 0.75187 1.18793 0.04500
v 0.73973 1.18793 0.02500
v 0.75187 1.18793 0.02500
v 0.73973 1.20007 0.04500
v 0.75187 1.20007 0.04500
v 0.73973 1.18793 0.04500
v 0.75187 1.18793 0.04500
v 0.75187 1.20007 0.02500
v 0.73973 1.20007 0.02500
v 0.75187 1.18793 0.02500
v 0.73973 1.18793 0.02500
v 0.75187 1.18687 0.04500
v 0.75187 1.18687 0.02500
v 0.75187 1.17473 0.04500
v 0.75187 1.17473 0.02500
v 0.73973 1.18687 0.02500
v 0.73973 1.18687 0.04500
v 0.73973 1.17473 0.02500
v 0.73973 1.17473 0.04500
v 0.73973 1.18687 0.02500
v 0.75187 1.18687 0.02500
v 0.73973 1.18687 0.04500
v 0.75187 1.18687 0.04500
v 0.73973 1.17473 0.04500
v 0.75187 1.17473 0.04500
v 0.73973 1.17473 0.02500
v 0.75187 1.17473 0.02500
v 0.73973 1.18687 0.04500
v 0.75187 1.18687 0.04500
v 0.73973 1.17473 0.04500
v 0.75187 1.17473 0.04500
v 0.75187 1.18687 0.02500
v 0.73973 1.18687 0.02500
v 0.75187 1.17473 0.02500
v 0.73973 1.17473 0.02500
v 0.75187 1.17367 0.04500
v 0.75187 1.17367 0.02500
v 0.75187 1.16153 0.04500
v 0.75187 1.16153 0.02500
v 0.73973 1.17367 0.02500
v 0.73973 1.17367 0.04500
v 0.73973 1.16153 0.02500
v 0.73973 1.16153 0.04500
v 0.73973 1.17367 0.02500
v 0.75187 1.17367 0.02500
v 0.73973 1.17367 0.04500
v 0.75187 1.17367 0.04500
v 0.73973 1.16153 0.04500
v 0.75187 1.16153 0.04500
v 0.73973 1.16153 0.02500
v 0.75187 1.16153 0.02500
v 0.73973 1.17367 0.04500
v 0.75187 1.17367 0.04500
v 0.73973 1.16153 0.04500
v 0.75187 1.16153 0.04500
v 0.75187 1.17367 0.02500
v 0.73973 1.17367 0.02500
v 0.75187 1.16153 0.02500
v 0.73973 1.16153 0.02500
v 0.75187 1.16047 0.04500
v 0.75187 1.16047 0.02500
v 0.75187 1.14833 0.04500
v 0.75187 1.14833 0.02500
v 0.73973 1.16047 0.02500
v 0.73973 1.16047 0.04500
v 0.73973 1.14833 0.02500
v 0.73973 1.14833 0.04500
v 0.73973 1.16047 0.02500
v 0.75187 1.16047 0.02500
v 0.73973 1.16047 0.04500
v 0.75187 1.16047 0.04500
v 0.73973 1.14833 0.04500
v 0.75187 1.14833 0.04500
v 0.73973 1.14833 0.02500
v 0.75187 1.14833 0.02500
v 0.73973 1.16047 0.04500
v 0.75187 1.16047 0.04500
v 0.73973 1.14833 0.04500
v 0.75187 1.14833 0.04500
v 0.75187 1.16047 0.02500
v 0.73973 1.16047 0.02500
v 0.75187 1.14833 0.02500
v 0.73973 1.14833 0.02500
v 0.80467 1.23967 0.04500
v 0.80467 1.23967 0.02500
v 0.80467 1.22753 0.04500
v 0.80467 1.22753 0.02500
v 0.79253 1.23967 0.02500
v 0.79253 1.23967 0.04500
v 0.79253 1.22753 0.02500
v 0.79253 1.22753 0.04500
v 0.79253 1.23967 0.02500
v 0.80467 1.23967 0.02500
v 0.79253 1.23967 0.04500
v 0.80467 1.23967 0.04500
v 0.79253 1.22753 0.04500
v 0.80467 1.22753 0.04500
v 0.79253 1.22753 0.02500
v 0.80467 1.22753 0.02500
v 0.79253 1.23967 0.04500
v 0.80467 1.23967 0.04500
v 0.79253 1.22753 0.04500
v 0.80467 1.22753 0.04500
v 0.80467 1.23967 0.02500
v 0.79253 1.23967 0.02500
v 0.80467 1.22753 0.02500
v 0.79253 1.22753 0.02500
v 0.81787 1.23967 0.04500
v 0.81787 1.23967 0.02500
v 0.81787 1.22753 0.04500
v 0.81787 1.22753 0.02500
v 0.80573 1.23967 0.02500
v 0.80573 1.23967 0.04500
v 0.80573 1.22753 0.02500
v 0.80573 1.22753 0.04500
v 0.80573 1.23967 0.02500
v 0.81787 1.23967 0.02500
v 0.80573 1.23967 0.04500
v 0.81787 1.23967 0.04500
v 0.80573 1.22753 0.04500
v 0.81787 1.22753 0.04500
v 0.80573 1.22753 0.02500
v 0.81787 1.22753 0.02500
v 0.80573 1.23967 0.04500
v 0.81787 1.23967 0.04500
v 0.80573 1.22753 0.04500
v 0.81787 1.22753 0.04500
v 0.81787 1.23967 0.02500
v 0.80573 1.23967 0.02500
v 0.81787 1.22753 0.02500
v 0.80573 1.22753 0.02500
v 0.83107 1.23967 0.04500
v 0.83107 1.23967 0.02500
v 0.83107 1.22753 0.04500
v 0.83107 1.22753 0.02500
v 0.81893 1.23967 0.02500
v 0.81893 1.23967 0.04500
v 0.81893 1.22753 0.02500
v 0.81893 1.22753 0.04500
v 0.81893 1.23967 0.02500
v 0.83107 1.23967 0.02500
v 0.81893 1.23967 0.04500
v 0.83107 1.23967 0.04500
v 0.81893 1.22753 0.04500
v 0.83107 1.22753 0.04500
v 0.81893 1.22753 0.02500
v 0.83107 1.22753 0.02500
v 0.81893 1.23967 0.04500
v 0.83107 1.23967 0.04500
v 0.81893 1.22753 0.04500
v 0.83107 1.22753 0.04500
v 0.83107 1.23967 0.02500
v 0.81893 1.23967 0.02500
v 0.83107 1.22753 0.02500
v 0.81893 1.22753 0.02500
v 0.84427 1.23967 0.04500
v 0.84427 1.23967 0.02500
v 0.84427 1.22753 0.04500
v 0.84427 1.22753 0.02500
v 0.83213 1.23967 0.02500
v 0.83213 1.23967 0.04500
v 0.83213 1.22753 0.02500
v 0.83213 1.22753 0.04500
v 0.83213 1.23967 0.02500
v 0.84427 1.23967 0.02500
v 0.83213 1.23967 0.04500
v 0.84427 1.23967 0.04500
v 0.83213 1.22753 0.04500
v 0.84427 1.22753 0.04500
v 0.83213 1.22753 0.02500
v 0.84427 1.22753 0.02500
v 0.83213 1.23967 0.04500
v 0.84427 1.23967 0.04500
v 0.83213 1.22753 0.04500
v 0.84427 1.22753 0.04500
v 0.84427 1.23967 0.02500
v 0.83213 1.23967 0.02500
v 0.84427 1.22753 0.02500
v 0.83213 1.22753 0.02500
v 0.80467 1.22647 0.04500
v 0.80467 1.22647 0.02500
v 0.80467 1.21433 0.04500
v 0.80467 1.21433 0.02500
v 0.79253 1.22647 0.02500
v 0.79253 1.22647 0.04500
v 0.79253 1.21433 0.02500
v 0.79253 1.21433 0.04500
v 0.79253 1.22647 0.02500
v 0.80467 1.22647 0.02500
v 0.79253 1.22647 0.04500
v 0.80467 1.22647 0.04500
v 0.79253 1.21433 0.04500
v 0.80467 1.21433 0.04500
v 0.79253 1.21433 0.02500
v 0.80467 1.21433 0.02500
v 0.79253 1.22647 0.04500
v 0.80467 1.22647 0.04500
v 0.79253 1.21433 0.04500
v 0.80467 1.21433 0.04500
v 0.80467 1.22647 0.02500
v 0.79253 1.22647 0.02500
v 0.80467 1.21433 0.02500
v 0.79253 1.21433 0.02500
v 0.85747 1.22647 0.04500
v 0.85747 1.22647 0.02500
v 0.85747 1.21433 0.04500
v 0.85747 1.21433 0.02500
v 0.84533 1.22647 0.02500
v 0.84533 1.22647 0.04500
v 0.84533 1.21433 0.02500
v 0.84533 1.21433 0.04500
v 0.84533 1.22647 0.02500
v 0.85747 1.22647 0.02500
v 0.84533 1.22647 0.04500
v 0.85747 1.22647 0.04500
v 0.84533 1.21433 0.04500
v 0.85747 1.21433 0.04500
v 0.84533 1.21433 0.02500
v 0.85747 1.21433 0.02500
v 0.84533 1.22647 0.04500
v 0.85747 1.22647 0.04500
v 0.84533 1.21433 0.04500
v 0.85747 1.21433 0.04500
v 0.85747 1.22647 0.02500
v 0.84533 1.22647 0.02500
v 0.85747 1.21433 0.02500
v 0.84533 1.21433 0.02500
v 0.80467 1.21327 0.04500
v 0.80467 1.21327 0.02500
v 0.80467 1.20113 0.04500
v 0.80467 1.20113 0.02500
v 0.79253 1.21327 0.02500
v 0.79253 1.21327 0.04500
v 0.79253 1.20113 0.02500
v 0.79253 1.20113 0.04500
v 0.79253 1.21327 0.02500
v 0.80467 1.21327 0.02500
v 0.79253 1.21327 0.04500
v 0.80467 1.21327 0.04500
v 0.79253 1.20113 0.04500
v 0.80467 1.20113 0.04500
v 0.79253 1.20113 0.02500
v 0.80467 1.20113 0.02500
v 0.79253 1.21327 0.04500
v 0.80467 1.21327 0.04500
v 0.79253 1.20113 0.04500
v 0.80467 1.20113 0.04500
v 0.80467 1.21327 0.02500
v 0.79253 1.21327 0.02500
v 0.80467 1.20113 0.02500
v 0.79253 1.20113 0.02500
v 0.85747 1.21327 0.04500
v 0.85747 1.21327 0.02500
v 0.85747 1.20113 0.04500
v 0.85747 1.20113 0.02500
v 0.84533 1.21327 0.02500
v 0.84533 1.21327 0.04500
v 0.84533 1.20113 0.02500
v 0.84533 1.20113 0.04500
v 0.84533 1.21327 0.02500
v 0.85747 1.21327 0.02500
v 0.84533 1.21327 0.04500
v 0.85747 1.21327 0.04500
v 0.84533 1.20113 0.04500
v 0.85747 1.20113 0.04500
v 0.84533 1.20113 0.02500
v 0.85747 1.20113 0.02500
v 0.84533 1.21327 0.04500
v 0.85747 1.21327 0.04500
v 0.84533 1.20113 0.04500
v 0.85747 1.20113 0.04500
v 0.85747 1.21327 0.02500
v 0.84533 1.21327 0.02500
v 0.85747 1.20113 0.02500
v 0.84533 1.20113 0.02500
v 0.80467 1.20007 0.04500
v 0.80467 1.20007 0.02500
v 0.80467 1.18793 0.04500
v 0.80467 1.18793 0.02500
v 0.79253 1.20007 0.02500
v 0.79253 1.20007 0.04500
v 0.79253 1.18793 0.02500
v 0.79253 1.18793 0.04500
v 0.79253 1.20007 0.02500
v 0.80467 1.20007 0.02500
v 0.79253 1.20007 0.04500
v 0.80467 1.20007 0.04500
v 0.79253 1.18793 0.04500
v 0.80467 1.18793 0.04500
v 0.79253 1.18793 0.02500
v 0.80467 1.18793 0.02500
v 0.79253 1.20007 0.04500
v 0.80467 1.20007 0.04500
v 0.79253 1.18793 0.04500
v 0.80467 1.18793 0.04500
v 0.80467 1.20007 0.02500
v 0.79253 1.20007 0.02500
v 0.80467 1.18793 0.02500
v 0.79253 1.18793 0.02500
v 0.81787 1.20007 0.04500
v 0.81787 1.20007 0.02500
v 0.81787 1.18793 0.04500
v 0.81787 1.18793 0.02500
v 0.80573 1.20007 0.02500
v 0.80573 1.20007 0.04500
v 0.80573 1.18793 0.02500
v 0.80573 1.18793 0.04500
v 0.80573 1.20007 0.02500
v 0.81787 1.20007 0.02500
v 0.80573 1.20007 0.04500
v 0.81787 1.20007 0.04500
v 0.80573 1.18793 0.04500
v 0.81787 1.18793 0.04500
v 0.80573 1.18793 0.02500
v 0.81787 1.18793 0.02500
v 0.80573 1.20007 0.04500
v 0.81787 1.20007 0.04500
v 0.80573 1.18793 0.04500
v 0.81787 1.18793 0.04500
v 0.81787 1.20007 0.02500
v 0.80573 1.20007 0.02500
v 0.81787 1.18793 0.02500
v 0.80573 1.18793 0.02500
v 0.83107 1.20007 0.04500
v 0.83107 1.20007 0.02500
v 0.83107 1.18793 0.04500
v 0.83107 1.18793 0.02500
v 0.81893 1.20007 0.02500
v 0.81893 1.20007 0.04500
v 0.81893 1.18793 0.02500
v 0.81893 1.18793 0.04500
v 0.81893 1.20007 0.02500
v 0.83107 1.20007 0.02500
v 0.81893 1.20007 0.04500
v 0.83107 1.20007 0.04500
v 0.81893 1.18793 0.04500
v 0.83107 1.18793 0.04500
v 0.81893 1.18793 0.02500
v 0.83107 1.18793 0.02500
v 0.81893 1.20007 0.04500
v 0.83107 1.20007 0.04500
v 0.81893 1.18793 0.04500
v 0.83107 1.18793 0.04500
v 0.83107 1.20007 0.02500
v 0.81893 1.20007 0.02500
v 0.83107 1.18793 0.02500
v 0.81893 1.18793 0.02500
v 0.84427 1.20007 0.04500
v 0.84427 1.20007 0.02500
v 0.84427 1.18793 0.04500
v 0.84427 1.18793 0.02500
v 0.83213 1.20007 0.02500
v 0.83213 1.20007 0.04500
v 0.83213 1.18793 0.02500
v 0.83213 1.18793 0.04500
v 0.83213 1.20007 0.02500
v 0.84427 1.20007 0.02500
v 0.83213 1.20007 0.04500
v 0.84427 1.20007 0.04500
v 0.83213 1.18793 0.04500
v 0.84427 1.18793 0.04500
v 0.83213 1.18793 0.02500
v 0.84427 1.18793 0.02500
v 0.83213 1.20007 0.04500
v 0.84427 1.20007 0.04500
v 0.83213 1.18793 0.04500
v 0.84427 1.18793 0.04500
v 0.84427 1.20007 0.02500
v 0.83213 1.20007 0.02500
v 0.84427 1.18793 0.02500
v 0.83213 1.18793 0.02500
v 0.80467 1.18687 0.04500
v 0.80467 1.18687 0.02500
v 0.80467 1.17473 0.04500
v 0.80467 1.17473 0.02500
v 0.79253 1.18687 0.02500
v 0.79253 1.18687 0.04500
v 0.79253 1.17473 0.02500
v 0.79253 1.17473 0.04500
v 0.79253 1.18687 0.02500
v 0.80467 1.18687 0.02500
v 0.79253 1.18687 0.04500
v 0.80467 1.18687 0.04500
v 0.79253 1.17473 0.04500
v 0.80467 1.17473 0.04500
v 0.79253 1.17473 0.02500
v 0.80467 1.17473 0.02500
v 0.79253 1.18687 0.04500
v 0.80467 1.18687 0.04500
v 0.79253 1.17473 0.04500
v 0.80467 1.17473 0.04500
v 0.80467 1.18687 0.02500
v 0.79253 1.18687 0.02500
v 0.80467 1.17473 0.02500
v 0.79253 1.17473 0.02500
v 0.83107 1.18687 0.04500
v 0.83107 1.18687 0.02500
v 0.83107 1.17473 0.04500
v 0.83107 1.17473 0.02500
v 0.81893 1.18687 0.02500
v 0.81893 1.18687 0.04500
v 0.81893 1.17473 0.02500
v 0.81893 1.17473 0.04500
v 0.81893 1.18687 0.02500
v 0.83107 1.18687 0.02500
v 0.81893 1.18687 0.04500
v 0.83107 1.18687 0.04500
v 0.81893 1.17473 0.04500
v 0.83107 1.17473 0.04500
v 0.81893 1.17473 0.02500
v 0.83107 1.17473 0.02500
v 0.81893 1.18687 0.04500
v 0.83107 1.18687 0.04500
v 0.81893 1.17473 0.04500
v 0.83107 1.17473 0.04500
v 0.83107 1.18687 0.02500
v 0.81893 1.18687 0.02500
v 0.83107 1.17473 0.02500
v 0.81893 1.17473 0.02500
v 0.80467 1.17367 0.04500
v 0.80467 1.17367 0.02500
v 0.80467 1.16153 0.04500
v 0.80467 1.16153 0.02500
v 0.79253 1.17367 0.02500
v 0.79253 1.17367 0.04500
v 0.79253 1.16153 0.02500
v 0.79253 1.16153 0.04500
v 0.79253 1.17367 0.02500
v 0.80467 1.17367 0.02500
v 0.79253 1.17367 0.04500
v 0.80467 1.17367 0.04500
v 0.79253 1.16153 0.04500
v 0.80467 1.16153 0.04500
v 0.79253 1.16153 0.02500
v 0.80467 1.16153 0.02500
v 0.79253 1.17367 0.04500
v 0.80467 1.17367 0.04500
v 0.79253 1.16153 0.04500
v 0.80467 1.16153 0.04500
v 0.80467 1.17367 0.02500
v 0.79253 1.17367 0.02500
v 0.80467 1.16153 0.02500
v 0.79253 1.16153 0.02500
v 0.84427 1.17367 0.04500
v 0.84427 1.17367 0.02500
v 0.84427 1.16153 0.04500
v 0.84427 1.16153 0.02500
v 0.83213 1.17367 0.02500
v 0.83213 1.17367 0.04500
v 0.83213 1.16153 0.02500
v 0.83213 1.16153 0.04500
v 0.83213 1.17367 0.02500
v 0.84427 1.17367 0.02500
v 0.83213 1.17367 0.04500
v 0.84427 1.17367 0.04500
v 0.83213 1.16153 0.04500
v 0.84427 1.16153 0.04500
v 0.83213 1.16153 0.02500
v 0.84427 1.16153 0.02500
v 0.83213 1.17367 0.04500
v 0.84427 1.17367 0.04500
v 0.83213 1.16153 0.04500
v 0.84427 1.16153 0.04500
v 0.84427 1.17367 0.02500
v 0.83213 1.17367 0.02500
v 0.84427 1.16153 0.02500
v 0.83213 1.16153 0.02500
v 0.80467 1.16047 0.04500
v 0.80467 1.16047 0.02500
v 0.80467 1.14833 0.04500
v 0.80467 1.14833 0.02500
v 0.79253 1.16047 0.02500
v 0.79253 1.16047 0.04500
v 0.79253 1.14833 0.02500
v 0.79253 1.14833 0.04500
v 0.79253 1.16047 0.02500
v 0.80467 1.16047 0.02500
v 0.79253 1.16047 0.04500
v 0.80467 1.16047 0.04500
v 0.79253 1.14833 0.04500
v 0.80467 1.14833 0.04500
v 0.79253 1.14833 0.02500
v 0.80467 1.14833 0.02500
v 0.79253 1.16047 0.04500
v 0.80467 1.16047 0.04500
v 0.79253 1.14833 0.04500
v 0.80467 1.14833 0.04500
v 0.80467 1.16047 0.02500
v 0.79253 1.16047 0.02500
v 0.80467 1.14833 0.02500
v 0.79253 1.14833 0.02500
v 0.85747 1.16047 0.04500
v 0.85747 1.16047 0.02500
v 0.85747 1.14833 0.04500
v 0.85747 1.14833 0.02500
v 0.84533 1.16047 0.02500
v 0.84533 1.16047 0.04500
v 0.84533 1.14833 0.02500
v 0.84533 1.14833 0.04500
v 0.84533 1.16047 0.02500
v 0.85747 1.16047 0.02500
v 0.84533 1.16047 0.04500
v 0.85747 1.16047 0.04500
v 0.84533 1.14833 0.04500
v 0.85747 1.14833 0.04500
v 0.84533 1.14833 0.02500
v 0.85747 1.14833 0.02500
v 0.84533 1.16047 0.04500
v 0.85747 1.16047 0.04500
v 0.84533 1.14833 0.04500
v 0.85747 1.14833 0.04500
v 0.85747 1.16047 0.02500
v 0.84533 1.16047 0.02500
v 0.85747 1.14833 0.02500
v 0.84533 1.14833 0.02500
v 0.89707 1.23967 0.04500
v 0.89707 1.23967 0.02500
v 0.89707 1.22753 0.04500
v 0.89707 1.22753 0.02500
v 0.88493 1.23967 0.02500
v 0.88493 1.23967 0.04500
v 0.88493 1.22753 0.02500
v 0.88493 1.22753 0.04500
v 0.88493 1.23967 0.02500
v 0.89707 1.23967 0.02500
v 0.88493 1.23967 0.04500
v 0.89707 1.23967 0.04500
v 0.88493 1.22753 0.04500
v 0.89707 1.22753 0.04500
v 0.88493 1.22753 0.02500
v 0.89707 1.22753 0.02500
v 0.88493 1.23967 0.04500
v 0.89707 1.23967 0.04500
v 0.88493 1.22753 0.04500
v 0.89707 1.22753 0.04500
v 0.89707 1.23967 0.02500
v 0.88493 1.23967 0.02500
v 0.89707 1.22753 0.02500
v 0.88493 1.22753 0.02500
v 0.91027 1.23967 0.04500
v 0.91027 1.23967 0.02500
v 0.91027 1.22753 0.04500
v 0.91027 1.22753 0.02500
v 0.89813 1.23967 0.02500
v 0.89813 1.23967 0.04500
v 0.89813 1.22753 0.02500
v 0.89813 1.22753 0.04500
v 0.89813 1.23967 0.02500
v 0.91027 1.23967 0.02500
v 0.89813 1.23967 0.04500
v 0.91027 1.23967 0.04500
v 0.89813 1.22753 0.04500
v 0.91027 1.22753 0.04500
v 0.89813 1.22753 0.02500
v 0.91027 1.22753 0.02500
v 0.89813 1.23967 0.04500
v 0.91027 1.23967 0.04500
v 0.89813 1.22753 0.04500
v 0.91027 1.22753 0.04500
v 0.91027 1.23967 0.02500
v 0.89813 1.23967 0.02500
v 0.91027 1.22753 0.02500
v 0.89813 1.22753 0.02500
v 0.92347 1.23967 0.04500
v 0.92347 1.23967 0.02500
v 0.92347 1.22753 0.04500
v 0.92347 1.22753 0.02500
v 0.91133 1.23967 0.02500
v 0.91133 1.23967 0.04500
v 0.91133 1.22753 0.02500
v 0.91133 1.22753 0.04500
v 0.91133 1.23967 0.02500
v 0.92347 1.23967 0.02500
v 0.91133 1.23967 0.04500
v 0.92347 1.23967 0.04500
v 0.91133 1.22753 0.04500
v 0.92347 1.22753 0.04500
v 0.91133 1.22753 0.02500
v 0.92347 1.22753 0.02500
v 0.91133 1.23967 0.04500
v 0.92347 1.23967 0.04500
v 0.91133 1.22753 0.04500
v 0.92347 1.22753 0.04500
v 0.92347 1.23967 0.02500
v 0.91133 1.23967 0.02500
v 0.92347 1.22753 0.02500
v 0.91133 1.22753 0.02500
v 0.88387 1.22647 0.04500
v 0.88387 1.22647 0.02500
v 0.88387 1.21433 0.04500
v 0.88387 1.21433 0.02500
v 0.87173 1.22647 0.02500
v 0.87173 1.22647 0.04500
v 0.87173 1.21433 0.02500
v 0.87173 1.21433 0.04500
v 0.87173 1.22647 0.02500
v 0.88387 1.22647 0.02500
v 0.87173 1.22647 0.04500
v 0.88387 1.22647 0.04500
v 0.87173 1.21433 0.04500
v 0.88387 1.21433 0.04500
v 0.87173 1.21433 0.02500
v 0.88387 1.21433 0.02500
v 0.87173 1.22647 0.04500
v 0.88387 1.22647 0.04500
v 0.87173 1.21433 0.04500
v 0.88387 1.21433 0.04500
v 0.88387 1.22647 0.02500
v 0.87173 1.22647 0.02500
v 0.88387 1.21433 0.02500
v 0.87173 1.21433 0.02500
v 0.93667 1.22647 0.04500
v 0.93667 1.22647 0.02500
v 0.93667 1.21433 0.04500
v 0.93667 1.21433 0.02500
v 0.92453 1.22647 0.02500
v 0.92453 1.22647 0.04500
v 0.92453 1.21433 0.02500
v 0.92453 1.21433 0.04500
v 0.92453 1.22647 0.02500
v 0.93667 1.22647 0.02500
v 0.92453 1.22647 0.04500
v 0.93667 1.22647 0.04500
v 0.92453 1.21433 0.04500
v 0.93667 1.21433 0.04500
v 0.92453 1.21433 0.02500
v 0.93667 1.21433 0.02500
v 0.92453 1.22647 0.04500
v 0.93667 1.22647 0.04500
v 0.92453 1.21433 0.04500
v 0.93667 1.21433 0.04500
v 0.93667 1.22647 0.02500
v 0.92453 1.22647 0.02500
v 0.93667 1.21433 0.02500
v 0.92453 1.21433 0.02500
v 0.88387 1.21327 0.04500
v 0.88387 1.21327 0.02500
v 0.88387 1.20113 0.04500
v 0.88387 1.20113 0.02500
v 0.87173 1.21327 0.02500
v 0.87173 1.21327 0.04500
v 0.87173 1.20113 0.02500
v 0.87173 1.20113 0.04500
v 0.87173 1.21327 0.02500
v 0.88387 1.21327 0.02500
v 0.87173 1.21327 0.04500
v 0.88387 1.21327 0.04500
v 0.87173 1.20113 0.04500
v 0.88387 1.20113 0.04500
v 0.87173 1.20113 0.02500
v 0.88387 1.20113 0.02500
v 0.87173 1.21327 0.04500
v 0.88387 1.21327 0.04500
v 0.87173 1.20113 0.04500
v 0.88387 1.20113 0.04500
v 0.88387 1.21327 0.02500
v 0.87173 1.21327 0.02500
v 0.88387 1.20113 0.02500
v 0.87173 1.20113 0.02500
v 0.93667 1.21327 0.04500
v 0.93667 1.21327 0.02500
v 0.93667 1.20113 0.04500
v 0.93667 1.20113 0.02500
v 0.92453 1.21327 0.02500
v 0.92453 1.21327 0.04500
v 0.92453 1.20113 0.02500
v 0.92453 1.20113 0.04500
v 0.92453 1.21327 0.02500
v 0.93667 1.21327 0.02500
v 0.92453 1.21327 0.04500
v 0.93667 1.21327 0.04500
v 0.92453 1.20113 0.04500
v 0.93667 1.20113 0.04500
v 0.92453 1.20113 0.02500
v 0.93667 1.20113 0.02500
v 0.92453 1.21327 0.04500
v 0.93667 1.21327 0.04500
v 0.92453 1.20113 0.04500
v 0.93667 1.20113 0.04500
v 0.93667 1.21327 0.02500
v 0.92453 1.21327 0.02500
v 0.93667 1.20113 0.02500
v 0.92453 1.20113 0.02500
v 0.88387 1.20007 0.04500
v 0.88387 1.20007 0.02500
v 0.88387 1.18793 0.04500
v 0.88387 1.18793 0.02500
v 0.87173 1.20007 0.02500
v 0.87173 1.20007 0.04500
v 0.87173 1.18793 0.02500
v 0.87173 1.18793 0.04500
v 0.87173 1.20007 0.02500
v 0.88387 1.20007 0.02500
v 0.87173 1.20007 0.04500
v 0.88387 1.20007 0.04500
v 0.87173 1.18793 0.04500
v 0.88387 1.18793 0.04500
v 0.87173 1.18793 0.02500
v 0.88387 1.18793 0.02500
v 0.87173 1.20007 0.04500
v 0.88387 1.20007 0.04500
v 0.87173 1.18793 0.04500
v 0.88387 1.18793 0.04500
v 0.88387 1.20007 0.02500
v 0.87173 1.20007 0.02500
v 0.88387 1.18793 0.02500
v 0.87173 1.18793 0.02500
v 0.89707 1.20007 0.04500
v 0.89707 1.20007 0.02500
v 0.89707 1.18793 0.04500
v 0.89707 1.18793 0.02500
v 0.88493 1.20007 0.02500
v 0.88493 1.20007 0.04500
v 0.88493 1.18793 0.02500
v 0.88493 1.18793 0.04500
v 0.88493 1.20007 0.02500
v 0.89707 1.20007 0.02500
v 0.88493 1.20007 0.04500
v 0.89707 1.20007 0.04500
v 0.88493 1.18793 0.04500
v 0.89707 1.18793 0.04500
v 0.88493 1.18793 0.02500
v 0.89707 1.18793 0.02500
v 0.88493 1.20007 0.04500
v 0.89707 1.20007 0.04500
v 0.88493 1.18793 0.04500
v 0.89707 1.18793 0.04500
v 0.89707 1.20007 0.02500
v 0.88493 1.20007 0.02500
v 0.89707 1.18793 0.02500
v 0.88493 1.18793 0.02500
v 0.91027 1.20007 0.04500
v 0.91027 1.20007 0.02500
v 0.91027 1.18793 0.04500
v 0.91027 1.18793 0.02500
v 0.89813 1.20007 0.02500
v 0.89813 1.20007 0.04500
v 0.89813 1.18793 0.02500
v 0.89813 1.18793 0.04500
v 0.89813 1.20007 0.02500
v 0.91027 1.20007 0.02500
v 0.89813 1.20007 0.04500
v 0.91027 1.20007 0.04500
v 0.89813 1.18793 0.04500
v 0.91027 1.18793 0.04500
v 0.89813 1.18793 0.02500
v 0.91027 1.18793 0.02500
v 0.89813 1.20007 0.04500
v 0.91027 1.20007 0.04500
v 0.89813 1.18793 0.04500
v 0.91027 1.18793 0.04500
v 0.91027 1.20007 0.02500
v 0.89813 1.20007 0.02500
v 0.91027 1.18793 0.02500
v 0.89813 1.18793 0.02500
v 0.92347 1.20007 0.04500
v 0.92347 1.20007 0.02500
v 0.92347 1.18793 0.04500
v 0.92347 1.18793 0.02500
v 0.91133 1.20007 0.02500
v 0.91133 1.20007 0.04500
v 0.91133 1.18793 0.02500
v 0.91133 1.18793 0.04500
v 0.91133 1.20007 0.02500
v 0.92347 1.20007 0.02500
v 0.91133 1.20007 0.04500
v 0.92347 1.20007 0.04500
v 0.91133 1.18793 0.04500
v 0.92347 1.18793 0.04500
v 0.91133 1.18793 0.02500
v 0.92347 1.18793 0.02500
v 0.91133 1.20007 0.04500
v 0.92347 1.20007 0.04500
v 0.91133 1.18793 0.04500
v 0.92347 1.18793 0.04500
v 0.92347 1.20007 0.02500
v 0.91133 1.20007 0.02500
v 0.92347 1.18793 0.02500
v 0.91133 1.18793 0.02500
v 0.93667 1.20007 0.04500
v 0.93667 1.20007 0.02500
v 0.93667 1.18793 0.04500
v 0.93667 1.18793 0.02500
v 0.92453 1.20007 0.02500
v 0.92453 1.20007 0.04500
v 0.92453 1.18793 0.02500
v 0.92453 1.18793 0.04500
v 0.92453 1.20007 0.02500
v 0.93667 1.20007 0.02500
v 0.92453 1.20007 0.04500
v 0.93667 1.20007 0.04500
v 0.92453 1.18793 0.04500
v 0.93667 1.18793 0.04500
v 0.92453 1.18793 0.02500
v 0.93667 1.18793 0.02500
v 0.92453 1.20007 0.04500
v 0.93667 1.20007 0.04500
v 0.92453 1.18793 0.04500
v 0.93667 1.18793 0.04500
v 0.93667 1.20007 0.02500
v 0.92453 1.20007 0.02500
v 0.93667 1.18793 0.02500
v 0.92453 1.18793 0.02500
v 0.88387 1.18687 0.04500
v 0.88387 1.18687 0.02500
v 0.88387 1.17473 0.04500
v 0.88387 1.17473 0.02500
v 0.87173 1.18687 0.02500
v 0.87173 1.18687 0.04500
v 0.87173 1.17473 0.02500
v 0.87173 1.17473 0.04500
v 0.87173 1.18687 0.02500
v 0.88387 1.18687 0.02500
v 0.87173 1.18687 0.04500
v 0.88387 1.18687 0.04500
v 0.87173 1.17473 0.04500
v 0.88387 1.17473 0.04500
v 0.87173 1.17473 0.02500
v 0.88387 1.17473 0.02500
v 0.87173 1.18687 0.04500
v 0.88387 1.18687 0.04500
v 0.87173 1.17473 0.04500
v 0.88387 1.17473 0.04500
v 0.88387 1.18687 0.02500
v 0.87173 1.18687 0.02500
v 0.88387 1.17473 0.02500
v 0.87173 1.17473 0.02500
v 0.93667 1.18687 0.04500
v 0.93667 1.18687 0.02500
v 0.93667 1.17473 0.04500
v 0.93667 1.17473 0.02500
v 0.92453 1.18687 0.02500
v 0.92453 1.18687 0.04500
v 0.92453 1.17473 0.02500
v 0.92453 1.17473 0.04500
v 0.92453 1.18687 0.02500
v 0.93667 1.18687 0.02500
v 0.92453 1.18687 0.04500
v 0.93667 1.18687 0.04500
v 0.92453 1.17473 0.04500
v 0.93667 1.17473 0.04500
v 0.92453 1.17473 0.02500
v 0.93667 1.17473 0.02500
v 0.92453 1.18687 0.04500
v 0.93667 1.18687 0.04500
v 0.92453 1.17473 0.04500
v 0.93667 1.17473 0.04500
v 0.93667 1.18687 0.02500
v 0.92453 1.18687 0.02500
v 0.93667 1.17473 0.02500
v 0.92453 1.17473 0.02500
v 0.88387 1.17367 0.04500
v 0.88387 1.17367 0.02500
v 0.88387 1.16153 0.04500
v 0.88387 1.16153 0.02500
v 0.87173 1.17367 0.02500
v 0.87173 1.17367 0.04500
v 0.87173 1.16153 0.02500
v 0.87173 1.16153 0.04500
v 0.87173 1.17367 0.02500
v 0.88387 1.17367 0.02500
v 0.87173 1.17367 0.04500
v 0.88387 1.17367 0.04500
v 0.87173 1.16153 0.04500
v 0.88387 1.16153 0.04500
v 0.87173 1.16153 0.02500
v 0.88387 1.16153 0.02500
v 0.87173 1.17367 0.04500
v 0.88387 1.17367 0.04500
v 0.87173 1.16153 0.04500
v 0.88387 1.16153 0.04500
v 0.88387 1.17367 0.02500
v 0.87173 1.17367 0.02500
v 0.88387 1.16153 0.02500
v 0.87173 1.16153 0.02500
v 0.93667 1.17367 0.04500
v 0.93667 1.17367 0.02500
v 0.93667 1.16153 0.04500
v 0.93667 1.16153 0.02500
v 0.92453 1.17367 0.02500
v 0.92453 1.17367 0.04500
v 0.92453 1.16153 0.02500
v 0.92453 1.16153 0.04500
v 0.92453 1.17367 0.02500
v 0.93667 1.17367 0.02500
v 0.92453 1.17367 0.04500
v 0.93667 1.17367 0.04500
v 0.92453 1.16153 0.04500
v 0.93667 1.16153 0.04500
v 0.92453 1.16153 0.02500
v 0.93667 1.16153 0.02500
v 0.92453 1.17367 0.04500
v 0.93667 1.17367 0.04500
v 0.92453 1.16153 0.04500
v 0.93667 1.16153 0.04500
v 0.93667 1.17367 0.02500
v 0.92453 1.17367 0.02500
v 0.93667 1.16153 0.02500
v 0.92453 1.16153 0.02500
v 0.88387 1.16047 0.04500
v 0.88387 1.16047 0.02500
v 0.88387 1.14833 0.04500
v 0.88387 1.14833 0.02500
v 0.87173 1.16047 0.02500
v 0.87173 1.16047 0.04500
v 0.87173 1.14833 0.02500
v 0.87173 1.14833 0.04500
v 0.87173 1.16047 0.02500
v 0.88387 1.16047 0.02500
v 0.87173 1.16047 0.04500
v 0.88387 1.16047 0.04500
v 0.87173 1.14833 0.04500
v 0.88387 1.14833 0.04500
v 0.87173 1.14833 0.02500
v 0.88387 1.14833 0.02500
v 0.87173 1.16047 0.04500
v 0.88387 1.16047 0.04500
v 0.87173 1.14833 0.04500
v 0.88387 1.14833 0.04500
v 0.88387 1.16047 0.02500
v 0.87173 1.16047 0.02500
v 0.88387 1.14833 0.02500
v 0.87173 1.14833 0.02500
v 0.93667 1.16047 0.04500
v 0.93667 1.16047 0.02500
v 0.93667 1.14833 0.04500
v 0.93667 1.14833 0.02500
v 0.92453 1.16047 0.02500
v 0.92453 1.16047 0.04500
v 0.92453 1.14833 0.02500
v 0.92453 1.14833 0.04500
v 0.92453 1.16047 0.02500
v 0.93667 1.16047 0.02500
v 0.92453 1.16047 0.04500
v 0.93667 1.16047 0.04500
v 0.92453 1.14833 0.04500
v 0.93667 1.14833 0.04500
v 0.92453 1.14833 0.02500
v 0.93667 1.14833 0.02500
v 0.92453 1.16047 0.04500
v 0.93667 1.16047 0.04500
v 0.92453 1.14833 0.04500
v 0.93667 1.14833 0.04500
v 0.93667 1.16047 0.02500
v 0.92453 1.16047 0.02500
v 0.93667 1.14833 0.02500
v 0.92453 1.14833 0.02500
v 0.96307 1.23967 0.04500
v 0.96307 1.23967 0.02500
v 0.96307 1.22753 0.04500
v 0.96307 1.22753 0.02500
v 0.95093 1.23967 0.02500
v 0.95093 1.23967 0.04500
v 0.95093 1.22753 0.02500
v 0.95093 1.22753 0.04500
v 0.95093 1.23967 0.02500
v 0.96307 1.23967 0.02500
v 0.95093 1.23967 0.04500
v 0.96307 1.23967 0.04500
v 0.95093 1.22753 0.04500
v 0.96307 1.22753 0.04500
v 0.95093 1.22753 0.02500
v 0.96307 1.22753 0.02500
v 0.95093 1.23967 0.04500
v 0.96307 1.23967 0.04500
v 0.95093 1.22753 0.04500
v 0.96307 1.22753 0.04500
v 0.96307 1.23967 0.02500
v 0.95093 1.23967 0.02500
v 0.96307 1.22753 0.02500
v 0.95093 1.22753 0.02500
v 0.97627 1.23967 0.04500
v 0.97627 1.23967 0.02500
v 0.97627 1.22753 0.04500
v 0.97627 1.22753 0.02500
v 0.96413 1.23967 0.02500
v 0.96413 1.23967 0.04500
v 0.96413 1.22753 0.02500
v 0.96413 1.22753 0.04500
v 0.96413 1.23967 0.02500
v 0.97627 1.23967 0.02500
v 0.96413 1.23967 0.04500
v 0.97627 1.23967 0.04500
v 0.96413 1.22753 0.04500
v 0.97627 1.22753 0.04500
v 0.96413 1.22753 0.02500
v 0.97627 1.22753 0.02500
v 0.96413 1.23967 0.04500
v 0.97627 1.23967 0.04500
v 0.96413 1.22753 0.04500
v 0.97627 1.22753 0.04500
v 0.97627 1.23967 0.02500
v 0.96413 1.23967 0.02500
v 0.97627 1.22753 0.02500
v 0.96413 1.22753 0.02500
v 0.98947 1.23967 0.04500
v 0.98947 1.23967 0.02500
v 0.98947 1.22753 0.04500
v 0.98947 1.22753 0.02500
v 0.97733 1.23967 0.02500
v 0.97733 1.23967 0.04500
v 0.97733 1.22753 0.02500
v 0.97733 1.22753 0.04500
v 0.97733 1.23967 0.02500
v 0.98947 1.23967 0.02500
v 0.97733 1.23967 0.04500
v 0.98947 1.23967 0.04500
v 0.97733 1.22753 0.04500
v 0.98947 1.22753 0.04500
v 0.97733 1.22753 0.02500
v 0.98947 1.22753 0.02500
v 0.97733 1.23967 0.04500
v 0.98947 1.23967 0.04500
v 0.97733 1.22753 0.04500
v 0.98947 1.22753 0.04500
v 0.98947 1.23967 0.02500
v 0.97733 1.23967 0.02500
v 0.98947 1.22753 0.02500
v 0.97733 1.22753 0.02500
v 1.00267 1.23967 0.04500
v 1.00267 1.23967 0.02500
v 1.00267 1.22753 0.04500
v 1.00267 1.22753 0.02500
v 0.99053 1.23967 0.02500
v 0.99053 1.23967 0.04500
v 0.99053 1.22753 0.02500
v 0.99053 1.22753 0.04500
v 0.99053 1.23967 0.02500
v 1.00267 1.23967 0.02500
v 0.99053 1.23967 0.04500
v 1.00267 1.23967 0.04500
v 0.99053 1.22753 0.04500
v 1.00267 1.22753 0.04500
v 0.99053 1.22753 0.02500
v 1.00267 1.22753 0.02500
v 0.99053 1.23967 0.04500
v 1.00267 1.23967 0.04500
v 0.99053 1.22753 0.04500
v 1.00267 1.22753 0.04500
v 1.00267 1.23967 0.02500
v 0.99053 1.23967 0.02500
v 1.00267 1.22753 0.02500
v 0.99053 1.22753 0.02500
v 1.01587 1.23967 0.04500
v 1.01587 1.23967 0.02500
v 1.01587 1.22753 0.04500
v 1.01587 1.22753 0.02500
v 1.00373 1.23967 0.02500
v 1.00373 1.23967 0.04500
v 1.00373 1.22753 0.02500
v 1.00373 1.22753 0.04500
v 1.00373 1.23967 0.02500
v 1.01587 1.23967 0.02500
v 1.00373 1.23967 0.04500
v 1.01587 1.23967 0.04500
v 1.00373 1.22753 0.04500
v 1.01587 1.22753 0.04500
v 1.00373 1.22753 0.02500
v 1.01587 1.22753 0.02500
v 1.00373 1.23967 0.04500
v 1.01587 1.23967 0.04500
v 1.00373 1.22753 0.04500
v 1.01587 1.22753 0.04500
v 1.01587 1.23967 0.02500
v 1.00373 1.23967 0.02500
v 1.01587 1.22753 0.02500
v 1.00373 1.22753 0.02500
v 0.98947 1.22647 0.04500
v 0.98947 1.22647 0.02500
v 0.98947 1.21433 0.04500
v 0.98947 1.21433 0.02500
v 0.97733 1.22647 0.02500
v 0.97733 1.22647 0.04500
v 0.97733 1.21433 0.02500
v 0.97733 1.21433 0.04500
v 0.97733 1.22647 0.02500
v 0.98947 1.22647 0.02500
v 0.97733 1.22647 0.04500
v 0.98947 1.22647 0.04500
v 0.97733 1.21433 0.04500
v 0.98947 1.21433 0.04500
v 0.97733 1.21433 0.02500
v 0.98947 1.21433 0.02500
v 0.97733 1.22647 0.04500
v 0.98947 1.22647 0.04500
v 0.97733 1.21433 0.04500
v 0.98947 1.21433 0.04500
v 0.98947 1.22647 0.02500
v 0.97733 1.22647 0.02500
v 0.98947 1.21433 0.02500
v 0.97733 1.21433 0.02500
v 0.98947 1.21327 0.04500
v 0.98947 1.21327 0.02500
v 0.98947 1.20113 0.04500
v 0.98947 1.20113 0.02500
v 0.97733 1.21327 0.02500
v 0.97733 1.21327 0.04500
v 0.97733 1.20113 0.02500
v 0.97733 1.20113 0.04500
v 0.97733 1.21327 0.02500
v 0.98947 1.21327 0.02500
v 0.97733 1.21327 0.04500
v 0.98947 1.21327 0.04500
v 0.97733 1.20113 0.04500
v 0.98947 1.20113 0.04500
v 0.97733 1.20113 0.02500
v 0.98947 1.20113 0.02500
v 0.97733 1.21327 0.04500
v 0.98947 1.21327 0.04500
v 0.97733 1.20113 0.04500
v 0.98947 1.20113 0.04500
v 0.98947 1.21327 0.02500
v 0.97733 1.21327 0.02500
v 0.98947 1.20113 0.02500
v 0.97733 1.20113 0.02500
v 0.98947 1.20007 0.04500
v 0.98947 1.20007 0.02500
v 0.98947 1.18793 0.04500
v 0.98947 1.18793 0.02500
v 0.97733 1.20007 0.02500
v 0.97733 1.20007 0.04500
v 0.97733 1.18793 0.02500
v 0.97733 1.18793 0.04500
v 0.97733 1.20007 0.02500
v 0.98947 1.20007 0.02500
v 0.97733 1.20007 0.04500
v 0.98947 1.20007 0.04500
v 0.97733 1.18793 0.04500
v 0.98947 1.18793 0.04500
v 0.97733 1.18793 0.02500
v 0.98947 1.18793 0.02500
v 0.97733 1.20007 0.04500
v 0.98947 1.20007 0.04500
v 0.97733 1.18793 0.04500
v 0.98947 1.18793 0.04500
v 0.98947 1.20007 0.02500
v 0.97733 1.20007 0.02500
v 0.98947 1.18793 0.02500
v 0.97733 1.18793 0.02500
v 0.98947 1.18687 0.04500
v 0.98947 1.18687 0.02500
v 0.98947 1.17473 0.04500
v 0.98947 1.17473 0.02500
v 0.97733 1.18687 0.02500
v 0.97733 1.18687 0.04500
v 0.97733 1.17473 0.02500
v 0.97733 1.17473 0.04500
v 0.97733 1.18687 0.02500
v 0.98947 1.18687 0.02500
v 0.97733 1.18687 0.04500
v 0.98947 1.18687 0.04500
v 0.97733 1.17473 0.04500
v 0.98947 1.17473 0.04500
v 0.97733 1.17473 0.02500
v 0.98947 1.17473 0.02500
v 0.97733 1.18687 0.04500
v 0.98947 1.18687 0.04500
v 0.97733 1.17473 0.04500
v 0.98947 1.17473 0.04500
v 0.98947 1.18687 0.02500
v 0.97733 1.18687 0.02500
v 0.98947 1.17473 0.02500
v 0.97733 1.17473 0.02500
v 0.98947 1.17367 0.04500
v 0.98947 1.17367 0.02500
v 0.98947 1.16153 0.04500
v 0.98947 1.16153 0.02500
v 0.97733 1.17367 0.02500
v 0.97733 1.17367 0.04500
v 0.97733 1.16153 0.02500
v 0.97733 1.16153 0.04500
v 0.97733 1.17367 0.02500
v 0.98947 1.17367 0.02500
v 0.97733 1.17367 0.04500
v 0.98947 1.17367 0.04500
v 0.97733 1.16153 0.04500
v 0.98947 1.16153 0.04500
v 0.97733 1.16153 0.02500
v 0.98947 1.16153 0.02500
v 0.97733 1.17367 0.04500
v 0.98947 1.17367 0.04500
v 0.97733 1.16153 0.04500
v 0.98947 1.16153 0.04500
v 0.98947 1.17367 0.02500
v 0.97733 1.17367 0.02500
v 0.98947 1.16153 0.02500
v 0.97733 1.16153 0.02500
v 0.96307 1.16047 0.04500
v 0.96307 1.16047 0.02500
v 0.96307 1.14833 0.04500
v 0.96307 1.14833 0.02500
v 0.95093 1.16047 0.02500
v 0.95093 1.16047 0.04500
v 0.95093 1.14833 0.02500
v 0.95093 1.14833 0.04500
v 0.95093 1.16047 0.02500
v 0.96307 1.16047 0.02500
v 0.95093 1.16047 0.04500
v 0.96307 1.16047 0.04500
v 0.95093 1.14833 0.04500
v 0.96307 1.14833 0.04500
v 0.95093 1.14833 0.02500
v 0.96307 1.14833 0.02500
v 0.95093 1.16047 0.04500
v 0.96307 1.16047 0.04500
v 0.95093 1.14833 0.04500
v 0.96307 1.14833 0.04500
v 0.96307 1.16047 0.02500
v 0.95093 1.16047 0.02500
v 0.96307 1.14833 0.02500
v 0.95093 1.14833 0.02500
v 0.97627 1.16047 0.04500
v 0.97627 1.16047 0.02500
v 0.97627 1.14833 0.04500
v 0.97627 1.14833 0.02500
v 0.96413 1.16047 0.02500
v 0.96413 1.16047 0.04500
v 0.96413 1.14833 0.02500
v 0.96413 1.14833 0.04500
v 0.96413 1.16047 0.02500
v 0.97627 1.16047 0.02500
v 0.96413 1.16047 0.04500
v 0.97627 1.16047 0.04500
v 0.96413 1.14833 0.04500
v 0.97627 1.14833 0.04500
v 0.96413 1.14833 0.02500
v 0.97627 1.14833 0.02500
v 0.96413 1.16047 0.04500
v 0.97627 1.16047 0.04500
v 0.96413 1.14833 0.04500
v 0.97627 1.14833 0.04500
v 0.97627 1.16047 0.02500
v 0.96413 1.16047 0.02500
v 0.97627 1.14833 0.02500
v 0.96413 1.14833 0.02500
v 0.98947 1.16047 0.04500
v 0.98947 1.16047 0.02500
v 0.98947 1.14833 0.04500
v 0.98947 1.14833 0.02500
v 0.97733 1.16047 0.02500
v 0.97733 1.16047 0.04500
v 0.97733 1.14833 0.02500
v 0.97733 1.14833 0.04500
v 0.97733 1.16047 0.02500
v 0.98947 1.16047 0.02500
v 0.97733 1.16047 0.04500
v 0.98947 1.16047 0.04500
v 0.97733 1.14833 0.04500
v 0.98947 1.14833 0.04500
v 0.97733 1.14833 0.02500
v 0.98947 1.14833 0.02500
v 0.97733 1.16047 0.04500
v 0.98947 1.16047 0.04500
v 0.97733 1.14833 0.04500
v 0.98947 1.14833 0.04500
v 0.98947 1.16047 0.02500
v 0.97733 1.16047 0.02500
v 0.98947 1.14833 0.02500
v 0.97733 1.14833 0.02500
v 1.00267 1.16047 0.04500
v 1.00267 1.16047 0.02500
v 1.00267 1.14833 0.04500
v 1.00267 1.14833 0.02500
v 0.99053 1.16047 0.02500
v 0.99053 1.16047 0.04500
v 0.99053 1.14833 0.02500
v 0.99053 1.14833 0.04500
v 0.99053 1.16047 0.02500
v 1.00267 1.16047 0.02500
v 0.99053 1.16047 0.04500
v 1.00267 1.16047 0.04500
v 0.99053 1.14833 0.04500
v 1.00267 1.14833 0.04500
v 0.99053 1.14833 0.02500
v 1.00267 1.14833 0.02500
v 0.99053 1.16047 0.04500
v 1.00267 1.16047 0.04500
v 0.99053 1.14833 0.04500
v 1.00267 1.14833 0.04500
v 1.00267 1.16047 0.02500
v 0.99053 1.16047 0.02500
v 1.00267 1.14833 0.02500
v 0.99053 1.14833 0.02500
v 1.01587 1.16047 0.04500
v 1.01587 1.16047 0.02500
v 1.01587 1.14833 0.04500
v 1.01587 1.14833 0.02500
v 1.00373 1.16047 0.02500
v 1.00373 1.16047 0.04500
v 1.00373 1.14833 0.02500
v 1.00373 1.14833 0.04500
v 1.00373 1.16047 0.02500
v 1.01587 1.16047 0.02500
v 1.00373 1.16047 0.04500
v 1.01587 1.16047 0.04500
v 1.00373 1.14833 0.04500
v 1.01587 1.14833 0.04500
v 1.00373 1.14833 0.02500
v 1.01587 1.14833 0.02500
v 1.00373 1.16047 0.04500
v 1.01587 1.16047 0.04500
v 1.00373 1.14833 0.04500
v 1.01587 1.14833 0.04500
v 1.01587 1.16047 0.02500
v 1.00373 1.16047 0.02500
v 1.01587 1.14833 0.02500
v 1.00373 1.14833 0.02500
v 1.04227 1.23967 0.04500
v 1.04227 1.23967 0.02500
v 1.04227 1.22753 0.04500
v 1.04227 1.22753 0.02500
v 1.03013 1.23967 0.02500
v 1.03013 1.23967 0.04500
v 1.03013 1.22753 0.02500
v 1.03013 1.22753 0.04500
v 1.03013 1.23967 0.02500
v 1.04227 1.23967 0.02500
v 1.03013 1.23967 0.04500
v 1.04227 1.23967 0.04500
v 1.03013 1.22753 0.04500
v 1.04227 1.22753 0.04500
v 1.03013 1.22753 0.02500
v 1.04227 1.22753 0.02500
v 1.03013 1.23967 0.04500
v 1.04227 1.23967 0.04500
v 1.03013 1.22753 0.04500
v 1.04227 1.22753 0.04500
v 1.04227 1.23967 0.02500
v 1.03013 1.23967 0.02500
v 1.04227 1.22753 0.02500
v 1.03013 1.22753 0.02500
v 1.04227 1.22647 0.04500
v 1.04227 1.22647 0.02500
v 1.04227 1.21433 0.04500
v 1.04227 1.21433 0.02500
v 1.03013 1.22647 0.02500
v 1.03013 1.22647 0.04500
v 1.03013 1.21433 0.02500
v 1.03013 1.21433 0.04500
v 1.03013 1.22647 0.02500
v 1.04227 1.22647 0.02500
v 1.03013 1.22647 0.04500
v 1.04227 1.22647 0.04500
v 1.03013 1.21433 0.04500
v 1.04227 1.21433 0.04500
v 1.03013 1.21433 0.02500
v 1.04227 1.21433 0.02500
v 1.03013 1.22647 0.04500
v 1.04227 1.22647 0.04500
v 1.03013 1.21433 0.04500
v 1.04227 1.21433 0.04500
v 1.04227 1.22647 0.02500
v 1.03013 1.22647 0.02500
v 1.04227 1.21433 0.02500
v 1.03013 1.21433 0.02500
v 1.04227 1.21327 0.04500
v 1.04227 1.21327 0.02500
v 1.04227 1.20113 0.04500
v 1.04227 1.20113 0.02500
v 1.03013 1.21327 0.02500
v 1.03013 1.21327 0.04500
v 1.03013 1.20113 0.02500
v 1.03013 1.20113 0.04500
v 1.03013 1.21327 0.02500
v 1.04227 1.21327 0.02500
v 1.03013 1.21327 0.04500
v 1.04227 1.21327 0.04500
v 1.03013 1.20113 0.04500
v 1.04227 1.20113 0.04500
v 1.03013 1.20113 0.02500
v 1.04227 1.20113 0.02500
v 1.03013 1.21327 0.04500
v 1.04227 1.21327 0.04500
v 1.03013 1.20113 0.04500
v 1.04227 1.20113 0.04500
v 1.04227 1.21327 0.02500
v 1.03013 1.21327 0.02500
v 1.04227 1.20113 0.02500
v 1.03013 1.20113 0.02500
v 1.04227 1.20007 0.04500
v 1.04227 1.20007 0.02500
v 1.04227 1.18793 0.04500
v 1.04227 1.18793 0.02500
v 1.03013 1.20007 0.02500
v 1.03013 1.20007 0.04500
v 1.03013 1.18793 0.02500
v 1.03013 1.18793 0.04500
v 1.03013 1.20007 0.02500
v 1.04227 1.20007 0.02500
v 1.03013 1.20007 0.04500
v 1.04227 1.20007 0.04500
v 1.03013 1.18793 0.04500
v 1.04227 1.18793 0.04500
v 1.03013 1.18793 0.02500
v 1.04227 1.18793 0.02500
v 1.03013 1.20007 0.04500
v 1.04227 1.20007 0.04500
v 1.03013 1.18793 0.04500
v 1.04227 1.18793 0.04500
v 1.04227 1.20007 0.02500
v 1.03013 1.20007 0.02500
v 1.04227 1.18793 0.02500
v 1.03013 1.18793 0.02500
v 1.04227 1.18687 0.04500
v 1.04227 1.18687 0.02500
v 1.04227 1.17473 0.04500
v 1.04227 1.17473 0.02500
v 1.03013 1.18687 0.02500
v 1.03013 1.18687 0.04500
v 1.03013 1.17473 0.02500
v 1.03013 1.17473 0.04500
v 1.03013 1.18687 0.02500
v 1.04227 1.18687 0.02500
v 1.03013 1.18687 0.04500
v 1.04227 1.18687 0.04500
v 1.03013 1.17473 0.04500
v 1.04227 1.17473 0.04500
v 1.03013 1.17473 0.02500
v 1.04227 1.17473 0.02500
v 1.03013 1.18687 0.04500
v 1.04227 1.18687 0.04500
v 1.03013 1.17473 0.04500
v 1.04227 1.17473 0.04500
v 1.04227 1.18687 0.02500
v 1.03013 1.18687 0.02500
v 1.04227 1.17473 0.02500
v 1.03013 1.17473 0.02500
v 1.04227 1.17367 0.04500
v 1.04227 1.17367 0.02500
v 1.04227 1.16153 0.04500
v 1.04227 1.16153 0.02500
v 1.03013 1.17367 0.02500
v 1.03013 1.17367 0.04500
v 1.03013 1.16153 0.02500
v 1.03013 1.16153 0.04500
v 1.03013 1.17367 0.02500
v 1.04227 1.17367 0.02500
v 1.03013 1.17367 0.04500
v 1.04227 1.17367 0.04500
v 1.03013 1.16153 0.04500
v 1.04227 1.16153 0.04500
v 1.03013 1.16153 0.02500
v 1.04227 1.16153 0.02500
v 1.03013 1.17367 0.04500
v 1.04227 1.17367 0.04500
v 1.03013 1.16153 0.04500
v 1.04227 1.16153 0.04500
v 1.04227 1.17367 0.02500
v 1.03013 1.17367 0.02500
v 1.04227 1.16153 0.02500
v 1.03013 1.16153 0.02500
v 1.04227 1.16047 0.04500
v 1.04227 1.16047 0.02500
v 1.04227 1.14833 0.04500
v 1.04227 1.14833 0.02500
v 1.03013 1.16047 0.02500
v 1.03013 1.16047 0.04500
v 1.03013 1.14833 0.02500
v 1.03013 1.14833 0.04500
v 1.03013 1.16047 0.02500
v 1.04227 1.16047 0.02500
v 1.03013 1.16047 0.04500
v 1.04227 1.16047 0.04500
v 1.03013 1.14833 0.04500
v 1.04227 1.14833 0.04500
v 1.03013 1.14833 0.02500
v 1.04227 1.14833 0.02500
v 1.03013 1.16047 0.04500
v 1.04227 1.16047 0.04500
v 1.03013 1.14833 0.04500
v 1.04227 1.14833 0.04500
v 1.04227 1.16047 0.02500
v 1.03013 1.16047 0.02500
v 1.04227 1.14833 0.02500
v 1.03013 1.14833 0.02500
v 1.05547 1.16047 0.04500
v 1.05547 1.16047 0.02500
v 1.05547 1.14833 0.04500
v 1.05547 1.14833 0.02500
v 1.04333 1.16047 0.02500
v 1.04333 1.16047 0.04500
v 1.04333 1.14833 0.02500
v 1.04333 1.14833 0.04500
v 1.04333 1.16047 0.02500
v 1.05547 1.16047 0.02500
v 1.04333 1.16047 0.04500
v 1.05547 1.16047 0.04500
v 1.04333 1.14833 0.04500
v 1.05547 1.14833 0.04500
v 1.04333 1.14833 0.02500
v 1.05547 1.14833 0.02500
v 1.04333 1.16047 0.04500
v 1.05547 1.16047 0.04500
v 1.04333 1.14833 0.04500
v 1.05547 1.14833 0.04500
v 1.05547 1.16047 0.02500
v 1.04333 1.16047 0.02500
v 1.05547 1.14833 0.02500
v 1.04333 1.14833 0.02500
v 1.06867 1.16047 0.04500
v 1.06867 1.16047 0.02500
v 1.06867 1.14833 0.04500
v 1.06867 1.14833 0.02500
v 1.05653 1.16047 0.02500
v 1.05653 1.16047 0.04500
v 1.05653 1.14833 0.02500
v 1.05653 1.14833 0.04500
v 1.05653 1.16047 0.02500
v 1.06867 1.16047 0.02500
v 1.05653 1.16047 0.04500
v 1.06867 1.16047 0.04500
v 1.05653 1.14833 0.04500
v 1.06867 1.14833 0.04500
v 1.05653 1.14833 0.02500
v 1.06867 1.14833 0.02500
v 1.05653 1.16047 0.04500
v 1.06867 1.16047 0.04500
v 1.05653 1.14833 0.04500
v 1.06867 1.14833 0.04500
v 1.06867 1.16047 0.02500
v 1.05653 1.16047 0.02500
v 1.06867 1.14833 0.02500
v 1.05653 1.14833 0.02500
v 1.08187 1.16047 0.04500
v 1.08187 1.16047 0.02500
v 1.08187 1.14833 0.04500
v 1.08187 1.14833 0.02500
v 1.06973 1.16047 0.02500
v 1.06973 1.16047 0.04500
v 1.06973 1.14833 0.02500
v 1.06973 1.14833 0.04500
v 1.06973 1.16047 0.02500
v 1.08187 1.16047 0.02500
v 1.06973 1.16047 0.04500
v 1.08187 1.16047 0.04500
v 1.06973 1.14833 0.04500
v 1.08187 1.14833 0.04500
v 1.06973 1.14833 0.02500
v 1.08187 1.14833 0.02500
v 1.06973 1.16047 0.04500
v 1.08187 1.16047 0.04500
v 1.06973 1.14833 0.04500
v 1.08187 1.14833 0.04500
v 1.08187 1.16047 0.02500
v 1.06973 1.16047 0.02500
v 1.08187 1.14833 0.02500
v 1.06973 1.14833 0.02500
v 1.09507 1.16047 0.04500
v 1.09507 1.16047 0.02500
v 1.09507 1.14833 0.04500
v 1.09507 1.14833 0.02500
v 1.08293 1.16047 0.02500
v 1.08293 1.16047 0.04500
v 1.08293 1.14833 0.02500
v 1.08293 1.14833 0.04500
v 1.08293 1.16047 0.02500
v 1.09507 1.16047 0.02500
v 1.08293 1.16047 0.04500
v 1.09507 1.16047 0.04500
v 1.08293 1.14833 0.04500
v 1.09507 1.14833 0.04500
v 1.08293 1.14833 0.02500
v 1.09507 1.14833 0.02500
v 1.08293 1.16047 0.04500
v 1.09507 1.16047 0.04500
v 1.08293 1.14833 0.04500
v 1.09507 1.14833 0.04500
v 1.09507 1.16047 0.02500
v 1.08293 1.16047 0.02500
v 1.09507 1.14833 0.02500
v 1.08293 1.14833 0.02500
f 15865 15867 15866
f 15867 15868 15866
f 15869 15871 15870
f 15871 15872 15870
f 15873 15875 15874
f 15875 15876 15874
f 15877 15879 15878
f 15879 15880 15878
f 15881 15883 15882
f 15883 15884 15882
f 15885 15887 15886
f 15887 15888 15886
f 15889 15891 15890
f 15891 15892 15890
f 15893 15895 15894
f 15895 15896 15894
f 15897 15899 15898
f 15899 15900 15898
f 15901 15903 15902
f 15903 15904 15902
f 15905 15907 15906
f 15907 15908 15906
f 15909 15911 15910
f 15911 15912 15910
f 15913 15915 15914
f 15915 15916 15914
f 15917 15919 15918
f 15919 15920 15918
f 15921 15923 15922
f 15923 15924 15922
f 15925 15927 15926
f 15927 15928 15926
f 15929 15931 15930
f 15931 15932 15930
f 15933 15935 15934
f 15935 15936 15934
f 15937 15939 15938
f 15939 15940 15938
f 15941 15943 15942
f 15943 15944 15942
f 15945 15947 15946
f 15947 15948 15946
f 15949 15951 15950
f 15951 15952 15950
f 15953 15955 15954
f 15955 15956 15954
f 15957 15959 15958
f 15959 15960 15958
f 15961 15963 15962
f 15963 15964 15962
f 15965 15967 15966
f 15967 15968 15966
f 15969 15971 15970
f 15971 15972 15970
f 15973 15975 15974
f 15975 15976 15974
f 15977 15979 15978
f 15979 15980 15978
f 15981 15983 15982
f 15983 15984 15982
f 15985 15987 15986
f 15987 15988 15986
f 15989 15991 15990
f 15991 15992 15990
f 15993 15995 15994
f 15995 15996 15994
f 15997 15999 15998
f 15999 16000 15998
f 16001 16003 16002
f 16003 16004 16002
f 16005 16007 16006
f 16007 16008 16006
f 16009 16011 16010
f 16011 16012 16010
f 16013 16015 16014
f 16015 16016 16014
f 16017 16019 16018
f 16019 16020 16018
f 16021 16023 16022
f 16023 16024 16022
f 16025 16027 16026
f 16027 16028 16026
f 16029 16031 16030
f 16031 16032 16030
f 16033 16035 16034
f 16035 16036 16034
f 16037 16039 16038
f 16039 16040 16038
f 16041 16043 16042
f 16043 16044 16042
f 16045 16047 16046
f 16047 16048 16046
f 16049 16051 16050
f 16051 16052 16050
f 16053 16055 16054
f 16055 16056 16054
f 16057 16059 16058
f 16059 16060 16058
f 16061 16063 16062
f 16063 16064 16062
f 16065 16067 16066
f 16067 16068 16066
f 16069 16071 16070
f 16071 16072 16070
f 16073 16075 16074
f 16075 16076 16074
f 16077 16079 16078
f 16079 16080 16078
f 16081 16083 16082
f 16083 16084 16082
f 16085 16087 16086
f 16087 16088 16086
f 16089 16091 16090
f 16091 16092 16090
f 16093 16095 16094
f 16095 16096 16094
f 16097 16099 16098
f 16099 16100 16098
f 16101 16103 16102
f 16103 16104 16102
f 16105 16107 16106
f 16107 16108 16106
f 16109 16111 16110
f 16111 16112 16110
f 16113 16115 16114
f 16115 16116 16114
f 16117 16119 16118
f 16119 16120 16118
f 16121 16123 16122
f 16123 16124 16122
f 16125 16127 16126
f 16127 16128 16126
f 16129 16131 16130
f 16131 16132 16130
f 16133 16135 16134
f 16135 16136 16134
f 16137 16139 16138
f 16139 16140 16138
f 16141 16143 16142
f 16143 16144 16142
f 16145 16147 16146
f 16147 16148 16146
f 16149 16151 16150
f 16151 16152 16150
f 16153 16155 16154
f 16155 16156 16154
f 16157 16159 16158
f 16159 16160 16158
f 16161 16163 16162
f 16163 16164 16162
f 16165 16167 16166
f 16167 16168 16166
f 16169 16171 16170
f 16171 16172 16170
f 16173 16175 16174
f 16175 16176 16174
f 16177 16179 16178
f 16179 16180 16178
f 16181 16183 16182
f 16183 16184 16182
f 16185 16187 16186
f 16187 16188 16186
f 16189 16191 16190
f 16191 16192 16190
f 16193 16195 16194
f 16195 16196 16194
f 16197 16199 16198
f 16199 16200 16198
f 16201 16203 16202
f 16203 16204 16202
f 16205 16207 16206
f 16207 16208 16206
f 16209 16211 16210
f 16211 16212 16210
f 16213 16215 16214
f 16215 16216 16214
f 16217 16219 16218
f 16219 16220 16218
f 16221 16223 16222
f 16223 16224 16222
f 16225 16227 16226
f 16227 16228 16226
f 16229 16231 16230
f 16231 16232 16230
f 16233 16235 16234
f 16235 16236 16234
f 16237 16239 16238
f 16239 16240 16238
f 16241 16243 16242
f 16243 16244 16242
f 16245 16247 16246
f 16247 16248 16246
f 16249 16251 16250
f 16251 16252 16250
f 16253 16255 16254
f 16255 16256 16254
f 16257 16259 16258
f 16259 16260 16258
f 16261 16263 16262
f 16263 16264 16262
f 16265 16267 16266
f 16267 16268 16266
f 16269 16271 16270
f 16271 16272 16270
f 16273 16275 16274
f 16275 16276 16274
f 16277 16279 16278
f 16279 16280 16278
f 16281 16283 16282
f 16283 16284 16282
f 16285 16287 16286
f 16287 16288 16286
f 16289 16291 16290
f 16291 16292 16290
f 16293 16295 16294
f 16295 16296 16294
f 16297 16299 16298
f 16299 16300 16298
f 16301 16303 16302
f 16303 16304 16302
f 16305 16307 16306
f 16307 16308 16306
f 16309 16311 16310
f 16311 16312 16310
f 16313 16315 16314
f 16315 16316 16314
f 16317 16319 16318
f 16319 16320 16318
f 16321 16323 16322
f 16323 16324 16322
f 16325 16327 16326
f 16327 16328 16326
f 16329 16331 16330
f 16331 16332 16330
f 16333 16335 16334
f 16335 16336 16334
f 16337 16339 16338
f 16339 16340 16338
f 16341 16343 16342
f 16343 16344 16342
f 16345 16347 16346
f 16347 16348 16346
f 16349 16351 16350
f 16351 16352 16350
f 16353 16355 16354
f 16355 16356 16354
f 16357 16359 16358
f 16359 16360 16358
f 16361 16363 16362
f 16363 16364 16362
f 16365 16367 16366
f 16367 16368 16366
f 16369 16371 16370
f 16371 16372 16370
f 16373 16375 16374
f 16375 16376 16374
f 16377 16379 16378
f 16379 16380 16378
f 16381 16383 16382
f 16383 16384 16382
f 16385 16387 16386
f 16387 16388 16386
f 16389 16391 16390
f 16391 16392 16390
f 16393 16395 16394
f 16395 16396 16394
f 16397 16399 16398
f 16399 16400 16398
f 16401 16403 16402
f 16403 16404 16402
f 16405 16407 16406
f 16407 16408 16406
f 16409 16411 16410
f 16411 16412 16410
f 16413 16415 16414
f 16415 16416 16414
f 16417 16419 16418
f 16419 16420 16418
f 16421 16423 16422
f 16423 16424 16422
f 16425 16427 16426
f 16427 16428 16426
f 16429 16431 16430
f 16431 16432 16430
f 16433 16435 16434
f 16435 16436 16434
f 16437 16439 16438
f 16439 16440 16438
f 16441 16443 16442
f 16443 16444 16442
f 16445 16447 16446
f 16447 16448 16446
f 16449 16451 16450
f 16451 16452 16450
f 16453 16455 16454
f 16455 16456 16454
f 16457 16459 16458
f 16459 16460 16458
f 16461 16463 16462
f 16463 16464 16462
f 16465 16467 16466
f 16467 16468 16466
f 16469 16471 16470
f 16471 16472 16470
f 16473 16475 16474
f 16475 16476 16474
f 16477 16479 16478
f 16479 16480 16478
f 16481 16483 16482
f 16483 16484 16482
f 16485 16487 16486
f 16487 16488 16486
f 16489 16491 16490
f 16491 16492 16490
f 16493 16495 16494
f 16495 16496 16494
f 16497 16499 16498
f 16499 16500 16498
f 16501 16503 16502
f 16503 16504 16502
f 16505 16507 16506
f 16507 16508 16506
f 16509 16511 16510
f 16511 16512 16510
f 16513 16515 16514
f 16515 16516 16514
f 16517 16519 16518
f 16519 16520 16518
f 16521 16523 16522
f 16523 16524 16522
f 16525 16527 16526
f 16527 16528 16526
f 16529 16531 16530
f 16531 16532 16530
f 16533 16535 16534
f 16535 16536 16534
f 16537 16539 16538
f 16539 16540 16538
f 16541 16543 16542
f 16543 16544 16542
f 16545 16547 16546
f 16547 16548 16546
f 16549 16551 16550
f 16551 16552 16550
f 16553 16555 16554
f 16555 16556 16554
f 16557 16559 16558
f 16559 16560 16558
f 16561 16563 16562
f 16563 16564 16562
f 16565 16567 16566
f 16567 16568 16566
f 16569 16571 16570
f 16571 16572 16570
f 16573 16575 16574
f 16575 16576 16574
f 16577 16579 16578
f 16579 16580 16578
f 16581 16583 16582
f 16583 16584 16582
f 16585 16587 16586
f 16587 16588 16586
f 16589 16591 16590
f 16591 16592 16590
f 16593 16595 16594
f 16595 16596 16594
f 16597 16599 16598
f 16599 16600 16598
f 16601 16603 16602
f 16603 16604 16602
f 16605 16607 16606
f 16607 16608 16606
f 16609 16611 16610
f 16611 16612 16610
f 16613 16615 16614
f 16615 16616 16614
f 16617 16619 16618
f 16619 16620 16618
f 16621 16623 16622
f 16623 16624 16622
f 16625 16627 16626
f 16627 16628 16626
f 16629 16631 16630
f 16631 16632 16630
f 16633 16635 16634
f 16635 16636 16634
f 16637 16639 16638
f 16639 16640 16638
f 16641 16643 16642
f 16643 16644 16642
f 16645 16647 16646
f 16647 16648 16646
f 16649 16651 16650
f 16651 16652 16650
f 16653 16655 16654
f 16655 16656 16654
f 16657 16659 16658
f 16659 16660 16658
f 16661 16663 16662
f 16663 16664 16662
f 16665 16667 16666
f 16667 16668 16666
f 16669 16671 16670
f 16671 16672 16670
f 16673 16675 16674
f 16675 16676 16674
f 16677 16679 16678
f 16679 16680 16678
f 16681 16683 16682
f 16683 16684 16682
f 16685 16687 16686
f 16687 16688 16686
f 16689 16691 16690
f 16691 16692 16690
f 16693 16695 16694
f 16695 16696 16694
f 16697 16699 16698
f 16699 16700 16698
f 16701 16703 16702
f 16703 16704 16702
f 16705 16707 16706
f 16707 16708 16706
f 16709 16711 16710
f 16711 16712 16710
f 16713 16715 16714
f 16715 16716 16714
f 16717 16719 16718
f 16719 16720 16718
f 16721 16723 16722
f 16723 16724 16722
f 16725 16727 16726
f 16727 16728 16726
f 16729 16731 16730
f 16731 16732 16730
f 16733 16735 16734
f 16735 16736 16734
f 16737 16739 16738
f 16739 16740 16738
f 16741 16743 16742
f 16743 16744 16742
f 16745 16747 16746
f 16747 16748 16746
f 16749 16751 16750
f 16751 16752 16750
f 16753 16755 16754
f 16755 16756 16754
f 16757 16759 16758
f 16759 16760 16758
f 16761 16763 16762
f 16763 16764 16762
f 16765 16767 16766
f 16767 16768 16766
f 16769 16771 16770
f 16771 16772 16770
f 16773 16775 16774
f 16775 16776 16774
f 16777 16779 16778
f 16779 16780 16778
f 16781 16783 16782
f 16783 16784 16782
f 16785 16787 16786
f 16787 16788 16786
f 16789 16791 16790
f 16791 16792 16790
f 16793 16795 16794
f 16795 16796 16794
f 16797 16799 16798
f 16799 16800 16798
f 16801 16803 16802
f 16803 16804 16802
f 16805 16807 16806
f 16807 16808 16806
f 16809 16811 16810
f 16811 16812 16810
f 16813 16815 16814
f 16815 16816 16814
f 16817 16819 16818
f 16819 16820 16818
f 16821 16823 16822
f 16823 16824 16822
f 16825 16827 16826
f 16827 16828 16826
f 16829 16831 16830
f 16831 16832 16830
f 16833 16835 16834
f 16835 16836 16834
f 16837 16839 16838
f 16839 16840 16838
f 16841 16843 16842
f 16843 16844 16842
f 16845 16847 16846
f 16847 16848 16846
f 16849 16851 16850
f 16851 16852 16850
f 16853 16855 16854
f 16855 16856 16854
f 16857 16859 16858
f 16859 16860 16858
f 16861 16863 16862
f 16863 16864 16862
f 16865 16867 16866
f 16867 16868 16866
f 16869 16871 16870
f 16871 16872 16870
f 16873 16875 16874
f 16875 16876 16874
f 16877 16879 16878
f 16879 16880 16878
f 16881 16883 16882
f 16883 16884 16882
f 16885 16887 16886
f 16887 16888 16886
f 16889 16891 16890
f 16891 16892 16890
f 16893 16895 16894
f 16895 16896 16894
f 16897 16899 16898
f 16899 16900 16898
f 16901 16903 16902
f 16903 16904 16902
f 16905 16907 16906
f 16907 16908 16906
f 16909 16911 16910
f 16911 16912 16910
f 16913 16915 16914
f 16915 16916 16914
f 16917 16919 16918
f 16919 16920 16918
f 16921 16923 16922
f 16923 16924 16922
f 16925 16927 16926
f 16927 16928 16926
f 16929 16931 16930
f 16931 16932 16930
f 16933 16935 16934
f 16935 16936 16934
f 16937 16939 16938
f 16939 16940 16938
f 16941 16943 16942
f 16943 16944 16942
f 16945 16947 16946
f 16947 16948 16946
f 16949 16951 16950
f 16951 16952 16950
f 16953 16955 16954
f 16955 16956 16954
f 16957 16959 16958
f 16959 16960 16958
f 16961 16963 16962
f 16963 16964 16962
f 16965 16967 16966
f 16967 16968 16966
f 16969 16971 16970
f 16971 16972 16970
f 16973 16975 16974
f 16975 16976 16974
f 16977 16979 16978
f 16979 16980 16978
f 16981 16983 16982
f 16983 16984 16982
f 16985 16987 16986
f 16987 16988 16986
f 16989 16991 16990
f 16991 16992 16990
f 16993 16995 16994
f 16995 16996 16994
f 16997 16999 16998
f 16999 17000 16998
f 17001 17003 17002
f 17003 17004 17002
f 17005 17007 17006
f 17007 17008 17006
f 17009 17011 17010
f 17011 17012 17010
f 17013 17015 17014
f 17015 17016 17014
f 17017 17019 17018
f 17019 17020 17018
f 17021 17023 17022
f 17023 17024 17022
f 17025 17027 17026
f 17027 17028 17026
f 17029 17031 17030
f 17031 17032 17030
f 17033 17035 17034
f 17035 17036 17034
f 17037 17039 17038
f 17039 17040 17038
f 17041 17043 17042
f 17043 17044 17042
f 17045 17047 17046
f 17047 17048 17046
f 17049 17051 17050
f 17051 17052 17050
f 17053 17055 17054
f 17055 17056 17054
f 17057 17059 17058
f 17059 17060 17058
f 17061 17063 17062
f 17063 17064 17062
f 17065 17067 17066
f 17067 17068 17066
f 17069 17071 17070
f 17071 17072 17070
f 17073 17075 17074
f 17075 17076 17074
f 17077 17079 17078
f 17079 17080 17078
f 17081 17083 17082
f 17083 17084 17082
f 17085 17087 17086
f 17087 17088 17086
f 17089 17091 17090
f 17091 17092 17090
f 17093 17095 17094
f 17095 17096 17094
f 17097 17099 17098
f 17099 17100 17098
f 17101 17103 17102
f 17103 17104 17102
f 17105 17107 17106
f 17107 17108 17106
f 17109 17111 17110
f 17111 17112 17110
f 17113 17115 17114
f 17115 17116 17114
f 17117 17119 17118
f 17119 17120 17118
f 17121 17123 17122
f 17123 17124 17122
f 17125 17127 17126
f 17127 17128 17126
f 17129 17131 17130
f 17131 17132 17130
f 17133 17135 17134
f 17135 17136 17134
f 17137 17139 17138
f 17139 17140 17138
f 17141 17143 17142
f 17143 17144 17142
f 17145 17147 17146
f 17147 17148 17146
f 17149 17151 17150
f 17151 17152 17150
f 17153 17155 17154
f 17155 17156 17154
f 17157 17159 17158
f 17159 17160 17158
f 17161 17163 17162
f 17163 17164 17162
f 17165 17167 17166
f 17167 17168 17166
f 17169 17171 17170
f 17171 17172 17170
f 17173 17175 17174
f 17175 17176 17174
f 17177 17179 17178
f 17179 17180 17178
f 17181 17183 17182
f 17183 17184 17182
f 17185 17187 17186
f 17187 17188 17186
f 17189 17191 17190
f 17191 17192 17190
f 17193 17195 17194
f 17195 17196 17194
f 17197 17199 17198
f 17199 17200 17198
f 17201 17203 17202
f 17203 17204 17202
f 17205 17207 17206
f 17207 17208 17206
f 17209 17211 17210
f 17211 17212 17210
f 17213 17215 17214
f 17215 17216 17214
f 17217 17219 17218
f 17219 17220 17218
f 17221 17223 17222
f 17223 17224 17222
f 17225 17227 17226
f 17227 17228 17226
f 17229 17231 17230
f 17231 17232 17230
f 17233 17235 17234
f 17235 17236 17234
f 17237 17239 17238
f 17239 17240 17238
f 17241 17243 17242
f 17243 17244 17242
f 17245 17247 17246
f 17247 17248 17246
f 17249 17251 17250
f 17251 17252 17250
f 17253 17255 17254
f 17255 17256 17254
f 17257 17259 17258
f 17259 17260 17258
f 17261 17263 17262
f 17263 17264 17262
f 17265 17267 17266
f 17267 17268 17266
f 17269 17271 17270
f 17271 17272 17270
f 17273 17275 17274
f 17275 17276 17274
f 17277 17279 17278
f 17279 17280 17278
f 17281 17283 17282
f 17283 17284 17282
f 17285 17287 17286
f 17287 17288 17286
f 17289 17291 17290
f 17291 17292 17290
f 17293 17295 17294
f 17295 17296 17294
f 17297 17299 17298
f 17299 17300 17298
f 17301 17303 17302
f 17303 17304 17302
f 17305 17307 17306
f 17307 17308 17306
f 17309 17311 17310
f 17311 17312 17310
f 17313 17315 17314
f 17315 17316 17314
f 17317 17319 17318
f 17319 17320 17318
f 17321 17323 17322
f 17323 17324 17322
f 17325 17327 17326
f 17327 17328 17326
f 17329 17331 17330
f 17331 17332 17330
f 17333 17335 17334
f 17335 17336 17334
f 17337 17339 17338
f 17339 17340 17338
f 17341 17343 17342
f 17343 17344 17342
f 17345 17347 17346
f 17347 17348 17346
f 17349 17351 17350
f 17351 17352 17350
f 17353 17355 17354
f 17355 17356 17354
f 17357 17359 17358
f 17359 17360 17358
f 17361 17363 17362
f 17363 17364 17362
f 17365 17367 17366
f 17367 17368 17366
f 17369 17371 17370
f 17371 17372 17370
f 17373 17375 17374
f 17375 17376 17374
f 17377 17379 17378
f 17379 17380 17378
f 17381 17383 17382
f 17383 17384 17382
f 17385 17387 17386
f 17387 17388 17386
f 17389 17391 17390
f 17391 17392 17390
f 17393 17395 17394
f 17395 17396 17394
f 17397 17399 17398
f 17399 17400 17398
f 17401 17403 17402
f 17403 17404 17402
f 17405 17407 17406
f 17407 17408 17406
f 17409 17411 17410
f 17411 17412 17410
f 17413 17415 17414
f 17415 17416 17414
f 17417 17419 17418
f 17419 17420 17418
f 17421 17423 17422
f 17423 17424 17422
f 17425 17427 17426
f 17427 17428 17426
f 17429 17431 17430
f 17431 17432 17430
f 17433 17435 17434
f 17435 17436 17434
f 17437 17439 17438
f 17439 17440 17438
f 17441 17443 17442
f 17443 17444 17442
f 17445 17447 17446
f 17447 17448 17446
f 17449 17451 17450
f 17451 17452 17450
f 17453 17455 17454
f 17455 17456 17454
f 17457 17459 17458
f 17459 17460 17458
f 17461 17463 17462
f 17463 17464 17462
f 17465 17467 17466
f 17467 17468 17466
f 17469 17471 17470
f 17471 17472 17470
f 17473 17475 17474
f 17475 17476 17474
f 17477 17479 17478
f 17479 17480 17478
f 17481 17483 17482
f 17483 17484 17482
f 17485 17487 17486
f 17487 17488 17486
f 17489 17491 17490
f 17491 17492 17490
f 17493 17495 17494
f 17495 17496 17494
f 17497 17499 17498
f 17499 17500 17498
f 17501 17503 17502
f 17503 17504 17502
f 17505 17507 17506
f 17507 17508 17506
f 17509 17511 17510
f 17511 17512 17510
f 17513 17515 17514
f 17515 17516 17514
f 17517 17519 17518
f 17519 17520 17518
f 17521 17523 17522
f 17523 17524 17522
f 17525 17527 17526
f 17527 17528 17526
f 17529 17531 17530
f 17531 17532 17530
f 17533 17535 17534
f 17535 17536 17534
f 17537 17539 17538
f 17539 17540 17538
f 17541 17543 17542
f 17543 17544 17542
f 17545 17547 17546
f 17547 17548 17546
f 17549 17551 17550
f 17551 17552 17550
f 17553 17555 17554
f 17555 17556 17554
f 17557 17559 17558
f 17559 17560 17558
f 17561 17563 17562
f 17563 17564 17562
f 17565 17567 17566
f 17567 17568 17566
f 17569 17571 17570
f 17571 17572 17570
f 17573 17575 17574
f 17575 17576 17574
f 17577 17579 17578
f 17579 17580 17578
f 17581 17583 17582
f 17583 17584 17582
f 17585 17587 17586
f 17587 17588 17586
f 17589 17591 17590
f 17591 17592 17590
f 17593 17595 17594
f 17595 17596 17594
f 17597 17599 17598
f 17599 17600 17598
f 17601 17603 17602
f 17603 17604 17602
f 17605 17607 17606
f 17607 17608 17606
f 17609 17611 17610
f 17611 17612 17610
f 17613 17615 17614
f 17615 17616 17614
f 17617 17619 17618
f 17619 17620 17618
f 17621 17623 17622
f 17623 17624 17622
f 17625 17627 17626
f 17627 17628 17626
f 17629 17631 17630
f 17631 17632 17630
f 17633 17635 17634
f 17635 17636 17634
f 17637 17639 17638
f 17639 17640 17638
f 17641 17643 17642
f 17643 17644 17642
f 17645 17647 17646
f 17647 17648 17646
f 17649 17651 17650
f 17651 17652 17650
f 17653 17655 17654
f 17655 17656 17654
f 17657 17659 17658
f 17659 17660 17658
f 17661 17663 17662
f 17663 17664 17662
f 17665 17667 17666
f 17667 17668 17666
f 17669 17671 17670
f 17671 17672 17670
f 17673 17675 17674
f 17675 17676 17674
f 17677 17679 17678
f 17679 17680 17678
f 17681 17683 17682
f 17683 17684 17682
f 17685 17687 17686
f 17687 17688 17686
f 17689 17691 17690
f 17691 17692 17690
f 17693 17695 17694
f 17695 17696 17694
f 17697 17699 17698
f 17699 17700 17698
f 17701 17703 17702
f 17703 17704 17702
f 17705 17707 17706
f 17707 17708 17706
f 17709 17711 17710
f 17711 17712 17710
f 17713 17715 17714
f 17715 17716 17714
f 17717 17719 17718
f 17719 17720 17718
f 17721 17723 17722
f 17723 17724 17722
f 17725 17727 17726
f 17727 17728 17726
f 17729 17731 17730
f 17731 17732 17730
f 17733 17735 17734
f 17735 17736 17734
f 17737 17739 17738
f 17739 17740 17738
f 17741 17743 17742
f 17743 17744 17742
f 17745 17747 17746
f 17747 17748 17746
f 17749 17751 17750
f 17751 17752 17750
f 17753 17755 17754
f 17755 17756 17754
f 17757 17759 17758
f 17759 17760 17758
f 17761 17763 17762
f 17763 17764 17762
f 17765 17767 17766
f 17767 17768 17766
f 17769 17771 17770
f 17771 17772 17770
f 17773 17775 17774
f 17775 17776 17774
f 17777 17779 17778
f 17779 17780 17778
f 17781 17783 17782
f 17783 17784 17782
f 17785 17787 17786
f 17787 17788 17786
f 17789 17791 17790
f 17791 17792 17790
f 17793 17795 17794
f 17795 17796 17794
f 17797 17799 17798
f 17799 17800 17798
f 17801 17803 17802
f 17803 17804 17802
f 17805 17807 17806
f 17807 17808 17806
f 17809 17811 17810
f 17811 17812 17810
f 17813 17815 17814
f 17815 17816 17814
f 17817 17819 17818
f 17819 17820 17818
f 17821 17823 17822
f 17823 17824 17822
f 17825 17827 17826
f 17827 17828 17826
f 17829 17831 17830
f 17831 17832 17830
f 17833 17835 17834
f 17835 17836 17834
f 17837 17839 17838
f 17839 17840 17838
f 17841 17843 17842
f 17843 17844 17842
f 17845 17847 17846
f 17847 17848 17846
f 17849 17851 17850
f 17851 17852 17850
f 17853 17855 17854
f 17855 17856 17854
f 17857 17859 17858
f 17859 17860 17858
f 17861 17863 17862
f 17863 17864 17862
f 17865 17867 17866
f 17867 17868 17866
f 17869 17871 17870
f 17871 17872 17870
f 17873 17875 17874
f 17875 17876 17874
f 17877 17879 17878
f 17879 17880 17878
f 17881 17883 17882
f 17883 17884 17882
f 17885 17887 17886
f 17887 17888 17886
f 17889 17891 17890
f 17891 17892 17890
f 17893 17895 17894
f 17895 17896 17894
f 17897 17899 17898
f 17899 17900 17898
f 17901 17903 17902
f 17903 17904 17902
f 17905 17907 17906
f 17907 17908 17906
f 17909 17911 17910
f 17911 17912 17910
f 17913 17915 17914
f 17915 17916 17914
f 17917 17919 17918
f 17919 17920 17918
f 17921 17923 17922
f 17923 17924 17922
f 17925 17927 17926
f 17927 17928 17926
f 17929 17931 17930
f 17931 17932 17930
f 17933 17935 17934
f 17935 17936 17934
f 17937 17939 17938
f 17939 17940 17938
f 17941 17943 17942
f 17943 17944 17942
f 17945 17947 17946
f 17947 17948 17946
f 17949 17951 17950
f 17951 17952 17950
f 17953 17955 17954
f 17955 17956 17954
f 17957 17959 17958
f 17959 17960 17958
f 17961 17963 17962
f 17963 17964 17962
f 17965 17967 17966
f 17967 17968 17966
f 17969 17971 17970
f 17971 17972 17970
f 17973 17975 17974
f 17975 17976 17974
f 17977 17979 17978
f 17979 17980 17978
f 17981 17983 17982
f 17983 17984 17982
f 17985 17987 17986
f 17987 17988 17986
f 17989 17991 17990
f 17991 17992 17990
f 17993 17995 17994
f 17995 17996 17994
f 17997 17999 17998
f 17999 18000 17998
f 18001 18003 18002
f 18003 18004 18002
f 18005 18007 18006
f 18007 18008 18006
f 18009 18011 18010
f 18011 18012 18010
f 18013 18015 18014
f 18015 18016 18014
f 18017 18019 18018
f 18019 18020 18018
f 18021 18023 18022
f 18023 18024 18022
f 18025 18027 18026
f 18027 18028 18026
f 18029 18031 18030
f 18031 18032 18030
f 18033 18035 18034
f 18035 18036 18034
f 18037 18039 18038
f 18039 18040 18038
f 18041 18043 18042
f 18043 18044 18042
f 18045 18047 18046
f 18047 18048 18046
f 18049 18051 18050
f 18051 18052 18050
f 18053 18055 18054
f 18055 18056 18054
f 18057 18059 18058
f 18059 18060 18058
f 18061 18063 18062
f 18063 18064 18062
f 18065 18067 18066
f 18067 18068 18066
f 18069 18071 18070
f 18071 18072 18070
f 18073 18075 18074
f 18075 18076 18074
f 18077 18079 18078
f 18079 18080 18078
f 18081 18083 18082
f 18083 18084 18082
f 18085 18087 18086
f 18087 18088 18086
f 18089 18091 18090
f 18091 18092 18090
f 18093 18095 18094
f 18095 18096 18094
f 18097 18099 18098
f 18099 18100 18098
f 18101 18103 18102
f 18103 18104 18102
f 18105 18107 18106
f 18107 18108 18106
f 18109 18111 18110
f 18111 18112 18110
f 18113 18115 18114
f 18115 18116 18114
f 18117 18119 18118
f 18119 18120 18118
f 18121 18123 18122
f 18123 18124 18122
f 18125 18127 18126
f 18127 18128 18126
f 18129 18131 18130
f 18131 18132 18130
f 18133 18135 18134
f 18135 18136 18134
f 18137 18139 18138
f 18139 18140 18138
f 18141 18143 18142
f 18143 18144 18142
f 18145 18147 18146
f 18147 18148 18146
f 18149 18151 18150
f 18151 18152 18150
f 18153 18155 18154
f 18155 18156 18154
f 18157 18159 18158
f 18159 18160 18158
f 18161 18163 18162
f 18163 18164 18162
f 18165 18167 18166
f 18167 18168 18166
f 18169 18171 18170
f 18171 18172 18170
f 18173 18175 18174
f 18175 18176 18174
f 18177 18179 18178
f 18179 18180 18178
f 18181 18183 18182
f 18183 18184 18182
f 18185 18187 18186
f 18187 18188 18186
f 18189 18191 18190
f 18191 18192 18190
f 18193 18195 18194
f 18195 18196 18194
f 18197 18199 18198
f 18199 18200 18198
f 18201 18203 18202
f 18203 18204 18202
f 18205 18207 18206
f 18207 18208 18206
f 18209 18211 18210
f 18211 18212 18210
f 18213 18215 18214
f 18215 18216 18214
f 18217 18219 18218
f 18219 18220 18218
f 18221 18223 18222
f 18223 18224 18222
f 18225 18227 18226
f 18227 18228 18226
f 18229 18231 18230
f 18231 18232 18230
f 18233 18235 18234
f 18235 18236 18234
f 18237 18239 18238
f 18239 18240 18238
f 18241 18243 18242
f 18243 18244 18242
f 18245 18247 18246
f 18247 18248 18246
f 18249 18251 18250
f 18251 18252 18250
f 18253 18255 18254
f 18255 18256 18254
f 18257 18259 18258
f 18259 18260 18258
f 18261 18263 18262
f 18263 18264 18262
f 18265 18267 18266
f 18267 18268 18266
f 18269 18271 18270
f 18271 18272 18270
f 18273 18275 18274
f 18275 18276 18274
f 18277 18279 18278
f 18279 18280 18278
f 18281 18283 18282
f 18283 18284 18282
f 18285 18287 18286
f 18287 18288 18286
f 18289 18291 18290
f 18291 18292 18290
f 18293 18295 18294
f 18295 18296 18294
f 18297 18299 18298
f 18299 18300 18298
f 18301 18303 18302
f 18303 18304 18302
f 18305 18307 18306
f 18307 18308 18306
f 18309 18311 18310
f 18311 18312 18310
f 18313 18315 18314
f 18315 18316 18314
f 18317 18319 18318
f 18319 18320 18318
f 18321 18323 18322
f 18323 18324 18322
f 18325 18327 18326
f 18327 18328 18326
f 18329 18331 18330
f 18331 18332 18330
f 18333 18335 18334
f 18335 18336 18334
f 18337 18339 18338
f 18339 18340 18338
f 18341 18343 18342
f 18343 18344 18342
f 18345 18347 18346
f 18347 18348 18346
f 18349 18351 18350
f 18351 18352 18350
f 18353 18355 18354
f 18355 18356 18354
f 18357 18359 18358
f 18359 18360 18358
f 18361 18363 18362
f 18363 18364 18362
f 18365 18367 18366
f 18367 18368 18366
f 18369 18371 18370
f 18371 18372 18370
f 18373 18375 18374
f 18375 18376 18374
f 18377 18379 18378
f 18379 18380 18378
f 18381 18383 18382
f 18383 18384 18382
f 18385 18387 18386
f 18387 18388 18386
f 18389 18391 18390
f 18391 18392 18390
f 18393 18395 18394
f 18395 18396 18394
f 18397 18399 18398
f 18399 18400 18398
f 18401 18403 18402
f 18403 18404 18402
f 18405 18407 18406
f 18407 18408 18406
f 18409 18411 18410
f 18411 18412 18410
f 18413 18415 18414
f 18415 18416 18414
f 18417 18419 18418
f 18419 18420 18418
f 18421 18423 18422
f 18423 18424 18422
f 18425 18427 18426
f 18427 18428 18426
f 18429 18431 18430
f 18431 18432 18430
f 18433 18435 18434
f 18435 18436 18434
f 18437 18439 18438
f 18439 18440 18438
f 18441 18443 18442
f 18443 18444 18442
f 18445 18447 18446
f 18447 18448 18446
f 18449 18451 18450
f 18451 18452 18450
f 18453 18455 18454
f 18455 18456 18454
f 18457 18459 18458
f 18459 18460 18458
f 18461 18463 18462
f 18463 18464 18462
f 18465 18467 18466
f 18467 18468 18466
f 18469 18471 18470
f 18471 18472 18470
f 18473 18475 18474
f 18475 18476 18474
f 18477 18479 18478
f 18479 18480 18478
f 18481 18483 18482
f 18483 18484 18482
f 18485 18487 18486
f 18487 18488 18486
f 18489 18491 18490
f 18491 18492 18490
f 18493 18495 18494
f 18495 18496 18494
f 18497 18499 18498
f 18499 18500 18498
f 18501 18503 18502
f 18503 18504 18502
f 18505 18507 18506
f 18507 18508 18506
f 18509 18511 18510
f 18511 18512 18510
f 18513 18515 18514
f 18515 18516 18514
f 18517 18519 18518
f 18519 18520 18518
f 18521 18523 18522
f 18523 18524 18522
f 18525 18527 18526
f 18527 18528 18526
f 18529 18531 18530
f 18531 18532 18530
f 18533 18535 18534
f 18535 18536 18534
f 18537 18539 18538
f 18539 18540 18538
f 18541 18543 18542
f 18543 18544 18542
f 18545 18547 18546
f 18547 18548 18546
f 18549 18551 18550
f 18551 18552 18550
f 18553 18555 18554
f 18555 18556 18554
f 18557 18559 18558
f 18559 18560 18558
f 18561 18563 18562
f 18563 18564 18562
f 18565 18567 18566
f 18567 18568 18566
f 18569 18571 18570
f 18571 18572 18570
f 18573 18575 18574
f 18575 18576 18574
f 18577 18579 18578
f 18579 18580 18578
f 18581 18583 18582
f 18583 18584 18582
f 18585 18587 18586
f 18587 18588 18586
f 18589 18591 18590
f 18591 18592 18590
f 18593 18595 18594
f 18595 18596 18594
f 18597 18599 18598
f 18599 18600 18598
f 18601 18603 18602
f 18603 18604 18602
f 18605 18607 18606
f 18607 18608 18606
f 18609 18611 18610
f 18611 18612 18610
f 18613 18615 18614
f 18615 18616 18614
f 18617 18619 18618
f 18619 18620 18618
f 18621 18623 18622
f 18623 18624 18622
f 18625 18627 18626
f 18627 18628 18626
f 18629 18631 18630
f 18631 18632 18630
f 18633 18635 18634
f 18635 18636 18634
f 18637 18639 18638
f 18639 18640 18638
f 18641 18643 18642
f 18643 18644 18642
f 18645 18647 18646
f 18647 18648 18646
f 18649 18651 18650
f 18651 18652 18650
f 18653 18655 18654
f 18655 18656 18654
f 18657 18659 18658
f 18659 18660 18658
f 18661 18663 18662
f 18663 18664 18662
f 18665 18667 18666
f 18667 18668 18666
f 18669 18671 18670
f 18671 18672 18670
f 18673 18675 18674
f 18675 18676 18674
f 18677 18679 18678
f 18679 18680 18678
f 18681 18683 18682
f 18683 18684 18682
f 18685 18687 18686
f 18687 18688 18686
f 18689 18691 18690
f 18691 18692 18690
f 18693 18695 18694
f 18695 18696 18694
f 18697 18699 18698
f 18699 18700 18698
f 18701 18703 18702
f 18703 18704 18702
f 18705 18707 18706
f 18707 18708 18706
f 18709 18711 18710
f 18711 18712 18710
f 18713 18715 18714
f 18715 18716 18714
f 18717 18719 18718
f 18719 18720 18718
f 18721 18723 18722
f 18723 18724 18722
f 18725 18727 18726
f 18727 18728 18726
f 18729 18731 18730
f 18731 18732 18730
f 18733 18735 18734
f 18735 18736 18734
f 18737 18739 18738
f 18739 18740 18738
f 18741 18743 18742
f 18743 18744 18742
f 18745 18747 18746
f 18747 18748 18746
f 18749 18751 18750
f 18751 18752 18750
f 18753 18755 18754
f 18755 18756 18754
f 18757 18759 18758
f 18759 18760 18758
f 18761 18763 18762
f 18763 18764 18762
f 18765 18767 18766
f 18767 18768 18766
f 18769 18771 18770
f 18771 18772 18770
f 18773 18775 18774
f 18775 18776 18774
f 18777 18779 18778
f 18779 18780 18778
f 18781 18783 18782
f 18783 18784 18782
f 18785 18787 18786
f 18787 18788 18786
f 18789 18791 18790
f 18791 18792 18790
f 18793 18795 18794
f 18795 18796 18794
f 18797 18799 18798
f 18799 18800 18798
f 18801 18803 18802
f 18803 18804 18802
f 18805 18807 18806
f 18807 18808 18806
f 18809 18811 18810
f 18811 18812 18810
f 18813 18815 18814
f 18815 18816 18814
f 18817 18819 18818
f 18819 18820 18818
f 18821 18823 18822
f 18823 18824 18822
f 18825 18827 18826
f 18827 18828 18826
f 18829 18831 18830
f 18831 18832 18830
f 18833 18835 18834
f 18835 18836 18834
f 18837 18839 18838
f 18839 18840 18838
f 18841 18843 18842
f 18843 18844 18842
f 18845 18847 18846
f 18847 18848 18846
f 18849 18851 18850
f 18851 18852 18850
f 18853 18855 18854
f 18855 18856 18854
f 18857 18859 18858
f 18859 18860 18858
f 18861 18863 18862
f 18863 18864 18862
f 18865 18867 18866
f 18867 18868 18866
f 18869 18871 18870
f 18871 18872 18870
f 18873 18875 18874
f 18875 18876 18874
f 18877 18879 18878
f 18879 18880 18878
f 18881 18883 18882
f 18883 18884 18882
f 18885 18887 18886
f 18887 18888 18886
f 18889 18891 18890
f 18891 18892 18890
f 18893 18895 18894
f 18895 18896 18894
f 18897 18899 18898
f 18899 18900 18898
f 18901 18903 18902
f 18903 18904 18902
f 18905 18907 18906
f 18907 18908 18906
f 18909 18911 18910
f 18911 18912 18910
f 18913 18915 18914
f 18915 18916 18914
f 18917 18919 18918
f 18919 18920 18918
f 18921 18923 18922
f 18923 18924 18922
f 18925 18927 18926
f 18927 18928 18926
f 18929 18931 18930
f 18931 18932 18930
f 18933 18935 18934
f 18935 18936 18934
f 18937 18939 18938
f 18939 18940 18938
f 18941 18943 18942
f 18943 18944 18942
f 18945 18947 18946
f 18947 18948 18946
f 18949 18951 18950
f 18951 18952 18950
f 18953 18955 18954
f 18955 18956 18954
f 18957 18959 18958
f 18959 18960 18958
f 18961 18963 18962
f 18963 18964 18962
f 18965 18967 18966
f 18967 18968 18966
f 18969 18971 18970
f 18971 18972 18970
f 18973 18975 18974
f 18975 18976 18974
f 18977 18979 18978
f 18979 18980 18978
f 18981 18983 18982
f 18983 18984 18982
f 18985 18987 18986
f 18987 18988 18986
f 18989 18991 18990
f 18991 18992 18990
f 18993 18995 18994
f 18995 18996 18994
f 18997 18999 18998
f 18999 19000 18998
f 19001 19003 19002
f 19003 19004 19002
f 19005 19007 19006
f 19007 19008 19006
f 19009 19011 19010
f 19011 19012 19010
f 19013 19015 19014
f 19015 19016 19014
f 19017 19019 19018
f 19019 19020 19018
f 19021 19023 19022
f 19023 19024 19022
f 19025 19027 19026
f 19027 19028 19026
f 19029 19031 19030
f 19031 19032 19030
f 19033 19035 19034
f 19035 19036 19034
f 19037 19039 19038
f 19039 19040 19038
f 19041 19043 19042
f 19043 19044 19042
f 19045 19047 19046
f 19047 19048 19046
f 19049 19051 19050
f 19051 19052 19050
f 19053 19055 19054
f 19055 19056 19054
f 19057 19059 19058
f 19059 19060 19058
f 19061 19063 19062
f 19063 19064 19062
f 19065 19067 19066
f 19067 19068 19066
f 19069 19071 19070
f 19071 19072 19070
f 19073 19075 19074
f 19075 19076 19074
f 19077 19079 19078
f 19079 19080 19078
f 19081 19083 19082
f 19083 19084 19082
f 19085 19087 19086
f 19087 19088 19086
f 19089 19091 19090
f 19091 19092 19090
f 19093 19095 19094
f 19095 19096 19094
f 19097 19099 19098
f 19099 19100 19098
f 19101 19103 19102
f 19103 19104 19102
f 19105 19107 19106
f 19107 19108 19106
f 19109 19111 19110
f 19111 19112 19110
f 19113 19115 19114
f 19115 19116 19114
f 19117 19119 19118
f 19119 19120 19118
f 19121 19123 19122
f 19123 19124 19122
f 19125 19127 19126
f 19127 19128 19126
f 19129 19131 19130
f 19131 19132 19130
f 19133 19135 19134
f 19135 19136 19134
f 19137 19139 19138
f 19139 19140 19138
f 19141 19143 19142
f 19143 19144 19142
f 19145 19147 19146
f 19147 19148 19146
f 19149 19151 19150
f 19151 19152 19150
f 19153 19155 19154
f 19155 19156 19154
f 19157 19159 19158
f 19159 19160 19158
f 19161 19163 19162
f 19163 19164 19162
f 19165 19167 19166
f 19167 19168 19166
f 19169 19171 19170
f 19171 19172 19170
f 19173 19175 19174
f 19175 19176 19174
f 19177 19179 19178
f 19179 19180 19178
f 19181 19183 19182
f 19183 19184 19182
f 19185 19187 19186
f 19187 19188 19186
f 19189 19191 19190
f 19191 19192 19190
f 19193 19195 19194
f 19195 19196 19194
f 19197 19199 19198
f 19199 19200 19198
f 19201 19203 19202
f 19203 19204 19202
f 19205 19207 19206
f 19207 19208 19206
f 19209 19211 19210
f 19211 19212 19210
f 19213 19215 19214
f 19215 19216 19214
f 19217 19219 19218
f 19219 19220 19218
f 19221 19223 19222
f 19223 19224 19222
f 19225 19227 19226
f 19227 19228 19226
f 19229 19231 19230
f 19231 19232 19230
f 19233 19235 19234
f 19235 19236 19234
f 19237 19239 19238
f 19239 19240 19238
f 19241 19243 19242
f 19243 19244 19242
f 19245 19247 19246
f 19247 19248 19246
f 19249 19251 19250
f 19251 19252 19250
f 19253 19255 19254
f 19255 19256 19254
f 19257 19259 19258
f 19259 19260 19258
f 19261 19263 19262
f 19263 19264 19262
f 19265 19267 19266
f 19267 19268 19266
f 19269 19271 19270
f 19271 19272 19270
f 19273 19275 19274
f 19275 19276 19274
f 19277 19279 19278
f 19279 19280 19278
f 19281 19283 19282
f 19283 19284 19282
f 19285 19287 19286
f 19287 19288 19286
f 19289 19291 19290
f 19291 19292 19290
f 19293 19295 19294
f 19295 19296 19294
f 19297 19299 19298
f 19299 19300 19298
f 19301 19303 19302
f 19303 19304 19302
f 19305 19307 19306
f 19307 19308 19306
f 19309 19311 19310
f 19311 19312 19310
f 19313 19315 19314
f 19315 19316 19314
f 19317 19319 19318
f 19319 19320 19318
f 19321 19323 19322
f 19323 19324 19322
f 19325 19327 19326
f 19327 19328 19326
f 19329 19331 19330
f 19331 19332 19330
f 19333 19335 19334
f 19335 19336 19334
f 19337 19339 19338
f 19339 19340 19338
f 19341 19343 19342
f 19343 19344 19342
f 19345 19347 19346
f 19347 19348 19346
f 19349 19351 19350
f 19351 19352 19350
f 19353 19355 19354
f 19355 19356 19354
f 19357 19359 19358
f 19359 19360 19358
f 19361 19363 19362
f 19363 19364 19362
f 19365 19367 19366
f 19367 19368 19366
f 19369 19371 19370
f 19371 19372 19370
f 19373 19375 19374
f 19375 19376 19374
f 19377 19379 19378
f 19379 19380 19378
f 19381 19383 19382
f 19383 19384 19382
f 19385 19387 19386
f 19387 19388 19386
f 19389 19391 19390
f 19391 19392 19390
f 19393 19395 19394
f 19395 19396 19394
f 19397 19399 19398
f 19399 19400 19398
f 19401 19403 19402
f 19403 19404 19402
f 19405 19407 19406
f 19407 19408 19406
f 19409 19411 19410
f 19411 19412 19410
f 19413 19415 19414
f 19415 19416 19414
f 19417 19419 19418
f 19419 19420 19418
f 19421 19423 19422
f 19423 19424 19422
f 19425 19427 19426
f 19427 19428 19426
f 19429 19431 19430
f 19431 19432 19430
f 19433 19435 19434
f 19435 19436 19434
f 19437 19439 19438
f 19439 19440 19438
f 19441 19443 19442
f 19443 19444 19442
f 19445 19447 19446
f 19447 19448 19446
f 19449 19451 19450
f 19451 19452 19450
f 19453 19455 19454
f 19455 19456 19454
f 19457 19459 19458
f 19459 19460 19458
f 19461 19463 19462
f 19463 19464 19462
f 19465 19467 19466
f 19467 19468 19466
f 19469 19471 19470
f 19471 19472 19470
f 19473 19475 19474
f 19475 19476 19474
f 19477 19479 19478
f 19479 19480 19478
f 19481 19483 19482
f 19483 19484 19482
f 19485 19487 19486
f 19487 19488 19486
f 19489 19491 19490
f 19491 19492 19490
f 19493 19495 19494
f 19495 19496 19494
f 19497 19499 19498
f 19499 19500 19498
f 19501 19503 19502
f 19503 19504 19502
f 19505 19507 19506
f 19507 19508 19506
f 19509 19511 19510
f 19511 19512 19510
f 19513 19515 19514
f 19515 19516 19514
f 19517 19519 19518
f 19519 19520 19518
f 19521 19523 19522
f 19523 19524 19522
f 19525 19527 19526
f 19527 19528 19526
f 19529 19531 19530
f 19531 19532 19530
f 19533 19535 19534
f 19535 19536 19534
f 19537 19539 19538
f 19539 19540 19538
f 19541 19543 19542
f 19543 19544 19542
f 19545 19547 19546
f 19547 19548 19546
f 19549 19551 19550
f 19551 19552 19550
f 19553 19555 19554
f 19555 19556 19554
f 19557 19559 19558
f 19559 19560 19558
f 19561 19563 19562
f 19563 19564 19562
f 19565 19567 19566
f 19567 19568 19566
f 19569 19571 19570
f 19571 19572 19570
f 19573 19575 19574
f 19575 19576 19574
f 19577 19579 19578
f 19579 19580 19578
f 19581 19583 19582
f 19583 19584 19582
f 19585 19587 19586
f 19587 19588 19586
f 19589 19591 19590
f 19591 19592 19590
f 19593 19595 19594
f 19595 19596 19594
f 19597 19599 19598
f 19599 19600 19598
f 19601 19603 19602
f 19603 19604 19602
f 19605 19607 19606
f 19607 19608 19606
f 19609 19611 19610
f 19611 19612 19610
f 19613 19615 19614
f 19615 19616 19614
f 19617 19619 19618
f 19619 19620 19618
f 19621 19623 19622
f 19623 19624 19622
f 19625 19627 19626
f 19627 19628 19626
f 19629 19631 19630
f 19631 19632 19630
f 19633 19635 19634
f 19635 19636 19634
f 19637 19639 19638
f 19639 19640 19638
f 19641 19643 19642
f 19643 19644 19642
f 19645 19647 19646
f 19647 19648 19646
f 19649 19651 19650
f 19651 19652 19650
f 19653 19655 19654
f 19655 19656 19654
f 19657 19659 19658
f 19659 19660 19658
f 19661 19663 19662
f 19663 19664 19662
f 19665 19667 19666
f 19667 19668 19666
f 19669 19671 19670
f 19671 19672 19670
f 19673 19675 19674
f 19675 19676 19674
f 19677 19679 19678
f 19679 19680 19678
f 19681 19683 19682
f 19683 19684 19682
f 19685 19687 19686
f 19687 19688 19686
f 19689 19691 19690
f 19691 19692 19690
f 19693 19695 19694
f 19695 19696 19694
f 19697 19699 19698
f 19699 19700 19698
f 19701 19703 19702
f 19703 19704 19702
f 19705 19707 19706
f 19707 19708 19706
f 19709 19711 19710
f 19711 19712 19710
f 19713 19715 19714
f 19715 19716 19714
f 19717 19719 19718
f 19719 19720 19718
f 19721 19723 19722
f 19723 19724 19722
f 19725 19727 19726
f 19727 19728 19726
f 19729 19731 19730
f 19731 19732 19730
f 19733 19735 19734
f 19735 19736 19734
f 19737 19739 19738
f 19739 19740 19738
f 19741 19743 19742
f 19743 19744 19742
f 19745 19747 19746
f 19747 19748 19746
f 19749 19751 19750
f 19751 19752 19750
f 19753 19755 19754
f 19755 19756 19754
f 19757 19759 19758
f 19759 19760 19758
f 19761 19763 19762
f 19763 19764 19762
f 19765 19767 19766
f 19767 19768 19766
f 19769 19771 19770
f 19771 19772 19770
f 19773 19775 19774
f 19775 19776 19774
f 19777 19779 19778
f 19779 19780 19778
f 19781 19783 19782
f 19783 19784 19782
f 19785 19787 19786
f 19787 19788 19786
f 19789 19791 19790
f 19791 19792 19790
f 19793 19795 19794
f 19795 19796 19794
f 19797 19799 19798
f 19799 19800 19798
f 19801 19803 19802
f 19803 19804 19802
f 19805 19807 19806
f 19807 19808 19806
f 19809 19811 19810
f 19811 19812 19810
f 19813 19815 19814
f 19815 19816 19814
f 19817 19819 19818
f 19819 19820 19818
f 19821 19823 19822
f 19823 19824 19822
f 19825 19827 19826
f 19827 19828 19826
f 19829 19831 19830
f 19831 19832 19830
f 19833 19835 19834
f 19835 19836 19834
f 19837 19839 19838
f 19839 19840 19838
f 19841 19843 19842
f 19843 19844 19842
f 19845 19847 19846
f 19847 19848 19846
f 19849 19851 19850
f 19851 19852 19850
f 19853 19855 19854
f 19855 19856 19854
f 19857 19859 19858
f 19859 19860 19858
f 19861 19863 19862
f 19863 19864 19862
f 19865 19867 19866
f 19867 19868 19866
f 19869 19871 19870
f 19871 19872 19870
f 19873 19875 19874
f 19875 19876 19874
f 19877 19879 19878
f 19879 19880 19878
f 19881 19883 19882
f 19883 19884 19882
f 19885 19887 19886
f 19887 19888 19886
f 19889 19891 19890
f 19891 19892 19890
f 19893 19895 19894
f 19895 19896 19894
f 19897 19899 19898
f 19899 19900 19898
f 19901 19903 19902
f 19903 19904 19902
f 19905 19907 19906
f 19907 19908 19906
f 19909 19911 19910
f 19911 19912 19910
f 19913 19915 19914
f 19915 19916 19914
f 19917 19919 19918
f 19919 19920 19918
f 19921 19923 19922
f 19923 19924 19922
f 19925 19927 19926
f 19927 19928 19926
f 19929 19931 19930
f 19931 19932 19930
f 19933 19935 19934
f 19935 19936 19934
f 19937 19939 19938
f 19939 19940 19938
f 19941 19943 19942
f 19943 19944 19942
f 19945 19947 19946
f 19947 19948 19946
f 19949 19951 19950
f 19951 19952 19950
f 19953 19955 19954
f 19955 19956 19954
f 19957 19959 19958
f 19959 19960 19958
f 19961 19963 19962
f 19963 19964 19962
f 19965 19967 19966
f 19967 19968 19966
f 19969 19971 19970
f 19971 19972 19970
f 19973 19975 19974
f 19975 19976 19974
f 19977 19979 19978
f 19979 19980 19978
f 19981 19983 19982
f 19983 19984 19982
f 19985 19987 19986
f 19987 19988 19986
f 19989 19991 19990
f 19991 19992 19990
f 19993 19995 19994
f 19995 19996 19994
f 19997 19999 19998
f 19999 20000 19998
f 20001 20003 20002
f 20003 20004 20002
f 20005 20007 20006
f 20007 20008 20006
f 20009 20011 20010
f 20011 20012 20010
f 20013 20015 20014
f 20015 20016 20014
f 20017 20019 20018
f 20019 20020 20018
f 20021 20023 20022
f 20023 20024 20022
f 20025 20027 20026
f 20027 20028 20026
f 20029 20031 20030
f 20031 20032 20030
f 20033 20035 20034
f 20035 20036 20034
f 20037 20039 20038
f 20039 20040 20038
f 20041 20043 20042
f 20043 20044 20042
f 20045 20047 20046
f 20047 20048 20046
f 20049 20051 20050
f 20051 20052 20050
f 20053 20055 20054
f 20055 20056 20054
f 20057 20059 20058
f 20059 20060 20058
f 20061 20063 20062
f 20063 20064 20062
f 20065 20067 20066
f 20067 20068 20066
f 20069 20071 20070
f 20071 20072 20070
f 20073 20075 20074
f 20075 20076 20074
f 20077 20079 20078
f 20079 20080 20078
f 20081 20083 20082
f 20083 20084 20082
f 20085 20087 20086
f 20087 20088 20086
f 20089 20091 20090
f 20091 20092 20090
f 20093 20095 20094
f 20095 20096 20094
f 20097 20099 20098
f 20099 20100 20098
f 20101 20103 20102
f 20103 20104 20102
f 20105 20107 20106
f 20107 20108 20106
f 20109 20111 20110
f 20111 20112 20110
f 20113 20115 20114
f 20115 20116 20114
f 20117 20119 20118
f 20119 20120 20118
f 20121 20123 20122
f 20123 20124 20122
f 20125 20127 20126
f 20127 20128 20126
f 20129 20131 20130
f 20131 20132 20130
f 20133 20135 20134
f 20135 20136 20134
f 20137 20139 20138
f 20139 20140 20138
f 20141 20143 20142
f 20143 20144 20142
f 20145 20147 20146
f 20147 20148 20146
f 20149 20151 20150
f 20151 20152 20150
f 20153 20155 20154
f 20155 20156 20154
f 20157 20159 20158
f 20159 20160 20158
f 20161 20163 20162
f 20163 20164 20162
f 20165 20167 20166
f 20167 20168 20166
f 20169 20171 20170
f 20171 20172 20170
f 20173 20175 20174
f 20175 20176 20174
f 20177 20179 20178
f 20179 20180 20178
f 20181 20183 20182
f 20183 20184 20182
f 20185 20187 20186
f 20187 20188 20186
f 20189 20191 20190
f 20191 20192 20190
f 20193 20195 20194
f 20195 20196 20194
f 20197 20199 20198
f 20199 20200 20198
f 20201 20203 20202
f 20203 20204 20202
f 20205 20207 20206
f 20207 20208 20206
f 20209 20211 20210
f 20211 20212 20210
f 20213 20215 20214
f 20215 20216 20214
f 20217 20219 20218
f 20219 20220 20218
f 20221 20223 20222
f 20223 20224 20222
f 20225 20227 20226
f 20227 20228 20226
f 20229 20231 20230
f 20231 20232 20230
f 20233 20235 20234
f 20235 20236 20234
f 20237 20239 20238
f 20239 20240 20238
f 20241 20243 20242
f 20243 20244 20242
f 20245 20247 20246
f 20247 20248 20246
f 20249 20251 20250
f 20251 20252 20250
f 20253 20255 20254
f 20255 20256 20254
f 20257 20259 20258
f 20259 20260 20258
f 20261 20263 20262
f 20263 20264 20262
f 20265 20267 20266
f 20267 20268 20266
f 20269 20271 20270
f 20271 20272 20270
f 20273 20275 20274
f 20275 20276 20274
f 20277 20279 20278
f 20279 20280 20278
f 20281 20283 20282
f 20283 20284 20282
f 20285 20287 20286
f 20287 20288 20286
f 20289 20291 20290
f 20291 20292 20290
f 20293 20295 20294
f 20295 20296 20294
f 20297 20299 20298
f 20299 20300 20298
f 20301 20303 20302
f 20303 20304 20302
f 20305 20307 20306
f 20307 20308 20306
f 20309 20311 20310
f 20311 20312 20310
f 20313 20315 20314
f 20315 20316 20314
f 20317 20319 20318
f 20319 20320 20318
f 20321 20323 20322
f 20323 20324 20322
f 20325 20327 20326
f 20327 20328 20326
f 20329 20331 20330
f 20331 20332 20330
f 20333 20335 20334
f 20335 20336 20334
f 20337 20339 20338
f 20339 20340 20338
f 20341 20343 20342
f 20343 20344 20342
f 20345 20347 20346
f 20347 20348 20346
f 20349 20351 20350
f 20351 20352 20350
f 20353 20355 20354
f 20355 20356 20354
f 20357 20359 20358
f 20359 20360 20358
f 20361 20363 20362
f 20363 20364 20362
f 20365 20367 20366
f 20367 20368 20366
f 20369 20371 20370
f 20371 20372 20370
f 20373 20375 20374
f 20375 20376 20374
f 20377 20379 20378
f 20379 20380 20378
f 20381 20383 20382
f 20383 20384 20382
f 20385 20387 20386
f 20387 20388 20386
f 20389 20391 20390
f 20391 20392 20390
f 20393 20395 20394
f 20395 20396 20394
f 20397 20399 20398
f 20399 20400 20398
f 20401 20403 20402
f 20403 20404 20402
f 20405 20407 20406
f 20407 20408 20406
f 20409 20411 20410
f 20411 20412 20410
f 20413 20415 20414
f 20415 20416 20414
f 20417 20419 20418
f 20419 20420 20418
f 20421 20423 20422
f 20423 20424 20422
f 20425 20427 20426
f 20427 20428 20426
f 20429 20431 20430
f 20431 20432 20430
f 20433 20435 20434
f 20435 20436 20434
f 20437 20439 20438
f 20439 20440 20438
f 20441 20443 20442
f 20443 20444 20442
f 20445 20447 20446
f 20447 20448 20446
f 20449 20451 20450
f 20451 20452 20450
f 20453 20455 20454
f 20455 20456 20454
f 20457 20459 20458
f 20459 20460 20458
f 20461 20463 20462
f 20463 20464 20462
f 20465 20467 20466
f 20467 20468 20466
f 20469 20471 20470
f 20471 20472 20470
f 20473 20475 20474
f 20475 20476 20474
f 20477 20479 20478
f 20479 20480 20478
f 20481 20483 20482
f 20483 20484 20482
f 20485 20487 20486
f 20487 20488 20486
f 20489 20491 20490
f 20491 20492 20490
f 20493 20495 20494
f 20495 20496 20494
f 20497 20499 20498
f 20499 20500 20498
f 20501 20503 20502
f 20503 20504 20502
f 20505 20507 20506
f 20507 20508 20506
f 20509 20511 20510
f 20511 20512 20510
f 20513 20515 20514
f 20515 20516 20514
f 20517 20519 20518
f 20519 20520 20518
f 20521 20523 20522
f 20523 20524 20522
f 20525 20527 20526
f 20527 20528 20526
f 20529 20531 20530
f 20531 20532 20530
f 20533 20535 20534
f 20535 20536 20534
f 20537 20539 20538
f 20539 20540 20538
f 20541 20543 20542
f 20543 20544 20542
f 20545 20547 20546
f 20547 20548 20546
f 20549 20551 20550
f 20551 20552 20550
f 20553 20555 20554
f 20555 20556 20554
f 20557 20559 20558
f 20559 20560 20558
f 20561 20563 20562
f 20563 20564 20562
f 20565 20567 20566
f 20567 20568 20566
f 20569 20571 20570
f 20571 20572 20570
f 20573 20575 20574
f 20575 20576 20574
f 20577 20579 20578
f 20579 20580 20578
f 20581 20583 20582
f 20583 20584 20582
f 20585 20587 20586
f 20587 20588 20586
f 20589 20591 20590
f 20591 20592 20590
f 20593 20595 20594
f 20595 20596 20594
f 20597 20599 20598
f 20599 20600 20598
f 20601 20603 20602
f 20603 20604 20602
f 20605 20607 20606
f 20607 20608 20606
f 20609 20611 20610
f 20611 20612 20610
f 20613 20615 20614
f 20615 20616 20614
f 20617 20619 20618
f 20619 20620 20618
f 20621 20623 20622
f 20623 20624 20622
f 20625 20627 20626
f 20627 20628 20626
f 20629 20631 20630
f 20631 20632 20630
f 20633 20635 20634
f 20635 20636 20634
f 20637 20639 20638
f 20639 20640 20638
f 20641 20643 20642
f 20643 20644 20642
f 20645 20647 20646
f 20647 20648 20646
f 20649 20651 20650
f 20651 20652 20650
f 20653 20655 20654
f 20655 20656 20654
f 20657 20659 20658
f 20659 20660 20658
f 20661 20663 20662
f 20663 20664 20662
f 20665 20667 20666
f 20667 20668 20666
f 20669 20671 20670
f 20671 20672 20670
f 20673 20675 20674
f 20675 20676 20674
f 20677 20679 20678
f 20679 20680 20678
f 20681 20683 20682
f 20683 20684 20682
f 20685 20687 20686
f 20687 20688 20686
f 20689 20691 20690
f 20691 20692 20690
f 20693 20695 20694
f 20695 20696 20694
f 20697 20699 20698
f 20699 20700 20698
f 20701 20703 20702
f 20703 20704 20702
f 20705 20707 20706
f 20707 20708 20706
f 20709 20711 20710
f 20711 20712 20710
f 20713 20715 20714
f 20715 20716 20714
f 20717 20719 20718
f 20719 20720 20718
f 20721 20723 20722
f 20723 20724 20722
f 20725 20727 20726
f 20727 20728 20726
f 20729 20731 20730
f 20731 20732 20730
f 20733 20735 20734
f 20735 20736 20734
f 20737 20739 20738
f 20739 20740 20738
f 20741 20743 20742
f 20743 20744 20742
f 20745 20747 20746
f 20747 20748 20746
f 20749 20751 20750
f 20751 20752 20750
f 20753 20755 20754
f 20755 20756 20754
f 20757 20759 20758
f 20759 20760 20758
f 20761 20763 20762
f 20763 20764 20762
f 20765 20767 20766
f 20767 20768 20766
f 20769 20771 20770
f 20771 20772 20770
f 20773 20775 20774
f 20775 20776 20774
f 20777 20779 20778
f 20779 20780 20778
f 20781 20783 20782
f 20783 20784 20782
f 20785 20787 20786
f 20787 20788 20786
f 20789 20791 20790
f 20791 20792 20790
f 20793 20795 20794
f 20795 20796 20794
f 20797 20799 20798
f 20799 20800 20798
f 20801 20803 20802
f 20803 20804 20802
f 20805 20807 20806
f 20807 20808 20806
f 20809 20811 20810
f 20811 20812 20810
f 20813 20815 20814
f 20815 20816 20814
f 20817 20819 20818
f 20819 20820 20818
f 20821 20823 20822
f 20823 20824 20822
f 20825 20827 20826
f 20827 20828 20826
f 20829 20831 20830
f 20831 20832 20830
f 20833 20835 20834
f 20835 20836 20834
f 20837 20839 20838
f 20839 20840 20838
f 20841 20843 20842
f 20843 20844 20842
f 20845 20847 20846
f 20847 20848 20846
f 20849 20851 20850
f 20851 20852 20850
f 20853 20855 20854
f 20855 20856 20854
f 20857 20859 20858
f 20859 20860 20858
f 20861 20863 20862
f 20863 20864 20862
f 20865 20867 20866
f 20867 20868 20866
f 20869 20871 20870
f 20871 20872 20870
f 20873 20875 20874
f 20875 20876 20874
f 20877 20879 20878
f 20879 20880 20878
f 20881 20883 20882
f 20883 20884 20882
f 20885 20887 20886
f 20887 20888 20886
f 20889 20891 20890
f 20891 20892 20890
f 20893 20895 20894
f 20895 20896 20894
f 20897 20899 20898
f 20899 20900 20898
f 20901 20903 20902
f 20903 20904 20902
f 20905 20907 20906
f 20907 20908 20906
f 20909 20911 20910
f 20911 20912 20910
f 20913 20915 20914
f 20915 20916 20914
f 20917 20919 20918
f 20919 20920 20918
f 20921 20923 20922
f 20923 20924 20922
f 20925 20927 20926
f 20927 20928 20926
f 20929 20931 20930
f 20931 20932 20930
f 20933 20935 20934
f 20935 20936 20934
f 20937 20939 20938
f 20939 20940 20938
f 20941 20943 20942
f 20943 20944 20942
f 20945 20947 20946
f 20947 20948 20946
f 20949 20951 20950
f 20951 20952 20950
f 20953 20955 20954
f 20955 20956 20954
f 20957 20959 20958
f 20959 20960 20958
f 20961 20963 20962
f 20963 20964 20962
f 20965 20967 20966
f 20967 20968 20966
f 20969 20971 20970
f 20971 20972 20970
f 20973 20975 20974
f 20975 20976 20974
f 20977 20979 20978
f 20979 20980 20978
f 20981 20983 20982
f 20983 20984 20982
f 20985 20987 20986
f 20987 20988 20986
f 20989 20991 20990
f 20991 20992 20990
f 20993 20995 20994
f 20995 20996 20994
f 20997 20999 20998
f 20999 21000 20998
f 21001 21003 21002
f 21003 21004 21002
f 21005 21007 21006
f 21007 21008 21006
f 21009 21011 21010
f 21011 21012 21010
f 21013 21015 21014
f 21015 21016 21014
f 21017 21019 21018
f 21019 21020 21018
f 21021 21023 21022
f 21023 21024 21022
f 21025 21027 21026
f 21027 21028 21026
f 21029 21031 21030
f 21031 21032 21030
f 21033 21035 21034
f 21035 21036 21034
f 21037 21039 21038
f 21039 21040 21038
f 21041 21043 21042
f 21043 21044 21042
f 21045 21047 21046
f 21047 21048 21046
f 21049 21051 21050
f 21051 21052 21050
f 21053 21055 21054
f 21055 21056 21054
f 21057 21059 21058
f 21059 21060 21058
f 21061 21063 21062
f 21063 21064 21062
f 21065 21067 21066
f 21067 21068 21066
f 21069 21071 21070
f 21071 21072 21070
f 21073 21075 21074
f 21075 21076 21074
f 21077 21079 21078
f 21079 21080 21078
f 21081 21083 21082
f 21083 21084 21082
f 21085 21087 21086
f 21087 21088 21086
f 21089 21091 21090
f 21091 21092 21090
f 21093 21095 21094
f 21095 21096 21094
f 21097 21099 21098
f 21099 21100 21098
f 21101 21103 21102
f 21103 21104 21102
f 21105 21107 21106
f 21107 21108 21106
f 21109 21111 21110
f 21111 21112 21110
f 21113 21115 21114
f 21115 21116 21114
f 21117 21119 21118
f 21119 21120 21118
f 21121 21123 21122
f 21123 21124 21122
f 21125 21127 21126
f 21127 21128 21126
f 21129 21131 21130
f 21131 21132 21130
f 21133 21135 21134
f 21135 21136 21134
f 21137 21139 21138
f 21139 21140 21138
f 21141 21143 21142
f 21143 21144 21142
f 21145 21147 21146
f 21147 21148 21146
f 21149 21151 21150
f 21151 21152 21150
f 21153 21155 21154
f 21155 21156 21154
f 21157 21159 21158
f 21159 21160 21158
f 21161 21163 21162
f 21163 21164 21162
f 21165 21167 21166
f 21167 21168 21166
f 21169 21171 21170
f 21171 21172 21170
f 21173 21175 21174
f 21175 21176 21174
f 21177 21179 21178
f 21179 21180 21178
f 21181 21183 21182
f 21183 21184 21182
f 21185 21187 21186
f 21187 21188 21186
f 21189 21191 21190
f 21191 21192 21190
f 21193 21195 21194
f 21195 21196 21194
f 21197 21199 21198
f 21199 21200 21198
f 21201 21203 21202
f 21203 21204 21202
f 21205 21207 21206
f 21207 21208 21206
f 21209 21211 21210
f 21211 21212 21210
f 21213 21215 21214
f 21215 21216 21214
f 21217 21219 21218
f 21219 21220 21218
f 21221 21223 21222
f 21223 21224 21222
f 21225 21227 21226
f 21227 21228 21226
f 21229 21231 21230
f 21231 21232 21230
f 21233 21235 21234
f 21235 21236 21234
f 21237 21239 21238
f 21239 21240 21238
f 21241 21243 21242
f 21243 21244 21242
f 21245 21247 21246
f 21247 21248 21246
f 21249 21251 21250
f 21251 21252 21250
f 21253 21255 21254
f 21255 21256 21254
f 21257 21259 21258
f 21259 21260 21258
f 21261 21263 21262
f 21263 21264 21262
f 21265 21267 21266
f 21267 21268 21266
f 21269 21271 21270
f 21271 21272 21270
f 21273 21275 21274
f 21275 21276 21274
f 21277 21279 21278
f 21279 21280 21278
f 21281 21283 21282
f 21283 21284 21282
f 21285 21287 21286
f 21287 21288 21286
f 21289 21291 21290
f 21291 21292 21290
f 21293 21295 21294
f 21295 21296 21294
f 21297 21299 21298
f 21299 21300 21298
f 21301 21303 21302
f 21303 21304 21302
f 21305 21307 21306
f 21307 21308 21306
f 21309 21311 21310
f 21311 21312 21310
f 21313 21315 21314
f 21315 21316 21314
f 21317 21319 21318
f 21319 21320 21318
f 21321 21323 21322
f 21323 21324 21322
f 21325 21327 21326
f 21327 21328 21326
f 21329 21331 21330
f 21331 21332 21330
f 21333 21335 21334
f 21335 21336 21334
f 21337 21339 21338
f 21339 21340 21338
f 21341 21343 21342
f 21343 21344 21342
f 21345 21347 21346
f 21347 21348 21346
f 21349 21351 21350
f 21351 21352 21350
f 21353 21355 21354
f 21355 21356 21354
f 21357 21359 21358
f 21359 21360 21358
f 21361 21363 21362
f 21363 21364 21362
f 21365 21367 21366
f 21367 21368 21366
f 21369 21371 21370
f 21371 21372 21370
f 21373 21375 21374
f 21375 21376 21374
f 21377 21379 21378
f 21379 21380 21378
f 21381 21383 21382
f 21383 21384 21382
f 21385 21387 21386
f 21387 21388 21386
f 21389 21391 21390
f 21391 21392 21390
f 21393 21395 21394
f 21395 21396 21394
f 21397 21399 21398
f 21399 21400 21398
f 21401 21403 21402
f 21403 21404 21402
f 21405 21407 21406
f 21407 21408 21406
f 21409 21411 21410
f 21411 21412 21410
f 21413 21415 21414
f 21415 21416 21414
f 21417 21419 21418
f 21419 21420 21418
f 21421 21423 21422
f 21423 21424 21422
f 21425 21427 21426
f 21427 21428 21426
f 21429 21431 21430
f 21431 21432 21430
f 21433 21435 21434
f 21435 21436 21434
f 21437 21439 21438
f 21439 21440 21438
f 21441 21443 21442
f 21443 21444 21442
f 21445 21447 21446
f 21447 21448 21446
f 21449 21451 21450
f 21451 21452 21450
f 21453 21455 21454
f 21455 21456 21454
f 21457 21459 21458
f 21459 21460 21458
f 21461 21463 21462
f 21463 21464 21462
f 21465 21467 21466
f 21467 21468 21466
f 21469 21471 21470
f 21471 21472 21470
f 21473 21475 21474
f 21475 21476 21474
f 21477 21479 21478
f 21479 21480 21478
f 21481 21483 21482
f 21483 21484 21482
f 21485 21487 21486
f 21487 21488 21486
f 21489 21491 21490
f 21491 21492 21490
f 21493 21495 21494
f 21495 21496 21494
f 21497 21499 21498
f 21499 21500 21498
f 21501 21503 21502
f 21503 21504 21502
f 21505 21507 21506
f 21507 21508 21506
f 21509 21511 21510
f 21511 21512 21510
f 21513 21515 21514
f 21515 21516 21514
f 21517 21519 21518
f 21519 21520 21518
f 21521 21523 21522
f 21523 21524 21522
f 21525 21527 21526
f 21527 21528 21526
f 21529 21531 21530
f 21531 21532 21530
f 21533 21535 21534
f 21535 21536 21534
f 21537 21539 21538
f 21539 21540 21538
f 21541 21543 21542
f 21543 21544 21542
f 21545 21547 21546
f 21547 21548 21546
f 21549 21551 21550
f 21551 21552 21550
f 21553 21555 21554
f 21555 21556 21554
f 21557 21559 21558
f 21559 21560 21558
f 21561 21563 21562
f 21563 21564 21562
f 21565 21567 21566
f 21567 21568 21566
f 21569 21571 21570
f 21571 21572 21570
f 21573 21575 21574
f 21575 21576 21574
f 21577 21579 21578
f 21579 21580 21578
f 21581 21583 21582
f 21583 21584 21582
f 21585 21587 21586
f 21587 21588 21586
f 21589 21591 21590
f 21591 21592 21590
f 21593 21595 21594
f 21595 21596 21594
f 21597 21599 21598
f 21599 21600 21598
f 21601 21603 21602
f 21603 21604 21602
f 21605 21607 21606
f 21607 21608 21606
f 21609 21611 21610
f 21611 21612 21610
f 21613 21615 21614
f 21615 21616 21614
f 21617 21619 21618
f 21619 21620 21618
f 21621 21623 21622
f 21623 21624 21622
f 21625 21627 21626
f 21627 21628 21626
f 21629 21631 21630
f 21631 21632 21630
f 21633 21635 21634
f 21635 21636 21634
f 21637 21639 21638
f 21639 21640 21638
f 21641 21643 21642
f 21643 21644 21642
f 21645 21647 21646
f 21647 21648 21646
f 21649 21651 21650
f 21651 21652 21650
f 21653 21655 21654
f 21655 21656 21654
f 21657 21659 21658
f 21659 21660 21658
f 21661 21663 21662
f 21663 21664 21662
f 21665 21667 21666
f 21667 21668 21666
f 21669 21671 21670
f 21671 21672 21670
f 21673 21675 21674
f 21675 21676 21674
f 21677 21679 21678
f 21679 21680 21678
f 21681 21683 21682
f 21683 21684 21682
f 21685 21687 21686
f 21687 21688 21686
f 21689 21691 21690
f 21691 21692 21690
f 21693 21695 21694
f 21695 21696 21694
f 21697 21699 21698
f 21699 21700 21698
f 21701 21703 21702
f 21703 21704 21702
f 21705 21707 21706
f 21707 21708 21706
f 21709 21711 21710
f 21711 21712 21710
f 21713 21715 21714
f 21715 21716 21714
f 21717 21719 21718
f 21719 21720 21718
f 21721 21723 21722
f 21723 21724 21722
f 21725 21727 21726
f 21727 21728 21726
f 21729 21731 21730
f 21731 21732 21730
f 21733 21735 21734
f 21735 21736 21734
f 21737 21739 21738
f 21739 21740 21738
f 21741 21743 21742
f 21743 21744 21742
f 21745 21747 21746
f 21747 21748 21746
f 21749 21751 21750
f 21751 21752 21750
f 21753 21755 21754
f 21755 21756 21754
f 21757 21759 21758
f 21759 21760 21758
f 21761 21763 21762
f 21763 21764 21762
f 21765 21767 21766
f 21767 21768 21766
f 21769 21771 21770
f 21771 21772 21770
f 21773 21775 21774
f 21775 21776 21774
f 21777 21779 21778
f 21779 21780 21778
f 21781 21783 21782
f 21783 21784 21782
f 21785 21787 21786
f 21787 21788 21786
f 21789 21791 21790
f 21791 21792 21790
f 21793 21795 21794
f 21795 21796 21794
f 21797 21799 21798
f 21799 21800 21798
f 21801 21803 21802
f 21803 21804 21802
f 21805 21807 21806
f 21807 21808 21806
f 21809 21811 21810
f 21811 21812 21810
f 21813 21815 21814
f 21815 21816 21814
f 21817 21819 21818
f 21819 21820 21818
f 21821 21823 21822
f 21823 21824 21822
f 21825 21827 21826
f 21827 21828 21826
f 21829 21831 21830
f 21831 21832 21830
f 21833 21835 21834
f 21835 21836 21834
f 21837 21839 21838
f 21839 21840 21838
f 21841 21843 21842
f 21843 21844 21842
f 21845 21847 21846
f 21847 21848 21846
f 21849 21851 21850
f 21851 21852 21850
f 21853 21855 21854
f 21855 21856 21854
f 21857 21859 21858
f 21859 21860 21858
f 21861 21863 21862
f 21863 21864 21862
f 21865 21867 21866
f 21867 21868 21866
f 21869 21871 21870
f 21871 21872 21870
f 21873 21875 21874
f 21875 21876 21874
f 21877 21879 21878
f 21879 21880 21878
f 21881 21883 21882
f 21883 21884 21882
f 21885 21887 21886
f 21887 21888 21886
f 21889 21891 21890
f 21891 21892 21890
f 21893 21895 21894
f 21895 21896 21894
f 21897 21899 21898
f 21899 21900 21898
f 21901 21903 21902
f 21903 21904 21902
f 21905 21907 21906
f 21907 21908 21906
f 21909 21911 21910
f 21911 21912 21910
f 21913 21915 21914
f 21915 21916 21914
f 21917 21919 21918
f 21919 21920 21918
f 21921 21923 21922
f 21923 21924 21922
f 21925 21927 21926
f 21927 21928 21926
f 21929 21931 21930
f 21931 21932 21930
f 21933 21935 21934
f 21935 21936 21934
f 21937 21939 21938
f 21939 21940 21938
f 21941 21943 21942
f 21943 21944 21942
f 21945 21947 21946
f 21947 21948 21946
f 21949 21951 21950
f 21951 21952 21950
f 21953 21955 21954
f 21955 21956 21954
f 21957 21959 21958
f 21959 21960 21958
f 21961 21963 21962
f 21963 21964 21962
f 21965 21967 21966
f 21967 21968 21966
f 21969 21971 21970
f 21971 21972 21970
f 21973 21975 21974
f 21975 21976 21974
f 21977 21979 21978
f 21979 21980 21978
f 21981 21983 21982
f 21983 21984 21982
f 21985 21987 21986
f 21987 21988 21986
f 21989 21991 21990
f 21991 21992 21990
f 21993 21995 21994
f 21995 21996 21994
f 21997 21999 21998
f 21999 22000 21998
f 22001 22003 22002
f 22003 22004 22002
f 22005 22007 22006
f 22007 22008 22006
f 22009 22011 22010
f 22011 22012 22010
f 22013 22015 22014
f 22015 22016 22014
f 22017 22019 22018
f 22019 22020 22018
f 22021 22023 22022
f 22023 22024 22022
f 22025 22027 22026
f 22027 22028 22026
f 22029 22031 22030
f 22031 22032 22030
f 22033 22035 22034
f 22035 22036 22034
f 22037 22039 22038
f 22039 22040 22038
f 22041 22043 22042
f 22043 22044 22042
f 22045 22047 22046
f 22047 22048 22046
f 22049 22051 22050
f 22051 22052 22050
f 22053 22055 22054
f 22055 22056 22054
f 22057 22059 22058
f 22059 22060 22058
f 22061 22063 22062
f 22063 22064 22062
f 22065 22067 22066
f 22067 22068 22066
f 22069 22071 22070
f 22071 22072 22070
f 22073 22075 22074
f 22075 22076 22074
f 22077 22079 22078
f 22079 22080 22078
f 22081 22083 22082
f 22083 22084 22082
f 22085 22087 22086
f 22087 22088 22086
f 22089 22091 22090
f 22091 22092 22090
f 22093 22095 22094
f 22095 22096 22094
f 22097 22099 22098
f 22099 22100 22098
f 22101 22103 22102
f 22103 22104 22102
f 22105 22107 22106
f 22107 22108 22106
f 22109 22111 22110
f 22111 22112 22110
f 22113 22115 22114
f 22115 22116 22114
f 22117 22119 22118
f 22119 22120 22118
f 22121 22123 22122
f 22123 22124 22122
f 22125 22127 22126
f 22127 22128 22126
f 22129 22131 22130
f 22131 22132 22130
f 22133 22135 22134
f 22135 22136 22134
f 22137 22139 22138
f 22139 22140 22138
f 22141 22143 22142
f 22143 22144 22142
f 22145 22147 22146
f 22147 22148 22146
f 22149 22151 22150
f 22151 22152 22150
f 22153 22155 22154
f 22155 22156 22154
f 22157 22159 22158
f 22159 22160 22158
f 22161 22163 22162
f 22163 22164 22162
f 22165 22167 22166
f 22167 22168 22166
f 22169 22171 22170
f 22171 22172 22170
f 22173 22175 22174
f 22175 22176 22174
f 22177 22179 22178
f 22179 22180 22178
f 22181 22183 22182
f 22183 22184 22182
f 22185 22187 22186
f 22187 22188 22186
f 22189 22191 22190
f 22191 22192 22190
f 22193 22195 22194
f 22195 22196 22194
f 22197 22199 22198
f 22199 22200 22198
f 22201 22203 22202
f 22203 22204 22202
f 22205 22207 22206
f 22207 22208 22206
f 22209 22211 22210
f 22211 22212 22210
f 22213 22215 22214
f 22215 22216 22214
f 22217 22219 22218
f 22219 22220 22218
f 22221 22223 22222
f 22223 22224 22222
f 22225 22227 22226
f 22227 22228 22226
f 22229 22231 22230
f 22231 22232 22230
f 22233 22235 22234
f 22235 22236 22234
f 22237 22239 22238
f 22239 22240 22238
f 22241 22243 22242
f 22243 22244 22242
f 22245 22247 22246
f 22247 22248 22246
f 22249 22251 22250
f 22251 22252 22250
f 22253 22255 22254
f 22255 22256 22254
f 22257 22259 22258
f 22259 22260 22258
f 22261 22263 22262
f 22263 22264 22262
f 22265 22267 22266
f 22267 22268 22266
f 22269 22271 22270
f 22271 22272 22270
f 22273 22275 22274
f 22275 22276 22274
f 22277 22279 22278
f 22279 22280 22278
f 22281 22283 22282
f 22283 22284 22282
f 22285 22287 22286
f 22287 22288 22286
f 22289 22291 22290
f 22291 22292 22290
f 22293 22295 22294
f 22295 22296 22294
f 22297 22299 22298
f 22299 22300 22298
f 22301 22303 22302
f 22303 22304 22302
f 22305 22307 22306
f 22307 22308 22306
f 22309 22311 22310
f 22311 22312 22310
f 22313 22315 22314
f 22315 22316 22314
f 22317 22319 22318
f 22319 22320 22318
f 22321 22323 22322
f 22323 22324 22322
f 22325 22327 22326
f 22327 22328 22326
f 22329 22331 22330
f 22331 22332 22330
f 22333 22335 22334
f 22335 22336 22334
f 22337 22339 22338
f 22339 22340 22338
f 22341 22343 22342
f 22343 22344 22342
f 22345 22347 22346
f 22347 22348 22346
f 22349 22351 22350
f 22351 22352 22350
f 22353 22355 22354
f 22355 22356 22354
f 22357 22359 22358
f 22359 22360 22358
f 22361 22363 22362
f 22363 22364 22362
f 22365 22367 22366
f 22367 22368 22366
f 22369 22371 22370
f 22371 22372 22370
f 22373 22375 22374
f 22375 22376 22374
f 22377 22379 22378
f 22379 22380 22378
f 22381 22383 22382
f 22383 22384 22382
f 22385 22387 22386
f 22387 22388 22386
f 22389 22391 22390
f 22391 22392 22390
f 22393 22395 22394
f 22395 22396 22394
f 22397 22399 22398
f 22399 22400 22398
f 22401 22403 22402
f 22403 22404 22402
f 22405 22407 22406
f 22407 22408 22406
f 22409 22411 22410
f 22411 22412 22410
f 22413 22415 22414
f 22415 22416 22414
f 22417 22419 22418
f 22419 22420 22418
f 22421 22423 22422
f 22423 22424 22422
f 22425 22427 22426
f 22427 22428 22426
f 22429 22431 22430
f 22431 22432 22430
f 22433 22435 22434
f 22435 22436 22434
f 22437 22439 22438
f 22439 22440 22438
f 22441 22443 22442
f 22443 22444 22442
f 22445 22447 22446
f 22447 22448 22446
f 22449 22451 22450
f 22451 22452 22450
f 22453 22455 22454
f 22455 22456 22454
f 22457 22459 22458
f 22459 22460 22458
f 22461 22463 22462
f 22463 22464 22462
f 22465 22467 22466
f 22467 22468 22466
f 22469 22471 22470
f 22471 22472 22470
f 22473 22475 22474
f 22475 22476 22474
f 22477 22479 22478
f 22479 22480 22478
f 22481 22483 22482
f 22483 22484 22482
f 22485 22487 22486
f 22487 22488 22486
f 22489 22491 22490
f 22491 22492 22490
f 22493 22495 22494
f 22495 22496 22494
f 22497 22499 22498
f 22499 22500 22498
f 22501 22503 22502
f 22503 22504 22502
f 22505 22507 22506
f 22507 22508 22506
f 22509 22511 22510
f 22511 22512 22510
f 22513 22515 22514
f 22515 22516 22514
f 22517 22519 22518
f 22519 22520 22518
f 22521 22523 22522
f 22523 22524 22522
f 22525 22527 22526
f 22527 22528 22526
f 22529 22531 22530
f 22531 22532 22530
f 22533 22535 22534
f 22535 22536 22534
f 22537 22539 22538
f 22539 22540 22538
f 22541 22543 22542
f 22543 22544 22542
f 22545 22547 22546
f 22547 22548 22546
f 22549 22551 22550
f 22551 22552 22550
f 22553 22555 22554
f 22555 22556 22554
f 22557 22559 22558
f 22559 22560 22558
f 22561 22563 22562
f 22563 22564 22562
f 22565 22567 22566
f 22567 22568 22566
f 22569 22571 22570
f 22571 22572 22570
f 22573 22575 22574
f 22575 22576 22574
f 22577 22579 22578
f 22579 22580 22578
f 22581 22583 22582
f 22583 22584 22582
f 22585 22587 22586
f 22587 22588 22586
f 22589 22591 22590
f 22591 22592 22590
f 22593 22595 22594
f 22595 22596 22594
f 22597 22599 22598
f 22599 22600 22598
f 22601 22603 22602
f 22603 22604 22602
f 22605 22607 22606
f 22607 22608 22606
f 22609 22611 22610
f 22611 22612 22610
f 22613 22615 22614
f 22615 22616 22614
f 22617 22619 22618
f 22619 22620 22618
f 22621 22623 22622
f 22623 22624 22622
f 22625 22627 22626
f 22627 22628 22626
f 22629 22631 22630
f 22631 22632 22630
f 22633 22635 22634
f 22635 22636 22634
f 22637 22639 22638
f 22639 22640 22638
f 22641 22643 22642
f 22643 22644 22642
f 22645 22647 22646
f 22647 22648 22646
f 22649 22651 22650
f 22651 22652 22650
f 22653 22655 22654
f 22655 22656 22654
f 22657 22659 22658
f 22659 22660 22658
f 22661 22663 22662
f 22663 22664 22662
f 22665 22667 22666
f 22667 22668 22666
f 22669 22671 22670
f 22671 22672 22670
f 22673 22675 22674
f 22675 22676 22674
f 22677 22679 22678
f 22679 22680 22678
f 22681 22683 22682
f 22683 22684 22682
f 22685 22687 22686
f 22687 22688 22686
f 22689 22691 22690
f 22691 22692 22690
f 22693 22695 22694
f 22695 22696 22694
f 22697 22699 22698
f 22699 22700 22698
f 22701 22703 22702
f 22703 22704 22702
f 22705 22707 22706
f 22707 22708 22706
f 22709 22711 22710
f 22711 22712 22710
f 22713 22715 22714
f 22715 22716 22714
f 22717 22719 22718
f 22719 22720 22718
f 22721 22723 22722
f 22723 22724 22722
f 22725 22727 22726
f 22727 22728 22726
f 22729 22731 22730
f 22731 22732 22730
f 22733 22735 22734
f 22735 22736 22734
f 22737 22739 22738
f 22739 22740 22738
f 22741 22743 22742
f 22743 22744 22742
f 22745 22747 22746
f 22747 22748 22746
f 22749 22751 22750
f 22751 22752 22750
f 22753 22755 22754
f 22755 22756 22754
f 22757 22759 22758
f 22759 22760 22758
f 22761 22763 22762
f 22763 22764 22762
f 22765 22767 22766
f 22767 22768 22766
f 22769 22771 22770
f 22771 22772 22770
f 22773 22775 22774
f 22775 22776 22774
f 22777 22779 22778
f 22779 22780 22778
f 22781 22783 22782
f 22783 22784 22782
f 22785 22787 22786
f 22787 22788 22786
f 22789 22791 22790
f 22791 22792 22790
f 22793 22795 22794
f 22795 22796 22794
f 22797 22799 22798
f 22799 22800 22798
f 22801 22803 22802
f 22803 22804 22802
f 22805 22807 22806
f 22807 22808 22806
f 22809 22811 22810
f 22811 22812 22810
f 22813 22815 22814
f 22815 22816 22814
f 22817 22819 22818
f 22819 22820 22818
f 22821 22823 22822
f 22823 22824 22822
f 22825 22827 22826
f 22827 22828 22826
f 22829 22831 22830
f 22831 22832 22830
f 22833 22835 22834
f 22835 22836 22834
f 22837 22839 22838
f 22839 22840 22838
f 22841 22843 22842
f 22843 22844 22842
f 22845 22847 22846
f 22847 22848 22846
f 22849 22851 22850
f 22851 22852 22850
f 22853 22855 22854
f 22855 22856 22854
f 22857 22859 22858
f 22859 22860 22858
f 22861 22863 22862
f 22863 22864 22862
f 22865 22867 22866
f 22867 22868 22866
f 22869 22871 22870
f 22871 22872 22870
f 22873 22875 22874
f 22875 22876 22874
f 22877 22879 22878
f 22879 22880 22878
f 22881 22883 22882
f 22883 22884 22882
f 22885 22887 22886
f 22887 22888 22886
f 22889 22891 22890
f 22891 22892 22890
f 22893 22895 22894
f 22895 22896 22894
f 22897 22899 22898
f 22899 22900 22898
f 22901 22903 22902
f 22903 22904 22902
f 22905 22907 22906
f 22907 22908 22906
f 22909 22911 22910
f 22911 22912 22910
f 22913 22915 22914
f 22915 22916 22914
f 22917 22919 22918
f 22919 22920 22918
f 22921 22923 22922
f 22923 22924 22922
f 22925 22927 22926
f 22927 22928 22926
f 22929 22931 22930
f 22931 22932 22930
f 22933 22935 22934
f 22935 22936 22934
f 22937 22939 22938
f 22939 22940 22938
f 22941 22943 22942
f 22943 22944 22942
f 22945 22947 22946
f 22947 22948 22946
f 22949 22951 22950
f 22951 22952 22950
f 22953 22955 22954
f 22955 22956 22954
f 22957 22959 22958
f 22959 22960 22958
f 22961 22963 22962
f 22963 22964 22962
f 22965 22967 22966
f 22967 22968 22966
f 22969 22971 22970
f 22971 22972 22970
f 22973 22975 22974
f 22975 22976 22974
f 22977 22979 22978
f 22979 22980 22978
f 22981 22983 22982
f 22983 22984 22982
f 22985 22987 22986
f 22987 22988 22986
f 22989 22991 22990
f 22991 22992 22990
f 22993 22995 22994
f 22995 22996 22994
f 22997 22999 22998
f 22999 23000 22998
f 23001 23003 23002
f 23003 23004 23002
f 23005 23007 23006
f 23007 23008 23006
f 23009 23011 23010
f 23011 23012 23010
f 23013 23015 23014
f 23015 23016 23014
f 23017 23019 23018
f 23019 23020 23018
f 23021 23023 23022
f 23023 23024 23022
f 23025 23027 23026
f 23027 23028 23026
f 23029 23031 23030
f 23031 23032 23030
f 23033 23035 23034
f 23035 23036 23034
f 23037 23039 23038
f 23039 23040 23038
f 23041 23043 23042
f 23043 23044 23042
f 23045 23047 23046
f 23047 23048 23046
f 23049 23051 23050
f 23051 23052 23050
f 23053 23055 23054
f 23055 23056 23054
f 23057 23059 23058
f 23059 23060 23058
f 23061 23063 23062
f 23063 23064 23062
f 23065 23067 23066
f 23067 23068 23066
f 23069 23071 23070
f 23071 23072 23070
f 23073 23075 23074
f 23075 23076 23074
f 23077 23079 23078
f 23079 23080 23078
f 23081 23083 23082
f 23083 23084 23082
f 23085 23087 23086
f 23087 23088 23086
f 23089 23091 23090
f 23091 23092 23090
f 23093 23095 23094
f 23095 23096 23094
f 23097 23099 23098
f 23099 23100 23098
f 23101 23103 23102
f 23103 23104 23102
f 23105 23107 23106
f 23107 23108 23106
f 23109 23111 23110
f 23111 23112 23110
f 23113 23115 23114
f 23115 23116 23114
f 23117 23119 23118
f 23119 23120 23118
f 23121 23123 23122
f 23123 23124 23122
f 23125 23127 23126
f 23127 23128 23126
f 23129 23131 23130
f 23131 23132 23130
f 23133 23135 23134
f 23135 23136 23134
f 23137 23139 23138
f 23139 23140 23138
f 23141 23143 23142
f 23143 23144 23142
f 23145 23147 23146
f 23147 23148 23146
f 23149 23151 23150
f 23151 23152 23150
f 23153 23155 23154
f 23155 23156 23154
f 23157 23159 23158
f 23159 23160 23158
f 23161 23163 23162
f 23163 23164 23162
f 23165 23167 23166
f 23167 23168 23166
f 23169 23171 23170
f 23171 23172 23170
f 23173 23175 23174
f 23175 23176 23174
f 23177 23179 23178
f 23179 23180 23178
f 23181 23183 23182
f 23183 23184 23182
f 23185 23187 23186
f 23187 23188 23186
f 23189 23191 23190
f 23191 23192 23190
f 23193 23195 23194
f 23195 23196 23194
f 23197 23199 23198
f 23199 23200 23198
f 23201 23203 23202
f 23203 23204 23202
f 23205 23207 23206
f 23207 23208 23206
f 23209 23211 23210
f 23211 23212 23210
f 23213 23215 23214
f 23215 23216 23214
f 23217 23219 23218
f 23219 23220 23218
f 23221 23223 23222
f 23223 23224 23222
f 23225 23227 23226
f 23227 23228 23226
f 23229 23231 23230
f 23231 23232 23230
f 23233 23235 23234
f 23235 23236 23234
f 23237 23239 23238
f 23239 23240 23238
f 23241 23243 23242
f 23243 23244 23242
f 23245 23247 23246
f 23247 23248 23246
f 23249 23251 23250
f 23251 23252 23250
f 23253 23255 23254
f 23255 23256 23254
f 23257 23259 23258
f 23259 23260 23258
f 23261 23263 23262
f 23263 23264 23262
f 23265 23267 23266
f 23267 23268 23266
f 23269 23271 23270
f 23271 23272 23270
f 23273 23275 23274
f 23275 23276 23274
f 23277 23279 23278
f 23279 23280 23278
f 23281 23283 23282
f 23283 23284 23282
f 23285 23287 23286
f 23287 23288 23286
f 23289 23291 23290
f 23291 23292 23290
f 23293 23295 23294
f 23295 23296 23294
f 23297 23299 23298
f 23299 23300 23298
f 23301 23303 23302
f 23303 23304 23302
f 23305 23307 23306
f 23307 23308 23306
f 23309 23311 23310
f 23311 23312 23310
f 23313 23315 23314
f 23315 23316 23314
f 23317 23319 23318
f 23319 23320 23318
f 23321 23323 23322
f 23323 23324 23322
f 23325 23327 23326
f 23327 23328 23326
f 23329 23331 23330
f 23331 23332 23330
f 23333 23335 23334
f 23335 23336 23334
f 23337 23339 23338
f 23339 23340 23338
f 23341 23343 23342
f 23343 23344 23342
f 23345 23347 23346
f 23347 23348 23346
f 23349 23351 23350
f 23351 23352 23350
f 23353 23355 23354
f 23355 23356 23354
f 23357 23359 23358
f 23359 23360 23358
f 23361 23363 23362
f 23363 23364 23362
f 23365 23367 23366
f 23367 23368 23366
f 23369 23371 23370
f 23371 23372 23370
f 23373 23375 23374
f 23375 23376 23374
f 23377 23379 23378
f 23379 23380 23378
f 23381 23383 23382
f 23383 23384 23382
f 23385 23387 23386
f 23387 23388 23386
f 23389 23391 23390
f 23391 23392 23390
f 23393 23395 23394
f 23395 23396 23394
f 23397 23399 23398
f 23399 23400 23398
f 23401 23403 23402
f 23403 23404 23402
f 23405 23407 23406
f 23407 23408 23406
f 23409 23411 23410
f 23411 23412 23410
f 23413 23415 23414
f 23415 23416 23414
f 23417 23419 23418
f 23419 23420 23418
f 23421 23423 23422
f 23423 23424 23422
f 23425 23427 23426
f 23427 23428 23426
f 23429 23431 23430
f 23431 23432 23430
f 23433 23435 23434
f 23435 23436 23434
f 23437 23439 23438
f 23439 23440 23438
f 23441 23443 23442
f 23443 23444 23442
f 23445 23447 23446
f 23447 23448 23446
f 23449 23451 23450
f 23451 23452 23450
f 23453 23455 23454
f 23455 23456 23454
f 23457 23459 23458
f 23459 23460 23458
f 23461 23463 23462
f 23463 23464 23462
f 23465 23467 23466
f 23467 23468 23466
f 23469 23471 23470
f 23471 23472 23470
f 23473 23475 23474
f 23475 23476 23474
f 23477 23479 23478
f 23479 23480 23478
f 23481 23483 23482
f 23483 23484 23482
f 23485 23487 23486
f 23487 23488 23486
f 23489 23491 23490
f 23491 23492 23490
f 23493 23495 23494
f 23495 23496 23494
f 23497 23499 23498
f 23499 23500 23498
f 23501 23503 23502
f 23503 23504 23502
f 23505 23507 23506
f 23507 23508 23506
f 23509 23511 23510
f 23511 23512 23510
f 23513 23515 23514
f 23515 23516 23514
f 23517 23519 23518
f 23519 23520 23518
f 23521 23523 23522
f 23523 23524 23522
f 23525 23527 23526
f 23527 23528 23526
f 23529 23531 23530
f 23531 23532 23530
f 23533 23535 23534
f 23535 23536 23534
f 23537 23539 23538
f 23539 23540 23538
f 23541 23543 23542
f 23543 23544 23542
f 23545 23547 23546
f 23547 23548 23546
f 23549 23551 23550
f 23551 23552 23550
f 23553 23555 23554
f 23555 23556 23554
f 23557 23559 23558
f 23559 23560 23558
f 23561 23563 23562
f 23563 23564 23562
f 23565 23567 23566
f 23567 23568 23566
f 23569 23571 23570
f 23571 23572 23570
f 23573 23575 23574
f 23575 23576 23574
f 23577 23579 23578
f 23579 23580 23578
f 23581 23583 23582
f 23583 23584 23582
f 23585 23587 23586
f 23587 23588 23586
f 23589 23591 23590
f 23591 23592 23590
f 23593 23595 23594
f 23595 23596 23594
f 23597 23599 23598
f 23599 23600 23598
f 23601 23603 23602
f 23603 23604 23602
f 23605 23607 23606
f 23607 23608 23606
f 23609 23611 23610
f 23611 23612 23610
f 23613 23615 23614
f 23615 23616 23614
f 23617 23619 23618
f 23619 23620 23618
f 23621 23623 23622
f 23623 23624 23622
f 23625 23627 23626
f 23627 23628 23626
f 23629 23631 23630
f 23631 23632 23630
f 23633 23635 23634
f 23635 23636 23634
f 23637 23639 23638
f 23639 23640 23638
f 23641 23643 23642
f 23643 23644 23642
f 23645 23647 23646
f 23647 23648 23646
f 23649 23651 23650
f 23651 23652 23650
f 23653 23655 23654
f 23655 23656 23654
f 23657 23659 23658
f 23659 23660 23658
f 23661 23663 23662
f 23663 23664 23662
f 23665 23667 23666
f 23667 23668 23666
f 23669 23671 23670
f 23671 23672 23670
f 23673 23675 23674
f 23675 23676 23674
f 23677 23679 23678
f 23679 23680 23678
f 23681 23683 23682
f 23683 23684 23682
f 23685 23687 23686
f 23687 23688 23686
f 23689 23691 23690
f 23691 23692 23690
f 23693 23695 23694
f 23695 23696 23694
f 23697 23699 23698
f 23699 23700 23698
f 23701 23703 23702
f 23703 23704 23702
f 23705 23707 23706
f 23707 23708 23706
f 23709 23711 23710
f 23711 23712 23710
f 23713 23715 23714
f 23715 23716 23714
f 23717 23719 23718
f 23719 23720 23718
f 23721 23723 23722
f 23723 23724 23722
f 23725 23727 23726
f 23727 23728 23726
f 23729 23731 23730
f 23731 23732 23730
f 23733 23735 23734
f 23735 23736 23734
f 23737 23739 23738
f 23739 23740 23738
f 23741 23743 23742
f 23743 23744 23742
f 23745 23747 23746
f 23747 23748 23746
f 23749 23751 23750
f 23751 23752 23750
f 23753 23755 23754
f 23755 23756 23754
f 23757 23759 23758
f 23759 23760 23758
f 23761 23763 23762
f 23763 23764 23762
f 23765 23767 23766
f 23767 23768 23766
f 23769 23771 23770
f 23771 23772 23770
f 23773 23775 23774
f 23775 23776 23774
f 23777 23779 23778
f 23779 23780 23778
f 23781 23783 23782
f 23783 23784 23782
f 23785 23787 23786
f 23787 23788 23786
f 23789 23791 23790
f 23791 23792 23790
f 23793 23795 23794
f 23795 23796 23794
f 23797 23799 23798
f 23799 23800 23798
f 23801 23803 23802
f 23803 23804 23802
f 23805 23807 23806
f 23807 23808 23806
f 23809 23811 23810
f 23811 23812 23810
f 23813 23815 23814
f 23815 23816 23814
f 23817 23819 23818
f 23819 23820 23818
f 23821 23823 23822
f 23823 23824 23822
f 23825 23827 23826
f 23827 23828 23826
f 23829 23831 23830
f 23831 23832 23830
f 23833 23835 23834
f 23835 23836 23834
f 23837 23839 23838
f 23839 23840 23838
f 23841 23843 23842
f 23843 23844 23842
f 23845 23847 23846
f 23847 23848 23846
f 23849 23851 23850
f 23851 23852 23850
f 23853 23855 23854
f 23855 23856 23854
f 23857 23859 23858
f 23859 23860 23858
f 23861 23863 23862
f 23863 23864 23862
f 23865 23867 23866
f 23867 23868 23866
f 23869 23871 23870
f 23871 23872 23870
f 23873 23875 23874
f 23875 23876 23874
f 23877 23879 23878
f 23879 23880 23878
f 23881 23883 23882
f 23883 23884 23882
f 23885 23887 23886
f 23887 23888 23886
f 23889 23891 23890
f 23891 23892 23890
f 23893 23895 23894
f 23895 23896 23894
f 23897 23899 23898
f 23899 23900 23898
f 23901 23903 23902
f 23903 23904 23902
f 23905 23907 23906
f 23907 23908 23906
f 23909 23911 23910
f 23911 23912 23910
f 23913 23915 23914
f 23915 23916 23914
f 23917 23919 23918
f 23919 23920 23918
f 23921 23923 23922
f 23923 23924 23922
f 23925 23927 23926
f 23927 23928 23926
f 23929 23931 23930
f 23931 23932 23930
f 23933 23935 23934
f 23935 23936 23934
f 23937 23939 23938
f 23939 23940 23938
f 23941 23943 23942
f 23943 23944 23942
f 23945 23947 23946
f 23947 23948 23946
f 23949 23951 23950
f 23951 23952 23950
f 23953 23955 23954
f 23955 23956 23954
f 23957 23959 23958
f 23959 23960 23958
f 23961 23963 23962
f 23963 23964 23962
f 23965 23967 23966
f 23967 23968 23966
f 23969 23971 23970
f 23971 23972 23970
f 23973 23975 23974
f 23975 23976 23974
f 23977 23979 23978
f 23979 23980 23978
f 23981 23983 23982
f 23983 23984 23982
f 23985 23987 23986
f 23987 23988 23986
f 23989 23991 23990
f 23991 23992 23990
f 23993 23995 23994
f 23995 23996 23994
f 23997 23999 23998
f 23999 24000 23998
f 24001 24003 24002
f 24003 24004 24002
f 24005 24007 24006
f 24007 24008 24006
f 24009 24011 24010
f 24011 24012 24010
f 24013 24015 24014
f 24015 24016 24014
f 24017 24019 24018
f 24019 24020 24018
f 24021 24023 24022
f 24023 24024 24022
f 24025 24027 24026
f 24027 24028 24026
f 24029 24031 24030
f 24031 24032 24030
f 24033 24035 24034
f 24035 24036 24034
f 24037 24039 24038
f 24039 24040 24038
f 24041 24043 24042
f 24043 24044 24042
f 24045 24047 24046
f 24047 24048 24046
f 24049 24051 24050
f 24051 24052 24050
f 24053 24055 24054
f 24055 24056 24054
f 24057 24059 24058
f 24059 24060 24058
f 24061 24063 24062
f 24063 24064 24062
f 24065 24067 24066
f 24067 24068 24066
f 24069 24071 24070
f 24071 24072 24070
f 24073 24075 24074
f 24075 24076 24074
f 24077 24079 24078
f 24079 24080 24078
f 24081 24083 24082
f 24083 24084 24082
f 24085 24087 24086
f 24087 24088 24086
f 24089 24091 24090
f 24091 24092 24090
f 24093 24095 24094
f 24095 24096 24094
f 24097 24099 24098
f 24099 24100 24098
f 24101 24103 24102
f 24103 24104 24102
f 24105 24107 24106
f 24107 24108 24106
f 24109 24111 24110
f 24111 24112 24110
f 24113 24115 24114
f 24115 24116 24114
f 24117 24119 24118
f 24119 24120 24118
f 24121 24123 24122
f 24123 24124 24122
f 24125 24127 24126
f 24127 24128 24126
f 24129 24131 24130
f 24131 24132 24130
f 24133 24135 24134
f 24135 24136 24134
f 24137 24139 24138
f 24139 24140 24138
f 24141 24143 24142
f 24143 24144 24142
f 24145 24147 24146
f 24147 24148 24146
f 24149 24151 24150
f 24151 24152 24150
f 24153 24155 24154
f 24155 24156 24154
f 24157 24159 24158
f 24159 24160 24158
f 24161 24163 24162
f 24163 24164 24162
f 24165 24167 24166
f 24167 24168 24166
f 24169 24171 24170
f 24171 24172 24170
f 24173 24175 24174
f 24175 24176 24174
f 24177 24179 24178
f 24179 24180 24178
f 24181 24183 24182
f 24183 24184 24182
f 24185 24187 24186
f 24187 24188 24186
f 24189 24191 24190
f 24191 24192 24190
f 24193 24195 24194
f 24195 24196 24194
f 24197 24199 24198
f 24199 24200 24198
f 24201 24203 24202
f 24203 24204 24202
f 24205 24207 24206
f 24207 24208 24206
f 24209 24211 24210
f 24211 24212 24210
f 24213 24215 24214
f 24215 24216 24214
f 24217 24219 24218
f 24219 24220 24218
f 24221 24223 24222
f 24223 24224 24222
f 24225 24227 24226
f 24227 24228 24226
f 24229 24231 24230
f 24231 24232 24230
f 24233 24235 24234
f 24235 24236 24234
f 24237 24239 24238
f 24239 24240 24238
f 24241 24243 24242
f 24243 24244 24242
f 24245 24247 24246
f 24247 24248 24246
f 24249 24251 24250
f 24251 24252 24250
f 24253 24255 24254
f 24255 24256 24254
f 24257 24259 24258
f 24259 24260 24258
f 24261 24263 24262
f 24263 24264 24262
f 24265 24267 24266
f 24267 24268 24266
f 24269 24271 24270
f 24271 24272 24270
f 24273 24275 24274
f 24275 24276 24274
f 24277 24279 24278
f 24279 24280 24278
f 24281 24283 24282
f 24283 24284 24282
f 24285 24287 24286
f 24287 24288 24286
f 24289 24291 24290
f 24291 24292 24290
f 24293 24295 24294
f 24295 24296 24294
f 24297 24299 24298
f 24299 24300 24298
f 24301 24303 24302
f 24303 24304 24302
f 24305 24307 24306
f 24307 24308 24306
f 24309 24311 24310
f 24311 24312 24310
f 24313 24315 24314
f 24315 24316 24314
f 24317 24319 24318
f 24319 24320 24318
f 24321 24323 24322
f 24323 24324 24322
f 24325 24327 24326
f 24327 24328 24326
f 24329 24331 24330
f 24331 24332 24330
f 24333 24335 24334
f 24335 24336 24334
usemtl post_wood
v -1.41000 2.54000 0.03000
v -1.41000 2.54000 -0.13000
v -1.41000 0.00000 0.03000
v -1.41000 0.00000 -0.13000
v -1.57000 2.54000 -0.13000
v -1.57000 2.54000 0.03000
v -1.57000 0.00000 -0.13000
v -1.57000 0.00000 0.03000
v -1.57000 2.54000 -0.13000
v -1.41000 2.54000 -0.13000
v -1.57000 2.54000 0.03000
v -1.41000 2.54000 0.03000
v -1.57000 0.00000 0.03000
v -1.41000 0.00000 0.03000
v -1.57000 0.00000 -0.13000
v -1.41000 0.00000 -0.13000
v -1.57000 2.54000 0.03000
v -1.41000 2.54000 0.03000
v -1.57000 0.00000 0.03000
v -1.41000 0.00000 0.03000
v -1.41000 2.54000 -0.13000
v -1.57000 2.54000 -0.13000
v -1.41000 0.00000 -0.13000
v -1.57000 0.00000 -0.13000
vt 0.00000 0.00000
vt 1.00000 0.00000
vt 0.00000 1.00000
vt 1.00000 1.00000
vt 0.00000 0.00000
vt 1.00000 0.00000
vt 0.00000 1.00000
vt 1.00000 1.00000
vt 0.00000 0.00000
vt 1.00000 0.00000
vt 0.00000 1.00000
vt 1.00000 1.00000
vt 0.00000 0.00000
vt 1.00000 0.00000
vt 0.00000 1.00000
vt 1.00000 1.00000
vt 0.00000 0.00000
vt 1.00000 0.00000
vt 0.00000 1.00000
vt 1.00000 1.00000
vt 0.00000 0.00000
vt 1.00000 0.00000
vt 0.00000 1.00000
vt 1.00000 1.00000
f 24337/121 24339/123 24338/122
f 24339/123 24340/124 24338/122
f 24341/125 24343/127 24342/126
f 24343/127 24344/128 24342/126
f 24345/129 24347/131 24346/130
f 24347/131 24348/132 24346/130
f 24349/133 24351/135 24350/134
f 24351/135 24352/136 24350/134
f 24353/137 24355/139 24354/138
f 24355/139 24356/140 24354/138
f 24357/141 24359/143 24358/142
f 24359/143 24360/144 24358/142
v -1.49000 2.68000 -0.05000
v -1.49000 2.68000 -0.05000
v -1.49000 2.68000 -0.05000
v -1.49000 2.68000 -0.05000
v -1.49000 2.68000 -0.05000
v -1.40515 2.54000 0.03485
v -1.40515 2.54000 -0.13485
v -1.57485 2.54000 -0.13485
v -1.57485 2.54000 0.03485
v -1.40515 2.54000 0.03485
v -1.49000 2.54000 -0.05000
v -1.49000 2.54000 -0.05000
v -1.49000 2.54000 -0.05000
v -1.49000 2.54000 -0.05000
v -1.40515 2.54000 0.03485
v -1.40515 2.54000 -0.13485
v -1.57485 2.54000 -0.13485
v -1.57485 2.54000 0.03485
v -1.40515 2.54000 0.03485
vt 0.00000 0.00000
vt 0.25000 0.00000
vt 0.50000 0.00000
vt 0.75000 0.00000
vt 1.00000 0.00000
vt 0.00000 1.00000
vt 0.25000 1.00000
vt 0.50000 1.00000
vt 0.75000 1.00000
vt 1.00000 1.00000
vt 0.50000 0.50000
vt 0.50000 0.50000
vt 0.50000 0.50000
vt 0.50000 0.50000
vt 1.00000 0.50000
vt 0.50000 1.00000
vt 0.00000 0.50000
vt 0.50000 0.00000
vt 1.00000 0.50000
f 24366/150 24367/151 24362/146
f 24367/151 24368/152 24363/147
f 24368/152 24369/153 24364/148
f 24369/153 24370/154 24365/149
f 24376/160 24375/159 24371/155
f 24377/161 24376/160 24372/156
f 24378/162 24377/161 24373/157
f 24379/163 24378/162 24374/158
v 1.57000 2.54000 0.03000
v 1.57000 2.54000 -0.13000
v 1.57000 0.00000 0.03000
v 1.57000 0.00000 -0.13000
v 1.41000 2.54000 -0.13000
v 1.41000 2.54000 0.03000
v 1.41000 0.00000 -0.13000
v 1.41000 0.00000 0.03000
v 1.41000 2.54000 -0.13000
v 1.57000 2.54000 -0.13000
v 1.41000 2.54000 0.03000
v 1.57000 2.54000 0.03000
v 1.41000 0.00000 0.03000
v 1.57000 0.00000 0.03000
v 1.41000 0.00000 -0.13000
v 1.57000 0.00000 -0.13000
v 1.41000 2.54000 0.03000
v 1.57000 2.54000 0.03000
v 1.41000 0.00000 0.03000
v 1.57000 0.00000 0.03000
v 1.57000 2.54000 -0.13000
v 1.41000 2.54000 -0.13000
v 1.57000 0.00000 -0.13000
v 1.41000 0.00000 -0.13000
vt 0.00000 0.00000
vt 1.00000 0.00000
vt 0.00000 1.00000
vt 1.00000 1.00000
vt 0.00000 0.00000
vt 1.00000 0.00000
vt 0.00000 1.00000
vt 1.00000 1.00000
vt 0.00000 0.00000
vt 1.00000 0.00000
vt 0.00000 1.00000
vt 1.00000 1.00000
vt 0.00000 0.00000
vt 1.00000 0.00000
vt 0.00000 1.00000
vt 1.00000 1.00000
vt 0.00000 0.00000
vt 1.00000 0.00000
vt 0.00000 1.00000
vt 1.00000 1.00000
vt 0.00000 0.00000
vt 1.00000 0.00000
vt 0.00000 1.00000
vt 1.00000 1.00000
f 24380/164 24382/166 24381/165
f 24382/166 24383/167 24381/165
f 24384/168 24386/170 24385/169
f 24386/170 24387/171 24385/169
f 24388/172 24390/174 24389/173
f 24390/174 24391/175 24389/173
f 24392/176 24394/178 24393/177
f 24394/178 24395/179 24393/177
f 24396/180 24398/182 24397/181
f 24398/182 24399/183 24397/181
f 24400/184 24402/186 24401/185
f 24402/186 24403/187 24401/185
v 1.49000 2.68000 -0.05000
v 1.49000 2.68000 -0.05000
v 1.49000 2.68000 -0.05000
v 1.49000 2.68000 -0.05000
v 1.49000 2.68000 -0.05000
v 1.57485 2.54000 0.03485
v 1.57485 2.54000 -0.13485
v 1.40515 2.54000 -0.13485
v 1.40515 2.54000 0.03485
v 1.57485 2.54000 0.03485
v 1.49000 2.54000 -0.05000
v 1.49000 2.54000 -0.05000
v 1.49000 2.54000 -0.05000
v 1.49000 2.54000 -0.05000
v 1.57485 2.54000 0.03485
v 1.57485 2.54000 -0.13485
v 1.40515 2.54000 -0.13485
v 1.40515 2.54000 0.03485
v 1.57485 2.54000 0.03485
vt 0.00000 0.00000
vt 0.25000 0.00000
vt 0.50000 0.00000
vt 0.75000 0.00000
vt 1.00000 0.00000
vt 0.00000 1.00000
vt 0.25000 1.00000
vt 0.50000 1.00000
vt 0.75000 1.00000
vt 1.00000 1.00000
vt 0.50000 0.50000
vt 0.50000 0.50000
vt 0.50000 0.50000
vt 0.50000 0.50000
vt 1.00000 0.50000
vt 0.50000 1.00000
vt 0.00000 0.50000
vt 0.50000 0.00000
vt 1.00000 0.50000
f 24409/193 24410/194 24405/189
f 24410/194 24411/195 24406/190
f 24411/195 24412/196 24407/191
f 24412/196 24413/197 24408/192
f 24419/203 24418/202 24414/198
f 24420/204 24419/203 24415/199
f 24421/205 24420/204 24416/200
f 24422/206 24421/205 24417/201
