mtllib Workshop.mtl
o Workshop
usemtl concrete
v 1.55000 0.18000 2.15000
v 1.55000 0.18000 -2.15000
v 1.55000 -0.00000 2.15000
v 1.55000 -0.00000 -2.15000
v -1.55000 0.18000 -2.15000
v -1.55000 0.18000 2.15000
v -1.55000 -0.00000 -2.15000
v -1.55000 -0.00000 2.15000
v -1.55000 0.18000 -2.15000
v 1.55000 0.18000 -2.15000
v -1.55000 0.18000 2.15000
v 1.55000 0.18000 2.15000
v -1.55000 -0.00000 2.15000
v 1.55000 -0.00000 2.15000
v -1.55000 -0.00000 -2.15000
v 1.55000 -0.00000 -2.15000
v -1.55000 0.18000 2.15000
v 1.55000 0.18000 2.15000
v -1.55000 -0.00000 2.15000
v 1.55000 -0.00000 2.15000
v 1.55000 0.18000 -2.15000
v -1.55000 0.18000 -2.15000
v 1.55000 -0.00000 -2.15000
v -1.55000 -0.00000 -2.15000
vt 0.00000 0.00000
vt 1.00000 0.00000
vt 0.00000 1.00000
vt 1.00000 1.00000
vt 0.00000 0.00000
vt 1.00000 0.00000
vt 0.00000 1.00000
vt 1.00000 1.00000
vt 0.00000 0.00000
vt 1.00000 0.00000
vt 0.00000 1.00000
vt 1.00000 1.00000
vt 0.00000 0.00000
vt 1.00000 0.00000
vt 0.00000 1.00000
vt 1.00000 1.00000
vt 0.00000 0.00000
vt 1.00000 0.00000
vt 0.00000 1.00000
vt 1.00000 1.00000
vt 0.00000 0.00000
vt 1.00000 0.00000
vt 0.00000 1.00000
vt 1.00000 1.00000
f 1/1 3/3 2/2
f 3/3 4/4 2/2
f 5/5 7/7 6/6
f 7/7 8/8 6/6
f 9/9 11/11 10/10
f 11/11 12/12 10/10
f 13/13 15/15 14/14
f 15/15 16/16 14/14
f 17/17 19/19 18/18
f 19/19 20/20 18/18
f 21/21 23/23 22/22
f 23/23 24/24 22/22
usemtl siding_taupe
v 1.50000 2.48000 -1.99000
v 1.50000 2.48000 -2.10000
v 1.50000 0.18000 -1.99000
v 1.50000 0.18000 -2.10000
v -1.50000 2.48000 -2.10000
v -1.50000 2.48000 -1.99000
v -1.50000 0.18000 -2.10000
v -1.50000 0.18000 -1.99000
v -1.50000 2.48000 -2.10000
v 1.50000 2.48000 -2.10000
v -1.50000 2.48000 -1.99000
v 1.50000 2.48000 -1.99000
v -1.50000 0.18000 -1.99000
v 1.50000 0.18000 -1.99000
v -1.50000 0.18000 -2.10000
v 1.50000 0.18000 -2.10000
v -1.50000 2.48000 -1.99000
v 1.50000 2.48000 -1.99000
v -1.50000 0.18000 -1.99000
v 1.50000 0.18000 -1.99000
v 1.50000 2.48000 -2.10000
v -1.50000 2.48000 -2.10000
v 1.50000 0.18000 -2.10000
v -1.50000 0.18000 -2.10000
vt 0.00000 0.00000
vt 1.00000 0.00000
vt 0.00000 1.00000
vt 1.00000 1.00000
vt 0.00000 0.00000
vt 1.00000 0.00000
vt 0.00000 1.00000
vt 1.00000 1.00000
vt 0.00000 0.00000
vt 1.00000 0.00000
vt 0.00000 1.00000
vt 1.00000 1.00000
vt 0.00000 0.00000
vt 1.00000 0.00000
vt 0.00000 1.00000
vt 1.00000 1.00000
vt 0.00000 0.00000
vt 1.00000 0.00000
vt 0.00000 1.00000
vt 1.00000 1.00000
vt 0.00000 0.00000
vt 1.00000 0.00000
vt 0.00000 1.00000
vt 1.00000 1.00000
f 25/25 27/27 26/26
f 27/27 28/28 26/26
f 29/29 31/31 30/30
f 31/31 32/32 30/30
f 33/33 35/35 34/34
f 35/35 36/36 34/34
f 37/37 39/39 38/38
f 39/39 40/40 38/38
f 41/41 43/43 42/42
f 43/43 44/44 42/42
f 45/45 47/47 46/46
f 47/47 48/48 46/46
v -1.50000 2.48000 -2.10000
v 0.00000 3.13000 -2.10000
v 1.50000 2.48000 -2.10000
v 1.50000 2.48000 -1.99000
v 0.00000 3.13000 -1.99000
v -1.50000 2.48000 -1.99000
v -1.50000 2.48000 -2.10000
v 1.50000 2.48000 -2.10000
v -1.50000 2.48000 -1.99000
v 1.50000 2.48000 -2.10000
v 1.50000 2.48000 -1.99000
v -1.50000 2.48000 -1.99000
v 1.50000 2.48000 -2.10000
v 0.00000 3.13000 -2.10000
v 1.50000 2.48000 -1.99000
v 0.00000 3.13000 -2.10000
v 0.00000 3.13000 -1.99000
v 1.50000 2.48000 -1.99000
v 0.00000 3.13000 -2.10000
v -1.50000 2.48000 -2.10000
v 0.00000 3.13000 -1.99000
v -1.50000 2.48000 -2.10000
v -1.50000 2.48000 -1.99000
v 0.00000 3.13000 -1.99000
vt -1.50000 1.00000
vt 0.00000 0.35000
vt 1.50000 1.00000
vt 1.50000 1.00000
vt 0.00000 0.35000
vt -1.50000 1.00000
vt -1.50000 0.00000
vt 1.50000 0.00000
vt -1.50000 0.11000
vt 1.50000 0.00000
vt 1.50000 0.11000
vt -1.50000 0.11000
vt 1.50000 0.00000
vt 0.00000 0.00000
vt 1.50000 0.11000
vt 0.00000 0.00000
vt 0.00000 0.11000
vt 1.50000 0.11000
vt 0.00000 0.00000
vt -1.50000 0.00000
vt 0.00000 0.11000
vt -1.50000 0.00000
vt -1.50000 0.11000
vt 0.00000 0.11000
f 49/49 50/50 51/51
f 52/52 53/53 54/54
f 55/55 56/56 57/57
f 58/58 59/59 60/60
f 61/61 62/62 63/63
f 64/64 65/65 66/66
f 67/67 68/68 69/69
f 70/70 71/71 72/72
v -1.39000 2.48000 -2.10000
v -1.50000 2.48000 -2.10000
v -1.39000 0.18000 -2.10000
v -1.50000 0.18000 -2.10000
v -1.50000 2.48000 2.10000
v -1.39000 2.48000 2.10000
v -1.50000 0.18000 2.10000
v -1.39000 0.18000 2.10000
v -1.50000 2.48000 2.10000
v -1.50000 2.48000 -2.10000
v -1.39000 2.48000 2.10000
v -1.39000 2.48000 -2.10000
v -1.39000 0.18000 2.10000
v -1.39000 0.18000 -2.10000
v -1.50000 0.18000 2.10000
v -1.50000 0.18000 -2.10000
v -1.39000 2.48000 2.10000
v -1.39000 2.48000 -2.10000
v -1.39000 0.18000 2.10000
v -1.39000 0.18000 -2.10000
v -1.50000 2.48000 -2.10000
v -1.50000 2.48000 2.10000
v -1.50000 0.18000 -2.10000
v -1.50000 0.18000 2.10000
vt 0.00000 0.00000
vt 1.00000 0.00000
vt 0.00000 1.00000
vt 1.00000 1.00000
vt 0.00000 0.00000
vt 1.00000 0.00000
vt 0.00000 1.00000
vt 1.00000 1.00000
vt 0.00000 0.00000
vt 1.00000 0.00000
vt 0.00000 1.00000
vt 1.00000 1.00000
vt 0.00000 0.00000
vt 1.00000 0.00000
vt 0.00000 1.00000
vt 1.00000 1.00000
vt 0.00000 0.00000
vt 1.00000 0.00000
vt 0.00000 1.00000
vt 1.00000 1.00000
vt 0.00000 0.00000
vt 1.00000 0.00000
vt 0.00000 1.00000
vt 1.00000 1.00000
f 73/73 75/75 74/74
f 75/75 76/76 74/74
f 77/77 79/79 78/78
f 79/79 80/80 78/78
f 81/81 83/83 82/82
f 83/83 84/84 82/82
f 85/85 87/87 86/86
f 87/87 88/88 86/86
f 89/89 91/91 90/90
f 91/91 92/92 90/90
f 93/93 95/95 94/94
f 95/95 96/96 94/94
v 1.50000 2.48000 -2.10000
v 1.39000 2.48000 -2.10000
v 1.50000 0.18000 -2.10000
v 1.39000 0.18000 -2.10000
v 1.39000 2.48000 2.10000
v 1.50000 2.48000 2.10000
v 1.39000 0.18000 2.10000
v 1.50000 0.18000 2.10000
v 1.39000 2.48000 2.10000
v 1.39000 2.48000 -2.10000
v 1.50000 2.48000 2.10000
v 1.50000 2.48000 -2.10000
v 1.50000 0.18000 2.10000
v 1.50000 0.18000 -2.10000
v 1.39000 0.18000 2.10000
v 1.39000 0.18000 -2.10000
v 1.50000 2.48000 2.10000
v 1.50000 2.48000 -2.10000
v 1.50000 0.18000 2.10000
v 1.50000 0.18000 -2.10000
v 1.39000 2.48000 -2.10000
v 1.39000 2.48000 2.10000
v 1.39000 0.18000 -2.10000
v 1.39000 0.18000 2.10000
vt 0.00000 0.00000
vt 1.00000 0.00000
vt 0.00000 1.00000
vt 1.00000 1.00000
vt 0.00000 0.00000
vt 1.00000 0.00000
vt 0.00000 1.00000
vt 1.00000 1.00000
vt 0.00000 0.00000
vt 1.00000 0.00000
vt 0.00000 1.00000
vt 1.00000 1.00000
vt 0.00000 0.00000
vt 1.00000 0.00000
vt 0.00000 1.00000
vt 1.00000 1.00000
vt 0.00000 0.00000
vt 1.00000 0.00000
vt 0.00000 1.00000
vt 1.00000 1.00000
vt 0.00000 0.00000
vt 1.00000 0.00000
vt 0.00000 1.00000
vt 1.00000 1.00000
f 97/97 99/99 98/98
f 99/99 100/100 98/98
f 101/101 103/103 102/102
f 103/103 104/104 102/102
f 105/105 107/107 106/106
f 107/107 108/108 106/106
f 109/109 111/111 110/110
f 111/111 112/112 110/110
f 113/113 115/115 114/114
f 115/115 116/116 114/114
f 117/117 119/119 118/118
f 119/119 120/120 118/118
v -0.85000 2.48000 2.10000
v -0.85000 2.48000 1.99000
v -0.85000 0.18000 2.10000
v -0.85000 0.18000 1.99000
v -1.50000 2.48000 1.99000
v -1.50000 2.48000 2.10000
v -1.50000 0.18000 1.99000
v -1.50000 0.18000 2.10000
v -1.50000 2.48000 1.99000
v -0.85000 2.48000 1.99000
v -1.50000 2.48000 2.10000
v -0.85000 2.48000 2.10000
v -1.50000 0.18000 2.10000
v -0.85000 0.18000 2.10000
v -1.50000 0.18000 1.99000
v -0.85000 0.18000 1.99000
v -1.50000 2.48000 2.10000
v -0.85000 2.48000 2.10000
v -1.50000 0.18000 2.10000
v -0.85000 0.18000 2.10000
v -0.85000 2.48000 1.99000
v -1.50000 2.48000 1.99000
v -0.85000 0.18000 1.99000
v -1.50000 0.18000 1.99000
vt 0.00000 0.00000
vt 1.00000 0.00000
vt 0.00000 1.00000
vt 1.00000 1.00000
vt 0.00000 0.00000
vt 1.00000 0.00000
vt 0.00000 1.00000
vt 1.00000 1.00000
vt 0.00000 0.00000
vt 1.00000 0.00000
vt 0.00000 1.00000
vt 1.00000 1.00000
vt 0.00000 0.00000
vt 1.00000 0.00000
vt 0.00000 1.00000
vt 1.00000 1.00000
vt 0.00000 0.00000
vt 1.00000 0.00000
vt 0.00000 1.00000
vt 1.00000 1.00000
vt 0.00000 0.00000
vt 1.00000 0.00000
vt 0.00000 1.00000
vt 1.00000 1.00000
f 121/121 123/123 122/122
f 123/123 124/124 122/122
f 125/125 127/127 126/126
f 127/127 128/128 126/126
f 129/129 131/131 130/130
f 131/131 132/132 130/130
f 133/133 135/135 134/134
f 135/135 136/136 134/134
f 137/137 139/139 138/138
f 139/139 140/140 138/138
f 141/141 143/143 142/142
f 143/143 144/144 142/142
v 1.50000 2.48000 2.10000
v 1.50000 2.48000 1.99000
v 1.50000 0.18000 2.10000
v 1.50000 0.18000 1.99000
v 0.85000 2.48000 1.99000
v 0.85000 2.48000 2.10000
v 0.85000 0.18000 1.99000
v 0.85000 0.18000 2.10000
v 0.85000 2.48000 1.99000
v 1.50000 2.48000 1.99000
v 0.85000 2.48000 2.10000
v 1.50000 2.48000 2.10000
v 0.85000 0.18000 2.10000
v 1.50000 0.18000 2.10000
v 0.85000 0.18000 1.99000
v 1.50000 0.18000 1.99000
v 0.85000 2.48000 2.10000
v 1.50000 2.48000 2.10000
v 0.85000 0.18000 2.10000
v 1.50000 0.18000 2.10000
v 1.50000 2.48000 1.99000
v 0.85000 2.48000 1.99000
v 1.50000 0.18000 1.99000
v 0.85000 0.18000 1.99000
vt 0.00000 0.00000
vt 1.00000 0.00000
vt 0.00000 1.00000
vt 1.00000 1.00000
vt 0.00000 0.00000
vt 1.00000 0.00000
vt 0.00000 1.00000
vt 1.00000 1.00000
vt 0.00000 0.00000
vt 1.00000 0.00000
vt 0.00000 1.00000
vt 1.00000 1.00000
vt 0.00000 0.00000
vt 1.00000 0.00000
vt 0.00000 1.00000
vt 1.00000 1.00000
vt 0.00000 0.00000
vt 1.00000 0.00000
vt 0.00000 1.00000
vt 1.00000 1.00000
vt 0.00000 0.00000
vt 1.00000 0.00000
vt 0.00000 1.00000
vt 1.00000 1.00000
f 145/145 147/147 146/146
f 147/147 148/148 146/146
f 149/149 151/151 150/150
f 151/151 152/152 150/150
f 153/153 155/155 154/154
f 155/155 156/156 154/154
f 157/157 159/159 158/158
f 159/159 160/160 158/158
f 161/161 163/163 162/162
f 163/163 164/164 162/162
f 165/165 167/167 166/166
f 167/167 168/168 166/166
v 1.50000 2.48000 2.10000
v 1.50000 2.48000 1.99000
v 1.50000 2.18000 2.10000
v 1.50000 2.18000 1.99000
v -1.50000 2.48000 1.99000
v -1.50000 2.48000 2.10000
v -1.50000 2.18000 1.99000
v -1.50000 2.18000 2.10000
v -1.50000 2.48000 1.99000
v 1.50000 2.48000 1.99000
v -1.50000 2.48000 2.10000
v 1.50000 2.48000 2.10000
v -1.50000 2.18000 2.10000
v 1.50000 2.18000 2.10000
v -1.50000 2.18000 1.99000
v 1.50000 2.18000 1.99000
v -1.50000 2.48000 2.10000
v 1.50000 2.48000 2.10000
v -1.50000 2.18000 2.10000
v 1.50000 2.18000 2.10000
v 1.50000 2.48000 1.99000
v -1.50000 2.48000 1.99000
v 1.50000 2.18000 1.99000
v -1.50000 2.18000 1.99000
vt 0.00000 0.00000
vt 1.00000 0.00000
vt 0.00000 1.00000
vt 1.00000 1.00000
vt 0.00000 0.00000
vt 1.00000 0.00000
vt 0.00000 1.00000
vt 1.00000 1.00000
vt 0.00000 0.00000
vt 1.00000 0.00000
vt 0.00000 1.00000
vt 1.00000 1.00000
vt 0.00000 0.00000
vt 1.00000 0.00000
vt 0.00000 1.00000
vt 1.00000 1.00000
vt 0.00000 0.00000
vt 1.00000 0.00000
vt 0.00000 1.00000
vt 1.00000 1.00000
vt 0.00000 0.00000
vt 1.00000 0.00000
vt 0.00000 1.00000
vt 1.00000 1.00000
f 169/169 171/171 170/170
f 171/171 172/172 170/170
f 173/173 175/175 174/174
f 175/175 176/176 174/174
f 177/177 179/179 178/178
f 179/179 180/180 178/178
f 181/181 183/183 182/182
f 183/183 184/184 182/182
f 185/185 187/187 186/186
f 187/187 188/188 186/186
f 189/189 191/191 190/190
f 191/191 192/192 190/190
v -1.50000 2.48000 1.99000
v 0.00000 3.13000 1.99000
v 1.50000 2.48000 1.99000
v 1.50000 2.48000 2.10000
v 0.00000 3.13000 2.10000
v -1.50000 2.48000 2.10000
v -1.50000 2.48000 1.99000
v 1.50000 2.48000 1.99000
v -1.50000 2.48000 2.10000
v 1.50000 2.48000 1.99000
v 1.50000 2.48000 2.10000
v -1.50000 2.48000 2.10000
v 1.50000 2.48000 1.99000
v 0.00000 3.13000 1.99000
v 1.50000 2.48000 2.10000
v 0.00000 3.13000 1.99000
v 0.00000 3.13000 2.10000
v 1.50000 2.48000 2.10000
v 0.00000 3.13000 1.99000
v -1.50000 2.48000 1.99000
v 0.00000 3.13000 2.10000
v -1.50000 2.48000 1.99000
v -1.50000 2.48000 2.10000
v 0.00000 3.13000 2.10000
vt -1.50000 1.00000
vt 0.00000 0.35000
vt 1.50000 1.00000
vt 1.50000 1.00000
vt 0.00000 0.35000
vt -1.50000 1.00000
vt -1.50000 0.00000
vt 1.50000 0.00000
vt -1.50000 0.11000
vt 1.50000 0.00000
vt 1.50000 0.11000
vt -1.50000 0.11000
vt 1.50000 0.00000
vt 0.00000 0.00000
vt 1.50000 0.11000
vt 0.00000 0.00000
vt 0.00000 0.11000
vt 1.50000 0.11000
vt 0.00000 0.00000
vt -1.50000 0.00000
vt 0.00000 0.11000
vt -1.50000 0.00000
vt -1.50000 0.11000
vt 0.00000 0.11000
f 193/193 194/194 195/195
f 196/196 197/197 198/198
f 199/199 200/200 201/201
f 202/202 203/203 204/204
f 205/205 206/206 207/207
f 208/208 209/209 210/210
f 211/211 212/212 213/213
f 214/214 215/215 216/216
usemtl siding_shadowline
v 1.50000 0.37600 -1.98835
v 1.50000 0.37600 -2.04885
v 1.50000 0.36400 -1.98835
v 1.50000 0.36400 -2.04885
v -1.50000 0.37600 -2.04885
v -1.50000 0.37600 -1.98835
v -1.50000 0.36400 -2.04885
v -1.50000 0.36400 -1.98835
v -1.50000 0.37600 -2.04885
v 1.50000 0.37600 -2.04885
v -1.50000 0.37600 -1.98835
v 1.50000 0.37600 -1.98835
v -1.50000 0.36400 -1.98835
v 1.50000 0.36400 -1.98835
v -1.50000 0.36400 -2.04885
v 1.50000 0.36400 -2.04885
v -1.50000 0.37600 -1.98835
v 1.50000 0.37600 -1.98835
v -1.50000 0.36400 -1.98835
v 1.50000 0.36400 -1.98835
v 1.50000 0.37600 -2.04885
v -1.50000 0.37600 -2.04885
v 1.50000 0.36400 -2.04885
v -1.50000 0.36400 -2.04885
vt 0.00000 0.00000
vt 1.00000 0.00000
vt 0.00000 1.00000
vt 1.00000 1.00000
vt 0.00000 0.00000
vt 1.00000 0.00000
vt 0.00000 1.00000
vt 1.00000 1.00000
vt 0.00000 0.00000
vt 1.00000 0.00000
vt 0.00000 1.00000
vt 1.00000 1.00000
vt 0.00000 0.00000
vt 1.00000 0.00000
vt 0.00000 1.00000
vt 1.00000 1.00000
vt 0.00000 0.00000
vt 1.00000 0.00000
vt 0.00000 1.00000
vt 1.00000 1.00000
vt 0.00000 0.00000
vt 1.00000 0.00000
vt 0.00000 1.00000
vt 1.00000 1.00000
f 217/217 219/219 218/218
f 219/219 220/220 218/218
f 221/221 223/223 222/222
f 223/223 224/224 222/222
f 225/225 227/227 226/226
f 227/227 228/228 226/226
f 229/229 231/231 230/230
f 231/231 232/232 230/230
f 233/233 235/235 234/234
f 235/235 236/236 234/234
f 237/237 239/239 238/238
f 239/239 240/240 238/238
v 1.50000 0.56600 -1.98835
v 1.50000 0.56600 -2.04885
v 1.50000 0.55400 -1.98835
v 1.50000 0.55400 -2.04885
v -1.50000 0.56600 -2.04885
v -1.50000 0.56600 -1.98835
v -1.50000 0.55400 -2.04885
v -1.50000 0.55400 -1.98835
v -1.50000 0.56600 -2.04885
v 1.50000 0.56600 -2.04885
v -1.50000 0.56600 -1.98835
v 1.50000 0.56600 -1.98835
v -1.50000 0.55400 -1.98835
v 1.50000 0.55400 -1.98835
v -1.50000 0.55400 -2.04885
v 1.50000 0.55400 -2.04885
v -1.50000 0.56600 -1.98835
v 1.50000 0.56600 -1.98835
v -1.50000 0.55400 -1.98835
v 1.50000 0.55400 -1.98835
v 1.50000 0.56600 -2.04885
v -1.50000 0.56600 -2.04885
v 1.50000 0.55400 -2.04885
v -1.50000 0.55400 -2.04885
vt 0.00000 0.00000
vt 1.00000 0.00000
vt 0.00000 1.00000
vt 1.00000 1.00000
vt 0.00000 0.00000
vt 1.00000 0.00000
vt 0.00000 1.00000
vt 1.00000 1.00000
vt 0.00000 0.00000
vt 1.00000 0.00000
vt 0.00000 1.00000
vt 1.00000 1.00000
vt 0.00000 0.00000
vt 1.00000 0.00000
vt 0.00000 1.00000
vt 1.00000 1.00000
vt 0.00000 0.00000
vt 1.00000 0.00000
vt 0.00000 1.00000
vt 1.00000 1.00000
vt 0.00000 0.00000
vt 1.00000 0.00000
vt 0.00000 1.00000
vt 1.00000 1.00000
f 241/241 243/243 242/242
f 243/243 244/244 242/242
f 245/245 247/247 246/246
f 247/247 248/248 246/246
f 249/249 251/251 250/250
f 251/251 252/252 250/250
f 253/253 255/255 254/254
f 255/255 256/256 254/254
f 257/257 259/259 258/258
f 259/259 260/260 258/258
f 261/261 263/263 262/262
f 263/263 264/264 262/262
v 1.50000 0.75600 -1.98835
v 1.50000 0.75600 -2.04885
v 1.50000 0.74400 -1.98835
v 1.50000 0.74400 -2.04885
v -1.50000 0.75600 -2.04885
v -1.50000 0.75600 -1.98835
v -1.50000 0.74400 -2.04885
v -1.50000 0.74400 -1.98835
v -1.50000 0.75600 -2.04885
v 1.50000 0.75600 -2.04885
v -1.50000 0.75600 -1.98835
v 1.50000 0.75600 -1.98835
v -1.50000 0.74400 -1.98835
v 1.50000 0.74400 -1.98835
v -1.50000 0.74400 -2.04885
v 1.50000 0.74400 -2.04885
v -1.50000 0.75600 -1.98835
v 1.50000 0.75600 -1.98835
v -1.50000 0.74400 -1.98835
v 1.50000 0.74400 -1.98835
v 1.50000 0.75600 -2.04885
v -1.50000 0.75600 -2.04885
v 1.50000 0.74400 -2.04885
v -1.50000 0.74400 -2.04885
vt 0.00000 0.00000
vt 1.00000 0.00000
vt 0.00000 1.00000
vt 1.00000 1.00000
vt 0.00000 0.00000
vt 1.00000 0.00000
vt 0.00000 1.00000
vt 1.00000 1.00000
vt 0.00000 0.00000
vt 1.00000 0.00000
vt 0.00000 1.00000
vt 1.00000 1.00000
vt 0.00000 0.00000
vt 1.00000 0.00000
vt 0.00000 1.00000
vt 1.00000 1.00000
vt 0.00000 0.00000
vt 1.00000 0.00000
vt 0.00000 1.00000
vt 1.00000 1.00000
vt 0.00000 0.00000
vt 1.00000 0.00000
vt 0.00000 1.00000
vt 1.00000 1.00000
f 265/265 267/267 266/266
f 267/267 268/268 266/266
f 269/269 271/271 270/270
f 271/271 272/272 270/270
f 273/273 275/275 274/274
f 275/275 276/276 274/274
f 277/277 279/279 278/278
f 279/279 280/280 278/278
f 281/281 283/283 282/282
f 283/283 284/284 282/282
f 285/285 287/287 286/286
f 287/287 288/288 286/286
v 1.50000 0.94600 -1.98835
v 1.50000 0.94600 -2.04885
v 1.50000 0.93400 -1.98835
v 1.50000 0.93400 -2.04885
v -1.50000 0.94600 -2.04885
v -1.50000 0.94600 -1.98835
v -1.50000 0.93400 -2.04885
v -1.50000 0.93400 -1.98835
v -1.50000 0.94600 -2.04885
v 1.50000 0.94600 -2.04885
v -1.50000 0.94600 -1.98835
v 1.50000 0.94600 -1.98835
v -1.50000 0.93400 -1.98835
v 1.50000 0.93400 -1.98835
v -1.50000 0.93400 -2.04885
v 1.50000 0.93400 -2.04885
v -1.50000 0.94600 -1.98835
v 1.50000 0.94600 -1.98835
v -1.50000 0.93400 -1.98835
v 1.50000 0.93400 -1.98835
v 1.50000 0.94600 -2.04885
v -1.50000 0.94600 -2.04885
v 1.50000 0.93400 -2.04885
v -1.50000 0.93400 -2.04885
vt 0.00000 0.00000
vt 1.00000 0.00000
vt 0.00000 1.00000
vt 1.00000 1.00000
vt 0.00000 0.00000
vt 1.00000 0.00000
vt 0.00000 1.00000
vt 1.00000 1.00000
vt 0.00000 0.00000
vt 1.00000 0.00000
vt 0.00000 1.00000
vt 1.00000 1.00000
vt 0.00000 0.00000
vt 1.00000 0.00000
vt 0.00000 1.00000
vt 1.00000 1.00000
vt 0.00000 0.00000
vt 1.00000 0.00000
vt 0.00000 1.00000
vt 1.00000 1.00000
vt 0.00000 0.00000
vt 1.00000 0.00000
vt 0.00000 1.00000
vt 1.00000 1.00000
f 289/289 291/291 290/290
f 291/291 292/292 290/290
f 293/293 295/295 294/294
f 295/295 296/296 294/294
f 297/297 299/299 298/298
f 299/299 300/300 298/298
f 301/301 303/303 302/302
f 303/303 304/304 302/302
f 305/305 307/307 306/306
f 307/307 308/308 306/306
f 309/309 311/311 310/310
f 311/311 312/312 310/310
v 1.50000 1.13600 -1.98835
v 1.50000 1.13600 -2.04885
v 1.50000 1.12400 -1.98835
v 1.50000 1.12400 -2.04885
v -1.50000 1.13600 -2.04885
v -1.50000 1.13600 -1.98835
v -1.50000 1.12400 -2.04885
v -1.50000 1.12400 -1.98835
v -1.50000 1.13600 -2.04885
v 1.50000 1.13600 -2.04885
v -1.50000 1.13600 -1.98835
v 1.50000 1.13600 -1.98835
v -1.50000 1.12400 -1.98835
v 1.50000 1.12400 -1.98835
v -1.50000 1.12400 -2.04885
v 1.50000 1.12400 -2.04885
v -1.50000 1.13600 -1.98835
v 1.50000 1.13600 -1.98835
v -1.50000 1.12400 -1.98835
v 1.50000 1.12400 -1.98835
v 1.50000 1.13600 -2.04885
v -1.50000 1.13600 -2.04885
v 1.50000 1.12400 -2.04885
v -1.50000 1.12400 -2.04885
vt 0.00000 0.00000
vt 1.00000 0.00000
vt 0.00000 1.00000
vt 1.00000 1.00000
vt 0.00000 0.00000
vt 1.00000 0.00000
vt 0.00000 1.00000
vt 1.00000 1.00000
vt 0.00000 0.00000
vt 1.00000 0.00000
vt 0.00000 1.00000
vt 1.00000 1.00000
vt 0.00000 0.00000
vt 1.00000 0.00000
vt 0.00000 1.00000
vt 1.00000 1.00000
vt 0.00000 0.00000
vt 1.00000 0.00000
vt 0.00000 1.00000
vt 1.00000 1.00000
vt 0.00000 0.00000
vt 1.00000 0.00000
vt 0.00000 1.00000
vt 1.00000 1.00000
f 313/313 315/315 314/314
f 315/315 316/316 314/314
f 317/317 319/319 318/318
f 319/319 320/320 318/318
f 321/321 323/323 322/322
f 323/323 324/324 322/322
f 325/325 327/327 326/326
f 327/327 328/328 326/326
f 329/329 331/331 330/330
f 331/331 332/332 330/330
f 333/333 335/335 334/334
f 335/335 336/336 334/334
v 1.50000 1.32600 -1.98835
v 1.50000 1.32600 -2.04885
v 1.50000 1.31400 -1.98835
v 1.50000 1.31400 -2.04885
v -1.50000 1.32600 -2.04885
v -1.50000 1.32600 -1.98835
v -1.50000 1.31400 -2.04885
v -1.50000 1.31400 -1.98835
v -1.50000 1.32600 -2.04885
v 1.50000 1.32600 -2.04885
v -1.50000 1.32600 -1.98835
v 1.50000 1.32600 -1.98835
v -1.50000 1.31400 -1.98835
v 1.50000 1.31400 -1.98835
v -1.50000 1.31400 -2.04885
v 1.50000 1.31400 -2.04885
v -1.50000 1.32600 -1.98835
v 1.50000 1.32600 -1.98835
v -1.50000 1.31400 -1.98835
v 1.50000 1.31400 -1.98835
v 1.50000 1.32600 -2.04885
v -1.50000 1.32600 -2.04885
v 1.50000 1.31400 -2.04885
v -1.50000 1.31400 -2.04885
vt 0.00000 0.00000
vt 1.00000 0.00000
vt 0.00000 1.00000
vt 1.00000 1.00000
vt 0.00000 0.00000
vt 1.00000 0.00000
vt 0.00000 1.00000
vt 1.00000 1.00000
vt 0.00000 0.00000
vt 1.00000 0.00000
vt 0.00000 1.00000
vt 1.00000 1.00000
vt 0.00000 0.00000
vt 1.00000 0.00000
vt 0.00000 1.00000
vt 1.00000 1.00000
vt 0.00000 0.00000
vt 1.00000 0.00000
vt 0.00000 1.00000
vt 1.00000 1.00000
vt 0.00000 0.00000
vt 1.00000 0.00000
vt 0.00000 1.00000
vt 1.00000 1.00000
f 337/337 339/339 338/338
f 339/339 340/340 338/338
f 341/341 343/343 342/342
f 343/343 344/344 342/342
f 345/345 347/347 346/346
f 347/347 348/348 346/346
f 349/349 351/351 350/350
f 351/351 352/352 350/350
f 353/353 355/355 354/354
f 355/355 356/356 354/354
f 357/357 359/359 358/358
f 359/359 360/360 358/358
v 1.50000 1.51600 -1.98835
v 1.50000 1.51600 -2.04885
v 1.50000 1.50400 -1.98835
v 1.50000 1.50400 -2.04885
v -1.50000 1.51600 -2.04885
v -1.50000 1.51600 -1.98835
v -1.50000 1.50400 -2.04885
v -1.50000 1.50400 -1.98835
v -1.50000 1.51600 -2.04885
v 1.50000 1.51600 -2.04885
v -1.50000 1.51600 -1.98835
v 1.50000 1.51600 -1.98835
v -1.50000 1.50400 -1.98835
v 1.50000 1.50400 -1.98835
v -1.50000 1.50400 -2.04885
v 1.50000 1.50400 -2.04885
v -1.50000 1.51600 -1.98835
v 1.50000 1.51600 -1.98835
v -1.50000 1.50400 -1.98835
v 1.50000 1.50400 -1.98835
v 1.50000 1.51600 -2.04885
v -1.50000 1.51600 -2.04885
v 1.50000 1.50400 -2.04885
v -1.50000 1.50400 -2.04885
vt 0.00000 0.00000
vt 1.00000 0.00000
vt 0.00000 1.00000
vt 1.00000 1.00000
vt 0.00000 0.00000
vt 1.00000 0.00000
vt 0.00000 1.00000
vt 1.00000 1.00000
vt 0.00000 0.00000
vt 1.00000 0.00000
vt 0.00000 1.00000
vt 1.00000 1.00000
vt 0.00000 0.00000
vt 1.00000 0.00000
vt 0.00000 1.00000
vt 1.00000 1.00000
vt 0.00000 0.00000
vt 1.00000 0.00000
vt 0.00000 1.00000
vt 1.00000 1.00000
vt 0.00000 0.00000
vt 1.00000 0.00000
vt 0.00000 1.00000
vt 1.00000 1.00000
f 361/361 363/363 362/362
f 363/363 364/364 362/362
f 365/365 367/367 366/366
f 367/367 368/368 366/366
f 369/369 371/371 370/370
f 371/371 372/372 370/370
f 373/373 375/375 374/374
f 375/375 376/376 374/374
f 377/377 379/379 378/378
f 379/379 380/380 378/378
f 381/381 383/383 382/382
f 383/383 384/384 382/382
v 1.50000 1.70600 -1.98835
v 1.50000 1.70600 -2.04885
v 1.50000 1.69400 -1.98835
v 1.50000 1.69400 -2.04885
v -1.50000 1.70600 -2.04885
v -1.50000 1.70600 -1.98835
v -1.50000 1.69400 -2.04885
v -1.50000 1.69400 -1.98835
v -1.50000 1.70600 -2.04885
v 1.50000 1.70600 -2.04885
v -1.50000 1.70600 -1.98835
v 1.50000 1.70600 -1.98835
v -1.50000 1.69400 -1.98835
v 1.50000 1.69400 -1.98835
v -1.50000 1.69400 -2.04885
v 1.50000 1.69400 -2.04885
v -1.50000 1.70600 -1.98835
v 1.50000 1.70600 -1.98835
v -1.50000 1.69400 -1.98835
v 1.50000 1.69400 -1.98835
v 1.50000 1.70600 -2.04885
v -1.50000 1.70600 -2.04885
v 1.50000 1.69400 -2.04885
v -1.50000 1.69400 -2.04885
vt 0.00000 0.00000
vt 1.00000 0.00000
vt 0.00000 1.00000
vt 1.00000 1.00000
vt 0.00000 0.00000
vt 1.00000 0.00000
vt 0.00000 1.00000
vt 1.00000 1.00000
vt 0.00000 0.00000
vt 1.00000 0.00000
vt 0.00000 1.00000
vt 1.00000 1.00000
vt 0.00000 0.00000
vt 1.00000 0.00000
vt 0.00000 1.00000
vt 1.00000 1.00000
vt 0.00000 0.00000
vt 1.00000 0.00000
vt 0.00000 1.00000
vt 1.00000 1.00000
vt 0.00000 0.00000
vt 1.00000 0.00000
vt 0.00000 1.00000
vt 1.00000 1.00000
f 385/385 387/387 386/386
f 387/387 388/388 386/386
f 389/389 391/391 390/390
f 391/391 392/392 390/390
f 393/393 395/395 394/394
f 395/395 396/396 394/394
f 397/397 399/399 398/398
f 399/399 400/400 398/398
f 401/401 403/403 402/402
f 403/403 404/404 402/402
f 405/405 407/407 406/406
f 407/407 408/408 406/406
v 1.50000 1.89600 -1.98835
v 1.50000 1.89600 -2.04885
v 1.50000 1.88400 -1.98835
v 1.50000 1.88400 -2.04885
v -1.50000 1.89600 -2.04885
v -1.50000 1.89600 -1.98835
v -1.50000 1.88400 -2.04885
v -1.50000 1.88400 -1.98835
v -1.50000 1.89600 -2.04885
v 1.50000 1.89600 -2.04885
v -1.50000 1.89600 -1.98835
v 1.50000 1.89600 -1.98835
v -1.50000 1.88400 -1.98835
v 1.50000 1.88400 -1.98835
v -1.50000 1.88400 -2.04885
v 1.50000 1.88400 -2.04885
v -1.50000 1.89600 -1.98835
v 1.50000 1.89600 -1.98835
v -1.50000 1.88400 -1.98835
v 1.50000 1.88400 -1.98835
v 1.50000 1.89600 -2.04885
v -1.50000 1.89600 -2.04885
v 1.50000 1.88400 -2.04885
v -1.50000 1.88400 -2.04885
vt 0.00000 0.00000
vt 1.00000 0.00000
vt 0.00000 1.00000
vt 1.00000 1.00000
vt 0.00000 0.00000
vt 1.00000 0.00000
vt 0.00000 1.00000
vt 1.00000 1.00000
vt 0.00000 0.00000
vt 1.00000 0.00000
vt 0.00000 1.00000
vt 1.00000 1.00000
vt 0.00000 0.00000
vt 1.00000 0.00000
vt 0.00000 1.00000
vt 1.00000 1.00000
vt 0.00000 0.00000
vt 1.00000 0.00000
vt 0.00000 1.00000
vt 1.00000 1.00000
vt 0.00000 0.00000
vt 1.00000 0.00000
vt 0.00000 1.00000
vt 1.00000 1.00000
f 409/409 411/411 410/410
f 411/411 412/412 410/410
f 413/413 415/415 414/414
f 415/415 416/416 414/414
f 417/417 419/419 418/418
f 419/419 420/420 418/418
f 421/421 423/423 422/422
f 423/423 424/424 422/422
f 425/425 427/427 426/426
f 427/427 428/428 426/426
f 429/429 431/431 430/430
f 431/431 432/432 430/430
v 1.50000 2.08600 -1.98835
v 1.50000 2.08600 -2.04885
v 1.50000 2.07400 -1.98835
v 1.50000 2.07400 -2.04885
v -1.50000 2.08600 -2.04885
v -1.50000 2.08600 -1.98835
v -1.50000 2.07400 -2.04885
v -1.50000 2.07400 -1.98835
v -1.50000 2.08600 -2.04885
v 1.50000 2.08600 -2.04885
v -1.50000 2.08600 -1.98835
v 1.50000 2.08600 -1.98835
v -1.50000 2.07400 -1.98835
v 1.50000 2.07400 -1.98835
v -1.50000 2.07400 -2.04885
v 1.50000 2.07400 -2.04885
v -1.50000 2.08600 -1.98835
v 1.50000 2.08600 -1.98835
v -1.50000 2.07400 -1.98835
v 1.50000 2.07400 -1.98835
v 1.50000 2.08600 -2.04885
v -1.50000 2.08600 -2.04885
v 1.50000 2.07400 -2.04885
v -1.50000 2.07400 -2.04885
vt 0.00000 0.00000
vt 1.00000 0.00000
vt 0.00000 1.00000
vt 1.00000 1.00000
vt 0.00000 0.00000
vt 1.00000 0.00000
vt 0.00000 1.00000
vt 1.00000 1.00000
vt 0.00000 0.00000
vt 1.00000 0.00000
vt 0.00000 1.00000
vt 1.00000 1.00000
vt 0.00000 0.00000
vt 1.00000 0.00000
vt 0.00000 1.00000
vt 1.00000 1.00000
vt 0.00000 0.00000
vt 1.00000 0.00000
vt 0.00000 1.00000
vt 1.00000 1.00000
vt 0.00000 0.00000
vt 1.00000 0.00000
vt 0.00000 1.00000
vt 1.00000 1.00000
f 433/433 435/435 434/434
f 435/435 436/436 434/434
f 437/437 439/439 438/438
f 439/439 440/440 438/438
f 441/441 443/443 442/442
f 443/443 444/444 442/442
f 445/445 447/447 446/446
f 447/447 448/448 446/446
f 449/449 451/451 450/450
f 451/451 452/452 450/450
f 453/453 455/455 454/454
f 455/455 456/456 454/454
v 1.50000 2.27600 -1.98835
v 1.50000 2.27600 -2.04885
v 1.50000 2.26400 -1.98835
v 1.50000 2.26400 -2.04885
v -1.50000 2.27600 -2.04885
v -1.50000 2.27600 -1.98835
v -1.50000 2.26400 -2.04885
v -1.50000 2.26400 -1.98835
v -1.50000 2.27600 -2.04885
v 1.50000 2.27600 -2.04885
v -1.50000 2.27600 -1.98835
v 1.50000 2.27600 -1.98835
v -1.50000 2.26400 -1.98835
v 1.50000 2.26400 -1.98835
v -1.50000 2.26400 -2.04885
v 1.50000 2.26400 -2.04885
v -1.50000 2.27600 -1.98835
v 1.50000 2.27600 -1.98835
v -1.50000 2.26400 -1.98835
v 1.50000 2.26400 -1.98835
v 1.50000 2.27600 -2.04885
v -1.50000 2.27600 -2.04885
v 1.50000 2.26400 -2.04885
v -1.50000 2.26400 -2.04885
vt 0.00000 0.00000
vt 1.00000 0.00000
vt 0.00000 1.00000
vt 1.00000 1.00000
vt 0.00000 0.00000
vt 1.00000 0.00000
vt 0.00000 1.00000
vt 1.00000 1.00000
vt 0.00000 0.00000
vt 1.00000 0.00000
vt 0.00000 1.00000
vt 1.00000 1.00000
vt 0.00000 0.00000
vt 1.00000 0.00000
vt 0.00000 1.00000
vt 1.00000 1.00000
vt 0.00000 0.00000
vt 1.00000 0.00000
vt 0.00000 1.00000
vt 1.00000 1.00000
vt 0.00000 0.00000
vt 1.00000 0.00000
vt 0.00000 1.00000
vt 1.00000 1.00000
f 457/457 459/459 458/458
f 459/459 460/460 458/458
f 461/461 463/463 462/462
f 463/463 464/464 462/462
f 465/465 467/467 466/466
f 467/467 468/468 466/466
f 469/469 471/471 470/470
f 471/471 472/472 470/470
f 473/473 475/475 474/474
f 475/475 476/476 474/474
f 477/477 479/479 478/478
f 479/479 480/480 478/478
v -1.38835 0.37600 -2.10000
v -1.44885 0.37600 -2.10000
v -1.38835 0.36400 -2.10000
v -1.44885 0.36400 -2.10000
v -1.44885 0.37600 2.10000
v -1.38835 0.37600 2.10000
v -1.44885 0.36400 2.10000
v -1.38835 0.36400 2.10000
v -1.44885 0.37600 2.10000
v -1.44885 0.37600 -2.10000
v -1.38835 0.37600 2.10000
v -1.38835 0.37600 -2.10000
v -1.38835 0.36400 2.10000
v -1.38835 0.36400 -2.10000
v -1.44885 0.36400 2.10000
v -1.44885 0.36400 -2.10000
v -1.38835 0.37600 2.10000
v -1.38835 0.37600 -2.10000
v -1.38835 0.36400 2.10000
v -1.38835 0.36400 -2.10000
v -1.44885 0.37600 -2.10000
v -1.44885 0.37600 2.10000
v -1.44885 0.36400 -2.10000
v -1.44885 0.36400 2.10000
vt 0.00000 0.00000
vt 1.00000 0.00000
vt 0.00000 1.00000
vt 1.00000 1.00000
vt 0.00000 0.00000
vt 1.00000 0.00000
vt 0.00000 1.00000
vt 1.00000 1.00000
vt 0.00000 0.00000
vt 1.00000 0.00000
vt 0.00000 1.00000
vt 1.00000 1.00000
vt 0.00000 0.00000
vt 1.00000 0.00000
vt 0.00000 1.00000
vt 1.00000 1.00000
vt 0.00000 0.00000
vt 1.00000 0.00000
vt 0.00000 1.00000
vt 1.00000 1.00000
vt 0.00000 0.00000
vt 1.00000 0.00000
vt 0.00000 1.00000
vt 1.00000 1.00000
f 481/481 483/483 482/482
f 483/483 484/484 482/482
f 485/485 487/487 486/486
f 487/487 488/488 486/486
f 489/489 491/491 490/490
f 491/491 492/492 490/490
f 493/493 495/495 494/494
f 495/495 496/496 494/494
f 497/497 499/499 498/498
f 499/499 500/500 498/498
f 501/501 503/503 502/502
f 503/503 504/504 502/502
v -1.38835 0.56600 -2.10000
v -1.44885 0.56600 -2.10000
v -1.38835 0.55400 -2.10000
v -1.44885 0.55400 -2.10000
v -1.44885 0.56600 2.10000
v -1.38835 0.56600 2.10000
v -1.44885 0.55400 2.10000
v -1.38835 0.55400 2.10000
v -1.44885 0.56600 2.10000
v -1.44885 0.56600 -2.10000
v -1.38835 0.56600 2.10000
v -1.38835 0.56600 -2.10000
v -1.38835 0.55400 2.10000
v -1.38835 0.55400 -2.10000
v -1.44885 0.55400 2.10000
v -1.44885 0.55400 -2.10000
v -1.38835 0.56600 2.10000
v -1.38835 0.56600 -2.10000
v -1.38835 0.55400 2.10000
v -1.38835 0.55400 -2.10000
v -1.44885 0.56600 -2.10000
v -1.44885 0.56600 2.10000
v -1.44885 0.55400 -2.10000
v -1.44885 0.55400 2.10000
vt 0.00000 0.00000
vt 1.00000 0.00000
vt 0.00000 1.00000
vt 1.00000 1.00000
vt 0.00000 0.00000
vt 1.00000 0.00000
vt 0.00000 1.00000
vt 1.00000 1.00000
vt 0.00000 0.00000
vt 1.00000 0.00000
vt 0.00000 1.00000
vt 1.00000 1.00000
vt 0.00000 0.00000
vt 1.00000 0.00000
vt 0.00000 1.00000
vt 1.00000 1.00000
vt 0.00000 0.00000
vt 1.00000 0.00000
vt 0.00000 1.00000
vt 1.00000 1.00000
vt 0.00000 0.00000
vt 1.00000 0.00000
vt 0.00000 1.00000
vt 1.00000 1.00000
f 505/505 507/507 506/506
f 507/507 508/508 506/506
f 509/509 511/511 510/510
f 511/511 512/512 510/510
f 513/513 515/515 514/514
f 515/515 516/516 514/514
f 517/517 519/519 518/518
f 519/519 520/520 518/518
f 521/521 523/523 522/522
f 523/523 524/524 522/522
f 525/525 527/527 526/526
f 527/527 528/528 526/526
v -1.38835 0.75600 -2.10000
v -1.44885 0.75600 -2.10000
v -1.38835 0.74400 -2.10000
v -1.44885 0.74400 -2.10000
v -1.44885 0.75600 2.10000
v -1.38835 0.75600 2.10000
v -1.44885 0.74400 2.10000
v -1.38835 0.74400 2.10000
v -1.44885 0.75600 2.10000
v -1.44885 0.75600 -2.10000
v -1.38835 0.75600 2.10000
v -1.38835 0.75600 -2.10000
v -1.38835 0.74400 2.10000
v -1.38835 0.74400 -2.10000
v -1.44885 0.74400 2.10000
v -1.44885 0.74400 -2.10000
v -1.38835 0.75600 2.10000
v -1.38835 0.75600 -2.10000
v -1.38835 0.74400 2.10000
v -1.38835 0.74400 -2.10000
v -1.44885 0.75600 -2.10000
v -1.44885 0.75600 2.10000
v -1.44885 0.74400 -2.10000
v -1.44885 0.74400 2.10000
vt 0.00000 0.00000
vt 1.00000 0.00000
vt 0.00000 1.00000
vt 1.00000 1.00000
vt 0.00000 0.00000
vt 1.00000 0.00000
vt 0.00000 1.00000
vt 1.00000 1.00000
vt 0.00000 0.00000
vt 1.00000 0.00000
vt 0.00000 1.00000
vt 1.00000 1.00000
vt 0.00000 0.00000
vt 1.00000 0.00000
vt 0.00000 1.00000
vt 1.00000 1.00000
vt 0.00000 0.00000
vt 1.00000 0.00000
vt 0.00000 1.00000
vt 1.00000 1.00000
vt 0.00000 0.00000
vt 1.00000 0.00000
vt 0.00000 1.00000
vt 1.00000 1.00000
f 529/529 531/531 530/530
f 531/531 532/532 530/530
f 533/533 535/535 534/534
f 535/535 536/536 534/534
f 537/537 539/539 538/538
f 539/539 540/540 538/538
f 541/541 543/543 542/542
f 543/543 544/544 542/542
f 545/545 547/547 546/546
f 547/547 548/548 546/546
f 549/549 551/551 550/550
f 551/551 552/552 550/550
v -1.38835 0.94600 -2.10000
v -1.44885 0.94600 -2.10000
v -1.38835 0.93400 -2.10000
v -1.44885 0.93400 -2.10000
v -1.44885 0.94600 2.10000
v -1.38835 0.94600 2.10000
v -1.44885 0.93400 2.10000
v -1.38835 0.93400 2.10000
v -1.44885 0.94600 2.10000
v -1.44885 0.94600 -2.10000
v -1.38835 0.94600 2.10000
v -1.38835 0.94600 -2.10000
v -1.38835 0.93400 2.10000
v -1.38835 0.93400 -2.10000
v -1.44885 0.93400 2.10000
v -1.44885 0.93400 -2.10000
v -1.38835 0.94600 2.10000
v -1.38835 0.94600 -2.10000
v -1.38835 0.93400 2.10000
v -1.38835 0.93400 -2.10000
v -1.44885 0.94600 -2.10000
v -1.44885 0.94600 2.10000
v -1.44885 0.93400 -2.10000
v -1.44885 0.93400 2.10000
vt 0.00000 0.00000
vt 1.00000 0.00000
vt 0.00000 1.00000
vt 1.00000 1.00000
vt 0.00000 0.00000
vt 1.00000 0.00000
vt 0.00000 1.00000
vt 1.00000 1.00000
vt 0.00000 0.00000
vt 1.00000 0.00000
vt 0.00000 1.00000
vt 1.00000 1.00000
vt 0.00000 0.00000
vt 1.00000 0.00000
vt 0.00000 1.00000
vt 1.00000 1.00000
vt 0.00000 0.00000
vt 1.00000 0.00000
vt 0.00000 1.00000
vt 1.00000 1.00000
vt 0.00000 0.00000
vt 1.00000 0.00000
vt 0.00000 1.00000
vt 1.00000 1.00000
f 553/553 555/555 554/554
f 555/555 556/556 554/554
f 557/557 559/559 558/558
f 559/559 560/560 558/558
f 561/561 563/563 562/562
f 563/563 564/564 562/562
f 565/565 567/567 566/566
f 567/567 568/568 566/566
f 569/569 571/571 570/570
f 571/571 572/572 570/570
f 573/573 575/575 574/574
f 575/575 576/576 574/574
v -1.38835 1.13600 -2.10000
v -1.44885 1.13600 -2.10000
v -1.38835 1.12400 -2.10000
v -1.44885 1.12400 -2.10000
v -1.44885 1.13600 2.10000
v -1.38835 1.13600 2.10000
v -1.44885 1.12400 2.10000
v -1.38835 1.12400 2.10000
v -1.44885 1.13600 2.10000
v -1.44885 1.13600 -2.10000
v -1.38835 1.13600 2.10000
v -1.38835 1.13600 -2.10000
v -1.38835 1.12400 2.10000
v -1.38835 1.12400 -2.10000
v -1.44885 1.12400 2.10000
v -1.44885 1.12400 -2.10000
v -1.38835 1.13600 2.10000
v -1.38835 1.13600 -2.10000
v -1.38835 1.12400 2.10000
v -1.38835 1.12400 -2.10000
v -1.44885 1.13600 -2.10000
v -1.44885 1.13600 2.10000
v -1.44885 1.12400 -2.10000
v -1.44885 1.12400 2.10000
vt 0.00000 0.00000
vt 1.00000 0.00000
vt 0.00000 1.00000
vt 1.00000 1.00000
vt 0.00000 0.00000
vt 1.00000 0.00000
vt 0.00000 1.00000
vt 1.00000 1.00000
vt 0.00000 0.00000
vt 1.00000 0.00000
vt 0.00000 1.00000
vt 1.00000 1.00000
vt 0.00000 0.00000
vt 1.00000 0.00000
vt 0.00000 1.00000
vt 1.00000 1.00000
vt 0.00000 0.00000
vt 1.00000 0.00000
vt 0.00000 1.00000
vt 1.00000 1.00000
vt 0.00000 0.00000
vt 1.00000 0.00000
vt 0.00000 1.00000
vt 1.00000 1.00000
f 577/577 579/579 578/578
f 579/579 580/580 578/578
f 581/581 583/583 582/582
f 583/583 584/584 582/582
f 585/585 587/587 586/586
f 587/587 588/588 586/586
f 589/589 591/591 590/590
f 591/591 592/592 590/590
f 593/593 595/595 594/594
f 595/595 596/596 594/594
f 597/597 599/599 598/598
f 599/599 600/600 598/598
v -1.38835 1.32600 -2.10000
v -1.44885 1.32600 -2.10000
v -1.38835 1.31400 -2.10000
v -1.44885 1.31400 -2.10000
v -1.44885 1.32600 2.10000
v -1.38835 1.32600 2.10000
v -1.44885 1.31400 2.10000
v -1.38835 1.31400 2.10000
v -1.44885 1.32600 2.10000
v -1.44885 1.32600 -2.10000
v -1.38835 1.32600 2.10000
v -1.38835 1.32600 -2.10000
v -1.38835 1.31400 2.10000
v -1.38835 1.31400 -2.10000
v -1.44885 1.31400 2.10000
v -1.44885 1.31400 -2.10000
v -1.38835 1.32600 2.10000
v -1.38835 1.32600 -2.10000
v -1.38835 1.31400 2.10000
v -1.38835 1.31400 -2.10000
v -1.44885 1.32600 -2.10000
v -1.44885 1.32600 2.10000
v -1.44885 1.31400 -2.10000
v -1.44885 1.31400 2.10000
vt 0.00000 0.00000
vt 1.00000 0.00000
vt 0.00000 1.00000
vt 1.00000 1.00000
vt 0.00000 0.00000
vt 1.00000 0.00000
vt 0.00000 1.00000
vt 1.00000 1.00000
vt 0.00000 0.00000
vt 1.00000 0.00000
vt 0.00000 1.00000
vt 1.00000 1.00000
vt 0.00000 0.00000
vt 1.00000 0.00000
vt 0.00000 1.00000
vt 1.00000 1.00000
vt 0.00000 0.00000
vt 1.00000 0.00000
vt 0.00000 1.00000
vt 1.00000 1.00000
vt 0.00000 0.00000
vt 1.00000 0.00000
vt 0.00000 1.00000
vt 1.00000 1.00000
f 601/601 603/603 602/602
f 603/603 604/604 602/602
f 605/605 607/607 606/606
f 607/607 608/608 606/606
f 609/609 611/611 610/610
f 611/611 612/612 610/610
f 613/613 615/615 614/614
f 615/615 616/616 614/614
f 617/617 619/619 618/618
f 619/619 620/620 618/618
f 621/621 623/623 622/622
f 623/623 624/624 622/622
v -1.38835 1.51600 -2.10000
v -1.44885 1.51600 -2.10000
v -1.38835 1.50400 -2.10000
v -1.44885 1.50400 -2.10000
v -1.44885 1.51600 2.10000
v -1.38835 1.51600 2.10000
v -1.44885 1.50400 2.10000
v -1.38835 1.50400 2.10000
v -1.44885 1.51600 2.10000
v -1.44885 1.51600 -2.10000
v -1.38835 1.51600 2.10000
v -1.38835 1.51600 -2.10000
v -1.38835 1.50400 2.10000
v -1.38835 1.50400 -2.10000
v -1.44885 1.50400 2.10000
v -1.44885 1.50400 -2.10000
v -1.38835 1.51600 2.10000
v -1.38835 1.51600 -2.10000
v -1.38835 1.50400 2.10000
v -1.38835 1.50400 -2.10000
v -1.44885 1.51600 -2.10000
v -1.44885 1.51600 2.10000
v -1.44885 1.50400 -2.10000
v -1.44885 1.50400 2.10000
vt 0.00000 0.00000
vt 1.00000 0.00000
vt 0.00000 1.00000
vt 1.00000 1.00000
vt 0.00000 0.00000
vt 1.00000 0.00000
vt 0.00000 1.00000
vt 1.00000 1.00000
vt 0.00000 0.00000
vt 1.00000 0.00000
vt 0.00000 1.00000
vt 1.00000 1.00000
vt 0.00000 0.00000
vt 1.00000 0.00000
vt 0.00000 1.00000
vt 1.00000 1.00000
vt 0.00000 0.00000
vt 1.00000 0.00000
vt 0.00000 1.00000
vt 1.00000 1.00000
vt 0.00000 0.00000
vt 1.00000 0.00000
vt 0.00000 1.00000
vt 1.00000 1.00000
f 625/625 627/627 626/626
f 627/627 628/628 626/626
f 629/629 631/631 630/630
f 631/631 632/632 630/630
f 633/633 635/635 634/634
f 635/635 636/636 634/634
f 637/637 639/639 638/638
f 639/639 640/640 638/638
f 641/641 643/643 642/642
f 643/643 644/644 642/642
f 645/645 647/647 646/646
f 647/647 648/648 646/646
v -1.38835 1.70600 -2.10000
v -1.44885 1.70600 -2.10000
v -1.38835 1.69400 -2.10000
v -1.44885 1.69400 -2.10000
v -1.44885 1.70600 2.10000
v -1.38835 1.70600 2.10000
v -1.44885 1.69400 2.10000
v -1.38835 1.69400 2.10000
v -1.44885 1.70600 2.10000
v -1.44885 1.70600 -2.10000
v -1.38835 1.70600 2.10000
v -1.38835 1.70600 -2.10000
v -1.38835 1.69400 2.10000
v -1.38835 1.69400 -2.10000
v -1.44885 1.69400 2.10000
v -1.44885 1.69400 -2.10000
v -1.38835 1.70600 2.10000
v -1.38835 1.70600 -2.10000
v -1.38835 1.69400 2.10000
v -1.38835 1.69400 -2.10000
v -1.44885 1.70600 -2.10000
v -1.44885 1.70600 2.10000
v -1.44885 1.69400 -2.10000
v -1.44885 1.69400 2.10000
vt 0.00000 0.00000
vt 1.00000 0.00000
vt 0.00000 1.00000
vt 1.00000 1.00000
vt 0.00000 0.00000
vt 1.00000 0.00000
vt 0.00000 1.00000
vt 1.00000 1.00000
vt 0.00000 0.00000
vt 1.00000 0.00000
vt 0.00000 1.00000
vt 1.00000 1.00000
vt 0.00000 0.00000
vt 1.00000 0.00000
vt 0.00000 1.00000
vt 1.00000 1.00000
vt 0.00000 0.00000
vt 1.00000 0.00000
vt 0.00000 1.00000
vt 1.00000 1.00000
vt 0.00000 0.00000
vt 1.00000 0.00000
vt 0.00000 1.00000
vt 1.00000 1.00000
f 649/649 651/651 650/650
f 651/651 652/652 650/650
f 653/653 655/655 654/654
f 655/655 656/656 654/654
f 657/657 659/659 658/658
f 659/659 660/660 658/658
f 661/661 663/663 662/662
f 663/663 664/664 662/662
f 665/665 667/667 666/666
f 667/667 668/668 666/666
f 669/669 671/671 670/670
f 671/671 672/672 670/670
v -1.38835 1.89600 -2.10000
v -1.44885 1.89600 -2.10000
v -1.38835 1.88400 -2.10000
v -1.44885 1.88400 -2.10000
v -1.44885 1.89600 2.10000
v -1.38835 1.89600 2.10000
v -1.44885 1.88400 2.10000
v -1.38835 1.88400 2.10000
v -1.44885 1.89600 2.10000
v -1.44885 1.89600 -2.10000
v -1.38835 1.89600 2.10000
v -1.38835 1.89600 -2.10000
v -1.38835 1.88400 2.10000
v -1.38835 1.88400 -2.10000
v -1.44885 1.88400 2.10000
v -1.44885 1.88400 -2.10000
v -1.38835 1.89600 2.10000
v -1.38835 1.89600 -2.10000
v -1.38835 1.88400 2.10000
v -1.38835 1.88400 -2.10000
v -1.44885 1.89600 -2.10000
v -1.44885 1.89600 2.10000
v -1.44885 1.88400 -2.10000
v -1.44885 1.88400 2.10000
vt 0.00000 0.00000
vt 1.00000 0.00000
vt 0.00000 1.00000
vt 1.00000 1.00000
vt 0.00000 0.00000
vt 1.00000 0.00000
vt 0.00000 1.00000
vt 1.00000 1.00000
vt 0.00000 0.00000
vt 1.00000 0.00000
vt 0.00000 1.00000
vt 1.00000 1.00000
vt 0.00000 0.00000
vt 1.00000 0.00000
vt 0.00000 1.00000
vt 1.00000 1.00000
vt 0.00000 0.00000
vt 1.00000 0.00000
vt 0.00000 1.00000
vt 1.00000 1.00000
vt 0.00000 0.00000
vt 1.00000 0.00000
vt 0.00000 1.00000
vt 1.00000 1.00000
f 673/673 675/675 674/674
f 675/675 676/676 674/674
f 677/677 679/679 678/678
f 679/679 680/680 678/678
f 681/681 683/683 682/682
f 683/683 684/684 682/682
f 685/685 687/687 686/686
f 687/687 688/688 686/686
f 689/689 691/691 690/690
f 691/691 692/692 690/690
f 693/693 695/695 694/694
f 695/695 696/696 694/694
v -1.38835 2.08600 -2.10000
v -1.44885 2.08600 -2.10000
v -1.38835 2.07400 -2.10000
v -1.44885 2.07400 -2.10000
v -1.44885 2.08600 2.10000
v -1.38835 2.08600 2.10000
v -1.44885 2.07400 2.10000
v -1.38835 2.07400 2.10000
v -1.44885 2.08600 2.10000
v -1.44885 2.08600 -2.10000
v -1.38835 2.08600 2.10000
v -1.38835 2.08600 -2.10000
v -1.38835 2.07400 2.10000
v -1.38835 2.07400 -2.10000
v -1.44885 2.07400 2.10000
v -1.44885 2.07400 -2.10000
v -1.38835 2.08600 2.10000
v -1.38835 2.08600 -2.10000
v -1.38835 2.07400 2.10000
v -1.38835 2.07400 -2.10000
v -1.44885 2.08600 -2.10000
v -1.44885 2.08600 2.10000
v -1.44885 2.07400 -2.10000
v -1.44885 2.07400 2.10000
vt 0.00000 0.00000
vt 1.00000 0.00000
vt 0.00000 1.00000
vt 1.00000 1.00000
vt 0.00000 0.00000
vt 1.00000 0.00000
vt 0.00000 1.00000
vt 1.00000 1.00000
vt 0.00000 0.00000
vt 1.00000 0.00000
vt 0.00000 1.00000
vt 1.00000 1.00000
vt 0.00000 0.00000
vt 1.00000 0.00000
vt 0.00000 1.00000
vt 1.00000 1.00000
vt 0.00000 0.00000
vt 1.00000 0.00000
vt 0.00000 1.00000
vt 1.00000 1.00000
vt 0.00000 0.00000
vt 1.00000 0.00000
vt 0.00000 1.00000
vt 1.00000 1.00000
f 697/697 699/699 698/698
f 699/699 700/700 698/698
f 701/701 703/703 702/702
f 703/703 704/704 702/702
f 705/705 707/707 706/706
f 707/707 708/708 706/706
f 709/709 711/711 710/710
f 711/711 712/712 710/710
f 713/713 715/715 714/714
f 715/715 716/716 714/714
f 717/717 719/719 718/718
f 719/719 720/720 718/718
v -1.38835 2.27600 -2.10000
v -1.44885 2.27600 -2.10000
v -1.38835 2.26400 -2.10000
v -1.44885 2.26400 -2.10000
v -1.44885 2.27600 2.10000
v -1.38835 2.27600 2.10000
v -1.44885 2.26400 2.10000
v -1.38835 2.26400 2.10000
v -1.44885 2.27600 2.10000
v -1.44885 2.27600 -2.10000
v -1.38835 2.27600 2.10000
v -1.38835 2.27600 -2.10000
v -1.38835 2.26400 2.10000
v -1.38835 2.26400 -2.10000
v -1.44885 2.26400 2.10000
v -1.44885 2.26400 -2.10000
v -1.38835 2.27600 2.10000
v -1.38835 2.27600 -2.10000
v -1.38835 2.26400 2.10000
v -1.38835 2.26400 -2.10000
v -1.44885 2.27600 -2.10000
v -1.44885 2.27600 2.10000
v -1.44885 2.26400 -2.10000
v -1.44885 2.26400 2.10000
vt 0.00000 0.00000
vt 1.00000 0.00000
vt 0.00000 1.00000
vt 1.00000 1.00000
vt 0.00000 0.00000
vt 1.00000 0.00000
vt 0.00000 1.00000
vt 1.00000 1.00000
vt 0.00000 0.00000
vt 1.00000 0.00000
vt 0.00000 1.00000
vt 1.00000 1.00000
vt 0.00000 0.00000
vt 1.00000 0.00000
vt 0.00000 1.00000
vt 1.00000 1.00000
vt 0.00000 0.00000
vt 1.00000 0.00000
vt 0.00000 1.00000
vt 1.00000 1.00000
vt 0.00000 0.00000
vt 1.00000 0.00000
vt 0.00000 1.00000
vt 1.00000 1.00000
f 721/721 723/723 722/722
f 723/723 724/724 722/722
f 725/725 727/727 726/726
f 727/727 728/728 726/726
f 729/729 731/731 730/730
f 731/731 732/732 730/730
f 733/733 735/735 734/734
f 735/735 736/736 734/734
f 737/737 739/739 738/738
f 739/739 740/740 738/738
f 741/741 743/743 742/742
f 743/743 744/744 742/742
v 1.50165 0.37600 -2.10000
v 1.44115 0.37600 -2.10000
v 1.50165 0.36400 -2.10000
v 1.44115 0.36400 -2.10000
v 1.44115 0.37600 2.10000
v 1.50165 0.37600 2.10000
v 1.44115 0.36400 2.10000
v 1.50165 0.36400 2.10000
v 1.44115 0.37600 2.10000
v 1.44115 0.37600 -2.10000
v 1.50165 0.37600 2.10000
v 1.50165 0.37600 -2.10000
v 1.50165 0.36400 2.10000
v 1.50165 0.36400 -2.10000
v 1.44115 0.36400 2.10000
v 1.44115 0.36400 -2.10000
v 1.50165 0.37600 2.10000
v 1.50165 0.37600 -2.10000
v 1.50165 0.36400 2.10000
v 1.50165 0.36400 -2.10000
v 1.44115 0.37600 -2.10000
v 1.44115 0.37600 2.10000
v 1.44115 0.36400 -2.10000
v 1.44115 0.36400 2.10000
vt 0.00000 0.00000
vt 1.00000 0.00000
vt 0.00000 1.00000
vt 1.00000 1.00000
vt 0.00000 0.00000
vt 1.00000 0.00000
vt 0.00000 1.00000
vt 1.00000 1.00000
vt 0.00000 0.00000
vt 1.00000 0.00000
vt 0.00000 1.00000
vt 1.00000 1.00000
vt 0.00000 0.00000
vt 1.00000 0.00000
vt 0.00000 1.00000
vt 1.00000 1.00000
vt 0.00000 0.00000
vt 1.00000 0.00000
vt 0.00000 1.00000
vt 1.00000 1.00000
vt 0.00000 0.00000
vt 1.00000 0.00000
vt 0.00000 1.00000
vt 1.00000 1.00000
f 745/745 747/747 746/746
f 747/747 748/748 746/746
f 749/749 751/751 750/750
f 751/751 752/752 750/750
f 753/753 755/755 754/754
f 755/755 756/756 754/754
f 757/757 759/759 758/758
f 759/759 760/760 758/758
f 761/761 763/763 762/762
f 763/763 764/764 762/762
f 765/765 767/767 766/766
f 767/767 768/768 766/766
v 1.50165 0.56600 -2.10000
v 1.44115 0.56600 -2.10000
v 1.50165 0.55400 -2.10000
v 1.44115 0.55400 -2.10000
v 1.44115 0.56600 2.10000
v 1.50165 0.56600 2.10000
v 1.44115 0.55400 2.10000
v 1.50165 0.55400 2.10000
v 1.44115 0.56600 2.10000
v 1.44115 0.56600 -2.10000
v 1.50165 0.56600 2.10000
v 1.50165 0.56600 -2.10000
v 1.50165 0.55400 2.10000
v 1.50165 0.55400 -2.10000
v 1.44115 0.55400 2.10000
v 1.44115 0.55400 -2.10000
v 1.50165 0.56600 2.10000
v 1.50165 0.56600 -2.10000
v 1.50165 0.55400 2.10000
v 1.50165 0.55400 -2.10000
v 1.44115 0.56600 -2.10000
v 1.44115 0.56600 2.10000
v 1.44115 0.55400 -2.10000
v 1.44115 0.55400 2.10000
vt 0.00000 0.00000
vt 1.00000 0.00000
vt 0.00000 1.00000
vt 1.00000 1.00000
vt 0.00000 0.00000
vt 1.00000 0.00000
vt 0.00000 1.00000
vt 1.00000 1.00000
vt 0.00000 0.00000
vt 1.00000 0.00000
vt 0.00000 1.00000
vt 1.00000 1.00000
vt 0.00000 0.00000
vt 1.00000 0.00000
vt 0.00000 1.00000
vt 1.00000 1.00000
vt 0.00000 0.00000
vt 1.00000 0.00000
vt 0.00000 1.00000
vt 1.00000 1.00000
vt 0.00000 0.00000
vt 1.00000 0.00000
vt 0.00000 1.00000
vt 1.00000 1.00000
f 769/769 771/771 770/770
f 771/771 772/772 770/770
f 773/773 775/775 774/774
f 775/775 776/776 774/774
f 777/777 779/779 778/778
f 779/779 780/780 778/778
f 781/781 783/783 782/782
f 783/783 784/784 782/782
f 785/785 787/787 786/786
f 787/787 788/788 786/786
f 789/789 791/791 790/790
f 791/791 792/792 790/790
v 1.50165 0.75600 -2.10000
v 1.44115 0.75600 -2.10000
v 1.50165 0.74400 -2.10000
v 1.44115 0.74400 -2.10000
v 1.44115 0.75600 2.10000
v 1.50165 0.75600 2.10000
v 1.44115 0.74400 2.10000
v 1.50165 0.74400 2.10000
v 1.44115 0.75600 2.10000
v 1.44115 0.75600 -2.10000
v 1.50165 0.75600 2.10000
v 1.50165 0.75600 -2.10000
v 1.50165 0.74400 2.10000
v 1.50165 0.74400 -2.10000
v 1.44115 0.74400 2.10000
v 1.44115 0.74400 -2.10000
v 1.50165 0.75600 2.10000
v 1.50165 0.75600 -2.10000
v 1.50165 0.74400 2.10000
v 1.50165 0.74400 -2.10000
v 1.44115 0.75600 -2.10000
v 1.44115 0.75600 2.10000
v 1.44115 0.74400 -2.10000
v 1.44115 0.74400 2.10000
vt 0.00000 0.00000
vt 1.00000 0.00000
vt 0.00000 1.00000
vt 1.00000 1.00000
vt 0.00000 0.00000
vt 1.00000 0.00000
vt 0.00000 1.00000
vt 1.00000 1.00000
vt 0.00000 0.00000
vt 1.00000 0.00000
vt 0.00000 1.00000
vt 1.00000 1.00000
vt 0.00000 0.00000
vt 1.00000 0.00000
vt 0.00000 1.00000
vt 1.00000 1.00000
vt 0.00000 0.00000
vt 1.00000 0.00000
vt 0.00000 1.00000
vt 1.00000 1.00000
vt 0.00000 0.00000
vt 1.00000 0.00000
vt 0.00000 1.00000
vt 1.00000 1.00000
f 793/793 795/795 794/794
f 795/795 796/796 794/794
f 797/797 799/799 798/798
f 799/799 800/800 798/798
f 801/801 803/803 802/802
f 803/803 804/804 802/802
f 805/805 807/807 806/806
f 807/807 808/808 806/806
f 809/809 811/811 810/810
f 811/811 812/812 810/810
f 813/813 815/815 814/814
f 815/815 816/816 814/814
v 1.50165 0.94600 -2.10000
v 1.44115 0.94600 -2.10000
v 1.50165 0.93400 -2.10000
v 1.44115 0.93400 -2.10000
v 1.44115 0.94600 2.10000
v 1.50165 0.94600 2.10000
v 1.44115 0.93400 2.10000
v 1.50165 0.93400 2.10000
v 1.44115 0.94600 2.10000
v 1.44115 0.94600 -2.10000
v 1.50165 0.94600 2.10000
v 1.50165 0.94600 -2.10000
v 1.50165 0.93400 2.10000
v 1.50165 0.93400 -2.10000
v 1.44115 0.93400 2.10000
v 1.44115 0.93400 -2.10000
v 1.50165 0.94600 2.10000
v 1.50165 0.94600 -2.10000
v 1.50165 0.93400 2.10000
v 1.50165 0.93400 -2.10000
v 1.44115 0.94600 -2.10000
v 1.44115 0.94600 2.10000
v 1.44115 0.93400 -2.10000
v 1.44115 0.93400 2.10000
vt 0.00000 0.00000
vt 1.00000 0.00000
vt 0.00000 1.00000
vt 1.00000 1.00000
vt 0.00000 0.00000
vt 1.00000 0.00000
vt 0.00000 1.00000
vt 1.00000 1.00000
vt 0.00000 0.00000
vt 1.00000 0.00000
vt 0.00000 1.00000
vt 1.00000 1.00000
vt 0.00000 0.00000
vt 1.00000 0.00000
vt 0.00000 1.00000
vt 1.00000 1.00000
vt 0.00000 0.00000
vt 1.00000 0.00000
vt 0.00000 1.00000
vt 1.00000 1.00000
vt 0.00000 0.00000
vt 1.00000 0.00000
vt 0.00000 1.00000
vt 1.00000 1.00000
f 817/817 819/819 818/818
f 819/819 820/820 818/818
f 821/821 823/823 822/822
f 823/823 824/824 822/822
f 825/825 827/827 826/826
f 827/827 828/828 826/826
f 829/829 831/831 830/830
f 831/831 832/832 830/830
f 833/833 835/835 834/834
f 835/835 836/836 834/834
f 837/837 839/839 838/838
f 839/839 840/840 838/838
v 1.50165 1.13600 -2.10000
v 1.44115 1.13600 -2.10000
v 1.50165 1.12400 -2.10000
v 1.44115 1.12400 -2.10000
v 1.44115 1.13600 2.10000
v 1.50165 1.13600 2.10000
v 1.44115 1.12400 2.10000
v 1.50165 1.12400 2.10000
v 1.44115 1.13600 2.10000
v 1.44115 1.13600 -2.10000
v 1.50165 1.13600 2.10000
v 1.50165 1.13600 -2.10000
v 1.50165 1.12400 2.10000
v 1.50165 1.12400 -2.10000
v 1.44115 1.12400 2.10000
v 1.44115 1.12400 -2.10000
v 1.50165 1.13600 2.10000
v 1.50165 1.13600 -2.10000
v 1.50165 1.12400 2.10000
v 1.50165 1.12400 -2.10000
v 1.44115 1.13600 -2.10000
v 1.44115 1.13600 2.10000
v 1.44115 1.12400 -2.10000
v 1.44115 1.12400 2.10000
vt 0.00000 0.00000
vt 1.00000 0.00000
vt 0.00000 1.00000
vt 1.00000 1.00000
vt 0.00000 0.00000
vt 1.00000 0.00000
vt 0.00000 1.00000
vt 1.00000 1.00000
vt 0.00000 0.00000
vt 1.00000 0.00000
vt 0.00000 1.00000
vt 1.00000 1.00000
vt 0.00000 0.00000
vt 1.00000 0.00000
vt 0.00000 1.00000
vt 1.00000 1.00000
vt 0.00000 0.00000
vt 1.00000 0.00000
vt 0.00000 1.00000
vt 1.00000 1.00000
vt 0.00000 0.00000
vt 1.00000 0.00000
vt 0.00000 1.00000
vt 1.00000 1.00000
f 841/841 843/843 842/842
f 843/843 844/844 842/842
f 845/845 847/847 846/846
f 847/847 848/848 846/846
f 849/849 851/851 850/850
f 851/851 852/852 850/850
f 853/853 855/855 854/854
f 855/855 856/856 854/854
f 857/857 859/859 858/858
f 859/859 860/860 858/858
f 861/861 863/863 862/862
f 863/863 864/864 862/862
v 1.50165 1.32600 -2.10000
v 1.44115 1.32600 -2.10000
v 1.50165 1.31400 -2.10000
v 1.44115 1.31400 -2.10000
v 1.44115 1.32600 2.10000
v 1.50165 1.32600 2.10000
v 1.44115 1.31400 2.10000
v 1.50165 1.31400 2.10000
v 1.44115 1.32600 2.10000
v 1.44115 1.32600 -2.10000
v 1.50165 1.32600 2.10000
v 1.50165 1.32600 -2.10000
v 1.50165 1.31400 2.10000
v 1.50165 1.31400 -2.10000
v 1.44115 1.31400 2.10000
v 1.44115 1.31400 -2.10000
v 1.50165 1.32600 2.10000
v 1.50165 1.32600 -2.10000
v 1.50165 1.31400 2.10000
v 1.50165 1.31400 -2.10000
v 1.44115 1.32600 -2.10000
v 1.44115 1.32600 2.10000
v 1.44115 1.31400 -2.10000
v 1.44115 1.31400 2.10000
vt 0.00000 0.00000
vt 1.00000 0.00000
vt 0.00000 1.00000
vt 1.00000 1.00000
vt 0.00000 0.00000
vt 1.00000 0.00000
vt 0.00000 1.00000
vt 1.00000 1.00000
vt 0.00000 0.00000
vt 1.00000 0.00000
vt 0.00000 1.00000
vt 1.00000 1.00000
vt 0.00000 0.00000
vt 1.00000 0.00000
vt 0.00000 1.00000
vt 1.00000 1.00000
vt 0.00000 0.00000
vt 1.00000 0.00000
vt 0.00000 1.00000
vt 1.00000 1.00000
vt 0.00000 0.00000
vt 1.00000 0.00000
vt 0.00000 1.00000
vt 1.00000 1.00000
f 865/865 867/867 866/866
f 867/867 868/868 866/866
f 869/869 871/871 870/870
f 871/871 872/872 870/870
f 873/873 875/875 874/874
f 875/875 876/876 874/874
f 877/877 879/879 878/878
f 879/879 880/880 878/878
f 881/881 883/883 882/882
f 883/883 884/884 882/882
f 885/885 887/887 886/886
f 887/887 888/888 886/886
v 1.50165 1.51600 -2.10000
v 1.44115 1.51600 -2.10000
v 1.50165 1.50400 -2.10000
v 1.44115 1.50400 -2.10000
v 1.44115 1.51600 2.10000
v 1.50165 1.51600 2.10000
v 1.44115 1.50400 2.10000
v 1.50165 1.50400 2.10000
v 1.44115 1.51600 2.10000
v 1.44115 1.51600 -2.10000
v 1.50165 1.51600 2.10000
v 1.50165 1.51600 -2.10000
v 1.50165 1.50400 2.10000
v 1.50165 1.50400 -2.10000
v 1.44115 1.50400 2.10000
v 1.44115 1.50400 -2.10000
v 1.50165 1.51600 2.10000
v 1.50165 1.51600 -2.10000
v 1.50165 1.50400 2.10000
v 1.50165 1.50400 -2.10000
v 1.44115 1.51600 -2.10000
v 1.44115 1.51600 2.10000
v 1.44115 1.50400 -2.10000
v 1.44115 1.50400 2.10000
vt 0.00000 0.00000
vt 1.00000 0.00000
vt 0.00000 1.00000
vt 1.00000 1.00000
vt 0.00000 0.00000
vt 1.00000 0.00000
vt 0.00000 1.00000
vt 1.00000 1.00000
vt 0.00000 0.00000
vt 1.00000 0.00000
vt 0.00000 1.00000
vt 1.00000 1.00000
vt 0.00000 0.00000
vt 1.00000 0.00000
vt 0.00000 1.00000
vt 1.00000 1.00000
vt 0.00000 0.00000
vt 1.00000 0.00000
vt 0.00000 1.00000
vt 1.00000 1.00000
vt 0.00000 0.00000
vt 1.00000 0.00000
vt 0.00000 1.00000
vt 1.00000 1.00000
f 889/889 891/891 890/890
f 891/891 892/892 890/890
f 893/893 895/895 894/894
f 895/895 896/896 894/894
f 897/897 899/899 898/898
f 899/899 900/900 898/898
f 901/901 903/903 902/902
f 903/903 904/904 902/902
f 905/905 907/907 906/906
f 907/907 908/908 906/906
f 909/909 911/911 910/910
f 911/911 912/912 910/910
v 1.50165 1.70600 -2.10000
v 1.44115 1.70600 -2.10000
v 1.50165 1.69400 -2.10000
v 1.44115 1.69400 -2.10000
v 1.44115 1.70600 2.10000
v 1.50165 1.70600 2.10000
v 1.44115 1.69400 2.10000
v 1.50165 1.69400 2.10000
v 1.44115 1.70600 2.10000
v 1.44115 1.70600 -2.10000
v 1.50165 1.70600 2.10000
v 1.50165 1.70600 -2.10000
v 1.50165 1.69400 2.10000
v 1.50165 1.69400 -2.10000
v 1.44115 1.69400 2.10000
v 1.44115 1.69400 -2.10000
v 1.50165 1.70600 2.10000
v 1.50165 1.70600 -2.10000
v 1.50165 1.69400 2.10000
v 1.50165 1.69400 -2.10000
v 1.44115 1.70600 -2.10000
v 1.44115 1.70600 2.10000
v 1.44115 1.69400 -2.10000
v 1.44115 1.69400 2.10000
vt 0.00000 0.00000
vt 1.00000 0.00000
vt 0.00000 1.00000
vt 1.00000 1.00000
vt 0.00000 0.00000
vt 1.00000 0.00000
vt 0.00000 1.00000
vt 1.00000 1.00000
vt 0.00000 0.00000
vt 1.00000 0.00000
vt 0.00000 1.00000
vt 1.00000 1.00000
vt 0.00000 0.00000
vt 1.00000 0.00000
vt 0.00000 1.00000
vt 1.00000 1.00000
vt 0.00000 0.00000
vt 1.00000 0.00000
vt 0.00000 1.00000
vt 1.00000 1.00000
vt 0.00000 0.00000
vt 1.00000 0.00000
vt 0.00000 1.00000
vt 1.00000 1.00000
f 913/913 915/915 914/914
f 915/915 916/916 914/914
f 917/917 919/919 918/918
f 919/919 920/920 918/918
f 921/921 923/923 922/922
f 923/923 924/924 922/922
f 925/925 927/927 926/926
f 927/927 928/928 926/926
f 929/929 931/931 930/930
f 931/931 932/932 930/930
f 933/933 935/935 934/934
f 935/935 936/936 934/934
v 1.50165 1.89600 -2.10000
v 1.44115 1.89600 -2.10000
v 1.50165 1.88400 -2.10000
v 1.44115 1.88400 -2.10000
v 1.44115 1.89600 2.10000
v 1.50165 1.89600 2.10000
v 1.44115 1.88400 2.10000
v 1.50165 1.88400 2.10000
v 1.44115 1.89600 2.10000
v 1.44115 1.89600 -2.10000
v 1.50165 1.89600 2.10000
v 1.50165 1.89600 -2.10000
v 1.50165 1.88400 2.10000
v 1.50165 1.88400 -2.10000
v 1.44115 1.88400 2.10000
v 1.44115 1.88400 -2.10000
v 1.50165 1.89600 2.10000
v 1.50165 1.89600 -2.10000
v 1.50165 1.88400 2.10000
v 1.50165 1.88400 -2.10000
v 1.44115 1.89600 -2.10000
v 1.44115 1.89600 2.10000
v 1.44115 1.88400 -2.10000
v 1.44115 1.88400 2.10000
vt 0.00000 0.00000
vt 1.00000 0.00000
vt 0.00000 1.00000
vt 1.00000 1.00000
vt 0.00000 0.00000
vt 1.00000 0.00000
vt 0.00000 1.00000
vt 1.00000 1.00000
vt 0.00000 0.00000
vt 1.00000 0.00000
vt 0.00000 1.00000
vt 1.00000 1.00000
vt 0.00000 0.00000
vt 1.00000 0.00000
vt 0.00000 1.00000
vt 1.00000 1.00000
vt 0.00000 0.00000
vt 1.00000 0.00000
vt 0.00000 1.00000
vt 1.00000 1.00000
vt 0.00000 0.00000
vt 1.00000 0.00000
vt 0.00000 1.00000
vt 1.00000 1.00000
f 937/937 939/939 938/938
f 939/939 940/940 938/938
f 941/941 943/943 942/942
f 943/943 944/944 942/942
f 945/945 947/947 946/946
f 947/947 948/948 946/946
f 949/949 951/951 950/950
f 951/951 952/952 950/950
f 953/953 955/955 954/954
f 955/955 956/956 954/954
f 957/957 959/959 958/958
f 959/959 960/960 958/958
v 1.50165 2.08600 -2.10000
v 1.44115 2.08600 -2.10000
v 1.50165 2.07400 -2.10000
v 1.44115 2.07400 -2.10000
v 1.44115 2.08600 2.10000
v 1.50165 2.08600 2.10000
v 1.44115 2.07400 2.10000
v 1.50165 2.07400 2.10000
v 1.44115 2.08600 2.10000
v 1.44115 2.08600 -2.10000
v 1.50165 2.08600 2.10000
v 1.50165 2.08600 -2.10000
v 1.50165 2.07400 2.10000
v 1.50165 2.07400 -2.10000
v 1.44115 2.07400 2.10000
v 1.44115 2.07400 -2.10000
v 1.50165 2.08600 2.10000
v 1.50165 2.08600 -2.10000
v 1.50165 2.07400 2.10000
v 1.50165 2.07400 -2.10000
v 1.44115 2.08600 -2.10000
v 1.44115 2.08600 2.10000
v 1.44115 2.07400 -2.10000
v 1.44115 2.07400 2.10000
vt 0.00000 0.00000
vt 1.00000 0.00000
vt 0.00000 1.00000
vt 1.00000 1.00000
vt 0.00000 0.00000
vt 1.00000 0.00000
vt 0.00000 1.00000
vt 1.00000 1.00000
vt 0.00000 0.00000
vt 1.00000 0.00000
vt 0.00000 1.00000
vt 1.00000 1.00000
vt 0.00000 0.00000
vt 1.00000 0.00000
vt 0.00000 1.00000
vt 1.00000 1.00000
vt 0.00000 0.00000
vt 1.00000 0.00000
vt 0.00000 1.00000
vt 1.00000 1.00000
vt 0.00000 0.00000
vt 1.00000 0.00000
vt 0.00000 1.00000
vt 1.00000 1.00000
f 961/961 963/963 962/962
f 963/963 964/964 962/962
f 965/965 967/967 966/966
f 967/967 968/968 966/966
f 969/969 971/971 970/970
f 971/971 972/972 970/970
f 973/973 975/975 974/974
f 975/975 976/976 974/974
f 977/977 979/979 978/978
f 979/979 980/980 978/978
f 981/981 983/983 982/982
f 983/983 984/984 982/982
v 1.50165 2.27600 -2.10000
v 1.44115 2.27600 -2.10000
v 1.50165 2.26400 -2.10000
v 1.44115 2.26400 -2.10000
v 1.44115 2.27600 2.10000
v 1.50165 2.27600 2.10000
v 1.44115 2.26400 2.10000
v 1.50165 2.26400 2.10000
v 1.44115 2.27600 2.10000
v 1.44115 2.27600 -2.10000
v 1.50165 2.27600 2.10000
v 1.50165 2.27600 -2.10000
v 1.50165 2.26400 2.10000
v 1.50165 2.26400 -2.10000
v 1.44115 2.26400 2.10000
v 1.44115 2.26400 -2.10000
v 1.50165 2.27600 2.10000
v 1.50165 2.27600 -2.10000
v 1.50165 2.26400 2.10000
v 1.50165 2.26400 -2.10000
v 1.44115 2.27600 -2.10000
v 1.44115 2.27600 2.10000
v 1.44115 2.26400 -2.10000
v 1.44115 2.26400 2.10000
vt 0.00000 0.00000
vt 1.00000 0.00000
vt 0.00000 1.00000
vt 1.00000 1.00000
vt 0.00000 0.00000
vt 1.00000 0.00000
vt 0.00000 1.00000
vt 1.00000 1.00000
vt 0.00000 0.00000
vt 1.00000 0.00000
vt 0.00000 1.00000
vt 1.00000 1.00000
vt 0.00000 0.00000
vt 1.00000 0.00000
vt 0.00000 1.00000
vt 1.00000 1.00000
vt 0.00000 0.00000
vt 1.00000 0.00000
vt 0.00000 1.00000
vt 1.00000 1.00000
vt 0.00000 0.00000
vt 1.00000 0.00000
vt 0.00000 1.00000
vt 1.00000 1.00000
f 985/985 987/987 986/986
f 987/987 988/988 986/986
f 989/989 991/991 990/990
f 991/991 992/992 990/990
f 993/993 995/995 994/994
f 995/995 996/996 994/994
f 997/997 999/999 998/998
f 999/999 1000/1000 998/998
f 1001/1001 1003/1003 1002/1002
f 1003/1003 1004/1004 1002/1002
f 1005/1005 1007/1007 1006/1006
f 1007/1007 1008/1008 1006/1006
usemtl glass
v 1.51500 1.97000 0.52600
v 1.50500 1.97000 0.52600
v 1.51500 1.09000 0.52600
v 1.50500 1.09000 0.52600
v 1.50500 1.97000 1.27400
v 1.51500 1.97000 1.27400
v 1.50500 1.09000 1.27400
v 1.51500 1.09000 1.27400
v 1.50500 1.97000 1.27400
v 1.50500 1.97000 0.52600
v 1.51500 1.97000 1.27400
v 1.51500 1.97000 0.52600
v 1.51500 1.09000 1.27400
v 1.51500 1.09000 0.52600
v 1.50500 1.09000 1.27400
v 1.50500 1.09000 0.52600
v 1.51500 1.97000 1.27400
v 1.51500 1.97000 0.52600
v 1.51500 1.09000 1.27400
v 1.51500 1.09000 0.52600
v 1.50500 1.97000 0.52600
v 1.50500 1.97000 1.27400
v 1.50500 1.09000 0.52600
v 1.50500 1.09000 1.27400
vt 0.00000 0.00000
vt 1.00000 0.00000
vt 0.00000 1.00000
vt 1.00000 1.00000
vt 0.00000 0.00000
vt 1.00000 0.00000
vt 0.00000 1.00000
vt 1.00000 1.00000
vt 0.00000 0.00000
vt 1.00000 0.00000
vt 0.00000 1.00000
vt 1.00000 1.00000
vt 0.00000 0.00000
vt 1.00000 0.00000
vt 0.00000 1.00000
vt 1.00000 1.00000
vt 0.00000 0.00000
vt 1.00000 0.00000
vt 0.00000 1.00000
vt 1.00000 1.00000
vt 0.00000 0.00000
vt 1.00000 0.00000
vt 0.00000 1.00000
vt 1.00000 1.00000
f 1009/1009 1011/1011 1010/1010
f 1011/1011 1012/1012 1010/1010
f 1013/1013 1015/1015 1014/1014
f 1015/1015 1016/1016 1014/1014
f 1017/1017 1019/1019 1018/1018
f 1019/1019 1020/1020 1018/1018
f 1021/1021 1023/1023 1022/1022
f 1023/1023 1024/1024 1022/1022
f 1025/1025 1027/1027 1026/1026
f 1027/1027 1028/1028 1026/1026
f 1029/1029 1031/1031 1030/1030
f 1031/1031 1032/1032 1030/1030
usemtl trim_white
v 1.53250 2.03000 1.28000
v 1.48750 2.03000 1.28000
v 1.53250 1.03000 1.28000
v 1.48750 1.03000 1.28000
v 1.48750 2.03000 1.32500
v 1.53250 2.03000 1.32500
v 1.48750 1.03000 1.32500
v 1.53250 1.03000 1.32500
v 1.48750 2.03000 1.32500
v 1.48750 2.03000 1.28000
v 1.53250 2.03000 1.32500
v 1.53250 2.03000 1.28000
v 1.53250 1.03000 1.32500
v 1.53250 1.03000 1.28000
v 1.48750 1.03000 1.32500
v 1.48750 1.03000 1.28000
v 1.53250 2.03000 1.32500
v 1.53250 2.03000 1.28000
v 1.53250 1.03000 1.32500
v 1.53250 1.03000 1.28000
v 1.48750 2.03000 1.28000
v 1.48750 2.03000 1.32500
v 1.48750 1.03000 1.28000
v 1.48750 1.03000 1.32500
vt 0.00000 0.00000
vt 1.00000 0.00000
vt 0.00000 1.00000
vt 1.00000 1.00000
vt 0.00000 0.00000
vt 1.00000 0.00000
vt 0.00000 1.00000
vt 1.00000 1.00000
vt 0.00000 0.00000
vt 1.00000 0.00000
vt 0.00000 1.00000
vt 1.00000 1.00000
vt 0.00000 0.00000
vt 1.00000 0.00000
vt 0.00000 1.00000
vt 1.00000 1.00000
vt 0.00000 0.00000
vt 1.00000 0.00000
vt 0.00000 1.00000
vt 1.00000 1.00000
vt 0.00000 0.00000
vt 1.00000 0.00000
vt 0.00000 1.00000
vt 1.00000 1.00000
f 1033/1033 1035/1035 1034/1034
f 1035/1035 1036/1036 1034/1034
f 1037/1037 1039/1039 1038/1038
f 1039/1039 1040/1040 1038/1038
f 1041/1041 1043/1043 1042/1042
f 1043/1043 1044/1044 1042/1042
f 1045/1045 1047/1047 1046/1046
f 1047/1047 1048/1048 1046/1046
f 1049/1049 1051/1051 1050/1050
f 1051/1051 1052/1052 1050/1050
f 1053/1053 1055/1055 1054/1054
f 1055/1055 1056/1056 1054/1054
v 1.53250 2.03000 0.47500
v 1.48750 2.03000 0.47500
v 1.53250 1.03000 0.47500
v 1.48750 1.03000 0.47500
v 1.48750 2.03000 0.52000
v 1.53250 2.03000 0.52000
v 1.48750 1.03000 0.52000
v 1.53250 1.03000 0.52000
v 1.48750 2.03000 0.52000
v 1.48750 2.03000 0.47500
v 1.53250 2.03000 0.52000
v 1.53250 2.03000 0.47500
v 1.53250 1.03000 0.52000
v 1.53250 1.03000 0.47500
v 1.48750 1.03000 0.52000
v 1.48750 1.03000 0.47500
v 1.53250 2.03000 0.52000
v 1.53250 2.03000 0.47500
v 1.53250 1.03000 0.52000
v 1.53250 1.03000 0.47500
v 1.48750 2.03000 0.47500
v 1.48750 2.03000 0.52000
v 1.48750 1.03000 0.47500
v 1.48750 1.03000 0.52000
vt 0.00000 0.00000
vt 1.00000 0.00000
vt 0.00000 1.00000
vt 1.00000 1.00000
vt 0.00000 0.00000
vt 1.00000 0.00000
vt 0.00000 1.00000
vt 1.00000 1.00000
vt 0.00000 0.00000
vt 1.00000 0.00000
vt 0.00000 1.00000
vt 1.00000 1.00000
vt 0.00000 0.00000
vt 1.00000 0.00000
vt 0.00000 1.00000
vt 1.00000 1.00000
vt 0.00000 0.00000
vt 1.00000 0.00000
vt 0.00000 1.00000
vt 1.00000 1.00000
vt 0.00000 0.00000
vt 1.00000 0.00000
vt 0.00000 1.00000
vt 1.00000 1.00000
f 1057/1057 1059/1059 1058/1058
f 1059/1059 1060/1060 1058/1058
f 1061/1061 1063/1063 1062/1062
f 1063/1063 1064/1064 1062/1062
f 1065/1065 1067/1067 1066/1066
f 1067/1067 1068/1068 1066/1066
f 1069/1069 1071/1071 1070/1070
f 1071/1071 1072/1072 1070/1070
f 1073/1073 1075/1075 1074/1074
f 1075/1075 1076/1076 1074/1074
f 1077/1077 1079/1079 1078/1078
f 1079/1079 1080/1080 1078/1078
v 1.53250 2.03000 0.47500
v 1.48750 2.03000 0.47500
v 1.53250 1.98500 0.47500
v 1.48750 1.98500 0.47500
v 1.48750 2.03000 1.32500
v 1.53250 2.03000 1.32500
v 1.48750 1.98500 1.32500
v 1.53250 1.98500 1.32500
v 1.48750 2.03000 1.32500
v 1.48750 2.03000 0.47500
v 1.53250 2.03000 1.32500
v 1.53250 2.03000 0.47500
v 1.53250 1.98500 1.32500
v 1.53250 1.98500 0.47500
v 1.48750 1.98500 1.32500
v 1.48750 1.98500 0.47500
v 1.53250 2.03000 1.32500
v 1.53250 2.03000 0.47500
v 1.53250 1.98500 1.32500
v 1.53250 1.98500 0.47500
v 1.48750 2.03000 0.47500
v 1.48750 2.03000 1.32500
v 1.48750 1.98500 0.47500
v 1.48750 1.98500 1.32500
vt 0.00000 0.00000
vt 1.00000 0.00000
vt 0.00000 1.00000
vt 1.00000 1.00000
vt 0.00000 0.00000
vt 1.00000 0.00000
vt 0.00000 1.00000
vt 1.00000 1.00000
vt 0.00000 0.00000
vt 1.00000 0.00000
vt 0.00000 1.00000
vt 1.00000 1.00000
vt 0.00000 0.00000
vt 1.00000 0.00000
vt 0.00000 1.00000
vt 1.00000 1.00000
vt 0.00000 0.00000
vt 1.00000 0.00000
vt 0.00000 1.00000
vt 1.00000 1.00000
vt 0.00000 0.00000
vt 1.00000 0.00000
vt 0.00000 1.00000
vt 1.00000 1.00000
f 1081/1081 1083/1083 1082/1082
f 1083/1083 1084/1084 1082/1082
f 1085/1085 1087/1087 1086/1086
f 1087/1087 1088/1088 1086/1086
f 1089/1089 1091/1091 1090/1090
f 1091/1091 1092/1092 1090/1090
f 1093/1093 1095/1095 1094/1094
f 1095/1095 1096/1096 1094/1094
f 1097/1097 1099/1099 1098/1098
f 1099/1099 1100/1100 1098/1098
f 1101/1101 1103/1103 1102/1102
f 1103/1103 1104/1104 1102/1102
v 1.53250 1.07500 0.47500
v 1.48750 1.07500 0.47500
v 1.53250 1.03000 0.47500
v 1.48750 1.03000 0.47500
v 1.48750 1.07500 1.32500
v 1.53250 1.07500 1.32500
v 1.48750 1.03000 1.32500
v 1.53250 1.03000 1.32500
v 1.48750 1.07500 1.32500
v 1.48750 1.07500 0.47500
v 1.53250 1.07500 1.32500
v 1.53250 1.07500 0.47500
v 1.53250 1.03000 1.32500
v 1.53250 1.03000 0.47500
v 1.48750 1.03000 1.32500
v 1.48750 1.03000 0.47500
v 1.53250 1.07500 1.32500
v 1.53250 1.07500 0.47500
v 1.53250 1.03000 1.32500
v 1.53250 1.03000 0.47500
v 1.48750 1.07500 0.47500
v 1.48750 1.07500 1.32500
v 1.48750 1.03000 0.47500
v 1.48750 1.03000 1.32500
vt 0.00000 0.00000
vt 1.00000 0.00000
vt 0.00000 1.00000
vt 1.00000 1.00000
vt 0.00000 0.00000
vt 1.00000 0.00000
vt 0.00000 1.00000
vt 1.00000 1.00000
vt 0.00000 0.00000
vt 1.00000 0.00000
vt 0.00000 1.00000
vt 1.00000 1.00000
vt 0.00000 0.00000
vt 1.00000 0.00000
vt 0.00000 1.00000
vt 1.00000 1.00000
vt 0.00000 0.00000
vt 1.00000 0.00000
vt 0.00000 1.00000
vt 1.00000 1.00000
vt 0.00000 0.00000
vt 1.00000 0.00000
vt 0.00000 1.00000
vt 1.00000 1.00000
f 1105/1105 1107/1107 1106/1106
f 1107/1107 1108/1108 1106/1106
f 1109/1109 1111/1111 1110/1110
f 1111/1111 1112/1112 1110/1110
f 1113/1113 1115/1115 1114/1114
f 1115/1115 1116/1116 1114/1114
f 1117/1117 1119/1119 1118/1118
f 1119/1119 1120/1120 1118/1118
f 1121/1121 1123/1123 1122/1122
f 1123/1123 1124/1124 1122/1122
f 1125/1125 1127/1127 1126/1126
f 1127/1127 1128/1128 1126/1126
v 1.52750 1.96000 0.88750
v 1.49250 1.96000 0.88750
v 1.52750 1.10000 0.88750
v 1.49250 1.10000 0.88750
v 1.49250 1.96000 0.91250
v 1.52750 1.96000 0.91250
v 1.49250 1.10000 0.91250
v 1.52750 1.10000 0.91250
v 1.49250 1.96000 0.91250
v 1.49250 1.96000 0.88750
v 1.52750 1.96000 0.91250
v 1.52750 1.96000 0.88750
v 1.52750 1.10000 0.91250
v 1.52750 1.10000 0.88750
v 1.49250 1.10000 0.91250
v 1.49250 1.10000 0.88750
v 1.52750 1.96000 0.91250
v 1.52750 1.96000 0.88750
v 1.52750 1.10000 0.91250
v 1.52750 1.10000 0.88750
v 1.49250 1.96000 0.88750
v 1.49250 1.96000 0.91250
v 1.49250 1.10000 0.88750
v 1.49250 1.10000 0.91250
vt 0.00000 0.00000
vt 1.00000 0.00000
vt 0.00000 1.00000
vt 1.00000 1.00000
vt 0.00000 0.00000
vt 1.00000 0.00000
vt 0.00000 1.00000
vt 1.00000 1.00000
vt 0.00000 0.00000
vt 1.00000 0.00000
vt 0.00000 1.00000
vt 1.00000 1.00000
vt 0.00000 0.00000
vt 1.00000 0.00000
vt 0.00000 1.00000
vt 1.00000 1.00000
vt 0.00000 0.00000
vt 1.00000 0.00000
vt 0.00000 1.00000
vt 1.00000 1.00000
vt 0.00000 0.00000
vt 1.00000 0.00000
vt 0.00000 1.00000
vt 1.00000 1.00000
f 1129/1129 1131/1131 1130/1130
f 1131/1131 1132/1132 1130/1130
f 1133/1133 1135/1135 1134/1134
f 1135/1135 1136/1136 1134/1134
f 1137/1137 1139/1139 1138/1138
f 1139/1139 1140/1140 1138/1138
f 1141/1141 1143/1143 1142/1142
f 1143/1143 1144/1144 1142/1142
f 1145/1145 1147/1147 1146/1146
f 1147/1147 1148/1148 1146/1146
f 1149/1149 1151/1151 1150/1150
f 1151/1151 1152/1152 1150/1150
v 1.52750 1.54250 0.53450
v 1.49250 1.54250 0.53450
v 1.52750 1.51750 0.53450
v 1.49250 1.51750 0.53450
v 1.49250 1.54250 1.26550
v 1.52750 1.54250 1.26550
v 1.49250 1.51750 1.26550
v 1.52750 1.51750 1.26550
v 1.49250 1.54250 1.26550
v 1.49250 1.54250 0.53450
v 1.52750 1.54250 1.26550
v 1.52750 1.54250 0.53450
v 1.52750 1.51750 1.26550
v 1.52750 1.51750 0.53450
v 1.49250 1.51750 1.26550
v 1.49250 1.51750 0.53450
v 1.52750 1.54250 1.26550
v 1.52750 1.54250 0.53450
v 1.52750 1.51750 1.26550
v 1.52750 1.51750 0.53450
v 1.49250 1.54250 0.53450
v 1.49250 1.54250 1.26550
v 1.49250 1.51750 0.53450
v 1.49250 1.51750 1.26550
vt 0.00000 0.00000
vt 1.00000 0.00000
vt 0.00000 1.00000
vt 1.00000 1.00000
vt 0.00000 0.00000
vt 1.00000 0.00000
vt 0.00000 1.00000
vt 1.00000 1.00000
vt 0.00000 0.00000
vt 1.00000 0.00000
vt 0.00000 1.00000
vt 1.00000 1.00000
vt 0.00000 0.00000
vt 1.00000 0.00000
vt 0.00000 1.00000
vt 1.00000 1.00000
vt 0.00000 0.00000
vt 1.00000 0.00000
vt 0.00000 1.00000
vt 1.00000 1.00000
vt 0.00000 0.00000
vt 1.00000 0.00000
vt 0.00000 1.00000
vt 1.00000 1.00000
f 1153/1153 1155/1155 1154/1154
f 1155/1155 1156/1156 1154/1154
f 1157/1157 1159/1159 1158/1158
f 1159/1159 1160/1160 1158/1158
f 1161/1161 1163/1163 1162/1162
f 1163/1163 1164/1164 1162/1162
f 1165/1165 1167/1167 1166/1166
f 1167/1167 1168/1168 1166/1166
f 1169/1169 1171/1171 1170/1170
f 1171/1171 1172/1172 1170/1170
f 1173/1173 1175/1175 1174/1174
f 1175/1175 1176/1176 1174/1174
v 0.90000 2.27000 2.11650
v 0.90000 2.27000 1.97350
v 0.90000 2.18000 2.11650
v 0.90000 2.18000 1.97350
v -0.90000 2.27000 1.97350
v -0.90000 2.27000 2.11650
v -0.90000 2.18000 1.97350
v -0.90000 2.18000 2.11650
v -0.90000 2.27000 1.97350
v 0.90000 2.27000 1.97350
v -0.90000 2.27000 2.11650
v 0.90000 2.27000 2.11650
v -0.90000 2.18000 2.11650
v 0.90000 2.18000 2.11650
v -0.90000 2.18000 1.97350
v 0.90000 2.18000 1.97350
v -0.90000 2.27000 2.11650
v 0.90000 2.27000 2.11650
v -0.90000 2.18000 2.11650
v 0.90000 2.18000 2.11650
v 0.90000 2.27000 1.97350
v -0.90000 2.27000 1.97350
v 0.90000 2.18000 1.97350
v -0.90000 2.18000 1.97350
vt 0.00000 0.00000
vt 1.00000 0.00000
vt 0.00000 1.00000
vt 1.00000 1.00000
vt 0.00000 0.00000
vt 1.00000 0.00000
vt 0.00000 1.00000
vt 1.00000 1.00000
vt 0.00000 0.00000
vt 1.00000 0.00000
vt 0.00000 1.00000
vt 1.00000 1.00000
vt 0.00000 0.00000
vt 1.00000 0.00000
vt 0.00000 1.00000
vt 1.00000 1.00000
vt 0.00000 0.00000
vt 1.00000 0.00000
vt 0.00000 1.00000
vt 1.00000 1.00000
vt 0.00000 0.00000
vt 1.00000 0.00000
vt 0.00000 1.00000
vt 1.00000 1.00000
f 1177/1177 1179/1179 1178/1178
f 1179/1179 1180/1180 1178/1178
f 1181/1181 1183/1183 1182/1182
f 1183/1183 1184/1184 1182/1182
f 1185/1185 1187/1187 1186/1186
f 1187/1187 1188/1188 1186/1186
f 1189/1189 1191/1191 1190/1190
f 1191/1191 1192/1192 1190/1190
f 1193/1193 1195/1195 1194/1194
f 1195/1195 1196/1196 1194/1194
f 1197/1197 1199/1199 1198/1198
f 1199/1199 1200/1200 1198/1198
v -1.81000 2.48000 2.35000
v -1.81000 2.48000 -2.35000
v -1.81000 2.31000 2.35000
v -1.81000 2.31000 -2.35000
v -1.83000 2.48000 -2.35000
v -1.83000 2.48000 2.35000
v -1.83000 2.31000 -2.35000
v -1.83000 2.31000 2.35000
v -1.83000 2.48000 -2.35000
v -1.81000 2.48000 -2.35000
v -1.83000 2.48000 2.35000
v -1.81000 2.48000 2.35000
v -1.83000 2.31000 2.35000
v -1.81000 2.31000 2.35000
v -1.83000 2.31000 -2.35000
v -1.81000 2.31000 -2.35000
v -1.83000 2.48000 2.35000
v -1.81000 2.48000 2.35000
v -1.83000 2.31000 2.35000
v -1.81000 2.31000 2.35000
v -1.81000 2.48000 -2.35000
v -1.83000 2.48000 -2.35000
v -1.81000 2.31000 -2.35000
v -1.83000 2.31000 -2.35000
vt 0.00000 0.00000
vt 1.00000 0.00000
vt 0.00000 1.00000
vt 1.00000 1.00000
vt 0.00000 0.00000
vt 1.00000 0.00000
vt 0.00000 1.00000
vt 1.00000 1.00000
vt 0.00000 0.00000
vt 1.00000 0.00000
vt 0.00000 1.00000
vt 1.00000 1.00000
vt 0.00000 0.00000
vt 1.00000 0.00000
vt 0.00000 1.00000
vt 1.00000 1.00000
vt 0.00000 0.00000
vt 1.00000 0.00000
vt 0.00000 1.00000
vt 1.00000 1.00000
vt 0.00000 0.00000
vt 1.00000 0.00000
vt 0.00000 1.00000
vt 1.00000 1.00000
f 1201/1201 1203/1203 1202/1202
f 1203/1203 1204/1204 1202/1202
f 1205/1205 1207/1207 1206/1206
f 1207/1207 1208/1208 1206/1206
f 1209/1209 1211/1211 1210/1210
f 1211/1211 1212/1212 1210/1210
f 1213/1213 1215/1215 1214/1214
f 1215/1215 1216/1216 1214/1214
f 1217/1217 1219/1219 1218/1218
f 1219/1219 1220/1220 1218/1218
f 1221/1221 1223/1223 1222/1222
f 1223/1223 1224/1224 1222/1222
v 1.83000 2.48000 2.35000
v 1.83000 2.48000 -2.35000
v 1.83000 2.31000 2.35000
v 1.83000 2.31000 -2.35000
v 1.81000 2.48000 -2.35000
v 1.81000 2.48000 2.35000
v 1.81000 2.31000 -2.35000
v 1.81000 2.31000 2.35000
v 1.81000 2.48000 -2.35000
v 1.83000 2.48000 -2.35000
v 1.81000 2.48000 2.35000
v 1.83000 2.48000 2.35000
v 1.81000 2.31000 2.35000
v 1.83000 2.31000 2.35000
v 1.81000 2.31000 -2.35000
v 1.83000 2.31000 -2.35000
v 1.81000 2.48000 2.35000
v 1.83000 2.48000 2.35000
v 1.81000 2.31000 2.35000
v 1.83000 2.31000 2.35000
v 1.83000 2.48000 -2.35000
v 1.81000 2.48000 -2.35000
v 1.83000 2.31000 -2.35000
v 1.81000 2.31000 -2.35000
vt 0.00000 0.00000
vt 1.00000 0.00000
vt 0.00000 1.00000
vt 1.00000 1.00000
vt 0.00000 0.00000
vt 1.00000 0.00000
vt 0.00000 1.00000
vt 1.00000 1.00000
vt 0.00000 0.00000
vt 1.00000 0.00000
vt 0.00000 1.00000
vt 1.00000 1.00000
vt 0.00000 0.00000
vt 1.00000 0.00000
vt 0.00000 1.00000
vt 1.00000 1.00000
vt 0.00000 0.00000
vt 1.00000 0.00000
vt 0.00000 1.00000
vt 1.00000 1.00000
vt 0.00000 0.00000
vt 1.00000 0.00000
vt 0.00000 1.00000
vt 1.00000 1.00000
f 1225/1225 1227/1227 1226/1226
f 1227/1227 1228/1228 1226/1226
f 1229/1229 1231/1231 1230/1230
f 1231/1231 1232/1232 1230/1230
f 1233/1233 1235/1235 1234/1234
f 1235/1235 1236/1236 1234/1234
f 1237/1237 1239/1239 1238/1238
f 1239/1239 1240/1240 1238/1238
f 1241/1241 1243/1243 1242/1242
f 1243/1243 1244/1244 1242/1242
f 1245/1245 1247/1247 1246/1246
f 1247/1247 1248/1248 1246/1246
v 1.82596 2.35510 2.36500
v 1.82596 2.35510 2.21500
v 1.81404 2.32757 2.36500
v 1.81404 2.32757 2.21500
v 0.00596 3.14376 2.21500
v 0.00596 3.14376 2.36500
v -0.00596 3.11624 2.21500
v -0.00596 3.11624 2.36500
v 0.00596 3.14376 2.21500
v 1.82596 2.35510 2.21500
v 0.00596 3.14376 2.36500
v 1.82596 2.35510 2.36500
v -0.00596 3.11624 2.36500
v 1.81404 2.32757 2.36500
v -0.00596 3.11624 2.21500
v 1.81404 2.32757 2.21500
v 0.00596 3.14376 2.36500
v 1.82596 2.35510 2.36500
v -0.00596 3.11624 2.36500
v 1.81404 2.32757 2.36500
v 1.82596 2.35510 2.21500
v 0.00596 3.14376 2.21500
v 1.81404 2.32757 2.21500
v -0.00596 3.11624 2.21500
vt 0.00000 0.00000
vt 1.00000 0.00000
vt 0.00000 1.00000
vt 1.00000 1.00000
vt 0.00000 0.00000
vt 1.00000 0.00000
vt 0.00000 1.00000
vt 1.00000 1.00000
vt 0.00000 0.00000
vt 1.00000 0.00000
vt 0.00000 1.00000
vt 1.00000 1.00000
vt 0.00000 0.00000
vt 1.00000 0.00000
vt 0.00000 1.00000
vt 1.00000 1.00000
vt 0.00000 0.00000
vt 1.00000 0.00000
vt 0.00000 1.00000
vt 1.00000 1.00000
vt 0.00000 0.00000
vt 1.00000 0.00000
vt 0.00000 1.00000
vt 1.00000 1.00000
f 1249/1249 1251/1251 1250/1250
f 1251/1251 1252/1252 1250/1250
f 1253/1253 1255/1255 1254/1254
f 1255/1255 1256/1256 1254/1254
f 1257/1257 1259/1259 1258/1258
f 1259/1259 1260/1260 1258/1258
f 1261/1261 1263/1263 1262/1262
f 1263/1263 1264/1264 1262/1262
f 1265/1265 1267/1267 1266/1266
f 1267/1267 1268/1268 1266/1266
f 1269/1269 1271/1271 1270/1270
f 1271/1271 1272/1272 1270/1270
v 1.82596 2.35510 -2.21500
v 1.82596 2.35510 -2.36500
v 1.81404 2.32757 -2.21500
v 1.81404 2.32757 -2.36500
v 0.00596 3.14376 -2.36500
v 0.00596 3.14376 -2.21500
v -0.00596 3.11624 -2.36500
v -0.00596 3.11624 -2.21500
v 0.00596 3.14376 -2.36500
v 1.82596 2.35510 -2.36500
v 0.00596 3.14376 -2.21500
v 1.82596 2.35510 -2.21500
v -0.00596 3.11624 -2.21500
v 1.81404 2.32757 -2.21500
v -0.00596 3.11624 -2.36500
v 1.81404 2.32757 -2.36500
v 0.00596 3.14376 -2.21500
v 1.82596 2.35510 -2.21500
v -0.00596 3.11624 -2.21500
v 1.81404 2.32757 -2.21500
v 1.82596 2.35510 -2.36500
v 0.00596 3.14376 -2.36500
v 1.81404 2.32757 -2.36500
v -0.00596 3.11624 -2.36500
vt 0.00000 0.00000
vt 1.00000 0.00000
vt 0.00000 1.00000
vt 1.00000 1.00000
vt 0.00000 0.00000
vt 1.00000 0.00000
vt 0.00000 1.00000
vt 1.00000 1.00000
vt 0.00000 0.00000
vt 1.00000 0.00000
vt 0.00000 1.00000
vt 1.00000 1.00000
vt 0.00000 0.00000
vt 1.00000 0.00000
vt 0.00000 1.00000
vt 1.00000 1.00000
vt 0.00000 0.00000
vt 1.00000 0.00000
vt 0.00000 1.00000
vt 1.00000 1.00000
vt 0.00000 0.00000
vt 1.00000 0.00000
vt 0.00000 1.00000
vt 1.00000 1.00000
f 1273/1273 1275/1275 1274/1274
f 1275/1275 1276/1276 1274/1274
f 1277/1277 1279/1279 1278/1278
f 1279/1279 1280/1280 1278/1278
f 1281/1281 1283/1283 1282/1282
f 1283/1283 1284/1284 1282/1282
f 1285/1285 1287/1287 1286/1286
f 1287/1287 1288/1288 1286/1286
f 1289/1289 1291/1291 1290/1290
f 1291/1291 1292/1292 1290/1290
f 1293/1293 1295/1295 1294/1294
f 1295/1295 1296/1296 1294/1294
v -1.81404 2.32757 2.36500
v -1.81404 2.32757 2.21500
v -1.82596 2.35510 2.36500
v -1.82596 2.35510 2.21500
v 0.00596 3.11624 2.21500
v 0.00596 3.11624 2.36500
v -0.00596 3.14376 2.21500
v -0.00596 3.14376 2.36500
v 0.00596 3.11624 2.21500
v -1.81404 2.32757 2.21500
v 0.00596 3.11624 2.36500
v -1.81404 2.32757 2.36500
v -0.00596 3.14376 2.36500
v -1.82596 2.35510 2.36500
v -0.00596 3.14376 2.21500
v -1.82596 2.35510 2.21500
v 0.00596 3.11624 2.36500
v -1.81404 2.32757 2.36500
v -0.00596 3.14376 2.36500
v -1.82596 2.35510 2.36500
v -1.81404 2.32757 2.21500
v 0.00596 3.11624 2.21500
v -1.82596 2.35510 2.21500
v -0.00596 3.14376 2.21500
vt 0.00000 0.00000
vt 1.00000 0.00000
vt 0.00000 1.00000
vt 1.00000 1.00000
vt 0.00000 0.00000
vt 1.00000 0.00000
vt 0.00000 1.00000
vt 1.00000 1.00000
vt 0.00000 0.00000
vt 1.00000 0.00000
vt 0.00000 1.00000
vt 1.00000 1.00000
vt 0.00000 0.00000
vt 1.00000 0.00000
vt 0.00000 1.00000
vt 1.00000 1.00000
vt 0.00000 0.00000
vt 1.00000 0.00000
vt 0.00000 1.00000
vt 1.00000 1.00000
vt 0.00000 0.00000
vt 1.00000 0.00000
vt 0.00000 1.00000
vt 1.00000 1.00000
f 1297/1297 1299/1299 1298/1298
f 1299/1299 1300/1300 1298/1298
f 1301/1301 1303/1303 1302/1302
f 1303/1303 1304/1304 1302/1302
f 1305/1305 1307/1307 1306/1306
f 1307/1307 1308/1308 1306/1306
f 1309/1309 1311/1311 1310/1310
f 1311/1311 1312/1312 1310/1310
f 1313/1313 1315/1315 1314/1314
f 1315/1315 1316/1316 1314/1314
f 1317/1317 1319/1319 1318/1318
f 1319/1319 1320/1320 1318/1318
v -1.81404 2.32757 -2.21500
v -1.81404 2.32757 -2.36500
v -1.82596 2.35510 -2.21500
v -1.82596 2.35510 -2.36500
v 0.00596 3.11624 -2.36500
v 0.00596 3.11624 -2.21500
v -0.00596 3.14376 -2.36500
v -0.00596 3.14376 -2.21500
v 0.00596 3.11624 -2.36500
v -1.81404 2.32757 -2.36500
v 0.00596 3.11624 -2.21500
v -1.81404 2.32757 -2.21500
v -0.00596 3.14376 -2.21500
v -1.82596 2.35510 -2.21500
v -0.00596 3.14376 -2.36500
v -1.82596 2.35510 -2.36500
v 0.00596 3.11624 -2.21500
v -1.81404 2.32757 -2.21500
v -0.00596 3.14376 -2.21500
v -1.82596 2.35510 -2.21500
v -1.81404 2.32757 -2.36500
v 0.00596 3.11624 -2.36500
v -1.82596 2.35510 -2.36500
v -0.00596 3.14376 -2.36500
vt 0.00000 0.00000
vt 1.00000 0.00000
vt 0.00000 1.00000
vt 1.00000 1.00000
vt 0.00000 0.00000
vt 1.00000 0.00000
vt 0.00000 1.00000
vt 1.00000 1.00000
vt 0.00000 0.00000
vt 1.00000 0.00000
vt 0.00000 1.00000
vt 1.00000 1.00000
vt 0.00000 0.00000
vt 1.00000 0.00000
vt 0.00000 1.00000
vt 1.00000 1.00000
vt 0.00000 0.00000
vt 1.00000 0.00000
vt 0.00000 1.00000
vt 1.00000 1.00000
vt 0.00000 0.00000
vt 1.00000 0.00000
vt 0.00000 1.00000
vt 1.00000 1.00000
f 1321/1321 1323/1323 1322/1322
f 1323/1323 1324/1324 1322/1322
f 1325/1325 1327/1327 1326/1326
f 1327/1327 1328/1328 1326/1326
f 1329/1329 1331/1331 1330/1330
f 1331/1331 1332/1332 1330/1330
f 1333/1333 1335/1335 1334/1334
f 1335/1335 1336/1336 1334/1334
f 1337/1337 1339/1339 1338/1338
f 1339/1339 1340/1340 1338/1338
f 1341/1341 1343/1343 1342/1342
f 1343/1343 1344/1344 1342/1342
usemtl hardware_black
v 0.00000 2.59300 2.10000
v 0.04944 2.60083 2.10000
v 0.09405 2.62356 2.10000
v 0.12944 2.65895 2.10000
v 0.15217 2.70356 2.10000
v 0.16000 2.75300 2.10000
v 0.15217 2.80244 2.10000
v 0.12944 2.84705 2.10000
v 0.09405 2.88244 2.10000
v 0.04944 2.90517 2.10000
v 0.00000 2.91300 2.10000
v -0.04944 2.90517 2.10000
v -0.09405 2.88244 2.10000
v -0.12944 2.84705 2.10000
v -0.15217 2.80244 2.10000
v -0.16000 2.75300 2.10000
v -0.15217 2.70356 2.10000
v -0.12944 2.65895 2.10000
v -0.09405 2.62356 2.10000
v -0.04944 2.60083 2.10000
v -0.00000 2.59300 2.10000
v 0.00000 2.59300 2.05000
v 0.04944 2.60083 2.05000
v 0.09405 2.62356 2.05000
v 0.12944 2.65895 2.05000
v 0.15217 2.70356 2.05000
v 0.16000 2.75300 2.05000
v 0.15217 2.80244 2.05000
v 0.12944 2.84705 2.05000
v 0.09405 2.88244 2.05000
v 0.04944 2.90517 2.05000
v 0.00000 2.91300 2.05000
v -0.04944 2.90517 2.05000
v -0.09405 2.88244 2.05000
v -0.12944 2.84705 2.05000
v -0.15217 2.80244 2.05000
v -0.16000 2.75300 2.05000
v -0.15217 2.70356 2.05000
v -0.12944 2.65895 2.05000
v -0.09405 2.62356 2.05000
v -0.04944 2.60083 2.05000
v -0.00000 2.59300 2.05000
v 0.00000 2.75300 2.10000
v 0.00000 2.75300 2.10000
v 0.00000 2.75300 2.10000
v 0.00000 2.75300 2.10000
v 0.00000 2.75300 2.10000
v 0.00000 2.75300 2.10000
v 0.00000 2.75300 2.10000
v 0.00000 2.75300 2.10000
v 0.00000 2.75300 2.10000
v 0.00000 2.75300 2.10000
v 0.00000 2.75300 2.10000
v 0.00000 2.75300 2.10000
v 0.00000 2.75300 2.10000
v 0.00000 2.75300 2.10000
v 0.00000 2.75300 2.10000
v 0.00000 2.75300 2.10000
v 0.00000 2.75300 2.10000
v 0.00000 2.75300 2.10000
v 0.00000 2.75300 2.10000
v 0.00000 2.75300 2.10000
v 0.00000 2.59300 2.10000
v 0.04944 2.60083 2.10000
v 0.09405 2.62356 2.10000
v 0.12944 2.65895 2.10000
v 0.15217 2.70356 2.10000
v 0.16000 2.75300 2.10000
v 0.15217 2.80244 2.10000
v 0.12944 2.84705 2.10000
v 0.09405 2.88244 2.10000
v 0.04944 2.90517 2.10000
v 0.00000 2.91300 2.10000
v -0.04944 2.90517 2.10000
v -0.09405 2.88244 2.10000
v -0.12944 2.84705 2.10000
v -0.15217 2.80244 2.10000
v -0.16000 2.75300 2.10000
v -0.15217 2.70356 2.10000
v -0.12944 2.65895 2.10000
v -0.09405 2.62356 2.10000
v -0.04944 2.60083 2.10000
v -0.00000 2.59300 2.10000
v 0.00000 2.75300 2.05000
v 0.00000 2.75300 2.05000
v 0.00000 2.75300 2.05000
v 0.00000 2.75300 2.05000
v 0.00000 2.75300 2.05000
v 0.00000 2.75300 2.05000
v 0.00000 2.75300 2.05000
v 0.00000 2.75300 2.05000
v 0.00000 2.75300 2.05000
v 0.00000 2.75300 2.05000
v 0.00000 2.75300 2.05000
v 0.00000 2.75300 2.05000
v 0.00000 2.75300 2.05000
v 0.00000 2.75300 2.05000
v 0.00000 2.75300 2.05000
v 0.00000 2.75300 2.05000
v 0.00000 2.75300 2.05000
v 0.00000 2.75300 2.05000
v 0.00000 2.75300 2.05000
v 0.00000 2.75300 2.05000
v 0.00000 2.59300 2.05000
v 0.04944 2.60083 2.05000
v 0.09405 2.62356 2.05000
v 0.12944 2.65895 2.05000
v 0.15217 2.70356 2.05000
v 0.16000 2.75300 2.05000
v 0.15217 2.80244 2.05000
v 0.12944 2.84705 2.05000
v 0.09405 2.88244 2.05000
v 0.04944 2.90517 2.05000
v 0.00000 2.91300 2.05000
v -0.04944 2.90517 2.05000
v -0.09405 2.88244 2.05000
v -0.12944 2.84705 2.05000
v -0.15217 2.80244 2.05000
v -0.16000 2.75300 2.05000
v -0.15217 2.70356 2.05000
v -0.12944 2.65895 2.05000
v -0.09405 2.62356 2.05000
v -0.04944 2.60083 2.05000
v -0.00000 2.59300 2.05000
vt 0.00000 0.00000
vt 0.05000 0.00000
vt 0.10000 0.00000
vt 0.15000 0.00000
vt 0.20000 0.00000
vt 0.25000 0.00000
vt 0.30000 0.00000
vt 0.35000 0.00000
vt 0.40000 0.00000
vt 0.45000 0.00000
vt 0.50000 0.00000
vt 0.55000 0.00000
vt 0.60000 0.00000
vt 0.65000 0.00000
vt 0.70000 0.00000
vt 0.75000 0.00000
vt 0.80000 0.00000
vt 0.85000 0.00000
vt 0.90000 0.00000
vt 0.95000 0.00000
vt 1.00000 0.00000
vt 0.00000 1.00000
vt 0.05000 1.00000
vt 0.10000 1.00000
vt 0.15000 1.00000
vt 0.20000 1.00000
vt 0.25000 1.00000
vt 0.30000 1.00000
vt 0.35000 1.00000
vt 0.40000 1.00000
vt 0.45000 1.00000
vt 0.50000 1.00000
vt 0.55000 1.00000
vt 0.60000 1.00000
vt 0.65000 1.00000
vt 0.70000 1.00000
vt 0.75000 1.00000
vt 0.80000 1.00000
vt 0.85000 1.00000
vt 0.90000 1.00000
vt 0.95000 1.00000
vt 1.00000 1.00000
vt 0.50000 0.50000
vt 0.50000 0.50000
vt 0.50000 0.50000
vt 0.50000 0.50000
vt 0.50000 0.50000
vt 0.50000 0.50000
vt 0.50000 0.50000
vt 0.50000 0.50000
vt 0.50000 0.50000
vt 0.50000 0.50000
vt 0.50000 0.50000
vt 0.50000 0.50000
vt 0.50000 0.50000
vt 0.50000 0.50000
vt 0.50000 0.50000
vt 0.50000 0.50000
vt 0.50000 0.50000
vt 0.50000 0.50000
vt 0.50000 0.50000
vt 0.50000 0.50000
vt 1.00000 0.50000
vt 0.97553 0.34549
vt 0.90451 0.20611
vt 0.79389 0.09549
vt 0.65451 0.02447
vt 0.50000 0.00000
vt 0.34549 0.02447
vt 0.20611 0.09549
vt 0.09549 0.20611
vt 0.02447 0.34549
vt 0.00000 0.50000
vt 0.02447 0.65451
vt 0.09549 0.79389
vt 0.20611 0.90451
vt 0.34549 0.97553
vt 0.50000 1.00000
vt 0.65451 0.97553
vt 0.79389 0.90451
vt 0.90451 0.79389
vt 0.97553 0.65451
vt 1.00000 0.50000
vt 0.50000 0.50000
vt 0.50000 0.50000
vt 0.50000 0.50000
vt 0.50000 0.50000
vt 0.50000 0.50000
vt 0.50000 0.50000
vt 0.50000 0.50000
vt 0.50000 0.50000
vt 0.50000 0.50000
vt 0.50000 0.50000
vt 0.50000 0.50000
vt 0.50000 0.50000
vt 0.50000 0.50000
vt 0.50000 0.50000
vt 0.50000 0.50000
vt 0.50000 0.50000
vt 0.50000 0.50000
vt 0.50000 0.50000
vt 0.50000 0.50000
vt 0.50000 0.50000
vt 1.00000 0.50000
vt 0.97553 0.65451
vt 0.90451 0.79389
vt 0.79389 0.90451
vt 0.65451 0.97553
vt 0.50000 1.00000
vt 0.34549 0.97553
vt 0.20611 0.90451
vt 0.09549 0.79389
vt 0.02447 0.65451
vt 0.00000 0.50000
vt 0.02447 0.34549
vt 0.09549 0.20611
vt 0.20611 0.09549
vt 0.34549 0.02447
vt 0.50000 0.00000
vt 0.65451 0.02447
vt 0.79389 0.09549
vt 0.90451 0.20611
vt 0.97553 0.34549
vt 1.00000 0.50000
f 1345/1345 1366/1366 1346/1346
f 1366/1366 1367/1367 1346/1346
f 1346/1346 1367/1367 1347/1347
f 1367/1367 1368/1368 1347/1347
f 1347/1347 1368/1368 1348/1348
f 1368/1368 1369/1369 1348/1348
f 1348/1348 1369/1369 1349/1349
f 1369/1369 1370/1370 1349/1349
f 1349/1349 1370/1370 1350/1350
f 1370/1370 1371/1371 1350/1350
f 1350/1350 1371/1371 1351/1351
f 1371/1371 1372/1372 1351/1351
f 1351/1351 1372/1372 1352/1352
f 1372/1372 1373/1373 1352/1352
f 1352/1352 1373/1373 1353/1353
f 1373/1373 1374/1374 1353/1353
f 1353/1353 1374/1374 1354/1354
f 1374/1374 1375/1375 1354/1354
f 1354/1354 1375/1375 1355/1355
f 1375/1375 1376/1376 1355/1355
f 1355/1355 1376/1376 1356/1356
f 1376/1376 1377/1377 1356/1356
f 1356/1356 1377/1377 1357/1357
f 1377/1377 1378/1378 1357/1357
f 1357/1357 1378/1378 1358/1358
f 1378/1378 1379/1379 1358/1358
f 1358/1358 1379/1379 1359/1359
f 1379/1379 1380/1380 1359/1359
f 1359/1359 1380/1380 1360/1360
f 1380/1380 1381/1381 1360/1360
f 1360/1360 1381/1381 1361/1361
f 1381/1381 1382/1382 1361/1361
f 1361/1361 1382/1382 1362/1362
f 1382/1382 1383/1383 1362/1362
f 1362/1362 1383/1383 1363/1363
f 1383/1383 1384/1384 1363/1363
f 1363/1363 1384/1384 1364/1364
f 1384/1384 1385/1385 1364/1364
f 1364/1364 1385/1385 1365/1365
f 1385/1385 1386/1386 1365/1365
f 1407/1407 1408/1408 1387/1387
f 1408/1408 1409/1409 1388/1388
f 1409/1409 1410/1410 1389/1389
f 1410/1410 1411/1411 1390/1390
f 1411/1411 1412/1412 1391/1391
f 1412/1412 1413/1413 1392/1392
f 1413/1413 1414/1414 1393/1393
f 1414/1414 1415/1415 1394/1394
f 1415/1415 1416/1416 1395/1395
f 1416/1416 1417/1417 1396/1396
f 1417/1417 1418/1418 1397/1397
f 1418/1418 1419/1419 1398/1398
f 1419/1419 1420/1420 1399/1399
f 1420/1420 1421/1421 1400/1400
f 1421/1421 1422/1422 1401/1401
f 1422/1422 1423/1423 1402/1402
f 1423/1423 1424/1424 1403/1403
f 1424/1424 1425/1425 1404/1404
f 1425/1425 1426/1426 1405/1405
f 1426/1426 1427/1427 1406/1406
f 1449/1449 1448/1448 1428/1428
f 1450/1450 1449/1449 1429/1429
f 1451/1451 1450/1450 1430/1430
f 1452/1452 1451/1451 1431/1431
f 1453/1453 1452/1452 1432/1432
f 1454/1454 1453/1453 1433/1433
f 1455/1455 1454/1454 1434/1434
f 1456/1456 1455/1455 1435/1435
f 1457/1457 1456/1456 1436/1436
f 1458/1458 1457/1457 1437/1437
f 1459/1459 1458/1458 1438/1438
f 1460/1460 1459/1459 1439/1439
f 1461/1461 1460/1460 1440/1440
f 1462/1462 1461/1461 1441/1441
f 1463/1463 1462/1462 1442/1442
f 1464/1464 1463/1463 1443/1443
f 1465/1465 1464/1464 1444/1444
f 1466/1466 1465/1465 1445/1445
f 1467/1467 1466/1466 1446/1446
f 1468/1468 1467/1467 1447/1447
v -0.77500 0.70250 2.12700
v -0.77500 0.70250 2.11300
v -0.77500 0.65750 2.12700
v -0.77500 0.65750 2.11300
v -0.93500 0.70250 2.11300
v -0.93500 0.70250 2.12700
v -0.93500 0.65750 2.11300
v -0.93500 0.65750 2.12700
v -0.93500 0.70250 2.11300
v -0.77500 0.70250 2.11300
v -0.93500 0.70250 2.12700
v -0.77500 0.70250 2.12700
v -0.93500 0.65750 2.12700
v -0.77500 0.65750 2.12700
v -0.93500 0.65750 2.11300
v -0.77500 0.65750 2.11300
v -0.93500 0.70250 2.12700
v -0.77500 0.70250 2.12700
v -0.93500 0.65750 2.12700
v -0.77500 0.65750 2.12700
v -0.77500 0.70250 2.11300
v -0.93500 0.70250 2.11300
v -0.77500 0.65750 2.11300
v -0.93500 0.65750 2.11300
vt 0.00000 0.00000
vt 1.00000 0.00000
vt 0.00000 1.00000
vt 1.00000 1.00000
vt 0.00000 0.00000
vt 1.00000 0.00000
vt 0.00000 1.00000
vt 1.00000 1.00000
vt 0.00000 0.00000
vt 1.00000 0.00000
vt 0.00000 1.00000
vt 1.00000 1.00000
vt 0.00000 0.00000
vt 1.00000 0.00000
vt 0.00000 1.00000
vt 1.00000 1.00000
vt 0.00000 0.00000
vt 1.00000 0.00000
vt 0.00000 1.00000
vt 1.00000 1.00000
vt 0.00000 0.00000
vt 1.00000 0.00000
vt 0.00000 1.00000
vt 1.00000 1.00000
f 1469/1469 1471/1471 1470/1470
f 1471/1471 1472/1472 1470/1470
f 1473/1473 1475/1475 1474/1474
f 1475/1475 1476/1476 1474/1474
f 1477/1477 1479/1479 1478/1478
f 1479/1479 1480/1480 1478/1478
f 1481/1481 1483/1483 1482/1482
f 1483/1483 1484/1484 1482/1482
f 1485/1485 1487/1487 1486/1486
f 1487/1487 1488/1488 1486/1486
f 1489/1489 1491/1491 1490/1490
f 1491/1491 1492/1492 1490/1490
v -0.77500 1.70250 2.12700
v -0.77500 1.70250 2.11300
v -0.77500 1.65750 2.12700
v -0.77500 1.65750 2.11300
v -0.93500 1.70250 2.11300
v -0.93500 1.70250 2.12700
v -0.93500 1.65750 2.11300
v -0.93500 1.65750 2.12700
v -0.93500 1.70250 2.11300
v -0.77500 1.70250 2.11300
v -0.93500 1.70250 2.12700
v -0.77500 1.70250 2.12700
v -0.93500 1.65750 2.12700
v -0.77500 1.65750 2.12700
v -0.93500 1.65750 2.11300
v -0.77500 1.65750 2.11300
v -0.93500 1.70250 2.12700
v -0.77500 1.70250 2.12700
v -0.93500 1.65750 2.12700
v -0.77500 1.65750 2.12700
v -0.77500 1.70250 2.11300
v -0.93500 1.70250 2.11300
v -0.77500 1.65750 2.11300
v -0.93500 1.65750 2.11300
vt 0.00000 0.00000
vt 1.00000 0.00000
vt 0.00000 1.00000
vt 1.00000 1.00000
vt 0.00000 0.00000
vt 1.00000 0.00000
vt 0.00000 1.00000
vt 1.00000 1.00000
vt 0.00000 0.00000
vt 1.00000 0.00000
vt 0.00000 1.00000
vt 1.00000 1.00000
vt 0.00000 0.00000
vt 1.00000 0.00000
vt 0.00000 1.00000
vt 1.00000 1.00000
vt 0.00000 0.00000
vt 1.00000 0.00000
vt 0.00000 1.00000
vt 1.00000 1.00000
vt 0.00000 0.00000
vt 1.00000 0.00000
vt 0.00000 1.00000
vt 1.00000 1.00000
f 1493/1493 1495/1495 1494/1494
f 1495/1495 1496/1496 1494/1494
f 1497/1497 1499/1499 1498/1498
f 1499/1499 1500/1500 1498/1498
f 1501/1501 1503/1503 1502/1502
f 1503/1503 1504/1504 1502/1502
f 1505/1505 1507/1507 1506/1506
f 1507/1507 1508/1508 1506/1506
f 1509/1509 1511/1511 1510/1510
f 1511/1511 1512/1512 1510/1510
f 1513/1513 1515/1515 1514/1514
f 1515/1515 1516/1516 1514/1514
v 0.93500 0.70250 2.12700
v 0.93500 0.70250 2.11300
v 0.93500 0.65750 2.12700
v 0.93500 0.65750 2.11300
v 0.77500 0.70250 2.11300
v 0.77500 0.70250 2.12700
v 0.77500 0.65750 2.11300
v 0.77500 0.65750 2.12700
v 0.77500 0.70250 2.11300
v 0.93500 0.70250 2.11300
v 0.77500 0.70250 2.12700
v 0.93500 0.70250 2.12700
v 0.77500 0.65750 2.12700
v 0.93500 0.65750 2.12700
v 0.77500 0.65750 2.11300
v 0.93500 0.65750 2.11300
v 0.77500 0.70250 2.12700
v 0.93500 0.70250 2.12700
v 0.77500 0.65750 2.12700
v 0.93500 0.65750 2.12700
v 0.93500 0.70250 2.11300
v 0.77500 0.70250 2.11300
v 0.93500 0.65750 2.11300
v 0.77500 0.65750 2.11300
vt 0.00000 0.00000
vt 1.00000 0.00000
vt 0.00000 1.00000
vt 1.00000 1.00000
vt 0.00000 0.00000
vt 1.00000 0.00000
vt 0.00000 1.00000
vt 1.00000 1.00000
vt 0.00000 0.00000
vt 1.00000 0.00000
vt 0.00000 1.00000
vt 1.00000 1.00000
vt 0.00000 0.00000
vt 1.00000 0.00000
vt 0.00000 1.00000
vt 1.00000 1.00000
vt 0.00000 0.00000
vt 1.00000 0.00000
vt 0.00000 1.00000
vt 1.00000 1.00000
vt 0.00000 0.00000
vt 1.00000 0.00000
vt 0.00000 1.00000
vt 1.00000 1.00000
f 1517/1517 1519/1519 1518/1518
f 1519/1519 1520/1520 1518/1518
f 1521/1521 1523/1523 1522/1522
f 1523/1523 1524/1524 1522/1522
f 1525/1525 1527/1527 1526/1526
f 1527/1527 1528/1528 1526/1526
f 1529/1529 1531/1531 1530/1530
f 1531/1531 1532/1532 1530/1530
f 1533/1533 1535/1535 1534/1534
f 1535/1535 1536/1536 1534/1534
f 1537/1537 1539/1539 1538/1538
f 1539/1539 1540/1540 1538/1538
v 0.93500 1.70250 2.12700
v 0.93500 1.70250 2.11300
v 0.93500 1.65750 2.12700
v 0.93500 1.65750 2.11300
v 0.77500 1.70250 2.11300
v 0.77500 1.70250 2.12700
v 0.77500 1.65750 2.11300
v 0.77500 1.65750 2.12700
v 0.77500 1.70250 2.11300
v 0.93500 1.70250 2.11300
v 0.77500 1.70250 2.12700
v 0.93500 1.70250 2.12700
v 0.77500 1.65750 2.12700
v 0.93500 1.65750 2.12700
v 0.77500 1.65750 2.11300
v 0.93500 1.65750 2.11300
v 0.77500 1.70250 2.12700
v 0.93500 1.70250 2.12700
v 0.77500 1.65750 2.12700
v 0.93500 1.65750 2.12700
v 0.93500 1.70250 2.11300
v 0.77500 1.70250 2.11300
v 0.93500 1.65750 2.11300
v 0.77500 1.65750 2.11300
vt 0.00000 0.00000
vt 1.00000 0.00000
vt 0.00000 1.00000
vt 1.00000 1.00000
vt 0.00000 0.00000
vt 1.00000 0.00000
vt 0.00000 1.00000
vt 1.00000 1.00000
vt 0.00000 0.00000
vt 1.00000 0.00000
vt 0.00000 1.00000
vt 1.00000 1.00000
vt 0.00000 0.00000
vt 1.00000 0.00000
vt 0.00000 1.00000
vt 1.00000 1.00000
vt 0.00000 0.00000
vt 1.00000 0.00000
vt 0.00000 1.00000
vt 1.00000 1.00000
vt 0.00000 0.00000
vt 1.00000 0.00000
vt 0.00000 1.00000
vt 1.00000 1.00000
f 1541/1541 1543/1543 1542/1542
f 1543/1543 1544/1544 1542/1542
f 1545/1545 1547/1547 1546/1546
f 1547/1547 1548/1548 1546/1546
f 1549/1549 1551/1551 1550/1550
f 1551/1551 1552/1552 1550/1550
f 1553/1553 1555/1555 1554/1554
f 1555/1555 1556/1556 1554/1554
f 1557/1557 1559/1559 1558/1558
f 1559/1559 1560/1560 1558/1558
f 1561/1561 1563/1563 1562/1562
f 1563/1563 1564/1564 1562/1562
v 0.06000 1.20200 2.13000
v 0.06000 1.20200 2.13000
v 0.06000 1.20200 2.13000
v 0.06000 1.20200 2.13000
v 0.06000 1.20200 2.13000
v 0.06000 1.20200 2.13000
v 0.06000 1.20200 2.13000
v 0.06000 1.20200 2.13000
v 0.06000 1.20200 2.13000
v 0.06000 1.20200 2.13000
v 0.06000 1.20200 2.13000
v 0.06000 1.20200 2.13000
v 0.06000 1.20200 2.13000
v 0.05158 1.20033 2.13000
v 0.05271 1.20033 2.13421
v 0.05579 1.20033 2.13729
v 0.06000 1.20033 2.13842
v 0.06421 1.20033 2.13729
v 0.06729 1.20033 2.13421
v 0.06842 1.20033 2.13000
v 0.06729 1.20033 2.12579
v 0.06421 1.20033 2.12271
v 0.06000 1.20033 2.12158
v 0.05579 1.20033 2.12271
v 0.05271 1.20033 2.12579
v 0.05158 1.20033 2.13000
v 0.04444 1.19556 2.13000
v 0.04653 1.19556 2.13778
v 0.05222 1.19556 2.14347
v 0.06000 1.19556 2.14556
v 0.06778 1.19556 2.14347
v 0.07347 1.19556 2.13778
v 0.07556 1.19556 2.13000
v 0.07347 1.19556 2.12222
v 0.06778 1.19556 2.11653
v 0.06000 1.19556 2.11444
v 0.05222 1.19556 2.11653
v 0.04653 1.19556 2.12222
v 0.04444 1.19556 2.13000
v 0.03967 1.18842 2.13000
v 0.04240 1.18842 2.14016
v 0.04984 1.18842 2.14760
v 0.06000 1.18842 2.15033
v 0.07016 1.18842 2.14760
v 0.07760 1.18842 2.14016
v 0.08033 1.18842 2.13000
v 0.07760 1.18842 2.11984
v 0.07016 1.18842 2.11240
v 0.06000 1.18842 2.10967
v 0.04984 1.18842 2.11240
v 0.04240 1.18842 2.11984
v 0.03967 1.18842 2.13000
v 0.03800 1.18000 2.13000
v 0.04095 1.18000 2.14100
v 0.04900 1.18000 2.14905
v 0.06000 1.18000 2.15200
v 0.07100 1.18000 2.14905
v 0.07905 1.18000 2.14100
v 0.08200 1.18000 2.13000
v 0.07905 1.18000 2.11900
v 0.07100 1.18000 2.11095
v 0.06000 1.18000 2.10800
v 0.04900 1.18000 2.11095
v 0.04095 1.18000 2.11900
v 0.03800 1.18000 2.13000
v 0.03967 1.17158 2.13000
v 0.04240 1.17158 2.14016
v 0.04984 1.17158 2.14760
v 0.06000 1.17158 2.15033
v 0.07016 1.17158 2.14760
v 0.07760 1.17158 2.14016
v 0.08033 1.17158 2.13000
v 0.07760 1.17158 2.11984
v 0.07016 1.17158 2.11240
v 0.06000 1.17158 2.10967
v 0.04984 1.17158 2.11240
v 0.04240 1.17158 2.11984
v 0.03967 1.17158 2.13000
v 0.04444 1.16444 2.13000
v 0.04653 1.16444 2.13778
v 0.05222 1.16444 2.14347
v 0.06000 1.16444 2.14556
v 0.06778 1.16444 2.14347
v 0.07347 1.16444 2.13778
v 0.07556 1.16444 2.13000
v 0.07347 1.16444 2.12222
v 0.06778 1.16444 2.11653
v 0.06000 1.16444 2.11444
v 0.05222 1.16444 2.11653
v 0.04653 1.16444 2.12222
v 0.04444 1.16444 2.13000
v 0.05158 1.15967 2.13000
v 0.05271 1.15967 2.13421
v 0.05579 1.15967 2.13729
v 0.06000 1.15967 2.13842
v 0.06421 1.15967 2.13729
v 0.06729 1.15967 2.13421
v 0.06842 1.15967 2.13000
v 0.06729 1.15967 2.12579
v 0.06421 1.15967 2.12271
v 0.06000 1.15967 2.12158
v 0.05579 1.15967 2.12271
v 0.05271 1.15967 2.12579
v 0.05158 1.15967 2.13000
v 0.06000 1.15800 2.13000
v 0.06000 1.15800 2.13000
v 0.06000 1.15800 2.13000
v 0.06000 1.15800 2.13000
v 0.06000 1.15800 2.13000
v 0.06000 1.15800 2.13000
v 0.06000 1.15800 2.13000
v 0.06000 1.15800 2.13000
v 0.06000 1.15800 2.13000
v 0.06000 1.15800 2.13000
v 0.06000 1.15800 2.13000
v 0.06000 1.15800 2.13000
v 0.06000 1.15800 2.13000
vt 0.04167 0.00000
vt 0.12500 0.00000
vt 0.20833 0.00000
vt 0.29167 0.00000
vt 0.37500 0.00000
vt 0.45833 0.00000
vt 0.54167 0.00000
vt 0.62500 0.00000
vt 0.70833 0.00000
vt 0.79167 0.00000
vt 0.87500 0.00000
vt 0.95833 0.00000
vt 1.04167 0.00000
vt 0.00000 0.12500
vt 0.08333 0.12500
vt 0.16667 0.12500
vt 0.25000 0.12500
vt 0.33333 0.12500
vt 0.41667 0.12500
vt 0.50000 0.12500
vt 0.58333 0.12500
vt 0.66667 0.12500
vt 0.75000 0.12500
vt 0.83333 0.12500
vt 0.91667 0.12500
vt 1.00000 0.12500
vt 0.00000 0.25000
vt 0.08333 0.25000
vt 0.16667 0.25000
vt 0.25000 0.25000
vt 0.33333 0.25000
vt 0.41667 0.25000
vt 0.50000 0.25000
vt 0.58333 0.25000
vt 0.66667 0.25000
vt 0.75000 0.25000
vt 0.83333 0.25000
vt 0.91667 0.25000
vt 1.00000 0.25000
vt 0.00000 0.37500
vt 0.08333 0.37500
vt 0.16667 0.37500
vt 0.25000 0.37500
vt 0.33333 0.37500
vt 0.41667 0.37500
vt 0.50000 0.37500
vt 0.58333 0.37500
vt 0.66667 0.37500
vt 0.75000 0.37500
vt 0.83333 0.37500
vt 0.91667 0.37500
vt 1.00000 0.37500
vt 0.00000 0.50000
vt 0.08333 0.50000
vt 0.16667 0.50000
vt 0.25000 0.50000
vt 0.33333 0.50000
vt 0.41667 0.50000
vt 0.50000 0.50000
vt 0.58333 0.50000
vt 0.66667 0.50000
vt 0.75000 0.50000
vt 0.83333 0.50000
vt 0.91667 0.50000
vt 1.00000 0.50000
vt 0.00000 0.62500
vt 0.08333 0.62500
vt 0.16667 0.62500
vt 0.25000 0.62500
vt 0.33333 0.62500
vt 0.41667 0.62500
vt 0.50000 0.62500
vt 0.58333 0.62500
vt 0.66667 0.62500
vt 0.75000 0.62500
vt 0.83333 0.62500
vt 0.91667 0.62500
vt 1.00000 0.62500
vt 0.00000 0.75000
vt 0.08333 0.75000
vt 0.16667 0.75000
vt 0.25000 0.75000
vt 0.33333 0.75000
vt 0.41667 0.75000
vt 0.50000 0.75000
vt 0.58333 0.75000
vt 0.66667 0.75000
vt 0.75000 0.75000
vt 0.83333 0.75000
vt 0.91667 0.75000
vt 1.00000 0.75000
vt 0.00000 0.87500
vt 0.08333 0.87500
vt 0.16667 0.87500
vt 0.25000 0.87500
vt 0.33333 0.87500
vt 0.41667 0.87500
vt 0.50000 0.87500
vt 0.58333 0.87500
vt 0.66667 0.87500
vt 0.75000 0.87500
vt 0.83333 0.87500
vt 0.91667 0.87500
vt 1.00000 0.87500
vt -0.04167 1.00000
vt 0.04167 1.00000
vt 0.12500 1.00000
vt 0.20833 1.00000
vt 0.29167 1.00000
vt 0.37500 1.00000
vt 0.45833 1.00000
vt 0.54167 1.00000
vt 0.62500 1.00000
vt 0.70833 1.00000
vt 0.79167 1.00000
vt 0.87500 1.00000
vt 0.95833 1.00000
f 1565/1565 1578/1578 1579/1579
f 1566/1566 1579/1579 1580/1580
f 1567/1567 1580/1580 1581/1581
f 1568/1568 1581/1581 1582/1582
f 1569/1569 1582/1582 1583/1583
f 1570/1570 1583/1583 1584/1584
f 1571/1571 1584/1584 1585/1585
f 1572/1572 1585/1585 1586/1586
f 1573/1573 1586/1586 1587/1587
f 1574/1574 1587/1587 1588/1588
f 1575/1575 1588/1588 1589/1589
f 1576/1576 1589/1589 1590/1590
f 1579/1579 1578/1578 1592/1592
f 1578/1578 1591/1591 1592/1592
f 1580/1580 1579/1579 1593/1593
f 1579/1579 1592/1592 1593/1593
f 1581/1581 1580/1580 1594/1594
f 1580/1580 1593/1593 1594/1594
f 1582/1582 1581/1581 1595/1595
f 1581/1581 1594/1594 1595/1595
f 1583/1583 1582/1582 1596/1596
f 1582/1582 1595/1595 1596/1596
f 1584/1584 1583/1583 1597/1597
f 1583/1583 1596/1596 1597/1597
f 1585/1585 1584/1584 1598/1598
f 1584/1584 1597/1597 1598/1598
f 1586/1586 1585/1585 1599/1599
f 1585/1585 1598/1598 1599/1599
f 1587/1587 1586/1586 1600/1600
f 1586/1586 1599/1599 1600/1600
f 1588/1588 1587/1587 1601/1601
f 1587/1587 1600/1600 1601/1601
f 1589/1589 1588/1588 1602/1602
f 1588/1588 1601/1601 1602/1602
f 1590/1590 1589/1589 1603/1603
f 1589/1589 1602/1602 1603/1603
f 1592/1592 1591/1591 1605/1605
f 1591/1591 1604/1604 1605/1605
f 1593/1593 1592/1592 1606/1606
f 1592/1592 1605/1605 1606/1606
f 1594/1594 1593/1593 1607/1607
f 1593/1593 1606/1606 1607/1607
f 1595/1595 1594/1594 1608/1608
f 1594/1594 1607/1607 1608/1608
f 1596/1596 1595/1595 1609/1609
f 1595/1595 1608/1608 1609/1609
f 1597/1597 1596/1596 1610/1610
f 1596/1596 1609/1609 1610/1610
f 1598/1598 1597/1597 1611/1611
f 1597/1597 1610/1610 1611/1611
f 1599/1599 1598/1598 1612/1612
f 1598/1598 1611/1611 1612/1612
f 1600/1600 1599/1599 1613/1613
f 1599/1599 1612/1612 1613/1613
f 1601/1601 1600/1600 1614/1614
f 1600/1600 1613/1613 1614/1614
f 1602/1602 1601/1601 1615/1615
f 1601/1601 1614/1614 1615/1615
f 1603/1603 1602/1602 1616/1616
f 1602/1602 1615/1615 1616/1616
f 1605/1605 1604/1604 1618/1618
f 1604/1604 1617/1617 1618/1618
f 1606/1606 1605/1605 1619/1619
f 1605/1605 1618/1618 1619/1619
f 1607/1607 1606/1606 1620/1620
f 1606/1606 1619/1619 1620/1620
f 1608/1608 1607/1607 1621/1621
f 1607/1607 1620/1620 1621/1621
f 1609/1609 1608/1608 1622/1622
f 1608/1608 1621/1621 1622/1622
f 1610/1610 1609/1609 1623/1623
f 1609/1609 1622/1622 1623/1623
f 1611/1611 1610/1610 1624/1624
f 1610/1610 1623/1623 1624/1624
f 1612/1612 1611/1611 1625/1625
f 1611/1611 1624/1624 1625/1625
f 1613/1613 1612/1612 1626/1626
f 1612/1612 1625/1625 1626/1626
f 1614/1614 1613/1613 1627/1627
f 1613/1613 1626/1626 1627/1627
f 1615/1615 1614/1614 1628/1628
f 1614/1614 1627/1627 1628/1628
f 1616/1616 1615/1615 1629/1629
f 1615/1615 1628/1628 1629/1629
f 1618/1618 1617/1617 1631/1631
f 1617/1617 1630/1630 1631/1631
f 1619/1619 1618/1618 1632/1632
f 1618/1618 1631/1631 1632/1632
f 1620/1620 1619/1619 1633/1633
f 1619/1619 1632/1632 1633/1633
f 1621/1621 1620/1620 1634/1634
f 1620/1620 1633/1633 1634/1634
f 1622/1622 1621/1621 1635/1635
f 1621/1621 1634/1634 1635/1635
f 1623/1623 1622/1622 1636/1636
f 1622/1622 1635/1635 1636/1636
f 1624/1624 1623/1623 1637/1637
f 1623/1623 1636/1636 1637/1637
f 1625/1625 1624/1624 1638/1638
f 1624/1624 1637/1637 1638/1638
f 1626/1626 1625/1625 1639/1639
f 1625/1625 1638/1638 1639/1639
f 1627/1627 1626/1626 1640/1640
f 1626/1626 1639/1639 1640/1640
f 1628/1628 1627/1627 1641/1641
f 1627/1627 1640/1640 1641/1641
f 1629/1629 1628/1628 1642/1642
f 1628/1628 1641/1641 1642/1642
f 1631/1631 1630/1630 1644/1644
f 1630/1630 1643/1643 1644/1644
f 1632/1632 1631/1631 1645/1645
f 1631/1631 1644/1644 1645/1645
f 1633/1633 1632/1632 1646/1646
f 1632/1632 1645/1645 1646/1646
f 1634/1634 1633/1633 1647/1647
f 1633/1633 1646/1646 1647/1647
f 1635/1635 1634/1634 1648/1648
f 1634/1634 1647/1647 1648/1648
f 1636/1636 1635/1635 1649/1649
f 1635/1635 1648/1648 1649/1649
f 1637/1637 1636/1636 1650/1650
f 1636/1636 1649/1649 1650/1650
f 1638/1638 1637/1637 1651/1651
f 1637/1637 1650/1650 1651/1651
f 1639/1639 1638/1638 1652/1652
f 1638/1638 1651/1651 1652/1652
f 1640/1640 1639/1639 1653/1653
f 1639/1639 1652/1652 1653/1653
f 1641/1641 1640/1640 1654/1654
f 1640/1640 1653/1653 1654/1654
f 1642/1642 1641/1641 1655/1655
f 1641/1641 1654/1654 1655/1655
f 1644/1644 1643/1643 1657/1657
f 1643/1643 1656/1656 1657/1657
f 1645/1645 1644/1644 1658/1658
f 1644/1644 1657/1657 1658/1658
f 1646/1646 1645/1645 1659/1659
f 1645/1645 1658/1658 1659/1659
f 1647/1647 1646/1646 1660/1660
f 1646/1646 1659/1659 1660/1660
f 1648/1648 1647/1647 1661/1661
f 1647/1647 1660/1660 1661/1661
f 1649/1649 1648/1648 1662/1662
f 1648/1648 1661/1661 1662/1662
f 1650/1650 1649/1649 1663/1663
f 1649/1649 1662/1662 1663/1663
f 1651/1651 1650/1650 1664/1664
f 1650/1650 1663/1663 1664/1664
f 1652/1652 1651/1651 1665/1665
f 1651/1651 1664/1664 1665/1665
f 1653/1653 1652/1652 1666/1666
f 1652/1652 1665/1665 1666/1666
f 1654/1654 1653/1653 1667/1667
f 1653/1653 1666/1666 1667/1667
f 1655/1655 1654/1654 1668/1668
f 1654/1654 1667/1667 1668/1668
f 1657/1657 1656/1656 1670/1670
f 1658/1658 1657/1657 1671/1671
f 1659/1659 1658/1658 1672/1672
f 1660/1660 1659/1659 1673/1673
f 1661/1661 1660/1660 1674/1674
f 1662/1662 1661/1661 1675/1675
f 1663/1663 1662/1662 1676/1676
f 1664/1664 1663/1663 1677/1677
f 1665/1665 1664/1664 1678/1678
f 1666/1666 1665/1665 1679/1679
f 1667/1667 1666/1666 1680/1680
f 1668/1668 1667/1667 1681/1681
v -0.06000 1.20200 2.13000
v -0.06000 1.20200 2.13000
v -0.06000 1.20200 2.13000
v -0.06000 1.20200 2.13000
v -0.06000 1.20200 2.13000
v -0.06000 1.20200 2.13000
v -0.06000 1.20200 2.13000
v -0.06000 1.20200 2.13000
v -0.06000 1.20200 2.13000
v -0.06000 1.20200 2.13000
v -0.06000 1.20200 2.13000
v -0.06000 1.20200 2.13000
v -0.06000 1.20200 2.13000
v -0.06842 1.20033 2.13000
v -0.06729 1.20033 2.13421
v -0.06421 1.20033 2.13729
v -0.06000 1.20033 2.13842
v -0.05579 1.20033 2.13729
v -0.05271 1.20033 2.13421
v -0.05158 1.20033 2.13000
v -0.05271 1.20033 2.12579
v -0.05579 1.20033 2.12271
v -0.06000 1.20033 2.12158
v -0.06421 1.20033 2.12271
v -0.06729 1.20033 2.12579
v -0.06842 1.20033 2.13000
v -0.07556 1.19556 2.13000
v -0.07347 1.19556 2.13778
v -0.06778 1.19556 2.14347
v -0.06000 1.19556 2.14556
v -0.05222 1.19556 2.14347
v -0.04653 1.19556 2.13778
v -0.04444 1.19556 2.13000
v -0.04653 1.19556 2.12222
v -0.05222 1.19556 2.11653
v -0.06000 1.19556 2.11444
v -0.06778 1.19556 2.11653
v -0.07347 1.19556 2.12222
v -0.07556 1.19556 2.13000
v -0.08033 1.18842 2.13000
v -0.07760 1.18842 2.14016
v -0.07016 1.18842 2.14760
v -0.06000 1.18842 2.15033
v -0.04984 1.18842 2.14760
v -0.04240 1.18842 2.14016
v -0.03967 1.18842 2.13000
v -0.04240 1.18842 2.11984
v -0.04984 1.18842 2.11240
v -0.06000 1.18842 2.10967
v -0.07016 1.18842 2.11240
v -0.07760 1.18842 2.11984
v -0.08033 1.18842 2.13000
v -0.08200 1.18000 2.13000
v -0.07905 1.18000 2.14100
v -0.07100 1.18000 2.14905
v -0.06000 1.18000 2.15200
v -0.04900 1.18000 2.14905
v -0.04095 1.18000 2.14100
v -0.03800 1.18000 2.13000
v -0.04095 1.18000 2.11900
v -0.04900 1.18000 2.11095
v -0.06000 1.18000 2.10800
v -0.07100 1.18000 2.11095
v -0.07905 1.18000 2.11900
v -0.08200 1.18000 2.13000
v -0.08033 1.17158 2.13000
v -0.07760 1.17158 2.14016
v -0.07016 1.17158 2.14760
v -0.06000 1.17158 2.15033
v -0.04984 1.17158 2.14760
v -0.04240 1.17158 2.14016
v -0.03967 1.17158 2.13000
v -0.04240 1.17158 2.11984
v -0.04984 1.17158 2.11240
v -0.06000 1.17158 2.10967
v -0.07016 1.17158 2.11240
v -0.07760 1.17158 2.11984
v -0.08033 1.17158 2.13000
v -0.07556 1.16444 2.13000
v -0.07347 1.16444 2.13778
v -0.06778 1.16444 2.14347
v -0.06000 1.16444 2.14556
v -0.05222 1.16444 2.14347
v -0.04653 1.16444 2.13778
v -0.04444 1.16444 2.13000
v -0.04653 1.16444 2.12222
v -0.05222 1.16444 2.11653
v -0.06000 1.16444 2.11444
v -0.06778 1.16444 2.11653
v -0.07347 1.16444 2.12222
v -0.07556 1.16444 2.13000
v -0.06842 1.15967 2.13000
v -0.06729 1.15967 2.13421
v -0.06421 1.15967 2.13729
v -0.06000 1.15967 2.13842
v -0.05579 1.15967 2.13729
v -0.05271 1.15967 2.13421
v -0.05158 1.15967 2.13000
v -0.05271 1.15967 2.12579
v -0.05579 1.15967 2.12271
v -0.06000 1.15967 2.12158
v -0.06421 1.15967 2.12271
v -0.06729 1.15967 2.12579
v -0.06842 1.15967 2.13000
v -0.06000 1.15800 2.13000
v -0.06000 1.15800 2.13000
v -0.06000 1.15800 2.13000
v -0.06000 1.15800 2.13000
v -0.06000 1.15800 2.13000
v -0.06000 1.15800 2.13000
v -0.06000 1.15800 2.13000
v -0.06000 1.15800 2.13000
v -0.06000 1.15800 2.13000
v -0.06000 1.15800 2.13000
v -0.06000 1.15800 2.13000
v -0.06000 1.15800 2.13000
v -0.06000 1.15800 2.13000
vt 0.04167 0.00000
vt 0.12500 0.00000
vt 0.20833 0.00000
vt 0.29167 0.00000
vt 0.37500 0.00000
vt 0.45833 0.00000
vt 0.54167 0.00000
vt 0.62500 0.00000
vt 0.70833 0.00000
vt 0.79167 0.00000
vt 0.87500 0.00000
vt 0.95833 0.00000
vt 1.04167 0.00000
vt 0.00000 0.12500
vt 0.08333 0.12500
vt 0.16667 0.12500
vt 0.25000 0.12500
vt 0.33333 0.12500
vt 0.41667 0.12500
vt 0.50000 0.12500
vt 0.58333 0.12500
vt 0.66667 0.12500
vt 0.75000 0.12500
vt 0.83333 0.12500
vt 0.91667 0.12500
vt 1.00000 0.12500
vt 0.00000 0.25000
vt 0.08333 0.25000
vt 0.16667 0.25000
vt 0.25000 0.25000
vt 0.33333 0.25000
vt 0.41667 0.25000
vt 0.50000 0.25000
vt 0.58333 0.25000
vt 0.66667 0.25000
vt 0.75000 0.25000
vt 0.83333 0.25000
vt 0.91667 0.25000
vt 1.00000 0.25000
vt 0.00000 0.37500
vt 0.08333 0.37500
vt 0.16667 0.37500
vt 0.25000 0.37500
vt 0.33333 0.37500
vt 0.41667 0.37500
vt 0.50000 0.37500
vt 0.58333 0.37500
vt 0.66667 0.37500
vt 0.75000 0.37500
vt 0.83333 0.37500
vt 0.91667 0.37500
vt 1.00000 0.37500
vt 0.00000 0.50000
vt 0.08333 0.50000
vt 0.16667 0.50000
vt 0.25000 0.50000
vt 0.33333 0.50000
vt 0.41667 0.50000
vt 0.50000 0.50000
vt 0.58333 0.50000
vt 0.66667 0.50000
vt 0.75000 0.50000
vt 0.83333 0.50000
vt 0.91667 0.50000
vt 1.00000 0.50000
vt 0.00000 0.62500
vt 0.08333 0.62500
vt 0.16667 0.62500
vt 0.25000 0.62500
vt 0.33333 0.62500
vt 0.41667 0.62500
vt 0.50000 0.62500
vt 0.58333 0.62500
vt 0.66667 0.62500
vt 0.75000 0.62500
vt 0.83333 0.62500
vt 0.91667 0.62500
vt 1.00000 0.62500
vt 0.00000 0.75000
vt 0.08333 0.75000
vt 0.16667 0.75000
vt 0.25000 0.75000
vt 0.33333 0.75000
vt 0.41667 0.75000
vt 0.50000 0.75000
vt 0.58333 0.75000
vt 0.66667 0.75000
vt 0.75000 0.75000
vt 0.83333 0.75000
vt 0.91667 0.75000
vt 1.00000 0.75000
vt 0.00000 0.87500
vt 0.08333 0.87500
vt 0.16667 0.87500
vt 0.25000 0.87500
vt 0.33333 0.87500
vt 0.41667 0.87500
vt 0.50000 0.87500
vt 0.58333 0.87500
vt 0.66667 0.87500
vt 0.75000 0.87500
vt 0.83333 0.87500
vt 0.91667 0.87500
vt 1.00000 0.87500
vt -0.04167 1.00000
vt 0.04167 1.00000
vt 0.12500 1.00000
vt 0.20833 1.00000
vt 0.29167 1.00000
vt 0.37500 1.00000
vt 0.45833 1.00000
vt 0.54167 1.00000
vt 0.62500 1.00000
vt 0.70833 1.00000
vt 0.79167 1.00000
vt 0.87500 1.00000
vt 0.95833 1.00000
f 1682/1682 1695/1695 1696/1696
f 1683/1683 1696/1696 1697/1697
f 1684/1684 1697/1697 1698/1698
f 1685/1685 1698/1698 1699/1699
f 1686/1686 1699/1699 1700/1700
f 1687/1687 1700/1700 1701/1701
f 1688/1688 1701/1701 1702/1702
f 1689/1689 1702/1702 1703/1703
f 1690/1690 1703/1703 1704/1704
f 1691/1691 1704/1704 1705/1705
f 1692/1692 1705/1705 1706/1706
f 1693/1693 1706/1706 1707/1707
f 1696/1696 1695/1695 1709/1709
f 1695/1695 1708/1708 1709/1709
f 1697/1697 1696/1696 1710/1710
f 1696/1696 1709/1709 1710/1710
f 1698/1698 1697/1697 1711/1711
f 1697/1697 1710/1710 1711/1711
f 1699/1699 1698/1698 1712/1712
f 1698/1698 1711/1711 1712/1712
f 1700/1700 1699/1699 1713/1713
f 1699/1699 1712/1712 1713/1713
f 1701/1701 1700/1700 1714/1714
f 1700/1700 1713/1713 1714/1714
f 1702/1702 1701/1701 1715/1715
f 1701/1701 1714/1714 1715/1715
f 1703/1703 1702/1702 1716/1716
f 1702/1702 1715/1715 1716/1716
f 1704/1704 1703/1703 1717/1717
f 1703/1703 1716/1716 1717/1717
f 1705/1705 1704/1704 1718/1718
f 1704/1704 1717/1717 1718/1718
f 1706/1706 1705/1705 1719/1719
f 1705/1705 1718/1718 1719/1719
f 1707/1707 1706/1706 1720/1720
f 1706/1706 1719/1719 1720/1720
f 1709/1709 1708/1708 1722/1722
f 1708/1708 1721/1721 1722/1722
f 1710/1710 1709/1709 1723/1723
f 1709/1709 1722/1722 1723/1723
f 1711/1711 1710/1710 1724/1724
f 1710/1710 1723/1723 1724/1724
f 1712/1712 1711/1711 1725/1725
f 1711/1711 1724/1724 1725/1725
f 1713/1713 1712/1712 1726/1726
f 1712/1712 1725/1725 1726/1726
f 1714/1714 1713/1713 1727/1727
f 1713/1713 1726/1726 1727/1727
f 1715/1715 1714/1714 1728/1728
f 1714/1714 1727/1727 1728/1728
f 1716/1716 1715/1715 1729/1729
f 1715/1715 1728/1728 1729/1729
f 1717/1717 1716/1716 1730/1730
f 1716/1716 1729/1729 1730/1730
f 1718/1718 1717/1717 1731/1731
f 1717/1717 1730/1730 1731/1731
f 1719/1719 1718/1718 1732/1732
f 1718/1718 1731/1731 1732/1732
f 1720/1720 1719/1719 1733/1733
f 1719/1719 1732/1732 1733/1733
f 1722/1722 1721/1721 1735/1735
f 1721/1721 1734/1734 1735/1735
f 1723/1723 1722/1722 1736/1736
f 1722/1722 1735/1735 1736/1736
f 1724/1724 1723/1723 1737/1737
f 1723/1723 1736/1736 1737/1737
f 1725/1725 1724/1724 1738/1738
f 1724/1724 1737/1737 1738/1738
f 1726/1726 1725/1725 1739/1739
f 1725/1725 1738/1738 1739/1739
f 1727/1727 1726/1726 1740/1740
f 1726/1726 1739/1739 1740/1740
f 1728/1728 1727/1727 1741/1741
f 1727/1727 1740/1740 1741/1741
f 1729/1729 1728/1728 1742/1742
f 1728/1728 1741/1741 1742/1742
f 1730/1730 1729/1729 1743/1743
f 1729/1729 1742/1742 1743/1743
f 1731/1731 1730/1730 1744/1744
f 1730/1730 1743/1743 1744/1744
f 1732/1732 1731/1731 1745/1745
f 1731/1731 1744/1744 1745/1745
f 1733/1733 1732/1732 1746/1746
f 1732/1732 1745/1745 1746/1746
f 1735/1735 1734/1734 1748/1748
f 1734/1734 1747/1747 1748/1748
f 1736/1736 1735/1735 1749/1749
f 1735/1735 1748/1748 1749/1749
f 1737/1737 1736/1736 1750/1750
f 1736/1736 1749/1749 1750/1750
f 1738/1738 1737/1737 1751/1751
f 1737/1737 1750/1750 1751/1751
f 1739/1739 1738/1738 1752/1752
f 1738/1738 1751/1751 1752/1752
f 1740/1740 1739/1739 1753/1753
f 1739/1739 1752/1752 1753/1753
f 1741/1741 1740/1740 1754/1754
f 1740/1740 1753/1753 1754/1754
f 1742/1742 1741/1741 1755/1755
f 1741/1741 1754/1754 1755/1755
f 1743/1743 1742/1742 1756/1756
f 1742/1742 1755/1755 1756/1756
f 1744/1744 1743/1743 1757/1757
f 1743/1743 1756/1756 1757/1757
f 1745/1745 1744/1744 1758/1758
f 1744/1744 1757/1757 1758/1758
f 1746/1746 1745/1745 1759/1759
f 1745/1745 1758/1758 1759/1759
f 1748/1748 1747/1747 1761/1761
f 1747/1747 1760/1760 1761/1761
f 1749/1749 1748/1748 1762/1762
f 1748/1748 1761/1761 1762/1762
f 1750/1750 1749/1749 1763/1763
f 1749/1749 1762/1762 1763/1763
f 1751/1751 1750/1750 1764/1764
f 1750/1750 1763/1763 1764/1764
f 1752/1752 1751/1751 1765/1765
f 1751/1751 1764/1764 1765/1765
f 1753/1753 1752/1752 1766/1766
f 1752/1752 1765/1765 1766/1766
f 1754/1754 1753/1753 1767/1767
f 1753/1753 1766/1766 1767/1767
f 1755/1755 1754/1754 1768/1768
f 1754/1754 1767/1767 1768/1768
f 1756/1756 1755/1755 1769/1769
f 1755/1755 1768/1768 1769/1769
f 1757/1757 1756/1756 1770/1770
f 1756/1756 1769/1769 1770/1770
f 1758/1758 1757/1757 1771/1771
f 1757/1757 1770/1770 1771/1771
f 1759/1759 1758/1758 1772/1772
f 1758/1758 1771/1771 1772/1772
f 1761/1761 1760/1760 1774/1774
f 1760/1760 1773/1773 1774/1774
f 1762/1762 1761/1761 1775/1775
f 1761/1761 1774/1774 1775/1775
f 1763/1763 1762/1762 1776/1776
f 1762/1762 1775/1775 1776/1776
f 1764/1764 1763/1763 1777/1777
f 1763/1763 1776/1776 1777/1777
f 1765/1765 1764/1764 1778/1778
f 1764/1764 1777/1777 1778/1778
f 1766/1766 1765/1765 1779/1779
f 1765/1765 1778/1778 1779/1779
f 1767/1767 1766/1766 1780/1780
f 1766/1766 1779/1779 1780/1780
f 1768/1768 1767/1767 1781/1781
f 1767/1767 1780/1780 1781/1781
f 1769/1769 1768/1768 1782/1782
f 1768/1768 1781/1781 1782/1782
f 1770/1770 1769/1769 1783/1783
f 1769/1769 1782/1782 1783/1783
f 1771/1771 1770/1770 1784/1784
f 1770/1770 1783/1783 1784/1784
f 1772/1772 1771/1771 1785/1785
f 1771/1771 1784/1784 1785/1785
f 1774/1774 1773/1773 1787/1787
f 1775/1775 1774/1774 1788/1788
f 1776/1776 1775/1775 1789/1789
f 1777/1777 1776/1776 1790/1790
f 1778/1778 1777/1777 1791/1791
f 1779/1779 1778/1778 1792/1792
f 1780/1780 1779/1779 1793/1793
f 1781/1781 1780/1780 1794/1794
f 1782/1782 1781/1781 1795/1795
f 1783/1783 1782/1782 1796/1796
f 1784/1784 1783/1783 1797/1797
f 1785/1785 1784/1784 1798/1798
usemtl door_wood
v -0.58325 2.18000 2.11500
v -0.58325 2.18000 2.06500
v -0.58325 0.18000 2.11500
v -0.58325 0.18000 2.06500
v -0.84175 2.18000 2.06500
v -0.84175 2.18000 2.11500
v -0.84175 0.18000 2.06500
v -0.84175 0.18000 2.11500
v -0.84175 2.18000 2.06500
v -0.58325 2.18000 2.06500
v -0.84175 2.18000 2.11500
v -0.58325 2.18000 2.11500
v -0.84175 0.18000 2.11500
v -0.58325 0.18000 2.11500
v -0.84175 0.18000 2.06500
v -0.58325 0.18000 2.06500
v -0.84175 2.18000 2.11500
v -0.58325 2.18000 2.11500
v -0.84175 0.18000 2.11500
v -0.58325 0.18000 2.11500
v -0.58325 2.18000 2.06500
v -0.84175 2.18000 2.06500
v -0.58325 0.18000 2.06500
v -0.84175 0.18000 2.06500
vt 0.00000 0.00000
vt 1.00000 0.00000
vt 0.00000 1.00000
vt 1.00000 1.00000
vt 0.00000 0.00000
vt 1.00000 0.00000
vt 0.00000 1.00000
vt 1.00000 1.00000
vt 0.00000 0.00000
vt 1.00000 0.00000
vt 0.00000 1.00000
vt 1.00000 1.00000
vt 0.00000 0.00000
vt 1.00000 0.00000
vt 0.00000 1.00000
vt 1.00000 1.00000
vt 0.00000 0.00000
vt 1.00000 0.00000
vt 0.00000 1.00000
vt 1.00000 1.00000
vt 0.00000 0.00000
vt 1.00000 0.00000
vt 0.00000 1.00000
vt 1.00000 1.00000
f 1799/1799 1801/1801 1800/1800
f 1801/1801 1802/1802 1800/1800
f 1803/1803 1805/1805 1804/1804
f 1805/1805 1806/1806 1804/1804
f 1807/1807 1809/1809 1808/1808
f 1809/1809 1810/1810 1808/1808
f 1811/1811 1813/1813 1812/1812
f 1813/1813 1814/1814 1812/1812
f 1815/1815 1817/1817 1816/1816
f 1817/1817 1818/1818 1816/1816
f 1819/1819 1821/1821 1820/1820
f 1821/1821 1822/1822 1820/1820
v -0.30825 2.18000 2.11500
v -0.30825 2.18000 2.06500
v -0.30825 0.18000 2.11500
v -0.30825 0.18000 2.06500
v -0.56675 2.18000 2.06500
v -0.56675 2.18000 2.11500
v -0.56675 0.18000 2.06500
v -0.56675 0.18000 2.11500
v -0.56675 2.18000 2.06500
v -0.30825 2.18000 2.06500
v -0.56675 2.18000 2.11500
v -0.30825 2.18000 2.11500
v -0.56675 0.18000 2.11500
v -0.30825 0.18000 2.11500
v -0.56675 0.18000 2.06500
v -0.30825 0.18000 2.06500
v -0.56675 2.18000 2.11500
v -0.30825 2.18000 2.11500
v -0.56675 0.18000 2.11500
v -0.30825 0.18000 2.11500
v -0.30825 2.18000 2.06500
v -0.56675 2.18000 2.06500
v -0.30825 0.18000 2.06500
v -0.56675 0.18000 2.06500
vt 0.00000 0.00000
vt 1.00000 0.00000
vt 0.00000 1.00000
vt 1.00000 1.00000
vt 0.00000 0.00000
vt 1.00000 0.00000
vt 0.00000 1.00000
vt 1.00000 1.00000
vt 0.00000 0.00000
vt 1.00000 0.00000
vt 0.00000 1.00000
vt 1.00000 1.00000
vt 0.00000 0.00000
vt 1.00000 0.00000
vt 0.00000 1.00000
vt 1.00000 1.00000
vt 0.00000 0.00000
vt 1.00000 0.00000
vt 0.00000 1.00000
vt 1.00000 1.00000
vt 0.00000 0.00000
vt 1.00000 0.00000
vt 0.00000 1.00000
vt 1.00000 1.00000
f 1823/1823 1825/1825 1824/1824
f 1825/1825 1826/1826 1824/1824
f 1827/1827 1829/1829 1828/1828
f 1829/1829 1830/1830 1828/1828
f 1831/1831 1833/1833 1832/1832
f 1833/1833 1834/1834 1832/1832
f 1835/1835 1837/1837 1836/1836
f 1837/1837 1838/1838 1836/1836
f 1839/1839 1841/1841 1840/1840
f 1841/1841 1842/1842 1840/1840
f 1843/1843 1845/1845 1844/1844
f 1845/1845 1846/1846 1844/1844
v -0.03325 2.18000 2.11500
v -0.03325 2.18000 2.06500
v -0.03325 0.18000 2.11500
v -0.03325 0.18000 2.06500
v -0.29175 2.18000 2.06500
v -0.29175 2.18000 2.11500
v -0.29175 0.18000 2.06500
v -0.29175 0.18000 2.11500
v -0.29175 2.18000 2.06500
v -0.03325 2.18000 2.06500
v -0.29175 2.18000 2.11500
v -0.03325 2.18000 2.11500
v -0.29175 0.18000 2.11500
v -0.03325 0.18000 2.11500
v -0.29175 0.18000 2.06500
v -0.03325 0.18000 2.06500
v -0.29175 2.18000 2.11500
v -0.03325 2.18000 2.11500
v -0.29175 0.18000 2.11500
v -0.03325 0.18000 2.11500
v -0.03325 2.18000 2.06500
v -0.29175 2.18000 2.06500
v -0.03325 0.18000 2.06500
v -0.29175 0.18000 2.06500
vt 0.00000 0.00000
vt 1.00000 0.00000
vt 0.00000 1.00000
vt 1.00000 1.00000
vt 0.00000 0.00000
vt 1.00000 0.00000
vt 0.00000 1.00000
vt 1.00000 1.00000
vt 0.00000 0.00000
vt 1.00000 0.00000
vt 0.00000 1.00000
vt 1.00000 1.00000
vt 0.00000 0.00000
vt 1.00000 0.00000
vt 0.00000 1.00000
vt 1.00000 1.00000
vt 0.00000 0.00000
vt 1.00000 0.00000
vt 0.00000 1.00000
vt 1.00000 1.00000
vt 0.00000 0.00000
vt 1.00000 0.00000
vt 0.00000 1.00000
vt 1.00000 1.00000
f 1847/1847 1849/1849 1848/1848
f 1849/1849 1850/1850 1848/1848
f 1851/1851 1853/1853 1852/1852
f 1853/1853 1854/1854 1852/1852
f 1855/1855 1857/1857 1856/1856
f 1857/1857 1858/1858 1856/1856
f 1859/1859 1861/1861 1860/1860
f 1861/1861 1862/1862 1860/1860
f 1863/1863 1865/1865 1864/1864
f 1865/1865 1866/1866 1864/1864
f 1867/1867 1869/1869 1868/1868
f 1869/1869 1870/1870 1868/1868
v 0.29175 2.18000 2.11500
v 0.29175 2.18000 2.06500
v 0.29175 0.18000 2.11500
v 0.29175 0.18000 2.06500
v 0.03325 2.18000 2.06500
v 0.03325 2.18000 2.11500
v 0.03325 0.18000 2.06500
v 0.03325 0.18000 2.11500
v 0.03325 2.18000 2.06500
v 0.29175 2.18000 2.06500
v 0.03325 2.18000 2.11500
v 0.29175 2.18000 2.11500
v 0.03325 0.18000 2.11500
v 0.29175 0.18000 2.11500
v 0.03325 0.18000 2.06500
v 0.29175 0.18000 2.06500
v 0.03325 2.18000 2.11500
v 0.29175 2.18000 2.11500
v 0.03325 0.18000 2.11500
v 0.29175 0.18000 2.11500
v 0.29175 2.18000 2.06500
v 0.03325 2.18000 2.06500
v 0.29175 0.18000 2.06500
v 0.03325 0.18000 2.06500
vt 0.00000 0.00000
vt 1.00000 0.00000
vt 0.00000 1.00000
vt 1.00000 1.00000
vt 0.00000 0.00000
vt 1.00000 0.00000
vt 0.00000 1.00000
vt 1.00000 1.00000
vt 0.00000 0.00000
vt 1.00000 0.00000
vt 0.00000 1.00000
vt 1.00000 1.00000
vt 0.00000 0.00000
vt 1.00000 0.00000
vt 0.00000 1.00000
vt 1.00000 1.00000
vt 0.00000 0.00000
vt 1.00000 0.00000
vt 0.00000 1.00000
vt 1.00000 1.00000
vt 0.00000 0.00000
vt 1.00000 0.00000
vt 0.00000 1.00000
vt 1.00000 1.00000
f 1871/1871 1873/1873 1872/1872
f 1873/1873 1874/1874 1872/1872
f 1875/1875 1877/1877 1876/1876
f 1877/1877 1878/1878 1876/1876
f 1879/1879 1881/1881 1880/1880
f 1881/1881 1882/1882 1880/1880
f 1883/1883 1885/1885 1884/1884
f 1885/1885 1886/1886 1884/1884
f 1887/1887 1889/1889 1888/1888
f 1889/1889 1890/1890 1888/1888
f 1891/1891 1893/1893 1892/1892
f 1893/1893 1894/1894 1892/1892
v 0.56675 2.18000 2.11500
v 0.56675 2.18000 2.06500
v 0.56675 0.18000 2.11500
v 0.56675 0.18000 2.06500
v 0.30825 2.18000 2.06500
v 0.30825 2.18000 2.11500
v 0.30825 0.18000 2.06500
v 0.30825 0.18000 2.11500
v 0.30825 2.18000 2.06500
v 0.56675 2.18000 2.06500
v 0.30825 2.18000 2.11500
v 0.56675 2.18000 2.11500
v 0.30825 0.18000 2.11500
v 0.56675 0.18000 2.11500
v 0.30825 0.18000 2.06500
v 0.56675 0.18000 2.06500
v 0.30825 2.18000 2.11500
v 0.56675 2.18000 2.11500
v 0.30825 0.18000 2.11500
v 0.56675 0.18000 2.11500
v 0.56675 2.18000 2.06500
v 0.30825 2.18000 2.06500
v 0.56675 0.18000 2.06500
v 0.30825 0.18000 2.06500
vt 0.00000 0.00000
vt 1.00000 0.00000
vt 0.00000 1.00000
vt 1.00000 1.00000
vt 0.00000 0.00000
vt 1.00000 0.00000
vt 0.00000 1.00000
vt 1.00000 1.00000
vt 0.00000 0.00000
vt 1.00000 0.00000
vt 0.00000 1.00000
vt 1.00000 1.00000
vt 0.00000 0.00000
vt 1.00000 0.00000
vt 0.00000 1.00000
vt 1.00000 1.00000
vt 0.00000 0.00000
vt 1.00000 0.00000
vt 0.00000 1.00000
vt 1.00000 1.00000
vt 0.00000 0.00000
vt 1.00000 0.00000
vt 0.00000 1.00000
vt 1.00000 1.00000
f 1895/1895 1897/1897 1896/1896
f 1897/1897 1898/1898 1896/1896
f 1899/1899 1901/1901 1900/1900
f 1901/1901 1902/1902 1900/1900
f 1903/1903 1905/1905 1904/1904
f 1905/1905 1906/1906 1904/1904
f 1907/1907 1909/1909 1908/1908
f 1909/1909 1910/1910 1908/1908
f 1911/1911 1913/1913 1912/1912
f 1913/1913 1914/1914 1912/1912
f 1915/1915 1917/1917 1916/1916
f 1917/1917 1918/1918 1916/1916
v 0.84175 2.18000 2.11500
v 0.84175 2.18000 2.06500
v 0.84175 0.18000 2.11500
v 0.84175 0.18000 2.06500
v 0.58325 2.18000 2.06500
v 0.58325 2.18000 2.11500
v 0.58325 0.18000 2.06500
v 0.58325 0.18000 2.11500
v 0.58325 2.18000 2.06500
v 0.84175 2.18000 2.06500
v 0.58325 2.18000 2.11500
v 0.84175 2.18000 2.11500
v 0.58325 0.18000 2.11500
v 0.84175 0.18000 2.11500
v 0.58325 0.18000 2.06500
v 0.84175 0.18000 2.06500
v 0.58325 2.18000 2.11500
v 0.84175 2.18000 2.11500
v 0.58325 0.18000 2.11500
v 0.84175 0.18000 2.11500
v 0.84175 2.18000 2.06500
v 0.58325 2.18000 2.06500
v 0.84175 0.18000 2.06500
v 0.58325 0.18000 2.06500
vt 0.00000 0.00000
vt 1.00000 0.00000
vt 0.00000 1.00000
vt 1.00000 1.00000
vt 0.00000 0.00000
vt 1.00000 0.00000
vt 0.00000 1.00000
vt 1.00000 1.00000
vt 0.00000 0.00000
vt 1.00000 0.00000
vt 0.00000 1.00000
vt 1.00000 1.00000
vt 0.00000 0.00000
vt 1.00000 0.00000
vt 0.00000 1.00000
vt 1.00000 1.00000
vt 0.00000 0.00000
vt 1.00000 0.00000
vt 0.00000 1.00000
vt 1.00000 1.00000
vt 0.00000 0.00000
vt 1.00000 0.00000
vt 0.00000 1.00000
vt 1.00000 1.00000
f 1919/1919 1921/1921 1920/1920
f 1921/1921 1922/1922 1920/1920
f 1923/1923 1925/1925 1924/1924
f 1925/1925 1926/1926 1924/1924
f 1927/1927 1929/1929 1928/1928
f 1929/1929 1930/1930 1928/1928
f 1931/1931 1933/1933 1932/1932
f 1933/1933 1934/1934 1932/1932
f 1935/1935 1937/1937 1936/1936
f 1937/1937 1938/1938 1936/1936
f 1939/1939 1941/1941 1940/1940
f 1941/1941 1942/1942 1940/1940
usemtl door_brace_wood
v -0.05800 1.20500 2.12500
v -0.05800 1.20500 2.05500
v -0.05800 1.15500 2.12500
v -0.05800 1.15500 2.05500
v -0.81700 1.20500 2.05500
v -0.81700 1.20500 2.12500
v -0.81700 1.15500 2.05500
v -0.81700 1.15500 2.12500
v -0.81700 1.20500 2.05500
v -0.05800 1.20500 2.05500
v -0.81700 1.20500 2.12500
v -0.05800 1.20500 2.12500
v -0.81700 1.15500 2.12500
v -0.05800 1.15500 2.12500
v -0.81700 1.15500 2.05500
v -0.05800 1.15500 2.05500
v -0.81700 1.20500 2.12500
v -0.05800 1.20500 2.12500
v -0.81700 1.15500 2.12500
v -0.05800 1.15500 2.12500
v -0.05800 1.20500 2.05500
v -0.81700 1.20500 2.05500
v -0.05800 1.15500 2.05500
v -0.81700 1.15500 2.05500
vt 0.00000 0.00000
vt 1.00000 0.00000
vt 0.00000 1.00000
vt 1.00000 1.00000
vt 0.00000 0.00000
vt 1.00000 0.00000
vt 0.00000 1.00000
vt 1.00000 1.00000
vt 0.00000 0.00000
vt 1.00000 0.00000
vt 0.00000 1.00000
vt 1.00000 1.00000
vt 0.00000 0.00000
vt 1.00000 0.00000
vt 0.00000 1.00000
vt 1.00000 1.00000
vt 0.00000 0.00000
vt 1.00000 0.00000
vt 0.00000 1.00000
vt 1.00000 1.00000
vt 0.00000 0.00000
vt 1.00000 0.00000
vt 0.00000 1.00000
vt 1.00000 1.00000
f 1943/1943 1945/1945 1944/1944
f 1945/1945 1946/1946 1944/1944
f 1947/1947 1949/1949 1948/1948
f 1949/1949 1950/1950 1948/1948
f 1951/1951 1953/1953 1952/1952
f 1953/1953 1954/1954 1952/1952
f 1955/1955 1957/1957 1956/1956
f 1957/1957 1958/1958 1956/1956
f 1959/1959 1961/1961 1960/1960
f 1961/1961 1962/1962 1960/1960
f 1963/1963 1965/1965 1964/1964
f 1965/1965 1966/1966 1964/1964
v -0.46033 1.18982 2.12500
v -0.46033 1.18982 2.05500
v -0.79033 1.92982 2.12500
v -0.79033 1.92982 2.05500
v -0.41467 1.21018 2.05500
v -0.41467 1.21018 2.12500
v -0.74467 1.95018 2.05500
v -0.74467 1.95018 2.12500
v -0.41467 1.21018 2.05500
v -0.46033 1.18982 2.05500
v -0.41467 1.21018 2.12500
v -0.46033 1.18982 2.12500
v -0.74467 1.95018 2.12500
v -0.79033 1.92982 2.12500
v -0.74467 1.95018 2.05500
v -0.79033 1.92982 2.05500
v -0.41467 1.21018 2.12500
v -0.46033 1.18982 2.12500
v -0.74467 1.95018 2.12500
v -0.79033 1.92982 2.12500
v -0.46033 1.18982 2.05500
v -0.41467 1.21018 2.05500
v -0.79033 1.92982 2.05500
v -0.74467 1.95018 2.05500
vt 0.00000 0.00000
vt 1.00000 0.00000
vt 0.00000 1.00000
vt 1.00000 1.00000
vt 0.00000 0.00000
vt 1.00000 0.00000
vt 0.00000 1.00000
vt 1.00000 1.00000
vt 0.00000 0.00000
vt 1.00000 0.00000
vt 0.00000 1.00000
vt 1.00000 1.00000
vt 0.00000 0.00000
vt 1.00000 0.00000
vt 0.00000 1.00000
vt 1.00000 1.00000
vt 0.00000 0.00000
vt 1.00000 0.00000
vt 0.00000 1.00000
vt 1.00000 1.00000
vt 0.00000 0.00000
vt 1.00000 0.00000
vt 0.00000 1.00000
vt 1.00000 1.00000
f 1967/1967 1969/1969 1968/1968
f 1969/1969 1970/1970 1968/1968
f 1971/1971 1973/1973 1972/1972
f 1973/1973 1974/1974 1972/1972
f 1975/1975 1977/1977 1976/1976
f 1977/1977 1978/1978 1976/1976
f 1979/1979 1981/1981 1980/1980
f 1981/1981 1982/1982 1980/1980
f 1983/1983 1985/1985 1984/1984
f 1985/1985 1986/1986 1984/1984
f 1987/1987 1989/1989 1988/1988
f 1989/1989 1990/1990 1988/1988
v -0.41467 1.17018 2.12500
v -0.41467 1.17018 2.05500
v -0.08467 0.43018 2.12500
v -0.08467 0.43018 2.05500
v -0.46033 1.14982 2.05500
v -0.46033 1.14982 2.12500
v -0.13033 0.40982 2.05500
v -0.13033 0.40982 2.12500
v -0.46033 1.14982 2.05500
v -0.41467 1.17018 2.05500
v -0.46033 1.14982 2.12500
v -0.41467 1.17018 2.12500
v -0.13033 0.40982 2.12500
v -0.08467 0.43018 2.12500
v -0.13033 0.40982 2.05500
v -0.08467 0.43018 2.05500
v -0.46033 1.14982 2.12500
v -0.41467 1.17018 2.12500
v -0.13033 0.40982 2.12500
v -0.08467 0.43018 2.12500
v -0.41467 1.17018 2.05500
v -0.46033 1.14982 2.05500
v -0.08467 0.43018 2.05500
v -0.13033 0.40982 2.05500
vt 0.00000 0.00000
vt 1.00000 0.00000
vt 0.00000 1.00000
vt 1.00000 1.00000
vt 0.00000 0.00000
vt 1.00000 0.00000
vt 0.00000 1.00000
vt 1.00000 1.00000
vt 0.00000 0.00000
vt 1.00000 0.00000
vt 0.00000 1.00000
vt 1.00000 1.00000
vt 0.00000 0.00000
vt 1.00000 0.00000
vt 0.00000 1.00000
vt 1.00000 1.00000
vt 0.00000 0.00000
vt 1.00000 0.00000
vt 0.00000 1.00000
vt 1.00000 1.00000
vt 0.00000 0.00000
vt 1.00000 0.00000
vt 0.00000 1.00000
vt 1.00000 1.00000
f 1991/1991 1993/1993 1992/1992
f 1993/1993 1994/1994 1992/1992
f 1995/1995 1997/1997 1996/1996
f 1997/1997 1998/1998 1996/1996
f 1999/1999 2001/2001 2000/2000
f 2001/2001 2002/2002 2000/2000
f 2003/2003 2005/2005 2004/2004
f 2005/2005 2006/2006 2004/2004
f 2007/2007 2009/2009 2008/2008
f 2009/2009 2010/2010 2008/2008
f 2011/2011 2013/2013 2012/2012
f 2013/2013 2014/2014 2012/2012
v 0.81700 1.20500 2.12500
v 0.81700 1.20500 2.05500
v 0.81700 1.15500 2.12500
v 0.81700 1.15500 2.05500
v 0.05800 1.20500 2.05500
v 0.05800 1.20500 2.12500
v 0.05800 1.15500 2.05500
v 0.05800 1.15500 2.12500
v 0.05800 1.20500 2.05500
v 0.81700 1.20500 2.05500
v 0.05800 1.20500 2.12500
v 0.81700 1.20500 2.12500
v 0.05800 1.15500 2.12500
v 0.81700 1.15500 2.12500
v 0.05800 1.15500 2.05500
v 0.81700 1.15500 2.05500
v 0.05800 1.20500 2.12500
v 0.81700 1.20500 2.12500
v 0.05800 1.15500 2.12500
v 0.81700 1.15500 2.12500
v 0.81700 1.20500 2.05500
v 0.05800 1.20500 2.05500
v 0.81700 1.15500 2.05500
v 0.05800 1.15500 2.05500
vt 0.00000 0.00000
vt 1.00000 0.00000
vt 0.00000 1.00000
vt 1.00000 1.00000
vt 0.00000 0.00000
vt 1.00000 0.00000
vt 0.00000 1.00000
vt 1.00000 1.00000
vt 0.00000 0.00000
vt 1.00000 0.00000
vt 0.00000 1.00000
vt 1.00000 1.00000
vt 0.00000 0.00000
vt 1.00000 0.00000
vt 0.00000 1.00000
vt 1.00000 1.00000
vt 0.00000 0.00000
vt 1.00000 0.00000
vt 0.00000 1.00000
vt 1.00000 1.00000
vt 0.00000 0.00000
vt 1.00000 0.00000
vt 0.00000 1.00000
vt 1.00000 1.00000
f 2015/2015 2017/2017 2016/2016
f 2017/2017 2018/2018 2016/2016
f 2019/2019 2021/2021 2020/2020
f 2021/2021 2022/2022 2020/2020
f 2023/2023 2025/2025 2024/2024
f 2025/2025 2026/2026 2024/2024
f 2027/2027 2029/2029 2028/2028
f 2029/2029 2030/2030 2028/2028
f 2031/2031 2033/2033 2032/2032
f 2033/2033 2034/2034 2032/2032
f 2035/2035 2037/2037 2036/2036
f 2037/2037 2038/2038 2036/2036
v 0.41467 1.18982 2.12500
v 0.41467 1.18982 2.05500
v 0.08467 1.92982 2.12500
v 0.08467 1.92982 2.05500
v 0.46033 1.21018 2.05500
v 0.46033 1.21018 2.12500
v 0.13033 1.95018 2.05500
v 0.13033 1.95018 2.12500
v 0.46033 1.21018 2.05500
v 0.41467 1.18982 2.05500
v 0.46033 1.21018 2.12500
v 0.41467 1.18982 2.12500
v 0.13033 1.95018 2.12500
v 0.08467 1.92982 2.12500
v 0.13033 1.95018 2.05500
v 0.08467 1.92982 2.05500
v 0.46033 1.21018 2.12500
v 0.41467 1.18982 2.12500
v 0.13033 1.95018 2.12500
v 0.08467 1.92982 2.12500
v 0.41467 1.18982 2.05500
v 0.46033 1.21018 2.05500
v 0.08467 1.92982 2.05500
v 0.13033 1.95018 2.05500
vt 0.00000 0.00000
vt 1.00000 0.00000
vt 0.00000 1.00000
vt 1.00000 1.00000
vt 0.00000 0.00000
vt 1.00000 0.00000
vt 0.00000 1.00000
vt 1.00000 1.00000
vt 0.00000 0.00000
vt 1.00000 0.00000
vt 0.00000 1.00000
vt 1.00000 1.00000
vt 0.00000 0.00000
vt 1.00000 0.00000
vt 0.00000 1.00000
vt 1.00000 1.00000
vt 0.00000 0.00000
vt 1.00000 0.00000
vt 0.00000 1.00000
vt 1.00000 1.00000
vt 0.00000 0.00000
vt 1.00000 0.00000
vt 0.00000 1.00000
vt 1.00000 1.00000
f 2039/2039 2041/2041 2040/2040
f 2041/2041 2042/2042 2040/2040
f 2043/2043 2045/2045 2044/2044
f 2045/2045 2046/2046 2044/2044
f 2047/2047 2049/2049 2048/2048
f 2049/2049 2050/2050 2048/2048
f 2051/2051 2053/2053 2052/2052
f 2053/2053 2054/2054 2052/2052
f 2055/2055 2057/2057 2056/2056
f 2057/2057 2058/2058 2056/2056
f 2059/2059 2061/2061 2060/2060
f 2061/2061 2062/2062 2060/2060
v 0.46033 1.17018 2.12500
v 0.46033 1.17018 2.05500
v 0.79033 0.43018 2.12500
v 0.79033 0.43018 2.05500
v 0.41467 1.14982 2.05500
v 0.41467 1.14982 2.12500
v 0.74467 0.40982 2.05500
v 0.74467 0.40982 2.12500
v 0.41467 1.14982 2.05500
v 0.46033 1.17018 2.05500
v 0.41467 1.14982 2.12500
v 0.46033 1.17018 2.12500
v 0.74467 0.40982 2.12500
v 0.79033 0.43018 2.12500
v 0.74467 0.40982 2.05500
v 0.79033 0.43018 2.05500
v 0.41467 1.14982 2.12500
v 0.46033 1.17018 2.12500
v 0.74467 0.40982 2.12500
v 0.79033 0.43018 2.12500
v 0.46033 1.17018 2.05500
v 0.41467 1.14982 2.05500
v 0.79033 0.43018 2.05500
v 0.74467 0.40982 2.05500
vt 0.00000 0.00000
vt 1.00000 0.00000
vt 0.00000 1.00000
vt 1.00000 1.00000
vt 0.00000 0.00000
vt 1.00000 0.00000
vt 0.00000 1.00000
vt 1.00000 1.00000
vt 0.00000 0.00000
vt 1.00000 0.00000
vt 0.00000 1.00000
vt 1.00000 1.00000
vt 0.00000 0.00000
vt 1.00000 0.00000
vt 0.00000 1.00000
vt 1.00000 1.00000
vt 0.00000 0.00000
vt 1.00000 0.00000
vt 0.00000 1.00000
vt 1.00000 1.00000
vt 0.00000 0.00000
vt 1.00000 0.00000
vt 0.00000 1.00000
vt 1.00000 1.00000
f 2063/2063 2065/2065 2064/2064
f 2065/2065 2066/2066 2064/2064
f 2067/2067 2069/2069 2068/2068
f 2069/2069 2070/2070 2068/2068
f 2071/2071 2073/2073 2072/2072
f 2073/2073 2074/2074 2072/2072
f 2075/2075 2077/2077 2076/2076
f 2077/2077 2078/2078 2076/2076
f 2079/2079 2081/2081 2080/2080
f 2081/2081 2082/2082 2080/2080
f 2083/2083 2085/2085 2084/2084
f 2085/2085 2086/2086 2084/2084
usemtl asphalt_shingle
v 1.83392 2.37345 2.35000
v 1.83392 2.37345 -2.35000
v 1.80608 2.30922 2.35000
v 1.80608 2.30922 -2.35000
v 0.01392 3.16211 -2.35000
v 0.01392 3.16211 2.35000
v -0.01392 3.09789 -2.35000
v -0.01392 3.09789 2.35000
v 0.01392 3.16211 -2.35000
v 1.83392 2.37345 -2.35000
v 0.01392 3.16211 2.35000
v 1.83392 2.37345 2.35000
v -0.01392 3.09789 2.35000
v 1.80608 2.30922 2.35000
v -0.01392 3.09789 -2.35000
v 1.80608 2.30922 -2.35000
v 0.01392 3.16211 2.35000
v 1.83392 2.37345 2.35000
v -0.01392 3.09789 2.35000
v 1.80608 2.30922 2.35000
v 1.83392 2.37345 -2.35000
v 0.01392 3.16211 -2.35000
v 1.80608 2.30922 -2.35000
v -0.01392 3.09789 -2.35000
vt 0.00000 0.00000
vt 1.00000 0.00000
vt 0.00000 1.00000
vt 1.00000 1.00000
vt 0.00000 0.00000
vt 1.00000 0.00000
vt 0.00000 1.00000
vt 1.00000 1.00000
vt 0.00000 0.00000
vt 1.00000 0.00000
vt 0.00000 1.00000
vt 1.00000 1.00000
vt 0.00000 0.00000
vt 1.00000 0.00000
vt 0.00000 1.00000
vt 1.00000 1.00000
vt 0.00000 0.00000
vt 1.00000 0.00000
vt 0.00000 1.00000
vt 1.00000 1.00000
vt 0.00000 0.00000
vt 1.00000 0.00000
vt 0.00000 1.00000
vt 1.00000 1.00000
f 2087/2087 2089/2089 2088/2088
f 2089/2089 2090/2090 2088/2088
f 2091/2091 2093/2093 2092/2092
f 2093/2093 2094/2094 2092/2092
f 2095/2095 2097/2097 2096/2096
f 2097/2097 2098/2098 2096/2096
f 2099/2099 2101/2101 2100/2100
f 2101/2101 2102/2102 2100/2100
f 2103/2103 2105/2105 2104/2104
f 2105/2105 2106/2106 2104/2104
f 2107/2107 2109/2109 2108/2108
f 2109/2109 2110/2110 2108/2108
v -1.80608 2.30922 2.35000
v -1.80608 2.30922 -2.35000
v -1.83392 2.37345 2.35000
v -1.83392 2.37345 -2.35000
v 0.01392 3.09789 -2.35000
v 0.01392 3.09789 2.35000
v -0.01392 3.16211 -2.35000
v -0.01392 3.16211 2.35000
v 0.01392 3.09789 -2.35000
v -1.80608 2.30922 -2.35000
v 0.01392 3.09789 2.35000
v -1.80608 2.30922 2.35000
v -0.01392 3.16211 2.35000
v -1.83392 2.37345 2.35000
v -0.01392 3.16211 -2.35000
v -1.83392 2.37345 -2.35000
v 0.01392 3.09789 2.35000
v -1.80608 2.30922 2.35000
v -0.01392 3.16211 2.35000
v -1.83392 2.37345 2.35000
v -1.80608 2.30922 -2.35000
v 0.01392 3.09789 -2.35000
v -1.83392 2.37345 -2.35000
v -0.01392 3.16211 -2.35000
vt 0.00000 0.00000
vt 1.00000 0.00000
vt 0.00000 1.00000
vt 1.00000 1.00000
vt 0.00000 0.00000
vt 1.00000 0.00000
vt 0.00000 1.00000
vt 1.00000 1.00000
vt 0.00000 0.00000
vt 1.00000 0.00000
vt 0.00000 1.00000
vt 1.00000 1.00000
vt 0.00000 0.00000
vt 1.00000 0.00000
vt 0.00000 1.00000
vt 1.00000 1.00000
vt 0.00000 0.00000
vt 1.00000 0.00000
vt 0.00000 1.00000
vt 1.00000 1.00000
vt 0.00000 0.00000
vt 1.00000 0.00000
vt 0.00000 1.00000
vt 1.00000 1.00000
f 2111/2111 2113/2113 2112/2112
f 2113/2113 2114/2114 2112/2112
f 2115/2115 2117/2117 2116/2116
f 2117/2117 2118/2118 2116/2116
f 2119/2119 2121/2121 2120/2120
f 2121/2121 2122/2122 2120/2120
f 2123/2123 2125/2125 2124/2124
f 2125/2125 2126/2126 2124/2124
f 2127/2127 2129/2129 2128/2128
f 2129/2129 2130/2130 2128/2128
f 2131/2131 2133/2133 2132/2132
f 2133/2133 2134/2134 2132/2132
v 0.10000 3.21000 2.35000
v 0.10000 3.21000 -2.35000
v 0.10000 3.13000 2.35000
v 0.10000 3.13000 -2.35000
v -0.10000 3.21000 -2.35000
v -0.10000 3.21000 2.35000
v -0.10000 3.13000 -2.35000
v -0.10000 3.13000 2.35000
v -0.10000 3.21000 -2.35000
v 0.10000 3.21000 -2.35000
v -0.10000 3.21000 2.35000
v 0.10000 3.21000 2.35000
v -0.10000 3.13000 2.35000
v 0.10000 3.13000 2.35000
v -0.10000 3.13000 -2.35000
v 0.10000 3.13000 -2.35000
v -0.10000 3.21000 2.35000
v 0.10000 3.21000 2.35000
v -0.10000 3.13000 2.35000
v 0.10000 3.13000 2.35000
v 0.10000 3.21000 -2.35000
v -0.10000 3.21000 -2.35000
v 0.10000 3.13000 -2.35000
v -0.10000 3.13000 -2.35000
vt 0.00000 0.00000
vt 1.00000 0.00000
vt 0.00000 1.00000
vt 1.00000 1.00000
vt 0.00000 0.00000
vt 1.00000 0.00000
vt 0.00000 1.00000
vt 1.00000 1.00000
vt 0.00000 0.00000
vt 1.00000 0.00000
vt 0.00000 1.00000
vt 1.00000 1.00000
vt 0.00000 0.00000
vt 1.00000 0.00000
vt 0.00000 1.00000
vt 1.00000 1.00000
vt 0.00000 0.00000
vt 1.00000 0.00000
vt 0.00000 1.00000
vt 1.00000 1.00000
vt 0.00000 0.00000
vt 1.00000 0.00000
vt 0.00000 1.00000
vt 1.00000 1.00000
f 2135/2135 2137/2137 2136/2136
f 2137/2137 2138/2138 2136/2136
f 2139/2139 2141/2141 2140/2140
f 2141/2141 2142/2142 2140/2140
f 2143/2143 2145/2145 2144/2144
f 2145/2145 2146/2146 2144/2144
f 2147/2147 2149/2149 2148/2148
f 2149/2149 2150/2150 2148/2148
f 2151/2151 2153/2153 2152/2152
f 2153/2153 2154/2154 2152/2152
f 2155/2155 2157/2157 2156/2156
f 2157/2157 2158/2158 2156/2156
